lat,lon,elevation,time,speed,source
47.608921,19.147654,158.44,2025-10-20 12:47:21.056000+00:00,,20251020-001.gpx
47.6089273,19.1476481,158.43,2025-10-20 12:47:21.260000+00:00,,20251020-001.gpx
47.6089334,19.1476422,158.43,2025-10-20 12:47:21.460000+00:00,,20251020-001.gpx
47.6089395,19.1476362,158.42,2025-10-20 12:47:21.663000+00:00,,20251020-001.gpx
47.6089455,19.14763,158.41,2025-10-20 12:47:21.865000+00:00,,20251020-001.gpx
47.6089513,19.1476238,158.41,2025-10-20 12:47:22.066000+00:00,,20251020-001.gpx
47.6089572,19.1476172,158.41,2025-10-20 12:47:22.271000+00:00,,20251020-001.gpx
47.6089628,19.1476109,158.4,2025-10-20 12:47:22.472000+00:00,,20251020-001.gpx
47.6089681,19.1476047,158.4,2025-10-20 12:47:22.673000+00:00,,20251020-001.gpx
47.6089721,19.1475998,158.39,2025-10-20 12:47:22.854000+00:00,,20251020-001.gpx
47.6089755,19.1475955,158.38,2025-10-20 12:47:23.055000+00:00,,20251020-001.gpx
47.6089775,19.1475924,158.38,2025-10-20 12:47:23.279000+00:00,,20251020-001.gpx
47.6089783,19.1475909,158.38,2025-10-20 12:47:23.479000+00:00,,20251020-001.gpx
47.6089782,19.1475903,158.38,2025-10-20 12:47:23.680000+00:00,,20251020-001.gpx
47.6089775,19.1475905,158.38,2025-10-20 12:47:23.882000+00:00,,20251020-001.gpx
47.6089763,19.1475912,158.38,2025-10-20 12:47:24.084000+00:00,,20251020-001.gpx
47.6089747,19.1475924,158.38,2025-10-20 12:47:24.279000+00:00,,20251020-001.gpx
47.6089729,19.1475938,158.37,2025-10-20 12:47:24.485000+00:00,,20251020-001.gpx
47.6089708,19.1475954,158.38,2025-10-20 12:47:24.687000+00:00,,20251020-001.gpx
47.6089684,19.1475966,158.39,2025-10-20 12:47:24.888000+00:00,,20251020-001.gpx
47.6089658,19.1475969,158.39,2025-10-20 12:47:25.068000+00:00,,20251020-001.gpx
47.6089618,19.1475959,158.38,2025-10-20 12:47:25.294000+00:00,,20251020-001.gpx
47.6089575,19.1475935,158.37,2025-10-20 12:47:25.497000+00:00,,20251020-001.gpx
47.6089526,19.1475894,158.37,2025-10-20 12:47:25.699000+00:00,,20251020-001.gpx
47.6089472,19.1475838,158.38,2025-10-20 12:47:25.900000+00:00,,20251020-001.gpx
47.6089416,19.1475772,158.38,2025-10-20 12:47:26.101000+00:00,,20251020-001.gpx
47.6089359,19.1475698,158.39,2025-10-20 12:47:26.305000+00:00,,20251020-001.gpx
47.6089299,19.1475614,158.4,2025-10-20 12:47:26.508000+00:00,,20251020-001.gpx
47.6089244,19.147553,158.4,2025-10-20 12:47:26.688000+00:00,,20251020-001.gpx
47.6089176,19.1475422,158.4,2025-10-20 12:47:26.909000+00:00,,20251020-001.gpx
47.6089114,19.1475319,158.41,2025-10-20 12:47:27.110000+00:00,,20251020-001.gpx
47.6089055,19.1475219,158.42,2025-10-20 12:47:27.302000+00:00,,20251020-001.gpx
47.6088994,19.1475113,158.42,2025-10-20 12:47:27.503000+00:00,,20251020-001.gpx
47.6088929,19.1474995,158.43,2025-10-20 12:47:27.723000+00:00,,20251020-001.gpx
47.6088878,19.1474897,158.43,2025-10-20 12:47:27.904000+00:00,,20251020-001.gpx
47.6088823,19.1474788,158.43,2025-10-20 12:47:28.105000+00:00,,20251020-001.gpx
47.6088765,19.1474671,158.43,2025-10-20 12:47:28.315000+00:00,,20251020-001.gpx
47.6088729,19.1474595,158.43,2025-10-20 12:47:28.455000+00:00,,20251020-001.gpx
47.6088667,19.1474466,158.44,2025-10-20 12:47:28.696000+00:00,,20251020-001.gpx
47.6088622,19.147437,158.44,2025-10-20 12:47:28.875000+00:00,,20251020-001.gpx
47.6088565,19.1474249,158.43,2025-10-20 12:47:29.116000+00:00,,20251020-001.gpx
47.6088521,19.1474157,158.42,2025-10-20 12:47:29.299000+00:00,,20251020-001.gpx
47.6088478,19.1474069,158.43,2025-10-20 12:47:29.479000+00:00,,20251020-001.gpx
47.6088427,19.1473965,158.44,2025-10-20 12:47:29.702000+00:00,,20251020-001.gpx
47.6088386,19.1473883,158.45,2025-10-20 12:47:29.883000+00:00,,20251020-001.gpx
47.6088342,19.1473795,158.46,2025-10-20 12:47:30.083000+00:00,,20251020-001.gpx
47.6088291,19.1473697,158.46,2025-10-20 12:47:30.310000+00:00,,20251020-001.gpx
47.6088252,19.1473621,158.45,2025-10-20 12:47:30.491000+00:00,,20251020-001.gpx
47.6088209,19.1473538,158.46,2025-10-20 12:47:30.692000+00:00,,20251020-001.gpx
47.6088167,19.1473455,158.47,2025-10-20 12:47:30.894000+00:00,,20251020-001.gpx
47.608813,19.1473382,158.47,2025-10-20 12:47:31.076000+00:00,,20251020-001.gpx
47.6088083,19.1473287,158.48,2025-10-20 12:47:31.313000+00:00,,20251020-001.gpx
47.6088043,19.1473204,158.47,2025-10-20 12:47:31.515000+00:00,,20251020-001.gpx
47.6088003,19.1473123,158.46,2025-10-20 12:47:31.716000+00:00,,20251020-001.gpx
47.6087967,19.1473051,158.46,2025-10-20 12:47:31.896000+00:00,,20251020-001.gpx
47.6087922,19.1472962,158.46,2025-10-20 12:47:32.116000+00:00,,20251020-001.gpx
47.6087881,19.147288,158.46,2025-10-20 12:47:32.321000+00:00,,20251020-001.gpx
47.608784,19.1472799,158.46,2025-10-20 12:47:32.521000+00:00,,20251020-001.gpx
47.6087799,19.1472715,158.45,2025-10-20 12:47:32.725000+00:00,,20251020-001.gpx
47.6087758,19.1472633,158.45,2025-10-20 12:47:32.927000+00:00,,20251020-001.gpx
47.6087716,19.147255,158.44,2025-10-20 12:47:33.128000+00:00,,20251020-001.gpx
47.6087675,19.1472469,158.44,2025-10-20 12:47:33.331000+00:00,,20251020-001.gpx
47.6087633,19.1472388,158.44,2025-10-20 12:47:33.532000+00:00,,20251020-001.gpx
47.6087591,19.1472305,158.44,2025-10-20 12:47:33.733000+00:00,,20251020-001.gpx
47.6087548,19.1472224,158.44,2025-10-20 12:47:33.935000+00:00,,20251020-001.gpx
47.6087509,19.147215,158.43,2025-10-20 12:47:34.117000+00:00,,20251020-001.gpx
47.608746,19.1472061,158.41,2025-10-20 12:47:34.340000+00:00,,20251020-001.gpx
47.6087417,19.147198,158.4,2025-10-20 12:47:34.541000+00:00,,20251020-001.gpx
47.6087372,19.1471896,158.38,2025-10-20 12:47:34.746000+00:00,,20251020-001.gpx
47.6087332,19.1471819,158.38,2025-10-20 12:47:34.927000+00:00,,20251020-001.gpx
47.6087288,19.1471732,158.38,2025-10-20 12:47:35.131000+00:00,,20251020-001.gpx
47.6087243,19.147164,158.36,2025-10-20 12:47:35.345000+00:00,,20251020-001.gpx
47.6087206,19.1471564,158.36,2025-10-20 12:47:35.521000+00:00,,20251020-001.gpx
47.6087162,19.1471474,158.35,2025-10-20 12:47:35.726000+00:00,,20251020-001.gpx
47.6087118,19.1471379,158.35,2025-10-20 12:47:35.947000+00:00,,20251020-001.gpx
47.6087079,19.1471295,158.33,2025-10-20 12:47:36.148000+00:00,,20251020-001.gpx
47.6087038,19.1471206,158.31,2025-10-20 12:47:36.352000+00:00,,20251020-001.gpx
47.6086997,19.1471117,158.31,2025-10-20 12:47:36.552000+00:00,,20251020-001.gpx
47.6086956,19.1471027,158.31,2025-10-20 12:47:36.753000+00:00,,20251020-001.gpx
47.6086915,19.1470936,158.31,2025-10-20 12:47:36.955000+00:00,,20251020-001.gpx
47.6086874,19.1470848,158.3,2025-10-20 12:47:37.157000+00:00,,20251020-001.gpx
47.6086831,19.1470757,158.29,2025-10-20 12:47:37.357000+00:00,,20251020-001.gpx
47.6086788,19.1470666,158.29,2025-10-20 12:47:37.558000+00:00,,20251020-001.gpx
47.608675,19.1470583,158.29,2025-10-20 12:47:37.739000+00:00,,20251020-001.gpx
47.6086703,19.1470481,158.29,2025-10-20 12:47:37.960000+00:00,,20251020-001.gpx
47.6086661,19.1470387,158.29,2025-10-20 12:47:38.161000+00:00,,20251020-001.gpx
47.608662,19.1470294,158.29,2025-10-20 12:47:38.364000+00:00,,20251020-001.gpx
47.6086579,19.1470203,158.28,2025-10-20 12:47:38.565000+00:00,,20251020-001.gpx
47.6086538,19.1470112,158.28,2025-10-20 12:47:38.767000+00:00,,20251020-001.gpx
47.6086498,19.1470024,158.28,2025-10-20 12:47:38.969000+00:00,,20251020-001.gpx
47.6086455,19.1469934,158.29,2025-10-20 12:47:39.170000+00:00,,20251020-001.gpx
47.6086416,19.146985,158.28,2025-10-20 12:47:39.357000+00:00,,20251020-001.gpx
47.6086369,19.1469752,158.27,2025-10-20 12:47:39.581000+00:00,,20251020-001.gpx
47.6086329,19.1469667,158.27,2025-10-20 12:47:39.784000+00:00,,20251020-001.gpx
47.60863,19.1469607,158.27,2025-10-20 12:47:39.946000+00:00,,20251020-001.gpx
47.6086265,19.1469536,158.26,2025-10-20 12:47:40.169000+00:00,,20251020-001.gpx
47.6086241,19.1469483,158.26,2025-10-20 12:47:40.376000+00:00,,20251020-001.gpx
47.6086223,19.1469437,158.23,2025-10-20 12:47:40.599000+00:00,,20251020-001.gpx
47.6086219,19.1469407,158.21,2025-10-20 12:47:40.802000+00:00,,20251020-001.gpx
47.6086231,19.1469388,158.18,2025-10-20 12:47:41.004000+00:00,,20251020-001.gpx
47.6086262,19.1469382,158.14,2025-10-20 12:47:41.206000+00:00,,20251020-001.gpx
47.6086311,19.1469389,158.11,2025-10-20 12:47:41.410000+00:00,,20251020-001.gpx
47.6086369,19.1469408,158.09,2025-10-20 12:47:41.592000+00:00,,20251020-001.gpx
47.6086449,19.146944,158.07,2025-10-20 12:47:41.795000+00:00,,20251020-001.gpx
47.6086547,19.1469487,158.05,2025-10-20 12:47:42.019000+00:00,,20251020-001.gpx
47.6086645,19.1469537,158.04,2025-10-20 12:47:42.223000+00:00,,20251020-001.gpx
47.6086731,19.1469583,158.04,2025-10-20 12:47:42.393000+00:00,,20251020-001.gpx
47.6086849,19.1469646,158.03,2025-10-20 12:47:42.617000+00:00,,20251020-001.gpx
47.6086959,19.1469705,158.02,2025-10-20 12:47:42.820000+00:00,,20251020-001.gpx
47.6087067,19.1469764,158.02,2025-10-20 12:47:43.022000+00:00,,20251020-001.gpx
47.6087177,19.1469824,158.01,2025-10-20 12:47:43.223000+00:00,,20251020-001.gpx
47.6087287,19.1469886,158.01,2025-10-20 12:47:43.425000+00:00,,20251020-001.gpx
47.6087398,19.1469947,158.02,2025-10-20 12:47:43.629000+00:00,,20251020-001.gpx
47.6087507,19.1470004,158.01,2025-10-20 12:47:43.831000+00:00,,20251020-001.gpx
47.6087616,19.147006,158.0,2025-10-20 12:47:44.032000+00:00,,20251020-001.gpx
47.6087719,19.1470113,157.99,2025-10-20 12:47:44.236000+00:00,,20251020-001.gpx
47.6087812,19.1470159,157.99,2025-10-20 12:47:44.420000+00:00,,20251020-001.gpx
47.6087892,19.1470198,158.0,2025-10-20 12:47:44.581000+00:00,,20251020-001.gpx
47.6088006,19.1470252,158.0,2025-10-20 12:47:44.823000+00:00,,20251020-001.gpx
47.6088097,19.1470295,157.98,2025-10-20 12:47:45.026000+00:00,,20251020-001.gpx
47.6088184,19.1470335,157.97,2025-10-20 12:47:45.230000+00:00,,20251020-001.gpx
47.6088266,19.1470373,157.96,2025-10-20 12:47:45.434000+00:00,,20251020-001.gpx
47.6088346,19.1470408,157.93,2025-10-20 12:47:45.635000+00:00,,20251020-001.gpx
47.6088424,19.1470441,157.91,2025-10-20 12:47:45.837000+00:00,,20251020-001.gpx
47.6088498,19.147047,157.9,2025-10-20 12:47:46.038000+00:00,,20251020-001.gpx
47.6088571,19.1470497,157.89,2025-10-20 12:47:46.239000+00:00,,20251020-001.gpx
47.6088642,19.1470523,157.88,2025-10-20 12:47:46.441000+00:00,,20251020-001.gpx
47.6088704,19.1470548,157.88,2025-10-20 12:47:46.622000+00:00,,20251020-001.gpx
47.6088779,19.1470579,157.87,2025-10-20 12:47:46.845000+00:00,,20251020-001.gpx
47.6088845,19.1470608,157.87,2025-10-20 12:47:47.046000+00:00,,20251020-001.gpx
47.6088892,19.1470628,157.88,2025-10-20 12:47:47.190000+00:00,,20251020-001.gpx
47.6088969,19.1470664,157.88,2025-10-20 12:47:47.433000+00:00,,20251020-001.gpx
47.6089038,19.1470698,157.87,2025-10-20 12:47:47.655000+00:00,,20251020-001.gpx
47.60891,19.147073,157.88,2025-10-20 12:47:47.856000+00:00,,20251020-001.gpx
47.608916,19.1470763,157.88,2025-10-20 12:47:48.057000+00:00,,20251020-001.gpx
47.608922,19.1470798,157.88,2025-10-20 12:47:48.259000+00:00,,20251020-001.gpx
47.6089282,19.1470836,157.88,2025-10-20 12:47:48.459000+00:00,,20251020-001.gpx
47.6089343,19.1470875,157.87,2025-10-20 12:47:48.660000+00:00,,20251020-001.gpx
47.6089406,19.1470916,157.86,2025-10-20 12:47:48.860000+00:00,,20251020-001.gpx
47.6089455,19.147095,157.85,2025-10-20 12:47:49.020000+00:00,,20251020-001.gpx
47.6089529,19.1471004,157.85,2025-10-20 12:47:49.262000+00:00,,20251020-001.gpx
47.6089588,19.1471048,157.84,2025-10-20 12:47:49.466000+00:00,,20251020-001.gpx
47.608965,19.1471096,157.84,2025-10-20 12:47:49.667000+00:00,,20251020-001.gpx
47.6089711,19.1471145,157.83,2025-10-20 12:47:49.869000+00:00,,20251020-001.gpx
47.6089774,19.1471196,157.83,2025-10-20 12:47:50.070000+00:00,,20251020-001.gpx
47.6089838,19.1471248,157.82,2025-10-20 12:47:50.273000+00:00,,20251020-001.gpx
47.60899,19.1471301,157.81,2025-10-20 12:47:50.475000+00:00,,20251020-001.gpx
47.6089964,19.1471358,157.81,2025-10-20 12:47:50.676000+00:00,,20251020-001.gpx
47.6090027,19.1471416,157.8,2025-10-20 12:47:50.877000+00:00,,20251020-001.gpx
47.609009,19.1471476,157.8,2025-10-20 12:47:51.078000+00:00,,20251020-001.gpx
47.6090153,19.1471538,157.79,2025-10-20 12:47:51.283000+00:00,,20251020-001.gpx
47.6090212,19.1471598,157.8,2025-10-20 12:47:51.483000+00:00,,20251020-001.gpx
47.6090272,19.1471659,157.8,2025-10-20 12:47:51.686000+00:00,,20251020-001.gpx
47.6090334,19.1471723,157.8,2025-10-20 12:47:51.888000+00:00,,20251020-001.gpx
47.6090397,19.1471788,157.8,2025-10-20 12:47:52.090000+00:00,,20251020-001.gpx
47.6090454,19.1471847,157.8,2025-10-20 12:47:52.277000+00:00,,20251020-001.gpx
47.6090512,19.1471906,157.79,2025-10-20 12:47:52.463000+00:00,,20251020-001.gpx
47.609058,19.1471976,157.78,2025-10-20 12:47:52.683000+00:00,,20251020-001.gpx
47.6090637,19.1472035,157.78,2025-10-20 12:47:52.866000+00:00,,20251020-001.gpx
47.6090698,19.14721,157.78,2025-10-20 12:47:53.068000+00:00,,20251020-001.gpx
47.6090765,19.1472174,157.77,2025-10-20 12:47:53.294000+00:00,,20251020-001.gpx
47.6090811,19.1472228,157.76,2025-10-20 12:47:53.453000+00:00,,20251020-001.gpx
47.6090872,19.1472305,157.76,2025-10-20 12:47:53.674000+00:00,,20251020-001.gpx
47.6090932,19.1472384,157.76,2025-10-20 12:47:53.894000+00:00,,20251020-001.gpx
47.6090985,19.147246,157.76,2025-10-20 12:47:54.094000+00:00,,20251020-001.gpx
47.6091029,19.1472527,157.77,2025-10-20 12:47:54.269000+00:00,,20251020-001.gpx
47.6091082,19.1472613,157.78,2025-10-20 12:47:54.492000+00:00,,20251020-001.gpx
47.6091128,19.1472693,157.79,2025-10-20 12:47:54.693000+00:00,,20251020-001.gpx
47.6091173,19.1472776,157.8,2025-10-20 12:47:54.894000+00:00,,20251020-001.gpx
47.6091215,19.147286,157.81,2025-10-20 12:47:55.095000+00:00,,20251020-001.gpx
47.6091252,19.1472936,157.81,2025-10-20 12:47:55.282000+00:00,,20251020-001.gpx
47.6091288,19.1473015,157.82,2025-10-20 12:47:55.464000+00:00,,20251020-001.gpx
47.6091327,19.147311,157.83,2025-10-20 12:47:55.686000+00:00,,20251020-001.gpx
47.6091361,19.1473198,157.84,2025-10-20 12:47:55.888000+00:00,,20251020-001.gpx
47.6091393,19.1473289,157.84,2025-10-20 12:47:56.088000+00:00,,20251020-001.gpx
47.6091422,19.1473383,157.84,2025-10-20 12:47:56.290000+00:00,,20251020-001.gpx
47.6091448,19.1473477,157.83,2025-10-20 12:47:56.491000+00:00,,20251020-001.gpx
47.6091473,19.1473575,157.83,2025-10-20 12:47:56.691000+00:00,,20251020-001.gpx
47.6091496,19.1473677,157.84,2025-10-20 12:47:56.894000+00:00,,20251020-001.gpx
47.6091517,19.1473779,157.85,2025-10-20 12:47:57.096000+00:00,,20251020-001.gpx
47.6091533,19.1473867,157.86,2025-10-20 12:47:57.266000+00:00,,20251020-001.gpx
47.609155,19.147398,157.87,2025-10-20 12:47:57.490000+00:00,,20251020-001.gpx
47.6091563,19.1474087,157.87,2025-10-20 12:47:57.691000+00:00,,20251020-001.gpx
47.6091574,19.1474193,157.88,2025-10-20 12:47:57.892000+00:00,,20251020-001.gpx
47.6091582,19.1474302,157.89,2025-10-20 12:47:58.093000+00:00,,20251020-001.gpx
47.6091586,19.1474401,157.89,2025-10-20 12:47:58.281000+00:00,,20251020-001.gpx
47.6091589,19.1474522,157.91,2025-10-20 12:47:58.505000+00:00,,20251020-001.gpx
47.6091589,19.1474622,157.92,2025-10-20 12:47:58.688000+00:00,,20251020-001.gpx
47.6091587,19.1474732,157.93,2025-10-20 12:47:58.890000+00:00,,20251020-001.gpx
47.6091584,19.147484,157.93,2025-10-20 12:47:59.091000+00:00,,20251020-001.gpx
47.6091578,19.1474949,157.9,2025-10-20 12:47:59.294000+00:00,,20251020-001.gpx
47.6091571,19.1475056,157.88,2025-10-20 12:47:59.495000+00:00,,20251020-001.gpx
47.609156,19.1475166,157.87,2025-10-20 12:47:59.696000+00:00,,20251020-001.gpx
47.6091547,19.1475276,157.89,2025-10-20 12:47:59.898000+00:00,,20251020-001.gpx
47.6091531,19.1475384,157.93,2025-10-20 12:48:00.101000+00:00,,20251020-001.gpx
47.6091516,19.1475472,157.96,2025-10-20 12:48:00.272000+00:00,,20251020-001.gpx
47.6091497,19.1475575,157.96,2025-10-20 12:48:00.473000+00:00,,20251020-001.gpx
47.6091475,19.1475678,157.97,2025-10-20 12:48:00.674000+00:00,,20251020-001.gpx
47.609145,19.1475783,157.97,2025-10-20 12:48:00.878000+00:00,,20251020-001.gpx
47.6091421,19.1475895,157.98,2025-10-20 12:48:01.099000+00:00,,20251020-001.gpx
47.6091394,19.1475985,158.0,2025-10-20 12:48:01.282000+00:00,,20251020-001.gpx
47.6091364,19.1476081,158.01,2025-10-20 12:48:01.484000+00:00,,20251020-001.gpx
47.6091333,19.147618,158.02,2025-10-20 12:48:01.686000+00:00,,20251020-001.gpx
47.6091296,19.1476288,158.04,2025-10-20 12:48:01.908000+00:00,,20251020-001.gpx
47.6091263,19.1476376,158.07,2025-10-20 12:48:02.091000+00:00,,20251020-001.gpx
47.6091225,19.1476472,158.08,2025-10-20 12:48:02.293000+00:00,,20251020-001.gpx
47.609119,19.1476554,158.1,2025-10-20 12:48:02.474000+00:00,,20251020-001.gpx
47.6091144,19.1476653,158.11,2025-10-20 12:48:02.695000+00:00,,20251020-001.gpx
47.6091099,19.1476741,158.12,2025-10-20 12:48:02.896000+00:00,,20251020-001.gpx
47.6091052,19.1476827,158.12,2025-10-20 12:48:03.097000+00:00,,20251020-001.gpx
47.6091003,19.1476913,158.13,2025-10-20 12:48:03.301000+00:00,,20251020-001.gpx
47.6090958,19.1476987,158.15,2025-10-20 12:48:03.483000+00:00,,20251020-001.gpx
47.6090906,19.1477069,158.17,2025-10-20 12:48:03.684000+00:00,,20251020-001.gpx
47.6090864,19.1477136,158.18,2025-10-20 12:48:03.848000+00:00,,20251020-001.gpx
47.60908,19.1477234,158.18,2025-10-20 12:48:04.089000+00:00,,20251020-001.gpx
47.6090752,19.1477305,158.17,2025-10-20 12:48:04.273000+00:00,,20251020-001.gpx
47.6090689,19.1477392,158.16,2025-10-20 12:48:04.501000+00:00,,20251020-001.gpx
47.6090631,19.147747,158.17,2025-10-20 12:48:04.702000+00:00,,20251020-001.gpx
47.6090572,19.1477547,158.19,2025-10-20 12:48:04.903000+00:00,,20251020-001.gpx
47.6090513,19.1477622,158.21,2025-10-20 12:48:05.105000+00:00,,20251020-001.gpx
47.6090458,19.1477691,158.21,2025-10-20 12:48:05.293000+00:00,,20251020-001.gpx
47.6090404,19.1477755,158.21,2025-10-20 12:48:05.474000+00:00,,20251020-001.gpx
47.6090336,19.1477832,158.21,2025-10-20 12:48:05.696000+00:00,,20251020-001.gpx
47.6090273,19.14779,158.22,2025-10-20 12:48:05.896000+00:00,,20251020-001.gpx
47.6090209,19.1477964,158.25,2025-10-20 12:48:06.097000+00:00,,20251020-001.gpx
47.6090144,19.1478025,158.3,2025-10-20 12:48:06.303000+00:00,,20251020-001.gpx
47.6090081,19.147808,158.33,2025-10-20 12:48:06.503000+00:00,,20251020-001.gpx
47.6090017,19.1478136,158.36,2025-10-20 12:48:06.704000+00:00,,20251020-001.gpx
47.6089944,19.1478197,158.39,2025-10-20 12:48:06.926000+00:00,,20251020-001.gpx
47.6089886,19.1478246,158.41,2025-10-20 12:48:07.106000+00:00,,20251020-001.gpx
47.6089823,19.1478297,158.44,2025-10-20 12:48:07.308000+00:00,,20251020-001.gpx
47.6089756,19.1478349,158.44,2025-10-20 12:48:07.510000+00:00,,20251020-001.gpx
47.6089688,19.1478397,158.46,2025-10-20 12:48:07.711000+00:00,,20251020-001.gpx
47.6089619,19.1478443,158.48,2025-10-20 12:48:07.912000+00:00,,20251020-001.gpx
47.6089548,19.1478485,158.51,2025-10-20 12:48:08.114000+00:00,,20251020-001.gpx
47.6089475,19.1478526,158.53,2025-10-20 12:48:08.323000+00:00,,20251020-001.gpx
47.6089403,19.1478565,158.55,2025-10-20 12:48:08.525000+00:00,,20251020-001.gpx
47.6089331,19.1478599,158.57,2025-10-20 12:48:08.725000+00:00,,20251020-001.gpx
47.6089257,19.1478631,158.59,2025-10-20 12:48:08.925000+00:00,,20251020-001.gpx
47.6089184,19.147866,158.6,2025-10-20 12:48:09.127000+00:00,,20251020-001.gpx
47.608911,19.1478687,158.59,2025-10-20 12:48:09.332000+00:00,,20251020-001.gpx
47.6089038,19.147871,158.6,2025-10-20 12:48:09.532000+00:00,,20251020-001.gpx
47.6088972,19.147873,158.59,2025-10-20 12:48:09.713000+00:00,,20251020-001.gpx
47.6088891,19.1478751,158.59,2025-10-20 12:48:09.935000+00:00,,20251020-001.gpx
47.6088816,19.1478768,158.59,2025-10-20 12:48:10.138000+00:00,,20251020-001.gpx
47.6088746,19.1478779,158.6,2025-10-20 12:48:10.329000+00:00,,20251020-001.gpx
47.6088684,19.1478787,158.61,2025-10-20 12:48:10.514000+00:00,,20251020-001.gpx
47.6088601,19.1478793,158.62,2025-10-20 12:48:10.736000+00:00,,20251020-001.gpx
47.6088526,19.1478792,158.63,2025-10-20 12:48:10.938000+00:00,,20251020-001.gpx
47.6088451,19.1478788,158.63,2025-10-20 12:48:11.141000+00:00,,20251020-001.gpx
47.608838,19.1478781,158.62,2025-10-20 12:48:11.335000+00:00,,20251020-001.gpx
47.6088303,19.1478768,158.61,2025-10-20 12:48:11.540000+00:00,,20251020-001.gpx
47.6088235,19.1478754,158.6,2025-10-20 12:48:11.721000+00:00,,20251020-001.gpx
47.6088167,19.1478737,158.61,2025-10-20 12:48:11.904000+00:00,,20251020-001.gpx
47.6088086,19.147871,158.61,2025-10-20 12:48:12.125000+00:00,,20251020-001.gpx
47.6088003,19.1478677,158.61,2025-10-20 12:48:12.351000+00:00,,20251020-001.gpx
47.6087927,19.1478641,158.61,2025-10-20 12:48:12.557000+00:00,,20251020-001.gpx
47.6087861,19.1478607,158.63,2025-10-20 12:48:12.739000+00:00,,20251020-001.gpx
47.6087784,19.1478562,158.64,2025-10-20 12:48:12.961000+00:00,,20251020-001.gpx
47.6087721,19.1478523,158.64,2025-10-20 12:48:13.141000+00:00,,20251020-001.gpx
47.608765,19.1478475,158.64,2025-10-20 12:48:13.345000+00:00,,20251020-001.gpx
47.6087582,19.1478426,158.64,2025-10-20 12:48:13.546000+00:00,,20251020-001.gpx
47.6087516,19.1478373,158.65,2025-10-20 12:48:13.747000+00:00,,20251020-001.gpx
47.6087451,19.1478316,158.65,2025-10-20 12:48:13.949000+00:00,,20251020-001.gpx
47.6087389,19.1478257,158.66,2025-10-20 12:48:14.150000+00:00,,20251020-001.gpx
47.6087325,19.147819,158.66,2025-10-20 12:48:14.358000+00:00,,20251020-001.gpx
47.6087265,19.1478125,158.68,2025-10-20 12:48:14.560000+00:00,,20251020-001.gpx
47.6087213,19.1478063,158.69,2025-10-20 12:48:14.743000+00:00,,20251020-001.gpx
47.6087152,19.1477984,158.71,2025-10-20 12:48:14.964000+00:00,,20251020-001.gpx
47.6087101,19.1477913,158.72,2025-10-20 12:48:15.167000+00:00,,20251020-001.gpx
47.6087046,19.1477831,158.72,2025-10-20 12:48:15.379000+00:00,,20251020-001.gpx
47.6087,19.1477759,158.71,2025-10-20 12:48:15.559000+00:00,,20251020-001.gpx
47.6086953,19.1477676,158.69,2025-10-20 12:48:15.761000+00:00,,20251020-001.gpx
47.6086907,19.1477591,158.68,2025-10-20 12:48:15.961000+00:00,,20251020-001.gpx
47.6086863,19.1477501,158.69,2025-10-20 12:48:16.171000+00:00,,20251020-001.gpx
47.6086822,19.1477411,158.68,2025-10-20 12:48:16.368000+00:00,,20251020-001.gpx
47.6086781,19.1477318,158.68,2025-10-20 12:48:16.570000+00:00,,20251020-001.gpx
47.6086742,19.1477222,158.67,2025-10-20 12:48:16.771000+00:00,,20251020-001.gpx
47.6086704,19.1477126,158.68,2025-10-20 12:48:16.973000+00:00,,20251020-001.gpx
47.6086671,19.1477035,158.67,2025-10-20 12:48:17.159000+00:00,,20251020-001.gpx
47.6086636,19.1476935,158.66,2025-10-20 12:48:17.360000+00:00,,20251020-001.gpx
47.6086602,19.1476835,158.65,2025-10-20 12:48:17.562000+00:00,,20251020-001.gpx
47.608657,19.1476734,158.65,2025-10-20 12:48:17.766000+00:00,,20251020-001.gpx
47.6086539,19.1476633,158.66,2025-10-20 12:48:17.967000+00:00,,20251020-001.gpx
47.608651,19.1476529,158.66,2025-10-20 12:48:18.169000+00:00,,20251020-001.gpx
47.6086484,19.1476432,158.65,2025-10-20 12:48:18.360000+00:00,,20251020-001.gpx
47.6086458,19.1476329,158.65,2025-10-20 12:48:18.564000+00:00,,20251020-001.gpx
47.6086438,19.1476247,158.64,2025-10-20 12:48:18.725000+00:00,,20251020-001.gpx
47.6086413,19.1476134,158.63,2025-10-20 12:48:18.947000+00:00,,20251020-001.gpx
47.608639,19.147602,158.62,2025-10-20 12:48:19.168000+00:00,,20251020-001.gpx
47.608637,19.1475915,158.6,2025-10-20 12:48:19.370000+00:00,,20251020-001.gpx
47.6086351,19.147581,158.59,2025-10-20 12:48:19.575000+00:00,,20251020-001.gpx
47.6086332,19.1475709,158.6,2025-10-20 12:48:19.778000+00:00,,20251020-001.gpx
47.6086312,19.1475607,158.63,2025-10-20 12:48:19.979000+00:00,,20251020-001.gpx
47.6086293,19.1475505,158.64,2025-10-20 12:48:20.181000+00:00,,20251020-001.gpx
47.6086273,19.1475392,158.63,2025-10-20 12:48:20.404000+00:00,,20251020-001.gpx
47.6086259,19.1475301,158.61,2025-10-20 12:48:20.585000+00:00,,20251020-001.gpx
47.6086245,19.1475198,158.6,2025-10-20 12:48:20.786000+00:00,,20251020-001.gpx
47.6086235,19.1475118,158.59,2025-10-20 12:48:20.948000+00:00,,20251020-001.gpx
47.6086222,19.147501,158.57,2025-10-20 12:48:21.149000+00:00,,20251020-001.gpx
47.6086207,19.1474874,158.56,2025-10-20 12:48:21.399000+00:00,,20251020-001.gpx
47.6086195,19.1474762,158.55,2025-10-20 12:48:21.599000+00:00,,20251020-001.gpx
47.6086185,19.1474652,158.53,2025-10-20 12:48:21.800000+00:00,,20251020-001.gpx
47.6086175,19.1474542,158.5,2025-10-20 12:48:22.001000+00:00,,20251020-001.gpx
47.6086167,19.1474431,158.48,2025-10-20 12:48:22.202000+00:00,,20251020-001.gpx
47.6086161,19.1474337,158.48,2025-10-20 12:48:22.369000+00:00,,20251020-001.gpx
47.6086155,19.1474223,158.48,2025-10-20 12:48:22.573000+00:00,,20251020-001.gpx
47.6086149,19.1474099,158.46,2025-10-20 12:48:22.796000+00:00,,20251020-001.gpx
47.6086144,19.1473994,158.43,2025-10-20 12:48:22.997000+00:00,,20251020-001.gpx
47.608614,19.1473893,158.4,2025-10-20 12:48:23.181000+00:00,,20251020-001.gpx
47.6086136,19.1473791,158.37,2025-10-20 12:48:23.371000+00:00,,20251020-001.gpx
47.6086132,19.1473674,158.36,2025-10-20 12:48:23.594000+00:00,,20251020-001.gpx
47.6086128,19.147357,158.35,2025-10-20 12:48:23.795000+00:00,,20251020-001.gpx
47.6086125,19.1473467,158.35,2025-10-20 12:48:23.994000+00:00,,20251020-001.gpx
47.6086121,19.1473362,158.34,2025-10-20 12:48:24.197000+00:00,,20251020-001.gpx
47.6086119,19.1473261,158.33,2025-10-20 12:48:24.399000+00:00,,20251020-001.gpx
47.6086118,19.147316,158.32,2025-10-20 12:48:24.601000+00:00,,20251020-001.gpx
47.6086117,19.1473056,158.31,2025-10-20 12:48:24.811000+00:00,,20251020-001.gpx
47.6086117,19.1472974,158.31,2025-10-20 12:48:24.985000+00:00,,20251020-001.gpx
47.6086118,19.1472863,158.31,2025-10-20 12:48:25.205000+00:00,,20251020-001.gpx
47.608612,19.1472765,158.3,2025-10-20 12:48:25.400000+00:00,,20251020-001.gpx
47.6086122,19.1472661,158.28,2025-10-20 12:48:25.603000+00:00,,20251020-001.gpx
47.6086125,19.1472556,158.28,2025-10-20 12:48:25.805000+00:00,,20251020-001.gpx
47.6086129,19.1472452,158.28,2025-10-20 12:48:26.008000+00:00,,20251020-001.gpx
47.6086134,19.1472364,158.27,2025-10-20 12:48:26.171000+00:00,,20251020-001.gpx
47.6086142,19.1472241,158.24,2025-10-20 12:48:26.397000+00:00,,20251020-001.gpx
47.6086148,19.1472129,158.23,2025-10-20 12:48:26.602000+00:00,,20251020-001.gpx
47.6086155,19.1472021,158.24,2025-10-20 12:48:26.804000+00:00,,20251020-001.gpx
47.6086162,19.1471911,158.24,2025-10-20 12:48:27.005000+00:00,,20251020-001.gpx
47.6086169,19.1471801,158.23,2025-10-20 12:48:27.206000+00:00,,20251020-001.gpx
47.6086177,19.1471689,158.22,2025-10-20 12:48:27.409000+00:00,,20251020-001.gpx
47.6086185,19.1471589,158.22,2025-10-20 12:48:27.591000+00:00,,20251020-001.gpx
47.6086195,19.1471478,158.21,2025-10-20 12:48:27.792000+00:00,,20251020-001.gpx
47.6086207,19.147136,158.2,2025-10-20 12:48:28.012000+00:00,,20251020-001.gpx
47.6086219,19.1471244,158.16,2025-10-20 12:48:28.216000+00:00,,20251020-001.gpx
47.608623,19.1471128,158.15,2025-10-20 12:48:28.418000+00:00,,20251020-001.gpx
47.608624,19.1471015,158.15,2025-10-20 12:48:28.619000+00:00,,20251020-001.gpx
47.6086251,19.1470902,158.15,2025-10-20 12:48:28.824000+00:00,,20251020-001.gpx
47.6086261,19.147079,158.15,2025-10-20 12:48:29.025000+00:00,,20251020-001.gpx
47.608627,19.1470677,158.13,2025-10-20 12:48:29.227000+00:00,,20251020-001.gpx
47.6086278,19.1470572,158.11,2025-10-20 12:48:29.420000+00:00,,20251020-001.gpx
47.6086286,19.147046,158.09,2025-10-20 12:48:29.623000+00:00,,20251020-001.gpx
47.6086294,19.147035,158.08,2025-10-20 12:48:29.827000+00:00,,20251020-001.gpx
47.6086299,19.1470265,158.08,2025-10-20 12:48:29.987000+00:00,,20251020-001.gpx
47.608631,19.1470132,158.08,2025-10-20 12:48:30.232000+00:00,,20251020-001.gpx
47.6086321,19.1470022,158.07,2025-10-20 12:48:30.434000+00:00,,20251020-001.gpx
47.6086332,19.1469914,158.05,2025-10-20 12:48:30.635000+00:00,,20251020-001.gpx
47.6086343,19.1469816,158.04,2025-10-20 12:48:30.817000+00:00,,20251020-001.gpx
47.6086355,19.1469708,158.01,2025-10-20 12:48:31.018000+00:00,,20251020-001.gpx
47.6086367,19.1469613,158.0,2025-10-20 12:48:31.200000+00:00,,20251020-001.gpx
47.608638,19.1469496,157.98,2025-10-20 12:48:31.421000+00:00,,20251020-001.gpx
47.6086393,19.1469387,157.97,2025-10-20 12:48:31.626000+00:00,,20251020-001.gpx
47.6086404,19.1469292,157.97,2025-10-20 12:48:31.807000+00:00,,20251020-001.gpx
47.6086415,19.1469187,157.96,2025-10-20 12:48:32.009000+00:00,,20251020-001.gpx
47.6086427,19.1469084,157.95,2025-10-20 12:48:32.210000+00:00,,20251020-001.gpx
47.6086437,19.1468991,157.94,2025-10-20 12:48:32.392000+00:00,,20251020-001.gpx
47.6086448,19.1468877,157.93,2025-10-20 12:48:32.614000+00:00,,20251020-001.gpx
47.6086458,19.1468774,157.92,2025-10-20 12:48:32.816000+00:00,,20251020-001.gpx
47.6086467,19.1468672,157.91,2025-10-20 12:48:33.017000+00:00,,20251020-001.gpx
47.6086475,19.1468568,157.9,2025-10-20 12:48:33.219000+00:00,,20251020-001.gpx
47.6086483,19.1468462,157.89,2025-10-20 12:48:33.423000+00:00,,20251020-001.gpx
47.6086489,19.1468369,157.88,2025-10-20 12:48:33.605000+00:00,,20251020-001.gpx
47.6086497,19.1468255,157.86,2025-10-20 12:48:33.826000+00:00,,20251020-001.gpx
47.6086504,19.146815,157.85,2025-10-20 12:48:34.026000+00:00,,20251020-001.gpx
47.608651,19.1468047,157.84,2025-10-20 12:48:34.227000+00:00,,20251020-001.gpx
47.6086517,19.1467934,157.82,2025-10-20 12:48:34.441000+00:00,,20251020-001.gpx
47.6086523,19.1467829,157.81,2025-10-20 12:48:34.643000+00:00,,20251020-001.gpx
47.6086529,19.1467722,157.81,2025-10-20 12:48:34.844000+00:00,,20251020-001.gpx
47.6086534,19.1467617,157.81,2025-10-20 12:48:35.045000+00:00,,20251020-001.gpx
47.6086537,19.1467532,157.81,2025-10-20 12:48:35.204000+00:00,,20251020-001.gpx
47.6086542,19.146741,157.8,2025-10-20 12:48:35.430000+00:00,,20251020-001.gpx
47.6086545,19.14673,157.79,2025-10-20 12:48:35.632000+00:00,,20251020-001.gpx
47.6086549,19.1467191,157.78,2025-10-20 12:48:35.833000+00:00,,20251020-001.gpx
47.6086551,19.1467081,157.77,2025-10-20 12:48:36.034000+00:00,,20251020-001.gpx
47.6086553,19.1466971,157.76,2025-10-20 12:48:36.235000+00:00,,20251020-001.gpx
47.6086555,19.1466856,157.74,2025-10-20 12:48:36.445000+00:00,,20251020-001.gpx
47.6086557,19.1466756,157.73,2025-10-20 12:48:36.627000+00:00,,20251020-001.gpx
47.6086558,19.1466647,157.73,2025-10-20 12:48:36.828000+00:00,,20251020-001.gpx
47.6086558,19.1466546,157.73,2025-10-20 12:48:37.008000+00:00,,20251020-001.gpx
47.6086558,19.1466423,157.72,2025-10-20 12:48:37.233000+00:00,,20251020-001.gpx
47.6086557,19.1466307,157.72,2025-10-20 12:48:37.444000+00:00,,20251020-001.gpx
47.6086555,19.1466197,157.71,2025-10-20 12:48:37.646000+00:00,,20251020-001.gpx
47.6086553,19.1466086,157.71,2025-10-20 12:48:37.850000+00:00,,20251020-001.gpx
47.608655,19.1465978,157.7,2025-10-20 12:48:38.052000+00:00,,20251020-001.gpx
47.6086546,19.146587,157.69,2025-10-20 12:48:38.252000+00:00,,20251020-001.gpx
47.6086542,19.1465762,157.69,2025-10-20 12:48:38.455000+00:00,,20251020-001.gpx
47.6086537,19.1465656,157.69,2025-10-20 12:48:38.655000+00:00,,20251020-001.gpx
47.6086533,19.1465551,157.69,2025-10-20 12:48:38.856000+00:00,,20251020-001.gpx
47.6086527,19.1465446,157.69,2025-10-20 12:48:39.056000+00:00,,20251020-001.gpx
47.6086522,19.1465339,157.69,2025-10-20 12:48:39.261000+00:00,,20251020-001.gpx
47.6086516,19.1465234,157.69,2025-10-20 12:48:39.462000+00:00,,20251020-001.gpx
47.608651,19.146513,157.68,2025-10-20 12:48:39.664000+00:00,,20251020-001.gpx
47.6086504,19.1465025,157.67,2025-10-20 12:48:39.866000+00:00,,20251020-001.gpx
47.6086498,19.146492,157.67,2025-10-20 12:48:40.069000+00:00,,20251020-001.gpx
47.6086492,19.1464822,157.67,2025-10-20 12:48:40.262000+00:00,,20251020-001.gpx
47.6086485,19.1464719,157.67,2025-10-20 12:48:40.461000+00:00,,20251020-001.gpx
47.6086478,19.1464614,157.66,2025-10-20 12:48:40.663000+00:00,,20251020-001.gpx
47.6086471,19.1464507,157.65,2025-10-20 12:48:40.865000+00:00,,20251020-001.gpx
47.6086463,19.1464402,157.64,2025-10-20 12:48:41.066000+00:00,,20251020-001.gpx
47.6086457,19.1464317,157.63,2025-10-20 12:48:41.227000+00:00,,20251020-001.gpx
47.6086445,19.1464192,157.63,2025-10-20 12:48:41.470000+00:00,,20251020-001.gpx
47.6086436,19.1464097,157.63,2025-10-20 12:48:41.653000+00:00,,20251020-001.gpx
47.6086424,19.1463991,157.62,2025-10-20 12:48:41.854000+00:00,,20251020-001.gpx
47.6086411,19.1463887,157.61,2025-10-20 12:48:42.054000+00:00,,20251020-001.gpx
47.6086394,19.1463772,157.59,2025-10-20 12:48:42.279000+00:00,,20251020-001.gpx
47.6086376,19.1463669,157.6,2025-10-20 12:48:42.481000+00:00,,20251020-001.gpx
47.6086358,19.1463565,157.59,2025-10-20 12:48:42.684000+00:00,,20251020-001.gpx
47.6086335,19.1463451,157.57,2025-10-20 12:48:42.905000+00:00,,20251020-001.gpx
47.6086317,19.1463367,157.56,2025-10-20 12:48:43.065000+00:00,,20251020-001.gpx
47.6086292,19.1463257,157.55,2025-10-20 12:48:43.277000+00:00,,20251020-001.gpx
47.6086264,19.1463145,157.53,2025-10-20 12:48:43.497000+00:00,,20251020-001.gpx
47.6086236,19.1463042,157.51,2025-10-20 12:48:43.698000+00:00,,20251020-001.gpx
47.6086207,19.146294,157.49,2025-10-20 12:48:43.899000+00:00,,20251020-001.gpx
47.6086183,19.1462859,157.49,2025-10-20 12:48:44.059000+00:00,,20251020-001.gpx
47.6086148,19.1462749,157.47,2025-10-20 12:48:44.286000+00:00,,20251020-001.gpx
47.6086111,19.1462636,157.45,2025-10-20 12:48:44.511000+00:00,,20251020-001.gpx
47.6086075,19.1462535,157.44,2025-10-20 12:48:44.712000+00:00,,20251020-001.gpx
47.6086039,19.1462437,157.42,2025-10-20 12:48:44.914000+00:00,,20251020-001.gpx
47.6086003,19.1462343,157.4,2025-10-20 12:48:45.108000+00:00,,20251020-001.gpx
47.6085968,19.1462259,157.4,2025-10-20 12:48:45.291000+00:00,,20251020-001.gpx
47.6085934,19.1462178,157.39,2025-10-20 12:48:45.472000+00:00,,20251020-001.gpx
47.6085893,19.1462084,157.39,2025-10-20 12:48:45.675000+00:00,,20251020-001.gpx
47.608585,19.1461993,157.39,2025-10-20 12:48:45.879000+00:00,,20251020-001.gpx
47.6085802,19.1461894,157.39,2025-10-20 12:48:46.102000+00:00,,20251020-001.gpx
47.6085757,19.1461807,157.39,2025-10-20 12:48:46.306000+00:00,,20251020-001.gpx
47.6085716,19.1461729,157.38,2025-10-20 12:48:46.492000+00:00,,20251020-001.gpx
47.6085669,19.1461647,157.37,2025-10-20 12:48:46.692000+00:00,,20251020-001.gpx
47.6085621,19.1461567,157.37,2025-10-20 12:48:46.893000+00:00,,20251020-001.gpx
47.608557,19.146149,157.37,2025-10-20 12:48:47.094000+00:00,,20251020-001.gpx
47.6085518,19.1461417,157.37,2025-10-20 12:48:47.293000+00:00,,20251020-001.gpx
47.6085464,19.1461345,157.37,2025-10-20 12:48:47.498000+00:00,,20251020-001.gpx
47.6085408,19.1461277,157.37,2025-10-20 12:48:47.700000+00:00,,20251020-001.gpx
47.6085351,19.146121,157.36,2025-10-20 12:48:47.901000+00:00,,20251020-001.gpx
47.6085291,19.1461147,157.36,2025-10-20 12:48:48.101000+00:00,,20251020-001.gpx
47.6085228,19.1461087,157.37,2025-10-20 12:48:48.306000+00:00,,20251020-001.gpx
47.6085164,19.146103,157.38,2025-10-20 12:48:48.509000+00:00,,20251020-001.gpx
47.6085099,19.1460976,157.38,2025-10-20 12:48:48.712000+00:00,,20251020-001.gpx
47.6085032,19.1460927,157.37,2025-10-20 12:48:48.914000+00:00,,20251020-001.gpx
47.6084962,19.146088,157.37,2025-10-20 12:48:49.116000+00:00,,20251020-001.gpx
47.6084899,19.1460841,157.37,2025-10-20 12:48:49.298000+00:00,,20251020-001.gpx
47.6084827,19.1460801,157.38,2025-10-20 12:48:49.501000+00:00,,20251020-001.gpx
47.608477,19.1460773,157.39,2025-10-20 12:48:49.663000+00:00,,20251020-001.gpx
47.6084683,19.1460734,157.4,2025-10-20 12:48:49.906000+00:00,,20251020-001.gpx
47.6084607,19.1460706,157.41,2025-10-20 12:48:50.108000+00:00,,20251020-001.gpx
47.6084546,19.1460686,157.41,2025-10-20 12:48:50.272000+00:00,,20251020-001.gpx
47.6084458,19.1460661,157.42,2025-10-20 12:48:50.503000+00:00,,20251020-001.gpx
47.6084375,19.1460642,157.44,2025-10-20 12:48:50.726000+00:00,,20251020-001.gpx
47.6084301,19.146063,157.45,2025-10-20 12:48:50.916000+00:00,,20251020-001.gpx
47.6084235,19.1460623,157.47,2025-10-20 12:48:51.087000+00:00,,20251020-001.gpx
47.6084146,19.1460618,157.49,2025-10-20 12:48:51.318000+00:00,,20251020-001.gpx
47.6084076,19.1460619,157.49,2025-10-20 12:48:51.501000+00:00,,20251020-001.gpx
47.6084002,19.1460625,157.49,2025-10-20 12:48:51.703000+00:00,,20251020-001.gpx
47.6083927,19.1460634,157.5,2025-10-20 12:48:51.906000+00:00,,20251020-001.gpx
47.6083852,19.1460645,157.52,2025-10-20 12:48:52.107000+00:00,,20251020-001.gpx
47.6083785,19.1460658,157.52,2025-10-20 12:48:52.291000+00:00,,20251020-001.gpx
47.6083712,19.1460675,157.53,2025-10-20 12:48:52.492000+00:00,,20251020-001.gpx
47.6083639,19.1460696,157.52,2025-10-20 12:48:52.697000+00:00,,20251020-001.gpx
47.6083568,19.1460719,157.51,2025-10-20 12:48:52.899000+00:00,,20251020-001.gpx
47.6083495,19.1460747,157.5,2025-10-20 12:48:53.102000+00:00,,20251020-001.gpx
47.608342,19.1460778,157.5,2025-10-20 12:48:53.313000+00:00,,20251020-001.gpx
47.608335,19.146081,157.49,2025-10-20 12:48:53.516000+00:00,,20251020-001.gpx
47.6083282,19.1460844,157.49,2025-10-20 12:48:53.717000+00:00,,20251020-001.gpx
47.6083213,19.1460881,157.5,2025-10-20 12:48:53.917000+00:00,,20251020-001.gpx
47.6083149,19.1460918,157.5,2025-10-20 12:48:54.105000+00:00,,20251020-001.gpx
47.608309,19.1460953,157.5,2025-10-20 12:48:54.283000+00:00,,20251020-001.gpx
47.6083023,19.1460996,157.5,2025-10-20 12:48:54.486000+00:00,,20251020-001.gpx
47.608295,19.1461047,157.49,2025-10-20 12:48:54.706000+00:00,,20251020-001.gpx
47.6082885,19.1461095,157.5,2025-10-20 12:48:54.906000+00:00,,20251020-001.gpx
47.608282,19.1461147,157.52,2025-10-20 12:48:55.107000+00:00,,20251020-001.gpx
47.608276,19.1461196,157.54,2025-10-20 12:48:55.290000+00:00,,20251020-001.gpx
47.6082689,19.1461259,157.56,2025-10-20 12:48:55.512000+00:00,,20251020-001.gpx
47.6082627,19.1461316,157.56,2025-10-20 12:48:55.713000+00:00,,20251020-001.gpx
47.6082567,19.1461376,157.57,2025-10-20 12:48:55.914000+00:00,,20251020-001.gpx
47.6082504,19.146144,157.58,2025-10-20 12:48:56.115000+00:00,,20251020-001.gpx
47.6082447,19.1461501,157.61,2025-10-20 12:48:56.298000+00:00,,20251020-001.gpx
47.608238,19.1461576,157.65,2025-10-20 12:48:56.519000+00:00,,20251020-001.gpx
47.6082321,19.1461644,157.68,2025-10-20 12:48:56.720000+00:00,,20251020-001.gpx
47.608226,19.1461717,157.71,2025-10-20 12:48:56.922000+00:00,,20251020-001.gpx
47.6082199,19.1461791,157.75,2025-10-20 12:48:57.123000+00:00,,20251020-001.gpx
47.6082143,19.1461861,157.77,2025-10-20 12:48:57.310000+00:00,,20251020-001.gpx
47.6082081,19.146194,157.81,2025-10-20 12:48:57.518000+00:00,,20251020-001.gpx
47.6082024,19.1462016,157.83,2025-10-20 12:48:57.719000+00:00,,20251020-001.gpx
47.6081978,19.1462079,157.85,2025-10-20 12:48:57.879000+00:00,,20251020-001.gpx
47.6081909,19.1462175,157.89,2025-10-20 12:48:58.121000+00:00,,20251020-001.gpx
47.6081862,19.1462245,157.92,2025-10-20 12:48:58.293000+00:00,,20251020-001.gpx
47.6081802,19.1462333,157.95,2025-10-20 12:48:58.513000+00:00,,20251020-001.gpx
47.6081754,19.1462409,157.97,2025-10-20 12:48:58.697000+00:00,,20251020-001.gpx
47.6081702,19.1462494,157.99,2025-10-20 12:48:58.900000+00:00,,20251020-001.gpx
47.6081651,19.146258,158.02,2025-10-20 12:48:59.101000+00:00,,20251020-001.gpx
47.60816,19.1462669,158.04,2025-10-20 12:48:59.310000+00:00,,20251020-001.gpx
47.6081552,19.1462759,158.06,2025-10-20 12:48:59.521000+00:00,,20251020-001.gpx
47.6081508,19.1462845,158.07,2025-10-20 12:48:59.721000+00:00,,20251020-001.gpx
47.6081467,19.1462933,158.09,2025-10-20 12:48:59.921000+00:00,,20251020-001.gpx
47.6081429,19.1463024,158.11,2025-10-20 12:49:00.122000+00:00,,20251020-001.gpx
47.6081393,19.1463117,158.13,2025-10-20 12:49:00.324000+00:00,,20251020-001.gpx
47.6081359,19.1463212,158.15,2025-10-20 12:49:00.525000+00:00,,20251020-001.gpx
47.6081328,19.1463308,158.18,2025-10-20 12:49:00.725000+00:00,,20251020-001.gpx
47.6081302,19.1463396,158.19,2025-10-20 12:49:00.906000+00:00,,20251020-001.gpx
47.6081274,19.1463499,158.21,2025-10-20 12:49:01.110000+00:00,,20251020-001.gpx
47.6081248,19.1463606,158.23,2025-10-20 12:49:01.319000+00:00,,20251020-001.gpx
47.6081225,19.1463708,158.25,2025-10-20 12:49:01.522000+00:00,,20251020-001.gpx
47.6081204,19.1463812,158.26,2025-10-20 12:49:01.723000+00:00,,20251020-001.gpx
47.6081185,19.1463914,158.26,2025-10-20 12:49:01.923000+00:00,,20251020-001.gpx
47.6081169,19.146402,158.28,2025-10-20 12:49:02.124000+00:00,,20251020-001.gpx
47.6081155,19.1464128,158.29,2025-10-20 12:49:02.329000+00:00,,20251020-001.gpx
47.6081144,19.1464233,158.3,2025-10-20 12:49:02.530000+00:00,,20251020-001.gpx
47.6081135,19.1464338,158.3,2025-10-20 12:49:02.731000+00:00,,20251020-001.gpx
47.6081128,19.1464435,158.3,2025-10-20 12:49:02.913000+00:00,,20251020-001.gpx
47.6081123,19.1464544,158.31,2025-10-20 12:49:03.113000+00:00,,20251020-001.gpx
47.608112,19.1464656,158.32,2025-10-20 12:49:03.320000+00:00,,20251020-001.gpx
47.608112,19.1464766,158.34,2025-10-20 12:49:03.520000+00:00,,20251020-001.gpx
47.6081122,19.1464878,158.35,2025-10-20 12:49:03.723000+00:00,,20251020-001.gpx
47.6081127,19.1464991,158.37,2025-10-20 12:49:03.924000+00:00,,20251020-001.gpx
47.6081134,19.1465102,158.39,2025-10-20 12:49:04.124000+00:00,,20251020-001.gpx
47.6081145,19.1465219,158.41,2025-10-20 12:49:04.335000+00:00,,20251020-001.gpx
47.6081155,19.1465321,158.42,2025-10-20 12:49:04.518000+00:00,,20251020-001.gpx
47.6081172,19.1465443,158.42,2025-10-20 12:49:04.740000+00:00,,20251020-001.gpx
47.6081189,19.1465551,158.42,2025-10-20 12:49:04.940000+00:00,,20251020-001.gpx
47.6081208,19.1465659,158.42,2025-10-20 12:49:05.140000+00:00,,20251020-001.gpx
47.608123,19.146577,158.42,2025-10-20 12:49:05.352000+00:00,,20251020-001.gpx
47.6081254,19.1465873,158.43,2025-10-20 12:49:05.553000+00:00,,20251020-001.gpx
47.6081281,19.1465981,158.44,2025-10-20 12:49:05.754000+00:00,,20251020-001.gpx
47.608131,19.1466087,158.44,2025-10-20 12:49:05.956000+00:00,,20251020-001.gpx
47.6081341,19.1466192,158.43,2025-10-20 12:49:06.159000+00:00,,20251020-001.gpx
47.6081369,19.1466279,158.42,2025-10-20 12:49:06.332000+00:00,,20251020-001.gpx
47.6081407,19.1466387,158.42,2025-10-20 12:49:06.553000+00:00,,20251020-001.gpx
47.6081446,19.1466491,158.42,2025-10-20 12:49:06.772000+00:00,,20251020-001.gpx
47.6081481,19.1466576,158.42,2025-10-20 12:49:06.953000+00:00,,20251020-001.gpx
47.6081522,19.1466667,158.41,2025-10-20 12:49:07.153000+00:00,,20251020-001.gpx
47.6081565,19.1466757,158.4,2025-10-20 12:49:07.358000+00:00,,20251020-001.gpx
47.608161,19.1466844,158.38,2025-10-20 12:49:07.558000+00:00,,20251020-001.gpx
47.6081646,19.1466912,158.38,2025-10-20 12:49:07.719000+00:00,,20251020-001.gpx
47.6081694,19.1466995,158.38,2025-10-20 12:49:07.919000+00:00,,20251020-001.gpx
47.6081754,19.1467091,158.37,2025-10-20 12:49:08.159000+00:00,,20251020-001.gpx
47.6081805,19.1467168,158.36,2025-10-20 12:49:08.360000+00:00,,20251020-001.gpx
47.6081858,19.1467242,158.35,2025-10-20 12:49:08.564000+00:00,,20251020-001.gpx
47.6081912,19.1467313,158.35,2025-10-20 12:49:08.765000+00:00,,20251020-001.gpx
47.6081968,19.1467383,158.34,2025-10-20 12:49:08.965000+00:00,,20251020-001.gpx
47.6082014,19.1467437,158.34,2025-10-20 12:49:09.126000+00:00,,20251020-001.gpx
47.608208,19.1467511,158.34,2025-10-20 12:49:09.355000+00:00,,20251020-001.gpx
47.6082132,19.1467566,158.33,2025-10-20 12:49:09.535000+00:00,,20251020-001.gpx
47.6082192,19.1467627,158.33,2025-10-20 12:49:09.735000+00:00,,20251020-001.gpx
47.6082254,19.1467687,158.33,2025-10-20 12:49:09.937000+00:00,,20251020-001.gpx
47.6082315,19.1467745,158.32,2025-10-20 12:49:10.138000+00:00,,20251020-001.gpx
47.6082376,19.1467801,158.32,2025-10-20 12:49:10.339000+00:00,,20251020-001.gpx
47.6082437,19.1467856,158.32,2025-10-20 12:49:10.541000+00:00,,20251020-001.gpx
47.6082501,19.146791,158.31,2025-10-20 12:49:10.740000+00:00,,20251020-001.gpx
47.6082565,19.1467963,158.31,2025-10-20 12:49:10.941000+00:00,,20251020-001.gpx
47.608263,19.1468015,158.31,2025-10-20 12:49:11.141000+00:00,,20251020-001.gpx
47.6082695,19.1468066,158.31,2025-10-20 12:49:11.343000+00:00,,20251020-001.gpx
47.6082761,19.1468116,158.31,2025-10-20 12:49:11.546000+00:00,,20251020-001.gpx
47.6082827,19.1468165,158.31,2025-10-20 12:49:11.746000+00:00,,20251020-001.gpx
47.6082901,19.1468219,158.31,2025-10-20 12:49:11.968000+00:00,,20251020-001.gpx
47.6082961,19.1468262,158.31,2025-10-20 12:49:12.149000+00:00,,20251020-001.gpx
47.6083029,19.1468309,158.31,2025-10-20 12:49:12.355000+00:00,,20251020-001.gpx
47.6083082,19.1468345,158.3,2025-10-20 12:49:12.516000+00:00,,20251020-001.gpx
47.6083164,19.14684,158.29,2025-10-20 12:49:12.757000+00:00,,20251020-001.gpx
47.6083231,19.1468445,158.29,2025-10-20 12:49:12.959000+00:00,,20251020-001.gpx
47.60833,19.146849,158.28,2025-10-20 12:49:13.162000+00:00,,20251020-001.gpx
47.6083369,19.1468534,158.27,2025-10-20 12:49:13.366000+00:00,,20251020-001.gpx
47.6083435,19.1468576,158.27,2025-10-20 12:49:13.566000+00:00,,20251020-001.gpx
47.6083502,19.1468617,158.27,2025-10-20 12:49:13.766000+00:00,,20251020-001.gpx
47.6083569,19.1468658,158.27,2025-10-20 12:49:13.967000+00:00,,20251020-001.gpx
47.608363,19.1468694,158.27,2025-10-20 12:49:14.150000+00:00,,20251020-001.gpx
47.6083704,19.1468736,158.26,2025-10-20 12:49:14.375000+00:00,,20251020-001.gpx
47.6083764,19.1468769,158.26,2025-10-20 12:49:14.556000+00:00,,20251020-001.gpx
47.608384,19.146881,158.25,2025-10-20 12:49:14.777000+00:00,,20251020-001.gpx
47.6083909,19.1468846,158.25,2025-10-20 12:49:14.978000+00:00,,20251020-001.gpx
47.6083978,19.1468881,158.24,2025-10-20 12:49:15.179000+00:00,,20251020-001.gpx
47.6084049,19.1468917,158.23,2025-10-20 12:49:15.386000+00:00,,20251020-001.gpx
47.6084111,19.1468948,158.22,2025-10-20 12:49:15.568000+00:00,,20251020-001.gpx
47.6084189,19.1468988,158.22,2025-10-20 12:49:15.791000+00:00,,20251020-001.gpx
47.608426,19.1469023,158.21,2025-10-20 12:49:15.994000+00:00,,20251020-001.gpx
47.6084328,19.1469055,158.19,2025-10-20 12:49:16.197000+00:00,,20251020-001.gpx
47.6084378,19.1469079,158.19,2025-10-20 12:49:16.341000+00:00,,20251020-001.gpx
47.6084453,19.1469114,158.17,2025-10-20 12:49:16.565000+00:00,,20251020-001.gpx
47.6084529,19.1469148,158.16,2025-10-20 12:49:16.786000+00:00,,20251020-001.gpx
47.6084599,19.1469179,158.15,2025-10-20 12:49:16.988000+00:00,,20251020-001.gpx
47.6084668,19.1469208,158.15,2025-10-20 12:49:17.192000+00:00,,20251020-001.gpx
47.6084735,19.1469234,158.15,2025-10-20 12:49:17.386000+00:00,,20251020-001.gpx
47.6084806,19.146926,158.14,2025-10-20 12:49:17.589000+00:00,,20251020-001.gpx
47.6084875,19.1469283,158.13,2025-10-20 12:49:17.791000+00:00,,20251020-001.gpx
47.6084944,19.1469306,158.11,2025-10-20 12:49:17.992000+00:00,,20251020-001.gpx
47.6085012,19.1469328,158.11,2025-10-20 12:49:18.193000+00:00,,20251020-001.gpx
47.6085079,19.146935,158.11,2025-10-20 12:49:18.395000+00:00,,20251020-001.gpx
47.6085148,19.1469371,158.1,2025-10-20 12:49:18.597000+00:00,,20251020-001.gpx
47.6085218,19.1469391,158.09,2025-10-20 12:49:18.799000+00:00,,20251020-001.gpx
47.6085289,19.1469412,158.09,2025-10-20 12:49:19.001000+00:00,,20251020-001.gpx
47.6085359,19.1469433,158.09,2025-10-20 12:49:19.204000+00:00,,20251020-001.gpx
47.6085429,19.1469454,158.09,2025-10-20 12:49:19.403000+00:00,,20251020-001.gpx
47.6085499,19.1469476,158.09,2025-10-20 12:49:19.605000+00:00,,20251020-001.gpx
47.6085569,19.1469498,158.09,2025-10-20 12:49:19.806000+00:00,,20251020-001.gpx
47.6085641,19.146952,158.09,2025-10-20 12:49:20.007000+00:00,,20251020-001.gpx
47.6085706,19.146954,158.1,2025-10-20 12:49:20.189000+00:00,,20251020-001.gpx
47.6085782,19.1469564,158.1,2025-10-20 12:49:20.402000+00:00,,20251020-001.gpx
47.6085855,19.1469588,158.1,2025-10-20 12:49:20.604000+00:00,,20251020-001.gpx
47.6085935,19.1469615,158.11,2025-10-20 12:49:20.827000+00:00,,20251020-001.gpx
47.6085998,19.1469637,158.11,2025-10-20 12:49:21.010000+00:00,,20251020-001.gpx
47.6086048,19.1469653,158.12,2025-10-20 12:49:21.151000+00:00,,20251020-001.gpx
47.6086142,19.1469682,158.11,2025-10-20 12:49:21.416000+00:00,,20251020-001.gpx
47.60862,19.14697,158.11,2025-10-20 12:49:21.575000+00:00,,20251020-001.gpx
47.6086287,19.1469726,158.12,2025-10-20 12:49:21.816000+00:00,,20251020-001.gpx
47.6086359,19.1469747,158.12,2025-10-20 12:49:22.018000+00:00,,20251020-001.gpx
47.608642,19.1469765,158.13,2025-10-20 12:49:22.199000+00:00,,20251020-001.gpx
47.6086492,19.1469782,158.13,2025-10-20 12:49:22.402000+00:00,,20251020-001.gpx
47.6086562,19.1469798,158.13,2025-10-20 12:49:22.604000+00:00,,20251020-001.gpx
47.6086632,19.1469813,158.14,2025-10-20 12:49:22.806000+00:00,,20251020-001.gpx
47.6086702,19.1469826,158.16,2025-10-20 12:49:23.008000+00:00,,20251020-001.gpx
47.6086774,19.1469835,158.17,2025-10-20 12:49:23.215000+00:00,,20251020-001.gpx
47.608684,19.1469842,158.17,2025-10-20 12:49:23.398000+00:00,,20251020-001.gpx
47.6086914,19.146985,158.17,2025-10-20 12:49:23.600000+00:00,,20251020-001.gpx
47.6086989,19.1469859,158.17,2025-10-20 12:49:23.802000+00:00,,20251020-001.gpx
47.6087054,19.1469869,158.16,2025-10-20 12:49:23.983000+00:00,,20251020-001.gpx
47.6087134,19.1469885,158.16,2025-10-20 12:49:24.204000+00:00,,20251020-001.gpx
47.6087209,19.1469902,158.16,2025-10-20 12:49:24.405000+00:00,,20251020-001.gpx
47.6087283,19.1469924,158.16,2025-10-20 12:49:24.606000+00:00,,20251020-001.gpx
47.6087356,19.1469948,158.16,2025-10-20 12:49:24.808000+00:00,,20251020-001.gpx
47.6087429,19.1469973,158.16,2025-10-20 12:49:25.010000+00:00,,20251020-001.gpx
47.6087487,19.1469994,158.16,2025-10-20 12:49:25.171000+00:00,,20251020-001.gpx
47.6087573,19.1470025,158.16,2025-10-20 12:49:25.416000+00:00,,20251020-001.gpx
47.6087646,19.1470051,158.16,2025-10-20 12:49:25.617000+00:00,,20251020-001.gpx
47.6087719,19.1470077,158.15,2025-10-20 12:49:25.819000+00:00,,20251020-001.gpx
47.608777,19.1470097,158.14,2025-10-20 12:49:25.960000+00:00,,20251020-001.gpx
47.6087846,19.1470126,158.13,2025-10-20 12:49:26.181000+00:00,,20251020-001.gpx
47.6087922,19.1470157,158.12,2025-10-20 12:49:26.404000+00:00,,20251020-001.gpx
47.6087992,19.1470188,158.11,2025-10-20 12:49:26.605000+00:00,,20251020-001.gpx
47.6088062,19.1470219,158.11,2025-10-20 12:49:26.806000+00:00,,20251020-001.gpx
47.608813,19.1470249,158.12,2025-10-20 12:49:27.007000+00:00,,20251020-001.gpx
47.6088199,19.147028,158.12,2025-10-20 12:49:27.208000+00:00,,20251020-001.gpx
47.6088267,19.1470312,158.12,2025-10-20 12:49:27.409000+00:00,,20251020-001.gpx
47.6088336,19.1470345,158.11,2025-10-20 12:49:27.610000+00:00,,20251020-001.gpx
47.6088397,19.1470374,158.11,2025-10-20 12:49:27.790000+00:00,,20251020-001.gpx
47.6088472,19.147041,158.11,2025-10-20 12:49:28.012000+00:00,,20251020-001.gpx
47.6088539,19.1470443,158.11,2025-10-20 12:49:28.215000+00:00,,20251020-001.gpx
47.6088599,19.1470473,158.1,2025-10-20 12:49:28.396000+00:00,,20251020-001.gpx
47.6088667,19.1470509,158.1,2025-10-20 12:49:28.598000+00:00,,20251020-001.gpx
47.6088736,19.1470545,158.09,2025-10-20 12:49:28.801000+00:00,,20251020-001.gpx
47.6088811,19.1470585,158.08,2025-10-20 12:49:29.024000+00:00,,20251020-001.gpx
47.6088879,19.1470622,158.08,2025-10-20 12:49:29.225000+00:00,,20251020-001.gpx
47.6088946,19.147066,158.08,2025-10-20 12:49:29.430000+00:00,,20251020-001.gpx
47.6089013,19.1470699,158.08,2025-10-20 12:49:29.632000+00:00,,20251020-001.gpx
47.6089073,19.1470734,158.08,2025-10-20 12:49:29.812000+00:00,,20251020-001.gpx
47.6089147,19.1470776,158.07,2025-10-20 12:49:30.033000+00:00,,20251020-001.gpx
47.6089206,19.1470811,158.06,2025-10-20 12:49:30.218000+00:00,,20251020-001.gpx
47.6089275,19.1470853,158.05,2025-10-20 12:49:30.424000+00:00,,20251020-001.gpx
47.6089345,19.1470897,158.05,2025-10-20 12:49:30.632000+00:00,,20251020-001.gpx
47.6089414,19.147094,158.05,2025-10-20 12:49:30.833000+00:00,,20251020-001.gpx
47.6089481,19.1470984,158.05,2025-10-20 12:49:31.034000+00:00,,20251020-001.gpx
47.608955,19.147103,158.05,2025-10-20 12:49:31.239000+00:00,,20251020-001.gpx
47.6089617,19.1471075,158.04,2025-10-20 12:49:31.440000+00:00,,20251020-001.gpx
47.6089684,19.1471121,158.03,2025-10-20 12:49:31.641000+00:00,,20251020-001.gpx
47.6089751,19.1471169,158.02,2025-10-20 12:49:31.842000+00:00,,20251020-001.gpx
47.6089816,19.1471217,158.02,2025-10-20 12:49:32.044000+00:00,,20251020-001.gpx
47.6089879,19.1471267,158.01,2025-10-20 12:49:32.245000+00:00,,20251020-001.gpx
47.6089944,19.1471321,158.01,2025-10-20 12:49:32.446000+00:00,,20251020-001.gpx
47.6090008,19.1471377,158.01,2025-10-20 12:49:32.646000+00:00,,20251020-001.gpx
47.6090065,19.1471428,158.02,2025-10-20 12:49:32.827000+00:00,,20251020-001.gpx
47.6090133,19.1471491,158.03,2025-10-20 12:49:33.047000+00:00,,20251020-001.gpx
47.6090195,19.147155,158.03,2025-10-20 12:49:33.249000+00:00,,20251020-001.gpx
47.6090249,19.1471604,158.04,2025-10-20 12:49:33.429000+00:00,,20251020-001.gpx
47.609031,19.1471665,158.03,2025-10-20 12:49:33.632000+00:00,,20251020-001.gpx
47.6090364,19.147172,158.03,2025-10-20 12:49:33.813000+00:00,,20251020-001.gpx
47.609043,19.1471788,158.02,2025-10-20 12:49:34.033000+00:00,,20251020-001.gpx
47.6090477,19.1471838,158.01,2025-10-20 12:49:34.193000+00:00,,20251020-001.gpx
47.6090536,19.1471902,158.0,2025-10-20 12:49:34.396000+00:00,,20251020-001.gpx
47.6090594,19.1471966,157.99,2025-10-20 12:49:34.598000+00:00,,20251020-001.gpx
47.6090662,19.1472045,157.99,2025-10-20 12:49:34.839000+00:00,,20251020-001.gpx
47.6090719,19.1472112,157.99,2025-10-20 12:49:35.040000+00:00,,20251020-001.gpx
47.6090777,19.1472186,158.0,2025-10-20 12:49:35.250000+00:00,,20251020-001.gpx
47.6090822,19.1472245,158.01,2025-10-20 12:49:35.413000+00:00,,20251020-001.gpx
47.6090877,19.1472319,158.02,2025-10-20 12:49:35.616000+00:00,,20251020-001.gpx
47.6090929,19.1472393,158.04,2025-10-20 12:49:35.816000+00:00,,20251020-001.gpx
47.6090985,19.1472476,158.06,2025-10-20 12:49:36.038000+00:00,,20251020-001.gpx
47.6091025,19.1472535,158.07,2025-10-20 12:49:36.197000+00:00,,20251020-001.gpx
47.6091079,19.1472622,158.07,2025-10-20 12:49:36.420000+00:00,,20251020-001.gpx
47.6091125,19.1472702,158.08,2025-10-20 12:49:36.620000+00:00,,20251020-001.gpx
47.6091174,19.1472792,158.1,2025-10-20 12:49:36.841000+00:00,,20251020-001.gpx
47.6091217,19.1472878,158.11,2025-10-20 12:49:37.041000+00:00,,20251020-001.gpx
47.609126,19.1472967,158.12,2025-10-20 12:49:37.245000+00:00,,20251020-001.gpx
47.6091297,19.147305,158.12,2025-10-20 12:49:37.426000+00:00,,20251020-001.gpx
47.6091339,19.1473153,158.13,2025-10-20 12:49:37.648000+00:00,,20251020-001.gpx
47.6091373,19.147324,158.13,2025-10-20 12:49:37.829000+00:00,,20251020-001.gpx
47.6091412,19.1473349,158.11,2025-10-20 12:49:38.050000+00:00,,20251020-001.gpx
47.6091447,19.1473452,158.1,2025-10-20 12:49:38.254000+00:00,,20251020-001.gpx
47.6091474,19.1473536,158.1,2025-10-20 12:49:38.416000+00:00,,20251020-001.gpx
47.6091508,19.1473653,158.09,2025-10-20 12:49:38.636000+00:00,,20251020-001.gpx
47.6091538,19.1473761,158.09,2025-10-20 12:49:38.839000+00:00,,20251020-001.gpx
47.6091564,19.1473864,158.1,2025-10-20 12:49:39.040000+00:00,,20251020-001.gpx
47.6091589,19.1473973,158.11,2025-10-20 12:49:39.250000+00:00,,20251020-001.gpx
47.6091609,19.1474082,158.1,2025-10-20 12:49:39.453000+00:00,,20251020-001.gpx
47.6091626,19.1474188,158.1,2025-10-20 12:49:39.655000+00:00,,20251020-001.gpx
47.609164,19.1474293,158.1,2025-10-20 12:49:39.858000+00:00,,20251020-001.gpx
47.609165,19.1474399,158.09,2025-10-20 12:49:40.059000+00:00,,20251020-001.gpx
47.6091656,19.1474496,158.07,2025-10-20 12:49:40.243000+00:00,,20251020-001.gpx
47.6091658,19.1474592,158.07,2025-10-20 12:49:40.425000+00:00,,20251020-001.gpx
47.6091657,19.1474698,158.07,2025-10-20 12:49:40.626000+00:00,,20251020-001.gpx
47.6091652,19.1474816,158.06,2025-10-20 12:49:40.849000+00:00,,20251020-001.gpx
47.6091645,19.1474916,158.05,2025-10-20 12:49:41.049000+00:00,,20251020-001.gpx
47.6091636,19.1475011,158.03,2025-10-20 12:49:41.231000+00:00,,20251020-001.gpx
47.6091621,19.1475127,158.03,2025-10-20 12:49:41.452000+00:00,,20251020-001.gpx
47.6091605,19.1475232,158.07,2025-10-20 12:49:41.655000+00:00,,20251020-001.gpx
47.6091587,19.1475336,158.1,2025-10-20 12:49:41.855000+00:00,,20251020-001.gpx
47.6091566,19.147544,158.14,2025-10-20 12:49:42.056000+00:00,,20251020-001.gpx
47.6091544,19.1475539,158.16,2025-10-20 12:49:42.245000+00:00,,20251020-001.gpx
47.6091519,19.1475641,158.18,2025-10-20 12:49:42.438000+00:00,,20251020-001.gpx
47.609149,19.1475748,158.19,2025-10-20 12:49:42.640000+00:00,,20251020-001.gpx
47.609146,19.1475854,158.2,2025-10-20 12:49:42.841000+00:00,,20251020-001.gpx
47.6091425,19.1475967,158.21,2025-10-20 12:49:43.050000+00:00,,20251020-001.gpx
47.6091389,19.1476074,158.22,2025-10-20 12:49:43.249000+00:00,,20251020-001.gpx
47.609135,19.1476181,158.22,2025-10-20 12:49:43.449000+00:00,,20251020-001.gpx
47.609131,19.1476285,158.23,2025-10-20 12:49:43.652000+00:00,,20251020-001.gpx
47.6091267,19.1476387,158.23,2025-10-20 12:49:43.852000+00:00,,20251020-001.gpx
47.6091223,19.1476488,158.24,2025-10-20 12:49:44.054000+00:00,,20251020-001.gpx
47.6091176,19.1476588,158.24,2025-10-20 12:49:44.260000+00:00,,20251020-001.gpx
47.6091134,19.1476675,158.24,2025-10-20 12:49:44.442000+00:00,,20251020-001.gpx
47.6091091,19.1476759,158.24,2025-10-20 12:49:44.624000+00:00,,20251020-001.gpx
47.6091044,19.1476847,158.24,2025-10-20 12:49:44.826000+00:00,,20251020-001.gpx
47.6090996,19.1476935,158.23,2025-10-20 12:49:45.026000+00:00,,20251020-001.gpx
47.6090942,19.147703,158.22,2025-10-20 12:49:45.252000+00:00,,20251020-001.gpx
47.6090892,19.1477113,158.23,2025-10-20 12:49:45.452000+00:00,,20251020-001.gpx
47.6090843,19.1477195,158.24,2025-10-20 12:49:45.654000+00:00,,20251020-001.gpx
47.6090792,19.1477276,158.24,2025-10-20 12:49:45.857000+00:00,,20251020-001.gpx
47.6090742,19.1477352,158.24,2025-10-20 12:49:46.059000+00:00,,20251020-001.gpx
47.6090695,19.1477419,158.24,2025-10-20 12:49:46.241000+00:00,,20251020-001.gpx
47.6090642,19.1477489,158.25,2025-10-20 12:49:46.443000+00:00,,20251020-001.gpx
47.6090587,19.1477558,158.27,2025-10-20 12:49:46.646000+00:00,,20251020-001.gpx
47.6090526,19.1477631,158.3,2025-10-20 12:49:46.866000+00:00,,20251020-001.gpx
47.6090469,19.1477696,158.31,2025-10-20 12:49:47.067000+00:00,,20251020-001.gpx
47.6090425,19.1477746,158.32,2025-10-20 12:49:47.229000+00:00,,20251020-001.gpx
47.6090361,19.1477815,158.36,2025-10-20 12:49:47.452000+00:00,,20251020-001.gpx
47.6090303,19.1477876,158.4,2025-10-20 12:49:47.655000+00:00,,20251020-001.gpx
47.6090243,19.1477938,158.43,2025-10-20 12:49:47.857000+00:00,,20251020-001.gpx
47.6090182,19.1477997,158.45,2025-10-20 12:49:48.058000+00:00,,20251020-001.gpx
47.6090115,19.1478058,158.47,2025-10-20 12:49:48.270000+00:00,,20251020-001.gpx
47.6090051,19.1478116,158.5,2025-10-20 12:49:48.476000+00:00,,20251020-001.gpx
47.6089986,19.1478172,158.52,2025-10-20 12:49:48.675000+00:00,,20251020-001.gpx
47.608992,19.1478228,158.52,2025-10-20 12:49:48.876000+00:00,,20251020-001.gpx
47.6089852,19.1478284,158.51,2025-10-20 12:49:49.077000+00:00,,20251020-001.gpx
47.608978,19.147834,158.52,2025-10-20 12:49:49.289000+00:00,,20251020-001.gpx
47.6089711,19.147839,158.53,2025-10-20 12:49:49.490000+00:00,,20251020-001.gpx
47.6089641,19.1478436,158.54,2025-10-20 12:49:49.690000+00:00,,20251020-001.gpx
47.608957,19.1478481,158.55,2025-10-20 12:49:49.890000+00:00,,20251020-001.gpx
47.6089498,19.1478524,158.56,2025-10-20 12:49:50.092000+00:00,,20251020-001.gpx
47.6089431,19.147856,158.57,2025-10-20 12:49:50.276000+00:00,,20251020-001.gpx
47.6089357,19.1478599,158.59,2025-10-20 12:49:50.480000+00:00,,20251020-001.gpx
47.6089284,19.1478638,158.63,2025-10-20 12:49:50.682000+00:00,,20251020-001.gpx
47.6089211,19.1478675,158.64,2025-10-20 12:49:50.884000+00:00,,20251020-001.gpx
47.6089138,19.1478711,158.64,2025-10-20 12:49:51.085000+00:00,,20251020-001.gpx
47.608906,19.1478745,158.64,2025-10-20 12:49:51.297000+00:00,,20251020-001.gpx
47.6088987,19.1478773,158.64,2025-10-20 12:49:51.499000+00:00,,20251020-001.gpx
47.608892,19.1478794,158.64,2025-10-20 12:49:51.680000+00:00,,20251020-001.gpx
47.6088845,19.1478813,158.65,2025-10-20 12:49:51.881000+00:00,,20251020-001.gpx
47.6088793,19.1478824,158.66,2025-10-20 12:49:52.022000+00:00,,20251020-001.gpx
47.6088714,19.1478836,158.67,2025-10-20 12:49:52.245000+00:00,,20251020-001.gpx
47.6088626,19.1478844,158.66,2025-10-20 12:49:52.488000+00:00,,20251020-001.gpx
47.6088554,19.1478845,158.67,2025-10-20 12:49:52.689000+00:00,,20251020-001.gpx
47.6088474,19.1478841,158.69,2025-10-20 12:49:52.911000+00:00,,20251020-001.gpx
47.6088409,19.1478833,158.68,2025-10-20 12:49:53.092000+00:00,,20251020-001.gpx
47.6088336,19.147882,158.68,2025-10-20 12:49:53.297000+00:00,,20251020-001.gpx
47.6088266,19.1478804,158.68,2025-10-20 12:49:53.497000+00:00,,20251020-001.gpx
47.6088194,19.1478785,158.69,2025-10-20 12:49:53.699000+00:00,,20251020-001.gpx
47.6088122,19.1478761,158.68,2025-10-20 12:49:53.901000+00:00,,20251020-001.gpx
47.6088052,19.1478734,158.67,2025-10-20 12:49:54.103000+00:00,,20251020-001.gpx
47.6087979,19.1478703,158.67,2025-10-20 12:49:54.305000+00:00,,20251020-001.gpx
47.6087918,19.1478675,158.66,2025-10-20 12:49:54.486000+00:00,,20251020-001.gpx
47.6087847,19.1478639,158.66,2025-10-20 12:49:54.690000+00:00,,20251020-001.gpx
47.6087777,19.1478597,158.65,2025-10-20 12:49:54.892000+00:00,,20251020-001.gpx
47.6087707,19.147855,158.64,2025-10-20 12:49:55.096000+00:00,,20251020-001.gpx
47.6087638,19.1478496,158.64,2025-10-20 12:49:55.301000+00:00,,20251020-001.gpx
47.608757,19.1478438,158.62,2025-10-20 12:49:55.504000+00:00,,20251020-001.gpx
47.6087504,19.1478378,158.62,2025-10-20 12:49:55.706000+00:00,,20251020-001.gpx
47.6087439,19.1478315,158.61,2025-10-20 12:49:55.906000+00:00,,20251020-001.gpx
47.6087376,19.1478249,158.61,2025-10-20 12:49:56.105000+00:00,,20251020-001.gpx
47.6087325,19.1478193,158.62,2025-10-20 12:49:56.270000+00:00,,20251020-001.gpx
47.6087257,19.1478112,158.63,2025-10-20 12:49:56.495000+00:00,,20251020-001.gpx
47.6087197,19.1478035,158.65,2025-10-20 12:49:56.700000+00:00,,20251020-001.gpx
47.6087145,19.1477964,158.65,2025-10-20 12:49:56.885000+00:00,,20251020-001.gpx
47.6087092,19.1477887,158.66,2025-10-20 12:49:57.085000+00:00,,20251020-001.gpx
47.6087042,19.147781,158.67,2025-10-20 12:49:57.287000+00:00,,20251020-001.gpx
47.6086992,19.1477724,158.67,2025-10-20 12:49:57.487000+00:00,,20251020-001.gpx
47.608694,19.1477628,158.67,2025-10-20 12:49:57.709000+00:00,,20251020-001.gpx
47.6086891,19.1477528,158.68,2025-10-20 12:49:57.930000+00:00,,20251020-001.gpx
47.6086854,19.1477446,158.68,2025-10-20 12:49:58.111000+00:00,,20251020-001.gpx
47.6086818,19.1477361,158.65,2025-10-20 12:49:58.293000+00:00,,20251020-001.gpx
47.6086773,19.1477253,158.65,2025-10-20 12:49:58.514000+00:00,,20251020-001.gpx
47.6086736,19.1477163,158.66,2025-10-20 12:49:58.695000+00:00,,20251020-001.gpx
47.6086697,19.1477062,158.66,2025-10-20 12:49:58.899000+00:00,,20251020-001.gpx
47.6086656,19.1476952,158.66,2025-10-20 12:49:59.120000+00:00,,20251020-001.gpx
47.6086621,19.1476854,158.65,2025-10-20 12:49:59.313000+00:00,,20251020-001.gpx
47.6086587,19.1476755,158.65,2025-10-20 12:49:59.516000+00:00,,20251020-001.gpx
47.6086554,19.1476654,158.67,2025-10-20 12:49:59.717000+00:00,,20251020-001.gpx
47.6086522,19.1476551,158.68,2025-10-20 12:49:59.919000+00:00,,20251020-001.gpx
47.6086493,19.1476449,158.69,2025-10-20 12:50:00.121000+00:00,,20251020-001.gpx
47.6086464,19.147634,158.68,2025-10-20 12:50:00.334000+00:00,,20251020-001.gpx
47.6086439,19.1476237,158.68,2025-10-20 12:50:00.534000+00:00,,20251020-001.gpx
47.6086417,19.1476135,158.68,2025-10-20 12:50:00.736000+00:00,,20251020-001.gpx
47.6086396,19.147603,158.68,2025-10-20 12:50:00.938000+00:00,,20251020-001.gpx
47.6086379,19.1475939,158.68,2025-10-20 12:50:01.120000+00:00,,20251020-001.gpx
47.6086363,19.1475842,158.67,2025-10-20 12:50:01.315000+00:00,,20251020-001.gpx
47.6086342,19.1475725,158.64,2025-10-20 12:50:01.539000+00:00,,20251020-001.gpx
47.6086324,19.147562,158.62,2025-10-20 12:50:01.742000+00:00,,20251020-001.gpx
47.6086307,19.1475514,158.61,2025-10-20 12:50:01.944000+00:00,,20251020-001.gpx
47.6086291,19.1475409,158.6,2025-10-20 12:50:02.145000+00:00,,20251020-001.gpx
47.6086276,19.1475307,158.58,2025-10-20 12:50:02.336000+00:00,,20251020-001.gpx
47.6086261,19.1475201,158.57,2025-10-20 12:50:02.537000+00:00,,20251020-001.gpx
47.6086247,19.1475094,158.56,2025-10-20 12:50:02.739000+00:00,,20251020-001.gpx
47.6086233,19.1474977,158.55,2025-10-20 12:50:02.959000+00:00,,20251020-001.gpx
47.6086223,19.1474884,158.53,2025-10-20 12:50:03.139000+00:00,,20251020-001.gpx
47.6086212,19.1474777,158.52,2025-10-20 12:50:03.348000+00:00,,20251020-001.gpx
47.6086202,19.1474669,158.5,2025-10-20 12:50:03.552000+00:00,,20251020-001.gpx
47.6086194,19.147457,158.48,2025-10-20 12:50:03.736000+00:00,,20251020-001.gpx
47.6086186,19.1474464,158.46,2025-10-20 12:50:03.937000+00:00,,20251020-001.gpx
47.6086179,19.1474354,158.45,2025-10-20 12:50:04.138000+00:00,,20251020-001.gpx
47.6086174,19.1474274,158.44,2025-10-20 12:50:04.293000+00:00,,20251020-001.gpx
47.6086167,19.1474152,158.43,2025-10-20 12:50:04.519000+00:00,,20251020-001.gpx
47.6086161,19.1474031,158.43,2025-10-20 12:50:04.741000+00:00,,20251020-001.gpx
47.6086156,19.1473932,158.42,2025-10-20 12:50:04.923000+00:00,,20251020-001.gpx
47.6086152,19.1473824,158.41,2025-10-20 12:50:05.123000+00:00,,20251020-001.gpx
47.6086148,19.1473705,158.39,2025-10-20 12:50:05.346000+00:00,,20251020-001.gpx
47.6086145,19.1473609,158.38,2025-10-20 12:50:05.526000+00:00,,20251020-001.gpx
47.6086142,19.1473491,158.36,2025-10-20 12:50:05.748000+00:00,,20251020-001.gpx
47.608614,19.1473394,158.36,2025-10-20 12:50:05.930000+00:00,,20251020-001.gpx
47.6086139,19.1473278,158.35,2025-10-20 12:50:06.151000+00:00,,20251020-001.gpx
47.6086138,19.147319,158.33,2025-10-20 12:50:06.320000+00:00,,20251020-001.gpx
47.6086137,19.1473072,158.32,2025-10-20 12:50:06.540000+00:00,,20251020-001.gpx
47.6086137,19.1472967,158.3,2025-10-20 12:50:06.740000+00:00,,20251020-001.gpx
47.6086137,19.1472862,158.28,2025-10-20 12:50:06.941000+00:00,,20251020-001.gpx
47.6086137,19.1472757,158.27,2025-10-20 12:50:07.141000+00:00,,20251020-001.gpx
47.6086138,19.1472649,158.25,2025-10-20 12:50:07.351000+00:00,,20251020-001.gpx
47.6086139,19.1472541,158.24,2025-10-20 12:50:07.555000+00:00,,20251020-001.gpx
47.608614,19.1472433,158.23,2025-10-20 12:50:07.757000+00:00,,20251020-001.gpx
47.6086142,19.1472337,158.22,2025-10-20 12:50:07.939000+00:00,,20251020-001.gpx
47.6086143,19.147223,158.2,2025-10-20 12:50:08.141000+00:00,,20251020-001.gpx
47.6086145,19.1472116,158.18,2025-10-20 12:50:08.352000+00:00,,20251020-001.gpx
47.6086148,19.1472007,158.17,2025-10-20 12:50:08.553000+00:00,,20251020-001.gpx
47.608615,19.1471899,158.15,2025-10-20 12:50:08.754000+00:00,,20251020-001.gpx
47.6086152,19.1471791,158.14,2025-10-20 12:50:08.955000+00:00,,20251020-001.gpx
47.6086154,19.1471687,158.13,2025-10-20 12:50:09.156000+00:00,,20251020-001.gpx
47.6086157,19.1471578,158.12,2025-10-20 12:50:09.360000+00:00,,20251020-001.gpx
47.6086161,19.147148,158.11,2025-10-20 12:50:09.542000+00:00,,20251020-001.gpx
47.6086167,19.1471373,158.1,2025-10-20 12:50:09.742000+00:00,,20251020-001.gpx
47.6086176,19.1471263,158.08,2025-10-20 12:50:09.943000+00:00,,20251020-001.gpx
47.6086185,19.1471151,158.07,2025-10-20 12:50:10.143000+00:00,,20251020-001.gpx
47.6086196,19.1471041,158.05,2025-10-20 12:50:10.347000+00:00,,20251020-001.gpx
47.6086207,19.1470943,158.03,2025-10-20 12:50:10.529000+00:00,,20251020-001.gpx
47.608622,19.1470824,158.01,2025-10-20 12:50:10.750000+00:00,,20251020-001.gpx
47.6086232,19.1470718,158.0,2025-10-20 12:50:10.950000+00:00,,20251020-001.gpx
47.6086242,19.1470616,157.98,2025-10-20 12:50:11.150000+00:00,,20251020-001.gpx
47.6086254,19.1470507,157.98,2025-10-20 12:50:11.358000+00:00,,20251020-001.gpx
47.6086265,19.1470402,157.97,2025-10-20 12:50:11.560000+00:00,,20251020-001.gpx
47.6086276,19.1470298,157.96,2025-10-20 12:50:11.763000+00:00,,20251020-001.gpx
47.6086287,19.1470197,157.94,2025-10-20 12:50:11.963000+00:00,,20251020-001.gpx
47.6086297,19.1470107,157.94,2025-10-20 12:50:12.145000+00:00,,20251020-001.gpx
47.6086309,19.1470004,157.94,2025-10-20 12:50:12.346000+00:00,,20251020-001.gpx
47.6086322,19.1469888,157.92,2025-10-20 12:50:12.570000+00:00,,20251020-001.gpx
47.6086333,19.1469783,157.91,2025-10-20 12:50:12.771000+00:00,,20251020-001.gpx
47.6086345,19.1469675,157.9,2025-10-20 12:50:12.972000+00:00,,20251020-001.gpx
47.6086357,19.1469566,157.88,2025-10-20 12:50:13.176000+00:00,,20251020-001.gpx
47.6086369,19.1469454,157.87,2025-10-20 12:50:13.380000+00:00,,20251020-001.gpx
47.6086382,19.1469344,157.86,2025-10-20 12:50:13.583000+00:00,,20251020-001.gpx
47.6086395,19.1469238,157.84,2025-10-20 12:50:13.784000+00:00,,20251020-001.gpx
47.6086407,19.1469137,157.82,2025-10-20 12:50:13.986000+00:00,,20251020-001.gpx
47.6086419,19.1469034,157.8,2025-10-20 12:50:14.187000+00:00,,20251020-001.gpx
47.608643,19.1468936,157.8,2025-10-20 12:50:14.372000+00:00,,20251020-001.gpx
47.608644,19.146883,157.81,2025-10-20 12:50:14.576000+00:00,,20251020-001.gpx
47.6086449,19.1468723,157.81,2025-10-20 12:50:14.777000+00:00,,20251020-001.gpx
47.6086457,19.1468617,157.82,2025-10-20 12:50:14.981000+00:00,,20251020-001.gpx
47.6086463,19.1468511,157.82,2025-10-20 12:50:15.186000+00:00,,20251020-001.gpx
47.608647,19.1468405,157.82,2025-10-20 12:50:15.390000+00:00,,20251020-001.gpx
47.6086475,19.1468306,157.83,2025-10-20 12:50:15.577000+00:00,,20251020-001.gpx
47.6086481,19.1468208,157.84,2025-10-20 12:50:15.759000+00:00,,20251020-001.gpx
47.6086488,19.1468091,157.83,2025-10-20 12:50:15.982000+00:00,,20251020-001.gpx
47.6086494,19.1467996,157.82,2025-10-20 12:50:16.162000+00:00,,20251020-001.gpx
47.6086501,19.1467879,157.81,2025-10-20 12:50:16.386000+00:00,,20251020-001.gpx
47.6086506,19.1467783,157.81,2025-10-20 12:50:16.568000+00:00,,20251020-001.gpx
47.6086512,19.1467675,157.81,2025-10-20 12:50:16.770000+00:00,,20251020-001.gpx
47.6086518,19.146757,157.82,2025-10-20 12:50:16.972000+00:00,,20251020-001.gpx
47.6086524,19.1467465,157.82,2025-10-20 12:50:17.174000+00:00,,20251020-001.gpx
47.608653,19.1467357,157.82,2025-10-20 12:50:17.377000+00:00,,20251020-001.gpx
47.6086536,19.1467248,157.83,2025-10-20 12:50:17.580000+00:00,,20251020-001.gpx
47.6086541,19.1467147,157.84,2025-10-20 12:50:17.762000+00:00,,20251020-001.gpx
47.6086546,19.1467036,157.84,2025-10-20 12:50:17.963000+00:00,,20251020-001.gpx
47.6086552,19.1466914,157.83,2025-10-20 12:50:18.183000+00:00,,20251020-001.gpx
47.6086555,19.1466804,157.83,2025-10-20 12:50:18.385000+00:00,,20251020-001.gpx
47.6086557,19.1466695,157.83,2025-10-20 12:50:18.587000+00:00,,20251020-001.gpx
47.6086559,19.1466584,157.83,2025-10-20 12:50:18.790000+00:00,,20251020-001.gpx
47.608656,19.1466476,157.83,2025-10-20 12:50:18.992000+00:00,,20251020-001.gpx
47.6086561,19.1466367,157.82,2025-10-20 12:50:19.196000+00:00,,20251020-001.gpx
47.6086561,19.1466266,157.83,2025-10-20 12:50:19.385000+00:00,,20251020-001.gpx
47.608656,19.1466151,157.83,2025-10-20 12:50:19.606000+00:00,,20251020-001.gpx
47.6086559,19.1466055,157.83,2025-10-20 12:50:19.787000+00:00,,20251020-001.gpx
47.6086557,19.1465961,157.82,2025-10-20 12:50:19.967000+00:00,,20251020-001.gpx
47.6086555,19.1465843,157.81,2025-10-20 12:50:20.190000+00:00,,20251020-001.gpx
47.6086552,19.1465743,157.81,2025-10-20 12:50:20.383000+00:00,,20251020-001.gpx
47.6086549,19.1465635,157.81,2025-10-20 12:50:20.586000+00:00,,20251020-001.gpx
47.6086545,19.1465526,157.8,2025-10-20 12:50:20.788000+00:00,,20251020-001.gpx
47.608654,19.1465418,157.79,2025-10-20 12:50:20.989000+00:00,,20251020-001.gpx
47.6086536,19.1465307,157.77,2025-10-20 12:50:21.192000+00:00,,20251020-001.gpx
47.6086532,19.1465199,157.75,2025-10-20 12:50:21.395000+00:00,,20251020-001.gpx
47.6086526,19.146509,157.73,2025-10-20 12:50:21.597000+00:00,,20251020-001.gpx
47.6086518,19.1464981,157.71,2025-10-20 12:50:21.799000+00:00,,20251020-001.gpx
47.6086509,19.1464873,157.7,2025-10-20 12:50:22.001000+00:00,,20251020-001.gpx
47.6086501,19.1464788,157.7,2025-10-20 12:50:22.164000+00:00,,20251020-001.gpx
47.608649,19.1464672,157.7,2025-10-20 12:50:22.388000+00:00,,20251020-001.gpx
47.6086478,19.1464564,157.7,2025-10-20 12:50:22.590000+00:00,,20251020-001.gpx
47.6086465,19.1464459,157.7,2025-10-20 12:50:22.791000+00:00,,20251020-001.gpx
47.6086452,19.1464352,157.7,2025-10-20 12:50:22.993000+00:00,,20251020-001.gpx
47.608644,19.1464258,157.69,2025-10-20 12:50:23.175000+00:00,,20251020-001.gpx
47.6086426,19.146415,157.68,2025-10-20 12:50:23.385000+00:00,,20251020-001.gpx
47.6086413,19.1464057,157.67,2025-10-20 12:50:23.565000+00:00,,20251020-001.gpx
47.6086396,19.1463944,157.66,2025-10-20 12:50:23.787000+00:00,,20251020-001.gpx
47.6086381,19.1463852,157.66,2025-10-20 12:50:23.966000+00:00,,20251020-001.gpx
47.6086364,19.1463747,157.65,2025-10-20 12:50:24.171000+00:00,,20251020-001.gpx
47.6086343,19.1463635,157.64,2025-10-20 12:50:24.400000+00:00,,20251020-001.gpx
47.6086327,19.1463555,157.63,2025-10-20 12:50:24.562000+00:00,,20251020-001.gpx
47.6086304,19.1463443,157.61,2025-10-20 12:50:24.783000+00:00,,20251020-001.gpx
47.6086281,19.1463341,157.6,2025-10-20 12:50:24.985000+00:00,,20251020-001.gpx
47.6086256,19.146324,157.59,2025-10-20 12:50:25.186000+00:00,,20251020-001.gpx
47.608623,19.1463133,157.58,2025-10-20 12:50:25.404000+00:00,,20251020-001.gpx
47.6086203,19.1463032,157.58,2025-10-20 12:50:25.607000+00:00,,20251020-001.gpx
47.6086176,19.1462932,157.58,2025-10-20 12:50:25.810000+00:00,,20251020-001.gpx
47.6086147,19.1462831,157.57,2025-10-20 12:50:26.012000+00:00,,20251020-001.gpx
47.6086123,19.1462751,157.56,2025-10-20 12:50:26.173000+00:00,,20251020-001.gpx
47.6086089,19.1462637,157.55,2025-10-20 12:50:26.403000+00:00,,20251020-001.gpx
47.6086058,19.1462536,157.54,2025-10-20 12:50:26.606000+00:00,,20251020-001.gpx
47.6086029,19.1462447,157.52,2025-10-20 12:50:26.785000+00:00,,20251020-001.gpx
47.6085992,19.146234,157.5,2025-10-20 12:50:27.007000+00:00,,20251020-001.gpx
47.6085957,19.1462246,157.48,2025-10-20 12:50:27.208000+00:00,,20251020-001.gpx
47.6085921,19.146215,157.47,2025-10-20 12:50:27.412000+00:00,,20251020-001.gpx
47.6085885,19.146206,157.46,2025-10-20 12:50:27.613000+00:00,,20251020-001.gpx
47.6085846,19.1461968,157.44,2025-10-20 12:50:27.815000+00:00,,20251020-001.gpx
47.6085809,19.1461885,157.43,2025-10-20 12:50:27.996000+00:00,,20251020-001.gpx
47.6085763,19.1461794,157.4,2025-10-20 12:50:28.202000+00:00,,20251020-001.gpx
47.6085716,19.1461708,157.39,2025-10-20 12:50:28.406000+00:00,,20251020-001.gpx
47.6085666,19.1461622,157.37,2025-10-20 12:50:28.608000+00:00,,20251020-001.gpx
47.6085614,19.1461539,157.35,2025-10-20 12:50:28.809000+00:00,,20251020-001.gpx
47.6085559,19.1461458,157.33,2025-10-20 12:50:29.009000+00:00,,20251020-001.gpx
47.6085503,19.146138,157.32,2025-10-20 12:50:29.211000+00:00,,20251020-001.gpx
47.6085445,19.1461307,157.3,2025-10-20 12:50:29.413000+00:00,,20251020-001.gpx
47.6085386,19.1461238,157.3,2025-10-20 12:50:29.615000+00:00,,20251020-001.gpx
47.6085322,19.1461168,157.29,2025-10-20 12:50:29.819000+00:00,,20251020-001.gpx
47.6085255,19.1461102,157.3,2025-10-20 12:50:30.021000+00:00,,20251020-001.gpx
47.6085207,19.1461057,157.3,2025-10-20 12:50:30.163000+00:00,,20251020-001.gpx
47.6085132,19.1460991,157.29,2025-10-20 12:50:30.385000+00:00,,20251020-001.gpx
47.6085055,19.1460931,157.29,2025-10-20 12:50:30.607000+00:00,,20251020-001.gpx
47.6084994,19.1460887,157.28,2025-10-20 12:50:30.787000+00:00,,20251020-001.gpx
47.6084923,19.1460838,157.28,2025-10-20 12:50:30.988000+00:00,,20251020-001.gpx
47.6084843,19.1460789,157.28,2025-10-20 12:50:31.210000+00:00,,20251020-001.gpx
47.6084774,19.1460752,157.28,2025-10-20 12:50:31.403000+00:00,,20251020-001.gpx
47.6084702,19.1460717,157.29,2025-10-20 12:50:31.606000+00:00,,20251020-001.gpx
47.6084628,19.1460687,157.28,2025-10-20 12:50:31.807000+00:00,,20251020-001.gpx
47.608457,19.1460666,157.26,2025-10-20 12:50:31.968000+00:00,,20251020-001.gpx
47.6084481,19.1460639,157.25,2025-10-20 12:50:32.211000+00:00,,20251020-001.gpx
47.6084407,19.1460623,157.23,2025-10-20 12:50:32.415000+00:00,,20251020-001.gpx
47.608434,19.1460614,157.23,2025-10-20 12:50:32.596000+00:00,,20251020-001.gpx
47.6084258,19.1460608,157.22,2025-10-20 12:50:32.817000+00:00,,20251020-001.gpx
47.6084183,19.1460607,157.22,2025-10-20 12:50:33.017000+00:00,,20251020-001.gpx
47.6084118,19.1460609,157.21,2025-10-20 12:50:33.198000+00:00,,20251020-001.gpx
47.6084036,19.1460616,157.21,2025-10-20 12:50:33.425000+00:00,,20251020-001.gpx
47.6083963,19.1460625,157.2,2025-10-20 12:50:33.626000+00:00,,20251020-001.gpx
47.608389,19.1460637,157.2,2025-10-20 12:50:33.829000+00:00,,20251020-001.gpx
47.6083817,19.1460651,157.22,2025-10-20 12:50:34.029000+00:00,,20251020-001.gpx
47.6083751,19.1460664,157.24,2025-10-20 12:50:34.210000+00:00,,20251020-001.gpx
47.6083673,19.1460684,157.25,2025-10-20 12:50:34.431000+00:00,,20251020-001.gpx
47.6083607,19.1460705,157.26,2025-10-20 12:50:34.616000+00:00,,20251020-001.gpx
47.6083537,19.146073,157.26,2025-10-20 12:50:34.818000+00:00,,20251020-001.gpx
47.6083465,19.1460759,157.27,2025-10-20 12:50:35.020000+00:00,,20251020-001.gpx
47.6083399,19.1460788,157.28,2025-10-20 12:50:35.208000+00:00,,20251020-001.gpx
47.608334,19.1460815,157.29,2025-10-20 12:50:35.380000+00:00,,20251020-001.gpx
47.6083254,19.1460856,157.3,2025-10-20 12:50:35.628000+00:00,,20251020-001.gpx
47.6083185,19.1460891,157.3,2025-10-20 12:50:35.829000+00:00,,20251020-001.gpx
47.6083115,19.1460927,157.31,2025-10-20 12:50:36.031000+00:00,,20251020-001.gpx
47.6083051,19.1460962,157.31,2025-10-20 12:50:36.215000+00:00,,20251020-001.gpx
47.608299,19.1460999,157.3,2025-10-20 12:50:36.399000+00:00,,20251020-001.gpx
47.6082919,19.1461048,157.3,2025-10-20 12:50:36.622000+00:00,,20251020-001.gpx
47.6082865,19.1461088,157.3,2025-10-20 12:50:36.804000+00:00,,20251020-001.gpx
47.6082801,19.1461136,157.3,2025-10-20 12:50:37.006000+00:00,,20251020-001.gpx
47.6082736,19.1461189,157.31,2025-10-20 12:50:37.208000+00:00,,20251020-001.gpx
47.6082674,19.1461241,157.31,2025-10-20 12:50:37.410000+00:00,,20251020-001.gpx
47.6082613,19.1461294,157.29,2025-10-20 12:50:37.610000+00:00,,20251020-001.gpx
47.6082551,19.146135,157.3,2025-10-20 12:50:37.811000+00:00,,20251020-001.gpx
47.6082489,19.1461408,157.32,2025-10-20 12:50:38.012000+00:00,,20251020-001.gpx
47.6082426,19.1461469,157.34,2025-10-20 12:50:38.215000+00:00,,20251020-001.gpx
47.608237,19.1461525,157.35,2025-10-20 12:50:38.399000+00:00,,20251020-001.gpx
47.6082304,19.1461596,157.38,2025-10-20 12:50:38.620000+00:00,,20251020-001.gpx
47.6082248,19.1461662,157.4,2025-10-20 12:50:38.822000+00:00,,20251020-001.gpx
47.6082191,19.1461732,157.42,2025-10-20 12:50:39.024000+00:00,,20251020-001.gpx
47.6082134,19.1461805,157.44,2025-10-20 12:50:39.228000+00:00,,20251020-001.gpx
47.608208,19.1461881,157.45,2025-10-20 12:50:39.422000+00:00,,20251020-001.gpx
47.6082026,19.1461962,157.46,2025-10-20 12:50:39.623000+00:00,,20251020-001.gpx
47.6081986,19.1462026,157.47,2025-10-20 12:50:39.783000+00:00,,20251020-001.gpx
47.6081922,19.1462132,157.47,2025-10-20 12:50:40.026000+00:00,,20251020-001.gpx
47.6081876,19.1462216,157.46,2025-10-20 12:50:40.213000+00:00,,20251020-001.gpx
47.6081826,19.1462309,157.48,2025-10-20 12:50:40.417000+00:00,,20251020-001.gpx
47.6081777,19.1462401,157.5,2025-10-20 12:50:40.620000+00:00,,20251020-001.gpx
47.608173,19.1462493,157.53,2025-10-20 12:50:40.821000+00:00,,20251020-001.gpx
47.6081682,19.1462586,157.55,2025-10-20 12:50:41.021000+00:00,,20251020-001.gpx
47.6081636,19.1462679,157.58,2025-10-20 12:50:41.221000+00:00,,20251020-001.gpx
47.608159,19.1462773,157.59,2025-10-20 12:50:41.427000+00:00,,20251020-001.gpx
47.6081547,19.1462865,157.6,2025-10-20 12:50:41.628000+00:00,,20251020-001.gpx
47.6081504,19.146296,157.6,2025-10-20 12:50:41.829000+00:00,,20251020-001.gpx
47.6081465,19.1463056,157.61,2025-10-20 12:50:42.030000+00:00,,20251020-001.gpx
47.6081427,19.1463152,157.62,2025-10-20 12:50:42.232000+00:00,,20251020-001.gpx
47.6081393,19.1463246,157.63,2025-10-20 12:50:42.428000+00:00,,20251020-001.gpx
47.608136,19.1463343,157.64,2025-10-20 12:50:42.629000+00:00,,20251020-001.gpx
47.6081329,19.1463439,157.65,2025-10-20 12:50:42.830000+00:00,,20251020-001.gpx
47.6081301,19.1463537,157.66,2025-10-20 12:50:43.031000+00:00,,20251020-001.gpx
47.6081282,19.1463605,157.67,2025-10-20 12:50:43.170000+00:00,,20251020-001.gpx
47.6081253,19.146372,157.68,2025-10-20 12:50:43.400000+00:00,,20251020-001.gpx
47.6081227,19.1463832,157.7,2025-10-20 12:50:43.621000+00:00,,20251020-001.gpx
47.6081207,19.1463926,157.72,2025-10-20 12:50:43.801000+00:00,,20251020-001.gpx
47.6081185,19.1464042,157.74,2025-10-20 12:50:44.021000+00:00,,20251020-001.gpx
47.6081166,19.1464151,157.75,2025-10-20 12:50:44.224000+00:00,,20251020-001.gpx
47.6081151,19.1464257,157.76,2025-10-20 12:50:44.427000+00:00,,20251020-001.gpx
47.6081139,19.146435,157.76,2025-10-20 12:50:44.607000+00:00,,20251020-001.gpx
47.6081126,19.1464474,157.76,2025-10-20 12:50:44.828000+00:00,,20251020-001.gpx
47.6081118,19.1464586,157.78,2025-10-20 12:50:45.029000+00:00,,20251020-001.gpx
47.6081113,19.1464679,157.8,2025-10-20 12:50:45.196000+00:00,,20251020-001.gpx
47.6081109,19.1464813,157.83,2025-10-20 12:50:45.430000+00:00,,20251020-001.gpx
47.6081109,19.1464927,157.86,2025-10-20 12:50:45.632000+00:00,,20251020-001.gpx
47.6081112,19.1465043,157.88,2025-10-20 12:50:45.836000+00:00,,20251020-001.gpx
47.6081118,19.1465161,157.9,2025-10-20 12:50:46.037000+00:00,,20251020-001.gpx
47.6081129,19.1465283,157.92,2025-10-20 12:50:46.247000+00:00,,20251020-001.gpx
47.608114,19.1465379,157.93,2025-10-20 12:50:46.413000+00:00,,20251020-001.gpx
47.6081159,19.1465505,157.94,2025-10-20 12:50:46.637000+00:00,,20251020-001.gpx
47.6081179,19.1465617,157.95,2025-10-20 12:50:46.837000+00:00,,20251020-001.gpx
47.6081194,19.1465694,157.95,2025-10-20 12:50:46.978000+00:00,,20251020-001.gpx
47.6081229,19.1465846,157.97,2025-10-20 12:50:47.261000+00:00,,20251020-001.gpx
47.6081255,19.1465936,157.96,2025-10-20 12:50:47.441000+00:00,,20251020-001.gpx
47.6081286,19.1466039,157.96,2025-10-20 12:50:47.642000+00:00,,20251020-001.gpx
47.6081317,19.1466131,157.97,2025-10-20 12:50:47.824000+00:00,,20251020-001.gpx
47.6081357,19.1466241,157.99,2025-10-20 12:50:48.045000+00:00,,20251020-001.gpx
47.6081397,19.146634,158.0,2025-10-20 12:50:48.246000+00:00,,20251020-001.gpx
47.6081437,19.1466434,158.01,2025-10-20 12:50:48.447000+00:00,,20251020-001.gpx
47.608148,19.146653,158.02,2025-10-20 12:50:48.651000+00:00,,20251020-001.gpx
47.608152,19.1466613,158.03,2025-10-20 12:50:48.832000+00:00,,20251020-001.gpx
47.608157,19.1466713,158.03,2025-10-20 12:50:49.057000+00:00,,20251020-001.gpx
47.6081611,19.1466791,158.04,2025-10-20 12:50:49.238000+00:00,,20251020-001.gpx
47.608166,19.1466878,158.06,2025-10-20 12:50:49.452000+00:00,,20251020-001.gpx
47.6081708,19.146696,158.07,2025-10-20 12:50:49.651000+00:00,,20251020-001.gpx
47.6081757,19.146704,158.08,2025-10-20 12:50:49.853000+00:00,,20251020-001.gpx
47.6081807,19.1467117,158.09,2025-10-20 12:50:50.056000+00:00,,20251020-001.gpx
47.6081848,19.1467178,158.1,2025-10-20 12:50:50.218000+00:00,,20251020-001.gpx
47.608191,19.1467263,158.11,2025-10-20 12:50:50.460000+00:00,,20251020-001.gpx
47.6081961,19.1467331,158.1,2025-10-20 12:50:50.661000+00:00,,20251020-001.gpx
47.6082015,19.1467399,158.09,2025-10-20 12:50:50.863000+00:00,,20251020-001.gpx
47.6082069,19.1467466,158.1,2025-10-20 12:50:51.064000+00:00,,20251020-001.gpx
47.6082125,19.1467534,158.11,2025-10-20 12:50:51.272000+00:00,,20251020-001.gpx
47.6082175,19.1467593,158.12,2025-10-20 12:50:51.456000+00:00,,20251020-001.gpx
47.608223,19.1467658,158.13,2025-10-20 12:50:51.656000+00:00,,20251020-001.gpx
47.6082286,19.1467721,158.13,2025-10-20 12:50:51.857000+00:00,,20251020-001.gpx
47.6082344,19.1467786,158.14,2025-10-20 12:50:52.060000+00:00,,20251020-001.gpx
47.6082397,19.1467842,158.14,2025-10-20 12:50:52.244000+00:00,,20251020-001.gpx
47.6082452,19.1467896,158.15,2025-10-20 12:50:52.427000+00:00,,20251020-001.gpx
47.6082519,19.1467959,158.16,2025-10-20 12:50:52.650000+00:00,,20251020-001.gpx
47.6082589,19.1468019,158.17,2025-10-20 12:50:52.873000+00:00,,20251020-001.gpx
47.6082646,19.1468066,158.18,2025-10-20 12:50:53.054000+00:00,,20251020-001.gpx
47.608271,19.1468119,158.17,2025-10-20 12:50:53.266000+00:00,,20251020-001.gpx
47.6082772,19.146817,158.18,2025-10-20 12:50:53.468000+00:00,,20251020-001.gpx
47.6082836,19.1468223,158.19,2025-10-20 12:50:53.670000+00:00,,20251020-001.gpx
47.6082898,19.1468274,158.21,2025-10-20 12:50:53.870000+00:00,,20251020-001.gpx
47.6082961,19.1468322,158.21,2025-10-20 12:50:54.071000+00:00,,20251020-001.gpx
47.6083018,19.1468365,158.2,2025-10-20 12:50:54.257000+00:00,,20251020-001.gpx
47.6083089,19.1468417,158.2,2025-10-20 12:50:54.481000+00:00,,20251020-001.gpx
47.6083153,19.1468461,158.2,2025-10-20 12:50:54.682000+00:00,,20251020-001.gpx
47.6083218,19.1468504,158.21,2025-10-20 12:50:54.885000+00:00,,20251020-001.gpx
47.6083283,19.1468545,158.21,2025-10-20 12:50:55.083000+00:00,,20251020-001.gpx
47.6083349,19.1468585,158.21,2025-10-20 12:50:55.286000+00:00,,20251020-001.gpx
47.6083414,19.1468624,158.2,2025-10-20 12:50:55.488000+00:00,,20251020-001.gpx
47.608348,19.1468663,158.19,2025-10-20 12:50:55.688000+00:00,,20251020-001.gpx
47.6083548,19.14687,158.19,2025-10-20 12:50:55.892000+00:00,,20251020-001.gpx
47.6083607,19.1468731,158.19,2025-10-20 12:50:56.071000+00:00,,20251020-001.gpx
47.6083686,19.146877,158.18,2025-10-20 12:50:56.301000+00:00,,20251020-001.gpx
47.608375,19.14688,158.18,2025-10-20 12:50:56.485000+00:00,,20251020-001.gpx
47.6083822,19.1468833,158.17,2025-10-20 12:50:56.687000+00:00,,20251020-001.gpx
47.6083893,19.1468865,158.17,2025-10-20 12:50:56.888000+00:00,,20251020-001.gpx
47.6083965,19.1468896,158.16,2025-10-20 12:50:57.092000+00:00,,20251020-001.gpx
47.6084039,19.146893,158.14,2025-10-20 12:50:57.296000+00:00,,20251020-001.gpx
47.6084096,19.1468956,158.13,2025-10-20 12:50:57.457000+00:00,,20251020-001.gpx
47.6084169,19.1468988,158.13,2025-10-20 12:50:57.659000+00:00,,20251020-001.gpx
47.6084248,19.1469023,158.11,2025-10-20 12:50:57.880000+00:00,,20251020-001.gpx
47.6084321,19.1469055,158.11,2025-10-20 12:50:58.081000+00:00,,20251020-001.gpx
47.6084398,19.1469085,158.1,2025-10-20 12:50:58.292000+00:00,,20251020-001.gpx
47.6084465,19.1469111,158.09,2025-10-20 12:50:58.476000+00:00,,20251020-001.gpx
47.6084538,19.1469138,158.08,2025-10-20 12:50:58.676000+00:00,,20251020-001.gpx
47.6084596,19.1469159,158.07,2025-10-20 12:50:58.836000+00:00,,20251020-001.gpx
47.6084682,19.1469189,158.06,2025-10-20 12:50:59.076000+00:00,,20251020-001.gpx
47.6084755,19.1469214,158.05,2025-10-20 12:50:59.284000+00:00,,20251020-001.gpx
47.6084828,19.1469237,158.04,2025-10-20 12:50:59.485000+00:00,,20251020-001.gpx
47.6084901,19.146926,158.03,2025-10-20 12:50:59.687000+00:00,,20251020-001.gpx
47.6084973,19.1469283,158.02,2025-10-20 12:50:59.887000+00:00,,20251020-001.gpx
47.6085044,19.1469305,158.02,2025-10-20 12:51:00.087000+00:00,,20251020-001.gpx
47.6085117,19.1469328,158.02,2025-10-20 12:51:00.292000+00:00,,20251020-001.gpx
47.6085187,19.1469351,158.02,2025-10-20 12:51:00.494000+00:00,,20251020-001.gpx
47.6085237,19.1469368,158.01,2025-10-20 12:51:00.636000+00:00,,20251020-001.gpx
47.6085316,19.1469396,158.01,2025-10-20 12:51:00.861000+00:00,,20251020-001.gpx
47.6085386,19.1469422,158.01,2025-10-20 12:51:01.065000+00:00,,20251020-001.gpx
47.6085459,19.1469448,158.01,2025-10-20 12:51:01.277000+00:00,,20251020-001.gpx
47.6085529,19.1469472,158.01,2025-10-20 12:51:01.480000+00:00,,20251020-001.gpx
47.6085599,19.1469495,158.01,2025-10-20 12:51:01.680000+00:00,,20251020-001.gpx
47.608567,19.1469519,158.0,2025-10-20 12:51:01.883000+00:00,,20251020-001.gpx
47.6085739,19.1469542,158.0,2025-10-20 12:51:02.085000+00:00,,20251020-001.gpx
47.6085808,19.1469566,158.0,2025-10-20 12:51:02.287000+00:00,,20251020-001.gpx
47.6085876,19.1469588,157.99,2025-10-20 12:51:02.487000+00:00,,20251020-001.gpx
47.6085946,19.1469608,157.99,2025-10-20 12:51:02.688000+00:00,,20251020-001.gpx
47.6086017,19.1469627,158.0,2025-10-20 12:51:02.889000+00:00,,20251020-001.gpx
47.608609,19.1469644,158.0,2025-10-20 12:51:03.090000+00:00,,20251020-001.gpx
47.6086164,19.1469659,158.0,2025-10-20 12:51:03.293000+00:00,,20251020-001.gpx
47.6086239,19.1469675,157.99,2025-10-20 12:51:03.496000+00:00,,20251020-001.gpx
47.6086313,19.1469689,157.97,2025-10-20 12:51:03.697000+00:00,,20251020-001.gpx
47.6086369,19.14697,157.96,2025-10-20 12:51:03.858000+00:00,,20251020-001.gpx
47.6086455,19.1469718,157.93,2025-10-20 12:51:04.099000+00:00,,20251020-001.gpx
47.6086525,19.1469731,157.83,2025-10-20 12:51:04.304000+00:00,,20251020-001.gpx
47.6086581,19.146974,157.64,2025-10-20 12:51:04.485000+00:00,,20251020-001.gpx
47.6086632,19.1469748,157.34,2025-10-20 12:51:04.706000+00:00,,20251020-001.gpx
47.608666,19.1469749,157.05,2025-10-20 12:51:04.908000+00:00,,20251020-001.gpx
47.6086674,19.1469745,156.79,2025-10-20 12:51:05.109000+00:00,,20251020-001.gpx
47.6086678,19.1469737,156.54,2025-10-20 12:51:05.316000+00:00,,20251020-001.gpx
47.6086672,19.1469729,156.31,2025-10-20 12:51:05.517000+00:00,,20251020-001.gpx
47.6086659,19.1469724,156.1,2025-10-20 12:51:05.716000+00:00,,20251020-001.gpx
47.6086641,19.146972,155.91,2025-10-20 12:51:05.917000+00:00,,20251020-001.gpx
47.6086619,19.1469718,155.71,2025-10-20 12:51:06.117000+00:00,,20251020-001.gpx
47.6086592,19.1469717,155.52,2025-10-20 12:51:06.324000+00:00,,20251020-001.gpx
47.6086564,19.1469717,155.34,2025-10-20 12:51:06.528000+00:00,,20251020-001.gpx
47.6086539,19.1469716,155.17,2025-10-20 12:51:06.710000+00:00,,20251020-001.gpx
47.6086509,19.1469716,154.96,2025-10-20 12:51:06.932000+00:00,,20251020-001.gpx
47.608648,19.1469715,154.78,2025-10-20 12:51:07.132000+00:00,,20251020-001.gpx
47.6086453,19.1469713,154.58,2025-10-20 12:51:07.336000+00:00,,20251020-001.gpx
47.6086427,19.1469713,154.37,2025-10-20 12:51:07.537000+00:00,,20251020-001.gpx
47.6086405,19.1469713,154.17,2025-10-20 12:51:07.738000+00:00,,20251020-001.gpx
47.6086386,19.1469715,153.97,2025-10-20 12:51:07.939000+00:00,,20251020-001.gpx
47.608637,19.1469717,153.78,2025-10-20 12:51:08.141000+00:00,,20251020-001.gpx
47.6086359,19.1469718,153.61,2025-10-20 12:51:08.312000+00:00,,20251020-001.gpx
47.6086345,19.1469717,153.41,2025-10-20 12:51:08.512000+00:00,,20251020-001.gpx
47.6086333,19.1469718,153.19,2025-10-20 12:51:08.733000+00:00,,20251020-001.gpx
47.6086324,19.1469719,153.0,2025-10-20 12:51:08.933000+00:00,,20251020-001.gpx
47.6086317,19.146972,152.81,2025-10-20 12:51:09.133000+00:00,,20251020-001.gpx
47.6086311,19.1469723,152.6,2025-10-20 12:51:09.344000+00:00,,20251020-001.gpx
47.6086308,19.1469724,152.43,2025-10-20 12:51:09.525000+00:00,,20251020-001.gpx
47.6086305,19.1469724,152.21,2025-10-20 12:51:09.745000+00:00,,20251020-001.gpx
47.6086303,19.1469722,152.02,2025-10-20 12:51:09.926000+00:00,,20251020-001.gpx
47.6086302,19.146972,151.81,2025-10-20 12:51:10.126000+00:00,,20251020-001.gpx
47.6086301,19.1469715,151.57,2025-10-20 12:51:10.350000+00:00,,20251020-001.gpx
47.6086301,19.146971,151.37,2025-10-20 12:51:10.550000+00:00,,20251020-001.gpx
47.6086303,19.1469707,151.17,2025-10-20 12:51:10.750000+00:00,,20251020-001.gpx
47.6086305,19.1469705,150.98,2025-10-20 12:51:10.951000+00:00,,20251020-001.gpx
47.6086309,19.1469705,150.78,2025-10-20 12:51:11.152000+00:00,,20251020-001.gpx
47.6086314,19.1469706,150.58,2025-10-20 12:51:11.358000+00:00,,20251020-001.gpx
47.6086318,19.1469709,150.38,2025-10-20 12:51:11.558000+00:00,,20251020-001.gpx
47.6086322,19.1469713,150.19,2025-10-20 12:51:11.759000+00:00,,20251020-001.gpx
47.6086327,19.1469717,150.0,2025-10-20 12:51:11.961000+00:00,,20251020-001.gpx
47.6086331,19.146972,149.8,2025-10-20 12:51:12.163000+00:00,,20251020-001.gpx
47.6086335,19.1469722,149.62,2025-10-20 12:51:12.345000+00:00,,20251020-001.gpx
47.6086339,19.1469724,149.44,2025-10-20 12:51:12.527000+00:00,,20251020-001.gpx
47.6086345,19.1469728,149.22,2025-10-20 12:51:12.750000+00:00,,20251020-001.gpx
47.608635,19.1469734,149.04,2025-10-20 12:51:12.952000+00:00,,20251020-001.gpx
47.6086354,19.1469742,148.86,2025-10-20 12:51:13.155000+00:00,,20251020-001.gpx
47.6086356,19.146975,148.66,2025-10-20 12:51:13.362000+00:00,,20251020-001.gpx
47.6086357,19.1469757,148.46,2025-10-20 12:51:13.566000+00:00,,20251020-001.gpx
47.6086358,19.1469763,148.24,2025-10-20 12:51:13.769000+00:00,,20251020-001.gpx
47.6086359,19.1469768,148.01,2025-10-20 12:51:13.971000+00:00,,20251020-001.gpx
47.608636,19.1469771,147.81,2025-10-20 12:51:14.152000+00:00,,20251020-001.gpx
47.608636,19.1469772,147.59,2025-10-20 12:51:14.356000+00:00,,20251020-001.gpx
47.608636,19.1469771,147.37,2025-10-20 12:51:14.559000+00:00,,20251020-001.gpx
47.608636,19.1469767,147.14,2025-10-20 12:51:14.762000+00:00,,20251020-001.gpx
47.6086359,19.1469763,146.92,2025-10-20 12:51:14.964000+00:00,,20251020-001.gpx
47.6086357,19.1469757,146.71,2025-10-20 12:51:15.166000+00:00,,20251020-001.gpx
47.6086356,19.1469753,146.55,2025-10-20 12:51:15.331000+00:00,,20251020-001.gpx
47.6086355,19.1469746,146.31,2025-10-20 12:51:15.573000+00:00,,20251020-001.gpx
47.6086355,19.146974,146.09,2025-10-20 12:51:15.775000+00:00,,20251020-001.gpx
47.6086354,19.1469735,145.87,2025-10-20 12:51:15.977000+00:00,,20251020-001.gpx
47.6086353,19.146973,145.67,2025-10-20 12:51:16.159000+00:00,,20251020-001.gpx
47.6086352,19.1469725,145.47,2025-10-20 12:51:16.352000+00:00,,20251020-001.gpx
47.6086352,19.1469722,145.28,2025-10-20 12:51:16.532000+00:00,,20251020-001.gpx
47.6086351,19.1469717,145.05,2025-10-20 12:51:16.752000+00:00,,20251020-001.gpx
47.608635,19.1469713,144.88,2025-10-20 12:51:16.913000+00:00,,20251020-001.gpx
47.6086348,19.1469708,144.62,2025-10-20 12:51:17.153000+00:00,,20251020-001.gpx
47.6086347,19.1469704,144.4,2025-10-20 12:51:17.362000+00:00,,20251020-001.gpx
47.6086345,19.14697,144.2,2025-10-20 12:51:17.563000+00:00,,20251020-001.gpx
47.6086343,19.1469696,144.01,2025-10-20 12:51:17.744000+00:00,,20251020-001.gpx
47.6086342,19.1469692,143.78,2025-10-20 12:51:17.965000+00:00,,20251020-001.gpx
47.6086341,19.146969,143.56,2025-10-20 12:51:18.187000+00:00,,20251020-001.gpx
47.6086341,19.1469691,143.38,2025-10-20 12:51:18.381000+00:00,,20251020-001.gpx
47.6086339,19.1469692,143.17,2025-10-20 12:51:18.584000+00:00,,20251020-001.gpx
47.6086338,19.1469693,142.98,2025-10-20 12:51:18.786000+00:00,,20251020-001.gpx
47.6086335,19.1469693,142.78,2025-10-20 12:51:18.987000+00:00,,20251020-001.gpx
47.6086335,19.1469694,142.59,2025-10-20 12:51:19.191000+00:00,,20251020-001.gpx
47.6086334,19.1469697,142.39,2025-10-20 12:51:19.401000+00:00,,20251020-001.gpx
47.6086332,19.1469699,142.19,2025-10-20 12:51:19.602000+00:00,,20251020-001.gpx
47.6086332,19.1469701,142.01,2025-10-20 12:51:19.783000+00:00,,20251020-001.gpx
47.6086334,19.1469702,141.8,2025-10-20 12:51:20.004000+00:00,,20251020-001.gpx
47.6086336,19.1469703,141.61,2025-10-20 12:51:20.203000+00:00,,20251020-001.gpx
47.6086339,19.1469703,141.4,2025-10-20 12:51:20.413000+00:00,,20251020-001.gpx
47.608634,19.1469703,141.21,2025-10-20 12:51:20.596000+00:00,,20251020-001.gpx
47.6086343,19.1469704,141.03,2025-10-20 12:51:20.778000+00:00,,20251020-001.gpx
47.6086345,19.1469705,140.8,2025-10-20 12:51:20.998000+00:00,,20251020-001.gpx
47.6086347,19.1469708,140.6,2025-10-20 12:51:21.207000+00:00,,20251020-001.gpx
47.6086348,19.1469711,140.4,2025-10-20 12:51:21.408000+00:00,,20251020-001.gpx
47.6086351,19.1469714,140.2,2025-10-20 12:51:21.614000+00:00,,20251020-001.gpx
47.6086354,19.1469716,140.0,2025-10-20 12:51:21.815000+00:00,,20251020-001.gpx
47.6086357,19.1469716,139.79,2025-10-20 12:51:22.016000+00:00,,20251020-001.gpx
47.608636,19.1469718,139.61,2025-10-20 12:51:22.198000+00:00,,20251020-001.gpx
47.6086363,19.1469721,139.39,2025-10-20 12:51:22.405000+00:00,,20251020-001.gpx
47.6086364,19.1469726,139.21,2025-10-20 12:51:22.586000+00:00,,20251020-001.gpx
47.6086363,19.1469731,139.01,2025-10-20 12:51:22.787000+00:00,,20251020-001.gpx
47.608636,19.1469739,138.8,2025-10-20 12:51:23.008000+00:00,,20251020-001.gpx
47.6086357,19.1469744,138.61,2025-10-20 12:51:23.208000+00:00,,20251020-001.gpx
47.6086356,19.1469748,138.43,2025-10-20 12:51:23.391000+00:00,,20251020-001.gpx
47.6086356,19.1469752,138.2,2025-10-20 12:51:23.613000+00:00,,20251020-001.gpx
47.6086357,19.1469755,138.02,2025-10-20 12:51:23.794000+00:00,,20251020-001.gpx
47.6086358,19.1469759,137.82,2025-10-20 12:51:24.014000+00:00,,20251020-001.gpx
47.6086358,19.1469762,137.73,2025-10-20 12:51:24.197000+00:00,,20251020-001.gpx
47.6086358,19.1469764,137.68,2025-10-20 12:51:24.364000+00:00,,20251020-001.gpx
47.6086357,19.1469766,137.56,2025-10-20 12:51:24.586000+00:00,,20251020-001.gpx
47.6086358,19.1469768,137.36,2025-10-20 12:51:24.808000+00:00,,20251020-001.gpx
47.6086358,19.1469771,137.18,2025-10-20 12:51:25.010000+00:00,,20251020-001.gpx
47.6086357,19.1469775,136.98,2025-10-20 12:51:25.212000+00:00,,20251020-001.gpx
47.6086354,19.1469775,136.92,2025-10-20 12:51:25.417000+00:00,,20251020-001.gpx
47.6086352,19.1469772,136.9,2025-10-20 12:51:25.616000+00:00,,20251020-001.gpx
47.6086351,19.146977,136.9,2025-10-20 12:51:25.817000+00:00,,20251020-001.gpx
47.608635,19.1469769,136.9,2025-10-20 12:51:26.019000+00:00,,20251020-001.gpx
47.6086349,19.1469769,136.9,2025-10-20 12:51:26.219000+00:00,,20251020-001.gpx
47.6086349,19.1469768,136.91,2025-10-20 12:51:26.413000+00:00,,20251020-001.gpx
47.6086348,19.1469767,136.91,2025-10-20 12:51:26.618000+00:00,,20251020-001.gpx
47.6086348,19.1469767,136.92,2025-10-20 12:51:26.819000+00:00,,20251020-001.gpx
47.6086349,19.1469767,136.92,2025-10-20 12:51:27.019000+00:00,,20251020-001.gpx
47.6086349,19.1469767,136.92,2025-10-20 12:51:27.220000+00:00,,20251020-001.gpx
47.608635,19.1469767,136.93,2025-10-20 12:51:27.421000+00:00,,20251020-001.gpx
47.608635,19.1469767,136.93,2025-10-20 12:51:27.622000+00:00,,20251020-001.gpx
47.6086351,19.1469768,136.93,2025-10-20 12:51:27.821000+00:00,,20251020-001.gpx
47.6086351,19.1469768,136.94,2025-10-20 12:51:28.022000+00:00,,20251020-001.gpx
47.6086351,19.1469768,136.94,2025-10-20 12:51:28.122000+00:00,,20251020-001.gpx
47.6086351,19.1469768,136.94,2025-10-20 12:51:28.122000+00:00,,20251020-001.gpx
47.6086351,19.1469768,136.94,2025-10-20 12:51:28.122000+00:00,,20251020-001.gpx
47.6086351,19.1469768,136.94,2025-10-20 12:51:28.122000+00:00,,20251020-001.gpx
47.6086351,19.1469768,136.94,2025-10-20 12:51:28.122000+00:00,,20251020-001.gpx
47.6086351,19.1469768,136.94,2025-10-20 12:51:28.122000+00:00,,20251020-001.gpx
47.6086351,19.1469768,136.94,2025-10-20 12:51:29.432000+00:00,,20251020-001.gpx
47.6086351,19.1469767,136.94,2025-10-20 12:51:29.632000+00:00,,20251020-001.gpx
47.6086351,19.1469766,136.94,2025-10-20 12:51:29.832000+00:00,,20251020-001.gpx
47.6086351,19.1469765,136.94,2025-10-20 12:51:30.033000+00:00,,20251020-001.gpx
47.6086351,19.1469764,136.94,2025-10-20 12:51:30.233000+00:00,,20251020-001.gpx
47.608635,19.1469762,136.94,2025-10-20 12:51:30.438000+00:00,,20251020-001.gpx
47.608635,19.1469763,136.95,2025-10-20 12:51:30.638000+00:00,,20251020-001.gpx
47.6086351,19.1469765,136.96,2025-10-20 12:51:30.839000+00:00,,20251020-001.gpx
47.6086353,19.1469769,136.96,2025-10-20 12:51:31.039000+00:00,,20251020-001.gpx
47.6086355,19.1469772,136.97,2025-10-20 12:51:31.240000+00:00,,20251020-001.gpx
47.6086357,19.1469772,136.97,2025-10-20 12:51:31.426000+00:00,,20251020-001.gpx
47.6086357,19.1469772,136.97,2025-10-20 12:51:31.627000+00:00,,20251020-001.gpx
47.6086357,19.1469773,136.98,2025-10-20 12:51:31.826000+00:00,,20251020-001.gpx
47.6086357,19.1469773,136.99,2025-10-20 12:51:32.027000+00:00,,20251020-001.gpx
47.6086357,19.1469774,137.0,2025-10-20 12:51:32.227000+00:00,,20251020-001.gpx
47.6086357,19.1469774,137.01,2025-10-20 12:51:32.431000+00:00,,20251020-001.gpx
47.6086356,19.1469774,137.02,2025-10-20 12:51:32.632000+00:00,,20251020-001.gpx
47.6086356,19.1469773,137.03,2025-10-20 12:51:32.852000+00:00,,20251020-001.gpx
47.6086356,19.1469773,137.04,2025-10-20 12:51:33.032000+00:00,,20251020-001.gpx
47.6086355,19.1469773,137.05,2025-10-20 12:51:33.236000+00:00,,20251020-001.gpx
47.6086355,19.1469773,137.06,2025-10-20 12:51:33.436000+00:00,,20251020-001.gpx
47.6086354,19.1469773,137.07,2025-10-20 12:51:33.637000+00:00,,20251020-001.gpx
47.6086354,19.1469773,137.08,2025-10-20 12:51:33.838000+00:00,,20251020-001.gpx
47.6086353,19.1469773,137.09,2025-10-20 12:51:34.039000+00:00,,20251020-001.gpx
47.6086353,19.1469772,137.1,2025-10-20 12:51:34.239000+00:00,,20251020-001.gpx
47.6086352,19.1469772,137.11,2025-10-20 12:51:34.443000+00:00,,20251020-001.gpx
47.6086352,19.1469772,137.12,2025-10-20 12:51:34.647000+00:00,,20251020-001.gpx
47.6086352,19.1469772,137.13,2025-10-20 12:51:34.848000+00:00,,20251020-001.gpx
47.6086352,19.1469772,137.14,2025-10-20 12:51:35.049000+00:00,,20251020-001.gpx
47.6086351,19.1469772,137.15,2025-10-20 12:51:35.235000+00:00,,20251020-001.gpx
47.6086351,19.1469771,137.17,2025-10-20 12:51:35.436000+00:00,,20251020-001.gpx
47.6086351,19.1469771,137.18,2025-10-20 12:51:35.637000+00:00,,20251020-001.gpx
47.6086351,19.1469771,137.19,2025-10-20 12:51:35.837000+00:00,,20251020-001.gpx
47.608635,19.1469771,137.2,2025-10-20 12:51:36.037000+00:00,,20251020-001.gpx
47.6086351,19.146977,137.22,2025-10-20 12:51:36.238000+00:00,,20251020-001.gpx
47.6086351,19.146977,137.23,2025-10-20 12:51:36.438000+00:00,,20251020-001.gpx
47.6086351,19.146977,137.23,2025-10-20 12:51:36.637000+00:00,,20251020-001.gpx
47.6086351,19.1469771,137.24,2025-10-20 12:51:36.838000+00:00,,20251020-001.gpx
47.6086351,19.1469771,137.25,2025-10-20 12:51:37.037000+00:00,,20251020-001.gpx
47.608635,19.1469771,137.26,2025-10-20 12:51:37.237000+00:00,,20251020-001.gpx
47.608635,19.146977,137.28,2025-10-20 12:51:37.438000+00:00,,20251020-001.gpx
47.608635,19.146977,137.29,2025-10-20 12:51:37.638000+00:00,,20251020-001.gpx
47.608635,19.146977,137.3,2025-10-20 12:51:37.838000+00:00,,20251020-001.gpx
47.608635,19.146977,137.31,2025-10-20 12:51:38.058000+00:00,,20251020-001.gpx
47.608635,19.146977,137.32,2025-10-20 12:51:38.243000+00:00,,20251020-001.gpx
47.608635,19.1469769,137.33,2025-10-20 12:51:38.443000+00:00,,20251020-001.gpx
47.608635,19.1469769,137.34,2025-10-20 12:51:38.646000+00:00,,20251020-001.gpx
47.6086351,19.146977,137.35,2025-10-20 12:51:38.847000+00:00,,20251020-001.gpx
47.6086351,19.146977,137.35,2025-10-20 12:51:39.046000+00:00,,20251020-001.gpx
47.6086351,19.1469771,137.36,2025-10-20 12:51:39.246000+00:00,,20251020-001.gpx
47.6086351,19.1469771,137.37,2025-10-20 12:51:39.447000+00:00,,20251020-001.gpx
47.6086351,19.1469771,137.38,2025-10-20 12:51:39.646000+00:00,,20251020-001.gpx
47.608635,19.1469771,137.38,2025-10-20 12:51:39.846000+00:00,,20251020-001.gpx
47.608635,19.1469771,137.39,2025-10-20 12:51:40.047000+00:00,,20251020-001.gpx
47.608635,19.1469771,137.4,2025-10-20 12:51:40.248000+00:00,,20251020-001.gpx
47.608635,19.1469771,137.4,2025-10-20 12:51:40.448000+00:00,,20251020-001.gpx
47.608635,19.1469771,137.41,2025-10-20 12:51:40.650000+00:00,,20251020-001.gpx
47.608635,19.1469771,137.42,2025-10-20 12:51:40.849000+00:00,,20251020-001.gpx
47.608635,19.1469771,137.42,2025-10-20 12:51:41.050000+00:00,,20251020-001.gpx
47.6086349,19.1469771,137.43,2025-10-20 12:51:41.253000+00:00,,20251020-001.gpx
47.6086349,19.1469771,137.44,2025-10-20 12:51:41.454000+00:00,,20251020-001.gpx
47.608635,19.1469771,137.44,2025-10-20 12:51:41.655000+00:00,,20251020-001.gpx
47.608635,19.1469771,137.45,2025-10-20 12:51:41.855000+00:00,,20251020-001.gpx
47.608635,19.1469771,137.46,2025-10-20 12:51:42.056000+00:00,,20251020-001.gpx
47.608635,19.1469771,137.46,2025-10-20 12:51:42.257000+00:00,,20251020-001.gpx
47.6086351,19.1469771,137.47,2025-10-20 12:51:42.459000+00:00,,20251020-001.gpx
47.6086351,19.146977,137.48,2025-10-20 12:51:42.661000+00:00,,20251020-001.gpx
47.6086351,19.146977,137.49,2025-10-20 12:51:42.862000+00:00,,20251020-001.gpx
47.6086351,19.146977,137.49,2025-10-20 12:51:43.062000+00:00,,20251020-001.gpx
47.6086351,19.146977,137.5,2025-10-20 12:51:43.269000+00:00,,20251020-001.gpx
47.6086351,19.1469769,137.51,2025-10-20 12:51:43.472000+00:00,,20251020-001.gpx
47.6086351,19.1469769,137.51,2025-10-20 12:51:43.673000+00:00,,20251020-001.gpx
47.6086351,19.1469769,137.52,2025-10-20 12:51:43.873000+00:00,,20251020-001.gpx
47.6086351,19.1469769,137.52,2025-10-20 12:51:44.073000+00:00,,20251020-001.gpx
47.6086351,19.1469769,137.53,2025-10-20 12:51:44.275000+00:00,,20251020-001.gpx
47.6086351,19.1469769,137.53,2025-10-20 12:51:44.476000+00:00,,20251020-001.gpx
47.6086352,19.1469768,137.53,2025-10-20 12:51:44.675000+00:00,,20251020-001.gpx
47.6086352,19.1469769,137.54,2025-10-20 12:51:44.876000+00:00,,20251020-001.gpx
47.6086352,19.1469769,137.54,2025-10-20 12:51:45.076000+00:00,,20251020-001.gpx
47.6086352,19.1469769,137.55,2025-10-20 12:51:45.278000+00:00,,20251020-001.gpx
47.6086352,19.1469769,137.55,2025-10-20 12:51:45.479000+00:00,,20251020-001.gpx
47.6086352,19.1469769,137.56,2025-10-20 12:51:45.679000+00:00,,20251020-001.gpx
47.6086353,19.146977,137.56,2025-10-20 12:51:45.880000+00:00,,20251020-001.gpx
47.6086353,19.146977,137.56,2025-10-20 12:51:46.080000+00:00,,20251020-001.gpx
47.6086352,19.146977,137.57,2025-10-20 12:51:46.269000+00:00,,20251020-001.gpx
47.6086352,19.146977,137.58,2025-10-20 12:51:46.469000+00:00,,20251020-001.gpx
47.6086352,19.1469771,137.58,2025-10-20 12:51:46.670000+00:00,,20251020-001.gpx
47.6086352,19.1469771,137.58,2025-10-20 12:51:46.871000+00:00,,20251020-001.gpx
47.6086352,19.1469771,137.58,2025-10-20 12:51:47.071000+00:00,,20251020-001.gpx
47.6086352,19.1469771,137.58,2025-10-20 12:51:47.275000+00:00,,20251020-001.gpx
47.6086352,19.1469771,137.59,2025-10-20 12:51:47.475000+00:00,,20251020-001.gpx
47.6086352,19.1469771,137.59,2025-10-20 12:51:47.675000+00:00,,20251020-001.gpx
47.6086352,19.1469771,137.59,2025-10-20 12:51:47.875000+00:00,,20251020-001.gpx
47.6086352,19.1469771,137.59,2025-10-20 12:51:48.075000+00:00,,20251020-001.gpx
47.6086353,19.1469771,137.6,2025-10-20 12:51:48.277000+00:00,,20251020-001.gpx
47.6086353,19.1469772,137.61,2025-10-20 12:51:48.477000+00:00,,20251020-001.gpx
47.6086353,19.1469772,137.61,2025-10-20 12:51:48.677000+00:00,,20251020-001.gpx
47.6086353,19.1469772,137.61,2025-10-20 12:51:48.877000+00:00,,20251020-001.gpx
47.6086353,19.1469772,137.61,2025-10-20 12:51:49.077000+00:00,,20251020-001.gpx
47.6086353,19.1469772,137.62,2025-10-20 12:51:49.277000+00:00,,20251020-001.gpx
47.6086353,19.1469772,137.62,2025-10-20 12:51:49.478000+00:00,,20251020-001.gpx
47.6086353,19.1469771,137.63,2025-10-20 12:51:49.677000+00:00,,20251020-001.gpx
47.6086353,19.1469771,137.63,2025-10-20 12:51:49.878000+00:00,,20251020-001.gpx
47.6086353,19.1469771,137.63,2025-10-20 12:51:50.077000+00:00,,20251020-001.gpx
47.6086352,19.1469771,137.63,2025-10-20 12:51:50.278000+00:00,,20251020-001.gpx
47.6086352,19.1469771,137.64,2025-10-20 12:51:50.478000+00:00,,20251020-001.gpx
47.6086352,19.1469772,137.64,2025-10-20 12:51:50.678000+00:00,,20251020-001.gpx
47.6086352,19.1469772,137.64,2025-10-20 12:51:50.879000+00:00,,20251020-001.gpx
47.6086352,19.1469773,137.64,2025-10-20 12:51:51.079000+00:00,,20251020-001.gpx
47.6086352,19.1469773,137.65,2025-10-20 12:51:51.263000+00:00,,20251020-001.gpx
47.6086352,19.1469774,137.65,2025-10-20 12:51:51.467000+00:00,,20251020-001.gpx
47.6086352,19.1469774,137.66,2025-10-20 12:51:51.668000+00:00,,20251020-001.gpx
47.6086352,19.1469773,137.66,2025-10-20 12:51:51.869000+00:00,,20251020-001.gpx
47.6086353,19.1469774,137.67,2025-10-20 12:51:52.069000+00:00,,20251020-001.gpx
47.6086353,19.1469774,137.67,2025-10-20 12:51:52.275000+00:00,,20251020-001.gpx
47.6086353,19.1469774,137.67,2025-10-20 12:51:52.478000+00:00,,20251020-001.gpx
47.6086353,19.1469773,137.67,2025-10-20 12:51:52.678000+00:00,,20251020-001.gpx
47.6086352,19.1469773,137.67,2025-10-20 12:51:52.879000+00:00,,20251020-001.gpx
47.6086352,19.1469773,137.67,2025-10-20 12:51:53.079000+00:00,,20251020-001.gpx
47.6086352,19.1469773,137.68,2025-10-20 12:51:53.281000+00:00,,20251020-001.gpx
47.6086353,19.1469773,137.68,2025-10-20 12:51:53.483000+00:00,,20251020-001.gpx
47.6086353,19.1469773,137.68,2025-10-20 12:51:53.683000+00:00,,20251020-001.gpx
47.6086353,19.1469773,137.68,2025-10-20 12:51:53.883000+00:00,,20251020-001.gpx
47.6086353,19.1469773,137.69,2025-10-20 12:51:54.084000+00:00,,20251020-001.gpx
47.6086353,19.1469773,137.7,2025-10-20 12:51:54.287000+00:00,,20251020-001.gpx
47.6086353,19.1469773,137.7,2025-10-20 12:51:54.487000+00:00,,20251020-001.gpx
47.6086353,19.1469772,137.7,2025-10-20 12:51:54.688000+00:00,,20251020-001.gpx
47.6086353,19.1469772,137.7,2025-10-20 12:51:54.888000+00:00,,20251020-001.gpx
47.6086353,19.1469772,137.7,2025-10-20 12:51:55.090000+00:00,,20251020-001.gpx
47.6086353,19.1469772,137.7,2025-10-20 12:51:55.276000+00:00,,20251020-001.gpx
47.6086353,19.1469772,137.7,2025-10-20 12:51:55.477000+00:00,,20251020-001.gpx
47.6086353,19.1469772,137.7,2025-10-20 12:51:55.677000+00:00,,20251020-001.gpx
47.6086353,19.1469772,137.7,2025-10-20 12:51:55.877000+00:00,,20251020-001.gpx
47.6086352,19.1469772,137.7,2025-10-20 12:51:56.077000+00:00,,20251020-001.gpx
47.6086352,19.1469771,137.7,2025-10-20 12:51:56.278000+00:00,,20251020-001.gpx
47.6086352,19.1469771,137.71,2025-10-20 12:51:56.479000+00:00,,20251020-001.gpx
47.6086351,19.1469771,137.71,2025-10-20 12:51:56.678000+00:00,,20251020-001.gpx
47.6086351,19.1469771,137.71,2025-10-20 12:51:56.898000+00:00,,20251020-001.gpx
47.6086351,19.1469771,137.71,2025-10-20 12:51:57.078000+00:00,,20251020-001.gpx
47.6086351,19.1469771,137.71,2025-10-20 12:51:57.280000+00:00,,20251020-001.gpx
47.6086351,19.1469771,137.72,2025-10-20 12:51:57.480000+00:00,,20251020-001.gpx
47.608635,19.146977,137.71,2025-10-20 12:51:57.680000+00:00,,20251020-001.gpx
47.608635,19.146977,137.71,2025-10-20 12:51:57.880000+00:00,,20251020-001.gpx
47.608635,19.1469771,137.72,2025-10-20 12:51:58.080000+00:00,,20251020-001.gpx
47.6086351,19.1469771,137.72,2025-10-20 12:51:58.266000+00:00,,20251020-001.gpx
47.6086351,19.1469771,137.73,2025-10-20 12:51:58.492000+00:00,,20251020-001.gpx
47.6086351,19.1469772,137.73,2025-10-20 12:51:58.693000+00:00,,20251020-001.gpx
47.6086351,19.1469772,137.73,2025-10-20 12:51:58.894000+00:00,,20251020-001.gpx
47.6086351,19.1469773,137.73,2025-10-20 12:51:59.095000+00:00,,20251020-001.gpx
47.6086351,19.1469773,137.73,2025-10-20 12:51:59.298000+00:00,,20251020-001.gpx
47.6086351,19.1469772,137.74,2025-10-20 12:51:59.500000+00:00,,20251020-001.gpx
47.6086351,19.1469772,137.73,2025-10-20 12:51:59.703000+00:00,,20251020-001.gpx
47.6086351,19.1469772,137.74,2025-10-20 12:51:59.903000+00:00,,20251020-001.gpx
47.6086351,19.1469772,137.74,2025-10-20 12:52:00.104000+00:00,,20251020-001.gpx
47.6086351,19.1469772,137.75,2025-10-20 12:52:00.287000+00:00,,20251020-001.gpx
47.6086351,19.1469772,137.75,2025-10-20 12:52:00.488000+00:00,,20251020-001.gpx
47.6086351,19.1469772,137.75,2025-10-20 12:52:00.688000+00:00,,20251020-001.gpx
47.6086351,19.1469772,137.75,2025-10-20 12:52:00.889000+00:00,,20251020-001.gpx
47.6086351,19.1469772,137.75,2025-10-20 12:52:01.089000+00:00,,20251020-001.gpx
47.6086351,19.1469773,137.76,2025-10-20 12:52:01.297000+00:00,,20251020-001.gpx
47.6086351,19.1469773,137.77,2025-10-20 12:52:01.497000+00:00,,20251020-001.gpx
47.6086351,19.1469773,137.76,2025-10-20 12:52:01.697000+00:00,,20251020-001.gpx
47.6086351,19.1469773,137.76,2025-10-20 12:52:01.898000+00:00,,20251020-001.gpx
47.6086351,19.1469773,137.76,2025-10-20 12:52:02.098000+00:00,,20251020-001.gpx
47.6086351,19.1469773,137.76,2025-10-20 12:52:02.300000+00:00,,20251020-001.gpx
47.6086351,19.1469773,137.77,2025-10-20 12:52:02.500000+00:00,,20251020-001.gpx
47.6086351,19.1469773,137.77,2025-10-20 12:52:02.700000+00:00,,20251020-001.gpx
47.6086352,19.1469773,137.77,2025-10-20 12:52:02.900000+00:00,,20251020-001.gpx
47.6086352,19.1469773,137.77,2025-10-20 12:52:03.101000+00:00,,20251020-001.gpx
47.6086352,19.1469773,137.77,2025-10-20 12:52:03.302000+00:00,,20251020-001.gpx
47.6086352,19.1469773,137.77,2025-10-20 12:52:03.503000+00:00,,20251020-001.gpx
47.6086352,19.1469773,137.77,2025-10-20 12:52:03.704000+00:00,,20251020-001.gpx
47.6086352,19.1469773,137.77,2025-10-20 12:52:03.904000+00:00,,20251020-001.gpx
47.6086352,19.1469773,137.77,2025-10-20 12:52:04.105000+00:00,,20251020-001.gpx
47.6086352,19.1469773,137.78,2025-10-20 12:52:04.286000+00:00,,20251020-001.gpx
47.6086352,19.1469773,137.78,2025-10-20 12:52:04.487000+00:00,,20251020-001.gpx
47.6086351,19.1469773,137.78,2025-10-20 12:52:04.689000+00:00,,20251020-001.gpx
47.6086351,19.1469773,137.78,2025-10-20 12:52:04.890000+00:00,,20251020-001.gpx
47.6086351,19.1469773,137.78,2025-10-20 12:52:05.090000+00:00,,20251020-001.gpx
47.6086352,19.1469773,137.78,2025-10-20 12:52:05.292000+00:00,,20251020-001.gpx
47.6086352,19.1469773,137.79,2025-10-20 12:52:05.492000+00:00,,20251020-001.gpx
47.6086352,19.1469772,137.78,2025-10-20 12:52:05.693000+00:00,,20251020-001.gpx
47.6086352,19.1469772,137.78,2025-10-20 12:52:05.893000+00:00,,20251020-001.gpx
47.6086352,19.1469772,137.78,2025-10-20 12:52:06.093000+00:00,,20251020-001.gpx
47.6086352,19.1469772,137.78,2025-10-20 12:52:06.298000+00:00,,20251020-001.gpx
47.6086352,19.1469772,137.79,2025-10-20 12:52:06.499000+00:00,,20251020-001.gpx
47.6086352,19.1469771,137.79,2025-10-20 12:52:06.698000+00:00,,20251020-001.gpx
47.6086351,19.1469771,137.78,2025-10-20 12:52:06.898000+00:00,,20251020-001.gpx
47.6086351,19.1469771,137.78,2025-10-20 12:52:07.098000+00:00,,20251020-001.gpx
47.6086351,19.1469771,137.79,2025-10-20 12:52:07.300000+00:00,,20251020-001.gpx
47.6086351,19.1469772,137.79,2025-10-20 12:52:07.500000+00:00,,20251020-001.gpx
47.6086351,19.1469772,137.79,2025-10-20 12:52:07.700000+00:00,,20251020-001.gpx
47.6086351,19.1469772,137.79,2025-10-20 12:52:07.900000+00:00,,20251020-001.gpx
47.6086351,19.1469773,137.79,2025-10-20 12:52:08.100000+00:00,,20251020-001.gpx
47.6086351,19.1469773,137.8,2025-10-20 12:52:08.305000+00:00,,20251020-001.gpx
47.6086351,19.1469774,137.8,2025-10-20 12:52:08.506000+00:00,,20251020-001.gpx
47.6086351,19.1469774,137.8,2025-10-20 12:52:08.706000+00:00,,20251020-001.gpx
47.6086352,19.1469774,137.79,2025-10-20 12:52:08.907000+00:00,,20251020-001.gpx
47.6086352,19.1469775,137.79,2025-10-20 12:52:09.107000+00:00,,20251020-001.gpx
47.6086352,19.1469775,137.79,2025-10-20 12:52:09.308000+00:00,,20251020-001.gpx
47.6086352,19.1469775,137.79,2025-10-20 12:52:09.509000+00:00,,20251020-001.gpx
47.6086352,19.1469774,137.79,2025-10-20 12:52:09.709000+00:00,,20251020-001.gpx
47.6086352,19.1469774,137.8,2025-10-20 12:52:09.909000+00:00,,20251020-001.gpx
47.6086352,19.1469774,137.8,2025-10-20 12:52:10.110000+00:00,,20251020-001.gpx
47.6086352,19.1469774,137.8,2025-10-20 12:52:10.313000+00:00,,20251020-001.gpx
47.6086352,19.1469773,137.81,2025-10-20 12:52:10.514000+00:00,,20251020-001.gpx
47.6086352,19.1469773,137.81,2025-10-20 12:52:10.715000+00:00,,20251020-001.gpx
47.6086352,19.1469773,137.8,2025-10-20 12:52:10.915000+00:00,,20251020-001.gpx
47.6086352,19.1469773,137.81,2025-10-20 12:52:11.115000+00:00,,20251020-001.gpx
47.6086352,19.1469773,137.81,2025-10-20 12:52:11.318000+00:00,,20251020-001.gpx
47.6086352,19.1469773,137.82,2025-10-20 12:52:11.518000+00:00,,20251020-001.gpx
47.6086352,19.1469773,137.81,2025-10-20 12:52:11.718000+00:00,,20251020-001.gpx
47.6086352,19.1469773,137.81,2025-10-20 12:52:11.918000+00:00,,20251020-001.gpx
47.6086352,19.1469773,137.81,2025-10-20 12:52:12.118000+00:00,,20251020-001.gpx
47.6086352,19.1469774,137.81,2025-10-20 12:52:12.319000+00:00,,20251020-001.gpx
47.6086352,19.1469774,137.82,2025-10-20 12:52:12.519000+00:00,,20251020-001.gpx
47.6086352,19.1469773,137.82,2025-10-20 12:52:12.719000+00:00,,20251020-001.gpx
47.6086351,19.1469773,137.82,2025-10-20 12:52:12.919000+00:00,,20251020-001.gpx
47.6086351,19.1469772,137.83,2025-10-20 12:52:13.119000+00:00,,20251020-001.gpx
47.6086351,19.1469772,137.83,2025-10-20 12:52:13.325000+00:00,,20251020-001.gpx
47.6086351,19.1469772,137.84,2025-10-20 12:52:13.508000+00:00,,20251020-001.gpx
47.6086351,19.1469772,137.84,2025-10-20 12:52:13.709000+00:00,,20251020-001.gpx
47.6086351,19.1469772,137.84,2025-10-20 12:52:13.909000+00:00,,20251020-001.gpx
47.6086351,19.1469772,137.84,2025-10-20 12:52:14.109000+00:00,,20251020-001.gpx
47.6086351,19.1469772,137.85,2025-10-20 12:52:14.311000+00:00,,20251020-001.gpx
47.6086351,19.1469772,137.85,2025-10-20 12:52:14.511000+00:00,,20251020-001.gpx
47.6086351,19.1469772,137.86,2025-10-20 12:52:14.712000+00:00,,20251020-001.gpx
47.608635,19.1469772,137.86,2025-10-20 12:52:14.934000+00:00,,20251020-001.gpx
47.608635,19.1469772,137.86,2025-10-20 12:52:15.114000+00:00,,20251020-001.gpx
47.608635,19.1469772,137.86,2025-10-20 12:52:15.318000+00:00,,20251020-001.gpx
47.608635,19.1469772,137.87,2025-10-20 12:52:15.521000+00:00,,20251020-001.gpx
47.608635,19.1469773,137.87,2025-10-20 12:52:15.721000+00:00,,20251020-001.gpx
47.608635,19.1469773,137.88,2025-10-20 12:52:15.921000+00:00,,20251020-001.gpx
47.608635,19.1469772,137.89,2025-10-20 12:52:16.121000+00:00,,20251020-001.gpx
47.608635,19.1469772,137.89,2025-10-20 12:52:16.309000+00:00,,20251020-001.gpx
47.608635,19.1469773,137.89,2025-10-20 12:52:16.512000+00:00,,20251020-001.gpx
47.608635,19.1469773,137.9,2025-10-20 12:52:16.712000+00:00,,20251020-001.gpx
47.608635,19.1469773,137.89,2025-10-20 12:52:16.915000+00:00,,20251020-001.gpx
47.608635,19.1469773,137.89,2025-10-20 12:52:17.116000+00:00,,20251020-001.gpx
47.608635,19.1469773,137.9,2025-10-20 12:52:17.317000+00:00,,20251020-001.gpx
47.608635,19.1469773,137.91,2025-10-20 12:52:17.520000+00:00,,20251020-001.gpx
47.608635,19.1469773,137.9,2025-10-20 12:52:17.720000+00:00,,20251020-001.gpx
47.608635,19.1469773,137.91,2025-10-20 12:52:17.920000+00:00,,20251020-001.gpx
47.6086351,19.1469773,137.91,2025-10-20 12:52:18.122000+00:00,,20251020-001.gpx
47.6086351,19.1469774,137.92,2025-10-20 12:52:18.322000+00:00,,20251020-001.gpx
47.6086351,19.1469774,137.93,2025-10-20 12:52:18.523000+00:00,,20251020-001.gpx
47.6086351,19.1469774,137.93,2025-10-20 12:52:18.724000+00:00,,20251020-001.gpx
47.6086351,19.1469774,137.93,2025-10-20 12:52:18.924000+00:00,,20251020-001.gpx
47.6086351,19.1469774,137.93,2025-10-20 12:52:19.125000+00:00,,20251020-001.gpx
47.6086351,19.1469774,137.93,2025-10-20 12:52:19.345000+00:00,,20251020-001.gpx
47.6086351,19.1469774,137.94,2025-10-20 12:52:19.525000+00:00,,20251020-001.gpx
47.6086351,19.1469774,137.94,2025-10-20 12:52:19.725000+00:00,,20251020-001.gpx
47.6086351,19.1469774,137.94,2025-10-20 12:52:19.926000+00:00,,20251020-001.gpx
47.6086351,19.1469774,137.95,2025-10-20 12:52:20.127000+00:00,,20251020-001.gpx
47.6086351,19.1469774,137.96,2025-10-20 12:52:20.328000+00:00,,20251020-001.gpx
47.6086351,19.1469774,137.96,2025-10-20 12:52:20.528000+00:00,,20251020-001.gpx
47.6086351,19.1469774,137.96,2025-10-20 12:52:20.728000+00:00,,20251020-001.gpx
47.6086352,19.1469774,137.96,2025-10-20 12:52:20.928000+00:00,,20251020-001.gpx
47.6086352,19.1469774,137.95,2025-10-20 12:52:21.130000+00:00,,20251020-001.gpx
47.6086352,19.1469774,137.95,2025-10-20 12:52:21.336000+00:00,,20251020-001.gpx
47.6086352,19.1469774,137.95,2025-10-20 12:52:21.538000+00:00,,20251020-001.gpx
47.6086352,19.1469774,137.95,2025-10-20 12:52:21.738000+00:00,,20251020-001.gpx
47.6086352,19.1469773,137.95,2025-10-20 12:52:21.939000+00:00,,20251020-001.gpx
47.6086352,19.1469773,137.95,2025-10-20 12:52:22.140000+00:00,,20251020-001.gpx
47.6086352,19.1469773,137.96,2025-10-20 12:52:22.344000+00:00,,20251020-001.gpx
47.6086352,19.1469773,137.95,2025-10-20 12:52:22.527000+00:00,,20251020-001.gpx
47.6086352,19.1469773,137.96,2025-10-20 12:52:22.727000+00:00,,20251020-001.gpx
47.6086352,19.1469772,137.96,2025-10-20 12:52:22.928000+00:00,,20251020-001.gpx
47.6086352,19.1469773,137.96,2025-10-20 12:52:23.128000+00:00,,20251020-001.gpx
47.6086353,19.1469773,137.96,2025-10-20 12:52:23.329000+00:00,,20251020-001.gpx
47.6086353,19.1469773,137.96,2025-10-20 12:52:23.529000+00:00,,20251020-001.gpx
47.6086353,19.1469773,137.96,2025-10-20 12:52:23.749000+00:00,,20251020-001.gpx
47.6086353,19.1469773,137.95,2025-10-20 12:52:23.950000+00:00,,20251020-001.gpx
47.6086353,19.1469773,137.95,2025-10-20 12:52:24.151000+00:00,,20251020-001.gpx
47.6086353,19.1469773,137.96,2025-10-20 12:52:24.354000+00:00,,20251020-001.gpx
47.6086353,19.1469773,137.96,2025-10-20 12:52:24.536000+00:00,,20251020-001.gpx
47.6086353,19.1469773,137.96,2025-10-20 12:52:24.737000+00:00,,20251020-001.gpx
47.6086353,19.1469773,137.96,2025-10-20 12:52:24.940000+00:00,,20251020-001.gpx
47.6086353,19.1469773,137.96,2025-10-20 12:52:25.144000+00:00,,20251020-001.gpx
47.6086353,19.1469773,137.96,2025-10-20 12:52:25.347000+00:00,,20251020-001.gpx
47.6086354,19.1469773,137.96,2025-10-20 12:52:25.548000+00:00,,20251020-001.gpx
47.6086354,19.1469774,137.96,2025-10-20 12:52:25.749000+00:00,,20251020-001.gpx
47.6086354,19.1469774,137.96,2025-10-20 12:52:25.950000+00:00,,20251020-001.gpx
47.6086354,19.1469773,137.96,2025-10-20 12:52:26.150000+00:00,,20251020-001.gpx
47.6086354,19.1469773,137.96,2025-10-20 12:52:26.360000+00:00,,20251020-001.gpx
47.6086354,19.1469773,137.96,2025-10-20 12:52:26.540000+00:00,,20251020-001.gpx
47.6086353,19.1469773,137.96,2025-10-20 12:52:26.740000+00:00,,20251020-001.gpx
47.6086353,19.1469773,137.96,2025-10-20 12:52:26.940000+00:00,,20251020-001.gpx
47.6086353,19.1469772,137.97,2025-10-20 12:52:27.160000+00:00,,20251020-001.gpx
47.6086353,19.1469772,137.97,2025-10-20 12:52:27.363000+00:00,,20251020-001.gpx
47.6086353,19.1469772,137.98,2025-10-20 12:52:27.567000+00:00,,20251020-001.gpx
47.6086352,19.1469772,137.98,2025-10-20 12:52:27.747000+00:00,,20251020-001.gpx
47.6086352,19.1469772,137.97,2025-10-20 12:52:27.949000+00:00,,20251020-001.gpx
47.6086352,19.1469773,137.97,2025-10-20 12:52:28.150000+00:00,,20251020-001.gpx
47.6086352,19.1469773,137.97,2025-10-20 12:52:28.354000+00:00,,20251020-001.gpx
47.6086352,19.1469774,137.97,2025-10-20 12:52:28.554000+00:00,,20251020-001.gpx
47.6086352,19.1469774,137.97,2025-10-20 12:52:28.756000+00:00,,20251020-001.gpx
47.6086352,19.1469774,137.97,2025-10-20 12:52:28.957000+00:00,,20251020-001.gpx
47.6086352,19.1469774,137.97,2025-10-20 12:52:29.157000+00:00,,20251020-001.gpx
47.6086352,19.1469775,137.97,2025-10-20 12:52:29.358000+00:00,,20251020-001.gpx
47.6086352,19.1469775,137.97,2025-10-20 12:52:29.558000+00:00,,20251020-001.gpx
47.6086352,19.1469775,137.97,2025-10-20 12:52:29.760000+00:00,,20251020-001.gpx
47.6086352,19.1469776,137.97,2025-10-20 12:52:29.961000+00:00,,20251020-001.gpx
47.6086351,19.1469776,137.97,2025-10-20 12:52:30.162000+00:00,,20251020-001.gpx
47.6086351,19.1469776,137.97,2025-10-20 12:52:30.347000+00:00,,20251020-001.gpx
47.6086351,19.1469776,137.97,2025-10-20 12:52:30.547000+00:00,,20251020-001.gpx
47.6086351,19.1469775,137.97,2025-10-20 12:52:30.748000+00:00,,20251020-001.gpx
47.6086351,19.1469775,137.97,2025-10-20 12:52:30.948000+00:00,,20251020-001.gpx
47.6086351,19.1469775,137.97,2025-10-20 12:52:31.148000+00:00,,20251020-001.gpx
47.6086352,19.1469775,137.98,2025-10-20 12:52:31.351000+00:00,,20251020-001.gpx
47.6086352,19.1469775,137.98,2025-10-20 12:52:31.551000+00:00,,20251020-001.gpx
47.6086352,19.1469775,137.98,2025-10-20 12:52:31.752000+00:00,,20251020-001.gpx
47.6086352,19.1469775,137.97,2025-10-20 12:52:31.952000+00:00,,20251020-001.gpx
47.6086352,19.1469775,137.97,2025-10-20 12:52:32.153000+00:00,,20251020-001.gpx
47.6086352,19.1469775,137.97,2025-10-20 12:52:32.357000+00:00,,20251020-001.gpx
47.6086352,19.1469775,137.98,2025-10-20 12:52:32.559000+00:00,,20251020-001.gpx
47.6086351,19.1469774,137.98,2025-10-20 12:52:32.760000+00:00,,20251020-001.gpx
47.6086352,19.1469774,137.98,2025-10-20 12:52:32.961000+00:00,,20251020-001.gpx
47.6086352,19.1469774,137.98,2025-10-20 12:52:33.163000+00:00,,20251020-001.gpx
47.6086352,19.1469774,137.98,2025-10-20 12:52:33.363000+00:00,,20251020-001.gpx
47.6086352,19.1469774,137.98,2025-10-20 12:52:33.562000+00:00,,20251020-001.gpx
47.6086352,19.1469774,137.98,2025-10-20 12:52:33.763000+00:00,,20251020-001.gpx
47.6086352,19.1469773,137.98,2025-10-20 12:52:33.965000+00:00,,20251020-001.gpx
47.6086352,19.1469773,137.98,2025-10-20 12:52:34.165000+00:00,,20251020-001.gpx
47.6086352,19.1469773,137.98,2025-10-20 12:52:34.368000+00:00,,20251020-001.gpx
47.6086353,19.1469773,137.98,2025-10-20 12:52:34.548000+00:00,,20251020-001.gpx
47.6086353,19.1469772,137.98,2025-10-20 12:52:34.749000+00:00,,20251020-001.gpx
47.6086353,19.1469772,137.98,2025-10-20 12:52:34.948000+00:00,,20251020-001.gpx
47.6086353,19.1469772,137.99,2025-10-20 12:52:35.148000+00:00,,20251020-001.gpx
47.6086353,19.1469772,137.99,2025-10-20 12:52:35.350000+00:00,,20251020-001.gpx
47.6086353,19.1469772,137.99,2025-10-20 12:52:35.551000+00:00,,20251020-001.gpx
47.6086353,19.1469772,137.99,2025-10-20 12:52:35.751000+00:00,,20251020-001.gpx
47.6086353,19.1469772,137.99,2025-10-20 12:52:35.951000+00:00,,20251020-001.gpx
47.6086353,19.1469772,137.99,2025-10-20 12:52:36.152000+00:00,,20251020-001.gpx
47.6086353,19.1469772,137.99,2025-10-20 12:52:36.353000+00:00,,20251020-001.gpx
47.6086353,19.1469772,137.99,2025-10-20 12:52:36.553000+00:00,,20251020-001.gpx
47.6086354,19.1469772,138.0,2025-10-20 12:52:36.754000+00:00,,20251020-001.gpx
47.6086354,19.1469772,138.0,2025-10-20 12:52:36.954000+00:00,,20251020-001.gpx
47.6086354,19.1469772,138.0,2025-10-20 12:52:37.154000+00:00,,20251020-001.gpx
47.6086354,19.1469772,138.01,2025-10-20 12:52:37.357000+00:00,,20251020-001.gpx
47.6086353,19.1469772,138.0,2025-10-20 12:52:37.558000+00:00,,20251020-001.gpx
47.6086353,19.1469773,138.0,2025-10-20 12:52:37.759000+00:00,,20251020-001.gpx
47.6086353,19.1469773,138.0,2025-10-20 12:52:37.961000+00:00,,20251020-001.gpx
47.6086353,19.1469773,138.0,2025-10-20 12:52:38.121000+00:00,,20251020-001.gpx
47.6086353,19.1469773,138.0,2025-10-20 12:52:38.349000+00:00,,20251020-001.gpx
47.6086352,19.1469773,138.0,2025-10-20 12:52:38.550000+00:00,,20251020-001.gpx
47.6086352,19.1469773,138.0,2025-10-20 12:52:38.750000+00:00,,20251020-001.gpx
47.6086352,19.1469773,137.99,2025-10-20 12:52:38.950000+00:00,,20251020-001.gpx
47.6086352,19.1469773,137.99,2025-10-20 12:52:39.151000+00:00,,20251020-001.gpx
47.6086352,19.1469773,137.99,2025-10-20 12:52:39.356000+00:00,,20251020-001.gpx
47.6086352,19.1469774,138.0,2025-10-20 12:52:39.556000+00:00,,20251020-001.gpx
47.6086352,19.1469773,138.0,2025-10-20 12:52:39.757000+00:00,,20251020-001.gpx
47.6086352,19.1469773,137.99,2025-10-20 12:52:39.957000+00:00,,20251020-001.gpx
47.6086352,19.1469773,138.0,2025-10-20 12:52:40.137000+00:00,,20251020-001.gpx
47.6086352,19.1469772,138.0,2025-10-20 12:52:40.348000+00:00,,20251020-001.gpx
47.6086352,19.1469772,138.0,2025-10-20 12:52:40.569000+00:00,,20251020-001.gpx
47.6086352,19.1469772,137.99,2025-10-20 12:52:40.766000+00:00,,20251020-001.gpx
47.6086352,19.1469772,137.99,2025-10-20 12:52:40.950000+00:00,,20251020-001.gpx
47.6086352,19.1469771,137.99,2025-10-20 12:52:41.173000+00:00,,20251020-001.gpx
47.6086352,19.1469771,137.99,2025-10-20 12:52:41.357000+00:00,,20251020-001.gpx
47.6086352,19.1469771,137.99,2025-10-20 12:52:41.537000+00:00,,20251020-001.gpx
47.6086352,19.1469771,137.99,2025-10-20 12:52:41.758000+00:00,,20251020-001.gpx
47.6086352,19.1469772,137.98,2025-10-20 12:52:41.959000+00:00,,20251020-001.gpx
47.6086352,19.1469772,137.98,2025-10-20 12:52:42.161000+00:00,,20251020-001.gpx
47.6086352,19.1469772,137.99,2025-10-20 12:52:42.363000+00:00,,20251020-001.gpx
47.6086362,19.1469677,137.3,2025-10-20 12:57:13.754000+00:00,,20251020-001.gpx
47.6086363,19.1469677,137.29,2025-10-20 12:57:13.954000+00:00,,20251020-001.gpx
47.6086364,19.1469678,137.28,2025-10-20 12:57:14.154000+00:00,,20251020-001.gpx
47.6086364,19.1469679,137.28,2025-10-20 12:57:14.357000+00:00,,20251020-001.gpx
47.6086364,19.146968,137.27,2025-10-20 12:57:14.558000+00:00,,20251020-001.gpx
47.6086364,19.1469681,137.26,2025-10-20 12:57:14.758000+00:00,,20251020-001.gpx
47.6086364,19.1469682,137.25,2025-10-20 12:57:14.959000+00:00,,20251020-001.gpx
47.6086364,19.1469683,137.23,2025-10-20 12:57:15.158000+00:00,,20251020-001.gpx
47.6086364,19.1469684,137.22,2025-10-20 12:57:15.359000+00:00,,20251020-001.gpx
47.6086364,19.1469685,137.21,2025-10-20 12:57:15.559000+00:00,,20251020-001.gpx
47.6086364,19.1469686,137.19,2025-10-20 12:57:15.760000+00:00,,20251020-001.gpx
47.6086365,19.1469687,137.18,2025-10-20 12:57:15.960000+00:00,,20251020-001.gpx
47.6086365,19.1469687,137.17,2025-10-20 12:57:16.160000+00:00,,20251020-001.gpx
47.6086365,19.1469687,137.16,2025-10-20 12:57:16.360000+00:00,,20251020-001.gpx
47.6086365,19.1469687,137.15,2025-10-20 12:57:16.560000+00:00,,20251020-001.gpx
47.6086366,19.1469688,137.13,2025-10-20 12:57:16.760000+00:00,,20251020-001.gpx
47.6086366,19.1469688,137.12,2025-10-20 12:57:16.961000+00:00,,20251020-001.gpx
47.6086367,19.1469689,137.1,2025-10-20 12:57:17.161000+00:00,,20251020-001.gpx
47.6086367,19.1469689,137.09,2025-10-20 12:57:17.349000+00:00,,20251020-001.gpx
47.6086367,19.1469689,137.08,2025-10-20 12:57:17.550000+00:00,,20251020-001.gpx
47.6086367,19.1469689,137.07,2025-10-20 12:57:17.772000+00:00,,20251020-001.gpx
47.6086367,19.1469689,137.06,2025-10-20 12:57:17.952000+00:00,,20251020-001.gpx
47.6086366,19.1469689,137.06,2025-10-20 12:57:18.154000+00:00,,20251020-001.gpx
47.6086366,19.1469689,137.05,2025-10-20 12:57:18.359000+00:00,,20251020-001.gpx
47.6086365,19.1469689,137.04,2025-10-20 12:57:18.559000+00:00,,20251020-001.gpx
47.6086365,19.1469689,137.03,2025-10-20 12:57:18.739000+00:00,,20251020-001.gpx
47.6086365,19.1469689,137.02,2025-10-20 12:57:18.960000+00:00,,20251020-001.gpx
47.6086365,19.1469688,137.02,2025-10-20 12:57:19.180000+00:00,,20251020-001.gpx
47.6086365,19.1469688,137.01,2025-10-20 12:57:19.380000+00:00,,20251020-001.gpx
47.6086365,19.1469688,137.01,2025-10-20 12:57:19.581000+00:00,,20251020-001.gpx
47.6086365,19.1469688,137.0,2025-10-20 12:57:19.782000+00:00,,20251020-001.gpx
47.6086364,19.1469687,137.01,2025-10-20 12:57:19.984000+00:00,,20251020-001.gpx
47.6086364,19.1469683,137.2,2025-10-20 12:57:20.183000+00:00,,20251020-001.gpx
47.6086366,19.1469675,137.56,2025-10-20 12:57:20.385000+00:00,,20251020-001.gpx
47.6086369,19.1469665,138.01,2025-10-20 12:57:20.586000+00:00,,20251020-001.gpx
47.6086372,19.1469649,138.55,2025-10-20 12:57:20.786000+00:00,,20251020-001.gpx
47.6086373,19.1469634,139.11,2025-10-20 12:57:20.987000+00:00,,20251020-001.gpx
47.6086374,19.1469621,139.68,2025-10-20 12:57:21.187000+00:00,,20251020-001.gpx
47.6086376,19.1469612,140.15,2025-10-20 12:57:21.370000+00:00,,20251020-001.gpx
47.6086379,19.1469603,140.56,2025-10-20 12:57:21.571000+00:00,,20251020-001.gpx
47.6086382,19.1469597,140.96,2025-10-20 12:57:21.772000+00:00,,20251020-001.gpx
47.6086382,19.1469599,141.55,2025-10-20 12:57:21.973000+00:00,,20251020-001.gpx
47.6086382,19.1469607,142.15,2025-10-20 12:57:22.174000+00:00,,20251020-001.gpx
47.6086382,19.1469615,142.62,2025-10-20 12:57:22.375000+00:00,,20251020-001.gpx
47.6086379,19.1469622,142.92,2025-10-20 12:57:22.576000+00:00,,20251020-001.gpx
47.6086374,19.1469627,143.01,2025-10-20 12:57:22.777000+00:00,,20251020-001.gpx
47.6086363,19.1469629,142.93,2025-10-20 12:57:22.957000+00:00,,20251020-001.gpx
47.608634,19.1469629,142.78,2025-10-20 12:57:23.180000+00:00,,20251020-001.gpx
47.6086307,19.1469625,142.68,2025-10-20 12:57:23.365000+00:00,,20251020-001.gpx
47.6086252,19.1469618,142.57,2025-10-20 12:57:23.586000+00:00,,20251020-001.gpx
47.6086189,19.1469611,142.51,2025-10-20 12:57:23.789000+00:00,,20251020-001.gpx
47.6086117,19.1469606,142.48,2025-10-20 12:57:23.990000+00:00,,20251020-001.gpx
47.6086037,19.1469602,142.44,2025-10-20 12:57:24.192000+00:00,,20251020-001.gpx
47.6085948,19.1469595,142.41,2025-10-20 12:57:24.396000+00:00,,20251020-001.gpx
47.6085856,19.1469586,142.37,2025-10-20 12:57:24.598000+00:00,,20251020-001.gpx
47.6085761,19.1469574,142.34,2025-10-20 12:57:24.800000+00:00,,20251020-001.gpx
47.6085666,19.1469562,142.33,2025-10-20 12:57:25.005000+00:00,,20251020-001.gpx
47.6085568,19.1469549,142.32,2025-10-20 12:57:25.208000+00:00,,20251020-001.gpx
47.6085477,19.1469535,142.3,2025-10-20 12:57:25.397000+00:00,,20251020-001.gpx
47.6085378,19.1469521,142.3,2025-10-20 12:57:25.601000+00:00,,20251020-001.gpx
47.6085295,19.1469508,142.29,2025-10-20 12:57:25.782000+00:00,,20251020-001.gpx
47.6085193,19.146949,142.27,2025-10-20 12:57:26.004000+00:00,,20251020-001.gpx
47.6085098,19.1469472,142.27,2025-10-20 12:57:26.209000+00:00,,20251020-001.gpx
47.6085006,19.1469454,142.28,2025-10-20 12:57:26.412000+00:00,,20251020-001.gpx
47.6084922,19.1469438,142.26,2025-10-20 12:57:26.613000+00:00,,20251020-001.gpx
47.6084835,19.146942,142.26,2025-10-20 12:57:26.815000+00:00,,20251020-001.gpx
47.6084751,19.1469402,142.26,2025-10-20 12:57:27.017000+00:00,,20251020-001.gpx
47.6084668,19.1469382,142.25,2025-10-20 12:57:27.214000+00:00,,20251020-001.gpx
47.6084584,19.1469359,142.24,2025-10-20 12:57:27.421000+00:00,,20251020-001.gpx
47.6084505,19.1469335,142.24,2025-10-20 12:57:27.623000+00:00,,20251020-001.gpx
47.6084427,19.1469311,142.28,2025-10-20 12:57:27.825000+00:00,,20251020-001.gpx
47.6084348,19.1469283,142.31,2025-10-20 12:57:28.026000+00:00,,20251020-001.gpx
47.608427,19.1469253,142.32,2025-10-20 12:57:28.228000+00:00,,20251020-001.gpx
47.608421,19.1469228,142.32,2025-10-20 12:57:28.389000+00:00,,20251020-001.gpx
47.6084126,19.1469192,142.32,2025-10-20 12:57:28.631000+00:00,,20251020-001.gpx
47.6084053,19.1469161,142.3,2025-10-20 12:57:28.833000+00:00,,20251020-001.gpx
47.608398,19.1469134,142.32,2025-10-20 12:57:29.034000+00:00,,20251020-001.gpx
47.6083913,19.146911,142.33,2025-10-20 12:57:29.220000+00:00,,20251020-001.gpx
47.6083845,19.1469087,142.33,2025-10-20 12:57:29.409000+00:00,,20251020-001.gpx
47.6083763,19.146906,142.33,2025-10-20 12:57:29.635000+00:00,,20251020-001.gpx
47.6083691,19.1469036,142.34,2025-10-20 12:57:29.836000+00:00,,20251020-001.gpx
47.6083627,19.1469014,142.36,2025-10-20 12:57:30.016000+00:00,,20251020-001.gpx
47.6083557,19.1468991,142.36,2025-10-20 12:57:30.222000+00:00,,20251020-001.gpx
47.6083485,19.1468969,142.36,2025-10-20 12:57:30.428000+00:00,,20251020-001.gpx
47.6083408,19.1468949,142.36,2025-10-20 12:57:30.651000+00:00,,20251020-001.gpx
47.6083344,19.1468934,142.37,2025-10-20 12:57:30.830000+00:00,,20251020-001.gpx
47.6083273,19.1468919,142.39,2025-10-20 12:57:31.032000+00:00,,20251020-001.gpx
47.6083202,19.1468907,142.41,2025-10-20 12:57:31.234000+00:00,,20251020-001.gpx
47.6083141,19.1468898,142.42,2025-10-20 12:57:31.419000+00:00,,20251020-001.gpx
47.6083062,19.1468888,142.44,2025-10-20 12:57:31.642000+00:00,,20251020-001.gpx
47.6082991,19.1468881,142.45,2025-10-20 12:57:31.844000+00:00,,20251020-001.gpx
47.6082919,19.1468873,142.47,2025-10-20 12:57:32.046000+00:00,,20251020-001.gpx
47.6082847,19.1468862,142.49,2025-10-20 12:57:32.251000+00:00,,20251020-001.gpx
47.6082776,19.1468848,142.5,2025-10-20 12:57:32.452000+00:00,,20251020-001.gpx
47.6082719,19.1468835,142.51,2025-10-20 12:57:32.614000+00:00,,20251020-001.gpx
47.6082642,19.1468818,142.55,2025-10-20 12:57:32.836000+00:00,,20251020-001.gpx
47.6082575,19.1468805,142.58,2025-10-20 12:57:33.037000+00:00,,20251020-001.gpx
47.6082507,19.1468793,142.59,2025-10-20 12:57:33.240000+00:00,,20251020-001.gpx
47.608244,19.1468781,142.58,2025-10-20 12:57:33.441000+00:00,,20251020-001.gpx
47.6082371,19.1468768,142.58,2025-10-20 12:57:33.645000+00:00,,20251020-001.gpx
47.6082303,19.1468756,142.59,2025-10-20 12:57:33.846000+00:00,,20251020-001.gpx
47.6082235,19.1468744,142.59,2025-10-20 12:57:34.047000+00:00,,20251020-001.gpx
47.6082165,19.1468732,142.59,2025-10-20 12:57:34.250000+00:00,,20251020-001.gpx
47.6082097,19.1468721,142.6,2025-10-20 12:57:34.451000+00:00,,20251020-001.gpx
47.6082029,19.1468709,142.61,2025-10-20 12:57:34.652000+00:00,,20251020-001.gpx
47.608196,19.1468696,142.63,2025-10-20 12:57:34.853000+00:00,,20251020-001.gpx
47.608189,19.1468684,142.64,2025-10-20 12:57:35.054000+00:00,,20251020-001.gpx
47.6081819,19.1468672,142.66,2025-10-20 12:57:35.242000+00:00,,20251020-001.gpx
47.6081741,19.146866,142.68,2025-10-20 12:57:35.447000+00:00,,20251020-001.gpx
47.6081664,19.1468647,142.67,2025-10-20 12:57:35.647000+00:00,,20251020-001.gpx
47.6081586,19.1468633,142.66,2025-10-20 12:57:35.849000+00:00,,20251020-001.gpx
47.608151,19.1468619,142.65,2025-10-20 12:57:36.050000+00:00,,20251020-001.gpx
47.6081432,19.1468605,142.64,2025-10-20 12:57:36.252000+00:00,,20251020-001.gpx
47.6081355,19.1468591,142.64,2025-10-20 12:57:36.452000+00:00,,20251020-001.gpx
47.6081279,19.1468577,142.64,2025-10-20 12:57:36.652000+00:00,,20251020-001.gpx
47.6081201,19.1468559,142.63,2025-10-20 12:57:36.853000+00:00,,20251020-001.gpx
47.6081122,19.1468541,142.64,2025-10-20 12:57:37.054000+00:00,,20251020-001.gpx
47.608104,19.1468522,142.65,2025-10-20 12:57:37.263000+00:00,,20251020-001.gpx
47.608096,19.1468504,142.65,2025-10-20 12:57:37.464000+00:00,,20251020-001.gpx
47.6080881,19.1468487,142.67,2025-10-20 12:57:37.667000+00:00,,20251020-001.gpx
47.6080801,19.1468471,142.69,2025-10-20 12:57:37.868000+00:00,,20251020-001.gpx
47.608073,19.1468459,142.7,2025-10-20 12:57:38.048000+00:00,,20251020-001.gpx
47.6080644,19.1468443,142.72,2025-10-20 12:57:38.271000+00:00,,20251020-001.gpx
47.6080573,19.1468428,142.75,2025-10-20 12:57:38.472000+00:00,,20251020-001.gpx
47.6080497,19.1468411,142.76,2025-10-20 12:57:38.677000+00:00,,20251020-001.gpx
47.6080431,19.1468394,142.76,2025-10-20 12:57:38.859000+00:00,,20251020-001.gpx
47.6080353,19.1468372,142.74,2025-10-20 12:57:39.080000+00:00,,20251020-001.gpx
47.6080284,19.146835,142.75,2025-10-20 12:57:39.282000+00:00,,20251020-001.gpx
47.6080214,19.1468326,142.76,2025-10-20 12:57:39.483000+00:00,,20251020-001.gpx
47.6080145,19.1468302,142.74,2025-10-20 12:57:39.684000+00:00,,20251020-001.gpx
47.6080084,19.1468281,142.72,2025-10-20 12:57:39.865000+00:00,,20251020-001.gpx
47.6080008,19.1468255,142.71,2025-10-20 12:57:40.090000+00:00,,20251020-001.gpx
47.6079943,19.1468234,142.69,2025-10-20 12:57:40.292000+00:00,,20251020-001.gpx
47.6079881,19.1468213,142.68,2025-10-20 12:57:40.478000+00:00,,20251020-001.gpx
47.6079813,19.1468192,142.69,2025-10-20 12:57:40.683000+00:00,,20251020-001.gpx
47.607975,19.1468172,142.69,2025-10-20 12:57:40.885000+00:00,,20251020-001.gpx
47.6079683,19.1468151,142.68,2025-10-20 12:57:41.086000+00:00,,20251020-001.gpx
47.6079627,19.1468135,142.67,2025-10-20 12:57:41.257000+00:00,,20251020-001.gpx
47.6079561,19.1468116,142.68,2025-10-20 12:57:41.458000+00:00,,20251020-001.gpx
47.6079494,19.1468098,142.69,2025-10-20 12:57:41.659000+00:00,,20251020-001.gpx
47.6079424,19.1468083,142.7,2025-10-20 12:57:41.880000+00:00,,20251020-001.gpx
47.6079365,19.1468071,142.75,2025-10-20 12:57:42.083000+00:00,,20251020-001.gpx
47.6079317,19.1468062,142.77,2025-10-20 12:57:42.262000+00:00,,20251020-001.gpx
47.6079272,19.146805,142.77,2025-10-20 12:57:42.483000+00:00,,20251020-001.gpx
47.6079245,19.146804,142.76,2025-10-20 12:57:42.663000+00:00,,20251020-001.gpx
47.6079226,19.146803,142.74,2025-10-20 12:57:42.863000+00:00,,20251020-001.gpx
47.6079217,19.1468019,142.71,2025-10-20 12:57:43.086000+00:00,,20251020-001.gpx
47.6079217,19.146801,142.67,2025-10-20 12:57:43.297000+00:00,,20251020-001.gpx
47.6079223,19.1468002,142.65,2025-10-20 12:57:43.481000+00:00,,20251020-001.gpx
47.6079234,19.1467995,142.65,2025-10-20 12:57:43.683000+00:00,,20251020-001.gpx
47.607925,19.1467989,142.64,2025-10-20 12:57:43.884000+00:00,,20251020-001.gpx
47.607927,19.1467985,142.64,2025-10-20 12:57:44.087000+00:00,,20251020-001.gpx
47.607929,19.1467981,142.63,2025-10-20 12:57:44.290000+00:00,,20251020-001.gpx
47.6079309,19.1467979,142.62,2025-10-20 12:57:44.470000+00:00,,20251020-001.gpx
47.6079332,19.1467978,142.64,2025-10-20 12:57:44.673000+00:00,,20251020-001.gpx
47.6079362,19.1467981,142.77,2025-10-20 12:57:44.894000+00:00,,20251020-001.gpx
47.6079393,19.146799,143.0,2025-10-20 12:57:45.097000+00:00,,20251020-001.gpx
47.6079432,19.1468005,143.37,2025-10-20 12:57:45.300000+00:00,,20251020-001.gpx
47.607948,19.1468024,143.8,2025-10-20 12:57:45.503000+00:00,,20251020-001.gpx
47.6079533,19.1468045,144.26,2025-10-20 12:57:45.706000+00:00,,20251020-001.gpx
47.6079597,19.1468068,144.79,2025-10-20 12:57:45.911000+00:00,,20251020-001.gpx
47.6079665,19.1468092,145.29,2025-10-20 12:57:46.112000+00:00,,20251020-001.gpx
47.6079739,19.1468116,145.78,2025-10-20 12:57:46.314000+00:00,,20251020-001.gpx
47.6079815,19.1468141,146.27,2025-10-20 12:57:46.515000+00:00,,20251020-001.gpx
47.607989,19.1468163,146.74,2025-10-20 12:57:46.715000+00:00,,20251020-001.gpx
47.6079967,19.1468184,147.2,2025-10-20 12:57:46.916000+00:00,,20251020-001.gpx
47.6080042,19.1468203,147.67,2025-10-20 12:57:47.118000+00:00,,20251020-001.gpx
47.6080116,19.1468221,148.15,2025-10-20 12:57:47.323000+00:00,,20251020-001.gpx
47.6080183,19.1468236,148.59,2025-10-20 12:57:47.513000+00:00,,20251020-001.gpx
47.6080255,19.146825,149.06,2025-10-20 12:57:47.715000+00:00,,20251020-001.gpx
47.6080326,19.1468264,149.52,2025-10-20 12:57:47.916000+00:00,,20251020-001.gpx
47.6080395,19.1468279,149.98,2025-10-20 12:57:48.116000+00:00,,20251020-001.gpx
47.6080464,19.1468295,150.44,2025-10-20 12:57:48.320000+00:00,,20251020-001.gpx
47.6080535,19.1468314,150.9,2025-10-20 12:57:48.523000+00:00,,20251020-001.gpx
47.60806,19.146833,151.32,2025-10-20 12:57:48.708000+00:00,,20251020-001.gpx
47.608067,19.1468348,151.78,2025-10-20 12:57:48.909000+00:00,,20251020-001.gpx
47.6080738,19.1468364,152.23,2025-10-20 12:57:49.111000+00:00,,20251020-001.gpx
47.6080809,19.146838,152.71,2025-10-20 12:57:49.322000+00:00,,20251020-001.gpx
47.6080873,19.1468394,153.16,2025-10-20 12:57:49.523000+00:00,,20251020-001.gpx
47.6080933,19.1468407,153.61,2025-10-20 12:57:49.726000+00:00,,20251020-001.gpx
47.6080987,19.1468419,154.03,2025-10-20 12:57:49.908000+00:00,,20251020-001.gpx
47.6081032,19.1468429,154.38,2025-10-20 12:57:50.069000+00:00,,20251020-001.gpx
47.608109,19.1468444,154.84,2025-10-20 12:57:50.272000+00:00,,20251020-001.gpx
47.608116,19.1468462,155.46,2025-10-20 12:57:50.535000+00:00,,20251020-001.gpx
47.6081208,19.1468476,155.88,2025-10-20 12:57:50.716000+00:00,,20251020-001.gpx
47.6081257,19.1468491,156.3,2025-10-20 12:57:50.917000+00:00,,20251020-001.gpx
47.6081309,19.1468508,156.76,2025-10-20 12:57:51.119000+00:00,,20251020-001.gpx
47.6081354,19.1468523,157.19,2025-10-20 12:57:51.291000+00:00,,20251020-001.gpx
47.6081402,19.1468538,157.64,2025-10-20 12:57:51.471000+00:00,,20251020-001.gpx
47.6081461,19.1468557,158.18,2025-10-20 12:57:51.693000+00:00,,20251020-001.gpx
47.608152,19.1468576,158.7,2025-10-20 12:57:51.914000+00:00,,20251020-001.gpx
47.6081569,19.1468591,159.13,2025-10-20 12:57:52.094000+00:00,,20251020-001.gpx
47.6081627,19.146861,159.64,2025-10-20 12:57:52.307000+00:00,,20251020-001.gpx
47.6081681,19.1468627,160.11,2025-10-20 12:57:52.509000+00:00,,20251020-001.gpx
47.6081737,19.1468645,160.59,2025-10-20 12:57:52.711000+00:00,,20251020-001.gpx
47.6081798,19.1468663,161.11,2025-10-20 12:57:52.932000+00:00,,20251020-001.gpx
47.6081847,19.1468678,161.54,2025-10-20 12:57:53.112000+00:00,,20251020-001.gpx
47.6081903,19.1468695,162.03,2025-10-20 12:57:53.318000+00:00,,20251020-001.gpx
47.6081959,19.1468712,162.51,2025-10-20 12:57:53.519000+00:00,,20251020-001.gpx
47.6082013,19.1468727,162.98,2025-10-20 12:57:53.723000+00:00,,20251020-001.gpx
47.6082063,19.1468741,163.42,2025-10-20 12:57:53.905000+00:00,,20251020-001.gpx
47.6082118,19.1468754,163.9,2025-10-20 12:57:54.105000+00:00,,20251020-001.gpx
47.6082173,19.1468765,164.39,2025-10-20 12:57:54.315000+00:00,,20251020-001.gpx
47.6082222,19.1468775,164.82,2025-10-20 12:57:54.496000+00:00,,20251020-001.gpx
47.6082284,19.1468787,165.34,2025-10-20 12:57:54.717000+00:00,,20251020-001.gpx
47.6082343,19.1468797,165.81,2025-10-20 12:57:54.918000+00:00,,20251020-001.gpx
47.6082402,19.1468807,166.29,2025-10-20 12:57:55.120000+00:00,,20251020-001.gpx
47.6082461,19.1468817,166.73,2025-10-20 12:57:55.322000+00:00,,20251020-001.gpx
47.6082523,19.1468828,167.2,2025-10-20 12:57:55.525000+00:00,,20251020-001.gpx
47.6082581,19.1468838,167.62,2025-10-20 12:57:55.709000+00:00,,20251020-001.gpx
47.6082644,19.1468849,168.09,2025-10-20 12:57:55.911000+00:00,,20251020-001.gpx
47.6082699,19.1468858,168.5,2025-10-20 12:57:56.092000+00:00,,20251020-001.gpx
47.6082769,19.146887,169.03,2025-10-20 12:57:56.320000+00:00,,20251020-001.gpx
47.608283,19.1468881,169.5,2025-10-20 12:57:56.521000+00:00,,20251020-001.gpx
47.6082892,19.1468892,169.97,2025-10-20 12:57:56.724000+00:00,,20251020-001.gpx
47.608295,19.1468902,170.42,2025-10-20 12:57:56.924000+00:00,,20251020-001.gpx
47.6083006,19.1468914,170.87,2025-10-20 12:57:57.125000+00:00,,20251020-001.gpx
47.608306,19.1468925,171.31,2025-10-20 12:57:57.310000+00:00,,20251020-001.gpx
47.6083119,19.1468939,171.78,2025-10-20 12:57:57.512000+00:00,,20251020-001.gpx
47.6083178,19.1468953,172.25,2025-10-20 12:57:57.715000+00:00,,20251020-001.gpx
47.6083223,19.1468963,172.61,2025-10-20 12:57:57.876000+00:00,,20251020-001.gpx
47.6083292,19.146898,173.16,2025-10-20 12:57:58.117000+00:00,,20251020-001.gpx
47.6083351,19.1468993,173.62,2025-10-20 12:57:58.318000+00:00,,20251020-001.gpx
47.608341,19.1469006,174.08,2025-10-20 12:57:58.519000+00:00,,20251020-001.gpx
47.6083468,19.1469019,174.53,2025-10-20 12:57:58.720000+00:00,,20251020-001.gpx
47.6083527,19.1469032,174.98,2025-10-20 12:57:58.920000+00:00,,20251020-001.gpx
47.6083586,19.1469046,175.44,2025-10-20 12:57:59.120000+00:00,,20251020-001.gpx
47.6083646,19.1469059,175.91,2025-10-20 12:57:59.326000+00:00,,20251020-001.gpx
47.6083702,19.1469072,176.36,2025-10-20 12:57:59.526000+00:00,,20251020-001.gpx
47.6083757,19.1469085,176.79,2025-10-20 12:57:59.727000+00:00,,20251020-001.gpx
47.6083797,19.1469094,177.11,2025-10-20 12:57:59.869000+00:00,,20251020-001.gpx
47.608386,19.146911,177.62,2025-10-20 12:58:00.090000+00:00,,20251020-001.gpx
47.6083923,19.1469125,178.12,2025-10-20 12:58:00.312000+00:00,,20251020-001.gpx
47.6083978,19.1469139,178.57,2025-10-20 12:58:00.513000+00:00,,20251020-001.gpx
47.6084033,19.1469152,179.03,2025-10-20 12:58:00.713000+00:00,,20251020-001.gpx
47.6084089,19.1469166,179.5,2025-10-20 12:58:00.915000+00:00,,20251020-001.gpx
47.6084146,19.1469182,179.97,2025-10-20 12:58:01.117000+00:00,,20251020-001.gpx
47.6084201,19.1469198,180.42,2025-10-20 12:58:01.322000+00:00,,20251020-001.gpx
47.6084258,19.1469215,180.88,2025-10-20 12:58:01.524000+00:00,,20251020-001.gpx
47.6084317,19.1469233,181.36,2025-10-20 12:58:01.725000+00:00,,20251020-001.gpx
47.6084374,19.146925,181.82,2025-10-20 12:58:01.927000+00:00,,20251020-001.gpx
47.6084432,19.1469267,182.29,2025-10-20 12:58:02.127000+00:00,,20251020-001.gpx
47.6084489,19.1469283,182.76,2025-10-20 12:58:02.329000+00:00,,20251020-001.gpx
47.6084535,19.1469296,183.14,2025-10-20 12:58:02.491000+00:00,,20251020-001.gpx
47.6084606,19.1469313,183.7,2025-10-20 12:58:02.734000+00:00,,20251020-001.gpx
47.6084665,19.1469327,184.16,2025-10-20 12:58:02.933000+00:00,,20251020-001.gpx
47.6084725,19.1469339,184.61,2025-10-20 12:58:03.135000+00:00,,20251020-001.gpx
47.6084779,19.146935,185.02,2025-10-20 12:58:03.318000+00:00,,20251020-001.gpx
47.608484,19.1469363,185.48,2025-10-20 12:58:03.520000+00:00,,20251020-001.gpx
47.6084903,19.1469376,185.95,2025-10-20 12:58:03.726000+00:00,,20251020-001.gpx
47.6084958,19.1469388,186.37,2025-10-20 12:58:03.911000+00:00,,20251020-001.gpx
47.6085024,19.1469404,186.88,2025-10-20 12:58:04.135000+00:00,,20251020-001.gpx
47.6085082,19.1469418,187.34,2025-10-20 12:58:04.329000+00:00,,20251020-001.gpx
47.6085143,19.1469432,187.81,2025-10-20 12:58:04.530000+00:00,,20251020-001.gpx
47.6085201,19.1469446,188.28,2025-10-20 12:58:04.730000+00:00,,20251020-001.gpx
47.608526,19.146946,188.75,2025-10-20 12:58:04.930000+00:00,,20251020-001.gpx
47.6085319,19.1469475,189.21,2025-10-20 12:58:05.132000+00:00,,20251020-001.gpx
47.6085381,19.146949,189.7,2025-10-20 12:58:05.344000+00:00,,20251020-001.gpx
47.6085438,19.1469504,190.15,2025-10-20 12:58:05.547000+00:00,,20251020-001.gpx
47.6085496,19.1469516,190.62,2025-10-20 12:58:05.752000+00:00,,20251020-001.gpx
47.6085548,19.1469526,191.05,2025-10-20 12:58:05.940000+00:00,,20251020-001.gpx
47.6085606,19.1469538,191.53,2025-10-20 12:58:06.142000+00:00,,20251020-001.gpx
47.6085665,19.1469549,192.01,2025-10-20 12:58:06.348000+00:00,,20251020-001.gpx
47.6085722,19.146956,192.49,2025-10-20 12:58:06.550000+00:00,,20251020-001.gpx
47.6085779,19.146957,192.97,2025-10-20 12:58:06.751000+00:00,,20251020-001.gpx
47.6085836,19.146958,193.43,2025-10-20 12:58:06.953000+00:00,,20251020-001.gpx
47.6085881,19.1469589,193.79,2025-10-20 12:58:07.113000+00:00,,20251020-001.gpx
47.608595,19.1469604,194.36,2025-10-20 12:58:07.358000+00:00,,20251020-001.gpx
47.6086002,19.1469615,194.78,2025-10-20 12:58:07.538000+00:00,,20251020-001.gpx
47.6086059,19.1469627,195.23,2025-10-20 12:58:07.738000+00:00,,20251020-001.gpx
47.6086113,19.1469638,195.66,2025-10-20 12:58:07.920000+00:00,,20251020-001.gpx
47.6086171,19.146965,196.13,2025-10-20 12:58:08.121000+00:00,,20251020-001.gpx
47.608623,19.1469663,196.62,2025-10-20 12:58:08.325000+00:00,,20251020-001.gpx
47.6086288,19.1469677,197.08,2025-10-20 12:58:08.528000+00:00,,20251020-001.gpx
47.6086352,19.1469693,197.6,2025-10-20 12:58:08.750000+00:00,,20251020-001.gpx
47.608641,19.1469708,198.08,2025-10-20 12:58:08.951000+00:00,,20251020-001.gpx
47.6086464,19.1469722,198.51,2025-10-20 12:58:09.131000+00:00,,20251020-001.gpx
47.6086522,19.1469737,198.98,2025-10-20 12:58:09.333000+00:00,,20251020-001.gpx
47.6086581,19.1469752,199.46,2025-10-20 12:58:09.533000+00:00,,20251020-001.gpx
47.6086641,19.1469766,199.94,2025-10-20 12:58:09.735000+00:00,,20251020-001.gpx
47.60867,19.1469781,200.4,2025-10-20 12:58:09.936000+00:00,,20251020-001.gpx
47.6086759,19.1469794,200.87,2025-10-20 12:58:10.138000+00:00,,20251020-001.gpx
47.6086819,19.1469808,201.34,2025-10-20 12:58:10.340000+00:00,,20251020-001.gpx
47.6086881,19.1469822,201.81,2025-10-20 12:58:10.543000+00:00,,20251020-001.gpx
47.6086943,19.1469836,202.29,2025-10-20 12:58:10.747000+00:00,,20251020-001.gpx
47.6087003,19.1469849,202.76,2025-10-20 12:58:10.949000+00:00,,20251020-001.gpx
47.6087065,19.1469861,203.23,2025-10-20 12:58:11.152000+00:00,,20251020-001.gpx
47.6087123,19.1469873,203.68,2025-10-20 12:58:11.344000+00:00,,20251020-001.gpx
47.6087184,19.1469886,204.16,2025-10-20 12:58:11.546000+00:00,,20251020-001.gpx
47.6087243,19.1469898,204.62,2025-10-20 12:58:11.747000+00:00,,20251020-001.gpx
47.6087303,19.1469912,205.09,2025-10-20 12:58:11.948000+00:00,,20251020-001.gpx
47.6087364,19.1469927,205.57,2025-10-20 12:58:12.149000+00:00,,20251020-001.gpx
47.6087424,19.1469942,206.05,2025-10-20 12:58:12.350000+00:00,,20251020-001.gpx
47.6087484,19.1469959,206.53,2025-10-20 12:58:12.550000+00:00,,20251020-001.gpx
47.6087536,19.1469973,206.94,2025-10-20 12:58:12.730000+00:00,,20251020-001.gpx
47.6087601,19.1469991,207.46,2025-10-20 12:58:12.951000+00:00,,20251020-001.gpx
47.6087659,19.1470008,207.94,2025-10-20 12:58:13.152000+00:00,,20251020-001.gpx
47.6087717,19.1470024,208.42,2025-10-20 12:58:13.353000+00:00,,20251020-001.gpx
47.6087774,19.1470039,208.88,2025-10-20 12:58:13.554000+00:00,,20251020-001.gpx
47.6087829,19.1470053,209.35,2025-10-20 12:58:13.755000+00:00,,20251020-001.gpx
47.6087887,19.1470067,209.83,2025-10-20 12:58:13.957000+00:00,,20251020-001.gpx
47.6087943,19.147008,210.31,2025-10-20 12:58:14.158000+00:00,,20251020-001.gpx
47.6087995,19.1470092,210.75,2025-10-20 12:58:14.342000+00:00,,20251020-001.gpx
47.6088052,19.1470104,211.23,2025-10-20 12:58:14.543000+00:00,,20251020-001.gpx
47.6088104,19.1470115,211.66,2025-10-20 12:58:14.725000+00:00,,20251020-001.gpx
47.6088167,19.1470128,212.19,2025-10-20 12:58:14.945000+00:00,,20251020-001.gpx
47.6088229,19.1470142,212.7,2025-10-20 12:58:15.169000+00:00,,20251020-001.gpx
47.6088279,19.1470154,213.12,2025-10-20 12:58:15.354000+00:00,,20251020-001.gpx
47.6088335,19.1470167,213.59,2025-10-20 12:58:15.554000+00:00,,20251020-001.gpx
47.6088394,19.1470181,214.05,2025-10-20 12:58:15.756000+00:00,,20251020-001.gpx
47.6088453,19.1470195,214.5,2025-10-20 12:58:15.958000+00:00,,20251020-001.gpx
47.6088511,19.1470209,214.95,2025-10-20 12:58:16.158000+00:00,,20251020-001.gpx
47.6088565,19.1470221,215.35,2025-10-20 12:58:16.341000+00:00,,20251020-001.gpx
47.6088625,19.1470236,215.81,2025-10-20 12:58:16.543000+00:00,,20251020-001.gpx
47.6088679,19.147025,216.21,2025-10-20 12:58:16.725000+00:00,,20251020-001.gpx
47.6088735,19.1470265,216.66,2025-10-20 12:58:16.927000+00:00,,20251020-001.gpx
47.6088799,19.1470281,217.17,2025-10-20 12:58:17.152000+00:00,,20251020-001.gpx
47.6088861,19.1470298,217.64,2025-10-20 12:58:17.358000+00:00,,20251020-001.gpx
47.6088921,19.1470315,218.1,2025-10-20 12:58:17.559000+00:00,,20251020-001.gpx
47.6088981,19.1470332,218.57,2025-10-20 12:58:17.760000+00:00,,20251020-001.gpx
47.6089029,19.1470345,218.93,2025-10-20 12:58:17.921000+00:00,,20251020-001.gpx
47.6089089,19.1470361,219.39,2025-10-20 12:58:18.123000+00:00,,20251020-001.gpx
47.6089153,19.1470378,219.88,2025-10-20 12:58:18.341000+00:00,,20251020-001.gpx
47.6089218,19.1470394,220.39,2025-10-20 12:58:18.566000+00:00,,20251020-001.gpx
47.6089276,19.1470408,220.84,2025-10-20 12:58:18.768000+00:00,,20251020-001.gpx
47.6089335,19.1470422,221.3,2025-10-20 12:58:18.969000+00:00,,20251020-001.gpx
47.6089395,19.1470436,221.77,2025-10-20 12:58:19.172000+00:00,,20251020-001.gpx
47.608945,19.1470448,222.2,2025-10-20 12:58:19.356000+00:00,,20251020-001.gpx
47.6089515,19.1470463,222.69,2025-10-20 12:58:19.576000+00:00,,20251020-001.gpx
47.6089574,19.1470476,223.15,2025-10-20 12:58:19.777000+00:00,,20251020-001.gpx
47.6089627,19.1470488,223.57,2025-10-20 12:58:19.959000+00:00,,20251020-001.gpx
47.6089686,19.14705,224.03,2025-10-20 12:58:20.160000+00:00,,20251020-001.gpx
47.608975,19.1470514,224.54,2025-10-20 12:58:20.381000+00:00,,20251020-001.gpx
47.60898,19.1470525,224.95,2025-10-20 12:58:20.561000+00:00,,20251020-001.gpx
47.6089858,19.1470537,225.41,2025-10-20 12:58:20.764000+00:00,,20251020-001.gpx
47.6089908,19.1470548,225.82,2025-10-20 12:58:20.945000+00:00,,20251020-001.gpx
47.6089969,19.147056,226.33,2025-10-20 12:58:21.175000+00:00,,20251020-001.gpx
47.6090027,19.1470573,226.82,2025-10-20 12:58:21.385000+00:00,,20251020-001.gpx
47.6090085,19.1470585,227.3,2025-10-20 12:58:21.589000+00:00,,20251020-001.gpx
47.6090144,19.1470599,227.8,2025-10-20 12:58:21.795000+00:00,,20251020-001.gpx
47.6090202,19.1470611,228.26,2025-10-20 12:58:21.996000+00:00,,20251020-001.gpx
47.6090259,19.1470623,228.72,2025-10-20 12:58:22.199000+00:00,,20251020-001.gpx
47.6090312,19.1470635,229.15,2025-10-20 12:58:22.380000+00:00,,20251020-001.gpx
47.6090372,19.1470647,229.61,2025-10-20 12:58:22.581000+00:00,,20251020-001.gpx
47.6090431,19.1470661,230.07,2025-10-20 12:58:22.782000+00:00,,20251020-001.gpx
47.6090491,19.1470675,230.54,2025-10-20 12:58:22.985000+00:00,,20251020-001.gpx
47.6090552,19.147069,231.03,2025-10-20 12:58:23.199000+00:00,,20251020-001.gpx
47.6090612,19.1470705,231.51,2025-10-20 12:58:23.402000+00:00,,20251020-001.gpx
47.6090672,19.147072,231.97,2025-10-20 12:58:23.604000+00:00,,20251020-001.gpx
47.6090724,19.1470733,232.38,2025-10-20 12:58:23.786000+00:00,,20251020-001.gpx
47.6090777,19.1470746,232.8,2025-10-20 12:58:23.965000+00:00,,20251020-001.gpx
47.6090845,19.1470762,233.33,2025-10-20 12:58:24.191000+00:00,,20251020-001.gpx
47.6090906,19.1470777,233.79,2025-10-20 12:58:24.394000+00:00,,20251020-001.gpx
47.6090968,19.1470791,234.26,2025-10-20 12:58:24.599000+00:00,,20251020-001.gpx
47.6091025,19.1470803,234.7,2025-10-20 12:58:24.800000+00:00,,20251020-001.gpx
47.6091086,19.1470816,235.16,2025-10-20 12:58:25.004000+00:00,,20251020-001.gpx
47.6091147,19.1470829,235.63,2025-10-20 12:58:25.208000+00:00,,20251020-001.gpx
47.6091188,19.1470838,235.95,2025-10-20 12:58:25.349000+00:00,,20251020-001.gpx
47.6091259,19.1470853,236.51,2025-10-20 12:58:25.589000+00:00,,20251020-001.gpx
47.6091319,19.1470865,236.99,2025-10-20 12:58:25.793000+00:00,,20251020-001.gpx
47.6091377,19.1470875,237.46,2025-10-20 12:58:25.995000+00:00,,20251020-001.gpx
47.6091434,19.1470886,237.93,2025-10-20 12:58:26.197000+00:00,,20251020-001.gpx
47.609149,19.1470897,238.38,2025-10-20 12:58:26.398000+00:00,,20251020-001.gpx
47.6091547,19.147091,238.84,2025-10-20 12:58:26.600000+00:00,,20251020-001.gpx
47.6091605,19.1470924,239.3,2025-10-20 12:58:26.802000+00:00,,20251020-001.gpx
47.6091662,19.1470938,239.77,2025-10-20 12:58:27.006000+00:00,,20251020-001.gpx
47.609172,19.1470954,240.25,2025-10-20 12:58:27.208000+00:00,,20251020-001.gpx
47.6091758,19.1470965,240.57,2025-10-20 12:58:27.350000+00:00,,20251020-001.gpx
47.6091827,19.1470983,241.14,2025-10-20 12:58:27.591000+00:00,,20251020-001.gpx
47.6091885,19.1470999,241.62,2025-10-20 12:58:27.793000+00:00,,20251020-001.gpx
47.6091936,19.1471013,242.05,2025-10-20 12:58:27.973000+00:00,,20251020-001.gpx
47.6091994,19.1471028,242.52,2025-10-20 12:58:28.178000+00:00,,20251020-001.gpx
47.6092054,19.1471044,243.0,2025-10-20 12:58:28.381000+00:00,,20251020-001.gpx
47.6092118,19.1471062,243.55,2025-10-20 12:58:28.605000+00:00,,20251020-001.gpx
47.609217,19.1471076,243.99,2025-10-20 12:58:28.786000+00:00,,20251020-001.gpx
47.6092219,19.147109,244.4,2025-10-20 12:58:28.967000+00:00,,20251020-001.gpx
47.6092282,19.1471107,244.93,2025-10-20 12:58:29.192000+00:00,,20251020-001.gpx
47.6092342,19.1471122,245.42,2025-10-20 12:58:29.394000+00:00,,20251020-001.gpx
47.60924,19.1471137,245.91,2025-10-20 12:58:29.596000+00:00,,20251020-001.gpx
47.6092458,19.1471151,246.39,2025-10-20 12:58:29.798000+00:00,,20251020-001.gpx
47.6092517,19.1471165,246.87,2025-10-20 12:58:29.999000+00:00,,20251020-001.gpx
47.6092578,19.1471179,247.36,2025-10-20 12:58:30.201000+00:00,,20251020-001.gpx
47.6092629,19.1471191,247.76,2025-10-20 12:58:30.373000+00:00,,20251020-001.gpx
47.6092695,19.1471206,248.29,2025-10-20 12:58:30.596000+00:00,,20251020-001.gpx
47.6092755,19.147122,248.76,2025-10-20 12:58:30.797000+00:00,,20251020-001.gpx
47.6092815,19.1471235,249.24,2025-10-20 12:58:30.997000+00:00,,20251020-001.gpx
47.6092869,19.1471248,249.67,2025-10-20 12:58:31.182000+00:00,,20251020-001.gpx
47.6092931,19.1471261,250.17,2025-10-20 12:58:31.398000+00:00,,20251020-001.gpx
47.6092987,19.1471272,250.63,2025-10-20 12:58:31.603000+00:00,,20251020-001.gpx
47.6093037,19.1471282,251.05,2025-10-20 12:58:31.782000+00:00,,20251020-001.gpx
47.6093099,19.1471293,251.58,2025-10-20 12:58:32.004000+00:00,,20251020-001.gpx
47.609315,19.1471302,252.01,2025-10-20 12:58:32.184000+00:00,,20251020-001.gpx
47.609321,19.1471314,252.49,2025-10-20 12:58:32.391000+00:00,,20251020-001.gpx
47.609327,19.1471326,252.97,2025-10-20 12:58:32.592000+00:00,,20251020-001.gpx
47.6093331,19.1471339,253.45,2025-10-20 12:58:32.796000+00:00,,20251020-001.gpx
47.6093391,19.1471353,253.92,2025-10-20 12:58:32.998000+00:00,,20251020-001.gpx
47.6093451,19.1471369,254.39,2025-10-20 12:58:33.203000+00:00,,20251020-001.gpx
47.6093512,19.1471385,254.87,2025-10-20 12:58:33.406000+00:00,,20251020-001.gpx
47.6093572,19.1471401,255.35,2025-10-20 12:58:33.607000+00:00,,20251020-001.gpx
47.6093632,19.1471417,255.81,2025-10-20 12:58:33.808000+00:00,,20251020-001.gpx
47.6093689,19.1471432,256.27,2025-10-20 12:58:34.008000+00:00,,20251020-001.gpx
47.6093749,19.1471447,256.75,2025-10-20 12:58:34.209000+00:00,,20251020-001.gpx
47.6093809,19.1471461,257.2,2025-10-20 12:58:34.409000+00:00,,20251020-001.gpx
47.6093868,19.1471474,257.58,2025-10-20 12:58:34.610000+00:00,,20251020-001.gpx
47.6093924,19.1471486,257.86,2025-10-20 12:58:34.812000+00:00,,20251020-001.gpx
47.6093975,19.1471497,258.01,2025-10-20 12:58:35.012000+00:00,,20251020-001.gpx
47.6094013,19.1471504,258.05,2025-10-20 12:58:35.187000+00:00,,20251020-001.gpx
47.6094052,19.147151,258.03,2025-10-20 12:58:35.408000+00:00,,20251020-001.gpx
47.6094075,19.1471513,257.97,2025-10-20 12:58:35.589000+00:00,,20251020-001.gpx
47.609409,19.1471514,257.91,2025-10-20 12:58:35.770000+00:00,,20251020-001.gpx
47.6094097,19.1471515,257.87,2025-10-20 12:58:35.992000+00:00,,20251020-001.gpx
47.6094095,19.1471517,257.87,2025-10-20 12:58:36.201000+00:00,,20251020-001.gpx
47.6094088,19.1471519,257.85,2025-10-20 12:58:36.402000+00:00,,20251020-001.gpx
47.6094077,19.1471522,257.84,2025-10-20 12:58:36.604000+00:00,,20251020-001.gpx
47.6094062,19.1471527,257.86,2025-10-20 12:58:36.805000+00:00,,20251020-001.gpx
47.6094045,19.1471531,257.86,2025-10-20 12:58:37.008000+00:00,,20251020-001.gpx
47.6094026,19.1471536,257.85,2025-10-20 12:58:37.213000+00:00,,20251020-001.gpx
47.6094007,19.1471539,257.83,2025-10-20 12:58:37.406000+00:00,,20251020-001.gpx
47.6093987,19.1471542,257.75,2025-10-20 12:58:37.606000+00:00,,20251020-001.gpx
47.6093969,19.1471544,257.58,2025-10-20 12:58:37.788000+00:00,,20251020-001.gpx
47.609395,19.1471546,257.26,2025-10-20 12:58:38.009000+00:00,,20251020-001.gpx
47.6093934,19.1471549,256.88,2025-10-20 12:58:38.192000+00:00,,20251020-001.gpx
47.6093913,19.1471551,256.29,2025-10-20 12:58:38.414000+00:00,,20251020-001.gpx
47.6093893,19.1471554,255.71,2025-10-20 12:58:38.615000+00:00,,20251020-001.gpx
47.6093873,19.1471557,255.14,2025-10-20 12:58:38.819000+00:00,,20251020-001.gpx
47.6093856,19.1471559,254.6,2025-10-20 12:58:39.019000+00:00,,20251020-001.gpx
47.6093841,19.147156,254.13,2025-10-20 12:58:39.204000+00:00,,20251020-001.gpx
47.6093826,19.1471559,253.58,2025-10-20 12:58:39.406000+00:00,,20251020-001.gpx
47.6093813,19.1471557,253.02,2025-10-20 12:58:39.609000+00:00,,20251020-001.gpx
47.6093802,19.1471552,252.47,2025-10-20 12:58:39.811000+00:00,,20251020-001.gpx
47.6093793,19.1471545,251.93,2025-10-20 12:58:40.011000+00:00,,20251020-001.gpx
47.6093786,19.1471537,251.38,2025-10-20 12:58:40.212000+00:00,,20251020-001.gpx
47.6093781,19.1471527,250.84,2025-10-20 12:58:40.414000+00:00,,20251020-001.gpx
47.6093778,19.1471517,250.3,2025-10-20 12:58:40.615000+00:00,,20251020-001.gpx
47.6093776,19.1471507,249.76,2025-10-20 12:58:40.815000+00:00,,20251020-001.gpx
47.6093775,19.1471498,249.27,2025-10-20 12:58:40.996000+00:00,,20251020-001.gpx
47.6093776,19.1471487,248.66,2025-10-20 12:58:41.222000+00:00,,20251020-001.gpx
47.6093777,19.1471478,248.12,2025-10-20 12:58:41.422000+00:00,,20251020-001.gpx
47.6093779,19.1471469,247.59,2025-10-20 12:58:41.624000+00:00,,20251020-001.gpx
47.6093781,19.1471461,247.09,2025-10-20 12:58:41.825000+00:00,,20251020-001.gpx
47.6093784,19.1471453,246.56,2025-10-20 12:58:42.026000+00:00,,20251020-001.gpx
47.6093786,19.1471446,246.04,2025-10-20 12:58:42.221000+00:00,,20251020-001.gpx
47.6093789,19.1471439,245.52,2025-10-20 12:58:42.422000+00:00,,20251020-001.gpx
47.6093792,19.1471432,245.0,2025-10-20 12:58:42.613000+00:00,,20251020-001.gpx
47.6093795,19.1471425,244.42,2025-10-20 12:58:42.824000+00:00,,20251020-001.gpx
47.6093798,19.1471419,243.9,2025-10-20 12:58:43.024000+00:00,,20251020-001.gpx
47.60938,19.1471415,243.46,2025-10-20 12:58:43.192000+00:00,,20251020-001.gpx
47.60938,19.1471411,242.88,2025-10-20 12:58:43.413000+00:00,,20251020-001.gpx
47.6093801,19.1471409,242.4,2025-10-20 12:58:43.593000+00:00,,20251020-001.gpx
47.6093801,19.1471405,241.87,2025-10-20 12:58:43.793000+00:00,,20251020-001.gpx
47.6093802,19.1471403,241.38,2025-10-20 12:58:43.974000+00:00,,20251020-001.gpx
47.6093802,19.14714,240.8,2025-10-20 12:58:44.195000+00:00,,20251020-001.gpx
47.6093802,19.1471399,240.22,2025-10-20 12:58:44.412000+00:00,,20251020-001.gpx
47.6093802,19.1471398,239.68,2025-10-20 12:58:44.616000+00:00,,20251020-001.gpx
47.6093801,19.1471398,239.15,2025-10-20 12:58:44.817000+00:00,,20251020-001.gpx
47.6093801,19.1471399,238.62,2025-10-20 12:58:45.018000+00:00,,20251020-001.gpx
47.60938,19.14714,238.11,2025-10-20 12:58:45.217000+00:00,,20251020-001.gpx
47.6093799,19.1471402,237.57,2025-10-20 12:58:45.419000+00:00,,20251020-001.gpx
47.6093798,19.1471404,237.08,2025-10-20 12:58:45.599000+00:00,,20251020-001.gpx
47.6093796,19.1471405,236.49,2025-10-20 12:58:45.821000+00:00,,20251020-001.gpx
47.6093794,19.1471407,235.95,2025-10-20 12:58:46.021000+00:00,,20251020-001.gpx
47.6093792,19.1471408,235.44,2025-10-20 12:58:46.210000+00:00,,20251020-001.gpx
47.609379,19.1471409,234.9,2025-10-20 12:58:46.411000+00:00,,20251020-001.gpx
47.6093787,19.1471411,234.35,2025-10-20 12:58:46.612000+00:00,,20251020-001.gpx
47.6093784,19.1471412,233.82,2025-10-20 12:58:46.815000+00:00,,20251020-001.gpx
47.6093781,19.1471413,233.31,2025-10-20 12:58:47.016000+00:00,,20251020-001.gpx
47.6093778,19.1471415,232.78,2025-10-20 12:58:47.220000+00:00,,20251020-001.gpx
47.6093774,19.1471416,232.27,2025-10-20 12:58:47.422000+00:00,,20251020-001.gpx
47.609377,19.1471417,231.72,2025-10-20 12:58:47.626000+00:00,,20251020-001.gpx
47.6093766,19.1471417,231.23,2025-10-20 12:58:47.807000+00:00,,20251020-001.gpx
47.6093761,19.1471417,230.69,2025-10-20 12:58:48.009000+00:00,,20251020-001.gpx
47.6093756,19.1471418,230.09,2025-10-20 12:58:48.233000+00:00,,20251020-001.gpx
47.6093751,19.1471419,229.55,2025-10-20 12:58:48.436000+00:00,,20251020-001.gpx
47.6093747,19.1471421,229.03,2025-10-20 12:58:48.636000+00:00,,20251020-001.gpx
47.6093743,19.1471422,228.49,2025-10-20 12:58:48.839000+00:00,,20251020-001.gpx
47.6093739,19.1471423,227.95,2025-10-20 12:58:49.038000+00:00,,20251020-001.gpx
47.6093736,19.1471424,227.46,2025-10-20 12:58:49.222000+00:00,,20251020-001.gpx
47.6093731,19.1471425,226.89,2025-10-20 12:58:49.432000+00:00,,20251020-001.gpx
47.6093727,19.1471425,226.35,2025-10-20 12:58:49.634000+00:00,,20251020-001.gpx
47.6093723,19.1471427,225.86,2025-10-20 12:58:49.815000+00:00,,20251020-001.gpx
47.609372,19.1471429,225.31,2025-10-20 12:58:50.036000+00:00,,20251020-001.gpx
47.6093716,19.1471431,224.78,2025-10-20 12:58:50.227000+00:00,,20251020-001.gpx
47.6093712,19.1471432,224.29,2025-10-20 12:58:50.407000+00:00,,20251020-001.gpx
47.6093706,19.1471434,223.77,2025-10-20 12:58:50.608000+00:00,,20251020-001.gpx
47.6093699,19.1471435,223.18,2025-10-20 12:58:50.829000+00:00,,20251020-001.gpx
47.6093694,19.1471434,222.7,2025-10-20 12:58:51.009000+00:00,,20251020-001.gpx
47.6093687,19.147143,222.1,2025-10-20 12:58:51.230000+00:00,,20251020-001.gpx
47.6093682,19.1471426,221.63,2025-10-20 12:58:51.411000+00:00,,20251020-001.gpx
47.6093676,19.1471422,221.03,2025-10-20 12:58:51.631000+00:00,,20251020-001.gpx
47.6093672,19.1471419,220.55,2025-10-20 12:58:51.811000+00:00,,20251020-001.gpx
47.6093667,19.1471417,219.97,2025-10-20 12:58:52.032000+00:00,,20251020-001.gpx
47.6093664,19.1471415,219.43,2025-10-20 12:58:52.237000+00:00,,20251020-001.gpx
47.6093661,19.1471414,218.93,2025-10-20 12:58:52.439000+00:00,,20251020-001.gpx
47.6093659,19.1471413,218.48,2025-10-20 12:58:52.621000+00:00,,20251020-001.gpx
47.6093657,19.1471413,217.95,2025-10-20 12:58:52.832000+00:00,,20251020-001.gpx
47.6093655,19.1471413,217.54,2025-10-20 12:58:52.995000+00:00,,20251020-001.gpx
47.6093653,19.1471415,216.93,2025-10-20 12:58:53.238000+00:00,,20251020-001.gpx
47.6093651,19.1471416,216.42,2025-10-20 12:58:53.437000+00:00,,20251020-001.gpx
47.609365,19.1471418,215.92,2025-10-20 12:58:53.638000+00:00,,20251020-001.gpx
47.6093649,19.147142,215.42,2025-10-20 12:58:53.839000+00:00,,20251020-001.gpx
47.6093648,19.1471423,214.95,2025-10-20 12:58:54.043000+00:00,,20251020-001.gpx
47.6093647,19.1471426,214.45,2025-10-20 12:58:54.248000+00:00,,20251020-001.gpx
47.6093646,19.1471429,213.96,2025-10-20 12:58:54.448000+00:00,,20251020-001.gpx
47.6093645,19.1471431,213.52,2025-10-20 12:58:54.633000+00:00,,20251020-001.gpx
47.6093643,19.1471432,212.99,2025-10-20 12:58:54.857000+00:00,,20251020-001.gpx
47.6093641,19.1471433,212.52,2025-10-20 12:58:55.060000+00:00,,20251020-001.gpx
47.6093639,19.1471432,212.07,2025-10-20 12:58:55.247000+00:00,,20251020-001.gpx
47.6093636,19.147143,211.62,2025-10-20 12:58:55.430000+00:00,,20251020-001.gpx
47.6093632,19.1471429,211.16,2025-10-20 12:58:55.634000+00:00,,20251020-001.gpx
47.6093629,19.1471428,210.69,2025-10-20 12:58:55.834000+00:00,,20251020-001.gpx
47.6093626,19.1471427,210.23,2025-10-20 12:58:56.036000+00:00,,20251020-001.gpx
47.6093622,19.1471429,209.75,2025-10-20 12:58:56.239000+00:00,,20251020-001.gpx
47.6093619,19.147143,209.28,2025-10-20 12:58:56.440000+00:00,,20251020-001.gpx
47.6093616,19.1471433,208.84,2025-10-20 12:58:56.641000+00:00,,20251020-001.gpx
47.6093611,19.1471436,208.38,2025-10-20 12:58:56.844000+00:00,,20251020-001.gpx
47.6093607,19.1471439,207.9,2025-10-20 12:58:57.049000+00:00,,20251020-001.gpx
47.6093603,19.147144,207.49,2025-10-20 12:58:57.232000+00:00,,20251020-001.gpx
47.6093598,19.147144,207.05,2025-10-20 12:58:57.433000+00:00,,20251020-001.gpx
47.6093594,19.1471439,206.57,2025-10-20 12:58:57.635000+00:00,,20251020-001.gpx
47.6093591,19.1471439,206.08,2025-10-20 12:58:57.837000+00:00,,20251020-001.gpx
47.6093587,19.1471439,205.64,2025-10-20 12:58:58.017000+00:00,,20251020-001.gpx
47.6093585,19.147144,205.11,2025-10-20 12:58:58.241000+00:00,,20251020-001.gpx
47.6093583,19.1471441,204.61,2025-10-20 12:58:58.444000+00:00,,20251020-001.gpx
47.6093582,19.1471441,204.13,2025-10-20 12:58:58.645000+00:00,,20251020-001.gpx
47.609358,19.1471441,203.65,2025-10-20 12:58:58.845000+00:00,,20251020-001.gpx
47.6093578,19.1471439,203.16,2025-10-20 12:58:59.046000+00:00,,20251020-001.gpx
47.6093577,19.1471437,202.66,2025-10-20 12:58:59.251000+00:00,,20251020-001.gpx
47.6093577,19.1471433,202.15,2025-10-20 12:58:59.453000+00:00,,20251020-001.gpx
47.6093577,19.1471429,201.64,2025-10-20 12:58:59.655000+00:00,,20251020-001.gpx
47.6093578,19.1471426,201.17,2025-10-20 12:58:59.857000+00:00,,20251020-001.gpx
47.6093579,19.147142,200.65,2025-10-20 12:59:00.059000+00:00,,20251020-001.gpx
47.6093581,19.1471413,200.12,2025-10-20 12:59:00.266000+00:00,,20251020-001.gpx
47.6093581,19.1471408,199.68,2025-10-20 12:59:00.447000+00:00,,20251020-001.gpx
47.6093582,19.1471401,199.17,2025-10-20 12:59:00.668000+00:00,,20251020-001.gpx
47.6093581,19.1471396,198.68,2025-10-20 12:59:00.872000+00:00,,20251020-001.gpx
47.6093581,19.1471392,198.17,2025-10-20 12:59:01.074000+00:00,,20251020-001.gpx
47.609358,19.147139,197.73,2025-10-20 12:59:01.246000+00:00,,20251020-001.gpx
47.6093579,19.1471388,197.21,2025-10-20 12:59:01.467000+00:00,,20251020-001.gpx
47.6093578,19.1471386,196.69,2025-10-20 12:59:01.668000+00:00,,20251020-001.gpx
47.6093577,19.1471385,196.22,2025-10-20 12:59:01.849000+00:00,,20251020-001.gpx
47.6093575,19.1471384,195.63,2025-10-20 12:59:02.072000+00:00,,20251020-001.gpx
47.6093573,19.1471383,195.12,2025-10-20 12:59:02.276000+00:00,,20251020-001.gpx
47.609357,19.1471382,194.59,2025-10-20 12:59:02.477000+00:00,,20251020-001.gpx
47.6093568,19.1471382,194.11,2025-10-20 12:59:02.658000+00:00,,20251020-001.gpx
47.6093564,19.1471382,193.57,2025-10-20 12:59:02.858000+00:00,,20251020-001.gpx
47.6093559,19.1471382,193.0,2025-10-20 12:59:03.079000+00:00,,20251020-001.gpx
47.6093555,19.1471381,192.5,2025-10-20 12:59:03.270000+00:00,,20251020-001.gpx
47.609355,19.1471381,191.91,2025-10-20 12:59:03.490000+00:00,,20251020-001.gpx
47.6093545,19.1471381,191.45,2025-10-20 12:59:03.670000+00:00,,20251020-001.gpx
47.6093539,19.1471381,190.94,2025-10-20 12:59:03.871000+00:00,,20251020-001.gpx
47.6093535,19.1471382,190.52,2025-10-20 12:59:04.032000+00:00,,20251020-001.gpx
47.6093529,19.1471383,189.92,2025-10-20 12:59:04.274000+00:00,,20251020-001.gpx
47.6093524,19.1471384,189.41,2025-10-20 12:59:04.474000+00:00,,20251020-001.gpx
47.609352,19.1471386,188.9,2025-10-20 12:59:04.675000+00:00,,20251020-001.gpx
47.6093517,19.1471388,188.39,2025-10-20 12:59:04.875000+00:00,,20251020-001.gpx
47.6093514,19.1471389,187.86,2025-10-20 12:59:05.076000+00:00,,20251020-001.gpx
47.609351,19.1471389,187.31,2025-10-20 12:59:05.291000+00:00,,20251020-001.gpx
47.6093508,19.147139,186.86,2025-10-20 12:59:05.471000+00:00,,20251020-001.gpx
47.6093506,19.147139,186.33,2025-10-20 12:59:05.675000+00:00,,20251020-001.gpx
47.6093503,19.147139,185.8,2025-10-20 12:59:05.878000+00:00,,20251020-001.gpx
47.6093498,19.147139,185.29,2025-10-20 12:59:06.079000+00:00,,20251020-001.gpx
47.6093494,19.1471389,184.76,2025-10-20 12:59:06.286000+00:00,,20251020-001.gpx
47.6093491,19.1471386,184.25,2025-10-20 12:59:06.486000+00:00,,20251020-001.gpx
47.609349,19.1471384,183.72,2025-10-20 12:59:06.687000+00:00,,20251020-001.gpx
47.609349,19.1471384,183.2,2025-10-20 12:59:06.888000+00:00,,20251020-001.gpx
47.609349,19.1471382,182.73,2025-10-20 12:59:07.069000+00:00,,20251020-001.gpx
47.6093487,19.147138,182.2,2025-10-20 12:59:07.275000+00:00,,20251020-001.gpx
47.6093483,19.1471378,181.66,2025-10-20 12:59:07.477000+00:00,,20251020-001.gpx
47.6093477,19.1471376,181.08,2025-10-20 12:59:07.698000+00:00,,20251020-001.gpx
47.609347,19.1471374,180.58,2025-10-20 12:59:07.899000+00:00,,20251020-001.gpx
47.6093462,19.1471372,180.12,2025-10-20 12:59:08.081000+00:00,,20251020-001.gpx
47.6093453,19.1471371,179.57,2025-10-20 12:59:08.295000+00:00,,20251020-001.gpx
47.6093444,19.147137,179.04,2025-10-20 12:59:08.495000+00:00,,20251020-001.gpx
47.6093435,19.147137,178.51,2025-10-20 12:59:08.696000+00:00,,20251020-001.gpx
47.6093426,19.147137,177.99,2025-10-20 12:59:08.896000+00:00,,20251020-001.gpx
47.6093417,19.147137,177.47,2025-10-20 12:59:09.097000+00:00,,20251020-001.gpx
47.6093408,19.147137,176.95,2025-10-20 12:59:09.298000+00:00,,20251020-001.gpx
47.6093404,19.147137,176.46,2025-10-20 12:59:09.500000+00:00,,20251020-001.gpx
47.6093402,19.1471371,175.94,2025-10-20 12:59:09.701000+00:00,,20251020-001.gpx
47.6093403,19.1471372,175.41,2025-10-20 12:59:09.903000+00:00,,20251020-001.gpx
47.6093405,19.1471373,174.87,2025-10-20 12:59:10.105000+00:00,,20251020-001.gpx
47.6093407,19.1471374,174.49,2025-10-20 12:59:10.254000+00:00,,20251020-001.gpx
47.6093408,19.1471376,173.85,2025-10-20 12:59:10.516000+00:00,,20251020-001.gpx
47.6093407,19.1471376,173.43,2025-10-20 12:59:10.676000+00:00,,20251020-001.gpx
47.6093404,19.1471376,172.84,2025-10-20 12:59:10.896000+00:00,,20251020-001.gpx
47.6093398,19.1471375,172.32,2025-10-20 12:59:11.096000+00:00,,20251020-001.gpx
47.6093389,19.1471372,171.77,2025-10-20 12:59:11.302000+00:00,,20251020-001.gpx
47.6093377,19.1471367,171.23,2025-10-20 12:59:11.504000+00:00,,20251020-001.gpx
47.6093361,19.1471362,170.76,2025-10-20 12:59:11.685000+00:00,,20251020-001.gpx
47.6093337,19.1471354,170.18,2025-10-20 12:59:11.906000+00:00,,20251020-001.gpx
47.6093314,19.1471346,169.71,2025-10-20 12:59:12.088000+00:00,,20251020-001.gpx
47.6093277,19.1471336,169.13,2025-10-20 12:59:12.310000+00:00,,20251020-001.gpx
47.6093235,19.1471324,168.59,2025-10-20 12:59:12.510000+00:00,,20251020-001.gpx
47.6093186,19.1471312,168.09,2025-10-20 12:59:12.711000+00:00,,20251020-001.gpx
47.6093127,19.1471297,167.62,2025-10-20 12:59:12.913000+00:00,,20251020-001.gpx
47.6093061,19.147128,167.18,2025-10-20 12:59:13.113000+00:00,,20251020-001.gpx
47.6092986,19.1471261,166.77,2025-10-20 12:59:13.319000+00:00,,20251020-001.gpx
47.6092906,19.1471241,166.38,2025-10-20 12:59:13.521000+00:00,,20251020-001.gpx
47.6092831,19.1471224,166.06,2025-10-20 12:59:13.702000+00:00,,20251020-001.gpx
47.6092729,19.14712,165.66,2025-10-20 12:59:13.925000+00:00,,20251020-001.gpx
47.6092644,19.1471179,165.36,2025-10-20 12:59:14.107000+00:00,,20251020-001.gpx
47.609255,19.1471157,165.04,2025-10-20 12:59:14.301000+00:00,,20251020-001.gpx
47.6092452,19.1471133,164.71,2025-10-20 12:59:14.502000+00:00,,20251020-001.gpx
47.6092352,19.1471109,164.4,2025-10-20 12:59:14.702000+00:00,,20251020-001.gpx
47.6092238,19.1471082,164.07,2025-10-20 12:59:14.923000+00:00,,20251020-001.gpx
47.6092128,19.1471055,163.77,2025-10-20 12:59:15.131000+00:00,,20251020-001.gpx
47.6092035,19.1471032,163.51,2025-10-20 12:59:15.313000+00:00,,20251020-001.gpx
47.6091928,19.1471005,163.24,2025-10-20 12:59:15.513000+00:00,,20251020-001.gpx
47.6091831,19.147098,163.08,2025-10-20 12:59:15.694000+00:00,,20251020-001.gpx
47.6091718,19.1470952,162.96,2025-10-20 12:59:15.914000+00:00,,20251020-001.gpx
47.609162,19.1470927,162.92,2025-10-20 12:59:16.114000+00:00,,20251020-001.gpx
47.609151,19.14709,162.94,2025-10-20 12:59:16.329000+00:00,,20251020-001.gpx
47.6091411,19.1470876,163.01,2025-10-20 12:59:16.532000+00:00,,20251020-001.gpx
47.6091318,19.1470854,163.13,2025-10-20 12:59:16.733000+00:00,,20251020-001.gpx
47.6091226,19.1470832,163.29,2025-10-20 12:59:16.935000+00:00,,20251020-001.gpx
47.6091136,19.1470809,163.47,2025-10-20 12:59:17.141000+00:00,,20251020-001.gpx
47.6091052,19.1470787,163.68,2025-10-20 12:59:17.344000+00:00,,20251020-001.gpx
47.6090976,19.1470768,163.91,2025-10-20 12:59:17.544000+00:00,,20251020-001.gpx
47.6090905,19.1470749,164.16,2025-10-20 12:59:17.745000+00:00,,20251020-001.gpx
47.609084,19.1470732,164.4,2025-10-20 12:59:17.925000+00:00,,20251020-001.gpx
47.6090762,19.1470712,164.73,2025-10-20 12:59:18.149000+00:00,,20251020-001.gpx
47.6090695,19.1470695,165.03,2025-10-20 12:59:18.354000+00:00,,20251020-001.gpx
47.609063,19.1470679,165.34,2025-10-20 12:59:18.555000+00:00,,20251020-001.gpx
47.6090565,19.1470665,165.69,2025-10-20 12:59:18.757000+00:00,,20251020-001.gpx
47.6090507,19.1470653,166.02,2025-10-20 12:59:18.938000+00:00,,20251020-001.gpx
47.6090444,19.1470641,166.38,2025-10-20 12:59:19.140000+00:00,,20251020-001.gpx
47.6090385,19.1470629,166.73,2025-10-20 12:59:19.342000+00:00,,20251020-001.gpx
47.6090326,19.1470617,167.12,2025-10-20 12:59:19.545000+00:00,,20251020-001.gpx
47.6090265,19.1470603,167.53,2025-10-20 12:59:19.746000+00:00,,20251020-001.gpx
47.6090207,19.1470589,167.92,2025-10-20 12:59:19.948000+00:00,,20251020-001.gpx
47.6090149,19.1470576,168.31,2025-10-20 12:59:20.148000+00:00,,20251020-001.gpx
47.6090089,19.1470562,168.72,2025-10-20 12:59:20.352000+00:00,,20251020-001.gpx
47.6090029,19.1470547,169.15,2025-10-20 12:59:20.556000+00:00,,20251020-001.gpx
47.6089971,19.1470532,169.58,2025-10-20 12:59:20.756000+00:00,,20251020-001.gpx
47.6089916,19.1470518,170.0,2025-10-20 12:59:20.957000+00:00,,20251020-001.gpx
47.6089859,19.1470504,170.42,2025-10-20 12:59:21.161000+00:00,,20251020-001.gpx
47.6089805,19.1470491,170.84,2025-10-20 12:59:21.352000+00:00,,20251020-001.gpx
47.6089749,19.1470478,171.26,2025-10-20 12:59:21.555000+00:00,,20251020-001.gpx
47.6089692,19.1470464,171.69,2025-10-20 12:59:21.757000+00:00,,20251020-001.gpx
47.608963,19.147045,172.18,2025-10-20 12:59:21.981000+00:00,,20251020-001.gpx
47.608958,19.147044,172.57,2025-10-20 12:59:22.163000+00:00,,20251020-001.gpx
47.6089523,19.1470429,173.03,2025-10-20 12:59:22.372000+00:00,,20251020-001.gpx
47.608947,19.1470418,173.43,2025-10-20 12:59:22.573000+00:00,,20251020-001.gpx
47.6089412,19.1470407,173.89,2025-10-20 12:59:22.773000+00:00,,20251020-001.gpx
47.608936,19.1470397,174.31,2025-10-20 12:59:22.955000+00:00,,20251020-001.gpx
47.6089296,19.1470384,174.81,2025-10-20 12:59:23.175000+00:00,,20251020-001.gpx
47.6089243,19.1470373,175.21,2025-10-20 12:59:23.358000+00:00,,20251020-001.gpx
47.6089178,19.147036,175.68,2025-10-20 12:59:23.579000+00:00,,20251020-001.gpx
47.6089118,19.1470348,176.13,2025-10-20 12:59:23.780000+00:00,,20251020-001.gpx
47.6089057,19.1470337,176.59,2025-10-20 12:59:23.980000+00:00,,20251020-001.gpx
47.6089003,19.1470328,177.0,2025-10-20 12:59:24.163000+00:00,,20251020-001.gpx
47.6088945,19.1470317,177.43,2025-10-20 12:59:24.364000+00:00,,20251020-001.gpx
47.6088883,19.1470305,177.9,2025-10-20 12:59:24.568000+00:00,,20251020-001.gpx
47.6088821,19.1470294,178.38,2025-10-20 12:59:24.772000+00:00,,20251020-001.gpx
47.6088762,19.1470283,178.82,2025-10-20 12:59:24.974000+00:00,,20251020-001.gpx
47.6088711,19.1470272,179.21,2025-10-20 12:59:25.143000+00:00,,20251020-001.gpx
47.6088647,19.1470258,179.7,2025-10-20 12:59:25.347000+00:00,,20251020-001.gpx
47.6088587,19.1470244,180.17,2025-10-20 12:59:25.548000+00:00,,20251020-001.gpx
47.6088525,19.147023,180.67,2025-10-20 12:59:25.769000+00:00,,20251020-001.gpx
47.6088467,19.1470216,181.14,2025-10-20 12:59:25.971000+00:00,,20251020-001.gpx
47.6088403,19.14702,181.66,2025-10-20 12:59:26.199000+00:00,,20251020-001.gpx
47.6088353,19.1470187,182.07,2025-10-20 12:59:26.382000+00:00,,20251020-001.gpx
47.6088297,19.1470173,182.53,2025-10-20 12:59:26.585000+00:00,,20251020-001.gpx
47.6088248,19.1470161,182.94,2025-10-20 12:59:26.766000+00:00,,20251020-001.gpx
47.608819,19.1470147,183.41,2025-10-20 12:59:26.968000+00:00,,20251020-001.gpx
47.6088132,19.1470134,183.88,2025-10-20 12:59:27.169000+00:00,,20251020-001.gpx
47.6088075,19.147012,184.34,2025-10-20 12:59:27.376000+00:00,,20251020-001.gpx
47.6088019,19.1470106,184.8,2025-10-20 12:59:27.578000+00:00,,20251020-001.gpx
47.6087969,19.1470094,185.22,2025-10-20 12:59:27.758000+00:00,,20251020-001.gpx
47.6087908,19.1470078,185.71,2025-10-20 12:59:27.979000+00:00,,20251020-001.gpx
47.608785,19.1470064,186.17,2025-10-20 12:59:28.181000+00:00,,20251020-001.gpx
47.6087791,19.1470049,186.63,2025-10-20 12:59:28.383000+00:00,,20251020-001.gpx
47.608773,19.1470036,187.1,2025-10-20 12:59:28.587000+00:00,,20251020-001.gpx
47.6087668,19.1470024,187.58,2025-10-20 12:59:28.792000+00:00,,20251020-001.gpx
47.6087609,19.1470011,188.04,2025-10-20 12:59:28.994000+00:00,,20251020-001.gpx
47.6087558,19.147,188.42,2025-10-20 12:59:29.174000+00:00,,20251020-001.gpx
47.6087498,19.1469988,188.88,2025-10-20 12:59:29.376000+00:00,,20251020-001.gpx
47.6087438,19.1469975,189.35,2025-10-20 12:59:29.578000+00:00,,20251020-001.gpx
47.608738,19.1469963,189.8,2025-10-20 12:59:29.780000+00:00,,20251020-001.gpx
47.608732,19.1469949,190.26,2025-10-20 12:59:29.981000+00:00,,20251020-001.gpx
47.6087258,19.1469937,190.73,2025-10-20 12:59:30.182000+00:00,,20251020-001.gpx
47.6087197,19.1469924,191.2,2025-10-20 12:59:30.385000+00:00,,20251020-001.gpx
47.6087138,19.1469912,191.64,2025-10-20 12:59:30.585000+00:00,,20251020-001.gpx
47.6087079,19.14699,192.09,2025-10-20 12:59:30.789000+00:00,,20251020-001.gpx
47.6087018,19.1469887,192.55,2025-10-20 12:59:30.990000+00:00,,20251020-001.gpx
47.6086956,19.1469872,193.03,2025-10-20 12:59:31.193000+00:00,,20251020-001.gpx
47.60869,19.1469859,193.46,2025-10-20 12:59:31.375000+00:00,,20251020-001.gpx
47.6086833,19.1469842,193.99,2025-10-20 12:59:31.596000+00:00,,20251020-001.gpx
47.6086772,19.1469827,194.46,2025-10-20 12:59:31.799000+00:00,,20251020-001.gpx
47.6086712,19.1469812,194.93,2025-10-20 12:59:32.001000+00:00,,20251020-001.gpx
47.6086661,19.1469799,195.34,2025-10-20 12:59:32.186000+00:00,,20251020-001.gpx
47.6086596,19.1469783,195.85,2025-10-20 12:59:32.410000+00:00,,20251020-001.gpx
47.6086542,19.146977,196.29,2025-10-20 12:59:32.594000+00:00,,20251020-001.gpx
47.6086483,19.1469757,196.78,2025-10-20 12:59:32.796000+00:00,,20251020-001.gpx
47.6086431,19.1469744,197.21,2025-10-20 12:59:32.977000+00:00,,20251020-001.gpx
47.6086367,19.1469728,197.73,2025-10-20 12:59:33.199000+00:00,,20251020-001.gpx
47.6086307,19.1469713,198.23,2025-10-20 12:59:33.411000+00:00,,20251020-001.gpx
47.6086249,19.1469699,198.7,2025-10-20 12:59:33.612000+00:00,,20251020-001.gpx
47.6086191,19.1469686,199.16,2025-10-20 12:59:33.812000+00:00,,20251020-001.gpx
47.6086141,19.1469674,199.57,2025-10-20 12:59:33.993000+00:00,,20251020-001.gpx
47.6086094,19.1469663,199.96,2025-10-20 12:59:34.158000+00:00,,20251020-001.gpx
47.6086022,19.1469643,200.53,2025-10-20 12:59:34.404000+00:00,,20251020-001.gpx
47.6085965,19.1469626,200.97,2025-10-20 12:59:34.606000+00:00,,20251020-001.gpx
47.6085906,19.1469609,201.42,2025-10-20 12:59:34.807000+00:00,,20251020-001.gpx
47.608584,19.1469592,201.93,2025-10-20 12:59:35.029000+00:00,,20251020-001.gpx
47.6085786,19.1469577,202.35,2025-10-20 12:59:35.209000+00:00,,20251020-001.gpx
47.6085728,19.1469561,202.79,2025-10-20 12:59:35.403000+00:00,,20251020-001.gpx
47.6085682,19.1469548,203.15,2025-10-20 12:59:35.563000+00:00,,20251020-001.gpx
47.6085619,19.1469532,203.65,2025-10-20 12:59:35.784000+00:00,,20251020-001.gpx
47.6085548,19.1469514,204.2,2025-10-20 12:59:36.025000+00:00,,20251020-001.gpx
47.6085494,19.1469501,204.63,2025-10-20 12:59:36.208000+00:00,,20251020-001.gpx
47.6085431,19.1469486,205.13,2025-10-20 12:59:36.429000+00:00,,20251020-001.gpx
47.6085384,19.1469474,205.5,2025-10-20 12:59:36.595000+00:00,,20251020-001.gpx
47.6085327,19.1469461,205.97,2025-10-20 12:59:36.796000+00:00,,20251020-001.gpx
47.6085269,19.1469449,206.42,2025-10-20 12:59:36.997000+00:00,,20251020-001.gpx
47.6085209,19.1469437,206.88,2025-10-20 12:59:37.204000+00:00,,20251020-001.gpx
47.6085148,19.1469425,207.36,2025-10-20 12:59:37.416000+00:00,,20251020-001.gpx
47.6085087,19.1469414,207.83,2025-10-20 12:59:37.621000+00:00,,20251020-001.gpx
47.6085029,19.1469403,208.29,2025-10-20 12:59:37.821000+00:00,,20251020-001.gpx
47.6084973,19.1469392,208.72,2025-10-20 12:59:38.022000+00:00,,20251020-001.gpx
47.6084915,19.146938,209.18,2025-10-20 12:59:38.223000+00:00,,20251020-001.gpx
47.6084856,19.1469368,209.64,2025-10-20 12:59:38.424000+00:00,,20251020-001.gpx
47.6084798,19.1469356,210.1,2025-10-20 12:59:38.624000+00:00,,20251020-001.gpx
47.6084741,19.1469344,210.55,2025-10-20 12:59:38.825000+00:00,,20251020-001.gpx
47.6084689,19.1469333,210.96,2025-10-20 12:59:39.006000+00:00,,20251020-001.gpx
47.6084631,19.146932,211.42,2025-10-20 12:59:39.209000+00:00,,20251020-001.gpx
47.6084573,19.1469307,211.89,2025-10-20 12:59:39.411000+00:00,,20251020-001.gpx
47.6084517,19.1469293,212.34,2025-10-20 12:59:39.611000+00:00,,20251020-001.gpx
47.6084455,19.1469278,212.83,2025-10-20 12:59:39.831000+00:00,,20251020-001.gpx
47.6084399,19.1469262,213.27,2025-10-20 12:59:40.032000+00:00,,20251020-001.gpx
47.6084348,19.1469249,213.67,2025-10-20 12:59:40.215000+00:00,,20251020-001.gpx
47.60843,19.1469236,214.06,2025-10-20 12:59:40.397000+00:00,,20251020-001.gpx
47.6084237,19.146922,214.56,2025-10-20 12:59:40.619000+00:00,,20251020-001.gpx
47.6084178,19.1469205,215.02,2025-10-20 12:59:40.820000+00:00,,20251020-001.gpx
47.6084121,19.1469189,215.48,2025-10-20 12:59:41.023000+00:00,,20251020-001.gpx
47.6084069,19.1469175,215.9,2025-10-20 12:59:41.207000+00:00,,20251020-001.gpx
47.6084007,19.1469159,216.39,2025-10-20 12:59:41.419000+00:00,,20251020-001.gpx
47.6083949,19.1469143,216.86,2025-10-20 12:59:41.620000+00:00,,20251020-001.gpx
47.608389,19.1469128,217.33,2025-10-20 12:59:41.822000+00:00,,20251020-001.gpx
47.6083833,19.1469114,217.78,2025-10-20 12:59:42.023000+00:00,,20251020-001.gpx
47.608378,19.1469101,218.19,2025-10-20 12:59:42.204000+00:00,,20251020-001.gpx
47.6083719,19.1469086,218.68,2025-10-20 12:59:42.410000+00:00,,20251020-001.gpx
47.6083665,19.1469074,219.11,2025-10-20 12:59:42.592000+00:00,,20251020-001.gpx
47.6083605,19.1469061,219.6,2025-10-20 12:59:42.796000+00:00,,20251020-001.gpx
47.608354,19.1469049,220.13,2025-10-20 12:59:43.019000+00:00,,20251020-001.gpx
47.6083482,19.1469037,220.61,2025-10-20 12:59:43.224000+00:00,,20251020-001.gpx
47.6083435,19.1469028,221.0,2025-10-20 12:59:43.389000+00:00,,20251020-001.gpx
47.608338,19.1469017,221.47,2025-10-20 12:59:43.591000+00:00,,20251020-001.gpx
47.6083325,19.1469007,221.93,2025-10-20 12:59:43.792000+00:00,,20251020-001.gpx
47.6083261,19.1468995,222.45,2025-10-20 12:59:44.014000+00:00,,20251020-001.gpx
47.6083209,19.1468985,222.88,2025-10-20 12:59:44.194000+00:00,,20251020-001.gpx
47.6083151,19.1468974,223.34,2025-10-20 12:59:44.396000+00:00,,20251020-001.gpx
47.6083087,19.146896,223.85,2025-10-20 12:59:44.619000+00:00,,20251020-001.gpx
47.6083028,19.1468947,224.33,2025-10-20 12:59:44.821000+00:00,,20251020-001.gpx
47.608297,19.1468933,224.8,2025-10-20 12:59:45.022000+00:00,,20251020-001.gpx
47.6082924,19.1468922,225.17,2025-10-20 12:59:45.188000+00:00,,20251020-001.gpx
47.6082856,19.1468906,225.71,2025-10-20 12:59:45.424000+00:00,,20251020-001.gpx
47.6082796,19.1468892,226.19,2025-10-20 12:59:45.625000+00:00,,20251020-001.gpx
47.6082733,19.1468876,226.68,2025-10-20 12:59:45.829000+00:00,,20251020-001.gpx
47.6082675,19.1468861,227.13,2025-10-20 12:59:46.032000+00:00,,20251020-001.gpx
47.6082615,19.1468845,227.59,2025-10-20 12:59:46.232000+00:00,,20251020-001.gpx
47.6082554,19.1468827,228.05,2025-10-20 12:59:46.434000+00:00,,20251020-001.gpx
47.6082493,19.1468811,228.5,2025-10-20 12:59:46.635000+00:00,,20251020-001.gpx
47.6082432,19.1468794,228.97,2025-10-20 12:59:46.839000+00:00,,20251020-001.gpx
47.6082375,19.1468779,229.44,2025-10-20 12:59:47.039000+00:00,,20251020-001.gpx
47.6082319,19.1468765,229.87,2025-10-20 12:59:47.222000+00:00,,20251020-001.gpx
47.6082257,19.146875,230.34,2025-10-20 12:59:47.424000+00:00,,20251020-001.gpx
47.608219,19.1468734,230.85,2025-10-20 12:59:47.646000+00:00,,20251020-001.gpx
47.6082128,19.1468719,231.32,2025-10-20 12:59:47.849000+00:00,,20251020-001.gpx
47.6082067,19.1468705,231.77,2025-10-20 12:59:48.051000+00:00,,20251020-001.gpx
47.6082005,19.1468691,232.24,2025-10-20 12:59:48.256000+00:00,,20251020-001.gpx
47.6081947,19.1468678,232.68,2025-10-20 12:59:48.457000+00:00,,20251020-001.gpx
47.6081888,19.1468666,233.13,2025-10-20 12:59:48.659000+00:00,,20251020-001.gpx
47.6081834,19.1468655,233.55,2025-10-20 12:59:48.839000+00:00,,20251020-001.gpx
47.6081775,19.1468644,234.01,2025-10-20 12:59:49.040000+00:00,,20251020-001.gpx
47.6081717,19.1468631,234.45,2025-10-20 12:59:49.241000+00:00,,20251020-001.gpx
47.6081659,19.1468618,234.91,2025-10-20 12:59:49.441000+00:00,,20251020-001.gpx
47.6081607,19.1468607,235.32,2025-10-20 12:59:49.621000+00:00,,20251020-001.gpx
47.608155,19.1468593,235.78,2025-10-20 12:59:49.823000+00:00,,20251020-001.gpx
47.6081486,19.1468577,236.31,2025-10-20 12:59:50.048000+00:00,,20251020-001.gpx
47.6081426,19.1468562,236.79,2025-10-20 12:59:50.249000+00:00,,20251020-001.gpx
47.6081368,19.1468545,237.25,2025-10-20 12:59:50.450000+00:00,,20251020-001.gpx
47.6081308,19.1468526,237.73,2025-10-20 12:59:50.654000+00:00,,20251020-001.gpx
47.608125,19.1468507,238.21,2025-10-20 12:59:50.855000+00:00,,20251020-001.gpx
47.6081193,19.1468488,238.67,2025-10-20 12:59:51.056000+00:00,,20251020-001.gpx
47.6081133,19.1468468,239.15,2025-10-20 12:59:51.268000+00:00,,20251020-001.gpx
47.6081075,19.1468449,239.61,2025-10-20 12:59:51.469000+00:00,,20251020-001.gpx
47.6081017,19.1468431,240.09,2025-10-20 12:59:51.671000+00:00,,20251020-001.gpx
47.6080961,19.1468414,240.57,2025-10-20 12:59:51.873000+00:00,,20251020-001.gpx
47.6080903,19.1468398,241.06,2025-10-20 12:59:52.074000+00:00,,20251020-001.gpx
47.6080849,19.1468383,241.51,2025-10-20 12:59:52.265000+00:00,,20251020-001.gpx
47.6080798,19.1468371,241.93,2025-10-20 12:59:52.445000+00:00,,20251020-001.gpx
47.6080743,19.1468358,242.38,2025-10-20 12:59:52.648000+00:00,,20251020-001.gpx
47.608068,19.1468344,242.9,2025-10-20 12:59:52.870000+00:00,,20251020-001.gpx
47.6080618,19.1468332,243.41,2025-10-20 12:59:53.090000+00:00,,20251020-001.gpx
47.6080568,19.1468323,243.81,2025-10-20 12:59:53.271000+00:00,,20251020-001.gpx
47.6080515,19.1468314,244.24,2025-10-20 12:59:53.464000+00:00,,20251020-001.gpx
47.6080456,19.1468305,244.71,2025-10-20 12:59:53.668000+00:00,,20251020-001.gpx
47.6080399,19.1468296,245.16,2025-10-20 12:59:53.871000+00:00,,20251020-001.gpx
47.6080345,19.1468287,245.58,2025-10-20 12:59:54.072000+00:00,,20251020-001.gpx
47.6080293,19.1468278,245.99,2025-10-20 12:59:54.256000+00:00,,20251020-001.gpx
47.6080236,19.1468268,246.46,2025-10-20 12:59:54.457000+00:00,,20251020-001.gpx
47.6080178,19.1468258,246.95,2025-10-20 12:59:54.662000+00:00,,20251020-001.gpx
47.6080118,19.1468246,247.43,2025-10-20 12:59:54.867000+00:00,,20251020-001.gpx
47.608006,19.1468234,247.89,2025-10-20 12:59:55.068000+00:00,,20251020-001.gpx
47.6079996,19.1468222,248.39,2025-10-20 12:59:55.279000+00:00,,20251020-001.gpx
47.6079934,19.1468209,248.87,2025-10-20 12:59:55.480000+00:00,,20251020-001.gpx
47.6079873,19.1468196,249.34,2025-10-20 12:59:55.681000+00:00,,20251020-001.gpx
47.6079816,19.1468184,249.8,2025-10-20 12:59:55.883000+00:00,,20251020-001.gpx
47.6079753,19.1468171,250.28,2025-10-20 12:59:56.085000+00:00,,20251020-001.gpx
47.607969,19.1468157,250.77,2025-10-20 12:59:56.288000+00:00,,20251020-001.gpx
47.6079629,19.1468143,251.24,2025-10-20 12:59:56.491000+00:00,,20251020-001.gpx
47.6079568,19.1468131,251.72,2025-10-20 12:59:56.692000+00:00,,20251020-001.gpx
47.6079511,19.1468119,252.18,2025-10-20 12:59:56.892000+00:00,,20251020-001.gpx
47.607945,19.1468106,252.65,2025-10-20 12:59:57.093000+00:00,,20251020-001.gpx
47.6079391,19.1468091,253.13,2025-10-20 12:59:57.296000+00:00,,20251020-001.gpx
47.6079333,19.1468076,253.61,2025-10-20 12:59:57.499000+00:00,,20251020-001.gpx
47.607928,19.1468061,254.05,2025-10-20 12:59:57.682000+00:00,,20251020-001.gpx
47.6079222,19.1468044,254.52,2025-10-20 12:59:57.884000+00:00,,20251020-001.gpx
47.6079164,19.1468027,255.0,2025-10-20 12:59:58.086000+00:00,,20251020-001.gpx
47.6079103,19.1468009,255.5,2025-10-20 12:59:58.301000+00:00,,20251020-001.gpx
47.6079052,19.1467995,255.92,2025-10-20 12:59:58.482000+00:00,,20251020-001.gpx
47.607899,19.1467977,256.44,2025-10-20 12:59:58.703000+00:00,,20251020-001.gpx
47.6078937,19.1467963,256.86,2025-10-20 12:59:58.885000+00:00,,20251020-001.gpx
47.6078879,19.1467947,257.3,2025-10-20 12:59:59.086000+00:00,,20251020-001.gpx
47.6078824,19.1467931,257.66,2025-10-20 12:59:59.291000+00:00,,20251020-001.gpx
47.6078774,19.1467915,257.91,2025-10-20 12:59:59.492000+00:00,,20251020-001.gpx
47.6078729,19.14679,258.06,2025-10-20 12:59:59.692000+00:00,,20251020-001.gpx
47.6078693,19.1467887,258.11,2025-10-20 12:59:59.894000+00:00,,20251020-001.gpx
47.6078661,19.1467876,258.09,2025-10-20 13:00:00.102000+00:00,,20251020-001.gpx
47.6078639,19.1467868,258.0,2025-10-20 13:00:00.304000+00:00,,20251020-001.gpx
47.6078627,19.1467862,257.92,2025-10-20 13:00:00.504000+00:00,,20251020-001.gpx
47.6078624,19.1467859,257.86,2025-10-20 13:00:00.704000+00:00,,20251020-001.gpx
47.6078628,19.1467857,257.8,2025-10-20 13:00:00.907000+00:00,,20251020-001.gpx
47.6078639,19.1467858,257.76,2025-10-20 13:00:01.110000+00:00,,20251020-001.gpx
47.6078653,19.1467859,257.74,2025-10-20 13:00:01.305000+00:00,,20251020-001.gpx
47.6078673,19.1467862,257.72,2025-10-20 13:00:01.530000+00:00,,20251020-001.gpx
47.607869,19.1467865,257.7,2025-10-20 13:00:01.711000+00:00,,20251020-001.gpx
47.6078711,19.1467868,257.67,2025-10-20 13:00:01.912000+00:00,,20251020-001.gpx
47.6078733,19.1467872,257.61,2025-10-20 13:00:02.113000+00:00,,20251020-001.gpx
47.6078754,19.1467876,257.48,2025-10-20 13:00:02.316000+00:00,,20251020-001.gpx
47.6078778,19.1467876,257.19,2025-10-20 13:00:02.518000+00:00,,20251020-001.gpx
47.6078805,19.1467872,256.77,2025-10-20 13:00:02.718000+00:00,,20251020-001.gpx
47.6078835,19.1467863,256.23,2025-10-20 13:00:02.921000+00:00,,20251020-001.gpx
47.6078863,19.1467852,255.75,2025-10-20 13:00:03.082000+00:00,,20251020-001.gpx
47.6078907,19.1467831,255.08,2025-10-20 13:00:03.317000+00:00,,20251020-001.gpx
47.6078949,19.1467804,254.52,2025-10-20 13:00:03.519000+00:00,,20251020-001.gpx
47.6078992,19.146777,253.99,2025-10-20 13:00:03.712000+00:00,,20251020-001.gpx
47.607903,19.1467736,253.53,2025-10-20 13:00:03.895000+00:00,,20251020-001.gpx
47.6079081,19.1467687,252.93,2025-10-20 13:00:04.117000+00:00,,20251020-001.gpx
47.6079119,19.146765,252.51,2025-10-20 13:00:04.279000+00:00,,20251020-001.gpx
47.6079177,19.1467592,251.87,2025-10-20 13:00:04.522000+00:00,,20251020-001.gpx
47.6079226,19.1467543,251.34,2025-10-20 13:00:04.723000+00:00,,20251020-001.gpx
47.6079276,19.1467493,250.81,2025-10-20 13:00:04.926000+00:00,,20251020-001.gpx
47.6079321,19.1467447,250.32,2025-10-20 13:00:05.107000+00:00,,20251020-001.gpx
47.6079375,19.1467396,249.74,2025-10-20 13:00:05.320000+00:00,,20251020-001.gpx
47.6079426,19.1467348,249.19,2025-10-20 13:00:05.531000+00:00,,20251020-001.gpx
47.6079472,19.1467306,248.66,2025-10-20 13:00:05.733000+00:00,,20251020-001.gpx
47.6079513,19.1467268,248.17,2025-10-20 13:00:05.915000+00:00,,20251020-001.gpx
47.6079565,19.1467222,247.56,2025-10-20 13:00:06.139000+00:00,,20251020-001.gpx
47.6079608,19.1467187,247.06,2025-10-20 13:00:06.326000+00:00,,20251020-001.gpx
47.6079655,19.1467149,246.5,2025-10-20 13:00:06.532000+00:00,,20251020-001.gpx
47.6079695,19.1467116,246.01,2025-10-20 13:00:06.713000+00:00,,20251020-001.gpx
47.6079744,19.1467076,245.42,2025-10-20 13:00:06.931000+00:00,,20251020-001.gpx
47.6079788,19.146704,244.9,2025-10-20 13:00:07.131000+00:00,,20251020-001.gpx
47.607983,19.1467007,244.41,2025-10-20 13:00:07.335000+00:00,,20251020-001.gpx
47.6079875,19.146697,243.87,2025-10-20 13:00:07.535000+00:00,,20251020-001.gpx
47.6079919,19.1466934,243.32,2025-10-20 13:00:07.737000+00:00,,20251020-001.gpx
47.6079962,19.1466898,242.77,2025-10-20 13:00:07.937000+00:00,,20251020-001.gpx
47.6080004,19.1466862,242.22,2025-10-20 13:00:08.138000+00:00,,20251020-001.gpx
47.6080048,19.1466824,241.65,2025-10-20 13:00:08.342000+00:00,,20251020-001.gpx
47.6080087,19.1466792,241.16,2025-10-20 13:00:08.524000+00:00,,20251020-001.gpx
47.608013,19.1466755,240.64,2025-10-20 13:00:08.724000+00:00,,20251020-001.gpx
47.6080171,19.1466716,240.11,2025-10-20 13:00:08.927000+00:00,,20251020-001.gpx
47.6080214,19.1466676,239.56,2025-10-20 13:00:09.131000+00:00,,20251020-001.gpx
47.6080257,19.1466636,238.98,2025-10-20 13:00:09.340000+00:00,,20251020-001.gpx
47.6080297,19.1466599,238.44,2025-10-20 13:00:09.542000+00:00,,20251020-001.gpx
47.6080329,19.1466566,237.98,2025-10-20 13:00:09.725000+00:00,,20251020-001.gpx
47.6080367,19.1466527,237.46,2025-10-20 13:00:09.926000+00:00,,20251020-001.gpx
47.6080406,19.1466488,236.9,2025-10-20 13:00:10.131000+00:00,,20251020-001.gpx
47.6080441,19.1466452,236.37,2025-10-20 13:00:10.315000+00:00,,20251020-001.gpx
47.6080478,19.1466411,235.81,2025-10-20 13:00:10.517000+00:00,,20251020-001.gpx
47.6080516,19.1466368,235.25,2025-10-20 13:00:10.720000+00:00,,20251020-001.gpx
47.608056,19.1466319,234.61,2025-10-20 13:00:10.942000+00:00,,20251020-001.gpx
47.6080595,19.146628,234.12,2025-10-20 13:00:11.123000+00:00,,20251020-001.gpx
47.6080632,19.1466237,233.59,2025-10-20 13:00:11.330000+00:00,,20251020-001.gpx
47.6080668,19.1466192,233.08,2025-10-20 13:00:11.530000+00:00,,20251020-001.gpx
47.6080705,19.1466145,232.57,2025-10-20 13:00:11.731000+00:00,,20251020-001.gpx
47.608074,19.1466102,232.08,2025-10-20 13:00:11.912000+00:00,,20251020-001.gpx
47.6080783,19.1466053,231.53,2025-10-20 13:00:12.133000+00:00,,20251020-001.gpx
47.6080815,19.1466015,231.08,2025-10-20 13:00:12.307000+00:00,,20251020-001.gpx
47.6080863,19.1465961,230.39,2025-10-20 13:00:12.551000+00:00,,20251020-001.gpx
47.6080899,19.1465924,229.89,2025-10-20 13:00:12.733000+00:00,,20251020-001.gpx
47.6080933,19.1465888,229.41,2025-10-20 13:00:12.916000+00:00,,20251020-001.gpx
47.6080976,19.1465843,228.82,2025-10-20 13:00:13.138000+00:00,,20251020-001.gpx
47.6081012,19.1465808,228.34,2025-10-20 13:00:13.316000+00:00,,20251020-001.gpx
47.6081058,19.1465762,227.73,2025-10-20 13:00:13.538000+00:00,,20251020-001.gpx
47.6081099,19.1465721,227.18,2025-10-20 13:00:13.738000+00:00,,20251020-001.gpx
47.608114,19.1465681,226.63,2025-10-20 13:00:13.939000+00:00,,20251020-001.gpx
47.6081181,19.1465642,226.08,2025-10-20 13:00:14.140000+00:00,,20251020-001.gpx
47.6081222,19.1465601,225.53,2025-10-20 13:00:14.344000+00:00,,20251020-001.gpx
47.6081262,19.1465559,224.98,2025-10-20 13:00:14.545000+00:00,,20251020-001.gpx
47.6081302,19.1465518,224.41,2025-10-20 13:00:14.747000+00:00,,20251020-001.gpx
47.6081337,19.1465482,223.91,2025-10-20 13:00:14.928000+00:00,,20251020-001.gpx
47.6081381,19.1465437,223.28,2025-10-20 13:00:15.150000+00:00,,20251020-001.gpx
47.6081417,19.1465399,222.75,2025-10-20 13:00:15.332000+00:00,,20251020-001.gpx
47.6081457,19.1465357,222.18,2025-10-20 13:00:15.533000+00:00,,20251020-001.gpx
47.6081499,19.1465314,221.61,2025-10-20 13:00:15.735000+00:00,,20251020-001.gpx
47.6081542,19.146527,221.05,2025-10-20 13:00:15.936000+00:00,,20251020-001.gpx
47.6081587,19.1465224,220.48,2025-10-20 13:00:16.137000+00:00,,20251020-001.gpx
47.6081631,19.1465179,219.9,2025-10-20 13:00:16.341000+00:00,,20251020-001.gpx
47.6081674,19.1465136,219.29,2025-10-20 13:00:16.543000+00:00,,20251020-001.gpx
47.6081718,19.1465093,218.69,2025-10-20 13:00:16.746000+00:00,,20251020-001.gpx
47.6081762,19.146505,218.09,2025-10-20 13:00:16.948000+00:00,,20251020-001.gpx
47.6081808,19.1465007,217.49,2025-10-20 13:00:17.158000+00:00,,20251020-001.gpx
47.6081849,19.1464968,216.94,2025-10-20 13:00:17.360000+00:00,,20251020-001.gpx
47.6081892,19.1464926,216.38,2025-10-20 13:00:17.562000+00:00,,20251020-001.gpx
47.6081935,19.1464883,215.81,2025-10-20 13:00:17.764000+00:00,,20251020-001.gpx
47.6081977,19.1464838,215.22,2025-10-20 13:00:17.967000+00:00,,20251020-001.gpx
47.6082018,19.1464793,214.64,2025-10-20 13:00:18.171000+00:00,,20251020-001.gpx
47.6082051,19.1464756,214.18,2025-10-20 13:00:18.335000+00:00,,20251020-001.gpx
47.6082093,19.1464708,213.57,2025-10-20 13:00:18.557000+00:00,,20251020-001.gpx
47.608213,19.1464666,212.98,2025-10-20 13:00:18.758000+00:00,,20251020-001.gpx
47.608217,19.1464622,212.36,2025-10-20 13:00:18.978000+00:00,,20251020-001.gpx
47.6082206,19.1464586,211.85,2025-10-20 13:00:19.167000+00:00,,20251020-001.gpx
47.6082247,19.1464544,211.28,2025-10-20 13:00:19.368000+00:00,,20251020-001.gpx
47.6082289,19.1464503,210.69,2025-10-20 13:00:19.569000+00:00,,20251020-001.gpx
47.6082332,19.1464463,210.12,2025-10-20 13:00:19.770000+00:00,,20251020-001.gpx
47.6082376,19.1464424,209.57,2025-10-20 13:00:19.972000+00:00,,20251020-001.gpx
47.6082422,19.1464386,208.97,2025-10-20 13:00:20.175000+00:00,,20251020-001.gpx
47.6082468,19.146435,208.36,2025-10-20 13:00:20.377000+00:00,,20251020-001.gpx
47.6082511,19.1464318,207.83,2025-10-20 13:00:20.565000+00:00,,20251020-001.gpx
47.6082548,19.1464289,207.36,2025-10-20 13:00:20.725000+00:00,,20251020-001.gpx
47.6082608,19.1464243,206.62,2025-10-20 13:00:20.979000+00:00,,20251020-001.gpx
47.6082655,19.1464207,206.06,2025-10-20 13:00:21.174000+00:00,,20251020-001.gpx
47.6082703,19.1464166,205.45,2025-10-20 13:00:21.380000+00:00,,20251020-001.gpx
47.6082749,19.1464125,204.87,2025-10-20 13:00:21.581000+00:00,,20251020-001.gpx
47.6082793,19.1464082,204.29,2025-10-20 13:00:21.782000+00:00,,20251020-001.gpx
47.6082839,19.1464036,203.7,2025-10-20 13:00:21.983000+00:00,,20251020-001.gpx
47.6082884,19.1463991,203.11,2025-10-20 13:00:22.184000+00:00,,20251020-001.gpx
47.6082914,19.1463961,202.72,2025-10-20 13:00:22.347000+00:00,,20251020-001.gpx
47.6082968,19.1463906,202.03,2025-10-20 13:00:22.589000+00:00,,20251020-001.gpx
47.6083013,19.1463859,201.43,2025-10-20 13:00:22.791000+00:00,,20251020-001.gpx
47.6083058,19.1463811,200.84,2025-10-20 13:00:22.993000+00:00,,20251020-001.gpx
47.6083104,19.1463763,200.25,2025-10-20 13:00:23.194000+00:00,,20251020-001.gpx
47.6083149,19.1463713,199.65,2025-10-20 13:00:23.399000+00:00,,20251020-001.gpx
47.6083194,19.1463664,199.05,2025-10-20 13:00:23.601000+00:00,,20251020-001.gpx
47.6083237,19.1463615,198.46,2025-10-20 13:00:23.805000+00:00,,20251020-001.gpx
47.6083279,19.1463569,197.9,2025-10-20 13:00:24.007000+00:00,,20251020-001.gpx
47.608332,19.1463522,197.35,2025-10-20 13:00:24.198000+00:00,,20251020-001.gpx
47.6083365,19.146347,196.7,2025-10-20 13:00:24.410000+00:00,,20251020-001.gpx
47.6083404,19.1463424,196.15,2025-10-20 13:00:24.591000+00:00,,20251020-001.gpx
47.6083443,19.1463382,195.61,2025-10-20 13:00:24.772000+00:00,,20251020-001.gpx
47.6083491,19.1463335,194.92,2025-10-20 13:00:24.994000+00:00,,20251020-001.gpx
47.6083533,19.1463299,194.3,2025-10-20 13:00:25.196000+00:00,,20251020-001.gpx
47.6083578,19.1463264,193.7,2025-10-20 13:00:25.399000+00:00,,20251020-001.gpx
47.6083629,19.1463225,193.07,2025-10-20 13:00:25.620000+00:00,,20251020-001.gpx
47.6083675,19.1463191,192.51,2025-10-20 13:00:25.822000+00:00,,20251020-001.gpx
47.6083718,19.1463159,191.98,2025-10-20 13:00:26.005000+00:00,,20251020-001.gpx
47.608377,19.1463119,191.32,2025-10-20 13:00:26.225000+00:00,,20251020-001.gpx
47.6083814,19.1463084,190.74,2025-10-20 13:00:26.427000+00:00,,20251020-001.gpx
47.6083858,19.1463049,190.15,2025-10-20 13:00:26.627000+00:00,,20251020-001.gpx
47.60839,19.1463016,189.62,2025-10-20 13:00:26.810000+00:00,,20251020-001.gpx
47.6083944,19.1462977,189.05,2025-10-20 13:00:27.012000+00:00,,20251020-001.gpx
47.6083984,19.1462939,188.55,2025-10-20 13:00:27.193000+00:00,,20251020-001.gpx
47.6084026,19.1462892,187.98,2025-10-20 13:00:27.396000+00:00,,20251020-001.gpx
47.6084073,19.1462836,187.32,2025-10-20 13:00:27.620000+00:00,,20251020-001.gpx
47.6084116,19.1462781,186.71,2025-10-20 13:00:27.823000+00:00,,20251020-001.gpx
47.608416,19.1462727,186.09,2025-10-20 13:00:28.028000+00:00,,20251020-001.gpx
47.6084201,19.1462678,185.51,2025-10-20 13:00:28.227000+00:00,,20251020-001.gpx
47.608424,19.1462634,184.97,2025-10-20 13:00:28.411000+00:00,,20251020-001.gpx
47.6084283,19.1462587,184.38,2025-10-20 13:00:28.612000+00:00,,20251020-001.gpx
47.6084326,19.1462538,183.74,2025-10-20 13:00:28.825000+00:00,,20251020-001.gpx
47.6084356,19.1462505,183.29,2025-10-20 13:00:28.975000+00:00,,20251020-001.gpx
47.6084404,19.1462456,182.59,2025-10-20 13:00:29.220000+00:00,,20251020-001.gpx
47.6084445,19.1462413,182.0,2025-10-20 13:00:29.420000+00:00,,20251020-001.gpx
47.6084487,19.1462369,181.41,2025-10-20 13:00:29.622000+00:00,,20251020-001.gpx
47.608453,19.1462325,180.82,2025-10-20 13:00:29.823000+00:00,,20251020-001.gpx
47.6084573,19.1462284,180.23,2025-10-20 13:00:30.024000+00:00,,20251020-001.gpx
47.6084616,19.1462244,179.62,2025-10-20 13:00:30.229000+00:00,,20251020-001.gpx
47.6084658,19.1462205,179.05,2025-10-20 13:00:30.431000+00:00,,20251020-001.gpx
47.60847,19.1462166,178.5,2025-10-20 13:00:30.631000+00:00,,20251020-001.gpx
47.6084743,19.1462124,177.96,2025-10-20 13:00:30.832000+00:00,,20251020-001.gpx
47.6084784,19.1462083,177.41,2025-10-20 13:00:31.032000+00:00,,20251020-001.gpx
47.6084817,19.1462051,176.95,2025-10-20 13:00:31.193000+00:00,,20251020-001.gpx
47.608486,19.1462009,176.38,2025-10-20 13:00:31.398000+00:00,,20251020-001.gpx
47.6084901,19.1461967,175.83,2025-10-20 13:00:31.602000+00:00,,20251020-001.gpx
47.6084942,19.1461923,175.28,2025-10-20 13:00:31.804000+00:00,,20251020-001.gpx
47.6084986,19.1461874,174.69,2025-10-20 13:00:32.006000+00:00,,20251020-001.gpx
47.6085029,19.1461824,174.1,2025-10-20 13:00:32.214000+00:00,,20251020-001.gpx
47.6085072,19.1461776,173.54,2025-10-20 13:00:32.416000+00:00,,20251020-001.gpx
47.6085111,19.1461729,173.01,2025-10-20 13:00:32.617000+00:00,,20251020-001.gpx
47.6085153,19.1461678,172.43,2025-10-20 13:00:32.821000+00:00,,20251020-001.gpx
47.6085193,19.1461628,171.85,2025-10-20 13:00:33.024000+00:00,,20251020-001.gpx
47.6085236,19.1461578,171.23,2025-10-20 13:00:33.228000+00:00,,20251020-001.gpx
47.608528,19.1461533,170.65,2025-10-20 13:00:33.429000+00:00,,20251020-001.gpx
47.6085326,19.1461493,170.05,2025-10-20 13:00:33.630000+00:00,,20251020-001.gpx
47.6085369,19.1461459,169.51,2025-10-20 13:00:33.811000+00:00,,20251020-001.gpx
47.6085422,19.1461422,168.89,2025-10-20 13:00:34.031000+00:00,,20251020-001.gpx
47.6085469,19.1461391,168.35,2025-10-20 13:00:34.222000+00:00,,20251020-001.gpx
47.6085517,19.1461358,167.77,2025-10-20 13:00:34.425000+00:00,,20251020-001.gpx
47.6085565,19.1461327,167.2,2025-10-20 13:00:34.626000+00:00,,20251020-001.gpx
47.6085613,19.1461294,166.63,2025-10-20 13:00:34.828000+00:00,,20251020-001.gpx
47.6085661,19.1461261,166.07,2025-10-20 13:00:35.029000+00:00,,20251020-001.gpx
47.60857,19.1461232,165.59,2025-10-20 13:00:35.196000+00:00,,20251020-001.gpx
47.608575,19.1461191,164.95,2025-10-20 13:00:35.418000+00:00,,20251020-001.gpx
47.6085795,19.1461148,164.36,2025-10-20 13:00:35.619000+00:00,,20251020-001.gpx
47.6085839,19.1461104,163.78,2025-10-20 13:00:35.821000+00:00,,20251020-001.gpx
47.6085882,19.1461059,163.19,2025-10-20 13:00:36.021000+00:00,,20251020-001.gpx
47.608592,19.1461016,162.64,2025-10-20 13:00:36.208000+00:00,,20251020-001.gpx
47.6085964,19.1460965,161.99,2025-10-20 13:00:36.428000+00:00,,20251020-001.gpx
47.6086001,19.1460917,161.41,2025-10-20 13:00:36.628000+00:00,,20251020-001.gpx
47.6086039,19.1460872,160.81,2025-10-20 13:00:36.830000+00:00,,20251020-001.gpx
47.6086076,19.146083,160.22,2025-10-20 13:00:37.030000+00:00,,20251020-001.gpx
47.6086105,19.14608,159.79,2025-10-20 13:00:37.177000+00:00,,20251020-001.gpx
47.6086151,19.1460757,159.12,2025-10-20 13:00:37.405000+00:00,,20251020-001.gpx
47.6086197,19.1460716,158.48,2025-10-20 13:00:37.630000+00:00,,20251020-001.gpx
47.6086238,19.1460679,157.92,2025-10-20 13:00:37.833000+00:00,,20251020-001.gpx
47.6086275,19.1460645,157.41,2025-10-20 13:00:38.014000+00:00,,20251020-001.gpx
47.6086319,19.1460603,156.82,2025-10-20 13:00:38.221000+00:00,,20251020-001.gpx
47.6086358,19.1460564,156.32,2025-10-20 13:00:38.404000+00:00,,20251020-001.gpx
47.6086404,19.1460521,155.78,2025-10-20 13:00:38.625000+00:00,,20251020-001.gpx
47.6086446,19.1460481,155.26,2025-10-20 13:00:38.805000+00:00,,20251020-001.gpx
47.6086494,19.1460437,154.68,2025-10-20 13:00:39.007000+00:00,,20251020-001.gpx
47.6086545,19.1460391,154.09,2025-10-20 13:00:39.213000+00:00,,20251020-001.gpx
47.6086595,19.1460349,153.52,2025-10-20 13:00:39.419000+00:00,,20251020-001.gpx
47.6086645,19.1460309,152.94,2025-10-20 13:00:39.620000+00:00,,20251020-001.gpx
47.6086694,19.1460267,152.34,2025-10-20 13:00:39.822000+00:00,,20251020-001.gpx
47.6086743,19.1460225,151.73,2025-10-20 13:00:40.024000+00:00,,20251020-001.gpx
47.6086791,19.1460182,151.14,2025-10-20 13:00:40.225000+00:00,,20251020-001.gpx
47.608684,19.1460136,150.55,2025-10-20 13:00:40.426000+00:00,,20251020-001.gpx
47.6086888,19.1460086,149.97,2025-10-20 13:00:40.626000+00:00,,20251020-001.gpx
47.6086935,19.1460034,149.37,2025-10-20 13:00:40.827000+00:00,,20251020-001.gpx
47.6086977,19.1459979,148.79,2025-10-20 13:00:41.028000+00:00,,20251020-001.gpx
47.6087015,19.1459924,148.22,2025-10-20 13:00:41.223000+00:00,,20251020-001.gpx
47.6087053,19.1459869,147.64,2025-10-20 13:00:41.426000+00:00,,20251020-001.gpx
47.6087091,19.1459816,147.07,2025-10-20 13:00:41.627000+00:00,,20251020-001.gpx
47.6087131,19.1459766,146.48,2025-10-20 13:00:41.829000+00:00,,20251020-001.gpx
47.6087171,19.1459719,145.89,2025-10-20 13:00:42.028000+00:00,,20251020-001.gpx
47.6087213,19.1459672,145.27,2025-10-20 13:00:42.238000+00:00,,20251020-001.gpx
47.6087254,19.1459628,144.68,2025-10-20 13:00:42.438000+00:00,,20251020-001.gpx
47.6087293,19.1459584,144.09,2025-10-20 13:00:42.639000+00:00,,20251020-001.gpx
47.6087331,19.1459543,143.53,2025-10-20 13:00:42.841000+00:00,,20251020-001.gpx
47.6087369,19.1459503,143.04,2025-10-20 13:00:43.041000+00:00,,20251020-001.gpx
47.6087403,19.1459472,142.72,2025-10-20 13:00:43.224000+00:00,,20251020-001.gpx
47.6087435,19.1459446,142.52,2025-10-20 13:00:43.427000+00:00,,20251020-001.gpx
47.6087459,19.145943,142.44,2025-10-20 13:00:43.630000+00:00,,20251020-001.gpx
47.6087475,19.1459422,142.42,2025-10-20 13:00:43.834000+00:00,,20251020-001.gpx
47.6087485,19.145942,142.43,2025-10-20 13:00:44.014000+00:00,,20251020-001.gpx
47.6087492,19.1459422,142.44,2025-10-20 13:00:44.217000+00:00,,20251020-001.gpx
47.6087494,19.1459427,142.44,2025-10-20 13:00:44.427000+00:00,,20251020-001.gpx
47.6087494,19.1459435,142.44,2025-10-20 13:00:44.629000+00:00,,20251020-001.gpx
47.6087492,19.1459445,142.42,2025-10-20 13:00:44.831000+00:00,,20251020-001.gpx
47.6087489,19.1459455,142.4,2025-10-20 13:00:45.032000+00:00,,20251020-001.gpx
47.6087486,19.1459465,142.38,2025-10-20 13:00:45.222000+00:00,,20251020-001.gpx
47.6087483,19.1459475,142.36,2025-10-20 13:00:45.430000+00:00,,20251020-001.gpx
47.6087479,19.1459484,142.36,2025-10-20 13:00:45.611000+00:00,,20251020-001.gpx
47.6087474,19.1459493,142.42,2025-10-20 13:00:45.814000+00:00,,20251020-001.gpx
47.6087468,19.1459507,142.58,2025-10-20 13:00:46.037000+00:00,,20251020-001.gpx
47.6087462,19.1459525,142.8,2025-10-20 13:00:46.208000+00:00,,20251020-001.gpx
47.6087452,19.145956,143.2,2025-10-20 13:00:46.423000+00:00,,20251020-001.gpx
47.608744,19.1459612,143.69,2025-10-20 13:00:46.644000+00:00,,20251020-001.gpx
47.6087427,19.1459676,144.17,2025-10-20 13:00:46.846000+00:00,,20251020-001.gpx
47.6087411,19.1459753,144.68,2025-10-20 13:00:47.047000+00:00,,20251020-001.gpx
47.6087396,19.1459831,145.15,2025-10-20 13:00:47.235000+00:00,,20251020-001.gpx
47.6087382,19.1459923,145.65,2025-10-20 13:00:47.438000+00:00,,20251020-001.gpx
47.608737,19.1460021,146.13,2025-10-20 13:00:47.640000+00:00,,20251020-001.gpx
47.6087359,19.1460121,146.62,2025-10-20 13:00:47.841000+00:00,,20251020-001.gpx
47.608735,19.1460214,147.05,2025-10-20 13:00:48.021000+00:00,,20251020-001.gpx
47.608734,19.1460324,147.56,2025-10-20 13:00:48.238000+00:00,,20251020-001.gpx
47.6087331,19.146043,148.05,2025-10-20 13:00:48.440000+00:00,,20251020-001.gpx
47.6087322,19.1460535,148.52,2025-10-20 13:00:48.644000+00:00,,20251020-001.gpx
47.6087315,19.1460635,148.98,2025-10-20 13:00:48.845000+00:00,,20251020-001.gpx
47.6087308,19.1460737,149.45,2025-10-20 13:00:49.046000+00:00,,20251020-001.gpx
47.6087299,19.1460838,149.94,2025-10-20 13:00:49.249000+00:00,,20251020-001.gpx
47.6087292,19.1460928,150.35,2025-10-20 13:00:49.430000+00:00,,20251020-001.gpx
47.6087284,19.1461035,150.86,2025-10-20 13:00:49.651000+00:00,,20251020-001.gpx
47.6087276,19.146113,151.32,2025-10-20 13:00:49.852000+00:00,,20251020-001.gpx
47.6087268,19.1461223,151.77,2025-10-20 13:00:50.053000+00:00,,20251020-001.gpx
47.6087261,19.1461299,152.14,2025-10-20 13:00:50.215000+00:00,,20251020-001.gpx
47.6087253,19.1461392,152.6,2025-10-20 13:00:50.416000+00:00,,20251020-001.gpx
47.6087244,19.1461492,153.1,2025-10-20 13:00:50.637000+00:00,,20251020-001.gpx
47.6087235,19.1461585,153.57,2025-10-20 13:00:50.841000+00:00,,20251020-001.gpx
47.6087225,19.1461676,154.05,2025-10-20 13:00:51.044000+00:00,,20251020-001.gpx
47.6087217,19.1461751,154.44,2025-10-20 13:00:51.210000+00:00,,20251020-001.gpx
47.6087206,19.1461861,155.02,2025-10-20 13:00:51.460000+00:00,,20251020-001.gpx
47.6087197,19.1461939,155.43,2025-10-20 13:00:51.640000+00:00,,20251020-001.gpx
47.6087188,19.1462018,155.84,2025-10-20 13:00:51.840000+00:00,,20251020-001.gpx
47.6087178,19.1462104,156.29,2025-10-20 13:00:52.041000+00:00,,20251020-001.gpx
47.6087169,19.1462179,156.69,2025-10-20 13:00:52.215000+00:00,,20251020-001.gpx
47.6087157,19.1462267,157.15,2025-10-20 13:00:52.426000+00:00,,20251020-001.gpx
47.6087145,19.1462357,157.64,2025-10-20 13:00:52.647000+00:00,,20251020-001.gpx
47.6087133,19.1462446,158.11,2025-10-20 13:00:52.849000+00:00,,20251020-001.gpx
47.6087121,19.1462525,158.54,2025-10-20 13:00:53.030000+00:00,,20251020-001.gpx
47.6087109,19.1462616,159.02,2025-10-20 13:00:53.237000+00:00,,20251020-001.gpx
47.6087097,19.1462707,159.49,2025-10-20 13:00:53.443000+00:00,,20251020-001.gpx
47.6087085,19.1462798,159.96,2025-10-20 13:00:53.646000+00:00,,20251020-001.gpx
47.6087074,19.1462889,160.43,2025-10-20 13:00:53.848000+00:00,,20251020-001.gpx
47.6087063,19.1462978,160.89,2025-10-20 13:00:54.049000+00:00,,20251020-001.gpx
47.6087055,19.1463054,161.27,2025-10-20 13:00:54.238000+00:00,,20251020-001.gpx
47.6087047,19.1463141,161.71,2025-10-20 13:00:54.438000+00:00,,20251020-001.gpx
47.6087039,19.1463227,162.17,2025-10-20 13:00:54.640000+00:00,,20251020-001.gpx
47.6087029,19.1463312,162.65,2025-10-20 13:00:54.842000+00:00,,20251020-001.gpx
47.6087019,19.1463399,163.13,2025-10-20 13:00:55.044000+00:00,,20251020-001.gpx
47.608701,19.1463477,163.56,2025-10-20 13:00:55.227000+00:00,,20251020-001.gpx
47.6086999,19.1463573,164.09,2025-10-20 13:00:55.448000+00:00,,20251020-001.gpx
47.6086987,19.146366,164.57,2025-10-20 13:00:55.654000+00:00,,20251020-001.gpx
47.6086975,19.1463741,165.02,2025-10-20 13:00:55.855000+00:00,,20251020-001.gpx
47.6086963,19.1463826,165.49,2025-10-20 13:00:56.056000+00:00,,20251020-001.gpx
47.6086951,19.1463911,165.97,2025-10-20 13:00:56.259000+00:00,,20251020-001.gpx
47.6086941,19.1463994,166.45,2025-10-20 13:00:56.460000+00:00,,20251020-001.gpx
47.608693,19.1464076,166.92,2025-10-20 13:00:56.660000+00:00,,20251020-001.gpx
47.608692,19.1464158,167.39,2025-10-20 13:00:56.861000+00:00,,20251020-001.gpx
47.608691,19.1464233,167.82,2025-10-20 13:00:57.046000+00:00,,20251020-001.gpx
47.6086899,19.1464318,168.31,2025-10-20 13:00:57.256000+00:00,,20251020-001.gpx
47.608689,19.1464393,168.74,2025-10-20 13:00:57.440000+00:00,,20251020-001.gpx
47.608688,19.1464481,169.24,2025-10-20 13:00:57.664000+00:00,,20251020-001.gpx
47.6086872,19.1464568,169.71,2025-10-20 13:00:57.865000+00:00,,20251020-001.gpx
47.6086864,19.1464656,170.18,2025-10-20 13:00:58.066000+00:00,,20251020-001.gpx
47.6086856,19.1464738,170.61,2025-10-20 13:00:58.258000+00:00,,20251020-001.gpx
47.608685,19.1464806,170.98,2025-10-20 13:00:58.418000+00:00,,20251020-001.gpx
47.6086841,19.1464909,171.52,2025-10-20 13:00:58.659000+00:00,,20251020-001.gpx
47.6086833,19.1464997,171.99,2025-10-20 13:00:58.859000+00:00,,20251020-001.gpx
47.6086826,19.1465087,172.47,2025-10-20 13:00:59.061000+00:00,,20251020-001.gpx
47.6086819,19.1465174,172.92,2025-10-20 13:00:59.263000+00:00,,20251020-001.gpx
47.6086812,19.1465261,173.39,2025-10-20 13:00:59.464000+00:00,,20251020-001.gpx
47.6086803,19.146535,173.87,2025-10-20 13:00:59.666000+00:00,,20251020-001.gpx
47.6086795,19.1465441,174.36,2025-10-20 13:00:59.868000+00:00,,20251020-001.gpx
47.6086787,19.146553,174.84,2025-10-20 13:01:00.070000+00:00,,20251020-001.gpx
47.608678,19.1465623,175.32,2025-10-20 13:01:00.273000+00:00,,20251020-001.gpx
47.6086775,19.1465708,175.77,2025-10-20 13:01:00.461000+00:00,,20251020-001.gpx
47.608677,19.1465795,176.22,2025-10-20 13:01:00.655000+00:00,,20251020-001.gpx
47.6086766,19.1465881,176.67,2025-10-20 13:01:00.847000+00:00,,20251020-001.gpx
47.6086761,19.1465964,177.1,2025-10-20 13:01:01.026000+00:00,,20251020-001.gpx
47.6086753,19.1466076,177.69,2025-10-20 13:01:01.273000+00:00,,20251020-001.gpx
47.6086746,19.1466171,178.18,2025-10-20 13:01:01.478000+00:00,,20251020-001.gpx
47.6086738,19.1466258,178.64,2025-10-20 13:01:01.671000+00:00,,20251020-001.gpx
47.608673,19.1466341,179.08,2025-10-20 13:01:01.860000+00:00,,20251020-001.gpx
47.608672,19.146643,179.56,2025-10-20 13:01:02.060000+00:00,,20251020-001.gpx
47.6086709,19.1466523,180.06,2025-10-20 13:01:02.274000+00:00,,20251020-001.gpx
47.60867,19.1466609,180.52,2025-10-20 13:01:02.478000+00:00,,20251020-001.gpx
47.6086692,19.1466684,180.93,2025-10-20 13:01:02.660000+00:00,,20251020-001.gpx
47.6086682,19.146677,181.4,2025-10-20 13:01:02.862000+00:00,,20251020-001.gpx
47.6086672,19.1466855,181.86,2025-10-20 13:01:03.064000+00:00,,20251020-001.gpx
47.6086661,19.1466943,182.35,2025-10-20 13:01:03.275000+00:00,,20251020-001.gpx
47.6086651,19.1467027,182.81,2025-10-20 13:01:03.475000+00:00,,20251020-001.gpx
47.6086642,19.146711,183.28,2025-10-20 13:01:03.677000+00:00,,20251020-001.gpx
47.6086633,19.1467186,183.71,2025-10-20 13:01:03.858000+00:00,,20251020-001.gpx
47.6086622,19.1467277,184.22,2025-10-20 13:01:04.078000+00:00,,20251020-001.gpx
47.6086612,19.146736,184.69,2025-10-20 13:01:04.282000+00:00,,20251020-001.gpx
47.6086602,19.1467441,185.16,2025-10-20 13:01:04.482000+00:00,,20251020-001.gpx
47.6086592,19.1467523,185.63,2025-10-20 13:01:04.683000+00:00,,20251020-001.gpx
47.6086583,19.1467606,186.09,2025-10-20 13:01:04.885000+00:00,,20251020-001.gpx
47.6086576,19.1467672,186.47,2025-10-20 13:01:05.046000+00:00,,20251020-001.gpx
47.6086565,19.1467758,186.95,2025-10-20 13:01:05.259000+00:00,,20251020-001.gpx
47.6086554,19.1467846,187.43,2025-10-20 13:01:05.469000+00:00,,20251020-001.gpx
47.6086544,19.1467932,187.89,2025-10-20 13:01:05.672000+00:00,,20251020-001.gpx
47.6086534,19.1468016,188.35,2025-10-20 13:01:05.873000+00:00,,20251020-001.gpx
47.6086524,19.1468098,188.8,2025-10-20 13:01:06.073000+00:00,,20251020-001.gpx
47.6086514,19.1468186,189.27,2025-10-20 13:01:06.280000+00:00,,20251020-001.gpx
47.6086504,19.1468272,189.74,2025-10-20 13:01:06.481000+00:00,,20251020-001.gpx
47.6086496,19.1468359,190.21,2025-10-20 13:01:06.682000+00:00,,20251020-001.gpx
47.6086487,19.1468447,190.69,2025-10-20 13:01:06.882000+00:00,,20251020-001.gpx
47.6086478,19.1468533,191.16,2025-10-20 13:01:07.084000+00:00,,20251020-001.gpx
47.6086469,19.1468607,191.57,2025-10-20 13:01:07.256000+00:00,,20251020-001.gpx
47.6086457,19.1468706,192.1,2025-10-20 13:01:07.479000+00:00,,20251020-001.gpx
47.6086447,19.1468793,192.57,2025-10-20 13:01:07.680000+00:00,,20251020-001.gpx
47.6086437,19.1468888,193.09,2025-10-20 13:01:07.901000+00:00,,20251020-001.gpx
47.6086429,19.1468957,193.46,2025-10-20 13:01:08.061000+00:00,,20251020-001.gpx
47.6086419,19.1469044,193.92,2025-10-20 13:01:08.265000+00:00,,20251020-001.gpx
47.608641,19.1469139,194.43,2025-10-20 13:01:08.486000+00:00,,20251020-001.gpx
47.6086402,19.1469219,194.85,2025-10-20 13:01:08.687000+00:00,,20251020-001.gpx
47.6086393,19.1469306,195.3,2025-10-20 13:01:08.888000+00:00,,20251020-001.gpx
47.6086385,19.1469383,195.71,2025-10-20 13:01:09.069000+00:00,,20251020-001.gpx
47.6086376,19.1469464,196.15,2025-10-20 13:01:09.258000+00:00,,20251020-001.gpx
47.6086365,19.1469555,196.64,2025-10-20 13:01:09.479000+00:00,,20251020-001.gpx
47.6086352,19.1469651,197.17,2025-10-20 13:01:09.703000+00:00,,20251020-001.gpx
47.608634,19.1469738,197.65,2025-10-20 13:01:09.903000+00:00,,20251020-001.gpx
47.6086329,19.1469815,198.08,2025-10-20 13:01:10.084000+00:00,,20251020-001.gpx
47.6086317,19.1469899,198.55,2025-10-20 13:01:10.285000+00:00,,20251020-001.gpx
47.6086305,19.1469986,199.04,2025-10-20 13:01:10.485000+00:00,,20251020-001.gpx
47.6086293,19.1470082,199.58,2025-10-20 13:01:10.707000+00:00,,20251020-001.gpx
47.6086283,19.1470159,200.01,2025-10-20 13:01:10.888000+00:00,,20251020-001.gpx
47.6086273,19.1470239,200.44,2025-10-20 13:01:11.069000+00:00,,20251020-001.gpx
47.6086261,19.1470346,201.01,2025-10-20 13:01:11.313000+00:00,,20251020-001.gpx
47.6086251,19.1470435,201.48,2025-10-20 13:01:11.517000+00:00,,20251020-001.gpx
47.6086241,19.1470515,201.9,2025-10-20 13:01:11.698000+00:00,,20251020-001.gpx
47.6086232,19.1470601,202.37,2025-10-20 13:01:11.899000+00:00,,20251020-001.gpx
47.6086224,19.1470689,202.82,2025-10-20 13:01:12.100000+00:00,,20251020-001.gpx
47.6086214,19.1470785,203.33,2025-10-20 13:01:12.323000+00:00,,20251020-001.gpx
47.6086206,19.147087,203.81,2025-10-20 13:01:12.524000+00:00,,20251020-001.gpx
47.6086197,19.147095,204.26,2025-10-20 13:01:12.725000+00:00,,20251020-001.gpx
47.6086188,19.1471034,204.72,2025-10-20 13:01:12.925000+00:00,,20251020-001.gpx
47.6086179,19.1471122,205.2,2025-10-20 13:01:13.127000+00:00,,20251020-001.gpx
47.6086171,19.1471204,205.63,2025-10-20 13:01:13.313000+00:00,,20251020-001.gpx
47.6086163,19.147129,206.08,2025-10-20 13:01:13.514000+00:00,,20251020-001.gpx
47.6086153,19.1471383,206.57,2025-10-20 13:01:13.734000+00:00,,20251020-001.gpx
47.6086144,19.1471464,207.0,2025-10-20 13:01:13.916000+00:00,,20251020-001.gpx
47.6086134,19.1471555,207.47,2025-10-20 13:01:14.116000+00:00,,20251020-001.gpx
47.6086125,19.1471644,207.94,2025-10-20 13:01:14.317000+00:00,,20251020-001.gpx
47.6086118,19.1471724,208.37,2025-10-20 13:01:14.518000+00:00,,20251020-001.gpx
47.6086108,19.1471812,208.84,2025-10-20 13:01:14.719000+00:00,,20251020-001.gpx
47.6086099,19.14719,209.32,2025-10-20 13:01:14.919000+00:00,,20251020-001.gpx
47.6086091,19.1471979,209.74,2025-10-20 13:01:15.101000+00:00,,20251020-001.gpx
47.6086081,19.1472075,210.25,2025-10-20 13:01:15.323000+00:00,,20251020-001.gpx
47.6086072,19.1472164,210.71,2025-10-20 13:01:15.527000+00:00,,20251020-001.gpx
47.6086064,19.1472254,211.17,2025-10-20 13:01:15.729000+00:00,,20251020-001.gpx
47.6086056,19.147234,211.62,2025-10-20 13:01:15.930000+00:00,,20251020-001.gpx
47.6086049,19.1472423,212.07,2025-10-20 13:01:16.132000+00:00,,20251020-001.gpx
47.6086042,19.1472505,212.51,2025-10-20 13:01:16.322000+00:00,,20251020-001.gpx
47.6086035,19.1472593,212.99,2025-10-20 13:01:16.525000+00:00,,20251020-001.gpx
47.6086029,19.1472682,213.47,2025-10-20 13:01:16.727000+00:00,,20251020-001.gpx
47.6086024,19.147277,213.94,2025-10-20 13:01:16.932000+00:00,,20251020-001.gpx
47.6086019,19.1472857,214.4,2025-10-20 13:01:17.133000+00:00,,20251020-001.gpx
47.6086015,19.1472943,214.84,2025-10-20 13:01:17.322000+00:00,,20251020-001.gpx
47.608601,19.1473031,215.3,2025-10-20 13:01:17.523000+00:00,,20251020-001.gpx
47.6086007,19.1473103,215.68,2025-10-20 13:01:17.683000+00:00,,20251020-001.gpx
47.6086001,19.1473209,216.23,2025-10-20 13:01:17.924000+00:00,,20251020-001.gpx
47.6085997,19.14733,216.68,2025-10-20 13:01:18.128000+00:00,,20251020-001.gpx
47.6085991,19.147339,217.16,2025-10-20 13:01:18.330000+00:00,,20251020-001.gpx
47.6085985,19.1473475,217.62,2025-10-20 13:01:18.532000+00:00,,20251020-001.gpx
47.6085978,19.1473561,218.09,2025-10-20 13:01:18.733000+00:00,,20251020-001.gpx
47.608597,19.1473646,218.56,2025-10-20 13:01:18.936000+00:00,,20251020-001.gpx
47.6085961,19.1473724,219.0,2025-10-20 13:01:19.119000+00:00,,20251020-001.gpx
47.6085951,19.1473815,219.5,2025-10-20 13:01:19.331000+00:00,,20251020-001.gpx
47.6085941,19.1473901,219.97,2025-10-20 13:01:19.533000+00:00,,20251020-001.gpx
47.608593,19.1473989,220.46,2025-10-20 13:01:19.737000+00:00,,20251020-001.gpx
47.608592,19.1474069,220.89,2025-10-20 13:01:19.919000+00:00,,20251020-001.gpx
47.6085909,19.1474157,221.36,2025-10-20 13:01:20.121000+00:00,,20251020-001.gpx
47.6085897,19.1474245,221.82,2025-10-20 13:01:20.326000+00:00,,20251020-001.gpx
47.6085885,19.1474335,222.3,2025-10-20 13:01:20.529000+00:00,,20251020-001.gpx
47.6085874,19.1474423,222.76,2025-10-20 13:01:20.730000+00:00,,20251020-001.gpx
47.6085863,19.1474513,223.24,2025-10-20 13:01:20.932000+00:00,,20251020-001.gpx
47.6085851,19.1474602,223.72,2025-10-20 13:01:21.132000+00:00,,20251020-001.gpx
47.6085839,19.1474695,224.22,2025-10-20 13:01:21.342000+00:00,,20251020-001.gpx
47.6085828,19.1474784,224.7,2025-10-20 13:01:21.544000+00:00,,20251020-001.gpx
47.6085816,19.1474871,225.18,2025-10-20 13:01:21.744000+00:00,,20251020-001.gpx
47.6085803,19.1474959,225.67,2025-10-20 13:01:21.944000+00:00,,20251020-001.gpx
47.6085792,19.1475034,226.08,2025-10-20 13:01:22.124000+00:00,,20251020-001.gpx
47.6085779,19.1475123,226.59,2025-10-20 13:01:22.332000+00:00,,20251020-001.gpx
47.6085768,19.147521,227.06,2025-10-20 13:01:22.534000+00:00,,20251020-001.gpx
47.6085759,19.1475295,227.51,2025-10-20 13:01:22.736000+00:00,,20251020-001.gpx
47.608575,19.1475381,227.95,2025-10-20 13:01:22.936000+00:00,,20251020-001.gpx
47.6085742,19.1475469,228.42,2025-10-20 13:01:23.138000+00:00,,20251020-001.gpx
47.6085733,19.1475557,228.9,2025-10-20 13:01:23.341000+00:00,,20251020-001.gpx
47.6085725,19.1475642,229.35,2025-10-20 13:01:23.543000+00:00,,20251020-001.gpx
47.6085716,19.1475727,229.82,2025-10-20 13:01:23.745000+00:00,,20251020-001.gpx
47.6085709,19.1475808,230.26,2025-10-20 13:01:23.927000+00:00,,20251020-001.gpx
47.60857,19.1475897,230.75,2025-10-20 13:01:24.128000+00:00,,20251020-001.gpx
47.608569,19.1475992,231.27,2025-10-20 13:01:24.348000+00:00,,20251020-001.gpx
47.6085681,19.1476078,231.74,2025-10-20 13:01:24.549000+00:00,,20251020-001.gpx
47.6085671,19.1476166,232.21,2025-10-20 13:01:24.751000+00:00,,20251020-001.gpx
47.6085661,19.1476254,232.68,2025-10-20 13:01:24.952000+00:00,,20251020-001.gpx
47.6085652,19.1476339,233.15,2025-10-20 13:01:25.153000+00:00,,20251020-001.gpx
47.6085641,19.1476424,233.64,2025-10-20 13:01:25.363000+00:00,,20251020-001.gpx
47.6085632,19.1476506,234.08,2025-10-20 13:01:25.546000+00:00,,20251020-001.gpx
47.6085621,19.1476593,234.54,2025-10-20 13:01:25.747000+00:00,,20251020-001.gpx
47.6085609,19.1476681,235.0,2025-10-20 13:01:25.948000+00:00,,20251020-001.gpx
47.6085601,19.147675,235.37,2025-10-20 13:01:26.109000+00:00,,20251020-001.gpx
47.6085588,19.1476854,235.93,2025-10-20 13:01:26.361000+00:00,,20251020-001.gpx
47.6085577,19.1476939,236.38,2025-10-20 13:01:26.561000+00:00,,20251020-001.gpx
47.6085567,19.1477024,236.83,2025-10-20 13:01:26.762000+00:00,,20251020-001.gpx
47.6085557,19.1477108,237.27,2025-10-20 13:01:26.962000+00:00,,20251020-001.gpx
47.6085548,19.1477185,237.68,2025-10-20 13:01:27.144000+00:00,,20251020-001.gpx
47.6085537,19.1477278,238.18,2025-10-20 13:01:27.361000+00:00,,20251020-001.gpx
47.6085527,19.1477363,238.64,2025-10-20 13:01:27.562000+00:00,,20251020-001.gpx
47.6085517,19.1477446,239.09,2025-10-20 13:01:27.763000+00:00,,20251020-001.gpx
47.6085506,19.1477537,239.57,2025-10-20 13:01:27.985000+00:00,,20251020-001.gpx
47.6085499,19.1477596,239.9,2025-10-20 13:01:28.127000+00:00,,20251020-001.gpx
47.6085486,19.1477691,240.43,2025-10-20 13:01:28.358000+00:00,,20251020-001.gpx
47.6085475,19.1477775,240.9,2025-10-20 13:01:28.561000+00:00,,20251020-001.gpx
47.6085464,19.147786,241.37,2025-10-20 13:01:28.764000+00:00,,20251020-001.gpx
47.6085454,19.1477946,241.84,2025-10-20 13:01:28.967000+00:00,,20251020-001.gpx
47.6085445,19.1478033,242.3,2025-10-20 13:01:29.170000+00:00,,20251020-001.gpx
47.6085438,19.1478114,242.72,2025-10-20 13:01:29.372000+00:00,,20251020-001.gpx
47.608543,19.14782,243.18,2025-10-20 13:01:29.574000+00:00,,20251020-001.gpx
47.6085422,19.1478285,243.65,2025-10-20 13:01:29.775000+00:00,,20251020-001.gpx
47.6085415,19.1478369,244.12,2025-10-20 13:01:29.976000+00:00,,20251020-001.gpx
47.6085408,19.1478455,244.58,2025-10-20 13:01:30.177000+00:00,,20251020-001.gpx
47.6085402,19.1478531,245.0,2025-10-20 13:01:30.360000+00:00,,20251020-001.gpx
47.6085395,19.1478616,245.46,2025-10-20 13:01:30.561000+00:00,,20251020-001.gpx
47.6085386,19.1478709,245.96,2025-10-20 13:01:30.783000+00:00,,20251020-001.gpx
47.6085378,19.1478792,246.4,2025-10-20 13:01:30.985000+00:00,,20251020-001.gpx
47.6085369,19.1478872,246.84,2025-10-20 13:01:31.186000+00:00,,20251020-001.gpx
47.608536,19.147895,247.27,2025-10-20 13:01:31.377000+00:00,,20251020-001.gpx
47.6085351,19.1479035,247.73,2025-10-20 13:01:31.579000+00:00,,20251020-001.gpx
47.6085342,19.1479119,248.18,2025-10-20 13:01:31.783000+00:00,,20251020-001.gpx
47.6085333,19.1479201,248.64,2025-10-20 13:01:31.983000+00:00,,20251020-001.gpx
47.6085325,19.1479277,249.04,2025-10-20 13:01:32.164000+00:00,,20251020-001.gpx
47.6085316,19.1479363,249.51,2025-10-20 13:01:32.373000+00:00,,20251020-001.gpx
47.6085309,19.1479437,249.93,2025-10-20 13:01:32.554000+00:00,,20251020-001.gpx
47.6085298,19.1479529,250.45,2025-10-20 13:01:32.775000+00:00,,20251020-001.gpx
47.6085288,19.1479614,250.93,2025-10-20 13:01:32.977000+00:00,,20251020-001.gpx
47.6085278,19.1479699,251.4,2025-10-20 13:01:33.178000+00:00,,20251020-001.gpx
47.6085269,19.1479786,251.88,2025-10-20 13:01:33.381000+00:00,,20251020-001.gpx
47.6085261,19.1479872,252.35,2025-10-20 13:01:33.582000+00:00,,20251020-001.gpx
47.6085254,19.147996,252.82,2025-10-20 13:01:33.784000+00:00,,20251020-001.gpx
47.6085245,19.1480049,253.28,2025-10-20 13:01:33.985000+00:00,,20251020-001.gpx
47.6085238,19.1480129,253.71,2025-10-20 13:01:34.166000+00:00,,20251020-001.gpx
47.6085229,19.1480228,254.2,2025-10-20 13:01:34.395000+00:00,,20251020-001.gpx
47.6085223,19.1480311,254.62,2025-10-20 13:01:34.579000+00:00,,20251020-001.gpx
47.6085216,19.1480405,255.1,2025-10-20 13:01:34.782000+00:00,,20251020-001.gpx
47.608521,19.1480498,255.58,2025-10-20 13:01:34.984000+00:00,,20251020-001.gpx
47.6085203,19.148059,256.06,2025-10-20 13:01:35.186000+00:00,,20251020-001.gpx
47.6085195,19.1480686,256.57,2025-10-20 13:01:35.395000+00:00,,20251020-001.gpx
47.6085187,19.1480777,257.01,2025-10-20 13:01:35.597000+00:00,,20251020-001.gpx
47.6085179,19.1480864,257.38,2025-10-20 13:01:35.798000+00:00,,20251020-001.gpx
47.6085171,19.1480944,257.68,2025-10-20 13:01:36.001000+00:00,,20251020-001.gpx
47.6085164,19.1481006,257.88,2025-10-20 13:01:36.168000+00:00,,20251020-001.gpx
47.6085156,19.1481079,258.07,2025-10-20 13:01:36.393000+00:00,,20251020-001.gpx
47.6085149,19.1481131,258.2,2025-10-20 13:01:36.598000+00:00,,20251020-001.gpx
47.6085143,19.1481165,258.26,2025-10-20 13:01:36.779000+00:00,,20251020-001.gpx
47.6085137,19.1481192,258.24,2025-10-20 13:01:36.979000+00:00,,20251020-001.gpx
47.6085132,19.1481208,258.11,2025-10-20 13:01:37.192000+00:00,,20251020-001.gpx
47.6085127,19.148121,257.97,2025-10-20 13:01:37.391000+00:00,,20251020-001.gpx
47.6085122,19.1481202,257.86,2025-10-20 13:01:37.591000+00:00,,20251020-001.gpx
47.6085118,19.1481186,257.79,2025-10-20 13:01:37.791000+00:00,,20251020-001.gpx
47.6085116,19.1481166,257.75,2025-10-20 13:01:37.992000+00:00,,20251020-001.gpx
47.6085114,19.148114,257.69,2025-10-20 13:01:38.192000+00:00,,20251020-001.gpx
47.6085111,19.1481112,257.64,2025-10-20 13:01:38.392000+00:00,,20251020-001.gpx
47.6085108,19.1481078,257.59,2025-10-20 13:01:38.592000+00:00,,20251020-001.gpx
47.6085114,19.1481045,257.43,2025-10-20 13:01:38.792000+00:00,,20251020-001.gpx
47.6085138,19.1481014,257.08,2025-10-20 13:01:38.993000+00:00,,20251020-001.gpx
47.6085176,19.1480983,256.57,2025-10-20 13:01:39.199000+00:00,,20251020-001.gpx
47.6085203,19.1480951,256.1,2025-10-20 13:01:39.390000+00:00,,20251020-001.gpx
47.6085212,19.1480916,255.53,2025-10-20 13:01:39.577000+00:00,,20251020-001.gpx
47.6085215,19.1480874,254.88,2025-10-20 13:01:39.799000+00:00,,20251020-001.gpx
47.6085235,19.1480842,254.28,2025-10-20 13:01:40.001000+00:00,,20251020-001.gpx
47.6085269,19.148082,253.67,2025-10-20 13:01:40.188000+00:00,,20251020-001.gpx
47.6085303,19.1480799,252.98,2025-10-20 13:01:40.394000+00:00,,20251020-001.gpx
47.608532,19.1480779,252.26,2025-10-20 13:01:40.596000+00:00,,20251020-001.gpx
47.6085322,19.1480762,251.65,2025-10-20 13:01:40.797000+00:00,,20251020-001.gpx
47.6085318,19.1480748,251.16,2025-10-20 13:01:40.998000+00:00,,20251020-001.gpx
47.6085309,19.1480741,250.65,2025-10-20 13:01:41.200000+00:00,,20251020-001.gpx
47.6085303,19.148074,250.13,2025-10-20 13:01:41.394000+00:00,,20251020-001.gpx
47.6085294,19.1480737,249.54,2025-10-20 13:01:41.596000+00:00,,20251020-001.gpx
47.6085281,19.1480734,248.88,2025-10-20 13:01:41.798000+00:00,,20251020-001.gpx
47.6085263,19.1480729,248.17,2025-10-20 13:01:41.999000+00:00,,20251020-001.gpx
47.6085243,19.1480724,247.52,2025-10-20 13:01:42.189000+00:00,,20251020-001.gpx
47.6085219,19.1480718,246.83,2025-10-20 13:01:42.393000+00:00,,20251020-001.gpx
47.6085194,19.1480712,246.17,2025-10-20 13:01:42.593000+00:00,,20251020-001.gpx
47.6085171,19.1480706,245.55,2025-10-20 13:01:42.776000+00:00,,20251020-001.gpx
47.6085143,19.1480699,244.81,2025-10-20 13:01:42.997000+00:00,,20251020-001.gpx
47.608512,19.1480693,244.21,2025-10-20 13:01:43.178000+00:00,,20251020-001.gpx
47.6085097,19.1480686,243.54,2025-10-20 13:01:43.380000+00:00,,20251020-001.gpx
47.6085077,19.148068,242.89,2025-10-20 13:01:43.580000+00:00,,20251020-001.gpx
47.6085057,19.1480673,242.15,2025-10-20 13:01:43.800000+00:00,,20251020-001.gpx
47.6085041,19.1480668,241.51,2025-10-20 13:01:44+00:00,,20251020-001.gpx
47.6085029,19.1480665,240.94,2025-10-20 13:01:44.189000+00:00,,20251020-001.gpx
47.6085018,19.1480661,240.32,2025-10-20 13:01:44.393000+00:00,,20251020-001.gpx
47.608501,19.1480657,239.66,2025-10-20 13:01:44.598000+00:00,,20251020-001.gpx
47.6085005,19.1480652,239.02,2025-10-20 13:01:44.801000+00:00,,20251020-001.gpx
47.6085002,19.1480647,238.38,2025-10-20 13:01:45.002000+00:00,,20251020-001.gpx
47.6085001,19.1480643,237.72,2025-10-20 13:01:45.204000+00:00,,20251020-001.gpx
47.6085003,19.148064,237.13,2025-10-20 13:01:45.387000+00:00,,20251020-001.gpx
47.6085007,19.1480636,236.47,2025-10-20 13:01:45.590000+00:00,,20251020-001.gpx
47.6085013,19.1480633,235.83,2025-10-20 13:01:45.791000+00:00,,20251020-001.gpx
47.608502,19.148063,235.17,2025-10-20 13:01:45.993000+00:00,,20251020-001.gpx
47.6085029,19.1480628,234.52,2025-10-20 13:01:46.203000+00:00,,20251020-001.gpx
47.6085038,19.1480626,233.92,2025-10-20 13:01:46.399000+00:00,,20251020-001.gpx
47.6085049,19.1480623,233.31,2025-10-20 13:01:46.600000+00:00,,20251020-001.gpx
47.608506,19.1480622,232.75,2025-10-20 13:01:46.787000+00:00,,20251020-001.gpx
47.6085072,19.1480619,232.13,2025-10-20 13:01:46.988000+00:00,,20251020-001.gpx
47.6085087,19.1480615,231.48,2025-10-20 13:01:47.200000+00:00,,20251020-001.gpx
47.60851,19.1480611,230.87,2025-10-20 13:01:47.405000+00:00,,20251020-001.gpx
47.608511,19.1480609,230.38,2025-10-20 13:01:47.565000+00:00,,20251020-001.gpx
47.6085123,19.1480605,229.74,2025-10-20 13:01:47.785000+00:00,,20251020-001.gpx
47.6085135,19.1480601,229.16,2025-10-20 13:01:47.987000+00:00,,20251020-001.gpx
47.6085146,19.1480598,228.6,2025-10-20 13:01:48.189000+00:00,,20251020-001.gpx
47.6085158,19.1480592,228.03,2025-10-20 13:01:48.393000+00:00,,20251020-001.gpx
47.6085166,19.1480587,227.49,2025-10-20 13:01:48.576000+00:00,,20251020-001.gpx
47.6085175,19.148058,226.85,2025-10-20 13:01:48.799000+00:00,,20251020-001.gpx
47.6085182,19.1480573,226.33,2025-10-20 13:01:48.981000+00:00,,20251020-001.gpx
47.6085188,19.1480565,225.74,2025-10-20 13:01:49.183000+00:00,,20251020-001.gpx
47.6085193,19.1480554,225.13,2025-10-20 13:01:49.393000+00:00,,20251020-001.gpx
47.6085196,19.1480545,224.55,2025-10-20 13:01:49.595000+00:00,,20251020-001.gpx
47.6085197,19.1480535,223.97,2025-10-20 13:01:49.797000+00:00,,20251020-001.gpx
47.6085199,19.1480527,223.39,2025-10-20 13:01:49.998000+00:00,,20251020-001.gpx
47.6085201,19.1480519,222.8,2025-10-20 13:01:50.199000+00:00,,20251020-001.gpx
47.6085201,19.1480513,222.31,2025-10-20 13:01:50.373000+00:00,,20251020-001.gpx
47.6085202,19.1480507,221.73,2025-10-20 13:01:50.575000+00:00,,20251020-001.gpx
47.6085202,19.1480503,221.1,2025-10-20 13:01:50.796000+00:00,,20251020-001.gpx
47.6085202,19.14805,220.52,2025-10-20 13:01:50.999000+00:00,,20251020-001.gpx
47.6085202,19.1480499,220.05,2025-10-20 13:01:51.163000+00:00,,20251020-001.gpx
47.6085201,19.1480498,219.45,2025-10-20 13:01:51.372000+00:00,,20251020-001.gpx
47.60852,19.1480498,218.88,2025-10-20 13:01:51.593000+00:00,,20251020-001.gpx
47.60852,19.1480497,218.33,2025-10-20 13:01:51.795000+00:00,,20251020-001.gpx
47.6085199,19.1480498,217.82,2025-10-20 13:01:51.975000+00:00,,20251020-001.gpx
47.6085199,19.1480499,217.26,2025-10-20 13:01:52.179000+00:00,,20251020-001.gpx
47.6085198,19.14805,216.7,2025-10-20 13:01:52.382000+00:00,,20251020-001.gpx
47.6085197,19.1480503,216.17,2025-10-20 13:01:52.581000+00:00,,20251020-001.gpx
47.6085195,19.1480505,215.57,2025-10-20 13:01:52.803000+00:00,,20251020-001.gpx
47.6085195,19.1480506,215.02,2025-10-20 13:01:53.003000+00:00,,20251020-001.gpx
47.6085194,19.1480507,214.51,2025-10-20 13:01:53.185000+00:00,,20251020-001.gpx
47.6085194,19.1480506,213.99,2025-10-20 13:01:53.389000+00:00,,20251020-001.gpx
47.6085194,19.1480505,213.41,2025-10-20 13:01:53.589000+00:00,,20251020-001.gpx
47.6085194,19.1480503,212.86,2025-10-20 13:01:53.792000+00:00,,20251020-001.gpx
47.6085194,19.14805,212.36,2025-10-20 13:01:53.991000+00:00,,20251020-001.gpx
47.6085194,19.1480498,211.86,2025-10-20 13:01:54.194000+00:00,,20251020-001.gpx
47.6085195,19.1480494,211.31,2025-10-20 13:01:54.402000+00:00,,20251020-001.gpx
47.6085196,19.1480491,210.74,2025-10-20 13:01:54.604000+00:00,,20251020-001.gpx
47.6085195,19.1480488,210.18,2025-10-20 13:01:54.805000+00:00,,20251020-001.gpx
47.6085194,19.1480485,209.68,2025-10-20 13:01:54.987000+00:00,,20251020-001.gpx
47.6085192,19.1480481,209.16,2025-10-20 13:01:55.168000+00:00,,20251020-001.gpx
47.6085191,19.1480477,208.59,2025-10-20 13:01:55.372000+00:00,,20251020-001.gpx
47.6085189,19.1480473,207.96,2025-10-20 13:01:55.593000+00:00,,20251020-001.gpx
47.6085189,19.148047,207.49,2025-10-20 13:01:55.773000+00:00,,20251020-001.gpx
47.6085189,19.1480465,206.89,2025-10-20 13:01:55.994000+00:00,,20251020-001.gpx
47.6085189,19.1480461,206.32,2025-10-20 13:01:56.195000+00:00,,20251020-001.gpx
47.608519,19.1480456,205.81,2025-10-20 13:01:56.377000+00:00,,20251020-001.gpx
47.6085191,19.1480451,205.28,2025-10-20 13:01:56.578000+00:00,,20251020-001.gpx
47.6085192,19.1480446,204.72,2025-10-20 13:01:56.779000+00:00,,20251020-001.gpx
47.6085193,19.1480441,204.16,2025-10-20 13:01:56.979000+00:00,,20251020-001.gpx
47.6085195,19.1480435,203.59,2025-10-20 13:01:57.185000+00:00,,20251020-001.gpx
47.6085196,19.148043,203.02,2025-10-20 13:01:57.392000+00:00,,20251020-001.gpx
47.6085197,19.1480425,202.49,2025-10-20 13:01:57.593000+00:00,,20251020-001.gpx
47.6085198,19.148042,201.93,2025-10-20 13:01:57.793000+00:00,,20251020-001.gpx
47.60852,19.1480415,201.35,2025-10-20 13:01:57.995000+00:00,,20251020-001.gpx
47.6085201,19.1480409,200.75,2025-10-20 13:01:58.205000+00:00,,20251020-001.gpx
47.6085202,19.1480402,200.18,2025-10-20 13:01:58.408000+00:00,,20251020-001.gpx
47.6085202,19.1480395,199.6,2025-10-20 13:01:58.609000+00:00,,20251020-001.gpx
47.6085201,19.1480387,199.04,2025-10-20 13:01:58.809000+00:00,,20251020-001.gpx
47.6085201,19.1480379,198.49,2025-10-20 13:01:59.011000+00:00,,20251020-001.gpx
47.6085201,19.1480373,197.95,2025-10-20 13:01:59.204000+00:00,,20251020-001.gpx
47.6085201,19.1480367,197.37,2025-10-20 13:01:59.408000+00:00,,20251020-001.gpx
47.6085201,19.1480361,196.79,2025-10-20 13:01:59.612000+00:00,,20251020-001.gpx
47.60852,19.1480356,196.22,2025-10-20 13:01:59.815000+00:00,,20251020-001.gpx
47.60852,19.1480351,195.7,2025-10-20 13:01:59.997000+00:00,,20251020-001.gpx
47.6085199,19.1480346,195.08,2025-10-20 13:02:00.213000+00:00,,20251020-001.gpx
47.6085198,19.1480341,194.55,2025-10-20 13:02:00.395000+00:00,,20251020-001.gpx
47.6085199,19.1480336,193.92,2025-10-20 13:02:00.619000+00:00,,20251020-001.gpx
47.6085199,19.1480331,193.43,2025-10-20 13:02:00.801000+00:00,,20251020-001.gpx
47.6085201,19.1480324,192.78,2025-10-20 13:02:01.024000+00:00,,20251020-001.gpx
47.6085203,19.1480318,192.2,2025-10-20 13:02:01.233000+00:00,,20251020-001.gpx
47.6085205,19.1480313,191.69,2025-10-20 13:02:01.417000+00:00,,20251020-001.gpx
47.6085207,19.1480308,191.16,2025-10-20 13:02:01.617000+00:00,,20251020-001.gpx
47.608521,19.1480304,190.61,2025-10-20 13:02:01.819000+00:00,,20251020-001.gpx
47.6085212,19.14803,190.06,2025-10-20 13:02:02.020000+00:00,,20251020-001.gpx
47.6085214,19.1480296,189.51,2025-10-20 13:02:02.225000+00:00,,20251020-001.gpx
47.6085216,19.1480294,188.99,2025-10-20 13:02:02.428000+00:00,,20251020-001.gpx
47.6085217,19.1480291,188.44,2025-10-20 13:02:02.631000+00:00,,20251020-001.gpx
47.6085219,19.1480289,187.89,2025-10-20 13:02:02.834000+00:00,,20251020-001.gpx
47.608522,19.1480288,187.35,2025-10-20 13:02:03.035000+00:00,,20251020-001.gpx
47.6085222,19.1480286,186.83,2025-10-20 13:02:03.239000+00:00,,20251020-001.gpx
47.6085222,19.1480283,186.28,2025-10-20 13:02:03.441000+00:00,,20251020-001.gpx
47.6085222,19.1480279,185.71,2025-10-20 13:02:03.648000+00:00,,20251020-001.gpx
47.6085222,19.1480275,185.17,2025-10-20 13:02:03.852000+00:00,,20251020-001.gpx
47.6085223,19.1480271,184.65,2025-10-20 13:02:04.053000+00:00,,20251020-001.gpx
47.6085224,19.1480267,184.16,2025-10-20 13:02:04.239000+00:00,,20251020-001.gpx
47.6085226,19.1480264,183.62,2025-10-20 13:02:04.441000+00:00,,20251020-001.gpx
47.6085228,19.148026,183.11,2025-10-20 13:02:04.622000+00:00,,20251020-001.gpx
47.6085231,19.1480255,182.55,2025-10-20 13:02:04.843000+00:00,,20251020-001.gpx
47.6085232,19.1480251,182.01,2025-10-20 13:02:05.047000+00:00,,20251020-001.gpx
47.6085234,19.1480246,181.51,2025-10-20 13:02:05.227000+00:00,,20251020-001.gpx
47.6085236,19.1480241,180.94,2025-10-20 13:02:05.436000+00:00,,20251020-001.gpx
47.6085237,19.1480238,180.44,2025-10-20 13:02:05.618000+00:00,,20251020-001.gpx
47.6085237,19.1480232,179.83,2025-10-20 13:02:05.838000+00:00,,20251020-001.gpx
47.6085236,19.1480227,179.26,2025-10-20 13:02:06.041000+00:00,,20251020-001.gpx
47.6085235,19.1480221,178.69,2025-10-20 13:02:06.247000+00:00,,20251020-001.gpx
47.6085234,19.1480216,178.14,2025-10-20 13:02:06.448000+00:00,,20251020-001.gpx
47.6085232,19.148021,177.59,2025-10-20 13:02:06.650000+00:00,,20251020-001.gpx
47.6085228,19.1480203,177.03,2025-10-20 13:02:06.851000+00:00,,20251020-001.gpx
47.6085224,19.1480196,176.47,2025-10-20 13:02:07.053000+00:00,,20251020-001.gpx
47.6085221,19.1480191,176.03,2025-10-20 13:02:07.217000+00:00,,20251020-001.gpx
47.6085217,19.1480185,175.44,2025-10-20 13:02:07.441000+00:00,,20251020-001.gpx
47.6085213,19.1480181,174.87,2025-10-20 13:02:07.644000+00:00,,20251020-001.gpx
47.608521,19.1480178,174.31,2025-10-20 13:02:07.847000+00:00,,20251020-001.gpx
47.608521,19.1480174,173.77,2025-10-20 13:02:08.049000+00:00,,20251020-001.gpx
47.6085211,19.1480168,173.28,2025-10-20 13:02:08.233000+00:00,,20251020-001.gpx
47.6085213,19.1480159,172.72,2025-10-20 13:02:08.440000+00:00,,20251020-001.gpx
47.6085216,19.1480149,172.13,2025-10-20 13:02:08.647000+00:00,,20251020-001.gpx
47.608522,19.1480138,171.56,2025-10-20 13:02:08.849000+00:00,,20251020-001.gpx
47.6085222,19.1480127,171.01,2025-10-20 13:02:09.052000+00:00,,20251020-001.gpx
47.6085223,19.1480116,170.47,2025-10-20 13:02:09.241000+00:00,,20251020-001.gpx
47.6085226,19.1480103,169.89,2025-10-20 13:02:09.445000+00:00,,20251020-001.gpx
47.6085228,19.1480091,169.33,2025-10-20 13:02:09.645000+00:00,,20251020-001.gpx
47.608523,19.148008,168.81,2025-10-20 13:02:09.846000+00:00,,20251020-001.gpx
47.6085231,19.148007,168.28,2025-10-20 13:02:10.047000+00:00,,20251020-001.gpx
47.6085233,19.148006,167.75,2025-10-20 13:02:10.235000+00:00,,20251020-001.gpx
47.6085235,19.1480053,167.28,2025-10-20 13:02:10.401000+00:00,,20251020-001.gpx
47.608524,19.1480048,166.65,2025-10-20 13:02:10.623000+00:00,,20251020-001.gpx
47.6085243,19.1480047,166.08,2025-10-20 13:02:10.823000+00:00,,20251020-001.gpx
47.6085247,19.1480046,165.51,2025-10-20 13:02:11.025000+00:00,,20251020-001.gpx
47.6085252,19.1480041,164.86,2025-10-20 13:02:11.251000+00:00,,20251020-001.gpx
47.6085255,19.1480032,164.35,2025-10-20 13:02:11.432000+00:00,,20251020-001.gpx
47.6085259,19.1480016,163.79,2025-10-20 13:02:11.633000+00:00,,20251020-001.gpx
47.6085262,19.1479991,163.21,2025-10-20 13:02:11.837000+00:00,,20251020-001.gpx
47.6085267,19.1479956,162.62,2025-10-20 13:02:12.039000+00:00,,20251020-001.gpx
47.6085272,19.1479911,162.02,2025-10-20 13:02:12.242000+00:00,,20251020-001.gpx
47.6085278,19.1479854,161.43,2025-10-20 13:02:12.442000+00:00,,20251020-001.gpx
47.6085285,19.1479783,160.84,2025-10-20 13:02:12.644000+00:00,,20251020-001.gpx
47.6085294,19.1479699,160.28,2025-10-20 13:02:12.847000+00:00,,20251020-001.gpx
47.6085302,19.1479601,159.78,2025-10-20 13:02:13.048000+00:00,,20251020-001.gpx
47.608531,19.1479492,159.3,2025-10-20 13:02:13.257000+00:00,,20251020-001.gpx
47.6085316,19.1479385,158.88,2025-10-20 13:02:13.444000+00:00,,20251020-001.gpx
47.6085325,19.1479261,158.45,2025-10-20 13:02:13.644000+00:00,,20251020-001.gpx
47.6085332,19.1479137,158.08,2025-10-20 13:02:13.846000+00:00,,20251020-001.gpx
47.6085339,19.1479001,157.72,2025-10-20 13:02:14.048000+00:00,,20251020-001.gpx
47.6085347,19.1478854,157.45,2025-10-20 13:02:14.249000+00:00,,20251020-001.gpx
47.6085356,19.1478705,157.25,2025-10-20 13:02:14.453000+00:00,,20251020-001.gpx
47.6085363,19.1478557,157.14,2025-10-20 13:02:14.653000+00:00,,20251020-001.gpx
47.608537,19.1478411,157.07,2025-10-20 13:02:14.854000+00:00,,20251020-001.gpx
47.6085378,19.1478265,157.07,2025-10-20 13:02:15.055000+00:00,,20251020-001.gpx
47.6085385,19.1478137,157.11,2025-10-20 13:02:15.234000+00:00,,20251020-001.gpx
47.6085395,19.1477989,157.2,2025-10-20 13:02:15.446000+00:00,,20251020-001.gpx
47.6085405,19.1477855,157.33,2025-10-20 13:02:15.646000+00:00,,20251020-001.gpx
47.6085418,19.147773,157.5,2025-10-20 13:02:15.846000+00:00,,20251020-001.gpx
47.6085433,19.1477606,157.69,2025-10-20 13:02:16.046000+00:00,,20251020-001.gpx
47.608545,19.147748,157.91,2025-10-20 13:02:16.258000+00:00,,20251020-001.gpx
47.6085466,19.1477376,158.12,2025-10-20 13:02:16.439000+00:00,,20251020-001.gpx
47.6085485,19.1477264,158.38,2025-10-20 13:02:16.640000+00:00,,20251020-001.gpx
47.6085506,19.1477156,158.66,2025-10-20 13:02:16.840000+00:00,,20251020-001.gpx
47.6085527,19.1477054,158.95,2025-10-20 13:02:17.041000+00:00,,20251020-001.gpx
47.608555,19.1476955,159.25,2025-10-20 13:02:17.243000+00:00,,20251020-001.gpx
47.6085571,19.1476857,159.58,2025-10-20 13:02:17.444000+00:00,,20251020-001.gpx
47.6085591,19.1476764,159.91,2025-10-20 13:02:17.647000+00:00,,20251020-001.gpx
47.6085611,19.1476674,160.27,2025-10-20 13:02:17.846000+00:00,,20251020-001.gpx
47.608563,19.1476588,160.63,2025-10-20 13:02:18.049000+00:00,,20251020-001.gpx
47.6085646,19.1476514,160.96,2025-10-20 13:02:18.231000+00:00,,20251020-001.gpx
47.6085663,19.147643,161.38,2025-10-20 13:02:18.455000+00:00,,20251020-001.gpx
47.6085677,19.1476355,161.78,2025-10-20 13:02:18.658000+00:00,,20251020-001.gpx
47.608569,19.147628,162.17,2025-10-20 13:02:18.860000+00:00,,20251020-001.gpx
47.6085701,19.1476211,162.55,2025-10-20 13:02:19.063000+00:00,,20251020-001.gpx
47.6085711,19.1476147,162.92,2025-10-20 13:02:19.235000+00:00,,20251020-001.gpx
47.608572,19.1476078,163.31,2025-10-20 13:02:19.421000+00:00,,20251020-001.gpx
47.6085732,19.1475988,163.8,2025-10-20 13:02:19.662000+00:00,,20251020-001.gpx
47.608574,19.1475911,164.22,2025-10-20 13:02:19.862000+00:00,,20251020-001.gpx
47.6085746,19.1475841,164.61,2025-10-20 13:02:20.043000+00:00,,20251020-001.gpx
47.6085753,19.1475763,165.04,2025-10-20 13:02:20.244000+00:00,,20251020-001.gpx
47.6085761,19.1475685,165.47,2025-10-20 13:02:20.446000+00:00,,20251020-001.gpx
47.6085769,19.1475597,165.95,2025-10-20 13:02:20.666000+00:00,,20251020-001.gpx
47.6085777,19.1475516,166.39,2025-10-20 13:02:20.867000+00:00,,20251020-001.gpx
47.6085785,19.1475433,166.83,2025-10-20 13:02:21.068000+00:00,,20251020-001.gpx
47.6085791,19.1475356,167.23,2025-10-20 13:02:21.249000+00:00,,20251020-001.gpx
47.6085797,19.1475272,167.67,2025-10-20 13:02:21.450000+00:00,,20251020-001.gpx
47.6085803,19.1475195,168.06,2025-10-20 13:02:21.631000+00:00,,20251020-001.gpx
47.6085811,19.1475094,168.57,2025-10-20 13:02:21.871000+00:00,,20251020-001.gpx
47.6085816,19.1475009,169.0,2025-10-20 13:02:22.072000+00:00,,20251020-001.gpx
47.6085822,19.147493,169.41,2025-10-20 13:02:22.263000+00:00,,20251020-001.gpx
47.6085828,19.1474844,169.84,2025-10-20 13:02:22.465000+00:00,,20251020-001.gpx
47.6085836,19.1474755,170.26,2025-10-20 13:02:22.667000+00:00,,20251020-001.gpx
47.6085844,19.1474664,170.71,2025-10-20 13:02:22.867000+00:00,,20251020-001.gpx
47.6085851,19.1474573,171.17,2025-10-20 13:02:23.068000+00:00,,20251020-001.gpx
47.6085857,19.1474479,171.65,2025-10-20 13:02:23.272000+00:00,,20251020-001.gpx
47.6085862,19.1474387,172.13,2025-10-20 13:02:23.474000+00:00,,20251020-001.gpx
47.6085867,19.1474293,172.61,2025-10-20 13:02:23.677000+00:00,,20251020-001.gpx
47.6085871,19.14742,173.09,2025-10-20 13:02:23.879000+00:00,,20251020-001.gpx
47.6085875,19.1474108,173.56,2025-10-20 13:02:24.079000+00:00,,20251020-001.gpx
47.608588,19.1474019,174.02,2025-10-20 13:02:24.281000+00:00,,20251020-001.gpx
47.6085886,19.1473932,174.49,2025-10-20 13:02:24.481000+00:00,,20251020-001.gpx
47.6085893,19.1473855,174.91,2025-10-20 13:02:24.663000+00:00,,20251020-001.gpx
47.6085901,19.1473765,175.42,2025-10-20 13:02:24.883000+00:00,,20251020-001.gpx
47.6085908,19.1473687,175.89,2025-10-20 13:02:25.084000+00:00,,20251020-001.gpx
47.6085914,19.1473613,176.31,2025-10-20 13:02:25.269000+00:00,,20251020-001.gpx
47.6085924,19.1473529,176.79,2025-10-20 13:02:25.471000+00:00,,20251020-001.gpx
47.6085932,19.1473445,177.25,2025-10-20 13:02:25.673000+00:00,,20251020-001.gpx
47.6085941,19.1473368,177.66,2025-10-20 13:02:25.854000+00:00,,20251020-001.gpx
47.6085952,19.1473273,178.17,2025-10-20 13:02:26.076000+00:00,,20251020-001.gpx
47.6085963,19.1473188,178.63,2025-10-20 13:02:26.271000+00:00,,20251020-001.gpx
47.6085974,19.1473102,179.09,2025-10-20 13:02:26.472000+00:00,,20251020-001.gpx
47.6085986,19.1473017,179.54,2025-10-20 13:02:26.672000+00:00,,20251020-001.gpx
47.6085997,19.147294,179.94,2025-10-20 13:02:26.852000+00:00,,20251020-001.gpx
47.608601,19.1472853,180.41,2025-10-20 13:02:27.054000+00:00,,20251020-001.gpx
47.6086023,19.1472755,180.92,2025-10-20 13:02:27.277000+00:00,,20251020-001.gpx
47.6086036,19.1472667,181.37,2025-10-20 13:02:27.478000+00:00,,20251020-001.gpx
47.6086048,19.1472581,181.81,2025-10-20 13:02:27.680000+00:00,,20251020-001.gpx
47.608606,19.1472493,182.26,2025-10-20 13:02:27.882000+00:00,,20251020-001.gpx
47.6086071,19.1472405,182.73,2025-10-20 13:02:28.082000+00:00,,20251020-001.gpx
47.6086081,19.1472317,183.21,2025-10-20 13:02:28.285000+00:00,,20251020-001.gpx
47.6086091,19.147223,183.68,2025-10-20 13:02:28.484000+00:00,,20251020-001.gpx
47.60861,19.1472153,184.09,2025-10-20 13:02:28.666000+00:00,,20251020-001.gpx
47.6086111,19.1472058,184.59,2025-10-20 13:02:28.885000+00:00,,20251020-001.gpx
47.6086121,19.1471973,185.04,2025-10-20 13:02:29.087000+00:00,,20251020-001.gpx
47.6086127,19.1471913,185.37,2025-10-20 13:02:29.230000+00:00,,20251020-001.gpx
47.6086137,19.1471819,185.88,2025-10-20 13:02:29.457000+00:00,,20251020-001.gpx
47.6086146,19.1471736,186.34,2025-10-20 13:02:29.658000+00:00,,20251020-001.gpx
47.6086155,19.1471644,186.84,2025-10-20 13:02:29.879000+00:00,,20251020-001.gpx
47.6086162,19.1471562,187.29,2025-10-20 13:02:30.079000+00:00,,20251020-001.gpx
47.6086169,19.1471478,187.75,2025-10-20 13:02:30.281000+00:00,,20251020-001.gpx
47.6086175,19.1471395,188.2,2025-10-20 13:02:30.482000+00:00,,20251020-001.gpx
47.6086182,19.1471311,188.66,2025-10-20 13:02:30.683000+00:00,,20251020-001.gpx
47.6086189,19.1471227,189.12,2025-10-20 13:02:30.884000+00:00,,20251020-001.gpx
47.6086196,19.1471145,189.57,2025-10-20 13:02:31.084000+00:00,,20251020-001.gpx
47.6086202,19.1471075,189.95,2025-10-20 13:02:31.247000+00:00,,20251020-001.gpx
47.6086212,19.1470972,190.5,2025-10-20 13:02:31.488000+00:00,,20251020-001.gpx
47.608622,19.1470885,190.96,2025-10-20 13:02:31.689000+00:00,,20251020-001.gpx
47.6086229,19.14708,191.41,2025-10-20 13:02:31.891000+00:00,,20251020-001.gpx
47.6086238,19.1470714,191.87,2025-10-20 13:02:32.091000+00:00,,20251020-001.gpx
47.6086248,19.1470625,192.34,2025-10-20 13:02:32.294000+00:00,,20251020-001.gpx
47.6086258,19.1470536,192.81,2025-10-20 13:02:32.495000+00:00,,20251020-001.gpx
47.6086268,19.1470449,193.27,2025-10-20 13:02:32.695000+00:00,,20251020-001.gpx
47.6086281,19.1470356,193.74,2025-10-20 13:02:32.898000+00:00,,20251020-001.gpx
47.6086293,19.1470265,194.21,2025-10-20 13:02:33.099000+00:00,,20251020-001.gpx
47.6086304,19.1470176,194.66,2025-10-20 13:02:33.294000+00:00,,20251020-001.gpx
47.6086312,19.14701,195.05,2025-10-20 13:02:33.474000+00:00,,20251020-001.gpx
47.6086322,19.147001,195.51,2025-10-20 13:02:33.674000+00:00,,20251020-001.gpx
47.6086331,19.1469922,195.97,2025-10-20 13:02:33.875000+00:00,,20251020-001.gpx
47.6086338,19.1469832,196.44,2025-10-20 13:02:34.075000+00:00,,20251020-001.gpx
47.6086347,19.1469732,196.98,2025-10-20 13:02:34.307000+00:00,,20251020-001.gpx
47.6086352,19.1469656,197.39,2025-10-20 13:02:34.487000+00:00,,20251020-001.gpx
47.6086359,19.1469559,197.91,2025-10-20 13:02:34.710000+00:00,,20251020-001.gpx
47.6086364,19.1469478,198.34,2025-10-20 13:02:34.893000+00:00,,20251020-001.gpx
47.608637,19.1469398,198.76,2025-10-20 13:02:35.075000+00:00,,20251020-001.gpx
47.6086378,19.1469295,199.31,2025-10-20 13:02:35.309000+00:00,,20251020-001.gpx
47.6086386,19.1469207,199.77,2025-10-20 13:02:35.514000+00:00,,20251020-001.gpx
47.6086395,19.146912,200.23,2025-10-20 13:02:35.714000+00:00,,20251020-001.gpx
47.6086404,19.1469041,200.65,2025-10-20 13:02:35.897000+00:00,,20251020-001.gpx
47.6086415,19.1468955,201.1,2025-10-20 13:02:36.097000+00:00,,20251020-001.gpx
47.6086425,19.1468871,201.55,2025-10-20 13:02:36.305000+00:00,,20251020-001.gpx
47.6086434,19.1468783,202.02,2025-10-20 13:02:36.508000+00:00,,20251020-001.gpx
47.6086442,19.1468698,202.48,2025-10-20 13:02:36.709000+00:00,,20251020-001.gpx
47.6086451,19.1468614,202.94,2025-10-20 13:02:36.910000+00:00,,20251020-001.gpx
47.6086461,19.1468532,203.39,2025-10-20 13:02:37.112000+00:00,,20251020-001.gpx
47.6086471,19.1468452,203.84,2025-10-20 13:02:37.303000+00:00,,20251020-001.gpx
47.6086483,19.1468366,204.3,2025-10-20 13:02:37.504000+00:00,,20251020-001.gpx
47.6086493,19.1468279,204.77,2025-10-20 13:02:37.706000+00:00,,20251020-001.gpx
47.6086503,19.1468196,205.21,2025-10-20 13:02:37.908000+00:00,,20251020-001.gpx
47.6086514,19.1468114,205.64,2025-10-20 13:02:38.109000+00:00,,20251020-001.gpx
47.6086526,19.1468026,206.11,2025-10-20 13:02:38.312000+00:00,,20251020-001.gpx
47.6086538,19.1467939,206.58,2025-10-20 13:02:38.516000+00:00,,20251020-001.gpx
47.6086549,19.1467853,207.05,2025-10-20 13:02:38.717000+00:00,,20251020-001.gpx
47.608656,19.1467766,207.5,2025-10-20 13:02:38.917000+00:00,,20251020-001.gpx
47.6086571,19.1467678,207.95,2025-10-20 13:02:39.119000+00:00,,20251020-001.gpx
47.6086582,19.146759,208.41,2025-10-20 13:02:39.322000+00:00,,20251020-001.gpx
47.6086593,19.1467504,208.86,2025-10-20 13:02:39.525000+00:00,,20251020-001.gpx
47.6086603,19.1467424,209.28,2025-10-20 13:02:39.725000+00:00,,20251020-001.gpx
47.6086612,19.1467344,209.73,2025-10-20 13:02:39.926000+00:00,,20251020-001.gpx
47.608662,19.1467267,210.17,2025-10-20 13:02:40.107000+00:00,,20251020-001.gpx
47.608663,19.1467172,210.69,2025-10-20 13:02:40.327000+00:00,,20251020-001.gpx
47.608664,19.1467089,211.14,2025-10-20 13:02:40.530000+00:00,,20251020-001.gpx
47.608665,19.1467,211.61,2025-10-20 13:02:40.731000+00:00,,20251020-001.gpx
47.608666,19.146691,212.08,2025-10-20 13:02:40.934000+00:00,,20251020-001.gpx
47.608667,19.1466819,212.55,2025-10-20 13:02:41.136000+00:00,,20251020-001.gpx
47.6086678,19.1466742,212.95,2025-10-20 13:02:41.308000+00:00,,20251020-001.gpx
47.6086687,19.1466652,213.43,2025-10-20 13:02:41.510000+00:00,,20251020-001.gpx
47.6086696,19.1466553,213.93,2025-10-20 13:02:41.730000+00:00,,20251020-001.gpx
47.6086704,19.1466464,214.39,2025-10-20 13:02:41.932000+00:00,,20251020-001.gpx
47.6086712,19.1466376,214.85,2025-10-20 13:02:42.132000+00:00,,20251020-001.gpx
47.608672,19.1466288,215.32,2025-10-20 13:02:42.334000+00:00,,20251020-001.gpx
47.6086727,19.1466209,215.73,2025-10-20 13:02:42.534000+00:00,,20251020-001.gpx
47.6086734,19.1466129,216.16,2025-10-20 13:02:42.714000+00:00,,20251020-001.gpx
47.6086743,19.1466031,216.67,2025-10-20 13:02:42.936000+00:00,,20251020-001.gpx
47.6086751,19.1465942,217.14,2025-10-20 13:02:43.138000+00:00,,20251020-001.gpx
47.6086758,19.1465864,217.54,2025-10-20 13:02:43.321000+00:00,,20251020-001.gpx
47.6086768,19.1465775,217.98,2025-10-20 13:02:43.523000+00:00,,20251020-001.gpx
47.6086778,19.1465685,218.45,2025-10-20 13:02:43.727000+00:00,,20251020-001.gpx
47.6086788,19.1465589,218.96,2025-10-20 13:02:43.948000+00:00,,20251020-001.gpx
47.6086796,19.1465512,219.37,2025-10-20 13:02:44.128000+00:00,,20251020-001.gpx
47.6086807,19.1465414,219.89,2025-10-20 13:02:44.350000+00:00,,20251020-001.gpx
47.6086816,19.1465333,220.33,2025-10-20 13:02:44.536000+00:00,,20251020-001.gpx
47.6086825,19.1465255,220.76,2025-10-20 13:02:44.718000+00:00,,20251020-001.gpx
47.6086835,19.1465166,221.23,2025-10-20 13:02:44.939000+00:00,,20251020-001.gpx
47.6086845,19.1465083,221.69,2025-10-20 13:02:45.141000+00:00,,20251020-001.gpx
47.6086855,19.1464997,222.17,2025-10-20 13:02:45.345000+00:00,,20251020-001.gpx
47.6086866,19.1464912,222.65,2025-10-20 13:02:45.548000+00:00,,20251020-001.gpx
47.6086875,19.1464836,223.08,2025-10-20 13:02:45.731000+00:00,,20251020-001.gpx
47.6086886,19.1464745,223.58,2025-10-20 13:02:45.952000+00:00,,20251020-001.gpx
47.6086896,19.1464659,224.06,2025-10-20 13:02:46.154000+00:00,,20251020-001.gpx
47.6086906,19.1464572,224.54,2025-10-20 13:02:46.358000+00:00,,20251020-001.gpx
47.6086914,19.1464495,224.98,2025-10-20 13:02:46.539000+00:00,,20251020-001.gpx
47.6086922,19.1464411,225.45,2025-10-20 13:02:46.741000+00:00,,20251020-001.gpx
47.6086932,19.1464324,225.93,2025-10-20 13:02:46.944000+00:00,,20251020-001.gpx
47.6086941,19.1464237,226.39,2025-10-20 13:02:47.145000+00:00,,20251020-001.gpx
47.6086949,19.1464158,226.82,2025-10-20 13:02:47.329000+00:00,,20251020-001.gpx
47.6086957,19.1464071,227.29,2025-10-20 13:02:47.529000+00:00,,20251020-001.gpx
47.6086967,19.1463975,227.8,2025-10-20 13:02:47.750000+00:00,,20251020-001.gpx
47.6086977,19.1463888,228.27,2025-10-20 13:02:47.952000+00:00,,20251020-001.gpx
47.6086986,19.14638,228.73,2025-10-20 13:02:48.158000+00:00,,20251020-001.gpx
47.6086994,19.1463718,229.16,2025-10-20 13:02:48.344000+00:00,,20251020-001.gpx
47.6087002,19.1463634,229.6,2025-10-20 13:02:48.546000+00:00,,20251020-001.gpx
47.608701,19.1463548,230.05,2025-10-20 13:02:48.748000+00:00,,20251020-001.gpx
47.6087017,19.146346,230.51,2025-10-20 13:02:48.950000+00:00,,20251020-001.gpx
47.6087025,19.1463372,230.98,2025-10-20 13:02:49.152000+00:00,,20251020-001.gpx
47.6087031,19.1463308,231.31,2025-10-20 13:02:49.302000+00:00,,20251020-001.gpx
47.608704,19.1463215,231.81,2025-10-20 13:02:49.527000+00:00,,20251020-001.gpx
47.6087051,19.1463119,232.32,2025-10-20 13:02:49.749000+00:00,,20251020-001.gpx
47.6087061,19.1463033,232.79,2025-10-20 13:02:49.950000+00:00,,20251020-001.gpx
47.6087071,19.1462947,233.24,2025-10-20 13:02:50.152000+00:00,,20251020-001.gpx
47.6087082,19.1462866,233.68,2025-10-20 13:02:50.355000+00:00,,20251020-001.gpx
47.6087092,19.1462784,234.13,2025-10-20 13:02:50.556000+00:00,,20251020-001.gpx
47.6087101,19.1462716,234.49,2025-10-20 13:02:50.716000+00:00,,20251020-001.gpx
47.6087113,19.1462614,235.04,2025-10-20 13:02:50.957000+00:00,,20251020-001.gpx
47.6087124,19.146253,235.5,2025-10-20 13:02:51.158000+00:00,,20251020-001.gpx
47.6087134,19.1462446,235.95,2025-10-20 13:02:51.360000+00:00,,20251020-001.gpx
47.6087144,19.1462362,236.41,2025-10-20 13:02:51.561000+00:00,,20251020-001.gpx
47.6087154,19.146228,236.86,2025-10-20 13:02:51.762000+00:00,,20251020-001.gpx
47.6087162,19.1462213,237.23,2025-10-20 13:02:51.924000+00:00,,20251020-001.gpx
47.6087172,19.146213,237.69,2025-10-20 13:02:52.146000+00:00,,20251020-001.gpx
47.6087182,19.1462054,238.13,2025-10-20 13:02:52.329000+00:00,,20251020-001.gpx
47.6087193,19.146196,238.66,2025-10-20 13:02:52.553000+00:00,,20251020-001.gpx
47.6087203,19.1461875,239.12,2025-10-20 13:02:52.753000+00:00,,20251020-001.gpx
47.6087212,19.1461797,239.53,2025-10-20 13:02:52.936000+00:00,,20251020-001.gpx
47.6087223,19.1461709,240.0,2025-10-20 13:02:53.138000+00:00,,20251020-001.gpx
47.6087234,19.1461615,240.51,2025-10-20 13:02:53.351000+00:00,,20251020-001.gpx
47.6087245,19.1461525,240.99,2025-10-20 13:02:53.554000+00:00,,20251020-001.gpx
47.6087256,19.1461433,241.47,2025-10-20 13:02:53.758000+00:00,,20251020-001.gpx
47.6087268,19.1461346,241.92,2025-10-20 13:02:53.960000+00:00,,20251020-001.gpx
47.6087278,19.1461263,242.34,2025-10-20 13:02:54.142000+00:00,,20251020-001.gpx
47.608729,19.1461172,242.81,2025-10-20 13:02:54.345000+00:00,,20251020-001.gpx
47.60873,19.146109,243.24,2025-10-20 13:02:54.527000+00:00,,20251020-001.gpx
47.6087313,19.1460996,243.72,2025-10-20 13:02:54.748000+00:00,,20251020-001.gpx
47.6087324,19.1460906,244.18,2025-10-20 13:02:54.949000+00:00,,20251020-001.gpx
47.6087335,19.1460814,244.67,2025-10-20 13:02:55.151000+00:00,,20251020-001.gpx
47.6087345,19.1460722,245.16,2025-10-20 13:02:55.355000+00:00,,20251020-001.gpx
47.6087354,19.146063,245.65,2025-10-20 13:02:55.556000+00:00,,20251020-001.gpx
47.6087363,19.1460543,246.11,2025-10-20 13:02:55.758000+00:00,,20251020-001.gpx
47.6087371,19.1460453,246.58,2025-10-20 13:02:55.959000+00:00,,20251020-001.gpx
47.6087377,19.1460373,247.02,2025-10-20 13:02:56.141000+00:00,,20251020-001.gpx
47.6087385,19.1460281,247.52,2025-10-20 13:02:56.349000+00:00,,20251020-001.gpx
47.6087392,19.1460194,247.98,2025-10-20 13:02:56.549000+00:00,,20251020-001.gpx
47.6087398,19.1460109,248.45,2025-10-20 13:02:56.751000+00:00,,20251020-001.gpx
47.6087405,19.146002,248.94,2025-10-20 13:02:56.952000+00:00,,20251020-001.gpx
47.6087412,19.145993,249.43,2025-10-20 13:02:57.154000+00:00,,20251020-001.gpx
47.608742,19.1459841,249.9,2025-10-20 13:02:57.359000+00:00,,20251020-001.gpx
47.6087427,19.1459754,250.36,2025-10-20 13:02:57.559000+00:00,,20251020-001.gpx
47.6087435,19.1459675,250.79,2025-10-20 13:02:57.742000+00:00,,20251020-001.gpx
47.6087443,19.1459579,251.31,2025-10-20 13:02:57.965000+00:00,,20251020-001.gpx
47.608745,19.1459491,251.78,2025-10-20 13:02:58.167000+00:00,,20251020-001.gpx
47.6087456,19.1459417,252.17,2025-10-20 13:02:58.363000+00:00,,20251020-001.gpx
47.6087464,19.1459335,252.61,2025-10-20 13:02:58.563000+00:00,,20251020-001.gpx
47.6087472,19.145925,253.08,2025-10-20 13:02:58.766000+00:00,,20251020-001.gpx
47.608748,19.1459163,253.59,2025-10-20 13:02:58.977000+00:00,,20251020-001.gpx
47.6087488,19.1459083,254.05,2025-10-20 13:02:59.172000+00:00,,20251020-001.gpx
47.6087494,19.145902,254.42,2025-10-20 13:02:59.332000+00:00,,20251020-001.gpx
47.6087505,19.145892,255.0,2025-10-20 13:02:59.577000+00:00,,20251020-001.gpx
47.6087513,19.1458835,255.47,2025-10-20 13:02:59.779000+00:00,,20251020-001.gpx
47.6087519,19.1458766,255.84,2025-10-20 13:02:59.939000+00:00,,20251020-001.gpx
47.6087527,19.1458671,256.33,2025-10-20 13:03:00.162000+00:00,,20251020-001.gpx
47.6087534,19.1458584,256.71,2025-10-20 13:03:00.366000+00:00,,20251020-001.gpx
47.6087542,19.1458491,256.97,2025-10-20 13:03:00.590000+00:00,,20251020-001.gpx
47.6087549,19.145842,257.08,2025-10-20 13:03:00.773000+00:00,,20251020-001.gpx
47.6087556,19.1458352,257.1,2025-10-20 13:03:00.974000+00:00,,20251020-001.gpx
47.6087564,19.1458295,257.08,2025-10-20 13:03:01.177000+00:00,,20251020-001.gpx
47.6087571,19.1458252,257.02,2025-10-20 13:03:01.386000+00:00,,20251020-001.gpx
47.6087578,19.1458228,256.95,2025-10-20 13:03:01.567000+00:00,,20251020-001.gpx
47.6087584,19.1458216,256.91,2025-10-20 13:03:01.769000+00:00,,20251020-001.gpx
47.6087588,19.1458214,256.88,2025-10-20 13:03:01.990000+00:00,,20251020-001.gpx
47.6087591,19.1458222,256.86,2025-10-20 13:03:02.191000+00:00,,20251020-001.gpx
47.6087592,19.1458238,256.86,2025-10-20 13:03:02.395000+00:00,,20251020-001.gpx
47.6087592,19.1458258,256.86,2025-10-20 13:03:02.576000+00:00,,20251020-001.gpx
47.608759,19.1458291,256.87,2025-10-20 13:03:02.798000+00:00,,20251020-001.gpx
47.6087586,19.1458324,256.87,2025-10-20 13:03:02.998000+00:00,,20251020-001.gpx
47.6087582,19.1458361,256.84,2025-10-20 13:03:03.202000+00:00,,20251020-001.gpx
47.6087578,19.1458401,256.7,2025-10-20 13:03:03.406000+00:00,,20251020-001.gpx
47.6087573,19.1458445,256.43,2025-10-20 13:03:03.608000+00:00,,20251020-001.gpx
47.6087569,19.1458493,256.01,2025-10-20 13:03:03.809000+00:00,,20251020-001.gpx
47.6087563,19.1458542,255.56,2025-10-20 13:03:03.989000+00:00,,20251020-001.gpx
47.6087554,19.1458608,255.08,2025-10-20 13:03:04.193000+00:00,,20251020-001.gpx
47.6087545,19.1458681,254.61,2025-10-20 13:03:04.403000+00:00,,20251020-001.gpx
47.6087537,19.1458753,254.18,2025-10-20 13:03:04.605000+00:00,,20251020-001.gpx
47.608753,19.1458815,253.81,2025-10-20 13:03:04.786000+00:00,,20251020-001.gpx
47.6087522,19.1458891,253.36,2025-10-20 13:03:05.007000+00:00,,20251020-001.gpx
47.6087514,19.1458961,252.95,2025-10-20 13:03:05.211000+00:00,,20251020-001.gpx
47.6087507,19.1459025,252.55,2025-10-20 13:03:05.415000+00:00,,20251020-001.gpx
47.60875,19.1459085,252.18,2025-10-20 13:03:05.621000+00:00,,20251020-001.gpx
47.6087491,19.1459146,251.76,2025-10-20 13:03:05.827000+00:00,,20251020-001.gpx
47.6087483,19.1459202,251.35,2025-10-20 13:03:06.029000+00:00,,20251020-001.gpx
47.6087477,19.145925,250.97,2025-10-20 13:03:06.212000+00:00,,20251020-001.gpx
47.6087469,19.1459298,250.57,2025-10-20 13:03:06.412000+00:00,,20251020-001.gpx
47.6087462,19.1459345,250.15,2025-10-20 13:03:06.622000+00:00,,20251020-001.gpx
47.6087454,19.1459384,249.76,2025-10-20 13:03:06.813000+00:00,,20251020-001.gpx
47.6087447,19.1459423,249.35,2025-10-20 13:03:07.015000+00:00,,20251020-001.gpx
47.608744,19.1459456,248.97,2025-10-20 13:03:07.198000+00:00,,20251020-001.gpx
47.6087433,19.1459488,248.57,2025-10-20 13:03:07.400000+00:00,,20251020-001.gpx
47.6087427,19.1459518,248.16,2025-10-20 13:03:07.602000+00:00,,20251020-001.gpx
47.6087419,19.1459548,247.71,2025-10-20 13:03:07.824000+00:00,,20251020-001.gpx
47.6087413,19.1459574,247.32,2025-10-20 13:03:08.025000+00:00,,20251020-001.gpx
47.6087407,19.1459599,246.93,2025-10-20 13:03:08.227000+00:00,,20251020-001.gpx
47.6087401,19.1459626,246.53,2025-10-20 13:03:08.435000+00:00,,20251020-001.gpx
47.6087394,19.1459652,246.12,2025-10-20 13:03:08.638000+00:00,,20251020-001.gpx
47.6087388,19.1459679,245.7,2025-10-20 13:03:08.841000+00:00,,20251020-001.gpx
47.6087383,19.1459708,245.3,2025-10-20 13:03:09.042000+00:00,,20251020-001.gpx
47.6087378,19.1459739,244.91,2025-10-20 13:03:09.249000+00:00,,20251020-001.gpx
47.6087373,19.145977,244.55,2025-10-20 13:03:09.438000+00:00,,20251020-001.gpx
47.6087369,19.1459807,244.11,2025-10-20 13:03:09.658000+00:00,,20251020-001.gpx
47.6087366,19.1459842,243.72,2025-10-20 13:03:09.860000+00:00,,20251020-001.gpx
47.6087364,19.1459876,243.36,2025-10-20 13:03:10.060000+00:00,,20251020-001.gpx
47.6087362,19.1459912,242.98,2025-10-20 13:03:10.254000+00:00,,20251020-001.gpx
47.608736,19.145995,242.57,2025-10-20 13:03:10.456000+00:00,,20251020-001.gpx
47.6087359,19.1459988,242.17,2025-10-20 13:03:10.657000+00:00,,20251020-001.gpx
47.6087357,19.1460029,241.77,2025-10-20 13:03:10.859000+00:00,,20251020-001.gpx
47.6087356,19.1460069,241.36,2025-10-20 13:03:11.060000+00:00,,20251020-001.gpx
47.6087354,19.1460113,240.94,2025-10-20 13:03:11.266000+00:00,,20251020-001.gpx
47.6087352,19.1460152,240.58,2025-10-20 13:03:11.446000+00:00,,20251020-001.gpx
47.6087351,19.1460201,240.14,2025-10-20 13:03:11.668000+00:00,,20251020-001.gpx
47.6087351,19.1460242,239.77,2025-10-20 13:03:11.849000+00:00,,20251020-001.gpx
47.6087348,19.1460289,239.35,2025-10-20 13:03:12.054000+00:00,,20251020-001.gpx
47.6087345,19.1460336,238.96,2025-10-20 13:03:12.251000+00:00,,20251020-001.gpx
47.6087341,19.1460382,238.55,2025-10-20 13:03:12.452000+00:00,,20251020-001.gpx
47.6087336,19.1460429,238.14,2025-10-20 13:03:12.653000+00:00,,20251020-001.gpx
47.6087332,19.1460474,237.74,2025-10-20 13:03:12.855000+00:00,,20251020-001.gpx
47.6087328,19.1460521,237.33,2025-10-20 13:03:13.055000+00:00,,20251020-001.gpx
47.6087325,19.1460558,236.97,2025-10-20 13:03:13.224000+00:00,,20251020-001.gpx
47.6087321,19.1460603,236.52,2025-10-20 13:03:13.452000+00:00,,20251020-001.gpx
47.6087317,19.1460641,236.1,2025-10-20 13:03:13.654000+00:00,,20251020-001.gpx
47.6087314,19.1460677,235.69,2025-10-20 13:03:13.854000+00:00,,20251020-001.gpx
47.6087311,19.1460712,235.27,2025-10-20 13:03:14.056000+00:00,,20251020-001.gpx
47.6087307,19.1460745,234.87,2025-10-20 13:03:14.260000+00:00,,20251020-001.gpx
47.6087304,19.1460776,234.48,2025-10-20 13:03:14.463000+00:00,,20251020-001.gpx
47.60873,19.1460807,234.07,2025-10-20 13:03:14.665000+00:00,,20251020-001.gpx
47.6087296,19.1460839,233.65,2025-10-20 13:03:14.865000+00:00,,20251020-001.gpx
47.6087292,19.1460872,233.24,2025-10-20 13:03:15.067000+00:00,,20251020-001.gpx
47.6087289,19.14609,232.91,2025-10-20 13:03:15.237000+00:00,,20251020-001.gpx
47.6087285,19.1460939,232.46,2025-10-20 13:03:15.457000+00:00,,20251020-001.gpx
47.6087281,19.1460977,232.06,2025-10-20 13:03:15.659000+00:00,,20251020-001.gpx
47.6087278,19.1461016,231.67,2025-10-20 13:03:15.859000+00:00,,20251020-001.gpx
47.6087274,19.1461056,231.27,2025-10-20 13:03:16.061000+00:00,,20251020-001.gpx
47.608727,19.1461098,230.87,2025-10-20 13:03:16.261000+00:00,,20251020-001.gpx
47.6087266,19.146114,230.47,2025-10-20 13:03:16.466000+00:00,,20251020-001.gpx
47.6087263,19.1461182,230.07,2025-10-20 13:03:16.667000+00:00,,20251020-001.gpx
47.608726,19.1461225,229.67,2025-10-20 13:03:16.868000+00:00,,20251020-001.gpx
47.6087257,19.1461269,229.27,2025-10-20 13:03:17.068000+00:00,,20251020-001.gpx
47.6087254,19.1461314,228.86,2025-10-20 13:03:17.270000+00:00,,20251020-001.gpx
47.6087252,19.1461358,228.46,2025-10-20 13:03:17.471000+00:00,,20251020-001.gpx
47.6087251,19.1461401,228.05,2025-10-20 13:03:17.673000+00:00,,20251020-001.gpx
47.608725,19.1461439,227.69,2025-10-20 13:03:17.853000+00:00,,20251020-001.gpx
47.6087248,19.1461487,227.25,2025-10-20 13:03:18.075000+00:00,,20251020-001.gpx
47.6087245,19.1461529,226.86,2025-10-20 13:03:18.269000+00:00,,20251020-001.gpx
47.6087241,19.1461571,226.45,2025-10-20 13:03:18.471000+00:00,,20251020-001.gpx
47.6087237,19.1461612,226.06,2025-10-20 13:03:18.674000+00:00,,20251020-001.gpx
47.6087232,19.146165,225.69,2025-10-20 13:03:18.874000+00:00,,20251020-001.gpx
47.6087226,19.1461689,225.28,2025-10-20 13:03:19.074000+00:00,,20251020-001.gpx
47.608722,19.1461728,224.88,2025-10-20 13:03:19.278000+00:00,,20251020-001.gpx
47.6087213,19.1461766,224.48,2025-10-20 13:03:19.484000+00:00,,20251020-001.gpx
47.6087207,19.1461801,224.08,2025-10-20 13:03:19.684000+00:00,,20251020-001.gpx
47.6087202,19.1461837,223.66,2025-10-20 13:03:19.887000+00:00,,20251020-001.gpx
47.6087198,19.1461865,223.33,2025-10-20 13:03:20.050000+00:00,,20251020-001.gpx
47.6087193,19.1461899,222.92,2025-10-20 13:03:20.252000+00:00,,20251020-001.gpx
47.6087188,19.1461931,222.55,2025-10-20 13:03:20.453000+00:00,,20251020-001.gpx
47.6087184,19.1461969,222.1,2025-10-20 13:03:20.686000+00:00,,20251020-001.gpx
47.6087179,19.1462003,221.69,2025-10-20 13:03:20.888000+00:00,,20251020-001.gpx
47.6087176,19.1462035,221.31,2025-10-20 13:03:21.081000+00:00,,20251020-001.gpx
47.6087172,19.1462069,220.93,2025-10-20 13:03:21.285000+00:00,,20251020-001.gpx
47.6087169,19.1462103,220.55,2025-10-20 13:03:21.486000+00:00,,20251020-001.gpx
47.6087166,19.146214,220.15,2025-10-20 13:03:21.689000+00:00,,20251020-001.gpx
47.6087163,19.1462174,219.79,2025-10-20 13:03:21.871000+00:00,,20251020-001.gpx
47.6087159,19.1462216,219.36,2025-10-20 13:03:22.092000+00:00,,20251020-001.gpx
47.6087155,19.1462259,218.93,2025-10-20 13:03:22.309000+00:00,,20251020-001.gpx
47.6087152,19.1462299,218.53,2025-10-20 13:03:22.511000+00:00,,20251020-001.gpx
47.6087149,19.1462341,218.12,2025-10-20 13:03:22.714000+00:00,,20251020-001.gpx
47.6087146,19.1462378,217.76,2025-10-20 13:03:22.894000+00:00,,20251020-001.gpx
47.6087143,19.1462419,217.38,2025-10-20 13:03:23.096000+00:00,,20251020-001.gpx
47.608714,19.1462462,216.98,2025-10-20 13:03:23.300000+00:00,,20251020-001.gpx
47.6087136,19.1462506,216.58,2025-10-20 13:03:23.501000+00:00,,20251020-001.gpx
47.6087131,19.146255,216.17,2025-10-20 13:03:23.703000+00:00,,20251020-001.gpx
47.6087125,19.1462593,215.78,2025-10-20 13:03:23.905000+00:00,,20251020-001.gpx
47.6087118,19.1462634,215.39,2025-10-20 13:03:24.106000+00:00,,20251020-001.gpx
47.6087112,19.1462672,215.01,2025-10-20 13:03:24.294000+00:00,,20251020-001.gpx
47.6087105,19.1462711,214.6,2025-10-20 13:03:24.495000+00:00,,20251020-001.gpx
47.60871,19.1462749,214.18,2025-10-20 13:03:24.697000+00:00,,20251020-001.gpx
47.6087096,19.1462783,213.78,2025-10-20 13:03:24.900000+00:00,,20251020-001.gpx
47.6087092,19.1462818,213.37,2025-10-20 13:03:25.103000+00:00,,20251020-001.gpx
47.6087089,19.1462848,212.99,2025-10-20 13:03:25.294000+00:00,,20251020-001.gpx
47.6087086,19.1462879,212.58,2025-10-20 13:03:25.495000+00:00,,20251020-001.gpx
47.6087084,19.1462909,212.17,2025-10-20 13:03:25.697000+00:00,,20251020-001.gpx
47.6087083,19.146294,211.77,2025-10-20 13:03:25.899000+00:00,,20251020-001.gpx
47.6087081,19.1462969,211.41,2025-10-20 13:03:26.081000+00:00,,20251020-001.gpx
47.608708,19.1463,211.01,2025-10-20 13:03:26.277000+00:00,,20251020-001.gpx
47.6087078,19.1463033,210.6,2025-10-20 13:03:26.480000+00:00,,20251020-001.gpx
47.6087075,19.146307,210.13,2025-10-20 13:03:26.704000+00:00,,20251020-001.gpx
47.6087072,19.1463105,209.71,2025-10-20 13:03:26.907000+00:00,,20251020-001.gpx
47.6087069,19.1463138,209.34,2025-10-20 13:03:27.089000+00:00,,20251020-001.gpx
47.6087066,19.1463179,208.91,2025-10-20 13:03:27.303000+00:00,,20251020-001.gpx
47.6087063,19.1463217,208.5,2025-10-20 13:03:27.504000+00:00,,20251020-001.gpx
47.608706,19.1463255,208.13,2025-10-20 13:03:27.689000+00:00,,20251020-001.gpx
47.6087056,19.14633,207.69,2025-10-20 13:03:27.908000+00:00,,20251020-001.gpx
47.6087051,19.146334,207.29,2025-10-20 13:03:28.109000+00:00,,20251020-001.gpx
47.6087047,19.1463377,206.91,2025-10-20 13:03:28.302000+00:00,,20251020-001.gpx
47.6087042,19.1463417,206.5,2025-10-20 13:03:28.504000+00:00,,20251020-001.gpx
47.6087037,19.1463459,206.1,2025-10-20 13:03:28.704000+00:00,,20251020-001.gpx
47.6087032,19.1463501,205.72,2025-10-20 13:03:28.903000+00:00,,20251020-001.gpx
47.6087026,19.1463544,205.34,2025-10-20 13:03:29.105000+00:00,,20251020-001.gpx
47.6087021,19.1463588,204.95,2025-10-20 13:03:29.310000+00:00,,20251020-001.gpx
47.6087016,19.1463632,204.55,2025-10-20 13:03:29.513000+00:00,,20251020-001.gpx
47.6087011,19.1463674,204.18,2025-10-20 13:03:29.696000+00:00,,20251020-001.gpx
47.6087005,19.146372,203.76,2025-10-20 13:03:29.896000+00:00,,20251020-001.gpx
47.6087,19.1463765,203.35,2025-10-20 13:03:30.097000+00:00,,20251020-001.gpx
47.6086994,19.1463814,202.9,2025-10-20 13:03:30.320000+00:00,,20251020-001.gpx
47.6086988,19.1463857,202.49,2025-10-20 13:03:30.520000+00:00,,20251020-001.gpx
47.6086983,19.14639,202.09,2025-10-20 13:03:30.721000+00:00,,20251020-001.gpx
47.6086979,19.1463942,201.67,2025-10-20 13:03:30.923000+00:00,,20251020-001.gpx
47.6086975,19.1463984,201.25,2025-10-20 13:03:31.125000+00:00,,20251020-001.gpx
47.608697,19.1464026,200.85,2025-10-20 13:03:31.325000+00:00,,20251020-001.gpx
47.6086965,19.1464067,200.42,2025-10-20 13:03:31.526000+00:00,,20251020-001.gpx
47.608696,19.1464107,200.0,2025-10-20 13:03:31.727000+00:00,,20251020-001.gpx
47.6086954,19.1464147,199.58,2025-10-20 13:03:31.928000+00:00,,20251020-001.gpx
47.6086947,19.1464188,199.16,2025-10-20 13:03:32.130000+00:00,,20251020-001.gpx
47.6086941,19.1464229,198.75,2025-10-20 13:03:32.331000+00:00,,20251020-001.gpx
47.6086936,19.1464267,198.37,2025-10-20 13:03:32.532000+00:00,,20251020-001.gpx
47.6086931,19.1464307,197.99,2025-10-20 13:03:32.733000+00:00,,20251020-001.gpx
47.6086924,19.1464347,197.6,2025-10-20 13:03:32.935000+00:00,,20251020-001.gpx
47.6086918,19.1464389,197.19,2025-10-20 13:03:33.138000+00:00,,20251020-001.gpx
47.6086911,19.146443,196.79,2025-10-20 13:03:33.343000+00:00,,20251020-001.gpx
47.6086906,19.1464472,196.39,2025-10-20 13:03:33.543000+00:00,,20251020-001.gpx
47.60869,19.1464513,195.99,2025-10-20 13:03:33.743000+00:00,,20251020-001.gpx
47.6086895,19.1464554,195.58,2025-10-20 13:03:33.945000+00:00,,20251020-001.gpx
47.6086889,19.1464594,195.19,2025-10-20 13:03:34.146000+00:00,,20251020-001.gpx
47.6086884,19.1464634,194.78,2025-10-20 13:03:34.357000+00:00,,20251020-001.gpx
47.6086881,19.1464669,194.39,2025-10-20 13:03:34.541000+00:00,,20251020-001.gpx
47.6086878,19.1464711,193.94,2025-10-20 13:03:34.762000+00:00,,20251020-001.gpx
47.6086875,19.1464748,193.52,2025-10-20 13:03:34.964000+00:00,,20251020-001.gpx
47.6086872,19.1464778,193.19,2025-10-20 13:03:35.144000+00:00,,20251020-001.gpx
47.6086869,19.1464815,192.76,2025-10-20 13:03:35.357000+00:00,,20251020-001.gpx
47.6086866,19.146485,192.37,2025-10-20 13:03:35.559000+00:00,,20251020-001.gpx
47.6086864,19.1464886,191.98,2025-10-20 13:03:35.760000+00:00,,20251020-001.gpx
47.6086862,19.1464915,191.66,2025-10-20 13:03:35.921000+00:00,,20251020-001.gpx
47.6086859,19.1464957,191.21,2025-10-20 13:03:36.162000+00:00,,20251020-001.gpx
47.6086855,19.1464992,190.83,2025-10-20 13:03:36.356000+00:00,,20251020-001.gpx
47.6086852,19.1465026,190.45,2025-10-20 13:03:36.539000+00:00,,20251020-001.gpx
47.608685,19.1465064,190.03,2025-10-20 13:03:36.742000+00:00,,20251020-001.gpx
47.6086848,19.1465103,189.63,2025-10-20 13:03:36.943000+00:00,,20251020-001.gpx
47.6086846,19.1465142,189.22,2025-10-20 13:03:37.146000+00:00,,20251020-001.gpx
47.6086843,19.1465182,188.8,2025-10-20 13:03:37.351000+00:00,,20251020-001.gpx
47.608684,19.1465224,188.35,2025-10-20 13:03:37.575000+00:00,,20251020-001.gpx
47.6086838,19.1465258,187.99,2025-10-20 13:03:37.756000+00:00,,20251020-001.gpx
47.6086835,19.1465293,187.58,2025-10-20 13:03:37.957000+00:00,,20251020-001.gpx
47.6086833,19.1465327,187.17,2025-10-20 13:03:38.160000+00:00,,20251020-001.gpx
47.6086829,19.146536,186.76,2025-10-20 13:03:38.363000+00:00,,20251020-001.gpx
47.6086826,19.1465392,186.37,2025-10-20 13:03:38.563000+00:00,,20251020-001.gpx
47.6086822,19.1465424,185.97,2025-10-20 13:03:38.765000+00:00,,20251020-001.gpx
47.6086818,19.1465458,185.58,2025-10-20 13:03:38.971000+00:00,,20251020-001.gpx
47.6086814,19.146549,185.24,2025-10-20 13:03:39.154000+00:00,,20251020-001.gpx
47.6086807,19.1465532,184.82,2025-10-20 13:03:39.382000+00:00,,20251020-001.gpx
47.6086802,19.1465571,184.41,2025-10-20 13:03:39.584000+00:00,,20251020-001.gpx
47.6086796,19.1465612,184.01,2025-10-20 13:03:39.787000+00:00,,20251020-001.gpx
47.6086791,19.1465651,183.62,2025-10-20 13:03:39.988000+00:00,,20251020-001.gpx
47.6086785,19.1465692,183.23,2025-10-20 13:03:40.190000+00:00,,20251020-001.gpx
47.6086779,19.1465734,182.85,2025-10-20 13:03:40.392000+00:00,,20251020-001.gpx
47.6086774,19.1465775,182.44,2025-10-20 13:03:40.593000+00:00,,20251020-001.gpx
47.6086769,19.1465818,182.02,2025-10-20 13:03:40.794000+00:00,,20251020-001.gpx
47.6086764,19.1465858,181.65,2025-10-20 13:03:40.995000+00:00,,20251020-001.gpx
47.608676,19.14659,181.26,2025-10-20 13:03:41.198000+00:00,,20251020-001.gpx
47.6086756,19.1465938,180.89,2025-10-20 13:03:41.378000+00:00,,20251020-001.gpx
47.6086754,19.1465981,180.46,2025-10-20 13:03:41.581000+00:00,,20251020-001.gpx
47.6086751,19.1466024,180.05,2025-10-20 13:03:41.781000+00:00,,20251020-001.gpx
47.6086749,19.146607,179.59,2025-10-20 13:03:42.003000+00:00,,20251020-001.gpx
47.6086747,19.1466111,179.17,2025-10-20 13:03:42.207000+00:00,,20251020-001.gpx
47.6086745,19.1466152,178.74,2025-10-20 13:03:42.417000+00:00,,20251020-001.gpx
47.6086743,19.1466187,178.37,2025-10-20 13:03:42.600000+00:00,,20251020-001.gpx
47.608674,19.1466225,177.97,2025-10-20 13:03:42.803000+00:00,,20251020-001.gpx
47.6086736,19.1466263,177.57,2025-10-20 13:03:43.004000+00:00,,20251020-001.gpx
47.6086733,19.1466301,177.14,2025-10-20 13:03:43.207000+00:00,,20251020-001.gpx
47.6086729,19.146634,176.71,2025-10-20 13:03:43.418000+00:00,,20251020-001.gpx
47.6086726,19.1466377,176.32,2025-10-20 13:03:43.618000+00:00,,20251020-001.gpx
47.6086722,19.1466414,175.94,2025-10-20 13:03:43.820000+00:00,,20251020-001.gpx
47.6086716,19.1466453,175.57,2025-10-20 13:03:44.020000+00:00,,20251020-001.gpx
47.6086711,19.1466494,175.19,2025-10-20 13:03:44.224000+00:00,,20251020-001.gpx
47.6086706,19.1466533,174.8,2025-10-20 13:03:44.425000+00:00,,20251020-001.gpx
47.6086703,19.1466573,174.42,2025-10-20 13:03:44.626000+00:00,,20251020-001.gpx
47.60867,19.1466612,174.03,2025-10-20 13:03:44.827000+00:00,,20251020-001.gpx
47.6086696,19.1466653,173.63,2025-10-20 13:03:45.028000+00:00,,20251020-001.gpx
47.6086692,19.1466694,173.22,2025-10-20 13:03:45.231000+00:00,,20251020-001.gpx
47.6086688,19.1466735,172.82,2025-10-20 13:03:45.432000+00:00,,20251020-001.gpx
47.6086684,19.1466776,172.41,2025-10-20 13:03:45.634000+00:00,,20251020-001.gpx
47.608668,19.1466813,172.05,2025-10-20 13:03:45.815000+00:00,,20251020-001.gpx
47.6086675,19.1466858,171.62,2025-10-20 13:03:46.038000+00:00,,20251020-001.gpx
47.6086671,19.1466898,171.25,2025-10-20 13:03:46.231000+00:00,,20251020-001.gpx
47.6086667,19.1466939,170.87,2025-10-20 13:03:46.432000+00:00,,20251020-001.gpx
47.6086663,19.1466979,170.49,2025-10-20 13:03:46.634000+00:00,,20251020-001.gpx
47.608666,19.1467019,170.1,2025-10-20 13:03:46.834000+00:00,,20251020-001.gpx
47.6086656,19.1467057,169.73,2025-10-20 13:03:47.035000+00:00,,20251020-001.gpx
47.6086653,19.1467093,169.4,2025-10-20 13:03:47.221000+00:00,,20251020-001.gpx
47.608665,19.1467133,169.02,2025-10-20 13:03:47.425000+00:00,,20251020-001.gpx
47.6086646,19.1467173,168.63,2025-10-20 13:03:47.625000+00:00,,20251020-001.gpx
47.6086644,19.1467212,168.24,2025-10-20 13:03:47.827000+00:00,,20251020-001.gpx
47.6086642,19.1467241,167.89,2025-10-20 13:03:47.988000+00:00,,20251020-001.gpx
47.608664,19.1467283,167.41,2025-10-20 13:03:48.211000+00:00,,20251020-001.gpx
47.6086637,19.1467323,166.96,2025-10-20 13:03:48.435000+00:00,,20251020-001.gpx
47.6086635,19.1467359,166.55,2025-10-20 13:03:48.636000+00:00,,20251020-001.gpx
47.6086633,19.1467395,166.17,2025-10-20 13:03:48.837000+00:00,,20251020-001.gpx
47.6086629,19.1467434,165.78,2025-10-20 13:03:49.039000+00:00,,20251020-001.gpx
47.6086625,19.1467471,165.42,2025-10-20 13:03:49.230000+00:00,,20251020-001.gpx
47.608662,19.1467508,165.06,2025-10-20 13:03:49.410000+00:00,,20251020-001.gpx
47.6086612,19.1467554,164.63,2025-10-20 13:03:49.631000+00:00,,20251020-001.gpx
47.6086604,19.1467596,164.25,2025-10-20 13:03:49.831000+00:00,,20251020-001.gpx
47.6086596,19.1467639,163.88,2025-10-20 13:03:50.031000+00:00,,20251020-001.gpx
47.6086588,19.1467674,163.57,2025-10-20 13:03:50.194000+00:00,,20251020-001.gpx
47.6086578,19.1467721,163.12,2025-10-20 13:03:50.415000+00:00,,20251020-001.gpx
47.608657,19.1467763,162.71,2025-10-20 13:03:50.616000+00:00,,20251020-001.gpx
47.6086561,19.1467809,162.27,2025-10-20 13:03:50.836000+00:00,,20251020-001.gpx
47.6086553,19.1467847,161.91,2025-10-20 13:03:51.019000+00:00,,20251020-001.gpx
47.6086546,19.146789,161.5,2025-10-20 13:03:51.228000+00:00,,20251020-001.gpx
47.6086539,19.1467932,161.1,2025-10-20 13:03:51.434000+00:00,,20251020-001.gpx
47.6086532,19.1467974,160.71,2025-10-20 13:03:51.635000+00:00,,20251020-001.gpx
47.6086525,19.1468012,160.35,2025-10-20 13:03:51.816000+00:00,,20251020-001.gpx
47.6086519,19.1468056,159.93,2025-10-20 13:03:52.037000+00:00,,20251020-001.gpx
47.6086512,19.1468096,159.54,2025-10-20 13:03:52.242000+00:00,,20251020-001.gpx
47.6086505,19.1468132,159.18,2025-10-20 13:03:52.423000+00:00,,20251020-001.gpx
47.6086498,19.1468177,158.74,2025-10-20 13:03:52.649000+00:00,,20251020-001.gpx
47.6086492,19.1468218,158.35,2025-10-20 13:03:52.851000+00:00,,20251020-001.gpx
47.6086487,19.1468252,158.01,2025-10-20 13:03:53.032000+00:00,,20251020-001.gpx
47.6086482,19.1468292,157.58,2025-10-20 13:03:53.240000+00:00,,20251020-001.gpx
47.6086478,19.146833,157.17,2025-10-20 13:03:53.445000+00:00,,20251020-001.gpx
47.6086476,19.1468368,156.77,2025-10-20 13:03:53.648000+00:00,,20251020-001.gpx
47.6086474,19.1468407,156.36,2025-10-20 13:03:53.850000+00:00,,20251020-001.gpx
47.6086474,19.1468442,155.99,2025-10-20 13:03:54.031000+00:00,,20251020-001.gpx
47.6086474,19.1468483,155.57,2025-10-20 13:03:54.239000+00:00,,20251020-001.gpx
47.6086475,19.1468521,155.19,2025-10-20 13:03:54.442000+00:00,,20251020-001.gpx
47.6086474,19.1468558,154.8,2025-10-20 13:03:54.646000+00:00,,20251020-001.gpx
47.6086474,19.1468596,154.38,2025-10-20 13:03:54.847000+00:00,,20251020-001.gpx
47.6086473,19.1468634,153.95,2025-10-20 13:03:55.049000+00:00,,20251020-001.gpx
47.6086471,19.1468672,153.54,2025-10-20 13:03:55.251000+00:00,,20251020-001.gpx
47.6086469,19.146871,153.11,2025-10-20 13:03:55.453000+00:00,,20251020-001.gpx
47.6086466,19.1468749,152.72,2025-10-20 13:03:55.654000+00:00,,20251020-001.gpx
47.6086462,19.1468787,152.3,2025-10-20 13:03:55.858000+00:00,,20251020-001.gpx
47.6086459,19.1468821,151.92,2025-10-20 13:03:56.038000+00:00,,20251020-001.gpx
47.6086455,19.1468858,151.52,2025-10-20 13:03:56.242000+00:00,,20251020-001.gpx
47.608645,19.1468896,151.11,2025-10-20 13:03:56.443000+00:00,,20251020-001.gpx
47.6086445,19.1468933,150.7,2025-10-20 13:03:56.645000+00:00,,20251020-001.gpx
47.608644,19.1468971,150.29,2025-10-20 13:03:56.849000+00:00,,20251020-001.gpx
47.6086435,19.1469007,149.88,2025-10-20 13:03:57.051000+00:00,,20251020-001.gpx
47.6086431,19.1469043,149.43,2025-10-20 13:03:57.256000+00:00,,20251020-001.gpx
47.6086427,19.1469081,149.01,2025-10-20 13:03:57.458000+00:00,,20251020-001.gpx
47.6086422,19.1469115,148.64,2025-10-20 13:03:57.640000+00:00,,20251020-001.gpx
47.6086416,19.1469155,148.21,2025-10-20 13:03:57.861000+00:00,,20251020-001.gpx
47.608641,19.1469191,147.82,2025-10-20 13:03:58.062000+00:00,,20251020-001.gpx
47.6086404,19.1469226,147.46,2025-10-20 13:03:58.248000+00:00,,20251020-001.gpx
47.6086398,19.1469261,147.09,2025-10-20 13:03:58.430000+00:00,,20251020-001.gpx
47.6086392,19.1469305,146.64,2025-10-20 13:03:58.652000+00:00,,20251020-001.gpx
47.6086387,19.1469342,146.27,2025-10-20 13:03:58.834000+00:00,,20251020-001.gpx
47.6086382,19.1469382,145.88,2025-10-20 13:03:59.037000+00:00,,20251020-001.gpx
47.6086376,19.1469426,145.43,2025-10-20 13:03:59.255000+00:00,,20251020-001.gpx
47.6086371,19.1469468,145.03,2025-10-20 13:03:59.457000+00:00,,20251020-001.gpx
47.6086367,19.1469509,144.63,2025-10-20 13:03:59.658000+00:00,,20251020-001.gpx
47.6086363,19.146955,144.24,2025-10-20 13:03:59.858000+00:00,,20251020-001.gpx
47.6086359,19.1469591,143.83,2025-10-20 13:04:00.059000+00:00,,20251020-001.gpx
47.6086355,19.1469629,143.44,2025-10-20 13:04:00.249000+00:00,,20251020-001.gpx
47.608635,19.1469669,143.01,2025-10-20 13:04:00.459000+00:00,,20251020-001.gpx
47.6086345,19.1469706,142.62,2025-10-20 13:04:00.660000+00:00,,20251020-001.gpx
47.6086342,19.1469738,142.36,2025-10-20 13:04:00.841000+00:00,,20251020-001.gpx
47.6086338,19.146977,142.22,2025-10-20 13:04:01.064000+00:00,,20251020-001.gpx
47.6086336,19.1469789,142.2,2025-10-20 13:04:01.252000+00:00,,20251020-001.gpx
47.6086333,19.1469805,142.17,2025-10-20 13:04:01.454000+00:00,,20251020-001.gpx
47.608633,19.1469817,142.04,2025-10-20 13:04:01.654000+00:00,,20251020-001.gpx
47.6086326,19.1469825,141.83,2025-10-20 13:04:01.854000+00:00,,20251020-001.gpx
47.6086322,19.1469828,141.61,2025-10-20 13:04:02.057000+00:00,,20251020-001.gpx
47.6086318,19.1469827,141.43,2025-10-20 13:04:02.242000+00:00,,20251020-001.gpx
47.6086315,19.1469821,141.24,2025-10-20 13:04:02.451000+00:00,,20251020-001.gpx
47.6086312,19.1469811,141.02,2025-10-20 13:04:02.659000+00:00,,20251020-001.gpx
47.6086309,19.1469802,140.82,2025-10-20 13:04:02.862000+00:00,,20251020-001.gpx
47.6086308,19.1469791,140.63,2025-10-20 13:04:03.063000+00:00,,20251020-001.gpx
47.6086307,19.1469778,140.4,2025-10-20 13:04:03.271000+00:00,,20251020-001.gpx
47.6086306,19.1469767,140.18,2025-10-20 13:04:03.472000+00:00,,20251020-001.gpx
47.6086306,19.1469758,139.96,2025-10-20 13:04:03.673000+00:00,,20251020-001.gpx
47.6086305,19.1469747,139.76,2025-10-20 13:04:03.873000+00:00,,20251020-001.gpx
47.6086304,19.1469735,139.55,2025-10-20 13:04:04.074000+00:00,,20251020-001.gpx
47.6086303,19.1469723,139.32,2025-10-20 13:04:04.277000+00:00,,20251020-001.gpx
47.6086304,19.1469713,139.1,2025-10-20 13:04:04.478000+00:00,,20251020-001.gpx
47.6086305,19.1469705,138.9,2025-10-20 13:04:04.680000+00:00,,20251020-001.gpx
47.6086304,19.14697,138.69,2025-10-20 13:04:04.880000+00:00,,20251020-001.gpx
47.6086304,19.1469696,138.46,2025-10-20 13:04:05.082000+00:00,,20251020-001.gpx
47.6086303,19.1469694,138.26,2025-10-20 13:04:05.266000+00:00,,20251020-001.gpx
47.6086301,19.1469693,138.02,2025-10-20 13:04:05.490000+00:00,,20251020-001.gpx
47.60863,19.1469692,137.79,2025-10-20 13:04:05.690000+00:00,,20251020-001.gpx
47.60863,19.1469693,137.58,2025-10-20 13:04:05.890000+00:00,,20251020-001.gpx
47.6086301,19.1469698,137.39,2025-10-20 13:04:06.091000+00:00,,20251020-001.gpx
47.6086301,19.1469703,137.23,2025-10-20 13:04:06.296000+00:00,,20251020-001.gpx
47.6086302,19.146971,137.15,2025-10-20 13:04:06.497000+00:00,,20251020-001.gpx
47.6086303,19.1469718,137.06,2025-10-20 13:04:06.698000+00:00,,20251020-001.gpx
47.6086303,19.1469726,136.91,2025-10-20 13:04:06.898000+00:00,,20251020-001.gpx
47.6086302,19.1469727,136.91,2025-10-20 13:04:07.080000+00:00,,20251020-001.gpx
47.60863,19.1469728,136.92,2025-10-20 13:04:07.292000+00:00,,20251020-001.gpx
47.6086298,19.1469729,136.93,2025-10-20 13:04:07.496000+00:00,,20251020-001.gpx
47.6086297,19.146973,136.93,2025-10-20 13:04:07.677000+00:00,,20251020-001.gpx
47.6086295,19.146973,136.93,2025-10-20 13:04:07.901000+00:00,,20251020-001.gpx
47.6086294,19.146973,136.93,2025-10-20 13:04:08.104000+00:00,,20251020-001.gpx
47.6086293,19.146973,136.93,2025-10-20 13:04:08.296000+00:00,,20251020-001.gpx
47.6086292,19.146973,136.94,2025-10-20 13:04:08.500000+00:00,,20251020-001.gpx
47.6086291,19.1469729,136.94,2025-10-20 13:04:08.700000+00:00,,20251020-001.gpx
47.608629,19.1469729,136.94,2025-10-20 13:04:08.901000+00:00,,20251020-001.gpx
47.608629,19.1469729,136.94,2025-10-20 13:04:09.021000+00:00,,20251020-001.gpx
47.608629,19.1469729,136.94,2025-10-20 13:04:09.021000+00:00,,20251020-001.gpx
47.608629,19.1469729,136.94,2025-10-20 13:04:09.021000+00:00,,20251020-001.gpx
47.608629,19.1469729,136.94,2025-10-20 13:04:09.021000+00:00,,20251020-001.gpx
47.608629,19.1469729,136.94,2025-10-20 13:04:09.021000+00:00,,20251020-001.gpx
47.608629,19.1469729,136.94,2025-10-20 13:04:09.021000+00:00,,20251020-001.gpx
47.608629,19.1469729,136.94,2025-10-20 13:04:09.021000+00:00,,20251020-001.gpx
47.608629,19.1469729,136.94,2025-10-20 13:04:09.021000+00:00,,20251020-001.gpx
47.608629,19.1469729,136.94,2025-10-20 13:04:09.021000+00:00,,20251020-001.gpx
47.608629,19.1469729,136.94,2025-10-20 13:04:09.021000+00:00,,20251020-001.gpx
47.608629,19.1469729,136.94,2025-10-20 13:04:09.021000+00:00,,20251020-001.gpx
47.608629,19.1469729,136.94,2025-10-20 13:04:09.021000+00:00,,20251020-001.gpx
47.608629,19.1469729,136.94,2025-10-20 13:04:09.021000+00:00,,20251020-001.gpx
47.608629,19.1469729,136.94,2025-10-20 13:04:09.021000+00:00,,20251020-001.gpx
47.608629,19.1469729,136.94,2025-10-20 13:04:09.021000+00:00,,20251020-001.gpx
47.608629,19.1469729,136.94,2025-10-20 13:04:09.021000+00:00,,20251020-001.gpx
47.608629,19.1469729,136.94,2025-10-20 13:04:09.021000+00:00,,20251020-001.gpx
47.608629,19.1469729,136.94,2025-10-20 13:04:09.021000+00:00,,20251020-001.gpx
47.608629,19.1469729,136.94,2025-10-20 13:04:09.021000+00:00,,20251020-001.gpx
47.608629,19.1469729,136.94,2025-10-20 13:04:09.021000+00:00,,20251020-001.gpx
47.608629,19.1469729,136.94,2025-10-20 13:04:09.021000+00:00,,20251020-001.gpx
47.608629,19.1469729,136.94,2025-10-20 13:04:09.021000+00:00,,20251020-001.gpx
47.608629,19.1469729,136.94,2025-10-20 13:04:09.021000+00:00,,20251020-001.gpx
47.608629,19.1469729,136.94,2025-10-20 13:04:09.021000+00:00,,20251020-001.gpx
47.608629,19.1469729,136.94,2025-10-20 13:04:09.021000+00:00,,20251020-001.gpx
47.608629,19.1469729,136.94,2025-10-20 13:04:09.021000+00:00,,20251020-001.gpx
47.608629,19.1469729,136.94,2025-10-20 13:04:09.021000+00:00,,20251020-001.gpx
47.608629,19.1469729,136.94,2025-10-20 13:04:09.021000+00:00,,20251020-001.gpx
47.608629,19.1469729,136.94,2025-10-20 13:04:09.021000+00:00,,20251020-001.gpx
47.608629,19.1469729,136.94,2025-10-20 13:04:09.021000+00:00,,20251020-001.gpx
47.608629,19.1469729,136.94,2025-10-20 13:04:09.021000+00:00,,20251020-001.gpx
47.608629,19.1469729,136.94,2025-10-20 13:04:09.021000+00:00,,20251020-001.gpx
47.608629,19.1469729,136.94,2025-10-20 13:04:09.021000+00:00,,20251020-001.gpx
47.608629,19.1469729,136.94,2025-10-20 13:04:09.021000+00:00,,20251020-001.gpx
47.608629,19.1469729,136.94,2025-10-20 13:04:09.021000+00:00,,20251020-001.gpx
47.608629,19.1469729,136.94,2025-10-20 13:04:09.021000+00:00,,20251020-001.gpx
47.608629,19.1469729,136.94,2025-10-20 13:04:09.021000+00:00,,20251020-001.gpx
47.608629,19.1469729,136.94,2025-10-20 13:04:09.021000+00:00,,20251020-001.gpx
47.608629,19.1469729,136.94,2025-10-20 13:04:09.021000+00:00,,20251020-001.gpx
47.608629,19.1469729,136.94,2025-10-20 13:04:09.021000+00:00,,20251020-001.gpx
47.608629,19.1469729,136.94,2025-10-20 13:04:09.021000+00:00,,20251020-001.gpx
47.608629,19.1469729,136.94,2025-10-20 13:04:09.021000+00:00,,20251020-001.gpx
47.608629,19.1469729,136.94,2025-10-20 13:04:09.021000+00:00,,20251020-001.gpx
47.608629,19.1469729,136.94,2025-10-20 13:04:09.021000+00:00,,20251020-001.gpx
47.608629,19.1469729,136.94,2025-10-20 13:04:09.021000+00:00,,20251020-001.gpx
47.608629,19.1469729,136.94,2025-10-20 13:04:09.021000+00:00,,20251020-001.gpx
47.608629,19.1469729,136.94,2025-10-20 13:04:09.021000+00:00,,20251020-001.gpx
47.608629,19.1469729,136.94,2025-10-20 13:04:09.021000+00:00,,20251020-001.gpx
47.608629,19.1469729,136.94,2025-10-20 13:04:09.021000+00:00,,20251020-001.gpx
47.608629,19.1469729,136.94,2025-10-20 13:04:09.021000+00:00,,20251020-001.gpx
47.6086286,19.1469711,136.07,2025-10-20 13:04:19.102000+00:00,,20251020-001.gpx
47.6086286,19.1469711,137.77,2025-10-20 13:04:19.305000+00:00,,20251020-001.gpx
47.6086286,19.1469711,137.88,2025-10-20 13:04:19.506000+00:00,,20251020-001.gpx
47.6086286,19.1469711,137.69,2025-10-20 13:04:19.707000+00:00,,20251020-001.gpx
47.6086287,19.1469711,137.68,2025-10-20 13:04:19.906000+00:00,,20251020-001.gpx
47.6086286,19.1469711,137.66,2025-10-20 13:04:20.107000+00:00,,20251020-001.gpx
47.6086286,19.1469711,137.0,2025-10-20 13:04:20.308000+00:00,,20251020-001.gpx
47.6086285,19.1469713,137.0,2025-10-20 13:04:20.508000+00:00,,20251020-001.gpx
47.6086283,19.1469719,137.0,2025-10-20 13:04:20.708000+00:00,,20251020-001.gpx
47.6086283,19.1469722,137.0,2025-10-20 13:04:20.909000+00:00,,20251020-001.gpx
47.6086283,19.1469723,137.0,2025-10-20 13:04:21.110000+00:00,,20251020-001.gpx
47.6086283,19.1469724,137.0,2025-10-20 13:04:21.311000+00:00,,20251020-001.gpx
47.6086282,19.1469724,137.0,2025-10-20 13:04:21.511000+00:00,,20251020-001.gpx
47.6086282,19.1469724,137.0,2025-10-20 13:04:21.712000+00:00,,20251020-001.gpx
47.6086282,19.1469724,137.01,2025-10-20 13:04:21.892000+00:00,,20251020-001.gpx
47.6086282,19.1469725,137.02,2025-10-20 13:04:22.093000+00:00,,20251020-001.gpx
47.6086282,19.1469725,137.02,2025-10-20 13:04:22.300000+00:00,,20251020-001.gpx
47.6086282,19.1469725,137.03,2025-10-20 13:04:22.500000+00:00,,20251020-001.gpx
47.6086282,19.1469725,137.03,2025-10-20 13:04:22.700000+00:00,,20251020-001.gpx
47.6086282,19.1469725,137.04,2025-10-20 13:04:22.901000+00:00,,20251020-001.gpx
47.6086282,19.1469725,137.04,2025-10-20 13:04:23.102000+00:00,,20251020-001.gpx
47.6086282,19.1469724,137.04,2025-10-20 13:04:23.310000+00:00,,20251020-001.gpx
47.6086282,19.1469724,137.04,2025-10-20 13:04:23.510000+00:00,,20251020-001.gpx
47.6086282,19.1469723,137.05,2025-10-20 13:04:23.710000+00:00,,20251020-001.gpx
47.6086282,19.1469723,137.05,2025-10-20 13:04:23.911000+00:00,,20251020-001.gpx
47.6086282,19.1469723,137.05,2025-10-20 13:04:24.112000+00:00,,20251020-001.gpx
47.6086282,19.1469723,137.06,2025-10-20 13:04:24.313000+00:00,,20251020-001.gpx
47.6086282,19.1469723,137.06,2025-10-20 13:04:24.513000+00:00,,20251020-001.gpx
47.6086282,19.1469723,137.06,2025-10-20 13:04:24.714000+00:00,,20251020-001.gpx
47.6086282,19.1469723,137.06,2025-10-20 13:04:24.915000+00:00,,20251020-001.gpx
47.6086282,19.1469722,137.06,2025-10-20 13:04:25.116000+00:00,,20251020-001.gpx
47.6086282,19.1469722,137.06,2025-10-20 13:04:25.317000+00:00,,20251020-001.gpx
47.6086282,19.1469722,137.07,2025-10-20 13:04:25.517000+00:00,,20251020-001.gpx
47.6086283,19.1469721,137.07,2025-10-20 13:04:25.717000+00:00,,20251020-001.gpx
47.6086283,19.1469721,137.07,2025-10-20 13:04:25.918000+00:00,,20251020-001.gpx
47.6086283,19.1469721,137.07,2025-10-20 13:04:26.118000+00:00,,20251020-001.gpx
47.6086284,19.1469721,137.07,2025-10-20 13:04:26.320000+00:00,,20251020-001.gpx
47.6086284,19.1469721,137.07,2025-10-20 13:04:26.521000+00:00,,20251020-001.gpx
47.6086285,19.1469722,137.08,2025-10-20 13:04:26.741000+00:00,,20251020-001.gpx
47.6086285,19.1469722,137.08,2025-10-20 13:04:26.923000+00:00,,20251020-001.gpx
47.6086286,19.1469722,137.09,2025-10-20 13:04:27.123000+00:00,,20251020-001.gpx
47.6086286,19.1469723,137.09,2025-10-20 13:04:27.324000+00:00,,20251020-001.gpx
47.6086286,19.1469723,137.1,2025-10-20 13:04:27.524000+00:00,,20251020-001.gpx
47.6086286,19.1469723,137.1,2025-10-20 13:04:27.724000+00:00,,20251020-001.gpx
47.6086286,19.1469723,137.11,2025-10-20 13:04:27.925000+00:00,,20251020-001.gpx
47.6086286,19.1469723,137.11,2025-10-20 13:04:28.126000+00:00,,20251020-001.gpx
47.6086286,19.1469723,137.12,2025-10-20 13:04:28.331000+00:00,,20251020-001.gpx
47.6086286,19.1469723,137.12,2025-10-20 13:04:28.532000+00:00,,20251020-001.gpx
47.6086286,19.1469722,137.13,2025-10-20 13:04:28.733000+00:00,,20251020-001.gpx
47.6086286,19.1469722,137.13,2025-10-20 13:04:28.935000+00:00,,20251020-001.gpx
47.6086286,19.1469722,137.14,2025-10-20 13:04:29.137000+00:00,,20251020-001.gpx
47.6086286,19.1469722,137.14,2025-10-20 13:04:29.338000+00:00,,20251020-001.gpx
47.6086286,19.1469721,137.14,2025-10-20 13:04:29.538000+00:00,,20251020-001.gpx
47.6086286,19.1469721,137.14,2025-10-20 13:04:29.739000+00:00,,20251020-001.gpx
47.6086286,19.1469721,137.15,2025-10-20 13:04:29.942000+00:00,,20251020-001.gpx
47.6086287,19.1469721,137.15,2025-10-20 13:04:30.144000+00:00,,20251020-001.gpx
47.6086287,19.1469722,137.15,2025-10-20 13:04:30.346000+00:00,,20251020-001.gpx
47.6086286,19.1469722,137.15,2025-10-20 13:04:30.547000+00:00,,20251020-001.gpx
47.6086286,19.1469722,137.15,2025-10-20 13:04:30.748000+00:00,,20251020-001.gpx
47.6086286,19.1469722,137.15,2025-10-20 13:04:30.949000+00:00,,20251020-001.gpx
47.6086286,19.1469722,137.15,2025-10-20 13:04:31.172000+00:00,,20251020-001.gpx
47.6086286,19.1469722,137.16,2025-10-20 13:04:31.356000+00:00,,20251020-001.gpx
47.6086286,19.1469721,137.16,2025-10-20 13:04:31.558000+00:00,,20251020-001.gpx
47.6086286,19.146972,137.16,2025-10-20 13:04:31.758000+00:00,,20251020-001.gpx
47.6086285,19.146972,137.17,2025-10-20 13:04:31.959000+00:00,,20251020-001.gpx
47.6086285,19.146972,137.17,2025-10-20 13:04:32.159000+00:00,,20251020-001.gpx
47.6086285,19.146972,137.17,2025-10-20 13:04:32.344000+00:00,,20251020-001.gpx
47.6086285,19.146972,137.17,2025-10-20 13:04:32.545000+00:00,,20251020-001.gpx
47.6086285,19.146972,137.17,2025-10-20 13:04:32.744000+00:00,,20251020-001.gpx
47.6086285,19.146972,137.18,2025-10-20 13:04:32.945000+00:00,,20251020-001.gpx
47.6086285,19.146972,137.18,2025-10-20 13:04:33.147000+00:00,,20251020-001.gpx
47.6086285,19.146972,137.18,2025-10-20 13:04:33.347000+00:00,,20251020-001.gpx
47.6086285,19.146972,137.18,2025-10-20 13:04:33.568000+00:00,,20251020-001.gpx
47.6086285,19.146972,137.18,2025-10-20 13:04:33.747000+00:00,,20251020-001.gpx
47.6086284,19.146972,137.18,2025-10-20 13:04:33.948000+00:00,,20251020-001.gpx
47.6086284,19.146972,137.18,2025-10-20 13:04:34.149000+00:00,,20251020-001.gpx
47.6086284,19.146972,137.19,2025-10-20 13:04:34.351000+00:00,,20251020-001.gpx
47.6086285,19.146972,137.19,2025-10-20 13:04:34.551000+00:00,,20251020-001.gpx
47.6086285,19.1469721,137.19,2025-10-20 13:04:34.751000+00:00,,20251020-001.gpx
47.6086285,19.1469721,137.19,2025-10-20 13:04:34.971000+00:00,,20251020-001.gpx
47.6086285,19.1469721,137.2,2025-10-20 13:04:35.172000+00:00,,20251020-001.gpx
47.6086285,19.1469721,137.2,2025-10-20 13:04:35.353000+00:00,,20251020-001.gpx
47.6086285,19.1469721,137.2,2025-10-20 13:04:35.553000+00:00,,20251020-001.gpx
47.6086285,19.1469721,137.21,2025-10-20 13:04:35.753000+00:00,,20251020-001.gpx
47.6086285,19.1469721,137.21,2025-10-20 13:04:35.953000+00:00,,20251020-001.gpx
47.6086285,19.1469722,137.21,2025-10-20 13:04:36.155000+00:00,,20251020-001.gpx
47.6086285,19.1469721,137.21,2025-10-20 13:04:36.357000+00:00,,20251020-001.gpx
47.6086285,19.1469721,137.22,2025-10-20 13:04:36.557000+00:00,,20251020-001.gpx
47.6086284,19.1469721,137.22,2025-10-20 13:04:36.757000+00:00,,20251020-001.gpx
47.6086284,19.146972,137.22,2025-10-20 13:04:36.957000+00:00,,20251020-001.gpx
47.6086284,19.146972,137.23,2025-10-20 13:04:37.159000+00:00,,20251020-001.gpx
47.6086284,19.146972,137.23,2025-10-20 13:04:37.360000+00:00,,20251020-001.gpx
47.6086284,19.146972,137.23,2025-10-20 13:04:37.560000+00:00,,20251020-001.gpx
47.6086284,19.1469721,137.24,2025-10-20 13:04:37.761000+00:00,,20251020-001.gpx
47.6086284,19.1469721,137.24,2025-10-20 13:04:37.961000+00:00,,20251020-001.gpx
47.6086284,19.1469721,137.24,2025-10-20 13:04:38.165000+00:00,,20251020-001.gpx
47.6086284,19.1469721,137.25,2025-10-20 13:04:38.366000+00:00,,20251020-001.gpx
47.6086284,19.1469721,137.25,2025-10-20 13:04:38.566000+00:00,,20251020-001.gpx
47.6086284,19.1469721,137.26,2025-10-20 13:04:38.766000+00:00,,20251020-001.gpx
47.6086284,19.1469721,137.27,2025-10-20 13:04:38.967000+00:00,,20251020-001.gpx
47.6086284,19.1469721,137.27,2025-10-20 13:04:39.170000+00:00,,20251020-001.gpx
47.6086284,19.1469722,137.28,2025-10-20 13:04:39.372000+00:00,,20251020-001.gpx
47.6086285,19.1469722,137.28,2025-10-20 13:04:39.572000+00:00,,20251020-001.gpx
47.6086285,19.1469721,137.28,2025-10-20 13:04:39.774000+00:00,,20251020-001.gpx
47.6086285,19.1469721,137.29,2025-10-20 13:04:39.976000+00:00,,20251020-001.gpx
47.6086285,19.1469721,137.3,2025-10-20 13:04:40.176000+00:00,,20251020-001.gpx
47.6086285,19.1469721,137.3,2025-10-20 13:04:40.377000+00:00,,20251020-001.gpx
47.6086285,19.1469721,137.31,2025-10-20 13:04:40.578000+00:00,,20251020-001.gpx
47.6086285,19.1469721,137.31,2025-10-20 13:04:40.778000+00:00,,20251020-001.gpx
47.6086286,19.1469721,137.31,2025-10-20 13:04:40.978000+00:00,,20251020-001.gpx
47.6086286,19.1469722,137.31,2025-10-20 13:04:41.179000+00:00,,20251020-001.gpx
47.6086286,19.1469721,137.31,2025-10-20 13:04:41.383000+00:00,,20251020-001.gpx
47.6086286,19.1469721,137.32,2025-10-20 13:04:41.583000+00:00,,20251020-001.gpx
47.6086287,19.1469721,137.32,2025-10-20 13:04:41.784000+00:00,,20251020-001.gpx
47.6086287,19.1469721,137.32,2025-10-20 13:04:41.986000+00:00,,20251020-001.gpx
47.6086287,19.1469721,137.32,2025-10-20 13:04:42.189000+00:00,,20251020-001.gpx
47.6086287,19.1469721,137.32,2025-10-20 13:04:42.370000+00:00,,20251020-001.gpx
47.6086287,19.1469721,137.32,2025-10-20 13:04:42.570000+00:00,,20251020-001.gpx
47.6086287,19.1469721,137.32,2025-10-20 13:04:42.771000+00:00,,20251020-001.gpx
47.6086287,19.146972,137.32,2025-10-20 13:04:42.972000+00:00,,20251020-001.gpx
47.6086288,19.146972,137.32,2025-10-20 13:04:43.176000+00:00,,20251020-001.gpx
47.6086288,19.146972,137.32,2025-10-20 13:04:43.384000+00:00,,20251020-001.gpx
47.6086288,19.146972,137.32,2025-10-20 13:04:43.585000+00:00,,20251020-001.gpx
47.6086287,19.1469721,137.32,2025-10-20 13:04:43.786000+00:00,,20251020-001.gpx
47.6086287,19.1469721,137.32,2025-10-20 13:04:43.986000+00:00,,20251020-001.gpx
47.6086287,19.1469721,137.32,2025-10-20 13:04:44.188000+00:00,,20251020-001.gpx
47.6086287,19.1469721,137.32,2025-10-20 13:04:44.389000+00:00,,20251020-001.gpx
47.6086286,19.1469721,137.32,2025-10-20 13:04:44.590000+00:00,,20251020-001.gpx
47.6086286,19.1469721,137.32,2025-10-20 13:04:44.791000+00:00,,20251020-001.gpx
47.6086285,19.1469721,137.32,2025-10-20 13:04:44.991000+00:00,,20251020-001.gpx
47.6086285,19.1469721,137.33,2025-10-20 13:04:45.194000+00:00,,20251020-001.gpx
47.6086285,19.146972,137.33,2025-10-20 13:04:45.396000+00:00,,20251020-001.gpx
47.6086284,19.146972,137.33,2025-10-20 13:04:45.597000+00:00,,20251020-001.gpx
47.6086284,19.146972,137.33,2025-10-20 13:04:45.797000+00:00,,20251020-001.gpx
47.6086285,19.146972,137.32,2025-10-20 13:04:45.997000+00:00,,20251020-001.gpx
47.6086285,19.1469721,137.32,2025-10-20 13:04:46.198000+00:00,,20251020-001.gpx
47.6086285,19.1469721,137.32,2025-10-20 13:04:46.399000+00:00,,20251020-001.gpx
47.6086285,19.146972,137.32,2025-10-20 13:04:46.599000+00:00,,20251020-001.gpx
47.6086285,19.146972,137.33,2025-10-20 13:04:46.800000+00:00,,20251020-001.gpx
47.6086284,19.146972,137.33,2025-10-20 13:04:47.001000+00:00,,20251020-001.gpx
47.6086284,19.146972,137.34,2025-10-20 13:04:47.202000+00:00,,20251020-001.gpx
47.6086284,19.146972,137.34,2025-10-20 13:04:47.402000+00:00,,20251020-001.gpx
47.6086284,19.146972,137.35,2025-10-20 13:04:47.602000+00:00,,20251020-001.gpx
47.6086284,19.146972,137.35,2025-10-20 13:04:47.803000+00:00,,20251020-001.gpx
47.6086283,19.1469719,137.35,2025-10-20 13:04:48.003000+00:00,,20251020-001.gpx
47.6086283,19.1469719,137.35,2025-10-20 13:04:48.203000+00:00,,20251020-001.gpx
47.6086283,19.1469719,137.35,2025-10-20 13:04:48.404000+00:00,,20251020-001.gpx
47.6086283,19.1469719,137.35,2025-10-20 13:04:48.604000+00:00,,20251020-001.gpx
47.6086283,19.1469719,137.35,2025-10-20 13:04:48.805000+00:00,,20251020-001.gpx
47.6086283,19.1469719,137.36,2025-10-20 13:04:49.007000+00:00,,20251020-001.gpx
47.6086283,19.1469719,137.36,2025-10-20 13:04:49.208000+00:00,,20251020-001.gpx
47.6086283,19.146972,137.36,2025-10-20 13:04:49.407000+00:00,,20251020-001.gpx
47.6086284,19.146972,137.36,2025-10-20 13:04:49.608000+00:00,,20251020-001.gpx
47.6086284,19.146972,137.36,2025-10-20 13:04:49.808000+00:00,,20251020-001.gpx
47.6086284,19.146972,137.37,2025-10-20 13:04:50.008000+00:00,,20251020-001.gpx
47.6086283,19.146972,137.37,2025-10-20 13:04:50.210000+00:00,,20251020-001.gpx
47.6086283,19.146972,137.37,2025-10-20 13:04:50.409000+00:00,,20251020-001.gpx
47.6086283,19.146972,137.38,2025-10-20 13:04:50.609000+00:00,,20251020-001.gpx
47.6086283,19.146972,137.38,2025-10-20 13:04:50.810000+00:00,,20251020-001.gpx
47.6086283,19.146972,137.38,2025-10-20 13:04:51.010000+00:00,,20251020-001.gpx
47.6086283,19.1469721,137.38,2025-10-20 13:04:51.212000+00:00,,20251020-001.gpx
47.6086283,19.146972,137.38,2025-10-20 13:04:51.412000+00:00,,20251020-001.gpx
47.6086283,19.146972,137.37,2025-10-20 13:04:51.612000+00:00,,20251020-001.gpx
47.6086283,19.146972,137.38,2025-10-20 13:04:51.812000+00:00,,20251020-001.gpx
47.6086283,19.1469719,137.38,2025-10-20 13:04:52.013000+00:00,,20251020-001.gpx
47.6086283,19.1469718,137.38,2025-10-20 13:04:52.216000+00:00,,20251020-001.gpx
47.6086283,19.1469718,137.38,2025-10-20 13:04:52.417000+00:00,,20251020-001.gpx
47.6086284,19.1469718,137.38,2025-10-20 13:04:52.617000+00:00,,20251020-001.gpx
47.6086284,19.1469718,137.38,2025-10-20 13:04:52.818000+00:00,,20251020-001.gpx
47.6086284,19.1469719,137.38,2025-10-20 13:04:53.018000+00:00,,20251020-001.gpx
47.6086284,19.1469719,137.39,2025-10-20 13:04:53.219000+00:00,,20251020-001.gpx
47.6086285,19.1469719,137.39,2025-10-20 13:04:53.421000+00:00,,20251020-001.gpx
47.6086285,19.1469719,137.39,2025-10-20 13:04:53.621000+00:00,,20251020-001.gpx
47.6086285,19.1469719,137.39,2025-10-20 13:04:53.821000+00:00,,20251020-001.gpx
47.6086285,19.1469719,137.39,2025-10-20 13:04:54.021000+00:00,,20251020-001.gpx
47.6086285,19.1469719,137.4,2025-10-20 13:04:54.225000+00:00,,20251020-001.gpx
47.6086284,19.1469719,137.41,2025-10-20 13:04:54.425000+00:00,,20251020-001.gpx
47.6086284,19.1469719,137.41,2025-10-20 13:04:54.625000+00:00,,20251020-001.gpx
47.6086284,19.1469719,137.41,2025-10-20 13:04:54.825000+00:00,,20251020-001.gpx
47.6086284,19.1469719,137.41,2025-10-20 13:04:55.025000+00:00,,20251020-001.gpx
47.6086285,19.1469719,137.41,2025-10-20 13:04:55.226000+00:00,,20251020-001.gpx
47.6086285,19.1469719,137.41,2025-10-20 13:04:55.425000+00:00,,20251020-001.gpx
47.6086285,19.1469719,137.41,2025-10-20 13:04:55.626000+00:00,,20251020-001.gpx
47.6086285,19.1469719,137.41,2025-10-20 13:04:55.827000+00:00,,20251020-001.gpx
47.6086286,19.1469719,137.41,2025-10-20 13:04:56.028000+00:00,,20251020-001.gpx
47.6086286,19.1469719,137.41,2025-10-20 13:04:56.231000+00:00,,20251020-001.gpx
47.6086286,19.1469719,137.41,2025-10-20 13:04:56.431000+00:00,,20251020-001.gpx
47.6086286,19.1469719,137.41,2025-10-20 13:04:56.632000+00:00,,20251020-001.gpx
47.6086286,19.1469719,137.41,2025-10-20 13:04:56.831000+00:00,,20251020-001.gpx
47.6086286,19.146972,137.41,2025-10-20 13:04:57.031000+00:00,,20251020-001.gpx
47.6086286,19.146972,137.41,2025-10-20 13:04:57.235000+00:00,,20251020-001.gpx
47.6086285,19.146972,137.41,2025-10-20 13:04:57.434000+00:00,,20251020-001.gpx
47.6086285,19.146972,137.41,2025-10-20 13:04:57.635000+00:00,,20251020-001.gpx
47.6086285,19.146972,137.41,2025-10-20 13:04:57.836000+00:00,,20251020-001.gpx
47.6086284,19.146972,137.41,2025-10-20 13:04:58.036000+00:00,,20251020-001.gpx
47.6086284,19.1469721,137.42,2025-10-20 13:04:58.242000+00:00,,20251020-001.gpx
47.6086283,19.1469721,137.43,2025-10-20 13:04:58.443000+00:00,,20251020-001.gpx
47.6086283,19.1469721,137.43,2025-10-20 13:04:58.643000+00:00,,20251020-001.gpx
47.6086283,19.1469721,137.43,2025-10-20 13:04:58.843000+00:00,,20251020-001.gpx
47.6086283,19.1469721,137.43,2025-10-20 13:04:59.043000+00:00,,20251020-001.gpx
47.6086283,19.1469721,137.43,2025-10-20 13:04:59.244000+00:00,,20251020-001.gpx
47.6086284,19.1469721,137.44,2025-10-20 13:04:59.445000+00:00,,20251020-001.gpx
47.6086284,19.1469721,137.43,2025-10-20 13:04:59.646000+00:00,,20251020-001.gpx
47.6086284,19.1469721,137.43,2025-10-20 13:04:59.846000+00:00,,20251020-001.gpx
47.6086285,19.1469721,137.43,2025-10-20 13:05:00.046000+00:00,,20251020-001.gpx
47.6086285,19.1469721,137.44,2025-10-20 13:05:00.247000+00:00,,20251020-001.gpx
47.6086285,19.146972,137.44,2025-10-20 13:05:00.449000+00:00,,20251020-001.gpx
47.6086285,19.146972,137.44,2025-10-20 13:05:00.649000+00:00,,20251020-001.gpx
47.6086285,19.146972,137.43,2025-10-20 13:05:00.850000+00:00,,20251020-001.gpx
47.6086285,19.146972,137.44,2025-10-20 13:05:01.050000+00:00,,20251020-001.gpx
47.6086284,19.146972,137.44,2025-10-20 13:05:01.250000+00:00,,20251020-001.gpx
47.6086283,19.146972,137.44,2025-10-20 13:05:01.452000+00:00,,20251020-001.gpx
47.6086283,19.146972,137.44,2025-10-20 13:05:01.653000+00:00,,20251020-001.gpx
47.6086283,19.146972,137.44,2025-10-20 13:05:01.853000+00:00,,20251020-001.gpx
47.6086283,19.146972,137.44,2025-10-20 13:05:02.053000+00:00,,20251020-001.gpx
47.6086283,19.146972,137.44,2025-10-20 13:05:02.254000+00:00,,20251020-001.gpx
47.6086282,19.1469721,137.45,2025-10-20 13:05:02.454000+00:00,,20251020-001.gpx
47.6086283,19.1469721,137.45,2025-10-20 13:05:02.655000+00:00,,20251020-001.gpx
47.6086283,19.1469722,137.45,2025-10-20 13:05:02.855000+00:00,,20251020-001.gpx
47.6086282,19.1469722,137.45,2025-10-20 13:05:03.055000+00:00,,20251020-001.gpx
47.6086282,19.1469722,137.45,2025-10-20 13:05:03.256000+00:00,,20251020-001.gpx
47.6086282,19.1469722,137.46,2025-10-20 13:05:03.456000+00:00,,20251020-001.gpx
47.6086283,19.1469722,137.46,2025-10-20 13:05:03.656000+00:00,,20251020-001.gpx
47.6086283,19.1469722,137.45,2025-10-20 13:05:03.856000+00:00,,20251020-001.gpx
47.6086283,19.1469722,137.45,2025-10-20 13:05:04.056000+00:00,,20251020-001.gpx
47.6086283,19.1469722,137.46,2025-10-20 13:05:04.257000+00:00,,20251020-001.gpx
47.6086283,19.1469722,137.46,2025-10-20 13:05:04.458000+00:00,,20251020-001.gpx
47.6086284,19.1469722,137.45,2025-10-20 13:05:04.658000+00:00,,20251020-001.gpx
47.6086285,19.1469722,137.45,2025-10-20 13:05:04.858000+00:00,,20251020-001.gpx
47.6086285,19.1469722,137.44,2025-10-20 13:05:05.059000+00:00,,20251020-001.gpx
47.6086286,19.1469722,137.45,2025-10-20 13:05:05.260000+00:00,,20251020-001.gpx
47.6086287,19.1469722,137.45,2025-10-20 13:05:05.460000+00:00,,20251020-001.gpx
47.6086287,19.1469722,137.44,2025-10-20 13:05:05.661000+00:00,,20251020-001.gpx
47.6086287,19.1469722,137.44,2025-10-20 13:05:05.861000+00:00,,20251020-001.gpx
47.6086287,19.1469722,137.44,2025-10-20 13:05:06.061000+00:00,,20251020-001.gpx
47.6086287,19.1469722,137.44,2025-10-20 13:05:06.262000+00:00,,20251020-001.gpx
47.6086287,19.1469723,137.44,2025-10-20 13:05:06.462000+00:00,,20251020-001.gpx
47.6086288,19.1469723,137.43,2025-10-20 13:05:06.662000+00:00,,20251020-001.gpx
47.6086288,19.1469723,137.43,2025-10-20 13:05:06.862000+00:00,,20251020-001.gpx
47.6086289,19.1469724,137.43,2025-10-20 13:05:07.063000+00:00,,20251020-001.gpx
47.6086289,19.1469723,137.43,2025-10-20 13:05:07.270000+00:00,,20251020-001.gpx
47.6086288,19.1469723,137.44,2025-10-20 13:05:07.471000+00:00,,20251020-001.gpx
47.6086288,19.1469723,137.44,2025-10-20 13:05:07.671000+00:00,,20251020-001.gpx
47.6086288,19.1469722,137.44,2025-10-20 13:05:07.871000+00:00,,20251020-001.gpx
47.6086287,19.1469722,137.44,2025-10-20 13:05:08.071000+00:00,,20251020-001.gpx
47.6086287,19.1469721,137.44,2025-10-20 13:05:08.254000+00:00,,20251020-001.gpx
47.6086287,19.1469721,137.44,2025-10-20 13:05:08.454000+00:00,,20251020-001.gpx
47.6086287,19.1469721,137.44,2025-10-20 13:05:08.654000+00:00,,20251020-001.gpx
47.6086287,19.146972,137.44,2025-10-20 13:05:08.854000+00:00,,20251020-001.gpx
47.6086286,19.146972,137.44,2025-10-20 13:05:09.055000+00:00,,20251020-001.gpx
47.6086286,19.146972,137.44,2025-10-20 13:05:09.256000+00:00,,20251020-001.gpx
47.6086285,19.1469719,137.45,2025-10-20 13:05:09.456000+00:00,,20251020-001.gpx
47.6086285,19.1469719,137.45,2025-10-20 13:05:09.656000+00:00,,20251020-001.gpx
47.6086285,19.1469719,137.45,2025-10-20 13:05:09.856000+00:00,,20251020-001.gpx
47.6086285,19.1469719,137.46,2025-10-20 13:05:10.056000+00:00,,20251020-001.gpx
47.6086285,19.1469719,137.46,2025-10-20 13:05:10.257000+00:00,,20251020-001.gpx
47.6086285,19.146972,137.46,2025-10-20 13:05:10.457000+00:00,,20251020-001.gpx
47.6086285,19.146972,137.46,2025-10-20 13:05:10.657000+00:00,,20251020-001.gpx
47.6086285,19.146972,137.47,2025-10-20 13:05:10.857000+00:00,,20251020-001.gpx
47.6086285,19.146972,137.47,2025-10-20 13:05:11.056000+00:00,,20251020-001.gpx
47.6086285,19.1469719,137.47,2025-10-20 13:05:11.257000+00:00,,20251020-001.gpx
47.6086285,19.1469719,137.47,2025-10-20 13:05:11.457000+00:00,,20251020-001.gpx
47.6086284,19.1469719,137.47,2025-10-20 13:05:11.657000+00:00,,20251020-001.gpx
47.6086285,19.1469719,137.47,2025-10-20 13:05:11.858000+00:00,,20251020-001.gpx
47.6086284,19.1469719,137.47,2025-10-20 13:05:12.059000+00:00,,20251020-001.gpx
47.6086284,19.1469719,137.47,2025-10-20 13:05:12.283000+00:00,,20251020-001.gpx
47.6086284,19.146972,137.47,2025-10-20 13:05:12.463000+00:00,,20251020-001.gpx
47.6086284,19.146972,137.47,2025-10-20 13:05:12.664000+00:00,,20251020-001.gpx
47.6086284,19.1469721,137.47,2025-10-20 13:05:12.864000+00:00,,20251020-001.gpx
47.6086285,19.1469721,137.47,2025-10-20 13:05:13.064000+00:00,,20251020-001.gpx
47.6086285,19.1469721,137.47,2025-10-20 13:05:13.274000+00:00,,20251020-001.gpx
47.6086285,19.1469722,137.47,2025-10-20 13:05:13.473000+00:00,,20251020-001.gpx
47.6086285,19.1469723,137.48,2025-10-20 13:05:13.673000+00:00,,20251020-001.gpx
47.6086285,19.1469723,137.47,2025-10-20 13:05:13.873000+00:00,,20251020-001.gpx
47.6086285,19.1469723,137.47,2025-10-20 13:05:14.074000+00:00,,20251020-001.gpx
47.6086285,19.1469723,137.48,2025-10-20 13:05:14.277000+00:00,,20251020-001.gpx
47.6086285,19.1469723,137.48,2025-10-20 13:05:14.478000+00:00,,20251020-001.gpx
47.6086285,19.1469723,137.48,2025-10-20 13:05:14.678000+00:00,,20251020-001.gpx
47.6086285,19.1469723,137.48,2025-10-20 13:05:14.879000+00:00,,20251020-001.gpx
47.6086285,19.1469723,137.48,2025-10-20 13:05:15.081000+00:00,,20251020-001.gpx
47.6086285,19.1469722,137.48,2025-10-20 13:05:15.270000+00:00,,20251020-001.gpx
47.6086285,19.1469722,137.48,2025-10-20 13:05:15.470000+00:00,,20251020-001.gpx
47.6086285,19.1469722,137.48,2025-10-20 13:05:15.671000+00:00,,20251020-001.gpx
47.6086285,19.1469722,137.48,2025-10-20 13:05:15.871000+00:00,,20251020-001.gpx
47.6086285,19.1469722,137.48,2025-10-20 13:05:16.071000+00:00,,20251020-001.gpx
47.6086285,19.1469721,137.48,2025-10-20 13:05:16.276000+00:00,,20251020-001.gpx
47.6086284,19.1469721,137.48,2025-10-20 13:05:16.476000+00:00,,20251020-001.gpx
47.6086284,19.1469721,137.48,2025-10-20 13:05:16.676000+00:00,,20251020-001.gpx
47.6086284,19.1469721,137.48,2025-10-20 13:05:16.876000+00:00,,20251020-001.gpx
47.6086285,19.1469721,137.48,2025-10-20 13:05:17.077000+00:00,,20251020-001.gpx
47.6086285,19.1469721,137.48,2025-10-20 13:05:17.264000+00:00,,20251020-001.gpx
47.6086285,19.146972,137.48,2025-10-20 13:05:17.484000+00:00,,20251020-001.gpx
47.6086285,19.146972,137.48,2025-10-20 13:05:17.665000+00:00,,20251020-001.gpx
47.6086286,19.146972,137.47,2025-10-20 13:05:17.886000+00:00,,20251020-001.gpx
47.6086286,19.146972,137.48,2025-10-20 13:05:18.066000+00:00,,20251020-001.gpx
47.6086286,19.146972,137.48,2025-10-20 13:05:18.287000+00:00,,20251020-001.gpx
47.6086286,19.1469721,137.49,2025-10-20 13:05:18.468000+00:00,,20251020-001.gpx
47.6086286,19.1469721,137.49,2025-10-20 13:05:18.668000+00:00,,20251020-001.gpx
47.6086286,19.1469721,137.49,2025-10-20 13:05:18.889000+00:00,,20251020-001.gpx
47.6086286,19.1469721,137.49,2025-10-20 13:05:19.091000+00:00,,20251020-001.gpx
47.6086286,19.1469721,137.49,2025-10-20 13:05:19.277000+00:00,,20251020-001.gpx
47.6086285,19.146972,137.5,2025-10-20 13:05:19.478000+00:00,,20251020-001.gpx
47.6086285,19.146972,137.5,2025-10-20 13:05:19.678000+00:00,,20251020-001.gpx
47.6086285,19.146972,137.5,2025-10-20 13:05:19.878000+00:00,,20251020-001.gpx
47.6086285,19.146972,137.5,2025-10-20 13:05:20.078000+00:00,,20251020-001.gpx
47.6086285,19.146972,137.51,2025-10-20 13:05:20.287000+00:00,,20251020-001.gpx
47.6086285,19.146972,137.51,2025-10-20 13:05:20.487000+00:00,,20251020-001.gpx
47.6086285,19.146972,137.5,2025-10-20 13:05:20.687000+00:00,,20251020-001.gpx
47.6086286,19.146972,137.5,2025-10-20 13:05:20.866000+00:00,,20251020-001.gpx
47.6086286,19.1469721,137.5,2025-10-20 13:05:21.088000+00:00,,20251020-001.gpx
47.6086286,19.1469721,137.5,2025-10-20 13:05:21.271000+00:00,,20251020-001.gpx
47.6086286,19.1469721,137.51,2025-10-20 13:05:21.471000+00:00,,20251020-001.gpx
47.6086285,19.1469721,137.5,2025-10-20 13:05:21.671000+00:00,,20251020-001.gpx
47.6086285,19.1469722,137.5,2025-10-20 13:05:21.871000+00:00,,20251020-001.gpx
47.6086285,19.1469722,137.5,2025-10-20 13:05:22.072000+00:00,,20251020-001.gpx
47.6086285,19.1469722,137.51,2025-10-20 13:05:22.274000+00:00,,20251020-001.gpx
47.6086286,19.1469722,137.51,2025-10-20 13:05:22.474000+00:00,,20251020-001.gpx
47.6086286,19.1469722,137.51,2025-10-20 13:05:22.674000+00:00,,20251020-001.gpx
47.6086286,19.1469722,137.51,2025-10-20 13:05:22.874000+00:00,,20251020-001.gpx
47.6086286,19.1469723,137.51,2025-10-20 13:05:23.074000+00:00,,20251020-001.gpx
47.6086286,19.1469723,137.51,2025-10-20 13:05:23.285000+00:00,,20251020-001.gpx
47.6086285,19.1469722,137.51,2025-10-20 13:05:23.486000+00:00,,20251020-001.gpx
47.6086285,19.1469722,137.51,2025-10-20 13:05:23.687000+00:00,,20251020-001.gpx
47.6086285,19.1469722,137.51,2025-10-20 13:05:23.888000+00:00,,20251020-001.gpx
47.6086286,19.1469721,137.51,2025-10-20 13:05:24.089000+00:00,,20251020-001.gpx
47.6086286,19.1469721,137.52,2025-10-20 13:05:24.291000+00:00,,20251020-001.gpx
47.6086286,19.1469721,137.52,2025-10-20 13:05:24.491000+00:00,,20251020-001.gpx
47.6086286,19.146972,137.52,2025-10-20 13:05:24.693000+00:00,,20251020-001.gpx
47.6086285,19.146972,137.52,2025-10-20 13:05:24.874000+00:00,,20251020-001.gpx
47.6086285,19.146972,137.52,2025-10-20 13:05:25.075000+00:00,,20251020-001.gpx
47.6086285,19.146972,137.52,2025-10-20 13:05:25.282000+00:00,,20251020-001.gpx
47.6086285,19.146972,137.52,2025-10-20 13:05:25.481000+00:00,,20251020-001.gpx
47.6086285,19.146972,137.52,2025-10-20 13:05:25.684000+00:00,,20251020-001.gpx
47.6086286,19.1469721,137.52,2025-10-20 13:05:25.883000+00:00,,20251020-001.gpx
47.6086286,19.1469721,137.52,2025-10-20 13:05:26.084000+00:00,,20251020-001.gpx
47.6086286,19.1469721,137.52,2025-10-20 13:05:26.287000+00:00,,20251020-001.gpx
47.6086286,19.1469721,137.52,2025-10-20 13:05:26.487000+00:00,,20251020-001.gpx
47.6086285,19.1469721,137.52,2025-10-20 13:05:26.687000+00:00,,20251020-001.gpx
47.6086285,19.1469721,137.52,2025-10-20 13:05:26.887000+00:00,,20251020-001.gpx
47.6086285,19.1469721,137.51,2025-10-20 13:05:27.087000+00:00,,20251020-001.gpx
47.6086285,19.1469721,137.51,2025-10-20 13:05:27.288000+00:00,,20251020-001.gpx
47.6086285,19.1469721,137.52,2025-10-20 13:05:27.489000+00:00,,20251020-001.gpx
47.6086285,19.1469721,137.52,2025-10-20 13:05:27.690000+00:00,,20251020-001.gpx
47.6086285,19.146972,137.52,2025-10-20 13:05:27.890000+00:00,,20251020-001.gpx
47.6086285,19.146972,137.52,2025-10-20 13:05:28.090000+00:00,,20251020-001.gpx
47.6086285,19.146972,137.52,2025-10-20 13:05:28.293000+00:00,,20251020-001.gpx
47.6086285,19.146972,137.52,2025-10-20 13:05:28.493000+00:00,,20251020-001.gpx
47.6086285,19.146972,137.52,2025-10-20 13:05:28.693000+00:00,,20251020-001.gpx
47.6086285,19.146972,137.52,2025-10-20 13:05:28.893000+00:00,,20251020-001.gpx
47.6086285,19.146972,137.52,2025-10-20 13:05:29.094000+00:00,,20251020-001.gpx
47.6086285,19.146972,137.53,2025-10-20 13:05:29.299000+00:00,,20251020-001.gpx
47.6086285,19.146972,137.53,2025-10-20 13:05:29.499000+00:00,,20251020-001.gpx
47.6086285,19.146972,137.53,2025-10-20 13:05:29.699000+00:00,,20251020-001.gpx
47.6086284,19.146972,137.53,2025-10-20 13:05:29.899000+00:00,,20251020-001.gpx
47.6086284,19.146972,137.53,2025-10-20 13:05:30.099000+00:00,,20251020-001.gpx
47.6086284,19.146972,137.53,2025-10-20 13:05:30.304000+00:00,,20251020-001.gpx
47.6086284,19.146972,137.53,2025-10-20 13:05:30.506000+00:00,,20251020-001.gpx
47.6086284,19.146972,137.53,2025-10-20 13:05:30.706000+00:00,,20251020-001.gpx
47.6086285,19.1469721,137.52,2025-10-20 13:05:30.907000+00:00,,20251020-001.gpx
47.6086285,19.1469721,137.52,2025-10-20 13:05:31.107000+00:00,,20251020-001.gpx
47.6086285,19.1469721,137.52,2025-10-20 13:05:31.313000+00:00,,20251020-001.gpx
47.6086285,19.1469721,137.52,2025-10-20 13:05:31.513000+00:00,,20251020-001.gpx
47.6086286,19.1469721,137.52,2025-10-20 13:05:31.714000+00:00,,20251020-001.gpx
47.6086286,19.1469721,137.52,2025-10-20 13:05:31.915000+00:00,,20251020-001.gpx
47.6086286,19.1469721,137.52,2025-10-20 13:05:32.116000+00:00,,20251020-001.gpx
47.6086286,19.1469721,137.51,2025-10-20 13:05:32.307000+00:00,,20251020-001.gpx
47.6086286,19.1469721,137.52,2025-10-20 13:05:32.510000+00:00,,20251020-001.gpx
47.6086286,19.1469722,137.52,2025-10-20 13:05:32.710000+00:00,,20251020-001.gpx
47.6086286,19.1469722,137.51,2025-10-20 13:05:32.910000+00:00,,20251020-001.gpx
47.6086286,19.1469721,137.52,2025-10-20 13:05:33.110000+00:00,,20251020-001.gpx
47.6086285,19.1469721,137.52,2025-10-20 13:05:33.314000+00:00,,20251020-001.gpx
47.6086285,19.1469721,137.53,2025-10-20 13:05:33.514000+00:00,,20251020-001.gpx
47.6086285,19.146972,137.52,2025-10-20 13:05:33.715000+00:00,,20251020-001.gpx
47.6086285,19.146972,137.53,2025-10-20 13:05:33.915000+00:00,,20251020-001.gpx
47.6086284,19.146972,137.53,2025-10-20 13:05:34.115000+00:00,,20251020-001.gpx
47.6086284,19.146972,137.53,2025-10-20 13:05:34.310000+00:00,,20251020-001.gpx
47.6086284,19.146972,137.53,2025-10-20 13:05:34.510000+00:00,,20251020-001.gpx
47.6086284,19.146972,137.53,2025-10-20 13:05:34.710000+00:00,,20251020-001.gpx
47.6086284,19.1469719,137.53,2025-10-20 13:05:34.912000+00:00,,20251020-001.gpx
47.6086285,19.1469719,137.53,2025-10-20 13:05:35.113000+00:00,,20251020-001.gpx
47.6086285,19.1469719,137.54,2025-10-20 13:05:35.316000+00:00,,20251020-001.gpx
47.6086285,19.1469718,137.54,2025-10-20 13:05:35.517000+00:00,,20251020-001.gpx
47.6086285,19.1469719,137.54,2025-10-20 13:05:35.718000+00:00,,20251020-001.gpx
47.6086285,19.1469719,137.54,2025-10-20 13:05:35.918000+00:00,,20251020-001.gpx
47.6086285,19.1469719,137.54,2025-10-20 13:05:36.120000+00:00,,20251020-001.gpx
47.6086285,19.1469719,137.54,2025-10-20 13:05:36.322000+00:00,,20251020-001.gpx
47.6086285,19.1469719,137.54,2025-10-20 13:05:36.522000+00:00,,20251020-001.gpx
47.6086285,19.1469719,137.54,2025-10-20 13:05:36.723000+00:00,,20251020-001.gpx
47.6086286,19.1469719,137.54,2025-10-20 13:05:36.924000+00:00,,20251020-001.gpx
47.6086286,19.1469719,137.54,2025-10-20 13:05:37.124000+00:00,,20251020-001.gpx
47.6086286,19.146972,137.54,2025-10-20 13:05:37.328000+00:00,,20251020-001.gpx
47.6086286,19.146972,137.55,2025-10-20 13:05:37.532000+00:00,,20251020-001.gpx
47.6086285,19.146972,137.54,2025-10-20 13:05:37.732000+00:00,,20251020-001.gpx
47.6086285,19.146972,137.55,2025-10-20 13:05:37.932000+00:00,,20251020-001.gpx
47.6086286,19.1469721,137.55,2025-10-20 13:05:38.133000+00:00,,20251020-001.gpx
47.6086286,19.1469721,137.55,2025-10-20 13:05:38.319000+00:00,,20251020-001.gpx
47.6086286,19.1469721,137.55,2025-10-20 13:05:38.519000+00:00,,20251020-001.gpx
47.6086286,19.1469721,137.55,2025-10-20 13:05:38.738000+00:00,,20251020-001.gpx
47.6086286,19.1469721,137.55,2025-10-20 13:05:38.919000+00:00,,20251020-001.gpx
47.6086286,19.1469721,137.55,2025-10-20 13:05:39.119000+00:00,,20251020-001.gpx
47.6086286,19.1469721,137.55,2025-10-20 13:05:39.340000+00:00,,20251020-001.gpx
47.6086286,19.1469721,137.55,2025-10-20 13:05:39.520000+00:00,,20251020-001.gpx
47.6086286,19.1469721,137.55,2025-10-20 13:05:39.721000+00:00,,20251020-001.gpx
47.6086286,19.1469721,137.55,2025-10-20 13:05:39.921000+00:00,,20251020-001.gpx
47.6086286,19.1469721,137.55,2025-10-20 13:05:40.143000+00:00,,20251020-001.gpx
47.6086286,19.146972,137.56,2025-10-20 13:05:40.323000+00:00,,20251020-001.gpx
47.6086286,19.146972,137.55,2025-10-20 13:05:40.524000+00:00,,20251020-001.gpx
47.6086286,19.146972,137.55,2025-10-20 13:05:40.724000+00:00,,20251020-001.gpx
47.6086285,19.1469719,137.55,2025-10-20 13:05:40.945000+00:00,,20251020-001.gpx
47.6086286,19.1469719,137.55,2025-10-20 13:05:41.125000+00:00,,20251020-001.gpx
47.6086286,19.1469719,137.55,2025-10-20 13:05:41.332000+00:00,,20251020-001.gpx
47.6086286,19.1469719,137.56,2025-10-20 13:05:41.532000+00:00,,20251020-001.gpx
47.6086286,19.1469719,137.56,2025-10-20 13:05:41.732000+00:00,,20251020-001.gpx
47.6086286,19.1469719,137.56,2025-10-20 13:05:41.932000+00:00,,20251020-001.gpx
47.6086286,19.1469719,137.56,2025-10-20 13:05:42.133000+00:00,,20251020-001.gpx
47.6086286,19.1469719,137.57,2025-10-20 13:05:42.339000+00:00,,20251020-001.gpx
47.6086286,19.1469719,137.57,2025-10-20 13:05:42.540000+00:00,,20251020-001.gpx
47.6086285,19.1469719,137.57,2025-10-20 13:05:42.741000+00:00,,20251020-001.gpx
47.6086285,19.1469719,137.57,2025-10-20 13:05:42.941000+00:00,,20251020-001.gpx
47.6086285,19.1469719,137.57,2025-10-20 13:05:43.147000+00:00,,20251020-001.gpx
47.6086285,19.1469719,137.57,2025-10-20 13:05:43.348000+00:00,,20251020-001.gpx
47.6086284,19.146972,137.58,2025-10-20 13:05:43.548000+00:00,,20251020-001.gpx
47.6086284,19.146972,137.57,2025-10-20 13:05:43.748000+00:00,,20251020-001.gpx
47.6086284,19.1469721,137.57,2025-10-20 13:05:43.948000+00:00,,20251020-001.gpx
47.6086284,19.1469721,137.57,2025-10-20 13:05:44.149000+00:00,,20251020-001.gpx
47.6086284,19.1469721,137.57,2025-10-20 13:05:44.351000+00:00,,20251020-001.gpx
47.6086284,19.1469721,137.57,2025-10-20 13:05:44.551000+00:00,,20251020-001.gpx
47.6086284,19.146972,137.57,2025-10-20 13:05:44.752000+00:00,,20251020-001.gpx
47.6086284,19.146972,137.57,2025-10-20 13:05:44.951000+00:00,,20251020-001.gpx
47.6086284,19.146972,137.57,2025-10-20 13:05:45.152000+00:00,,20251020-001.gpx
47.6086284,19.146972,137.57,2025-10-20 13:05:45.354000+00:00,,20251020-001.gpx
47.6086284,19.146972,137.58,2025-10-20 13:05:45.554000+00:00,,20251020-001.gpx
47.6086284,19.146972,137.58,2025-10-20 13:05:45.755000+00:00,,20251020-001.gpx
47.6086284,19.146972,137.57,2025-10-20 13:05:45.955000+00:00,,20251020-001.gpx
47.6086284,19.1469719,137.57,2025-10-20 13:05:46.156000+00:00,,20251020-001.gpx
47.6086284,19.1469719,137.58,2025-10-20 13:05:46.357000+00:00,,20251020-001.gpx
47.6086284,19.1469719,137.58,2025-10-20 13:05:46.557000+00:00,,20251020-001.gpx
47.6086284,19.1469719,137.57,2025-10-20 13:05:46.757000+00:00,,20251020-001.gpx
47.6086283,19.1469719,137.57,2025-10-20 13:05:46.959000+00:00,,20251020-001.gpx
47.6086283,19.1469719,137.57,2025-10-20 13:05:47.160000+00:00,,20251020-001.gpx
47.6086283,19.1469719,137.58,2025-10-20 13:05:47.362000+00:00,,20251020-001.gpx
47.6086282,19.1469719,137.58,2025-10-20 13:05:47.562000+00:00,,20251020-001.gpx
47.6086282,19.1469719,137.58,2025-10-20 13:05:47.762000+00:00,,20251020-001.gpx
47.6086282,19.1469718,137.58,2025-10-20 13:05:47.962000+00:00,,20251020-001.gpx
47.6086282,19.1469718,137.58,2025-10-20 13:05:48.148000+00:00,,20251020-001.gpx
47.6086282,19.1469719,137.58,2025-10-20 13:05:48.350000+00:00,,20251020-001.gpx
47.6086282,19.1469719,137.58,2025-10-20 13:05:48.550000+00:00,,20251020-001.gpx
47.6086283,19.1469719,137.59,2025-10-20 13:05:48.750000+00:00,,20251020-001.gpx
47.6086283,19.1469719,137.59,2025-10-20 13:05:48.950000+00:00,,20251020-001.gpx
47.6086283,19.146972,137.59,2025-10-20 13:05:49.150000+00:00,,20251020-001.gpx
47.6086283,19.146972,137.59,2025-10-20 13:05:49.353000+00:00,,20251020-001.gpx
47.6086284,19.146972,137.59,2025-10-20 13:05:49.554000+00:00,,20251020-001.gpx
47.6086284,19.146972,137.59,2025-10-20 13:05:49.754000+00:00,,20251020-001.gpx
47.6086284,19.146972,137.59,2025-10-20 13:05:49.955000+00:00,,20251020-001.gpx
47.6086285,19.146972,137.59,2025-10-20 13:05:50.155000+00:00,,20251020-001.gpx
47.6086285,19.146972,137.6,2025-10-20 13:05:50.358000+00:00,,20251020-001.gpx
47.6086285,19.146972,137.6,2025-10-20 13:05:50.560000+00:00,,20251020-001.gpx
47.6086285,19.146972,137.6,2025-10-20 13:05:50.761000+00:00,,20251020-001.gpx
47.6086285,19.146972,137.6,2025-10-20 13:05:50.961000+00:00,,20251020-001.gpx
47.6086285,19.146972,137.6,2025-10-20 13:05:51.162000+00:00,,20251020-001.gpx
47.6086285,19.146972,137.6,2025-10-20 13:05:51.370000+00:00,,20251020-001.gpx
47.6086285,19.146972,137.6,2025-10-20 13:05:51.572000+00:00,,20251020-001.gpx
47.6086285,19.146972,137.6,2025-10-20 13:05:51.773000+00:00,,20251020-001.gpx
47.6086285,19.146972,137.6,2025-10-20 13:05:51.973000+00:00,,20251020-001.gpx
47.6086285,19.146972,137.6,2025-10-20 13:05:52.173000+00:00,,20251020-001.gpx
47.6086286,19.146972,137.6,2025-10-20 13:05:52.379000+00:00,,20251020-001.gpx
47.6086286,19.146972,137.6,2025-10-20 13:05:52.579000+00:00,,20251020-001.gpx
47.6086286,19.146972,137.6,2025-10-20 13:05:52.780000+00:00,,20251020-001.gpx
47.6086286,19.146972,137.6,2025-10-20 13:05:52.981000+00:00,,20251020-001.gpx
47.6086286,19.146972,137.6,2025-10-20 13:05:53.182000+00:00,,20251020-001.gpx
47.6086286,19.146972,137.6,2025-10-20 13:05:53.384000+00:00,,20251020-001.gpx
47.6086285,19.146972,137.6,2025-10-20 13:05:53.585000+00:00,,20251020-001.gpx
47.6086285,19.146972,137.6,2025-10-20 13:05:53.786000+00:00,,20251020-001.gpx
47.6086285,19.1469719,137.59,2025-10-20 13:05:53.987000+00:00,,20251020-001.gpx
47.6086285,19.1469719,137.59,2025-10-20 13:05:54.187000+00:00,,20251020-001.gpx
47.6086285,19.1469718,137.6,2025-10-20 13:05:54.391000+00:00,,20251020-001.gpx
47.6086285,19.1469718,137.59,2025-10-20 13:05:54.593000+00:00,,20251020-001.gpx
47.6086285,19.1469717,137.59,2025-10-20 13:05:54.793000+00:00,,20251020-001.gpx
47.6086285,19.1469717,137.58,2025-10-20 13:05:54.993000+00:00,,20251020-001.gpx
47.6086284,19.1469717,137.58,2025-10-20 13:05:55.213000+00:00,,20251020-001.gpx
47.6086284,19.1469717,137.58,2025-10-20 13:05:55.399000+00:00,,20251020-001.gpx
47.6086284,19.1469717,137.58,2025-10-20 13:05:55.600000+00:00,,20251020-001.gpx
47.6086284,19.1469717,137.58,2025-10-20 13:05:55.801000+00:00,,20251020-001.gpx
47.6086283,19.1469718,137.58,2025-10-20 13:05:56.002000+00:00,,20251020-001.gpx
47.6086284,19.1469717,137.58,2025-10-20 13:05:56.212000+00:00,,20251020-001.gpx
47.6086284,19.1469718,137.58,2025-10-20 13:05:56.417000+00:00,,20251020-001.gpx
47.6086284,19.1469718,137.58,2025-10-20 13:05:56.618000+00:00,,20251020-001.gpx
47.6086284,19.1469718,137.58,2025-10-20 13:05:56.820000+00:00,,20251020-001.gpx
47.6086284,19.1469718,137.58,2025-10-20 13:05:57.020000+00:00,,20251020-001.gpx
47.6086284,19.1469718,137.58,2025-10-20 13:05:57.199000+00:00,,20251020-001.gpx
47.6086284,19.1469718,137.57,2025-10-20 13:05:57.405000+00:00,,20251020-001.gpx
47.6086284,19.1469718,137.57,2025-10-20 13:05:57.605000+00:00,,20251020-001.gpx
47.6086284,19.1469719,137.57,2025-10-20 13:05:57.806000+00:00,,20251020-001.gpx
47.6086284,19.146972,137.57,2025-10-20 13:05:58.007000+00:00,,20251020-001.gpx
47.6086285,19.146972,137.57,2025-10-20 13:05:58.208000+00:00,,20251020-001.gpx
47.6086285,19.1469721,137.58,2025-10-20 13:05:58.409000+00:00,,20251020-001.gpx
47.6086285,19.1469721,137.58,2025-10-20 13:05:58.609000+00:00,,20251020-001.gpx
47.6086285,19.1469721,137.58,2025-10-20 13:05:58.809000+00:00,,20251020-001.gpx
47.6086285,19.1469721,137.58,2025-10-20 13:05:59.009000+00:00,,20251020-001.gpx
47.6086286,19.1469721,137.58,2025-10-20 13:05:59.211000+00:00,,20251020-001.gpx
47.6086286,19.1469721,137.58,2025-10-20 13:05:59.412000+00:00,,20251020-001.gpx
47.6086285,19.1469721,137.58,2025-10-20 13:05:59.612000+00:00,,20251020-001.gpx
47.6086285,19.1469721,137.58,2025-10-20 13:05:59.812000+00:00,,20251020-001.gpx
47.6086285,19.1469721,137.58,2025-10-20 13:06:00.012000+00:00,,20251020-001.gpx
47.6086285,19.1469721,137.58,2025-10-20 13:06:00.212000+00:00,,20251020-001.gpx
47.6086286,19.1469721,137.59,2025-10-20 13:06:00.414000+00:00,,20251020-001.gpx
47.6086286,19.1469721,137.58,2025-10-20 13:06:00.615000+00:00,,20251020-001.gpx
47.6086286,19.1469721,137.58,2025-10-20 13:06:00.815000+00:00,,20251020-001.gpx
47.6086287,19.1469721,137.58,2025-10-20 13:06:01.015000+00:00,,20251020-001.gpx
47.6086287,19.1469721,137.58,2025-10-20 13:06:01.218000+00:00,,20251020-001.gpx
47.6086287,19.1469721,137.58,2025-10-20 13:06:01.419000+00:00,,20251020-001.gpx
47.6086288,19.1469721,137.58,2025-10-20 13:06:01.620000+00:00,,20251020-001.gpx
47.6086288,19.1469721,137.57,2025-10-20 13:06:01.820000+00:00,,20251020-001.gpx
47.6086288,19.1469721,137.57,2025-10-20 13:06:02.021000+00:00,,20251020-001.gpx
47.6086288,19.1469721,137.57,2025-10-20 13:06:02.222000+00:00,,20251020-001.gpx
47.6086288,19.1469721,137.57,2025-10-20 13:06:02.425000+00:00,,20251020-001.gpx
47.6086287,19.146972,137.58,2025-10-20 13:06:02.625000+00:00,,20251020-001.gpx
47.6086287,19.1469719,137.57,2025-10-20 13:06:02.825000+00:00,,20251020-001.gpx
47.6086314,19.1469496,137.5,2025-10-20 13:13:14.131000+00:00,,20251020-001.gpx
47.6086314,19.1469496,137.5,2025-10-20 13:13:14.335000+00:00,,20251020-001.gpx
47.6086314,19.1469497,137.51,2025-10-20 13:13:14.536000+00:00,,20251020-001.gpx
47.6086314,19.1469496,137.52,2025-10-20 13:13:14.736000+00:00,,20251020-001.gpx
47.6086314,19.1469497,137.52,2025-10-20 13:13:14.916000+00:00,,20251020-001.gpx
47.6086314,19.1469497,137.52,2025-10-20 13:13:15.116000+00:00,,20251020-001.gpx
47.6086314,19.1469497,137.53,2025-10-20 13:13:15.340000+00:00,,20251020-001.gpx
47.6086314,19.1469497,137.53,2025-10-20 13:13:15.541000+00:00,,20251020-001.gpx
47.6086314,19.1469497,137.53,2025-10-20 13:13:15.741000+00:00,,20251020-001.gpx
47.6086313,19.1469498,137.54,2025-10-20 13:13:15.942000+00:00,,20251020-001.gpx
47.6086313,19.1469498,137.54,2025-10-20 13:13:16.142000+00:00,,20251020-001.gpx
47.6086313,19.1469499,137.54,2025-10-20 13:13:16.330000+00:00,,20251020-001.gpx
47.6086312,19.1469499,137.54,2025-10-20 13:13:16.530000+00:00,,20251020-001.gpx
47.6086312,19.1469498,137.54,2025-10-20 13:13:16.746000+00:00,,20251020-001.gpx
47.6086311,19.1469498,137.54,2025-10-20 13:13:16.930000+00:00,,20251020-001.gpx
47.6086311,19.1469498,137.54,2025-10-20 13:13:17.110000+00:00,,20251020-001.gpx
47.608631,19.1469498,137.54,2025-10-20 13:13:17.332000+00:00,,20251020-001.gpx
47.608631,19.1469498,137.53,2025-10-20 13:13:17.531000+00:00,,20251020-001.gpx
47.608631,19.1469498,137.53,2025-10-20 13:13:17.747000+00:00,,20251020-001.gpx
47.608631,19.1469498,137.53,2025-10-20 13:13:17.931000+00:00,,20251020-001.gpx
47.608631,19.1469498,137.53,2025-10-20 13:13:18.151000+00:00,,20251020-001.gpx
47.608631,19.1469498,137.53,2025-10-20 13:13:18.352000+00:00,,20251020-001.gpx
47.608631,19.1469497,137.52,2025-10-20 13:13:18.552000+00:00,,20251020-001.gpx
47.6086311,19.1469497,137.51,2025-10-20 13:13:18.752000+00:00,,20251020-001.gpx
47.6086311,19.1469497,137.51,2025-10-20 13:13:18.952000+00:00,,20251020-001.gpx
47.6086311,19.1469497,137.5,2025-10-20 13:13:19.152000+00:00,,20251020-001.gpx
47.6086311,19.1469498,137.5,2025-10-20 13:13:19.355000+00:00,,20251020-001.gpx
47.6086311,19.1469496,137.56,2025-10-20 13:13:19.555000+00:00,,20251020-001.gpx
47.6086314,19.146949,137.84,2025-10-20 13:13:19.755000+00:00,,20251020-001.gpx
47.6086317,19.146948,138.25,2025-10-20 13:13:19.956000+00:00,,20251020-001.gpx
47.6086319,19.1469469,138.73,2025-10-20 13:13:20.156000+00:00,,20251020-001.gpx
47.6086322,19.1469458,139.26,2025-10-20 13:13:20.358000+00:00,,20251020-001.gpx
47.6086324,19.146945,139.75,2025-10-20 13:13:20.538000+00:00,,20251020-001.gpx
47.6086325,19.1469445,140.29,2025-10-20 13:13:20.759000+00:00,,20251020-001.gpx
47.6086326,19.1469441,140.67,2025-10-20 13:13:20.959000+00:00,,20251020-001.gpx
47.6086325,19.1469438,141.07,2025-10-20 13:13:21.160000+00:00,,20251020-001.gpx
47.6086324,19.1469433,141.53,2025-10-20 13:13:21.363000+00:00,,20251020-001.gpx
47.6086325,19.1469427,142.0,2025-10-20 13:13:21.564000+00:00,,20251020-001.gpx
47.6086325,19.146942,142.45,2025-10-20 13:13:21.765000+00:00,,20251020-001.gpx
47.6086328,19.1469414,142.91,2025-10-20 13:13:21.967000+00:00,,20251020-001.gpx
47.6086331,19.1469411,143.37,2025-10-20 13:13:22.167000+00:00,,20251020-001.gpx
47.6086334,19.1469408,143.81,2025-10-20 13:13:22.370000+00:00,,20251020-001.gpx
47.6086337,19.1469407,144.24,2025-10-20 13:13:22.572000+00:00,,20251020-001.gpx
47.6086339,19.1469405,144.64,2025-10-20 13:13:22.754000+00:00,,20251020-001.gpx
47.6086342,19.1469404,145.1,2025-10-20 13:13:22.957000+00:00,,20251020-001.gpx
47.6086345,19.1469403,145.55,2025-10-20 13:13:23.158000+00:00,,20251020-001.gpx
47.6086349,19.1469403,146.01,2025-10-20 13:13:23.361000+00:00,,20251020-001.gpx
47.6086353,19.1469404,146.45,2025-10-20 13:13:23.566000+00:00,,20251020-001.gpx
47.6086357,19.1469406,146.83,2025-10-20 13:13:23.749000+00:00,,20251020-001.gpx
47.6086361,19.1469409,147.28,2025-10-20 13:13:23.969000+00:00,,20251020-001.gpx
47.6086363,19.1469411,147.71,2025-10-20 13:13:24.170000+00:00,,20251020-001.gpx
47.6086365,19.1469414,148.17,2025-10-20 13:13:24.372000+00:00,,20251020-001.gpx
47.6086366,19.1469418,148.56,2025-10-20 13:13:24.552000+00:00,,20251020-001.gpx
47.6086369,19.1469422,148.99,2025-10-20 13:13:24.753000+00:00,,20251020-001.gpx
47.6086373,19.1469425,149.4,2025-10-20 13:13:24.954000+00:00,,20251020-001.gpx
47.6086378,19.1469428,149.81,2025-10-20 13:13:25.154000+00:00,,20251020-001.gpx
47.6086383,19.1469432,150.29,2025-10-20 13:13:25.375000+00:00,,20251020-001.gpx
47.6086387,19.1469435,150.6,2025-10-20 13:13:25.518000+00:00,,20251020-001.gpx
47.608639,19.1469439,151.12,2025-10-20 13:13:25.759000+00:00,,20251020-001.gpx
47.608639,19.1469442,151.55,2025-10-20 13:13:25.958000+00:00,,20251020-001.gpx
47.608639,19.1469443,151.96,2025-10-20 13:13:26.159000+00:00,,20251020-001.gpx
47.6086388,19.1469442,152.41,2025-10-20 13:13:26.362000+00:00,,20251020-001.gpx
47.6086385,19.1469437,152.84,2025-10-20 13:13:26.563000+00:00,,20251020-001.gpx
47.6086382,19.1469431,153.27,2025-10-20 13:13:26.763000+00:00,,20251020-001.gpx
47.6086379,19.1469426,153.71,2025-10-20 13:13:26.963000+00:00,,20251020-001.gpx
47.6086376,19.1469422,154.15,2025-10-20 13:13:27.164000+00:00,,20251020-001.gpx
47.6086372,19.1469419,154.47,2025-10-20 13:13:27.317000+00:00,,20251020-001.gpx
47.6086366,19.1469415,154.98,2025-10-20 13:13:27.557000+00:00,,20251020-001.gpx
47.6086361,19.146941,155.34,2025-10-20 13:13:27.741000+00:00,,20251020-001.gpx
47.6086355,19.1469405,155.77,2025-10-20 13:13:27.962000+00:00,,20251020-001.gpx
47.6086351,19.1469401,156.17,2025-10-20 13:13:28.163000+00:00,,20251020-001.gpx
47.6086348,19.1469399,156.58,2025-10-20 13:13:28.366000+00:00,,20251020-001.gpx
47.6086346,19.14694,156.9,2025-10-20 13:13:28.553000+00:00,,20251020-001.gpx
47.6086343,19.1469402,157.18,2025-10-20 13:13:28.753000+00:00,,20251020-001.gpx
47.6086338,19.1469403,157.4,2025-10-20 13:13:28.958000+00:00,,20251020-001.gpx
47.6086334,19.1469401,157.55,2025-10-20 13:13:29.117000+00:00,,20251020-001.gpx
47.6086327,19.1469391,157.72,2025-10-20 13:13:29.346000+00:00,,20251020-001.gpx
47.6086316,19.146937,157.79,2025-10-20 13:13:29.567000+00:00,,20251020-001.gpx
47.6086299,19.146934,157.73,2025-10-20 13:13:29.768000+00:00,,20251020-001.gpx
47.6086273,19.1469302,157.65,2025-10-20 13:13:29.969000+00:00,,20251020-001.gpx
47.6086238,19.1469263,157.58,2025-10-20 13:13:30.170000+00:00,,20251020-001.gpx
47.6086203,19.1469231,157.51,2025-10-20 13:13:30.360000+00:00,,20251020-001.gpx
47.6086169,19.1469202,157.44,2025-10-20 13:13:30.563000+00:00,,20251020-001.gpx
47.6086146,19.1469178,157.38,2025-10-20 13:13:30.764000+00:00,,20251020-001.gpx
47.6086134,19.1469153,157.34,2025-10-20 13:13:30.985000+00:00,,20251020-001.gpx
47.6086129,19.146913,157.33,2025-10-20 13:13:31.166000+00:00,,20251020-001.gpx
47.6086125,19.1469105,157.3,2025-10-20 13:13:31.379000+00:00,,20251020-001.gpx
47.6086125,19.1469086,157.26,2025-10-20 13:13:31.580000+00:00,,20251020-001.gpx
47.6086128,19.1469074,157.22,2025-10-20 13:13:31.783000+00:00,,20251020-001.gpx
47.6086132,19.146907,157.18,2025-10-20 13:13:31.984000+00:00,,20251020-001.gpx
47.6086137,19.1469074,157.14,2025-10-20 13:13:32.185000+00:00,,20251020-001.gpx
47.6086142,19.1469081,157.06,2025-10-20 13:13:32.366000+00:00,,20251020-001.gpx
47.6086149,19.1469096,156.95,2025-10-20 13:13:32.587000+00:00,,20251020-001.gpx
47.6086155,19.1469115,156.89,2025-10-20 13:13:32.788000+00:00,,20251020-001.gpx
47.6086155,19.1469142,156.86,2025-10-20 13:13:32.969000+00:00,,20251020-001.gpx
47.6086148,19.1469188,156.83,2025-10-20 13:13:33.170000+00:00,,20251020-001.gpx
47.6086129,19.1469265,156.83,2025-10-20 13:13:33.394000+00:00,,20251020-001.gpx
47.608611,19.1469353,156.85,2025-10-20 13:13:33.594000+00:00,,20251020-001.gpx
47.6086091,19.1469454,156.88,2025-10-20 13:13:33.797000+00:00,,20251020-001.gpx
47.6086075,19.1469568,156.9,2025-10-20 13:13:33.998000+00:00,,20251020-001.gpx
47.6086065,19.1469692,156.96,2025-10-20 13:13:34.199000+00:00,,20251020-001.gpx
47.6086064,19.146981,157.04,2025-10-20 13:13:34.403000+00:00,,20251020-001.gpx
47.6086074,19.1469913,157.11,2025-10-20 13:13:34.605000+00:00,,20251020-001.gpx
47.6086093,19.1470003,157.11,2025-10-20 13:13:34.808000+00:00,,20251020-001.gpx
47.6086119,19.1470077,157.11,2025-10-20 13:13:35.010000+00:00,,20251020-001.gpx
47.6086153,19.1470134,157.13,2025-10-20 13:13:35.193000+00:00,,20251020-001.gpx
47.6086197,19.1470184,157.15,2025-10-20 13:13:35.400000+00:00,,20251020-001.gpx
47.608624,19.1470215,157.18,2025-10-20 13:13:35.583000+00:00,,20251020-001.gpx
47.6086296,19.1470236,157.22,2025-10-20 13:13:35.805000+00:00,,20251020-001.gpx
47.6086347,19.1470241,157.25,2025-10-20 13:13:36.006000+00:00,,20251020-001.gpx
47.608639,19.1470229,157.24,2025-10-20 13:13:36.187000+00:00,,20251020-001.gpx
47.6086436,19.14702,157.23,2025-10-20 13:13:36.397000+00:00,,20251020-001.gpx
47.6086476,19.1470154,157.22,2025-10-20 13:13:36.598000+00:00,,20251020-001.gpx
47.6086508,19.1470098,157.2,2025-10-20 13:13:36.778000+00:00,,20251020-001.gpx
47.608654,19.1470014,157.17,2025-10-20 13:13:36.998000+00:00,,20251020-001.gpx
47.6086562,19.1469933,157.15,2025-10-20 13:13:37.198000+00:00,,20251020-001.gpx
47.6086578,19.1469849,157.14,2025-10-20 13:13:37.401000+00:00,,20251020-001.gpx
47.608659,19.1469764,157.14,2025-10-20 13:13:37.602000+00:00,,20251020-001.gpx
47.6086597,19.1469677,157.14,2025-10-20 13:13:37.803000+00:00,,20251020-001.gpx
47.6086597,19.1469596,157.15,2025-10-20 13:13:38.004000+00:00,,20251020-001.gpx
47.6086592,19.1469521,157.16,2025-10-20 13:13:38.206000+00:00,,20251020-001.gpx
47.6086581,19.146945,157.16,2025-10-20 13:13:38.413000+00:00,,20251020-001.gpx
47.6086565,19.1469388,157.15,2025-10-20 13:13:38.616000+00:00,,20251020-001.gpx
47.6086548,19.1469341,157.14,2025-10-20 13:13:38.797000+00:00,,20251020-001.gpx
47.6086518,19.1469293,157.13,2025-10-20 13:13:39.018000+00:00,,20251020-001.gpx
47.6086484,19.1469261,157.11,2025-10-20 13:13:39.218000+00:00,,20251020-001.gpx
47.6086451,19.1469243,157.09,2025-10-20 13:13:39.384000+00:00,,20251020-001.gpx
47.60864,19.1469234,157.07,2025-10-20 13:13:39.608000+00:00,,20251020-001.gpx
47.6086357,19.1469241,157.02,2025-10-20 13:13:39.788000+00:00,,20251020-001.gpx
47.6086303,19.1469263,156.96,2025-10-20 13:13:40.011000+00:00,,20251020-001.gpx
47.6086262,19.1469292,156.96,2025-10-20 13:13:40.173000+00:00,,20251020-001.gpx
47.6086206,19.1469341,156.99,2025-10-20 13:13:40.399000+00:00,,20251020-001.gpx
47.6086153,19.1469399,157.02,2025-10-20 13:13:40.623000+00:00,,20251020-001.gpx
47.608611,19.1469457,157.01,2025-10-20 13:13:40.826000+00:00,,20251020-001.gpx
47.6086071,19.146952,156.95,2025-10-20 13:13:41.026000+00:00,,20251020-001.gpx
47.608604,19.1469593,156.95,2025-10-20 13:13:41.227000+00:00,,20251020-001.gpx
47.6086018,19.1469663,157.0,2025-10-20 13:13:41.418000+00:00,,20251020-001.gpx
47.6086003,19.1469736,157.05,2025-10-20 13:13:41.619000+00:00,,20251020-001.gpx
47.6085997,19.1469812,157.05,2025-10-20 13:13:41.821000+00:00,,20251020-001.gpx
47.6086001,19.1469893,157.03,2025-10-20 13:13:42.023000+00:00,,20251020-001.gpx
47.6086016,19.1469973,157.01,2025-10-20 13:13:42.226000+00:00,,20251020-001.gpx
47.6086034,19.1470037,156.97,2025-10-20 13:13:42.413000+00:00,,20251020-001.gpx
47.6086069,19.1470112,156.96,2025-10-20 13:13:42.635000+00:00,,20251020-001.gpx
47.6086113,19.1470173,156.98,2025-10-20 13:13:42.838000+00:00,,20251020-001.gpx
47.608616,19.147022,156.99,2025-10-20 13:13:43.022000+00:00,,20251020-001.gpx
47.6086219,19.1470259,157.02,2025-10-20 13:13:43.226000+00:00,,20251020-001.gpx
47.608628,19.1470284,157.03,2025-10-20 13:13:43.425000+00:00,,20251020-001.gpx
47.6086342,19.1470294,157.08,2025-10-20 13:13:43.626000+00:00,,20251020-001.gpx
47.60864,19.1470282,157.14,2025-10-20 13:13:43.829000+00:00,,20251020-001.gpx
47.6086457,19.1470251,157.19,2025-10-20 13:13:44.030000+00:00,,20251020-001.gpx
47.6086509,19.1470206,157.18,2025-10-20 13:13:44.233000+00:00,,20251020-001.gpx
47.6086552,19.1470157,157.16,2025-10-20 13:13:44.416000+00:00,,20251020-001.gpx
47.6086596,19.1470088,157.13,2025-10-20 13:13:44.637000+00:00,,20251020-001.gpx
47.6086628,19.147002,157.09,2025-10-20 13:13:44.838000+00:00,,20251020-001.gpx
47.6086653,19.1469946,157.08,2025-10-20 13:13:45.039000+00:00,,20251020-001.gpx
47.6086668,19.1469865,157.1,2025-10-20 13:13:45.241000+00:00,,20251020-001.gpx
47.6086674,19.1469779,157.13,2025-10-20 13:13:45.434000+00:00,,20251020-001.gpx
47.6086671,19.146969,157.19,2025-10-20 13:13:45.634000+00:00,,20251020-001.gpx
47.608666,19.1469611,157.22,2025-10-20 13:13:45.815000+00:00,,20251020-001.gpx
47.6086635,19.146952,157.24,2025-10-20 13:13:46.036000+00:00,,20251020-001.gpx
47.6086602,19.1469446,157.26,2025-10-20 13:13:46.238000+00:00,,20251020-001.gpx
47.6086561,19.1469382,157.27,2025-10-20 13:13:46.442000+00:00,,20251020-001.gpx
47.6086513,19.1469331,157.28,2025-10-20 13:13:46.645000+00:00,,20251020-001.gpx
47.6086459,19.1469297,157.29,2025-10-20 13:13:46.847000+00:00,,20251020-001.gpx
47.6086407,19.1469279,157.3,2025-10-20 13:13:47.029000+00:00,,20251020-001.gpx
47.6086349,19.1469272,157.3,2025-10-20 13:13:47.235000+00:00,,20251020-001.gpx
47.6086295,19.1469279,157.32,2025-10-20 13:13:47.438000+00:00,,20251020-001.gpx
47.6086248,19.1469287,157.35,2025-10-20 13:13:47.639000+00:00,,20251020-001.gpx
47.6086207,19.1469292,157.36,2025-10-20 13:13:47.841000+00:00,,20251020-001.gpx
47.6086179,19.1469287,157.39,2025-10-20 13:13:48.042000+00:00,,20251020-001.gpx
47.6086155,19.1469273,157.43,2025-10-20 13:13:48.247000+00:00,,20251020-001.gpx
47.6086129,19.1469255,157.46,2025-10-20 13:13:48.450000+00:00,,20251020-001.gpx
47.6086103,19.1469237,157.44,2025-10-20 13:13:48.655000+00:00,,20251020-001.gpx
47.6086079,19.1469223,157.37,2025-10-20 13:13:48.855000+00:00,,20251020-001.gpx
47.6086057,19.1469213,157.26,2025-10-20 13:13:49.056000+00:00,,20251020-001.gpx
47.6086041,19.1469206,157.24,2025-10-20 13:13:49.239000+00:00,,20251020-001.gpx
47.6086026,19.1469195,157.3,2025-10-20 13:13:49.444000+00:00,,20251020-001.gpx
47.6086013,19.1469181,157.37,2025-10-20 13:13:49.625000+00:00,,20251020-001.gpx
47.6085996,19.1469154,157.46,2025-10-20 13:13:49.846000+00:00,,20251020-001.gpx
47.6085978,19.1469122,157.48,2025-10-20 13:13:50.049000+00:00,,20251020-001.gpx
47.608596,19.1469088,157.45,2025-10-20 13:13:50.229000+00:00,,20251020-001.gpx
47.6085933,19.1469036,157.41,2025-10-20 13:13:50.453000+00:00,,20251020-001.gpx
47.60859,19.1468978,157.39,2025-10-20 13:13:50.656000+00:00,,20251020-001.gpx
47.6085861,19.1468912,157.39,2025-10-20 13:13:50.856000+00:00,,20251020-001.gpx
47.6085822,19.1468846,157.38,2025-10-20 13:13:51.037000+00:00,,20251020-001.gpx
47.6085776,19.1468763,157.31,2025-10-20 13:13:51.243000+00:00,,20251020-001.gpx
47.6085734,19.1468677,157.25,2025-10-20 13:13:51.433000+00:00,,20251020-001.gpx
47.6085684,19.1468569,157.21,2025-10-20 13:13:51.654000+00:00,,20251020-001.gpx
47.6085639,19.1468467,157.18,2025-10-20 13:13:51.859000+00:00,,20251020-001.gpx
47.6085592,19.1468356,157.17,2025-10-20 13:13:52.062000+00:00,,20251020-001.gpx
47.6085545,19.1468246,157.16,2025-10-20 13:13:52.253000+00:00,,20251020-001.gpx
47.6085494,19.1468126,157.16,2025-10-20 13:13:52.457000+00:00,,20251020-001.gpx
47.6085442,19.1468006,157.15,2025-10-20 13:13:52.659000+00:00,,20251020-001.gpx
47.608539,19.1467885,157.14,2025-10-20 13:13:52.861000+00:00,,20251020-001.gpx
47.6085335,19.1467759,157.14,2025-10-20 13:13:53.064000+00:00,,20251020-001.gpx
47.6085279,19.1467631,157.15,2025-10-20 13:13:53.269000+00:00,,20251020-001.gpx
47.6085229,19.1467517,157.16,2025-10-20 13:13:53.450000+00:00,,20251020-001.gpx
47.6085174,19.1467393,157.17,2025-10-20 13:13:53.651000+00:00,,20251020-001.gpx
47.6085114,19.146726,157.18,2025-10-20 13:13:53.872000+00:00,,20251020-001.gpx
47.6085061,19.1467142,157.19,2025-10-20 13:13:54.072000+00:00,,20251020-001.gpx
47.6085011,19.1467034,157.2,2025-10-20 13:13:54.273000+00:00,,20251020-001.gpx
47.608496,19.1466924,157.2,2025-10-20 13:13:54.476000+00:00,,20251020-001.gpx
47.6084908,19.1466814,157.18,2025-10-20 13:13:54.676000+00:00,,20251020-001.gpx
47.6084856,19.1466702,157.17,2025-10-20 13:13:54.877000+00:00,,20251020-001.gpx
47.6084803,19.1466589,157.17,2025-10-20 13:13:55.080000+00:00,,20251020-001.gpx
47.6084753,19.1466482,157.19,2025-10-20 13:13:55.281000+00:00,,20251020-001.gpx
47.6084709,19.1466388,157.22,2025-10-20 13:13:55.485000+00:00,,20251020-001.gpx
47.6084669,19.1466308,157.24,2025-10-20 13:13:55.687000+00:00,,20251020-001.gpx
47.6084635,19.1466238,157.25,2025-10-20 13:13:55.889000+00:00,,20251020-001.gpx
47.6084611,19.1466192,157.25,2025-10-20 13:13:56.070000+00:00,,20251020-001.gpx
47.6084593,19.1466156,157.24,2025-10-20 13:13:56.272000+00:00,,20251020-001.gpx
47.6084584,19.1466136,157.24,2025-10-20 13:13:56.475000+00:00,,20251020-001.gpx
47.6084583,19.1466131,157.23,2025-10-20 13:13:56.676000+00:00,,20251020-001.gpx
47.6084587,19.1466137,157.23,2025-10-20 13:13:56.877000+00:00,,20251020-001.gpx
47.6084595,19.1466152,157.24,2025-10-20 13:13:57.078000+00:00,,20251020-001.gpx
47.6084606,19.1466174,157.24,2025-10-20 13:13:57.283000+00:00,,20251020-001.gpx
47.6084619,19.14662,157.25,2025-10-20 13:13:57.472000+00:00,,20251020-001.gpx
47.6084633,19.146623,157.25,2025-10-20 13:13:57.673000+00:00,,20251020-001.gpx
47.6084649,19.1466264,157.26,2025-10-20 13:13:57.875000+00:00,,20251020-001.gpx
47.6084664,19.1466298,157.26,2025-10-20 13:13:58.076000+00:00,,20251020-001.gpx
47.6084679,19.1466337,157.27,2025-10-20 13:13:58.299000+00:00,,20251020-001.gpx
47.6084685,19.1466375,157.27,2025-10-20 13:13:58.480000+00:00,,20251020-001.gpx
47.608468,19.1466431,157.26,2025-10-20 13:13:58.684000+00:00,,20251020-001.gpx
47.6084666,19.1466487,157.24,2025-10-20 13:13:58.844000+00:00,,20251020-001.gpx
47.608463,19.1466588,157.24,2025-10-20 13:13:59.087000+00:00,,20251020-001.gpx
47.6084597,19.1466661,157.25,2025-10-20 13:13:59.249000+00:00,,20251020-001.gpx
47.6084539,19.1466778,157.28,2025-10-20 13:13:59.492000+00:00,,20251020-001.gpx
47.6084483,19.1466885,157.28,2025-10-20 13:13:59.696000+00:00,,20251020-001.gpx
47.6084429,19.1466983,157.29,2025-10-20 13:13:59.877000+00:00,,20251020-001.gpx
47.6084373,19.1467084,157.29,2025-10-20 13:14:00.057000+00:00,,20251020-001.gpx
47.6084315,19.1467187,157.28,2025-10-20 13:14:00.239000+00:00,,20251020-001.gpx
47.6084244,19.1467314,157.27,2025-10-20 13:14:00.464000+00:00,,20251020-001.gpx
47.6084186,19.1467413,157.26,2025-10-20 13:14:00.665000+00:00,,20251020-001.gpx
47.6084124,19.1467521,157.24,2025-10-20 13:14:00.866000+00:00,,20251020-001.gpx
47.6084066,19.1467632,157.24,2025-10-20 13:14:01.066000+00:00,,20251020-001.gpx
47.6084014,19.1467738,157.24,2025-10-20 13:14:01.250000+00:00,,20251020-001.gpx
47.6083954,19.1467873,157.23,2025-10-20 13:14:01.475000+00:00,,20251020-001.gpx
47.6083902,19.1467994,157.24,2025-10-20 13:14:01.678000+00:00,,20251020-001.gpx
47.6083857,19.14681,157.27,2025-10-20 13:14:01.879000+00:00,,20251020-001.gpx
47.608381,19.1468212,157.26,2025-10-20 13:14:02.081000+00:00,,20251020-001.gpx
47.6083771,19.1468312,157.25,2025-10-20 13:14:02.261000+00:00,,20251020-001.gpx
47.608373,19.1468427,157.28,2025-10-20 13:14:02.467000+00:00,,20251020-001.gpx
47.6083693,19.1468537,157.32,2025-10-20 13:14:02.670000+00:00,,20251020-001.gpx
47.6083657,19.1468656,157.33,2025-10-20 13:14:02.891000+00:00,,20251020-001.gpx
47.6083627,19.1468764,157.34,2025-10-20 13:14:03.094000+00:00,,20251020-001.gpx
47.6083603,19.1468867,157.36,2025-10-20 13:14:03.285000+00:00,,20251020-001.gpx
47.6083583,19.1468966,157.38,2025-10-20 13:14:03.486000+00:00,,20251020-001.gpx
47.6083564,19.1469074,157.39,2025-10-20 13:14:03.687000+00:00,,20251020-001.gpx
47.6083551,19.1469182,157.4,2025-10-20 13:14:03.887000+00:00,,20251020-001.gpx
47.6083542,19.1469289,157.42,2025-10-20 13:14:04.090000+00:00,,20251020-001.gpx
47.6083538,19.1469385,157.44,2025-10-20 13:14:04.272000+00:00,,20251020-001.gpx
47.6083535,19.1469497,157.44,2025-10-20 13:14:04.495000+00:00,,20251020-001.gpx
47.6083535,19.1469586,157.44,2025-10-20 13:14:04.674000+00:00,,20251020-001.gpx
47.608354,19.1469705,157.45,2025-10-20 13:14:04.895000+00:00,,20251020-001.gpx
47.6083549,19.1469805,157.46,2025-10-20 13:14:05.077000+00:00,,20251020-001.gpx
47.6083562,19.1469921,157.47,2025-10-20 13:14:05.288000+00:00,,20251020-001.gpx
47.6083576,19.1470029,157.48,2025-10-20 13:14:05.484000+00:00,,20251020-001.gpx
47.6083593,19.147014,157.48,2025-10-20 13:14:05.685000+00:00,,20251020-001.gpx
47.608361,19.1470247,157.5,2025-10-20 13:14:05.886000+00:00,,20251020-001.gpx
47.608363,19.147036,157.51,2025-10-20 13:14:06.088000+00:00,,20251020-001.gpx
47.6083652,19.1470476,157.51,2025-10-20 13:14:06.289000+00:00,,20251020-001.gpx
47.6083675,19.1470591,157.51,2025-10-20 13:14:06.491000+00:00,,20251020-001.gpx
47.6083699,19.1470705,157.52,2025-10-20 13:14:06.691000+00:00,,20251020-001.gpx
47.6083723,19.1470818,157.51,2025-10-20 13:14:06.891000+00:00,,20251020-001.gpx
47.6083748,19.1470928,157.51,2025-10-20 13:14:07.092000+00:00,,20251020-001.gpx
47.6083771,19.1471026,157.52,2025-10-20 13:14:07.275000+00:00,,20251020-001.gpx
47.6083802,19.1471152,157.52,2025-10-20 13:14:07.495000+00:00,,20251020-001.gpx
47.6083831,19.1471257,157.51,2025-10-20 13:14:07.676000+00:00,,20251020-001.gpx
47.608387,19.1471387,157.51,2025-10-20 13:14:07.900000+00:00,,20251020-001.gpx
47.6083902,19.147149,157.52,2025-10-20 13:14:08.081000+00:00,,20251020-001.gpx
47.6083938,19.1471603,157.53,2025-10-20 13:14:08.282000+00:00,,20251020-001.gpx
47.6083971,19.1471706,157.53,2025-10-20 13:14:08.489000+00:00,,20251020-001.gpx
47.6083998,19.1471788,157.52,2025-10-20 13:14:08.649000+00:00,,20251020-001.gpx
47.6084041,19.1471913,157.52,2025-10-20 13:14:08.891000+00:00,,20251020-001.gpx
47.6086362,19.1469677,137.3,2025-10-20 12:57:13.754000+00:00,,20251020-001.gpx
47.6086363,19.1469677,137.29,2025-10-20 12:57:13.954000+00:00,,20251020-001.gpx
47.6086364,19.1469678,137.28,2025-10-20 12:57:14.154000+00:00,,20251020-001.gpx
47.6086364,19.1469679,137.28,2025-10-20 12:57:14.357000+00:00,,20251020-001.gpx
47.6086364,19.146968,137.27,2025-10-20 12:57:14.558000+00:00,,20251020-001.gpx
47.6086364,19.1469681,137.26,2025-10-20 12:57:14.758000+00:00,,20251020-001.gpx
47.6086364,19.1469682,137.25,2025-10-20 12:57:14.959000+00:00,,20251020-001.gpx
47.6086364,19.1469683,137.23,2025-10-20 12:57:15.158000+00:00,,20251020-001.gpx
47.6086364,19.1469684,137.22,2025-10-20 12:57:15.359000+00:00,,20251020-001.gpx
47.6086364,19.1469685,137.21,2025-10-20 12:57:15.559000+00:00,,20251020-001.gpx
47.6086364,19.1469686,137.19,2025-10-20 12:57:15.760000+00:00,,20251020-001.gpx
47.6086365,19.1469687,137.18,2025-10-20 12:57:15.960000+00:00,,20251020-001.gpx
47.6086365,19.1469687,137.17,2025-10-20 12:57:16.160000+00:00,,20251020-001.gpx
47.6086365,19.1469687,137.16,2025-10-20 12:57:16.360000+00:00,,20251020-001.gpx
47.6086365,19.1469687,137.15,2025-10-20 12:57:16.560000+00:00,,20251020-001.gpx
47.6086366,19.1469688,137.13,2025-10-20 12:57:16.760000+00:00,,20251020-001.gpx
47.6086366,19.1469688,137.12,2025-10-20 12:57:16.961000+00:00,,20251020-001.gpx
47.6086367,19.1469689,137.1,2025-10-20 12:57:17.161000+00:00,,20251020-001.gpx
47.6086367,19.1469689,137.09,2025-10-20 12:57:17.349000+00:00,,20251020-001.gpx
47.6086367,19.1469689,137.08,2025-10-20 12:57:17.550000+00:00,,20251020-001.gpx
47.6086367,19.1469689,137.07,2025-10-20 12:57:17.772000+00:00,,20251020-001.gpx
47.6086367,19.1469689,137.06,2025-10-20 12:57:17.952000+00:00,,20251020-001.gpx
47.6086366,19.1469689,137.06,2025-10-20 12:57:18.154000+00:00,,20251020-001.gpx
47.6086366,19.1469689,137.05,2025-10-20 12:57:18.359000+00:00,,20251020-001.gpx
47.6086365,19.1469689,137.04,2025-10-20 12:57:18.559000+00:00,,20251020-001.gpx
47.6086365,19.1469689,137.03,2025-10-20 12:57:18.739000+00:00,,20251020-001.gpx
47.6086365,19.1469689,137.02,2025-10-20 12:57:18.960000+00:00,,20251020-001.gpx
47.6086365,19.1469688,137.02,2025-10-20 12:57:19.180000+00:00,,20251020-001.gpx
47.6086365,19.1469688,137.01,2025-10-20 12:57:19.380000+00:00,,20251020-001.gpx
47.6086365,19.1469688,137.01,2025-10-20 12:57:19.581000+00:00,,20251020-001.gpx
47.6086365,19.1469688,137.0,2025-10-20 12:57:19.782000+00:00,,20251020-001.gpx
47.6086364,19.1469687,137.01,2025-10-20 12:57:19.984000+00:00,,20251020-001.gpx
47.6086364,19.1469683,137.2,2025-10-20 12:57:20.183000+00:00,,20251020-001.gpx
47.6086366,19.1469675,137.56,2025-10-20 12:57:20.385000+00:00,,20251020-001.gpx
47.6086369,19.1469665,138.01,2025-10-20 12:57:20.586000+00:00,,20251020-001.gpx
47.6086372,19.1469649,138.55,2025-10-20 12:57:20.786000+00:00,,20251020-001.gpx
47.6086373,19.1469634,139.11,2025-10-20 12:57:20.987000+00:00,,20251020-001.gpx
47.6086374,19.1469621,139.68,2025-10-20 12:57:21.187000+00:00,,20251020-001.gpx
47.6086376,19.1469612,140.15,2025-10-20 12:57:21.370000+00:00,,20251020-001.gpx
47.6086379,19.1469603,140.56,2025-10-20 12:57:21.571000+00:00,,20251020-001.gpx
47.6086382,19.1469597,140.96,2025-10-20 12:57:21.772000+00:00,,20251020-001.gpx
47.6086382,19.1469599,141.55,2025-10-20 12:57:21.973000+00:00,,20251020-001.gpx
47.6086382,19.1469607,142.15,2025-10-20 12:57:22.174000+00:00,,20251020-001.gpx
47.6086382,19.1469615,142.62,2025-10-20 12:57:22.375000+00:00,,20251020-001.gpx
47.6086379,19.1469622,142.92,2025-10-20 12:57:22.576000+00:00,,20251020-001.gpx
47.6086374,19.1469627,143.01,2025-10-20 12:57:22.777000+00:00,,20251020-001.gpx
47.6086363,19.1469629,142.93,2025-10-20 12:57:22.957000+00:00,,20251020-001.gpx
47.608634,19.1469629,142.78,2025-10-20 12:57:23.180000+00:00,,20251020-001.gpx
47.6086307,19.1469625,142.68,2025-10-20 12:57:23.365000+00:00,,20251020-001.gpx
47.6086252,19.1469618,142.57,2025-10-20 12:57:23.586000+00:00,,20251020-001.gpx
47.6086189,19.1469611,142.51,2025-10-20 12:57:23.789000+00:00,,20251020-001.gpx
47.6086117,19.1469606,142.48,2025-10-20 12:57:23.990000+00:00,,20251020-001.gpx
47.6086037,19.1469602,142.44,2025-10-20 12:57:24.192000+00:00,,20251020-001.gpx
47.6085948,19.1469595,142.41,2025-10-20 12:57:24.396000+00:00,,20251020-001.gpx
47.6085856,19.1469586,142.37,2025-10-20 12:57:24.598000+00:00,,20251020-001.gpx
47.6085761,19.1469574,142.34,2025-10-20 12:57:24.800000+00:00,,20251020-001.gpx
47.6085666,19.1469562,142.33,2025-10-20 12:57:25.005000+00:00,,20251020-001.gpx
47.6085568,19.1469549,142.32,2025-10-20 12:57:25.208000+00:00,,20251020-001.gpx
47.6085477,19.1469535,142.3,2025-10-20 12:57:25.397000+00:00,,20251020-001.gpx
47.6085378,19.1469521,142.3,2025-10-20 12:57:25.601000+00:00,,20251020-001.gpx
47.6085295,19.1469508,142.29,2025-10-20 12:57:25.782000+00:00,,20251020-001.gpx
47.6085193,19.146949,142.27,2025-10-20 12:57:26.004000+00:00,,20251020-001.gpx
47.6085098,19.1469472,142.27,2025-10-20 12:57:26.209000+00:00,,20251020-001.gpx
47.6085006,19.1469454,142.28,2025-10-20 12:57:26.412000+00:00,,20251020-001.gpx
47.6084922,19.1469438,142.26,2025-10-20 12:57:26.613000+00:00,,20251020-001.gpx
47.6084835,19.146942,142.26,2025-10-20 12:57:26.815000+00:00,,20251020-001.gpx
47.6084751,19.1469402,142.26,2025-10-20 12:57:27.017000+00:00,,20251020-001.gpx
47.6084668,19.1469382,142.25,2025-10-20 12:57:27.214000+00:00,,20251020-001.gpx
47.6084584,19.1469359,142.24,2025-10-20 12:57:27.421000+00:00,,20251020-001.gpx
47.6084505,19.1469335,142.24,2025-10-20 12:57:27.623000+00:00,,20251020-001.gpx
47.6084427,19.1469311,142.28,2025-10-20 12:57:27.825000+00:00,,20251020-001.gpx
47.6084348,19.1469283,142.31,2025-10-20 12:57:28.026000+00:00,,20251020-001.gpx
47.608427,19.1469253,142.32,2025-10-20 12:57:28.228000+00:00,,20251020-001.gpx
47.608421,19.1469228,142.32,2025-10-20 12:57:28.389000+00:00,,20251020-001.gpx
47.6084126,19.1469192,142.32,2025-10-20 12:57:28.631000+00:00,,20251020-001.gpx
47.6084053,19.1469161,142.3,2025-10-20 12:57:28.833000+00:00,,20251020-001.gpx
47.608398,19.1469134,142.32,2025-10-20 12:57:29.034000+00:00,,20251020-001.gpx
47.6083913,19.146911,142.33,2025-10-20 12:57:29.220000+00:00,,20251020-001.gpx
47.6083845,19.1469087,142.33,2025-10-20 12:57:29.409000+00:00,,20251020-001.gpx
47.6083763,19.146906,142.33,2025-10-20 12:57:29.635000+00:00,,20251020-001.gpx
47.6083691,19.1469036,142.34,2025-10-20 12:57:29.836000+00:00,,20251020-001.gpx
47.6083627,19.1469014,142.36,2025-10-20 12:57:30.016000+00:00,,20251020-001.gpx
47.6083557,19.1468991,142.36,2025-10-20 12:57:30.222000+00:00,,20251020-001.gpx
47.6083485,19.1468969,142.36,2025-10-20 12:57:30.428000+00:00,,20251020-001.gpx
47.6083408,19.1468949,142.36,2025-10-20 12:57:30.651000+00:00,,20251020-001.gpx
47.6083344,19.1468934,142.37,2025-10-20 12:57:30.830000+00:00,,20251020-001.gpx
47.6083273,19.1468919,142.39,2025-10-20 12:57:31.032000+00:00,,20251020-001.gpx
47.6083202,19.1468907,142.41,2025-10-20 12:57:31.234000+00:00,,20251020-001.gpx
47.6083141,19.1468898,142.42,2025-10-20 12:57:31.419000+00:00,,20251020-001.gpx
47.6083062,19.1468888,142.44,2025-10-20 12:57:31.642000+00:00,,20251020-001.gpx
47.6082991,19.1468881,142.45,2025-10-20 12:57:31.844000+00:00,,20251020-001.gpx
47.6082919,19.1468873,142.47,2025-10-20 12:57:32.046000+00:00,,20251020-001.gpx
47.6082847,19.1468862,142.49,2025-10-20 12:57:32.251000+00:00,,20251020-001.gpx
47.6082776,19.1468848,142.5,2025-10-20 12:57:32.452000+00:00,,20251020-001.gpx
47.6082719,19.1468835,142.51,2025-10-20 12:57:32.614000+00:00,,20251020-001.gpx
47.6082642,19.1468818,142.55,2025-10-20 12:57:32.836000+00:00,,20251020-001.gpx
47.6082575,19.1468805,142.58,2025-10-20 12:57:33.037000+00:00,,20251020-001.gpx
47.6082507,19.1468793,142.59,2025-10-20 12:57:33.240000+00:00,,20251020-001.gpx
47.608244,19.1468781,142.58,2025-10-20 12:57:33.441000+00:00,,20251020-001.gpx
47.6082371,19.1468768,142.58,2025-10-20 12:57:33.645000+00:00,,20251020-001.gpx
47.6082303,19.1468756,142.59,2025-10-20 12:57:33.846000+00:00,,20251020-001.gpx
47.6082235,19.1468744,142.59,2025-10-20 12:57:34.047000+00:00,,20251020-001.gpx
47.6082165,19.1468732,142.59,2025-10-20 12:57:34.250000+00:00,,20251020-001.gpx
47.6082097,19.1468721,142.6,2025-10-20 12:57:34.451000+00:00,,20251020-001.gpx
47.6082029,19.1468709,142.61,2025-10-20 12:57:34.652000+00:00,,20251020-001.gpx
47.608196,19.1468696,142.63,2025-10-20 12:57:34.853000+00:00,,20251020-001.gpx
47.608189,19.1468684,142.64,2025-10-20 12:57:35.054000+00:00,,20251020-001.gpx
47.6081819,19.1468672,142.66,2025-10-20 12:57:35.242000+00:00,,20251020-001.gpx
47.6081741,19.146866,142.68,2025-10-20 12:57:35.447000+00:00,,20251020-001.gpx
47.6081664,19.1468647,142.67,2025-10-20 12:57:35.647000+00:00,,20251020-001.gpx
47.6081586,19.1468633,142.66,2025-10-20 12:57:35.849000+00:00,,20251020-001.gpx
47.608151,19.1468619,142.65,2025-10-20 12:57:36.050000+00:00,,20251020-001.gpx
47.6081432,19.1468605,142.64,2025-10-20 12:57:36.252000+00:00,,20251020-001.gpx
47.6081355,19.1468591,142.64,2025-10-20 12:57:36.452000+00:00,,20251020-001.gpx
47.6081279,19.1468577,142.64,2025-10-20 12:57:36.652000+00:00,,20251020-001.gpx
47.6081201,19.1468559,142.63,2025-10-20 12:57:36.853000+00:00,,20251020-001.gpx
47.6081122,19.1468541,142.64,2025-10-20 12:57:37.054000+00:00,,20251020-001.gpx
47.608104,19.1468522,142.65,2025-10-20 12:57:37.263000+00:00,,20251020-001.gpx
47.608096,19.1468504,142.65,2025-10-20 12:57:37.464000+00:00,,20251020-001.gpx
47.6080881,19.1468487,142.67,2025-10-20 12:57:37.667000+00:00,,20251020-001.gpx
47.6080801,19.1468471,142.69,2025-10-20 12:57:37.868000+00:00,,20251020-001.gpx
47.608073,19.1468459,142.7,2025-10-20 12:57:38.048000+00:00,,20251020-001.gpx
47.6080644,19.1468443,142.72,2025-10-20 12:57:38.271000+00:00,,20251020-001.gpx
47.6080573,19.1468428,142.75,2025-10-20 12:57:38.472000+00:00,,20251020-001.gpx
47.6080497,19.1468411,142.76,2025-10-20 12:57:38.677000+00:00,,20251020-001.gpx
47.6080431,19.1468394,142.76,2025-10-20 12:57:38.859000+00:00,,20251020-001.gpx
47.6080353,19.1468372,142.74,2025-10-20 12:57:39.080000+00:00,,20251020-001.gpx
47.6080284,19.146835,142.75,2025-10-20 12:57:39.282000+00:00,,20251020-001.gpx
47.6080214,19.1468326,142.76,2025-10-20 12:57:39.483000+00:00,,20251020-001.gpx
47.6080145,19.1468302,142.74,2025-10-20 12:57:39.684000+00:00,,20251020-001.gpx
47.6080084,19.1468281,142.72,2025-10-20 12:57:39.865000+00:00,,20251020-001.gpx
47.6080008,19.1468255,142.71,2025-10-20 12:57:40.090000+00:00,,20251020-001.gpx
47.6079943,19.1468234,142.69,2025-10-20 12:57:40.292000+00:00,,20251020-001.gpx
47.6079881,19.1468213,142.68,2025-10-20 12:57:40.478000+00:00,,20251020-001.gpx
47.6079813,19.1468192,142.69,2025-10-20 12:57:40.683000+00:00,,20251020-001.gpx
47.607975,19.1468172,142.69,2025-10-20 12:57:40.885000+00:00,,20251020-001.gpx
47.6079683,19.1468151,142.68,2025-10-20 12:57:41.086000+00:00,,20251020-001.gpx
47.6079627,19.1468135,142.67,2025-10-20 12:57:41.257000+00:00,,20251020-001.gpx
47.6079561,19.1468116,142.68,2025-10-20 12:57:41.458000+00:00,,20251020-001.gpx
47.6079494,19.1468098,142.69,2025-10-20 12:57:41.659000+00:00,,20251020-001.gpx
47.6079424,19.1468083,142.7,2025-10-20 12:57:41.880000+00:00,,20251020-001.gpx
47.6079365,19.1468071,142.75,2025-10-20 12:57:42.083000+00:00,,20251020-001.gpx
47.6079317,19.1468062,142.77,2025-10-20 12:57:42.262000+00:00,,20251020-001.gpx
47.6079272,19.146805,142.77,2025-10-20 12:57:42.483000+00:00,,20251020-001.gpx
47.6079245,19.146804,142.76,2025-10-20 12:57:42.663000+00:00,,20251020-001.gpx
47.6079226,19.146803,142.74,2025-10-20 12:57:42.863000+00:00,,20251020-001.gpx
47.6079217,19.1468019,142.71,2025-10-20 12:57:43.086000+00:00,,20251020-001.gpx
47.6079217,19.146801,142.67,2025-10-20 12:57:43.297000+00:00,,20251020-001.gpx
47.6079223,19.1468002,142.65,2025-10-20 12:57:43.481000+00:00,,20251020-001.gpx
47.6079234,19.1467995,142.65,2025-10-20 12:57:43.683000+00:00,,20251020-001.gpx
47.607925,19.1467989,142.64,2025-10-20 12:57:43.884000+00:00,,20251020-001.gpx
47.607927,19.1467985,142.64,2025-10-20 12:57:44.087000+00:00,,20251020-001.gpx
47.607929,19.1467981,142.63,2025-10-20 12:57:44.290000+00:00,,20251020-001.gpx
47.6079309,19.1467979,142.62,2025-10-20 12:57:44.470000+00:00,,20251020-001.gpx
47.6079332,19.1467978,142.64,2025-10-20 12:57:44.673000+00:00,,20251020-001.gpx
47.6079362,19.1467981,142.77,2025-10-20 12:57:44.894000+00:00,,20251020-001.gpx
47.6079393,19.146799,143.0,2025-10-20 12:57:45.097000+00:00,,20251020-001.gpx
47.6079432,19.1468005,143.37,2025-10-20 12:57:45.300000+00:00,,20251020-001.gpx
47.607948,19.1468024,143.8,2025-10-20 12:57:45.503000+00:00,,20251020-001.gpx
47.6079533,19.1468045,144.26,2025-10-20 12:57:45.706000+00:00,,20251020-001.gpx
47.6079597,19.1468068,144.79,2025-10-20 12:57:45.911000+00:00,,20251020-001.gpx
47.6079665,19.1468092,145.29,2025-10-20 12:57:46.112000+00:00,,20251020-001.gpx
47.6079739,19.1468116,145.78,2025-10-20 12:57:46.314000+00:00,,20251020-001.gpx
47.6079815,19.1468141,146.27,2025-10-20 12:57:46.515000+00:00,,20251020-001.gpx
47.607989,19.1468163,146.74,2025-10-20 12:57:46.715000+00:00,,20251020-001.gpx
47.6079967,19.1468184,147.2,2025-10-20 12:57:46.916000+00:00,,20251020-001.gpx
47.6080042,19.1468203,147.67,2025-10-20 12:57:47.118000+00:00,,20251020-001.gpx
47.6080116,19.1468221,148.15,2025-10-20 12:57:47.323000+00:00,,20251020-001.gpx
47.6080183,19.1468236,148.59,2025-10-20 12:57:47.513000+00:00,,20251020-001.gpx
47.6080255,19.146825,149.06,2025-10-20 12:57:47.715000+00:00,,20251020-001.gpx
47.6080326,19.1468264,149.52,2025-10-20 12:57:47.916000+00:00,,20251020-001.gpx
47.6080395,19.1468279,149.98,2025-10-20 12:57:48.116000+00:00,,20251020-001.gpx
47.6080464,19.1468295,150.44,2025-10-20 12:57:48.320000+00:00,,20251020-001.gpx
47.6080535,19.1468314,150.9,2025-10-20 12:57:48.523000+00:00,,20251020-001.gpx
47.60806,19.146833,151.32,2025-10-20 12:57:48.708000+00:00,,20251020-001.gpx
47.608067,19.1468348,151.78,2025-10-20 12:57:48.909000+00:00,,20251020-001.gpx
47.6080738,19.1468364,152.23,2025-10-20 12:57:49.111000+00:00,,20251020-001.gpx
47.6080809,19.146838,152.71,2025-10-20 12:57:49.322000+00:00,,20251020-001.gpx
47.6080873,19.1468394,153.16,2025-10-20 12:57:49.523000+00:00,,20251020-001.gpx
47.6080933,19.1468407,153.61,2025-10-20 12:57:49.726000+00:00,,20251020-001.gpx
47.6080987,19.1468419,154.03,2025-10-20 12:57:49.908000+00:00,,20251020-001.gpx
47.6081032,19.1468429,154.38,2025-10-20 12:57:50.069000+00:00,,20251020-001.gpx
47.608109,19.1468444,154.84,2025-10-20 12:57:50.272000+00:00,,20251020-001.gpx
47.608116,19.1468462,155.46,2025-10-20 12:57:50.535000+00:00,,20251020-001.gpx
47.6081208,19.1468476,155.88,2025-10-20 12:57:50.716000+00:00,,20251020-001.gpx
47.6081257,19.1468491,156.3,2025-10-20 12:57:50.917000+00:00,,20251020-001.gpx
47.6081309,19.1468508,156.76,2025-10-20 12:57:51.119000+00:00,,20251020-001.gpx
47.6081354,19.1468523,157.19,2025-10-20 12:57:51.291000+00:00,,20251020-001.gpx
47.6081402,19.1468538,157.64,2025-10-20 12:57:51.471000+00:00,,20251020-001.gpx
47.6081461,19.1468557,158.18,2025-10-20 12:57:51.693000+00:00,,20251020-001.gpx
47.608152,19.1468576,158.7,2025-10-20 12:57:51.914000+00:00,,20251020-001.gpx
47.6081569,19.1468591,159.13,2025-10-20 12:57:52.094000+00:00,,20251020-001.gpx
47.6081627,19.146861,159.64,2025-10-20 12:57:52.307000+00:00,,20251020-001.gpx
47.6081681,19.1468627,160.11,2025-10-20 12:57:52.509000+00:00,,20251020-001.gpx
47.6081737,19.1468645,160.59,2025-10-20 12:57:52.711000+00:00,,20251020-001.gpx
47.6081798,19.1468663,161.11,2025-10-20 12:57:52.932000+00:00,,20251020-001.gpx
47.6081847,19.1468678,161.54,2025-10-20 12:57:53.112000+00:00,,20251020-001.gpx
47.6081903,19.1468695,162.03,2025-10-20 12:57:53.318000+00:00,,20251020-001.gpx
47.6081959,19.1468712,162.51,2025-10-20 12:57:53.519000+00:00,,20251020-001.gpx
47.6082013,19.1468727,162.98,2025-10-20 12:57:53.723000+00:00,,20251020-001.gpx
47.6082063,19.1468741,163.42,2025-10-20 12:57:53.905000+00:00,,20251020-001.gpx
47.6082118,19.1468754,163.9,2025-10-20 12:57:54.105000+00:00,,20251020-001.gpx
47.6082173,19.1468765,164.39,2025-10-20 12:57:54.315000+00:00,,20251020-001.gpx
47.6082222,19.1468775,164.82,2025-10-20 12:57:54.496000+00:00,,20251020-001.gpx
47.6082284,19.1468787,165.34,2025-10-20 12:57:54.717000+00:00,,20251020-001.gpx
47.6082343,19.1468797,165.81,2025-10-20 12:57:54.918000+00:00,,20251020-001.gpx
47.6082402,19.1468807,166.29,2025-10-20 12:57:55.120000+00:00,,20251020-001.gpx
47.6082461,19.1468817,166.73,2025-10-20 12:57:55.322000+00:00,,20251020-001.gpx
47.6082523,19.1468828,167.2,2025-10-20 12:57:55.525000+00:00,,20251020-001.gpx
47.6082581,19.1468838,167.62,2025-10-20 12:57:55.709000+00:00,,20251020-001.gpx
47.6082644,19.1468849,168.09,2025-10-20 12:57:55.911000+00:00,,20251020-001.gpx
47.6082699,19.1468858,168.5,2025-10-20 12:57:56.092000+00:00,,20251020-001.gpx
47.6082769,19.146887,169.03,2025-10-20 12:57:56.320000+00:00,,20251020-001.gpx
47.608283,19.1468881,169.5,2025-10-20 12:57:56.521000+00:00,,20251020-001.gpx
47.6082892,19.1468892,169.97,2025-10-20 12:57:56.724000+00:00,,20251020-001.gpx
47.608295,19.1468902,170.42,2025-10-20 12:57:56.924000+00:00,,20251020-001.gpx
47.6083006,19.1468914,170.87,2025-10-20 12:57:57.125000+00:00,,20251020-001.gpx
47.608306,19.1468925,171.31,2025-10-20 12:57:57.310000+00:00,,20251020-001.gpx
47.6083119,19.1468939,171.78,2025-10-20 12:57:57.512000+00:00,,20251020-001.gpx
47.6083178,19.1468953,172.25,2025-10-20 12:57:57.715000+00:00,,20251020-001.gpx
47.6083223,19.1468963,172.61,2025-10-20 12:57:57.876000+00:00,,20251020-001.gpx
47.6083292,19.146898,173.16,2025-10-20 12:57:58.117000+00:00,,20251020-001.gpx
47.6083351,19.1468993,173.62,2025-10-20 12:57:58.318000+00:00,,20251020-001.gpx
47.608341,19.1469006,174.08,2025-10-20 12:57:58.519000+00:00,,20251020-001.gpx
47.6083468,19.1469019,174.53,2025-10-20 12:57:58.720000+00:00,,20251020-001.gpx
47.6083527,19.1469032,174.98,2025-10-20 12:57:58.920000+00:00,,20251020-001.gpx
47.6083586,19.1469046,175.44,2025-10-20 12:57:59.120000+00:00,,20251020-001.gpx
47.6083646,19.1469059,175.91,2025-10-20 12:57:59.326000+00:00,,20251020-001.gpx
47.6083702,19.1469072,176.36,2025-10-20 12:57:59.526000+00:00,,20251020-001.gpx
47.6083757,19.1469085,176.79,2025-10-20 12:57:59.727000+00:00,,20251020-001.gpx
47.6083797,19.1469094,177.11,2025-10-20 12:57:59.869000+00:00,,20251020-001.gpx
47.608386,19.146911,177.62,2025-10-20 12:58:00.090000+00:00,,20251020-001.gpx
47.6083923,19.1469125,178.12,2025-10-20 12:58:00.312000+00:00,,20251020-001.gpx
47.6083978,19.1469139,178.57,2025-10-20 12:58:00.513000+00:00,,20251020-001.gpx
47.6084033,19.1469152,179.03,2025-10-20 12:58:00.713000+00:00,,20251020-001.gpx
47.6084089,19.1469166,179.5,2025-10-20 12:58:00.915000+00:00,,20251020-001.gpx
47.6084146,19.1469182,179.97,2025-10-20 12:58:01.117000+00:00,,20251020-001.gpx
47.6084201,19.1469198,180.42,2025-10-20 12:58:01.322000+00:00,,20251020-001.gpx
47.6084258,19.1469215,180.88,2025-10-20 12:58:01.524000+00:00,,20251020-001.gpx
47.6084317,19.1469233,181.36,2025-10-20 12:58:01.725000+00:00,,20251020-001.gpx
47.6084374,19.146925,181.82,2025-10-20 12:58:01.927000+00:00,,20251020-001.gpx
47.6084432,19.1469267,182.29,2025-10-20 12:58:02.127000+00:00,,20251020-001.gpx
47.6084489,19.1469283,182.76,2025-10-20 12:58:02.329000+00:00,,20251020-001.gpx
47.6084535,19.1469296,183.14,2025-10-20 12:58:02.491000+00:00,,20251020-001.gpx
47.6084606,19.1469313,183.7,2025-10-20 12:58:02.734000+00:00,,20251020-001.gpx
47.6084665,19.1469327,184.16,2025-10-20 12:58:02.933000+00:00,,20251020-001.gpx
47.6084725,19.1469339,184.61,2025-10-20 12:58:03.135000+00:00,,20251020-001.gpx
47.6084779,19.146935,185.02,2025-10-20 12:58:03.318000+00:00,,20251020-001.gpx
47.608484,19.1469363,185.48,2025-10-20 12:58:03.520000+00:00,,20251020-001.gpx
47.6084903,19.1469376,185.95,2025-10-20 12:58:03.726000+00:00,,20251020-001.gpx
47.6084958,19.1469388,186.37,2025-10-20 12:58:03.911000+00:00,,20251020-001.gpx
47.6085024,19.1469404,186.88,2025-10-20 12:58:04.135000+00:00,,20251020-001.gpx
47.6085082,19.1469418,187.34,2025-10-20 12:58:04.329000+00:00,,20251020-001.gpx
47.6085143,19.1469432,187.81,2025-10-20 12:58:04.530000+00:00,,20251020-001.gpx
47.6085201,19.1469446,188.28,2025-10-20 12:58:04.730000+00:00,,20251020-001.gpx
47.608526,19.146946,188.75,2025-10-20 12:58:04.930000+00:00,,20251020-001.gpx
47.6085319,19.1469475,189.21,2025-10-20 12:58:05.132000+00:00,,20251020-001.gpx
47.6085381,19.146949,189.7,2025-10-20 12:58:05.344000+00:00,,20251020-001.gpx
47.6085438,19.1469504,190.15,2025-10-20 12:58:05.547000+00:00,,20251020-001.gpx
47.6085496,19.1469516,190.62,2025-10-20 12:58:05.752000+00:00,,20251020-001.gpx
47.6085548,19.1469526,191.05,2025-10-20 12:58:05.940000+00:00,,20251020-001.gpx
47.6085606,19.1469538,191.53,2025-10-20 12:58:06.142000+00:00,,20251020-001.gpx
47.6085665,19.1469549,192.01,2025-10-20 12:58:06.348000+00:00,,20251020-001.gpx
47.6085722,19.146956,192.49,2025-10-20 12:58:06.550000+00:00,,20251020-001.gpx
47.6085779,19.146957,192.97,2025-10-20 12:58:06.751000+00:00,,20251020-001.gpx
47.6085836,19.146958,193.43,2025-10-20 12:58:06.953000+00:00,,20251020-001.gpx
47.6085881,19.1469589,193.79,2025-10-20 12:58:07.113000+00:00,,20251020-001.gpx
47.608595,19.1469604,194.36,2025-10-20 12:58:07.358000+00:00,,20251020-001.gpx
47.6086002,19.1469615,194.78,2025-10-20 12:58:07.538000+00:00,,20251020-001.gpx
47.6086059,19.1469627,195.23,2025-10-20 12:58:07.738000+00:00,,20251020-001.gpx
47.6086113,19.1469638,195.66,2025-10-20 12:58:07.920000+00:00,,20251020-001.gpx
47.6086171,19.146965,196.13,2025-10-20 12:58:08.121000+00:00,,20251020-001.gpx
47.608623,19.1469663,196.62,2025-10-20 12:58:08.325000+00:00,,20251020-001.gpx
47.6086288,19.1469677,197.08,2025-10-20 12:58:08.528000+00:00,,20251020-001.gpx
47.6086352,19.1469693,197.6,2025-10-20 12:58:08.750000+00:00,,20251020-001.gpx
47.608641,19.1469708,198.08,2025-10-20 12:58:08.951000+00:00,,20251020-001.gpx
47.6086464,19.1469722,198.51,2025-10-20 12:58:09.131000+00:00,,20251020-001.gpx
47.6086522,19.1469737,198.98,2025-10-20 12:58:09.333000+00:00,,20251020-001.gpx
47.6086581,19.1469752,199.46,2025-10-20 12:58:09.533000+00:00,,20251020-001.gpx
47.6086641,19.1469766,199.94,2025-10-20 12:58:09.735000+00:00,,20251020-001.gpx
47.60867,19.1469781,200.4,2025-10-20 12:58:09.936000+00:00,,20251020-001.gpx
47.6086759,19.1469794,200.87,2025-10-20 12:58:10.138000+00:00,,20251020-001.gpx
47.6086819,19.1469808,201.34,2025-10-20 12:58:10.340000+00:00,,20251020-001.gpx
47.6086881,19.1469822,201.81,2025-10-20 12:58:10.543000+00:00,,20251020-001.gpx
47.6086943,19.1469836,202.29,2025-10-20 12:58:10.747000+00:00,,20251020-001.gpx
47.6087003,19.1469849,202.76,2025-10-20 12:58:10.949000+00:00,,20251020-001.gpx
47.6087065,19.1469861,203.23,2025-10-20 12:58:11.152000+00:00,,20251020-001.gpx
47.6087123,19.1469873,203.68,2025-10-20 12:58:11.344000+00:00,,20251020-001.gpx
47.6087184,19.1469886,204.16,2025-10-20 12:58:11.546000+00:00,,20251020-001.gpx
47.6087243,19.1469898,204.62,2025-10-20 12:58:11.747000+00:00,,20251020-001.gpx
47.6087303,19.1469912,205.09,2025-10-20 12:58:11.948000+00:00,,20251020-001.gpx
47.6087364,19.1469927,205.57,2025-10-20 12:58:12.149000+00:00,,20251020-001.gpx
47.6087424,19.1469942,206.05,2025-10-20 12:58:12.350000+00:00,,20251020-001.gpx
47.6087484,19.1469959,206.53,2025-10-20 12:58:12.550000+00:00,,20251020-001.gpx
47.6087536,19.1469973,206.94,2025-10-20 12:58:12.730000+00:00,,20251020-001.gpx
47.6087601,19.1469991,207.46,2025-10-20 12:58:12.951000+00:00,,20251020-001.gpx
47.6087659,19.1470008,207.94,2025-10-20 12:58:13.152000+00:00,,20251020-001.gpx
47.6087717,19.1470024,208.42,2025-10-20 12:58:13.353000+00:00,,20251020-001.gpx
47.6087774,19.1470039,208.88,2025-10-20 12:58:13.554000+00:00,,20251020-001.gpx
47.6087829,19.1470053,209.35,2025-10-20 12:58:13.755000+00:00,,20251020-001.gpx
47.6087887,19.1470067,209.83,2025-10-20 12:58:13.957000+00:00,,20251020-001.gpx
47.6087943,19.147008,210.31,2025-10-20 12:58:14.158000+00:00,,20251020-001.gpx
47.6087995,19.1470092,210.75,2025-10-20 12:58:14.342000+00:00,,20251020-001.gpx
47.6088052,19.1470104,211.23,2025-10-20 12:58:14.543000+00:00,,20251020-001.gpx
47.6088104,19.1470115,211.66,2025-10-20 12:58:14.725000+00:00,,20251020-001.gpx
47.6088167,19.1470128,212.19,2025-10-20 12:58:14.945000+00:00,,20251020-001.gpx
47.6088229,19.1470142,212.7,2025-10-20 12:58:15.169000+00:00,,20251020-001.gpx
47.6088279,19.1470154,213.12,2025-10-20 12:58:15.354000+00:00,,20251020-001.gpx
47.6088335,19.1470167,213.59,2025-10-20 12:58:15.554000+00:00,,20251020-001.gpx
47.6088394,19.1470181,214.05,2025-10-20 12:58:15.756000+00:00,,20251020-001.gpx
47.6088453,19.1470195,214.5,2025-10-20 12:58:15.958000+00:00,,20251020-001.gpx
47.6088511,19.1470209,214.95,2025-10-20 12:58:16.158000+00:00,,20251020-001.gpx
47.6088565,19.1470221,215.35,2025-10-20 12:58:16.341000+00:00,,20251020-001.gpx
47.6088625,19.1470236,215.81,2025-10-20 12:58:16.543000+00:00,,20251020-001.gpx
47.6088679,19.147025,216.21,2025-10-20 12:58:16.725000+00:00,,20251020-001.gpx
47.6088735,19.1470265,216.66,2025-10-20 12:58:16.927000+00:00,,20251020-001.gpx
47.6088799,19.1470281,217.17,2025-10-20 12:58:17.152000+00:00,,20251020-001.gpx
47.6088861,19.1470298,217.64,2025-10-20 12:58:17.358000+00:00,,20251020-001.gpx
47.6088921,19.1470315,218.1,2025-10-20 12:58:17.559000+00:00,,20251020-001.gpx
47.6088981,19.1470332,218.57,2025-10-20 12:58:17.760000+00:00,,20251020-001.gpx
47.6089029,19.1470345,218.93,2025-10-20 12:58:17.921000+00:00,,20251020-001.gpx
47.6089089,19.1470361,219.39,2025-10-20 12:58:18.123000+00:00,,20251020-001.gpx
47.6089153,19.1470378,219.88,2025-10-20 12:58:18.341000+00:00,,20251020-001.gpx
47.6089218,19.1470394,220.39,2025-10-20 12:58:18.566000+00:00,,20251020-001.gpx
47.6089276,19.1470408,220.84,2025-10-20 12:58:18.768000+00:00,,20251020-001.gpx
47.6089335,19.1470422,221.3,2025-10-20 12:58:18.969000+00:00,,20251020-001.gpx
47.6089395,19.1470436,221.77,2025-10-20 12:58:19.172000+00:00,,20251020-001.gpx
47.608945,19.1470448,222.2,2025-10-20 12:58:19.356000+00:00,,20251020-001.gpx
47.6089515,19.1470463,222.69,2025-10-20 12:58:19.576000+00:00,,20251020-001.gpx
47.6089574,19.1470476,223.15,2025-10-20 12:58:19.777000+00:00,,20251020-001.gpx
47.6089627,19.1470488,223.57,2025-10-20 12:58:19.959000+00:00,,20251020-001.gpx
47.6089686,19.14705,224.03,2025-10-20 12:58:20.160000+00:00,,20251020-001.gpx
47.608975,19.1470514,224.54,2025-10-20 12:58:20.381000+00:00,,20251020-001.gpx
47.60898,19.1470525,224.95,2025-10-20 12:58:20.561000+00:00,,20251020-001.gpx
47.6089858,19.1470537,225.41,2025-10-20 12:58:20.764000+00:00,,20251020-001.gpx
47.6089908,19.1470548,225.82,2025-10-20 12:58:20.945000+00:00,,20251020-001.gpx
47.6089969,19.147056,226.33,2025-10-20 12:58:21.175000+00:00,,20251020-001.gpx
47.6090027,19.1470573,226.82,2025-10-20 12:58:21.385000+00:00,,20251020-001.gpx
47.6090085,19.1470585,227.3,2025-10-20 12:58:21.589000+00:00,,20251020-001.gpx
47.6090144,19.1470599,227.8,2025-10-20 12:58:21.795000+00:00,,20251020-001.gpx
47.6090202,19.1470611,228.26,2025-10-20 12:58:21.996000+00:00,,20251020-001.gpx
47.6090259,19.1470623,228.72,2025-10-20 12:58:22.199000+00:00,,20251020-001.gpx
47.6090312,19.1470635,229.15,2025-10-20 12:58:22.380000+00:00,,20251020-001.gpx
47.6090372,19.1470647,229.61,2025-10-20 12:58:22.581000+00:00,,20251020-001.gpx
47.6090431,19.1470661,230.07,2025-10-20 12:58:22.782000+00:00,,20251020-001.gpx
47.6090491,19.1470675,230.54,2025-10-20 12:58:22.985000+00:00,,20251020-001.gpx
47.6090552,19.147069,231.03,2025-10-20 12:58:23.199000+00:00,,20251020-001.gpx
47.6090612,19.1470705,231.51,2025-10-20 12:58:23.402000+00:00,,20251020-001.gpx
47.6090672,19.147072,231.97,2025-10-20 12:58:23.604000+00:00,,20251020-001.gpx
47.6090724,19.1470733,232.38,2025-10-20 12:58:23.786000+00:00,,20251020-001.gpx
47.6090777,19.1470746,232.8,2025-10-20 12:58:23.965000+00:00,,20251020-001.gpx
47.6090845,19.1470762,233.33,2025-10-20 12:58:24.191000+00:00,,20251020-001.gpx
47.6090906,19.1470777,233.79,2025-10-20 12:58:24.394000+00:00,,20251020-001.gpx
47.6090968,19.1470791,234.26,2025-10-20 12:58:24.599000+00:00,,20251020-001.gpx
47.6091025,19.1470803,234.7,2025-10-20 12:58:24.800000+00:00,,20251020-001.gpx
47.6091086,19.1470816,235.16,2025-10-20 12:58:25.004000+00:00,,20251020-001.gpx
47.6091147,19.1470829,235.63,2025-10-20 12:58:25.208000+00:00,,20251020-001.gpx
47.6091188,19.1470838,235.95,2025-10-20 12:58:25.349000+00:00,,20251020-001.gpx
47.6091259,19.1470853,236.51,2025-10-20 12:58:25.589000+00:00,,20251020-001.gpx
47.6091319,19.1470865,236.99,2025-10-20 12:58:25.793000+00:00,,20251020-001.gpx
47.6091377,19.1470875,237.46,2025-10-20 12:58:25.995000+00:00,,20251020-001.gpx
47.6091434,19.1470886,237.93,2025-10-20 12:58:26.197000+00:00,,20251020-001.gpx
47.609149,19.1470897,238.38,2025-10-20 12:58:26.398000+00:00,,20251020-001.gpx
47.6091547,19.147091,238.84,2025-10-20 12:58:26.600000+00:00,,20251020-001.gpx
47.6091605,19.1470924,239.3,2025-10-20 12:58:26.802000+00:00,,20251020-001.gpx
47.6091662,19.1470938,239.77,2025-10-20 12:58:27.006000+00:00,,20251020-001.gpx
47.609172,19.1470954,240.25,2025-10-20 12:58:27.208000+00:00,,20251020-001.gpx
47.6091758,19.1470965,240.57,2025-10-20 12:58:27.350000+00:00,,20251020-001.gpx
47.6091827,19.1470983,241.14,2025-10-20 12:58:27.591000+00:00,,20251020-001.gpx
47.6091885,19.1470999,241.62,2025-10-20 12:58:27.793000+00:00,,20251020-001.gpx
47.6091936,19.1471013,242.05,2025-10-20 12:58:27.973000+00:00,,20251020-001.gpx
47.6091994,19.1471028,242.52,2025-10-20 12:58:28.178000+00:00,,20251020-001.gpx
47.6092054,19.1471044,243.0,2025-10-20 12:58:28.381000+00:00,,20251020-001.gpx
47.6092118,19.1471062,243.55,2025-10-20 12:58:28.605000+00:00,,20251020-001.gpx
47.609217,19.1471076,243.99,2025-10-20 12:58:28.786000+00:00,,20251020-001.gpx
47.6092219,19.147109,244.4,2025-10-20 12:58:28.967000+00:00,,20251020-001.gpx
47.6092282,19.1471107,244.93,2025-10-20 12:58:29.192000+00:00,,20251020-001.gpx
47.6092342,19.1471122,245.42,2025-10-20 12:58:29.394000+00:00,,20251020-001.gpx
47.60924,19.1471137,245.91,2025-10-20 12:58:29.596000+00:00,,20251020-001.gpx
47.6092458,19.1471151,246.39,2025-10-20 12:58:29.798000+00:00,,20251020-001.gpx
47.6092517,19.1471165,246.87,2025-10-20 12:58:29.999000+00:00,,20251020-001.gpx
47.6092578,19.1471179,247.36,2025-10-20 12:58:30.201000+00:00,,20251020-001.gpx
47.6092629,19.1471191,247.76,2025-10-20 12:58:30.373000+00:00,,20251020-001.gpx
47.6092695,19.1471206,248.29,2025-10-20 12:58:30.596000+00:00,,20251020-001.gpx
47.6092755,19.147122,248.76,2025-10-20 12:58:30.797000+00:00,,20251020-001.gpx
47.6092815,19.1471235,249.24,2025-10-20 12:58:30.997000+00:00,,20251020-001.gpx
47.6092869,19.1471248,249.67,2025-10-20 12:58:31.182000+00:00,,20251020-001.gpx
47.6092931,19.1471261,250.17,2025-10-20 12:58:31.398000+00:00,,20251020-001.gpx
47.6092987,19.1471272,250.63,2025-10-20 12:58:31.603000+00:00,,20251020-001.gpx
47.6093037,19.1471282,251.05,2025-10-20 12:58:31.782000+00:00,,20251020-001.gpx
47.6093099,19.1471293,251.58,2025-10-20 12:58:32.004000+00:00,,20251020-001.gpx
47.609315,19.1471302,252.01,2025-10-20 12:58:32.184000+00:00,,20251020-001.gpx
47.609321,19.1471314,252.49,2025-10-20 12:58:32.391000+00:00,,20251020-001.gpx
47.609327,19.1471326,252.97,2025-10-20 12:58:32.592000+00:00,,20251020-001.gpx
47.6093331,19.1471339,253.45,2025-10-20 12:58:32.796000+00:00,,20251020-001.gpx
47.6093391,19.1471353,253.92,2025-10-20 12:58:32.998000+00:00,,20251020-001.gpx
47.6093451,19.1471369,254.39,2025-10-20 12:58:33.203000+00:00,,20251020-001.gpx
47.6093512,19.1471385,254.87,2025-10-20 12:58:33.406000+00:00,,20251020-001.gpx
47.6093572,19.1471401,255.35,2025-10-20 12:58:33.607000+00:00,,20251020-001.gpx
47.6093632,19.1471417,255.81,2025-10-20 12:58:33.808000+00:00,,20251020-001.gpx
47.6093689,19.1471432,256.27,2025-10-20 12:58:34.008000+00:00,,20251020-001.gpx
47.6093749,19.1471447,256.75,2025-10-20 12:58:34.209000+00:00,,20251020-001.gpx
47.6093809,19.1471461,257.2,2025-10-20 12:58:34.409000+00:00,,20251020-001.gpx
47.6093868,19.1471474,257.58,2025-10-20 12:58:34.610000+00:00,,20251020-001.gpx
47.6093924,19.1471486,257.86,2025-10-20 12:58:34.812000+00:00,,20251020-001.gpx
47.6093975,19.1471497,258.01,2025-10-20 12:58:35.012000+00:00,,20251020-001.gpx
47.6094013,19.1471504,258.05,2025-10-20 12:58:35.187000+00:00,,20251020-001.gpx
47.6094052,19.147151,258.03,2025-10-20 12:58:35.408000+00:00,,20251020-001.gpx
47.6094075,19.1471513,257.97,2025-10-20 12:58:35.589000+00:00,,20251020-001.gpx
47.609409,19.1471514,257.91,2025-10-20 12:58:35.770000+00:00,,20251020-001.gpx
47.6094097,19.1471515,257.87,2025-10-20 12:58:35.992000+00:00,,20251020-001.gpx
47.6094095,19.1471517,257.87,2025-10-20 12:58:36.201000+00:00,,20251020-001.gpx
47.6094088,19.1471519,257.85,2025-10-20 12:58:36.402000+00:00,,20251020-001.gpx
47.6094077,19.1471522,257.84,2025-10-20 12:58:36.604000+00:00,,20251020-001.gpx
47.6094062,19.1471527,257.86,2025-10-20 12:58:36.805000+00:00,,20251020-001.gpx
47.6094045,19.1471531,257.86,2025-10-20 12:58:37.008000+00:00,,20251020-001.gpx
47.6094026,19.1471536,257.85,2025-10-20 12:58:37.213000+00:00,,20251020-001.gpx
47.6094007,19.1471539,257.83,2025-10-20 12:58:37.406000+00:00,,20251020-001.gpx
47.6093987,19.1471542,257.75,2025-10-20 12:58:37.606000+00:00,,20251020-001.gpx
47.6093969,19.1471544,257.58,2025-10-20 12:58:37.788000+00:00,,20251020-001.gpx
47.609395,19.1471546,257.26,2025-10-20 12:58:38.009000+00:00,,20251020-001.gpx
47.6093934,19.1471549,256.88,2025-10-20 12:58:38.192000+00:00,,20251020-001.gpx
47.6093913,19.1471551,256.29,2025-10-20 12:58:38.414000+00:00,,20251020-001.gpx
47.6093893,19.1471554,255.71,2025-10-20 12:58:38.615000+00:00,,20251020-001.gpx
47.6093873,19.1471557,255.14,2025-10-20 12:58:38.819000+00:00,,20251020-001.gpx
47.6093856,19.1471559,254.6,2025-10-20 12:58:39.019000+00:00,,20251020-001.gpx
47.6093841,19.147156,254.13,2025-10-20 12:58:39.204000+00:00,,20251020-001.gpx
47.6093826,19.1471559,253.58,2025-10-20 12:58:39.406000+00:00,,20251020-001.gpx
47.6093813,19.1471557,253.02,2025-10-20 12:58:39.609000+00:00,,20251020-001.gpx
47.6093802,19.1471552,252.47,2025-10-20 12:58:39.811000+00:00,,20251020-001.gpx
47.6093793,19.1471545,251.93,2025-10-20 12:58:40.011000+00:00,,20251020-001.gpx
47.6093786,19.1471537,251.38,2025-10-20 12:58:40.212000+00:00,,20251020-001.gpx
47.6093781,19.1471527,250.84,2025-10-20 12:58:40.414000+00:00,,20251020-001.gpx
47.6093778,19.1471517,250.3,2025-10-20 12:58:40.615000+00:00,,20251020-001.gpx
47.6093776,19.1471507,249.76,2025-10-20 12:58:40.815000+00:00,,20251020-001.gpx
47.6093775,19.1471498,249.27,2025-10-20 12:58:40.996000+00:00,,20251020-001.gpx
47.6093776,19.1471487,248.66,2025-10-20 12:58:41.222000+00:00,,20251020-001.gpx
47.6093777,19.1471478,248.12,2025-10-20 12:58:41.422000+00:00,,20251020-001.gpx
47.6093779,19.1471469,247.59,2025-10-20 12:58:41.624000+00:00,,20251020-001.gpx
47.6093781,19.1471461,247.09,2025-10-20 12:58:41.825000+00:00,,20251020-001.gpx
47.6093784,19.1471453,246.56,2025-10-20 12:58:42.026000+00:00,,20251020-001.gpx
47.6093786,19.1471446,246.04,2025-10-20 12:58:42.221000+00:00,,20251020-001.gpx
47.6093789,19.1471439,245.52,2025-10-20 12:58:42.422000+00:00,,20251020-001.gpx
47.6093792,19.1471432,245.0,2025-10-20 12:58:42.613000+00:00,,20251020-001.gpx
47.6093795,19.1471425,244.42,2025-10-20 12:58:42.824000+00:00,,20251020-001.gpx
47.6093798,19.1471419,243.9,2025-10-20 12:58:43.024000+00:00,,20251020-001.gpx
47.60938,19.1471415,243.46,2025-10-20 12:58:43.192000+00:00,,20251020-001.gpx
47.60938,19.1471411,242.88,2025-10-20 12:58:43.413000+00:00,,20251020-001.gpx
47.6093801,19.1471409,242.4,2025-10-20 12:58:43.593000+00:00,,20251020-001.gpx
47.6093801,19.1471405,241.87,2025-10-20 12:58:43.793000+00:00,,20251020-001.gpx
47.6093802,19.1471403,241.38,2025-10-20 12:58:43.974000+00:00,,20251020-001.gpx
47.6093802,19.14714,240.8,2025-10-20 12:58:44.195000+00:00,,20251020-001.gpx
47.6093802,19.1471399,240.22,2025-10-20 12:58:44.412000+00:00,,20251020-001.gpx
47.6093802,19.1471398,239.68,2025-10-20 12:58:44.616000+00:00,,20251020-001.gpx
47.6093801,19.1471398,239.15,2025-10-20 12:58:44.817000+00:00,,20251020-001.gpx
47.6093801,19.1471399,238.62,2025-10-20 12:58:45.018000+00:00,,20251020-001.gpx
47.60938,19.14714,238.11,2025-10-20 12:58:45.217000+00:00,,20251020-001.gpx
47.6093799,19.1471402,237.57,2025-10-20 12:58:45.419000+00:00,,20251020-001.gpx
47.6093798,19.1471404,237.08,2025-10-20 12:58:45.599000+00:00,,20251020-001.gpx
47.6093796,19.1471405,236.49,2025-10-20 12:58:45.821000+00:00,,20251020-001.gpx
47.6093794,19.1471407,235.95,2025-10-20 12:58:46.021000+00:00,,20251020-001.gpx
47.6093792,19.1471408,235.44,2025-10-20 12:58:46.210000+00:00,,20251020-001.gpx
47.609379,19.1471409,234.9,2025-10-20 12:58:46.411000+00:00,,20251020-001.gpx
47.6093787,19.1471411,234.35,2025-10-20 12:58:46.612000+00:00,,20251020-001.gpx
47.6093784,19.1471412,233.82,2025-10-20 12:58:46.815000+00:00,,20251020-001.gpx
47.6093781,19.1471413,233.31,2025-10-20 12:58:47.016000+00:00,,20251020-001.gpx
47.6093778,19.1471415,232.78,2025-10-20 12:58:47.220000+00:00,,20251020-001.gpx
47.6093774,19.1471416,232.27,2025-10-20 12:58:47.422000+00:00,,20251020-001.gpx
47.609377,19.1471417,231.72,2025-10-20 12:58:47.626000+00:00,,20251020-001.gpx
47.6093766,19.1471417,231.23,2025-10-20 12:58:47.807000+00:00,,20251020-001.gpx
47.6093761,19.1471417,230.69,2025-10-20 12:58:48.009000+00:00,,20251020-001.gpx
47.6093756,19.1471418,230.09,2025-10-20 12:58:48.233000+00:00,,20251020-001.gpx
47.6093751,19.1471419,229.55,2025-10-20 12:58:48.436000+00:00,,20251020-001.gpx
47.6093747,19.1471421,229.03,2025-10-20 12:58:48.636000+00:00,,20251020-001.gpx
47.6093743,19.1471422,228.49,2025-10-20 12:58:48.839000+00:00,,20251020-001.gpx
47.6093739,19.1471423,227.95,2025-10-20 12:58:49.038000+00:00,,20251020-001.gpx
47.6093736,19.1471424,227.46,2025-10-20 12:58:49.222000+00:00,,20251020-001.gpx
47.6093731,19.1471425,226.89,2025-10-20 12:58:49.432000+00:00,,20251020-001.gpx
47.6093727,19.1471425,226.35,2025-10-20 12:58:49.634000+00:00,,20251020-001.gpx
47.6093723,19.1471427,225.86,2025-10-20 12:58:49.815000+00:00,,20251020-001.gpx
47.609372,19.1471429,225.31,2025-10-20 12:58:50.036000+00:00,,20251020-001.gpx
47.6093716,19.1471431,224.78,2025-10-20 12:58:50.227000+00:00,,20251020-001.gpx
47.6093712,19.1471432,224.29,2025-10-20 12:58:50.407000+00:00,,20251020-001.gpx
47.6093706,19.1471434,223.77,2025-10-20 12:58:50.608000+00:00,,20251020-001.gpx
47.6093699,19.1471435,223.18,2025-10-20 12:58:50.829000+00:00,,20251020-001.gpx
47.6093694,19.1471434,222.7,2025-10-20 12:58:51.009000+00:00,,20251020-001.gpx
47.6093687,19.147143,222.1,2025-10-20 12:58:51.230000+00:00,,20251020-001.gpx
47.6093682,19.1471426,221.63,2025-10-20 12:58:51.411000+00:00,,20251020-001.gpx
47.6093676,19.1471422,221.03,2025-10-20 12:58:51.631000+00:00,,20251020-001.gpx
47.6093672,19.1471419,220.55,2025-10-20 12:58:51.811000+00:00,,20251020-001.gpx
47.6093667,19.1471417,219.97,2025-10-20 12:58:52.032000+00:00,,20251020-001.gpx
47.6093664,19.1471415,219.43,2025-10-20 12:58:52.237000+00:00,,20251020-001.gpx
47.6093661,19.1471414,218.93,2025-10-20 12:58:52.439000+00:00,,20251020-001.gpx
47.6093659,19.1471413,218.48,2025-10-20 12:58:52.621000+00:00,,20251020-001.gpx
47.6093657,19.1471413,217.95,2025-10-20 12:58:52.832000+00:00,,20251020-001.gpx
47.6093655,19.1471413,217.54,2025-10-20 12:58:52.995000+00:00,,20251020-001.gpx
47.6093653,19.1471415,216.93,2025-10-20 12:58:53.238000+00:00,,20251020-001.gpx
47.6093651,19.1471416,216.42,2025-10-20 12:58:53.437000+00:00,,20251020-001.gpx
47.609365,19.1471418,215.92,2025-10-20 12:58:53.638000+00:00,,20251020-001.gpx
47.6093649,19.147142,215.42,2025-10-20 12:58:53.839000+00:00,,20251020-001.gpx
47.6093648,19.1471423,214.95,2025-10-20 12:58:54.043000+00:00,,20251020-001.gpx
47.6093647,19.1471426,214.45,2025-10-20 12:58:54.248000+00:00,,20251020-001.gpx
47.6093646,19.1471429,213.96,2025-10-20 12:58:54.448000+00:00,,20251020-001.gpx
47.6093645,19.1471431,213.52,2025-10-20 12:58:54.633000+00:00,,20251020-001.gpx
47.6093643,19.1471432,212.99,2025-10-20 12:58:54.857000+00:00,,20251020-001.gpx
47.6093641,19.1471433,212.52,2025-10-20 12:58:55.060000+00:00,,20251020-001.gpx
47.6093639,19.1471432,212.07,2025-10-20 12:58:55.247000+00:00,,20251020-001.gpx
47.6093636,19.147143,211.62,2025-10-20 12:58:55.430000+00:00,,20251020-001.gpx
47.6093632,19.1471429,211.16,2025-10-20 12:58:55.634000+00:00,,20251020-001.gpx
47.6093629,19.1471428,210.69,2025-10-20 12:58:55.834000+00:00,,20251020-001.gpx
47.6093626,19.1471427,210.23,2025-10-20 12:58:56.036000+00:00,,20251020-001.gpx
47.6093622,19.1471429,209.75,2025-10-20 12:58:56.239000+00:00,,20251020-001.gpx
47.6093619,19.147143,209.28,2025-10-20 12:58:56.440000+00:00,,20251020-001.gpx
47.6093616,19.1471433,208.84,2025-10-20 12:58:56.641000+00:00,,20251020-001.gpx
47.6093611,19.1471436,208.38,2025-10-20 12:58:56.844000+00:00,,20251020-001.gpx
47.6093607,19.1471439,207.9,2025-10-20 12:58:57.049000+00:00,,20251020-001.gpx
47.6093603,19.147144,207.49,2025-10-20 12:58:57.232000+00:00,,20251020-001.gpx
47.6093598,19.147144,207.05,2025-10-20 12:58:57.433000+00:00,,20251020-001.gpx
47.6093594,19.1471439,206.57,2025-10-20 12:58:57.635000+00:00,,20251020-001.gpx
47.6093591,19.1471439,206.08,2025-10-20 12:58:57.837000+00:00,,20251020-001.gpx
47.6093587,19.1471439,205.64,2025-10-20 12:58:58.017000+00:00,,20251020-001.gpx
47.6093585,19.147144,205.11,2025-10-20 12:58:58.241000+00:00,,20251020-001.gpx
47.6093583,19.1471441,204.61,2025-10-20 12:58:58.444000+00:00,,20251020-001.gpx
47.6093582,19.1471441,204.13,2025-10-20 12:58:58.645000+00:00,,20251020-001.gpx
47.609358,19.1471441,203.65,2025-10-20 12:58:58.845000+00:00,,20251020-001.gpx
47.6093578,19.1471439,203.16,2025-10-20 12:58:59.046000+00:00,,20251020-001.gpx
47.6093577,19.1471437,202.66,2025-10-20 12:58:59.251000+00:00,,20251020-001.gpx
47.6093577,19.1471433,202.15,2025-10-20 12:58:59.453000+00:00,,20251020-001.gpx
47.6093577,19.1471429,201.64,2025-10-20 12:58:59.655000+00:00,,20251020-001.gpx
47.6093578,19.1471426,201.17,2025-10-20 12:58:59.857000+00:00,,20251020-001.gpx
47.6093579,19.147142,200.65,2025-10-20 12:59:00.059000+00:00,,20251020-001.gpx
47.6093581,19.1471413,200.12,2025-10-20 12:59:00.266000+00:00,,20251020-001.gpx
47.6093581,19.1471408,199.68,2025-10-20 12:59:00.447000+00:00,,20251020-001.gpx
47.6093582,19.1471401,199.17,2025-10-20 12:59:00.668000+00:00,,20251020-001.gpx
47.6093581,19.1471396,198.68,2025-10-20 12:59:00.872000+00:00,,20251020-001.gpx
47.6093581,19.1471392,198.17,2025-10-20 12:59:01.074000+00:00,,20251020-001.gpx
47.609358,19.147139,197.73,2025-10-20 12:59:01.246000+00:00,,20251020-001.gpx
47.6093579,19.1471388,197.21,2025-10-20 12:59:01.467000+00:00,,20251020-001.gpx
47.6093578,19.1471386,196.69,2025-10-20 12:59:01.668000+00:00,,20251020-001.gpx
47.6093577,19.1471385,196.22,2025-10-20 12:59:01.849000+00:00,,20251020-001.gpx
47.6093575,19.1471384,195.63,2025-10-20 12:59:02.072000+00:00,,20251020-001.gpx
47.6093573,19.1471383,195.12,2025-10-20 12:59:02.276000+00:00,,20251020-001.gpx
47.609357,19.1471382,194.59,2025-10-20 12:59:02.477000+00:00,,20251020-001.gpx
47.6093568,19.1471382,194.11,2025-10-20 12:59:02.658000+00:00,,20251020-001.gpx
47.6093564,19.1471382,193.57,2025-10-20 12:59:02.858000+00:00,,20251020-001.gpx
47.6093559,19.1471382,193.0,2025-10-20 12:59:03.079000+00:00,,20251020-001.gpx
47.6093555,19.1471381,192.5,2025-10-20 12:59:03.270000+00:00,,20251020-001.gpx
47.609355,19.1471381,191.91,2025-10-20 12:59:03.490000+00:00,,20251020-001.gpx
47.6093545,19.1471381,191.45,2025-10-20 12:59:03.670000+00:00,,20251020-001.gpx
47.6093539,19.1471381,190.94,2025-10-20 12:59:03.871000+00:00,,20251020-001.gpx
47.6093535,19.1471382,190.52,2025-10-20 12:59:04.032000+00:00,,20251020-001.gpx
47.6093529,19.1471383,189.92,2025-10-20 12:59:04.274000+00:00,,20251020-001.gpx
47.6093524,19.1471384,189.41,2025-10-20 12:59:04.474000+00:00,,20251020-001.gpx
47.609352,19.1471386,188.9,2025-10-20 12:59:04.675000+00:00,,20251020-001.gpx
47.6093517,19.1471388,188.39,2025-10-20 12:59:04.875000+00:00,,20251020-001.gpx
47.6093514,19.1471389,187.86,2025-10-20 12:59:05.076000+00:00,,20251020-001.gpx
47.609351,19.1471389,187.31,2025-10-20 12:59:05.291000+00:00,,20251020-001.gpx
47.6093508,19.147139,186.86,2025-10-20 12:59:05.471000+00:00,,20251020-001.gpx
47.6093506,19.147139,186.33,2025-10-20 12:59:05.675000+00:00,,20251020-001.gpx
47.6093503,19.147139,185.8,2025-10-20 12:59:05.878000+00:00,,20251020-001.gpx
47.6093498,19.147139,185.29,2025-10-20 12:59:06.079000+00:00,,20251020-001.gpx
47.6093494,19.1471389,184.76,2025-10-20 12:59:06.286000+00:00,,20251020-001.gpx
47.6093491,19.1471386,184.25,2025-10-20 12:59:06.486000+00:00,,20251020-001.gpx
47.609349,19.1471384,183.72,2025-10-20 12:59:06.687000+00:00,,20251020-001.gpx
47.609349,19.1471384,183.2,2025-10-20 12:59:06.888000+00:00,,20251020-001.gpx
47.609349,19.1471382,182.73,2025-10-20 12:59:07.069000+00:00,,20251020-001.gpx
47.6093487,19.147138,182.2,2025-10-20 12:59:07.275000+00:00,,20251020-001.gpx
47.6093483,19.1471378,181.66,2025-10-20 12:59:07.477000+00:00,,20251020-001.gpx
47.6093477,19.1471376,181.08,2025-10-20 12:59:07.698000+00:00,,20251020-001.gpx
47.609347,19.1471374,180.58,2025-10-20 12:59:07.899000+00:00,,20251020-001.gpx
47.6093462,19.1471372,180.12,2025-10-20 12:59:08.081000+00:00,,20251020-001.gpx
47.6093453,19.1471371,179.57,2025-10-20 12:59:08.295000+00:00,,20251020-001.gpx
47.6093444,19.147137,179.04,2025-10-20 12:59:08.495000+00:00,,20251020-001.gpx
47.6093435,19.147137,178.51,2025-10-20 12:59:08.696000+00:00,,20251020-001.gpx
47.6093426,19.147137,177.99,2025-10-20 12:59:08.896000+00:00,,20251020-001.gpx
47.6093417,19.147137,177.47,2025-10-20 12:59:09.097000+00:00,,20251020-001.gpx
47.6093408,19.147137,176.95,2025-10-20 12:59:09.298000+00:00,,20251020-001.gpx
47.6093404,19.147137,176.46,2025-10-20 12:59:09.500000+00:00,,20251020-001.gpx
47.6093402,19.1471371,175.94,2025-10-20 12:59:09.701000+00:00,,20251020-001.gpx
47.6093403,19.1471372,175.41,2025-10-20 12:59:09.903000+00:00,,20251020-001.gpx
47.6093405,19.1471373,174.87,2025-10-20 12:59:10.105000+00:00,,20251020-001.gpx
47.6093407,19.1471374,174.49,2025-10-20 12:59:10.254000+00:00,,20251020-001.gpx
47.6093408,19.1471376,173.85,2025-10-20 12:59:10.516000+00:00,,20251020-001.gpx
47.6093407,19.1471376,173.43,2025-10-20 12:59:10.676000+00:00,,20251020-001.gpx
47.6093404,19.1471376,172.84,2025-10-20 12:59:10.896000+00:00,,20251020-001.gpx
47.6093398,19.1471375,172.32,2025-10-20 12:59:11.096000+00:00,,20251020-001.gpx
47.6093389,19.1471372,171.77,2025-10-20 12:59:11.302000+00:00,,20251020-001.gpx
47.6093377,19.1471367,171.23,2025-10-20 12:59:11.504000+00:00,,20251020-001.gpx
47.6093361,19.1471362,170.76,2025-10-20 12:59:11.685000+00:00,,20251020-001.gpx
47.6093337,19.1471354,170.18,2025-10-20 12:59:11.906000+00:00,,20251020-001.gpx
47.6093314,19.1471346,169.71,2025-10-20 12:59:12.088000+00:00,,20251020-001.gpx
47.6093277,19.1471336,169.13,2025-10-20 12:59:12.310000+00:00,,20251020-001.gpx
47.6093235,19.1471324,168.59,2025-10-20 12:59:12.510000+00:00,,20251020-001.gpx
47.6093186,19.1471312,168.09,2025-10-20 12:59:12.711000+00:00,,20251020-001.gpx
47.6093127,19.1471297,167.62,2025-10-20 12:59:12.913000+00:00,,20251020-001.gpx
47.6093061,19.147128,167.18,2025-10-20 12:59:13.113000+00:00,,20251020-001.gpx
47.6092986,19.1471261,166.77,2025-10-20 12:59:13.319000+00:00,,20251020-001.gpx
47.6092906,19.1471241,166.38,2025-10-20 12:59:13.521000+00:00,,20251020-001.gpx
47.6092831,19.1471224,166.06,2025-10-20 12:59:13.702000+00:00,,20251020-001.gpx
47.6092729,19.14712,165.66,2025-10-20 12:59:13.925000+00:00,,20251020-001.gpx
47.6092644,19.1471179,165.36,2025-10-20 12:59:14.107000+00:00,,20251020-001.gpx
47.609255,19.1471157,165.04,2025-10-20 12:59:14.301000+00:00,,20251020-001.gpx
47.6092452,19.1471133,164.71,2025-10-20 12:59:14.502000+00:00,,20251020-001.gpx
47.6092352,19.1471109,164.4,2025-10-20 12:59:14.702000+00:00,,20251020-001.gpx
47.6092238,19.1471082,164.07,2025-10-20 12:59:14.923000+00:00,,20251020-001.gpx
47.6092128,19.1471055,163.77,2025-10-20 12:59:15.131000+00:00,,20251020-001.gpx
47.6092035,19.1471032,163.51,2025-10-20 12:59:15.313000+00:00,,20251020-001.gpx
47.6091928,19.1471005,163.24,2025-10-20 12:59:15.513000+00:00,,20251020-001.gpx
47.6091831,19.147098,163.08,2025-10-20 12:59:15.694000+00:00,,20251020-001.gpx
47.6091718,19.1470952,162.96,2025-10-20 12:59:15.914000+00:00,,20251020-001.gpx
47.609162,19.1470927,162.92,2025-10-20 12:59:16.114000+00:00,,20251020-001.gpx
47.609151,19.14709,162.94,2025-10-20 12:59:16.329000+00:00,,20251020-001.gpx
47.6091411,19.1470876,163.01,2025-10-20 12:59:16.532000+00:00,,20251020-001.gpx
47.6091318,19.1470854,163.13,2025-10-20 12:59:16.733000+00:00,,20251020-001.gpx
47.6091226,19.1470832,163.29,2025-10-20 12:59:16.935000+00:00,,20251020-001.gpx
47.6091136,19.1470809,163.47,2025-10-20 12:59:17.141000+00:00,,20251020-001.gpx
47.6091052,19.1470787,163.68,2025-10-20 12:59:17.344000+00:00,,20251020-001.gpx
47.6090976,19.1470768,163.91,2025-10-20 12:59:17.544000+00:00,,20251020-001.gpx
47.6090905,19.1470749,164.16,2025-10-20 12:59:17.745000+00:00,,20251020-001.gpx
47.609084,19.1470732,164.4,2025-10-20 12:59:17.925000+00:00,,20251020-001.gpx
47.6090762,19.1470712,164.73,2025-10-20 12:59:18.149000+00:00,,20251020-001.gpx
47.6090695,19.1470695,165.03,2025-10-20 12:59:18.354000+00:00,,20251020-001.gpx
47.609063,19.1470679,165.34,2025-10-20 12:59:18.555000+00:00,,20251020-001.gpx
47.6090565,19.1470665,165.69,2025-10-20 12:59:18.757000+00:00,,20251020-001.gpx
47.6090507,19.1470653,166.02,2025-10-20 12:59:18.938000+00:00,,20251020-001.gpx
47.6090444,19.1470641,166.38,2025-10-20 12:59:19.140000+00:00,,20251020-001.gpx
47.6090385,19.1470629,166.73,2025-10-20 12:59:19.342000+00:00,,20251020-001.gpx
47.6090326,19.1470617,167.12,2025-10-20 12:59:19.545000+00:00,,20251020-001.gpx
47.6090265,19.1470603,167.53,2025-10-20 12:59:19.746000+00:00,,20251020-001.gpx
47.6090207,19.1470589,167.92,2025-10-20 12:59:19.948000+00:00,,20251020-001.gpx
47.6090149,19.1470576,168.31,2025-10-20 12:59:20.148000+00:00,,20251020-001.gpx
47.6090089,19.1470562,168.72,2025-10-20 12:59:20.352000+00:00,,20251020-001.gpx
47.6090029,19.1470547,169.15,2025-10-20 12:59:20.556000+00:00,,20251020-001.gpx
47.6089971,19.1470532,169.58,2025-10-20 12:59:20.756000+00:00,,20251020-001.gpx
47.6089916,19.1470518,170.0,2025-10-20 12:59:20.957000+00:00,,20251020-001.gpx
47.6089859,19.1470504,170.42,2025-10-20 12:59:21.161000+00:00,,20251020-001.gpx
47.6089805,19.1470491,170.84,2025-10-20 12:59:21.352000+00:00,,20251020-001.gpx
47.6089749,19.1470478,171.26,2025-10-20 12:59:21.555000+00:00,,20251020-001.gpx
47.6089692,19.1470464,171.69,2025-10-20 12:59:21.757000+00:00,,20251020-001.gpx
47.608963,19.147045,172.18,2025-10-20 12:59:21.981000+00:00,,20251020-001.gpx
47.608958,19.147044,172.57,2025-10-20 12:59:22.163000+00:00,,20251020-001.gpx
47.6089523,19.1470429,173.03,2025-10-20 12:59:22.372000+00:00,,20251020-001.gpx
47.608947,19.1470418,173.43,2025-10-20 12:59:22.573000+00:00,,20251020-001.gpx
47.6089412,19.1470407,173.89,2025-10-20 12:59:22.773000+00:00,,20251020-001.gpx
47.608936,19.1470397,174.31,2025-10-20 12:59:22.955000+00:00,,20251020-001.gpx
47.6089296,19.1470384,174.81,2025-10-20 12:59:23.175000+00:00,,20251020-001.gpx
47.6089243,19.1470373,175.21,2025-10-20 12:59:23.358000+00:00,,20251020-001.gpx
47.6089178,19.147036,175.68,2025-10-20 12:59:23.579000+00:00,,20251020-001.gpx
47.6089118,19.1470348,176.13,2025-10-20 12:59:23.780000+00:00,,20251020-001.gpx
47.6089057,19.1470337,176.59,2025-10-20 12:59:23.980000+00:00,,20251020-001.gpx
47.6089003,19.1470328,177.0,2025-10-20 12:59:24.163000+00:00,,20251020-001.gpx
47.6088945,19.1470317,177.43,2025-10-20 12:59:24.364000+00:00,,20251020-001.gpx
47.6088883,19.1470305,177.9,2025-10-20 12:59:24.568000+00:00,,20251020-001.gpx
47.6088821,19.1470294,178.38,2025-10-20 12:59:24.772000+00:00,,20251020-001.gpx
47.6088762,19.1470283,178.82,2025-10-20 12:59:24.974000+00:00,,20251020-001.gpx
47.6088711,19.1470272,179.21,2025-10-20 12:59:25.143000+00:00,,20251020-001.gpx
47.6088647,19.1470258,179.7,2025-10-20 12:59:25.347000+00:00,,20251020-001.gpx
47.6088587,19.1470244,180.17,2025-10-20 12:59:25.548000+00:00,,20251020-001.gpx
47.6088525,19.147023,180.67,2025-10-20 12:59:25.769000+00:00,,20251020-001.gpx
47.6088467,19.1470216,181.14,2025-10-20 12:59:25.971000+00:00,,20251020-001.gpx
47.6088403,19.14702,181.66,2025-10-20 12:59:26.199000+00:00,,20251020-001.gpx
47.6088353,19.1470187,182.07,2025-10-20 12:59:26.382000+00:00,,20251020-001.gpx
47.6088297,19.1470173,182.53,2025-10-20 12:59:26.585000+00:00,,20251020-001.gpx
47.6088248,19.1470161,182.94,2025-10-20 12:59:26.766000+00:00,,20251020-001.gpx
47.608819,19.1470147,183.41,2025-10-20 12:59:26.968000+00:00,,20251020-001.gpx
47.6088132,19.1470134,183.88,2025-10-20 12:59:27.169000+00:00,,20251020-001.gpx
47.6088075,19.147012,184.34,2025-10-20 12:59:27.376000+00:00,,20251020-001.gpx
47.6088019,19.1470106,184.8,2025-10-20 12:59:27.578000+00:00,,20251020-001.gpx
47.6087969,19.1470094,185.22,2025-10-20 12:59:27.758000+00:00,,20251020-001.gpx
47.6087908,19.1470078,185.71,2025-10-20 12:59:27.979000+00:00,,20251020-001.gpx
47.608785,19.1470064,186.17,2025-10-20 12:59:28.181000+00:00,,20251020-001.gpx
47.6087791,19.1470049,186.63,2025-10-20 12:59:28.383000+00:00,,20251020-001.gpx
47.608773,19.1470036,187.1,2025-10-20 12:59:28.587000+00:00,,20251020-001.gpx
47.6087668,19.1470024,187.58,2025-10-20 12:59:28.792000+00:00,,20251020-001.gpx
47.6087609,19.1470011,188.04,2025-10-20 12:59:28.994000+00:00,,20251020-001.gpx
47.6087558,19.147,188.42,2025-10-20 12:59:29.174000+00:00,,20251020-001.gpx
47.6087498,19.1469988,188.88,2025-10-20 12:59:29.376000+00:00,,20251020-001.gpx
47.6087438,19.1469975,189.35,2025-10-20 12:59:29.578000+00:00,,20251020-001.gpx
47.608738,19.1469963,189.8,2025-10-20 12:59:29.780000+00:00,,20251020-001.gpx
47.608732,19.1469949,190.26,2025-10-20 12:59:29.981000+00:00,,20251020-001.gpx
47.6087258,19.1469937,190.73,2025-10-20 12:59:30.182000+00:00,,20251020-001.gpx
47.6087197,19.1469924,191.2,2025-10-20 12:59:30.385000+00:00,,20251020-001.gpx
47.6087138,19.1469912,191.64,2025-10-20 12:59:30.585000+00:00,,20251020-001.gpx
47.6087079,19.14699,192.09,2025-10-20 12:59:30.789000+00:00,,20251020-001.gpx
47.6087018,19.1469887,192.55,2025-10-20 12:59:30.990000+00:00,,20251020-001.gpx
47.6086956,19.1469872,193.03,2025-10-20 12:59:31.193000+00:00,,20251020-001.gpx
47.60869,19.1469859,193.46,2025-10-20 12:59:31.375000+00:00,,20251020-001.gpx
47.6086833,19.1469842,193.99,2025-10-20 12:59:31.596000+00:00,,20251020-001.gpx
47.6086772,19.1469827,194.46,2025-10-20 12:59:31.799000+00:00,,20251020-001.gpx
47.6086712,19.1469812,194.93,2025-10-20 12:59:32.001000+00:00,,20251020-001.gpx
47.6086661,19.1469799,195.34,2025-10-20 12:59:32.186000+00:00,,20251020-001.gpx
47.6086596,19.1469783,195.85,2025-10-20 12:59:32.410000+00:00,,20251020-001.gpx
47.6086542,19.146977,196.29,2025-10-20 12:59:32.594000+00:00,,20251020-001.gpx
47.6086483,19.1469757,196.78,2025-10-20 12:59:32.796000+00:00,,20251020-001.gpx
47.6086431,19.1469744,197.21,2025-10-20 12:59:32.977000+00:00,,20251020-001.gpx
47.6086367,19.1469728,197.73,2025-10-20 12:59:33.199000+00:00,,20251020-001.gpx
47.6086307,19.1469713,198.23,2025-10-20 12:59:33.411000+00:00,,20251020-001.gpx
47.6086249,19.1469699,198.7,2025-10-20 12:59:33.612000+00:00,,20251020-001.gpx
47.6086191,19.1469686,199.16,2025-10-20 12:59:33.812000+00:00,,20251020-001.gpx
47.6086141,19.1469674,199.57,2025-10-20 12:59:33.993000+00:00,,20251020-001.gpx
47.6086094,19.1469663,199.96,2025-10-20 12:59:34.158000+00:00,,20251020-001.gpx
47.6086022,19.1469643,200.53,2025-10-20 12:59:34.404000+00:00,,20251020-001.gpx
47.6085965,19.1469626,200.97,2025-10-20 12:59:34.606000+00:00,,20251020-001.gpx
47.6085906,19.1469609,201.42,2025-10-20 12:59:34.807000+00:00,,20251020-001.gpx
47.608584,19.1469592,201.93,2025-10-20 12:59:35.029000+00:00,,20251020-001.gpx
47.6085786,19.1469577,202.35,2025-10-20 12:59:35.209000+00:00,,20251020-001.gpx
47.6085728,19.1469561,202.79,2025-10-20 12:59:35.403000+00:00,,20251020-001.gpx
47.6085682,19.1469548,203.15,2025-10-20 12:59:35.563000+00:00,,20251020-001.gpx
47.6085619,19.1469532,203.65,2025-10-20 12:59:35.784000+00:00,,20251020-001.gpx
47.6085548,19.1469514,204.2,2025-10-20 12:59:36.025000+00:00,,20251020-001.gpx
47.6085494,19.1469501,204.63,2025-10-20 12:59:36.208000+00:00,,20251020-001.gpx
47.6085431,19.1469486,205.13,2025-10-20 12:59:36.429000+00:00,,20251020-001.gpx
47.6085384,19.1469474,205.5,2025-10-20 12:59:36.595000+00:00,,20251020-001.gpx
47.6085327,19.1469461,205.97,2025-10-20 12:59:36.796000+00:00,,20251020-001.gpx
47.6085269,19.1469449,206.42,2025-10-20 12:59:36.997000+00:00,,20251020-001.gpx
47.6085209,19.1469437,206.88,2025-10-20 12:59:37.204000+00:00,,20251020-001.gpx
47.6085148,19.1469425,207.36,2025-10-20 12:59:37.416000+00:00,,20251020-001.gpx
47.6085087,19.1469414,207.83,2025-10-20 12:59:37.621000+00:00,,20251020-001.gpx
47.6085029,19.1469403,208.29,2025-10-20 12:59:37.821000+00:00,,20251020-001.gpx
47.6084973,19.1469392,208.72,2025-10-20 12:59:38.022000+00:00,,20251020-001.gpx
47.6084915,19.146938,209.18,2025-10-20 12:59:38.223000+00:00,,20251020-001.gpx
47.6084856,19.1469368,209.64,2025-10-20 12:59:38.424000+00:00,,20251020-001.gpx
47.6084798,19.1469356,210.1,2025-10-20 12:59:38.624000+00:00,,20251020-001.gpx
47.6084741,19.1469344,210.55,2025-10-20 12:59:38.825000+00:00,,20251020-001.gpx
47.6084689,19.1469333,210.96,2025-10-20 12:59:39.006000+00:00,,20251020-001.gpx
47.6084631,19.146932,211.42,2025-10-20 12:59:39.209000+00:00,,20251020-001.gpx
47.6084573,19.1469307,211.89,2025-10-20 12:59:39.411000+00:00,,20251020-001.gpx
47.6084517,19.1469293,212.34,2025-10-20 12:59:39.611000+00:00,,20251020-001.gpx
47.6084455,19.1469278,212.83,2025-10-20 12:59:39.831000+00:00,,20251020-001.gpx
47.6084399,19.1469262,213.27,2025-10-20 12:59:40.032000+00:00,,20251020-001.gpx
47.6084348,19.1469249,213.67,2025-10-20 12:59:40.215000+00:00,,20251020-001.gpx
47.60843,19.1469236,214.06,2025-10-20 12:59:40.397000+00:00,,20251020-001.gpx
47.6084237,19.146922,214.56,2025-10-20 12:59:40.619000+00:00,,20251020-001.gpx
47.6084178,19.1469205,215.02,2025-10-20 12:59:40.820000+00:00,,20251020-001.gpx
47.6084121,19.1469189,215.48,2025-10-20 12:59:41.023000+00:00,,20251020-001.gpx
47.6084069,19.1469175,215.9,2025-10-20 12:59:41.207000+00:00,,20251020-001.gpx
47.6084007,19.1469159,216.39,2025-10-20 12:59:41.419000+00:00,,20251020-001.gpx
47.6083949,19.1469143,216.86,2025-10-20 12:59:41.620000+00:00,,20251020-001.gpx
47.608389,19.1469128,217.33,2025-10-20 12:59:41.822000+00:00,,20251020-001.gpx
47.6083833,19.1469114,217.78,2025-10-20 12:59:42.023000+00:00,,20251020-001.gpx
47.608378,19.1469101,218.19,2025-10-20 12:59:42.204000+00:00,,20251020-001.gpx
47.6083719,19.1469086,218.68,2025-10-20 12:59:42.410000+00:00,,20251020-001.gpx
47.6083665,19.1469074,219.11,2025-10-20 12:59:42.592000+00:00,,20251020-001.gpx
47.6083605,19.1469061,219.6,2025-10-20 12:59:42.796000+00:00,,20251020-001.gpx
47.608354,19.1469049,220.13,2025-10-20 12:59:43.019000+00:00,,20251020-001.gpx
47.6083482,19.1469037,220.61,2025-10-20 12:59:43.224000+00:00,,20251020-001.gpx
47.6083435,19.1469028,221.0,2025-10-20 12:59:43.389000+00:00,,20251020-001.gpx
47.608338,19.1469017,221.47,2025-10-20 12:59:43.591000+00:00,,20251020-001.gpx
47.6083325,19.1469007,221.93,2025-10-20 12:59:43.792000+00:00,,20251020-001.gpx
47.6083261,19.1468995,222.45,2025-10-20 12:59:44.014000+00:00,,20251020-001.gpx
47.6083209,19.1468985,222.88,2025-10-20 12:59:44.194000+00:00,,20251020-001.gpx
47.6083151,19.1468974,223.34,2025-10-20 12:59:44.396000+00:00,,20251020-001.gpx
47.6083087,19.146896,223.85,2025-10-20 12:59:44.619000+00:00,,20251020-001.gpx
47.6083028,19.1468947,224.33,2025-10-20 12:59:44.821000+00:00,,20251020-001.gpx
47.608297,19.1468933,224.8,2025-10-20 12:59:45.022000+00:00,,20251020-001.gpx
47.6082924,19.1468922,225.17,2025-10-20 12:59:45.188000+00:00,,20251020-001.gpx
47.6082856,19.1468906,225.71,2025-10-20 12:59:45.424000+00:00,,20251020-001.gpx
47.6082796,19.1468892,226.19,2025-10-20 12:59:45.625000+00:00,,20251020-001.gpx
47.6082733,19.1468876,226.68,2025-10-20 12:59:45.829000+00:00,,20251020-001.gpx
47.6082675,19.1468861,227.13,2025-10-20 12:59:46.032000+00:00,,20251020-001.gpx
47.6082615,19.1468845,227.59,2025-10-20 12:59:46.232000+00:00,,20251020-001.gpx
47.6082554,19.1468827,228.05,2025-10-20 12:59:46.434000+00:00,,20251020-001.gpx
47.6082493,19.1468811,228.5,2025-10-20 12:59:46.635000+00:00,,20251020-001.gpx
47.6082432,19.1468794,228.97,2025-10-20 12:59:46.839000+00:00,,20251020-001.gpx
47.6082375,19.1468779,229.44,2025-10-20 12:59:47.039000+00:00,,20251020-001.gpx
47.6082319,19.1468765,229.87,2025-10-20 12:59:47.222000+00:00,,20251020-001.gpx
47.6082257,19.146875,230.34,2025-10-20 12:59:47.424000+00:00,,20251020-001.gpx
47.608219,19.1468734,230.85,2025-10-20 12:59:47.646000+00:00,,20251020-001.gpx
47.6082128,19.1468719,231.32,2025-10-20 12:59:47.849000+00:00,,20251020-001.gpx
47.6082067,19.1468705,231.77,2025-10-20 12:59:48.051000+00:00,,20251020-001.gpx
47.6082005,19.1468691,232.24,2025-10-20 12:59:48.256000+00:00,,20251020-001.gpx
47.6081947,19.1468678,232.68,2025-10-20 12:59:48.457000+00:00,,20251020-001.gpx
47.6081888,19.1468666,233.13,2025-10-20 12:59:48.659000+00:00,,20251020-001.gpx
47.6081834,19.1468655,233.55,2025-10-20 12:59:48.839000+00:00,,20251020-001.gpx
47.6081775,19.1468644,234.01,2025-10-20 12:59:49.040000+00:00,,20251020-001.gpx
47.6081717,19.1468631,234.45,2025-10-20 12:59:49.241000+00:00,,20251020-001.gpx
47.6081659,19.1468618,234.91,2025-10-20 12:59:49.441000+00:00,,20251020-001.gpx
47.6081607,19.1468607,235.32,2025-10-20 12:59:49.621000+00:00,,20251020-001.gpx
47.608155,19.1468593,235.78,2025-10-20 12:59:49.823000+00:00,,20251020-001.gpx
47.6081486,19.1468577,236.31,2025-10-20 12:59:50.048000+00:00,,20251020-001.gpx
47.6081426,19.1468562,236.79,2025-10-20 12:59:50.249000+00:00,,20251020-001.gpx
47.6081368,19.1468545,237.25,2025-10-20 12:59:50.450000+00:00,,20251020-001.gpx
47.6081308,19.1468526,237.73,2025-10-20 12:59:50.654000+00:00,,20251020-001.gpx
47.608125,19.1468507,238.21,2025-10-20 12:59:50.855000+00:00,,20251020-001.gpx
47.6081193,19.1468488,238.67,2025-10-20 12:59:51.056000+00:00,,20251020-001.gpx
47.6081133,19.1468468,239.15,2025-10-20 12:59:51.268000+00:00,,20251020-001.gpx
47.6081075,19.1468449,239.61,2025-10-20 12:59:51.469000+00:00,,20251020-001.gpx
47.6081017,19.1468431,240.09,2025-10-20 12:59:51.671000+00:00,,20251020-001.gpx
47.6080961,19.1468414,240.57,2025-10-20 12:59:51.873000+00:00,,20251020-001.gpx
47.6080903,19.1468398,241.06,2025-10-20 12:59:52.074000+00:00,,20251020-001.gpx
47.6080849,19.1468383,241.51,2025-10-20 12:59:52.265000+00:00,,20251020-001.gpx
47.6080798,19.1468371,241.93,2025-10-20 12:59:52.445000+00:00,,20251020-001.gpx
47.6080743,19.1468358,242.38,2025-10-20 12:59:52.648000+00:00,,20251020-001.gpx
47.608068,19.1468344,242.9,2025-10-20 12:59:52.870000+00:00,,20251020-001.gpx
47.6080618,19.1468332,243.41,2025-10-20 12:59:53.090000+00:00,,20251020-001.gpx
47.6080568,19.1468323,243.81,2025-10-20 12:59:53.271000+00:00,,20251020-001.gpx
47.6080515,19.1468314,244.24,2025-10-20 12:59:53.464000+00:00,,20251020-001.gpx
47.6080456,19.1468305,244.71,2025-10-20 12:59:53.668000+00:00,,20251020-001.gpx
47.6080399,19.1468296,245.16,2025-10-20 12:59:53.871000+00:00,,20251020-001.gpx
47.6080345,19.1468287,245.58,2025-10-20 12:59:54.072000+00:00,,20251020-001.gpx
47.6080293,19.1468278,245.99,2025-10-20 12:59:54.256000+00:00,,20251020-001.gpx
47.6080236,19.1468268,246.46,2025-10-20 12:59:54.457000+00:00,,20251020-001.gpx
47.6080178,19.1468258,246.95,2025-10-20 12:59:54.662000+00:00,,20251020-001.gpx
47.6080118,19.1468246,247.43,2025-10-20 12:59:54.867000+00:00,,20251020-001.gpx
47.608006,19.1468234,247.89,2025-10-20 12:59:55.068000+00:00,,20251020-001.gpx
47.6079996,19.1468222,248.39,2025-10-20 12:59:55.279000+00:00,,20251020-001.gpx
47.6079934,19.1468209,248.87,2025-10-20 12:59:55.480000+00:00,,20251020-001.gpx
47.6079873,19.1468196,249.34,2025-10-20 12:59:55.681000+00:00,,20251020-001.gpx
47.6079816,19.1468184,249.8,2025-10-20 12:59:55.883000+00:00,,20251020-001.gpx
47.6079753,19.1468171,250.28,2025-10-20 12:59:56.085000+00:00,,20251020-001.gpx
47.607969,19.1468157,250.77,2025-10-20 12:59:56.288000+00:00,,20251020-001.gpx
47.6079629,19.1468143,251.24,2025-10-20 12:59:56.491000+00:00,,20251020-001.gpx
47.6079568,19.1468131,251.72,2025-10-20 12:59:56.692000+00:00,,20251020-001.gpx
47.6079511,19.1468119,252.18,2025-10-20 12:59:56.892000+00:00,,20251020-001.gpx
47.607945,19.1468106,252.65,2025-10-20 12:59:57.093000+00:00,,20251020-001.gpx
47.6079391,19.1468091,253.13,2025-10-20 12:59:57.296000+00:00,,20251020-001.gpx
47.6079333,19.1468076,253.61,2025-10-20 12:59:57.499000+00:00,,20251020-001.gpx
47.607928,19.1468061,254.05,2025-10-20 12:59:57.682000+00:00,,20251020-001.gpx
47.6079222,19.1468044,254.52,2025-10-20 12:59:57.884000+00:00,,20251020-001.gpx
47.6079164,19.1468027,255.0,2025-10-20 12:59:58.086000+00:00,,20251020-001.gpx
47.6079103,19.1468009,255.5,2025-10-20 12:59:58.301000+00:00,,20251020-001.gpx
47.6079052,19.1467995,255.92,2025-10-20 12:59:58.482000+00:00,,20251020-001.gpx
47.607899,19.1467977,256.44,2025-10-20 12:59:58.703000+00:00,,20251020-001.gpx
47.6078937,19.1467963,256.86,2025-10-20 12:59:58.885000+00:00,,20251020-001.gpx
47.6078879,19.1467947,257.3,2025-10-20 12:59:59.086000+00:00,,20251020-001.gpx
47.6078824,19.1467931,257.66,2025-10-20 12:59:59.291000+00:00,,20251020-001.gpx
47.6078774,19.1467915,257.91,2025-10-20 12:59:59.492000+00:00,,20251020-001.gpx
47.6078729,19.14679,258.06,2025-10-20 12:59:59.692000+00:00,,20251020-001.gpx
47.6078693,19.1467887,258.11,2025-10-20 12:59:59.894000+00:00,,20251020-001.gpx
47.6078661,19.1467876,258.09,2025-10-20 13:00:00.102000+00:00,,20251020-001.gpx
47.6078639,19.1467868,258.0,2025-10-20 13:00:00.304000+00:00,,20251020-001.gpx
47.6078627,19.1467862,257.92,2025-10-20 13:00:00.504000+00:00,,20251020-001.gpx
47.6078624,19.1467859,257.86,2025-10-20 13:00:00.704000+00:00,,20251020-001.gpx
47.6078628,19.1467857,257.8,2025-10-20 13:00:00.907000+00:00,,20251020-001.gpx
47.6078639,19.1467858,257.76,2025-10-20 13:00:01.110000+00:00,,20251020-001.gpx
47.6078653,19.1467859,257.74,2025-10-20 13:00:01.305000+00:00,,20251020-001.gpx
47.6078673,19.1467862,257.72,2025-10-20 13:00:01.530000+00:00,,20251020-001.gpx
47.607869,19.1467865,257.7,2025-10-20 13:00:01.711000+00:00,,20251020-001.gpx
47.6078711,19.1467868,257.67,2025-10-20 13:00:01.912000+00:00,,20251020-001.gpx
47.6078733,19.1467872,257.61,2025-10-20 13:00:02.113000+00:00,,20251020-001.gpx
47.6078754,19.1467876,257.48,2025-10-20 13:00:02.316000+00:00,,20251020-001.gpx
47.6078778,19.1467876,257.19,2025-10-20 13:00:02.518000+00:00,,20251020-001.gpx
47.6078805,19.1467872,256.77,2025-10-20 13:00:02.718000+00:00,,20251020-001.gpx
47.6078835,19.1467863,256.23,2025-10-20 13:00:02.921000+00:00,,20251020-001.gpx
47.6078863,19.1467852,255.75,2025-10-20 13:00:03.082000+00:00,,20251020-001.gpx
47.6078907,19.1467831,255.08,2025-10-20 13:00:03.317000+00:00,,20251020-001.gpx
47.6078949,19.1467804,254.52,2025-10-20 13:00:03.519000+00:00,,20251020-001.gpx
47.6078992,19.146777,253.99,2025-10-20 13:00:03.712000+00:00,,20251020-001.gpx
47.607903,19.1467736,253.53,2025-10-20 13:00:03.895000+00:00,,20251020-001.gpx
47.6079081,19.1467687,252.93,2025-10-20 13:00:04.117000+00:00,,20251020-001.gpx
47.6079119,19.146765,252.51,2025-10-20 13:00:04.279000+00:00,,20251020-001.gpx
47.6079177,19.1467592,251.87,2025-10-20 13:00:04.522000+00:00,,20251020-001.gpx
47.6079226,19.1467543,251.34,2025-10-20 13:00:04.723000+00:00,,20251020-001.gpx
47.6079276,19.1467493,250.81,2025-10-20 13:00:04.926000+00:00,,20251020-001.gpx
47.6079321,19.1467447,250.32,2025-10-20 13:00:05.107000+00:00,,20251020-001.gpx
47.6079375,19.1467396,249.74,2025-10-20 13:00:05.320000+00:00,,20251020-001.gpx
47.6079426,19.1467348,249.19,2025-10-20 13:00:05.531000+00:00,,20251020-001.gpx
47.6079472,19.1467306,248.66,2025-10-20 13:00:05.733000+00:00,,20251020-001.gpx
47.6079513,19.1467268,248.17,2025-10-20 13:00:05.915000+00:00,,20251020-001.gpx
47.6079565,19.1467222,247.56,2025-10-20 13:00:06.139000+00:00,,20251020-001.gpx
47.6079608,19.1467187,247.06,2025-10-20 13:00:06.326000+00:00,,20251020-001.gpx
47.6079655,19.1467149,246.5,2025-10-20 13:00:06.532000+00:00,,20251020-001.gpx
47.6079695,19.1467116,246.01,2025-10-20 13:00:06.713000+00:00,,20251020-001.gpx
47.6079744,19.1467076,245.42,2025-10-20 13:00:06.931000+00:00,,20251020-001.gpx
47.6079788,19.146704,244.9,2025-10-20 13:00:07.131000+00:00,,20251020-001.gpx
47.607983,19.1467007,244.41,2025-10-20 13:00:07.335000+00:00,,20251020-001.gpx
47.6079875,19.146697,243.87,2025-10-20 13:00:07.535000+00:00,,20251020-001.gpx
47.6079919,19.1466934,243.32,2025-10-20 13:00:07.737000+00:00,,20251020-001.gpx
47.6079962,19.1466898,242.77,2025-10-20 13:00:07.937000+00:00,,20251020-001.gpx
47.6080004,19.1466862,242.22,2025-10-20 13:00:08.138000+00:00,,20251020-001.gpx
47.6080048,19.1466824,241.65,2025-10-20 13:00:08.342000+00:00,,20251020-001.gpx
47.6080087,19.1466792,241.16,2025-10-20 13:00:08.524000+00:00,,20251020-001.gpx
47.608013,19.1466755,240.64,2025-10-20 13:00:08.724000+00:00,,20251020-001.gpx
47.6080171,19.1466716,240.11,2025-10-20 13:00:08.927000+00:00,,20251020-001.gpx
47.6080214,19.1466676,239.56,2025-10-20 13:00:09.131000+00:00,,20251020-001.gpx
47.6080257,19.1466636,238.98,2025-10-20 13:00:09.340000+00:00,,20251020-001.gpx
47.6080297,19.1466599,238.44,2025-10-20 13:00:09.542000+00:00,,20251020-001.gpx
47.6080329,19.1466566,237.98,2025-10-20 13:00:09.725000+00:00,,20251020-001.gpx
47.6080367,19.1466527,237.46,2025-10-20 13:00:09.926000+00:00,,20251020-001.gpx
47.6080406,19.1466488,236.9,2025-10-20 13:00:10.131000+00:00,,20251020-001.gpx
47.6080441,19.1466452,236.37,2025-10-20 13:00:10.315000+00:00,,20251020-001.gpx
47.6080478,19.1466411,235.81,2025-10-20 13:00:10.517000+00:00,,20251020-001.gpx
47.6080516,19.1466368,235.25,2025-10-20 13:00:10.720000+00:00,,20251020-001.gpx
47.608056,19.1466319,234.61,2025-10-20 13:00:10.942000+00:00,,20251020-001.gpx
47.6080595,19.146628,234.12,2025-10-20 13:00:11.123000+00:00,,20251020-001.gpx
47.6080632,19.1466237,233.59,2025-10-20 13:00:11.330000+00:00,,20251020-001.gpx
47.6080668,19.1466192,233.08,2025-10-20 13:00:11.530000+00:00,,20251020-001.gpx
47.6080705,19.1466145,232.57,2025-10-20 13:00:11.731000+00:00,,20251020-001.gpx
47.608074,19.1466102,232.08,2025-10-20 13:00:11.912000+00:00,,20251020-001.gpx
47.6080783,19.1466053,231.53,2025-10-20 13:00:12.133000+00:00,,20251020-001.gpx
47.6080815,19.1466015,231.08,2025-10-20 13:00:12.307000+00:00,,20251020-001.gpx
47.6080863,19.1465961,230.39,2025-10-20 13:00:12.551000+00:00,,20251020-001.gpx
47.6080899,19.1465924,229.89,2025-10-20 13:00:12.733000+00:00,,20251020-001.gpx
47.6080933,19.1465888,229.41,2025-10-20 13:00:12.916000+00:00,,20251020-001.gpx
47.6080976,19.1465843,228.82,2025-10-20 13:00:13.138000+00:00,,20251020-001.gpx
47.6081012,19.1465808,228.34,2025-10-20 13:00:13.316000+00:00,,20251020-001.gpx
47.6081058,19.1465762,227.73,2025-10-20 13:00:13.538000+00:00,,20251020-001.gpx
47.6081099,19.1465721,227.18,2025-10-20 13:00:13.738000+00:00,,20251020-001.gpx
47.608114,19.1465681,226.63,2025-10-20 13:00:13.939000+00:00,,20251020-001.gpx
47.6081181,19.1465642,226.08,2025-10-20 13:00:14.140000+00:00,,20251020-001.gpx
47.6081222,19.1465601,225.53,2025-10-20 13:00:14.344000+00:00,,20251020-001.gpx
47.6081262,19.1465559,224.98,2025-10-20 13:00:14.545000+00:00,,20251020-001.gpx
47.6081302,19.1465518,224.41,2025-10-20 13:00:14.747000+00:00,,20251020-001.gpx
47.6081337,19.1465482,223.91,2025-10-20 13:00:14.928000+00:00,,20251020-001.gpx
47.6081381,19.1465437,223.28,2025-10-20 13:00:15.150000+00:00,,20251020-001.gpx
47.6081417,19.1465399,222.75,2025-10-20 13:00:15.332000+00:00,,20251020-001.gpx
47.6081457,19.1465357,222.18,2025-10-20 13:00:15.533000+00:00,,20251020-001.gpx
47.6081499,19.1465314,221.61,2025-10-20 13:00:15.735000+00:00,,20251020-001.gpx
47.6081542,19.146527,221.05,2025-10-20 13:00:15.936000+00:00,,20251020-001.gpx
47.6081587,19.1465224,220.48,2025-10-20 13:00:16.137000+00:00,,20251020-001.gpx
47.6081631,19.1465179,219.9,2025-10-20 13:00:16.341000+00:00,,20251020-001.gpx
47.6081674,19.1465136,219.29,2025-10-20 13:00:16.543000+00:00,,20251020-001.gpx
47.6081718,19.1465093,218.69,2025-10-20 13:00:16.746000+00:00,,20251020-001.gpx
47.6081762,19.146505,218.09,2025-10-20 13:00:16.948000+00:00,,20251020-001.gpx
47.6081808,19.1465007,217.49,2025-10-20 13:00:17.158000+00:00,,20251020-001.gpx
47.6081849,19.1464968,216.94,2025-10-20 13:00:17.360000+00:00,,20251020-001.gpx
47.6081892,19.1464926,216.38,2025-10-20 13:00:17.562000+00:00,,20251020-001.gpx
47.6081935,19.1464883,215.81,2025-10-20 13:00:17.764000+00:00,,20251020-001.gpx
47.6081977,19.1464838,215.22,2025-10-20 13:00:17.967000+00:00,,20251020-001.gpx
47.6082018,19.1464793,214.64,2025-10-20 13:00:18.171000+00:00,,20251020-001.gpx
47.6082051,19.1464756,214.18,2025-10-20 13:00:18.335000+00:00,,20251020-001.gpx
47.6082093,19.1464708,213.57,2025-10-20 13:00:18.557000+00:00,,20251020-001.gpx
47.608213,19.1464666,212.98,2025-10-20 13:00:18.758000+00:00,,20251020-001.gpx
47.608217,19.1464622,212.36,2025-10-20 13:00:18.978000+00:00,,20251020-001.gpx
47.6082206,19.1464586,211.85,2025-10-20 13:00:19.167000+00:00,,20251020-001.gpx
47.6082247,19.1464544,211.28,2025-10-20 13:00:19.368000+00:00,,20251020-001.gpx
47.6082289,19.1464503,210.69,2025-10-20 13:00:19.569000+00:00,,20251020-001.gpx
47.6082332,19.1464463,210.12,2025-10-20 13:00:19.770000+00:00,,20251020-001.gpx
47.6082376,19.1464424,209.57,2025-10-20 13:00:19.972000+00:00,,20251020-001.gpx
47.6082422,19.1464386,208.97,2025-10-20 13:00:20.175000+00:00,,20251020-001.gpx
47.6082468,19.146435,208.36,2025-10-20 13:00:20.377000+00:00,,20251020-001.gpx
47.6082511,19.1464318,207.83,2025-10-20 13:00:20.565000+00:00,,20251020-001.gpx
47.6082548,19.1464289,207.36,2025-10-20 13:00:20.725000+00:00,,20251020-001.gpx
47.6082608,19.1464243,206.62,2025-10-20 13:00:20.979000+00:00,,20251020-001.gpx
47.6082655,19.1464207,206.06,2025-10-20 13:00:21.174000+00:00,,20251020-001.gpx
47.6082703,19.1464166,205.45,2025-10-20 13:00:21.380000+00:00,,20251020-001.gpx
47.6082749,19.1464125,204.87,2025-10-20 13:00:21.581000+00:00,,20251020-001.gpx
47.6082793,19.1464082,204.29,2025-10-20 13:00:21.782000+00:00,,20251020-001.gpx
47.6082839,19.1464036,203.7,2025-10-20 13:00:21.983000+00:00,,20251020-001.gpx
47.6082884,19.1463991,203.11,2025-10-20 13:00:22.184000+00:00,,20251020-001.gpx
47.6082914,19.1463961,202.72,2025-10-20 13:00:22.347000+00:00,,20251020-001.gpx
47.6082968,19.1463906,202.03,2025-10-20 13:00:22.589000+00:00,,20251020-001.gpx
47.6083013,19.1463859,201.43,2025-10-20 13:00:22.791000+00:00,,20251020-001.gpx
47.6083058,19.1463811,200.84,2025-10-20 13:00:22.993000+00:00,,20251020-001.gpx
47.6083104,19.1463763,200.25,2025-10-20 13:00:23.194000+00:00,,20251020-001.gpx
47.6083149,19.1463713,199.65,2025-10-20 13:00:23.399000+00:00,,20251020-001.gpx
47.6083194,19.1463664,199.05,2025-10-20 13:00:23.601000+00:00,,20251020-001.gpx
47.6083237,19.1463615,198.46,2025-10-20 13:00:23.805000+00:00,,20251020-001.gpx
47.6083279,19.1463569,197.9,2025-10-20 13:00:24.007000+00:00,,20251020-001.gpx
47.608332,19.1463522,197.35,2025-10-20 13:00:24.198000+00:00,,20251020-001.gpx
47.6083365,19.146347,196.7,2025-10-20 13:00:24.410000+00:00,,20251020-001.gpx
47.6083404,19.1463424,196.15,2025-10-20 13:00:24.591000+00:00,,20251020-001.gpx
47.6083443,19.1463382,195.61,2025-10-20 13:00:24.772000+00:00,,20251020-001.gpx
47.6083491,19.1463335,194.92,2025-10-20 13:00:24.994000+00:00,,20251020-001.gpx
47.6083533,19.1463299,194.3,2025-10-20 13:00:25.196000+00:00,,20251020-001.gpx
47.6083578,19.1463264,193.7,2025-10-20 13:00:25.399000+00:00,,20251020-001.gpx
47.6083629,19.1463225,193.07,2025-10-20 13:00:25.620000+00:00,,20251020-001.gpx
47.6083675,19.1463191,192.51,2025-10-20 13:00:25.822000+00:00,,20251020-001.gpx
47.6083718,19.1463159,191.98,2025-10-20 13:00:26.005000+00:00,,20251020-001.gpx
47.608377,19.1463119,191.32,2025-10-20 13:00:26.225000+00:00,,20251020-001.gpx
47.6083814,19.1463084,190.74,2025-10-20 13:00:26.427000+00:00,,20251020-001.gpx
47.6083858,19.1463049,190.15,2025-10-20 13:00:26.627000+00:00,,20251020-001.gpx
47.60839,19.1463016,189.62,2025-10-20 13:00:26.810000+00:00,,20251020-001.gpx
47.6083944,19.1462977,189.05,2025-10-20 13:00:27.012000+00:00,,20251020-001.gpx
47.6083984,19.1462939,188.55,2025-10-20 13:00:27.193000+00:00,,20251020-001.gpx
47.6084026,19.1462892,187.98,2025-10-20 13:00:27.396000+00:00,,20251020-001.gpx
47.6084073,19.1462836,187.32,2025-10-20 13:00:27.620000+00:00,,20251020-001.gpx
47.6084116,19.1462781,186.71,2025-10-20 13:00:27.823000+00:00,,20251020-001.gpx
47.608416,19.1462727,186.09,2025-10-20 13:00:28.028000+00:00,,20251020-001.gpx
47.6084201,19.1462678,185.51,2025-10-20 13:00:28.227000+00:00,,20251020-001.gpx
47.608424,19.1462634,184.97,2025-10-20 13:00:28.411000+00:00,,20251020-001.gpx
47.6084283,19.1462587,184.38,2025-10-20 13:00:28.612000+00:00,,20251020-001.gpx
47.6084326,19.1462538,183.74,2025-10-20 13:00:28.825000+00:00,,20251020-001.gpx
47.6084356,19.1462505,183.29,2025-10-20 13:00:28.975000+00:00,,20251020-001.gpx
47.6084404,19.1462456,182.59,2025-10-20 13:00:29.220000+00:00,,20251020-001.gpx
47.6084445,19.1462413,182.0,2025-10-20 13:00:29.420000+00:00,,20251020-001.gpx
47.6084487,19.1462369,181.41,2025-10-20 13:00:29.622000+00:00,,20251020-001.gpx
47.608453,19.1462325,180.82,2025-10-20 13:00:29.823000+00:00,,20251020-001.gpx
47.6084573,19.1462284,180.23,2025-10-20 13:00:30.024000+00:00,,20251020-001.gpx
47.6084616,19.1462244,179.62,2025-10-20 13:00:30.229000+00:00,,20251020-001.gpx
47.6084658,19.1462205,179.05,2025-10-20 13:00:30.431000+00:00,,20251020-001.gpx
47.60847,19.1462166,178.5,2025-10-20 13:00:30.631000+00:00,,20251020-001.gpx
47.6084743,19.1462124,177.96,2025-10-20 13:00:30.832000+00:00,,20251020-001.gpx
47.6084784,19.1462083,177.41,2025-10-20 13:00:31.032000+00:00,,20251020-001.gpx
47.6084817,19.1462051,176.95,2025-10-20 13:00:31.193000+00:00,,20251020-001.gpx
47.608486,19.1462009,176.38,2025-10-20 13:00:31.398000+00:00,,20251020-001.gpx
47.6084901,19.1461967,175.83,2025-10-20 13:00:31.602000+00:00,,20251020-001.gpx
47.6084942,19.1461923,175.28,2025-10-20 13:00:31.804000+00:00,,20251020-001.gpx
47.6084986,19.1461874,174.69,2025-10-20 13:00:32.006000+00:00,,20251020-001.gpx
47.6085029,19.1461824,174.1,2025-10-20 13:00:32.214000+00:00,,20251020-001.gpx
47.6085072,19.1461776,173.54,2025-10-20 13:00:32.416000+00:00,,20251020-001.gpx
47.6085111,19.1461729,173.01,2025-10-20 13:00:32.617000+00:00,,20251020-001.gpx
47.6085153,19.1461678,172.43,2025-10-20 13:00:32.821000+00:00,,20251020-001.gpx
47.6085193,19.1461628,171.85,2025-10-20 13:00:33.024000+00:00,,20251020-001.gpx
47.6085236,19.1461578,171.23,2025-10-20 13:00:33.228000+00:00,,20251020-001.gpx
47.608528,19.1461533,170.65,2025-10-20 13:00:33.429000+00:00,,20251020-001.gpx
47.6085326,19.1461493,170.05,2025-10-20 13:00:33.630000+00:00,,20251020-001.gpx
47.6085369,19.1461459,169.51,2025-10-20 13:00:33.811000+00:00,,20251020-001.gpx
47.6085422,19.1461422,168.89,2025-10-20 13:00:34.031000+00:00,,20251020-001.gpx
47.6085469,19.1461391,168.35,2025-10-20 13:00:34.222000+00:00,,20251020-001.gpx
47.6085517,19.1461358,167.77,2025-10-20 13:00:34.425000+00:00,,20251020-001.gpx
47.6085565,19.1461327,167.2,2025-10-20 13:00:34.626000+00:00,,20251020-001.gpx
47.6085613,19.1461294,166.63,2025-10-20 13:00:34.828000+00:00,,20251020-001.gpx
47.6085661,19.1461261,166.07,2025-10-20 13:00:35.029000+00:00,,20251020-001.gpx
47.60857,19.1461232,165.59,2025-10-20 13:00:35.196000+00:00,,20251020-001.gpx
47.608575,19.1461191,164.95,2025-10-20 13:00:35.418000+00:00,,20251020-001.gpx
47.6085795,19.1461148,164.36,2025-10-20 13:00:35.619000+00:00,,20251020-001.gpx
47.6085839,19.1461104,163.78,2025-10-20 13:00:35.821000+00:00,,20251020-001.gpx
47.6085882,19.1461059,163.19,2025-10-20 13:00:36.021000+00:00,,20251020-001.gpx
47.608592,19.1461016,162.64,2025-10-20 13:00:36.208000+00:00,,20251020-001.gpx
47.6085964,19.1460965,161.99,2025-10-20 13:00:36.428000+00:00,,20251020-001.gpx
47.6086001,19.1460917,161.41,2025-10-20 13:00:36.628000+00:00,,20251020-001.gpx
47.6086039,19.1460872,160.81,2025-10-20 13:00:36.830000+00:00,,20251020-001.gpx
47.6086076,19.146083,160.22,2025-10-20 13:00:37.030000+00:00,,20251020-001.gpx
47.6086105,19.14608,159.79,2025-10-20 13:00:37.177000+00:00,,20251020-001.gpx
47.6086151,19.1460757,159.12,2025-10-20 13:00:37.405000+00:00,,20251020-001.gpx
47.6086197,19.1460716,158.48,2025-10-20 13:00:37.630000+00:00,,20251020-001.gpx
47.6086238,19.1460679,157.92,2025-10-20 13:00:37.833000+00:00,,20251020-001.gpx
47.6086275,19.1460645,157.41,2025-10-20 13:00:38.014000+00:00,,20251020-001.gpx
47.6086319,19.1460603,156.82,2025-10-20 13:00:38.221000+00:00,,20251020-001.gpx
47.6086358,19.1460564,156.32,2025-10-20 13:00:38.404000+00:00,,20251020-001.gpx
47.6086404,19.1460521,155.78,2025-10-20 13:00:38.625000+00:00,,20251020-001.gpx
47.6086446,19.1460481,155.26,2025-10-20 13:00:38.805000+00:00,,20251020-001.gpx
47.6086494,19.1460437,154.68,2025-10-20 13:00:39.007000+00:00,,20251020-001.gpx
47.6086545,19.1460391,154.09,2025-10-20 13:00:39.213000+00:00,,20251020-001.gpx
47.6086595,19.1460349,153.52,2025-10-20 13:00:39.419000+00:00,,20251020-001.gpx
47.6086645,19.1460309,152.94,2025-10-20 13:00:39.620000+00:00,,20251020-001.gpx
47.6086694,19.1460267,152.34,2025-10-20 13:00:39.822000+00:00,,20251020-001.gpx
47.6086743,19.1460225,151.73,2025-10-20 13:00:40.024000+00:00,,20251020-001.gpx
47.6086791,19.1460182,151.14,2025-10-20 13:00:40.225000+00:00,,20251020-001.gpx
47.608684,19.1460136,150.55,2025-10-20 13:00:40.426000+00:00,,20251020-001.gpx
47.6086888,19.1460086,149.97,2025-10-20 13:00:40.626000+00:00,,20251020-001.gpx
47.6086935,19.1460034,149.37,2025-10-20 13:00:40.827000+00:00,,20251020-001.gpx
47.6086977,19.1459979,148.79,2025-10-20 13:00:41.028000+00:00,,20251020-001.gpx
47.6087015,19.1459924,148.22,2025-10-20 13:00:41.223000+00:00,,20251020-001.gpx
47.6087053,19.1459869,147.64,2025-10-20 13:00:41.426000+00:00,,20251020-001.gpx
47.6087091,19.1459816,147.07,2025-10-20 13:00:41.627000+00:00,,20251020-001.gpx
47.6087131,19.1459766,146.48,2025-10-20 13:00:41.829000+00:00,,20251020-001.gpx
47.6087171,19.1459719,145.89,2025-10-20 13:00:42.028000+00:00,,20251020-001.gpx
47.6087213,19.1459672,145.27,2025-10-20 13:00:42.238000+00:00,,20251020-001.gpx
47.6087254,19.1459628,144.68,2025-10-20 13:00:42.438000+00:00,,20251020-001.gpx
47.6087293,19.1459584,144.09,2025-10-20 13:00:42.639000+00:00,,20251020-001.gpx
47.6087331,19.1459543,143.53,2025-10-20 13:00:42.841000+00:00,,20251020-001.gpx
47.6087369,19.1459503,143.04,2025-10-20 13:00:43.041000+00:00,,20251020-001.gpx
47.6087403,19.1459472,142.72,2025-10-20 13:00:43.224000+00:00,,20251020-001.gpx
47.6087435,19.1459446,142.52,2025-10-20 13:00:43.427000+00:00,,20251020-001.gpx
47.6087459,19.145943,142.44,2025-10-20 13:00:43.630000+00:00,,20251020-001.gpx
47.6087475,19.1459422,142.42,2025-10-20 13:00:43.834000+00:00,,20251020-001.gpx
47.6087485,19.145942,142.43,2025-10-20 13:00:44.014000+00:00,,20251020-001.gpx
47.6087492,19.1459422,142.44,2025-10-20 13:00:44.217000+00:00,,20251020-001.gpx
47.6087494,19.1459427,142.44,2025-10-20 13:00:44.427000+00:00,,20251020-001.gpx
47.6087494,19.1459435,142.44,2025-10-20 13:00:44.629000+00:00,,20251020-001.gpx
47.6087492,19.1459445,142.42,2025-10-20 13:00:44.831000+00:00,,20251020-001.gpx
47.6087489,19.1459455,142.4,2025-10-20 13:00:45.032000+00:00,,20251020-001.gpx
47.6087486,19.1459465,142.38,2025-10-20 13:00:45.222000+00:00,,20251020-001.gpx
47.6087483,19.1459475,142.36,2025-10-20 13:00:45.430000+00:00,,20251020-001.gpx
47.6087479,19.1459484,142.36,2025-10-20 13:00:45.611000+00:00,,20251020-001.gpx
47.6087474,19.1459493,142.42,2025-10-20 13:00:45.814000+00:00,,20251020-001.gpx
47.6087468,19.1459507,142.58,2025-10-20 13:00:46.037000+00:00,,20251020-001.gpx
47.6087462,19.1459525,142.8,2025-10-20 13:00:46.208000+00:00,,20251020-001.gpx
47.6087452,19.145956,143.2,2025-10-20 13:00:46.423000+00:00,,20251020-001.gpx
47.608744,19.1459612,143.69,2025-10-20 13:00:46.644000+00:00,,20251020-001.gpx
47.6087427,19.1459676,144.17,2025-10-20 13:00:46.846000+00:00,,20251020-001.gpx
47.6087411,19.1459753,144.68,2025-10-20 13:00:47.047000+00:00,,20251020-001.gpx
47.6087396,19.1459831,145.15,2025-10-20 13:00:47.235000+00:00,,20251020-001.gpx
47.6087382,19.1459923,145.65,2025-10-20 13:00:47.438000+00:00,,20251020-001.gpx
47.608737,19.1460021,146.13,2025-10-20 13:00:47.640000+00:00,,20251020-001.gpx
47.6087359,19.1460121,146.62,2025-10-20 13:00:47.841000+00:00,,20251020-001.gpx
47.608735,19.1460214,147.05,2025-10-20 13:00:48.021000+00:00,,20251020-001.gpx
47.608734,19.1460324,147.56,2025-10-20 13:00:48.238000+00:00,,20251020-001.gpx
47.6087331,19.146043,148.05,2025-10-20 13:00:48.440000+00:00,,20251020-001.gpx
47.6087322,19.1460535,148.52,2025-10-20 13:00:48.644000+00:00,,20251020-001.gpx
47.6087315,19.1460635,148.98,2025-10-20 13:00:48.845000+00:00,,20251020-001.gpx
47.6087308,19.1460737,149.45,2025-10-20 13:00:49.046000+00:00,,20251020-001.gpx
47.6087299,19.1460838,149.94,2025-10-20 13:00:49.249000+00:00,,20251020-001.gpx
47.6087292,19.1460928,150.35,2025-10-20 13:00:49.430000+00:00,,20251020-001.gpx
47.6087284,19.1461035,150.86,2025-10-20 13:00:49.651000+00:00,,20251020-001.gpx
47.6087276,19.146113,151.32,2025-10-20 13:00:49.852000+00:00,,20251020-001.gpx
47.6087268,19.1461223,151.77,2025-10-20 13:00:50.053000+00:00,,20251020-001.gpx
47.6087261,19.1461299,152.14,2025-10-20 13:00:50.215000+00:00,,20251020-001.gpx
47.6087253,19.1461392,152.6,2025-10-20 13:00:50.416000+00:00,,20251020-001.gpx
47.6087244,19.1461492,153.1,2025-10-20 13:00:50.637000+00:00,,20251020-001.gpx
47.6087235,19.1461585,153.57,2025-10-20 13:00:50.841000+00:00,,20251020-001.gpx
47.6087225,19.1461676,154.05,2025-10-20 13:00:51.044000+00:00,,20251020-001.gpx
47.6087217,19.1461751,154.44,2025-10-20 13:00:51.210000+00:00,,20251020-001.gpx
47.6087206,19.1461861,155.02,2025-10-20 13:00:51.460000+00:00,,20251020-001.gpx
47.6087197,19.1461939,155.43,2025-10-20 13:00:51.640000+00:00,,20251020-001.gpx
47.6087188,19.1462018,155.84,2025-10-20 13:00:51.840000+00:00,,20251020-001.gpx
47.6087178,19.1462104,156.29,2025-10-20 13:00:52.041000+00:00,,20251020-001.gpx
47.6087169,19.1462179,156.69,2025-10-20 13:00:52.215000+00:00,,20251020-001.gpx
47.6087157,19.1462267,157.15,2025-10-20 13:00:52.426000+00:00,,20251020-001.gpx
47.6087145,19.1462357,157.64,2025-10-20 13:00:52.647000+00:00,,20251020-001.gpx
47.6087133,19.1462446,158.11,2025-10-20 13:00:52.849000+00:00,,20251020-001.gpx
47.6087121,19.1462525,158.54,2025-10-20 13:00:53.030000+00:00,,20251020-001.gpx
47.6087109,19.1462616,159.02,2025-10-20 13:00:53.237000+00:00,,20251020-001.gpx
47.6087097,19.1462707,159.49,2025-10-20 13:00:53.443000+00:00,,20251020-001.gpx
47.6087085,19.1462798,159.96,2025-10-20 13:00:53.646000+00:00,,20251020-001.gpx
47.6087074,19.1462889,160.43,2025-10-20 13:00:53.848000+00:00,,20251020-001.gpx
47.6087063,19.1462978,160.89,2025-10-20 13:00:54.049000+00:00,,20251020-001.gpx
47.6087055,19.1463054,161.27,2025-10-20 13:00:54.238000+00:00,,20251020-001.gpx
47.6087047,19.1463141,161.71,2025-10-20 13:00:54.438000+00:00,,20251020-001.gpx
47.6087039,19.1463227,162.17,2025-10-20 13:00:54.640000+00:00,,20251020-001.gpx
47.6087029,19.1463312,162.65,2025-10-20 13:00:54.842000+00:00,,20251020-001.gpx
47.6087019,19.1463399,163.13,2025-10-20 13:00:55.044000+00:00,,20251020-001.gpx
47.608701,19.1463477,163.56,2025-10-20 13:00:55.227000+00:00,,20251020-001.gpx
47.6086999,19.1463573,164.09,2025-10-20 13:00:55.448000+00:00,,20251020-001.gpx
47.6086987,19.146366,164.57,2025-10-20 13:00:55.654000+00:00,,20251020-001.gpx
47.6086975,19.1463741,165.02,2025-10-20 13:00:55.855000+00:00,,20251020-001.gpx
47.6086963,19.1463826,165.49,2025-10-20 13:00:56.056000+00:00,,20251020-001.gpx
47.6086951,19.1463911,165.97,2025-10-20 13:00:56.259000+00:00,,20251020-001.gpx
47.6086941,19.1463994,166.45,2025-10-20 13:00:56.460000+00:00,,20251020-001.gpx
47.608693,19.1464076,166.92,2025-10-20 13:00:56.660000+00:00,,20251020-001.gpx
47.608692,19.1464158,167.39,2025-10-20 13:00:56.861000+00:00,,20251020-001.gpx
47.608691,19.1464233,167.82,2025-10-20 13:00:57.046000+00:00,,20251020-001.gpx
47.6086899,19.1464318,168.31,2025-10-20 13:00:57.256000+00:00,,20251020-001.gpx
47.608689,19.1464393,168.74,2025-10-20 13:00:57.440000+00:00,,20251020-001.gpx
47.608688,19.1464481,169.24,2025-10-20 13:00:57.664000+00:00,,20251020-001.gpx
47.6086872,19.1464568,169.71,2025-10-20 13:00:57.865000+00:00,,20251020-001.gpx
47.6086864,19.1464656,170.18,2025-10-20 13:00:58.066000+00:00,,20251020-001.gpx
47.6086856,19.1464738,170.61,2025-10-20 13:00:58.258000+00:00,,20251020-001.gpx
47.608685,19.1464806,170.98,2025-10-20 13:00:58.418000+00:00,,20251020-001.gpx
47.6086841,19.1464909,171.52,2025-10-20 13:00:58.659000+00:00,,20251020-001.gpx
47.6086833,19.1464997,171.99,2025-10-20 13:00:58.859000+00:00,,20251020-001.gpx
47.6086826,19.1465087,172.47,2025-10-20 13:00:59.061000+00:00,,20251020-001.gpx
47.6086819,19.1465174,172.92,2025-10-20 13:00:59.263000+00:00,,20251020-001.gpx
47.6086812,19.1465261,173.39,2025-10-20 13:00:59.464000+00:00,,20251020-001.gpx
47.6086803,19.146535,173.87,2025-10-20 13:00:59.666000+00:00,,20251020-001.gpx
47.6086795,19.1465441,174.36,2025-10-20 13:00:59.868000+00:00,,20251020-001.gpx
47.6086787,19.146553,174.84,2025-10-20 13:01:00.070000+00:00,,20251020-001.gpx
47.608678,19.1465623,175.32,2025-10-20 13:01:00.273000+00:00,,20251020-001.gpx
47.6086775,19.1465708,175.77,2025-10-20 13:01:00.461000+00:00,,20251020-001.gpx
47.608677,19.1465795,176.22,2025-10-20 13:01:00.655000+00:00,,20251020-001.gpx
47.6086766,19.1465881,176.67,2025-10-20 13:01:00.847000+00:00,,20251020-001.gpx
47.6086761,19.1465964,177.1,2025-10-20 13:01:01.026000+00:00,,20251020-001.gpx
47.6086753,19.1466076,177.69,2025-10-20 13:01:01.273000+00:00,,20251020-001.gpx
47.6086746,19.1466171,178.18,2025-10-20 13:01:01.478000+00:00,,20251020-001.gpx
47.6086738,19.1466258,178.64,2025-10-20 13:01:01.671000+00:00,,20251020-001.gpx
47.608673,19.1466341,179.08,2025-10-20 13:01:01.860000+00:00,,20251020-001.gpx
47.608672,19.146643,179.56,2025-10-20 13:01:02.060000+00:00,,20251020-001.gpx
47.6086709,19.1466523,180.06,2025-10-20 13:01:02.274000+00:00,,20251020-001.gpx
47.60867,19.1466609,180.52,2025-10-20 13:01:02.478000+00:00,,20251020-001.gpx
47.6086692,19.1466684,180.93,2025-10-20 13:01:02.660000+00:00,,20251020-001.gpx
47.6086682,19.146677,181.4,2025-10-20 13:01:02.862000+00:00,,20251020-001.gpx
47.6086672,19.1466855,181.86,2025-10-20 13:01:03.064000+00:00,,20251020-001.gpx
47.6086661,19.1466943,182.35,2025-10-20 13:01:03.275000+00:00,,20251020-001.gpx
47.6086651,19.1467027,182.81,2025-10-20 13:01:03.475000+00:00,,20251020-001.gpx
47.6086642,19.146711,183.28,2025-10-20 13:01:03.677000+00:00,,20251020-001.gpx
47.6086633,19.1467186,183.71,2025-10-20 13:01:03.858000+00:00,,20251020-001.gpx
47.6086622,19.1467277,184.22,2025-10-20 13:01:04.078000+00:00,,20251020-001.gpx
47.6086612,19.146736,184.69,2025-10-20 13:01:04.282000+00:00,,20251020-001.gpx
47.6086602,19.1467441,185.16,2025-10-20 13:01:04.482000+00:00,,20251020-001.gpx
47.6086592,19.1467523,185.63,2025-10-20 13:01:04.683000+00:00,,20251020-001.gpx
47.6086583,19.1467606,186.09,2025-10-20 13:01:04.885000+00:00,,20251020-001.gpx
47.6086576,19.1467672,186.47,2025-10-20 13:01:05.046000+00:00,,20251020-001.gpx
47.6086565,19.1467758,186.95,2025-10-20 13:01:05.259000+00:00,,20251020-001.gpx
47.6086554,19.1467846,187.43,2025-10-20 13:01:05.469000+00:00,,20251020-001.gpx
47.6086544,19.1467932,187.89,2025-10-20 13:01:05.672000+00:00,,20251020-001.gpx
47.6086534,19.1468016,188.35,2025-10-20 13:01:05.873000+00:00,,20251020-001.gpx
47.6086524,19.1468098,188.8,2025-10-20 13:01:06.073000+00:00,,20251020-001.gpx
47.6086514,19.1468186,189.27,2025-10-20 13:01:06.280000+00:00,,20251020-001.gpx
47.6086504,19.1468272,189.74,2025-10-20 13:01:06.481000+00:00,,20251020-001.gpx
47.6086496,19.1468359,190.21,2025-10-20 13:01:06.682000+00:00,,20251020-001.gpx
47.6086487,19.1468447,190.69,2025-10-20 13:01:06.882000+00:00,,20251020-001.gpx
47.6086478,19.1468533,191.16,2025-10-20 13:01:07.084000+00:00,,20251020-001.gpx
47.6086469,19.1468607,191.57,2025-10-20 13:01:07.256000+00:00,,20251020-001.gpx
47.6086457,19.1468706,192.1,2025-10-20 13:01:07.479000+00:00,,20251020-001.gpx
47.6086447,19.1468793,192.57,2025-10-20 13:01:07.680000+00:00,,20251020-001.gpx
47.6086437,19.1468888,193.09,2025-10-20 13:01:07.901000+00:00,,20251020-001.gpx
47.6086429,19.1468957,193.46,2025-10-20 13:01:08.061000+00:00,,20251020-001.gpx
47.6086419,19.1469044,193.92,2025-10-20 13:01:08.265000+00:00,,20251020-001.gpx
47.608641,19.1469139,194.43,2025-10-20 13:01:08.486000+00:00,,20251020-001.gpx
47.6086402,19.1469219,194.85,2025-10-20 13:01:08.687000+00:00,,20251020-001.gpx
47.6086393,19.1469306,195.3,2025-10-20 13:01:08.888000+00:00,,20251020-001.gpx
47.6086385,19.1469383,195.71,2025-10-20 13:01:09.069000+00:00,,20251020-001.gpx
47.6086376,19.1469464,196.15,2025-10-20 13:01:09.258000+00:00,,20251020-001.gpx
47.6086365,19.1469555,196.64,2025-10-20 13:01:09.479000+00:00,,20251020-001.gpx
47.6086352,19.1469651,197.17,2025-10-20 13:01:09.703000+00:00,,20251020-001.gpx
47.608634,19.1469738,197.65,2025-10-20 13:01:09.903000+00:00,,20251020-001.gpx
47.6086329,19.1469815,198.08,2025-10-20 13:01:10.084000+00:00,,20251020-001.gpx
47.6086317,19.1469899,198.55,2025-10-20 13:01:10.285000+00:00,,20251020-001.gpx
47.6086305,19.1469986,199.04,2025-10-20 13:01:10.485000+00:00,,20251020-001.gpx
47.6086293,19.1470082,199.58,2025-10-20 13:01:10.707000+00:00,,20251020-001.gpx
47.6086283,19.1470159,200.01,2025-10-20 13:01:10.888000+00:00,,20251020-001.gpx
47.6086273,19.1470239,200.44,2025-10-20 13:01:11.069000+00:00,,20251020-001.gpx
47.6086261,19.1470346,201.01,2025-10-20 13:01:11.313000+00:00,,20251020-001.gpx
47.6086251,19.1470435,201.48,2025-10-20 13:01:11.517000+00:00,,20251020-001.gpx
47.6086241,19.1470515,201.9,2025-10-20 13:01:11.698000+00:00,,20251020-001.gpx
47.6086232,19.1470601,202.37,2025-10-20 13:01:11.899000+00:00,,20251020-001.gpx
47.6086224,19.1470689,202.82,2025-10-20 13:01:12.100000+00:00,,20251020-001.gpx
47.6086214,19.1470785,203.33,2025-10-20 13:01:12.323000+00:00,,20251020-001.gpx
47.6086206,19.147087,203.81,2025-10-20 13:01:12.524000+00:00,,20251020-001.gpx
47.6086197,19.147095,204.26,2025-10-20 13:01:12.725000+00:00,,20251020-001.gpx
47.6086188,19.1471034,204.72,2025-10-20 13:01:12.925000+00:00,,20251020-001.gpx
47.6086179,19.1471122,205.2,2025-10-20 13:01:13.127000+00:00,,20251020-001.gpx
47.6086171,19.1471204,205.63,2025-10-20 13:01:13.313000+00:00,,20251020-001.gpx
47.6086163,19.147129,206.08,2025-10-20 13:01:13.514000+00:00,,20251020-001.gpx
47.6086153,19.1471383,206.57,2025-10-20 13:01:13.734000+00:00,,20251020-001.gpx
47.6086144,19.1471464,207.0,2025-10-20 13:01:13.916000+00:00,,20251020-001.gpx
47.6086134,19.1471555,207.47,2025-10-20 13:01:14.116000+00:00,,20251020-001.gpx
47.6086125,19.1471644,207.94,2025-10-20 13:01:14.317000+00:00,,20251020-001.gpx
47.6086118,19.1471724,208.37,2025-10-20 13:01:14.518000+00:00,,20251020-001.gpx
47.6086108,19.1471812,208.84,2025-10-20 13:01:14.719000+00:00,,20251020-001.gpx
47.6086099,19.14719,209.32,2025-10-20 13:01:14.919000+00:00,,20251020-001.gpx
47.6086091,19.1471979,209.74,2025-10-20 13:01:15.101000+00:00,,20251020-001.gpx
47.6086081,19.1472075,210.25,2025-10-20 13:01:15.323000+00:00,,20251020-001.gpx
47.6086072,19.1472164,210.71,2025-10-20 13:01:15.527000+00:00,,20251020-001.gpx
47.6086064,19.1472254,211.17,2025-10-20 13:01:15.729000+00:00,,20251020-001.gpx
47.6086056,19.147234,211.62,2025-10-20 13:01:15.930000+00:00,,20251020-001.gpx
47.6086049,19.1472423,212.07,2025-10-20 13:01:16.132000+00:00,,20251020-001.gpx
47.6086042,19.1472505,212.51,2025-10-20 13:01:16.322000+00:00,,20251020-001.gpx
47.6086035,19.1472593,212.99,2025-10-20 13:01:16.525000+00:00,,20251020-001.gpx
47.6086029,19.1472682,213.47,2025-10-20 13:01:16.727000+00:00,,20251020-001.gpx
47.6086024,19.147277,213.94,2025-10-20 13:01:16.932000+00:00,,20251020-001.gpx
47.6086019,19.1472857,214.4,2025-10-20 13:01:17.133000+00:00,,20251020-001.gpx
47.6086015,19.1472943,214.84,2025-10-20 13:01:17.322000+00:00,,20251020-001.gpx
47.608601,19.1473031,215.3,2025-10-20 13:01:17.523000+00:00,,20251020-001.gpx
47.6086007,19.1473103,215.68,2025-10-20 13:01:17.683000+00:00,,20251020-001.gpx
47.6086001,19.1473209,216.23,2025-10-20 13:01:17.924000+00:00,,20251020-001.gpx
47.6085997,19.14733,216.68,2025-10-20 13:01:18.128000+00:00,,20251020-001.gpx
47.6085991,19.147339,217.16,2025-10-20 13:01:18.330000+00:00,,20251020-001.gpx
47.6085985,19.1473475,217.62,2025-10-20 13:01:18.532000+00:00,,20251020-001.gpx
47.6085978,19.1473561,218.09,2025-10-20 13:01:18.733000+00:00,,20251020-001.gpx
47.608597,19.1473646,218.56,2025-10-20 13:01:18.936000+00:00,,20251020-001.gpx
47.6085961,19.1473724,219.0,2025-10-20 13:01:19.119000+00:00,,20251020-001.gpx
47.6085951,19.1473815,219.5,2025-10-20 13:01:19.331000+00:00,,20251020-001.gpx
47.6085941,19.1473901,219.97,2025-10-20 13:01:19.533000+00:00,,20251020-001.gpx
47.608593,19.1473989,220.46,2025-10-20 13:01:19.737000+00:00,,20251020-001.gpx
47.608592,19.1474069,220.89,2025-10-20 13:01:19.919000+00:00,,20251020-001.gpx
47.6085909,19.1474157,221.36,2025-10-20 13:01:20.121000+00:00,,20251020-001.gpx
47.6085897,19.1474245,221.82,2025-10-20 13:01:20.326000+00:00,,20251020-001.gpx
47.6085885,19.1474335,222.3,2025-10-20 13:01:20.529000+00:00,,20251020-001.gpx
47.6085874,19.1474423,222.76,2025-10-20 13:01:20.730000+00:00,,20251020-001.gpx
47.6085863,19.1474513,223.24,2025-10-20 13:01:20.932000+00:00,,20251020-001.gpx
47.6085851,19.1474602,223.72,2025-10-20 13:01:21.132000+00:00,,20251020-001.gpx
47.6085839,19.1474695,224.22,2025-10-20 13:01:21.342000+00:00,,20251020-001.gpx
47.6085828,19.1474784,224.7,2025-10-20 13:01:21.544000+00:00,,20251020-001.gpx
47.6085816,19.1474871,225.18,2025-10-20 13:01:21.744000+00:00,,20251020-001.gpx
47.6085803,19.1474959,225.67,2025-10-20 13:01:21.944000+00:00,,20251020-001.gpx
47.6085792,19.1475034,226.08,2025-10-20 13:01:22.124000+00:00,,20251020-001.gpx
47.6085779,19.1475123,226.59,2025-10-20 13:01:22.332000+00:00,,20251020-001.gpx
47.6085768,19.147521,227.06,2025-10-20 13:01:22.534000+00:00,,20251020-001.gpx
47.6085759,19.1475295,227.51,2025-10-20 13:01:22.736000+00:00,,20251020-001.gpx
47.608575,19.1475381,227.95,2025-10-20 13:01:22.936000+00:00,,20251020-001.gpx
47.6085742,19.1475469,228.42,2025-10-20 13:01:23.138000+00:00,,20251020-001.gpx
47.6085733,19.1475557,228.9,2025-10-20 13:01:23.341000+00:00,,20251020-001.gpx
47.6085725,19.1475642,229.35,2025-10-20 13:01:23.543000+00:00,,20251020-001.gpx
47.6085716,19.1475727,229.82,2025-10-20 13:01:23.745000+00:00,,20251020-001.gpx
47.6085709,19.1475808,230.26,2025-10-20 13:01:23.927000+00:00,,20251020-001.gpx
47.60857,19.1475897,230.75,2025-10-20 13:01:24.128000+00:00,,20251020-001.gpx
47.608569,19.1475992,231.27,2025-10-20 13:01:24.348000+00:00,,20251020-001.gpx
47.6085681,19.1476078,231.74,2025-10-20 13:01:24.549000+00:00,,20251020-001.gpx
47.6085671,19.1476166,232.21,2025-10-20 13:01:24.751000+00:00,,20251020-001.gpx
47.6085661,19.1476254,232.68,2025-10-20 13:01:24.952000+00:00,,20251020-001.gpx
47.6085652,19.1476339,233.15,2025-10-20 13:01:25.153000+00:00,,20251020-001.gpx
47.6085641,19.1476424,233.64,2025-10-20 13:01:25.363000+00:00,,20251020-001.gpx
47.6085632,19.1476506,234.08,2025-10-20 13:01:25.546000+00:00,,20251020-001.gpx
47.6085621,19.1476593,234.54,2025-10-20 13:01:25.747000+00:00,,20251020-001.gpx
47.6085609,19.1476681,235.0,2025-10-20 13:01:25.948000+00:00,,20251020-001.gpx
47.6085601,19.147675,235.37,2025-10-20 13:01:26.109000+00:00,,20251020-001.gpx
47.6085588,19.1476854,235.93,2025-10-20 13:01:26.361000+00:00,,20251020-001.gpx
47.6085577,19.1476939,236.38,2025-10-20 13:01:26.561000+00:00,,20251020-001.gpx
47.6085567,19.1477024,236.83,2025-10-20 13:01:26.762000+00:00,,20251020-001.gpx
47.6085557,19.1477108,237.27,2025-10-20 13:01:26.962000+00:00,,20251020-001.gpx
47.6085548,19.1477185,237.68,2025-10-20 13:01:27.144000+00:00,,20251020-001.gpx
47.6085537,19.1477278,238.18,2025-10-20 13:01:27.361000+00:00,,20251020-001.gpx
47.6085527,19.1477363,238.64,2025-10-20 13:01:27.562000+00:00,,20251020-001.gpx
47.6085517,19.1477446,239.09,2025-10-20 13:01:27.763000+00:00,,20251020-001.gpx
47.6085506,19.1477537,239.57,2025-10-20 13:01:27.985000+00:00,,20251020-001.gpx
47.6085499,19.1477596,239.9,2025-10-20 13:01:28.127000+00:00,,20251020-001.gpx
47.6085486,19.1477691,240.43,2025-10-20 13:01:28.358000+00:00,,20251020-001.gpx
47.6085475,19.1477775,240.9,2025-10-20 13:01:28.561000+00:00,,20251020-001.gpx
47.6085464,19.147786,241.37,2025-10-20 13:01:28.764000+00:00,,20251020-001.gpx
47.6085454,19.1477946,241.84,2025-10-20 13:01:28.967000+00:00,,20251020-001.gpx
47.6085445,19.1478033,242.3,2025-10-20 13:01:29.170000+00:00,,20251020-001.gpx
47.6085438,19.1478114,242.72,2025-10-20 13:01:29.372000+00:00,,20251020-001.gpx
47.608543,19.14782,243.18,2025-10-20 13:01:29.574000+00:00,,20251020-001.gpx
47.6085422,19.1478285,243.65,2025-10-20 13:01:29.775000+00:00,,20251020-001.gpx
47.6085415,19.1478369,244.12,2025-10-20 13:01:29.976000+00:00,,20251020-001.gpx
47.6085408,19.1478455,244.58,2025-10-20 13:01:30.177000+00:00,,20251020-001.gpx
47.6085402,19.1478531,245.0,2025-10-20 13:01:30.360000+00:00,,20251020-001.gpx
47.6085395,19.1478616,245.46,2025-10-20 13:01:30.561000+00:00,,20251020-001.gpx
47.6085386,19.1478709,245.96,2025-10-20 13:01:30.783000+00:00,,20251020-001.gpx
47.6085378,19.1478792,246.4,2025-10-20 13:01:30.985000+00:00,,20251020-001.gpx
47.6085369,19.1478872,246.84,2025-10-20 13:01:31.186000+00:00,,20251020-001.gpx
47.608536,19.147895,247.27,2025-10-20 13:01:31.377000+00:00,,20251020-001.gpx
47.6085351,19.1479035,247.73,2025-10-20 13:01:31.579000+00:00,,20251020-001.gpx
47.6085342,19.1479119,248.18,2025-10-20 13:01:31.783000+00:00,,20251020-001.gpx
47.6085333,19.1479201,248.64,2025-10-20 13:01:31.983000+00:00,,20251020-001.gpx
47.6085325,19.1479277,249.04,2025-10-20 13:01:32.164000+00:00,,20251020-001.gpx
47.6085316,19.1479363,249.51,2025-10-20 13:01:32.373000+00:00,,20251020-001.gpx
47.6085309,19.1479437,249.93,2025-10-20 13:01:32.554000+00:00,,20251020-001.gpx
47.6085298,19.1479529,250.45,2025-10-20 13:01:32.775000+00:00,,20251020-001.gpx
47.6085288,19.1479614,250.93,2025-10-20 13:01:32.977000+00:00,,20251020-001.gpx
47.6085278,19.1479699,251.4,2025-10-20 13:01:33.178000+00:00,,20251020-001.gpx
47.6085269,19.1479786,251.88,2025-10-20 13:01:33.381000+00:00,,20251020-001.gpx
47.6085261,19.1479872,252.35,2025-10-20 13:01:33.582000+00:00,,20251020-001.gpx
47.6085254,19.147996,252.82,2025-10-20 13:01:33.784000+00:00,,20251020-001.gpx
47.6085245,19.1480049,253.28,2025-10-20 13:01:33.985000+00:00,,20251020-001.gpx
47.6085238,19.1480129,253.71,2025-10-20 13:01:34.166000+00:00,,20251020-001.gpx
47.6085229,19.1480228,254.2,2025-10-20 13:01:34.395000+00:00,,20251020-001.gpx
47.6085223,19.1480311,254.62,2025-10-20 13:01:34.579000+00:00,,20251020-001.gpx
47.6085216,19.1480405,255.1,2025-10-20 13:01:34.782000+00:00,,20251020-001.gpx
47.608521,19.1480498,255.58,2025-10-20 13:01:34.984000+00:00,,20251020-001.gpx
47.6085203,19.148059,256.06,2025-10-20 13:01:35.186000+00:00,,20251020-001.gpx
47.6085195,19.1480686,256.57,2025-10-20 13:01:35.395000+00:00,,20251020-001.gpx
47.6085187,19.1480777,257.01,2025-10-20 13:01:35.597000+00:00,,20251020-001.gpx
47.6085179,19.1480864,257.38,2025-10-20 13:01:35.798000+00:00,,20251020-001.gpx
47.6085171,19.1480944,257.68,2025-10-20 13:01:36.001000+00:00,,20251020-001.gpx
47.6085164,19.1481006,257.88,2025-10-20 13:01:36.168000+00:00,,20251020-001.gpx
47.6085156,19.1481079,258.07,2025-10-20 13:01:36.393000+00:00,,20251020-001.gpx
47.6085149,19.1481131,258.2,2025-10-20 13:01:36.598000+00:00,,20251020-001.gpx
47.6085143,19.1481165,258.26,2025-10-20 13:01:36.779000+00:00,,20251020-001.gpx
47.6085137,19.1481192,258.24,2025-10-20 13:01:36.979000+00:00,,20251020-001.gpx
47.6085132,19.1481208,258.11,2025-10-20 13:01:37.192000+00:00,,20251020-001.gpx
47.6085127,19.148121,257.97,2025-10-20 13:01:37.391000+00:00,,20251020-001.gpx
47.6085122,19.1481202,257.86,2025-10-20 13:01:37.591000+00:00,,20251020-001.gpx
47.6085118,19.1481186,257.79,2025-10-20 13:01:37.791000+00:00,,20251020-001.gpx
47.6085116,19.1481166,257.75,2025-10-20 13:01:37.992000+00:00,,20251020-001.gpx
47.6085114,19.148114,257.69,2025-10-20 13:01:38.192000+00:00,,20251020-001.gpx
47.6085111,19.1481112,257.64,2025-10-20 13:01:38.392000+00:00,,20251020-001.gpx
47.6085108,19.1481078,257.59,2025-10-20 13:01:38.592000+00:00,,20251020-001.gpx
47.6085114,19.1481045,257.43,2025-10-20 13:01:38.792000+00:00,,20251020-001.gpx
47.6085138,19.1481014,257.08,2025-10-20 13:01:38.993000+00:00,,20251020-001.gpx
47.6085176,19.1480983,256.57,2025-10-20 13:01:39.199000+00:00,,20251020-001.gpx
47.6085203,19.1480951,256.1,2025-10-20 13:01:39.390000+00:00,,20251020-001.gpx
47.6085212,19.1480916,255.53,2025-10-20 13:01:39.577000+00:00,,20251020-001.gpx
47.6085215,19.1480874,254.88,2025-10-20 13:01:39.799000+00:00,,20251020-001.gpx
47.6085235,19.1480842,254.28,2025-10-20 13:01:40.001000+00:00,,20251020-001.gpx
47.6085269,19.148082,253.67,2025-10-20 13:01:40.188000+00:00,,20251020-001.gpx
47.6085303,19.1480799,252.98,2025-10-20 13:01:40.394000+00:00,,20251020-001.gpx
47.608532,19.1480779,252.26,2025-10-20 13:01:40.596000+00:00,,20251020-001.gpx
47.6085322,19.1480762,251.65,2025-10-20 13:01:40.797000+00:00,,20251020-001.gpx
47.6085318,19.1480748,251.16,2025-10-20 13:01:40.998000+00:00,,20251020-001.gpx
47.6085309,19.1480741,250.65,2025-10-20 13:01:41.200000+00:00,,20251020-001.gpx
47.6085303,19.148074,250.13,2025-10-20 13:01:41.394000+00:00,,20251020-001.gpx
47.6085294,19.1480737,249.54,2025-10-20 13:01:41.596000+00:00,,20251020-001.gpx
47.6085281,19.1480734,248.88,2025-10-20 13:01:41.798000+00:00,,20251020-001.gpx
47.6085263,19.1480729,248.17,2025-10-20 13:01:41.999000+00:00,,20251020-001.gpx
47.6085243,19.1480724,247.52,2025-10-20 13:01:42.189000+00:00,,20251020-001.gpx
47.6085219,19.1480718,246.83,2025-10-20 13:01:42.393000+00:00,,20251020-001.gpx
47.6085194,19.1480712,246.17,2025-10-20 13:01:42.593000+00:00,,20251020-001.gpx
47.6085171,19.1480706,245.55,2025-10-20 13:01:42.776000+00:00,,20251020-001.gpx
47.6085143,19.1480699,244.81,2025-10-20 13:01:42.997000+00:00,,20251020-001.gpx
47.608512,19.1480693,244.21,2025-10-20 13:01:43.178000+00:00,,20251020-001.gpx
47.6085097,19.1480686,243.54,2025-10-20 13:01:43.380000+00:00,,20251020-001.gpx
47.6085077,19.148068,242.89,2025-10-20 13:01:43.580000+00:00,,20251020-001.gpx
47.6085057,19.1480673,242.15,2025-10-20 13:01:43.800000+00:00,,20251020-001.gpx
47.6085041,19.1480668,241.51,2025-10-20 13:01:44+00:00,,20251020-001.gpx
47.6085029,19.1480665,240.94,2025-10-20 13:01:44.189000+00:00,,20251020-001.gpx
47.6085018,19.1480661,240.32,2025-10-20 13:01:44.393000+00:00,,20251020-001.gpx
47.608501,19.1480657,239.66,2025-10-20 13:01:44.598000+00:00,,20251020-001.gpx
47.6085005,19.1480652,239.02,2025-10-20 13:01:44.801000+00:00,,20251020-001.gpx
47.6085002,19.1480647,238.38,2025-10-20 13:01:45.002000+00:00,,20251020-001.gpx
47.6085001,19.1480643,237.72,2025-10-20 13:01:45.204000+00:00,,20251020-001.gpx
47.6085003,19.148064,237.13,2025-10-20 13:01:45.387000+00:00,,20251020-001.gpx
47.6085007,19.1480636,236.47,2025-10-20 13:01:45.590000+00:00,,20251020-001.gpx
47.6085013,19.1480633,235.83,2025-10-20 13:01:45.791000+00:00,,20251020-001.gpx
47.608502,19.148063,235.17,2025-10-20 13:01:45.993000+00:00,,20251020-001.gpx
47.6085029,19.1480628,234.52,2025-10-20 13:01:46.203000+00:00,,20251020-001.gpx
47.6085038,19.1480626,233.92,2025-10-20 13:01:46.399000+00:00,,20251020-001.gpx
47.6085049,19.1480623,233.31,2025-10-20 13:01:46.600000+00:00,,20251020-001.gpx
47.608506,19.1480622,232.75,2025-10-20 13:01:46.787000+00:00,,20251020-001.gpx
47.6085072,19.1480619,232.13,2025-10-20 13:01:46.988000+00:00,,20251020-001.gpx
47.6085087,19.1480615,231.48,2025-10-20 13:01:47.200000+00:00,,20251020-001.gpx
47.60851,19.1480611,230.87,2025-10-20 13:01:47.405000+00:00,,20251020-001.gpx
47.608511,19.1480609,230.38,2025-10-20 13:01:47.565000+00:00,,20251020-001.gpx
47.6085123,19.1480605,229.74,2025-10-20 13:01:47.785000+00:00,,20251020-001.gpx
47.6085135,19.1480601,229.16,2025-10-20 13:01:47.987000+00:00,,20251020-001.gpx
47.6085146,19.1480598,228.6,2025-10-20 13:01:48.189000+00:00,,20251020-001.gpx
47.6085158,19.1480592,228.03,2025-10-20 13:01:48.393000+00:00,,20251020-001.gpx
47.6085166,19.1480587,227.49,2025-10-20 13:01:48.576000+00:00,,20251020-001.gpx
47.6085175,19.148058,226.85,2025-10-20 13:01:48.799000+00:00,,20251020-001.gpx
47.6085182,19.1480573,226.33,2025-10-20 13:01:48.981000+00:00,,20251020-001.gpx
47.6085188,19.1480565,225.74,2025-10-20 13:01:49.183000+00:00,,20251020-001.gpx
47.6085193,19.1480554,225.13,2025-10-20 13:01:49.393000+00:00,,20251020-001.gpx
47.6085196,19.1480545,224.55,2025-10-20 13:01:49.595000+00:00,,20251020-001.gpx
47.6085197,19.1480535,223.97,2025-10-20 13:01:49.797000+00:00,,20251020-001.gpx
47.6085199,19.1480527,223.39,2025-10-20 13:01:49.998000+00:00,,20251020-001.gpx
47.6085201,19.1480519,222.8,2025-10-20 13:01:50.199000+00:00,,20251020-001.gpx
47.6085201,19.1480513,222.31,2025-10-20 13:01:50.373000+00:00,,20251020-001.gpx
47.6085202,19.1480507,221.73,2025-10-20 13:01:50.575000+00:00,,20251020-001.gpx
47.6085202,19.1480503,221.1,2025-10-20 13:01:50.796000+00:00,,20251020-001.gpx
47.6085202,19.14805,220.52,2025-10-20 13:01:50.999000+00:00,,20251020-001.gpx
47.6085202,19.1480499,220.05,2025-10-20 13:01:51.163000+00:00,,20251020-001.gpx
47.6085201,19.1480498,219.45,2025-10-20 13:01:51.372000+00:00,,20251020-001.gpx
47.60852,19.1480498,218.88,2025-10-20 13:01:51.593000+00:00,,20251020-001.gpx
47.60852,19.1480497,218.33,2025-10-20 13:01:51.795000+00:00,,20251020-001.gpx
47.6085199,19.1480498,217.82,2025-10-20 13:01:51.975000+00:00,,20251020-001.gpx
47.6085199,19.1480499,217.26,2025-10-20 13:01:52.179000+00:00,,20251020-001.gpx
47.6085198,19.14805,216.7,2025-10-20 13:01:52.382000+00:00,,20251020-001.gpx
47.6085197,19.1480503,216.17,2025-10-20 13:01:52.581000+00:00,,20251020-001.gpx
47.6085195,19.1480505,215.57,2025-10-20 13:01:52.803000+00:00,,20251020-001.gpx
47.6085195,19.1480506,215.02,2025-10-20 13:01:53.003000+00:00,,20251020-001.gpx
47.6085194,19.1480507,214.51,2025-10-20 13:01:53.185000+00:00,,20251020-001.gpx
47.6085194,19.1480506,213.99,2025-10-20 13:01:53.389000+00:00,,20251020-001.gpx
47.6085194,19.1480505,213.41,2025-10-20 13:01:53.589000+00:00,,20251020-001.gpx
47.6085194,19.1480503,212.86,2025-10-20 13:01:53.792000+00:00,,20251020-001.gpx
47.6085194,19.14805,212.36,2025-10-20 13:01:53.991000+00:00,,20251020-001.gpx
47.6085194,19.1480498,211.86,2025-10-20 13:01:54.194000+00:00,,20251020-001.gpx
47.6085195,19.1480494,211.31,2025-10-20 13:01:54.402000+00:00,,20251020-001.gpx
47.6085196,19.1480491,210.74,2025-10-20 13:01:54.604000+00:00,,20251020-001.gpx
47.6085195,19.1480488,210.18,2025-10-20 13:01:54.805000+00:00,,20251020-001.gpx
47.6085194,19.1480485,209.68,2025-10-20 13:01:54.987000+00:00,,20251020-001.gpx
47.6085192,19.1480481,209.16,2025-10-20 13:01:55.168000+00:00,,20251020-001.gpx
47.6085191,19.1480477,208.59,2025-10-20 13:01:55.372000+00:00,,20251020-001.gpx
47.6085189,19.1480473,207.96,2025-10-20 13:01:55.593000+00:00,,20251020-001.gpx
47.6085189,19.148047,207.49,2025-10-20 13:01:55.773000+00:00,,20251020-001.gpx
47.6085189,19.1480465,206.89,2025-10-20 13:01:55.994000+00:00,,20251020-001.gpx
47.6085189,19.1480461,206.32,2025-10-20 13:01:56.195000+00:00,,20251020-001.gpx
47.608519,19.1480456,205.81,2025-10-20 13:01:56.377000+00:00,,20251020-001.gpx
47.6085191,19.1480451,205.28,2025-10-20 13:01:56.578000+00:00,,20251020-001.gpx
47.6085192,19.1480446,204.72,2025-10-20 13:01:56.779000+00:00,,20251020-001.gpx
47.6085193,19.1480441,204.16,2025-10-20 13:01:56.979000+00:00,,20251020-001.gpx
47.6085195,19.1480435,203.59,2025-10-20 13:01:57.185000+00:00,,20251020-001.gpx
47.6085196,19.148043,203.02,2025-10-20 13:01:57.392000+00:00,,20251020-001.gpx
47.6085197,19.1480425,202.49,2025-10-20 13:01:57.593000+00:00,,20251020-001.gpx
47.6085198,19.148042,201.93,2025-10-20 13:01:57.793000+00:00,,20251020-001.gpx
47.60852,19.1480415,201.35,2025-10-20 13:01:57.995000+00:00,,20251020-001.gpx
47.6085201,19.1480409,200.75,2025-10-20 13:01:58.205000+00:00,,20251020-001.gpx
47.6085202,19.1480402,200.18,2025-10-20 13:01:58.408000+00:00,,20251020-001.gpx
47.6085202,19.1480395,199.6,2025-10-20 13:01:58.609000+00:00,,20251020-001.gpx
47.6085201,19.1480387,199.04,2025-10-20 13:01:58.809000+00:00,,20251020-001.gpx
47.6085201,19.1480379,198.49,2025-10-20 13:01:59.011000+00:00,,20251020-001.gpx
47.6085201,19.1480373,197.95,2025-10-20 13:01:59.204000+00:00,,20251020-001.gpx
47.6085201,19.1480367,197.37,2025-10-20 13:01:59.408000+00:00,,20251020-001.gpx
47.6085201,19.1480361,196.79,2025-10-20 13:01:59.612000+00:00,,20251020-001.gpx
47.60852,19.1480356,196.22,2025-10-20 13:01:59.815000+00:00,,20251020-001.gpx
47.60852,19.1480351,195.7,2025-10-20 13:01:59.997000+00:00,,20251020-001.gpx
47.6085199,19.1480346,195.08,2025-10-20 13:02:00.213000+00:00,,20251020-001.gpx
47.6085198,19.1480341,194.55,2025-10-20 13:02:00.395000+00:00,,20251020-001.gpx
47.6085199,19.1480336,193.92,2025-10-20 13:02:00.619000+00:00,,20251020-001.gpx
47.6085199,19.1480331,193.43,2025-10-20 13:02:00.801000+00:00,,20251020-001.gpx
47.6085201,19.1480324,192.78,2025-10-20 13:02:01.024000+00:00,,20251020-001.gpx
47.6085203,19.1480318,192.2,2025-10-20 13:02:01.233000+00:00,,20251020-001.gpx
47.6085205,19.1480313,191.69,2025-10-20 13:02:01.417000+00:00,,20251020-001.gpx
47.6085207,19.1480308,191.16,2025-10-20 13:02:01.617000+00:00,,20251020-001.gpx
47.608521,19.1480304,190.61,2025-10-20 13:02:01.819000+00:00,,20251020-001.gpx
47.6085212,19.14803,190.06,2025-10-20 13:02:02.020000+00:00,,20251020-001.gpx
47.6085214,19.1480296,189.51,2025-10-20 13:02:02.225000+00:00,,20251020-001.gpx
47.6085216,19.1480294,188.99,2025-10-20 13:02:02.428000+00:00,,20251020-001.gpx
47.6085217,19.1480291,188.44,2025-10-20 13:02:02.631000+00:00,,20251020-001.gpx
47.6085219,19.1480289,187.89,2025-10-20 13:02:02.834000+00:00,,20251020-001.gpx
47.608522,19.1480288,187.35,2025-10-20 13:02:03.035000+00:00,,20251020-001.gpx
47.6085222,19.1480286,186.83,2025-10-20 13:02:03.239000+00:00,,20251020-001.gpx
47.6085222,19.1480283,186.28,2025-10-20 13:02:03.441000+00:00,,20251020-001.gpx
47.6085222,19.1480279,185.71,2025-10-20 13:02:03.648000+00:00,,20251020-001.gpx
47.6085222,19.1480275,185.17,2025-10-20 13:02:03.852000+00:00,,20251020-001.gpx
47.6085223,19.1480271,184.65,2025-10-20 13:02:04.053000+00:00,,20251020-001.gpx
47.6085224,19.1480267,184.16,2025-10-20 13:02:04.239000+00:00,,20251020-001.gpx
47.6085226,19.1480264,183.62,2025-10-20 13:02:04.441000+00:00,,20251020-001.gpx
47.6085228,19.148026,183.11,2025-10-20 13:02:04.622000+00:00,,20251020-001.gpx
47.6085231,19.1480255,182.55,2025-10-20 13:02:04.843000+00:00,,20251020-001.gpx
47.6085232,19.1480251,182.01,2025-10-20 13:02:05.047000+00:00,,20251020-001.gpx
47.6085234,19.1480246,181.51,2025-10-20 13:02:05.227000+00:00,,20251020-001.gpx
47.6085236,19.1480241,180.94,2025-10-20 13:02:05.436000+00:00,,20251020-001.gpx
47.6085237,19.1480238,180.44,2025-10-20 13:02:05.618000+00:00,,20251020-001.gpx
47.6085237,19.1480232,179.83,2025-10-20 13:02:05.838000+00:00,,20251020-001.gpx
47.6085236,19.1480227,179.26,2025-10-20 13:02:06.041000+00:00,,20251020-001.gpx
47.6085235,19.1480221,178.69,2025-10-20 13:02:06.247000+00:00,,20251020-001.gpx
47.6085234,19.1480216,178.14,2025-10-20 13:02:06.448000+00:00,,20251020-001.gpx
47.6085232,19.148021,177.59,2025-10-20 13:02:06.650000+00:00,,20251020-001.gpx
47.6085228,19.1480203,177.03,2025-10-20 13:02:06.851000+00:00,,20251020-001.gpx
47.6085224,19.1480196,176.47,2025-10-20 13:02:07.053000+00:00,,20251020-001.gpx
47.6085221,19.1480191,176.03,2025-10-20 13:02:07.217000+00:00,,20251020-001.gpx
47.6085217,19.1480185,175.44,2025-10-20 13:02:07.441000+00:00,,20251020-001.gpx
47.6085213,19.1480181,174.87,2025-10-20 13:02:07.644000+00:00,,20251020-001.gpx
47.608521,19.1480178,174.31,2025-10-20 13:02:07.847000+00:00,,20251020-001.gpx
47.608521,19.1480174,173.77,2025-10-20 13:02:08.049000+00:00,,20251020-001.gpx
47.6085211,19.1480168,173.28,2025-10-20 13:02:08.233000+00:00,,20251020-001.gpx
47.6085213,19.1480159,172.72,2025-10-20 13:02:08.440000+00:00,,20251020-001.gpx
47.6085216,19.1480149,172.13,2025-10-20 13:02:08.647000+00:00,,20251020-001.gpx
47.608522,19.1480138,171.56,2025-10-20 13:02:08.849000+00:00,,20251020-001.gpx
47.6085222,19.1480127,171.01,2025-10-20 13:02:09.052000+00:00,,20251020-001.gpx
47.6085223,19.1480116,170.47,2025-10-20 13:02:09.241000+00:00,,20251020-001.gpx
47.6085226,19.1480103,169.89,2025-10-20 13:02:09.445000+00:00,,20251020-001.gpx
47.6085228,19.1480091,169.33,2025-10-20 13:02:09.645000+00:00,,20251020-001.gpx
47.608523,19.148008,168.81,2025-10-20 13:02:09.846000+00:00,,20251020-001.gpx
47.6085231,19.148007,168.28,2025-10-20 13:02:10.047000+00:00,,20251020-001.gpx
47.6085233,19.148006,167.75,2025-10-20 13:02:10.235000+00:00,,20251020-001.gpx
47.6085235,19.1480053,167.28,2025-10-20 13:02:10.401000+00:00,,20251020-001.gpx
47.608524,19.1480048,166.65,2025-10-20 13:02:10.623000+00:00,,20251020-001.gpx
47.6085243,19.1480047,166.08,2025-10-20 13:02:10.823000+00:00,,20251020-001.gpx
47.6085247,19.1480046,165.51,2025-10-20 13:02:11.025000+00:00,,20251020-001.gpx
47.6085252,19.1480041,164.86,2025-10-20 13:02:11.251000+00:00,,20251020-001.gpx
47.6085255,19.1480032,164.35,2025-10-20 13:02:11.432000+00:00,,20251020-001.gpx
47.6085259,19.1480016,163.79,2025-10-20 13:02:11.633000+00:00,,20251020-001.gpx
47.6085262,19.1479991,163.21,2025-10-20 13:02:11.837000+00:00,,20251020-001.gpx
47.6085267,19.1479956,162.62,2025-10-20 13:02:12.039000+00:00,,20251020-001.gpx
47.6085272,19.1479911,162.02,2025-10-20 13:02:12.242000+00:00,,20251020-001.gpx
47.6085278,19.1479854,161.43,2025-10-20 13:02:12.442000+00:00,,20251020-001.gpx
47.6085285,19.1479783,160.84,2025-10-20 13:02:12.644000+00:00,,20251020-001.gpx
47.6085294,19.1479699,160.28,2025-10-20 13:02:12.847000+00:00,,20251020-001.gpx
47.6085302,19.1479601,159.78,2025-10-20 13:02:13.048000+00:00,,20251020-001.gpx
47.608531,19.1479492,159.3,2025-10-20 13:02:13.257000+00:00,,20251020-001.gpx
47.6085316,19.1479385,158.88,2025-10-20 13:02:13.444000+00:00,,20251020-001.gpx
47.6085325,19.1479261,158.45,2025-10-20 13:02:13.644000+00:00,,20251020-001.gpx
47.6085332,19.1479137,158.08,2025-10-20 13:02:13.846000+00:00,,20251020-001.gpx
47.6085339,19.1479001,157.72,2025-10-20 13:02:14.048000+00:00,,20251020-001.gpx
47.6085347,19.1478854,157.45,2025-10-20 13:02:14.249000+00:00,,20251020-001.gpx
47.6085356,19.1478705,157.25,2025-10-20 13:02:14.453000+00:00,,20251020-001.gpx
47.6085363,19.1478557,157.14,2025-10-20 13:02:14.653000+00:00,,20251020-001.gpx
47.608537,19.1478411,157.07,2025-10-20 13:02:14.854000+00:00,,20251020-001.gpx
47.6085378,19.1478265,157.07,2025-10-20 13:02:15.055000+00:00,,20251020-001.gpx
47.6085385,19.1478137,157.11,2025-10-20 13:02:15.234000+00:00,,20251020-001.gpx
47.6085395,19.1477989,157.2,2025-10-20 13:02:15.446000+00:00,,20251020-001.gpx
47.6085405,19.1477855,157.33,2025-10-20 13:02:15.646000+00:00,,20251020-001.gpx
47.6085418,19.147773,157.5,2025-10-20 13:02:15.846000+00:00,,20251020-001.gpx
47.6085433,19.1477606,157.69,2025-10-20 13:02:16.046000+00:00,,20251020-001.gpx
47.608545,19.147748,157.91,2025-10-20 13:02:16.258000+00:00,,20251020-001.gpx
47.6085466,19.1477376,158.12,2025-10-20 13:02:16.439000+00:00,,20251020-001.gpx
47.6085485,19.1477264,158.38,2025-10-20 13:02:16.640000+00:00,,20251020-001.gpx
47.6085506,19.1477156,158.66,2025-10-20 13:02:16.840000+00:00,,20251020-001.gpx
47.6085527,19.1477054,158.95,2025-10-20 13:02:17.041000+00:00,,20251020-001.gpx
47.608555,19.1476955,159.25,2025-10-20 13:02:17.243000+00:00,,20251020-001.gpx
47.6085571,19.1476857,159.58,2025-10-20 13:02:17.444000+00:00,,20251020-001.gpx
47.6085591,19.1476764,159.91,2025-10-20 13:02:17.647000+00:00,,20251020-001.gpx
47.6085611,19.1476674,160.27,2025-10-20 13:02:17.846000+00:00,,20251020-001.gpx
47.608563,19.1476588,160.63,2025-10-20 13:02:18.049000+00:00,,20251020-001.gpx
47.6085646,19.1476514,160.96,2025-10-20 13:02:18.231000+00:00,,20251020-001.gpx
47.6085663,19.147643,161.38,2025-10-20 13:02:18.455000+00:00,,20251020-001.gpx
47.6085677,19.1476355,161.78,2025-10-20 13:02:18.658000+00:00,,20251020-001.gpx
47.608569,19.147628,162.17,2025-10-20 13:02:18.860000+00:00,,20251020-001.gpx
47.6085701,19.1476211,162.55,2025-10-20 13:02:19.063000+00:00,,20251020-001.gpx
47.6085711,19.1476147,162.92,2025-10-20 13:02:19.235000+00:00,,20251020-001.gpx
47.608572,19.1476078,163.31,2025-10-20 13:02:19.421000+00:00,,20251020-001.gpx
47.6085732,19.1475988,163.8,2025-10-20 13:02:19.662000+00:00,,20251020-001.gpx
47.608574,19.1475911,164.22,2025-10-20 13:02:19.862000+00:00,,20251020-001.gpx
47.6085746,19.1475841,164.61,2025-10-20 13:02:20.043000+00:00,,20251020-001.gpx
47.6085753,19.1475763,165.04,2025-10-20 13:02:20.244000+00:00,,20251020-001.gpx
47.6085761,19.1475685,165.47,2025-10-20 13:02:20.446000+00:00,,20251020-001.gpx
47.6085769,19.1475597,165.95,2025-10-20 13:02:20.666000+00:00,,20251020-001.gpx
47.6085777,19.1475516,166.39,2025-10-20 13:02:20.867000+00:00,,20251020-001.gpx
47.6085785,19.1475433,166.83,2025-10-20 13:02:21.068000+00:00,,20251020-001.gpx
47.6085791,19.1475356,167.23,2025-10-20 13:02:21.249000+00:00,,20251020-001.gpx
47.6085797,19.1475272,167.67,2025-10-20 13:02:21.450000+00:00,,20251020-001.gpx
47.6085803,19.1475195,168.06,2025-10-20 13:02:21.631000+00:00,,20251020-001.gpx
47.6085811,19.1475094,168.57,2025-10-20 13:02:21.871000+00:00,,20251020-001.gpx
47.6085816,19.1475009,169.0,2025-10-20 13:02:22.072000+00:00,,20251020-001.gpx
47.6085822,19.147493,169.41,2025-10-20 13:02:22.263000+00:00,,20251020-001.gpx
47.6085828,19.1474844,169.84,2025-10-20 13:02:22.465000+00:00,,20251020-001.gpx
47.6085836,19.1474755,170.26,2025-10-20 13:02:22.667000+00:00,,20251020-001.gpx
47.6085844,19.1474664,170.71,2025-10-20 13:02:22.867000+00:00,,20251020-001.gpx
47.6085851,19.1474573,171.17,2025-10-20 13:02:23.068000+00:00,,20251020-001.gpx
47.6085857,19.1474479,171.65,2025-10-20 13:02:23.272000+00:00,,20251020-001.gpx
47.6085862,19.1474387,172.13,2025-10-20 13:02:23.474000+00:00,,20251020-001.gpx
47.6085867,19.1474293,172.61,2025-10-20 13:02:23.677000+00:00,,20251020-001.gpx
47.6085871,19.14742,173.09,2025-10-20 13:02:23.879000+00:00,,20251020-001.gpx
47.6085875,19.1474108,173.56,2025-10-20 13:02:24.079000+00:00,,20251020-001.gpx
47.608588,19.1474019,174.02,2025-10-20 13:02:24.281000+00:00,,20251020-001.gpx
47.6085886,19.1473932,174.49,2025-10-20 13:02:24.481000+00:00,,20251020-001.gpx
47.6085893,19.1473855,174.91,2025-10-20 13:02:24.663000+00:00,,20251020-001.gpx
47.6085901,19.1473765,175.42,2025-10-20 13:02:24.883000+00:00,,20251020-001.gpx
47.6085908,19.1473687,175.89,2025-10-20 13:02:25.084000+00:00,,20251020-001.gpx
47.6085914,19.1473613,176.31,2025-10-20 13:02:25.269000+00:00,,20251020-001.gpx
47.6085924,19.1473529,176.79,2025-10-20 13:02:25.471000+00:00,,20251020-001.gpx
47.6085932,19.1473445,177.25,2025-10-20 13:02:25.673000+00:00,,20251020-001.gpx
47.6085941,19.1473368,177.66,2025-10-20 13:02:25.854000+00:00,,20251020-001.gpx
47.6085952,19.1473273,178.17,2025-10-20 13:02:26.076000+00:00,,20251020-001.gpx
47.6085963,19.1473188,178.63,2025-10-20 13:02:26.271000+00:00,,20251020-001.gpx
47.6085974,19.1473102,179.09,2025-10-20 13:02:26.472000+00:00,,20251020-001.gpx
47.6085986,19.1473017,179.54,2025-10-20 13:02:26.672000+00:00,,20251020-001.gpx
47.6085997,19.147294,179.94,2025-10-20 13:02:26.852000+00:00,,20251020-001.gpx
47.608601,19.1472853,180.41,2025-10-20 13:02:27.054000+00:00,,20251020-001.gpx
47.6086023,19.1472755,180.92,2025-10-20 13:02:27.277000+00:00,,20251020-001.gpx
47.6086036,19.1472667,181.37,2025-10-20 13:02:27.478000+00:00,,20251020-001.gpx
47.6086048,19.1472581,181.81,2025-10-20 13:02:27.680000+00:00,,20251020-001.gpx
47.608606,19.1472493,182.26,2025-10-20 13:02:27.882000+00:00,,20251020-001.gpx
47.6086071,19.1472405,182.73,2025-10-20 13:02:28.082000+00:00,,20251020-001.gpx
47.6086081,19.1472317,183.21,2025-10-20 13:02:28.285000+00:00,,20251020-001.gpx
47.6086091,19.147223,183.68,2025-10-20 13:02:28.484000+00:00,,20251020-001.gpx
47.60861,19.1472153,184.09,2025-10-20 13:02:28.666000+00:00,,20251020-001.gpx
47.6086111,19.1472058,184.59,2025-10-20 13:02:28.885000+00:00,,20251020-001.gpx
47.6086121,19.1471973,185.04,2025-10-20 13:02:29.087000+00:00,,20251020-001.gpx
47.6086127,19.1471913,185.37,2025-10-20 13:02:29.230000+00:00,,20251020-001.gpx
47.6086137,19.1471819,185.88,2025-10-20 13:02:29.457000+00:00,,20251020-001.gpx
47.6086146,19.1471736,186.34,2025-10-20 13:02:29.658000+00:00,,20251020-001.gpx
47.6086155,19.1471644,186.84,2025-10-20 13:02:29.879000+00:00,,20251020-001.gpx
47.6086162,19.1471562,187.29,2025-10-20 13:02:30.079000+00:00,,20251020-001.gpx
47.6086169,19.1471478,187.75,2025-10-20 13:02:30.281000+00:00,,20251020-001.gpx
47.6086175,19.1471395,188.2,2025-10-20 13:02:30.482000+00:00,,20251020-001.gpx
47.6086182,19.1471311,188.66,2025-10-20 13:02:30.683000+00:00,,20251020-001.gpx
47.6086189,19.1471227,189.12,2025-10-20 13:02:30.884000+00:00,,20251020-001.gpx
47.6086196,19.1471145,189.57,2025-10-20 13:02:31.084000+00:00,,20251020-001.gpx
47.6086202,19.1471075,189.95,2025-10-20 13:02:31.247000+00:00,,20251020-001.gpx
47.6086212,19.1470972,190.5,2025-10-20 13:02:31.488000+00:00,,20251020-001.gpx
47.608622,19.1470885,190.96,2025-10-20 13:02:31.689000+00:00,,20251020-001.gpx
47.6086229,19.14708,191.41,2025-10-20 13:02:31.891000+00:00,,20251020-001.gpx
47.6086238,19.1470714,191.87,2025-10-20 13:02:32.091000+00:00,,20251020-001.gpx
47.6086248,19.1470625,192.34,2025-10-20 13:02:32.294000+00:00,,20251020-001.gpx
47.6086258,19.1470536,192.81,2025-10-20 13:02:32.495000+00:00,,20251020-001.gpx
47.6086268,19.1470449,193.27,2025-10-20 13:02:32.695000+00:00,,20251020-001.gpx
47.6086281,19.1470356,193.74,2025-10-20 13:02:32.898000+00:00,,20251020-001.gpx
47.6086293,19.1470265,194.21,2025-10-20 13:02:33.099000+00:00,,20251020-001.gpx
47.6086304,19.1470176,194.66,2025-10-20 13:02:33.294000+00:00,,20251020-001.gpx
47.6086312,19.14701,195.05,2025-10-20 13:02:33.474000+00:00,,20251020-001.gpx
47.6086322,19.147001,195.51,2025-10-20 13:02:33.674000+00:00,,20251020-001.gpx
47.6086331,19.1469922,195.97,2025-10-20 13:02:33.875000+00:00,,20251020-001.gpx
47.6086338,19.1469832,196.44,2025-10-20 13:02:34.075000+00:00,,20251020-001.gpx
47.6086347,19.1469732,196.98,2025-10-20 13:02:34.307000+00:00,,20251020-001.gpx
47.6086352,19.1469656,197.39,2025-10-20 13:02:34.487000+00:00,,20251020-001.gpx
47.6086359,19.1469559,197.91,2025-10-20 13:02:34.710000+00:00,,20251020-001.gpx
47.6086364,19.1469478,198.34,2025-10-20 13:02:34.893000+00:00,,20251020-001.gpx
47.608637,19.1469398,198.76,2025-10-20 13:02:35.075000+00:00,,20251020-001.gpx
47.6086378,19.1469295,199.31,2025-10-20 13:02:35.309000+00:00,,20251020-001.gpx
47.6086386,19.1469207,199.77,2025-10-20 13:02:35.514000+00:00,,20251020-001.gpx
47.6086395,19.146912,200.23,2025-10-20 13:02:35.714000+00:00,,20251020-001.gpx
47.6086404,19.1469041,200.65,2025-10-20 13:02:35.897000+00:00,,20251020-001.gpx
47.6086415,19.1468955,201.1,2025-10-20 13:02:36.097000+00:00,,20251020-001.gpx
47.6086425,19.1468871,201.55,2025-10-20 13:02:36.305000+00:00,,20251020-001.gpx
47.6086434,19.1468783,202.02,2025-10-20 13:02:36.508000+00:00,,20251020-001.gpx
47.6086442,19.1468698,202.48,2025-10-20 13:02:36.709000+00:00,,20251020-001.gpx
47.6086451,19.1468614,202.94,2025-10-20 13:02:36.910000+00:00,,20251020-001.gpx
47.6086461,19.1468532,203.39,2025-10-20 13:02:37.112000+00:00,,20251020-001.gpx
47.6086471,19.1468452,203.84,2025-10-20 13:02:37.303000+00:00,,20251020-001.gpx
47.6086483,19.1468366,204.3,2025-10-20 13:02:37.504000+00:00,,20251020-001.gpx
47.6086493,19.1468279,204.77,2025-10-20 13:02:37.706000+00:00,,20251020-001.gpx
47.6086503,19.1468196,205.21,2025-10-20 13:02:37.908000+00:00,,20251020-001.gpx
47.6086514,19.1468114,205.64,2025-10-20 13:02:38.109000+00:00,,20251020-001.gpx
47.6086526,19.1468026,206.11,2025-10-20 13:02:38.312000+00:00,,20251020-001.gpx
47.6086538,19.1467939,206.58,2025-10-20 13:02:38.516000+00:00,,20251020-001.gpx
47.6086549,19.1467853,207.05,2025-10-20 13:02:38.717000+00:00,,20251020-001.gpx
47.608656,19.1467766,207.5,2025-10-20 13:02:38.917000+00:00,,20251020-001.gpx
47.6086571,19.1467678,207.95,2025-10-20 13:02:39.119000+00:00,,20251020-001.gpx
47.6086582,19.146759,208.41,2025-10-20 13:02:39.322000+00:00,,20251020-001.gpx
47.6086593,19.1467504,208.86,2025-10-20 13:02:39.525000+00:00,,20251020-001.gpx
47.6086603,19.1467424,209.28,2025-10-20 13:02:39.725000+00:00,,20251020-001.gpx
47.6086612,19.1467344,209.73,2025-10-20 13:02:39.926000+00:00,,20251020-001.gpx
47.608662,19.1467267,210.17,2025-10-20 13:02:40.107000+00:00,,20251020-001.gpx
47.608663,19.1467172,210.69,2025-10-20 13:02:40.327000+00:00,,20251020-001.gpx
47.608664,19.1467089,211.14,2025-10-20 13:02:40.530000+00:00,,20251020-001.gpx
47.608665,19.1467,211.61,2025-10-20 13:02:40.731000+00:00,,20251020-001.gpx
47.608666,19.146691,212.08,2025-10-20 13:02:40.934000+00:00,,20251020-001.gpx
47.608667,19.1466819,212.55,2025-10-20 13:02:41.136000+00:00,,20251020-001.gpx
47.6086678,19.1466742,212.95,2025-10-20 13:02:41.308000+00:00,,20251020-001.gpx
47.6086687,19.1466652,213.43,2025-10-20 13:02:41.510000+00:00,,20251020-001.gpx
47.6086696,19.1466553,213.93,2025-10-20 13:02:41.730000+00:00,,20251020-001.gpx
47.6086704,19.1466464,214.39,2025-10-20 13:02:41.932000+00:00,,20251020-001.gpx
47.6086712,19.1466376,214.85,2025-10-20 13:02:42.132000+00:00,,20251020-001.gpx
47.608672,19.1466288,215.32,2025-10-20 13:02:42.334000+00:00,,20251020-001.gpx
47.6086727,19.1466209,215.73,2025-10-20 13:02:42.534000+00:00,,20251020-001.gpx
47.6086734,19.1466129,216.16,2025-10-20 13:02:42.714000+00:00,,20251020-001.gpx
47.6086743,19.1466031,216.67,2025-10-20 13:02:42.936000+00:00,,20251020-001.gpx
47.6086751,19.1465942,217.14,2025-10-20 13:02:43.138000+00:00,,20251020-001.gpx
47.6086758,19.1465864,217.54,2025-10-20 13:02:43.321000+00:00,,20251020-001.gpx
47.6086768,19.1465775,217.98,2025-10-20 13:02:43.523000+00:00,,20251020-001.gpx
47.6086778,19.1465685,218.45,2025-10-20 13:02:43.727000+00:00,,20251020-001.gpx
47.6086788,19.1465589,218.96,2025-10-20 13:02:43.948000+00:00,,20251020-001.gpx
47.6086796,19.1465512,219.37,2025-10-20 13:02:44.128000+00:00,,20251020-001.gpx
47.6086807,19.1465414,219.89,2025-10-20 13:02:44.350000+00:00,,20251020-001.gpx
47.6086816,19.1465333,220.33,2025-10-20 13:02:44.536000+00:00,,20251020-001.gpx
47.6086825,19.1465255,220.76,2025-10-20 13:02:44.718000+00:00,,20251020-001.gpx
47.6086835,19.1465166,221.23,2025-10-20 13:02:44.939000+00:00,,20251020-001.gpx
47.6086845,19.1465083,221.69,2025-10-20 13:02:45.141000+00:00,,20251020-001.gpx
47.6086855,19.1464997,222.17,2025-10-20 13:02:45.345000+00:00,,20251020-001.gpx
47.6086866,19.1464912,222.65,2025-10-20 13:02:45.548000+00:00,,20251020-001.gpx
47.6086875,19.1464836,223.08,2025-10-20 13:02:45.731000+00:00,,20251020-001.gpx
47.6086886,19.1464745,223.58,2025-10-20 13:02:45.952000+00:00,,20251020-001.gpx
47.6086896,19.1464659,224.06,2025-10-20 13:02:46.154000+00:00,,20251020-001.gpx
47.6086906,19.1464572,224.54,2025-10-20 13:02:46.358000+00:00,,20251020-001.gpx
47.6086914,19.1464495,224.98,2025-10-20 13:02:46.539000+00:00,,20251020-001.gpx
47.6086922,19.1464411,225.45,2025-10-20 13:02:46.741000+00:00,,20251020-001.gpx
47.6086932,19.1464324,225.93,2025-10-20 13:02:46.944000+00:00,,20251020-001.gpx
47.6086941,19.1464237,226.39,2025-10-20 13:02:47.145000+00:00,,20251020-001.gpx
47.6086949,19.1464158,226.82,2025-10-20 13:02:47.329000+00:00,,20251020-001.gpx
47.6086957,19.1464071,227.29,2025-10-20 13:02:47.529000+00:00,,20251020-001.gpx
47.6086967,19.1463975,227.8,2025-10-20 13:02:47.750000+00:00,,20251020-001.gpx
47.6086977,19.1463888,228.27,2025-10-20 13:02:47.952000+00:00,,20251020-001.gpx
47.6086986,19.14638,228.73,2025-10-20 13:02:48.158000+00:00,,20251020-001.gpx
47.6086994,19.1463718,229.16,2025-10-20 13:02:48.344000+00:00,,20251020-001.gpx
47.6087002,19.1463634,229.6,2025-10-20 13:02:48.546000+00:00,,20251020-001.gpx
47.608701,19.1463548,230.05,2025-10-20 13:02:48.748000+00:00,,20251020-001.gpx
47.6087017,19.146346,230.51,2025-10-20 13:02:48.950000+00:00,,20251020-001.gpx
47.6087025,19.1463372,230.98,2025-10-20 13:02:49.152000+00:00,,20251020-001.gpx
47.6087031,19.1463308,231.31,2025-10-20 13:02:49.302000+00:00,,20251020-001.gpx
47.608704,19.1463215,231.81,2025-10-20 13:02:49.527000+00:00,,20251020-001.gpx
47.6087051,19.1463119,232.32,2025-10-20 13:02:49.749000+00:00,,20251020-001.gpx
47.6087061,19.1463033,232.79,2025-10-20 13:02:49.950000+00:00,,20251020-001.gpx
47.6087071,19.1462947,233.24,2025-10-20 13:02:50.152000+00:00,,20251020-001.gpx
47.6087082,19.1462866,233.68,2025-10-20 13:02:50.355000+00:00,,20251020-001.gpx
47.6087092,19.1462784,234.13,2025-10-20 13:02:50.556000+00:00,,20251020-001.gpx
47.6087101,19.1462716,234.49,2025-10-20 13:02:50.716000+00:00,,20251020-001.gpx
47.6087113,19.1462614,235.04,2025-10-20 13:02:50.957000+00:00,,20251020-001.gpx
47.6087124,19.146253,235.5,2025-10-20 13:02:51.158000+00:00,,20251020-001.gpx
47.6087134,19.1462446,235.95,2025-10-20 13:02:51.360000+00:00,,20251020-001.gpx
47.6087144,19.1462362,236.41,2025-10-20 13:02:51.561000+00:00,,20251020-001.gpx
47.6087154,19.146228,236.86,2025-10-20 13:02:51.762000+00:00,,20251020-001.gpx
47.6087162,19.1462213,237.23,2025-10-20 13:02:51.924000+00:00,,20251020-001.gpx
47.6087172,19.146213,237.69,2025-10-20 13:02:52.146000+00:00,,20251020-001.gpx
47.6087182,19.1462054,238.13,2025-10-20 13:02:52.329000+00:00,,20251020-001.gpx
47.6087193,19.146196,238.66,2025-10-20 13:02:52.553000+00:00,,20251020-001.gpx
47.6087203,19.1461875,239.12,2025-10-20 13:02:52.753000+00:00,,20251020-001.gpx
47.6087212,19.1461797,239.53,2025-10-20 13:02:52.936000+00:00,,20251020-001.gpx
47.6087223,19.1461709,240.0,2025-10-20 13:02:53.138000+00:00,,20251020-001.gpx
47.6087234,19.1461615,240.51,2025-10-20 13:02:53.351000+00:00,,20251020-001.gpx
47.6087245,19.1461525,240.99,2025-10-20 13:02:53.554000+00:00,,20251020-001.gpx
47.6087256,19.1461433,241.47,2025-10-20 13:02:53.758000+00:00,,20251020-001.gpx
47.6087268,19.1461346,241.92,2025-10-20 13:02:53.960000+00:00,,20251020-001.gpx
47.6087278,19.1461263,242.34,2025-10-20 13:02:54.142000+00:00,,20251020-001.gpx
47.608729,19.1461172,242.81,2025-10-20 13:02:54.345000+00:00,,20251020-001.gpx
47.60873,19.146109,243.24,2025-10-20 13:02:54.527000+00:00,,20251020-001.gpx
47.6087313,19.1460996,243.72,2025-10-20 13:02:54.748000+00:00,,20251020-001.gpx
47.6087324,19.1460906,244.18,2025-10-20 13:02:54.949000+00:00,,20251020-001.gpx
47.6087335,19.1460814,244.67,2025-10-20 13:02:55.151000+00:00,,20251020-001.gpx
47.6087345,19.1460722,245.16,2025-10-20 13:02:55.355000+00:00,,20251020-001.gpx
47.6087354,19.146063,245.65,2025-10-20 13:02:55.556000+00:00,,20251020-001.gpx
47.6087363,19.1460543,246.11,2025-10-20 13:02:55.758000+00:00,,20251020-001.gpx
47.6087371,19.1460453,246.58,2025-10-20 13:02:55.959000+00:00,,20251020-001.gpx
47.6087377,19.1460373,247.02,2025-10-20 13:02:56.141000+00:00,,20251020-001.gpx
47.6087385,19.1460281,247.52,2025-10-20 13:02:56.349000+00:00,,20251020-001.gpx
47.6087392,19.1460194,247.98,2025-10-20 13:02:56.549000+00:00,,20251020-001.gpx
47.6087398,19.1460109,248.45,2025-10-20 13:02:56.751000+00:00,,20251020-001.gpx
47.6087405,19.146002,248.94,2025-10-20 13:02:56.952000+00:00,,20251020-001.gpx
47.6087412,19.145993,249.43,2025-10-20 13:02:57.154000+00:00,,20251020-001.gpx
47.608742,19.1459841,249.9,2025-10-20 13:02:57.359000+00:00,,20251020-001.gpx
47.6087427,19.1459754,250.36,2025-10-20 13:02:57.559000+00:00,,20251020-001.gpx
47.6087435,19.1459675,250.79,2025-10-20 13:02:57.742000+00:00,,20251020-001.gpx
47.6087443,19.1459579,251.31,2025-10-20 13:02:57.965000+00:00,,20251020-001.gpx
47.608745,19.1459491,251.78,2025-10-20 13:02:58.167000+00:00,,20251020-001.gpx
47.6087456,19.1459417,252.17,2025-10-20 13:02:58.363000+00:00,,20251020-001.gpx
47.6087464,19.1459335,252.61,2025-10-20 13:02:58.563000+00:00,,20251020-001.gpx
47.6087472,19.145925,253.08,2025-10-20 13:02:58.766000+00:00,,20251020-001.gpx
47.608748,19.1459163,253.59,2025-10-20 13:02:58.977000+00:00,,20251020-001.gpx
47.6087488,19.1459083,254.05,2025-10-20 13:02:59.172000+00:00,,20251020-001.gpx
47.6087494,19.145902,254.42,2025-10-20 13:02:59.332000+00:00,,20251020-001.gpx
47.6087505,19.145892,255.0,2025-10-20 13:02:59.577000+00:00,,20251020-001.gpx
47.6087513,19.1458835,255.47,2025-10-20 13:02:59.779000+00:00,,20251020-001.gpx
47.6087519,19.1458766,255.84,2025-10-20 13:02:59.939000+00:00,,20251020-001.gpx
47.6087527,19.1458671,256.33,2025-10-20 13:03:00.162000+00:00,,20251020-001.gpx
47.6087534,19.1458584,256.71,2025-10-20 13:03:00.366000+00:00,,20251020-001.gpx
47.6087542,19.1458491,256.97,2025-10-20 13:03:00.590000+00:00,,20251020-001.gpx
47.6087549,19.145842,257.08,2025-10-20 13:03:00.773000+00:00,,20251020-001.gpx
47.6087556,19.1458352,257.1,2025-10-20 13:03:00.974000+00:00,,20251020-001.gpx
47.6087564,19.1458295,257.08,2025-10-20 13:03:01.177000+00:00,,20251020-001.gpx
47.6087571,19.1458252,257.02,2025-10-20 13:03:01.386000+00:00,,20251020-001.gpx
47.6087578,19.1458228,256.95,2025-10-20 13:03:01.567000+00:00,,20251020-001.gpx
47.6087584,19.1458216,256.91,2025-10-20 13:03:01.769000+00:00,,20251020-001.gpx
47.6087588,19.1458214,256.88,2025-10-20 13:03:01.990000+00:00,,20251020-001.gpx
47.6087591,19.1458222,256.86,2025-10-20 13:03:02.191000+00:00,,20251020-001.gpx
47.6087592,19.1458238,256.86,2025-10-20 13:03:02.395000+00:00,,20251020-001.gpx
47.6087592,19.1458258,256.86,2025-10-20 13:03:02.576000+00:00,,20251020-001.gpx
47.608759,19.1458291,256.87,2025-10-20 13:03:02.798000+00:00,,20251020-001.gpx
47.6087586,19.1458324,256.87,2025-10-20 13:03:02.998000+00:00,,20251020-001.gpx
47.6087582,19.1458361,256.84,2025-10-20 13:03:03.202000+00:00,,20251020-001.gpx
47.6087578,19.1458401,256.7,2025-10-20 13:03:03.406000+00:00,,20251020-001.gpx
47.6087573,19.1458445,256.43,2025-10-20 13:03:03.608000+00:00,,20251020-001.gpx
47.6087569,19.1458493,256.01,2025-10-20 13:03:03.809000+00:00,,20251020-001.gpx
47.6087563,19.1458542,255.56,2025-10-20 13:03:03.989000+00:00,,20251020-001.gpx
47.6087554,19.1458608,255.08,2025-10-20 13:03:04.193000+00:00,,20251020-001.gpx
47.6087545,19.1458681,254.61,2025-10-20 13:03:04.403000+00:00,,20251020-001.gpx
47.6087537,19.1458753,254.18,2025-10-20 13:03:04.605000+00:00,,20251020-001.gpx
47.608753,19.1458815,253.81,2025-10-20 13:03:04.786000+00:00,,20251020-001.gpx
47.6087522,19.1458891,253.36,2025-10-20 13:03:05.007000+00:00,,20251020-001.gpx
47.6087514,19.1458961,252.95,2025-10-20 13:03:05.211000+00:00,,20251020-001.gpx
47.6087507,19.1459025,252.55,2025-10-20 13:03:05.415000+00:00,,20251020-001.gpx
47.60875,19.1459085,252.18,2025-10-20 13:03:05.621000+00:00,,20251020-001.gpx
47.6087491,19.1459146,251.76,2025-10-20 13:03:05.827000+00:00,,20251020-001.gpx
47.6087483,19.1459202,251.35,2025-10-20 13:03:06.029000+00:00,,20251020-001.gpx
47.6087477,19.145925,250.97,2025-10-20 13:03:06.212000+00:00,,20251020-001.gpx
47.6087469,19.1459298,250.57,2025-10-20 13:03:06.412000+00:00,,20251020-001.gpx
47.6087462,19.1459345,250.15,2025-10-20 13:03:06.622000+00:00,,20251020-001.gpx
47.6087454,19.1459384,249.76,2025-10-20 13:03:06.813000+00:00,,20251020-001.gpx
47.6087447,19.1459423,249.35,2025-10-20 13:03:07.015000+00:00,,20251020-001.gpx
47.608744,19.1459456,248.97,2025-10-20 13:03:07.198000+00:00,,20251020-001.gpx
47.6087433,19.1459488,248.57,2025-10-20 13:03:07.400000+00:00,,20251020-001.gpx
47.6087427,19.1459518,248.16,2025-10-20 13:03:07.602000+00:00,,20251020-001.gpx
47.6087419,19.1459548,247.71,2025-10-20 13:03:07.824000+00:00,,20251020-001.gpx
47.6087413,19.1459574,247.32,2025-10-20 13:03:08.025000+00:00,,20251020-001.gpx
47.6087407,19.1459599,246.93,2025-10-20 13:03:08.227000+00:00,,20251020-001.gpx
47.6087401,19.1459626,246.53,2025-10-20 13:03:08.435000+00:00,,20251020-001.gpx
47.6087394,19.1459652,246.12,2025-10-20 13:03:08.638000+00:00,,20251020-001.gpx
47.6087388,19.1459679,245.7,2025-10-20 13:03:08.841000+00:00,,20251020-001.gpx
47.6087383,19.1459708,245.3,2025-10-20 13:03:09.042000+00:00,,20251020-001.gpx
47.6087378,19.1459739,244.91,2025-10-20 13:03:09.249000+00:00,,20251020-001.gpx
47.6087373,19.145977,244.55,2025-10-20 13:03:09.438000+00:00,,20251020-001.gpx
47.6087369,19.1459807,244.11,2025-10-20 13:03:09.658000+00:00,,20251020-001.gpx
47.6087366,19.1459842,243.72,2025-10-20 13:03:09.860000+00:00,,20251020-001.gpx
47.6087364,19.1459876,243.36,2025-10-20 13:03:10.060000+00:00,,20251020-001.gpx
47.6087362,19.1459912,242.98,2025-10-20 13:03:10.254000+00:00,,20251020-001.gpx
47.608736,19.145995,242.57,2025-10-20 13:03:10.456000+00:00,,20251020-001.gpx
47.6087359,19.1459988,242.17,2025-10-20 13:03:10.657000+00:00,,20251020-001.gpx
47.6087357,19.1460029,241.77,2025-10-20 13:03:10.859000+00:00,,20251020-001.gpx
47.6087356,19.1460069,241.36,2025-10-20 13:03:11.060000+00:00,,20251020-001.gpx
47.6087354,19.1460113,240.94,2025-10-20 13:03:11.266000+00:00,,20251020-001.gpx
47.6087352,19.1460152,240.58,2025-10-20 13:03:11.446000+00:00,,20251020-001.gpx
47.6087351,19.1460201,240.14,2025-10-20 13:03:11.668000+00:00,,20251020-001.gpx
47.6087351,19.1460242,239.77,2025-10-20 13:03:11.849000+00:00,,20251020-001.gpx
47.6087348,19.1460289,239.35,2025-10-20 13:03:12.054000+00:00,,20251020-001.gpx
47.6087345,19.1460336,238.96,2025-10-20 13:03:12.251000+00:00,,20251020-001.gpx
47.6087341,19.1460382,238.55,2025-10-20 13:03:12.452000+00:00,,20251020-001.gpx
47.6087336,19.1460429,238.14,2025-10-20 13:03:12.653000+00:00,,20251020-001.gpx
47.6087332,19.1460474,237.74,2025-10-20 13:03:12.855000+00:00,,20251020-001.gpx
47.6087328,19.1460521,237.33,2025-10-20 13:03:13.055000+00:00,,20251020-001.gpx
47.6087325,19.1460558,236.97,2025-10-20 13:03:13.224000+00:00,,20251020-001.gpx
47.6087321,19.1460603,236.52,2025-10-20 13:03:13.452000+00:00,,20251020-001.gpx
47.6087317,19.1460641,236.1,2025-10-20 13:03:13.654000+00:00,,20251020-001.gpx
47.6087314,19.1460677,235.69,2025-10-20 13:03:13.854000+00:00,,20251020-001.gpx
47.6087311,19.1460712,235.27,2025-10-20 13:03:14.056000+00:00,,20251020-001.gpx
47.6087307,19.1460745,234.87,2025-10-20 13:03:14.260000+00:00,,20251020-001.gpx
47.6087304,19.1460776,234.48,2025-10-20 13:03:14.463000+00:00,,20251020-001.gpx
47.60873,19.1460807,234.07,2025-10-20 13:03:14.665000+00:00,,20251020-001.gpx
47.6087296,19.1460839,233.65,2025-10-20 13:03:14.865000+00:00,,20251020-001.gpx
47.6087292,19.1460872,233.24,2025-10-20 13:03:15.067000+00:00,,20251020-001.gpx
47.6087289,19.14609,232.91,2025-10-20 13:03:15.237000+00:00,,20251020-001.gpx
47.6087285,19.1460939,232.46,2025-10-20 13:03:15.457000+00:00,,20251020-001.gpx
47.6087281,19.1460977,232.06,2025-10-20 13:03:15.659000+00:00,,20251020-001.gpx
47.6087278,19.1461016,231.67,2025-10-20 13:03:15.859000+00:00,,20251020-001.gpx
47.6087274,19.1461056,231.27,2025-10-20 13:03:16.061000+00:00,,20251020-001.gpx
47.608727,19.1461098,230.87,2025-10-20 13:03:16.261000+00:00,,20251020-001.gpx
47.6087266,19.146114,230.47,2025-10-20 13:03:16.466000+00:00,,20251020-001.gpx
47.6087263,19.1461182,230.07,2025-10-20 13:03:16.667000+00:00,,20251020-001.gpx
47.608726,19.1461225,229.67,2025-10-20 13:03:16.868000+00:00,,20251020-001.gpx
47.6087257,19.1461269,229.27,2025-10-20 13:03:17.068000+00:00,,20251020-001.gpx
47.6087254,19.1461314,228.86,2025-10-20 13:03:17.270000+00:00,,20251020-001.gpx
47.6087252,19.1461358,228.46,2025-10-20 13:03:17.471000+00:00,,20251020-001.gpx
47.6087251,19.1461401,228.05,2025-10-20 13:03:17.673000+00:00,,20251020-001.gpx
47.608725,19.1461439,227.69,2025-10-20 13:03:17.853000+00:00,,20251020-001.gpx
47.6087248,19.1461487,227.25,2025-10-20 13:03:18.075000+00:00,,20251020-001.gpx
47.6087245,19.1461529,226.86,2025-10-20 13:03:18.269000+00:00,,20251020-001.gpx
47.6087241,19.1461571,226.45,2025-10-20 13:03:18.471000+00:00,,20251020-001.gpx
47.6087237,19.1461612,226.06,2025-10-20 13:03:18.674000+00:00,,20251020-001.gpx
47.6087232,19.146165,225.69,2025-10-20 13:03:18.874000+00:00,,20251020-001.gpx
47.6087226,19.1461689,225.28,2025-10-20 13:03:19.074000+00:00,,20251020-001.gpx
47.608722,19.1461728,224.88,2025-10-20 13:03:19.278000+00:00,,20251020-001.gpx
47.6087213,19.1461766,224.48,2025-10-20 13:03:19.484000+00:00,,20251020-001.gpx
47.6087207,19.1461801,224.08,2025-10-20 13:03:19.684000+00:00,,20251020-001.gpx
47.6087202,19.1461837,223.66,2025-10-20 13:03:19.887000+00:00,,20251020-001.gpx
47.6087198,19.1461865,223.33,2025-10-20 13:03:20.050000+00:00,,20251020-001.gpx
47.6087193,19.1461899,222.92,2025-10-20 13:03:20.252000+00:00,,20251020-001.gpx
47.6087188,19.1461931,222.55,2025-10-20 13:03:20.453000+00:00,,20251020-001.gpx
47.6087184,19.1461969,222.1,2025-10-20 13:03:20.686000+00:00,,20251020-001.gpx
47.6087179,19.1462003,221.69,2025-10-20 13:03:20.888000+00:00,,20251020-001.gpx
47.6087176,19.1462035,221.31,2025-10-20 13:03:21.081000+00:00,,20251020-001.gpx
47.6087172,19.1462069,220.93,2025-10-20 13:03:21.285000+00:00,,20251020-001.gpx
47.6087169,19.1462103,220.55,2025-10-20 13:03:21.486000+00:00,,20251020-001.gpx
47.6087166,19.146214,220.15,2025-10-20 13:03:21.689000+00:00,,20251020-001.gpx
47.6087163,19.1462174,219.79,2025-10-20 13:03:21.871000+00:00,,20251020-001.gpx
47.6087159,19.1462216,219.36,2025-10-20 13:03:22.092000+00:00,,20251020-001.gpx
47.6087155,19.1462259,218.93,2025-10-20 13:03:22.309000+00:00,,20251020-001.gpx
47.6087152,19.1462299,218.53,2025-10-20 13:03:22.511000+00:00,,20251020-001.gpx
47.6087149,19.1462341,218.12,2025-10-20 13:03:22.714000+00:00,,20251020-001.gpx
47.6087146,19.1462378,217.76,2025-10-20 13:03:22.894000+00:00,,20251020-001.gpx
47.6087143,19.1462419,217.38,2025-10-20 13:03:23.096000+00:00,,20251020-001.gpx
47.608714,19.1462462,216.98,2025-10-20 13:03:23.300000+00:00,,20251020-001.gpx
47.6087136,19.1462506,216.58,2025-10-20 13:03:23.501000+00:00,,20251020-001.gpx
47.6087131,19.146255,216.17,2025-10-20 13:03:23.703000+00:00,,20251020-001.gpx
47.6087125,19.1462593,215.78,2025-10-20 13:03:23.905000+00:00,,20251020-001.gpx
47.6087118,19.1462634,215.39,2025-10-20 13:03:24.106000+00:00,,20251020-001.gpx
47.6087112,19.1462672,215.01,2025-10-20 13:03:24.294000+00:00,,20251020-001.gpx
47.6087105,19.1462711,214.6,2025-10-20 13:03:24.495000+00:00,,20251020-001.gpx
47.60871,19.1462749,214.18,2025-10-20 13:03:24.697000+00:00,,20251020-001.gpx
47.6087096,19.1462783,213.78,2025-10-20 13:03:24.900000+00:00,,20251020-001.gpx
47.6087092,19.1462818,213.37,2025-10-20 13:03:25.103000+00:00,,20251020-001.gpx
47.6087089,19.1462848,212.99,2025-10-20 13:03:25.294000+00:00,,20251020-001.gpx
47.6087086,19.1462879,212.58,2025-10-20 13:03:25.495000+00:00,,20251020-001.gpx
47.6087084,19.1462909,212.17,2025-10-20 13:03:25.697000+00:00,,20251020-001.gpx
47.6087083,19.146294,211.77,2025-10-20 13:03:25.899000+00:00,,20251020-001.gpx
47.6087081,19.1462969,211.41,2025-10-20 13:03:26.081000+00:00,,20251020-001.gpx
47.608708,19.1463,211.01,2025-10-20 13:03:26.277000+00:00,,20251020-001.gpx
47.6087078,19.1463033,210.6,2025-10-20 13:03:26.480000+00:00,,20251020-001.gpx
47.6087075,19.146307,210.13,2025-10-20 13:03:26.704000+00:00,,20251020-001.gpx
47.6087072,19.1463105,209.71,2025-10-20 13:03:26.907000+00:00,,20251020-001.gpx
47.6087069,19.1463138,209.34,2025-10-20 13:03:27.089000+00:00,,20251020-001.gpx
47.6087066,19.1463179,208.91,2025-10-20 13:03:27.303000+00:00,,20251020-001.gpx
47.6087063,19.1463217,208.5,2025-10-20 13:03:27.504000+00:00,,20251020-001.gpx
47.608706,19.1463255,208.13,2025-10-20 13:03:27.689000+00:00,,20251020-001.gpx
47.6087056,19.14633,207.69,2025-10-20 13:03:27.908000+00:00,,20251020-001.gpx
47.6087051,19.146334,207.29,2025-10-20 13:03:28.109000+00:00,,20251020-001.gpx
47.6087047,19.1463377,206.91,2025-10-20 13:03:28.302000+00:00,,20251020-001.gpx
47.6087042,19.1463417,206.5,2025-10-20 13:03:28.504000+00:00,,20251020-001.gpx
47.6087037,19.1463459,206.1,2025-10-20 13:03:28.704000+00:00,,20251020-001.gpx
47.6087032,19.1463501,205.72,2025-10-20 13:03:28.903000+00:00,,20251020-001.gpx
47.6087026,19.1463544,205.34,2025-10-20 13:03:29.105000+00:00,,20251020-001.gpx
47.6087021,19.1463588,204.95,2025-10-20 13:03:29.310000+00:00,,20251020-001.gpx
47.6087016,19.1463632,204.55,2025-10-20 13:03:29.513000+00:00,,20251020-001.gpx
47.6087011,19.1463674,204.18,2025-10-20 13:03:29.696000+00:00,,20251020-001.gpx
47.6087005,19.146372,203.76,2025-10-20 13:03:29.896000+00:00,,20251020-001.gpx
47.6087,19.1463765,203.35,2025-10-20 13:03:30.097000+00:00,,20251020-001.gpx
47.6086994,19.1463814,202.9,2025-10-20 13:03:30.320000+00:00,,20251020-001.gpx
47.6086988,19.1463857,202.49,2025-10-20 13:03:30.520000+00:00,,20251020-001.gpx
47.6086983,19.14639,202.09,2025-10-20 13:03:30.721000+00:00,,20251020-001.gpx
47.6086979,19.1463942,201.67,2025-10-20 13:03:30.923000+00:00,,20251020-001.gpx
47.6086975,19.1463984,201.25,2025-10-20 13:03:31.125000+00:00,,20251020-001.gpx
47.608697,19.1464026,200.85,2025-10-20 13:03:31.325000+00:00,,20251020-001.gpx
47.6086965,19.1464067,200.42,2025-10-20 13:03:31.526000+00:00,,20251020-001.gpx
47.608696,19.1464107,200.0,2025-10-20 13:03:31.727000+00:00,,20251020-001.gpx
47.6086954,19.1464147,199.58,2025-10-20 13:03:31.928000+00:00,,20251020-001.gpx
47.6086947,19.1464188,199.16,2025-10-20 13:03:32.130000+00:00,,20251020-001.gpx
47.6086941,19.1464229,198.75,2025-10-20 13:03:32.331000+00:00,,20251020-001.gpx
47.6086936,19.1464267,198.37,2025-10-20 13:03:32.532000+00:00,,20251020-001.gpx
47.6086931,19.1464307,197.99,2025-10-20 13:03:32.733000+00:00,,20251020-001.gpx
47.6086924,19.1464347,197.6,2025-10-20 13:03:32.935000+00:00,,20251020-001.gpx
47.6086918,19.1464389,197.19,2025-10-20 13:03:33.138000+00:00,,20251020-001.gpx
47.6086911,19.146443,196.79,2025-10-20 13:03:33.343000+00:00,,20251020-001.gpx
47.6086906,19.1464472,196.39,2025-10-20 13:03:33.543000+00:00,,20251020-001.gpx
47.60869,19.1464513,195.99,2025-10-20 13:03:33.743000+00:00,,20251020-001.gpx
47.6086895,19.1464554,195.58,2025-10-20 13:03:33.945000+00:00,,20251020-001.gpx
47.6086889,19.1464594,195.19,2025-10-20 13:03:34.146000+00:00,,20251020-001.gpx
47.6086884,19.1464634,194.78,2025-10-20 13:03:34.357000+00:00,,20251020-001.gpx
47.6086881,19.1464669,194.39,2025-10-20 13:03:34.541000+00:00,,20251020-001.gpx
47.6086878,19.1464711,193.94,2025-10-20 13:03:34.762000+00:00,,20251020-001.gpx
47.6086875,19.1464748,193.52,2025-10-20 13:03:34.964000+00:00,,20251020-001.gpx
47.6086872,19.1464778,193.19,2025-10-20 13:03:35.144000+00:00,,20251020-001.gpx
47.6086869,19.1464815,192.76,2025-10-20 13:03:35.357000+00:00,,20251020-001.gpx
47.6086866,19.146485,192.37,2025-10-20 13:03:35.559000+00:00,,20251020-001.gpx
47.6086864,19.1464886,191.98,2025-10-20 13:03:35.760000+00:00,,20251020-001.gpx
47.6086862,19.1464915,191.66,2025-10-20 13:03:35.921000+00:00,,20251020-001.gpx
47.6086859,19.1464957,191.21,2025-10-20 13:03:36.162000+00:00,,20251020-001.gpx
47.6086855,19.1464992,190.83,2025-10-20 13:03:36.356000+00:00,,20251020-001.gpx
47.6086852,19.1465026,190.45,2025-10-20 13:03:36.539000+00:00,,20251020-001.gpx
47.608685,19.1465064,190.03,2025-10-20 13:03:36.742000+00:00,,20251020-001.gpx
47.6086848,19.1465103,189.63,2025-10-20 13:03:36.943000+00:00,,20251020-001.gpx
47.6086846,19.1465142,189.22,2025-10-20 13:03:37.146000+00:00,,20251020-001.gpx
47.6086843,19.1465182,188.8,2025-10-20 13:03:37.351000+00:00,,20251020-001.gpx
47.608684,19.1465224,188.35,2025-10-20 13:03:37.575000+00:00,,20251020-001.gpx
47.6086838,19.1465258,187.99,2025-10-20 13:03:37.756000+00:00,,20251020-001.gpx
47.6086835,19.1465293,187.58,2025-10-20 13:03:37.957000+00:00,,20251020-001.gpx
47.6086833,19.1465327,187.17,2025-10-20 13:03:38.160000+00:00,,20251020-001.gpx
47.6086829,19.146536,186.76,2025-10-20 13:03:38.363000+00:00,,20251020-001.gpx
47.6086826,19.1465392,186.37,2025-10-20 13:03:38.563000+00:00,,20251020-001.gpx
47.6086822,19.1465424,185.97,2025-10-20 13:03:38.765000+00:00,,20251020-001.gpx
47.6086818,19.1465458,185.58,2025-10-20 13:03:38.971000+00:00,,20251020-001.gpx
47.6086814,19.146549,185.24,2025-10-20 13:03:39.154000+00:00,,20251020-001.gpx
47.6086807,19.1465532,184.82,2025-10-20 13:03:39.382000+00:00,,20251020-001.gpx
47.6086802,19.1465571,184.41,2025-10-20 13:03:39.584000+00:00,,20251020-001.gpx
47.6086796,19.1465612,184.01,2025-10-20 13:03:39.787000+00:00,,20251020-001.gpx
47.6086791,19.1465651,183.62,2025-10-20 13:03:39.988000+00:00,,20251020-001.gpx
47.6086785,19.1465692,183.23,2025-10-20 13:03:40.190000+00:00,,20251020-001.gpx
47.6086779,19.1465734,182.85,2025-10-20 13:03:40.392000+00:00,,20251020-001.gpx
47.6086774,19.1465775,182.44,2025-10-20 13:03:40.593000+00:00,,20251020-001.gpx
47.6086769,19.1465818,182.02,2025-10-20 13:03:40.794000+00:00,,20251020-001.gpx
47.6086764,19.1465858,181.65,2025-10-20 13:03:40.995000+00:00,,20251020-001.gpx
47.608676,19.14659,181.26,2025-10-20 13:03:41.198000+00:00,,20251020-001.gpx
47.6086756,19.1465938,180.89,2025-10-20 13:03:41.378000+00:00,,20251020-001.gpx
47.6086754,19.1465981,180.46,2025-10-20 13:03:41.581000+00:00,,20251020-001.gpx
47.6086751,19.1466024,180.05,2025-10-20 13:03:41.781000+00:00,,20251020-001.gpx
47.6086749,19.146607,179.59,2025-10-20 13:03:42.003000+00:00,,20251020-001.gpx
47.6086747,19.1466111,179.17,2025-10-20 13:03:42.207000+00:00,,20251020-001.gpx
47.6086745,19.1466152,178.74,2025-10-20 13:03:42.417000+00:00,,20251020-001.gpx
47.6086743,19.1466187,178.37,2025-10-20 13:03:42.600000+00:00,,20251020-001.gpx
47.608674,19.1466225,177.97,2025-10-20 13:03:42.803000+00:00,,20251020-001.gpx
47.6086736,19.1466263,177.57,2025-10-20 13:03:43.004000+00:00,,20251020-001.gpx
47.6086733,19.1466301,177.14,2025-10-20 13:03:43.207000+00:00,,20251020-001.gpx
47.6086729,19.146634,176.71,2025-10-20 13:03:43.418000+00:00,,20251020-001.gpx
47.6086726,19.1466377,176.32,2025-10-20 13:03:43.618000+00:00,,20251020-001.gpx
47.6086722,19.1466414,175.94,2025-10-20 13:03:43.820000+00:00,,20251020-001.gpx
47.6086716,19.1466453,175.57,2025-10-20 13:03:44.020000+00:00,,20251020-001.gpx
47.6086711,19.1466494,175.19,2025-10-20 13:03:44.224000+00:00,,20251020-001.gpx
47.6086706,19.1466533,174.8,2025-10-20 13:03:44.425000+00:00,,20251020-001.gpx
47.6086703,19.1466573,174.42,2025-10-20 13:03:44.626000+00:00,,20251020-001.gpx
47.60867,19.1466612,174.03,2025-10-20 13:03:44.827000+00:00,,20251020-001.gpx
47.6086696,19.1466653,173.63,2025-10-20 13:03:45.028000+00:00,,20251020-001.gpx
47.6086692,19.1466694,173.22,2025-10-20 13:03:45.231000+00:00,,20251020-001.gpx
47.6086688,19.1466735,172.82,2025-10-20 13:03:45.432000+00:00,,20251020-001.gpx
47.6086684,19.1466776,172.41,2025-10-20 13:03:45.634000+00:00,,20251020-001.gpx
47.608668,19.1466813,172.05,2025-10-20 13:03:45.815000+00:00,,20251020-001.gpx
47.6086675,19.1466858,171.62,2025-10-20 13:03:46.038000+00:00,,20251020-001.gpx
47.6086671,19.1466898,171.25,2025-10-20 13:03:46.231000+00:00,,20251020-001.gpx
47.6086667,19.1466939,170.87,2025-10-20 13:03:46.432000+00:00,,20251020-001.gpx
47.6086663,19.1466979,170.49,2025-10-20 13:03:46.634000+00:00,,20251020-001.gpx
47.608666,19.1467019,170.1,2025-10-20 13:03:46.834000+00:00,,20251020-001.gpx
47.6086656,19.1467057,169.73,2025-10-20 13:03:47.035000+00:00,,20251020-001.gpx
47.6086653,19.1467093,169.4,2025-10-20 13:03:47.221000+00:00,,20251020-001.gpx
47.608665,19.1467133,169.02,2025-10-20 13:03:47.425000+00:00,,20251020-001.gpx
47.6086646,19.1467173,168.63,2025-10-20 13:03:47.625000+00:00,,20251020-001.gpx
47.6086644,19.1467212,168.24,2025-10-20 13:03:47.827000+00:00,,20251020-001.gpx
47.6086642,19.1467241,167.89,2025-10-20 13:03:47.988000+00:00,,20251020-001.gpx
47.608664,19.1467283,167.41,2025-10-20 13:03:48.211000+00:00,,20251020-001.gpx
47.6086637,19.1467323,166.96,2025-10-20 13:03:48.435000+00:00,,20251020-001.gpx
47.6086635,19.1467359,166.55,2025-10-20 13:03:48.636000+00:00,,20251020-001.gpx
47.6086633,19.1467395,166.17,2025-10-20 13:03:48.837000+00:00,,20251020-001.gpx
47.6086629,19.1467434,165.78,2025-10-20 13:03:49.039000+00:00,,20251020-001.gpx
47.6086625,19.1467471,165.42,2025-10-20 13:03:49.230000+00:00,,20251020-001.gpx
47.608662,19.1467508,165.06,2025-10-20 13:03:49.410000+00:00,,20251020-001.gpx
47.6086612,19.1467554,164.63,2025-10-20 13:03:49.631000+00:00,,20251020-001.gpx
47.6086604,19.1467596,164.25,2025-10-20 13:03:49.831000+00:00,,20251020-001.gpx
47.6086596,19.1467639,163.88,2025-10-20 13:03:50.031000+00:00,,20251020-001.gpx
47.6086588,19.1467674,163.57,2025-10-20 13:03:50.194000+00:00,,20251020-001.gpx
47.6086578,19.1467721,163.12,2025-10-20 13:03:50.415000+00:00,,20251020-001.gpx
47.608657,19.1467763,162.71,2025-10-20 13:03:50.616000+00:00,,20251020-001.gpx
47.6086561,19.1467809,162.27,2025-10-20 13:03:50.836000+00:00,,20251020-001.gpx
47.6086553,19.1467847,161.91,2025-10-20 13:03:51.019000+00:00,,20251020-001.gpx
47.6086546,19.146789,161.5,2025-10-20 13:03:51.228000+00:00,,20251020-001.gpx
47.6086539,19.1467932,161.1,2025-10-20 13:03:51.434000+00:00,,20251020-001.gpx
47.6086532,19.1467974,160.71,2025-10-20 13:03:51.635000+00:00,,20251020-001.gpx
47.6086525,19.1468012,160.35,2025-10-20 13:03:51.816000+00:00,,20251020-001.gpx
47.6086519,19.1468056,159.93,2025-10-20 13:03:52.037000+00:00,,20251020-001.gpx
47.6086512,19.1468096,159.54,2025-10-20 13:03:52.242000+00:00,,20251020-001.gpx
47.6086505,19.1468132,159.18,2025-10-20 13:03:52.423000+00:00,,20251020-001.gpx
47.6086498,19.1468177,158.74,2025-10-20 13:03:52.649000+00:00,,20251020-001.gpx
47.6086492,19.1468218,158.35,2025-10-20 13:03:52.851000+00:00,,20251020-001.gpx
47.6086487,19.1468252,158.01,2025-10-20 13:03:53.032000+00:00,,20251020-001.gpx
47.6086482,19.1468292,157.58,2025-10-20 13:03:53.240000+00:00,,20251020-001.gpx
47.6086478,19.146833,157.17,2025-10-20 13:03:53.445000+00:00,,20251020-001.gpx
47.6086476,19.1468368,156.77,2025-10-20 13:03:53.648000+00:00,,20251020-001.gpx
47.6086474,19.1468407,156.36,2025-10-20 13:03:53.850000+00:00,,20251020-001.gpx
47.6086474,19.1468442,155.99,2025-10-20 13:03:54.031000+00:00,,20251020-001.gpx
47.6086474,19.1468483,155.57,2025-10-20 13:03:54.239000+00:00,,20251020-001.gpx
47.6086475,19.1468521,155.19,2025-10-20 13:03:54.442000+00:00,,20251020-001.gpx
47.6086474,19.1468558,154.8,2025-10-20 13:03:54.646000+00:00,,20251020-001.gpx
47.6086474,19.1468596,154.38,2025-10-20 13:03:54.847000+00:00,,20251020-001.gpx
47.6086473,19.1468634,153.95,2025-10-20 13:03:55.049000+00:00,,20251020-001.gpx
47.6086471,19.1468672,153.54,2025-10-20 13:03:55.251000+00:00,,20251020-001.gpx
47.6086469,19.146871,153.11,2025-10-20 13:03:55.453000+00:00,,20251020-001.gpx
47.6086466,19.1468749,152.72,2025-10-20 13:03:55.654000+00:00,,20251020-001.gpx
47.6086462,19.1468787,152.3,2025-10-20 13:03:55.858000+00:00,,20251020-001.gpx
47.6086459,19.1468821,151.92,2025-10-20 13:03:56.038000+00:00,,20251020-001.gpx
47.6086455,19.1468858,151.52,2025-10-20 13:03:56.242000+00:00,,20251020-001.gpx
47.608645,19.1468896,151.11,2025-10-20 13:03:56.443000+00:00,,20251020-001.gpx
47.6086445,19.1468933,150.7,2025-10-20 13:03:56.645000+00:00,,20251020-001.gpx
47.608644,19.1468971,150.29,2025-10-20 13:03:56.849000+00:00,,20251020-001.gpx
47.6086435,19.1469007,149.88,2025-10-20 13:03:57.051000+00:00,,20251020-001.gpx
47.6086431,19.1469043,149.43,2025-10-20 13:03:57.256000+00:00,,20251020-001.gpx
47.6086427,19.1469081,149.01,2025-10-20 13:03:57.458000+00:00,,20251020-001.gpx
47.6086422,19.1469115,148.64,2025-10-20 13:03:57.640000+00:00,,20251020-001.gpx
47.6086416,19.1469155,148.21,2025-10-20 13:03:57.861000+00:00,,20251020-001.gpx
47.608641,19.1469191,147.82,2025-10-20 13:03:58.062000+00:00,,20251020-001.gpx
47.6086404,19.1469226,147.46,2025-10-20 13:03:58.248000+00:00,,20251020-001.gpx
47.6086398,19.1469261,147.09,2025-10-20 13:03:58.430000+00:00,,20251020-001.gpx
47.6086392,19.1469305,146.64,2025-10-20 13:03:58.652000+00:00,,20251020-001.gpx
47.6086387,19.1469342,146.27,2025-10-20 13:03:58.834000+00:00,,20251020-001.gpx
47.6086382,19.1469382,145.88,2025-10-20 13:03:59.037000+00:00,,20251020-001.gpx
47.6086376,19.1469426,145.43,2025-10-20 13:03:59.255000+00:00,,20251020-001.gpx
47.6086371,19.1469468,145.03,2025-10-20 13:03:59.457000+00:00,,20251020-001.gpx
47.6086367,19.1469509,144.63,2025-10-20 13:03:59.658000+00:00,,20251020-001.gpx
47.6086363,19.146955,144.24,2025-10-20 13:03:59.858000+00:00,,20251020-001.gpx
47.6086359,19.1469591,143.83,2025-10-20 13:04:00.059000+00:00,,20251020-001.gpx
47.6086355,19.1469629,143.44,2025-10-20 13:04:00.249000+00:00,,20251020-001.gpx
47.608635,19.1469669,143.01,2025-10-20 13:04:00.459000+00:00,,20251020-001.gpx
47.6086345,19.1469706,142.62,2025-10-20 13:04:00.660000+00:00,,20251020-001.gpx
47.6086342,19.1469738,142.36,2025-10-20 13:04:00.841000+00:00,,20251020-001.gpx
47.6086338,19.146977,142.22,2025-10-20 13:04:01.064000+00:00,,20251020-001.gpx
47.6086336,19.1469789,142.2,2025-10-20 13:04:01.252000+00:00,,20251020-001.gpx
47.6086333,19.1469805,142.17,2025-10-20 13:04:01.454000+00:00,,20251020-001.gpx
47.608633,19.1469817,142.04,2025-10-20 13:04:01.654000+00:00,,20251020-001.gpx
47.6086326,19.1469825,141.83,2025-10-20 13:04:01.854000+00:00,,20251020-001.gpx
47.6086322,19.1469828,141.61,2025-10-20 13:04:02.057000+00:00,,20251020-001.gpx
47.6086318,19.1469827,141.43,2025-10-20 13:04:02.242000+00:00,,20251020-001.gpx
47.6086315,19.1469821,141.24,2025-10-20 13:04:02.451000+00:00,,20251020-001.gpx
47.6086312,19.1469811,141.02,2025-10-20 13:04:02.659000+00:00,,20251020-001.gpx
47.6086309,19.1469802,140.82,2025-10-20 13:04:02.862000+00:00,,20251020-001.gpx
47.6086308,19.1469791,140.63,2025-10-20 13:04:03.063000+00:00,,20251020-001.gpx
47.6086307,19.1469778,140.4,2025-10-20 13:04:03.271000+00:00,,20251020-001.gpx
47.6086306,19.1469767,140.18,2025-10-20 13:04:03.472000+00:00,,20251020-001.gpx
47.6086306,19.1469758,139.96,2025-10-20 13:04:03.673000+00:00,,20251020-001.gpx
47.6086305,19.1469747,139.76,2025-10-20 13:04:03.873000+00:00,,20251020-001.gpx
47.6086304,19.1469735,139.55,2025-10-20 13:04:04.074000+00:00,,20251020-001.gpx
47.6086303,19.1469723,139.32,2025-10-20 13:04:04.277000+00:00,,20251020-001.gpx
47.6086304,19.1469713,139.1,2025-10-20 13:04:04.478000+00:00,,20251020-001.gpx
47.6086305,19.1469705,138.9,2025-10-20 13:04:04.680000+00:00,,20251020-001.gpx
47.6086304,19.14697,138.69,2025-10-20 13:04:04.880000+00:00,,20251020-001.gpx
47.6086304,19.1469696,138.46,2025-10-20 13:04:05.082000+00:00,,20251020-001.gpx
47.6086303,19.1469694,138.26,2025-10-20 13:04:05.266000+00:00,,20251020-001.gpx
47.6086301,19.1469693,138.02,2025-10-20 13:04:05.490000+00:00,,20251020-001.gpx
47.60863,19.1469692,137.79,2025-10-20 13:04:05.690000+00:00,,20251020-001.gpx
47.60863,19.1469693,137.58,2025-10-20 13:04:05.890000+00:00,,20251020-001.gpx
47.6086301,19.1469698,137.39,2025-10-20 13:04:06.091000+00:00,,20251020-001.gpx
47.6086301,19.1469703,137.23,2025-10-20 13:04:06.296000+00:00,,20251020-001.gpx
47.6086302,19.146971,137.15,2025-10-20 13:04:06.497000+00:00,,20251020-001.gpx
47.6086303,19.1469718,137.06,2025-10-20 13:04:06.698000+00:00,,20251020-001.gpx
47.6086303,19.1469726,136.91,2025-10-20 13:04:06.898000+00:00,,20251020-001.gpx
47.6086302,19.1469727,136.91,2025-10-20 13:04:07.080000+00:00,,20251020-001.gpx
47.60863,19.1469728,136.92,2025-10-20 13:04:07.292000+00:00,,20251020-001.gpx
47.6086298,19.1469729,136.93,2025-10-20 13:04:07.496000+00:00,,20251020-001.gpx
47.6086297,19.146973,136.93,2025-10-20 13:04:07.677000+00:00,,20251020-001.gpx
47.6086295,19.146973,136.93,2025-10-20 13:04:07.901000+00:00,,20251020-001.gpx
47.6086294,19.146973,136.93,2025-10-20 13:04:08.104000+00:00,,20251020-001.gpx
47.6086293,19.146973,136.93,2025-10-20 13:04:08.296000+00:00,,20251020-001.gpx
47.6086292,19.146973,136.94,2025-10-20 13:04:08.500000+00:00,,20251020-001.gpx
47.6086291,19.1469729,136.94,2025-10-20 13:04:08.700000+00:00,,20251020-001.gpx
47.608629,19.1469729,136.94,2025-10-20 13:04:08.901000+00:00,,20251020-001.gpx
47.608629,19.1469729,136.94,2025-10-20 13:04:09.021000+00:00,,20251020-001.gpx
47.608629,19.1469729,136.94,2025-10-20 13:04:09.021000+00:00,,20251020-001.gpx
47.608629,19.1469729,136.94,2025-10-20 13:04:09.021000+00:00,,20251020-001.gpx
47.608629,19.1469729,136.94,2025-10-20 13:04:09.021000+00:00,,20251020-001.gpx
47.608629,19.1469729,136.94,2025-10-20 13:04:09.021000+00:00,,20251020-001.gpx
47.608629,19.1469729,136.94,2025-10-20 13:04:09.021000+00:00,,20251020-001.gpx
47.608629,19.1469729,136.94,2025-10-20 13:04:09.021000+00:00,,20251020-001.gpx
47.608629,19.1469729,136.94,2025-10-20 13:04:09.021000+00:00,,20251020-001.gpx
47.608629,19.1469729,136.94,2025-10-20 13:04:09.021000+00:00,,20251020-001.gpx
47.608629,19.1469729,136.94,2025-10-20 13:04:09.021000+00:00,,20251020-001.gpx
47.608629,19.1469729,136.94,2025-10-20 13:04:09.021000+00:00,,20251020-001.gpx
47.608629,19.1469729,136.94,2025-10-20 13:04:09.021000+00:00,,20251020-001.gpx
47.608629,19.1469729,136.94,2025-10-20 13:04:09.021000+00:00,,20251020-001.gpx
47.608629,19.1469729,136.94,2025-10-20 13:04:09.021000+00:00,,20251020-001.gpx
47.608629,19.1469729,136.94,2025-10-20 13:04:09.021000+00:00,,20251020-001.gpx
47.608629,19.1469729,136.94,2025-10-20 13:04:09.021000+00:00,,20251020-001.gpx
47.608629,19.1469729,136.94,2025-10-20 13:04:09.021000+00:00,,20251020-001.gpx
47.608629,19.1469729,136.94,2025-10-20 13:04:09.021000+00:00,,20251020-001.gpx
47.608629,19.1469729,136.94,2025-10-20 13:04:09.021000+00:00,,20251020-001.gpx
47.608629,19.1469729,136.94,2025-10-20 13:04:09.021000+00:00,,20251020-001.gpx
47.608629,19.1469729,136.94,2025-10-20 13:04:09.021000+00:00,,20251020-001.gpx
47.608629,19.1469729,136.94,2025-10-20 13:04:09.021000+00:00,,20251020-001.gpx
47.608629,19.1469729,136.94,2025-10-20 13:04:09.021000+00:00,,20251020-001.gpx
47.608629,19.1469729,136.94,2025-10-20 13:04:09.021000+00:00,,20251020-001.gpx
47.608629,19.1469729,136.94,2025-10-20 13:04:09.021000+00:00,,20251020-001.gpx
47.608629,19.1469729,136.94,2025-10-20 13:04:09.021000+00:00,,20251020-001.gpx
47.608629,19.1469729,136.94,2025-10-20 13:04:09.021000+00:00,,20251020-001.gpx
47.608629,19.1469729,136.94,2025-10-20 13:04:09.021000+00:00,,20251020-001.gpx
47.608629,19.1469729,136.94,2025-10-20 13:04:09.021000+00:00,,20251020-001.gpx
47.608629,19.1469729,136.94,2025-10-20 13:04:09.021000+00:00,,20251020-001.gpx
47.608629,19.1469729,136.94,2025-10-20 13:04:09.021000+00:00,,20251020-001.gpx
47.608629,19.1469729,136.94,2025-10-20 13:04:09.021000+00:00,,20251020-001.gpx
47.608629,19.1469729,136.94,2025-10-20 13:04:09.021000+00:00,,20251020-001.gpx
47.608629,19.1469729,136.94,2025-10-20 13:04:09.021000+00:00,,20251020-001.gpx
47.608629,19.1469729,136.94,2025-10-20 13:04:09.021000+00:00,,20251020-001.gpx
47.608629,19.1469729,136.94,2025-10-20 13:04:09.021000+00:00,,20251020-001.gpx
47.608629,19.1469729,136.94,2025-10-20 13:04:09.021000+00:00,,20251020-001.gpx
47.608629,19.1469729,136.94,2025-10-20 13:04:09.021000+00:00,,20251020-001.gpx
47.608629,19.1469729,136.94,2025-10-20 13:04:09.021000+00:00,,20251020-001.gpx
47.608629,19.1469729,136.94,2025-10-20 13:04:09.021000+00:00,,20251020-001.gpx
47.608629,19.1469729,136.94,2025-10-20 13:04:09.021000+00:00,,20251020-001.gpx
47.608629,19.1469729,136.94,2025-10-20 13:04:09.021000+00:00,,20251020-001.gpx
47.608629,19.1469729,136.94,2025-10-20 13:04:09.021000+00:00,,20251020-001.gpx
47.608629,19.1469729,136.94,2025-10-20 13:04:09.021000+00:00,,20251020-001.gpx
47.608629,19.1469729,136.94,2025-10-20 13:04:09.021000+00:00,,20251020-001.gpx
47.608629,19.1469729,136.94,2025-10-20 13:04:09.021000+00:00,,20251020-001.gpx
47.608629,19.1469729,136.94,2025-10-20 13:04:09.021000+00:00,,20251020-001.gpx
47.608629,19.1469729,136.94,2025-10-20 13:04:09.021000+00:00,,20251020-001.gpx
47.608629,19.1469729,136.94,2025-10-20 13:04:09.021000+00:00,,20251020-001.gpx
47.608629,19.1469729,136.94,2025-10-20 13:04:09.021000+00:00,,20251020-001.gpx
47.6086286,19.1469711,136.07,2025-10-20 13:04:19.102000+00:00,,20251020-001.gpx
47.6086286,19.1469711,137.77,2025-10-20 13:04:19.305000+00:00,,20251020-001.gpx
47.6086286,19.1469711,137.88,2025-10-20 13:04:19.506000+00:00,,20251020-001.gpx
47.6086286,19.1469711,137.69,2025-10-20 13:04:19.707000+00:00,,20251020-001.gpx
47.6086287,19.1469711,137.68,2025-10-20 13:04:19.906000+00:00,,20251020-001.gpx
47.6086286,19.1469711,137.66,2025-10-20 13:04:20.107000+00:00,,20251020-001.gpx
47.6086286,19.1469711,137.0,2025-10-20 13:04:20.308000+00:00,,20251020-001.gpx
47.6086285,19.1469713,137.0,2025-10-20 13:04:20.508000+00:00,,20251020-001.gpx
47.6086283,19.1469719,137.0,2025-10-20 13:04:20.708000+00:00,,20251020-001.gpx
47.6086283,19.1469722,137.0,2025-10-20 13:04:20.909000+00:00,,20251020-001.gpx
47.6086283,19.1469723,137.0,2025-10-20 13:04:21.110000+00:00,,20251020-001.gpx
47.6086283,19.1469724,137.0,2025-10-20 13:04:21.311000+00:00,,20251020-001.gpx
47.6086282,19.1469724,137.0,2025-10-20 13:04:21.511000+00:00,,20251020-001.gpx
47.6086282,19.1469724,137.0,2025-10-20 13:04:21.712000+00:00,,20251020-001.gpx
47.6086282,19.1469724,137.01,2025-10-20 13:04:21.892000+00:00,,20251020-001.gpx
47.6086282,19.1469725,137.02,2025-10-20 13:04:22.093000+00:00,,20251020-001.gpx
47.6086282,19.1469725,137.02,2025-10-20 13:04:22.300000+00:00,,20251020-001.gpx
47.6086282,19.1469725,137.03,2025-10-20 13:04:22.500000+00:00,,20251020-001.gpx
47.6086282,19.1469725,137.03,2025-10-20 13:04:22.700000+00:00,,20251020-001.gpx
47.6086282,19.1469725,137.04,2025-10-20 13:04:22.901000+00:00,,20251020-001.gpx
47.6086282,19.1469725,137.04,2025-10-20 13:04:23.102000+00:00,,20251020-001.gpx
47.6086282,19.1469724,137.04,2025-10-20 13:04:23.310000+00:00,,20251020-001.gpx
47.6086282,19.1469724,137.04,2025-10-20 13:04:23.510000+00:00,,20251020-001.gpx
47.6086282,19.1469723,137.05,2025-10-20 13:04:23.710000+00:00,,20251020-001.gpx
47.6086282,19.1469723,137.05,2025-10-20 13:04:23.911000+00:00,,20251020-001.gpx
47.6086282,19.1469723,137.05,2025-10-20 13:04:24.112000+00:00,,20251020-001.gpx
47.6086282,19.1469723,137.06,2025-10-20 13:04:24.313000+00:00,,20251020-001.gpx
47.6086282,19.1469723,137.06,2025-10-20 13:04:24.513000+00:00,,20251020-001.gpx
47.6086282,19.1469723,137.06,2025-10-20 13:04:24.714000+00:00,,20251020-001.gpx
47.6086282,19.1469723,137.06,2025-10-20 13:04:24.915000+00:00,,20251020-001.gpx
47.6086282,19.1469722,137.06,2025-10-20 13:04:25.116000+00:00,,20251020-001.gpx
47.6086282,19.1469722,137.06,2025-10-20 13:04:25.317000+00:00,,20251020-001.gpx
47.6086282,19.1469722,137.07,2025-10-20 13:04:25.517000+00:00,,20251020-001.gpx
47.6086283,19.1469721,137.07,2025-10-20 13:04:25.717000+00:00,,20251020-001.gpx
47.6086283,19.1469721,137.07,2025-10-20 13:04:25.918000+00:00,,20251020-001.gpx
47.6086283,19.1469721,137.07,2025-10-20 13:04:26.118000+00:00,,20251020-001.gpx
47.6086284,19.1469721,137.07,2025-10-20 13:04:26.320000+00:00,,20251020-001.gpx
47.6086284,19.1469721,137.07,2025-10-20 13:04:26.521000+00:00,,20251020-001.gpx
47.6086285,19.1469722,137.08,2025-10-20 13:04:26.741000+00:00,,20251020-001.gpx
47.6086285,19.1469722,137.08,2025-10-20 13:04:26.923000+00:00,,20251020-001.gpx
47.6086286,19.1469722,137.09,2025-10-20 13:04:27.123000+00:00,,20251020-001.gpx
47.6086286,19.1469723,137.09,2025-10-20 13:04:27.324000+00:00,,20251020-001.gpx
47.6086286,19.1469723,137.1,2025-10-20 13:04:27.524000+00:00,,20251020-001.gpx
47.6086286,19.1469723,137.1,2025-10-20 13:04:27.724000+00:00,,20251020-001.gpx
47.6086286,19.1469723,137.11,2025-10-20 13:04:27.925000+00:00,,20251020-001.gpx
47.6086286,19.1469723,137.11,2025-10-20 13:04:28.126000+00:00,,20251020-001.gpx
47.6086286,19.1469723,137.12,2025-10-20 13:04:28.331000+00:00,,20251020-001.gpx
47.6086286,19.1469723,137.12,2025-10-20 13:04:28.532000+00:00,,20251020-001.gpx
47.6086286,19.1469722,137.13,2025-10-20 13:04:28.733000+00:00,,20251020-001.gpx
47.6086286,19.1469722,137.13,2025-10-20 13:04:28.935000+00:00,,20251020-001.gpx
47.6086286,19.1469722,137.14,2025-10-20 13:04:29.137000+00:00,,20251020-001.gpx
47.6086286,19.1469722,137.14,2025-10-20 13:04:29.338000+00:00,,20251020-001.gpx
47.6086286,19.1469721,137.14,2025-10-20 13:04:29.538000+00:00,,20251020-001.gpx
47.6086286,19.1469721,137.14,2025-10-20 13:04:29.739000+00:00,,20251020-001.gpx
47.6086286,19.1469721,137.15,2025-10-20 13:04:29.942000+00:00,,20251020-001.gpx
47.6086287,19.1469721,137.15,2025-10-20 13:04:30.144000+00:00,,20251020-001.gpx
47.6086287,19.1469722,137.15,2025-10-20 13:04:30.346000+00:00,,20251020-001.gpx
47.6086286,19.1469722,137.15,2025-10-20 13:04:30.547000+00:00,,20251020-001.gpx
47.6086286,19.1469722,137.15,2025-10-20 13:04:30.748000+00:00,,20251020-001.gpx
47.6086286,19.1469722,137.15,2025-10-20 13:04:30.949000+00:00,,20251020-001.gpx
47.6086286,19.1469722,137.15,2025-10-20 13:04:31.172000+00:00,,20251020-001.gpx
47.6086286,19.1469722,137.16,2025-10-20 13:04:31.356000+00:00,,20251020-001.gpx
47.6086286,19.1469721,137.16,2025-10-20 13:04:31.558000+00:00,,20251020-001.gpx
47.6086286,19.146972,137.16,2025-10-20 13:04:31.758000+00:00,,20251020-001.gpx
47.6086285,19.146972,137.17,2025-10-20 13:04:31.959000+00:00,,20251020-001.gpx
47.6086285,19.146972,137.17,2025-10-20 13:04:32.159000+00:00,,20251020-001.gpx
47.6086285,19.146972,137.17,2025-10-20 13:04:32.344000+00:00,,20251020-001.gpx
47.6086285,19.146972,137.17,2025-10-20 13:04:32.545000+00:00,,20251020-001.gpx
47.6086285,19.146972,137.17,2025-10-20 13:04:32.744000+00:00,,20251020-001.gpx
47.6086285,19.146972,137.18,2025-10-20 13:04:32.945000+00:00,,20251020-001.gpx
47.6086285,19.146972,137.18,2025-10-20 13:04:33.147000+00:00,,20251020-001.gpx
47.6086285,19.146972,137.18,2025-10-20 13:04:33.347000+00:00,,20251020-001.gpx
47.6086285,19.146972,137.18,2025-10-20 13:04:33.568000+00:00,,20251020-001.gpx
47.6086285,19.146972,137.18,2025-10-20 13:04:33.747000+00:00,,20251020-001.gpx
47.6086284,19.146972,137.18,2025-10-20 13:04:33.948000+00:00,,20251020-001.gpx
47.6086284,19.146972,137.18,2025-10-20 13:04:34.149000+00:00,,20251020-001.gpx
47.6086284,19.146972,137.19,2025-10-20 13:04:34.351000+00:00,,20251020-001.gpx
47.6086285,19.146972,137.19,2025-10-20 13:04:34.551000+00:00,,20251020-001.gpx
47.6086285,19.1469721,137.19,2025-10-20 13:04:34.751000+00:00,,20251020-001.gpx
47.6086285,19.1469721,137.19,2025-10-20 13:04:34.971000+00:00,,20251020-001.gpx
47.6086285,19.1469721,137.2,2025-10-20 13:04:35.172000+00:00,,20251020-001.gpx
47.6086285,19.1469721,137.2,2025-10-20 13:04:35.353000+00:00,,20251020-001.gpx
47.6086285,19.1469721,137.2,2025-10-20 13:04:35.553000+00:00,,20251020-001.gpx
47.6086285,19.1469721,137.21,2025-10-20 13:04:35.753000+00:00,,20251020-001.gpx
47.6086285,19.1469721,137.21,2025-10-20 13:04:35.953000+00:00,,20251020-001.gpx
47.6086285,19.1469722,137.21,2025-10-20 13:04:36.155000+00:00,,20251020-001.gpx
47.6086285,19.1469721,137.21,2025-10-20 13:04:36.357000+00:00,,20251020-001.gpx
47.6086285,19.1469721,137.22,2025-10-20 13:04:36.557000+00:00,,20251020-001.gpx
47.6086284,19.1469721,137.22,2025-10-20 13:04:36.757000+00:00,,20251020-001.gpx
47.6086284,19.146972,137.22,2025-10-20 13:04:36.957000+00:00,,20251020-001.gpx
47.6086284,19.146972,137.23,2025-10-20 13:04:37.159000+00:00,,20251020-001.gpx
47.6086284,19.146972,137.23,2025-10-20 13:04:37.360000+00:00,,20251020-001.gpx
47.6086284,19.146972,137.23,2025-10-20 13:04:37.560000+00:00,,20251020-001.gpx
47.6086284,19.1469721,137.24,2025-10-20 13:04:37.761000+00:00,,20251020-001.gpx
47.6086284,19.1469721,137.24,2025-10-20 13:04:37.961000+00:00,,20251020-001.gpx
47.6086284,19.1469721,137.24,2025-10-20 13:04:38.165000+00:00,,20251020-001.gpx
47.6086284,19.1469721,137.25,2025-10-20 13:04:38.366000+00:00,,20251020-001.gpx
47.6086284,19.1469721,137.25,2025-10-20 13:04:38.566000+00:00,,20251020-001.gpx
47.6086284,19.1469721,137.26,2025-10-20 13:04:38.766000+00:00,,20251020-001.gpx
47.6086284,19.1469721,137.27,2025-10-20 13:04:38.967000+00:00,,20251020-001.gpx
47.6086284,19.1469721,137.27,2025-10-20 13:04:39.170000+00:00,,20251020-001.gpx
47.6086284,19.1469722,137.28,2025-10-20 13:04:39.372000+00:00,,20251020-001.gpx
47.6086285,19.1469722,137.28,2025-10-20 13:04:39.572000+00:00,,20251020-001.gpx
47.6086285,19.1469721,137.28,2025-10-20 13:04:39.774000+00:00,,20251020-001.gpx
47.6086285,19.1469721,137.29,2025-10-20 13:04:39.976000+00:00,,20251020-001.gpx
47.6086285,19.1469721,137.3,2025-10-20 13:04:40.176000+00:00,,20251020-001.gpx
47.6086285,19.1469721,137.3,2025-10-20 13:04:40.377000+00:00,,20251020-001.gpx
47.6086285,19.1469721,137.31,2025-10-20 13:04:40.578000+00:00,,20251020-001.gpx
47.6086285,19.1469721,137.31,2025-10-20 13:04:40.778000+00:00,,20251020-001.gpx
47.6086286,19.1469721,137.31,2025-10-20 13:04:40.978000+00:00,,20251020-001.gpx
47.6086286,19.1469722,137.31,2025-10-20 13:04:41.179000+00:00,,20251020-001.gpx
47.6086286,19.1469721,137.31,2025-10-20 13:04:41.383000+00:00,,20251020-001.gpx
47.6086286,19.1469721,137.32,2025-10-20 13:04:41.583000+00:00,,20251020-001.gpx
47.6086287,19.1469721,137.32,2025-10-20 13:04:41.784000+00:00,,20251020-001.gpx
47.6086287,19.1469721,137.32,2025-10-20 13:04:41.986000+00:00,,20251020-001.gpx
47.6086287,19.1469721,137.32,2025-10-20 13:04:42.189000+00:00,,20251020-001.gpx
47.6086287,19.1469721,137.32,2025-10-20 13:04:42.370000+00:00,,20251020-001.gpx
47.6086287,19.1469721,137.32,2025-10-20 13:04:42.570000+00:00,,20251020-001.gpx
47.6086287,19.1469721,137.32,2025-10-20 13:04:42.771000+00:00,,20251020-001.gpx
47.6086287,19.146972,137.32,2025-10-20 13:04:42.972000+00:00,,20251020-001.gpx
47.6086288,19.146972,137.32,2025-10-20 13:04:43.176000+00:00,,20251020-001.gpx
47.6086288,19.146972,137.32,2025-10-20 13:04:43.384000+00:00,,20251020-001.gpx
47.6086288,19.146972,137.32,2025-10-20 13:04:43.585000+00:00,,20251020-001.gpx
47.6086287,19.1469721,137.32,2025-10-20 13:04:43.786000+00:00,,20251020-001.gpx
47.6086287,19.1469721,137.32,2025-10-20 13:04:43.986000+00:00,,20251020-001.gpx
47.6086287,19.1469721,137.32,2025-10-20 13:04:44.188000+00:00,,20251020-001.gpx
47.6086287,19.1469721,137.32,2025-10-20 13:04:44.389000+00:00,,20251020-001.gpx
47.6086286,19.1469721,137.32,2025-10-20 13:04:44.590000+00:00,,20251020-001.gpx
47.6086286,19.1469721,137.32,2025-10-20 13:04:44.791000+00:00,,20251020-001.gpx
47.6086285,19.1469721,137.32,2025-10-20 13:04:44.991000+00:00,,20251020-001.gpx
47.6086285,19.1469721,137.33,2025-10-20 13:04:45.194000+00:00,,20251020-001.gpx
47.6086285,19.146972,137.33,2025-10-20 13:04:45.396000+00:00,,20251020-001.gpx
47.6086284,19.146972,137.33,2025-10-20 13:04:45.597000+00:00,,20251020-001.gpx
47.6086284,19.146972,137.33,2025-10-20 13:04:45.797000+00:00,,20251020-001.gpx
47.6086285,19.146972,137.32,2025-10-20 13:04:45.997000+00:00,,20251020-001.gpx
47.6086285,19.1469721,137.32,2025-10-20 13:04:46.198000+00:00,,20251020-001.gpx
47.6086285,19.1469721,137.32,2025-10-20 13:04:46.399000+00:00,,20251020-001.gpx
47.6086285,19.146972,137.32,2025-10-20 13:04:46.599000+00:00,,20251020-001.gpx
47.6086285,19.146972,137.33,2025-10-20 13:04:46.800000+00:00,,20251020-001.gpx
47.6086284,19.146972,137.33,2025-10-20 13:04:47.001000+00:00,,20251020-001.gpx
47.6086284,19.146972,137.34,2025-10-20 13:04:47.202000+00:00,,20251020-001.gpx
47.6086284,19.146972,137.34,2025-10-20 13:04:47.402000+00:00,,20251020-001.gpx
47.6086284,19.146972,137.35,2025-10-20 13:04:47.602000+00:00,,20251020-001.gpx
47.6086284,19.146972,137.35,2025-10-20 13:04:47.803000+00:00,,20251020-001.gpx
47.6086283,19.1469719,137.35,2025-10-20 13:04:48.003000+00:00,,20251020-001.gpx
47.6086283,19.1469719,137.35,2025-10-20 13:04:48.203000+00:00,,20251020-001.gpx
47.6086283,19.1469719,137.35,2025-10-20 13:04:48.404000+00:00,,20251020-001.gpx
47.6086283,19.1469719,137.35,2025-10-20 13:04:48.604000+00:00,,20251020-001.gpx
47.6086283,19.1469719,137.35,2025-10-20 13:04:48.805000+00:00,,20251020-001.gpx
47.6086283,19.1469719,137.36,2025-10-20 13:04:49.007000+00:00,,20251020-001.gpx
47.6086283,19.1469719,137.36,2025-10-20 13:04:49.208000+00:00,,20251020-001.gpx
47.6086283,19.146972,137.36,2025-10-20 13:04:49.407000+00:00,,20251020-001.gpx
47.6086284,19.146972,137.36,2025-10-20 13:04:49.608000+00:00,,20251020-001.gpx
47.6086284,19.146972,137.36,2025-10-20 13:04:49.808000+00:00,,20251020-001.gpx
47.6086284,19.146972,137.37,2025-10-20 13:04:50.008000+00:00,,20251020-001.gpx
47.6086283,19.146972,137.37,2025-10-20 13:04:50.210000+00:00,,20251020-001.gpx
47.6086283,19.146972,137.37,2025-10-20 13:04:50.409000+00:00,,20251020-001.gpx
47.6086283,19.146972,137.38,2025-10-20 13:04:50.609000+00:00,,20251020-001.gpx
47.6086283,19.146972,137.38,2025-10-20 13:04:50.810000+00:00,,20251020-001.gpx
47.6086283,19.146972,137.38,2025-10-20 13:04:51.010000+00:00,,20251020-001.gpx
47.6086283,19.1469721,137.38,2025-10-20 13:04:51.212000+00:00,,20251020-001.gpx
47.6086283,19.146972,137.38,2025-10-20 13:04:51.412000+00:00,,20251020-001.gpx
47.6086283,19.146972,137.37,2025-10-20 13:04:51.612000+00:00,,20251020-001.gpx
47.6086283,19.146972,137.38,2025-10-20 13:04:51.812000+00:00,,20251020-001.gpx
47.6086283,19.1469719,137.38,2025-10-20 13:04:52.013000+00:00,,20251020-001.gpx
47.6086283,19.1469718,137.38,2025-10-20 13:04:52.216000+00:00,,20251020-001.gpx
47.6086283,19.1469718,137.38,2025-10-20 13:04:52.417000+00:00,,20251020-001.gpx
47.6086284,19.1469718,137.38,2025-10-20 13:04:52.617000+00:00,,20251020-001.gpx
47.6086284,19.1469718,137.38,2025-10-20 13:04:52.818000+00:00,,20251020-001.gpx
47.6086284,19.1469719,137.38,2025-10-20 13:04:53.018000+00:00,,20251020-001.gpx
47.6086284,19.1469719,137.39,2025-10-20 13:04:53.219000+00:00,,20251020-001.gpx
47.6086285,19.1469719,137.39,2025-10-20 13:04:53.421000+00:00,,20251020-001.gpx
47.6086285,19.1469719,137.39,2025-10-20 13:04:53.621000+00:00,,20251020-001.gpx
47.6086285,19.1469719,137.39,2025-10-20 13:04:53.821000+00:00,,20251020-001.gpx
47.6086285,19.1469719,137.39,2025-10-20 13:04:54.021000+00:00,,20251020-001.gpx
47.6086285,19.1469719,137.4,2025-10-20 13:04:54.225000+00:00,,20251020-001.gpx
47.6086284,19.1469719,137.41,2025-10-20 13:04:54.425000+00:00,,20251020-001.gpx
47.6086284,19.1469719,137.41,2025-10-20 13:04:54.625000+00:00,,20251020-001.gpx
47.6086284,19.1469719,137.41,2025-10-20 13:04:54.825000+00:00,,20251020-001.gpx
47.6086284,19.1469719,137.41,2025-10-20 13:04:55.025000+00:00,,20251020-001.gpx
47.6086285,19.1469719,137.41,2025-10-20 13:04:55.226000+00:00,,20251020-001.gpx
47.6086285,19.1469719,137.41,2025-10-20 13:04:55.425000+00:00,,20251020-001.gpx
47.6086285,19.1469719,137.41,2025-10-20 13:04:55.626000+00:00,,20251020-001.gpx
47.6086285,19.1469719,137.41,2025-10-20 13:04:55.827000+00:00,,20251020-001.gpx
47.6086286,19.1469719,137.41,2025-10-20 13:04:56.028000+00:00,,20251020-001.gpx
47.6086286,19.1469719,137.41,2025-10-20 13:04:56.231000+00:00,,20251020-001.gpx
47.6086286,19.1469719,137.41,2025-10-20 13:04:56.431000+00:00,,20251020-001.gpx
47.6086286,19.1469719,137.41,2025-10-20 13:04:56.632000+00:00,,20251020-001.gpx
47.6086286,19.1469719,137.41,2025-10-20 13:04:56.831000+00:00,,20251020-001.gpx
47.6086286,19.146972,137.41,2025-10-20 13:04:57.031000+00:00,,20251020-001.gpx
47.6086286,19.146972,137.41,2025-10-20 13:04:57.235000+00:00,,20251020-001.gpx
47.6086285,19.146972,137.41,2025-10-20 13:04:57.434000+00:00,,20251020-001.gpx
47.6086285,19.146972,137.41,2025-10-20 13:04:57.635000+00:00,,20251020-001.gpx
47.6086285,19.146972,137.41,2025-10-20 13:04:57.836000+00:00,,20251020-001.gpx
47.6086284,19.146972,137.41,2025-10-20 13:04:58.036000+00:00,,20251020-001.gpx
47.6086284,19.1469721,137.42,2025-10-20 13:04:58.242000+00:00,,20251020-001.gpx
47.6086283,19.1469721,137.43,2025-10-20 13:04:58.443000+00:00,,20251020-001.gpx
47.6086283,19.1469721,137.43,2025-10-20 13:04:58.643000+00:00,,20251020-001.gpx
47.6086283,19.1469721,137.43,2025-10-20 13:04:58.843000+00:00,,20251020-001.gpx
47.6086283,19.1469721,137.43,2025-10-20 13:04:59.043000+00:00,,20251020-001.gpx
47.6086283,19.1469721,137.43,2025-10-20 13:04:59.244000+00:00,,20251020-001.gpx
47.6086284,19.1469721,137.44,2025-10-20 13:04:59.445000+00:00,,20251020-001.gpx
47.6086284,19.1469721,137.43,2025-10-20 13:04:59.646000+00:00,,20251020-001.gpx
47.6086284,19.1469721,137.43,2025-10-20 13:04:59.846000+00:00,,20251020-001.gpx
47.6086285,19.1469721,137.43,2025-10-20 13:05:00.046000+00:00,,20251020-001.gpx
47.6086285,19.1469721,137.44,2025-10-20 13:05:00.247000+00:00,,20251020-001.gpx
47.6086285,19.146972,137.44,2025-10-20 13:05:00.449000+00:00,,20251020-001.gpx
47.6086285,19.146972,137.44,2025-10-20 13:05:00.649000+00:00,,20251020-001.gpx
47.6086285,19.146972,137.43,2025-10-20 13:05:00.850000+00:00,,20251020-001.gpx
47.6086285,19.146972,137.44,2025-10-20 13:05:01.050000+00:00,,20251020-001.gpx
47.6086284,19.146972,137.44,2025-10-20 13:05:01.250000+00:00,,20251020-001.gpx
47.6086283,19.146972,137.44,2025-10-20 13:05:01.452000+00:00,,20251020-001.gpx
47.6086283,19.146972,137.44,2025-10-20 13:05:01.653000+00:00,,20251020-001.gpx
47.6086283,19.146972,137.44,2025-10-20 13:05:01.853000+00:00,,20251020-001.gpx
47.6086283,19.146972,137.44,2025-10-20 13:05:02.053000+00:00,,20251020-001.gpx
47.6086283,19.146972,137.44,2025-10-20 13:05:02.254000+00:00,,20251020-001.gpx
47.6086282,19.1469721,137.45,2025-10-20 13:05:02.454000+00:00,,20251020-001.gpx
47.6086283,19.1469721,137.45,2025-10-20 13:05:02.655000+00:00,,20251020-001.gpx
47.6086283,19.1469722,137.45,2025-10-20 13:05:02.855000+00:00,,20251020-001.gpx
47.6086282,19.1469722,137.45,2025-10-20 13:05:03.055000+00:00,,20251020-001.gpx
47.6086282,19.1469722,137.45,2025-10-20 13:05:03.256000+00:00,,20251020-001.gpx
47.6086282,19.1469722,137.46,2025-10-20 13:05:03.456000+00:00,,20251020-001.gpx
47.6086283,19.1469722,137.46,2025-10-20 13:05:03.656000+00:00,,20251020-001.gpx
47.6086283,19.1469722,137.45,2025-10-20 13:05:03.856000+00:00,,20251020-001.gpx
47.6086283,19.1469722,137.45,2025-10-20 13:05:04.056000+00:00,,20251020-001.gpx
47.6086283,19.1469722,137.46,2025-10-20 13:05:04.257000+00:00,,20251020-001.gpx
47.6086283,19.1469722,137.46,2025-10-20 13:05:04.458000+00:00,,20251020-001.gpx
47.6086284,19.1469722,137.45,2025-10-20 13:05:04.658000+00:00,,20251020-001.gpx
47.6086285,19.1469722,137.45,2025-10-20 13:05:04.858000+00:00,,20251020-001.gpx
47.6086285,19.1469722,137.44,2025-10-20 13:05:05.059000+00:00,,20251020-001.gpx
47.6086286,19.1469722,137.45,2025-10-20 13:05:05.260000+00:00,,20251020-001.gpx
47.6086287,19.1469722,137.45,2025-10-20 13:05:05.460000+00:00,,20251020-001.gpx
47.6086287,19.1469722,137.44,2025-10-20 13:05:05.661000+00:00,,20251020-001.gpx
47.6086287,19.1469722,137.44,2025-10-20 13:05:05.861000+00:00,,20251020-001.gpx
47.6086287,19.1469722,137.44,2025-10-20 13:05:06.061000+00:00,,20251020-001.gpx
47.6086287,19.1469722,137.44,2025-10-20 13:05:06.262000+00:00,,20251020-001.gpx
47.6086287,19.1469723,137.44,2025-10-20 13:05:06.462000+00:00,,20251020-001.gpx
47.6086288,19.1469723,137.43,2025-10-20 13:05:06.662000+00:00,,20251020-001.gpx
47.6086288,19.1469723,137.43,2025-10-20 13:05:06.862000+00:00,,20251020-001.gpx
47.6086289,19.1469724,137.43,2025-10-20 13:05:07.063000+00:00,,20251020-001.gpx
47.6086289,19.1469723,137.43,2025-10-20 13:05:07.270000+00:00,,20251020-001.gpx
47.6086288,19.1469723,137.44,2025-10-20 13:05:07.471000+00:00,,20251020-001.gpx
47.6086288,19.1469723,137.44,2025-10-20 13:05:07.671000+00:00,,20251020-001.gpx
47.6086288,19.1469722,137.44,2025-10-20 13:05:07.871000+00:00,,20251020-001.gpx
47.6086287,19.1469722,137.44,2025-10-20 13:05:08.071000+00:00,,20251020-001.gpx
47.6086287,19.1469721,137.44,2025-10-20 13:05:08.254000+00:00,,20251020-001.gpx
47.6086287,19.1469721,137.44,2025-10-20 13:05:08.454000+00:00,,20251020-001.gpx
47.6086287,19.1469721,137.44,2025-10-20 13:05:08.654000+00:00,,20251020-001.gpx
47.6086287,19.146972,137.44,2025-10-20 13:05:08.854000+00:00,,20251020-001.gpx
47.6086286,19.146972,137.44,2025-10-20 13:05:09.055000+00:00,,20251020-001.gpx
47.6086286,19.146972,137.44,2025-10-20 13:05:09.256000+00:00,,20251020-001.gpx
47.6086285,19.1469719,137.45,2025-10-20 13:05:09.456000+00:00,,20251020-001.gpx
47.6086285,19.1469719,137.45,2025-10-20 13:05:09.656000+00:00,,20251020-001.gpx
47.6086285,19.1469719,137.45,2025-10-20 13:05:09.856000+00:00,,20251020-001.gpx
47.6086285,19.1469719,137.46,2025-10-20 13:05:10.056000+00:00,,20251020-001.gpx
47.6086285,19.1469719,137.46,2025-10-20 13:05:10.257000+00:00,,20251020-001.gpx
47.6086285,19.146972,137.46,2025-10-20 13:05:10.457000+00:00,,20251020-001.gpx
47.6086285,19.146972,137.46,2025-10-20 13:05:10.657000+00:00,,20251020-001.gpx
47.6086285,19.146972,137.47,2025-10-20 13:05:10.857000+00:00,,20251020-001.gpx
47.6086285,19.146972,137.47,2025-10-20 13:05:11.056000+00:00,,20251020-001.gpx
47.6086285,19.1469719,137.47,2025-10-20 13:05:11.257000+00:00,,20251020-001.gpx
47.6086285,19.1469719,137.47,2025-10-20 13:05:11.457000+00:00,,20251020-001.gpx
47.6086284,19.1469719,137.47,2025-10-20 13:05:11.657000+00:00,,20251020-001.gpx
47.6086285,19.1469719,137.47,2025-10-20 13:05:11.858000+00:00,,20251020-001.gpx
47.6086284,19.1469719,137.47,2025-10-20 13:05:12.059000+00:00,,20251020-001.gpx
47.6086284,19.1469719,137.47,2025-10-20 13:05:12.283000+00:00,,20251020-001.gpx
47.6086284,19.146972,137.47,2025-10-20 13:05:12.463000+00:00,,20251020-001.gpx
47.6086284,19.146972,137.47,2025-10-20 13:05:12.664000+00:00,,20251020-001.gpx
47.6086284,19.1469721,137.47,2025-10-20 13:05:12.864000+00:00,,20251020-001.gpx
47.6086285,19.1469721,137.47,2025-10-20 13:05:13.064000+00:00,,20251020-001.gpx
47.6086285,19.1469721,137.47,2025-10-20 13:05:13.274000+00:00,,20251020-001.gpx
47.6086285,19.1469722,137.47,2025-10-20 13:05:13.473000+00:00,,20251020-001.gpx
47.6086285,19.1469723,137.48,2025-10-20 13:05:13.673000+00:00,,20251020-001.gpx
47.6086285,19.1469723,137.47,2025-10-20 13:05:13.873000+00:00,,20251020-001.gpx
47.6086285,19.1469723,137.47,2025-10-20 13:05:14.074000+00:00,,20251020-001.gpx
47.6086285,19.1469723,137.48,2025-10-20 13:05:14.277000+00:00,,20251020-001.gpx
47.6086285,19.1469723,137.48,2025-10-20 13:05:14.478000+00:00,,20251020-001.gpx
47.6086285,19.1469723,137.48,2025-10-20 13:05:14.678000+00:00,,20251020-001.gpx
47.6086285,19.1469723,137.48,2025-10-20 13:05:14.879000+00:00,,20251020-001.gpx
47.6086285,19.1469723,137.48,2025-10-20 13:05:15.081000+00:00,,20251020-001.gpx
47.6086285,19.1469722,137.48,2025-10-20 13:05:15.270000+00:00,,20251020-001.gpx
47.6086285,19.1469722,137.48,2025-10-20 13:05:15.470000+00:00,,20251020-001.gpx
47.6086285,19.1469722,137.48,2025-10-20 13:05:15.671000+00:00,,20251020-001.gpx
47.6086285,19.1469722,137.48,2025-10-20 13:05:15.871000+00:00,,20251020-001.gpx
47.6086285,19.1469722,137.48,2025-10-20 13:05:16.071000+00:00,,20251020-001.gpx
47.6086285,19.1469721,137.48,2025-10-20 13:05:16.276000+00:00,,20251020-001.gpx
47.6086284,19.1469721,137.48,2025-10-20 13:05:16.476000+00:00,,20251020-001.gpx
47.6086284,19.1469721,137.48,2025-10-20 13:05:16.676000+00:00,,20251020-001.gpx
47.6086284,19.1469721,137.48,2025-10-20 13:05:16.876000+00:00,,20251020-001.gpx
47.6086285,19.1469721,137.48,2025-10-20 13:05:17.077000+00:00,,20251020-001.gpx
47.6086285,19.1469721,137.48,2025-10-20 13:05:17.264000+00:00,,20251020-001.gpx
47.6086285,19.146972,137.48,2025-10-20 13:05:17.484000+00:00,,20251020-001.gpx
47.6086285,19.146972,137.48,2025-10-20 13:05:17.665000+00:00,,20251020-001.gpx
47.6086286,19.146972,137.47,2025-10-20 13:05:17.886000+00:00,,20251020-001.gpx
47.6086286,19.146972,137.48,2025-10-20 13:05:18.066000+00:00,,20251020-001.gpx
47.6086286,19.146972,137.48,2025-10-20 13:05:18.287000+00:00,,20251020-001.gpx
47.6086286,19.1469721,137.49,2025-10-20 13:05:18.468000+00:00,,20251020-001.gpx
47.6086286,19.1469721,137.49,2025-10-20 13:05:18.668000+00:00,,20251020-001.gpx
47.6086286,19.1469721,137.49,2025-10-20 13:05:18.889000+00:00,,20251020-001.gpx
47.6086286,19.1469721,137.49,2025-10-20 13:05:19.091000+00:00,,20251020-001.gpx
47.6086286,19.1469721,137.49,2025-10-20 13:05:19.277000+00:00,,20251020-001.gpx
47.6086285,19.146972,137.5,2025-10-20 13:05:19.478000+00:00,,20251020-001.gpx
47.6086285,19.146972,137.5,2025-10-20 13:05:19.678000+00:00,,20251020-001.gpx
47.6086285,19.146972,137.5,2025-10-20 13:05:19.878000+00:00,,20251020-001.gpx
47.6086285,19.146972,137.5,2025-10-20 13:05:20.078000+00:00,,20251020-001.gpx
47.6086285,19.146972,137.51,2025-10-20 13:05:20.287000+00:00,,20251020-001.gpx
47.6086285,19.146972,137.51,2025-10-20 13:05:20.487000+00:00,,20251020-001.gpx
47.6086285,19.146972,137.5,2025-10-20 13:05:20.687000+00:00,,20251020-001.gpx
47.6086286,19.146972,137.5,2025-10-20 13:05:20.866000+00:00,,20251020-001.gpx
47.6086286,19.1469721,137.5,2025-10-20 13:05:21.088000+00:00,,20251020-001.gpx
47.6086286,19.1469721,137.5,2025-10-20 13:05:21.271000+00:00,,20251020-001.gpx
47.6086286,19.1469721,137.51,2025-10-20 13:05:21.471000+00:00,,20251020-001.gpx
47.6086285,19.1469721,137.5,2025-10-20 13:05:21.671000+00:00,,20251020-001.gpx
47.6086285,19.1469722,137.5,2025-10-20 13:05:21.871000+00:00,,20251020-001.gpx
47.6086285,19.1469722,137.5,2025-10-20 13:05:22.072000+00:00,,20251020-001.gpx
47.6086285,19.1469722,137.51,2025-10-20 13:05:22.274000+00:00,,20251020-001.gpx
47.6086286,19.1469722,137.51,2025-10-20 13:05:22.474000+00:00,,20251020-001.gpx
47.6086286,19.1469722,137.51,2025-10-20 13:05:22.674000+00:00,,20251020-001.gpx
47.6086286,19.1469722,137.51,2025-10-20 13:05:22.874000+00:00,,20251020-001.gpx
47.6086286,19.1469723,137.51,2025-10-20 13:05:23.074000+00:00,,20251020-001.gpx
47.6086286,19.1469723,137.51,2025-10-20 13:05:23.285000+00:00,,20251020-001.gpx
47.6086285,19.1469722,137.51,2025-10-20 13:05:23.486000+00:00,,20251020-001.gpx
47.6086285,19.1469722,137.51,2025-10-20 13:05:23.687000+00:00,,20251020-001.gpx
47.6086285,19.1469722,137.51,2025-10-20 13:05:23.888000+00:00,,20251020-001.gpx
47.6086286,19.1469721,137.51,2025-10-20 13:05:24.089000+00:00,,20251020-001.gpx
47.6086286,19.1469721,137.52,2025-10-20 13:05:24.291000+00:00,,20251020-001.gpx
47.6086286,19.1469721,137.52,2025-10-20 13:05:24.491000+00:00,,20251020-001.gpx
47.6086286,19.146972,137.52,2025-10-20 13:05:24.693000+00:00,,20251020-001.gpx
47.6086285,19.146972,137.52,2025-10-20 13:05:24.874000+00:00,,20251020-001.gpx
47.6086285,19.146972,137.52,2025-10-20 13:05:25.075000+00:00,,20251020-001.gpx
47.6086285,19.146972,137.52,2025-10-20 13:05:25.282000+00:00,,20251020-001.gpx
47.6086285,19.146972,137.52,2025-10-20 13:05:25.481000+00:00,,20251020-001.gpx
47.6086285,19.146972,137.52,2025-10-20 13:05:25.684000+00:00,,20251020-001.gpx
47.6086286,19.1469721,137.52,2025-10-20 13:05:25.883000+00:00,,20251020-001.gpx
47.6086286,19.1469721,137.52,2025-10-20 13:05:26.084000+00:00,,20251020-001.gpx
47.6086286,19.1469721,137.52,2025-10-20 13:05:26.287000+00:00,,20251020-001.gpx
47.6086286,19.1469721,137.52,2025-10-20 13:05:26.487000+00:00,,20251020-001.gpx
47.6086285,19.1469721,137.52,2025-10-20 13:05:26.687000+00:00,,20251020-001.gpx
47.6086285,19.1469721,137.52,2025-10-20 13:05:26.887000+00:00,,20251020-001.gpx
47.6086285,19.1469721,137.51,2025-10-20 13:05:27.087000+00:00,,20251020-001.gpx
47.6086285,19.1469721,137.51,2025-10-20 13:05:27.288000+00:00,,20251020-001.gpx
47.6086285,19.1469721,137.52,2025-10-20 13:05:27.489000+00:00,,20251020-001.gpx
47.6086285,19.1469721,137.52,2025-10-20 13:05:27.690000+00:00,,20251020-001.gpx
47.6086285,19.146972,137.52,2025-10-20 13:05:27.890000+00:00,,20251020-001.gpx
47.6086285,19.146972,137.52,2025-10-20 13:05:28.090000+00:00,,20251020-001.gpx
47.6086285,19.146972,137.52,2025-10-20 13:05:28.293000+00:00,,20251020-001.gpx
47.6086285,19.146972,137.52,2025-10-20 13:05:28.493000+00:00,,20251020-001.gpx
47.6086285,19.146972,137.52,2025-10-20 13:05:28.693000+00:00,,20251020-001.gpx
47.6086285,19.146972,137.52,2025-10-20 13:05:28.893000+00:00,,20251020-001.gpx
47.6086285,19.146972,137.52,2025-10-20 13:05:29.094000+00:00,,20251020-001.gpx
47.6086285,19.146972,137.53,2025-10-20 13:05:29.299000+00:00,,20251020-001.gpx
47.6086285,19.146972,137.53,2025-10-20 13:05:29.499000+00:00,,20251020-001.gpx
47.6086285,19.146972,137.53,2025-10-20 13:05:29.699000+00:00,,20251020-001.gpx
47.6086284,19.146972,137.53,2025-10-20 13:05:29.899000+00:00,,20251020-001.gpx
47.6086284,19.146972,137.53,2025-10-20 13:05:30.099000+00:00,,20251020-001.gpx
47.6086284,19.146972,137.53,2025-10-20 13:05:30.304000+00:00,,20251020-001.gpx
47.6086284,19.146972,137.53,2025-10-20 13:05:30.506000+00:00,,20251020-001.gpx
47.6086284,19.146972,137.53,2025-10-20 13:05:30.706000+00:00,,20251020-001.gpx
47.6086285,19.1469721,137.52,2025-10-20 13:05:30.907000+00:00,,20251020-001.gpx
47.6086285,19.1469721,137.52,2025-10-20 13:05:31.107000+00:00,,20251020-001.gpx
47.6086285,19.1469721,137.52,2025-10-20 13:05:31.313000+00:00,,20251020-001.gpx
47.6086285,19.1469721,137.52,2025-10-20 13:05:31.513000+00:00,,20251020-001.gpx
47.6086286,19.1469721,137.52,2025-10-20 13:05:31.714000+00:00,,20251020-001.gpx
47.6086286,19.1469721,137.52,2025-10-20 13:05:31.915000+00:00,,20251020-001.gpx
47.6086286,19.1469721,137.52,2025-10-20 13:05:32.116000+00:00,,20251020-001.gpx
47.6086286,19.1469721,137.51,2025-10-20 13:05:32.307000+00:00,,20251020-001.gpx
47.6086286,19.1469721,137.52,2025-10-20 13:05:32.510000+00:00,,20251020-001.gpx
47.6086286,19.1469722,137.52,2025-10-20 13:05:32.710000+00:00,,20251020-001.gpx
47.6086286,19.1469722,137.51,2025-10-20 13:05:32.910000+00:00,,20251020-001.gpx
47.6086286,19.1469721,137.52,2025-10-20 13:05:33.110000+00:00,,20251020-001.gpx
47.6086285,19.1469721,137.52,2025-10-20 13:05:33.314000+00:00,,20251020-001.gpx
47.6086285,19.1469721,137.53,2025-10-20 13:05:33.514000+00:00,,20251020-001.gpx
47.6086285,19.146972,137.52,2025-10-20 13:05:33.715000+00:00,,20251020-001.gpx
47.6086285,19.146972,137.53,2025-10-20 13:05:33.915000+00:00,,20251020-001.gpx
47.6086284,19.146972,137.53,2025-10-20 13:05:34.115000+00:00,,20251020-001.gpx
47.6086284,19.146972,137.53,2025-10-20 13:05:34.310000+00:00,,20251020-001.gpx
47.6086284,19.146972,137.53,2025-10-20 13:05:34.510000+00:00,,20251020-001.gpx
47.6086284,19.146972,137.53,2025-10-20 13:05:34.710000+00:00,,20251020-001.gpx
47.6086284,19.1469719,137.53,2025-10-20 13:05:34.912000+00:00,,20251020-001.gpx
47.6086285,19.1469719,137.53,2025-10-20 13:05:35.113000+00:00,,20251020-001.gpx
47.6086285,19.1469719,137.54,2025-10-20 13:05:35.316000+00:00,,20251020-001.gpx
47.6086285,19.1469718,137.54,2025-10-20 13:05:35.517000+00:00,,20251020-001.gpx
47.6086285,19.1469719,137.54,2025-10-20 13:05:35.718000+00:00,,20251020-001.gpx
47.6086285,19.1469719,137.54,2025-10-20 13:05:35.918000+00:00,,20251020-001.gpx
47.6086285,19.1469719,137.54,2025-10-20 13:05:36.120000+00:00,,20251020-001.gpx
47.6086285,19.1469719,137.54,2025-10-20 13:05:36.322000+00:00,,20251020-001.gpx
47.6086285,19.1469719,137.54,2025-10-20 13:05:36.522000+00:00,,20251020-001.gpx
47.6086285,19.1469719,137.54,2025-10-20 13:05:36.723000+00:00,,20251020-001.gpx
47.6086286,19.1469719,137.54,2025-10-20 13:05:36.924000+00:00,,20251020-001.gpx
47.6086286,19.1469719,137.54,2025-10-20 13:05:37.124000+00:00,,20251020-001.gpx
47.6086286,19.146972,137.54,2025-10-20 13:05:37.328000+00:00,,20251020-001.gpx
47.6086286,19.146972,137.55,2025-10-20 13:05:37.532000+00:00,,20251020-001.gpx
47.6086285,19.146972,137.54,2025-10-20 13:05:37.732000+00:00,,20251020-001.gpx
47.6086285,19.146972,137.55,2025-10-20 13:05:37.932000+00:00,,20251020-001.gpx
47.6086286,19.1469721,137.55,2025-10-20 13:05:38.133000+00:00,,20251020-001.gpx
47.6086286,19.1469721,137.55,2025-10-20 13:05:38.319000+00:00,,20251020-001.gpx
47.6086286,19.1469721,137.55,2025-10-20 13:05:38.519000+00:00,,20251020-001.gpx
47.6086286,19.1469721,137.55,2025-10-20 13:05:38.738000+00:00,,20251020-001.gpx
47.6086286,19.1469721,137.55,2025-10-20 13:05:38.919000+00:00,,20251020-001.gpx
47.6086286,19.1469721,137.55,2025-10-20 13:05:39.119000+00:00,,20251020-001.gpx
47.6086286,19.1469721,137.55,2025-10-20 13:05:39.340000+00:00,,20251020-001.gpx
47.6086286,19.1469721,137.55,2025-10-20 13:05:39.520000+00:00,,20251020-001.gpx
47.6086286,19.1469721,137.55,2025-10-20 13:05:39.721000+00:00,,20251020-001.gpx
47.6086286,19.1469721,137.55,2025-10-20 13:05:39.921000+00:00,,20251020-001.gpx
47.6086286,19.1469721,137.55,2025-10-20 13:05:40.143000+00:00,,20251020-001.gpx
47.6086286,19.146972,137.56,2025-10-20 13:05:40.323000+00:00,,20251020-001.gpx
47.6086286,19.146972,137.55,2025-10-20 13:05:40.524000+00:00,,20251020-001.gpx
47.6086286,19.146972,137.55,2025-10-20 13:05:40.724000+00:00,,20251020-001.gpx
47.6086285,19.1469719,137.55,2025-10-20 13:05:40.945000+00:00,,20251020-001.gpx
47.6086286,19.1469719,137.55,2025-10-20 13:05:41.125000+00:00,,20251020-001.gpx
47.6086286,19.1469719,137.55,2025-10-20 13:05:41.332000+00:00,,20251020-001.gpx
47.6086286,19.1469719,137.56,2025-10-20 13:05:41.532000+00:00,,20251020-001.gpx
47.6086286,19.1469719,137.56,2025-10-20 13:05:41.732000+00:00,,20251020-001.gpx
47.6086286,19.1469719,137.56,2025-10-20 13:05:41.932000+00:00,,20251020-001.gpx
47.6086286,19.1469719,137.56,2025-10-20 13:05:42.133000+00:00,,20251020-001.gpx
47.6086286,19.1469719,137.57,2025-10-20 13:05:42.339000+00:00,,20251020-001.gpx
47.6086286,19.1469719,137.57,2025-10-20 13:05:42.540000+00:00,,20251020-001.gpx
47.6086285,19.1469719,137.57,2025-10-20 13:05:42.741000+00:00,,20251020-001.gpx
47.6086285,19.1469719,137.57,2025-10-20 13:05:42.941000+00:00,,20251020-001.gpx
47.6086285,19.1469719,137.57,2025-10-20 13:05:43.147000+00:00,,20251020-001.gpx
47.6086285,19.1469719,137.57,2025-10-20 13:05:43.348000+00:00,,20251020-001.gpx
47.6086284,19.146972,137.58,2025-10-20 13:05:43.548000+00:00,,20251020-001.gpx
47.6086284,19.146972,137.57,2025-10-20 13:05:43.748000+00:00,,20251020-001.gpx
47.6086284,19.1469721,137.57,2025-10-20 13:05:43.948000+00:00,,20251020-001.gpx
47.6086284,19.1469721,137.57,2025-10-20 13:05:44.149000+00:00,,20251020-001.gpx
47.6086284,19.1469721,137.57,2025-10-20 13:05:44.351000+00:00,,20251020-001.gpx
47.6086284,19.1469721,137.57,2025-10-20 13:05:44.551000+00:00,,20251020-001.gpx
47.6086284,19.146972,137.57,2025-10-20 13:05:44.752000+00:00,,20251020-001.gpx
47.6086284,19.146972,137.57,2025-10-20 13:05:44.951000+00:00,,20251020-001.gpx
47.6086284,19.146972,137.57,2025-10-20 13:05:45.152000+00:00,,20251020-001.gpx
47.6086284,19.146972,137.57,2025-10-20 13:05:45.354000+00:00,,20251020-001.gpx
47.6086284,19.146972,137.58,2025-10-20 13:05:45.554000+00:00,,20251020-001.gpx
47.6086284,19.146972,137.58,2025-10-20 13:05:45.755000+00:00,,20251020-001.gpx
47.6086284,19.146972,137.57,2025-10-20 13:05:45.955000+00:00,,20251020-001.gpx
47.6086284,19.1469719,137.57,2025-10-20 13:05:46.156000+00:00,,20251020-001.gpx
47.6086284,19.1469719,137.58,2025-10-20 13:05:46.357000+00:00,,20251020-001.gpx
47.6086284,19.1469719,137.58,2025-10-20 13:05:46.557000+00:00,,20251020-001.gpx
47.6086284,19.1469719,137.57,2025-10-20 13:05:46.757000+00:00,,20251020-001.gpx
47.6086283,19.1469719,137.57,2025-10-20 13:05:46.959000+00:00,,20251020-001.gpx
47.6086283,19.1469719,137.57,2025-10-20 13:05:47.160000+00:00,,20251020-001.gpx
47.6086283,19.1469719,137.58,2025-10-20 13:05:47.362000+00:00,,20251020-001.gpx
47.6086282,19.1469719,137.58,2025-10-20 13:05:47.562000+00:00,,20251020-001.gpx
47.6086282,19.1469719,137.58,2025-10-20 13:05:47.762000+00:00,,20251020-001.gpx
47.6086282,19.1469718,137.58,2025-10-20 13:05:47.962000+00:00,,20251020-001.gpx
47.6086282,19.1469718,137.58,2025-10-20 13:05:48.148000+00:00,,20251020-001.gpx
47.6086282,19.1469719,137.58,2025-10-20 13:05:48.350000+00:00,,20251020-001.gpx
47.6086282,19.1469719,137.58,2025-10-20 13:05:48.550000+00:00,,20251020-001.gpx
47.6086283,19.1469719,137.59,2025-10-20 13:05:48.750000+00:00,,20251020-001.gpx
47.6086283,19.1469719,137.59,2025-10-20 13:05:48.950000+00:00,,20251020-001.gpx
47.6086283,19.146972,137.59,2025-10-20 13:05:49.150000+00:00,,20251020-001.gpx
47.6086283,19.146972,137.59,2025-10-20 13:05:49.353000+00:00,,20251020-001.gpx
47.6086284,19.146972,137.59,2025-10-20 13:05:49.554000+00:00,,20251020-001.gpx
47.6086284,19.146972,137.59,2025-10-20 13:05:49.754000+00:00,,20251020-001.gpx
47.6086284,19.146972,137.59,2025-10-20 13:05:49.955000+00:00,,20251020-001.gpx
47.6086285,19.146972,137.59,2025-10-20 13:05:50.155000+00:00,,20251020-001.gpx
47.6086285,19.146972,137.6,2025-10-20 13:05:50.358000+00:00,,20251020-001.gpx
47.6086285,19.146972,137.6,2025-10-20 13:05:50.560000+00:00,,20251020-001.gpx
47.6086285,19.146972,137.6,2025-10-20 13:05:50.761000+00:00,,20251020-001.gpx
47.6086285,19.146972,137.6,2025-10-20 13:05:50.961000+00:00,,20251020-001.gpx
47.6086285,19.146972,137.6,2025-10-20 13:05:51.162000+00:00,,20251020-001.gpx
47.6086285,19.146972,137.6,2025-10-20 13:05:51.370000+00:00,,20251020-001.gpx
47.6086285,19.146972,137.6,2025-10-20 13:05:51.572000+00:00,,20251020-001.gpx
47.6086285,19.146972,137.6,2025-10-20 13:05:51.773000+00:00,,20251020-001.gpx
47.6086285,19.146972,137.6,2025-10-20 13:05:51.973000+00:00,,20251020-001.gpx
47.6086285,19.146972,137.6,2025-10-20 13:05:52.173000+00:00,,20251020-001.gpx
47.6086286,19.146972,137.6,2025-10-20 13:05:52.379000+00:00,,20251020-001.gpx
47.6086286,19.146972,137.6,2025-10-20 13:05:52.579000+00:00,,20251020-001.gpx
47.6086286,19.146972,137.6,2025-10-20 13:05:52.780000+00:00,,20251020-001.gpx
47.6086286,19.146972,137.6,2025-10-20 13:05:52.981000+00:00,,20251020-001.gpx
47.6086286,19.146972,137.6,2025-10-20 13:05:53.182000+00:00,,20251020-001.gpx
47.6086286,19.146972,137.6,2025-10-20 13:05:53.384000+00:00,,20251020-001.gpx
47.6086285,19.146972,137.6,2025-10-20 13:05:53.585000+00:00,,20251020-001.gpx
47.6086285,19.146972,137.6,2025-10-20 13:05:53.786000+00:00,,20251020-001.gpx
47.6086285,19.1469719,137.59,2025-10-20 13:05:53.987000+00:00,,20251020-001.gpx
47.6086285,19.1469719,137.59,2025-10-20 13:05:54.187000+00:00,,20251020-001.gpx
47.6086285,19.1469718,137.6,2025-10-20 13:05:54.391000+00:00,,20251020-001.gpx
47.6086285,19.1469718,137.59,2025-10-20 13:05:54.593000+00:00,,20251020-001.gpx
47.6086285,19.1469717,137.59,2025-10-20 13:05:54.793000+00:00,,20251020-001.gpx
47.6086285,19.1469717,137.58,2025-10-20 13:05:54.993000+00:00,,20251020-001.gpx
47.6086284,19.1469717,137.58,2025-10-20 13:05:55.213000+00:00,,20251020-001.gpx
47.6086284,19.1469717,137.58,2025-10-20 13:05:55.399000+00:00,,20251020-001.gpx
47.6086284,19.1469717,137.58,2025-10-20 13:05:55.600000+00:00,,20251020-001.gpx
47.6086284,19.1469717,137.58,2025-10-20 13:05:55.801000+00:00,,20251020-001.gpx
47.6086283,19.1469718,137.58,2025-10-20 13:05:56.002000+00:00,,20251020-001.gpx
47.6086284,19.1469717,137.58,2025-10-20 13:05:56.212000+00:00,,20251020-001.gpx
47.6086284,19.1469718,137.58,2025-10-20 13:05:56.417000+00:00,,20251020-001.gpx
47.6086284,19.1469718,137.58,2025-10-20 13:05:56.618000+00:00,,20251020-001.gpx
47.6086284,19.1469718,137.58,2025-10-20 13:05:56.820000+00:00,,20251020-001.gpx
47.6086284,19.1469718,137.58,2025-10-20 13:05:57.020000+00:00,,20251020-001.gpx
47.6086284,19.1469718,137.58,2025-10-20 13:05:57.199000+00:00,,20251020-001.gpx
47.6086284,19.1469718,137.57,2025-10-20 13:05:57.405000+00:00,,20251020-001.gpx
47.6086284,19.1469718,137.57,2025-10-20 13:05:57.605000+00:00,,20251020-001.gpx
47.6086284,19.1469719,137.57,2025-10-20 13:05:57.806000+00:00,,20251020-001.gpx
47.6086284,19.146972,137.57,2025-10-20 13:05:58.007000+00:00,,20251020-001.gpx
47.6086285,19.146972,137.57,2025-10-20 13:05:58.208000+00:00,,20251020-001.gpx
47.6086285,19.1469721,137.58,2025-10-20 13:05:58.409000+00:00,,20251020-001.gpx
47.6086285,19.1469721,137.58,2025-10-20 13:05:58.609000+00:00,,20251020-001.gpx
47.6086285,19.1469721,137.58,2025-10-20 13:05:58.809000+00:00,,20251020-001.gpx
47.6086285,19.1469721,137.58,2025-10-20 13:05:59.009000+00:00,,20251020-001.gpx
47.6086286,19.1469721,137.58,2025-10-20 13:05:59.211000+00:00,,20251020-001.gpx
47.6086286,19.1469721,137.58,2025-10-20 13:05:59.412000+00:00,,20251020-001.gpx
47.6086285,19.1469721,137.58,2025-10-20 13:05:59.612000+00:00,,20251020-001.gpx
47.6086285,19.1469721,137.58,2025-10-20 13:05:59.812000+00:00,,20251020-001.gpx
47.6086285,19.1469721,137.58,2025-10-20 13:06:00.012000+00:00,,20251020-001.gpx
47.6086285,19.1469721,137.58,2025-10-20 13:06:00.212000+00:00,,20251020-001.gpx
47.6086286,19.1469721,137.59,2025-10-20 13:06:00.414000+00:00,,20251020-001.gpx
47.6086286,19.1469721,137.58,2025-10-20 13:06:00.615000+00:00,,20251020-001.gpx
47.6086286,19.1469721,137.58,2025-10-20 13:06:00.815000+00:00,,20251020-001.gpx
47.6086287,19.1469721,137.58,2025-10-20 13:06:01.015000+00:00,,20251020-001.gpx
47.6086287,19.1469721,137.58,2025-10-20 13:06:01.218000+00:00,,20251020-001.gpx
47.6086287,19.1469721,137.58,2025-10-20 13:06:01.419000+00:00,,20251020-001.gpx
47.6086288,19.1469721,137.58,2025-10-20 13:06:01.620000+00:00,,20251020-001.gpx
47.6086288,19.1469721,137.57,2025-10-20 13:06:01.820000+00:00,,20251020-001.gpx
47.6086288,19.1469721,137.57,2025-10-20 13:06:02.021000+00:00,,20251020-001.gpx
47.6086288,19.1469721,137.57,2025-10-20 13:06:02.222000+00:00,,20251020-001.gpx
47.6086288,19.1469721,137.57,2025-10-20 13:06:02.425000+00:00,,20251020-001.gpx
47.6086287,19.146972,137.58,2025-10-20 13:06:02.625000+00:00,,20251020-001.gpx
47.6086287,19.1469719,137.57,2025-10-20 13:06:02.825000+00:00,,20251020-001.gpx
47.6086314,19.1469496,137.5,2025-10-20 13:13:14.131000+00:00,,20251020-001.gpx
47.6086314,19.1469496,137.5,2025-10-20 13:13:14.335000+00:00,,20251020-001.gpx
47.6086314,19.1469497,137.51,2025-10-20 13:13:14.536000+00:00,,20251020-001.gpx
47.6086314,19.1469496,137.52,2025-10-20 13:13:14.736000+00:00,,20251020-001.gpx
47.6086314,19.1469497,137.52,2025-10-20 13:13:14.916000+00:00,,20251020-001.gpx
47.6086314,19.1469497,137.52,2025-10-20 13:13:15.116000+00:00,,20251020-001.gpx
47.6086314,19.1469497,137.53,2025-10-20 13:13:15.340000+00:00,,20251020-001.gpx
47.6086314,19.1469497,137.53,2025-10-20 13:13:15.541000+00:00,,20251020-001.gpx
47.6086314,19.1469497,137.53,2025-10-20 13:13:15.741000+00:00,,20251020-001.gpx
47.6086313,19.1469498,137.54,2025-10-20 13:13:15.942000+00:00,,20251020-001.gpx
47.6086313,19.1469498,137.54,2025-10-20 13:13:16.142000+00:00,,20251020-001.gpx
47.6086313,19.1469499,137.54,2025-10-20 13:13:16.330000+00:00,,20251020-001.gpx
47.6086312,19.1469499,137.54,2025-10-20 13:13:16.530000+00:00,,20251020-001.gpx
47.6086312,19.1469498,137.54,2025-10-20 13:13:16.746000+00:00,,20251020-001.gpx
47.6086311,19.1469498,137.54,2025-10-20 13:13:16.930000+00:00,,20251020-001.gpx
47.6086311,19.1469498,137.54,2025-10-20 13:13:17.110000+00:00,,20251020-001.gpx
47.608631,19.1469498,137.54,2025-10-20 13:13:17.332000+00:00,,20251020-001.gpx
47.608631,19.1469498,137.53,2025-10-20 13:13:17.531000+00:00,,20251020-001.gpx
47.608631,19.1469498,137.53,2025-10-20 13:13:17.747000+00:00,,20251020-001.gpx
47.608631,19.1469498,137.53,2025-10-20 13:13:17.931000+00:00,,20251020-001.gpx
47.608631,19.1469498,137.53,2025-10-20 13:13:18.151000+00:00,,20251020-001.gpx
47.608631,19.1469498,137.53,2025-10-20 13:13:18.352000+00:00,,20251020-001.gpx
47.608631,19.1469497,137.52,2025-10-20 13:13:18.552000+00:00,,20251020-001.gpx
47.6086311,19.1469497,137.51,2025-10-20 13:13:18.752000+00:00,,20251020-001.gpx
47.6086311,19.1469497,137.51,2025-10-20 13:13:18.952000+00:00,,20251020-001.gpx
47.6086311,19.1469497,137.5,2025-10-20 13:13:19.152000+00:00,,20251020-001.gpx
47.6086311,19.1469498,137.5,2025-10-20 13:13:19.355000+00:00,,20251020-001.gpx
47.6086311,19.1469496,137.56,2025-10-20 13:13:19.555000+00:00,,20251020-001.gpx
47.6086314,19.146949,137.84,2025-10-20 13:13:19.755000+00:00,,20251020-001.gpx
47.6086317,19.146948,138.25,2025-10-20 13:13:19.956000+00:00,,20251020-001.gpx
47.6086319,19.1469469,138.73,2025-10-20 13:13:20.156000+00:00,,20251020-001.gpx
47.6086322,19.1469458,139.26,2025-10-20 13:13:20.358000+00:00,,20251020-001.gpx
47.6086324,19.146945,139.75,2025-10-20 13:13:20.538000+00:00,,20251020-001.gpx
47.6086325,19.1469445,140.29,2025-10-20 13:13:20.759000+00:00,,20251020-001.gpx
47.6086326,19.1469441,140.67,2025-10-20 13:13:20.959000+00:00,,20251020-001.gpx
47.6086325,19.1469438,141.07,2025-10-20 13:13:21.160000+00:00,,20251020-001.gpx
47.6086324,19.1469433,141.53,2025-10-20 13:13:21.363000+00:00,,20251020-001.gpx
47.6086325,19.1469427,142.0,2025-10-20 13:13:21.564000+00:00,,20251020-001.gpx
47.6086325,19.146942,142.45,2025-10-20 13:13:21.765000+00:00,,20251020-001.gpx
47.6086328,19.1469414,142.91,2025-10-20 13:13:21.967000+00:00,,20251020-001.gpx
47.6086331,19.1469411,143.37,2025-10-20 13:13:22.167000+00:00,,20251020-001.gpx
47.6086334,19.1469408,143.81,2025-10-20 13:13:22.370000+00:00,,20251020-001.gpx
47.6086337,19.1469407,144.24,2025-10-20 13:13:22.572000+00:00,,20251020-001.gpx
47.6086339,19.1469405,144.64,2025-10-20 13:13:22.754000+00:00,,20251020-001.gpx
47.6086342,19.1469404,145.1,2025-10-20 13:13:22.957000+00:00,,20251020-001.gpx
47.6086345,19.1469403,145.55,2025-10-20 13:13:23.158000+00:00,,20251020-001.gpx
47.6086349,19.1469403,146.01,2025-10-20 13:13:23.361000+00:00,,20251020-001.gpx
47.6086353,19.1469404,146.45,2025-10-20 13:13:23.566000+00:00,,20251020-001.gpx
47.6086357,19.1469406,146.83,2025-10-20 13:13:23.749000+00:00,,20251020-001.gpx
47.6086361,19.1469409,147.28,2025-10-20 13:13:23.969000+00:00,,20251020-001.gpx
47.6086363,19.1469411,147.71,2025-10-20 13:13:24.170000+00:00,,20251020-001.gpx
47.6086365,19.1469414,148.17,2025-10-20 13:13:24.372000+00:00,,20251020-001.gpx
47.6086366,19.1469418,148.56,2025-10-20 13:13:24.552000+00:00,,20251020-001.gpx
47.6086369,19.1469422,148.99,2025-10-20 13:13:24.753000+00:00,,20251020-001.gpx
47.6086373,19.1469425,149.4,2025-10-20 13:13:24.954000+00:00,,20251020-001.gpx
47.6086378,19.1469428,149.81,2025-10-20 13:13:25.154000+00:00,,20251020-001.gpx
47.6086383,19.1469432,150.29,2025-10-20 13:13:25.375000+00:00,,20251020-001.gpx
47.6086387,19.1469435,150.6,2025-10-20 13:13:25.518000+00:00,,20251020-001.gpx
47.608639,19.1469439,151.12,2025-10-20 13:13:25.759000+00:00,,20251020-001.gpx
47.608639,19.1469442,151.55,2025-10-20 13:13:25.958000+00:00,,20251020-001.gpx
47.608639,19.1469443,151.96,2025-10-20 13:13:26.159000+00:00,,20251020-001.gpx
47.6086388,19.1469442,152.41,2025-10-20 13:13:26.362000+00:00,,20251020-001.gpx
47.6086385,19.1469437,152.84,2025-10-20 13:13:26.563000+00:00,,20251020-001.gpx
47.6086382,19.1469431,153.27,2025-10-20 13:13:26.763000+00:00,,20251020-001.gpx
47.6086379,19.1469426,153.71,2025-10-20 13:13:26.963000+00:00,,20251020-001.gpx
47.6086376,19.1469422,154.15,2025-10-20 13:13:27.164000+00:00,,20251020-001.gpx
47.6086372,19.1469419,154.47,2025-10-20 13:13:27.317000+00:00,,20251020-001.gpx
47.6086366,19.1469415,154.98,2025-10-20 13:13:27.557000+00:00,,20251020-001.gpx
47.6086361,19.146941,155.34,2025-10-20 13:13:27.741000+00:00,,20251020-001.gpx
47.6086355,19.1469405,155.77,2025-10-20 13:13:27.962000+00:00,,20251020-001.gpx
47.6086351,19.1469401,156.17,2025-10-20 13:13:28.163000+00:00,,20251020-001.gpx
47.6086348,19.1469399,156.58,2025-10-20 13:13:28.366000+00:00,,20251020-001.gpx
47.6086346,19.14694,156.9,2025-10-20 13:13:28.553000+00:00,,20251020-001.gpx
47.6086343,19.1469402,157.18,2025-10-20 13:13:28.753000+00:00,,20251020-001.gpx
47.6086338,19.1469403,157.4,2025-10-20 13:13:28.958000+00:00,,20251020-001.gpx
47.6086334,19.1469401,157.55,2025-10-20 13:13:29.117000+00:00,,20251020-001.gpx
47.6086327,19.1469391,157.72,2025-10-20 13:13:29.346000+00:00,,20251020-001.gpx
47.6086316,19.146937,157.79,2025-10-20 13:13:29.567000+00:00,,20251020-001.gpx
47.6086299,19.146934,157.73,2025-10-20 13:13:29.768000+00:00,,20251020-001.gpx
47.6086273,19.1469302,157.65,2025-10-20 13:13:29.969000+00:00,,20251020-001.gpx
47.6086238,19.1469263,157.58,2025-10-20 13:13:30.170000+00:00,,20251020-001.gpx
47.6086203,19.1469231,157.51,2025-10-20 13:13:30.360000+00:00,,20251020-001.gpx
47.6086169,19.1469202,157.44,2025-10-20 13:13:30.563000+00:00,,20251020-001.gpx
47.6086146,19.1469178,157.38,2025-10-20 13:13:30.764000+00:00,,20251020-001.gpx
47.6086134,19.1469153,157.34,2025-10-20 13:13:30.985000+00:00,,20251020-001.gpx
47.6086129,19.146913,157.33,2025-10-20 13:13:31.166000+00:00,,20251020-001.gpx
47.6086125,19.1469105,157.3,2025-10-20 13:13:31.379000+00:00,,20251020-001.gpx
47.6086125,19.1469086,157.26,2025-10-20 13:13:31.580000+00:00,,20251020-001.gpx
47.6086128,19.1469074,157.22,2025-10-20 13:13:31.783000+00:00,,20251020-001.gpx
47.6086132,19.146907,157.18,2025-10-20 13:13:31.984000+00:00,,20251020-001.gpx
47.6086137,19.1469074,157.14,2025-10-20 13:13:32.185000+00:00,,20251020-001.gpx
47.6086142,19.1469081,157.06,2025-10-20 13:13:32.366000+00:00,,20251020-001.gpx
47.6086149,19.1469096,156.95,2025-10-20 13:13:32.587000+00:00,,20251020-001.gpx
47.6086155,19.1469115,156.89,2025-10-20 13:13:32.788000+00:00,,20251020-001.gpx
47.6086155,19.1469142,156.86,2025-10-20 13:13:32.969000+00:00,,20251020-001.gpx
47.6086148,19.1469188,156.83,2025-10-20 13:13:33.170000+00:00,,20251020-001.gpx
47.6086129,19.1469265,156.83,2025-10-20 13:13:33.394000+00:00,,20251020-001.gpx
47.608611,19.1469353,156.85,2025-10-20 13:13:33.594000+00:00,,20251020-001.gpx
47.6086091,19.1469454,156.88,2025-10-20 13:13:33.797000+00:00,,20251020-001.gpx
47.6086075,19.1469568,156.9,2025-10-20 13:13:33.998000+00:00,,20251020-001.gpx
47.6086065,19.1469692,156.96,2025-10-20 13:13:34.199000+00:00,,20251020-001.gpx
47.6086064,19.146981,157.04,2025-10-20 13:13:34.403000+00:00,,20251020-001.gpx
47.6086074,19.1469913,157.11,2025-10-20 13:13:34.605000+00:00,,20251020-001.gpx
47.6086093,19.1470003,157.11,2025-10-20 13:13:34.808000+00:00,,20251020-001.gpx
47.6086119,19.1470077,157.11,2025-10-20 13:13:35.010000+00:00,,20251020-001.gpx
47.6086153,19.1470134,157.13,2025-10-20 13:13:35.193000+00:00,,20251020-001.gpx
47.6086197,19.1470184,157.15,2025-10-20 13:13:35.400000+00:00,,20251020-001.gpx
47.608624,19.1470215,157.18,2025-10-20 13:13:35.583000+00:00,,20251020-001.gpx
47.6086296,19.1470236,157.22,2025-10-20 13:13:35.805000+00:00,,20251020-001.gpx
47.6086347,19.1470241,157.25,2025-10-20 13:13:36.006000+00:00,,20251020-001.gpx
47.608639,19.1470229,157.24,2025-10-20 13:13:36.187000+00:00,,20251020-001.gpx
47.6086436,19.14702,157.23,2025-10-20 13:13:36.397000+00:00,,20251020-001.gpx
47.6086476,19.1470154,157.22,2025-10-20 13:13:36.598000+00:00,,20251020-001.gpx
47.6086508,19.1470098,157.2,2025-10-20 13:13:36.778000+00:00,,20251020-001.gpx
47.608654,19.1470014,157.17,2025-10-20 13:13:36.998000+00:00,,20251020-001.gpx
47.6086562,19.1469933,157.15,2025-10-20 13:13:37.198000+00:00,,20251020-001.gpx
47.6086578,19.1469849,157.14,2025-10-20 13:13:37.401000+00:00,,20251020-001.gpx
47.608659,19.1469764,157.14,2025-10-20 13:13:37.602000+00:00,,20251020-001.gpx
47.6086597,19.1469677,157.14,2025-10-20 13:13:37.803000+00:00,,20251020-001.gpx
47.6086597,19.1469596,157.15,2025-10-20 13:13:38.004000+00:00,,20251020-001.gpx
47.6086592,19.1469521,157.16,2025-10-20 13:13:38.206000+00:00,,20251020-001.gpx
47.6086581,19.146945,157.16,2025-10-20 13:13:38.413000+00:00,,20251020-001.gpx
47.6086565,19.1469388,157.15,2025-10-20 13:13:38.616000+00:00,,20251020-001.gpx
47.6086548,19.1469341,157.14,2025-10-20 13:13:38.797000+00:00,,20251020-001.gpx
47.6086518,19.1469293,157.13,2025-10-20 13:13:39.018000+00:00,,20251020-001.gpx
47.6086484,19.1469261,157.11,2025-10-20 13:13:39.218000+00:00,,20251020-001.gpx
47.6086451,19.1469243,157.09,2025-10-20 13:13:39.384000+00:00,,20251020-001.gpx
47.60864,19.1469234,157.07,2025-10-20 13:13:39.608000+00:00,,20251020-001.gpx
47.6086357,19.1469241,157.02,2025-10-20 13:13:39.788000+00:00,,20251020-001.gpx
47.6086303,19.1469263,156.96,2025-10-20 13:13:40.011000+00:00,,20251020-001.gpx
47.6086262,19.1469292,156.96,2025-10-20 13:13:40.173000+00:00,,20251020-001.gpx
47.6086206,19.1469341,156.99,2025-10-20 13:13:40.399000+00:00,,20251020-001.gpx
47.6086153,19.1469399,157.02,2025-10-20 13:13:40.623000+00:00,,20251020-001.gpx
47.608611,19.1469457,157.01,2025-10-20 13:13:40.826000+00:00,,20251020-001.gpx
47.6086071,19.146952,156.95,2025-10-20 13:13:41.026000+00:00,,20251020-001.gpx
47.608604,19.1469593,156.95,2025-10-20 13:13:41.227000+00:00,,20251020-001.gpx
47.6086018,19.1469663,157.0,2025-10-20 13:13:41.418000+00:00,,20251020-001.gpx
47.6086003,19.1469736,157.05,2025-10-20 13:13:41.619000+00:00,,20251020-001.gpx
47.6085997,19.1469812,157.05,2025-10-20 13:13:41.821000+00:00,,20251020-001.gpx
47.6086001,19.1469893,157.03,2025-10-20 13:13:42.023000+00:00,,20251020-001.gpx
47.6086016,19.1469973,157.01,2025-10-20 13:13:42.226000+00:00,,20251020-001.gpx
47.6086034,19.1470037,156.97,2025-10-20 13:13:42.413000+00:00,,20251020-001.gpx
47.6086069,19.1470112,156.96,2025-10-20 13:13:42.635000+00:00,,20251020-001.gpx
47.6086113,19.1470173,156.98,2025-10-20 13:13:42.838000+00:00,,20251020-001.gpx
47.608616,19.147022,156.99,2025-10-20 13:13:43.022000+00:00,,20251020-001.gpx
47.6086219,19.1470259,157.02,2025-10-20 13:13:43.226000+00:00,,20251020-001.gpx
47.608628,19.1470284,157.03,2025-10-20 13:13:43.425000+00:00,,20251020-001.gpx
47.6086342,19.1470294,157.08,2025-10-20 13:13:43.626000+00:00,,20251020-001.gpx
47.60864,19.1470282,157.14,2025-10-20 13:13:43.829000+00:00,,20251020-001.gpx
47.6086457,19.1470251,157.19,2025-10-20 13:13:44.030000+00:00,,20251020-001.gpx
47.6086509,19.1470206,157.18,2025-10-20 13:13:44.233000+00:00,,20251020-001.gpx
47.6086552,19.1470157,157.16,2025-10-20 13:13:44.416000+00:00,,20251020-001.gpx
47.6086596,19.1470088,157.13,2025-10-20 13:13:44.637000+00:00,,20251020-001.gpx
47.6086628,19.147002,157.09,2025-10-20 13:13:44.838000+00:00,,20251020-001.gpx
47.6086653,19.1469946,157.08,2025-10-20 13:13:45.039000+00:00,,20251020-001.gpx
47.6086668,19.1469865,157.1,2025-10-20 13:13:45.241000+00:00,,20251020-001.gpx
47.6086674,19.1469779,157.13,2025-10-20 13:13:45.434000+00:00,,20251020-001.gpx
47.6086671,19.146969,157.19,2025-10-20 13:13:45.634000+00:00,,20251020-001.gpx
47.608666,19.1469611,157.22,2025-10-20 13:13:45.815000+00:00,,20251020-001.gpx
47.6086635,19.146952,157.24,2025-10-20 13:13:46.036000+00:00,,20251020-001.gpx
47.6086602,19.1469446,157.26,2025-10-20 13:13:46.238000+00:00,,20251020-001.gpx
47.6086561,19.1469382,157.27,2025-10-20 13:13:46.442000+00:00,,20251020-001.gpx
47.6086513,19.1469331,157.28,2025-10-20 13:13:46.645000+00:00,,20251020-001.gpx
47.6086459,19.1469297,157.29,2025-10-20 13:13:46.847000+00:00,,20251020-001.gpx
47.6086407,19.1469279,157.3,2025-10-20 13:13:47.029000+00:00,,20251020-001.gpx
47.6086349,19.1469272,157.3,2025-10-20 13:13:47.235000+00:00,,20251020-001.gpx
47.6086295,19.1469279,157.32,2025-10-20 13:13:47.438000+00:00,,20251020-001.gpx
47.6086248,19.1469287,157.35,2025-10-20 13:13:47.639000+00:00,,20251020-001.gpx
47.6086207,19.1469292,157.36,2025-10-20 13:13:47.841000+00:00,,20251020-001.gpx
47.6086179,19.1469287,157.39,2025-10-20 13:13:48.042000+00:00,,20251020-001.gpx
47.6086155,19.1469273,157.43,2025-10-20 13:13:48.247000+00:00,,20251020-001.gpx
47.6086129,19.1469255,157.46,2025-10-20 13:13:48.450000+00:00,,20251020-001.gpx
47.6086103,19.1469237,157.44,2025-10-20 13:13:48.655000+00:00,,20251020-001.gpx
47.6086079,19.1469223,157.37,2025-10-20 13:13:48.855000+00:00,,20251020-001.gpx
47.6086057,19.1469213,157.26,2025-10-20 13:13:49.056000+00:00,,20251020-001.gpx
47.6086041,19.1469206,157.24,2025-10-20 13:13:49.239000+00:00,,20251020-001.gpx
47.6086026,19.1469195,157.3,2025-10-20 13:13:49.444000+00:00,,20251020-001.gpx
47.6086013,19.1469181,157.37,2025-10-20 13:13:49.625000+00:00,,20251020-001.gpx
47.6085996,19.1469154,157.46,2025-10-20 13:13:49.846000+00:00,,20251020-001.gpx
47.6085978,19.1469122,157.48,2025-10-20 13:13:50.049000+00:00,,20251020-001.gpx
47.608596,19.1469088,157.45,2025-10-20 13:13:50.229000+00:00,,20251020-001.gpx
47.6085933,19.1469036,157.41,2025-10-20 13:13:50.453000+00:00,,20251020-001.gpx
47.60859,19.1468978,157.39,2025-10-20 13:13:50.656000+00:00,,20251020-001.gpx
47.6085861,19.1468912,157.39,2025-10-20 13:13:50.856000+00:00,,20251020-001.gpx
47.6085822,19.1468846,157.38,2025-10-20 13:13:51.037000+00:00,,20251020-001.gpx
47.6085776,19.1468763,157.31,2025-10-20 13:13:51.243000+00:00,,20251020-001.gpx
47.6085734,19.1468677,157.25,2025-10-20 13:13:51.433000+00:00,,20251020-001.gpx
47.6085684,19.1468569,157.21,2025-10-20 13:13:51.654000+00:00,,20251020-001.gpx
47.6085639,19.1468467,157.18,2025-10-20 13:13:51.859000+00:00,,20251020-001.gpx
47.6085592,19.1468356,157.17,2025-10-20 13:13:52.062000+00:00,,20251020-001.gpx
47.6085545,19.1468246,157.16,2025-10-20 13:13:52.253000+00:00,,20251020-001.gpx
47.6085494,19.1468126,157.16,2025-10-20 13:13:52.457000+00:00,,20251020-001.gpx
47.6085442,19.1468006,157.15,2025-10-20 13:13:52.659000+00:00,,20251020-001.gpx
47.608539,19.1467885,157.14,2025-10-20 13:13:52.861000+00:00,,20251020-001.gpx
47.6085335,19.1467759,157.14,2025-10-20 13:13:53.064000+00:00,,20251020-001.gpx
47.6085279,19.1467631,157.15,2025-10-20 13:13:53.269000+00:00,,20251020-001.gpx
47.6085229,19.1467517,157.16,2025-10-20 13:13:53.450000+00:00,,20251020-001.gpx
47.6085174,19.1467393,157.17,2025-10-20 13:13:53.651000+00:00,,20251020-001.gpx
47.6085114,19.146726,157.18,2025-10-20 13:13:53.872000+00:00,,20251020-001.gpx
47.6085061,19.1467142,157.19,2025-10-20 13:13:54.072000+00:00,,20251020-001.gpx
47.6085011,19.1467034,157.2,2025-10-20 13:13:54.273000+00:00,,20251020-001.gpx
47.608496,19.1466924,157.2,2025-10-20 13:13:54.476000+00:00,,20251020-001.gpx
47.6084908,19.1466814,157.18,2025-10-20 13:13:54.676000+00:00,,20251020-001.gpx
47.6084856,19.1466702,157.17,2025-10-20 13:13:54.877000+00:00,,20251020-001.gpx
47.6084803,19.1466589,157.17,2025-10-20 13:13:55.080000+00:00,,20251020-001.gpx
47.6084753,19.1466482,157.19,2025-10-20 13:13:55.281000+00:00,,20251020-001.gpx
47.6084709,19.1466388,157.22,2025-10-20 13:13:55.485000+00:00,,20251020-001.gpx
47.6084669,19.1466308,157.24,2025-10-20 13:13:55.687000+00:00,,20251020-001.gpx
47.6084635,19.1466238,157.25,2025-10-20 13:13:55.889000+00:00,,20251020-001.gpx
47.6084611,19.1466192,157.25,2025-10-20 13:13:56.070000+00:00,,20251020-001.gpx
47.6084593,19.1466156,157.24,2025-10-20 13:13:56.272000+00:00,,20251020-001.gpx
47.6084584,19.1466136,157.24,2025-10-20 13:13:56.475000+00:00,,20251020-001.gpx
47.6084583,19.1466131,157.23,2025-10-20 13:13:56.676000+00:00,,20251020-001.gpx
47.6084587,19.1466137,157.23,2025-10-20 13:13:56.877000+00:00,,20251020-001.gpx
47.6084595,19.1466152,157.24,2025-10-20 13:13:57.078000+00:00,,20251020-001.gpx
47.6084606,19.1466174,157.24,2025-10-20 13:13:57.283000+00:00,,20251020-001.gpx
47.6084619,19.14662,157.25,2025-10-20 13:13:57.472000+00:00,,20251020-001.gpx
47.6084633,19.146623,157.25,2025-10-20 13:13:57.673000+00:00,,20251020-001.gpx
47.6084649,19.1466264,157.26,2025-10-20 13:13:57.875000+00:00,,20251020-001.gpx
47.6084664,19.1466298,157.26,2025-10-20 13:13:58.076000+00:00,,20251020-001.gpx
47.6084679,19.1466337,157.27,2025-10-20 13:13:58.299000+00:00,,20251020-001.gpx
47.6084685,19.1466375,157.27,2025-10-20 13:13:58.480000+00:00,,20251020-001.gpx
47.608468,19.1466431,157.26,2025-10-20 13:13:58.684000+00:00,,20251020-001.gpx
47.6084666,19.1466487,157.24,2025-10-20 13:13:58.844000+00:00,,20251020-001.gpx
47.608463,19.1466588,157.24,2025-10-20 13:13:59.087000+00:00,,20251020-001.gpx
47.6084597,19.1466661,157.25,2025-10-20 13:13:59.249000+00:00,,20251020-001.gpx
47.6084539,19.1466778,157.28,2025-10-20 13:13:59.492000+00:00,,20251020-001.gpx
47.6084483,19.1466885,157.28,2025-10-20 13:13:59.696000+00:00,,20251020-001.gpx
47.6084429,19.1466983,157.29,2025-10-20 13:13:59.877000+00:00,,20251020-001.gpx
47.6084373,19.1467084,157.29,2025-10-20 13:14:00.057000+00:00,,20251020-001.gpx
47.6084315,19.1467187,157.28,2025-10-20 13:14:00.239000+00:00,,20251020-001.gpx
47.6084244,19.1467314,157.27,2025-10-20 13:14:00.464000+00:00,,20251020-001.gpx
47.6084186,19.1467413,157.26,2025-10-20 13:14:00.665000+00:00,,20251020-001.gpx
47.6084124,19.1467521,157.24,2025-10-20 13:14:00.866000+00:00,,20251020-001.gpx
47.6084066,19.1467632,157.24,2025-10-20 13:14:01.066000+00:00,,20251020-001.gpx
47.6084014,19.1467738,157.24,2025-10-20 13:14:01.250000+00:00,,20251020-001.gpx
47.6083954,19.1467873,157.23,2025-10-20 13:14:01.475000+00:00,,20251020-001.gpx
47.6083902,19.1467994,157.24,2025-10-20 13:14:01.678000+00:00,,20251020-001.gpx
47.6083857,19.14681,157.27,2025-10-20 13:14:01.879000+00:00,,20251020-001.gpx
47.608381,19.1468212,157.26,2025-10-20 13:14:02.081000+00:00,,20251020-001.gpx
47.6083771,19.1468312,157.25,2025-10-20 13:14:02.261000+00:00,,20251020-001.gpx
47.608373,19.1468427,157.28,2025-10-20 13:14:02.467000+00:00,,20251020-001.gpx
47.6083693,19.1468537,157.32,2025-10-20 13:14:02.670000+00:00,,20251020-001.gpx
47.6083657,19.1468656,157.33,2025-10-20 13:14:02.891000+00:00,,20251020-001.gpx
47.6083627,19.1468764,157.34,2025-10-20 13:14:03.094000+00:00,,20251020-001.gpx
47.6083603,19.1468867,157.36,2025-10-20 13:14:03.285000+00:00,,20251020-001.gpx
47.6083583,19.1468966,157.38,2025-10-20 13:14:03.486000+00:00,,20251020-001.gpx
47.6083564,19.1469074,157.39,2025-10-20 13:14:03.687000+00:00,,20251020-001.gpx
47.6083551,19.1469182,157.4,2025-10-20 13:14:03.887000+00:00,,20251020-001.gpx
47.6083542,19.1469289,157.42,2025-10-20 13:14:04.090000+00:00,,20251020-001.gpx
47.6083538,19.1469385,157.44,2025-10-20 13:14:04.272000+00:00,,20251020-001.gpx
47.6083535,19.1469497,157.44,2025-10-20 13:14:04.495000+00:00,,20251020-001.gpx
47.6083535,19.1469586,157.44,2025-10-20 13:14:04.674000+00:00,,20251020-001.gpx
47.608354,19.1469705,157.45,2025-10-20 13:14:04.895000+00:00,,20251020-001.gpx
47.6083549,19.1469805,157.46,2025-10-20 13:14:05.077000+00:00,,20251020-001.gpx
47.6083562,19.1469921,157.47,2025-10-20 13:14:05.288000+00:00,,20251020-001.gpx
47.6083576,19.1470029,157.48,2025-10-20 13:14:05.484000+00:00,,20251020-001.gpx
47.6083593,19.147014,157.48,2025-10-20 13:14:05.685000+00:00,,20251020-001.gpx
47.608361,19.1470247,157.5,2025-10-20 13:14:05.886000+00:00,,20251020-001.gpx
47.608363,19.147036,157.51,2025-10-20 13:14:06.088000+00:00,,20251020-001.gpx
47.6083652,19.1470476,157.51,2025-10-20 13:14:06.289000+00:00,,20251020-001.gpx
47.6083675,19.1470591,157.51,2025-10-20 13:14:06.491000+00:00,,20251020-001.gpx
47.6083699,19.1470705,157.52,2025-10-20 13:14:06.691000+00:00,,20251020-001.gpx
47.6083723,19.1470818,157.51,2025-10-20 13:14:06.891000+00:00,,20251020-001.gpx
47.6083748,19.1470928,157.51,2025-10-20 13:14:07.092000+00:00,,20251020-001.gpx
47.6083771,19.1471026,157.52,2025-10-20 13:14:07.275000+00:00,,20251020-001.gpx
47.6083802,19.1471152,157.52,2025-10-20 13:14:07.495000+00:00,,20251020-001.gpx
47.6083831,19.1471257,157.51,2025-10-20 13:14:07.676000+00:00,,20251020-001.gpx
47.608387,19.1471387,157.51,2025-10-20 13:14:07.900000+00:00,,20251020-001.gpx
47.6083902,19.147149,157.52,2025-10-20 13:14:08.081000+00:00,,20251020-001.gpx
47.6083938,19.1471603,157.53,2025-10-20 13:14:08.282000+00:00,,20251020-001.gpx
47.6083971,19.1471706,157.53,2025-10-20 13:14:08.489000+00:00,,20251020-001.gpx
47.6083998,19.1471788,157.52,2025-10-20 13:14:08.649000+00:00,,20251020-001.gpx
47.6084041,19.1471913,157.52,2025-10-20 13:14:08.891000+00:00,,20251020-001.gpx
47.608921,19.147654,158.44,2025-10-20 12:47:21.056000+00:00,,20251020-001.gpx
47.6089273,19.1476481,158.43,2025-10-20 12:47:21.260000+00:00,,20251020-001.gpx
47.6089334,19.1476422,158.43,2025-10-20 12:47:21.460000+00:00,,20251020-001.gpx
47.6089395,19.1476362,158.42,2025-10-20 12:47:21.663000+00:00,,20251020-001.gpx
47.6089455,19.14763,158.41,2025-10-20 12:47:21.865000+00:00,,20251020-001.gpx
47.6089513,19.1476238,158.41,2025-10-20 12:47:22.066000+00:00,,20251020-001.gpx
47.6089572,19.1476172,158.41,2025-10-20 12:47:22.271000+00:00,,20251020-001.gpx
47.6089628,19.1476109,158.4,2025-10-20 12:47:22.472000+00:00,,20251020-001.gpx
47.6089681,19.1476047,158.4,2025-10-20 12:47:22.673000+00:00,,20251020-001.gpx
47.6089721,19.1475998,158.39,2025-10-20 12:47:22.854000+00:00,,20251020-001.gpx
47.6089755,19.1475955,158.38,2025-10-20 12:47:23.055000+00:00,,20251020-001.gpx
47.6089775,19.1475924,158.38,2025-10-20 12:47:23.279000+00:00,,20251020-001.gpx
47.6089783,19.1475909,158.38,2025-10-20 12:47:23.479000+00:00,,20251020-001.gpx
47.6089782,19.1475903,158.38,2025-10-20 12:47:23.680000+00:00,,20251020-001.gpx
47.6089775,19.1475905,158.38,2025-10-20 12:47:23.882000+00:00,,20251020-001.gpx
47.6089763,19.1475912,158.38,2025-10-20 12:47:24.084000+00:00,,20251020-001.gpx
47.6089747,19.1475924,158.38,2025-10-20 12:47:24.279000+00:00,,20251020-001.gpx
47.6089729,19.1475938,158.37,2025-10-20 12:47:24.485000+00:00,,20251020-001.gpx
47.6089708,19.1475954,158.38,2025-10-20 12:47:24.687000+00:00,,20251020-001.gpx
47.6089684,19.1475966,158.39,2025-10-20 12:47:24.888000+00:00,,20251020-001.gpx
47.6089658,19.1475969,158.39,2025-10-20 12:47:25.068000+00:00,,20251020-001.gpx
47.6089618,19.1475959,158.38,2025-10-20 12:47:25.294000+00:00,,20251020-001.gpx
47.6089575,19.1475935,158.37,2025-10-20 12:47:25.497000+00:00,,20251020-001.gpx
47.6089526,19.1475894,158.37,2025-10-20 12:47:25.699000+00:00,,20251020-001.gpx
47.6089472,19.1475838,158.38,2025-10-20 12:47:25.900000+00:00,,20251020-001.gpx
47.6089416,19.1475772,158.38,2025-10-20 12:47:26.101000+00:00,,20251020-001.gpx
47.6089359,19.1475698,158.39,2025-10-20 12:47:26.305000+00:00,,20251020-001.gpx
47.6089299,19.1475614,158.4,2025-10-20 12:47:26.508000+00:00,,20251020-001.gpx
47.6089244,19.147553,158.4,2025-10-20 12:47:26.688000+00:00,,20251020-001.gpx
47.6089176,19.1475422,158.4,2025-10-20 12:47:26.909000+00:00,,20251020-001.gpx
47.6089114,19.1475319,158.41,2025-10-20 12:47:27.110000+00:00,,20251020-001.gpx
47.6089055,19.1475219,158.42,2025-10-20 12:47:27.302000+00:00,,20251020-001.gpx
47.6088994,19.1475113,158.42,2025-10-20 12:47:27.503000+00:00,,20251020-001.gpx
47.6088929,19.1474995,158.43,2025-10-20 12:47:27.723000+00:00,,20251020-001.gpx
47.6088878,19.1474897,158.43,2025-10-20 12:47:27.904000+00:00,,20251020-001.gpx
47.6088823,19.1474788,158.43,2025-10-20 12:47:28.105000+00:00,,20251020-001.gpx
47.6088765,19.1474671,158.43,2025-10-20 12:47:28.315000+00:00,,20251020-001.gpx
47.6088729,19.1474595,158.43,2025-10-20 12:47:28.455000+00:00,,20251020-001.gpx
47.6088667,19.1474466,158.44,2025-10-20 12:47:28.696000+00:00,,20251020-001.gpx
47.6088622,19.147437,158.44,2025-10-20 12:47:28.875000+00:00,,20251020-001.gpx
47.6088565,19.1474249,158.43,2025-10-20 12:47:29.116000+00:00,,20251020-001.gpx
47.6088521,19.1474157,158.42,2025-10-20 12:47:29.299000+00:00,,20251020-001.gpx
47.6088478,19.1474069,158.43,2025-10-20 12:47:29.479000+00:00,,20251020-001.gpx
47.6088427,19.1473965,158.44,2025-10-20 12:47:29.702000+00:00,,20251020-001.gpx
47.6088386,19.1473883,158.45,2025-10-20 12:47:29.883000+00:00,,20251020-001.gpx
47.6088342,19.1473795,158.46,2025-10-20 12:47:30.083000+00:00,,20251020-001.gpx
47.6088291,19.1473697,158.46,2025-10-20 12:47:30.310000+00:00,,20251020-001.gpx
47.6088252,19.1473621,158.45,2025-10-20 12:47:30.491000+00:00,,20251020-001.gpx
47.6088209,19.1473538,158.46,2025-10-20 12:47:30.692000+00:00,,20251020-001.gpx
47.6088167,19.1473455,158.47,2025-10-20 12:47:30.894000+00:00,,20251020-001.gpx
47.608813,19.1473382,158.47,2025-10-20 12:47:31.076000+00:00,,20251020-001.gpx
47.6088083,19.1473287,158.48,2025-10-20 12:47:31.313000+00:00,,20251020-001.gpx
47.6088043,19.1473204,158.47,2025-10-20 12:47:31.515000+00:00,,20251020-001.gpx
47.6088003,19.1473123,158.46,2025-10-20 12:47:31.716000+00:00,,20251020-001.gpx
47.6087967,19.1473051,158.46,2025-10-20 12:47:31.896000+00:00,,20251020-001.gpx
47.6087922,19.1472962,158.46,2025-10-20 12:47:32.116000+00:00,,20251020-001.gpx
47.6087881,19.147288,158.46,2025-10-20 12:47:32.321000+00:00,,20251020-001.gpx
47.608784,19.1472799,158.46,2025-10-20 12:47:32.521000+00:00,,20251020-001.gpx
47.6087799,19.1472715,158.45,2025-10-20 12:47:32.725000+00:00,,20251020-001.gpx
47.6087758,19.1472633,158.45,2025-10-20 12:47:32.927000+00:00,,20251020-001.gpx
47.6087716,19.147255,158.44,2025-10-20 12:47:33.128000+00:00,,20251020-001.gpx
47.6087675,19.1472469,158.44,2025-10-20 12:47:33.331000+00:00,,20251020-001.gpx
47.6087633,19.1472388,158.44,2025-10-20 12:47:33.532000+00:00,,20251020-001.gpx
47.6087591,19.1472305,158.44,2025-10-20 12:47:33.733000+00:00,,20251020-001.gpx
47.6087548,19.1472224,158.44,2025-10-20 12:47:33.935000+00:00,,20251020-001.gpx
47.6087509,19.147215,158.43,2025-10-20 12:47:34.117000+00:00,,20251020-001.gpx
47.608746,19.1472061,158.41,2025-10-20 12:47:34.340000+00:00,,20251020-001.gpx
47.6087417,19.147198,158.4,2025-10-20 12:47:34.541000+00:00,,20251020-001.gpx
47.6087372,19.1471896,158.38,2025-10-20 12:47:34.746000+00:00,,20251020-001.gpx
47.6087332,19.1471819,158.38,2025-10-20 12:47:34.927000+00:00,,20251020-001.gpx
47.6087288,19.1471732,158.38,2025-10-20 12:47:35.131000+00:00,,20251020-001.gpx
47.6087243,19.147164,158.36,2025-10-20 12:47:35.345000+00:00,,20251020-001.gpx
47.6087206,19.1471564,158.36,2025-10-20 12:47:35.521000+00:00,,20251020-001.gpx
47.6087162,19.1471474,158.35,2025-10-20 12:47:35.726000+00:00,,20251020-001.gpx
47.6087118,19.1471379,158.35,2025-10-20 12:47:35.947000+00:00,,20251020-001.gpx
47.6087079,19.1471295,158.33,2025-10-20 12:47:36.148000+00:00,,20251020-001.gpx
47.6087038,19.1471206,158.31,2025-10-20 12:47:36.352000+00:00,,20251020-001.gpx
47.6086997,19.1471117,158.31,2025-10-20 12:47:36.552000+00:00,,20251020-001.gpx
47.6086956,19.1471027,158.31,2025-10-20 12:47:36.753000+00:00,,20251020-001.gpx
47.6086915,19.1470936,158.31,2025-10-20 12:47:36.955000+00:00,,20251020-001.gpx
47.6086874,19.1470848,158.3,2025-10-20 12:47:37.157000+00:00,,20251020-001.gpx
47.6086831,19.1470757,158.29,2025-10-20 12:47:37.357000+00:00,,20251020-001.gpx
47.6086788,19.1470666,158.29,2025-10-20 12:47:37.558000+00:00,,20251020-001.gpx
47.608675,19.1470583,158.29,2025-10-20 12:47:37.739000+00:00,,20251020-001.gpx
47.6086703,19.1470481,158.29,2025-10-20 12:47:37.960000+00:00,,20251020-001.gpx
47.6086661,19.1470387,158.29,2025-10-20 12:47:38.161000+00:00,,20251020-001.gpx
47.608662,19.1470294,158.29,2025-10-20 12:47:38.364000+00:00,,20251020-001.gpx
47.6086579,19.1470203,158.28,2025-10-20 12:47:38.565000+00:00,,20251020-001.gpx
47.6086538,19.1470112,158.28,2025-10-20 12:47:38.767000+00:00,,20251020-001.gpx
47.6086498,19.1470024,158.28,2025-10-20 12:47:38.969000+00:00,,20251020-001.gpx
47.6086455,19.1469934,158.29,2025-10-20 12:47:39.170000+00:00,,20251020-001.gpx
47.6086416,19.146985,158.28,2025-10-20 12:47:39.357000+00:00,,20251020-001.gpx
47.6086369,19.1469752,158.27,2025-10-20 12:47:39.581000+00:00,,20251020-001.gpx
47.6086329,19.1469667,158.27,2025-10-20 12:47:39.784000+00:00,,20251020-001.gpx
47.60863,19.1469607,158.27,2025-10-20 12:47:39.946000+00:00,,20251020-001.gpx
47.6086265,19.1469536,158.26,2025-10-20 12:47:40.169000+00:00,,20251020-001.gpx
47.6086241,19.1469483,158.26,2025-10-20 12:47:40.376000+00:00,,20251020-001.gpx
47.6086223,19.1469437,158.23,2025-10-20 12:47:40.599000+00:00,,20251020-001.gpx
47.6086219,19.1469407,158.21,2025-10-20 12:47:40.802000+00:00,,20251020-001.gpx
47.6086231,19.1469388,158.18,2025-10-20 12:47:41.004000+00:00,,20251020-001.gpx
47.6086262,19.1469382,158.14,2025-10-20 12:47:41.206000+00:00,,20251020-001.gpx
47.6086311,19.1469389,158.11,2025-10-20 12:47:41.410000+00:00,,20251020-001.gpx
47.6086369,19.1469408,158.09,2025-10-20 12:47:41.592000+00:00,,20251020-001.gpx
47.6086449,19.146944,158.07,2025-10-20 12:47:41.795000+00:00,,20251020-001.gpx
47.6086547,19.1469487,158.05,2025-10-20 12:47:42.019000+00:00,,20251020-001.gpx
47.6086645,19.1469537,158.04,2025-10-20 12:47:42.223000+00:00,,20251020-001.gpx
47.6086731,19.1469583,158.04,2025-10-20 12:47:42.393000+00:00,,20251020-001.gpx
47.6086849,19.1469646,158.03,2025-10-20 12:47:42.617000+00:00,,20251020-001.gpx
47.6086959,19.1469705,158.02,2025-10-20 12:47:42.820000+00:00,,20251020-001.gpx
47.6087067,19.1469764,158.02,2025-10-20 12:47:43.022000+00:00,,20251020-001.gpx
47.6087177,19.1469824,158.01,2025-10-20 12:47:43.223000+00:00,,20251020-001.gpx
47.6087287,19.1469886,158.01,2025-10-20 12:47:43.425000+00:00,,20251020-001.gpx
47.6087398,19.1469947,158.02,2025-10-20 12:47:43.629000+00:00,,20251020-001.gpx
47.6087507,19.1470004,158.01,2025-10-20 12:47:43.831000+00:00,,20251020-001.gpx
47.6087616,19.147006,158.0,2025-10-20 12:47:44.032000+00:00,,20251020-001.gpx
47.6087719,19.1470113,157.99,2025-10-20 12:47:44.236000+00:00,,20251020-001.gpx
47.6087812,19.1470159,157.99,2025-10-20 12:47:44.420000+00:00,,20251020-001.gpx
47.6087892,19.1470198,158.0,2025-10-20 12:47:44.581000+00:00,,20251020-001.gpx
47.6088006,19.1470252,158.0,2025-10-20 12:47:44.823000+00:00,,20251020-001.gpx
47.6088097,19.1470295,157.98,2025-10-20 12:47:45.026000+00:00,,20251020-001.gpx
47.6088184,19.1470335,157.97,2025-10-20 12:47:45.230000+00:00,,20251020-001.gpx
47.6088266,19.1470373,157.96,2025-10-20 12:47:45.434000+00:00,,20251020-001.gpx
47.6088346,19.1470408,157.93,2025-10-20 12:47:45.635000+00:00,,20251020-001.gpx
47.6088424,19.1470441,157.91,2025-10-20 12:47:45.837000+00:00,,20251020-001.gpx
47.6088498,19.147047,157.9,2025-10-20 12:47:46.038000+00:00,,20251020-001.gpx
47.6088571,19.1470497,157.89,2025-10-20 12:47:46.239000+00:00,,20251020-001.gpx
47.6088642,19.1470523,157.88,2025-10-20 12:47:46.441000+00:00,,20251020-001.gpx
47.6088704,19.1470548,157.88,2025-10-20 12:47:46.622000+00:00,,20251020-001.gpx
47.6088779,19.1470579,157.87,2025-10-20 12:47:46.845000+00:00,,20251020-001.gpx
47.6088845,19.1470608,157.87,2025-10-20 12:47:47.046000+00:00,,20251020-001.gpx
47.6088892,19.1470628,157.88,2025-10-20 12:47:47.190000+00:00,,20251020-001.gpx
47.6088969,19.1470664,157.88,2025-10-20 12:47:47.433000+00:00,,20251020-001.gpx
47.6089038,19.1470698,157.87,2025-10-20 12:47:47.655000+00:00,,20251020-001.gpx
47.60891,19.147073,157.88,2025-10-20 12:47:47.856000+00:00,,20251020-001.gpx
47.608916,19.1470763,157.88,2025-10-20 12:47:48.057000+00:00,,20251020-001.gpx
47.608922,19.1470798,157.88,2025-10-20 12:47:48.259000+00:00,,20251020-001.gpx
47.6089282,19.1470836,157.88,2025-10-20 12:47:48.459000+00:00,,20251020-001.gpx
47.6089343,19.1470875,157.87,2025-10-20 12:47:48.660000+00:00,,20251020-001.gpx
47.6089406,19.1470916,157.86,2025-10-20 12:47:48.860000+00:00,,20251020-001.gpx
47.6089455,19.147095,157.85,2025-10-20 12:47:49.020000+00:00,,20251020-001.gpx
47.6089529,19.1471004,157.85,2025-10-20 12:47:49.262000+00:00,,20251020-001.gpx
47.6089588,19.1471048,157.84,2025-10-20 12:47:49.466000+00:00,,20251020-001.gpx
47.608965,19.1471096,157.84,2025-10-20 12:47:49.667000+00:00,,20251020-001.gpx
47.6089711,19.1471145,157.83,2025-10-20 12:47:49.869000+00:00,,20251020-001.gpx
47.6089774,19.1471196,157.83,2025-10-20 12:47:50.070000+00:00,,20251020-001.gpx
47.6089838,19.1471248,157.82,2025-10-20 12:47:50.273000+00:00,,20251020-001.gpx
47.60899,19.1471301,157.81,2025-10-20 12:47:50.475000+00:00,,20251020-001.gpx
47.6089964,19.1471358,157.81,2025-10-20 12:47:50.676000+00:00,,20251020-001.gpx
47.6090027,19.1471416,157.8,2025-10-20 12:47:50.877000+00:00,,20251020-001.gpx
47.609009,19.1471476,157.8,2025-10-20 12:47:51.078000+00:00,,20251020-001.gpx
47.6090153,19.1471538,157.79,2025-10-20 12:47:51.283000+00:00,,20251020-001.gpx
47.6090212,19.1471598,157.8,2025-10-20 12:47:51.483000+00:00,,20251020-001.gpx
47.6090272,19.1471659,157.8,2025-10-20 12:47:51.686000+00:00,,20251020-001.gpx
47.6090334,19.1471723,157.8,2025-10-20 12:47:51.888000+00:00,,20251020-001.gpx
47.6090397,19.1471788,157.8,2025-10-20 12:47:52.090000+00:00,,20251020-001.gpx
47.6090454,19.1471847,157.8,2025-10-20 12:47:52.277000+00:00,,20251020-001.gpx
47.6090512,19.1471906,157.79,2025-10-20 12:47:52.463000+00:00,,20251020-001.gpx
47.609058,19.1471976,157.78,2025-10-20 12:47:52.683000+00:00,,20251020-001.gpx
47.6090637,19.1472035,157.78,2025-10-20 12:47:52.866000+00:00,,20251020-001.gpx
47.6090698,19.14721,157.78,2025-10-20 12:47:53.068000+00:00,,20251020-001.gpx
47.6090765,19.1472174,157.77,2025-10-20 12:47:53.294000+00:00,,20251020-001.gpx
47.6090811,19.1472228,157.76,2025-10-20 12:47:53.453000+00:00,,20251020-001.gpx
47.6090872,19.1472305,157.76,2025-10-20 12:47:53.674000+00:00,,20251020-001.gpx
47.6090932,19.1472384,157.76,2025-10-20 12:47:53.894000+00:00,,20251020-001.gpx
47.6090985,19.147246,157.76,2025-10-20 12:47:54.094000+00:00,,20251020-001.gpx
47.6091029,19.1472527,157.77,2025-10-20 12:47:54.269000+00:00,,20251020-001.gpx
47.6091082,19.1472613,157.78,2025-10-20 12:47:54.492000+00:00,,20251020-001.gpx
47.6091128,19.1472693,157.79,2025-10-20 12:47:54.693000+00:00,,20251020-001.gpx
47.6091173,19.1472776,157.8,2025-10-20 12:47:54.894000+00:00,,20251020-001.gpx
47.6091215,19.147286,157.81,2025-10-20 12:47:55.095000+00:00,,20251020-001.gpx
47.6091252,19.1472936,157.81,2025-10-20 12:47:55.282000+00:00,,20251020-001.gpx
47.6091288,19.1473015,157.82,2025-10-20 12:47:55.464000+00:00,,20251020-001.gpx
47.6091327,19.147311,157.83,2025-10-20 12:47:55.686000+00:00,,20251020-001.gpx
47.6091361,19.1473198,157.84,2025-10-20 12:47:55.888000+00:00,,20251020-001.gpx
47.6091393,19.1473289,157.84,2025-10-20 12:47:56.088000+00:00,,20251020-001.gpx
47.6091422,19.1473383,157.84,2025-10-20 12:47:56.290000+00:00,,20251020-001.gpx
47.6091448,19.1473477,157.83,2025-10-20 12:47:56.491000+00:00,,20251020-001.gpx
47.6091473,19.1473575,157.83,2025-10-20 12:47:56.691000+00:00,,20251020-001.gpx
47.6091496,19.1473677,157.84,2025-10-20 12:47:56.894000+00:00,,20251020-001.gpx
47.6091517,19.1473779,157.85,2025-10-20 12:47:57.096000+00:00,,20251020-001.gpx
47.6091533,19.1473867,157.86,2025-10-20 12:47:57.266000+00:00,,20251020-001.gpx
47.609155,19.147398,157.87,2025-10-20 12:47:57.490000+00:00,,20251020-001.gpx
47.6091563,19.1474087,157.87,2025-10-20 12:47:57.691000+00:00,,20251020-001.gpx
47.6091574,19.1474193,157.88,2025-10-20 12:47:57.892000+00:00,,20251020-001.gpx
47.6091582,19.1474302,157.89,2025-10-20 12:47:58.093000+00:00,,20251020-001.gpx
47.6091586,19.1474401,157.89,2025-10-20 12:47:58.281000+00:00,,20251020-001.gpx
47.6091589,19.1474522,157.91,2025-10-20 12:47:58.505000+00:00,,20251020-001.gpx
47.6091589,19.1474622,157.92,2025-10-20 12:47:58.688000+00:00,,20251020-001.gpx
47.6091587,19.1474732,157.93,2025-10-20 12:47:58.890000+00:00,,20251020-001.gpx
47.6091584,19.147484,157.93,2025-10-20 12:47:59.091000+00:00,,20251020-001.gpx
47.6091578,19.1474949,157.9,2025-10-20 12:47:59.294000+00:00,,20251020-001.gpx
47.6091571,19.1475056,157.88,2025-10-20 12:47:59.495000+00:00,,20251020-001.gpx
47.609156,19.1475166,157.87,2025-10-20 12:47:59.696000+00:00,,20251020-001.gpx
47.6091547,19.1475276,157.89,2025-10-20 12:47:59.898000+00:00,,20251020-001.gpx
47.6091531,19.1475384,157.93,2025-10-20 12:48:00.101000+00:00,,20251020-001.gpx
47.6091516,19.1475472,157.96,2025-10-20 12:48:00.272000+00:00,,20251020-001.gpx
47.6091497,19.1475575,157.96,2025-10-20 12:48:00.473000+00:00,,20251020-001.gpx
47.6091475,19.1475678,157.97,2025-10-20 12:48:00.674000+00:00,,20251020-001.gpx
47.609145,19.1475783,157.97,2025-10-20 12:48:00.878000+00:00,,20251020-001.gpx
47.6091421,19.1475895,157.98,2025-10-20 12:48:01.099000+00:00,,20251020-001.gpx
47.6091394,19.1475985,158.0,2025-10-20 12:48:01.282000+00:00,,20251020-001.gpx
47.6091364,19.1476081,158.01,2025-10-20 12:48:01.484000+00:00,,20251020-001.gpx
47.6091333,19.147618,158.02,2025-10-20 12:48:01.686000+00:00,,20251020-001.gpx
47.6091296,19.1476288,158.04,2025-10-20 12:48:01.908000+00:00,,20251020-001.gpx
47.6091263,19.1476376,158.07,2025-10-20 12:48:02.091000+00:00,,20251020-001.gpx
47.6091225,19.1476472,158.08,2025-10-20 12:48:02.293000+00:00,,20251020-001.gpx
47.609119,19.1476554,158.1,2025-10-20 12:48:02.474000+00:00,,20251020-001.gpx
47.6091144,19.1476653,158.11,2025-10-20 12:48:02.695000+00:00,,20251020-001.gpx
47.6091099,19.1476741,158.12,2025-10-20 12:48:02.896000+00:00,,20251020-001.gpx
47.6091052,19.1476827,158.12,2025-10-20 12:48:03.097000+00:00,,20251020-001.gpx
47.6091003,19.1476913,158.13,2025-10-20 12:48:03.301000+00:00,,20251020-001.gpx
47.6090958,19.1476987,158.15,2025-10-20 12:48:03.483000+00:00,,20251020-001.gpx
47.6090906,19.1477069,158.17,2025-10-20 12:48:03.684000+00:00,,20251020-001.gpx
47.6090864,19.1477136,158.18,2025-10-20 12:48:03.848000+00:00,,20251020-001.gpx
47.60908,19.1477234,158.18,2025-10-20 12:48:04.089000+00:00,,20251020-001.gpx
47.6090752,19.1477305,158.17,2025-10-20 12:48:04.273000+00:00,,20251020-001.gpx
47.6090689,19.1477392,158.16,2025-10-20 12:48:04.501000+00:00,,20251020-001.gpx
47.6090631,19.147747,158.17,2025-10-20 12:48:04.702000+00:00,,20251020-001.gpx
47.6090572,19.1477547,158.19,2025-10-20 12:48:04.903000+00:00,,20251020-001.gpx
47.6090513,19.1477622,158.21,2025-10-20 12:48:05.105000+00:00,,20251020-001.gpx
47.6090458,19.1477691,158.21,2025-10-20 12:48:05.293000+00:00,,20251020-001.gpx
47.6090404,19.1477755,158.21,2025-10-20 12:48:05.474000+00:00,,20251020-001.gpx
47.6090336,19.1477832,158.21,2025-10-20 12:48:05.696000+00:00,,20251020-001.gpx
47.6090273,19.14779,158.22,2025-10-20 12:48:05.896000+00:00,,20251020-001.gpx
47.6090209,19.1477964,158.25,2025-10-20 12:48:06.097000+00:00,,20251020-001.gpx
47.6090144,19.1478025,158.3,2025-10-20 12:48:06.303000+00:00,,20251020-001.gpx
47.6090081,19.147808,158.33,2025-10-20 12:48:06.503000+00:00,,20251020-001.gpx
47.6090017,19.1478136,158.36,2025-10-20 12:48:06.704000+00:00,,20251020-001.gpx
47.6089944,19.1478197,158.39,2025-10-20 12:48:06.926000+00:00,,20251020-001.gpx
47.6089886,19.1478246,158.41,2025-10-20 12:48:07.106000+00:00,,20251020-001.gpx
47.6089823,19.1478297,158.44,2025-10-20 12:48:07.308000+00:00,,20251020-001.gpx
47.6089756,19.1478349,158.44,2025-10-20 12:48:07.510000+00:00,,20251020-001.gpx
47.6089688,19.1478397,158.46,2025-10-20 12:48:07.711000+00:00,,20251020-001.gpx
47.6089619,19.1478443,158.48,2025-10-20 12:48:07.912000+00:00,,20251020-001.gpx
47.6089548,19.1478485,158.51,2025-10-20 12:48:08.114000+00:00,,20251020-001.gpx
47.6089475,19.1478526,158.53,2025-10-20 12:48:08.323000+00:00,,20251020-001.gpx
47.6089403,19.1478565,158.55,2025-10-20 12:48:08.525000+00:00,,20251020-001.gpx
47.6089331,19.1478599,158.57,2025-10-20 12:48:08.725000+00:00,,20251020-001.gpx
47.6089257,19.1478631,158.59,2025-10-20 12:48:08.925000+00:00,,20251020-001.gpx
47.6089184,19.147866,158.6,2025-10-20 12:48:09.127000+00:00,,20251020-001.gpx
47.608911,19.1478687,158.59,2025-10-20 12:48:09.332000+00:00,,20251020-001.gpx
47.6089038,19.147871,158.6,2025-10-20 12:48:09.532000+00:00,,20251020-001.gpx
47.6088972,19.147873,158.59,2025-10-20 12:48:09.713000+00:00,,20251020-001.gpx
47.6088891,19.1478751,158.59,2025-10-20 12:48:09.935000+00:00,,20251020-001.gpx
47.6088816,19.1478768,158.59,2025-10-20 12:48:10.138000+00:00,,20251020-001.gpx
47.6088746,19.1478779,158.6,2025-10-20 12:48:10.329000+00:00,,20251020-001.gpx
47.6088684,19.1478787,158.61,2025-10-20 12:48:10.514000+00:00,,20251020-001.gpx
47.6088601,19.1478793,158.62,2025-10-20 12:48:10.736000+00:00,,20251020-001.gpx
47.6088526,19.1478792,158.63,2025-10-20 12:48:10.938000+00:00,,20251020-001.gpx
47.6088451,19.1478788,158.63,2025-10-20 12:48:11.141000+00:00,,20251020-001.gpx
47.608838,19.1478781,158.62,2025-10-20 12:48:11.335000+00:00,,20251020-001.gpx
47.6088303,19.1478768,158.61,2025-10-20 12:48:11.540000+00:00,,20251020-001.gpx
47.6088235,19.1478754,158.6,2025-10-20 12:48:11.721000+00:00,,20251020-001.gpx
47.6088167,19.1478737,158.61,2025-10-20 12:48:11.904000+00:00,,20251020-001.gpx
47.6088086,19.147871,158.61,2025-10-20 12:48:12.125000+00:00,,20251020-001.gpx
47.6088003,19.1478677,158.61,2025-10-20 12:48:12.351000+00:00,,20251020-001.gpx
47.6087927,19.1478641,158.61,2025-10-20 12:48:12.557000+00:00,,20251020-001.gpx
47.6087861,19.1478607,158.63,2025-10-20 12:48:12.739000+00:00,,20251020-001.gpx
47.6087784,19.1478562,158.64,2025-10-20 12:48:12.961000+00:00,,20251020-001.gpx
47.6087721,19.1478523,158.64,2025-10-20 12:48:13.141000+00:00,,20251020-001.gpx
47.608765,19.1478475,158.64,2025-10-20 12:48:13.345000+00:00,,20251020-001.gpx
47.6087582,19.1478426,158.64,2025-10-20 12:48:13.546000+00:00,,20251020-001.gpx
47.6087516,19.1478373,158.65,2025-10-20 12:48:13.747000+00:00,,20251020-001.gpx
47.6087451,19.1478316,158.65,2025-10-20 12:48:13.949000+00:00,,20251020-001.gpx
47.6087389,19.1478257,158.66,2025-10-20 12:48:14.150000+00:00,,20251020-001.gpx
47.6087325,19.147819,158.66,2025-10-20 12:48:14.358000+00:00,,20251020-001.gpx
47.6087265,19.1478125,158.68,2025-10-20 12:48:14.560000+00:00,,20251020-001.gpx
47.6087213,19.1478063,158.69,2025-10-20 12:48:14.743000+00:00,,20251020-001.gpx
47.6087152,19.1477984,158.71,2025-10-20 12:48:14.964000+00:00,,20251020-001.gpx
47.6087101,19.1477913,158.72,2025-10-20 12:48:15.167000+00:00,,20251020-001.gpx
47.6087046,19.1477831,158.72,2025-10-20 12:48:15.379000+00:00,,20251020-001.gpx
47.6087,19.1477759,158.71,2025-10-20 12:48:15.559000+00:00,,20251020-001.gpx
47.6086953,19.1477676,158.69,2025-10-20 12:48:15.761000+00:00,,20251020-001.gpx
47.6086907,19.1477591,158.68,2025-10-20 12:48:15.961000+00:00,,20251020-001.gpx
47.6086863,19.1477501,158.69,2025-10-20 12:48:16.171000+00:00,,20251020-001.gpx
47.6086822,19.1477411,158.68,2025-10-20 12:48:16.368000+00:00,,20251020-001.gpx
47.6086781,19.1477318,158.68,2025-10-20 12:48:16.570000+00:00,,20251020-001.gpx
47.6086742,19.1477222,158.67,2025-10-20 12:48:16.771000+00:00,,20251020-001.gpx
47.6086704,19.1477126,158.68,2025-10-20 12:48:16.973000+00:00,,20251020-001.gpx
47.6086671,19.1477035,158.67,2025-10-20 12:48:17.159000+00:00,,20251020-001.gpx
47.6086636,19.1476935,158.66,2025-10-20 12:48:17.360000+00:00,,20251020-001.gpx
47.6086602,19.1476835,158.65,2025-10-20 12:48:17.562000+00:00,,20251020-001.gpx
47.608657,19.1476734,158.65,2025-10-20 12:48:17.766000+00:00,,20251020-001.gpx
47.6086539,19.1476633,158.66,2025-10-20 12:48:17.967000+00:00,,20251020-001.gpx
47.608651,19.1476529,158.66,2025-10-20 12:48:18.169000+00:00,,20251020-001.gpx
47.6086484,19.1476432,158.65,2025-10-20 12:48:18.360000+00:00,,20251020-001.gpx
47.6086458,19.1476329,158.65,2025-10-20 12:48:18.564000+00:00,,20251020-001.gpx
47.6086438,19.1476247,158.64,2025-10-20 12:48:18.725000+00:00,,20251020-001.gpx
47.6086413,19.1476134,158.63,2025-10-20 12:48:18.947000+00:00,,20251020-001.gpx
47.608639,19.147602,158.62,2025-10-20 12:48:19.168000+00:00,,20251020-001.gpx
47.608637,19.1475915,158.6,2025-10-20 12:48:19.370000+00:00,,20251020-001.gpx
47.6086351,19.147581,158.59,2025-10-20 12:48:19.575000+00:00,,20251020-001.gpx
47.6086332,19.1475709,158.6,2025-10-20 12:48:19.778000+00:00,,20251020-001.gpx
47.6086312,19.1475607,158.63,2025-10-20 12:48:19.979000+00:00,,20251020-001.gpx
47.6086293,19.1475505,158.64,2025-10-20 12:48:20.181000+00:00,,20251020-001.gpx
47.6086273,19.1475392,158.63,2025-10-20 12:48:20.404000+00:00,,20251020-001.gpx
47.6086259,19.1475301,158.61,2025-10-20 12:48:20.585000+00:00,,20251020-001.gpx
47.6086245,19.1475198,158.6,2025-10-20 12:48:20.786000+00:00,,20251020-001.gpx
47.6086235,19.1475118,158.59,2025-10-20 12:48:20.948000+00:00,,20251020-001.gpx
47.6086222,19.147501,158.57,2025-10-20 12:48:21.149000+00:00,,20251020-001.gpx
47.6086207,19.1474874,158.56,2025-10-20 12:48:21.399000+00:00,,20251020-001.gpx
47.6086195,19.1474762,158.55,2025-10-20 12:48:21.599000+00:00,,20251020-001.gpx
47.6086185,19.1474652,158.53,2025-10-20 12:48:21.800000+00:00,,20251020-001.gpx
47.6086175,19.1474542,158.5,2025-10-20 12:48:22.001000+00:00,,20251020-001.gpx
47.6086167,19.1474431,158.48,2025-10-20 12:48:22.202000+00:00,,20251020-001.gpx
47.6086161,19.1474337,158.48,2025-10-20 12:48:22.369000+00:00,,20251020-001.gpx
47.6086155,19.1474223,158.48,2025-10-20 12:48:22.573000+00:00,,20251020-001.gpx
47.6086149,19.1474099,158.46,2025-10-20 12:48:22.796000+00:00,,20251020-001.gpx
47.6086144,19.1473994,158.43,2025-10-20 12:48:22.997000+00:00,,20251020-001.gpx
47.608614,19.1473893,158.4,2025-10-20 12:48:23.181000+00:00,,20251020-001.gpx
47.6086136,19.1473791,158.37,2025-10-20 12:48:23.371000+00:00,,20251020-001.gpx
47.6086132,19.1473674,158.36,2025-10-20 12:48:23.594000+00:00,,20251020-001.gpx
47.6086128,19.147357,158.35,2025-10-20 12:48:23.795000+00:00,,20251020-001.gpx
47.6086125,19.1473467,158.35,2025-10-20 12:48:23.994000+00:00,,20251020-001.gpx
47.6086121,19.1473362,158.34,2025-10-20 12:48:24.197000+00:00,,20251020-001.gpx
47.6086119,19.1473261,158.33,2025-10-20 12:48:24.399000+00:00,,20251020-001.gpx
47.6086118,19.147316,158.32,2025-10-20 12:48:24.601000+00:00,,20251020-001.gpx
47.6086117,19.1473056,158.31,2025-10-20 12:48:24.811000+00:00,,20251020-001.gpx
47.6086117,19.1472974,158.31,2025-10-20 12:48:24.985000+00:00,,20251020-001.gpx
47.6086118,19.1472863,158.31,2025-10-20 12:48:25.205000+00:00,,20251020-001.gpx
47.608612,19.1472765,158.3,2025-10-20 12:48:25.400000+00:00,,20251020-001.gpx
47.6086122,19.1472661,158.28,2025-10-20 12:48:25.603000+00:00,,20251020-001.gpx
47.6086125,19.1472556,158.28,2025-10-20 12:48:25.805000+00:00,,20251020-001.gpx
47.6086129,19.1472452,158.28,2025-10-20 12:48:26.008000+00:00,,20251020-001.gpx
47.6086134,19.1472364,158.27,2025-10-20 12:48:26.171000+00:00,,20251020-001.gpx
47.6086142,19.1472241,158.24,2025-10-20 12:48:26.397000+00:00,,20251020-001.gpx
47.6086148,19.1472129,158.23,2025-10-20 12:48:26.602000+00:00,,20251020-001.gpx
47.6086155,19.1472021,158.24,2025-10-20 12:48:26.804000+00:00,,20251020-001.gpx
47.6086162,19.1471911,158.24,2025-10-20 12:48:27.005000+00:00,,20251020-001.gpx
47.6086169,19.1471801,158.23,2025-10-20 12:48:27.206000+00:00,,20251020-001.gpx
47.6086177,19.1471689,158.22,2025-10-20 12:48:27.409000+00:00,,20251020-001.gpx
47.6086185,19.1471589,158.22,2025-10-20 12:48:27.591000+00:00,,20251020-001.gpx
47.6086195,19.1471478,158.21,2025-10-20 12:48:27.792000+00:00,,20251020-001.gpx
47.6086207,19.147136,158.2,2025-10-20 12:48:28.012000+00:00,,20251020-001.gpx
47.6086219,19.1471244,158.16,2025-10-20 12:48:28.216000+00:00,,20251020-001.gpx
47.608623,19.1471128,158.15,2025-10-20 12:48:28.418000+00:00,,20251020-001.gpx
47.608624,19.1471015,158.15,2025-10-20 12:48:28.619000+00:00,,20251020-001.gpx
47.6086251,19.1470902,158.15,2025-10-20 12:48:28.824000+00:00,,20251020-001.gpx
47.6086261,19.147079,158.15,2025-10-20 12:48:29.025000+00:00,,20251020-001.gpx
47.608627,19.1470677,158.13,2025-10-20 12:48:29.227000+00:00,,20251020-001.gpx
47.6086278,19.1470572,158.11,2025-10-20 12:48:29.420000+00:00,,20251020-001.gpx
47.6086286,19.147046,158.09,2025-10-20 12:48:29.623000+00:00,,20251020-001.gpx
47.6086294,19.147035,158.08,2025-10-20 12:48:29.827000+00:00,,20251020-001.gpx
47.6086299,19.1470265,158.08,2025-10-20 12:48:29.987000+00:00,,20251020-001.gpx
47.608631,19.1470132,158.08,2025-10-20 12:48:30.232000+00:00,,20251020-001.gpx
47.6086321,19.1470022,158.07,2025-10-20 12:48:30.434000+00:00,,20251020-001.gpx
47.6086332,19.1469914,158.05,2025-10-20 12:48:30.635000+00:00,,20251020-001.gpx
47.6086343,19.1469816,158.04,2025-10-20 12:48:30.817000+00:00,,20251020-001.gpx
47.6086355,19.1469708,158.01,2025-10-20 12:48:31.018000+00:00,,20251020-001.gpx
47.6086367,19.1469613,158.0,2025-10-20 12:48:31.200000+00:00,,20251020-001.gpx
47.608638,19.1469496,157.98,2025-10-20 12:48:31.421000+00:00,,20251020-001.gpx
47.6086393,19.1469387,157.97,2025-10-20 12:48:31.626000+00:00,,20251020-001.gpx
47.6086404,19.1469292,157.97,2025-10-20 12:48:31.807000+00:00,,20251020-001.gpx
47.6086415,19.1469187,157.96,2025-10-20 12:48:32.009000+00:00,,20251020-001.gpx
47.6086427,19.1469084,157.95,2025-10-20 12:48:32.210000+00:00,,20251020-001.gpx
47.6086437,19.1468991,157.94,2025-10-20 12:48:32.392000+00:00,,20251020-001.gpx
47.6086448,19.1468877,157.93,2025-10-20 12:48:32.614000+00:00,,20251020-001.gpx
47.6086458,19.1468774,157.92,2025-10-20 12:48:32.816000+00:00,,20251020-001.gpx
47.6086467,19.1468672,157.91,2025-10-20 12:48:33.017000+00:00,,20251020-001.gpx
47.6086475,19.1468568,157.9,2025-10-20 12:48:33.219000+00:00,,20251020-001.gpx
47.6086483,19.1468462,157.89,2025-10-20 12:48:33.423000+00:00,,20251020-001.gpx
47.6086489,19.1468369,157.88,2025-10-20 12:48:33.605000+00:00,,20251020-001.gpx
47.6086497,19.1468255,157.86,2025-10-20 12:48:33.826000+00:00,,20251020-001.gpx
47.6086504,19.146815,157.85,2025-10-20 12:48:34.026000+00:00,,20251020-001.gpx
47.608651,19.1468047,157.84,2025-10-20 12:48:34.227000+00:00,,20251020-001.gpx
47.6086517,19.1467934,157.82,2025-10-20 12:48:34.441000+00:00,,20251020-001.gpx
47.6086523,19.1467829,157.81,2025-10-20 12:48:34.643000+00:00,,20251020-001.gpx
47.6086529,19.1467722,157.81,2025-10-20 12:48:34.844000+00:00,,20251020-001.gpx
47.6086534,19.1467617,157.81,2025-10-20 12:48:35.045000+00:00,,20251020-001.gpx
47.6086537,19.1467532,157.81,2025-10-20 12:48:35.204000+00:00,,20251020-001.gpx
47.6086542,19.146741,157.8,2025-10-20 12:48:35.430000+00:00,,20251020-001.gpx
47.6086545,19.14673,157.79,2025-10-20 12:48:35.632000+00:00,,20251020-001.gpx
47.6086549,19.1467191,157.78,2025-10-20 12:48:35.833000+00:00,,20251020-001.gpx
47.6086551,19.1467081,157.77,2025-10-20 12:48:36.034000+00:00,,20251020-001.gpx
47.6086553,19.1466971,157.76,2025-10-20 12:48:36.235000+00:00,,20251020-001.gpx
47.6086555,19.1466856,157.74,2025-10-20 12:48:36.445000+00:00,,20251020-001.gpx
47.6086557,19.1466756,157.73,2025-10-20 12:48:36.627000+00:00,,20251020-001.gpx
47.6086558,19.1466647,157.73,2025-10-20 12:48:36.828000+00:00,,20251020-001.gpx
47.6086558,19.1466546,157.73,2025-10-20 12:48:37.008000+00:00,,20251020-001.gpx
47.6086558,19.1466423,157.72,2025-10-20 12:48:37.233000+00:00,,20251020-001.gpx
47.6086557,19.1466307,157.72,2025-10-20 12:48:37.444000+00:00,,20251020-001.gpx
47.6086555,19.1466197,157.71,2025-10-20 12:48:37.646000+00:00,,20251020-001.gpx
47.6086553,19.1466086,157.71,2025-10-20 12:48:37.850000+00:00,,20251020-001.gpx
47.608655,19.1465978,157.7,2025-10-20 12:48:38.052000+00:00,,20251020-001.gpx
47.6086546,19.146587,157.69,2025-10-20 12:48:38.252000+00:00,,20251020-001.gpx
47.6086542,19.1465762,157.69,2025-10-20 12:48:38.455000+00:00,,20251020-001.gpx
47.6086537,19.1465656,157.69,2025-10-20 12:48:38.655000+00:00,,20251020-001.gpx
47.6086533,19.1465551,157.69,2025-10-20 12:48:38.856000+00:00,,20251020-001.gpx
47.6086527,19.1465446,157.69,2025-10-20 12:48:39.056000+00:00,,20251020-001.gpx
47.6086522,19.1465339,157.69,2025-10-20 12:48:39.261000+00:00,,20251020-001.gpx
47.6086516,19.1465234,157.69,2025-10-20 12:48:39.462000+00:00,,20251020-001.gpx
47.608651,19.146513,157.68,2025-10-20 12:48:39.664000+00:00,,20251020-001.gpx
47.6086504,19.1465025,157.67,2025-10-20 12:48:39.866000+00:00,,20251020-001.gpx
47.6086498,19.146492,157.67,2025-10-20 12:48:40.069000+00:00,,20251020-001.gpx
47.6086492,19.1464822,157.67,2025-10-20 12:48:40.262000+00:00,,20251020-001.gpx
47.6086485,19.1464719,157.67,2025-10-20 12:48:40.461000+00:00,,20251020-001.gpx
47.6086478,19.1464614,157.66,2025-10-20 12:48:40.663000+00:00,,20251020-001.gpx
47.6086471,19.1464507,157.65,2025-10-20 12:48:40.865000+00:00,,20251020-001.gpx
47.6086463,19.1464402,157.64,2025-10-20 12:48:41.066000+00:00,,20251020-001.gpx
47.6086457,19.1464317,157.63,2025-10-20 12:48:41.227000+00:00,,20251020-001.gpx
47.6086445,19.1464192,157.63,2025-10-20 12:48:41.470000+00:00,,20251020-001.gpx
47.6086436,19.1464097,157.63,2025-10-20 12:48:41.653000+00:00,,20251020-001.gpx
47.6086424,19.1463991,157.62,2025-10-20 12:48:41.854000+00:00,,20251020-001.gpx
47.6086411,19.1463887,157.61,2025-10-20 12:48:42.054000+00:00,,20251020-001.gpx
47.6086394,19.1463772,157.59,2025-10-20 12:48:42.279000+00:00,,20251020-001.gpx
47.6086376,19.1463669,157.6,2025-10-20 12:48:42.481000+00:00,,20251020-001.gpx
47.6086358,19.1463565,157.59,2025-10-20 12:48:42.684000+00:00,,20251020-001.gpx
47.6086335,19.1463451,157.57,2025-10-20 12:48:42.905000+00:00,,20251020-001.gpx
47.6086317,19.1463367,157.56,2025-10-20 12:48:43.065000+00:00,,20251020-001.gpx
47.6086292,19.1463257,157.55,2025-10-20 12:48:43.277000+00:00,,20251020-001.gpx
47.6086264,19.1463145,157.53,2025-10-20 12:48:43.497000+00:00,,20251020-001.gpx
47.6086236,19.1463042,157.51,2025-10-20 12:48:43.698000+00:00,,20251020-001.gpx
47.6086207,19.146294,157.49,2025-10-20 12:48:43.899000+00:00,,20251020-001.gpx
47.6086183,19.1462859,157.49,2025-10-20 12:48:44.059000+00:00,,20251020-001.gpx
47.6086148,19.1462749,157.47,2025-10-20 12:48:44.286000+00:00,,20251020-001.gpx
47.6086111,19.1462636,157.45,2025-10-20 12:48:44.511000+00:00,,20251020-001.gpx
47.6086075,19.1462535,157.44,2025-10-20 12:48:44.712000+00:00,,20251020-001.gpx
47.6086039,19.1462437,157.42,2025-10-20 12:48:44.914000+00:00,,20251020-001.gpx
47.6086003,19.1462343,157.4,2025-10-20 12:48:45.108000+00:00,,20251020-001.gpx
47.6085968,19.1462259,157.4,2025-10-20 12:48:45.291000+00:00,,20251020-001.gpx
47.6085934,19.1462178,157.39,2025-10-20 12:48:45.472000+00:00,,20251020-001.gpx
47.6085893,19.1462084,157.39,2025-10-20 12:48:45.675000+00:00,,20251020-001.gpx
47.608585,19.1461993,157.39,2025-10-20 12:48:45.879000+00:00,,20251020-001.gpx
47.6085802,19.1461894,157.39,2025-10-20 12:48:46.102000+00:00,,20251020-001.gpx
47.6085757,19.1461807,157.39,2025-10-20 12:48:46.306000+00:00,,20251020-001.gpx
47.6085716,19.1461729,157.38,2025-10-20 12:48:46.492000+00:00,,20251020-001.gpx
47.6085669,19.1461647,157.37,2025-10-20 12:48:46.692000+00:00,,20251020-001.gpx
47.6085621,19.1461567,157.37,2025-10-20 12:48:46.893000+00:00,,20251020-001.gpx
47.608557,19.146149,157.37,2025-10-20 12:48:47.094000+00:00,,20251020-001.gpx
47.6085518,19.1461417,157.37,2025-10-20 12:48:47.293000+00:00,,20251020-001.gpx
47.6085464,19.1461345,157.37,2025-10-20 12:48:47.498000+00:00,,20251020-001.gpx
47.6085408,19.1461277,157.37,2025-10-20 12:48:47.700000+00:00,,20251020-001.gpx
47.6085351,19.146121,157.36,2025-10-20 12:48:47.901000+00:00,,20251020-001.gpx
47.6085291,19.1461147,157.36,2025-10-20 12:48:48.101000+00:00,,20251020-001.gpx
47.6085228,19.1461087,157.37,2025-10-20 12:48:48.306000+00:00,,20251020-001.gpx
47.6085164,19.146103,157.38,2025-10-20 12:48:48.509000+00:00,,20251020-001.gpx
47.6085099,19.1460976,157.38,2025-10-20 12:48:48.712000+00:00,,20251020-001.gpx
47.6085032,19.1460927,157.37,2025-10-20 12:48:48.914000+00:00,,20251020-001.gpx
47.6084962,19.146088,157.37,2025-10-20 12:48:49.116000+00:00,,20251020-001.gpx
47.6084899,19.1460841,157.37,2025-10-20 12:48:49.298000+00:00,,20251020-001.gpx
47.6084827,19.1460801,157.38,2025-10-20 12:48:49.501000+00:00,,20251020-001.gpx
47.608477,19.1460773,157.39,2025-10-20 12:48:49.663000+00:00,,20251020-001.gpx
47.6084683,19.1460734,157.4,2025-10-20 12:48:49.906000+00:00,,20251020-001.gpx
47.6084607,19.1460706,157.41,2025-10-20 12:48:50.108000+00:00,,20251020-001.gpx
47.6084546,19.1460686,157.41,2025-10-20 12:48:50.272000+00:00,,20251020-001.gpx
47.6084458,19.1460661,157.42,2025-10-20 12:48:50.503000+00:00,,20251020-001.gpx
47.6084375,19.1460642,157.44,2025-10-20 12:48:50.726000+00:00,,20251020-001.gpx
47.6084301,19.146063,157.45,2025-10-20 12:48:50.916000+00:00,,20251020-001.gpx
47.6084235,19.1460623,157.47,2025-10-20 12:48:51.087000+00:00,,20251020-001.gpx
47.6084146,19.1460618,157.49,2025-10-20 12:48:51.318000+00:00,,20251020-001.gpx
47.6084076,19.1460619,157.49,2025-10-20 12:48:51.501000+00:00,,20251020-001.gpx
47.6084002,19.1460625,157.49,2025-10-20 12:48:51.703000+00:00,,20251020-001.gpx
47.6083927,19.1460634,157.5,2025-10-20 12:48:51.906000+00:00,,20251020-001.gpx
47.6083852,19.1460645,157.52,2025-10-20 12:48:52.107000+00:00,,20251020-001.gpx
47.6083785,19.1460658,157.52,2025-10-20 12:48:52.291000+00:00,,20251020-001.gpx
47.6083712,19.1460675,157.53,2025-10-20 12:48:52.492000+00:00,,20251020-001.gpx
47.6083639,19.1460696,157.52,2025-10-20 12:48:52.697000+00:00,,20251020-001.gpx
47.6083568,19.1460719,157.51,2025-10-20 12:48:52.899000+00:00,,20251020-001.gpx
47.6083495,19.1460747,157.5,2025-10-20 12:48:53.102000+00:00,,20251020-001.gpx
47.608342,19.1460778,157.5,2025-10-20 12:48:53.313000+00:00,,20251020-001.gpx
47.608335,19.146081,157.49,2025-10-20 12:48:53.516000+00:00,,20251020-001.gpx
47.6083282,19.1460844,157.49,2025-10-20 12:48:53.717000+00:00,,20251020-001.gpx
47.6083213,19.1460881,157.5,2025-10-20 12:48:53.917000+00:00,,20251020-001.gpx
47.6083149,19.1460918,157.5,2025-10-20 12:48:54.105000+00:00,,20251020-001.gpx
47.608309,19.1460953,157.5,2025-10-20 12:48:54.283000+00:00,,20251020-001.gpx
47.6083023,19.1460996,157.5,2025-10-20 12:48:54.486000+00:00,,20251020-001.gpx
47.608295,19.1461047,157.49,2025-10-20 12:48:54.706000+00:00,,20251020-001.gpx
47.6082885,19.1461095,157.5,2025-10-20 12:48:54.906000+00:00,,20251020-001.gpx
47.608282,19.1461147,157.52,2025-10-20 12:48:55.107000+00:00,,20251020-001.gpx
47.608276,19.1461196,157.54,2025-10-20 12:48:55.290000+00:00,,20251020-001.gpx
47.6082689,19.1461259,157.56,2025-10-20 12:48:55.512000+00:00,,20251020-001.gpx
47.6082627,19.1461316,157.56,2025-10-20 12:48:55.713000+00:00,,20251020-001.gpx
47.6082567,19.1461376,157.57,2025-10-20 12:48:55.914000+00:00,,20251020-001.gpx
47.6082504,19.146144,157.58,2025-10-20 12:48:56.115000+00:00,,20251020-001.gpx
47.6082447,19.1461501,157.61,2025-10-20 12:48:56.298000+00:00,,20251020-001.gpx
47.608238,19.1461576,157.65,2025-10-20 12:48:56.519000+00:00,,20251020-001.gpx
47.6082321,19.1461644,157.68,2025-10-20 12:48:56.720000+00:00,,20251020-001.gpx
47.608226,19.1461717,157.71,2025-10-20 12:48:56.922000+00:00,,20251020-001.gpx
47.6082199,19.1461791,157.75,2025-10-20 12:48:57.123000+00:00,,20251020-001.gpx
47.6082143,19.1461861,157.77,2025-10-20 12:48:57.310000+00:00,,20251020-001.gpx
47.6082081,19.146194,157.81,2025-10-20 12:48:57.518000+00:00,,20251020-001.gpx
47.6082024,19.1462016,157.83,2025-10-20 12:48:57.719000+00:00,,20251020-001.gpx
47.6081978,19.1462079,157.85,2025-10-20 12:48:57.879000+00:00,,20251020-001.gpx
47.6081909,19.1462175,157.89,2025-10-20 12:48:58.121000+00:00,,20251020-001.gpx
47.6081862,19.1462245,157.92,2025-10-20 12:48:58.293000+00:00,,20251020-001.gpx
47.6081802,19.1462333,157.95,2025-10-20 12:48:58.513000+00:00,,20251020-001.gpx
47.6081754,19.1462409,157.97,2025-10-20 12:48:58.697000+00:00,,20251020-001.gpx
47.6081702,19.1462494,157.99,2025-10-20 12:48:58.900000+00:00,,20251020-001.gpx
47.6081651,19.146258,158.02,2025-10-20 12:48:59.101000+00:00,,20251020-001.gpx
47.60816,19.1462669,158.04,2025-10-20 12:48:59.310000+00:00,,20251020-001.gpx
47.6081552,19.1462759,158.06,2025-10-20 12:48:59.521000+00:00,,20251020-001.gpx
47.6081508,19.1462845,158.07,2025-10-20 12:48:59.721000+00:00,,20251020-001.gpx
47.6081467,19.1462933,158.09,2025-10-20 12:48:59.921000+00:00,,20251020-001.gpx
47.6081429,19.1463024,158.11,2025-10-20 12:49:00.122000+00:00,,20251020-001.gpx
47.6081393,19.1463117,158.13,2025-10-20 12:49:00.324000+00:00,,20251020-001.gpx
47.6081359,19.1463212,158.15,2025-10-20 12:49:00.525000+00:00,,20251020-001.gpx
47.6081328,19.1463308,158.18,2025-10-20 12:49:00.725000+00:00,,20251020-001.gpx
47.6081302,19.1463396,158.19,2025-10-20 12:49:00.906000+00:00,,20251020-001.gpx
47.6081274,19.1463499,158.21,2025-10-20 12:49:01.110000+00:00,,20251020-001.gpx
47.6081248,19.1463606,158.23,2025-10-20 12:49:01.319000+00:00,,20251020-001.gpx
47.6081225,19.1463708,158.25,2025-10-20 12:49:01.522000+00:00,,20251020-001.gpx
47.6081204,19.1463812,158.26,2025-10-20 12:49:01.723000+00:00,,20251020-001.gpx
47.6081185,19.1463914,158.26,2025-10-20 12:49:01.923000+00:00,,20251020-001.gpx
47.6081169,19.146402,158.28,2025-10-20 12:49:02.124000+00:00,,20251020-001.gpx
47.6081155,19.1464128,158.29,2025-10-20 12:49:02.329000+00:00,,20251020-001.gpx
47.6081144,19.1464233,158.3,2025-10-20 12:49:02.530000+00:00,,20251020-001.gpx
47.6081135,19.1464338,158.3,2025-10-20 12:49:02.731000+00:00,,20251020-001.gpx
47.6081128,19.1464435,158.3,2025-10-20 12:49:02.913000+00:00,,20251020-001.gpx
47.6081123,19.1464544,158.31,2025-10-20 12:49:03.113000+00:00,,20251020-001.gpx
47.608112,19.1464656,158.32,2025-10-20 12:49:03.320000+00:00,,20251020-001.gpx
47.608112,19.1464766,158.34,2025-10-20 12:49:03.520000+00:00,,20251020-001.gpx
47.6081122,19.1464878,158.35,2025-10-20 12:49:03.723000+00:00,,20251020-001.gpx
47.6081127,19.1464991,158.37,2025-10-20 12:49:03.924000+00:00,,20251020-001.gpx
47.6081134,19.1465102,158.39,2025-10-20 12:49:04.124000+00:00,,20251020-001.gpx
47.6081145,19.1465219,158.41,2025-10-20 12:49:04.335000+00:00,,20251020-001.gpx
47.6081155,19.1465321,158.42,2025-10-20 12:49:04.518000+00:00,,20251020-001.gpx
47.6081172,19.1465443,158.42,2025-10-20 12:49:04.740000+00:00,,20251020-001.gpx
47.6081189,19.1465551,158.42,2025-10-20 12:49:04.940000+00:00,,20251020-001.gpx
47.6081208,19.1465659,158.42,2025-10-20 12:49:05.140000+00:00,,20251020-001.gpx
47.608123,19.146577,158.42,2025-10-20 12:49:05.352000+00:00,,20251020-001.gpx
47.6081254,19.1465873,158.43,2025-10-20 12:49:05.553000+00:00,,20251020-001.gpx
47.6081281,19.1465981,158.44,2025-10-20 12:49:05.754000+00:00,,20251020-001.gpx
47.608131,19.1466087,158.44,2025-10-20 12:49:05.956000+00:00,,20251020-001.gpx
47.6081341,19.1466192,158.43,2025-10-20 12:49:06.159000+00:00,,20251020-001.gpx
47.6081369,19.1466279,158.42,2025-10-20 12:49:06.332000+00:00,,20251020-001.gpx
47.6081407,19.1466387,158.42,2025-10-20 12:49:06.553000+00:00,,20251020-001.gpx
47.6081446,19.1466491,158.42,2025-10-20 12:49:06.772000+00:00,,20251020-001.gpx
47.6081481,19.1466576,158.42,2025-10-20 12:49:06.953000+00:00,,20251020-001.gpx
47.6081522,19.1466667,158.41,2025-10-20 12:49:07.153000+00:00,,20251020-001.gpx
47.6081565,19.1466757,158.4,2025-10-20 12:49:07.358000+00:00,,20251020-001.gpx
47.608161,19.1466844,158.38,2025-10-20 12:49:07.558000+00:00,,20251020-001.gpx
47.6081646,19.1466912,158.38,2025-10-20 12:49:07.719000+00:00,,20251020-001.gpx
47.6081694,19.1466995,158.38,2025-10-20 12:49:07.919000+00:00,,20251020-001.gpx
47.6081754,19.1467091,158.37,2025-10-20 12:49:08.159000+00:00,,20251020-001.gpx
47.6081805,19.1467168,158.36,2025-10-20 12:49:08.360000+00:00,,20251020-001.gpx
47.6081858,19.1467242,158.35,2025-10-20 12:49:08.564000+00:00,,20251020-001.gpx
47.6081912,19.1467313,158.35,2025-10-20 12:49:08.765000+00:00,,20251020-001.gpx
47.6081968,19.1467383,158.34,2025-10-20 12:49:08.965000+00:00,,20251020-001.gpx
47.6082014,19.1467437,158.34,2025-10-20 12:49:09.126000+00:00,,20251020-001.gpx
47.608208,19.1467511,158.34,2025-10-20 12:49:09.355000+00:00,,20251020-001.gpx
47.6082132,19.1467566,158.33,2025-10-20 12:49:09.535000+00:00,,20251020-001.gpx
47.6082192,19.1467627,158.33,2025-10-20 12:49:09.735000+00:00,,20251020-001.gpx
47.6082254,19.1467687,158.33,2025-10-20 12:49:09.937000+00:00,,20251020-001.gpx
47.6082315,19.1467745,158.32,2025-10-20 12:49:10.138000+00:00,,20251020-001.gpx
47.6082376,19.1467801,158.32,2025-10-20 12:49:10.339000+00:00,,20251020-001.gpx
47.6082437,19.1467856,158.32,2025-10-20 12:49:10.541000+00:00,,20251020-001.gpx
47.6082501,19.146791,158.31,2025-10-20 12:49:10.740000+00:00,,20251020-001.gpx
47.6082565,19.1467963,158.31,2025-10-20 12:49:10.941000+00:00,,20251020-001.gpx
47.608263,19.1468015,158.31,2025-10-20 12:49:11.141000+00:00,,20251020-001.gpx
47.6082695,19.1468066,158.31,2025-10-20 12:49:11.343000+00:00,,20251020-001.gpx
47.6082761,19.1468116,158.31,2025-10-20 12:49:11.546000+00:00,,20251020-001.gpx
47.6082827,19.1468165,158.31,2025-10-20 12:49:11.746000+00:00,,20251020-001.gpx
47.6082901,19.1468219,158.31,2025-10-20 12:49:11.968000+00:00,,20251020-001.gpx
47.6082961,19.1468262,158.31,2025-10-20 12:49:12.149000+00:00,,20251020-001.gpx
47.6083029,19.1468309,158.31,2025-10-20 12:49:12.355000+00:00,,20251020-001.gpx
47.6083082,19.1468345,158.3,2025-10-20 12:49:12.516000+00:00,,20251020-001.gpx
47.6083164,19.14684,158.29,2025-10-20 12:49:12.757000+00:00,,20251020-001.gpx
47.6083231,19.1468445,158.29,2025-10-20 12:49:12.959000+00:00,,20251020-001.gpx
47.60833,19.146849,158.28,2025-10-20 12:49:13.162000+00:00,,20251020-001.gpx
47.6083369,19.1468534,158.27,2025-10-20 12:49:13.366000+00:00,,20251020-001.gpx
47.6083435,19.1468576,158.27,2025-10-20 12:49:13.566000+00:00,,20251020-001.gpx
47.6083502,19.1468617,158.27,2025-10-20 12:49:13.766000+00:00,,20251020-001.gpx
47.6083569,19.1468658,158.27,2025-10-20 12:49:13.967000+00:00,,20251020-001.gpx
47.608363,19.1468694,158.27,2025-10-20 12:49:14.150000+00:00,,20251020-001.gpx
47.6083704,19.1468736,158.26,2025-10-20 12:49:14.375000+00:00,,20251020-001.gpx
47.6083764,19.1468769,158.26,2025-10-20 12:49:14.556000+00:00,,20251020-001.gpx
47.608384,19.146881,158.25,2025-10-20 12:49:14.777000+00:00,,20251020-001.gpx
47.6083909,19.1468846,158.25,2025-10-20 12:49:14.978000+00:00,,20251020-001.gpx
47.6083978,19.1468881,158.24,2025-10-20 12:49:15.179000+00:00,,20251020-001.gpx
47.6084049,19.1468917,158.23,2025-10-20 12:49:15.386000+00:00,,20251020-001.gpx
47.6084111,19.1468948,158.22,2025-10-20 12:49:15.568000+00:00,,20251020-001.gpx
47.6084189,19.1468988,158.22,2025-10-20 12:49:15.791000+00:00,,20251020-001.gpx
47.608426,19.1469023,158.21,2025-10-20 12:49:15.994000+00:00,,20251020-001.gpx
47.6084328,19.1469055,158.19,2025-10-20 12:49:16.197000+00:00,,20251020-001.gpx
47.6084378,19.1469079,158.19,2025-10-20 12:49:16.341000+00:00,,20251020-001.gpx
47.6084453,19.1469114,158.17,2025-10-20 12:49:16.565000+00:00,,20251020-001.gpx
47.6084529,19.1469148,158.16,2025-10-20 12:49:16.786000+00:00,,20251020-001.gpx
47.6084599,19.1469179,158.15,2025-10-20 12:49:16.988000+00:00,,20251020-001.gpx
47.6084668,19.1469208,158.15,2025-10-20 12:49:17.192000+00:00,,20251020-001.gpx
47.6084735,19.1469234,158.15,2025-10-20 12:49:17.386000+00:00,,20251020-001.gpx
47.6084806,19.146926,158.14,2025-10-20 12:49:17.589000+00:00,,20251020-001.gpx
47.6084875,19.1469283,158.13,2025-10-20 12:49:17.791000+00:00,,20251020-001.gpx
47.6084944,19.1469306,158.11,2025-10-20 12:49:17.992000+00:00,,20251020-001.gpx
47.6085012,19.1469328,158.11,2025-10-20 12:49:18.193000+00:00,,20251020-001.gpx
47.6085079,19.146935,158.11,2025-10-20 12:49:18.395000+00:00,,20251020-001.gpx
47.6085148,19.1469371,158.1,2025-10-20 12:49:18.597000+00:00,,20251020-001.gpx
47.6085218,19.1469391,158.09,2025-10-20 12:49:18.799000+00:00,,20251020-001.gpx
47.6085289,19.1469412,158.09,2025-10-20 12:49:19.001000+00:00,,20251020-001.gpx
47.6085359,19.1469433,158.09,2025-10-20 12:49:19.204000+00:00,,20251020-001.gpx
47.6085429,19.1469454,158.09,2025-10-20 12:49:19.403000+00:00,,20251020-001.gpx
47.6085499,19.1469476,158.09,2025-10-20 12:49:19.605000+00:00,,20251020-001.gpx
47.6085569,19.1469498,158.09,2025-10-20 12:49:19.806000+00:00,,20251020-001.gpx
47.6085641,19.146952,158.09,2025-10-20 12:49:20.007000+00:00,,20251020-001.gpx
47.6085706,19.146954,158.1,2025-10-20 12:49:20.189000+00:00,,20251020-001.gpx
47.6085782,19.1469564,158.1,2025-10-20 12:49:20.402000+00:00,,20251020-001.gpx
47.6085855,19.1469588,158.1,2025-10-20 12:49:20.604000+00:00,,20251020-001.gpx
47.6085935,19.1469615,158.11,2025-10-20 12:49:20.827000+00:00,,20251020-001.gpx
47.6085998,19.1469637,158.11,2025-10-20 12:49:21.010000+00:00,,20251020-001.gpx
47.6086048,19.1469653,158.12,2025-10-20 12:49:21.151000+00:00,,20251020-001.gpx
47.6086142,19.1469682,158.11,2025-10-20 12:49:21.416000+00:00,,20251020-001.gpx
47.60862,19.14697,158.11,2025-10-20 12:49:21.575000+00:00,,20251020-001.gpx
47.6086287,19.1469726,158.12,2025-10-20 12:49:21.816000+00:00,,20251020-001.gpx
47.6086359,19.1469747,158.12,2025-10-20 12:49:22.018000+00:00,,20251020-001.gpx
47.608642,19.1469765,158.13,2025-10-20 12:49:22.199000+00:00,,20251020-001.gpx
47.6086492,19.1469782,158.13,2025-10-20 12:49:22.402000+00:00,,20251020-001.gpx
47.6086562,19.1469798,158.13,2025-10-20 12:49:22.604000+00:00,,20251020-001.gpx
47.6086632,19.1469813,158.14,2025-10-20 12:49:22.806000+00:00,,20251020-001.gpx
47.6086702,19.1469826,158.16,2025-10-20 12:49:23.008000+00:00,,20251020-001.gpx
47.6086774,19.1469835,158.17,2025-10-20 12:49:23.215000+00:00,,20251020-001.gpx
47.608684,19.1469842,158.17,2025-10-20 12:49:23.398000+00:00,,20251020-001.gpx
47.6086914,19.146985,158.17,2025-10-20 12:49:23.600000+00:00,,20251020-001.gpx
47.6086989,19.1469859,158.17,2025-10-20 12:49:23.802000+00:00,,20251020-001.gpx
47.6087054,19.1469869,158.16,2025-10-20 12:49:23.983000+00:00,,20251020-001.gpx
47.6087134,19.1469885,158.16,2025-10-20 12:49:24.204000+00:00,,20251020-001.gpx
47.6087209,19.1469902,158.16,2025-10-20 12:49:24.405000+00:00,,20251020-001.gpx
47.6087283,19.1469924,158.16,2025-10-20 12:49:24.606000+00:00,,20251020-001.gpx
47.6087356,19.1469948,158.16,2025-10-20 12:49:24.808000+00:00,,20251020-001.gpx
47.6087429,19.1469973,158.16,2025-10-20 12:49:25.010000+00:00,,20251020-001.gpx
47.6087487,19.1469994,158.16,2025-10-20 12:49:25.171000+00:00,,20251020-001.gpx
47.6087573,19.1470025,158.16,2025-10-20 12:49:25.416000+00:00,,20251020-001.gpx
47.6087646,19.1470051,158.16,2025-10-20 12:49:25.617000+00:00,,20251020-001.gpx
47.6087719,19.1470077,158.15,2025-10-20 12:49:25.819000+00:00,,20251020-001.gpx
47.608777,19.1470097,158.14,2025-10-20 12:49:25.960000+00:00,,20251020-001.gpx
47.6087846,19.1470126,158.13,2025-10-20 12:49:26.181000+00:00,,20251020-001.gpx
47.6087922,19.1470157,158.12,2025-10-20 12:49:26.404000+00:00,,20251020-001.gpx
47.6087992,19.1470188,158.11,2025-10-20 12:49:26.605000+00:00,,20251020-001.gpx
47.6088062,19.1470219,158.11,2025-10-20 12:49:26.806000+00:00,,20251020-001.gpx
47.608813,19.1470249,158.12,2025-10-20 12:49:27.007000+00:00,,20251020-001.gpx
47.6088199,19.147028,158.12,2025-10-20 12:49:27.208000+00:00,,20251020-001.gpx
47.6088267,19.1470312,158.12,2025-10-20 12:49:27.409000+00:00,,20251020-001.gpx
47.6088336,19.1470345,158.11,2025-10-20 12:49:27.610000+00:00,,20251020-001.gpx
47.6088397,19.1470374,158.11,2025-10-20 12:49:27.790000+00:00,,20251020-001.gpx
47.6088472,19.147041,158.11,2025-10-20 12:49:28.012000+00:00,,20251020-001.gpx
47.6088539,19.1470443,158.11,2025-10-20 12:49:28.215000+00:00,,20251020-001.gpx
47.6088599,19.1470473,158.1,2025-10-20 12:49:28.396000+00:00,,20251020-001.gpx
47.6088667,19.1470509,158.1,2025-10-20 12:49:28.598000+00:00,,20251020-001.gpx
47.6088736,19.1470545,158.09,2025-10-20 12:49:28.801000+00:00,,20251020-001.gpx
47.6088811,19.1470585,158.08,2025-10-20 12:49:29.024000+00:00,,20251020-001.gpx
47.6088879,19.1470622,158.08,2025-10-20 12:49:29.225000+00:00,,20251020-001.gpx
47.6088946,19.147066,158.08,2025-10-20 12:49:29.430000+00:00,,20251020-001.gpx
47.6089013,19.1470699,158.08,2025-10-20 12:49:29.632000+00:00,,20251020-001.gpx
47.6089073,19.1470734,158.08,2025-10-20 12:49:29.812000+00:00,,20251020-001.gpx
47.6089147,19.1470776,158.07,2025-10-20 12:49:30.033000+00:00,,20251020-001.gpx
47.6089206,19.1470811,158.06,2025-10-20 12:49:30.218000+00:00,,20251020-001.gpx
47.6089275,19.1470853,158.05,2025-10-20 12:49:30.424000+00:00,,20251020-001.gpx
47.6089345,19.1470897,158.05,2025-10-20 12:49:30.632000+00:00,,20251020-001.gpx
47.6089414,19.147094,158.05,2025-10-20 12:49:30.833000+00:00,,20251020-001.gpx
47.6089481,19.1470984,158.05,2025-10-20 12:49:31.034000+00:00,,20251020-001.gpx
47.608955,19.147103,158.05,2025-10-20 12:49:31.239000+00:00,,20251020-001.gpx
47.6089617,19.1471075,158.04,2025-10-20 12:49:31.440000+00:00,,20251020-001.gpx
47.6089684,19.1471121,158.03,2025-10-20 12:49:31.641000+00:00,,20251020-001.gpx
47.6089751,19.1471169,158.02,2025-10-20 12:49:31.842000+00:00,,20251020-001.gpx
47.6089816,19.1471217,158.02,2025-10-20 12:49:32.044000+00:00,,20251020-001.gpx
47.6089879,19.1471267,158.01,2025-10-20 12:49:32.245000+00:00,,20251020-001.gpx
47.6089944,19.1471321,158.01,2025-10-20 12:49:32.446000+00:00,,20251020-001.gpx
47.6090008,19.1471377,158.01,2025-10-20 12:49:32.646000+00:00,,20251020-001.gpx
47.6090065,19.1471428,158.02,2025-10-20 12:49:32.827000+00:00,,20251020-001.gpx
47.6090133,19.1471491,158.03,2025-10-20 12:49:33.047000+00:00,,20251020-001.gpx
47.6090195,19.147155,158.03,2025-10-20 12:49:33.249000+00:00,,20251020-001.gpx
47.6090249,19.1471604,158.04,2025-10-20 12:49:33.429000+00:00,,20251020-001.gpx
47.609031,19.1471665,158.03,2025-10-20 12:49:33.632000+00:00,,20251020-001.gpx
47.6090364,19.147172,158.03,2025-10-20 12:49:33.813000+00:00,,20251020-001.gpx
47.609043,19.1471788,158.02,2025-10-20 12:49:34.033000+00:00,,20251020-001.gpx
47.6090477,19.1471838,158.01,2025-10-20 12:49:34.193000+00:00,,20251020-001.gpx
47.6090536,19.1471902,158.0,2025-10-20 12:49:34.396000+00:00,,20251020-001.gpx
47.6090594,19.1471966,157.99,2025-10-20 12:49:34.598000+00:00,,20251020-001.gpx
47.6090662,19.1472045,157.99,2025-10-20 12:49:34.839000+00:00,,20251020-001.gpx
47.6090719,19.1472112,157.99,2025-10-20 12:49:35.040000+00:00,,20251020-001.gpx
47.6090777,19.1472186,158.0,2025-10-20 12:49:35.250000+00:00,,20251020-001.gpx
47.6090822,19.1472245,158.01,2025-10-20 12:49:35.413000+00:00,,20251020-001.gpx
47.6090877,19.1472319,158.02,2025-10-20 12:49:35.616000+00:00,,20251020-001.gpx
47.6090929,19.1472393,158.04,2025-10-20 12:49:35.816000+00:00,,20251020-001.gpx
47.6090985,19.1472476,158.06,2025-10-20 12:49:36.038000+00:00,,20251020-001.gpx
47.6091025,19.1472535,158.07,2025-10-20 12:49:36.197000+00:00,,20251020-001.gpx
47.6091079,19.1472622,158.07,2025-10-20 12:49:36.420000+00:00,,20251020-001.gpx
47.6091125,19.1472702,158.08,2025-10-20 12:49:36.620000+00:00,,20251020-001.gpx
47.6091174,19.1472792,158.1,2025-10-20 12:49:36.841000+00:00,,20251020-001.gpx
47.6091217,19.1472878,158.11,2025-10-20 12:49:37.041000+00:00,,20251020-001.gpx
47.609126,19.1472967,158.12,2025-10-20 12:49:37.245000+00:00,,20251020-001.gpx
47.6091297,19.147305,158.12,2025-10-20 12:49:37.426000+00:00,,20251020-001.gpx
47.6091339,19.1473153,158.13,2025-10-20 12:49:37.648000+00:00,,20251020-001.gpx
47.6091373,19.147324,158.13,2025-10-20 12:49:37.829000+00:00,,20251020-001.gpx
47.6091412,19.1473349,158.11,2025-10-20 12:49:38.050000+00:00,,20251020-001.gpx
47.6091447,19.1473452,158.1,2025-10-20 12:49:38.254000+00:00,,20251020-001.gpx
47.6091474,19.1473536,158.1,2025-10-20 12:49:38.416000+00:00,,20251020-001.gpx
47.6091508,19.1473653,158.09,2025-10-20 12:49:38.636000+00:00,,20251020-001.gpx
47.6091538,19.1473761,158.09,2025-10-20 12:49:38.839000+00:00,,20251020-001.gpx
47.6091564,19.1473864,158.1,2025-10-20 12:49:39.040000+00:00,,20251020-001.gpx
47.6091589,19.1473973,158.11,2025-10-20 12:49:39.250000+00:00,,20251020-001.gpx
47.6091609,19.1474082,158.1,2025-10-20 12:49:39.453000+00:00,,20251020-001.gpx
47.6091626,19.1474188,158.1,2025-10-20 12:49:39.655000+00:00,,20251020-001.gpx
47.609164,19.1474293,158.1,2025-10-20 12:49:39.858000+00:00,,20251020-001.gpx
47.609165,19.1474399,158.09,2025-10-20 12:49:40.059000+00:00,,20251020-001.gpx
47.6091656,19.1474496,158.07,2025-10-20 12:49:40.243000+00:00,,20251020-001.gpx
47.6091658,19.1474592,158.07,2025-10-20 12:49:40.425000+00:00,,20251020-001.gpx
47.6091657,19.1474698,158.07,2025-10-20 12:49:40.626000+00:00,,20251020-001.gpx
47.6091652,19.1474816,158.06,2025-10-20 12:49:40.849000+00:00,,20251020-001.gpx
47.6091645,19.1474916,158.05,2025-10-20 12:49:41.049000+00:00,,20251020-001.gpx
47.6091636,19.1475011,158.03,2025-10-20 12:49:41.231000+00:00,,20251020-001.gpx
47.6091621,19.1475127,158.03,2025-10-20 12:49:41.452000+00:00,,20251020-001.gpx
47.6091605,19.1475232,158.07,2025-10-20 12:49:41.655000+00:00,,20251020-001.gpx
47.6091587,19.1475336,158.1,2025-10-20 12:49:41.855000+00:00,,20251020-001.gpx
47.6091566,19.147544,158.14,2025-10-20 12:49:42.056000+00:00,,20251020-001.gpx
47.6091544,19.1475539,158.16,2025-10-20 12:49:42.245000+00:00,,20251020-001.gpx
47.6091519,19.1475641,158.18,2025-10-20 12:49:42.438000+00:00,,20251020-001.gpx
47.609149,19.1475748,158.19,2025-10-20 12:49:42.640000+00:00,,20251020-001.gpx
47.609146,19.1475854,158.2,2025-10-20 12:49:42.841000+00:00,,20251020-001.gpx
47.6091425,19.1475967,158.21,2025-10-20 12:49:43.050000+00:00,,20251020-001.gpx
47.6091389,19.1476074,158.22,2025-10-20 12:49:43.249000+00:00,,20251020-001.gpx
47.609135,19.1476181,158.22,2025-10-20 12:49:43.449000+00:00,,20251020-001.gpx
47.609131,19.1476285,158.23,2025-10-20 12:49:43.652000+00:00,,20251020-001.gpx
47.6091267,19.1476387,158.23,2025-10-20 12:49:43.852000+00:00,,20251020-001.gpx
47.6091223,19.1476488,158.24,2025-10-20 12:49:44.054000+00:00,,20251020-001.gpx
47.6091176,19.1476588,158.24,2025-10-20 12:49:44.260000+00:00,,20251020-001.gpx
47.6091134,19.1476675,158.24,2025-10-20 12:49:44.442000+00:00,,20251020-001.gpx
47.6091091,19.1476759,158.24,2025-10-20 12:49:44.624000+00:00,,20251020-001.gpx
47.6091044,19.1476847,158.24,2025-10-20 12:49:44.826000+00:00,,20251020-001.gpx
47.6090996,19.1476935,158.23,2025-10-20 12:49:45.026000+00:00,,20251020-001.gpx
47.6090942,19.147703,158.22,2025-10-20 12:49:45.252000+00:00,,20251020-001.gpx
47.6090892,19.1477113,158.23,2025-10-20 12:49:45.452000+00:00,,20251020-001.gpx
47.6090843,19.1477195,158.24,2025-10-20 12:49:45.654000+00:00,,20251020-001.gpx
47.6090792,19.1477276,158.24,2025-10-20 12:49:45.857000+00:00,,20251020-001.gpx
47.6090742,19.1477352,158.24,2025-10-20 12:49:46.059000+00:00,,20251020-001.gpx
47.6090695,19.1477419,158.24,2025-10-20 12:49:46.241000+00:00,,20251020-001.gpx
47.6090642,19.1477489,158.25,2025-10-20 12:49:46.443000+00:00,,20251020-001.gpx
47.6090587,19.1477558,158.27,2025-10-20 12:49:46.646000+00:00,,20251020-001.gpx
47.6090526,19.1477631,158.3,2025-10-20 12:49:46.866000+00:00,,20251020-001.gpx
47.6090469,19.1477696,158.31,2025-10-20 12:49:47.067000+00:00,,20251020-001.gpx
47.6090425,19.1477746,158.32,2025-10-20 12:49:47.229000+00:00,,20251020-001.gpx
47.6090361,19.1477815,158.36,2025-10-20 12:49:47.452000+00:00,,20251020-001.gpx
47.6090303,19.1477876,158.4,2025-10-20 12:49:47.655000+00:00,,20251020-001.gpx
47.6090243,19.1477938,158.43,2025-10-20 12:49:47.857000+00:00,,20251020-001.gpx
47.6090182,19.1477997,158.45,2025-10-20 12:49:48.058000+00:00,,20251020-001.gpx
47.6090115,19.1478058,158.47,2025-10-20 12:49:48.270000+00:00,,20251020-001.gpx
47.6090051,19.1478116,158.5,2025-10-20 12:49:48.476000+00:00,,20251020-001.gpx
47.6089986,19.1478172,158.52,2025-10-20 12:49:48.675000+00:00,,20251020-001.gpx
47.608992,19.1478228,158.52,2025-10-20 12:49:48.876000+00:00,,20251020-001.gpx
47.6089852,19.1478284,158.51,2025-10-20 12:49:49.077000+00:00,,20251020-001.gpx
47.608978,19.147834,158.52,2025-10-20 12:49:49.289000+00:00,,20251020-001.gpx
47.6089711,19.147839,158.53,2025-10-20 12:49:49.490000+00:00,,20251020-001.gpx
47.6089641,19.1478436,158.54,2025-10-20 12:49:49.690000+00:00,,20251020-001.gpx
47.608957,19.1478481,158.55,2025-10-20 12:49:49.890000+00:00,,20251020-001.gpx
47.6089498,19.1478524,158.56,2025-10-20 12:49:50.092000+00:00,,20251020-001.gpx
47.6089431,19.147856,158.57,2025-10-20 12:49:50.276000+00:00,,20251020-001.gpx
47.6089357,19.1478599,158.59,2025-10-20 12:49:50.480000+00:00,,20251020-001.gpx
47.6089284,19.1478638,158.63,2025-10-20 12:49:50.682000+00:00,,20251020-001.gpx
47.6089211,19.1478675,158.64,2025-10-20 12:49:50.884000+00:00,,20251020-001.gpx
47.6089138,19.1478711,158.64,2025-10-20 12:49:51.085000+00:00,,20251020-001.gpx
47.608906,19.1478745,158.64,2025-10-20 12:49:51.297000+00:00,,20251020-001.gpx
47.6088987,19.1478773,158.64,2025-10-20 12:49:51.499000+00:00,,20251020-001.gpx
47.608892,19.1478794,158.64,2025-10-20 12:49:51.680000+00:00,,20251020-001.gpx
47.6088845,19.1478813,158.65,2025-10-20 12:49:51.881000+00:00,,20251020-001.gpx
47.6088793,19.1478824,158.66,2025-10-20 12:49:52.022000+00:00,,20251020-001.gpx
47.6088714,19.1478836,158.67,2025-10-20 12:49:52.245000+00:00,,20251020-001.gpx
47.6088626,19.1478844,158.66,2025-10-20 12:49:52.488000+00:00,,20251020-001.gpx
47.6088554,19.1478845,158.67,2025-10-20 12:49:52.689000+00:00,,20251020-001.gpx
47.6088474,19.1478841,158.69,2025-10-20 12:49:52.911000+00:00,,20251020-001.gpx
47.6088409,19.1478833,158.68,2025-10-20 12:49:53.092000+00:00,,20251020-001.gpx
47.6088336,19.147882,158.68,2025-10-20 12:49:53.297000+00:00,,20251020-001.gpx
47.6088266,19.1478804,158.68,2025-10-20 12:49:53.497000+00:00,,20251020-001.gpx
47.6088194,19.1478785,158.69,2025-10-20 12:49:53.699000+00:00,,20251020-001.gpx
47.6088122,19.1478761,158.68,2025-10-20 12:49:53.901000+00:00,,20251020-001.gpx
47.6088052,19.1478734,158.67,2025-10-20 12:49:54.103000+00:00,,20251020-001.gpx
47.6087979,19.1478703,158.67,2025-10-20 12:49:54.305000+00:00,,20251020-001.gpx
47.6087918,19.1478675,158.66,2025-10-20 12:49:54.486000+00:00,,20251020-001.gpx
47.6087847,19.1478639,158.66,2025-10-20 12:49:54.690000+00:00,,20251020-001.gpx
47.6087777,19.1478597,158.65,2025-10-20 12:49:54.892000+00:00,,20251020-001.gpx
47.6087707,19.147855,158.64,2025-10-20 12:49:55.096000+00:00,,20251020-001.gpx
47.6087638,19.1478496,158.64,2025-10-20 12:49:55.301000+00:00,,20251020-001.gpx
47.608757,19.1478438,158.62,2025-10-20 12:49:55.504000+00:00,,20251020-001.gpx
47.6087504,19.1478378,158.62,2025-10-20 12:49:55.706000+00:00,,20251020-001.gpx
47.6087439,19.1478315,158.61,2025-10-20 12:49:55.906000+00:00,,20251020-001.gpx
47.6087376,19.1478249,158.61,2025-10-20 12:49:56.105000+00:00,,20251020-001.gpx
47.6087325,19.1478193,158.62,2025-10-20 12:49:56.270000+00:00,,20251020-001.gpx
47.6087257,19.1478112,158.63,2025-10-20 12:49:56.495000+00:00,,20251020-001.gpx
47.6087197,19.1478035,158.65,2025-10-20 12:49:56.700000+00:00,,20251020-001.gpx
47.6087145,19.1477964,158.65,2025-10-20 12:49:56.885000+00:00,,20251020-001.gpx
47.6087092,19.1477887,158.66,2025-10-20 12:49:57.085000+00:00,,20251020-001.gpx
47.6087042,19.147781,158.67,2025-10-20 12:49:57.287000+00:00,,20251020-001.gpx
47.6086992,19.1477724,158.67,2025-10-20 12:49:57.487000+00:00,,20251020-001.gpx
47.608694,19.1477628,158.67,2025-10-20 12:49:57.709000+00:00,,20251020-001.gpx
47.6086891,19.1477528,158.68,2025-10-20 12:49:57.930000+00:00,,20251020-001.gpx
47.6086854,19.1477446,158.68,2025-10-20 12:49:58.111000+00:00,,20251020-001.gpx
47.6086818,19.1477361,158.65,2025-10-20 12:49:58.293000+00:00,,20251020-001.gpx
47.6086773,19.1477253,158.65,2025-10-20 12:49:58.514000+00:00,,20251020-001.gpx
47.6086736,19.1477163,158.66,2025-10-20 12:49:58.695000+00:00,,20251020-001.gpx
47.6086697,19.1477062,158.66,2025-10-20 12:49:58.899000+00:00,,20251020-001.gpx
47.6086656,19.1476952,158.66,2025-10-20 12:49:59.120000+00:00,,20251020-001.gpx
47.6086621,19.1476854,158.65,2025-10-20 12:49:59.313000+00:00,,20251020-001.gpx
47.6086587,19.1476755,158.65,2025-10-20 12:49:59.516000+00:00,,20251020-001.gpx
47.6086554,19.1476654,158.67,2025-10-20 12:49:59.717000+00:00,,20251020-001.gpx
47.6086522,19.1476551,158.68,2025-10-20 12:49:59.919000+00:00,,20251020-001.gpx
47.6086493,19.1476449,158.69,2025-10-20 12:50:00.121000+00:00,,20251020-001.gpx
47.6086464,19.147634,158.68,2025-10-20 12:50:00.334000+00:00,,20251020-001.gpx
47.6086439,19.1476237,158.68,2025-10-20 12:50:00.534000+00:00,,20251020-001.gpx
47.6086417,19.1476135,158.68,2025-10-20 12:50:00.736000+00:00,,20251020-001.gpx
47.6086396,19.147603,158.68,2025-10-20 12:50:00.938000+00:00,,20251020-001.gpx
47.6086379,19.1475939,158.68,2025-10-20 12:50:01.120000+00:00,,20251020-001.gpx
47.6086363,19.1475842,158.67,2025-10-20 12:50:01.315000+00:00,,20251020-001.gpx
47.6086342,19.1475725,158.64,2025-10-20 12:50:01.539000+00:00,,20251020-001.gpx
47.6086324,19.147562,158.62,2025-10-20 12:50:01.742000+00:00,,20251020-001.gpx
47.6086307,19.1475514,158.61,2025-10-20 12:50:01.944000+00:00,,20251020-001.gpx
47.6086291,19.1475409,158.6,2025-10-20 12:50:02.145000+00:00,,20251020-001.gpx
47.6086276,19.1475307,158.58,2025-10-20 12:50:02.336000+00:00,,20251020-001.gpx
47.6086261,19.1475201,158.57,2025-10-20 12:50:02.537000+00:00,,20251020-001.gpx
47.6086247,19.1475094,158.56,2025-10-20 12:50:02.739000+00:00,,20251020-001.gpx
47.6086233,19.1474977,158.55,2025-10-20 12:50:02.959000+00:00,,20251020-001.gpx
47.6086223,19.1474884,158.53,2025-10-20 12:50:03.139000+00:00,,20251020-001.gpx
47.6086212,19.1474777,158.52,2025-10-20 12:50:03.348000+00:00,,20251020-001.gpx
47.6086202,19.1474669,158.5,2025-10-20 12:50:03.552000+00:00,,20251020-001.gpx
47.6086194,19.147457,158.48,2025-10-20 12:50:03.736000+00:00,,20251020-001.gpx
47.6086186,19.1474464,158.46,2025-10-20 12:50:03.937000+00:00,,20251020-001.gpx
47.6086179,19.1474354,158.45,2025-10-20 12:50:04.138000+00:00,,20251020-001.gpx
47.6086174,19.1474274,158.44,2025-10-20 12:50:04.293000+00:00,,20251020-001.gpx
47.6086167,19.1474152,158.43,2025-10-20 12:50:04.519000+00:00,,20251020-001.gpx
47.6086161,19.1474031,158.43,2025-10-20 12:50:04.741000+00:00,,20251020-001.gpx
47.6086156,19.1473932,158.42,2025-10-20 12:50:04.923000+00:00,,20251020-001.gpx
47.6086152,19.1473824,158.41,2025-10-20 12:50:05.123000+00:00,,20251020-001.gpx
47.6086148,19.1473705,158.39,2025-10-20 12:50:05.346000+00:00,,20251020-001.gpx
47.6086145,19.1473609,158.38,2025-10-20 12:50:05.526000+00:00,,20251020-001.gpx
47.6086142,19.1473491,158.36,2025-10-20 12:50:05.748000+00:00,,20251020-001.gpx
47.608614,19.1473394,158.36,2025-10-20 12:50:05.930000+00:00,,20251020-001.gpx
47.6086139,19.1473278,158.35,2025-10-20 12:50:06.151000+00:00,,20251020-001.gpx
47.6086138,19.147319,158.33,2025-10-20 12:50:06.320000+00:00,,20251020-001.gpx
47.6086137,19.1473072,158.32,2025-10-20 12:50:06.540000+00:00,,20251020-001.gpx
47.6086137,19.1472967,158.3,2025-10-20 12:50:06.740000+00:00,,20251020-001.gpx
47.6086137,19.1472862,158.28,2025-10-20 12:50:06.941000+00:00,,20251020-001.gpx
47.6086137,19.1472757,158.27,2025-10-20 12:50:07.141000+00:00,,20251020-001.gpx
47.6086138,19.1472649,158.25,2025-10-20 12:50:07.351000+00:00,,20251020-001.gpx
47.6086139,19.1472541,158.24,2025-10-20 12:50:07.555000+00:00,,20251020-001.gpx
47.608614,19.1472433,158.23,2025-10-20 12:50:07.757000+00:00,,20251020-001.gpx
47.6086142,19.1472337,158.22,2025-10-20 12:50:07.939000+00:00,,20251020-001.gpx
47.6086143,19.147223,158.2,2025-10-20 12:50:08.141000+00:00,,20251020-001.gpx
47.6086145,19.1472116,158.18,2025-10-20 12:50:08.352000+00:00,,20251020-001.gpx
47.6086148,19.1472007,158.17,2025-10-20 12:50:08.553000+00:00,,20251020-001.gpx
47.608615,19.1471899,158.15,2025-10-20 12:50:08.754000+00:00,,20251020-001.gpx
47.6086152,19.1471791,158.14,2025-10-20 12:50:08.955000+00:00,,20251020-001.gpx
47.6086154,19.1471687,158.13,2025-10-20 12:50:09.156000+00:00,,20251020-001.gpx
47.6086157,19.1471578,158.12,2025-10-20 12:50:09.360000+00:00,,20251020-001.gpx
47.6086161,19.147148,158.11,2025-10-20 12:50:09.542000+00:00,,20251020-001.gpx
47.6086167,19.1471373,158.1,2025-10-20 12:50:09.742000+00:00,,20251020-001.gpx
47.6086176,19.1471263,158.08,2025-10-20 12:50:09.943000+00:00,,20251020-001.gpx
47.6086185,19.1471151,158.07,2025-10-20 12:50:10.143000+00:00,,20251020-001.gpx
47.6086196,19.1471041,158.05,2025-10-20 12:50:10.347000+00:00,,20251020-001.gpx
47.6086207,19.1470943,158.03,2025-10-20 12:50:10.529000+00:00,,20251020-001.gpx
47.608622,19.1470824,158.01,2025-10-20 12:50:10.750000+00:00,,20251020-001.gpx
47.6086232,19.1470718,158.0,2025-10-20 12:50:10.950000+00:00,,20251020-001.gpx
47.6086242,19.1470616,157.98,2025-10-20 12:50:11.150000+00:00,,20251020-001.gpx
47.6086254,19.1470507,157.98,2025-10-20 12:50:11.358000+00:00,,20251020-001.gpx
47.6086265,19.1470402,157.97,2025-10-20 12:50:11.560000+00:00,,20251020-001.gpx
47.6086276,19.1470298,157.96,2025-10-20 12:50:11.763000+00:00,,20251020-001.gpx
47.6086287,19.1470197,157.94,2025-10-20 12:50:11.963000+00:00,,20251020-001.gpx
47.6086297,19.1470107,157.94,2025-10-20 12:50:12.145000+00:00,,20251020-001.gpx
47.6086309,19.1470004,157.94,2025-10-20 12:50:12.346000+00:00,,20251020-001.gpx
47.6086322,19.1469888,157.92,2025-10-20 12:50:12.570000+00:00,,20251020-001.gpx
47.6086333,19.1469783,157.91,2025-10-20 12:50:12.771000+00:00,,20251020-001.gpx
47.6086345,19.1469675,157.9,2025-10-20 12:50:12.972000+00:00,,20251020-001.gpx
47.6086357,19.1469566,157.88,2025-10-20 12:50:13.176000+00:00,,20251020-001.gpx
47.6086369,19.1469454,157.87,2025-10-20 12:50:13.380000+00:00,,20251020-001.gpx
47.6086382,19.1469344,157.86,2025-10-20 12:50:13.583000+00:00,,20251020-001.gpx
47.6086395,19.1469238,157.84,2025-10-20 12:50:13.784000+00:00,,20251020-001.gpx
47.6086407,19.1469137,157.82,2025-10-20 12:50:13.986000+00:00,,20251020-001.gpx
47.6086419,19.1469034,157.8,2025-10-20 12:50:14.187000+00:00,,20251020-001.gpx
47.608643,19.1468936,157.8,2025-10-20 12:50:14.372000+00:00,,20251020-001.gpx
47.608644,19.146883,157.81,2025-10-20 12:50:14.576000+00:00,,20251020-001.gpx
47.6086449,19.1468723,157.81,2025-10-20 12:50:14.777000+00:00,,20251020-001.gpx
47.6086457,19.1468617,157.82,2025-10-20 12:50:14.981000+00:00,,20251020-001.gpx
47.6086463,19.1468511,157.82,2025-10-20 12:50:15.186000+00:00,,20251020-001.gpx
47.608647,19.1468405,157.82,2025-10-20 12:50:15.390000+00:00,,20251020-001.gpx
47.6086475,19.1468306,157.83,2025-10-20 12:50:15.577000+00:00,,20251020-001.gpx
47.6086481,19.1468208,157.84,2025-10-20 12:50:15.759000+00:00,,20251020-001.gpx
47.6086488,19.1468091,157.83,2025-10-20 12:50:15.982000+00:00,,20251020-001.gpx
47.6086494,19.1467996,157.82,2025-10-20 12:50:16.162000+00:00,,20251020-001.gpx
47.6086501,19.1467879,157.81,2025-10-20 12:50:16.386000+00:00,,20251020-001.gpx
47.6086506,19.1467783,157.81,2025-10-20 12:50:16.568000+00:00,,20251020-001.gpx
47.6086512,19.1467675,157.81,2025-10-20 12:50:16.770000+00:00,,20251020-001.gpx
47.6086518,19.146757,157.82,2025-10-20 12:50:16.972000+00:00,,20251020-001.gpx
47.6086524,19.1467465,157.82,2025-10-20 12:50:17.174000+00:00,,20251020-001.gpx
47.608653,19.1467357,157.82,2025-10-20 12:50:17.377000+00:00,,20251020-001.gpx
47.6086536,19.1467248,157.83,2025-10-20 12:50:17.580000+00:00,,20251020-001.gpx
47.6086541,19.1467147,157.84,2025-10-20 12:50:17.762000+00:00,,20251020-001.gpx
47.6086546,19.1467036,157.84,2025-10-20 12:50:17.963000+00:00,,20251020-001.gpx
47.6086552,19.1466914,157.83,2025-10-20 12:50:18.183000+00:00,,20251020-001.gpx
47.6086555,19.1466804,157.83,2025-10-20 12:50:18.385000+00:00,,20251020-001.gpx
47.6086557,19.1466695,157.83,2025-10-20 12:50:18.587000+00:00,,20251020-001.gpx
47.6086559,19.1466584,157.83,2025-10-20 12:50:18.790000+00:00,,20251020-001.gpx
47.608656,19.1466476,157.83,2025-10-20 12:50:18.992000+00:00,,20251020-001.gpx
47.6086561,19.1466367,157.82,2025-10-20 12:50:19.196000+00:00,,20251020-001.gpx
47.6086561,19.1466266,157.83,2025-10-20 12:50:19.385000+00:00,,20251020-001.gpx
47.608656,19.1466151,157.83,2025-10-20 12:50:19.606000+00:00,,20251020-001.gpx
47.6086559,19.1466055,157.83,2025-10-20 12:50:19.787000+00:00,,20251020-001.gpx
47.6086557,19.1465961,157.82,2025-10-20 12:50:19.967000+00:00,,20251020-001.gpx
47.6086555,19.1465843,157.81,2025-10-20 12:50:20.190000+00:00,,20251020-001.gpx
47.6086552,19.1465743,157.81,2025-10-20 12:50:20.383000+00:00,,20251020-001.gpx
47.6086549,19.1465635,157.81,2025-10-20 12:50:20.586000+00:00,,20251020-001.gpx
47.6086545,19.1465526,157.8,2025-10-20 12:50:20.788000+00:00,,20251020-001.gpx
47.608654,19.1465418,157.79,2025-10-20 12:50:20.989000+00:00,,20251020-001.gpx
47.6086536,19.1465307,157.77,2025-10-20 12:50:21.192000+00:00,,20251020-001.gpx
47.6086532,19.1465199,157.75,2025-10-20 12:50:21.395000+00:00,,20251020-001.gpx
47.6086526,19.146509,157.73,2025-10-20 12:50:21.597000+00:00,,20251020-001.gpx
47.6086518,19.1464981,157.71,2025-10-20 12:50:21.799000+00:00,,20251020-001.gpx
47.6086509,19.1464873,157.7,2025-10-20 12:50:22.001000+00:00,,20251020-001.gpx
47.6086501,19.1464788,157.7,2025-10-20 12:50:22.164000+00:00,,20251020-001.gpx
47.608649,19.1464672,157.7,2025-10-20 12:50:22.388000+00:00,,20251020-001.gpx
47.6086478,19.1464564,157.7,2025-10-20 12:50:22.590000+00:00,,20251020-001.gpx
47.6086465,19.1464459,157.7,2025-10-20 12:50:22.791000+00:00,,20251020-001.gpx
47.6086452,19.1464352,157.7,2025-10-20 12:50:22.993000+00:00,,20251020-001.gpx
47.608644,19.1464258,157.69,2025-10-20 12:50:23.175000+00:00,,20251020-001.gpx
47.6086426,19.146415,157.68,2025-10-20 12:50:23.385000+00:00,,20251020-001.gpx
47.6086413,19.1464057,157.67,2025-10-20 12:50:23.565000+00:00,,20251020-001.gpx
47.6086396,19.1463944,157.66,2025-10-20 12:50:23.787000+00:00,,20251020-001.gpx
47.6086381,19.1463852,157.66,2025-10-20 12:50:23.966000+00:00,,20251020-001.gpx
47.6086364,19.1463747,157.65,2025-10-20 12:50:24.171000+00:00,,20251020-001.gpx
47.6086343,19.1463635,157.64,2025-10-20 12:50:24.400000+00:00,,20251020-001.gpx
47.6086327,19.1463555,157.63,2025-10-20 12:50:24.562000+00:00,,20251020-001.gpx
47.6086304,19.1463443,157.61,2025-10-20 12:50:24.783000+00:00,,20251020-001.gpx
47.6086281,19.1463341,157.6,2025-10-20 12:50:24.985000+00:00,,20251020-001.gpx
47.6086256,19.146324,157.59,2025-10-20 12:50:25.186000+00:00,,20251020-001.gpx
47.608623,19.1463133,157.58,2025-10-20 12:50:25.404000+00:00,,20251020-001.gpx
47.6086203,19.1463032,157.58,2025-10-20 12:50:25.607000+00:00,,20251020-001.gpx
47.6086176,19.1462932,157.58,2025-10-20 12:50:25.810000+00:00,,20251020-001.gpx
47.6086147,19.1462831,157.57,2025-10-20 12:50:26.012000+00:00,,20251020-001.gpx
47.6086123,19.1462751,157.56,2025-10-20 12:50:26.173000+00:00,,20251020-001.gpx
47.6086089,19.1462637,157.55,2025-10-20 12:50:26.403000+00:00,,20251020-001.gpx
47.6086058,19.1462536,157.54,2025-10-20 12:50:26.606000+00:00,,20251020-001.gpx
47.6086029,19.1462447,157.52,2025-10-20 12:50:26.785000+00:00,,20251020-001.gpx
47.6085992,19.146234,157.5,2025-10-20 12:50:27.007000+00:00,,20251020-001.gpx
47.6085957,19.1462246,157.48,2025-10-20 12:50:27.208000+00:00,,20251020-001.gpx
47.6085921,19.146215,157.47,2025-10-20 12:50:27.412000+00:00,,20251020-001.gpx
47.6085885,19.146206,157.46,2025-10-20 12:50:27.613000+00:00,,20251020-001.gpx
47.6085846,19.1461968,157.44,2025-10-20 12:50:27.815000+00:00,,20251020-001.gpx
47.6085809,19.1461885,157.43,2025-10-20 12:50:27.996000+00:00,,20251020-001.gpx
47.6085763,19.1461794,157.4,2025-10-20 12:50:28.202000+00:00,,20251020-001.gpx
47.6085716,19.1461708,157.39,2025-10-20 12:50:28.406000+00:00,,20251020-001.gpx
47.6085666,19.1461622,157.37,2025-10-20 12:50:28.608000+00:00,,20251020-001.gpx
47.6085614,19.1461539,157.35,2025-10-20 12:50:28.809000+00:00,,20251020-001.gpx
47.6085559,19.1461458,157.33,2025-10-20 12:50:29.009000+00:00,,20251020-001.gpx
47.6085503,19.146138,157.32,2025-10-20 12:50:29.211000+00:00,,20251020-001.gpx
47.6085445,19.1461307,157.3,2025-10-20 12:50:29.413000+00:00,,20251020-001.gpx
47.6085386,19.1461238,157.3,2025-10-20 12:50:29.615000+00:00,,20251020-001.gpx
47.6085322,19.1461168,157.29,2025-10-20 12:50:29.819000+00:00,,20251020-001.gpx
47.6085255,19.1461102,157.3,2025-10-20 12:50:30.021000+00:00,,20251020-001.gpx
47.6085207,19.1461057,157.3,2025-10-20 12:50:30.163000+00:00,,20251020-001.gpx
47.6085132,19.1460991,157.29,2025-10-20 12:50:30.385000+00:00,,20251020-001.gpx
47.6085055,19.1460931,157.29,2025-10-20 12:50:30.607000+00:00,,20251020-001.gpx
47.6084994,19.1460887,157.28,2025-10-20 12:50:30.787000+00:00,,20251020-001.gpx
47.6084923,19.1460838,157.28,2025-10-20 12:50:30.988000+00:00,,20251020-001.gpx
47.6084843,19.1460789,157.28,2025-10-20 12:50:31.210000+00:00,,20251020-001.gpx
47.6084774,19.1460752,157.28,2025-10-20 12:50:31.403000+00:00,,20251020-001.gpx
47.6084702,19.1460717,157.29,2025-10-20 12:50:31.606000+00:00,,20251020-001.gpx
47.6084628,19.1460687,157.28,2025-10-20 12:50:31.807000+00:00,,20251020-001.gpx
47.608457,19.1460666,157.26,2025-10-20 12:50:31.968000+00:00,,20251020-001.gpx
47.6084481,19.1460639,157.25,2025-10-20 12:50:32.211000+00:00,,20251020-001.gpx
47.6084407,19.1460623,157.23,2025-10-20 12:50:32.415000+00:00,,20251020-001.gpx
47.608434,19.1460614,157.23,2025-10-20 12:50:32.596000+00:00,,20251020-001.gpx
47.6084258,19.1460608,157.22,2025-10-20 12:50:32.817000+00:00,,20251020-001.gpx
47.6084183,19.1460607,157.22,2025-10-20 12:50:33.017000+00:00,,20251020-001.gpx
47.6084118,19.1460609,157.21,2025-10-20 12:50:33.198000+00:00,,20251020-001.gpx
47.6084036,19.1460616,157.21,2025-10-20 12:50:33.425000+00:00,,20251020-001.gpx
47.6083963,19.1460625,157.2,2025-10-20 12:50:33.626000+00:00,,20251020-001.gpx
47.608389,19.1460637,157.2,2025-10-20 12:50:33.829000+00:00,,20251020-001.gpx
47.6083817,19.1460651,157.22,2025-10-20 12:50:34.029000+00:00,,20251020-001.gpx
47.6083751,19.1460664,157.24,2025-10-20 12:50:34.210000+00:00,,20251020-001.gpx
47.6083673,19.1460684,157.25,2025-10-20 12:50:34.431000+00:00,,20251020-001.gpx
47.6083607,19.1460705,157.26,2025-10-20 12:50:34.616000+00:00,,20251020-001.gpx
47.6083537,19.146073,157.26,2025-10-20 12:50:34.818000+00:00,,20251020-001.gpx
47.6083465,19.1460759,157.27,2025-10-20 12:50:35.020000+00:00,,20251020-001.gpx
47.6083399,19.1460788,157.28,2025-10-20 12:50:35.208000+00:00,,20251020-001.gpx
47.608334,19.1460815,157.29,2025-10-20 12:50:35.380000+00:00,,20251020-001.gpx
47.6083254,19.1460856,157.3,2025-10-20 12:50:35.628000+00:00,,20251020-001.gpx
47.6083185,19.1460891,157.3,2025-10-20 12:50:35.829000+00:00,,20251020-001.gpx
47.6083115,19.1460927,157.31,2025-10-20 12:50:36.031000+00:00,,20251020-001.gpx
47.6083051,19.1460962,157.31,2025-10-20 12:50:36.215000+00:00,,20251020-001.gpx
47.608299,19.1460999,157.3,2025-10-20 12:50:36.399000+00:00,,20251020-001.gpx
47.6082919,19.1461048,157.3,2025-10-20 12:50:36.622000+00:00,,20251020-001.gpx
47.6082865,19.1461088,157.3,2025-10-20 12:50:36.804000+00:00,,20251020-001.gpx
47.6082801,19.1461136,157.3,2025-10-20 12:50:37.006000+00:00,,20251020-001.gpx
47.6082736,19.1461189,157.31,2025-10-20 12:50:37.208000+00:00,,20251020-001.gpx
47.6082674,19.1461241,157.31,2025-10-20 12:50:37.410000+00:00,,20251020-001.gpx
47.6082613,19.1461294,157.29,2025-10-20 12:50:37.610000+00:00,,20251020-001.gpx
47.6082551,19.146135,157.3,2025-10-20 12:50:37.811000+00:00,,20251020-001.gpx
47.6082489,19.1461408,157.32,2025-10-20 12:50:38.012000+00:00,,20251020-001.gpx
47.6082426,19.1461469,157.34,2025-10-20 12:50:38.215000+00:00,,20251020-001.gpx
47.608237,19.1461525,157.35,2025-10-20 12:50:38.399000+00:00,,20251020-001.gpx
47.6082304,19.1461596,157.38,2025-10-20 12:50:38.620000+00:00,,20251020-001.gpx
47.6082248,19.1461662,157.4,2025-10-20 12:50:38.822000+00:00,,20251020-001.gpx
47.6082191,19.1461732,157.42,2025-10-20 12:50:39.024000+00:00,,20251020-001.gpx
47.6082134,19.1461805,157.44,2025-10-20 12:50:39.228000+00:00,,20251020-001.gpx
47.608208,19.1461881,157.45,2025-10-20 12:50:39.422000+00:00,,20251020-001.gpx
47.6082026,19.1461962,157.46,2025-10-20 12:50:39.623000+00:00,,20251020-001.gpx
47.6081986,19.1462026,157.47,2025-10-20 12:50:39.783000+00:00,,20251020-001.gpx
47.6081922,19.1462132,157.47,2025-10-20 12:50:40.026000+00:00,,20251020-001.gpx
47.6081876,19.1462216,157.46,2025-10-20 12:50:40.213000+00:00,,20251020-001.gpx
47.6081826,19.1462309,157.48,2025-10-20 12:50:40.417000+00:00,,20251020-001.gpx
47.6081777,19.1462401,157.5,2025-10-20 12:50:40.620000+00:00,,20251020-001.gpx
47.608173,19.1462493,157.53,2025-10-20 12:50:40.821000+00:00,,20251020-001.gpx
47.6081682,19.1462586,157.55,2025-10-20 12:50:41.021000+00:00,,20251020-001.gpx
47.6081636,19.1462679,157.58,2025-10-20 12:50:41.221000+00:00,,20251020-001.gpx
47.608159,19.1462773,157.59,2025-10-20 12:50:41.427000+00:00,,20251020-001.gpx
47.6081547,19.1462865,157.6,2025-10-20 12:50:41.628000+00:00,,20251020-001.gpx
47.6081504,19.146296,157.6,2025-10-20 12:50:41.829000+00:00,,20251020-001.gpx
47.6081465,19.1463056,157.61,2025-10-20 12:50:42.030000+00:00,,20251020-001.gpx
47.6081427,19.1463152,157.62,2025-10-20 12:50:42.232000+00:00,,20251020-001.gpx
47.6081393,19.1463246,157.63,2025-10-20 12:50:42.428000+00:00,,20251020-001.gpx
47.608136,19.1463343,157.64,2025-10-20 12:50:42.629000+00:00,,20251020-001.gpx
47.6081329,19.1463439,157.65,2025-10-20 12:50:42.830000+00:00,,20251020-001.gpx
47.6081301,19.1463537,157.66,2025-10-20 12:50:43.031000+00:00,,20251020-001.gpx
47.6081282,19.1463605,157.67,2025-10-20 12:50:43.170000+00:00,,20251020-001.gpx
47.6081253,19.146372,157.68,2025-10-20 12:50:43.400000+00:00,,20251020-001.gpx
47.6081227,19.1463832,157.7,2025-10-20 12:50:43.621000+00:00,,20251020-001.gpx
47.6081207,19.1463926,157.72,2025-10-20 12:50:43.801000+00:00,,20251020-001.gpx
47.6081185,19.1464042,157.74,2025-10-20 12:50:44.021000+00:00,,20251020-001.gpx
47.6081166,19.1464151,157.75,2025-10-20 12:50:44.224000+00:00,,20251020-001.gpx
47.6081151,19.1464257,157.76,2025-10-20 12:50:44.427000+00:00,,20251020-001.gpx
47.6081139,19.146435,157.76,2025-10-20 12:50:44.607000+00:00,,20251020-001.gpx
47.6081126,19.1464474,157.76,2025-10-20 12:50:44.828000+00:00,,20251020-001.gpx
47.6081118,19.1464586,157.78,2025-10-20 12:50:45.029000+00:00,,20251020-001.gpx
47.6081113,19.1464679,157.8,2025-10-20 12:50:45.196000+00:00,,20251020-001.gpx
47.6081109,19.1464813,157.83,2025-10-20 12:50:45.430000+00:00,,20251020-001.gpx
47.6081109,19.1464927,157.86,2025-10-20 12:50:45.632000+00:00,,20251020-001.gpx
47.6081112,19.1465043,157.88,2025-10-20 12:50:45.836000+00:00,,20251020-001.gpx
47.6081118,19.1465161,157.9,2025-10-20 12:50:46.037000+00:00,,20251020-001.gpx
47.6081129,19.1465283,157.92,2025-10-20 12:50:46.247000+00:00,,20251020-001.gpx
47.608114,19.1465379,157.93,2025-10-20 12:50:46.413000+00:00,,20251020-001.gpx
47.6081159,19.1465505,157.94,2025-10-20 12:50:46.637000+00:00,,20251020-001.gpx
47.6081179,19.1465617,157.95,2025-10-20 12:50:46.837000+00:00,,20251020-001.gpx
47.6081194,19.1465694,157.95,2025-10-20 12:50:46.978000+00:00,,20251020-001.gpx
47.6081229,19.1465846,157.97,2025-10-20 12:50:47.261000+00:00,,20251020-001.gpx
47.6081255,19.1465936,157.96,2025-10-20 12:50:47.441000+00:00,,20251020-001.gpx
47.6081286,19.1466039,157.96,2025-10-20 12:50:47.642000+00:00,,20251020-001.gpx
47.6081317,19.1466131,157.97,2025-10-20 12:50:47.824000+00:00,,20251020-001.gpx
47.6081357,19.1466241,157.99,2025-10-20 12:50:48.045000+00:00,,20251020-001.gpx
47.6081397,19.146634,158.0,2025-10-20 12:50:48.246000+00:00,,20251020-001.gpx
47.6081437,19.1466434,158.01,2025-10-20 12:50:48.447000+00:00,,20251020-001.gpx
47.608148,19.146653,158.02,2025-10-20 12:50:48.651000+00:00,,20251020-001.gpx
47.608152,19.1466613,158.03,2025-10-20 12:50:48.832000+00:00,,20251020-001.gpx
47.608157,19.1466713,158.03,2025-10-20 12:50:49.057000+00:00,,20251020-001.gpx
47.6081611,19.1466791,158.04,2025-10-20 12:50:49.238000+00:00,,20251020-001.gpx
47.608166,19.1466878,158.06,2025-10-20 12:50:49.452000+00:00,,20251020-001.gpx
47.6081708,19.146696,158.07,2025-10-20 12:50:49.651000+00:00,,20251020-001.gpx
47.6081757,19.146704,158.08,2025-10-20 12:50:49.853000+00:00,,20251020-001.gpx
47.6081807,19.1467117,158.09,2025-10-20 12:50:50.056000+00:00,,20251020-001.gpx
47.6081848,19.1467178,158.1,2025-10-20 12:50:50.218000+00:00,,20251020-001.gpx
47.608191,19.1467263,158.11,2025-10-20 12:50:50.460000+00:00,,20251020-001.gpx
47.6081961,19.1467331,158.1,2025-10-20 12:50:50.661000+00:00,,20251020-001.gpx
47.6082015,19.1467399,158.09,2025-10-20 12:50:50.863000+00:00,,20251020-001.gpx
47.6082069,19.1467466,158.1,2025-10-20 12:50:51.064000+00:00,,20251020-001.gpx
47.6082125,19.1467534,158.11,2025-10-20 12:50:51.272000+00:00,,20251020-001.gpx
47.6082175,19.1467593,158.12,2025-10-20 12:50:51.456000+00:00,,20251020-001.gpx
47.608223,19.1467658,158.13,2025-10-20 12:50:51.656000+00:00,,20251020-001.gpx
47.6082286,19.1467721,158.13,2025-10-20 12:50:51.857000+00:00,,20251020-001.gpx
47.6082344,19.1467786,158.14,2025-10-20 12:50:52.060000+00:00,,20251020-001.gpx
47.6082397,19.1467842,158.14,2025-10-20 12:50:52.244000+00:00,,20251020-001.gpx
47.6082452,19.1467896,158.15,2025-10-20 12:50:52.427000+00:00,,20251020-001.gpx
47.6082519,19.1467959,158.16,2025-10-20 12:50:52.650000+00:00,,20251020-001.gpx
47.6082589,19.1468019,158.17,2025-10-20 12:50:52.873000+00:00,,20251020-001.gpx
47.6082646,19.1468066,158.18,2025-10-20 12:50:53.054000+00:00,,20251020-001.gpx
47.608271,19.1468119,158.17,2025-10-20 12:50:53.266000+00:00,,20251020-001.gpx
47.6082772,19.146817,158.18,2025-10-20 12:50:53.468000+00:00,,20251020-001.gpx
47.6082836,19.1468223,158.19,2025-10-20 12:50:53.670000+00:00,,20251020-001.gpx
47.6082898,19.1468274,158.21,2025-10-20 12:50:53.870000+00:00,,20251020-001.gpx
47.6082961,19.1468322,158.21,2025-10-20 12:50:54.071000+00:00,,20251020-001.gpx
47.6083018,19.1468365,158.2,2025-10-20 12:50:54.257000+00:00,,20251020-001.gpx
47.6083089,19.1468417,158.2,2025-10-20 12:50:54.481000+00:00,,20251020-001.gpx
47.6083153,19.1468461,158.2,2025-10-20 12:50:54.682000+00:00,,20251020-001.gpx
47.6083218,19.1468504,158.21,2025-10-20 12:50:54.885000+00:00,,20251020-001.gpx
47.6083283,19.1468545,158.21,2025-10-20 12:50:55.083000+00:00,,20251020-001.gpx
47.6083349,19.1468585,158.21,2025-10-20 12:50:55.286000+00:00,,20251020-001.gpx
47.6083414,19.1468624,158.2,2025-10-20 12:50:55.488000+00:00,,20251020-001.gpx
47.608348,19.1468663,158.19,2025-10-20 12:50:55.688000+00:00,,20251020-001.gpx
47.6083548,19.14687,158.19,2025-10-20 12:50:55.892000+00:00,,20251020-001.gpx
47.6083607,19.1468731,158.19,2025-10-20 12:50:56.071000+00:00,,20251020-001.gpx
47.6083686,19.146877,158.18,2025-10-20 12:50:56.301000+00:00,,20251020-001.gpx
47.608375,19.14688,158.18,2025-10-20 12:50:56.485000+00:00,,20251020-001.gpx
47.6083822,19.1468833,158.17,2025-10-20 12:50:56.687000+00:00,,20251020-001.gpx
47.6083893,19.1468865,158.17,2025-10-20 12:50:56.888000+00:00,,20251020-001.gpx
47.6083965,19.1468896,158.16,2025-10-20 12:50:57.092000+00:00,,20251020-001.gpx
47.6084039,19.146893,158.14,2025-10-20 12:50:57.296000+00:00,,20251020-001.gpx
47.6084096,19.1468956,158.13,2025-10-20 12:50:57.457000+00:00,,20251020-001.gpx
47.6084169,19.1468988,158.13,2025-10-20 12:50:57.659000+00:00,,20251020-001.gpx
47.6084248,19.1469023,158.11,2025-10-20 12:50:57.880000+00:00,,20251020-001.gpx
47.6084321,19.1469055,158.11,2025-10-20 12:50:58.081000+00:00,,20251020-001.gpx
47.6084398,19.1469085,158.1,2025-10-20 12:50:58.292000+00:00,,20251020-001.gpx
47.6084465,19.1469111,158.09,2025-10-20 12:50:58.476000+00:00,,20251020-001.gpx
47.6084538,19.1469138,158.08,2025-10-20 12:50:58.676000+00:00,,20251020-001.gpx
47.6084596,19.1469159,158.07,2025-10-20 12:50:58.836000+00:00,,20251020-001.gpx
47.6084682,19.1469189,158.06,2025-10-20 12:50:59.076000+00:00,,20251020-001.gpx
47.6084755,19.1469214,158.05,2025-10-20 12:50:59.284000+00:00,,20251020-001.gpx
47.6084828,19.1469237,158.04,2025-10-20 12:50:59.485000+00:00,,20251020-001.gpx
47.6084901,19.146926,158.03,2025-10-20 12:50:59.687000+00:00,,20251020-001.gpx
47.6084973,19.1469283,158.02,2025-10-20 12:50:59.887000+00:00,,20251020-001.gpx
47.6085044,19.1469305,158.02,2025-10-20 12:51:00.087000+00:00,,20251020-001.gpx
47.6085117,19.1469328,158.02,2025-10-20 12:51:00.292000+00:00,,20251020-001.gpx
47.6085187,19.1469351,158.02,2025-10-20 12:51:00.494000+00:00,,20251020-001.gpx
47.6085237,19.1469368,158.01,2025-10-20 12:51:00.636000+00:00,,20251020-001.gpx
47.6085316,19.1469396,158.01,2025-10-20 12:51:00.861000+00:00,,20251020-001.gpx
47.6085386,19.1469422,158.01,2025-10-20 12:51:01.065000+00:00,,20251020-001.gpx
47.6085459,19.1469448,158.01,2025-10-20 12:51:01.277000+00:00,,20251020-001.gpx
47.6085529,19.1469472,158.01,2025-10-20 12:51:01.480000+00:00,,20251020-001.gpx
47.6085599,19.1469495,158.01,2025-10-20 12:51:01.680000+00:00,,20251020-001.gpx
47.608567,19.1469519,158.0,2025-10-20 12:51:01.883000+00:00,,20251020-001.gpx
47.6085739,19.1469542,158.0,2025-10-20 12:51:02.085000+00:00,,20251020-001.gpx
47.6085808,19.1469566,158.0,2025-10-20 12:51:02.287000+00:00,,20251020-001.gpx
47.6085876,19.1469588,157.99,2025-10-20 12:51:02.487000+00:00,,20251020-001.gpx
47.6085946,19.1469608,157.99,2025-10-20 12:51:02.688000+00:00,,20251020-001.gpx
47.6086017,19.1469627,158.0,2025-10-20 12:51:02.889000+00:00,,20251020-001.gpx
47.608609,19.1469644,158.0,2025-10-20 12:51:03.090000+00:00,,20251020-001.gpx
47.6086164,19.1469659,158.0,2025-10-20 12:51:03.293000+00:00,,20251020-001.gpx
47.6086239,19.1469675,157.99,2025-10-20 12:51:03.496000+00:00,,20251020-001.gpx
47.6086313,19.1469689,157.97,2025-10-20 12:51:03.697000+00:00,,20251020-001.gpx
47.6086369,19.14697,157.96,2025-10-20 12:51:03.858000+00:00,,20251020-001.gpx
47.6086455,19.1469718,157.93,2025-10-20 12:51:04.099000+00:00,,20251020-001.gpx
47.6086525,19.1469731,157.83,2025-10-20 12:51:04.304000+00:00,,20251020-001.gpx
47.6086581,19.146974,157.64,2025-10-20 12:51:04.485000+00:00,,20251020-001.gpx
47.6086632,19.1469748,157.34,2025-10-20 12:51:04.706000+00:00,,20251020-001.gpx
47.608666,19.1469749,157.05,2025-10-20 12:51:04.908000+00:00,,20251020-001.gpx
47.6086674,19.1469745,156.79,2025-10-20 12:51:05.109000+00:00,,20251020-001.gpx
47.6086678,19.1469737,156.54,2025-10-20 12:51:05.316000+00:00,,20251020-001.gpx
47.6086672,19.1469729,156.31,2025-10-20 12:51:05.517000+00:00,,20251020-001.gpx
47.6086659,19.1469724,156.1,2025-10-20 12:51:05.716000+00:00,,20251020-001.gpx
47.6086641,19.146972,155.91,2025-10-20 12:51:05.917000+00:00,,20251020-001.gpx
47.6086619,19.1469718,155.71,2025-10-20 12:51:06.117000+00:00,,20251020-001.gpx
47.6086592,19.1469717,155.52,2025-10-20 12:51:06.324000+00:00,,20251020-001.gpx
47.6086564,19.1469717,155.34,2025-10-20 12:51:06.528000+00:00,,20251020-001.gpx
47.6086539,19.1469716,155.17,2025-10-20 12:51:06.710000+00:00,,20251020-001.gpx
47.6086509,19.1469716,154.96,2025-10-20 12:51:06.932000+00:00,,20251020-001.gpx
47.608648,19.1469715,154.78,2025-10-20 12:51:07.132000+00:00,,20251020-001.gpx
47.6086453,19.1469713,154.58,2025-10-20 12:51:07.336000+00:00,,20251020-001.gpx
47.6086427,19.1469713,154.37,2025-10-20 12:51:07.537000+00:00,,20251020-001.gpx
47.6086405,19.1469713,154.17,2025-10-20 12:51:07.738000+00:00,,20251020-001.gpx
47.6086386,19.1469715,153.97,2025-10-20 12:51:07.939000+00:00,,20251020-001.gpx
47.608637,19.1469717,153.78,2025-10-20 12:51:08.141000+00:00,,20251020-001.gpx
47.6086359,19.1469718,153.61,2025-10-20 12:51:08.312000+00:00,,20251020-001.gpx
47.6086345,19.1469717,153.41,2025-10-20 12:51:08.512000+00:00,,20251020-001.gpx
47.6086333,19.1469718,153.19,2025-10-20 12:51:08.733000+00:00,,20251020-001.gpx
47.6086324,19.1469719,153.0,2025-10-20 12:51:08.933000+00:00,,20251020-001.gpx
47.6086317,19.146972,152.81,2025-10-20 12:51:09.133000+00:00,,20251020-001.gpx
47.6086311,19.1469723,152.6,2025-10-20 12:51:09.344000+00:00,,20251020-001.gpx
47.6086308,19.1469724,152.43,2025-10-20 12:51:09.525000+00:00,,20251020-001.gpx
47.6086305,19.1469724,152.21,2025-10-20 12:51:09.745000+00:00,,20251020-001.gpx
47.6086303,19.1469722,152.02,2025-10-20 12:51:09.926000+00:00,,20251020-001.gpx
47.6086302,19.146972,151.81,2025-10-20 12:51:10.126000+00:00,,20251020-001.gpx
47.6086301,19.1469715,151.57,2025-10-20 12:51:10.350000+00:00,,20251020-001.gpx
47.6086301,19.146971,151.37,2025-10-20 12:51:10.550000+00:00,,20251020-001.gpx
47.6086303,19.1469707,151.17,2025-10-20 12:51:10.750000+00:00,,20251020-001.gpx
47.6086305,19.1469705,150.98,2025-10-20 12:51:10.951000+00:00,,20251020-001.gpx
47.6086309,19.1469705,150.78,2025-10-20 12:51:11.152000+00:00,,20251020-001.gpx
47.6086314,19.1469706,150.58,2025-10-20 12:51:11.358000+00:00,,20251020-001.gpx
47.6086318,19.1469709,150.38,2025-10-20 12:51:11.558000+00:00,,20251020-001.gpx
47.6086322,19.1469713,150.19,2025-10-20 12:51:11.759000+00:00,,20251020-001.gpx
47.6086327,19.1469717,150.0,2025-10-20 12:51:11.961000+00:00,,20251020-001.gpx
47.6086331,19.146972,149.8,2025-10-20 12:51:12.163000+00:00,,20251020-001.gpx
47.6086335,19.1469722,149.62,2025-10-20 12:51:12.345000+00:00,,20251020-001.gpx
47.6086339,19.1469724,149.44,2025-10-20 12:51:12.527000+00:00,,20251020-001.gpx
47.6086345,19.1469728,149.22,2025-10-20 12:51:12.750000+00:00,,20251020-001.gpx
47.608635,19.1469734,149.04,2025-10-20 12:51:12.952000+00:00,,20251020-001.gpx
47.6086354,19.1469742,148.86,2025-10-20 12:51:13.155000+00:00,,20251020-001.gpx
47.6086356,19.146975,148.66,2025-10-20 12:51:13.362000+00:00,,20251020-001.gpx
47.6086357,19.1469757,148.46,2025-10-20 12:51:13.566000+00:00,,20251020-001.gpx
47.6086358,19.1469763,148.24,2025-10-20 12:51:13.769000+00:00,,20251020-001.gpx
47.6086359,19.1469768,148.01,2025-10-20 12:51:13.971000+00:00,,20251020-001.gpx
47.608636,19.1469771,147.81,2025-10-20 12:51:14.152000+00:00,,20251020-001.gpx
47.608636,19.1469772,147.59,2025-10-20 12:51:14.356000+00:00,,20251020-001.gpx
47.608636,19.1469771,147.37,2025-10-20 12:51:14.559000+00:00,,20251020-001.gpx
47.608636,19.1469767,147.14,2025-10-20 12:51:14.762000+00:00,,20251020-001.gpx
47.6086359,19.1469763,146.92,2025-10-20 12:51:14.964000+00:00,,20251020-001.gpx
47.6086357,19.1469757,146.71,2025-10-20 12:51:15.166000+00:00,,20251020-001.gpx
47.6086356,19.1469753,146.55,2025-10-20 12:51:15.331000+00:00,,20251020-001.gpx
47.6086355,19.1469746,146.31,2025-10-20 12:51:15.573000+00:00,,20251020-001.gpx
47.6086355,19.146974,146.09,2025-10-20 12:51:15.775000+00:00,,20251020-001.gpx
47.6086354,19.1469735,145.87,2025-10-20 12:51:15.977000+00:00,,20251020-001.gpx
47.6086353,19.146973,145.67,2025-10-20 12:51:16.159000+00:00,,20251020-001.gpx
47.6086352,19.1469725,145.47,2025-10-20 12:51:16.352000+00:00,,20251020-001.gpx
47.6086352,19.1469722,145.28,2025-10-20 12:51:16.532000+00:00,,20251020-001.gpx
47.6086351,19.1469717,145.05,2025-10-20 12:51:16.752000+00:00,,20251020-001.gpx
47.608635,19.1469713,144.88,2025-10-20 12:51:16.913000+00:00,,20251020-001.gpx
47.6086348,19.1469708,144.62,2025-10-20 12:51:17.153000+00:00,,20251020-001.gpx
47.6086347,19.1469704,144.4,2025-10-20 12:51:17.362000+00:00,,20251020-001.gpx
47.6086345,19.14697,144.2,2025-10-20 12:51:17.563000+00:00,,20251020-001.gpx
47.6086343,19.1469696,144.01,2025-10-20 12:51:17.744000+00:00,,20251020-001.gpx
47.6086342,19.1469692,143.78,2025-10-20 12:51:17.965000+00:00,,20251020-001.gpx
47.6086341,19.146969,143.56,2025-10-20 12:51:18.187000+00:00,,20251020-001.gpx
47.6086341,19.1469691,143.38,2025-10-20 12:51:18.381000+00:00,,20251020-001.gpx
47.6086339,19.1469692,143.17,2025-10-20 12:51:18.584000+00:00,,20251020-001.gpx
47.6086338,19.1469693,142.98,2025-10-20 12:51:18.786000+00:00,,20251020-001.gpx
47.6086335,19.1469693,142.78,2025-10-20 12:51:18.987000+00:00,,20251020-001.gpx
47.6086335,19.1469694,142.59,2025-10-20 12:51:19.191000+00:00,,20251020-001.gpx
47.6086334,19.1469697,142.39,2025-10-20 12:51:19.401000+00:00,,20251020-001.gpx
47.6086332,19.1469699,142.19,2025-10-20 12:51:19.602000+00:00,,20251020-001.gpx
47.6086332,19.1469701,142.01,2025-10-20 12:51:19.783000+00:00,,20251020-001.gpx
47.6086334,19.1469702,141.8,2025-10-20 12:51:20.004000+00:00,,20251020-001.gpx
47.6086336,19.1469703,141.61,2025-10-20 12:51:20.203000+00:00,,20251020-001.gpx
47.6086339,19.1469703,141.4,2025-10-20 12:51:20.413000+00:00,,20251020-001.gpx
47.608634,19.1469703,141.21,2025-10-20 12:51:20.596000+00:00,,20251020-001.gpx
47.6086343,19.1469704,141.03,2025-10-20 12:51:20.778000+00:00,,20251020-001.gpx
47.6086345,19.1469705,140.8,2025-10-20 12:51:20.998000+00:00,,20251020-001.gpx
47.6086347,19.1469708,140.6,2025-10-20 12:51:21.207000+00:00,,20251020-001.gpx
47.6086348,19.1469711,140.4,2025-10-20 12:51:21.408000+00:00,,20251020-001.gpx
47.6086351,19.1469714,140.2,2025-10-20 12:51:21.614000+00:00,,20251020-001.gpx
47.6086354,19.1469716,140.0,2025-10-20 12:51:21.815000+00:00,,20251020-001.gpx
47.6086357,19.1469716,139.79,2025-10-20 12:51:22.016000+00:00,,20251020-001.gpx
47.608636,19.1469718,139.61,2025-10-20 12:51:22.198000+00:00,,20251020-001.gpx
47.6086363,19.1469721,139.39,2025-10-20 12:51:22.405000+00:00,,20251020-001.gpx
47.6086364,19.1469726,139.21,2025-10-20 12:51:22.586000+00:00,,20251020-001.gpx
47.6086363,19.1469731,139.01,2025-10-20 12:51:22.787000+00:00,,20251020-001.gpx
47.608636,19.1469739,138.8,2025-10-20 12:51:23.008000+00:00,,20251020-001.gpx
47.6086357,19.1469744,138.61,2025-10-20 12:51:23.208000+00:00,,20251020-001.gpx
47.6086356,19.1469748,138.43,2025-10-20 12:51:23.391000+00:00,,20251020-001.gpx
47.6086356,19.1469752,138.2,2025-10-20 12:51:23.613000+00:00,,20251020-001.gpx
47.6086357,19.1469755,138.02,2025-10-20 12:51:23.794000+00:00,,20251020-001.gpx
47.6086358,19.1469759,137.82,2025-10-20 12:51:24.014000+00:00,,20251020-001.gpx
47.6086358,19.1469762,137.73,2025-10-20 12:51:24.197000+00:00,,20251020-001.gpx
47.6086358,19.1469764,137.68,2025-10-20 12:51:24.364000+00:00,,20251020-001.gpx
47.6086357,19.1469766,137.56,2025-10-20 12:51:24.586000+00:00,,20251020-001.gpx
47.6086358,19.1469768,137.36,2025-10-20 12:51:24.808000+00:00,,20251020-001.gpx
47.6086358,19.1469771,137.18,2025-10-20 12:51:25.010000+00:00,,20251020-001.gpx
47.6086357,19.1469775,136.98,2025-10-20 12:51:25.212000+00:00,,20251020-001.gpx
47.6086354,19.1469775,136.92,2025-10-20 12:51:25.417000+00:00,,20251020-001.gpx
47.6086352,19.1469772,136.9,2025-10-20 12:51:25.616000+00:00,,20251020-001.gpx
47.6086351,19.146977,136.9,2025-10-20 12:51:25.817000+00:00,,20251020-001.gpx
47.608635,19.1469769,136.9,2025-10-20 12:51:26.019000+00:00,,20251020-001.gpx
47.6086349,19.1469769,136.9,2025-10-20 12:51:26.219000+00:00,,20251020-001.gpx
47.6086349,19.1469768,136.91,2025-10-20 12:51:26.413000+00:00,,20251020-001.gpx
47.6086348,19.1469767,136.91,2025-10-20 12:51:26.618000+00:00,,20251020-001.gpx
47.6086348,19.1469767,136.92,2025-10-20 12:51:26.819000+00:00,,20251020-001.gpx
47.6086349,19.1469767,136.92,2025-10-20 12:51:27.019000+00:00,,20251020-001.gpx
47.6086349,19.1469767,136.92,2025-10-20 12:51:27.220000+00:00,,20251020-001.gpx
47.608635,19.1469767,136.93,2025-10-20 12:51:27.421000+00:00,,20251020-001.gpx
47.608635,19.1469767,136.93,2025-10-20 12:51:27.622000+00:00,,20251020-001.gpx
47.6086351,19.1469768,136.93,2025-10-20 12:51:27.821000+00:00,,20251020-001.gpx
47.6086351,19.1469768,136.94,2025-10-20 12:51:28.022000+00:00,,20251020-001.gpx
47.6086351,19.1469768,136.94,2025-10-20 12:51:28.122000+00:00,,20251020-001.gpx
47.6086351,19.1469768,136.94,2025-10-20 12:51:28.122000+00:00,,20251020-001.gpx
47.6086351,19.1469768,136.94,2025-10-20 12:51:28.122000+00:00,,20251020-001.gpx
47.6086351,19.1469768,136.94,2025-10-20 12:51:28.122000+00:00,,20251020-001.gpx
47.6086351,19.1469768,136.94,2025-10-20 12:51:28.122000+00:00,,20251020-001.gpx
47.6086351,19.1469768,136.94,2025-10-20 12:51:28.122000+00:00,,20251020-001.gpx
47.6086351,19.1469768,136.94,2025-10-20 12:51:29.432000+00:00,,20251020-001.gpx
47.6086351,19.1469767,136.94,2025-10-20 12:51:29.632000+00:00,,20251020-001.gpx
47.6086351,19.1469766,136.94,2025-10-20 12:51:29.832000+00:00,,20251020-001.gpx
47.6086351,19.1469765,136.94,2025-10-20 12:51:30.033000+00:00,,20251020-001.gpx
47.6086351,19.1469764,136.94,2025-10-20 12:51:30.233000+00:00,,20251020-001.gpx
47.608635,19.1469762,136.94,2025-10-20 12:51:30.438000+00:00,,20251020-001.gpx
47.608635,19.1469763,136.95,2025-10-20 12:51:30.638000+00:00,,20251020-001.gpx
47.6086351,19.1469765,136.96,2025-10-20 12:51:30.839000+00:00,,20251020-001.gpx
47.6086353,19.1469769,136.96,2025-10-20 12:51:31.039000+00:00,,20251020-001.gpx
47.6086355,19.1469772,136.97,2025-10-20 12:51:31.240000+00:00,,20251020-001.gpx
47.6086357,19.1469772,136.97,2025-10-20 12:51:31.426000+00:00,,20251020-001.gpx
47.6086357,19.1469772,136.97,2025-10-20 12:51:31.627000+00:00,,20251020-001.gpx
47.6086357,19.1469773,136.98,2025-10-20 12:51:31.826000+00:00,,20251020-001.gpx
47.6086357,19.1469773,136.99,2025-10-20 12:51:32.027000+00:00,,20251020-001.gpx
47.6086357,19.1469774,137.0,2025-10-20 12:51:32.227000+00:00,,20251020-001.gpx
47.6086357,19.1469774,137.01,2025-10-20 12:51:32.431000+00:00,,20251020-001.gpx
47.6086356,19.1469774,137.02,2025-10-20 12:51:32.632000+00:00,,20251020-001.gpx
47.6086356,19.1469773,137.03,2025-10-20 12:51:32.852000+00:00,,20251020-001.gpx
47.6086356,19.1469773,137.04,2025-10-20 12:51:33.032000+00:00,,20251020-001.gpx
47.6086355,19.1469773,137.05,2025-10-20 12:51:33.236000+00:00,,20251020-001.gpx
47.6086355,19.1469773,137.06,2025-10-20 12:51:33.436000+00:00,,20251020-001.gpx
47.6086354,19.1469773,137.07,2025-10-20 12:51:33.637000+00:00,,20251020-001.gpx
47.6086354,19.1469773,137.08,2025-10-20 12:51:33.838000+00:00,,20251020-001.gpx
47.6086353,19.1469773,137.09,2025-10-20 12:51:34.039000+00:00,,20251020-001.gpx
47.6086353,19.1469772,137.1,2025-10-20 12:51:34.239000+00:00,,20251020-001.gpx
47.6086352,19.1469772,137.11,2025-10-20 12:51:34.443000+00:00,,20251020-001.gpx
47.6086352,19.1469772,137.12,2025-10-20 12:51:34.647000+00:00,,20251020-001.gpx
47.6086352,19.1469772,137.13,2025-10-20 12:51:34.848000+00:00,,20251020-001.gpx
47.6086352,19.1469772,137.14,2025-10-20 12:51:35.049000+00:00,,20251020-001.gpx
47.6086351,19.1469772,137.15,2025-10-20 12:51:35.235000+00:00,,20251020-001.gpx
47.6086351,19.1469771,137.17,2025-10-20 12:51:35.436000+00:00,,20251020-001.gpx
47.6086351,19.1469771,137.18,2025-10-20 12:51:35.637000+00:00,,20251020-001.gpx
47.6086351,19.1469771,137.19,2025-10-20 12:51:35.837000+00:00,,20251020-001.gpx
47.608635,19.1469771,137.2,2025-10-20 12:51:36.037000+00:00,,20251020-001.gpx
47.6086351,19.146977,137.22,2025-10-20 12:51:36.238000+00:00,,20251020-001.gpx
47.6086351,19.146977,137.23,2025-10-20 12:51:36.438000+00:00,,20251020-001.gpx
47.6086351,19.146977,137.23,2025-10-20 12:51:36.637000+00:00,,20251020-001.gpx
47.6086351,19.1469771,137.24,2025-10-20 12:51:36.838000+00:00,,20251020-001.gpx
47.6086351,19.1469771,137.25,2025-10-20 12:51:37.037000+00:00,,20251020-001.gpx
47.608635,19.1469771,137.26,2025-10-20 12:51:37.237000+00:00,,20251020-001.gpx
47.608635,19.146977,137.28,2025-10-20 12:51:37.438000+00:00,,20251020-001.gpx
47.608635,19.146977,137.29,2025-10-20 12:51:37.638000+00:00,,20251020-001.gpx
47.608635,19.146977,137.3,2025-10-20 12:51:37.838000+00:00,,20251020-001.gpx
47.608635,19.146977,137.31,2025-10-20 12:51:38.058000+00:00,,20251020-001.gpx
47.608635,19.146977,137.32,2025-10-20 12:51:38.243000+00:00,,20251020-001.gpx
47.608635,19.1469769,137.33,2025-10-20 12:51:38.443000+00:00,,20251020-001.gpx
47.608635,19.1469769,137.34,2025-10-20 12:51:38.646000+00:00,,20251020-001.gpx
47.6086351,19.146977,137.35,2025-10-20 12:51:38.847000+00:00,,20251020-001.gpx
47.6086351,19.146977,137.35,2025-10-20 12:51:39.046000+00:00,,20251020-001.gpx
47.6086351,19.1469771,137.36,2025-10-20 12:51:39.246000+00:00,,20251020-001.gpx
47.6086351,19.1469771,137.37,2025-10-20 12:51:39.447000+00:00,,20251020-001.gpx
47.6086351,19.1469771,137.38,2025-10-20 12:51:39.646000+00:00,,20251020-001.gpx
47.608635,19.1469771,137.38,2025-10-20 12:51:39.846000+00:00,,20251020-001.gpx
47.608635,19.1469771,137.39,2025-10-20 12:51:40.047000+00:00,,20251020-001.gpx
47.608635,19.1469771,137.4,2025-10-20 12:51:40.248000+00:00,,20251020-001.gpx
47.608635,19.1469771,137.4,2025-10-20 12:51:40.448000+00:00,,20251020-001.gpx
47.608635,19.1469771,137.41,2025-10-20 12:51:40.650000+00:00,,20251020-001.gpx
47.608635,19.1469771,137.42,2025-10-20 12:51:40.849000+00:00,,20251020-001.gpx
47.608635,19.1469771,137.42,2025-10-20 12:51:41.050000+00:00,,20251020-001.gpx
47.6086349,19.1469771,137.43,2025-10-20 12:51:41.253000+00:00,,20251020-001.gpx
47.6086349,19.1469771,137.44,2025-10-20 12:51:41.454000+00:00,,20251020-001.gpx
47.608635,19.1469771,137.44,2025-10-20 12:51:41.655000+00:00,,20251020-001.gpx
47.608635,19.1469771,137.45,2025-10-20 12:51:41.855000+00:00,,20251020-001.gpx
47.608635,19.1469771,137.46,2025-10-20 12:51:42.056000+00:00,,20251020-001.gpx
47.608635,19.1469771,137.46,2025-10-20 12:51:42.257000+00:00,,20251020-001.gpx
47.6086351,19.1469771,137.47,2025-10-20 12:51:42.459000+00:00,,20251020-001.gpx
47.6086351,19.146977,137.48,2025-10-20 12:51:42.661000+00:00,,20251020-001.gpx
47.6086351,19.146977,137.49,2025-10-20 12:51:42.862000+00:00,,20251020-001.gpx
47.6086351,19.146977,137.49,2025-10-20 12:51:43.062000+00:00,,20251020-001.gpx
47.6086351,19.146977,137.5,2025-10-20 12:51:43.269000+00:00,,20251020-001.gpx
47.6086351,19.1469769,137.51,2025-10-20 12:51:43.472000+00:00,,20251020-001.gpx
47.6086351,19.1469769,137.51,2025-10-20 12:51:43.673000+00:00,,20251020-001.gpx
47.6086351,19.1469769,137.52,2025-10-20 12:51:43.873000+00:00,,20251020-001.gpx
47.6086351,19.1469769,137.52,2025-10-20 12:51:44.073000+00:00,,20251020-001.gpx
47.6086351,19.1469769,137.53,2025-10-20 12:51:44.275000+00:00,,20251020-001.gpx
47.6086351,19.1469769,137.53,2025-10-20 12:51:44.476000+00:00,,20251020-001.gpx
47.6086352,19.1469768,137.53,2025-10-20 12:51:44.675000+00:00,,20251020-001.gpx
47.6086352,19.1469769,137.54,2025-10-20 12:51:44.876000+00:00,,20251020-001.gpx
47.6086352,19.1469769,137.54,2025-10-20 12:51:45.076000+00:00,,20251020-001.gpx
47.6086352,19.1469769,137.55,2025-10-20 12:51:45.278000+00:00,,20251020-001.gpx
47.6086352,19.1469769,137.55,2025-10-20 12:51:45.479000+00:00,,20251020-001.gpx
47.6086352,19.1469769,137.56,2025-10-20 12:51:45.679000+00:00,,20251020-001.gpx
47.6086353,19.146977,137.56,2025-10-20 12:51:45.880000+00:00,,20251020-001.gpx
47.6086353,19.146977,137.56,2025-10-20 12:51:46.080000+00:00,,20251020-001.gpx
47.6086352,19.146977,137.57,2025-10-20 12:51:46.269000+00:00,,20251020-001.gpx
47.6086352,19.146977,137.58,2025-10-20 12:51:46.469000+00:00,,20251020-001.gpx
47.6086352,19.1469771,137.58,2025-10-20 12:51:46.670000+00:00,,20251020-001.gpx
47.6086352,19.1469771,137.58,2025-10-20 12:51:46.871000+00:00,,20251020-001.gpx
47.6086352,19.1469771,137.58,2025-10-20 12:51:47.071000+00:00,,20251020-001.gpx
47.6086352,19.1469771,137.58,2025-10-20 12:51:47.275000+00:00,,20251020-001.gpx
47.6086352,19.1469771,137.59,2025-10-20 12:51:47.475000+00:00,,20251020-001.gpx
47.6086352,19.1469771,137.59,2025-10-20 12:51:47.675000+00:00,,20251020-001.gpx
47.6086352,19.1469771,137.59,2025-10-20 12:51:47.875000+00:00,,20251020-001.gpx
47.6086352,19.1469771,137.59,2025-10-20 12:51:48.075000+00:00,,20251020-001.gpx
47.6086353,19.1469771,137.6,2025-10-20 12:51:48.277000+00:00,,20251020-001.gpx
47.6086353,19.1469772,137.61,2025-10-20 12:51:48.477000+00:00,,20251020-001.gpx
47.6086353,19.1469772,137.61,2025-10-20 12:51:48.677000+00:00,,20251020-001.gpx
47.6086353,19.1469772,137.61,2025-10-20 12:51:48.877000+00:00,,20251020-001.gpx
47.6086353,19.1469772,137.61,2025-10-20 12:51:49.077000+00:00,,20251020-001.gpx
47.6086353,19.1469772,137.62,2025-10-20 12:51:49.277000+00:00,,20251020-001.gpx
47.6086353,19.1469772,137.62,2025-10-20 12:51:49.478000+00:00,,20251020-001.gpx
47.6086353,19.1469771,137.63,2025-10-20 12:51:49.677000+00:00,,20251020-001.gpx
47.6086353,19.1469771,137.63,2025-10-20 12:51:49.878000+00:00,,20251020-001.gpx
47.6086353,19.1469771,137.63,2025-10-20 12:51:50.077000+00:00,,20251020-001.gpx
47.6086352,19.1469771,137.63,2025-10-20 12:51:50.278000+00:00,,20251020-001.gpx
47.6086352,19.1469771,137.64,2025-10-20 12:51:50.478000+00:00,,20251020-001.gpx
47.6086352,19.1469772,137.64,2025-10-20 12:51:50.678000+00:00,,20251020-001.gpx
47.6086352,19.1469772,137.64,2025-10-20 12:51:50.879000+00:00,,20251020-001.gpx
47.6086352,19.1469773,137.64,2025-10-20 12:51:51.079000+00:00,,20251020-001.gpx
47.6086352,19.1469773,137.65,2025-10-20 12:51:51.263000+00:00,,20251020-001.gpx
47.6086352,19.1469774,137.65,2025-10-20 12:51:51.467000+00:00,,20251020-001.gpx
47.6086352,19.1469774,137.66,2025-10-20 12:51:51.668000+00:00,,20251020-001.gpx
47.6086352,19.1469773,137.66,2025-10-20 12:51:51.869000+00:00,,20251020-001.gpx
47.6086353,19.1469774,137.67,2025-10-20 12:51:52.069000+00:00,,20251020-001.gpx
47.6086353,19.1469774,137.67,2025-10-20 12:51:52.275000+00:00,,20251020-001.gpx
47.6086353,19.1469774,137.67,2025-10-20 12:51:52.478000+00:00,,20251020-001.gpx
47.6086353,19.1469773,137.67,2025-10-20 12:51:52.678000+00:00,,20251020-001.gpx
47.6086352,19.1469773,137.67,2025-10-20 12:51:52.879000+00:00,,20251020-001.gpx
47.6086352,19.1469773,137.67,2025-10-20 12:51:53.079000+00:00,,20251020-001.gpx
47.6086352,19.1469773,137.68,2025-10-20 12:51:53.281000+00:00,,20251020-001.gpx
47.6086353,19.1469773,137.68,2025-10-20 12:51:53.483000+00:00,,20251020-001.gpx
47.6086353,19.1469773,137.68,2025-10-20 12:51:53.683000+00:00,,20251020-001.gpx
47.6086353,19.1469773,137.68,2025-10-20 12:51:53.883000+00:00,,20251020-001.gpx
47.6086353,19.1469773,137.69,2025-10-20 12:51:54.084000+00:00,,20251020-001.gpx
47.6086353,19.1469773,137.7,2025-10-20 12:51:54.287000+00:00,,20251020-001.gpx
47.6086353,19.1469773,137.7,2025-10-20 12:51:54.487000+00:00,,20251020-001.gpx
47.6086353,19.1469772,137.7,2025-10-20 12:51:54.688000+00:00,,20251020-001.gpx
47.6086353,19.1469772,137.7,2025-10-20 12:51:54.888000+00:00,,20251020-001.gpx
47.6086353,19.1469772,137.7,2025-10-20 12:51:55.090000+00:00,,20251020-001.gpx
47.6086353,19.1469772,137.7,2025-10-20 12:51:55.276000+00:00,,20251020-001.gpx
47.6086353,19.1469772,137.7,2025-10-20 12:51:55.477000+00:00,,20251020-001.gpx
47.6086353,19.1469772,137.7,2025-10-20 12:51:55.677000+00:00,,20251020-001.gpx
47.6086353,19.1469772,137.7,2025-10-20 12:51:55.877000+00:00,,20251020-001.gpx
47.6086352,19.1469772,137.7,2025-10-20 12:51:56.077000+00:00,,20251020-001.gpx
47.6086352,19.1469771,137.7,2025-10-20 12:51:56.278000+00:00,,20251020-001.gpx
47.6086352,19.1469771,137.71,2025-10-20 12:51:56.479000+00:00,,20251020-001.gpx
47.6086351,19.1469771,137.71,2025-10-20 12:51:56.678000+00:00,,20251020-001.gpx
47.6086351,19.1469771,137.71,2025-10-20 12:51:56.898000+00:00,,20251020-001.gpx
47.6086351,19.1469771,137.71,2025-10-20 12:51:57.078000+00:00,,20251020-001.gpx
47.6086351,19.1469771,137.71,2025-10-20 12:51:57.280000+00:00,,20251020-001.gpx
47.6086351,19.1469771,137.72,2025-10-20 12:51:57.480000+00:00,,20251020-001.gpx
47.608635,19.146977,137.71,2025-10-20 12:51:57.680000+00:00,,20251020-001.gpx
47.608635,19.146977,137.71,2025-10-20 12:51:57.880000+00:00,,20251020-001.gpx
47.608635,19.1469771,137.72,2025-10-20 12:51:58.080000+00:00,,20251020-001.gpx
47.6086351,19.1469771,137.72,2025-10-20 12:51:58.266000+00:00,,20251020-001.gpx
47.6086351,19.1469771,137.73,2025-10-20 12:51:58.492000+00:00,,20251020-001.gpx
47.6086351,19.1469772,137.73,2025-10-20 12:51:58.693000+00:00,,20251020-001.gpx
47.6086351,19.1469772,137.73,2025-10-20 12:51:58.894000+00:00,,20251020-001.gpx
47.6086351,19.1469773,137.73,2025-10-20 12:51:59.095000+00:00,,20251020-001.gpx
47.6086351,19.1469773,137.73,2025-10-20 12:51:59.298000+00:00,,20251020-001.gpx
47.6086351,19.1469772,137.74,2025-10-20 12:51:59.500000+00:00,,20251020-001.gpx
47.6086351,19.1469772,137.73,2025-10-20 12:51:59.703000+00:00,,20251020-001.gpx
47.6086351,19.1469772,137.74,2025-10-20 12:51:59.903000+00:00,,20251020-001.gpx
47.6086351,19.1469772,137.74,2025-10-20 12:52:00.104000+00:00,,20251020-001.gpx
47.6086351,19.1469772,137.75,2025-10-20 12:52:00.287000+00:00,,20251020-001.gpx
47.6086351,19.1469772,137.75,2025-10-20 12:52:00.488000+00:00,,20251020-001.gpx
47.6086351,19.1469772,137.75,2025-10-20 12:52:00.688000+00:00,,20251020-001.gpx
47.6086351,19.1469772,137.75,2025-10-20 12:52:00.889000+00:00,,20251020-001.gpx
47.6086351,19.1469772,137.75,2025-10-20 12:52:01.089000+00:00,,20251020-001.gpx
47.6086351,19.1469773,137.76,2025-10-20 12:52:01.297000+00:00,,20251020-001.gpx
47.6086351,19.1469773,137.77,2025-10-20 12:52:01.497000+00:00,,20251020-001.gpx
47.6086351,19.1469773,137.76,2025-10-20 12:52:01.697000+00:00,,20251020-001.gpx
47.6086351,19.1469773,137.76,2025-10-20 12:52:01.898000+00:00,,20251020-001.gpx
47.6086351,19.1469773,137.76,2025-10-20 12:52:02.098000+00:00,,20251020-001.gpx
47.6086351,19.1469773,137.76,2025-10-20 12:52:02.300000+00:00,,20251020-001.gpx
47.6086351,19.1469773,137.77,2025-10-20 12:52:02.500000+00:00,,20251020-001.gpx
47.6086351,19.1469773,137.77,2025-10-20 12:52:02.700000+00:00,,20251020-001.gpx
47.6086352,19.1469773,137.77,2025-10-20 12:52:02.900000+00:00,,20251020-001.gpx
47.6086352,19.1469773,137.77,2025-10-20 12:52:03.101000+00:00,,20251020-001.gpx
47.6086352,19.1469773,137.77,2025-10-20 12:52:03.302000+00:00,,20251020-001.gpx
47.6086352,19.1469773,137.77,2025-10-20 12:52:03.503000+00:00,,20251020-001.gpx
47.6086352,19.1469773,137.77,2025-10-20 12:52:03.704000+00:00,,20251020-001.gpx
47.6086352,19.1469773,137.77,2025-10-20 12:52:03.904000+00:00,,20251020-001.gpx
47.6086352,19.1469773,137.77,2025-10-20 12:52:04.105000+00:00,,20251020-001.gpx
47.6086352,19.1469773,137.78,2025-10-20 12:52:04.286000+00:00,,20251020-001.gpx
47.6086352,19.1469773,137.78,2025-10-20 12:52:04.487000+00:00,,20251020-001.gpx
47.6086351,19.1469773,137.78,2025-10-20 12:52:04.689000+00:00,,20251020-001.gpx
47.6086351,19.1469773,137.78,2025-10-20 12:52:04.890000+00:00,,20251020-001.gpx
47.6086351,19.1469773,137.78,2025-10-20 12:52:05.090000+00:00,,20251020-001.gpx
47.6086352,19.1469773,137.78,2025-10-20 12:52:05.292000+00:00,,20251020-001.gpx
47.6086352,19.1469773,137.79,2025-10-20 12:52:05.492000+00:00,,20251020-001.gpx
47.6086352,19.1469772,137.78,2025-10-20 12:52:05.693000+00:00,,20251020-001.gpx
47.6086352,19.1469772,137.78,2025-10-20 12:52:05.893000+00:00,,20251020-001.gpx
47.6086352,19.1469772,137.78,2025-10-20 12:52:06.093000+00:00,,20251020-001.gpx
47.6086352,19.1469772,137.78,2025-10-20 12:52:06.298000+00:00,,20251020-001.gpx
47.6086352,19.1469772,137.79,2025-10-20 12:52:06.499000+00:00,,20251020-001.gpx
47.6086352,19.1469771,137.79,2025-10-20 12:52:06.698000+00:00,,20251020-001.gpx
47.6086351,19.1469771,137.78,2025-10-20 12:52:06.898000+00:00,,20251020-001.gpx
47.6086351,19.1469771,137.78,2025-10-20 12:52:07.098000+00:00,,20251020-001.gpx
47.6086351,19.1469771,137.79,2025-10-20 12:52:07.300000+00:00,,20251020-001.gpx
47.6086351,19.1469772,137.79,2025-10-20 12:52:07.500000+00:00,,20251020-001.gpx
47.6086351,19.1469772,137.79,2025-10-20 12:52:07.700000+00:00,,20251020-001.gpx
47.6086351,19.1469772,137.79,2025-10-20 12:52:07.900000+00:00,,20251020-001.gpx
47.6086351,19.1469773,137.79,2025-10-20 12:52:08.100000+00:00,,20251020-001.gpx
47.6086351,19.1469773,137.8,2025-10-20 12:52:08.305000+00:00,,20251020-001.gpx
47.6086351,19.1469774,137.8,2025-10-20 12:52:08.506000+00:00,,20251020-001.gpx
47.6086351,19.1469774,137.8,2025-10-20 12:52:08.706000+00:00,,20251020-001.gpx
47.6086352,19.1469774,137.79,2025-10-20 12:52:08.907000+00:00,,20251020-001.gpx
47.6086352,19.1469775,137.79,2025-10-20 12:52:09.107000+00:00,,20251020-001.gpx
47.6086352,19.1469775,137.79,2025-10-20 12:52:09.308000+00:00,,20251020-001.gpx
47.6086352,19.1469775,137.79,2025-10-20 12:52:09.509000+00:00,,20251020-001.gpx
47.6086352,19.1469774,137.79,2025-10-20 12:52:09.709000+00:00,,20251020-001.gpx
47.6086352,19.1469774,137.8,2025-10-20 12:52:09.909000+00:00,,20251020-001.gpx
47.6086352,19.1469774,137.8,2025-10-20 12:52:10.110000+00:00,,20251020-001.gpx
47.6086352,19.1469774,137.8,2025-10-20 12:52:10.313000+00:00,,20251020-001.gpx
47.6086352,19.1469773,137.81,2025-10-20 12:52:10.514000+00:00,,20251020-001.gpx
47.6086352,19.1469773,137.81,2025-10-20 12:52:10.715000+00:00,,20251020-001.gpx
47.6086352,19.1469773,137.8,2025-10-20 12:52:10.915000+00:00,,20251020-001.gpx
47.6086352,19.1469773,137.81,2025-10-20 12:52:11.115000+00:00,,20251020-001.gpx
47.6086352,19.1469773,137.81,2025-10-20 12:52:11.318000+00:00,,20251020-001.gpx
47.6086352,19.1469773,137.82,2025-10-20 12:52:11.518000+00:00,,20251020-001.gpx
47.6086352,19.1469773,137.81,2025-10-20 12:52:11.718000+00:00,,20251020-001.gpx
47.6086352,19.1469773,137.81,2025-10-20 12:52:11.918000+00:00,,20251020-001.gpx
47.6086352,19.1469773,137.81,2025-10-20 12:52:12.118000+00:00,,20251020-001.gpx
47.6086352,19.1469774,137.81,2025-10-20 12:52:12.319000+00:00,,20251020-001.gpx
47.6086352,19.1469774,137.82,2025-10-20 12:52:12.519000+00:00,,20251020-001.gpx
47.6086352,19.1469773,137.82,2025-10-20 12:52:12.719000+00:00,,20251020-001.gpx
47.6086351,19.1469773,137.82,2025-10-20 12:52:12.919000+00:00,,20251020-001.gpx
47.6086351,19.1469772,137.83,2025-10-20 12:52:13.119000+00:00,,20251020-001.gpx
47.6086351,19.1469772,137.83,2025-10-20 12:52:13.325000+00:00,,20251020-001.gpx
47.6086351,19.1469772,137.84,2025-10-20 12:52:13.508000+00:00,,20251020-001.gpx
47.6086351,19.1469772,137.84,2025-10-20 12:52:13.709000+00:00,,20251020-001.gpx
47.6086351,19.1469772,137.84,2025-10-20 12:52:13.909000+00:00,,20251020-001.gpx
47.6086351,19.1469772,137.84,2025-10-20 12:52:14.109000+00:00,,20251020-001.gpx
47.6086351,19.1469772,137.85,2025-10-20 12:52:14.311000+00:00,,20251020-001.gpx
47.6086351,19.1469772,137.85,2025-10-20 12:52:14.511000+00:00,,20251020-001.gpx
47.6086351,19.1469772,137.86,2025-10-20 12:52:14.712000+00:00,,20251020-001.gpx
47.608635,19.1469772,137.86,2025-10-20 12:52:14.934000+00:00,,20251020-001.gpx
47.608635,19.1469772,137.86,2025-10-20 12:52:15.114000+00:00,,20251020-001.gpx
47.608635,19.1469772,137.86,2025-10-20 12:52:15.318000+00:00,,20251020-001.gpx
47.608635,19.1469772,137.87,2025-10-20 12:52:15.521000+00:00,,20251020-001.gpx
47.608635,19.1469773,137.87,2025-10-20 12:52:15.721000+00:00,,20251020-001.gpx
47.608635,19.1469773,137.88,2025-10-20 12:52:15.921000+00:00,,20251020-001.gpx
47.608635,19.1469772,137.89,2025-10-20 12:52:16.121000+00:00,,20251020-001.gpx
47.608635,19.1469772,137.89,2025-10-20 12:52:16.309000+00:00,,20251020-001.gpx
47.608635,19.1469773,137.89,2025-10-20 12:52:16.512000+00:00,,20251020-001.gpx
47.608635,19.1469773,137.9,2025-10-20 12:52:16.712000+00:00,,20251020-001.gpx
47.608635,19.1469773,137.89,2025-10-20 12:52:16.915000+00:00,,20251020-001.gpx
47.608635,19.1469773,137.89,2025-10-20 12:52:17.116000+00:00,,20251020-001.gpx
47.608635,19.1469773,137.9,2025-10-20 12:52:17.317000+00:00,,20251020-001.gpx
47.608635,19.1469773,137.91,2025-10-20 12:52:17.520000+00:00,,20251020-001.gpx
47.608635,19.1469773,137.9,2025-10-20 12:52:17.720000+00:00,,20251020-001.gpx
47.608635,19.1469773,137.91,2025-10-20 12:52:17.920000+00:00,,20251020-001.gpx
47.6086351,19.1469773,137.91,2025-10-20 12:52:18.122000+00:00,,20251020-001.gpx
47.6086351,19.1469774,137.92,2025-10-20 12:52:18.322000+00:00,,20251020-001.gpx
47.6086351,19.1469774,137.93,2025-10-20 12:52:18.523000+00:00,,20251020-001.gpx
47.6086351,19.1469774,137.93,2025-10-20 12:52:18.724000+00:00,,20251020-001.gpx
47.6086351,19.1469774,137.93,2025-10-20 12:52:18.924000+00:00,,20251020-001.gpx
47.6086351,19.1469774,137.93,2025-10-20 12:52:19.125000+00:00,,20251020-001.gpx
47.6086351,19.1469774,137.93,2025-10-20 12:52:19.345000+00:00,,20251020-001.gpx
47.6086351,19.1469774,137.94,2025-10-20 12:52:19.525000+00:00,,20251020-001.gpx
47.6086351,19.1469774,137.94,2025-10-20 12:52:19.725000+00:00,,20251020-001.gpx
47.6086351,19.1469774,137.94,2025-10-20 12:52:19.926000+00:00,,20251020-001.gpx
47.6086351,19.1469774,137.95,2025-10-20 12:52:20.127000+00:00,,20251020-001.gpx
47.6086351,19.1469774,137.96,2025-10-20 12:52:20.328000+00:00,,20251020-001.gpx
47.6086351,19.1469774,137.96,2025-10-20 12:52:20.528000+00:00,,20251020-001.gpx
47.6086351,19.1469774,137.96,2025-10-20 12:52:20.728000+00:00,,20251020-001.gpx
47.6086352,19.1469774,137.96,2025-10-20 12:52:20.928000+00:00,,20251020-001.gpx
47.6086352,19.1469774,137.95,2025-10-20 12:52:21.130000+00:00,,20251020-001.gpx
47.6086352,19.1469774,137.95,2025-10-20 12:52:21.336000+00:00,,20251020-001.gpx
47.6086352,19.1469774,137.95,2025-10-20 12:52:21.538000+00:00,,20251020-001.gpx
47.6086352,19.1469774,137.95,2025-10-20 12:52:21.738000+00:00,,20251020-001.gpx
47.6086352,19.1469773,137.95,2025-10-20 12:52:21.939000+00:00,,20251020-001.gpx
47.6086352,19.1469773,137.95,2025-10-20 12:52:22.140000+00:00,,20251020-001.gpx
47.6086352,19.1469773,137.96,2025-10-20 12:52:22.344000+00:00,,20251020-001.gpx
47.6086352,19.1469773,137.95,2025-10-20 12:52:22.527000+00:00,,20251020-001.gpx
47.6086352,19.1469773,137.96,2025-10-20 12:52:22.727000+00:00,,20251020-001.gpx
47.6086352,19.1469772,137.96,2025-10-20 12:52:22.928000+00:00,,20251020-001.gpx
47.6086352,19.1469773,137.96,2025-10-20 12:52:23.128000+00:00,,20251020-001.gpx
47.6086353,19.1469773,137.96,2025-10-20 12:52:23.329000+00:00,,20251020-001.gpx
47.6086353,19.1469773,137.96,2025-10-20 12:52:23.529000+00:00,,20251020-001.gpx
47.6086353,19.1469773,137.96,2025-10-20 12:52:23.749000+00:00,,20251020-001.gpx
47.6086353,19.1469773,137.95,2025-10-20 12:52:23.950000+00:00,,20251020-001.gpx
47.6086353,19.1469773,137.95,2025-10-20 12:52:24.151000+00:00,,20251020-001.gpx
47.6086353,19.1469773,137.96,2025-10-20 12:52:24.354000+00:00,,20251020-001.gpx
47.6086353,19.1469773,137.96,2025-10-20 12:52:24.536000+00:00,,20251020-001.gpx
47.6086353,19.1469773,137.96,2025-10-20 12:52:24.737000+00:00,,20251020-001.gpx
47.6086353,19.1469773,137.96,2025-10-20 12:52:24.940000+00:00,,20251020-001.gpx
47.6086353,19.1469773,137.96,2025-10-20 12:52:25.144000+00:00,,20251020-001.gpx
47.6086353,19.1469773,137.96,2025-10-20 12:52:25.347000+00:00,,20251020-001.gpx
47.6086354,19.1469773,137.96,2025-10-20 12:52:25.548000+00:00,,20251020-001.gpx
47.6086354,19.1469774,137.96,2025-10-20 12:52:25.749000+00:00,,20251020-001.gpx
47.6086354,19.1469774,137.96,2025-10-20 12:52:25.950000+00:00,,20251020-001.gpx
47.6086354,19.1469773,137.96,2025-10-20 12:52:26.150000+00:00,,20251020-001.gpx
47.6086354,19.1469773,137.96,2025-10-20 12:52:26.360000+00:00,,20251020-001.gpx
47.6086354,19.1469773,137.96,2025-10-20 12:52:26.540000+00:00,,20251020-001.gpx
47.6086353,19.1469773,137.96,2025-10-20 12:52:26.740000+00:00,,20251020-001.gpx
47.6086353,19.1469773,137.96,2025-10-20 12:52:26.940000+00:00,,20251020-001.gpx
47.6086353,19.1469772,137.97,2025-10-20 12:52:27.160000+00:00,,20251020-001.gpx
47.6086353,19.1469772,137.97,2025-10-20 12:52:27.363000+00:00,,20251020-001.gpx
47.6086353,19.1469772,137.98,2025-10-20 12:52:27.567000+00:00,,20251020-001.gpx
47.6086352,19.1469772,137.98,2025-10-20 12:52:27.747000+00:00,,20251020-001.gpx
47.6086352,19.1469772,137.97,2025-10-20 12:52:27.949000+00:00,,20251020-001.gpx
47.6086352,19.1469773,137.97,2025-10-20 12:52:28.150000+00:00,,20251020-001.gpx
47.6086352,19.1469773,137.97,2025-10-20 12:52:28.354000+00:00,,20251020-001.gpx
47.6086352,19.1469774,137.97,2025-10-20 12:52:28.554000+00:00,,20251020-001.gpx
47.6086352,19.1469774,137.97,2025-10-20 12:52:28.756000+00:00,,20251020-001.gpx
47.6086352,19.1469774,137.97,2025-10-20 12:52:28.957000+00:00,,20251020-001.gpx
47.6086352,19.1469774,137.97,2025-10-20 12:52:29.157000+00:00,,20251020-001.gpx
47.6086352,19.1469775,137.97,2025-10-20 12:52:29.358000+00:00,,20251020-001.gpx
47.6086352,19.1469775,137.97,2025-10-20 12:52:29.558000+00:00,,20251020-001.gpx
47.6086352,19.1469775,137.97,2025-10-20 12:52:29.760000+00:00,,20251020-001.gpx
47.6086352,19.1469776,137.97,2025-10-20 12:52:29.961000+00:00,,20251020-001.gpx
47.6086351,19.1469776,137.97,2025-10-20 12:52:30.162000+00:00,,20251020-001.gpx
47.6086351,19.1469776,137.97,2025-10-20 12:52:30.347000+00:00,,20251020-001.gpx
47.6086351,19.1469776,137.97,2025-10-20 12:52:30.547000+00:00,,20251020-001.gpx
47.6086351,19.1469775,137.97,2025-10-20 12:52:30.748000+00:00,,20251020-001.gpx
47.6086351,19.1469775,137.97,2025-10-20 12:52:30.948000+00:00,,20251020-001.gpx
47.6086351,19.1469775,137.97,2025-10-20 12:52:31.148000+00:00,,20251020-001.gpx
47.6086352,19.1469775,137.98,2025-10-20 12:52:31.351000+00:00,,20251020-001.gpx
47.6086352,19.1469775,137.98,2025-10-20 12:52:31.551000+00:00,,20251020-001.gpx
47.6086352,19.1469775,137.98,2025-10-20 12:52:31.752000+00:00,,20251020-001.gpx
47.6086352,19.1469775,137.97,2025-10-20 12:52:31.952000+00:00,,20251020-001.gpx
47.6086352,19.1469775,137.97,2025-10-20 12:52:32.153000+00:00,,20251020-001.gpx
47.6086352,19.1469775,137.97,2025-10-20 12:52:32.357000+00:00,,20251020-001.gpx
47.6086352,19.1469775,137.98,2025-10-20 12:52:32.559000+00:00,,20251020-001.gpx
47.6086351,19.1469774,137.98,2025-10-20 12:52:32.760000+00:00,,20251020-001.gpx
47.6086352,19.1469774,137.98,2025-10-20 12:52:32.961000+00:00,,20251020-001.gpx
47.6086352,19.1469774,137.98,2025-10-20 12:52:33.163000+00:00,,20251020-001.gpx
47.6086352,19.1469774,137.98,2025-10-20 12:52:33.363000+00:00,,20251020-001.gpx
47.6086352,19.1469774,137.98,2025-10-20 12:52:33.562000+00:00,,20251020-001.gpx
47.6086352,19.1469774,137.98,2025-10-20 12:52:33.763000+00:00,,20251020-001.gpx
47.6086352,19.1469773,137.98,2025-10-20 12:52:33.965000+00:00,,20251020-001.gpx
47.6086352,19.1469773,137.98,2025-10-20 12:52:34.165000+00:00,,20251020-001.gpx
47.6086352,19.1469773,137.98,2025-10-20 12:52:34.368000+00:00,,20251020-001.gpx
47.6086353,19.1469773,137.98,2025-10-20 12:52:34.548000+00:00,,20251020-001.gpx
47.6086353,19.1469772,137.98,2025-10-20 12:52:34.749000+00:00,,20251020-001.gpx
47.6086353,19.1469772,137.98,2025-10-20 12:52:34.948000+00:00,,20251020-001.gpx
47.6086353,19.1469772,137.99,2025-10-20 12:52:35.148000+00:00,,20251020-001.gpx
47.6086353,19.1469772,137.99,2025-10-20 12:52:35.350000+00:00,,20251020-001.gpx
47.6086353,19.1469772,137.99,2025-10-20 12:52:35.551000+00:00,,20251020-001.gpx
47.6086353,19.1469772,137.99,2025-10-20 12:52:35.751000+00:00,,20251020-001.gpx
47.6086353,19.1469772,137.99,2025-10-20 12:52:35.951000+00:00,,20251020-001.gpx
47.6086353,19.1469772,137.99,2025-10-20 12:52:36.152000+00:00,,20251020-001.gpx
47.6086353,19.1469772,137.99,2025-10-20 12:52:36.353000+00:00,,20251020-001.gpx
47.6086353,19.1469772,137.99,2025-10-20 12:52:36.553000+00:00,,20251020-001.gpx
47.6086354,19.1469772,138.0,2025-10-20 12:52:36.754000+00:00,,20251020-001.gpx
47.6086354,19.1469772,138.0,2025-10-20 12:52:36.954000+00:00,,20251020-001.gpx
47.6086354,19.1469772,138.0,2025-10-20 12:52:37.154000+00:00,,20251020-001.gpx
47.6086354,19.1469772,138.01,2025-10-20 12:52:37.357000+00:00,,20251020-001.gpx
47.6086353,19.1469772,138.0,2025-10-20 12:52:37.558000+00:00,,20251020-001.gpx
47.6086353,19.1469773,138.0,2025-10-20 12:52:37.759000+00:00,,20251020-001.gpx
47.6086353,19.1469773,138.0,2025-10-20 12:52:37.961000+00:00,,20251020-001.gpx
47.6086353,19.1469773,138.0,2025-10-20 12:52:38.121000+00:00,,20251020-001.gpx
47.6086353,19.1469773,138.0,2025-10-20 12:52:38.349000+00:00,,20251020-001.gpx
47.6086352,19.1469773,138.0,2025-10-20 12:52:38.550000+00:00,,20251020-001.gpx
47.6086352,19.1469773,138.0,2025-10-20 12:52:38.750000+00:00,,20251020-001.gpx
47.6086352,19.1469773,137.99,2025-10-20 12:52:38.950000+00:00,,20251020-001.gpx
47.6086352,19.1469773,137.99,2025-10-20 12:52:39.151000+00:00,,20251020-001.gpx
47.6086352,19.1469773,137.99,2025-10-20 12:52:39.356000+00:00,,20251020-001.gpx
47.6086352,19.1469774,138.0,2025-10-20 12:52:39.556000+00:00,,20251020-001.gpx
47.6086352,19.1469773,138.0,2025-10-20 12:52:39.757000+00:00,,20251020-001.gpx
47.6086352,19.1469773,137.99,2025-10-20 12:52:39.957000+00:00,,20251020-001.gpx
47.6086352,19.1469773,138.0,2025-10-20 12:52:40.137000+00:00,,20251020-001.gpx
47.6086352,19.1469772,138.0,2025-10-20 12:52:40.348000+00:00,,20251020-001.gpx
47.6086352,19.1469772,138.0,2025-10-20 12:52:40.569000+00:00,,20251020-001.gpx
47.6086352,19.1469772,137.99,2025-10-20 12:52:40.766000+00:00,,20251020-001.gpx
47.6086352,19.1469772,137.99,2025-10-20 12:52:40.950000+00:00,,20251020-001.gpx
47.6086352,19.1469771,137.99,2025-10-20 12:52:41.173000+00:00,,20251020-001.gpx
47.6086352,19.1469771,137.99,2025-10-20 12:52:41.357000+00:00,,20251020-001.gpx
47.6086352,19.1469771,137.99,2025-10-20 12:52:41.537000+00:00,,20251020-001.gpx
47.6086352,19.1469771,137.99,2025-10-20 12:52:41.758000+00:00,,20251020-001.gpx
47.6086352,19.1469772,137.98,2025-10-20 12:52:41.959000+00:00,,20251020-001.gpx
47.6086352,19.1469772,137.98,2025-10-20 12:52:42.161000+00:00,,20251020-001.gpx
47.6086352,19.1469772,137.99,2025-10-20 12:52:42.363000+00:00,,20251020-001.gpx
