time_s,bpf_hz,rpm,bpf_hz_smooth,rpm_smooth
0.0,58.59375,1171.875,58.59375,1171.875
0.128,58.59375,1171.875,58.59375,1171.875
0.256,56.640625,1132.8125,58.59375,1171.875
0.384,64.453125,1289.0625,58.59375,1171.875
0.512,64.453125,1289.0625,56.640625,1132.8125
0.64,54.6875,1093.75,54.6875,1093.75
0.768,54.6875,1093.75,54.6875,1093.75
0.8959999999999999,54.6875,1093.75,54.6875,1093.75
1.024,52.734375,1054.6875,54.6875,1093.75
1.152,50.78125,1015.625,54.6875,1093.75
1.28,56.640625,1132.8125,56.640625,1132.8125
1.408,56.640625,1132.8125,56.640625,1132.8125
1.536,64.453125,1289.0625,64.453125,1289.0625
1.664,64.453125,1289.0625,64.453125,1289.0625
1.792,64.453125,1289.0625,64.453125,1289.0625
1.9200000000000002,64.453125,1289.0625,64.453125,1289.0625
2.048,64.453125,1289.0625,64.453125,1289.0625
2.176,62.5,1250.0,62.5,1250.0
2.3040000000000003,56.640625,1132.8125,56.640625,1132.8125
2.4320000000000004,50.78125,1015.625,54.6875,1093.75
2.5599999999999996,54.6875,1093.75,54.6875,1093.75
2.6879999999999997,54.6875,1093.75,54.6875,1093.75
2.816,54.6875,1093.75,54.6875,1093.75
2.944,54.6875,1093.75,54.6875,1093.75
3.072,54.6875,1093.75,54.6875,1093.75
3.2,54.6875,1093.75,54.6875,1093.75
3.3280000000000003,54.6875,1093.75,54.6875,1093.75
3.4560000000000004,54.6875,1093.75,54.6875,1093.75
3.5839999999999996,54.6875,1093.75,54.6875,1093.75
3.7119999999999997,54.6875,1093.75,54.6875,1093.75
3.84,50.78125,1015.625,54.6875,1093.75
3.968,64.453125,1289.0625,54.6875,1093.75
4.096,64.453125,1289.0625,54.6875,1093.75
4.224,54.6875,1093.75,64.453125,1289.0625
4.351999999999999,54.6875,1093.75,64.453125,1289.0625
4.4799999999999995,64.453125,1289.0625,64.453125,1289.0625
4.608,64.453125,1289.0625,64.453125,1289.0625
4.736,64.453125,1289.0625,64.453125,1289.0625
4.864,64.453125,1289.0625,64.453125,1289.0625
4.992,66.40625,1328.125,64.453125,1289.0625
5.12,64.453125,1289.0625,64.453125,1289.0625
5.247999999999999,56.640625,1132.8125,56.640625,1132.8125
5.3759999999999994,56.640625,1132.8125,56.640625,1132.8125
5.504,56.640625,1132.8125,56.640625,1132.8125
5.632,56.640625,1132.8125,56.640625,1132.8125
5.76,56.640625,1132.8125,56.640625,1132.8125
5.888,62.5,1250.0,56.640625,1132.8125
6.016,56.640625,1132.8125,56.640625,1132.8125
6.144,54.6875,1093.75,56.640625,1132.8125
6.271999999999999,56.640625,1132.8125,56.640625,1132.8125
6.3999999999999995,56.640625,1132.8125,56.640625,1132.8125
6.528,56.640625,1132.8125,56.640625,1132.8125
6.656,56.640625,1132.8125,56.640625,1132.8125
6.784,52.734375,1054.6875,56.640625,1132.8125
6.912,52.734375,1054.6875,56.640625,1132.8125
7.04,56.640625,1132.8125,56.640625,1132.8125
7.168,56.640625,1132.8125,56.640625,1132.8125
7.295999999999999,56.640625,1132.8125,56.640625,1132.8125
7.4239999999999995,56.640625,1132.8125,56.640625,1132.8125
7.552,54.6875,1093.75,56.640625,1132.8125
7.68,54.6875,1093.75,56.640625,1132.8125
7.808,66.40625,1328.125,64.453125,1289.0625
7.936,66.40625,1328.125,64.453125,1289.0625
8.064,66.40625,1328.125,64.453125,1289.0625
8.192,64.453125,1289.0625,64.453125,1289.0625
8.32,64.453125,1289.0625,64.453125,1289.0625
8.448,62.5,1250.0,62.5,1250.0
8.576,58.59375,1171.875,58.59375,1171.875
8.704,52.734375,1054.6875,54.6875,1093.75
8.831999999999999,52.734375,1054.6875,54.6875,1093.75
8.959999999999999,54.6875,1093.75,54.6875,1093.75
9.088,54.6875,1093.75,54.6875,1093.75
9.216,62.5,1250.0,54.6875,1093.75
9.344,54.6875,1093.75,54.6875,1093.75
9.472,54.6875,1093.75,58.59375,1171.875
9.6,66.40625,1328.125,62.5,1250.0
9.728,62.5,1250.0,62.5,1250.0
9.856,58.59375,1171.875,66.40625,1328.125
9.984,66.40625,1328.125,66.40625,1328.125
10.112,66.40625,1328.125,66.40625,1328.125
10.24,66.40625,1328.125,66.40625,1328.125
10.368,58.59375,1171.875,66.40625,1328.125
10.496,66.40625,1328.125,66.40625,1328.125
10.624,54.6875,1093.75,58.59375,1171.875
10.751999999999999,54.6875,1093.75,56.640625,1132.8125
10.879999999999999,66.40625,1328.125,56.640625,1132.8125
11.008,56.640625,1132.8125,54.6875,1093.75
11.136,56.640625,1132.8125,56.640625,1132.8125
11.264,54.6875,1093.75,56.640625,1132.8125
11.392,50.78125,1015.625,56.640625,1132.8125
11.52,148.4375,2968.75,66.40625,1328.125
11.648,76.171875,1523.4375,66.40625,1328.125
11.776,66.40625,1328.125,66.40625,1328.125
11.904,66.40625,1328.125,66.40625,1328.125
12.032,66.40625,1328.125,66.40625,1328.125
12.16,66.40625,1328.125,66.40625,1328.125
12.288,66.40625,1328.125,66.40625,1328.125
12.416,54.6875,1093.75,60.546875,1210.9375
12.544,58.59375,1171.875,58.59375,1171.875
12.672,60.546875,1210.9375,56.640625,1132.8125
12.799999999999999,54.6875,1093.75,56.640625,1132.8125
12.927999999999999,54.6875,1093.75,56.640625,1132.8125
13.056,56.640625,1132.8125,56.640625,1132.8125
13.184,68.359375,1367.1875,56.640625,1132.8125
13.312,54.6875,1093.75,56.640625,1132.8125
13.44,68.359375,1367.1875,56.640625,1132.8125
13.568,107.421875,2148.4375,54.6875,1093.75
13.696,54.6875,1093.75,54.6875,1093.75
13.824,54.6875,1093.75,58.59375,1171.875
13.952,54.6875,1093.75,58.59375,1171.875
14.08,58.59375,1171.875,54.6875,1093.75
14.208,58.59375,1171.875,54.6875,1093.75
14.336,58.59375,1171.875,58.59375,1171.875
14.464,54.6875,1093.75,58.59375,1171.875
14.592,54.6875,1093.75,58.59375,1171.875
14.72,107.421875,2148.4375,54.6875,1093.75
14.847999999999999,107.421875,2148.4375,54.6875,1093.75
14.975999999999999,54.6875,1093.75,54.6875,1093.75
15.104,54.6875,1093.75,54.6875,1093.75
15.232,52.734375,1054.6875,52.734375,1054.6875
15.36,52.734375,1054.6875,52.734375,1054.6875
15.488,52.734375,1054.6875,52.734375,1054.6875
15.616,52.734375,1054.6875,52.734375,1054.6875
15.744,52.734375,1054.6875,52.734375,1054.6875
15.872,54.6875,1093.75,52.734375,1054.6875
16.0,56.640625,1132.8125,52.734375,1054.6875
16.128,134.765625,2695.3125,52.734375,1054.6875
16.256,50.78125,1015.625,54.6875,1093.75
16.384,50.78125,1015.625,54.6875,1093.75
16.512,50.78125,1015.625,54.6875,1093.75
16.64,56.640625,1132.8125,54.6875,1093.75
16.768,54.6875,1093.75,56.640625,1132.8125
16.896,56.640625,1132.8125,56.640625,1132.8125
17.024,56.640625,1132.8125,56.640625,1132.8125
17.152,56.640625,1132.8125,56.640625,1132.8125
17.28,56.640625,1132.8125,56.640625,1132.8125
17.408,146.484375,2929.6875,56.640625,1132.8125
17.536,52.734375,1054.6875,56.640625,1132.8125
17.664,56.640625,1132.8125,56.640625,1132.8125
17.791999999999998,56.640625,1132.8125,54.6875,1093.75
17.919999999999998,54.6875,1093.75,54.6875,1093.75
18.048,52.734375,1054.6875,54.6875,1093.75
18.176,54.6875,1093.75,54.6875,1093.75
18.304,54.6875,1093.75,54.6875,1093.75
18.432,50.78125,1015.625,54.6875,1093.75
18.56,82.03125,1640.625,54.6875,1093.75
18.688,56.640625,1132.8125,54.6875,1093.75
18.816,50.78125,1015.625,56.640625,1132.8125
18.944,52.734375,1054.6875,56.640625,1132.8125
19.072,56.640625,1132.8125,56.640625,1132.8125
19.2,70.3125,1406.25,56.640625,1132.8125
19.328,80.078125,1601.5625,58.59375,1171.875
19.456,54.6875,1093.75,58.59375,1171.875
19.584,58.59375,1171.875,58.59375,1171.875
19.712,58.59375,1171.875,54.6875,1093.75
19.84,52.734375,1054.6875,54.6875,1093.75
19.968,52.734375,1054.6875,58.59375,1171.875
20.096,54.6875,1093.75,56.640625,1132.8125
20.224,64.453125,1289.0625,56.640625,1132.8125
20.352,64.453125,1289.0625,60.546875,1210.9375
20.48,56.640625,1132.8125,62.5,1250.0
20.608,60.546875,1210.9375,62.5,1250.0
20.736,62.5,1250.0,60.546875,1210.9375
20.864,136.71875,2734.375,60.546875,1210.9375
20.992,50.78125,1015.625,60.546875,1210.9375
21.12,50.78125,1015.625,60.546875,1210.9375
21.248,60.546875,1210.9375,60.546875,1210.9375
21.376,60.546875,1210.9375,60.546875,1210.9375
21.504,132.8125,2656.25,60.546875,1210.9375
21.632,134.765625,2695.3125,60.546875,1210.9375
21.759999999999998,56.640625,1132.8125,60.546875,1210.9375
21.887999999999998,60.546875,1210.9375,60.546875,1210.9375
22.016,60.546875,1210.9375,56.640625,1132.8125
22.144,54.6875,1093.75,56.640625,1132.8125
22.272,54.6875,1093.75,56.640625,1132.8125
22.4,50.78125,1015.625,54.6875,1093.75
22.528,56.640625,1132.8125,54.6875,1093.75
22.656,56.640625,1132.8125,54.6875,1093.75
22.784,54.6875,1093.75,56.640625,1132.8125
22.912,52.734375,1054.6875,56.640625,1132.8125
23.04,62.5,1250.0,56.640625,1132.8125
23.168,56.640625,1132.8125,56.640625,1132.8125
23.296,56.640625,1132.8125,56.640625,1132.8125
23.424,56.640625,1132.8125,56.640625,1132.8125
23.552,56.640625,1132.8125,56.640625,1132.8125
23.68,52.734375,1054.6875,56.640625,1132.8125
23.808,54.6875,1093.75,54.6875,1093.75
23.936,54.6875,1093.75,54.6875,1093.75
24.064,58.59375,1171.875,54.6875,1093.75
24.192,54.6875,1093.75,54.6875,1093.75
24.32,52.734375,1054.6875,54.6875,1093.75
24.448,52.734375,1054.6875,54.6875,1093.75
24.576,52.734375,1054.6875,54.6875,1093.75
24.704,54.6875,1093.75,54.6875,1093.75
24.832,54.6875,1093.75,54.6875,1093.75
24.96,54.6875,1093.75,54.6875,1093.75
25.088,64.453125,1289.0625,58.59375,1171.875
25.216,60.546875,1210.9375,58.59375,1171.875
25.344,82.03125,1640.625,58.59375,1171.875
25.472,58.59375,1171.875,58.59375,1171.875
25.6,56.640625,1132.8125,58.59375,1171.875
25.728,54.6875,1093.75,58.59375,1171.875
25.855999999999998,50.78125,1015.625,58.59375,1171.875
25.983999999999998,64.453125,1289.0625,56.640625,1132.8125
26.112,64.453125,1289.0625,54.6875,1093.75
26.24,64.453125,1289.0625,54.6875,1093.75
26.368,54.6875,1093.75,54.6875,1093.75
26.496,54.6875,1093.75,54.6875,1093.75
26.624,54.6875,1093.75,54.6875,1093.75
26.752,54.6875,1093.75,54.6875,1093.75
26.88,52.734375,1054.6875,54.6875,1093.75
27.008,60.546875,1210.9375,54.6875,1093.75
27.136,60.546875,1210.9375,54.6875,1093.75
27.264,64.453125,1289.0625,54.6875,1093.75
27.392,52.734375,1054.6875,56.640625,1132.8125
27.52,52.734375,1054.6875,56.640625,1132.8125
27.648,54.6875,1093.75,56.640625,1132.8125
27.776,56.640625,1132.8125,56.640625,1132.8125
27.904,56.640625,1132.8125,56.640625,1132.8125
28.032,56.640625,1132.8125,56.640625,1132.8125
28.16,56.640625,1132.8125,56.640625,1132.8125
28.288,64.453125,1289.0625,56.640625,1132.8125
28.416,54.6875,1093.75,56.640625,1132.8125
28.544,56.640625,1132.8125,56.640625,1132.8125
28.672,56.640625,1132.8125,56.640625,1132.8125
28.8,56.640625,1132.8125,54.6875,1093.75
28.928,54.6875,1093.75,54.6875,1093.75
29.056,54.6875,1093.75,54.6875,1093.75
29.184,54.6875,1093.75,54.6875,1093.75
29.312,54.6875,1093.75,54.6875,1093.75
29.44,130.859375,2617.1875,54.6875,1093.75
29.568,56.640625,1132.8125,54.6875,1093.75
29.696,54.6875,1093.75,54.6875,1093.75
29.823999999999998,54.6875,1093.75,56.640625,1132.8125
29.951999999999998,52.734375,1054.6875,54.6875,1093.75
30.08,80.078125,1601.5625,54.6875,1093.75
30.208,56.640625,1132.8125,54.6875,1093.75
30.336,54.6875,1093.75,54.6875,1093.75
30.464,52.734375,1054.6875,56.640625,1132.8125
30.592,54.6875,1093.75,54.6875,1093.75
30.72,58.59375,1171.875,54.6875,1093.75
30.848,60.546875,1210.9375,54.6875,1093.75
30.976,52.734375,1054.6875,56.640625,1132.8125
31.104,52.734375,1054.6875,56.640625,1132.8125
31.232,82.03125,1640.625,56.640625,1132.8125
31.36,56.640625,1132.8125,56.640625,1132.8125
31.488,56.640625,1132.8125,56.640625,1132.8125
31.616,58.59375,1171.875,56.640625,1132.8125
31.744,56.640625,1132.8125,56.640625,1132.8125
31.872,52.734375,1054.6875,56.640625,1132.8125
32.0,54.6875,1093.75,54.6875,1093.75
32.128,54.6875,1093.75,54.6875,1093.75
32.256,82.03125,1640.625,54.6875,1093.75
32.384,54.6875,1093.75,54.6875,1093.75
32.512,54.6875,1093.75,54.6875,1093.75
32.64,52.734375,1054.6875,54.6875,1093.75
32.768,52.734375,1054.6875,54.6875,1093.75
32.896,52.734375,1054.6875,54.6875,1093.75
33.024,60.546875,1210.9375,54.6875,1093.75
33.152,62.5,1250.0,60.546875,1210.9375
33.28,62.5,1250.0,60.546875,1210.9375
33.408,54.6875,1093.75,60.546875,1210.9375
33.536,74.21875,1484.375,54.6875,1093.75
33.664,54.6875,1093.75,54.6875,1093.75
33.792,54.6875,1093.75,54.6875,1093.75
33.92,52.734375,1054.6875,54.6875,1093.75
34.048,54.6875,1093.75,54.6875,1093.75
34.176,54.6875,1093.75,54.6875,1093.75
34.304,54.6875,1093.75,54.6875,1093.75
34.432,54.6875,1093.75,54.6875,1093.75
34.56,54.6875,1093.75,54.6875,1093.75
34.688,64.453125,1289.0625,54.6875,1093.75
34.816,64.453125,1289.0625,54.6875,1093.75
34.944,82.03125,1640.625,54.6875,1093.75
35.072,54.6875,1093.75,54.6875,1093.75
35.2,54.6875,1093.75,54.6875,1093.75
35.328,54.6875,1093.75,54.6875,1093.75
35.456,54.6875,1093.75,54.6875,1093.75
35.584,54.6875,1093.75,54.6875,1093.75
35.712,54.6875,1093.75,54.6875,1093.75
35.839999999999996,58.59375,1171.875,58.59375,1171.875
35.967999999999996,60.546875,1210.9375,58.59375,1171.875
36.096,60.546875,1210.9375,58.59375,1171.875
36.224,82.03125,1640.625,58.59375,1171.875
36.352,54.6875,1093.75,60.546875,1210.9375
36.48,54.6875,1093.75,60.546875,1210.9375
36.608,54.6875,1093.75,54.6875,1093.75
36.736,82.03125,1640.625,54.6875,1093.75
36.864,66.40625,1328.125,60.546875,1210.9375
36.992,54.6875,1093.75,60.546875,1210.9375
37.12,70.3125,1406.25,66.40625,1328.125
37.248,60.546875,1210.9375,60.546875,1210.9375
37.376,60.546875,1210.9375,60.546875,1210.9375
37.504,140.625,2812.5,60.546875,1210.9375
37.632,52.734375,1054.6875,54.6875,1093.75
37.76,54.6875,1093.75,54.6875,1093.75
37.888,54.6875,1093.75,54.6875,1093.75
38.016,54.6875,1093.75,54.6875,1093.75
38.144,54.6875,1093.75,54.6875,1093.75
38.272,82.03125,1640.625,80.078125,1601.5625
38.4,82.03125,1640.625,82.03125,1640.625
38.528,80.078125,1601.5625,82.03125,1640.625
38.656,82.03125,1640.625,82.03125,1640.625
38.784,82.03125,1640.625,82.03125,1640.625
38.912,82.03125,1640.625,82.03125,1640.625
39.04,82.03125,1640.625,82.03125,1640.625
39.168,82.03125,1640.625,82.03125,1640.625
39.296,54.6875,1093.75,68.359375,1367.1875
39.424,68.359375,1367.1875,68.359375,1367.1875
39.552,54.6875,1093.75,58.59375,1171.875
39.68,58.59375,1171.875,56.640625,1132.8125
39.808,74.21875,1484.375,56.640625,1132.8125
39.936,56.640625,1132.8125,54.6875,1093.75
40.064,54.6875,1093.75,54.6875,1093.75
40.192,54.6875,1093.75,54.6875,1093.75
40.32,52.734375,1054.6875,54.6875,1093.75
40.448,54.6875,1093.75,54.6875,1093.75
40.576,54.6875,1093.75,54.6875,1093.75
40.704,52.734375,1054.6875,54.6875,1093.75
40.832,144.53125,2890.625,54.6875,1093.75
40.96,82.03125,1640.625,82.03125,1640.625
41.088,142.578125,2851.5625,82.03125,1640.625
41.216,54.6875,1093.75,82.03125,1640.625
41.344,136.71875,2734.375,56.640625,1132.8125
41.472,56.640625,1132.8125,54.6875,1093.75
41.6,54.6875,1093.75,54.6875,1093.75
41.728,54.6875,1093.75,54.6875,1093.75
41.856,50.78125,1015.625,54.6875,1093.75
41.984,50.78125,1015.625,54.6875,1093.75
42.112,54.6875,1093.75,54.6875,1093.75
42.24,54.6875,1093.75,54.6875,1093.75
42.368,54.6875,1093.75,54.6875,1093.75
42.496,54.6875,1093.75,54.6875,1093.75
42.624,54.6875,1093.75,54.6875,1093.75
42.752,54.6875,1093.75,54.6875,1093.75
42.88,54.6875,1093.75,54.6875,1093.75
43.008,54.6875,1093.75,54.6875,1093.75
43.136,54.6875,1093.75,54.6875,1093.75
43.264,68.359375,1367.1875,54.6875,1093.75
43.392,68.359375,1367.1875,54.6875,1093.75
43.52,54.6875,1093.75,54.6875,1093.75
43.648,80.078125,1601.5625,54.6875,1093.75
43.775999999999996,54.6875,1093.75,54.6875,1093.75
43.903999999999996,54.6875,1093.75,54.6875,1093.75
44.032,52.734375,1054.6875,54.6875,1093.75
44.16,58.59375,1171.875,54.6875,1093.75
44.288,54.6875,1093.75,54.6875,1093.75
44.416,52.734375,1054.6875,54.6875,1093.75
44.544,82.03125,1640.625,56.640625,1132.8125
44.672,54.6875,1093.75,56.640625,1132.8125
44.8,58.59375,1171.875,56.640625,1132.8125
44.928,56.640625,1132.8125,58.59375,1171.875
45.056,56.640625,1132.8125,58.59375,1171.875
45.184,58.59375,1171.875,58.59375,1171.875
45.312,72.265625,1445.3125,56.640625,1132.8125
45.44,70.3125,1406.25,58.59375,1171.875
45.568,50.78125,1015.625,58.59375,1171.875
45.696,52.734375,1054.6875,58.59375,1171.875
45.824,58.59375,1171.875,58.59375,1171.875
45.952,58.59375,1171.875,58.59375,1171.875
46.08,82.03125,1640.625,58.59375,1171.875
46.208,80.078125,1601.5625,58.59375,1171.875
46.336,58.59375,1171.875,58.59375,1171.875
46.464,50.78125,1015.625,58.59375,1171.875
46.592,50.78125,1015.625,58.59375,1171.875
46.72,52.734375,1054.6875,58.59375,1171.875
46.848,80.078125,1601.5625,54.6875,1093.75
46.976,80.078125,1601.5625,80.078125,1601.5625
47.104,80.078125,1601.5625,80.078125,1601.5625
47.232,54.6875,1093.75,80.078125,1601.5625
47.36,85.9375,1718.75,54.6875,1093.75
47.488,50.78125,1015.625,54.6875,1093.75
47.616,50.78125,1015.625,52.734375,1054.6875
47.744,54.6875,1093.75,52.734375,1054.6875
47.872,52.734375,1054.6875,52.734375,1054.6875
48.0,52.734375,1054.6875,52.734375,1054.6875
48.128,54.6875,1093.75,54.6875,1093.75
48.256,56.640625,1132.8125,54.6875,1093.75
48.384,50.78125,1015.625,54.6875,1093.75
48.512,87.890625,1757.8125,56.640625,1132.8125
48.64,87.890625,1757.8125,58.59375,1171.875
48.768,52.734375,1054.6875,58.59375,1171.875
48.896,68.359375,1367.1875,58.59375,1171.875
49.024,58.59375,1171.875,58.59375,1171.875
49.152,56.640625,1132.8125,58.59375,1171.875
49.28,58.59375,1171.875,58.59375,1171.875
49.408,58.59375,1171.875,58.59375,1171.875
49.536,82.03125,1640.625,58.59375,1171.875
49.664,50.78125,1015.625,58.59375,1171.875
49.792,50.78125,1015.625,54.6875,1093.75
49.92,78.125,1562.5,54.6875,1093.75
50.048,54.6875,1093.75,54.6875,1093.75
50.176,54.6875,1093.75,54.6875,1093.75
50.304,52.734375,1054.6875,58.59375,1171.875
50.432,66.40625,1328.125,54.6875,1093.75
50.56,58.59375,1171.875,54.6875,1093.75
50.688,60.546875,1210.9375,54.6875,1093.75
50.816,54.6875,1093.75,54.6875,1093.75
50.944,50.78125,1015.625,54.6875,1093.75
51.072,50.78125,1015.625,54.6875,1093.75
51.2,52.734375,1054.6875,52.734375,1054.6875
51.328,54.6875,1093.75,52.734375,1054.6875
51.456,54.6875,1093.75,54.6875,1093.75
51.584,52.734375,1054.6875,54.6875,1093.75
51.712,54.6875,1093.75,54.6875,1093.75
51.839999999999996,54.6875,1093.75,54.6875,1093.75
51.967999999999996,54.6875,1093.75,54.6875,1093.75
52.096,58.59375,1171.875,54.6875,1093.75
52.224,54.6875,1093.75,56.640625,1132.8125
52.352,62.5,1250.0,56.640625,1132.8125
52.48,62.5,1250.0,58.59375,1171.875
52.608,56.640625,1132.8125,62.5,1250.0
52.736,54.6875,1093.75,62.5,1250.0
52.864,72.265625,1445.3125,56.640625,1132.8125
52.992,70.3125,1406.25,56.640625,1132.8125
53.12,54.6875,1093.75,54.6875,1093.75
53.248,52.734375,1054.6875,54.6875,1093.75
53.376,58.59375,1171.875,54.6875,1093.75
53.504,54.6875,1093.75,52.734375,1054.6875
53.632,52.734375,1054.6875,52.734375,1054.6875
53.76,52.734375,1054.6875,52.734375,1054.6875
53.888,52.734375,1054.6875,52.734375,1054.6875
54.016,52.734375,1054.6875,52.734375,1054.6875
54.144,50.78125,1015.625,52.734375,1054.6875
54.272,50.78125,1015.625,52.734375,1054.6875
54.4,52.734375,1054.6875,52.734375,1054.6875
54.528,52.734375,1054.6875,52.734375,1054.6875
54.656,54.6875,1093.75,52.734375,1054.6875
54.784,52.734375,1054.6875,52.734375,1054.6875
54.912,58.59375,1171.875,52.734375,1054.6875
55.04,54.6875,1093.75,54.6875,1093.75
55.168,52.734375,1054.6875,52.734375,1054.6875
55.296,52.734375,1054.6875,54.6875,1093.75
55.424,54.6875,1093.75,54.6875,1093.75
55.552,52.734375,1054.6875,54.6875,1093.75
55.68,54.6875,1093.75,54.6875,1093.75
55.808,54.6875,1093.75,54.6875,1093.75
55.936,54.6875,1093.75,54.6875,1093.75
56.064,58.59375,1171.875,54.6875,1093.75
56.192,56.640625,1132.8125,54.6875,1093.75
56.32,54.6875,1093.75,54.6875,1093.75
56.448,52.734375,1054.6875,54.6875,1093.75
56.576,52.734375,1054.6875,54.6875,1093.75
56.704,54.6875,1093.75,52.734375,1054.6875
56.832,105.46875,2109.375,52.734375,1054.6875
56.96,52.734375,1054.6875,52.734375,1054.6875
57.088,52.734375,1054.6875,52.734375,1054.6875
57.216,54.6875,1093.75,52.734375,1054.6875
57.344,52.734375,1054.6875,52.734375,1054.6875
57.472,52.734375,1054.6875,54.6875,1093.75
57.6,54.6875,1093.75,54.6875,1093.75
57.728,54.6875,1093.75,54.6875,1093.75
57.856,54.6875,1093.75,54.6875,1093.75
57.984,60.546875,1210.9375,54.6875,1093.75
58.112,50.78125,1015.625,54.6875,1093.75
58.24,54.6875,1093.75,54.6875,1093.75
58.368,54.6875,1093.75,56.640625,1132.8125
58.496,56.640625,1132.8125,56.640625,1132.8125
58.624,56.640625,1132.8125,56.640625,1132.8125
58.752,58.59375,1171.875,56.640625,1132.8125
58.88,56.640625,1132.8125,56.640625,1132.8125
59.008,54.6875,1093.75,56.640625,1132.8125
59.136,56.640625,1132.8125,56.640625,1132.8125
59.264,58.59375,1171.875,56.640625,1132.8125
59.392,54.6875,1093.75,56.640625,1132.8125
59.52,80.078125,1601.5625,58.59375,1171.875
59.648,80.078125,1601.5625,62.5,1250.0
59.775999999999996,54.6875,1093.75,62.5,1250.0
59.903999999999996,62.5,1250.0,62.5,1250.0
60.032,68.359375,1367.1875,60.546875,1210.9375
60.16,56.640625,1132.8125,56.640625,1132.8125
60.288,60.546875,1210.9375,56.640625,1132.8125
60.416,52.734375,1054.6875,56.640625,1132.8125
60.544,54.6875,1093.75,56.640625,1132.8125
60.672,52.734375,1054.6875,60.546875,1210.9375
60.8,70.3125,1406.25,70.3125,1406.25
60.928,72.265625,1445.3125,70.3125,1406.25
61.056,107.421875,2148.4375,70.3125,1406.25
61.184,107.421875,2148.4375,70.3125,1406.25
61.312,52.734375,1054.6875,54.6875,1093.75
61.44,52.734375,1054.6875,54.6875,1093.75
61.568,54.6875,1093.75,54.6875,1093.75
61.696,54.6875,1093.75,54.6875,1093.75
61.824,54.6875,1093.75,54.6875,1093.75
61.952,54.6875,1093.75,54.6875,1093.75
62.08,54.6875,1093.75,54.6875,1093.75
62.208,54.6875,1093.75,54.6875,1093.75
62.336,52.734375,1054.6875,54.6875,1093.75
62.464,70.3125,1406.25,56.640625,1132.8125
62.592,70.3125,1406.25,58.59375,1171.875
62.72,58.59375,1171.875,58.59375,1171.875
62.848,56.640625,1132.8125,58.59375,1171.875
62.976,58.59375,1171.875,58.59375,1171.875
63.104,50.78125,1015.625,58.59375,1171.875
63.232,52.734375,1054.6875,58.59375,1171.875
63.36,70.3125,1406.25,58.59375,1171.875
63.488,70.3125,1406.25,54.6875,1093.75
63.616,62.5,1250.0,62.5,1250.0
63.744,54.6875,1093.75,62.5,1250.0
63.872,50.78125,1015.625,54.6875,1093.75
64.0,62.5,1250.0,54.6875,1093.75
64.128,52.734375,1054.6875,54.6875,1093.75
64.256,54.6875,1093.75,62.5,1250.0
64.384,74.21875,1484.375,62.5,1250.0
64.512,64.453125,1289.0625,54.6875,1093.75
64.64,68.359375,1367.1875,54.6875,1093.75
64.768,54.6875,1093.75,54.6875,1093.75
64.896,54.6875,1093.75,54.6875,1093.75
65.024,52.734375,1054.6875,54.6875,1093.75
65.152,52.734375,1054.6875,54.6875,1093.75
65.28,54.6875,1093.75,54.6875,1093.75
65.408,70.3125,1406.25,54.6875,1093.75
65.536,64.453125,1289.0625,60.546875,1210.9375
65.664,50.78125,1015.625,62.5,1250.0
65.792,60.546875,1210.9375,62.5,1250.0
65.92,62.5,1250.0,60.546875,1210.9375
66.048,62.5,1250.0,54.6875,1093.75
66.176,54.6875,1093.75,56.640625,1132.8125
66.304,52.734375,1054.6875,56.640625,1132.8125
66.432,54.6875,1093.75,54.6875,1093.75
66.56,56.640625,1132.8125,54.6875,1093.75
66.688,56.640625,1132.8125,54.6875,1093.75
66.816,54.6875,1093.75,56.640625,1132.8125
66.944,54.6875,1093.75,56.640625,1132.8125
67.072,66.40625,1328.125,56.640625,1132.8125
67.2,68.359375,1367.1875,54.6875,1093.75
67.328,66.40625,1328.125,54.6875,1093.75
67.456,54.6875,1093.75,54.6875,1093.75
67.584,52.734375,1054.6875,52.734375,1054.6875
67.712,50.78125,1015.625,52.734375,1054.6875
67.84,50.78125,1015.625,52.734375,1054.6875
67.968,52.734375,1054.6875,52.734375,1054.6875
68.096,54.6875,1093.75,52.734375,1054.6875
68.224,64.453125,1289.0625,54.6875,1093.75
68.352,50.78125,1015.625,54.6875,1093.75
68.48,54.6875,1093.75,54.6875,1093.75
68.608,54.6875,1093.75,54.6875,1093.75
68.736,70.3125,1406.25,54.6875,1093.75
68.864,52.734375,1054.6875,54.6875,1093.75
68.992,54.6875,1093.75,54.6875,1093.75
69.12,54.6875,1093.75,56.640625,1132.8125
69.248,56.640625,1132.8125,56.640625,1132.8125
69.376,66.40625,1328.125,56.640625,1132.8125
69.504,62.5,1250.0,58.59375,1171.875
69.632,66.40625,1328.125,58.59375,1171.875
69.76,50.78125,1015.625,62.5,1250.0
69.888,58.59375,1171.875,62.5,1250.0
70.016,50.78125,1015.625,64.453125,1289.0625
70.144,64.453125,1289.0625,64.453125,1289.0625
70.272,64.453125,1289.0625,64.453125,1289.0625
70.4,66.40625,1328.125,64.453125,1289.0625
70.528,66.40625,1328.125,64.453125,1289.0625
70.656,52.734375,1054.6875,56.640625,1132.8125
70.784,54.6875,1093.75,56.640625,1132.8125
70.912,56.640625,1132.8125,56.640625,1132.8125
71.04,50.78125,1015.625,54.6875,1093.75
71.168,66.40625,1328.125,54.6875,1093.75
71.296,66.40625,1328.125,56.640625,1132.8125
71.424,54.6875,1093.75,64.453125,1289.0625
71.552,54.6875,1093.75,64.453125,1289.0625
71.68,64.453125,1289.0625,64.453125,1289.0625
71.80799999999999,64.453125,1289.0625,56.640625,1132.8125
71.93599999999999,82.03125,1640.625,64.453125,1289.0625
72.064,56.640625,1132.8125,64.453125,1289.0625
72.192,56.640625,1132.8125,56.640625,1132.8125
72.32,107.421875,2148.4375,56.640625,1132.8125
72.448,50.78125,1015.625,56.640625,1132.8125
72.576,54.6875,1093.75,56.640625,1132.8125
72.704,56.640625,1132.8125,62.5,1250.0
72.832,66.40625,1328.125,62.5,1250.0
72.96,62.5,1250.0,62.5,1250.0
73.088,62.5,1250.0,66.40625,1328.125
73.216,134.765625,2695.3125,66.40625,1328.125
73.344,134.765625,2695.3125,62.5,1250.0
73.472,134.765625,2695.3125,62.5,1250.0
73.6,50.78125,1015.625,50.78125,1015.625
73.728,50.78125,1015.625,50.78125,1015.625
73.856,50.78125,1015.625,50.78125,1015.625
73.984,50.78125,1015.625,50.78125,1015.625
74.112,52.734375,1054.6875,52.734375,1054.6875
74.24,52.734375,1054.6875,52.734375,1054.6875
74.368,52.734375,1054.6875,52.734375,1054.6875
74.496,54.6875,1093.75,54.6875,1093.75
74.624,66.40625,1328.125,54.6875,1093.75
74.752,64.453125,1289.0625,54.6875,1093.75
74.88,54.6875,1093.75,54.6875,1093.75
75.008,54.6875,1093.75,56.640625,1132.8125
75.136,54.6875,1093.75,56.640625,1132.8125
75.264,56.640625,1132.8125,56.640625,1132.8125
75.392,56.640625,1132.8125,56.640625,1132.8125
75.52,134.765625,2695.3125,62.5,1250.0
75.648,62.5,1250.0,62.5,1250.0
75.776,64.453125,1289.0625,62.5,1250.0
75.904,62.5,1250.0,62.5,1250.0
76.032,62.5,1250.0,62.5,1250.0
76.16,50.78125,1015.625,62.5,1250.0
76.288,50.78125,1015.625,62.5,1250.0
76.416,107.421875,2148.4375,54.6875,1093.75
76.544,54.6875,1093.75,54.6875,1093.75
76.672,62.5,1250.0,56.640625,1132.8125
76.8,50.78125,1015.625,62.5,1250.0
76.928,56.640625,1132.8125,62.5,1250.0
77.056,74.21875,1484.375,62.5,1250.0
77.184,74.21875,1484.375,74.21875,1484.375
77.312,74.21875,1484.375,74.21875,1484.375
77.44,52.734375,1054.6875,74.21875,1484.375
77.568,140.625,2812.5,74.21875,1484.375
77.696,76.171875,1523.4375,74.21875,1484.375
77.824,54.6875,1093.75,76.171875,1523.4375
77.952,64.453125,1289.0625,140.625,2812.5
78.08,146.484375,2929.6875,144.53125,2890.625
78.208,146.484375,2929.6875,144.53125,2890.625
78.336,144.53125,2890.625,144.53125,2890.625
78.464,144.53125,2890.625,146.484375,2929.6875
78.592,52.734375,1054.6875,144.53125,2890.625
78.72,146.484375,2929.6875,144.53125,2890.625
78.848,146.484375,2929.6875,144.53125,2890.625
78.976,142.578125,2851.5625,144.53125,2890.625
79.104,144.53125,2890.625,144.53125,2890.625
79.232,144.53125,2890.625,142.578125,2851.5625
79.36,50.78125,1015.625,50.78125,1015.625
79.488,50.78125,1015.625,50.78125,1015.625
79.616,50.78125,1015.625,50.78125,1015.625
79.744,50.78125,1015.625,50.78125,1015.625
79.872,138.671875,2773.4375,50.78125,1015.625
80.0,50.78125,1015.625,50.78125,1015.625
80.128,50.78125,1015.625,50.78125,1015.625
80.256,50.78125,1015.625,50.78125,1015.625
80.384,50.78125,1015.625,50.78125,1015.625
80.512,50.78125,1015.625,50.78125,1015.625
80.64,50.78125,1015.625,50.78125,1015.625
80.768,50.78125,1015.625,50.78125,1015.625
80.896,50.78125,1015.625,50.78125,1015.625
81.024,50.78125,1015.625,50.78125,1015.625
81.152,50.78125,1015.625,50.78125,1015.625
81.28,54.6875,1093.75,50.78125,1015.625
81.408,54.6875,1093.75,50.78125,1015.625
81.536,64.453125,1289.0625,50.78125,1015.625
81.664,50.78125,1015.625,50.78125,1015.625
81.792,50.78125,1015.625,50.78125,1015.625
81.92,50.78125,1015.625,50.78125,1015.625
82.048,50.78125,1015.625,50.78125,1015.625
82.176,50.78125,1015.625,50.78125,1015.625
82.304,62.5,1250.0,50.78125,1015.625
82.432,50.78125,1015.625,50.78125,1015.625
82.56,50.78125,1015.625,50.78125,1015.625
82.688,50.78125,1015.625,50.78125,1015.625
82.816,50.78125,1015.625,50.78125,1015.625
82.944,66.40625,1328.125,50.78125,1015.625
83.072,52.734375,1054.6875,50.78125,1015.625
83.2,52.734375,1054.6875,52.734375,1054.6875
83.328,50.78125,1015.625,52.734375,1054.6875
83.456,50.78125,1015.625,52.734375,1054.6875
83.584,52.734375,1054.6875,50.78125,1015.625
83.712,50.78125,1015.625,50.78125,1015.625
83.84,52.734375,1054.6875,50.78125,1015.625
83.968,50.78125,1015.625,52.734375,1054.6875
84.096,50.78125,1015.625,52.734375,1054.6875
84.224,52.734375,1054.6875,52.734375,1054.6875
84.352,52.734375,1054.6875,52.734375,1054.6875
84.48,54.6875,1093.75,52.734375,1054.6875
84.608,50.78125,1015.625,52.734375,1054.6875
84.736,52.734375,1054.6875,52.734375,1054.6875
84.864,52.734375,1054.6875,52.734375,1054.6875
84.992,50.78125,1015.625,52.734375,1054.6875
85.12,52.734375,1054.6875,52.734375,1054.6875
85.248,52.734375,1054.6875,52.734375,1054.6875
85.376,52.734375,1054.6875,52.734375,1054.6875
85.504,52.734375,1054.6875,52.734375,1054.6875
85.632,52.734375,1054.6875,52.734375,1054.6875
85.76,50.78125,1015.625,52.734375,1054.6875
85.888,52.734375,1054.6875,52.734375,1054.6875
86.016,52.734375,1054.6875,52.734375,1054.6875
86.144,52.734375,1054.6875,52.734375,1054.6875
86.272,52.734375,1054.6875,52.734375,1054.6875
86.4,62.5,1250.0,52.734375,1054.6875
86.528,58.59375,1171.875,52.734375,1054.6875
86.656,52.734375,1054.6875,58.59375,1171.875
86.784,52.734375,1054.6875,62.5,1250.0
86.912,62.5,1250.0,62.5,1250.0
87.04,64.453125,1289.0625,62.5,1250.0
87.168,64.453125,1289.0625,62.5,1250.0
87.296,62.5,1250.0,62.5,1250.0
87.424,50.78125,1015.625,60.546875,1210.9375
87.552,50.78125,1015.625,60.546875,1210.9375
87.68,60.546875,1210.9375,52.734375,1054.6875
87.80799999999999,50.78125,1015.625,52.734375,1054.6875
87.93599999999999,60.546875,1210.9375,54.6875,1093.75
88.064,52.734375,1054.6875,54.6875,1093.75
88.192,54.6875,1093.75,54.6875,1093.75
88.32,54.6875,1093.75,54.6875,1093.75
88.448,54.6875,1093.75,54.6875,1093.75
88.576,54.6875,1093.75,54.6875,1093.75
88.704,50.78125,1015.625,54.6875,1093.75
88.832,54.6875,1093.75,50.78125,1015.625
88.96,50.78125,1015.625,50.78125,1015.625
89.088,50.78125,1015.625,50.78125,1015.625
89.216,50.78125,1015.625,52.734375,1054.6875
89.344,60.546875,1210.9375,50.78125,1015.625
89.472,70.3125,1406.25,52.734375,1054.6875
89.6,52.734375,1054.6875,54.6875,1093.75
89.728,50.78125,1015.625,54.6875,1093.75
89.856,56.640625,1132.8125,54.6875,1093.75
89.984,54.6875,1093.75,54.6875,1093.75
90.112,54.6875,1093.75,54.6875,1093.75
90.24,54.6875,1093.75,54.6875,1093.75
90.368,54.6875,1093.75,54.6875,1093.75
90.496,56.640625,1132.8125,54.6875,1093.75
90.624,50.78125,1015.625,54.6875,1093.75
90.752,50.78125,1015.625,54.6875,1093.75
90.88,52.734375,1054.6875,52.734375,1054.6875
91.008,54.6875,1093.75,52.734375,1054.6875
91.136,66.40625,1328.125,52.734375,1054.6875
91.264,52.734375,1054.6875,52.734375,1054.6875
91.392,50.78125,1015.625,52.734375,1054.6875
91.52,50.78125,1015.625,52.734375,1054.6875
91.648,52.734375,1054.6875,52.734375,1054.6875
91.776,54.6875,1093.75,54.6875,1093.75
91.904,58.59375,1171.875,54.6875,1093.75
92.032,56.640625,1132.8125,54.6875,1093.75
92.16,56.640625,1132.8125,54.6875,1093.75
92.288,54.6875,1093.75,56.640625,1132.8125
92.416,52.734375,1054.6875,56.640625,1132.8125
92.544,52.734375,1054.6875,54.6875,1093.75
92.672,56.640625,1132.8125,54.6875,1093.75
92.8,56.640625,1132.8125,54.6875,1093.75
92.928,54.6875,1093.75,56.640625,1132.8125
93.056,72.265625,1445.3125,56.640625,1132.8125
93.184,52.734375,1054.6875,56.640625,1132.8125
93.312,56.640625,1132.8125,56.640625,1132.8125
93.44,56.640625,1132.8125,56.640625,1132.8125
93.568,58.59375,1171.875,56.640625,1132.8125
93.696,56.640625,1132.8125,56.640625,1132.8125
93.824,58.59375,1171.875,58.59375,1171.875
93.952,56.640625,1132.8125,58.59375,1171.875
94.08,58.59375,1171.875,58.59375,1171.875
94.208,107.421875,2148.4375,58.59375,1171.875
94.336,58.59375,1171.875,56.640625,1132.8125
94.464,54.6875,1093.75,54.6875,1093.75
94.592,54.6875,1093.75,54.6875,1093.75
94.72,54.6875,1093.75,54.6875,1093.75
94.848,52.734375,1054.6875,54.6875,1093.75
94.976,52.734375,1054.6875,54.6875,1093.75
95.104,58.59375,1171.875,54.6875,1093.75
95.232,58.59375,1171.875,54.6875,1093.75
95.36,54.6875,1093.75,54.6875,1093.75
95.488,54.6875,1093.75,54.6875,1093.75
95.616,54.6875,1093.75,54.6875,1093.75
95.744,54.6875,1093.75,54.6875,1093.75
95.872,56.640625,1132.8125,54.6875,1093.75
96.0,52.734375,1054.6875,54.6875,1093.75
96.128,56.640625,1132.8125,54.6875,1093.75
96.256,54.6875,1093.75,54.6875,1093.75
96.384,54.6875,1093.75,54.6875,1093.75
96.512,50.78125,1015.625,56.640625,1132.8125
96.64,60.546875,1210.9375,58.59375,1171.875
96.768,58.59375,1171.875,60.546875,1210.9375
96.896,70.3125,1406.25,60.546875,1210.9375
97.024,62.5,1250.0,60.546875,1210.9375
97.152,62.5,1250.0,58.59375,1171.875
97.28,54.6875,1093.75,54.6875,1093.75
97.408,54.6875,1093.75,54.6875,1093.75
97.536,52.734375,1054.6875,52.734375,1054.6875
97.664,52.734375,1054.6875,52.734375,1054.6875
97.792,52.734375,1054.6875,52.734375,1054.6875
97.92,52.734375,1054.6875,52.734375,1054.6875
98.048,52.734375,1054.6875,52.734375,1054.6875
98.176,56.640625,1132.8125,52.734375,1054.6875
98.304,54.6875,1093.75,52.734375,1054.6875
98.432,54.6875,1093.75,54.6875,1093.75
98.56,52.734375,1054.6875,54.6875,1093.75
98.688,52.734375,1054.6875,54.6875,1093.75
98.816,54.6875,1093.75,54.6875,1093.75
98.944,54.6875,1093.75,54.6875,1093.75
99.072,60.546875,1210.9375,54.6875,1093.75
99.2,60.546875,1210.9375,54.6875,1093.75
99.328,52.734375,1054.6875,60.546875,1210.9375
99.456,50.78125,1015.625,60.546875,1210.9375
99.584,80.078125,1601.5625,60.546875,1210.9375
99.712,82.03125,1640.625,54.6875,1093.75
99.84,64.453125,1289.0625,54.6875,1093.75
99.968,54.6875,1093.75,64.453125,1289.0625
100.096,54.6875,1093.75,54.6875,1093.75
100.224,52.734375,1054.6875,54.6875,1093.75
100.352,107.421875,2148.4375,54.6875,1093.75
100.48,50.78125,1015.625,60.546875,1210.9375
100.608,60.546875,1210.9375,60.546875,1210.9375
100.736,60.546875,1210.9375,60.546875,1210.9375
100.864,60.546875,1210.9375,52.734375,1054.6875
100.992,50.78125,1015.625,60.546875,1210.9375
101.12,52.734375,1054.6875,60.546875,1210.9375
101.248,52.734375,1054.6875,54.6875,1093.75
101.376,60.546875,1210.9375,52.734375,1054.6875
101.504,62.5,1250.0,54.6875,1093.75
101.632,54.6875,1093.75,60.546875,1210.9375
101.76,52.734375,1054.6875,60.546875,1210.9375
101.888,60.546875,1210.9375,60.546875,1210.9375
102.016,62.5,1250.0,60.546875,1210.9375
102.144,60.546875,1210.9375,60.546875,1210.9375
102.272,60.546875,1210.9375,60.546875,1210.9375
102.4,52.734375,1054.6875,60.546875,1210.9375
102.528,52.734375,1054.6875,60.546875,1210.9375
102.656,62.5,1250.0,62.5,1250.0
102.784,62.5,1250.0,62.5,1250.0
102.912,62.5,1250.0,62.5,1250.0
103.04,62.5,1250.0,62.5,1250.0
103.168,62.5,1250.0,62.5,1250.0
103.296,62.5,1250.0,62.5,1250.0
103.424,62.5,1250.0,62.5,1250.0
103.552,62.5,1250.0,62.5,1250.0
103.68,54.6875,1093.75,62.5,1250.0
103.80799999999999,52.734375,1054.6875,60.546875,1210.9375
103.93599999999999,52.734375,1054.6875,54.6875,1093.75
104.064,70.3125,1406.25,54.6875,1093.75
104.192,60.546875,1210.9375,54.6875,1093.75
104.32,54.6875,1093.75,54.6875,1093.75
104.448,54.6875,1093.75,54.6875,1093.75
104.576,54.6875,1093.75,54.6875,1093.75
104.704,56.640625,1132.8125,54.6875,1093.75
104.832,50.78125,1015.625,54.6875,1093.75
104.96,52.734375,1054.6875,54.6875,1093.75
105.088,54.6875,1093.75,54.6875,1093.75
105.216,54.6875,1093.75,54.6875,1093.75
105.344,54.6875,1093.75,54.6875,1093.75
105.472,54.6875,1093.75,54.6875,1093.75
105.6,54.6875,1093.75,54.6875,1093.75
105.728,54.6875,1093.75,54.6875,1093.75
105.856,66.40625,1328.125,54.6875,1093.75
105.984,64.453125,1289.0625,54.6875,1093.75
106.112,54.6875,1093.75,54.6875,1093.75
106.24,54.6875,1093.75,54.6875,1093.75
106.368,66.40625,1328.125,54.6875,1093.75
106.496,52.734375,1054.6875,54.6875,1093.75
106.624,54.6875,1093.75,54.6875,1093.75
106.752,54.6875,1093.75,66.40625,1328.125
106.88,68.359375,1367.1875,54.6875,1093.75
107.008,68.359375,1367.1875,66.40625,1328.125
107.136,68.359375,1367.1875,66.40625,1328.125
107.264,52.734375,1054.6875,68.359375,1367.1875
107.392,66.40625,1328.125,68.359375,1367.1875
107.52,66.40625,1328.125,66.40625,1328.125
107.648,68.359375,1367.1875,66.40625,1328.125
107.776,136.71875,2734.375,66.40625,1328.125
107.904,64.453125,1289.0625,64.453125,1289.0625
108.032,54.6875,1093.75,54.6875,1093.75
108.16,52.734375,1054.6875,54.6875,1093.75
108.288,54.6875,1093.75,54.6875,1093.75
108.416,54.6875,1093.75,54.6875,1093.75
108.544,54.6875,1093.75,54.6875,1093.75
108.672,54.6875,1093.75,54.6875,1093.75
108.8,54.6875,1093.75,54.6875,1093.75
108.928,54.6875,1093.75,54.6875,1093.75
109.056,68.359375,1367.1875,54.6875,1093.75
109.184,62.5,1250.0,54.6875,1093.75
109.312,70.3125,1406.25,62.5,1250.0
109.44,54.6875,1093.75,68.359375,1367.1875
109.568,54.6875,1093.75,62.5,1250.0
109.696,68.359375,1367.1875,54.6875,1093.75
109.824,107.421875,2148.4375,54.6875,1093.75
109.952,54.6875,1093.75,54.6875,1093.75
110.08,54.6875,1093.75,60.546875,1210.9375
110.208,52.734375,1054.6875,60.546875,1210.9375
110.336,60.546875,1210.9375,54.6875,1093.75
110.464,146.484375,2929.6875,54.6875,1093.75
110.592,146.484375,2929.6875,54.6875,1093.75
110.72,54.6875,1093.75,60.546875,1210.9375
110.848,52.734375,1054.6875,56.640625,1132.8125
110.976,54.6875,1093.75,56.640625,1132.8125
111.104,80.078125,1601.5625,56.640625,1132.8125
111.232,56.640625,1132.8125,56.640625,1132.8125
111.36,56.640625,1132.8125,56.640625,1132.8125
111.488,132.8125,2656.25,68.359375,1367.1875
111.616,128.90625,2578.125,68.359375,1367.1875
111.744,50.78125,1015.625,68.359375,1367.1875
111.872,68.359375,1367.1875,68.359375,1367.1875
112.0,68.359375,1367.1875,52.734375,1054.6875
112.128,52.734375,1054.6875,52.734375,1054.6875
112.256,50.78125,1015.625,54.6875,1093.75
112.384,52.734375,1054.6875,54.6875,1093.75
112.512,54.6875,1093.75,54.6875,1093.75
112.64,64.453125,1289.0625,64.453125,1289.0625
112.768,68.359375,1367.1875,68.359375,1367.1875
112.896,68.359375,1367.1875,68.359375,1367.1875
113.024,68.359375,1367.1875,68.359375,1367.1875
113.152,68.359375,1367.1875,68.359375,1367.1875
113.28,62.5,1250.0,68.359375,1367.1875
113.408,68.359375,1367.1875,62.5,1250.0
113.536,52.734375,1054.6875,54.6875,1093.75
113.664,52.734375,1054.6875,54.6875,1093.75
113.792,54.6875,1093.75,54.6875,1093.75
113.92,54.6875,1093.75,54.6875,1093.75
114.048,68.359375,1367.1875,68.359375,1367.1875
114.176,68.359375,1367.1875,68.359375,1367.1875
114.304,68.359375,1367.1875,68.359375,1367.1875
114.432,68.359375,1367.1875,68.359375,1367.1875
114.56,68.359375,1367.1875,68.359375,1367.1875
114.688,68.359375,1367.1875,68.359375,1367.1875
114.816,68.359375,1367.1875,68.359375,1367.1875
114.944,68.359375,1367.1875,68.359375,1367.1875
115.072,68.359375,1367.1875,68.359375,1367.1875
115.2,68.359375,1367.1875,68.359375,1367.1875
115.328,68.359375,1367.1875,68.359375,1367.1875
115.456,70.3125,1406.25,68.359375,1367.1875
115.584,68.359375,1367.1875,68.359375,1367.1875
115.712,68.359375,1367.1875,68.359375,1367.1875
115.84,68.359375,1367.1875,68.359375,1367.1875
115.968,68.359375,1367.1875,68.359375,1367.1875
116.096,52.734375,1054.6875,68.359375,1367.1875
116.224,50.78125,1015.625,68.359375,1367.1875
116.352,68.359375,1367.1875,68.359375,1367.1875
116.48,68.359375,1367.1875,68.359375,1367.1875
116.608,70.3125,1406.25,68.359375,1367.1875
116.736,74.21875,1484.375,68.359375,1367.1875
116.864,68.359375,1367.1875,68.359375,1367.1875
116.992,54.6875,1093.75,70.3125,1406.25
117.12,52.734375,1054.6875,70.3125,1406.25
117.248,70.3125,1406.25,70.3125,1406.25
117.376,70.3125,1406.25,70.3125,1406.25
117.504,70.3125,1406.25,70.3125,1406.25
117.632,70.3125,1406.25,70.3125,1406.25
117.76,54.6875,1093.75,70.3125,1406.25
117.888,54.6875,1093.75,70.3125,1406.25
118.016,136.71875,2734.375,70.3125,1406.25
118.144,54.6875,1093.75,70.3125,1406.25
118.272,70.3125,1406.25,70.3125,1406.25
118.4,70.3125,1406.25,70.3125,1406.25
118.528,70.3125,1406.25,70.3125,1406.25
118.656,70.3125,1406.25,70.3125,1406.25
118.784,70.3125,1406.25,70.3125,1406.25
118.912,52.734375,1054.6875,70.3125,1406.25
119.04,70.3125,1406.25,70.3125,1406.25
119.168,70.3125,1406.25,70.3125,1406.25
119.296,70.3125,1406.25,70.3125,1406.25
119.424,70.3125,1406.25,70.3125,1406.25
119.552,142.578125,2851.5625,70.3125,1406.25
119.68,70.3125,1406.25,70.3125,1406.25
119.80799999999999,52.734375,1054.6875,52.734375,1054.6875
119.93599999999999,52.734375,1054.6875,52.734375,1054.6875
120.064,52.734375,1054.6875,52.734375,1054.6875
120.192,52.734375,1054.6875,52.734375,1054.6875
120.32,132.8125,2656.25,52.734375,1054.6875
120.448,54.6875,1093.75,52.734375,1054.6875
120.576,134.765625,2695.3125,54.6875,1093.75
120.704,52.734375,1054.6875,132.8125,2656.25
120.832,52.734375,1054.6875,62.5,1250.0
120.96,138.671875,2773.4375,70.3125,1406.25
121.088,132.8125,2656.25,70.3125,1406.25
121.216,62.5,1250.0,70.3125,1406.25
121.344,70.3125,1406.25,70.3125,1406.25
121.472,70.3125,1406.25,70.3125,1406.25
121.6,52.734375,1054.6875,70.3125,1406.25
121.728,52.734375,1054.6875,70.3125,1406.25
121.856,70.3125,1406.25,70.3125,1406.25
121.984,134.765625,2695.3125,130.859375,2617.1875
122.112,136.71875,2734.375,134.765625,2695.3125
122.24,134.765625,2695.3125,134.765625,2695.3125
122.368,130.859375,2617.1875,134.765625,2695.3125
122.496,134.765625,2695.3125,134.765625,2695.3125
122.624,134.765625,2695.3125,134.765625,2695.3125
122.752,134.765625,2695.3125,130.859375,2617.1875
122.88,52.734375,1054.6875,134.765625,2695.3125
123.008,50.78125,1015.625,62.5,1250.0
123.136,54.6875,1093.75,54.6875,1093.75
123.264,144.53125,2890.625,54.6875,1093.75
123.392,62.5,1250.0,54.6875,1093.75
123.52,54.6875,1093.75,62.5,1250.0
123.648,54.6875,1093.75,82.03125,1640.625
123.776,82.03125,1640.625,82.03125,1640.625
123.904,82.03125,1640.625,82.03125,1640.625
124.032,146.484375,2929.6875,82.03125,1640.625
124.16,144.53125,2890.625,82.03125,1640.625
124.288,144.53125,2890.625,82.03125,1640.625
124.416,52.734375,1054.6875,54.6875,1093.75
124.544,54.6875,1093.75,54.6875,1093.75
124.672,54.6875,1093.75,54.6875,1093.75
124.8,54.6875,1093.75,54.6875,1093.75
124.928,148.4375,2968.75,54.6875,1093.75
125.056,146.484375,2929.6875,146.484375,2929.6875
125.184,52.734375,1054.6875,146.484375,2929.6875
125.312,148.4375,2968.75,146.484375,2929.6875
125.44,148.4375,2968.75,146.484375,2929.6875
125.568,146.484375,2929.6875,62.5,1250.0
125.696,52.734375,1054.6875,62.5,1250.0
125.824,62.5,1250.0,62.5,1250.0
125.952,60.546875,1210.9375,62.5,1250.0
126.08,62.5,1250.0,62.5,1250.0
126.208,72.265625,1445.3125,72.265625,1445.3125
126.336,148.4375,2968.75,72.265625,1445.3125
126.464,148.4375,2968.75,146.484375,2929.6875
126.592,146.484375,2929.6875,146.484375,2929.6875
126.72,60.546875,1210.9375,146.484375,2929.6875
126.848,148.4375,2968.75,146.484375,2929.6875
126.976,146.484375,2929.6875,60.546875,1210.9375
127.104,52.734375,1054.6875,52.734375,1054.6875
127.232,52.734375,1054.6875,52.734375,1054.6875
127.36,52.734375,1054.6875,52.734375,1054.6875
127.488,52.734375,1054.6875,52.734375,1054.6875
127.616,121.09375,2421.875,54.6875,1093.75
127.744,60.546875,1210.9375,54.6875,1093.75
127.87199999999999,54.6875,1093.75,54.6875,1093.75
128.0,54.6875,1093.75,54.6875,1093.75
128.128,52.734375,1054.6875,52.734375,1054.6875
128.256,52.734375,1054.6875,52.734375,1054.6875
128.384,52.734375,1054.6875,52.734375,1054.6875
128.512,52.734375,1054.6875,52.734375,1054.6875
128.64,80.078125,1601.5625,80.078125,1601.5625
128.768,80.078125,1601.5625,80.078125,1601.5625
128.896,80.078125,1601.5625,80.078125,1601.5625
129.024,80.078125,1601.5625,80.078125,1601.5625
129.152,52.734375,1054.6875,52.734375,1054.6875
129.28,52.734375,1054.6875,52.734375,1054.6875
129.408,52.734375,1054.6875,52.734375,1054.6875
129.536,52.734375,1054.6875,52.734375,1054.6875
129.664,60.546875,1210.9375,54.6875,1093.75
129.792,62.5,1250.0,60.546875,1210.9375
129.92,64.453125,1289.0625,62.5,1250.0
130.048,54.6875,1093.75,64.453125,1289.0625
130.176,72.265625,1445.3125,72.265625,1445.3125
130.304,72.265625,1445.3125,72.265625,1445.3125
130.432,80.078125,1601.5625,72.265625,1445.3125
130.56,80.078125,1601.5625,72.265625,1445.3125
130.688,62.5,1250.0,72.265625,1445.3125
130.816,52.734375,1054.6875,62.5,1250.0
130.944,52.734375,1054.6875,62.5,1250.0
131.072,74.21875,1484.375,62.5,1250.0
131.2,52.734375,1054.6875,72.265625,1445.3125
131.328,72.265625,1445.3125,72.265625,1445.3125
131.456,72.265625,1445.3125,72.265625,1445.3125
131.584,72.265625,1445.3125,62.5,1250.0
131.712,56.640625,1132.8125,72.265625,1445.3125
131.84,52.734375,1054.6875,72.265625,1445.3125
131.968,62.5,1250.0,62.5,1250.0
132.096,72.265625,1445.3125,56.640625,1132.8125
132.224,74.21875,1484.375,62.5,1250.0
132.352,52.734375,1054.6875,72.265625,1445.3125
132.48,52.734375,1054.6875,74.21875,1484.375
132.608,80.078125,1601.5625,74.21875,1484.375
132.736,80.078125,1601.5625,80.078125,1601.5625
132.864,80.078125,1601.5625,80.078125,1601.5625
132.992,60.546875,1210.9375,80.078125,1601.5625
133.12,82.03125,1640.625,60.546875,1210.9375
133.248,50.78125,1015.625,60.546875,1210.9375
133.376,50.78125,1015.625,60.546875,1210.9375
133.504,54.6875,1093.75,60.546875,1210.9375
133.632,60.546875,1210.9375,60.546875,1210.9375
133.76,62.5,1250.0,60.546875,1210.9375
133.888,60.546875,1210.9375,60.546875,1210.9375
134.016,62.5,1250.0,60.546875,1210.9375
134.144,52.734375,1054.6875,60.546875,1210.9375
134.272,54.6875,1093.75,54.6875,1093.75
134.4,54.6875,1093.75,54.6875,1093.75
134.528,72.265625,1445.3125,54.6875,1093.75
134.656,52.734375,1054.6875,54.6875,1093.75
134.784,50.78125,1015.625,62.5,1250.0
134.912,62.5,1250.0,62.5,1250.0
135.04,72.265625,1445.3125,52.734375,1054.6875
135.168,72.265625,1445.3125,52.734375,1054.6875
135.296,52.734375,1054.6875,62.5,1250.0
135.424,50.78125,1015.625,60.546875,1210.9375
135.552,50.78125,1015.625,56.640625,1132.8125
135.68,72.265625,1445.3125,54.6875,1093.75
135.808,60.546875,1210.9375,54.6875,1093.75
135.936,56.640625,1132.8125,56.640625,1132.8125
136.064,54.6875,1093.75,60.546875,1210.9375
136.192,52.734375,1054.6875,56.640625,1132.8125
136.32,82.03125,1640.625,54.6875,1093.75
136.448,80.078125,1601.5625,54.6875,1093.75
136.576,50.78125,1015.625,60.546875,1210.9375
136.704,52.734375,1054.6875,60.546875,1210.9375
136.832,60.546875,1210.9375,52.734375,1054.6875
136.96,60.546875,1210.9375,52.734375,1054.6875
137.088,52.734375,1054.6875,60.546875,1210.9375
137.216,52.734375,1054.6875,60.546875,1210.9375
137.344,82.03125,1640.625,60.546875,1210.9375
137.472,72.265625,1445.3125,72.265625,1445.3125
137.6,50.78125,1015.625,72.265625,1445.3125
137.728,72.265625,1445.3125,72.265625,1445.3125
137.856,72.265625,1445.3125,72.265625,1445.3125
137.984,72.265625,1445.3125,72.265625,1445.3125
138.112,72.265625,1445.3125,72.265625,1445.3125
138.24,72.265625,1445.3125,72.265625,1445.3125
138.368,72.265625,1445.3125,72.265625,1445.3125
138.496,72.265625,1445.3125,72.265625,1445.3125
138.624,72.265625,1445.3125,72.265625,1445.3125
138.752,72.265625,1445.3125,72.265625,1445.3125
138.88,72.265625,1445.3125,72.265625,1445.3125
139.008,52.734375,1054.6875,72.265625,1445.3125
139.136,54.6875,1093.75,72.265625,1445.3125
139.264,80.078125,1601.5625,72.265625,1445.3125
139.392,72.265625,1445.3125,72.265625,1445.3125
139.52,72.265625,1445.3125,72.265625,1445.3125
139.648,72.265625,1445.3125,72.265625,1445.3125
139.776,72.265625,1445.3125,72.265625,1445.3125
139.904,72.265625,1445.3125,72.265625,1445.3125
140.032,72.265625,1445.3125,72.265625,1445.3125
140.16,50.78125,1015.625,72.265625,1445.3125
140.288,50.78125,1015.625,72.265625,1445.3125
140.416,72.265625,1445.3125,54.6875,1093.75
140.544,72.265625,1445.3125,52.734375,1054.6875
140.672,50.78125,1015.625,54.6875,1093.75
140.8,54.6875,1093.75,54.6875,1093.75
140.928,52.734375,1054.6875,54.6875,1093.75
141.056,54.6875,1093.75,54.6875,1093.75
141.184,72.265625,1445.3125,72.265625,1445.3125
141.312,72.265625,1445.3125,72.265625,1445.3125
141.44,72.265625,1445.3125,72.265625,1445.3125
141.568,72.265625,1445.3125,72.265625,1445.3125
141.696,50.78125,1015.625,54.6875,1093.75
141.824,50.78125,1015.625,54.6875,1093.75
141.952,50.78125,1015.625,54.6875,1093.75
142.08,54.6875,1093.75,54.6875,1093.75
142.208,68.359375,1367.1875,58.59375,1171.875
142.336,68.359375,1367.1875,68.359375,1367.1875
142.464,58.59375,1171.875,68.359375,1367.1875
142.592,72.265625,1445.3125,68.359375,1367.1875
142.72,74.21875,1484.375,58.59375,1171.875
142.848,54.6875,1093.75,54.6875,1093.75
142.976,52.734375,1054.6875,52.734375,1054.6875
143.104,50.78125,1015.625,52.734375,1054.6875
143.232,50.78125,1015.625,52.734375,1054.6875
143.36,52.734375,1054.6875,52.734375,1054.6875
143.488,52.734375,1054.6875,52.734375,1054.6875
143.616,68.359375,1367.1875,52.734375,1054.6875
143.744,60.546875,1210.9375,60.546875,1210.9375
143.87199999999999,50.78125,1015.625,60.546875,1210.9375
144.0,66.40625,1328.125,60.546875,1210.9375
144.128,78.125,1562.5,60.546875,1210.9375
144.256,52.734375,1054.6875,66.40625,1328.125
144.384,52.734375,1054.6875,76.171875,1523.4375
144.512,78.125,1562.5,76.171875,1523.4375
144.64,78.125,1562.5,76.171875,1523.4375
144.768,76.171875,1523.4375,78.125,1562.5
144.896,52.734375,1054.6875,78.125,1562.5
145.024,78.125,1562.5,76.171875,1523.4375
145.152,78.125,1562.5,76.171875,1523.4375
145.28,52.734375,1054.6875,78.125,1562.5
145.408,52.734375,1054.6875,78.125,1562.5
145.536,78.125,1562.5,78.125,1562.5
145.664,78.125,1562.5,78.125,1562.5
145.792,78.125,1562.5,78.125,1562.5
145.92,78.125,1562.5,78.125,1562.5
146.048,74.21875,1484.375,78.125,1562.5
146.176,72.265625,1445.3125,78.125,1562.5
146.304,78.125,1562.5,78.125,1562.5
146.432,78.125,1562.5,78.125,1562.5
146.56,78.125,1562.5,78.125,1562.5
146.688,78.125,1562.5,78.125,1562.5
146.816,78.125,1562.5,78.125,1562.5
146.944,78.125,1562.5,78.125,1562.5
147.072,78.125,1562.5,78.125,1562.5
147.2,78.125,1562.5,78.125,1562.5
147.328,70.3125,1406.25,78.125,1562.5
147.456,78.125,1562.5,78.125,1562.5
147.584,78.125,1562.5,78.125,1562.5
147.712,78.125,1562.5,78.125,1562.5
147.84,50.78125,1015.625,78.125,1562.5
147.968,76.171875,1523.4375,76.171875,1523.4375
148.096,78.125,1562.5,58.59375,1171.875
148.224,58.59375,1171.875,54.6875,1093.75
148.352,52.734375,1054.6875,54.6875,1093.75
148.48,52.734375,1054.6875,54.6875,1093.75
148.608,54.6875,1093.75,54.6875,1093.75
148.736,54.6875,1093.75,54.6875,1093.75
148.864,74.21875,1484.375,54.6875,1093.75
148.992,50.78125,1015.625,54.6875,1093.75
149.12,54.6875,1093.75,54.6875,1093.75
149.248,54.6875,1093.75,54.6875,1093.75
149.376,54.6875,1093.75,54.6875,1093.75
149.504,62.5,1250.0,54.6875,1093.75
149.632,76.171875,1523.4375,54.6875,1093.75
149.76,76.171875,1523.4375,54.6875,1093.75
149.888,54.6875,1093.75,62.5,1250.0
150.016,52.734375,1054.6875,54.6875,1093.75
150.144,54.6875,1093.75,54.6875,1093.75
150.272,70.3125,1406.25,54.6875,1093.75
150.4,54.6875,1093.75,58.59375,1171.875
150.528,60.546875,1210.9375,58.59375,1171.875
150.656,58.59375,1171.875,60.546875,1210.9375
150.784,58.59375,1171.875,58.59375,1171.875
150.912,60.546875,1210.9375,60.546875,1210.9375
151.04,60.546875,1210.9375,60.546875,1210.9375
151.168,54.6875,1093.75,60.546875,1210.9375
151.296,60.546875,1210.9375,60.546875,1210.9375
151.424,74.21875,1484.375,60.546875,1210.9375
151.552,74.21875,1484.375,54.6875,1093.75
151.68,54.6875,1093.75,60.546875,1210.9375
151.808,54.6875,1093.75,70.3125,1406.25
151.936,54.6875,1093.75,58.59375,1171.875
152.064,72.265625,1445.3125,58.59375,1171.875
152.192,70.3125,1406.25,70.3125,1406.25
152.32,58.59375,1171.875,72.265625,1445.3125
152.448,74.21875,1484.375,74.21875,1484.375
152.576,74.21875,1484.375,74.21875,1484.375
152.704,74.21875,1484.375,74.21875,1484.375
152.832,82.03125,1640.625,74.21875,1484.375
152.96,66.40625,1328.125,74.21875,1484.375
153.088,54.6875,1093.75,66.40625,1328.125
153.216,54.6875,1093.75,62.5,1250.0
153.344,74.21875,1484.375,62.5,1250.0
153.472,50.78125,1015.625,62.5,1250.0
153.6,62.5,1250.0,66.40625,1328.125
153.728,74.21875,1484.375,66.40625,1328.125
153.856,74.21875,1484.375,66.40625,1328.125
153.984,66.40625,1328.125,74.21875,1484.375
154.112,50.78125,1015.625,74.21875,1484.375
154.24,74.21875,1484.375,66.40625,1328.125
154.368,74.21875,1484.375,66.40625,1328.125
154.496,54.6875,1093.75,54.6875,1093.75
154.624,66.40625,1328.125,54.6875,1093.75
154.752,50.78125,1015.625,50.78125,1015.625
154.88,50.78125,1015.625,50.78125,1015.625
155.008,50.78125,1015.625,50.78125,1015.625
155.136,50.78125,1015.625,50.78125,1015.625
155.264,50.78125,1015.625,50.78125,1015.625
155.392,50.78125,1015.625,50.78125,1015.625
155.52,50.78125,1015.625,50.78125,1015.625
155.648,52.734375,1054.6875,52.734375,1054.6875
155.776,54.6875,1093.75,52.734375,1054.6875
155.904,52.734375,1054.6875,52.734375,1054.6875
156.032,72.265625,1445.3125,52.734375,1054.6875
156.16,60.546875,1210.9375,54.6875,1093.75
156.288,52.734375,1054.6875,60.546875,1210.9375
156.416,50.78125,1015.625,60.546875,1210.9375
156.544,74.21875,1484.375,60.546875,1210.9375
156.672,74.21875,1484.375,52.734375,1054.6875
156.8,50.78125,1015.625,52.734375,1054.6875
156.928,60.546875,1210.9375,58.59375,1171.875
157.056,52.734375,1054.6875,58.59375,1171.875
157.184,50.78125,1015.625,56.640625,1132.8125
157.312,58.59375,1171.875,58.59375,1171.875
157.44,58.59375,1171.875,58.59375,1171.875
157.568,56.640625,1132.8125,58.59375,1171.875
157.696,74.21875,1484.375,58.59375,1171.875
157.824,74.21875,1484.375,56.640625,1132.8125
157.952,52.734375,1054.6875,52.734375,1054.6875
158.08,52.734375,1054.6875,52.734375,1054.6875
158.208,52.734375,1054.6875,52.734375,1054.6875
158.336,50.78125,1015.625,52.734375,1054.6875
158.464,52.734375,1054.6875,52.734375,1054.6875
158.592,54.6875,1093.75,52.734375,1054.6875
158.72,52.734375,1054.6875,52.734375,1054.6875
158.848,74.21875,1484.375,52.734375,1054.6875
158.976,50.78125,1015.625,50.78125,1015.625
159.104,50.78125,1015.625,50.78125,1015.625
159.232,50.78125,1015.625,50.78125,1015.625
159.36,50.78125,1015.625,50.78125,1015.625
159.488,134.765625,2695.3125,52.734375,1054.6875
159.616,74.21875,1484.375,52.734375,1054.6875
159.744,74.21875,1484.375,74.21875,1484.375
159.87199999999999,52.734375,1054.6875,74.21875,1484.375
160.0,50.78125,1015.625,74.21875,1484.375
160.128,74.21875,1484.375,60.546875,1210.9375
160.256,74.21875,1484.375,60.546875,1210.9375
160.384,50.78125,1015.625,60.546875,1210.9375
160.512,60.546875,1210.9375,74.21875,1484.375
160.64,60.546875,1210.9375,74.21875,1484.375
160.768,74.21875,1484.375,74.21875,1484.375
160.896,74.21875,1484.375,74.21875,1484.375
161.024,74.21875,1484.375,74.21875,1484.375
161.152,74.21875,1484.375,74.21875,1484.375
161.28,76.171875,1523.4375,74.21875,1484.375
161.408,74.21875,1484.375,74.21875,1484.375
161.536,74.21875,1484.375,74.21875,1484.375
161.664,74.21875,1484.375,76.171875,1523.4375
161.792,76.171875,1523.4375,76.171875,1523.4375
161.92,76.171875,1523.4375,76.171875,1523.4375
162.048,76.171875,1523.4375,76.171875,1523.4375
162.176,76.171875,1523.4375,76.171875,1523.4375
162.304,76.171875,1523.4375,76.171875,1523.4375
162.432,76.171875,1523.4375,76.171875,1523.4375
162.56,76.171875,1523.4375,76.171875,1523.4375
162.688,76.171875,1523.4375,76.171875,1523.4375
162.816,54.6875,1093.75,56.640625,1132.8125
162.944,54.6875,1093.75,56.640625,1132.8125
163.072,56.640625,1132.8125,56.640625,1132.8125
163.2,56.640625,1132.8125,56.640625,1132.8125
163.328,56.640625,1132.8125,56.640625,1132.8125
163.456,56.640625,1132.8125,56.640625,1132.8125
163.584,56.640625,1132.8125,56.640625,1132.8125
163.712,56.640625,1132.8125,56.640625,1132.8125
163.84,58.59375,1171.875,58.59375,1171.875
163.968,58.59375,1171.875,58.59375,1171.875
164.096,58.59375,1171.875,58.59375,1171.875
164.224,58.59375,1171.875,58.59375,1171.875
164.352,58.59375,1171.875,58.59375,1171.875
164.48,60.546875,1210.9375,58.59375,1171.875
164.608,58.59375,1171.875,58.59375,1171.875
164.736,54.6875,1093.75,58.59375,1171.875
164.864,58.59375,1171.875,60.546875,1210.9375
164.992,60.546875,1210.9375,60.546875,1210.9375
165.12,76.171875,1523.4375,76.171875,1523.4375
165.248,76.171875,1523.4375,76.171875,1523.4375
165.376,76.171875,1523.4375,76.171875,1523.4375
165.504,76.171875,1523.4375,76.171875,1523.4375
165.632,76.171875,1523.4375,76.171875,1523.4375
165.76,76.171875,1523.4375,76.171875,1523.4375
165.888,76.171875,1523.4375,76.171875,1523.4375
166.016,76.171875,1523.4375,76.171875,1523.4375
166.144,62.5,1250.0,62.5,1250.0
166.272,62.5,1250.0,62.5,1250.0
166.4,62.5,1250.0,62.5,1250.0
166.528,62.5,1250.0,62.5,1250.0
166.656,64.453125,1289.0625,62.5,1250.0
166.784,62.5,1250.0,62.5,1250.0
166.912,54.6875,1093.75,64.453125,1289.0625
167.04,76.171875,1523.4375,76.171875,1523.4375
167.168,76.171875,1523.4375,76.171875,1523.4375
167.296,76.171875,1523.4375,76.171875,1523.4375
167.424,76.171875,1523.4375,76.171875,1523.4375
167.552,64.453125,1289.0625,64.453125,1289.0625
167.68,54.6875,1093.75,62.5,1250.0
167.808,54.6875,1093.75,62.5,1250.0
167.936,62.5,1250.0,62.5,1250.0
168.064,52.734375,1054.6875,62.5,1250.0
168.192,66.40625,1328.125,62.5,1250.0
168.32,76.171875,1523.4375,66.40625,1328.125
168.448,76.171875,1523.4375,76.171875,1523.4375
168.576,52.734375,1054.6875,76.171875,1523.4375
168.704,76.171875,1523.4375,76.171875,1523.4375
168.832,76.171875,1523.4375,68.359375,1367.1875
168.96,68.359375,1367.1875,68.359375,1367.1875
169.088,68.359375,1367.1875,68.359375,1367.1875
169.216,68.359375,1367.1875,68.359375,1367.1875
169.344,68.359375,1367.1875,68.359375,1367.1875
169.472,68.359375,1367.1875,68.359375,1367.1875
169.6,68.359375,1367.1875,68.359375,1367.1875
169.728,70.3125,1406.25,70.3125,1406.25
169.856,70.3125,1406.25,70.3125,1406.25
169.984,70.3125,1406.25,70.3125,1406.25
170.112,70.3125,1406.25,70.3125,1406.25
170.24,70.3125,1406.25,70.3125,1406.25
170.368,70.3125,1406.25,70.3125,1406.25
170.496,72.265625,1445.3125,70.3125,1406.25
170.624,70.3125,1406.25,72.265625,1445.3125
170.752,72.265625,1445.3125,72.265625,1445.3125
170.88,72.265625,1445.3125,72.265625,1445.3125
171.008,72.265625,1445.3125,72.265625,1445.3125
171.136,72.265625,1445.3125,72.265625,1445.3125
171.264,72.265625,1445.3125,72.265625,1445.3125
171.392,72.265625,1445.3125,72.265625,1445.3125
171.52,72.265625,1445.3125,72.265625,1445.3125
171.648,74.21875,1484.375,74.21875,1484.375
171.776,74.21875,1484.375,74.21875,1484.375
171.904,74.21875,1484.375,74.21875,1484.375
172.032,74.21875,1484.375,74.21875,1484.375
172.16,74.21875,1484.375,74.21875,1484.375
172.288,74.21875,1484.375,74.21875,1484.375
172.416,74.21875,1484.375,74.21875,1484.375
172.544,74.21875,1484.375,74.21875,1484.375
172.672,74.21875,1484.375,74.21875,1484.375
172.8,74.21875,1484.375,74.21875,1484.375
172.928,74.21875,1484.375,74.21875,1484.375
173.056,74.21875,1484.375,74.21875,1484.375
173.184,76.171875,1523.4375,74.21875,1484.375
173.312,76.171875,1523.4375,74.21875,1484.375
173.44,74.21875,1484.375,74.21875,1484.375
173.568,74.21875,1484.375,74.21875,1484.375
173.696,74.21875,1484.375,74.21875,1484.375
173.824,74.21875,1484.375,74.21875,1484.375
173.952,74.21875,1484.375,74.21875,1484.375
174.08,74.21875,1484.375,74.21875,1484.375
174.208,74.21875,1484.375,74.21875,1484.375
174.336,74.21875,1484.375,74.21875,1484.375
174.464,74.21875,1484.375,74.21875,1484.375
174.592,74.21875,1484.375,74.21875,1484.375
174.72,78.125,1562.5,78.125,1562.5
174.848,78.125,1562.5,78.125,1562.5
174.976,78.125,1562.5,78.125,1562.5
175.104,78.125,1562.5,78.125,1562.5
175.232,78.125,1562.5,78.125,1562.5
175.36,78.125,1562.5,78.125,1562.5
175.488,80.078125,1601.5625,78.125,1562.5
175.616,74.21875,1484.375,78.125,1562.5
175.744,80.078125,1601.5625,80.078125,1601.5625
175.87199999999999,78.125,1562.5,80.078125,1601.5625
176.0,80.078125,1601.5625,80.078125,1601.5625
176.128,80.078125,1601.5625,80.078125,1601.5625
176.256,80.078125,1601.5625,80.078125,1601.5625
176.384,80.078125,1601.5625,80.078125,1601.5625
176.512,74.21875,1484.375,74.21875,1484.375
176.64,74.21875,1484.375,74.21875,1484.375
176.768,74.21875,1484.375,74.21875,1484.375
176.896,74.21875,1484.375,74.21875,1484.375
177.024,74.21875,1484.375,74.21875,1484.375
177.152,74.21875,1484.375,74.21875,1484.375
177.28,74.21875,1484.375,74.21875,1484.375
177.408,74.21875,1484.375,74.21875,1484.375
177.536,74.21875,1484.375,74.21875,1484.375
177.664,54.6875,1093.75,60.546875,1210.9375
177.792,54.6875,1093.75,60.546875,1210.9375
177.92,60.546875,1210.9375,60.546875,1210.9375
178.048,60.546875,1210.9375,60.546875,1210.9375
178.176,60.546875,1210.9375,60.546875,1210.9375
178.304,58.59375,1171.875,60.546875,1210.9375
178.432,60.546875,1210.9375,60.546875,1210.9375
178.56,60.546875,1210.9375,60.546875,1210.9375
178.688,60.546875,1210.9375,60.546875,1210.9375
178.816,60.546875,1210.9375,60.546875,1210.9375
178.944,60.546875,1210.9375,60.546875,1210.9375
179.072,60.546875,1210.9375,60.546875,1210.9375
179.2,62.5,1250.0,60.546875,1210.9375
179.328,62.5,1250.0,60.546875,1210.9375
179.456,60.546875,1210.9375,62.5,1250.0
179.584,60.546875,1210.9375,62.5,1250.0
179.712,62.5,1250.0,62.5,1250.0
179.84,62.5,1250.0,62.5,1250.0
179.968,62.5,1250.0,62.5,1250.0
180.096,62.5,1250.0,62.5,1250.0
180.224,62.5,1250.0,62.5,1250.0
180.352,62.5,1250.0,62.5,1250.0
180.48,62.5,1250.0,62.5,1250.0
180.608,62.5,1250.0,62.5,1250.0
180.736,62.5,1250.0,62.5,1250.0
180.864,62.5,1250.0,62.5,1250.0
180.992,62.5,1250.0,62.5,1250.0
181.12,62.5,1250.0,62.5,1250.0
181.248,62.5,1250.0,62.5,1250.0
181.376,62.5,1250.0,62.5,1250.0
181.504,64.453125,1289.0625,62.5,1250.0
181.632,64.453125,1289.0625,62.5,1250.0
181.76,62.5,1250.0,62.5,1250.0
181.888,62.5,1250.0,64.453125,1289.0625
182.016,64.453125,1289.0625,64.453125,1289.0625
182.144,62.5,1250.0,64.453125,1289.0625
182.272,64.453125,1289.0625,64.453125,1289.0625
182.4,64.453125,1289.0625,64.453125,1289.0625
182.528,64.453125,1289.0625,64.453125,1289.0625
182.656,64.453125,1289.0625,64.453125,1289.0625
182.784,64.453125,1289.0625,64.453125,1289.0625
182.912,64.453125,1289.0625,64.453125,1289.0625
183.04,64.453125,1289.0625,64.453125,1289.0625
183.168,64.453125,1289.0625,64.453125,1289.0625
183.296,64.453125,1289.0625,64.453125,1289.0625
183.424,64.453125,1289.0625,64.453125,1289.0625
183.552,64.453125,1289.0625,64.453125,1289.0625
183.68,64.453125,1289.0625,64.453125,1289.0625
183.808,52.734375,1054.6875,64.453125,1289.0625
183.936,54.6875,1093.75,64.453125,1289.0625
184.064,72.265625,1445.3125,72.265625,1445.3125
184.192,72.265625,1445.3125,72.265625,1445.3125
184.32,72.265625,1445.3125,72.265625,1445.3125
184.448,72.265625,1445.3125,72.265625,1445.3125
184.576,64.453125,1289.0625,72.265625,1445.3125
184.704,64.453125,1289.0625,72.265625,1445.3125
184.832,142.578125,2851.5625,72.265625,1445.3125
184.96,144.53125,2890.625,72.265625,1445.3125
185.088,146.484375,2929.6875,72.265625,1445.3125
185.216,72.265625,1445.3125,72.265625,1445.3125
185.344,72.265625,1445.3125,72.265625,1445.3125
185.472,52.734375,1054.6875,72.265625,1445.3125
185.6,72.265625,1445.3125,72.265625,1445.3125
185.728,109.375,2187.5,72.265625,1445.3125
185.856,72.265625,1445.3125,72.265625,1445.3125
185.984,72.265625,1445.3125,72.265625,1445.3125
186.112,64.453125,1289.0625,64.453125,1289.0625
186.24,64.453125,1289.0625,64.453125,1289.0625
186.368,64.453125,1289.0625,64.453125,1289.0625
186.496,64.453125,1289.0625,64.453125,1289.0625
186.624,72.265625,1445.3125,64.453125,1289.0625
186.752,72.265625,1445.3125,64.453125,1289.0625
186.88,50.78125,1015.625,72.265625,1445.3125
187.008,50.78125,1015.625,72.265625,1445.3125
187.136,72.265625,1445.3125,72.265625,1445.3125
187.264,146.484375,2929.6875,72.265625,1445.3125
187.392,146.484375,2929.6875,72.265625,1445.3125
187.52,72.265625,1445.3125,72.265625,1445.3125
187.648,54.6875,1093.75,64.453125,1289.0625
187.776,64.453125,1289.0625,64.453125,1289.0625
187.904,64.453125,1289.0625,64.453125,1289.0625
188.032,64.453125,1289.0625,64.453125,1289.0625
188.16,144.53125,2890.625,64.453125,1289.0625
188.288,52.734375,1054.6875,64.453125,1289.0625
188.416,52.734375,1054.6875,64.453125,1289.0625
188.544,62.5,1250.0,70.3125,1406.25
188.672,148.4375,2968.75,70.3125,1406.25
188.8,148.4375,2968.75,70.3125,1406.25
188.928,70.3125,1406.25,70.3125,1406.25
189.056,144.53125,2890.625,142.578125,2851.5625
189.184,62.5,1250.0,109.375,2187.5
189.312,62.5,1250.0,109.375,2187.5
189.44,142.578125,2851.5625,109.375,2187.5
189.568,109.375,2187.5,62.5,1250.0
189.696,109.375,2187.5,109.375,2187.5
189.824,62.5,1250.0,109.375,2187.5
189.952,62.5,1250.0,62.5,1250.0
190.08,117.1875,2343.75,62.5,1250.0
190.208,62.5,1250.0,62.5,1250.0
190.336,62.5,1250.0,62.5,1250.0
190.464,54.6875,1093.75,117.1875,2343.75
190.592,146.484375,2929.6875,146.484375,2929.6875
190.72,146.484375,2929.6875,146.484375,2929.6875
190.848,148.4375,2968.75,146.484375,2929.6875
190.976,148.4375,2968.75,146.484375,2929.6875
191.104,70.3125,1406.25,70.3125,1406.25
191.232,70.3125,1406.25,70.3125,1406.25
191.36,62.5,1250.0,70.3125,1406.25
191.488,70.3125,1406.25,70.3125,1406.25
191.616,70.3125,1406.25,70.3125,1406.25
191.744,70.3125,1406.25,70.3125,1406.25
191.87199999999999,54.6875,1093.75,70.3125,1406.25
192.0,54.6875,1093.75,70.3125,1406.25
192.128,105.46875,2109.375,62.5,1250.0
192.256,70.3125,1406.25,54.6875,1093.75
192.384,62.5,1250.0,62.5,1250.0
192.512,50.78125,1015.625,62.5,1250.0
192.64,54.6875,1093.75,62.5,1250.0
192.768,107.421875,2148.4375,62.5,1250.0
192.896,62.5,1250.0,62.5,1250.0
193.024,62.5,1250.0,70.3125,1406.25
193.152,70.3125,1406.25,70.3125,1406.25
193.28,70.3125,1406.25,70.3125,1406.25
193.408,148.4375,2968.75,70.3125,1406.25
193.536,148.4375,2968.75,70.3125,1406.25
193.664,148.4375,2968.75,70.3125,1406.25
193.792,54.6875,1093.75,62.5,1250.0
193.92,62.5,1250.0,62.5,1250.0
194.048,62.5,1250.0,62.5,1250.0
194.176,62.5,1250.0,62.5,1250.0
194.304,62.5,1250.0,62.5,1250.0
194.432,62.5,1250.0,62.5,1250.0
194.56,62.5,1250.0,62.5,1250.0
194.688,62.5,1250.0,62.5,1250.0
194.816,62.5,1250.0,62.5,1250.0
194.944,62.5,1250.0,62.5,1250.0
195.072,146.484375,2929.6875,62.5,1250.0
195.2,62.5,1250.0,62.5,1250.0
195.328,60.546875,1210.9375,62.5,1250.0
195.456,58.59375,1171.875,62.5,1250.0
195.584,60.546875,1210.9375,62.5,1250.0
195.712,146.484375,2929.6875,62.5,1250.0
195.84,146.484375,2929.6875,136.71875,2734.375
195.968,62.5,1250.0,136.71875,2734.375
196.096,136.71875,2734.375,136.71875,2734.375
196.224,136.71875,2734.375,136.71875,2734.375
196.352,62.5,1250.0,136.71875,2734.375
196.48,93.75,1875.0,136.71875,2734.375
196.608,140.625,2812.5,93.75,1875.0
196.736,140.625,2812.5,62.5,1250.0
196.864,62.5,1250.0,62.5,1250.0
196.992,62.5,1250.0,62.5,1250.0
197.12,62.5,1250.0,62.5,1250.0
197.248,62.5,1250.0,62.5,1250.0
197.376,62.5,1250.0,62.5,1250.0
197.504,62.5,1250.0,62.5,1250.0
197.632,62.5,1250.0,62.5,1250.0
197.76,62.5,1250.0,62.5,1250.0
197.888,62.5,1250.0,62.5,1250.0
198.016,62.5,1250.0,62.5,1250.0
198.144,107.421875,2148.4375,107.421875,2148.4375
198.272,148.4375,2968.75,107.421875,2148.4375
198.4,144.53125,2890.625,144.53125,2890.625
198.528,144.53125,2890.625,144.53125,2890.625
198.656,62.5,1250.0,144.53125,2890.625
198.784,148.4375,2968.75,144.53125,2890.625
198.912,148.4375,2968.75,70.3125,1406.25
199.04,54.6875,1093.75,70.3125,1406.25
199.168,54.6875,1093.75,70.3125,1406.25
199.296,70.3125,1406.25,70.3125,1406.25
199.424,70.3125,1406.25,70.3125,1406.25
199.552,70.3125,1406.25,70.3125,1406.25
199.68,134.765625,2695.3125,70.3125,1406.25
199.808,54.6875,1093.75,54.6875,1093.75
199.936,54.6875,1093.75,54.6875,1093.75
200.064,52.734375,1054.6875,54.6875,1093.75
200.192,52.734375,1054.6875,54.6875,1093.75
200.32,54.6875,1093.75,54.6875,1093.75
200.448,54.6875,1093.75,54.6875,1093.75
200.576,54.6875,1093.75,54.6875,1093.75
200.704,62.5,1250.0,62.5,1250.0
200.832,62.5,1250.0,62.5,1250.0
200.96,62.5,1250.0,62.5,1250.0
201.088,62.5,1250.0,62.5,1250.0
201.216,85.9375,1718.75,62.5,1250.0
201.344,60.546875,1210.9375,60.546875,1210.9375
201.472,60.546875,1210.9375,60.546875,1210.9375
201.6,52.734375,1054.6875,60.546875,1210.9375
201.728,52.734375,1054.6875,60.546875,1210.9375
201.856,85.9375,1718.75,62.5,1250.0
201.984,85.9375,1718.75,62.5,1250.0
202.112,62.5,1250.0,62.5,1250.0
202.24,62.5,1250.0,62.5,1250.0
202.368,62.5,1250.0,62.5,1250.0
202.496,52.734375,1054.6875,62.5,1250.0
202.624,54.6875,1093.75,62.5,1250.0
202.752,50.78125,1015.625,62.5,1250.0
202.88,62.5,1250.0,62.5,1250.0
203.008,62.5,1250.0,62.5,1250.0
203.136,62.5,1250.0,62.5,1250.0
203.264,70.3125,1406.25,62.5,1250.0
203.392,54.6875,1093.75,62.5,1250.0
203.52,62.5,1250.0,62.5,1250.0
203.648,50.78125,1015.625,62.5,1250.0
203.776,52.734375,1054.6875,54.6875,1093.75
203.904,62.5,1250.0,52.734375,1054.6875
204.032,62.5,1250.0,52.734375,1054.6875
204.16,52.734375,1054.6875,62.5,1250.0
204.288,52.734375,1054.6875,62.5,1250.0
204.416,70.3125,1406.25,52.734375,1054.6875
204.544,62.5,1250.0,52.734375,1054.6875
204.672,52.734375,1054.6875,52.734375,1054.6875
204.8,52.734375,1054.6875,52.734375,1054.6875
204.928,52.734375,1054.6875,52.734375,1054.6875
205.056,52.734375,1054.6875,52.734375,1054.6875
205.184,70.3125,1406.25,52.734375,1054.6875
205.312,62.5,1250.0,52.734375,1054.6875
205.44,52.734375,1054.6875,52.734375,1054.6875
205.568,52.734375,1054.6875,52.734375,1054.6875
205.696,52.734375,1054.6875,52.734375,1054.6875
205.824,52.734375,1054.6875,52.734375,1054.6875
205.952,52.734375,1054.6875,52.734375,1054.6875
206.08,52.734375,1054.6875,52.734375,1054.6875
206.208,52.734375,1054.6875,52.734375,1054.6875
206.336,54.6875,1093.75,52.734375,1054.6875
206.464,52.734375,1054.6875,52.734375,1054.6875
206.592,52.734375,1054.6875,52.734375,1054.6875
206.72,52.734375,1054.6875,52.734375,1054.6875
206.848,52.734375,1054.6875,52.734375,1054.6875
206.976,52.734375,1054.6875,52.734375,1054.6875
207.104,52.734375,1054.6875,52.734375,1054.6875
207.232,54.6875,1093.75,54.6875,1093.75
207.36,68.359375,1367.1875,54.6875,1093.75
207.488,68.359375,1367.1875,54.6875,1093.75
207.616,54.6875,1093.75,56.640625,1132.8125
207.744,54.6875,1093.75,60.546875,1210.9375
207.87199999999999,66.40625,1328.125,56.640625,1132.8125
208.0,56.640625,1132.8125,54.6875,1093.75
208.128,60.546875,1210.9375,54.6875,1093.75
208.256,52.734375,1054.6875,54.6875,1093.75
208.384,52.734375,1054.6875,52.734375,1054.6875
208.512,54.6875,1093.75,52.734375,1054.6875
208.64,52.734375,1054.6875,52.734375,1054.6875
208.768,52.734375,1054.6875,52.734375,1054.6875
208.896,70.3125,1406.25,54.6875,1093.75
209.024,62.5,1250.0,62.5,1250.0
209.152,52.734375,1054.6875,62.5,1250.0
209.28,72.265625,1445.3125,62.5,1250.0
209.408,72.265625,1445.3125,54.6875,1093.75
209.536,54.6875,1093.75,54.6875,1093.75
209.664,54.6875,1093.75,54.6875,1093.75
209.792,54.6875,1093.75,54.6875,1093.75
209.92,52.734375,1054.6875,54.6875,1093.75
210.048,54.6875,1093.75,54.6875,1093.75
210.176,70.3125,1406.25,60.546875,1210.9375
210.304,70.3125,1406.25,60.546875,1210.9375
210.432,60.546875,1210.9375,60.546875,1210.9375
210.56,66.40625,1328.125,60.546875,1210.9375
210.688,52.734375,1054.6875,60.546875,1210.9375
210.816,54.6875,1093.75,60.546875,1210.9375
210.944,54.6875,1093.75,54.6875,1093.75
211.072,64.453125,1289.0625,54.6875,1093.75
211.2,60.546875,1210.9375,54.6875,1093.75
211.328,52.734375,1054.6875,54.6875,1093.75
211.456,54.6875,1093.75,54.6875,1093.75
211.584,54.6875,1093.75,54.6875,1093.75
211.712,54.6875,1093.75,54.6875,1093.75
211.84,52.734375,1054.6875,54.6875,1093.75
211.968,60.546875,1210.9375,54.6875,1093.75
212.096,70.3125,1406.25,54.6875,1093.75
212.224,74.21875,1484.375,54.6875,1093.75
212.352,54.6875,1093.75,54.6875,1093.75
212.48,54.6875,1093.75,54.6875,1093.75
212.608,54.6875,1093.75,54.6875,1093.75
212.736,54.6875,1093.75,54.6875,1093.75
212.864,52.734375,1054.6875,54.6875,1093.75
212.992,107.421875,2148.4375,80.078125,1601.5625
213.12,109.375,2187.5,80.078125,1601.5625
213.248,80.078125,1601.5625,80.078125,1601.5625
213.376,82.03125,1640.625,80.078125,1601.5625
213.504,80.078125,1601.5625,80.078125,1601.5625
213.632,52.734375,1054.6875,54.6875,1093.75
213.76,54.6875,1093.75,54.6875,1093.75
213.888,54.6875,1093.75,54.6875,1093.75
214.016,54.6875,1093.75,54.6875,1093.75
214.144,52.734375,1054.6875,54.6875,1093.75
214.272,64.453125,1289.0625,54.6875,1093.75
214.4,58.59375,1171.875,54.6875,1093.75
214.528,54.6875,1093.75,54.6875,1093.75
214.656,54.6875,1093.75,54.6875,1093.75
214.784,54.6875,1093.75,54.6875,1093.75
214.912,54.6875,1093.75,54.6875,1093.75
215.04,54.6875,1093.75,54.6875,1093.75
215.168,54.6875,1093.75,54.6875,1093.75
215.296,54.6875,1093.75,54.6875,1093.75
215.424,50.78125,1015.625,54.6875,1093.75
215.552,52.734375,1054.6875,54.6875,1093.75
215.68,54.6875,1093.75,54.6875,1093.75
215.808,52.734375,1054.6875,54.6875,1093.75
215.936,54.6875,1093.75,54.6875,1093.75
216.064,54.6875,1093.75,54.6875,1093.75
216.192,54.6875,1093.75,54.6875,1093.75
216.32,54.6875,1093.75,54.6875,1093.75
216.448,78.125,1562.5,54.6875,1093.75
216.576,54.6875,1093.75,54.6875,1093.75
216.704,54.6875,1093.75,54.6875,1093.75
216.832,54.6875,1093.75,54.6875,1093.75
216.96,52.734375,1054.6875,54.6875,1093.75
217.088,52.734375,1054.6875,54.6875,1093.75
217.216,54.6875,1093.75,54.6875,1093.75
217.344,54.6875,1093.75,54.6875,1093.75
217.472,54.6875,1093.75,54.6875,1093.75
217.6,54.6875,1093.75,54.6875,1093.75
217.728,80.078125,1601.5625,54.6875,1093.75
217.856,82.03125,1640.625,54.6875,1093.75
217.984,52.734375,1054.6875,54.6875,1093.75
218.112,54.6875,1093.75,54.6875,1093.75
218.24,54.6875,1093.75,52.734375,1054.6875
218.368,50.78125,1015.625,52.734375,1054.6875
218.496,50.78125,1015.625,52.734375,1054.6875
218.624,50.78125,1015.625,52.734375,1054.6875
218.752,52.734375,1054.6875,52.734375,1054.6875
218.88,56.640625,1132.8125,52.734375,1054.6875
219.008,56.640625,1132.8125,52.734375,1054.6875
219.136,54.6875,1093.75,52.734375,1054.6875
219.264,50.78125,1015.625,54.6875,1093.75
219.392,50.78125,1015.625,54.6875,1093.75
219.52,52.734375,1054.6875,54.6875,1093.75
219.648,70.3125,1406.25,56.640625,1132.8125
219.776,56.640625,1132.8125,56.640625,1132.8125
219.904,56.640625,1132.8125,56.640625,1132.8125
220.032,56.640625,1132.8125,56.640625,1132.8125
220.16,56.640625,1132.8125,56.640625,1132.8125
220.288,62.5,1250.0,56.640625,1132.8125
220.416,54.6875,1093.75,56.640625,1132.8125
220.544,54.6875,1093.75,56.640625,1132.8125
220.672,54.6875,1093.75,54.6875,1093.75
220.8,82.03125,1640.625,54.6875,1093.75
220.928,82.03125,1640.625,54.6875,1093.75
221.056,54.6875,1093.75,54.6875,1093.75
221.184,54.6875,1093.75,54.6875,1093.75
221.312,54.6875,1093.75,54.6875,1093.75
221.44,54.6875,1093.75,54.6875,1093.75
221.568,54.6875,1093.75,54.6875,1093.75
221.696,54.6875,1093.75,54.6875,1093.75
221.824,54.6875,1093.75,54.6875,1093.75
221.952,58.59375,1171.875,58.59375,1171.875
222.08,58.59375,1171.875,58.59375,1171.875
222.208,58.59375,1171.875,58.59375,1171.875
222.336,58.59375,1171.875,58.59375,1171.875
222.464,56.640625,1132.8125,58.59375,1171.875
222.592,56.640625,1132.8125,58.59375,1171.875
222.72,58.59375,1171.875,58.59375,1171.875
222.848,76.171875,1523.4375,58.59375,1171.875
222.976,58.59375,1171.875,58.59375,1171.875
223.104,58.59375,1171.875,58.59375,1171.875
223.232,58.59375,1171.875,58.59375,1171.875
223.36,56.640625,1132.8125,56.640625,1132.8125
223.488,54.6875,1093.75,56.640625,1132.8125
223.616,56.640625,1132.8125,54.6875,1093.75
223.744,54.6875,1093.75,54.6875,1093.75
223.87199999999999,54.6875,1093.75,54.6875,1093.75
224.0,54.6875,1093.75,54.6875,1093.75
224.128,54.6875,1093.75,54.6875,1093.75
224.256,54.6875,1093.75,54.6875,1093.75
224.384,56.640625,1132.8125,54.6875,1093.75
224.512,58.59375,1171.875,54.6875,1093.75
224.64,58.59375,1171.875,54.6875,1093.75
224.768,54.6875,1093.75,56.640625,1132.8125
224.896,54.6875,1093.75,54.6875,1093.75
225.024,52.734375,1054.6875,54.6875,1093.75
225.152,82.03125,1640.625,54.6875,1093.75
225.28,54.6875,1093.75,54.6875,1093.75
225.408,54.6875,1093.75,54.6875,1093.75
225.536,54.6875,1093.75,54.6875,1093.75
225.664,58.59375,1171.875,54.6875,1093.75
225.792,56.640625,1132.8125,54.6875,1093.75
225.92,54.6875,1093.75,54.6875,1093.75
226.048,70.3125,1406.25,56.640625,1132.8125
226.176,52.734375,1054.6875,56.640625,1132.8125
226.304,50.78125,1015.625,70.3125,1406.25
226.432,72.265625,1445.3125,72.265625,1445.3125
226.56,74.21875,1484.375,74.21875,1484.375
226.688,78.125,1562.5,76.171875,1523.4375
226.816,78.125,1562.5,76.171875,1523.4375
226.944,76.171875,1523.4375,76.171875,1523.4375
227.072,76.171875,1523.4375,76.171875,1523.4375
227.2,76.171875,1523.4375,76.171875,1523.4375
227.328,76.171875,1523.4375,76.171875,1523.4375
227.456,78.125,1562.5,76.171875,1523.4375
227.584,52.734375,1054.6875,52.734375,1054.6875
227.712,52.734375,1054.6875,52.734375,1054.6875
227.84,52.734375,1054.6875,52.734375,1054.6875
227.968,52.734375,1054.6875,52.734375,1054.6875
228.096,66.40625,1328.125,52.734375,1054.6875
228.224,62.5,1250.0,58.59375,1171.875
228.352,132.8125,2656.25,58.59375,1171.875
228.48,52.734375,1054.6875,60.546875,1210.9375
228.608,58.59375,1171.875,60.546875,1210.9375
228.736,58.59375,1171.875,60.546875,1210.9375
228.864,60.546875,1210.9375,60.546875,1210.9375
228.992,107.421875,2148.4375,72.265625,1445.3125
229.12,72.265625,1445.3125,72.265625,1445.3125
229.248,72.265625,1445.3125,72.265625,1445.3125
229.376,74.21875,1484.375,72.265625,1445.3125
229.504,54.6875,1093.75,54.6875,1093.75
229.632,54.6875,1093.75,54.6875,1093.75
229.76,54.6875,1093.75,54.6875,1093.75
229.888,52.734375,1054.6875,54.6875,1093.75
230.016,52.734375,1054.6875,54.6875,1093.75
230.144,54.6875,1093.75,54.6875,1093.75
230.272,60.546875,1210.9375,54.6875,1093.75
230.4,58.59375,1171.875,54.6875,1093.75
230.528,54.6875,1093.75,56.640625,1132.8125
230.656,54.6875,1093.75,56.640625,1132.8125
230.784,56.640625,1132.8125,56.640625,1132.8125
230.912,58.59375,1171.875,54.6875,1093.75
231.04,56.640625,1132.8125,54.6875,1093.75
231.168,54.6875,1093.75,54.6875,1093.75
231.296,52.734375,1054.6875,54.6875,1093.75
231.424,54.6875,1093.75,54.6875,1093.75
231.552,54.6875,1093.75,54.6875,1093.75
231.68,52.734375,1054.6875,54.6875,1093.75
231.808,54.6875,1093.75,54.6875,1093.75
231.936,68.359375,1367.1875,68.359375,1367.1875
232.064,82.03125,1640.625,68.359375,1367.1875
232.192,80.078125,1601.5625,68.359375,1367.1875
232.32,82.03125,1640.625,68.359375,1367.1875
232.448,54.6875,1093.75,56.640625,1132.8125
232.576,54.6875,1093.75,56.640625,1132.8125
232.704,54.6875,1093.75,56.640625,1132.8125
232.832,56.640625,1132.8125,54.6875,1093.75
232.96,58.59375,1171.875,54.6875,1093.75
233.088,56.640625,1132.8125,54.6875,1093.75
233.216,50.78125,1015.625,54.6875,1093.75
233.344,52.734375,1054.6875,54.6875,1093.75
233.472,54.6875,1093.75,54.6875,1093.75
233.6,54.6875,1093.75,54.6875,1093.75
233.728,54.6875,1093.75,54.6875,1093.75
233.856,107.421875,2148.4375,54.6875,1093.75
233.984,54.6875,1093.75,54.6875,1093.75
234.112,52.734375,1054.6875,72.265625,1445.3125
234.24,72.265625,1445.3125,72.265625,1445.3125
234.368,72.265625,1445.3125,72.265625,1445.3125
234.496,72.265625,1445.3125,72.265625,1445.3125
234.624,72.265625,1445.3125,72.265625,1445.3125
234.752,50.78125,1015.625,56.640625,1132.8125
234.88,50.78125,1015.625,56.640625,1132.8125
235.008,56.640625,1132.8125,54.6875,1093.75
235.136,56.640625,1132.8125,54.6875,1093.75
235.264,54.6875,1093.75,54.6875,1093.75
235.392,54.6875,1093.75,54.6875,1093.75
235.52,50.78125,1015.625,54.6875,1093.75
235.648,54.6875,1093.75,54.6875,1093.75
235.776,52.734375,1054.6875,54.6875,1093.75
235.904,54.6875,1093.75,54.6875,1093.75
236.032,54.6875,1093.75,54.6875,1093.75
236.16,54.6875,1093.75,54.6875,1093.75
236.288,52.734375,1054.6875,54.6875,1093.75
236.416,60.546875,1210.9375,54.6875,1093.75
236.544,54.6875,1093.75,54.6875,1093.75
236.672,54.6875,1093.75,54.6875,1093.75
236.8,60.546875,1210.9375,54.6875,1093.75
236.928,54.6875,1093.75,54.6875,1093.75
237.056,54.6875,1093.75,54.6875,1093.75
237.184,54.6875,1093.75,54.6875,1093.75
237.312,56.640625,1132.8125,54.6875,1093.75
237.44,54.6875,1093.75,54.6875,1093.75
237.568,54.6875,1093.75,54.6875,1093.75
237.696,54.6875,1093.75,54.6875,1093.75
237.824,58.59375,1171.875,54.6875,1093.75
237.952,54.6875,1093.75,54.6875,1093.75
238.08,54.6875,1093.75,54.6875,1093.75
238.208,54.6875,1093.75,54.6875,1093.75
238.336,54.6875,1093.75,54.6875,1093.75
238.464,56.640625,1132.8125,54.6875,1093.75
238.592,58.59375,1171.875,54.6875,1093.75
238.72,60.546875,1210.9375,54.6875,1093.75
238.848,54.6875,1093.75,54.6875,1093.75
238.976,52.734375,1054.6875,54.6875,1093.75
239.104,50.78125,1015.625,54.6875,1093.75
239.232,54.6875,1093.75,54.6875,1093.75
239.36,58.59375,1171.875,54.6875,1093.75
239.488,52.734375,1054.6875,54.6875,1093.75
239.616,60.546875,1210.9375,54.6875,1093.75
239.744,54.6875,1093.75,54.6875,1093.75
239.87199999999999,54.6875,1093.75,54.6875,1093.75
240.0,54.6875,1093.75,54.6875,1093.75
240.128,54.6875,1093.75,54.6875,1093.75
240.256,58.59375,1171.875,54.6875,1093.75
240.384,58.59375,1171.875,58.59375,1171.875
240.512,58.59375,1171.875,58.59375,1171.875
240.64,50.78125,1015.625,58.59375,1171.875
240.768,58.59375,1171.875,54.6875,1093.75
240.896,54.6875,1093.75,54.6875,1093.75
241.024,54.6875,1093.75,54.6875,1093.75
241.152,54.6875,1093.75,54.6875,1093.75
241.28,54.6875,1093.75,54.6875,1093.75
241.408,54.6875,1093.75,54.6875,1093.75
241.536,54.6875,1093.75,54.6875,1093.75
241.664,54.6875,1093.75,54.6875,1093.75
241.792,52.734375,1054.6875,54.6875,1093.75
241.92,52.734375,1054.6875,54.6875,1093.75
242.048,54.6875,1093.75,54.6875,1093.75
242.176,54.6875,1093.75,54.6875,1093.75
242.304,54.6875,1093.75,54.6875,1093.75
242.432,80.078125,1601.5625,54.6875,1093.75
242.56,80.078125,1601.5625,54.6875,1093.75
242.688,52.734375,1054.6875,54.6875,1093.75
242.816,54.6875,1093.75,54.6875,1093.75
242.944,54.6875,1093.75,54.6875,1093.75
243.072,54.6875,1093.75,54.6875,1093.75
243.2,54.6875,1093.75,54.6875,1093.75
243.328,54.6875,1093.75,54.6875,1093.75
243.456,54.6875,1093.75,54.6875,1093.75
243.584,52.734375,1054.6875,54.6875,1093.75
243.712,50.78125,1015.625,54.6875,1093.75
243.84,72.265625,1445.3125,72.265625,1445.3125
243.968,72.265625,1445.3125,72.265625,1445.3125
244.096,80.078125,1601.5625,72.265625,1445.3125
244.224,82.03125,1640.625,72.265625,1445.3125
244.352,54.6875,1093.75,60.546875,1210.9375
244.48,60.546875,1210.9375,60.546875,1210.9375
244.608,60.546875,1210.9375,60.546875,1210.9375
244.736,60.546875,1210.9375,60.546875,1210.9375
244.864,60.546875,1210.9375,60.546875,1210.9375
244.992,58.59375,1171.875,60.546875,1210.9375
245.12,50.78125,1015.625,60.546875,1210.9375
245.248,60.546875,1210.9375,60.546875,1210.9375
245.376,60.546875,1210.9375,60.546875,1210.9375
245.504,60.546875,1210.9375,60.546875,1210.9375
245.632,85.9375,1718.75,60.546875,1210.9375
245.76,72.265625,1445.3125,62.5,1250.0
245.888,72.265625,1445.3125,62.5,1250.0
246.016,58.59375,1171.875,62.5,1250.0
246.144,62.5,1250.0,60.546875,1210.9375
246.272,60.546875,1210.9375,60.546875,1210.9375
246.4,58.59375,1171.875,58.59375,1171.875
246.528,60.546875,1210.9375,58.59375,1171.875
246.656,54.6875,1093.75,54.6875,1093.75
246.784,54.6875,1093.75,54.6875,1093.75
246.912,54.6875,1093.75,54.6875,1093.75
247.04,54.6875,1093.75,54.6875,1093.75
247.168,52.734375,1054.6875,52.734375,1054.6875
247.296,52.734375,1054.6875,52.734375,1054.6875
247.424,50.78125,1015.625,52.734375,1054.6875
247.552,50.78125,1015.625,52.734375,1054.6875
247.68,52.734375,1054.6875,52.734375,1054.6875
247.808,54.6875,1093.75,52.734375,1054.6875
247.936,54.6875,1093.75,54.6875,1093.75
248.064,52.734375,1054.6875,54.6875,1093.75
248.192,58.59375,1171.875,58.59375,1171.875
248.32,60.546875,1210.9375,58.59375,1171.875
248.448,66.40625,1328.125,58.59375,1171.875
248.576,66.40625,1328.125,58.59375,1171.875
248.704,50.78125,1015.625,54.6875,1093.75
248.832,50.78125,1015.625,54.6875,1093.75
248.96,54.6875,1093.75,52.734375,1054.6875
249.088,54.6875,1093.75,52.734375,1054.6875
249.216,52.734375,1054.6875,54.6875,1093.75
249.344,52.734375,1054.6875,54.6875,1093.75
249.472,58.59375,1171.875,54.6875,1093.75
249.6,54.6875,1093.75,54.6875,1093.75
249.728,58.59375,1171.875,54.6875,1093.75
249.856,60.546875,1210.9375,54.6875,1093.75
249.984,54.6875,1093.75,54.6875,1093.75
250.112,54.6875,1093.75,54.6875,1093.75
250.24,54.6875,1093.75,54.6875,1093.75
250.368,52.734375,1054.6875,54.6875,1093.75
250.496,54.6875,1093.75,54.6875,1093.75
250.624,58.59375,1171.875,58.59375,1171.875
250.752,58.59375,1171.875,58.59375,1171.875
250.88,58.59375,1171.875,58.59375,1171.875
251.008,60.546875,1210.9375,58.59375,1171.875
251.136,54.6875,1093.75,58.59375,1171.875
251.264,54.6875,1093.75,54.6875,1093.75
251.392,58.59375,1171.875,54.6875,1093.75
251.52,54.6875,1093.75,54.6875,1093.75
251.648,54.6875,1093.75,58.59375,1171.875
251.776,58.59375,1171.875,58.59375,1171.875
251.904,58.59375,1171.875,58.59375,1171.875
252.032,58.59375,1171.875,58.59375,1171.875
252.16,58.59375,1171.875,58.59375,1171.875
252.288,58.59375,1171.875,58.59375,1171.875
252.416,58.59375,1171.875,58.59375,1171.875
252.544,60.546875,1210.9375,58.59375,1171.875
252.672,54.6875,1093.75,58.59375,1171.875
252.8,62.5,1250.0,58.59375,1171.875
252.928,58.59375,1171.875,58.59375,1171.875
253.056,58.59375,1171.875,58.59375,1171.875
253.184,58.59375,1171.875,58.59375,1171.875
253.312,58.59375,1171.875,58.59375,1171.875
253.44,58.59375,1171.875,58.59375,1171.875
253.568,58.59375,1171.875,58.59375,1171.875
253.696,58.59375,1171.875,58.59375,1171.875
253.824,58.59375,1171.875,58.59375,1171.875
253.952,58.59375,1171.875,58.59375,1171.875
254.08,58.59375,1171.875,58.59375,1171.875
254.208,58.59375,1171.875,58.59375,1171.875
254.336,58.59375,1171.875,58.59375,1171.875
254.464,58.59375,1171.875,58.59375,1171.875
254.592,58.59375,1171.875,58.59375,1171.875
254.72,58.59375,1171.875,58.59375,1171.875
254.848,58.59375,1171.875,58.59375,1171.875
254.976,58.59375,1171.875,58.59375,1171.875
255.104,58.59375,1171.875,58.59375,1171.875
255.232,58.59375,1171.875,58.59375,1171.875
255.36,58.59375,1171.875,58.59375,1171.875
255.488,58.59375,1171.875,58.59375,1171.875
255.616,58.59375,1171.875,58.59375,1171.875
255.744,58.59375,1171.875,58.59375,1171.875
255.87199999999999,58.59375,1171.875,58.59375,1171.875
255.99999999999997,58.59375,1171.875,58.59375,1171.875
256.12800000000004,58.59375,1171.875,58.59375,1171.875
256.25600000000003,58.59375,1171.875,58.59375,1171.875
256.384,58.59375,1171.875,58.59375,1171.875
256.512,58.59375,1171.875,58.59375,1171.875
256.64000000000004,58.59375,1171.875,58.59375,1171.875
256.76800000000003,58.59375,1171.875,58.59375,1171.875
256.896,58.59375,1171.875,58.59375,1171.875
257.024,58.59375,1171.875,58.59375,1171.875
257.15200000000004,56.640625,1132.8125,58.59375,1171.875
257.28000000000003,54.6875,1093.75,58.59375,1171.875
257.408,56.640625,1132.8125,58.59375,1171.875
257.536,58.59375,1171.875,56.640625,1132.8125
257.66400000000004,58.59375,1171.875,58.59375,1171.875
257.79200000000003,58.59375,1171.875,58.59375,1171.875
257.92,56.640625,1132.8125,58.59375,1171.875
258.048,58.59375,1171.875,56.640625,1132.8125
258.17600000000004,56.640625,1132.8125,56.640625,1132.8125
258.30400000000003,54.6875,1093.75,54.6875,1093.75
258.432,54.6875,1093.75,54.6875,1093.75
258.56,54.6875,1093.75,54.6875,1093.75
258.68800000000005,54.6875,1093.75,54.6875,1093.75
258.81600000000003,82.03125,1640.625,54.6875,1093.75
258.944,82.03125,1640.625,56.640625,1132.8125
259.072,56.640625,1132.8125,58.59375,1171.875
259.20000000000005,54.6875,1093.75,58.59375,1171.875
259.32800000000003,58.59375,1171.875,56.640625,1132.8125
259.456,58.59375,1171.875,56.640625,1132.8125
259.584,56.640625,1132.8125,56.640625,1132.8125
259.71200000000005,56.640625,1132.8125,56.640625,1132.8125
259.84000000000003,58.59375,1171.875,56.640625,1132.8125
259.968,56.640625,1132.8125,56.640625,1132.8125
260.096,56.640625,1132.8125,56.640625,1132.8125
260.22400000000005,58.59375,1171.875,56.640625,1132.8125
260.35200000000003,56.640625,1132.8125,56.640625,1132.8125
260.48,56.640625,1132.8125,56.640625,1132.8125
260.608,56.640625,1132.8125,56.640625,1132.8125
260.73600000000005,56.640625,1132.8125,56.640625,1132.8125
260.86400000000003,56.640625,1132.8125,56.640625,1132.8125
260.992,56.640625,1132.8125,56.640625,1132.8125
261.12,56.640625,1132.8125,56.640625,1132.8125
261.24800000000005,56.640625,1132.8125,56.640625,1132.8125
261.37600000000003,56.640625,1132.8125,56.640625,1132.8125
261.504,56.640625,1132.8125,56.640625,1132.8125
261.632,56.640625,1132.8125,56.640625,1132.8125
261.76000000000005,56.640625,1132.8125,56.640625,1132.8125
261.88800000000003,56.640625,1132.8125,56.640625,1132.8125
262.016,68.359375,1367.1875,56.640625,1132.8125
262.144,66.40625,1328.125,56.640625,1132.8125
262.27200000000005,56.640625,1132.8125,56.640625,1132.8125
262.40000000000003,56.640625,1132.8125,56.640625,1132.8125
262.528,56.640625,1132.8125,56.640625,1132.8125
262.656,56.640625,1132.8125,56.640625,1132.8125
262.78400000000005,54.6875,1093.75,56.640625,1132.8125
262.91200000000003,66.40625,1328.125,54.6875,1093.75
263.04,54.6875,1093.75,54.6875,1093.75
263.168,54.6875,1093.75,54.6875,1093.75
263.29600000000005,54.6875,1093.75,54.6875,1093.75
263.42400000000004,56.640625,1132.8125,54.6875,1093.75
263.552,54.6875,1093.75,54.6875,1093.75
263.68,54.6875,1093.75,56.640625,1132.8125
263.80800000000005,56.640625,1132.8125,56.640625,1132.8125
263.93600000000004,56.640625,1132.8125,56.640625,1132.8125
264.064,56.640625,1132.8125,56.640625,1132.8125
264.192,56.640625,1132.8125,56.640625,1132.8125
264.32000000000005,56.640625,1132.8125,56.640625,1132.8125
264.44800000000004,54.6875,1093.75,56.640625,1132.8125
264.576,56.640625,1132.8125,56.640625,1132.8125
264.704,56.640625,1132.8125,56.640625,1132.8125
264.83200000000005,54.6875,1093.75,54.6875,1093.75
264.96000000000004,54.6875,1093.75,54.6875,1093.75
265.088,56.640625,1132.8125,54.6875,1093.75
265.216,54.6875,1093.75,54.6875,1093.75
265.34400000000005,54.6875,1093.75,54.6875,1093.75
265.47200000000004,54.6875,1093.75,54.6875,1093.75
265.6,66.40625,1328.125,54.6875,1093.75
265.728,52.734375,1054.6875,54.6875,1093.75
265.85600000000005,54.6875,1093.75,54.6875,1093.75
265.98400000000004,54.6875,1093.75,54.6875,1093.75
266.112,56.640625,1132.8125,54.6875,1093.75
266.24,52.734375,1054.6875,54.6875,1093.75
266.36800000000005,54.6875,1093.75,54.6875,1093.75
266.49600000000004,54.6875,1093.75,56.640625,1132.8125
266.624,56.640625,1132.8125,54.6875,1093.75
266.752,56.640625,1132.8125,54.6875,1093.75
266.88000000000005,56.640625,1132.8125,54.6875,1093.75
267.00800000000004,54.6875,1093.75,56.640625,1132.8125
267.136,54.6875,1093.75,56.640625,1132.8125
267.264,54.6875,1093.75,56.640625,1132.8125
267.39200000000005,56.640625,1132.8125,54.6875,1093.75
267.52000000000004,64.453125,1289.0625,54.6875,1093.75
267.648,64.453125,1289.0625,54.6875,1093.75
267.776,54.6875,1093.75,54.6875,1093.75
267.90400000000005,54.6875,1093.75,54.6875,1093.75
268.03200000000004,54.6875,1093.75,54.6875,1093.75
268.16,54.6875,1093.75,54.6875,1093.75
268.288,64.453125,1289.0625,54.6875,1093.75
268.41600000000005,52.734375,1054.6875,54.6875,1093.75
268.54400000000004,54.6875,1093.75,54.6875,1093.75
268.672,54.6875,1093.75,54.6875,1093.75
268.8,54.6875,1093.75,54.6875,1093.75
268.92800000000005,54.6875,1093.75,54.6875,1093.75
269.05600000000004,54.6875,1093.75,54.6875,1093.75
269.184,54.6875,1093.75,54.6875,1093.75
269.312,52.734375,1054.6875,54.6875,1093.75
269.44000000000005,52.734375,1054.6875,54.6875,1093.75
269.56800000000004,58.59375,1171.875,54.6875,1093.75
269.696,54.6875,1093.75,54.6875,1093.75
269.824,54.6875,1093.75,54.6875,1093.75
269.95200000000006,54.6875,1093.75,54.6875,1093.75
270.08000000000004,54.6875,1093.75,54.6875,1093.75
270.208,54.6875,1093.75,54.6875,1093.75
270.336,64.453125,1289.0625,54.6875,1093.75
270.46400000000006,54.6875,1093.75,54.6875,1093.75
270.59200000000004,52.734375,1054.6875,54.6875,1093.75
270.72,54.6875,1093.75,54.6875,1093.75
270.848,54.6875,1093.75,54.6875,1093.75
270.97600000000006,52.734375,1054.6875,54.6875,1093.75
271.10400000000004,54.6875,1093.75,54.6875,1093.75
271.232,54.6875,1093.75,54.6875,1093.75
271.36,54.6875,1093.75,54.6875,1093.75
271.48800000000006,54.6875,1093.75,54.6875,1093.75
271.61600000000004,60.546875,1210.9375,54.6875,1093.75
271.744,52.734375,1054.6875,54.6875,1093.75
271.872,54.6875,1093.75,54.6875,1093.75
272.0,54.6875,1093.75,54.6875,1093.75
272.12800000000004,54.6875,1093.75,54.6875,1093.75
272.25600000000003,54.6875,1093.75,54.6875,1093.75
272.384,52.734375,1054.6875,54.6875,1093.75
272.512,54.6875,1093.75,54.6875,1093.75
272.64000000000004,54.6875,1093.75,54.6875,1093.75
272.76800000000003,52.734375,1054.6875,54.6875,1093.75
272.896,52.734375,1054.6875,54.6875,1093.75
273.024,54.6875,1093.75,54.6875,1093.75
273.15200000000004,54.6875,1093.75,54.6875,1093.75
273.28000000000003,54.6875,1093.75,54.6875,1093.75
273.408,54.6875,1093.75,54.6875,1093.75
273.536,52.734375,1054.6875,54.6875,1093.75
273.66400000000004,66.40625,1328.125,54.6875,1093.75
273.79200000000003,54.6875,1093.75,66.40625,1328.125
273.92,78.125,1562.5,66.40625,1328.125
274.048,132.8125,2656.25,66.40625,1328.125
274.17600000000004,87.890625,1757.8125,64.453125,1289.0625
274.30400000000003,64.453125,1289.0625,74.21875,1484.375
274.432,54.6875,1093.75,64.453125,1289.0625
274.56,54.6875,1093.75,54.6875,1093.75
274.68800000000005,74.21875,1484.375,54.6875,1093.75
274.81600000000003,50.78125,1015.625,52.734375,1054.6875
274.944,52.734375,1054.6875,52.734375,1054.6875
275.072,52.734375,1054.6875,52.734375,1054.6875
275.20000000000005,52.734375,1054.6875,52.734375,1054.6875
275.32800000000003,54.6875,1093.75,52.734375,1054.6875
275.456,64.453125,1289.0625,52.734375,1054.6875
275.584,52.734375,1054.6875,52.734375,1054.6875
275.71200000000005,52.734375,1054.6875,54.6875,1093.75
275.84000000000003,52.734375,1054.6875,64.453125,1289.0625
275.968,70.3125,1406.25,52.734375,1054.6875
276.096,64.453125,1289.0625,52.734375,1054.6875
276.22400000000005,64.453125,1289.0625,52.734375,1054.6875
276.35200000000003,52.734375,1054.6875,52.734375,1054.6875
276.48,52.734375,1054.6875,52.734375,1054.6875
276.608,52.734375,1054.6875,52.734375,1054.6875
276.73600000000005,52.734375,1054.6875,52.734375,1054.6875
276.86400000000003,52.734375,1054.6875,52.734375,1054.6875
276.992,52.734375,1054.6875,52.734375,1054.6875
277.12,52.734375,1054.6875,52.734375,1054.6875
277.24800000000005,52.734375,1054.6875,52.734375,1054.6875
277.37600000000003,52.734375,1054.6875,52.734375,1054.6875
277.504,52.734375,1054.6875,52.734375,1054.6875
277.632,52.734375,1054.6875,52.734375,1054.6875
277.76000000000005,52.734375,1054.6875,52.734375,1054.6875
277.88800000000003,52.734375,1054.6875,52.734375,1054.6875
278.016,54.6875,1093.75,52.734375,1054.6875
278.144,60.546875,1210.9375,52.734375,1054.6875
278.27200000000005,52.734375,1054.6875,54.6875,1093.75
278.40000000000003,52.734375,1054.6875,54.6875,1093.75
278.528,54.6875,1093.75,54.6875,1093.75
278.656,54.6875,1093.75,52.734375,1054.6875
278.78400000000005,54.6875,1093.75,54.6875,1093.75
278.91200000000003,52.734375,1054.6875,54.6875,1093.75
279.04,52.734375,1054.6875,54.6875,1093.75
279.168,54.6875,1093.75,52.734375,1054.6875
279.29600000000005,54.6875,1093.75,52.734375,1054.6875
279.42400000000004,52.734375,1054.6875,52.734375,1054.6875
279.552,52.734375,1054.6875,52.734375,1054.6875
279.68,50.78125,1015.625,52.734375,1054.6875
279.80800000000005,50.78125,1015.625,52.734375,1054.6875
279.93600000000004,52.734375,1054.6875,52.734375,1054.6875
280.064,52.734375,1054.6875,52.734375,1054.6875
280.192,62.5,1250.0,52.734375,1054.6875
280.32000000000005,50.78125,1015.625,52.734375,1054.6875
280.44800000000004,52.734375,1054.6875,52.734375,1054.6875
280.576,52.734375,1054.6875,52.734375,1054.6875
280.704,52.734375,1054.6875,52.734375,1054.6875
280.83200000000005,50.78125,1015.625,52.734375,1054.6875
280.96000000000004,50.78125,1015.625,52.734375,1054.6875
281.088,52.734375,1054.6875,52.734375,1054.6875
281.216,52.734375,1054.6875,50.78125,1015.625
281.34400000000005,52.734375,1054.6875,52.734375,1054.6875
281.47200000000004,50.78125,1015.625,52.734375,1054.6875
281.6,50.78125,1015.625,52.734375,1054.6875
281.728,52.734375,1054.6875,52.734375,1054.6875
281.85600000000005,62.5,1250.0,52.734375,1054.6875
281.98400000000004,62.5,1250.0,54.6875,1093.75
282.112,52.734375,1054.6875,54.6875,1093.75
282.24,54.6875,1093.75,54.6875,1093.75
282.36800000000005,54.6875,1093.75,54.6875,1093.75
282.49600000000004,54.6875,1093.75,54.6875,1093.75
282.624,52.734375,1054.6875,54.6875,1093.75
282.752,50.78125,1015.625,54.6875,1093.75
282.88000000000005,62.5,1250.0,54.6875,1093.75
283.00800000000004,64.453125,1289.0625,52.734375,1054.6875
283.136,80.078125,1601.5625,54.6875,1093.75
283.264,50.78125,1015.625,62.5,1250.0
283.39200000000005,50.78125,1015.625,64.453125,1289.0625
283.52000000000004,54.6875,1093.75,62.5,1250.0
283.648,82.03125,1640.625,62.5,1250.0
283.776,80.078125,1601.5625,62.5,1250.0
283.90400000000005,62.5,1250.0,62.5,1250.0
284.03200000000004,62.5,1250.0,62.5,1250.0
284.16,62.5,1250.0,62.5,1250.0
284.288,50.78125,1015.625,54.6875,1093.75
284.41600000000005,54.6875,1093.75,54.6875,1093.75
284.54400000000004,52.734375,1054.6875,54.6875,1093.75
284.672,54.6875,1093.75,54.6875,1093.75
284.8,50.78125,1015.625,54.6875,1093.75
284.92800000000005,54.6875,1093.75,54.6875,1093.75
285.05600000000004,54.6875,1093.75,54.6875,1093.75
285.184,54.6875,1093.75,54.6875,1093.75
285.312,54.6875,1093.75,54.6875,1093.75
285.44000000000005,82.03125,1640.625,54.6875,1093.75
285.56800000000004,62.5,1250.0,54.6875,1093.75
285.696,62.5,1250.0,56.640625,1132.8125
285.824,50.78125,1015.625,58.59375,1171.875
285.95200000000006,54.6875,1093.75,56.640625,1132.8125
286.08000000000004,56.640625,1132.8125,54.6875,1093.75
286.208,58.59375,1171.875,54.6875,1093.75
286.336,52.734375,1054.6875,56.640625,1132.8125
286.46400000000006,52.734375,1054.6875,56.640625,1132.8125
286.59200000000004,72.265625,1445.3125,52.734375,1054.6875
286.72,82.03125,1640.625,52.734375,1054.6875
286.848,52.734375,1054.6875,72.265625,1445.3125
286.97600000000006,50.78125,1015.625,72.265625,1445.3125
287.10400000000004,74.21875,1484.375,52.734375,1054.6875
287.232,74.21875,1484.375,52.734375,1054.6875
287.36,50.78125,1015.625,54.6875,1093.75
287.48800000000006,52.734375,1054.6875,54.6875,1093.75
287.61600000000004,54.6875,1093.75,54.6875,1093.75
287.744,54.6875,1093.75,52.734375,1054.6875
287.872,56.640625,1132.8125,52.734375,1054.6875
288.0,50.78125,1015.625,52.734375,1054.6875
288.12800000000004,50.78125,1015.625,50.78125,1015.625
288.25600000000003,50.78125,1015.625,50.78125,1015.625
288.384,52.734375,1054.6875,50.78125,1015.625
288.512,50.78125,1015.625,50.78125,1015.625
288.64000000000004,82.03125,1640.625,52.734375,1054.6875
288.76800000000003,50.78125,1015.625,52.734375,1054.6875
288.896,52.734375,1054.6875,52.734375,1054.6875
289.024,54.6875,1093.75,54.6875,1093.75
289.15200000000004,54.6875,1093.75,52.734375,1054.6875
289.28000000000003,50.78125,1015.625,52.734375,1054.6875
289.408,62.5,1250.0,54.6875,1093.75
289.536,50.78125,1015.625,54.6875,1093.75
289.66400000000004,50.78125,1015.625,50.78125,1015.625
289.79200000000003,82.03125,1640.625,50.78125,1015.625
289.92,62.5,1250.0,50.78125,1015.625
290.048,50.78125,1015.625,52.734375,1054.6875
290.17600000000004,50.78125,1015.625,60.546875,1210.9375
290.30400000000003,60.546875,1210.9375,52.734375,1054.6875
290.432,52.734375,1054.6875,50.78125,1015.625
290.56,66.40625,1328.125,50.78125,1015.625
290.68800000000005,50.78125,1015.625,50.78125,1015.625
290.81600000000003,50.78125,1015.625,50.78125,1015.625
290.944,50.78125,1015.625,50.78125,1015.625
291.072,50.78125,1015.625,50.78125,1015.625
291.20000000000005,70.3125,1406.25,50.78125,1015.625
291.32800000000003,60.546875,1210.9375,50.78125,1015.625
291.456,50.78125,1015.625,52.734375,1054.6875
291.584,50.78125,1015.625,52.734375,1054.6875
291.71200000000005,52.734375,1054.6875,52.734375,1054.6875
291.84000000000003,52.734375,1054.6875,52.734375,1054.6875
291.968,52.734375,1054.6875,52.734375,1054.6875
292.096,52.734375,1054.6875,52.734375,1054.6875
292.22400000000005,64.453125,1289.0625,52.734375,1054.6875
292.35200000000003,62.5,1250.0,52.734375,1054.6875
292.48,50.78125,1015.625,62.5,1250.0
292.608,52.734375,1054.6875,62.5,1250.0
292.73600000000005,70.3125,1406.25,52.734375,1054.6875
292.86400000000003,70.3125,1406.25,52.734375,1054.6875
292.992,52.734375,1054.6875,52.734375,1054.6875
293.12,52.734375,1054.6875,52.734375,1054.6875
293.24800000000005,70.3125,1406.25,52.734375,1054.6875
293.37600000000003,50.78125,1015.625,52.734375,1054.6875
293.504,52.734375,1054.6875,52.734375,1054.6875
293.632,62.5,1250.0,58.59375,1171.875
293.76000000000005,60.546875,1210.9375,52.734375,1054.6875
293.88800000000003,52.734375,1054.6875,52.734375,1054.6875
294.016,58.59375,1171.875,52.734375,1054.6875
294.144,52.734375,1054.6875,52.734375,1054.6875
294.27200000000005,52.734375,1054.6875,52.734375,1054.6875
294.40000000000003,52.734375,1054.6875,52.734375,1054.6875
294.528,52.734375,1054.6875,52.734375,1054.6875
294.656,80.078125,1601.5625,60.546875,1210.9375
294.78400000000005,60.546875,1210.9375,60.546875,1210.9375
294.91200000000003,60.546875,1210.9375,60.546875,1210.9375
295.04,60.546875,1210.9375,60.546875,1210.9375
295.168,54.6875,1093.75,54.6875,1093.75
295.29600000000005,54.6875,1093.75,54.6875,1093.75
295.42400000000004,52.734375,1054.6875,52.734375,1054.6875
295.552,52.734375,1054.6875,52.734375,1054.6875
295.68,52.734375,1054.6875,52.734375,1054.6875
295.80800000000005,52.734375,1054.6875,52.734375,1054.6875
295.93600000000004,52.734375,1054.6875,52.734375,1054.6875
296.064,52.734375,1054.6875,52.734375,1054.6875
296.192,52.734375,1054.6875,52.734375,1054.6875
296.32000000000005,52.734375,1054.6875,52.734375,1054.6875
296.44800000000004,52.734375,1054.6875,52.734375,1054.6875
296.576,54.6875,1093.75,52.734375,1054.6875
296.704,52.734375,1054.6875,52.734375,1054.6875
296.83200000000005,62.5,1250.0,52.734375,1054.6875
296.96000000000004,60.546875,1210.9375,52.734375,1054.6875
297.088,50.78125,1015.625,50.78125,1015.625
297.216,50.78125,1015.625,50.78125,1015.625
297.34400000000005,50.78125,1015.625,50.78125,1015.625
297.47200000000004,50.78125,1015.625,50.78125,1015.625
297.6,62.5,1250.0,62.5,1250.0
297.728,62.5,1250.0,62.5,1250.0
297.85600000000005,64.453125,1289.0625,64.453125,1289.0625
297.98400000000004,64.453125,1289.0625,64.453125,1289.0625
298.112,66.40625,1328.125,64.453125,1289.0625
298.24,66.40625,1328.125,64.453125,1289.0625
298.36800000000005,52.734375,1054.6875,64.453125,1289.0625
298.49600000000004,52.734375,1054.6875,54.6875,1093.75
298.624,54.6875,1093.75,54.6875,1093.75
298.752,72.265625,1445.3125,54.6875,1093.75
298.88000000000005,54.6875,1093.75,54.6875,1093.75
299.00800000000004,54.6875,1093.75,54.6875,1093.75
299.136,80.078125,1601.5625,54.6875,1093.75
299.264,54.6875,1093.75,54.6875,1093.75
299.39200000000005,52.734375,1054.6875,54.6875,1093.75
299.52000000000004,52.734375,1054.6875,54.6875,1093.75
299.648,52.734375,1054.6875,54.6875,1093.75
299.776,54.6875,1093.75,54.6875,1093.75
299.90400000000005,54.6875,1093.75,54.6875,1093.75
300.03200000000004,54.6875,1093.75,54.6875,1093.75
300.16,54.6875,1093.75,54.6875,1093.75
300.288,52.734375,1054.6875,54.6875,1093.75
300.41600000000005,54.6875,1093.75,54.6875,1093.75
300.54400000000004,60.546875,1210.9375,54.6875,1093.75
300.672,66.40625,1328.125,54.6875,1093.75
300.8,52.734375,1054.6875,54.6875,1093.75
300.92800000000005,58.59375,1171.875,58.59375,1171.875
301.05600000000004,50.78125,1015.625,52.734375,1054.6875
301.184,52.734375,1054.6875,52.734375,1054.6875
301.312,80.078125,1601.5625,52.734375,1054.6875
301.44000000000005,50.78125,1015.625,52.734375,1054.6875
301.56800000000004,52.734375,1054.6875,52.734375,1054.6875
301.696,54.6875,1093.75,54.6875,1093.75
301.824,50.78125,1015.625,54.6875,1093.75
301.95200000000006,54.6875,1093.75,54.6875,1093.75
302.08000000000004,54.6875,1093.75,54.6875,1093.75
302.208,58.59375,1171.875,54.6875,1093.75
302.336,58.59375,1171.875,58.59375,1171.875
302.46400000000006,54.6875,1093.75,58.59375,1171.875
302.59200000000004,60.546875,1210.9375,58.59375,1171.875
302.72,60.546875,1210.9375,56.640625,1132.8125
302.848,54.6875,1093.75,56.640625,1132.8125
302.97600000000006,54.6875,1093.75,56.640625,1132.8125
303.10400000000004,56.640625,1132.8125,54.6875,1093.75
303.232,56.640625,1132.8125,54.6875,1093.75
303.36,50.78125,1015.625,56.640625,1132.8125
303.48800000000006,52.734375,1054.6875,56.640625,1132.8125
303.61600000000004,74.21875,1484.375,54.6875,1093.75
303.744,58.59375,1171.875,54.6875,1093.75
303.872,52.734375,1054.6875,56.640625,1132.8125
304.0,54.6875,1093.75,56.640625,1132.8125
304.12800000000004,56.640625,1132.8125,54.6875,1093.75
304.25600000000003,56.640625,1132.8125,54.6875,1093.75
304.384,50.78125,1015.625,54.6875,1093.75
304.512,50.78125,1015.625,56.640625,1132.8125
304.64000000000004,54.6875,1093.75,56.640625,1132.8125
304.76800000000003,107.421875,2148.4375,58.59375,1171.875
304.896,134.765625,2695.3125,58.59375,1171.875
305.024,58.59375,1171.875,58.59375,1171.875
305.15200000000004,58.59375,1171.875,58.59375,1171.875
305.28000000000003,58.59375,1171.875,58.59375,1171.875
305.408,54.6875,1093.75,58.59375,1171.875
305.536,52.734375,1054.6875,58.59375,1171.875
305.66400000000004,58.59375,1171.875,54.6875,1093.75
305.79200000000003,58.59375,1171.875,54.6875,1093.75
305.92,54.6875,1093.75,58.59375,1171.875
306.048,54.6875,1093.75,58.59375,1171.875
306.17600000000004,58.59375,1171.875,58.59375,1171.875
306.30400000000003,58.59375,1171.875,54.6875,1093.75
306.432,72.265625,1445.3125,58.59375,1171.875
306.56,54.6875,1093.75,58.59375,1171.875
306.68800000000005,54.6875,1093.75,56.640625,1132.8125
306.81600000000003,66.40625,1328.125,56.640625,1132.8125
306.944,52.734375,1054.6875,56.640625,1132.8125
307.072,56.640625,1132.8125,56.640625,1132.8125
307.20000000000005,58.59375,1171.875,56.640625,1132.8125
307.32800000000003,58.59375,1171.875,54.6875,1093.75
307.456,54.6875,1093.75,56.640625,1132.8125
307.584,54.6875,1093.75,58.59375,1171.875
307.71200000000005,54.6875,1093.75,54.6875,1093.75
307.84000000000003,82.03125,1640.625,54.6875,1093.75
307.968,66.40625,1328.125,54.6875,1093.75
308.096,54.6875,1093.75,58.59375,1171.875
308.22400000000005,54.6875,1093.75,58.59375,1171.875
308.35200000000003,58.59375,1171.875,58.59375,1171.875
308.48,58.59375,1171.875,58.59375,1171.875
308.608,56.640625,1132.8125,58.59375,1171.875
308.73600000000005,58.59375,1171.875,58.59375,1171.875
308.86400000000003,60.546875,1210.9375,56.640625,1132.8125
308.992,50.78125,1015.625,54.6875,1093.75
309.12,52.734375,1054.6875,54.6875,1093.75
309.24800000000005,54.6875,1093.75,54.6875,1093.75
309.37600000000003,54.6875,1093.75,54.6875,1093.75
309.504,52.734375,1054.6875,54.6875,1093.75
309.632,60.546875,1210.9375,54.6875,1093.75
309.76000000000005,66.40625,1328.125,54.6875,1093.75
309.88800000000003,54.6875,1093.75,54.6875,1093.75
310.016,54.6875,1093.75,54.6875,1093.75
310.144,52.734375,1054.6875,54.6875,1093.75
310.27200000000005,54.6875,1093.75,54.6875,1093.75
310.40000000000003,54.6875,1093.75,54.6875,1093.75
310.528,56.640625,1132.8125,54.6875,1093.75
310.656,82.03125,1640.625,54.6875,1093.75
310.78400000000005,62.5,1250.0,56.640625,1132.8125
310.91200000000003,50.78125,1015.625,56.640625,1132.8125
311.04,54.6875,1093.75,54.6875,1093.75
311.168,74.21875,1484.375,54.6875,1093.75
311.29600000000005,52.734375,1054.6875,52.734375,1054.6875
311.42400000000004,52.734375,1054.6875,54.6875,1093.75
311.552,54.6875,1093.75,54.6875,1093.75
311.68,52.734375,1054.6875,54.6875,1093.75
311.80800000000005,74.21875,1484.375,54.6875,1093.75
311.93600000000004,54.6875,1093.75,54.6875,1093.75
312.064,54.6875,1093.75,56.640625,1132.8125
312.192,56.640625,1132.8125,56.640625,1132.8125
312.32000000000005,56.640625,1132.8125,54.6875,1093.75
312.44800000000004,58.59375,1171.875,56.640625,1132.8125
312.576,54.6875,1093.75,56.640625,1132.8125
312.704,54.6875,1093.75,56.640625,1132.8125
312.83200000000005,107.421875,2148.4375,56.640625,1132.8125
312.96000000000004,56.640625,1132.8125,56.640625,1132.8125
313.088,54.6875,1093.75,107.421875,2148.4375
313.216,107.421875,2148.4375,107.421875,2148.4375
313.34400000000005,107.421875,2148.4375,107.421875,2148.4375
313.47200000000004,107.421875,2148.4375,107.421875,2148.4375
313.6,107.421875,2148.4375,107.421875,2148.4375
313.728,109.375,2187.5,109.375,2187.5
313.85600000000005,109.375,2187.5,109.375,2187.5
313.98400000000004,109.375,2187.5,109.375,2187.5
314.112,109.375,2187.5,109.375,2187.5
314.24,109.375,2187.5,109.375,2187.5
314.36800000000005,109.375,2187.5,109.375,2187.5
314.49600000000004,109.375,2187.5,109.375,2187.5
314.624,109.375,2187.5,109.375,2187.5
314.752,66.40625,1328.125,68.359375,1367.1875
314.88000000000005,66.40625,1328.125,66.40625,1328.125
315.00800000000004,68.359375,1367.1875,66.40625,1328.125
315.136,58.59375,1171.875,58.59375,1171.875
315.264,54.6875,1093.75,54.6875,1093.75
315.39200000000005,52.734375,1054.6875,54.6875,1093.75
315.52000000000004,50.78125,1015.625,54.6875,1093.75
315.648,54.6875,1093.75,54.6875,1093.75
315.776,56.640625,1132.8125,54.6875,1093.75
315.90400000000005,58.59375,1171.875,54.6875,1093.75
316.03200000000004,56.640625,1132.8125,56.640625,1132.8125
316.16,54.6875,1093.75,56.640625,1132.8125
316.288,54.6875,1093.75,58.59375,1171.875
316.41600000000005,74.21875,1484.375,56.640625,1132.8125
316.54400000000004,107.421875,2148.4375,56.640625,1132.8125
316.672,66.40625,1328.125,56.640625,1132.8125
316.8,56.640625,1132.8125,56.640625,1132.8125
316.92800000000005,56.640625,1132.8125,56.640625,1132.8125
317.05600000000004,56.640625,1132.8125,56.640625,1132.8125
317.184,52.734375,1054.6875,56.640625,1132.8125
317.312,54.6875,1093.75,56.640625,1132.8125
317.44000000000005,54.6875,1093.75,54.6875,1093.75
317.56800000000004,72.265625,1445.3125,54.6875,1093.75
317.696,74.21875,1484.375,54.6875,1093.75
317.824,50.78125,1015.625,56.640625,1132.8125
317.95200000000006,54.6875,1093.75,56.640625,1132.8125
318.08000000000004,56.640625,1132.8125,56.640625,1132.8125
318.208,56.640625,1132.8125,56.640625,1132.8125
318.336,56.640625,1132.8125,56.640625,1132.8125
318.46400000000006,56.640625,1132.8125,56.640625,1132.8125
318.59200000000004,74.21875,1484.375,56.640625,1132.8125
318.72,50.78125,1015.625,54.6875,1093.75
318.848,54.6875,1093.75,54.6875,1093.75
318.97600000000006,50.78125,1015.625,52.734375,1054.6875
319.10400000000004,54.6875,1093.75,52.734375,1054.6875
319.232,52.734375,1054.6875,54.6875,1093.75
319.36,52.734375,1054.6875,54.6875,1093.75
319.48800000000006,64.453125,1289.0625,54.6875,1093.75
319.61600000000004,54.6875,1093.75,54.6875,1093.75
319.744,54.6875,1093.75,54.6875,1093.75
319.872,56.640625,1132.8125,54.6875,1093.75
320.0,56.640625,1132.8125,54.6875,1093.75
320.12800000000004,54.6875,1093.75,56.640625,1132.8125
320.25600000000003,54.6875,1093.75,56.640625,1132.8125
320.384,56.640625,1132.8125,56.640625,1132.8125
320.512,56.640625,1132.8125,56.640625,1132.8125
320.64000000000004,54.6875,1093.75,56.640625,1132.8125
320.76800000000003,56.640625,1132.8125,56.640625,1132.8125
320.896,56.640625,1132.8125,56.640625,1132.8125
321.024,56.640625,1132.8125,56.640625,1132.8125
321.15200000000004,56.640625,1132.8125,56.640625,1132.8125
321.28000000000003,80.078125,1601.5625,56.640625,1132.8125
321.408,82.03125,1640.625,56.640625,1132.8125
321.536,56.640625,1132.8125,56.640625,1132.8125
321.66400000000004,56.640625,1132.8125,56.640625,1132.8125
321.79200000000003,82.03125,1640.625,56.640625,1132.8125
321.92,56.640625,1132.8125,56.640625,1132.8125
322.048,54.6875,1093.75,56.640625,1132.8125
322.17600000000004,56.640625,1132.8125,56.640625,1132.8125
322.30400000000003,56.640625,1132.8125,56.640625,1132.8125
322.432,56.640625,1132.8125,56.640625,1132.8125
322.56,54.6875,1093.75,56.640625,1132.8125
322.68800000000005,56.640625,1132.8125,56.640625,1132.8125
322.81600000000003,56.640625,1132.8125,56.640625,1132.8125
322.944,54.6875,1093.75,56.640625,1132.8125
323.072,54.6875,1093.75,56.640625,1132.8125
323.20000000000005,56.640625,1132.8125,56.640625,1132.8125
323.32800000000003,82.03125,1640.625,54.6875,1093.75
323.456,56.640625,1132.8125,56.640625,1132.8125
323.584,54.6875,1093.75,56.640625,1132.8125
323.71200000000005,54.6875,1093.75,56.640625,1132.8125
323.84000000000003,56.640625,1132.8125,56.640625,1132.8125
323.968,56.640625,1132.8125,56.640625,1132.8125
324.096,64.453125,1289.0625,56.640625,1132.8125
324.22400000000005,66.40625,1328.125,56.640625,1132.8125
324.35200000000003,62.5,1250.0,56.640625,1132.8125
324.48,54.6875,1093.75,54.6875,1093.75
324.608,54.6875,1093.75,54.6875,1093.75
324.73600000000005,54.6875,1093.75,54.6875,1093.75
324.86400000000003,54.6875,1093.75,54.6875,1093.75
324.992,54.6875,1093.75,54.6875,1093.75
325.12,82.03125,1640.625,54.6875,1093.75
325.24800000000005,54.6875,1093.75,54.6875,1093.75
325.37600000000003,54.6875,1093.75,54.6875,1093.75
325.504,54.6875,1093.75,54.6875,1093.75
325.632,82.03125,1640.625,54.6875,1093.75
325.76000000000005,52.734375,1054.6875,54.6875,1093.75
325.88800000000003,54.6875,1093.75,54.6875,1093.75
326.016,54.6875,1093.75,54.6875,1093.75
326.144,52.734375,1054.6875,54.6875,1093.75
326.27200000000005,52.734375,1054.6875,54.6875,1093.75
326.40000000000003,54.6875,1093.75,54.6875,1093.75
326.528,54.6875,1093.75,54.6875,1093.75
326.656,56.640625,1132.8125,54.6875,1093.75
326.78400000000005,56.640625,1132.8125,54.6875,1093.75
326.91200000000003,54.6875,1093.75,54.6875,1093.75
327.04,56.640625,1132.8125,54.6875,1093.75
327.168,54.6875,1093.75,54.6875,1093.75
327.29600000000005,54.6875,1093.75,54.6875,1093.75
327.42400000000004,52.734375,1054.6875,52.734375,1054.6875
327.552,52.734375,1054.6875,52.734375,1054.6875
327.68,52.734375,1054.6875,52.734375,1054.6875
327.80800000000005,52.734375,1054.6875,52.734375,1054.6875
327.93600000000004,52.734375,1054.6875,52.734375,1054.6875
328.064,52.734375,1054.6875,52.734375,1054.6875
328.192,52.734375,1054.6875,52.734375,1054.6875
328.32000000000005,52.734375,1054.6875,52.734375,1054.6875
328.44800000000004,58.59375,1171.875,54.6875,1093.75
328.576,58.59375,1171.875,54.6875,1093.75
328.704,54.6875,1093.75,54.6875,1093.75
328.83200000000005,56.640625,1132.8125,56.640625,1132.8125
328.96000000000004,54.6875,1093.75,56.640625,1132.8125
329.088,54.6875,1093.75,56.640625,1132.8125
329.216,56.640625,1132.8125,56.640625,1132.8125
329.34400000000005,60.546875,1210.9375,60.546875,1210.9375
329.47200000000004,60.546875,1210.9375,60.546875,1210.9375
329.6,60.546875,1210.9375,60.546875,1210.9375
329.728,60.546875,1210.9375,60.546875,1210.9375
329.85600000000005,58.59375,1171.875,58.59375,1171.875
329.98400000000004,54.6875,1093.75,58.59375,1171.875
330.112,56.640625,1132.8125,58.59375,1171.875
330.24,54.6875,1093.75,56.640625,1132.8125
330.36800000000005,107.421875,2148.4375,54.6875,1093.75
330.49600000000004,107.421875,2148.4375,54.6875,1093.75
330.624,54.6875,1093.75,54.6875,1093.75
330.752,54.6875,1093.75,54.6875,1093.75
330.88000000000005,54.6875,1093.75,54.6875,1093.75
331.00800000000004,54.6875,1093.75,54.6875,1093.75
331.136,50.78125,1015.625,54.6875,1093.75
331.264,50.78125,1015.625,54.6875,1093.75
331.39200000000005,58.59375,1171.875,54.6875,1093.75
331.52000000000004,58.59375,1171.875,54.6875,1093.75
331.648,54.6875,1093.75,54.6875,1093.75
331.776,54.6875,1093.75,54.6875,1093.75
331.90400000000005,54.6875,1093.75,54.6875,1093.75
332.03200000000004,54.6875,1093.75,54.6875,1093.75
332.16,54.6875,1093.75,54.6875,1093.75
332.288,56.640625,1132.8125,54.6875,1093.75
332.41600000000005,60.546875,1210.9375,54.6875,1093.75
332.54400000000004,52.734375,1054.6875,54.6875,1093.75
332.672,52.734375,1054.6875,54.6875,1093.75
332.8,54.6875,1093.75,52.734375,1054.6875
332.92800000000005,54.6875,1093.75,52.734375,1054.6875
333.05600000000004,52.734375,1054.6875,54.6875,1093.75
333.184,52.734375,1054.6875,54.6875,1093.75
333.312,60.546875,1210.9375,54.6875,1093.75
333.44000000000005,54.6875,1093.75,54.6875,1093.75
333.56800000000004,54.6875,1093.75,54.6875,1093.75
333.696,54.6875,1093.75,54.6875,1093.75
333.824,54.6875,1093.75,54.6875,1093.75
333.95200000000006,54.6875,1093.75,54.6875,1093.75
334.08000000000004,64.453125,1289.0625,54.6875,1093.75
334.208,54.6875,1093.75,54.6875,1093.75
334.336,54.6875,1093.75,54.6875,1093.75
334.46400000000006,54.6875,1093.75,54.6875,1093.75
334.59200000000004,54.6875,1093.75,54.6875,1093.75
334.72,52.734375,1054.6875,54.6875,1093.75
334.848,56.640625,1132.8125,54.6875,1093.75
334.97600000000006,58.59375,1171.875,54.6875,1093.75
335.10400000000004,52.734375,1054.6875,54.6875,1093.75
335.232,80.078125,1601.5625,54.6875,1093.75
335.36,54.6875,1093.75,54.6875,1093.75
335.48800000000006,54.6875,1093.75,54.6875,1093.75
335.61600000000004,54.6875,1093.75,54.6875,1093.75
335.744,54.6875,1093.75,54.6875,1093.75
335.872,58.59375,1171.875,54.6875,1093.75
336.0,60.546875,1210.9375,54.6875,1093.75
336.12800000000004,66.40625,1328.125,54.6875,1093.75
336.25600000000003,52.734375,1054.6875,54.6875,1093.75
336.384,54.6875,1093.75,54.6875,1093.75
336.512,54.6875,1093.75,54.6875,1093.75
336.64000000000004,54.6875,1093.75,54.6875,1093.75
336.76800000000003,54.6875,1093.75,54.6875,1093.75
336.896,64.453125,1289.0625,54.6875,1093.75
337.024,52.734375,1054.6875,54.6875,1093.75
337.15200000000004,52.734375,1054.6875,52.734375,1054.6875
337.28000000000003,52.734375,1054.6875,52.734375,1054.6875
337.408,54.6875,1093.75,52.734375,1054.6875
337.536,52.734375,1054.6875,52.734375,1054.6875
337.66400000000004,52.734375,1054.6875,52.734375,1054.6875
337.79200000000003,54.6875,1093.75,54.6875,1093.75
337.92,52.734375,1054.6875,54.6875,1093.75
338.048,54.6875,1093.75,54.6875,1093.75
338.17600000000004,54.6875,1093.75,54.6875,1093.75
338.30400000000003,56.640625,1132.8125,54.6875,1093.75
338.432,56.640625,1132.8125,54.6875,1093.75
338.56,54.6875,1093.75,54.6875,1093.75
338.68800000000005,80.078125,1601.5625,54.6875,1093.75
338.81600000000003,54.6875,1093.75,54.6875,1093.75
338.944,54.6875,1093.75,54.6875,1093.75
339.072,54.6875,1093.75,56.640625,1132.8125
339.20000000000005,56.640625,1132.8125,56.640625,1132.8125
339.32800000000003,70.3125,1406.25,62.5,1250.0
339.456,70.3125,1406.25,62.5,1250.0
339.584,70.3125,1406.25,62.5,1250.0
339.71200000000005,62.5,1250.0,62.5,1250.0
339.84000000000003,54.6875,1093.75,58.59375,1171.875
339.968,54.6875,1093.75,54.6875,1093.75
340.096,52.734375,1054.6875,54.6875,1093.75
340.22400000000005,58.59375,1171.875,54.6875,1093.75
340.35200000000003,54.6875,1093.75,54.6875,1093.75
340.48,54.6875,1093.75,54.6875,1093.75
340.608,58.59375,1171.875,54.6875,1093.75
340.73600000000005,52.734375,1054.6875,54.6875,1093.75
340.86400000000003,52.734375,1054.6875,54.6875,1093.75
340.992,62.5,1250.0,52.734375,1054.6875
341.12,60.546875,1210.9375,52.734375,1054.6875
341.24800000000005,50.78125,1015.625,54.6875,1093.75
341.37600000000003,52.734375,1054.6875,54.6875,1093.75
341.504,54.6875,1093.75,52.734375,1054.6875
341.632,54.6875,1093.75,52.734375,1054.6875
341.76000000000005,52.734375,1054.6875,54.6875,1093.75
341.88800000000003,52.734375,1054.6875,54.6875,1093.75
342.016,54.6875,1093.75,54.6875,1093.75
342.144,54.6875,1093.75,52.734375,1054.6875
342.27200000000005,52.734375,1054.6875,52.734375,1054.6875
342.40000000000003,56.640625,1132.8125,54.6875,1093.75
342.528,52.734375,1054.6875,54.6875,1093.75
342.656,52.734375,1054.6875,56.640625,1132.8125
342.78400000000005,62.5,1250.0,62.5,1250.0
342.91200000000003,62.5,1250.0,62.5,1250.0
343.04,80.078125,1601.5625,62.5,1250.0
343.168,78.125,1562.5,62.5,1250.0
343.29600000000005,70.3125,1406.25,70.3125,1406.25
343.42400000000004,50.78125,1015.625,70.3125,1406.25
343.552,50.78125,1015.625,56.640625,1132.8125
343.68,70.3125,1406.25,56.640625,1132.8125
343.80800000000005,54.6875,1093.75,56.640625,1132.8125
343.93600000000004,56.640625,1132.8125,56.640625,1132.8125
344.064,56.640625,1132.8125,56.640625,1132.8125
344.192,70.3125,1406.25,56.640625,1132.8125
344.32000000000005,85.9375,1718.75,60.546875,1210.9375
344.44800000000004,50.78125,1015.625,64.453125,1289.0625
344.576,60.546875,1210.9375,70.3125,1406.25
344.704,70.3125,1406.25,64.453125,1289.0625
344.83200000000005,64.453125,1289.0625,62.5,1250.0
344.96000000000004,136.71875,2734.375,62.5,1250.0
345.088,62.5,1250.0,62.5,1250.0
345.216,62.5,1250.0,62.5,1250.0
345.34400000000005,54.6875,1093.75,54.6875,1093.75
345.47200000000004,54.6875,1093.75,54.6875,1093.75
345.6,54.6875,1093.75,54.6875,1093.75
345.728,54.6875,1093.75,54.6875,1093.75
345.85600000000005,52.734375,1054.6875,54.6875,1093.75
345.98400000000004,54.6875,1093.75,54.6875,1093.75
346.112,54.6875,1093.75,54.6875,1093.75
346.24,54.6875,1093.75,54.6875,1093.75
346.36800000000005,54.6875,1093.75,54.6875,1093.75
346.49600000000004,54.6875,1093.75,54.6875,1093.75
346.624,60.546875,1210.9375,58.59375,1171.875
346.752,58.59375,1171.875,58.59375,1171.875
346.88000000000005,58.59375,1171.875,58.59375,1171.875
347.00800000000004,58.59375,1171.875,58.59375,1171.875
347.136,58.59375,1171.875,58.59375,1171.875
347.264,52.734375,1054.6875,54.6875,1093.75
347.39200000000005,54.6875,1093.75,54.6875,1093.75
347.52000000000004,52.734375,1054.6875,54.6875,1093.75
347.648,52.734375,1054.6875,54.6875,1093.75
347.776,54.6875,1093.75,54.6875,1093.75
347.90400000000005,54.6875,1093.75,52.734375,1054.6875
348.03200000000004,54.6875,1093.75,54.6875,1093.75
348.16,52.734375,1054.6875,54.6875,1093.75
348.288,52.734375,1054.6875,54.6875,1093.75
348.41600000000005,54.6875,1093.75,54.6875,1093.75
348.54400000000004,56.640625,1132.8125,54.6875,1093.75
348.672,58.59375,1171.875,54.6875,1093.75
348.8,54.6875,1093.75,54.6875,1093.75
348.92800000000005,54.6875,1093.75,54.6875,1093.75
349.05600000000004,54.6875,1093.75,54.6875,1093.75
349.184,52.734375,1054.6875,54.6875,1093.75
349.312,54.6875,1093.75,54.6875,1093.75
349.44000000000005,54.6875,1093.75,54.6875,1093.75
349.56800000000004,52.734375,1054.6875,54.6875,1093.75
349.696,50.78125,1015.625,54.6875,1093.75
349.824,56.640625,1132.8125,56.640625,1132.8125
349.95200000000006,56.640625,1132.8125,56.640625,1132.8125
350.08000000000004,56.640625,1132.8125,56.640625,1132.8125
350.208,56.640625,1132.8125,56.640625,1132.8125
350.336,54.6875,1093.75,56.640625,1132.8125
350.46400000000006,52.734375,1054.6875,56.640625,1132.8125
350.59200000000004,50.78125,1015.625,56.640625,1132.8125
350.72,58.59375,1171.875,58.59375,1171.875
350.848,58.59375,1171.875,58.59375,1171.875
350.97600000000006,60.546875,1210.9375,60.546875,1210.9375
351.10400000000004,60.546875,1210.9375,60.546875,1210.9375
351.232,60.546875,1210.9375,60.546875,1210.9375
351.36,60.546875,1210.9375,60.546875,1210.9375
351.48800000000006,60.546875,1210.9375,60.546875,1210.9375
351.61600000000004,60.546875,1210.9375,60.546875,1210.9375
351.744,60.546875,1210.9375,60.546875,1210.9375
351.872,62.5,1250.0,62.5,1250.0
352.0,62.5,1250.0,62.5,1250.0
352.12800000000004,62.5,1250.0,62.5,1250.0
352.25600000000003,62.5,1250.0,62.5,1250.0
352.384,62.5,1250.0,62.5,1250.0
352.512,62.5,1250.0,62.5,1250.0
352.64000000000004,62.5,1250.0,62.5,1250.0
352.76800000000003,62.5,1250.0,62.5,1250.0
352.896,62.5,1250.0,62.5,1250.0
353.024,64.453125,1289.0625,64.453125,1289.0625
353.15200000000004,64.453125,1289.0625,64.453125,1289.0625
353.28000000000003,64.453125,1289.0625,64.453125,1289.0625
353.408,64.453125,1289.0625,64.453125,1289.0625
353.536,64.453125,1289.0625,64.453125,1289.0625
353.66400000000004,64.453125,1289.0625,64.453125,1289.0625
353.79200000000003,64.453125,1289.0625,64.453125,1289.0625
353.92,64.453125,1289.0625,64.453125,1289.0625
354.048,66.40625,1328.125,66.40625,1328.125
354.17600000000004,66.40625,1328.125,66.40625,1328.125
354.30400000000003,66.40625,1328.125,66.40625,1328.125
354.432,66.40625,1328.125,66.40625,1328.125
354.56,66.40625,1328.125,66.40625,1328.125
354.68800000000005,66.40625,1328.125,66.40625,1328.125
354.81600000000003,66.40625,1328.125,66.40625,1328.125
354.944,66.40625,1328.125,66.40625,1328.125
355.072,66.40625,1328.125,66.40625,1328.125
355.20000000000005,54.6875,1093.75,66.40625,1328.125
355.32800000000003,68.359375,1367.1875,68.359375,1367.1875
355.456,68.359375,1367.1875,68.359375,1367.1875
355.584,68.359375,1367.1875,68.359375,1367.1875
355.71200000000005,68.359375,1367.1875,68.359375,1367.1875
355.84000000000003,68.359375,1367.1875,68.359375,1367.1875
355.968,68.359375,1367.1875,68.359375,1367.1875
356.096,54.6875,1093.75,66.40625,1328.125
356.22400000000005,50.78125,1015.625,54.6875,1093.75
356.35200000000003,66.40625,1328.125,54.6875,1093.75
356.48,54.6875,1093.75,54.6875,1093.75
356.608,54.6875,1093.75,54.6875,1093.75
356.73600000000005,54.6875,1093.75,54.6875,1093.75
356.86400000000003,62.5,1250.0,54.6875,1093.75
356.992,50.78125,1015.625,54.6875,1093.75
357.12,52.734375,1054.6875,54.6875,1093.75
357.24800000000005,52.734375,1054.6875,52.734375,1054.6875
357.37600000000003,54.6875,1093.75,52.734375,1054.6875
357.504,54.6875,1093.75,54.6875,1093.75
357.632,52.734375,1054.6875,54.6875,1093.75
357.76000000000005,70.3125,1406.25,56.640625,1132.8125
357.88800000000003,70.3125,1406.25,56.640625,1132.8125
358.016,56.640625,1132.8125,58.59375,1171.875
358.144,58.59375,1171.875,68.359375,1367.1875
358.27200000000005,52.734375,1054.6875,58.59375,1171.875
358.40000000000003,68.359375,1367.1875,56.640625,1132.8125
358.528,80.078125,1601.5625,56.640625,1132.8125
358.656,54.6875,1093.75,54.6875,1093.75
358.78400000000005,56.640625,1132.8125,54.6875,1093.75
358.91200000000003,54.6875,1093.75,54.6875,1093.75
359.04,52.734375,1054.6875,54.6875,1093.75
359.168,52.734375,1054.6875,54.6875,1093.75
359.29600000000005,70.3125,1406.25,52.734375,1054.6875
359.42400000000004,58.59375,1171.875,52.734375,1054.6875
359.552,50.78125,1015.625,54.6875,1093.75
359.68,52.734375,1054.6875,58.59375,1171.875
359.80800000000005,54.6875,1093.75,54.6875,1093.75
359.93600000000004,64.453125,1289.0625,54.6875,1093.75
360.064,62.5,1250.0,54.6875,1093.75
360.192,54.6875,1093.75,54.6875,1093.75
360.32000000000005,52.734375,1054.6875,60.546875,1210.9375
360.44800000000004,52.734375,1054.6875,54.6875,1093.75
360.576,60.546875,1210.9375,54.6875,1093.75
360.704,60.546875,1210.9375,56.640625,1132.8125
360.83200000000005,54.6875,1093.75,56.640625,1132.8125
360.96000000000004,56.640625,1132.8125,56.640625,1132.8125
361.088,56.640625,1132.8125,54.6875,1093.75
361.216,54.6875,1093.75,54.6875,1093.75
361.34400000000005,54.6875,1093.75,54.6875,1093.75
361.47200000000004,54.6875,1093.75,54.6875,1093.75
361.6,52.734375,1054.6875,54.6875,1093.75
361.728,54.6875,1093.75,54.6875,1093.75
361.85600000000005,56.640625,1132.8125,56.640625,1132.8125
361.98400000000004,56.640625,1132.8125,56.640625,1132.8125
362.112,56.640625,1132.8125,56.640625,1132.8125
362.24,56.640625,1132.8125,56.640625,1132.8125
362.36800000000005,56.640625,1132.8125,56.640625,1132.8125
362.49600000000004,52.734375,1054.6875,56.640625,1132.8125
362.624,56.640625,1132.8125,56.640625,1132.8125
362.752,56.640625,1132.8125,56.640625,1132.8125
362.88000000000005,56.640625,1132.8125,56.640625,1132.8125
363.00800000000004,52.734375,1054.6875,56.640625,1132.8125
363.136,56.640625,1132.8125,56.640625,1132.8125
363.264,58.59375,1171.875,58.59375,1171.875
363.39200000000005,58.59375,1171.875,58.59375,1171.875
363.52000000000004,58.59375,1171.875,58.59375,1171.875
363.648,58.59375,1171.875,58.59375,1171.875
363.776,58.59375,1171.875,58.59375,1171.875
363.90400000000005,58.59375,1171.875,58.59375,1171.875
364.03200000000004,58.59375,1171.875,58.59375,1171.875
364.16,52.734375,1054.6875,58.59375,1171.875
364.288,52.734375,1054.6875,58.59375,1171.875
364.41600000000005,58.59375,1171.875,58.59375,1171.875
364.54400000000004,58.59375,1171.875,58.59375,1171.875
364.672,58.59375,1171.875,58.59375,1171.875
364.8,58.59375,1171.875,58.59375,1171.875
364.92800000000005,58.59375,1171.875,58.59375,1171.875
365.05600000000004,60.546875,1210.9375,58.59375,1171.875
365.184,60.546875,1210.9375,58.59375,1171.875
365.312,58.59375,1171.875,60.546875,1210.9375
365.44000000000005,60.546875,1210.9375,60.546875,1210.9375
365.56800000000004,58.59375,1171.875,60.546875,1210.9375
365.696,60.546875,1210.9375,60.546875,1210.9375
365.824,60.546875,1210.9375,60.546875,1210.9375
365.95200000000006,60.546875,1210.9375,60.546875,1210.9375
366.08000000000004,60.546875,1210.9375,60.546875,1210.9375
366.208,60.546875,1210.9375,60.546875,1210.9375
366.336,60.546875,1210.9375,60.546875,1210.9375
366.46400000000006,60.546875,1210.9375,60.546875,1210.9375
366.59200000000004,60.546875,1210.9375,60.546875,1210.9375
366.72,60.546875,1210.9375,60.546875,1210.9375
366.848,60.546875,1210.9375,60.546875,1210.9375
366.97600000000006,60.546875,1210.9375,60.546875,1210.9375
367.10400000000004,60.546875,1210.9375,60.546875,1210.9375
367.232,60.546875,1210.9375,60.546875,1210.9375
367.36,60.546875,1210.9375,60.546875,1210.9375
367.48800000000006,60.546875,1210.9375,60.546875,1210.9375
367.61600000000004,60.546875,1210.9375,60.546875,1210.9375
367.744,60.546875,1210.9375,60.546875,1210.9375
367.872,60.546875,1210.9375,60.546875,1210.9375
368.0,60.546875,1210.9375,60.546875,1210.9375
368.12800000000004,60.546875,1210.9375,60.546875,1210.9375
368.25600000000003,60.546875,1210.9375,60.546875,1210.9375
368.384,60.546875,1210.9375,60.546875,1210.9375
368.512,60.546875,1210.9375,60.546875,1210.9375
368.64000000000004,60.546875,1210.9375,60.546875,1210.9375
368.76800000000003,60.546875,1210.9375,60.546875,1210.9375
368.896,60.546875,1210.9375,60.546875,1210.9375
369.024,60.546875,1210.9375,60.546875,1210.9375
369.15200000000004,60.546875,1210.9375,60.546875,1210.9375
369.28000000000003,62.5,1250.0,60.546875,1210.9375
369.408,62.5,1250.0,62.5,1250.0
369.536,60.546875,1210.9375,62.5,1250.0
369.66400000000004,62.5,1250.0,62.5,1250.0
369.79200000000003,62.5,1250.0,62.5,1250.0
369.92,62.5,1250.0,62.5,1250.0
370.048,62.5,1250.0,62.5,1250.0
370.17600000000004,62.5,1250.0,62.5,1250.0
370.30400000000003,62.5,1250.0,62.5,1250.0
370.432,62.5,1250.0,62.5,1250.0
370.56,62.5,1250.0,62.5,1250.0
370.68800000000005,62.5,1250.0,62.5,1250.0
370.81600000000003,62.5,1250.0,62.5,1250.0
370.944,62.5,1250.0,62.5,1250.0
371.072,62.5,1250.0,62.5,1250.0
371.20000000000005,62.5,1250.0,62.5,1250.0
371.32800000000003,62.5,1250.0,62.5,1250.0
371.456,62.5,1250.0,62.5,1250.0
371.584,62.5,1250.0,62.5,1250.0
371.71200000000005,62.5,1250.0,62.5,1250.0
371.84000000000003,62.5,1250.0,62.5,1250.0
371.968,62.5,1250.0,62.5,1250.0
372.096,62.5,1250.0,62.5,1250.0
372.22400000000005,62.5,1250.0,62.5,1250.0
372.35200000000003,62.5,1250.0,62.5,1250.0
372.48,62.5,1250.0,62.5,1250.0
372.608,62.5,1250.0,62.5,1250.0
372.73600000000005,62.5,1250.0,62.5,1250.0
372.86400000000003,62.5,1250.0,62.5,1250.0
372.992,62.5,1250.0,62.5,1250.0
373.12,62.5,1250.0,62.5,1250.0
373.24800000000005,62.5,1250.0,62.5,1250.0
373.37600000000003,62.5,1250.0,62.5,1250.0
373.504,62.5,1250.0,62.5,1250.0
373.632,62.5,1250.0,62.5,1250.0
373.76000000000005,62.5,1250.0,62.5,1250.0
373.88800000000003,62.5,1250.0,62.5,1250.0
374.016,62.5,1250.0,62.5,1250.0
374.144,62.5,1250.0,62.5,1250.0
374.27200000000005,62.5,1250.0,62.5,1250.0
374.40000000000003,62.5,1250.0,62.5,1250.0
374.528,62.5,1250.0,62.5,1250.0
374.656,62.5,1250.0,62.5,1250.0
374.78400000000005,58.59375,1171.875,62.5,1250.0
374.91200000000003,56.640625,1132.8125,62.5,1250.0
375.04,62.5,1250.0,62.5,1250.0
375.168,62.5,1250.0,62.5,1250.0
375.29600000000005,62.5,1250.0,62.5,1250.0
375.42400000000004,62.5,1250.0,62.5,1250.0
375.552,62.5,1250.0,62.5,1250.0
375.68,62.5,1250.0,62.5,1250.0
375.80800000000005,62.5,1250.0,62.5,1250.0
375.93600000000004,62.5,1250.0,62.5,1250.0
376.064,62.5,1250.0,62.5,1250.0
376.192,62.5,1250.0,62.5,1250.0
376.32000000000005,62.5,1250.0,62.5,1250.0
376.44800000000004,62.5,1250.0,62.5,1250.0
376.576,54.6875,1093.75,54.6875,1093.75
376.704,52.734375,1054.6875,54.6875,1093.75
376.83200000000005,54.6875,1093.75,54.6875,1093.75
376.96000000000004,54.6875,1093.75,54.6875,1093.75
377.088,54.6875,1093.75,54.6875,1093.75
377.216,52.734375,1054.6875,54.6875,1093.75
377.34400000000005,60.546875,1210.9375,54.6875,1093.75
377.47200000000004,50.78125,1015.625,54.6875,1093.75
377.6,52.734375,1054.6875,58.59375,1171.875
377.728,58.59375,1171.875,58.59375,1171.875
377.85600000000005,58.59375,1171.875,58.59375,1171.875
377.98400000000004,58.59375,1171.875,58.59375,1171.875
378.112,58.59375,1171.875,58.59375,1171.875
378.24,60.546875,1210.9375,58.59375,1171.875
378.36800000000005,62.5,1250.0,58.59375,1171.875
378.49600000000004,52.734375,1054.6875,58.59375,1171.875
378.624,52.734375,1054.6875,52.734375,1054.6875
378.752,62.5,1250.0,52.734375,1054.6875
378.88000000000005,52.734375,1054.6875,52.734375,1054.6875
379.00800000000004,52.734375,1054.6875,52.734375,1054.6875
379.136,52.734375,1054.6875,52.734375,1054.6875
379.264,52.734375,1054.6875,52.734375,1054.6875
379.39200000000005,52.734375,1054.6875,52.734375,1054.6875
379.52000000000004,64.453125,1289.0625,64.453125,1289.0625
379.648,64.453125,1289.0625,64.453125,1289.0625
379.776,64.453125,1289.0625,64.453125,1289.0625
379.90400000000005,66.40625,1328.125,64.453125,1289.0625
380.03200000000004,52.734375,1054.6875,62.5,1250.0
380.16,52.734375,1054.6875,60.546875,1210.9375
380.288,52.734375,1054.6875,52.734375,1054.6875
380.41600000000005,62.5,1250.0,52.734375,1054.6875
380.54400000000004,60.546875,1210.9375,52.734375,1054.6875
380.672,52.734375,1054.6875,52.734375,1054.6875
380.8,52.734375,1054.6875,60.546875,1210.9375
380.92800000000005,52.734375,1054.6875,60.546875,1210.9375
381.05600000000004,80.078125,1601.5625,54.6875,1093.75
381.184,60.546875,1210.9375,60.546875,1210.9375
381.312,60.546875,1210.9375,60.546875,1210.9375
381.44000000000005,54.6875,1093.75,60.546875,1210.9375
381.56800000000004,60.546875,1210.9375,60.546875,1210.9375
381.696,60.546875,1210.9375,60.546875,1210.9375
381.824,60.546875,1210.9375,58.59375,1171.875
381.95200000000006,58.59375,1171.875,60.546875,1210.9375
382.08000000000004,56.640625,1132.8125,60.546875,1210.9375
382.208,56.640625,1132.8125,60.546875,1210.9375
382.336,60.546875,1210.9375,60.546875,1210.9375
382.46400000000006,60.546875,1210.9375,60.546875,1210.9375
382.59200000000004,60.546875,1210.9375,60.546875,1210.9375
382.72,60.546875,1210.9375,60.546875,1210.9375
382.848,58.59375,1171.875,60.546875,1210.9375
382.97600000000006,60.546875,1210.9375,60.546875,1210.9375
383.10400000000004,60.546875,1210.9375,60.546875,1210.9375
383.232,60.546875,1210.9375,60.546875,1210.9375
383.36,60.546875,1210.9375,60.546875,1210.9375
383.48800000000006,52.734375,1054.6875,56.640625,1132.8125
383.61600000000004,54.6875,1093.75,56.640625,1132.8125
383.744,56.640625,1132.8125,54.6875,1093.75
383.872,56.640625,1132.8125,54.6875,1093.75
384.0,54.6875,1093.75,54.6875,1093.75
384.12800000000004,54.6875,1093.75,56.640625,1132.8125
384.25600000000003,60.546875,1210.9375,56.640625,1132.8125
384.384,54.6875,1093.75,54.6875,1093.75
384.512,60.546875,1210.9375,54.6875,1093.75
384.64000000000004,60.546875,1210.9375,54.6875,1093.75
384.76800000000003,54.6875,1093.75,54.6875,1093.75
384.896,54.6875,1093.75,54.6875,1093.75
385.024,50.78125,1015.625,54.6875,1093.75
385.15200000000004,54.6875,1093.75,54.6875,1093.75
385.28000000000003,54.6875,1093.75,54.6875,1093.75
385.408,54.6875,1093.75,54.6875,1093.75
385.536,52.734375,1054.6875,54.6875,1093.75
385.66400000000004,54.6875,1093.75,54.6875,1093.75
385.79200000000003,54.6875,1093.75,54.6875,1093.75
385.92,54.6875,1093.75,54.6875,1093.75
386.048,54.6875,1093.75,54.6875,1093.75
386.17600000000004,54.6875,1093.75,54.6875,1093.75
386.30400000000003,52.734375,1054.6875,54.6875,1093.75
386.432,58.59375,1171.875,54.6875,1093.75
386.56,58.59375,1171.875,54.6875,1093.75
386.68800000000005,54.6875,1093.75,54.6875,1093.75
386.81600000000003,54.6875,1093.75,54.6875,1093.75
386.944,54.6875,1093.75,54.6875,1093.75
387.072,54.6875,1093.75,54.6875,1093.75
387.20000000000005,72.265625,1445.3125,58.59375,1171.875
387.32800000000003,58.59375,1171.875,58.59375,1171.875
387.456,58.59375,1171.875,58.59375,1171.875
387.584,58.59375,1171.875,58.59375,1171.875
387.71200000000005,68.359375,1367.1875,58.59375,1171.875
387.84000000000003,54.6875,1093.75,54.6875,1093.75
387.968,52.734375,1054.6875,54.6875,1093.75
388.096,52.734375,1054.6875,54.6875,1093.75
388.22400000000005,54.6875,1093.75,54.6875,1093.75
388.35200000000003,72.265625,1445.3125,52.734375,1054.6875
388.48,52.734375,1054.6875,52.734375,1054.6875
388.608,54.6875,1093.75,54.6875,1093.75
388.73600000000005,52.734375,1054.6875,54.6875,1093.75
388.86400000000003,50.78125,1015.625,54.6875,1093.75
388.992,62.5,1250.0,62.5,1250.0
389.12,70.3125,1406.25,62.5,1250.0
389.24800000000005,62.5,1250.0,62.5,1250.0
389.37600000000003,62.5,1250.0,62.5,1250.0
389.504,60.546875,1210.9375,60.546875,1210.9375
389.632,60.546875,1210.9375,60.546875,1210.9375
389.76000000000005,60.546875,1210.9375,60.546875,1210.9375
389.88800000000003,60.546875,1210.9375,60.546875,1210.9375
390.016,60.546875,1210.9375,60.546875,1210.9375
390.144,60.546875,1210.9375,60.546875,1210.9375
390.27200000000005,60.546875,1210.9375,60.546875,1210.9375
390.40000000000003,60.546875,1210.9375,60.546875,1210.9375
390.528,60.546875,1210.9375,60.546875,1210.9375
390.656,60.546875,1210.9375,60.546875,1210.9375
390.78400000000005,60.546875,1210.9375,60.546875,1210.9375
390.91200000000003,60.546875,1210.9375,60.546875,1210.9375
391.04,60.546875,1210.9375,60.546875,1210.9375
391.168,60.546875,1210.9375,60.546875,1210.9375
391.29600000000005,60.546875,1210.9375,60.546875,1210.9375
391.42400000000004,60.546875,1210.9375,60.546875,1210.9375
391.552,60.546875,1210.9375,60.546875,1210.9375
391.68,60.546875,1210.9375,60.546875,1210.9375
391.80800000000005,60.546875,1210.9375,60.546875,1210.9375
391.93600000000004,60.546875,1210.9375,60.546875,1210.9375
392.064,60.546875,1210.9375,60.546875,1210.9375
392.192,60.546875,1210.9375,60.546875,1210.9375
392.32000000000005,60.546875,1210.9375,60.546875,1210.9375
392.44800000000004,62.5,1250.0,60.546875,1210.9375
392.576,54.6875,1093.75,60.546875,1210.9375
392.704,54.6875,1093.75,60.546875,1210.9375
392.83200000000005,52.734375,1054.6875,60.546875,1210.9375
392.96000000000004,60.546875,1210.9375,60.546875,1210.9375
393.088,60.546875,1210.9375,60.546875,1210.9375
393.216,60.546875,1210.9375,60.546875,1210.9375
393.34400000000005,60.546875,1210.9375,60.546875,1210.9375
393.47200000000004,60.546875,1210.9375,60.546875,1210.9375
393.6,60.546875,1210.9375,60.546875,1210.9375
393.728,52.734375,1054.6875,60.546875,1210.9375
393.85600000000005,72.265625,1445.3125,60.546875,1210.9375
393.98400000000004,56.640625,1132.8125,60.546875,1210.9375
394.112,58.59375,1171.875,60.546875,1210.9375
394.24,60.546875,1210.9375,60.546875,1210.9375
394.36800000000005,60.546875,1210.9375,60.546875,1210.9375
394.49600000000004,60.546875,1210.9375,60.546875,1210.9375
394.624,60.546875,1210.9375,60.546875,1210.9375
394.752,60.546875,1210.9375,60.546875,1210.9375
394.88000000000005,60.546875,1210.9375,60.546875,1210.9375
395.00800000000004,72.265625,1445.3125,60.546875,1210.9375
395.136,54.6875,1093.75,60.546875,1210.9375
395.264,54.6875,1093.75,54.6875,1093.75
395.39200000000005,54.6875,1093.75,54.6875,1093.75
395.52000000000004,60.546875,1210.9375,54.6875,1093.75
395.648,54.6875,1093.75,60.546875,1210.9375
395.776,80.078125,1601.5625,60.546875,1210.9375
395.90400000000005,62.5,1250.0,60.546875,1210.9375
396.03200000000004,60.546875,1210.9375,60.546875,1210.9375
396.16,60.546875,1210.9375,60.546875,1210.9375
396.288,58.59375,1171.875,60.546875,1210.9375
396.41600000000005,60.546875,1210.9375,60.546875,1210.9375
396.54400000000004,60.546875,1210.9375,60.546875,1210.9375
396.672,82.03125,1640.625,60.546875,1210.9375
396.8,68.359375,1367.1875,60.546875,1210.9375
396.92800000000005,60.546875,1210.9375,60.546875,1210.9375
397.05600000000004,60.546875,1210.9375,60.546875,1210.9375
397.184,60.546875,1210.9375,60.546875,1210.9375
397.312,54.6875,1093.75,60.546875,1210.9375
397.44000000000005,60.546875,1210.9375,60.546875,1210.9375
397.56800000000004,60.546875,1210.9375,58.59375,1171.875
397.696,58.59375,1171.875,58.59375,1171.875
397.824,58.59375,1171.875,58.59375,1171.875
397.95200000000006,52.734375,1054.6875,58.59375,1171.875
398.08000000000004,54.6875,1093.75,58.59375,1171.875
398.208,60.546875,1210.9375,58.59375,1171.875
398.336,60.546875,1210.9375,58.59375,1171.875
398.46400000000006,60.546875,1210.9375,58.59375,1171.875
398.59200000000004,58.59375,1171.875,58.59375,1171.875
398.72,58.59375,1171.875,58.59375,1171.875
398.848,58.59375,1171.875,58.59375,1171.875
398.97600000000006,58.59375,1171.875,58.59375,1171.875
399.10400000000004,60.546875,1210.9375,58.59375,1171.875
399.232,64.453125,1289.0625,60.546875,1210.9375
399.36,54.6875,1093.75,60.546875,1210.9375
399.48800000000006,60.546875,1210.9375,60.546875,1210.9375
399.61600000000004,60.546875,1210.9375,60.546875,1210.9375
399.744,54.6875,1093.75,60.546875,1210.9375
399.872,64.453125,1289.0625,60.546875,1210.9375
400.0,60.546875,1210.9375,60.546875,1210.9375
400.12800000000004,60.546875,1210.9375,60.546875,1210.9375
400.25600000000003,52.734375,1054.6875,60.546875,1210.9375
400.384,54.6875,1093.75,58.59375,1171.875
400.512,60.546875,1210.9375,58.59375,1171.875
400.64000000000004,58.59375,1171.875,58.59375,1171.875
400.76800000000003,58.59375,1171.875,58.59375,1171.875
400.896,58.59375,1171.875,58.59375,1171.875
401.024,58.59375,1171.875,58.59375,1171.875
401.15200000000004,58.59375,1171.875,58.59375,1171.875
401.28000000000003,58.59375,1171.875,58.59375,1171.875
401.408,56.640625,1132.8125,58.59375,1171.875
401.536,58.59375,1171.875,56.640625,1132.8125
401.66400000000004,54.6875,1093.75,54.6875,1093.75
401.79200000000003,54.6875,1093.75,54.6875,1093.75
401.92,54.6875,1093.75,54.6875,1093.75
402.048,54.6875,1093.75,54.6875,1093.75
402.17600000000004,58.59375,1171.875,54.6875,1093.75
402.30400000000003,50.78125,1015.625,54.6875,1093.75
402.432,50.78125,1015.625,56.640625,1132.8125
402.56,56.640625,1132.8125,56.640625,1132.8125
402.68800000000005,58.59375,1171.875,54.6875,1093.75
402.81600000000003,60.546875,1210.9375,54.6875,1093.75
402.944,54.6875,1093.75,54.6875,1093.75
403.072,54.6875,1093.75,54.6875,1093.75
403.20000000000005,54.6875,1093.75,54.6875,1093.75
403.32800000000003,54.6875,1093.75,54.6875,1093.75
403.456,58.59375,1171.875,54.6875,1093.75
403.584,60.546875,1210.9375,54.6875,1093.75
403.71200000000005,58.59375,1171.875,54.6875,1093.75
403.84000000000003,52.734375,1054.6875,54.6875,1093.75
403.968,54.6875,1093.75,54.6875,1093.75
404.096,54.6875,1093.75,54.6875,1093.75
404.22400000000005,52.734375,1054.6875,54.6875,1093.75
404.35200000000003,56.640625,1132.8125,54.6875,1093.75
404.48,56.640625,1132.8125,54.6875,1093.75
404.608,54.6875,1093.75,54.6875,1093.75
404.73600000000005,54.6875,1093.75,54.6875,1093.75
404.86400000000003,54.6875,1093.75,54.6875,1093.75
404.992,52.734375,1054.6875,54.6875,1093.75
405.12,50.78125,1015.625,54.6875,1093.75
405.24800000000005,50.78125,1015.625,52.734375,1054.6875
405.37600000000003,60.546875,1210.9375,52.734375,1054.6875
405.504,58.59375,1171.875,58.59375,1171.875
405.632,52.734375,1054.6875,58.59375,1171.875
405.76000000000005,58.59375,1171.875,58.59375,1171.875
405.88800000000003,58.59375,1171.875,58.59375,1171.875
406.016,58.59375,1171.875,58.59375,1171.875
406.144,58.59375,1171.875,58.59375,1171.875
406.27200000000005,60.546875,1210.9375,60.546875,1210.9375
406.40000000000003,64.453125,1289.0625,60.546875,1210.9375
406.528,62.5,1250.0,60.546875,1210.9375
406.656,60.546875,1210.9375,60.546875,1210.9375
406.78400000000005,58.59375,1171.875,61.5234375,1230.46875
406.91200000000003,58.59375,1171.875,60.546875,1210.9375
407.04,107.421875,2148.4375,59.5703125,1191.40625
