1980-01-07 13:12:03 INFO  main_loop.c:906 Current mission: volk-2025-11
1980-01-07 13:12:03 INFO  flyingzone.c:225 Reading flying zone file /data/missions/volk-2025-11/flyingzone.cfg...
1980-01-07 13:12:03 INFO  flyingzone.c:280 Parsed 10 flying zone points, 0 holes, 0 rally points, 0 arena points and 0 target points of zone 'show'.
1980-01-07 13:12:03 INFO  choreography.c:638 Reading choreography file /data/missions/volk-2025-11/choreography.cfg...
1980-01-07 13:12:03 INFO  choreography.c:656 Parsed 2 choreography elements.
1980-01-07 13:12:03 INFO  waypoints.c:210 Reading waypoint file /data/missions/volk-2025-11/waypoints_ground.cfg ...
1980-01-07 13:12:03 INFO  waypoints.c:226 Parsed 1 waypoints.
1980-01-07 13:12:03 INFO  algorithms/waypoint.c:1248 Minimum safety margin between waypoints and flying zone: 75.3 m
1980-01-07 13:12:03 INFO  waypoints.c:210 Reading waypoint file /data/missions/volk-2025-11/waypoints.cfg ...
1980-01-07 13:12:03 INFO  waypoints.c:226 Parsed 1004 waypoints.
1980-01-07 13:12:03 INFO  algorithms/waypoint.c:1248 Minimum safety margin between waypoints and flying zone: 15.7 m
1980-01-07 13:12:03 INFO  main_loop.c:117 GPIO monitor initialized.
1980-01-07 13:12:03 INFO  main_loop.c:150 Watching GPIO pin 88 (rising edge) for timesync pulse
1980-01-07 13:12:03 INFO  networking/radio.c:266 Initializing radio with address 0x0082 on /dev/sik-radio...
1980-01-07 13:12:03 INFO  networking/radio.c:823 Radio activated, receiving only.
1980-01-07 13:12:03 INFO  networking/wireless.c:419 Waiting for wireless interface to come up.
1980-01-07 13:12:03 INFO  autopilots/pixhawk/driver.c:110 Initializing MAVLink/PixHawk on /dev/ttyAML1...
1980-01-07 13:12:03 WARN  main_loop.c:263 Could not initialize BMS.
1980-01-07 13:12:03 WARN  main_loop.c:278 Could not initialize camera mount.
1980-01-07 13:12:03 INFO  led_strip.c:67 Initializing serial LED strip on /dev/ttyAML0...
1980-01-07 13:12:03 INFO  led_strip.c:83 LED strip initialized.
1980-01-07 13:12:03 WARN  main_loop.c:346 Could not initialize sprayer.
1980-01-07 13:12:03 INFO  main_loop.c:928 Initializing algorithms...
1980-01-07 13:12:03 INFO  modules/silencer.c:112 Throttling telemetry traffic.
1980-01-07 13:12:03 INFO  modules/slow_flight_mode.c:147 Slow flight mode deactivated. Resuming normal control output.
1980-01-07 13:12:04 INFO  networking/console.c:205 Opening debug console on 127.0.0.1:4242
1980-01-07 13:12:04 INFO  networking/jsonrpc.c:374 Opening JSON-RPC API handler on 127.0.0.1:4244
1980-01-07 13:12:04 INFO  main_loop.c:396 Master switch: ch5, 6 states (3=enable)
1980-01-07 13:12:04 INFO  main_loop.c:401 No algorithm selector channel is selected.
1980-01-07 13:12:04 INFO  main_loop.c:401 No manual switch channel is selected.
1980-01-07 13:12:04 INFO  main_loop.c:396 Return to home switch: ch8, 2 states (2=enable)
1980-01-07 13:12:04 INFO  main_loop.c:396 Choreography switch: ch7, 2 states (2=enable)
1980-01-07 13:12:04 INFO  main_loop.c:401 No pyro switch channel is selected.
1980-01-07 13:12:04 INFO  main_loop.c:401 No slow flight mode switch channel is selected.
1980-01-07 13:12:04 INFO  main_loop.c:401 No sprayer switch channel is selected.
1980-01-07 13:12:04 INFO  main_loop.c:396 Suspend/resume switch: ch6, 2 states (2=enable)
1980-01-07 13:12:04 INFO  main_loop.c:429 Auxiliary function of choreography switch: set LED color by group
1980-01-07 13:12:04 INFO  main_loop.c:437 Default algorithm: manual
1980-01-07 13:12:04 INFO  main_loop.c:445 Emergency algorithm: emergency
1980-01-07 13:12:04 INFO  main_loop.c:1086 Entering main loop...
1980-01-07 13:12:04 INFO  networking/wireless.c:592 Wireless link up at 10.0.0.130:4243 (UDP and TCP)
1980-01-07 13:12:04 INFO  networking/wireless.c:614 Broadcasting wireless packets to 10.255.255.255:4243
1980-01-07 13:12:04 INFO  networking/wireless.c:423 Wireless activated.
1980-01-07 13:12:04 INFO  prearm.c:246 PASS - Error code is zero
1980-01-07 13:12:04 INFO  prearm.c:398 PASS - High level sensor checks OK
1980-01-07 13:12:04 INFO  prearm.c:412 PASS - GPS fix OK
1980-01-07 13:12:04 INFO  prearm.c:546 PASS - Flying zone OK
1980-01-07 13:12:04 INFO  prearm.c:160 PASS - Low level prearm checks OK
1980-01-07 13:12:04 INFO  timesync.c:702 Fine time synchronization achieved.
1980-01-07 13:12:08 INFO  autopilots/pixhawk/driver.c:1930 ArduPilot version: 3.6.7
1980-01-07 13:12:08 INFO  autopilots/pixhawk/driver.c:2013 Acknowledgement OK, cmd: 520 (MAV_CMD_REQUEST_AUTOPILOT_CAPABILITIES), result: 0 (ACCEPTED).
1980-01-07 13:12:08 INFO  autopilots/pixhawk/init.c:106 Initializing MAVLink/PixHawk data stream rates...
1980-01-07 13:12:08 INFO  autopilots/pixhawk/init.c:129 Requesting important parameters from PixHawk...
1980-01-07 13:12:08 INFO  autopilots/pixhawk/init.c:136 Uploading important parameters to PixHawk...
1980-01-07 13:12:08 INFO  autopilots/pixhawk/driver.c:1865 Acknowledgement of PARAM_SET, ID: COMPASS_DEC, new value: 0
1980-01-07 13:12:08 INFO  autopilots/pixhawk/driver.c:1865 Acknowledgement of PARAM_SET, ID: COMPASS_AUTODEC, new value: 1
1980-01-07 13:12:09 WARN  prearm.c:256 FAIL - Autopilot has not finished initializing yet
1980-01-07 13:12:09 WARN  prearm.c:420 FAIL - No home position yet
1980-01-07 13:12:09 WARN  prearm.c:458 FAIL - Relative altitude is strange (13.457m)
1980-01-07 13:12:09 WARN  prearm.c:168 FAIL - Guided mode is not turned on yet
1980-01-07 13:12:09 INFO  autopilots/pixhawk/driver.c:1908 Compass #2 is in use
1980-01-07 13:12:13 INFO  autopilots/pixhawk/driver.c:1900 GPS delay is 220 ms
1980-01-07 13:12:13 INFO  autopilots/pixhawk/driver.c:1904 Compass #1 is in use
1980-01-07 13:12:13 INFO  autopilots/pixhawk/driver.c:1912 Compass #3 is not in use
1980-01-07 13:12:14 INFO  prearm.c:260 PASS - Autopilot is active and initialized
1980-01-07 13:12:14 WARN  prearm.c:437 FAIL - 8 RC channels invalid
1980-01-07 13:12:14 WARN  prearm.c:168 FAIL - UAV system status message indicates missing sensors (52493359, 35691567, 52493359)
       Not present: RC_RECEIVER
       Not enabled: RC_RECEIVER
       Not healthy: RC_RECEIVER
1980-01-07 13:12:28 INFO  autopilots/pixhawk/driver.c:1721 statustext: RCInput: decoding PX4IO_PPM (severity: 7 - DEBUG)
1980-01-07 13:12:28 INFO  prearm.c:439 PASS - RC channels OK
1980-01-07 13:12:28 INFO  prearm.c:160 PASS - PixHawk sensor status OK
1980-01-07 13:12:34 INFO  uav.c:1952 Initializing choreography step #1: 'wait_on_ground'
1980-01-07 13:12:34 INFO  uav.c:1598 Setting parameter: algorithm/whats_next=loiter
1980-01-07 13:12:34 INFO  uav.c:1598 Setting parameter: algorithm/velocity_threshold_z=2
1980-01-07 13:12:34 INFO  uav.c:1598 Setting parameter: algorithm/velocity_threshold_xy=7
1980-01-07 13:12:34 INFO  uav.c:1598 Setting parameter: algorithm/velocity_z=2
1980-01-07 13:12:34 INFO  uav.c:1598 Setting parameter: algorithm/velocity_xy=5
1980-01-07 13:12:34 INFO  uav.c:1598 Setting parameter: algorithm/r0_offset_frict=1
1980-01-07 13:12:34 INFO  uav.c:1598 Setting parameter: algorithm/v_frict=1
1980-01-07 13:12:34 INFO  uav.c:1598 Setting parameter: algorithm/p_rep=1
1980-01-07 13:12:34 INFO  uav.c:1598 Setting parameter: algorithm/r0_offset_spp=2
1980-01-07 13:12:34 INFO  uav.c:1598 Setting parameter: algorithm/r0_rep=6
1980-01-07 13:12:34 INFO  uav.c:1598 Setting parameter: lighting/bytecode_player.enable=0
1980-01-07 13:12:34 INFO  uav.c:1598 Setting parameter: algorithm/file=/data/missions/volk-2025-11/waypoints_ground.cfg
1980-01-07 13:12:34 INFO  waypoints.c:210 Reading waypoint file /data/missions/volk-2025-11/waypoints_ground.cfg ...
1980-01-07 13:12:34 INFO  waypoints.c:226 Parsed 1 waypoints.
1980-01-07 13:12:34 INFO  algo_manager.c:276 Master switch ON: activating algorithm 'waypoint'
1980-01-07 13:12:34 INFO  algorithms/waypoint.c:1305 Waypoint algorithm: waiting for pre-arm checking
1980-01-07 13:12:34 INFO  autopilots/pixhawk/driver.c:2013 Acknowledgement OK, cmd: 11 (MAVLINK_MSG_ID_SET_MODE), result: 0 (ACCEPTED).
1980-01-07 13:12:34 INFO  autopilots/pixhawk/driver.c:1721 statustext: Initialising APM (severity: 6 - INFO)
1980-01-07 13:12:34 INFO  autopilots/pixhawk/driver.c:1721 statustext: Updating barometer calibration (severity: 6 - INFO)
1980-01-07 13:12:34 INFO  autopilots/pixhawk/driver.c:1721 statustext: Barometer calibration complete (severity: 6 - INFO)
1980-01-07 13:12:34 INFO  autopilots/pixhawk/driver.c:2013 Acknowledgement OK, cmd: 241 (MAV_CMD_PREFLIGHT_CALIBRATION), result: 0 (ACCEPTED).
1980-01-07 13:12:34 INFO  autopilots/pixhawk/driver.c:592 Setting home position on PixHawk to (its current pos instead of) lat=47.6086379 lon=19.1469927 AMSL=137.30
1980-01-07 13:12:34 INFO  autopilots/pixhawk/driver.c:1692 Home position on PixHawk: 47.6086379 19.1469927 @ 137.29m AMSL
1980-01-07 13:12:34 INFO  autopilots/pixhawk/driver.c:1351 GPS global origin: 47.6086127 19.1469714 @ 122.99m AMSL
1980-01-07 13:12:34 INFO  autopilots/pixhawk/driver.c:2013 Acknowledgement OK, cmd: 179 (MAV_CMD_DO_SET_HOME), result: 0 (ACCEPTED).
1980-01-07 13:12:34 INFO  uav.c:2496 Autopilot accepted home position: lat=47.6086379 lon=19.1469927 AMSL=137.30
1980-01-07 13:12:34 INFO  clocks.c:450 Local synchronized clock will be forwarded by 0.025 seconds
1980-01-07 13:12:34 INFO  clocks.c:455   because: remote clock was 0.1690 seconds
1980-01-07 13:12:34 INFO  clocks.c:456                          at iTOW = 133972288
1980-01-07 13:12:34 INFO  clocks.c:457              local clock is 0.1920 seconds
1980-01-07 13:12:34 INFO  clocks.c:458                          at iTOW = 133972336
1980-01-07 13:12:34 INFO  clocks.c:459         Estimated time of flight =  48 msec
1980-01-07 13:12:34 INFO  clocks.c:460                 Clock difference =  23 msec
1980-01-07 13:12:34 INFO  clocks.c:461       so local clock is lagging by  24 msec
1980-01-07 13:12:34 INFO  prearm.c:422 PASS - Home position OK
1980-01-07 13:12:34 ERROR prearm.c:513 FAIL - Takeoff placement vertical tolerance (5m) exceeded: 13.389m
1980-01-07 13:12:34 INFO  prearm.c:537 PASS - Flying height OK
1980-01-07 13:12:34 INFO  prearm.c:160 PASS - Heartbeat base and custom mode OK
1980-01-07 13:12:34 WARN  prearm.c:168 FAIL - UAV system status message indicates sensor malfunction (52558895, 35781676, 52558892)
       Not present: 
       Not enabled: 3D_GYRO 3D_ACCEL
       Not healthy: 3D_GYRO 3D_ACCEL
1980-01-07 13:12:35 INFO  prearm.c:463 PASS - Relative altitude OK
1980-01-07 13:12:35 INFO  prearm.c:521 PASS - Takeoff placement OK
1980-01-07 13:12:35 INFO  prearm.c:160 PASS - PixHawk sensor status OK
1980-01-07 13:12:35 INFO  prearm.c:94 SUCCESS - Pre-arm checking is complete.
1980-01-07 13:12:35 INFO  algorithms/waypoint.c:2221 Takeoff time is infinite, we will not takeoff.
1980-01-07 13:12:35 INFO  algorithms/waypoint.c:1305 Waypoint algorithm: waiting for others to initialize
1980-01-07 13:12:37 INFO  clocks.c:450 Local synchronized clock will be forwarded by 0.011 seconds
1980-01-07 13:12:37 INFO  clocks.c:455   because: remote clock was 3.3860 seconds
1980-01-07 13:12:37 INFO  clocks.c:456                          at iTOW = 133975489
1980-01-07 13:12:37 INFO  clocks.c:457              local clock is 3.2468 seconds
1980-01-07 13:12:37 INFO  clocks.c:458                          at iTOW = 133975366
1980-01-07 13:12:37 INFO  clocks.c:459         Estimated time of flight = -128 msec
1980-01-07 13:12:37 INFO  clocks.c:460                 Clock difference = -139 msec
1980-01-07 13:12:37 INFO  clocks.c:461       so local clock is lagging by  11 msec
1980-01-07 13:12:38 INFO  clocks.c:450 Local synchronized clock will be forwarded by 0.013 seconds
1980-01-07 13:12:38 INFO  clocks.c:455   because: remote clock was 4.3990 seconds
1980-01-07 13:12:38 INFO  clocks.c:456                          at iTOW = 133976490
1980-01-07 13:12:38 INFO  clocks.c:457              local clock is 4.2580 seconds
1980-01-07 13:12:38 INFO  clocks.c:458                          at iTOW = 133976366
1980-01-07 13:12:38 INFO  clocks.c:459         Estimated time of flight = -128 msec
1980-01-07 13:12:38 INFO  clocks.c:460                 Clock difference = -140 msec
1980-01-07 13:12:38 INFO  clocks.c:461       so local clock is lagging by  12 msec
1980-01-07 13:12:38 INFO  algorithms/waypoint.c:899 2 UAVs are visible.
1980-01-07 13:12:38 INFO  algorithms/waypoint.c:1305 Waypoint algorithm: waiting for motors to turn on
1980-01-07 13:12:39 INFO  clocks.c:450 Local synchronized clock will be forwarded by 0.019 seconds
1980-01-07 13:12:39 INFO  clocks.c:455   because: remote clock was 5.4180 seconds
1980-01-07 13:12:39 INFO  clocks.c:456                          at iTOW = 133977496
1980-01-07 13:12:39 INFO  clocks.c:457              local clock is 5.2714 seconds
1980-01-07 13:12:39 INFO  clocks.c:458                          at iTOW = 133977366
1980-01-07 13:12:39 INFO  clocks.c:459         Estimated time of flight = -128 msec
1980-01-07 13:12:39 INFO  clocks.c:460                 Clock difference = -146 msec
1980-01-07 13:12:39 INFO  clocks.c:461       so local clock is lagging by  18 msec
1980-01-07 13:12:46 INFO  clocks.c:450 Local synchronized clock will be forwarded by 0.012 seconds
1980-01-07 13:12:46 INFO  clocks.c:455   because: remote clock was 12.4400 seconds
1980-01-07 13:12:46 INFO  clocks.c:456                          at iTOW = 133984498
1980-01-07 13:12:46 INFO  clocks.c:457              local clock is 12.2996 seconds
1980-01-07 13:12:46 INFO  clocks.c:458                          at iTOW = 133984376
1980-01-07 13:12:46 INFO  clocks.c:459         Estimated time of flight = -128 msec
1980-01-07 13:12:46 INFO  clocks.c:460                 Clock difference = -140 msec
1980-01-07 13:12:46 INFO  clocks.c:461       so local clock is lagging by  12 msec
1980-01-07 13:12:48 INFO  clocks.c:450 Local synchronized clock will be forwarded by 0.024 seconds
1980-01-07 13:12:48 INFO  clocks.c:455   because: remote clock was 14.4810 seconds
1980-01-07 13:12:48 INFO  clocks.c:456                          at iTOW = 133986523
1980-01-07 13:12:48 INFO  clocks.c:457              local clock is 14.3289 seconds
1980-01-07 13:12:48 INFO  clocks.c:458                          at iTOW = 133986393
1980-01-07 13:12:48 INFO  clocks.c:459         Estimated time of flight = -128 msec
1980-01-07 13:12:48 INFO  clocks.c:460                 Clock difference = -152 msec
1980-01-07 13:12:48 INFO  clocks.c:461       so local clock is lagging by  24 msec
1980-01-07 13:12:54 INFO  clocks.c:450 Local synchronized clock will be forwarded by 0.012 seconds
1980-01-07 13:12:54 INFO  clocks.c:455   because: remote clock was 20.5060 seconds
1980-01-07 13:12:54 INFO  clocks.c:456                          at iTOW = 133992529
1980-01-07 13:12:54 INFO  clocks.c:457              local clock is 20.3663 seconds
1980-01-07 13:12:54 INFO  clocks.c:458                          at iTOW = 133992406
1980-01-07 13:12:54 INFO  clocks.c:459         Estimated time of flight = -128 msec
1980-01-07 13:12:54 INFO  clocks.c:460                 Clock difference = -139 msec
1980-01-07 13:12:54 INFO  clocks.c:461       so local clock is lagging by  11 msec
1980-01-07 13:12:56 INFO  clocks.c:450 Local synchronized clock will be forwarded by 0.020 seconds
1980-01-07 13:12:56 INFO  clocks.c:455   because: remote clock was 22.5460 seconds
1980-01-07 13:12:56 INFO  clocks.c:456                          at iTOW = 133994557
1980-01-07 13:12:56 INFO  clocks.c:457              local clock is 22.3979 seconds
1980-01-07 13:12:56 INFO  clocks.c:458                          at iTOW = 133994426
1980-01-07 13:12:56 INFO  clocks.c:459         Estimated time of flight = -128 msec
1980-01-07 13:12:56 INFO  clocks.c:460                 Clock difference = -148 msec
1980-01-07 13:12:56 INFO  clocks.c:461       so local clock is lagging by  20 msec
1980-01-07 13:13:00 INFO  clocks.c:450 Local synchronized clock will be forwarded by 0.014 seconds
1980-01-07 13:13:00 INFO  clocks.c:455   because: remote clock was 26.5700 seconds
1980-01-07 13:13:00 INFO  clocks.c:456                          at iTOW = 133998557
1980-01-07 13:13:00 INFO  clocks.c:457              local clock is 26.4279 seconds
1980-01-07 13:13:00 INFO  clocks.c:458                          at iTOW = 133998436
1980-01-07 13:13:00 INFO  clocks.c:459         Estimated time of flight = -128 msec
1980-01-07 13:13:00 INFO  clocks.c:460                 Clock difference = -142 msec
1980-01-07 13:13:00 INFO  clocks.c:461       so local clock is lagging by  14 msec
1980-01-07 13:13:12 INFO  autopilots/pixhawk/driver.c:879 Started processing motor on signal.
1980-01-07 13:13:12 INFO  autopilots/pixhawk/driver.c:887 Sent preflight calibration command for barometer.
1980-01-07 13:13:12 INFO  autopilots/pixhawk/driver.c:902 Sent home position command.
1980-01-07 13:13:13 INFO  autopilots/pixhawk/driver.c:912 Sent command to arm motors.
1980-01-07 13:13:13 INFO  autopilots/pixhawk/driver.c:1721 statustext: Updating barometer calibration (severity: 6 - INFO)
1980-01-07 13:13:13 INFO  autopilots/pixhawk/driver.c:1721 statustext: Barometer calibration complete (severity: 6 - INFO)
1980-01-07 13:13:13 INFO  autopilots/pixhawk/driver.c:2013 Acknowledgement OK, cmd: 241 (MAV_CMD_PREFLIGHT_CALIBRATION), result: 0 (ACCEPTED).
1980-01-07 13:13:13 INFO  autopilots/pixhawk/driver.c:1692 Home position on PixHawk: 47.6086382 19.1469928 @ 137.27m AMSL
1980-01-07 13:13:13 INFO  autopilots/pixhawk/driver.c:1351 GPS global origin: 47.6086127 19.1469714 @ 122.99m AMSL
1980-01-07 13:13:13 INFO  autopilots/pixhawk/driver.c:2013 Acknowledgement OK, cmd: 179 (MAV_CMD_DO_SET_HOME), result: 0 (ACCEPTED).
1980-01-07 13:13:13 INFO  autopilots/pixhawk/driver.c:2013 Acknowledgement OK, cmd: 400 (MAV_CMD_COMPONENT_ARM_DISARM), result: 0 (ACCEPTED).
1980-01-07 13:13:13 INFO  log.c:152 Enabled logging.
1980-01-07 13:13:13 INFO  modules/silencer.c:114 Normal telemetry traffic resumed.
1980-01-07 13:13:13 INFO  algorithms/waypoint.c:1305 Waypoint algorithm: takeoff procedure started
1980-01-07 13:13:14 INFO  clocks.c:450 Local synchronized clock will be forwarded by 0.010 seconds
1980-01-07 13:13:14 INFO  clocks.c:455   because: remote clock was 40.5600 seconds
1980-01-07 13:13:14 INFO  clocks.c:456                          at iTOW = 134012536
1980-01-07 13:13:14 INFO  clocks.c:457              local clock is 40.4218 seconds
1980-01-07 13:13:14 INFO  clocks.c:458                          at iTOW = 134012416
1980-01-07 13:13:14 INFO  clocks.c:459         Estimated time of flight = -128 msec
1980-01-07 13:13:14 INFO  clocks.c:460                 Clock difference = -138 msec
1980-01-07 13:13:14 INFO  clocks.c:461       so local clock is lagging by  10 msec
1980-01-07 13:13:16 INFO  clocks.c:450 Local synchronized clock will be forwarded by 0.018 seconds
1980-01-07 13:13:16 INFO  clocks.c:455   because: remote clock was 42.1880 seconds
1980-01-07 13:13:16 INFO  clocks.c:456                          at iTOW = 134014142
1980-01-07 13:13:16 INFO  clocks.c:457              local clock is 42.0420 seconds
1980-01-07 13:13:16 INFO  clocks.c:458                          at iTOW = 134014026
1980-01-07 13:13:16 INFO  clocks.c:459         Estimated time of flight = -128 msec
1980-01-07 13:13:16 INFO  clocks.c:460                 Clock difference = -145 msec
1980-01-07 13:13:16 INFO  clocks.c:461       so local clock is lagging by  17 msec
1980-01-07 13:13:16 INFO  clocks.c:450 Local synchronized clock will be forwarded by 0.016 seconds
1980-01-07 13:13:16 INFO  clocks.c:455   because: remote clock was 42.5960 seconds
1980-01-07 13:13:16 INFO  clocks.c:456                          at iTOW = 134014550
1980-01-07 13:13:16 INFO  clocks.c:457              local clock is 42.4523 seconds
1980-01-07 13:13:16 INFO  clocks.c:458                          at iTOW = 134014418
1980-01-07 13:13:16 INFO  clocks.c:459         Estimated time of flight = -128 msec
1980-01-07 13:13:16 INFO  clocks.c:460                 Clock difference = -143 msec
1980-01-07 13:13:16 INFO  clocks.c:461       so local clock is lagging by  15 msec
1980-01-07 13:13:16 INFO  clocks.c:450 Local synchronized clock will be forwarded by 0.010 seconds
1980-01-07 13:13:16 INFO  clocks.c:455   because: remote clock was 42.8060 seconds
1980-01-07 13:13:16 INFO  clocks.c:456                          at iTOW = 134014746
1980-01-07 13:13:16 INFO  clocks.c:457              local clock is 42.6680 seconds
1980-01-07 13:13:16 INFO  clocks.c:458                          at iTOW = 134014618
1980-01-07 13:13:16 INFO  clocks.c:459         Estimated time of flight = -128 msec
1980-01-07 13:13:16 INFO  clocks.c:460                 Clock difference = -138 msec
1980-01-07 13:13:16 INFO  clocks.c:461       so local clock is lagging by  10 msec
1980-01-07 13:13:16 INFO  clocks.c:450 Local synchronized clock will be forwarded by 0.014 seconds
1980-01-07 13:13:16 INFO  clocks.c:455   because: remote clock was 43.0200 seconds
1980-01-07 13:13:16 INFO  clocks.c:456                          at iTOW = 134014930
1980-01-07 13:13:16 INFO  clocks.c:457              local clock is 42.8780 seconds
1980-01-07 13:13:16 INFO  clocks.c:458                          at iTOW = 134014818
1980-01-07 13:13:16 INFO  clocks.c:459         Estimated time of flight = -128 msec
1980-01-07 13:13:16 INFO  clocks.c:460                 Clock difference = -142 msec
1980-01-07 13:13:16 INFO  clocks.c:461       so local clock is lagging by  14 msec
1980-01-07 13:13:16 INFO  clocks.c:450 Local synchronized clock will be forwarded by 0.019 seconds
1980-01-07 13:13:16 INFO  clocks.c:455   because: remote clock was 43.1400 seconds
1980-01-07 13:13:16 INFO  clocks.c:456                          at iTOW = 134015050
1980-01-07 13:13:16 INFO  clocks.c:457              local clock is 42.9935 seconds
1980-01-07 13:13:16 INFO  clocks.c:458                          at iTOW = 134014919
1980-01-07 13:13:16 INFO  clocks.c:459         Estimated time of flight = -128 msec
1980-01-07 13:13:16 INFO  clocks.c:460                 Clock difference = -146 msec
1980-01-07 13:13:16 INFO  clocks.c:461       so local clock is lagging by  18 msec
1980-01-07 13:13:17 INFO  clocks.c:450 Local synchronized clock will be forwarded by 0.038 seconds
1980-01-07 13:13:17 INFO  clocks.c:455   because: remote clock was 43.9140 seconds
1980-01-07 13:13:17 INFO  clocks.c:456                          at iTOW = 134015812
1980-01-07 13:13:17 INFO  clocks.c:457              local clock is 43.8118 seconds
1980-01-07 13:13:17 INFO  clocks.c:458                          at iTOW = 134015719
1980-01-07 13:13:17 INFO  clocks.c:459         Estimated time of flight = -64 msec
1980-01-07 13:13:17 INFO  clocks.c:460                 Clock difference = -102 msec
1980-01-07 13:13:17 INFO  clocks.c:461       so local clock is lagging by  38 msec
1980-01-07 13:13:18 INFO  clocks.c:450 Local synchronized clock will be forwarded by 0.014 seconds
1980-01-07 13:13:18 INFO  clocks.c:455   because: remote clock was 44.2930 seconds
1980-01-07 13:13:18 INFO  clocks.c:456                          at iTOW = 134016151
1980-01-07 13:13:18 INFO  clocks.c:457              local clock is 44.1506 seconds
1980-01-07 13:13:18 INFO  clocks.c:458                          at iTOW = 134016020
1980-01-07 13:13:18 INFO  clocks.c:459         Estimated time of flight = -128 msec
1980-01-07 13:13:18 INFO  clocks.c:460                 Clock difference = -142 msec
1980-01-07 13:13:18 INFO  clocks.c:461       so local clock is lagging by  14 msec
1980-01-07 13:13:18 INFO  clocks.c:450 Local synchronized clock will be forwarded by 0.017 seconds
1980-01-07 13:13:18 INFO  clocks.c:455   because: remote clock was 44.5100 seconds
1980-01-07 13:13:18 INFO  clocks.c:456                          at iTOW = 134016352
1980-01-07 13:13:18 INFO  clocks.c:457              local clock is 44.3652 seconds
1980-01-07 13:13:18 INFO  clocks.c:458                          at iTOW = 134016220
1980-01-07 13:13:18 INFO  clocks.c:459         Estimated time of flight = -128 msec
1980-01-07 13:13:18 INFO  clocks.c:460                 Clock difference = -144 msec
1980-01-07 13:13:18 INFO  clocks.c:461       so local clock is lagging by  16 msec
1980-01-07 13:13:18 INFO  clocks.c:450 Local synchronized clock will be forwarded by 0.015 seconds
1980-01-07 13:13:18 INFO  clocks.c:455   because: remote clock was 44.6260 seconds
1980-01-07 13:13:18 INFO  clocks.c:456                          at iTOW = 134016452
1980-01-07 13:13:18 INFO  clocks.c:457              local clock is 44.4828 seconds
1980-01-07 13:13:18 INFO  clocks.c:458                          at iTOW = 134016321
1980-01-07 13:13:18 INFO  clocks.c:459         Estimated time of flight = -128 msec
1980-01-07 13:13:18 INFO  clocks.c:460                 Clock difference = -143 msec
1980-01-07 13:13:18 INFO  clocks.c:461       so local clock is lagging by  15 msec
1980-01-07 13:13:18 INFO  uav.c:1952 Initializing choreography step #2: 'go_on_route'
1980-01-07 13:13:18 INFO  algo_manager.c:251 choreography switch changed: deactivating algorithm 'waypoint'
1980-01-07 13:13:18 INFO  algorithms/waypoint.c:1305 Waypoint algorithm: suspended
1980-01-07 13:13:18 INFO  uav.c:1598 Setting parameter: algorithm/whats_next=land
1980-01-07 13:13:18 INFO  uav.c:1598 Setting parameter: algorithm/velocity_threshold_z=2.90
1980-01-07 13:13:18 INFO  uav.c:1598 Setting parameter: algorithm/velocity_threshold_xy=8.00
1980-01-07 13:13:18 INFO  uav.c:1598 Setting parameter: algorithm/velocity_z=2.00
1980-01-07 13:13:18 INFO  uav.c:1598 Setting parameter: algorithm/velocity_xy=5.00
1980-01-07 13:13:18 INFO  uav.c:1598 Setting parameter: algorithm/r0_offset_frict=0
1980-01-07 13:13:18 INFO  uav.c:1598 Setting parameter: algorithm/v_frict=3
1980-01-07 13:13:18 INFO  uav.c:1598 Setting parameter: algorithm/p_rep=1.5
1980-01-07 13:13:18 INFO  uav.c:1598 Setting parameter: algorithm/r0_offset_spp=0
1980-01-07 13:13:18 INFO  uav.c:1598 Setting parameter: algorithm/r0_rep=4.00
1980-01-07 13:13:18 INFO  uav.c:1598 Setting parameter: algorithm/minimum_altitude=3
1980-01-07 13:13:18 INFO  uav.c:1598 Setting parameter: algorithm/altitude_setpoint=5.00
1980-01-07 13:13:18 WARN  algorithms/waypoint.c:749 waypoint.altitude_setpoint is deprecated, use waypoint.takeoff_altitude
1980-01-07 13:13:18 INFO  uav.c:1598 Setting parameter: lighting/bytecode_player.filename=/data/missions/volk-2025-11/light_show.bin
1980-01-07 13:13:18 INFO  lighting/lighting_bytecode_player.c:205 Loaded LED strip bytecode file: /data/missions/volk-2025-11/light_show.bin
1980-01-07 13:13:18 INFO  uav.c:1598 Setting parameter: lighting/bytecode_player.enable=1
1980-01-07 13:13:18 INFO  uav.c:1598 Setting parameter: algorithm/file=/data/missions/volk-2025-11/waypoints.cfg
1980-01-07 13:13:18 INFO  waypoints.c:210 Reading waypoint file /data/missions/volk-2025-11/waypoints.cfg ...
1980-01-07 13:13:18 INFO  waypoints.c:226 Parsed 1004 waypoints.
1980-01-07 13:13:18 INFO  algo_manager.c:276 choreography switch changed: activating algorithm 'waypoint'
1980-01-07 13:13:18 INFO  algorithms/waypoint.c:2216 Takeoff starts at 0.00 s algo time
1980-01-07 13:13:18 INFO  algorithms/waypoint.c:1305 Waypoint algorithm: waiting for motors to turn on
1980-01-07 13:13:18 INFO  algorithms/waypoint.c:1305 Waypoint algorithm: takeoff procedure started
1980-01-07 13:13:18 INFO  autopilots/pixhawk/driver.c:760 Takeoff command successfully sent to PixHawk
1980-01-07 13:13:18 INFO  autopilots/pixhawk/driver.c:2013 Acknowledgement OK, cmd: 22 (MAV_CMD_NAV_TAKEOFF), result: 0 (ACCEPTED).
1980-01-07 13:13:18 INFO  uav.c:1367 Takeoff command acknowledged by the autopilot.
1980-01-07 13:13:19 INFO  clocks.c:450 Local synchronized clock will be forwarded by 0.015 seconds
1980-01-07 13:13:19 INFO  clocks.c:455   because: remote clock was 0.5410 seconds
1980-01-07 13:13:19 INFO  clocks.c:456                          at iTOW = 134017355
1980-01-07 13:13:19 INFO  clocks.c:457              local clock is 0.3976 seconds
1980-01-07 13:13:19 INFO  clocks.c:458                          at iTOW = 134017226
1980-01-07 13:13:19 INFO  clocks.c:459         Estimated time of flight = -128 msec
1980-01-07 13:13:19 INFO  clocks.c:460                 Clock difference = -143 msec
1980-01-07 13:13:19 INFO  clocks.c:461       so local clock is lagging by  15 msec
1980-01-07 13:13:19 INFO  clocks.c:450 Local synchronized clock will be forwarded by 0.019 seconds
1980-01-07 13:13:19 INFO  clocks.c:455   because: remote clock was 0.6600 seconds
1980-01-07 13:13:19 INFO  clocks.c:456                          at iTOW = 134017455
1980-01-07 13:13:19 INFO  clocks.c:457              local clock is 0.5130 seconds
1980-01-07 13:13:19 INFO  clocks.c:458                          at iTOW = 134017326
1980-01-07 13:13:19 INFO  clocks.c:459         Estimated time of flight = -128 msec
1980-01-07 13:13:19 INFO  clocks.c:460                 Clock difference = -147 msec
1980-01-07 13:13:19 INFO  clocks.c:461       so local clock is lagging by  19 msec
1980-01-07 13:13:19 INFO  clocks.c:450 Local synchronized clock will be forwarded by 0.018 seconds
1980-01-07 13:13:19 INFO  clocks.c:455   because: remote clock was 0.7780 seconds
1980-01-07 13:13:19 INFO  clocks.c:456                          at iTOW = 134017555
1980-01-07 13:13:19 INFO  clocks.c:457              local clock is 0.6320 seconds
1980-01-07 13:13:19 INFO  clocks.c:458                          at iTOW = 134017426
1980-01-07 13:13:19 INFO  clocks.c:459         Estimated time of flight = -128 msec
1980-01-07 13:13:19 INFO  clocks.c:460                 Clock difference = -145 msec
1980-01-07 13:13:19 INFO  clocks.c:461       so local clock is lagging by  17 msec
1980-01-07 13:13:19 INFO  clocks.c:450 Local synchronized clock will be forwarded by 0.018 seconds
1980-01-07 13:13:19 INFO  clocks.c:455   because: remote clock was 0.9960 seconds
1980-01-07 13:13:19 INFO  clocks.c:456                          at iTOW = 134017755
1980-01-07 13:13:19 INFO  clocks.c:457              local clock is 0.8501 seconds
1980-01-07 13:13:19 INFO  clocks.c:458                          at iTOW = 134017626
1980-01-07 13:13:19 INFO  clocks.c:459         Estimated time of flight = -128 msec
1980-01-07 13:13:19 INFO  clocks.c:460                 Clock difference = -145 msec
1980-01-07 13:13:19 INFO  clocks.c:461       so local clock is lagging by  17 msec
1980-01-07 13:13:19 INFO  clocks.c:450 Local synchronized clock will be forwarded by 0.010 seconds
1980-01-07 13:13:19 INFO  clocks.c:455   because: remote clock was 1.1160 seconds
1980-01-07 13:13:19 INFO  clocks.c:456                          at iTOW = 134017856
1980-01-07 13:13:19 INFO  clocks.c:457              local clock is 0.9779 seconds
1980-01-07 13:13:19 INFO  clocks.c:458                          at iTOW = 134017736
1980-01-07 13:13:19 INFO  clocks.c:459         Estimated time of flight = -128 msec
1980-01-07 13:13:19 INFO  clocks.c:460                 Clock difference = -138 msec
1980-01-07 13:13:19 INFO  clocks.c:461       so local clock is lagging by  10 msec
1980-01-07 13:13:20 INFO  clocks.c:450 Local synchronized clock will be forwarded by 0.018 seconds
1980-01-07 13:13:20 INFO  clocks.c:455   because: remote clock was 1.4260 seconds
1980-01-07 13:13:20 INFO  clocks.c:456                          at iTOW = 134018156
1980-01-07 13:13:20 INFO  clocks.c:457              local clock is 1.2802 seconds
1980-01-07 13:13:20 INFO  clocks.c:458                          at iTOW = 134018028
1980-01-07 13:13:20 INFO  clocks.c:459         Estimated time of flight = -128 msec
1980-01-07 13:13:20 INFO  clocks.c:460                 Clock difference = -145 msec
1980-01-07 13:13:20 INFO  clocks.c:461       so local clock is lagging by  17 msec
1980-01-07 13:13:20 INFO  clocks.c:450 Local synchronized clock will be forwarded by 0.012 seconds
1980-01-07 13:13:20 INFO  clocks.c:455   because: remote clock was 1.5460 seconds
1980-01-07 13:13:20 INFO  clocks.c:456                          at iTOW = 134018258
1980-01-07 13:13:20 INFO  clocks.c:457              local clock is 1.4057 seconds
1980-01-07 13:13:20 INFO  clocks.c:458                          at iTOW = 134018136
1980-01-07 13:13:20 INFO  clocks.c:459         Estimated time of flight = -128 msec
1980-01-07 13:13:20 INFO  clocks.c:460                 Clock difference = -140 msec
1980-01-07 13:13:20 INFO  clocks.c:461       so local clock is lagging by  12 msec
1980-01-07 13:13:20 INFO  clocks.c:450 Local synchronized clock will be forwarded by 0.016 seconds
1980-01-07 13:13:20 INFO  clocks.c:455   because: remote clock was 1.6620 seconds
1980-01-07 13:13:20 INFO  clocks.c:456                          at iTOW = 134018358
1980-01-07 13:13:20 INFO  clocks.c:457              local clock is 1.5180 seconds
1980-01-07 13:13:20 INFO  clocks.c:458                          at iTOW = 134018236
1980-01-07 13:13:20 INFO  clocks.c:459         Estimated time of flight = -128 msec
1980-01-07 13:13:20 INFO  clocks.c:460                 Clock difference = -143 msec
1980-01-07 13:13:20 INFO  clocks.c:461       so local clock is lagging by  15 msec
1980-01-07 13:13:20 INFO  clocks.c:450 Local synchronized clock will be forwarded by 0.023 seconds
1980-01-07 13:13:20 INFO  clocks.c:455   because: remote clock was 1.7770 seconds
1980-01-07 13:13:20 INFO  clocks.c:456                          at iTOW = 134018458
1980-01-07 13:13:20 INFO  clocks.c:457              local clock is 1.6264 seconds
1980-01-07 13:13:20 INFO  clocks.c:458                          at iTOW = 134018328
1980-01-07 13:13:20 INFO  clocks.c:459         Estimated time of flight = -128 msec
1980-01-07 13:13:20 INFO  clocks.c:460                 Clock difference = -150 msec
1980-01-07 13:13:20 INFO  clocks.c:461       so local clock is lagging by  22 msec
1980-01-07 13:13:20 INFO  clocks.c:450 Local synchronized clock will be forwarded by 0.014 seconds
1980-01-07 13:13:20 INFO  clocks.c:455   because: remote clock was 1.9990 seconds
1980-01-07 13:13:20 INFO  clocks.c:456                          at iTOW = 134018658
1980-01-07 13:13:20 INFO  clocks.c:457              local clock is 1.8566 seconds
1980-01-07 13:13:20 INFO  clocks.c:458                          at iTOW = 134018536
1980-01-07 13:13:20 INFO  clocks.c:459         Estimated time of flight = -128 msec
1980-01-07 13:13:20 INFO  clocks.c:460                 Clock difference = -142 msec
1980-01-07 13:13:20 INFO  clocks.c:461       so local clock is lagging by  14 msec
1980-01-07 13:13:20 INFO  clocks.c:450 Local synchronized clock will be forwarded by 0.012 seconds
1980-01-07 13:13:20 INFO  clocks.c:455   because: remote clock was 2.2110 seconds
1980-01-07 13:13:20 INFO  clocks.c:456                          at iTOW = 134018859
1980-01-07 13:13:20 INFO  clocks.c:457              local clock is 2.0710 seconds
1980-01-07 13:13:20 INFO  clocks.c:458                          at iTOW = 134018736
1980-01-07 13:13:20 INFO  clocks.c:459         Estimated time of flight = -128 msec
1980-01-07 13:13:20 INFO  clocks.c:460                 Clock difference = -140 msec
1980-01-07 13:13:20 INFO  clocks.c:461       so local clock is lagging by  12 msec
1980-01-07 13:13:20 INFO  uav.c:1344 Takeoff ready, we are above minimum altitude of 3.0m
1980-01-07 13:13:20 INFO  algorithms/waypoint.c:1305 Waypoint algorithm: airborne, following waypoints
1980-01-07 13:13:20 INFO  autopilots/pixhawk/driver.c:1721 statustext: EKF2 IMU0 in-flight yaw alignment complete (severity: 6 - INFO)
1980-01-07 13:13:20 INFO  autopilots/pixhawk/driver.c:1721 statustext: EKF2 IMU1 in-flight yaw alignment complete (severity: 6 - INFO)
1980-01-07 13:13:20 INFO  clocks.c:450 Local synchronized clock will be forwarded by 0.011 seconds
1980-01-07 13:13:20 INFO  clocks.c:455   because: remote clock was 2.3220 seconds
1980-01-07 13:13:20 INFO  clocks.c:456                          at iTOW = 134018959
1980-01-07 13:13:20 INFO  clocks.c:457              local clock is 2.1832 seconds
1980-01-07 13:13:20 INFO  clocks.c:458                          at iTOW = 134018836
1980-01-07 13:13:20 INFO  clocks.c:459         Estimated time of flight = -128 msec
1980-01-07 13:13:20 INFO  clocks.c:460                 Clock difference = -138 msec
1980-01-07 13:13:20 INFO  clocks.c:461       so local clock is lagging by  10 msec
1980-01-07 13:13:21 INFO  clocks.c:450 Local synchronized clock will be forwarded by 0.015 seconds
1980-01-07 13:13:21 INFO  clocks.c:455   because: remote clock was 2.9520 seconds
1980-01-07 13:13:21 INFO  clocks.c:456                          at iTOW = 134019564
1980-01-07 13:13:21 INFO  clocks.c:457              local clock is 2.8092 seconds
1980-01-07 13:13:21 INFO  clocks.c:458                          at iTOW = 134019451
1980-01-07 13:13:21 INFO  clocks.c:459         Estimated time of flight = -128 msec
1980-01-07 13:13:21 INFO  clocks.c:460                 Clock difference = -142 msec
1980-01-07 13:13:21 INFO  clocks.c:461       so local clock is lagging by  14 msec
1980-01-07 13:13:21 INFO  clocks.c:450 Local synchronized clock will be forwarded by 0.032 seconds
1980-01-07 13:13:21 INFO  clocks.c:455   because: remote clock was 3.1860 seconds
1980-01-07 13:13:21 INFO  clocks.c:456                          at iTOW = 134019785
1980-01-07 13:13:21 INFO  clocks.c:457              local clock is 3.0262 seconds
1980-01-07 13:13:21 INFO  clocks.c:458                          at iTOW = 134019653
1980-01-07 13:13:21 INFO  clocks.c:459         Estimated time of flight = -128 msec
1980-01-07 13:13:21 INFO  clocks.c:460                 Clock difference = -159 msec
1980-01-07 13:13:21 INFO  clocks.c:461       so local clock is lagging by  31 msec
1980-01-07 13:13:21 INFO  clocks.c:450 Local synchronized clock will be forwarded by 0.021 seconds
1980-01-07 13:13:21 INFO  clocks.c:455   because: remote clock was 3.5100 seconds
1980-01-07 13:13:21 INFO  clocks.c:456                          at iTOW = 134020087
1980-01-07 13:13:21 INFO  clocks.c:457              local clock is 3.3611 seconds
1980-01-07 13:13:21 INFO  clocks.c:458                          at iTOW = 134019956
1980-01-07 13:13:21 INFO  clocks.c:459         Estimated time of flight = -128 msec
1980-01-07 13:13:21 INFO  clocks.c:460                 Clock difference = -148 msec
1980-01-07 13:13:21 INFO  clocks.c:461       so local clock is lagging by  20 msec
1980-01-07 13:13:22 INFO  clocks.c:450 Local synchronized clock will be forwarded by 0.011 seconds
1980-01-07 13:13:22 INFO  clocks.c:455   because: remote clock was 4.1200 seconds
1980-01-07 13:13:22 INFO  clocks.c:456                          at iTOW = 134020673
1980-01-07 13:13:22 INFO  clocks.c:457              local clock is 3.9812 seconds
1980-01-07 13:13:22 INFO  clocks.c:458                          at iTOW = 134020556
1980-01-07 13:13:22 INFO  clocks.c:459         Estimated time of flight = -128 msec
1980-01-07 13:13:22 INFO  clocks.c:460                 Clock difference = -138 msec
1980-01-07 13:13:22 INFO  clocks.c:461       so local clock is lagging by  10 msec
1980-01-07 13:13:23 INFO  clocks.c:450 Local synchronized clock will be forwarded by 0.026 seconds
1980-01-07 13:13:23 INFO  clocks.c:455   because: remote clock was 4.8420 seconds
1980-01-07 13:13:23 INFO  clocks.c:456                          at iTOW = 134021384
1980-01-07 13:13:23 INFO  clocks.c:457              local clock is 4.6879 seconds
1980-01-07 13:13:23 INFO  clocks.c:458                          at iTOW = 134021252
1980-01-07 13:13:23 INFO  clocks.c:459         Estimated time of flight = -128 msec
1980-01-07 13:13:23 INFO  clocks.c:460                 Clock difference = -154 msec
1980-01-07 13:13:23 INFO  clocks.c:461       so local clock is lagging by  26 msec
1980-01-07 13:13:24 INFO  clocks.c:450 Local synchronized clock will be forwarded by 0.012 seconds
1980-01-07 13:13:24 INFO  clocks.c:455   because: remote clock was 5.8550 seconds
1980-01-07 13:13:24 INFO  clocks.c:456                          at iTOW = 134022372
1980-01-07 13:13:24 INFO  clocks.c:457              local clock is 5.7149 seconds
1980-01-07 13:13:24 INFO  clocks.c:458                          at iTOW = 134022252
1980-01-07 13:13:24 INFO  clocks.c:459         Estimated time of flight = -128 msec
1980-01-07 13:13:24 INFO  clocks.c:460                 Clock difference = -140 msec
1980-01-07 13:13:24 INFO  clocks.c:461       so local clock is lagging by  12 msec
1980-01-07 13:13:24 INFO  clocks.c:450 Local synchronized clock will be forwarded by 0.013 seconds
1980-01-07 13:13:24 INFO  clocks.c:455   because: remote clock was 6.3690 seconds
1980-01-07 13:13:24 INFO  clocks.c:456                          at iTOW = 134022874
1980-01-07 13:13:24 INFO  clocks.c:457              local clock is 6.2283 seconds
1980-01-07 13:13:24 INFO  clocks.c:458                          at iTOW = 134022754
1980-01-07 13:13:24 INFO  clocks.c:459         Estimated time of flight = -128 msec
1980-01-07 13:13:24 INFO  clocks.c:460                 Clock difference = -140 msec
1980-01-07 13:13:24 INFO  clocks.c:461       so local clock is lagging by  12 msec
1980-01-07 13:13:24 INFO  clocks.c:450 Local synchronized clock will be forwarded by 0.012 seconds
1980-01-07 13:13:24 INFO  clocks.c:455   because: remote clock was 6.4820 seconds
1980-01-07 13:13:24 INFO  clocks.c:456                          at iTOW = 134022974
1980-01-07 13:13:24 INFO  clocks.c:457              local clock is 6.3416 seconds
1980-01-07 13:13:24 INFO  clocks.c:458                          at iTOW = 134022854
1980-01-07 13:13:24 INFO  clocks.c:459         Estimated time of flight = -128 msec
1980-01-07 13:13:24 INFO  clocks.c:460                 Clock difference = -140 msec
1980-01-07 13:13:24 INFO  clocks.c:461       so local clock is lagging by  12 msec
1980-01-07 13:13:25 INFO  clocks.c:450 Local synchronized clock will be forwarded by 0.015 seconds
1980-01-07 13:13:25 INFO  clocks.c:455   because: remote clock was 6.6960 seconds
1980-01-07 13:13:25 INFO  clocks.c:456                          at iTOW = 134023174
1980-01-07 13:13:25 INFO  clocks.c:457              local clock is 6.5528 seconds
1980-01-07 13:13:25 INFO  clocks.c:458                          at iTOW = 134023053
1980-01-07 13:13:25 INFO  clocks.c:459         Estimated time of flight = -128 msec
1980-01-07 13:13:25 INFO  clocks.c:460                 Clock difference = -143 msec
1980-01-07 13:13:25 INFO  clocks.c:461       so local clock is lagging by  15 msec
1980-01-07 13:13:25 INFO  clocks.c:450 Local synchronized clock will be forwarded by 0.017 seconds
1980-01-07 13:13:25 INFO  clocks.c:455   because: remote clock was 6.8150 seconds
1980-01-07 13:13:25 INFO  clocks.c:456                          at iTOW = 134023277
1980-01-07 13:13:25 INFO  clocks.c:457              local clock is 6.6705 seconds
1980-01-07 13:13:25 INFO  clocks.c:458                          at iTOW = 134023156
1980-01-07 13:13:25 INFO  clocks.c:459         Estimated time of flight = -128 msec
1980-01-07 13:13:25 INFO  clocks.c:460                 Clock difference = -144 msec
1980-01-07 13:13:25 INFO  clocks.c:461       so local clock is lagging by  16 msec
1980-01-07 13:13:25 INFO  clocks.c:450 Local synchronized clock will be forwarded by 0.012 seconds
1980-01-07 13:13:25 INFO  clocks.c:455   because: remote clock was 6.9270 seconds
1980-01-07 13:13:25 INFO  clocks.c:456                          at iTOW = 134023378
1980-01-07 13:13:25 INFO  clocks.c:457              local clock is 6.7870 seconds
1980-01-07 13:13:25 INFO  clocks.c:458                          at iTOW = 134023256
1980-01-07 13:13:25 INFO  clocks.c:459         Estimated time of flight = -128 msec
1980-01-07 13:13:25 INFO  clocks.c:460                 Clock difference = -139 msec
1980-01-07 13:13:25 INFO  clocks.c:461       so local clock is lagging by  11 msec
1980-01-07 13:13:25 INFO  clocks.c:450 Local synchronized clock will be forwarded by 0.012 seconds
1980-01-07 13:13:25 INFO  clocks.c:455   because: remote clock was 7.2390 seconds
1980-01-07 13:13:25 INFO  clocks.c:456                          at iTOW = 134023678
1980-01-07 13:13:25 INFO  clocks.c:457              local clock is 7.0990 seconds
1980-01-07 13:13:25 INFO  clocks.c:458                          at iTOW = 134023556
1980-01-07 13:13:25 INFO  clocks.c:459         Estimated time of flight = -128 msec
1980-01-07 13:13:25 INFO  clocks.c:460                 Clock difference = -140 msec
1980-01-07 13:13:25 INFO  clocks.c:461       so local clock is lagging by  12 msec
1980-01-07 13:13:25 INFO  clocks.c:450 Local synchronized clock will be forwarded by 0.012 seconds
1980-01-07 13:13:25 INFO  clocks.c:455   because: remote clock was 7.4510 seconds
1980-01-07 13:13:25 INFO  clocks.c:456                          at iTOW = 134023879
1980-01-07 13:13:25 INFO  clocks.c:457              local clock is 7.3110 seconds
1980-01-07 13:13:25 INFO  clocks.c:458                          at iTOW = 134023756
1980-01-07 13:13:25 INFO  clocks.c:459         Estimated time of flight = -128 msec
1980-01-07 13:13:25 INFO  clocks.c:460                 Clock difference = -140 msec
1980-01-07 13:13:25 INFO  clocks.c:461       so local clock is lagging by  12 msec
1980-01-07 13:13:25 INFO  clocks.c:450 Local synchronized clock will be forwarded by 0.011 seconds
1980-01-07 13:13:25 INFO  clocks.c:455   because: remote clock was 7.6640 seconds
1980-01-07 13:13:25 INFO  clocks.c:456                          at iTOW = 134024078
1980-01-07 13:13:25 INFO  clocks.c:457              local clock is 7.5249 seconds
1980-01-07 13:13:25 INFO  clocks.c:458                          at iTOW = 134023958
1980-01-07 13:13:25 INFO  clocks.c:459         Estimated time of flight = -128 msec
1980-01-07 13:13:25 INFO  clocks.c:460                 Clock difference = -139 msec
1980-01-07 13:13:25 INFO  clocks.c:461       so local clock is lagging by  11 msec
1980-01-07 13:13:26 INFO  clocks.c:450 Local synchronized clock will be forwarded by 0.016 seconds
1980-01-07 13:13:26 INFO  clocks.c:455   because: remote clock was 7.8780 seconds
1980-01-07 13:13:26 INFO  clocks.c:456                          at iTOW = 134024281
1980-01-07 13:13:26 INFO  clocks.c:457              local clock is 7.7341 seconds
1980-01-07 13:13:26 INFO  clocks.c:458                          at iTOW = 134024156
1980-01-07 13:13:26 INFO  clocks.c:459         Estimated time of flight = -128 msec
1980-01-07 13:13:26 INFO  clocks.c:460                 Clock difference = -143 msec
1980-01-07 13:13:26 INFO  clocks.c:461       so local clock is lagging by  15 msec
1980-01-07 13:13:26 INFO  clocks.c:450 Local synchronized clock will be forwarded by 0.018 seconds
1980-01-07 13:13:26 INFO  clocks.c:455   because: remote clock was 7.9960 seconds
1980-01-07 13:13:26 INFO  clocks.c:456                          at iTOW = 134024383
1980-01-07 13:13:26 INFO  clocks.c:457              local clock is 7.8500 seconds
1980-01-07 13:13:26 INFO  clocks.c:458                          at iTOW = 134024256
1980-01-07 13:13:26 INFO  clocks.c:459         Estimated time of flight = -128 msec
1980-01-07 13:13:26 INFO  clocks.c:460                 Clock difference = -146 msec
1980-01-07 13:13:26 INFO  clocks.c:461       so local clock is lagging by  18 msec
1980-01-07 13:13:27 INFO  clocks.c:450 Local synchronized clock will be forwarded by 0.017 seconds
1980-01-07 13:13:27 INFO  clocks.c:455   because: remote clock was 8.8140 seconds
1980-01-07 13:13:27 INFO  clocks.c:456                          at iTOW = 134025184
1980-01-07 13:13:27 INFO  clocks.c:457              local clock is 8.6694 seconds
1980-01-07 13:13:27 INFO  clocks.c:458                          at iTOW = 134025057
1980-01-07 13:13:27 INFO  clocks.c:459         Estimated time of flight = -128 msec
1980-01-07 13:13:27 INFO  clocks.c:460                 Clock difference = -144 msec
1980-01-07 13:13:27 INFO  clocks.c:461       so local clock is lagging by  16 msec
1980-01-07 13:13:28 INFO  clocks.c:450 Local synchronized clock will be forwarded by 0.016 seconds
1980-01-07 13:13:28 INFO  clocks.c:455   because: remote clock was 9.8320 seconds
1980-01-07 13:13:28 INFO  clocks.c:456                          at iTOW = 134026184
1980-01-07 13:13:28 INFO  clocks.c:457              local clock is 9.6882 seconds
1980-01-07 13:13:28 INFO  clocks.c:458                          at iTOW = 134026059
1980-01-07 13:13:28 INFO  clocks.c:459         Estimated time of flight = -128 msec
1980-01-07 13:13:28 INFO  clocks.c:460                 Clock difference = -143 msec
1980-01-07 13:13:28 INFO  clocks.c:461       so local clock is lagging by  15 msec
1980-01-07 13:13:28 INFO  clocks.c:450 Local synchronized clock will be forwarded by 0.019 seconds
1980-01-07 13:13:28 INFO  clocks.c:455   because: remote clock was 10.0870 seconds
1980-01-07 13:13:28 INFO  clocks.c:456                          at iTOW = 134026426
1980-01-07 13:13:28 INFO  clocks.c:457              local clock is 10.0038 seconds
1980-01-07 13:13:28 INFO  clocks.c:458                          at iTOW = 134026359
1980-01-07 13:13:28 INFO  clocks.c:459         Estimated time of flight = -64 msec
1980-01-07 13:13:28 INFO  clocks.c:460                 Clock difference = -83 msec
1980-01-07 13:13:28 INFO  clocks.c:461       so local clock is lagging by  19 msec
1980-01-07 13:13:28 INFO  clocks.c:450 Local synchronized clock will be forwarded by 0.049 seconds
1980-01-07 13:13:28 INFO  clocks.c:455   because: remote clock was 10.4390 seconds
1980-01-07 13:13:28 INFO  clocks.c:456                          at iTOW = 134026753
1980-01-07 13:13:28 INFO  clocks.c:457              local clock is 10.3261 seconds
1980-01-07 13:13:28 INFO  clocks.c:458                          at iTOW = 134026662
1980-01-07 13:13:28 INFO  clocks.c:459         Estimated time of flight = -64 msec
1980-01-07 13:13:28 INFO  clocks.c:460                 Clock difference = -112 msec
1980-01-07 13:13:28 INFO  clocks.c:461       so local clock is lagging by  48 msec
1980-01-07 13:13:28 INFO  clocks.c:450 Local synchronized clock will be forwarded by 0.055 seconds
1980-01-07 13:13:28 INFO  clocks.c:455   because: remote clock was 10.7970 seconds
1980-01-07 13:13:28 INFO  clocks.c:456                          at iTOW = 134027058
1980-01-07 13:13:28 INFO  clocks.c:457              local clock is 10.6776 seconds
1980-01-07 13:13:28 INFO  clocks.c:458                          at iTOW = 134026965
1980-01-07 13:13:28 INFO  clocks.c:459         Estimated time of flight = -64 msec
1980-01-07 13:13:28 INFO  clocks.c:460                 Clock difference = -119 msec
1980-01-07 13:13:28 INFO  clocks.c:461       so local clock is lagging by  55 msec
1980-01-07 13:13:29 INFO  clocks.c:450 Local synchronized clock will be forwarded by 0.030 seconds
1980-01-07 13:13:29 INFO  clocks.c:455   because: remote clock was 11.1370 seconds
1980-01-07 13:13:29 INFO  clocks.c:456                          at iTOW = 134027346
1980-01-07 13:13:29 INFO  clocks.c:457              local clock is 11.0430 seconds
1980-01-07 13:13:29 INFO  clocks.c:458                          at iTOW = 134027275
1980-01-07 13:13:29 INFO  clocks.c:459         Estimated time of flight = -64 msec
1980-01-07 13:13:29 INFO  clocks.c:460                 Clock difference = -93 msec
1980-01-07 13:13:29 INFO  clocks.c:461       so local clock is lagging by  29 msec
1980-01-07 13:13:29 INFO  clocks.c:450 Local synchronized clock will be forwarded by 0.053 seconds
1980-01-07 13:13:29 INFO  clocks.c:455   because: remote clock was 11.2890 seconds
1980-01-07 13:13:29 INFO  clocks.c:456                          at iTOW = 134027467
1980-01-07 13:13:29 INFO  clocks.c:457              local clock is 11.1725 seconds
1980-01-07 13:13:29 INFO  clocks.c:458                          at iTOW = 134027374
1980-01-07 13:13:29 INFO  clocks.c:459         Estimated time of flight = -64 msec
1980-01-07 13:13:29 INFO  clocks.c:460                 Clock difference = -116 msec
1980-01-07 13:13:29 INFO  clocks.c:461       so local clock is lagging by  52 msec
1980-01-07 13:13:29 WARN  algorithms/waypoint.c:1099 Drift from waypoint is large (3.02 > 3.00 m)
1980-01-07 13:13:29 INFO  clocks.c:450 Local synchronized clock will be forwarded by 0.044 seconds
1980-01-07 13:13:29 INFO  clocks.c:455   because: remote clock was 11.5340 seconds
1980-01-07 13:13:29 INFO  clocks.c:456                          at iTOW = 134027668
1980-01-07 13:13:29 INFO  clocks.c:457              local clock is 11.4259 seconds
1980-01-07 13:13:29 INFO  clocks.c:458                          at iTOW = 134027575
1980-01-07 13:13:29 INFO  clocks.c:459         Estimated time of flight = -64 msec
1980-01-07 13:13:29 INFO  clocks.c:460                 Clock difference = -108 msec
1980-01-07 13:13:29 INFO  clocks.c:461       so local clock is lagging by  44 msec
1980-01-07 13:13:30 INFO  algorithms/waypoint.c:1104 Drift from waypoint is under threshold again
1980-01-07 13:13:30 INFO  clocks.c:450 Local synchronized clock will be forwarded by 0.013 seconds
1980-01-07 13:13:30 INFO  clocks.c:455   because: remote clock was 12.5020 seconds
1980-01-07 13:13:30 INFO  clocks.c:456                          at iTOW = 134028583
1980-01-07 13:13:30 INFO  clocks.c:457              local clock is 12.3607 seconds
1980-01-07 13:13:30 INFO  clocks.c:458                          at iTOW = 134028466
1980-01-07 13:13:30 INFO  clocks.c:459         Estimated time of flight = -128 msec
1980-01-07 13:13:30 INFO  clocks.c:460                 Clock difference = -141 msec
1980-01-07 13:13:30 INFO  clocks.c:461       so local clock is lagging by  13 msec
1980-01-07 13:13:31 INFO  clocks.c:450 Local synchronized clock will be forwarded by 0.018 seconds
1980-01-07 13:13:31 INFO  clocks.c:455   because: remote clock was 13.4300 seconds
1980-01-07 13:13:31 INFO  clocks.c:456                          at iTOW = 134029500
1980-01-07 13:13:31 INFO  clocks.c:457              local clock is 13.2841 seconds
1980-01-07 13:13:31 INFO  clocks.c:458                          at iTOW = 134029376
1980-01-07 13:13:31 INFO  clocks.c:459         Estimated time of flight = -128 msec
1980-01-07 13:13:31 INFO  clocks.c:460                 Clock difference = -145 msec
1980-01-07 13:13:31 INFO  clocks.c:461       so local clock is lagging by  17 msec
1980-01-07 13:13:32 INFO  clocks.c:450 Local synchronized clock will be forwarded by 0.011 seconds
1980-01-07 13:13:32 INFO  clocks.c:455   because: remote clock was 14.3500 seconds
1980-01-07 13:13:32 INFO  clocks.c:456                          at iTOW = 134030406
1980-01-07 13:13:32 INFO  clocks.c:457              local clock is 14.2111 seconds
1980-01-07 13:13:32 INFO  clocks.c:458                          at iTOW = 134030285
1980-01-07 13:13:32 INFO  clocks.c:459         Estimated time of flight = -128 msec
1980-01-07 13:13:32 INFO  clocks.c:460                 Clock difference = -138 msec
1980-01-07 13:13:32 INFO  clocks.c:461       so local clock is lagging by  10 msec
1980-01-07 13:13:32 INFO  clocks.c:450 Local synchronized clock will be forwarded by 0.022 seconds
1980-01-07 13:13:32 INFO  clocks.c:455   because: remote clock was 14.6630 seconds
1980-01-07 13:13:32 INFO  clocks.c:456                          at iTOW = 134030708
1980-01-07 13:13:32 INFO  clocks.c:457              local clock is 14.5131 seconds
1980-01-07 13:13:32 INFO  clocks.c:458                          at iTOW = 134030576
1980-01-07 13:13:32 INFO  clocks.c:459         Estimated time of flight = -128 msec
1980-01-07 13:13:32 INFO  clocks.c:460                 Clock difference = -149 msec
1980-01-07 13:13:32 INFO  clocks.c:461       so local clock is lagging by  21 msec
1980-01-07 13:13:32 INFO  clocks.c:450 Local synchronized clock will be forwarded by 0.051 seconds
1980-01-07 13:13:32 INFO  clocks.c:455   because: remote clock was 14.9510 seconds
1980-01-07 13:13:32 INFO  clocks.c:456                          at iTOW = 134030969
1980-01-07 13:13:32 INFO  clocks.c:457              local clock is 14.8364 seconds
1980-01-07 13:13:32 INFO  clocks.c:458                          at iTOW = 134030878
1980-01-07 13:13:32 INFO  clocks.c:459         Estimated time of flight = -64 msec
1980-01-07 13:13:32 INFO  clocks.c:460                 Clock difference = -114 msec
1980-01-07 13:13:32 INFO  clocks.c:461       so local clock is lagging by  50 msec
1980-01-07 13:13:33 INFO  clocks.c:450 Local synchronized clock will be forwarded by 0.048 seconds
1980-01-07 13:13:33 INFO  clocks.c:455   because: remote clock was 15.2010 seconds
1980-01-07 13:13:33 INFO  clocks.c:456                          at iTOW = 134031170
1980-01-07 13:13:33 INFO  clocks.c:457              local clock is 15.0887 seconds
1980-01-07 13:13:33 INFO  clocks.c:458                          at iTOW = 134031079
1980-01-07 13:13:33 INFO  clocks.c:459         Estimated time of flight = -64 msec
1980-01-07 13:13:33 INFO  clocks.c:460                 Clock difference = -112 msec
1980-01-07 13:13:33 INFO  clocks.c:461       so local clock is lagging by  48 msec
1980-01-07 13:13:33 WARN  algorithms/waypoint.c:1099 Drift from waypoint is large (3.06 > 3.00 m)
1980-01-07 13:13:33 INFO  clocks.c:450 Local synchronized clock will be forwarded by 0.048 seconds
1980-01-07 13:13:33 INFO  clocks.c:455   because: remote clock was 15.3510 seconds
1980-01-07 13:13:33 INFO  clocks.c:456                          at iTOW = 134031272
1980-01-07 13:13:33 INFO  clocks.c:457              local clock is 15.2391 seconds
1980-01-07 13:13:33 INFO  clocks.c:458                          at iTOW = 134031181
1980-01-07 13:13:33 INFO  clocks.c:459         Estimated time of flight = -64 msec
1980-01-07 13:13:33 INFO  clocks.c:460                 Clock difference = -111 msec
1980-01-07 13:13:33 INFO  clocks.c:461       so local clock is lagging by  47 msec
1980-01-07 13:13:33 INFO  clocks.c:450 Local synchronized clock will be forwarded by 0.024 seconds
1980-01-07 13:13:33 INFO  clocks.c:455   because: remote clock was 15.5760 seconds
1980-01-07 13:13:33 INFO  clocks.c:456                          at iTOW = 134031474
1980-01-07 13:13:33 INFO  clocks.c:457              local clock is 15.4878 seconds
1980-01-07 13:13:33 INFO  clocks.c:458                          at iTOW = 134031382
1980-01-07 13:13:33 INFO  clocks.c:459         Estimated time of flight = -64 msec
1980-01-07 13:13:33 INFO  clocks.c:460                 Clock difference = -88 msec
1980-01-07 13:13:33 INFO  clocks.c:461       so local clock is lagging by  24 msec
1980-01-07 13:13:33 INFO  clocks.c:450 Local synchronized clock will be forwarded by 0.010 seconds
1980-01-07 13:13:33 INFO  clocks.c:455   because: remote clock was 15.9460 seconds
1980-01-07 13:13:33 INFO  clocks.c:456                          at iTOW = 134031797
1980-01-07 13:13:33 INFO  clocks.c:457              local clock is 15.8077 seconds
1980-01-07 13:13:33 INFO  clocks.c:458                          at iTOW = 134031678
1980-01-07 13:13:33 INFO  clocks.c:459         Estimated time of flight = -128 msec
1980-01-07 13:13:33 INFO  clocks.c:460                 Clock difference = -138 msec
1980-01-07 13:13:33 INFO  clocks.c:461       so local clock is lagging by  10 msec
1980-01-07 13:13:34 INFO  clocks.c:450 Local synchronized clock will be forwarded by 0.011 seconds
1980-01-07 13:13:34 INFO  clocks.c:455   because: remote clock was 16.5630 seconds
1980-01-07 13:13:34 INFO  clocks.c:456                          at iTOW = 134032403
1980-01-07 13:13:34 INFO  clocks.c:457              local clock is 16.4244 seconds
1980-01-07 13:13:34 INFO  clocks.c:458                          at iTOW = 134032284
1980-01-07 13:13:34 INFO  clocks.c:459         Estimated time of flight = -128 msec
1980-01-07 13:13:34 INFO  clocks.c:460                 Clock difference = -138 msec
1980-01-07 13:13:34 INFO  clocks.c:461       so local clock is lagging by  10 msec
1980-01-07 13:13:34 INFO  clocks.c:450 Local synchronized clock will be forwarded by 0.013 seconds
1980-01-07 13:13:34 INFO  clocks.c:455   because: remote clock was 16.7770 seconds
1980-01-07 13:13:34 INFO  clocks.c:456                          at iTOW = 134032605
1980-01-07 13:13:34 INFO  clocks.c:457              local clock is 16.6363 seconds
1980-01-07 13:13:34 INFO  clocks.c:458                          at iTOW = 134032486
1980-01-07 13:13:34 INFO  clocks.c:459         Estimated time of flight = -128 msec
1980-01-07 13:13:34 INFO  clocks.c:460                 Clock difference = -140 msec
1980-01-07 13:13:34 INFO  clocks.c:461       so local clock is lagging by  12 msec
1980-01-07 13:13:34 INFO  clocks.c:450 Local synchronized clock will be forwarded by 0.015 seconds
1980-01-07 13:13:34 INFO  clocks.c:455   because: remote clock was 16.9930 seconds
1980-01-07 13:13:34 INFO  clocks.c:456                          at iTOW = 134032808
1980-01-07 13:13:34 INFO  clocks.c:457              local clock is 16.8497 seconds
1980-01-07 13:13:34 INFO  clocks.c:458                          at iTOW = 134032686
1980-01-07 13:13:34 INFO  clocks.c:459         Estimated time of flight = -128 msec
1980-01-07 13:13:34 INFO  clocks.c:460                 Clock difference = -143 msec
1980-01-07 13:13:34 INFO  clocks.c:461       so local clock is lagging by  15 msec
1980-01-07 13:13:34 INFO  clocks.c:450 Local synchronized clock will be forwarded by 0.010 seconds
1980-01-07 13:13:34 INFO  clocks.c:455   because: remote clock was 17.3160 seconds
1980-01-07 13:13:34 INFO  clocks.c:456                          at iTOW = 134033113
1980-01-07 13:13:35 INFO  clocks.c:457              local clock is 17.1778 seconds
1980-01-07 13:13:35 INFO  clocks.c:458                          at iTOW = 134032999
1980-01-07 13:13:35 INFO  clocks.c:459         Estimated time of flight = -128 msec
1980-01-07 13:13:35 INFO  clocks.c:460                 Clock difference = -138 msec
1980-01-07 13:13:35 INFO  clocks.c:461       so local clock is lagging by  10 msec
1980-01-07 13:13:35 INFO  clocks.c:450 Local synchronized clock will be forwarded by 0.022 seconds
1980-01-07 13:13:35 INFO  clocks.c:455   because: remote clock was 17.6340 seconds
1980-01-07 13:13:35 INFO  clocks.c:456                          at iTOW = 134033420
1980-01-07 13:13:35 INFO  clocks.c:457              local clock is 17.4845 seconds
1980-01-07 13:13:35 INFO  clocks.c:458                          at iTOW = 134033296
1980-01-07 13:13:35 INFO  clocks.c:459         Estimated time of flight = -128 msec
1980-01-07 13:13:35 INFO  clocks.c:460                 Clock difference = -149 msec
1980-01-07 13:13:35 INFO  clocks.c:461       so local clock is lagging by  21 msec
1980-01-07 13:13:35 INFO  clocks.c:450 Local synchronized clock will be forwarded by 0.023 seconds
1980-01-07 13:13:35 INFO  clocks.c:455   because: remote clock was 17.7570 seconds
1980-01-07 13:13:35 INFO  clocks.c:456                          at iTOW = 134033522
1980-01-07 13:13:35 INFO  clocks.c:457              local clock is 17.6061 seconds
1980-01-07 13:13:35 INFO  clocks.c:458                          at iTOW = 134033396
1980-01-07 13:13:35 INFO  clocks.c:459         Estimated time of flight = -128 msec
1980-01-07 13:13:35 INFO  clocks.c:460                 Clock difference = -150 msec
1980-01-07 13:13:35 INFO  clocks.c:461       so local clock is lagging by  22 msec
1980-01-07 13:13:35 INFO  clocks.c:450 Local synchronized clock will be forwarded by 0.014 seconds
1980-01-07 13:13:35 INFO  clocks.c:455   because: remote clock was 17.8800 seconds
1980-01-07 13:13:35 INFO  clocks.c:456                          at iTOW = 134033623
1980-01-07 13:13:35 INFO  clocks.c:457              local clock is 17.7377 seconds
1980-01-07 13:13:35 INFO  clocks.c:458                          at iTOW = 134033504
1980-01-07 13:13:35 INFO  clocks.c:459         Estimated time of flight = -128 msec
1980-01-07 13:13:35 INFO  clocks.c:460                 Clock difference = -142 msec
1980-01-07 13:13:35 INFO  clocks.c:461       so local clock is lagging by  14 msec
1980-01-07 13:13:35 INFO  clocks.c:450 Local synchronized clock will be forwarded by 0.017 seconds
1980-01-07 13:13:35 INFO  clocks.c:455   because: remote clock was 18.1420 seconds
1980-01-07 13:13:35 INFO  clocks.c:456                          at iTOW = 134033885
1980-01-07 13:13:35 INFO  clocks.c:457              local clock is 18.0613 seconds
1980-01-07 13:13:35 INFO  clocks.c:458                          at iTOW = 134033814
1980-01-07 13:13:35 INFO  clocks.c:459         Estimated time of flight = -64 msec
1980-01-07 13:13:35 INFO  clocks.c:460                 Clock difference = -80 msec
1980-01-07 13:13:35 INFO  clocks.c:461       so local clock is lagging by  16 msec
1980-01-07 13:13:36 INFO  clocks.c:450 Local synchronized clock will be forwarded by 0.022 seconds
1980-01-07 13:13:36 INFO  clocks.c:455   because: remote clock was 18.5310 seconds
1980-01-07 13:13:36 INFO  clocks.c:456                          at iTOW = 134034247
1980-01-07 13:13:36 INFO  clocks.c:457              local clock is 18.3814 seconds
1980-01-07 13:13:36 INFO  clocks.c:458                          at iTOW = 134034117
1980-01-07 13:13:36 INFO  clocks.c:459         Estimated time of flight = -128 msec
1980-01-07 13:13:36 INFO  clocks.c:460                 Clock difference = -149 msec
1980-01-07 13:13:36 INFO  clocks.c:461       so local clock is lagging by  21 msec
1980-01-07 13:13:36 INFO  clocks.c:450 Local synchronized clock will be forwarded by 0.011 seconds
1980-01-07 13:13:36 INFO  clocks.c:455   because: remote clock was 18.6410 seconds
1980-01-07 13:13:36 INFO  clocks.c:456                          at iTOW = 134034337
1980-01-07 13:13:36 INFO  clocks.c:457              local clock is 18.5015 seconds
1980-01-07 13:13:36 INFO  clocks.c:458                          at iTOW = 134034216
1980-01-07 13:13:36 INFO  clocks.c:459         Estimated time of flight = -128 msec
1980-01-07 13:13:36 INFO  clocks.c:460                 Clock difference = -139 msec
1980-01-07 13:13:36 INFO  clocks.c:461       so local clock is lagging by  11 msec
1980-01-07 13:13:36 INFO  clocks.c:450 Local synchronized clock will be forwarded by 0.016 seconds
1980-01-07 13:13:36 INFO  clocks.c:455   because: remote clock was 18.7570 seconds
1980-01-07 13:13:36 INFO  clocks.c:456                          at iTOW = 134034437
1980-01-07 13:13:36 INFO  clocks.c:457              local clock is 18.6131 seconds
1980-01-07 13:13:36 INFO  clocks.c:458                          at iTOW = 134034316
1980-01-07 13:13:36 INFO  clocks.c:459         Estimated time of flight = -128 msec
1980-01-07 13:13:36 INFO  clocks.c:460                 Clock difference = -143 msec
1980-01-07 13:13:36 INFO  clocks.c:461       so local clock is lagging by  15 msec
1980-01-07 13:13:36 INFO  clocks.c:450 Local synchronized clock will be forwarded by 0.027 seconds
1980-01-07 13:13:36 INFO  clocks.c:455   because: remote clock was 18.9950 seconds
1980-01-07 13:13:36 INFO  clocks.c:456                          at iTOW = 134034657
1980-01-07 13:13:36 INFO  clocks.c:457              local clock is 18.8402 seconds
1980-01-07 13:13:36 INFO  clocks.c:458                          at iTOW = 134034527
1980-01-07 13:13:36 INFO  clocks.c:459         Estimated time of flight = -128 msec
1980-01-07 13:13:36 INFO  clocks.c:460                 Clock difference = -154 msec
1980-01-07 13:13:36 INFO  clocks.c:461       so local clock is lagging by  26 msec
1980-01-07 13:13:36 INFO  clocks.c:450 Local synchronized clock will be forwarded by 0.027 seconds
1980-01-07 13:13:36 INFO  clocks.c:455   because: remote clock was 19.3570 seconds
1980-01-07 13:13:36 INFO  clocks.c:456                          at iTOW = 134034998
1980-01-07 13:13:36 INFO  clocks.c:457              local clock is 19.2658 seconds
1980-01-07 13:13:36 INFO  clocks.c:458                          at iTOW = 134034926
1980-01-07 13:13:36 INFO  clocks.c:459         Estimated time of flight = -64 msec
1980-01-07 13:13:36 INFO  clocks.c:460                 Clock difference = -91 msec
1980-01-07 13:13:36 INFO  clocks.c:461       so local clock is lagging by  27 msec
1980-01-07 13:13:37 INFO  algorithms/waypoint.c:1104 Drift from waypoint is under threshold again
1980-01-07 13:13:37 INFO  clocks.c:450 Local synchronized clock will be forwarded by 0.022 seconds
1980-01-07 13:13:37 INFO  clocks.c:455   because: remote clock was 19.5790 seconds
1980-01-07 13:13:37 INFO  clocks.c:456                          at iTOW = 134035220
1980-01-07 13:13:37 INFO  clocks.c:457              local clock is 19.4929 seconds
1980-01-07 13:13:37 INFO  clocks.c:458                          at iTOW = 134035126
1980-01-07 13:13:37 INFO  clocks.c:459         Estimated time of flight = -64 msec
1980-01-07 13:13:37 INFO  clocks.c:460                 Clock difference = -86 msec
1980-01-07 13:13:37 INFO  clocks.c:461       so local clock is lagging by  22 msec
1980-01-07 13:13:37 WARN  algorithms/waypoint.c:1099 Drift from waypoint is large (3.02 > 3.00 m)
1980-01-07 13:13:37 INFO  algorithms/waypoint.c:1104 Drift from waypoint is under threshold again
1980-01-07 13:13:37 WARN  algorithms/waypoint.c:1099 Drift from waypoint is large (3.02 > 3.00 m)
1980-01-07 13:13:37 INFO  algorithms/waypoint.c:1104 Drift from waypoint is under threshold again
1980-01-07 13:13:37 WARN  algorithms/waypoint.c:1099 Drift from waypoint is large (3.01 > 3.00 m)
1980-01-07 13:13:37 INFO  algorithms/waypoint.c:1104 Drift from waypoint is under threshold again
1980-01-07 13:13:38 WARN  algorithms/waypoint.c:1099 Drift from waypoint is large (3.01 > 3.00 m)
1980-01-07 13:13:38 INFO  algorithms/waypoint.c:1104 Drift from waypoint is under threshold again
1980-01-07 13:13:38 WARN  algorithms/waypoint.c:1099 Drift from waypoint is large (3.01 > 3.00 m)
1980-01-07 13:13:38 INFO  clocks.c:450 Local synchronized clock will be forwarded by 0.014 seconds
1980-01-07 13:13:38 INFO  clocks.c:455   because: remote clock was 20.6570 seconds
1980-01-07 13:13:38 INFO  clocks.c:456                          at iTOW = 134036250
1980-01-07 13:13:38 INFO  clocks.c:457              local clock is 20.5150 seconds
1980-01-07 13:13:38 INFO  clocks.c:458                          at iTOW = 134036126
1980-01-07 13:13:38 INFO  clocks.c:459         Estimated time of flight = -128 msec
1980-01-07 13:13:38 INFO  clocks.c:460                 Clock difference = -141 msec
1980-01-07 13:13:38 INFO  clocks.c:461       so local clock is lagging by  13 msec
1980-01-07 13:13:38 INFO  algorithms/waypoint.c:1104 Drift from waypoint is under threshold again
1980-01-07 13:13:38 INFO  clocks.c:450 Local synchronized clock will be forwarded by 0.021 seconds
1980-01-07 13:13:38 INFO  clocks.c:455   because: remote clock was 20.8800 seconds
1980-01-07 13:13:38 INFO  clocks.c:456                          at iTOW = 134036453
1980-01-07 13:13:38 INFO  clocks.c:457              local clock is 20.7306 seconds
1980-01-07 13:13:38 INFO  clocks.c:458                          at iTOW = 134036327
1980-01-07 13:13:38 INFO  clocks.c:459         Estimated time of flight = -128 msec
1980-01-07 13:13:38 INFO  clocks.c:460                 Clock difference = -149 msec
1980-01-07 13:13:38 INFO  clocks.c:461       so local clock is lagging by  21 msec
1980-01-07 13:13:38 WARN  algorithms/waypoint.c:1099 Drift from waypoint is large (3.04 > 3.00 m)
1980-01-07 13:13:38 INFO  algorithms/waypoint.c:1104 Drift from waypoint is under threshold again
1980-01-07 13:13:38 WARN  algorithms/waypoint.c:1099 Drift from waypoint is large (3.01 > 3.00 m)
1980-01-07 13:13:38 INFO  algorithms/waypoint.c:1104 Drift from waypoint is under threshold again
1980-01-07 13:13:38 INFO  clocks.c:450 Local synchronized clock will be forwarded by 0.020 seconds
1980-01-07 13:13:38 INFO  clocks.c:455   because: remote clock was 21.3100 seconds
1980-01-07 13:13:38 INFO  clocks.c:456                          at iTOW = 134036857
1980-01-07 13:13:38 INFO  clocks.c:457              local clock is 21.1617 seconds
1980-01-07 13:13:38 INFO  clocks.c:458                          at iTOW = 134036737
1980-01-07 13:13:38 INFO  clocks.c:459         Estimated time of flight = -128 msec
1980-01-07 13:13:38 INFO  clocks.c:460                 Clock difference = -148 msec
1980-01-07 13:13:38 INFO  clocks.c:461       so local clock is lagging by  20 msec
1980-01-07 13:13:38 INFO  clocks.c:450 Local synchronized clock will be forwarded by 0.013 seconds
1980-01-07 13:13:38 INFO  clocks.c:455   because: remote clock was 21.4310 seconds
1980-01-07 13:13:38 INFO  clocks.c:456                          at iTOW = 134036978
1980-01-07 13:13:38 INFO  clocks.c:457              local clock is 21.2898 seconds
1980-01-07 13:13:38 INFO  clocks.c:458                          at iTOW = 134036845
1980-01-07 13:13:38 INFO  clocks.c:459         Estimated time of flight = -128 msec
1980-01-07 13:13:38 INFO  clocks.c:460                 Clock difference = -141 msec
1980-01-07 13:13:38 INFO  clocks.c:461       so local clock is lagging by  13 msec
1980-01-07 13:13:39 INFO  clocks.c:450 Local synchronized clock will be forwarded by 0.012 seconds
1980-01-07 13:13:39 INFO  clocks.c:455   because: remote clock was 21.9440 seconds
1980-01-07 13:13:39 INFO  clocks.c:456                          at iTOW = 134037465
1980-01-07 13:13:39 INFO  clocks.c:457              local clock is 21.8038 seconds
1980-01-07 13:13:39 INFO  clocks.c:458                          at iTOW = 134037346
1980-01-07 13:13:39 INFO  clocks.c:459         Estimated time of flight = -128 msec
1980-01-07 13:13:39 INFO  clocks.c:460                 Clock difference = -140 msec
1980-01-07 13:13:39 INFO  clocks.c:461       so local clock is lagging by  12 msec
1980-01-07 13:13:40 INFO  clocks.c:450 Local synchronized clock will be forwarded by 0.013 seconds
1980-01-07 13:13:40 INFO  clocks.c:455   because: remote clock was 22.8780 seconds
1980-01-07 13:13:40 INFO  clocks.c:456                          at iTOW = 134038399
1980-01-07 13:13:40 INFO  clocks.c:457              local clock is 22.7372 seconds
1980-01-07 13:13:40 INFO  clocks.c:458                          at iTOW = 134038267
1980-01-07 13:13:40 INFO  clocks.c:459         Estimated time of flight = -128 msec
1980-01-07 13:13:40 INFO  clocks.c:460                 Clock difference = -140 msec
1980-01-07 13:13:40 INFO  clocks.c:461       so local clock is lagging by  12 msec
1980-01-07 13:13:40 INFO  clocks.c:450 Local synchronized clock will be forwarded by 0.010 seconds
1980-01-07 13:13:40 INFO  clocks.c:455   because: remote clock was 23.5870 seconds
1980-01-07 13:13:40 INFO  clocks.c:456                          at iTOW = 134039086
1980-01-07 13:13:40 INFO  clocks.c:457              local clock is 23.4488 seconds
1980-01-07 13:13:40 INFO  clocks.c:458                          at iTOW = 134038966
1980-01-07 13:13:40 INFO  clocks.c:459         Estimated time of flight = -128 msec
1980-01-07 13:13:40 INFO  clocks.c:460                 Clock difference = -138 msec
1980-01-07 13:13:40 INFO  clocks.c:461       so local clock is lagging by  10 msec
1980-01-07 13:13:41 INFO  clocks.c:450 Local synchronized clock will be forwarded by 0.013 seconds
1980-01-07 13:13:41 INFO  clocks.c:455   because: remote clock was 23.7000 seconds
1980-01-07 13:13:41 INFO  clocks.c:456                          at iTOW = 134039187
1980-01-07 13:13:41 INFO  clocks.c:457              local clock is 23.5590 seconds
1980-01-07 13:13:41 INFO  clocks.c:458                          at iTOW = 134039066
1980-01-07 13:13:41 INFO  clocks.c:459         Estimated time of flight = -128 msec
1980-01-07 13:13:41 INFO  clocks.c:460                 Clock difference = -140 msec
1980-01-07 13:13:41 INFO  clocks.c:461       so local clock is lagging by  12 msec
1980-01-07 13:13:41 INFO  clocks.c:450 Local synchronized clock will be forwarded by 0.023 seconds
1980-01-07 13:13:41 INFO  clocks.c:455   because: remote clock was 23.9240 seconds
1980-01-07 13:13:41 INFO  clocks.c:456                          at iTOW = 134039398
1980-01-07 13:13:41 INFO  clocks.c:457              local clock is 23.7725 seconds
1980-01-07 13:13:41 INFO  clocks.c:458                          at iTOW = 134039266
1980-01-07 13:13:41 INFO  clocks.c:459         Estimated time of flight = -128 msec
1980-01-07 13:13:41 INFO  clocks.c:460                 Clock difference = -151 msec
1980-01-07 13:13:41 INFO  clocks.c:461       so local clock is lagging by  23 msec
1980-01-07 13:13:42 INFO  clocks.c:450 Local synchronized clock will be forwarded by 0.011 seconds
1980-01-07 13:13:42 INFO  clocks.c:455   because: remote clock was 24.8450 seconds
1980-01-07 13:13:42 INFO  clocks.c:456                          at iTOW = 134040294
1980-01-07 13:13:42 INFO  clocks.c:457              local clock is 24.7055 seconds
1980-01-07 13:13:42 INFO  clocks.c:458                          at iTOW = 134040176
1980-01-07 13:13:42 INFO  clocks.c:459         Estimated time of flight = -128 msec
1980-01-07 13:13:42 INFO  clocks.c:460                 Clock difference = -139 msec
1980-01-07 13:13:42 INFO  clocks.c:461       so local clock is lagging by  11 msec
1980-01-07 13:13:43 INFO  clocks.c:450 Local synchronized clock will be forwarded by 0.049 seconds
1980-01-07 13:13:43 INFO  clocks.c:455   because: remote clock was 25.8270 seconds
1980-01-07 13:13:43 INFO  clocks.c:456                          at iTOW = 134041265
1980-01-07 13:13:43 INFO  clocks.c:457              local clock is 25.7140 seconds
1980-01-07 13:13:43 INFO  clocks.c:458                          at iTOW = 134041173
1980-01-07 13:13:43 INFO  clocks.c:459         Estimated time of flight = -64 msec
1980-01-07 13:13:43 INFO  clocks.c:460                 Clock difference = -113 msec
1980-01-07 13:13:43 INFO  clocks.c:461       so local clock is lagging by  49 msec
1980-01-07 13:13:43 WARN  algorithms/waypoint.c:1099 Drift from waypoint is large (3.03 > 3.00 m)
1980-01-07 13:13:43 INFO  algorithms/waypoint.c:1104 Drift from waypoint is under threshold again
1980-01-07 13:13:44 INFO  clocks.c:450 Local synchronized clock will be forwarded by 0.050 seconds
1980-01-07 13:13:44 INFO  clocks.c:455   because: remote clock was 26.7800 seconds
1980-01-07 13:13:44 INFO  clocks.c:456                          at iTOW = 134042170
1980-01-07 13:13:44 INFO  clocks.c:457              local clock is 26.6663 seconds
1980-01-07 13:13:44 INFO  clocks.c:458                          at iTOW = 134042076
1980-01-07 13:13:44 INFO  clocks.c:459         Estimated time of flight = -64 msec
1980-01-07 13:13:44 INFO  clocks.c:460                 Clock difference = -113 msec
1980-01-07 13:13:44 INFO  clocks.c:461       so local clock is lagging by  49 msec
1980-01-07 13:13:44 INFO  clocks.c:450 Local synchronized clock will be forwarded by 0.044 seconds
1980-01-07 13:13:44 INFO  clocks.c:455   because: remote clock was 26.9150 seconds
1980-01-07 13:13:44 INFO  clocks.c:456                          at iTOW = 134042254
1980-01-07 13:13:44 INFO  clocks.c:457              local clock is 26.8069 seconds
1980-01-07 13:13:44 INFO  clocks.c:458                          at iTOW = 134042167
1980-01-07 13:13:44 INFO  clocks.c:459         Estimated time of flight = -64 msec
1980-01-07 13:13:44 INFO  clocks.c:460                 Clock difference = -108 msec
1980-01-07 13:13:44 INFO  clocks.c:461       so local clock is lagging by  44 msec
1980-01-07 13:13:44 INFO  clocks.c:450 Local synchronized clock will be forwarded by 0.017 seconds
1980-01-07 13:13:44 INFO  clocks.c:455   because: remote clock was 27.1050 seconds
1980-01-07 13:13:44 INFO  clocks.c:456                          at iTOW = 134042396
1980-01-07 13:13:44 INFO  clocks.c:457              local clock is 26.9600 seconds
1980-01-07 13:13:44 INFO  clocks.c:458                          at iTOW = 134042276
1980-01-07 13:13:44 INFO  clocks.c:459         Estimated time of flight = -128 msec
1980-01-07 13:13:44 INFO  clocks.c:460                 Clock difference = -145 msec
1980-01-07 13:13:44 INFO  clocks.c:461       so local clock is lagging by  17 msec
1980-01-07 13:13:44 WARN  algorithms/waypoint.c:1099 Drift from waypoint is large (3.00 > 3.00 m)
1980-01-07 13:13:44 INFO  clocks.c:450 Local synchronized clock will be forwarded by 0.010 seconds
1980-01-07 13:13:44 INFO  clocks.c:455   because: remote clock was 27.2060 seconds
1980-01-07 13:13:44 INFO  clocks.c:456                          at iTOW = 134042497
1980-01-07 13:13:44 INFO  clocks.c:457              local clock is 27.0675 seconds
1980-01-07 13:13:44 INFO  clocks.c:458                          at iTOW = 134042366
1980-01-07 13:13:44 INFO  clocks.c:459         Estimated time of flight = -128 msec
1980-01-07 13:13:44 INFO  clocks.c:460                 Clock difference = -138 msec
1980-01-07 13:13:44 INFO  clocks.c:461       so local clock is lagging by  10 msec
1980-01-07 13:13:44 INFO  clocks.c:450 Local synchronized clock will be forwarded by 0.052 seconds
1980-01-07 13:13:44 INFO  clocks.c:455   because: remote clock was 27.3940 seconds
1980-01-07 13:13:44 INFO  clocks.c:456                          at iTOW = 134042658
1980-01-07 13:13:44 INFO  clocks.c:457              local clock is 27.2777 seconds
1980-01-07 13:13:44 INFO  clocks.c:458                          at iTOW = 134042566
1980-01-07 13:13:44 INFO  clocks.c:459         Estimated time of flight = -64 msec
1980-01-07 13:13:44 INFO  clocks.c:460                 Clock difference = -116 msec
1980-01-07 13:13:44 INFO  clocks.c:461       so local clock is lagging by  52 msec
1980-01-07 13:13:44 INFO  clocks.c:450 Local synchronized clock will be forwarded by 0.033 seconds
1980-01-07 13:13:44 INFO  clocks.c:455   because: remote clock was 27.6280 seconds
1980-01-07 13:13:44 INFO  clocks.c:456                          at iTOW = 134042859
1980-01-07 13:13:44 INFO  clocks.c:457              local clock is 27.5308 seconds
1980-01-07 13:13:44 INFO  clocks.c:458                          at iTOW = 134042767
1980-01-07 13:13:44 INFO  clocks.c:459         Estimated time of flight = -64 msec
1980-01-07 13:13:44 INFO  clocks.c:460                 Clock difference = -97 msec
1980-01-07 13:13:44 INFO  clocks.c:461       so local clock is lagging by  33 msec
1980-01-07 13:13:45 INFO  clocks.c:450 Local synchronized clock will be forwarded by 0.037 seconds
1980-01-07 13:13:45 INFO  clocks.c:455   because: remote clock was 28.1720 seconds
1980-01-07 13:13:45 INFO  clocks.c:456                          at iTOW = 134043354
1980-01-07 13:13:45 INFO  clocks.c:457              local clock is 28.0710 seconds
1980-01-07 13:13:45 INFO  clocks.c:458                          at iTOW = 134043274
1980-01-07 13:13:45 INFO  clocks.c:459         Estimated time of flight = -64 msec
1980-01-07 13:13:45 INFO  clocks.c:460                 Clock difference = -100 msec
1980-01-07 13:13:45 INFO  clocks.c:461       so local clock is lagging by  36 msec
1980-01-07 13:13:45 INFO  clocks.c:450 Local synchronized clock will be forwarded by 0.037 seconds
1980-01-07 13:13:45 INFO  clocks.c:455   because: remote clock was 28.9110 seconds
1980-01-07 13:13:45 INFO  clocks.c:456                          at iTOW = 134044056
1980-01-07 13:13:45 INFO  clocks.c:457              local clock is 28.8097 seconds
1980-01-07 13:13:45 INFO  clocks.c:458                          at iTOW = 134043976
1980-01-07 13:13:45 INFO  clocks.c:459         Estimated time of flight = -64 msec
1980-01-07 13:13:45 INFO  clocks.c:460                 Clock difference = -101 msec
1980-01-07 13:13:45 INFO  clocks.c:461       so local clock is lagging by  37 msec
1980-01-07 13:13:46 INFO  clocks.c:450 Local synchronized clock will be forwarded by 0.013 seconds
1980-01-07 13:13:46 INFO  clocks.c:455   because: remote clock was 29.1880 seconds
1980-01-07 13:13:46 INFO  clocks.c:456                          at iTOW = 134044299
1980-01-07 13:13:46 INFO  clocks.c:457              local clock is 29.0474 seconds
1980-01-07 13:13:46 INFO  clocks.c:458                          at iTOW = 134044176
1980-01-07 13:13:46 INFO  clocks.c:459         Estimated time of flight = -128 msec
1980-01-07 13:13:46 INFO  clocks.c:460                 Clock difference = -140 msec
1980-01-07 13:13:46 INFO  clocks.c:461       so local clock is lagging by  12 msec
1980-01-07 13:13:46 INFO  clocks.c:450 Local synchronized clock will be forwarded by 0.042 seconds
1980-01-07 13:13:46 INFO  clocks.c:455   because: remote clock was 29.6750 seconds
1980-01-07 13:13:46 INFO  clocks.c:456                          at iTOW = 134044766
1980-01-07 13:13:46 INFO  clocks.c:457              local clock is 29.5687 seconds
1980-01-07 13:13:46 INFO  clocks.c:458                          at iTOW = 134044685
1980-01-07 13:13:46 INFO  clocks.c:459         Estimated time of flight = -64 msec
1980-01-07 13:13:46 INFO  clocks.c:460                 Clock difference = -106 msec
1980-01-07 13:13:46 INFO  clocks.c:461       so local clock is lagging by  42 msec
1980-01-07 13:13:47 INFO  clocks.c:450 Local synchronized clock will be forwarded by 0.011 seconds
1980-01-07 13:13:47 INFO  clocks.c:455   because: remote clock was 30.3610 seconds
1980-01-07 13:13:47 INFO  clocks.c:456                          at iTOW = 134045418
1980-01-07 13:13:47 INFO  clocks.c:457              local clock is 30.2219 seconds
1980-01-07 13:13:47 INFO  clocks.c:458                          at iTOW = 134045296
1980-01-07 13:13:47 INFO  clocks.c:459         Estimated time of flight = -128 msec
1980-01-07 13:13:47 INFO  clocks.c:460                 Clock difference = -139 msec
1980-01-07 13:13:47 INFO  clocks.c:461       so local clock is lagging by  11 msec
1980-01-07 13:13:47 INFO  algorithms/waypoint.c:1104 Drift from waypoint is under threshold again
1980-01-07 13:13:47 INFO  clocks.c:450 Local synchronized clock will be forwarded by 0.036 seconds
1980-01-07 13:13:47 INFO  clocks.c:455   because: remote clock was 30.4330 seconds
1980-01-07 13:13:47 INFO  clocks.c:456                          at iTOW = 134045479
1980-01-07 13:13:47 INFO  clocks.c:457              local clock is 30.3332 seconds
1980-01-07 13:13:47 INFO  clocks.c:458                          at iTOW = 134045396
1980-01-07 13:13:47 INFO  clocks.c:459         Estimated time of flight = -64 msec
1980-01-07 13:13:47 INFO  clocks.c:460                 Clock difference = -99 msec
1980-01-07 13:13:47 INFO  clocks.c:461       so local clock is lagging by  35 msec
1980-01-07 13:13:47 INFO  clocks.c:450 Local synchronized clock will be forwarded by 0.016 seconds
1980-01-07 13:13:47 INFO  clocks.c:455   because: remote clock was 31.0130 seconds
1980-01-07 13:13:47 INFO  clocks.c:456                          at iTOW = 134046022
1980-01-07 13:13:47 INFO  clocks.c:457              local clock is 30.8690 seconds
1980-01-07 13:13:47 INFO  clocks.c:458                          at iTOW = 134045896
1980-01-07 13:13:47 INFO  clocks.c:459         Estimated time of flight = -128 msec
1980-01-07 13:13:47 INFO  clocks.c:460                 Clock difference = -143 msec
1980-01-07 13:13:47 INFO  clocks.c:461       so local clock is lagging by  15 msec
1980-01-07 13:13:47 INFO  clocks.c:450 Local synchronized clock will be forwarded by 0.018 seconds
1980-01-07 13:13:47 INFO  clocks.c:455   because: remote clock was 31.1310 seconds
1980-01-07 13:13:47 INFO  clocks.c:456                          at iTOW = 134046124
1980-01-07 13:13:47 INFO  clocks.c:457              local clock is 30.9848 seconds
1980-01-07 13:13:47 INFO  clocks.c:458                          at iTOW = 134045996
1980-01-07 13:13:47 INFO  clocks.c:459         Estimated time of flight = -128 msec
1980-01-07 13:13:47 INFO  clocks.c:460                 Clock difference = -146 msec
1980-01-07 13:13:47 INFO  clocks.c:461       so local clock is lagging by  18 msec
1980-01-07 13:13:48 INFO  clocks.c:450 Local synchronized clock will be forwarded by 0.011 seconds
1980-01-07 13:13:48 INFO  clocks.c:455   because: remote clock was 31.6420 seconds
1980-01-07 13:13:48 INFO  clocks.c:456                          at iTOW = 134046615
1980-01-07 13:13:48 INFO  clocks.c:457              local clock is 31.5032 seconds
1980-01-07 13:13:48 INFO  clocks.c:458                          at iTOW = 134046496
1980-01-07 13:13:48 INFO  clocks.c:459         Estimated time of flight = -128 msec
1980-01-07 13:13:48 INFO  clocks.c:460                 Clock difference = -138 msec
1980-01-07 13:13:48 INFO  clocks.c:461       so local clock is lagging by  10 msec
1980-01-07 13:13:48 INFO  clocks.c:450 Local synchronized clock will be forwarded by 0.016 seconds
1980-01-07 13:13:48 INFO  clocks.c:455   because: remote clock was 31.7580 seconds
1980-01-07 13:13:48 INFO  clocks.c:456                          at iTOW = 134046715
1980-01-07 13:13:48 INFO  clocks.c:457              local clock is 31.6138 seconds
1980-01-07 13:13:48 INFO  clocks.c:458                          at iTOW = 134046596
1980-01-07 13:13:48 INFO  clocks.c:459         Estimated time of flight = -128 msec
1980-01-07 13:13:48 INFO  clocks.c:460                 Clock difference = -144 msec
1980-01-07 13:13:48 INFO  clocks.c:461       so local clock is lagging by  16 msec
1980-01-07 13:13:48 INFO  clocks.c:450 Local synchronized clock will be forwarded by 0.014 seconds
1980-01-07 13:13:48 INFO  clocks.c:455   because: remote clock was 31.9720 seconds
1980-01-07 13:13:48 INFO  clocks.c:456                          at iTOW = 134046916
1980-01-07 13:13:48 INFO  clocks.c:457              local clock is 31.8300 seconds
1980-01-07 13:13:48 INFO  clocks.c:458                          at iTOW = 134046796
1980-01-07 13:13:48 INFO  clocks.c:459         Estimated time of flight = -128 msec
1980-01-07 13:13:48 INFO  clocks.c:460                 Clock difference = -142 msec
1980-01-07 13:13:48 INFO  clocks.c:461       so local clock is lagging by  14 msec
1980-01-07 13:13:48 INFO  clocks.c:450 Local synchronized clock will be forwarded by 0.013 seconds
1980-01-07 13:13:48 INFO  clocks.c:455   because: remote clock was 32.0850 seconds
1980-01-07 13:13:48 INFO  clocks.c:456                          at iTOW = 134047016
1980-01-07 13:13:48 INFO  clocks.c:457              local clock is 31.9443 seconds
1980-01-07 13:13:48 INFO  clocks.c:458                          at iTOW = 134046896
1980-01-07 13:13:48 INFO  clocks.c:459         Estimated time of flight = -128 msec
1980-01-07 13:13:48 INFO  clocks.c:460                 Clock difference = -140 msec
1980-01-07 13:13:48 INFO  clocks.c:461       so local clock is lagging by  12 msec
1980-01-07 13:13:48 INFO  clocks.c:450 Local synchronized clock will be forwarded by 0.013 seconds
1980-01-07 13:13:49 INFO  clocks.c:455   because: remote clock was 32.2010 seconds
1980-01-07 13:13:49 INFO  clocks.c:456                          at iTOW = 134047119
1980-01-07 13:13:49 INFO  clocks.c:457              local clock is 32.0604 seconds
1980-01-07 13:13:49 INFO  clocks.c:458                          at iTOW = 134046999
1980-01-07 13:13:49 INFO  clocks.c:459         Estimated time of flight = -128 msec
1980-01-07 13:13:49 INFO  clocks.c:460                 Clock difference = -140 msec
1980-01-07 13:13:49 INFO  clocks.c:461       so local clock is lagging by  12 msec
1980-01-07 13:13:49 INFO  clocks.c:450 Local synchronized clock will be forwarded by 0.015 seconds
1980-01-07 13:13:49 INFO  clocks.c:455   because: remote clock was 32.4190 seconds
1980-01-07 13:13:49 INFO  clocks.c:456                          at iTOW = 134047323
1980-01-07 13:13:49 INFO  clocks.c:457              local clock is 32.2760 seconds
1980-01-07 13:13:49 INFO  clocks.c:458                          at iTOW = 134047202
1980-01-07 13:13:49 INFO  clocks.c:459         Estimated time of flight = -128 msec
1980-01-07 13:13:49 INFO  clocks.c:460                 Clock difference = -143 msec
1980-01-07 13:13:49 INFO  clocks.c:461       so local clock is lagging by  15 msec
1980-01-07 13:13:49 INFO  autopilots/pixhawk/driver.c:1721 statustext: RCInput: decoding UNKNOWN (severity: 7 - DEBUG)
1980-01-07 13:13:49 INFO  autopilots/pixhawk/driver.c:1721 statustext: RCInput: decoding PX4IO_PPM (severity: 7 - DEBUG)
1980-01-07 13:13:49 INFO  clocks.c:450 Local synchronized clock will be forwarded by 0.013 seconds
1980-01-07 13:13:49 INFO  clocks.c:455   because: remote clock was 32.9350 seconds
1980-01-07 13:13:49 INFO  clocks.c:456                          at iTOW = 134047826
1980-01-07 13:13:49 INFO  clocks.c:457              local clock is 32.7943 seconds
1980-01-07 13:13:49 INFO  clocks.c:458                          at iTOW = 134047705
1980-01-07 13:13:49 INFO  clocks.c:459         Estimated time of flight = -128 msec
1980-01-07 13:13:49 INFO  clocks.c:460                 Clock difference = -140 msec
1980-01-07 13:13:49 INFO  clocks.c:461       so local clock is lagging by  12 msec
1980-01-07 13:13:50 WARN  algorithms/waypoint.c:1099 Drift from waypoint is large (3.02 > 3.00 m)
1980-01-07 13:13:50 INFO  algorithms/waypoint.c:1104 Drift from waypoint is under threshold again
1980-01-07 13:13:50 INFO  clocks.c:450 Local synchronized clock will be forwarded by 0.046 seconds
1980-01-07 13:13:50 INFO  clocks.c:455   because: remote clock was 33.4120 seconds
1980-01-07 13:13:50 INFO  clocks.c:456                          at iTOW = 134048290
1980-01-07 13:13:50 INFO  clocks.c:457              local clock is 33.3015 seconds
1980-01-07 13:13:50 INFO  clocks.c:458                          at iTOW = 134048200
1980-01-07 13:13:50 INFO  clocks.c:459         Estimated time of flight = -64 msec
1980-01-07 13:13:50 INFO  clocks.c:460                 Clock difference = -110 msec
1980-01-07 13:13:50 INFO  clocks.c:461       so local clock is lagging by  46 msec
1980-01-07 13:13:50 WARN  algorithms/waypoint.c:1099 Drift from waypoint is large (3.14 > 3.00 m)
1980-01-07 13:13:50 INFO  clocks.c:450 Local synchronized clock will be forwarded by 0.027 seconds
1980-01-07 13:13:50 INFO  clocks.c:455   because: remote clock was 33.9060 seconds
1980-01-07 13:13:50 INFO  clocks.c:456                          at iTOW = 134048735
1980-01-07 13:13:50 INFO  clocks.c:457              local clock is 33.7510 seconds
1980-01-07 13:13:50 INFO  clocks.c:458                          at iTOW = 134048603
1980-01-07 13:13:50 INFO  clocks.c:459         Estimated time of flight = -128 msec
1980-01-07 13:13:50 INFO  clocks.c:460                 Clock difference = -154 msec
1980-01-07 13:13:50 INFO  clocks.c:461       so local clock is lagging by  26 msec
1980-01-07 13:13:51 INFO  clocks.c:450 Local synchronized clock will be forwarded by 0.011 seconds
1980-01-07 13:13:51 INFO  clocks.c:455   because: remote clock was 34.3190 seconds
1980-01-07 13:13:51 INFO  clocks.c:456                          at iTOW = 134049118
1980-01-07 13:13:51 INFO  clocks.c:457              local clock is 34.1803 seconds
1980-01-07 13:13:51 INFO  clocks.c:458                          at iTOW = 134049005
1980-01-07 13:13:51 INFO  clocks.c:459         Estimated time of flight = -128 msec
1980-01-07 13:13:51 INFO  clocks.c:460                 Clock difference = -138 msec
1980-01-07 13:13:51 INFO  clocks.c:461       so local clock is lagging by  10 msec
1980-01-07 13:13:51 INFO  clocks.c:450 Local synchronized clock will be forwarded by 0.014 seconds
1980-01-07 13:13:51 INFO  clocks.c:455   because: remote clock was 34.5330 seconds
1980-01-07 13:13:51 INFO  clocks.c:456                          at iTOW = 134049332
1980-01-07 13:13:51 INFO  clocks.c:457              local clock is 34.3913 seconds
1980-01-07 13:13:51 INFO  clocks.c:458                          at iTOW = 134049206
1980-01-07 13:13:51 INFO  clocks.c:459         Estimated time of flight = -128 msec
1980-01-07 13:13:51 INFO  clocks.c:460                 Clock difference = -141 msec
1980-01-07 13:13:51 INFO  clocks.c:461       so local clock is lagging by  13 msec
1980-01-07 13:13:51 INFO  clocks.c:450 Local synchronized clock will be forwarded by 0.018 seconds
1980-01-07 13:13:51 INFO  clocks.c:455   because: remote clock was 34.8510 seconds
1980-01-07 13:13:51 INFO  clocks.c:456                          at iTOW = 134049634
1980-01-07 13:13:51 INFO  clocks.c:457              local clock is 34.7048 seconds
1980-01-07 13:13:51 INFO  clocks.c:458                          at iTOW = 134049505
1980-01-07 13:13:51 INFO  clocks.c:459         Estimated time of flight = -128 msec
1980-01-07 13:13:51 INFO  clocks.c:460                 Clock difference = -146 msec
1980-01-07 13:13:51 INFO  clocks.c:461       so local clock is lagging by  18 msec
1980-01-07 13:13:51 INFO  clocks.c:450 Local synchronized clock will be forwarded by 0.023 seconds
1980-01-07 13:13:51 INFO  clocks.c:455   because: remote clock was 34.9740 seconds
1980-01-07 13:13:51 INFO  clocks.c:456                          at iTOW = 134049737
1980-01-07 13:13:51 INFO  clocks.c:457              local clock is 34.8234 seconds
1980-01-07 13:13:51 INFO  clocks.c:458                          at iTOW = 134049606
1980-01-07 13:13:51 INFO  clocks.c:459         Estimated time of flight = -128 msec
1980-01-07 13:13:51 INFO  clocks.c:460                 Clock difference = -150 msec
1980-01-07 13:13:51 INFO  clocks.c:461       so local clock is lagging by  22 msec
1980-01-07 13:13:51 INFO  algorithms/waypoint.c:1104 Drift from waypoint is under threshold again
1980-01-07 13:13:52 INFO  clocks.c:450 Local synchronized clock will be forwarded by 0.014 seconds
1980-01-07 13:13:52 INFO  clocks.c:455   because: remote clock was 35.7980 seconds
1980-01-07 13:13:52 INFO  clocks.c:456                          at iTOW = 134050538
1980-01-07 13:13:52 INFO  clocks.c:457              local clock is 35.6556 seconds
1980-01-07 13:13:52 INFO  clocks.c:458                          at iTOW = 134050415
1980-01-07 13:13:52 INFO  clocks.c:459         Estimated time of flight = -128 msec
1980-01-07 13:13:52 INFO  clocks.c:460                 Clock difference = -142 msec
1980-01-07 13:13:52 INFO  clocks.c:461       so local clock is lagging by  14 msec
1980-01-07 13:13:52 INFO  clocks.c:450 Local synchronized clock will be forwarded by 0.016 seconds
1980-01-07 13:13:52 INFO  clocks.c:455   because: remote clock was 36.1140 seconds
1980-01-07 13:13:52 INFO  clocks.c:456                          at iTOW = 134050840
1980-01-07 13:13:52 INFO  clocks.c:457              local clock is 35.9700 seconds
1980-01-07 13:13:52 INFO  clocks.c:458                          at iTOW = 134050715
1980-01-07 13:13:52 INFO  clocks.c:459         Estimated time of flight = -128 msec
1980-01-07 13:13:52 INFO  clocks.c:460                 Clock difference = -143 msec
1980-01-07 13:13:52 INFO  clocks.c:461       so local clock is lagging by  15 msec
1980-01-07 13:13:52 INFO  clocks.c:450 Local synchronized clock will be forwarded by 0.011 seconds
1980-01-07 13:13:52 INFO  clocks.c:455   because: remote clock was 36.3360 seconds
1980-01-07 13:13:52 INFO  clocks.c:456                          at iTOW = 134051043
1980-01-07 13:13:52 INFO  clocks.c:457              local clock is 36.1975 seconds
1980-01-07 13:13:52 INFO  clocks.c:458                          at iTOW = 134050927
1980-01-07 13:13:52 INFO  clocks.c:459         Estimated time of flight = -128 msec
1980-01-07 13:13:52 INFO  clocks.c:460                 Clock difference = -138 msec
1980-01-07 13:13:52 INFO  clocks.c:461       so local clock is lagging by  10 msec
1980-01-07 13:13:53 INFO  clocks.c:450 Local synchronized clock will be forwarded by 0.020 seconds
1980-01-07 13:13:53 INFO  clocks.c:455   because: remote clock was 36.7540 seconds
1980-01-07 13:13:53 INFO  clocks.c:456                          at iTOW = 134051450
1980-01-07 13:13:53 INFO  clocks.c:457              local clock is 36.6065 seconds
1980-01-07 13:13:53 INFO  clocks.c:458                          at iTOW = 134051325
1980-01-07 13:13:53 INFO  clocks.c:459         Estimated time of flight = -128 msec
1980-01-07 13:13:53 INFO  clocks.c:460                 Clock difference = -147 msec
1980-01-07 13:13:53 INFO  clocks.c:461       so local clock is lagging by  19 msec
1980-01-07 13:13:53 INFO  clocks.c:450 Local synchronized clock will be forwarded by 0.022 seconds
1980-01-07 13:13:53 INFO  clocks.c:455   because: remote clock was 36.8760 seconds
1980-01-07 13:13:53 INFO  clocks.c:456                          at iTOW = 134051551
1980-01-07 13:13:53 INFO  clocks.c:457              local clock is 36.7260 seconds
1980-01-07 13:13:53 INFO  clocks.c:458                          at iTOW = 134051425
1980-01-07 13:13:53 INFO  clocks.c:459         Estimated time of flight = -128 msec
1980-01-07 13:13:53 INFO  clocks.c:460                 Clock difference = -149 msec
1980-01-07 13:13:53 INFO  clocks.c:461       so local clock is lagging by  21 msec
1980-01-07 13:13:53 INFO  clocks.c:450 Local synchronized clock will be forwarded by 0.025 seconds
1980-01-07 13:13:53 INFO  clocks.c:455   because: remote clock was 37.3010 seconds
1980-01-07 13:13:53 INFO  clocks.c:456                          at iTOW = 134051952
1980-01-07 13:13:53 INFO  clocks.c:457              local clock is 37.1481 seconds
1980-01-07 13:13:53 INFO  clocks.c:458                          at iTOW = 134051826
1980-01-07 13:13:53 INFO  clocks.c:459         Estimated time of flight = -128 msec
1980-01-07 13:13:53 INFO  clocks.c:460                 Clock difference = -152 msec
1980-01-07 13:13:53 INFO  clocks.c:461       so local clock is lagging by  24 msec
1980-01-07 13:13:54 INFO  clocks.c:450 Local synchronized clock will be forwarded by 0.011 seconds
1980-01-07 13:13:54 INFO  clocks.c:455   because: remote clock was 37.9220 seconds
1980-01-07 13:13:54 INFO  clocks.c:456                          at iTOW = 134052557
1980-01-07 13:13:54 INFO  clocks.c:457              local clock is 37.7830 seconds
1980-01-07 13:13:54 INFO  clocks.c:458                          at iTOW = 134052436
1980-01-07 13:13:54 INFO  clocks.c:459         Estimated time of flight = -128 msec
1980-01-07 13:13:54 INFO  clocks.c:460                 Clock difference = -139 msec
1980-01-07 13:13:54 INFO  clocks.c:461       so local clock is lagging by  11 msec
1980-01-07 13:13:54 INFO  clocks.c:450 Local synchronized clock will be forwarded by 0.011 seconds
1980-01-07 13:13:54 INFO  clocks.c:455   because: remote clock was 38.0330 seconds
1980-01-07 13:13:54 INFO  clocks.c:456                          at iTOW = 134052656
1980-01-07 13:13:54 INFO  clocks.c:457              local clock is 37.8939 seconds
1980-01-07 13:13:54 INFO  clocks.c:458                          at iTOW = 134052535
1980-01-07 13:13:54 INFO  clocks.c:459         Estimated time of flight = -128 msec
1980-01-07 13:13:54 INFO  clocks.c:460                 Clock difference = -139 msec
1980-01-07 13:13:54 INFO  clocks.c:461       so local clock is lagging by  11 msec
1980-01-07 13:13:55 INFO  clocks.c:450 Local synchronized clock will be forwarded by 0.012 seconds
1980-01-07 13:13:55 INFO  clocks.c:455   because: remote clock was 39.0550 seconds
1980-01-07 13:13:55 INFO  clocks.c:456                          at iTOW = 134053667
1980-01-07 13:13:55 INFO  clocks.c:457              local clock is 38.9150 seconds
1980-01-07 13:13:55 INFO  clocks.c:458                          at iTOW = 134053545
1980-01-07 13:13:55 INFO  clocks.c:459         Estimated time of flight = -128 msec
1980-01-07 13:13:55 INFO  clocks.c:460                 Clock difference = -139 msec
1980-01-07 13:13:55 INFO  clocks.c:461       so local clock is lagging by  11 msec
1980-01-07 13:13:56 INFO  clocks.c:450 Local synchronized clock will be forwarded by 0.011 seconds
1980-01-07 13:13:56 INFO  clocks.c:455   because: remote clock was 40.0760 seconds
1980-01-07 13:13:56 INFO  clocks.c:456                          at iTOW = 134054676
1980-01-07 13:13:56 INFO  clocks.c:457              local clock is 39.9370 seconds
1980-01-07 13:13:56 INFO  clocks.c:458                          at iTOW = 134054555
1980-01-07 13:13:56 INFO  clocks.c:459         Estimated time of flight = -128 msec
1980-01-07 13:13:56 INFO  clocks.c:460                 Clock difference = -139 msec
1980-01-07 13:13:56 INFO  clocks.c:461       so local clock is lagging by  11 msec
1980-01-07 13:13:58 INFO  clocks.c:450 Local synchronized clock will be forwarded by 0.013 seconds
1980-01-07 13:13:58 INFO  clocks.c:455   because: remote clock was 41.7890 seconds
1980-01-07 13:13:58 INFO  clocks.c:456                          at iTOW = 134056379
1980-01-07 13:13:58 INFO  clocks.c:457              local clock is 41.6480 seconds
1980-01-07 13:13:58 INFO  clocks.c:458                          at iTOW = 134056255
1980-01-07 13:13:58 INFO  clocks.c:459         Estimated time of flight = -128 msec
1980-01-07 13:13:58 INFO  clocks.c:460                 Clock difference = -141 msec
1980-01-07 13:13:58 INFO  clocks.c:461       so local clock is lagging by  13 msec
1980-01-07 13:13:58 INFO  clocks.c:450 Local synchronized clock will be forwarded by 0.016 seconds
1980-01-07 13:13:58 INFO  clocks.c:455   because: remote clock was 42.0050 seconds
1980-01-07 13:13:58 INFO  clocks.c:456                          at iTOW = 134056581
1980-01-07 13:13:58 INFO  clocks.c:457              local clock is 41.8611 seconds
1980-01-07 13:13:58 INFO  clocks.c:458                          at iTOW = 134056456
1980-01-07 13:13:58 INFO  clocks.c:459         Estimated time of flight = -128 msec
1980-01-07 13:13:58 INFO  clocks.c:460                 Clock difference = -143 msec
1980-01-07 13:13:58 INFO  clocks.c:461       so local clock is lagging by  15 msec
1980-01-07 13:13:58 WARN  algorithms/waypoint.c:1099 Drift from waypoint is large (3.03 > 3.00 m)
1980-01-07 13:13:58 INFO  clocks.c:450 Local synchronized clock will be forwarded by 0.016 seconds
1980-01-07 13:13:58 INFO  clocks.c:455   because: remote clock was 42.4310 seconds
1980-01-07 13:13:58 INFO  clocks.c:456                          at iTOW = 134056986
1980-01-07 13:13:58 INFO  clocks.c:457              local clock is 42.2869 seconds
1980-01-07 13:13:58 INFO  clocks.c:458                          at iTOW = 134056865
1980-01-07 13:13:58 INFO  clocks.c:459         Estimated time of flight = -128 msec
1980-01-07 13:13:58 INFO  clocks.c:460                 Clock difference = -144 msec
1980-01-07 13:13:58 INFO  clocks.c:461       so local clock is lagging by  16 msec
1980-01-07 13:13:59 INFO  clocks.c:450 Local synchronized clock will be forwarded by 0.015 seconds
1980-01-07 13:13:59 INFO  clocks.c:455   because: remote clock was 42.9560 seconds
1980-01-07 13:13:59 INFO  clocks.c:456                          at iTOW = 134057492
1980-01-07 13:13:59 INFO  clocks.c:457              local clock is 42.8131 seconds
1980-01-07 13:13:59 INFO  clocks.c:458                          at iTOW = 134057376
1980-01-07 13:13:59 INFO  clocks.c:459         Estimated time of flight = -128 msec
1980-01-07 13:13:59 INFO  clocks.c:460                 Clock difference = -142 msec
1980-01-07 13:13:59 INFO  clocks.c:461       so local clock is lagging by  14 msec
1980-01-07 13:14:00 INFO  algorithms/waypoint.c:1104 Drift from waypoint is under threshold again
1980-01-07 13:14:00 INFO  clocks.c:450 Local synchronized clock will be forwarded by 0.021 seconds
1980-01-07 13:14:00 INFO  clocks.c:455   because: remote clock was 44.5870 seconds
1980-01-07 13:14:00 INFO  clocks.c:456                          at iTOW = 134059107
1980-01-07 13:14:00 INFO  clocks.c:457              local clock is 44.4380 seconds
1980-01-07 13:14:00 INFO  clocks.c:458                          at iTOW = 134058986
1980-01-07 13:14:00 INFO  clocks.c:459         Estimated time of flight = -128 msec
1980-01-07 13:14:00 INFO  clocks.c:460                 Clock difference = -149 msec
1980-01-07 13:14:00 INFO  clocks.c:461       so local clock is lagging by  21 msec
1980-01-07 13:14:01 INFO  clocks.c:450 Local synchronized clock will be forwarded by 0.022 seconds
1980-01-07 13:14:01 INFO  clocks.c:455   because: remote clock was 44.6450 seconds
1980-01-07 13:14:01 INFO  clocks.c:456                          at iTOW = 134059147
1980-01-07 13:14:01 INFO  clocks.c:457              local clock is 44.5589 seconds
1980-01-07 13:14:01 INFO  clocks.c:458                          at iTOW = 134059085
1980-01-07 13:14:01 INFO  clocks.c:459         Estimated time of flight = -64 msec
1980-01-07 13:14:01 INFO  clocks.c:460                 Clock difference = -86 msec
1980-01-07 13:14:01 INFO  clocks.c:461       so local clock is lagging by  22 msec
1980-01-07 13:14:01 INFO  clocks.c:450 Local synchronized clock will be forwarded by 0.030 seconds
1980-01-07 13:14:01 INFO  clocks.c:455   because: remote clock was 44.9390 seconds
1980-01-07 13:14:01 INFO  clocks.c:456                          at iTOW = 134059415
1980-01-07 13:14:01 INFO  clocks.c:457              local clock is 44.7811 seconds
1980-01-07 13:14:01 INFO  clocks.c:458                          at iTOW = 134059286
1980-01-07 13:14:01 INFO  clocks.c:459         Estimated time of flight = -128 msec
1980-01-07 13:14:01 INFO  clocks.c:460                 Clock difference = -157 msec
1980-01-07 13:14:01 INFO  clocks.c:461       so local clock is lagging by  29 msec
1980-01-07 13:14:03 INFO  clocks.c:450 Local synchronized clock will be forwarded by 0.033 seconds
1980-01-07 13:14:03 INFO  clocks.c:455   because: remote clock was 47.2010 seconds
1980-01-07 13:14:03 INFO  clocks.c:456                          at iTOW = 134061647
1980-01-07 13:14:03 INFO  clocks.c:457              local clock is 47.0402 seconds
1980-01-07 13:14:03 INFO  clocks.c:458                          at iTOW = 134061515
1980-01-07 13:14:03 INFO  clocks.c:459         Estimated time of flight = -128 msec
1980-01-07 13:14:03 INFO  clocks.c:460                 Clock difference = -160 msec
1980-01-07 13:14:03 INFO  clocks.c:461       so local clock is lagging by  32 msec
1980-01-07 13:14:03 INFO  clocks.c:450 Local synchronized clock will be forwarded by 0.023 seconds
1980-01-07 13:14:03 INFO  clocks.c:455   because: remote clock was 47.2610 seconds
1980-01-07 13:14:03 INFO  clocks.c:456                          at iTOW = 134061707
1980-01-07 13:14:03 INFO  clocks.c:457              local clock is 47.1738 seconds
1980-01-07 13:14:03 INFO  clocks.c:458                          at iTOW = 134061616
1980-01-07 13:14:03 INFO  clocks.c:459         Estimated time of flight = -64 msec
1980-01-07 13:14:03 INFO  clocks.c:460                 Clock difference = -87 msec
1980-01-07 13:14:03 INFO  clocks.c:461       so local clock is lagging by  23 msec
1980-01-07 13:14:04 INFO  clocks.c:450 Local synchronized clock will be forwarded by 0.019 seconds
1980-01-07 13:14:04 INFO  clocks.c:455   because: remote clock was 48.2440 seconds
1980-01-07 13:14:04 INFO  clocks.c:456                          at iTOW = 134062635
1980-01-07 13:14:04 INFO  clocks.c:457              local clock is 48.0970 seconds
1980-01-07 13:14:04 INFO  clocks.c:458                          at iTOW = 134062516
1980-01-07 13:14:04 INFO  clocks.c:459         Estimated time of flight = -128 msec
1980-01-07 13:14:04 INFO  clocks.c:460                 Clock difference = -147 msec
1980-01-07 13:14:04 INFO  clocks.c:461       so local clock is lagging by  19 msec
1980-01-07 13:14:05 INFO  clocks.c:450 Local synchronized clock will be forwarded by 0.030 seconds
1980-01-07 13:14:05 INFO  clocks.c:455   because: remote clock was 48.8070 seconds
1980-01-07 13:14:05 INFO  clocks.c:456                          at iTOW = 134063198
1980-01-07 13:14:05 INFO  clocks.c:457              local clock is 48.7129 seconds
1980-01-07 13:14:05 INFO  clocks.c:458                          at iTOW = 134063112
1980-01-07 13:14:05 INFO  clocks.c:459         Estimated time of flight = -64 msec
1980-01-07 13:14:05 INFO  clocks.c:460                 Clock difference = -94 msec
1980-01-07 13:14:05 INFO  clocks.c:461       so local clock is lagging by  30 msec
1980-01-07 13:14:06 INFO  clocks.c:450 Local synchronized clock will be forwarded by 0.032 seconds
1980-01-07 13:14:06 INFO  clocks.c:455   because: remote clock was 49.7480 seconds
1980-01-07 13:14:06 INFO  clocks.c:456                          at iTOW = 134064108
1980-01-07 13:14:06 INFO  clocks.c:457              local clock is 49.6518 seconds
1980-01-07 13:14:06 INFO  clocks.c:458                          at iTOW = 134064021
1980-01-07 13:14:06 INFO  clocks.c:459         Estimated time of flight = -64 msec
1980-01-07 13:14:06 INFO  clocks.c:460                 Clock difference = -96 msec
1980-01-07 13:14:06 INFO  clocks.c:461       so local clock is lagging by  32 msec
1980-01-07 13:14:06 INFO  clocks.c:450 Local synchronized clock will be forwarded by 0.015 seconds
1980-01-07 13:14:06 INFO  clocks.c:455   because: remote clock was 50.0310 seconds
1980-01-07 13:14:06 INFO  clocks.c:456                          at iTOW = 134064350
1980-01-07 13:14:06 INFO  clocks.c:457              local clock is 49.8884 seconds
1980-01-07 13:14:06 INFO  clocks.c:458                          at iTOW = 134064226
1980-01-07 13:14:06 INFO  clocks.c:459         Estimated time of flight = -128 msec
1980-01-07 13:14:06 INFO  clocks.c:460                 Clock difference = -142 msec
1980-01-07 13:14:06 INFO  clocks.c:461       so local clock is lagging by  14 msec
1980-01-07 13:14:06 INFO  clocks.c:450 Local synchronized clock will be forwarded by 0.016 seconds
1980-01-07 13:14:06 INFO  clocks.c:455   because: remote clock was 50.3470 seconds
1980-01-07 13:14:06 INFO  clocks.c:456                          at iTOW = 134064651
1980-01-07 13:14:06 INFO  clocks.c:457              local clock is 50.2029 seconds
1980-01-07 13:14:06 INFO  clocks.c:458                          at iTOW = 134064525
1980-01-07 13:14:06 INFO  clocks.c:459         Estimated time of flight = -128 msec
1980-01-07 13:14:06 INFO  clocks.c:460                 Clock difference = -144 msec
1980-01-07 13:14:06 INFO  clocks.c:461       so local clock is lagging by  16 msec
1980-01-07 13:14:06 INFO  clocks.c:450 Local synchronized clock will be forwarded by 0.025 seconds
1980-01-07 13:14:06 INFO  clocks.c:455   because: remote clock was 50.7720 seconds
1980-01-07 13:14:06 INFO  clocks.c:456                          at iTOW = 134065052
1980-01-07 13:14:06 INFO  clocks.c:457              local clock is 50.6190 seconds
1980-01-07 13:14:06 INFO  clocks.c:458                          at iTOW = 134064925
1980-01-07 13:14:06 INFO  clocks.c:459         Estimated time of flight = -128 msec
1980-01-07 13:14:06 INFO  clocks.c:460                 Clock difference = -153 msec
1980-01-07 13:14:06 INFO  clocks.c:461       so local clock is lagging by  25 msec
1980-01-07 13:14:07 INFO  clocks.c:450 Local synchronized clock will be forwarded by 0.018 seconds
1980-01-07 13:14:07 INFO  clocks.c:455   because: remote clock was 50.8900 seconds
1980-01-07 13:14:07 INFO  clocks.c:456                          at iTOW = 134065152
1980-01-07 13:14:07 INFO  clocks.c:457              local clock is 50.7442 seconds
1980-01-07 13:14:07 INFO  clocks.c:458                          at iTOW = 134065026
1980-01-07 13:14:07 INFO  clocks.c:459         Estimated time of flight = -128 msec
1980-01-07 13:14:07 INFO  clocks.c:460                 Clock difference = -145 msec
1980-01-07 13:14:07 INFO  clocks.c:461       so local clock is lagging by  17 msec
1980-01-07 13:14:08 INFO  clocks.c:450 Local synchronized clock will be forwarded by 0.030 seconds
1980-01-07 13:14:08 INFO  clocks.c:455   because: remote clock was 51.9550 seconds
1980-01-07 13:14:08 INFO  clocks.c:456                          at iTOW = 134066200
1980-01-07 13:14:08 INFO  clocks.c:457              local clock is 51.8609 seconds
1980-01-07 13:14:08 INFO  clocks.c:458                          at iTOW = 134066124
1980-01-07 13:14:08 INFO  clocks.c:459         Estimated time of flight = -64 msec
1980-01-07 13:14:08 INFO  clocks.c:460                 Clock difference = -94 msec
1980-01-07 13:14:08 INFO  clocks.c:461       so local clock is lagging by  30 msec
1980-01-07 13:14:08 INFO  clocks.c:450 Local synchronized clock will be forwarded by 0.021 seconds
1980-01-07 13:14:08 INFO  clocks.c:455   because: remote clock was 52.2400 seconds
1980-01-07 13:14:08 INFO  clocks.c:456                          at iTOW = 134066449
1980-01-07 13:14:08 INFO  clocks.c:457              local clock is 52.0911 seconds
1980-01-07 13:14:08 INFO  clocks.c:458                          at iTOW = 134066325
1980-01-07 13:14:08 INFO  clocks.c:459         Estimated time of flight = -128 msec
1980-01-07 13:14:08 INFO  clocks.c:460                 Clock difference = -148 msec
1980-01-07 13:14:08 INFO  clocks.c:461       so local clock is lagging by  20 msec
1980-01-07 13:14:08 INFO  clocks.c:450 Local synchronized clock will be forwarded by 0.019 seconds
1980-01-07 13:14:08 INFO  clocks.c:455   because: remote clock was 52.4640 seconds
1980-01-07 13:14:08 INFO  clocks.c:456                          at iTOW = 134066649
1980-01-07 13:14:08 INFO  clocks.c:457              local clock is 52.3170 seconds
1980-01-07 13:14:08 INFO  clocks.c:458                          at iTOW = 134066530
1980-01-07 13:14:08 INFO  clocks.c:459         Estimated time of flight = -128 msec
1980-01-07 13:14:08 INFO  clocks.c:460                 Clock difference = -146 msec
1980-01-07 13:14:08 INFO  clocks.c:461       so local clock is lagging by  18 msec
1980-01-07 13:14:09 INFO  clocks.c:450 Local synchronized clock will be forwarded by 0.011 seconds
1980-01-07 13:14:09 INFO  clocks.c:455   because: remote clock was 53.1830 seconds
1980-01-07 13:14:09 INFO  clocks.c:456                          at iTOW = 134067350
1980-01-07 13:14:09 INFO  clocks.c:457              local clock is 53.0439 seconds
1980-01-07 13:14:09 INFO  clocks.c:458                          at iTOW = 134067237
1980-01-07 13:14:09 INFO  clocks.c:459         Estimated time of flight = -128 msec
1980-01-07 13:14:09 INFO  clocks.c:460                 Clock difference = -139 msec
1980-01-07 13:14:09 INFO  clocks.c:461       so local clock is lagging by  11 msec
1980-01-07 13:14:09 INFO  clocks.c:450 Local synchronized clock will be forwarded by 0.012 seconds
1980-01-07 13:14:09 INFO  clocks.c:455   because: remote clock was 53.4970 seconds
1980-01-07 13:14:09 INFO  clocks.c:456                          at iTOW = 134067653
1980-01-07 13:14:09 INFO  clocks.c:457              local clock is 53.3567 seconds
1980-01-07 13:14:09 INFO  clocks.c:458                          at iTOW = 134067539
1980-01-07 13:14:09 INFO  clocks.c:459         Estimated time of flight = -128 msec
1980-01-07 13:14:09 INFO  clocks.c:460                 Clock difference = -140 msec
1980-01-07 13:14:09 INFO  clocks.c:461       so local clock is lagging by  12 msec
1980-01-07 13:14:09 INFO  clocks.c:450 Local synchronized clock will be forwarded by 0.010 seconds
1980-01-07 13:14:09 INFO  clocks.c:455   because: remote clock was 53.7120 seconds
1980-01-07 13:14:09 INFO  clocks.c:456                          at iTOW = 134067855
1980-01-07 13:14:09 INFO  clocks.c:457              local clock is 53.5735 seconds
1980-01-07 13:14:09 INFO  clocks.c:458                          at iTOW = 134067744
1980-01-07 13:14:09 INFO  clocks.c:459         Estimated time of flight = -128 msec
1980-01-07 13:14:09 INFO  clocks.c:460                 Clock difference = -138 msec
1980-01-07 13:14:09 INFO  clocks.c:461       so local clock is lagging by  10 msec
1980-01-07 13:14:10 INFO  clocks.c:450 Local synchronized clock will be forwarded by 0.010 seconds
1980-01-07 13:14:10 INFO  clocks.c:455   because: remote clock was 54.4240 seconds
1980-01-07 13:14:10 INFO  clocks.c:456                          at iTOW = 134068567
1980-01-07 13:14:10 INFO  clocks.c:457              local clock is 54.2856 seconds
1980-01-07 13:14:10 INFO  clocks.c:458                          at iTOW = 134068445
1980-01-07 13:14:10 INFO  clocks.c:459         Estimated time of flight = -128 msec
1980-01-07 13:14:10 INFO  clocks.c:460                 Clock difference = -138 msec
1980-01-07 13:14:10 INFO  clocks.c:461       so local clock is lagging by  10 msec
1980-01-07 13:14:10 INFO  clocks.c:450 Local synchronized clock will be forwarded by 0.015 seconds
1980-01-07 13:14:10 INFO  clocks.c:455   because: remote clock was 54.9490 seconds
1980-01-07 13:14:10 INFO  clocks.c:456                          at iTOW = 134069072
1980-01-07 13:14:10 INFO  clocks.c:457              local clock is 54.8060 seconds
1980-01-07 13:14:10 INFO  clocks.c:458                          at iTOW = 134068955
1980-01-07 13:14:10 INFO  clocks.c:459         Estimated time of flight = -128 msec
1980-01-07 13:14:10 INFO  clocks.c:460                 Clock difference = -143 msec
1980-01-07 13:14:10 INFO  clocks.c:461       so local clock is lagging by  15 msec
1980-01-07 13:14:11 INFO  clocks.c:450 Local synchronized clock will be forwarded by 0.012 seconds
1980-01-07 13:14:11 INFO  clocks.c:455   because: remote clock was 55.1520 seconds
1980-01-07 13:14:11 INFO  clocks.c:456                          at iTOW = 134069259
1980-01-07 13:14:11 INFO  clocks.c:457              local clock is 55.0120 seconds
1980-01-07 13:14:11 INFO  clocks.c:458                          at iTOW = 134069146
1980-01-07 13:14:11 INFO  clocks.c:459         Estimated time of flight = -128 msec
1980-01-07 13:14:11 INFO  clocks.c:460                 Clock difference = -139 msec
1980-01-07 13:14:11 INFO  clocks.c:461       so local clock is lagging by  11 msec
1980-01-07 13:14:11 INFO  clocks.c:450 Local synchronized clock will be forwarded by 0.012 seconds
1980-01-07 13:14:11 INFO  clocks.c:455   because: remote clock was 55.5720 seconds
1980-01-07 13:14:11 INFO  clocks.c:456                          at iTOW = 134069669
1980-01-07 13:14:11 INFO  clocks.c:457              local clock is 55.4317 seconds
1980-01-07 13:14:11 INFO  clocks.c:458                          at iTOW = 134069554
1980-01-07 13:14:11 INFO  clocks.c:459         Estimated time of flight = -128 msec
1980-01-07 13:14:11 INFO  clocks.c:460                 Clock difference = -140 msec
1980-01-07 13:14:11 INFO  clocks.c:461       so local clock is lagging by  12 msec
1980-01-07 13:14:14 INFO  clocks.c:450 Local synchronized clock will be forwarded by 0.015 seconds
1980-01-07 13:14:14 INFO  clocks.c:455   because: remote clock was 58.6990 seconds
1980-01-07 13:14:14 INFO  clocks.c:456                          at iTOW = 134072785
1980-01-07 13:14:14 INFO  clocks.c:457              local clock is 58.5555 seconds
1980-01-07 13:14:14 INFO  clocks.c:458                          at iTOW = 134072666
1980-01-07 13:14:14 INFO  clocks.c:459         Estimated time of flight = -128 msec
1980-01-07 13:14:14 INFO  clocks.c:460                 Clock difference = -143 msec
1980-01-07 13:14:14 INFO  clocks.c:461       so local clock is lagging by  15 msec
1980-01-07 13:14:16 INFO  clocks.c:450 Local synchronized clock will be forwarded by 0.033 seconds
1980-01-07 13:14:16 INFO  clocks.c:455   because: remote clock was 60.1780 seconds
1980-01-07 13:14:16 INFO  clocks.c:456                          at iTOW = 134074253
1980-01-07 13:14:16 INFO  clocks.c:457              local clock is 60.0807 seconds
1980-01-07 13:14:16 INFO  clocks.c:458                          at iTOW = 134074175
1980-01-07 13:14:16 INFO  clocks.c:459         Estimated time of flight = -64 msec
1980-01-07 13:14:16 INFO  clocks.c:460                 Clock difference = -97 msec
1980-01-07 13:14:16 INFO  clocks.c:461       so local clock is lagging by  33 msec
1980-01-07 13:14:16 INFO  clocks.c:450 Local synchronized clock will be forwarded by 0.018 seconds
1980-01-07 13:14:16 INFO  clocks.c:455   because: remote clock was 60.6600 seconds
1980-01-07 13:14:16 INFO  clocks.c:456                          at iTOW = 134074695
1980-01-07 13:14:16 INFO  clocks.c:457              local clock is 60.5140 seconds
1980-01-07 13:14:16 INFO  clocks.c:458                          at iTOW = 134074575
1980-01-07 13:14:16 INFO  clocks.c:459         Estimated time of flight = -128 msec
1980-01-07 13:14:16 INFO  clocks.c:460                 Clock difference = -146 msec
1980-01-07 13:14:16 INFO  clocks.c:461       so local clock is lagging by  18 msec
1980-01-07 13:14:17 INFO  clocks.c:450 Local synchronized clock will be forwarded by 0.013 seconds
1980-01-07 13:14:17 INFO  clocks.c:455   because: remote clock was 61.1730 seconds
1980-01-07 13:14:17 INFO  clocks.c:456                          at iTOW = 134075197
1980-01-07 13:14:17 INFO  clocks.c:457              local clock is 61.0321 seconds
1980-01-07 13:14:17 INFO  clocks.c:458                          at iTOW = 134075075
1980-01-07 13:14:17 INFO  clocks.c:459         Estimated time of flight = -128 msec
1980-01-07 13:14:17 INFO  clocks.c:460                 Clock difference = -140 msec
1980-01-07 13:14:17 INFO  clocks.c:461       so local clock is lagging by  12 msec
1980-01-07 13:14:17 INFO  clocks.c:450 Local synchronized clock will be forwarded by 0.033 seconds
1980-01-07 13:14:17 INFO  clocks.c:455   because: remote clock was 61.8520 seconds
1980-01-07 13:14:17 INFO  clocks.c:456                          at iTOW = 134075863
1980-01-07 13:14:17 INFO  clocks.c:457              local clock is 61.7550 seconds
1980-01-07 13:14:17 INFO  clocks.c:458                          at iTOW = 134075785
1980-01-07 13:14:17 INFO  clocks.c:459         Estimated time of flight = -64 msec
1980-01-07 13:14:17 INFO  clocks.c:460                 Clock difference = -96 msec
1980-01-07 13:14:17 INFO  clocks.c:461       so local clock is lagging by  32 msec
1980-01-07 13:14:18 INFO  clocks.c:450 Local synchronized clock will be forwarded by 0.010 seconds
1980-01-07 13:14:18 INFO  clocks.c:455   because: remote clock was 62.8460 seconds
1980-01-07 13:14:18 INFO  clocks.c:456                          at iTOW = 134076823
1980-01-07 13:14:18 INFO  clocks.c:457              local clock is 62.7079 seconds
1980-01-07 13:14:18 INFO  clocks.c:458                          at iTOW = 134076705
1980-01-07 13:14:18 INFO  clocks.c:459         Estimated time of flight = -128 msec
1980-01-07 13:14:18 INFO  clocks.c:460                 Clock difference = -138 msec
1980-01-07 13:14:18 INFO  clocks.c:461       so local clock is lagging by  10 msec
1980-01-07 13:14:18 INFO  clocks.c:450 Local synchronized clock will be forwarded by 0.014 seconds
1980-01-07 13:14:18 INFO  clocks.c:455   because: remote clock was 63.0600 seconds
1980-01-07 13:14:18 INFO  clocks.c:456                          at iTOW = 134077024
1980-01-07 13:14:18 INFO  clocks.c:457              local clock is 62.9180 seconds
1980-01-07 13:14:18 INFO  clocks.c:458                          at iTOW = 134076905
1980-01-07 13:14:18 INFO  clocks.c:459         Estimated time of flight = -128 msec
1980-01-07 13:14:18 INFO  clocks.c:460                 Clock difference = -142 msec
1980-01-07 13:14:18 INFO  clocks.c:461       so local clock is lagging by  14 msec
1980-01-07 13:14:19 INFO  clocks.c:450 Local synchronized clock will be forwarded by 0.032 seconds
1980-01-07 13:14:19 INFO  clocks.c:455   because: remote clock was 63.4220 seconds
1980-01-07 13:14:19 INFO  clocks.c:456                          at iTOW = 134077374
1980-01-07 13:14:19 INFO  clocks.c:457              local clock is 63.3264 seconds
1980-01-07 13:14:19 INFO  clocks.c:458                          at iTOW = 134077300
1980-01-07 13:14:19 INFO  clocks.c:459         Estimated time of flight = -64 msec
1980-01-07 13:14:19 INFO  clocks.c:460                 Clock difference = -95 msec
1980-01-07 13:14:19 INFO  clocks.c:461       so local clock is lagging by  31 msec
1980-01-07 13:14:19 INFO  clocks.c:450 Local synchronized clock will be forwarded by 0.051 seconds
1980-01-07 13:14:19 INFO  clocks.c:455   because: remote clock was 63.9780 seconds
1980-01-07 13:14:19 INFO  clocks.c:456                          at iTOW = 134077898
1980-01-07 13:14:19 INFO  clocks.c:457              local clock is 63.8632 seconds
1980-01-07 13:14:19 INFO  clocks.c:458                          at iTOW = 134077805
1980-01-07 13:14:19 INFO  clocks.c:459         Estimated time of flight = -64 msec
1980-01-07 13:14:19 INFO  clocks.c:460                 Clock difference = -114 msec
1980-01-07 13:14:19 INFO  clocks.c:461       so local clock is lagging by  50 msec
1980-01-07 13:14:20 INFO  clocks.c:450 Local synchronized clock will be forwarded by 0.027 seconds
1980-01-07 13:14:20 INFO  clocks.c:455   because: remote clock was 64.4700 seconds
1980-01-07 13:14:20 INFO  clocks.c:456                          at iTOW = 134078332
1980-01-07 13:14:20 INFO  clocks.c:457              local clock is 64.3146 seconds
1980-01-07 13:14:20 INFO  clocks.c:458                          at iTOW = 134078206
1980-01-07 13:14:20 INFO  clocks.c:459         Estimated time of flight = -128 msec
1980-01-07 13:14:20 INFO  clocks.c:460                 Clock difference = -155 msec
1980-01-07 13:14:20 INFO  clocks.c:461       so local clock is lagging by  27 msec
1980-01-07 13:14:20 INFO  clocks.c:450 Local synchronized clock will be forwarded by 0.041 seconds
1980-01-07 13:14:20 INFO  clocks.c:455   because: remote clock was 65.0570 seconds
1980-01-07 13:14:20 INFO  clocks.c:456                          at iTOW = 134078895
1980-01-07 13:14:20 INFO  clocks.c:457              local clock is 64.9519 seconds
1980-01-07 13:14:20 INFO  clocks.c:458                          at iTOW = 134078815
1980-01-07 13:14:20 INFO  clocks.c:459         Estimated time of flight = -64 msec
1980-01-07 13:14:20 INFO  clocks.c:460                 Clock difference = -105 msec
1980-01-07 13:14:20 INFO  clocks.c:461       so local clock is lagging by  41 msec
1980-01-07 13:14:21 INFO  clocks.c:450 Local synchronized clock will be forwarded by 0.011 seconds
1980-01-07 13:14:21 INFO  clocks.c:455   because: remote clock was 65.5320 seconds
1980-01-07 13:14:21 INFO  clocks.c:456                          at iTOW = 134079331
1980-01-07 13:14:21 INFO  clocks.c:457              local clock is 65.3929 seconds
1980-01-07 13:14:21 INFO  clocks.c:458                          at iTOW = 134079215
1980-01-07 13:14:21 INFO  clocks.c:459         Estimated time of flight = -128 msec
1980-01-07 13:14:21 INFO  clocks.c:460                 Clock difference = -139 msec
1980-01-07 13:14:21 INFO  clocks.c:461       so local clock is lagging by  11 msec
1980-01-07 13:14:22 INFO  clocks.c:450 Local synchronized clock will be forwarded by 0.018 seconds
1980-01-07 13:14:22 INFO  clocks.c:455   because: remote clock was 66.9600 seconds
1980-01-07 13:14:22 INFO  clocks.c:456                          at iTOW = 134080747
1980-01-07 13:14:22 INFO  clocks.c:457              local clock is 66.8140 seconds
1980-01-07 13:14:22 INFO  clocks.c:458                          at iTOW = 134080625
1980-01-07 13:14:22 INFO  clocks.c:459         Estimated time of flight = -128 msec
1980-01-07 13:14:22 INFO  clocks.c:460                 Clock difference = -146 msec
1980-01-07 13:14:22 INFO  clocks.c:461       so local clock is lagging by  18 msec
1980-01-07 13:14:23 INFO  clocks.c:450 Local synchronized clock will be forwarded by 0.016 seconds
1980-01-07 13:14:23 INFO  clocks.c:455   because: remote clock was 67.4860 seconds
1980-01-07 13:14:23 INFO  clocks.c:456                          at iTOW = 134081254
1980-01-07 13:14:23 INFO  clocks.c:457              local clock is 67.3420 seconds
1980-01-07 13:14:23 INFO  clocks.c:458                          at iTOW = 134081135
1980-01-07 13:14:23 INFO  clocks.c:459         Estimated time of flight = -128 msec
1980-01-07 13:14:23 INFO  clocks.c:460                 Clock difference = -144 msec
1980-01-07 13:14:23 INFO  clocks.c:461       so local clock is lagging by  16 msec
1980-01-07 13:14:24 INFO  clocks.c:450 Local synchronized clock will be forwarded by 0.016 seconds
1980-01-07 13:14:24 INFO  clocks.c:455   because: remote clock was 68.8050 seconds
1980-01-07 13:14:24 INFO  clocks.c:456                          at iTOW = 134082561
1980-01-07 13:14:24 INFO  clocks.c:457              local clock is 68.6607 seconds
1980-01-07 13:14:24 INFO  clocks.c:458                          at iTOW = 134082438
1980-01-07 13:14:24 INFO  clocks.c:459         Estimated time of flight = -128 msec
1980-01-07 13:14:24 INFO  clocks.c:460                 Clock difference = -144 msec
1980-01-07 13:14:24 INFO  clocks.c:461       so local clock is lagging by  16 msec
1980-01-07 13:14:24 INFO  clocks.c:450 Local synchronized clock will be forwarded by 0.021 seconds
1980-01-07 13:14:24 INFO  clocks.c:455   because: remote clock was 68.9230 seconds
1980-01-07 13:14:24 INFO  clocks.c:456                          at iTOW = 134082660
1980-01-07 13:14:24 INFO  clocks.c:457              local clock is 68.7743 seconds
1980-01-07 13:14:24 INFO  clocks.c:458                          at iTOW = 134082535
1980-01-07 13:14:24 INFO  clocks.c:459         Estimated time of flight = -128 msec
1980-01-07 13:14:24 INFO  clocks.c:460                 Clock difference = -148 msec
1980-01-07 13:14:24 INFO  clocks.c:461       so local clock is lagging by  20 msec
1980-01-07 13:14:24 INFO  clocks.c:450 Local synchronized clock will be forwarded by 0.013 seconds
1980-01-07 13:14:24 INFO  clocks.c:455   because: remote clock was 69.0460 seconds
1980-01-07 13:14:24 INFO  clocks.c:456                          at iTOW = 134082761
1980-01-07 13:14:24 INFO  clocks.c:457              local clock is 68.9050 seconds
1980-01-07 13:14:24 INFO  clocks.c:458                          at iTOW = 134082645
1980-01-07 13:14:24 INFO  clocks.c:459         Estimated time of flight = -128 msec
1980-01-07 13:14:24 INFO  clocks.c:460                 Clock difference = -140 msec
1980-01-07 13:14:24 INFO  clocks.c:461       so local clock is lagging by  12 msec
1980-01-07 13:14:25 INFO  clocks.c:450 Local synchronized clock will be forwarded by 0.011 seconds
1980-01-07 13:14:25 INFO  clocks.c:455   because: remote clock was 70.0640 seconds
1980-01-07 13:14:25 INFO  clocks.c:456                          at iTOW = 134083767
1980-01-07 13:14:25 INFO  clocks.c:457              local clock is 69.9247 seconds
1980-01-07 13:14:25 INFO  clocks.c:458                          at iTOW = 134083652
1980-01-07 13:14:25 INFO  clocks.c:459         Estimated time of flight = -128 msec
1980-01-07 13:14:25 INFO  clocks.c:460                 Clock difference = -139 msec
1980-01-07 13:14:25 INFO  clocks.c:461       so local clock is lagging by  11 msec
1980-01-07 13:14:25 INFO  clocks.c:450 Local synchronized clock will be forwarded by 0.013 seconds
1980-01-07 13:14:25 INFO  clocks.c:455   because: remote clock was 70.3780 seconds
1980-01-07 13:14:25 INFO  clocks.c:456                          at iTOW = 134084081
1980-01-07 13:14:25 INFO  clocks.c:457              local clock is 70.2374 seconds
1980-01-07 13:14:25 INFO  clocks.c:458                          at iTOW = 134083953
1980-01-07 13:14:25 INFO  clocks.c:459         Estimated time of flight = -128 msec
1980-01-07 13:14:25 INFO  clocks.c:460                 Clock difference = -140 msec
1980-01-07 13:14:25 INFO  clocks.c:461       so local clock is lagging by  12 msec
1980-01-07 13:14:26 INFO  clocks.c:450 Local synchronized clock will be forwarded by 0.010 seconds
1980-01-07 13:14:26 INFO  clocks.c:455   because: remote clock was 70.4890 seconds
1980-01-07 13:14:26 INFO  clocks.c:456                          at iTOW = 134084169
1980-01-07 13:14:26 INFO  clocks.c:457              local clock is 70.3506 seconds
1980-01-07 13:14:26 INFO  clocks.c:458                          at iTOW = 134084054
1980-01-07 13:14:26 INFO  clocks.c:459         Estimated time of flight = -128 msec
1980-01-07 13:14:26 INFO  clocks.c:460                 Clock difference = -138 msec
1980-01-07 13:14:26 INFO  clocks.c:461       so local clock is lagging by  10 msec
1980-01-07 13:14:26 INFO  clocks.c:450 Local synchronized clock will be forwarded by 0.014 seconds
1980-01-07 13:14:26 INFO  clocks.c:455   because: remote clock was 71.0040 seconds
1980-01-07 13:14:26 INFO  clocks.c:456                          at iTOW = 134084673
1980-01-07 13:14:26 INFO  clocks.c:457              local clock is 70.8622 seconds
1980-01-07 13:14:26 INFO  clocks.c:458                          at iTOW = 134084555
1980-01-07 13:14:26 INFO  clocks.c:459         Estimated time of flight = -128 msec
1980-01-07 13:14:26 INFO  clocks.c:460                 Clock difference = -141 msec
1980-01-07 13:14:26 INFO  clocks.c:461       so local clock is lagging by  13 msec
1980-01-07 13:14:26 INFO  clocks.c:450 Local synchronized clock will be forwarded by 0.014 seconds
1980-01-07 13:14:26 INFO  clocks.c:455   because: remote clock was 71.2180 seconds
1980-01-07 13:14:26 INFO  clocks.c:456                          at iTOW = 134084874
1980-01-07 13:14:26 INFO  clocks.c:457              local clock is 71.0760 seconds
1980-01-07 13:14:26 INFO  clocks.c:458                          at iTOW = 134084755
1980-01-07 13:14:26 INFO  clocks.c:459         Estimated time of flight = -128 msec
1980-01-07 13:14:26 INFO  clocks.c:460                 Clock difference = -141 msec
1980-01-07 13:14:26 INFO  clocks.c:461       so local clock is lagging by  13 msec
1980-01-07 13:14:26 INFO  clocks.c:450 Local synchronized clock will be forwarded by 0.018 seconds
1980-01-07 13:14:26 INFO  clocks.c:455   because: remote clock was 71.3340 seconds
1980-01-07 13:14:26 INFO  clocks.c:456                          at iTOW = 134084975
1980-01-07 13:14:26 INFO  clocks.c:457              local clock is 71.1879 seconds
1980-01-07 13:14:26 INFO  clocks.c:458                          at iTOW = 134084853
1980-01-07 13:14:26 INFO  clocks.c:459         Estimated time of flight = -128 msec
1980-01-07 13:14:26 INFO  clocks.c:460                 Clock difference = -146 msec
1980-01-07 13:14:26 INFO  clocks.c:461       so local clock is lagging by  18 msec
1980-01-07 13:14:27 INFO  clocks.c:450 Local synchronized clock will be forwarded by 0.024 seconds
1980-01-07 13:14:27 INFO  clocks.c:455   because: remote clock was 71.5960 seconds
1980-01-07 13:14:27 INFO  clocks.c:456                          at iTOW = 134085237
1980-01-07 13:14:27 INFO  clocks.c:457              local clock is 71.5082 seconds
1980-01-07 13:14:27 INFO  clocks.c:458                          at iTOW = 134085155
1980-01-07 13:14:27 INFO  clocks.c:459         Estimated time of flight = -64 msec
1980-01-07 13:14:27 INFO  clocks.c:460                 Clock difference = -87 msec
1980-01-07 13:14:27 INFO  clocks.c:461       so local clock is lagging by  23 msec
1980-01-07 13:14:27 INFO  clocks.c:450 Local synchronized clock will be forwarded by 0.024 seconds
1980-01-07 13:14:27 INFO  clocks.c:455   because: remote clock was 72.4940 seconds
1980-01-07 13:14:27 INFO  clocks.c:456                          at iTOW = 134086094
1980-01-07 13:14:27 INFO  clocks.c:457              local clock is 72.3415 seconds
1980-01-07 13:14:27 INFO  clocks.c:458                          at iTOW = 134085965
1980-01-07 13:14:27 INFO  clocks.c:459         Estimated time of flight = -128 msec
1980-01-07 13:14:27 INFO  clocks.c:460                 Clock difference = -152 msec
1980-01-07 13:14:27 INFO  clocks.c:461       so local clock is lagging by  24 msec
1980-01-07 13:14:28 INFO  clocks.c:450 Local synchronized clock will be forwarded by 0.034 seconds
1980-01-07 13:14:28 INFO  clocks.c:455   because: remote clock was 72.7290 seconds
1980-01-07 13:14:28 INFO  clocks.c:456                          at iTOW = 134086299
1980-01-07 13:14:28 INFO  clocks.c:457              local clock is 72.5668 seconds
1980-01-07 13:14:28 INFO  clocks.c:458                          at iTOW = 134086166
1980-01-07 13:14:28 INFO  clocks.c:459         Estimated time of flight = -128 msec
1980-01-07 13:14:28 INFO  clocks.c:460                 Clock difference = -162 msec
1980-01-07 13:14:28 INFO  clocks.c:461       so local clock is lagging by  34 msec
1980-01-07 13:14:28 INFO  clocks.c:450 Local synchronized clock will be forwarded by 0.017 seconds
1980-01-07 13:14:28 INFO  clocks.c:455   because: remote clock was 73.0460 seconds
1980-01-07 13:14:28 INFO  clocks.c:456                          at iTOW = 134086599
1980-01-07 13:14:28 INFO  clocks.c:457              local clock is 72.9012 seconds
1980-01-07 13:14:28 INFO  clocks.c:458                          at iTOW = 134086466
1980-01-07 13:14:28 INFO  clocks.c:459         Estimated time of flight = -128 msec
1980-01-07 13:14:28 INFO  clocks.c:460                 Clock difference = -144 msec
1980-01-07 13:14:28 INFO  clocks.c:461       so local clock is lagging by  16 msec
1980-01-07 13:14:28 INFO  clocks.c:450 Local synchronized clock will be forwarded by 0.045 seconds
1980-01-07 13:14:28 INFO  clocks.c:455   because: remote clock was 73.5330 seconds
1980-01-07 13:14:28 INFO  clocks.c:456                          at iTOW = 134087067
1980-01-07 13:14:28 INFO  clocks.c:457              local clock is 73.4237 seconds
1980-01-07 13:14:28 INFO  clocks.c:458                          at iTOW = 134086972
1980-01-07 13:14:28 INFO  clocks.c:459         Estimated time of flight = -64 msec
1980-01-07 13:14:28 INFO  clocks.c:460                 Clock difference = -109 msec
1980-01-07 13:14:28 INFO  clocks.c:461       so local clock is lagging by  45 msec
1980-01-07 13:14:30 INFO  clocks.c:450 Local synchronized clock will be forwarded by 0.026 seconds
1980-01-07 13:14:30 INFO  clocks.c:455   because: remote clock was 74.7200 seconds
1980-01-07 13:14:30 INFO  clocks.c:456                          at iTOW = 134088197
1980-01-07 13:14:30 INFO  clocks.c:457              local clock is 74.5657 seconds
1980-01-07 13:14:30 INFO  clocks.c:458                          at iTOW = 134088068
1980-01-07 13:14:30 INFO  clocks.c:459         Estimated time of flight = -128 msec
1980-01-07 13:14:30 INFO  clocks.c:460                 Clock difference = -154 msec
1980-01-07 13:14:30 INFO  clocks.c:461       so local clock is lagging by  26 msec
1980-01-07 13:14:30 INFO  clocks.c:450 Local synchronized clock will be forwarded by 0.018 seconds
1980-01-07 13:14:30 INFO  clocks.c:455   because: remote clock was 75.2540 seconds
1980-01-07 13:14:30 INFO  clocks.c:456                          at iTOW = 134088702
1980-01-07 13:14:30 INFO  clocks.c:457              local clock is 75.1080 seconds
1980-01-07 13:14:30 INFO  clocks.c:458                          at iTOW = 134088584
1980-01-07 13:14:30 INFO  clocks.c:459         Estimated time of flight = -128 msec
1980-01-07 13:14:30 INFO  clocks.c:460                 Clock difference = -145 msec
1980-01-07 13:14:30 INFO  clocks.c:461       so local clock is lagging by  17 msec
1980-01-07 13:14:30 INFO  clocks.c:450 Local synchronized clock will be forwarded by 0.015 seconds
1980-01-07 13:14:30 INFO  clocks.c:455   because: remote clock was 75.5700 seconds
1980-01-07 13:14:30 INFO  clocks.c:456                          at iTOW = 134089003
1980-01-07 13:14:30 INFO  clocks.c:457              local clock is 75.4269 seconds
1980-01-07 13:14:30 INFO  clocks.c:458                          at iTOW = 134088885
1980-01-07 13:14:30 INFO  clocks.c:459         Estimated time of flight = -128 msec
1980-01-07 13:14:30 INFO  clocks.c:460                 Clock difference = -143 msec
1980-01-07 13:14:30 INFO  clocks.c:461       so local clock is lagging by  15 msec
1980-01-07 13:14:31 INFO  clocks.c:450 Local synchronized clock will be forwarded by 0.024 seconds
1980-01-07 13:14:31 INFO  clocks.c:455   because: remote clock was 76.2030 seconds
1980-01-07 13:14:31 INFO  clocks.c:456                          at iTOW = 134089619
1980-01-07 13:14:31 INFO  clocks.c:457              local clock is 76.0513 seconds
1980-01-07 13:14:31 INFO  clocks.c:458                          at iTOW = 134089495
1980-01-07 13:14:31 INFO  clocks.c:459         Estimated time of flight = -128 msec
1980-01-07 13:14:31 INFO  clocks.c:460                 Clock difference = -151 msec
1980-01-07 13:14:31 INFO  clocks.c:461       so local clock is lagging by  23 msec
1980-01-07 13:14:32 INFO  clocks.c:450 Local synchronized clock will be forwarded by 0.025 seconds
1980-01-07 13:14:32 INFO  clocks.c:455   because: remote clock was 76.8650 seconds
1980-01-07 13:14:32 INFO  clocks.c:456                          at iTOW = 134090268
1980-01-07 13:14:32 INFO  clocks.c:457              local clock is 76.7758 seconds
1980-01-07 13:14:32 INFO  clocks.c:458                          at iTOW = 134090195
1980-01-07 13:14:32 INFO  clocks.c:459         Estimated time of flight = -64 msec
1980-01-07 13:14:32 INFO  clocks.c:460                 Clock difference = -89 msec
1980-01-07 13:14:32 INFO  clocks.c:461       so local clock is lagging by  25 msec
1980-01-07 13:14:32 INFO  clocks.c:450 Local synchronized clock will be forwarded by 0.010 seconds
1980-01-07 13:14:32 INFO  clocks.c:455   because: remote clock was 77.3390 seconds
1980-01-07 13:14:32 INFO  clocks.c:456                          at iTOW = 134090715
1980-01-07 13:14:32 INFO  clocks.c:457              local clock is 77.2008 seconds
1980-01-07 13:14:32 INFO  clocks.c:458                          at iTOW = 134090595
1980-01-07 13:14:32 INFO  clocks.c:459         Estimated time of flight = -128 msec
1980-01-07 13:14:32 INFO  clocks.c:460                 Clock difference = -138 msec
1980-01-07 13:14:32 INFO  clocks.c:461       so local clock is lagging by  10 msec
1980-01-07 13:14:32 INFO  clocks.c:450 Local synchronized clock will be forwarded by 0.024 seconds
1980-01-07 13:14:32 INFO  clocks.c:455   because: remote clock was 77.3990 seconds
1980-01-07 13:14:32 INFO  clocks.c:456                          at iTOW = 134090775
1980-01-07 13:14:32 INFO  clocks.c:457              local clock is 77.3110 seconds
1980-01-07 13:14:32 INFO  clocks.c:458                          at iTOW = 134090695
1980-01-07 13:14:32 INFO  clocks.c:459         Estimated time of flight = -64 msec
1980-01-07 13:14:32 INFO  clocks.c:460                 Clock difference = -87 msec
1980-01-07 13:14:32 INFO  clocks.c:461       so local clock is lagging by  23 msec
1980-01-07 13:14:32 INFO  clocks.c:450 Local synchronized clock will be forwarded by 0.013 seconds
1980-01-07 13:14:32 INFO  clocks.c:455   because: remote clock was 77.5760 seconds
1980-01-07 13:14:32 INFO  clocks.c:456                          at iTOW = 134090917
1980-01-07 13:14:32 INFO  clocks.c:457              local clock is 77.4350 seconds
1980-01-07 13:14:32 INFO  clocks.c:458                          at iTOW = 134090795
1980-01-07 13:14:32 INFO  clocks.c:459         Estimated time of flight = -128 msec
1980-01-07 13:14:32 INFO  clocks.c:460                 Clock difference = -140 msec
1980-01-07 13:14:32 INFO  clocks.c:461       so local clock is lagging by  12 msec
1980-01-07 13:14:32 INFO  clocks.c:450 Local synchronized clock will be forwarded by 0.037 seconds
1980-01-07 13:14:32 INFO  clocks.c:455   because: remote clock was 77.6490 seconds
1980-01-07 13:14:32 INFO  clocks.c:456                          at iTOW = 134090977
1980-01-07 13:14:32 INFO  clocks.c:457              local clock is 77.5479 seconds
1980-01-07 13:14:32 INFO  clocks.c:458                          at iTOW = 134090895
1980-01-07 13:14:32 INFO  clocks.c:459         Estimated time of flight = -64 msec
1980-01-07 13:14:32 INFO  clocks.c:460                 Clock difference = -101 msec
1980-01-07 13:14:32 INFO  clocks.c:461       so local clock is lagging by  37 msec
1980-01-07 13:14:32 INFO  clocks.c:450 Local synchronized clock will be forwarded by 0.015 seconds
1980-01-07 13:14:32 INFO  clocks.c:455   because: remote clock was 77.8280 seconds
1980-01-07 13:14:32 INFO  clocks.c:456                          at iTOW = 134091119
1980-01-07 13:14:32 INFO  clocks.c:457              local clock is 77.6850 seconds
1980-01-07 13:14:32 INFO  clocks.c:458                          at iTOW = 134090995
1980-01-07 13:14:32 INFO  clocks.c:459         Estimated time of flight = -128 msec
1980-01-07 13:14:32 INFO  clocks.c:460                 Clock difference = -143 msec
1980-01-07 13:14:32 INFO  clocks.c:461       so local clock is lagging by  15 msec
1980-01-07 13:14:33 INFO  clocks.c:450 Local synchronized clock will be forwarded by 0.022 seconds
1980-01-07 13:14:33 INFO  clocks.c:455   because: remote clock was 77.9490 seconds
1980-01-07 13:14:33 INFO  clocks.c:456                          at iTOW = 134091228
1980-01-07 13:14:33 INFO  clocks.c:457              local clock is 77.7994 seconds
1980-01-07 13:14:33 INFO  clocks.c:458                          at iTOW = 134091095
1980-01-07 13:14:33 INFO  clocks.c:459         Estimated time of flight = -128 msec
1980-01-07 13:14:33 INFO  clocks.c:460                 Clock difference = -149 msec
1980-01-07 13:14:33 INFO  clocks.c:461       so local clock is lagging by  21 msec
1980-01-07 13:14:33 INFO  autopilots/pixhawk/driver.c:1721 statustext: RCInput: decoding UNKNOWN (severity: 7 - DEBUG)
1980-01-07 13:14:33 INFO  autopilots/pixhawk/driver.c:1721 statustext: RCInput: decoding PX4IO_PPM (severity: 7 - DEBUG)
1980-01-07 13:14:33 INFO  clocks.c:450 Local synchronized clock will be forwarded by 0.023 seconds
1980-01-07 13:14:33 INFO  clocks.c:455   because: remote clock was 78.6730 seconds
1980-01-07 13:14:33 INFO  clocks.c:456                          at iTOW = 134091917
1980-01-07 13:14:33 INFO  clocks.c:457              local clock is 78.5216 seconds
1980-01-07 13:14:33 INFO  clocks.c:458                          at iTOW = 134091795
1980-01-07 13:14:33 INFO  clocks.c:459         Estimated time of flight = -128 msec
1980-01-07 13:14:33 INFO  clocks.c:460                 Clock difference = -151 msec
1980-01-07 13:14:33 INFO  clocks.c:461       so local clock is lagging by  23 msec
1980-01-07 13:14:34 INFO  clocks.c:450 Local synchronized clock will be forwarded by 0.052 seconds
1980-01-07 13:14:34 INFO  clocks.c:455   because: remote clock was 79.1610 seconds
1980-01-07 13:14:34 INFO  clocks.c:456                          at iTOW = 134092387
1980-01-07 13:14:34 INFO  clocks.c:457              local clock is 79.0453 seconds
1980-01-07 13:14:34 INFO  clocks.c:458                          at iTOW = 134092296
1980-01-07 13:14:34 INFO  clocks.c:459         Estimated time of flight = -64 msec
1980-01-07 13:14:34 INFO  clocks.c:460                 Clock difference = -115 msec
1980-01-07 13:14:34 INFO  clocks.c:461       so local clock is lagging by  51 msec
1980-01-07 13:14:35 INFO  clocks.c:450 Local synchronized clock will be forwarded by 0.012 seconds
1980-01-07 13:14:35 INFO  clocks.c:455   because: remote clock was 79.9470 seconds
1980-01-07 13:14:35 INFO  clocks.c:456                          at iTOW = 134093131
1980-01-07 13:14:35 INFO  clocks.c:457              local clock is 79.8067 seconds
1980-01-07 13:14:35 INFO  clocks.c:458                          at iTOW = 134093005
1980-01-07 13:14:35 INFO  clocks.c:459         Estimated time of flight = -128 msec
1980-01-07 13:14:35 INFO  clocks.c:460                 Clock difference = -140 msec
1980-01-07 13:14:35 INFO  clocks.c:461       so local clock is lagging by  12 msec
1980-01-07 13:14:35 INFO  clocks.c:450 Local synchronized clock will be forwarded by 0.011 seconds
1980-01-07 13:14:35 INFO  clocks.c:455   because: remote clock was 80.1580 seconds
1980-01-07 13:14:35 INFO  clocks.c:456                          at iTOW = 134093326
1980-01-07 13:14:35 INFO  clocks.c:457              local clock is 80.0190 seconds
1980-01-07 13:14:35 INFO  clocks.c:458                          at iTOW = 134093205
1980-01-07 13:14:35 INFO  clocks.c:459         Estimated time of flight = -128 msec
1980-01-07 13:14:35 INFO  clocks.c:460                 Clock difference = -138 msec
1980-01-07 13:14:35 INFO  clocks.c:461       so local clock is lagging by  10 msec
1980-01-07 13:14:35 INFO  clocks.c:450 Local synchronized clock will be forwarded by 0.016 seconds
1980-01-07 13:14:35 INFO  clocks.c:455   because: remote clock was 80.5750 seconds
1980-01-07 13:14:35 INFO  clocks.c:456                          at iTOW = 134093730
1980-01-07 13:14:35 INFO  clocks.c:457              local clock is 80.4309 seconds
1980-01-07 13:14:35 INFO  clocks.c:458                          at iTOW = 134093606
1980-01-07 13:14:35 INFO  clocks.c:459         Estimated time of flight = -128 msec
1980-01-07 13:14:35 INFO  clocks.c:460                 Clock difference = -144 msec
1980-01-07 13:14:35 INFO  clocks.c:461       so local clock is lagging by  16 msec
1980-01-07 13:14:35 INFO  clocks.c:450 Local synchronized clock will be forwarded by 0.017 seconds
1980-01-07 13:14:35 INFO  clocks.c:455   because: remote clock was 80.8910 seconds
1980-01-07 13:14:35 INFO  clocks.c:456                          at iTOW = 134094031
1980-01-07 13:14:35 INFO  clocks.c:457              local clock is 80.7460 seconds
1980-01-07 13:14:35 INFO  clocks.c:458                          at iTOW = 134093905
1980-01-07 13:14:35 INFO  clocks.c:459         Estimated time of flight = -128 msec
1980-01-07 13:14:35 INFO  clocks.c:460                 Clock difference = -144 msec
1980-01-07 13:14:35 INFO  clocks.c:461       so local clock is lagging by  16 msec
1980-01-07 13:14:36 INFO  clocks.c:450 Local synchronized clock will be forwarded by 0.018 seconds
1980-01-07 13:14:36 INFO  clocks.c:455   because: remote clock was 81.1090 seconds
1980-01-07 13:14:36 INFO  clocks.c:456                          at iTOW = 134094234
1980-01-07 13:14:36 INFO  clocks.c:457              local clock is 80.9630 seconds
1980-01-07 13:14:36 INFO  clocks.c:458                          at iTOW = 134094105
1980-01-07 13:14:36 INFO  clocks.c:459         Estimated time of flight = -128 msec
1980-01-07 13:14:36 INFO  clocks.c:460                 Clock difference = -145 msec
1980-01-07 13:14:36 INFO  clocks.c:461       so local clock is lagging by  17 msec
1980-01-07 13:14:36 INFO  clocks.c:450 Local synchronized clock will be forwarded by 0.026 seconds
1980-01-07 13:14:36 INFO  clocks.c:455   because: remote clock was 81.6360 seconds
1980-01-07 13:14:36 INFO  clocks.c:456                          at iTOW = 134094736
1980-01-07 13:14:36 INFO  clocks.c:457              local clock is 81.4817 seconds
1980-01-07 13:14:36 INFO  clocks.c:458                          at iTOW = 134094606
1980-01-07 13:14:36 INFO  clocks.c:459         Estimated time of flight = -128 msec
1980-01-07 13:14:36 INFO  clocks.c:460                 Clock difference = -154 msec
1980-01-07 13:14:36 INFO  clocks.c:461       so local clock is lagging by  26 msec
1980-01-07 13:14:36 INFO  clocks.c:450 Local synchronized clock will be forwarded by 0.027 seconds
1980-01-07 13:14:36 INFO  clocks.c:455   because: remote clock was 81.7620 seconds
1980-01-07 13:14:36 INFO  clocks.c:456                          at iTOW = 134094836
1980-01-07 13:14:36 INFO  clocks.c:457              local clock is 81.6073 seconds
1980-01-07 13:14:36 INFO  clocks.c:458                          at iTOW = 134094705
1980-01-07 13:14:36 INFO  clocks.c:459         Estimated time of flight = -128 msec
1980-01-07 13:14:36 INFO  clocks.c:460                 Clock difference = -154 msec
1980-01-07 13:14:36 INFO  clocks.c:461       so local clock is lagging by  26 msec
1980-01-07 13:14:37 INFO  clocks.c:450 Local synchronized clock will be forwarded by 0.016 seconds
1980-01-07 13:14:37 INFO  clocks.c:455   because: remote clock was 82.0240 seconds
1980-01-07 13:14:37 INFO  clocks.c:456                          at iTOW = 134095098
1980-01-07 13:14:37 INFO  clocks.c:457              local clock is 81.9441 seconds
1980-01-07 13:14:37 INFO  clocks.c:458                          at iTOW = 134095015
1980-01-07 13:14:37 INFO  clocks.c:459         Estimated time of flight = -64 msec
1980-01-07 13:14:37 INFO  clocks.c:460                 Clock difference = -79 msec
1980-01-07 13:14:37 INFO  clocks.c:461       so local clock is lagging by  15 msec
1980-01-07 13:14:37 INFO  clocks.c:450 Local synchronized clock will be forwarded by 0.042 seconds
1980-01-07 13:14:37 INFO  clocks.c:455   because: remote clock was 82.1660 seconds
1980-01-07 13:14:37 INFO  clocks.c:456                          at iTOW = 134095198
1980-01-07 13:14:37 INFO  clocks.c:457              local clock is 82.0600 seconds
1980-01-07 13:14:37 INFO  clocks.c:458                          at iTOW = 134095115
1980-01-07 13:14:37 INFO  clocks.c:459         Estimated time of flight = -64 msec
1980-01-07 13:14:37 INFO  clocks.c:460                 Clock difference = -105 msec
1980-01-07 13:14:37 INFO  clocks.c:461       so local clock is lagging by  41 msec
1980-01-07 13:14:37 INFO  clocks.c:450 Local synchronized clock will be forwarded by 0.020 seconds
1980-01-07 13:14:37 INFO  clocks.c:455   because: remote clock was 83.0500 seconds
1980-01-07 13:14:37 INFO  clocks.c:456                          at iTOW = 134096044
1980-01-07 13:14:37 INFO  clocks.c:457              local clock is 82.9020 seconds
1980-01-07 13:14:37 INFO  clocks.c:458                          at iTOW = 134095915
1980-01-07 13:14:37 INFO  clocks.c:459         Estimated time of flight = -128 msec
1980-01-07 13:14:37 INFO  clocks.c:460                 Clock difference = -148 msec
1980-01-07 13:14:37 INFO  clocks.c:461       so local clock is lagging by  20 msec
1980-01-07 13:14:38 INFO  clocks.c:450 Local synchronized clock will be forwarded by 0.023 seconds
1980-01-07 13:14:38 INFO  clocks.c:455   because: remote clock was 83.3730 seconds
1980-01-07 13:14:38 INFO  clocks.c:456                          at iTOW = 134096346
1980-01-07 13:14:38 INFO  clocks.c:457              local clock is 83.2222 seconds
1980-01-07 13:14:38 INFO  clocks.c:458                          at iTOW = 134096216
1980-01-07 13:14:38 INFO  clocks.c:459         Estimated time of flight = -128 msec
1980-01-07 13:14:38 INFO  clocks.c:460                 Clock difference = -150 msec
1980-01-07 13:14:38 INFO  clocks.c:461       so local clock is lagging by  22 msec
1980-01-07 13:14:38 INFO  clocks.c:450 Local synchronized clock will be forwarded by 0.031 seconds
1980-01-07 13:14:38 INFO  clocks.c:455   because: remote clock was 83.7040 seconds
1980-01-07 13:14:38 INFO  clocks.c:456                          at iTOW = 134096649
1980-01-07 13:14:38 INFO  clocks.c:457              local clock is 83.5447 seconds
1980-01-07 13:14:38 INFO  clocks.c:458                          at iTOW = 134096515
1980-01-07 13:14:38 INFO  clocks.c:459         Estimated time of flight = -128 msec
1980-01-07 13:14:38 INFO  clocks.c:460                 Clock difference = -159 msec
1980-01-07 13:14:38 INFO  clocks.c:461       so local clock is lagging by  31 msec
1980-01-07 13:14:39 INFO  clocks.c:450 Local synchronized clock will be forwarded by 0.028 seconds
1980-01-07 13:14:39 INFO  clocks.c:455   because: remote clock was 84.2320 seconds
1980-01-07 13:14:39 INFO  clocks.c:456                          at iTOW = 134097150
1980-01-07 13:14:39 INFO  clocks.c:457              local clock is 84.0764 seconds
1980-01-07 13:14:39 INFO  clocks.c:458                          at iTOW = 134097016
1980-01-07 13:14:39 INFO  clocks.c:459         Estimated time of flight = -128 msec
1980-01-07 13:14:39 INFO  clocks.c:460                 Clock difference = -155 msec
1980-01-07 13:14:39 INFO  clocks.c:461       so local clock is lagging by  27 msec
1980-01-07 13:14:39 INFO  clocks.c:450 Local synchronized clock will be forwarded by 0.049 seconds
1980-01-07 13:14:39 INFO  clocks.c:455   because: remote clock was 84.5260 seconds
1980-01-07 13:14:39 INFO  clocks.c:456                          at iTOW = 134097417
1980-01-07 13:14:39 INFO  clocks.c:457              local clock is 84.4125 seconds
1980-01-07 13:14:39 INFO  clocks.c:458                          at iTOW = 134097324
1980-01-07 13:14:39 INFO  clocks.c:459         Estimated time of flight = -64 msec
1980-01-07 13:14:39 INFO  clocks.c:460                 Clock difference = -113 msec
1980-01-07 13:14:39 INFO  clocks.c:461       so local clock is lagging by  49 msec
1980-01-07 13:14:39 INFO  clocks.c:450 Local synchronized clock will be forwarded by 0.015 seconds
1980-01-07 13:14:39 INFO  clocks.c:455   because: remote clock was 84.9060 seconds
1980-01-07 13:14:39 INFO  clocks.c:456                          at iTOW = 134097760
1980-01-07 13:14:39 INFO  clocks.c:457              local clock is 84.7627 seconds
1980-01-07 13:14:39 INFO  clocks.c:458                          at iTOW = 134097625
1980-01-07 13:14:39 INFO  clocks.c:459         Estimated time of flight = -128 msec
1980-01-07 13:14:39 INFO  clocks.c:460                 Clock difference = -143 msec
1980-01-07 13:14:39 INFO  clocks.c:461       so local clock is lagging by  15 msec
1980-01-07 13:14:39 INFO  clocks.c:450 Local synchronized clock will be forwarded by 0.017 seconds
1980-01-07 13:14:39 INFO  clocks.c:455   because: remote clock was 85.1230 seconds
1980-01-07 13:14:39 INFO  clocks.c:456                          at iTOW = 134097942
1980-01-07 13:14:39 INFO  clocks.c:457              local clock is 84.9784 seconds
1980-01-07 13:14:39 INFO  clocks.c:458                          at iTOW = 134097825
1980-01-07 13:14:39 INFO  clocks.c:459         Estimated time of flight = -128 msec
1980-01-07 13:14:39 INFO  clocks.c:460                 Clock difference = -144 msec
1980-01-07 13:14:39 INFO  clocks.c:461       so local clock is lagging by  16 msec
1980-01-07 13:14:40 INFO  clocks.c:450 Local synchronized clock will be forwarded by 0.011 seconds
1980-01-07 13:14:40 INFO  clocks.c:455   because: remote clock was 86.0340 seconds
1980-01-07 13:14:40 INFO  clocks.c:456                          at iTOW = 134098853
1980-01-07 13:14:40 INFO  clocks.c:457              local clock is 85.8948 seconds
1980-01-07 13:14:40 INFO  clocks.c:458                          at iTOW = 134098725
1980-01-07 13:14:40 INFO  clocks.c:459         Estimated time of flight = -128 msec
1980-01-07 13:14:40 INFO  clocks.c:460                 Clock difference = -139 msec
1980-01-07 13:14:40 INFO  clocks.c:461       so local clock is lagging by  11 msec
1980-01-07 13:14:40 INFO  clocks.c:450 Local synchronized clock will be forwarded by 0.021 seconds
1980-01-07 13:14:40 INFO  clocks.c:455   because: remote clock was 86.2550 seconds
1980-01-07 13:14:40 INFO  clocks.c:456                          at iTOW = 134099055
1980-01-07 13:14:40 INFO  clocks.c:457              local clock is 86.1062 seconds
1980-01-07 13:14:40 INFO  clocks.c:458                          at iTOW = 134098925
1980-01-07 13:14:40 INFO  clocks.c:459         Estimated time of flight = -128 msec
1980-01-07 13:14:40 INFO  clocks.c:460                 Clock difference = -148 msec
1980-01-07 13:14:40 INFO  clocks.c:461       so local clock is lagging by  20 msec
1980-01-07 13:14:41 INFO  clocks.c:450 Local synchronized clock will be forwarded by 0.025 seconds
1980-01-07 13:14:41 INFO  clocks.c:455   because: remote clock was 86.5790 seconds
1980-01-07 13:14:41 INFO  clocks.c:456                          at iTOW = 134099356
1980-01-07 13:14:41 INFO  clocks.c:457              local clock is 86.4265 seconds
1980-01-07 13:14:41 INFO  clocks.c:458                          at iTOW = 134099225
1980-01-07 13:14:41 INFO  clocks.c:459         Estimated time of flight = -128 msec
1980-01-07 13:14:41 INFO  clocks.c:460                 Clock difference = -152 msec
1980-01-07 13:14:41 INFO  clocks.c:461       so local clock is lagging by  24 msec
1980-01-07 13:14:41 INFO  clocks.c:450 Local synchronized clock will be forwarded by 0.024 seconds
1980-01-07 13:14:41 INFO  clocks.c:455   because: remote clock was 86.8060 seconds
1980-01-07 13:14:41 INFO  clocks.c:456                          at iTOW = 134099558
1980-01-07 13:14:41 INFO  clocks.c:457              local clock is 86.6539 seconds
1980-01-07 13:14:41 INFO  clocks.c:458                          at iTOW = 134099428
1980-01-07 13:14:41 INFO  clocks.c:459         Estimated time of flight = -128 msec
1980-01-07 13:14:41 INFO  clocks.c:460                 Clock difference = -152 msec
1980-01-07 13:14:41 INFO  clocks.c:461       so local clock is lagging by  24 msec
1980-01-07 13:14:41 INFO  clocks.c:450 Local synchronized clock will be forwarded by 0.031 seconds
1980-01-07 13:14:41 INFO  clocks.c:455   because: remote clock was 87.0350 seconds
1980-01-07 13:14:41 INFO  clocks.c:456                          at iTOW = 134099759
1980-01-07 13:14:41 INFO  clocks.c:457              local clock is 86.8764 seconds
1980-01-07 13:14:41 INFO  clocks.c:458                          at iTOW = 134099626
1980-01-07 13:14:41 INFO  clocks.c:459         Estimated time of flight = -128 msec
1980-01-07 13:14:41 INFO  clocks.c:460                 Clock difference = -158 msec
1980-01-07 13:14:41 INFO  clocks.c:461       so local clock is lagging by  30 msec
1980-01-07 13:14:41 INFO  clocks.c:450 Local synchronized clock will be forwarded by 0.016 seconds
1980-01-07 13:14:41 INFO  clocks.c:455   because: remote clock was 87.3500 seconds
1980-01-07 13:14:41 INFO  clocks.c:456                          at iTOW = 134100041
1980-01-07 13:14:41 INFO  clocks.c:457              local clock is 87.2065 seconds
1980-01-07 13:14:41 INFO  clocks.c:458                          at iTOW = 134099926
1980-01-07 13:14:41 INFO  clocks.c:459         Estimated time of flight = -128 msec
1980-01-07 13:14:41 INFO  clocks.c:460                 Clock difference = -143 msec
1980-01-07 13:14:41 INFO  clocks.c:461       so local clock is lagging by  15 msec
1980-01-07 13:14:42 INFO  clocks.c:450 Local synchronized clock will be forwarded by 0.013 seconds
1980-01-07 13:14:42 INFO  clocks.c:455   because: remote clock was 87.7640 seconds
1980-01-07 13:14:42 INFO  clocks.c:456                          at iTOW = 134100445
1980-01-07 13:14:42 INFO  clocks.c:457              local clock is 87.6226 seconds
1980-01-07 13:14:42 INFO  clocks.c:458                          at iTOW = 134100326
1980-01-07 13:14:42 INFO  clocks.c:459         Estimated time of flight = -128 msec
1980-01-07 13:14:42 INFO  clocks.c:460                 Clock difference = -141 msec
1980-01-07 13:14:42 INFO  clocks.c:461       so local clock is lagging by  13 msec
1980-01-07 13:14:43 INFO  clocks.c:450 Local synchronized clock will be forwarded by 0.029 seconds
1980-01-07 13:14:43 INFO  clocks.c:455   because: remote clock was 88.5920 seconds
1980-01-07 13:14:43 INFO  clocks.c:456                          at iTOW = 134101255
1980-01-07 13:14:43 INFO  clocks.c:457              local clock is 88.4350 seconds
1980-01-07 13:14:43 INFO  clocks.c:458                          at iTOW = 134101125
1980-01-07 13:14:43 INFO  clocks.c:459         Estimated time of flight = -128 msec
1980-01-07 13:14:43 INFO  clocks.c:460                 Clock difference = -157 msec
1980-01-07 13:14:43 INFO  clocks.c:461       so local clock is lagging by  29 msec
1980-01-07 13:14:43 INFO  clocks.c:450 Local synchronized clock will be forwarded by 0.024 seconds
1980-01-07 13:14:43 INFO  clocks.c:455   because: remote clock was 88.7520 seconds
1980-01-07 13:14:43 INFO  clocks.c:456                          at iTOW = 134101415
1980-01-07 13:14:43 INFO  clocks.c:457              local clock is 88.6640 seconds
1980-01-07 13:14:43 INFO  clocks.c:458                          at iTOW = 134101325
1980-01-07 13:14:43 INFO  clocks.c:459         Estimated time of flight = -64 msec
1980-01-07 13:14:43 INFO  clocks.c:460                 Clock difference = -87 msec
1980-01-07 13:14:43 INFO  clocks.c:461       so local clock is lagging by  23 msec
1980-01-07 13:14:44 INFO  clocks.c:450 Local synchronized clock will be forwarded by 0.027 seconds
1980-01-07 13:14:44 INFO  clocks.c:455   because: remote clock was 90.3440 seconds
1980-01-07 13:14:44 INFO  clocks.c:456                          at iTOW = 134102954
1980-01-07 13:14:44 INFO  clocks.c:457              local clock is 90.1889 seconds
1980-01-07 13:14:44 INFO  clocks.c:458                          at iTOW = 134102826
1980-01-07 13:14:44 INFO  clocks.c:459         Estimated time of flight = -128 msec
1980-01-07 13:14:44 INFO  clocks.c:460                 Clock difference = -155 msec
1980-01-07 13:14:44 INFO  clocks.c:461       so local clock is lagging by  27 msec
1980-01-07 13:14:45 INFO  clocks.c:450 Local synchronized clock will be forwarded by 0.028 seconds
1980-01-07 13:14:45 INFO  clocks.c:455   because: remote clock was 91.1730 seconds
1980-01-07 13:14:45 INFO  clocks.c:456                          at iTOW = 134103757
1980-01-07 13:14:45 INFO  clocks.c:457              local clock is 91.0165 seconds
1980-01-07 13:14:45 INFO  clocks.c:458                          at iTOW = 134103627
1980-01-07 13:14:45 INFO  clocks.c:459         Estimated time of flight = -128 msec
1980-01-07 13:14:45 INFO  clocks.c:460                 Clock difference = -156 msec
1980-01-07 13:14:45 INFO  clocks.c:461       so local clock is lagging by  28 msec
1980-01-07 13:14:45 INFO  clocks.c:450 Local synchronized clock will be forwarded by 0.029 seconds
1980-01-07 13:14:45 INFO  clocks.c:455   because: remote clock was 91.5010 seconds
1980-01-07 13:14:45 INFO  clocks.c:456                          at iTOW = 134104059
1980-01-07 13:14:45 INFO  clocks.c:457              local clock is 91.3442 seconds
1980-01-07 13:14:45 INFO  clocks.c:458                          at iTOW = 134103926
1980-01-07 13:14:45 INFO  clocks.c:459         Estimated time of flight = -128 msec
1980-01-07 13:14:45 INFO  clocks.c:460                 Clock difference = -156 msec
1980-01-07 13:14:45 INFO  clocks.c:461       so local clock is lagging by  28 msec
1980-01-07 13:14:46 INFO  clocks.c:450 Local synchronized clock will be forwarded by 0.030 seconds
1980-01-07 13:14:46 INFO  clocks.c:455   because: remote clock was 91.6320 seconds
1980-01-07 13:14:46 INFO  clocks.c:456                          at iTOW = 134104160
1980-01-07 13:14:46 INFO  clocks.c:457              local clock is 91.4737 seconds
1980-01-07 13:14:46 INFO  clocks.c:458                          at iTOW = 134104026
1980-01-07 13:14:46 INFO  clocks.c:459         Estimated time of flight = -128 msec
1980-01-07 13:14:46 INFO  clocks.c:460                 Clock difference = -158 msec
1980-01-07 13:14:46 INFO  clocks.c:461       so local clock is lagging by  30 msec
1980-01-07 13:14:46 INFO  clocks.c:450 Local synchronized clock will be forwarded by 0.020 seconds
1980-01-07 13:14:46 INFO  clocks.c:455   because: remote clock was 91.9530 seconds
1980-01-07 13:14:46 INFO  clocks.c:456                          at iTOW = 134104447
1980-01-07 13:14:46 INFO  clocks.c:457              local clock is 91.8051 seconds
1980-01-07 13:14:46 INFO  clocks.c:458                          at iTOW = 134104328
1980-01-07 13:14:46 INFO  clocks.c:459         Estimated time of flight = -128 msec
1980-01-07 13:14:46 INFO  clocks.c:460                 Clock difference = -147 msec
1980-01-07 13:14:46 INFO  clocks.c:461       so local clock is lagging by  19 msec
1980-01-07 13:14:46 INFO  clocks.c:450 Local synchronized clock will be forwarded by 0.026 seconds
1980-01-07 13:14:46 INFO  clocks.c:455   because: remote clock was 92.0820 seconds
1980-01-07 13:14:46 INFO  clocks.c:456                          at iTOW = 134104563
1980-01-07 13:14:46 INFO  clocks.c:457              local clock is 91.9275 seconds
1980-01-07 13:14:46 INFO  clocks.c:458                          at iTOW = 134104430
1980-01-07 13:14:46 INFO  clocks.c:459         Estimated time of flight = -128 msec
1980-01-07 13:14:46 INFO  clocks.c:460                 Clock difference = -154 msec
1980-01-07 13:14:46 INFO  clocks.c:461       so local clock is lagging by  26 msec
1980-01-07 13:14:46 INFO  clocks.c:450 Local synchronized clock will be forwarded by 0.034 seconds
1980-01-07 13:14:46 INFO  clocks.c:455   because: remote clock was 92.1560 seconds
1980-01-07 13:14:46 INFO  clocks.c:456                          at iTOW = 134104608
1980-01-07 13:14:46 INFO  clocks.c:457              local clock is 92.0577 seconds
1980-01-07 13:14:46 INFO  clocks.c:458                          at iTOW = 134104534
1980-01-07 13:14:46 INFO  clocks.c:459         Estimated time of flight = -64 msec
1980-01-07 13:14:46 INFO  clocks.c:460                 Clock difference = -98 msec
1980-01-07 13:14:46 INFO  clocks.c:461       so local clock is lagging by  34 msec
1980-01-07 13:14:46 INFO  clocks.c:450 Local synchronized clock will be forwarded by 0.011 seconds
1980-01-07 13:14:46 INFO  clocks.c:455   because: remote clock was 92.3320 seconds
1980-01-07 13:14:46 INFO  clocks.c:456                          at iTOW = 134104750
1980-01-07 13:14:46 INFO  clocks.c:457              local clock is 92.1935 seconds
1980-01-07 13:14:46 INFO  clocks.c:458                          at iTOW = 134104635
1980-01-07 13:14:46 INFO  clocks.c:459         Estimated time of flight = -128 msec
1980-01-07 13:14:46 INFO  clocks.c:460                 Clock difference = -138 msec
1980-01-07 13:14:46 INFO  clocks.c:461       so local clock is lagging by  10 msec
1980-01-07 13:14:46 INFO  clocks.c:450 Local synchronized clock will be forwarded by 0.016 seconds
1980-01-07 13:14:46 INFO  clocks.c:455   because: remote clock was 92.4490 seconds
1980-01-07 13:14:46 INFO  clocks.c:456                          at iTOW = 134104852
1980-01-07 13:14:46 INFO  clocks.c:457              local clock is 92.3055 seconds
1980-01-07 13:14:46 INFO  clocks.c:458                          at iTOW = 134104737
1980-01-07 13:14:46 INFO  clocks.c:459         Estimated time of flight = -128 msec
1980-01-07 13:14:46 INFO  clocks.c:460                 Clock difference = -143 msec
1980-01-07 13:14:46 INFO  clocks.c:461       so local clock is lagging by  15 msec
1980-01-07 13:14:46 INFO  clocks.c:450 Local synchronized clock will be forwarded by 0.019 seconds
1980-01-07 13:14:46 INFO  clocks.c:455   because: remote clock was 92.6670 seconds
1980-01-07 13:14:46 INFO  clocks.c:456                          at iTOW = 134105053
1980-01-07 13:14:46 INFO  clocks.c:457              local clock is 92.5196 seconds
1980-01-07 13:14:46 INFO  clocks.c:458                          at iTOW = 134104935
1980-01-07 13:14:46 INFO  clocks.c:459         Estimated time of flight = -128 msec
1980-01-07 13:14:46 INFO  clocks.c:460                 Clock difference = -147 msec
1980-01-07 13:14:46 INFO  clocks.c:461       so local clock is lagging by  19 msec
1980-01-07 13:14:49 INFO  clocks.c:450 Local synchronized clock will be forwarded by 0.034 seconds
1980-01-07 13:14:49 INFO  clocks.c:455   because: remote clock was 95.1040 seconds
1980-01-07 13:14:49 INFO  clocks.c:456                          at iTOW = 134107474
1980-01-07 13:14:49 INFO  clocks.c:457              local clock is 94.9421 seconds
1980-01-07 13:14:49 INFO  clocks.c:458                          at iTOW = 134107338
1980-01-07 13:14:49 INFO  clocks.c:459         Estimated time of flight = -128 msec
1980-01-07 13:14:49 INFO  clocks.c:460                 Clock difference = -161 msec
1980-01-07 13:14:49 INFO  clocks.c:461       so local clock is lagging by  33 msec
1980-01-07 13:14:49 WARN  timesync.c:695 Lost fine time synchronization; falling back to rough.
1980-01-07 13:14:49 INFO  timesync.c:576 Fine time sync started to adjust 0.003004s offset
1980-01-07 13:14:50 INFO  timesync.c:702 Fine time synchronization achieved.
1980-01-07 13:14:51 INFO  clocks.c:450 Local synchronized clock will be forwarded by 0.020 seconds
1980-01-07 13:14:51 INFO  clocks.c:455   because: remote clock was 96.9290 seconds
1980-01-07 13:14:51 INFO  clocks.c:456                          at iTOW = 134109269
1980-01-07 13:14:51 INFO  clocks.c:457              local clock is 96.7808 seconds
1980-01-07 13:14:51 INFO  clocks.c:458                          at iTOW = 134109146
1980-01-07 13:14:51 INFO  clocks.c:459         Estimated time of flight = -128 msec
1980-01-07 13:14:51 INFO  clocks.c:460                 Clock difference = -148 msec
1980-01-07 13:14:51 INFO  clocks.c:461       so local clock is lagging by  20 msec
1980-01-07 13:14:51 INFO  clocks.c:450 Local synchronized clock will be forwarded by 0.019 seconds
1980-01-07 13:14:51 INFO  clocks.c:455   because: remote clock was 97.0480 seconds
1980-01-07 13:14:51 INFO  clocks.c:456                          at iTOW = 134109370
1980-01-07 13:14:51 INFO  clocks.c:457              local clock is 96.9011 seconds
1980-01-07 13:14:51 INFO  clocks.c:458                          at iTOW = 134109246
1980-01-07 13:14:51 INFO  clocks.c:459         Estimated time of flight = -128 msec
1980-01-07 13:14:51 INFO  clocks.c:460                 Clock difference = -146 msec
1980-01-07 13:14:51 INFO  clocks.c:461       so local clock is lagging by  18 msec
1980-01-07 13:14:51 INFO  clocks.c:450 Local synchronized clock will be forwarded by 0.021 seconds
1980-01-07 13:14:51 INFO  clocks.c:455   because: remote clock was 97.1680 seconds
1980-01-07 13:14:51 INFO  clocks.c:456                          at iTOW = 134109471
1980-01-07 13:14:51 INFO  clocks.c:457              local clock is 97.0194 seconds
1980-01-07 13:14:51 INFO  clocks.c:458                          at iTOW = 134109346
1980-01-07 13:14:51 INFO  clocks.c:459         Estimated time of flight = -128 msec
1980-01-07 13:14:51 INFO  clocks.c:460                 Clock difference = -148 msec
1980-01-07 13:14:51 INFO  clocks.c:461       so local clock is lagging by  20 msec
1980-01-07 13:14:51 INFO  clocks.c:450 Local synchronized clock will be forwarded by 0.028 seconds
1980-01-07 13:14:51 INFO  clocks.c:455   because: remote clock was 97.5960 seconds
1980-01-07 13:14:51 INFO  clocks.c:456                          at iTOW = 134109874
1980-01-07 13:14:51 INFO  clocks.c:457              local clock is 97.4402 seconds
1980-01-07 13:14:51 INFO  clocks.c:458                          at iTOW = 134109746
1980-01-07 13:14:51 INFO  clocks.c:459         Estimated time of flight = -128 msec
1980-01-07 13:14:51 INFO  clocks.c:460                 Clock difference = -155 msec
1980-01-07 13:14:51 INFO  clocks.c:461       so local clock is lagging by  27 msec
1980-01-07 13:14:51 INFO  clocks.c:450 Local synchronized clock will be forwarded by 0.030 seconds
1980-01-07 13:14:51 INFO  clocks.c:455   because: remote clock was 97.8260 seconds
1980-01-07 13:14:51 INFO  clocks.c:456                          at iTOW = 134110075
1980-01-07 13:14:51 INFO  clocks.c:457              local clock is 97.6681 seconds
1980-01-07 13:14:51 INFO  clocks.c:458                          at iTOW = 134109946
1980-01-07 13:14:51 INFO  clocks.c:459         Estimated time of flight = -128 msec
1980-01-07 13:14:51 INFO  clocks.c:460                 Clock difference = -157 msec
1980-01-07 13:14:51 INFO  clocks.c:461       so local clock is lagging by  29 msec
1980-01-07 13:14:52 INFO  clocks.c:450 Local synchronized clock will be forwarded by 0.019 seconds
1980-01-07 13:14:52 INFO  clocks.c:455   because: remote clock was 98.3450 seconds
1980-01-07 13:14:52 INFO  clocks.c:456                          at iTOW = 134110580
1980-01-07 13:14:52 INFO  clocks.c:457              local clock is 98.1975 seconds
1980-01-07 13:14:52 INFO  clocks.c:458                          at iTOW = 134110446
1980-01-07 13:14:52 INFO  clocks.c:459         Estimated time of flight = -128 msec
1980-01-07 13:14:52 INFO  clocks.c:460                 Clock difference = -147 msec
1980-01-07 13:14:52 INFO  clocks.c:461       so local clock is lagging by  19 msec
1980-01-07 13:14:52 INFO  clocks.c:450 Local synchronized clock will be forwarded by 0.021 seconds
1980-01-07 13:14:52 INFO  clocks.c:455   because: remote clock was 98.6770 seconds
1980-01-07 13:14:52 INFO  clocks.c:456                          at iTOW = 134110880
1980-01-07 13:14:52 INFO  clocks.c:457              local clock is 98.5283 seconds
1980-01-07 13:14:52 INFO  clocks.c:458                          at iTOW = 134110757
1980-01-07 13:14:52 INFO  clocks.c:459         Estimated time of flight = -128 msec
1980-01-07 13:14:52 INFO  clocks.c:460                 Clock difference = -148 msec
1980-01-07 13:14:52 INFO  clocks.c:461       so local clock is lagging by  20 msec
1980-01-07 13:14:53 INFO  clocks.c:450 Local synchronized clock will be forwarded by 0.017 seconds
1980-01-07 13:14:53 INFO  clocks.c:455   because: remote clock was 99.2040 seconds
1980-01-07 13:14:53 INFO  clocks.c:456                          at iTOW = 134111382
1980-01-07 13:14:53 INFO  clocks.c:457              local clock is 99.0588 seconds
1980-01-07 13:14:53 INFO  clocks.c:458                          at iTOW = 134111267
1980-01-07 13:14:53 INFO  clocks.c:459         Estimated time of flight = -128 msec
1980-01-07 13:14:53 INFO  clocks.c:460                 Clock difference = -145 msec
1980-01-07 13:14:53 INFO  clocks.c:461       so local clock is lagging by  17 msec
1980-01-07 13:14:54 INFO  clocks.c:450 Local synchronized clock will be forwarded by 0.026 seconds
1980-01-07 13:14:54 INFO  clocks.c:455   because: remote clock was 100.5700 seconds
1980-01-07 13:14:54 INFO  clocks.c:456                          at iTOW = 134112748
1980-01-07 13:14:54 INFO  clocks.c:457              local clock is 100.4799 seconds
1980-01-07 13:14:54 INFO  clocks.c:458                          at iTOW = 134112671
1980-01-07 13:14:54 INFO  clocks.c:459         Estimated time of flight = -64 msec
1980-01-07 13:14:54 INFO  clocks.c:460                 Clock difference = -90 msec
1980-01-07 13:14:54 INFO  clocks.c:461       so local clock is lagging by  26 msec
1980-01-07 13:14:55 INFO  clocks.c:450 Local synchronized clock will be forwarded by 0.016 seconds
1980-01-07 13:14:55 INFO  clocks.c:455   because: remote clock was 101.1530 seconds
1980-01-07 13:14:55 INFO  clocks.c:456                          at iTOW = 134113302
1980-01-07 13:14:55 INFO  clocks.c:457              local clock is 101.0093 seconds
1980-01-07 13:14:55 INFO  clocks.c:458                          at iTOW = 134113174
1980-01-07 13:14:55 INFO  clocks.c:459         Estimated time of flight = -128 msec
1980-01-07 13:14:55 INFO  clocks.c:460                 Clock difference = -143 msec
1980-01-07 13:14:55 INFO  clocks.c:461       so local clock is lagging by  15 msec
1980-01-07 13:14:55 INFO  clocks.c:450 Local synchronized clock will be forwarded by 0.021 seconds
1980-01-07 13:14:55 INFO  clocks.c:455   because: remote clock was 101.3140 seconds
1980-01-07 13:14:55 INFO  clocks.c:456                          at iTOW = 134113463
1980-01-07 13:14:55 INFO  clocks.c:457              local clock is 101.2295 seconds
1980-01-07 13:14:55 INFO  clocks.c:458                          at iTOW = 134113378
1980-01-07 13:14:55 INFO  clocks.c:459         Estimated time of flight = -64 msec
1980-01-07 13:14:55 INFO  clocks.c:460                 Clock difference = -84 msec
1980-01-07 13:14:55 INFO  clocks.c:461       so local clock is lagging by  20 msec
1980-01-07 13:14:56 INFO  clocks.c:450 Local synchronized clock will be forwarded by 0.022 seconds
1980-01-07 13:14:56 INFO  clocks.c:455   because: remote clock was 102.2440 seconds
1980-01-07 13:14:56 INFO  clocks.c:456                          at iTOW = 134114350
1980-01-07 13:14:56 INFO  clocks.c:457              local clock is 102.1582 seconds
1980-01-07 13:14:56 INFO  clocks.c:458                          at iTOW = 134114287
1980-01-07 13:14:56 INFO  clocks.c:459         Estimated time of flight = -64 msec
1980-01-07 13:14:56 INFO  clocks.c:460                 Clock difference = -85 msec
1980-01-07 13:14:56 INFO  clocks.c:461       so local clock is lagging by  21 msec
1980-01-07 13:14:56 INFO  clocks.c:450 Local synchronized clock will be forwarded by 0.021 seconds
1980-01-07 13:14:56 INFO  clocks.c:455   because: remote clock was 102.5310 seconds
1980-01-07 13:14:56 INFO  clocks.c:456                          at iTOW = 134114612
1980-01-07 13:14:56 INFO  clocks.c:457              local clock is 102.3823 seconds
1980-01-07 13:14:56 INFO  clocks.c:458                          at iTOW = 134114489
1980-01-07 13:14:56 INFO  clocks.c:459         Estimated time of flight = -128 msec
1980-01-07 13:14:56 INFO  clocks.c:460                 Clock difference = -148 msec
1980-01-07 13:14:56 INFO  clocks.c:461       so local clock is lagging by  20 msec
1980-01-07 13:14:56 INFO  clocks.c:450 Local synchronized clock will be forwarded by 0.026 seconds
1980-01-07 13:14:56 INFO  clocks.c:455   because: remote clock was 102.5910 seconds
1980-01-07 13:14:56 INFO  clocks.c:456                          at iTOW = 134114672
1980-01-07 13:14:56 INFO  clocks.c:457              local clock is 102.5015 seconds
1980-01-07 13:14:56 INFO  clocks.c:458                          at iTOW = 134114587
1980-01-07 13:14:56 INFO  clocks.c:459         Estimated time of flight = -64 msec
1980-01-07 13:14:56 INFO  clocks.c:460                 Clock difference = -89 msec
1980-01-07 13:14:56 INFO  clocks.c:461       so local clock is lagging by  25 msec
1980-01-07 13:14:56 INFO  clocks.c:450 Local synchronized clock will be forwarded by 0.024 seconds
1980-01-07 13:14:56 INFO  clocks.c:455   because: remote clock was 102.7810 seconds
1980-01-07 13:14:56 INFO  clocks.c:456                          at iTOW = 134114813
1980-01-07 13:14:56 INFO  clocks.c:457              local clock is 102.6288 seconds
1980-01-07 13:14:56 INFO  clocks.c:458                          at iTOW = 134114689
1980-01-07 13:14:56 INFO  clocks.c:459         Estimated time of flight = -128 msec
1980-01-07 13:14:56 INFO  clocks.c:460                 Clock difference = -152 msec
1980-01-07 13:14:56 INFO  clocks.c:461       so local clock is lagging by  24 msec
1980-01-07 13:14:56 INFO  clocks.c:450 Local synchronized clock will be forwarded by 0.022 seconds
1980-01-07 13:14:56 INFO  clocks.c:455   because: remote clock was 103.1020 seconds
1980-01-07 13:14:56 INFO  clocks.c:456                          at iTOW = 134115115
1980-01-07 13:14:56 INFO  clocks.c:457              local clock is 102.9520 seconds
1980-01-07 13:14:56 INFO  clocks.c:458                          at iTOW = 134114988
1980-01-07 13:14:56 INFO  clocks.c:459         Estimated time of flight = -128 msec
1980-01-07 13:14:56 INFO  clocks.c:460                 Clock difference = -150 msec
1980-01-07 13:14:56 INFO  clocks.c:461       so local clock is lagging by  22 msec
1980-01-07 13:14:57 INFO  clocks.c:450 Local synchronized clock will be forwarded by 0.024 seconds
1980-01-07 13:14:57 INFO  clocks.c:455   because: remote clock was 103.2260 seconds
1980-01-07 13:14:57 INFO  clocks.c:456                          at iTOW = 134115215
1980-01-07 13:14:57 INFO  clocks.c:457              local clock is 103.0740 seconds
1980-01-07 13:14:57 INFO  clocks.c:458                          at iTOW = 134115088
1980-01-07 13:14:57 INFO  clocks.c:459         Estimated time of flight = -128 msec
1980-01-07 13:14:57 INFO  clocks.c:460                 Clock difference = -152 msec
1980-01-07 13:14:57 INFO  clocks.c:461       so local clock is lagging by  24 msec
1980-01-07 13:14:57 INFO  clocks.c:450 Local synchronized clock will be forwarded by 0.020 seconds
1980-01-07 13:14:57 INFO  clocks.c:455   because: remote clock was 104.1460 seconds
1980-01-07 13:14:57 INFO  clocks.c:456                          at iTOW = 134116107
1980-01-07 13:14:57 INFO  clocks.c:457              local clock is 103.9983 seconds
1980-01-07 13:14:57 INFO  clocks.c:458                          at iTOW = 134115988
1980-01-07 13:14:57 INFO  clocks.c:459         Estimated time of flight = -128 msec
1980-01-07 13:14:57 INFO  clocks.c:460                 Clock difference = -147 msec
1980-01-07 13:14:57 INFO  clocks.c:461       so local clock is lagging by  19 msec
1980-01-07 13:14:58 INFO  clocks.c:450 Local synchronized clock will be forwarded by 0.019 seconds
1980-01-07 13:14:58 INFO  clocks.c:455   because: remote clock was 104.6650 seconds
1980-01-07 13:14:58 INFO  clocks.c:456                          at iTOW = 134116615
1980-01-07 13:14:58 INFO  clocks.c:457              local clock is 104.5183 seconds
1980-01-07 13:14:58 INFO  clocks.c:458                          at iTOW = 134116489
1980-01-07 13:14:58 INFO  clocks.c:459         Estimated time of flight = -128 msec
1980-01-07 13:14:58 INFO  clocks.c:460                 Clock difference = -146 msec
1980-01-07 13:14:58 INFO  clocks.c:461       so local clock is lagging by  18 msec
1980-01-07 13:14:59 INFO  clocks.c:450 Local synchronized clock will be forwarded by 0.011 seconds
1980-01-07 13:14:59 INFO  clocks.c:455   because: remote clock was 105.4950 seconds
1980-01-07 13:14:59 INFO  clocks.c:456                          at iTOW = 134117427
1980-01-07 13:14:59 INFO  clocks.c:457              local clock is 105.3564 seconds
1980-01-07 13:14:59 INFO  clocks.c:458                          at iTOW = 134117308
1980-01-07 13:14:59 INFO  clocks.c:459         Estimated time of flight = -128 msec
1980-01-07 13:14:59 INFO  clocks.c:460                 Clock difference = -138 msec
1980-01-07 13:14:59 INFO  clocks.c:461       so local clock is lagging by  10 msec
1980-01-07 13:15:00 INFO  clocks.c:450 Local synchronized clock will be forwarded by 0.035 seconds
1980-01-07 13:15:00 INFO  clocks.c:455   because: remote clock was 106.2760 seconds
1980-01-07 13:15:00 INFO  clocks.c:456                          at iTOW = 134118195
1980-01-07 13:15:00 INFO  clocks.c:457              local clock is 106.1770 seconds
1980-01-07 13:15:00 INFO  clocks.c:458                          at iTOW = 134118118
1980-01-07 13:15:00 INFO  clocks.c:459         Estimated time of flight = -64 msec
1980-01-07 13:15:00 INFO  clocks.c:460                 Clock difference = -99 msec
1980-01-07 13:15:00 INFO  clocks.c:461       so local clock is lagging by  35 msec
1980-01-07 13:15:00 INFO  clocks.c:450 Local synchronized clock will be forwarded by 0.013 seconds
1980-01-07 13:15:00 INFO  clocks.c:455   because: remote clock was 106.9830 seconds
1980-01-07 13:15:00 INFO  clocks.c:456                          at iTOW = 134118885
1980-01-07 13:15:00 INFO  clocks.c:457              local clock is 106.9061 seconds
1980-01-07 13:15:00 INFO  clocks.c:458                          at iTOW = 134118812
1980-01-07 13:15:00 INFO  clocks.c:459         Estimated time of flight = -64 msec
1980-01-07 13:15:00 INFO  clocks.c:460                 Clock difference = -76 msec
1980-01-07 13:15:00 INFO  clocks.c:461       so local clock is lagging by  12 msec
1980-01-07 13:15:00 INFO  clocks.c:450 Local synchronized clock will be forwarded by 0.012 seconds
1980-01-07 13:15:00 INFO  clocks.c:455   because: remote clock was 107.1600 seconds
1980-01-07 13:15:00 INFO  clocks.c:456                          at iTOW = 134119027
1980-01-07 13:15:00 INFO  clocks.c:457              local clock is 107.0197 seconds
1980-01-07 13:15:00 INFO  clocks.c:458                          at iTOW = 134118913
1980-01-07 13:15:00 INFO  clocks.c:459         Estimated time of flight = -128 msec
1980-01-07 13:15:00 INFO  clocks.c:460                 Clock difference = -140 msec
1980-01-07 13:15:00 INFO  clocks.c:461       so local clock is lagging by  12 msec
1980-01-07 13:15:01 INFO  clocks.c:450 Local synchronized clock will be forwarded by 0.011 seconds
1980-01-07 13:15:01 INFO  clocks.c:455   because: remote clock was 107.7760 seconds
1980-01-07 13:15:01 INFO  clocks.c:456                          at iTOW = 134119643
1980-01-07 13:15:01 INFO  clocks.c:457              local clock is 107.6371 seconds
1980-01-07 13:15:01 INFO  clocks.c:458                          at iTOW = 134119518
1980-01-07 13:15:01 INFO  clocks.c:459         Estimated time of flight = -128 msec
1980-01-07 13:15:01 INFO  clocks.c:460                 Clock difference = -138 msec
1980-01-07 13:15:01 INFO  clocks.c:461       so local clock is lagging by  10 msec
1980-01-07 13:15:01 INFO  clocks.c:450 Local synchronized clock will be forwarded by 0.020 seconds
1980-01-07 13:15:01 INFO  clocks.c:455   because: remote clock was 107.9960 seconds
1980-01-07 13:15:01 INFO  clocks.c:456                          at iTOW = 134119844
1980-01-07 13:15:01 INFO  clocks.c:457              local clock is 107.8481 seconds
1980-01-07 13:15:01 INFO  clocks.c:458                          at iTOW = 134119718
1980-01-07 13:15:01 INFO  clocks.c:459         Estimated time of flight = -128 msec
1980-01-07 13:15:01 INFO  clocks.c:460                 Clock difference = -147 msec
1980-01-07 13:15:01 INFO  clocks.c:461       so local clock is lagging by  19 msec
1980-01-07 13:15:02 INFO  clocks.c:450 Local synchronized clock will be forwarded by 0.014 seconds
1980-01-07 13:15:02 INFO  clocks.c:455   because: remote clock was 108.3210 seconds
1980-01-07 13:15:02 INFO  clocks.c:456                          at iTOW = 134120148
1980-01-07 13:15:02 INFO  clocks.c:457              local clock is 108.1792 seconds
1980-01-07 13:15:02 INFO  clocks.c:458                          at iTOW = 134120029
1980-01-07 13:15:02 INFO  clocks.c:459         Estimated time of flight = -128 msec
1980-01-07 13:15:02 INFO  clocks.c:460                 Clock difference = -141 msec
1980-01-07 13:15:02 INFO  clocks.c:461       so local clock is lagging by  13 msec
1980-01-07 13:15:02 INFO  clocks.c:450 Local synchronized clock will be forwarded by 0.029 seconds
1980-01-07 13:15:02 INFO  clocks.c:455   because: remote clock was 108.7480 seconds
1980-01-07 13:15:02 INFO  clocks.c:456                          at iTOW = 134120560
1980-01-07 13:15:02 INFO  clocks.c:457              local clock is 108.5914 seconds
1980-01-07 13:15:02 INFO  clocks.c:458                          at iTOW = 134120428
1980-01-07 13:15:02 INFO  clocks.c:459         Estimated time of flight = -128 msec
1980-01-07 13:15:02 INFO  clocks.c:460                 Clock difference = -156 msec
1980-01-07 13:15:02 INFO  clocks.c:461       so local clock is lagging by  28 msec
1980-01-07 13:15:02 INFO  clocks.c:450 Local synchronized clock will be forwarded by 0.030 seconds
1980-01-07 13:15:02 INFO  clocks.c:455   because: remote clock was 108.8800 seconds
1980-01-07 13:15:02 INFO  clocks.c:456                          at iTOW = 134120662
1980-01-07 13:15:02 INFO  clocks.c:457              local clock is 108.7224 seconds
1980-01-07 13:15:02 INFO  clocks.c:458                          at iTOW = 134120530
1980-01-07 13:15:02 INFO  clocks.c:459         Estimated time of flight = -128 msec
1980-01-07 13:15:02 INFO  clocks.c:460                 Clock difference = -157 msec
1980-01-07 13:15:02 INFO  clocks.c:461       so local clock is lagging by  29 msec
1980-01-07 13:15:02 INFO  clocks.c:450 Local synchronized clock will be forwarded by 0.013 seconds
1980-01-07 13:15:02 INFO  clocks.c:455   because: remote clock was 109.0910 seconds
1980-01-07 13:15:02 INFO  clocks.c:456                          at iTOW = 134120844
1980-01-07 13:15:02 INFO  clocks.c:457              local clock is 108.9502 seconds
1980-01-07 13:15:02 INFO  clocks.c:458                          at iTOW = 134120728
1980-01-07 13:15:02 INFO  clocks.c:459         Estimated time of flight = -128 msec
1980-01-07 13:15:02 INFO  clocks.c:460                 Clock difference = -140 msec
1980-01-07 13:15:02 INFO  clocks.c:461       so local clock is lagging by  12 msec
1980-01-07 13:15:03 INFO  clocks.c:450 Local synchronized clock will be forwarded by 0.017 seconds
1980-01-07 13:15:03 INFO  clocks.c:455   because: remote clock was 109.7060 seconds
1980-01-07 13:15:03 INFO  clocks.c:456                          at iTOW = 134121459
1980-01-07 13:15:03 INFO  clocks.c:457              local clock is 109.5607 seconds
1980-01-07 13:15:03 INFO  clocks.c:458                          at iTOW = 134121326
1980-01-07 13:15:03 INFO  clocks.c:459         Estimated time of flight = -128 msec
1980-01-07 13:15:03 INFO  clocks.c:460                 Clock difference = -145 msec
1980-01-07 13:15:03 INFO  clocks.c:461       so local clock is lagging by  17 msec
1980-01-07 13:15:03 INFO  clocks.c:450 Local synchronized clock will be forwarded by 0.028 seconds
1980-01-07 13:15:03 INFO  clocks.c:455   because: remote clock was 110.3370 seconds
1980-01-07 13:15:03 INFO  clocks.c:456                          at iTOW = 134122062
1980-01-07 13:15:03 INFO  clocks.c:457              local clock is 110.1808 seconds
1980-01-07 13:15:03 INFO  clocks.c:458                          at iTOW = 134121929
1980-01-07 13:15:03 INFO  clocks.c:459         Estimated time of flight = -128 msec
1980-01-07 13:15:03 INFO  clocks.c:460                 Clock difference = -156 msec
1980-01-07 13:15:03 INFO  clocks.c:461       so local clock is lagging by  28 msec
1980-01-07 13:15:04 INFO  clocks.c:450 Local synchronized clock will be forwarded by 0.017 seconds
1980-01-07 13:15:04 INFO  clocks.c:455   because: remote clock was 110.5530 seconds
1980-01-07 13:15:04 INFO  clocks.c:456                          at iTOW = 134122243
1980-01-07 13:15:04 INFO  clocks.c:457              local clock is 110.4081 seconds
1980-01-07 13:15:04 INFO  clocks.c:458                          at iTOW = 134122128
1980-01-07 13:15:04 INFO  clocks.c:459         Estimated time of flight = -128 msec
1980-01-07 13:15:04 INFO  clocks.c:460                 Clock difference = -144 msec
1980-01-07 13:15:04 INFO  clocks.c:461       so local clock is lagging by  16 msec
1980-01-07 13:15:05 INFO  clocks.c:450 Local synchronized clock will be forwarded by 0.011 seconds
1980-01-07 13:15:05 INFO  clocks.c:455   because: remote clock was 111.5640 seconds
1980-01-07 13:15:05 INFO  clocks.c:456                          at iTOW = 134123254
1980-01-07 13:15:05 INFO  clocks.c:457              local clock is 111.4250 seconds
1980-01-07 13:15:05 INFO  clocks.c:458                          at iTOW = 134123128
1980-01-07 13:15:05 INFO  clocks.c:459         Estimated time of flight = -128 msec
1980-01-07 13:15:05 INFO  clocks.c:460                 Clock difference = -139 msec
1980-01-07 13:15:05 INFO  clocks.c:461       so local clock is lagging by  11 msec
1980-01-07 13:15:05 INFO  clocks.c:450 Local synchronized clock will be forwarded by 0.015 seconds
1980-01-07 13:15:05 INFO  clocks.c:455   because: remote clock was 111.6890 seconds
1980-01-07 13:15:05 INFO  clocks.c:456                          at iTOW = 134123357
1980-01-07 13:15:05 INFO  clocks.c:457              local clock is 111.5464 seconds
1980-01-07 13:15:05 INFO  clocks.c:458                          at iTOW = 134123238
1980-01-07 13:15:05 INFO  clocks.c:459         Estimated time of flight = -128 msec
1980-01-07 13:15:05 INFO  clocks.c:460                 Clock difference = -142 msec
1980-01-07 13:15:05 INFO  clocks.c:461       so local clock is lagging by  14 msec
1980-01-07 13:15:05 INFO  clocks.c:450 Local synchronized clock will be forwarded by 0.016 seconds
1980-01-07 13:15:05 INFO  clocks.c:455   because: remote clock was 112.0050 seconds
1980-01-07 13:15:05 INFO  clocks.c:456                          at iTOW = 134123659
1980-01-07 13:15:05 INFO  clocks.c:457              local clock is 111.8606 seconds
1980-01-07 13:15:05 INFO  clocks.c:458                          at iTOW = 134123538
1980-01-07 13:15:05 INFO  clocks.c:459         Estimated time of flight = -128 msec
1980-01-07 13:15:05 INFO  clocks.c:460                 Clock difference = -144 msec
1980-01-07 13:15:05 INFO  clocks.c:461       so local clock is lagging by  16 msec
1980-01-07 13:15:05 INFO  clocks.c:450 Local synchronized clock will be forwarded by 0.019 seconds
1980-01-07 13:15:05 INFO  clocks.c:455   because: remote clock was 112.2240 seconds
1980-01-07 13:15:05 INFO  clocks.c:456                          at iTOW = 134123860
1980-01-07 13:15:05 INFO  clocks.c:457              local clock is 112.0770 seconds
1980-01-07 13:15:05 INFO  clocks.c:458                          at iTOW = 134123738
1980-01-07 13:15:05 INFO  clocks.c:459         Estimated time of flight = -128 msec
1980-01-07 13:15:05 INFO  clocks.c:460                 Clock difference = -146 msec
1980-01-07 13:15:05 INFO  clocks.c:461       so local clock is lagging by  18 msec
1980-01-07 13:15:06 INFO  clocks.c:450 Local synchronized clock will be forwarded by 0.015 seconds
1980-01-07 13:15:06 INFO  clocks.c:455   because: remote clock was 112.9490 seconds
1980-01-07 13:15:06 INFO  clocks.c:456                          at iTOW = 134124572
1980-01-07 13:15:06 INFO  clocks.c:457              local clock is 112.8060 seconds
1980-01-07 13:15:06 INFO  clocks.c:458                          at iTOW = 134124448
1980-01-07 13:15:06 INFO  clocks.c:459         Estimated time of flight = -128 msec
1980-01-07 13:15:06 INFO  clocks.c:460                 Clock difference = -143 msec
1980-01-07 13:15:06 INFO  clocks.c:461       so local clock is lagging by  15 msec
1980-01-07 13:15:07 INFO  clocks.c:450 Local synchronized clock will be forwarded by 0.011 seconds
1980-01-07 13:15:07 INFO  clocks.c:455   because: remote clock was 113.9680 seconds
1980-01-07 13:15:07 INFO  clocks.c:456                          at iTOW = 134125576
1980-01-07 13:15:07 INFO  clocks.c:457              local clock is 113.8286 seconds
1980-01-07 13:15:07 INFO  clocks.c:458                          at iTOW = 134125456
1980-01-07 13:15:07 INFO  clocks.c:459         Estimated time of flight = -128 msec
1980-01-07 13:15:07 INFO  clocks.c:460                 Clock difference = -139 msec
1980-01-07 13:15:07 INFO  clocks.c:461       so local clock is lagging by  11 msec
1980-01-07 13:15:07 INFO  clocks.c:450 Local synchronized clock will be forwarded by 0.020 seconds
1980-01-07 13:15:07 INFO  clocks.c:455   because: remote clock was 114.1880 seconds
1980-01-07 13:15:07 INFO  clocks.c:456                          at iTOW = 134125775
1980-01-07 13:15:07 INFO  clocks.c:457              local clock is 114.0401 seconds
1980-01-07 13:15:07 INFO  clocks.c:458                          at iTOW = 134125656
1980-01-07 13:15:07 INFO  clocks.c:459         Estimated time of flight = -128 msec
1980-01-07 13:15:07 INFO  clocks.c:460                 Clock difference = -147 msec
1980-01-07 13:15:07 INFO  clocks.c:461       so local clock is lagging by  19 msec
1980-01-07 13:15:07 INFO  clocks.c:450 Local synchronized clock will be forwarded by 0.021 seconds
1980-01-07 13:15:07 INFO  clocks.c:455   because: remote clock was 114.5110 seconds
1980-01-07 13:15:07 INFO  clocks.c:456                          at iTOW = 134126077
1980-01-07 13:15:07 INFO  clocks.c:457              local clock is 114.3620 seconds
1980-01-07 13:15:07 INFO  clocks.c:458                          at iTOW = 134125958
1980-01-07 13:15:07 INFO  clocks.c:459         Estimated time of flight = -128 msec
1980-01-07 13:15:07 INFO  clocks.c:460                 Clock difference = -148 msec
1980-01-07 13:15:07 INFO  clocks.c:461       so local clock is lagging by  20 msec
1980-01-07 13:15:08 INFO  clocks.c:450 Local synchronized clock will be forwarded by 0.028 seconds
1980-01-07 13:15:08 INFO  clocks.c:455   because: remote clock was 115.0290 seconds
1980-01-07 13:15:08 INFO  clocks.c:456                          at iTOW = 134126582
1980-01-07 13:15:08 INFO  clocks.c:457              local clock is 114.8733 seconds
1980-01-07 13:15:08 INFO  clocks.c:458                          at iTOW = 134126448
1980-01-07 13:15:08 INFO  clocks.c:459         Estimated time of flight = -128 msec
1980-01-07 13:15:08 INFO  clocks.c:460                 Clock difference = -155 msec
1980-01-07 13:15:08 INFO  clocks.c:461       so local clock is lagging by  27 msec
1980-01-07 13:15:08 INFO  clocks.c:450 Local synchronized clock will be forwarded by 0.026 seconds
1980-01-07 13:15:08 INFO  clocks.c:455   because: remote clock was 115.1550 seconds
1980-01-07 13:15:08 INFO  clocks.c:456                          at iTOW = 134126682
1980-01-07 13:15:08 INFO  clocks.c:457              local clock is 115.0013 seconds
1980-01-07 13:15:08 INFO  clocks.c:458                          at iTOW = 134126548
1980-01-07 13:15:08 INFO  clocks.c:459         Estimated time of flight = -128 msec
1980-01-07 13:15:08 INFO  clocks.c:460                 Clock difference = -153 msec
1980-01-07 13:15:08 INFO  clocks.c:461       so local clock is lagging by  25 msec
1980-01-07 13:15:08 INFO  clocks.c:450 Local synchronized clock will be forwarded by 0.010 seconds
1980-01-07 13:15:08 INFO  clocks.c:455   because: remote clock was 115.5840 seconds
1980-01-07 13:15:08 INFO  clocks.c:456                          at iTOW = 134127082
1980-01-07 13:15:08 INFO  clocks.c:457              local clock is 115.4459 seconds
1980-01-07 13:15:08 INFO  clocks.c:458                          at iTOW = 134126967
1980-01-07 13:15:08 INFO  clocks.c:459         Estimated time of flight = -128 msec
1980-01-07 13:15:08 INFO  clocks.c:460                 Clock difference = -138 msec
1980-01-07 13:15:08 INFO  clocks.c:461       so local clock is lagging by  10 msec
1980-01-07 13:15:09 INFO  clocks.c:450 Local synchronized clock will be forwarded by 0.016 seconds
1980-01-07 13:15:09 INFO  clocks.c:455   because: remote clock was 116.6120 seconds
1980-01-07 13:15:09 INFO  clocks.c:456                          at iTOW = 134128098
1980-01-07 13:15:09 INFO  clocks.c:457              local clock is 116.4678 seconds
1980-01-07 13:15:09 INFO  clocks.c:458                          at iTOW = 134127979
1980-01-07 13:15:09 INFO  clocks.c:459         Estimated time of flight = -128 msec
1980-01-07 13:15:09 INFO  clocks.c:460                 Clock difference = -144 msec
1980-01-07 13:15:09 INFO  clocks.c:461       so local clock is lagging by  16 msec
1980-01-07 13:15:10 INFO  clocks.c:450 Local synchronized clock will be forwarded by 0.011 seconds
1980-01-07 13:15:10 INFO  clocks.c:455   because: remote clock was 117.4420 seconds
1980-01-07 13:15:10 INFO  clocks.c:456                          at iTOW = 134128913
1980-01-07 13:15:10 INFO  clocks.c:457              local clock is 117.3029 seconds
1980-01-07 13:15:10 INFO  clocks.c:458                          at iTOW = 134128798
1980-01-07 13:15:10 INFO  clocks.c:459         Estimated time of flight = -128 msec
1980-01-07 13:15:10 INFO  clocks.c:460                 Clock difference = -139 msec
1980-01-07 13:15:10 INFO  clocks.c:461       so local clock is lagging by  11 msec
1980-01-07 13:15:10 INFO  clocks.c:450 Local synchronized clock will be forwarded by 0.013 seconds
1980-01-07 13:15:10 INFO  clocks.c:455   because: remote clock was 117.5550 seconds
1980-01-07 13:15:10 INFO  clocks.c:456                          at iTOW = 134129014
1980-01-07 13:15:10 INFO  clocks.c:457              local clock is 117.4142 seconds
1980-01-07 13:15:10 INFO  clocks.c:458                          at iTOW = 134128898
1980-01-07 13:15:10 INFO  clocks.c:459         Estimated time of flight = -128 msec
1980-01-07 13:15:10 INFO  clocks.c:460                 Clock difference = -140 msec
1980-01-07 13:15:10 INFO  clocks.c:461       so local clock is lagging by  12 msec
1980-01-07 13:15:10 INFO  clocks.c:450 Local synchronized clock will be forwarded by 0.015 seconds
1980-01-07 13:15:10 INFO  clocks.c:455   because: remote clock was 117.6700 seconds
1980-01-07 13:15:10 INFO  clocks.c:456                          at iTOW = 134129116
1980-01-07 13:15:10 INFO  clocks.c:457              local clock is 117.5269 seconds
1980-01-07 13:15:10 INFO  clocks.c:458                          at iTOW = 134128998
1980-01-07 13:15:10 INFO  clocks.c:459         Estimated time of flight = -128 msec
1980-01-07 13:15:10 INFO  clocks.c:460                 Clock difference = -143 msec
1980-01-07 13:15:10 INFO  clocks.c:461       so local clock is lagging by  15 msec
1980-01-07 13:15:12 INFO  clocks.c:450 Local synchronized clock will be forwarded by 0.015 seconds
1980-01-07 13:15:12 INFO  clocks.c:455   because: remote clock was 118.6880 seconds
1980-01-07 13:15:12 INFO  clocks.c:456                          at iTOW = 134130122
1980-01-07 13:15:12 INFO  clocks.c:457              local clock is 118.5449 seconds
1980-01-07 13:15:12 INFO  clocks.c:458                          at iTOW = 134130001
1980-01-07 13:15:12 INFO  clocks.c:459         Estimated time of flight = -128 msec
1980-01-07 13:15:12 INFO  clocks.c:460                 Clock difference = -143 msec
1980-01-07 13:15:12 INFO  clocks.c:461       so local clock is lagging by  15 msec
1980-01-07 13:15:12 INFO  clocks.c:450 Local synchronized clock will be forwarded by 0.014 seconds
1980-01-07 13:15:12 INFO  clocks.c:455   because: remote clock was 118.8090 seconds
1980-01-07 13:15:12 INFO  clocks.c:456                          at iTOW = 134130225
1980-01-07 13:15:12 INFO  clocks.c:457              local clock is 118.6670 seconds
1980-01-07 13:15:12 INFO  clocks.c:458                          at iTOW = 134130108
1980-01-07 13:15:12 INFO  clocks.c:459         Estimated time of flight = -128 msec
1980-01-07 13:15:12 INFO  clocks.c:460                 Clock difference = -141 msec
1980-01-07 13:15:12 INFO  clocks.c:461       so local clock is lagging by  13 msec
1980-01-07 13:15:12 INFO  clocks.c:450 Local synchronized clock will be forwarded by 0.013 seconds
1980-01-07 13:15:12 INFO  clocks.c:455   because: remote clock was 119.4320 seconds
1980-01-07 13:15:12 INFO  clocks.c:456                          at iTOW = 134130837
1980-01-07 13:15:12 INFO  clocks.c:457              local clock is 119.2915 seconds
1980-01-07 13:15:12 INFO  clocks.c:458                          at iTOW = 134130718
1980-01-07 13:15:12 INFO  clocks.c:459         Estimated time of flight = -128 msec
1980-01-07 13:15:12 INFO  clocks.c:460                 Clock difference = -140 msec
1980-01-07 13:15:12 INFO  clocks.c:461       so local clock is lagging by  12 msec
1980-01-07 13:15:13 INFO  clocks.c:450 Local synchronized clock will be forwarded by 0.013 seconds
1980-01-07 13:15:13 INFO  clocks.c:455   because: remote clock was 119.9550 seconds
1980-01-07 13:15:13 INFO  clocks.c:456                          at iTOW = 134131345
1980-01-07 13:15:13 INFO  clocks.c:457              local clock is 119.8135 seconds
1980-01-07 13:15:13 INFO  clocks.c:458                          at iTOW = 134131228
1980-01-07 13:15:13 INFO  clocks.c:459         Estimated time of flight = -128 msec
1980-01-07 13:15:13 INFO  clocks.c:460                 Clock difference = -141 msec
1980-01-07 13:15:13 INFO  clocks.c:461       so local clock is lagging by  13 msec
1980-01-07 13:15:13 INFO  clocks.c:450 Local synchronized clock will be forwarded by 0.013 seconds
1980-01-07 13:15:13 INFO  clocks.c:455   because: remote clock was 120.3680 seconds
1980-01-07 13:15:13 INFO  clocks.c:456                          at iTOW = 134131747
1980-01-07 13:15:13 INFO  clocks.c:457              local clock is 120.2270 seconds
1980-01-07 13:15:13 INFO  clocks.c:458                          at iTOW = 134131628
1980-01-07 13:15:13 INFO  clocks.c:459         Estimated time of flight = -128 msec
1980-01-07 13:15:13 INFO  clocks.c:460                 Clock difference = -141 msec
1980-01-07 13:15:13 INFO  clocks.c:461       so local clock is lagging by  13 msec
1980-01-07 13:15:13 INFO  clocks.c:450 Local synchronized clock will be forwarded by 0.014 seconds
1980-01-07 13:15:13 INFO  clocks.c:455   because: remote clock was 120.4820 seconds
1980-01-07 13:15:13 INFO  clocks.c:456                          at iTOW = 134131850
1980-01-07 13:15:13 INFO  clocks.c:457              local clock is 120.3400 seconds
1980-01-07 13:15:13 INFO  clocks.c:458                          at iTOW = 134131728
1980-01-07 13:15:13 INFO  clocks.c:459         Estimated time of flight = -128 msec
1980-01-07 13:15:13 INFO  clocks.c:460                 Clock difference = -141 msec
1980-01-07 13:15:13 INFO  clocks.c:461       so local clock is lagging by  13 msec
1980-01-07 13:15:13 INFO  clocks.c:450 Local synchronized clock will be forwarded by 0.014 seconds
1980-01-07 13:15:13 INFO  clocks.c:455   because: remote clock was 120.6960 seconds
1980-01-07 13:15:13 INFO  clocks.c:456                          at iTOW = 134132050
1980-01-07 13:15:13 INFO  clocks.c:457              local clock is 120.5540 seconds
1980-01-07 13:15:13 INFO  clocks.c:458                          at iTOW = 134131928
1980-01-07 13:15:13 INFO  clocks.c:459         Estimated time of flight = -128 msec
1980-01-07 13:15:13 INFO  clocks.c:460                 Clock difference = -141 msec
1980-01-07 13:15:13 INFO  clocks.c:461       so local clock is lagging by  13 msec
1980-01-07 13:15:14 INFO  clocks.c:450 Local synchronized clock will be forwarded by 0.019 seconds
1980-01-07 13:15:14 INFO  clocks.c:455   because: remote clock was 121.3150 seconds
1980-01-07 13:15:14 INFO  clocks.c:456                          at iTOW = 134132653
1980-01-07 13:15:14 INFO  clocks.c:457              local clock is 121.1680 seconds
1980-01-07 13:15:14 INFO  clocks.c:458                          at iTOW = 134132528
1980-01-07 13:15:14 INFO  clocks.c:459         Estimated time of flight = -128 msec
1980-01-07 13:15:14 INFO  clocks.c:460                 Clock difference = -147 msec
1980-01-07 13:15:14 INFO  clocks.c:461       so local clock is lagging by  19 msec
1980-01-07 13:15:14 INFO  clocks.c:450 Local synchronized clock will be forwarded by 0.021 seconds
1980-01-07 13:15:14 INFO  clocks.c:455   because: remote clock was 121.6390 seconds
1980-01-07 13:15:14 INFO  clocks.c:456                          at iTOW = 134132957
1980-01-07 13:15:14 INFO  clocks.c:457              local clock is 121.4895 seconds
1980-01-07 13:15:14 INFO  clocks.c:458                          at iTOW = 134132830
1980-01-07 13:15:14 INFO  clocks.c:459         Estimated time of flight = -128 msec
1980-01-07 13:15:14 INFO  clocks.c:460                 Clock difference = -149 msec
1980-01-07 13:15:14 INFO  clocks.c:461       so local clock is lagging by  21 msec
1980-01-07 13:15:15 INFO  clocks.c:450 Local synchronized clock will be forwarded by 0.018 seconds
1980-01-07 13:15:15 INFO  clocks.c:455   because: remote clock was 121.9550 seconds
1980-01-07 13:15:15 INFO  clocks.c:456                          at iTOW = 134133250
1980-01-07 13:15:15 INFO  clocks.c:457              local clock is 121.8086 seconds
1980-01-07 13:15:15 INFO  clocks.c:458                          at iTOW = 134133128
1980-01-07 13:15:15 INFO  clocks.c:459         Estimated time of flight = -128 msec
1980-01-07 13:15:15 INFO  clocks.c:460                 Clock difference = -146 msec
1980-01-07 13:15:15 INFO  clocks.c:461       so local clock is lagging by  18 msec
1980-01-07 13:15:15 INFO  clocks.c:450 Local synchronized clock will be forwarded by 0.014 seconds
1980-01-07 13:15:15 INFO  clocks.c:455   because: remote clock was 122.4800 seconds
1980-01-07 13:15:15 INFO  clocks.c:456                          at iTOW = 134133753
1980-01-07 13:15:15 INFO  clocks.c:457              local clock is 122.3376 seconds
1980-01-07 13:15:15 INFO  clocks.c:458                          at iTOW = 134133639
1980-01-07 13:15:15 INFO  clocks.c:459         Estimated time of flight = -128 msec
1980-01-07 13:15:15 INFO  clocks.c:460                 Clock difference = -142 msec
1980-01-07 13:15:15 INFO  clocks.c:461       so local clock is lagging by  14 msec
1980-01-07 13:15:15 INFO  clocks.c:450 Local synchronized clock will be forwarded by 0.022 seconds
1980-01-07 13:15:15 INFO  clocks.c:455   because: remote clock was 122.8010 seconds
1980-01-07 13:15:15 INFO  clocks.c:456                          at iTOW = 134134061
1980-01-07 13:15:15 INFO  clocks.c:457              local clock is 122.6514 seconds
1980-01-07 13:15:15 INFO  clocks.c:458                          at iTOW = 134133938
1980-01-07 13:15:15 INFO  clocks.c:459         Estimated time of flight = -128 msec
1980-01-07 13:15:15 INFO  clocks.c:460                 Clock difference = -149 msec
1980-01-07 13:15:15 INFO  clocks.c:461       so local clock is lagging by  21 msec
1980-01-07 13:15:16 INFO  clocks.c:450 Local synchronized clock will be forwarded by 0.039 seconds
1980-01-07 13:15:16 INFO  clocks.c:455   because: remote clock was 122.9740 seconds
1980-01-07 13:15:16 INFO  clocks.c:456                          at iTOW = 134134218
1980-01-07 13:15:16 INFO  clocks.c:457              local clock is 122.8711 seconds
1980-01-07 13:15:16 INFO  clocks.c:458                          at iTOW = 134134136
1980-01-07 13:15:16 INFO  clocks.c:459         Estimated time of flight = -64 msec
1980-01-07 13:15:16 INFO  clocks.c:460                 Clock difference = -102 msec
1980-01-07 13:15:16 INFO  clocks.c:461       so local clock is lagging by  38 msec
1980-01-07 13:15:16 INFO  clocks.c:450 Local synchronized clock will be forwarded by 0.041 seconds
1980-01-07 13:15:16 INFO  clocks.c:455   because: remote clock was 123.5170 seconds
1980-01-07 13:15:16 INFO  clocks.c:456                          at iTOW = 134134721
1980-01-07 13:15:16 INFO  clocks.c:457              local clock is 123.4123 seconds
1980-01-07 13:15:16 INFO  clocks.c:458                          at iTOW = 134134638
1980-01-07 13:15:16 INFO  clocks.c:459         Estimated time of flight = -64 msec
1980-01-07 13:15:16 INFO  clocks.c:460                 Clock difference = -104 msec
1980-01-07 13:15:16 INFO  clocks.c:461       so local clock is lagging by  40 msec
1980-01-07 13:15:16 INFO  clocks.c:450 Local synchronized clock will be forwarded by 0.022 seconds
1980-01-07 13:15:16 INFO  clocks.c:455   because: remote clock was 123.8030 seconds
1980-01-07 13:15:16 INFO  clocks.c:456                          at iTOW = 134134962
1980-01-07 13:15:16 INFO  clocks.c:457              local clock is 123.6525 seconds
1980-01-07 13:15:16 INFO  clocks.c:458                          at iTOW = 134134838
1980-01-07 13:15:16 INFO  clocks.c:459         Estimated time of flight = -128 msec
1980-01-07 13:15:16 INFO  clocks.c:460                 Clock difference = -150 msec
1980-01-07 13:15:16 INFO  clocks.c:461       so local clock is lagging by  22 msec
1980-01-07 13:15:17 INFO  clocks.c:450 Local synchronized clock will be forwarded by 0.024 seconds
1980-01-07 13:15:17 INFO  clocks.c:455   because: remote clock was 124.1270 seconds
1980-01-07 13:15:17 INFO  clocks.c:456                          at iTOW = 134135264
1980-01-07 13:15:17 INFO  clocks.c:457              local clock is 123.9753 seconds
1980-01-07 13:15:17 INFO  clocks.c:458                          at iTOW = 134135138
1980-01-07 13:15:17 INFO  clocks.c:459         Estimated time of flight = -128 msec
1980-01-07 13:15:17 INFO  clocks.c:460                 Clock difference = -151 msec
1980-01-07 13:15:17 INFO  clocks.c:461       so local clock is lagging by  23 msec
1980-01-07 13:15:17 INFO  clocks.c:450 Local synchronized clock will be forwarded by 0.025 seconds
1980-01-07 13:15:17 INFO  clocks.c:455   because: remote clock was 124.2520 seconds
1980-01-07 13:15:17 INFO  clocks.c:456                          at iTOW = 134135368
1980-01-07 13:15:17 INFO  clocks.c:457              local clock is 124.0988 seconds
1980-01-07 13:15:17 INFO  clocks.c:458                          at iTOW = 134135238
1980-01-07 13:15:17 INFO  clocks.c:459         Estimated time of flight = -128 msec
1980-01-07 13:15:17 INFO  clocks.c:460                 Clock difference = -153 msec
1980-01-07 13:15:17 INFO  clocks.c:461       so local clock is lagging by  25 msec
1980-01-07 13:15:17 INFO  clocks.c:450 Local synchronized clock will be forwarded by 0.015 seconds
1980-01-07 13:15:17 INFO  clocks.c:455   because: remote clock was 124.4690 seconds
1980-01-07 13:15:17 INFO  clocks.c:456                          at iTOW = 134135558
1980-01-07 13:15:17 INFO  clocks.c:457              local clock is 124.3261 seconds
1980-01-07 13:15:17 INFO  clocks.c:458                          at iTOW = 134135440
1980-01-07 13:15:17 INFO  clocks.c:459         Estimated time of flight = -128 msec
1980-01-07 13:15:17 INFO  clocks.c:460                 Clock difference = -142 msec
1980-01-07 13:15:17 INFO  clocks.c:461       so local clock is lagging by  14 msec
1980-01-07 13:15:17 INFO  clocks.c:450 Local synchronized clock will be forwarded by 0.036 seconds
1980-01-07 13:15:17 INFO  clocks.c:455   because: remote clock was 124.6390 seconds
1980-01-07 13:15:17 INFO  clocks.c:456                          at iTOW = 134135728
1980-01-07 13:15:17 INFO  clocks.c:457              local clock is 124.5389 seconds
1980-01-07 13:15:17 INFO  clocks.c:458                          at iTOW = 134135638
1980-01-07 13:15:17 INFO  clocks.c:459         Estimated time of flight = -64 msec
1980-01-07 13:15:17 INFO  clocks.c:460                 Clock difference = -100 msec
1980-01-07 13:15:17 INFO  clocks.c:461       so local clock is lagging by  36 msec
1980-01-07 13:15:18 INFO  clocks.c:450 Local synchronized clock will be forwarded by 0.027 seconds
1980-01-07 13:15:18 INFO  clocks.c:455   because: remote clock was 125.1300 seconds
1980-01-07 13:15:18 INFO  clocks.c:456                          at iTOW = 134136170
1980-01-07 13:15:18 INFO  clocks.c:457              local clock is 124.9750 seconds
1980-01-07 13:15:18 INFO  clocks.c:458                          at iTOW = 134136038
1980-01-07 13:15:18 INFO  clocks.c:459         Estimated time of flight = -128 msec
1980-01-07 13:15:18 INFO  clocks.c:460                 Clock difference = -155 msec
1980-01-07 13:15:18 INFO  clocks.c:461       so local clock is lagging by  27 msec
1980-01-07 13:15:18 INFO  clocks.c:450 Local synchronized clock will be forwarded by 0.020 seconds
1980-01-07 13:15:18 INFO  clocks.c:455   because: remote clock was 125.5510 seconds
1980-01-07 13:15:18 INFO  clocks.c:456                          at iTOW = 134136566
1980-01-07 13:15:18 INFO  clocks.c:457              local clock is 125.4034 seconds
1980-01-07 13:15:18 INFO  clocks.c:458                          at iTOW = 134136439
1980-01-07 13:15:18 INFO  clocks.c:459         Estimated time of flight = -128 msec
1980-01-07 13:15:18 INFO  clocks.c:460                 Clock difference = -147 msec
1980-01-07 13:15:18 INFO  clocks.c:461       so local clock is lagging by  19 msec
1980-01-07 13:15:19 INFO  clocks.c:450 Local synchronized clock will be forwarded by 0.046 seconds
1980-01-07 13:15:19 INFO  clocks.c:455   because: remote clock was 126.2420 seconds
1980-01-07 13:15:19 INFO  clocks.c:456                          at iTOW = 134137238
1980-01-07 13:15:19 INFO  clocks.c:457              local clock is 126.1316 seconds
1980-01-07 13:15:19 INFO  clocks.c:458                          at iTOW = 134137148
1980-01-07 13:15:19 INFO  clocks.c:459         Estimated time of flight = -64 msec
1980-01-07 13:15:19 INFO  clocks.c:460                 Clock difference = -110 msec
1980-01-07 13:15:19 INFO  clocks.c:461       so local clock is lagging by  46 msec
1980-01-07 13:15:20 INFO  clocks.c:450 Local synchronized clock will be forwarded by 0.013 seconds
1980-01-07 13:15:20 INFO  clocks.c:455   because: remote clock was 127.3240 seconds
1980-01-07 13:15:20 INFO  clocks.c:456                          at iTOW = 134138273
1980-01-07 13:15:20 INFO  clocks.c:457              local clock is 127.1827 seconds
1980-01-07 13:15:20 INFO  clocks.c:458                          at iTOW = 134138153
1980-01-07 13:15:20 INFO  clocks.c:459         Estimated time of flight = -128 msec
1980-01-07 13:15:20 INFO  clocks.c:460                 Clock difference = -141 msec
1980-01-07 13:15:20 INFO  clocks.c:461       so local clock is lagging by  13 msec
1980-01-07 13:15:20 INFO  clocks.c:450 Local synchronized clock will be forwarded by 0.014 seconds
1980-01-07 13:15:20 INFO  clocks.c:455   because: remote clock was 127.8520 seconds
1980-01-07 13:15:20 INFO  clocks.c:456                          at iTOW = 134138781
1980-01-07 13:15:20 INFO  clocks.c:457              local clock is 127.7097 seconds
1980-01-07 13:15:20 INFO  clocks.c:458                          at iTOW = 134138666
1980-01-07 13:15:20 INFO  clocks.c:459         Estimated time of flight = -128 msec
1980-01-07 13:15:20 INFO  clocks.c:460                 Clock difference = -142 msec
1980-01-07 13:15:20 INFO  clocks.c:461       so local clock is lagging by  14 msec
1980-01-07 13:15:21 INFO  clocks.c:450 Local synchronized clock will be forwarded by 0.012 seconds
1980-01-07 13:15:21 INFO  clocks.c:455   because: remote clock was 129.1660 seconds
1980-01-07 13:15:21 INFO  clocks.c:456                          at iTOW = 134140084
1980-01-07 13:15:21 INFO  clocks.c:457              local clock is 129.0256 seconds
1980-01-07 13:15:21 INFO  clocks.c:458                          at iTOW = 134139968
1980-01-07 13:15:21 INFO  clocks.c:459         Estimated time of flight = -128 msec
1980-01-07 13:15:21 INFO  clocks.c:460                 Clock difference = -140 msec
1980-01-07 13:15:21 INFO  clocks.c:461       so local clock is lagging by  12 msec
1980-01-07 13:15:22 INFO  clocks.c:450 Local synchronized clock will be forwarded by 0.012 seconds
1980-01-07 13:15:22 INFO  clocks.c:455   because: remote clock was 129.4870 seconds
1980-01-07 13:15:22 INFO  clocks.c:456                          at iTOW = 134140392
1980-01-07 13:15:22 INFO  clocks.c:457              local clock is 129.3466 seconds
1980-01-07 13:15:22 INFO  clocks.c:458                          at iTOW = 134140277
1980-01-07 13:15:22 INFO  clocks.c:459         Estimated time of flight = -128 msec
1980-01-07 13:15:22 INFO  clocks.c:460                 Clock difference = -140 msec
1980-01-07 13:15:22 INFO  clocks.c:461       so local clock is lagging by  12 msec
1980-01-07 13:15:22 INFO  clocks.c:450 Local synchronized clock will be forwarded by 0.016 seconds
1980-01-07 13:15:22 INFO  clocks.c:455   because: remote clock was 129.6030 seconds
1980-01-07 13:15:22 INFO  clocks.c:456                          at iTOW = 134140492
1980-01-07 13:15:22 INFO  clocks.c:457              local clock is 129.4595 seconds
1980-01-07 13:15:22 INFO  clocks.c:458                          at iTOW = 134140377
1980-01-07 13:15:22 INFO  clocks.c:459         Estimated time of flight = -128 msec
1980-01-07 13:15:22 INFO  clocks.c:460                 Clock difference = -143 msec
1980-01-07 13:15:22 INFO  clocks.c:461       so local clock is lagging by  15 msec
1980-01-07 13:15:22 INFO  clocks.c:450 Local synchronized clock will be forwarded by 0.023 seconds
1980-01-07 13:15:22 INFO  clocks.c:455   because: remote clock was 129.7640 seconds
1980-01-07 13:15:22 INFO  clocks.c:456                          at iTOW = 134140653
1980-01-07 13:15:22 INFO  clocks.c:457              local clock is 129.6768 seconds
1980-01-07 13:15:22 INFO  clocks.c:458                          at iTOW = 134140579
1980-01-07 13:15:22 INFO  clocks.c:459         Estimated time of flight = -64 msec
1980-01-07 13:15:22 INFO  clocks.c:460                 Clock difference = -87 msec
1980-01-07 13:15:22 INFO  clocks.c:461       so local clock is lagging by  23 msec
1980-01-07 13:15:22 INFO  clocks.c:450 Local synchronized clock will be forwarded by 0.013 seconds
1980-01-07 13:15:22 INFO  clocks.c:455   because: remote clock was 129.9400 seconds
1980-01-07 13:15:22 INFO  clocks.c:456                          at iTOW = 134140795
1980-01-07 13:15:22 INFO  clocks.c:457              local clock is 129.7991 seconds
1980-01-07 13:15:22 INFO  clocks.c:458                          at iTOW = 134140678
1980-01-07 13:15:22 INFO  clocks.c:459         Estimated time of flight = -128 msec
1980-01-07 13:15:22 INFO  clocks.c:460                 Clock difference = -140 msec
1980-01-07 13:15:22 INFO  clocks.c:461       so local clock is lagging by  12 msec
1980-01-07 13:15:23 INFO  clocks.c:450 Local synchronized clock will be forwarded by 0.041 seconds
1980-01-07 13:15:23 INFO  clocks.c:455   because: remote clock was 130.7170 seconds
1980-01-07 13:15:23 INFO  clocks.c:456                          at iTOW = 134141572
1980-01-07 13:15:23 INFO  clocks.c:457              local clock is 130.6116 seconds
1980-01-07 13:15:23 INFO  clocks.c:458                          at iTOW = 134141477
1980-01-07 13:15:23 INFO  clocks.c:459         Estimated time of flight = -64 msec
1980-01-07 13:15:23 INFO  clocks.c:460                 Clock difference = -105 msec
1980-01-07 13:15:23 INFO  clocks.c:461       so local clock is lagging by  41 msec
1980-01-07 13:15:23 INFO  clocks.c:450 Local synchronized clock will be forwarded by 0.058 seconds
1980-01-07 13:15:23 INFO  clocks.c:455   because: remote clock was 130.8780 seconds
1980-01-07 13:15:23 INFO  clocks.c:456                          at iTOW = 134141674
1980-01-07 13:15:23 INFO  clocks.c:457              local clock is 130.7555 seconds
1980-01-07 13:15:23 INFO  clocks.c:458                          at iTOW = 134141580
1980-01-07 13:15:23 INFO  clocks.c:459         Estimated time of flight = -64 msec
1980-01-07 13:15:23 INFO  clocks.c:460                 Clock difference = -122 msec
1980-01-07 13:15:23 INFO  clocks.c:461       so local clock is lagging by  58 msec
1980-01-07 13:15:23 INFO  clocks.c:450 Local synchronized clock will be forwarded by 0.022 seconds
1980-01-07 13:15:23 INFO  clocks.c:455   because: remote clock was 131.0630 seconds
1980-01-07 13:15:23 INFO  clocks.c:456                          at iTOW = 134141813
1980-01-07 13:15:23 INFO  clocks.c:457              local clock is 130.9128 seconds
1980-01-07 13:15:23 INFO  clocks.c:458                          at iTOW = 134141679
1980-01-07 13:15:23 INFO  clocks.c:459         Estimated time of flight = -128 msec
1980-01-07 13:15:23 INFO  clocks.c:460                 Clock difference = -150 msec
1980-01-07 13:15:23 INFO  clocks.c:461       so local clock is lagging by  22 msec
1980-01-07 13:15:24 INFO  clocks.c:450 Local synchronized clock will be forwarded by 0.014 seconds
1980-01-07 13:15:24 INFO  clocks.c:455   because: remote clock was 131.5760 seconds
1980-01-07 13:15:24 INFO  clocks.c:456                          at iTOW = 134142302
1980-01-07 13:15:24 INFO  clocks.c:457              local clock is 131.4342 seconds
1980-01-07 13:15:24 INFO  clocks.c:458                          at iTOW = 134142178
1980-01-07 13:15:24 INFO  clocks.c:459         Estimated time of flight = -128 msec
1980-01-07 13:15:24 INFO  clocks.c:460                 Clock difference = -141 msec
1980-01-07 13:15:24 INFO  clocks.c:461       so local clock is lagging by  13 msec
1980-01-07 13:15:24 INFO  clocks.c:450 Local synchronized clock will be forwarded by 0.027 seconds
1980-01-07 13:15:24 INFO  clocks.c:455   because: remote clock was 131.7940 seconds
1980-01-07 13:15:24 INFO  clocks.c:456                          at iTOW = 134142503
1980-01-07 13:15:24 INFO  clocks.c:457              local clock is 131.6394 seconds
1980-01-07 13:15:24 INFO  clocks.c:458                          at iTOW = 134142369
1980-01-07 13:15:24 INFO  clocks.c:459         Estimated time of flight = -128 msec
1980-01-07 13:15:24 INFO  clocks.c:460                 Clock difference = -154 msec
1980-01-07 13:15:24 INFO  clocks.c:461       so local clock is lagging by  26 msec
1980-01-07 13:15:24 INFO  clocks.c:450 Local synchronized clock will be forwarded by 0.035 seconds
1980-01-07 13:15:24 INFO  clocks.c:455   because: remote clock was 132.2650 seconds
1980-01-07 13:15:24 INFO  clocks.c:456                          at iTOW = 134142950
1980-01-07 13:15:24 INFO  clocks.c:457              local clock is 132.1663 seconds
1980-01-07 13:15:24 INFO  clocks.c:458                          at iTOW = 134142870
1980-01-07 13:15:24 INFO  clocks.c:459         Estimated time of flight = -64 msec
1980-01-07 13:15:24 INFO  clocks.c:460                 Clock difference = -98 msec
1980-01-07 13:15:24 INFO  clocks.c:461       so local clock is lagging by  34 msec
1980-01-07 13:15:25 INFO  clocks.c:450 Local synchronized clock will be forwarded by 0.014 seconds
1980-01-07 13:15:25 INFO  clocks.c:455   because: remote clock was 132.7510 seconds
1980-01-07 13:15:25 INFO  clocks.c:456                          at iTOW = 134143400
1980-01-07 13:15:25 INFO  clocks.c:457              local clock is 132.6093 seconds
1980-01-07 13:15:25 INFO  clocks.c:458                          at iTOW = 134143278
1980-01-07 13:15:25 INFO  clocks.c:459         Estimated time of flight = -128 msec
1980-01-07 13:15:25 INFO  clocks.c:460                 Clock difference = -141 msec
1980-01-07 13:15:25 INFO  clocks.c:461       so local clock is lagging by  13 msec
1980-01-07 13:15:25 INFO  clocks.c:450 Local synchronized clock will be forwarded by 0.019 seconds
1980-01-07 13:15:25 INFO  clocks.c:455   because: remote clock was 133.0710 seconds
1980-01-07 13:15:25 INFO  clocks.c:456                          at iTOW = 134143701
1980-01-07 13:15:25 INFO  clocks.c:457              local clock is 132.9238 seconds
1980-01-07 13:15:25 INFO  clocks.c:458                          at iTOW = 134143579
1980-01-07 13:15:25 INFO  clocks.c:459         Estimated time of flight = -128 msec
1980-01-07 13:15:25 INFO  clocks.c:460                 Clock difference = -147 msec
1980-01-07 13:15:25 INFO  clocks.c:461       so local clock is lagging by  19 msec
1980-01-07 13:15:25 INFO  clocks.c:450 Local synchronized clock will be forwarded by 0.025 seconds
1980-01-07 13:15:25 INFO  clocks.c:455   because: remote clock was 133.1310 seconds
1980-01-07 13:15:25 INFO  clocks.c:456                          at iTOW = 134143761
1980-01-07 13:15:25 INFO  clocks.c:457              local clock is 133.0422 seconds
1980-01-07 13:15:25 INFO  clocks.c:458                          at iTOW = 134143678
1980-01-07 13:15:25 INFO  clocks.c:459         Estimated time of flight = -64 msec
1980-01-07 13:15:25 INFO  clocks.c:460                 Clock difference = -88 msec
1980-01-07 13:15:25 INFO  clocks.c:461       so local clock is lagging by  24 msec
1980-01-07 13:15:26 INFO  clocks.c:450 Local synchronized clock will be forwarded by 0.037 seconds
1980-01-07 13:15:26 INFO  clocks.c:455   because: remote clock was 133.8780 seconds
1980-01-07 13:15:26 INFO  clocks.c:456                          at iTOW = 134144464
1980-01-07 13:15:26 INFO  clocks.c:457              local clock is 133.7770 seconds
1980-01-07 13:15:26 INFO  clocks.c:458                          at iTOW = 134144388
1980-01-07 13:15:26 INFO  clocks.c:459         Estimated time of flight = -64 msec
1980-01-07 13:15:26 INFO  clocks.c:460                 Clock difference = -100 msec
1980-01-07 13:15:26 INFO  clocks.c:461       so local clock is lagging by  36 msec
1980-01-07 13:15:26 INFO  clocks.c:450 Local synchronized clock will be forwarded by 0.012 seconds
1980-01-07 13:15:26 INFO  clocks.c:455   because: remote clock was 134.3540 seconds
1980-01-07 13:15:26 INFO  clocks.c:456                          at iTOW = 134144907
1980-01-07 13:15:26 INFO  clocks.c:457              local clock is 134.2140 seconds
1980-01-07 13:15:26 INFO  clocks.c:458                          at iTOW = 134144788
1980-01-07 13:15:26 INFO  clocks.c:459         Estimated time of flight = -128 msec
1980-01-07 13:15:26 INFO  clocks.c:460                 Clock difference = -140 msec
1980-01-07 13:15:26 INFO  clocks.c:461       so local clock is lagging by  12 msec
1980-01-07 13:15:26 INFO  clocks.c:450 Local synchronized clock will be forwarded by 0.015 seconds
1980-01-07 13:15:26 INFO  clocks.c:455   because: remote clock was 134.4690 seconds
1980-01-07 13:15:26 INFO  clocks.c:456                          at iTOW = 134145010
1980-01-07 13:15:26 INFO  clocks.c:457              local clock is 134.3260 seconds
1980-01-07 13:15:26 INFO  clocks.c:458                          at iTOW = 134144888
1980-01-07 13:15:26 INFO  clocks.c:459         Estimated time of flight = -128 msec
1980-01-07 13:15:26 INFO  clocks.c:460                 Clock difference = -143 msec
1980-01-07 13:15:26 INFO  clocks.c:461       so local clock is lagging by  14 msec
1980-01-07 13:15:27 INFO  clocks.c:450 Local synchronized clock will be forwarded by 0.027 seconds
1980-01-07 13:15:27 INFO  clocks.c:455   because: remote clock was 134.7970 seconds
1980-01-07 13:15:27 INFO  clocks.c:456                          at iTOW = 134145323
1980-01-07 13:15:27 INFO  clocks.c:457              local clock is 134.6421 seconds
1980-01-07 13:15:27 INFO  clocks.c:458                          at iTOW = 134145189
1980-01-07 13:15:27 INFO  clocks.c:459         Estimated time of flight = -128 msec
1980-01-07 13:15:27 INFO  clocks.c:460                 Clock difference = -154 msec
1980-01-07 13:15:27 INFO  clocks.c:461       so local clock is lagging by  26 msec
1980-01-07 13:15:27 INFO  clocks.c:450 Local synchronized clock will be forwarded by 0.035 seconds
1980-01-07 13:15:27 INFO  clocks.c:455   because: remote clock was 134.8670 seconds
1980-01-07 13:15:27 INFO  clocks.c:456                          at iTOW = 134145364
1980-01-07 13:15:27 INFO  clocks.c:457              local clock is 134.7679 seconds
1980-01-07 13:15:27 INFO  clocks.c:458                          at iTOW = 134145288
1980-01-07 13:15:27 INFO  clocks.c:459         Estimated time of flight = -64 msec
1980-01-07 13:15:27 INFO  clocks.c:460                 Clock difference = -99 msec
1980-01-07 13:15:27 INFO  clocks.c:461       so local clock is lagging by  35 msec
1980-01-07 13:15:27 INFO  clocks.c:450 Local synchronized clock will be forwarded by 0.019 seconds
1980-01-07 13:15:27 INFO  clocks.c:455   because: remote clock was 135.2500 seconds
1980-01-07 13:15:27 INFO  clocks.c:456                          at iTOW = 134145707
1980-01-07 13:15:27 INFO  clocks.c:457              local clock is 135.1030 seconds
1980-01-07 13:15:27 INFO  clocks.c:458                          at iTOW = 134145588
1980-01-07 13:15:27 INFO  clocks.c:459         Estimated time of flight = -128 msec
1980-01-07 13:15:27 INFO  clocks.c:460                 Clock difference = -146 msec
1980-01-07 13:15:27 INFO  clocks.c:461       so local clock is lagging by  18 msec
1980-01-07 13:15:27 INFO  clocks.c:450 Local synchronized clock will be forwarded by 0.027 seconds
1980-01-07 13:15:27 INFO  clocks.c:455   because: remote clock was 135.4830 seconds
1980-01-07 13:15:27 INFO  clocks.c:456                          at iTOW = 134145921
1980-01-07 13:15:27 INFO  clocks.c:457              local clock is 135.3279 seconds
1980-01-07 13:15:27 INFO  clocks.c:458                          at iTOW = 134145794
1980-01-07 13:15:27 INFO  clocks.c:459         Estimated time of flight = -128 msec
1980-01-07 13:15:27 INFO  clocks.c:460                 Clock difference = -155 msec
1980-01-07 13:15:27 INFO  clocks.c:461       so local clock is lagging by  27 msec
1980-01-07 13:15:27 INFO  clocks.c:450 Local synchronized clock will be forwarded by 0.059 seconds
1980-01-07 13:15:27 INFO  clocks.c:455   because: remote clock was 135.6810 seconds
1980-01-07 13:15:27 INFO  clocks.c:456                          at iTOW = 134146090
1980-01-07 13:15:27 INFO  clocks.c:457              local clock is 135.5579 seconds
1980-01-07 13:15:27 INFO  clocks.c:458                          at iTOW = 134145997
1980-01-07 13:15:27 INFO  clocks.c:459         Estimated time of flight = -64 msec
1980-01-07 13:15:27 INFO  clocks.c:460                 Clock difference = -123 msec
1980-01-07 13:15:27 INFO  clocks.c:461       so local clock is lagging by  59 msec
1980-01-07 13:15:28 INFO  clocks.c:450 Local synchronized clock will be forwarded by 0.023 seconds
1980-01-07 13:15:28 INFO  clocks.c:455   because: remote clock was 135.9670 seconds
1980-01-07 13:15:28 INFO  clocks.c:456                          at iTOW = 134146326
1980-01-07 13:15:28 INFO  clocks.c:457              local clock is 135.8163 seconds
1980-01-07 13:15:28 INFO  clocks.c:458                          at iTOW = 134146196
1980-01-07 13:15:28 INFO  clocks.c:459         Estimated time of flight = -128 msec
1980-01-07 13:15:28 INFO  clocks.c:460                 Clock difference = -150 msec
1980-01-07 13:15:28 INFO  clocks.c:461       so local clock is lagging by  22 msec
1980-01-07 13:15:28 INFO  clocks.c:450 Local synchronized clock will be forwarded by 0.018 seconds
1980-01-07 13:15:28 INFO  clocks.c:455   because: remote clock was 136.3290 seconds
1980-01-07 13:15:28 INFO  clocks.c:456                          at iTOW = 134146688
1980-01-07 13:15:28 INFO  clocks.c:457              local clock is 136.2465 seconds
1980-01-07 13:15:28 INFO  clocks.c:458                          at iTOW = 134146604
1980-01-07 13:15:28 INFO  clocks.c:459         Estimated time of flight = -64 msec
1980-01-07 13:15:28 INFO  clocks.c:460                 Clock difference = -82 msec
1980-01-07 13:15:28 INFO  clocks.c:461       so local clock is lagging by  18 msec
1980-01-07 13:15:28 WARN  algorithms/waypoint.c:1099 Drift from waypoint is large (3.00 > 3.00 m)
1980-01-07 13:15:29 INFO  clocks.c:450 Local synchronized clock will be forwarded by 0.026 seconds
1980-01-07 13:15:29 INFO  clocks.c:455   because: remote clock was 136.9230 seconds
1980-01-07 13:15:29 INFO  clocks.c:456                          at iTOW = 134147235
1980-01-07 13:15:29 INFO  clocks.c:457              local clock is 136.7693 seconds
1980-01-07 13:15:29 INFO  clocks.c:458                          at iTOW = 134147108
1980-01-07 13:15:29 INFO  clocks.c:459         Estimated time of flight = -128 msec
1980-01-07 13:15:29 INFO  clocks.c:460                 Clock difference = -153 msec
1980-01-07 13:15:29 INFO  clocks.c:461       so local clock is lagging by  25 msec
1980-01-07 13:15:30 INFO  algorithms/waypoint.c:1104 Drift from waypoint is under threshold again
1980-01-07 13:15:30 INFO  clocks.c:450 Local synchronized clock will be forwarded by 0.011 seconds
1980-01-07 13:15:30 INFO  clocks.c:455   because: remote clock was 138.3340 seconds
1980-01-07 13:15:30 INFO  clocks.c:456                          at iTOW = 134148634
1980-01-07 13:15:30 INFO  clocks.c:457              local clock is 138.1950 seconds
1980-01-07 13:15:30 INFO  clocks.c:458                          at iTOW = 134148508
1980-01-07 13:15:30 INFO  clocks.c:459         Estimated time of flight = -128 msec
1980-01-07 13:15:30 INFO  clocks.c:460                 Clock difference = -139 msec
1980-01-07 13:15:30 INFO  clocks.c:461       so local clock is lagging by  11 msec
1980-01-07 13:15:31 INFO  clocks.c:450 Local synchronized clock will be forwarded by 0.020 seconds
1980-01-07 13:15:31 INFO  clocks.c:455   because: remote clock was 138.8540 seconds
1980-01-07 13:15:31 INFO  clocks.c:456                          at iTOW = 134149135
1980-01-07 13:15:31 INFO  clocks.c:457              local clock is 138.7059 seconds
1980-01-07 13:15:31 INFO  clocks.c:458                          at iTOW = 134149008
1980-01-07 13:15:31 INFO  clocks.c:459         Estimated time of flight = -128 msec
1980-01-07 13:15:31 INFO  clocks.c:460                 Clock difference = -148 msec
1980-01-07 13:15:31 INFO  clocks.c:461       so local clock is lagging by  20 msec
1980-01-07 13:15:31 WARN  algorithms/waypoint.c:1099 Drift from waypoint is large (3.00 > 3.00 m)
1980-01-07 13:15:31 INFO  algorithms/waypoint.c:1104 Drift from waypoint is under threshold again
1980-01-07 13:15:31 WARN  algorithms/waypoint.c:1099 Drift from waypoint is large (3.03 > 3.00 m)
1980-01-07 13:15:31 INFO  algorithms/waypoint.c:1104 Drift from waypoint is under threshold again
1980-01-07 13:15:31 WARN  algorithms/waypoint.c:1099 Drift from waypoint is large (3.03 > 3.00 m)
1980-01-07 13:15:31 INFO  clocks.c:450 Local synchronized clock will be forwarded by 0.021 seconds
1980-01-07 13:15:31 INFO  clocks.c:455   because: remote clock was 139.1870 seconds
1980-01-07 13:15:31 INFO  clocks.c:456                          at iTOW = 134149440
1980-01-07 13:15:31 INFO  clocks.c:457              local clock is 139.0378 seconds
1980-01-07 13:15:31 INFO  clocks.c:458                          at iTOW = 134149320
1980-01-07 13:15:31 INFO  clocks.c:459         Estimated time of flight = -128 msec
1980-01-07 13:15:31 INFO  clocks.c:460                 Clock difference = -149 msec
1980-01-07 13:15:31 INFO  clocks.c:461       so local clock is lagging by  21 msec
1980-01-07 13:15:31 INFO  autopilots/pixhawk/driver.c:1721 statustext: RCInput: decoding UNKNOWN (severity: 7 - DEBUG)
1980-01-07 13:15:31 INFO  algorithms/waypoint.c:1104 Drift from waypoint is under threshold again
1980-01-07 13:15:31 WARN  algorithms/waypoint.c:1099 Drift from waypoint is large (3.07 > 3.00 m)
1980-01-07 13:15:31 INFO  algorithms/waypoint.c:1104 Drift from waypoint is under threshold again
1980-01-07 13:15:31 INFO  autopilots/pixhawk/driver.c:1721 statustext: RCInput: decoding PX4IO_PPM (severity: 7 - DEBUG)
1980-01-07 13:15:32 INFO  clocks.c:450 Local synchronized clock will be forwarded by 0.017 seconds
1980-01-07 13:15:32 INFO  clocks.c:455   because: remote clock was 140.2130 seconds
1980-01-07 13:15:32 INFO  clocks.c:456                          at iTOW = 134150452
1980-01-07 13:15:32 INFO  clocks.c:457              local clock is 140.0683 seconds
1980-01-07 13:15:32 INFO  clocks.c:458                          at iTOW = 134150329
1980-01-07 13:15:32 INFO  clocks.c:459         Estimated time of flight = -128 msec
1980-01-07 13:15:32 INFO  clocks.c:460                 Clock difference = -144 msec
1980-01-07 13:15:32 INFO  clocks.c:461       so local clock is lagging by  16 msec
1980-01-07 13:15:32 INFO  clocks.c:450 Local synchronized clock will be forwarded by 0.021 seconds
1980-01-07 13:15:32 INFO  clocks.c:455   because: remote clock was 140.4330 seconds
1980-01-07 13:15:32 INFO  clocks.c:456                          at iTOW = 134150652
1980-01-07 13:15:32 INFO  clocks.c:457              local clock is 140.2839 seconds
1980-01-07 13:15:32 INFO  clocks.c:458                          at iTOW = 134150528
1980-01-07 13:15:32 INFO  clocks.c:459         Estimated time of flight = -128 msec
1980-01-07 13:15:32 INFO  clocks.c:460                 Clock difference = -149 msec
1980-01-07 13:15:32 INFO  clocks.c:461       so local clock is lagging by  21 msec
1980-01-07 13:15:32 INFO  clocks.c:450 Local synchronized clock will be forwarded by 0.017 seconds
1980-01-07 13:15:32 INFO  clocks.c:455   because: remote clock was 140.6420 seconds
1980-01-07 13:15:32 INFO  clocks.c:456                          at iTOW = 134150835
1980-01-07 13:15:32 INFO  clocks.c:457              local clock is 140.4970 seconds
1980-01-07 13:15:32 INFO  clocks.c:458                          at iTOW = 134150720
1980-01-07 13:15:32 INFO  clocks.c:459         Estimated time of flight = -128 msec
1980-01-07 13:15:32 INFO  clocks.c:460                 Clock difference = -144 msec
1980-01-07 13:15:32 INFO  clocks.c:461       so local clock is lagging by  16 msec
1980-01-07 13:15:32 INFO  autopilots/pixhawk/driver.c:1721 statustext: RCInput: decoding UNKNOWN (severity: 7 - DEBUG)
1980-01-07 13:15:33 INFO  clocks.c:450 Local synchronized clock will be forwarded by 0.011 seconds
1980-01-07 13:15:33 INFO  clocks.c:455   because: remote clock was 140.9550 seconds
1980-01-07 13:15:33 INFO  clocks.c:456                          at iTOW = 134151136
1980-01-07 13:15:33 INFO  clocks.c:457              local clock is 140.8156 seconds
1980-01-07 13:15:33 INFO  clocks.c:458                          at iTOW = 134151022
1980-01-07 13:15:33 INFO  clocks.c:459         Estimated time of flight = -128 msec
1980-01-07 13:15:33 INFO  clocks.c:460                 Clock difference = -139 msec
1980-01-07 13:15:33 INFO  clocks.c:461       so local clock is lagging by  11 msec
1980-01-07 13:15:33 INFO  autopilots/pixhawk/driver.c:1721 statustext: RCInput: decoding PX4IO_PPM (severity: 7 - DEBUG)
1980-01-07 13:15:34 INFO  clocks.c:450 Local synchronized clock will be forwarded by 0.020 seconds
1980-01-07 13:15:34 INFO  clocks.c:455   because: remote clock was 141.9770 seconds
1980-01-07 13:15:34 INFO  clocks.c:456                          at iTOW = 134152158
1980-01-07 13:15:34 INFO  clocks.c:457              local clock is 141.8292 seconds
1980-01-07 13:15:34 INFO  clocks.c:458                          at iTOW = 134152024
1980-01-07 13:15:34 INFO  clocks.c:459         Estimated time of flight = -128 msec
1980-01-07 13:15:34 INFO  clocks.c:460                 Clock difference = -147 msec
1980-01-07 13:15:34 INFO  clocks.c:461       so local clock is lagging by  19 msec
1980-01-07 13:15:34 INFO  clocks.c:450 Local synchronized clock will be forwarded by 0.012 seconds
1980-01-07 13:15:34 INFO  clocks.c:455   because: remote clock was 142.8930 seconds
1980-01-07 13:15:34 INFO  clocks.c:456                          at iTOW = 134153049
1980-01-07 13:15:34 INFO  clocks.c:457              local clock is 142.7533 seconds
1980-01-07 13:15:34 INFO  clocks.c:458                          at iTOW = 134152928
1980-01-07 13:15:34 INFO  clocks.c:459         Estimated time of flight = -128 msec
1980-01-07 13:15:34 INFO  clocks.c:460                 Clock difference = -139 msec
1980-01-07 13:15:34 INFO  clocks.c:461       so local clock is lagging by  11 msec
1980-01-07 13:15:35 INFO  clocks.c:450 Local synchronized clock will be forwarded by 0.031 seconds
1980-01-07 13:15:35 INFO  clocks.c:455   because: remote clock was 143.2150 seconds
1980-01-07 13:15:35 INFO  clocks.c:456                          at iTOW = 134153353
1980-01-07 13:15:35 INFO  clocks.c:457              local clock is 143.0559 seconds
1980-01-07 13:15:35 INFO  clocks.c:458                          at iTOW = 134153219
1980-01-07 13:15:35 INFO  clocks.c:459         Estimated time of flight = -128 msec
1980-01-07 13:15:35 INFO  clocks.c:460                 Clock difference = -159 msec
1980-01-07 13:15:35 INFO  clocks.c:461       so local clock is lagging by  31 msec
1980-01-07 13:15:35 INFO  clocks.c:450 Local synchronized clock will be forwarded by 0.014 seconds
1980-01-07 13:15:35 INFO  clocks.c:455   because: remote clock was 143.4300 seconds
1980-01-07 13:15:35 INFO  clocks.c:456                          at iTOW = 134153534
1980-01-07 13:15:35 INFO  clocks.c:457              local clock is 143.2875 seconds
1980-01-07 13:15:35 INFO  clocks.c:458                          at iTOW = 134153419
1980-01-07 13:15:35 INFO  clocks.c:459         Estimated time of flight = -128 msec
1980-01-07 13:15:35 INFO  clocks.c:460                 Clock difference = -142 msec
1980-01-07 13:15:35 INFO  clocks.c:461       so local clock is lagging by  14 msec
1980-01-07 13:15:35 INFO  clocks.c:450 Local synchronized clock will be forwarded by 0.014 seconds
1980-01-07 13:15:35 INFO  clocks.c:455   because: remote clock was 143.6480 seconds
1980-01-07 13:15:35 INFO  clocks.c:456                          at iTOW = 134153737
1980-01-07 13:15:35 INFO  clocks.c:457              local clock is 143.5064 seconds
1980-01-07 13:15:35 INFO  clocks.c:458                          at iTOW = 134153624
1980-01-07 13:15:35 INFO  clocks.c:459         Estimated time of flight = -128 msec
1980-01-07 13:15:35 INFO  clocks.c:460                 Clock difference = -141 msec
1980-01-07 13:15:35 INFO  clocks.c:461       so local clock is lagging by  13 msec
1980-01-07 13:15:35 INFO  clocks.c:450 Local synchronized clock will be forwarded by 0.045 seconds
1980-01-07 13:15:35 INFO  clocks.c:455   because: remote clock was 143.7290 seconds
1980-01-07 13:15:35 INFO  clocks.c:456                          at iTOW = 134153818
1980-01-07 13:15:35 INFO  clocks.c:457              local clock is 143.6203 seconds
1980-01-07 13:15:35 INFO  clocks.c:458                          at iTOW = 134153724
1980-01-07 13:15:35 INFO  clocks.c:459         Estimated time of flight = -64 msec
1980-01-07 13:15:35 INFO  clocks.c:460                 Clock difference = -108 msec
1980-01-07 13:15:35 INFO  clocks.c:461       so local clock is lagging by  44 msec
1980-01-07 13:15:36 INFO  clocks.c:450 Local synchronized clock will be forwarded by 0.017 seconds
1980-01-07 13:15:36 INFO  clocks.c:455   because: remote clock was 144.1110 seconds
1980-01-07 13:15:36 INFO  clocks.c:456                          at iTOW = 134154140
1980-01-07 13:15:36 INFO  clocks.c:457              local clock is 143.9662 seconds
1980-01-07 13:15:36 INFO  clocks.c:458                          at iTOW = 134154025
1980-01-07 13:15:36 INFO  clocks.c:459         Estimated time of flight = -128 msec
1980-01-07 13:15:36 INFO  clocks.c:460                 Clock difference = -144 msec
1980-01-07 13:15:36 INFO  clocks.c:461       so local clock is lagging by  16 msec
1980-01-07 13:15:36 INFO  clocks.c:450 Local synchronized clock will be forwarded by 0.036 seconds
1980-01-07 13:15:36 INFO  clocks.c:455   because: remote clock was 144.3850 seconds
1980-01-07 13:15:36 INFO  clocks.c:456                          at iTOW = 134154414
1980-01-07 13:15:36 INFO  clocks.c:457              local clock is 144.2853 seconds
1980-01-07 13:15:36 INFO  clocks.c:458                          at iTOW = 134154328
1980-01-07 13:15:36 INFO  clocks.c:459         Estimated time of flight = -64 msec
1980-01-07 13:15:36 INFO  clocks.c:460                 Clock difference = -99 msec
1980-01-07 13:15:36 INFO  clocks.c:461       so local clock is lagging by  35 msec
1980-01-07 13:15:37 INFO  clocks.c:450 Local synchronized clock will be forwarded by 0.020 seconds
1980-01-07 13:15:37 INFO  clocks.c:455   because: remote clock was 145.2700 seconds
1980-01-07 13:15:37 INFO  clocks.c:456                          at iTOW = 134155264
1980-01-07 13:15:37 INFO  clocks.c:457              local clock is 145.1223 seconds
1980-01-07 13:15:37 INFO  clocks.c:458                          at iTOW = 134155129
1980-01-07 13:15:37 INFO  clocks.c:459         Estimated time of flight = -128 msec
1980-01-07 13:15:37 INFO  clocks.c:460                 Clock difference = -147 msec
1980-01-07 13:15:37 INFO  clocks.c:461       so local clock is lagging by  19 msec
1980-01-07 13:15:37 INFO  clocks.c:450 Local synchronized clock will be forwarded by 0.037 seconds
1980-01-07 13:15:37 INFO  clocks.c:455   because: remote clock was 145.3420 seconds
1980-01-07 13:15:37 INFO  clocks.c:456                          at iTOW = 134155304
1980-01-07 13:15:37 INFO  clocks.c:457              local clock is 145.2407 seconds
1980-01-07 13:15:37 INFO  clocks.c:458                          at iTOW = 134155228
1980-01-07 13:15:37 INFO  clocks.c:459         Estimated time of flight = -64 msec
1980-01-07 13:15:37 INFO  clocks.c:460                 Clock difference = -101 msec
1980-01-07 13:15:37 INFO  clocks.c:461       so local clock is lagging by  37 msec
1980-01-07 13:15:37 INFO  clocks.c:450 Local synchronized clock will be forwarded by 0.018 seconds
1980-01-07 13:15:37 INFO  clocks.c:455   because: remote clock was 145.7250 seconds
1980-01-07 13:15:37 INFO  clocks.c:456                          at iTOW = 134155650
1980-01-07 13:15:37 INFO  clocks.c:457              local clock is 145.5795 seconds
1980-01-07 13:15:37 INFO  clocks.c:458                          at iTOW = 134155529
1980-01-07 13:15:37 INFO  clocks.c:459         Estimated time of flight = -128 msec
1980-01-07 13:15:37 INFO  clocks.c:460                 Clock difference = -145 msec
1980-01-07 13:15:37 INFO  clocks.c:461       so local clock is lagging by  17 msec
1980-01-07 13:15:37 INFO  clocks.c:450 Local synchronized clock will be forwarded by 0.010 seconds
1980-01-07 13:15:37 INFO  clocks.c:455   because: remote clock was 146.1300 seconds
1980-01-07 13:15:37 INFO  clocks.c:456                          at iTOW = 134156038
1980-01-07 13:15:37 INFO  clocks.c:457              local clock is 145.9917 seconds
1980-01-07 13:15:37 INFO  clocks.c:458                          at iTOW = 134155924
1980-01-07 13:15:37 INFO  clocks.c:459         Estimated time of flight = -128 msec
1980-01-07 13:15:37 INFO  clocks.c:460                 Clock difference = -138 msec
1980-01-07 13:15:37 INFO  clocks.c:461       so local clock is lagging by  10 msec
1980-01-07 13:15:38 INFO  clocks.c:450 Local synchronized clock will be forwarded by 0.012 seconds
1980-01-07 13:15:38 INFO  clocks.c:455   because: remote clock was 146.5470 seconds
1980-01-07 13:15:38 INFO  clocks.c:456                          at iTOW = 134156444
1980-01-07 13:15:38 INFO  clocks.c:457              local clock is 146.4074 seconds
1980-01-07 13:15:38 INFO  clocks.c:458                          at iTOW = 134156329
1980-01-07 13:15:38 INFO  clocks.c:459         Estimated time of flight = -128 msec
1980-01-07 13:15:38 INFO  clocks.c:460                 Clock difference = -139 msec
1980-01-07 13:15:38 INFO  clocks.c:461       so local clock is lagging by  11 msec
1980-01-07 13:15:38 INFO  clocks.c:450 Local synchronized clock will be forwarded by 0.017 seconds
1980-01-07 13:15:38 INFO  clocks.c:455   because: remote clock was 146.7620 seconds
1980-01-07 13:15:38 INFO  clocks.c:456                          at iTOW = 134156646
1980-01-07 13:15:38 INFO  clocks.c:457              local clock is 146.6174 seconds
1980-01-07 13:15:38 INFO  clocks.c:458                          at iTOW = 134156528
1980-01-07 13:15:38 INFO  clocks.c:459         Estimated time of flight = -128 msec
1980-01-07 13:15:38 INFO  clocks.c:460                 Clock difference = -144 msec
1980-01-07 13:15:38 INFO  clocks.c:461       so local clock is lagging by  16 msec
1980-01-07 13:15:38 INFO  clocks.c:450 Local synchronized clock will be forwarded by 0.010 seconds
1980-01-07 13:15:38 INFO  clocks.c:455   because: remote clock was 147.0640 seconds
1980-01-07 13:15:38 INFO  clocks.c:456                          at iTOW = 134156948
1980-01-07 13:15:38 INFO  clocks.c:457              local clock is 146.9260 seconds
1980-01-07 13:15:38 INFO  clocks.c:458                          at iTOW = 134156820
1980-01-07 13:15:38 INFO  clocks.c:459         Estimated time of flight = -128 msec
1980-01-07 13:15:38 INFO  clocks.c:460                 Clock difference = -138 msec
1980-01-07 13:15:38 INFO  clocks.c:461       so local clock is lagging by  10 msec
1980-01-07 13:15:39 INFO  clocks.c:450 Local synchronized clock will be forwarded by 0.018 seconds
1980-01-07 13:15:39 INFO  clocks.c:455   because: remote clock was 147.5820 seconds
1980-01-07 13:15:39 INFO  clocks.c:456                          at iTOW = 134157455
1980-01-07 13:15:39 INFO  clocks.c:457              local clock is 147.4360 seconds
1980-01-07 13:15:39 INFO  clocks.c:458                          at iTOW = 134157320
1980-01-07 13:15:39 INFO  clocks.c:459         Estimated time of flight = -128 msec
1980-01-07 13:15:39 INFO  clocks.c:460                 Clock difference = -145 msec
1980-01-07 13:15:39 INFO  clocks.c:461       so local clock is lagging by  17 msec
1980-01-07 13:15:39 INFO  clocks.c:450 Local synchronized clock will be forwarded by 0.032 seconds
1980-01-07 13:15:39 INFO  clocks.c:455   because: remote clock was 147.8150 seconds
1980-01-07 13:15:39 INFO  clocks.c:456                          at iTOW = 134157656
1980-01-07 13:15:39 INFO  clocks.c:457              local clock is 147.6555 seconds
1980-01-07 13:15:39 INFO  clocks.c:458                          at iTOW = 134157521
1980-01-07 13:15:39 INFO  clocks.c:459         Estimated time of flight = -128 msec
1980-01-07 13:15:39 INFO  clocks.c:460                 Clock difference = -159 msec
1980-01-07 13:15:39 INFO  clocks.c:461       so local clock is lagging by  31 msec
1980-01-07 13:15:39 INFO  clocks.c:450 Local synchronized clock will be forwarded by 0.034 seconds
1980-01-07 13:15:39 INFO  clocks.c:455   because: remote clock was 147.9500 seconds
1980-01-07 13:15:39 INFO  clocks.c:456                          at iTOW = 134157757
1980-01-07 13:15:39 INFO  clocks.c:457              local clock is 147.7875 seconds
1980-01-07 13:15:39 INFO  clocks.c:458                          at iTOW = 134157622
1980-01-07 13:15:39 INFO  clocks.c:459         Estimated time of flight = -128 msec
1980-01-07 13:15:39 INFO  clocks.c:460                 Clock difference = -162 msec
1980-01-07 13:15:39 INFO  clocks.c:461       so local clock is lagging by  34 msec
1980-01-07 13:15:39 INFO  clocks.c:450 Local synchronized clock will be forwarded by 0.019 seconds
1980-01-07 13:15:39 INFO  clocks.c:455   because: remote clock was 148.1700 seconds
1980-01-07 13:15:39 INFO  clocks.c:456                          at iTOW = 134157941
1980-01-07 13:15:39 INFO  clocks.c:457              local clock is 148.0233 seconds
1980-01-07 13:15:39 INFO  clocks.c:458                          at iTOW = 134157823
1980-01-07 13:15:39 INFO  clocks.c:459         Estimated time of flight = -128 msec
1980-01-07 13:15:39 INFO  clocks.c:460                 Clock difference = -146 msec
1980-01-07 13:15:39 INFO  clocks.c:461       so local clock is lagging by  18 msec
1980-01-07 13:15:40 INFO  clocks.c:450 Local synchronized clock will be forwarded by 0.016 seconds
1980-01-07 13:15:40 INFO  clocks.c:455   because: remote clock was 148.5910 seconds
1980-01-07 13:15:40 INFO  clocks.c:456                          at iTOW = 134158345
1980-01-07 13:15:40 INFO  clocks.c:457              local clock is 148.4473 seconds
1980-01-07 13:15:40 INFO  clocks.c:458                          at iTOW = 134158228
1980-01-07 13:15:40 INFO  clocks.c:459         Estimated time of flight = -128 msec
1980-01-07 13:15:40 INFO  clocks.c:460                 Clock difference = -143 msec
1980-01-07 13:15:40 INFO  clocks.c:461       so local clock is lagging by  15 msec
1980-01-07 13:15:40 WARN  algorithms/waypoint.c:1099 Drift from waypoint is large (3.03 > 3.00 m)
1980-01-07 13:15:41 INFO  clocks.c:450 Local synchronized clock will be forwarded by 0.019 seconds
1980-01-07 13:15:41 INFO  clocks.c:455   because: remote clock was 149.9100 seconds
1980-01-07 13:15:41 INFO  clocks.c:456                          at iTOW = 134159646
1980-01-07 13:15:41 INFO  clocks.c:457              local clock is 149.7628 seconds
1980-01-07 13:15:41 INFO  clocks.c:458                          at iTOW = 134159528
1980-01-07 13:15:41 INFO  clocks.c:459         Estimated time of flight = -128 msec
1980-01-07 13:15:41 INFO  clocks.c:460                 Clock difference = -147 msec
1980-01-07 13:15:41 INFO  clocks.c:461       so local clock is lagging by  19 msec
1980-01-07 13:15:41 INFO  algorithms/waypoint.c:1104 Drift from waypoint is under threshold again
1980-01-07 13:15:42 INFO  clocks.c:450 Local synchronized clock will be forwarded by 0.022 seconds
1980-01-07 13:15:42 INFO  clocks.c:455   because: remote clock was 150.7320 seconds
1980-01-07 13:15:42 INFO  clocks.c:456                          at iTOW = 134160456
1980-01-07 13:15:42 INFO  clocks.c:457              local clock is 150.5816 seconds
1980-01-07 13:15:42 INFO  clocks.c:458                          at iTOW = 134160328
1980-01-07 13:15:42 INFO  clocks.c:459         Estimated time of flight = -128 msec
1980-01-07 13:15:42 INFO  clocks.c:460                 Clock difference = -150 msec
1980-01-07 13:15:42 INFO  clocks.c:461       so local clock is lagging by  22 msec
1980-01-07 13:15:42 INFO  clocks.c:450 Local synchronized clock will be forwarded by 0.028 seconds
1980-01-07 13:15:42 INFO  clocks.c:455   because: remote clock was 151.1570 seconds
1980-01-07 13:15:42 INFO  clocks.c:456                          at iTOW = 134160859
1980-01-07 13:15:42 INFO  clocks.c:457              local clock is 151.0015 seconds
1980-01-07 13:15:42 INFO  clocks.c:458                          at iTOW = 134160725
1980-01-07 13:15:42 INFO  clocks.c:459         Estimated time of flight = -128 msec
1980-01-07 13:15:42 INFO  clocks.c:460                 Clock difference = -155 msec
1980-01-07 13:15:42 INFO  clocks.c:461       so local clock is lagging by  27 msec
1980-01-07 13:15:42 INFO  clocks.c:450 Local synchronized clock will be forwarded by 0.029 seconds
1980-01-07 13:15:42 INFO  clocks.c:455   because: remote clock was 151.2850 seconds
1980-01-07 13:15:42 INFO  clocks.c:456                          at iTOW = 134160959
1980-01-07 13:15:42 INFO  clocks.c:457              local clock is 151.1279 seconds
1980-01-07 13:15:42 INFO  clocks.c:458                          at iTOW = 134160824
1980-01-07 13:15:42 INFO  clocks.c:459         Estimated time of flight = -128 msec
1980-01-07 13:15:42 INFO  clocks.c:460                 Clock difference = -157 msec
1980-01-07 13:15:42 INFO  clocks.c:461       so local clock is lagging by  29 msec
1980-01-07 13:15:42 INFO  clocks.c:450 Local synchronized clock will be forwarded by 0.029 seconds
1980-01-07 13:15:42 INFO  clocks.c:455   because: remote clock was 151.4160 seconds
1980-01-07 13:15:42 INFO  clocks.c:456                          at iTOW = 134161059
1980-01-07 13:15:42 INFO  clocks.c:457              local clock is 151.2589 seconds
1980-01-07 13:15:42 INFO  clocks.c:458                          at iTOW = 134160926
1980-01-07 13:15:42 INFO  clocks.c:459         Estimated time of flight = -128 msec
1980-01-07 13:15:42 INFO  clocks.c:460                 Clock difference = -157 msec
1980-01-07 13:15:42 INFO  clocks.c:461       so local clock is lagging by  29 msec
1980-01-07 13:15:44 INFO  clocks.c:450 Local synchronized clock will be forwarded by 0.021 seconds
1980-01-07 13:15:44 INFO  clocks.c:455   because: remote clock was 152.7490 seconds
1980-01-07 13:15:44 INFO  clocks.c:456                          at iTOW = 134162358
1980-01-07 13:15:44 INFO  clocks.c:457              local clock is 152.6000 seconds
1980-01-07 13:15:44 INFO  clocks.c:458                          at iTOW = 134162238
1980-01-07 13:15:44 INFO  clocks.c:459         Estimated time of flight = -128 msec
1980-01-07 13:15:44 INFO  clocks.c:460                 Clock difference = -148 msec
1980-01-07 13:15:44 INFO  clocks.c:461       so local clock is lagging by  20 msec
1980-01-07 13:15:44 INFO  clocks.c:450 Local synchronized clock will be forwarded by 0.017 seconds
1980-01-07 13:15:44 INFO  clocks.c:455   because: remote clock was 152.8660 seconds
1980-01-07 13:15:44 INFO  clocks.c:456                          at iTOW = 134162458
1980-01-07 13:15:44 INFO  clocks.c:457              local clock is 152.7207 seconds
1980-01-07 13:15:44 INFO  clocks.c:458                          at iTOW = 134162338
1980-01-07 13:15:44 INFO  clocks.c:459         Estimated time of flight = -128 msec
1980-01-07 13:15:44 INFO  clocks.c:460                 Clock difference = -145 msec
1980-01-07 13:15:44 INFO  clocks.c:461       so local clock is lagging by  17 msec
1980-01-07 13:15:44 INFO  clocks.c:450 Local synchronized clock will be forwarded by 0.014 seconds
1980-01-07 13:15:44 INFO  clocks.c:455   because: remote clock was 153.0800 seconds
1980-01-07 13:15:44 INFO  clocks.c:456                          at iTOW = 134162658
1980-01-07 13:15:44 INFO  clocks.c:457              local clock is 152.9381 seconds
1980-01-07 13:15:44 INFO  clocks.c:458                          at iTOW = 134162538
1980-01-07 13:15:44 INFO  clocks.c:459         Estimated time of flight = -128 msec
1980-01-07 13:15:44 INFO  clocks.c:460                 Clock difference = -141 msec
1980-01-07 13:15:44 INFO  clocks.c:461       so local clock is lagging by  13 msec
1980-01-07 13:15:44 INFO  clocks.c:450 Local synchronized clock will be forwarded by 0.016 seconds
1980-01-07 13:15:44 INFO  clocks.c:455   because: remote clock was 153.1960 seconds
1980-01-07 13:15:44 INFO  clocks.c:456                          at iTOW = 134162760
1980-01-07 13:15:44 INFO  clocks.c:457              local clock is 153.0519 seconds
1980-01-07 13:15:44 INFO  clocks.c:458                          at iTOW = 134162638
1980-01-07 13:15:44 INFO  clocks.c:459         Estimated time of flight = -128 msec
1980-01-07 13:15:44 INFO  clocks.c:460                 Clock difference = -144 msec
1980-01-07 13:15:44 INFO  clocks.c:461       so local clock is lagging by  16 msec
1980-01-07 13:15:44 INFO  clocks.c:450 Local synchronized clock will be forwarded by 0.010 seconds
1980-01-07 13:15:44 INFO  clocks.c:455   because: remote clock was 153.5140 seconds
1980-01-07 13:15:44 INFO  clocks.c:456                          at iTOW = 134163062
1980-01-07 13:15:44 INFO  clocks.c:457              local clock is 153.3757 seconds
1980-01-07 13:15:44 INFO  clocks.c:458                          at iTOW = 134162945
1980-01-07 13:15:44 INFO  clocks.c:459         Estimated time of flight = -128 msec
1980-01-07 13:15:44 INFO  clocks.c:460                 Clock difference = -138 msec
1980-01-07 13:15:44 INFO  clocks.c:461       so local clock is lagging by  10 msec
1980-01-07 13:15:45 INFO  autopilots/pixhawk/driver.c:1721 statustext: RCInput: decoding UNKNOWN (severity: 7 - DEBUG)
1980-01-07 13:15:45 INFO  autopilots/pixhawk/driver.c:1721 statustext: RCInput: decoding PX4IO_PPM (severity: 7 - DEBUG)
1980-01-07 13:15:45 INFO  clocks.c:450 Local synchronized clock will be forwarded by 0.018 seconds
1980-01-07 13:15:45 INFO  clocks.c:455   because: remote clock was 153.8340 seconds
1980-01-07 13:15:45 INFO  clocks.c:456                          at iTOW = 134163368
1980-01-07 13:15:45 INFO  clocks.c:457              local clock is 153.6883 seconds
1980-01-07 13:15:45 INFO  clocks.c:458                          at iTOW = 134163248
1980-01-07 13:15:45 INFO  clocks.c:459         Estimated time of flight = -128 msec
1980-01-07 13:15:45 INFO  clocks.c:460                 Clock difference = -145 msec
1980-01-07 13:15:45 INFO  clocks.c:461       so local clock is lagging by  17 msec
1980-01-07 13:15:46 INFO  clocks.c:450 Local synchronized clock will be forwarded by 0.020 seconds
1980-01-07 13:15:46 INFO  clocks.c:455   because: remote clock was 155.0640 seconds
1980-01-07 13:15:46 INFO  clocks.c:456                          at iTOW = 134164582
1980-01-07 13:15:46 INFO  clocks.c:457              local clock is 154.9160 seconds
1980-01-07 13:15:46 INFO  clocks.c:458                          at iTOW = 134164458
1980-01-07 13:15:46 INFO  clocks.c:459         Estimated time of flight = -128 msec
1980-01-07 13:15:46 INFO  clocks.c:460                 Clock difference = -147 msec
1980-01-07 13:15:46 INFO  clocks.c:461       so local clock is lagging by  19 msec
1980-01-07 13:15:46 INFO  clocks.c:450 Local synchronized clock will be forwarded by 0.020 seconds
1980-01-07 13:15:46 INFO  clocks.c:455   because: remote clock was 155.1840 seconds
1980-01-07 13:15:46 INFO  clocks.c:456                          at iTOW = 134164682
1980-01-07 13:15:46 INFO  clocks.c:457              local clock is 155.0362 seconds
1980-01-07 13:15:46 INFO  clocks.c:458                          at iTOW = 134164558
1980-01-07 13:15:46 INFO  clocks.c:459         Estimated time of flight = -128 msec
1980-01-07 13:15:46 INFO  clocks.c:460                 Clock difference = -147 msec
1980-01-07 13:15:46 INFO  clocks.c:461       so local clock is lagging by  19 msec
1980-01-07 13:15:46 INFO  clocks.c:450 Local synchronized clock will be forwarded by 0.043 seconds
1980-01-07 13:15:46 INFO  clocks.c:455   because: remote clock was 155.2630 seconds
1980-01-07 13:15:46 INFO  clocks.c:456                          at iTOW = 134164743
1980-01-07 13:15:46 INFO  clocks.c:457              local clock is 155.1560 seconds
1980-01-07 13:15:46 INFO  clocks.c:458                          at iTOW = 134164658
1980-01-07 13:15:46 INFO  clocks.c:459         Estimated time of flight = -64 msec
1980-01-07 13:15:46 INFO  clocks.c:460                 Clock difference = -106 msec
1980-01-07 13:15:46 INFO  clocks.c:461       so local clock is lagging by  42 msec
1980-01-07 13:15:46 INFO  clocks.c:450 Local synchronized clock will be forwarded by 0.016 seconds
1980-01-07 13:15:46 INFO  clocks.c:455   because: remote clock was 155.5880 seconds
1980-01-07 13:15:46 INFO  clocks.c:456                          at iTOW = 134165044
1980-01-07 13:15:46 INFO  clocks.c:457              local clock is 155.5084 seconds
1980-01-07 13:15:46 INFO  clocks.c:458                          at iTOW = 134164967
1980-01-07 13:15:46 INFO  clocks.c:459         Estimated time of flight = -64 msec
1980-01-07 13:15:46 INFO  clocks.c:460                 Clock difference = -79 msec
1980-01-07 13:15:46 INFO  clocks.c:461       so local clock is lagging by  15 msec
1980-01-07 13:15:48 INFO  clocks.c:450 Local synchronized clock will be forwarded by 0.010 seconds
1980-01-07 13:15:48 INFO  clocks.c:455   because: remote clock was 157.1630 seconds
1980-01-07 13:15:48 INFO  clocks.c:456                          at iTOW = 134166591
1980-01-07 13:15:48 INFO  clocks.c:457              local clock is 157.0246 seconds
1980-01-07 13:15:48 INFO  clocks.c:458                          at iTOW = 134166468
1980-01-07 13:15:48 INFO  clocks.c:459         Estimated time of flight = -128 msec
1980-01-07 13:15:48 INFO  clocks.c:460                 Clock difference = -138 msec
1980-01-07 13:15:48 INFO  clocks.c:461       so local clock is lagging by  10 msec
1980-01-07 13:15:48 INFO  clocks.c:450 Local synchronized clock will be forwarded by 0.025 seconds
1980-01-07 13:15:48 INFO  clocks.c:455   because: remote clock was 157.3240 seconds
1980-01-07 13:15:48 INFO  clocks.c:456                          at iTOW = 134166752
1980-01-07 13:15:48 INFO  clocks.c:457              local clock is 157.2351 seconds
1980-01-07 13:15:48 INFO  clocks.c:458                          at iTOW = 134166668
1980-01-07 13:15:48 INFO  clocks.c:459         Estimated time of flight = -64 msec
1980-01-07 13:15:48 INFO  clocks.c:460                 Clock difference = -88 msec
1980-01-07 13:15:48 INFO  clocks.c:461       so local clock is lagging by  24 msec
1980-01-07 13:15:48 INFO  clocks.c:450 Local synchronized clock will be forwarded by 0.017 seconds
1980-01-07 13:15:48 INFO  clocks.c:455   because: remote clock was 157.5050 seconds
1980-01-07 13:15:48 INFO  clocks.c:456                          at iTOW = 134166893
1980-01-07 13:15:48 INFO  clocks.c:457              local clock is 157.3600 seconds
1980-01-07 13:15:48 INFO  clocks.c:458                          at iTOW = 134166768
1980-01-07 13:15:48 INFO  clocks.c:459         Estimated time of flight = -128 msec
1980-01-07 13:15:48 INFO  clocks.c:460                 Clock difference = -144 msec
1980-01-07 13:15:48 INFO  clocks.c:461       so local clock is lagging by  16 msec
1980-01-07 13:15:48 INFO  clocks.c:450 Local synchronized clock will be forwarded by 0.020 seconds
1980-01-07 13:15:48 INFO  clocks.c:455   because: remote clock was 157.7250 seconds
1980-01-07 13:15:48 INFO  clocks.c:456                          at iTOW = 134167095
1980-01-07 13:15:48 INFO  clocks.c:457              local clock is 157.5770 seconds
1980-01-07 13:15:48 INFO  clocks.c:458                          at iTOW = 134166968
1980-01-07 13:15:48 INFO  clocks.c:459         Estimated time of flight = -128 msec
1980-01-07 13:15:48 INFO  clocks.c:460                 Clock difference = -147 msec
1980-01-07 13:15:48 INFO  clocks.c:461       so local clock is lagging by  19 msec
1980-01-07 13:15:49 INFO  clocks.c:450 Local synchronized clock will be forwarded by 0.020 seconds
1980-01-07 13:15:49 INFO  clocks.c:455   because: remote clock was 158.0450 seconds
1980-01-07 13:15:49 INFO  clocks.c:456                          at iTOW = 134167393
1980-01-07 13:15:49 INFO  clocks.c:457              local clock is 157.8966 seconds
1980-01-07 13:15:49 INFO  clocks.c:458                          at iTOW = 134167268
1980-01-07 13:15:49 INFO  clocks.c:459         Estimated time of flight = -128 msec
1980-01-07 13:15:49 INFO  clocks.c:460                 Clock difference = -148 msec
1980-01-07 13:15:49 INFO  clocks.c:461       so local clock is lagging by  20 msec
1980-01-07 13:15:49 INFO  clocks.c:450 Local synchronized clock will be forwarded by 0.027 seconds
1980-01-07 13:15:49 INFO  clocks.c:455   because: remote clock was 158.1720 seconds
1980-01-07 13:15:49 INFO  clocks.c:456                          at iTOW = 134167497
1980-01-07 13:15:49 INFO  clocks.c:457              local clock is 158.0171 seconds
1980-01-07 13:15:49 INFO  clocks.c:458                          at iTOW = 134167368
1980-01-07 13:15:49 INFO  clocks.c:459         Estimated time of flight = -128 msec
1980-01-07 13:15:49 INFO  clocks.c:460                 Clock difference = -154 msec
1980-01-07 13:15:49 INFO  clocks.c:461       so local clock is lagging by  26 msec
1980-01-07 13:15:49 INFO  clocks.c:450 Local synchronized clock will be forwarded by 0.012 seconds
1980-01-07 13:15:49 INFO  clocks.c:455   because: remote clock was 158.7840 seconds
1980-01-07 13:15:49 INFO  clocks.c:456                          at iTOW = 134168089
1980-01-07 13:15:49 INFO  clocks.c:457              local clock is 158.6443 seconds
1980-01-07 13:15:49 INFO  clocks.c:458                          at iTOW = 134167968
1980-01-07 13:15:49 INFO  clocks.c:459         Estimated time of flight = -128 msec
1980-01-07 13:15:49 INFO  clocks.c:460                 Clock difference = -139 msec
1980-01-07 13:15:49 INFO  clocks.c:461       so local clock is lagging by  11 msec
1980-01-07 13:15:50 INFO  clocks.c:450 Local synchronized clock will be forwarded by 0.020 seconds
1980-01-07 13:15:50 INFO  clocks.c:455   because: remote clock was 159.3040 seconds
1980-01-07 13:15:50 INFO  clocks.c:456                          at iTOW = 134168596
1980-01-07 13:15:50 INFO  clocks.c:457              local clock is 159.1557 seconds
1980-01-07 13:15:50 INFO  clocks.c:458                          at iTOW = 134168468
1980-01-07 13:15:50 INFO  clocks.c:459         Estimated time of flight = -128 msec
1980-01-07 13:15:50 INFO  clocks.c:460                 Clock difference = -148 msec
1980-01-07 13:15:50 INFO  clocks.c:461       so local clock is lagging by  20 msec
1980-01-07 13:15:50 INFO  clocks.c:450 Local synchronized clock will be forwarded by 0.020 seconds
1980-01-07 13:15:50 INFO  clocks.c:455   because: remote clock was 159.4240 seconds
1980-01-07 13:15:50 INFO  clocks.c:456                          at iTOW = 134168696
1980-01-07 13:15:50 INFO  clocks.c:457              local clock is 159.2760 seconds
1980-01-07 13:15:50 INFO  clocks.c:458                          at iTOW = 134168568
1980-01-07 13:15:50 INFO  clocks.c:459         Estimated time of flight = -128 msec
1980-01-07 13:15:50 INFO  clocks.c:460                 Clock difference = -147 msec
1980-01-07 13:15:50 INFO  clocks.c:461       so local clock is lagging by  19 msec
1980-01-07 13:15:50 INFO  clocks.c:450 Local synchronized clock will be forwarded by 0.022 seconds
1980-01-07 13:15:50 INFO  clocks.c:455   because: remote clock was 159.6460 seconds
1980-01-07 13:15:50 INFO  clocks.c:456                          at iTOW = 134168897
1980-01-07 13:15:50 INFO  clocks.c:457              local clock is 159.4960 seconds
1980-01-07 13:15:50 INFO  clocks.c:458                          at iTOW = 134168768
1980-01-07 13:15:50 INFO  clocks.c:459         Estimated time of flight = -128 msec
1980-01-07 13:15:50 INFO  clocks.c:460                 Clock difference = -150 msec
1980-01-07 13:15:50 INFO  clocks.c:461       so local clock is lagging by  22 msec
1980-01-07 13:15:51 INFO  clocks.c:450 Local synchronized clock will be forwarded by 0.026 seconds
1980-01-07 13:15:51 INFO  clocks.c:455   because: remote clock was 159.9740 seconds
1980-01-07 13:15:51 INFO  clocks.c:456                          at iTOW = 134169199
1980-01-07 13:15:51 INFO  clocks.c:457              local clock is 159.8196 seconds
1980-01-07 13:15:51 INFO  clocks.c:458                          at iTOW = 134169069
1980-01-07 13:15:51 INFO  clocks.c:459         Estimated time of flight = -128 msec
1980-01-07 13:15:51 INFO  clocks.c:460                 Clock difference = -154 msec
1980-01-07 13:15:51 INFO  clocks.c:461       so local clock is lagging by  26 msec
1980-01-07 13:15:51 INFO  clocks.c:450 Local synchronized clock will be forwarded by 0.010 seconds
1980-01-07 13:15:51 INFO  clocks.c:455   because: remote clock was 160.0830 seconds
1980-01-07 13:15:51 INFO  clocks.c:456                          at iTOW = 134169281
1980-01-07 13:15:51 INFO  clocks.c:457              local clock is 159.9449 seconds
1980-01-07 13:15:51 INFO  clocks.c:458                          at iTOW = 134169168
1980-01-07 13:15:51 INFO  clocks.c:459         Estimated time of flight = -128 msec
1980-01-07 13:15:51 INFO  clocks.c:460                 Clock difference = -138 msec
1980-01-07 13:15:51 INFO  clocks.c:461       so local clock is lagging by  10 msec
1980-01-07 13:15:51 INFO  clocks.c:450 Local synchronized clock will be forwarded by 0.023 seconds
1980-01-07 13:15:51 INFO  clocks.c:455   because: remote clock was 160.2050 seconds
1980-01-07 13:15:51 INFO  clocks.c:456                          at iTOW = 134169403
1980-01-07 13:15:51 INFO  clocks.c:457              local clock is 160.0541 seconds
1980-01-07 13:15:51 INFO  clocks.c:458                          at iTOW = 134169267
1980-01-07 13:15:51 INFO  clocks.c:459         Estimated time of flight = -128 msec
1980-01-07 13:15:51 INFO  clocks.c:460                 Clock difference = -150 msec
1980-01-07 13:15:51 INFO  clocks.c:461       so local clock is lagging by  22 msec
1980-01-07 13:15:51 INFO  clocks.c:450 Local synchronized clock will be forwarded by 0.037 seconds
1980-01-07 13:15:51 INFO  clocks.c:455   because: remote clock was 160.4430 seconds
1980-01-07 13:15:51 INFO  clocks.c:456                          at iTOW = 134169604
1980-01-07 13:15:51 INFO  clocks.c:457              local clock is 160.2780 seconds
1980-01-07 13:15:51 INFO  clocks.c:458                          at iTOW = 134169468
1980-01-07 13:15:51 INFO  clocks.c:459         Estimated time of flight = -128 msec
1980-01-07 13:15:51 INFO  clocks.c:460                 Clock difference = -165 msec
1980-01-07 13:15:51 INFO  clocks.c:461       so local clock is lagging by  37 msec
1980-01-07 13:15:51 INFO  clocks.c:450 Local synchronized clock will be forwarded by 0.036 seconds
1980-01-07 13:15:51 INFO  clocks.c:455   because: remote clock was 160.5790 seconds
1980-01-07 13:15:51 INFO  clocks.c:456                          at iTOW = 134169704
1980-01-07 13:15:51 INFO  clocks.c:457              local clock is 160.4154 seconds
1980-01-07 13:15:51 INFO  clocks.c:458                          at iTOW = 134169569
1980-01-07 13:15:51 INFO  clocks.c:459         Estimated time of flight = -128 msec
1980-01-07 13:15:51 INFO  clocks.c:460                 Clock difference = -163 msec
1980-01-07 13:15:51 INFO  clocks.c:461       so local clock is lagging by  35 msec
1980-01-07 13:15:51 INFO  clocks.c:450 Local synchronized clock will be forwarded by 0.018 seconds
1980-01-07 13:15:51 INFO  clocks.c:455   because: remote clock was 160.7960 seconds
1980-01-07 13:15:51 INFO  clocks.c:456                          at iTOW = 134169885
1980-01-07 13:15:51 INFO  clocks.c:457              local clock is 160.6500 seconds
1980-01-07 13:15:51 INFO  clocks.c:458                          at iTOW = 134169768
1980-01-07 13:15:51 INFO  clocks.c:459         Estimated time of flight = -128 msec
1980-01-07 13:15:51 INFO  clocks.c:460                 Clock difference = -146 msec
1980-01-07 13:15:51 INFO  clocks.c:461       so local clock is lagging by  18 msec
1980-01-07 13:15:52 INFO  clocks.c:450 Local synchronized clock will be forwarded by 0.018 seconds
1980-01-07 13:15:52 INFO  clocks.c:455   because: remote clock was 161.8210 seconds
1980-01-07 13:15:52 INFO  clocks.c:456                          at iTOW = 134170910
1980-01-07 13:15:52 INFO  clocks.c:457              local clock is 161.6746 seconds
1980-01-07 13:15:52 INFO  clocks.c:458                          at iTOW = 134170774
1980-01-07 13:15:52 INFO  clocks.c:459         Estimated time of flight = -128 msec
1980-01-07 13:15:52 INFO  clocks.c:460                 Clock difference = -146 msec
1980-01-07 13:15:52 INFO  clocks.c:461       so local clock is lagging by  18 msec
1980-01-07 13:15:53 INFO  clocks.c:450 Local synchronized clock will be forwarded by 0.013 seconds
1980-01-07 13:15:53 INFO  clocks.c:455   because: remote clock was 162.5370 seconds
1980-01-07 13:15:53 INFO  clocks.c:456                          at iTOW = 134171602
1980-01-07 13:15:53 INFO  clocks.c:457              local clock is 162.3964 seconds
1980-01-07 13:15:53 INFO  clocks.c:458                          at iTOW = 134171478
1980-01-07 13:15:53 INFO  clocks.c:459         Estimated time of flight = -128 msec
1980-01-07 13:15:53 INFO  clocks.c:460                 Clock difference = -140 msec
1980-01-07 13:15:53 INFO  clocks.c:461       so local clock is lagging by  12 msec
1980-01-07 13:15:53 INFO  clocks.c:450 Local synchronized clock will be forwarded by 0.011 seconds
1980-01-07 13:15:53 INFO  clocks.c:455   because: remote clock was 162.6470 seconds
1980-01-07 13:15:53 INFO  clocks.c:456                          at iTOW = 134171712
1980-01-07 13:15:53 INFO  clocks.c:457              local clock is 162.5080 seconds
1980-01-07 13:15:53 INFO  clocks.c:458                          at iTOW = 134171577
1980-01-07 13:15:53 INFO  clocks.c:459         Estimated time of flight = -128 msec
1980-01-07 13:15:53 INFO  clocks.c:460                 Clock difference = -139 msec
1980-01-07 13:15:53 INFO  clocks.c:461       so local clock is lagging by  11 msec
1980-01-07 13:15:55 INFO  clocks.c:450 Local synchronized clock will be forwarded by 0.019 seconds
1980-01-07 13:15:55 INFO  clocks.c:455   because: remote clock was 164.4670 seconds
1980-01-07 13:15:55 INFO  clocks.c:456                          at iTOW = 134173502
1980-01-07 13:15:55 INFO  clocks.c:457              local clock is 164.3200 seconds
1980-01-07 13:15:55 INFO  clocks.c:458                          at iTOW = 134173378
1980-01-07 13:15:55 INFO  clocks.c:459         Estimated time of flight = -128 msec
1980-01-07 13:15:55 INFO  clocks.c:460                 Clock difference = -147 msec
1980-01-07 13:15:55 INFO  clocks.c:461       so local clock is lagging by  19 msec
1980-01-07 13:15:55 INFO  clocks.c:450 Local synchronized clock will be forwarded by 0.015 seconds
1980-01-07 13:15:55 INFO  clocks.c:455   because: remote clock was 164.8820 seconds
1980-01-07 13:15:55 INFO  clocks.c:456                          at iTOW = 134173905
1980-01-07 13:15:55 INFO  clocks.c:457              local clock is 164.7394 seconds
1980-01-07 13:15:55 INFO  clocks.c:458                          at iTOW = 134173778
1980-01-07 13:15:55 INFO  clocks.c:459         Estimated time of flight = -128 msec
1980-01-07 13:15:55 INFO  clocks.c:460                 Clock difference = -142 msec
1980-01-07 13:15:55 INFO  clocks.c:461       so local clock is lagging by  14 msec
1980-01-07 13:15:56 INFO  clocks.c:450 Local synchronized clock will be forwarded by 0.026 seconds
1980-01-07 13:15:56 INFO  clocks.c:455   because: remote clock was 165.5080 seconds
1980-01-07 13:15:56 INFO  clocks.c:456                          at iTOW = 134174507
1980-01-07 13:15:56 INFO  clocks.c:457              local clock is 165.3536 seconds
1980-01-07 13:15:56 INFO  clocks.c:458                          at iTOW = 134174378
1980-01-07 13:15:56 INFO  clocks.c:459         Estimated time of flight = -128 msec
1980-01-07 13:15:56 INFO  clocks.c:460                 Clock difference = -154 msec
1980-01-07 13:15:56 INFO  clocks.c:461       so local clock is lagging by  26 msec
1980-01-07 13:15:56 INFO  clocks.c:450 Local synchronized clock will be forwarded by 0.032 seconds
1980-01-07 13:15:56 INFO  clocks.c:455   because: remote clock was 165.7400 seconds
1980-01-07 13:15:56 INFO  clocks.c:456                          at iTOW = 134174708
1980-01-07 13:15:56 INFO  clocks.c:457              local clock is 165.5800 seconds
1980-01-07 13:15:56 INFO  clocks.c:458                          at iTOW = 134174578
1980-01-07 13:15:56 INFO  clocks.c:459         Estimated time of flight = -128 msec
1980-01-07 13:15:56 INFO  clocks.c:460                 Clock difference = -159 msec
1980-01-07 13:15:56 INFO  clocks.c:461       so local clock is lagging by  31 msec
1980-01-07 13:15:56 INFO  clocks.c:450 Local synchronized clock will be forwarded by 0.010 seconds
1980-01-07 13:15:56 INFO  clocks.c:455   because: remote clock was 166.0480 seconds
1980-01-07 13:15:56 INFO  clocks.c:456                          at iTOW = 134174992
1980-01-07 13:15:56 INFO  clocks.c:457              local clock is 165.9097 seconds
1980-01-07 13:15:56 INFO  clocks.c:458                          at iTOW = 134174875
1980-01-07 13:15:56 INFO  clocks.c:459         Estimated time of flight = -128 msec
1980-01-07 13:15:56 INFO  clocks.c:460                 Clock difference = -138 msec
1980-01-07 13:15:56 INFO  clocks.c:461       so local clock is lagging by  10 msec
1980-01-07 13:15:57 INFO  clocks.c:450 Local synchronized clock will be forwarded by 0.014 seconds
1980-01-07 13:15:57 INFO  clocks.c:455   because: remote clock was 166.6630 seconds
1980-01-07 13:15:57 INFO  clocks.c:456                          at iTOW = 134175596
1980-01-07 13:15:57 INFO  clocks.c:457              local clock is 166.5212 seconds
1980-01-07 13:15:57 INFO  clocks.c:458                          at iTOW = 134175477
1980-01-07 13:15:57 INFO  clocks.c:459         Estimated time of flight = -128 msec
1980-01-07 13:15:57 INFO  clocks.c:460                 Clock difference = -141 msec
1980-01-07 13:15:57 INFO  clocks.c:461       so local clock is lagging by  13 msec
1980-01-07 13:15:58 INFO  clocks.c:450 Local synchronized clock will be forwarded by 0.011 seconds
1980-01-07 13:15:58 INFO  clocks.c:455   because: remote clock was 167.4740 seconds
1980-01-07 13:15:58 INFO  clocks.c:456                          at iTOW = 134176392
1980-01-07 13:15:58 INFO  clocks.c:457              local clock is 167.3349 seconds
1980-01-07 13:15:58 INFO  clocks.c:458                          at iTOW = 134176277
1980-01-07 13:15:58 INFO  clocks.c:459         Estimated time of flight = -128 msec
1980-01-07 13:15:58 INFO  clocks.c:460                 Clock difference = -139 msec
1980-01-07 13:15:58 INFO  clocks.c:461       so local clock is lagging by  11 msec
1980-01-07 13:15:58 INFO  clocks.c:450 Local synchronized clock will be forwarded by 0.012 seconds
1980-01-07 13:15:58 INFO  clocks.c:455   because: remote clock was 167.6870 seconds
1980-01-07 13:15:58 INFO  clocks.c:456                          at iTOW = 134176594
1980-01-07 13:15:58 INFO  clocks.c:457              local clock is 167.5474 seconds
1980-01-07 13:15:58 INFO  clocks.c:458                          at iTOW = 134176478
1980-01-07 13:15:58 INFO  clocks.c:459         Estimated time of flight = -128 msec
1980-01-07 13:15:58 INFO  clocks.c:460                 Clock difference = -139 msec
1980-01-07 13:15:58 INFO  clocks.c:461       so local clock is lagging by  11 msec
1980-01-07 13:15:58 INFO  clocks.c:450 Local synchronized clock will be forwarded by 0.014 seconds
1980-01-07 13:15:58 INFO  clocks.c:455   because: remote clock was 167.9040 seconds
1980-01-07 13:15:58 INFO  clocks.c:456                          at iTOW = 134176795
1980-01-07 13:15:58 INFO  clocks.c:457              local clock is 167.7624 seconds
1980-01-07 13:15:58 INFO  clocks.c:458                          at iTOW = 134176681
1980-01-07 13:15:58 INFO  clocks.c:459         Estimated time of flight = -128 msec
1980-01-07 13:15:58 INFO  clocks.c:460                 Clock difference = -141 msec
1980-01-07 13:15:58 INFO  clocks.c:461       so local clock is lagging by  13 msec
1980-01-07 13:15:59 INFO  clocks.c:450 Local synchronized clock will be forwarded by 0.011 seconds
1980-01-07 13:15:59 INFO  clocks.c:455   because: remote clock was 169.2110 seconds
1980-01-07 13:15:59 INFO  clocks.c:456                          at iTOW = 134178102
1980-01-07 13:15:59 INFO  clocks.c:457              local clock is 169.0723 seconds
1980-01-07 13:15:59 INFO  clocks.c:458                          at iTOW = 134177978
1980-01-07 13:15:59 INFO  clocks.c:459         Estimated time of flight = -128 msec
1980-01-07 13:15:59 INFO  clocks.c:460                 Clock difference = -138 msec
1980-01-07 13:15:59 INFO  clocks.c:461       so local clock is lagging by  10 msec
1980-01-07 13:16:00 INFO  clocks.c:450 Local synchronized clock will be forwarded by 0.017 seconds
1980-01-07 13:16:00 INFO  clocks.c:455   because: remote clock was 169.3280 seconds
1980-01-07 13:16:00 INFO  clocks.c:456                          at iTOW = 134178203
1980-01-07 13:16:00 INFO  clocks.c:457              local clock is 169.1830 seconds
1980-01-07 13:16:00 INFO  clocks.c:458                          at iTOW = 134178078
1980-01-07 13:16:00 INFO  clocks.c:459         Estimated time of flight = -128 msec
1980-01-07 13:16:00 INFO  clocks.c:460                 Clock difference = -144 msec
1980-01-07 13:16:00 INFO  clocks.c:461       so local clock is lagging by  16 msec
1980-01-07 13:16:01 INFO  clocks.c:450 Local synchronized clock will be forwarded by 0.025 seconds
1980-01-07 13:16:01 INFO  clocks.c:455   because: remote clock was 170.5730 seconds
1980-01-07 13:16:01 INFO  clocks.c:456                          at iTOW = 134179429
1980-01-07 13:16:01 INFO  clocks.c:457              local clock is 170.4201 seconds
1980-01-07 13:16:01 INFO  clocks.c:458                          at iTOW = 134179298
1980-01-07 13:16:01 INFO  clocks.c:459         Estimated time of flight = -128 msec
1980-01-07 13:16:01 INFO  clocks.c:460                 Clock difference = -152 msec
1980-01-07 13:16:01 INFO  clocks.c:461       so local clock is lagging by  24 msec
1980-01-07 13:16:02 INFO  clocks.c:450 Local synchronized clock will be forwarded by 0.011 seconds
1980-01-07 13:16:02 INFO  clocks.c:455   because: remote clock was 171.5840 seconds
1980-01-07 13:16:02 INFO  clocks.c:456                          at iTOW = 134180421
1980-01-07 13:16:02 INFO  clocks.c:457              local clock is 171.4452 seconds
1980-01-07 13:16:02 INFO  clocks.c:458                          at iTOW = 134180298
1980-01-07 13:16:02 INFO  clocks.c:459         Estimated time of flight = -128 msec
1980-01-07 13:16:02 INFO  clocks.c:460                 Clock difference = -138 msec
1980-01-07 13:16:02 INFO  clocks.c:461       so local clock is lagging by  10 msec
1980-01-07 13:16:02 INFO  clocks.c:450 Local synchronized clock will be forwarded by 0.025 seconds
1980-01-07 13:16:02 INFO  clocks.c:455   because: remote clock was 171.7450 seconds
1980-01-07 13:16:02 INFO  clocks.c:456                          at iTOW = 134180582
1980-01-07 13:16:02 INFO  clocks.c:457              local clock is 171.6557 seconds
1980-01-07 13:16:02 INFO  clocks.c:458                          at iTOW = 134180498
1980-01-07 13:16:02 INFO  clocks.c:459         Estimated time of flight = -64 msec
1980-01-07 13:16:02 INFO  clocks.c:460                 Clock difference = -89 msec
1980-01-07 13:16:02 INFO  clocks.c:461       so local clock is lagging by  25 msec
1980-01-07 13:16:02 INFO  clocks.c:450 Local synchronized clock will be forwarded by 0.021 seconds
1980-01-07 13:16:02 INFO  clocks.c:455   because: remote clock was 172.1300 seconds
1980-01-07 13:16:02 INFO  clocks.c:456                          at iTOW = 134180924
1980-01-07 13:16:02 INFO  clocks.c:457              local clock is 171.9811 seconds
1980-01-07 13:16:02 INFO  clocks.c:458                          at iTOW = 134180798
1980-01-07 13:16:02 INFO  clocks.c:459         Estimated time of flight = -128 msec
1980-01-07 13:16:02 INFO  clocks.c:460                 Clock difference = -148 msec
1980-01-07 13:16:02 INFO  clocks.c:461       so local clock is lagging by  20 msec
1980-01-07 13:16:02 INFO  clocks.c:450 Local synchronized clock will be forwarded by 0.021 seconds
1980-01-07 13:16:02 INFO  clocks.c:455   because: remote clock was 172.2510 seconds
1980-01-07 13:16:02 INFO  clocks.c:456                          at iTOW = 134181025
1980-01-07 13:16:02 INFO  clocks.c:457              local clock is 172.1019 seconds
1980-01-07 13:16:02 INFO  clocks.c:458                          at iTOW = 134180898
1980-01-07 13:16:02 INFO  clocks.c:459         Estimated time of flight = -128 msec
1980-01-07 13:16:02 INFO  clocks.c:460                 Clock difference = -149 msec
1980-01-07 13:16:02 INFO  clocks.c:461       so local clock is lagging by  21 msec
1980-01-07 13:16:03 INFO  clocks.c:450 Local synchronized clock will be forwarded by 0.024 seconds
1980-01-07 13:16:03 INFO  clocks.c:455   because: remote clock was 172.4750 seconds
1980-01-07 13:16:03 INFO  clocks.c:456                          at iTOW = 134181228
1980-01-07 13:16:03 INFO  clocks.c:457              local clock is 172.3230 seconds
1980-01-07 13:16:03 INFO  clocks.c:458                          at iTOW = 134181098
1980-01-07 13:16:03 INFO  clocks.c:459         Estimated time of flight = -128 msec
1980-01-07 13:16:03 INFO  clocks.c:460                 Clock difference = -152 msec
1980-01-07 13:16:03 INFO  clocks.c:461       so local clock is lagging by  24 msec
1980-01-07 13:16:03 INFO  clocks.c:450 Local synchronized clock will be forwarded by 0.012 seconds
1980-01-07 13:16:03 INFO  clocks.c:455   because: remote clock was 172.7870 seconds
1980-01-07 13:16:03 INFO  clocks.c:456                          at iTOW = 134181515
1980-01-07 13:16:03 INFO  clocks.c:457              local clock is 172.6470 seconds
1980-01-07 13:16:03 INFO  clocks.c:458                          at iTOW = 134181398
1980-01-07 13:16:03 INFO  clocks.c:459         Estimated time of flight = -128 msec
1980-01-07 13:16:03 INFO  clocks.c:460                 Clock difference = -139 msec
1980-01-07 13:16:03 INFO  clocks.c:461       so local clock is lagging by  11 msec
1980-01-07 13:16:04 INFO  clocks.c:450 Local synchronized clock will be forwarded by 0.027 seconds
1980-01-07 13:16:04 INFO  clocks.c:455   because: remote clock was 174.3140 seconds
1980-01-07 13:16:04 INFO  clocks.c:456                          at iTOW = 134183024
1980-01-07 13:16:04 INFO  clocks.c:457              local clock is 174.1590 seconds
1980-01-07 13:16:04 INFO  clocks.c:458                          at iTOW = 134182898
1980-01-07 13:16:04 INFO  clocks.c:459         Estimated time of flight = -128 msec
1980-01-07 13:16:04 INFO  clocks.c:460                 Clock difference = -155 msec
1980-01-07 13:16:04 INFO  clocks.c:461       so local clock is lagging by  27 msec
1980-01-07 13:16:05 INFO  clocks.c:450 Local synchronized clock will be forwarded by 0.011 seconds
1980-01-07 13:16:05 INFO  clocks.c:455   because: remote clock was 174.6250 seconds
1980-01-07 13:16:05 INFO  clocks.c:456                          at iTOW = 134183306
1980-01-07 13:16:05 INFO  clocks.c:457              local clock is 174.4860 seconds
1980-01-07 13:16:05 INFO  clocks.c:458                          at iTOW = 134183198
1980-01-07 13:16:05 INFO  clocks.c:459         Estimated time of flight = -128 msec
1980-01-07 13:16:05 INFO  clocks.c:460                 Clock difference = -139 msec
1980-01-07 13:16:05 INFO  clocks.c:461       so local clock is lagging by  11 msec
1980-01-07 13:16:05 INFO  autopilots/pixhawk/driver.c:1721 statustext: RCInput: decoding UNKNOWN (severity: 7 - DEBUG)
1980-01-07 13:16:05 INFO  autopilots/pixhawk/driver.c:1721 statustext: RCInput: decoding PX4IO_PPM (severity: 7 - DEBUG)
1980-01-07 13:16:06 INFO  clocks.c:450 Local synchronized clock will be forwarded by 0.012 seconds
1980-01-07 13:16:06 INFO  clocks.c:455   because: remote clock was 175.6370 seconds
1980-01-07 13:16:06 INFO  clocks.c:456                          at iTOW = 134184318
1980-01-07 13:16:06 INFO  clocks.c:457              local clock is 175.4970 seconds
1980-01-07 13:16:06 INFO  clocks.c:458                          at iTOW = 134184198
1980-01-07 13:16:06 INFO  clocks.c:459         Estimated time of flight = -128 msec
1980-01-07 13:16:06 INFO  clocks.c:460                 Clock difference = -139 msec
1980-01-07 13:16:06 INFO  clocks.c:461       so local clock is lagging by  11 msec
1980-01-07 13:16:06 INFO  clocks.c:450 Local synchronized clock will be forwarded by 0.022 seconds
1980-01-07 13:16:06 INFO  clocks.c:455   because: remote clock was 175.8620 seconds
1980-01-07 13:16:06 INFO  clocks.c:456                          at iTOW = 134184527
1980-01-07 13:16:06 INFO  clocks.c:457              local clock is 175.7120 seconds
1980-01-07 13:16:06 INFO  clocks.c:458                          at iTOW = 134184401
1980-01-07 13:16:06 INFO  clocks.c:459         Estimated time of flight = -128 msec
1980-01-07 13:16:06 INFO  clocks.c:460                 Clock difference = -150 msec
1980-01-07 13:16:06 INFO  clocks.c:461       so local clock is lagging by  22 msec
1980-01-07 13:16:06 INFO  clocks.c:450 Local synchronized clock will be forwarded by 0.029 seconds
1980-01-07 13:16:06 INFO  clocks.c:455   because: remote clock was 175.9880 seconds
1980-01-07 13:16:06 INFO  clocks.c:456                          at iTOW = 134184629
1980-01-07 13:16:06 INFO  clocks.c:457              local clock is 175.8314 seconds
1980-01-07 13:16:06 INFO  clocks.c:458                          at iTOW = 134184498
1980-01-07 13:16:06 INFO  clocks.c:459         Estimated time of flight = -128 msec
1980-01-07 13:16:06 INFO  clocks.c:460                 Clock difference = -156 msec
1980-01-07 13:16:06 INFO  clocks.c:461       so local clock is lagging by  28 msec
1980-01-07 13:16:07 INFO  clocks.c:450 Local synchronized clock will be forwarded by 0.025 seconds
1980-01-07 13:16:07 INFO  clocks.c:455   because: remote clock was 176.6200 seconds
1980-01-07 13:16:07 INFO  clocks.c:456                          at iTOW = 134185234
1980-01-07 13:16:07 INFO  clocks.c:457              local clock is 176.4667 seconds
1980-01-07 13:16:07 INFO  clocks.c:458                          at iTOW = 134185105
1980-01-07 13:16:07 INFO  clocks.c:459         Estimated time of flight = -128 msec
1980-01-07 13:16:07 INFO  clocks.c:460                 Clock difference = -153 msec
1980-01-07 13:16:07 INFO  clocks.c:461       so local clock is lagging by  25 msec
1980-01-07 13:16:07 INFO  clocks.c:450 Local synchronized clock will be forwarded by 0.026 seconds
1980-01-07 13:16:07 INFO  clocks.c:455   because: remote clock was 176.7470 seconds
1980-01-07 13:16:07 INFO  clocks.c:456                          at iTOW = 134185335
1980-01-07 13:16:07 INFO  clocks.c:457              local clock is 176.5934 seconds
1980-01-07 13:16:07 INFO  clocks.c:458                          at iTOW = 134185206
1980-01-07 13:16:07 INFO  clocks.c:459         Estimated time of flight = -128 msec
1980-01-07 13:16:07 INFO  clocks.c:460                 Clock difference = -153 msec
1980-01-07 13:16:07 INFO  clocks.c:461       so local clock is lagging by  25 msec
1980-01-07 13:16:07 INFO  clocks.c:450 Local synchronized clock will be forwarded by 0.021 seconds
1980-01-07 13:16:07 INFO  clocks.c:455   because: remote clock was 177.1700 seconds
1980-01-07 13:16:07 INFO  clocks.c:456                          at iTOW = 134185736
1980-01-07 13:16:07 INFO  clocks.c:457              local clock is 177.0206 seconds
1980-01-07 13:16:07 INFO  clocks.c:458                          at iTOW = 134185608
1980-01-07 13:16:07 INFO  clocks.c:459         Estimated time of flight = -128 msec
1980-01-07 13:16:07 INFO  clocks.c:460                 Clock difference = -149 msec
1980-01-07 13:16:07 INFO  clocks.c:461       so local clock is lagging by  21 msec
1980-01-07 13:16:07 INFO  clocks.c:450 Local synchronized clock will be forwarded by 0.025 seconds
1980-01-07 13:16:07 INFO  clocks.c:455   because: remote clock was 177.2950 seconds
1980-01-07 13:16:07 INFO  clocks.c:456                          at iTOW = 134185836
1980-01-07 13:16:07 INFO  clocks.c:457              local clock is 177.1418 seconds
1980-01-07 13:16:07 INFO  clocks.c:458                          at iTOW = 134185708
1980-01-07 13:16:07 INFO  clocks.c:459         Estimated time of flight = -128 msec
1980-01-07 13:16:07 INFO  clocks.c:460                 Clock difference = -153 msec
1980-01-07 13:16:07 INFO  clocks.c:461       so local clock is lagging by  25 msec
1980-01-07 13:16:08 INFO  clocks.c:450 Local synchronized clock will be forwarded by 0.020 seconds
1980-01-07 13:16:08 INFO  clocks.c:455   because: remote clock was 177.7250 seconds
1980-01-07 13:16:08 INFO  clocks.c:456                          at iTOW = 134186239
1980-01-07 13:16:08 INFO  clocks.c:457              local clock is 177.5770 seconds
1980-01-07 13:16:08 INFO  clocks.c:458                          at iTOW = 134186118
1980-01-07 13:16:08 INFO  clocks.c:459         Estimated time of flight = -128 msec
1980-01-07 13:16:08 INFO  clocks.c:460                 Clock difference = -148 msec
1980-01-07 13:16:08 INFO  clocks.c:461       so local clock is lagging by  20 msec
1980-01-07 13:16:09 INFO  clocks.c:450 Local synchronized clock will be forwarded by 0.016 seconds
1980-01-07 13:16:09 INFO  clocks.c:455   because: remote clock was 179.4630 seconds
1980-01-07 13:16:09 INFO  clocks.c:456                          at iTOW = 134187957
1980-01-07 13:16:09 INFO  clocks.c:457              local clock is 179.3190 seconds
1980-01-07 13:16:09 INFO  clocks.c:458                          at iTOW = 134187840
1980-01-07 13:16:09 INFO  clocks.c:459         Estimated time of flight = -128 msec
1980-01-07 13:16:09 INFO  clocks.c:460                 Clock difference = -144 msec
1980-01-07 13:16:09 INFO  clocks.c:461       so local clock is lagging by  16 msec
1980-01-07 13:16:10 INFO  clocks.c:450 Local synchronized clock will be forwarded by 0.017 seconds
1980-01-07 13:16:10 INFO  clocks.c:455   because: remote clock was 180.5890 seconds
1980-01-07 13:16:10 INFO  clocks.c:456                          at iTOW = 134189069
1980-01-07 13:16:10 INFO  clocks.c:457              local clock is 180.4436 seconds
1980-01-07 13:16:10 INFO  clocks.c:458                          at iTOW = 134188948
1980-01-07 13:16:10 INFO  clocks.c:459         Estimated time of flight = -128 msec
1980-01-07 13:16:10 INFO  clocks.c:460                 Clock difference = -145 msec
1980-01-07 13:16:10 INFO  clocks.c:461       so local clock is lagging by  17 msec
1980-01-07 13:16:11 INFO  clocks.c:450 Local synchronized clock will be forwarded by 0.011 seconds
1980-01-07 13:16:11 INFO  clocks.c:455   because: remote clock was 180.6900 seconds
1980-01-07 13:16:11 INFO  clocks.c:456                          at iTOW = 134189170
1980-01-07 13:16:11 INFO  clocks.c:457              local clock is 180.5514 seconds
1980-01-07 13:16:11 INFO  clocks.c:458                          at iTOW = 134189039
1980-01-07 13:16:11 INFO  clocks.c:459         Estimated time of flight = -128 msec
1980-01-07 13:16:11 INFO  clocks.c:460                 Clock difference = -138 msec
1980-01-07 13:16:11 INFO  clocks.c:461       so local clock is lagging by  10 msec
1980-01-07 13:16:12 INFO  clocks.c:450 Local synchronized clock will be forwarded by 0.012 seconds
1980-01-07 13:16:12 INFO  clocks.c:455   because: remote clock was 182.2210 seconds
1980-01-07 13:16:12 INFO  clocks.c:456                          at iTOW = 134190684
1980-01-07 13:16:12 INFO  clocks.c:457              local clock is 182.0809 seconds
1980-01-07 13:16:12 INFO  clocks.c:458                          at iTOW = 134190558
1980-01-07 13:16:12 INFO  clocks.c:459         Estimated time of flight = -128 msec
1980-01-07 13:16:12 INFO  clocks.c:460                 Clock difference = -140 msec
1980-01-07 13:16:12 INFO  clocks.c:461       so local clock is lagging by  12 msec
1980-01-07 13:16:12 INFO  clocks.c:450 Local synchronized clock will be forwarded by 0.016 seconds
1980-01-07 13:16:12 INFO  clocks.c:455   because: remote clock was 182.6470 seconds
1980-01-07 13:16:12 INFO  clocks.c:456                          at iTOW = 134191090
1980-01-07 13:16:12 INFO  clocks.c:457              local clock is 182.5031 seconds
1980-01-07 13:16:12 INFO  clocks.c:458                          at iTOW = 134190968
1980-01-07 13:16:12 INFO  clocks.c:459         Estimated time of flight = -128 msec
1980-01-07 13:16:12 INFO  clocks.c:460                 Clock difference = -143 msec
1980-01-07 13:16:12 INFO  clocks.c:461       so local clock is lagging by  15 msec
1980-01-07 13:16:14 INFO  clocks.c:450 Local synchronized clock will be forwarded by 0.012 seconds
1980-01-07 13:16:14 INFO  clocks.c:455   because: remote clock was 184.1590 seconds
1980-01-07 13:16:14 INFO  clocks.c:456                          at iTOW = 134192584
1980-01-07 13:16:14 INFO  clocks.c:457              local clock is 184.0191 seconds
1980-01-07 13:16:14 INFO  clocks.c:458                          at iTOW = 134192468
1980-01-07 13:16:14 INFO  clocks.c:459         Estimated time of flight = -128 msec
1980-01-07 13:16:14 INFO  clocks.c:460                 Clock difference = -139 msec
1980-01-07 13:16:14 INFO  clocks.c:461       so local clock is lagging by  11 msec
1980-01-07 13:16:14 INFO  clocks.c:450 Local synchronized clock will be forwarded by 0.013 seconds
1980-01-07 13:16:14 INFO  clocks.c:455   because: remote clock was 184.2720 seconds
1980-01-07 13:16:14 INFO  clocks.c:456                          at iTOW = 134192686
1980-01-07 13:16:14 INFO  clocks.c:457              local clock is 184.1309 seconds
1980-01-07 13:16:14 INFO  clocks.c:458                          at iTOW = 134192568
1980-01-07 13:16:14 INFO  clocks.c:459         Estimated time of flight = -128 msec
1980-01-07 13:16:14 INFO  clocks.c:460                 Clock difference = -141 msec
1980-01-07 13:16:14 INFO  clocks.c:461       so local clock is lagging by  13 msec
1980-01-07 13:16:15 INFO  clocks.c:450 Local synchronized clock will be forwarded by 0.012 seconds
1980-01-07 13:16:15 INFO  clocks.c:455   because: remote clock was 185.3940 seconds
1980-01-07 13:16:15 INFO  clocks.c:456                          at iTOW = 134193795
1980-01-07 13:16:15 INFO  clocks.c:457              local clock is 185.2543 seconds
1980-01-07 13:16:15 INFO  clocks.c:458                          at iTOW = 134193678
1980-01-07 13:16:15 INFO  clocks.c:459         Estimated time of flight = -128 msec
1980-01-07 13:16:15 INFO  clocks.c:460                 Clock difference = -139 msec
1980-01-07 13:16:15 INFO  clocks.c:461       so local clock is lagging by  11 msec
1980-01-07 13:16:15 INFO  clocks.c:450 Local synchronized clock will be forwarded by 0.012 seconds
1980-01-07 13:16:15 INFO  clocks.c:455   because: remote clock was 185.5060 seconds
1980-01-07 13:16:15 INFO  clocks.c:456                          at iTOW = 134193896
1980-01-07 13:16:15 INFO  clocks.c:457              local clock is 185.3657 seconds
1980-01-07 13:16:15 INFO  clocks.c:458                          at iTOW = 134193778
1980-01-07 13:16:15 INFO  clocks.c:459         Estimated time of flight = -128 msec
1980-01-07 13:16:15 INFO  clocks.c:460                 Clock difference = -140 msec
1980-01-07 13:16:15 INFO  clocks.c:461       so local clock is lagging by  12 msec
1980-01-07 13:16:15 INFO  clocks.c:450 Local synchronized clock will be forwarded by 0.014 seconds
1980-01-07 13:16:15 INFO  clocks.c:455   because: remote clock was 185.6200 seconds
1980-01-07 13:16:15 INFO  clocks.c:456                          at iTOW = 134193998
1980-01-07 13:16:15 INFO  clocks.c:457              local clock is 185.4781 seconds
1980-01-07 13:16:15 INFO  clocks.c:458                          at iTOW = 134193878
1980-01-07 13:16:15 INFO  clocks.c:459         Estimated time of flight = -128 msec
1980-01-07 13:16:15 INFO  clocks.c:460                 Clock difference = -141 msec
1980-01-07 13:16:15 INFO  clocks.c:461       so local clock is lagging by  13 msec
1980-01-07 13:16:16 INFO  clocks.c:450 Local synchronized clock will be forwarded by 0.017 seconds
1980-01-07 13:16:16 INFO  clocks.c:455   because: remote clock was 185.8370 seconds
1980-01-07 13:16:16 INFO  clocks.c:456                          at iTOW = 134194200
1980-01-07 13:16:16 INFO  clocks.c:457              local clock is 185.6919 seconds
1980-01-07 13:16:16 INFO  clocks.c:458                          at iTOW = 134194078
1980-01-07 13:16:16 INFO  clocks.c:459         Estimated time of flight = -128 msec
1980-01-07 13:16:16 INFO  clocks.c:460                 Clock difference = -145 msec
1980-01-07 13:16:16 INFO  clocks.c:461       so local clock is lagging by  17 msec
1980-01-07 13:16:16 INFO  clocks.c:450 Local synchronized clock will be forwarded by 0.026 seconds
1980-01-07 13:16:16 INFO  clocks.c:455   because: remote clock was 186.2630 seconds
1980-01-07 13:16:16 INFO  clocks.c:456                          at iTOW = 134194605
1980-01-07 13:16:16 INFO  clocks.c:457              local clock is 186.1093 seconds
1980-01-07 13:16:16 INFO  clocks.c:458                          at iTOW = 134194478
1980-01-07 13:16:16 INFO  clocks.c:459         Estimated time of flight = -128 msec
1980-01-07 13:16:16 INFO  clocks.c:460                 Clock difference = -153 msec
1980-01-07 13:16:16 INFO  clocks.c:461       so local clock is lagging by  25 msec
1980-01-07 13:16:17 INFO  clocks.c:450 Local synchronized clock will be forwarded by 0.020 seconds
1980-01-07 13:16:17 INFO  clocks.c:455   because: remote clock was 187.1000 seconds
1980-01-07 13:16:17 INFO  clocks.c:456                          at iTOW = 134195420
1980-01-07 13:16:17 INFO  clocks.c:457              local clock is 186.9515 seconds
1980-01-07 13:16:17 INFO  clocks.c:458                          at iTOW = 134195294
1980-01-07 13:16:17 INFO  clocks.c:459         Estimated time of flight = -128 msec
1980-01-07 13:16:17 INFO  clocks.c:460                 Clock difference = -148 msec
1980-01-07 13:16:17 INFO  clocks.c:461       so local clock is lagging by  20 msec
1980-01-07 13:16:17 INFO  clocks.c:450 Local synchronized clock will be forwarded by 0.013 seconds
1980-01-07 13:16:17 INFO  clocks.c:455   because: remote clock was 187.4060 seconds
1980-01-07 13:16:17 INFO  clocks.c:456                          at iTOW = 134195706
1980-01-07 13:16:17 INFO  clocks.c:457              local clock is 187.2653 seconds
1980-01-07 13:16:17 INFO  clocks.c:458                          at iTOW = 134195588
1980-01-07 13:16:17 INFO  clocks.c:459         Estimated time of flight = -128 msec
1980-01-07 13:16:17 INFO  clocks.c:460                 Clock difference = -140 msec
1980-01-07 13:16:17 INFO  clocks.c:461       so local clock is lagging by  12 msec
1980-01-07 13:16:17 INFO  clocks.c:450 Local synchronized clock will be forwarded by 0.012 seconds
1980-01-07 13:16:17 INFO  clocks.c:455   because: remote clock was 187.5200 seconds
1980-01-07 13:16:17 INFO  clocks.c:456                          at iTOW = 134195806
1980-01-07 13:16:17 INFO  clocks.c:457              local clock is 187.3798 seconds
1980-01-07 13:16:17 INFO  clocks.c:458                          at iTOW = 134195689
1980-01-07 13:16:17 INFO  clocks.c:459         Estimated time of flight = -128 msec
1980-01-07 13:16:17 INFO  clocks.c:460                 Clock difference = -140 msec
1980-01-07 13:16:17 INFO  clocks.c:461       so local clock is lagging by  12 msec
1980-01-07 13:16:17 INFO  clocks.c:450 Local synchronized clock will be forwarded by 0.014 seconds
1980-01-07 13:16:17 INFO  clocks.c:455   because: remote clock was 187.6320 seconds
1980-01-07 13:16:17 INFO  clocks.c:456                          at iTOW = 134195907
1980-01-07 13:16:17 INFO  clocks.c:457              local clock is 187.4902 seconds
1980-01-07 13:16:17 INFO  clocks.c:458                          at iTOW = 134195788
1980-01-07 13:16:17 INFO  clocks.c:459         Estimated time of flight = -128 msec
1980-01-07 13:16:17 INFO  clocks.c:460                 Clock difference = -141 msec
1980-01-07 13:16:17 INFO  clocks.c:461       so local clock is lagging by  13 msec
1980-01-07 13:16:18 INFO  clocks.c:450 Local synchronized clock will be forwarded by 0.020 seconds
1980-01-07 13:16:18 INFO  clocks.c:455   because: remote clock was 188.2580 seconds
1980-01-07 13:16:18 INFO  clocks.c:456                          at iTOW = 134196516
1980-01-07 13:16:18 INFO  clocks.c:457              local clock is 188.1100 seconds
1980-01-07 13:16:18 INFO  clocks.c:458                          at iTOW = 134196394
1980-01-07 13:16:18 INFO  clocks.c:459         Estimated time of flight = -128 msec
1980-01-07 13:16:18 INFO  clocks.c:460                 Clock difference = -147 msec
1980-01-07 13:16:18 INFO  clocks.c:461       so local clock is lagging by  19 msec
1980-01-07 13:16:18 INFO  clocks.c:450 Local synchronized clock will be forwarded by 0.015 seconds
1980-01-07 13:16:18 INFO  clocks.c:455   because: remote clock was 188.3770 seconds
1980-01-07 13:16:18 INFO  clocks.c:456                          at iTOW = 134196616
1980-01-07 13:16:18 INFO  clocks.c:457              local clock is 188.2341 seconds
1980-01-07 13:16:18 INFO  clocks.c:458                          at iTOW = 134196498
1980-01-07 13:16:18 INFO  clocks.c:459         Estimated time of flight = -128 msec
1980-01-07 13:16:18 INFO  clocks.c:460                 Clock difference = -142 msec
1980-01-07 13:16:18 INFO  clocks.c:461       so local clock is lagging by  14 msec
1980-01-07 13:16:18 INFO  clocks.c:450 Local synchronized clock will be forwarded by 0.021 seconds
1980-01-07 13:16:18 INFO  clocks.c:455   because: remote clock was 188.8980 seconds
1980-01-07 13:16:19 INFO  clocks.c:456                          at iTOW = 134197120
1980-01-07 13:16:19 INFO  clocks.c:457              local clock is 188.7489 seconds
1980-01-07 13:16:19 INFO  clocks.c:458                          at iTOW = 134196998
1980-01-07 13:16:19 INFO  clocks.c:459         Estimated time of flight = -128 msec
1980-01-07 13:16:19 INFO  clocks.c:460                 Clock difference = -149 msec
1980-01-07 13:16:19 INFO  clocks.c:461       so local clock is lagging by  21 msec
1980-01-07 13:16:19 INFO  clocks.c:450 Local synchronized clock will be forwarded by 0.015 seconds
1980-01-07 13:16:19 INFO  clocks.c:455   because: remote clock was 189.3100 seconds
1980-01-07 13:16:19 INFO  clocks.c:456                          at iTOW = 134197516
1980-01-07 13:16:19 INFO  clocks.c:457              local clock is 189.1670 seconds
1980-01-07 13:16:19 INFO  clocks.c:458                          at iTOW = 134197395
1980-01-07 13:16:19 INFO  clocks.c:459         Estimated time of flight = -128 msec
1980-01-07 13:16:19 INFO  clocks.c:460                 Clock difference = -142 msec
1980-01-07 13:16:19 INFO  clocks.c:461       so local clock is lagging by  14 msec
1980-01-07 13:16:19 INFO  clocks.c:450 Local synchronized clock will be forwarded by 0.020 seconds
1980-01-07 13:16:19 INFO  clocks.c:455   because: remote clock was 189.7330 seconds
1980-01-07 13:16:19 INFO  clocks.c:456                          at iTOW = 134197919
1980-01-07 13:16:19 INFO  clocks.c:457              local clock is 189.5848 seconds
1980-01-07 13:16:19 INFO  clocks.c:458                          at iTOW = 134197797
1980-01-07 13:16:19 INFO  clocks.c:459         Estimated time of flight = -128 msec
1980-01-07 13:16:19 INFO  clocks.c:460                 Clock difference = -148 msec
1980-01-07 13:16:19 INFO  clocks.c:461       so local clock is lagging by  20 msec
1980-01-07 13:16:20 INFO  clocks.c:450 Local synchronized clock will be forwarded by 0.011 seconds
1980-01-07 13:16:20 INFO  clocks.c:455   because: remote clock was 190.8580 seconds
1980-01-07 13:16:20 INFO  clocks.c:456                          at iTOW = 134199029
1980-01-07 13:16:20 INFO  clocks.c:457              local clock is 190.7186 seconds
1980-01-07 13:16:20 INFO  clocks.c:458                          at iTOW = 134198911
1980-01-07 13:16:20 INFO  clocks.c:459         Estimated time of flight = -128 msec
1980-01-07 13:16:20 INFO  clocks.c:460                 Clock difference = -139 msec
1980-01-07 13:16:20 INFO  clocks.c:461       so local clock is lagging by  11 msec
1980-01-07 13:16:22 INFO  clocks.c:450 Local synchronized clock will be forwarded by 0.032 seconds
1980-01-07 13:16:22 INFO  clocks.c:455   because: remote clock was 192.6960 seconds
1980-01-07 13:16:22 INFO  clocks.c:456                          at iTOW = 134200847
1980-01-07 13:16:22 INFO  clocks.c:457              local clock is 192.5361 seconds
1980-01-07 13:16:22 INFO  clocks.c:458                          at iTOW = 134200717
1980-01-07 13:16:22 INFO  clocks.c:459         Estimated time of flight = -128 msec
1980-01-07 13:16:22 INFO  clocks.c:460                 Clock difference = -159 msec
1980-01-07 13:16:22 INFO  clocks.c:461       so local clock is lagging by  31 msec
1980-01-07 13:16:22 INFO  clocks.c:450 Local synchronized clock will be forwarded by 0.015 seconds
1980-01-07 13:16:22 INFO  clocks.c:455   because: remote clock was 192.9110 seconds
1980-01-07 13:16:22 INFO  clocks.c:456                          at iTOW = 134201050
1980-01-07 13:16:22 INFO  clocks.c:457              local clock is 192.7680 seconds
1980-01-07 13:16:22 INFO  clocks.c:458                          at iTOW = 134200917
1980-01-07 13:16:22 INFO  clocks.c:459         Estimated time of flight = -128 msec
1980-01-07 13:16:22 INFO  clocks.c:460                 Clock difference = -142 msec
1980-01-07 13:16:22 INFO  clocks.c:461       so local clock is lagging by  14 msec
1980-01-07 13:16:23 INFO  clocks.c:450 Local synchronized clock will be forwarded by 0.038 seconds
1980-01-07 13:16:23 INFO  clocks.c:455   because: remote clock was 193.0850 seconds
1980-01-07 13:16:23 INFO  clocks.c:456                          at iTOW = 134201210
1980-01-07 13:16:23 INFO  clocks.c:457              local clock is 192.9832 seconds
1980-01-07 13:16:23 INFO  clocks.c:458                          at iTOW = 134201117
1980-01-07 13:16:23 INFO  clocks.c:459         Estimated time of flight = -64 msec
1980-01-07 13:16:23 INFO  clocks.c:460                 Clock difference = -101 msec
1980-01-07 13:16:23 INFO  clocks.c:461       so local clock is lagging by  37 msec
1980-01-07 13:16:24 INFO  clocks.c:450 Local synchronized clock will be forwarded by 0.012 seconds
1980-01-07 13:16:24 INFO  clocks.c:455   because: remote clock was 194.2620 seconds
1980-01-07 13:16:24 INFO  clocks.c:456                          at iTOW = 134202334
1980-01-07 13:16:24 INFO  clocks.c:457              local clock is 194.1222 seconds
1980-01-07 13:16:24 INFO  clocks.c:458                          at iTOW = 134202219
1980-01-07 13:16:24 INFO  clocks.c:459         Estimated time of flight = -128 msec
1980-01-07 13:16:24 INFO  clocks.c:460                 Clock difference = -139 msec
1980-01-07 13:16:24 INFO  clocks.c:461       so local clock is lagging by  11 msec
1980-01-07 13:16:24 INFO  clocks.c:450 Local synchronized clock will be forwarded by 0.014 seconds
1980-01-07 13:16:24 INFO  clocks.c:455   because: remote clock was 194.3750 seconds
1980-01-07 13:16:24 INFO  clocks.c:456                          at iTOW = 134202435
1980-01-07 13:16:24 INFO  clocks.c:457              local clock is 194.2328 seconds
1980-01-07 13:16:24 INFO  clocks.c:458                          at iTOW = 134202318
1980-01-07 13:16:24 INFO  clocks.c:459         Estimated time of flight = -128 msec
1980-01-07 13:16:24 INFO  clocks.c:460                 Clock difference = -142 msec
1980-01-07 13:16:24 INFO  clocks.c:461       so local clock is lagging by  14 msec
1980-01-07 13:16:25 INFO  clocks.c:450 Local synchronized clock will be forwarded by 0.035 seconds
1980-01-07 13:16:25 INFO  clocks.c:455   because: remote clock was 195.3100 seconds
1980-01-07 13:16:25 INFO  clocks.c:456                          at iTOW = 134203353
1980-01-07 13:16:25 INFO  clocks.c:457              local clock is 195.1472 seconds
1980-01-07 13:16:25 INFO  clocks.c:458                          at iTOW = 134203218
1980-01-07 13:16:25 INFO  clocks.c:459         Estimated time of flight = -128 msec
1980-01-07 13:16:25 INFO  clocks.c:460                 Clock difference = -162 msec
1980-01-07 13:16:25 INFO  clocks.c:461       so local clock is lagging by  34 msec
1980-01-07 13:16:26 INFO  clocks.c:450 Local synchronized clock will be forwarded by 0.017 seconds
1980-01-07 13:16:26 INFO  clocks.c:455   because: remote clock was 196.2470 seconds
1980-01-07 13:16:26 INFO  clocks.c:456                          at iTOW = 134204257
1980-01-07 13:16:26 INFO  clocks.c:457              local clock is 196.1019 seconds
1980-01-07 13:16:26 INFO  clocks.c:458                          at iTOW = 134204138
1980-01-07 13:16:26 INFO  clocks.c:459         Estimated time of flight = -128 msec
1980-01-07 13:16:26 INFO  clocks.c:460                 Clock difference = -145 msec
1980-01-07 13:16:26 INFO  clocks.c:461       so local clock is lagging by  17 msec
1980-01-07 13:16:26 INFO  clocks.c:450 Local synchronized clock will be forwarded by 0.015 seconds
1980-01-07 13:16:26 INFO  clocks.c:455   because: remote clock was 196.7710 seconds
1980-01-07 13:16:26 INFO  clocks.c:456                          at iTOW = 134204764
1980-01-07 13:16:26 INFO  clocks.c:457              local clock is 196.6281 seconds
1980-01-07 13:16:26 INFO  clocks.c:458                          at iTOW = 134204647
1980-01-07 13:16:26 INFO  clocks.c:459         Estimated time of flight = -128 msec
1980-01-07 13:16:26 INFO  clocks.c:460                 Clock difference = -142 msec
1980-01-07 13:16:26 INFO  clocks.c:461       so local clock is lagging by  14 msec
1980-01-07 13:16:27 INFO  clocks.c:450 Local synchronized clock will be forwarded by 0.016 seconds
1980-01-07 13:16:27 INFO  clocks.c:455   because: remote clock was 197.3780 seconds
1980-01-07 13:16:27 INFO  clocks.c:456                          at iTOW = 134205371
1980-01-07 13:16:27 INFO  clocks.c:457              local clock is 197.2338 seconds
1980-01-07 13:16:27 INFO  clocks.c:458                          at iTOW = 134205238
1980-01-07 13:16:27 INFO  clocks.c:459         Estimated time of flight = -128 msec
1980-01-07 13:16:27 INFO  clocks.c:460                 Clock difference = -144 msec
1980-01-07 13:16:27 INFO  clocks.c:461       so local clock is lagging by  16 msec
1980-01-07 13:16:27 INFO  clocks.c:450 Local synchronized clock will be forwarded by 0.020 seconds
1980-01-07 13:16:27 INFO  clocks.c:455   because: remote clock was 197.5080 seconds
1980-01-07 13:16:27 INFO  clocks.c:456                          at iTOW = 134205471
1980-01-07 13:16:27 INFO  clocks.c:457              local clock is 197.3598 seconds
1980-01-07 13:16:27 INFO  clocks.c:458                          at iTOW = 134205348
1980-01-07 13:16:27 INFO  clocks.c:459         Estimated time of flight = -128 msec
1980-01-07 13:16:27 INFO  clocks.c:460                 Clock difference = -148 msec
1980-01-07 13:16:27 INFO  clocks.c:461       so local clock is lagging by  20 msec
1980-01-07 13:16:27 INFO  clocks.c:450 Local synchronized clock will be forwarded by 0.029 seconds
1980-01-07 13:16:27 INFO  clocks.c:455   because: remote clock was 197.6270 seconds
1980-01-07 13:16:27 INFO  clocks.c:456                          at iTOW = 134205570
1980-01-07 13:16:27 INFO  clocks.c:457              local clock is 197.4702 seconds
1980-01-07 13:16:27 INFO  clocks.c:458                          at iTOW = 134205438
1980-01-07 13:16:27 INFO  clocks.c:459         Estimated time of flight = -128 msec
1980-01-07 13:16:27 INFO  clocks.c:460                 Clock difference = -156 msec
1980-01-07 13:16:27 INFO  clocks.c:461       so local clock is lagging by  28 msec
1980-01-07 13:16:27 INFO  clocks.c:450 Local synchronized clock will be forwarded by 0.021 seconds
1980-01-07 13:16:27 INFO  clocks.c:455   because: remote clock was 197.9580 seconds
1980-01-07 13:16:27 INFO  clocks.c:456                          at iTOW = 134205871
1980-01-07 13:16:27 INFO  clocks.c:457              local clock is 197.8088 seconds
1980-01-07 13:16:27 INFO  clocks.c:458                          at iTOW = 134205747
1980-01-07 13:16:27 INFO  clocks.c:459         Estimated time of flight = -128 msec
1980-01-07 13:16:27 INFO  clocks.c:460                 Clock difference = -149 msec
1980-01-07 13:16:27 INFO  clocks.c:461       so local clock is lagging by  21 msec
1980-01-07 13:16:27 INFO  clocks.c:450 Local synchronized clock will be forwarded by 0.031 seconds
1980-01-07 13:16:27 INFO  clocks.c:455   because: remote clock was 198.1800 seconds
1980-01-07 13:16:27 INFO  clocks.c:456                          at iTOW = 134206072
1980-01-07 13:16:27 INFO  clocks.c:457              local clock is 198.0207 seconds
1980-01-07 13:16:27 INFO  clocks.c:458                          at iTOW = 134205938
1980-01-07 13:16:27 INFO  clocks.c:459         Estimated time of flight = -128 msec
1980-01-07 13:16:27 INFO  clocks.c:460                 Clock difference = -159 msec
1980-01-07 13:16:27 INFO  clocks.c:461       so local clock is lagging by  31 msec
1980-01-07 13:16:28 INFO  clocks.c:450 Local synchronized clock will be forwarded by 0.016 seconds
1980-01-07 13:16:28 INFO  clocks.c:455   because: remote clock was 198.5050 seconds
1980-01-07 13:16:28 INFO  clocks.c:456                          at iTOW = 134206364
1980-01-07 13:16:28 INFO  clocks.c:457              local clock is 198.3609 seconds
1980-01-07 13:16:28 INFO  clocks.c:458                          at iTOW = 134206247
1980-01-07 13:16:28 INFO  clocks.c:459         Estimated time of flight = -128 msec
1980-01-07 13:16:28 INFO  clocks.c:460                 Clock difference = -144 msec
1980-01-07 13:16:28 INFO  clocks.c:461       so local clock is lagging by  16 msec
1980-01-07 13:16:30 INFO  clocks.c:450 Local synchronized clock will be forwarded by 0.019 seconds
1980-01-07 13:16:30 INFO  clocks.c:455   because: remote clock was 200.4440 seconds
1980-01-07 13:16:30 INFO  clocks.c:456                          at iTOW = 134208289
1980-01-07 13:16:30 INFO  clocks.c:457              local clock is 200.2974 seconds
1980-01-07 13:16:30 INFO  clocks.c:458                          at iTOW = 134208167
1980-01-07 13:16:30 INFO  clocks.c:459         Estimated time of flight = -128 msec
1980-01-07 13:16:30 INFO  clocks.c:460                 Clock difference = -146 msec
1980-01-07 13:16:30 INFO  clocks.c:461       so local clock is lagging by  18 msec
1980-01-07 13:16:30 INFO  autopilots/pixhawk/driver.c:1721 statustext: RCInput: decoding UNKNOWN (severity: 7 - DEBUG)
1980-01-07 13:16:30 INFO  autopilots/pixhawk/driver.c:1721 statustext: RCInput: decoding PX4IO_PPM (severity: 7 - DEBUG)
1980-01-07 13:16:30 INFO  clocks.c:450 Local synchronized clock will be forwarded by 0.028 seconds
1980-01-07 13:16:30 INFO  clocks.c:455   because: remote clock was 200.9640 seconds
1980-01-07 13:16:30 INFO  clocks.c:456                          at iTOW = 134208792
1980-01-07 13:16:30 INFO  clocks.c:457              local clock is 200.8083 seconds
1980-01-07 13:16:30 INFO  clocks.c:458                          at iTOW = 134208660
1980-01-07 13:16:30 INFO  clocks.c:459         Estimated time of flight = -128 msec
1980-01-07 13:16:30 INFO  clocks.c:460                 Clock difference = -155 msec
1980-01-07 13:16:30 INFO  clocks.c:461       so local clock is lagging by  27 msec
1980-01-07 13:16:30 INFO  clocks.c:450 Local synchronized clock will be forwarded by 0.015 seconds
1980-01-07 13:16:30 INFO  clocks.c:455   because: remote clock was 201.2810 seconds
1980-01-07 13:16:30 INFO  clocks.c:456                          at iTOW = 134209094
1980-01-07 13:16:30 INFO  clocks.c:457              local clock is 201.1378 seconds
1980-01-07 13:16:30 INFO  clocks.c:458                          at iTOW = 134208962
1980-01-07 13:16:30 INFO  clocks.c:459         Estimated time of flight = -128 msec
1980-01-07 13:16:30 INFO  clocks.c:460                 Clock difference = -143 msec
1980-01-07 13:16:30 INFO  clocks.c:461       so local clock is lagging by  15 msec
1980-01-07 13:16:31 INFO  clocks.c:450 Local synchronized clock will be forwarded by 0.012 seconds
1980-01-07 13:16:31 INFO  clocks.c:455   because: remote clock was 201.3920 seconds
1980-01-07 13:16:31 INFO  clocks.c:456                          at iTOW = 134209176
1980-01-07 13:16:31 INFO  clocks.c:457              local clock is 201.2517 seconds
1980-01-07 13:16:31 INFO  clocks.c:458                          at iTOW = 134209060
1980-01-07 13:16:31 INFO  clocks.c:459         Estimated time of flight = -128 msec
1980-01-07 13:16:31 INFO  clocks.c:460                 Clock difference = -140 msec
1980-01-07 13:16:31 INFO  clocks.c:461       so local clock is lagging by  12 msec
1980-01-07 13:16:32 INFO  clocks.c:450 Local synchronized clock will be forwarded by 0.021 seconds
1980-01-07 13:16:32 INFO  clocks.c:455   because: remote clock was 202.6200 seconds
1980-01-07 13:16:32 INFO  clocks.c:456                          at iTOW = 134210391
1980-01-07 13:16:32 INFO  clocks.c:457              local clock is 202.4712 seconds
1980-01-07 13:16:32 INFO  clocks.c:458                          at iTOW = 134210267
1980-01-07 13:16:32 INFO  clocks.c:459         Estimated time of flight = -128 msec
1980-01-07 13:16:32 INFO  clocks.c:460                 Clock difference = -148 msec
1980-01-07 13:16:32 INFO  clocks.c:461       so local clock is lagging by  20 msec
1980-01-07 13:16:32 INFO  clocks.c:450 Local synchronized clock will be forwarded by 0.017 seconds
1980-01-07 13:16:32 INFO  clocks.c:455   because: remote clock was 202.9830 seconds
1980-01-07 13:16:32 INFO  clocks.c:456                          at iTOW = 134210735
1980-01-07 13:16:32 INFO  clocks.c:457              local clock is 202.9020 seconds
1980-01-07 13:16:32 INFO  clocks.c:458                          at iTOW = 134210677
1980-01-07 13:16:32 INFO  clocks.c:459         Estimated time of flight = -64 msec
1980-01-07 13:16:32 INFO  clocks.c:460                 Clock difference = -81 msec
1980-01-07 13:16:32 INFO  clocks.c:461       so local clock is lagging by  17 msec
1980-01-07 13:16:32 INFO  clocks.c:450 Local synchronized clock will be forwarded by 0.011 seconds
1980-01-07 13:16:32 INFO  clocks.c:455   because: remote clock was 203.1580 seconds
1980-01-07 13:16:32 INFO  clocks.c:456                          at iTOW = 134210895
1980-01-07 13:16:32 INFO  clocks.c:457              local clock is 203.0193 seconds
1980-01-07 13:16:32 INFO  clocks.c:458                          at iTOW = 134210778
1980-01-07 13:16:32 INFO  clocks.c:459         Estimated time of flight = -128 msec
1980-01-07 13:16:32 INFO  clocks.c:460                 Clock difference = -138 msec
1980-01-07 13:16:32 INFO  clocks.c:461       so local clock is lagging by  10 msec
1980-01-07 13:16:33 INFO  clocks.c:450 Local synchronized clock will be forwarded by 0.011 seconds
1980-01-07 13:16:33 INFO  clocks.c:455   because: remote clock was 203.6630 seconds
1980-01-07 13:16:33 INFO  clocks.c:456                          at iTOW = 134211389
1980-01-07 13:16:33 INFO  clocks.c:457              local clock is 203.5241 seconds
1980-01-07 13:16:33 INFO  clocks.c:458                          at iTOW = 134211272
1980-01-07 13:16:33 INFO  clocks.c:459         Estimated time of flight = -128 msec
1980-01-07 13:16:33 INFO  clocks.c:460                 Clock difference = -138 msec
1980-01-07 13:16:33 INFO  clocks.c:461       so local clock is lagging by  10 msec
1980-01-07 13:16:33 INFO  clocks.c:450 Local synchronized clock will be forwarded by 0.020 seconds
1980-01-07 13:16:33 INFO  clocks.c:455   because: remote clock was 204.2790 seconds
1980-01-07 13:16:33 INFO  clocks.c:456                          at iTOW = 134211993
1980-01-07 13:16:33 INFO  clocks.c:457              local clock is 204.1307 seconds
1980-01-07 13:16:33 INFO  clocks.c:458                          at iTOW = 134211868
1980-01-07 13:16:33 INFO  clocks.c:459         Estimated time of flight = -128 msec
1980-01-07 13:16:33 INFO  clocks.c:460                 Clock difference = -148 msec
1980-01-07 13:16:33 INFO  clocks.c:461       so local clock is lagging by  20 msec
1980-01-07 13:16:34 INFO  autopilots/pixhawk/driver.c:1721 statustext: RCInput: decoding UNKNOWN (severity: 7 - DEBUG)
1980-01-07 13:16:34 INFO  autopilots/pixhawk/driver.c:1721 statustext: RCInput: decoding PX4IO_PPM (severity: 7 - DEBUG)
1980-01-07 13:16:34 INFO  clocks.c:450 Local synchronized clock will be forwarded by 0.038 seconds
1980-01-07 13:16:34 INFO  clocks.c:455   because: remote clock was 204.6630 seconds
1980-01-07 13:16:34 INFO  clocks.c:456                          at iTOW = 134212356
1980-01-07 13:16:34 INFO  clocks.c:457              local clock is 204.5613 seconds
1980-01-07 13:16:34 INFO  clocks.c:458                          at iTOW = 134212278
1980-01-07 13:16:34 INFO  clocks.c:459         Estimated time of flight = -64 msec
1980-01-07 13:16:34 INFO  clocks.c:460                 Clock difference = -101 msec
1980-01-07 13:16:34 INFO  clocks.c:461       so local clock is lagging by  37 msec
1980-01-07 13:16:34 INFO  clocks.c:450 Local synchronized clock will be forwarded by 0.029 seconds
1980-01-07 13:16:34 INFO  clocks.c:455   because: remote clock was 205.0870 seconds
1980-01-07 13:16:34 INFO  clocks.c:456                          at iTOW = 134212761
1980-01-07 13:16:34 INFO  clocks.c:457              local clock is 204.9945 seconds
1980-01-07 13:16:34 INFO  clocks.c:458                          at iTOW = 134212673
1980-01-07 13:16:34 INFO  clocks.c:459         Estimated time of flight = -64 msec
1980-01-07 13:16:34 INFO  clocks.c:460                 Clock difference = -92 msec
1980-01-07 13:16:34 INFO  clocks.c:461       so local clock is lagging by  28 msec
1980-01-07 13:16:34 INFO  clocks.c:450 Local synchronized clock will be forwarded by 0.027 seconds
1980-01-07 13:16:34 INFO  clocks.c:455   because: remote clock was 205.4780 seconds
1980-01-07 13:16:34 INFO  clocks.c:456                          at iTOW = 134213105
1980-01-07 13:16:34 INFO  clocks.c:457              local clock is 205.3230 seconds
1980-01-07 13:16:34 INFO  clocks.c:458                          at iTOW = 134212973
1980-01-07 13:16:34 INFO  clocks.c:459         Estimated time of flight = -128 msec
1980-01-07 13:16:34 INFO  clocks.c:460                 Clock difference = -155 msec
1980-01-07 13:16:34 INFO  clocks.c:461       so local clock is lagging by  27 msec
1980-01-07 13:16:36 INFO  clocks.c:450 Local synchronized clock will be forwarded by 0.011 seconds
1980-01-07 13:16:36 INFO  clocks.c:455   because: remote clock was 207.1930 seconds
1980-01-07 13:16:36 INFO  clocks.c:456                          at iTOW = 134214809
1980-01-07 13:16:36 INFO  clocks.c:457              local clock is 207.0542 seconds
1980-01-07 13:16:36 INFO  clocks.c:458                          at iTOW = 134214678
1980-01-07 13:16:36 INFO  clocks.c:459         Estimated time of flight = -128 msec
1980-01-07 13:16:36 INFO  clocks.c:460                 Clock difference = -138 msec
1980-01-07 13:16:36 INFO  clocks.c:461       so local clock is lagging by  10 msec
1980-01-07 13:16:37 INFO  clocks.c:450 Local synchronized clock will be forwarded by 0.021 seconds
1980-01-07 13:16:37 INFO  clocks.c:455   because: remote clock was 207.8600 seconds
1980-01-07 13:16:37 INFO  clocks.c:456                          at iTOW = 134215476
1980-01-07 13:16:37 INFO  clocks.c:457              local clock is 207.7750 seconds
1980-01-07 13:16:37 INFO  clocks.c:458                          at iTOW = 134215388
1980-01-07 13:16:37 INFO  clocks.c:459         Estimated time of flight = -64 msec
1980-01-07 13:16:37 INFO  clocks.c:460                 Clock difference = -85 msec
1980-01-07 13:16:37 INFO  clocks.c:461       so local clock is lagging by  21 msec
1980-01-07 13:16:38 INFO  clocks.c:450 Local synchronized clock will be forwarded by 0.020 seconds
1980-01-07 13:16:38 INFO  clocks.c:455   because: remote clock was 208.8640 seconds
1980-01-07 13:16:38 INFO  clocks.c:456                          at iTOW = 134216433
1980-01-07 13:16:38 INFO  clocks.c:457              local clock is 208.7159 seconds
1980-01-07 13:16:38 INFO  clocks.c:458                          at iTOW = 134216307
1980-01-07 13:16:38 INFO  clocks.c:459         Estimated time of flight = -128 msec
1980-01-07 13:16:38 INFO  clocks.c:460                 Clock difference = -148 msec
1980-01-07 13:16:38 INFO  clocks.c:461       so local clock is lagging by  20 msec
1980-01-07 13:16:38 INFO  clocks.c:450 Local synchronized clock will be forwarded by 0.022 seconds
1980-01-07 13:16:38 INFO  clocks.c:455   because: remote clock was 208.9860 seconds
1980-01-07 13:16:38 INFO  clocks.c:456                          at iTOW = 134216534
1980-01-07 13:16:38 INFO  clocks.c:457              local clock is 208.8360 seconds
1980-01-07 13:16:38 INFO  clocks.c:458                          at iTOW = 134216407
1980-01-07 13:16:38 INFO  clocks.c:459         Estimated time of flight = -128 msec
1980-01-07 13:16:38 INFO  clocks.c:460                 Clock difference = -149 msec
1980-01-07 13:16:38 INFO  clocks.c:461       so local clock is lagging by  21 msec
1980-01-07 13:16:38 INFO  clocks.c:450 Local synchronized clock will be forwarded by 0.022 seconds
1980-01-07 13:16:38 INFO  clocks.c:455   because: remote clock was 209.3080 seconds
1980-01-07 13:16:38 INFO  clocks.c:456                          at iTOW = 134216835
1980-01-07 13:16:38 INFO  clocks.c:457              local clock is 209.1580 seconds
1980-01-07 13:16:38 INFO  clocks.c:458                          at iTOW = 134216707
1980-01-07 13:16:38 INFO  clocks.c:459         Estimated time of flight = -128 msec
1980-01-07 13:16:38 INFO  clocks.c:460                 Clock difference = -149 msec
1980-01-07 13:16:38 INFO  clocks.c:461       so local clock is lagging by  21 msec
1980-01-07 13:16:39 INFO  clocks.c:450 Local synchronized clock will be forwarded by 0.013 seconds
1980-01-07 13:16:39 INFO  clocks.c:455   because: remote clock was 209.8190 seconds
1980-01-07 13:16:39 INFO  clocks.c:456                          at iTOW = 134217324
1980-01-07 13:16:39 INFO  clocks.c:457              local clock is 209.6778 seconds
1980-01-07 13:16:39 INFO  clocks.c:458                          at iTOW = 134217205
1980-01-07 13:16:39 INFO  clocks.c:459         Estimated time of flight = -128 msec
1980-01-07 13:16:39 INFO  clocks.c:460                 Clock difference = -141 msec
1980-01-07 13:16:39 INFO  clocks.c:461       so local clock is lagging by  13 msec
1980-01-07 13:16:39 INFO  clocks.c:450 Local synchronized clock will be forwarded by 0.022 seconds
1980-01-07 13:16:39 INFO  clocks.c:455   because: remote clock was 210.4430 seconds
1980-01-07 13:16:39 INFO  clocks.c:456                          at iTOW = 134217929
1980-01-07 13:16:39 INFO  clocks.c:457              local clock is 210.2931 seconds
1980-01-07 13:16:39 INFO  clocks.c:458                          at iTOW = 134217807
1980-01-07 13:16:39 INFO  clocks.c:459         Estimated time of flight = -128 msec
1980-01-07 13:16:39 INFO  clocks.c:460                 Clock difference = -149 msec
1980-01-07 13:16:39 INFO  clocks.c:461       so local clock is lagging by  21 msec
1980-01-07 13:16:40 INFO  clocks.c:450 Local synchronized clock will be forwarded by 0.016 seconds
1980-01-07 13:16:40 INFO  clocks.c:455   because: remote clock was 210.8680 seconds
1980-01-07 13:16:40 INFO  clocks.c:456                          at iTOW = 134218354
1980-01-07 13:16:40 INFO  clocks.c:457              local clock is 210.7239 seconds
1980-01-07 13:16:40 INFO  clocks.c:458                          at iTOW = 134218216
1980-01-07 13:16:40 INFO  clocks.c:459         Estimated time of flight = -128 msec
1980-01-07 13:16:40 INFO  clocks.c:460                 Clock difference = -144 msec
1980-01-07 13:16:40 INFO  clocks.c:461       so local clock is lagging by  16 msec
1980-01-07 13:16:41 INFO  clocks.c:450 Local synchronized clock will be forwarded by 0.019 seconds
1980-01-07 13:16:41 INFO  clocks.c:455   because: remote clock was 211.8980 seconds
1980-01-07 13:16:41 INFO  clocks.c:456                          at iTOW = 134219350
1980-01-07 13:16:41 INFO  clocks.c:457              local clock is 211.7511 seconds
1980-01-07 13:16:41 INFO  clocks.c:458                          at iTOW = 134219227
1980-01-07 13:16:41 INFO  clocks.c:459         Estimated time of flight = -128 msec
1980-01-07 13:16:41 INFO  clocks.c:460                 Clock difference = -146 msec
1980-01-07 13:16:41 INFO  clocks.c:461       so local clock is lagging by  18 msec
1980-01-07 13:16:42 INFO  clocks.c:450 Local synchronized clock will be forwarded by 0.019 seconds
1980-01-07 13:16:42 INFO  clocks.c:455   because: remote clock was 213.2270 seconds
1980-01-07 13:16:42 INFO  clocks.c:456                          at iTOW = 134220658
1980-01-07 13:16:42 INFO  clocks.c:457              local clock is 213.0800 seconds
1980-01-07 13:16:42 INFO  clocks.c:458                          at iTOW = 134220537
1980-01-07 13:16:42 INFO  clocks.c:459         Estimated time of flight = -128 msec
1980-01-07 13:16:42 INFO  clocks.c:460                 Clock difference = -146 msec
1980-01-07 13:16:42 INFO  clocks.c:461       so local clock is lagging by  18 msec
1980-01-07 13:16:44 INFO  clocks.c:450 Local synchronized clock will be forwarded by 0.035 seconds
1980-01-07 13:16:44 INFO  clocks.c:455   because: remote clock was 214.9640 seconds
1980-01-07 13:16:44 INFO  clocks.c:456                          at iTOW = 134222378
1980-01-07 13:16:44 INFO  clocks.c:457              local clock is 214.8012 seconds
1980-01-07 13:16:44 INFO  clocks.c:458                          at iTOW = 134222240
1980-01-07 13:16:44 INFO  clocks.c:459         Estimated time of flight = -128 msec
1980-01-07 13:16:44 INFO  clocks.c:460                 Clock difference = -162 msec
1980-01-07 13:16:44 INFO  clocks.c:461       so local clock is lagging by  34 msec
1980-01-07 13:16:44 INFO  clocks.c:450 Local synchronized clock will be forwarded by 0.012 seconds
1980-01-07 13:16:44 INFO  clocks.c:455   because: remote clock was 215.3780 seconds
1980-01-07 13:16:44 INFO  clocks.c:456                          at iTOW = 134222760
1980-01-07 13:16:44 INFO  clocks.c:457              local clock is 215.2382 seconds
1980-01-07 13:16:44 INFO  clocks.c:458                          at iTOW = 134222642
1980-01-07 13:16:44 INFO  clocks.c:459         Estimated time of flight = -128 msec
1980-01-07 13:16:44 INFO  clocks.c:460                 Clock difference = -139 msec
1980-01-07 13:16:44 INFO  clocks.c:461       so local clock is lagging by  11 msec
1980-01-07 13:16:44 INFO  clocks.c:450 Local synchronized clock will be forwarded by 0.013 seconds
1980-01-07 13:16:44 INFO  clocks.c:455   because: remote clock was 215.6920 seconds
1980-01-07 13:16:44 INFO  clocks.c:456                          at iTOW = 134223061
1980-01-07 13:16:44 INFO  clocks.c:457              local clock is 215.5513 seconds
1980-01-07 13:16:44 INFO  clocks.c:458                          at iTOW = 134222943
1980-01-07 13:16:44 INFO  clocks.c:459         Estimated time of flight = -128 msec
1980-01-07 13:16:44 INFO  clocks.c:460                 Clock difference = -140 msec
1980-01-07 13:16:44 INFO  clocks.c:461       so local clock is lagging by  12 msec
1980-01-07 13:16:46 INFO  clocks.c:450 Local synchronized clock will be forwarded by 0.013 seconds
1980-01-07 13:16:46 INFO  clocks.c:455   because: remote clock was 216.8020 seconds
1980-01-07 13:16:46 INFO  clocks.c:456                          at iTOW = 134224171
1980-01-07 13:16:46 INFO  clocks.c:457              local clock is 216.6607 seconds
1980-01-07 13:16:46 INFO  clocks.c:458                          at iTOW = 134224040
1980-01-07 13:16:46 INFO  clocks.c:459         Estimated time of flight = -128 msec
1980-01-07 13:16:46 INFO  clocks.c:460                 Clock difference = -141 msec
1980-01-07 13:16:46 INFO  clocks.c:461       so local clock is lagging by  13 msec
1980-01-07 13:16:46 INFO  clocks.c:450 Local synchronized clock will be forwarded by 0.013 seconds
1980-01-07 13:16:46 INFO  clocks.c:455   because: remote clock was 216.9220 seconds
1980-01-07 13:16:46 INFO  clocks.c:456                          at iTOW = 134224271
1980-01-07 13:16:46 INFO  clocks.c:457              local clock is 216.7815 seconds
1980-01-07 13:16:46 INFO  clocks.c:458                          at iTOW = 134224147
1980-01-07 13:16:46 INFO  clocks.c:459         Estimated time of flight = -128 msec
1980-01-07 13:16:46 INFO  clocks.c:460                 Clock difference = -140 msec
1980-01-07 13:16:46 INFO  clocks.c:461       so local clock is lagging by  12 msec
1980-01-07 13:16:46 INFO  clocks.c:450 Local synchronized clock will be forwarded by 0.022 seconds
1980-01-07 13:16:46 INFO  clocks.c:455   because: remote clock was 217.2450 seconds
1980-01-07 13:16:46 INFO  clocks.c:456                          at iTOW = 134224577
1980-01-07 13:16:46 INFO  clocks.c:457              local clock is 217.0946 seconds
1980-01-07 13:16:46 INFO  clocks.c:458                          at iTOW = 134224448
1980-01-07 13:16:46 INFO  clocks.c:459         Estimated time of flight = -128 msec
1980-01-07 13:16:46 INFO  clocks.c:460                 Clock difference = -150 msec
1980-01-07 13:16:46 INFO  clocks.c:461       so local clock is lagging by  22 msec
1980-01-07 13:16:47 INFO  clocks.c:450 Local synchronized clock will be forwarded by 0.015 seconds
1980-01-07 13:16:47 INFO  clocks.c:455   because: remote clock was 217.8720 seconds
1980-01-07 13:16:47 INFO  clocks.c:456                          at iTOW = 134225180
1980-01-07 13:16:47 INFO  clocks.c:457              local clock is 217.7290 seconds
1980-01-07 13:16:47 INFO  clocks.c:458                          at iTOW = 134225060
1980-01-07 13:16:47 INFO  clocks.c:459         Estimated time of flight = -128 msec
1980-01-07 13:16:47 INFO  clocks.c:460                 Clock difference = -143 msec
1980-01-07 13:16:47 INFO  clocks.c:461       so local clock is lagging by  15 msec
1980-01-07 13:16:48 INFO  clocks.c:450 Local synchronized clock will be forwarded by 0.020 seconds
1980-01-07 13:16:48 INFO  clocks.c:455   because: remote clock was 219.7080 seconds
1980-01-07 13:16:48 INFO  clocks.c:456                          at iTOW = 134227003
1980-01-07 13:16:48 INFO  clocks.c:457              local clock is 219.5603 seconds
1980-01-07 13:16:48 INFO  clocks.c:458                          at iTOW = 134226876
1980-01-07 13:16:48 INFO  clocks.c:459         Estimated time of flight = -128 msec
1980-01-07 13:16:48 INFO  clocks.c:460                 Clock difference = -147 msec
1980-01-07 13:16:48 INFO  clocks.c:461       so local clock is lagging by  19 msec
1980-01-07 13:16:49 INFO  clocks.c:450 Local synchronized clock will be forwarded by 0.019 seconds
1980-01-07 13:16:49 INFO  clocks.c:455   because: remote clock was 220.0640 seconds
1980-01-07 13:16:49 INFO  clocks.c:456                          at iTOW = 134227359
1980-01-07 13:16:49 INFO  clocks.c:457              local clock is 219.9814 seconds
1980-01-07 13:16:49 INFO  clocks.c:458                          at iTOW = 134227278
1980-01-07 13:16:49 INFO  clocks.c:459         Estimated time of flight = -64 msec
1980-01-07 13:16:49 INFO  clocks.c:460                 Clock difference = -82 msec
1980-01-07 13:16:49 INFO  clocks.c:461       so local clock is lagging by  18 msec
1980-01-07 13:16:53 INFO  clocks.c:450 Local synchronized clock will be forwarded by 0.010 seconds
1980-01-07 13:16:53 INFO  clocks.c:455   because: remote clock was 224.2480 seconds
1980-01-07 13:16:53 INFO  clocks.c:456                          at iTOW = 134231511
1980-01-07 13:16:53 INFO  clocks.c:457              local clock is 224.1098 seconds
1980-01-07 13:16:53 INFO  clocks.c:458                          at iTOW = 134231387
1980-01-07 13:16:53 INFO  clocks.c:459         Estimated time of flight = -128 msec
1980-01-07 13:16:53 INFO  clocks.c:460                 Clock difference = -138 msec
1980-01-07 13:16:53 INFO  clocks.c:461       so local clock is lagging by  10 msec
1980-01-07 13:16:53 INFO  clocks.c:450 Local synchronized clock will be forwarded by 0.015 seconds
1980-01-07 13:16:53 INFO  clocks.c:455   because: remote clock was 224.3630 seconds
1980-01-07 13:16:53 INFO  clocks.c:456                          at iTOW = 134231612
1980-01-07 13:16:53 INFO  clocks.c:457              local clock is 224.2198 seconds
1980-01-07 13:16:53 INFO  clocks.c:458                          at iTOW = 134231487
1980-01-07 13:16:53 INFO  clocks.c:459         Estimated time of flight = -128 msec
1980-01-07 13:16:53 INFO  clocks.c:460                 Clock difference = -143 msec
1980-01-07 13:16:53 INFO  clocks.c:461       so local clock is lagging by  15 msec
1980-01-07 13:16:54 INFO  clocks.c:450 Local synchronized clock will be forwarded by 0.022 seconds
1980-01-07 13:16:54 INFO  clocks.c:455   because: remote clock was 224.9850 seconds
1980-01-07 13:16:54 INFO  clocks.c:456                          at iTOW = 134232215
1980-01-07 13:16:54 INFO  clocks.c:457              local clock is 224.8350 seconds
1980-01-07 13:16:54 INFO  clocks.c:458                          at iTOW = 134232087
1980-01-07 13:16:54 INFO  clocks.c:459         Estimated time of flight = -128 msec
1980-01-07 13:16:54 INFO  clocks.c:460                 Clock difference = -150 msec
1980-01-07 13:16:54 INFO  clocks.c:461       so local clock is lagging by  22 msec
1980-01-07 13:16:54 INFO  clocks.c:450 Local synchronized clock will be forwarded by 0.022 seconds
1980-01-07 13:16:54 INFO  clocks.c:455   because: remote clock was 225.3070 seconds
1980-01-07 13:16:54 INFO  clocks.c:456                          at iTOW = 134232517
1980-01-07 13:16:54 INFO  clocks.c:457              local clock is 225.1570 seconds
1980-01-07 13:16:54 INFO  clocks.c:458                          at iTOW = 134232387
1980-01-07 13:16:54 INFO  clocks.c:459         Estimated time of flight = -128 msec
1980-01-07 13:16:54 INFO  clocks.c:460                 Clock difference = -149 msec
1980-01-07 13:16:54 INFO  clocks.c:461       so local clock is lagging by  21 msec
1980-01-07 13:16:54 INFO  clocks.c:450 Local synchronized clock will be forwarded by 0.030 seconds
1980-01-07 13:16:54 INFO  clocks.c:455   because: remote clock was 225.7370 seconds
1980-01-07 13:16:54 INFO  clocks.c:456                          at iTOW = 134232918
1980-01-07 13:16:54 INFO  clocks.c:457              local clock is 225.5792 seconds
1980-01-07 13:16:54 INFO  clocks.c:458                          at iTOW = 134232788
1980-01-07 13:16:54 INFO  clocks.c:459         Estimated time of flight = -128 msec
1980-01-07 13:16:54 INFO  clocks.c:460                 Clock difference = -157 msec
1980-01-07 13:16:54 INFO  clocks.c:461       so local clock is lagging by  29 msec
1980-01-07 13:16:55 INFO  clocks.c:450 Local synchronized clock will be forwarded by 0.020 seconds
1980-01-07 13:16:55 INFO  clocks.c:455   because: remote clock was 226.7570 seconds
1980-01-07 13:16:55 INFO  clocks.c:456                          at iTOW = 134233919
1980-01-07 13:16:55 INFO  clocks.c:457              local clock is 226.6087 seconds
1980-01-07 13:16:55 INFO  clocks.c:458                          at iTOW = 134233787
1980-01-07 13:16:55 INFO  clocks.c:459         Estimated time of flight = -128 msec
1980-01-07 13:16:55 INFO  clocks.c:460                 Clock difference = -148 msec
1980-01-07 13:16:55 INFO  clocks.c:461       so local clock is lagging by  20 msec
1980-01-07 13:16:56 INFO  clocks.c:450 Local synchronized clock will be forwarded by 0.021 seconds
1980-01-07 13:16:56 INFO  clocks.c:455   because: remote clock was 227.5840 seconds
1980-01-07 13:16:56 INFO  clocks.c:456                          at iTOW = 134234713
1980-01-07 13:16:56 INFO  clocks.c:457              local clock is 227.4347 seconds
1980-01-07 13:16:56 INFO  clocks.c:458                          at iTOW = 134234593
1980-01-07 13:16:56 INFO  clocks.c:459         Estimated time of flight = -128 msec
1980-01-07 13:16:56 INFO  clocks.c:460                 Clock difference = -149 msec
1980-01-07 13:16:56 INFO  clocks.c:461       so local clock is lagging by  21 msec
1980-01-07 13:16:57 INFO  clocks.c:450 Local synchronized clock will be forwarded by 0.018 seconds
1980-01-07 13:16:57 INFO  clocks.c:455   because: remote clock was 228.3010 seconds
1980-01-07 13:16:57 INFO  clocks.c:456                          at iTOW = 134235430
1980-01-07 13:16:57 INFO  clocks.c:457              local clock is 228.1545 seconds
1980-01-07 13:16:57 INFO  clocks.c:458                          at iTOW = 134235292
1980-01-07 13:16:57 INFO  clocks.c:459         Estimated time of flight = -128 msec
1980-01-07 13:16:57 INFO  clocks.c:460                 Clock difference = -146 msec
1980-01-07 13:16:57 INFO  clocks.c:461       so local clock is lagging by  18 msec
1980-01-07 13:16:57 INFO  clocks.c:450 Local synchronized clock will be forwarded by 0.023 seconds
1980-01-07 13:16:57 INFO  clocks.c:455   because: remote clock was 228.7250 seconds
1980-01-07 13:16:57 INFO  clocks.c:456                          at iTOW = 134235830
1980-01-07 13:16:57 INFO  clocks.c:457              local clock is 228.5738 seconds
1980-01-07 13:16:57 INFO  clocks.c:458                          at iTOW = 134235692
1980-01-07 13:16:57 INFO  clocks.c:459         Estimated time of flight = -128 msec
1980-01-07 13:16:57 INFO  clocks.c:460                 Clock difference = -151 msec
1980-01-07 13:16:57 INFO  clocks.c:461       so local clock is lagging by  23 msec
1980-01-07 13:16:58 INFO  clocks.c:450 Local synchronized clock will be forwarded by 0.020 seconds
1980-01-07 13:16:58 INFO  clocks.c:455   because: remote clock was 229.4460 seconds
1980-01-07 13:16:58 INFO  clocks.c:456                          at iTOW = 134236512
1980-01-07 13:16:58 INFO  clocks.c:457              local clock is 229.2981 seconds
1980-01-07 13:16:58 INFO  clocks.c:458                          at iTOW = 134236393
1980-01-07 13:16:58 INFO  clocks.c:459         Estimated time of flight = -128 msec
1980-01-07 13:16:58 INFO  clocks.c:460                 Clock difference = -147 msec
1980-01-07 13:16:58 INFO  clocks.c:461       so local clock is lagging by  19 msec
1980-01-07 13:16:58 INFO  clocks.c:450 Local synchronized clock will be forwarded by 0.038 seconds
1980-01-07 13:16:58 INFO  clocks.c:455   because: remote clock was 230.0850 seconds
1980-01-07 13:16:58 INFO  clocks.c:456                          at iTOW = 134237134
1980-01-07 13:16:58 INFO  clocks.c:457              local clock is 229.9192 seconds
1980-01-07 13:16:58 INFO  clocks.c:458                          at iTOW = 134236995
1980-01-07 13:16:58 INFO  clocks.c:459         Estimated time of flight = -128 msec
1980-01-07 13:16:58 INFO  clocks.c:460                 Clock difference = -165 msec
1980-01-07 13:16:58 INFO  clocks.c:461       so local clock is lagging by  37 msec
1980-01-07 13:16:59 INFO  clocks.c:450 Local synchronized clock will be forwarded by 0.022 seconds
1980-01-07 13:16:59 INFO  clocks.c:455   because: remote clock was 230.7100 seconds
1980-01-07 13:16:59 INFO  clocks.c:456                          at iTOW = 134237723
1980-01-07 13:16:59 INFO  clocks.c:457              local clock is 230.5596 seconds
1980-01-07 13:16:59 INFO  clocks.c:458                          at iTOW = 134237597
1980-01-07 13:16:59 INFO  clocks.c:459         Estimated time of flight = -128 msec
1980-01-07 13:16:59 INFO  clocks.c:460                 Clock difference = -150 msec
1980-01-07 13:16:59 INFO  clocks.c:461       so local clock is lagging by  22 msec
1980-01-07 13:16:59 INFO  clocks.c:450 Local synchronized clock will be forwarded by 0.023 seconds
1980-01-07 13:16:59 INFO  clocks.c:455   because: remote clock was 230.9330 seconds
1980-01-07 13:16:59 INFO  clocks.c:456                          at iTOW = 134237924
1980-01-07 13:16:59 INFO  clocks.c:457              local clock is 230.7820 seconds
1980-01-07 13:16:59 INFO  clocks.c:458                          at iTOW = 134237797
1980-01-07 13:16:59 INFO  clocks.c:459         Estimated time of flight = -128 msec
1980-01-07 13:16:59 INFO  clocks.c:460                 Clock difference = -151 msec
1980-01-07 13:16:59 INFO  clocks.c:461       so local clock is lagging by  23 msec
1980-01-07 13:17:00 INFO  clocks.c:450 Local synchronized clock will be forwarded by 0.022 seconds
1980-01-07 13:17:00 INFO  clocks.c:455   because: remote clock was 231.4660 seconds
1980-01-07 13:17:00 INFO  clocks.c:456                          at iTOW = 134238432
1980-01-07 13:17:00 INFO  clocks.c:457              local clock is 231.3163 seconds
1980-01-07 13:17:00 INFO  clocks.c:458                          at iTOW = 134238309
1980-01-07 13:17:00 INFO  clocks.c:459         Estimated time of flight = -128 msec
1980-01-07 13:17:00 INFO  clocks.c:460                 Clock difference = -149 msec
1980-01-07 13:17:00 INFO  clocks.c:461       so local clock is lagging by  21 msec
1980-01-07 13:17:01 INFO  clocks.c:450 Local synchronized clock will be forwarded by 0.022 seconds
1980-01-07 13:17:01 INFO  clocks.c:455   because: remote clock was 232.3330 seconds
1980-01-07 13:17:01 INFO  clocks.c:456                          at iTOW = 134239299
1980-01-07 13:17:01 INFO  clocks.c:457              local clock is 232.2468 seconds
1980-01-07 13:17:01 INFO  clocks.c:458                          at iTOW = 134239217
1980-01-07 13:17:01 INFO  clocks.c:459         Estimated time of flight = -64 msec
1980-01-07 13:17:01 INFO  clocks.c:460                 Clock difference = -86 msec
1980-01-07 13:17:01 INFO  clocks.c:461       so local clock is lagging by  22 msec
1980-01-07 13:17:01 INFO  clocks.c:450 Local synchronized clock will be forwarded by 0.020 seconds
1980-01-07 13:17:01 INFO  clocks.c:455   because: remote clock was 232.7170 seconds
1980-01-07 13:17:01 INFO  clocks.c:456                          at iTOW = 134239642
1980-01-07 13:17:01 INFO  clocks.c:457              local clock is 232.5689 seconds
1980-01-07 13:17:01 INFO  clocks.c:458                          at iTOW = 134239517
1980-01-07 13:17:01 INFO  clocks.c:459         Estimated time of flight = -128 msec
1980-01-07 13:17:01 INFO  clocks.c:460                 Clock difference = -148 msec
1980-01-07 13:17:01 INFO  clocks.c:461       so local clock is lagging by  20 msec
1980-01-07 13:17:01 INFO  clocks.c:450 Local synchronized clock will be forwarded by 0.017 seconds
1980-01-07 13:17:01 INFO  clocks.c:455   because: remote clock was 233.0440 seconds
1980-01-07 13:17:01 INFO  clocks.c:456                          at iTOW = 134239947
1980-01-07 13:17:01 INFO  clocks.c:457              local clock is 232.8993 seconds
1980-01-07 13:17:01 INFO  clocks.c:458                          at iTOW = 134239828
1980-01-07 13:17:01 INFO  clocks.c:459         Estimated time of flight = -128 msec
1980-01-07 13:17:01 INFO  clocks.c:460                 Clock difference = -144 msec
1980-01-07 13:17:01 INFO  clocks.c:461       so local clock is lagging by  16 msec
1980-01-07 13:17:02 INFO  clocks.c:450 Local synchronized clock will be forwarded by 0.028 seconds
1980-01-07 13:17:02 INFO  clocks.c:455   because: remote clock was 233.5780 seconds
1980-01-07 13:17:02 INFO  clocks.c:456                          at iTOW = 134240464
1980-01-07 13:17:02 INFO  clocks.c:457              local clock is 233.4218 seconds
1980-01-07 13:17:02 INFO  clocks.c:458                          at iTOW = 134240333
1980-01-07 13:17:02 INFO  clocks.c:459         Estimated time of flight = -128 msec
1980-01-07 13:17:02 INFO  clocks.c:460                 Clock difference = -156 msec
1980-01-07 13:17:02 INFO  clocks.c:461       so local clock is lagging by  28 msec
1980-01-07 13:17:02 INFO  clocks.c:450 Local synchronized clock will be forwarded by 0.025 seconds
1980-01-07 13:17:02 INFO  clocks.c:455   because: remote clock was 234.0110 seconds
1980-01-07 13:17:02 INFO  clocks.c:456                          at iTOW = 134240868
1980-01-07 13:17:02 INFO  clocks.c:457              local clock is 233.8578 seconds
1980-01-07 13:17:02 INFO  clocks.c:458                          at iTOW = 134240741
1980-01-07 13:17:02 INFO  clocks.c:459         Estimated time of flight = -128 msec
1980-01-07 13:17:02 INFO  clocks.c:460                 Clock difference = -153 msec
1980-01-07 13:17:02 INFO  clocks.c:461       so local clock is lagging by  25 msec
1980-01-07 13:17:03 INFO  clocks.c:450 Local synchronized clock will be forwarded by 0.025 seconds
1980-01-07 13:17:03 INFO  clocks.c:455   because: remote clock was 234.4460 seconds
1980-01-07 13:17:03 INFO  clocks.c:456                          at iTOW = 134241276
1980-01-07 13:17:03 INFO  clocks.c:457              local clock is 234.2926 seconds
1980-01-07 13:17:03 INFO  clocks.c:458                          at iTOW = 134241151
1980-01-07 13:17:03 INFO  clocks.c:459         Estimated time of flight = -128 msec
1980-01-07 13:17:03 INFO  clocks.c:460                 Clock difference = -153 msec
1980-01-07 13:17:03 INFO  clocks.c:461       so local clock is lagging by  25 msec
1980-01-07 13:17:03 INFO  clocks.c:450 Local synchronized clock will be forwarded by 0.010 seconds
1980-01-07 13:17:03 INFO  clocks.c:455   because: remote clock was 234.5460 seconds
1980-01-07 13:17:03 INFO  clocks.c:456                          at iTOW = 134241376
1980-01-07 13:17:03 INFO  clocks.c:457              local clock is 234.4080 seconds
1980-01-07 13:17:03 INFO  clocks.c:458                          at iTOW = 134241241
1980-01-07 13:17:03 INFO  clocks.c:459         Estimated time of flight = -128 msec
1980-01-07 13:17:03 INFO  clocks.c:460                 Clock difference = -138 msec
1980-01-07 13:17:03 INFO  clocks.c:461       so local clock is lagging by  10 msec
1980-01-07 13:17:03 INFO  clocks.c:450 Local synchronized clock will be forwarded by 0.022 seconds
1980-01-07 13:17:03 INFO  clocks.c:455   because: remote clock was 235.2210 seconds
1980-01-07 13:17:03 INFO  clocks.c:456                          at iTOW = 134242039
1980-01-07 13:17:03 INFO  clocks.c:457              local clock is 235.1345 seconds
1980-01-07 13:17:03 INFO  clocks.c:458                          at iTOW = 134241957
1980-01-07 13:17:03 INFO  clocks.c:459         Estimated time of flight = -64 msec
1980-01-07 13:17:03 INFO  clocks.c:460                 Clock difference = -86 msec
1980-01-07 13:17:03 INFO  clocks.c:461       so local clock is lagging by  22 msec
1980-01-07 13:17:04 INFO  clocks.c:450 Local synchronized clock will be forwarded by 0.018 seconds
1980-01-07 13:17:04 INFO  clocks.c:455   because: remote clock was 235.4080 seconds
1980-01-07 13:17:04 INFO  clocks.c:456                          at iTOW = 134242181
1980-01-07 13:17:04 INFO  clocks.c:457              local clock is 235.2617 seconds
1980-01-07 13:17:04 INFO  clocks.c:458                          at iTOW = 134242062
1980-01-07 13:17:04 INFO  clocks.c:459         Estimated time of flight = -128 msec
1980-01-07 13:17:04 INFO  clocks.c:460                 Clock difference = -146 msec
1980-01-07 13:17:04 INFO  clocks.c:461       so local clock is lagging by  18 msec
1980-01-07 13:17:04 INFO  clocks.c:450 Local synchronized clock will be forwarded by 0.040 seconds
1980-01-07 13:17:04 INFO  clocks.c:455   because: remote clock was 235.4900 seconds
1980-01-07 13:17:04 INFO  clocks.c:456                          at iTOW = 134242263
1980-01-07 13:17:04 INFO  clocks.c:457              local clock is 235.3858 seconds
1980-01-07 13:17:04 INFO  clocks.c:458                          at iTOW = 134242168
1980-01-07 13:17:04 INFO  clocks.c:459         Estimated time of flight = -64 msec
1980-01-07 13:17:04 INFO  clocks.c:460                 Clock difference = -104 msec
1980-01-07 13:17:04 INFO  clocks.c:461       so local clock is lagging by  40 msec
1980-01-07 13:17:05 INFO  clocks.c:450 Local synchronized clock will be forwarded by 0.019 seconds
1980-01-07 13:17:05 INFO  clocks.c:455   because: remote clock was 236.4730 seconds
1980-01-07 13:17:05 INFO  clocks.c:456                          at iTOW = 134243189
1980-01-07 13:17:05 INFO  clocks.c:457              local clock is 236.3258 seconds
1980-01-07 13:17:05 INFO  clocks.c:458                          at iTOW = 134243068
1980-01-07 13:17:05 INFO  clocks.c:459         Estimated time of flight = -128 msec
1980-01-07 13:17:05 INFO  clocks.c:460                 Clock difference = -147 msec
1980-01-07 13:17:05 INFO  clocks.c:461       so local clock is lagging by  19 msec
1980-01-07 13:17:07 INFO  clocks.c:450 Local synchronized clock will be forwarded by 0.010 seconds
1980-01-07 13:17:07 INFO  clocks.c:455   because: remote clock was 238.8900 seconds
1980-01-07 13:17:07 INFO  clocks.c:456                          at iTOW = 134245606
1980-01-07 13:17:07 INFO  clocks.c:457              local clock is 238.7519 seconds
1980-01-07 13:17:07 INFO  clocks.c:458                          at iTOW = 134245475
1980-01-07 13:17:07 INFO  clocks.c:459         Estimated time of flight = -128 msec
1980-01-07 13:17:07 INFO  clocks.c:460                 Clock difference = -138 msec
1980-01-07 13:17:07 INFO  clocks.c:461       so local clock is lagging by  10 msec
1980-01-07 13:17:07 INFO  clocks.c:450 Local synchronized clock will be forwarded by 0.023 seconds
1980-01-07 13:17:07 INFO  clocks.c:455   because: remote clock was 239.0520 seconds
1980-01-07 13:17:07 INFO  clocks.c:456                          at iTOW = 134245768
1980-01-07 13:17:07 INFO  clocks.c:457              local clock is 238.9649 seconds
1980-01-07 13:17:07 INFO  clocks.c:458                          at iTOW = 134245677
1980-01-07 13:17:07 INFO  clocks.c:459         Estimated time of flight = -64 msec
1980-01-07 13:17:07 INFO  clocks.c:460                 Clock difference = -87 msec
1980-01-07 13:17:07 INFO  clocks.c:461       so local clock is lagging by  23 msec
1980-01-07 13:17:07 INFO  clocks.c:450 Local synchronized clock will be forwarded by 0.010 seconds
1980-01-07 13:17:07 INFO  clocks.c:455   because: remote clock was 239.4260 seconds
1980-01-07 13:17:07 INFO  clocks.c:456                          at iTOW = 134246108
1980-01-07 13:17:07 INFO  clocks.c:457              local clock is 239.2878 seconds
1980-01-07 13:17:07 INFO  clocks.c:458                          at iTOW = 134245977
1980-01-07 13:17:07 INFO  clocks.c:459         Estimated time of flight = -128 msec
1980-01-07 13:17:07 INFO  clocks.c:460                 Clock difference = -138 msec
1980-01-07 13:17:07 INFO  clocks.c:461       so local clock is lagging by  10 msec
1980-01-07 13:17:08 INFO  clocks.c:450 Local synchronized clock will be forwarded by 0.011 seconds
1980-01-07 13:17:08 INFO  clocks.c:455   because: remote clock was 239.9470 seconds
1980-01-07 13:17:08 INFO  clocks.c:456                          at iTOW = 134246615
1980-01-07 13:17:08 INFO  clocks.c:457              local clock is 239.8083 seconds
1980-01-07 13:17:08 INFO  clocks.c:458                          at iTOW = 134246488
1980-01-07 13:17:08 INFO  clocks.c:459         Estimated time of flight = -128 msec
1980-01-07 13:17:08 INFO  clocks.c:460                 Clock difference = -138 msec
1980-01-07 13:17:08 INFO  clocks.c:461       so local clock is lagging by  10 msec
1980-01-07 13:17:08 INFO  clocks.c:450 Local synchronized clock will be forwarded by 0.015 seconds
1980-01-07 13:17:08 INFO  clocks.c:455   because: remote clock was 240.2620 seconds
1980-01-07 13:17:08 INFO  clocks.c:456                          at iTOW = 134246916
1980-01-07 13:17:08 INFO  clocks.c:457              local clock is 240.1189 seconds
1980-01-07 13:17:08 INFO  clocks.c:458                          at iTOW = 134246787
1980-01-07 13:17:08 INFO  clocks.c:459         Estimated time of flight = -128 msec
1980-01-07 13:17:08 INFO  clocks.c:460                 Clock difference = -143 msec
1980-01-07 13:17:08 INFO  clocks.c:461       so local clock is lagging by  15 msec
1980-01-07 13:17:10 INFO  clocks.c:450 Local synchronized clock will be forwarded by 0.014 seconds
1980-01-07 13:17:10 INFO  clocks.c:455   because: remote clock was 241.7770 seconds
1980-01-07 13:17:10 INFO  clocks.c:456                          at iTOW = 134248407
1980-01-07 13:17:10 INFO  clocks.c:457              local clock is 241.6348 seconds
1980-01-07 13:17:10 INFO  clocks.c:458                          at iTOW = 134248288
1980-01-07 13:17:10 INFO  clocks.c:459         Estimated time of flight = -128 msec
1980-01-07 13:17:10 INFO  clocks.c:460                 Clock difference = -142 msec
1980-01-07 13:17:10 INFO  clocks.c:461       so local clock is lagging by  14 msec
1980-01-07 13:17:10 INFO  clocks.c:450 Local synchronized clock will be forwarded by 0.023 seconds
1980-01-07 13:17:10 INFO  clocks.c:455   because: remote clock was 241.8370 seconds
1980-01-07 13:17:10 INFO  clocks.c:456                          at iTOW = 134248467
1980-01-07 13:17:10 INFO  clocks.c:457              local clock is 241.7502 seconds
1980-01-07 13:17:10 INFO  clocks.c:458                          at iTOW = 134248389
1980-01-07 13:17:10 INFO  clocks.c:459         Estimated time of flight = -64 msec
1980-01-07 13:17:10 INFO  clocks.c:460                 Clock difference = -86 msec
1980-01-07 13:17:10 INFO  clocks.c:461       so local clock is lagging by  22 msec
1980-01-07 13:17:10 INFO  clocks.c:450 Local synchronized clock will be forwarded by 0.023 seconds
1980-01-07 13:17:10 INFO  clocks.c:455   because: remote clock was 241.9590 seconds
1980-01-07 13:17:10 INFO  clocks.c:456                          at iTOW = 134248568
1980-01-07 13:17:10 INFO  clocks.c:457              local clock is 241.8723 seconds
1980-01-07 13:17:10 INFO  clocks.c:458                          at iTOW = 134248489
1980-01-07 13:17:10 INFO  clocks.c:459         Estimated time of flight = -64 msec
1980-01-07 13:17:10 INFO  clocks.c:460                 Clock difference = -86 msec
1980-01-07 13:17:10 INFO  clocks.c:461       so local clock is lagging by  22 msec
1980-01-07 13:17:11 INFO  clocks.c:450 Local synchronized clock will be forwarded by 0.014 seconds
1980-01-07 13:17:11 INFO  clocks.c:455   because: remote clock was 243.5460 seconds
1980-01-07 13:17:11 INFO  clocks.c:456                          at iTOW = 134250123
1980-01-07 13:17:11 INFO  clocks.c:457              local clock is 243.4037 seconds
1980-01-07 13:17:11 INFO  clocks.c:458                          at iTOW = 134249997
1980-01-07 13:17:11 INFO  clocks.c:459         Estimated time of flight = -128 msec
1980-01-07 13:17:11 INFO  clocks.c:460                 Clock difference = -142 msec
1980-01-07 13:17:11 INFO  clocks.c:461       so local clock is lagging by  14 msec
1980-01-07 13:17:14 INFO  clocks.c:450 Local synchronized clock will be forwarded by 0.012 seconds
1980-01-07 13:17:14 INFO  clocks.c:455   because: remote clock was 245.6600 seconds
1980-01-07 13:17:14 INFO  clocks.c:456                          at iTOW = 134252237
1980-01-07 13:17:14 INFO  clocks.c:457              local clock is 245.5196 seconds
1980-01-07 13:17:14 INFO  clocks.c:458                          at iTOW = 134252099
1980-01-07 13:17:14 INFO  clocks.c:459         Estimated time of flight = -128 msec
1980-01-07 13:17:14 INFO  clocks.c:460                 Clock difference = -140 msec
1980-01-07 13:17:14 INFO  clocks.c:461       so local clock is lagging by  12 msec
1980-01-07 13:17:15 INFO  clocks.c:450 Local synchronized clock will be forwarded by 0.018 seconds
1980-01-07 13:17:15 INFO  clocks.c:455   because: remote clock was 247.2860 seconds
1980-01-07 13:17:15 INFO  clocks.c:456                          at iTOW = 134253827
1980-01-07 13:17:15 INFO  clocks.c:457              local clock is 247.1400 seconds
1980-01-07 13:17:15 INFO  clocks.c:458                          at iTOW = 134253707
1980-01-07 13:17:15 INFO  clocks.c:459         Estimated time of flight = -128 msec
1980-01-07 13:17:15 INFO  clocks.c:460                 Clock difference = -146 msec
1980-01-07 13:17:15 INFO  clocks.c:461       so local clock is lagging by  18 msec
1980-01-07 13:17:16 INFO  clocks.c:450 Local synchronized clock will be forwarded by 0.012 seconds
1980-01-07 13:17:16 INFO  clocks.c:455   because: remote clock was 247.7890 seconds
1980-01-07 13:17:16 INFO  clocks.c:456                          at iTOW = 134254313
1980-01-07 13:17:16 INFO  clocks.c:457              local clock is 247.6495 seconds
1980-01-07 13:17:16 INFO  clocks.c:458                          at iTOW = 134254198
1980-01-07 13:17:16 INFO  clocks.c:459         Estimated time of flight = -128 msec
1980-01-07 13:17:16 INFO  clocks.c:460                 Clock difference = -139 msec
1980-01-07 13:17:16 INFO  clocks.c:461       so local clock is lagging by  11 msec
1980-01-07 13:17:16 INFO  clocks.c:450 Local synchronized clock will be forwarded by 0.030 seconds
1980-01-07 13:17:16 INFO  clocks.c:455   because: remote clock was 248.1640 seconds
1980-01-07 13:17:16 INFO  clocks.c:456                          at iTOW = 134254688
1980-01-07 13:17:16 INFO  clocks.c:457              local clock is 248.0697 seconds
1980-01-07 13:17:16 INFO  clocks.c:458                          at iTOW = 134254607
1980-01-07 13:17:16 INFO  clocks.c:459         Estimated time of flight = -64 msec
1980-01-07 13:17:16 INFO  clocks.c:460                 Clock difference = -94 msec
1980-01-07 13:17:16 INFO  clocks.c:461       so local clock is lagging by  30 msec
1980-01-07 13:17:17 INFO  clocks.c:450 Local synchronized clock will be forwarded by 0.023 seconds
1980-01-07 13:17:17 INFO  clocks.c:455   because: remote clock was 248.9560 seconds
1980-01-07 13:17:17 INFO  clocks.c:456                          at iTOW = 134255452
1980-01-07 13:17:17 INFO  clocks.c:457              local clock is 248.8055 seconds
1980-01-07 13:17:17 INFO  clocks.c:458                          at iTOW = 134255313
1980-01-07 13:17:17 INFO  clocks.c:459         Estimated time of flight = -128 msec
1980-01-07 13:17:17 INFO  clocks.c:460                 Clock difference = -150 msec
1980-01-07 13:17:17 INFO  clocks.c:461       so local clock is lagging by  22 msec
1980-01-07 13:17:18 INFO  clocks.c:450 Local synchronized clock will be forwarded by 0.014 seconds
1980-01-07 13:17:18 INFO  clocks.c:455   because: remote clock was 250.1860 seconds
1980-01-07 13:17:18 INFO  clocks.c:456                          at iTOW = 134256666
1980-01-07 13:17:18 INFO  clocks.c:457              local clock is 250.0438 seconds
1980-01-07 13:17:18 INFO  clocks.c:458                          at iTOW = 134256528
1980-01-07 13:17:18 INFO  clocks.c:459         Estimated time of flight = -128 msec
1980-01-07 13:17:18 INFO  clocks.c:460                 Clock difference = -142 msec
1980-01-07 13:17:18 INFO  clocks.c:461       so local clock is lagging by  14 msec
1980-01-07 13:17:18 INFO  clocks.c:450 Local synchronized clock will be forwarded by 0.024 seconds
1980-01-07 13:17:18 INFO  clocks.c:455   because: remote clock was 250.5090 seconds
1980-01-07 13:17:18 INFO  clocks.c:456                          at iTOW = 134256954
1980-01-07 13:17:18 INFO  clocks.c:457              local clock is 250.3568 seconds
1980-01-07 13:17:18 INFO  clocks.c:458                          at iTOW = 134256827
1980-01-07 13:17:18 INFO  clocks.c:459         Estimated time of flight = -128 msec
1980-01-07 13:17:18 INFO  clocks.c:460                 Clock difference = -152 msec
1980-01-07 13:17:18 INFO  clocks.c:461       so local clock is lagging by  24 msec
1980-01-07 13:17:18 INFO  clocks.c:450 Local synchronized clock will be forwarded by 0.026 seconds
1980-01-07 13:17:18 INFO  clocks.c:455   because: remote clock was 250.5690 seconds
1980-01-07 13:17:18 INFO  clocks.c:456                          at iTOW = 134257014
1980-01-07 13:17:18 INFO  clocks.c:457              local clock is 250.4792 seconds
1980-01-07 13:17:18 INFO  clocks.c:458                          at iTOW = 134256925
1980-01-07 13:17:18 INFO  clocks.c:459         Estimated time of flight = -64 msec
1980-01-07 13:17:18 INFO  clocks.c:460                 Clock difference = -89 msec
1980-01-07 13:17:18 INFO  clocks.c:461       so local clock is lagging by  25 msec
1980-01-07 13:17:19 INFO  clocks.c:450 Local synchronized clock will be forwarded by 0.018 seconds
1980-01-07 13:17:19 INFO  clocks.c:455   because: remote clock was 251.5510 seconds
1980-01-07 13:17:19 INFO  clocks.c:456                          at iTOW = 134257964
1980-01-07 13:17:19 INFO  clocks.c:457              local clock is 251.4049 seconds
1980-01-07 13:17:19 INFO  clocks.c:458                          at iTOW = 134257825
1980-01-07 13:17:19 INFO  clocks.c:459         Estimated time of flight = -128 msec
1980-01-07 13:17:19 INFO  clocks.c:460                 Clock difference = -146 msec
1980-01-07 13:17:19 INFO  clocks.c:461       so local clock is lagging by  18 msec
1980-01-07 13:17:20 INFO  clocks.c:450 Local synchronized clock will be forwarded by 0.014 seconds
1980-01-07 13:17:20 INFO  clocks.c:455   because: remote clock was 251.9670 seconds
1980-01-07 13:17:20 INFO  clocks.c:456                          at iTOW = 134258353
1980-01-07 13:17:20 INFO  clocks.c:457              local clock is 251.8248 seconds
1980-01-07 13:17:20 INFO  clocks.c:458                          at iTOW = 134258227
1980-01-07 13:17:20 INFO  clocks.c:459         Estimated time of flight = -128 msec
1980-01-07 13:17:20 INFO  clocks.c:460                 Clock difference = -142 msec
1980-01-07 13:17:20 INFO  clocks.c:461       so local clock is lagging by  14 msec
1980-01-07 13:17:21 INFO  clocks.c:450 Local synchronized clock will be forwarded by 0.014 seconds
1980-01-07 13:17:21 INFO  clocks.c:455   because: remote clock was 253.7010 seconds
1980-01-07 13:17:21 INFO  clocks.c:456                          at iTOW = 134260075
1980-01-07 13:17:21 INFO  clocks.c:457              local clock is 253.5591 seconds
1980-01-07 13:17:21 INFO  clocks.c:458                          at iTOW = 134259947
1980-01-07 13:17:21 INFO  clocks.c:459         Estimated time of flight = -128 msec
1980-01-07 13:17:21 INFO  clocks.c:460                 Clock difference = -141 msec
1980-01-07 13:17:21 INFO  clocks.c:461       so local clock is lagging by  13 msec
1980-01-07 13:17:23 INFO  clocks.c:450 Local synchronized clock will be forwarded by 0.027 seconds
1980-01-07 13:17:23 INFO  clocks.c:455   because: remote clock was 255.5280 seconds
1980-01-07 13:17:23 INFO  clocks.c:456                          at iTOW = 134261875
1980-01-07 13:17:23 INFO  clocks.c:457              local clock is 255.3729 seconds
1980-01-07 13:17:23 INFO  clocks.c:458                          at iTOW = 134261747
1980-01-07 13:17:23 INFO  clocks.c:459         Estimated time of flight = -128 msec
1980-01-07 13:17:23 INFO  clocks.c:460                 Clock difference = -155 msec
1980-01-07 13:17:23 INFO  clocks.c:461       so local clock is lagging by  27 msec
1980-01-07 13:17:24 INFO  clocks.c:450 Local synchronized clock will be forwarded by 0.016 seconds
1980-01-07 13:17:24 INFO  clocks.c:455   because: remote clock was 256.7390 seconds
1980-01-07 13:17:24 INFO  clocks.c:456                          at iTOW = 134263062
1980-01-07 13:17:24 INFO  clocks.c:457              local clock is 256.5946 seconds
1980-01-07 13:17:24 INFO  clocks.c:458                          at iTOW = 134262942
1980-01-07 13:17:24 INFO  clocks.c:459         Estimated time of flight = -128 msec
1980-01-07 13:17:24 INFO  clocks.c:460                 Clock difference = -144 msec
1980-01-07 13:17:24 INFO  clocks.c:461       so local clock is lagging by  16 msec
1980-01-07 13:17:25 INFO  clocks.c:450 Local synchronized clock will be forwarded by 0.019 seconds
1980-01-07 13:17:25 INFO  clocks.c:455   because: remote clock was 256.8600 seconds
1980-01-07 13:17:25 INFO  clocks.c:456                          at iTOW = 134263183
1980-01-07 13:17:25 INFO  clocks.c:457              local clock is 256.7125 seconds
1980-01-07 13:17:25 INFO  clocks.c:458                          at iTOW = 134263043
1980-01-07 13:17:25 INFO  clocks.c:459         Estimated time of flight = -128 msec
1980-01-07 13:17:25 INFO  clocks.c:460                 Clock difference = -147 msec
1980-01-07 13:17:25 INFO  clocks.c:461       so local clock is lagging by  19 msec
1980-01-07 13:17:25 INFO  clocks.c:450 Local synchronized clock will be forwarded by 0.039 seconds
1980-01-07 13:17:25 INFO  clocks.c:455   because: remote clock was 257.2010 seconds
1980-01-07 13:17:25 INFO  clocks.c:456                          at iTOW = 134263485
1980-01-07 13:17:25 INFO  clocks.c:457              local clock is 257.0335 seconds
1980-01-07 13:17:25 INFO  clocks.c:458                          at iTOW = 134263345
1980-01-07 13:17:25 INFO  clocks.c:459         Estimated time of flight = -128 msec
1980-01-07 13:17:25 INFO  clocks.c:460                 Clock difference = -167 msec
1980-01-07 13:17:25 INFO  clocks.c:461       so local clock is lagging by  39 msec
1980-01-07 13:17:25 INFO  clocks.c:450 Local synchronized clock will be forwarded by 0.018 seconds
1980-01-07 13:17:25 INFO  clocks.c:455   because: remote clock was 257.5210 seconds
1980-01-07 13:17:25 INFO  clocks.c:456                          at iTOW = 134263767
1980-01-07 13:17:25 INFO  clocks.c:457              local clock is 257.3755 seconds
1980-01-07 13:17:25 INFO  clocks.c:458                          at iTOW = 134263647
1980-01-07 13:17:25 INFO  clocks.c:459         Estimated time of flight = -128 msec
1980-01-07 13:17:25 INFO  clocks.c:460                 Clock difference = -145 msec
1980-01-07 13:17:25 INFO  clocks.c:461       so local clock is lagging by  17 msec
1980-01-07 13:17:25 INFO  clocks.c:450 Local synchronized clock will be forwarded by 0.020 seconds
1980-01-07 13:17:25 INFO  clocks.c:455   because: remote clock was 257.8420 seconds
1980-01-07 13:17:25 INFO  clocks.c:456                          at iTOW = 134264088
1980-01-07 13:17:25 INFO  clocks.c:457              local clock is 257.6937 seconds
1980-01-07 13:17:25 INFO  clocks.c:458                          at iTOW = 134263948
1980-01-07 13:17:25 INFO  clocks.c:459         Estimated time of flight = -128 msec
1980-01-07 13:17:25 INFO  clocks.c:460                 Clock difference = -148 msec
1980-01-07 13:17:25 INFO  clocks.c:461       so local clock is lagging by  20 msec
1980-01-07 13:17:26 INFO  clocks.c:450 Local synchronized clock will be forwarded by 0.013 seconds
1980-01-07 13:17:26 INFO  clocks.c:455   because: remote clock was 258.1540 seconds
1980-01-07 13:17:26 INFO  clocks.c:456                          at iTOW = 134264369
1980-01-07 13:17:26 INFO  clocks.c:457              local clock is 258.0132 seconds
1980-01-07 13:17:26 INFO  clocks.c:458                          at iTOW = 134264247
1980-01-07 13:17:26 INFO  clocks.c:459         Estimated time of flight = -128 msec
1980-01-07 13:17:26 INFO  clocks.c:460                 Clock difference = -140 msec
1980-01-07 13:17:26 INFO  clocks.c:461       so local clock is lagging by  12 msec
1980-01-07 13:17:26 INFO  clocks.c:450 Local synchronized clock will be forwarded by 0.027 seconds
1980-01-07 13:17:26 INFO  clocks.c:455   because: remote clock was 258.7810 seconds
1980-01-07 13:17:26 INFO  clocks.c:456                          at iTOW = 134264973
1980-01-07 13:17:26 INFO  clocks.c:457              local clock is 258.6260 seconds
1980-01-07 13:17:26 INFO  clocks.c:458                          at iTOW = 134264847
1980-01-07 13:17:26 INFO  clocks.c:459         Estimated time of flight = -128 msec
1980-01-07 13:17:26 INFO  clocks.c:460                 Clock difference = -154 msec
1980-01-07 13:17:26 INFO  clocks.c:461       so local clock is lagging by  26 msec
1980-01-07 13:17:27 INFO  clocks.c:450 Local synchronized clock will be forwarded by 0.015 seconds
1980-01-07 13:17:27 INFO  clocks.c:455   because: remote clock was 259.3050 seconds
1980-01-07 13:17:27 INFO  clocks.c:456                          at iTOW = 134265497
1980-01-07 13:17:27 INFO  clocks.c:457              local clock is 259.1622 seconds
1980-01-07 13:17:27 INFO  clocks.c:458                          at iTOW = 134265356
1980-01-07 13:17:27 INFO  clocks.c:459         Estimated time of flight = -128 msec
1980-01-07 13:17:27 INFO  clocks.c:460                 Clock difference = -142 msec
1980-01-07 13:17:27 INFO  clocks.c:461       so local clock is lagging by  14 msec
1980-01-07 13:17:28 INFO  clocks.c:450 Local synchronized clock will be forwarded by 0.025 seconds
1980-01-07 13:17:28 INFO  clocks.c:455   because: remote clock was 260.4770 seconds
1980-01-07 13:17:28 INFO  clocks.c:456                          at iTOW = 134266646
1980-01-07 13:17:28 INFO  clocks.c:457              local clock is 260.3878 seconds
1980-01-07 13:17:28 INFO  clocks.c:458                          at iTOW = 134266567
1980-01-07 13:17:28 INFO  clocks.c:459         Estimated time of flight = -64 msec
1980-01-07 13:17:28 INFO  clocks.c:460                 Clock difference = -89 msec
1980-01-07 13:17:28 INFO  clocks.c:461       so local clock is lagging by  25 msec
1980-01-07 13:17:29 INFO  clocks.c:450 Local synchronized clock will be forwarded by 0.010 seconds
1980-01-07 13:17:29 INFO  clocks.c:455   because: remote clock was 261.5510 seconds
1980-01-07 13:17:29 INFO  clocks.c:456                          at iTOW = 134267694
1980-01-07 13:17:29 INFO  clocks.c:457              local clock is 261.4130 seconds
1980-01-07 13:17:29 INFO  clocks.c:458                          at iTOW = 134267567
1980-01-07 13:17:29 INFO  clocks.c:459         Estimated time of flight = -128 msec
1980-01-07 13:17:29 INFO  clocks.c:460                 Clock difference = -138 msec
1980-01-07 13:17:29 INFO  clocks.c:461       so local clock is lagging by  10 msec
1980-01-07 13:17:29 INFO  clocks.c:450 Local synchronized clock will be forwarded by 0.012 seconds
1980-01-07 13:17:29 INFO  clocks.c:455   because: remote clock was 261.6630 seconds
1980-01-07 13:17:29 INFO  clocks.c:456                          at iTOW = 134267794
1980-01-07 13:17:29 INFO  clocks.c:457              local clock is 261.5231 seconds
1980-01-07 13:17:29 INFO  clocks.c:458                          at iTOW = 134267667
1980-01-07 13:17:29 INFO  clocks.c:459         Estimated time of flight = -128 msec
1980-01-07 13:17:29 INFO  clocks.c:460                 Clock difference = -139 msec
1980-01-07 13:17:29 INFO  clocks.c:461       so local clock is lagging by  11 msec
1980-01-07 13:17:29 INFO  clocks.c:450 Local synchronized clock will be forwarded by 0.023 seconds
1980-01-07 13:17:29 INFO  clocks.c:455   because: remote clock was 261.9860 seconds
1980-01-07 13:17:29 INFO  clocks.c:456                          at iTOW = 134268094
1980-01-07 13:17:29 INFO  clocks.c:457              local clock is 261.8351 seconds
1980-01-07 13:17:29 INFO  clocks.c:458                          at iTOW = 134267967
1980-01-07 13:17:29 INFO  clocks.c:459         Estimated time of flight = -128 msec
1980-01-07 13:17:29 INFO  clocks.c:460                 Clock difference = -150 msec
1980-01-07 13:17:29 INFO  clocks.c:461       so local clock is lagging by  22 msec
1980-01-07 13:17:30 INFO  clocks.c:450 Local synchronized clock will be forwarded by 0.012 seconds
1980-01-07 13:17:30 INFO  clocks.c:455   because: remote clock was 262.4980 seconds
1980-01-07 13:17:30 INFO  clocks.c:456                          at iTOW = 134268595
1980-01-07 13:17:30 INFO  clocks.c:457              local clock is 262.3579 seconds
1980-01-07 13:17:30 INFO  clocks.c:458                          at iTOW = 134268467
1980-01-07 13:17:30 INFO  clocks.c:459         Estimated time of flight = -128 msec
1980-01-07 13:17:30 INFO  clocks.c:460                 Clock difference = -140 msec
1980-01-07 13:17:30 INFO  clocks.c:461       so local clock is lagging by  12 msec
1980-01-07 13:17:30 INFO  clocks.c:450 Local synchronized clock will be forwarded by 0.015 seconds
1980-01-07 13:17:30 INFO  clocks.c:455   because: remote clock was 262.6130 seconds
1980-01-07 13:17:30 INFO  clocks.c:456                          at iTOW = 134268697
1980-01-07 13:17:30 INFO  clocks.c:457              local clock is 262.4703 seconds
1980-01-07 13:17:30 INFO  clocks.c:458                          at iTOW = 134268567
1980-01-07 13:17:30 INFO  clocks.c:459         Estimated time of flight = -128 msec
1980-01-07 13:17:30 INFO  clocks.c:460                 Clock difference = -142 msec
1980-01-07 13:17:30 INFO  clocks.c:461       so local clock is lagging by  14 msec
1980-01-07 13:17:30 INFO  clocks.c:450 Local synchronized clock will be forwarded by 0.015 seconds
1980-01-07 13:17:30 INFO  clocks.c:455   because: remote clock was 262.7280 seconds
1980-01-07 13:17:30 INFO  clocks.c:456                          at iTOW = 134268797
1980-01-07 13:17:30 INFO  clocks.c:457              local clock is 262.5848 seconds
1980-01-07 13:17:30 INFO  clocks.c:458                          at iTOW = 134268667
1980-01-07 13:17:30 INFO  clocks.c:459         Estimated time of flight = -128 msec
1980-01-07 13:17:30 INFO  clocks.c:460                 Clock difference = -143 msec
1980-01-07 13:17:30 INFO  clocks.c:461       so local clock is lagging by  15 msec
1980-01-07 13:17:30 INFO  clocks.c:450 Local synchronized clock will be forwarded by 0.014 seconds
1980-01-07 13:17:30 INFO  clocks.c:455   because: remote clock was 262.9420 seconds
1980-01-07 13:17:30 INFO  clocks.c:456                          at iTOW = 134268997
1980-01-07 13:17:30 INFO  clocks.c:457              local clock is 262.7999 seconds
1980-01-07 13:17:30 INFO  clocks.c:458                          at iTOW = 134268867
1980-01-07 13:17:30 INFO  clocks.c:459         Estimated time of flight = -128 msec
1980-01-07 13:17:30 INFO  clocks.c:460                 Clock difference = -142 msec
1980-01-07 13:17:30 INFO  clocks.c:461       so local clock is lagging by  14 msec
1980-01-07 13:17:31 INFO  clocks.c:450 Local synchronized clock will be forwarded by 0.018 seconds
1980-01-07 13:17:31 INFO  clocks.c:455   because: remote clock was 263.8600 seconds
1980-01-07 13:17:31 INFO  clocks.c:456                          at iTOW = 134269902
1980-01-07 13:17:31 INFO  clocks.c:457              local clock is 263.7140 seconds
1980-01-07 13:17:31 INFO  clocks.c:458                          at iTOW = 134269767
1980-01-07 13:17:31 INFO  clocks.c:459         Estimated time of flight = -128 msec
1980-01-07 13:17:31 INFO  clocks.c:460                 Clock difference = -146 msec
1980-01-07 13:17:31 INFO  clocks.c:461       so local clock is lagging by  18 msec
1980-01-07 13:17:32 INFO  clocks.c:450 Local synchronized clock will be forwarded by 0.012 seconds
1980-01-07 13:17:32 INFO  clocks.c:455   because: remote clock was 264.3730 seconds
1980-01-07 13:17:32 INFO  clocks.c:456                          at iTOW = 134270403
1980-01-07 13:17:32 INFO  clocks.c:457              local clock is 264.2334 seconds
1980-01-07 13:17:32 INFO  clocks.c:458                          at iTOW = 134270268
1980-01-07 13:17:32 INFO  clocks.c:459         Estimated time of flight = -128 msec
1980-01-07 13:17:32 INFO  clocks.c:460                 Clock difference = -139 msec
1980-01-07 13:17:32 INFO  clocks.c:461       so local clock is lagging by  11 msec
1980-01-07 13:17:32 INFO  clocks.c:450 Local synchronized clock will be forwarded by 0.034 seconds
1980-01-07 13:17:32 INFO  clocks.c:455   because: remote clock was 264.5060 seconds
1980-01-07 13:17:32 INFO  clocks.c:456                          at iTOW = 134270503
1980-01-07 13:17:32 INFO  clocks.c:457              local clock is 264.3439 seconds
1980-01-07 13:17:32 INFO  clocks.c:458                          at iTOW = 134270367
1980-01-07 13:17:32 INFO  clocks.c:459         Estimated time of flight = -128 msec
1980-01-07 13:17:32 INFO  clocks.c:460                 Clock difference = -162 msec
1980-01-07 13:17:32 INFO  clocks.c:461       so local clock is lagging by  34 msec
1980-01-07 13:17:32 INFO  clocks.c:450 Local synchronized clock will be forwarded by 0.024 seconds
1980-01-07 13:17:32 INFO  clocks.c:455   because: remote clock was 264.8410 seconds
1980-01-07 13:17:32 INFO  clocks.c:456                          at iTOW = 134270804
1980-01-07 13:17:32 INFO  clocks.c:457              local clock is 264.6888 seconds
1980-01-07 13:17:32 INFO  clocks.c:458                          at iTOW = 134270678
1980-01-07 13:17:32 INFO  clocks.c:459         Estimated time of flight = -128 msec
1980-01-07 13:17:32 INFO  clocks.c:460                 Clock difference = -152 msec
1980-01-07 13:17:32 INFO  clocks.c:461       so local clock is lagging by  24 msec
1980-01-07 13:17:33 INFO  clocks.c:450 Local synchronized clock will be forwarded by 0.019 seconds
1980-01-07 13:17:33 INFO  clocks.c:455   because: remote clock was 265.8010 seconds
1980-01-07 13:17:33 INFO  clocks.c:456                          at iTOW = 134271764
1980-01-07 13:17:33 INFO  clocks.c:457              local clock is 265.7184 seconds
1980-01-07 13:17:33 INFO  clocks.c:458                          at iTOW = 134271684
1980-01-07 13:17:33 INFO  clocks.c:459         Estimated time of flight = -64 msec
1980-01-07 13:17:33 INFO  clocks.c:460                 Clock difference = -82 msec
1980-01-07 13:17:33 INFO  clocks.c:461       so local clock is lagging by  18 msec
1980-01-07 13:17:34 INFO  clocks.c:450 Local synchronized clock will be forwarded by 0.030 seconds
1980-01-07 13:17:34 INFO  clocks.c:455   because: remote clock was 266.5450 seconds
1980-01-07 13:17:34 INFO  clocks.c:456                          at iTOW = 134272479
1980-01-07 13:17:34 INFO  clocks.c:457              local clock is 266.4508 seconds
1980-01-07 13:17:34 INFO  clocks.c:458                          at iTOW = 134272397
1980-01-07 13:17:34 INFO  clocks.c:459         Estimated time of flight = -64 msec
1980-01-07 13:17:34 INFO  clocks.c:460                 Clock difference = -94 msec
1980-01-07 13:17:34 INFO  clocks.c:461       so local clock is lagging by  30 msec
1980-01-07 13:17:34 INFO  clocks.c:450 Local synchronized clock will be forwarded by 0.032 seconds
1980-01-07 13:17:34 INFO  clocks.c:455   because: remote clock was 266.8770 seconds
1980-01-07 13:17:34 INFO  clocks.c:456                          at iTOW = 134272779
1980-01-07 13:17:34 INFO  clocks.c:457              local clock is 266.7805 seconds
1980-01-07 13:17:34 INFO  clocks.c:458                          at iTOW = 134272697
1980-01-07 13:17:34 INFO  clocks.c:459         Estimated time of flight = -64 msec
1980-01-07 13:17:34 INFO  clocks.c:460                 Clock difference = -96 msec
1980-01-07 13:17:34 INFO  clocks.c:461       so local clock is lagging by  32 msec
1980-01-07 13:17:35 INFO  clocks.c:450 Local synchronized clock will be forwarded by 0.014 seconds
1980-01-07 13:17:35 INFO  clocks.c:455   because: remote clock was 268.1550 seconds
1980-01-07 13:17:35 INFO  clocks.c:456                          at iTOW = 134274026
1980-01-07 13:17:35 INFO  clocks.c:457              local clock is 268.0132 seconds
1980-01-07 13:17:35 INFO  clocks.c:458                          at iTOW = 134273897
1980-01-07 13:17:35 INFO  clocks.c:459         Estimated time of flight = -128 msec
1980-01-07 13:17:35 INFO  clocks.c:460                 Clock difference = -141 msec
1980-01-07 13:17:35 INFO  clocks.c:461       so local clock is lagging by  13 msec
1980-01-07 13:17:36 INFO  clocks.c:450 Local synchronized clock will be forwarded by 0.015 seconds
1980-01-07 13:17:36 INFO  clocks.c:455   because: remote clock was 269.1800 seconds
1980-01-07 13:17:36 INFO  clocks.c:456                          at iTOW = 134275032
1980-01-07 13:17:36 INFO  clocks.c:457              local clock is 269.0370 seconds
1980-01-07 13:17:36 INFO  clocks.c:458                          at iTOW = 134274907
1980-01-07 13:17:36 INFO  clocks.c:459         Estimated time of flight = -128 msec
1980-01-07 13:17:36 INFO  clocks.c:460                 Clock difference = -143 msec
1980-01-07 13:17:36 INFO  clocks.c:461       so local clock is lagging by  15 msec
1980-01-07 13:17:37 INFO  clocks.c:450 Local synchronized clock will be forwarded by 0.015 seconds
1980-01-07 13:17:37 INFO  clocks.c:455   because: remote clock was 269.8030 seconds
1980-01-07 13:17:37 INFO  clocks.c:456                          at iTOW = 134275655
1980-01-07 13:17:37 INFO  clocks.c:457              local clock is 269.6596 seconds
1980-01-07 13:17:37 INFO  clocks.c:458                          at iTOW = 134275515
1980-01-07 13:17:37 INFO  clocks.c:459         Estimated time of flight = -128 msec
1980-01-07 13:17:37 INFO  clocks.c:460                 Clock difference = -143 msec
1980-01-07 13:17:37 INFO  clocks.c:461       so local clock is lagging by  15 msec
1980-01-07 13:17:37 INFO  clocks.c:450 Local synchronized clock will be forwarded by 0.034 seconds
1980-01-07 13:17:37 INFO  clocks.c:455   because: remote clock was 270.0380 seconds
1980-01-07 13:17:37 INFO  clocks.c:456                          at iTOW = 134275856
1980-01-07 13:17:37 INFO  clocks.c:457              local clock is 269.8761 seconds
1980-01-07 13:17:37 INFO  clocks.c:458                          at iTOW = 134275716
1980-01-07 13:17:37 INFO  clocks.c:459         Estimated time of flight = -128 msec
1980-01-07 13:17:37 INFO  clocks.c:460                 Clock difference = -161 msec
1980-01-07 13:17:37 INFO  clocks.c:461       so local clock is lagging by  33 msec
1980-01-07 13:17:38 INFO  clocks.c:450 Local synchronized clock will be forwarded by 0.018 seconds
1980-01-07 13:17:38 INFO  clocks.c:455   because: remote clock was 270.3570 seconds
1980-01-07 13:17:38 INFO  clocks.c:456                          at iTOW = 134276158
1980-01-07 13:17:38 INFO  clocks.c:457              local clock is 270.2111 seconds
1980-01-07 13:17:38 INFO  clocks.c:458                          at iTOW = 134276017
1980-01-07 13:17:38 INFO  clocks.c:459         Estimated time of flight = -128 msec
1980-01-07 13:17:38 INFO  clocks.c:460                 Clock difference = -145 msec
1980-01-07 13:17:38 INFO  clocks.c:461       so local clock is lagging by  17 msec
1980-01-07 13:17:38 INFO  clocks.c:450 Local synchronized clock will be forwarded by 0.014 seconds
1980-01-07 13:17:38 INFO  clocks.c:455   because: remote clock was 271.0070 seconds
1980-01-07 13:17:38 INFO  clocks.c:456                          at iTOW = 134276807
1980-01-07 13:17:38 INFO  clocks.c:457              local clock is 270.9291 seconds
1980-01-07 13:17:38 INFO  clocks.c:458                          at iTOW = 134276717
1980-01-07 13:17:38 INFO  clocks.c:459         Estimated time of flight = -64 msec
1980-01-07 13:17:38 INFO  clocks.c:460                 Clock difference = -77 msec
1980-01-07 13:17:38 INFO  clocks.c:461       so local clock is lagging by  13 msec
1980-01-07 13:17:39 INFO  clocks.c:450 Local synchronized clock will be forwarded by 0.023 seconds
1980-01-07 13:17:39 INFO  clocks.c:455   because: remote clock was 271.6960 seconds
1980-01-07 13:17:39 INFO  clocks.c:456                          at iTOW = 134277453
1980-01-07 13:17:39 INFO  clocks.c:457              local clock is 271.5449 seconds
1980-01-07 13:17:39 INFO  clocks.c:458                          at iTOW = 134277319
1980-01-07 13:17:39 INFO  clocks.c:459         Estimated time of flight = -128 msec
1980-01-07 13:17:39 INFO  clocks.c:460                 Clock difference = -151 msec
1980-01-07 13:17:39 INFO  clocks.c:461       so local clock is lagging by  23 msec
1980-01-07 13:17:39 INFO  clocks.c:450 Local synchronized clock will be forwarded by 0.028 seconds
1980-01-07 13:17:39 INFO  clocks.c:455   because: remote clock was 271.9230 seconds
1980-01-07 13:17:39 INFO  clocks.c:456                          at iTOW = 134277653
1980-01-07 13:17:39 INFO  clocks.c:457              local clock is 271.7673 seconds
1980-01-07 13:17:39 INFO  clocks.c:458                          at iTOW = 134277518
1980-01-07 13:17:39 INFO  clocks.c:459         Estimated time of flight = -128 msec
1980-01-07 13:17:39 INFO  clocks.c:460                 Clock difference = -155 msec
1980-01-07 13:17:39 INFO  clocks.c:461       so local clock is lagging by  27 msec
1980-01-07 13:17:40 INFO  clocks.c:450 Local synchronized clock will be forwarded by 0.015 seconds
1980-01-07 13:17:40 INFO  clocks.c:455   because: remote clock was 273.1560 seconds
1980-01-07 13:17:40 INFO  clocks.c:456                          at iTOW = 134278857
1980-01-07 13:17:40 INFO  clocks.c:457              local clock is 273.0135 seconds
1980-01-07 13:17:40 INFO  clocks.c:458                          at iTOW = 134278737
1980-01-07 13:17:40 INFO  clocks.c:459         Estimated time of flight = -128 msec
1980-01-07 13:17:40 INFO  clocks.c:460                 Clock difference = -142 msec
1980-01-07 13:17:40 INFO  clocks.c:461       so local clock is lagging by  14 msec
1980-01-07 13:17:41 INFO  clocks.c:450 Local synchronized clock will be forwarded by 0.018 seconds
1980-01-07 13:17:41 INFO  clocks.c:455   because: remote clock was 273.4760 seconds
1980-01-07 13:17:41 INFO  clocks.c:456                          at iTOW = 134279177
1980-01-07 13:17:41 INFO  clocks.c:457              local clock is 273.3299 seconds
1980-01-07 13:17:41 INFO  clocks.c:458                          at iTOW = 134279039
1980-01-07 13:17:41 INFO  clocks.c:459         Estimated time of flight = -128 msec
1980-01-07 13:17:41 INFO  clocks.c:460                 Clock difference = -146 msec
1980-01-07 13:17:41 INFO  clocks.c:461       so local clock is lagging by  18 msec
1980-01-07 13:17:44 INFO  clocks.c:450 Local synchronized clock will be forwarded by 0.025 seconds
1980-01-07 13:17:44 INFO  clocks.c:455   because: remote clock was 276.9090 seconds
1980-01-07 13:17:44 INFO  clocks.c:456                          at iTOW = 134282574
1980-01-07 13:17:44 INFO  clocks.c:457              local clock is 276.7564 seconds
1980-01-07 13:17:44 INFO  clocks.c:458                          at iTOW = 134282447
1980-01-07 13:17:44 INFO  clocks.c:459         Estimated time of flight = -128 msec
1980-01-07 13:17:44 INFO  clocks.c:460                 Clock difference = -152 msec
1980-01-07 13:17:44 INFO  clocks.c:461       so local clock is lagging by  24 msec
1980-01-07 13:17:45 INFO  clocks.c:450 Local synchronized clock will be forwarded by 0.012 seconds
1980-01-07 13:17:45 INFO  clocks.c:455   because: remote clock was 278.4220 seconds
1980-01-07 13:17:45 INFO  clocks.c:456                          at iTOW = 134284074
1980-01-07 13:17:45 INFO  clocks.c:457              local clock is 278.2823 seconds
1980-01-07 13:17:45 INFO  clocks.c:458                          at iTOW = 134283948
1980-01-07 13:17:45 INFO  clocks.c:459         Estimated time of flight = -128 msec
1980-01-07 13:17:45 INFO  clocks.c:460                 Clock difference = -139 msec
1980-01-07 13:17:45 INFO  clocks.c:461       so local clock is lagging by  11 msec
1980-01-07 13:17:46 INFO  clocks.c:450 Local synchronized clock will be forwarded by 0.035 seconds
1980-01-07 13:17:46 INFO  clocks.c:455   because: remote clock was 279.2560 seconds
1980-01-07 13:17:46 INFO  clocks.c:456                          at iTOW = 134284881
1980-01-07 13:17:46 INFO  clocks.c:457              local clock is 279.0928 seconds
1980-01-07 13:17:46 INFO  clocks.c:458                          at iTOW = 134284747
1980-01-07 13:17:46 INFO  clocks.c:459         Estimated time of flight = -128 msec
1980-01-07 13:17:46 INFO  clocks.c:460                 Clock difference = -163 msec
1980-01-07 13:17:46 INFO  clocks.c:461       so local clock is lagging by  35 msec
1980-01-07 13:17:47 INFO  clocks.c:450 Local synchronized clock will be forwarded by 0.011 seconds
1980-01-07 13:17:47 INFO  clocks.c:455   because: remote clock was 279.8780 seconds
1980-01-07 13:17:47 INFO  clocks.c:456                          at iTOW = 134285490
1980-01-07 13:17:47 INFO  clocks.c:457              local clock is 279.7394 seconds
1980-01-07 13:17:47 INFO  clocks.c:458                          at iTOW = 134285358
1980-01-07 13:17:47 INFO  clocks.c:459         Estimated time of flight = -128 msec
1980-01-07 13:17:47 INFO  clocks.c:460                 Clock difference = -138 msec
1980-01-07 13:17:47 INFO  clocks.c:461       so local clock is lagging by  10 msec
1980-01-07 13:17:48 INFO  clocks.c:450 Local synchronized clock will be forwarded by 0.018 seconds
1980-01-07 13:17:48 INFO  clocks.c:455   because: remote clock was 280.6000 seconds
1980-01-07 13:17:48 INFO  clocks.c:456                          at iTOW = 134286197
1980-01-07 13:17:48 INFO  clocks.c:457              local clock is 280.4545 seconds
1980-01-07 13:17:48 INFO  clocks.c:458                          at iTOW = 134286063
1980-01-07 13:17:48 INFO  clocks.c:459         Estimated time of flight = -128 msec
1980-01-07 13:17:48 INFO  clocks.c:460                 Clock difference = -145 msec
1980-01-07 13:17:48 INFO  clocks.c:461       so local clock is lagging by  17 msec
1980-01-07 13:17:49 INFO  clocks.c:450 Local synchronized clock will be forwarded by 0.012 seconds
1980-01-07 13:17:49 INFO  clocks.c:455   because: remote clock was 281.7120 seconds
1980-01-07 13:17:49 INFO  clocks.c:456                          at iTOW = 134287284
1980-01-07 13:17:49 INFO  clocks.c:457              local clock is 281.5716 seconds
1980-01-07 13:17:49 INFO  clocks.c:458                          at iTOW = 134287163
1980-01-07 13:17:49 INFO  clocks.c:459         Estimated time of flight = -128 msec
1980-01-07 13:17:49 INFO  clocks.c:460                 Clock difference = -140 msec
1980-01-07 13:17:49 INFO  clocks.c:461       so local clock is lagging by  12 msec
1980-01-07 13:17:49 INFO  clocks.c:450 Local synchronized clock will be forwarded by 0.019 seconds
1980-01-07 13:17:49 INFO  clocks.c:455   because: remote clock was 282.1280 seconds
1980-01-07 13:17:49 INFO  clocks.c:456                          at iTOW = 134287700
1980-01-07 13:17:49 INFO  clocks.c:457              local clock is 281.9809 seconds
1980-01-07 13:17:49 INFO  clocks.c:458                          at iTOW = 134287559
1980-01-07 13:17:49 INFO  clocks.c:459         Estimated time of flight = -128 msec
1980-01-07 13:17:49 INFO  clocks.c:460                 Clock difference = -147 msec
1980-01-07 13:17:49 INFO  clocks.c:461       so local clock is lagging by  19 msec
1980-01-07 13:17:50 INFO  clocks.c:450 Local synchronized clock will be forwarded by 0.012 seconds
1980-01-07 13:17:50 INFO  clocks.c:455   because: remote clock was 282.9390 seconds
1980-01-07 13:17:50 INFO  clocks.c:456                          at iTOW = 134288495
1980-01-07 13:17:50 INFO  clocks.c:457              local clock is 282.7985 seconds
1980-01-07 13:17:50 INFO  clocks.c:458                          at iTOW = 134288358
1980-01-07 13:17:50 INFO  clocks.c:459         Estimated time of flight = -128 msec
1980-01-07 13:17:50 INFO  clocks.c:460                 Clock difference = -140 msec
1980-01-07 13:17:50 INFO  clocks.c:461       so local clock is lagging by  12 msec
1980-01-07 13:17:50 INFO  clocks.c:450 Local synchronized clock will be forwarded by 0.013 seconds
1980-01-07 13:17:50 INFO  clocks.c:455   because: remote clock was 283.1610 seconds
1980-01-07 13:17:50 INFO  clocks.c:456                          at iTOW = 134288698
1980-01-07 13:17:50 INFO  clocks.c:457              local clock is 283.0201 seconds
1980-01-07 13:17:50 INFO  clocks.c:458                          at iTOW = 134288567
1980-01-07 13:17:50 INFO  clocks.c:459         Estimated time of flight = -128 msec
1980-01-07 13:17:50 INFO  clocks.c:460                 Clock difference = -140 msec
1980-01-07 13:17:50 INFO  clocks.c:461       so local clock is lagging by  12 msec
1980-01-07 13:17:50 INFO  clocks.c:450 Local synchronized clock will be forwarded by 0.043 seconds
1980-01-07 13:17:50 INFO  clocks.c:455   because: remote clock was 283.5520 seconds
1980-01-07 13:17:50 INFO  clocks.c:456                          at iTOW = 134289060
1980-01-07 13:17:50 INFO  clocks.c:457              local clock is 283.4450 seconds
1980-01-07 13:17:50 INFO  clocks.c:458                          at iTOW = 134288979
1980-01-07 13:17:50 INFO  clocks.c:459         Estimated time of flight = -64 msec
1980-01-07 13:17:50 INFO  clocks.c:460                 Clock difference = -106 msec
1980-01-07 13:17:50 INFO  clocks.c:461       so local clock is lagging by  42 msec
1980-01-07 13:17:51 INFO  clocks.c:450 Local synchronized clock will be forwarded by 0.024 seconds
1980-01-07 13:17:51 INFO  clocks.c:455   because: remote clock was 283.9440 seconds
1980-01-07 13:17:51 INFO  clocks.c:456                          at iTOW = 134289416
1980-01-07 13:17:51 INFO  clocks.c:457              local clock is 283.7915 seconds
1980-01-07 13:17:51 INFO  clocks.c:458                          at iTOW = 134289283
1980-01-07 13:17:51 INFO  clocks.c:459         Estimated time of flight = -128 msec
1980-01-07 13:17:51 INFO  clocks.c:460                 Clock difference = -152 msec
1980-01-07 13:17:51 INFO  clocks.c:461       so local clock is lagging by  24 msec
1980-01-07 13:17:51 INFO  clocks.c:450 Local synchronized clock will be forwarded by 0.041 seconds
1980-01-07 13:17:51 INFO  clocks.c:455   because: remote clock was 284.4010 seconds
1980-01-07 13:17:51 INFO  clocks.c:456                          at iTOW = 134289839
1980-01-07 13:17:51 INFO  clocks.c:457              local clock is 284.2316 seconds
1980-01-07 13:17:51 INFO  clocks.c:458                          at iTOW = 134289698
1980-01-07 13:17:51 INFO  clocks.c:459         Estimated time of flight = -128 msec
1980-01-07 13:17:51 INFO  clocks.c:460                 Clock difference = -169 msec
1980-01-07 13:17:51 INFO  clocks.c:461       so local clock is lagging by  41 msec
1980-01-07 13:17:53 INFO  clocks.c:450 Local synchronized clock will be forwarded by 0.019 seconds
1980-01-07 13:17:53 INFO  clocks.c:455   because: remote clock was 286.4190 seconds
1980-01-07 13:17:53 INFO  clocks.c:456                          at iTOW = 134291819
1980-01-07 13:17:53 INFO  clocks.c:457              local clock is 286.2721 seconds
1980-01-07 13:17:53 INFO  clocks.c:458                          at iTOW = 134291697
1980-01-07 13:17:53 INFO  clocks.c:459         Estimated time of flight = -128 msec
1980-01-07 13:17:53 INFO  clocks.c:460                 Clock difference = -146 msec
1980-01-07 13:17:53 INFO  clocks.c:461       so local clock is lagging by  18 msec
1980-01-07 13:17:55 INFO  clocks.c:450 Local synchronized clock will be forwarded by 0.019 seconds
1980-01-07 13:17:55 INFO  clocks.c:455   because: remote clock was 288.3350 seconds
1980-01-07 13:17:55 INFO  clocks.c:456                          at iTOW = 134293736
1980-01-07 13:17:55 INFO  clocks.c:457              local clock is 288.1884 seconds
1980-01-07 13:17:55 INFO  clocks.c:458                          at iTOW = 134293595
1980-01-07 13:17:55 INFO  clocks.c:459         Estimated time of flight = -128 msec
1980-01-07 13:17:55 INFO  clocks.c:460                 Clock difference = -146 msec
1980-01-07 13:17:55 INFO  clocks.c:461       so local clock is lagging by  18 msec
1980-01-07 13:17:55 INFO  clocks.c:450 Local synchronized clock will be forwarded by 0.026 seconds
1980-01-07 13:17:55 INFO  clocks.c:455   because: remote clock was 288.6610 seconds
1980-01-07 13:17:55 INFO  clocks.c:456                          at iTOW = 134294019
1980-01-07 13:17:55 INFO  clocks.c:457              local clock is 288.5070 seconds
1980-01-07 13:17:55 INFO  clocks.c:458                          at iTOW = 134293895
1980-01-07 13:17:55 INFO  clocks.c:459         Estimated time of flight = -128 msec
1980-01-07 13:17:55 INFO  clocks.c:460                 Clock difference = -153 msec
1980-01-07 13:17:55 INFO  clocks.c:461       so local clock is lagging by  25 msec
1980-01-07 13:17:58 INFO  clocks.c:450 Local synchronized clock will be forwarded by 0.026 seconds
1980-01-07 13:17:58 INFO  clocks.c:455   because: remote clock was 290.8090 seconds
1980-01-07 13:17:58 INFO  clocks.c:456                          at iTOW = 134296147
1980-01-07 13:17:58 INFO  clocks.c:457              local clock is 290.6553 seconds
1980-01-07 13:17:58 INFO  clocks.c:458                          at iTOW = 134296017
1980-01-07 13:17:58 INFO  clocks.c:459         Estimated time of flight = -128 msec
1980-01-07 13:17:58 INFO  clocks.c:460                 Clock difference = -153 msec
1980-01-07 13:17:58 INFO  clocks.c:461       so local clock is lagging by  25 msec
1980-01-07 13:17:58 INFO  clocks.c:450 Local synchronized clock will be forwarded by 0.029 seconds
1980-01-07 13:17:58 INFO  clocks.c:455   because: remote clock was 290.9380 seconds
1980-01-07 13:17:58 INFO  clocks.c:456                          at iTOW = 134296249
1980-01-07 13:17:58 INFO  clocks.c:457              local clock is 290.7811 seconds
1980-01-07 13:17:58 INFO  clocks.c:458                          at iTOW = 134296117
1980-01-07 13:17:58 INFO  clocks.c:459         Estimated time of flight = -128 msec
1980-01-07 13:17:58 INFO  clocks.c:460                 Clock difference = -156 msec
1980-01-07 13:17:58 INFO  clocks.c:461       so local clock is lagging by  28 msec
1980-01-07 13:17:58 INFO  clocks.c:450 Local synchronized clock will be forwarded by 0.024 seconds
1980-01-07 13:17:58 INFO  clocks.c:455   because: remote clock was 291.4720 seconds
1980-01-07 13:17:58 INFO  clocks.c:456                          at iTOW = 134296754
1980-01-07 13:17:58 INFO  clocks.c:457              local clock is 291.3197 seconds
1980-01-07 13:17:58 INFO  clocks.c:458                          at iTOW = 134296627
1980-01-07 13:17:58 INFO  clocks.c:459         Estimated time of flight = -128 msec
1980-01-07 13:17:58 INFO  clocks.c:460                 Clock difference = -152 msec
1980-01-07 13:17:58 INFO  clocks.c:461       so local clock is lagging by  24 msec
1980-01-07 13:17:59 INFO  clocks.c:450 Local synchronized clock will be forwarded by 0.031 seconds
1980-01-07 13:17:59 INFO  clocks.c:455   because: remote clock was 292.0040 seconds
1980-01-07 13:17:59 INFO  clocks.c:456                          at iTOW = 134297258
1980-01-07 13:17:59 INFO  clocks.c:457              local clock is 291.8448 seconds
1980-01-07 13:17:59 INFO  clocks.c:458                          at iTOW = 134297128
1980-01-07 13:17:59 INFO  clocks.c:459         Estimated time of flight = -128 msec
1980-01-07 13:17:59 INFO  clocks.c:460                 Clock difference = -159 msec
1980-01-07 13:17:59 INFO  clocks.c:461       so local clock is lagging by  31 msec
1980-01-07 13:17:59 INFO  clocks.c:450 Local synchronized clock will be forwarded by 0.023 seconds
1980-01-07 13:17:59 INFO  clocks.c:455   because: remote clock was 292.3260 seconds
1980-01-07 13:17:59 INFO  clocks.c:456                          at iTOW = 134297553
1980-01-07 13:17:59 INFO  clocks.c:457              local clock is 292.1752 seconds
1980-01-07 13:17:59 INFO  clocks.c:458                          at iTOW = 134297427
1980-01-07 13:17:59 INFO  clocks.c:459         Estimated time of flight = -128 msec
1980-01-07 13:17:59 INFO  clocks.c:460                 Clock difference = -150 msec
1980-01-07 13:17:59 INFO  clocks.c:461       so local clock is lagging by  22 msec
1980-01-07 13:17:59 INFO  clocks.c:450 Local synchronized clock will be forwarded by 0.025 seconds
1980-01-07 13:17:59 INFO  clocks.c:455   because: remote clock was 292.4510 seconds
1980-01-07 13:17:59 INFO  clocks.c:456                          at iTOW = 134297654
1980-01-07 13:17:59 INFO  clocks.c:457              local clock is 292.2980 seconds
1980-01-07 13:17:59 INFO  clocks.c:458                          at iTOW = 134297527
1980-01-07 13:17:59 INFO  clocks.c:459         Estimated time of flight = -128 msec
1980-01-07 13:17:59 INFO  clocks.c:460                 Clock difference = -153 msec
1980-01-07 13:17:59 INFO  clocks.c:461       so local clock is lagging by  25 msec
1980-01-07 13:18:02 INFO  clocks.c:450 Local synchronized clock will be forwarded by 0.031 seconds
1980-01-07 13:18:02 INFO  clocks.c:455   because: remote clock was 294.9910 seconds
1980-01-07 13:18:02 INFO  clocks.c:456                          at iTOW = 134300168
1980-01-07 13:18:02 INFO  clocks.c:457              local clock is 294.8317 seconds
1980-01-07 13:18:02 INFO  clocks.c:458                          at iTOW = 134300036
1980-01-07 13:18:02 INFO  clocks.c:459         Estimated time of flight = -128 msec
1980-01-07 13:18:02 INFO  clocks.c:460                 Clock difference = -159 msec
1980-01-07 13:18:02 INFO  clocks.c:461       so local clock is lagging by  31 msec
1980-01-07 13:18:03 INFO  clocks.c:450 Local synchronized clock will be forwarded by 0.023 seconds
1980-01-07 13:18:03 INFO  clocks.c:455   because: remote clock was 296.2510 seconds
1980-01-07 13:18:03 INFO  clocks.c:456                          at iTOW = 134301416
1980-01-07 13:18:03 INFO  clocks.c:457              local clock is 296.1643 seconds
1980-01-07 13:18:03 INFO  clocks.c:458                          at iTOW = 134301337
1980-01-07 13:18:03 INFO  clocks.c:459         Estimated time of flight = -64 msec
1980-01-07 13:18:03 INFO  clocks.c:460                 Clock difference = -86 msec
1980-01-07 13:18:03 INFO  clocks.c:461       so local clock is lagging by  22 msec
1980-01-07 13:18:07 INFO  clocks.c:450 Local synchronized clock will be forwarded by 0.022 seconds
1980-01-07 13:18:07 INFO  clocks.c:455   because: remote clock was 300.2570 seconds
1980-01-07 13:18:07 INFO  clocks.c:456                          at iTOW = 134305397
1980-01-07 13:18:07 INFO  clocks.c:457              local clock is 300.1070 seconds
1980-01-07 13:18:07 INFO  clocks.c:458                          at iTOW = 134305257
1980-01-07 13:18:07 INFO  clocks.c:459         Estimated time of flight = -128 msec
1980-01-07 13:18:07 INFO  clocks.c:460                 Clock difference = -150 msec
1980-01-07 13:18:07 INFO  clocks.c:461       so local clock is lagging by  22 msec
1980-01-07 13:18:07 INFO  clocks.c:450 Local synchronized clock will be forwarded by 0.017 seconds
1980-01-07 13:18:07 INFO  clocks.c:455   because: remote clock was 300.7750 seconds
1980-01-07 13:18:07 INFO  clocks.c:456                          at iTOW = 134305881
1980-01-07 13:18:07 INFO  clocks.c:457              local clock is 300.6297 seconds
1980-01-07 13:18:07 INFO  clocks.c:458                          at iTOW = 134305758
1980-01-07 13:18:07 INFO  clocks.c:459         Estimated time of flight = -128 msec
1980-01-07 13:18:07 INFO  clocks.c:460                 Clock difference = -145 msec
1980-01-07 13:18:07 INFO  clocks.c:461       so local clock is lagging by  17 msec
1980-01-07 13:18:09 INFO  clocks.c:450 Local synchronized clock will be forwarded by 0.019 seconds
1980-01-07 13:18:09 INFO  clocks.c:455   because: remote clock was 302.2990 seconds
1980-01-07 13:18:09 INFO  clocks.c:456                          at iTOW = 134307384
1980-01-07 13:18:09 INFO  clocks.c:457              local clock is 302.1517 seconds
1980-01-07 13:18:09 INFO  clocks.c:458                          at iTOW = 134307262
1980-01-07 13:18:09 INFO  clocks.c:459         Estimated time of flight = -128 msec
1980-01-07 13:18:09 INFO  clocks.c:460                 Clock difference = -147 msec
1980-01-07 13:18:09 INFO  clocks.c:461       so local clock is lagging by  19 msec
1980-01-07 13:18:09 INFO  clocks.c:450 Local synchronized clock will be forwarded by 0.011 seconds
1980-01-07 13:18:09 INFO  clocks.c:455   because: remote clock was 302.7100 seconds
1980-01-07 13:18:09 INFO  clocks.c:456                          at iTOW = 134307795
1980-01-07 13:18:09 INFO  clocks.c:457              local clock is 302.5710 seconds
1980-01-07 13:18:09 INFO  clocks.c:458                          at iTOW = 134307662
1980-01-07 13:18:09 INFO  clocks.c:459         Estimated time of flight = -128 msec
1980-01-07 13:18:09 INFO  clocks.c:460                 Clock difference = -138 msec
1980-01-07 13:18:09 INFO  clocks.c:461       so local clock is lagging by  10 msec
1980-01-07 13:18:09 INFO  clocks.c:450 Local synchronized clock will be forwarded by 0.016 seconds
1980-01-07 13:18:09 INFO  clocks.c:455   because: remote clock was 302.9270 seconds
1980-01-07 13:18:09 INFO  clocks.c:456                          at iTOW = 134307996
1980-01-07 13:18:09 INFO  clocks.c:457              local clock is 302.7834 seconds
1980-01-07 13:18:09 INFO  clocks.c:458                          at iTOW = 134307864
1980-01-07 13:18:09 INFO  clocks.c:459         Estimated time of flight = -128 msec
1980-01-07 13:18:09 INFO  clocks.c:460                 Clock difference = -143 msec
1980-01-07 13:18:09 INFO  clocks.c:461       so local clock is lagging by  15 msec
1980-01-07 13:18:10 INFO  clocks.c:450 Local synchronized clock will be forwarded by 0.015 seconds
1980-01-07 13:18:10 INFO  clocks.c:455   because: remote clock was 303.1450 seconds
1980-01-07 13:18:10 INFO  clocks.c:456                          at iTOW = 134308198
1980-01-07 13:18:10 INFO  clocks.c:457              local clock is 303.0023 seconds
1980-01-07 13:18:10 INFO  clocks.c:458                          at iTOW = 134308067
1980-01-07 13:18:10 INFO  clocks.c:459         Estimated time of flight = -128 msec
1980-01-07 13:18:10 INFO  clocks.c:460                 Clock difference = -142 msec
1980-01-07 13:18:10 INFO  clocks.c:461       so local clock is lagging by  14 msec
1980-01-07 13:18:11 INFO  clocks.c:450 Local synchronized clock will be forwarded by 0.010 seconds
1980-01-07 13:18:11 INFO  clocks.c:455   because: remote clock was 304.7550 seconds
1980-01-07 13:18:11 INFO  clocks.c:456                          at iTOW = 134309793
1980-01-07 13:18:11 INFO  clocks.c:457              local clock is 304.6167 seconds
1980-01-07 13:18:11 INFO  clocks.c:458                          at iTOW = 134309667
1980-01-07 13:18:11 INFO  clocks.c:459         Estimated time of flight = -128 msec
1980-01-07 13:18:11 INFO  clocks.c:460                 Clock difference = -138 msec
1980-01-07 13:18:11 INFO  clocks.c:461       so local clock is lagging by  10 msec
1980-01-07 13:18:11 INFO  clocks.c:450 Local synchronized clock will be forwarded by 0.015 seconds
1980-01-07 13:18:11 INFO  clocks.c:455   because: remote clock was 304.9710 seconds
1980-01-07 13:18:11 INFO  clocks.c:456                          at iTOW = 134309994
1980-01-07 13:18:11 INFO  clocks.c:457              local clock is 304.8282 seconds
1980-01-07 13:18:11 INFO  clocks.c:458                          at iTOW = 134309868
1980-01-07 13:18:11 INFO  clocks.c:459         Estimated time of flight = -128 msec
1980-01-07 13:18:11 INFO  clocks.c:460                 Clock difference = -142 msec
1980-01-07 13:18:11 INFO  clocks.c:461       so local clock is lagging by  14 msec
1980-01-07 13:18:12 INFO  clocks.c:450 Local synchronized clock will be forwarded by 0.021 seconds
1980-01-07 13:18:12 INFO  clocks.c:455   because: remote clock was 305.2920 seconds
1980-01-07 13:18:12 INFO  clocks.c:456                          at iTOW = 134310300
1980-01-07 13:18:12 INFO  clocks.c:457              local clock is 305.1434 seconds
1980-01-07 13:18:12 INFO  clocks.c:458                          at iTOW = 134310168
1980-01-07 13:18:12 INFO  clocks.c:459         Estimated time of flight = -128 msec
1980-01-07 13:18:12 INFO  clocks.c:460                 Clock difference = -148 msec
1980-01-07 13:18:12 INFO  clocks.c:461       so local clock is lagging by  20 msec
1980-01-07 13:18:13 INFO  clocks.c:450 Local synchronized clock will be forwarded by 0.011 seconds
1980-01-07 13:18:13 INFO  clocks.c:455   because: remote clock was 306.2110 seconds
1980-01-07 13:18:13 INFO  clocks.c:456                          at iTOW = 134311207
1980-01-07 13:18:13 INFO  clocks.c:457              local clock is 306.0724 seconds
1980-01-07 13:18:13 INFO  clocks.c:458                          at iTOW = 134311077
1980-01-07 13:18:13 INFO  clocks.c:459         Estimated time of flight = -128 msec
1980-01-07 13:18:13 INFO  clocks.c:460                 Clock difference = -138 msec
1980-01-07 13:18:13 INFO  clocks.c:461       so local clock is lagging by  10 msec
1980-01-07 13:18:13 INFO  clocks.c:450 Local synchronized clock will be forwarded by 0.023 seconds
1980-01-07 13:18:13 INFO  clocks.c:455   because: remote clock was 306.8290 seconds
1980-01-07 13:18:13 INFO  clocks.c:456                          at iTOW = 134311796
1980-01-07 13:18:13 INFO  clocks.c:457              local clock is 306.6783 seconds
1980-01-07 13:18:13 INFO  clocks.c:458                          at iTOW = 134311672
1980-01-07 13:18:13 INFO  clocks.c:459         Estimated time of flight = -128 msec
1980-01-07 13:18:13 INFO  clocks.c:460                 Clock difference = -150 msec
1980-01-07 13:18:13 INFO  clocks.c:461       so local clock is lagging by  22 msec
1980-01-07 13:18:13 INFO  clocks.c:450 Local synchronized clock will be forwarded by 0.019 seconds
1980-01-07 13:18:13 INFO  clocks.c:455   because: remote clock was 306.9890 seconds
1980-01-07 13:18:13 INFO  clocks.c:456                          at iTOW = 134311956
1980-01-07 13:18:13 INFO  clocks.c:457              local clock is 306.9057 seconds
1980-01-07 13:18:13 INFO  clocks.c:458                          at iTOW = 134311877
1980-01-07 13:18:13 INFO  clocks.c:459         Estimated time of flight = -64 msec
1980-01-07 13:18:13 INFO  clocks.c:460                 Clock difference = -83 msec
1980-01-07 13:18:13 INFO  clocks.c:461       so local clock is lagging by  19 msec
1980-01-07 13:18:15 INFO  clocks.c:450 Local synchronized clock will be forwarded by 0.012 seconds
1980-01-07 13:18:15 INFO  clocks.c:455   because: remote clock was 308.2650 seconds
1980-01-07 13:18:15 INFO  clocks.c:456                          at iTOW = 134313213
1980-01-07 13:18:15 INFO  clocks.c:457              local clock is 308.1250 seconds
1980-01-07 13:18:15 INFO  clocks.c:458                          at iTOW = 134313077
1980-01-07 13:18:15 INFO  clocks.c:459         Estimated time of flight = -128 msec
1980-01-07 13:18:15 INFO  clocks.c:460                 Clock difference = -139 msec
1980-01-07 13:18:15 INFO  clocks.c:461       so local clock is lagging by  11 msec
1980-01-07 13:18:15 INFO  clocks.c:450 Local synchronized clock will be forwarded by 0.016 seconds
1980-01-07 13:18:15 INFO  clocks.c:455   because: remote clock was 308.6270 seconds
1980-01-07 13:18:15 INFO  clocks.c:456                          at iTOW = 134313575
1980-01-07 13:18:15 INFO  clocks.c:457              local clock is 308.5470 seconds
1980-01-07 13:18:15 INFO  clocks.c:458                          at iTOW = 134313487
1980-01-07 13:18:15 INFO  clocks.c:459         Estimated time of flight = -64 msec
1980-01-07 13:18:15 INFO  clocks.c:460                 Clock difference = -79 msec
1980-01-07 13:18:15 INFO  clocks.c:461       so local clock is lagging by  15 msec
1980-01-07 13:18:16 INFO  clocks.c:450 Local synchronized clock will be forwarded by 0.020 seconds
1980-01-07 13:18:16 INFO  clocks.c:455   because: remote clock was 309.8170 seconds
1980-01-07 13:18:16 INFO  clocks.c:456                          at iTOW = 134314715
1980-01-07 13:18:16 INFO  clocks.c:457              local clock is 309.6689 seconds
1980-01-07 13:18:16 INFO  clocks.c:458                          at iTOW = 134314593
1980-01-07 13:18:16 INFO  clocks.c:459         Estimated time of flight = -128 msec
1980-01-07 13:18:16 INFO  clocks.c:460                 Clock difference = -148 msec
1980-01-07 13:18:16 INFO  clocks.c:461       so local clock is lagging by  20 msec
1980-01-07 13:18:18 INFO  clocks.c:450 Local synchronized clock will be forwarded by 0.011 seconds
1980-01-07 13:18:18 INFO  clocks.c:455   because: remote clock was 311.3320 seconds
1980-01-07 13:18:18 INFO  clocks.c:456                          at iTOW = 134316230
1980-01-07 13:18:18 INFO  clocks.c:457              local clock is 311.1933 seconds
1980-01-07 13:18:18 INFO  clocks.c:458                          at iTOW = 134316097
1980-01-07 13:18:18 INFO  clocks.c:459         Estimated time of flight = -128 msec
1980-01-07 13:18:18 INFO  clocks.c:460                 Clock difference = -138 msec
1980-01-07 13:18:18 INFO  clocks.c:461       so local clock is lagging by  10 msec
1980-01-07 13:18:19 INFO  clocks.c:450 Local synchronized clock will be forwarded by 0.028 seconds
1980-01-07 13:18:19 INFO  clocks.c:455   because: remote clock was 312.7600 seconds
1980-01-07 13:18:19 INFO  clocks.c:456                          at iTOW = 134317626
1980-01-07 13:18:19 INFO  clocks.c:457              local clock is 312.6044 seconds
1980-01-07 13:18:19 INFO  clocks.c:458                          at iTOW = 134317497
1980-01-07 13:18:19 INFO  clocks.c:459         Estimated time of flight = -128 msec
1980-01-07 13:18:19 INFO  clocks.c:460                 Clock difference = -155 msec
1980-01-07 13:18:19 INFO  clocks.c:461       so local clock is lagging by  27 msec
1980-01-07 13:18:19 INFO  clocks.c:450 Local synchronized clock will be forwarded by 0.024 seconds
1980-01-07 13:18:19 INFO  clocks.c:455   because: remote clock was 312.9840 seconds
1980-01-07 13:18:19 INFO  clocks.c:456                          at iTOW = 134317826
1980-01-07 13:18:19 INFO  clocks.c:457              local clock is 312.8315 seconds
1980-01-07 13:18:19 INFO  clocks.c:458                          at iTOW = 134317697
1980-01-07 13:18:19 INFO  clocks.c:459         Estimated time of flight = -128 msec
1980-01-07 13:18:19 INFO  clocks.c:460                 Clock difference = -152 msec
1980-01-07 13:18:19 INFO  clocks.c:461       so local clock is lagging by  24 msec
1980-01-07 13:18:20 INFO  clocks.c:450 Local synchronized clock will be forwarded by 0.031 seconds
1980-01-07 13:18:20 INFO  clocks.c:455   because: remote clock was 313.4150 seconds
1980-01-07 13:18:20 INFO  clocks.c:456                          at iTOW = 134318230
1980-01-07 13:18:20 INFO  clocks.c:457              local clock is 313.2560 seconds
1980-01-07 13:18:20 INFO  clocks.c:458                          at iTOW = 134318097
1980-01-07 13:18:20 INFO  clocks.c:459         Estimated time of flight = -128 msec
1980-01-07 13:18:20 INFO  clocks.c:460                 Clock difference = -159 msec
1980-01-07 13:18:20 INFO  clocks.c:461       so local clock is lagging by  31 msec
1980-01-07 13:18:20 INFO  clocks.c:450 Local synchronized clock will be forwarded by 0.040 seconds
1980-01-07 13:18:20 INFO  clocks.c:455   because: remote clock was 313.8500 seconds
1980-01-07 13:18:20 INFO  clocks.c:456                          at iTOW = 134318632
1980-01-07 13:18:20 INFO  clocks.c:457              local clock is 313.6824 seconds
1980-01-07 13:18:20 INFO  clocks.c:458                          at iTOW = 134318492
1980-01-07 13:18:20 INFO  clocks.c:459         Estimated time of flight = -128 msec
1980-01-07 13:18:20 INFO  clocks.c:460                 Clock difference = -167 msec
1980-01-07 13:18:20 INFO  clocks.c:461       so local clock is lagging by  39 msec
1980-01-07 13:18:22 INFO  clocks.c:450 Local synchronized clock will be forwarded by 0.015 seconds
1980-01-07 13:18:22 INFO  clocks.c:455   because: remote clock was 315.4720 seconds
1980-01-07 13:18:22 INFO  clocks.c:456                          at iTOW = 134320223
1980-01-07 13:18:22 INFO  clocks.c:457              local clock is 315.3288 seconds
1980-01-07 13:18:22 INFO  clocks.c:458                          at iTOW = 134320099
1980-01-07 13:18:22 INFO  clocks.c:459         Estimated time of flight = -128 msec
1980-01-07 13:18:22 INFO  clocks.c:460                 Clock difference = -143 msec
1980-01-07 13:18:22 INFO  clocks.c:461       so local clock is lagging by  15 msec
1980-01-07 13:18:22 INFO  clocks.c:450 Local synchronized clock will be forwarded by 0.015 seconds
1980-01-07 13:18:22 INFO  clocks.c:455   because: remote clock was 315.6850 seconds
1980-01-07 13:18:22 INFO  clocks.c:456                          at iTOW = 134320425
1980-01-07 13:18:22 INFO  clocks.c:457              local clock is 315.5417 seconds
1980-01-07 13:18:22 INFO  clocks.c:458                          at iTOW = 134320297
1980-01-07 13:18:22 INFO  clocks.c:459         Estimated time of flight = -128 msec
1980-01-07 13:18:22 INFO  clocks.c:460                 Clock difference = -143 msec
1980-01-07 13:18:22 INFO  clocks.c:461       so local clock is lagging by  15 msec
1980-01-07 13:18:22 INFO  clocks.c:450 Local synchronized clock will be forwarded by 0.016 seconds
1980-01-07 13:18:22 INFO  clocks.c:455   because: remote clock was 316.4010 seconds
1980-01-07 13:18:22 INFO  clocks.c:456                          at iTOW = 134321129
1980-01-07 13:18:22 INFO  clocks.c:457              local clock is 316.2571 seconds
1980-01-07 13:18:22 INFO  clocks.c:458                          at iTOW = 134320997
1980-01-07 13:18:22 INFO  clocks.c:459         Estimated time of flight = -128 msec
1980-01-07 13:18:22 INFO  clocks.c:460                 Clock difference = -143 msec
1980-01-07 13:18:22 INFO  clocks.c:461       so local clock is lagging by  15 msec
1980-01-07 13:18:23 INFO  clocks.c:450 Local synchronized clock will be forwarded by 0.024 seconds
1980-01-07 13:18:23 INFO  clocks.c:455   because: remote clock was 316.5250 seconds
1980-01-07 13:18:23 INFO  clocks.c:456                          at iTOW = 134321229
1980-01-07 13:18:23 INFO  clocks.c:457              local clock is 316.3730 seconds
1980-01-07 13:18:23 INFO  clocks.c:458                          at iTOW = 134321097
1980-01-07 13:18:23 INFO  clocks.c:459         Estimated time of flight = -128 msec
1980-01-07 13:18:23 INFO  clocks.c:460                 Clock difference = -151 msec
1980-01-07 13:18:23 INFO  clocks.c:461       so local clock is lagging by  23 msec
1980-01-07 13:18:23 INFO  clocks.c:450 Local synchronized clock will be forwarded by 0.027 seconds
1980-01-07 13:18:23 INFO  clocks.c:455   because: remote clock was 316.8520 seconds
1980-01-07 13:18:23 INFO  clocks.c:456                          at iTOW = 134321524
1980-01-07 13:18:23 INFO  clocks.c:457              local clock is 316.6968 seconds
1980-01-07 13:18:23 INFO  clocks.c:458                          at iTOW = 134321397
1980-01-07 13:18:23 INFO  clocks.c:459         Estimated time of flight = -128 msec
1980-01-07 13:18:23 INFO  clocks.c:460                 Clock difference = -155 msec
1980-01-07 13:18:23 INFO  clocks.c:461       so local clock is lagging by  27 msec
1980-01-07 13:18:24 INFO  clocks.c:450 Local synchronized clock will be forwarded by 0.026 seconds
1980-01-07 13:18:24 INFO  clocks.c:455   because: remote clock was 317.6180 seconds
1980-01-07 13:18:24 INFO  clocks.c:456                          at iTOW = 134322290
1980-01-07 13:18:24 INFO  clocks.c:457              local clock is 317.5275 seconds
1980-01-07 13:18:24 INFO  clocks.c:458                          at iTOW = 134322200
1980-01-07 13:18:24 INFO  clocks.c:459         Estimated time of flight = -64 msec
1980-01-07 13:18:24 INFO  clocks.c:460                 Clock difference = -90 msec
1980-01-07 13:18:24 INFO  clocks.c:461       so local clock is lagging by  26 msec
1980-01-07 13:18:25 INFO  clocks.c:450 Local synchronized clock will be forwarded by 0.021 seconds
1980-01-07 13:18:25 INFO  clocks.c:455   because: remote clock was 319.4040 seconds
1980-01-07 13:18:25 INFO  clocks.c:456                          at iTOW = 134324034
1980-01-07 13:18:25 INFO  clocks.c:457              local clock is 319.2555 seconds
1980-01-07 13:18:25 INFO  clocks.c:458                          at iTOW = 134323902
1980-01-07 13:18:25 INFO  clocks.c:459         Estimated time of flight = -128 msec
1980-01-07 13:18:25 INFO  clocks.c:460                 Clock difference = -148 msec
1980-01-07 13:18:25 INFO  clocks.c:461       so local clock is lagging by  20 msec
1980-01-07 13:18:26 INFO  clocks.c:450 Local synchronized clock will be forwarded by 0.020 seconds
1980-01-07 13:18:26 INFO  clocks.c:455   because: remote clock was 319.7270 seconds
1980-01-07 13:18:26 INFO  clocks.c:456                          at iTOW = 134324327
1980-01-07 13:18:26 INFO  clocks.c:457              local clock is 319.5788 seconds
1980-01-07 13:18:26 INFO  clocks.c:458                          at iTOW = 134324205
1980-01-07 13:18:26 INFO  clocks.c:459         Estimated time of flight = -128 msec
1980-01-07 13:18:26 INFO  clocks.c:460                 Clock difference = -148 msec
1980-01-07 13:18:26 INFO  clocks.c:461       so local clock is lagging by  20 msec
1980-01-07 13:18:26 INFO  clocks.c:450 Local synchronized clock will be forwarded by 0.023 seconds
1980-01-07 13:18:26 INFO  clocks.c:455   because: remote clock was 320.0520 seconds
1980-01-07 13:18:26 INFO  clocks.c:456                          at iTOW = 134324631
1980-01-07 13:18:26 INFO  clocks.c:457              local clock is 319.9013 seconds
1980-01-07 13:18:26 INFO  clocks.c:458                          at iTOW = 134324507
1980-01-07 13:18:26 INFO  clocks.c:459         Estimated time of flight = -128 msec
1980-01-07 13:18:26 INFO  clocks.c:460                 Clock difference = -150 msec
1980-01-07 13:18:26 INFO  clocks.c:461       so local clock is lagging by  22 msec
1980-01-07 13:18:26 INFO  clocks.c:450 Local synchronized clock will be forwarded by 0.011 seconds
1980-01-07 13:18:26 INFO  clocks.c:455   because: remote clock was 320.3560 seconds
1980-01-07 13:18:26 INFO  clocks.c:456                          at iTOW = 134324935
1980-01-07 13:18:26 INFO  clocks.c:457              local clock is 320.2169 seconds
1980-01-07 13:18:26 INFO  clocks.c:458                          at iTOW = 134324800
1980-01-07 13:18:26 INFO  clocks.c:459         Estimated time of flight = -128 msec
1980-01-07 13:18:26 INFO  clocks.c:460                 Clock difference = -139 msec
1980-01-07 13:18:26 INFO  clocks.c:461       so local clock is lagging by  11 msec
1980-01-07 13:18:27 INFO  clocks.c:450 Local synchronized clock will be forwarded by 0.025 seconds
1980-01-07 13:18:27 INFO  clocks.c:455   because: remote clock was 321.1880 seconds
1980-01-07 13:18:27 INFO  clocks.c:456                          at iTOW = 134325747
1980-01-07 13:18:27 INFO  clocks.c:457              local clock is 321.0354 seconds
1980-01-07 13:18:27 INFO  clocks.c:458                          at iTOW = 134325607
1980-01-07 13:18:27 INFO  clocks.c:459         Estimated time of flight = -128 msec
1980-01-07 13:18:27 INFO  clocks.c:460                 Clock difference = -152 msec
1980-01-07 13:18:27 INFO  clocks.c:461       so local clock is lagging by  24 msec
1980-01-07 13:18:28 INFO  clocks.c:450 Local synchronized clock will be forwarded by 0.042 seconds
1980-01-07 13:18:28 INFO  clocks.c:455   because: remote clock was 321.6300 seconds
1980-01-07 13:18:28 INFO  clocks.c:456                          at iTOW = 134326150
1980-01-07 13:18:28 INFO  clocks.c:457              local clock is 321.4600 seconds
1980-01-07 13:18:28 INFO  clocks.c:458                          at iTOW = 134326007
1980-01-07 13:18:28 INFO  clocks.c:459         Estimated time of flight = -128 msec
1980-01-07 13:18:28 INFO  clocks.c:460                 Clock difference = -170 msec
1980-01-07 13:18:28 INFO  clocks.c:461       so local clock is lagging by  42 msec
1980-01-07 13:18:28 INFO  clocks.c:450 Local synchronized clock will be forwarded by 0.026 seconds
1980-01-07 13:18:28 INFO  clocks.c:455   because: remote clock was 322.1560 seconds
1980-01-07 13:18:28 INFO  clocks.c:456                          at iTOW = 134326635
1980-01-07 13:18:28 INFO  clocks.c:457              local clock is 322.0016 seconds
1980-01-07 13:18:28 INFO  clocks.c:458                          at iTOW = 134326507
1980-01-07 13:18:28 INFO  clocks.c:459         Estimated time of flight = -128 msec
1980-01-07 13:18:28 INFO  clocks.c:460                 Clock difference = -154 msec
1980-01-07 13:18:28 INFO  clocks.c:461       so local clock is lagging by  26 msec
1980-01-07 13:18:28 INFO  clocks.c:450 Local synchronized clock will be forwarded by 0.028 seconds
1980-01-07 13:18:28 INFO  clocks.c:455   because: remote clock was 322.2840 seconds
1980-01-07 13:18:28 INFO  clocks.c:456                          at iTOW = 134326736
1980-01-07 13:18:28 INFO  clocks.c:457              local clock is 322.1280 seconds
1980-01-07 13:18:28 INFO  clocks.c:458                          at iTOW = 134326607
1980-01-07 13:18:28 INFO  clocks.c:459         Estimated time of flight = -128 msec
1980-01-07 13:18:28 INFO  clocks.c:460                 Clock difference = -156 msec
1980-01-07 13:18:28 INFO  clocks.c:461       so local clock is lagging by  28 msec
1980-01-07 13:18:29 INFO  clocks.c:450 Local synchronized clock will be forwarded by 0.028 seconds
1980-01-07 13:18:29 INFO  clocks.c:455   because: remote clock was 322.7120 seconds
1980-01-07 13:18:29 INFO  clocks.c:456                          at iTOW = 134327137
1980-01-07 13:18:29 INFO  clocks.c:457              local clock is 322.5560 seconds
1980-01-07 13:18:29 INFO  clocks.c:458                          at iTOW = 134327007
1980-01-07 13:18:29 INFO  clocks.c:459         Estimated time of flight = -128 msec
1980-01-07 13:18:29 INFO  clocks.c:460                 Clock difference = -155 msec
1980-01-07 13:18:29 INFO  clocks.c:461       so local clock is lagging by  27 msec
1980-01-07 13:18:29 INFO  clocks.c:450 Local synchronized clock will be forwarded by 0.011 seconds
1980-01-07 13:18:29 INFO  clocks.c:455   because: remote clock was 323.4230 seconds
1980-01-07 13:18:29 INFO  clocks.c:456                          at iTOW = 134327820
1980-01-07 13:18:29 INFO  clocks.c:457              local clock is 323.2840 seconds
1980-01-07 13:18:29 INFO  clocks.c:458                          at iTOW = 134327707
1980-01-07 13:18:29 INFO  clocks.c:459         Estimated time of flight = -128 msec
1980-01-07 13:18:29 INFO  clocks.c:460                 Clock difference = -139 msec
1980-01-07 13:18:29 INFO  clocks.c:461       so local clock is lagging by  11 msec
1980-01-07 13:18:29 INFO  clocks.c:450 Local synchronized clock will be forwarded by 0.020 seconds
1980-01-07 13:18:29 INFO  clocks.c:455   because: remote clock was 323.5430 seconds
1980-01-07 13:18:29 INFO  clocks.c:456                          at iTOW = 134327940
1980-01-07 13:18:29 INFO  clocks.c:457              local clock is 323.3951 seconds
1980-01-07 13:18:29 INFO  clocks.c:458                          at iTOW = 134327807
1980-01-07 13:18:29 INFO  clocks.c:459         Estimated time of flight = -128 msec
1980-01-07 13:18:29 INFO  clocks.c:460                 Clock difference = -147 msec
1980-01-07 13:18:29 INFO  clocks.c:461       so local clock is lagging by  19 msec
1980-01-07 13:18:30 INFO  clocks.c:450 Local synchronized clock will be forwarded by 0.032 seconds
1980-01-07 13:18:30 INFO  clocks.c:455   because: remote clock was 323.7750 seconds
1980-01-07 13:18:30 INFO  clocks.c:456                          at iTOW = 134328141
1980-01-07 13:18:30 INFO  clocks.c:457              local clock is 323.6153 seconds
1980-01-07 13:18:30 INFO  clocks.c:458                          at iTOW = 134328007
1980-01-07 13:18:30 INFO  clocks.c:459         Estimated time of flight = -128 msec
1980-01-07 13:18:30 INFO  clocks.c:460                 Clock difference = -159 msec
1980-01-07 13:18:30 INFO  clocks.c:461       so local clock is lagging by  31 msec
1980-01-07 13:18:31 INFO  clocks.c:450 Local synchronized clock will be forwarded by 0.010 seconds
1980-01-07 13:18:31 INFO  clocks.c:455   because: remote clock was 325.4850 seconds
1980-01-07 13:18:31 INFO  clocks.c:456                          at iTOW = 134329837
1980-01-07 13:18:31 INFO  clocks.c:457              local clock is 325.3466 seconds
1980-01-07 13:18:31 INFO  clocks.c:458                          at iTOW = 134329707
1980-01-07 13:18:31 INFO  clocks.c:459         Estimated time of flight = -128 msec
1980-01-07 13:18:31 INFO  clocks.c:460                 Clock difference = -138 msec
1980-01-07 13:18:31 INFO  clocks.c:461       so local clock is lagging by  10 msec
1980-01-07 13:18:32 INFO  clocks.c:450 Local synchronized clock will be forwarded by 0.017 seconds
1980-01-07 13:18:32 INFO  clocks.c:455   because: remote clock was 326.3020 seconds
1980-01-07 13:18:32 INFO  clocks.c:456                          at iTOW = 134330641
1980-01-07 13:18:32 INFO  clocks.c:457              local clock is 326.1570 seconds
1980-01-07 13:18:32 INFO  clocks.c:458                          at iTOW = 134330507
1980-01-07 13:18:32 INFO  clocks.c:459         Estimated time of flight = -128 msec
1980-01-07 13:18:32 INFO  clocks.c:460                 Clock difference = -144 msec
1980-01-07 13:18:32 INFO  clocks.c:461       so local clock is lagging by  16 msec
1980-01-07 13:18:32 INFO  clocks.c:450 Local synchronized clock will be forwarded by 0.021 seconds
1980-01-07 13:18:32 INFO  clocks.c:455   because: remote clock was 326.5230 seconds
1980-01-07 13:18:32 INFO  clocks.c:456                          at iTOW = 134330841
1980-01-07 13:18:32 INFO  clocks.c:457              local clock is 326.3740 seconds
1980-01-07 13:18:32 INFO  clocks.c:458                          at iTOW = 134330707
1980-01-07 13:18:32 INFO  clocks.c:459         Estimated time of flight = -128 msec
1980-01-07 13:18:32 INFO  clocks.c:460                 Clock difference = -149 msec
1980-01-07 13:18:32 INFO  clocks.c:461       so local clock is lagging by  21 msec
1980-01-07 13:18:33 INFO  autopilots/pixhawk/driver.c:1721 statustext: RCInput: decoding UNKNOWN (severity: 7 - DEBUG)
1980-01-07 13:18:33 INFO  autopilots/pixhawk/driver.c:1721 statustext: RCInput: decoding PX4IO_PPM (severity: 7 - DEBUG)
1980-01-07 13:18:33 INFO  clocks.c:450 Local synchronized clock will be forwarded by 0.019 seconds
1980-01-07 13:18:33 INFO  clocks.c:455   because: remote clock was 326.9430 seconds
1980-01-07 13:18:33 INFO  clocks.c:456                          at iTOW = 134331244
1980-01-07 13:18:33 INFO  clocks.c:457              local clock is 326.7956 seconds
1980-01-07 13:18:33 INFO  clocks.c:458                          at iTOW = 134331107
1980-01-07 13:18:33 INFO  clocks.c:459         Estimated time of flight = -128 msec
1980-01-07 13:18:33 INFO  clocks.c:460                 Clock difference = -147 msec
1980-01-07 13:18:33 INFO  clocks.c:461       so local clock is lagging by  19 msec
1980-01-07 13:18:33 INFO  clocks.c:450 Local synchronized clock will be forwarded by 0.024 seconds
1980-01-07 13:18:33 INFO  clocks.c:455   because: remote clock was 327.2690 seconds
1980-01-07 13:18:33 INFO  clocks.c:456                          at iTOW = 134331550
1980-01-07 13:18:33 INFO  clocks.c:457              local clock is 327.1167 seconds
1980-01-07 13:18:33 INFO  clocks.c:458                          at iTOW = 134331409
1980-01-07 13:18:33 INFO  clocks.c:459         Estimated time of flight = -128 msec
1980-01-07 13:18:33 INFO  clocks.c:460                 Clock difference = -152 msec
1980-01-07 13:18:33 INFO  clocks.c:461       so local clock is lagging by  24 msec
1980-01-07 13:18:34 INFO  clocks.c:450 Local synchronized clock will be forwarded by 0.010 seconds
1980-01-07 13:18:34 INFO  clocks.c:455   because: remote clock was 328.3970 seconds
1980-01-07 13:18:34 INFO  clocks.c:456                          at iTOW = 134332650
1980-01-07 13:18:34 INFO  clocks.c:457              local clock is 328.2586 seconds
1980-01-07 13:18:34 INFO  clocks.c:458                          at iTOW = 134332527
1980-01-07 13:18:34 INFO  clocks.c:459         Estimated time of flight = -128 msec
1980-01-07 13:18:34 INFO  clocks.c:460                 Clock difference = -138 msec
1980-01-07 13:18:34 INFO  clocks.c:461       so local clock is lagging by  10 msec
1980-01-07 13:18:35 INFO  autopilots/pixhawk/driver.c:1721 statustext: RCInput: decoding UNKNOWN (severity: 7 - DEBUG)
1980-01-07 13:18:35 INFO  autopilots/pixhawk/driver.c:1721 statustext: RCInput: decoding PX4IO_PPM (severity: 7 - DEBUG)
1980-01-07 13:18:35 INFO  clocks.c:450 Local synchronized clock will be forwarded by 0.011 seconds
1980-01-07 13:18:35 INFO  clocks.c:455   because: remote clock was 329.3090 seconds
1980-01-07 13:18:35 INFO  clocks.c:456                          at iTOW = 134333550
1980-01-07 13:18:35 INFO  clocks.c:457              local clock is 329.1697 seconds
1980-01-07 13:18:35 INFO  clocks.c:458                          at iTOW = 134333427
1980-01-07 13:18:35 INFO  clocks.c:459         Estimated time of flight = -128 msec
1980-01-07 13:18:35 INFO  clocks.c:460                 Clock difference = -139 msec
1980-01-07 13:18:35 INFO  clocks.c:461       so local clock is lagging by  11 msec
1980-01-07 13:18:36 INFO  clocks.c:450 Local synchronized clock will be forwarded by 0.017 seconds
1980-01-07 13:18:36 INFO  clocks.c:455   because: remote clock was 330.2250 seconds
1980-01-07 13:18:36 INFO  clocks.c:456                          at iTOW = 134334455
1980-01-07 13:18:36 INFO  clocks.c:457              local clock is 330.0803 seconds
1980-01-07 13:18:36 INFO  clocks.c:458                          at iTOW = 134334327
1980-01-07 13:18:36 INFO  clocks.c:459         Estimated time of flight = -128 msec
1980-01-07 13:18:36 INFO  clocks.c:460                 Clock difference = -144 msec
1980-01-07 13:18:36 INFO  clocks.c:461       so local clock is lagging by  16 msec
1980-01-07 13:18:37 INFO  clocks.c:450 Local synchronized clock will be forwarded by 0.023 seconds
1980-01-07 13:18:37 INFO  clocks.c:455   because: remote clock was 331.1590 seconds
1980-01-07 13:18:37 INFO  clocks.c:456                          at iTOW = 134335364
1980-01-07 13:18:37 INFO  clocks.c:457              local clock is 331.0076 seconds
1980-01-07 13:18:37 INFO  clocks.c:458                          at iTOW = 134335237
1980-01-07 13:18:37 INFO  clocks.c:459         Estimated time of flight = -128 msec
1980-01-07 13:18:37 INFO  clocks.c:460                 Clock difference = -151 msec
1980-01-07 13:18:37 INFO  clocks.c:461       so local clock is lagging by  23 msec
1980-01-07 13:18:38 INFO  clocks.c:450 Local synchronized clock will be forwarded by 0.020 seconds
1980-01-07 13:18:38 INFO  clocks.c:455   because: remote clock was 332.8790 seconds
1980-01-07 13:18:38 INFO  clocks.c:456                          at iTOW = 134337063
1980-01-07 13:18:38 INFO  clocks.c:457              local clock is 332.7308 seconds
1980-01-07 13:18:38 INFO  clocks.c:458                          at iTOW = 134336937
1980-01-07 13:18:38 INFO  clocks.c:459         Estimated time of flight = -128 msec
1980-01-07 13:18:38 INFO  clocks.c:460                 Clock difference = -148 msec
1980-01-07 13:18:38 INFO  clocks.c:461       so local clock is lagging by  20 msec
1980-01-07 13:18:40 INFO  clocks.c:450 Local synchronized clock will be forwarded by 0.020 seconds
1980-01-07 13:18:40 INFO  clocks.c:455   because: remote clock was 334.0040 seconds
1980-01-07 13:18:40 INFO  clocks.c:456                          at iTOW = 134338172
1980-01-07 13:18:40 INFO  clocks.c:457              local clock is 333.8557 seconds
1980-01-07 13:18:40 INFO  clocks.c:458                          at iTOW = 134338042
1980-01-07 13:18:40 INFO  clocks.c:459         Estimated time of flight = -128 msec
1980-01-07 13:18:40 INFO  clocks.c:460                 Clock difference = -148 msec
1980-01-07 13:18:40 INFO  clocks.c:461       so local clock is lagging by  20 msec
1980-01-07 13:18:41 INFO  clocks.c:450 Local synchronized clock will be forwarded by 0.017 seconds
1980-01-07 13:18:41 INFO  clocks.c:455   because: remote clock was 335.8410 seconds
1980-01-07 13:18:41 INFO  clocks.c:456                          at iTOW = 134339994
1980-01-07 13:18:41 INFO  clocks.c:457              local clock is 335.6959 seconds
1980-01-07 13:18:41 INFO  clocks.c:458                          at iTOW = 134339862
1980-01-07 13:18:41 INFO  clocks.c:459         Estimated time of flight = -128 msec
1980-01-07 13:18:41 INFO  clocks.c:460                 Clock difference = -145 msec
1980-01-07 13:18:41 INFO  clocks.c:461       so local clock is lagging by  17 msec
1980-01-07 13:18:42 INFO  clocks.c:450 Local synchronized clock will be forwarded by 0.033 seconds
1980-01-07 13:18:42 INFO  clocks.c:455   because: remote clock was 336.8790 seconds
1980-01-07 13:18:42 INFO  clocks.c:456                          at iTOW = 134341002
1980-01-07 13:18:42 INFO  clocks.c:457              local clock is 336.7179 seconds
1980-01-07 13:18:42 INFO  clocks.c:458                          at iTOW = 134340867
1980-01-07 13:18:42 INFO  clocks.c:459         Estimated time of flight = -128 msec
1980-01-07 13:18:42 INFO  clocks.c:460                 Clock difference = -161 msec
1980-01-07 13:18:42 INFO  clocks.c:461       so local clock is lagging by  33 msec
1980-01-07 13:18:43 INFO  clocks.c:450 Local synchronized clock will be forwarded by 0.028 seconds
1980-01-07 13:18:43 INFO  clocks.c:455   because: remote clock was 337.1080 seconds
1980-01-07 13:18:43 INFO  clocks.c:456                          at iTOW = 134341201
1980-01-07 13:18:43 INFO  clocks.c:457              local clock is 336.9517 seconds
1980-01-07 13:18:43 INFO  clocks.c:458                          at iTOW = 134341067
1980-01-07 13:18:43 INFO  clocks.c:459         Estimated time of flight = -128 msec
1980-01-07 13:18:43 INFO  clocks.c:460                 Clock difference = -156 msec
1980-01-07 13:18:43 INFO  clocks.c:461       so local clock is lagging by  28 msec
1980-01-07 13:18:43 WARN  algorithms/waypoint.c:1099 Drift from waypoint is large (3.01 > 3.00 m)
1980-01-07 13:18:44 INFO  clocks.c:450 Local synchronized clock will be forwarded by 0.013 seconds
1980-01-07 13:18:44 INFO  clocks.c:455   because: remote clock was 338.6210 seconds
1980-01-07 13:18:44 INFO  clocks.c:456                          at iTOW = 134342695
1980-01-07 13:18:44 INFO  clocks.c:457              local clock is 338.4802 seconds
1980-01-07 13:18:44 INFO  clocks.c:458                          at iTOW = 134342567
1980-01-07 13:18:44 INFO  clocks.c:459         Estimated time of flight = -128 msec
1980-01-07 13:18:44 INFO  clocks.c:460                 Clock difference = -140 msec
1980-01-07 13:18:44 INFO  clocks.c:461       so local clock is lagging by  12 msec
1980-01-07 13:18:44 INFO  algorithms/waypoint.c:1104 Drift from waypoint is under threshold again
1980-01-07 13:18:45 INFO  clocks.c:450 Local synchronized clock will be forwarded by 0.020 seconds
1980-01-07 13:18:45 INFO  clocks.c:455   because: remote clock was 339.2430 seconds
1980-01-07 13:18:45 INFO  clocks.c:456                          at iTOW = 134343303
1980-01-07 13:18:45 INFO  clocks.c:457              local clock is 339.0952 seconds
1980-01-07 13:18:45 INFO  clocks.c:458                          at iTOW = 134343170
1980-01-07 13:18:45 INFO  clocks.c:459         Estimated time of flight = -128 msec
1980-01-07 13:18:45 INFO  clocks.c:460                 Clock difference = -147 msec
1980-01-07 13:18:45 INFO  clocks.c:461       so local clock is lagging by  19 msec
1980-01-07 13:18:45 INFO  clocks.c:450 Local synchronized clock will be forwarded by 0.015 seconds
1980-01-07 13:18:45 INFO  clocks.c:455   because: remote clock was 339.7590 seconds
1980-01-07 13:18:45 INFO  clocks.c:456                          at iTOW = 134343805
1980-01-07 13:18:45 INFO  clocks.c:457              local clock is 339.6164 seconds
1980-01-07 13:18:45 INFO  clocks.c:458                          at iTOW = 134343671
1980-01-07 13:18:45 INFO  clocks.c:459         Estimated time of flight = -128 msec
1980-01-07 13:18:45 INFO  clocks.c:460                 Clock difference = -142 msec
1980-01-07 13:18:45 INFO  clocks.c:461       so local clock is lagging by  14 msec
1980-01-07 13:18:45 WARN  algorithms/waypoint.c:1099 Drift from waypoint is large (3.02 > 3.00 m)
1980-01-07 13:18:45 INFO  algorithms/waypoint.c:1104 Drift from waypoint is under threshold again
1980-01-07 13:18:45 INFO  clocks.c:450 Local synchronized clock will be forwarded by 0.012 seconds
1980-01-07 13:18:45 INFO  clocks.c:455   because: remote clock was 339.9770 seconds
1980-01-07 13:18:45 INFO  clocks.c:456                          at iTOW = 134344006
1980-01-07 13:18:45 INFO  clocks.c:457              local clock is 339.8366 seconds
1980-01-07 13:18:45 INFO  clocks.c:458                          at iTOW = 134343877
1980-01-07 13:18:45 INFO  clocks.c:459         Estimated time of flight = -128 msec
1980-01-07 13:18:45 INFO  clocks.c:460                 Clock difference = -140 msec
1980-01-07 13:18:45 INFO  clocks.c:461       so local clock is lagging by  12 msec
1980-01-07 13:18:45 WARN  algorithms/waypoint.c:1099 Drift from waypoint is large (3.07 > 3.00 m)
1980-01-07 13:18:45 INFO  clocks.c:450 Local synchronized clock will be forwarded by 0.016 seconds
1980-01-07 13:18:45 INFO  clocks.c:455   because: remote clock was 340.0930 seconds
1980-01-07 13:18:45 INFO  clocks.c:456                          at iTOW = 134344108
1980-01-07 13:18:45 INFO  clocks.c:457              local clock is 339.9490 seconds
1980-01-07 13:18:45 INFO  clocks.c:458                          at iTOW = 134343977
1980-01-07 13:18:45 INFO  clocks.c:459         Estimated time of flight = -128 msec
1980-01-07 13:18:45 INFO  clocks.c:460                 Clock difference = -144 msec
1980-01-07 13:18:45 INFO  clocks.c:461       so local clock is lagging by  16 msec
1980-01-07 13:18:46 INFO  clocks.c:450 Local synchronized clock will be forwarded by 0.011 seconds
1980-01-07 13:18:46 INFO  clocks.c:455   because: remote clock was 340.2150 seconds
1980-01-07 13:18:46 INFO  clocks.c:456                          at iTOW = 134344211
1980-01-07 13:18:46 INFO  clocks.c:457              local clock is 340.0758 seconds
1980-01-07 13:18:46 INFO  clocks.c:458                          at iTOW = 134344087
1980-01-07 13:18:46 INFO  clocks.c:459         Estimated time of flight = -128 msec
1980-01-07 13:18:46 INFO  clocks.c:460                 Clock difference = -139 msec
1980-01-07 13:18:46 INFO  clocks.c:461       so local clock is lagging by  11 msec
1980-01-07 13:18:46 INFO  clocks.c:450 Local synchronized clock will be forwarded by 0.026 seconds
1980-01-07 13:18:46 INFO  clocks.c:455   because: remote clock was 340.2760 seconds
1980-01-07 13:18:46 INFO  clocks.c:456                          at iTOW = 134344272
1980-01-07 13:18:46 INFO  clocks.c:457              local clock is 340.1862 seconds
1980-01-07 13:18:46 INFO  clocks.c:458                          at iTOW = 134344187
1980-01-07 13:18:46 INFO  clocks.c:459         Estimated time of flight = -64 msec
1980-01-07 13:18:46 INFO  clocks.c:460                 Clock difference = -89 msec
1980-01-07 13:18:46 INFO  clocks.c:461       so local clock is lagging by  25 msec
1980-01-07 13:18:46 INFO  algorithms/waypoint.c:1104 Drift from waypoint is under threshold again
1980-01-07 13:18:46 INFO  clocks.c:450 Local synchronized clock will be forwarded by 0.033 seconds
1980-01-07 13:18:46 INFO  clocks.c:455   because: remote clock was 340.7630 seconds
1980-01-07 13:18:46 INFO  clocks.c:456                          at iTOW = 134344719
1980-01-07 13:18:46 INFO  clocks.c:457              local clock is 340.6024 seconds
1980-01-07 13:18:46 INFO  clocks.c:458                          at iTOW = 134344577
1980-01-07 13:18:46 INFO  clocks.c:459         Estimated time of flight = -128 msec
1980-01-07 13:18:46 INFO  clocks.c:460                 Clock difference = -160 msec
1980-01-07 13:18:46 INFO  clocks.c:461       so local clock is lagging by  32 msec
1980-01-07 13:18:46 WARN  algorithms/waypoint.c:1099 Drift from waypoint is large (3.03 > 3.00 m)
1980-01-07 13:18:46 INFO  algorithms/waypoint.c:1104 Drift from waypoint is under threshold again
1980-01-07 13:18:46 WARN  algorithms/waypoint.c:1099 Drift from waypoint is large (3.05 > 3.00 m)
1980-01-07 13:18:46 INFO  algorithms/waypoint.c:1104 Drift from waypoint is under threshold again
1980-01-07 13:18:48 INFO  clocks.c:450 Local synchronized clock will be forwarded by 0.028 seconds
1980-01-07 13:18:48 INFO  clocks.c:455   because: remote clock was 342.5010 seconds
1980-01-07 13:18:48 INFO  clocks.c:456                          at iTOW = 134346415
1980-01-07 13:18:48 INFO  clocks.c:457              local clock is 342.3446 seconds
1980-01-07 13:18:48 INFO  clocks.c:458                          at iTOW = 134346287
1980-01-07 13:18:48 INFO  clocks.c:459         Estimated time of flight = -128 msec
1980-01-07 13:18:48 INFO  clocks.c:460                 Clock difference = -156 msec
1980-01-07 13:18:48 INFO  clocks.c:461       so local clock is lagging by  28 msec
1980-01-07 13:18:49 INFO  clocks.c:450 Local synchronized clock will be forwarded by 0.020 seconds
1980-01-07 13:18:49 INFO  clocks.c:455   because: remote clock was 343.8210 seconds
1980-01-07 13:18:49 INFO  clocks.c:456                          at iTOW = 134347712
1980-01-07 13:18:49 INFO  clocks.c:457              local clock is 343.6730 seconds
1980-01-07 13:18:49 INFO  clocks.c:458                          at iTOW = 134347587
1980-01-07 13:18:49 INFO  clocks.c:459         Estimated time of flight = -128 msec
1980-01-07 13:18:49 INFO  clocks.c:460                 Clock difference = -147 msec
1980-01-07 13:18:49 INFO  clocks.c:461       so local clock is lagging by  19 msec
1980-01-07 13:18:49 INFO  clocks.c:450 Local synchronized clock will be forwarded by 0.015 seconds
1980-01-07 13:18:49 INFO  clocks.c:455   because: remote clock was 344.1360 seconds
1980-01-07 13:18:49 INFO  clocks.c:456                          at iTOW = 134348015
1980-01-07 13:18:49 INFO  clocks.c:457              local clock is 343.9930 seconds
1980-01-07 13:18:49 INFO  clocks.c:458                          at iTOW = 134347887
1980-01-07 13:18:49 INFO  clocks.c:459         Estimated time of flight = -128 msec
1980-01-07 13:18:49 INFO  clocks.c:460                 Clock difference = -142 msec
1980-01-07 13:18:49 INFO  clocks.c:461       so local clock is lagging by  14 msec
1980-01-07 13:18:50 INFO  clocks.c:450 Local synchronized clock will be forwarded by 0.028 seconds
1980-01-07 13:18:50 INFO  clocks.c:455   because: remote clock was 344.9740 seconds
1980-01-07 13:18:50 INFO  clocks.c:456                          at iTOW = 134348823
1980-01-07 13:18:50 INFO  clocks.c:457              local clock is 344.8182 seconds
1980-01-07 13:18:50 INFO  clocks.c:458                          at iTOW = 134348697
1980-01-07 13:18:50 INFO  clocks.c:459         Estimated time of flight = -128 msec
1980-01-07 13:18:50 INFO  clocks.c:460                 Clock difference = -155 msec
1980-01-07 13:18:50 INFO  clocks.c:461       so local clock is lagging by  27 msec
1980-01-07 13:18:51 INFO  clocks.c:450 Local synchronized clock will be forwarded by 0.024 seconds
1980-01-07 13:18:51 INFO  clocks.c:455   because: remote clock was 346.0030 seconds
1980-01-07 13:18:51 INFO  clocks.c:456                          at iTOW = 134349826
1980-01-07 13:18:51 INFO  clocks.c:457              local clock is 345.8505 seconds
1980-01-07 13:18:51 INFO  clocks.c:458                          at iTOW = 134349701
1980-01-07 13:18:51 INFO  clocks.c:459         Estimated time of flight = -128 msec
1980-01-07 13:18:51 INFO  clocks.c:460                 Clock difference = -152 msec
1980-01-07 13:18:51 INFO  clocks.c:461       so local clock is lagging by  24 msec
1980-01-07 13:18:52 INFO  autopilots/pixhawk/driver.c:1721 statustext: RCInput: decoding UNKNOWN (severity: 7 - DEBUG)
1980-01-07 13:18:52 INFO  autopilots/pixhawk/driver.c:1721 statustext: RCInput: decoding PX4IO_PPM (severity: 7 - DEBUG)
1980-01-07 13:18:55 INFO  clocks.c:450 Local synchronized clock will be forwarded by 0.026 seconds
1980-01-07 13:18:55 INFO  clocks.c:455   because: remote clock was 349.4540 seconds
1980-01-07 13:18:55 INFO  clocks.c:456                          at iTOW = 134353254
1980-01-07 13:18:55 INFO  clocks.c:457              local clock is 349.3004 seconds
1980-01-07 13:18:55 INFO  clocks.c:458                          at iTOW = 134353127
1980-01-07 13:18:55 INFO  clocks.c:459         Estimated time of flight = -128 msec
1980-01-07 13:18:55 INFO  clocks.c:460                 Clock difference = -153 msec
1980-01-07 13:18:55 INFO  clocks.c:461       so local clock is lagging by  25 msec
1980-01-07 13:18:55 INFO  clocks.c:450 Local synchronized clock will be forwarded by 0.024 seconds
1980-01-07 13:18:55 INFO  clocks.c:455   because: remote clock was 349.6820 seconds
1980-01-07 13:18:55 INFO  clocks.c:456                          at iTOW = 134353469
1980-01-07 13:18:55 INFO  clocks.c:457              local clock is 349.5304 seconds
1980-01-07 13:18:55 INFO  clocks.c:458                          at iTOW = 134353331
1980-01-07 13:18:55 INFO  clocks.c:459         Estimated time of flight = -128 msec
1980-01-07 13:18:55 INFO  clocks.c:460                 Clock difference = -151 msec
1980-01-07 13:18:55 INFO  clocks.c:461       so local clock is lagging by  23 msec
1980-01-07 13:18:55 INFO  clocks.c:450 Local synchronized clock will be forwarded by 0.020 seconds
1980-01-07 13:18:55 INFO  clocks.c:455   because: remote clock was 350.0080 seconds
1980-01-07 13:18:55 INFO  clocks.c:456                          at iTOW = 134353769
1980-01-07 13:18:55 INFO  clocks.c:457              local clock is 349.8597 seconds
1980-01-07 13:18:55 INFO  clocks.c:458                          at iTOW = 134353637
1980-01-07 13:18:55 INFO  clocks.c:459         Estimated time of flight = -128 msec
1980-01-07 13:18:55 INFO  clocks.c:460                 Clock difference = -148 msec
1980-01-07 13:18:55 INFO  clocks.c:461       so local clock is lagging by  20 msec
1980-01-07 13:18:55 INFO  clocks.c:450 Local synchronized clock will be forwarded by 0.022 seconds
1980-01-07 13:18:55 INFO  clocks.c:455   because: remote clock was 350.2260 seconds
1980-01-07 13:18:55 INFO  clocks.c:456                          at iTOW = 134353970
1980-01-07 13:18:55 INFO  clocks.c:457              local clock is 350.0762 seconds
1980-01-07 13:18:55 INFO  clocks.c:458                          at iTOW = 134353833
1980-01-07 13:18:55 INFO  clocks.c:459         Estimated time of flight = -128 msec
1980-01-07 13:18:55 INFO  clocks.c:460                 Clock difference = -149 msec
1980-01-07 13:18:55 INFO  clocks.c:461       so local clock is lagging by  21 msec
1980-01-07 13:18:56 INFO  clocks.c:450 Local synchronized clock will be forwarded by 0.011 seconds
1980-01-07 13:18:56 INFO  clocks.c:455   because: remote clock was 350.5410 seconds
1980-01-07 13:18:56 INFO  clocks.c:456                          at iTOW = 134354257
1980-01-07 13:18:56 INFO  clocks.c:457              local clock is 350.4018 seconds
1980-01-07 13:18:56 INFO  clocks.c:458                          at iTOW = 134354137
1980-01-07 13:18:56 INFO  clocks.c:459         Estimated time of flight = -128 msec
1980-01-07 13:18:56 INFO  clocks.c:460                 Clock difference = -139 msec
1980-01-07 13:18:56 INFO  clocks.c:461       so local clock is lagging by  11 msec
1980-01-07 13:18:56 INFO  clocks.c:450 Local synchronized clock will be forwarded by 0.013 seconds
1980-01-07 13:18:56 INFO  clocks.c:455   because: remote clock was 350.8900 seconds
1980-01-07 13:18:56 INFO  clocks.c:456                          at iTOW = 134354606
1980-01-07 13:18:56 INFO  clocks.c:457              local clock is 350.8131 seconds
1980-01-07 13:18:56 INFO  clocks.c:458                          at iTOW = 134354537
1980-01-07 13:18:56 INFO  clocks.c:459         Estimated time of flight = -64 msec
1980-01-07 13:18:56 INFO  clocks.c:460                 Clock difference = -76 msec
1980-01-07 13:18:56 INFO  clocks.c:461       so local clock is lagging by  12 msec
1980-01-07 13:18:57 INFO  clocks.c:450 Local synchronized clock will be forwarded by 0.015 seconds
1980-01-07 13:18:57 INFO  clocks.c:455   because: remote clock was 352.2030 seconds
1980-01-07 13:18:57 INFO  clocks.c:456                          at iTOW = 134355919
1980-01-07 13:18:57 INFO  clocks.c:457              local clock is 352.1238 seconds
1980-01-07 13:18:57 INFO  clocks.c:458                          at iTOW = 134355835
1980-01-07 13:18:57 INFO  clocks.c:459         Estimated time of flight = -64 msec
1980-01-07 13:18:57 INFO  clocks.c:460                 Clock difference = -79 msec
1980-01-07 13:18:57 INFO  clocks.c:461       so local clock is lagging by  15 msec
1980-01-07 13:19:00 INFO  clocks.c:450 Local synchronized clock will be forwarded by 0.024 seconds
1980-01-07 13:19:00 INFO  clocks.c:455   because: remote clock was 355.1180 seconds
1980-01-07 13:19:00 INFO  clocks.c:456                          at iTOW = 134358785
1980-01-07 13:19:00 INFO  clocks.c:457              local clock is 354.9660 seconds
1980-01-07 13:19:00 INFO  clocks.c:458                          at iTOW = 134358662
1980-01-07 13:19:00 INFO  clocks.c:459         Estimated time of flight = -128 msec
1980-01-07 13:19:00 INFO  clocks.c:460                 Clock difference = -151 msec
1980-01-07 13:19:00 INFO  clocks.c:461       so local clock is lagging by  23 msec
1980-01-07 13:19:01 INFO  clocks.c:450 Local synchronized clock will be forwarded by 0.023 seconds
1980-01-07 13:19:01 INFO  clocks.c:455   because: remote clock was 355.5420 seconds
1980-01-07 13:19:01 INFO  clocks.c:456                          at iTOW = 134359185
1980-01-07 13:19:01 INFO  clocks.c:457              local clock is 355.3910 seconds
1980-01-07 13:19:01 INFO  clocks.c:458                          at iTOW = 134359063
1980-01-07 13:19:01 INFO  clocks.c:459         Estimated time of flight = -128 msec
1980-01-07 13:19:01 INFO  clocks.c:460                 Clock difference = -150 msec
1980-01-07 13:19:01 INFO  clocks.c:461       so local clock is lagging by  22 msec
1980-01-07 13:19:01 INFO  clocks.c:450 Local synchronized clock will be forwarded by 0.011 seconds
1980-01-07 13:19:01 INFO  clocks.c:455   because: remote clock was 356.0570 seconds
1980-01-07 13:19:01 INFO  clocks.c:456                          at iTOW = 134359700
1980-01-07 13:19:01 INFO  clocks.c:457              local clock is 355.9178 seconds
1980-01-07 13:19:01 INFO  clocks.c:458                          at iTOW = 134359567
1980-01-07 13:19:01 INFO  clocks.c:459         Estimated time of flight = -128 msec
1980-01-07 13:19:01 INFO  clocks.c:460                 Clock difference = -139 msec
1980-01-07 13:19:01 INFO  clocks.c:461       so local clock is lagging by  11 msec
1980-01-07 13:19:02 INFO  clocks.c:450 Local synchronized clock will be forwarded by 0.030 seconds
1980-01-07 13:19:02 INFO  clocks.c:455   because: remote clock was 356.6820 seconds
1980-01-07 13:19:02 INFO  clocks.c:456                          at iTOW = 134360303
1980-01-07 13:19:02 INFO  clocks.c:457              local clock is 356.5244 seconds
1980-01-07 13:19:02 INFO  clocks.c:458                          at iTOW = 134360162
1980-01-07 13:19:02 INFO  clocks.c:459         Estimated time of flight = -128 msec
1980-01-07 13:19:02 INFO  clocks.c:460                 Clock difference = -157 msec
1980-01-07 13:19:02 INFO  clocks.c:461       so local clock is lagging by  29 msec
1980-01-07 13:19:04 INFO  autopilots/pixhawk/driver.c:1721 statustext: RCInput: decoding UNKNOWN (severity: 7 - DEBUG)
1980-01-07 13:19:05 INFO  autopilots/pixhawk/driver.c:1721 statustext: RCInput: decoding PX4IO_PPM (severity: 7 - DEBUG)
1980-01-07 13:19:05 INFO  clocks.c:450 Local synchronized clock will be forwarded by 0.041 seconds
1980-01-07 13:19:05 INFO  clocks.c:455   because: remote clock was 359.6520 seconds
1980-01-07 13:19:05 INFO  clocks.c:456                          at iTOW = 134363234
1980-01-07 13:19:05 INFO  clocks.c:457              local clock is 359.4829 seconds
1980-01-07 13:19:05 INFO  clocks.c:458                          at iTOW = 134363091
1980-01-07 13:19:05 INFO  clocks.c:459         Estimated time of flight = -128 msec
1980-01-07 13:19:05 INFO  clocks.c:460                 Clock difference = -169 msec
1980-01-07 13:19:05 INFO  clocks.c:461       so local clock is lagging by  41 msec
1980-01-07 13:19:06 INFO  autopilots/pixhawk/driver.c:1721 statustext: RCInput: decoding UNKNOWN (severity: 7 - DEBUG)
1980-01-07 13:19:06 INFO  autopilots/pixhawk/driver.c:1721 statustext: RCInput: decoding PX4IO_PPM (severity: 7 - DEBUG)
1980-01-07 13:19:08 INFO  clocks.c:450 Local synchronized clock will be forwarded by 0.011 seconds
1980-01-07 13:19:08 INFO  clocks.c:455   because: remote clock was 363.0790 seconds
1980-01-07 13:19:08 INFO  clocks.c:456                          at iTOW = 134366634
1980-01-07 13:19:08 INFO  clocks.c:457              local clock is 362.9399 seconds
1980-01-07 13:19:08 INFO  clocks.c:458                          at iTOW = 134366507
1980-01-07 13:19:08 INFO  clocks.c:459         Estimated time of flight = -128 msec
1980-01-07 13:19:08 INFO  clocks.c:460                 Clock difference = -139 msec
1980-01-07 13:19:08 INFO  clocks.c:461       so local clock is lagging by  11 msec
1980-01-07 13:19:08 INFO  clocks.c:450 Local synchronized clock will be forwarded by 0.016 seconds
1980-01-07 13:19:08 INFO  clocks.c:455   because: remote clock was 363.3950 seconds
1980-01-07 13:19:08 INFO  clocks.c:456                          at iTOW = 134366935
1980-01-07 13:19:08 INFO  clocks.c:457              local clock is 363.2509 seconds
1980-01-07 13:19:08 INFO  clocks.c:458                          at iTOW = 134366807
1980-01-07 13:19:08 INFO  clocks.c:459         Estimated time of flight = -128 msec
1980-01-07 13:19:08 INFO  clocks.c:460                 Clock difference = -144 msec
1980-01-07 13:19:08 INFO  clocks.c:461       so local clock is lagging by  16 msec
1980-01-07 13:19:09 INFO  clocks.c:450 Local synchronized clock will be forwarded by 0.017 seconds
1980-01-07 13:19:09 INFO  clocks.c:455   because: remote clock was 363.6120 seconds
1980-01-07 13:19:09 INFO  clocks.c:456                          at iTOW = 134367136
1980-01-07 13:19:09 INFO  clocks.c:457              local clock is 363.4669 seconds
1980-01-07 13:19:09 INFO  clocks.c:458                          at iTOW = 134367006
1980-01-07 13:19:09 INFO  clocks.c:459         Estimated time of flight = -128 msec
1980-01-07 13:19:09 INFO  clocks.c:460                 Clock difference = -145 msec
1980-01-07 13:19:09 INFO  clocks.c:461       so local clock is lagging by  17 msec
1980-01-07 13:19:09 INFO  clocks.c:450 Local synchronized clock will be forwarded by 0.012 seconds
1980-01-07 13:19:09 INFO  clocks.c:455   because: remote clock was 364.0240 seconds
1980-01-07 13:19:09 INFO  clocks.c:456                          at iTOW = 134367548
1980-01-07 13:19:09 INFO  clocks.c:457              local clock is 363.8840 seconds
1980-01-07 13:19:09 INFO  clocks.c:458                          at iTOW = 134367406
1980-01-07 13:19:09 INFO  clocks.c:459         Estimated time of flight = -128 msec
1980-01-07 13:19:09 INFO  clocks.c:460                 Clock difference = -139 msec
1980-01-07 13:19:09 INFO  clocks.c:461       so local clock is lagging by  11 msec
1980-01-07 13:19:09 INFO  clocks.c:450 Local synchronized clock will be forwarded by 0.015 seconds
1980-01-07 13:19:09 INFO  clocks.c:455   because: remote clock was 364.2390 seconds
1980-01-07 13:19:09 INFO  clocks.c:456                          at iTOW = 134367750
1980-01-07 13:19:09 INFO  clocks.c:457              local clock is 364.0960 seconds
1980-01-07 13:19:09 INFO  clocks.c:458                          at iTOW = 134367606
1980-01-07 13:19:09 INFO  clocks.c:459         Estimated time of flight = -128 msec
1980-01-07 13:19:09 INFO  clocks.c:460                 Clock difference = -143 msec
1980-01-07 13:19:09 INFO  clocks.c:461       so local clock is lagging by  15 msec
1980-01-07 13:19:09 INFO  clocks.c:450 Local synchronized clock will be forwarded by 0.024 seconds
1980-01-07 13:19:09 INFO  clocks.c:455   because: remote clock was 364.4660 seconds
1980-01-07 13:19:09 INFO  clocks.c:456                          at iTOW = 134367934
1980-01-07 13:19:09 INFO  clocks.c:457              local clock is 364.3143 seconds
1980-01-07 13:19:09 INFO  clocks.c:458                          at iTOW = 134367810
1980-01-07 13:19:09 INFO  clocks.c:459         Estimated time of flight = -128 msec
1980-01-07 13:19:09 INFO  clocks.c:460                 Clock difference = -151 msec
1980-01-07 13:19:09 INFO  clocks.c:461       so local clock is lagging by  23 msec
1980-01-07 13:19:09 INFO  clocks.c:450 Local synchronized clock will be forwarded by 0.021 seconds
1980-01-07 13:19:09 INFO  clocks.c:455   because: remote clock was 364.5870 seconds
1980-01-07 13:19:09 INFO  clocks.c:456                          at iTOW = 134368055
1980-01-07 13:19:09 INFO  clocks.c:457              local clock is 364.4382 seconds
1980-01-07 13:19:09 INFO  clocks.c:458                          at iTOW = 134367910
1980-01-07 13:19:09 INFO  clocks.c:459         Estimated time of flight = -128 msec
1980-01-07 13:19:09 INFO  clocks.c:460                 Clock difference = -148 msec
1980-01-07 13:19:09 INFO  clocks.c:461       so local clock is lagging by  20 msec
1980-01-07 13:19:10 INFO  clocks.c:450 Local synchronized clock will be forwarded by 0.027 seconds
1980-01-07 13:19:10 INFO  clocks.c:455   because: remote clock was 365.6210 seconds
1980-01-07 13:19:10 INFO  clocks.c:456                          at iTOW = 134369043
1980-01-07 13:19:10 INFO  clocks.c:457              local clock is 365.4660 seconds
1980-01-07 13:19:10 INFO  clocks.c:458                          at iTOW = 134368917
1980-01-07 13:19:10 INFO  clocks.c:459         Estimated time of flight = -128 msec
1980-01-07 13:19:10 INFO  clocks.c:460                 Clock difference = -155 msec
1980-01-07 13:19:10 INFO  clocks.c:461       so local clock is lagging by  27 msec
1980-01-07 13:19:11 INFO  clocks.c:450 Local synchronized clock will be forwarded by 0.024 seconds
1980-01-07 13:19:11 INFO  clocks.c:455   because: remote clock was 366.3540 seconds
1980-01-07 13:19:11 INFO  clocks.c:456                          at iTOW = 134369755
1980-01-07 13:19:11 INFO  clocks.c:457              local clock is 366.2024 seconds
1980-01-07 13:19:11 INFO  clocks.c:458                          at iTOW = 134369626
1980-01-07 13:19:11 INFO  clocks.c:459         Estimated time of flight = -128 msec
1980-01-07 13:19:11 INFO  clocks.c:460                 Clock difference = -151 msec
1980-01-07 13:19:11 INFO  clocks.c:461       so local clock is lagging by  23 msec
1980-01-07 13:19:13 INFO  clocks.c:450 Local synchronized clock will be forwarded by 0.021 seconds
1980-01-07 13:19:13 INFO  clocks.c:455   because: remote clock was 367.9860 seconds
1980-01-07 13:19:13 INFO  clocks.c:456                          at iTOW = 134371371
1980-01-07 13:19:13 INFO  clocks.c:457              local clock is 367.8370 seconds
1980-01-07 13:19:13 INFO  clocks.c:458                          at iTOW = 134371237
1980-01-07 13:19:13 INFO  clocks.c:459         Estimated time of flight = -128 msec
1980-01-07 13:19:13 INFO  clocks.c:460                 Clock difference = -148 msec
1980-01-07 13:19:13 INFO  clocks.c:461       so local clock is lagging by  20 msec
1980-01-07 13:19:13 INFO  clocks.c:450 Local synchronized clock will be forwarded by 0.017 seconds
1980-01-07 13:19:13 INFO  clocks.c:455   because: remote clock was 368.6120 seconds
1980-01-07 13:19:13 INFO  clocks.c:456                          at iTOW = 134371974
1980-01-07 13:19:13 INFO  clocks.c:457              local clock is 368.4672 seconds
1980-01-07 13:19:13 INFO  clocks.c:458                          at iTOW = 134371847
1980-01-07 13:19:13 INFO  clocks.c:459         Estimated time of flight = -128 msec
1980-01-07 13:19:13 INFO  clocks.c:460                 Clock difference = -144 msec
1980-01-07 13:19:13 INFO  clocks.c:461       so local clock is lagging by  16 msec
1980-01-07 13:19:14 INFO  clocks.c:450 Local synchronized clock will be forwarded by 0.012 seconds
1980-01-07 13:19:14 INFO  clocks.c:455   because: remote clock was 368.9170 seconds
1980-01-07 13:19:14 INFO  clocks.c:456                          at iTOW = 134372279
1980-01-07 13:19:14 INFO  clocks.c:457              local clock is 368.7767 seconds
1980-01-07 13:19:14 INFO  clocks.c:458                          at iTOW = 134372139
1980-01-07 13:19:14 INFO  clocks.c:459         Estimated time of flight = -128 msec
1980-01-07 13:19:14 INFO  clocks.c:460                 Clock difference = -140 msec
1980-01-07 13:19:14 INFO  clocks.c:461       so local clock is lagging by  12 msec
1980-01-07 13:19:14 INFO  clocks.c:450 Local synchronized clock will be forwarded by 0.039 seconds
1980-01-07 13:19:14 INFO  clocks.c:455   because: remote clock was 369.1550 seconds
1980-01-07 13:19:14 INFO  clocks.c:456                          at iTOW = 134372483
1980-01-07 13:19:14 INFO  clocks.c:457              local clock is 368.9884 seconds
1980-01-07 13:19:14 INFO  clocks.c:458                          at iTOW = 134372339
1980-01-07 13:19:14 INFO  clocks.c:459         Estimated time of flight = -128 msec
1980-01-07 13:19:14 INFO  clocks.c:460                 Clock difference = -166 msec
1980-01-07 13:19:14 INFO  clocks.c:461       so local clock is lagging by  38 msec
1980-01-07 13:19:14 INFO  clocks.c:450 Local synchronized clock will be forwarded by 0.021 seconds
1980-01-07 13:19:14 INFO  clocks.c:455   because: remote clock was 369.4790 seconds
1980-01-07 13:19:14 INFO  clocks.c:456                          at iTOW = 134372767
1980-01-07 13:19:14 INFO  clocks.c:457              local clock is 369.3299 seconds
1980-01-07 13:19:14 INFO  clocks.c:458                          at iTOW = 134372642
1980-01-07 13:19:14 INFO  clocks.c:459         Estimated time of flight = -128 msec
1980-01-07 13:19:14 INFO  clocks.c:460                 Clock difference = -149 msec
1980-01-07 13:19:14 INFO  clocks.c:461       so local clock is lagging by  21 msec
1980-01-07 13:19:15 INFO  clocks.c:450 Local synchronized clock will be forwarded by 0.015 seconds
1980-01-07 13:19:15 INFO  clocks.c:455   because: remote clock was 370.0990 seconds
1980-01-07 13:19:15 INFO  clocks.c:456                          at iTOW = 134373372
1980-01-07 13:19:15 INFO  clocks.c:457              local clock is 369.9561 seconds
1980-01-07 13:19:15 INFO  clocks.c:458                          at iTOW = 134373247
1980-01-07 13:19:15 INFO  clocks.c:459         Estimated time of flight = -128 msec
1980-01-07 13:19:15 INFO  clocks.c:460                 Clock difference = -142 msec
1980-01-07 13:19:15 INFO  clocks.c:461       so local clock is lagging by  14 msec
1980-01-07 13:19:15 INFO  clocks.c:450 Local synchronized clock will be forwarded by 0.015 seconds
1980-01-07 13:19:15 INFO  clocks.c:455   because: remote clock was 370.6150 seconds
1980-01-07 13:19:15 INFO  clocks.c:456                          at iTOW = 134373873
1980-01-07 13:19:15 INFO  clocks.c:457              local clock is 370.4718 seconds
1980-01-07 13:19:15 INFO  clocks.c:458                          at iTOW = 134373748
1980-01-07 13:19:15 INFO  clocks.c:459         Estimated time of flight = -128 msec
1980-01-07 13:19:15 INFO  clocks.c:460                 Clock difference = -143 msec
1980-01-07 13:19:15 INFO  clocks.c:461       so local clock is lagging by  15 msec
1980-01-07 13:19:16 INFO  clocks.c:450 Local synchronized clock will be forwarded by 0.012 seconds
1980-01-07 13:19:16 INFO  clocks.c:455   because: remote clock was 371.0270 seconds
1980-01-07 13:19:16 INFO  clocks.c:456                          at iTOW = 134374285
1980-01-07 13:19:16 INFO  clocks.c:457              local clock is 370.8870 seconds
1980-01-07 13:19:16 INFO  clocks.c:458                          at iTOW = 134374148
1980-01-07 13:19:16 INFO  clocks.c:459         Estimated time of flight = -128 msec
1980-01-07 13:19:16 INFO  clocks.c:460                 Clock difference = -139 msec
1980-01-07 13:19:16 INFO  clocks.c:461       so local clock is lagging by  11 msec
1980-01-07 13:19:16 INFO  clocks.c:450 Local synchronized clock will be forwarded by 0.016 seconds
1980-01-07 13:19:16 INFO  clocks.c:455   because: remote clock was 371.4420 seconds
1980-01-07 13:19:16 INFO  clocks.c:456                          at iTOW = 134374682
1980-01-07 13:19:16 INFO  clocks.c:457              local clock is 371.2978 seconds
1980-01-07 13:19:16 INFO  clocks.c:458                          at iTOW = 134374546
1980-01-07 13:19:16 INFO  clocks.c:459         Estimated time of flight = -128 msec
1980-01-07 13:19:16 INFO  clocks.c:460                 Clock difference = -144 msec
1980-01-07 13:19:16 INFO  clocks.c:461       so local clock is lagging by  16 msec
1980-01-07 13:19:17 INFO  clocks.c:450 Local synchronized clock will be forwarded by 0.014 seconds
1980-01-07 13:19:17 INFO  clocks.c:455   because: remote clock was 372.4920 seconds
1980-01-07 13:19:17 INFO  clocks.c:456                          at iTOW = 134375732
1980-01-07 13:19:17 INFO  clocks.c:457              local clock is 372.4141 seconds
1980-01-07 13:19:17 INFO  clocks.c:458                          at iTOW = 134375647
1980-01-07 13:19:17 INFO  clocks.c:459         Estimated time of flight = -64 msec
1980-01-07 13:19:17 INFO  clocks.c:460                 Clock difference = -77 msec
1980-01-07 13:19:17 INFO  clocks.c:461       so local clock is lagging by  13 msec
1980-01-07 13:19:17 INFO  autopilots/pixhawk/driver.c:1721 statustext: RCInput: decoding UNKNOWN (severity: 7 - DEBUG)
1980-01-07 13:19:17 INFO  autopilots/pixhawk/driver.c:1721 statustext: RCInput: decoding PX4IO_PPM (severity: 7 - DEBUG)
1980-01-07 13:19:19 INFO  algorithms/waypoint.c:1624 Last waypoint reached. Triggering landing algorithm.
1980-01-07 13:19:19 INFO  algo_manager.c:251 landing requested by algorithm: deactivating algorithm 'waypoint'
1980-01-07 13:19:19 INFO  algorithms/waypoint.c:1305 Waypoint algorithm: suspended
1980-01-07 13:19:19 INFO  algo_manager.c:276 landing requested by algorithm: activating algorithm 'landing'
1980-01-07 13:19:19 INFO  algorithms/landing.c:407 Landing algorithm: starting
1980-01-07 13:19:19 INFO  algorithms/landing.c:89 Activating landing from -0.14 m AGL
1980-01-07 13:19:19 INFO  algorithms/landing.c:407 Landing algorithm: Descending in guided mode
1980-01-07 13:19:19 INFO  autopilots/pixhawk/driver.c:457 Land command successfully sent to PixHawk
1980-01-07 13:19:19 INFO  autopilots/pixhawk/driver.c:2013 Acknowledgement OK, cmd: 21 (MAV_CMD_NAV_LAND), result: 0 (ACCEPTED).
1980-01-07 13:19:19 INFO  clocks.c:450 Local synchronized clock will be forwarded by 0.022 seconds
1980-01-07 13:19:19 INFO  clocks.c:455   because: remote clock was 0.5520 seconds
1980-01-07 13:19:19 INFO  clocks.c:456                          at iTOW = 134377896
1980-01-07 13:19:19 INFO  clocks.c:457              local clock is 0.4016 seconds
1980-01-07 13:19:19 INFO  clocks.c:458                          at iTOW = 134377757
1980-01-07 13:19:19 INFO  clocks.c:459         Estimated time of flight = -128 msec
1980-01-07 13:19:19 INFO  clocks.c:460                 Clock difference = -150 msec
1980-01-07 13:19:19 INFO  clocks.c:461       so local clock is lagging by  22 msec
1980-01-07 13:19:19 INFO  clocks.c:450 Local synchronized clock will be forwarded by 0.011 seconds
1980-01-07 13:19:19 INFO  clocks.c:455   because: remote clock was 0.7620 seconds
1980-01-07 13:19:19 INFO  clocks.c:456                          at iTOW = 134378078
1980-01-07 13:19:19 INFO  clocks.c:457              local clock is 0.6229 seconds
1980-01-07 13:19:19 INFO  clocks.c:458                          at iTOW = 134377956
1980-01-07 13:19:19 INFO  clocks.c:459         Estimated time of flight = -128 msec
1980-01-07 13:19:19 INFO  clocks.c:460                 Clock difference = -139 msec
1980-01-07 13:19:19 INFO  clocks.c:461       so local clock is lagging by  11 msec
1980-01-07 13:19:20 INFO  clocks.c:450 Local synchronized clock will be forwarded by 0.019 seconds
1980-01-07 13:19:20 INFO  clocks.c:455   because: remote clock was 0.8810 seconds
1980-01-07 13:19:20 INFO  clocks.c:456                          at iTOW = 134378197
1980-01-07 13:19:20 INFO  clocks.c:457              local clock is 0.7340 seconds
1980-01-07 13:19:20 INFO  clocks.c:458                          at iTOW = 134378056
1980-01-07 13:19:20 INFO  clocks.c:459         Estimated time of flight = -128 msec
1980-01-07 13:19:20 INFO  clocks.c:460                 Clock difference = -147 msec
1980-01-07 13:19:20 INFO  clocks.c:461       so local clock is lagging by  19 msec
1980-01-07 13:19:20 INFO  autopilots/pixhawk/driver.c:466 Landing is accepted by PixHawk
1980-01-07 13:19:20 INFO  algorithms/landing.c:407 Landing algorithm: Descending with autopilot landing algo
1980-01-07 13:19:20 INFO  clocks.c:450 Local synchronized clock will be forwarded by 0.023 seconds
1980-01-07 13:19:20 INFO  clocks.c:455   because: remote clock was 1.4050 seconds
1980-01-07 13:19:20 INFO  clocks.c:456                          at iTOW = 134378686
1980-01-07 13:19:20 INFO  clocks.c:457              local clock is 1.2542 seconds
1980-01-07 13:19:20 INFO  clocks.c:458                          at iTOW = 134378558
1980-01-07 13:19:20 INFO  clocks.c:459         Estimated time of flight = -128 msec
1980-01-07 13:19:20 INFO  clocks.c:460                 Clock difference = -150 msec
1980-01-07 13:19:20 INFO  clocks.c:461       so local clock is lagging by  22 msec
1980-01-07 13:19:20 INFO  autopilots/pixhawk/driver.c:1721 statustext: RCInput: decoding UNKNOWN (severity: 7 - DEBUG)
1980-01-07 13:19:20 INFO  autopilots/pixhawk/driver.c:1721 statustext: RCInput: decoding PX4IO_PPM (severity: 7 - DEBUG)
1980-01-07 13:19:20 INFO  clocks.c:450 Local synchronized clock will be forwarded by 0.030 seconds
1980-01-07 13:19:20 INFO  clocks.c:455   because: remote clock was 1.7340 seconds
1980-01-07 13:19:20 INFO  clocks.c:456                          at iTOW = 134378987
1980-01-07 13:19:20 INFO  clocks.c:457              local clock is 1.5758 seconds
1980-01-07 13:19:20 INFO  clocks.c:458                          at iTOW = 134378856
1980-01-07 13:19:20 INFO  clocks.c:459         Estimated time of flight = -128 msec
1980-01-07 13:19:20 INFO  clocks.c:460                 Clock difference = -158 msec
1980-01-07 13:19:20 INFO  clocks.c:461       so local clock is lagging by  30 msec
1980-01-07 13:19:22 INFO  clocks.c:450 Local synchronized clock will be forwarded by 0.027 seconds
1980-01-07 13:19:22 INFO  clocks.c:455   because: remote clock was 2.9610 seconds
1980-01-07 13:19:22 INFO  clocks.c:456                          at iTOW = 134380194
1980-01-07 13:19:22 INFO  clocks.c:457              local clock is 2.8059 seconds
1980-01-07 13:19:22 INFO  clocks.c:458                          at iTOW = 134380056
1980-01-07 13:19:22 INFO  clocks.c:459         Estimated time of flight = -128 msec
1980-01-07 13:19:22 INFO  clocks.c:460                 Clock difference = -155 msec
1980-01-07 13:19:22 INFO  clocks.c:461       so local clock is lagging by  27 msec
1980-01-07 13:19:22 INFO  uav.c:501 06:09 mm:ss flight time acknowledged.
1980-01-07 13:19:22 INFO  algorithms/landing.c:407 Landing algorithm: landed
1980-01-07 13:19:22 INFO  autopilots/pixhawk/driver.c:2013 Acknowledgement OK, cmd: 11 (MAVLINK_MSG_ID_SET_MODE), result: 0 (ACCEPTED).
1980-01-07 13:19:22 INFO  autopilots/pixhawk/driver.c:1721 statustext: Initialising APM (severity: 6 - INFO)
1980-01-07 13:19:22 INFO  autopilots/pixhawk/driver.c:1721 statustext: Updating barometer calibration (severity: 6 - INFO)
1980-01-07 13:19:22 INFO  autopilots/pixhawk/driver.c:1721 statustext: Barometer calibration complete (severity: 6 - INFO)
1980-01-07 13:19:22 INFO  autopilots/pixhawk/driver.c:2013 Acknowledgement OK, cmd: 241 (MAV_CMD_PREFLIGHT_CALIBRATION), result: 0 (ACCEPTED).
1980-01-07 13:19:22 WARN  prearm.c:168 FAIL - UAV system status message indicates sensor malfunction (52558895, 35781676, 52558892)
       Not present: 
       Not enabled: 3D_GYRO 3D_ACCEL
       Not healthy: 3D_GYRO 3D_ACCEL
1980-01-07 13:19:22 INFO  clocks.c:450 Local synchronized clock will be forwarded by 0.019 seconds
1980-01-07 13:19:22 INFO  clocks.c:455   because: remote clock was 3.7850 seconds
1980-01-07 13:19:22 INFO  clocks.c:456                          at iTOW = 134381001
1980-01-07 13:19:22 INFO  clocks.c:457              local clock is 3.6380 seconds
1980-01-07 13:19:22 INFO  clocks.c:458                          at iTOW = 134380861
1980-01-07 13:19:22 INFO  clocks.c:459         Estimated time of flight = -128 msec
1980-01-07 13:19:22 INFO  clocks.c:460                 Clock difference = -146 msec
1980-01-07 13:19:22 INFO  clocks.c:461       so local clock is lagging by  18 msec
1980-01-07 13:19:23 INFO  clocks.c:450 Local synchronized clock will be forwarded by 0.012 seconds
1980-01-07 13:19:23 INFO  clocks.c:455   because: remote clock was 4.7820 seconds
1980-01-07 13:19:23 INFO  clocks.c:456                          at iTOW = 134381988
1980-01-07 13:19:23 INFO  clocks.c:457              local clock is 4.7063 seconds
1980-01-07 13:19:23 INFO  clocks.c:458                          at iTOW = 134381911
1980-01-07 13:19:23 INFO  clocks.c:459         Estimated time of flight = -64 msec
1980-01-07 13:19:23 INFO  clocks.c:460                 Clock difference = -75 msec
1980-01-07 13:19:23 INFO  clocks.c:461       so local clock is lagging by  11 msec
1980-01-07 13:19:24 INFO  clocks.c:450 Local synchronized clock will be forwarded by 0.011 seconds
1980-01-07 13:19:24 INFO  clocks.c:455   because: remote clock was 4.7970 seconds
1980-01-07 13:19:24 INFO  clocks.c:456                          at iTOW = 134381988
1980-01-07 13:19:24 INFO  clocks.c:457              local clock is 4.9139 seconds
1980-01-07 13:19:24 INFO  clocks.c:458                          at iTOW = 134382107
1980-01-07 13:19:24 INFO  clocks.c:459         Estimated time of flight = 128 msec
1980-01-07 13:19:24 INFO  clocks.c:460                 Clock difference = 116 msec
1980-01-07 13:19:24 INFO  clocks.c:461       so local clock is lagging by  11 msec
1980-01-07 13:19:24 INFO  clocks.c:450 Local synchronized clock will be forwarded by 0.013 seconds
1980-01-07 13:19:24 INFO  clocks.c:455   because: remote clock was 4.8120 seconds
1980-01-07 13:19:24 INFO  clocks.c:456                          at iTOW = 134381988
1980-01-07 13:19:24 INFO  clocks.c:457              local clock is 5.1349 seconds
1980-01-07 13:19:24 INFO  clocks.c:458                          at iTOW = 134382316
1980-01-07 13:19:24 INFO  clocks.c:459         Estimated time of flight = 336 msec
1980-01-07 13:19:24 INFO  clocks.c:460                 Clock difference = 322 msec
1980-01-07 13:19:24 INFO  clocks.c:461       so local clock is lagging by  13 msec
1980-01-07 13:19:25 INFO  clocks.c:450 Local synchronized clock will be forwarded by 0.010 seconds
1980-01-07 13:19:25 INFO  clocks.c:455   because: remote clock was 6.0860 seconds
1980-01-07 13:19:25 INFO  clocks.c:456                          at iTOW = 134383249
1980-01-07 13:19:25 INFO  clocks.c:457              local clock is 5.9479 seconds
1980-01-07 13:19:25 INFO  clocks.c:458                          at iTOW = 134383116
1980-01-07 13:19:25 INFO  clocks.c:459         Estimated time of flight = -128 msec
1980-01-07 13:19:25 INFO  clocks.c:460                 Clock difference = -138 msec
1980-01-07 13:19:25 INFO  clocks.c:461       so local clock is lagging by  10 msec
1980-01-07 13:19:27 INFO  prearm.c:160 PASS - PixHawk sensor status OK
1980-01-07 13:19:27 INFO  prearm.c:94 SUCCESS - Pre-arm checking is complete.
1980-01-07 13:19:27 INFO  algo_manager.c:251 Master switch OFF: deactivating algorithm 'landing'
1980-01-07 13:19:27 INFO  algorithms/landing.c:407 Landing algorithm: suspended
1980-01-07 13:19:27 INFO  modules/silencer.c:112 Throttling telemetry traffic.
1980-01-07 13:19:27 INFO  uav.c:391 Clearing home position (saving as backup).
1980-01-07 13:19:27 WARN  prearm.c:420 FAIL - No home position yet
1980-01-07 13:19:28 WARN  prearm.c:168 FAIL - Guided mode is not turned on yet
1980-01-07 13:19:32 INFO  autopilots/pixhawk/driver.c:1721 statustext: RCInput: decoding UNKNOWN (severity: 7 - DEBUG)
1980-01-07 13:19:32 WARN  prearm.c:437 FAIL - 8 RC channels invalid
1980-01-07 13:19:33 WARN  prearm.c:168 FAIL - UAV system status message indicates sensor malfunction (52558895, 35765295, 52493359)
       Not present: 
       Not enabled: 
       Not healthy: RC_RECEIVER
1980-01-07 13:19:33 WARN  prearm.c:168 FAIL - Heartbeat system status should be STANDBY, not CRITICAL
1980-01-07 13:19:58 INFO  autopilots/pixhawk/driver.c:1721 statustext: RCInput: decoding PX4IO_PPM (severity: 7 - DEBUG)
1980-01-07 13:19:58 INFO  prearm.c:439 PASS - RC channels OK
1980-01-07 13:19:58 INFO  prearm.c:160 PASS - PixHawk sensor status OK
1980-01-07 13:19:58 INFO  prearm.c:160 PASS - Low level prearm checks OK
1980-01-07 13:20:00 WARN  control/output.c:96 Motor on failed: prearm check is still in progress
1980-01-07 13:20:01 INFO  modules/silencer.c:114 Normal telemetry traffic resumed.
1980-01-07 13:20:01 INFO  uav.c:1450 Took of in manual flight mode; restoring last home position.
1980-01-07 13:20:05 INFO  autopilots/pixhawk/driver.c:919 Sent command to disarm motors.
1980-01-07 13:20:05 INFO  autopilots/pixhawk/driver.c:2013 Acknowledgement OK, cmd: 400 (MAV_CMD_COMPONENT_ARM_DISARM), result: 0 (ACCEPTED).
1980-01-07 13:20:05 INFO  uav.c:501 00:04 mm:ss flight time acknowledged.
1980-01-07 13:20:05 INFO  log.c:140 Disabled logging.
1980-01-07 13:20:05 INFO  modules/silencer.c:112 Throttling telemetry traffic.
1980-01-07 13:20:05 INFO  prearm.c:422 PASS - Home position OK
1980-01-07 13:20:05 INFO  prearm.c:521 PASS - Takeoff placement OK
1980-01-07 13:20:05 INFO  prearm.c:537 PASS - Flying height OK
1980-01-07 13:20:09 INFO  autopilots/pixhawk/driver.c:1721 statustext: RCInput: decoding UNKNOWN (severity: 7 - DEBUG)
1980-01-07 13:20:10 WARN  prearm.c:437 FAIL - 8 RC channels invalid
1980-01-07 13:20:10 WARN  prearm.c:168 FAIL - Heartbeat system status should be STANDBY, not CRITICAL
1980-01-07 13:20:10 WARN  prearm.c:168 FAIL - UAV system status message indicates sensor malfunction (52558895, 35765295, 52493359)
       Not present: 
       Not enabled: 
       Not healthy: RC_RECEIVER
1980-01-07 13:21:50 INFO  main_loop.c:1096 Exited main loop.
1980-01-07 13:21:50 INFO  main_loop.c:1101 Closing JSON-RPC API handler.
1980-01-07 13:21:50 INFO  main_loop.c:1106 Closing console.
1980-01-07 13:21:50 INFO  main_loop.c:1113 Closing flight logging.
1980-01-07 13:21:50 INFO  main_loop.c:1117 Closing GPIO monitor.
1980-01-07 13:21:50 INFO  main_loop.c:1126 Destroying lighting controller.
1980-01-07 13:21:50 INFO  main_loop.c:1129 Destroying clocks.
1980-01-07 13:21:50 INFO  main_loop.c:1132 Destroying algorithms.
1980-01-07 13:21:50 INFO  main_loop.c:1138 Closing devices.
1980-01-07 13:21:50 INFO  networking/radio.c:811 Radio subsystem destroyed.
1980-01-07 13:21:50 INFO  networking/wireless.c:409 Wireless subsystem destroyed.
1980-01-07 13:21:50 INFO  main_loop.c:1176 Destroying event bus.
1980-01-07 13:21:50 INFO  main_loop.c:1179 Destroying UAV state.
1980-01-07 13:21:50 INFO  uav.c:362 algo_update from Autopilot: received 47352 in 586.2s (80.78Hz)
1980-01-07 13:21:50 INFO  uav.c:365 algo_update from XBee: received 0 in 0s (0.0Hz)
1980-01-07 13:21:50 INFO  uav.c:365 algo_update from LED: received 0 in 0s (0.0Hz)
1980-01-07 13:21:50 INFO  uav.c:365 algo_update from Pyro: received 0 in 0s (0.0Hz)
1980-01-07 13:21:50 INFO  uav.c:365 algo_update from AEKI: received 0 in 0s (0.0Hz)
1980-01-07 13:21:50 INFO  uav.c:362 algo_update from Wireless: received 17792 in 585.1s (30.41Hz)
1980-01-07 13:21:50 INFO  uav.c:365 algo_update from Radio: received 0 in 0s (0.0Hz)
1980-01-07 13:21:50 INFO  uav.c:365 algo_update from Pozyx: received 0 in 0s (0.0Hz)
1980-01-07 13:21:50 INFO  uav.c:365 algo_update from Sprayer: received 0 in 0s (0.0Hz)
1980-01-07 13:21:50 INFO  uav.c:365 algo_update from Camera mount: received 0 in 0s (0.0Hz)
1980-01-07 13:21:50 INFO  uav.c:365 algo_update from BMS: received 0 in 0s (0.0Hz)
1980-01-07 13:21:50 INFO  main_loop.c:1182 Destroying mission manager.
1980-01-07 13:21:50 INFO  main_loop.c:1185 Destroying persistent state store.
1980-01-07 13:21:50 INFO  main_loop.c:1196 Destroying event loop.
1980-01-07 13:21:50 INFO  main_loop.c:1199 Destroying timers.
1980-01-07 13:21:50 INFO  main_loop.c:1202 Controller terminated.
