<?xml version='1.0' encoding='utf-8'?>
<gpx version="1.1" creator="converttogpx.py" xmlns="http://www.topografix.com/GPX/1/1" xmlns:xsi="http://www.w3.org/2001/XMLSchema-instance" xsi:schemaLocation="http://www.topografix.com/GPX/1/1 http://www.topografix.com/GPX/1/1/gpx.xsd"><trk><name>drone78 20251020-001</name><trkseg><trkpt lat="47.60863590" lon="19.14697080"><ele>136.77</ele><time>2025-10-20T11:36:46.148Z</time></trkpt><trkpt lat="47.60863590" lon="19.14697080"><ele>136.77</ele><time>2025-10-20T11:36:46.348Z</time></trkpt><trkpt lat="47.60863590" lon="19.14697080"><ele>136.77</ele><time>2025-10-20T11:36:46.549Z</time></trkpt><trkpt lat="47.60863590" lon="19.14697080"><ele>136.77</ele><time>2025-10-20T11:36:46.749Z</time></trkpt><trkpt lat="47.60863590" lon="19.14697080"><ele>136.77</ele><time>2025-10-20T11:36:46.950Z</time></trkpt><trkpt lat="47.60863590" lon="19.14697070"><ele>136.77</ele><time>2025-10-20T11:36:47.151Z</time></trkpt><trkpt lat="47.60863590" lon="19.14697070"><ele>136.77</ele><time>2025-10-20T11:36:47.353Z</time></trkpt><trkpt lat="47.60863590" lon="19.14697060"><ele>136.77</ele><time>2025-10-20T11:36:47.552Z</time></trkpt><trkpt lat="47.60863580" lon="19.14697060"><ele>136.77</ele><time>2025-10-20T11:36:47.753Z</time></trkpt><trkpt lat="47.60863580" lon="19.14697060"><ele>136.77</ele><time>2025-10-20T11:36:47.913Z</time></trkpt><trkpt lat="47.60863580" lon="19.14697060"><ele>136.77</ele><time>2025-10-20T11:36:48.153Z</time></trkpt><trkpt lat="47.60863580" lon="19.14697060"><ele>136.78</ele><time>2025-10-20T11:36:48.354Z</time></trkpt><trkpt lat="47.60863590" lon="19.14697060"><ele>136.78</ele><time>2025-10-20T11:36:48.554Z</time></trkpt><trkpt lat="47.60863590" lon="19.14697060"><ele>136.79</ele><time>2025-10-20T11:36:48.754Z</time></trkpt><trkpt lat="47.60863590" lon="19.14697050"><ele>136.80</ele><time>2025-10-20T11:36:48.955Z</time></trkpt><trkpt lat="47.60863590" lon="19.14697050"><ele>136.80</ele><time>2025-10-20T11:36:49.115Z</time></trkpt><trkpt lat="47.60863590" lon="19.14697050"><ele>136.81</ele><time>2025-10-20T11:36:49.356Z</time></trkpt><trkpt lat="47.60863590" lon="19.14697040"><ele>136.82</ele><time>2025-10-20T11:36:49.556Z</time></trkpt><trkpt lat="47.60863590" lon="19.14697040"><ele>136.82</ele><time>2025-10-20T11:36:49.756Z</time></trkpt><trkpt lat="47.60863590" lon="19.14697040"><ele>136.82</ele><time>2025-10-20T11:36:49.956Z</time></trkpt><trkpt lat="47.60863590" lon="19.14697040"><ele>136.82</ele><time>2025-10-20T11:36:50.116Z</time></trkpt><trkpt lat="47.60863580" lon="19.14697040"><ele>136.82</ele><time>2025-10-20T11:36:50.358Z</time></trkpt><trkpt lat="47.60863580" lon="19.14697050"><ele>136.82</ele><time>2025-10-20T11:36:50.558Z</time></trkpt><trkpt lat="47.60863580" lon="19.14697040"><ele>136.83</ele><time>2025-10-20T11:36:50.758Z</time></trkpt><trkpt lat="47.60863570" lon="19.14697030"><ele>136.90</ele><time>2025-10-20T11:36:50.959Z</time></trkpt><trkpt lat="47.60863560" lon="19.14696980"><ele>137.17</ele><time>2025-10-20T11:36:51.159Z</time></trkpt><trkpt lat="47.60863570" lon="19.14696910"><ele>137.52</ele><time>2025-10-20T11:36:51.351Z</time></trkpt><trkpt lat="47.60863580" lon="19.14696810"><ele>137.99</ele><time>2025-10-20T11:36:51.551Z</time></trkpt><trkpt lat="47.60863590" lon="19.14696720"><ele>138.41</ele><time>2025-10-20T11:36:51.711Z</time></trkpt><trkpt lat="47.60863620" lon="19.14696620"><ele>138.99</ele><time>2025-10-20T11:36:51.932Z</time></trkpt><trkpt lat="47.60863650" lon="19.14696550"><ele>139.55</ele><time>2025-10-20T11:36:52.132Z</time></trkpt><trkpt lat="47.60863700" lon="19.14696490"><ele>140.07</ele><time>2025-10-20T11:36:52.354Z</time></trkpt><trkpt lat="47.60863740" lon="19.14696430"><ele>140.51</ele><time>2025-10-20T11:36:52.555Z</time></trkpt><trkpt lat="47.60863780" lon="19.14696400"><ele>140.99</ele><time>2025-10-20T11:36:52.755Z</time></trkpt><trkpt lat="47.60863820" lon="19.14696390"><ele>141.49</ele><time>2025-10-20T11:36:52.956Z</time></trkpt><trkpt lat="47.60863850" lon="19.14696390"><ele>141.92</ele><time>2025-10-20T11:36:53.137Z</time></trkpt><trkpt lat="47.60863880" lon="19.14696410"><ele>142.41</ele><time>2025-10-20T11:36:53.352Z</time></trkpt><trkpt lat="47.60863890" lon="19.14696430"><ele>142.82</ele><time>2025-10-20T11:36:53.523Z</time></trkpt><trkpt lat="47.60863910" lon="19.14696490"><ele>143.34</ele><time>2025-10-20T11:36:53.744Z</time></trkpt><trkpt lat="47.60863930" lon="19.14696560"><ele>143.79</ele><time>2025-10-20T11:36:53.945Z</time></trkpt><trkpt lat="47.60863950" lon="19.14696640"><ele>144.22</ele><time>2025-10-20T11:36:54.147Z</time></trkpt><trkpt lat="47.60863970" lon="19.14696720"><ele>144.68</ele><time>2025-10-20T11:36:54.357Z</time></trkpt><trkpt lat="47.60863980" lon="19.14696790"><ele>145.12</ele><time>2025-10-20T11:36:54.559Z</time></trkpt><trkpt lat="47.60863990" lon="19.14696860"><ele>145.56</ele><time>2025-10-20T11:36:54.761Z</time></trkpt><trkpt lat="47.60863990" lon="19.14696930"><ele>146.00</ele><time>2025-10-20T11:36:54.963Z</time></trkpt><trkpt lat="47.60863980" lon="19.14696990"><ele>146.38</ele><time>2025-10-20T11:36:55.144Z</time></trkpt><trkpt lat="47.60863970" lon="19.14697050"><ele>146.82</ele><time>2025-10-20T11:36:55.370Z</time></trkpt><trkpt lat="47.60863960" lon="19.14697100"><ele>147.09</ele><time>2025-10-20T11:36:55.573Z</time></trkpt><trkpt lat="47.60863950" lon="19.14697150"><ele>147.25</ele><time>2025-10-20T11:36:55.775Z</time></trkpt><trkpt lat="47.60863940" lon="19.14697170"><ele>147.32</ele><time>2025-10-20T11:36:55.975Z</time></trkpt><trkpt lat="47.60863940" lon="19.14697170"><ele>147.28</ele><time>2025-10-20T11:36:56.176Z</time></trkpt><trkpt lat="47.60863960" lon="19.14697120"><ele>147.22</ele><time>2025-10-20T11:36:56.342Z</time></trkpt><trkpt lat="47.60864070" lon="19.14696950"><ele>147.15</ele><time>2025-10-20T11:36:56.562Z</time></trkpt><trkpt lat="47.60864250" lon="19.14696650"><ele>147.11</ele><time>2025-10-20T11:36:56.764Z</time></trkpt><trkpt lat="47.60864500" lon="19.14696260"><ele>147.09</ele><time>2025-10-20T11:36:56.966Z</time></trkpt><trkpt lat="47.60864830" lon="19.14695770"><ele>147.08</ele><time>2025-10-20T11:36:57.168Z</time></trkpt><trkpt lat="47.60865220" lon="19.14695190"><ele>147.07</ele><time>2025-10-20T11:36:57.379Z</time></trkpt><trkpt lat="47.60865590" lon="19.14694650"><ele>147.07</ele><time>2025-10-20T11:36:57.560Z</time></trkpt><trkpt lat="47.60865990" lon="19.14694070"><ele>147.08</ele><time>2025-10-20T11:36:57.740Z</time></trkpt><trkpt lat="47.60866500" lon="19.14693340"><ele>147.08</ele><time>2025-10-20T11:36:57.962Z</time></trkpt><trkpt lat="47.60866990" lon="19.14692660"><ele>147.08</ele><time>2025-10-20T11:36:58.163Z</time></trkpt><trkpt lat="47.60867510" lon="19.14691950"><ele>147.08</ele><time>2025-10-20T11:36:58.372Z</time></trkpt><trkpt lat="47.60868020" lon="19.14691270"><ele>147.09</ele><time>2025-10-20T11:36:58.576Z</time></trkpt><trkpt lat="47.60868550" lon="19.14690610"><ele>147.09</ele><time>2025-10-20T11:36:58.779Z</time></trkpt><trkpt lat="47.60868980" lon="19.14690080"><ele>147.09</ele><time>2025-10-20T11:36:58.940Z</time></trkpt><trkpt lat="47.60869630" lon="19.14689320"><ele>147.09</ele><time>2025-10-20T11:36:59.180Z</time></trkpt><trkpt lat="47.60870150" lon="19.14688730"><ele>147.09</ele><time>2025-10-20T11:36:59.381Z</time></trkpt><trkpt lat="47.60870550" lon="19.14688290"><ele>147.09</ele><time>2025-10-20T11:36:59.530Z</time></trkpt><trkpt lat="47.60871210" lon="19.14687600"><ele>147.08</ele><time>2025-10-20T11:36:59.771Z</time></trkpt><trkpt lat="47.60871750" lon="19.14687040"><ele>147.08</ele><time>2025-10-20T11:36:59.972Z</time></trkpt><trkpt lat="47.60872190" lon="19.14686610"><ele>147.08</ele><time>2025-10-20T11:37:00.131Z</time></trkpt><trkpt lat="47.60872880" lon="19.14685950"><ele>147.09</ele><time>2025-10-20T11:37:00.387Z</time></trkpt><trkpt lat="47.60873390" lon="19.14685490"><ele>147.09</ele><time>2025-10-20T11:37:00.580Z</time></trkpt><trkpt lat="47.60873820" lon="19.14685110"><ele>147.10</ele><time>2025-10-20T11:37:00.742Z</time></trkpt><trkpt lat="47.60874410" lon="19.14684610"><ele>147.10</ele><time>2025-10-20T11:37:00.967Z</time></trkpt><trkpt lat="47.60874940" lon="19.14684170"><ele>147.10</ele><time>2025-10-20T11:37:01.174Z</time></trkpt><trkpt lat="47.60875420" lon="19.14683780"><ele>147.10</ele><time>2025-10-20T11:37:01.362Z</time></trkpt><trkpt lat="47.60875910" lon="19.14683380"><ele>147.10</ele><time>2025-10-20T11:37:01.565Z</time></trkpt><trkpt lat="47.60876410" lon="19.14682960"><ele>147.11</ele><time>2025-10-20T11:37:01.771Z</time></trkpt><trkpt lat="47.60876940" lon="19.14682530"><ele>147.12</ele><time>2025-10-20T11:37:01.991Z</time></trkpt><trkpt lat="47.60877380" lon="19.14682180"><ele>147.12</ele><time>2025-10-20T11:37:02.173Z</time></trkpt><trkpt lat="47.60877870" lon="19.14681780"><ele>147.12</ele><time>2025-10-20T11:37:02.386Z</time></trkpt><trkpt lat="47.60878320" lon="19.14681400"><ele>147.11</ele><time>2025-10-20T11:37:02.588Z</time></trkpt><trkpt lat="47.60878740" lon="19.14681040"><ele>147.11</ele><time>2025-10-20T11:37:02.769Z</time></trkpt><trkpt lat="47.60879250" lon="19.14680590"><ele>147.12</ele><time>2025-10-20T11:37:02.991Z</time></trkpt><trkpt lat="47.60879710" lon="19.14680170"><ele>147.12</ele><time>2025-10-20T11:37:03.193Z</time></trkpt><trkpt lat="47.60880170" lon="19.14679730"><ele>147.12</ele><time>2025-10-20T11:37:03.400Z</time></trkpt><trkpt lat="47.60880630" lon="19.14679290"><ele>147.12</ele><time>2025-10-20T11:37:03.609Z</time></trkpt><trkpt lat="47.60881040" lon="19.14678880"><ele>147.12</ele><time>2025-10-20T11:37:03.809Z</time></trkpt><trkpt lat="47.60881460" lon="19.14678440"><ele>147.12</ele><time>2025-10-20T11:37:04.010Z</time></trkpt><trkpt lat="47.60881840" lon="19.14678050"><ele>147.12</ele><time>2025-10-20T11:37:04.190Z</time></trkpt><trkpt lat="47.60882310" lon="19.14677540"><ele>147.12</ele><time>2025-10-20T11:37:04.423Z</time></trkpt><trkpt lat="47.60882720" lon="19.14677100"><ele>147.12</ele><time>2025-10-20T11:37:04.626Z</time></trkpt><trkpt lat="47.60883140" lon="19.14676670"><ele>147.11</ele><time>2025-10-20T11:37:04.829Z</time></trkpt><trkpt lat="47.60883540" lon="19.14676280"><ele>147.10</ele><time>2025-10-20T11:37:05.014Z</time></trkpt><trkpt lat="47.60883970" lon="19.14675860"><ele>147.08</ele><time>2025-10-20T11:37:05.216Z</time></trkpt><trkpt lat="47.60884390" lon="19.14675430"><ele>147.07</ele><time>2025-10-20T11:37:05.419Z</time></trkpt><trkpt lat="47.60884810" lon="19.14674990"><ele>147.06</ele><time>2025-10-20T11:37:05.620Z</time></trkpt><trkpt lat="47.60885230" lon="19.14674540"><ele>147.05</ele><time>2025-10-20T11:37:05.820Z</time></trkpt><trkpt lat="47.60885560" lon="19.14674160"><ele>147.04</ele><time>2025-10-20T11:37:05.979Z</time></trkpt><trkpt lat="47.60886060" lon="19.14673570"><ele>147.03</ele><time>2025-10-20T11:37:06.220Z</time></trkpt><trkpt lat="47.60886470" lon="19.14673070"><ele>147.02</ele><time>2025-10-20T11:37:06.421Z</time></trkpt><trkpt lat="47.60886870" lon="19.14672560"><ele>147.01</ele><time>2025-10-20T11:37:06.621Z</time></trkpt><trkpt lat="47.60887240" lon="19.14672080"><ele>147.00</ele><time>2025-10-20T11:37:06.821Z</time></trkpt><trkpt lat="47.60887660" lon="19.14671540"><ele>146.99</ele><time>2025-10-20T11:37:07.022Z</time></trkpt><trkpt lat="47.60888080" lon="19.14670990"><ele>146.99</ele><time>2025-10-20T11:37:07.228Z</time></trkpt><trkpt lat="47.60888490" lon="19.14670460"><ele>147.00</ele><time>2025-10-20T11:37:07.430Z</time></trkpt><trkpt lat="47.60888910" lon="19.14669910"><ele>147.00</ele><time>2025-10-20T11:37:07.632Z</time></trkpt><trkpt lat="47.60889340" lon="19.14669360"><ele>147.01</ele><time>2025-10-20T11:37:07.833Z</time></trkpt><trkpt lat="47.60889760" lon="19.14668820"><ele>147.02</ele><time>2025-10-20T11:37:08.036Z</time></trkpt><trkpt lat="47.60890150" lon="19.14668340"><ele>147.03</ele><time>2025-10-20T11:37:08.220Z</time></trkpt><trkpt lat="47.60890600" lon="19.14667790"><ele>147.03</ele><time>2025-10-20T11:37:08.427Z</time></trkpt><trkpt lat="47.60891030" lon="19.14667260"><ele>147.04</ele><time>2025-10-20T11:37:08.629Z</time></trkpt><trkpt lat="47.60891440" lon="19.14666770"><ele>147.05</ele><time>2025-10-20T11:37:08.831Z</time></trkpt><trkpt lat="47.60891840" lon="19.14666300"><ele>147.06</ele><time>2025-10-20T11:37:09.031Z</time></trkpt><trkpt lat="47.60892290" lon="19.14665780"><ele>147.06</ele><time>2025-10-20T11:37:09.238Z</time></trkpt><trkpt lat="47.60892630" lon="19.14665410"><ele>147.06</ele><time>2025-10-20T11:37:09.384Z</time></trkpt><trkpt lat="47.60893160" lon="19.14664830"><ele>147.07</ele><time>2025-10-20T11:37:09.625Z</time></trkpt><trkpt lat="47.60893600" lon="19.14664380"><ele>147.08</ele><time>2025-10-20T11:37:09.825Z</time></trkpt><trkpt lat="47.60894070" lon="19.14663900"><ele>147.09</ele><time>2025-10-20T11:37:10.026Z</time></trkpt><trkpt lat="47.60894550" lon="19.14663410"><ele>147.09</ele><time>2025-10-20T11:37:10.227Z</time></trkpt><trkpt lat="47.60895020" lon="19.14662950"><ele>147.10</ele><time>2025-10-20T11:37:10.429Z</time></trkpt><trkpt lat="47.60895500" lon="19.14662460"><ele>147.10</ele><time>2025-10-20T11:37:10.630Z</time></trkpt><trkpt lat="47.60895980" lon="19.14661980"><ele>147.11</ele><time>2025-10-20T11:37:10.831Z</time></trkpt><trkpt lat="47.60896450" lon="19.14661510"><ele>147.12</ele><time>2025-10-20T11:37:11.031Z</time></trkpt><trkpt lat="47.60896900" lon="19.14661050"><ele>147.12</ele><time>2025-10-20T11:37:11.231Z</time></trkpt><trkpt lat="47.60897300" lon="19.14660640"><ele>147.12</ele><time>2025-10-20T11:37:11.404Z</time></trkpt><trkpt lat="47.60897800" lon="19.14660120"><ele>147.13</ele><time>2025-10-20T11:37:11.624Z</time></trkpt><trkpt lat="47.60898260" lon="19.14659600"><ele>147.15</ele><time>2025-10-20T11:37:11.834Z</time></trkpt><trkpt lat="47.60898620" lon="19.14659160"><ele>147.18</ele><time>2025-10-20T11:37:12.006Z</time></trkpt><trkpt lat="47.60899060" lon="19.14658640"><ele>147.21</ele><time>2025-10-20T11:37:12.207Z</time></trkpt><trkpt lat="47.60899460" lon="19.14658150"><ele>147.23</ele><time>2025-10-20T11:37:12.395Z</time></trkpt><trkpt lat="47.60899930" lon="19.14657610"><ele>147.26</ele><time>2025-10-20T11:37:12.615Z</time></trkpt><trkpt lat="47.60900350" lon="19.14657130"><ele>147.28</ele><time>2025-10-20T11:37:12.816Z</time></trkpt><trkpt lat="47.60900770" lon="19.14656640"><ele>147.30</ele><time>2025-10-20T11:37:13.015Z</time></trkpt><trkpt lat="47.60901160" lon="19.14656210"><ele>147.31</ele><time>2025-10-20T11:37:13.196Z</time></trkpt><trkpt lat="47.60901630" lon="19.14655690"><ele>147.32</ele><time>2025-10-20T11:37:13.421Z</time></trkpt><trkpt lat="47.60902060" lon="19.14655240"><ele>147.32</ele><time>2025-10-20T11:37:13.621Z</time></trkpt><trkpt lat="47.60902490" lon="19.14654800"><ele>147.33</ele><time>2025-10-20T11:37:13.821Z</time></trkpt><trkpt lat="47.60902920" lon="19.14654370"><ele>147.32</ele><time>2025-10-20T11:37:14.021Z</time></trkpt><trkpt lat="47.60903330" lon="19.14653960"><ele>147.32</ele><time>2025-10-20T11:37:14.227Z</time></trkpt><trkpt lat="47.60903770" lon="19.14653530"><ele>147.31</ele><time>2025-10-20T11:37:14.429Z</time></trkpt><trkpt lat="47.60904200" lon="19.14653100"><ele>147.31</ele><time>2025-10-20T11:37:14.631Z</time></trkpt><trkpt lat="47.60904630" lon="19.14652690"><ele>147.31</ele><time>2025-10-20T11:37:14.833Z</time></trkpt><trkpt lat="47.60905060" lon="19.14652260"><ele>147.31</ele><time>2025-10-20T11:37:15.034Z</time></trkpt><trkpt lat="47.60905430" lon="19.14651910"><ele>147.31</ele><time>2025-10-20T11:37:15.200Z</time></trkpt><trkpt lat="47.60905880" lon="19.14651470"><ele>147.30</ele><time>2025-10-20T11:37:15.404Z</time></trkpt><trkpt lat="47.60906360" lon="19.14651000"><ele>147.30</ele><time>2025-10-20T11:37:15.624Z</time></trkpt><trkpt lat="47.60906800" lon="19.14650560"><ele>147.29</ele><time>2025-10-20T11:37:15.826Z</time></trkpt><trkpt lat="47.60907240" lon="19.14650120"><ele>147.28</ele><time>2025-10-20T11:37:16.027Z</time></trkpt><trkpt lat="47.60907640" lon="19.14649710"><ele>147.28</ele><time>2025-10-20T11:37:16.237Z</time></trkpt><trkpt lat="47.60907990" lon="19.14649360"><ele>147.27</ele><time>2025-10-20T11:37:16.441Z</time></trkpt><trkpt lat="47.60908240" lon="19.14649120"><ele>147.26</ele><time>2025-10-20T11:37:16.624Z</time></trkpt><trkpt lat="47.60908430" lon="19.14648940"><ele>147.26</ele><time>2025-10-20T11:37:16.829Z</time></trkpt><trkpt lat="47.60908550" lon="19.14648860"><ele>147.27</ele><time>2025-10-20T11:37:17.030Z</time></trkpt><trkpt lat="47.60908610" lon="19.14648840"><ele>147.26</ele><time>2025-10-20T11:37:17.201Z</time></trkpt><trkpt lat="47.60908630" lon="19.14648890"><ele>147.25</ele><time>2025-10-20T11:37:17.433Z</time></trkpt><trkpt lat="47.60908600" lon="19.14649000"><ele>147.25</ele><time>2025-10-20T11:37:17.634Z</time></trkpt><trkpt lat="47.60908530" lon="19.14649140"><ele>147.25</ele><time>2025-10-20T11:37:17.835Z</time></trkpt><trkpt lat="47.60908430" lon="19.14649320"><ele>147.25</ele><time>2025-10-20T11:37:18.035Z</time></trkpt><trkpt lat="47.60908320" lon="19.14649510"><ele>147.24</ele><time>2025-10-20T11:37:18.242Z</time></trkpt><trkpt lat="47.60908240" lon="19.14649660"><ele>147.23</ele><time>2025-10-20T11:37:18.385Z</time></trkpt><trkpt lat="47.60908110" lon="19.14649930"><ele>147.23</ele><time>2025-10-20T11:37:18.628Z</time></trkpt><trkpt lat="47.60908010" lon="19.14650230"><ele>147.21</ele><time>2025-10-20T11:37:18.849Z</time></trkpt><trkpt lat="47.60907960" lon="19.14650500"><ele>147.19</ele><time>2025-10-20T11:37:19.009Z</time></trkpt><trkpt lat="47.60907940" lon="19.14650910"><ele>147.15</ele><time>2025-10-20T11:37:19.217Z</time></trkpt><trkpt lat="47.60907980" lon="19.14651390"><ele>147.11</ele><time>2025-10-20T11:37:19.420Z</time></trkpt><trkpt lat="47.60908100" lon="19.14652020"><ele>147.09</ele><time>2025-10-20T11:37:19.641Z</time></trkpt><trkpt lat="47.60908270" lon="19.14652660"><ele>147.07</ele><time>2025-10-20T11:37:19.842Z</time></trkpt><trkpt lat="47.60908460" lon="19.14653270"><ele>147.06</ele><time>2025-10-20T11:37:20.022Z</time></trkpt><trkpt lat="47.60908720" lon="19.14653990"><ele>147.06</ele><time>2025-10-20T11:37:20.224Z</time></trkpt><trkpt lat="47.60909030" lon="19.14654780"><ele>147.06</ele><time>2025-10-20T11:37:20.437Z</time></trkpt><trkpt lat="47.60909350" lon="19.14655510"><ele>147.07</ele><time>2025-10-20T11:37:20.638Z</time></trkpt><trkpt lat="47.60909690" lon="19.14656250"><ele>147.09</ele><time>2025-10-20T11:37:20.839Z</time></trkpt><trkpt lat="47.60910060" lon="19.14656990"><ele>147.10</ele><time>2025-10-20T11:37:21.039Z</time></trkpt><trkpt lat="47.60910440" lon="19.14657750"><ele>147.12</ele><time>2025-10-20T11:37:21.240Z</time></trkpt><trkpt lat="47.60910830" lon="19.14658500"><ele>147.13</ele><time>2025-10-20T11:37:21.445Z</time></trkpt><trkpt lat="47.60911190" lon="19.14659200"><ele>147.13</ele><time>2025-10-20T11:37:21.647Z</time></trkpt><trkpt lat="47.60911530" lon="19.14659860"><ele>147.14</ele><time>2025-10-20T11:37:21.828Z</time></trkpt><trkpt lat="47.60911950" lon="19.14660650"><ele>147.15</ele><time>2025-10-20T11:37:22.052Z</time></trkpt><trkpt lat="47.60912310" lon="19.14661330"><ele>147.17</ele><time>2025-10-20T11:37:22.252Z</time></trkpt><trkpt lat="47.60912670" lon="19.14662020"><ele>147.18</ele><time>2025-10-20T11:37:22.455Z</time></trkpt><trkpt lat="47.60913000" lon="19.14662640"><ele>147.19</ele><time>2025-10-20T11:37:22.638Z</time></trkpt><trkpt lat="47.60913360" lon="19.14663310"><ele>147.20</ele><time>2025-10-20T11:37:22.841Z</time></trkpt><trkpt lat="47.60913710" lon="19.14663990"><ele>147.21</ele><time>2025-10-20T11:37:23.045Z</time></trkpt><trkpt lat="47.60914080" lon="19.14664690"><ele>147.21</ele><time>2025-10-20T11:37:23.248Z</time></trkpt><trkpt lat="47.60914440" lon="19.14665380"><ele>147.21</ele><time>2025-10-20T11:37:23.452Z</time></trkpt><trkpt lat="47.60914750" lon="19.14665980"><ele>147.22</ele><time>2025-10-20T11:37:23.632Z</time></trkpt><trkpt lat="47.60915080" lon="19.14666620"><ele>147.25</ele><time>2025-10-20T11:37:23.833Z</time></trkpt><trkpt lat="47.60915410" lon="19.14667230"><ele>147.29</ele><time>2025-10-20T11:37:24.034Z</time></trkpt><trkpt lat="47.60915770" lon="19.14667910"><ele>147.32</ele><time>2025-10-20T11:37:24.259Z</time></trkpt><trkpt lat="47.60916070" lon="19.14668470"><ele>147.35</ele><time>2025-10-20T11:37:24.449Z</time></trkpt><trkpt lat="47.60916390" lon="19.14669080"><ele>147.38</ele><time>2025-10-20T11:37:24.652Z</time></trkpt><trkpt lat="47.60916710" lon="19.14669690"><ele>147.41</ele><time>2025-10-20T11:37:24.853Z</time></trkpt><trkpt lat="47.60917030" lon="19.14670320"><ele>147.44</ele><time>2025-10-20T11:37:25.054Z</time></trkpt><trkpt lat="47.60917350" lon="19.14670950"><ele>147.47</ele><time>2025-10-20T11:37:25.259Z</time></trkpt><trkpt lat="47.60917660" lon="19.14671570"><ele>147.49</ele><time>2025-10-20T11:37:25.460Z</time></trkpt><trkpt lat="47.60917940" lon="19.14672150"><ele>147.51</ele><time>2025-10-20T11:37:25.640Z</time></trkpt><trkpt lat="47.60918260" lon="19.14672810"><ele>147.52</ele><time>2025-10-20T11:37:25.841Z</time></trkpt><trkpt lat="47.60918600" lon="19.14673530"><ele>147.52</ele><time>2025-10-20T11:37:26.064Z</time></trkpt><trkpt lat="47.60918900" lon="19.14674180"><ele>147.53</ele><time>2025-10-20T11:37:26.268Z</time></trkpt><trkpt lat="47.60919220" lon="19.14674880"><ele>147.53</ele><time>2025-10-20T11:37:26.470Z</time></trkpt><trkpt lat="47.60919550" lon="19.14675580"><ele>147.54</ele><time>2025-10-20T11:37:26.671Z</time></trkpt><trkpt lat="47.60919880" lon="19.14676290"><ele>147.54</ele><time>2025-10-20T11:37:26.872Z</time></trkpt><trkpt lat="47.60920210" lon="19.14677000"><ele>147.54</ele><time>2025-10-20T11:37:27.072Z</time></trkpt><trkpt lat="47.60920550" lon="19.14677720"><ele>147.55</ele><time>2025-10-20T11:37:27.272Z</time></trkpt><trkpt lat="47.60920870" lon="19.14678390"><ele>147.56</ele><time>2025-10-20T11:37:27.464Z</time></trkpt><trkpt lat="47.60921210" lon="19.14679100"><ele>147.58</ele><time>2025-10-20T11:37:27.667Z</time></trkpt><trkpt lat="47.60921550" lon="19.14679820"><ele>147.59</ele><time>2025-10-20T11:37:27.868Z</time></trkpt><trkpt lat="47.60921900" lon="19.14680530"><ele>147.58</ele><time>2025-10-20T11:37:28.069Z</time></trkpt><trkpt lat="47.60922220" lon="19.14681190"><ele>147.58</ele><time>2025-10-20T11:37:28.260Z</time></trkpt><trkpt lat="47.60922540" lon="19.14681860"><ele>147.58</ele><time>2025-10-20T11:37:28.465Z</time></trkpt><trkpt lat="47.60922840" lon="19.14682490"><ele>147.58</ele><time>2025-10-20T11:37:28.649Z</time></trkpt><trkpt lat="47.60923170" lon="19.14683160"><ele>147.58</ele><time>2025-10-20T11:37:28.851Z</time></trkpt><trkpt lat="47.60923530" lon="19.14683890"><ele>147.58</ele><time>2025-10-20T11:37:29.073Z</time></trkpt><trkpt lat="47.60923830" lon="19.14684490"><ele>147.58</ele><time>2025-10-20T11:37:29.259Z</time></trkpt><trkpt lat="47.60924170" lon="19.14685200"><ele>147.59</ele><time>2025-10-20T11:37:29.468Z</time></trkpt><trkpt lat="47.60924500" lon="19.14685880"><ele>147.58</ele><time>2025-10-20T11:37:29.671Z</time></trkpt><trkpt lat="47.60924830" lon="19.14686560"><ele>147.58</ele><time>2025-10-20T11:37:29.872Z</time></trkpt><trkpt lat="47.60925120" lon="19.14687160"><ele>147.59</ele><time>2025-10-20T11:37:30.052Z</time></trkpt><trkpt lat="47.60925490" lon="19.14687910"><ele>147.60</ele><time>2025-10-20T11:37:30.281Z</time></trkpt><trkpt lat="47.60925780" lon="19.14688500"><ele>147.59</ele><time>2025-10-20T11:37:30.466Z</time></trkpt><trkpt lat="47.60926090" lon="19.14689130"><ele>147.60</ele><time>2025-10-20T11:37:30.668Z</time></trkpt><trkpt lat="47.60926390" lon="19.14689740"><ele>147.61</ele><time>2025-10-20T11:37:30.869Z</time></trkpt><trkpt lat="47.60926700" lon="19.14690360"><ele>147.62</ele><time>2025-10-20T11:37:31.070Z</time></trkpt><trkpt lat="47.60927000" lon="19.14690950"><ele>147.63</ele><time>2025-10-20T11:37:31.270Z</time></trkpt><trkpt lat="47.60927340" lon="19.14691620"><ele>147.62</ele><time>2025-10-20T11:37:31.494Z</time></trkpt><trkpt lat="47.60927620" lon="19.14692170"><ele>147.63</ele><time>2025-10-20T11:37:31.677Z</time></trkpt><trkpt lat="47.60927900" lon="19.14692710"><ele>147.65</ele><time>2025-10-20T11:37:31.856Z</time></trkpt><trkpt lat="47.60928230" lon="19.14693380"><ele>147.65</ele><time>2025-10-20T11:37:32.077Z</time></trkpt><trkpt lat="47.60928510" lon="19.14693930"><ele>147.65</ele><time>2025-10-20T11:37:32.259Z</time></trkpt><trkpt lat="47.60928780" lon="19.14694450"><ele>147.65</ele><time>2025-10-20T11:37:32.432Z</time></trkpt><trkpt lat="47.60929160" lon="19.14695210"><ele>147.65</ele><time>2025-10-20T11:37:32.675Z</time></trkpt><trkpt lat="47.60929460" lon="19.14695830"><ele>147.65</ele><time>2025-10-20T11:37:32.877Z</time></trkpt><trkpt lat="47.60929770" lon="19.14696470"><ele>147.66</ele><time>2025-10-20T11:37:33.079Z</time></trkpt><trkpt lat="47.60930090" lon="19.14697120"><ele>147.68</ele><time>2025-10-20T11:37:33.282Z</time></trkpt><trkpt lat="47.60930420" lon="19.14697790"><ele>147.68</ele><time>2025-10-20T11:37:33.482Z</time></trkpt><trkpt lat="47.60930750" lon="19.14698440"><ele>147.69</ele><time>2025-10-20T11:37:33.684Z</time></trkpt><trkpt lat="47.60931090" lon="19.14699100"><ele>147.69</ele><time>2025-10-20T11:37:33.887Z</time></trkpt><trkpt lat="47.60931430" lon="19.14699760"><ele>147.70</ele><time>2025-10-20T11:37:34.090Z</time></trkpt><trkpt lat="47.60931730" lon="19.14700310"><ele>147.71</ele><time>2025-10-20T11:37:34.259Z</time></trkpt><trkpt lat="47.60932100" lon="19.14701000"><ele>147.70</ele><time>2025-10-20T11:37:34.479Z</time></trkpt><trkpt lat="47.60932380" lon="19.14701550"><ele>147.70</ele><time>2025-10-20T11:37:34.659Z</time></trkpt><trkpt lat="47.60932760" lon="19.14702260"><ele>147.69</ele><time>2025-10-20T11:37:34.882Z</time></trkpt><trkpt lat="47.60933110" lon="19.14702910"><ele>147.69</ele><time>2025-10-20T11:37:35.083Z</time></trkpt><trkpt lat="47.60933400" lon="19.14703470"><ele>147.70</ele><time>2025-10-20T11:37:35.267Z</time></trkpt><trkpt lat="47.60933730" lon="19.14704100"><ele>147.71</ele><time>2025-10-20T11:37:35.471Z</time></trkpt><trkpt lat="47.60934060" lon="19.14704750"><ele>147.71</ele><time>2025-10-20T11:37:35.673Z</time></trkpt><trkpt lat="47.60934390" lon="19.14705390"><ele>147.71</ele><time>2025-10-20T11:37:35.876Z</time></trkpt><trkpt lat="47.60934720" lon="19.14706050"><ele>147.72</ele><time>2025-10-20T11:37:36.079Z</time></trkpt><trkpt lat="47.60935010" lon="19.14706640"><ele>147.74</ele><time>2025-10-20T11:37:36.261Z</time></trkpt><trkpt lat="47.60935360" lon="19.14707370"><ele>147.74</ele><time>2025-10-20T11:37:36.485Z</time></trkpt><trkpt lat="47.60935670" lon="19.14708030"><ele>147.74</ele><time>2025-10-20T11:37:36.690Z</time></trkpt><trkpt lat="47.60935970" lon="19.14708670"><ele>147.75</ele><time>2025-10-20T11:37:36.891Z</time></trkpt><trkpt lat="47.60936250" lon="19.14709260"><ele>147.76</ele><time>2025-10-20T11:37:37.072Z</time></trkpt><trkpt lat="47.60936520" lon="19.14709860"><ele>147.76</ele><time>2025-10-20T11:37:37.256Z</time></trkpt><trkpt lat="47.60936860" lon="19.14710590"><ele>147.76</ele><time>2025-10-20T11:37:37.483Z</time></trkpt><trkpt lat="47.60937160" lon="19.14711230"><ele>147.75</ele><time>2025-10-20T11:37:37.685Z</time></trkpt><trkpt lat="47.60937470" lon="19.14711880"><ele>147.75</ele><time>2025-10-20T11:37:37.887Z</time></trkpt><trkpt lat="47.60937780" lon="19.14712540"><ele>147.76</ele><time>2025-10-20T11:37:38.088Z</time></trkpt><trkpt lat="47.60938080" lon="19.14713180"><ele>147.76</ele><time>2025-10-20T11:37:38.288Z</time></trkpt><trkpt lat="47.60938350" lon="19.14713720"><ele>147.77</ele><time>2025-10-20T11:37:38.462Z</time></trkpt><trkpt lat="47.60938700" lon="19.14714440"><ele>147.78</ele><time>2025-10-20T11:37:38.683Z</time></trkpt><trkpt lat="47.60938950" lon="19.14714950"><ele>147.80</ele><time>2025-10-20T11:37:38.843Z</time></trkpt><trkpt lat="47.60939300" lon="19.14715650"><ele>147.81</ele><time>2025-10-20T11:37:39.084Z</time></trkpt><trkpt lat="47.60939530" lon="19.14716130"><ele>147.82</ele><time>2025-10-20T11:37:39.288Z</time></trkpt><trkpt lat="47.60939700" lon="19.14716480"><ele>147.81</ele><time>2025-10-20T11:37:39.491Z</time></trkpt><trkpt lat="47.60939800" lon="19.14716710"><ele>147.80</ele><time>2025-10-20T11:37:39.693Z</time></trkpt><trkpt lat="47.60939850" lon="19.14716840"><ele>147.80</ele><time>2025-10-20T11:37:39.893Z</time></trkpt><trkpt lat="47.60939860" lon="19.14716880"><ele>147.80</ele><time>2025-10-20T11:37:40.053Z</time></trkpt><trkpt lat="47.60939830" lon="19.14716870"><ele>147.79</ele><time>2025-10-20T11:37:40.280Z</time></trkpt><trkpt lat="47.60939760" lon="19.14716810"><ele>147.79</ele><time>2025-10-20T11:37:40.485Z</time></trkpt><trkpt lat="47.60939670" lon="19.14716730"><ele>147.81</ele><time>2025-10-20T11:37:40.666Z</time></trkpt><trkpt lat="47.60939540" lon="19.14716590"><ele>147.81</ele><time>2025-10-20T11:37:40.889Z</time></trkpt><trkpt lat="47.60939420" lon="19.14716470"><ele>147.82</ele><time>2025-10-20T11:37:41.070Z</time></trkpt><trkpt lat="47.60939290" lon="19.14716310"><ele>147.81</ele><time>2025-10-20T11:37:41.273Z</time></trkpt><trkpt lat="47.60939120" lon="19.14716130"><ele>147.82</ele><time>2025-10-20T11:37:41.495Z</time></trkpt><trkpt lat="47.60938950" lon="19.14716010"><ele>147.82</ele><time>2025-10-20T11:37:41.698Z</time></trkpt><trkpt lat="47.60938760" lon="19.14715950"><ele>147.81</ele><time>2025-10-20T11:37:41.879Z</time></trkpt><trkpt lat="47.60938500" lon="19.14715960"><ele>147.82</ele><time>2025-10-20T11:37:42.060Z</time></trkpt><trkpt lat="47.60938120" lon="19.14716080"><ele>147.82</ele><time>2025-10-20T11:37:42.285Z</time></trkpt><trkpt lat="47.60937720" lon="19.14716280"><ele>147.82</ele><time>2025-10-20T11:37:42.487Z</time></trkpt><trkpt lat="47.60937270" lon="19.14716540"><ele>147.83</ele><time>2025-10-20T11:37:42.688Z</time></trkpt><trkpt lat="47.60936780" lon="19.14716870"><ele>147.85</ele><time>2025-10-20T11:37:42.891Z</time></trkpt><trkpt lat="47.60936260" lon="19.14717260"><ele>147.87</ele><time>2025-10-20T11:37:43.093Z</time></trkpt><trkpt lat="47.60935700" lon="19.14717700"><ele>147.88</ele><time>2025-10-20T11:37:43.304Z</time></trkpt><trkpt lat="47.60935140" lon="19.14718160"><ele>147.88</ele><time>2025-10-20T11:37:43.508Z</time></trkpt><trkpt lat="47.60934590" lon="19.14718640"><ele>147.91</ele><time>2025-10-20T11:37:43.709Z</time></trkpt><trkpt lat="47.60934040" lon="19.14719150"><ele>147.92</ele><time>2025-10-20T11:37:43.910Z</time></trkpt><trkpt lat="47.60933580" lon="19.14719590"><ele>147.91</ele><time>2025-10-20T11:37:44.072Z</time></trkpt><trkpt lat="47.60932950" lon="19.14720230"><ele>147.91</ele><time>2025-10-20T11:37:44.303Z</time></trkpt><trkpt lat="47.60932400" lon="19.14720820"><ele>147.91</ele><time>2025-10-20T11:37:44.505Z</time></trkpt><trkpt lat="47.60931890" lon="19.14721400"><ele>147.93</ele><time>2025-10-20T11:37:44.708Z</time></trkpt><trkpt lat="47.60931400" lon="19.14721960"><ele>147.94</ele><time>2025-10-20T11:37:44.909Z</time></trkpt><trkpt lat="47.60930920" lon="19.14722530"><ele>147.95</ele><time>2025-10-20T11:37:45.094Z</time></trkpt><trkpt lat="47.60930460" lon="19.14723070"><ele>147.95</ele><time>2025-10-20T11:37:45.278Z</time></trkpt><trkpt lat="47.60929910" lon="19.14723710"><ele>147.95</ele><time>2025-10-20T11:37:45.500Z</time></trkpt><trkpt lat="47.60929430" lon="19.14724270"><ele>147.96</ele><time>2025-10-20T11:37:45.700Z</time></trkpt><trkpt lat="47.60928940" lon="19.14724830"><ele>147.96</ele><time>2025-10-20T11:37:45.903Z</time></trkpt><trkpt lat="47.60928450" lon="19.14725360"><ele>147.96</ele><time>2025-10-20T11:37:46.105Z</time></trkpt><trkpt lat="47.60927970" lon="19.14725870"><ele>147.95</ele><time>2025-10-20T11:37:46.308Z</time></trkpt><trkpt lat="47.60927490" lon="19.14726360"><ele>147.96</ele><time>2025-10-20T11:37:46.511Z</time></trkpt><trkpt lat="47.60927010" lon="19.14726860"><ele>147.97</ele><time>2025-10-20T11:37:46.712Z</time></trkpt><trkpt lat="47.60926600" lon="19.14727290"><ele>147.97</ele><time>2025-10-20T11:37:46.893Z</time></trkpt><trkpt lat="47.60926130" lon="19.14727800"><ele>147.98</ele><time>2025-10-20T11:37:47.114Z</time></trkpt><trkpt lat="47.60925670" lon="19.14728280"><ele>147.98</ele><time>2025-10-20T11:37:47.317Z</time></trkpt><trkpt lat="47.60925230" lon="19.14728750"><ele>147.98</ele><time>2025-10-20T11:37:47.517Z</time></trkpt><trkpt lat="47.60924810" lon="19.14729200"><ele>147.99</ele><time>2025-10-20T11:37:47.717Z</time></trkpt><trkpt lat="47.60924390" lon="19.14729650"><ele>148.00</ele><time>2025-10-20T11:37:47.918Z</time></trkpt><trkpt lat="47.60923980" lon="19.14730100"><ele>148.01</ele><time>2025-10-20T11:37:48.119Z</time></trkpt><trkpt lat="47.60923540" lon="19.14730590"><ele>148.00</ele><time>2025-10-20T11:37:48.327Z</time></trkpt><trkpt lat="47.60923110" lon="19.14731050"><ele>148.01</ele><time>2025-10-20T11:37:48.531Z</time></trkpt><trkpt lat="47.60922700" lon="19.14731510"><ele>148.02</ele><time>2025-10-20T11:37:48.733Z</time></trkpt><trkpt lat="47.60922280" lon="19.14731980"><ele>148.04</ele><time>2025-10-20T11:37:48.935Z</time></trkpt><trkpt lat="47.60921860" lon="19.14732460"><ele>148.06</ele><time>2025-10-20T11:37:49.135Z</time></trkpt><trkpt lat="47.60921430" lon="19.14732910"><ele>148.09</ele><time>2025-10-20T11:37:49.340Z</time></trkpt><trkpt lat="47.60921040" lon="19.14733310"><ele>148.12</ele><time>2025-10-20T11:37:49.521Z</time></trkpt><trkpt lat="47.60920570" lon="19.14733810"><ele>148.14</ele><time>2025-10-20T11:37:49.742Z</time></trkpt><trkpt lat="47.60920120" lon="19.14734290"><ele>148.14</ele><time>2025-10-20T11:37:49.943Z</time></trkpt><trkpt lat="47.60919680" lon="19.14734790"><ele>148.15</ele><time>2025-10-20T11:37:50.144Z</time></trkpt><trkpt lat="47.60919270" lon="19.14735230"><ele>148.14</ele><time>2025-10-20T11:37:50.331Z</time></trkpt><trkpt lat="47.60918850" lon="19.14735680"><ele>148.13</ele><time>2025-10-20T11:37:50.532Z</time></trkpt><trkpt lat="47.60918410" lon="19.14736160"><ele>148.12</ele><time>2025-10-20T11:37:50.732Z</time></trkpt><trkpt lat="47.60918050" lon="19.14736550"><ele>148.12</ele><time>2025-10-20T11:37:50.893Z</time></trkpt><trkpt lat="47.60917560" lon="19.14737080"><ele>148.12</ele><time>2025-10-20T11:37:51.117Z</time></trkpt><trkpt lat="47.60917080" lon="19.14737640"><ele>148.11</ele><time>2025-10-20T11:37:51.339Z</time></trkpt><trkpt lat="47.60916650" lon="19.14738140"><ele>148.11</ele><time>2025-10-20T11:37:51.540Z</time></trkpt><trkpt lat="47.60916220" lon="19.14738640"><ele>148.12</ele><time>2025-10-20T11:37:51.742Z</time></trkpt><trkpt lat="47.60915790" lon="19.14739160"><ele>148.13</ele><time>2025-10-20T11:37:51.945Z</time></trkpt><trkpt lat="47.60915400" lon="19.14739650"><ele>148.14</ele><time>2025-10-20T11:37:52.145Z</time></trkpt><trkpt lat="47.60915000" lon="19.14740140"><ele>148.14</ele><time>2025-10-20T11:37:52.338Z</time></trkpt><trkpt lat="47.60914630" lon="19.14740590"><ele>148.13</ele><time>2025-10-20T11:37:52.518Z</time></trkpt><trkpt lat="47.60914170" lon="19.14741140"><ele>148.14</ele><time>2025-10-20T11:37:52.742Z</time></trkpt><trkpt lat="47.60913800" lon="19.14741570"><ele>148.14</ele><time>2025-10-20T11:37:52.922Z</time></trkpt><trkpt lat="47.60913330" lon="19.14742070"><ele>148.15</ele><time>2025-10-20T11:37:53.143Z</time></trkpt><trkpt lat="47.60912910" lon="19.14742490"><ele>148.16</ele><time>2025-10-20T11:37:53.334Z</time></trkpt><trkpt lat="47.60912480" lon="19.14742910"><ele>148.18</ele><time>2025-10-20T11:37:53.534Z</time></trkpt><trkpt lat="47.60912040" lon="19.14743330"><ele>148.19</ele><time>2025-10-20T11:37:53.736Z</time></trkpt><trkpt lat="47.60911590" lon="19.14743740"><ele>148.20</ele><time>2025-10-20T11:37:53.939Z</time></trkpt><trkpt lat="47.60911120" lon="19.14744150"><ele>148.19</ele><time>2025-10-20T11:37:54.141Z</time></trkpt><trkpt lat="47.60910660" lon="19.14744560"><ele>148.19</ele><time>2025-10-20T11:37:54.344Z</time></trkpt><trkpt lat="47.60910190" lon="19.14744980"><ele>148.19</ele><time>2025-10-20T11:37:54.546Z</time></trkpt><trkpt lat="47.60909730" lon="19.14745400"><ele>148.22</ele><time>2025-10-20T11:37:54.747Z</time></trkpt><trkpt lat="47.60909250" lon="19.14745830"><ele>148.25</ele><time>2025-10-20T11:37:54.951Z</time></trkpt><trkpt lat="47.60908830" lon="19.14746190"><ele>148.28</ele><time>2025-10-20T11:37:55.133Z</time></trkpt><trkpt lat="47.60908310" lon="19.14746660"><ele>148.29</ele><time>2025-10-20T11:37:55.357Z</time></trkpt><trkpt lat="47.60907830" lon="19.14747100"><ele>148.30</ele><time>2025-10-20T11:37:55.560Z</time></trkpt><trkpt lat="47.60907360" lon="19.14747550"><ele>148.32</ele><time>2025-10-20T11:37:55.763Z</time></trkpt><trkpt lat="47.60906960" lon="19.14747960"><ele>148.32</ele><time>2025-10-20T11:37:55.945Z</time></trkpt><trkpt lat="47.60906550" lon="19.14748400"><ele>148.32</ele><time>2025-10-20T11:37:56.147Z</time></trkpt><trkpt lat="47.60906080" lon="19.14748900"><ele>148.29</ele><time>2025-10-20T11:37:56.360Z</time></trkpt><trkpt lat="47.60905650" lon="19.14749420"><ele>148.29</ele><time>2025-10-20T11:37:56.561Z</time></trkpt><trkpt lat="47.60905220" lon="19.14749970"><ele>148.29</ele><time>2025-10-20T11:37:56.761Z</time></trkpt><trkpt lat="47.60904840" lon="19.14750480"><ele>148.28</ele><time>2025-10-20T11:37:56.943Z</time></trkpt><trkpt lat="47.60904360" lon="19.14751140"><ele>148.28</ele><time>2025-10-20T11:37:57.164Z</time></trkpt><trkpt lat="47.60903970" lon="19.14751670"><ele>148.28</ele><time>2025-10-20T11:37:57.348Z</time></trkpt><trkpt lat="47.60903550" lon="19.14752240"><ele>148.28</ele><time>2025-10-20T11:37:57.549Z</time></trkpt><trkpt lat="47.60903130" lon="19.14752750"><ele>148.30</ele><time>2025-10-20T11:37:57.750Z</time></trkpt><trkpt lat="47.60902740" lon="19.14753200"><ele>148.30</ele><time>2025-10-20T11:37:57.932Z</time></trkpt><trkpt lat="47.60902250" lon="19.14753740"><ele>148.30</ele><time>2025-10-20T11:37:58.154Z</time></trkpt><trkpt lat="47.60901820" lon="19.14754200"><ele>148.29</ele><time>2025-10-20T11:37:58.349Z</time></trkpt><trkpt lat="47.60901410" lon="19.14754640"><ele>148.30</ele><time>2025-10-20T11:37:58.551Z</time></trkpt><trkpt lat="47.60900990" lon="19.14755080"><ele>148.31</ele><time>2025-10-20T11:37:58.753Z</time></trkpt><trkpt lat="47.60900550" lon="19.14755540"><ele>148.31</ele><time>2025-10-20T11:37:58.955Z</time></trkpt><trkpt lat="47.60900100" lon="19.14756000"><ele>148.33</ele><time>2025-10-20T11:37:59.159Z</time></trkpt><trkpt lat="47.60899680" lon="19.14756450"><ele>148.32</ele><time>2025-10-20T11:37:59.354Z</time></trkpt><trkpt lat="47.60899300" lon="19.14756840"><ele>148.31</ele><time>2025-10-20T11:37:59.535Z</time></trkpt><trkpt lat="47.60898900" lon="19.14757270"><ele>148.31</ele><time>2025-10-20T11:37:59.715Z</time></trkpt><trkpt lat="47.60898400" lon="19.14757800"><ele>148.33</ele><time>2025-10-20T11:37:59.940Z</time></trkpt><trkpt lat="47.60897960" lon="19.14758290"><ele>148.34</ele><time>2025-10-20T11:38:00.141Z</time></trkpt><trkpt lat="47.60897500" lon="19.14758800"><ele>148.35</ele><time>2025-10-20T11:38:00.353Z</time></trkpt><trkpt lat="47.60897060" lon="19.14759290"><ele>148.35</ele><time>2025-10-20T11:38:00.553Z</time></trkpt><trkpt lat="47.60896610" lon="19.14759790"><ele>148.36</ele><time>2025-10-20T11:38:00.754Z</time></trkpt><trkpt lat="47.60896170" lon="19.14760280"><ele>148.36</ele><time>2025-10-20T11:38:00.956Z</time></trkpt><trkpt lat="47.60895740" lon="19.14760760"><ele>148.37</ele><time>2025-10-20T11:38:01.158Z</time></trkpt><trkpt lat="47.60895310" lon="19.14761230"><ele>148.35</ele><time>2025-10-20T11:38:01.361Z</time></trkpt><trkpt lat="47.60894900" lon="19.14761690"><ele>148.34</ele><time>2025-10-20T11:38:01.561Z</time></trkpt><trkpt lat="47.60894490" lon="19.14762130"><ele>148.35</ele><time>2025-10-20T11:38:01.762Z</time></trkpt><trkpt lat="47.60894090" lon="19.14762580"><ele>148.36</ele><time>2025-10-20T11:38:01.963Z</time></trkpt><trkpt lat="47.60893690" lon="19.14763030"><ele>148.36</ele><time>2025-10-20T11:38:02.164Z</time></trkpt><trkpt lat="47.60893310" lon="19.14763460"><ele>148.36</ele><time>2025-10-20T11:38:02.350Z</time></trkpt><trkpt lat="47.60892920" lon="19.14763900"><ele>148.36</ele><time>2025-10-20T11:38:02.552Z</time></trkpt><trkpt lat="47.60892500" lon="19.14764360"><ele>148.36</ele><time>2025-10-20T11:38:02.756Z</time></trkpt><trkpt lat="47.60892100" lon="19.14764790"><ele>148.37</ele><time>2025-10-20T11:38:02.958Z</time></trkpt><trkpt lat="47.60891690" lon="19.14765250"><ele>148.38</ele><time>2025-10-20T11:38:03.160Z</time></trkpt><trkpt lat="47.60891280" lon="19.14765700"><ele>148.38</ele><time>2025-10-20T11:38:03.361Z</time></trkpt><trkpt lat="47.60890890" lon="19.14766140"><ele>148.39</ele><time>2025-10-20T11:38:03.561Z</time></trkpt><trkpt lat="47.60890520" lon="19.14766550"><ele>148.40</ele><time>2025-10-20T11:38:03.741Z</time></trkpt><trkpt lat="47.60890100" lon="19.14767010"><ele>148.40</ele><time>2025-10-20T11:38:03.943Z</time></trkpt><trkpt lat="47.60889630" lon="19.14767540"><ele>148.41</ele><time>2025-10-20T11:38:04.164Z</time></trkpt><trkpt lat="47.60889230" lon="19.14768000"><ele>148.41</ele><time>2025-10-20T11:38:04.368Z</time></trkpt><trkpt lat="47.60888820" lon="19.14768480"><ele>148.41</ele><time>2025-10-20T11:38:04.562Z</time></trkpt><trkpt lat="47.60888390" lon="19.14768970"><ele>148.41</ele><time>2025-10-20T11:38:04.764Z</time></trkpt><trkpt lat="47.60887950" lon="19.14769460"><ele>148.41</ele><time>2025-10-20T11:38:04.963Z</time></trkpt><trkpt lat="47.60887500" lon="19.14769940"><ele>148.42</ele><time>2025-10-20T11:38:05.163Z</time></trkpt><trkpt lat="47.60887090" lon="19.14770370"><ele>148.42</ele><time>2025-10-20T11:38:05.352Z</time></trkpt><trkpt lat="47.60886570" lon="19.14770900"><ele>148.42</ele><time>2025-10-20T11:38:05.573Z</time></trkpt><trkpt lat="47.60886090" lon="19.14771360"><ele>148.44</ele><time>2025-10-20T11:38:05.774Z</time></trkpt><trkpt lat="47.60885670" lon="19.14771770"><ele>148.46</ele><time>2025-10-20T11:38:05.954Z</time></trkpt><trkpt lat="47.60885190" lon="19.14772230"><ele>148.47</ele><time>2025-10-20T11:38:06.155Z</time></trkpt><trkpt lat="47.60884740" lon="19.14772670"><ele>148.47</ele><time>2025-10-20T11:38:06.338Z</time></trkpt><trkpt lat="47.60884170" lon="19.14773210"><ele>148.49</ele><time>2025-10-20T11:38:06.562Z</time></trkpt><trkpt lat="47.60883670" lon="19.14773690"><ele>148.51</ele><time>2025-10-20T11:38:06.763Z</time></trkpt><trkpt lat="47.60883140" lon="19.14774200"><ele>148.53</ele><time>2025-10-20T11:38:06.965Z</time></trkpt><trkpt lat="47.60882620" lon="19.14774700"><ele>148.54</ele><time>2025-10-20T11:38:07.166Z</time></trkpt><trkpt lat="47.60882090" lon="19.14775230"><ele>148.54</ele><time>2025-10-20T11:38:07.370Z</time></trkpt><trkpt lat="47.60881570" lon="19.14775750"><ele>148.54</ele><time>2025-10-20T11:38:07.571Z</time></trkpt><trkpt lat="47.60881070" lon="19.14776250"><ele>148.55</ele><time>2025-10-20T11:38:07.771Z</time></trkpt><trkpt lat="47.60880590" lon="19.14776740"><ele>148.56</ele><time>2025-10-20T11:38:07.971Z</time></trkpt><trkpt lat="47.60880110" lon="19.14777230"><ele>148.57</ele><time>2025-10-20T11:38:08.172Z</time></trkpt><trkpt lat="47.60879630" lon="19.14777720"><ele>148.56</ele><time>2025-10-20T11:38:08.378Z</time></trkpt><trkpt lat="47.60879170" lon="19.14778180"><ele>148.57</ele><time>2025-10-20T11:38:08.581Z</time></trkpt><trkpt lat="47.60878720" lon="19.14778640"><ele>148.58</ele><time>2025-10-20T11:38:08.783Z</time></trkpt><trkpt lat="47.60878370" lon="19.14779020"><ele>148.58</ele><time>2025-10-20T11:38:08.945Z</time></trkpt><trkpt lat="47.60877860" lon="19.14779580"><ele>148.57</ele><time>2025-10-20T11:38:09.186Z</time></trkpt><trkpt lat="47.60877420" lon="19.14780040"><ele>148.57</ele><time>2025-10-20T11:38:09.394Z</time></trkpt><trkpt lat="47.60877040" lon="19.14780450"><ele>148.58</ele><time>2025-10-20T11:38:09.594Z</time></trkpt><trkpt lat="47.60876630" lon="19.14780900"><ele>148.58</ele><time>2025-10-20T11:38:09.794Z</time></trkpt><trkpt lat="47.60876210" lon="19.14781330"><ele>148.59</ele><time>2025-10-20T11:38:09.995Z</time></trkpt><trkpt lat="47.60875810" lon="19.14781740"><ele>148.62</ele><time>2025-10-20T11:38:10.197Z</time></trkpt><trkpt lat="47.60875390" lon="19.14782170"><ele>148.64</ele><time>2025-10-20T11:38:10.399Z</time></trkpt><trkpt lat="47.60875060" lon="19.14782520"><ele>148.64</ele><time>2025-10-20T11:38:10.560Z</time></trkpt><trkpt lat="47.60874570" lon="19.14783070"><ele>148.66</ele><time>2025-10-20T11:38:10.802Z</time></trkpt><trkpt lat="47.60874170" lon="19.14783540"><ele>148.67</ele><time>2025-10-20T11:38:11.004Z</time></trkpt><trkpt lat="47.60873850" lon="19.14783920"><ele>148.66</ele><time>2025-10-20T11:38:11.167Z</time></trkpt><trkpt lat="47.60873370" lon="19.14784500"><ele>148.64</ele><time>2025-10-20T11:38:11.400Z</time></trkpt><trkpt lat="47.60872990" lon="19.14784960"><ele>148.63</ele><time>2025-10-20T11:38:11.584Z</time></trkpt><trkpt lat="47.60872570" lon="19.14785470"><ele>148.63</ele><time>2025-10-20T11:38:11.786Z</time></trkpt><trkpt lat="47.60872150" lon="19.14785970"><ele>148.64</ele><time>2025-10-20T11:38:11.987Z</time></trkpt><trkpt lat="47.60871670" lon="19.14786500"><ele>148.65</ele><time>2025-10-20T11:38:12.208Z</time></trkpt><trkpt lat="47.60871280" lon="19.14786950"><ele>148.64</ele><time>2025-10-20T11:38:12.390Z</time></trkpt><trkpt lat="47.60870800" lon="19.14787470"><ele>148.64</ele><time>2025-10-20T11:38:12.612Z</time></trkpt><trkpt lat="47.60870420" lon="19.14787880"><ele>148.66</ele><time>2025-10-20T11:38:12.792Z</time></trkpt><trkpt lat="47.60869970" lon="19.14788390"><ele>148.66</ele><time>2025-10-20T11:38:13.013Z</time></trkpt><trkpt lat="47.60869580" lon="19.14788830"><ele>148.66</ele><time>2025-10-20T11:38:13.194Z</time></trkpt><trkpt lat="47.60869210" lon="19.14789230"><ele>148.65</ele><time>2025-10-20T11:38:13.366Z</time></trkpt><trkpt lat="47.60868730" lon="19.14789740"><ele>148.64</ele><time>2025-10-20T11:38:13.586Z</time></trkpt><trkpt lat="47.60868250" lon="19.14790250"><ele>148.63</ele><time>2025-10-20T11:38:13.807Z</time></trkpt><trkpt lat="47.60867800" lon="19.14790730"><ele>148.62</ele><time>2025-10-20T11:38:14.009Z</time></trkpt><trkpt lat="47.60867350" lon="19.14791200"><ele>148.62</ele><time>2025-10-20T11:38:14.209Z</time></trkpt><trkpt lat="47.60866890" lon="19.14791680"><ele>148.60</ele><time>2025-10-20T11:38:14.413Z</time></trkpt><trkpt lat="47.60866450" lon="19.14792140"><ele>148.60</ele><time>2025-10-20T11:38:14.614Z</time></trkpt><trkpt lat="47.60866000" lon="19.14792610"><ele>148.60</ele><time>2025-10-20T11:38:14.813Z</time></trkpt><trkpt lat="47.60865550" lon="19.14793090"><ele>148.59</ele><time>2025-10-20T11:38:15.014Z</time></trkpt><trkpt lat="47.60865120" lon="19.14793560"><ele>148.58</ele><time>2025-10-20T11:38:15.215Z</time></trkpt><trkpt lat="47.60864660" lon="19.14794050"><ele>148.57</ele><time>2025-10-20T11:38:15.419Z</time></trkpt><trkpt lat="47.60864210" lon="19.14794530"><ele>148.57</ele><time>2025-10-20T11:38:15.621Z</time></trkpt><trkpt lat="47.60863750" lon="19.14795020"><ele>148.58</ele><time>2025-10-20T11:38:15.824Z</time></trkpt><trkpt lat="47.60863320" lon="19.14795500"><ele>148.58</ele><time>2025-10-20T11:38:16.026Z</time></trkpt><trkpt lat="47.60862920" lon="19.14795930"><ele>148.58</ele><time>2025-10-20T11:38:16.208Z</time></trkpt><trkpt lat="47.60862470" lon="19.14796410"><ele>148.57</ele><time>2025-10-20T11:38:16.411Z</time></trkpt><trkpt lat="47.60862010" lon="19.14796880"><ele>148.58</ele><time>2025-10-20T11:38:16.612Z</time></trkpt><trkpt lat="47.60861560" lon="19.14797330"><ele>148.59</ele><time>2025-10-20T11:38:16.812Z</time></trkpt><trkpt lat="47.60861170" lon="19.14797730"><ele>148.59</ele><time>2025-10-20T11:38:16.993Z</time></trkpt><trkpt lat="47.60860680" lon="19.14798210"><ele>148.59</ele><time>2025-10-20T11:38:17.215Z</time></trkpt><trkpt lat="47.60860230" lon="19.14798670"><ele>148.59</ele><time>2025-10-20T11:38:17.420Z</time></trkpt><trkpt lat="47.60859800" lon="19.14799090"><ele>148.62</ele><time>2025-10-20T11:38:17.610Z</time></trkpt><trkpt lat="47.60859370" lon="19.14799530"><ele>148.62</ele><time>2025-10-20T11:38:17.810Z</time></trkpt><trkpt lat="47.60858920" lon="19.14799990"><ele>148.65</ele><time>2025-10-20T11:38:18.013Z</time></trkpt><trkpt lat="47.60858460" lon="19.14800440"><ele>148.68</ele><time>2025-10-20T11:38:18.214Z</time></trkpt><trkpt lat="47.60858030" lon="19.14800880"><ele>148.69</ele><time>2025-10-20T11:38:18.405Z</time></trkpt><trkpt lat="47.60857540" lon="19.14801360"><ele>148.72</ele><time>2025-10-20T11:38:18.627Z</time></trkpt><trkpt lat="47.60857090" lon="19.14801810"><ele>148.74</ele><time>2025-10-20T11:38:18.827Z</time></trkpt><trkpt lat="47.60856630" lon="19.14802280"><ele>148.74</ele><time>2025-10-20T11:38:19.028Z</time></trkpt><trkpt lat="47.60856170" lon="19.14802770"><ele>148.74</ele><time>2025-10-20T11:38:19.229Z</time></trkpt><trkpt lat="47.60855690" lon="19.14803290"><ele>148.75</ele><time>2025-10-20T11:38:19.442Z</time></trkpt><trkpt lat="47.60855240" lon="19.14803800"><ele>148.75</ele><time>2025-10-20T11:38:19.645Z</time></trkpt><trkpt lat="47.60854800" lon="19.14804310"><ele>148.74</ele><time>2025-10-20T11:38:19.846Z</time></trkpt><trkpt lat="47.60854350" lon="19.14804830"><ele>148.73</ele><time>2025-10-20T11:38:20.049Z</time></trkpt><trkpt lat="47.60853910" lon="19.14805340"><ele>148.74</ele><time>2025-10-20T11:38:20.253Z</time></trkpt><trkpt lat="47.60853590" lon="19.14805710"><ele>148.76</ele><time>2025-10-20T11:38:20.403Z</time></trkpt><trkpt lat="47.60853090" lon="19.14806280"><ele>148.79</ele><time>2025-10-20T11:38:20.642Z</time></trkpt><trkpt lat="47.60852650" lon="19.14806770"><ele>148.80</ele><time>2025-10-20T11:38:20.844Z</time></trkpt><trkpt lat="47.60852270" lon="19.14807200"><ele>148.84</ele><time>2025-10-20T11:38:21.024Z</time></trkpt><trkpt lat="47.60851800" lon="19.14807730"><ele>148.88</ele><time>2025-10-20T11:38:21.245Z</time></trkpt><trkpt lat="47.60851370" lon="19.14808210"><ele>148.91</ele><time>2025-10-20T11:38:21.447Z</time></trkpt><trkpt lat="47.60851000" lon="19.14808620"><ele>148.91</ele><time>2025-10-20T11:38:21.627Z</time></trkpt><trkpt lat="47.60850610" lon="19.14809040"><ele>148.94</ele><time>2025-10-20T11:38:21.829Z</time></trkpt><trkpt lat="47.60850250" lon="19.14809420"><ele>148.95</ele><time>2025-10-20T11:38:22.052Z</time></trkpt><trkpt lat="47.60850010" lon="19.14809650"><ele>148.96</ele><time>2025-10-20T11:38:22.242Z</time></trkpt><trkpt lat="47.60849840" lon="19.14809800"><ele>148.96</ele><time>2025-10-20T11:38:22.431Z</time></trkpt><trkpt lat="47.60849700" lon="19.14809880"><ele>148.94</ele><time>2025-10-20T11:38:22.653Z</time></trkpt><trkpt lat="47.60849640" lon="19.14809880"><ele>148.94</ele><time>2025-10-20T11:38:22.834Z</time></trkpt><trkpt lat="47.60849630" lon="19.14809830"><ele>148.94</ele><time>2025-10-20T11:38:23.035Z</time></trkpt><trkpt lat="47.60849660" lon="19.14809740"><ele>148.93</ele><time>2025-10-20T11:38:23.237Z</time></trkpt><trkpt lat="47.60849720" lon="19.14809630"><ele>148.93</ele><time>2025-10-20T11:38:23.423Z</time></trkpt><trkpt lat="47.60849820" lon="19.14809490"><ele>148.92</ele><time>2025-10-20T11:38:23.646Z</time></trkpt><trkpt lat="47.60849940" lon="19.14809360"><ele>148.91</ele><time>2025-10-20T11:38:23.848Z</time></trkpt><trkpt lat="47.60850070" lon="19.14809210"><ele>148.91</ele><time>2025-10-20T11:38:24.049Z</time></trkpt><trkpt lat="47.60850210" lon="19.14809050"><ele>148.93</ele><time>2025-10-20T11:38:24.258Z</time></trkpt><trkpt lat="47.60850330" lon="19.14808840"><ele>148.92</ele><time>2025-10-20T11:38:24.464Z</time></trkpt><trkpt lat="47.60850400" lon="19.14808540"><ele>148.92</ele><time>2025-10-20T11:38:24.667Z</time></trkpt><trkpt lat="47.60850410" lon="19.14808130"><ele>148.92</ele><time>2025-10-20T11:38:24.871Z</time></trkpt><trkpt lat="47.60850350" lon="19.14807600"><ele>148.94</ele><time>2025-10-20T11:38:25.074Z</time></trkpt><trkpt lat="47.60850230" lon="19.14806970"><ele>148.96</ele><time>2025-10-20T11:38:25.276Z</time></trkpt><trkpt lat="47.60850060" lon="19.14806290"><ele>148.94</ele><time>2025-10-20T11:38:25.480Z</time></trkpt><trkpt lat="47.60849850" lon="19.14805570"><ele>148.91</ele><time>2025-10-20T11:38:25.684Z</time></trkpt><trkpt lat="47.60849590" lon="19.14804810"><ele>148.91</ele><time>2025-10-20T11:38:25.883Z</time></trkpt><trkpt lat="47.60849290" lon="19.14804020"><ele>148.90</ele><time>2025-10-20T11:38:26.085Z</time></trkpt><trkpt lat="47.60848970" lon="19.14803250"><ele>148.88</ele><time>2025-10-20T11:38:26.279Z</time></trkpt><trkpt lat="47.60848630" lon="19.14802440"><ele>148.88</ele><time>2025-10-20T11:38:26.481Z</time></trkpt><trkpt lat="47.60848300" lon="19.14801700"><ele>148.87</ele><time>2025-10-20T11:38:26.662Z</time></trkpt><trkpt lat="47.60847910" lon="19.14800850"><ele>148.87</ele><time>2025-10-20T11:38:26.864Z</time></trkpt><trkpt lat="47.60847510" lon="19.14800000"><ele>148.87</ele><time>2025-10-20T11:38:27.064Z</time></trkpt><trkpt lat="47.60847100" lon="19.14799120"><ele>148.87</ele><time>2025-10-20T11:38:27.278Z</time></trkpt><trkpt lat="47.60846700" lon="19.14798290"><ele>148.85</ele><time>2025-10-20T11:38:27.483Z</time></trkpt><trkpt lat="47.60846300" lon="19.14797470"><ele>148.85</ele><time>2025-10-20T11:38:27.686Z</time></trkpt><trkpt lat="47.60845900" lon="19.14796650"><ele>148.85</ele><time>2025-10-20T11:38:27.887Z</time></trkpt><trkpt lat="47.60845500" lon="19.14795860"><ele>148.85</ele><time>2025-10-20T11:38:28.089Z</time></trkpt><trkpt lat="47.60845100" lon="19.14795070"><ele>148.84</ele><time>2025-10-20T11:38:28.295Z</time></trkpt><trkpt lat="47.60844760" lon="19.14794370"><ele>148.84</ele><time>2025-10-20T11:38:28.476Z</time></trkpt><trkpt lat="47.60844340" lon="19.14793530"><ele>148.83</ele><time>2025-10-20T11:38:28.699Z</time></trkpt><trkpt lat="47.60843980" lon="19.14792820"><ele>148.84</ele><time>2025-10-20T11:38:28.902Z</time></trkpt><trkpt lat="47.60843630" lon="19.14792120"><ele>148.86</ele><time>2025-10-20T11:38:29.104Z</time></trkpt><trkpt lat="47.60843300" lon="19.14791470"><ele>148.84</ele><time>2025-10-20T11:38:29.290Z</time></trkpt><trkpt lat="47.60842940" lon="19.14790760"><ele>148.82</ele><time>2025-10-20T11:38:29.494Z</time></trkpt><trkpt lat="47.60842600" lon="19.14790070"><ele>148.83</ele><time>2025-10-20T11:38:29.698Z</time></trkpt><trkpt lat="47.60842270" lon="19.14789400"><ele>148.83</ele><time>2025-10-20T11:38:29.902Z</time></trkpt><trkpt lat="47.60841950" lon="19.14788770"><ele>148.82</ele><time>2025-10-20T11:38:30.104Z</time></trkpt><trkpt lat="47.60841640" lon="19.14788150"><ele>148.79</ele><time>2025-10-20T11:38:30.296Z</time></trkpt><trkpt lat="47.60841320" lon="19.14787520"><ele>148.76</ele><time>2025-10-20T11:38:30.498Z</time></trkpt><trkpt lat="47.60841030" lon="19.14786940"><ele>148.77</ele><time>2025-10-20T11:38:30.679Z</time></trkpt><trkpt lat="47.60840760" lon="19.14786390"><ele>148.78</ele><time>2025-10-20T11:38:30.860Z</time></trkpt><trkpt lat="47.60840440" lon="19.14785730"><ele>148.78</ele><time>2025-10-20T11:38:31.061Z</time></trkpt><trkpt lat="47.60840080" lon="19.14784990"><ele>148.76</ele><time>2025-10-20T11:38:31.295Z</time></trkpt><trkpt lat="47.60839800" lon="19.14784420"><ele>148.74</ele><time>2025-10-20T11:38:31.477Z</time></trkpt><trkpt lat="47.60839450" lon="19.14783730"><ele>148.72</ele><time>2025-10-20T11:38:31.699Z</time></trkpt><trkpt lat="47.60839120" lon="19.14783080"><ele>148.71</ele><time>2025-10-20T11:38:31.902Z</time></trkpt><trkpt lat="47.60838790" lon="19.14782440"><ele>148.70</ele><time>2025-10-20T11:38:32.102Z</time></trkpt><trkpt lat="47.60838550" lon="19.14781950"><ele>148.69</ele><time>2025-10-20T11:38:32.260Z</time></trkpt><trkpt lat="47.60838220" lon="19.14781310"><ele>148.68</ele><time>2025-10-20T11:38:32.469Z</time></trkpt><trkpt lat="47.60837870" lon="19.14780620"><ele>148.67</ele><time>2025-10-20T11:38:32.690Z</time></trkpt><trkpt lat="47.60837540" lon="19.14779980"><ele>148.66</ele><time>2025-10-20T11:38:32.894Z</time></trkpt><trkpt lat="47.60837250" lon="19.14779410"><ele>148.65</ele><time>2025-10-20T11:38:33.075Z</time></trkpt><trkpt lat="47.60836940" lon="19.14778800"><ele>148.63</ele><time>2025-10-20T11:38:33.278Z</time></trkpt><trkpt lat="47.60836590" lon="19.14778100"><ele>148.60</ele><time>2025-10-20T11:38:33.502Z</time></trkpt><trkpt lat="47.60836270" lon="19.14777460"><ele>148.59</ele><time>2025-10-20T11:38:33.702Z</time></trkpt><trkpt lat="47.60835950" lon="19.14776800"><ele>148.58</ele><time>2025-10-20T11:38:33.904Z</time></trkpt><trkpt lat="47.60835630" lon="19.14776150"><ele>148.56</ele><time>2025-10-20T11:38:34.105Z</time></trkpt><trkpt lat="47.60835300" lon="19.14775490"><ele>148.55</ele><time>2025-10-20T11:38:34.310Z</time></trkpt><trkpt lat="47.60835030" lon="19.14774950"><ele>148.56</ele><time>2025-10-20T11:38:34.469Z</time></trkpt><trkpt lat="47.60834650" lon="19.14774170"><ele>148.57</ele><time>2025-10-20T11:38:34.711Z</time></trkpt><trkpt lat="47.60834340" lon="19.14773520"><ele>148.56</ele><time>2025-10-20T11:38:34.911Z</time></trkpt><trkpt lat="47.60834030" lon="19.14772870"><ele>148.55</ele><time>2025-10-20T11:38:35.113Z</time></trkpt><trkpt lat="47.60833750" lon="19.14772270"><ele>148.54</ele><time>2025-10-20T11:38:35.300Z</time></trkpt><trkpt lat="47.60833440" lon="19.14771620"><ele>148.53</ele><time>2025-10-20T11:38:35.505Z</time></trkpt><trkpt lat="47.60833170" lon="19.14771030"><ele>148.51</ele><time>2025-10-20T11:38:35.685Z</time></trkpt><trkpt lat="47.60832870" lon="19.14770440"><ele>148.50</ele><time>2025-10-20T11:38:35.886Z</time></trkpt><trkpt lat="47.60832560" lon="19.14769820"><ele>148.48</ele><time>2025-10-20T11:38:36.086Z</time></trkpt><trkpt lat="47.60832220" lon="19.14769210"><ele>148.46</ele><time>2025-10-20T11:38:36.287Z</time></trkpt><trkpt lat="47.60831870" lon="19.14768600"><ele>148.45</ele><time>2025-10-20T11:38:36.488Z</time></trkpt><trkpt lat="47.60831430" lon="19.14767850"><ele>148.44</ele><time>2025-10-20T11:38:36.728Z</time></trkpt><trkpt lat="47.60831100" lon="19.14767290"><ele>148.41</ele><time>2025-10-20T11:38:36.909Z</time></trkpt><trkpt lat="47.60830730" lon="19.14766660"><ele>148.39</ele><time>2025-10-20T11:38:37.110Z</time></trkpt><trkpt lat="47.60830420" lon="19.14766100"><ele>148.38</ele><time>2025-10-20T11:38:37.291Z</time></trkpt><trkpt lat="47.60830070" lon="19.14765470"><ele>148.37</ele><time>2025-10-20T11:38:37.495Z</time></trkpt><trkpt lat="47.60829740" lon="19.14764830"><ele>148.38</ele><time>2025-10-20T11:38:37.696Z</time></trkpt><trkpt lat="47.60829410" lon="19.14764170"><ele>148.37</ele><time>2025-10-20T11:38:37.896Z</time></trkpt><trkpt lat="47.60829090" lon="19.14763520"><ele>148.35</ele><time>2025-10-20T11:38:38.096Z</time></trkpt><trkpt lat="47.60828780" lon="19.14762850"><ele>148.34</ele><time>2025-10-20T11:38:38.302Z</time></trkpt><trkpt lat="47.60828490" lon="19.14762250"><ele>148.33</ele><time>2025-10-20T11:38:38.490Z</time></trkpt><trkpt lat="47.60828180" lon="19.14761600"><ele>148.31</ele><time>2025-10-20T11:38:38.693Z</time></trkpt><trkpt lat="47.60827840" lon="19.14760880"><ele>148.28</ele><time>2025-10-20T11:38:38.918Z</time></trkpt><trkpt lat="47.60827520" lon="19.14760240"><ele>148.28</ele><time>2025-10-20T11:38:39.119Z</time></trkpt><trkpt lat="47.60827190" lon="19.14759550"><ele>148.27</ele><time>2025-10-20T11:38:39.333Z</time></trkpt><trkpt lat="47.60826900" lon="19.14758960"><ele>148.26</ele><time>2025-10-20T11:38:39.513Z</time></trkpt><trkpt lat="47.60826550" lon="19.14758270"><ele>148.26</ele><time>2025-10-20T11:38:39.736Z</time></trkpt><trkpt lat="47.60826260" lon="19.14757710"><ele>148.24</ele><time>2025-10-20T11:38:39.917Z</time></trkpt><trkpt lat="47.60825940" lon="19.14757070"><ele>148.23</ele><time>2025-10-20T11:38:40.118Z</time></trkpt><trkpt lat="47.60825620" lon="19.14756420"><ele>148.21</ele><time>2025-10-20T11:38:40.321Z</time></trkpt><trkpt lat="47.60825320" lon="19.14755800"><ele>148.21</ele><time>2025-10-20T11:38:40.522Z</time></trkpt><trkpt lat="47.60825000" lon="19.14755130"><ele>148.22</ele><time>2025-10-20T11:38:40.732Z</time></trkpt><trkpt lat="47.60824690" lon="19.14754480"><ele>148.22</ele><time>2025-10-20T11:38:40.932Z</time></trkpt><trkpt lat="47.60824380" lon="19.14753810"><ele>148.21</ele><time>2025-10-20T11:38:41.133Z</time></trkpt><trkpt lat="47.60824080" lon="19.14753150"><ele>148.19</ele><time>2025-10-20T11:38:41.338Z</time></trkpt><trkpt lat="47.60823780" lon="19.14752500"><ele>148.16</ele><time>2025-10-20T11:38:41.539Z</time></trkpt><trkpt lat="47.60823470" lon="19.14751820"><ele>148.14</ele><time>2025-10-20T11:38:41.741Z</time></trkpt><trkpt lat="47.60823170" lon="19.14751130"><ele>148.14</ele><time>2025-10-20T11:38:41.944Z</time></trkpt><trkpt lat="47.60822890" lon="19.14750500"><ele>148.12</ele><time>2025-10-20T11:38:42.130Z</time></trkpt><trkpt lat="47.60822600" lon="19.14749820"><ele>148.10</ele><time>2025-10-20T11:38:42.334Z</time></trkpt><trkpt lat="47.60822340" lon="19.14749210"><ele>148.09</ele><time>2025-10-20T11:38:42.515Z</time></trkpt><trkpt lat="47.60822010" lon="19.14748440"><ele>148.10</ele><time>2025-10-20T11:38:42.736Z</time></trkpt><trkpt lat="47.60821720" lon="19.14747750"><ele>148.09</ele><time>2025-10-20T11:38:42.936Z</time></trkpt><trkpt lat="47.60821440" lon="19.14747100"><ele>148.09</ele><time>2025-10-20T11:38:43.137Z</time></trkpt><trkpt lat="47.60821170" lon="19.14746530"><ele>148.07</ele><time>2025-10-20T11:38:43.317Z</time></trkpt><trkpt lat="47.60820840" lon="19.14745830"><ele>148.05</ele><time>2025-10-20T11:38:43.539Z</time></trkpt><trkpt lat="47.60820520" lon="19.14745200"><ele>148.04</ele><time>2025-10-20T11:38:43.744Z</time></trkpt><trkpt lat="47.60820190" lon="19.14744550"><ele>148.04</ele><time>2025-10-20T11:38:43.954Z</time></trkpt><trkpt lat="47.60819960" lon="19.14744120"><ele>148.02</ele><time>2025-10-20T11:38:44.096Z</time></trkpt><trkpt lat="47.60819590" lon="19.14743410"><ele>148.00</ele><time>2025-10-20T11:38:44.322Z</time></trkpt><trkpt lat="47.60819230" lon="19.14742710"><ele>147.99</ele><time>2025-10-20T11:38:44.542Z</time></trkpt><trkpt lat="47.60818920" lon="19.14742080"><ele>147.99</ele><time>2025-10-20T11:38:44.743Z</time></trkpt><trkpt lat="47.60818600" lon="19.14741440"><ele>147.98</ele><time>2025-10-20T11:38:44.945Z</time></trkpt><trkpt lat="47.60818280" lon="19.14740790"><ele>147.97</ele><time>2025-10-20T11:38:45.147Z</time></trkpt><trkpt lat="47.60818010" lon="19.14740240"><ele>147.97</ele><time>2025-10-20T11:38:45.322Z</time></trkpt><trkpt lat="47.60817710" lon="19.14739590"><ele>147.95</ele><time>2025-10-20T11:38:45.529Z</time></trkpt><trkpt lat="47.60817370" lon="19.14738880"><ele>147.95</ele><time>2025-10-20T11:38:45.752Z</time></trkpt><trkpt lat="47.60817080" lon="19.14738300"><ele>147.94</ele><time>2025-10-20T11:38:45.935Z</time></trkpt><trkpt lat="47.60816770" lon="19.14737670"><ele>147.94</ele><time>2025-10-20T11:38:46.135Z</time></trkpt><trkpt lat="47.60816450" lon="19.14737030"><ele>147.94</ele><time>2025-10-20T11:38:46.346Z</time></trkpt><trkpt lat="47.60816140" lon="19.14736380"><ele>147.93</ele><time>2025-10-20T11:38:46.547Z</time></trkpt><trkpt lat="47.60815800" lon="19.14735680"><ele>147.93</ele><time>2025-10-20T11:38:46.769Z</time></trkpt><trkpt lat="47.60815470" lon="19.14735030"><ele>147.92</ele><time>2025-10-20T11:38:46.970Z</time></trkpt><trkpt lat="47.60815150" lon="19.14734370"><ele>147.92</ele><time>2025-10-20T11:38:47.170Z</time></trkpt><trkpt lat="47.60814810" lon="19.14733690"><ele>147.91</ele><time>2025-10-20T11:38:47.375Z</time></trkpt><trkpt lat="47.60814520" lon="19.14733090"><ele>147.91</ele><time>2025-10-20T11:38:47.555Z</time></trkpt><trkpt lat="47.60814160" lon="19.14732360"><ele>147.90</ele><time>2025-10-20T11:38:47.776Z</time></trkpt><trkpt lat="47.60813870" lon="19.14731770"><ele>147.89</ele><time>2025-10-20T11:38:47.957Z</time></trkpt><trkpt lat="47.60813510" lon="19.14731060"><ele>147.88</ele><time>2025-10-20T11:38:48.179Z</time></trkpt><trkpt lat="47.60813190" lon="19.14730440"><ele>147.86</ele><time>2025-10-20T11:38:48.371Z</time></trkpt><trkpt lat="47.60812860" lon="19.14729790"><ele>147.87</ele><time>2025-10-20T11:38:48.571Z</time></trkpt><trkpt lat="47.60812530" lon="19.14729150"><ele>147.86</ele><time>2025-10-20T11:38:48.773Z</time></trkpt><trkpt lat="47.60812200" lon="19.14728510"><ele>147.86</ele><time>2025-10-20T11:38:48.973Z</time></trkpt><trkpt lat="47.60811870" lon="19.14727880"><ele>147.85</ele><time>2025-10-20T11:38:49.175Z</time></trkpt><trkpt lat="47.60811530" lon="19.14727230"><ele>147.84</ele><time>2025-10-20T11:38:49.380Z</time></trkpt><trkpt lat="47.60811190" lon="19.14726590"><ele>147.84</ele><time>2025-10-20T11:38:49.580Z</time></trkpt><trkpt lat="47.60810870" lon="19.14725960"><ele>147.83</ele><time>2025-10-20T11:38:49.781Z</time></trkpt><trkpt lat="47.60810540" lon="19.14725300"><ele>147.81</ele><time>2025-10-20T11:38:49.982Z</time></trkpt><trkpt lat="47.60810200" lon="19.14724640"><ele>147.81</ele><time>2025-10-20T11:38:50.182Z</time></trkpt><trkpt lat="47.60809920" lon="19.14724070"><ele>147.80</ele><time>2025-10-20T11:38:50.355Z</time></trkpt><trkpt lat="47.60809570" lon="19.14723360"><ele>147.81</ele><time>2025-10-20T11:38:50.583Z</time></trkpt><trkpt lat="47.60809230" lon="19.14722700"><ele>147.81</ele><time>2025-10-20T11:38:50.785Z</time></trkpt><trkpt lat="47.60808910" lon="19.14722050"><ele>147.80</ele><time>2025-10-20T11:38:50.983Z</time></trkpt><trkpt lat="47.60808580" lon="19.14721410"><ele>147.80</ele><time>2025-10-20T11:38:51.184Z</time></trkpt><trkpt lat="47.60808290" lon="19.14720830"><ele>147.79</ele><time>2025-10-20T11:38:51.368Z</time></trkpt><trkpt lat="47.60807970" lon="19.14720180"><ele>147.78</ele><time>2025-10-20T11:38:51.568Z</time></trkpt><trkpt lat="47.60807640" lon="19.14719530"><ele>147.77</ele><time>2025-10-20T11:38:51.769Z</time></trkpt><trkpt lat="47.60807330" lon="19.14718880"><ele>147.76</ele><time>2025-10-20T11:38:51.970Z</time></trkpt><trkpt lat="47.60807010" lon="19.14718210"><ele>147.75</ele><time>2025-10-20T11:38:52.170Z</time></trkpt><trkpt lat="47.60806680" lon="19.14717530"><ele>147.74</ele><time>2025-10-20T11:38:52.378Z</time></trkpt><trkpt lat="47.60806350" lon="19.14716850"><ele>147.73</ele><time>2025-10-20T11:38:52.582Z</time></trkpt><trkpt lat="47.60806030" lon="19.14716190"><ele>147.71</ele><time>2025-10-20T11:38:52.783Z</time></trkpt><trkpt lat="47.60805710" lon="19.14715510"><ele>147.70</ele><time>2025-10-20T11:38:52.986Z</time></trkpt><trkpt lat="47.60805410" lon="19.14714890"><ele>147.69</ele><time>2025-10-20T11:38:53.170Z</time></trkpt><trkpt lat="47.60805090" lon="19.14714240"><ele>147.68</ele><time>2025-10-20T11:38:53.361Z</time></trkpt><trkpt lat="47.60804740" lon="19.14713520"><ele>147.68</ele><time>2025-10-20T11:38:53.583Z</time></trkpt><trkpt lat="47.60804430" lon="19.14712860"><ele>147.69</ele><time>2025-10-20T11:38:53.783Z</time></trkpt><trkpt lat="47.60804100" lon="19.14712170"><ele>147.68</ele><time>2025-10-20T11:38:53.984Z</time></trkpt><trkpt lat="47.60803780" lon="19.14711490"><ele>147.67</ele><time>2025-10-20T11:38:54.186Z</time></trkpt><trkpt lat="47.60803520" lon="19.14710940"><ele>147.66</ele><time>2025-10-20T11:38:54.351Z</time></trkpt><trkpt lat="47.60803180" lon="19.14710210"><ele>147.65</ele><time>2025-10-20T11:38:54.571Z</time></trkpt><trkpt lat="47.60802870" lon="19.14709540"><ele>147.65</ele><time>2025-10-20T11:38:54.773Z</time></trkpt><trkpt lat="47.60802580" lon="19.14708930"><ele>147.65</ele><time>2025-10-20T11:38:54.954Z</time></trkpt><trkpt lat="47.60802280" lon="19.14708280"><ele>147.64</ele><time>2025-10-20T11:38:55.154Z</time></trkpt><trkpt lat="47.60801960" lon="19.14707590"><ele>147.64</ele><time>2025-10-20T11:38:55.364Z</time></trkpt><trkpt lat="47.60801620" lon="19.14706870"><ele>147.63</ele><time>2025-10-20T11:38:55.586Z</time></trkpt><trkpt lat="47.60801340" lon="19.14706300"><ele>147.63</ele><time>2025-10-20T11:38:55.766Z</time></trkpt><trkpt lat="47.60801030" lon="19.14705660"><ele>147.63</ele><time>2025-10-20T11:38:55.967Z</time></trkpt><trkpt lat="47.60800720" lon="19.14705030"><ele>147.62</ele><time>2025-10-20T11:38:56.168Z</time></trkpt><trkpt lat="47.60800400" lon="19.14704360"><ele>147.61</ele><time>2025-10-20T11:38:56.380Z</time></trkpt><trkpt lat="47.60800100" lon="19.14703730"><ele>147.61</ele><time>2025-10-20T11:38:56.581Z</time></trkpt><trkpt lat="47.60799790" lon="19.14703100"><ele>147.60</ele><time>2025-10-20T11:38:56.784Z</time></trkpt><trkpt lat="47.60799490" lon="19.14702480"><ele>147.60</ele><time>2025-10-20T11:38:56.985Z</time></trkpt><trkpt lat="47.60799180" lon="19.14701860"><ele>147.60</ele><time>2025-10-20T11:38:57.188Z</time></trkpt><trkpt lat="47.60798850" lon="19.14701210"><ele>147.58</ele><time>2025-10-20T11:38:57.399Z</time></trkpt><trkpt lat="47.60798570" lon="19.14700660"><ele>147.57</ele><time>2025-10-20T11:38:57.583Z</time></trkpt><trkpt lat="47.60798260" lon="19.14700050"><ele>147.57</ele><time>2025-10-20T11:38:57.783Z</time></trkpt><trkpt lat="47.60797940" lon="19.14699400"><ele>147.56</ele><time>2025-10-20T11:38:57.986Z</time></trkpt><trkpt lat="47.60797650" lon="19.14698810"><ele>147.56</ele><time>2025-10-20T11:38:58.169Z</time></trkpt><trkpt lat="47.60797310" lon="19.14698110"><ele>147.56</ele><time>2025-10-20T11:38:58.392Z</time></trkpt><trkpt lat="47.60796990" lon="19.14697470"><ele>147.55</ele><time>2025-10-20T11:38:58.593Z</time></trkpt><trkpt lat="47.60796670" lon="19.14696830"><ele>147.54</ele><time>2025-10-20T11:38:58.795Z</time></trkpt><trkpt lat="47.60796350" lon="19.14696180"><ele>147.53</ele><time>2025-10-20T11:38:58.996Z</time></trkpt><trkpt lat="47.60796020" lon="19.14695520"><ele>147.53</ele><time>2025-10-20T11:38:59.198Z</time></trkpt><trkpt lat="47.60795720" lon="19.14694910"><ele>147.52</ele><time>2025-10-20T11:38:59.385Z</time></trkpt><trkpt lat="47.60795400" lon="19.14694250"><ele>147.51</ele><time>2025-10-20T11:38:59.587Z</time></trkpt><trkpt lat="47.60795070" lon="19.14693580"><ele>147.50</ele><time>2025-10-20T11:38:59.790Z</time></trkpt><trkpt lat="47.60794770" lon="19.14692980"><ele>147.49</ele><time>2025-10-20T11:38:59.972Z</time></trkpt><trkpt lat="47.60794420" lon="19.14692260"><ele>147.48</ele><time>2025-10-20T11:39:00.193Z</time></trkpt><trkpt lat="47.60794120" lon="19.14691630"><ele>147.46</ele><time>2025-10-20T11:39:00.387Z</time></trkpt><trkpt lat="47.60793790" lon="19.14690950"><ele>147.45</ele><time>2025-10-20T11:39:00.591Z</time></trkpt><trkpt lat="47.60793470" lon="19.14690280"><ele>147.45</ele><time>2025-10-20T11:39:00.791Z</time></trkpt><trkpt lat="47.60793160" lon="19.14689630"><ele>147.44</ele><time>2025-10-20T11:39:00.991Z</time></trkpt><trkpt lat="47.60792840" lon="19.14688960"><ele>147.43</ele><time>2025-10-20T11:39:01.192Z</time></trkpt><trkpt lat="47.60792600" lon="19.14688450"><ele>147.42</ele><time>2025-10-20T11:39:01.343Z</time></trkpt><trkpt lat="47.60792240" lon="19.14687710"><ele>147.40</ele><time>2025-10-20T11:39:01.564Z</time></trkpt><trkpt lat="47.60791890" lon="19.14686980"><ele>147.39</ele><time>2025-10-20T11:39:01.784Z</time></trkpt><trkpt lat="47.60791600" lon="19.14686370"><ele>147.38</ele><time>2025-10-20T11:39:01.965Z</time></trkpt><trkpt lat="47.60791280" lon="19.14685710"><ele>147.36</ele><time>2025-10-20T11:39:02.166Z</time></trkpt><trkpt lat="47.60790940" lon="19.14685010"><ele>147.35</ele><time>2025-10-20T11:39:02.392Z</time></trkpt><trkpt lat="47.60790660" lon="19.14684430"><ele>147.34</ele><time>2025-10-20T11:39:02.574Z</time></trkpt><trkpt lat="47.60790310" lon="19.14683700"><ele>147.34</ele><time>2025-10-20T11:39:02.793Z</time></trkpt><trkpt lat="47.60789980" lon="19.14683030"><ele>147.34</ele><time>2025-10-20T11:39:02.994Z</time></trkpt><trkpt lat="47.60789690" lon="19.14682430"><ele>147.34</ele><time>2025-10-20T11:39:03.180Z</time></trkpt><trkpt lat="47.60789330" lon="19.14681700"><ele>147.34</ele><time>2025-10-20T11:39:03.402Z</time></trkpt><trkpt lat="47.60789030" lon="19.14681100"><ele>147.34</ele><time>2025-10-20T11:39:03.590Z</time></trkpt><trkpt lat="47.60788700" lon="19.14680430"><ele>147.35</ele><time>2025-10-20T11:39:03.796Z</time></trkpt><trkpt lat="47.60788380" lon="19.14679770"><ele>147.36</ele><time>2025-10-20T11:39:03.997Z</time></trkpt><trkpt lat="47.60788060" lon="19.14679130"><ele>147.37</ele><time>2025-10-20T11:39:04.198Z</time></trkpt><trkpt lat="47.60787750" lon="19.14678530"><ele>147.38</ele><time>2025-10-20T11:39:04.400Z</time></trkpt><trkpt lat="47.60787470" lon="19.14677990"><ele>147.39</ele><time>2025-10-20T11:39:04.601Z</time></trkpt><trkpt lat="47.60787260" lon="19.14677560"><ele>147.39</ele><time>2025-10-20T11:39:04.804Z</time></trkpt><trkpt lat="47.60787110" lon="19.14677230"><ele>147.38</ele><time>2025-10-20T11:39:05.005Z</time></trkpt><trkpt lat="47.60787010" lon="19.14677010"><ele>147.37</ele><time>2025-10-20T11:39:05.209Z</time></trkpt><trkpt lat="47.60786970" lon="19.14676890"><ele>147.36</ele><time>2025-10-20T11:39:05.383Z</time></trkpt><trkpt lat="47.60786970" lon="19.14676810"><ele>147.33</ele><time>2025-10-20T11:39:05.606Z</time></trkpt><trkpt lat="47.60787010" lon="19.14676810"><ele>147.32</ele><time>2025-10-20T11:39:05.806Z</time></trkpt><trkpt lat="47.60787090" lon="19.14676860"><ele>147.32</ele><time>2025-10-20T11:39:06.007Z</time></trkpt><trkpt lat="47.60787190" lon="19.14676950"><ele>147.32</ele><time>2025-10-20T11:39:06.207Z</time></trkpt><trkpt lat="47.60787300" lon="19.14677070"><ele>147.32</ele><time>2025-10-20T11:39:06.411Z</time></trkpt><trkpt lat="47.60787420" lon="19.14677200"><ele>147.34</ele><time>2025-10-20T11:39:06.614Z</time></trkpt><trkpt lat="47.60787530" lon="19.14677330"><ele>147.36</ele><time>2025-10-20T11:39:06.796Z</time></trkpt><trkpt lat="47.60787650" lon="19.14677480"><ele>147.36</ele><time>2025-10-20T11:39:06.997Z</time></trkpt><trkpt lat="47.60787800" lon="19.14677600"><ele>147.36</ele><time>2025-10-20T11:39:07.200Z</time></trkpt><trkpt lat="47.60788010" lon="19.14677650"><ele>147.36</ele><time>2025-10-20T11:39:07.408Z</time></trkpt><trkpt lat="47.60788250" lon="19.14677620"><ele>147.36</ele><time>2025-10-20T11:39:07.591Z</time></trkpt><trkpt lat="47.60788630" lon="19.14677470"><ele>147.34</ele><time>2025-10-20T11:39:07.813Z</time></trkpt><trkpt lat="47.60789040" lon="19.14677240"><ele>147.34</ele><time>2025-10-20T11:39:08.014Z</time></trkpt><trkpt lat="47.60789420" lon="19.14676990"><ele>147.34</ele><time>2025-10-20T11:39:08.202Z</time></trkpt><trkpt lat="47.60789910" lon="19.14676640"><ele>147.32</ele><time>2025-10-20T11:39:08.408Z</time></trkpt><trkpt lat="47.60790420" lon="19.14676240"><ele>147.31</ele><time>2025-10-20T11:39:08.609Z</time></trkpt><trkpt lat="47.60790940" lon="19.14675820"><ele>147.31</ele><time>2025-10-20T11:39:08.809Z</time></trkpt><trkpt lat="47.60791500" lon="19.14675330"><ele>147.32</ele><time>2025-10-20T11:39:09.013Z</time></trkpt><trkpt lat="47.60791940" lon="19.14674920"><ele>147.33</ele><time>2025-10-20T11:39:09.175Z</time></trkpt><trkpt lat="47.60792540" lon="19.14674380"><ele>147.33</ele><time>2025-10-20T11:39:09.385Z</time></trkpt><trkpt lat="47.60793100" lon="19.14673860"><ele>147.33</ele><time>2025-10-20T11:39:09.585Z</time></trkpt><trkpt lat="47.60793700" lon="19.14673260"><ele>147.34</ele><time>2025-10-20T11:39:09.807Z</time></trkpt><trkpt lat="47.60794270" lon="19.14672700"><ele>147.35</ele><time>2025-10-20T11:39:10.008Z</time></trkpt><trkpt lat="47.60794710" lon="19.14672240"><ele>147.36</ele><time>2025-10-20T11:39:10.168Z</time></trkpt><trkpt lat="47.60795360" lon="19.14671570"><ele>147.36</ele><time>2025-10-20T11:39:10.407Z</time></trkpt><trkpt lat="47.60795870" lon="19.14671040"><ele>147.36</ele><time>2025-10-20T11:39:10.608Z</time></trkpt><trkpt lat="47.60796410" lon="19.14670500"><ele>147.36</ele><time>2025-10-20T11:39:10.811Z</time></trkpt><trkpt lat="47.60796930" lon="19.14669970"><ele>147.35</ele><time>2025-10-20T11:39:11.013Z</time></trkpt><trkpt lat="47.60797400" lon="19.14669510"><ele>147.36</ele><time>2025-10-20T11:39:11.195Z</time></trkpt><trkpt lat="47.60797860" lon="19.14669040"><ele>147.36</ele><time>2025-10-20T11:39:11.387Z</time></trkpt><trkpt lat="47.60798400" lon="19.14668510"><ele>147.36</ele><time>2025-10-20T11:39:11.608Z</time></trkpt><trkpt lat="47.60798890" lon="19.14668030"><ele>147.36</ele><time>2025-10-20T11:39:11.810Z</time></trkpt><trkpt lat="47.60799360" lon="19.14667550"><ele>147.36</ele><time>2025-10-20T11:39:12.012Z</time></trkpt><trkpt lat="47.60799760" lon="19.14667150"><ele>147.36</ele><time>2025-10-20T11:39:12.193Z</time></trkpt><trkpt lat="47.60800230" lon="19.14666670"><ele>147.36</ele><time>2025-10-20T11:39:12.398Z</time></trkpt><trkpt lat="47.60800670" lon="19.14666210"><ele>147.36</ele><time>2025-10-20T11:39:12.600Z</time></trkpt><trkpt lat="47.60801020" lon="19.14665860"><ele>147.36</ele><time>2025-10-20T11:39:12.761Z</time></trkpt><trkpt lat="47.60801560" lon="19.14665300"><ele>147.36</ele><time>2025-10-20T11:39:13.006Z</time></trkpt><trkpt lat="47.60802000" lon="19.14664850"><ele>147.35</ele><time>2025-10-20T11:39:13.209Z</time></trkpt><trkpt lat="47.60802390" lon="19.14664450"><ele>147.34</ele><time>2025-10-20T11:39:13.384Z</time></trkpt><trkpt lat="47.60802850" lon="19.14663950"><ele>147.34</ele><time>2025-10-20T11:39:13.605Z</time></trkpt><trkpt lat="47.60803210" lon="19.14663560"><ele>147.33</ele><time>2025-10-20T11:39:13.785Z</time></trkpt><trkpt lat="47.60803660" lon="19.14663070"><ele>147.32</ele><time>2025-10-20T11:39:14.006Z</time></trkpt><trkpt lat="47.60804050" lon="19.14662650"><ele>147.31</ele><time>2025-10-20T11:39:14.186Z</time></trkpt><trkpt lat="47.60804450" lon="19.14662210"><ele>147.31</ele><time>2025-10-20T11:39:14.380Z</time></trkpt><trkpt lat="47.60804880" lon="19.14661750"><ele>147.30</ele><time>2025-10-20T11:39:14.582Z</time></trkpt><trkpt lat="47.60805310" lon="19.14661290"><ele>147.30</ele><time>2025-10-20T11:39:14.784Z</time></trkpt><trkpt lat="47.60805780" lon="19.14660760"><ele>147.31</ele><time>2025-10-20T11:39:15.004Z</time></trkpt><trkpt lat="47.60806210" lon="19.14660290"><ele>147.31</ele><time>2025-10-20T11:39:15.205Z</time></trkpt><trkpt lat="47.60806630" lon="19.14659820"><ele>147.31</ele><time>2025-10-20T11:39:15.407Z</time></trkpt><trkpt lat="47.60807060" lon="19.14659350"><ele>147.30</ele><time>2025-10-20T11:39:15.607Z</time></trkpt><trkpt lat="47.60807500" lon="19.14658870"><ele>147.29</ele><time>2025-10-20T11:39:15.810Z</time></trkpt><trkpt lat="47.60807920" lon="19.14658400"><ele>147.28</ele><time>2025-10-20T11:39:16.010Z</time></trkpt><trkpt lat="47.60808350" lon="19.14657910"><ele>147.27</ele><time>2025-10-20T11:39:16.211Z</time></trkpt><trkpt lat="47.60808790" lon="19.14657410"><ele>147.26</ele><time>2025-10-20T11:39:16.419Z</time></trkpt><trkpt lat="47.60809230" lon="19.14656910"><ele>147.25</ele><time>2025-10-20T11:39:16.624Z</time></trkpt><trkpt lat="47.60809670" lon="19.14656420"><ele>147.24</ele><time>2025-10-20T11:39:16.825Z</time></trkpt><trkpt lat="47.60810110" lon="19.14655930"><ele>147.23</ele><time>2025-10-20T11:39:17.027Z</time></trkpt><trkpt lat="47.60810550" lon="19.14655440"><ele>147.22</ele><time>2025-10-20T11:39:17.231Z</time></trkpt><trkpt lat="47.60810920" lon="19.14655020"><ele>147.21</ele><time>2025-10-20T11:39:17.401Z</time></trkpt><trkpt lat="47.60811340" lon="19.14654550"><ele>147.21</ele><time>2025-10-20T11:39:17.604Z</time></trkpt><trkpt lat="47.60811770" lon="19.14654050"><ele>147.21</ele><time>2025-10-20T11:39:17.806Z</time></trkpt><trkpt lat="47.60812190" lon="19.14653580"><ele>147.21</ele><time>2025-10-20T11:39:18.007Z</time></trkpt><trkpt lat="47.60812690" lon="19.14653040"><ele>147.21</ele><time>2025-10-20T11:39:18.229Z</time></trkpt><trkpt lat="47.60813140" lon="19.14652550"><ele>147.20</ele><time>2025-10-20T11:39:18.435Z</time></trkpt><trkpt lat="47.60813570" lon="19.14652080"><ele>147.20</ele><time>2025-10-20T11:39:18.636Z</time></trkpt><trkpt lat="47.60814020" lon="19.14651600"><ele>147.19</ele><time>2025-10-20T11:39:18.835Z</time></trkpt><trkpt lat="47.60814470" lon="19.14651110"><ele>147.19</ele><time>2025-10-20T11:39:19.036Z</time></trkpt><trkpt lat="47.60814880" lon="19.14650660"><ele>147.18</ele><time>2025-10-20T11:39:19.221Z</time></trkpt><trkpt lat="47.60815350" lon="19.14650160"><ele>147.17</ele><time>2025-10-20T11:39:19.426Z</time></trkpt><trkpt lat="47.60815800" lon="19.14649680"><ele>147.15</ele><time>2025-10-20T11:39:19.626Z</time></trkpt><trkpt lat="47.60816250" lon="19.14649200"><ele>147.14</ele><time>2025-10-20T11:39:19.830Z</time></trkpt><trkpt lat="47.60816710" lon="19.14648720"><ele>147.12</ele><time>2025-10-20T11:39:20.032Z</time></trkpt><trkpt lat="47.60817130" lon="19.14648280"><ele>147.11</ele><time>2025-10-20T11:39:20.218Z</time></trkpt><trkpt lat="47.60817640" lon="19.14647730"><ele>147.10</ele><time>2025-10-20T11:39:20.445Z</time></trkpt><trkpt lat="47.60818080" lon="19.14647260"><ele>147.10</ele><time>2025-10-20T11:39:20.646Z</time></trkpt><trkpt lat="47.60818510" lon="19.14646770"><ele>147.10</ele><time>2025-10-20T11:39:20.848Z</time></trkpt><trkpt lat="47.60818960" lon="19.14646290"><ele>147.10</ele><time>2025-10-20T11:39:21.050Z</time></trkpt><trkpt lat="47.60819360" lon="19.14645850"><ele>147.09</ele><time>2025-10-20T11:39:21.235Z</time></trkpt><trkpt lat="47.60819810" lon="19.14645370"><ele>147.08</ele><time>2025-10-20T11:39:21.442Z</time></trkpt><trkpt lat="47.60820200" lon="19.14644960"><ele>147.07</ele><time>2025-10-20T11:39:21.623Z</time></trkpt><trkpt lat="47.60820690" lon="19.14644450"><ele>147.05</ele><time>2025-10-20T11:39:21.843Z</time></trkpt><trkpt lat="47.60821130" lon="19.14643960"><ele>147.05</ele><time>2025-10-20T11:39:22.044Z</time></trkpt><trkpt lat="47.60821570" lon="19.14643460"><ele>147.06</ele><time>2025-10-20T11:39:22.249Z</time></trkpt><trkpt lat="47.60822010" lon="19.14642980"><ele>147.05</ele><time>2025-10-20T11:39:22.453Z</time></trkpt><trkpt lat="47.60822360" lon="19.14642580"><ele>147.05</ele><time>2025-10-20T11:39:22.619Z</time></trkpt><trkpt lat="47.60822840" lon="19.14642040"><ele>147.04</ele><time>2025-10-20T11:39:22.845Z</time></trkpt><trkpt lat="47.60823180" lon="19.14641640"><ele>147.04</ele><time>2025-10-20T11:39:23.008Z</time></trkpt><trkpt lat="47.60823640" lon="19.14641140"><ele>147.04</ele><time>2025-10-20T11:39:23.228Z</time></trkpt><trkpt lat="47.60824070" lon="19.14640660"><ele>147.04</ele><time>2025-10-20T11:39:23.440Z</time></trkpt><trkpt lat="47.60824500" lon="19.14640200"><ele>147.04</ele><time>2025-10-20T11:39:23.640Z</time></trkpt><trkpt lat="47.60824930" lon="19.14639740"><ele>147.04</ele><time>2025-10-20T11:39:23.843Z</time></trkpt><trkpt lat="47.60825370" lon="19.14639290"><ele>147.03</ele><time>2025-10-20T11:39:24.043Z</time></trkpt><trkpt lat="47.60825820" lon="19.14638820"><ele>147.03</ele><time>2025-10-20T11:39:24.245Z</time></trkpt><trkpt lat="47.60826230" lon="19.14638400"><ele>147.03</ele><time>2025-10-20T11:39:24.427Z</time></trkpt><trkpt lat="47.60826720" lon="19.14637870"><ele>147.03</ele><time>2025-10-20T11:39:24.647Z</time></trkpt><trkpt lat="47.60827180" lon="19.14637400"><ele>147.04</ele><time>2025-10-20T11:39:24.848Z</time></trkpt><trkpt lat="47.60827630" lon="19.14636920"><ele>147.04</ele><time>2025-10-20T11:39:25.048Z</time></trkpt><trkpt lat="47.60828080" lon="19.14636440"><ele>147.04</ele><time>2025-10-20T11:39:25.249Z</time></trkpt><trkpt lat="47.60828510" lon="19.14635970"><ele>147.03</ele><time>2025-10-20T11:39:25.441Z</time></trkpt><trkpt lat="47.60828960" lon="19.14635470"><ele>147.02</ele><time>2025-10-20T11:39:25.644Z</time></trkpt><trkpt lat="47.60829400" lon="19.14634980"><ele>147.00</ele><time>2025-10-20T11:39:25.845Z</time></trkpt><trkpt lat="47.60829850" lon="19.14634480"><ele>146.99</ele><time>2025-10-20T11:39:26.047Z</time></trkpt><trkpt lat="47.60830290" lon="19.14633980"><ele>146.99</ele><time>2025-10-20T11:39:26.252Z</time></trkpt><trkpt lat="47.60830700" lon="19.14633520"><ele>146.99</ele><time>2025-10-20T11:39:26.440Z</time></trkpt><trkpt lat="47.60831150" lon="19.14633020"><ele>146.98</ele><time>2025-10-20T11:39:26.644Z</time></trkpt><trkpt lat="47.60831600" lon="19.14632520"><ele>146.97</ele><time>2025-10-20T11:39:26.845Z</time></trkpt><trkpt lat="47.60832050" lon="19.14632020"><ele>146.98</ele><time>2025-10-20T11:39:27.048Z</time></trkpt><trkpt lat="47.60832330" lon="19.14631720"><ele>146.99</ele><time>2025-10-20T11:39:27.170Z</time></trkpt><trkpt lat="47.60832930" lon="19.14631090"><ele>147.00</ele><time>2025-10-20T11:39:27.446Z</time></trkpt><trkpt lat="47.60833390" lon="19.14630590"><ele>147.00</ele><time>2025-10-20T11:39:27.650Z</time></trkpt><trkpt lat="47.60833850" lon="19.14630100"><ele>147.00</ele><time>2025-10-20T11:39:27.852Z</time></trkpt><trkpt lat="47.60834300" lon="19.14629620"><ele>147.00</ele><time>2025-10-20T11:39:28.053Z</time></trkpt><trkpt lat="47.60834740" lon="19.14629150"><ele>147.00</ele><time>2025-10-20T11:39:28.254Z</time></trkpt><trkpt lat="47.60835210" lon="19.14628660"><ele>147.00</ele><time>2025-10-20T11:39:28.465Z</time></trkpt><trkpt lat="47.60835650" lon="19.14628190"><ele>147.00</ele><time>2025-10-20T11:39:28.668Z</time></trkpt><trkpt lat="47.60836000" lon="19.14627830"><ele>147.01</ele><time>2025-10-20T11:39:28.828Z</time></trkpt><trkpt lat="47.60836440" lon="19.14627360"><ele>147.02</ele><time>2025-10-20T11:39:29.032Z</time></trkpt><trkpt lat="47.60836880" lon="19.14626890"><ele>147.01</ele><time>2025-10-20T11:39:29.237Z</time></trkpt><trkpt lat="47.60837360" lon="19.14626390"><ele>147.01</ele><time>2025-10-20T11:39:29.461Z</time></trkpt><trkpt lat="47.60837750" lon="19.14625980"><ele>147.01</ele><time>2025-10-20T11:39:29.643Z</time></trkpt><trkpt lat="47.60838250" lon="19.14625470"><ele>147.00</ele><time>2025-10-20T11:39:29.867Z</time></trkpt><trkpt lat="47.60838650" lon="19.14625060"><ele>147.00</ele><time>2025-10-20T11:39:30.051Z</time></trkpt><trkpt lat="47.60839090" lon="19.14624590"><ele>147.00</ele><time>2025-10-20T11:39:30.263Z</time></trkpt><trkpt lat="47.60839440" lon="19.14624230"><ele>146.99</ele><time>2025-10-20T11:39:30.426Z</time></trkpt><trkpt lat="47.60839890" lon="19.14623740"><ele>146.99</ele><time>2025-10-20T11:39:30.647Z</time></trkpt><trkpt lat="47.60840270" lon="19.14623330"><ele>147.00</ele><time>2025-10-20T11:39:30.829Z</time></trkpt><trkpt lat="47.60840700" lon="19.14622860"><ele>147.00</ele><time>2025-10-20T11:39:31.050Z</time></trkpt><trkpt lat="47.60841130" lon="19.14622400"><ele>146.99</ele><time>2025-10-20T11:39:31.251Z</time></trkpt><trkpt lat="47.60841560" lon="19.14621930"><ele>146.98</ele><time>2025-10-20T11:39:31.456Z</time></trkpt><trkpt lat="47.60842000" lon="19.14621470"><ele>146.97</ele><time>2025-10-20T11:39:31.660Z</time></trkpt><trkpt lat="47.60842430" lon="19.14621040"><ele>146.96</ele><time>2025-10-20T11:39:31.863Z</time></trkpt><trkpt lat="47.60842870" lon="19.14620570"><ele>146.95</ele><time>2025-10-20T11:39:32.063Z</time></trkpt><trkpt lat="47.60843320" lon="19.14620090"><ele>146.95</ele><time>2025-10-20T11:39:32.267Z</time></trkpt><trkpt lat="47.60843780" lon="19.14619620"><ele>146.95</ele><time>2025-10-20T11:39:32.471Z</time></trkpt><trkpt lat="47.60844230" lon="19.14619160"><ele>146.95</ele><time>2025-10-20T11:39:32.672Z</time></trkpt><trkpt lat="47.60844690" lon="19.14618700"><ele>146.95</ele><time>2025-10-20T11:39:32.874Z</time></trkpt><trkpt lat="47.60845160" lon="19.14618230"><ele>146.95</ele><time>2025-10-20T11:39:33.076Z</time></trkpt><trkpt lat="47.60845590" lon="19.14617790"><ele>146.95</ele><time>2025-10-20T11:39:33.262Z</time></trkpt><trkpt lat="47.60846030" lon="19.14617350"><ele>146.95</ele><time>2025-10-20T11:39:33.468Z</time></trkpt><trkpt lat="47.60846470" lon="19.14616880"><ele>146.95</ele><time>2025-10-20T11:39:33.668Z</time></trkpt><trkpt lat="47.60846910" lon="19.14616400"><ele>146.95</ele><time>2025-10-20T11:39:33.870Z</time></trkpt><trkpt lat="47.60847300" lon="19.14615980"><ele>146.94</ele><time>2025-10-20T11:39:34.050Z</time></trkpt><trkpt lat="47.60847720" lon="19.14615510"><ele>146.93</ele><time>2025-10-20T11:39:34.252Z</time></trkpt><trkpt lat="47.60848190" lon="19.14614980"><ele>146.93</ele><time>2025-10-20T11:39:34.478Z</time></trkpt><trkpt lat="47.60848620" lon="19.14614500"><ele>146.92</ele><time>2025-10-20T11:39:34.681Z</time></trkpt><trkpt lat="47.60849040" lon="19.14614040"><ele>146.92</ele><time>2025-10-20T11:39:34.885Z</time></trkpt><trkpt lat="47.60849470" lon="19.14613570"><ele>146.92</ele><time>2025-10-20T11:39:35.087Z</time></trkpt><trkpt lat="47.60849870" lon="19.14613130"><ele>146.92</ele><time>2025-10-20T11:39:35.274Z</time></trkpt><trkpt lat="47.60850330" lon="19.14612620"><ele>146.91</ele><time>2025-10-20T11:39:35.484Z</time></trkpt><trkpt lat="47.60850760" lon="19.14612140"><ele>146.92</ele><time>2025-10-20T11:39:35.684Z</time></trkpt><trkpt lat="47.60851190" lon="19.14611640"><ele>146.92</ele><time>2025-10-20T11:39:35.886Z</time></trkpt><trkpt lat="47.60851620" lon="19.14611140"><ele>146.92</ele><time>2025-10-20T11:39:36.089Z</time></trkpt><trkpt lat="47.60852060" lon="19.14610650"><ele>146.91</ele><time>2025-10-20T11:39:36.292Z</time></trkpt><trkpt lat="47.60852500" lon="19.14610170"><ele>146.91</ele><time>2025-10-20T11:39:36.493Z</time></trkpt><trkpt lat="47.60852940" lon="19.14609680"><ele>146.91</ele><time>2025-10-20T11:39:36.697Z</time></trkpt><trkpt lat="47.60853390" lon="19.14609200"><ele>146.90</ele><time>2025-10-20T11:39:36.900Z</time></trkpt><trkpt lat="47.60853860" lon="19.14608740"><ele>146.89</ele><time>2025-10-20T11:39:37.102Z</time></trkpt><trkpt lat="47.60854270" lon="19.14608360"><ele>146.89</ele><time>2025-10-20T11:39:37.287Z</time></trkpt><trkpt lat="47.60854740" lon="19.14607930"><ele>146.88</ele><time>2025-10-20T11:39:37.507Z</time></trkpt><trkpt lat="47.60855130" lon="19.14607590"><ele>146.88</ele><time>2025-10-20T11:39:37.669Z</time></trkpt><trkpt lat="47.60855650" lon="19.14607140"><ele>146.87</ele><time>2025-10-20T11:39:37.890Z</time></trkpt><trkpt lat="47.60856150" lon="19.14606700"><ele>146.87</ele><time>2025-10-20T11:39:38.095Z</time></trkpt><trkpt lat="47.60856600" lon="19.14606280"><ele>146.87</ele><time>2025-10-20T11:39:38.283Z</time></trkpt><trkpt lat="47.60857130" lon="19.14605770"><ele>146.87</ele><time>2025-10-20T11:39:38.506Z</time></trkpt><trkpt lat="47.60857600" lon="19.14605290"><ele>146.88</ele><time>2025-10-20T11:39:38.708Z</time></trkpt><trkpt lat="47.60857990" lon="19.14604870"><ele>146.89</ele><time>2025-10-20T11:39:38.889Z</time></trkpt><trkpt lat="47.60858490" lon="19.14604300"><ele>146.90</ele><time>2025-10-20T11:39:39.112Z</time></trkpt><trkpt lat="47.60858920" lon="19.14603810"><ele>146.90</ele><time>2025-10-20T11:39:39.305Z</time></trkpt><trkpt lat="47.60859350" lon="19.14603290"><ele>146.90</ele><time>2025-10-20T11:39:39.510Z</time></trkpt><trkpt lat="47.60859770" lon="19.14602800"><ele>146.91</ele><time>2025-10-20T11:39:39.712Z</time></trkpt><trkpt lat="47.60860150" lon="19.14602330"><ele>146.92</ele><time>2025-10-20T11:39:39.900Z</time></trkpt><trkpt lat="47.60860580" lon="19.14601810"><ele>146.94</ele><time>2025-10-20T11:39:40.103Z</time></trkpt><trkpt lat="47.60861030" lon="19.14601280"><ele>146.94</ele><time>2025-10-20T11:39:40.307Z</time></trkpt><trkpt lat="47.60861460" lon="19.14600780"><ele>146.94</ele><time>2025-10-20T11:39:40.509Z</time></trkpt><trkpt lat="47.60861880" lon="19.14600290"><ele>146.94</ele><time>2025-10-20T11:39:40.712Z</time></trkpt><trkpt lat="47.60862320" lon="19.14599790"><ele>146.92</ele><time>2025-10-20T11:39:40.916Z</time></trkpt><trkpt lat="47.60862760" lon="19.14599310"><ele>146.90</ele><time>2025-10-20T11:39:41.119Z</time></trkpt><trkpt lat="47.60863140" lon="19.14598880"><ele>146.89</ele><time>2025-10-20T11:39:41.291Z</time></trkpt><trkpt lat="47.60863580" lon="19.14598390"><ele>146.88</ele><time>2025-10-20T11:39:41.493Z</time></trkpt><trkpt lat="47.60864060" lon="19.14597850"><ele>146.87</ele><time>2025-10-20T11:39:41.714Z</time></trkpt><trkpt lat="47.60864450" lon="19.14597390"><ele>146.86</ele><time>2025-10-20T11:39:41.893Z</time></trkpt><trkpt lat="47.60864930" lon="19.14596850"><ele>146.86</ele><time>2025-10-20T11:39:42.115Z</time></trkpt><trkpt lat="47.60865370" lon="19.14596350"><ele>146.85</ele><time>2025-10-20T11:39:42.316Z</time></trkpt><trkpt lat="47.60865810" lon="19.14595860"><ele>146.85</ele><time>2025-10-20T11:39:42.518Z</time></trkpt><trkpt lat="47.60866220" lon="19.14595410"><ele>146.85</ele><time>2025-10-20T11:39:42.718Z</time></trkpt><trkpt lat="47.60866660" lon="19.14594930"><ele>146.85</ele><time>2025-10-20T11:39:42.919Z</time></trkpt><trkpt lat="47.60867110" lon="19.14594450"><ele>146.85</ele><time>2025-10-20T11:39:43.120Z</time></trkpt><trkpt lat="47.60867530" lon="19.14594000"><ele>146.84</ele><time>2025-10-20T11:39:43.309Z</time></trkpt><trkpt lat="47.60867980" lon="19.14593540"><ele>146.83</ele><time>2025-10-20T11:39:43.510Z</time></trkpt><trkpt lat="47.60868430" lon="19.14593070"><ele>146.82</ele><time>2025-10-20T11:39:43.730Z</time></trkpt><trkpt lat="47.60868840" lon="19.14592640"><ele>146.82</ele><time>2025-10-20T11:39:43.914Z</time></trkpt><trkpt lat="47.60869280" lon="19.14592180"><ele>146.81</ele><time>2025-10-20T11:39:44.117Z</time></trkpt><trkpt lat="47.60869740" lon="19.14591700"><ele>146.81</ele><time>2025-10-20T11:39:44.326Z</time></trkpt><trkpt lat="47.60870170" lon="19.14591260"><ele>146.80</ele><time>2025-10-20T11:39:44.526Z</time></trkpt><trkpt lat="47.60870610" lon="19.14590820"><ele>146.80</ele><time>2025-10-20T11:39:44.727Z</time></trkpt><trkpt lat="47.60870980" lon="19.14590460"><ele>146.79</ele><time>2025-10-20T11:39:44.886Z</time></trkpt><trkpt lat="47.60871520" lon="19.14589940"><ele>146.78</ele><time>2025-10-20T11:39:45.128Z</time></trkpt><trkpt lat="47.60871960" lon="19.14589520"><ele>146.78</ele><time>2025-10-20T11:39:45.323Z</time></trkpt><trkpt lat="47.60872380" lon="19.14589120"><ele>146.78</ele><time>2025-10-20T11:39:45.507Z</time></trkpt><trkpt lat="47.60872870" lon="19.14588640"><ele>146.78</ele><time>2025-10-20T11:39:45.728Z</time></trkpt><trkpt lat="47.60873290" lon="19.14588230"><ele>146.78</ele><time>2025-10-20T11:39:45.909Z</time></trkpt><trkpt lat="47.60873770" lon="19.14587750"><ele>146.77</ele><time>2025-10-20T11:39:46.130Z</time></trkpt><trkpt lat="47.60874190" lon="19.14587320"><ele>146.77</ele><time>2025-10-20T11:39:46.321Z</time></trkpt><trkpt lat="47.60874580" lon="19.14586910"><ele>146.76</ele><time>2025-10-20T11:39:46.501Z</time></trkpt><trkpt lat="47.60875060" lon="19.14586410"><ele>146.76</ele><time>2025-10-20T11:39:46.725Z</time></trkpt><trkpt lat="47.60875500" lon="19.14585950"><ele>146.76</ele><time>2025-10-20T11:39:46.926Z</time></trkpt><trkpt lat="47.60875910" lon="19.14585500"><ele>146.76</ele><time>2025-10-20T11:39:47.127Z</time></trkpt><trkpt lat="47.60876270" lon="19.14585090"><ele>146.75</ele><time>2025-10-20T11:39:47.331Z</time></trkpt><trkpt lat="47.60876540" lon="19.14584780"><ele>146.75</ele><time>2025-10-20T11:39:47.532Z</time></trkpt><trkpt lat="47.60876740" lon="19.14584540"><ele>146.74</ele><time>2025-10-20T11:39:47.735Z</time></trkpt><trkpt lat="47.60876870" lon="19.14584400"><ele>146.73</ele><time>2025-10-20T11:39:47.935Z</time></trkpt><trkpt lat="47.60876930" lon="19.14584320"><ele>146.73</ele><time>2025-10-20T11:39:48.136Z</time></trkpt><trkpt lat="47.60876940" lon="19.14584310"><ele>146.74</ele><time>2025-10-20T11:39:48.284Z</time></trkpt><trkpt lat="47.60876930" lon="19.14584350"><ele>146.73</ele><time>2025-10-20T11:39:48.528Z</time></trkpt><trkpt lat="47.60876880" lon="19.14584430"><ele>146.73</ele><time>2025-10-20T11:39:48.741Z</time></trkpt><trkpt lat="47.60876820" lon="19.14584530"><ele>146.73</ele><time>2025-10-20T11:39:48.932Z</time></trkpt><trkpt lat="47.60876730" lon="19.14584630"><ele>146.73</ele><time>2025-10-20T11:39:49.135Z</time></trkpt><trkpt lat="47.60876630" lon="19.14584760"><ele>146.72</ele><time>2025-10-20T11:39:49.341Z</time></trkpt><trkpt lat="47.60876510" lon="19.14584880"><ele>146.72</ele><time>2025-10-20T11:39:49.543Z</time></trkpt><trkpt lat="47.60876400" lon="19.14585030"><ele>146.72</ele><time>2025-10-20T11:39:49.745Z</time></trkpt><trkpt lat="47.60876310" lon="19.14585190"><ele>146.72</ele><time>2025-10-20T11:39:49.926Z</time></trkpt><trkpt lat="47.60876250" lon="19.14585430"><ele>146.71</ele><time>2025-10-20T11:39:50.127Z</time></trkpt><trkpt lat="47.60876240" lon="19.14585770"><ele>146.71</ele><time>2025-10-20T11:39:50.329Z</time></trkpt><trkpt lat="47.60876290" lon="19.14586220"><ele>146.71</ele><time>2025-10-20T11:39:50.532Z</time></trkpt><trkpt lat="47.60876420" lon="19.14586770"><ele>146.72</ele><time>2025-10-20T11:39:50.734Z</time></trkpt><trkpt lat="47.60876540" lon="19.14587220"><ele>146.71</ele><time>2025-10-20T11:39:50.875Z</time></trkpt><trkpt lat="47.60876780" lon="19.14587990"><ele>146.71</ele><time>2025-10-20T11:39:51.096Z</time></trkpt><trkpt lat="47.60877090" lon="19.14588850"><ele>146.71</ele><time>2025-10-20T11:39:51.327Z</time></trkpt><trkpt lat="47.60877400" lon="19.14589610"><ele>146.71</ele><time>2025-10-20T11:39:51.528Z</time></trkpt><trkpt lat="47.60877740" lon="19.14590400"><ele>146.72</ele><time>2025-10-20T11:39:51.729Z</time></trkpt><trkpt lat="47.60878110" lon="19.14591190"><ele>146.73</ele><time>2025-10-20T11:39:51.930Z</time></trkpt><trkpt lat="47.60878500" lon="19.14591970"><ele>146.75</ele><time>2025-10-20T11:39:52.131Z</time></trkpt><trkpt lat="47.60878930" lon="19.14592810"><ele>146.76</ele><time>2025-10-20T11:39:52.340Z</time></trkpt><trkpt lat="47.60879340" lon="19.14593610"><ele>146.75</ele><time>2025-10-20T11:39:52.543Z</time></trkpt><trkpt lat="47.60879760" lon="19.14594390"><ele>146.75</ele><time>2025-10-20T11:39:52.744Z</time></trkpt><trkpt lat="47.60880170" lon="19.14595180"><ele>146.75</ele><time>2025-10-20T11:39:52.944Z</time></trkpt><trkpt lat="47.60880590" lon="19.14595970"><ele>146.75</ele><time>2025-10-20T11:39:53.145Z</time></trkpt><trkpt lat="47.60880930" lon="19.14596610"><ele>146.75</ele><time>2025-10-20T11:39:53.310Z</time></trkpt><trkpt lat="47.60881390" lon="19.14597480"><ele>146.76</ele><time>2025-10-20T11:39:53.531Z</time></trkpt><trkpt lat="47.60881770" lon="19.14598180"><ele>146.76</ele><time>2025-10-20T11:39:53.712Z</time></trkpt><trkpt lat="47.60882170" lon="19.14598960"><ele>146.76</ele><time>2025-10-20T11:39:53.914Z</time></trkpt><trkpt lat="47.60882560" lon="19.14599740"><ele>146.76</ele><time>2025-10-20T11:39:54.115Z</time></trkpt><trkpt lat="47.60882940" lon="19.14600510"><ele>146.76</ele><time>2025-10-20T11:39:54.319Z</time></trkpt><trkpt lat="47.60883340" lon="19.14601340"><ele>146.77</ele><time>2025-10-20T11:39:54.541Z</time></trkpt><trkpt lat="47.60883650" lon="19.14601990"><ele>146.78</ele><time>2025-10-20T11:39:54.721Z</time></trkpt><trkpt lat="47.60883950" lon="19.14602660"><ele>146.77</ele><time>2025-10-20T11:39:54.903Z</time></trkpt><trkpt lat="47.60884310" lon="19.14603450"><ele>146.78</ele><time>2025-10-20T11:39:55.124Z</time></trkpt><trkpt lat="47.60884630" lon="19.14604160"><ele>146.80</ele><time>2025-10-20T11:39:55.329Z</time></trkpt><trkpt lat="47.60884940" lon="19.14604860"><ele>146.81</ele><time>2025-10-20T11:39:55.529Z</time></trkpt><trkpt lat="47.60885250" lon="19.14605570"><ele>146.81</ele><time>2025-10-20T11:39:55.734Z</time></trkpt><trkpt lat="47.60885550" lon="19.14606250"><ele>146.81</ele><time>2025-10-20T11:39:55.935Z</time></trkpt><trkpt lat="47.60885850" lon="19.14606920"><ele>146.81</ele><time>2025-10-20T11:39:56.135Z</time></trkpt><trkpt lat="47.60886160" lon="19.14607600"><ele>146.81</ele><time>2025-10-20T11:39:56.341Z</time></trkpt><trkpt lat="47.60886460" lon="19.14608260"><ele>146.82</ele><time>2025-10-20T11:39:56.544Z</time></trkpt><trkpt lat="47.60886760" lon="19.14608910"><ele>146.82</ele><time>2025-10-20T11:39:56.746Z</time></trkpt><trkpt lat="47.60887050" lon="19.14609490"><ele>146.83</ele><time>2025-10-20T11:39:56.947Z</time></trkpt><trkpt lat="47.60887350" lon="19.14610130"><ele>146.83</ele><time>2025-10-20T11:39:57.149Z</time></trkpt><trkpt lat="47.60887680" lon="19.14610800"><ele>146.84</ele><time>2025-10-20T11:39:57.359Z</time></trkpt><trkpt lat="47.60887920" lon="19.14611290"><ele>146.84</ele><time>2025-10-20T11:39:57.521Z</time></trkpt><trkpt lat="47.60888230" lon="19.14611940"><ele>146.85</ele><time>2025-10-20T11:39:57.741Z</time></trkpt><trkpt lat="47.60888560" lon="19.14612580"><ele>146.86</ele><time>2025-10-20T11:39:57.943Z</time></trkpt><trkpt lat="47.60888880" lon="19.14613230"><ele>146.87</ele><time>2025-10-20T11:39:58.145Z</time></trkpt><trkpt lat="47.60889230" lon="19.14613930"><ele>146.87</ele><time>2025-10-20T11:39:58.363Z</time></trkpt><trkpt lat="47.60889550" lon="19.14614550"><ele>146.87</ele><time>2025-10-20T11:39:58.563Z</time></trkpt><trkpt lat="47.60889870" lon="19.14615180"><ele>146.87</ele><time>2025-10-20T11:39:58.765Z</time></trkpt><trkpt lat="47.60890160" lon="19.14615750"><ele>146.87</ele><time>2025-10-20T11:39:58.945Z</time></trkpt><trkpt lat="47.60890510" lon="19.14616430"><ele>146.87</ele><time>2025-10-20T11:39:59.165Z</time></trkpt><trkpt lat="47.60890800" lon="19.14617020"><ele>146.87</ele><time>2025-10-20T11:39:59.357Z</time></trkpt><trkpt lat="47.60891110" lon="19.14617650"><ele>146.88</ele><time>2025-10-20T11:39:59.558Z</time></trkpt><trkpt lat="47.60891430" lon="19.14618290"><ele>146.89</ele><time>2025-10-20T11:39:59.757Z</time></trkpt><trkpt lat="47.60891740" lon="19.14618900"><ele>146.89</ele><time>2025-10-20T11:39:59.958Z</time></trkpt><trkpt lat="47.60892060" lon="19.14619550"><ele>146.90</ele><time>2025-10-20T11:40:00.160Z</time></trkpt><trkpt lat="47.60892360" lon="19.14620130"><ele>146.90</ele><time>2025-10-20T11:40:00.343Z</time></trkpt><trkpt lat="47.60892700" lon="19.14620830"><ele>146.91</ele><time>2025-10-20T11:40:00.564Z</time></trkpt><trkpt lat="47.60893010" lon="19.14621450"><ele>146.92</ele><time>2025-10-20T11:40:00.765Z</time></trkpt><trkpt lat="47.60893320" lon="19.14622070"><ele>146.93</ele><time>2025-10-20T11:40:00.966Z</time></trkpt><trkpt lat="47.60893640" lon="19.14622720"><ele>146.94</ele><time>2025-10-20T11:40:01.170Z</time></trkpt><trkpt lat="47.60893950" lon="19.14623360"><ele>146.94</ele><time>2025-10-20T11:40:01.368Z</time></trkpt><trkpt lat="47.60894260" lon="19.14623980"><ele>146.93</ele><time>2025-10-20T11:40:01.568Z</time></trkpt><trkpt lat="47.60894560" lon="19.14624580"><ele>146.94</ele><time>2025-10-20T11:40:01.769Z</time></trkpt><trkpt lat="47.60894890" lon="19.14625230"><ele>146.94</ele><time>2025-10-20T11:40:01.973Z</time></trkpt><trkpt lat="47.60895210" lon="19.14625880"><ele>146.94</ele><time>2025-10-20T11:40:02.174Z</time></trkpt><trkpt lat="47.60895500" lon="19.14626470"><ele>146.95</ele><time>2025-10-20T11:40:02.362Z</time></trkpt><trkpt lat="47.60895780" lon="19.14627050"><ele>146.96</ele><time>2025-10-20T11:40:02.544Z</time></trkpt><trkpt lat="47.60896140" lon="19.14627800"><ele>146.97</ele><time>2025-10-20T11:40:02.774Z</time></trkpt><trkpt lat="47.60896440" lon="19.14628430"><ele>146.97</ele><time>2025-10-20T11:40:02.964Z</time></trkpt><trkpt lat="47.60896720" lon="19.14629030"><ele>146.98</ele><time>2025-10-20T11:40:03.147Z</time></trkpt><trkpt lat="47.60897040" lon="19.14629730"><ele>146.99</ele><time>2025-10-20T11:40:03.360Z</time></trkpt><trkpt lat="47.60897360" lon="19.14630410"><ele>146.99</ele><time>2025-10-20T11:40:03.563Z</time></trkpt><trkpt lat="47.60897680" lon="19.14631070"><ele>147.00</ele><time>2025-10-20T11:40:03.765Z</time></trkpt><trkpt lat="47.60898000" lon="19.14631720"><ele>147.01</ele><time>2025-10-20T11:40:03.970Z</time></trkpt><trkpt lat="47.60898310" lon="19.14632360"><ele>147.03</ele><time>2025-10-20T11:40:04.171Z</time></trkpt><trkpt lat="47.60898630" lon="19.14633020"><ele>147.03</ele><time>2025-10-20T11:40:04.374Z</time></trkpt><trkpt lat="47.60898950" lon="19.14633660"><ele>147.04</ele><time>2025-10-20T11:40:04.576Z</time></trkpt><trkpt lat="47.60899260" lon="19.14634290"><ele>147.05</ele><time>2025-10-20T11:40:04.777Z</time></trkpt><trkpt lat="47.60899580" lon="19.14634920"><ele>147.05</ele><time>2025-10-20T11:40:04.980Z</time></trkpt><trkpt lat="47.60899910" lon="19.14635570"><ele>147.05</ele><time>2025-10-20T11:40:05.184Z</time></trkpt><trkpt lat="47.60900220" lon="19.14636190"><ele>147.05</ele><time>2025-10-20T11:40:05.375Z</time></trkpt><trkpt lat="47.60900540" lon="19.14636810"><ele>147.04</ele><time>2025-10-20T11:40:05.577Z</time></trkpt><trkpt lat="47.60900860" lon="19.14637450"><ele>147.04</ele><time>2025-10-20T11:40:05.779Z</time></trkpt><trkpt lat="47.60901160" lon="19.14638030"><ele>147.05</ele><time>2025-10-20T11:40:05.961Z</time></trkpt><trkpt lat="47.60901510" lon="19.14638720"><ele>147.05</ele><time>2025-10-20T11:40:06.184Z</time></trkpt><trkpt lat="47.60901840" lon="19.14639370"><ele>147.04</ele><time>2025-10-20T11:40:06.393Z</time></trkpt><trkpt lat="47.60902160" lon="19.14640010"><ele>147.04</ele><time>2025-10-20T11:40:06.593Z</time></trkpt><trkpt lat="47.60902480" lon="19.14640650"><ele>147.05</ele><time>2025-10-20T11:40:06.793Z</time></trkpt><trkpt lat="47.60902810" lon="19.14641280"><ele>147.05</ele><time>2025-10-20T11:40:06.994Z</time></trkpt><trkpt lat="47.60903130" lon="19.14641920"><ele>147.06</ele><time>2025-10-20T11:40:07.194Z</time></trkpt><trkpt lat="47.60903450" lon="19.14642570"><ele>147.06</ele><time>2025-10-20T11:40:07.399Z</time></trkpt><trkpt lat="47.60903750" lon="19.14643170"><ele>147.07</ele><time>2025-10-20T11:40:07.586Z</time></trkpt><trkpt lat="47.60904060" lon="19.14643820"><ele>147.08</ele><time>2025-10-20T11:40:07.787Z</time></trkpt><trkpt lat="47.60904370" lon="19.14644490"><ele>147.08</ele><time>2025-10-20T11:40:07.989Z</time></trkpt><trkpt lat="47.60904680" lon="19.14645160"><ele>147.09</ele><time>2025-10-20T11:40:08.190Z</time></trkpt><trkpt lat="47.60904990" lon="19.14645830"><ele>147.09</ele><time>2025-10-20T11:40:08.392Z</time></trkpt><trkpt lat="47.60905300" lon="19.14646510"><ele>147.10</ele><time>2025-10-20T11:40:08.594Z</time></trkpt><trkpt lat="47.60905620" lon="19.14647190"><ele>147.11</ele><time>2025-10-20T11:40:08.798Z</time></trkpt><trkpt lat="47.60905940" lon="19.14647870"><ele>147.12</ele><time>2025-10-20T11:40:08.998Z</time></trkpt><trkpt lat="47.60906270" lon="19.14648560"><ele>147.12</ele><time>2025-10-20T11:40:09.198Z</time></trkpt><trkpt lat="47.60906590" lon="19.14649210"><ele>147.12</ele><time>2025-10-20T11:40:09.393Z</time></trkpt><trkpt lat="47.60906920" lon="19.14649870"><ele>147.13</ele><time>2025-10-20T11:40:09.596Z</time></trkpt><trkpt lat="47.60907240" lon="19.14650510"><ele>147.15</ele><time>2025-10-20T11:40:09.799Z</time></trkpt><trkpt lat="47.60907540" lon="19.14651130"><ele>147.16</ele><time>2025-10-20T11:40:10.000Z</time></trkpt><trkpt lat="47.60907800" lon="19.14651660"><ele>147.16</ele><time>2025-10-20T11:40:10.203Z</time></trkpt><trkpt lat="47.60907970" lon="19.14652000"><ele>147.16</ele><time>2025-10-20T11:40:10.369Z</time></trkpt><trkpt lat="47.60908130" lon="19.14652340"><ele>147.15</ele><time>2025-10-20T11:40:10.609Z</time></trkpt><trkpt lat="47.60908210" lon="19.14652500"><ele>147.15</ele><time>2025-10-20T11:40:10.812Z</time></trkpt><trkpt lat="47.60908250" lon="19.14652570"><ele>147.16</ele><time>2025-10-20T11:40:11.012Z</time></trkpt><trkpt lat="47.60908240" lon="19.14652560"><ele>147.17</ele><time>2025-10-20T11:40:11.215Z</time></trkpt><trkpt lat="47.60908210" lon="19.14652480"><ele>147.18</ele><time>2025-10-20T11:40:11.419Z</time></trkpt><trkpt lat="47.60908150" lon="19.14652390"><ele>147.18</ele><time>2025-10-20T11:40:11.603Z</time></trkpt><trkpt lat="47.60908060" lon="19.14652250"><ele>147.19</ele><time>2025-10-20T11:40:11.812Z</time></trkpt><trkpt lat="47.60907970" lon="19.14652120"><ele>147.20</ele><time>2025-10-20T11:40:11.992Z</time></trkpt><trkpt lat="47.60907860" lon="19.14651960"><ele>147.20</ele><time>2025-10-20T11:40:12.192Z</time></trkpt><trkpt lat="47.60907740" lon="19.14651790"><ele>147.19</ele><time>2025-10-20T11:40:12.393Z</time></trkpt><trkpt lat="47.60907600" lon="19.14651630"><ele>147.19</ele><time>2025-10-20T11:40:12.594Z</time></trkpt><trkpt lat="47.60907410" lon="19.14651510"><ele>147.19</ele><time>2025-10-20T11:40:12.817Z</time></trkpt><trkpt lat="47.60907220" lon="19.14651480"><ele>147.19</ele><time>2025-10-20T11:40:12.977Z</time></trkpt><trkpt lat="47.60906880" lon="19.14651550"><ele>147.19</ele><time>2025-10-20T11:40:13.198Z</time></trkpt><trkpt lat="47.60906500" lon="19.14651710"><ele>147.20</ele><time>2025-10-20T11:40:13.401Z</time></trkpt><trkpt lat="47.60906060" lon="19.14651950"><ele>147.22</ele><time>2025-10-20T11:40:13.601Z</time></trkpt><trkpt lat="47.60905580" lon="19.14652270"><ele>147.24</ele><time>2025-10-20T11:40:13.803Z</time></trkpt><trkpt lat="47.60905060" lon="19.14652640"><ele>147.24</ele><time>2025-10-20T11:40:14.003Z</time></trkpt><trkpt lat="47.60904510" lon="19.14653080"><ele>147.25</ele><time>2025-10-20T11:40:14.204Z</time></trkpt><trkpt lat="47.60903940" lon="19.14653580"><ele>147.25</ele><time>2025-10-20T11:40:14.410Z</time></trkpt><trkpt lat="47.60903380" lon="19.14654100"><ele>147.27</ele><time>2025-10-20T11:40:14.611Z</time></trkpt><trkpt lat="47.60902860" lon="19.14654610"><ele>147.27</ele><time>2025-10-20T11:40:14.794Z</time></trkpt><trkpt lat="47.60902230" lon="19.14655230"><ele>147.27</ele><time>2025-10-20T11:40:15.019Z</time></trkpt><trkpt lat="47.60901810" lon="19.14655670"><ele>147.28</ele><time>2025-10-20T11:40:15.180Z</time></trkpt><trkpt lat="47.60901210" lon="19.14656290"><ele>147.30</ele><time>2025-10-20T11:40:15.404Z</time></trkpt><trkpt lat="47.60900660" lon="19.14656830"><ele>147.30</ele><time>2025-10-20T11:40:15.605Z</time></trkpt><trkpt lat="47.60900100" lon="19.14657390"><ele>147.29</ele><time>2025-10-20T11:40:15.814Z</time></trkpt><trkpt lat="47.60899590" lon="19.14657910"><ele>147.28</ele><time>2025-10-20T11:40:16.016Z</time></trkpt><trkpt lat="47.60899180" lon="19.14658330"><ele>147.28</ele><time>2025-10-20T11:40:16.176Z</time></trkpt><trkpt lat="47.60898610" lon="19.14658930"><ele>147.26</ele><time>2025-10-20T11:40:16.411Z</time></trkpt><trkpt lat="47.60898110" lon="19.14659460"><ele>147.25</ele><time>2025-10-20T11:40:16.612Z</time></trkpt><trkpt lat="47.60897620" lon="19.14659990"><ele>147.25</ele><time>2025-10-20T11:40:16.814Z</time></trkpt><trkpt lat="47.60897140" lon="19.14660510"><ele>147.26</ele><time>2025-10-20T11:40:17.014Z</time></trkpt><trkpt lat="47.60896650" lon="19.14661040"><ele>147.25</ele><time>2025-10-20T11:40:17.215Z</time></trkpt><trkpt lat="47.60896200" lon="19.14661530"><ele>147.25</ele><time>2025-10-20T11:40:17.408Z</time></trkpt><trkpt lat="47.60895820" lon="19.14661930"><ele>147.25</ele><time>2025-10-20T11:40:17.569Z</time></trkpt><trkpt lat="47.60895260" lon="19.14662530"><ele>147.25</ele><time>2025-10-20T11:40:17.810Z</time></trkpt><trkpt lat="47.60894820" lon="19.14663000"><ele>147.26</ele><time>2025-10-20T11:40:18.011Z</time></trkpt><trkpt lat="47.60894370" lon="19.14663480"><ele>147.26</ele><time>2025-10-20T11:40:18.211Z</time></trkpt><trkpt lat="47.60893930" lon="19.14663960"><ele>147.26</ele><time>2025-10-20T11:40:18.415Z</time></trkpt><trkpt lat="47.60893540" lon="19.14664380"><ele>147.27</ele><time>2025-10-20T11:40:18.597Z</time></trkpt><trkpt lat="47.60893120" lon="19.14664840"><ele>147.27</ele><time>2025-10-20T11:40:18.800Z</time></trkpt><trkpt lat="47.60892720" lon="19.14665270"><ele>147.28</ele><time>2025-10-20T11:40:18.982Z</time></trkpt><trkpt lat="47.60892200" lon="19.14665830"><ele>147.29</ele><time>2025-10-20T11:40:19.224Z</time></trkpt><trkpt lat="47.60891820" lon="19.14666250"><ele>147.31</ele><time>2025-10-20T11:40:19.412Z</time></trkpt><trkpt lat="47.60891380" lon="19.14666720"><ele>147.32</ele><time>2025-10-20T11:40:19.617Z</time></trkpt><trkpt lat="47.60890950" lon="19.14667190"><ele>147.34</ele><time>2025-10-20T11:40:19.820Z</time></trkpt><trkpt lat="47.60890510" lon="19.14667650"><ele>147.35</ele><time>2025-10-20T11:40:20.022Z</time></trkpt><trkpt lat="47.60890110" lon="19.14668090"><ele>147.35</ele><time>2025-10-20T11:40:20.212Z</time></trkpt><trkpt lat="47.60889700" lon="19.14668520"><ele>147.36</ele><time>2025-10-20T11:40:20.398Z</time></trkpt><trkpt lat="47.60889220" lon="19.14669040"><ele>147.38</ele><time>2025-10-20T11:40:20.620Z</time></trkpt><trkpt lat="47.60888780" lon="19.14669510"><ele>147.39</ele><time>2025-10-20T11:40:20.822Z</time></trkpt><trkpt lat="47.60888330" lon="19.14669980"><ele>147.40</ele><time>2025-10-20T11:40:21.022Z</time></trkpt><trkpt lat="47.60887890" lon="19.14670440"><ele>147.41</ele><time>2025-10-20T11:40:21.226Z</time></trkpt><trkpt lat="47.60887470" lon="19.14670870"><ele>147.41</ele><time>2025-10-20T11:40:21.414Z</time></trkpt><trkpt lat="47.60887010" lon="19.14671330"><ele>147.43</ele><time>2025-10-20T11:40:21.614Z</time></trkpt><trkpt lat="47.60886540" lon="19.14671790"><ele>147.44</ele><time>2025-10-20T11:40:21.817Z</time></trkpt><trkpt lat="47.60886060" lon="19.14672250"><ele>147.45</ele><time>2025-10-20T11:40:22.019Z</time></trkpt><trkpt lat="47.60885600" lon="19.14672700"><ele>147.47</ele><time>2025-10-20T11:40:22.222Z</time></trkpt><trkpt lat="47.60885170" lon="19.14673120"><ele>147.47</ele><time>2025-10-20T11:40:22.403Z</time></trkpt><trkpt lat="47.60884710" lon="19.14673580"><ele>147.49</ele><time>2025-10-20T11:40:22.604Z</time></trkpt><trkpt lat="47.60884210" lon="19.14674100"><ele>147.52</ele><time>2025-10-20T11:40:22.826Z</time></trkpt><trkpt lat="47.60883760" lon="19.14674580"><ele>147.53</ele><time>2025-10-20T11:40:23.027Z</time></trkpt><trkpt lat="47.60883300" lon="19.14675070"><ele>147.54</ele><time>2025-10-20T11:40:23.227Z</time></trkpt><trkpt lat="47.60882870" lon="19.14675520"><ele>147.55</ele><time>2025-10-20T11:40:23.413Z</time></trkpt><trkpt lat="47.60882350" lon="19.14676080"><ele>147.56</ele><time>2025-10-20T11:40:23.636Z</time></trkpt><trkpt lat="47.60881890" lon="19.14676580"><ele>147.57</ele><time>2025-10-20T11:40:23.837Z</time></trkpt><trkpt lat="47.60881480" lon="19.14677030"><ele>147.57</ele><time>2025-10-20T11:40:24.021Z</time></trkpt><trkpt lat="47.60881080" lon="19.14677460"><ele>147.56</ele><time>2025-10-20T11:40:24.204Z</time></trkpt><trkpt lat="47.60880670" lon="19.14677940"><ele>147.56</ele><time>2025-10-20T11:40:24.406Z</time></trkpt><trkpt lat="47.60880220" lon="19.14678460"><ele>147.56</ele><time>2025-10-20T11:40:24.630Z</time></trkpt><trkpt lat="47.60879860" lon="19.14678890"><ele>147.57</ele><time>2025-10-20T11:40:24.811Z</time></trkpt><trkpt lat="47.60879460" lon="19.14679360"><ele>147.58</ele><time>2025-10-20T11:40:25.013Z</time></trkpt><trkpt lat="47.60879030" lon="19.14679870"><ele>147.60</ele><time>2025-10-20T11:40:25.235Z</time></trkpt><trkpt lat="47.60878670" lon="19.14680310"><ele>147.62</ele><time>2025-10-20T11:40:25.423Z</time></trkpt><trkpt lat="47.60878280" lon="19.14680760"><ele>147.63</ele><time>2025-10-20T11:40:25.624Z</time></trkpt><trkpt lat="47.60877870" lon="19.14681230"><ele>147.64</ele><time>2025-10-20T11:40:25.827Z</time></trkpt><trkpt lat="47.60877460" lon="19.14681700"><ele>147.65</ele><time>2025-10-20T11:40:26.027Z</time></trkpt><trkpt lat="47.60877050" lon="19.14682150"><ele>147.66</ele><time>2025-10-20T11:40:26.229Z</time></trkpt><trkpt lat="47.60876620" lon="19.14682620"><ele>147.66</ele><time>2025-10-20T11:40:26.434Z</time></trkpt><trkpt lat="47.60876190" lon="19.14683090"><ele>147.67</ele><time>2025-10-20T11:40:26.636Z</time></trkpt><trkpt lat="47.60875750" lon="19.14683560"><ele>147.68</ele><time>2025-10-20T11:40:26.837Z</time></trkpt><trkpt lat="47.60875320" lon="19.14684040"><ele>147.68</ele><time>2025-10-20T11:40:27.037Z</time></trkpt><trkpt lat="47.60874880" lon="19.14684530"><ele>147.68</ele><time>2025-10-20T11:40:27.240Z</time></trkpt><trkpt lat="47.60874430" lon="19.14685030"><ele>147.69</ele><time>2025-10-20T11:40:27.444Z</time></trkpt><trkpt lat="47.60874010" lon="19.14685520"><ele>147.69</ele><time>2025-10-20T11:40:27.645Z</time></trkpt><trkpt lat="47.60873580" lon="19.14685990"><ele>147.70</ele><time>2025-10-20T11:40:27.846Z</time></trkpt><trkpt lat="47.60873200" lon="19.14686430"><ele>147.70</ele><time>2025-10-20T11:40:28.029Z</time></trkpt><trkpt lat="47.60872740" lon="19.14686940"><ele>147.70</ele><time>2025-10-20T11:40:28.236Z</time></trkpt><trkpt lat="47.60872270" lon="19.14687480"><ele>147.70</ele><time>2025-10-20T11:40:28.450Z</time></trkpt><trkpt lat="47.60871820" lon="19.14687980"><ele>147.71</ele><time>2025-10-20T11:40:28.653Z</time></trkpt><trkpt lat="47.60871380" lon="19.14688450"><ele>147.72</ele><time>2025-10-20T11:40:28.853Z</time></trkpt><trkpt lat="47.60870990" lon="19.14688870"><ele>147.73</ele><time>2025-10-20T11:40:29.033Z</time></trkpt><trkpt lat="47.60870480" lon="19.14689400"><ele>147.72</ele><time>2025-10-20T11:40:29.257Z</time></trkpt><trkpt lat="47.60870020" lon="19.14689890"><ele>147.71</ele><time>2025-10-20T11:40:29.460Z</time></trkpt><trkpt lat="47.60869620" lon="19.14690300"><ele>147.71</ele><time>2025-10-20T11:40:29.640Z</time></trkpt><trkpt lat="47.60869130" lon="19.14690830"><ele>147.72</ele><time>2025-10-20T11:40:29.861Z</time></trkpt><trkpt lat="47.60868730" lon="19.14691260"><ele>147.72</ele><time>2025-10-20T11:40:30.041Z</time></trkpt><trkpt lat="47.60868250" lon="19.14691770"><ele>147.73</ele><time>2025-10-20T11:40:30.262Z</time></trkpt><trkpt lat="47.60867820" lon="19.14692220"><ele>147.72</ele><time>2025-10-20T11:40:30.456Z</time></trkpt><trkpt lat="47.60867320" lon="19.14692730"><ele>147.73</ele><time>2025-10-20T11:40:30.680Z</time></trkpt><trkpt lat="47.60866900" lon="19.14693140"><ele>147.75</ele><time>2025-10-20T11:40:30.861Z</time></trkpt><trkpt lat="47.60866440" lon="19.14693600"><ele>147.77</ele><time>2025-10-20T11:40:31.061Z</time></trkpt><trkpt lat="47.60865970" lon="19.14694070"><ele>147.77</ele><time>2025-10-20T11:40:31.265Z</time></trkpt><trkpt lat="47.60865470" lon="19.14694570"><ele>147.77</ele><time>2025-10-20T11:40:31.481Z</time></trkpt><trkpt lat="47.60864980" lon="19.14695050"><ele>147.77</ele><time>2025-10-20T11:40:31.689Z</time></trkpt><trkpt lat="47.60864520" lon="19.14695510"><ele>147.77</ele><time>2025-10-20T11:40:31.889Z</time></trkpt><trkpt lat="47.60864050" lon="19.14695970"><ele>147.77</ele><time>2025-10-20T11:40:32.089Z</time></trkpt><trkpt lat="47.60863640" lon="19.14696400"><ele>147.77</ele><time>2025-10-20T11:40:32.281Z</time></trkpt><trkpt lat="47.60863190" lon="19.14696840"><ele>147.79</ele><time>2025-10-20T11:40:32.482Z</time></trkpt><trkpt lat="47.60862780" lon="19.14697240"><ele>147.80</ele><time>2025-10-20T11:40:32.686Z</time></trkpt><trkpt lat="47.60862420" lon="19.14697580"><ele>147.82</ele><time>2025-10-20T11:40:32.890Z</time></trkpt><trkpt lat="47.60862140" lon="19.14697830"><ele>147.83</ele><time>2025-10-20T11:40:33.092Z</time></trkpt><trkpt lat="47.60861930" lon="19.14698010"><ele>147.83</ele><time>2025-10-20T11:40:33.297Z</time></trkpt><trkpt lat="47.60861810" lon="19.14698080"><ele>147.83</ele><time>2025-10-20T11:40:33.488Z</time></trkpt><trkpt lat="47.60861760" lon="19.14698100"><ele>147.82</ele><time>2025-10-20T11:40:33.688Z</time></trkpt><trkpt lat="47.60861750" lon="19.14698070"><ele>147.83</ele><time>2025-10-20T11:40:33.869Z</time></trkpt><trkpt lat="47.60861790" lon="19.14697990"><ele>147.83</ele><time>2025-10-20T11:40:34.071Z</time></trkpt><trkpt lat="47.60861860" lon="19.14697880"><ele>147.82</ele><time>2025-10-20T11:40:34.273Z</time></trkpt><trkpt lat="47.60861970" lon="19.14697740"><ele>147.82</ele><time>2025-10-20T11:40:34.494Z</time></trkpt><trkpt lat="47.60862090" lon="19.14697590"><ele>147.81</ele><time>2025-10-20T11:40:34.698Z</time></trkpt><trkpt lat="47.60862230" lon="19.14697430"><ele>147.81</ele><time>2025-10-20T11:40:34.901Z</time></trkpt><trkpt lat="47.60862350" lon="19.14697280"><ele>147.82</ele><time>2025-10-20T11:40:35.082Z</time></trkpt><trkpt lat="47.60862480" lon="19.14697120"><ele>147.82</ele><time>2025-10-20T11:40:35.290Z</time></trkpt><trkpt lat="47.60862610" lon="19.14696990"><ele>147.83</ele><time>2025-10-20T11:40:35.494Z</time></trkpt><trkpt lat="47.60862740" lon="19.14696860"><ele>147.83</ele><time>2025-10-20T11:40:35.708Z</time></trkpt><trkpt lat="47.60862850" lon="19.14696750"><ele>147.84</ele><time>2025-10-20T11:40:35.895Z</time></trkpt><trkpt lat="47.60862970" lon="19.14696660"><ele>147.85</ele><time>2025-10-20T11:40:36.095Z</time></trkpt><trkpt lat="47.60863070" lon="19.14696580"><ele>147.86</ele><time>2025-10-20T11:40:36.300Z</time></trkpt><trkpt lat="47.60863170" lon="19.14696500"><ele>147.86</ele><time>2025-10-20T11:40:36.501Z</time></trkpt><trkpt lat="47.60863260" lon="19.14696440"><ele>147.87</ele><time>2025-10-20T11:40:36.702Z</time></trkpt><trkpt lat="47.60863350" lon="19.14696400"><ele>147.89</ele><time>2025-10-20T11:40:36.904Z</time></trkpt><trkpt lat="47.60863430" lon="19.14696380"><ele>147.91</ele><time>2025-10-20T11:40:37.105Z</time></trkpt><trkpt lat="47.60863500" lon="19.14696370"><ele>147.92</ele><time>2025-10-20T11:40:37.309Z</time></trkpt><trkpt lat="47.60863560" lon="19.14696390"><ele>147.91</ele><time>2025-10-20T11:40:37.503Z</time></trkpt><trkpt lat="47.60863600" lon="19.14696410"><ele>147.91</ele><time>2025-10-20T11:40:37.687Z</time></trkpt><trkpt lat="47.60863640" lon="19.14696460"><ele>147.90</ele><time>2025-10-20T11:40:37.890Z</time></trkpt><trkpt lat="47.60863670" lon="19.14696500"><ele>147.90</ele><time>2025-10-20T11:40:38.093Z</time></trkpt><trkpt lat="47.60863670" lon="19.14696560"><ele>147.91</ele><time>2025-10-20T11:40:38.302Z</time></trkpt><trkpt lat="47.60863680" lon="19.14696620"><ele>147.91</ele><time>2025-10-20T11:40:38.504Z</time></trkpt><trkpt lat="47.60863680" lon="19.14696680"><ele>147.90</ele><time>2025-10-20T11:40:38.705Z</time></trkpt><trkpt lat="47.60863680" lon="19.14696750"><ele>147.89</ele><time>2025-10-20T11:40:38.907Z</time></trkpt><trkpt lat="47.60863680" lon="19.14696810"><ele>147.88</ele><time>2025-10-20T11:40:39.108Z</time></trkpt><trkpt lat="47.60863680" lon="19.14696880"><ele>147.86</ele><time>2025-10-20T11:40:39.302Z</time></trkpt><trkpt lat="47.60863680" lon="19.14696940"><ele>147.86</ele><time>2025-10-20T11:40:39.502Z</time></trkpt><trkpt lat="47.60863680" lon="19.14696980"><ele>147.86</ele><time>2025-10-20T11:40:39.663Z</time></trkpt><trkpt lat="47.60863670" lon="19.14697040"><ele>147.85</ele><time>2025-10-20T11:40:39.884Z</time></trkpt><trkpt lat="47.60863650" lon="19.14697110"><ele>147.86</ele><time>2025-10-20T11:40:40.105Z</time></trkpt><trkpt lat="47.60863640" lon="19.14697190"><ele>147.87</ele><time>2025-10-20T11:40:40.314Z</time></trkpt><trkpt lat="47.60863630" lon="19.14697270"><ele>147.87</ele><time>2025-10-20T11:40:40.507Z</time></trkpt><trkpt lat="47.60863620" lon="19.14697350"><ele>147.86</ele><time>2025-10-20T11:40:40.690Z</time></trkpt><trkpt lat="47.60863610" lon="19.14697430"><ele>147.85</ele><time>2025-10-20T11:40:40.910Z</time></trkpt><trkpt lat="47.60863600" lon="19.14697490"><ele>147.85</ele><time>2025-10-20T11:40:41.111Z</time></trkpt><trkpt lat="47.60863600" lon="19.14697530"><ele>147.85</ele><time>2025-10-20T11:40:41.295Z</time></trkpt><trkpt lat="47.60863590" lon="19.14697570"><ele>147.85</ele><time>2025-10-20T11:40:41.517Z</time></trkpt><trkpt lat="47.60863580" lon="19.14697590"><ele>147.85</ele><time>2025-10-20T11:40:41.718Z</time></trkpt><trkpt lat="47.60863570" lon="19.14697600"><ele>147.84</ele><time>2025-10-20T11:40:41.900Z</time></trkpt><trkpt lat="47.60863570" lon="19.14697630"><ele>147.84</ele><time>2025-10-20T11:40:42.080Z</time></trkpt><trkpt lat="47.60863550" lon="19.14697660"><ele>147.84</ele><time>2025-10-20T11:40:42.305Z</time></trkpt><trkpt lat="47.60863540" lon="19.14697670"><ele>147.84</ele><time>2025-10-20T11:40:42.507Z</time></trkpt><trkpt lat="47.60863530" lon="19.14697640"><ele>147.84</ele><time>2025-10-20T11:40:42.707Z</time></trkpt><trkpt lat="47.60863510" lon="19.14697570"><ele>147.83</ele><time>2025-10-20T11:40:42.927Z</time></trkpt><trkpt lat="47.60863500" lon="19.14697490"><ele>147.82</ele><time>2025-10-20T11:40:43.107Z</time></trkpt><trkpt lat="47.60863480" lon="19.14697400"><ele>147.82</ele><time>2025-10-20T11:40:43.293Z</time></trkpt><trkpt lat="47.60863460" lon="19.14697290"><ele>147.82</ele><time>2025-10-20T11:40:43.518Z</time></trkpt><trkpt lat="47.60863450" lon="19.14697210"><ele>147.82</ele><time>2025-10-20T11:40:43.718Z</time></trkpt><trkpt lat="47.60863440" lon="19.14697150"><ele>147.81</ele><time>2025-10-20T11:40:43.900Z</time></trkpt><trkpt lat="47.60863430" lon="19.14697120"><ele>147.81</ele><time>2025-10-20T11:40:44.122Z</time></trkpt><trkpt lat="47.60863420" lon="19.14697110"><ele>147.79</ele><time>2025-10-20T11:40:44.329Z</time></trkpt><trkpt lat="47.60863410" lon="19.14697080"><ele>147.79</ele><time>2025-10-20T11:40:44.541Z</time></trkpt><trkpt lat="47.60863390" lon="19.14697050"><ele>147.78</ele><time>2025-10-20T11:40:44.721Z</time></trkpt><trkpt lat="47.60863390" lon="19.14697010"><ele>147.77</ele><time>2025-10-20T11:40:44.922Z</time></trkpt><trkpt lat="47.60863380" lon="19.14696950"><ele>147.76</ele><time>2025-10-20T11:40:45.122Z</time></trkpt><trkpt lat="47.60863370" lon="19.14696890"><ele>147.75</ele><time>2025-10-20T11:40:45.324Z</time></trkpt><trkpt lat="47.60863360" lon="19.14696810"><ele>147.75</ele><time>2025-10-20T11:40:45.530Z</time></trkpt><trkpt lat="47.60863350" lon="19.14696750"><ele>147.74</ele><time>2025-10-20T11:40:45.730Z</time></trkpt><trkpt lat="47.60863340" lon="19.14696700"><ele>147.74</ele><time>2025-10-20T11:40:45.932Z</time></trkpt><trkpt lat="47.60863330" lon="19.14696660"><ele>147.73</ele><time>2025-10-20T11:40:46.132Z</time></trkpt><trkpt lat="47.60863320" lon="19.14696630"><ele>147.72</ele><time>2025-10-20T11:40:46.343Z</time></trkpt><trkpt lat="47.60863310" lon="19.14696610"><ele>147.72</ele><time>2025-10-20T11:40:46.547Z</time></trkpt><trkpt lat="47.60863310" lon="19.14696600"><ele>147.71</ele><time>2025-10-20T11:40:46.750Z</time></trkpt><trkpt lat="47.60863310" lon="19.14696600"><ele>147.71</ele><time>2025-10-20T11:40:46.933Z</time></trkpt><trkpt lat="47.60863330" lon="19.14696600"><ele>147.70</ele><time>2025-10-20T11:40:47.135Z</time></trkpt><trkpt lat="47.60863340" lon="19.14696610"><ele>147.70</ele><time>2025-10-20T11:40:47.335Z</time></trkpt><trkpt lat="47.60863360" lon="19.14696610"><ele>147.69</ele><time>2025-10-20T11:40:47.536Z</time></trkpt><trkpt lat="47.60863380" lon="19.14696620"><ele>147.68</ele><time>2025-10-20T11:40:47.741Z</time></trkpt><trkpt lat="47.60863390" lon="19.14696640"><ele>147.68</ele><time>2025-10-20T11:40:47.901Z</time></trkpt><trkpt lat="47.60863410" lon="19.14696680"><ele>147.68</ele><time>2025-10-20T11:40:48.144Z</time></trkpt><trkpt lat="47.60863420" lon="19.14696710"><ele>147.67</ele><time>2025-10-20T11:40:48.347Z</time></trkpt><trkpt lat="47.60863430" lon="19.14696740"><ele>147.67</ele><time>2025-10-20T11:40:48.549Z</time></trkpt><trkpt lat="47.60863440" lon="19.14696760"><ele>147.67</ele><time>2025-10-20T11:40:48.750Z</time></trkpt><trkpt lat="47.60863440" lon="19.14696770"><ele>147.66</ele><time>2025-10-20T11:40:48.911Z</time></trkpt><trkpt lat="47.60863440" lon="19.14696780"><ele>147.66</ele><time>2025-10-20T11:40:49.133Z</time></trkpt><trkpt lat="47.60863440" lon="19.14696790"><ele>147.65</ele><time>2025-10-20T11:40:49.299Z</time></trkpt><trkpt lat="47.60863430" lon="19.14696800"><ele>147.64</ele><time>2025-10-20T11:40:49.543Z</time></trkpt><trkpt lat="47.60863440" lon="19.14696810"><ele>147.63</ele><time>2025-10-20T11:40:49.726Z</time></trkpt><trkpt lat="47.60863430" lon="19.14696830"><ele>147.63</ele><time>2025-10-20T11:40:49.927Z</time></trkpt><trkpt lat="47.60863430" lon="19.14696850"><ele>147.62</ele><time>2025-10-20T11:40:50.148Z</time></trkpt><trkpt lat="47.60863420" lon="19.14696880"><ele>147.60</ele><time>2025-10-20T11:40:50.323Z</time></trkpt><trkpt lat="47.60863410" lon="19.14696920"><ele>147.60</ele><time>2025-10-20T11:40:50.545Z</time></trkpt><trkpt lat="47.60863400" lon="19.14696970"><ele>147.59</ele><time>2025-10-20T11:40:50.745Z</time></trkpt><trkpt lat="47.60863390" lon="19.14697000"><ele>147.59</ele><time>2025-10-20T11:40:50.947Z</time></trkpt><trkpt lat="47.60863380" lon="19.14697020"><ele>147.59</ele><time>2025-10-20T11:40:51.150Z</time></trkpt><trkpt lat="47.60863370" lon="19.14697040"><ele>147.59</ele><time>2025-10-20T11:40:51.351Z</time></trkpt><trkpt lat="47.60863360" lon="19.14697050"><ele>147.58</ele><time>2025-10-20T11:40:51.552Z</time></trkpt><trkpt lat="47.60863340" lon="19.14697060"><ele>147.58</ele><time>2025-10-20T11:40:51.753Z</time></trkpt><trkpt lat="47.60863310" lon="19.14697060"><ele>147.58</ele><time>2025-10-20T11:40:51.954Z</time></trkpt><trkpt lat="47.60863300" lon="19.14697070"><ele>147.58</ele><time>2025-10-20T11:40:52.155Z</time></trkpt><trkpt lat="47.60863290" lon="19.14697070"><ele>147.57</ele><time>2025-10-20T11:40:52.344Z</time></trkpt><trkpt lat="47.60863280" lon="19.14697070"><ele>147.56</ele><time>2025-10-20T11:40:52.558Z</time></trkpt><trkpt lat="47.60863280" lon="19.14697060"><ele>147.54</ele><time>2025-10-20T11:40:52.727Z</time></trkpt><trkpt lat="47.60863270" lon="19.14697040"><ele>147.54</ele><time>2025-10-20T11:40:52.947Z</time></trkpt><trkpt lat="47.60863280" lon="19.14697020"><ele>147.54</ele><time>2025-10-20T11:40:53.148Z</time></trkpt><trkpt lat="47.60863300" lon="19.14696990"><ele>147.54</ele><time>2025-10-20T11:40:53.354Z</time></trkpt><trkpt lat="47.60863320" lon="19.14696970"><ele>147.53</ele><time>2025-10-20T11:40:53.557Z</time></trkpt><trkpt lat="47.60863340" lon="19.14696940"><ele>147.53</ele><time>2025-10-20T11:40:53.757Z</time></trkpt><trkpt lat="47.60863350" lon="19.14696910"><ele>147.53</ele><time>2025-10-20T11:40:53.957Z</time></trkpt><trkpt lat="47.60863370" lon="19.14696870"><ele>147.53</ele><time>2025-10-20T11:40:54.158Z</time></trkpt><trkpt lat="47.60863380" lon="19.14696850"><ele>147.53</ele><time>2025-10-20T11:40:54.289Z</time></trkpt><trkpt lat="47.60863400" lon="19.14696820"><ele>147.53</ele><time>2025-10-20T11:40:54.533Z</time></trkpt><trkpt lat="47.60863420" lon="19.14696800"><ele>147.53</ele><time>2025-10-20T11:40:54.756Z</time></trkpt><trkpt lat="47.60863420" lon="19.14696780"><ele>147.53</ele><time>2025-10-20T11:40:54.960Z</time></trkpt><trkpt lat="47.60863430" lon="19.14696760"><ele>147.53</ele><time>2025-10-20T11:40:55.142Z</time></trkpt><trkpt lat="47.60863430" lon="19.14696750"><ele>147.53</ele><time>2025-10-20T11:40:55.346Z</time></trkpt><trkpt lat="47.60863440" lon="19.14696760"><ele>147.52</ele><time>2025-10-20T11:40:55.551Z</time></trkpt><trkpt lat="47.60863450" lon="19.14696770"><ele>147.51</ele><time>2025-10-20T11:40:55.752Z</time></trkpt><trkpt lat="47.60863470" lon="19.14696800"><ele>147.51</ele><time>2025-10-20T11:40:55.955Z</time></trkpt><trkpt lat="47.60863480" lon="19.14696840"><ele>147.50</ele><time>2025-10-20T11:40:56.157Z</time></trkpt><trkpt lat="47.60863500" lon="19.14696870"><ele>147.49</ele><time>2025-10-20T11:40:56.353Z</time></trkpt><trkpt lat="47.60863510" lon="19.14696900"><ele>147.49</ele><time>2025-10-20T11:40:56.532Z</time></trkpt><trkpt lat="47.60863530" lon="19.14696940"><ele>147.48</ele><time>2025-10-20T11:40:56.733Z</time></trkpt><trkpt lat="47.60863550" lon="19.14696970"><ele>147.49</ele><time>2025-10-20T11:40:56.954Z</time></trkpt><trkpt lat="47.60863560" lon="19.14696990"><ele>147.48</ele><time>2025-10-20T11:40:57.137Z</time></trkpt><trkpt lat="47.60863570" lon="19.14697000"><ele>147.49</ele><time>2025-10-20T11:40:57.349Z</time></trkpt><trkpt lat="47.60863580" lon="19.14697010"><ele>147.48</ele><time>2025-10-20T11:40:57.554Z</time></trkpt><trkpt lat="47.60863580" lon="19.14697020"><ele>147.48</ele><time>2025-10-20T11:40:57.757Z</time></trkpt><trkpt lat="47.60863580" lon="19.14697020"><ele>147.48</ele><time>2025-10-20T11:40:57.957Z</time></trkpt><trkpt lat="47.60863580" lon="19.14697010"><ele>147.48</ele><time>2025-10-20T11:40:58.158Z</time></trkpt><trkpt lat="47.60863570" lon="19.14697000"><ele>147.47</ele><time>2025-10-20T11:40:58.363Z</time></trkpt><trkpt lat="47.60863560" lon="19.14696970"><ele>147.48</ele><time>2025-10-20T11:40:58.565Z</time></trkpt><trkpt lat="47.60863550" lon="19.14696940"><ele>147.48</ele><time>2025-10-20T11:40:58.766Z</time></trkpt><trkpt lat="47.60863540" lon="19.14696900"><ele>147.49</ele><time>2025-10-20T11:40:58.968Z</time></trkpt><trkpt lat="47.60863540" lon="19.14696880"><ele>147.49</ele><time>2025-10-20T11:40:59.154Z</time></trkpt><trkpt lat="47.60863540" lon="19.14696870"><ele>147.48</ele><time>2025-10-20T11:40:59.366Z</time></trkpt><trkpt lat="47.60863530" lon="19.14696870"><ele>147.47</ele><time>2025-10-20T11:40:59.566Z</time></trkpt><trkpt lat="47.60863530" lon="19.14696870"><ele>147.46</ele><time>2025-10-20T11:40:59.767Z</time></trkpt><trkpt lat="47.60863530" lon="19.14696860"><ele>147.46</ele><time>2025-10-20T11:40:59.968Z</time></trkpt><trkpt lat="47.60863520" lon="19.14696870"><ele>147.46</ele><time>2025-10-20T11:41:00.169Z</time></trkpt><trkpt lat="47.60863520" lon="19.14696870"><ele>147.45</ele><time>2025-10-20T11:41:00.375Z</time></trkpt><trkpt lat="47.60863510" lon="19.14696850"><ele>147.46</ele><time>2025-10-20T11:41:00.578Z</time></trkpt><trkpt lat="47.60863490" lon="19.14696830"><ele>147.46</ele><time>2025-10-20T11:41:00.779Z</time></trkpt><trkpt lat="47.60863460" lon="19.14696800"><ele>147.47</ele><time>2025-10-20T11:41:00.980Z</time></trkpt><trkpt lat="47.60863440" lon="19.14696790"><ele>147.46</ele><time>2025-10-20T11:41:01.161Z</time></trkpt><trkpt lat="47.60863420" lon="19.14696770"><ele>147.45</ele><time>2025-10-20T11:41:01.371Z</time></trkpt><trkpt lat="47.60863400" lon="19.14696750"><ele>147.44</ele><time>2025-10-20T11:41:01.572Z</time></trkpt><trkpt lat="47.60863380" lon="19.14696740"><ele>147.43</ele><time>2025-10-20T11:41:01.774Z</time></trkpt><trkpt lat="47.60863360" lon="19.14696720"><ele>147.42</ele><time>2025-10-20T11:41:01.978Z</time></trkpt><trkpt lat="47.60863340" lon="19.14696700"><ele>147.42</ele><time>2025-10-20T11:41:02.179Z</time></trkpt><trkpt lat="47.60863320" lon="19.14696700"><ele>147.42</ele><time>2025-10-20T11:41:02.333Z</time></trkpt><trkpt lat="47.60863300" lon="19.14696690"><ele>147.42</ele><time>2025-10-20T11:41:02.573Z</time></trkpt><trkpt lat="47.60863280" lon="19.14696680"><ele>147.42</ele><time>2025-10-20T11:41:02.779Z</time></trkpt><trkpt lat="47.60863270" lon="19.14696680"><ele>147.41</ele><time>2025-10-20T11:41:02.939Z</time></trkpt><trkpt lat="47.60863270" lon="19.14696700"><ele>147.41</ele><time>2025-10-20T11:41:03.180Z</time></trkpt><trkpt lat="47.60863280" lon="19.14696750"><ele>147.42</ele><time>2025-10-20T11:41:03.385Z</time></trkpt><trkpt lat="47.60863310" lon="19.14696830"><ele>147.41</ele><time>2025-10-20T11:41:03.585Z</time></trkpt><trkpt lat="47.60863330" lon="19.14696900"><ele>147.40</ele><time>2025-10-20T11:41:03.786Z</time></trkpt><trkpt lat="47.60863360" lon="19.14696970"><ele>147.40</ele><time>2025-10-20T11:41:03.987Z</time></trkpt><trkpt lat="47.60863390" lon="19.14697030"><ele>147.41</ele><time>2025-10-20T11:41:04.149Z</time></trkpt><trkpt lat="47.60863420" lon="19.14697100"><ele>147.41</ele><time>2025-10-20T11:41:04.353Z</time></trkpt><trkpt lat="47.60863450" lon="19.14697150"><ele>147.40</ele><time>2025-10-20T11:41:04.534Z</time></trkpt><trkpt lat="47.60863480" lon="19.14697190"><ele>147.39</ele><time>2025-10-20T11:41:04.755Z</time></trkpt><trkpt lat="47.60863500" lon="19.14697210"><ele>147.38</ele><time>2025-10-20T11:41:04.958Z</time></trkpt><trkpt lat="47.60863520" lon="19.14697230"><ele>147.37</ele><time>2025-10-20T11:41:05.178Z</time></trkpt><trkpt lat="47.60863540" lon="19.14697240"><ele>147.37</ele><time>2025-10-20T11:41:05.387Z</time></trkpt><trkpt lat="47.60863550" lon="19.14697240"><ele>147.36</ele><time>2025-10-20T11:41:05.567Z</time></trkpt><trkpt lat="47.60863550" lon="19.14697240"><ele>147.37</ele><time>2025-10-20T11:41:05.788Z</time></trkpt><trkpt lat="47.60863540" lon="19.14697240"><ele>147.36</ele><time>2025-10-20T11:41:05.990Z</time></trkpt><trkpt lat="47.60863530" lon="19.14697240"><ele>147.37</ele><time>2025-10-20T11:41:06.170Z</time></trkpt><trkpt lat="47.60863510" lon="19.14697240"><ele>147.36</ele><time>2025-10-20T11:41:06.391Z</time></trkpt><trkpt lat="47.60863490" lon="19.14697230"><ele>147.36</ele><time>2025-10-20T11:41:06.552Z</time></trkpt><trkpt lat="47.60863460" lon="19.14697200"><ele>147.36</ele><time>2025-10-20T11:41:06.773Z</time></trkpt><trkpt lat="47.60863440" lon="19.14697180"><ele>147.37</ele><time>2025-10-20T11:41:06.973Z</time></trkpt><trkpt lat="47.60863420" lon="19.14697170"><ele>147.38</ele><time>2025-10-20T11:41:07.194Z</time></trkpt><trkpt lat="47.60863410" lon="19.14697160"><ele>147.38</ele><time>2025-10-20T11:41:07.362Z</time></trkpt><trkpt lat="47.60863400" lon="19.14697150"><ele>147.38</ele><time>2025-10-20T11:41:07.588Z</time></trkpt><trkpt lat="47.60863390" lon="19.14697130"><ele>147.38</ele><time>2025-10-20T11:41:07.789Z</time></trkpt><trkpt lat="47.60863390" lon="19.14697120"><ele>147.38</ele><time>2025-10-20T11:41:07.991Z</time></trkpt><trkpt lat="47.60863390" lon="19.14697110"><ele>147.36</ele><time>2025-10-20T11:41:08.190Z</time></trkpt><trkpt lat="47.60863390" lon="19.14697090"><ele>147.34</ele><time>2025-10-20T11:41:08.394Z</time></trkpt><trkpt lat="47.60863380" lon="19.14697050"><ele>147.34</ele><time>2025-10-20T11:41:08.574Z</time></trkpt><trkpt lat="47.60863370" lon="19.14697000"><ele>147.33</ele><time>2025-10-20T11:41:08.794Z</time></trkpt><trkpt lat="47.60863370" lon="19.14696940"><ele>147.33</ele><time>2025-10-20T11:41:08.994Z</time></trkpt><trkpt lat="47.60863360" lon="19.14696880"><ele>147.32</ele><time>2025-10-20T11:41:09.195Z</time></trkpt><trkpt lat="47.60863360" lon="19.14696810"><ele>147.33</ele><time>2025-10-20T11:41:09.397Z</time></trkpt><trkpt lat="47.60863350" lon="19.14696740"><ele>147.33</ele><time>2025-10-20T11:41:09.598Z</time></trkpt><trkpt lat="47.60863350" lon="19.14696700"><ele>147.34</ele><time>2025-10-20T11:41:09.780Z</time></trkpt><trkpt lat="47.60863360" lon="19.14696670"><ele>147.33</ele><time>2025-10-20T11:41:10.001Z</time></trkpt><trkpt lat="47.60863370" lon="19.14696640"><ele>147.33</ele><time>2025-10-20T11:41:10.202Z</time></trkpt><trkpt lat="47.60863380" lon="19.14696620"><ele>147.32</ele><time>2025-10-20T11:41:10.385Z</time></trkpt><trkpt lat="47.60863400" lon="19.14696600"><ele>147.33</ele><time>2025-10-20T11:41:10.587Z</time></trkpt><trkpt lat="47.60863430" lon="19.14696590"><ele>147.32</ele><time>2025-10-20T11:41:10.788Z</time></trkpt><trkpt lat="47.60863450" lon="19.14696580"><ele>147.31</ele><time>2025-10-20T11:41:10.989Z</time></trkpt><trkpt lat="47.60863480" lon="19.14696590"><ele>147.30</ele><time>2025-10-20T11:41:11.190Z</time></trkpt><trkpt lat="47.60863500" lon="19.14696590"><ele>147.29</ele><time>2025-10-20T11:41:11.392Z</time></trkpt><trkpt lat="47.60863520" lon="19.14696600"><ele>147.28</ele><time>2025-10-20T11:41:11.592Z</time></trkpt><trkpt lat="47.60863540" lon="19.14696590"><ele>147.28</ele><time>2025-10-20T11:41:11.794Z</time></trkpt><trkpt lat="47.60863540" lon="19.14696590"><ele>147.27</ele><time>2025-10-20T11:41:11.995Z</time></trkpt><trkpt lat="47.60863540" lon="19.14696580"><ele>147.28</ele><time>2025-10-20T11:41:12.195Z</time></trkpt><trkpt lat="47.60863540" lon="19.14696570"><ele>147.28</ele><time>2025-10-20T11:41:12.400Z</time></trkpt><trkpt lat="47.60863540" lon="19.14696570"><ele>147.28</ele><time>2025-10-20T11:41:12.602Z</time></trkpt><trkpt lat="47.60863540" lon="19.14696570"><ele>147.29</ele><time>2025-10-20T11:41:12.803Z</time></trkpt><trkpt lat="47.60863540" lon="19.14696580"><ele>147.29</ele><time>2025-10-20T11:41:12.984Z</time></trkpt><trkpt lat="47.60863550" lon="19.14696620"><ele>147.27</ele><time>2025-10-20T11:41:13.206Z</time></trkpt><trkpt lat="47.60863560" lon="19.14696680"><ele>147.26</ele><time>2025-10-20T11:41:13.388Z</time></trkpt><trkpt lat="47.60863560" lon="19.14696750"><ele>147.25</ele><time>2025-10-20T11:41:13.608Z</time></trkpt><trkpt lat="47.60863560" lon="19.14696810"><ele>147.24</ele><time>2025-10-20T11:41:13.809Z</time></trkpt><trkpt lat="47.60863550" lon="19.14696870"><ele>147.24</ele><time>2025-10-20T11:41:14.010Z</time></trkpt><trkpt lat="47.60863550" lon="19.14696920"><ele>147.23</ele><time>2025-10-20T11:41:14.211Z</time></trkpt><trkpt lat="47.60863540" lon="19.14696970"><ele>147.23</ele><time>2025-10-20T11:41:14.402Z</time></trkpt><trkpt lat="47.60863540" lon="19.14697010"><ele>147.21</ele><time>2025-10-20T11:41:14.602Z</time></trkpt><trkpt lat="47.60863530" lon="19.14697040"><ele>147.20</ele><time>2025-10-20T11:41:14.762Z</time></trkpt><trkpt lat="47.60863520" lon="19.14697090"><ele>147.20</ele><time>2025-10-20T11:41:15.003Z</time></trkpt><trkpt lat="47.60863510" lon="19.14697120"><ele>147.20</ele><time>2025-10-20T11:41:15.204Z</time></trkpt><trkpt lat="47.60863500" lon="19.14697150"><ele>147.20</ele><time>2025-10-20T11:41:15.406Z</time></trkpt><trkpt lat="47.60863490" lon="19.14697180"><ele>147.19</ele><time>2025-10-20T11:41:15.607Z</time></trkpt><trkpt lat="47.60863480" lon="19.14697190"><ele>147.19</ele><time>2025-10-20T11:41:15.808Z</time></trkpt><trkpt lat="47.60863470" lon="19.14697200"><ele>147.19</ele><time>2025-10-20T11:41:16.011Z</time></trkpt><trkpt lat="47.60863460" lon="19.14697210"><ele>147.19</ele><time>2025-10-20T11:41:16.215Z</time></trkpt><trkpt lat="47.60863450" lon="19.14697210"><ele>147.18</ele><time>2025-10-20T11:41:16.400Z</time></trkpt><trkpt lat="47.60863440" lon="19.14697210"><ele>147.17</ele><time>2025-10-20T11:41:16.562Z</time></trkpt><trkpt lat="47.60863440" lon="19.14697190"><ele>147.17</ele><time>2025-10-20T11:41:16.784Z</time></trkpt><trkpt lat="47.60863430" lon="19.14697170"><ele>147.16</ele><time>2025-10-20T11:41:17.003Z</time></trkpt><trkpt lat="47.60863420" lon="19.14697160"><ele>147.16</ele><time>2025-10-20T11:41:17.206Z</time></trkpt><trkpt lat="47.60863410" lon="19.14697140"><ele>147.16</ele><time>2025-10-20T11:41:17.414Z</time></trkpt><trkpt lat="47.60863400" lon="19.14697130"><ele>147.16</ele><time>2025-10-20T11:41:17.616Z</time></trkpt><trkpt lat="47.60863390" lon="19.14697120"><ele>147.17</ele><time>2025-10-20T11:41:17.799Z</time></trkpt><trkpt lat="47.60863370" lon="19.14697110"><ele>147.18</ele><time>2025-10-20T11:41:18.020Z</time></trkpt><trkpt lat="47.60863350" lon="19.14697100"><ele>147.18</ele><time>2025-10-20T11:41:18.202Z</time></trkpt><trkpt lat="47.60863340" lon="19.14697090"><ele>147.18</ele><time>2025-10-20T11:41:18.426Z</time></trkpt><trkpt lat="47.60863330" lon="19.14697090"><ele>147.18</ele><time>2025-10-20T11:41:18.628Z</time></trkpt><trkpt lat="47.60863320" lon="19.14697090"><ele>147.18</ele><time>2025-10-20T11:41:18.829Z</time></trkpt><trkpt lat="47.60863320" lon="19.14697090"><ele>147.17</ele><time>2025-10-20T11:41:18.989Z</time></trkpt><trkpt lat="47.60863320" lon="19.14697090"><ele>147.16</ele><time>2025-10-20T11:41:19.230Z</time></trkpt><trkpt lat="47.60863330" lon="19.14697090"><ele>147.15</ele><time>2025-10-20T11:41:19.416Z</time></trkpt><trkpt lat="47.60863330" lon="19.14697090"><ele>147.14</ele><time>2025-10-20T11:41:19.597Z</time></trkpt><trkpt lat="47.60863350" lon="19.14697090"><ele>147.14</ele><time>2025-10-20T11:41:19.798Z</time></trkpt><trkpt lat="47.60863360" lon="19.14697080"><ele>147.13</ele><time>2025-10-20T11:41:20.019Z</time></trkpt><trkpt lat="47.60863370" lon="19.14697080"><ele>147.13</ele><time>2025-10-20T11:41:20.200Z</time></trkpt><trkpt lat="47.60863390" lon="19.14697090"><ele>147.12</ele><time>2025-10-20T11:41:20.412Z</time></trkpt><trkpt lat="47.60863410" lon="19.14697100"><ele>147.13</ele><time>2025-10-20T11:41:20.615Z</time></trkpt><trkpt lat="47.60863430" lon="19.14697110"><ele>147.13</ele><time>2025-10-20T11:41:20.817Z</time></trkpt><trkpt lat="47.60863440" lon="19.14697120"><ele>147.12</ele><time>2025-10-20T11:41:21.017Z</time></trkpt><trkpt lat="47.60863450" lon="19.14697130"><ele>147.12</ele><time>2025-10-20T11:41:21.218Z</time></trkpt><trkpt lat="47.60863460" lon="19.14697130"><ele>147.11</ele><time>2025-10-20T11:41:21.420Z</time></trkpt><trkpt lat="47.60863470" lon="19.14697120"><ele>147.11</ele><time>2025-10-20T11:41:21.621Z</time></trkpt><trkpt lat="47.60863480" lon="19.14697100"><ele>147.11</ele><time>2025-10-20T11:41:21.821Z</time></trkpt><trkpt lat="47.60863480" lon="19.14697070"><ele>147.12</ele><time>2025-10-20T11:41:22.002Z</time></trkpt><trkpt lat="47.60863480" lon="19.14697030"><ele>147.12</ele><time>2025-10-20T11:41:22.227Z</time></trkpt><trkpt lat="47.60863480" lon="19.14696980"><ele>147.12</ele><time>2025-10-20T11:41:22.431Z</time></trkpt><trkpt lat="47.60863470" lon="19.14696930"><ele>147.12</ele><time>2025-10-20T11:41:22.632Z</time></trkpt><trkpt lat="47.60863460" lon="19.14696880"><ele>147.13</ele><time>2025-10-20T11:41:22.832Z</time></trkpt><trkpt lat="47.60863460" lon="19.14696840"><ele>147.14</ele><time>2025-10-20T11:41:23.012Z</time></trkpt><trkpt lat="47.60863460" lon="19.14696810"><ele>147.14</ele><time>2025-10-20T11:41:23.233Z</time></trkpt><trkpt lat="47.60863460" lon="19.14696790"><ele>147.15</ele><time>2025-10-20T11:41:23.435Z</time></trkpt><trkpt lat="47.60863460" lon="19.14696770"><ele>147.15</ele><time>2025-10-20T11:41:23.638Z</time></trkpt><trkpt lat="47.60863450" lon="19.14696740"><ele>147.15</ele><time>2025-10-20T11:41:23.819Z</time></trkpt><trkpt lat="47.60863450" lon="19.14696710"><ele>147.15</ele><time>2025-10-20T11:41:24.020Z</time></trkpt><trkpt lat="47.60863450" lon="19.14696690"><ele>147.15</ele><time>2025-10-20T11:41:24.225Z</time></trkpt><trkpt lat="47.60863460" lon="19.14696680"><ele>147.15</ele><time>2025-10-20T11:41:24.421Z</time></trkpt><trkpt lat="47.60863470" lon="19.14696670"><ele>147.16</ele><time>2025-10-20T11:41:24.625Z</time></trkpt><trkpt lat="47.60863480" lon="19.14696660"><ele>147.16</ele><time>2025-10-20T11:41:24.830Z</time></trkpt><trkpt lat="47.60863480" lon="19.14696660"><ele>147.16</ele><time>2025-10-20T11:41:25.031Z</time></trkpt><trkpt lat="47.60863490" lon="19.14696660"><ele>147.16</ele><time>2025-10-20T11:41:25.235Z</time></trkpt><trkpt lat="47.60863490" lon="19.14696650"><ele>147.16</ele><time>2025-10-20T11:41:25.430Z</time></trkpt><trkpt lat="47.60863490" lon="19.14696650"><ele>147.17</ele><time>2025-10-20T11:41:25.589Z</time></trkpt><trkpt lat="47.60863500" lon="19.14696650"><ele>147.16</ele><time>2025-10-20T11:41:25.830Z</time></trkpt><trkpt lat="47.60863500" lon="19.14696650"><ele>147.17</ele><time>2025-10-20T11:41:26.030Z</time></trkpt><trkpt lat="47.60863490" lon="19.14696650"><ele>147.17</ele><time>2025-10-20T11:41:26.235Z</time></trkpt><trkpt lat="47.60863490" lon="19.14696650"><ele>147.17</ele><time>2025-10-20T11:41:26.436Z</time></trkpt><trkpt lat="47.60863480" lon="19.14696650"><ele>147.17</ele><time>2025-10-20T11:41:26.637Z</time></trkpt><trkpt lat="47.60863470" lon="19.14696650"><ele>147.17</ele><time>2025-10-20T11:41:26.800Z</time></trkpt><trkpt lat="47.60863460" lon="19.14696650"><ele>147.17</ele><time>2025-10-20T11:41:27.002Z</time></trkpt><trkpt lat="47.60863450" lon="19.14696640"><ele>147.17</ele><time>2025-10-20T11:41:27.223Z</time></trkpt><trkpt lat="47.60863440" lon="19.14696650"><ele>147.17</ele><time>2025-10-20T11:41:27.426Z</time></trkpt><trkpt lat="47.60863420" lon="19.14696660"><ele>147.17</ele><time>2025-10-20T11:41:27.628Z</time></trkpt><trkpt lat="47.60863410" lon="19.14696670"><ele>147.18</ele><time>2025-10-20T11:41:27.830Z</time></trkpt><trkpt lat="47.60863400" lon="19.14696680"><ele>147.19</ele><time>2025-10-20T11:41:28.031Z</time></trkpt><trkpt lat="47.60863380" lon="19.14696700"><ele>147.19</ele><time>2025-10-20T11:41:28.213Z</time></trkpt><trkpt lat="47.60863370" lon="19.14696730"><ele>147.19</ele><time>2025-10-20T11:41:28.416Z</time></trkpt><trkpt lat="47.60863360" lon="19.14696750"><ele>147.19</ele><time>2025-10-20T11:41:28.618Z</time></trkpt><trkpt lat="47.60863350" lon="19.14696770"><ele>147.18</ele><time>2025-10-20T11:41:28.820Z</time></trkpt><trkpt lat="47.60863340" lon="19.14696790"><ele>147.17</ele><time>2025-10-20T11:41:29.020Z</time></trkpt><trkpt lat="47.60863330" lon="19.14696800"><ele>147.17</ele><time>2025-10-20T11:41:29.222Z</time></trkpt><trkpt lat="47.60863340" lon="19.14696830"><ele>147.17</ele><time>2025-10-20T11:41:29.426Z</time></trkpt><trkpt lat="47.60863350" lon="19.14696860"><ele>147.16</ele><time>2025-10-20T11:41:29.634Z</time></trkpt><trkpt lat="47.60863350" lon="19.14696900"><ele>147.16</ele><time>2025-10-20T11:41:29.837Z</time></trkpt><trkpt lat="47.60863360" lon="19.14696940"><ele>147.15</ele><time>2025-10-20T11:41:30.037Z</time></trkpt><trkpt lat="47.60863370" lon="19.14696990"><ele>147.15</ele><time>2025-10-20T11:41:30.239Z</time></trkpt><trkpt lat="47.60863380" lon="19.14697030"><ele>147.15</ele><time>2025-10-20T11:41:30.444Z</time></trkpt><trkpt lat="47.60863390" lon="19.14697060"><ele>147.15</ele><time>2025-10-20T11:41:30.644Z</time></trkpt><trkpt lat="47.60863400" lon="19.14697090"><ele>147.15</ele><time>2025-10-20T11:41:30.825Z</time></trkpt><trkpt lat="47.60863400" lon="19.14697110"><ele>147.14</ele><time>2025-10-20T11:41:31.028Z</time></trkpt><trkpt lat="47.60863410" lon="19.14697130"><ele>147.14</ele><time>2025-10-20T11:41:31.240Z</time></trkpt><trkpt lat="47.60863410" lon="19.14697150"><ele>147.14</ele><time>2025-10-20T11:41:31.435Z</time></trkpt><trkpt lat="47.60863420" lon="19.14697160"><ele>147.14</ele><time>2025-10-20T11:41:31.636Z</time></trkpt><trkpt lat="47.60863420" lon="19.14697180"><ele>147.14</ele><time>2025-10-20T11:41:31.838Z</time></trkpt><trkpt lat="47.60863430" lon="19.14697190"><ele>147.14</ele><time>2025-10-20T11:41:32.018Z</time></trkpt><trkpt lat="47.60863440" lon="19.14697210"><ele>147.14</ele><time>2025-10-20T11:41:32.241Z</time></trkpt><trkpt lat="47.60863450" lon="19.14697210"><ele>147.13</ele><time>2025-10-20T11:41:32.444Z</time></trkpt><trkpt lat="47.60863470" lon="19.14697220"><ele>147.13</ele><time>2025-10-20T11:41:32.646Z</time></trkpt><trkpt lat="47.60863480" lon="19.14697210"><ele>147.13</ele><time>2025-10-20T11:41:32.828Z</time></trkpt><trkpt lat="47.60863490" lon="19.14697210"><ele>147.12</ele><time>2025-10-20T11:41:33.030Z</time></trkpt><trkpt lat="47.60863500" lon="19.14697200"><ele>147.12</ele><time>2025-10-20T11:41:33.238Z</time></trkpt><trkpt lat="47.60863510" lon="19.14697180"><ele>147.11</ele><time>2025-10-20T11:41:33.442Z</time></trkpt><trkpt lat="47.60863520" lon="19.14697170"><ele>147.10</ele><time>2025-10-20T11:41:33.645Z</time></trkpt><trkpt lat="47.60863520" lon="19.14697150"><ele>147.10</ele><time>2025-10-20T11:41:33.826Z</time></trkpt><trkpt lat="47.60863530" lon="19.14697130"><ele>147.09</ele><time>2025-10-20T11:41:34.030Z</time></trkpt><trkpt lat="47.60863530" lon="19.14697110"><ele>147.08</ele><time>2025-10-20T11:41:34.232Z</time></trkpt><trkpt lat="47.60863530" lon="19.14697090"><ele>147.07</ele><time>2025-10-20T11:41:34.436Z</time></trkpt><trkpt lat="47.60863530" lon="19.14697070"><ele>147.07</ele><time>2025-10-20T11:41:34.637Z</time></trkpt><trkpt lat="47.60863530" lon="19.14697050"><ele>147.06</ele><time>2025-10-20T11:41:34.839Z</time></trkpt><trkpt lat="47.60863530" lon="19.14697040"><ele>147.06</ele><time>2025-10-20T11:41:35.019Z</time></trkpt><trkpt lat="47.60863530" lon="19.14697010"><ele>147.17</ele><time>2025-10-20T11:41:35.246Z</time></trkpt><trkpt lat="47.60863530" lon="19.14696990"><ele>147.38</ele><time>2025-10-20T11:41:35.411Z</time></trkpt><trkpt lat="47.60863520" lon="19.14696980"><ele>147.70</ele><time>2025-10-20T11:41:35.613Z</time></trkpt><trkpt lat="47.60863520" lon="19.14696980"><ele>148.16</ele><time>2025-10-20T11:41:35.813Z</time></trkpt><trkpt lat="47.60863500" lon="19.14696970"><ele>148.67</ele><time>2025-10-20T11:41:36.034Z</time></trkpt><trkpt lat="47.60863490" lon="19.14696950"><ele>149.09</ele><time>2025-10-20T11:41:36.218Z</time></trkpt><trkpt lat="47.60863470" lon="19.14696930"><ele>149.53</ele><time>2025-10-20T11:41:36.419Z</time></trkpt><trkpt lat="47.60863460" lon="19.14696910"><ele>149.95</ele><time>2025-10-20T11:41:36.618Z</time></trkpt><trkpt lat="47.60863440" lon="19.14696910"><ele>150.37</ele><time>2025-10-20T11:41:36.819Z</time></trkpt><trkpt lat="47.60863440" lon="19.14696910"><ele>150.77</ele><time>2025-10-20T11:41:37.020Z</time></trkpt><trkpt lat="47.60863440" lon="19.14696930"><ele>151.23</ele><time>2025-10-20T11:41:37.245Z</time></trkpt><trkpt lat="47.60863440" lon="19.14696940"><ele>151.62</ele><time>2025-10-20T11:41:37.435Z</time></trkpt><trkpt lat="47.60863460" lon="19.14696960"><ele>152.02</ele><time>2025-10-20T11:41:37.636Z</time></trkpt><trkpt lat="47.60863470" lon="19.14696980"><ele>152.42</ele><time>2025-10-20T11:41:37.836Z</time></trkpt><trkpt lat="47.60863490" lon="19.14696990"><ele>152.83</ele><time>2025-10-20T11:41:38.037Z</time></trkpt><trkpt lat="47.60863500" lon="19.14696990"><ele>153.16</ele><time>2025-10-20T11:41:38.198Z</time></trkpt><trkpt lat="47.60863520" lon="19.14697000"><ele>153.68</ele><time>2025-10-20T11:41:38.449Z</time></trkpt><trkpt lat="47.60863530" lon="19.14697000"><ele>154.08</ele><time>2025-10-20T11:41:38.651Z</time></trkpt><trkpt lat="47.60863550" lon="19.14697000"><ele>154.48</ele><time>2025-10-20T11:41:38.851Z</time></trkpt><trkpt lat="47.60863560" lon="19.14696990"><ele>154.87</ele><time>2025-10-20T11:41:39.052Z</time></trkpt><trkpt lat="47.60863570" lon="19.14696990"><ele>155.26</ele><time>2025-10-20T11:41:39.259Z</time></trkpt><trkpt lat="47.60863570" lon="19.14696980"><ele>155.65</ele><time>2025-10-20T11:41:39.453Z</time></trkpt><trkpt lat="47.60863560" lon="19.14696970"><ele>155.98</ele><time>2025-10-20T11:41:39.618Z</time></trkpt><trkpt lat="47.60863550" lon="19.14696960"><ele>156.48</ele><time>2025-10-20T11:41:39.859Z</time></trkpt><trkpt lat="47.60863530" lon="19.14696950"><ele>156.88</ele><time>2025-10-20T11:41:40.060Z</time></trkpt><trkpt lat="47.60863520" lon="19.14696950"><ele>157.19</ele><time>2025-10-20T11:41:40.261Z</time></trkpt><trkpt lat="47.60863500" lon="19.14696940"><ele>157.35</ele><time>2025-10-20T11:41:40.447Z</time></trkpt><trkpt lat="47.60863480" lon="19.14696930"><ele>157.43</ele><time>2025-10-20T11:41:40.648Z</time></trkpt><trkpt lat="47.60863470" lon="19.14696930"><ele>157.42</ele><time>2025-10-20T11:41:40.849Z</time></trkpt><trkpt lat="47.60863470" lon="19.14696930"><ele>157.33</ele><time>2025-10-20T11:41:41.029Z</time></trkpt><trkpt lat="47.60863460" lon="19.14696930"><ele>157.23</ele><time>2025-10-20T11:41:41.239Z</time></trkpt><trkpt lat="47.60863470" lon="19.14696920"><ele>157.16</ele><time>2025-10-20T11:41:41.452Z</time></trkpt><trkpt lat="47.60863500" lon="19.14696920"><ele>157.13</ele><time>2025-10-20T11:41:41.656Z</time></trkpt><trkpt lat="47.60863520" lon="19.14696920"><ele>157.11</ele><time>2025-10-20T11:41:41.857Z</time></trkpt><trkpt lat="47.60863540" lon="19.14696920"><ele>157.08</ele><time>2025-10-20T11:41:42.058Z</time></trkpt><trkpt lat="47.60863560" lon="19.14696920"><ele>157.06</ele><time>2025-10-20T11:41:42.260Z</time></trkpt><trkpt lat="47.60863560" lon="19.14696920"><ele>157.04</ele><time>2025-10-20T11:41:42.444Z</time></trkpt><trkpt lat="47.60863570" lon="19.14696920"><ele>157.02</ele><time>2025-10-20T11:41:42.665Z</time></trkpt><trkpt lat="47.60863570" lon="19.14696930"><ele>157.01</ele><time>2025-10-20T11:41:42.867Z</time></trkpt><trkpt lat="47.60863570" lon="19.14696940"><ele>157.00</ele><time>2025-10-20T11:41:43.068Z</time></trkpt><trkpt lat="47.60863560" lon="19.14696960"><ele>156.98</ele><time>2025-10-20T11:41:43.271Z</time></trkpt><trkpt lat="47.60863550" lon="19.14696980"><ele>156.97</ele><time>2025-10-20T11:41:43.439Z</time></trkpt><trkpt lat="47.60863530" lon="19.14697000"><ele>156.95</ele><time>2025-10-20T11:41:43.640Z</time></trkpt><trkpt lat="47.60863510" lon="19.14697010"><ele>156.94</ele><time>2025-10-20T11:41:43.842Z</time></trkpt><trkpt lat="47.60863490" lon="19.14697030"><ele>156.93</ele><time>2025-10-20T11:41:44.040Z</time></trkpt><trkpt lat="47.60863460" lon="19.14697050"><ele>156.92</ele><time>2025-10-20T11:41:44.264Z</time></trkpt><trkpt lat="47.60863430" lon="19.14697060"><ele>156.92</ele><time>2025-10-20T11:41:44.465Z</time></trkpt><trkpt lat="47.60863400" lon="19.14697070"><ele>156.92</ele><time>2025-10-20T11:41:44.666Z</time></trkpt><trkpt lat="47.60863370" lon="19.14697080"><ele>156.92</ele><time>2025-10-20T11:41:44.878Z</time></trkpt><trkpt lat="47.60863360" lon="19.14697090"><ele>156.92</ele><time>2025-10-20T11:41:45.059Z</time></trkpt><trkpt lat="47.60863350" lon="19.14697110"><ele>156.91</ele><time>2025-10-20T11:41:45.260Z</time></trkpt><trkpt lat="47.60863340" lon="19.14697110"><ele>156.91</ele><time>2025-10-20T11:41:45.466Z</time></trkpt><trkpt lat="47.60863340" lon="19.14697110"><ele>156.91</ele><time>2025-10-20T11:41:45.666Z</time></trkpt><trkpt lat="47.60863330" lon="19.14697100"><ele>156.92</ele><time>2025-10-20T11:41:45.869Z</time></trkpt><trkpt lat="47.60863330" lon="19.14697100"><ele>156.92</ele><time>2025-10-20T11:41:46.070Z</time></trkpt><trkpt lat="47.60863330" lon="19.14697080"><ele>156.91</ele><time>2025-10-20T11:41:46.272Z</time></trkpt><trkpt lat="47.60863340" lon="19.14697050"><ele>156.91</ele><time>2025-10-20T11:41:46.473Z</time></trkpt><trkpt lat="47.60863360" lon="19.14697020"><ele>156.90</ele><time>2025-10-20T11:41:46.654Z</time></trkpt><trkpt lat="47.60863380" lon="19.14696980"><ele>156.90</ele><time>2025-10-20T11:41:46.874Z</time></trkpt><trkpt lat="47.60863400" lon="19.14696940"><ele>156.88</ele><time>2025-10-20T11:41:47.075Z</time></trkpt><trkpt lat="47.60863420" lon="19.14696890"><ele>156.88</ele><time>2025-10-20T11:41:47.271Z</time></trkpt><trkpt lat="47.60863440" lon="19.14696850"><ele>156.87</ele><time>2025-10-20T11:41:47.473Z</time></trkpt><trkpt lat="47.60863470" lon="19.14696810"><ele>156.87</ele><time>2025-10-20T11:41:47.675Z</time></trkpt><trkpt lat="47.60863500" lon="19.14696770"><ele>156.87</ele><time>2025-10-20T11:41:47.878Z</time></trkpt><trkpt lat="47.60863520" lon="19.14696740"><ele>156.88</ele><time>2025-10-20T11:41:48.079Z</time></trkpt><trkpt lat="47.60863540" lon="19.14696720"><ele>156.89</ele><time>2025-10-20T11:41:48.281Z</time></trkpt><trkpt lat="47.60863560" lon="19.14696700"><ele>156.89</ele><time>2025-10-20T11:41:48.468Z</time></trkpt><trkpt lat="47.60863570" lon="19.14696690"><ele>156.89</ele><time>2025-10-20T11:41:48.609Z</time></trkpt><trkpt lat="47.60863590" lon="19.14696680"><ele>156.89</ele><time>2025-10-20T11:41:48.852Z</time></trkpt><trkpt lat="47.60863600" lon="19.14696690"><ele>156.89</ele><time>2025-10-20T11:41:49.074Z</time></trkpt><trkpt lat="47.60863610" lon="19.14696690"><ele>156.89</ele><time>2025-10-20T11:41:49.258Z</time></trkpt><trkpt lat="47.60863610" lon="19.14696690"><ele>156.89</ele><time>2025-10-20T11:41:49.472Z</time></trkpt><trkpt lat="47.60863600" lon="19.14696680"><ele>156.88</ele><time>2025-10-20T11:41:49.675Z</time></trkpt><trkpt lat="47.60863590" lon="19.14696680"><ele>156.87</ele><time>2025-10-20T11:41:49.878Z</time></trkpt><trkpt lat="47.60863580" lon="19.14696680"><ele>156.87</ele><time>2025-10-20T11:41:50.080Z</time></trkpt><trkpt lat="47.60863560" lon="19.14696690"><ele>156.87</ele><time>2025-10-20T11:41:50.244Z</time></trkpt><trkpt lat="47.60863540" lon="19.14696700"><ele>156.88</ele><time>2025-10-20T11:41:50.445Z</time></trkpt><trkpt lat="47.60863510" lon="19.14696720"><ele>156.88</ele><time>2025-10-20T11:41:50.667Z</time></trkpt><trkpt lat="47.60863490" lon="19.14696750"><ele>156.89</ele><time>2025-10-20T11:41:50.850Z</time></trkpt><trkpt lat="47.60863480" lon="19.14696800"><ele>156.90</ele><time>2025-10-20T11:41:51.072Z</time></trkpt><trkpt lat="47.60863470" lon="19.14696850"><ele>156.90</ele><time>2025-10-20T11:41:51.277Z</time></trkpt><trkpt lat="47.60863470" lon="19.14696910"><ele>156.89</ele><time>2025-10-20T11:41:51.459Z</time></trkpt><trkpt lat="47.60863470" lon="19.14696980"><ele>156.89</ele><time>2025-10-20T11:41:51.681Z</time></trkpt><trkpt lat="47.60863480" lon="19.14697040"><ele>156.90</ele><time>2025-10-20T11:41:51.842Z</time></trkpt><trkpt lat="47.60863490" lon="19.14697120"><ele>156.90</ele><time>2025-10-20T11:41:52.063Z</time></trkpt><trkpt lat="47.60863510" lon="19.14697200"><ele>156.91</ele><time>2025-10-20T11:41:52.266Z</time></trkpt><trkpt lat="47.60863510" lon="19.14697270"><ele>156.91</ele><time>2025-10-20T11:41:52.474Z</time></trkpt><trkpt lat="47.60863520" lon="19.14697340"><ele>156.91</ele><time>2025-10-20T11:41:52.675Z</time></trkpt><trkpt lat="47.60863530" lon="19.14697410"><ele>156.91</ele><time>2025-10-20T11:41:52.875Z</time></trkpt><trkpt lat="47.60863530" lon="19.14697460"><ele>156.91</ele><time>2025-10-20T11:41:53.076Z</time></trkpt><trkpt lat="47.60863530" lon="19.14697500"><ele>156.92</ele><time>2025-10-20T11:41:53.277Z</time></trkpt><trkpt lat="47.60863530" lon="19.14697530"><ele>156.91</ele><time>2025-10-20T11:41:53.479Z</time></trkpt><trkpt lat="47.60863530" lon="19.14697540"><ele>156.90</ele><time>2025-10-20T11:41:53.680Z</time></trkpt><trkpt lat="47.60863520" lon="19.14697540"><ele>156.90</ele><time>2025-10-20T11:41:53.880Z</time></trkpt><trkpt lat="47.60863520" lon="19.14697540"><ele>156.89</ele><time>2025-10-20T11:41:54.080Z</time></trkpt><trkpt lat="47.60863520" lon="19.14697540"><ele>156.89</ele><time>2025-10-20T11:41:54.274Z</time></trkpt><trkpt lat="47.60863510" lon="19.14697530"><ele>156.88</ele><time>2025-10-20T11:41:54.478Z</time></trkpt><trkpt lat="47.60863500" lon="19.14697530"><ele>156.87</ele><time>2025-10-20T11:41:54.679Z</time></trkpt><trkpt lat="47.60863490" lon="19.14697520"><ele>156.87</ele><time>2025-10-20T11:41:54.880Z</time></trkpt><trkpt lat="47.60863470" lon="19.14697520"><ele>156.87</ele><time>2025-10-20T11:41:55.084Z</time></trkpt><trkpt lat="47.60863460" lon="19.14697510"><ele>156.87</ele><time>2025-10-20T11:41:55.265Z</time></trkpt><trkpt lat="47.60863450" lon="19.14697490"><ele>156.88</ele><time>2025-10-20T11:41:55.488Z</time></trkpt><trkpt lat="47.60863440" lon="19.14697470"><ele>156.88</ele><time>2025-10-20T11:41:55.690Z</time></trkpt><trkpt lat="47.60863440" lon="19.14697440"><ele>156.88</ele><time>2025-10-20T11:41:55.893Z</time></trkpt><trkpt lat="47.60863440" lon="19.14697400"><ele>156.87</ele><time>2025-10-20T11:41:56.095Z</time></trkpt><trkpt lat="47.60863440" lon="19.14697340"><ele>156.86</ele><time>2025-10-20T11:41:56.283Z</time></trkpt><trkpt lat="47.60863440" lon="19.14697270"><ele>156.86</ele><time>2025-10-20T11:41:56.488Z</time></trkpt><trkpt lat="47.60863430" lon="19.14697210"><ele>156.86</ele><time>2025-10-20T11:41:56.691Z</time></trkpt><trkpt lat="47.60863430" lon="19.14697150"><ele>156.87</ele><time>2025-10-20T11:41:56.872Z</time></trkpt><trkpt lat="47.60863420" lon="19.14697090"><ele>156.87</ele><time>2025-10-20T11:41:57.094Z</time></trkpt><trkpt lat="47.60863410" lon="19.14697040"><ele>156.88</ele><time>2025-10-20T11:41:57.300Z</time></trkpt><trkpt lat="47.60863410" lon="19.14697020"><ele>156.88</ele><time>2025-10-20T11:41:57.502Z</time></trkpt><trkpt lat="47.60863410" lon="19.14697000"><ele>156.89</ele><time>2025-10-20T11:41:57.683Z</time></trkpt><trkpt lat="47.60863420" lon="19.14696980"><ele>156.88</ele><time>2025-10-20T11:41:57.904Z</time></trkpt><trkpt lat="47.60863420" lon="19.14696970"><ele>156.87</ele><time>2025-10-20T11:41:58.084Z</time></trkpt><trkpt lat="47.60863420" lon="19.14696960"><ele>156.88</ele><time>2025-10-20T11:41:58.227Z</time></trkpt><trkpt lat="47.60863430" lon="19.14696940"><ele>156.87</ele><time>2025-10-20T11:41:58.471Z</time></trkpt><trkpt lat="47.60863430" lon="19.14696910"><ele>156.87</ele><time>2025-10-20T11:41:58.692Z</time></trkpt><trkpt lat="47.60863430" lon="19.14696910"><ele>156.87</ele><time>2025-10-20T11:41:58.894Z</time></trkpt><trkpt lat="47.60863440" lon="19.14696920"><ele>156.87</ele><time>2025-10-20T11:41:59.094Z</time></trkpt><trkpt lat="47.60863450" lon="19.14696950"><ele>156.87</ele><time>2025-10-20T11:41:59.277Z</time></trkpt><trkpt lat="47.60863450" lon="19.14696980"><ele>156.87</ele><time>2025-10-20T11:41:59.502Z</time></trkpt><trkpt lat="47.60863440" lon="19.14697000"><ele>156.87</ele><time>2025-10-20T11:41:59.704Z</time></trkpt><trkpt lat="47.60863440" lon="19.14697020"><ele>156.87</ele><time>2025-10-20T11:41:59.908Z</time></trkpt><trkpt lat="47.60863440" lon="19.14697040"><ele>156.87</ele><time>2025-10-20T11:42:00.111Z</time></trkpt><trkpt lat="47.60863440" lon="19.14697050"><ele>156.86</ele><time>2025-10-20T11:42:00.273Z</time></trkpt><trkpt lat="47.60863430" lon="19.14697040"><ele>156.86</ele><time>2025-10-20T11:42:00.499Z</time></trkpt><trkpt lat="47.60863420" lon="19.14697020"><ele>156.87</ele><time>2025-10-20T11:42:00.681Z</time></trkpt><trkpt lat="47.60863410" lon="19.14696990"><ele>156.87</ele><time>2025-10-20T11:42:00.883Z</time></trkpt><trkpt lat="47.60863410" lon="19.14696960"><ele>156.87</ele><time>2025-10-20T11:42:01.084Z</time></trkpt><trkpt lat="47.60863400" lon="19.14696940"><ele>156.87</ele><time>2025-10-20T11:42:01.267Z</time></trkpt><trkpt lat="47.60863390" lon="19.14696920"><ele>156.86</ele><time>2025-10-20T11:42:01.500Z</time></trkpt><trkpt lat="47.60863380" lon="19.14696890"><ele>156.87</ele><time>2025-10-20T11:42:01.701Z</time></trkpt><trkpt lat="47.60863370" lon="19.14696870"><ele>156.87</ele><time>2025-10-20T11:42:01.904Z</time></trkpt><trkpt lat="47.60863360" lon="19.14696860"><ele>156.87</ele><time>2025-10-20T11:42:02.107Z</time></trkpt><trkpt lat="47.60863350" lon="19.14696860"><ele>156.88</ele><time>2025-10-20T11:42:02.295Z</time></trkpt><trkpt lat="47.60863350" lon="19.14696860"><ele>156.88</ele><time>2025-10-20T11:42:02.522Z</time></trkpt><trkpt lat="47.60863340" lon="19.14696860"><ele>156.88</ele><time>2025-10-20T11:42:02.702Z</time></trkpt><trkpt lat="47.60863340" lon="19.14696860"><ele>156.87</ele><time>2025-10-20T11:42:02.903Z</time></trkpt><trkpt lat="47.60863350" lon="19.14696870"><ele>156.87</ele><time>2025-10-20T11:42:03.103Z</time></trkpt><trkpt lat="47.60863360" lon="19.14696880"><ele>156.87</ele><time>2025-10-20T11:42:03.296Z</time></trkpt><trkpt lat="47.60863380" lon="19.14696890"><ele>156.87</ele><time>2025-10-20T11:42:03.499Z</time></trkpt><trkpt lat="47.60863410" lon="19.14696890"><ele>156.87</ele><time>2025-10-20T11:42:03.701Z</time></trkpt><trkpt lat="47.60863430" lon="19.14696890"><ele>156.87</ele><time>2025-10-20T11:42:03.881Z</time></trkpt><trkpt lat="47.60863460" lon="19.14696880"><ele>156.87</ele><time>2025-10-20T11:42:04.102Z</time></trkpt><trkpt lat="47.60863490" lon="19.14696880"><ele>156.87</ele><time>2025-10-20T11:42:04.306Z</time></trkpt><trkpt lat="47.60863520" lon="19.14696870"><ele>156.88</ele><time>2025-10-20T11:42:04.509Z</time></trkpt><trkpt lat="47.60863550" lon="19.14696870"><ele>156.88</ele><time>2025-10-20T11:42:04.712Z</time></trkpt><trkpt lat="47.60863570" lon="19.14696870"><ele>156.88</ele><time>2025-10-20T11:42:04.893Z</time></trkpt><trkpt lat="47.60863590" lon="19.14696870"><ele>156.88</ele><time>2025-10-20T11:42:05.095Z</time></trkpt><trkpt lat="47.60863610" lon="19.14696880"><ele>156.88</ele><time>2025-10-20T11:42:05.306Z</time></trkpt><trkpt lat="47.60863620" lon="19.14696890"><ele>156.88</ele><time>2025-10-20T11:42:05.508Z</time></trkpt><trkpt lat="47.60863630" lon="19.14696910"><ele>156.88</ele><time>2025-10-20T11:42:05.709Z</time></trkpt><trkpt lat="47.60863630" lon="19.14696910"><ele>156.88</ele><time>2025-10-20T11:42:05.911Z</time></trkpt><trkpt lat="47.60863630" lon="19.14696900"><ele>156.88</ele><time>2025-10-20T11:42:06.113Z</time></trkpt><trkpt lat="47.60863620" lon="19.14696880"><ele>156.89</ele><time>2025-10-20T11:42:06.309Z</time></trkpt><trkpt lat="47.60863610" lon="19.14696870"><ele>156.89</ele><time>2025-10-20T11:42:06.480Z</time></trkpt><trkpt lat="47.60863600" lon="19.14696850"><ele>156.89</ele><time>2025-10-20T11:42:06.722Z</time></trkpt><trkpt lat="47.60863600" lon="19.14696850"><ele>156.89</ele><time>2025-10-20T11:42:06.892Z</time></trkpt><trkpt lat="47.60863590" lon="19.14696860"><ele>156.89</ele><time>2025-10-20T11:42:07.093Z</time></trkpt><trkpt lat="47.60863590" lon="19.14696870"><ele>156.89</ele><time>2025-10-20T11:42:07.316Z</time></trkpt><trkpt lat="47.60863600" lon="19.14696880"><ele>156.88</ele><time>2025-10-20T11:42:07.517Z</time></trkpt><trkpt lat="47.60863600" lon="19.14696900"><ele>156.88</ele><time>2025-10-20T11:42:07.699Z</time></trkpt><trkpt lat="47.60863600" lon="19.14696910"><ele>156.87</ele><time>2025-10-20T11:42:07.901Z</time></trkpt><trkpt lat="47.60863610" lon="19.14696910"><ele>156.86</ele><time>2025-10-20T11:42:08.124Z</time></trkpt><trkpt lat="47.60863620" lon="19.14696910"><ele>156.86</ele><time>2025-10-20T11:42:08.309Z</time></trkpt><trkpt lat="47.60863630" lon="19.14696910"><ele>156.86</ele><time>2025-10-20T11:42:08.492Z</time></trkpt><trkpt lat="47.60863650" lon="19.14696920"><ele>156.85</ele><time>2025-10-20T11:42:08.714Z</time></trkpt><trkpt lat="47.60863650" lon="19.14696920"><ele>156.85</ele><time>2025-10-20T11:42:08.915Z</time></trkpt><trkpt lat="47.60863650" lon="19.14696910"><ele>156.85</ele><time>2025-10-20T11:42:09.117Z</time></trkpt><trkpt lat="47.60863640" lon="19.14696900"><ele>156.84</ele><time>2025-10-20T11:42:09.323Z</time></trkpt><trkpt lat="47.60863630" lon="19.14696880"><ele>156.85</ele><time>2025-10-20T11:42:09.524Z</time></trkpt><trkpt lat="47.60863610" lon="19.14696870"><ele>156.85</ele><time>2025-10-20T11:42:09.725Z</time></trkpt><trkpt lat="47.60863600" lon="19.14696860"><ele>156.85</ele><time>2025-10-20T11:42:09.906Z</time></trkpt><trkpt lat="47.60863590" lon="19.14696840"><ele>156.85</ele><time>2025-10-20T11:42:10.127Z</time></trkpt><trkpt lat="47.60863590" lon="19.14696830"><ele>156.85</ele><time>2025-10-20T11:42:10.330Z</time></trkpt><trkpt lat="47.60863590" lon="19.14696820"><ele>156.85</ele><time>2025-10-20T11:42:10.536Z</time></trkpt><trkpt lat="47.60863600" lon="19.14696810"><ele>156.86</ele><time>2025-10-20T11:42:10.738Z</time></trkpt><trkpt lat="47.60863610" lon="19.14696820"><ele>156.86</ele><time>2025-10-20T11:42:10.940Z</time></trkpt><trkpt lat="47.60863620" lon="19.14696820"><ele>156.86</ele><time>2025-10-20T11:42:11.141Z</time></trkpt><trkpt lat="47.60863620" lon="19.14696840"><ele>156.86</ele><time>2025-10-20T11:42:11.303Z</time></trkpt><trkpt lat="47.60863630" lon="19.14696850"><ele>156.86</ele><time>2025-10-20T11:42:11.529Z</time></trkpt><trkpt lat="47.60863630" lon="19.14696870"><ele>156.87</ele><time>2025-10-20T11:42:11.731Z</time></trkpt><trkpt lat="47.60863630" lon="19.14696880"><ele>156.87</ele><time>2025-10-20T11:42:11.912Z</time></trkpt><trkpt lat="47.60863620" lon="19.14696890"><ele>156.88</ele><time>2025-10-20T11:42:12.136Z</time></trkpt><trkpt lat="47.60863610" lon="19.14696910"><ele>156.87</ele><time>2025-10-20T11:42:12.336Z</time></trkpt><trkpt lat="47.60863600" lon="19.14696920"><ele>156.86</ele><time>2025-10-20T11:42:12.540Z</time></trkpt><trkpt lat="47.60863590" lon="19.14696920"><ele>156.86</ele><time>2025-10-20T11:42:12.740Z</time></trkpt><trkpt lat="47.60863590" lon="19.14696920"><ele>156.86</ele><time>2025-10-20T11:42:12.940Z</time></trkpt><trkpt lat="47.60863580" lon="19.14696910"><ele>156.85</ele><time>2025-10-20T11:42:13.141Z</time></trkpt><trkpt lat="47.60863570" lon="19.14696900"><ele>156.85</ele><time>2025-10-20T11:42:13.306Z</time></trkpt><trkpt lat="47.60863560" lon="19.14696890"><ele>156.84</ele><time>2025-10-20T11:42:13.527Z</time></trkpt><trkpt lat="47.60863550" lon="19.14696890"><ele>156.84</ele><time>2025-10-20T11:42:13.729Z</time></trkpt><trkpt lat="47.60863530" lon="19.14696890"><ele>156.85</ele><time>2025-10-20T11:42:13.932Z</time></trkpt><trkpt lat="47.60863520" lon="19.14696910"><ele>156.85</ele><time>2025-10-20T11:42:14.136Z</time></trkpt><trkpt lat="47.60863510" lon="19.14696940"><ele>156.85</ele><time>2025-10-20T11:42:14.327Z</time></trkpt><trkpt lat="47.60863500" lon="19.14696970"><ele>156.85</ele><time>2025-10-20T11:42:14.532Z</time></trkpt><trkpt lat="47.60863480" lon="19.14697000"><ele>156.85</ele><time>2025-10-20T11:42:14.732Z</time></trkpt><trkpt lat="47.60863470" lon="19.14697020"><ele>156.85</ele><time>2025-10-20T11:42:14.935Z</time></trkpt><trkpt lat="47.60863460" lon="19.14697040"><ele>156.84</ele><time>2025-10-20T11:42:15.076Z</time></trkpt><trkpt lat="47.60863440" lon="19.14697060"><ele>156.84</ele><time>2025-10-20T11:42:15.341Z</time></trkpt><trkpt lat="47.60863420" lon="19.14697070"><ele>156.83</ele><time>2025-10-20T11:42:15.545Z</time></trkpt><trkpt lat="47.60863410" lon="19.14697080"><ele>156.83</ele><time>2025-10-20T11:42:15.746Z</time></trkpt><trkpt lat="47.60863400" lon="19.14697080"><ele>156.83</ele><time>2025-10-20T11:42:15.949Z</time></trkpt><trkpt lat="47.60863380" lon="19.14697080"><ele>156.83</ele><time>2025-10-20T11:42:16.151Z</time></trkpt><trkpt lat="47.60863370" lon="19.14697070"><ele>156.83</ele><time>2025-10-20T11:42:16.318Z</time></trkpt><trkpt lat="47.60863360" lon="19.14697050"><ele>156.82</ele><time>2025-10-20T11:42:16.520Z</time></trkpt><trkpt lat="47.60863360" lon="19.14697040"><ele>156.82</ele><time>2025-10-20T11:42:16.741Z</time></trkpt><trkpt lat="47.60863360" lon="19.14697020"><ele>156.83</ele><time>2025-10-20T11:42:16.942Z</time></trkpt><trkpt lat="47.60863360" lon="19.14696990"><ele>156.83</ele><time>2025-10-20T11:42:17.123Z</time></trkpt><trkpt lat="47.60863370" lon="19.14696970"><ele>156.84</ele><time>2025-10-20T11:42:17.352Z</time></trkpt><trkpt lat="47.60863380" lon="19.14696950"><ele>156.85</ele><time>2025-10-20T11:42:17.533Z</time></trkpt><trkpt lat="47.60863400" lon="19.14696930"><ele>156.86</ele><time>2025-10-20T11:42:17.716Z</time></trkpt><trkpt lat="47.60863420" lon="19.14696920"><ele>156.86</ele><time>2025-10-20T11:42:17.939Z</time></trkpt><trkpt lat="47.60863430" lon="19.14696900"><ele>156.86</ele><time>2025-10-20T11:42:18.139Z</time></trkpt><trkpt lat="47.60863440" lon="19.14696880"><ele>156.87</ele><time>2025-10-20T11:42:18.351Z</time></trkpt><trkpt lat="47.60863450" lon="19.14696860"><ele>156.88</ele><time>2025-10-20T11:42:18.554Z</time></trkpt><trkpt lat="47.60863460" lon="19.14696850"><ele>156.88</ele><time>2025-10-20T11:42:18.742Z</time></trkpt><trkpt lat="47.60863470" lon="19.14696820"><ele>156.89</ele><time>2025-10-20T11:42:18.956Z</time></trkpt><trkpt lat="47.60863480" lon="19.14696810"><ele>156.89</ele><time>2025-10-20T11:42:19.137Z</time></trkpt><trkpt lat="47.60863490" lon="19.14696800"><ele>156.89</ele><time>2025-10-20T11:42:19.340Z</time></trkpt><trkpt lat="47.60863480" lon="19.14696790"><ele>156.88</ele><time>2025-10-20T11:42:19.541Z</time></trkpt><trkpt lat="47.60863480" lon="19.14696790"><ele>156.88</ele><time>2025-10-20T11:42:19.743Z</time></trkpt><trkpt lat="47.60863470" lon="19.14696790"><ele>156.89</ele><time>2025-10-20T11:42:19.945Z</time></trkpt><trkpt lat="47.60863470" lon="19.14696790"><ele>156.90</ele><time>2025-10-20T11:42:20.146Z</time></trkpt><trkpt lat="47.60863470" lon="19.14696790"><ele>156.90</ele><time>2025-10-20T11:42:20.348Z</time></trkpt><trkpt lat="47.60863470" lon="19.14696800"><ele>156.90</ele><time>2025-10-20T11:42:20.559Z</time></trkpt><trkpt lat="47.60863470" lon="19.14696820"><ele>156.91</ele><time>2025-10-20T11:42:20.752Z</time></trkpt><trkpt lat="47.60863480" lon="19.14696860"><ele>156.91</ele><time>2025-10-20T11:42:20.953Z</time></trkpt><trkpt lat="47.60863500" lon="19.14696900"><ele>156.90</ele><time>2025-10-20T11:42:21.154Z</time></trkpt><trkpt lat="47.60863520" lon="19.14696950"><ele>156.90</ele><time>2025-10-20T11:42:21.356Z</time></trkpt><trkpt lat="47.60863540" lon="19.14697010"><ele>156.89</ele><time>2025-10-20T11:42:21.557Z</time></trkpt><trkpt lat="47.60863560" lon="19.14697080"><ele>156.89</ele><time>2025-10-20T11:42:21.757Z</time></trkpt><trkpt lat="47.60863580" lon="19.14697140"><ele>156.88</ele><time>2025-10-20T11:42:21.957Z</time></trkpt><trkpt lat="47.60863610" lon="19.14697210"><ele>156.88</ele><time>2025-10-20T11:42:22.138Z</time></trkpt><trkpt lat="47.60863630" lon="19.14697280"><ele>156.88</ele><time>2025-10-20T11:42:22.360Z</time></trkpt><trkpt lat="47.60863660" lon="19.14697350"><ele>156.88</ele><time>2025-10-20T11:42:22.561Z</time></trkpt><trkpt lat="47.60863680" lon="19.14697400"><ele>156.88</ele><time>2025-10-20T11:42:22.761Z</time></trkpt><trkpt lat="47.60863700" lon="19.14697440"><ele>156.88</ele><time>2025-10-20T11:42:22.962Z</time></trkpt><trkpt lat="47.60863710" lon="19.14697470"><ele>156.88</ele><time>2025-10-20T11:42:23.182Z</time></trkpt><trkpt lat="47.60863710" lon="19.14697490"><ele>156.88</ele><time>2025-10-20T11:42:23.370Z</time></trkpt><trkpt lat="47.60863710" lon="19.14697520"><ele>156.88</ele><time>2025-10-20T11:42:23.572Z</time></trkpt><trkpt lat="47.60863710" lon="19.14697530"><ele>156.87</ele><time>2025-10-20T11:42:23.774Z</time></trkpt><trkpt lat="47.60863710" lon="19.14697530"><ele>156.87</ele><time>2025-10-20T11:42:23.974Z</time></trkpt><trkpt lat="47.60863690" lon="19.14697540"><ele>156.86</ele><time>2025-10-20T11:42:24.175Z</time></trkpt><trkpt lat="47.60863670" lon="19.14697530"><ele>156.85</ele><time>2025-10-20T11:42:24.379Z</time></trkpt><trkpt lat="47.60863650" lon="19.14697520"><ele>156.85</ele><time>2025-10-20T11:42:24.562Z</time></trkpt><trkpt lat="47.60863620" lon="19.14697510"><ele>156.85</ele><time>2025-10-20T11:42:24.764Z</time></trkpt><trkpt lat="47.60863590" lon="19.14697490"><ele>156.85</ele><time>2025-10-20T11:42:24.965Z</time></trkpt><trkpt lat="47.60863560" lon="19.14697460"><ele>156.85</ele><time>2025-10-20T11:42:25.166Z</time></trkpt><trkpt lat="47.60863520" lon="19.14697410"><ele>156.85</ele><time>2025-10-20T11:42:25.376Z</time></trkpt><trkpt lat="47.60863490" lon="19.14697350"><ele>156.85</ele><time>2025-10-20T11:42:25.579Z</time></trkpt><trkpt lat="47.60863470" lon="19.14697290"><ele>156.85</ele><time>2025-10-20T11:42:25.760Z</time></trkpt><trkpt lat="47.60863450" lon="19.14697200"><ele>156.85</ele><time>2025-10-20T11:42:25.980Z</time></trkpt><trkpt lat="47.60863430" lon="19.14697130"><ele>156.85</ele><time>2025-10-20T11:42:26.181Z</time></trkpt><trkpt lat="47.60863420" lon="19.14697070"><ele>156.85</ele><time>2025-10-20T11:42:26.383Z</time></trkpt><trkpt lat="47.60863410" lon="19.14697010"><ele>156.85</ele><time>2025-10-20T11:42:26.583Z</time></trkpt><trkpt lat="47.60863400" lon="19.14696950"><ele>156.86</ele><time>2025-10-20T11:42:26.784Z</time></trkpt><trkpt lat="47.60863410" lon="19.14696910"><ele>156.87</ele><time>2025-10-20T11:42:26.985Z</time></trkpt><trkpt lat="47.60863410" lon="19.14696880"><ele>156.87</ele><time>2025-10-20T11:42:27.185Z</time></trkpt><trkpt lat="47.60863420" lon="19.14696860"><ele>156.87</ele><time>2025-10-20T11:42:27.386Z</time></trkpt><trkpt lat="47.60863440" lon="19.14696850"><ele>156.87</ele><time>2025-10-20T11:42:27.587Z</time></trkpt><trkpt lat="47.60863460" lon="19.14696850"><ele>156.87</ele><time>2025-10-20T11:42:27.788Z</time></trkpt><trkpt lat="47.60863480" lon="19.14696850"><ele>156.87</ele><time>2025-10-20T11:42:27.988Z</time></trkpt><trkpt lat="47.60863500" lon="19.14696860"><ele>156.87</ele><time>2025-10-20T11:42:28.188Z</time></trkpt><trkpt lat="47.60863520" lon="19.14696860"><ele>156.87</ele><time>2025-10-20T11:42:28.378Z</time></trkpt><trkpt lat="47.60863550" lon="19.14696850"><ele>156.86</ele><time>2025-10-20T11:42:28.578Z</time></trkpt><trkpt lat="47.60863580" lon="19.14696840"><ele>156.85</ele><time>2025-10-20T11:42:28.759Z</time></trkpt><trkpt lat="47.60863620" lon="19.14696830"><ele>156.85</ele><time>2025-10-20T11:42:28.979Z</time></trkpt><trkpt lat="47.60863650" lon="19.14696820"><ele>156.84</ele><time>2025-10-20T11:42:29.180Z</time></trkpt><trkpt lat="47.60863690" lon="19.14696820"><ele>156.84</ele><time>2025-10-20T11:42:29.380Z</time></trkpt><trkpt lat="47.60863710" lon="19.14696820"><ele>156.84</ele><time>2025-10-20T11:42:29.581Z</time></trkpt><trkpt lat="47.60863720" lon="19.14696820"><ele>156.84</ele><time>2025-10-20T11:42:29.742Z</time></trkpt><trkpt lat="47.60863740" lon="19.14696830"><ele>156.84</ele><time>2025-10-20T11:42:29.983Z</time></trkpt><trkpt lat="47.60863750" lon="19.14696840"><ele>156.84</ele><time>2025-10-20T11:42:30.143Z</time></trkpt><trkpt lat="47.60863760" lon="19.14696850"><ele>156.84</ele><time>2025-10-20T11:42:30.376Z</time></trkpt><trkpt lat="47.60863760" lon="19.14696850"><ele>156.83</ele><time>2025-10-20T11:42:30.580Z</time></trkpt><trkpt lat="47.60863760" lon="19.14696850"><ele>156.83</ele><time>2025-10-20T11:42:30.760Z</time></trkpt><trkpt lat="47.60863750" lon="19.14696860"><ele>156.84</ele><time>2025-10-20T11:42:30.961Z</time></trkpt><trkpt lat="47.60863740" lon="19.14696860"><ele>156.85</ele><time>2025-10-20T11:42:31.162Z</time></trkpt><trkpt lat="47.60863730" lon="19.14696850"><ele>156.85</ele><time>2025-10-20T11:42:31.369Z</time></trkpt><trkpt lat="47.60863710" lon="19.14696840"><ele>156.85</ele><time>2025-10-20T11:42:31.570Z</time></trkpt><trkpt lat="47.60863690" lon="19.14696830"><ele>156.86</ele><time>2025-10-20T11:42:31.772Z</time></trkpt><trkpt lat="47.60863660" lon="19.14696820"><ele>156.86</ele><time>2025-10-20T11:42:31.973Z</time></trkpt><trkpt lat="47.60863630" lon="19.14696790"><ele>156.86</ele><time>2025-10-20T11:42:32.175Z</time></trkpt><trkpt lat="47.60863590" lon="19.14696760"><ele>156.87</ele><time>2025-10-20T11:42:32.399Z</time></trkpt><trkpt lat="47.60863550" lon="19.14696730"><ele>156.87</ele><time>2025-10-20T11:42:32.578Z</time></trkpt><trkpt lat="47.60863510" lon="19.14696710"><ele>156.87</ele><time>2025-10-20T11:42:32.780Z</time></trkpt><trkpt lat="47.60863470" lon="19.14696710"><ele>156.87</ele><time>2025-10-20T11:42:33.003Z</time></trkpt><trkpt lat="47.60863450" lon="19.14696720"><ele>156.87</ele><time>2025-10-20T11:42:33.185Z</time></trkpt><trkpt lat="47.60863430" lon="19.14696740"><ele>156.86</ele><time>2025-10-20T11:42:33.362Z</time></trkpt><trkpt lat="47.60863420" lon="19.14696780"><ele>156.86</ele><time>2025-10-20T11:42:33.603Z</time></trkpt><trkpt lat="47.60863410" lon="19.14696810"><ele>156.87</ele><time>2025-10-20T11:42:33.809Z</time></trkpt><trkpt lat="47.60863420" lon="19.14696850"><ele>156.87</ele><time>2025-10-20T11:42:34.010Z</time></trkpt><trkpt lat="47.60863420" lon="19.14696880"><ele>156.88</ele><time>2025-10-20T11:42:34.200Z</time></trkpt><trkpt lat="47.60863420" lon="19.14696910"><ele>156.89</ele><time>2025-10-20T11:42:34.407Z</time></trkpt><trkpt lat="47.60863420" lon="19.14696940"><ele>156.89</ele><time>2025-10-20T11:42:34.609Z</time></trkpt><trkpt lat="47.60863420" lon="19.14696970"><ele>156.90</ele><time>2025-10-20T11:42:34.809Z</time></trkpt><trkpt lat="47.60863420" lon="19.14696990"><ele>156.90</ele><time>2025-10-20T11:42:35.013Z</time></trkpt><trkpt lat="47.60863400" lon="19.14697010"><ele>156.91</ele><time>2025-10-20T11:42:35.214Z</time></trkpt><trkpt lat="47.60863390" lon="19.14697010"><ele>156.91</ele><time>2025-10-20T11:42:35.405Z</time></trkpt><trkpt lat="47.60863370" lon="19.14697010"><ele>156.91</ele><time>2025-10-20T11:42:35.585Z</time></trkpt><trkpt lat="47.60863360" lon="19.14696990"><ele>156.91</ele><time>2025-10-20T11:42:35.787Z</time></trkpt><trkpt lat="47.60863330" lon="19.14696960"><ele>156.92</ele><time>2025-10-20T11:42:36.011Z</time></trkpt><trkpt lat="47.60863310" lon="19.14696930"><ele>156.93</ele><time>2025-10-20T11:42:36.196Z</time></trkpt><trkpt lat="47.60863290" lon="19.14696900"><ele>156.93</ele><time>2025-10-20T11:42:36.379Z</time></trkpt><trkpt lat="47.60863260" lon="19.14696870"><ele>156.95</ele><time>2025-10-20T11:42:36.601Z</time></trkpt><trkpt lat="47.60863230" lon="19.14696830"><ele>156.96</ele><time>2025-10-20T11:42:36.803Z</time></trkpt><trkpt lat="47.60863200" lon="19.14696790"><ele>156.96</ele><time>2025-10-20T11:42:36.960Z</time></trkpt><trkpt lat="47.60863180" lon="19.14696750"><ele>156.97</ele><time>2025-10-20T11:42:37.166Z</time></trkpt><trkpt lat="47.60863150" lon="19.14696690"><ele>156.96</ele><time>2025-10-20T11:42:37.411Z</time></trkpt><trkpt lat="47.60863140" lon="19.14696660"><ele>156.97</ele><time>2025-10-20T11:42:37.614Z</time></trkpt><trkpt lat="47.60863140" lon="19.14696630"><ele>156.97</ele><time>2025-10-20T11:42:37.797Z</time></trkpt><trkpt lat="47.60863140" lon="19.14696610"><ele>156.97</ele><time>2025-10-20T11:42:37.978Z</time></trkpt><trkpt lat="47.60863150" lon="19.14696590"><ele>156.97</ele><time>2025-10-20T11:42:38.179Z</time></trkpt><trkpt lat="47.60863160" lon="19.14696590"><ele>156.96</ele><time>2025-10-20T11:42:38.406Z</time></trkpt><trkpt lat="47.60863170" lon="19.14696610"><ele>156.96</ele><time>2025-10-20T11:42:38.588Z</time></trkpt><trkpt lat="47.60863200" lon="19.14696640"><ele>156.95</ele><time>2025-10-20T11:42:38.789Z</time></trkpt><trkpt lat="47.60863260" lon="19.14696710"><ele>156.94</ele><time>2025-10-20T11:42:39.013Z</time></trkpt><trkpt lat="47.60863310" lon="19.14696770"><ele>156.94</ele><time>2025-10-20T11:42:39.174Z</time></trkpt><trkpt lat="47.60863400" lon="19.14696840"><ele>156.94</ele><time>2025-10-20T11:42:39.399Z</time></trkpt><trkpt lat="47.60863460" lon="19.14696890"><ele>156.93</ele><time>2025-10-20T11:42:39.600Z</time></trkpt><trkpt lat="47.60863520" lon="19.14696910"><ele>156.93</ele><time>2025-10-20T11:42:39.802Z</time></trkpt><trkpt lat="47.60863560" lon="19.14696910"><ele>156.93</ele><time>2025-10-20T11:42:40.002Z</time></trkpt><trkpt lat="47.60863590" lon="19.14696880"><ele>156.92</ele><time>2025-10-20T11:42:40.203Z</time></trkpt><trkpt lat="47.60863610" lon="19.14696850"><ele>156.93</ele><time>2025-10-20T11:42:40.407Z</time></trkpt><trkpt lat="47.60863610" lon="19.14696820"><ele>156.96</ele><time>2025-10-20T11:42:40.588Z</time></trkpt><trkpt lat="47.60863600" lon="19.14696790"><ele>157.15</ele><time>2025-10-20T11:42:40.808Z</time></trkpt><trkpt lat="47.60863600" lon="19.14696790"><ele>157.39</ele><time>2025-10-20T11:42:40.990Z</time></trkpt><trkpt lat="47.60863600" lon="19.14696810"><ele>157.66</ele><time>2025-10-20T11:42:41.170Z</time></trkpt><trkpt lat="47.60863610" lon="19.14696900"><ele>158.19</ele><time>2025-10-20T11:42:41.415Z</time></trkpt><trkpt lat="47.60863630" lon="19.14696990"><ele>158.68</ele><time>2025-10-20T11:42:41.615Z</time></trkpt><trkpt lat="47.60863650" lon="19.14697080"><ele>159.11</ele><time>2025-10-20T11:42:41.800Z</time></trkpt><trkpt lat="47.60863660" lon="19.14697170"><ele>159.56</ele><time>2025-10-20T11:42:42.001Z</time></trkpt><trkpt lat="47.60863670" lon="19.14697260"><ele>160.00</ele><time>2025-10-20T11:42:42.202Z</time></trkpt><trkpt lat="47.60863680" lon="19.14697350"><ele>160.43</ele><time>2025-10-20T11:42:42.405Z</time></trkpt><trkpt lat="47.60863700" lon="19.14697410"><ele>160.80</ele><time>2025-10-20T11:42:42.586Z</time></trkpt><trkpt lat="47.60863710" lon="19.14697470"><ele>161.26</ele><time>2025-10-20T11:42:42.809Z</time></trkpt><trkpt lat="47.60863730" lon="19.14697500"><ele>161.66</ele><time>2025-10-20T11:42:43.011Z</time></trkpt><trkpt lat="47.60863740" lon="19.14697510"><ele>162.05</ele><time>2025-10-20T11:42:43.194Z</time></trkpt><trkpt lat="47.60863740" lon="19.14697520"><ele>162.45</ele><time>2025-10-20T11:42:43.384Z</time></trkpt><trkpt lat="47.60863730" lon="19.14697510"><ele>162.92</ele><time>2025-10-20T11:42:43.607Z</time></trkpt><trkpt lat="47.60863720" lon="19.14697480"><ele>163.35</ele><time>2025-10-20T11:42:43.807Z</time></trkpt><trkpt lat="47.60863710" lon="19.14697430"><ele>163.77</ele><time>2025-10-20T11:42:44.009Z</time></trkpt><trkpt lat="47.60863700" lon="19.14697380"><ele>164.19</ele><time>2025-10-20T11:42:44.209Z</time></trkpt><trkpt lat="47.60863680" lon="19.14697340"><ele>164.52</ele><time>2025-10-20T11:42:44.379Z</time></trkpt><trkpt lat="47.60863660" lon="19.14697300"><ele>164.96</ele><time>2025-10-20T11:42:44.599Z</time></trkpt><trkpt lat="47.60863640" lon="19.14697250"><ele>165.36</ele><time>2025-10-20T11:42:44.800Z</time></trkpt><trkpt lat="47.60863600" lon="19.14697200"><ele>165.77</ele><time>2025-10-20T11:42:45.000Z</time></trkpt><trkpt lat="47.60863560" lon="19.14697140"><ele>166.17</ele><time>2025-10-20T11:42:45.200Z</time></trkpt><trkpt lat="47.60863520" lon="19.14697070"><ele>166.58</ele><time>2025-10-20T11:42:45.407Z</time></trkpt><trkpt lat="47.60863480" lon="19.14697010"><ele>166.95</ele><time>2025-10-20T11:42:45.608Z</time></trkpt><trkpt lat="47.60863440" lon="19.14696950"><ele>167.23</ele><time>2025-10-20T11:42:45.809Z</time></trkpt><trkpt lat="47.60863410" lon="19.14696900"><ele>167.38</ele><time>2025-10-20T11:42:46.012Z</time></trkpt><trkpt lat="47.60863390" lon="19.14696870"><ele>167.40</ele><time>2025-10-20T11:42:46.173Z</time></trkpt><trkpt lat="47.60863370" lon="19.14696820"><ele>167.31</ele><time>2025-10-20T11:42:46.386Z</time></trkpt><trkpt lat="47.60863350" lon="19.14696780"><ele>167.20</ele><time>2025-10-20T11:42:46.610Z</time></trkpt><trkpt lat="47.60863350" lon="19.14696740"><ele>167.14</ele><time>2025-10-20T11:42:46.791Z</time></trkpt><trkpt lat="47.60863370" lon="19.14696680"><ele>167.11</ele><time>2025-10-20T11:42:46.995Z</time></trkpt><trkpt lat="47.60863390" lon="19.14696620"><ele>167.08</ele><time>2025-10-20T11:42:47.198Z</time></trkpt><trkpt lat="47.60863430" lon="19.14696560"><ele>167.06</ele><time>2025-10-20T11:42:47.421Z</time></trkpt><trkpt lat="47.60863450" lon="19.14696530"><ele>167.05</ele><time>2025-10-20T11:42:47.623Z</time></trkpt><trkpt lat="47.60863480" lon="19.14696530"><ele>167.04</ele><time>2025-10-20T11:42:47.824Z</time></trkpt><trkpt lat="47.60863510" lon="19.14696550"><ele>167.04</ele><time>2025-10-20T11:42:48.005Z</time></trkpt><trkpt lat="47.60863520" lon="19.14696580"><ele>167.02</ele><time>2025-10-20T11:42:48.207Z</time></trkpt><trkpt lat="47.60863520" lon="19.14696620"><ele>166.99</ele><time>2025-10-20T11:42:48.417Z</time></trkpt><trkpt lat="47.60863510" lon="19.14696650"><ele>166.98</ele><time>2025-10-20T11:42:48.617Z</time></trkpt><trkpt lat="47.60863510" lon="19.14696670"><ele>166.97</ele><time>2025-10-20T11:42:48.818Z</time></trkpt><trkpt lat="47.60863500" lon="19.14696700"><ele>166.95</ele><time>2025-10-20T11:42:49.018Z</time></trkpt><trkpt lat="47.60863500" lon="19.14696730"><ele>166.94</ele><time>2025-10-20T11:42:49.219Z</time></trkpt><trkpt lat="47.60863490" lon="19.14696760"><ele>166.93</ele><time>2025-10-20T11:42:49.421Z</time></trkpt><trkpt lat="47.60863480" lon="19.14696800"><ele>166.93</ele><time>2025-10-20T11:42:49.623Z</time></trkpt><trkpt lat="47.60863470" lon="19.14696840"><ele>166.93</ele><time>2025-10-20T11:42:49.823Z</time></trkpt><trkpt lat="47.60863450" lon="19.14696880"><ele>166.92</ele><time>2025-10-20T11:42:50.004Z</time></trkpt><trkpt lat="47.60863430" lon="19.14696920"><ele>166.92</ele><time>2025-10-20T11:42:50.205Z</time></trkpt><trkpt lat="47.60863410" lon="19.14696970"><ele>166.91</ele><time>2025-10-20T11:42:50.426Z</time></trkpt><trkpt lat="47.60863390" lon="19.14697010"><ele>166.91</ele><time>2025-10-20T11:42:50.627Z</time></trkpt><trkpt lat="47.60863360" lon="19.14697040"><ele>166.90</ele><time>2025-10-20T11:42:50.827Z</time></trkpt><trkpt lat="47.60863350" lon="19.14697060"><ele>166.89</ele><time>2025-10-20T11:42:51.027Z</time></trkpt><trkpt lat="47.60863340" lon="19.14697080"><ele>166.88</ele><time>2025-10-20T11:42:51.207Z</time></trkpt><trkpt lat="47.60863330" lon="19.14697100"><ele>166.88</ele><time>2025-10-20T11:42:51.423Z</time></trkpt><trkpt lat="47.60863320" lon="19.14697110"><ele>166.88</ele><time>2025-10-20T11:42:51.627Z</time></trkpt><trkpt lat="47.60863320" lon="19.14697120"><ele>166.88</ele><time>2025-10-20T11:42:51.826Z</time></trkpt><trkpt lat="47.60863330" lon="19.14697130"><ele>166.88</ele><time>2025-10-20T11:42:52.029Z</time></trkpt><trkpt lat="47.60863340" lon="19.14697130"><ele>166.88</ele><time>2025-10-20T11:42:52.233Z</time></trkpt><trkpt lat="47.60863350" lon="19.14697120"><ele>166.88</ele><time>2025-10-20T11:42:52.423Z</time></trkpt><trkpt lat="47.60863370" lon="19.14697120"><ele>166.88</ele><time>2025-10-20T11:42:52.624Z</time></trkpt><trkpt lat="47.60863390" lon="19.14697110"><ele>166.88</ele><time>2025-10-20T11:42:52.826Z</time></trkpt><trkpt lat="47.60863420" lon="19.14697110"><ele>166.88</ele><time>2025-10-20T11:42:53.028Z</time></trkpt><trkpt lat="47.60863450" lon="19.14697110"><ele>166.88</ele><time>2025-10-20T11:42:53.231Z</time></trkpt><trkpt lat="47.60863480" lon="19.14697110"><ele>166.89</ele><time>2025-10-20T11:42:53.432Z</time></trkpt><trkpt lat="47.60863510" lon="19.14697100"><ele>166.91</ele><time>2025-10-20T11:42:53.633Z</time></trkpt><trkpt lat="47.60863530" lon="19.14697100"><ele>166.91</ele><time>2025-10-20T11:42:53.836Z</time></trkpt><trkpt lat="47.60863560" lon="19.14697100"><ele>166.90</ele><time>2025-10-20T11:42:54.038Z</time></trkpt><trkpt lat="47.60863590" lon="19.14697080"><ele>166.91</ele><time>2025-10-20T11:42:54.241Z</time></trkpt><trkpt lat="47.60863620" lon="19.14697060"><ele>166.91</ele><time>2025-10-20T11:42:54.433Z</time></trkpt><trkpt lat="47.60863650" lon="19.14697040"><ele>166.91</ele><time>2025-10-20T11:42:54.641Z</time></trkpt><trkpt lat="47.60863670" lon="19.14697020"><ele>166.92</ele><time>2025-10-20T11:42:54.823Z</time></trkpt><trkpt lat="47.60863690" lon="19.14697000"><ele>166.92</ele><time>2025-10-20T11:42:55.046Z</time></trkpt><trkpt lat="47.60863700" lon="19.14696970"><ele>166.93</ele><time>2025-10-20T11:42:55.245Z</time></trkpt><trkpt lat="47.60863690" lon="19.14696930"><ele>166.93</ele><time>2025-10-20T11:42:55.425Z</time></trkpt><trkpt lat="47.60863690" lon="19.14696890"><ele>166.93</ele><time>2025-10-20T11:42:55.626Z</time></trkpt><trkpt lat="47.60863680" lon="19.14696840"><ele>166.93</ele><time>2025-10-20T11:42:55.827Z</time></trkpt><trkpt lat="47.60863680" lon="19.14696790"><ele>166.92</ele><time>2025-10-20T11:42:56.028Z</time></trkpt><trkpt lat="47.60863670" lon="19.14696760"><ele>166.92</ele><time>2025-10-20T11:42:56.230Z</time></trkpt><trkpt lat="47.60863650" lon="19.14696730"><ele>166.92</ele><time>2025-10-20T11:42:56.439Z</time></trkpt><trkpt lat="47.60863610" lon="19.14696730"><ele>166.92</ele><time>2025-10-20T11:42:56.640Z</time></trkpt><trkpt lat="47.60863560" lon="19.14696740"><ele>166.91</ele><time>2025-10-20T11:42:56.845Z</time></trkpt><trkpt lat="47.60863510" lon="19.14696770"><ele>166.91</ele><time>2025-10-20T11:42:57.046Z</time></trkpt><trkpt lat="47.60863450" lon="19.14696810"><ele>166.91</ele><time>2025-10-20T11:42:57.248Z</time></trkpt><trkpt lat="47.60863400" lon="19.14696840"><ele>166.92</ele><time>2025-10-20T11:42:57.428Z</time></trkpt><trkpt lat="47.60863330" lon="19.14696890"><ele>166.92</ele><time>2025-10-20T11:42:57.649Z</time></trkpt><trkpt lat="47.60863280" lon="19.14696930"><ele>166.92</ele><time>2025-10-20T11:42:57.849Z</time></trkpt><trkpt lat="47.60863250" lon="19.14696960"><ele>166.92</ele><time>2025-10-20T11:42:58.049Z</time></trkpt><trkpt lat="47.60863220" lon="19.14696980"><ele>166.90</ele><time>2025-10-20T11:42:58.252Z</time></trkpt><trkpt lat="47.60863210" lon="19.14696980"><ele>166.89</ele><time>2025-10-20T11:42:58.453Z</time></trkpt><trkpt lat="47.60863200" lon="19.14696960"><ele>166.89</ele><time>2025-10-20T11:42:58.633Z</time></trkpt><trkpt lat="47.60863190" lon="19.14696940"><ele>166.89</ele><time>2025-10-20T11:42:58.854Z</time></trkpt><trkpt lat="47.60863170" lon="19.14696920"><ele>166.88</ele><time>2025-10-20T11:42:59.054Z</time></trkpt><trkpt lat="47.60863160" lon="19.14696910"><ele>166.88</ele><time>2025-10-20T11:42:59.257Z</time></trkpt><trkpt lat="47.60863150" lon="19.14696920"><ele>166.88</ele><time>2025-10-20T11:42:59.458Z</time></trkpt><trkpt lat="47.60863150" lon="19.14696950"><ele>166.87</ele><time>2025-10-20T11:42:59.659Z</time></trkpt><trkpt lat="47.60863160" lon="19.14696980"><ele>166.87</ele><time>2025-10-20T11:42:59.860Z</time></trkpt><trkpt lat="47.60863210" lon="19.14697010"><ele>166.86</ele><time>2025-10-20T11:43:00.061Z</time></trkpt><trkpt lat="47.60863260" lon="19.14697040"><ele>166.86</ele><time>2025-10-20T11:43:00.252Z</time></trkpt><trkpt lat="47.60863330" lon="19.14697070"><ele>166.86</ele><time>2025-10-20T11:43:00.455Z</time></trkpt><trkpt lat="47.60863390" lon="19.14697100"><ele>166.87</ele><time>2025-10-20T11:43:00.659Z</time></trkpt><trkpt lat="47.60863430" lon="19.14697130"><ele>166.89</ele><time>2025-10-20T11:43:00.859Z</time></trkpt><trkpt lat="47.60863470" lon="19.14697160"><ele>166.89</ele><time>2025-10-20T11:43:01.059Z</time></trkpt><trkpt lat="47.60863510" lon="19.14697180"><ele>166.89</ele><time>2025-10-20T11:43:01.268Z</time></trkpt><trkpt lat="47.60863540" lon="19.14697200"><ele>166.88</ele><time>2025-10-20T11:43:01.455Z</time></trkpt><trkpt lat="47.60863570" lon="19.14697200"><ele>166.89</ele><time>2025-10-20T11:43:01.657Z</time></trkpt><trkpt lat="47.60863600" lon="19.14697180"><ele>166.88</ele><time>2025-10-20T11:43:01.859Z</time></trkpt><trkpt lat="47.60863620" lon="19.14697160"><ele>166.87</ele><time>2025-10-20T11:43:02.059Z</time></trkpt><trkpt lat="47.60863640" lon="19.14697120"><ele>166.87</ele><time>2025-10-20T11:43:02.261Z</time></trkpt><trkpt lat="47.60863640" lon="19.14697090"><ele>166.86</ele><time>2025-10-20T11:43:02.466Z</time></trkpt><trkpt lat="47.60863630" lon="19.14697050"><ele>166.86</ele><time>2025-10-20T11:43:02.667Z</time></trkpt><trkpt lat="47.60863610" lon="19.14697030"><ele>166.85</ele><time>2025-10-20T11:43:02.869Z</time></trkpt><trkpt lat="47.60863580" lon="19.14697010"><ele>166.86</ele><time>2025-10-20T11:43:03.070Z</time></trkpt><trkpt lat="47.60863530" lon="19.14697010"><ele>166.86</ele><time>2025-10-20T11:43:03.273Z</time></trkpt><trkpt lat="47.60863480" lon="19.14697020"><ele>166.87</ele><time>2025-10-20T11:43:03.464Z</time></trkpt><trkpt lat="47.60863430" lon="19.14697040"><ele>166.87</ele><time>2025-10-20T11:43:03.667Z</time></trkpt><trkpt lat="47.60863380" lon="19.14697060"><ele>166.88</ele><time>2025-10-20T11:43:03.848Z</time></trkpt><trkpt lat="47.60863330" lon="19.14697080"><ele>166.89</ele><time>2025-10-20T11:43:04.051Z</time></trkpt><trkpt lat="47.60863280" lon="19.14697100"><ele>166.89</ele><time>2025-10-20T11:43:04.274Z</time></trkpt><trkpt lat="47.60863250" lon="19.14697100"><ele>166.89</ele><time>2025-10-20T11:43:04.437Z</time></trkpt><trkpt lat="47.60863220" lon="19.14697100"><ele>166.91</ele><time>2025-10-20T11:43:04.638Z</time></trkpt><trkpt lat="47.60863200" lon="19.14697080"><ele>166.92</ele><time>2025-10-20T11:43:04.861Z</time></trkpt><trkpt lat="47.60863190" lon="19.14697050"><ele>166.91</ele><time>2025-10-20T11:43:05.041Z</time></trkpt><trkpt lat="47.60863190" lon="19.14697010"><ele>166.91</ele><time>2025-10-20T11:43:05.246Z</time></trkpt><trkpt lat="47.60863190" lon="19.14696970"><ele>166.91</ele><time>2025-10-20T11:43:05.437Z</time></trkpt><trkpt lat="47.60863210" lon="19.14696920"><ele>166.92</ele><time>2025-10-20T11:43:05.657Z</time></trkpt><trkpt lat="47.60863240" lon="19.14696890"><ele>166.92</ele><time>2025-10-20T11:43:05.861Z</time></trkpt><trkpt lat="47.60863270" lon="19.14696860"><ele>166.92</ele><time>2025-10-20T11:43:06.062Z</time></trkpt><trkpt lat="47.60863320" lon="19.14696840"><ele>166.92</ele><time>2025-10-20T11:43:06.253Z</time></trkpt><trkpt lat="47.60863370" lon="19.14696820"><ele>166.92</ele><time>2025-10-20T11:43:06.458Z</time></trkpt><trkpt lat="47.60863410" lon="19.14696800"><ele>166.92</ele><time>2025-10-20T11:43:06.660Z</time></trkpt><trkpt lat="47.60863460" lon="19.14696790"><ele>166.92</ele><time>2025-10-20T11:43:06.861Z</time></trkpt><trkpt lat="47.60863500" lon="19.14696760"><ele>166.93</ele><time>2025-10-20T11:43:07.065Z</time></trkpt><trkpt lat="47.60863540" lon="19.14696740"><ele>166.92</ele><time>2025-10-20T11:43:07.249Z</time></trkpt><trkpt lat="47.60863580" lon="19.14696730"><ele>166.93</ele><time>2025-10-20T11:43:07.471Z</time></trkpt><trkpt lat="47.60863610" lon="19.14696720"><ele>166.94</ele><time>2025-10-20T11:43:07.676Z</time></trkpt><trkpt lat="47.60863630" lon="19.14696700"><ele>166.94</ele><time>2025-10-20T11:43:07.876Z</time></trkpt><trkpt lat="47.60863640" lon="19.14696670"><ele>166.94</ele><time>2025-10-20T11:43:08.056Z</time></trkpt><trkpt lat="47.60863660" lon="19.14696640"><ele>166.94</ele><time>2025-10-20T11:43:08.259Z</time></trkpt><trkpt lat="47.60863680" lon="19.14696610"><ele>166.94</ele><time>2025-10-20T11:43:08.473Z</time></trkpt><trkpt lat="47.60863700" lon="19.14696600"><ele>166.94</ele><time>2025-10-20T11:43:08.673Z</time></trkpt><trkpt lat="47.60863710" lon="19.14696600"><ele>166.93</ele><time>2025-10-20T11:43:08.874Z</time></trkpt><trkpt lat="47.60863740" lon="19.14696620"><ele>166.93</ele><time>2025-10-20T11:43:09.057Z</time></trkpt><trkpt lat="47.60863790" lon="19.14696660"><ele>166.94</ele><time>2025-10-20T11:43:09.259Z</time></trkpt><trkpt lat="47.60863840" lon="19.14696730"><ele>166.93</ele><time>2025-10-20T11:43:09.461Z</time></trkpt><trkpt lat="47.60863890" lon="19.14696800"><ele>166.93</ele><time>2025-10-20T11:43:09.672Z</time></trkpt><trkpt lat="47.60863920" lon="19.14696860"><ele>166.93</ele><time>2025-10-20T11:43:09.873Z</time></trkpt><trkpt lat="47.60863940" lon="19.14696920"><ele>166.93</ele><time>2025-10-20T11:43:10.053Z</time></trkpt><trkpt lat="47.60863940" lon="19.14696990"><ele>166.92</ele><time>2025-10-20T11:43:10.239Z</time></trkpt><trkpt lat="47.60863940" lon="19.14697060"><ele>166.91</ele><time>2025-10-20T11:43:10.449Z</time></trkpt><trkpt lat="47.60863930" lon="19.14697130"><ele>166.91</ele><time>2025-10-20T11:43:10.653Z</time></trkpt><trkpt lat="47.60863910" lon="19.14697200"><ele>166.90</ele><time>2025-10-20T11:43:10.855Z</time></trkpt><trkpt lat="47.60863880" lon="19.14697270"><ele>166.89</ele><time>2025-10-20T11:43:11.056Z</time></trkpt><trkpt lat="47.60863860" lon="19.14697340"><ele>166.88</ele><time>2025-10-20T11:43:11.262Z</time></trkpt><trkpt lat="47.60863840" lon="19.14697410"><ele>166.87</ele><time>2025-10-20T11:43:11.468Z</time></trkpt><trkpt lat="47.60863830" lon="19.14697480"><ele>166.86</ele><time>2025-10-20T11:43:11.668Z</time></trkpt><trkpt lat="47.60863810" lon="19.14697540"><ele>166.86</ele><time>2025-10-20T11:43:11.868Z</time></trkpt><trkpt lat="47.60863790" lon="19.14697600"><ele>166.85</ele><time>2025-10-20T11:43:12.069Z</time></trkpt><trkpt lat="47.60863780" lon="19.14697630"><ele>166.86</ele><time>2025-10-20T11:43:12.264Z</time></trkpt><trkpt lat="47.60863760" lon="19.14697660"><ele>166.86</ele><time>2025-10-20T11:43:12.478Z</time></trkpt><trkpt lat="47.60863740" lon="19.14697660"><ele>166.86</ele><time>2025-10-20T11:43:12.678Z</time></trkpt><trkpt lat="47.60863720" lon="19.14697630"><ele>166.86</ele><time>2025-10-20T11:43:12.878Z</time></trkpt><trkpt lat="47.60863700" lon="19.14697580"><ele>166.86</ele><time>2025-10-20T11:43:13.079Z</time></trkpt><trkpt lat="47.60863670" lon="19.14697510"><ele>166.86</ele><time>2025-10-20T11:43:13.261Z</time></trkpt><trkpt lat="47.60863620" lon="19.14697390"><ele>166.85</ele><time>2025-10-20T11:43:13.486Z</time></trkpt><trkpt lat="47.60863580" lon="19.14697270"><ele>166.85</ele><time>2025-10-20T11:43:13.667Z</time></trkpt><trkpt lat="47.60863510" lon="19.14697130"><ele>166.84</ele><time>2025-10-20T11:43:13.870Z</time></trkpt><trkpt lat="47.60863430" lon="19.14696990"><ele>166.84</ele><time>2025-10-20T11:43:14.073Z</time></trkpt><trkpt lat="47.60863350" lon="19.14696850"><ele>166.83</ele><time>2025-10-20T11:43:14.285Z</time></trkpt><trkpt lat="47.60863280" lon="19.14696740"><ele>166.83</ele><time>2025-10-20T11:43:14.472Z</time></trkpt><trkpt lat="47.60863220" lon="19.14696650"><ele>166.82</ele><time>2025-10-20T11:43:14.673Z</time></trkpt><trkpt lat="47.60863180" lon="19.14696580"><ele>166.83</ele><time>2025-10-20T11:43:14.877Z</time></trkpt><trkpt lat="47.60863140" lon="19.14696500"><ele>166.84</ele><time>2025-10-20T11:43:15.078Z</time></trkpt><trkpt lat="47.60863120" lon="19.14696450"><ele>166.85</ele><time>2025-10-20T11:43:15.283Z</time></trkpt><trkpt lat="47.60863110" lon="19.14696400"><ele>166.85</ele><time>2025-10-20T11:43:15.478Z</time></trkpt><trkpt lat="47.60863110" lon="19.14696360"><ele>166.86</ele><time>2025-10-20T11:43:15.680Z</time></trkpt><trkpt lat="47.60863110" lon="19.14696330"><ele>166.86</ele><time>2025-10-20T11:43:15.882Z</time></trkpt><trkpt lat="47.60863120" lon="19.14696310"><ele>166.87</ele><time>2025-10-20T11:43:16.083Z</time></trkpt><trkpt lat="47.60863150" lon="19.14696290"><ele>166.86</ele><time>2025-10-20T11:43:16.290Z</time></trkpt><trkpt lat="47.60863180" lon="19.14696300"><ele>166.86</ele><time>2025-10-20T11:43:16.454Z</time></trkpt><trkpt lat="47.60863210" lon="19.14696310"><ele>166.86</ele><time>2025-10-20T11:43:16.655Z</time></trkpt><trkpt lat="47.60863250" lon="19.14696320"><ele>166.88</ele><time>2025-10-20T11:43:16.838Z</time></trkpt><trkpt lat="47.60863300" lon="19.14696330"><ele>166.88</ele><time>2025-10-20T11:43:17.060Z</time></trkpt><trkpt lat="47.60863350" lon="19.14696340"><ele>166.88</ele><time>2025-10-20T11:43:17.269Z</time></trkpt><trkpt lat="47.60863390" lon="19.14696360"><ele>166.88</ele><time>2025-10-20T11:43:17.473Z</time></trkpt><trkpt lat="47.60863430" lon="19.14696380"><ele>166.90</ele><time>2025-10-20T11:43:17.675Z</time></trkpt><trkpt lat="47.60863460" lon="19.14696390"><ele>166.91</ele><time>2025-10-20T11:43:17.877Z</time></trkpt><trkpt lat="47.60863490" lon="19.14696430"><ele>166.91</ele><time>2025-10-20T11:43:18.079Z</time></trkpt><trkpt lat="47.60863510" lon="19.14696480"><ele>166.91</ele><time>2025-10-20T11:43:18.269Z</time></trkpt><trkpt lat="47.60863530" lon="19.14696530"><ele>166.91</ele><time>2025-10-20T11:43:18.477Z</time></trkpt><trkpt lat="47.60863540" lon="19.14696590"><ele>166.91</ele><time>2025-10-20T11:43:18.680Z</time></trkpt><trkpt lat="47.60863550" lon="19.14696640"><ele>166.91</ele><time>2025-10-20T11:43:18.882Z</time></trkpt><trkpt lat="47.60863560" lon="19.14696690"><ele>166.91</ele><time>2025-10-20T11:43:19.084Z</time></trkpt><trkpt lat="47.60863560" lon="19.14696730"><ele>166.91</ele><time>2025-10-20T11:43:19.286Z</time></trkpt><trkpt lat="47.60863560" lon="19.14696770"><ele>166.92</ele><time>2025-10-20T11:43:19.489Z</time></trkpt><trkpt lat="47.60863560" lon="19.14696820"><ele>166.92</ele><time>2025-10-20T11:43:19.690Z</time></trkpt><trkpt lat="47.60863550" lon="19.14696880"><ele>166.92</ele><time>2025-10-20T11:43:19.874Z</time></trkpt><trkpt lat="47.60863550" lon="19.14696950"><ele>166.93</ele><time>2025-10-20T11:43:20.075Z</time></trkpt><trkpt lat="47.60863560" lon="19.14697000"><ele>166.92</ele><time>2025-10-20T11:43:20.277Z</time></trkpt><trkpt lat="47.60863570" lon="19.14697060"><ele>166.92</ele><time>2025-10-20T11:43:20.479Z</time></trkpt><trkpt lat="47.60863570" lon="19.14697110"><ele>166.93</ele><time>2025-10-20T11:43:20.682Z</time></trkpt><trkpt lat="47.60863570" lon="19.14697160"><ele>166.93</ele><time>2025-10-20T11:43:20.883Z</time></trkpt><trkpt lat="47.60863570" lon="19.14697200"><ele>166.93</ele><time>2025-10-20T11:43:21.085Z</time></trkpt><trkpt lat="47.60863570" lon="19.14697230"><ele>166.93</ele><time>2025-10-20T11:43:21.290Z</time></trkpt><trkpt lat="47.60863560" lon="19.14697240"><ele>166.94</ele><time>2025-10-20T11:43:21.417Z</time></trkpt><trkpt lat="47.60863550" lon="19.14697260"><ele>166.95</ele><time>2025-10-20T11:43:21.680Z</time></trkpt><trkpt lat="47.60863550" lon="19.14697270"><ele>166.96</ele><time>2025-10-20T11:43:21.880Z</time></trkpt><trkpt lat="47.60863540" lon="19.14697270"><ele>166.97</ele><time>2025-10-20T11:43:22.082Z</time></trkpt><trkpt lat="47.60863520" lon="19.14697250"><ele>166.98</ele><time>2025-10-20T11:43:22.264Z</time></trkpt><trkpt lat="47.60863510" lon="19.14697220"><ele>166.98</ele><time>2025-10-20T11:43:22.495Z</time></trkpt><trkpt lat="47.60863500" lon="19.14697190"><ele>166.98</ele><time>2025-10-20T11:43:22.697Z</time></trkpt><trkpt lat="47.60863490" lon="19.14697150"><ele>166.98</ele><time>2025-10-20T11:43:22.899Z</time></trkpt><trkpt lat="47.60863490" lon="19.14697120"><ele>166.98</ele><time>2025-10-20T11:43:23.099Z</time></trkpt><trkpt lat="47.60863490" lon="19.14697090"><ele>166.98</ele><time>2025-10-20T11:43:23.282Z</time></trkpt><trkpt lat="47.60863500" lon="19.14697050"><ele>166.98</ele><time>2025-10-20T11:43:23.498Z</time></trkpt><trkpt lat="47.60863510" lon="19.14697030"><ele>166.98</ele><time>2025-10-20T11:43:23.678Z</time></trkpt><trkpt lat="47.60863530" lon="19.14697010"><ele>166.99</ele><time>2025-10-20T11:43:23.881Z</time></trkpt><trkpt lat="47.60863540" lon="19.14696990"><ele>166.99</ele><time>2025-10-20T11:43:24.081Z</time></trkpt><trkpt lat="47.60863540" lon="19.14696970"><ele>166.99</ele><time>2025-10-20T11:43:24.287Z</time></trkpt><trkpt lat="47.60863540" lon="19.14696960"><ele>166.99</ele><time>2025-10-20T11:43:24.489Z</time></trkpt><trkpt lat="47.60863540" lon="19.14696950"><ele>166.99</ele><time>2025-10-20T11:43:24.692Z</time></trkpt><trkpt lat="47.60863540" lon="19.14696950"><ele>166.99</ele><time>2025-10-20T11:43:24.895Z</time></trkpt><trkpt lat="47.60863540" lon="19.14696940"><ele>166.99</ele><time>2025-10-20T11:43:25.075Z</time></trkpt><trkpt lat="47.60863550" lon="19.14696950"><ele>166.99</ele><time>2025-10-20T11:43:25.299Z</time></trkpt><trkpt lat="47.60863560" lon="19.14696950"><ele>166.98</ele><time>2025-10-20T11:43:25.502Z</time></trkpt><trkpt lat="47.60863570" lon="19.14696960"><ele>166.98</ele><time>2025-10-20T11:43:25.702Z</time></trkpt><trkpt lat="47.60863570" lon="19.14696970"><ele>166.99</ele><time>2025-10-20T11:43:25.883Z</time></trkpt><trkpt lat="47.60863570" lon="19.14696990"><ele>166.98</ele><time>2025-10-20T11:43:26.084Z</time></trkpt><trkpt lat="47.60863580" lon="19.14697020"><ele>166.98</ele><time>2025-10-20T11:43:26.302Z</time></trkpt><trkpt lat="47.60863580" lon="19.14697040"><ele>166.98</ele><time>2025-10-20T11:43:26.487Z</time></trkpt><trkpt lat="47.60863580" lon="19.14697070"><ele>166.97</ele><time>2025-10-20T11:43:26.667Z</time></trkpt><trkpt lat="47.60863580" lon="19.14697090"><ele>166.98</ele><time>2025-10-20T11:43:26.868Z</time></trkpt><trkpt lat="47.60863570" lon="19.14697120"><ele>166.99</ele><time>2025-10-20T11:43:27.091Z</time></trkpt><trkpt lat="47.60863560" lon="19.14697150"><ele>166.99</ele><time>2025-10-20T11:43:27.292Z</time></trkpt><trkpt lat="47.60863550" lon="19.14697180"><ele>166.99</ele><time>2025-10-20T11:43:27.493Z</time></trkpt><trkpt lat="47.60863530" lon="19.14697200"><ele>166.98</ele><time>2025-10-20T11:43:27.694Z</time></trkpt><trkpt lat="47.60863520" lon="19.14697210"><ele>166.98</ele><time>2025-10-20T11:43:27.895Z</time></trkpt><trkpt lat="47.60863510" lon="19.14697220"><ele>166.98</ele><time>2025-10-20T11:43:28.076Z</time></trkpt><trkpt lat="47.60863500" lon="19.14697230"><ele>166.97</ele><time>2025-10-20T11:43:28.283Z</time></trkpt><trkpt lat="47.60863510" lon="19.14697220"><ele>166.96</ele><time>2025-10-20T11:43:28.501Z</time></trkpt><trkpt lat="47.60863510" lon="19.14697200"><ele>166.96</ele><time>2025-10-20T11:43:28.682Z</time></trkpt><trkpt lat="47.60863520" lon="19.14697160"><ele>166.95</ele><time>2025-10-20T11:43:28.903Z</time></trkpt><trkpt lat="47.60863530" lon="19.14697120"><ele>166.94</ele><time>2025-10-20T11:43:29.083Z</time></trkpt><trkpt lat="47.60863540" lon="19.14697070"><ele>166.94</ele><time>2025-10-20T11:43:29.297Z</time></trkpt><trkpt lat="47.60863540" lon="19.14697020"><ele>166.93</ele><time>2025-10-20T11:43:29.500Z</time></trkpt><trkpt lat="47.60863530" lon="19.14696970"><ele>166.93</ele><time>2025-10-20T11:43:29.701Z</time></trkpt><trkpt lat="47.60863500" lon="19.14696940"><ele>166.93</ele><time>2025-10-20T11:43:29.864Z</time></trkpt><trkpt lat="47.60863460" lon="19.14696920"><ele>166.93</ele><time>2025-10-20T11:43:30.065Z</time></trkpt><trkpt lat="47.60863430" lon="19.14696910"><ele>166.93</ele><time>2025-10-20T11:43:30.246Z</time></trkpt><trkpt lat="47.60863390" lon="19.14696900"><ele>166.93</ele><time>2025-10-20T11:43:30.495Z</time></trkpt><trkpt lat="47.60863370" lon="19.14696890"><ele>166.94</ele><time>2025-10-20T11:43:30.699Z</time></trkpt><trkpt lat="47.60863370" lon="19.14696880"><ele>166.95</ele><time>2025-10-20T11:43:30.901Z</time></trkpt><trkpt lat="47.60863370" lon="19.14696880"><ele>166.95</ele><time>2025-10-20T11:43:31.102Z</time></trkpt><trkpt lat="47.60863370" lon="19.14696880"><ele>166.96</ele><time>2025-10-20T11:43:31.292Z</time></trkpt><trkpt lat="47.60863380" lon="19.14696880"><ele>166.96</ele><time>2025-10-20T11:43:31.498Z</time></trkpt><trkpt lat="47.60863400" lon="19.14696880"><ele>166.96</ele><time>2025-10-20T11:43:31.698Z</time></trkpt><trkpt lat="47.60863410" lon="19.14696870"><ele>166.96</ele><time>2025-10-20T11:43:31.900Z</time></trkpt><trkpt lat="47.60863440" lon="19.14696880"><ele>166.96</ele><time>2025-10-20T11:43:32.101Z</time></trkpt><trkpt lat="47.60863450" lon="19.14696880"><ele>166.95</ele><time>2025-10-20T11:43:32.262Z</time></trkpt><trkpt lat="47.60863480" lon="19.14696900"><ele>166.95</ele><time>2025-10-20T11:43:32.490Z</time></trkpt><trkpt lat="47.60863500" lon="19.14696920"><ele>166.95</ele><time>2025-10-20T11:43:32.712Z</time></trkpt><trkpt lat="47.60863510" lon="19.14696940"><ele>166.95</ele><time>2025-10-20T11:43:32.877Z</time></trkpt><trkpt lat="47.60863520" lon="19.14696960"><ele>166.95</ele><time>2025-10-20T11:43:33.098Z</time></trkpt><trkpt lat="47.60863530" lon="19.14696960"><ele>166.96</ele><time>2025-10-20T11:43:33.300Z</time></trkpt><trkpt lat="47.60863540" lon="19.14696960"><ele>166.96</ele><time>2025-10-20T11:43:33.481Z</time></trkpt><trkpt lat="47.60863550" lon="19.14696960"><ele>166.96</ele><time>2025-10-20T11:43:33.703Z</time></trkpt><trkpt lat="47.60863550" lon="19.14696960"><ele>166.96</ele><time>2025-10-20T11:43:33.903Z</time></trkpt><trkpt lat="47.60863560" lon="19.14696980"><ele>166.96</ele><time>2025-10-20T11:43:34.104Z</time></trkpt><trkpt lat="47.60863570" lon="19.14697000"><ele>166.97</ele><time>2025-10-20T11:43:34.288Z</time></trkpt><trkpt lat="47.60863590" lon="19.14697010"><ele>166.97</ele><time>2025-10-20T11:43:34.510Z</time></trkpt><trkpt lat="47.60863600" lon="19.14697010"><ele>166.97</ele><time>2025-10-20T11:43:34.711Z</time></trkpt><trkpt lat="47.60863610" lon="19.14697010"><ele>166.98</ele><time>2025-10-20T11:43:34.892Z</time></trkpt><trkpt lat="47.60863600" lon="19.14697010"><ele>166.98</ele><time>2025-10-20T11:43:35.115Z</time></trkpt><trkpt lat="47.60863590" lon="19.14697010"><ele>166.98</ele><time>2025-10-20T11:43:35.296Z</time></trkpt><trkpt lat="47.60863580" lon="19.14697020"><ele>166.99</ele><time>2025-10-20T11:43:35.513Z</time></trkpt><trkpt lat="47.60863570" lon="19.14697020"><ele>166.99</ele><time>2025-10-20T11:43:35.713Z</time></trkpt><trkpt lat="47.60863570" lon="19.14697010"><ele>167.00</ele><time>2025-10-20T11:43:35.914Z</time></trkpt><trkpt lat="47.60863570" lon="19.14696990"><ele>166.99</ele><time>2025-10-20T11:43:36.116Z</time></trkpt><trkpt lat="47.60863580" lon="19.14696970"><ele>166.99</ele><time>2025-10-20T11:43:36.322Z</time></trkpt><trkpt lat="47.60863580" lon="19.14696970"><ele>167.01</ele><time>2025-10-20T11:43:36.526Z</time></trkpt><trkpt lat="47.60863580" lon="19.14696970"><ele>167.02</ele><time>2025-10-20T11:43:36.726Z</time></trkpt><trkpt lat="47.60863560" lon="19.14697000"><ele>167.03</ele><time>2025-10-20T11:43:36.927Z</time></trkpt><trkpt lat="47.60863550" lon="19.14697050"><ele>167.03</ele><time>2025-10-20T11:43:37.129Z</time></trkpt><trkpt lat="47.60863530" lon="19.14697100"><ele>167.04</ele><time>2025-10-20T11:43:37.332Z</time></trkpt><trkpt lat="47.60863530" lon="19.14697150"><ele>167.04</ele><time>2025-10-20T11:43:37.535Z</time></trkpt><trkpt lat="47.60863520" lon="19.14697190"><ele>167.03</ele><time>2025-10-20T11:43:37.698Z</time></trkpt><trkpt lat="47.60863520" lon="19.14697230"><ele>167.03</ele><time>2025-10-20T11:43:37.901Z</time></trkpt><trkpt lat="47.60863510" lon="19.14697260"><ele>167.04</ele><time>2025-10-20T11:43:38.122Z</time></trkpt><trkpt lat="47.60863500" lon="19.14697260"><ele>167.04</ele><time>2025-10-20T11:43:38.334Z</time></trkpt><trkpt lat="47.60863490" lon="19.14697260"><ele>167.04</ele><time>2025-10-20T11:43:38.534Z</time></trkpt><trkpt lat="47.60863490" lon="19.14697240"><ele>167.04</ele><time>2025-10-20T11:43:38.735Z</time></trkpt><trkpt lat="47.60863500" lon="19.14697210"><ele>167.03</ele><time>2025-10-20T11:43:38.935Z</time></trkpt><trkpt lat="47.60863500" lon="19.14697170"><ele>167.02</ele><time>2025-10-20T11:43:39.116Z</time></trkpt><trkpt lat="47.60863490" lon="19.14697130"><ele>167.01</ele><time>2025-10-20T11:43:39.342Z</time></trkpt><trkpt lat="47.60863490" lon="19.14697090"><ele>167.00</ele><time>2025-10-20T11:43:39.543Z</time></trkpt><trkpt lat="47.60863490" lon="19.14697070"><ele>167.00</ele><time>2025-10-20T11:43:39.725Z</time></trkpt><trkpt lat="47.60863490" lon="19.14697030"><ele>167.00</ele><time>2025-10-20T11:43:39.927Z</time></trkpt><trkpt lat="47.60863490" lon="19.14697000"><ele>167.00</ele><time>2025-10-20T11:43:40.149Z</time></trkpt><trkpt lat="47.60863500" lon="19.14696970"><ele>166.99</ele><time>2025-10-20T11:43:40.348Z</time></trkpt><trkpt lat="47.60863520" lon="19.14696940"><ele>166.98</ele><time>2025-10-20T11:43:40.549Z</time></trkpt><trkpt lat="47.60863550" lon="19.14696910"><ele>166.97</ele><time>2025-10-20T11:43:40.751Z</time></trkpt><trkpt lat="47.60863570" lon="19.14696900"><ele>166.96</ele><time>2025-10-20T11:43:40.931Z</time></trkpt><trkpt lat="47.60863580" lon="19.14696900"><ele>166.96</ele><time>2025-10-20T11:43:41.152Z</time></trkpt><trkpt lat="47.60863580" lon="19.14696910"><ele>166.96</ele><time>2025-10-20T11:43:41.323Z</time></trkpt><trkpt lat="47.60863580" lon="19.14696920"><ele>166.94</ele><time>2025-10-20T11:43:41.549Z</time></trkpt><trkpt lat="47.60863590" lon="19.14696920"><ele>166.93</ele><time>2025-10-20T11:43:41.729Z</time></trkpt><trkpt lat="47.60863600" lon="19.14696910"><ele>166.93</ele><time>2025-10-20T11:43:41.953Z</time></trkpt><trkpt lat="47.60863620" lon="19.14696900"><ele>166.91</ele><time>2025-10-20T11:43:42.153Z</time></trkpt><trkpt lat="47.60863640" lon="19.14696880"><ele>166.90</ele><time>2025-10-20T11:43:42.337Z</time></trkpt><trkpt lat="47.60863650" lon="19.14696870"><ele>166.89</ele><time>2025-10-20T11:43:42.538Z</time></trkpt><trkpt lat="47.60863660" lon="19.14696870"><ele>166.88</ele><time>2025-10-20T11:43:42.740Z</time></trkpt><trkpt lat="47.60863660" lon="19.14696870"><ele>166.88</ele><time>2025-10-20T11:43:42.921Z</time></trkpt><trkpt lat="47.60863660" lon="19.14696890"><ele>166.88</ele><time>2025-10-20T11:43:43.127Z</time></trkpt><trkpt lat="47.60863650" lon="19.14696910"><ele>166.88</ele><time>2025-10-20T11:43:43.339Z</time></trkpt><trkpt lat="47.60863620" lon="19.14696910"><ele>166.87</ele><time>2025-10-20T11:43:43.543Z</time></trkpt><trkpt lat="47.60863600" lon="19.14696930"><ele>166.86</ele><time>2025-10-20T11:43:43.745Z</time></trkpt><trkpt lat="47.60863580" lon="19.14696950"><ele>166.85</ele><time>2025-10-20T11:43:43.949Z</time></trkpt><trkpt lat="47.60863560" lon="19.14696980"><ele>166.84</ele><time>2025-10-20T11:43:44.150Z</time></trkpt><trkpt lat="47.60863550" lon="19.14697030"><ele>166.84</ele><time>2025-10-20T11:43:44.352Z</time></trkpt><trkpt lat="47.60863550" lon="19.14697060"><ele>166.84</ele><time>2025-10-20T11:43:44.554Z</time></trkpt><trkpt lat="47.60863550" lon="19.14697100"><ele>166.84</ele><time>2025-10-20T11:43:44.757Z</time></trkpt><trkpt lat="47.60863560" lon="19.14697120"><ele>166.85</ele><time>2025-10-20T11:43:44.937Z</time></trkpt><trkpt lat="47.60863560" lon="19.14697130"><ele>166.86</ele><time>2025-10-20T11:43:45.139Z</time></trkpt><trkpt lat="47.60863560" lon="19.14697130"><ele>166.86</ele><time>2025-10-20T11:43:45.322Z</time></trkpt><trkpt lat="47.60863550" lon="19.14697110"><ele>166.85</ele><time>2025-10-20T11:43:45.551Z</time></trkpt><trkpt lat="47.60863540" lon="19.14697100"><ele>166.84</ele><time>2025-10-20T11:43:45.733Z</time></trkpt><trkpt lat="47.60863530" lon="19.14697080"><ele>166.84</ele><time>2025-10-20T11:43:45.953Z</time></trkpt><trkpt lat="47.60863540" lon="19.14697070"><ele>166.90</ele><time>2025-10-20T11:43:46.155Z</time></trkpt><trkpt lat="47.60863550" lon="19.14697060"><ele>167.09</ele><time>2025-10-20T11:43:46.338Z</time></trkpt><trkpt lat="47.60863580" lon="19.14697050"><ele>167.37</ele><time>2025-10-20T11:43:46.539Z</time></trkpt><trkpt lat="47.60863620" lon="19.14697040"><ele>167.74</ele><time>2025-10-20T11:43:46.742Z</time></trkpt><trkpt lat="47.60863660" lon="19.14697060"><ele>168.19</ele><time>2025-10-20T11:43:46.943Z</time></trkpt><trkpt lat="47.60863700" lon="19.14697080"><ele>168.68</ele><time>2025-10-20T11:43:47.146Z</time></trkpt><trkpt lat="47.60863720" lon="19.14697100"><ele>168.97</ele><time>2025-10-20T11:43:47.272Z</time></trkpt><trkpt lat="47.60863740" lon="19.14697120"><ele>169.59</ele><time>2025-10-20T11:43:47.544Z</time></trkpt><trkpt lat="47.60863750" lon="19.14697140"><ele>170.04</ele><time>2025-10-20T11:43:47.744Z</time></trkpt><trkpt lat="47.60863750" lon="19.14697150"><ele>170.43</ele><time>2025-10-20T11:43:47.924Z</time></trkpt><trkpt lat="47.60863730" lon="19.14697140"><ele>170.86</ele><time>2025-10-20T11:43:48.125Z</time></trkpt><trkpt lat="47.60863710" lon="19.14697130"><ele>171.28</ele><time>2025-10-20T11:43:48.329Z</time></trkpt><trkpt lat="47.60863690" lon="19.14697110"><ele>171.69</ele><time>2025-10-20T11:43:48.530Z</time></trkpt><trkpt lat="47.60863650" lon="19.14697070"><ele>172.16</ele><time>2025-10-20T11:43:48.751Z</time></trkpt><trkpt lat="47.60863610" lon="19.14697030"><ele>172.58</ele><time>2025-10-20T11:43:48.954Z</time></trkpt><trkpt lat="47.60863580" lon="19.14696990"><ele>172.96</ele><time>2025-10-20T11:43:49.135Z</time></trkpt><trkpt lat="47.60863550" lon="19.14696950"><ele>173.37</ele><time>2025-10-20T11:43:49.338Z</time></trkpt><trkpt lat="47.60863510" lon="19.14696900"><ele>173.81</ele><time>2025-10-20T11:43:49.560Z</time></trkpt><trkpt lat="47.60863480" lon="19.14696860"><ele>174.23</ele><time>2025-10-20T11:43:49.762Z</time></trkpt><trkpt lat="47.60863460" lon="19.14696830"><ele>174.66</ele><time>2025-10-20T11:43:49.964Z</time></trkpt><trkpt lat="47.60863440" lon="19.14696800"><ele>175.04</ele><time>2025-10-20T11:43:50.145Z</time></trkpt><trkpt lat="47.60863430" lon="19.14696780"><ele>175.46</ele><time>2025-10-20T11:43:50.346Z</time></trkpt><trkpt lat="47.60863420" lon="19.14696750"><ele>175.88</ele><time>2025-10-20T11:43:50.549Z</time></trkpt><trkpt lat="47.60863410" lon="19.14696720"><ele>176.27</ele><time>2025-10-20T11:43:50.751Z</time></trkpt><trkpt lat="47.60863410" lon="19.14696700"><ele>176.67</ele><time>2025-10-20T11:43:50.952Z</time></trkpt><trkpt lat="47.60863410" lon="19.14696690"><ele>177.06</ele><time>2025-10-20T11:43:51.154Z</time></trkpt><trkpt lat="47.60863400" lon="19.14696700"><ele>177.38</ele><time>2025-10-20T11:43:51.358Z</time></trkpt><trkpt lat="47.60863410" lon="19.14696710"><ele>177.59</ele><time>2025-10-20T11:43:51.561Z</time></trkpt><trkpt lat="47.60863420" lon="19.14696740"><ele>177.68</ele><time>2025-10-20T11:43:51.764Z</time></trkpt><trkpt lat="47.60863420" lon="19.14696790"><ele>177.64</ele><time>2025-10-20T11:43:51.966Z</time></trkpt><trkpt lat="47.60863420" lon="19.14696840"><ele>177.53</ele><time>2025-10-20T11:43:52.167Z</time></trkpt><trkpt lat="47.60863390" lon="19.14696920"><ele>177.41</ele><time>2025-10-20T11:43:52.377Z</time></trkpt><trkpt lat="47.60863340" lon="19.14696980"><ele>177.33</ele><time>2025-10-20T11:43:52.579Z</time></trkpt><trkpt lat="47.60863270" lon="19.14697020"><ele>177.27</ele><time>2025-10-20T11:43:52.779Z</time></trkpt><trkpt lat="47.60863220" lon="19.14697040"><ele>177.22</ele><time>2025-10-20T11:43:52.960Z</time></trkpt><trkpt lat="47.60863160" lon="19.14697020"><ele>177.17</ele><time>2025-10-20T11:43:53.181Z</time></trkpt><trkpt lat="47.60863130" lon="19.14696980"><ele>177.13</ele><time>2025-10-20T11:43:53.382Z</time></trkpt><trkpt lat="47.60863090" lon="19.14696920"><ele>177.08</ele><time>2025-10-20T11:43:53.583Z</time></trkpt><trkpt lat="47.60863080" lon="19.14696840"><ele>177.05</ele><time>2025-10-20T11:43:53.784Z</time></trkpt><trkpt lat="47.60863080" lon="19.14696760"><ele>177.05</ele><time>2025-10-20T11:43:53.986Z</time></trkpt><trkpt lat="47.60863100" lon="19.14696690"><ele>177.05</ele><time>2025-10-20T11:43:54.166Z</time></trkpt><trkpt lat="47.60863140" lon="19.14696610"><ele>177.05</ele><time>2025-10-20T11:43:54.379Z</time></trkpt><trkpt lat="47.60863190" lon="19.14696560"><ele>177.04</ele><time>2025-10-20T11:43:54.580Z</time></trkpt><trkpt lat="47.60863270" lon="19.14696530"><ele>177.04</ele><time>2025-10-20T11:43:54.784Z</time></trkpt><trkpt lat="47.60863350" lon="19.14696510"><ele>177.02</ele><time>2025-10-20T11:43:54.986Z</time></trkpt><trkpt lat="47.60863430" lon="19.14696520"><ele>177.01</ele><time>2025-10-20T11:43:55.185Z</time></trkpt><trkpt lat="47.60863500" lon="19.14696560"><ele>176.99</ele><time>2025-10-20T11:43:55.378Z</time></trkpt><trkpt lat="47.60863580" lon="19.14696640"><ele>176.98</ele><time>2025-10-20T11:43:55.599Z</time></trkpt><trkpt lat="47.60863640" lon="19.14696720"><ele>176.97</ele><time>2025-10-20T11:43:55.799Z</time></trkpt><trkpt lat="47.60863680" lon="19.14696800"><ele>176.98</ele><time>2025-10-20T11:43:56.001Z</time></trkpt><trkpt lat="47.60863710" lon="19.14696870"><ele>176.98</ele><time>2025-10-20T11:43:56.201Z</time></trkpt><trkpt lat="47.60863740" lon="19.14696940"><ele>176.97</ele><time>2025-10-20T11:43:56.405Z</time></trkpt><trkpt lat="47.60863780" lon="19.14697010"><ele>176.97</ele><time>2025-10-20T11:43:56.605Z</time></trkpt><trkpt lat="47.60863830" lon="19.14697070"><ele>176.95</ele><time>2025-10-20T11:43:56.787Z</time></trkpt><trkpt lat="47.60863890" lon="19.14697150"><ele>176.94</ele><time>2025-10-20T11:43:56.988Z</time></trkpt><trkpt lat="47.60863940" lon="19.14697220"><ele>176.92</ele><time>2025-10-20T11:43:57.189Z</time></trkpt><trkpt lat="47.60863970" lon="19.14697310"><ele>176.92</ele><time>2025-10-20T11:43:57.393Z</time></trkpt><trkpt lat="47.60863980" lon="19.14697380"><ele>176.92</ele><time>2025-10-20T11:43:57.594Z</time></trkpt><trkpt lat="47.60863960" lon="19.14697450"><ele>176.94</ele><time>2025-10-20T11:43:57.794Z</time></trkpt><trkpt lat="47.60863930" lon="19.14697520"><ele>176.93</ele><time>2025-10-20T11:43:57.997Z</time></trkpt><trkpt lat="47.60863880" lon="19.14697570"><ele>176.93</ele><time>2025-10-20T11:43:58.197Z</time></trkpt><trkpt lat="47.60863830" lon="19.14697610"><ele>176.93</ele><time>2025-10-20T11:43:58.391Z</time></trkpt><trkpt lat="47.60863780" lon="19.14697630"><ele>176.93</ele><time>2025-10-20T11:43:58.573Z</time></trkpt><trkpt lat="47.60863740" lon="19.14697640"><ele>176.93</ele><time>2025-10-20T11:43:58.774Z</time></trkpt><trkpt lat="47.60863710" lon="19.14697620"><ele>176.95</ele><time>2025-10-20T11:43:58.998Z</time></trkpt><trkpt lat="47.60863680" lon="19.14697560"><ele>176.96</ele><time>2025-10-20T11:43:59.200Z</time></trkpt><trkpt lat="47.60863660" lon="19.14697490"><ele>176.95</ele><time>2025-10-20T11:43:59.389Z</time></trkpt><trkpt lat="47.60863640" lon="19.14697400"><ele>176.94</ele><time>2025-10-20T11:43:59.570Z</time></trkpt><trkpt lat="47.60863620" lon="19.14697290"><ele>176.94</ele><time>2025-10-20T11:43:59.791Z</time></trkpt><trkpt lat="47.60863610" lon="19.14697200"><ele>176.93</ele><time>2025-10-20T11:43:59.992Z</time></trkpt><trkpt lat="47.60863600" lon="19.14697110"><ele>176.92</ele><time>2025-10-20T11:44:00.192Z</time></trkpt><trkpt lat="47.60863580" lon="19.14697040"><ele>176.93</ele><time>2025-10-20T11:44:00.406Z</time></trkpt><trkpt lat="47.60863570" lon="19.14696980"><ele>176.93</ele><time>2025-10-20T11:44:00.588Z</time></trkpt><trkpt lat="47.60863560" lon="19.14696930"><ele>176.92</ele><time>2025-10-20T11:44:00.788Z</time></trkpt><trkpt lat="47.60863560" lon="19.14696890"><ele>176.93</ele><time>2025-10-20T11:44:00.999Z</time></trkpt><trkpt lat="47.60863560" lon="19.14696870"><ele>176.93</ele><time>2025-10-20T11:44:01.169Z</time></trkpt><trkpt lat="47.60863570" lon="19.14696850"><ele>176.92</ele><time>2025-10-20T11:44:01.372Z</time></trkpt><trkpt lat="47.60863570" lon="19.14696820"><ele>176.92</ele><time>2025-10-20T11:44:01.596Z</time></trkpt><trkpt lat="47.60863570" lon="19.14696790"><ele>176.91</ele><time>2025-10-20T11:44:01.797Z</time></trkpt><trkpt lat="47.60863570" lon="19.14696760"><ele>176.92</ele><time>2025-10-20T11:44:01.998Z</time></trkpt><trkpt lat="47.60863570" lon="19.14696730"><ele>176.93</ele><time>2025-10-20T11:44:02.198Z</time></trkpt><trkpt lat="47.60863580" lon="19.14696690"><ele>176.93</ele><time>2025-10-20T11:44:02.400Z</time></trkpt><trkpt lat="47.60863580" lon="19.14696650"><ele>176.93</ele><time>2025-10-20T11:44:02.601Z</time></trkpt><trkpt lat="47.60863590" lon="19.14696630"><ele>176.92</ele><time>2025-10-20T11:44:02.805Z</time></trkpt><trkpt lat="47.60863600" lon="19.14696610"><ele>176.92</ele><time>2025-10-20T11:44:02.988Z</time></trkpt><trkpt lat="47.60863610" lon="19.14696590"><ele>176.92</ele><time>2025-10-20T11:44:03.190Z</time></trkpt><trkpt lat="47.60863620" lon="19.14696590"><ele>176.91</ele><time>2025-10-20T11:44:03.393Z</time></trkpt><trkpt lat="47.60863620" lon="19.14696600"><ele>176.91</ele><time>2025-10-20T11:44:03.597Z</time></trkpt><trkpt lat="47.60863610" lon="19.14696600"><ele>176.92</ele><time>2025-10-20T11:44:03.779Z</time></trkpt><trkpt lat="47.60863610" lon="19.14696590"><ele>176.93</ele><time>2025-10-20T11:44:03.999Z</time></trkpt><trkpt lat="47.60863600" lon="19.14696590"><ele>176.92</ele><time>2025-10-20T11:44:04.201Z</time></trkpt><trkpt lat="47.60863580" lon="19.14696590"><ele>176.92</ele><time>2025-10-20T11:44:04.393Z</time></trkpt><trkpt lat="47.60863540" lon="19.14696570"><ele>176.90</ele><time>2025-10-20T11:44:04.595Z</time></trkpt><trkpt lat="47.60863490" lon="19.14696550"><ele>176.89</ele><time>2025-10-20T11:44:04.796Z</time></trkpt><trkpt lat="47.60863420" lon="19.14696530"><ele>176.88</ele><time>2025-10-20T11:44:04.999Z</time></trkpt><trkpt lat="47.60863350" lon="19.14696520"><ele>176.87</ele><time>2025-10-20T11:44:05.202Z</time></trkpt><trkpt lat="47.60863290" lon="19.14696510"><ele>176.86</ele><time>2025-10-20T11:44:05.363Z</time></trkpt><trkpt lat="47.60863210" lon="19.14696490"><ele>176.85</ele><time>2025-10-20T11:44:05.588Z</time></trkpt><trkpt lat="47.60863150" lon="19.14696480"><ele>176.85</ele><time>2025-10-20T11:44:05.789Z</time></trkpt><trkpt lat="47.60863100" lon="19.14696480"><ele>176.85</ele><time>2025-10-20T11:44:05.970Z</time></trkpt><trkpt lat="47.60863050" lon="19.14696490"><ele>176.84</ele><time>2025-10-20T11:44:06.174Z</time></trkpt><trkpt lat="47.60863020" lon="19.14696510"><ele>176.83</ele><time>2025-10-20T11:44:06.386Z</time></trkpt><trkpt lat="47.60862990" lon="19.14696540"><ele>176.82</ele><time>2025-10-20T11:44:06.592Z</time></trkpt><trkpt lat="47.60862970" lon="19.14696580"><ele>176.82</ele><time>2025-10-20T11:44:06.795Z</time></trkpt><trkpt lat="47.60862960" lon="19.14696630"><ele>176.82</ele><time>2025-10-20T11:44:06.995Z</time></trkpt><trkpt lat="47.60862950" lon="19.14696690"><ele>176.82</ele><time>2025-10-20T11:44:07.196Z</time></trkpt><trkpt lat="47.60862950" lon="19.14696760"><ele>176.82</ele><time>2025-10-20T11:44:07.405Z</time></trkpt><trkpt lat="47.60862970" lon="19.14696830"><ele>176.82</ele><time>2025-10-20T11:44:07.606Z</time></trkpt><trkpt lat="47.60863000" lon="19.14696880"><ele>176.83</ele><time>2025-10-20T11:44:07.807Z</time></trkpt><trkpt lat="47.60863030" lon="19.14696900"><ele>176.82</ele><time>2025-10-20T11:44:07.988Z</time></trkpt><trkpt lat="47.60863080" lon="19.14696920"><ele>176.81</ele><time>2025-10-20T11:44:08.189Z</time></trkpt><trkpt lat="47.60863130" lon="19.14696950"><ele>176.81</ele><time>2025-10-20T11:44:08.413Z</time></trkpt><trkpt lat="47.60863180" lon="19.14696970"><ele>176.81</ele><time>2025-10-20T11:44:08.592Z</time></trkpt><trkpt lat="47.60863250" lon="19.14696990"><ele>176.81</ele><time>2025-10-20T11:44:08.814Z</time></trkpt><trkpt lat="47.60863300" lon="19.14697010"><ele>176.82</ele><time>2025-10-20T11:44:09.014Z</time></trkpt><trkpt lat="47.60863350" lon="19.14697030"><ele>176.83</ele><time>2025-10-20T11:44:09.194Z</time></trkpt><trkpt lat="47.60863400" lon="19.14697030"><ele>176.85</ele><time>2025-10-20T11:44:09.408Z</time></trkpt><trkpt lat="47.60863430" lon="19.14697030"><ele>176.86</ele><time>2025-10-20T11:44:09.611Z</time></trkpt><trkpt lat="47.60863450" lon="19.14697030"><ele>176.86</ele><time>2025-10-20T11:44:09.817Z</time></trkpt><trkpt lat="47.60863470" lon="19.14697020"><ele>176.86</ele><time>2025-10-20T11:44:10.018Z</time></trkpt><trkpt lat="47.60863480" lon="19.14697020"><ele>176.87</ele><time>2025-10-20T11:44:10.199Z</time></trkpt><trkpt lat="47.60863500" lon="19.14697010"><ele>176.87</ele><time>2025-10-20T11:44:10.410Z</time></trkpt><trkpt lat="47.60863520" lon="19.14697000"><ele>176.87</ele><time>2025-10-20T11:44:10.611Z</time></trkpt><trkpt lat="47.60863540" lon="19.14696990"><ele>176.87</ele><time>2025-10-20T11:44:10.816Z</time></trkpt><trkpt lat="47.60863560" lon="19.14696980"><ele>176.87</ele><time>2025-10-20T11:44:11.017Z</time></trkpt><trkpt lat="47.60863570" lon="19.14696970"><ele>176.87</ele><time>2025-10-20T11:44:11.218Z</time></trkpt><trkpt lat="47.60863580" lon="19.14696950"><ele>176.88</ele><time>2025-10-20T11:44:11.417Z</time></trkpt><trkpt lat="47.60863580" lon="19.14696940"><ele>176.88</ele><time>2025-10-20T11:44:11.577Z</time></trkpt><trkpt lat="47.60863590" lon="19.14696910"><ele>176.88</ele><time>2025-10-20T11:44:11.800Z</time></trkpt><trkpt lat="47.60863590" lon="19.14696890"><ele>176.89</ele><time>2025-10-20T11:44:12.021Z</time></trkpt><trkpt lat="47.60863590" lon="19.14696870"><ele>176.90</ele><time>2025-10-20T11:44:12.222Z</time></trkpt><trkpt lat="47.60863590" lon="19.14696860"><ele>176.91</ele><time>2025-10-20T11:44:12.423Z</time></trkpt><trkpt lat="47.60863580" lon="19.14696850"><ele>176.92</ele><time>2025-10-20T11:44:12.624Z</time></trkpt><trkpt lat="47.60863560" lon="19.14696840"><ele>176.93</ele><time>2025-10-20T11:44:12.824Z</time></trkpt><trkpt lat="47.60863530" lon="19.14696840"><ele>176.93</ele><time>2025-10-20T11:44:13.026Z</time></trkpt><trkpt lat="47.60863510" lon="19.14696830"><ele>176.94</ele><time>2025-10-20T11:44:13.227Z</time></trkpt><trkpt lat="47.60863480" lon="19.14696830"><ele>176.94</ele><time>2025-10-20T11:44:13.431Z</time></trkpt><trkpt lat="47.60863470" lon="19.14696840"><ele>176.94</ele><time>2025-10-20T11:44:13.632Z</time></trkpt><trkpt lat="47.60863460" lon="19.14696860"><ele>176.94</ele><time>2025-10-20T11:44:13.822Z</time></trkpt><trkpt lat="47.60863460" lon="19.14696890"><ele>176.94</ele><time>2025-10-20T11:44:14.005Z</time></trkpt><trkpt lat="47.60863450" lon="19.14696940"><ele>176.94</ele><time>2025-10-20T11:44:14.206Z</time></trkpt><trkpt lat="47.60863450" lon="19.14697000"><ele>176.95</ele><time>2025-10-20T11:44:14.430Z</time></trkpt><trkpt lat="47.60863440" lon="19.14697040"><ele>176.96</ele><time>2025-10-20T11:44:14.631Z</time></trkpt><trkpt lat="47.60863440" lon="19.14697070"><ele>176.96</ele><time>2025-10-20T11:44:14.813Z</time></trkpt><trkpt lat="47.60863430" lon="19.14697110"><ele>176.96</ele><time>2025-10-20T11:44:15.014Z</time></trkpt><trkpt lat="47.60863420" lon="19.14697140"><ele>176.97</ele><time>2025-10-20T11:44:15.218Z</time></trkpt><trkpt lat="47.60863410" lon="19.14697170"><ele>176.99</ele><time>2025-10-20T11:44:15.420Z</time></trkpt><trkpt lat="47.60863400" lon="19.14697200"><ele>177.00</ele><time>2025-10-20T11:44:15.621Z</time></trkpt><trkpt lat="47.60863380" lon="19.14697220"><ele>177.01</ele><time>2025-10-20T11:44:15.821Z</time></trkpt><trkpt lat="47.60863370" lon="19.14697240"><ele>177.02</ele><time>2025-10-20T11:44:16.046Z</time></trkpt><trkpt lat="47.60863370" lon="19.14697240"><ele>177.03</ele><time>2025-10-20T11:44:16.226Z</time></trkpt><trkpt lat="47.60863360" lon="19.14697240"><ele>177.04</ele><time>2025-10-20T11:44:16.429Z</time></trkpt><trkpt lat="47.60863360" lon="19.14697240"><ele>177.05</ele><time>2025-10-20T11:44:16.631Z</time></trkpt><trkpt lat="47.60863370" lon="19.14697240"><ele>177.07</ele><time>2025-10-20T11:44:16.835Z</time></trkpt><trkpt lat="47.60863380" lon="19.14697230"><ele>177.08</ele><time>2025-10-20T11:44:17.017Z</time></trkpt><trkpt lat="47.60863410" lon="19.14697220"><ele>177.08</ele><time>2025-10-20T11:44:17.238Z</time></trkpt><trkpt lat="47.60863440" lon="19.14697200"><ele>177.08</ele><time>2025-10-20T11:44:17.440Z</time></trkpt><trkpt lat="47.60863470" lon="19.14697180"><ele>177.08</ele><time>2025-10-20T11:44:17.641Z</time></trkpt><trkpt lat="47.60863510" lon="19.14697170"><ele>177.08</ele><time>2025-10-20T11:44:17.843Z</time></trkpt><trkpt lat="47.60863540" lon="19.14697160"><ele>177.08</ele><time>2025-10-20T11:44:18.045Z</time></trkpt><trkpt lat="47.60863560" lon="19.14697160"><ele>177.08</ele><time>2025-10-20T11:44:18.226Z</time></trkpt><trkpt lat="47.60863590" lon="19.14697160"><ele>177.07</ele><time>2025-10-20T11:44:18.437Z</time></trkpt><trkpt lat="47.60863610" lon="19.14697160"><ele>177.07</ele><time>2025-10-20T11:44:18.638Z</time></trkpt><trkpt lat="47.60863640" lon="19.14697160"><ele>177.07</ele><time>2025-10-20T11:44:18.838Z</time></trkpt><trkpt lat="47.60863670" lon="19.14697150"><ele>177.07</ele><time>2025-10-20T11:44:19.041Z</time></trkpt><trkpt lat="47.60863690" lon="19.14697130"><ele>177.06</ele><time>2025-10-20T11:44:19.241Z</time></trkpt><trkpt lat="47.60863710" lon="19.14697110"><ele>177.06</ele><time>2025-10-20T11:44:19.445Z</time></trkpt><trkpt lat="47.60863710" lon="19.14697080"><ele>177.06</ele><time>2025-10-20T11:44:19.646Z</time></trkpt><trkpt lat="47.60863700" lon="19.14697050"><ele>177.05</ele><time>2025-10-20T11:44:19.827Z</time></trkpt><trkpt lat="47.60863680" lon="19.14697020"><ele>177.05</ele><time>2025-10-20T11:44:20.029Z</time></trkpt><trkpt lat="47.60863660" lon="19.14696990"><ele>177.04</ele><time>2025-10-20T11:44:20.233Z</time></trkpt><trkpt lat="47.60863640" lon="19.14696970"><ele>177.05</ele><time>2025-10-20T11:44:20.433Z</time></trkpt><trkpt lat="47.60863610" lon="19.14696950"><ele>177.05</ele><time>2025-10-20T11:44:20.636Z</time></trkpt><trkpt lat="47.60863600" lon="19.14696940"><ele>177.05</ele><time>2025-10-20T11:44:20.818Z</time></trkpt><trkpt lat="47.60863590" lon="19.14696930"><ele>177.06</ele><time>2025-10-20T11:44:21.041Z</time></trkpt><trkpt lat="47.60863590" lon="19.14696920"><ele>177.07</ele><time>2025-10-20T11:44:21.222Z</time></trkpt><trkpt lat="47.60863590" lon="19.14696920"><ele>177.07</ele><time>2025-10-20T11:44:21.435Z</time></trkpt><trkpt lat="47.60863600" lon="19.14696930"><ele>177.08</ele><time>2025-10-20T11:44:21.635Z</time></trkpt><trkpt lat="47.60863600" lon="19.14696950"><ele>177.08</ele><time>2025-10-20T11:44:21.837Z</time></trkpt><trkpt lat="47.60863600" lon="19.14696960"><ele>177.09</ele><time>2025-10-20T11:44:22.039Z</time></trkpt><trkpt lat="47.60863600" lon="19.14696970"><ele>177.10</ele><time>2025-10-20T11:44:22.247Z</time></trkpt><trkpt lat="47.60863590" lon="19.14696980"><ele>177.11</ele><time>2025-10-20T11:44:22.411Z</time></trkpt><trkpt lat="47.60863590" lon="19.14696970"><ele>177.11</ele><time>2025-10-20T11:44:22.616Z</time></trkpt><trkpt lat="47.60863580" lon="19.14696960"><ele>177.12</ele><time>2025-10-20T11:44:22.817Z</time></trkpt><trkpt lat="47.60863570" lon="19.14696950"><ele>177.12</ele><time>2025-10-20T11:44:23.040Z</time></trkpt><trkpt lat="47.60863570" lon="19.14696940"><ele>177.13</ele><time>2025-10-20T11:44:23.222Z</time></trkpt><trkpt lat="47.60863570" lon="19.14696940"><ele>177.14</ele><time>2025-10-20T11:44:23.417Z</time></trkpt><trkpt lat="47.60863570" lon="19.14696940"><ele>177.14</ele><time>2025-10-20T11:44:23.640Z</time></trkpt><trkpt lat="47.60863560" lon="19.14696940"><ele>177.14</ele><time>2025-10-20T11:44:23.840Z</time></trkpt><trkpt lat="47.60863570" lon="19.14696950"><ele>177.13</ele><time>2025-10-20T11:44:24.042Z</time></trkpt><trkpt lat="47.60863580" lon="19.14696970"><ele>177.13</ele><time>2025-10-20T11:44:24.245Z</time></trkpt><trkpt lat="47.60863580" lon="19.14696990"><ele>177.12</ele><time>2025-10-20T11:44:24.445Z</time></trkpt><trkpt lat="47.60863590" lon="19.14697010"><ele>177.13</ele><time>2025-10-20T11:44:24.646Z</time></trkpt><trkpt lat="47.60863590" lon="19.14697020"><ele>177.13</ele><time>2025-10-20T11:44:24.827Z</time></trkpt><trkpt lat="47.60863590" lon="19.14697040"><ele>177.14</ele><time>2025-10-20T11:44:25.029Z</time></trkpt><trkpt lat="47.60863580" lon="19.14697060"><ele>177.14</ele><time>2025-10-20T11:44:25.232Z</time></trkpt><trkpt lat="47.60863570" lon="19.14697070"><ele>177.14</ele><time>2025-10-20T11:44:25.445Z</time></trkpt><trkpt lat="47.60863560" lon="19.14697080"><ele>177.14</ele><time>2025-10-20T11:44:25.647Z</time></trkpt><trkpt lat="47.60863540" lon="19.14697090"><ele>177.14</ele><time>2025-10-20T11:44:25.830Z</time></trkpt><trkpt lat="47.60863520" lon="19.14697090"><ele>177.14</ele><time>2025-10-20T11:44:26.034Z</time></trkpt><trkpt lat="47.60863490" lon="19.14697090"><ele>177.14</ele><time>2025-10-20T11:44:26.236Z</time></trkpt><trkpt lat="47.60863470" lon="19.14697070"><ele>177.14</ele><time>2025-10-20T11:44:26.419Z</time></trkpt><trkpt lat="47.60863450" lon="19.14697060"><ele>177.14</ele><time>2025-10-20T11:44:26.642Z</time></trkpt><trkpt lat="47.60863430" lon="19.14697040"><ele>177.14</ele><time>2025-10-20T11:44:26.822Z</time></trkpt><trkpt lat="47.60863410" lon="19.14697010"><ele>177.14</ele><time>2025-10-20T11:44:27.024Z</time></trkpt><trkpt lat="47.60863380" lon="19.14696980"><ele>177.14</ele><time>2025-10-20T11:44:27.226Z</time></trkpt><trkpt lat="47.60863360" lon="19.14696950"><ele>177.14</ele><time>2025-10-20T11:44:27.430Z</time></trkpt><trkpt lat="47.60863340" lon="19.14696920"><ele>177.15</ele><time>2025-10-20T11:44:27.632Z</time></trkpt><trkpt lat="47.60863320" lon="19.14696900"><ele>177.15</ele><time>2025-10-20T11:44:27.833Z</time></trkpt><trkpt lat="47.60863300" lon="19.14696880"><ele>177.15</ele><time>2025-10-20T11:44:28.034Z</time></trkpt><trkpt lat="47.60863280" lon="19.14696850"><ele>177.15</ele><time>2025-10-20T11:44:28.237Z</time></trkpt><trkpt lat="47.60863270" lon="19.14696830"><ele>177.16</ele><time>2025-10-20T11:44:28.440Z</time></trkpt><trkpt lat="47.60863270" lon="19.14696800"><ele>177.17</ele><time>2025-10-20T11:44:28.641Z</time></trkpt><trkpt lat="47.60863270" lon="19.14696760"><ele>177.18</ele><time>2025-10-20T11:44:28.822Z</time></trkpt><trkpt lat="47.60863280" lon="19.14696730"><ele>177.18</ele><time>2025-10-20T11:44:29.044Z</time></trkpt><trkpt lat="47.60863300" lon="19.14696700"><ele>177.18</ele><time>2025-10-20T11:44:29.244Z</time></trkpt><trkpt lat="47.60863320" lon="19.14696670"><ele>177.18</ele><time>2025-10-20T11:44:29.458Z</time></trkpt><trkpt lat="47.60863330" lon="19.14696650"><ele>177.17</ele><time>2025-10-20T11:44:29.659Z</time></trkpt><trkpt lat="47.60863330" lon="19.14696640"><ele>177.16</ele><time>2025-10-20T11:44:29.861Z</time></trkpt><trkpt lat="47.60863330" lon="19.14696640"><ele>177.17</ele><time>2025-10-20T11:44:30.062Z</time></trkpt><trkpt lat="47.60863340" lon="19.14696650"><ele>177.17</ele><time>2025-10-20T11:44:30.225Z</time></trkpt><trkpt lat="47.60863340" lon="19.14696670"><ele>177.17</ele><time>2025-10-20T11:44:30.433Z</time></trkpt><trkpt lat="47.60863350" lon="19.14696690"><ele>177.17</ele><time>2025-10-20T11:44:30.636Z</time></trkpt><trkpt lat="47.60863380" lon="19.14696710"><ele>177.16</ele><time>2025-10-20T11:44:30.857Z</time></trkpt><trkpt lat="47.60863410" lon="19.14696740"><ele>177.16</ele><time>2025-10-20T11:44:31.037Z</time></trkpt><trkpt lat="47.60863440" lon="19.14696770"><ele>177.17</ele><time>2025-10-20T11:44:31.258Z</time></trkpt><trkpt lat="47.60863470" lon="19.14696790"><ele>177.17</ele><time>2025-10-20T11:44:31.440Z</time></trkpt><trkpt lat="47.60863500" lon="19.14696810"><ele>177.17</ele><time>2025-10-20T11:44:31.661Z</time></trkpt><trkpt lat="47.60863530" lon="19.14696810"><ele>177.17</ele><time>2025-10-20T11:44:31.840Z</time></trkpt><trkpt lat="47.60863550" lon="19.14696810"><ele>177.17</ele><time>2025-10-20T11:44:32.061Z</time></trkpt><trkpt lat="47.60863560" lon="19.14696800"><ele>177.17</ele><time>2025-10-20T11:44:32.241Z</time></trkpt><trkpt lat="47.60863580" lon="19.14696790"><ele>177.16</ele><time>2025-10-20T11:44:32.463Z</time></trkpt><trkpt lat="47.60863600" lon="19.14696790"><ele>177.16</ele><time>2025-10-20T11:44:32.664Z</time></trkpt><trkpt lat="47.60863610" lon="19.14696800"><ele>177.15</ele><time>2025-10-20T11:44:32.844Z</time></trkpt><trkpt lat="47.60863620" lon="19.14696810"><ele>177.15</ele><time>2025-10-20T11:44:33.045Z</time></trkpt><trkpt lat="47.60863630" lon="19.14696830"><ele>177.16</ele><time>2025-10-20T11:44:33.226Z</time></trkpt><trkpt lat="47.60863640" lon="19.14696860"><ele>177.16</ele><time>2025-10-20T11:44:33.470Z</time></trkpt><trkpt lat="47.60863650" lon="19.14696900"><ele>177.15</ele><time>2025-10-20T11:44:33.650Z</time></trkpt><trkpt lat="47.60863660" lon="19.14696950"><ele>177.15</ele><time>2025-10-20T11:44:33.871Z</time></trkpt><trkpt lat="47.60863660" lon="19.14696990"><ele>177.15</ele><time>2025-10-20T11:44:34.073Z</time></trkpt><trkpt lat="47.60863660" lon="19.14697030"><ele>177.15</ele><time>2025-10-20T11:44:34.273Z</time></trkpt><trkpt lat="47.60863650" lon="19.14697060"><ele>177.16</ele><time>2025-10-20T11:44:34.478Z</time></trkpt><trkpt lat="47.60863630" lon="19.14697070"><ele>177.18</ele><time>2025-10-20T11:44:34.661Z</time></trkpt><trkpt lat="47.60863570" lon="19.14697060"><ele>177.20</ele><time>2025-10-20T11:44:34.884Z</time></trkpt><trkpt lat="47.60863520" lon="19.14697040"><ele>177.20</ele><time>2025-10-20T11:44:35.065Z</time></trkpt><trkpt lat="47.60863450" lon="19.14697020"><ele>177.20</ele><time>2025-10-20T11:44:35.289Z</time></trkpt><trkpt lat="47.60863400" lon="19.14697010"><ele>177.20</ele><time>2025-10-20T11:44:35.493Z</time></trkpt><trkpt lat="47.60863350" lon="19.14697000"><ele>177.21</ele><time>2025-10-20T11:44:35.697Z</time></trkpt><trkpt lat="47.60863310" lon="19.14697000"><ele>177.22</ele><time>2025-10-20T11:44:35.879Z</time></trkpt><trkpt lat="47.60863270" lon="19.14697010"><ele>177.22</ele><time>2025-10-20T11:44:36.102Z</time></trkpt><trkpt lat="47.60863250" lon="19.14697030"><ele>177.23</ele><time>2025-10-20T11:44:36.288Z</time></trkpt><trkpt lat="47.60863230" lon="19.14697050"><ele>177.23</ele><time>2025-10-20T11:44:36.492Z</time></trkpt><trkpt lat="47.60863220" lon="19.14697060"><ele>177.24</ele><time>2025-10-20T11:44:36.694Z</time></trkpt><trkpt lat="47.60863210" lon="19.14697070"><ele>177.25</ele><time>2025-10-20T11:44:36.906Z</time></trkpt><trkpt lat="47.60863210" lon="19.14697070"><ele>177.26</ele><time>2025-10-20T11:44:37.107Z</time></trkpt><trkpt lat="47.60863200" lon="19.14697050"><ele>177.27</ele><time>2025-10-20T11:44:37.308Z</time></trkpt><trkpt lat="47.60863190" lon="19.14697020"><ele>177.28</ele><time>2025-10-20T11:44:37.491Z</time></trkpt><trkpt lat="47.60863180" lon="19.14696990"><ele>177.29</ele><time>2025-10-20T11:44:37.692Z</time></trkpt><trkpt lat="47.60863190" lon="19.14696950"><ele>177.30</ele><time>2025-10-20T11:44:37.892Z</time></trkpt><trkpt lat="47.60863190" lon="19.14696920"><ele>177.30</ele><time>2025-10-20T11:44:38.096Z</time></trkpt><trkpt lat="47.60863200" lon="19.14696880"><ele>177.31</ele><time>2025-10-20T11:44:38.302Z</time></trkpt><trkpt lat="47.60863230" lon="19.14696850"><ele>177.31</ele><time>2025-10-20T11:44:38.486Z</time></trkpt><trkpt lat="47.60863270" lon="19.14696810"><ele>177.32</ele><time>2025-10-20T11:44:38.685Z</time></trkpt><trkpt lat="47.60863330" lon="19.14696770"><ele>177.33</ele><time>2025-10-20T11:44:38.907Z</time></trkpt><trkpt lat="47.60863380" lon="19.14696740"><ele>177.34</ele><time>2025-10-20T11:44:39.107Z</time></trkpt><trkpt lat="47.60863420" lon="19.14696690"><ele>177.35</ele><time>2025-10-20T11:44:39.315Z</time></trkpt><trkpt lat="47.60863460" lon="19.14696640"><ele>177.35</ele><time>2025-10-20T11:44:39.518Z</time></trkpt><trkpt lat="47.60863490" lon="19.14696600"><ele>177.35</ele><time>2025-10-20T11:44:39.701Z</time></trkpt><trkpt lat="47.60863510" lon="19.14696570"><ele>177.37</ele><time>2025-10-20T11:44:39.904Z</time></trkpt><trkpt lat="47.60863540" lon="19.14696550"><ele>177.38</ele><time>2025-10-20T11:44:40.106Z</time></trkpt><trkpt lat="47.60863570" lon="19.14696540"><ele>177.38</ele><time>2025-10-20T11:44:40.289Z</time></trkpt><trkpt lat="47.60863600" lon="19.14696540"><ele>177.39</ele><time>2025-10-20T11:44:40.490Z</time></trkpt><trkpt lat="47.60863640" lon="19.14696560"><ele>177.41</ele><time>2025-10-20T11:44:40.711Z</time></trkpt><trkpt lat="47.60863670" lon="19.14696580"><ele>177.41</ele><time>2025-10-20T11:44:40.913Z</time></trkpt><trkpt lat="47.60863690" lon="19.14696610"><ele>177.42</ele><time>2025-10-20T11:44:41.114Z</time></trkpt><trkpt lat="47.60863710" lon="19.14696650"><ele>177.44</ele><time>2025-10-20T11:44:41.315Z</time></trkpt><trkpt lat="47.60863710" lon="19.14696700"><ele>177.45</ele><time>2025-10-20T11:44:41.517Z</time></trkpt><trkpt lat="47.60863730" lon="19.14696750"><ele>177.45</ele><time>2025-10-20T11:44:41.718Z</time></trkpt><trkpt lat="47.60863730" lon="19.14696780"><ele>177.47</ele><time>2025-10-20T11:44:41.919Z</time></trkpt><trkpt lat="47.60863720" lon="19.14696830"><ele>177.48</ele><time>2025-10-20T11:44:42.120Z</time></trkpt><trkpt lat="47.60863710" lon="19.14696870"><ele>177.48</ele><time>2025-10-20T11:44:42.304Z</time></trkpt><trkpt lat="47.60863710" lon="19.14696940"><ele>177.49</ele><time>2025-10-20T11:44:42.506Z</time></trkpt><trkpt lat="47.60863710" lon="19.14697010"><ele>177.49</ele><time>2025-10-20T11:44:42.709Z</time></trkpt><trkpt lat="47.60863700" lon="19.14697080"><ele>177.50</ele><time>2025-10-20T11:44:42.908Z</time></trkpt><trkpt lat="47.60863690" lon="19.14697130"><ele>177.52</ele><time>2025-10-20T11:44:43.112Z</time></trkpt><trkpt lat="47.60863690" lon="19.14697170"><ele>177.53</ele><time>2025-10-20T11:44:43.314Z</time></trkpt><trkpt lat="47.60863680" lon="19.14697200"><ele>177.51</ele><time>2025-10-20T11:44:43.525Z</time></trkpt><trkpt lat="47.60863650" lon="19.14697230"><ele>177.50</ele><time>2025-10-20T11:44:43.728Z</time></trkpt><trkpt lat="47.60863630" lon="19.14697250"><ele>177.51</ele><time>2025-10-20T11:44:43.889Z</time></trkpt><trkpt lat="47.60863590" lon="19.14697260"><ele>177.52</ele><time>2025-10-20T11:44:44.091Z</time></trkpt><trkpt lat="47.60863540" lon="19.14697270"><ele>177.54</ele><time>2025-10-20T11:44:44.293Z</time></trkpt><trkpt lat="47.60863500" lon="19.14697280"><ele>177.53</ele><time>2025-10-20T11:44:44.516Z</time></trkpt><trkpt lat="47.60863470" lon="19.14697290"><ele>177.54</ele><time>2025-10-20T11:44:44.717Z</time></trkpt><trkpt lat="47.60863430" lon="19.14697300"><ele>177.55</ele><time>2025-10-20T11:44:44.917Z</time></trkpt><trkpt lat="47.60863400" lon="19.14697300"><ele>177.55</ele><time>2025-10-20T11:44:45.097Z</time></trkpt><trkpt lat="47.60863370" lon="19.14697310"><ele>177.55</ele><time>2025-10-20T11:44:45.305Z</time></trkpt><trkpt lat="47.60863340" lon="19.14697330"><ele>177.56</ele><time>2025-10-20T11:44:45.529Z</time></trkpt><trkpt lat="47.60863340" lon="19.14697340"><ele>177.57</ele><time>2025-10-20T11:44:45.731Z</time></trkpt><trkpt lat="47.60863340" lon="19.14697350"><ele>177.57</ele><time>2025-10-20T11:44:45.893Z</time></trkpt><trkpt lat="47.60863370" lon="19.14697360"><ele>177.58</ele><time>2025-10-20T11:44:46.116Z</time></trkpt><trkpt lat="47.60863400" lon="19.14697360"><ele>177.57</ele><time>2025-10-20T11:44:46.330Z</time></trkpt><trkpt lat="47.60863420" lon="19.14697350"><ele>177.57</ele><time>2025-10-20T11:44:46.531Z</time></trkpt><trkpt lat="47.60863440" lon="19.14697330"><ele>177.59</ele><time>2025-10-20T11:44:46.713Z</time></trkpt><trkpt lat="47.60863460" lon="19.14697310"><ele>177.58</ele><time>2025-10-20T11:44:46.917Z</time></trkpt><trkpt lat="47.60863470" lon="19.14697270"><ele>177.58</ele><time>2025-10-20T11:44:47.118Z</time></trkpt><trkpt lat="47.60863470" lon="19.14697230"><ele>177.57</ele><time>2025-10-20T11:44:47.319Z</time></trkpt><trkpt lat="47.60863460" lon="19.14697190"><ele>177.57</ele><time>2025-10-20T11:44:47.520Z</time></trkpt><trkpt lat="47.60863450" lon="19.14697150"><ele>177.58</ele><time>2025-10-20T11:44:47.721Z</time></trkpt><trkpt lat="47.60863450" lon="19.14697100"><ele>177.59</ele><time>2025-10-20T11:44:47.923Z</time></trkpt><trkpt lat="47.60863430" lon="19.14697040"><ele>177.58</ele><time>2025-10-20T11:44:48.125Z</time></trkpt><trkpt lat="47.60863410" lon="19.14696970"><ele>177.57</ele><time>2025-10-20T11:44:48.328Z</time></trkpt><trkpt lat="47.60863390" lon="19.14696900"><ele>177.56</ele><time>2025-10-20T11:44:48.531Z</time></trkpt><trkpt lat="47.60863360" lon="19.14696820"><ele>177.56</ele><time>2025-10-20T11:44:48.713Z</time></trkpt><trkpt lat="47.60863320" lon="19.14696750"><ele>177.57</ele><time>2025-10-20T11:44:48.916Z</time></trkpt><trkpt lat="47.60863270" lon="19.14696680"><ele>177.57</ele><time>2025-10-20T11:44:49.118Z</time></trkpt><trkpt lat="47.60863230" lon="19.14696610"><ele>177.58</ele><time>2025-10-20T11:44:49.320Z</time></trkpt><trkpt lat="47.60863180" lon="19.14696550"><ele>177.58</ele><time>2025-10-20T11:44:49.524Z</time></trkpt><trkpt lat="47.60863130" lon="19.14696500"><ele>177.59</ele><time>2025-10-20T11:44:49.728Z</time></trkpt><trkpt lat="47.60863100" lon="19.14696460"><ele>177.59</ele><time>2025-10-20T11:44:49.930Z</time></trkpt><trkpt lat="47.60863080" lon="19.14696440"><ele>177.58</ele><time>2025-10-20T11:44:50.131Z</time></trkpt><trkpt lat="47.60863080" lon="19.14696430"><ele>177.57</ele><time>2025-10-20T11:44:50.333Z</time></trkpt><trkpt lat="47.60863080" lon="19.14696430"><ele>177.57</ele><time>2025-10-20T11:44:50.534Z</time></trkpt><trkpt lat="47.60863100" lon="19.14696440"><ele>177.57</ele><time>2025-10-20T11:44:50.698Z</time></trkpt><trkpt lat="47.60863130" lon="19.14696460"><ele>177.57</ele><time>2025-10-20T11:44:50.899Z</time></trkpt><trkpt lat="47.60863170" lon="19.14696500"><ele>177.57</ele><time>2025-10-20T11:44:51.140Z</time></trkpt><trkpt lat="47.60863200" lon="19.14696540"><ele>177.55</ele><time>2025-10-20T11:44:51.302Z</time></trkpt><trkpt lat="47.60863240" lon="19.14696600"><ele>177.53</ele><time>2025-10-20T11:44:51.524Z</time></trkpt><trkpt lat="47.60863270" lon="19.14696640"><ele>177.48</ele><time>2025-10-20T11:44:51.704Z</time></trkpt><trkpt lat="47.60863320" lon="19.14696660"><ele>177.31</ele><time>2025-10-20T11:44:51.930Z</time></trkpt><trkpt lat="47.60863370" lon="19.14696630"><ele>177.04</ele><time>2025-10-20T11:44:52.131Z</time></trkpt><trkpt lat="47.60863420" lon="19.14696610"><ele>176.67</ele><time>2025-10-20T11:44:52.325Z</time></trkpt><trkpt lat="47.60863460" lon="19.14696630"><ele>176.20</ele><time>2025-10-20T11:44:52.528Z</time></trkpt><trkpt lat="47.60863500" lon="19.14696700"><ele>175.70</ele><time>2025-10-20T11:44:52.728Z</time></trkpt><trkpt lat="47.60863530" lon="19.14696820"><ele>175.16</ele><time>2025-10-20T11:44:52.930Z</time></trkpt><trkpt lat="47.60863540" lon="19.14696960"><ele>174.67</ele><time>2025-10-20T11:44:53.132Z</time></trkpt><trkpt lat="47.60863550" lon="19.14697110"><ele>174.20</ele><time>2025-10-20T11:44:53.335Z</time></trkpt><trkpt lat="47.60863560" lon="19.14697250"><ele>173.74</ele><time>2025-10-20T11:44:53.539Z</time></trkpt><trkpt lat="47.60863570" lon="19.14697350"><ele>173.37</ele><time>2025-10-20T11:44:53.700Z</time></trkpt><trkpt lat="47.60863580" lon="19.14697460"><ele>172.89</ele><time>2025-10-20T11:44:53.922Z</time></trkpt><trkpt lat="47.60863600" lon="19.14697540"><ele>172.46</ele><time>2025-10-20T11:44:54.126Z</time></trkpt><trkpt lat="47.60863630" lon="19.14697610"><ele>172.05</ele><time>2025-10-20T11:44:54.312Z</time></trkpt><trkpt lat="47.60863660" lon="19.14697660"><ele>171.65</ele><time>2025-10-20T11:44:54.502Z</time></trkpt><trkpt lat="47.60863700" lon="19.14697680"><ele>171.17</ele><time>2025-10-20T11:44:54.724Z</time></trkpt><trkpt lat="47.60863710" lon="19.14697670"><ele>170.80</ele><time>2025-10-20T11:44:54.908Z</time></trkpt><trkpt lat="47.60863740" lon="19.14697640"><ele>170.38</ele><time>2025-10-20T11:44:55.108Z</time></trkpt><trkpt lat="47.60863750" lon="19.14697610"><ele>169.99</ele><time>2025-10-20T11:44:55.311Z</time></trkpt><trkpt lat="47.60863750" lon="19.14697570"><ele>169.55</ele><time>2025-10-20T11:44:55.532Z</time></trkpt><trkpt lat="47.60863730" lon="19.14697550"><ele>169.15</ele><time>2025-10-20T11:44:55.735Z</time></trkpt><trkpt lat="47.60863710" lon="19.14697550"><ele>168.75</ele><time>2025-10-20T11:44:55.935Z</time></trkpt><trkpt lat="47.60863700" lon="19.14697580"><ele>168.34</ele><time>2025-10-20T11:44:56.135Z</time></trkpt><trkpt lat="47.60863690" lon="19.14697610"><ele>167.94</ele><time>2025-10-20T11:44:56.339Z</time></trkpt><trkpt lat="47.60863660" lon="19.14697640"><ele>167.54</ele><time>2025-10-20T11:44:56.541Z</time></trkpt><trkpt lat="47.60863640" lon="19.14697640"><ele>167.18</ele><time>2025-10-20T11:44:56.723Z</time></trkpt><trkpt lat="47.60863610" lon="19.14697650"><ele>166.78</ele><time>2025-10-20T11:44:56.924Z</time></trkpt><trkpt lat="47.60863590" lon="19.14697650"><ele>166.35</ele><time>2025-10-20T11:44:57.145Z</time></trkpt><trkpt lat="47.60863580" lon="19.14697640"><ele>165.95</ele><time>2025-10-20T11:44:57.338Z</time></trkpt><trkpt lat="47.60863570" lon="19.14697630"><ele>165.53</ele><time>2025-10-20T11:44:57.538Z</time></trkpt><trkpt lat="47.60863560" lon="19.14697580"><ele>165.12</ele><time>2025-10-20T11:44:57.739Z</time></trkpt><trkpt lat="47.60863550" lon="19.14697520"><ele>164.72</ele><time>2025-10-20T11:44:57.940Z</time></trkpt><trkpt lat="47.60863550" lon="19.14697450"><ele>164.32</ele><time>2025-10-20T11:44:58.141Z</time></trkpt><trkpt lat="47.60863550" lon="19.14697370"><ele>163.89</ele><time>2025-10-20T11:44:58.350Z</time></trkpt><trkpt lat="47.60863550" lon="19.14697300"><ele>163.50</ele><time>2025-10-20T11:44:58.538Z</time></trkpt><trkpt lat="47.60863550" lon="19.14697210"><ele>163.12</ele><time>2025-10-20T11:44:58.719Z</time></trkpt><trkpt lat="47.60863550" lon="19.14697100"><ele>162.72</ele><time>2025-10-20T11:44:58.919Z</time></trkpt><trkpt lat="47.60863550" lon="19.14696990"><ele>162.36</ele><time>2025-10-20T11:44:59.099Z</time></trkpt><trkpt lat="47.60863550" lon="19.14696880"><ele>161.91</ele><time>2025-10-20T11:44:59.324Z</time></trkpt><trkpt lat="47.60863540" lon="19.14696780"><ele>161.51</ele><time>2025-10-20T11:44:59.524Z</time></trkpt><trkpt lat="47.60863530" lon="19.14696700"><ele>161.11</ele><time>2025-10-20T11:44:59.728Z</time></trkpt><trkpt lat="47.60863510" lon="19.14696640"><ele>160.65</ele><time>2025-10-20T11:44:59.951Z</time></trkpt><trkpt lat="47.60863490" lon="19.14696610"><ele>160.28</ele><time>2025-10-20T11:45:00.132Z</time></trkpt><trkpt lat="47.60863470" lon="19.14696600"><ele>159.80</ele><time>2025-10-20T11:45:00.360Z</time></trkpt><trkpt lat="47.60863450" lon="19.14696610"><ele>159.41</ele><time>2025-10-20T11:45:00.561Z</time></trkpt><trkpt lat="47.60863440" lon="19.14696630"><ele>159.01</ele><time>2025-10-20T11:45:00.765Z</time></trkpt><trkpt lat="47.60863440" lon="19.14696640"><ele>158.60</ele><time>2025-10-20T11:45:00.967Z</time></trkpt><trkpt lat="47.60863440" lon="19.14696650"><ele>158.19</ele><time>2025-10-20T11:45:01.166Z</time></trkpt><trkpt lat="47.60863440" lon="19.14696640"><ele>157.86</ele><time>2025-10-20T11:45:01.332Z</time></trkpt><trkpt lat="47.60863440" lon="19.14696620"><ele>157.46</ele><time>2025-10-20T11:45:01.534Z</time></trkpt><trkpt lat="47.60863430" lon="19.14696620"><ele>157.06</ele><time>2025-10-20T11:45:01.738Z</time></trkpt><trkpt lat="47.60863430" lon="19.14696620"><ele>156.62</ele><time>2025-10-20T11:45:01.960Z</time></trkpt><trkpt lat="47.60863420" lon="19.14696630"><ele>156.24</ele><time>2025-10-20T11:45:02.163Z</time></trkpt><trkpt lat="47.60863420" lon="19.14696640"><ele>155.87</ele><time>2025-10-20T11:45:02.359Z</time></trkpt><trkpt lat="47.60863420" lon="19.14696650"><ele>155.46</ele><time>2025-10-20T11:45:02.560Z</time></trkpt><trkpt lat="47.60863430" lon="19.14696660"><ele>155.05</ele><time>2025-10-20T11:45:02.763Z</time></trkpt><trkpt lat="47.60863430" lon="19.14696670"><ele>154.61</ele><time>2025-10-20T11:45:02.969Z</time></trkpt><trkpt lat="47.60863430" lon="19.14696700"><ele>154.22</ele><time>2025-10-20T11:45:03.170Z</time></trkpt><trkpt lat="47.60863430" lon="19.14696720"><ele>153.83</ele><time>2025-10-20T11:45:03.354Z</time></trkpt><trkpt lat="47.60863430" lon="19.14696730"><ele>153.37</ele><time>2025-10-20T11:45:03.575Z</time></trkpt><trkpt lat="47.60863430" lon="19.14696750"><ele>152.97</ele><time>2025-10-20T11:45:03.776Z</time></trkpt><trkpt lat="47.60863420" lon="19.14696760"><ele>152.57</ele><time>2025-10-20T11:45:03.976Z</time></trkpt><trkpt lat="47.60863410" lon="19.14696760"><ele>152.17</ele><time>2025-10-20T11:45:04.179Z</time></trkpt><trkpt lat="47.60863410" lon="19.14696740"><ele>151.77</ele><time>2025-10-20T11:45:04.379Z</time></trkpt><trkpt lat="47.60863400" lon="19.14696720"><ele>151.35</ele><time>2025-10-20T11:45:04.581Z</time></trkpt><trkpt lat="47.60863400" lon="19.14696670"><ele>150.94</ele><time>2025-10-20T11:45:04.781Z</time></trkpt><trkpt lat="47.60863390" lon="19.14696620"><ele>150.53</ele><time>2025-10-20T11:45:04.982Z</time></trkpt><trkpt lat="47.60863380" lon="19.14696580"><ele>150.16</ele><time>2025-10-20T11:45:05.164Z</time></trkpt><trkpt lat="47.60863370" lon="19.14696540"><ele>149.74</ele><time>2025-10-20T11:45:05.376Z</time></trkpt><trkpt lat="47.60863360" lon="19.14696510"><ele>149.34</ele><time>2025-10-20T11:45:05.579Z</time></trkpt><trkpt lat="47.60863350" lon="19.14696500"><ele>148.95</ele><time>2025-10-20T11:45:05.780Z</time></trkpt><trkpt lat="47.60863340" lon="19.14696510"><ele>148.56</ele><time>2025-10-20T11:45:05.982Z</time></trkpt><trkpt lat="47.60863330" lon="19.14696530"><ele>148.13</ele><time>2025-10-20T11:45:06.187Z</time></trkpt><trkpt lat="47.60863330" lon="19.14696560"><ele>147.78</ele><time>2025-10-20T11:45:06.360Z</time></trkpt><trkpt lat="47.60863320" lon="19.14696600"><ele>147.44</ele><time>2025-10-20T11:45:06.541Z</time></trkpt><trkpt lat="47.60863320" lon="19.14696630"><ele>147.11</ele><time>2025-10-20T11:45:06.784Z</time></trkpt><trkpt lat="47.60863300" lon="19.14696620"><ele>146.95</ele><time>2025-10-20T11:45:06.967Z</time></trkpt><trkpt lat="47.60863270" lon="19.14696590"><ele>146.81</ele><time>2025-10-20T11:45:07.188Z</time></trkpt><trkpt lat="47.60863250" lon="19.14696590"><ele>146.66</ele><time>2025-10-20T11:45:07.373Z</time></trkpt><trkpt lat="47.60863230" lon="19.14696620"><ele>146.47</ele><time>2025-10-20T11:45:07.573Z</time></trkpt><trkpt lat="47.60863210" lon="19.14696680"><ele>146.32</ele><time>2025-10-20T11:45:07.733Z</time></trkpt><trkpt lat="47.60863190" lon="19.14696780"><ele>146.12</ele><time>2025-10-20T11:45:07.975Z</time></trkpt><trkpt lat="47.60863170" lon="19.14696860"><ele>145.92</ele><time>2025-10-20T11:45:08.179Z</time></trkpt><trkpt lat="47.60863150" lon="19.14696940"><ele>145.72</ele><time>2025-10-20T11:45:08.389Z</time></trkpt><trkpt lat="47.60863140" lon="19.14697030"><ele>145.53</ele><time>2025-10-20T11:45:08.593Z</time></trkpt><trkpt lat="47.60863150" lon="19.14697110"><ele>145.35</ele><time>2025-10-20T11:45:08.794Z</time></trkpt><trkpt lat="47.60863170" lon="19.14697180"><ele>145.17</ele><time>2025-10-20T11:45:08.995Z</time></trkpt><trkpt lat="47.60863210" lon="19.14697240"><ele>144.99</ele><time>2025-10-20T11:45:09.196Z</time></trkpt><trkpt lat="47.60863250" lon="19.14697290"><ele>144.80</ele><time>2025-10-20T11:45:09.388Z</time></trkpt><trkpt lat="47.60863290" lon="19.14697320"><ele>144.62</ele><time>2025-10-20T11:45:09.569Z</time></trkpt><trkpt lat="47.60863330" lon="19.14697350"><ele>144.43</ele><time>2025-10-20T11:45:09.769Z</time></trkpt><trkpt lat="47.60863370" lon="19.14697340"><ele>144.21</ele><time>2025-10-20T11:45:09.992Z</time></trkpt><trkpt lat="47.60863420" lon="19.14697330"><ele>144.00</ele><time>2025-10-20T11:45:10.195Z</time></trkpt><trkpt lat="47.60863460" lon="19.14697310"><ele>143.81</ele><time>2025-10-20T11:45:10.387Z</time></trkpt><trkpt lat="47.60863490" lon="19.14697300"><ele>143.61</ele><time>2025-10-20T11:45:10.590Z</time></trkpt><trkpt lat="47.60863520" lon="19.14697290"><ele>143.43</ele><time>2025-10-20T11:45:10.790Z</time></trkpt><trkpt lat="47.60863550" lon="19.14697270"><ele>143.23</ele><time>2025-10-20T11:45:10.971Z</time></trkpt><trkpt lat="47.60863560" lon="19.14697250"><ele>142.99</ele><time>2025-10-20T11:45:11.193Z</time></trkpt><trkpt lat="47.60863570" lon="19.14697230"><ele>142.79</ele><time>2025-10-20T11:45:11.383Z</time></trkpt><trkpt lat="47.60863570" lon="19.14697210"><ele>142.57</ele><time>2025-10-20T11:45:11.584Z</time></trkpt><trkpt lat="47.60863570" lon="19.14697180"><ele>142.35</ele><time>2025-10-20T11:45:11.785Z</time></trkpt><trkpt lat="47.60863550" lon="19.14697160"><ele>142.14</ele><time>2025-10-20T11:45:11.986Z</time></trkpt><trkpt lat="47.60863540" lon="19.14697150"><ele>141.91</ele><time>2025-10-20T11:45:12.190Z</time></trkpt><trkpt lat="47.60863530" lon="19.14697160"><ele>141.72</ele><time>2025-10-20T11:45:12.364Z</time></trkpt><trkpt lat="47.60863530" lon="19.14697180"><ele>141.51</ele><time>2025-10-20T11:45:12.566Z</time></trkpt><trkpt lat="47.60863530" lon="19.14697220"><ele>141.30</ele><time>2025-10-20T11:45:12.769Z</time></trkpt><trkpt lat="47.60863550" lon="19.14697240"><ele>141.09</ele><time>2025-10-20T11:45:12.971Z</time></trkpt><trkpt lat="47.60863570" lon="19.14697240"><ele>140.85</ele><time>2025-10-20T11:45:13.192Z</time></trkpt><trkpt lat="47.60863590" lon="19.14697240"><ele>140.66</ele><time>2025-10-20T11:45:13.375Z</time></trkpt><trkpt lat="47.60863610" lon="19.14697230"><ele>140.44</ele><time>2025-10-20T11:45:13.578Z</time></trkpt><trkpt lat="47.60863630" lon="19.14697220"><ele>140.22</ele><time>2025-10-20T11:45:13.779Z</time></trkpt><trkpt lat="47.60863630" lon="19.14697200"><ele>140.02</ele><time>2025-10-20T11:45:13.961Z</time></trkpt><trkpt lat="47.60863640" lon="19.14697180"><ele>139.77</ele><time>2025-10-20T11:45:14.201Z</time></trkpt><trkpt lat="47.60863650" lon="19.14697180"><ele>139.60</ele><time>2025-10-20T11:45:14.383Z</time></trkpt><trkpt lat="47.60863660" lon="19.14697210"><ele>139.39</ele><time>2025-10-20T11:45:14.584Z</time></trkpt><trkpt lat="47.60863660" lon="19.14697230"><ele>139.18</ele><time>2025-10-20T11:45:14.785Z</time></trkpt><trkpt lat="47.60863660" lon="19.14697260"><ele>138.96</ele><time>2025-10-20T11:45:15.005Z</time></trkpt><trkpt lat="47.60863650" lon="19.14697280"><ele>138.75</ele><time>2025-10-20T11:45:15.206Z</time></trkpt><trkpt lat="47.60863640" lon="19.14697290"><ele>138.55</ele><time>2025-10-20T11:45:15.394Z</time></trkpt><trkpt lat="47.60863620" lon="19.14697290"><ele>138.35</ele><time>2025-10-20T11:45:15.596Z</time></trkpt><trkpt lat="47.60863600" lon="19.14697290"><ele>138.18</ele><time>2025-10-20T11:45:15.779Z</time></trkpt><trkpt lat="47.60863570" lon="19.14697300"><ele>137.98</ele><time>2025-10-20T11:45:15.980Z</time></trkpt><trkpt lat="47.60863540" lon="19.14697310"><ele>137.77</ele><time>2025-10-20T11:45:16.182Z</time></trkpt><trkpt lat="47.60863520" lon="19.14697330"><ele>137.53</ele><time>2025-10-20T11:45:16.405Z</time></trkpt><trkpt lat="47.60863510" lon="19.14697340"><ele>137.30</ele><time>2025-10-20T11:45:16.604Z</time></trkpt><trkpt lat="47.60863500" lon="19.14697340"><ele>137.09</ele><time>2025-10-20T11:45:16.805Z</time></trkpt><trkpt lat="47.60863480" lon="19.14697330"><ele>136.98</ele><time>2025-10-20T11:45:17.009Z</time></trkpt><trkpt lat="47.60863460" lon="19.14697330"><ele>136.92</ele><time>2025-10-20T11:45:17.192Z</time></trkpt><trkpt lat="47.60863430" lon="19.14697340"><ele>136.77</ele><time>2025-10-20T11:45:17.405Z</time></trkpt><trkpt lat="47.60863410" lon="19.14697330"><ele>136.70</ele><time>2025-10-20T11:45:17.607Z</time></trkpt><trkpt lat="47.60863430" lon="19.14697310"><ele>136.71</ele><time>2025-10-20T11:45:17.808Z</time></trkpt><trkpt lat="47.60863440" lon="19.14697290"><ele>136.72</ele><time>2025-10-20T11:45:17.990Z</time></trkpt><trkpt lat="47.60863440" lon="19.14697300"><ele>136.72</ele><time>2025-10-20T11:45:18.151Z</time></trkpt><trkpt lat="47.60863440" lon="19.14697300"><ele>136.72</ele><time>2025-10-20T11:45:18.400Z</time></trkpt><trkpt lat="47.60863440" lon="19.14697310"><ele>136.72</ele><time>2025-10-20T11:45:18.602Z</time></trkpt><trkpt lat="47.60863440" lon="19.14697310"><ele>136.72</ele><time>2025-10-20T11:45:18.803Z</time></trkpt><trkpt lat="47.60863440" lon="19.14697300"><ele>136.72</ele><time>2025-10-20T11:45:18.984Z</time></trkpt><trkpt lat="47.60863440" lon="19.14697300"><ele>136.73</ele><time>2025-10-20T11:45:19.185Z</time></trkpt><trkpt lat="47.60863450" lon="19.14697290"><ele>136.73</ele><time>2025-10-20T11:45:19.408Z</time></trkpt><trkpt lat="47.60863450" lon="19.14697290"><ele>136.73</ele><time>2025-10-20T11:45:19.609Z</time></trkpt><trkpt lat="47.60863450" lon="19.14697280"><ele>136.73</ele><time>2025-10-20T11:45:19.811Z</time></trkpt><trkpt lat="47.60863450" lon="19.14697270"><ele>136.74</ele><time>2025-10-20T11:45:20.011Z</time></trkpt><trkpt lat="47.60863450" lon="19.14697270"><ele>136.74</ele><time>2025-10-20T11:45:20.173Z</time></trkpt><trkpt lat="47.60863450" lon="19.14697270"><ele>136.74</ele><time>2025-10-20T11:45:20.173Z</time></trkpt><trkpt lat="47.60863450" lon="19.14697270"><ele>136.74</ele><time>2025-10-20T11:45:20.173Z</time></trkpt><trkpt lat="47.60863450" lon="19.14697270"><ele>136.74</ele><time>2025-10-20T11:45:20.173Z</time></trkpt><trkpt lat="47.60863450" lon="19.14697270"><ele>136.74</ele><time>2025-10-20T11:45:20.173Z</time></trkpt><trkpt lat="47.60863460" lon="19.14697270"><ele>136.73</ele><time>2025-10-20T11:45:21.226Z</time></trkpt><trkpt lat="47.60863460" lon="19.14697280"><ele>136.72</ele><time>2025-10-20T11:45:21.409Z</time></trkpt><trkpt lat="47.60863470" lon="19.14697290"><ele>136.70</ele><time>2025-10-20T11:45:21.629Z</time></trkpt><trkpt lat="47.60863480" lon="19.14697310"><ele>136.67</ele><time>2025-10-20T11:45:21.829Z</time></trkpt><trkpt lat="47.60863490" lon="19.14697330"><ele>136.64</ele><time>2025-10-20T11:45:22.030Z</time></trkpt><trkpt lat="47.60863490" lon="19.14697330"><ele>136.64</ele><time>2025-10-20T11:45:22.210Z</time></trkpt><trkpt lat="47.60863480" lon="19.14697320"><ele>136.64</ele><time>2025-10-20T11:45:22.434Z</time></trkpt><trkpt lat="47.60863480" lon="19.14697310"><ele>136.65</ele><time>2025-10-20T11:45:22.634Z</time></trkpt><trkpt lat="47.60863480" lon="19.14697300"><ele>136.67</ele><time>2025-10-20T11:45:22.835Z</time></trkpt><trkpt lat="47.60863470" lon="19.14697290"><ele>136.68</ele><time>2025-10-20T11:45:23.035Z</time></trkpt><trkpt lat="47.60863470" lon="19.14697280"><ele>136.69</ele><time>2025-10-20T11:45:23.235Z</time></trkpt><trkpt lat="47.60863470" lon="19.14697280"><ele>136.70</ele><time>2025-10-20T11:45:23.436Z</time></trkpt><trkpt lat="47.60863460" lon="19.14697280"><ele>136.71</ele><time>2025-10-20T11:45:23.636Z</time></trkpt><trkpt lat="47.60863450" lon="19.14697280"><ele>136.71</ele><time>2025-10-20T11:45:23.838Z</time></trkpt><trkpt lat="47.60863460" lon="19.14697280"><ele>136.72</ele><time>2025-10-20T11:45:24.038Z</time></trkpt><trkpt lat="47.60863450" lon="19.14697290"><ele>136.73</ele><time>2025-10-20T11:45:24.220Z</time></trkpt><trkpt lat="47.60863450" lon="19.14697290"><ele>136.74</ele><time>2025-10-20T11:45:24.422Z</time></trkpt><trkpt lat="47.60863450" lon="19.14697290"><ele>136.75</ele><time>2025-10-20T11:45:24.623Z</time></trkpt><trkpt lat="47.60863440" lon="19.14697290"><ele>136.76</ele><time>2025-10-20T11:45:24.824Z</time></trkpt><trkpt lat="47.60863440" lon="19.14697290"><ele>136.77</ele><time>2025-10-20T11:45:25.024Z</time></trkpt><trkpt lat="47.60863440" lon="19.14697290"><ele>136.78</ele><time>2025-10-20T11:45:25.224Z</time></trkpt><trkpt lat="47.60863440" lon="19.14697280"><ele>136.79</ele><time>2025-10-20T11:45:25.426Z</time></trkpt><trkpt lat="47.60863430" lon="19.14697280"><ele>136.80</ele><time>2025-10-20T11:45:25.626Z</time></trkpt><trkpt lat="47.60863430" lon="19.14697280"><ele>136.81</ele><time>2025-10-20T11:45:25.826Z</time></trkpt><trkpt lat="47.60863430" lon="19.14697270"><ele>136.82</ele><time>2025-10-20T11:45:26.027Z</time></trkpt><trkpt lat="47.60863430" lon="19.14697260"><ele>136.83</ele><time>2025-10-20T11:45:26.227Z</time></trkpt><trkpt lat="47.60863430" lon="19.14697260"><ele>136.84</ele><time>2025-10-20T11:45:26.428Z</time></trkpt><trkpt lat="47.60863420" lon="19.14697250"><ele>136.85</ele><time>2025-10-20T11:45:26.628Z</time></trkpt><trkpt lat="47.60863420" lon="19.14697250"><ele>136.86</ele><time>2025-10-20T11:45:26.829Z</time></trkpt><trkpt lat="47.60863420" lon="19.14697250"><ele>136.87</ele><time>2025-10-20T11:45:27.029Z</time></trkpt><trkpt lat="47.60863420" lon="19.14697240"><ele>136.88</ele><time>2025-10-20T11:45:27.230Z</time></trkpt><trkpt lat="47.60863410" lon="19.14697240"><ele>136.89</ele><time>2025-10-20T11:45:27.431Z</time></trkpt><trkpt lat="47.60863410" lon="19.14697230"><ele>136.90</ele><time>2025-10-20T11:45:27.631Z</time></trkpt><trkpt lat="47.60863410" lon="19.14697230"><ele>136.91</ele><time>2025-10-20T11:45:27.832Z</time></trkpt><trkpt lat="47.60863410" lon="19.14697230"><ele>136.93</ele><time>2025-10-20T11:45:28.032Z</time></trkpt><trkpt lat="47.60863410" lon="19.14697230"><ele>136.94</ele><time>2025-10-20T11:45:28.235Z</time></trkpt><trkpt lat="47.60863410" lon="19.14697220"><ele>136.95</ele><time>2025-10-20T11:45:28.425Z</time></trkpt><trkpt lat="47.60863410" lon="19.14697220"><ele>136.96</ele><time>2025-10-20T11:45:28.626Z</time></trkpt><trkpt lat="47.60863410" lon="19.14697220"><ele>136.97</ele><time>2025-10-20T11:45:28.827Z</time></trkpt><trkpt lat="47.60863410" lon="19.14697220"><ele>136.98</ele><time>2025-10-20T11:45:29.028Z</time></trkpt><trkpt lat="47.60863410" lon="19.14697220"><ele>136.99</ele><time>2025-10-20T11:45:29.228Z</time></trkpt><trkpt lat="47.60863410" lon="19.14697220"><ele>136.99</ele><time>2025-10-20T11:45:29.429Z</time></trkpt><trkpt lat="47.60863410" lon="19.14697220"><ele>137.00</ele><time>2025-10-20T11:45:29.631Z</time></trkpt><trkpt lat="47.60863400" lon="19.14697220"><ele>137.01</ele><time>2025-10-20T11:45:29.831Z</time></trkpt><trkpt lat="47.60863400" lon="19.14697220"><ele>137.01</ele><time>2025-10-20T11:45:30.031Z</time></trkpt><trkpt lat="47.60863410" lon="19.14697220"><ele>137.02</ele><time>2025-10-20T11:45:30.231Z</time></trkpt><trkpt lat="47.60863400" lon="19.14697210"><ele>137.02</ele><time>2025-10-20T11:45:30.434Z</time></trkpt><trkpt lat="47.60863400" lon="19.14697210"><ele>137.03</ele><time>2025-10-20T11:45:30.635Z</time></trkpt><trkpt lat="47.60863400" lon="19.14697210"><ele>137.03</ele><time>2025-10-20T11:45:30.836Z</time></trkpt><trkpt lat="47.60863400" lon="19.14697210"><ele>137.03</ele><time>2025-10-20T11:45:31.037Z</time></trkpt><trkpt lat="47.60863400" lon="19.14697200"><ele>137.04</ele><time>2025-10-20T11:45:31.239Z</time></trkpt><trkpt lat="47.60863400" lon="19.14697200"><ele>137.04</ele><time>2025-10-20T11:45:31.439Z</time></trkpt><trkpt lat="47.60863410" lon="19.14697200"><ele>137.05</ele><time>2025-10-20T11:45:31.639Z</time></trkpt><trkpt lat="47.60863410" lon="19.14697200"><ele>137.05</ele><time>2025-10-20T11:45:31.840Z</time></trkpt><trkpt lat="47.60863410" lon="19.14697200"><ele>137.06</ele><time>2025-10-20T11:45:32.041Z</time></trkpt><trkpt lat="47.60863410" lon="19.14697200"><ele>137.06</ele><time>2025-10-20T11:45:32.243Z</time></trkpt><trkpt lat="47.60863420" lon="19.14697200"><ele>137.07</ele><time>2025-10-20T11:45:32.444Z</time></trkpt><trkpt lat="47.60863420" lon="19.14697200"><ele>137.07</ele><time>2025-10-20T11:45:32.645Z</time></trkpt><trkpt lat="47.60863420" lon="19.14697200"><ele>137.08</ele><time>2025-10-20T11:45:32.845Z</time></trkpt><trkpt lat="47.60863420" lon="19.14697190"><ele>137.08</ele><time>2025-10-20T11:45:33.047Z</time></trkpt><trkpt lat="47.60863420" lon="19.14697200"><ele>137.09</ele><time>2025-10-20T11:45:33.247Z</time></trkpt><trkpt lat="47.60863420" lon="19.14697200"><ele>137.09</ele><time>2025-10-20T11:45:33.448Z</time></trkpt><trkpt lat="47.60863430" lon="19.14697200"><ele>137.10</ele><time>2025-10-20T11:45:33.649Z</time></trkpt><trkpt lat="47.60863430" lon="19.14697200"><ele>137.10</ele><time>2025-10-20T11:45:33.849Z</time></trkpt><trkpt lat="47.60863430" lon="19.14697200"><ele>137.11</ele><time>2025-10-20T11:45:34.050Z</time></trkpt><trkpt lat="47.60863430" lon="19.14697210"><ele>137.12</ele><time>2025-10-20T11:45:34.251Z</time></trkpt><trkpt lat="47.60863430" lon="19.14697210"><ele>137.12</ele><time>2025-10-20T11:45:34.433Z</time></trkpt><trkpt lat="47.60863430" lon="19.14697210"><ele>137.13</ele><time>2025-10-20T11:45:34.635Z</time></trkpt><trkpt lat="47.60863430" lon="19.14697210"><ele>137.14</ele><time>2025-10-20T11:45:34.835Z</time></trkpt><trkpt lat="47.60863430" lon="19.14697220"><ele>137.15</ele><time>2025-10-20T11:45:35.037Z</time></trkpt><trkpt lat="47.60863430" lon="19.14697220"><ele>137.16</ele><time>2025-10-20T11:45:35.237Z</time></trkpt><trkpt lat="47.60863420" lon="19.14697220"><ele>137.17</ele><time>2025-10-20T11:45:35.439Z</time></trkpt><trkpt lat="47.60863420" lon="19.14697220"><ele>137.17</ele><time>2025-10-20T11:45:35.640Z</time></trkpt><trkpt lat="47.60863420" lon="19.14697220"><ele>137.17</ele><time>2025-10-20T11:45:35.840Z</time></trkpt><trkpt lat="47.60863420" lon="19.14697210"><ele>137.18</ele><time>2025-10-20T11:45:36.040Z</time></trkpt><trkpt lat="47.60863420" lon="19.14697210"><ele>137.18</ele><time>2025-10-20T11:45:36.243Z</time></trkpt><trkpt lat="47.60863430" lon="19.14697210"><ele>137.19</ele><time>2025-10-20T11:45:36.446Z</time></trkpt><trkpt lat="47.60863430" lon="19.14697200"><ele>137.20</ele><time>2025-10-20T11:45:36.647Z</time></trkpt><trkpt lat="47.60863430" lon="19.14697200"><ele>137.21</ele><time>2025-10-20T11:45:36.848Z</time></trkpt><trkpt lat="47.60863430" lon="19.14697190"><ele>137.22</ele><time>2025-10-20T11:45:37.048Z</time></trkpt><trkpt lat="47.60863430" lon="19.14697190"><ele>137.22</ele><time>2025-10-20T11:45:37.249Z</time></trkpt><trkpt lat="47.60863430" lon="19.14697180"><ele>137.23</ele><time>2025-10-20T11:45:37.434Z</time></trkpt><trkpt lat="47.60863430" lon="19.14697180"><ele>137.24</ele><time>2025-10-20T11:45:37.634Z</time></trkpt><trkpt lat="47.60863430" lon="19.14697190"><ele>137.24</ele><time>2025-10-20T11:45:37.838Z</time></trkpt><trkpt lat="47.60863430" lon="19.14697190"><ele>137.25</ele><time>2025-10-20T11:45:38.037Z</time></trkpt><trkpt lat="47.60863430" lon="19.14697200"><ele>137.25</ele><time>2025-10-20T11:45:38.241Z</time></trkpt><trkpt lat="47.60863430" lon="19.14697200"><ele>137.26</ele><time>2025-10-20T11:45:38.440Z</time></trkpt><trkpt lat="47.60863430" lon="19.14697200"><ele>137.27</ele><time>2025-10-20T11:45:38.641Z</time></trkpt><trkpt lat="47.60863430" lon="19.14697200"><ele>137.28</ele><time>2025-10-20T11:45:38.842Z</time></trkpt><trkpt lat="47.60863430" lon="19.14697200"><ele>137.29</ele><time>2025-10-20T11:45:39.043Z</time></trkpt><trkpt lat="47.60863430" lon="19.14697200"><ele>137.29</ele><time>2025-10-20T11:45:39.244Z</time></trkpt><trkpt lat="47.60863430" lon="19.14697200"><ele>137.30</ele><time>2025-10-20T11:45:39.444Z</time></trkpt><trkpt lat="47.60863430" lon="19.14697200"><ele>137.31</ele><time>2025-10-20T11:45:39.644Z</time></trkpt><trkpt lat="47.60863430" lon="19.14697200"><ele>137.31</ele><time>2025-10-20T11:45:39.844Z</time></trkpt><trkpt lat="47.60863430" lon="19.14697200"><ele>137.32</ele><time>2025-10-20T11:45:40.046Z</time></trkpt><trkpt lat="47.60863430" lon="19.14697190"><ele>137.32</ele><time>2025-10-20T11:45:40.247Z</time></trkpt><trkpt lat="47.60863420" lon="19.14697190"><ele>137.33</ele><time>2025-10-20T11:45:40.452Z</time></trkpt><trkpt lat="47.60863420" lon="19.14697200"><ele>137.33</ele><time>2025-10-20T11:45:40.651Z</time></trkpt><trkpt lat="47.60863420" lon="19.14697200"><ele>137.33</ele><time>2025-10-20T11:45:40.852Z</time></trkpt><trkpt lat="47.60863410" lon="19.14697200"><ele>137.34</ele><time>2025-10-20T11:45:41.052Z</time></trkpt><trkpt lat="47.60863410" lon="19.14697200"><ele>137.34</ele><time>2025-10-20T11:45:41.254Z</time></trkpt><trkpt lat="47.60863410" lon="19.14697200"><ele>137.35</ele><time>2025-10-20T11:45:41.456Z</time></trkpt><trkpt lat="47.60863410" lon="19.14697200"><ele>137.36</ele><time>2025-10-20T11:45:41.656Z</time></trkpt><trkpt lat="47.60863410" lon="19.14697200"><ele>137.36</ele><time>2025-10-20T11:45:41.856Z</time></trkpt><trkpt lat="47.60863400" lon="19.14697200"><ele>137.37</ele><time>2025-10-20T11:45:42.057Z</time></trkpt><trkpt lat="47.60863400" lon="19.14697200"><ele>137.38</ele><time>2025-10-20T11:45:42.258Z</time></trkpt><trkpt lat="47.60863400" lon="19.14697190"><ele>137.39</ele><time>2025-10-20T11:45:42.459Z</time></trkpt><trkpt lat="47.60863400" lon="19.14697190"><ele>137.39</ele><time>2025-10-20T11:45:42.659Z</time></trkpt><trkpt lat="47.60863400" lon="19.14697190"><ele>137.40</ele><time>2025-10-20T11:45:42.859Z</time></trkpt><trkpt lat="47.60863400" lon="19.14697180"><ele>137.40</ele><time>2025-10-20T11:45:43.058Z</time></trkpt><trkpt lat="47.60863400" lon="19.14697180"><ele>137.41</ele><time>2025-10-20T11:45:43.258Z</time></trkpt><trkpt lat="47.60863400" lon="19.14697180"><ele>137.42</ele><time>2025-10-20T11:45:43.459Z</time></trkpt><trkpt lat="47.60863400" lon="19.14697180"><ele>137.43</ele><time>2025-10-20T11:45:43.660Z</time></trkpt><trkpt lat="47.60863400" lon="19.14697180"><ele>137.44</ele><time>2025-10-20T11:45:43.860Z</time></trkpt><trkpt lat="47.60863400" lon="19.14697180"><ele>137.44</ele><time>2025-10-20T11:45:44.061Z</time></trkpt><trkpt lat="47.60863410" lon="19.14697180"><ele>137.45</ele><time>2025-10-20T11:45:44.261Z</time></trkpt><trkpt lat="47.60863410" lon="19.14697180"><ele>137.45</ele><time>2025-10-20T11:45:44.462Z</time></trkpt><trkpt lat="47.60863410" lon="19.14697180"><ele>137.46</ele><time>2025-10-20T11:45:44.662Z</time></trkpt><trkpt lat="47.60863410" lon="19.14697180"><ele>137.46</ele><time>2025-10-20T11:45:44.862Z</time></trkpt><trkpt lat="47.60863410" lon="19.14697180"><ele>137.46</ele><time>2025-10-20T11:45:45.062Z</time></trkpt><trkpt lat="47.60863410" lon="19.14697180"><ele>137.47</ele><time>2025-10-20T11:45:45.263Z</time></trkpt><trkpt lat="47.60863400" lon="19.14697180"><ele>137.47</ele><time>2025-10-20T11:45:45.463Z</time></trkpt><trkpt lat="47.60863400" lon="19.14697180"><ele>137.48</ele><time>2025-10-20T11:45:45.664Z</time></trkpt><trkpt lat="47.60863400" lon="19.14697190"><ele>137.48</ele><time>2025-10-20T11:45:45.864Z</time></trkpt><trkpt lat="47.60863400" lon="19.14697190"><ele>137.48</ele><time>2025-10-20T11:45:46.064Z</time></trkpt><trkpt lat="47.60863400" lon="19.14697190"><ele>137.48</ele><time>2025-10-20T11:45:46.265Z</time></trkpt><trkpt lat="47.60863400" lon="19.14697190"><ele>137.48</ele><time>2025-10-20T11:45:46.466Z</time></trkpt><trkpt lat="47.60863400" lon="19.14697190"><ele>137.49</ele><time>2025-10-20T11:45:46.666Z</time></trkpt><trkpt lat="47.60863400" lon="19.14697190"><ele>137.49</ele><time>2025-10-20T11:45:46.867Z</time></trkpt><trkpt lat="47.60863400" lon="19.14697190"><ele>137.50</ele><time>2025-10-20T11:45:47.067Z</time></trkpt><trkpt lat="47.60863410" lon="19.14697180"><ele>137.50</ele><time>2025-10-20T11:45:47.267Z</time></trkpt><trkpt lat="47.60863410" lon="19.14697180"><ele>137.51</ele><time>2025-10-20T11:45:47.470Z</time></trkpt><trkpt lat="47.60863410" lon="19.14697180"><ele>137.51</ele><time>2025-10-20T11:45:47.671Z</time></trkpt><trkpt lat="47.60863410" lon="19.14697180"><ele>137.52</ele><time>2025-10-20T11:45:47.871Z</time></trkpt><trkpt lat="47.60863420" lon="19.14697180"><ele>137.52</ele><time>2025-10-20T11:45:48.071Z</time></trkpt><trkpt lat="47.60863420" lon="19.14697180"><ele>137.52</ele><time>2025-10-20T11:45:48.252Z</time></trkpt><trkpt lat="47.60863420" lon="19.14697180"><ele>137.53</ele><time>2025-10-20T11:45:48.477Z</time></trkpt><trkpt lat="47.60863420" lon="19.14697180"><ele>137.53</ele><time>2025-10-20T11:45:48.678Z</time></trkpt><trkpt lat="47.60863420" lon="19.14697180"><ele>137.53</ele><time>2025-10-20T11:45:48.877Z</time></trkpt><trkpt lat="47.60863420" lon="19.14697180"><ele>137.53</ele><time>2025-10-20T11:45:49.077Z</time></trkpt><trkpt lat="47.60863420" lon="19.14697170"><ele>137.54</ele><time>2025-10-20T11:45:49.278Z</time></trkpt><trkpt lat="47.60863420" lon="19.14697170"><ele>137.55</ele><time>2025-10-20T11:45:49.478Z</time></trkpt><trkpt lat="47.60863420" lon="19.14697170"><ele>137.55</ele><time>2025-10-20T11:45:49.679Z</time></trkpt><trkpt lat="47.60863410" lon="19.14697170"><ele>137.55</ele><time>2025-10-20T11:45:49.879Z</time></trkpt><trkpt lat="47.60863410" lon="19.14697170"><ele>137.55</ele><time>2025-10-20T11:45:50.080Z</time></trkpt><trkpt lat="47.60863410" lon="19.14697170"><ele>137.55</ele><time>2025-10-20T11:45:50.280Z</time></trkpt><trkpt lat="47.60863410" lon="19.14697160"><ele>137.56</ele><time>2025-10-20T11:45:50.480Z</time></trkpt><trkpt lat="47.60863410" lon="19.14697160"><ele>137.56</ele><time>2025-10-20T11:45:50.680Z</time></trkpt><trkpt lat="47.60863410" lon="19.14697160"><ele>137.57</ele><time>2025-10-20T11:45:50.880Z</time></trkpt><trkpt lat="47.60863420" lon="19.14697160"><ele>137.57</ele><time>2025-10-20T11:45:51.081Z</time></trkpt><trkpt lat="47.60863420" lon="19.14697160"><ele>137.58</ele><time>2025-10-20T11:45:51.281Z</time></trkpt><trkpt lat="47.60863420" lon="19.14697170"><ele>137.58</ele><time>2025-10-20T11:45:51.486Z</time></trkpt><trkpt lat="47.60863420" lon="19.14697170"><ele>137.59</ele><time>2025-10-20T11:45:51.687Z</time></trkpt><trkpt lat="47.60863420" lon="19.14697170"><ele>137.59</ele><time>2025-10-20T11:45:51.890Z</time></trkpt><trkpt lat="47.60863420" lon="19.14697170"><ele>137.60</ele><time>2025-10-20T11:45:52.092Z</time></trkpt><trkpt lat="47.60863420" lon="19.14697170"><ele>137.60</ele><time>2025-10-20T11:45:52.298Z</time></trkpt><trkpt lat="47.60863420" lon="19.14697160"><ele>137.60</ele><time>2025-10-20T11:45:52.499Z</time></trkpt><trkpt lat="47.60863420" lon="19.14697160"><ele>137.60</ele><time>2025-10-20T11:45:52.699Z</time></trkpt><trkpt lat="47.60863420" lon="19.14697160"><ele>137.60</ele><time>2025-10-20T11:45:52.900Z</time></trkpt><trkpt lat="47.60863420" lon="19.14697160"><ele>137.60</ele><time>2025-10-20T11:45:53.100Z</time></trkpt><trkpt lat="47.60863420" lon="19.14697170"><ele>137.60</ele><time>2025-10-20T11:45:53.300Z</time></trkpt><trkpt lat="47.60863420" lon="19.14697170"><ele>137.60</ele><time>2025-10-20T11:45:53.486Z</time></trkpt><trkpt lat="47.60863420" lon="19.14697170"><ele>137.60</ele><time>2025-10-20T11:45:53.689Z</time></trkpt><trkpt lat="47.60863410" lon="19.14697170"><ele>137.60</ele><time>2025-10-20T11:45:53.889Z</time></trkpt><trkpt lat="47.60863410" lon="19.14697170"><ele>137.60</ele><time>2025-10-20T11:45:54.089Z</time></trkpt><trkpt lat="47.60863410" lon="19.14697180"><ele>137.60</ele><time>2025-10-20T11:45:54.289Z</time></trkpt><trkpt lat="47.60863410" lon="19.14697180"><ele>137.60</ele><time>2025-10-20T11:45:54.490Z</time></trkpt><trkpt lat="47.60863410" lon="19.14697180"><ele>137.61</ele><time>2025-10-20T11:45:54.690Z</time></trkpt><trkpt lat="47.60863410" lon="19.14697180"><ele>137.61</ele><time>2025-10-20T11:45:54.890Z</time></trkpt><trkpt lat="47.60863410" lon="19.14697170"><ele>137.61</ele><time>2025-10-20T11:45:55.090Z</time></trkpt><trkpt lat="47.60863410" lon="19.14697170"><ele>137.61</ele><time>2025-10-20T11:45:55.290Z</time></trkpt><trkpt lat="47.60863410" lon="19.14697170"><ele>137.62</ele><time>2025-10-20T11:45:55.492Z</time></trkpt><trkpt lat="47.60863410" lon="19.14697160"><ele>137.62</ele><time>2025-10-20T11:45:55.692Z</time></trkpt><trkpt lat="47.60863410" lon="19.14697160"><ele>137.62</ele><time>2025-10-20T11:45:55.893Z</time></trkpt><trkpt lat="47.60863410" lon="19.14697160"><ele>137.63</ele><time>2025-10-20T11:45:56.093Z</time></trkpt><trkpt lat="47.60863410" lon="19.14697150"><ele>137.63</ele><time>2025-10-20T11:45:56.293Z</time></trkpt><trkpt lat="47.60863400" lon="19.14697150"><ele>137.63</ele><time>2025-10-20T11:45:56.494Z</time></trkpt><trkpt lat="47.60863400" lon="19.14697150"><ele>137.63</ele><time>2025-10-20T11:45:56.694Z</time></trkpt><trkpt lat="47.60863400" lon="19.14697150"><ele>137.63</ele><time>2025-10-20T11:45:56.894Z</time></trkpt><trkpt lat="47.60863400" lon="19.14697150"><ele>137.64</ele><time>2025-10-20T11:45:57.095Z</time></trkpt><trkpt lat="47.60863400" lon="19.14697150"><ele>137.64</ele><time>2025-10-20T11:45:57.296Z</time></trkpt><trkpt lat="47.60863410" lon="19.14697150"><ele>137.65</ele><time>2025-10-20T11:45:57.499Z</time></trkpt><trkpt lat="47.60863410" lon="19.14697140"><ele>137.65</ele><time>2025-10-20T11:45:57.700Z</time></trkpt><trkpt lat="47.60863410" lon="19.14697150"><ele>137.65</ele><time>2025-10-20T11:45:57.900Z</time></trkpt><trkpt lat="47.60863410" lon="19.14697150"><ele>137.65</ele><time>2025-10-20T11:45:58.102Z</time></trkpt><trkpt lat="47.60863410" lon="19.14697160"><ele>137.65</ele><time>2025-10-20T11:45:58.262Z</time></trkpt><trkpt lat="47.60863410" lon="19.14697160"><ele>137.65</ele><time>2025-10-20T11:45:58.484Z</time></trkpt><trkpt lat="47.60863410" lon="19.14697160"><ele>137.65</ele><time>2025-10-20T11:45:58.685Z</time></trkpt><trkpt lat="47.60863410" lon="19.14697160"><ele>137.66</ele><time>2025-10-20T11:45:58.887Z</time></trkpt><trkpt lat="47.60863410" lon="19.14697160"><ele>137.66</ele><time>2025-10-20T11:45:59.087Z</time></trkpt><trkpt lat="47.60863410" lon="19.14697160"><ele>137.66</ele><time>2025-10-20T11:45:59.299Z</time></trkpt><trkpt lat="47.60863410" lon="19.14697160"><ele>137.67</ele><time>2025-10-20T11:45:59.519Z</time></trkpt><trkpt lat="47.60863410" lon="19.14697150"><ele>137.67</ele><time>2025-10-20T11:45:59.699Z</time></trkpt><trkpt lat="47.60863410" lon="19.14697150"><ele>137.68</ele><time>2025-10-20T11:45:59.899Z</time></trkpt><trkpt lat="47.60863410" lon="19.14697150"><ele>137.68</ele><time>2025-10-20T11:46:00.119Z</time></trkpt><trkpt lat="47.60863410" lon="19.14697150"><ele>137.69</ele><time>2025-10-20T11:46:00.319Z</time></trkpt><trkpt lat="47.60863410" lon="19.14697140"><ele>137.69</ele><time>2025-10-20T11:46:00.500Z</time></trkpt><trkpt lat="47.60863410" lon="19.14697140"><ele>137.68</ele><time>2025-10-20T11:46:00.719Z</time></trkpt><trkpt lat="47.60863400" lon="19.14697150"><ele>137.69</ele><time>2025-10-20T11:46:00.919Z</time></trkpt><trkpt lat="47.60863400" lon="19.14697140"><ele>137.69</ele><time>2025-10-20T11:46:01.119Z</time></trkpt><trkpt lat="47.60863390" lon="19.14697140"><ele>137.69</ele><time>2025-10-20T11:46:01.301Z</time></trkpt><trkpt lat="47.60863390" lon="19.14697140"><ele>137.69</ele><time>2025-10-20T11:46:01.502Z</time></trkpt><trkpt lat="47.60863390" lon="19.14697140"><ele>137.70</ele><time>2025-10-20T11:46:01.703Z</time></trkpt><trkpt lat="47.60863390" lon="19.14697140"><ele>137.70</ele><time>2025-10-20T11:46:01.903Z</time></trkpt><trkpt lat="47.60863390" lon="19.14697140"><ele>137.70</ele><time>2025-10-20T11:46:02.103Z</time></trkpt><trkpt lat="47.60863400" lon="19.14697140"><ele>137.71</ele><time>2025-10-20T11:46:02.305Z</time></trkpt><trkpt lat="47.60863400" lon="19.14697140"><ele>137.72</ele><time>2025-10-20T11:46:02.506Z</time></trkpt><trkpt lat="47.60863400" lon="19.14697140"><ele>137.72</ele><time>2025-10-20T11:46:02.706Z</time></trkpt><trkpt lat="47.60863400" lon="19.14697140"><ele>137.72</ele><time>2025-10-20T11:46:02.907Z</time></trkpt><trkpt lat="47.60863400" lon="19.14697140"><ele>137.73</ele><time>2025-10-20T11:46:03.107Z</time></trkpt><trkpt lat="47.60863400" lon="19.14697150"><ele>137.73</ele><time>2025-10-20T11:46:03.308Z</time></trkpt><trkpt lat="47.60863400" lon="19.14697150"><ele>137.73</ele><time>2025-10-20T11:46:03.513Z</time></trkpt><trkpt lat="47.60863400" lon="19.14697150"><ele>137.74</ele><time>2025-10-20T11:46:03.713Z</time></trkpt><trkpt lat="47.60863400" lon="19.14697160"><ele>137.74</ele><time>2025-10-20T11:46:03.913Z</time></trkpt><trkpt lat="47.60863400" lon="19.14697160"><ele>137.73</ele><time>2025-10-20T11:46:04.114Z</time></trkpt><trkpt lat="47.60863400" lon="19.14697160"><ele>137.74</ele><time>2025-10-20T11:46:04.317Z</time></trkpt><trkpt lat="47.60863390" lon="19.14697160"><ele>137.74</ele><time>2025-10-20T11:46:04.517Z</time></trkpt><trkpt lat="47.60863390" lon="19.14697160"><ele>137.74</ele><time>2025-10-20T11:46:04.717Z</time></trkpt><trkpt lat="47.60863390" lon="19.14697150"><ele>137.74</ele><time>2025-10-20T11:46:04.918Z</time></trkpt><trkpt lat="47.60863390" lon="19.14697150"><ele>137.75</ele><time>2025-10-20T11:46:05.118Z</time></trkpt><trkpt lat="47.60863390" lon="19.14697150"><ele>137.75</ele><time>2025-10-20T11:46:05.319Z</time></trkpt><trkpt lat="47.60863390" lon="19.14697150"><ele>137.75</ele><time>2025-10-20T11:46:05.520Z</time></trkpt><trkpt lat="47.60863390" lon="19.14697160"><ele>137.75</ele><time>2025-10-20T11:46:05.740Z</time></trkpt><trkpt lat="47.60863390" lon="19.14697160"><ele>137.76</ele><time>2025-10-20T11:46:05.922Z</time></trkpt><trkpt lat="47.60863390" lon="19.14697150"><ele>137.76</ele><time>2025-10-20T11:46:06.122Z</time></trkpt><trkpt lat="47.60863390" lon="19.14697150"><ele>137.77</ele><time>2025-10-20T11:46:06.324Z</time></trkpt><trkpt lat="47.60863390" lon="19.14697150"><ele>137.77</ele><time>2025-10-20T11:46:06.528Z</time></trkpt><trkpt lat="47.60863390" lon="19.14697140"><ele>137.77</ele><time>2025-10-20T11:46:06.731Z</time></trkpt><trkpt lat="47.60863390" lon="19.14697140"><ele>137.78</ele><time>2025-10-20T11:46:06.930Z</time></trkpt><trkpt lat="47.60863390" lon="19.14697140"><ele>137.78</ele><time>2025-10-20T11:46:07.130Z</time></trkpt><trkpt lat="47.60863400" lon="19.14697140"><ele>137.78</ele><time>2025-10-20T11:46:07.317Z</time></trkpt><trkpt lat="47.60863400" lon="19.14697140"><ele>137.79</ele><time>2025-10-20T11:46:07.540Z</time></trkpt><trkpt lat="47.60863400" lon="19.14697140"><ele>137.79</ele><time>2025-10-20T11:46:07.740Z</time></trkpt><trkpt lat="47.60863400" lon="19.14697140"><ele>137.80</ele><time>2025-10-20T11:46:07.941Z</time></trkpt><trkpt lat="47.60863400" lon="19.14697140"><ele>137.80</ele><time>2025-10-20T11:46:08.141Z</time></trkpt><trkpt lat="47.60863400" lon="19.14697140"><ele>137.81</ele><time>2025-10-20T11:46:08.321Z</time></trkpt><trkpt lat="47.60863400" lon="19.14697140"><ele>137.81</ele><time>2025-10-20T11:46:08.542Z</time></trkpt><trkpt lat="47.60863400" lon="19.14697140"><ele>137.81</ele><time>2025-10-20T11:46:08.742Z</time></trkpt><trkpt lat="47.60863400" lon="19.14697140"><ele>137.81</ele><time>2025-10-20T11:46:08.942Z</time></trkpt><trkpt lat="47.60863400" lon="19.14697140"><ele>137.82</ele><time>2025-10-20T11:46:09.142Z</time></trkpt><trkpt lat="47.60863400" lon="19.14697150"><ele>137.82</ele><time>2025-10-20T11:46:09.323Z</time></trkpt><trkpt lat="47.60863400" lon="19.14697150"><ele>137.82</ele><time>2025-10-20T11:46:09.543Z</time></trkpt><trkpt lat="47.60863400" lon="19.14697150"><ele>137.83</ele><time>2025-10-20T11:46:09.744Z</time></trkpt><trkpt lat="47.60863400" lon="19.14697160"><ele>137.83</ele><time>2025-10-20T11:46:09.944Z</time></trkpt><trkpt lat="47.60863400" lon="19.14697160"><ele>137.83</ele><time>2025-10-20T11:46:10.145Z</time></trkpt><trkpt lat="47.60863400" lon="19.14697160"><ele>137.84</ele><time>2025-10-20T11:46:10.348Z</time></trkpt><trkpt lat="47.60863400" lon="19.14697160"><ele>137.85</ele><time>2025-10-20T11:46:10.548Z</time></trkpt><trkpt lat="47.60863400" lon="19.14697160"><ele>137.85</ele><time>2025-10-20T11:46:10.748Z</time></trkpt><trkpt lat="47.60863390" lon="19.14697160"><ele>137.84</ele><time>2025-10-20T11:46:10.948Z</time></trkpt><trkpt lat="47.60863390" lon="19.14697160"><ele>137.84</ele><time>2025-10-20T11:46:11.149Z</time></trkpt><trkpt lat="47.60863390" lon="19.14697160"><ele>137.85</ele><time>2025-10-20T11:46:11.351Z</time></trkpt><trkpt lat="47.60863390" lon="19.14697160"><ele>137.85</ele><time>2025-10-20T11:46:11.552Z</time></trkpt><trkpt lat="47.60863390" lon="19.14697160"><ele>137.85</ele><time>2025-10-20T11:46:11.752Z</time></trkpt><trkpt lat="47.60863390" lon="19.14697160"><ele>137.85</ele><time>2025-10-20T11:46:11.952Z</time></trkpt><trkpt lat="47.60863390" lon="19.14697160"><ele>137.86</ele><time>2025-10-20T11:46:12.152Z</time></trkpt><trkpt lat="47.60863390" lon="19.14697160"><ele>137.86</ele><time>2025-10-20T11:46:12.355Z</time></trkpt><trkpt lat="47.60863390" lon="19.14697160"><ele>137.86</ele><time>2025-10-20T11:46:12.555Z</time></trkpt><trkpt lat="47.60863390" lon="19.14697160"><ele>137.86</ele><time>2025-10-20T11:46:12.755Z</time></trkpt><trkpt lat="47.60863400" lon="19.14697160"><ele>137.86</ele><time>2025-10-20T11:46:12.955Z</time></trkpt><trkpt lat="47.60863400" lon="19.14697160"><ele>137.86</ele><time>2025-10-20T11:46:13.155Z</time></trkpt><trkpt lat="47.60863400" lon="19.14697160"><ele>137.86</ele><time>2025-10-20T11:46:13.356Z</time></trkpt><trkpt lat="47.60863400" lon="19.14697150"><ele>137.87</ele><time>2025-10-20T11:46:13.558Z</time></trkpt><trkpt lat="47.60863400" lon="19.14697150"><ele>137.87</ele><time>2025-10-20T11:46:13.759Z</time></trkpt><trkpt lat="47.60863400" lon="19.14697150"><ele>137.87</ele><time>2025-10-20T11:46:13.960Z</time></trkpt><trkpt lat="47.60863400" lon="19.14697160"><ele>137.86</ele><time>2025-10-20T11:46:14.161Z</time></trkpt><trkpt lat="47.60863400" lon="19.14697160"><ele>137.87</ele><time>2025-10-20T11:46:14.363Z</time></trkpt><trkpt lat="47.60863400" lon="19.14697160"><ele>137.87</ele><time>2025-10-20T11:46:14.583Z</time></trkpt><trkpt lat="47.60863400" lon="19.14697160"><ele>137.87</ele><time>2025-10-20T11:46:14.763Z</time></trkpt><trkpt lat="47.60863400" lon="19.14697160"><ele>137.87</ele><time>2025-10-20T11:46:14.964Z</time></trkpt><trkpt lat="47.60863400" lon="19.14697160"><ele>137.87</ele><time>2025-10-20T11:46:15.164Z</time></trkpt><trkpt lat="47.60863410" lon="19.14697160"><ele>137.88</ele><time>2025-10-20T11:46:15.368Z</time></trkpt><trkpt lat="47.60863410" lon="19.14697160"><ele>137.88</ele><time>2025-10-20T11:46:15.568Z</time></trkpt><trkpt lat="47.60863410" lon="19.14697160"><ele>137.88</ele><time>2025-10-20T11:46:15.768Z</time></trkpt><trkpt lat="47.60863410" lon="19.14697170"><ele>137.88</ele><time>2025-10-20T11:46:15.969Z</time></trkpt><trkpt lat="47.60863410" lon="19.14697170"><ele>137.89</ele><time>2025-10-20T11:46:16.169Z</time></trkpt><trkpt lat="47.60863410" lon="19.14697170"><ele>137.89</ele><time>2025-10-20T11:46:16.372Z</time></trkpt><trkpt lat="47.60863410" lon="19.14697170"><ele>137.89</ele><time>2025-10-20T11:46:16.574Z</time></trkpt><trkpt lat="47.60863400" lon="19.14697160"><ele>137.89</ele><time>2025-10-20T11:46:16.774Z</time></trkpt><trkpt lat="47.60863400" lon="19.14697160"><ele>137.89</ele><time>2025-10-20T11:46:16.974Z</time></trkpt><trkpt lat="47.60863400" lon="19.14697150"><ele>137.89</ele><time>2025-10-20T11:46:17.175Z</time></trkpt><trkpt lat="47.60863400" lon="19.14697150"><ele>137.90</ele><time>2025-10-20T11:46:17.381Z</time></trkpt><trkpt lat="47.60863400" lon="19.14697160"><ele>137.90</ele><time>2025-10-20T11:46:17.582Z</time></trkpt><trkpt lat="47.60863400" lon="19.14697160"><ele>137.90</ele><time>2025-10-20T11:46:17.785Z</time></trkpt><trkpt lat="47.60863400" lon="19.14697160"><ele>137.90</ele><time>2025-10-20T11:46:17.985Z</time></trkpt><trkpt lat="47.60863390" lon="19.14697160"><ele>137.90</ele><time>2025-10-20T11:46:18.185Z</time></trkpt><trkpt lat="47.60863390" lon="19.14697160"><ele>137.91</ele><time>2025-10-20T11:46:18.387Z</time></trkpt><trkpt lat="47.60863390" lon="19.14697160"><ele>137.91</ele><time>2025-10-20T11:46:18.588Z</time></trkpt><trkpt lat="47.60863390" lon="19.14697160"><ele>137.92</ele><time>2025-10-20T11:46:18.788Z</time></trkpt><trkpt lat="47.60863390" lon="19.14697150"><ele>137.92</ele><time>2025-10-20T11:46:18.988Z</time></trkpt><trkpt lat="47.60863390" lon="19.14697150"><ele>137.92</ele><time>2025-10-20T11:46:19.188Z</time></trkpt><trkpt lat="47.60863390" lon="19.14697140"><ele>137.92</ele><time>2025-10-20T11:46:19.371Z</time></trkpt><trkpt lat="47.60863390" lon="19.14697140"><ele>137.92</ele><time>2025-10-20T11:46:19.592Z</time></trkpt><trkpt lat="47.60863390" lon="19.14697140"><ele>137.92</ele><time>2025-10-20T11:46:19.772Z</time></trkpt><trkpt lat="47.60863390" lon="19.14697140"><ele>137.92</ele><time>2025-10-20T11:46:19.973Z</time></trkpt><trkpt lat="47.60863390" lon="19.14697140"><ele>137.93</ele><time>2025-10-20T11:46:20.173Z</time></trkpt><trkpt lat="47.60863390" lon="19.14697140"><ele>137.94</ele><time>2025-10-20T11:46:20.373Z</time></trkpt><trkpt lat="47.60863390" lon="19.14697140"><ele>137.94</ele><time>2025-10-20T11:46:20.573Z</time></trkpt><trkpt lat="47.60863390" lon="19.14697150"><ele>137.93</ele><time>2025-10-20T11:46:20.774Z</time></trkpt><trkpt lat="47.60863390" lon="19.14697150"><ele>137.93</ele><time>2025-10-20T11:46:20.975Z</time></trkpt><trkpt lat="47.60863390" lon="19.14697150"><ele>137.94</ele><time>2025-10-20T11:46:21.176Z</time></trkpt><trkpt lat="47.60863390" lon="19.14697150"><ele>137.94</ele><time>2025-10-20T11:46:21.383Z</time></trkpt><trkpt lat="47.60863390" lon="19.14697150"><ele>137.94</ele><time>2025-10-20T11:46:21.584Z</time></trkpt><trkpt lat="47.60863390" lon="19.14697160"><ele>137.94</ele><time>2025-10-20T11:46:21.784Z</time></trkpt><trkpt lat="47.60863390" lon="19.14697160"><ele>137.94</ele><time>2025-10-20T11:46:21.984Z</time></trkpt><trkpt lat="47.60863390" lon="19.14697160"><ele>137.94</ele><time>2025-10-20T11:46:22.184Z</time></trkpt><trkpt lat="47.60863390" lon="19.14697160"><ele>137.94</ele><time>2025-10-20T11:46:22.387Z</time></trkpt><trkpt lat="47.60863390" lon="19.14697170"><ele>137.94</ele><time>2025-10-20T11:46:22.588Z</time></trkpt><trkpt lat="47.60863390" lon="19.14697170"><ele>137.94</ele><time>2025-10-20T11:46:22.788Z</time></trkpt><trkpt lat="47.60863390" lon="19.14697160"><ele>137.94</ele><time>2025-10-20T11:46:22.989Z</time></trkpt><trkpt lat="47.60863390" lon="19.14697160"><ele>137.94</ele><time>2025-10-20T11:46:23.189Z</time></trkpt><trkpt lat="47.60863390" lon="19.14697160"><ele>137.94</ele><time>2025-10-20T11:46:23.392Z</time></trkpt><trkpt lat="47.60863390" lon="19.14697160"><ele>137.93</ele><time>2025-10-20T11:46:23.592Z</time></trkpt><trkpt lat="47.60863390" lon="19.14697160"><ele>137.93</ele><time>2025-10-20T11:46:23.793Z</time></trkpt><trkpt lat="47.60863390" lon="19.14697150"><ele>137.93</ele><time>2025-10-20T11:46:23.993Z</time></trkpt><trkpt lat="47.60863390" lon="19.14697150"><ele>137.93</ele><time>2025-10-20T11:46:24.193Z</time></trkpt><trkpt lat="47.60863390" lon="19.14697150"><ele>137.94</ele><time>2025-10-20T11:46:24.394Z</time></trkpt><trkpt lat="47.60863390" lon="19.14697140"><ele>137.94</ele><time>2025-10-20T11:46:24.594Z</time></trkpt><trkpt lat="47.60863390" lon="19.14697140"><ele>137.95</ele><time>2025-10-20T11:46:24.794Z</time></trkpt><trkpt lat="47.60863390" lon="19.14697140"><ele>137.95</ele><time>2025-10-20T11:46:24.994Z</time></trkpt><trkpt lat="47.60863390" lon="19.14697140"><ele>137.95</ele><time>2025-10-20T11:46:25.196Z</time></trkpt><trkpt lat="47.60863390" lon="19.14697140"><ele>137.95</ele><time>2025-10-20T11:46:25.399Z</time></trkpt><trkpt lat="47.60863380" lon="19.14697150"><ele>137.95</ele><time>2025-10-20T11:46:25.598Z</time></trkpt><trkpt lat="47.60863380" lon="19.14697150"><ele>137.95</ele><time>2025-10-20T11:46:25.799Z</time></trkpt><trkpt lat="47.60863380" lon="19.14697150"><ele>137.94</ele><time>2025-10-20T11:46:25.999Z</time></trkpt><trkpt lat="47.60863380" lon="19.14697150"><ele>137.94</ele><time>2025-10-20T11:46:26.199Z</time></trkpt><trkpt lat="47.60863380" lon="19.14697150"><ele>137.95</ele><time>2025-10-20T11:46:26.401Z</time></trkpt><trkpt lat="47.60863380" lon="19.14697150"><ele>137.95</ele><time>2025-10-20T11:46:26.601Z</time></trkpt><trkpt lat="47.60863380" lon="19.14697150"><ele>137.95</ele><time>2025-10-20T11:46:26.802Z</time></trkpt><trkpt lat="47.60863380" lon="19.14697150"><ele>137.95</ele><time>2025-10-20T11:46:27.003Z</time></trkpt><trkpt lat="47.60863380" lon="19.14697150"><ele>137.95</ele><time>2025-10-20T11:46:27.203Z</time></trkpt><trkpt lat="47.60863380" lon="19.14697150"><ele>137.96</ele><time>2025-10-20T11:46:27.407Z</time></trkpt><trkpt lat="47.60863380" lon="19.14697150"><ele>137.96</ele><time>2025-10-20T11:46:27.607Z</time></trkpt><trkpt lat="47.60863390" lon="19.14697140"><ele>137.96</ele><time>2025-10-20T11:46:27.807Z</time></trkpt><trkpt lat="47.60863390" lon="19.14697140"><ele>137.96</ele><time>2025-10-20T11:46:28.007Z</time></trkpt><trkpt lat="47.60863390" lon="19.14697140"><ele>137.97</ele><time>2025-10-20T11:46:28.207Z</time></trkpt><trkpt lat="47.60863390" lon="19.14697140"><ele>137.97</ele><time>2025-10-20T11:46:28.413Z</time></trkpt><trkpt lat="47.60863390" lon="19.14697140"><ele>137.97</ele><time>2025-10-20T11:46:28.613Z</time></trkpt><trkpt lat="47.60863390" lon="19.14697130"><ele>137.97</ele><time>2025-10-20T11:46:28.813Z</time></trkpt><trkpt lat="47.60863390" lon="19.14697130"><ele>137.97</ele><time>2025-10-20T11:46:29.013Z</time></trkpt><trkpt lat="47.60863390" lon="19.14697140"><ele>137.96</ele><time>2025-10-20T11:46:29.213Z</time></trkpt><trkpt lat="47.60863390" lon="19.14697140"><ele>137.96</ele><time>2025-10-20T11:46:29.413Z</time></trkpt><trkpt lat="47.60863390" lon="19.14697140"><ele>137.96</ele><time>2025-10-20T11:46:29.613Z</time></trkpt><trkpt lat="47.60863390" lon="19.14697140"><ele>137.96</ele><time>2025-10-20T11:46:29.813Z</time></trkpt><trkpt lat="47.60863390" lon="19.14697140"><ele>137.95</ele><time>2025-10-20T11:46:30.014Z</time></trkpt><trkpt lat="47.60863390" lon="19.14697140"><ele>137.95</ele><time>2025-10-20T11:46:30.215Z</time></trkpt><trkpt lat="47.60863380" lon="19.14697130"><ele>137.96</ele><time>2025-10-20T11:46:30.400Z</time></trkpt><trkpt lat="47.60863380" lon="19.14697130"><ele>137.95</ele><time>2025-10-20T11:46:30.600Z</time></trkpt><trkpt lat="47.60863380" lon="19.14697130"><ele>137.94</ele><time>2025-10-20T11:46:30.801Z</time></trkpt><trkpt lat="47.60863390" lon="19.14697130"><ele>137.94</ele><time>2025-10-20T11:46:31.001Z</time></trkpt><trkpt lat="47.60863390" lon="19.14697130"><ele>137.93</ele><time>2025-10-20T11:46:31.201Z</time></trkpt><trkpt lat="47.60863390" lon="19.14697130"><ele>137.94</ele><time>2025-10-20T11:46:31.403Z</time></trkpt><trkpt lat="47.60863390" lon="19.14697130"><ele>137.94</ele><time>2025-10-20T11:46:31.603Z</time></trkpt><trkpt lat="47.60863390" lon="19.14697140"><ele>137.93</ele><time>2025-10-20T11:46:31.803Z</time></trkpt><trkpt lat="47.60863390" lon="19.14697140"><ele>137.93</ele><time>2025-10-20T11:46:32.003Z</time></trkpt><trkpt lat="47.60863390" lon="19.14697140"><ele>137.93</ele><time>2025-10-20T11:46:32.203Z</time></trkpt><trkpt lat="47.60863390" lon="19.14697150"><ele>137.93</ele><time>2025-10-20T11:46:32.408Z</time></trkpt><trkpt lat="47.60863390" lon="19.14697150"><ele>137.94</ele><time>2025-10-20T11:46:32.608Z</time></trkpt><trkpt lat="47.60863390" lon="19.14697150"><ele>137.93</ele><time>2025-10-20T11:46:32.808Z</time></trkpt><trkpt lat="47.60863390" lon="19.14697150"><ele>137.93</ele><time>2025-10-20T11:46:33.008Z</time></trkpt><trkpt lat="47.60863390" lon="19.14697150"><ele>137.92</ele><time>2025-10-20T11:46:33.208Z</time></trkpt><trkpt lat="47.60863390" lon="19.14697150"><ele>137.92</ele><time>2025-10-20T11:46:33.408Z</time></trkpt><trkpt lat="47.60863390" lon="19.14697140"><ele>137.92</ele><time>2025-10-20T11:46:33.608Z</time></trkpt><trkpt lat="47.60863390" lon="19.14697140"><ele>137.92</ele><time>2025-10-20T11:46:33.808Z</time></trkpt><trkpt lat="47.60863390" lon="19.14697140"><ele>137.92</ele><time>2025-10-20T11:46:34.010Z</time></trkpt><trkpt lat="47.60863390" lon="19.14697130"><ele>137.92</ele><time>2025-10-20T11:46:34.211Z</time></trkpt><trkpt lat="47.60863390" lon="19.14697130"><ele>137.92</ele><time>2025-10-20T11:46:34.413Z</time></trkpt><trkpt lat="47.60863380" lon="19.14697130"><ele>137.92</ele><time>2025-10-20T11:46:34.613Z</time></trkpt><trkpt lat="47.60863380" lon="19.14697130"><ele>137.92</ele><time>2025-10-20T11:46:34.813Z</time></trkpt><trkpt lat="47.60863380" lon="19.14697120"><ele>137.92</ele><time>2025-10-20T11:46:35.013Z</time></trkpt><trkpt lat="47.60863370" lon="19.14697120"><ele>137.92</ele><time>2025-10-20T11:46:35.213Z</time></trkpt><trkpt lat="47.60863370" lon="19.14697120"><ele>137.92</ele><time>2025-10-20T11:46:35.414Z</time></trkpt><trkpt lat="47.60863370" lon="19.14697120"><ele>137.92</ele><time>2025-10-20T11:46:35.615Z</time></trkpt><trkpt lat="47.60863370" lon="19.14697120"><ele>137.92</ele><time>2025-10-20T11:46:35.815Z</time></trkpt><trkpt lat="47.60863370" lon="19.14697110"><ele>137.92</ele><time>2025-10-20T11:46:36.016Z</time></trkpt><trkpt lat="47.60863370" lon="19.14697110"><ele>137.92</ele><time>2025-10-20T11:46:36.196Z</time></trkpt><trkpt lat="47.60863370" lon="19.14697110"><ele>137.93</ele><time>2025-10-20T11:46:36.418Z</time></trkpt><trkpt lat="47.60863370" lon="19.14697110"><ele>137.93</ele><time>2025-10-20T11:46:36.619Z</time></trkpt><trkpt lat="47.60863370" lon="19.14697110"><ele>137.93</ele><time>2025-10-20T11:46:36.819Z</time></trkpt><trkpt lat="47.60863370" lon="19.14697110"><ele>137.93</ele><time>2025-10-20T11:46:37.019Z</time></trkpt><trkpt lat="47.60863370" lon="19.14697110"><ele>137.93</ele><time>2025-10-20T11:46:37.198Z</time></trkpt><trkpt lat="47.60863370" lon="19.14697120"><ele>137.93</ele><time>2025-10-20T11:46:37.402Z</time></trkpt><trkpt lat="47.60863370" lon="19.14697120"><ele>137.93</ele><time>2025-10-20T11:46:37.602Z</time></trkpt><trkpt lat="47.60863370" lon="19.14697120"><ele>137.93</ele><time>2025-10-20T11:46:37.802Z</time></trkpt><trkpt lat="47.60863370" lon="19.14697130"><ele>137.93</ele><time>2025-10-20T11:46:38.002Z</time></trkpt><trkpt lat="47.60863370" lon="19.14697130"><ele>137.92</ele><time>2025-10-20T11:46:38.203Z</time></trkpt><trkpt lat="47.60863370" lon="19.14697130"><ele>137.93</ele><time>2025-10-20T11:46:38.404Z</time></trkpt><trkpt lat="47.60863380" lon="19.14697130"><ele>137.93</ele><time>2025-10-20T11:46:38.605Z</time></trkpt><trkpt lat="47.60863380" lon="19.14697130"><ele>137.93</ele><time>2025-10-20T11:46:38.805Z</time></trkpt><trkpt lat="47.60863380" lon="19.14697130"><ele>137.93</ele><time>2025-10-20T11:46:39.005Z</time></trkpt><trkpt lat="47.60863390" lon="19.14697130"><ele>137.93</ele><time>2025-10-20T11:46:39.206Z</time></trkpt><trkpt lat="47.60863390" lon="19.14697130"><ele>137.94</ele><time>2025-10-20T11:46:39.407Z</time></trkpt><trkpt lat="47.60863390" lon="19.14697130"><ele>137.95</ele><time>2025-10-20T11:46:39.608Z</time></trkpt><trkpt lat="47.60863390" lon="19.14697120"><ele>137.95</ele><time>2025-10-20T11:46:39.808Z</time></trkpt><trkpt lat="47.60863390" lon="19.14697120"><ele>137.95</ele><time>2025-10-20T11:46:40.009Z</time></trkpt><trkpt lat="47.60863390" lon="19.14697120"><ele>137.95</ele><time>2025-10-20T11:46:40.210Z</time></trkpt><trkpt lat="47.60863390" lon="19.14697120"><ele>137.96</ele><time>2025-10-20T11:46:40.413Z</time></trkpt><trkpt lat="47.60863390" lon="19.14697120"><ele>137.96</ele><time>2025-10-20T11:46:40.613Z</time></trkpt><trkpt lat="47.60863390" lon="19.14697130"><ele>137.96</ele><time>2025-10-20T11:46:40.814Z</time></trkpt><trkpt lat="47.60863390" lon="19.14697130"><ele>137.97</ele><time>2025-10-20T11:46:41.014Z</time></trkpt><trkpt lat="47.60863390" lon="19.14697130"><ele>137.97</ele><time>2025-10-20T11:46:41.215Z</time></trkpt><trkpt lat="47.60863390" lon="19.14697140"><ele>137.97</ele><time>2025-10-20T11:46:41.417Z</time></trkpt><trkpt lat="47.60863390" lon="19.14697140"><ele>137.98</ele><time>2025-10-20T11:46:41.617Z</time></trkpt><trkpt lat="47.60863390" lon="19.14697140"><ele>137.97</ele><time>2025-10-20T11:46:41.817Z</time></trkpt><trkpt lat="47.60863380" lon="19.14697140"><ele>137.97</ele><time>2025-10-20T11:46:42.018Z</time></trkpt><trkpt lat="47.60863380" lon="19.14697140"><ele>137.97</ele><time>2025-10-20T11:46:42.218Z</time></trkpt><trkpt lat="47.60863380" lon="19.14697140"><ele>137.98</ele><time>2025-10-20T11:46:42.418Z</time></trkpt><trkpt lat="47.60863380" lon="19.14697130"><ele>137.99</ele><time>2025-10-20T11:46:42.619Z</time></trkpt><trkpt lat="47.60863380" lon="19.14697130"><ele>137.98</ele><time>2025-10-20T11:46:42.820Z</time></trkpt><trkpt lat="47.60863380" lon="19.14697120"><ele>137.99</ele><time>2025-10-20T11:46:43.020Z</time></trkpt><trkpt lat="47.60863380" lon="19.14697120"><ele>137.99</ele><time>2025-10-20T11:46:43.220Z</time></trkpt><trkpt lat="47.60863380" lon="19.14697120"><ele>137.99</ele><time>2025-10-20T11:46:43.403Z</time></trkpt><trkpt lat="47.60863380" lon="19.14697120"><ele>137.99</ele><time>2025-10-20T11:46:43.623Z</time></trkpt><trkpt lat="47.60863380" lon="19.14697120"><ele>137.99</ele><time>2025-10-20T11:46:43.824Z</time></trkpt><trkpt lat="47.60863380" lon="19.14697120"><ele>137.99</ele><time>2025-10-20T11:46:44.024Z</time></trkpt><trkpt lat="47.60863370" lon="19.14697120"><ele>137.99</ele><time>2025-10-20T11:46:44.225Z</time></trkpt><trkpt lat="47.60863380" lon="19.14697120"><ele>137.99</ele><time>2025-10-20T11:46:44.426Z</time></trkpt><trkpt lat="47.60863380" lon="19.14697120"><ele>138.00</ele><time>2025-10-20T11:46:44.627Z</time></trkpt><trkpt lat="47.60863380" lon="19.14697130"><ele>138.00</ele><time>2025-10-20T11:46:44.827Z</time></trkpt><trkpt lat="47.60863380" lon="19.14697130"><ele>138.00</ele><time>2025-10-20T11:46:45.028Z</time></trkpt><trkpt lat="47.60863380" lon="19.14697130"><ele>138.00</ele><time>2025-10-20T11:46:45.229Z</time></trkpt><trkpt lat="47.60863380" lon="19.14697130"><ele>138.00</ele><time>2025-10-20T11:46:45.431Z</time></trkpt><trkpt lat="47.60863380" lon="19.14697130"><ele>137.99</ele><time>2025-10-20T11:46:45.632Z</time></trkpt><trkpt lat="47.60863380" lon="19.14697130"><ele>137.99</ele><time>2025-10-20T11:46:45.832Z</time></trkpt><trkpt lat="47.60863380" lon="19.14697140"><ele>137.99</ele><time>2025-10-20T11:46:46.032Z</time></trkpt><trkpt lat="47.60863380" lon="19.14697140"><ele>137.99</ele><time>2025-10-20T11:46:46.232Z</time></trkpt><trkpt lat="47.60863380" lon="19.14697140"><ele>137.99</ele><time>2025-10-20T11:46:46.434Z</time></trkpt><trkpt lat="47.60863370" lon="19.14697130"><ele>137.99</ele><time>2025-10-20T11:46:46.634Z</time></trkpt><trkpt lat="47.60863370" lon="19.14697130"><ele>137.99</ele><time>2025-10-20T11:46:46.834Z</time></trkpt><trkpt lat="47.60863370" lon="19.14697130"><ele>138.00</ele><time>2025-10-20T11:46:47.034Z</time></trkpt><trkpt lat="47.60863370" lon="19.14697130"><ele>138.00</ele><time>2025-10-20T11:46:47.234Z</time></trkpt><trkpt lat="47.60863370" lon="19.14697120"><ele>138.01</ele><time>2025-10-20T11:46:47.438Z</time></trkpt><trkpt lat="47.60863370" lon="19.14697120"><ele>138.02</ele><time>2025-10-20T11:46:47.639Z</time></trkpt><trkpt lat="47.60863370" lon="19.14697120"><ele>138.02</ele><time>2025-10-20T11:46:47.838Z</time></trkpt><trkpt lat="47.60863370" lon="19.14697130"><ele>138.02</ele><time>2025-10-20T11:46:48.039Z</time></trkpt><trkpt lat="47.60863370" lon="19.14697130"><ele>138.01</ele><time>2025-10-20T11:46:48.241Z</time></trkpt><trkpt lat="47.60863370" lon="19.14697130"><ele>138.03</ele><time>2025-10-20T11:46:48.425Z</time></trkpt><trkpt lat="47.60863380" lon="19.14697130"><ele>138.03</ele><time>2025-10-20T11:46:48.629Z</time></trkpt><trkpt lat="47.60863380" lon="19.14697130"><ele>138.02</ele><time>2025-10-20T11:46:48.829Z</time></trkpt><trkpt lat="47.60863380" lon="19.14697130"><ele>138.02</ele><time>2025-10-20T11:46:49.030Z</time></trkpt><trkpt lat="47.60863380" lon="19.14697130"><ele>138.02</ele><time>2025-10-20T11:46:49.235Z</time></trkpt><trkpt lat="47.60863370" lon="19.14697130"><ele>138.03</ele><time>2025-10-20T11:46:49.442Z</time></trkpt><trkpt lat="47.60863370" lon="19.14697120"><ele>138.04</ele><time>2025-10-20T11:46:49.642Z</time></trkpt><trkpt lat="47.60863370" lon="19.14697120"><ele>138.04</ele><time>2025-10-20T11:46:49.842Z</time></trkpt><trkpt lat="47.60863370" lon="19.14697110"><ele>138.05</ele><time>2025-10-20T11:46:50.042Z</time></trkpt><trkpt lat="47.60863380" lon="19.14697120"><ele>138.05</ele><time>2025-10-20T11:46:50.246Z</time></trkpt><trkpt lat="47.60863380" lon="19.14697120"><ele>138.06</ele><time>2025-10-20T11:46:50.428Z</time></trkpt><trkpt lat="47.60863380" lon="19.14697120"><ele>138.07</ele><time>2025-10-20T11:46:50.629Z</time></trkpt><trkpt lat="47.60863380" lon="19.14697120"><ele>138.06</ele><time>2025-10-20T11:46:50.829Z</time></trkpt><trkpt lat="47.60863380" lon="19.14697120"><ele>138.05</ele><time>2025-10-20T11:46:51.029Z</time></trkpt><trkpt lat="47.60863380" lon="19.14697120"><ele>138.06</ele><time>2025-10-20T11:46:51.230Z</time></trkpt><trkpt lat="47.60863380" lon="19.14697130"><ele>138.06</ele><time>2025-10-20T11:46:51.433Z</time></trkpt><trkpt lat="47.60863380" lon="19.14697130"><ele>138.07</ele><time>2025-10-20T11:46:51.633Z</time></trkpt><trkpt lat="47.60863380" lon="19.14697130"><ele>138.07</ele><time>2025-10-20T11:46:51.833Z</time></trkpt><trkpt lat="47.60863380" lon="19.14697140"><ele>138.08</ele><time>2025-10-20T11:46:52.033Z</time></trkpt><trkpt lat="47.60863380" lon="19.14697130"><ele>138.09</ele><time>2025-10-20T11:46:52.233Z</time></trkpt><trkpt lat="47.60863380" lon="19.14697130"><ele>138.09</ele><time>2025-10-20T11:46:52.437Z</time></trkpt><trkpt lat="47.60863380" lon="19.14697130"><ele>138.10</ele><time>2025-10-20T11:46:52.617Z</time></trkpt><trkpt lat="47.60863390" lon="19.14697130"><ele>138.10</ele><time>2025-10-20T11:46:52.817Z</time></trkpt><trkpt lat="47.60863380" lon="19.14697130"><ele>138.11</ele><time>2025-10-20T11:46:53.038Z</time></trkpt><trkpt lat="47.60863380" lon="19.14697130"><ele>138.11</ele><time>2025-10-20T11:46:53.238Z</time></trkpt><trkpt lat="47.60863380" lon="19.14697130"><ele>138.11</ele><time>2025-10-20T11:46:53.437Z</time></trkpt><trkpt lat="47.60863380" lon="19.14697130"><ele>138.11</ele><time>2025-10-20T11:46:53.637Z</time></trkpt><trkpt lat="47.60863380" lon="19.14697130"><ele>138.11</ele><time>2025-10-20T11:46:53.817Z</time></trkpt><trkpt lat="47.60863370" lon="19.14697130"><ele>138.11</ele><time>2025-10-20T11:46:54.038Z</time></trkpt><trkpt lat="47.60863370" lon="19.14697120"><ele>138.11</ele><time>2025-10-20T11:46:54.219Z</time></trkpt><trkpt lat="47.60863370" lon="19.14697120"><ele>138.12</ele><time>2025-10-20T11:46:54.422Z</time></trkpt><trkpt lat="47.60863370" lon="19.14697120"><ele>138.12</ele><time>2025-10-20T11:46:54.643Z</time></trkpt><trkpt lat="47.60863370" lon="19.14697120"><ele>138.11</ele><time>2025-10-20T11:46:54.844Z</time></trkpt><trkpt lat="47.60863370" lon="19.14697120"><ele>138.11</ele><time>2025-10-20T11:46:55.044Z</time></trkpt><trkpt lat="47.60863370" lon="19.14697120"><ele>138.11</ele><time>2025-10-20T11:46:55.245Z</time></trkpt><trkpt lat="47.60863360" lon="19.14697120"><ele>138.11</ele><time>2025-10-20T11:46:55.448Z</time></trkpt><trkpt lat="47.60863360" lon="19.14697120"><ele>138.11</ele><time>2025-10-20T11:46:55.650Z</time></trkpt><trkpt lat="47.60863360" lon="19.14697120"><ele>138.11</ele><time>2025-10-20T11:46:55.851Z</time></trkpt><trkpt lat="47.60863360" lon="19.14697130"><ele>138.10</ele><time>2025-10-20T11:46:56.051Z</time></trkpt><trkpt lat="47.60863360" lon="19.14697130"><ele>138.10</ele><time>2025-10-20T11:46:56.252Z</time></trkpt><trkpt lat="47.60863360" lon="19.14697130"><ele>138.10</ele><time>2025-10-20T11:46:56.458Z</time></trkpt><trkpt lat="47.60863360" lon="19.14697130"><ele>138.10</ele><time>2025-10-20T11:46:56.659Z</time></trkpt><trkpt lat="47.60863370" lon="19.14697140"><ele>138.10</ele><time>2025-10-20T11:46:56.859Z</time></trkpt><trkpt lat="47.60863370" lon="19.14697140"><ele>138.10</ele><time>2025-10-20T11:46:57.059Z</time></trkpt><trkpt lat="47.60863370" lon="19.14697140"><ele>138.09</ele><time>2025-10-20T11:46:57.260Z</time></trkpt><trkpt lat="47.60863370" lon="19.14697140"><ele>138.10</ele><time>2025-10-20T11:46:57.463Z</time></trkpt><trkpt lat="47.60863370" lon="19.14697140"><ele>138.10</ele><time>2025-10-20T11:46:57.644Z</time></trkpt><trkpt lat="47.60863380" lon="19.14697140"><ele>138.10</ele><time>2025-10-20T11:46:57.867Z</time></trkpt><trkpt lat="47.60863380" lon="19.14697140"><ele>138.10</ele><time>2025-10-20T11:46:58.047Z</time></trkpt><trkpt lat="47.60863380" lon="19.14697140"><ele>138.10</ele><time>2025-10-20T11:46:58.248Z</time></trkpt><trkpt lat="47.60863380" lon="19.14697140"><ele>138.10</ele><time>2025-10-20T11:46:58.450Z</time></trkpt><trkpt lat="47.60863380" lon="19.14697140"><ele>138.11</ele><time>2025-10-20T11:46:58.651Z</time></trkpt><trkpt lat="47.60863380" lon="19.14697140"><ele>138.11</ele><time>2025-10-20T11:46:58.872Z</time></trkpt><trkpt lat="47.60863380" lon="19.14697140"><ele>138.10</ele><time>2025-10-20T11:46:59.052Z</time></trkpt><trkpt lat="47.60863380" lon="19.14697140"><ele>138.10</ele><time>2025-10-20T11:46:59.253Z</time></trkpt><trkpt lat="47.60863380" lon="19.14697140"><ele>138.10</ele><time>2025-10-20T11:46:59.457Z</time></trkpt><trkpt lat="47.60863370" lon="19.14697140"><ele>138.11</ele><time>2025-10-20T11:46:59.659Z</time></trkpt><trkpt lat="47.60863370" lon="19.14697140"><ele>138.11</ele><time>2025-10-20T11:46:59.859Z</time></trkpt><trkpt lat="47.60863370" lon="19.14697140"><ele>138.11</ele><time>2025-10-20T11:47:00.059Z</time></trkpt><trkpt lat="47.60863380" lon="19.14697130"><ele>138.10</ele><time>2025-10-20T11:47:00.262Z</time></trkpt><trkpt lat="47.60863380" lon="19.14697130"><ele>138.11</ele><time>2025-10-20T11:47:00.464Z</time></trkpt><trkpt lat="47.60863380" lon="19.14697130"><ele>138.12</ele><time>2025-10-20T11:47:00.664Z</time></trkpt><trkpt lat="47.60863380" lon="19.14697130"><ele>138.11</ele><time>2025-10-20T11:47:00.864Z</time></trkpt><trkpt lat="47.60863380" lon="19.14697120"><ele>138.11</ele><time>2025-10-20T11:47:01.065Z</time></trkpt><trkpt lat="47.60863380" lon="19.14697120"><ele>138.11</ele><time>2025-10-20T11:47:01.265Z</time></trkpt><trkpt lat="47.60863380" lon="19.14697120"><ele>138.11</ele><time>2025-10-20T11:47:01.465Z</time></trkpt><trkpt lat="47.60863380" lon="19.14697120"><ele>138.12</ele><time>2025-10-20T11:47:01.666Z</time></trkpt><trkpt lat="47.60863380" lon="19.14697110"><ele>138.12</ele><time>2025-10-20T11:47:01.866Z</time></trkpt><trkpt lat="47.60863380" lon="19.14697110"><ele>138.12</ele><time>2025-10-20T11:47:02.067Z</time></trkpt><trkpt lat="47.60863380" lon="19.14697110"><ele>138.12</ele><time>2025-10-20T11:47:02.267Z</time></trkpt><trkpt lat="47.60863380" lon="19.14697110"><ele>138.12</ele><time>2025-10-20T11:47:02.471Z</time></trkpt><trkpt lat="47.60863380" lon="19.14697110"><ele>138.12</ele><time>2025-10-20T11:47:02.671Z</time></trkpt><trkpt lat="47.60863380" lon="19.14697100"><ele>138.12</ele><time>2025-10-20T11:47:02.871Z</time></trkpt><trkpt lat="47.60863380" lon="19.14697100"><ele>138.12</ele><time>2025-10-20T11:47:03.071Z</time></trkpt><trkpt lat="47.60863380" lon="19.14697100"><ele>138.12</ele><time>2025-10-20T11:47:03.273Z</time></trkpt><trkpt lat="47.60863380" lon="19.14697090"><ele>138.13</ele><time>2025-10-20T11:47:03.474Z</time></trkpt><trkpt lat="47.60863380" lon="19.14697090"><ele>138.14</ele><time>2025-10-20T11:47:03.674Z</time></trkpt><trkpt lat="47.60863380" lon="19.14697090"><ele>138.14</ele><time>2025-10-20T11:47:03.874Z</time></trkpt><trkpt lat="47.60863380" lon="19.14697100"><ele>138.14</ele><time>2025-10-20T11:47:04.074Z</time></trkpt><trkpt lat="47.60863390" lon="19.14697100"><ele>138.14</ele><time>2025-10-20T11:47:04.255Z</time></trkpt><trkpt lat="47.60863390" lon="19.14697100"><ele>138.15</ele><time>2025-10-20T11:47:04.457Z</time></trkpt><trkpt lat="47.60863390" lon="19.14697110"><ele>138.15</ele><time>2025-10-20T11:47:04.656Z</time></trkpt><trkpt lat="47.60863390" lon="19.14697110"><ele>138.15</ele><time>2025-10-20T11:47:04.856Z</time></trkpt><trkpt lat="47.60863390" lon="19.14697110"><ele>138.15</ele><time>2025-10-20T11:47:05.057Z</time></trkpt><trkpt lat="47.60863390" lon="19.14697110"><ele>138.15</ele><time>2025-10-20T11:47:05.257Z</time></trkpt><trkpt lat="47.60863380" lon="19.14697120"><ele>138.15</ele><time>2025-10-20T11:47:05.458Z</time></trkpt><trkpt lat="47.60863380" lon="19.14697110"><ele>138.15</ele><time>2025-10-20T11:47:05.658Z</time></trkpt><trkpt lat="47.60863390" lon="19.14697110"><ele>138.15</ele><time>2025-10-20T11:47:05.859Z</time></trkpt><trkpt lat="47.60863390" lon="19.14697110"><ele>138.16</ele><time>2025-10-20T11:47:06.059Z</time></trkpt><trkpt lat="47.60863390" lon="19.14697110"><ele>138.17</ele><time>2025-10-20T11:47:06.261Z</time></trkpt><trkpt lat="47.60863390" lon="19.14697110"><ele>138.19</ele><time>2025-10-20T11:47:06.463Z</time></trkpt><trkpt lat="47.60863390" lon="19.14697110"><ele>138.19</ele><time>2025-10-20T11:47:06.663Z</time></trkpt><trkpt lat="47.60863390" lon="19.14697110"><ele>138.19</ele><time>2025-10-20T11:47:06.863Z</time></trkpt><trkpt lat="47.60863390" lon="19.14697110"><ele>138.18</ele><time>2025-10-20T11:47:07.064Z</time></trkpt><trkpt lat="47.60863390" lon="19.14697110"><ele>138.19</ele><time>2025-10-20T11:47:07.267Z</time></trkpt><trkpt lat="47.60863390" lon="19.14697110"><ele>138.19</ele><time>2025-10-20T11:47:07.470Z</time></trkpt><trkpt lat="47.60863390" lon="19.14697120"><ele>138.19</ele><time>2025-10-20T11:47:07.670Z</time></trkpt><trkpt lat="47.60863390" lon="19.14697130"><ele>138.19</ele><time>2025-10-20T11:47:07.870Z</time></trkpt><trkpt lat="47.60863390" lon="19.14697130"><ele>138.19</ele><time>2025-10-20T11:47:08.071Z</time></trkpt><trkpt lat="47.60863390" lon="19.14697130"><ele>138.20</ele><time>2025-10-20T11:47:08.273Z</time></trkpt><trkpt lat="47.60863380" lon="19.14697130"><ele>138.20</ele><time>2025-10-20T11:47:08.473Z</time></trkpt><trkpt lat="47.60863380" lon="19.14697130"><ele>138.20</ele><time>2025-10-20T11:47:08.674Z</time></trkpt><trkpt lat="47.60863380" lon="19.14697130"><ele>138.20</ele><time>2025-10-20T11:47:08.874Z</time></trkpt><trkpt lat="47.60863380" lon="19.14697120"><ele>138.19</ele><time>2025-10-20T11:47:09.074Z</time></trkpt><trkpt lat="47.60863380" lon="19.14697120"><ele>138.20</ele><time>2025-10-20T11:47:09.277Z</time></trkpt><trkpt lat="47.60863380" lon="19.14697120"><ele>138.20</ele><time>2025-10-20T11:47:09.478Z</time></trkpt><trkpt lat="47.60863380" lon="19.14697130"><ele>138.20</ele><time>2025-10-20T11:47:09.678Z</time></trkpt><trkpt lat="47.60863380" lon="19.14697130"><ele>138.19</ele><time>2025-10-20T11:47:09.878Z</time></trkpt><trkpt lat="47.60863380" lon="19.14697130"><ele>138.19</ele><time>2025-10-20T11:47:10.078Z</time></trkpt><trkpt lat="47.60863380" lon="19.14697130"><ele>138.19</ele><time>2025-10-20T11:47:10.279Z</time></trkpt><trkpt lat="47.60863380" lon="19.14697130"><ele>138.20</ele><time>2025-10-20T11:47:10.479Z</time></trkpt><trkpt lat="47.60863380" lon="19.14697130"><ele>138.20</ele><time>2025-10-20T11:47:10.679Z</time></trkpt><trkpt lat="47.60863380" lon="19.14697130"><ele>138.21</ele><time>2025-10-20T11:47:10.879Z</time></trkpt><trkpt lat="47.60863380" lon="19.14697130"><ele>138.21</ele><time>2025-10-20T11:47:11.079Z</time></trkpt><trkpt lat="47.60863370" lon="19.14697130"><ele>138.20</ele><time>2025-10-20T11:47:11.281Z</time></trkpt><trkpt lat="47.60863370" lon="19.14697130"><ele>138.20</ele><time>2025-10-20T11:47:11.483Z</time></trkpt><trkpt lat="47.60863370" lon="19.14697130"><ele>138.21</ele><time>2025-10-20T11:47:11.684Z</time></trkpt><trkpt lat="47.60863370" lon="19.14697130"><ele>138.21</ele><time>2025-10-20T11:47:11.885Z</time></trkpt><trkpt lat="47.60863370" lon="19.14697120"><ele>138.22</ele><time>2025-10-20T11:47:12.085Z</time></trkpt><trkpt lat="47.60863370" lon="19.14697120"><ele>138.22</ele><time>2025-10-20T11:47:12.288Z</time></trkpt><trkpt lat="47.60863370" lon="19.14697120"><ele>138.23</ele><time>2025-10-20T11:47:12.488Z</time></trkpt><trkpt lat="47.60863370" lon="19.14697120"><ele>138.23</ele><time>2025-10-20T11:47:12.689Z</time></trkpt><trkpt lat="47.60863370" lon="19.14697120"><ele>138.23</ele><time>2025-10-20T11:47:12.890Z</time></trkpt><trkpt lat="47.60863370" lon="19.14697120"><ele>138.23</ele><time>2025-10-20T11:47:13.090Z</time></trkpt><trkpt lat="47.60863370" lon="19.14697120"><ele>138.23</ele><time>2025-10-20T11:47:13.292Z</time></trkpt><trkpt lat="47.60863370" lon="19.14697120"><ele>138.24</ele><time>2025-10-20T11:47:13.492Z</time></trkpt><trkpt lat="47.60863370" lon="19.14697120"><ele>138.24</ele><time>2025-10-20T11:47:13.692Z</time></trkpt><trkpt lat="47.60863370" lon="19.14697120"><ele>138.23</ele><time>2025-10-20T11:47:13.892Z</time></trkpt><trkpt lat="47.60863380" lon="19.14697120"><ele>138.23</ele><time>2025-10-20T11:47:14.092Z</time></trkpt><trkpt lat="47.60863380" lon="19.14697120"><ele>138.23</ele><time>2025-10-20T11:47:14.294Z</time></trkpt><trkpt lat="47.60863370" lon="19.14697120"><ele>138.23</ele><time>2025-10-20T11:47:14.493Z</time></trkpt><trkpt lat="47.60863370" lon="19.14697120"><ele>138.24</ele><time>2025-10-20T11:47:14.693Z</time></trkpt><trkpt lat="47.60863370" lon="19.14697120"><ele>138.23</ele><time>2025-10-20T11:47:14.894Z</time></trkpt><trkpt lat="47.60863370" lon="19.14697110"><ele>138.23</ele><time>2025-10-20T11:47:15.095Z</time></trkpt><trkpt lat="47.60863370" lon="19.14697110"><ele>138.23</ele><time>2025-10-20T11:47:15.296Z</time></trkpt><trkpt lat="47.60863370" lon="19.14697110"><ele>138.23</ele><time>2025-10-20T11:47:15.497Z</time></trkpt><trkpt lat="47.60863370" lon="19.14697110"><ele>138.23</ele><time>2025-10-20T11:47:15.697Z</time></trkpt><trkpt lat="47.60863370" lon="19.14697110"><ele>138.23</ele><time>2025-10-20T11:47:15.897Z</time></trkpt><trkpt lat="47.60863370" lon="19.14697110"><ele>138.23</ele><time>2025-10-20T11:47:16.097Z</time></trkpt><trkpt lat="47.60863360" lon="19.14697110"><ele>138.24</ele><time>2025-10-20T11:47:16.298Z</time></trkpt><trkpt lat="47.60863360" lon="19.14697110"><ele>138.24</ele><time>2025-10-20T11:47:16.499Z</time></trkpt><trkpt lat="47.60863360" lon="19.14697100"><ele>138.24</ele><time>2025-10-20T11:47:16.699Z</time></trkpt><trkpt lat="47.60863360" lon="19.14697100"><ele>138.24</ele><time>2025-10-20T11:47:16.899Z</time></trkpt><trkpt lat="47.60863360" lon="19.14697100"><ele>138.25</ele><time>2025-10-20T11:47:17.099Z</time></trkpt><trkpt lat="47.60863360" lon="19.14697100"><ele>138.25</ele><time>2025-10-20T11:47:17.306Z</time></trkpt><trkpt lat="47.60863360" lon="19.14697100"><ele>138.25</ele><time>2025-10-20T11:47:17.509Z</time></trkpt><trkpt lat="47.60863350" lon="19.14697090"><ele>138.26</ele><time>2025-10-20T11:47:17.688Z</time></trkpt><trkpt lat="47.60863350" lon="19.14697090"><ele>138.26</ele><time>2025-10-20T11:47:17.891Z</time></trkpt><trkpt lat="47.60863350" lon="19.14697090"><ele>138.26</ele><time>2025-10-20T11:47:18.091Z</time></trkpt><trkpt lat="47.60863350" lon="19.14697090"><ele>138.25</ele><time>2025-10-20T11:47:18.292Z</time></trkpt><trkpt lat="47.60863350" lon="19.14697090"><ele>138.26</ele><time>2025-10-20T11:47:18.493Z</time></trkpt><trkpt lat="47.60863350" lon="19.14697090"><ele>138.26</ele><time>2025-10-20T11:47:18.693Z</time></trkpt><trkpt lat="47.60863350" lon="19.14697090"><ele>138.25</ele><time>2025-10-20T11:47:18.893Z</time></trkpt><trkpt lat="47.60863350" lon="19.14697090"><ele>138.25</ele><time>2025-10-20T11:47:19.093Z</time></trkpt><trkpt lat="47.60863350" lon="19.14697090"><ele>138.26</ele><time>2025-10-20T11:47:19.293Z</time></trkpt><trkpt lat="47.60863350" lon="19.14697090"><ele>138.26</ele><time>2025-10-20T11:47:19.497Z</time></trkpt><trkpt lat="47.60863350" lon="19.14697090"><ele>138.26</ele><time>2025-10-20T11:47:19.697Z</time></trkpt><trkpt lat="47.60863350" lon="19.14697090"><ele>138.27</ele><time>2025-10-20T11:47:19.897Z</time></trkpt><trkpt lat="47.60863350" lon="19.14697090"><ele>138.27</ele><time>2025-10-20T11:47:20.118Z</time></trkpt><trkpt lat="47.60863350" lon="19.14697090"><ele>138.27</ele><time>2025-10-20T11:47:20.299Z</time></trkpt><trkpt lat="47.60863350" lon="19.14697090"><ele>138.28</ele><time>2025-10-20T11:47:20.499Z</time></trkpt><trkpt lat="47.60863350" lon="19.14697080"><ele>138.28</ele><time>2025-10-20T11:47:20.700Z</time></trkpt><trkpt lat="47.60863360" lon="19.14697080"><ele>138.28</ele><time>2025-10-20T11:47:20.900Z</time></trkpt><trkpt lat="47.60863360" lon="19.14697090"><ele>138.28</ele><time>2025-10-20T11:47:21.101Z</time></trkpt><trkpt lat="47.60863360" lon="19.14697090"><ele>138.28</ele><time>2025-10-20T11:47:21.303Z</time></trkpt><trkpt lat="47.60863360" lon="19.14697090"><ele>138.28</ele><time>2025-10-20T11:47:21.503Z</time></trkpt><trkpt lat="47.60863360" lon="19.14697100"><ele>138.28</ele><time>2025-10-20T11:47:21.703Z</time></trkpt><trkpt lat="47.60863360" lon="19.14697100"><ele>138.28</ele><time>2025-10-20T11:47:21.903Z</time></trkpt><trkpt lat="47.60863360" lon="19.14697100"><ele>138.28</ele><time>2025-10-20T11:47:22.103Z</time></trkpt><trkpt lat="47.60863360" lon="19.14697100"><ele>138.28</ele><time>2025-10-20T11:47:22.306Z</time></trkpt><trkpt lat="47.60863350" lon="19.14697100"><ele>138.29</ele><time>2025-10-20T11:47:22.508Z</time></trkpt><trkpt lat="47.60863350" lon="19.14697100"><ele>138.29</ele><time>2025-10-20T11:47:22.708Z</time></trkpt><trkpt lat="47.60863340" lon="19.14697100"><ele>138.29</ele><time>2025-10-20T11:47:22.909Z</time></trkpt><trkpt lat="47.60863340" lon="19.14697100"><ele>138.30</ele><time>2025-10-20T11:47:23.109Z</time></trkpt><trkpt lat="47.60863340" lon="19.14697100"><ele>138.30</ele><time>2025-10-20T11:47:23.313Z</time></trkpt><trkpt lat="47.60863330" lon="19.14697090"><ele>138.31</ele><time>2025-10-20T11:47:23.513Z</time></trkpt><trkpt lat="47.60863340" lon="19.14697090"><ele>138.31</ele><time>2025-10-20T11:47:23.713Z</time></trkpt><trkpt lat="47.60863340" lon="19.14697080"><ele>138.32</ele><time>2025-10-20T11:47:23.914Z</time></trkpt><trkpt lat="47.60863340" lon="19.14697080"><ele>138.32</ele><time>2025-10-20T11:47:24.113Z</time></trkpt><trkpt lat="47.60863340" lon="19.14697080"><ele>138.32</ele><time>2025-10-20T11:47:24.317Z</time></trkpt><trkpt lat="47.60863340" lon="19.14697070"><ele>138.33</ele><time>2025-10-20T11:47:24.517Z</time></trkpt><trkpt lat="47.60863350" lon="19.14697070"><ele>138.32</ele><time>2025-10-20T11:47:24.718Z</time></trkpt><trkpt lat="47.60863350" lon="19.14697080"><ele>138.31</ele><time>2025-10-20T11:47:24.919Z</time></trkpt><trkpt lat="47.60863350" lon="19.14697070"><ele>138.32</ele><time>2025-10-20T11:47:25.120Z</time></trkpt><trkpt lat="47.60863350" lon="19.14697070"><ele>138.32</ele><time>2025-10-20T11:47:25.325Z</time></trkpt><trkpt lat="47.60863350" lon="19.14697070"><ele>138.33</ele><time>2025-10-20T11:47:25.527Z</time></trkpt><trkpt lat="47.60863350" lon="19.14697070"><ele>138.33</ele><time>2025-10-20T11:47:25.728Z</time></trkpt><trkpt lat="47.60863350" lon="19.14697070"><ele>138.33</ele><time>2025-10-20T11:47:25.929Z</time></trkpt><trkpt lat="47.60863350" lon="19.14697070"><ele>138.33</ele><time>2025-10-20T11:47:26.130Z</time></trkpt><trkpt lat="47.60863350" lon="19.14697070"><ele>138.33</ele><time>2025-10-20T11:47:26.331Z</time></trkpt><trkpt lat="47.60863350" lon="19.14697070"><ele>138.33</ele><time>2025-10-20T11:47:26.534Z</time></trkpt><trkpt lat="47.60863360" lon="19.14697080"><ele>138.31</ele><time>2025-10-20T11:47:26.735Z</time></trkpt><trkpt lat="47.60863360" lon="19.14697080"><ele>138.30</ele><time>2025-10-20T11:47:26.936Z</time></trkpt><trkpt lat="47.60863350" lon="19.14697080"><ele>138.30</ele><time>2025-10-20T11:47:27.137Z</time></trkpt><trkpt lat="47.60863350" lon="19.14697080"><ele>138.30</ele><time>2025-10-20T11:47:27.337Z</time></trkpt><trkpt lat="47.60863350" lon="19.14697080"><ele>138.30</ele><time>2025-10-20T11:47:27.540Z</time></trkpt><trkpt lat="47.60863350" lon="19.14697080"><ele>138.29</ele><time>2025-10-20T11:47:27.741Z</time></trkpt><trkpt lat="47.60863350" lon="19.14697080"><ele>138.29</ele><time>2025-10-20T11:47:27.942Z</time></trkpt><trkpt lat="47.60863350" lon="19.14697080"><ele>138.29</ele><time>2025-10-20T11:47:28.143Z</time></trkpt><trkpt lat="47.60863350" lon="19.14697080"><ele>138.29</ele><time>2025-10-20T11:47:28.343Z</time></trkpt><trkpt lat="47.60863350" lon="19.14697080"><ele>138.29</ele><time>2025-10-20T11:47:28.524Z</time></trkpt><trkpt lat="47.60863350" lon="19.14697080"><ele>138.29</ele><time>2025-10-20T11:47:28.725Z</time></trkpt><trkpt lat="47.60863350" lon="19.14697080"><ele>138.28</ele><time>2025-10-20T11:47:28.925Z</time></trkpt><trkpt lat="47.60863350" lon="19.14697080"><ele>138.27</ele><time>2025-10-20T11:47:29.125Z</time></trkpt><trkpt lat="47.60863350" lon="19.14697080"><ele>138.27</ele><time>2025-10-20T11:47:29.326Z</time></trkpt><trkpt lat="47.60863350" lon="19.14697080"><ele>138.27</ele><time>2025-10-20T11:47:29.528Z</time></trkpt></trkseg></trk></gpx>