<?xml version='1.0' encoding='utf-8'?>
<gpx version="1.1" creator="converttogpx.py" xmlns="http://www.topografix.com/GPX/1/1" xmlns:xsi="http://www.w3.org/2001/XMLSchema-instance" xsi:schemaLocation="http://www.topografix.com/GPX/1/1 http://www.topografix.com/GPX/1/1/gpx.xsd"><trk><name>drone65 20251020-001</name><trkseg><trkpt lat="47.60863140" lon="19.14694960"><ele>137.50</ele><time>2025-10-20T13:13:14.131Z</time></trkpt><trkpt lat="47.60863140" lon="19.14694960"><ele>137.50</ele><time>2025-10-20T13:13:14.335Z</time></trkpt><trkpt lat="47.60863140" lon="19.14694970"><ele>137.51</ele><time>2025-10-20T13:13:14.536Z</time></trkpt><trkpt lat="47.60863140" lon="19.14694960"><ele>137.52</ele><time>2025-10-20T13:13:14.736Z</time></trkpt><trkpt lat="47.60863140" lon="19.14694970"><ele>137.52</ele><time>2025-10-20T13:13:14.916Z</time></trkpt><trkpt lat="47.60863140" lon="19.14694970"><ele>137.52</ele><time>2025-10-20T13:13:15.116Z</time></trkpt><trkpt lat="47.60863140" lon="19.14694970"><ele>137.53</ele><time>2025-10-20T13:13:15.340Z</time></trkpt><trkpt lat="47.60863140" lon="19.14694970"><ele>137.53</ele><time>2025-10-20T13:13:15.541Z</time></trkpt><trkpt lat="47.60863140" lon="19.14694970"><ele>137.53</ele><time>2025-10-20T13:13:15.741Z</time></trkpt><trkpt lat="47.60863130" lon="19.14694980"><ele>137.54</ele><time>2025-10-20T13:13:15.942Z</time></trkpt><trkpt lat="47.60863130" lon="19.14694980"><ele>137.54</ele><time>2025-10-20T13:13:16.142Z</time></trkpt><trkpt lat="47.60863130" lon="19.14694990"><ele>137.54</ele><time>2025-10-20T13:13:16.330Z</time></trkpt><trkpt lat="47.60863120" lon="19.14694990"><ele>137.54</ele><time>2025-10-20T13:13:16.530Z</time></trkpt><trkpt lat="47.60863120" lon="19.14694980"><ele>137.54</ele><time>2025-10-20T13:13:16.746Z</time></trkpt><trkpt lat="47.60863110" lon="19.14694980"><ele>137.54</ele><time>2025-10-20T13:13:16.930Z</time></trkpt><trkpt lat="47.60863110" lon="19.14694980"><ele>137.54</ele><time>2025-10-20T13:13:17.110Z</time></trkpt><trkpt lat="47.60863100" lon="19.14694980"><ele>137.54</ele><time>2025-10-20T13:13:17.332Z</time></trkpt><trkpt lat="47.60863100" lon="19.14694980"><ele>137.53</ele><time>2025-10-20T13:13:17.531Z</time></trkpt><trkpt lat="47.60863100" lon="19.14694980"><ele>137.53</ele><time>2025-10-20T13:13:17.747Z</time></trkpt><trkpt lat="47.60863100" lon="19.14694980"><ele>137.53</ele><time>2025-10-20T13:13:17.931Z</time></trkpt><trkpt lat="47.60863100" lon="19.14694980"><ele>137.53</ele><time>2025-10-20T13:13:18.151Z</time></trkpt><trkpt lat="47.60863100" lon="19.14694980"><ele>137.53</ele><time>2025-10-20T13:13:18.352Z</time></trkpt><trkpt lat="47.60863100" lon="19.14694970"><ele>137.52</ele><time>2025-10-20T13:13:18.552Z</time></trkpt><trkpt lat="47.60863110" lon="19.14694970"><ele>137.51</ele><time>2025-10-20T13:13:18.752Z</time></trkpt><trkpt lat="47.60863110" lon="19.14694970"><ele>137.51</ele><time>2025-10-20T13:13:18.952Z</time></trkpt><trkpt lat="47.60863110" lon="19.14694970"><ele>137.50</ele><time>2025-10-20T13:13:19.152Z</time></trkpt><trkpt lat="47.60863110" lon="19.14694980"><ele>137.50</ele><time>2025-10-20T13:13:19.355Z</time></trkpt><trkpt lat="47.60863110" lon="19.14694960"><ele>137.56</ele><time>2025-10-20T13:13:19.555Z</time></trkpt><trkpt lat="47.60863140" lon="19.14694900"><ele>137.84</ele><time>2025-10-20T13:13:19.755Z</time></trkpt><trkpt lat="47.60863170" lon="19.14694800"><ele>138.25</ele><time>2025-10-20T13:13:19.956Z</time></trkpt><trkpt lat="47.60863190" lon="19.14694690"><ele>138.73</ele><time>2025-10-20T13:13:20.156Z</time></trkpt><trkpt lat="47.60863220" lon="19.14694580"><ele>139.26</ele><time>2025-10-20T13:13:20.358Z</time></trkpt><trkpt lat="47.60863240" lon="19.14694500"><ele>139.75</ele><time>2025-10-20T13:13:20.538Z</time></trkpt><trkpt lat="47.60863250" lon="19.14694450"><ele>140.29</ele><time>2025-10-20T13:13:20.759Z</time></trkpt><trkpt lat="47.60863260" lon="19.14694410"><ele>140.67</ele><time>2025-10-20T13:13:20.959Z</time></trkpt><trkpt lat="47.60863250" lon="19.14694380"><ele>141.07</ele><time>2025-10-20T13:13:21.160Z</time></trkpt><trkpt lat="47.60863240" lon="19.14694330"><ele>141.53</ele><time>2025-10-20T13:13:21.363Z</time></trkpt><trkpt lat="47.60863250" lon="19.14694270"><ele>142.00</ele><time>2025-10-20T13:13:21.564Z</time></trkpt><trkpt lat="47.60863250" lon="19.14694200"><ele>142.45</ele><time>2025-10-20T13:13:21.765Z</time></trkpt><trkpt lat="47.60863280" lon="19.14694140"><ele>142.91</ele><time>2025-10-20T13:13:21.967Z</time></trkpt><trkpt lat="47.60863310" lon="19.14694110"><ele>143.37</ele><time>2025-10-20T13:13:22.167Z</time></trkpt><trkpt lat="47.60863340" lon="19.14694080"><ele>143.81</ele><time>2025-10-20T13:13:22.370Z</time></trkpt><trkpt lat="47.60863370" lon="19.14694070"><ele>144.24</ele><time>2025-10-20T13:13:22.572Z</time></trkpt><trkpt lat="47.60863390" lon="19.14694050"><ele>144.64</ele><time>2025-10-20T13:13:22.754Z</time></trkpt><trkpt lat="47.60863420" lon="19.14694040"><ele>145.10</ele><time>2025-10-20T13:13:22.957Z</time></trkpt><trkpt lat="47.60863450" lon="19.14694030"><ele>145.55</ele><time>2025-10-20T13:13:23.158Z</time></trkpt><trkpt lat="47.60863490" lon="19.14694030"><ele>146.01</ele><time>2025-10-20T13:13:23.361Z</time></trkpt><trkpt lat="47.60863530" lon="19.14694040"><ele>146.45</ele><time>2025-10-20T13:13:23.566Z</time></trkpt><trkpt lat="47.60863570" lon="19.14694060"><ele>146.83</ele><time>2025-10-20T13:13:23.749Z</time></trkpt><trkpt lat="47.60863610" lon="19.14694090"><ele>147.28</ele><time>2025-10-20T13:13:23.969Z</time></trkpt><trkpt lat="47.60863630" lon="19.14694110"><ele>147.71</ele><time>2025-10-20T13:13:24.170Z</time></trkpt><trkpt lat="47.60863650" lon="19.14694140"><ele>148.17</ele><time>2025-10-20T13:13:24.372Z</time></trkpt><trkpt lat="47.60863660" lon="19.14694180"><ele>148.56</ele><time>2025-10-20T13:13:24.552Z</time></trkpt><trkpt lat="47.60863690" lon="19.14694220"><ele>148.99</ele><time>2025-10-20T13:13:24.753Z</time></trkpt><trkpt lat="47.60863730" lon="19.14694250"><ele>149.40</ele><time>2025-10-20T13:13:24.954Z</time></trkpt><trkpt lat="47.60863780" lon="19.14694280"><ele>149.81</ele><time>2025-10-20T13:13:25.154Z</time></trkpt><trkpt lat="47.60863830" lon="19.14694320"><ele>150.29</ele><time>2025-10-20T13:13:25.375Z</time></trkpt><trkpt lat="47.60863870" lon="19.14694350"><ele>150.60</ele><time>2025-10-20T13:13:25.518Z</time></trkpt><trkpt lat="47.60863900" lon="19.14694390"><ele>151.12</ele><time>2025-10-20T13:13:25.759Z</time></trkpt><trkpt lat="47.60863900" lon="19.14694420"><ele>151.55</ele><time>2025-10-20T13:13:25.958Z</time></trkpt><trkpt lat="47.60863900" lon="19.14694430"><ele>151.96</ele><time>2025-10-20T13:13:26.159Z</time></trkpt><trkpt lat="47.60863880" lon="19.14694420"><ele>152.41</ele><time>2025-10-20T13:13:26.362Z</time></trkpt><trkpt lat="47.60863850" lon="19.14694370"><ele>152.84</ele><time>2025-10-20T13:13:26.563Z</time></trkpt><trkpt lat="47.60863820" lon="19.14694310"><ele>153.27</ele><time>2025-10-20T13:13:26.763Z</time></trkpt><trkpt lat="47.60863790" lon="19.14694260"><ele>153.71</ele><time>2025-10-20T13:13:26.963Z</time></trkpt><trkpt lat="47.60863760" lon="19.14694220"><ele>154.15</ele><time>2025-10-20T13:13:27.164Z</time></trkpt><trkpt lat="47.60863720" lon="19.14694190"><ele>154.47</ele><time>2025-10-20T13:13:27.317Z</time></trkpt><trkpt lat="47.60863660" lon="19.14694150"><ele>154.98</ele><time>2025-10-20T13:13:27.557Z</time></trkpt><trkpt lat="47.60863610" lon="19.14694100"><ele>155.34</ele><time>2025-10-20T13:13:27.741Z</time></trkpt><trkpt lat="47.60863550" lon="19.14694050"><ele>155.77</ele><time>2025-10-20T13:13:27.962Z</time></trkpt><trkpt lat="47.60863510" lon="19.14694010"><ele>156.17</ele><time>2025-10-20T13:13:28.163Z</time></trkpt><trkpt lat="47.60863480" lon="19.14693990"><ele>156.58</ele><time>2025-10-20T13:13:28.366Z</time></trkpt><trkpt lat="47.60863460" lon="19.14694000"><ele>156.90</ele><time>2025-10-20T13:13:28.553Z</time></trkpt><trkpt lat="47.60863430" lon="19.14694020"><ele>157.18</ele><time>2025-10-20T13:13:28.753Z</time></trkpt><trkpt lat="47.60863380" lon="19.14694030"><ele>157.40</ele><time>2025-10-20T13:13:28.958Z</time></trkpt><trkpt lat="47.60863340" lon="19.14694010"><ele>157.55</ele><time>2025-10-20T13:13:29.117Z</time></trkpt><trkpt lat="47.60863270" lon="19.14693910"><ele>157.72</ele><time>2025-10-20T13:13:29.346Z</time></trkpt><trkpt lat="47.60863160" lon="19.14693700"><ele>157.79</ele><time>2025-10-20T13:13:29.567Z</time></trkpt><trkpt lat="47.60862990" lon="19.14693400"><ele>157.73</ele><time>2025-10-20T13:13:29.768Z</time></trkpt><trkpt lat="47.60862730" lon="19.14693020"><ele>157.65</ele><time>2025-10-20T13:13:29.969Z</time></trkpt><trkpt lat="47.60862380" lon="19.14692630"><ele>157.58</ele><time>2025-10-20T13:13:30.170Z</time></trkpt><trkpt lat="47.60862030" lon="19.14692310"><ele>157.51</ele><time>2025-10-20T13:13:30.360Z</time></trkpt><trkpt lat="47.60861690" lon="19.14692020"><ele>157.44</ele><time>2025-10-20T13:13:30.563Z</time></trkpt><trkpt lat="47.60861460" lon="19.14691780"><ele>157.38</ele><time>2025-10-20T13:13:30.764Z</time></trkpt><trkpt lat="47.60861340" lon="19.14691530"><ele>157.34</ele><time>2025-10-20T13:13:30.985Z</time></trkpt><trkpt lat="47.60861290" lon="19.14691300"><ele>157.33</ele><time>2025-10-20T13:13:31.166Z</time></trkpt><trkpt lat="47.60861250" lon="19.14691050"><ele>157.30</ele><time>2025-10-20T13:13:31.379Z</time></trkpt><trkpt lat="47.60861250" lon="19.14690860"><ele>157.26</ele><time>2025-10-20T13:13:31.580Z</time></trkpt><trkpt lat="47.60861280" lon="19.14690740"><ele>157.22</ele><time>2025-10-20T13:13:31.783Z</time></trkpt><trkpt lat="47.60861320" lon="19.14690700"><ele>157.18</ele><time>2025-10-20T13:13:31.984Z</time></trkpt><trkpt lat="47.60861370" lon="19.14690740"><ele>157.14</ele><time>2025-10-20T13:13:32.185Z</time></trkpt><trkpt lat="47.60861420" lon="19.14690810"><ele>157.06</ele><time>2025-10-20T13:13:32.366Z</time></trkpt><trkpt lat="47.60861490" lon="19.14690960"><ele>156.95</ele><time>2025-10-20T13:13:32.587Z</time></trkpt><trkpt lat="47.60861550" lon="19.14691150"><ele>156.89</ele><time>2025-10-20T13:13:32.788Z</time></trkpt><trkpt lat="47.60861550" lon="19.14691420"><ele>156.86</ele><time>2025-10-20T13:13:32.969Z</time></trkpt><trkpt lat="47.60861480" lon="19.14691880"><ele>156.83</ele><time>2025-10-20T13:13:33.170Z</time></trkpt><trkpt lat="47.60861290" lon="19.14692650"><ele>156.83</ele><time>2025-10-20T13:13:33.394Z</time></trkpt><trkpt lat="47.60861100" lon="19.14693530"><ele>156.85</ele><time>2025-10-20T13:13:33.594Z</time></trkpt><trkpt lat="47.60860910" lon="19.14694540"><ele>156.88</ele><time>2025-10-20T13:13:33.797Z</time></trkpt><trkpt lat="47.60860750" lon="19.14695680"><ele>156.90</ele><time>2025-10-20T13:13:33.998Z</time></trkpt><trkpt lat="47.60860650" lon="19.14696920"><ele>156.96</ele><time>2025-10-20T13:13:34.199Z</time></trkpt><trkpt lat="47.60860640" lon="19.14698100"><ele>157.04</ele><time>2025-10-20T13:13:34.403Z</time></trkpt><trkpt lat="47.60860740" lon="19.14699130"><ele>157.11</ele><time>2025-10-20T13:13:34.605Z</time></trkpt><trkpt lat="47.60860930" lon="19.14700030"><ele>157.11</ele><time>2025-10-20T13:13:34.808Z</time></trkpt><trkpt lat="47.60861190" lon="19.14700770"><ele>157.11</ele><time>2025-10-20T13:13:35.010Z</time></trkpt><trkpt lat="47.60861530" lon="19.14701340"><ele>157.13</ele><time>2025-10-20T13:13:35.193Z</time></trkpt><trkpt lat="47.60861970" lon="19.14701840"><ele>157.15</ele><time>2025-10-20T13:13:35.400Z</time></trkpt><trkpt lat="47.60862400" lon="19.14702150"><ele>157.18</ele><time>2025-10-20T13:13:35.583Z</time></trkpt><trkpt lat="47.60862960" lon="19.14702360"><ele>157.22</ele><time>2025-10-20T13:13:35.805Z</time></trkpt><trkpt lat="47.60863470" lon="19.14702410"><ele>157.25</ele><time>2025-10-20T13:13:36.006Z</time></trkpt><trkpt lat="47.60863900" lon="19.14702290"><ele>157.24</ele><time>2025-10-20T13:13:36.187Z</time></trkpt><trkpt lat="47.60864360" lon="19.14702000"><ele>157.23</ele><time>2025-10-20T13:13:36.397Z</time></trkpt><trkpt lat="47.60864760" lon="19.14701540"><ele>157.22</ele><time>2025-10-20T13:13:36.598Z</time></trkpt><trkpt lat="47.60865080" lon="19.14700980"><ele>157.20</ele><time>2025-10-20T13:13:36.778Z</time></trkpt><trkpt lat="47.60865400" lon="19.14700140"><ele>157.17</ele><time>2025-10-20T13:13:36.998Z</time></trkpt><trkpt lat="47.60865620" lon="19.14699330"><ele>157.15</ele><time>2025-10-20T13:13:37.198Z</time></trkpt><trkpt lat="47.60865780" lon="19.14698490"><ele>157.14</ele><time>2025-10-20T13:13:37.401Z</time></trkpt><trkpt lat="47.60865900" lon="19.14697640"><ele>157.14</ele><time>2025-10-20T13:13:37.602Z</time></trkpt><trkpt lat="47.60865970" lon="19.14696770"><ele>157.14</ele><time>2025-10-20T13:13:37.803Z</time></trkpt><trkpt lat="47.60865970" lon="19.14695960"><ele>157.15</ele><time>2025-10-20T13:13:38.004Z</time></trkpt><trkpt lat="47.60865920" lon="19.14695210"><ele>157.16</ele><time>2025-10-20T13:13:38.206Z</time></trkpt><trkpt lat="47.60865810" lon="19.14694500"><ele>157.16</ele><time>2025-10-20T13:13:38.413Z</time></trkpt><trkpt lat="47.60865650" lon="19.14693880"><ele>157.15</ele><time>2025-10-20T13:13:38.616Z</time></trkpt><trkpt lat="47.60865480" lon="19.14693410"><ele>157.14</ele><time>2025-10-20T13:13:38.797Z</time></trkpt><trkpt lat="47.60865180" lon="19.14692930"><ele>157.13</ele><time>2025-10-20T13:13:39.018Z</time></trkpt><trkpt lat="47.60864840" lon="19.14692610"><ele>157.11</ele><time>2025-10-20T13:13:39.218Z</time></trkpt><trkpt lat="47.60864510" lon="19.14692430"><ele>157.09</ele><time>2025-10-20T13:13:39.384Z</time></trkpt><trkpt lat="47.60864000" lon="19.14692340"><ele>157.07</ele><time>2025-10-20T13:13:39.608Z</time></trkpt><trkpt lat="47.60863570" lon="19.14692410"><ele>157.02</ele><time>2025-10-20T13:13:39.788Z</time></trkpt><trkpt lat="47.60863030" lon="19.14692630"><ele>156.96</ele><time>2025-10-20T13:13:40.011Z</time></trkpt><trkpt lat="47.60862620" lon="19.14692920"><ele>156.96</ele><time>2025-10-20T13:13:40.173Z</time></trkpt><trkpt lat="47.60862060" lon="19.14693410"><ele>156.99</ele><time>2025-10-20T13:13:40.399Z</time></trkpt><trkpt lat="47.60861530" lon="19.14693990"><ele>157.02</ele><time>2025-10-20T13:13:40.623Z</time></trkpt><trkpt lat="47.60861100" lon="19.14694570"><ele>157.01</ele><time>2025-10-20T13:13:40.826Z</time></trkpt><trkpt lat="47.60860710" lon="19.14695200"><ele>156.95</ele><time>2025-10-20T13:13:41.026Z</time></trkpt><trkpt lat="47.60860400" lon="19.14695930"><ele>156.95</ele><time>2025-10-20T13:13:41.227Z</time></trkpt><trkpt lat="47.60860180" lon="19.14696630"><ele>157.00</ele><time>2025-10-20T13:13:41.418Z</time></trkpt><trkpt lat="47.60860030" lon="19.14697360"><ele>157.05</ele><time>2025-10-20T13:13:41.619Z</time></trkpt><trkpt lat="47.60859970" lon="19.14698120"><ele>157.05</ele><time>2025-10-20T13:13:41.821Z</time></trkpt><trkpt lat="47.60860010" lon="19.14698930"><ele>157.03</ele><time>2025-10-20T13:13:42.023Z</time></trkpt><trkpt lat="47.60860160" lon="19.14699730"><ele>157.01</ele><time>2025-10-20T13:13:42.226Z</time></trkpt><trkpt lat="47.60860340" lon="19.14700370"><ele>156.97</ele><time>2025-10-20T13:13:42.413Z</time></trkpt><trkpt lat="47.60860690" lon="19.14701120"><ele>156.96</ele><time>2025-10-20T13:13:42.635Z</time></trkpt><trkpt lat="47.60861130" lon="19.14701730"><ele>156.98</ele><time>2025-10-20T13:13:42.838Z</time></trkpt><trkpt lat="47.60861600" lon="19.14702200"><ele>156.99</ele><time>2025-10-20T13:13:43.022Z</time></trkpt><trkpt lat="47.60862190" lon="19.14702590"><ele>157.02</ele><time>2025-10-20T13:13:43.226Z</time></trkpt><trkpt lat="47.60862800" lon="19.14702840"><ele>157.03</ele><time>2025-10-20T13:13:43.425Z</time></trkpt><trkpt lat="47.60863420" lon="19.14702940"><ele>157.08</ele><time>2025-10-20T13:13:43.626Z</time></trkpt><trkpt lat="47.60864000" lon="19.14702820"><ele>157.14</ele><time>2025-10-20T13:13:43.829Z</time></trkpt><trkpt lat="47.60864570" lon="19.14702510"><ele>157.19</ele><time>2025-10-20T13:13:44.030Z</time></trkpt><trkpt lat="47.60865090" lon="19.14702060"><ele>157.18</ele><time>2025-10-20T13:13:44.233Z</time></trkpt><trkpt lat="47.60865520" lon="19.14701570"><ele>157.16</ele><time>2025-10-20T13:13:44.416Z</time></trkpt><trkpt lat="47.60865960" lon="19.14700880"><ele>157.13</ele><time>2025-10-20T13:13:44.637Z</time></trkpt><trkpt lat="47.60866280" lon="19.14700200"><ele>157.09</ele><time>2025-10-20T13:13:44.838Z</time></trkpt><trkpt lat="47.60866530" lon="19.14699460"><ele>157.08</ele><time>2025-10-20T13:13:45.039Z</time></trkpt><trkpt lat="47.60866680" lon="19.14698650"><ele>157.10</ele><time>2025-10-20T13:13:45.241Z</time></trkpt><trkpt lat="47.60866740" lon="19.14697790"><ele>157.13</ele><time>2025-10-20T13:13:45.434Z</time></trkpt><trkpt lat="47.60866710" lon="19.14696900"><ele>157.19</ele><time>2025-10-20T13:13:45.634Z</time></trkpt><trkpt lat="47.60866600" lon="19.14696110"><ele>157.22</ele><time>2025-10-20T13:13:45.815Z</time></trkpt><trkpt lat="47.60866350" lon="19.14695200"><ele>157.24</ele><time>2025-10-20T13:13:46.036Z</time></trkpt><trkpt lat="47.60866020" lon="19.14694460"><ele>157.26</ele><time>2025-10-20T13:13:46.238Z</time></trkpt><trkpt lat="47.60865610" lon="19.14693820"><ele>157.27</ele><time>2025-10-20T13:13:46.442Z</time></trkpt><trkpt lat="47.60865130" lon="19.14693310"><ele>157.28</ele><time>2025-10-20T13:13:46.645Z</time></trkpt><trkpt lat="47.60864590" lon="19.14692970"><ele>157.29</ele><time>2025-10-20T13:13:46.847Z</time></trkpt><trkpt lat="47.60864070" lon="19.14692790"><ele>157.30</ele><time>2025-10-20T13:13:47.029Z</time></trkpt><trkpt lat="47.60863490" lon="19.14692720"><ele>157.30</ele><time>2025-10-20T13:13:47.235Z</time></trkpt><trkpt lat="47.60862950" lon="19.14692790"><ele>157.32</ele><time>2025-10-20T13:13:47.438Z</time></trkpt><trkpt lat="47.60862480" lon="19.14692870"><ele>157.35</ele><time>2025-10-20T13:13:47.639Z</time></trkpt><trkpt lat="47.60862070" lon="19.14692920"><ele>157.36</ele><time>2025-10-20T13:13:47.841Z</time></trkpt><trkpt lat="47.60861790" lon="19.14692870"><ele>157.39</ele><time>2025-10-20T13:13:48.042Z</time></trkpt><trkpt lat="47.60861550" lon="19.14692730"><ele>157.43</ele><time>2025-10-20T13:13:48.247Z</time></trkpt><trkpt lat="47.60861290" lon="19.14692550"><ele>157.46</ele><time>2025-10-20T13:13:48.450Z</time></trkpt><trkpt lat="47.60861030" lon="19.14692370"><ele>157.44</ele><time>2025-10-20T13:13:48.655Z</time></trkpt><trkpt lat="47.60860790" lon="19.14692230"><ele>157.37</ele><time>2025-10-20T13:13:48.855Z</time></trkpt><trkpt lat="47.60860570" lon="19.14692130"><ele>157.26</ele><time>2025-10-20T13:13:49.056Z</time></trkpt><trkpt lat="47.60860410" lon="19.14692060"><ele>157.24</ele><time>2025-10-20T13:13:49.239Z</time></trkpt><trkpt lat="47.60860260" lon="19.14691950"><ele>157.30</ele><time>2025-10-20T13:13:49.444Z</time></trkpt><trkpt lat="47.60860130" lon="19.14691810"><ele>157.37</ele><time>2025-10-20T13:13:49.625Z</time></trkpt><trkpt lat="47.60859960" lon="19.14691540"><ele>157.46</ele><time>2025-10-20T13:13:49.846Z</time></trkpt><trkpt lat="47.60859780" lon="19.14691220"><ele>157.48</ele><time>2025-10-20T13:13:50.049Z</time></trkpt><trkpt lat="47.60859600" lon="19.14690880"><ele>157.45</ele><time>2025-10-20T13:13:50.229Z</time></trkpt><trkpt lat="47.60859330" lon="19.14690360"><ele>157.41</ele><time>2025-10-20T13:13:50.453Z</time></trkpt><trkpt lat="47.60859000" lon="19.14689780"><ele>157.39</ele><time>2025-10-20T13:13:50.656Z</time></trkpt><trkpt lat="47.60858610" lon="19.14689120"><ele>157.39</ele><time>2025-10-20T13:13:50.856Z</time></trkpt><trkpt lat="47.60858220" lon="19.14688460"><ele>157.38</ele><time>2025-10-20T13:13:51.037Z</time></trkpt><trkpt lat="47.60857760" lon="19.14687630"><ele>157.31</ele><time>2025-10-20T13:13:51.243Z</time></trkpt><trkpt lat="47.60857340" lon="19.14686770"><ele>157.25</ele><time>2025-10-20T13:13:51.433Z</time></trkpt><trkpt lat="47.60856840" lon="19.14685690"><ele>157.21</ele><time>2025-10-20T13:13:51.654Z</time></trkpt><trkpt lat="47.60856390" lon="19.14684670"><ele>157.18</ele><time>2025-10-20T13:13:51.859Z</time></trkpt><trkpt lat="47.60855920" lon="19.14683560"><ele>157.17</ele><time>2025-10-20T13:13:52.062Z</time></trkpt><trkpt lat="47.60855450" lon="19.14682460"><ele>157.16</ele><time>2025-10-20T13:13:52.253Z</time></trkpt><trkpt lat="47.60854940" lon="19.14681260"><ele>157.16</ele><time>2025-10-20T13:13:52.457Z</time></trkpt><trkpt lat="47.60854420" lon="19.14680060"><ele>157.15</ele><time>2025-10-20T13:13:52.659Z</time></trkpt><trkpt lat="47.60853900" lon="19.14678850"><ele>157.14</ele><time>2025-10-20T13:13:52.861Z</time></trkpt><trkpt lat="47.60853350" lon="19.14677590"><ele>157.14</ele><time>2025-10-20T13:13:53.064Z</time></trkpt><trkpt lat="47.60852790" lon="19.14676310"><ele>157.15</ele><time>2025-10-20T13:13:53.269Z</time></trkpt><trkpt lat="47.60852290" lon="19.14675170"><ele>157.16</ele><time>2025-10-20T13:13:53.450Z</time></trkpt><trkpt lat="47.60851740" lon="19.14673930"><ele>157.17</ele><time>2025-10-20T13:13:53.651Z</time></trkpt><trkpt lat="47.60851140" lon="19.14672600"><ele>157.18</ele><time>2025-10-20T13:13:53.872Z</time></trkpt><trkpt lat="47.60850610" lon="19.14671420"><ele>157.19</ele><time>2025-10-20T13:13:54.072Z</time></trkpt><trkpt lat="47.60850110" lon="19.14670340"><ele>157.20</ele><time>2025-10-20T13:13:54.273Z</time></trkpt><trkpt lat="47.60849600" lon="19.14669240"><ele>157.20</ele><time>2025-10-20T13:13:54.476Z</time></trkpt><trkpt lat="47.60849080" lon="19.14668140"><ele>157.18</ele><time>2025-10-20T13:13:54.676Z</time></trkpt><trkpt lat="47.60848560" lon="19.14667020"><ele>157.17</ele><time>2025-10-20T13:13:54.877Z</time></trkpt><trkpt lat="47.60848030" lon="19.14665890"><ele>157.17</ele><time>2025-10-20T13:13:55.080Z</time></trkpt><trkpt lat="47.60847530" lon="19.14664820"><ele>157.19</ele><time>2025-10-20T13:13:55.281Z</time></trkpt><trkpt lat="47.60847090" lon="19.14663880"><ele>157.22</ele><time>2025-10-20T13:13:55.485Z</time></trkpt><trkpt lat="47.60846690" lon="19.14663080"><ele>157.24</ele><time>2025-10-20T13:13:55.687Z</time></trkpt><trkpt lat="47.60846350" lon="19.14662380"><ele>157.25</ele><time>2025-10-20T13:13:55.889Z</time></trkpt><trkpt lat="47.60846110" lon="19.14661920"><ele>157.25</ele><time>2025-10-20T13:13:56.070Z</time></trkpt><trkpt lat="47.60845930" lon="19.14661560"><ele>157.24</ele><time>2025-10-20T13:13:56.272Z</time></trkpt><trkpt lat="47.60845840" lon="19.14661360"><ele>157.24</ele><time>2025-10-20T13:13:56.475Z</time></trkpt><trkpt lat="47.60845830" lon="19.14661310"><ele>157.23</ele><time>2025-10-20T13:13:56.676Z</time></trkpt><trkpt lat="47.60845870" lon="19.14661370"><ele>157.23</ele><time>2025-10-20T13:13:56.877Z</time></trkpt><trkpt lat="47.60845950" lon="19.14661520"><ele>157.24</ele><time>2025-10-20T13:13:57.078Z</time></trkpt><trkpt lat="47.60846060" lon="19.14661740"><ele>157.24</ele><time>2025-10-20T13:13:57.283Z</time></trkpt><trkpt lat="47.60846190" lon="19.14662000"><ele>157.25</ele><time>2025-10-20T13:13:57.472Z</time></trkpt><trkpt lat="47.60846330" lon="19.14662300"><ele>157.25</ele><time>2025-10-20T13:13:57.673Z</time></trkpt><trkpt lat="47.60846490" lon="19.14662640"><ele>157.26</ele><time>2025-10-20T13:13:57.875Z</time></trkpt><trkpt lat="47.60846640" lon="19.14662980"><ele>157.26</ele><time>2025-10-20T13:13:58.076Z</time></trkpt><trkpt lat="47.60846790" lon="19.14663370"><ele>157.27</ele><time>2025-10-20T13:13:58.299Z</time></trkpt><trkpt lat="47.60846850" lon="19.14663750"><ele>157.27</ele><time>2025-10-20T13:13:58.480Z</time></trkpt><trkpt lat="47.60846800" lon="19.14664310"><ele>157.26</ele><time>2025-10-20T13:13:58.684Z</time></trkpt><trkpt lat="47.60846660" lon="19.14664870"><ele>157.24</ele><time>2025-10-20T13:13:58.844Z</time></trkpt><trkpt lat="47.60846300" lon="19.14665880"><ele>157.24</ele><time>2025-10-20T13:13:59.087Z</time></trkpt><trkpt lat="47.60845970" lon="19.14666610"><ele>157.25</ele><time>2025-10-20T13:13:59.249Z</time></trkpt><trkpt lat="47.60845390" lon="19.14667780"><ele>157.28</ele><time>2025-10-20T13:13:59.492Z</time></trkpt><trkpt lat="47.60844830" lon="19.14668850"><ele>157.28</ele><time>2025-10-20T13:13:59.696Z</time></trkpt><trkpt lat="47.60844290" lon="19.14669830"><ele>157.29</ele><time>2025-10-20T13:13:59.877Z</time></trkpt><trkpt lat="47.60843730" lon="19.14670840"><ele>157.29</ele><time>2025-10-20T13:14:00.057Z</time></trkpt><trkpt lat="47.60843150" lon="19.14671870"><ele>157.28</ele><time>2025-10-20T13:14:00.239Z</time></trkpt><trkpt lat="47.60842440" lon="19.14673140"><ele>157.27</ele><time>2025-10-20T13:14:00.464Z</time></trkpt><trkpt lat="47.60841860" lon="19.14674130"><ele>157.26</ele><time>2025-10-20T13:14:00.665Z</time></trkpt><trkpt lat="47.60841240" lon="19.14675210"><ele>157.24</ele><time>2025-10-20T13:14:00.866Z</time></trkpt><trkpt lat="47.60840660" lon="19.14676320"><ele>157.24</ele><time>2025-10-20T13:14:01.066Z</time></trkpt><trkpt lat="47.60840140" lon="19.14677380"><ele>157.24</ele><time>2025-10-20T13:14:01.250Z</time></trkpt><trkpt lat="47.60839540" lon="19.14678730"><ele>157.23</ele><time>2025-10-20T13:14:01.475Z</time></trkpt><trkpt lat="47.60839020" lon="19.14679940"><ele>157.24</ele><time>2025-10-20T13:14:01.678Z</time></trkpt><trkpt lat="47.60838570" lon="19.14681000"><ele>157.27</ele><time>2025-10-20T13:14:01.879Z</time></trkpt><trkpt lat="47.60838100" lon="19.14682120"><ele>157.26</ele><time>2025-10-20T13:14:02.081Z</time></trkpt><trkpt lat="47.60837710" lon="19.14683120"><ele>157.25</ele><time>2025-10-20T13:14:02.261Z</time></trkpt><trkpt lat="47.60837300" lon="19.14684270"><ele>157.28</ele><time>2025-10-20T13:14:02.467Z</time></trkpt><trkpt lat="47.60836930" lon="19.14685370"><ele>157.32</ele><time>2025-10-20T13:14:02.670Z</time></trkpt><trkpt lat="47.60836570" lon="19.14686560"><ele>157.33</ele><time>2025-10-20T13:14:02.891Z</time></trkpt><trkpt lat="47.60836270" lon="19.14687640"><ele>157.34</ele><time>2025-10-20T13:14:03.094Z</time></trkpt><trkpt lat="47.60836030" lon="19.14688670"><ele>157.36</ele><time>2025-10-20T13:14:03.285Z</time></trkpt><trkpt lat="47.60835830" lon="19.14689660"><ele>157.38</ele><time>2025-10-20T13:14:03.486Z</time></trkpt><trkpt lat="47.60835640" lon="19.14690740"><ele>157.39</ele><time>2025-10-20T13:14:03.687Z</time></trkpt><trkpt lat="47.60835510" lon="19.14691820"><ele>157.40</ele><time>2025-10-20T13:14:03.887Z</time></trkpt><trkpt lat="47.60835420" lon="19.14692890"><ele>157.42</ele><time>2025-10-20T13:14:04.090Z</time></trkpt><trkpt lat="47.60835380" lon="19.14693850"><ele>157.44</ele><time>2025-10-20T13:14:04.272Z</time></trkpt><trkpt lat="47.60835350" lon="19.14694970"><ele>157.44</ele><time>2025-10-20T13:14:04.495Z</time></trkpt><trkpt lat="47.60835350" lon="19.14695860"><ele>157.44</ele><time>2025-10-20T13:14:04.674Z</time></trkpt><trkpt lat="47.60835400" lon="19.14697050"><ele>157.45</ele><time>2025-10-20T13:14:04.895Z</time></trkpt><trkpt lat="47.60835490" lon="19.14698050"><ele>157.46</ele><time>2025-10-20T13:14:05.077Z</time></trkpt><trkpt lat="47.60835620" lon="19.14699210"><ele>157.47</ele><time>2025-10-20T13:14:05.288Z</time></trkpt><trkpt lat="47.60835760" lon="19.14700290"><ele>157.48</ele><time>2025-10-20T13:14:05.484Z</time></trkpt><trkpt lat="47.60835930" lon="19.14701400"><ele>157.48</ele><time>2025-10-20T13:14:05.685Z</time></trkpt><trkpt lat="47.60836100" lon="19.14702470"><ele>157.50</ele><time>2025-10-20T13:14:05.886Z</time></trkpt><trkpt lat="47.60836300" lon="19.14703600"><ele>157.51</ele><time>2025-10-20T13:14:06.088Z</time></trkpt><trkpt lat="47.60836520" lon="19.14704760"><ele>157.51</ele><time>2025-10-20T13:14:06.289Z</time></trkpt><trkpt lat="47.60836750" lon="19.14705910"><ele>157.51</ele><time>2025-10-20T13:14:06.491Z</time></trkpt><trkpt lat="47.60836990" lon="19.14707050"><ele>157.52</ele><time>2025-10-20T13:14:06.691Z</time></trkpt><trkpt lat="47.60837230" lon="19.14708180"><ele>157.51</ele><time>2025-10-20T13:14:06.891Z</time></trkpt><trkpt lat="47.60837480" lon="19.14709280"><ele>157.51</ele><time>2025-10-20T13:14:07.092Z</time></trkpt><trkpt lat="47.60837710" lon="19.14710260"><ele>157.52</ele><time>2025-10-20T13:14:07.275Z</time></trkpt><trkpt lat="47.60838020" lon="19.14711520"><ele>157.52</ele><time>2025-10-20T13:14:07.495Z</time></trkpt><trkpt lat="47.60838310" lon="19.14712570"><ele>157.51</ele><time>2025-10-20T13:14:07.676Z</time></trkpt><trkpt lat="47.60838700" lon="19.14713870"><ele>157.51</ele><time>2025-10-20T13:14:07.900Z</time></trkpt><trkpt lat="47.60839020" lon="19.14714900"><ele>157.52</ele><time>2025-10-20T13:14:08.081Z</time></trkpt><trkpt lat="47.60839380" lon="19.14716030"><ele>157.53</ele><time>2025-10-20T13:14:08.282Z</time></trkpt><trkpt lat="47.60839710" lon="19.14717060"><ele>157.53</ele><time>2025-10-20T13:14:08.489Z</time></trkpt><trkpt lat="47.60839980" lon="19.14717880"><ele>157.52</ele><time>2025-10-20T13:14:08.649Z</time></trkpt><trkpt lat="47.60840410" lon="19.14719130"><ele>157.52</ele><time>2025-10-20T13:14:08.891Z</time></trkpt><trkpt lat="47.60840790" lon="19.14720130"><ele>157.54</ele><time>2025-10-20T13:14:09.093Z</time></trkpt><trkpt lat="47.60841130" lon="19.14720940"><ele>157.54</ele><time>2025-10-20T13:14:09.267Z</time></trkpt><trkpt lat="47.60841590" lon="19.14721920"><ele>157.54</ele><time>2025-10-20T13:14:09.492Z</time></trkpt><trkpt lat="47.60841990" lon="19.14722710"><ele>157.53</ele><time>2025-10-20T13:14:09.694Z</time></trkpt><trkpt lat="47.60842380" lon="19.14723410"><ele>157.52</ele><time>2025-10-20T13:14:09.875Z</time></trkpt><trkpt lat="47.60842800" lon="19.14724120"><ele>157.52</ele><time>2025-10-20T13:14:10.057Z</time></trkpt><trkpt lat="47.60843340" lon="19.14724970"><ele>157.51</ele><time>2025-10-20T13:14:10.280Z</time></trkpt><trkpt lat="47.60843910" lon="19.14725820"><ele>157.51</ele><time>2025-10-20T13:14:10.507Z</time></trkpt><trkpt lat="47.60844380" lon="19.14726490"><ele>157.50</ele><time>2025-10-20T13:14:10.689Z</time></trkpt><trkpt lat="47.60844920" lon="19.14727210"><ele>157.50</ele><time>2025-10-20T13:14:10.890Z</time></trkpt><trkpt lat="47.60845470" lon="19.14727910"><ele>157.51</ele><time>2025-10-20T13:14:11.092Z</time></trkpt><trkpt lat="47.60846060" lon="19.14728630"><ele>157.51</ele><time>2025-10-20T13:14:11.300Z</time></trkpt><trkpt lat="47.60846660" lon="19.14729310"><ele>157.52</ele><time>2025-10-20T13:14:11.506Z</time></trkpt><trkpt lat="47.60847300" lon="19.14729990"><ele>157.53</ele><time>2025-10-20T13:14:11.709Z</time></trkpt><trkpt lat="47.60847950" lon="19.14730650"><ele>157.54</ele><time>2025-10-20T13:14:11.909Z</time></trkpt><trkpt lat="47.60848620" lon="19.14731290"><ele>157.56</ele><time>2025-10-20T13:14:12.112Z</time></trkpt><trkpt lat="47.60849180" lon="19.14731790"><ele>157.56</ele><time>2025-10-20T13:14:12.293Z</time></trkpt><trkpt lat="47.60849770" lon="19.14732300"><ele>157.56</ele><time>2025-10-20T13:14:12.475Z</time></trkpt><trkpt lat="47.60850490" lon="19.14732900"><ele>157.55</ele><time>2025-10-20T13:14:12.696Z</time></trkpt><trkpt lat="47.60851190" lon="19.14733450"><ele>157.55</ele><time>2025-10-20T13:14:12.897Z</time></trkpt><trkpt lat="47.60851930" lon="19.14733980"><ele>157.56</ele><time>2025-10-20T13:14:13.097Z</time></trkpt><trkpt lat="47.60852730" lon="19.14734510"><ele>157.58</ele><time>2025-10-20T13:14:13.311Z</time></trkpt><trkpt lat="47.60853480" lon="19.14734980"><ele>157.59</ele><time>2025-10-20T13:14:13.512Z</time></trkpt><trkpt lat="47.60854200" lon="19.14735400"><ele>157.60</ele><time>2025-10-20T13:14:13.714Z</time></trkpt><trkpt lat="47.60854910" lon="19.14735770"><ele>157.62</ele><time>2025-10-20T13:14:13.914Z</time></trkpt><trkpt lat="47.60855660" lon="19.14736110"><ele>157.64</ele><time>2025-10-20T13:14:14.114Z</time></trkpt><trkpt lat="47.60856370" lon="19.14736410"><ele>157.65</ele><time>2025-10-20T13:14:14.302Z</time></trkpt><trkpt lat="47.60857120" lon="19.14736700"><ele>157.65</ele><time>2025-10-20T13:14:14.504Z</time></trkpt><trkpt lat="47.60857920" lon="19.14736960"><ele>157.66</ele><time>2025-10-20T13:14:14.725Z</time></trkpt><trkpt lat="47.60858590" lon="19.14737160"><ele>157.66</ele><time>2025-10-20T13:14:14.906Z</time></trkpt><trkpt lat="47.60859330" lon="19.14737350"><ele>157.67</ele><time>2025-10-20T13:14:15.107Z</time></trkpt><trkpt lat="47.60860060" lon="19.14737510"><ele>157.68</ele><time>2025-10-20T13:14:15.310Z</time></trkpt><trkpt lat="47.60860810" lon="19.14737650"><ele>157.69</ele><time>2025-10-20T13:14:15.511Z</time></trkpt><trkpt lat="47.60861570" lon="19.14737740"><ele>157.70</ele><time>2025-10-20T13:14:15.711Z</time></trkpt><trkpt lat="47.60862330" lon="19.14737810"><ele>157.70</ele><time>2025-10-20T13:14:15.912Z</time></trkpt><trkpt lat="47.60863080" lon="19.14737840"><ele>157.70</ele><time>2025-10-20T13:14:16.113Z</time></trkpt><trkpt lat="47.60863800" lon="19.14737820"><ele>157.70</ele><time>2025-10-20T13:14:16.313Z</time></trkpt><trkpt lat="47.60864510" lon="19.14737760"><ele>157.71</ele><time>2025-10-20T13:14:16.514Z</time></trkpt><trkpt lat="47.60865210" lon="19.14737680"><ele>157.72</ele><time>2025-10-20T13:14:16.715Z</time></trkpt><trkpt lat="47.60865940" lon="19.14737560"><ele>157.73</ele><time>2025-10-20T13:14:16.916Z</time></trkpt><trkpt lat="47.60866710" lon="19.14737410"><ele>157.73</ele><time>2025-10-20T13:14:17.117Z</time></trkpt><trkpt lat="47.60867500" lon="19.14737210"><ele>157.73</ele><time>2025-10-20T13:14:17.321Z</time></trkpt><trkpt lat="47.60868210" lon="19.14737010"><ele>157.73</ele><time>2025-10-20T13:14:17.502Z</time></trkpt><trkpt lat="47.60868980" lon="19.14736760"><ele>157.74</ele><time>2025-10-20T13:14:17.702Z</time></trkpt><trkpt lat="47.60869570" lon="19.14736550"><ele>157.75</ele><time>2025-10-20T13:14:17.863Z</time></trkpt><trkpt lat="47.60870430" lon="19.14736210"><ele>157.76</ele><time>2025-10-20T13:14:18.084Z</time></trkpt><trkpt lat="47.60871330" lon="19.14735820"><ele>157.76</ele><time>2025-10-20T13:14:18.318Z</time></trkpt><trkpt lat="47.60872030" lon="19.14735500"><ele>157.77</ele><time>2025-10-20T13:14:18.501Z</time></trkpt><trkpt lat="47.60872780" lon="19.14735110"><ele>157.77</ele><time>2025-10-20T13:14:18.702Z</time></trkpt><trkpt lat="47.60873450" lon="19.14734750"><ele>157.78</ele><time>2025-10-20T13:14:18.883Z</time></trkpt><trkpt lat="47.60874260" lon="19.14734280"><ele>157.79</ele><time>2025-10-20T13:14:19.106Z</time></trkpt><trkpt lat="47.60874980" lon="19.14733820"><ele>157.80</ele><time>2025-10-20T13:14:19.309Z</time></trkpt><trkpt lat="47.60875610" lon="19.14733390"><ele>157.79</ele><time>2025-10-20T13:14:19.495Z</time></trkpt><trkpt lat="47.60876390" lon="19.14732820"><ele>157.78</ele><time>2025-10-20T13:14:19.717Z</time></trkpt><trkpt lat="47.60876990" lon="19.14732330"><ele>157.78</ele><time>2025-10-20T13:14:19.898Z</time></trkpt><trkpt lat="47.60877730" lon="19.14731700"><ele>157.79</ele><time>2025-10-20T13:14:20.122Z</time></trkpt><trkpt lat="47.60878350" lon="19.14731150"><ele>157.78</ele><time>2025-10-20T13:14:20.311Z</time></trkpt><trkpt lat="47.60878910" lon="19.14730640"><ele>157.78</ele><time>2025-10-20T13:14:20.492Z</time></trkpt><trkpt lat="47.60879500" lon="19.14730110"><ele>157.78</ele><time>2025-10-20T13:14:20.693Z</time></trkpt><trkpt lat="47.60880130" lon="19.14729550"><ele>157.79</ele><time>2025-10-20T13:14:20.895Z</time></trkpt><trkpt lat="47.60880810" lon="19.14728880"><ele>157.80</ele><time>2025-10-20T13:14:21.119Z</time></trkpt><trkpt lat="47.60881410" lon="19.14728270"><ele>157.80</ele><time>2025-10-20T13:14:21.311Z</time></trkpt><trkpt lat="47.60882090" lon="19.14727520"><ele>157.80</ele><time>2025-10-20T13:14:21.531Z</time></trkpt><trkpt lat="47.60882690" lon="19.14726800"><ele>157.79</ele><time>2025-10-20T13:14:21.732Z</time></trkpt><trkpt lat="47.60883180" lon="19.14726150"><ele>157.79</ele><time>2025-10-20T13:14:21.912Z</time></trkpt><trkpt lat="47.60883700" lon="19.14725370"><ele>157.78</ele><time>2025-10-20T13:14:22.112Z</time></trkpt><trkpt lat="47.60884210" lon="19.14724540"><ele>157.77</ele><time>2025-10-20T13:14:22.316Z</time></trkpt><trkpt lat="47.60884670" lon="19.14723750"><ele>157.74</ele><time>2025-10-20T13:14:22.504Z</time></trkpt><trkpt lat="47.60885130" lon="19.14722860"><ele>157.73</ele><time>2025-10-20T13:14:22.707Z</time></trkpt><trkpt lat="47.60885620" lon="19.14721840"><ele>157.74</ele><time>2025-10-20T13:14:22.930Z</time></trkpt><trkpt lat="47.60886040" lon="19.14720870"><ele>157.73</ele><time>2025-10-20T13:14:23.131Z</time></trkpt><trkpt lat="47.60886420" lon="19.14719940"><ele>157.73</ele><time>2025-10-20T13:14:23.325Z</time></trkpt><trkpt lat="47.60886810" lon="19.14718910"><ele>157.73</ele><time>2025-10-20T13:14:23.534Z</time></trkpt><trkpt lat="47.60887170" lon="19.14717880"><ele>157.72</ele><time>2025-10-20T13:14:23.737Z</time></trkpt><trkpt lat="47.60887510" lon="19.14716850"><ele>157.71</ele><time>2025-10-20T13:14:23.937Z</time></trkpt><trkpt lat="47.60887800" lon="19.14715910"><ele>157.70</ele><time>2025-10-20T13:14:24.118Z</time></trkpt><trkpt lat="47.60888100" lon="19.14714860"><ele>157.70</ele><time>2025-10-20T13:14:24.319Z</time></trkpt><trkpt lat="47.60888400" lon="19.14713700"><ele>157.70</ele><time>2025-10-20T13:14:24.541Z</time></trkpt><trkpt lat="47.60888670" lon="19.14712630"><ele>157.71</ele><time>2025-10-20T13:14:24.741Z</time></trkpt><trkpt lat="47.60888930" lon="19.14711560"><ele>157.71</ele><time>2025-10-20T13:14:24.942Z</time></trkpt><trkpt lat="47.60889170" lon="19.14710510"><ele>157.71</ele><time>2025-10-20T13:14:25.143Z</time></trkpt><trkpt lat="47.60889380" lon="19.14709500"><ele>157.71</ele><time>2025-10-20T13:14:25.327Z</time></trkpt><trkpt lat="47.60889630" lon="19.14708280"><ele>157.71</ele><time>2025-10-20T13:14:25.547Z</time></trkpt><trkpt lat="47.60889820" lon="19.14707290"><ele>157.71</ele><time>2025-10-20T13:14:25.727Z</time></trkpt><trkpt lat="47.60890020" lon="19.14706130"><ele>157.71</ele><time>2025-10-20T13:14:25.948Z</time></trkpt><trkpt lat="47.60890180" lon="19.14705170"><ele>157.71</ele><time>2025-10-20T13:14:26.129Z</time></trkpt><trkpt lat="47.60890340" lon="19.14704070"><ele>157.70</ele><time>2025-10-20T13:14:26.332Z</time></trkpt><trkpt lat="47.60890480" lon="19.14702960"><ele>157.70</ele><time>2025-10-20T13:14:26.532Z</time></trkpt><trkpt lat="47.60890590" lon="19.14701850"><ele>157.70</ele><time>2025-10-20T13:14:26.733Z</time></trkpt><trkpt lat="47.60890680" lon="19.14700730"><ele>157.68</ele><time>2025-10-20T13:14:26.935Z</time></trkpt><trkpt lat="47.60890750" lon="19.14699600"><ele>157.67</ele><time>2025-10-20T13:14:27.136Z</time></trkpt><trkpt lat="47.60890780" lon="19.14698520"><ele>157.67</ele><time>2025-10-20T13:14:27.346Z</time></trkpt><trkpt lat="47.60890790" lon="19.14697390"><ele>157.66</ele><time>2025-10-20T13:14:27.551Z</time></trkpt><trkpt lat="47.60890780" lon="19.14696490"><ele>157.66</ele><time>2025-10-20T13:14:27.711Z</time></trkpt><trkpt lat="47.60890740" lon="19.14695230"><ele>157.66</ele><time>2025-10-20T13:14:27.933Z</time></trkpt><trkpt lat="47.60890670" lon="19.14693980"><ele>157.66</ele><time>2025-10-20T13:14:28.154Z</time></trkpt><trkpt lat="47.60890590" lon="19.14692780"><ele>157.65</ele><time>2025-10-20T13:14:28.359Z</time></trkpt><trkpt lat="47.60890500" lon="19.14691650"><ele>157.64</ele><time>2025-10-20T13:14:28.560Z</time></trkpt><trkpt lat="47.60890400" lon="19.14690540"><ele>157.62</ele><time>2025-10-20T13:14:28.763Z</time></trkpt><trkpt lat="47.60890260" lon="19.14689370"><ele>157.61</ele><time>2025-10-20T13:14:28.966Z</time></trkpt><trkpt lat="47.60890100" lon="19.14688330"><ele>157.61</ele><time>2025-10-20T13:14:29.147Z</time></trkpt><trkpt lat="47.60889900" lon="19.14687140"><ele>157.63</ele><time>2025-10-20T13:14:29.353Z</time></trkpt><trkpt lat="47.60889710" lon="19.14686130"><ele>157.66</ele><time>2025-10-20T13:14:29.534Z</time></trkpt><trkpt lat="47.60889490" lon="19.14685010"><ele>157.68</ele><time>2025-10-20T13:14:29.734Z</time></trkpt><trkpt lat="47.60889290" lon="19.14683900"><ele>157.70</ele><time>2025-10-20T13:14:29.934Z</time></trkpt><trkpt lat="47.60889070" lon="19.14682700"><ele>157.71</ele><time>2025-10-20T13:14:30.156Z</time></trkpt><trkpt lat="47.60888880" lon="19.14681670"><ele>157.72</ele><time>2025-10-20T13:14:30.341Z</time></trkpt><trkpt lat="47.60888640" lon="19.14680410"><ele>157.72</ele><time>2025-10-20T13:14:30.562Z</time></trkpt><trkpt lat="47.60888420" lon="19.14679390"><ele>157.70</ele><time>2025-10-20T13:14:30.742Z</time></trkpt><trkpt lat="47.60888170" lon="19.14678290"><ele>157.69</ele><time>2025-10-20T13:14:30.943Z</time></trkpt><trkpt lat="47.60887920" lon="19.14677330"><ele>157.68</ele><time>2025-10-20T13:14:31.124Z</time></trkpt><trkpt lat="47.60887560" lon="19.14676190"><ele>157.67</ele><time>2025-10-20T13:14:31.354Z</time></trkpt><trkpt lat="47.60887210" lon="19.14675170"><ele>157.66</ele><time>2025-10-20T13:14:31.558Z</time></trkpt><trkpt lat="47.60886830" lon="19.14674170"><ele>157.67</ele><time>2025-10-20T13:14:31.759Z</time></trkpt><trkpt lat="47.60886410" lon="19.14673160"><ele>157.68</ele><time>2025-10-20T13:14:31.959Z</time></trkpt><trkpt lat="47.60885950" lon="19.14672170"><ele>157.69</ele><time>2025-10-20T13:14:32.160Z</time></trkpt><trkpt lat="47.60885510" lon="19.14671260"><ele>157.70</ele><time>2025-10-20T13:14:32.352Z</time></trkpt><trkpt lat="47.60885080" lon="19.14670420"><ele>157.72</ele><time>2025-10-20T13:14:32.553Z</time></trkpt><trkpt lat="47.60884650" lon="19.14669670"><ele>157.72</ele><time>2025-10-20T13:14:32.734Z</time></trkpt><trkpt lat="47.60884080" lon="19.14668750"><ele>157.72</ele><time>2025-10-20T13:14:32.958Z</time></trkpt><trkpt lat="47.60883530" lon="19.14667930"><ele>157.73</ele><time>2025-10-20T13:14:33.159Z</time></trkpt><trkpt lat="47.60882960" lon="19.14667150"><ele>157.72</ele><time>2025-10-20T13:14:33.355Z</time></trkpt><trkpt lat="47.60882360" lon="19.14666380"><ele>157.71</ele><time>2025-10-20T13:14:33.556Z</time></trkpt><trkpt lat="47.60881750" lon="19.14665650"><ele>157.71</ele><time>2025-10-20T13:14:33.757Z</time></trkpt><trkpt lat="47.60881160" lon="19.14664990"><ele>157.72</ele><time>2025-10-20T13:14:33.957Z</time></trkpt><trkpt lat="47.60880600" lon="19.14664410"><ele>157.72</ele><time>2025-10-20T13:14:34.138Z</time></trkpt><trkpt lat="47.60879900" lon="19.14663730"><ele>157.71</ele><time>2025-10-20T13:14:34.347Z</time></trkpt><trkpt lat="47.60879210" lon="19.14663110"><ele>157.69</ele><time>2025-10-20T13:14:34.548Z</time></trkpt><trkpt lat="47.60878500" lon="19.14662540"><ele>157.67</ele><time>2025-10-20T13:14:34.748Z</time></trkpt><trkpt lat="47.60877790" lon="19.14662010"><ele>157.66</ele><time>2025-10-20T13:14:34.950Z</time></trkpt><trkpt lat="47.60877070" lon="19.14661510"><ele>157.64</ele><time>2025-10-20T13:14:35.151Z</time></trkpt><trkpt lat="47.60876340" lon="19.14661050"><ele>157.63</ele><time>2025-10-20T13:14:35.366Z</time></trkpt><trkpt lat="47.60875620" lon="19.14660630"><ele>157.62</ele><time>2025-10-20T13:14:35.569Z</time></trkpt><trkpt lat="47.60874930" lon="19.14660260"><ele>157.60</ele><time>2025-10-20T13:14:35.770Z</time></trkpt><trkpt lat="47.60874400" lon="19.14659990"><ele>157.59</ele><time>2025-10-20T13:14:35.911Z</time></trkpt><trkpt lat="47.60873560" lon="19.14659590"><ele>157.59</ele><time>2025-10-20T13:14:36.133Z</time></trkpt><trkpt lat="47.60872780" lon="19.14659240"><ele>157.60</ele><time>2025-10-20T13:14:36.335Z</time></trkpt><trkpt lat="47.60872000" lon="19.14658910"><ele>157.61</ele><time>2025-10-20T13:14:36.535Z</time></trkpt><trkpt lat="47.60871160" lon="19.14658570"><ele>157.61</ele><time>2025-10-20T13:14:36.756Z</time></trkpt><trkpt lat="47.60870420" lon="19.14658310"><ele>157.61</ele><time>2025-10-20T13:14:36.957Z</time></trkpt><trkpt lat="47.60869880" lon="19.14658130"><ele>157.60</ele><time>2025-10-20T13:14:37.098Z</time></trkpt><trkpt lat="47.60868780" lon="19.14657790"><ele>157.61</ele><time>2025-10-20T13:14:37.380Z</time></trkpt><trkpt lat="47.60868060" lon="19.14657590"><ele>157.61</ele><time>2025-10-20T13:14:37.561Z</time></trkpt><trkpt lat="47.60867340" lon="19.14657390"><ele>157.61</ele><time>2025-10-20T13:14:37.743Z</time></trkpt><trkpt lat="47.60866500" lon="19.14657160"><ele>157.62</ele><time>2025-10-20T13:14:37.965Z</time></trkpt><trkpt lat="47.60865730" lon="19.14656960"><ele>157.63</ele><time>2025-10-20T13:14:38.166Z</time></trkpt><trkpt lat="47.60864950" lon="19.14656780"><ele>157.63</ele><time>2025-10-20T13:14:38.366Z</time></trkpt><trkpt lat="47.60864130" lon="19.14656630"><ele>157.64</ele><time>2025-10-20T13:14:38.566Z</time></trkpt><trkpt lat="47.60863300" lon="19.14656530"><ele>157.66</ele><time>2025-10-20T13:14:38.770Z</time></trkpt><trkpt lat="47.60862480" lon="19.14656480"><ele>157.68</ele><time>2025-10-20T13:14:38.970Z</time></trkpt><trkpt lat="47.60861680" lon="19.14656470"><ele>157.69</ele><time>2025-10-20T13:14:39.170Z</time></trkpt><trkpt lat="47.60860970" lon="19.14656520"><ele>157.68</ele><time>2025-10-20T13:14:39.377Z</time></trkpt><trkpt lat="47.60860200" lon="19.14656610"><ele>157.69</ele><time>2025-10-20T13:14:39.578Z</time></trkpt><trkpt lat="47.60859410" lon="19.14656730"><ele>157.71</ele><time>2025-10-20T13:14:39.780Z</time></trkpt><trkpt lat="47.60858630" lon="19.14656880"><ele>157.71</ele><time>2025-10-20T13:14:39.983Z</time></trkpt><trkpt lat="47.60857920" lon="19.14657040"><ele>157.71</ele><time>2025-10-20T13:14:40.164Z</time></trkpt><trkpt lat="47.60857040" lon="19.14657280"><ele>157.70</ele><time>2025-10-20T13:14:40.389Z</time></trkpt><trkpt lat="47.60856270" lon="19.14657530"><ele>157.70</ele><time>2025-10-20T13:14:40.590Z</time></trkpt><trkpt lat="47.60855630" lon="19.14657760"><ele>157.70</ele><time>2025-10-20T13:14:40.772Z</time></trkpt><trkpt lat="47.60854880" lon="19.14658070"><ele>157.70</ele><time>2025-10-20T13:14:40.974Z</time></trkpt><trkpt lat="47.60854130" lon="19.14658390"><ele>157.69</ele><time>2025-10-20T13:14:41.176Z</time></trkpt><trkpt lat="47.60853390" lon="19.14658750"><ele>157.70</ele><time>2025-10-20T13:14:41.376Z</time></trkpt><trkpt lat="47.60852680" lon="19.14659120"><ele>157.69</ele><time>2025-10-20T13:14:41.578Z</time></trkpt><trkpt lat="47.60851960" lon="19.14659520"><ele>157.68</ele><time>2025-10-20T13:14:41.778Z</time></trkpt><trkpt lat="47.60851250" lon="19.14659950"><ele>157.68</ele><time>2025-10-20T13:14:41.981Z</time></trkpt><trkpt lat="47.60850670" lon="19.14660330"><ele>157.69</ele><time>2025-10-20T13:14:42.161Z</time></trkpt><trkpt lat="47.60849950" lon="19.14660830"><ele>157.71</ele><time>2025-10-20T13:14:42.385Z</time></trkpt><trkpt lat="47.60849320" lon="19.14661290"><ele>157.71</ele><time>2025-10-20T13:14:42.566Z</time></trkpt><trkpt lat="47.60848620" lon="19.14661840"><ele>157.71</ele><time>2025-10-20T13:14:42.767Z</time></trkpt><trkpt lat="47.60847910" lon="19.14662450"><ele>157.71</ele><time>2025-10-20T13:14:42.971Z</time></trkpt><trkpt lat="47.60847160" lon="19.14663170"><ele>157.71</ele><time>2025-10-20T13:14:43.192Z</time></trkpt><trkpt lat="47.60846500" lon="19.14663880"><ele>157.70</ele><time>2025-10-20T13:14:43.396Z</time></trkpt><trkpt lat="47.60845920" lon="19.14664550"><ele>157.70</ele><time>2025-10-20T13:14:43.576Z</time></trkpt><trkpt lat="47.60845230" lon="19.14665420"><ele>157.68</ele><time>2025-10-20T13:14:43.800Z</time></trkpt><trkpt lat="47.60844610" lon="19.14666250"><ele>157.69</ele><time>2025-10-20T13:14:44.003Z</time></trkpt><trkpt lat="47.60844020" lon="19.14667120"><ele>157.69</ele><time>2025-10-20T13:14:44.204Z</time></trkpt><trkpt lat="47.60843370" lon="19.14668150"><ele>157.70</ele><time>2025-10-20T13:14:44.430Z</time></trkpt><trkpt lat="47.60842870" lon="19.14668990"><ele>157.69</ele><time>2025-10-20T13:14:44.612Z</time></trkpt><trkpt lat="47.60842350" lon="19.14669920"><ele>157.69</ele><time>2025-10-20T13:14:44.813Z</time></trkpt><trkpt lat="47.60841860" lon="19.14670860"><ele>157.71</ele><time>2025-10-20T13:14:45.015Z</time></trkpt><trkpt lat="47.60841370" lon="19.14671830"><ele>157.72</ele><time>2025-10-20T13:14:45.215Z</time></trkpt><trkpt lat="47.60840860" lon="19.14672900"><ele>157.70</ele><time>2025-10-20T13:14:45.437Z</time></trkpt><trkpt lat="47.60840460" lon="19.14673810"><ele>157.68</ele><time>2025-10-20T13:14:45.617Z</time></trkpt><trkpt lat="47.60840030" lon="19.14674800"><ele>157.66</ele><time>2025-10-20T13:14:45.817Z</time></trkpt><trkpt lat="47.60839580" lon="19.14675840"><ele>157.65</ele><time>2025-10-20T13:14:46.038Z</time></trkpt><trkpt lat="47.60839220" lon="19.14676720"><ele>157.63</ele><time>2025-10-20T13:14:46.223Z</time></trkpt><trkpt lat="47.60838890" lon="19.14677570"><ele>157.63</ele><time>2025-10-20T13:14:46.405Z</time></trkpt><trkpt lat="47.60838510" lon="19.14678610"><ele>157.66</ele><time>2025-10-20T13:14:46.608Z</time></trkpt><trkpt lat="47.60838140" lon="19.14679780"><ele>157.66</ele><time>2025-10-20T13:14:46.830Z</time></trkpt><trkpt lat="47.60837840" lon="19.14680760"><ele>157.65</ele><time>2025-10-20T13:14:47.013Z</time></trkpt><trkpt lat="47.60837530" lon="19.14681910"><ele>157.63</ele><time>2025-10-20T13:14:47.222Z</time></trkpt><trkpt lat="47.60837240" lon="19.14683050"><ele>157.62</ele><time>2025-10-20T13:14:47.430Z</time></trkpt><trkpt lat="47.60836980" lon="19.14684120"><ele>157.63</ele><time>2025-10-20T13:14:47.633Z</time></trkpt><trkpt lat="47.60836750" lon="19.14685170"><ele>157.62</ele><time>2025-10-20T13:14:47.834Z</time></trkpt><trkpt lat="47.60836520" lon="19.14686280"><ele>157.59</ele><time>2025-10-20T13:14:48.035Z</time></trkpt><trkpt lat="47.60836320" lon="19.14687430"><ele>157.58</ele><time>2025-10-20T13:14:48.239Z</time></trkpt><trkpt lat="47.60836150" lon="19.14688640"><ele>157.58</ele><time>2025-10-20T13:14:48.446Z</time></trkpt><trkpt lat="47.60836000" lon="19.14689840"><ele>157.59</ele><time>2025-10-20T13:14:48.648Z</time></trkpt><trkpt lat="47.60835880" lon="19.14691030"><ele>157.61</ele><time>2025-10-20T13:14:48.849Z</time></trkpt><trkpt lat="47.60835780" lon="19.14692210"><ele>157.61</ele><time>2025-10-20T13:14:49.050Z</time></trkpt><trkpt lat="47.60835690" lon="19.14693370"><ele>157.62</ele><time>2025-10-20T13:14:49.253Z</time></trkpt><trkpt lat="47.60835630" lon="19.14694660"><ele>157.63</ele><time>2025-10-20T13:14:49.474Z</time></trkpt><trkpt lat="47.60835590" lon="19.14695690"><ele>157.65</ele><time>2025-10-20T13:14:49.654Z</time></trkpt><trkpt lat="47.60835560" lon="19.14696840"><ele>157.67</ele><time>2025-10-20T13:14:49.854Z</time></trkpt><trkpt lat="47.60835560" lon="19.14697960"><ele>157.68</ele><time>2025-10-20T13:14:50.055Z</time></trkpt><trkpt lat="47.60835590" lon="19.14699090"><ele>157.70</ele><time>2025-10-20T13:14:50.256Z</time></trkpt><trkpt lat="47.60835640" lon="19.14700130"><ele>157.71</ele><time>2025-10-20T13:14:50.441Z</time></trkpt><trkpt lat="47.60835710" lon="19.14701350"><ele>157.72</ele><time>2025-10-20T13:14:50.662Z</time></trkpt><trkpt lat="47.60835800" lon="19.14702470"><ele>157.73</ele><time>2025-10-20T13:14:50.864Z</time></trkpt><trkpt lat="47.60835910" lon="19.14703510"><ele>157.76</ele><time>2025-10-20T13:14:51.065Z</time></trkpt><trkpt lat="47.60836050" lon="19.14704620"><ele>157.78</ele><time>2025-10-20T13:14:51.269Z</time></trkpt><trkpt lat="47.60836200" lon="19.14705700"><ele>157.80</ele><time>2025-10-20T13:14:51.471Z</time></trkpt><trkpt lat="47.60836370" lon="19.14706700"><ele>157.82</ele><time>2025-10-20T13:14:51.673Z</time></trkpt><trkpt lat="47.60836560" lon="19.14707720"><ele>157.85</ele><time>2025-10-20T13:14:51.874Z</time></trkpt><trkpt lat="47.60836780" lon="19.14708730"><ele>157.86</ele><time>2025-10-20T13:14:52.075Z</time></trkpt><trkpt lat="47.60837020" lon="19.14709770"><ele>157.88</ele><time>2025-10-20T13:14:52.277Z</time></trkpt><trkpt lat="47.60837270" lon="19.14710730"><ele>157.90</ele><time>2025-10-20T13:14:52.459Z</time></trkpt><trkpt lat="47.60837620" lon="19.14711880"><ele>157.91</ele><time>2025-10-20T13:14:52.679Z</time></trkpt><trkpt lat="47.60837970" lon="19.14712910"><ele>157.91</ele><time>2025-10-20T13:14:52.880Z</time></trkpt><trkpt lat="47.60838330" lon="19.14713880"><ele>157.89</ele><time>2025-10-20T13:14:53.080Z</time></trkpt><trkpt lat="47.60838730" lon="19.14714880"><ele>157.88</ele><time>2025-10-20T13:14:53.282Z</time></trkpt><trkpt lat="47.60839150" lon="19.14715890"><ele>157.87</ele><time>2025-10-20T13:14:53.482Z</time></trkpt><trkpt lat="47.60839600" lon="19.14716920"><ele>157.86</ele><time>2025-10-20T13:14:53.684Z</time></trkpt><trkpt lat="47.60840070" lon="19.14717930"><ele>157.85</ele><time>2025-10-20T13:14:53.887Z</time></trkpt><trkpt lat="47.60840510" lon="19.14718850"><ele>157.84</ele><time>2025-10-20T13:14:54.070Z</time></trkpt><trkpt lat="47.60841020" lon="19.14719840"><ele>157.83</ele><time>2025-10-20T13:14:54.278Z</time></trkpt><trkpt lat="47.60841520" lon="19.14720780"><ele>157.83</ele><time>2025-10-20T13:14:54.486Z</time></trkpt><trkpt lat="47.60842030" lon="19.14721700"><ele>157.83</ele><time>2025-10-20T13:14:54.688Z</time></trkpt><trkpt lat="47.60842560" lon="19.14722620"><ele>157.85</ele><time>2025-10-20T13:14:54.889Z</time></trkpt><trkpt lat="47.60843100" lon="19.14723510"><ele>157.86</ele><time>2025-10-20T13:14:55.089Z</time></trkpt><trkpt lat="47.60843670" lon="19.14724430"><ele>157.87</ele><time>2025-10-20T13:14:55.302Z</time></trkpt><trkpt lat="47.60844100" lon="19.14725100"><ele>157.88</ele><time>2025-10-20T13:14:55.463Z</time></trkpt><trkpt lat="47.60844740" lon="19.14726060"><ele>157.87</ele><time>2025-10-20T13:14:55.704Z</time></trkpt><trkpt lat="47.60845270" lon="19.14726810"><ele>157.88</ele><time>2025-10-20T13:14:55.906Z</time></trkpt><trkpt lat="47.60845820" lon="19.14727550"><ele>157.89</ele><time>2025-10-20T13:14:56.107Z</time></trkpt><trkpt lat="47.60846360" lon="19.14728270"><ele>157.87</ele><time>2025-10-20T13:14:56.309Z</time></trkpt><trkpt lat="47.60846890" lon="19.14728940"><ele>157.86</ele><time>2025-10-20T13:14:56.491Z</time></trkpt><trkpt lat="47.60847430" lon="19.14729590"><ele>157.86</ele><time>2025-10-20T13:14:56.672Z</time></trkpt><trkpt lat="47.60847990" lon="19.14730220"><ele>157.86</ele><time>2025-10-20T13:14:56.853Z</time></trkpt><trkpt lat="47.60848740" lon="19.14731020"><ele>157.85</ele><time>2025-10-20T13:14:57.095Z</time></trkpt><trkpt lat="47.60849290" lon="19.14731570"><ele>157.86</ele><time>2025-10-20T13:14:57.278Z</time></trkpt><trkpt lat="47.60849930" lon="19.14732160"><ele>157.86</ele><time>2025-10-20T13:14:57.481Z</time></trkpt><trkpt lat="47.60850610" lon="19.14732740"><ele>157.85</ele><time>2025-10-20T13:14:57.683Z</time></trkpt><trkpt lat="47.60851300" lon="19.14733280"><ele>157.85</ele><time>2025-10-20T13:14:57.885Z</time></trkpt><trkpt lat="47.60852060" lon="19.14733830"><ele>157.83</ele><time>2025-10-20T13:14:58.107Z</time></trkpt><trkpt lat="47.60852710" lon="19.14734270"><ele>157.83</ele><time>2025-10-20T13:14:58.290Z</time></trkpt><trkpt lat="47.60853480" lon="19.14734750"><ele>157.81</ele><time>2025-10-20T13:14:58.512Z</time></trkpt><trkpt lat="47.60854120" lon="19.14735120"><ele>157.81</ele><time>2025-10-20T13:14:58.695Z</time></trkpt><trkpt lat="47.60854870" lon="19.14735510"><ele>157.80</ele><time>2025-10-20T13:14:58.920Z</time></trkpt><trkpt lat="47.60855490" lon="19.14735800"><ele>157.80</ele><time>2025-10-20T13:14:59.101Z</time></trkpt><trkpt lat="47.60856190" lon="19.14736110"><ele>157.80</ele><time>2025-10-20T13:14:59.285Z</time></trkpt><trkpt lat="47.60857040" lon="19.14736440"><ele>157.78</ele><time>2025-10-20T13:14:59.507Z</time></trkpt><trkpt lat="47.60857820" lon="19.14736710"><ele>157.76</ele><time>2025-10-20T13:14:59.710Z</time></trkpt><trkpt lat="47.60858580" lon="19.14736930"><ele>157.75</ele><time>2025-10-20T13:14:59.912Z</time></trkpt><trkpt lat="47.60859340" lon="19.14737130"><ele>157.74</ele><time>2025-10-20T13:15:00.113Z</time></trkpt><trkpt lat="47.60860110" lon="19.14737300"><ele>157.73</ele><time>2025-10-20T13:15:00.318Z</time></trkpt><trkpt lat="47.60860870" lon="19.14737430"><ele>157.73</ele><time>2025-10-20T13:15:00.520Z</time></trkpt><trkpt lat="47.60861480" lon="19.14737510"><ele>157.72</ele><time>2025-10-20T13:15:00.681Z</time></trkpt><trkpt lat="47.60862240" lon="19.14737590"><ele>157.71</ele><time>2025-10-20T13:15:00.885Z</time></trkpt><trkpt lat="47.60863000" lon="19.14737640"><ele>157.70</ele><time>2025-10-20T13:15:01.087Z</time></trkpt><trkpt lat="47.60863870" lon="19.14737660"><ele>157.70</ele><time>2025-10-20T13:15:01.322Z</time></trkpt><trkpt lat="47.60864570" lon="19.14737650"><ele>157.69</ele><time>2025-10-20T13:15:01.523Z</time></trkpt><trkpt lat="47.60865290" lon="19.14737600"><ele>157.70</ele><time>2025-10-20T13:15:01.724Z</time></trkpt><trkpt lat="47.60866050" lon="19.14737520"><ele>157.70</ele><time>2025-10-20T13:15:01.925Z</time></trkpt><trkpt lat="47.60866720" lon="19.14737420"><ele>157.70</ele><time>2025-10-20T13:15:02.107Z</time></trkpt><trkpt lat="47.60867520" lon="19.14737260"><ele>157.70</ele><time>2025-10-20T13:15:02.316Z</time></trkpt><trkpt lat="47.60868290" lon="19.14737070"><ele>157.69</ele><time>2025-10-20T13:15:02.520Z</time></trkpt><trkpt lat="47.60869050" lon="19.14736840"><ele>157.69</ele><time>2025-10-20T13:15:02.724Z</time></trkpt><trkpt lat="47.60869790" lon="19.14736590"><ele>157.68</ele><time>2025-10-20T13:15:02.925Z</time></trkpt><trkpt lat="47.60870520" lon="19.14736300"><ele>157.69</ele><time>2025-10-20T13:15:03.127Z</time></trkpt><trkpt lat="47.60871220" lon="19.14735980"><ele>157.68</ele><time>2025-10-20T13:15:03.319Z</time></trkpt><trkpt lat="47.60871960" lon="19.14735610"><ele>157.68</ele><time>2025-10-20T13:15:03.519Z</time></trkpt><trkpt lat="47.60872700" lon="19.14735210"><ele>157.68</ele><time>2025-10-20T13:15:03.720Z</time></trkpt><trkpt lat="47.60873430" lon="19.14734780"><ele>157.68</ele><time>2025-10-20T13:15:03.922Z</time></trkpt><trkpt lat="47.60874020" lon="19.14734420"><ele>157.68</ele><time>2025-10-20T13:15:04.082Z</time></trkpt><trkpt lat="47.60874880" lon="19.14733840"><ele>157.69</ele><time>2025-10-20T13:15:04.325Z</time></trkpt><trkpt lat="47.60875530" lon="19.14733380"><ele>157.70</ele><time>2025-10-20T13:15:04.526Z</time></trkpt><trkpt lat="47.60876210" lon="19.14732850"><ele>157.70</ele><time>2025-10-20T13:15:04.728Z</time></trkpt><trkpt lat="47.60876910" lon="19.14732280"><ele>157.70</ele><time>2025-10-20T13:15:04.929Z</time></trkpt><trkpt lat="47.60877530" lon="19.14731740"><ele>157.70</ele><time>2025-10-20T13:15:05.109Z</time></trkpt><trkpt lat="47.60878160" lon="19.14731160"><ele>157.71</ele><time>2025-10-20T13:15:05.294Z</time></trkpt><trkpt lat="47.60878850" lon="19.14730510"><ele>157.72</ele><time>2025-10-20T13:15:05.497Z</time></trkpt><trkpt lat="47.60879570" lon="19.14729770"><ele>157.73</ele><time>2025-10-20T13:15:05.720Z</time></trkpt><trkpt lat="47.60880150" lon="19.14729150"><ele>157.73</ele><time>2025-10-20T13:15:05.900Z</time></trkpt><trkpt lat="47.60880850" lon="19.14728360"><ele>157.73</ele><time>2025-10-20T13:15:06.123Z</time></trkpt><trkpt lat="47.60881420" lon="19.14727670"><ele>157.73</ele><time>2025-10-20T13:15:06.309Z</time></trkpt><trkpt lat="47.60882030" lon="19.14726880"><ele>157.73</ele><time>2025-10-20T13:15:06.511Z</time></trkpt><trkpt lat="47.60882620" lon="19.14726080"><ele>157.74</ele><time>2025-10-20T13:15:06.711Z</time></trkpt><trkpt lat="47.60883140" lon="19.14725340"><ele>157.74</ele><time>2025-10-20T13:15:06.892Z</time></trkpt><trkpt lat="47.60883800" lon="19.14724320"><ele>157.74</ele><time>2025-10-20T13:15:07.133Z</time></trkpt><trkpt lat="47.60884260" lon="19.14723560"><ele>157.74</ele><time>2025-10-20T13:15:07.315Z</time></trkpt><trkpt lat="47.60884750" lon="19.14722700"><ele>157.75</ele><time>2025-10-20T13:15:07.515Z</time></trkpt><trkpt lat="47.60885280" lon="19.14721710"><ele>157.76</ele><time>2025-10-20T13:15:07.735Z</time></trkpt><trkpt lat="47.60885700" lon="19.14720880"><ele>157.76</ele><time>2025-10-20T13:15:07.916Z</time></trkpt><trkpt lat="47.60886150" lon="19.14719960"><ele>157.77</ele><time>2025-10-20T13:15:08.117Z</time></trkpt><trkpt lat="47.60886590" lon="19.14719010"><ele>157.77</ele><time>2025-10-20T13:15:08.318Z</time></trkpt><trkpt lat="47.60886980" lon="19.14718110"><ele>157.77</ele><time>2025-10-20T13:15:08.520Z</time></trkpt><trkpt lat="47.60887370" lon="19.14717170"><ele>157.77</ele><time>2025-10-20T13:15:08.721Z</time></trkpt><trkpt lat="47.60887770" lon="19.14716110"><ele>157.77</ele><time>2025-10-20T13:15:08.942Z</time></trkpt><trkpt lat="47.60888090" lon="19.14715240"><ele>157.78</ele><time>2025-10-20T13:15:09.122Z</time></trkpt><trkpt lat="47.60888440" lon="19.14714240"><ele>157.79</ele><time>2025-10-20T13:15:09.328Z</time></trkpt><trkpt lat="47.60888760" lon="19.14713240"><ele>157.79</ele><time>2025-10-20T13:15:09.530Z</time></trkpt><trkpt lat="47.60889050" lon="19.14712210"><ele>157.80</ele><time>2025-10-20T13:15:09.734Z</time></trkpt><trkpt lat="47.60889320" lon="19.14711200"><ele>157.81</ele><time>2025-10-20T13:15:09.936Z</time></trkpt><trkpt lat="47.60889540" lon="19.14710290"><ele>157.81</ele><time>2025-10-20T13:15:10.118Z</time></trkpt><trkpt lat="47.60889800" lon="19.14709110"><ele>157.82</ele><time>2025-10-20T13:15:10.347Z</time></trkpt><trkpt lat="47.60890000" lon="19.14708030"><ele>157.82</ele><time>2025-10-20T13:15:10.550Z</time></trkpt><trkpt lat="47.60890190" lon="19.14706930"><ele>157.82</ele><time>2025-10-20T13:15:10.751Z</time></trkpt><trkpt lat="47.60890350" lon="19.14705820"><ele>157.82</ele><time>2025-10-20T13:15:10.953Z</time></trkpt><trkpt lat="47.60890480" lon="19.14704820"><ele>157.82</ele><time>2025-10-20T13:15:11.136Z</time></trkpt><trkpt lat="47.60890600" lon="19.14703650"><ele>157.82</ele><time>2025-10-20T13:15:11.354Z</time></trkpt><trkpt lat="47.60890680" lon="19.14702770"><ele>157.82</ele><time>2025-10-20T13:15:11.518Z</time></trkpt><trkpt lat="47.60890760" lon="19.14701540"><ele>157.83</ele><time>2025-10-20T13:15:11.739Z</time></trkpt><trkpt lat="47.60890810" lon="19.14700390"><ele>157.84</ele><time>2025-10-20T13:15:11.941Z</time></trkpt><trkpt lat="47.60890860" lon="19.14699230"><ele>157.84</ele><time>2025-10-20T13:15:12.142Z</time></trkpt><trkpt lat="47.60890880" lon="19.14698000"><ele>157.83</ele><time>2025-10-20T13:15:12.352Z</time></trkpt><trkpt lat="47.60890870" lon="19.14696840"><ele>157.84</ele><time>2025-10-20T13:15:12.554Z</time></trkpt><trkpt lat="47.60890840" lon="19.14695720"><ele>157.85</ele><time>2025-10-20T13:15:12.756Z</time></trkpt><trkpt lat="47.60890800" lon="19.14694680"><ele>157.85</ele><time>2025-10-20T13:15:12.960Z</time></trkpt><trkpt lat="47.60890730" lon="19.14693530"><ele>157.86</ele><time>2025-10-20T13:15:13.161Z</time></trkpt><trkpt lat="47.60890630" lon="19.14692350"><ele>157.86</ele><time>2025-10-20T13:15:13.365Z</time></trkpt><trkpt lat="47.60890510" lon="19.14691190"><ele>157.85</ele><time>2025-10-20T13:15:13.566Z</time></trkpt><trkpt lat="47.60890390" lon="19.14690160"><ele>157.83</ele><time>2025-10-20T13:15:13.747Z</time></trkpt><trkpt lat="47.60890210" lon="19.14688900"><ele>157.81</ele><time>2025-10-20T13:15:13.970Z</time></trkpt><trkpt lat="47.60890030" lon="19.14687810"><ele>157.80</ele><time>2025-10-20T13:15:14.171Z</time></trkpt><trkpt lat="47.60889840" lon="19.14686670"><ele>157.81</ele><time>2025-10-20T13:15:14.372Z</time></trkpt><trkpt lat="47.60889620" lon="19.14685530"><ele>157.80</ele><time>2025-10-20T13:15:14.573Z</time></trkpt><trkpt lat="47.60889390" lon="19.14684370"><ele>157.79</ele><time>2025-10-20T13:15:14.775Z</time></trkpt><trkpt lat="47.60889140" lon="19.14683240"><ele>157.79</ele><time>2025-10-20T13:15:14.977Z</time></trkpt><trkpt lat="47.60888890" lon="19.14682110"><ele>157.78</ele><time>2025-10-20T13:15:15.177Z</time></trkpt><trkpt lat="47.60888610" lon="19.14680940"><ele>157.76</ele><time>2025-10-20T13:15:15.391Z</time></trkpt><trkpt lat="47.60888360" lon="19.14679990"><ele>157.77</ele><time>2025-10-20T13:15:15.572Z</time></trkpt><trkpt lat="47.60888100" lon="19.14679060"><ele>157.76</ele><time>2025-10-20T13:15:15.772Z</time></trkpt><trkpt lat="47.60887780" lon="19.14678050"><ele>157.73</ele><time>2025-10-20T13:15:15.974Z</time></trkpt><trkpt lat="47.60887400" lon="19.14677010"><ele>157.72</ele><time>2025-10-20T13:15:16.182Z</time></trkpt><trkpt lat="47.60887010" lon="19.14676070"><ele>157.71</ele><time>2025-10-20T13:15:16.379Z</time></trkpt><trkpt lat="47.60886580" lon="19.14675140"><ele>157.69</ele><time>2025-10-20T13:15:16.580Z</time></trkpt><trkpt lat="47.60886140" lon="19.14674250"><ele>157.68</ele><time>2025-10-20T13:15:16.781Z</time></trkpt><trkpt lat="47.60885660" lon="19.14673350"><ele>157.67</ele><time>2025-10-20T13:15:16.982Z</time></trkpt><trkpt lat="47.60885290" lon="19.14672660"><ele>157.66</ele><time>2025-10-20T13:15:17.143Z</time></trkpt><trkpt lat="47.60884670" lon="19.14671610"><ele>157.64</ele><time>2025-10-20T13:15:17.388Z</time></trkpt><trkpt lat="47.60884130" lon="19.14670750"><ele>157.63</ele><time>2025-10-20T13:15:17.588Z</time></trkpt><trkpt lat="47.60883570" lon="19.14669900"><ele>157.64</ele><time>2025-10-20T13:15:17.788Z</time></trkpt><trkpt lat="47.60883100" lon="19.14669220"><ele>157.64</ele><time>2025-10-20T13:15:17.949Z</time></trkpt><trkpt lat="47.60882460" lon="19.14668320"><ele>157.65</ele><time>2025-10-20T13:15:18.170Z</time></trkpt><trkpt lat="47.60881870" lon="19.14667480"><ele>157.67</ele><time>2025-10-20T13:15:18.373Z</time></trkpt><trkpt lat="47.60881300" lon="19.14666710"><ele>157.68</ele><time>2025-10-20T13:15:18.566Z</time></trkpt><trkpt lat="47.60880660" lon="19.14665860"><ele>157.68</ele><time>2025-10-20T13:15:18.776Z</time></trkpt><trkpt lat="47.60880040" lon="19.14665070"><ele>157.70</ele><time>2025-10-20T13:15:18.976Z</time></trkpt><trkpt lat="47.60879400" lon="19.14664280"><ele>157.70</ele><time>2025-10-20T13:15:19.177Z</time></trkpt><trkpt lat="47.60878710" lon="19.14663460"><ele>157.69</ele><time>2025-10-20T13:15:19.390Z</time></trkpt><trkpt lat="47.60878140" lon="19.14662820"><ele>157.69</ele><time>2025-10-20T13:15:19.571Z</time></trkpt><trkpt lat="47.60877470" lon="19.14662100"><ele>157.69</ele><time>2025-10-20T13:15:19.791Z</time></trkpt><trkpt lat="47.60876800" lon="19.14661420"><ele>157.69</ele><time>2025-10-20T13:15:19.991Z</time></trkpt><trkpt lat="47.60876190" lon="19.14660840"><ele>157.71</ele><time>2025-10-20T13:15:20.172Z</time></trkpt><trkpt lat="47.60875480" lon="19.14660200"><ele>157.71</ele><time>2025-10-20T13:15:20.378Z</time></trkpt><trkpt lat="47.60874830" lon="19.14659670"><ele>157.72</ele><time>2025-10-20T13:15:20.560Z</time></trkpt><trkpt lat="47.60874030" lon="19.14659060"><ele>157.72</ele><time>2025-10-20T13:15:20.781Z</time></trkpt><trkpt lat="47.60873320" lon="19.14658590"><ele>157.72</ele><time>2025-10-20T13:15:20.982Z</time></trkpt><trkpt lat="47.60872620" lon="19.14658180"><ele>157.73</ele><time>2025-10-20T13:15:21.185Z</time></trkpt><trkpt lat="47.60871890" lon="19.14657800"><ele>157.74</ele><time>2025-10-20T13:15:21.377Z</time></trkpt><trkpt lat="47.60871110" lon="19.14657420"><ele>157.74</ele><time>2025-10-20T13:15:21.581Z</time></trkpt><trkpt lat="47.60870330" lon="19.14657080"><ele>157.75</ele><time>2025-10-20T13:15:21.783Z</time></trkpt><trkpt lat="47.60869640" lon="19.14656810"><ele>157.74</ele><time>2025-10-20T13:15:21.964Z</time></trkpt><trkpt lat="47.60868790" lon="19.14656530"><ele>157.71</ele><time>2025-10-20T13:15:22.188Z</time></trkpt><trkpt lat="47.60868020" lon="19.14656320"><ele>157.70</ele><time>2025-10-20T13:15:22.392Z</time></trkpt><trkpt lat="47.60867290" lon="19.14656170"><ele>157.71</ele><time>2025-10-20T13:15:22.593Z</time></trkpt><trkpt lat="47.60866560" lon="19.14656050"><ele>157.71</ele><time>2025-10-20T13:15:22.795Z</time></trkpt><trkpt lat="47.60865850" lon="19.14655960"><ele>157.70</ele><time>2025-10-20T13:15:22.995Z</time></trkpt><trkpt lat="47.60865170" lon="19.14655900"><ele>157.69</ele><time>2025-10-20T13:15:23.184Z</time></trkpt><trkpt lat="47.60864420" lon="19.14655900"><ele>157.70</ele><time>2025-10-20T13:15:23.390Z</time></trkpt><trkpt lat="47.60863770" lon="19.14655920"><ele>157.71</ele><time>2025-10-20T13:15:23.572Z</time></trkpt><trkpt lat="47.60862880" lon="19.14656000"><ele>157.71</ele><time>2025-10-20T13:15:23.813Z</time></trkpt><trkpt lat="47.60862240" lon="19.14656080"><ele>157.71</ele><time>2025-10-20T13:15:23.995Z</time></trkpt><trkpt lat="47.60861650" lon="19.14656170"><ele>157.71</ele><time>2025-10-20T13:15:24.156Z</time></trkpt><trkpt lat="47.60860720" lon="19.14656350"><ele>157.71</ele><time>2025-10-20T13:15:24.402Z</time></trkpt><trkpt lat="47.60859970" lon="19.14656510"><ele>157.71</ele><time>2025-10-20T13:15:24.605Z</time></trkpt><trkpt lat="47.60859210" lon="19.14656700"><ele>157.70</ele><time>2025-10-20T13:15:24.808Z</time></trkpt><trkpt lat="47.60858430" lon="19.14656920"><ele>157.70</ele><time>2025-10-20T13:15:25.012Z</time></trkpt><trkpt lat="47.60857660" lon="19.14657160"><ele>157.72</ele><time>2025-10-20T13:15:25.217Z</time></trkpt><trkpt lat="47.60856900" lon="19.14657420"><ele>157.74</ele><time>2025-10-20T13:15:25.420Z</time></trkpt><trkpt lat="47.60856180" lon="19.14657700"><ele>157.77</ele><time>2025-10-20T13:15:25.621Z</time></trkpt><trkpt lat="47.60855440" lon="19.14658030"><ele>157.79</ele><time>2025-10-20T13:15:25.821Z</time></trkpt><trkpt lat="47.60854770" lon="19.14658350"><ele>157.80</ele><time>2025-10-20T13:15:26.002Z</time></trkpt><trkpt lat="47.60853940" lon="19.14658770"><ele>157.79</ele><time>2025-10-20T13:15:26.222Z</time></trkpt><trkpt lat="47.60853170" lon="19.14659180"><ele>157.79</ele><time>2025-10-20T13:15:26.425Z</time></trkpt><trkpt lat="47.60852430" lon="19.14659610"><ele>157.79</ele><time>2025-10-20T13:15:26.625Z</time></trkpt><trkpt lat="47.60851740" lon="19.14660030"><ele>157.80</ele><time>2025-10-20T13:15:26.827Z</time></trkpt><trkpt lat="47.60851000" lon="19.14660520"><ele>157.82</ele><time>2025-10-20T13:15:27.030Z</time></trkpt><trkpt lat="47.60850240" lon="19.14661050"><ele>157.83</ele><time>2025-10-20T13:15:27.235Z</time></trkpt><trkpt lat="47.60849530" lon="19.14661600"><ele>157.82</ele><time>2025-10-20T13:15:27.424Z</time></trkpt><trkpt lat="47.60848790" lon="19.14662220"><ele>157.82</ele><time>2025-10-20T13:15:27.626Z</time></trkpt><trkpt lat="47.60848070" lon="19.14662870"><ele>157.83</ele><time>2025-10-20T13:15:27.827Z</time></trkpt><trkpt lat="47.60847350" lon="19.14663570"><ele>157.84</ele><time>2025-10-20T13:15:28.030Z</time></trkpt><trkpt lat="47.60846810" lon="19.14664130"><ele>157.86</ele><time>2025-10-20T13:15:28.191Z</time></trkpt><trkpt lat="47.60846040" lon="19.14664960"><ele>157.88</ele><time>2025-10-20T13:15:28.427Z</time></trkpt><trkpt lat="47.60845470" lon="19.14665620"><ele>157.91</ele><time>2025-10-20T13:15:28.627Z</time></trkpt><trkpt lat="47.60845020" lon="19.14666170"><ele>157.93</ele><time>2025-10-20T13:15:28.830Z</time></trkpt><trkpt lat="47.60844740" lon="19.14666540"><ele>157.94</ele><time>2025-10-20T13:15:29.011Z</time></trkpt><trkpt lat="47.60844550" lon="19.14666830"><ele>157.94</ele><time>2025-10-20T13:15:29.213Z</time></trkpt><trkpt lat="47.60844480" lon="19.14667030"><ele>157.92</ele><time>2025-10-20T13:15:29.420Z</time></trkpt><trkpt lat="47.60844480" lon="19.14667130"><ele>157.90</ele><time>2025-10-20T13:15:29.624Z</time></trkpt><trkpt lat="47.60844560" lon="19.14667170"><ele>157.90</ele><time>2025-10-20T13:15:29.826Z</time></trkpt><trkpt lat="47.60844680" lon="19.14667140"><ele>157.90</ele><time>2025-10-20T13:15:30.007Z</time></trkpt><trkpt lat="47.60844870" lon="19.14667010"><ele>157.89</ele><time>2025-10-20T13:15:30.231Z</time></trkpt><trkpt lat="47.60845060" lon="19.14666780"><ele>157.90</ele><time>2025-10-20T13:15:30.433Z</time></trkpt><trkpt lat="47.60845220" lon="19.14666440"><ele>157.90</ele><time>2025-10-20T13:15:30.634Z</time></trkpt><trkpt lat="47.60845340" lon="19.14665950"><ele>157.90</ele><time>2025-10-20T13:15:30.835Z</time></trkpt><trkpt lat="47.60845370" lon="19.14665380"><ele>157.90</ele><time>2025-10-20T13:15:31.035Z</time></trkpt><trkpt lat="47.60845350" lon="19.14664700"><ele>157.91</ele><time>2025-10-20T13:15:31.216Z</time></trkpt><trkpt lat="47.60845240" lon="19.14663770"><ele>157.91</ele><time>2025-10-20T13:15:31.420Z</time></trkpt><trkpt lat="47.60845030" lon="19.14662610"><ele>157.91</ele><time>2025-10-20T13:15:31.641Z</time></trkpt><trkpt lat="47.60844810" lon="19.14661690"><ele>157.92</ele><time>2025-10-20T13:15:31.805Z</time></trkpt><trkpt lat="47.60844450" lon="19.14660350"><ele>157.93</ele><time>2025-10-20T13:15:32.027Z</time></trkpt><trkpt lat="47.60844090" lon="19.14659190"><ele>157.93</ele><time>2025-10-20T13:15:32.216Z</time></trkpt><trkpt lat="47.60843660" lon="19.14657900"><ele>157.94</ele><time>2025-10-20T13:15:32.432Z</time></trkpt><trkpt lat="47.60843240" lon="19.14656700"><ele>157.96</ele><time>2025-10-20T13:15:32.632Z</time></trkpt><trkpt lat="47.60842780" lon="19.14655500"><ele>157.96</ele><time>2025-10-20T13:15:32.835Z</time></trkpt><trkpt lat="47.60842290" lon="19.14654260"><ele>157.94</ele><time>2025-10-20T13:15:33.036Z</time></trkpt><trkpt lat="47.60841770" lon="19.14653020"><ele>157.93</ele><time>2025-10-20T13:15:33.236Z</time></trkpt><trkpt lat="47.60841260" lon="19.14651830"><ele>157.91</ele><time>2025-10-20T13:15:33.437Z</time></trkpt><trkpt lat="47.60840740" lon="19.14650650"><ele>157.89</ele><time>2025-10-20T13:15:33.637Z</time></trkpt><trkpt lat="47.60840200" lon="19.14649490"><ele>157.88</ele><time>2025-10-20T13:15:33.837Z</time></trkpt><trkpt lat="47.60839720" lon="19.14648460"><ele>157.87</ele><time>2025-10-20T13:15:34.017Z</time></trkpt><trkpt lat="47.60839190" lon="19.14647360"><ele>157.85</ele><time>2025-10-20T13:15:34.217Z</time></trkpt><trkpt lat="47.60838600" lon="19.14646160"><ele>157.83</ele><time>2025-10-20T13:15:34.441Z</time></trkpt><trkpt lat="47.60838070" lon="19.14645110"><ele>157.82</ele><time>2025-10-20T13:15:34.643Z</time></trkpt><trkpt lat="47.60837540" lon="19.14644070"><ele>157.80</ele><time>2025-10-20T13:15:34.847Z</time></trkpt><trkpt lat="47.60837030" lon="19.14643050"><ele>157.78</ele><time>2025-10-20T13:15:35.049Z</time></trkpt><trkpt lat="47.60836620" lon="19.14642240"><ele>157.78</ele><time>2025-10-20T13:15:35.230Z</time></trkpt><trkpt lat="47.60836100" lon="19.14641220"><ele>157.76</ele><time>2025-10-20T13:15:35.452Z</time></trkpt><trkpt lat="47.60835680" lon="19.14640370"><ele>157.75</ele><time>2025-10-20T13:15:35.635Z</time></trkpt><trkpt lat="47.60835250" lon="19.14639540"><ele>157.74</ele><time>2025-10-20T13:15:35.818Z</time></trkpt><trkpt lat="47.60834780" lon="19.14638620"><ele>157.73</ele><time>2025-10-20T13:15:36.019Z</time></trkpt><trkpt lat="47.60834310" lon="19.14637700"><ele>157.73</ele><time>2025-10-20T13:15:36.222Z</time></trkpt><trkpt lat="47.60833880" lon="19.14636860"><ele>157.74</ele><time>2025-10-20T13:15:36.414Z</time></trkpt><trkpt lat="47.60833400" lon="19.14635900"><ele>157.75</ele><time>2025-10-20T13:15:36.637Z</time></trkpt><trkpt lat="47.60832940" lon="19.14634960"><ele>157.76</ele><time>2025-10-20T13:15:36.857Z</time></trkpt><trkpt lat="47.60832570" lon="19.14634190"><ele>157.76</ele><time>2025-10-20T13:15:37.038Z</time></trkpt><trkpt lat="47.60832100" lon="19.14633180"><ele>157.76</ele><time>2025-10-20T13:15:37.264Z</time></trkpt><trkpt lat="47.60831770" lon="19.14632470"><ele>157.78</ele><time>2025-10-20T13:15:37.425Z</time></trkpt><trkpt lat="47.60831340" lon="19.14631530"><ele>157.79</ele><time>2025-10-20T13:15:37.650Z</time></trkpt><trkpt lat="47.60831040" lon="19.14630860"><ele>157.79</ele><time>2025-10-20T13:15:37.836Z</time></trkpt><trkpt lat="47.60830770" lon="19.14630300"><ele>157.82</ele><time>2025-10-20T13:15:38.038Z</time></trkpt><trkpt lat="47.60830570" lon="19.14629900"><ele>157.84</ele><time>2025-10-20T13:15:38.241Z</time></trkpt><trkpt lat="47.60830450" lon="19.14629650"><ele>157.88</ele><time>2025-10-20T13:15:38.444Z</time></trkpt><trkpt lat="47.60830380" lon="19.14629530"><ele>157.87</ele><time>2025-10-20T13:15:38.646Z</time></trkpt><trkpt lat="47.60830360" lon="19.14629510"><ele>157.83</ele><time>2025-10-20T13:15:38.847Z</time></trkpt><trkpt lat="47.60830390" lon="19.14629580"><ele>157.81</ele><time>2025-10-20T13:15:39.051Z</time></trkpt><trkpt lat="47.60830460" lon="19.14629730"><ele>157.79</ele><time>2025-10-20T13:15:39.252Z</time></trkpt><trkpt lat="47.60830550" lon="19.14629910"><ele>157.79</ele><time>2025-10-20T13:15:39.452Z</time></trkpt><trkpt lat="47.60830660" lon="19.14630120"><ele>157.78</ele><time>2025-10-20T13:15:39.656Z</time></trkpt><trkpt lat="47.60830770" lon="19.14630320"><ele>157.77</ele><time>2025-10-20T13:15:39.836Z</time></trkpt><trkpt lat="47.60830890" lon="19.14630560"><ele>157.77</ele><time>2025-10-20T13:15:40.041Z</time></trkpt><trkpt lat="47.60830980" lon="19.14630850"><ele>157.76</ele><time>2025-10-20T13:15:40.242Z</time></trkpt><trkpt lat="47.60830990" lon="19.14631190"><ele>157.74</ele><time>2025-10-20T13:15:40.426Z</time></trkpt><trkpt lat="47.60830860" lon="19.14631760"><ele>157.71</ele><time>2025-10-20T13:15:40.647Z</time></trkpt><trkpt lat="47.60830610" lon="19.14632410"><ele>157.70</ele><time>2025-10-20T13:15:40.848Z</time></trkpt><trkpt lat="47.60830240" lon="19.14633180"><ele>157.71</ele><time>2025-10-20T13:15:41.051Z</time></trkpt><trkpt lat="47.60829790" lon="19.14634040"><ele>157.72</ele><time>2025-10-20T13:15:41.242Z</time></trkpt><trkpt lat="47.60829240" lon="19.14635010"><ele>157.72</ele><time>2025-10-20T13:15:41.444Z</time></trkpt><trkpt lat="47.60828640" lon="19.14636000"><ele>157.72</ele><time>2025-10-20T13:15:41.646Z</time></trkpt><trkpt lat="47.60828030" lon="19.14636960"><ele>157.73</ele><time>2025-10-20T13:15:41.826Z</time></trkpt><trkpt lat="47.60827260" lon="19.14638170"><ele>157.75</ele><time>2025-10-20T13:15:42.049Z</time></trkpt><trkpt lat="47.60826550" lon="19.14639260"><ele>157.75</ele><time>2025-10-20T13:15:42.252Z</time></trkpt><trkpt lat="47.60825930" lon="19.14640200"><ele>157.74</ele><time>2025-10-20T13:15:42.432Z</time></trkpt><trkpt lat="47.60825200" lon="19.14641290"><ele>157.73</ele><time>2025-10-20T13:15:42.637Z</time></trkpt><trkpt lat="47.60824420" lon="19.14642460"><ele>157.75</ele><time>2025-10-20T13:15:42.859Z</time></trkpt><trkpt lat="47.60823710" lon="19.14643510"><ele>157.76</ele><time>2025-10-20T13:15:43.059Z</time></trkpt><trkpt lat="47.60823100" lon="19.14644450"><ele>157.78</ele><time>2025-10-20T13:15:43.240Z</time></trkpt><trkpt lat="47.60822430" lon="19.14645510"><ele>157.79</ele><time>2025-10-20T13:15:43.441Z</time></trkpt><trkpt lat="47.60821790" lon="19.14646550"><ele>157.80</ele><time>2025-10-20T13:15:43.642Z</time></trkpt><trkpt lat="47.60821260" lon="19.14647440"><ele>157.80</ele><time>2025-10-20T13:15:43.824Z</time></trkpt><trkpt lat="47.60820610" lon="19.14648540"><ele>157.80</ele><time>2025-10-20T13:15:44.045Z</time></trkpt><trkpt lat="47.60820070" lon="19.14649510"><ele>157.80</ele><time>2025-10-20T13:15:44.237Z</time></trkpt><trkpt lat="47.60819500" lon="19.14650540"><ele>157.81</ele><time>2025-10-20T13:15:44.439Z</time></trkpt><trkpt lat="47.60819010" lon="19.14651450"><ele>157.81</ele><time>2025-10-20T13:15:44.618Z</time></trkpt><trkpt lat="47.60818470" lon="19.14652450"><ele>157.82</ele><time>2025-10-20T13:15:44.820Z</time></trkpt><trkpt lat="47.60817870" lon="19.14653610"><ele>157.83</ele><time>2025-10-20T13:15:45.062Z</time></trkpt><trkpt lat="47.60817490" lon="19.14654350"><ele>157.84</ele><time>2025-10-20T13:15:45.226Z</time></trkpt><trkpt lat="47.60816980" lon="19.14655390"><ele>157.84</ele><time>2025-10-20T13:15:45.449Z</time></trkpt><trkpt lat="47.60816580" lon="19.14656230"><ele>157.85</ele><time>2025-10-20T13:15:45.631Z</time></trkpt><trkpt lat="47.60816150" lon="19.14657180"><ele>157.86</ele><time>2025-10-20T13:15:45.832Z</time></trkpt><trkpt lat="47.60815740" lon="19.14658110"><ele>157.88</ele><time>2025-10-20T13:15:46.035Z</time></trkpt><trkpt lat="47.60815360" lon="19.14659050"><ele>157.90</ele><time>2025-10-20T13:15:46.238Z</time></trkpt><trkpt lat="47.60815010" lon="19.14659970"><ele>157.90</ele><time>2025-10-20T13:15:46.440Z</time></trkpt><trkpt lat="47.60814660" lon="19.14660860"><ele>157.91</ele><time>2025-10-20T13:15:46.642Z</time></trkpt><trkpt lat="47.60814320" lon="19.14661730"><ele>157.92</ele><time>2025-10-20T13:15:46.843Z</time></trkpt><trkpt lat="47.60813990" lon="19.14662610"><ele>157.93</ele><time>2025-10-20T13:15:47.044Z</time></trkpt><trkpt lat="47.60813690" lon="19.14663480"><ele>157.94</ele><time>2025-10-20T13:15:47.235Z</time></trkpt><trkpt lat="47.60813370" lon="19.14664460"><ele>157.95</ele><time>2025-10-20T13:15:47.442Z</time></trkpt><trkpt lat="47.60813070" lon="19.14665460"><ele>157.96</ele><time>2025-10-20T13:15:47.645Z</time></trkpt><trkpt lat="47.60812770" lon="19.14666480"><ele>157.96</ele><time>2025-10-20T13:15:47.846Z</time></trkpt><trkpt lat="47.60812520" lon="19.14667380"><ele>157.96</ele><time>2025-10-20T13:15:48.027Z</time></trkpt><trkpt lat="47.60812200" lon="19.14668520"><ele>157.98</ele><time>2025-10-20T13:15:48.248Z</time></trkpt><trkpt lat="47.60811910" lon="19.14669590"><ele>157.99</ele><time>2025-10-20T13:15:48.449Z</time></trkpt><trkpt lat="47.60811630" lon="19.14670690"><ele>158.00</ele><time>2025-10-20T13:15:48.651Z</time></trkpt><trkpt lat="47.60811360" lon="19.14671790"><ele>158.01</ele><time>2025-10-20T13:15:48.852Z</time></trkpt><trkpt lat="47.60811110" lon="19.14672880"><ele>158.01</ele><time>2025-10-20T13:15:49.056Z</time></trkpt><trkpt lat="47.60810870" lon="19.14674000"><ele>158.01</ele><time>2025-10-20T13:15:49.262Z</time></trkpt><trkpt lat="47.60810670" lon="19.14675000"><ele>158.01</ele><time>2025-10-20T13:15:49.454Z</time></trkpt><trkpt lat="47.60810470" lon="19.14676100"><ele>158.02</ele><time>2025-10-20T13:15:49.663Z</time></trkpt><trkpt lat="47.60810280" lon="19.14677200"><ele>158.02</ele><time>2025-10-20T13:15:49.865Z</time></trkpt><trkpt lat="47.60810110" lon="19.14678320"><ele>158.02</ele><time>2025-10-20T13:15:50.069Z</time></trkpt><trkpt lat="47.60809940" lon="19.14679440"><ele>158.02</ele><time>2025-10-20T13:15:50.273Z</time></trkpt><trkpt lat="47.60809800" lon="19.14680440"><ele>158.02</ele><time>2025-10-20T13:15:50.455Z</time></trkpt><trkpt lat="47.60809700" lon="19.14681320"><ele>158.02</ele><time>2025-10-20T13:15:50.616Z</time></trkpt><trkpt lat="47.60809570" lon="19.14682590"><ele>158.03</ele><time>2025-10-20T13:15:50.856Z</time></trkpt><trkpt lat="47.60809470" lon="19.14683630"><ele>158.02</ele><time>2025-10-20T13:15:51.059Z</time></trkpt><trkpt lat="47.60809390" lon="19.14684740"><ele>158.01</ele><time>2025-10-20T13:15:51.259Z</time></trkpt><trkpt lat="47.60809320" lon="19.14685900"><ele>158.00</ele><time>2025-10-20T13:15:51.463Z</time></trkpt><trkpt lat="47.60809280" lon="19.14686810"><ele>158.00</ele><time>2025-10-20T13:15:51.624Z</time></trkpt><trkpt lat="47.60809220" lon="19.14688200"><ele>157.99</ele><time>2025-10-20T13:15:51.865Z</time></trkpt><trkpt lat="47.60809190" lon="19.14689370"><ele>157.99</ele><time>2025-10-20T13:15:52.065Z</time></trkpt><trkpt lat="47.60809180" lon="19.14690550"><ele>157.97</ele><time>2025-10-20T13:15:52.265Z</time></trkpt><trkpt lat="47.60809170" lon="19.14691760"><ele>157.96</ele><time>2025-10-20T13:15:52.468Z</time></trkpt><trkpt lat="47.60809170" lon="19.14693070"><ele>157.95</ele><time>2025-10-20T13:15:52.681Z</time></trkpt><trkpt lat="47.60809180" lon="19.14693990"><ele>157.97</ele><time>2025-10-20T13:15:52.829Z</time></trkpt><trkpt lat="47.60809220" lon="19.14695500"><ele>157.98</ele><time>2025-10-20T13:15:53.071Z</time></trkpt><trkpt lat="47.60809260" lon="19.14696550"><ele>158.00</ele><time>2025-10-20T13:15:53.236Z</time></trkpt><trkpt lat="47.60809340" lon="19.14697850"><ele>158.00</ele><time>2025-10-20T13:15:53.441Z</time></trkpt><trkpt lat="47.60809440" lon="19.14699370"><ele>158.00</ele><time>2025-10-20T13:15:53.682Z</time></trkpt><trkpt lat="47.60809520" lon="19.14700490"><ele>158.00</ele><time>2025-10-20T13:15:53.862Z</time></trkpt><trkpt lat="47.60809620" lon="19.14701680"><ele>158.02</ele><time>2025-10-20T13:15:54.073Z</time></trkpt><trkpt lat="47.60809730" lon="19.14702880"><ele>158.04</ele><time>2025-10-20T13:15:54.270Z</time></trkpt><trkpt lat="47.60809810" lon="19.14703900"><ele>158.04</ele><time>2025-10-20T13:15:54.445Z</time></trkpt><trkpt lat="47.60809900" lon="19.14705050"><ele>158.02</ele><time>2025-10-20T13:15:54.647Z</time></trkpt><trkpt lat="47.60810020" lon="19.14706280"><ele>158.03</ele><time>2025-10-20T13:15:54.871Z</time></trkpt><trkpt lat="47.60810130" lon="19.14707320"><ele>158.04</ele><time>2025-10-20T13:15:55.073Z</time></trkpt><trkpt lat="47.60810240" lon="19.14708300"><ele>158.05</ele><time>2025-10-20T13:15:55.280Z</time></trkpt><trkpt lat="47.60810340" lon="19.14709290"><ele>158.07</ele><time>2025-10-20T13:15:55.482Z</time></trkpt><trkpt lat="47.60810430" lon="19.14710280"><ele>158.07</ele><time>2025-10-20T13:15:55.683Z</time></trkpt><trkpt lat="47.60810500" lon="19.14711300"><ele>158.02</ele><time>2025-10-20T13:15:55.885Z</time></trkpt><trkpt lat="47.60810580" lon="19.14712370"><ele>157.96</ele><time>2025-10-20T13:15:56.088Z</time></trkpt><trkpt lat="47.60810690" lon="19.14713460"><ele>157.94</ele><time>2025-10-20T13:15:56.283Z</time></trkpt><trkpt lat="47.60810820" lon="19.14714570"><ele>157.94</ele><time>2025-10-20T13:15:56.487Z</time></trkpt><trkpt lat="47.60810950" lon="19.14715590"><ele>157.94</ele><time>2025-10-20T13:15:56.688Z</time></trkpt><trkpt lat="47.60811090" lon="19.14716700"><ele>157.95</ele><time>2025-10-20T13:15:56.891Z</time></trkpt><trkpt lat="47.60811250" lon="19.14717810"><ele>157.95</ele><time>2025-10-20T13:15:57.093Z</time></trkpt><trkpt lat="47.60811430" lon="19.14718940"><ele>157.97</ele><time>2025-10-20T13:15:57.294Z</time></trkpt><trkpt lat="47.60811630" lon="19.14719990"><ele>157.98</ele><time>2025-10-20T13:15:57.476Z</time></trkpt><trkpt lat="47.60811910" lon="19.14721290"><ele>157.98</ele><time>2025-10-20T13:15:57.698Z</time></trkpt><trkpt lat="47.60812180" lon="19.14722390"><ele>157.98</ele><time>2025-10-20T13:15:57.897Z</time></trkpt><trkpt lat="47.60812460" lon="19.14723490"><ele>157.98</ele><time>2025-10-20T13:15:58.098Z</time></trkpt><trkpt lat="47.60812730" lon="19.14724470"><ele>157.96</ele><time>2025-10-20T13:15:58.286Z</time></trkpt><trkpt lat="47.60813080" lon="19.14725710"><ele>157.94</ele><time>2025-10-20T13:15:58.514Z</time></trkpt><trkpt lat="47.60813390" lon="19.14726770"><ele>157.96</ele><time>2025-10-20T13:15:58.715Z</time></trkpt><trkpt lat="47.60813710" lon="19.14727830"><ele>157.99</ele><time>2025-10-20T13:15:58.915Z</time></trkpt><trkpt lat="47.60814050" lon="19.14728880"><ele>158.00</ele><time>2025-10-20T13:15:59.116Z</time></trkpt><trkpt lat="47.60814390" lon="19.14729910"><ele>158.01</ele><time>2025-10-20T13:15:59.318Z</time></trkpt><trkpt lat="47.60814730" lon="19.14730940"><ele>158.01</ele><time>2025-10-20T13:15:59.520Z</time></trkpt><trkpt lat="47.60815030" lon="19.14731840"><ele>158.01</ele><time>2025-10-20T13:15:59.700Z</time></trkpt><trkpt lat="47.60815400" lon="19.14732950"><ele>158.01</ele><time>2025-10-20T13:15:59.921Z</time></trkpt><trkpt lat="47.60815730" lon="19.14733960"><ele>158.01</ele><time>2025-10-20T13:16:00.122Z</time></trkpt><trkpt lat="47.60816060" lon="19.14734970"><ele>158.01</ele><time>2025-10-20T13:16:00.330Z</time></trkpt><trkpt lat="47.60816370" lon="19.14735930"><ele>158.01</ele><time>2025-10-20T13:16:00.531Z</time></trkpt><trkpt lat="47.60816660" lon="19.14736830"><ele>158.02</ele><time>2025-10-20T13:16:00.733Z</time></trkpt><trkpt lat="47.60816970" lon="19.14737740"><ele>158.02</ele><time>2025-10-20T13:16:00.934Z</time></trkpt><trkpt lat="47.60817270" lon="19.14738630"><ele>158.05</ele><time>2025-10-20T13:16:01.134Z</time></trkpt><trkpt lat="47.60817580" lon="19.14739520"><ele>158.08</ele><time>2025-10-20T13:16:01.329Z</time></trkpt><trkpt lat="47.60817900" lon="19.14740420"><ele>158.08</ele><time>2025-10-20T13:16:01.533Z</time></trkpt><trkpt lat="47.60818180" lon="19.14741210"><ele>158.06</ele><time>2025-10-20T13:16:01.714Z</time></trkpt><trkpt lat="47.60818520" lon="19.14742150"><ele>158.03</ele><time>2025-10-20T13:16:01.934Z</time></trkpt><trkpt lat="47.60818850" lon="19.14742960"><ele>158.01</ele><time>2025-10-20T13:16:02.134Z</time></trkpt><trkpt lat="47.60819200" lon="19.14743750"><ele>157.99</ele><time>2025-10-20T13:16:02.340Z</time></trkpt><trkpt lat="47.60819560" lon="19.14744530"><ele>157.97</ele><time>2025-10-20T13:16:02.542Z</time></trkpt><trkpt lat="47.60819950" lon="19.14745310"><ele>157.96</ele><time>2025-10-20T13:16:02.743Z</time></trkpt><trkpt lat="47.60820340" lon="19.14746090"><ele>157.95</ele><time>2025-10-20T13:16:02.944Z</time></trkpt><trkpt lat="47.60820740" lon="19.14746870"><ele>157.94</ele><time>2025-10-20T13:16:03.146Z</time></trkpt><trkpt lat="47.60821170" lon="19.14747680"><ele>157.92</ele><time>2025-10-20T13:16:03.352Z</time></trkpt><trkpt lat="47.60821570" lon="19.14748400"><ele>157.91</ele><time>2025-10-20T13:16:03.535Z</time></trkpt><trkpt lat="47.60822020" lon="19.14749200"><ele>157.90</ele><time>2025-10-20T13:16:03.738Z</time></trkpt><trkpt lat="47.60822490" lon="19.14750010"><ele>157.88</ele><time>2025-10-20T13:16:03.940Z</time></trkpt><trkpt lat="47.60822980" lon="19.14750850"><ele>157.87</ele><time>2025-10-20T13:16:04.140Z</time></trkpt><trkpt lat="47.60823530" lon="19.14751760"><ele>157.87</ele><time>2025-10-20T13:16:04.361Z</time></trkpt><trkpt lat="47.60824010" lon="19.14752510"><ele>157.86</ele><time>2025-10-20T13:16:04.541Z</time></trkpt><trkpt lat="47.60824610" lon="19.14753420"><ele>157.85</ele><time>2025-10-20T13:16:04.762Z</time></trkpt><trkpt lat="47.60825100" lon="19.14754150"><ele>157.85</ele><time>2025-10-20T13:16:04.944Z</time></trkpt><trkpt lat="47.60825680" lon="19.14754990"><ele>157.84</ele><time>2025-10-20T13:16:05.145Z</time></trkpt><trkpt lat="47.60826260" lon="19.14755800"><ele>157.84</ele><time>2025-10-20T13:16:05.346Z</time></trkpt><trkpt lat="47.60826860" lon="19.14756630"><ele>157.84</ele><time>2025-10-20T13:16:05.549Z</time></trkpt><trkpt lat="47.60827470" lon="19.14757450"><ele>157.83</ele><time>2025-10-20T13:16:05.751Z</time></trkpt><trkpt lat="47.60828090" lon="19.14758250"><ele>157.82</ele><time>2025-10-20T13:16:05.953Z</time></trkpt><trkpt lat="47.60828700" lon="19.14759040"><ele>157.81</ele><time>2025-10-20T13:16:06.156Z</time></trkpt><trkpt lat="47.60829330" lon="19.14759810"><ele>157.80</ele><time>2025-10-20T13:16:06.359Z</time></trkpt><trkpt lat="47.60829880" lon="19.14760480"><ele>157.80</ele><time>2025-10-20T13:16:06.547Z</time></trkpt><trkpt lat="47.60830500" lon="19.14761200"><ele>157.78</ele><time>2025-10-20T13:16:06.751Z</time></trkpt><trkpt lat="47.60831040" lon="19.14761810"><ele>157.77</ele><time>2025-10-20T13:16:06.932Z</time></trkpt><trkpt lat="47.60831760" lon="19.14762590"><ele>157.78</ele><time>2025-10-20T13:16:07.154Z</time></trkpt><trkpt lat="47.60832420" lon="19.14763290"><ele>157.78</ele><time>2025-10-20T13:16:07.355Z</time></trkpt><trkpt lat="47.60833090" lon="19.14763980"><ele>157.77</ele><time>2025-10-20T13:16:07.556Z</time></trkpt><trkpt lat="47.60833770" lon="19.14764670"><ele>157.76</ele><time>2025-10-20T13:16:07.764Z</time></trkpt><trkpt lat="47.60834330" lon="19.14765220"><ele>157.75</ele><time>2025-10-20T13:16:07.937Z</time></trkpt><trkpt lat="47.60834980" lon="19.14765840"><ele>157.74</ele><time>2025-10-20T13:16:08.138Z</time></trkpt><trkpt lat="47.60835660" lon="19.14766470"><ele>157.73</ele><time>2025-10-20T13:16:08.343Z</time></trkpt><trkpt lat="47.60836280" lon="19.14767020"><ele>157.73</ele><time>2025-10-20T13:16:08.524Z</time></trkpt><trkpt lat="47.60837030" lon="19.14767670"><ele>157.72</ele><time>2025-10-20T13:16:08.745Z</time></trkpt><trkpt lat="47.60837730" lon="19.14768240"><ele>157.71</ele><time>2025-10-20T13:16:08.946Z</time></trkpt><trkpt lat="47.60838440" lon="19.14768790"><ele>157.71</ele><time>2025-10-20T13:16:09.149Z</time></trkpt><trkpt lat="47.60839180" lon="19.14769320"><ele>157.71</ele><time>2025-10-20T13:16:09.371Z</time></trkpt><trkpt lat="47.60839870" lon="19.14769770"><ele>157.70</ele><time>2025-10-20T13:16:09.572Z</time></trkpt><trkpt lat="47.60840550" lon="19.14770220"><ele>157.69</ele><time>2025-10-20T13:16:09.773Z</time></trkpt><trkpt lat="47.60841150" lon="19.14770610"><ele>157.68</ele><time>2025-10-20T13:16:09.957Z</time></trkpt><trkpt lat="47.60841920" lon="19.14771090"><ele>157.68</ele><time>2025-10-20T13:16:10.179Z</time></trkpt><trkpt lat="47.60842640" lon="19.14771500"><ele>157.67</ele><time>2025-10-20T13:16:10.382Z</time></trkpt><trkpt lat="47.60843280" lon="19.14771850"><ele>157.67</ele><time>2025-10-20T13:16:10.563Z</time></trkpt><trkpt lat="47.60844050" lon="19.14772230"><ele>157.66</ele><time>2025-10-20T13:16:10.785Z</time></trkpt><trkpt lat="47.60844670" lon="19.14772530"><ele>157.67</ele><time>2025-10-20T13:16:10.968Z</time></trkpt><trkpt lat="47.60845480" lon="19.14772890"><ele>157.68</ele><time>2025-10-20T13:16:11.190Z</time></trkpt><trkpt lat="47.60846150" lon="19.14773180"><ele>157.68</ele><time>2025-10-20T13:16:11.373Z</time></trkpt><trkpt lat="47.60846890" lon="19.14773480"><ele>157.69</ele><time>2025-10-20T13:16:11.576Z</time></trkpt><trkpt lat="47.60847620" lon="19.14773760"><ele>157.69</ele><time>2025-10-20T13:16:11.776Z</time></trkpt><trkpt lat="47.60848350" lon="19.14774040"><ele>157.68</ele><time>2025-10-20T13:16:11.976Z</time></trkpt><trkpt lat="47.60849080" lon="19.14774320"><ele>157.68</ele><time>2025-10-20T13:16:12.178Z</time></trkpt><trkpt lat="47.60849800" lon="19.14774590"><ele>157.68</ele><time>2025-10-20T13:16:12.379Z</time></trkpt><trkpt lat="47.60850530" lon="19.14774860"><ele>157.69</ele><time>2025-10-20T13:16:12.582Z</time></trkpt><trkpt lat="47.60851270" lon="19.14775140"><ele>157.70</ele><time>2025-10-20T13:16:12.785Z</time></trkpt><trkpt lat="47.60852000" lon="19.14775410"><ele>157.70</ele><time>2025-10-20T13:16:12.987Z</time></trkpt><trkpt lat="47.60852730" lon="19.14775660"><ele>157.73</ele><time>2025-10-20T13:16:13.193Z</time></trkpt><trkpt lat="47.60853400" lon="19.14775860"><ele>157.74</ele><time>2025-10-20T13:16:13.378Z</time></trkpt><trkpt lat="47.60854120" lon="19.14776050"><ele>157.73</ele><time>2025-10-20T13:16:13.579Z</time></trkpt><trkpt lat="47.60854770" lon="19.14776210"><ele>157.73</ele><time>2025-10-20T13:16:13.759Z</time></trkpt><trkpt lat="47.60855460" lon="19.14776350"><ele>157.73</ele><time>2025-10-20T13:16:13.961Z</time></trkpt><trkpt lat="47.60856210" lon="19.14776500"><ele>157.73</ele><time>2025-10-20T13:16:14.161Z</time></trkpt><trkpt lat="47.60857040" lon="19.14776640"><ele>157.73</ele><time>2025-10-20T13:16:14.384Z</time></trkpt><trkpt lat="47.60857810" lon="19.14776760"><ele>157.74</ele><time>2025-10-20T13:16:14.584Z</time></trkpt><trkpt lat="47.60858590" lon="19.14776870"><ele>157.74</ele><time>2025-10-20T13:16:14.786Z</time></trkpt><trkpt lat="47.60859360" lon="19.14776950"><ele>157.75</ele><time>2025-10-20T13:16:14.986Z</time></trkpt><trkpt lat="47.60860130" lon="19.14777010"><ele>157.76</ele><time>2025-10-20T13:16:15.187Z</time></trkpt><trkpt lat="47.60860880" lon="19.14777040"><ele>157.76</ele><time>2025-10-20T13:16:15.391Z</time></trkpt><trkpt lat="47.60861660" lon="19.14777040"><ele>157.78</ele><time>2025-10-20T13:16:15.593Z</time></trkpt><trkpt lat="47.60862430" lon="19.14777010"><ele>157.79</ele><time>2025-10-20T13:16:15.795Z</time></trkpt><trkpt lat="47.60863180" lon="19.14776980"><ele>157.81</ele><time>2025-10-20T13:16:15.998Z</time></trkpt><trkpt lat="47.60863920" lon="19.14776930"><ele>157.83</ele><time>2025-10-20T13:16:16.200Z</time></trkpt><trkpt lat="47.60864660" lon="19.14776890"><ele>157.84</ele><time>2025-10-20T13:16:16.401Z</time></trkpt><trkpt lat="47.60865390" lon="19.14776830"><ele>157.85</ele><time>2025-10-20T13:16:16.605Z</time></trkpt><trkpt lat="47.60866100" lon="19.14776770"><ele>157.87</ele><time>2025-10-20T13:16:16.810Z</time></trkpt><trkpt lat="47.60866840" lon="19.14776690"><ele>157.89</ele><time>2025-10-20T13:16:17.014Z</time></trkpt><trkpt lat="47.60867550" lon="19.14776600"><ele>157.90</ele><time>2025-10-20T13:16:17.216Z</time></trkpt><trkpt lat="47.60868280" lon="19.14776500"><ele>157.90</ele><time>2025-10-20T13:16:17.420Z</time></trkpt><trkpt lat="47.60868870" lon="19.14776420"><ele>157.91</ele><time>2025-10-20T13:16:17.585Z</time></trkpt><trkpt lat="47.60869650" lon="19.14776300"><ele>157.93</ele><time>2025-10-20T13:16:17.806Z</time></trkpt><trkpt lat="47.60870370" lon="19.14776170"><ele>157.94</ele><time>2025-10-20T13:16:18.007Z</time></trkpt><trkpt lat="47.60871070" lon="19.14776030"><ele>157.95</ele><time>2025-10-20T13:16:18.209Z</time></trkpt><trkpt lat="47.60871780" lon="19.14775880"><ele>157.95</ele><time>2025-10-20T13:16:18.413Z</time></trkpt><trkpt lat="47.60872500" lon="19.14775720"><ele>157.95</ele><time>2025-10-20T13:16:18.616Z</time></trkpt><trkpt lat="47.60873240" lon="19.14775530"><ele>157.96</ele><time>2025-10-20T13:16:18.818Z</time></trkpt><trkpt lat="47.60874010" lon="19.14775320"><ele>157.97</ele><time>2025-10-20T13:16:19.019Z</time></trkpt><trkpt lat="47.60874710" lon="19.14775120"><ele>157.98</ele><time>2025-10-20T13:16:19.201Z</time></trkpt><trkpt lat="47.60875460" lon="19.14774890"><ele>157.98</ele><time>2025-10-20T13:16:19.392Z</time></trkpt><trkpt lat="47.60876320" lon="19.14774610"><ele>157.99</ele><time>2025-10-20T13:16:19.617Z</time></trkpt><trkpt lat="47.60876970" lon="19.14774380"><ele>158.01</ele><time>2025-10-20T13:16:19.817Z</time></trkpt><trkpt lat="47.60877730" lon="19.14774090"><ele>158.03</ele><time>2025-10-20T13:16:20.019Z</time></trkpt><trkpt lat="47.60878480" lon="19.14773790"><ele>158.04</ele><time>2025-10-20T13:16:20.223Z</time></trkpt><trkpt lat="47.60879240" lon="19.14773470"><ele>158.04</ele><time>2025-10-20T13:16:20.426Z</time></trkpt><trkpt lat="47.60880000" lon="19.14773130"><ele>158.04</ele><time>2025-10-20T13:16:20.627Z</time></trkpt><trkpt lat="47.60880750" lon="19.14772790"><ele>158.04</ele><time>2025-10-20T13:16:20.828Z</time></trkpt><trkpt lat="47.60881500" lon="19.14772430"><ele>158.04</ele><time>2025-10-20T13:16:21.029Z</time></trkpt><trkpt lat="47.60882210" lon="19.14772090"><ele>158.04</ele><time>2025-10-20T13:16:21.231Z</time></trkpt><trkpt lat="47.60882940" lon="19.14771710"><ele>158.04</ele><time>2025-10-20T13:16:21.435Z</time></trkpt><trkpt lat="47.60883510" lon="19.14771400"><ele>158.03</ele><time>2025-10-20T13:16:21.599Z</time></trkpt><trkpt lat="47.60884220" lon="19.14770990"><ele>158.03</ele><time>2025-10-20T13:16:21.801Z</time></trkpt><trkpt lat="47.60884990" lon="19.14770510"><ele>158.02</ele><time>2025-10-20T13:16:22.021Z</time></trkpt><trkpt lat="47.60885690" lon="19.14770050"><ele>158.03</ele><time>2025-10-20T13:16:22.222Z</time></trkpt><trkpt lat="47.60886320" lon="19.14769630"><ele>158.02</ele><time>2025-10-20T13:16:22.405Z</time></trkpt><trkpt lat="47.60886970" lon="19.14769160"><ele>158.02</ele><time>2025-10-20T13:16:22.606Z</time></trkpt><trkpt lat="47.60887660" lon="19.14768650"><ele>158.02</ele><time>2025-10-20T13:16:22.806Z</time></trkpt><trkpt lat="47.60888400" lon="19.14768080"><ele>158.01</ele><time>2025-10-20T13:16:23.030Z</time></trkpt><trkpt lat="47.60888990" lon="19.14767600"><ele>158.01</ele><time>2025-10-20T13:16:23.210Z</time></trkpt><trkpt lat="47.60889690" lon="19.14767010"><ele>158.00</ele><time>2025-10-20T13:16:23.421Z</time></trkpt><trkpt lat="47.60890280" lon="19.14766500"><ele>158.00</ele><time>2025-10-20T13:16:23.601Z</time></trkpt><trkpt lat="47.60890980" lon="19.14765870"><ele>158.00</ele><time>2025-10-20T13:16:23.821Z</time></trkpt><trkpt lat="47.60891610" lon="19.14765290"><ele>158.00</ele><time>2025-10-20T13:16:24.021Z</time></trkpt><trkpt lat="47.60892210" lon="19.14764710"><ele>158.00</ele><time>2025-10-20T13:16:24.223Z</time></trkpt><trkpt lat="47.60892810" lon="19.14764130"><ele>157.99</ele><time>2025-10-20T13:16:24.415Z</time></trkpt><trkpt lat="47.60893420" lon="19.14763520"><ele>157.98</ele><time>2025-10-20T13:16:24.618Z</time></trkpt><trkpt lat="47.60894050" lon="19.14762880"><ele>157.98</ele><time>2025-10-20T13:16:24.822Z</time></trkpt><trkpt lat="47.60894690" lon="19.14762230"><ele>157.98</ele><time>2025-10-20T13:16:25.023Z</time></trkpt><trkpt lat="47.60895290" lon="19.14761610"><ele>157.97</ele><time>2025-10-20T13:16:25.209Z</time></trkpt><trkpt lat="47.60895940" lon="19.14760920"><ele>157.96</ele><time>2025-10-20T13:16:25.413Z</time></trkpt><trkpt lat="47.60896590" lon="19.14760220"><ele>157.96</ele><time>2025-10-20T13:16:25.634Z</time></trkpt><trkpt lat="47.60897060" lon="19.14759690"><ele>157.96</ele><time>2025-10-20T13:16:25.795Z</time></trkpt><trkpt lat="47.60897720" lon="19.14758910"><ele>157.95</ele><time>2025-10-20T13:16:26.016Z</time></trkpt><trkpt lat="47.60898310" lon="19.14758200"><ele>157.95</ele><time>2025-10-20T13:16:26.215Z</time></trkpt><trkpt lat="47.60898910" lon="19.14757450"><ele>157.95</ele><time>2025-10-20T13:16:26.421Z</time></trkpt><trkpt lat="47.60899470" lon="19.14756720"><ele>157.95</ele><time>2025-10-20T13:16:26.623Z</time></trkpt><trkpt lat="47.60900000" lon="19.14756010"><ele>157.94</ele><time>2025-10-20T13:16:26.824Z</time></trkpt><trkpt lat="47.60900510" lon="19.14755310"><ele>157.95</ele><time>2025-10-20T13:16:27.026Z</time></trkpt><trkpt lat="47.60901020" lon="19.14754580"><ele>157.95</ele><time>2025-10-20T13:16:27.229Z</time></trkpt><trkpt lat="47.60901530" lon="19.14753830"><ele>157.94</ele><time>2025-10-20T13:16:27.430Z</time></trkpt><trkpt lat="47.60902040" lon="19.14753080"><ele>157.94</ele><time>2025-10-20T13:16:27.631Z</time></trkpt><trkpt lat="47.60902490" lon="19.14752390"><ele>157.93</ele><time>2025-10-20T13:16:27.811Z</time></trkpt><trkpt lat="47.60903040" lon="19.14751540"><ele>157.91</ele><time>2025-10-20T13:16:28.031Z</time></trkpt><trkpt lat="47.60903540" lon="19.14750770"><ele>157.90</ele><time>2025-10-20T13:16:28.234Z</time></trkpt><trkpt lat="47.60904020" lon="19.14750050"><ele>157.90</ele><time>2025-10-20T13:16:28.424Z</time></trkpt><trkpt lat="47.60904510" lon="19.14749310"><ele>157.91</ele><time>2025-10-20T13:16:28.628Z</time></trkpt><trkpt lat="47.60905000" lon="19.14748560"><ele>157.91</ele><time>2025-10-20T13:16:28.831Z</time></trkpt><trkpt lat="47.60905500" lon="19.14747740"><ele>157.87</ele><time>2025-10-20T13:16:29.033Z</time></trkpt><trkpt lat="47.60906000" lon="19.14746860"><ele>157.84</ele><time>2025-10-20T13:16:29.234Z</time></trkpt><trkpt lat="47.60906520" lon="19.14745900"><ele>157.82</ele><time>2025-10-20T13:16:29.445Z</time></trkpt><trkpt lat="47.60906950" lon="19.14745050"><ele>157.82</ele><time>2025-10-20T13:16:29.627Z</time></trkpt><trkpt lat="47.60907450" lon="19.14744060"><ele>157.83</ele><time>2025-10-20T13:16:29.850Z</time></trkpt><trkpt lat="47.60907910" lon="19.14743110"><ele>157.83</ele><time>2025-10-20T13:16:30.052Z</time></trkpt><trkpt lat="47.60908330" lon="19.14742240"><ele>157.82</ele><time>2025-10-20T13:16:30.233Z</time></trkpt><trkpt lat="47.60908830" lon="19.14741190"><ele>157.80</ele><time>2025-10-20T13:16:30.450Z</time></trkpt><trkpt lat="47.60909240" lon="19.14740320"><ele>157.79</ele><time>2025-10-20T13:16:30.630Z</time></trkpt><trkpt lat="47.60909690" lon="19.14739320"><ele>157.78</ele><time>2025-10-20T13:16:30.832Z</time></trkpt><trkpt lat="47.60910120" lon="19.14738330"><ele>157.78</ele><time>2025-10-20T13:16:31.033Z</time></trkpt><trkpt lat="47.60910490" lon="19.14737450"><ele>157.77</ele><time>2025-10-20T13:16:31.221Z</time></trkpt><trkpt lat="47.60910930" lon="19.14736380"><ele>157.76</ele><time>2025-10-20T13:16:31.444Z</time></trkpt><trkpt lat="47.60911320" lon="19.14735340"><ele>157.75</ele><time>2025-10-20T13:16:31.644Z</time></trkpt><trkpt lat="47.60911700" lon="19.14734260"><ele>157.74</ele><time>2025-10-20T13:16:31.845Z</time></trkpt><trkpt lat="47.60912050" lon="19.14733190"><ele>157.71</ele><time>2025-10-20T13:16:32.045Z</time></trkpt><trkpt lat="47.60912390" lon="19.14732120"><ele>157.69</ele><time>2025-10-20T13:16:32.246Z</time></trkpt><trkpt lat="47.60912720" lon="19.14731000"><ele>157.67</ele><time>2025-10-20T13:16:32.451Z</time></trkpt><trkpt lat="47.60913040" lon="19.14729920"><ele>157.64</ele><time>2025-10-20T13:16:32.653Z</time></trkpt><trkpt lat="47.60913330" lon="19.14728890"><ele>157.63</ele><time>2025-10-20T13:16:32.855Z</time></trkpt><trkpt lat="47.60913630" lon="19.14727800"><ele>157.61</ele><time>2025-10-20T13:16:33.056Z</time></trkpt><trkpt lat="47.60913930" lon="19.14726690"><ele>157.59</ele><time>2025-10-20T13:16:33.260Z</time></trkpt><trkpt lat="47.60914200" lon="19.14725650"><ele>157.57</ele><time>2025-10-20T13:16:33.449Z</time></trkpt><trkpt lat="47.60914470" lon="19.14724550"><ele>157.55</ele><time>2025-10-20T13:16:33.652Z</time></trkpt><trkpt lat="47.60914700" lon="19.14723560"><ele>157.53</ele><time>2025-10-20T13:16:33.833Z</time></trkpt><trkpt lat="47.60914960" lon="19.14722380"><ele>157.52</ele><time>2025-10-20T13:16:34.053Z</time></trkpt><trkpt lat="47.60915180" lon="19.14721290"><ele>157.50</ele><time>2025-10-20T13:16:34.255Z</time></trkpt><trkpt lat="47.60915390" lon="19.14720210"><ele>157.49</ele><time>2025-10-20T13:16:34.456Z</time></trkpt><trkpt lat="47.60915600" lon="19.14719110"><ele>157.48</ele><time>2025-10-20T13:16:34.659Z</time></trkpt><trkpt lat="47.60915790" lon="19.14718000"><ele>157.47</ele><time>2025-10-20T13:16:34.864Z</time></trkpt><trkpt lat="47.60915970" lon="19.14716930"><ele>157.47</ele><time>2025-10-20T13:16:35.064Z</time></trkpt><trkpt lat="47.60916140" lon="19.14715910"><ele>157.45</ele><time>2025-10-20T13:16:35.255Z</time></trkpt><trkpt lat="47.60916330" lon="19.14714760"><ele>157.44</ele><time>2025-10-20T13:16:35.476Z</time></trkpt><trkpt lat="47.60916470" lon="19.14713880"><ele>157.43</ele><time>2025-10-20T13:16:35.656Z</time></trkpt><trkpt lat="47.60916640" lon="19.14712720"><ele>157.42</ele><time>2025-10-20T13:16:35.878Z</time></trkpt><trkpt lat="47.60916780" lon="19.14711750"><ele>157.41</ele><time>2025-10-20T13:16:36.059Z</time></trkpt><trkpt lat="47.60916930" lon="19.14710650"><ele>157.40</ele><time>2025-10-20T13:16:36.264Z</time></trkpt><trkpt lat="47.60917080" lon="19.14709450"><ele>157.40</ele><time>2025-10-20T13:16:36.485Z</time></trkpt><trkpt lat="47.60917190" lon="19.14708470"><ele>157.39</ele><time>2025-10-20T13:16:36.666Z</time></trkpt><trkpt lat="47.60917290" lon="19.14707480"><ele>157.39</ele><time>2025-10-20T13:16:36.849Z</time></trkpt><trkpt lat="47.60917390" lon="19.14706430"><ele>157.38</ele><time>2025-10-20T13:16:37.051Z</time></trkpt><trkpt lat="47.60917470" lon="19.14705300"><ele>157.38</ele><time>2025-10-20T13:16:37.275Z</time></trkpt><trkpt lat="47.60917540" lon="19.14704210"><ele>157.38</ele><time>2025-10-20T13:16:37.476Z</time></trkpt><trkpt lat="47.60917590" lon="19.14703100"><ele>157.39</ele><time>2025-10-20T13:16:37.677Z</time></trkpt><trkpt lat="47.60917630" lon="19.14702110"><ele>157.41</ele><time>2025-10-20T13:16:37.857Z</time></trkpt><trkpt lat="47.60917680" lon="19.14700890"><ele>157.41</ele><time>2025-10-20T13:16:38.078Z</time></trkpt><trkpt lat="47.60917710" lon="19.14699900"><ele>157.40</ele><time>2025-10-20T13:16:38.259Z</time></trkpt><trkpt lat="47.60917740" lon="19.14698740"><ele>157.41</ele><time>2025-10-20T13:16:38.473Z</time></trkpt><trkpt lat="47.60917750" lon="19.14697640"><ele>157.41</ele><time>2025-10-20T13:16:38.674Z</time></trkpt><trkpt lat="47.60917740" lon="19.14696530"><ele>157.41</ele><time>2025-10-20T13:16:38.875Z</time></trkpt><trkpt lat="47.60917720" lon="19.14695400"><ele>157.42</ele><time>2025-10-20T13:16:39.076Z</time></trkpt><trkpt lat="47.60917700" lon="19.14694490"><ele>157.43</ele><time>2025-10-20T13:16:39.239Z</time></trkpt><trkpt lat="47.60917660" lon="19.14693070"><ele>157.44</ele><time>2025-10-20T13:16:39.485Z</time></trkpt><trkpt lat="47.60917610" lon="19.14691920"><ele>157.46</ele><time>2025-10-20T13:16:39.686Z</time></trkpt><trkpt lat="47.60917540" lon="19.14690780"><ele>157.48</ele><time>2025-10-20T13:16:39.889Z</time></trkpt><trkpt lat="47.60917450" lon="19.14689610"><ele>157.49</ele><time>2025-10-20T13:16:40.093Z</time></trkpt><trkpt lat="47.60917350" lon="19.14688470"><ele>157.50</ele><time>2025-10-20T13:16:40.294Z</time></trkpt><trkpt lat="47.60917250" lon="19.14687360"><ele>157.51</ele><time>2025-10-20T13:16:40.496Z</time></trkpt><trkpt lat="47.60917130" lon="19.14686250"><ele>157.52</ele><time>2025-10-20T13:16:40.697Z</time></trkpt><trkpt lat="47.60917010" lon="19.14685160"><ele>157.53</ele><time>2025-10-20T13:16:40.900Z</time></trkpt><trkpt lat="47.60916900" lon="19.14684160"><ele>157.54</ele><time>2025-10-20T13:16:41.101Z</time></trkpt><trkpt lat="47.60916800" lon="19.14683360"><ele>157.55</ele><time>2025-10-20T13:16:41.264Z</time></trkpt><trkpt lat="47.60916670" lon="19.14682340"><ele>157.56</ele><time>2025-10-20T13:16:41.470Z</time></trkpt><trkpt lat="47.60916520" lon="19.14681270"><ele>157.55</ele><time>2025-10-20T13:16:41.674Z</time></trkpt><trkpt lat="47.60916360" lon="19.14680080"><ele>157.54</ele><time>2025-10-20T13:16:41.895Z</time></trkpt><trkpt lat="47.60916200" lon="19.14678980"><ele>157.53</ele><time>2025-10-20T13:16:42.096Z</time></trkpt><trkpt lat="47.60916030" lon="19.14677880"><ele>157.52</ele><time>2025-10-20T13:16:42.298Z</time></trkpt><trkpt lat="47.60915880" lon="19.14676960"><ele>157.52</ele><time>2025-10-20T13:16:42.478Z</time></trkpt><trkpt lat="47.60915690" lon="19.14675890"><ele>157.52</ele><time>2025-10-20T13:16:42.679Z</time></trkpt><trkpt lat="47.60915480" lon="19.14674710"><ele>157.53</ele><time>2025-10-20T13:16:42.900Z</time></trkpt><trkpt lat="47.60915290" lon="19.14673740"><ele>157.55</ele><time>2025-10-20T13:16:43.080Z</time></trkpt><trkpt lat="47.60915080" lon="19.14672640"><ele>157.55</ele><time>2025-10-20T13:16:43.285Z</time></trkpt><trkpt lat="47.60914860" lon="19.14671580"><ele>157.56</ele><time>2025-10-20T13:16:43.487Z</time></trkpt><trkpt lat="47.60914630" lon="19.14670580"><ele>157.56</ele><time>2025-10-20T13:16:43.687Z</time></trkpt><trkpt lat="47.60914380" lon="19.14669560"><ele>157.56</ele><time>2025-10-20T13:16:43.889Z</time></trkpt><trkpt lat="47.60914140" lon="19.14668590"><ele>157.56</ele><time>2025-10-20T13:16:44.090Z</time></trkpt><trkpt lat="47.60913890" lon="19.14667550"><ele>157.57</ele><time>2025-10-20T13:16:44.296Z</time></trkpt><trkpt lat="47.60913610" lon="19.14666490"><ele>157.57</ele><time>2025-10-20T13:16:44.497Z</time></trkpt><trkpt lat="47.60913330" lon="19.14665440"><ele>157.58</ele><time>2025-10-20T13:16:44.699Z</time></trkpt><trkpt lat="47.60913030" lon="19.14664420"><ele>157.57</ele><time>2025-10-20T13:16:44.900Z</time></trkpt><trkpt lat="47.60912720" lon="19.14663400"><ele>157.58</ele><time>2025-10-20T13:16:45.101Z</time></trkpt><trkpt lat="47.60912390" lon="19.14662390"><ele>157.57</ele><time>2025-10-20T13:16:45.304Z</time></trkpt><trkpt lat="47.60912100" lon="19.14661540"><ele>157.57</ele><time>2025-10-20T13:16:45.487Z</time></trkpt><trkpt lat="47.60911750" lon="19.14660580"><ele>157.58</ele><time>2025-10-20T13:16:45.688Z</time></trkpt><trkpt lat="47.60911390" lon="19.14659600"><ele>157.58</ele><time>2025-10-20T13:16:45.890Z</time></trkpt><trkpt lat="47.60911060" lon="19.14658730"><ele>157.57</ele><time>2025-10-20T13:16:46.070Z</time></trkpt><trkpt lat="47.60910640" lon="19.14657650"><ele>157.56</ele><time>2025-10-20T13:16:46.292Z</time></trkpt><trkpt lat="47.60910250" lon="19.14656670"><ele>157.56</ele><time>2025-10-20T13:16:46.495Z</time></trkpt><trkpt lat="47.60909860" lon="19.14655710"><ele>157.55</ele><time>2025-10-20T13:16:46.698Z</time></trkpt><trkpt lat="47.60909490" lon="19.14654840"><ele>157.56</ele><time>2025-10-20T13:16:46.898Z</time></trkpt><trkpt lat="47.60909090" lon="19.14653890"><ele>157.56</ele><time>2025-10-20T13:16:47.099Z</time></trkpt><trkpt lat="47.60908700" lon="19.14653010"><ele>157.56</ele><time>2025-10-20T13:16:47.301Z</time></trkpt><trkpt lat="47.60908270" lon="19.14652090"><ele>157.56</ele><time>2025-10-20T13:16:47.503Z</time></trkpt><trkpt lat="47.60907840" lon="19.14651180"><ele>157.55</ele><time>2025-10-20T13:16:47.704Z</time></trkpt><trkpt lat="47.60907430" lon="19.14650360"><ele>157.54</ele><time>2025-10-20T13:16:47.887Z</time></trkpt><trkpt lat="47.60907010" lon="19.14649550"><ele>157.54</ele><time>2025-10-20T13:16:48.070Z</time></trkpt><trkpt lat="47.60906500" lon="19.14648570"><ele>157.54</ele><time>2025-10-20T13:16:48.290Z</time></trkpt><trkpt lat="47.60906010" lon="19.14647660"><ele>157.52</ele><time>2025-10-20T13:16:48.501Z</time></trkpt><trkpt lat="47.60905580" lon="19.14646870"><ele>157.52</ele><time>2025-10-20T13:16:48.701Z</time></trkpt><trkpt lat="47.60905170" lon="19.14646120"><ele>157.51</ele><time>2025-10-20T13:16:48.882Z</time></trkpt><trkpt lat="47.60904630" lon="19.14645150"><ele>157.49</ele><time>2025-10-20T13:16:49.103Z</time></trkpt><trkpt lat="47.60904170" lon="19.14644330"><ele>157.47</ele><time>2025-10-20T13:16:49.291Z</time></trkpt><trkpt lat="47.60903670" lon="19.14643400"><ele>157.47</ele><time>2025-10-20T13:16:49.503Z</time></trkpt><trkpt lat="47.60903230" lon="19.14642580"><ele>157.45</ele><time>2025-10-20T13:16:49.707Z</time></trkpt><trkpt lat="47.60902760" lon="19.14641710"><ele>157.43</ele><time>2025-10-20T13:16:49.910Z</time></trkpt><trkpt lat="47.60902290" lon="19.14640850"><ele>157.42</ele><time>2025-10-20T13:16:50.113Z</time></trkpt><trkpt lat="47.60901900" lon="19.14640130"><ele>157.42</ele><time>2025-10-20T13:16:50.283Z</time></trkpt><trkpt lat="47.60901390" lon="19.14639220"><ele>157.42</ele><time>2025-10-20T13:16:50.504Z</time></trkpt><trkpt lat="47.60900910" lon="19.14638420"><ele>157.42</ele><time>2025-10-20T13:16:50.707Z</time></trkpt><trkpt lat="47.60900460" lon="19.14637720"><ele>157.41</ele><time>2025-10-20T13:16:50.889Z</time></trkpt><trkpt lat="47.60899910" lon="19.14636920"><ele>157.40</ele><time>2025-10-20T13:16:51.111Z</time></trkpt><trkpt lat="47.60899380" lon="19.14636180"><ele>157.40</ele><time>2025-10-20T13:16:51.311Z</time></trkpt><trkpt lat="47.60898850" lon="19.14635480"><ele>157.40</ele><time>2025-10-20T13:16:51.512Z</time></trkpt><trkpt lat="47.60898340" lon="19.14634850"><ele>157.40</ele><time>2025-10-20T13:16:51.693Z</time></trkpt><trkpt lat="47.60897710" lon="19.14634100"><ele>157.39</ele><time>2025-10-20T13:16:51.916Z</time></trkpt><trkpt lat="47.60897180" lon="19.14633500"><ele>157.39</ele><time>2025-10-20T13:16:52.096Z</time></trkpt><trkpt lat="47.60896570" lon="19.14632840"><ele>157.39</ele><time>2025-10-20T13:16:52.301Z</time></trkpt><trkpt lat="47.60895960" lon="19.14632240"><ele>157.38</ele><time>2025-10-20T13:16:52.502Z</time></trkpt><trkpt lat="47.60895330" lon="19.14631660"><ele>157.37</ele><time>2025-10-20T13:16:52.705Z</time></trkpt><trkpt lat="47.60894690" lon="19.14631080"><ele>157.39</ele><time>2025-10-20T13:16:52.906Z</time></trkpt><trkpt lat="47.60894040" lon="19.14630500"><ele>157.40</ele><time>2025-10-20T13:16:53.108Z</time></trkpt><trkpt lat="47.60893370" lon="19.14629920"><ele>157.40</ele><time>2025-10-20T13:16:53.311Z</time></trkpt><trkpt lat="47.60892710" lon="19.14629340"><ele>157.40</ele><time>2025-10-20T13:16:53.511Z</time></trkpt><trkpt lat="47.60892020" lon="19.14628770"><ele>157.40</ele><time>2025-10-20T13:16:53.712Z</time></trkpt><trkpt lat="47.60891410" lon="19.14628280"><ele>157.40</ele><time>2025-10-20T13:16:53.893Z</time></trkpt><trkpt lat="47.60890730" lon="19.14627720"><ele>157.40</ele><time>2025-10-20T13:16:54.094Z</time></trkpt><trkpt lat="47.60890000" lon="19.14627130"><ele>157.42</ele><time>2025-10-20T13:16:54.316Z</time></trkpt><trkpt lat="47.60889310" lon="19.14626590"><ele>157.44</ele><time>2025-10-20T13:16:54.517Z</time></trkpt><trkpt lat="47.60888590" lon="19.14626070"><ele>157.45</ele><time>2025-10-20T13:16:54.718Z</time></trkpt><trkpt lat="47.60887880" lon="19.14625570"><ele>157.45</ele><time>2025-10-20T13:16:54.918Z</time></trkpt><trkpt lat="47.60887160" lon="19.14625100"><ele>157.46</ele><time>2025-10-20T13:16:55.119Z</time></trkpt><trkpt lat="47.60886570" lon="19.14624720"><ele>157.46</ele><time>2025-10-20T13:16:55.294Z</time></trkpt><trkpt lat="47.60885820" lon="19.14624250"><ele>157.46</ele><time>2025-10-20T13:16:55.516Z</time></trkpt><trkpt lat="47.60885110" lon="19.14623820"><ele>157.46</ele><time>2025-10-20T13:16:55.717Z</time></trkpt><trkpt lat="47.60884420" lon="19.14623400"><ele>157.47</ele><time>2025-10-20T13:16:55.919Z</time></trkpt><trkpt lat="47.60883720" lon="19.14622990"><ele>157.47</ele><time>2025-10-20T13:16:56.120Z</time></trkpt><trkpt lat="47.60883070" lon="19.14622610"><ele>157.48</ele><time>2025-10-20T13:16:56.311Z</time></trkpt><trkpt lat="47.60882380" lon="19.14622220"><ele>157.50</ele><time>2025-10-20T13:16:56.512Z</time></trkpt><trkpt lat="47.60881700" lon="19.14621830"><ele>157.51</ele><time>2025-10-20T13:16:56.713Z</time></trkpt><trkpt lat="47.60881040" lon="19.14621460"><ele>157.52</ele><time>2025-10-20T13:16:56.916Z</time></trkpt><trkpt lat="47.60880350" lon="19.14621100"><ele>157.52</ele><time>2025-10-20T13:16:57.117Z</time></trkpt><trkpt lat="47.60879670" lon="19.14620770"><ele>157.53</ele><time>2025-10-20T13:16:57.309Z</time></trkpt><trkpt lat="47.60878900" lon="19.14620400"><ele>157.54</ele><time>2025-10-20T13:16:57.530Z</time></trkpt><trkpt lat="47.60878410" lon="19.14620170"><ele>157.54</ele><time>2025-10-20T13:16:57.671Z</time></trkpt><trkpt lat="47.60877550" lon="19.14619790"><ele>157.55</ele><time>2025-10-20T13:16:57.911Z</time></trkpt><trkpt lat="47.60876850" lon="19.14619490"><ele>157.55</ele><time>2025-10-20T13:16:58.111Z</time></trkpt><trkpt lat="47.60876100" lon="19.14619180"><ele>157.55</ele><time>2025-10-20T13:16:58.332Z</time></trkpt><trkpt lat="47.60875520" lon="19.14618960"><ele>157.57</ele><time>2025-10-20T13:16:58.512Z</time></trkpt><trkpt lat="47.60874800" lon="19.14618690"><ele>157.58</ele><time>2025-10-20T13:16:58.713Z</time></trkpt><trkpt lat="47.60874080" lon="19.14618440"><ele>157.58</ele><time>2025-10-20T13:16:58.913Z</time></trkpt><trkpt lat="47.60873270" lon="19.14618180"><ele>157.56</ele><time>2025-10-20T13:16:59.134Z</time></trkpt><trkpt lat="47.60872670" lon="19.14617990"><ele>157.57</ele><time>2025-10-20T13:16:59.298Z</time></trkpt><trkpt lat="47.60871830" lon="19.14617730"><ele>157.58</ele><time>2025-10-20T13:16:59.521Z</time></trkpt><trkpt lat="47.60871080" lon="19.14617500"><ele>157.59</ele><time>2025-10-20T13:16:59.723Z</time></trkpt><trkpt lat="47.60870300" lon="19.14617310"><ele>157.62</ele><time>2025-10-20T13:16:59.924Z</time></trkpt><trkpt lat="47.60869520" lon="19.14617150"><ele>157.64</ele><time>2025-10-20T13:17:00.126Z</time></trkpt><trkpt lat="47.60868720" lon="19.14617040"><ele>157.65</ele><time>2025-10-20T13:17:00.330Z</time></trkpt><trkpt lat="47.60867920" lon="19.14616970"><ele>157.67</ele><time>2025-10-20T13:17:00.533Z</time></trkpt><trkpt lat="47.60867200" lon="19.14616940"><ele>157.67</ele><time>2025-10-20T13:17:00.715Z</time></trkpt><trkpt lat="47.60866340" lon="19.14616940"><ele>157.68</ele><time>2025-10-20T13:17:00.935Z</time></trkpt><trkpt lat="47.60865560" lon="19.14616950"><ele>157.70</ele><time>2025-10-20T13:17:01.138Z</time></trkpt><trkpt lat="47.60864960" lon="19.14616970"><ele>157.70</ele><time>2025-10-20T13:17:01.299Z</time></trkpt><trkpt lat="47.60864110" lon="19.14616990"><ele>157.69</ele><time>2025-10-20T13:17:01.522Z</time></trkpt><trkpt lat="47.60863430" lon="19.14617010"><ele>157.70</ele><time>2025-10-20T13:17:01.704Z</time></trkpt><trkpt lat="47.60862580" lon="19.14617040"><ele>157.72</ele><time>2025-10-20T13:17:01.927Z</time></trkpt><trkpt lat="47.60861740" lon="19.14617070"><ele>157.72</ele><time>2025-10-20T13:17:02.149Z</time></trkpt><trkpt lat="47.60861020" lon="19.14617120"><ele>157.73</ele><time>2025-10-20T13:17:02.340Z</time></trkpt><trkpt lat="47.60860250" lon="19.14617180"><ele>157.74</ele><time>2025-10-20T13:17:02.544Z</time></trkpt><trkpt lat="47.60859490" lon="19.14617260"><ele>157.75</ele><time>2025-10-20T13:17:02.746Z</time></trkpt><trkpt lat="47.60858720" lon="19.14617350"><ele>157.75</ele><time>2025-10-20T13:17:02.948Z</time></trkpt><trkpt lat="47.60858030" lon="19.14617450"><ele>157.75</ele><time>2025-10-20T13:17:03.129Z</time></trkpt><trkpt lat="47.60857240" lon="19.14617590"><ele>157.74</ele><time>2025-10-20T13:17:03.336Z</time></trkpt><trkpt lat="47.60856460" lon="19.14617750"><ele>157.74</ele><time>2025-10-20T13:17:03.537Z</time></trkpt><trkpt lat="47.60855690" lon="19.14617890"><ele>157.74</ele><time>2025-10-20T13:17:03.738Z</time></trkpt><trkpt lat="47.60854990" lon="19.14618000"><ele>157.75</ele><time>2025-10-20T13:17:03.918Z</time></trkpt><trkpt lat="47.60854140" lon="19.14618150"><ele>157.75</ele><time>2025-10-20T13:17:04.142Z</time></trkpt><trkpt lat="47.60853400" lon="19.14618290"><ele>157.74</ele><time>2025-10-20T13:17:04.345Z</time></trkpt><trkpt lat="47.60852650" lon="19.14618460"><ele>157.76</ele><time>2025-10-20T13:17:04.545Z</time></trkpt><trkpt lat="47.60851940" lon="19.14618630"><ele>157.78</ele><time>2025-10-20T13:17:04.727Z</time></trkpt><trkpt lat="47.60851140" lon="19.14618850"><ele>157.79</ele><time>2025-10-20T13:17:04.929Z</time></trkpt><trkpt lat="47.60850300" lon="19.14619120"><ele>157.79</ele><time>2025-10-20T13:17:05.149Z</time></trkpt><trkpt lat="47.60849600" lon="19.14619380"><ele>157.79</ele><time>2025-10-20T13:17:05.332Z</time></trkpt><trkpt lat="47.60848780" lon="19.14619720"><ele>157.79</ele><time>2025-10-20T13:17:05.553Z</time></trkpt><trkpt lat="47.60848050" lon="19.14620040"><ele>157.79</ele><time>2025-10-20T13:17:05.754Z</time></trkpt><trkpt lat="47.60847410" lon="19.14620340"><ele>157.80</ele><time>2025-10-20T13:17:05.936Z</time></trkpt><trkpt lat="47.60846690" lon="19.14620670"><ele>157.81</ele><time>2025-10-20T13:17:06.138Z</time></trkpt><trkpt lat="47.60846000" lon="19.14621000"><ele>157.80</ele><time>2025-10-20T13:17:06.340Z</time></trkpt><trkpt lat="47.60845310" lon="19.14621340"><ele>157.81</ele><time>2025-10-20T13:17:06.542Z</time></trkpt><trkpt lat="47.60844630" lon="19.14621680"><ele>157.82</ele><time>2025-10-20T13:17:06.743Z</time></trkpt><trkpt lat="47.60843960" lon="19.14622020"><ele>157.83</ele><time>2025-10-20T13:17:06.943Z</time></trkpt><trkpt lat="47.60843390" lon="19.14622320"><ele>157.83</ele><time>2025-10-20T13:17:07.123Z</time></trkpt><trkpt lat="47.60842670" lon="19.14622730"><ele>157.81</ele><time>2025-10-20T13:17:07.345Z</time></trkpt><trkpt lat="47.60842010" lon="19.14623110"><ele>157.81</ele><time>2025-10-20T13:17:07.546Z</time></trkpt><trkpt lat="47.60841360" lon="19.14623500"><ele>157.81</ele><time>2025-10-20T13:17:07.748Z</time></trkpt><trkpt lat="47.60840730" lon="19.14623900"><ele>157.81</ele><time>2025-10-20T13:17:07.948Z</time></trkpt><trkpt lat="47.60840120" lon="19.14624310"><ele>157.82</ele><time>2025-10-20T13:17:08.149Z</time></trkpt><trkpt lat="47.60839520" lon="19.14624730"><ele>157.83</ele><time>2025-10-20T13:17:08.341Z</time></trkpt><trkpt lat="47.60838950" lon="19.14625150"><ele>157.83</ele><time>2025-10-20T13:17:08.535Z</time></trkpt><trkpt lat="47.60838380" lon="19.14625590"><ele>157.84</ele><time>2025-10-20T13:17:08.735Z</time></trkpt><trkpt lat="47.60837770" lon="19.14626080"><ele>157.84</ele><time>2025-10-20T13:17:08.936Z</time></trkpt><trkpt lat="47.60837160" lon="19.14626590"><ele>157.84</ele><time>2025-10-20T13:17:09.136Z</time></trkpt><trkpt lat="47.60836700" lon="19.14626990"><ele>157.85</ele><time>2025-10-20T13:17:09.280Z</time></trkpt><trkpt lat="47.60835880" lon="19.14627760"><ele>157.86</ele><time>2025-10-20T13:17:09.543Z</time></trkpt><trkpt lat="47.60835310" lon="19.14628310"><ele>157.88</ele><time>2025-10-20T13:17:09.724Z</time></trkpt><trkpt lat="47.60834690" lon="19.14628920"><ele>157.89</ele><time>2025-10-20T13:17:09.926Z</time></trkpt><trkpt lat="47.60834090" lon="19.14629520"><ele>157.90</ele><time>2025-10-20T13:17:10.126Z</time></trkpt><trkpt lat="47.60833480" lon="19.14630130"><ele>157.90</ele><time>2025-10-20T13:17:10.327Z</time></trkpt><trkpt lat="47.60832770" lon="19.14630850"><ele>157.90</ele><time>2025-10-20T13:17:10.548Z</time></trkpt><trkpt lat="47.60832120" lon="19.14631510"><ele>157.92</ele><time>2025-10-20T13:17:10.749Z</time></trkpt><trkpt lat="47.60831460" lon="19.14632180"><ele>157.93</ele><time>2025-10-20T13:17:10.950Z</time></trkpt><trkpt lat="47.60830810" lon="19.14632850"><ele>157.93</ele><time>2025-10-20T13:17:11.150Z</time></trkpt><trkpt lat="47.60830230" lon="19.14633470"><ele>157.92</ele><time>2025-10-20T13:17:11.335Z</time></trkpt><trkpt lat="47.60829650" lon="19.14634110"><ele>157.91</ele><time>2025-10-20T13:17:11.537Z</time></trkpt><trkpt lat="47.60829050" lon="19.14634830"><ele>157.91</ele><time>2025-10-20T13:17:11.737Z</time></trkpt><trkpt lat="47.60828530" lon="19.14635480"><ele>157.90</ele><time>2025-10-20T13:17:11.920Z</time></trkpt><trkpt lat="47.60827960" lon="19.14636220"><ele>157.89</ele><time>2025-10-20T13:17:12.123Z</time></trkpt><trkpt lat="47.60827390" lon="19.14637000"><ele>157.90</ele><time>2025-10-20T13:17:12.331Z</time></trkpt><trkpt lat="47.60826830" lon="19.14637750"><ele>157.92</ele><time>2025-10-20T13:17:12.536Z</time></trkpt><trkpt lat="47.60826280" lon="19.14638490"><ele>157.93</ele><time>2025-10-20T13:17:12.736Z</time></trkpt><trkpt lat="47.60825740" lon="19.14639210"><ele>157.96</ele><time>2025-10-20T13:17:12.937Z</time></trkpt><trkpt lat="47.60825250" lon="19.14639890"><ele>157.97</ele><time>2025-10-20T13:17:13.118Z</time></trkpt><trkpt lat="47.60824710" lon="19.14640650"><ele>157.97</ele><time>2025-10-20T13:17:13.322Z</time></trkpt><trkpt lat="47.60824110" lon="19.14641570"><ele>158.00</ele><time>2025-10-20T13:17:13.545Z</time></trkpt><trkpt lat="47.60823640" lon="19.14642350"><ele>158.01</ele><time>2025-10-20T13:17:13.726Z</time></trkpt><trkpt lat="47.60823090" lon="19.14643330"><ele>158.01</ele><time>2025-10-20T13:17:13.947Z</time></trkpt><trkpt lat="47.60822580" lon="19.14644270"><ele>158.01</ele><time>2025-10-20T13:17:14.151Z</time></trkpt><trkpt lat="47.60822170" lon="19.14645040"><ele>158.00</ele><time>2025-10-20T13:17:14.323Z</time></trkpt><trkpt lat="47.60821640" lon="19.14646010"><ele>158.01</ele><time>2025-10-20T13:17:14.550Z</time></trkpt><trkpt lat="47.60821180" lon="19.14646850"><ele>158.02</ele><time>2025-10-20T13:17:14.753Z</time></trkpt><trkpt lat="47.60820700" lon="19.14647750"><ele>158.02</ele><time>2025-10-20T13:17:14.954Z</time></trkpt><trkpt lat="47.60820230" lon="19.14648640"><ele>158.03</ele><time>2025-10-20T13:17:15.155Z</time></trkpt><trkpt lat="47.60819780" lon="19.14649490"><ele>158.02</ele><time>2025-10-20T13:17:15.344Z</time></trkpt><trkpt lat="47.60819350" lon="19.14650300"><ele>158.01</ele><time>2025-10-20T13:17:15.525Z</time></trkpt><trkpt lat="47.60818830" lon="19.14651290"><ele>158.01</ele><time>2025-10-20T13:17:15.746Z</time></trkpt><trkpt lat="47.60818390" lon="19.14652190"><ele>158.00</ele><time>2025-10-20T13:17:15.948Z</time></trkpt><trkpt lat="47.60817970" lon="19.14653080"><ele>157.99</ele><time>2025-10-20T13:17:16.150Z</time></trkpt><trkpt lat="47.60817580" lon="19.14653940"><ele>157.99</ele><time>2025-10-20T13:17:16.339Z</time></trkpt><trkpt lat="47.60817160" lon="19.14654900"><ele>157.99</ele><time>2025-10-20T13:17:16.546Z</time></trkpt><trkpt lat="47.60816770" lon="19.14655840"><ele>157.99</ele><time>2025-10-20T13:17:16.748Z</time></trkpt><trkpt lat="47.60816390" lon="19.14656800"><ele>158.00</ele><time>2025-10-20T13:17:16.949Z</time></trkpt><trkpt lat="47.60816020" lon="19.14657760"><ele>158.00</ele><time>2025-10-20T13:17:17.150Z</time></trkpt><trkpt lat="47.60815670" lon="19.14658710"><ele>157.99</ele><time>2025-10-20T13:17:17.352Z</time></trkpt><trkpt lat="47.60815330" lon="19.14659660"><ele>158.00</ele><time>2025-10-20T13:17:17.554Z</time></trkpt><trkpt lat="47.60815000" lon="19.14660620"><ele>158.02</ele><time>2025-10-20T13:17:17.754Z</time></trkpt><trkpt lat="47.60814680" lon="19.14661580"><ele>158.01</ele><time>2025-10-20T13:17:17.955Z</time></trkpt><trkpt lat="47.60814380" lon="19.14662480"><ele>158.00</ele><time>2025-10-20T13:17:18.137Z</time></trkpt><trkpt lat="47.60814100" lon="19.14663380"><ele>157.98</ele><time>2025-10-20T13:17:18.320Z</time></trkpt><trkpt lat="47.60813750" lon="19.14664470"><ele>157.96</ele><time>2025-10-20T13:17:18.543Z</time></trkpt><trkpt lat="47.60813440" lon="19.14665490"><ele>157.93</ele><time>2025-10-20T13:17:18.752Z</time></trkpt><trkpt lat="47.60813150" lon="19.14666460"><ele>157.90</ele><time>2025-10-20T13:17:18.954Z</time></trkpt><trkpt lat="47.60812860" lon="19.14667430"><ele>157.90</ele><time>2025-10-20T13:17:19.155Z</time></trkpt><trkpt lat="47.60812570" lon="19.14668450"><ele>157.88</ele><time>2025-10-20T13:17:19.362Z</time></trkpt><trkpt lat="47.60812300" lon="19.14669470"><ele>157.86</ele><time>2025-10-20T13:17:19.564Z</time></trkpt><trkpt lat="47.60812030" lon="19.14670590"><ele>157.83</ele><time>2025-10-20T13:17:19.785Z</time></trkpt><trkpt lat="47.60811810" lon="19.14671520"><ele>157.81</ele><time>2025-10-20T13:17:19.967Z</time></trkpt><trkpt lat="47.60811580" lon="19.14672570"><ele>157.78</ele><time>2025-10-20T13:17:20.169Z</time></trkpt><trkpt lat="47.60811380" lon="19.14673620"><ele>157.74</ele><time>2025-10-20T13:17:20.373Z</time></trkpt><trkpt lat="47.60811170" lon="19.14674670"><ele>157.72</ele><time>2025-10-20T13:17:20.576Z</time></trkpt><trkpt lat="47.60810960" lon="19.14675740"><ele>157.71</ele><time>2025-10-20T13:17:20.778Z</time></trkpt><trkpt lat="47.60810750" lon="19.14676830"><ele>157.70</ele><time>2025-10-20T13:17:20.979Z</time></trkpt><trkpt lat="47.60810550" lon="19.14677910"><ele>157.69</ele><time>2025-10-20T13:17:21.181Z</time></trkpt><trkpt lat="47.60810400" lon="19.14678780"><ele>157.68</ele><time>2025-10-20T13:17:21.343Z</time></trkpt><trkpt lat="47.60810180" lon="19.14680090"><ele>157.67</ele><time>2025-10-20T13:17:21.585Z</time></trkpt><trkpt lat="47.60810050" lon="19.14680960"><ele>157.67</ele><time>2025-10-20T13:17:21.749Z</time></trkpt><trkpt lat="47.60809870" lon="19.14682100"><ele>157.65</ele><time>2025-10-20T13:17:21.971Z</time></trkpt><trkpt lat="47.60809730" lon="19.14683080"><ele>157.62</ele><time>2025-10-20T13:17:22.160Z</time></trkpt><trkpt lat="47.60809570" lon="19.14684280"><ele>157.61</ele><time>2025-10-20T13:17:22.382Z</time></trkpt><trkpt lat="47.60809440" lon="19.14685300"><ele>157.61</ele><time>2025-10-20T13:17:22.572Z</time></trkpt><trkpt lat="47.60809320" lon="19.14686380"><ele>157.61</ele><time>2025-10-20T13:17:22.773Z</time></trkpt><trkpt lat="47.60809190" lon="19.14687460"><ele>157.62</ele><time>2025-10-20T13:17:22.974Z</time></trkpt><trkpt lat="47.60809090" lon="19.14688450"><ele>157.62</ele><time>2025-10-20T13:17:23.154Z</time></trkpt><trkpt lat="47.60809000" lon="19.14689490"><ele>157.64</ele><time>2025-10-20T13:17:23.355Z</time></trkpt><trkpt lat="47.60808930" lon="19.14690570"><ele>157.66</ele><time>2025-10-20T13:17:23.555Z</time></trkpt><trkpt lat="47.60808860" lon="19.14691790"><ele>157.66</ele><time>2025-10-20T13:17:23.775Z</time></trkpt><trkpt lat="47.60808820" lon="19.14692910"><ele>157.66</ele><time>2025-10-20T13:17:23.975Z</time></trkpt><trkpt lat="47.60808790" lon="19.14693930"><ele>157.65</ele><time>2025-10-20T13:17:24.155Z</time></trkpt><trkpt lat="47.60808770" lon="19.14695200"><ele>157.64</ele><time>2025-10-20T13:17:24.379Z</time></trkpt><trkpt lat="47.60808760" lon="19.14696340"><ele>157.64</ele><time>2025-10-20T13:17:24.580Z</time></trkpt><trkpt lat="47.60808760" lon="19.14697430"><ele>157.64</ele><time>2025-10-20T13:17:24.781Z</time></trkpt><trkpt lat="47.60808760" lon="19.14698540"><ele>157.62</ele><time>2025-10-20T13:17:24.981Z</time></trkpt><trkpt lat="47.60808770" lon="19.14699610"><ele>157.62</ele><time>2025-10-20T13:17:25.183Z</time></trkpt><trkpt lat="47.60808800" lon="19.14700750"><ele>157.60</ele><time>2025-10-20T13:17:25.384Z</time></trkpt><trkpt lat="47.60808850" lon="19.14701900"><ele>157.60</ele><time>2025-10-20T13:17:25.586Z</time></trkpt><trkpt lat="47.60808910" lon="19.14702950"><ele>157.61</ele><time>2025-10-20T13:17:25.767Z</time></trkpt><trkpt lat="47.60809000" lon="19.14704240"><ele>157.63</ele><time>2025-10-20T13:17:25.988Z</time></trkpt><trkpt lat="47.60809100" lon="19.14705410"><ele>157.64</ele><time>2025-10-20T13:17:26.189Z</time></trkpt><trkpt lat="47.60809190" lon="19.14706490"><ele>157.65</ele><time>2025-10-20T13:17:26.389Z</time></trkpt><trkpt lat="47.60809300" lon="19.14707630"><ele>157.66</ele><time>2025-10-20T13:17:26.591Z</time></trkpt><trkpt lat="47.60809430" lon="19.14708790"><ele>157.67</ele><time>2025-10-20T13:17:26.792Z</time></trkpt><trkpt lat="47.60809570" lon="19.14709970"><ele>157.68</ele><time>2025-10-20T13:17:26.993Z</time></trkpt><trkpt lat="47.60809740" lon="19.14711140"><ele>157.69</ele><time>2025-10-20T13:17:27.196Z</time></trkpt><trkpt lat="47.60809900" lon="19.14712180"><ele>157.70</ele><time>2025-10-20T13:17:27.376Z</time></trkpt><trkpt lat="47.60810060" lon="19.14713190"><ele>157.72</ele><time>2025-10-20T13:17:27.558Z</time></trkpt><trkpt lat="47.60810250" lon="19.14714270"><ele>157.74</ele><time>2025-10-20T13:17:27.780Z</time></trkpt><trkpt lat="47.60810440" lon="19.14715320"><ele>157.76</ele><time>2025-10-20T13:17:27.981Z</time></trkpt><trkpt lat="47.60810630" lon="19.14716280"><ele>157.76</ele><time>2025-10-20T13:17:28.162Z</time></trkpt><trkpt lat="47.60810880" lon="19.14717480"><ele>157.76</ele><time>2025-10-20T13:17:28.384Z</time></trkpt><trkpt lat="47.60811110" lon="19.14718560"><ele>157.76</ele><time>2025-10-20T13:17:28.586Z</time></trkpt><trkpt lat="47.60811350" lon="19.14719640"><ele>157.77</ele><time>2025-10-20T13:17:28.788Z</time></trkpt><trkpt lat="47.60811580" lon="19.14720730"><ele>157.77</ele><time>2025-10-20T13:17:28.989Z</time></trkpt><trkpt lat="47.60811830" lon="19.14721770"><ele>157.78</ele><time>2025-10-20T13:17:29.190Z</time></trkpt><trkpt lat="47.60812080" lon="19.14722820"><ele>157.78</ele><time>2025-10-20T13:17:29.392Z</time></trkpt><trkpt lat="47.60812330" lon="19.14723760"><ele>157.79</ele><time>2025-10-20T13:17:29.571Z</time></trkpt><trkpt lat="47.60812650" lon="19.14724940"><ele>157.79</ele><time>2025-10-20T13:17:29.794Z</time></trkpt><trkpt lat="47.60812950" lon="19.14725980"><ele>157.79</ele><time>2025-10-20T13:17:29.993Z</time></trkpt><trkpt lat="47.60813280" lon="19.14727130"><ele>157.78</ele><time>2025-10-20T13:17:30.214Z</time></trkpt><trkpt lat="47.60813560" lon="19.14728060"><ele>157.77</ele><time>2025-10-20T13:17:30.395Z</time></trkpt><trkpt lat="47.60813860" lon="19.14729060"><ele>157.77</ele><time>2025-10-20T13:17:30.595Z</time></trkpt><trkpt lat="47.60814150" lon="19.14730000"><ele>157.77</ele><time>2025-10-20T13:17:30.797Z</time></trkpt><trkpt lat="47.60814500" lon="19.14731110"><ele>157.78</ele><time>2025-10-20T13:17:31.017Z</time></trkpt><trkpt lat="47.60814820" lon="19.14732090"><ele>157.80</ele><time>2025-10-20T13:17:31.218Z</time></trkpt><trkpt lat="47.60815090" lon="19.14732890"><ele>157.80</ele><time>2025-10-20T13:17:31.380Z</time></trkpt><trkpt lat="47.60815430" lon="19.14733870"><ele>157.77</ele><time>2025-10-20T13:17:31.580Z</time></trkpt><trkpt lat="47.60815780" lon="19.14734860"><ele>157.74</ele><time>2025-10-20T13:17:31.782Z</time></trkpt><trkpt lat="47.60816160" lon="19.14735930"><ele>157.72</ele><time>2025-10-20T13:17:32.002Z</time></trkpt><trkpt lat="47.60816520" lon="19.14736890"><ele>157.71</ele><time>2025-10-20T13:17:32.202Z</time></trkpt><trkpt lat="47.60816870" lon="19.14737850"><ele>157.68</ele><time>2025-10-20T13:17:32.403Z</time></trkpt><trkpt lat="47.60817240" lon="19.14738810"><ele>157.66</ele><time>2025-10-20T13:17:32.604Z</time></trkpt><trkpt lat="47.60817600" lon="19.14739760"><ele>157.65</ele><time>2025-10-20T13:17:32.804Z</time></trkpt><trkpt lat="47.60817980" lon="19.14740710"><ele>157.65</ele><time>2025-10-20T13:17:33.006Z</time></trkpt><trkpt lat="47.60818370" lon="19.14741670"><ele>157.64</ele><time>2025-10-20T13:17:33.206Z</time></trkpt><trkpt lat="47.60818760" lon="19.14742580"><ele>157.63</ele><time>2025-10-20T13:17:33.401Z</time></trkpt><trkpt lat="47.60819130" lon="19.14743440"><ele>157.62</ele><time>2025-10-20T13:17:33.603Z</time></trkpt><trkpt lat="47.60819460" lon="19.14744150"><ele>157.62</ele><time>2025-10-20T13:17:33.764Z</time></trkpt><trkpt lat="47.60819970" lon="19.14745240"><ele>157.61</ele><time>2025-10-20T13:17:34.005Z</time></trkpt><trkpt lat="47.60820400" lon="19.14746160"><ele>157.60</ele><time>2025-10-20T13:17:34.205Z</time></trkpt><trkpt lat="47.60820790" lon="19.14746980"><ele>157.59</ele><time>2025-10-20T13:17:34.378Z</time></trkpt><trkpt lat="47.60821310" lon="19.14748020"><ele>157.60</ele><time>2025-10-20T13:17:34.599Z</time></trkpt><trkpt lat="47.60821740" lon="19.14748860"><ele>157.60</ele><time>2025-10-20T13:17:34.779Z</time></trkpt><trkpt lat="47.60822260" lon="19.14749850"><ele>157.60</ele><time>2025-10-20T13:17:35.000Z</time></trkpt><trkpt lat="47.60822690" lon="19.14750660"><ele>157.60</ele><time>2025-10-20T13:17:35.180Z</time></trkpt><trkpt lat="47.60823220" lon="19.14751600"><ele>157.59</ele><time>2025-10-20T13:17:35.401Z</time></trkpt><trkpt lat="47.60823730" lon="19.14752450"><ele>157.60</ele><time>2025-10-20T13:17:35.603Z</time></trkpt><trkpt lat="47.60824210" lon="19.14753210"><ele>157.60</ele><time>2025-10-20T13:17:35.785Z</time></trkpt><trkpt lat="47.60824800" lon="19.14754110"><ele>157.61</ele><time>2025-10-20T13:17:36.005Z</time></trkpt><trkpt lat="47.60825290" lon="19.14754830"><ele>157.62</ele><time>2025-10-20T13:17:36.187Z</time></trkpt><trkpt lat="47.60825840" lon="19.14755590"><ele>157.63</ele><time>2025-10-20T13:17:36.387Z</time></trkpt><trkpt lat="47.60826340" lon="19.14756250"><ele>157.65</ele><time>2025-10-20T13:17:36.569Z</time></trkpt><trkpt lat="47.60827020" lon="19.14757140"><ele>157.66</ele><time>2025-10-20T13:17:36.809Z</time></trkpt><trkpt lat="47.60827540" lon="19.14757790"><ele>157.67</ele><time>2025-10-20T13:17:36.991Z</time></trkpt><trkpt lat="47.60828110" lon="19.14758500"><ele>157.68</ele><time>2025-10-20T13:17:37.192Z</time></trkpt><trkpt lat="47.60828700" lon="19.14759210"><ele>157.69</ele><time>2025-10-20T13:17:37.395Z</time></trkpt><trkpt lat="47.60829300" lon="19.14759890"><ele>157.70</ele><time>2025-10-20T13:17:37.595Z</time></trkpt><trkpt lat="47.60829900" lon="19.14760550"><ele>157.71</ele><time>2025-10-20T13:17:37.797Z</time></trkpt><trkpt lat="47.60830440" lon="19.14761140"><ele>157.71</ele><time>2025-10-20T13:17:37.977Z</time></trkpt><trkpt lat="47.60831110" lon="19.14761830"><ele>157.72</ele><time>2025-10-20T13:17:38.198Z</time></trkpt><trkpt lat="47.60831750" lon="19.14762480"><ele>157.73</ele><time>2025-10-20T13:17:38.402Z</time></trkpt><trkpt lat="47.60832390" lon="19.14763120"><ele>157.74</ele><time>2025-10-20T13:17:38.605Z</time></trkpt><trkpt lat="47.60833020" lon="19.14763730"><ele>157.75</ele><time>2025-10-20T13:17:38.807Z</time></trkpt><trkpt lat="47.60833670" lon="19.14764340"><ele>157.75</ele><time>2025-10-20T13:17:39.009Z</time></trkpt><trkpt lat="47.60834330" lon="19.14764930"><ele>157.76</ele><time>2025-10-20T13:17:39.209Z</time></trkpt><trkpt lat="47.60835000" lon="19.14765500"><ele>157.77</ele><time>2025-10-20T13:17:39.412Z</time></trkpt><trkpt lat="47.60835600" lon="19.14766010"><ele>157.78</ele><time>2025-10-20T13:17:39.612Z</time></trkpt><trkpt lat="47.60836220" lon="19.14766520"><ele>157.78</ele><time>2025-10-20T13:17:39.813Z</time></trkpt><trkpt lat="47.60836850" lon="19.14767020"><ele>157.79</ele><time>2025-10-20T13:17:40.014Z</time></trkpt><trkpt lat="47.60837450" lon="19.14767500"><ele>157.79</ele><time>2025-10-20T13:17:40.193Z</time></trkpt><trkpt lat="47.60838140" lon="19.14768020"><ele>157.79</ele><time>2025-10-20T13:17:40.395Z</time></trkpt><trkpt lat="47.60838820" lon="19.14768520"><ele>157.80</ele><time>2025-10-20T13:17:40.595Z</time></trkpt><trkpt lat="47.60839580" lon="19.14769060"><ele>157.80</ele><time>2025-10-20T13:17:40.816Z</time></trkpt><trkpt lat="47.60840190" lon="19.14769480"><ele>157.81</ele><time>2025-10-20T13:17:41.017Z</time></trkpt><trkpt lat="47.60840870" lon="19.14769940"><ele>157.81</ele><time>2025-10-20T13:17:41.217Z</time></trkpt><trkpt lat="47.60841560" lon="19.14770390"><ele>157.83</ele><time>2025-10-20T13:17:41.417Z</time></trkpt><trkpt lat="47.60842250" lon="19.14770830"><ele>157.84</ele><time>2025-10-20T13:17:41.617Z</time></trkpt><trkpt lat="47.60842960" lon="19.14771270"><ele>157.84</ele><time>2025-10-20T13:17:41.817Z</time></trkpt><trkpt lat="47.60843540" lon="19.14771620"><ele>157.85</ele><time>2025-10-20T13:17:41.977Z</time></trkpt><trkpt lat="47.60844400" lon="19.14772120"><ele>157.86</ele><time>2025-10-20T13:17:42.220Z</time></trkpt><trkpt lat="47.60845120" lon="19.14772520"><ele>157.87</ele><time>2025-10-20T13:17:42.421Z</time></trkpt><trkpt lat="47.60845790" lon="19.14772880"><ele>157.88</ele><time>2025-10-20T13:17:42.624Z</time></trkpt><trkpt lat="47.60846500" lon="19.14773270"><ele>157.88</ele><time>2025-10-20T13:17:42.824Z</time></trkpt><trkpt lat="47.60847210" lon="19.14773630"><ele>157.89</ele><time>2025-10-20T13:17:43.026Z</time></trkpt><trkpt lat="47.60847970" lon="19.14773990"><ele>157.91</ele><time>2025-10-20T13:17:43.230Z</time></trkpt><trkpt lat="47.60848730" lon="19.14774320"><ele>157.92</ele><time>2025-10-20T13:17:43.433Z</time></trkpt><trkpt lat="47.60849440" lon="19.14774620"><ele>157.92</ele><time>2025-10-20T13:17:43.622Z</time></trkpt><trkpt lat="47.60850260" lon="19.14774940"><ele>157.92</ele><time>2025-10-20T13:17:43.843Z</time></trkpt><trkpt lat="47.60850900" lon="19.14775170"><ele>157.92</ele><time>2025-10-20T13:17:44.025Z</time></trkpt><trkpt lat="47.60851620" lon="19.14775420"><ele>157.92</ele><time>2025-10-20T13:17:44.228Z</time></trkpt><trkpt lat="47.60852380" lon="19.14775660"><ele>157.91</ele><time>2025-10-20T13:17:44.431Z</time></trkpt><trkpt lat="47.60853130" lon="19.14775870"><ele>157.92</ele><time>2025-10-20T13:17:44.633Z</time></trkpt><trkpt lat="47.60853950" lon="19.14776080"><ele>157.92</ele><time>2025-10-20T13:17:44.856Z</time></trkpt><trkpt lat="47.60854620" lon="19.14776230"><ele>157.93</ele><time>2025-10-20T13:17:45.036Z</time></trkpt><trkpt lat="47.60855290" lon="19.14776370"><ele>157.94</ele><time>2025-10-20T13:17:45.217Z</time></trkpt><trkpt lat="47.60856040" lon="19.14776510"><ele>157.94</ele><time>2025-10-20T13:17:45.428Z</time></trkpt><trkpt lat="47.60856780" lon="19.14776640"><ele>157.95</ele><time>2025-10-20T13:17:45.630Z</time></trkpt><trkpt lat="47.60857510" lon="19.14776740"><ele>157.95</ele><time>2025-10-20T13:17:45.833Z</time></trkpt><trkpt lat="47.60858250" lon="19.14776840"><ele>157.94</ele><time>2025-10-20T13:17:46.034Z</time></trkpt><trkpt lat="47.60858990" lon="19.14776920"><ele>157.93</ele><time>2025-10-20T13:17:46.237Z</time></trkpt><trkpt lat="47.60859740" lon="19.14776990"><ele>157.92</ele><time>2025-10-20T13:17:46.438Z</time></trkpt><trkpt lat="47.60860400" lon="19.14777040"><ele>157.91</ele><time>2025-10-20T13:17:46.619Z</time></trkpt><trkpt lat="47.60861120" lon="19.14777090"><ele>157.90</ele><time>2025-10-20T13:17:46.821Z</time></trkpt><trkpt lat="47.60861880" lon="19.14777120"><ele>157.90</ele><time>2025-10-20T13:17:47.043Z</time></trkpt><trkpt lat="47.60862620" lon="19.14777150"><ele>157.89</ele><time>2025-10-20T13:17:47.246Z</time></trkpt><trkpt lat="47.60863290" lon="19.14777160"><ele>157.88</ele><time>2025-10-20T13:17:47.429Z</time></trkpt><trkpt lat="47.60864010" lon="19.14777170"><ele>157.87</ele><time>2025-10-20T13:17:47.631Z</time></trkpt><trkpt lat="47.60864740" lon="19.14777170"><ele>157.87</ele><time>2025-10-20T13:17:47.834Z</time></trkpt><trkpt lat="47.60865470" lon="19.14777150"><ele>157.86</ele><time>2025-10-20T13:17:48.035Z</time></trkpt><trkpt lat="47.60866180" lon="19.14777130"><ele>157.85</ele><time>2025-10-20T13:17:48.240Z</time></trkpt><trkpt lat="47.60866840" lon="19.14777090"><ele>157.84</ele><time>2025-10-20T13:17:48.428Z</time></trkpt><trkpt lat="47.60867570" lon="19.14777030"><ele>157.84</ele><time>2025-10-20T13:17:48.629Z</time></trkpt><trkpt lat="47.60868230" lon="19.14776970"><ele>157.83</ele><time>2025-10-20T13:17:48.813Z</time></trkpt><trkpt lat="47.60868960" lon="19.14776870"><ele>157.82</ele><time>2025-10-20T13:17:49.014Z</time></trkpt><trkpt lat="47.60869730" lon="19.14776750"><ele>157.81</ele><time>2025-10-20T13:17:49.223Z</time></trkpt><trkpt lat="47.60870510" lon="19.14776610"><ele>157.81</ele><time>2025-10-20T13:17:49.434Z</time></trkpt><trkpt lat="47.60871260" lon="19.14776460"><ele>157.80</ele><time>2025-10-20T13:17:49.639Z</time></trkpt><trkpt lat="47.60871980" lon="19.14776310"><ele>157.79</ele><time>2025-10-20T13:17:49.840Z</time></trkpt><trkpt lat="47.60872610" lon="19.14776150"><ele>157.78</ele><time>2025-10-20T13:17:50.021Z</time></trkpt><trkpt lat="47.60873320" lon="19.14775970"><ele>157.77</ele><time>2025-10-20T13:17:50.223Z</time></trkpt><trkpt lat="47.60874100" lon="19.14775750"><ele>157.76</ele><time>2025-10-20T13:17:50.435Z</time></trkpt><trkpt lat="47.60874920" lon="19.14775500"><ele>157.75</ele><time>2025-10-20T13:17:50.657Z</time></trkpt><trkpt lat="47.60875590" lon="19.14775280"><ele>157.75</ele><time>2025-10-20T13:17:50.838Z</time></trkpt><trkpt lat="47.60876350" lon="19.14775010"><ele>157.73</ele><time>2025-10-20T13:17:51.041Z</time></trkpt><trkpt lat="47.60877100" lon="19.14774730"><ele>157.73</ele><time>2025-10-20T13:17:51.243Z</time></trkpt><trkpt lat="47.60877850" lon="19.14774430"><ele>157.71</ele><time>2025-10-20T13:17:51.455Z</time></trkpt><trkpt lat="47.60878510" lon="19.14774160"><ele>157.70</ele><time>2025-10-20T13:17:51.637Z</time></trkpt><trkpt lat="47.60879260" lon="19.14773830"><ele>157.70</ele><time>2025-10-20T13:17:51.839Z</time></trkpt><trkpt lat="47.60880000" lon="19.14773480"><ele>157.69</ele><time>2025-10-20T13:17:52.041Z</time></trkpt><trkpt lat="47.60880700" lon="19.14773120"><ele>157.69</ele><time>2025-10-20T13:17:52.229Z</time></trkpt><trkpt lat="47.60881450" lon="19.14772730"><ele>157.68</ele><time>2025-10-20T13:17:52.432Z</time></trkpt><trkpt lat="47.60882160" lon="19.14772340"><ele>157.68</ele><time>2025-10-20T13:17:52.633Z</time></trkpt><trkpt lat="47.60882820" lon="19.14771960"><ele>157.68</ele><time>2025-10-20T13:17:52.835Z</time></trkpt><trkpt lat="47.60883500" lon="19.14771560"><ele>157.69</ele><time>2025-10-20T13:17:53.036Z</time></trkpt><trkpt lat="47.60884210" lon="19.14771130"><ele>157.68</ele><time>2025-10-20T13:17:53.236Z</time></trkpt><trkpt lat="47.60884920" lon="19.14770660"><ele>157.68</ele><time>2025-10-20T13:17:53.437Z</time></trkpt><trkpt lat="47.60885620" lon="19.14770190"><ele>157.67</ele><time>2025-10-20T13:17:53.637Z</time></trkpt><trkpt lat="47.60886320" lon="19.14769700"><ele>157.67</ele><time>2025-10-20T13:17:53.839Z</time></trkpt><trkpt lat="47.60886880" lon="19.14769300"><ele>157.67</ele><time>2025-10-20T13:17:53.999Z</time></trkpt><trkpt lat="47.60887580" lon="19.14768770"><ele>157.67</ele><time>2025-10-20T13:17:54.220Z</time></trkpt><trkpt lat="47.60888270" lon="19.14768250"><ele>157.66</ele><time>2025-10-20T13:17:54.423Z</time></trkpt><trkpt lat="47.60888900" lon="19.14767760"><ele>157.66</ele><time>2025-10-20T13:17:54.624Z</time></trkpt><trkpt lat="47.60889640" lon="19.14767170"><ele>157.65</ele><time>2025-10-20T13:17:54.845Z</time></trkpt><trkpt lat="47.60890310" lon="19.14766620"><ele>157.64</ele><time>2025-10-20T13:17:55.046Z</time></trkpt><trkpt lat="47.60890920" lon="19.14766090"><ele>157.64</ele><time>2025-10-20T13:17:55.228Z</time></trkpt><trkpt lat="47.60891530" lon="19.14765560"><ele>157.63</ele><time>2025-10-20T13:17:55.414Z</time></trkpt><trkpt lat="47.60892220" lon="19.14764930"><ele>157.62</ele><time>2025-10-20T13:17:55.635Z</time></trkpt><trkpt lat="47.60892860" lon="19.14764330"><ele>157.61</ele><time>2025-10-20T13:17:55.838Z</time></trkpt><trkpt lat="47.60893510" lon="19.14763720"><ele>157.61</ele><time>2025-10-20T13:17:56.039Z</time></trkpt><trkpt lat="47.60894010" lon="19.14763220"><ele>157.60</ele><time>2025-10-20T13:17:56.199Z</time></trkpt><trkpt lat="47.60894730" lon="19.14762490"><ele>157.59</ele><time>2025-10-20T13:17:56.434Z</time></trkpt><trkpt lat="47.60895330" lon="19.14761850"><ele>157.58</ele><time>2025-10-20T13:17:56.635Z</time></trkpt><trkpt lat="47.60895930" lon="19.14761210"><ele>157.57</ele><time>2025-10-20T13:17:56.836Z</time></trkpt><trkpt lat="47.60896510" lon="19.14760560"><ele>157.57</ele><time>2025-10-20T13:17:57.037Z</time></trkpt><trkpt lat="47.60897060" lon="19.14759930"><ele>157.56</ele><time>2025-10-20T13:17:57.240Z</time></trkpt><trkpt lat="47.60897630" lon="19.14759250"><ele>157.55</ele><time>2025-10-20T13:17:57.445Z</time></trkpt><trkpt lat="47.60898200" lon="19.14758560"><ele>157.55</ele><time>2025-10-20T13:17:57.646Z</time></trkpt><trkpt lat="47.60898760" lon="19.14757860"><ele>157.55</ele><time>2025-10-20T13:17:57.847Z</time></trkpt><trkpt lat="47.60899310" lon="19.14757160"><ele>157.54</ele><time>2025-10-20T13:17:58.047Z</time></trkpt><trkpt lat="47.60899870" lon="19.14756430"><ele>157.54</ele><time>2025-10-20T13:17:58.249Z</time></trkpt><trkpt lat="47.60900330" lon="19.14755820"><ele>157.53</ele><time>2025-10-20T13:17:58.433Z</time></trkpt><trkpt lat="47.60900920" lon="19.14755020"><ele>157.53</ele><time>2025-10-20T13:17:58.653Z</time></trkpt><trkpt lat="47.60901280" lon="19.14754510"><ele>157.52</ele><time>2025-10-20T13:17:58.795Z</time></trkpt><trkpt lat="47.60901860" lon="19.14753670"><ele>157.52</ele><time>2025-10-20T13:17:59.017Z</time></trkpt><trkpt lat="47.60902400" lon="19.14752880"><ele>157.52</ele><time>2025-10-20T13:17:59.217Z</time></trkpt><trkpt lat="47.60903010" lon="19.14751940"><ele>157.53</ele><time>2025-10-20T13:17:59.451Z</time></trkpt><trkpt lat="47.60903490" lon="19.14751200"><ele>157.53</ele><time>2025-10-20T13:17:59.634Z</time></trkpt><trkpt lat="47.60904000" lon="19.14750380"><ele>157.54</ele><time>2025-10-20T13:17:59.837Z</time></trkpt><trkpt lat="47.60904480" lon="19.14749580"><ele>157.54</ele><time>2025-10-20T13:18:00.039Z</time></trkpt><trkpt lat="47.60904970" lon="19.14748750"><ele>157.54</ele><time>2025-10-20T13:18:00.241Z</time></trkpt><trkpt lat="47.60905450" lon="19.14747920"><ele>157.54</ele><time>2025-10-20T13:18:00.435Z</time></trkpt><trkpt lat="47.60905950" lon="19.14747020"><ele>157.53</ele><time>2025-10-20T13:18:00.636Z</time></trkpt><trkpt lat="47.60906350" lon="19.14746280"><ele>157.53</ele><time>2025-10-20T13:18:00.797Z</time></trkpt><trkpt lat="47.60906910" lon="19.14745210"><ele>157.52</ele><time>2025-10-20T13:18:01.029Z</time></trkpt><trkpt lat="47.60907410" lon="19.14744230"><ele>157.51</ele><time>2025-10-20T13:18:01.242Z</time></trkpt><trkpt lat="47.60907840" lon="19.14743360"><ele>157.51</ele><time>2025-10-20T13:18:01.443Z</time></trkpt><trkpt lat="47.60908270" lon="19.14742450"><ele>157.51</ele><time>2025-10-20T13:18:01.643Z</time></trkpt><trkpt lat="47.60908710" lon="19.14741490"><ele>157.51</ele><time>2025-10-20T13:18:01.845Z</time></trkpt><trkpt lat="47.60909140" lon="19.14740540"><ele>157.51</ele><time>2025-10-20T13:18:02.049Z</time></trkpt><trkpt lat="47.60909560" lon="19.14739600"><ele>157.50</ele><time>2025-10-20T13:18:02.249Z</time></trkpt><trkpt lat="47.60909930" lon="19.14738710"><ele>157.50</ele><time>2025-10-20T13:18:02.439Z</time></trkpt><trkpt lat="47.60910310" lon="19.14737750"><ele>157.50</ele><time>2025-10-20T13:18:02.641Z</time></trkpt><trkpt lat="47.60910640" lon="19.14736910"><ele>157.49</ele><time>2025-10-20T13:18:02.822Z</time></trkpt><trkpt lat="47.60910950" lon="19.14736090"><ele>157.49</ele><time>2025-10-20T13:18:03.003Z</time></trkpt><trkpt lat="47.60911340" lon="19.14735020"><ele>157.49</ele><time>2025-10-20T13:18:03.223Z</time></trkpt><trkpt lat="47.60911680" lon="19.14734080"><ele>157.48</ele><time>2025-10-20T13:18:03.416Z</time></trkpt><trkpt lat="47.60912060" lon="19.14732980"><ele>157.48</ele><time>2025-10-20T13:18:03.640Z</time></trkpt><trkpt lat="47.60912390" lon="19.14731980"><ele>157.48</ele><time>2025-10-20T13:18:03.842Z</time></trkpt><trkpt lat="47.60912710" lon="19.14731000"><ele>157.48</ele><time>2025-10-20T13:18:04.044Z</time></trkpt><trkpt lat="47.60913020" lon="19.14730020"><ele>157.47</ele><time>2025-10-20T13:18:04.244Z</time></trkpt><trkpt lat="47.60913320" lon="19.14729040"><ele>157.46</ele><time>2025-10-20T13:18:04.445Z</time></trkpt><trkpt lat="47.60913630" lon="19.14728030"><ele>157.46</ele><time>2025-10-20T13:18:04.648Z</time></trkpt><trkpt lat="47.60913920" lon="19.14727030"><ele>157.46</ele><time>2025-10-20T13:18:04.850Z</time></trkpt><trkpt lat="47.60914200" lon="19.14726020"><ele>157.46</ele><time>2025-10-20T13:18:05.049Z</time></trkpt><trkpt lat="47.60914450" lon="19.14725090"><ele>157.46</ele><time>2025-10-20T13:18:05.231Z</time></trkpt><trkpt lat="47.60914730" lon="19.14723970"><ele>157.46</ele><time>2025-10-20T13:18:05.455Z</time></trkpt><trkpt lat="47.60914940" lon="19.14723070"><ele>157.45</ele><time>2025-10-20T13:18:05.634Z</time></trkpt><trkpt lat="47.60915200" lon="19.14722000"><ele>157.45</ele><time>2025-10-20T13:18:05.857Z</time></trkpt><trkpt lat="47.60915430" lon="19.14720970"><ele>157.45</ele><time>2025-10-20T13:18:06.059Z</time></trkpt><trkpt lat="47.60915650" lon="19.14719930"><ele>157.45</ele><time>2025-10-20T13:18:06.260Z</time></trkpt><trkpt lat="47.60915860" lon="19.14718870"><ele>157.45</ele><time>2025-10-20T13:18:06.464Z</time></trkpt><trkpt lat="47.60916060" lon="19.14717790"><ele>157.44</ele><time>2025-10-20T13:18:06.669Z</time></trkpt><trkpt lat="47.60916220" lon="19.14716850"><ele>157.44</ele><time>2025-10-20T13:18:06.850Z</time></trkpt><trkpt lat="47.60916400" lon="19.14715680"><ele>157.43</ele><time>2025-10-20T13:18:07.074Z</time></trkpt><trkpt lat="47.60916550" lon="19.14714570"><ele>157.43</ele><time>2025-10-20T13:18:07.284Z</time></trkpt><trkpt lat="47.60916690" lon="19.14713530"><ele>157.43</ele><time>2025-10-20T13:18:07.478Z</time></trkpt><trkpt lat="47.60916820" lon="19.14712450"><ele>157.44</ele><time>2025-10-20T13:18:07.678Z</time></trkpt><trkpt lat="47.60916940" lon="19.14711340"><ele>157.45</ele><time>2025-10-20T13:18:07.881Z</time></trkpt><trkpt lat="47.60917060" lon="19.14710230"><ele>157.45</ele><time>2025-10-20T13:18:08.083Z</time></trkpt><trkpt lat="47.60917160" lon="19.14709200"><ele>157.44</ele><time>2025-10-20T13:18:08.272Z</time></trkpt><trkpt lat="47.60917250" lon="19.14708080"><ele>157.44</ele><time>2025-10-20T13:18:08.476Z</time></trkpt><trkpt lat="47.60917340" lon="19.14706990"><ele>157.44</ele><time>2025-10-20T13:18:08.677Z</time></trkpt><trkpt lat="47.60917410" lon="19.14705990"><ele>157.45</ele><time>2025-10-20T13:18:08.877Z</time></trkpt><trkpt lat="47.60917480" lon="19.14704890"><ele>157.45</ele><time>2025-10-20T13:18:09.077Z</time></trkpt><trkpt lat="47.60917540" lon="19.14703760"><ele>157.45</ele><time>2025-10-20T13:18:09.282Z</time></trkpt><trkpt lat="47.60917580" lon="19.14702610"><ele>157.44</ele><time>2025-10-20T13:18:09.492Z</time></trkpt><trkpt lat="47.60917620" lon="19.14701730"><ele>157.43</ele><time>2025-10-20T13:18:09.654Z</time></trkpt><trkpt lat="47.60917650" lon="19.14700440"><ele>157.44</ele><time>2025-10-20T13:18:09.895Z</time></trkpt><trkpt lat="47.60917660" lon="19.14699470"><ele>157.45</ele><time>2025-10-20T13:18:10.077Z</time></trkpt><trkpt lat="47.60917660" lon="19.14698480"><ele>157.44</ele><time>2025-10-20T13:18:10.261Z</time></trkpt><trkpt lat="47.60917630" lon="19.14697270"><ele>157.42</ele><time>2025-10-20T13:18:10.491Z</time></trkpt><trkpt lat="47.60917600" lon="19.14696230"><ele>157.42</ele><time>2025-10-20T13:18:10.685Z</time></trkpt><trkpt lat="47.60917570" lon="19.14695140"><ele>157.42</ele><time>2025-10-20T13:18:10.887Z</time></trkpt><trkpt lat="47.60917530" lon="19.14694070"><ele>157.42</ele><time>2025-10-20T13:18:11.086Z</time></trkpt><trkpt lat="47.60917490" lon="19.14693020"><ele>157.43</ele><time>2025-10-20T13:18:11.287Z</time></trkpt><trkpt lat="47.60917440" lon="19.14691930"><ele>157.43</ele><time>2025-10-20T13:18:11.490Z</time></trkpt><trkpt lat="47.60917390" lon="19.14690800"><ele>157.42</ele><time>2025-10-20T13:18:11.692Z</time></trkpt><trkpt lat="47.60917340" lon="19.14689910"><ele>157.42</ele><time>2025-10-20T13:18:11.853Z</time></trkpt><trkpt lat="47.60917250" lon="19.14688560"><ele>157.41</ele><time>2025-10-20T13:18:12.096Z</time></trkpt><trkpt lat="47.60917150" lon="19.14687420"><ele>157.39</ele><time>2025-10-20T13:18:12.300Z</time></trkpt><trkpt lat="47.60917050" lon="19.14686390"><ele>157.38</ele><time>2025-10-20T13:18:12.500Z</time></trkpt><trkpt lat="47.60916930" lon="19.14685320"><ele>157.37</ele><time>2025-10-20T13:18:12.703Z</time></trkpt><trkpt lat="47.60916790" lon="19.14684220"><ele>157.37</ele><time>2025-10-20T13:18:12.904Z</time></trkpt><trkpt lat="47.60916650" lon="19.14683120"><ele>157.37</ele><time>2025-10-20T13:18:13.105Z</time></trkpt><trkpt lat="47.60916500" lon="19.14682020"><ele>157.36</ele><time>2025-10-20T13:18:13.309Z</time></trkpt><trkpt lat="47.60916360" lon="19.14681130"><ele>157.36</ele><time>2025-10-20T13:18:13.472Z</time></trkpt><trkpt lat="47.60916200" lon="19.14680040"><ele>157.35</ele><time>2025-10-20T13:18:13.675Z</time></trkpt><trkpt lat="47.60916020" lon="19.14678880"><ele>157.34</ele><time>2025-10-20T13:18:13.896Z</time></trkpt><trkpt lat="47.60915860" lon="19.14677880"><ele>157.32</ele><time>2025-10-20T13:18:14.096Z</time></trkpt><trkpt lat="47.60915680" lon="19.14676760"><ele>157.31</ele><time>2025-10-20T13:18:14.301Z</time></trkpt><trkpt lat="47.60915510" lon="19.14675730"><ele>157.30</ele><time>2025-10-20T13:18:14.487Z</time></trkpt><trkpt lat="47.60915340" lon="19.14674720"><ele>157.30</ele><time>2025-10-20T13:18:14.670Z</time></trkpt><trkpt lat="47.60915140" lon="19.14673500"><ele>157.29</ele><time>2025-10-20T13:18:14.892Z</time></trkpt><trkpt lat="47.60914930" lon="19.14672390"><ele>157.28</ele><time>2025-10-20T13:18:15.092Z</time></trkpt><trkpt lat="47.60914730" lon="19.14671310"><ele>157.28</ele><time>2025-10-20T13:18:15.293Z</time></trkpt><trkpt lat="47.60914510" lon="19.14670260"><ele>157.28</ele><time>2025-10-20T13:18:15.495Z</time></trkpt><trkpt lat="47.60914280" lon="19.14669220"><ele>157.29</ele><time>2025-10-20T13:18:15.695Z</time></trkpt><trkpt lat="47.60914020" lon="19.14668140"><ele>157.30</ele><time>2025-10-20T13:18:15.898Z</time></trkpt><trkpt lat="47.60913750" lon="19.14667080"><ele>157.30</ele><time>2025-10-20T13:18:16.099Z</time></trkpt><trkpt lat="47.60913500" lon="19.14666200"><ele>157.30</ele><time>2025-10-20T13:18:16.271Z</time></trkpt><trkpt lat="47.60913160" lon="19.14665070"><ele>157.30</ele><time>2025-10-20T13:18:16.493Z</time></trkpt><trkpt lat="47.60912860" lon="19.14664100"><ele>157.29</ele><time>2025-10-20T13:18:16.695Z</time></trkpt><trkpt lat="47.60912550" lon="19.14663110"><ele>157.29</ele><time>2025-10-20T13:18:16.896Z</time></trkpt><trkpt lat="47.60912230" lon="19.14662130"><ele>157.30</ele><time>2025-10-20T13:18:17.097Z</time></trkpt><trkpt lat="47.60911900" lon="19.14661110"><ele>157.31</ele><time>2025-10-20T13:18:17.301Z</time></trkpt><trkpt lat="47.60911560" lon="19.14660130"><ele>157.30</ele><time>2025-10-20T13:18:17.503Z</time></trkpt><trkpt lat="47.60911210" lon="19.14659150"><ele>157.30</ele><time>2025-10-20T13:18:17.704Z</time></trkpt><trkpt lat="47.60910860" lon="19.14658180"><ele>157.30</ele><time>2025-10-20T13:18:17.904Z</time></trkpt><trkpt lat="47.60910490" lon="19.14657200"><ele>157.30</ele><time>2025-10-20T13:18:18.105Z</time></trkpt><trkpt lat="47.60910170" lon="19.14656340"><ele>157.29</ele><time>2025-10-20T13:18:18.295Z</time></trkpt><trkpt lat="47.60909800" lon="19.14655430"><ele>157.28</ele><time>2025-10-20T13:18:18.497Z</time></trkpt><trkpt lat="47.60909460" lon="19.14654600"><ele>157.27</ele><time>2025-10-20T13:18:18.677Z</time></trkpt><trkpt lat="47.60909010" lon="19.14653600"><ele>157.27</ele><time>2025-10-20T13:18:18.898Z</time></trkpt><trkpt lat="47.60908630" lon="19.14652800"><ele>157.28</ele><time>2025-10-20T13:18:19.079Z</time></trkpt><trkpt lat="47.60908160" lon="19.14651820"><ele>157.30</ele><time>2025-10-20T13:18:19.303Z</time></trkpt><trkpt lat="47.60907730" lon="19.14650960"><ele>157.30</ele><time>2025-10-20T13:18:19.505Z</time></trkpt><trkpt lat="47.60907330" lon="19.14650150"><ele>157.31</ele><time>2025-10-20T13:18:19.706Z</time></trkpt><trkpt lat="47.60906860" lon="19.14649180"><ele>157.32</ele><time>2025-10-20T13:18:19.928Z</time></trkpt><trkpt lat="47.60906510" lon="19.14648480"><ele>157.32</ele><time>2025-10-20T13:18:20.090Z</time></trkpt><trkpt lat="47.60906000" lon="19.14647510"><ele>157.31</ele><time>2025-10-20T13:18:20.314Z</time></trkpt><trkpt lat="47.60905590" lon="19.14646740"><ele>157.31</ele><time>2025-10-20T13:18:20.495Z</time></trkpt><trkpt lat="47.60905080" lon="19.14645820"><ele>157.30</ele><time>2025-10-20T13:18:20.715Z</time></trkpt><trkpt lat="47.60904600" lon="19.14645010"><ele>157.30</ele><time>2025-10-20T13:18:20.916Z</time></trkpt><trkpt lat="47.60904120" lon="19.14644210"><ele>157.30</ele><time>2025-10-20T13:18:21.116Z</time></trkpt><trkpt lat="47.60903640" lon="19.14643430"><ele>157.29</ele><time>2025-10-20T13:18:21.319Z</time></trkpt><trkpt lat="47.60903140" lon="19.14642630"><ele>157.28</ele><time>2025-10-20T13:18:21.520Z</time></trkpt><trkpt lat="47.60902640" lon="19.14641830"><ele>157.28</ele><time>2025-10-20T13:18:21.721Z</time></trkpt><trkpt lat="47.60902110" lon="19.14641030"><ele>157.30</ele><time>2025-10-20T13:18:21.922Z</time></trkpt><trkpt lat="47.60901570" lon="19.14640230"><ele>157.34</ele><time>2025-10-20T13:18:22.122Z</time></trkpt><trkpt lat="47.60901040" lon="19.14639450"><ele>157.36</ele><time>2025-10-20T13:18:22.325Z</time></trkpt><trkpt lat="47.60900530" lon="19.14638720"><ele>157.38</ele><time>2025-10-20T13:18:22.526Z</time></trkpt><trkpt lat="47.60900000" lon="19.14637940"><ele>157.39</ele><time>2025-10-20T13:18:22.727Z</time></trkpt><trkpt lat="47.60899440" lon="19.14637120"><ele>157.41</ele><time>2025-10-20T13:18:22.928Z</time></trkpt><trkpt lat="47.60898880" lon="19.14636300"><ele>157.43</ele><time>2025-10-20T13:18:23.129Z</time></trkpt><trkpt lat="47.60898330" lon="19.14635520"><ele>157.46</ele><time>2025-10-20T13:18:23.321Z</time></trkpt><trkpt lat="47.60897750" lon="19.14634690"><ele>157.49</ele><time>2025-10-20T13:18:23.524Z</time></trkpt><trkpt lat="47.60897190" lon="19.14633920"><ele>157.51</ele><time>2025-10-20T13:18:23.726Z</time></trkpt><trkpt lat="47.60896620" lon="19.14633140"><ele>157.51</ele><time>2025-10-20T13:18:23.926Z</time></trkpt><trkpt lat="47.60896020" lon="19.14632350"><ele>157.51</ele><time>2025-10-20T13:18:24.129Z</time></trkpt><trkpt lat="47.60895550" lon="19.14631730"><ele>157.52</ele><time>2025-10-20T13:18:24.290Z</time></trkpt><trkpt lat="47.60894890" lon="19.14630850"><ele>157.55</ele><time>2025-10-20T13:18:24.515Z</time></trkpt><trkpt lat="47.60894230" lon="19.14630010"><ele>157.57</ele><time>2025-10-20T13:18:24.736Z</time></trkpt><trkpt lat="47.60893620" lon="19.14629290"><ele>157.58</ele><time>2025-10-20T13:18:24.937Z</time></trkpt><trkpt lat="47.60893030" lon="19.14628650"><ele>157.59</ele><time>2025-10-20T13:18:25.138Z</time></trkpt><trkpt lat="47.60892430" lon="19.14628060"><ele>157.61</ele><time>2025-10-20T13:18:25.330Z</time></trkpt><trkpt lat="47.60891860" lon="19.14627540"><ele>157.64</ele><time>2025-10-20T13:18:25.511Z</time></trkpt><trkpt lat="47.60891280" lon="19.14627020"><ele>157.65</ele><time>2025-10-20T13:18:25.694Z</time></trkpt><trkpt lat="47.60890570" lon="19.14626420"><ele>157.66</ele><time>2025-10-20T13:18:25.914Z</time></trkpt><trkpt lat="47.60889910" lon="19.14625910"><ele>157.67</ele><time>2025-10-20T13:18:26.114Z</time></trkpt><trkpt lat="47.60889130" lon="19.14625310"><ele>157.70</ele><time>2025-10-20T13:18:26.347Z</time></trkpt><trkpt lat="47.60888530" lon="19.14624880"><ele>157.70</ele><time>2025-10-20T13:18:26.531Z</time></trkpt><trkpt lat="47.60887770" lon="19.14624360"><ele>157.70</ele><time>2025-10-20T13:18:26.752Z</time></trkpt><trkpt lat="47.60887140" lon="19.14623950"><ele>157.70</ele><time>2025-10-20T13:18:26.935Z</time></trkpt><trkpt lat="47.60886460" lon="19.14623520"><ele>157.70</ele><time>2025-10-20T13:18:27.136Z</time></trkpt><trkpt lat="47.60885720" lon="19.14623070"><ele>157.71</ele><time>2025-10-20T13:18:27.346Z</time></trkpt><trkpt lat="47.60884990" lon="19.14622660"><ele>157.71</ele><time>2025-10-20T13:18:27.546Z</time></trkpt><trkpt lat="47.60884270" lon="19.14622280"><ele>157.72</ele><time>2025-10-20T13:18:27.747Z</time></trkpt><trkpt lat="47.60883540" lon="19.14621910"><ele>157.73</ele><time>2025-10-20T13:18:27.948Z</time></trkpt><trkpt lat="47.60882830" lon="19.14621550"><ele>157.74</ele><time>2025-10-20T13:18:28.150Z</time></trkpt><trkpt lat="47.60882090" lon="19.14621210"><ele>157.75</ele><time>2025-10-20T13:18:28.353Z</time></trkpt><trkpt lat="47.60881360" lon="19.14620900"><ele>157.76</ele><time>2025-10-20T13:18:28.556Z</time></trkpt><trkpt lat="47.60880700" lon="19.14620630"><ele>157.76</ele><time>2025-10-20T13:18:28.736Z</time></trkpt><trkpt lat="47.60879950" lon="19.14620350"><ele>157.75</ele><time>2025-10-20T13:18:28.937Z</time></trkpt><trkpt lat="47.60879120" lon="19.14620050"><ele>157.74</ele><time>2025-10-20T13:18:29.157Z</time></trkpt><trkpt lat="47.60878390" lon="19.14619790"><ele>157.74</ele><time>2025-10-20T13:18:29.359Z</time></trkpt><trkpt lat="47.60877700" lon="19.14619570"><ele>157.73</ele><time>2025-10-20T13:18:29.559Z</time></trkpt><trkpt lat="47.60877040" lon="19.14619360"><ele>157.73</ele><time>2025-10-20T13:18:29.740Z</time></trkpt><trkpt lat="47.60876230" lon="19.14619110"><ele>157.74</ele><time>2025-10-20T13:18:29.960Z</time></trkpt><trkpt lat="47.60875460" lon="19.14618880"><ele>157.74</ele><time>2025-10-20T13:18:30.161Z</time></trkpt><trkpt lat="47.60874620" lon="19.14618640"><ele>157.74</ele><time>2025-10-20T13:18:30.376Z</time></trkpt><trkpt lat="47.60873830" lon="19.14618410"><ele>157.75</ele><time>2025-10-20T13:18:30.579Z</time></trkpt><trkpt lat="47.60873050" lon="19.14618200"><ele>157.76</ele><time>2025-10-20T13:18:30.780Z</time></trkpt><trkpt lat="47.60872270" lon="19.14618000"><ele>157.77</ele><time>2025-10-20T13:18:30.980Z</time></trkpt><trkpt lat="47.60871480" lon="19.14617800"><ele>157.77</ele><time>2025-10-20T13:18:31.183Z</time></trkpt><trkpt lat="47.60870840" lon="19.14617660"><ele>157.76</ele><time>2025-10-20T13:18:31.350Z</time></trkpt><trkpt lat="47.60870040" lon="19.14617510"><ele>157.75</ele><time>2025-10-20T13:18:31.553Z</time></trkpt><trkpt lat="47.60869250" lon="19.14617360"><ele>157.75</ele><time>2025-10-20T13:18:31.757Z</time></trkpt><trkpt lat="47.60868390" lon="19.14617200"><ele>157.75</ele><time>2025-10-20T13:18:31.979Z</time></trkpt><trkpt lat="47.60867640" lon="19.14617090"><ele>157.75</ele><time>2025-10-20T13:18:32.180Z</time></trkpt><trkpt lat="47.60866900" lon="19.14616980"><ele>157.75</ele><time>2025-10-20T13:18:32.380Z</time></trkpt><trkpt lat="47.60866150" lon="19.14616880"><ele>157.75</ele><time>2025-10-20T13:18:32.581Z</time></trkpt><trkpt lat="47.60865410" lon="19.14616800"><ele>157.76</ele><time>2025-10-20T13:18:32.781Z</time></trkpt><trkpt lat="47.60864670" lon="19.14616730"><ele>157.77</ele><time>2025-10-20T13:18:32.982Z</time></trkpt><trkpt lat="47.60863940" lon="19.14616690"><ele>157.77</ele><time>2025-10-20T13:18:33.184Z</time></trkpt><trkpt lat="47.60863210" lon="19.14616670"><ele>157.77</ele><time>2025-10-20T13:18:33.388Z</time></trkpt><trkpt lat="47.60862480" lon="19.14616680"><ele>157.75</ele><time>2025-10-20T13:18:33.590Z</time></trkpt><trkpt lat="47.60861840" lon="19.14616700"><ele>157.75</ele><time>2025-10-20T13:18:33.771Z</time></trkpt><trkpt lat="47.60861030" lon="19.14616770"><ele>157.73</ele><time>2025-10-20T13:18:33.997Z</time></trkpt><trkpt lat="47.60860330" lon="19.14616840"><ele>157.74</ele><time>2025-10-20T13:18:34.183Z</time></trkpt><trkpt lat="47.60859550" lon="19.14616930"><ele>157.73</ele><time>2025-10-20T13:18:34.389Z</time></trkpt><trkpt lat="47.60858780" lon="19.14617030"><ele>157.71</ele><time>2025-10-20T13:18:34.590Z</time></trkpt><trkpt lat="47.60858070" lon="19.14617140"><ele>157.70</ele><time>2025-10-20T13:18:34.772Z</time></trkpt><trkpt lat="47.60857220" lon="19.14617300"><ele>157.68</ele><time>2025-10-20T13:18:34.994Z</time></trkpt><trkpt lat="47.60856480" lon="19.14617460"><ele>157.67</ele><time>2025-10-20T13:18:35.195Z</time></trkpt><trkpt lat="47.60855740" lon="19.14617640"><ele>157.66</ele><time>2025-10-20T13:18:35.388Z</time></trkpt><trkpt lat="47.60854960" lon="19.14617850"><ele>157.63</ele><time>2025-10-20T13:18:35.590Z</time></trkpt><trkpt lat="47.60854200" lon="19.14618070"><ele>157.61</ele><time>2025-10-20T13:18:35.790Z</time></trkpt><trkpt lat="47.60853430" lon="19.14618300"><ele>157.59</ele><time>2025-10-20T13:18:35.991Z</time></trkpt><trkpt lat="47.60852680" lon="19.14618540"><ele>157.57</ele><time>2025-10-20T13:18:36.193Z</time></trkpt><trkpt lat="47.60851930" lon="19.14618780"><ele>157.56</ele><time>2025-10-20T13:18:36.394Z</time></trkpt><trkpt lat="47.60851200" lon="19.14619010"><ele>157.54</ele><time>2025-10-20T13:18:36.595Z</time></trkpt><trkpt lat="47.60850480" lon="19.14619250"><ele>157.54</ele><time>2025-10-20T13:18:36.796Z</time></trkpt><trkpt lat="47.60849760" lon="19.14619490"><ele>157.54</ele><time>2025-10-20T13:18:36.997Z</time></trkpt><trkpt lat="47.60849030" lon="19.14619770"><ele>157.54</ele><time>2025-10-20T13:18:37.198Z</time></trkpt><trkpt lat="47.60848300" lon="19.14620070"><ele>157.53</ele><time>2025-10-20T13:18:37.404Z</time></trkpt><trkpt lat="47.60847570" lon="19.14620380"><ele>157.52</ele><time>2025-10-20T13:18:37.606Z</time></trkpt><trkpt lat="47.60846840" lon="19.14620710"><ele>157.50</ele><time>2025-10-20T13:18:37.808Z</time></trkpt><trkpt lat="47.60846130" lon="19.14621050"><ele>157.49</ele><time>2025-10-20T13:18:38.012Z</time></trkpt><trkpt lat="47.60845440" lon="19.14621400"><ele>157.48</ele><time>2025-10-20T13:18:38.216Z</time></trkpt><trkpt lat="47.60844900" lon="19.14621690"><ele>157.48</ele><time>2025-10-20T13:18:38.376Z</time></trkpt><trkpt lat="47.60844060" lon="19.14622150"><ele>157.49</ele><time>2025-10-20T13:18:38.619Z</time></trkpt><trkpt lat="47.60843430" lon="19.14622510"><ele>157.49</ele><time>2025-10-20T13:18:38.801Z</time></trkpt><trkpt lat="47.60842720" lon="19.14622910"><ele>157.49</ele><time>2025-10-20T13:18:39.002Z</time></trkpt><trkpt lat="47.60842090" lon="19.14623290"><ele>157.49</ele><time>2025-10-20T13:18:39.185Z</time></trkpt><trkpt lat="47.60841400" lon="19.14623710"><ele>157.50</ele><time>2025-10-20T13:18:39.387Z</time></trkpt><trkpt lat="47.60840660" lon="19.14624170"><ele>157.51</ele><time>2025-10-20T13:18:39.609Z</time></trkpt><trkpt lat="47.60840000" lon="19.14624600"><ele>157.51</ele><time>2025-10-20T13:18:39.810Z</time></trkpt><trkpt lat="47.60839320" lon="19.14625050"><ele>157.51</ele><time>2025-10-20T13:18:40.012Z</time></trkpt><trkpt lat="47.60838780" lon="19.14625420"><ele>157.51</ele><time>2025-10-20T13:18:40.172Z</time></trkpt><trkpt lat="47.60838020" lon="19.14625960"><ele>157.52</ele><time>2025-10-20T13:18:40.397Z</time></trkpt><trkpt lat="47.60837340" lon="19.14626460"><ele>157.52</ele><time>2025-10-20T13:18:40.599Z</time></trkpt><trkpt lat="47.60836670" lon="19.14626970"><ele>157.53</ele><time>2025-10-20T13:18:40.799Z</time></trkpt><trkpt lat="47.60836050" lon="19.14627470"><ele>157.55</ele><time>2025-10-20T13:18:41.001Z</time></trkpt><trkpt lat="47.60835360" lon="19.14628030"><ele>157.56</ele><time>2025-10-20T13:18:41.221Z</time></trkpt><trkpt lat="47.60834730" lon="19.14628570"><ele>157.56</ele><time>2025-10-20T13:18:41.420Z</time></trkpt><trkpt lat="47.60834140" lon="19.14629090"><ele>157.57</ele><time>2025-10-20T13:18:41.604Z</time></trkpt><trkpt lat="47.60833500" lon="19.14629690"><ele>157.58</ele><time>2025-10-20T13:18:41.809Z</time></trkpt><trkpt lat="47.60832780" lon="19.14630380"><ele>157.60</ele><time>2025-10-20T13:18:42.034Z</time></trkpt><trkpt lat="47.60832180" lon="19.14630970"><ele>157.61</ele><time>2025-10-20T13:18:42.224Z</time></trkpt><trkpt lat="47.60831550" lon="19.14631630"><ele>157.62</ele><time>2025-10-20T13:18:42.435Z</time></trkpt><trkpt lat="47.60830970" lon="19.14632270"><ele>157.65</ele><time>2025-10-20T13:18:42.640Z</time></trkpt><trkpt lat="47.60830370" lon="19.14632970"><ele>157.66</ele><time>2025-10-20T13:18:42.841Z</time></trkpt><trkpt lat="47.60829810" lon="19.14633660"><ele>157.67</ele><time>2025-10-20T13:18:43.042Z</time></trkpt><trkpt lat="47.60829380" lon="19.14634200"><ele>157.69</ele><time>2025-10-20T13:18:43.222Z</time></trkpt><trkpt lat="47.60829000" lon="19.14634710"><ele>157.69</ele><time>2025-10-20T13:18:43.442Z</time></trkpt><trkpt lat="47.60828790" lon="19.14635010"><ele>157.67</ele><time>2025-10-20T13:18:43.643Z</time></trkpt><trkpt lat="47.60828700" lon="19.14635170"><ele>157.63</ele><time>2025-10-20T13:18:43.845Z</time></trkpt><trkpt lat="47.60828710" lon="19.14635180"><ele>157.59</ele><time>2025-10-20T13:18:44.046Z</time></trkpt><trkpt lat="47.60828790" lon="19.14635080"><ele>157.56</ele><time>2025-10-20T13:18:44.249Z</time></trkpt><trkpt lat="47.60828940" lon="19.14634940"><ele>157.54</ele><time>2025-10-20T13:18:44.432Z</time></trkpt><trkpt lat="47.60829150" lon="19.14634720"><ele>157.54</ele><time>2025-10-20T13:18:44.633Z</time></trkpt><trkpt lat="47.60829380" lon="19.14634440"><ele>157.56</ele><time>2025-10-20T13:18:44.835Z</time></trkpt><trkpt lat="47.60829600" lon="19.14634210"><ele>157.57</ele><time>2025-10-20T13:18:45.016Z</time></trkpt><trkpt lat="47.60829880" lon="19.14634020"><ele>157.57</ele><time>2025-10-20T13:18:45.219Z</time></trkpt><trkpt lat="47.60830240" lon="19.14633940"><ele>157.56</ele><time>2025-10-20T13:18:45.443Z</time></trkpt><trkpt lat="47.60830630" lon="19.14634030"><ele>157.56</ele><time>2025-10-20T13:18:45.644Z</time></trkpt><trkpt lat="47.60831090" lon="19.14634270"><ele>157.57</ele><time>2025-10-20T13:18:45.845Z</time></trkpt><trkpt lat="47.60831580" lon="19.14634660"><ele>157.58</ele><time>2025-10-20T13:18:46.036Z</time></trkpt><trkpt lat="47.60832130" lon="19.14635180"><ele>157.59</ele><time>2025-10-20T13:18:46.231Z</time></trkpt><trkpt lat="47.60832720" lon="19.14635850"><ele>157.60</ele><time>2025-10-20T13:18:46.431Z</time></trkpt><trkpt lat="47.60833360" lon="19.14636650"><ele>157.61</ele><time>2025-10-20T13:18:46.638Z</time></trkpt><trkpt lat="47.60834050" lon="19.14637590"><ele>157.62</ele><time>2025-10-20T13:18:46.859Z</time></trkpt><trkpt lat="47.60834550" lon="19.14638340"><ele>157.64</ele><time>2025-10-20T13:18:47.022Z</time></trkpt><trkpt lat="47.60835270" lon="19.14639440"><ele>157.64</ele><time>2025-10-20T13:18:47.243Z</time></trkpt><trkpt lat="47.60835950" lon="19.14640530"><ele>157.62</ele><time>2025-10-20T13:18:47.444Z</time></trkpt><trkpt lat="47.60836650" lon="19.14641670"><ele>157.61</ele><time>2025-10-20T13:18:47.645Z</time></trkpt><trkpt lat="47.60837350" lon="19.14642870"><ele>157.61</ele><time>2025-10-20T13:18:47.847Z</time></trkpt><trkpt lat="47.60838030" lon="19.14644080"><ele>157.61</ele><time>2025-10-20T13:18:48.048Z</time></trkpt><trkpt lat="47.60838700" lon="19.14645290"><ele>157.61</ele><time>2025-10-20T13:18:48.253Z</time></trkpt><trkpt lat="47.60839330" lon="19.14646470"><ele>157.61</ele><time>2025-10-20T13:18:48.456Z</time></trkpt><trkpt lat="47.60839890" lon="19.14647560"><ele>157.61</ele><time>2025-10-20T13:18:48.639Z</time></trkpt><trkpt lat="47.60840510" lon="19.14648790"><ele>157.60</ele><time>2025-10-20T13:18:48.842Z</time></trkpt><trkpt lat="47.60841110" lon="19.14650020"><ele>157.57</ele><time>2025-10-20T13:18:49.047Z</time></trkpt><trkpt lat="47.60841590" lon="19.14651030"><ele>157.56</ele><time>2025-10-20T13:18:49.217Z</time></trkpt><trkpt lat="47.60842170" lon="19.14652250"><ele>157.55</ele><time>2025-10-20T13:18:49.430Z</time></trkpt><trkpt lat="47.60842680" lon="19.14653350"><ele>157.54</ele><time>2025-10-20T13:18:49.632Z</time></trkpt><trkpt lat="47.60843180" lon="19.14654450"><ele>157.52</ele><time>2025-10-20T13:18:49.853Z</time></trkpt><trkpt lat="47.60843550" lon="19.14655250"><ele>157.51</ele><time>2025-10-20T13:18:50.015Z</time></trkpt><trkpt lat="47.60844070" lon="19.14656340"><ele>157.49</ele><time>2025-10-20T13:18:50.237Z</time></trkpt><trkpt lat="47.60844540" lon="19.14657290"><ele>157.49</ele><time>2025-10-20T13:18:50.439Z</time></trkpt><trkpt lat="47.60845010" lon="19.14658250"><ele>157.49</ele><time>2025-10-20T13:18:50.643Z</time></trkpt><trkpt lat="47.60845480" lon="19.14659150"><ele>157.49</ele><time>2025-10-20T13:18:50.843Z</time></trkpt><trkpt lat="47.60845980" lon="19.14660120"><ele>157.49</ele><time>2025-10-20T13:18:51.065Z</time></trkpt><trkpt lat="47.60846380" lon="19.14660910"><ele>157.49</ele><time>2025-10-20T13:18:51.248Z</time></trkpt><trkpt lat="47.60846820" lon="19.14661770"><ele>157.50</ele><time>2025-10-20T13:18:51.454Z</time></trkpt><trkpt lat="47.60847170" lon="19.14662440"><ele>157.50</ele><time>2025-10-20T13:18:51.618Z</time></trkpt><trkpt lat="47.60847610" lon="19.14663290"><ele>157.50</ele><time>2025-10-20T13:18:51.826Z</time></trkpt><trkpt lat="47.60848130" lon="19.14664260"><ele>157.51</ele><time>2025-10-20T13:18:52.068Z</time></trkpt><trkpt lat="47.60848530" lon="19.14665000"><ele>157.52</ele><time>2025-10-20T13:18:52.251Z</time></trkpt><trkpt lat="47.60848970" lon="19.14665830"><ele>157.52</ele><time>2025-10-20T13:18:52.455Z</time></trkpt><trkpt lat="47.60849450" lon="19.14666720"><ele>157.52</ele><time>2025-10-20T13:18:52.678Z</time></trkpt><trkpt lat="47.60849850" lon="19.14667460"><ele>157.52</ele><time>2025-10-20T13:18:52.860Z</time></trkpt><trkpt lat="47.60850240" lon="19.14668230"><ele>157.52</ele><time>2025-10-20T13:18:53.061Z</time></trkpt><trkpt lat="47.60850670" lon="19.14669060"><ele>157.53</ele><time>2025-10-20T13:18:53.262Z</time></trkpt><trkpt lat="47.60851050" lon="19.14669820"><ele>157.54</ele><time>2025-10-20T13:18:53.445Z</time></trkpt><trkpt lat="47.60851500" lon="19.14670740"><ele>157.55</ele><time>2025-10-20T13:18:53.666Z</time></trkpt><trkpt lat="47.60851900" lon="19.14671580"><ele>157.55</ele><time>2025-10-20T13:18:53.868Z</time></trkpt><trkpt lat="47.60852310" lon="19.14672430"><ele>157.56</ele><time>2025-10-20T13:18:54.069Z</time></trkpt><trkpt lat="47.60852690" lon="19.14673200"><ele>157.57</ele><time>2025-10-20T13:18:54.250Z</time></trkpt><trkpt lat="47.60853090" lon="19.14674000"><ele>157.58</ele><time>2025-10-20T13:18:54.451Z</time></trkpt><trkpt lat="47.60853450" lon="19.14674710"><ele>157.58</ele><time>2025-10-20T13:18:54.632Z</time></trkpt><trkpt lat="47.60853880" lon="19.14675570"><ele>157.59</ele><time>2025-10-20T13:18:54.853Z</time></trkpt><trkpt lat="47.60854300" lon="19.14676390"><ele>157.60</ele><time>2025-10-20T13:18:55.054Z</time></trkpt><trkpt lat="47.60854740" lon="19.14677230"><ele>157.61</ele><time>2025-10-20T13:18:55.254Z</time></trkpt><trkpt lat="47.60855210" lon="19.14678130"><ele>157.62</ele><time>2025-10-20T13:18:55.469Z</time></trkpt><trkpt lat="47.60855640" lon="19.14678930"><ele>157.64</ele><time>2025-10-20T13:18:55.656Z</time></trkpt><trkpt lat="47.60856120" lon="19.14679820"><ele>157.65</ele><time>2025-10-20T13:18:55.869Z</time></trkpt><trkpt lat="47.60856520" lon="19.14680580"><ele>157.66</ele><time>2025-10-20T13:18:56.050Z</time></trkpt><trkpt lat="47.60856940" lon="19.14681400"><ele>157.68</ele><time>2025-10-20T13:18:56.257Z</time></trkpt><trkpt lat="47.60857390" lon="19.14682270"><ele>157.68</ele><time>2025-10-20T13:18:56.463Z</time></trkpt><trkpt lat="47.60857690" lon="19.14682870"><ele>157.69</ele><time>2025-10-20T13:18:56.606Z</time></trkpt><trkpt lat="47.60858240" lon="19.14684000"><ele>157.69</ele><time>2025-10-20T13:18:56.867Z</time></trkpt><trkpt lat="47.60858660" lon="19.14684890"><ele>157.70</ele><time>2025-10-20T13:18:57.070Z</time></trkpt><trkpt lat="47.60859080" lon="19.14685780"><ele>157.71</ele><time>2025-10-20T13:18:57.273Z</time></trkpt><trkpt lat="47.60859400" lon="19.14686460"><ele>157.72</ele><time>2025-10-20T13:18:57.435Z</time></trkpt><trkpt lat="47.60859820" lon="19.14687310"><ele>157.73</ele><time>2025-10-20T13:18:57.638Z</time></trkpt><trkpt lat="47.60860300" lon="19.14688290"><ele>157.75</ele><time>2025-10-20T13:18:57.859Z</time></trkpt><trkpt lat="47.60860750" lon="19.14689180"><ele>157.77</ele><time>2025-10-20T13:18:58.061Z</time></trkpt><trkpt lat="47.60861100" lon="19.14689870"><ele>157.80</ele><time>2025-10-20T13:18:58.223Z</time></trkpt><trkpt lat="47.60861610" lon="19.14690820"><ele>157.82</ele><time>2025-10-20T13:18:58.468Z</time></trkpt><trkpt lat="47.60862010" lon="19.14691530"><ele>157.83</ele><time>2025-10-20T13:18:58.670Z</time></trkpt><trkpt lat="47.60862350" lon="19.14692130"><ele>157.86</ele><time>2025-10-20T13:18:58.850Z</time></trkpt><trkpt lat="47.60862730" lon="19.14692780"><ele>157.88</ele><time>2025-10-20T13:18:59.073Z</time></trkpt><trkpt lat="47.60863030" lon="19.14693290"><ele>157.90</ele><time>2025-10-20T13:18:59.275Z</time></trkpt><trkpt lat="47.60863270" lon="19.14693690"><ele>157.93</ele><time>2025-10-20T13:18:59.477Z</time></trkpt><trkpt lat="47.60863470" lon="19.14694030"><ele>157.95</ele><time>2025-10-20T13:18:59.678Z</time></trkpt><trkpt lat="47.60863630" lon="19.14694320"><ele>157.97</ele><time>2025-10-20T13:18:59.880Z</time></trkpt><trkpt lat="47.60863760" lon="19.14694560"><ele>157.93</ele><time>2025-10-20T13:19:00.062Z</time></trkpt><trkpt lat="47.60863890" lon="19.14694810"><ele>157.76</ele><time>2025-10-20T13:19:00.289Z</time></trkpt><trkpt lat="47.60863980" lon="19.14694940"><ele>157.56</ele><time>2025-10-20T13:19:00.482Z</time></trkpt><trkpt lat="47.60864040" lon="19.14694990"><ele>157.36</ele><time>2025-10-20T13:19:00.683Z</time></trkpt><trkpt lat="47.60864070" lon="19.14694950"><ele>157.13</ele><time>2025-10-20T13:19:00.884Z</time></trkpt><trkpt lat="47.60864050" lon="19.14694830"><ele>156.91</ele><time>2025-10-20T13:19:01.085Z</time></trkpt><trkpt lat="47.60863980" lon="19.14694640"><ele>156.68</ele><time>2025-10-20T13:19:01.290Z</time></trkpt><trkpt lat="47.60863860" lon="19.14694420"><ele>156.45</ele><time>2025-10-20T13:19:01.498Z</time></trkpt><trkpt lat="47.60863760" lon="19.14694210"><ele>156.23</ele><time>2025-10-20T13:19:01.700Z</time></trkpt><trkpt lat="47.60863660" lon="19.14694000"><ele>156.00</ele><time>2025-10-20T13:19:01.901Z</time></trkpt><trkpt lat="47.60863590" lon="19.14693820"><ele>155.79</ele><time>2025-10-20T13:19:02.101Z</time></trkpt><trkpt lat="47.60863550" lon="19.14693660"><ele>155.63</ele><time>2025-10-20T13:19:02.283Z</time></trkpt><trkpt lat="47.60863530" lon="19.14693480"><ele>155.42</ele><time>2025-10-20T13:19:02.485Z</time></trkpt><trkpt lat="47.60863530" lon="19.14693320"><ele>155.20</ele><time>2025-10-20T13:19:02.686Z</time></trkpt><trkpt lat="47.60863560" lon="19.14693190"><ele>154.99</ele><time>2025-10-20T13:19:02.887Z</time></trkpt><trkpt lat="47.60863590" lon="19.14693090"><ele>154.78</ele><time>2025-10-20T13:19:03.088Z</time></trkpt><trkpt lat="47.60863640" lon="19.14693050"><ele>154.57</ele><time>2025-10-20T13:19:03.287Z</time></trkpt><trkpt lat="47.60863690" lon="19.14693060"><ele>154.36</ele><time>2025-10-20T13:19:03.491Z</time></trkpt><trkpt lat="47.60863740" lon="19.14693100"><ele>154.17</ele><time>2025-10-20T13:19:03.692Z</time></trkpt><trkpt lat="47.60863760" lon="19.14693180"><ele>153.97</ele><time>2025-10-20T13:19:03.891Z</time></trkpt><trkpt lat="47.60863770" lon="19.14693290"><ele>153.74</ele><time>2025-10-20T13:19:04.092Z</time></trkpt><trkpt lat="47.60863770" lon="19.14693410"><ele>153.52</ele><time>2025-10-20T13:19:04.293Z</time></trkpt><trkpt lat="47.60863770" lon="19.14693540"><ele>153.31</ele><time>2025-10-20T13:19:04.493Z</time></trkpt><trkpt lat="47.60863760" lon="19.14693660"><ele>153.09</ele><time>2025-10-20T13:19:04.693Z</time></trkpt><trkpt lat="47.60863740" lon="19.14693780"><ele>152.88</ele><time>2025-10-20T13:19:04.894Z</time></trkpt><trkpt lat="47.60863720" lon="19.14693880"><ele>152.68</ele><time>2025-10-20T13:19:05.094Z</time></trkpt><trkpt lat="47.60863690" lon="19.14693980"><ele>152.47</ele><time>2025-10-20T13:19:05.295Z</time></trkpt><trkpt lat="47.60863660" lon="19.14694060"><ele>152.26</ele><time>2025-10-20T13:19:05.499Z</time></trkpt><trkpt lat="47.60863630" lon="19.14694140"><ele>152.04</ele><time>2025-10-20T13:19:05.700Z</time></trkpt><trkpt lat="47.60863600" lon="19.14694220"><ele>151.82</ele><time>2025-10-20T13:19:05.901Z</time></trkpt><trkpt lat="47.60863580" lon="19.14694290"><ele>151.61</ele><time>2025-10-20T13:19:06.102Z</time></trkpt><trkpt lat="47.60863560" lon="19.14694340"><ele>151.41</ele><time>2025-10-20T13:19:06.290Z</time></trkpt><trkpt lat="47.60863550" lon="19.14694390"><ele>151.19</ele><time>2025-10-20T13:19:06.497Z</time></trkpt><trkpt lat="47.60863540" lon="19.14694410"><ele>150.98</ele><time>2025-10-20T13:19:06.698Z</time></trkpt><trkpt lat="47.60863550" lon="19.14694430"><ele>150.78</ele><time>2025-10-20T13:19:06.898Z</time></trkpt><trkpt lat="47.60863550" lon="19.14694450"><ele>150.57</ele><time>2025-10-20T13:19:07.099Z</time></trkpt><trkpt lat="47.60863560" lon="19.14694470"><ele>150.37</ele><time>2025-10-20T13:19:07.286Z</time></trkpt><trkpt lat="47.60863560" lon="19.14694480"><ele>150.16</ele><time>2025-10-20T13:19:07.490Z</time></trkpt><trkpt lat="47.60863550" lon="19.14694490"><ele>149.95</ele><time>2025-10-20T13:19:07.690Z</time></trkpt><trkpt lat="47.60863540" lon="19.14694480"><ele>149.76</ele><time>2025-10-20T13:19:07.872Z</time></trkpt><trkpt lat="47.60863520" lon="19.14694480"><ele>149.55</ele><time>2025-10-20T13:19:08.092Z</time></trkpt><trkpt lat="47.60863510" lon="19.14694490"><ele>149.39</ele><time>2025-10-20T13:19:08.252Z</time></trkpt><trkpt lat="47.60863500" lon="19.14694510"><ele>149.17</ele><time>2025-10-20T13:19:08.473Z</time></trkpt><trkpt lat="47.60863490" lon="19.14694510"><ele>148.96</ele><time>2025-10-20T13:19:08.673Z</time></trkpt><trkpt lat="47.60863480" lon="19.14694500"><ele>148.74</ele><time>2025-10-20T13:19:08.874Z</time></trkpt><trkpt lat="47.60863480" lon="19.14694480"><ele>148.50</ele><time>2025-10-20T13:19:09.096Z</time></trkpt><trkpt lat="47.60863470" lon="19.14694460"><ele>148.28</ele><time>2025-10-20T13:19:09.302Z</time></trkpt><trkpt lat="47.60863470" lon="19.14694440"><ele>148.06</ele><time>2025-10-20T13:19:09.507Z</time></trkpt><trkpt lat="47.60863470" lon="19.14694430"><ele>147.87</ele><time>2025-10-20T13:19:09.709Z</time></trkpt><trkpt lat="47.60863460" lon="19.14694420"><ele>147.67</ele><time>2025-10-20T13:19:09.893Z</time></trkpt><trkpt lat="47.60863450" lon="19.14694410"><ele>147.49</ele><time>2025-10-20T13:19:10.075Z</time></trkpt><trkpt lat="47.60863430" lon="19.14694410"><ele>147.23</ele><time>2025-10-20T13:19:10.316Z</time></trkpt><trkpt lat="47.60863420" lon="19.14694390"><ele>147.01</ele><time>2025-10-20T13:19:10.517Z</time></trkpt><trkpt lat="47.60863410" lon="19.14694380"><ele>146.79</ele><time>2025-10-20T13:19:10.722Z</time></trkpt><trkpt lat="47.60863410" lon="19.14694350"><ele>146.56</ele><time>2025-10-20T13:19:10.924Z</time></trkpt><trkpt lat="47.60863410" lon="19.14694330"><ele>146.37</ele><time>2025-10-20T13:19:11.124Z</time></trkpt><trkpt lat="47.60863420" lon="19.14694320"><ele>146.16</ele><time>2025-10-20T13:19:11.330Z</time></trkpt><trkpt lat="47.60863430" lon="19.14694310"><ele>145.96</ele><time>2025-10-20T13:19:11.513Z</time></trkpt><trkpt lat="47.60863440" lon="19.14694300"><ele>145.73</ele><time>2025-10-20T13:19:11.714Z</time></trkpt><trkpt lat="47.60863460" lon="19.14694280"><ele>145.50</ele><time>2025-10-20T13:19:11.917Z</time></trkpt><trkpt lat="47.60863480" lon="19.14694260"><ele>145.27</ele><time>2025-10-20T13:19:12.119Z</time></trkpt><trkpt lat="47.60863490" lon="19.14694240"><ele>145.05</ele><time>2025-10-20T13:19:12.313Z</time></trkpt><trkpt lat="47.60863520" lon="19.14694230"><ele>144.83</ele><time>2025-10-20T13:19:12.513Z</time></trkpt><trkpt lat="47.60863540" lon="19.14694220"><ele>144.62</ele><time>2025-10-20T13:19:12.715Z</time></trkpt><trkpt lat="47.60863550" lon="19.14694200"><ele>144.41</ele><time>2025-10-20T13:19:12.935Z</time></trkpt><trkpt lat="47.60863570" lon="19.14694160"><ele>144.24</ele><time>2025-10-20T13:19:13.117Z</time></trkpt><trkpt lat="47.60863590" lon="19.14694110"><ele>144.01</ele><time>2025-10-20T13:19:13.330Z</time></trkpt><trkpt lat="47.60863600" lon="19.14694050"><ele>143.79</ele><time>2025-10-20T13:19:13.532Z</time></trkpt><trkpt lat="47.60863610" lon="19.14693970"><ele>143.57</ele><time>2025-10-20T13:19:13.733Z</time></trkpt><trkpt lat="47.60863610" lon="19.14693900"><ele>143.37</ele><time>2025-10-20T13:19:13.914Z</time></trkpt><trkpt lat="47.60863590" lon="19.14693840"><ele>143.14</ele><time>2025-10-20T13:19:14.135Z</time></trkpt><trkpt lat="47.60863580" lon="19.14693800"><ele>142.94</ele><time>2025-10-20T13:19:14.321Z</time></trkpt><trkpt lat="47.60863550" lon="19.14693760"><ele>142.72</ele><time>2025-10-20T13:19:14.524Z</time></trkpt><trkpt lat="47.60863530" lon="19.14693730"><ele>142.51</ele><time>2025-10-20T13:19:14.726Z</time></trkpt><trkpt lat="47.60863510" lon="19.14693730"><ele>142.30</ele><time>2025-10-20T13:19:14.928Z</time></trkpt><trkpt lat="47.60863500" lon="19.14693730"><ele>142.13</ele><time>2025-10-20T13:19:15.090Z</time></trkpt><trkpt lat="47.60863470" lon="19.14693740"><ele>141.88</ele><time>2025-10-20T13:19:15.332Z</time></trkpt><trkpt lat="47.60863450" lon="19.14693750"><ele>141.72</ele><time>2025-10-20T13:19:15.492Z</time></trkpt><trkpt lat="47.60863440" lon="19.14693780"><ele>141.49</ele><time>2025-10-20T13:19:15.713Z</time></trkpt><trkpt lat="47.60863430" lon="19.14693830"><ele>141.26</ele><time>2025-10-20T13:19:15.936Z</time></trkpt><trkpt lat="47.60863420" lon="19.14693900"><ele>141.05</ele><time>2025-10-20T13:19:16.140Z</time></trkpt><trkpt lat="47.60863430" lon="19.14693990"><ele>140.84</ele><time>2025-10-20T13:19:16.333Z</time></trkpt><trkpt lat="47.60863440" lon="19.14694080"><ele>140.63</ele><time>2025-10-20T13:19:16.541Z</time></trkpt><trkpt lat="47.60863460" lon="19.14694150"><ele>140.42</ele><time>2025-10-20T13:19:16.741Z</time></trkpt><trkpt lat="47.60863480" lon="19.14694230"><ele>140.22</ele><time>2025-10-20T13:19:16.943Z</time></trkpt><trkpt lat="47.60863490" lon="19.14694310"><ele>140.02</ele><time>2025-10-20T13:19:17.146Z</time></trkpt><trkpt lat="47.60863490" lon="19.14694390"><ele>139.83</ele><time>2025-10-20T13:19:17.330Z</time></trkpt><trkpt lat="47.60863490" lon="19.14694470"><ele>139.60</ele><time>2025-10-20T13:19:17.551Z</time></trkpt><trkpt lat="47.60863490" lon="19.14694520"><ele>139.42</ele><time>2025-10-20T13:19:17.732Z</time></trkpt><trkpt lat="47.60863480" lon="19.14694560"><ele>139.19</ele><time>2025-10-20T13:19:17.953Z</time></trkpt><trkpt lat="47.60863460" lon="19.14694600"><ele>138.98</ele><time>2025-10-20T13:19:18.154Z</time></trkpt><trkpt lat="47.60863440" lon="19.14694640"><ele>138.78</ele><time>2025-10-20T13:19:18.337Z</time></trkpt><trkpt lat="47.60863420" lon="19.14694670"><ele>138.56</ele><time>2025-10-20T13:19:18.557Z</time></trkpt><trkpt lat="47.60863410" lon="19.14694690"><ele>138.38</ele><time>2025-10-20T13:19:18.739Z</time></trkpt><trkpt lat="47.60863400" lon="19.14694720"><ele>138.16</ele><time>2025-10-20T13:19:18.961Z</time></trkpt><trkpt lat="47.60863410" lon="19.14694760"><ele>137.94</ele><time>2025-10-20T13:19:19.162Z</time></trkpt><trkpt lat="47.60863430" lon="19.14694790"><ele>137.72</ele><time>2025-10-20T13:19:19.371Z</time></trkpt><trkpt lat="47.60863460" lon="19.14694820"><ele>137.54</ele><time>2025-10-20T13:19:19.552Z</time></trkpt><trkpt lat="47.60863510" lon="19.14694840"><ele>137.43</ele><time>2025-10-20T13:19:19.777Z</time></trkpt><trkpt lat="47.60863560" lon="19.14694840"><ele>137.36</ele><time>2025-10-20T13:19:19.977Z</time></trkpt><trkpt lat="47.60863590" lon="19.14694830"><ele>137.24</ele><time>2025-10-20T13:19:20.177Z</time></trkpt><trkpt lat="47.60863620" lon="19.14694810"><ele>137.10</ele><time>2025-10-20T13:19:20.364Z</time></trkpt><trkpt lat="47.60863630" lon="19.14694780"><ele>136.91</ele><time>2025-10-20T13:19:20.566Z</time></trkpt><trkpt lat="47.60863620" lon="19.14694760"><ele>136.75</ele><time>2025-10-20T13:19:20.747Z</time></trkpt><trkpt lat="47.60863590" lon="19.14694700"><ele>136.77</ele><time>2025-10-20T13:19:20.967Z</time></trkpt><trkpt lat="47.60863570" lon="19.14694660"><ele>136.75</ele><time>2025-10-20T13:19:21.169Z</time></trkpt><trkpt lat="47.60863570" lon="19.14694650"><ele>136.76</ele><time>2025-10-20T13:19:21.372Z</time></trkpt><trkpt lat="47.60863580" lon="19.14694640"><ele>136.78</ele><time>2025-10-20T13:19:21.573Z</time></trkpt><trkpt lat="47.60863570" lon="19.14694640"><ele>136.79</ele><time>2025-10-20T13:19:21.774Z</time></trkpt><trkpt lat="47.60863570" lon="19.14694630"><ele>136.81</ele><time>2025-10-20T13:19:21.974Z</time></trkpt><trkpt lat="47.60863570" lon="19.14694630"><ele>136.82</ele><time>2025-10-20T13:19:22.174Z</time></trkpt><trkpt lat="47.60863570" lon="19.14694620"><ele>136.83</ele><time>2025-10-20T13:19:22.378Z</time></trkpt><trkpt lat="47.60863570" lon="19.14694620"><ele>136.84</ele><time>2025-10-20T13:19:22.578Z</time></trkpt><trkpt lat="47.60863570" lon="19.14694620"><ele>136.84</ele><time>2025-10-20T13:19:22.780Z</time></trkpt><trkpt lat="47.60863570" lon="19.14694620"><ele>136.85</ele><time>2025-10-20T13:19:22.961Z</time></trkpt><trkpt lat="47.60863560" lon="19.14694610"><ele>136.86</ele><time>2025-10-20T13:19:23.182Z</time></trkpt><trkpt lat="47.60863560" lon="19.14694610"><ele>136.87</ele><time>2025-10-20T13:19:23.385Z</time></trkpt><trkpt lat="47.60863550" lon="19.14694610"><ele>136.88</ele><time>2025-10-20T13:19:23.567Z</time></trkpt><trkpt lat="47.60863550" lon="19.14694600"><ele>136.88</ele><time>2025-10-20T13:19:23.767Z</time></trkpt><trkpt lat="47.60863550" lon="19.14694600"><ele>136.89</ele><time>2025-10-20T13:19:23.988Z</time></trkpt><trkpt lat="47.60863550" lon="19.14694600"><ele>136.89</ele><time>2025-10-20T13:19:23.988Z</time></trkpt><trkpt lat="47.60863550" lon="19.14694600"><ele>136.89</ele><time>2025-10-20T13:19:23.988Z</time></trkpt><trkpt lat="47.60863550" lon="19.14694600"><ele>136.89</ele><time>2025-10-20T13:19:24.646Z</time></trkpt><trkpt lat="47.60863550" lon="19.14694600"><ele>136.89</ele><time>2025-10-20T13:19:24.846Z</time></trkpt><trkpt lat="47.60863570" lon="19.14694600"><ele>136.89</ele><time>2025-10-20T13:19:25.047Z</time></trkpt><trkpt lat="47.60863580" lon="19.14694610"><ele>136.89</ele><time>2025-10-20T13:19:25.249Z</time></trkpt><trkpt lat="47.60863600" lon="19.14694610"><ele>136.88</ele><time>2025-10-20T13:19:25.450Z</time></trkpt><trkpt lat="47.60863630" lon="19.14694620"><ele>136.88</ele><time>2025-10-20T13:19:25.650Z</time></trkpt><trkpt lat="47.60863630" lon="19.14694610"><ele>136.88</ele><time>2025-10-20T13:19:25.849Z</time></trkpt><trkpt lat="47.60863610" lon="19.14694610"><ele>136.88</ele><time>2025-10-20T13:19:26.050Z</time></trkpt><trkpt lat="47.60863590" lon="19.14694610"><ele>136.89</ele><time>2025-10-20T13:19:26.253Z</time></trkpt><trkpt lat="47.60863570" lon="19.14694600"><ele>136.90</ele><time>2025-10-20T13:19:26.455Z</time></trkpt><trkpt lat="47.60863550" lon="19.14694600"><ele>136.91</ele><time>2025-10-20T13:19:26.655Z</time></trkpt><trkpt lat="47.60863530" lon="19.14694590"><ele>136.91</ele><time>2025-10-20T13:19:26.857Z</time></trkpt><trkpt lat="47.60863510" lon="19.14694580"><ele>136.91</ele><time>2025-10-20T13:19:27.059Z</time></trkpt><trkpt lat="47.60863500" lon="19.14694570"><ele>136.90</ele><time>2025-10-20T13:19:27.259Z</time></trkpt><trkpt lat="47.60863500" lon="19.14694580"><ele>136.91</ele><time>2025-10-20T13:19:27.460Z</time></trkpt><trkpt lat="47.60863510" lon="19.14694580"><ele>136.91</ele><time>2025-10-20T13:19:27.660Z</time></trkpt><trkpt lat="47.60863510" lon="19.14694580"><ele>136.91</ele><time>2025-10-20T13:19:27.861Z</time></trkpt><trkpt lat="47.60863500" lon="19.14694580"><ele>136.91</ele><time>2025-10-20T13:19:28.082Z</time></trkpt><trkpt lat="47.60863500" lon="19.14694580"><ele>136.91</ele><time>2025-10-20T13:19:28.282Z</time></trkpt><trkpt lat="47.60863490" lon="19.14694580"><ele>136.92</ele><time>2025-10-20T13:19:28.463Z</time></trkpt><trkpt lat="47.60863490" lon="19.14694580"><ele>136.92</ele><time>2025-10-20T13:19:28.664Z</time></trkpt><trkpt lat="47.60863490" lon="19.14694580"><ele>136.92</ele><time>2025-10-20T13:19:28.864Z</time></trkpt><trkpt lat="47.60863480" lon="19.14694580"><ele>136.92</ele><time>2025-10-20T13:19:29.064Z</time></trkpt><trkpt lat="47.60863480" lon="19.14694580"><ele>136.92</ele><time>2025-10-20T13:19:29.245Z</time></trkpt><trkpt lat="47.60863470" lon="19.14694580"><ele>136.92</ele><time>2025-10-20T13:19:29.466Z</time></trkpt><trkpt lat="47.60863470" lon="19.14694580"><ele>136.92</ele><time>2025-10-20T13:19:29.668Z</time></trkpt><trkpt lat="47.60863460" lon="19.14694580"><ele>136.93</ele><time>2025-10-20T13:19:29.868Z</time></trkpt><trkpt lat="47.60863460" lon="19.14694570"><ele>136.93</ele><time>2025-10-20T13:19:30.069Z</time></trkpt><trkpt lat="47.60863450" lon="19.14694570"><ele>136.93</ele><time>2025-10-20T13:19:30.269Z</time></trkpt><trkpt lat="47.60863440" lon="19.14694570"><ele>136.93</ele><time>2025-10-20T13:19:30.470Z</time></trkpt><trkpt lat="47.60863440" lon="19.14694570"><ele>136.93</ele><time>2025-10-20T13:19:30.670Z</time></trkpt><trkpt lat="47.60863440" lon="19.14694560"><ele>136.93</ele><time>2025-10-20T13:19:30.871Z</time></trkpt><trkpt lat="47.60863430" lon="19.14694560"><ele>136.93</ele><time>2025-10-20T13:19:31.071Z</time></trkpt><trkpt lat="47.60863430" lon="19.14694560"><ele>136.93</ele><time>2025-10-20T13:19:31.272Z</time></trkpt><trkpt lat="47.60863420" lon="19.14694570"><ele>136.93</ele><time>2025-10-20T13:19:31.457Z</time></trkpt><trkpt lat="47.60863420" lon="19.14694570"><ele>136.93</ele><time>2025-10-20T13:19:31.657Z</time></trkpt><trkpt lat="47.60863420" lon="19.14694570"><ele>136.94</ele><time>2025-10-20T13:19:31.857Z</time></trkpt><trkpt lat="47.60863420" lon="19.14694560"><ele>136.94</ele><time>2025-10-20T13:19:32.059Z</time></trkpt><trkpt lat="47.60863420" lon="19.14694560"><ele>136.94</ele><time>2025-10-20T13:19:32.261Z</time></trkpt><trkpt lat="47.60863420" lon="19.14694560"><ele>136.94</ele><time>2025-10-20T13:19:32.463Z</time></trkpt><trkpt lat="47.60863420" lon="19.14694560"><ele>136.95</ele><time>2025-10-20T13:19:32.663Z</time></trkpt><trkpt lat="47.60863420" lon="19.14694560"><ele>136.95</ele><time>2025-10-20T13:19:32.863Z</time></trkpt><trkpt lat="47.60863410" lon="19.14694570"><ele>136.95</ele><time>2025-10-20T13:19:33.064Z</time></trkpt><trkpt lat="47.60863410" lon="19.14694570"><ele>136.96</ele><time>2025-10-20T13:19:33.266Z</time></trkpt><trkpt lat="47.60863410" lon="19.14694570"><ele>136.96</ele><time>2025-10-20T13:19:33.470Z</time></trkpt><trkpt lat="47.60863400" lon="19.14694570"><ele>136.96</ele><time>2025-10-20T13:19:33.673Z</time></trkpt><trkpt lat="47.60863410" lon="19.14694570"><ele>136.97</ele><time>2025-10-20T13:19:33.873Z</time></trkpt><trkpt lat="47.60863410" lon="19.14694570"><ele>136.97</ele><time>2025-10-20T13:19:34.074Z</time></trkpt><trkpt lat="47.60863410" lon="19.14694570"><ele>136.97</ele><time>2025-10-20T13:19:34.274Z</time></trkpt><trkpt lat="47.60863410" lon="19.14694580"><ele>136.97</ele><time>2025-10-20T13:19:34.476Z</time></trkpt><trkpt lat="47.60863410" lon="19.14694570"><ele>136.98</ele><time>2025-10-20T13:19:34.675Z</time></trkpt><trkpt lat="47.60863410" lon="19.14694570"><ele>136.98</ele><time>2025-10-20T13:19:34.875Z</time></trkpt><trkpt lat="47.60863410" lon="19.14694570"><ele>136.98</ele><time>2025-10-20T13:19:35.074Z</time></trkpt><trkpt lat="47.60863420" lon="19.14694570"><ele>136.98</ele><time>2025-10-20T13:19:35.275Z</time></trkpt><trkpt lat="47.60863420" lon="19.14694570"><ele>136.98</ele><time>2025-10-20T13:19:35.476Z</time></trkpt><trkpt lat="47.60863420" lon="19.14694570"><ele>136.99</ele><time>2025-10-20T13:19:35.676Z</time></trkpt><trkpt lat="47.60863430" lon="19.14694570"><ele>136.99</ele><time>2025-10-20T13:19:35.877Z</time></trkpt><trkpt lat="47.60863430" lon="19.14694570"><ele>136.99</ele><time>2025-10-20T13:19:36.079Z</time></trkpt><trkpt lat="47.60863420" lon="19.14694570"><ele>136.99</ele><time>2025-10-20T13:19:36.281Z</time></trkpt><trkpt lat="47.60863420" lon="19.14694570"><ele>136.99</ele><time>2025-10-20T13:19:36.481Z</time></trkpt><trkpt lat="47.60863420" lon="19.14694570"><ele>137.00</ele><time>2025-10-20T13:19:36.681Z</time></trkpt><trkpt lat="47.60863420" lon="19.14694560"><ele>137.00</ele><time>2025-10-20T13:19:36.881Z</time></trkpt><trkpt lat="47.60863420" lon="19.14694560"><ele>137.00</ele><time>2025-10-20T13:19:37.081Z</time></trkpt><trkpt lat="47.60863420" lon="19.14694560"><ele>137.00</ele><time>2025-10-20T13:19:37.282Z</time></trkpt><trkpt lat="47.60863420" lon="19.14694550"><ele>137.01</ele><time>2025-10-20T13:19:37.483Z</time></trkpt><trkpt lat="47.60863420" lon="19.14694550"><ele>137.01</ele><time>2025-10-20T13:19:37.684Z</time></trkpt><trkpt lat="47.60863420" lon="19.14694560"><ele>137.02</ele><time>2025-10-20T13:19:37.884Z</time></trkpt><trkpt lat="47.60863420" lon="19.14694560"><ele>137.02</ele><time>2025-10-20T13:19:38.084Z</time></trkpt><trkpt lat="47.60863420" lon="19.14694560"><ele>137.02</ele><time>2025-10-20T13:19:38.286Z</time></trkpt><trkpt lat="47.60863420" lon="19.14694560"><ele>137.02</ele><time>2025-10-20T13:19:38.487Z</time></trkpt><trkpt lat="47.60863420" lon="19.14694560"><ele>137.03</ele><time>2025-10-20T13:19:38.687Z</time></trkpt><trkpt lat="47.60863420" lon="19.14694560"><ele>137.03</ele><time>2025-10-20T13:19:38.888Z</time></trkpt><trkpt lat="47.60863420" lon="19.14694560"><ele>137.03</ele><time>2025-10-20T13:19:39.090Z</time></trkpt><trkpt lat="47.60863420" lon="19.14694560"><ele>137.04</ele><time>2025-10-20T13:19:39.291Z</time></trkpt><trkpt lat="47.60863420" lon="19.14694560"><ele>137.04</ele><time>2025-10-20T13:19:39.491Z</time></trkpt><trkpt lat="47.60863420" lon="19.14694560"><ele>137.04</ele><time>2025-10-20T13:19:39.691Z</time></trkpt><trkpt lat="47.60863420" lon="19.14694550"><ele>137.05</ele><time>2025-10-20T13:19:39.893Z</time></trkpt><trkpt lat="47.60863430" lon="19.14694560"><ele>137.05</ele><time>2025-10-20T13:19:40.092Z</time></trkpt><trkpt lat="47.60863430" lon="19.14694560"><ele>137.05</ele><time>2025-10-20T13:19:40.293Z</time></trkpt><trkpt lat="47.60863430" lon="19.14694560"><ele>137.05</ele><time>2025-10-20T13:19:40.493Z</time></trkpt><trkpt lat="47.60863430" lon="19.14694560"><ele>137.06</ele><time>2025-10-20T13:19:40.694Z</time></trkpt><trkpt lat="47.60863430" lon="19.14694560"><ele>137.06</ele><time>2025-10-20T13:19:40.894Z</time></trkpt><trkpt lat="47.60863430" lon="19.14694560"><ele>137.06</ele><time>2025-10-20T13:19:41.095Z</time></trkpt><trkpt lat="47.60863430" lon="19.14694560"><ele>137.06</ele><time>2025-10-20T13:19:41.296Z</time></trkpt><trkpt lat="47.60863420" lon="19.14694570"><ele>137.07</ele><time>2025-10-20T13:19:41.497Z</time></trkpt><trkpt lat="47.60863420" lon="19.14694570"><ele>137.07</ele><time>2025-10-20T13:19:41.697Z</time></trkpt><trkpt lat="47.60863420" lon="19.14694570"><ele>137.07</ele><time>2025-10-20T13:19:41.897Z</time></trkpt><trkpt lat="47.60863420" lon="19.14694570"><ele>137.08</ele><time>2025-10-20T13:19:42.097Z</time></trkpt><trkpt lat="47.60863420" lon="19.14694570"><ele>137.08</ele><time>2025-10-20T13:19:42.297Z</time></trkpt><trkpt lat="47.60863420" lon="19.14694580"><ele>137.09</ele><time>2025-10-20T13:19:42.498Z</time></trkpt><trkpt lat="47.60863420" lon="19.14694580"><ele>137.09</ele><time>2025-10-20T13:19:42.698Z</time></trkpt><trkpt lat="47.60863420" lon="19.14694580"><ele>137.10</ele><time>2025-10-20T13:19:42.899Z</time></trkpt><trkpt lat="47.60863420" lon="19.14694590"><ele>137.10</ele><time>2025-10-20T13:19:43.098Z</time></trkpt><trkpt lat="47.60863410" lon="19.14694590"><ele>137.10</ele><time>2025-10-20T13:19:43.320Z</time></trkpt><trkpt lat="47.60863410" lon="19.14694590"><ele>137.11</ele><time>2025-10-20T13:19:43.500Z</time></trkpt><trkpt lat="47.60863410" lon="19.14694590"><ele>137.11</ele><time>2025-10-20T13:19:43.721Z</time></trkpt><trkpt lat="47.60863410" lon="19.14694590"><ele>137.11</ele><time>2025-10-20T13:19:43.902Z</time></trkpt><trkpt lat="47.60863410" lon="19.14694590"><ele>137.12</ele><time>2025-10-20T13:19:44.104Z</time></trkpt><trkpt lat="47.60863420" lon="19.14694590"><ele>137.13</ele><time>2025-10-20T13:19:44.304Z</time></trkpt><trkpt lat="47.60863410" lon="19.14694590"><ele>137.13</ele><time>2025-10-20T13:19:44.505Z</time></trkpt><trkpt lat="47.60863410" lon="19.14694590"><ele>137.14</ele><time>2025-10-20T13:19:44.705Z</time></trkpt><trkpt lat="47.60863410" lon="19.14694580"><ele>137.14</ele><time>2025-10-20T13:19:44.906Z</time></trkpt><trkpt lat="47.60863410" lon="19.14694580"><ele>137.14</ele><time>2025-10-20T13:19:45.107Z</time></trkpt><trkpt lat="47.60863400" lon="19.14694580"><ele>137.14</ele><time>2025-10-20T13:19:45.307Z</time></trkpt><trkpt lat="47.60863400" lon="19.14694570"><ele>137.15</ele><time>2025-10-20T13:19:45.508Z</time></trkpt><trkpt lat="47.60863400" lon="19.14694570"><ele>137.15</ele><time>2025-10-20T13:19:45.708Z</time></trkpt><trkpt lat="47.60863410" lon="19.14694560"><ele>137.14</ele><time>2025-10-20T13:19:45.908Z</time></trkpt><trkpt lat="47.60863400" lon="19.14694560"><ele>137.14</ele><time>2025-10-20T13:19:46.107Z</time></trkpt><trkpt lat="47.60863400" lon="19.14694570"><ele>137.15</ele><time>2025-10-20T13:19:46.311Z</time></trkpt><trkpt lat="47.60863410" lon="19.14694570"><ele>137.15</ele><time>2025-10-20T13:19:46.510Z</time></trkpt><trkpt lat="47.60863410" lon="19.14694560"><ele>137.15</ele><time>2025-10-20T13:19:46.710Z</time></trkpt><trkpt lat="47.60863410" lon="19.14694560"><ele>137.16</ele><time>2025-10-20T13:19:46.910Z</time></trkpt><trkpt lat="47.60863410" lon="19.14694560"><ele>137.16</ele><time>2025-10-20T13:19:47.111Z</time></trkpt><trkpt lat="47.60863410" lon="19.14694570"><ele>137.16</ele><time>2025-10-20T13:19:47.313Z</time></trkpt><trkpt lat="47.60863410" lon="19.14694570"><ele>137.16</ele><time>2025-10-20T13:19:47.513Z</time></trkpt><trkpt lat="47.60863410" lon="19.14694570"><ele>137.16</ele><time>2025-10-20T13:19:47.713Z</time></trkpt><trkpt lat="47.60863410" lon="19.14694560"><ele>137.16</ele><time>2025-10-20T13:19:47.914Z</time></trkpt><trkpt lat="47.60863410" lon="19.14694560"><ele>137.17</ele><time>2025-10-20T13:19:48.115Z</time></trkpt><trkpt lat="47.60863410" lon="19.14694560"><ele>137.17</ele><time>2025-10-20T13:19:48.315Z</time></trkpt><trkpt lat="47.60863410" lon="19.14694560"><ele>137.17</ele><time>2025-10-20T13:19:48.516Z</time></trkpt><trkpt lat="47.60863410" lon="19.14694560"><ele>137.17</ele><time>2025-10-20T13:19:48.715Z</time></trkpt><trkpt lat="47.60863410" lon="19.14694570"><ele>137.17</ele><time>2025-10-20T13:19:48.915Z</time></trkpt><trkpt lat="47.60863410" lon="19.14694570"><ele>137.17</ele><time>2025-10-20T13:19:49.114Z</time></trkpt><trkpt lat="47.60863410" lon="19.14694570"><ele>137.17</ele><time>2025-10-20T13:19:49.314Z</time></trkpt><trkpt lat="47.60863410" lon="19.14694560"><ele>137.18</ele><time>2025-10-20T13:19:49.514Z</time></trkpt><trkpt lat="47.60863410" lon="19.14694560"><ele>137.18</ele><time>2025-10-20T13:19:49.716Z</time></trkpt><trkpt lat="47.60863410" lon="19.14694560"><ele>137.18</ele><time>2025-10-20T13:19:49.916Z</time></trkpt><trkpt lat="47.60863410" lon="19.14694560"><ele>137.18</ele><time>2025-10-20T13:19:50.116Z</time></trkpt><trkpt lat="47.60863410" lon="19.14694560"><ele>137.19</ele><time>2025-10-20T13:19:50.317Z</time></trkpt><trkpt lat="47.60863410" lon="19.14694560"><ele>137.19</ele><time>2025-10-20T13:19:50.518Z</time></trkpt><trkpt lat="47.60863420" lon="19.14694560"><ele>137.20</ele><time>2025-10-20T13:19:50.718Z</time></trkpt><trkpt lat="47.60863420" lon="19.14694560"><ele>137.20</ele><time>2025-10-20T13:19:50.918Z</time></trkpt><trkpt lat="47.60863420" lon="19.14694560"><ele>137.20</ele><time>2025-10-20T13:19:51.117Z</time></trkpt><trkpt lat="47.60863420" lon="19.14694560"><ele>137.20</ele><time>2025-10-20T13:19:51.321Z</time></trkpt><trkpt lat="47.60863420" lon="19.14694550"><ele>137.20</ele><time>2025-10-20T13:19:51.520Z</time></trkpt><trkpt lat="47.60863420" lon="19.14694550"><ele>137.21</ele><time>2025-10-20T13:19:51.721Z</time></trkpt><trkpt lat="47.60863420" lon="19.14694550"><ele>137.21</ele><time>2025-10-20T13:19:51.921Z</time></trkpt><trkpt lat="47.60863410" lon="19.14694550"><ele>137.22</ele><time>2025-10-20T13:19:52.122Z</time></trkpt><trkpt lat="47.60863410" lon="19.14694550"><ele>137.22</ele><time>2025-10-20T13:19:52.324Z</time></trkpt><trkpt lat="47.60863410" lon="19.14694540"><ele>137.22</ele><time>2025-10-20T13:19:52.525Z</time></trkpt><trkpt lat="47.60863400" lon="19.14694540"><ele>137.22</ele><time>2025-10-20T13:19:52.725Z</time></trkpt><trkpt lat="47.60863400" lon="19.14694550"><ele>137.22</ele><time>2025-10-20T13:19:52.926Z</time></trkpt><trkpt lat="47.60863400" lon="19.14694550"><ele>137.22</ele><time>2025-10-20T13:19:53.127Z</time></trkpt><trkpt lat="47.60863400" lon="19.14694550"><ele>137.22</ele><time>2025-10-20T13:19:53.331Z</time></trkpt><trkpt lat="47.60863400" lon="19.14694550"><ele>137.23</ele><time>2025-10-20T13:19:53.530Z</time></trkpt><trkpt lat="47.60863400" lon="19.14694540"><ele>137.23</ele><time>2025-10-20T13:19:53.730Z</time></trkpt><trkpt lat="47.60863400" lon="19.14694550"><ele>137.23</ele><time>2025-10-20T13:19:53.930Z</time></trkpt><trkpt lat="47.60863400" lon="19.14694550"><ele>137.23</ele><time>2025-10-20T13:19:54.130Z</time></trkpt><trkpt lat="47.60863400" lon="19.14694550"><ele>137.24</ele><time>2025-10-20T13:19:54.335Z</time></trkpt><trkpt lat="47.60863400" lon="19.14694550"><ele>137.24</ele><time>2025-10-20T13:19:54.536Z</time></trkpt><trkpt lat="47.60863400" lon="19.14694550"><ele>137.24</ele><time>2025-10-20T13:19:54.736Z</time></trkpt><trkpt lat="47.60863400" lon="19.14694550"><ele>137.25</ele><time>2025-10-20T13:19:54.936Z</time></trkpt><trkpt lat="47.60863400" lon="19.14694550"><ele>137.25</ele><time>2025-10-20T13:19:55.136Z</time></trkpt><trkpt lat="47.60863400" lon="19.14694560"><ele>137.26</ele><time>2025-10-20T13:19:55.342Z</time></trkpt><trkpt lat="47.60863400" lon="19.14694560"><ele>137.26</ele><time>2025-10-20T13:19:55.543Z</time></trkpt><trkpt lat="47.60863410" lon="19.14694560"><ele>137.26</ele><time>2025-10-20T13:19:55.744Z</time></trkpt><trkpt lat="47.60863400" lon="19.14694560"><ele>137.26</ele><time>2025-10-20T13:19:55.944Z</time></trkpt><trkpt lat="47.60863400" lon="19.14694550"><ele>137.26</ele><time>2025-10-20T13:19:56.146Z</time></trkpt><trkpt lat="47.60863400" lon="19.14694550"><ele>137.27</ele><time>2025-10-20T13:19:56.348Z</time></trkpt><trkpt lat="47.60863400" lon="19.14694550"><ele>137.27</ele><time>2025-10-20T13:19:56.549Z</time></trkpt><trkpt lat="47.60863400" lon="19.14694550"><ele>137.27</ele><time>2025-10-20T13:19:56.749Z</time></trkpt><trkpt lat="47.60863400" lon="19.14694550"><ele>137.27</ele><time>2025-10-20T13:19:56.949Z</time></trkpt><trkpt lat="47.60863400" lon="19.14694550"><ele>137.28</ele><time>2025-10-20T13:19:57.149Z</time></trkpt><trkpt lat="47.60863400" lon="19.14694550"><ele>137.28</ele><time>2025-10-20T13:19:57.351Z</time></trkpt><trkpt lat="47.60863390" lon="19.14694550"><ele>137.28</ele><time>2025-10-20T13:19:57.571Z</time></trkpt><trkpt lat="47.60863390" lon="19.14694550"><ele>137.28</ele><time>2025-10-20T13:19:57.772Z</time></trkpt><trkpt lat="47.60863390" lon="19.14694550"><ele>137.29</ele><time>2025-10-20T13:19:57.953Z</time></trkpt><trkpt lat="47.60863390" lon="19.14694550"><ele>137.29</ele><time>2025-10-20T13:19:58.155Z</time></trkpt><trkpt lat="47.60863390" lon="19.14694550"><ele>137.30</ele><time>2025-10-20T13:19:58.361Z</time></trkpt><trkpt lat="47.60863390" lon="19.14694550"><ele>137.30</ele><time>2025-10-20T13:19:58.564Z</time></trkpt><trkpt lat="47.60863390" lon="19.14694550"><ele>137.30</ele><time>2025-10-20T13:19:58.767Z</time></trkpt><trkpt lat="47.60863400" lon="19.14694550"><ele>137.31</ele><time>2025-10-20T13:19:58.967Z</time></trkpt><trkpt lat="47.60863400" lon="19.14694550"><ele>137.31</ele><time>2025-10-20T13:19:59.167Z</time></trkpt><trkpt lat="47.60863410" lon="19.14694540"><ele>137.31</ele><time>2025-10-20T13:19:59.368Z</time></trkpt><trkpt lat="47.60863410" lon="19.14694540"><ele>137.31</ele><time>2025-10-20T13:19:59.568Z</time></trkpt><trkpt lat="47.60863410" lon="19.14694540"><ele>137.31</ele><time>2025-10-20T13:19:59.769Z</time></trkpt><trkpt lat="47.60863420" lon="19.14694550"><ele>137.32</ele><time>2025-10-20T13:19:59.969Z</time></trkpt><trkpt lat="47.60863420" lon="19.14694540"><ele>137.32</ele><time>2025-10-20T13:20:00.171Z</time></trkpt><trkpt lat="47.60863420" lon="19.14694540"><ele>137.32</ele><time>2025-10-20T13:20:00.373Z</time></trkpt><trkpt lat="47.60863420" lon="19.14694540"><ele>137.32</ele><time>2025-10-20T13:20:00.573Z</time></trkpt><trkpt lat="47.60863420" lon="19.14694540"><ele>137.32</ele><time>2025-10-20T13:20:00.773Z</time></trkpt><trkpt lat="47.60863420" lon="19.14694530"><ele>137.32</ele><time>2025-10-20T13:20:00.974Z</time></trkpt><trkpt lat="47.60863410" lon="19.14694530"><ele>137.32</ele><time>2025-10-20T13:20:01.173Z</time></trkpt><trkpt lat="47.60863410" lon="19.14694530"><ele>137.32</ele><time>2025-10-20T13:20:01.373Z</time></trkpt><trkpt lat="47.60863410" lon="19.14694530"><ele>137.35</ele><time>2025-10-20T13:20:01.572Z</time></trkpt><trkpt lat="47.60863400" lon="19.14694530"><ele>137.37</ele><time>2025-10-20T13:20:01.772Z</time></trkpt><trkpt lat="47.60863400" lon="19.14694530"><ele>137.39</ele><time>2025-10-20T13:20:01.970Z</time></trkpt><trkpt lat="47.60863400" lon="19.14694530"><ele>137.40</ele><time>2025-10-20T13:20:02.171Z</time></trkpt><trkpt lat="47.60863400" lon="19.14694530"><ele>137.41</ele><time>2025-10-20T13:20:02.372Z</time></trkpt><trkpt lat="47.60863400" lon="19.14694540"><ele>137.43</ele><time>2025-10-20T13:20:02.572Z</time></trkpt><trkpt lat="47.60863400" lon="19.14694540"><ele>137.44</ele><time>2025-10-20T13:20:02.773Z</time></trkpt><trkpt lat="47.60863390" lon="19.14694540"><ele>137.45</ele><time>2025-10-20T13:20:02.973Z</time></trkpt><trkpt lat="47.60863390" lon="19.14694540"><ele>137.46</ele><time>2025-10-20T13:20:03.174Z</time></trkpt><trkpt lat="47.60863390" lon="19.14694540"><ele>137.47</ele><time>2025-10-20T13:20:03.375Z</time></trkpt><trkpt lat="47.60863390" lon="19.14694540"><ele>137.48</ele><time>2025-10-20T13:20:03.576Z</time></trkpt><trkpt lat="47.60863390" lon="19.14694530"><ele>137.48</ele><time>2025-10-20T13:20:03.777Z</time></trkpt><trkpt lat="47.60863390" lon="19.14694530"><ele>137.49</ele><time>2025-10-20T13:20:03.977Z</time></trkpt><trkpt lat="47.60863390" lon="19.14694540"><ele>137.49</ele><time>2025-10-20T13:20:04.158Z</time></trkpt><trkpt lat="47.60863390" lon="19.14694540"><ele>137.50</ele><time>2025-10-20T13:20:04.379Z</time></trkpt><trkpt lat="47.60863390" lon="19.14694540"><ele>137.50</ele><time>2025-10-20T13:20:04.579Z</time></trkpt><trkpt lat="47.60863390" lon="19.14694550"><ele>137.49</ele><time>2025-10-20T13:20:04.780Z</time></trkpt><trkpt lat="47.60863390" lon="19.14694550"><ele>137.49</ele><time>2025-10-20T13:20:04.979Z</time></trkpt><trkpt lat="47.60863390" lon="19.14694550"><ele>137.50</ele><time>2025-10-20T13:20:05.180Z</time></trkpt><trkpt lat="47.60863390" lon="19.14694540"><ele>137.50</ele><time>2025-10-20T13:20:05.381Z</time></trkpt><trkpt lat="47.60863400" lon="19.14694540"><ele>137.50</ele><time>2025-10-20T13:20:05.582Z</time></trkpt></trkseg></trk></gpx>