2025-10-20 13:12:04 INFO  main_loop.c:906 Current mission: volk-2025-11
2025-10-20 13:12:04 INFO  flyingzone.c:225 Reading flying zone file /data/missions/volk-2025-11/flyingzone.cfg...
2025-10-20 13:12:04 INFO  flyingzone.c:280 Parsed 10 flying zone points, 0 holes, 0 rally points, 0 arena points and 0 target points of zone 'show'.
2025-10-20 13:12:04 INFO  choreography.c:638 Reading choreography file /data/missions/volk-2025-11/choreography.cfg...
2025-10-20 13:12:04 INFO  choreography.c:656 Parsed 2 choreography elements.
2025-10-20 13:12:04 INFO  waypoints.c:210 Reading waypoint file /data/missions/volk-2025-11/waypoints_ground.cfg ...
2025-10-20 13:12:04 INFO  waypoints.c:226 Parsed 1 waypoints.
2025-10-20 13:12:04 INFO  algorithms/waypoint.c:1248 Minimum safety margin between waypoints and flying zone: 76.1 m
2025-10-20 13:12:04 INFO  waypoints.c:210 Reading waypoint file /data/missions/volk-2025-11/waypoints.cfg ...
2025-10-20 13:12:04 INFO  waypoints.c:226 Parsed 1004 waypoints.
2025-10-20 13:12:04 INFO  algorithms/waypoint.c:1248 Minimum safety margin between waypoints and flying zone: 15.7 m
2025-10-20 13:12:04 INFO  main_loop.c:117 GPIO monitor initialized.
2025-10-20 13:12:04 INFO  main_loop.c:150 Watching GPIO pin 88 (rising edge) for timesync pulse
2025-10-20 13:12:04 INFO  networking/xbee.c:54 Initializing XBee on /dev/ttyAML2...
2025-10-20 13:12:04 INFO  networking/radio.c:266 Initializing radio with address 0x0041 on /dev/sik-radio...
2025-10-20 13:12:04 INFO  networking/radio.c:823 Radio activated, receiving only.
2025-10-20 13:12:04 INFO  networking/wireless.c:419 Waiting for wireless interface to come up.
2025-10-20 13:12:04 INFO  autopilots/pixhawk/driver.c:110 Initializing MAVLink/PixHawk on /dev/ttyAML1...
2025-10-20 13:12:04 WARN  main_loop.c:263 Could not initialize BMS.
2025-10-20 13:12:04 WARN  main_loop.c:278 Could not initialize camera mount.
2025-10-20 13:12:04 INFO  led_strip.c:67 Initializing serial LED strip on /dev/ttyAML0...
2025-10-20 13:12:04 INFO  led_strip.c:83 LED strip initialized.
2025-10-20 13:12:04 WARN  main_loop.c:346 Could not initialize sprayer.
2025-10-20 13:12:04 INFO  main_loop.c:928 Initializing algorithms...
2025-10-20 13:12:04 INFO  modules/silencer.c:112 Throttling telemetry traffic.
2025-10-20 13:12:04 INFO  modules/slow_flight_mode.c:147 Slow flight mode deactivated. Resuming normal control output.
2025-10-20 13:12:04 INFO  networking/console.c:205 Opening debug console on 127.0.0.1:4242
2025-10-20 13:12:04 INFO  networking/jsonrpc.c:374 Opening JSON-RPC API handler on 127.0.0.1:4244
2025-10-20 13:12:04 INFO  main_loop.c:396 Master switch: ch5, 6 states (3=enable)
2025-10-20 13:12:04 INFO  main_loop.c:401 No algorithm selector channel is selected.
2025-10-20 13:12:04 INFO  main_loop.c:401 No manual switch channel is selected.
2025-10-20 13:12:04 INFO  main_loop.c:396 Return to home switch: ch8, 2 states (2=enable)
2025-10-20 13:12:04 INFO  main_loop.c:396 Choreography switch: ch7, 2 states (2=enable)
2025-10-20 13:12:04 INFO  main_loop.c:401 No pyro switch channel is selected.
2025-10-20 13:12:04 INFO  main_loop.c:401 No slow flight mode switch channel is selected.
2025-10-20 13:12:04 INFO  main_loop.c:401 No sprayer switch channel is selected.
2025-10-20 13:12:04 INFO  main_loop.c:396 Suspend/resume switch: ch6, 2 states (2=enable)
2025-10-20 13:12:04 INFO  main_loop.c:429 Auxiliary function of choreography switch: set LED color by group
2025-10-20 13:12:04 INFO  main_loop.c:437 Default algorithm: manual
2025-10-20 13:12:04 INFO  main_loop.c:445 Emergency algorithm: emergency
2025-10-20 13:12:04 INFO  main_loop.c:1086 Entering main loop...
2025-10-20 13:12:04 INFO  networking/wireless.c:592 Wireless link up at 10.0.0.65:4243 (UDP and TCP)
2025-10-20 13:12:04 INFO  networking/wireless.c:614 Broadcasting wireless packets to 10.255.255.255:4243
2025-10-20 13:12:04 INFO  networking/wireless.c:423 Wireless activated.
2025-10-20 13:12:04 INFO  prearm.c:246 PASS - Error code is zero
2025-10-20 13:12:04 INFO  prearm.c:398 PASS - High level sensor checks OK
2025-10-20 13:12:04 INFO  prearm.c:412 PASS - GPS fix OK
2025-10-20 13:12:04 INFO  prearm.c:463 PASS - Relative altitude OK
2025-10-20 13:12:04 INFO  prearm.c:546 PASS - Flying zone OK
2025-10-20 13:12:05 INFO  prearm.c:160 PASS - Low level prearm checks OK
2025-10-20 13:12:06 INFO  timesync.c:702 Fine time synchronization achieved.
2025-10-20 13:12:09 INFO  autopilots/pixhawk/driver.c:1930 ArduPilot version: 3.6.7
2025-10-20 13:12:09 INFO  autopilots/pixhawk/driver.c:2013 Acknowledgement OK, cmd: 520 (MAV_CMD_REQUEST_AUTOPILOT_CAPABILITIES), result: 0 (ACCEPTED).
2025-10-20 13:12:09 INFO  autopilots/pixhawk/init.c:106 Initializing MAVLink/PixHawk data stream rates...
2025-10-20 13:12:09 INFO  autopilots/pixhawk/init.c:129 Requesting important parameters from PixHawk...
2025-10-20 13:12:09 INFO  autopilots/pixhawk/init.c:136 Uploading important parameters to PixHawk...
2025-10-20 13:12:09 WARN  prearm.c:256 FAIL - Autopilot has not finished initializing yet
2025-10-20 13:12:09 WARN  prearm.c:420 FAIL - No home position yet
2025-10-20 13:12:09 WARN  prearm.c:168 FAIL - Guided mode is not turned on yet
2025-10-20 13:12:14 INFO  autopilots/pixhawk/driver.c:1900 GPS delay is 220 ms
2025-10-20 13:12:16 INFO  autopilots/pixhawk/driver.c:1865 Acknowledgement of PARAM_SET, ID: COMPASS_DEC, new value: 0
2025-10-20 13:12:16 INFO  autopilots/pixhawk/driver.c:1865 Acknowledgement of PARAM_SET, ID: COMPASS_AUTODEC, new value: 1
2025-10-20 13:12:16 INFO  autopilots/pixhawk/driver.c:1904 Compass #1 is in use
2025-10-20 13:12:16 INFO  autopilots/pixhawk/driver.c:1908 Compass #2 is in use
2025-10-20 13:12:16 INFO  autopilots/pixhawk/driver.c:1912 Compass #3 is not in use
2025-10-20 13:12:16 INFO  prearm.c:260 PASS - Autopilot is active and initialized
2025-10-20 13:12:16 WARN  prearm.c:437 FAIL - 8 RC channels invalid
2025-10-20 13:12:16 WARN  prearm.c:168 FAIL - UAV system status message indicates missing sensors (52493359, 35691567, 52493359)
       Not present: RC_RECEIVER
       Not enabled: RC_RECEIVER
       Not healthy: RC_RECEIVER
2025-10-20 13:12:28 INFO  autopilots/pixhawk/driver.c:1721 statustext: RCInput: decoding PX4IO_PPM (severity: 7 - DEBUG)
2025-10-20 13:12:28 INFO  prearm.c:439 PASS - RC channels OK
2025-10-20 13:12:28 INFO  prearm.c:160 PASS - PixHawk sensor status OK
2025-10-20 13:12:34 INFO  uav.c:1952 Initializing choreography step #1: 'wait_on_ground'
2025-10-20 13:12:34 INFO  uav.c:1598 Setting parameter: algorithm/whats_next=loiter
2025-10-20 13:12:34 INFO  uav.c:1598 Setting parameter: algorithm/velocity_threshold_z=2
2025-10-20 13:12:34 INFO  uav.c:1598 Setting parameter: algorithm/velocity_threshold_xy=7
2025-10-20 13:12:34 INFO  uav.c:1598 Setting parameter: algorithm/velocity_z=2
2025-10-20 13:12:34 INFO  uav.c:1598 Setting parameter: algorithm/velocity_xy=5
2025-10-20 13:12:34 INFO  uav.c:1598 Setting parameter: algorithm/r0_offset_frict=1
2025-10-20 13:12:34 INFO  uav.c:1598 Setting parameter: algorithm/v_frict=1
2025-10-20 13:12:34 INFO  uav.c:1598 Setting parameter: algorithm/p_rep=1
2025-10-20 13:12:34 INFO  uav.c:1598 Setting parameter: algorithm/r0_offset_spp=2
2025-10-20 13:12:34 INFO  uav.c:1598 Setting parameter: algorithm/r0_rep=6
2025-10-20 13:12:34 INFO  uav.c:1598 Setting parameter: lighting/bytecode_player.enable=0
2025-10-20 13:12:34 INFO  uav.c:1598 Setting parameter: algorithm/file=/data/missions/volk-2025-11/waypoints_ground.cfg
2025-10-20 13:12:34 INFO  waypoints.c:210 Reading waypoint file /data/missions/volk-2025-11/waypoints_ground.cfg ...
2025-10-20 13:12:34 INFO  waypoints.c:226 Parsed 1 waypoints.
2025-10-20 13:12:34 INFO  algo_manager.c:276 Master switch ON: activating algorithm 'waypoint'
2025-10-20 13:12:34 INFO  algorithms/waypoint.c:1305 Waypoint algorithm: waiting for pre-arm checking
2025-10-20 13:12:34 INFO  autopilots/pixhawk/driver.c:2013 Acknowledgement OK, cmd: 11 (MAVLINK_MSG_ID_SET_MODE), result: 0 (ACCEPTED).
2025-10-20 13:12:34 INFO  autopilots/pixhawk/driver.c:1721 statustext: Initialising APM (severity: 6 - INFO)
2025-10-20 13:12:34 INFO  autopilots/pixhawk/driver.c:1721 statustext: Updating barometer calibration (severity: 6 - INFO)
2025-10-20 13:12:34 INFO  autopilots/pixhawk/driver.c:1721 statustext: Barometer calibration complete (severity: 6 - INFO)
2025-10-20 13:12:34 INFO  autopilots/pixhawk/driver.c:2013 Acknowledgement OK, cmd: 241 (MAV_CMD_PREFLIGHT_CALIBRATION), result: 0 (ACCEPTED).
2025-10-20 13:12:34 INFO  prearm.c:160 PASS - Heartbeat base and custom mode OK
2025-10-20 13:12:34 WARN  prearm.c:168 FAIL - UAV system status message indicates sensor malfunction (52558895, 35781676, 52558892)
       Not present: 
       Not enabled: 3D_GYRO 3D_ACCEL
       Not healthy: 3D_GYRO 3D_ACCEL
2025-10-20 13:12:34 INFO  autopilots/pixhawk/driver.c:592 Setting home position on PixHawk to (its current pos instead of) lat=47.6086318 lon=19.1469486 AMSL=137.16
2025-10-20 13:12:34 INFO  clocks.c:450 Local synchronized clock will be forwarded by 0.027 seconds
2025-10-20 13:12:34 INFO  clocks.c:455   because: remote clock was 0.1190 seconds
2025-10-20 13:12:34 INFO  clocks.c:456                          at iTOW = 133972264
2025-10-20 13:12:34 INFO  clocks.c:457              local clock is 0.0922 seconds
2025-10-20 13:12:34 INFO  clocks.c:458                          at iTOW = 133972238
2025-10-20 13:12:34 INFO  clocks.c:459         Estimated time of flight =   0 msec
2025-10-20 13:12:34 INFO  clocks.c:460                 Clock difference = -26 msec
2025-10-20 13:12:34 INFO  clocks.c:461       so local clock is lagging by  26 msec
2025-10-20 13:12:34 INFO  autopilots/pixhawk/driver.c:1692 Home position on PixHawk: 47.6086310 19.1469495 @ 137.29m AMSL
2025-10-20 13:12:34 INFO  autopilots/pixhawk/driver.c:1351 GPS global origin: 47.6086379 19.1469504 @ 136.47m AMSL
2025-10-20 13:12:34 INFO  autopilots/pixhawk/driver.c:2013 Acknowledgement OK, cmd: 179 (MAV_CMD_DO_SET_HOME), result: 0 (ACCEPTED).
2025-10-20 13:12:34 INFO  uav.c:2496 Autopilot accepted home position: lat=47.6086318 lon=19.1469486 AMSL=137.16
2025-10-20 13:12:34 INFO  prearm.c:422 PASS - Home position OK
2025-10-20 13:12:34 INFO  prearm.c:521 PASS - Takeoff placement OK
2025-10-20 13:12:34 INFO  prearm.c:537 PASS - Flying height OK
2025-10-20 13:12:35 INFO  prearm.c:160 PASS - PixHawk sensor status OK
2025-10-20 13:12:35 INFO  prearm.c:94 SUCCESS - Pre-arm checking is complete.
2025-10-20 13:12:35 INFO  algorithms/waypoint.c:2221 Takeoff time is infinite, we will not takeoff.
2025-10-20 13:12:35 INFO  algorithms/waypoint.c:1305 Waypoint algorithm: waiting for others to initialize
2025-10-20 13:12:35 INFO  clocks.c:450 Local synchronized clock will be forwarded by 0.017 seconds
2025-10-20 13:12:35 INFO  clocks.c:455   because: remote clock was 1.2090 seconds
2025-10-20 13:12:35 INFO  clocks.c:456                          at iTOW = 133973329
2025-10-20 13:12:35 INFO  clocks.c:457              local clock is 1.1279 seconds
2025-10-20 13:12:35 INFO  clocks.c:458                          at iTOW = 133973247
2025-10-20 13:12:35 INFO  clocks.c:459         Estimated time of flight = -64 msec
2025-10-20 13:12:35 INFO  clocks.c:460                 Clock difference = -81 msec
2025-10-20 13:12:35 INFO  clocks.c:461       so local clock is lagging by  17 msec
2025-10-20 13:12:38 INFO  clocks.c:450 Local synchronized clock will be forwarded by 0.011 seconds
2025-10-20 13:12:38 INFO  clocks.c:455   because: remote clock was 4.2270 seconds
2025-10-20 13:12:38 INFO  clocks.c:456                          at iTOW = 133976335
2025-10-20 13:12:38 INFO  clocks.c:457              local clock is 4.1518 seconds
2025-10-20 13:12:38 INFO  clocks.c:458                          at iTOW = 133976254
2025-10-20 13:12:38 INFO  clocks.c:459         Estimated time of flight = -64 msec
2025-10-20 13:12:38 INFO  clocks.c:460                 Clock difference = -75 msec
2025-10-20 13:12:38 INFO  clocks.c:461       so local clock is lagging by  11 msec
2025-10-20 13:12:38 INFO  algorithms/waypoint.c:899 2 UAVs are visible.
2025-10-20 13:12:38 INFO  algorithms/waypoint.c:1305 Waypoint algorithm: waiting for motors to turn on
2025-10-20 13:12:39 INFO  clocks.c:450 Local synchronized clock will be forwarded by 0.013 seconds
2025-10-20 13:12:39 INFO  clocks.c:455   because: remote clock was 5.2410 seconds
2025-10-20 13:12:39 INFO  clocks.c:456                          at iTOW = 133977336
2025-10-20 13:12:39 INFO  clocks.c:457              local clock is 5.1636 seconds
2025-10-20 13:12:39 INFO  clocks.c:458                          at iTOW = 133977254
2025-10-20 13:12:39 INFO  clocks.c:459         Estimated time of flight = -64 msec
2025-10-20 13:12:39 INFO  clocks.c:460                 Clock difference = -77 msec
2025-10-20 13:12:39 INFO  clocks.c:461       so local clock is lagging by  13 msec
2025-10-20 13:12:40 INFO  clocks.c:450 Local synchronized clock will be forwarded by 0.020 seconds
2025-10-20 13:12:40 INFO  clocks.c:455   because: remote clock was 6.2610 seconds
2025-10-20 13:12:40 INFO  clocks.c:456                          at iTOW = 133978338
2025-10-20 13:12:40 INFO  clocks.c:457              local clock is 6.1766 seconds
2025-10-20 13:12:40 INFO  clocks.c:458                          at iTOW = 133978254
2025-10-20 13:12:40 INFO  clocks.c:459         Estimated time of flight = -64 msec
2025-10-20 13:12:40 INFO  clocks.c:460                 Clock difference = -84 msec
2025-10-20 13:12:40 INFO  clocks.c:461       so local clock is lagging by  20 msec
2025-10-20 13:12:44 INFO  autopilots/pixhawk/driver.c:1721 statustext: RCInput: decoding UNKNOWN (severity: 7 - DEBUG)
2025-10-20 13:12:45 INFO  autopilots/pixhawk/driver.c:1721 statustext: RCInput: decoding PX4IO_PPM (severity: 7 - DEBUG)
2025-10-20 13:12:47 INFO  clocks.c:450 Local synchronized clock will be forwarded by 0.016 seconds
2025-10-20 13:12:47 INFO  clocks.c:455   because: remote clock was 13.2870 seconds
2025-10-20 13:12:47 INFO  clocks.c:456                          at iTOW = 133985351
2025-10-20 13:12:47 INFO  clocks.c:457              local clock is 13.2071 seconds
2025-10-20 13:12:47 INFO  clocks.c:458                          at iTOW = 133985264
2025-10-20 13:12:47 INFO  clocks.c:459         Estimated time of flight = -64 msec
2025-10-20 13:12:47 INFO  clocks.c:460                 Clock difference = -79 msec
2025-10-20 13:12:47 INFO  clocks.c:461       so local clock is lagging by  15 msec
2025-10-20 13:12:53 INFO  clocks.c:450 Local synchronized clock will be forwarded by 0.018 seconds
2025-10-20 13:12:53 INFO  clocks.c:455   because: remote clock was 19.3090 seconds
2025-10-20 13:12:53 INFO  clocks.c:456                          at iTOW = 133991350
2025-10-20 13:12:53 INFO  clocks.c:457              local clock is 19.2272 seconds
2025-10-20 13:12:53 INFO  clocks.c:458                          at iTOW = 133991268
2025-10-20 13:12:53 INFO  clocks.c:459         Estimated time of flight = -64 msec
2025-10-20 13:12:53 INFO  clocks.c:460                 Clock difference = -81 msec
2025-10-20 13:12:53 INFO  clocks.c:461       so local clock is lagging by  17 msec
2025-10-20 13:12:55 INFO  clocks.c:450 Local synchronized clock will be forwarded by 0.013 seconds
2025-10-20 13:12:55 INFO  clocks.c:455   because: remote clock was 21.3280 seconds
2025-10-20 13:12:55 INFO  clocks.c:456                          at iTOW = 133993357
2025-10-20 13:12:55 INFO  clocks.c:457              local clock is 21.2512 seconds
2025-10-20 13:12:55 INFO  clocks.c:458                          at iTOW = 133993274
2025-10-20 13:12:55 INFO  clocks.c:459         Estimated time of flight = -64 msec
2025-10-20 13:12:55 INFO  clocks.c:460                 Clock difference = -76 msec
2025-10-20 13:12:55 INFO  clocks.c:461       so local clock is lagging by  12 msec
2025-10-20 13:12:57 INFO  clocks.c:450 Local synchronized clock will be forwarded by 0.024 seconds
2025-10-20 13:12:57 INFO  clocks.c:455   because: remote clock was 23.3520 seconds
2025-10-20 13:12:57 INFO  clocks.c:456                          at iTOW = 133995360
2025-10-20 13:12:57 INFO  clocks.c:457              local clock is 23.2636 seconds
2025-10-20 13:12:57 INFO  clocks.c:458                          at iTOW = 133995274
2025-10-20 13:12:57 INFO  clocks.c:459         Estimated time of flight = -64 msec
2025-10-20 13:12:57 INFO  clocks.c:460                 Clock difference = -88 msec
2025-10-20 13:12:57 INFO  clocks.c:461       so local clock is lagging by  24 msec
2025-10-20 13:13:02 INFO  clocks.c:450 Local synchronized clock will be forwarded by 0.011 seconds
2025-10-20 13:13:02 INFO  clocks.c:455   because: remote clock was 28.3830 seconds
2025-10-20 13:13:02 INFO  clocks.c:456                          at iTOW = 134000377
2025-10-20 13:13:02 INFO  clocks.c:457              local clock is 28.3081 seconds
2025-10-20 13:13:02 INFO  clocks.c:458                          at iTOW = 134000294
2025-10-20 13:13:02 INFO  clocks.c:459         Estimated time of flight = -64 msec
2025-10-20 13:13:02 INFO  clocks.c:460                 Clock difference = -74 msec
2025-10-20 13:13:02 INFO  clocks.c:461       so local clock is lagging by  10 msec
2025-10-20 13:13:12 INFO  autopilots/pixhawk/driver.c:879 Started processing motor on signal.
2025-10-20 13:13:12 INFO  autopilots/pixhawk/driver.c:887 Sent preflight calibration command for barometer.
2025-10-20 13:13:12 INFO  autopilots/pixhawk/driver.c:902 Sent home position command.
2025-10-20 13:13:13 INFO  autopilots/pixhawk/driver.c:912 Sent command to arm motors.
2025-10-20 13:13:13 INFO  autopilots/pixhawk/driver.c:1721 statustext: Updating barometer calibration (severity: 6 - INFO)
2025-10-20 13:13:13 INFO  autopilots/pixhawk/driver.c:1721 statustext: Barometer calibration complete (severity: 6 - INFO)
2025-10-20 13:13:13 INFO  autopilots/pixhawk/driver.c:2013 Acknowledgement OK, cmd: 241 (MAV_CMD_PREFLIGHT_CALIBRATION), result: 0 (ACCEPTED).
2025-10-20 13:13:13 INFO  autopilots/pixhawk/driver.c:1692 Home position on PixHawk: 47.6086315 19.1469496 @ 137.41m AMSL
2025-10-20 13:13:13 INFO  autopilots/pixhawk/driver.c:1351 GPS global origin: 47.6086379 19.1469504 @ 136.47m AMSL
2025-10-20 13:13:13 INFO  autopilots/pixhawk/driver.c:2013 Acknowledgement OK, cmd: 179 (MAV_CMD_DO_SET_HOME), result: 0 (ACCEPTED).
2025-10-20 13:13:13 INFO  autopilots/pixhawk/driver.c:2013 Acknowledgement OK, cmd: 400 (MAV_CMD_COMPONENT_ARM_DISARM), result: 0 (ACCEPTED).
2025-10-20 13:13:13 INFO  log.c:152 Enabled logging.
2025-10-20 13:13:13 INFO  modules/silencer.c:114 Normal telemetry traffic resumed.
2025-10-20 13:13:13 INFO  algorithms/waypoint.c:1305 Waypoint algorithm: takeoff procedure started
2025-10-20 13:13:15 INFO  clocks.c:450 Local synchronized clock will be forwarded by 0.022 seconds
2025-10-20 13:13:15 INFO  clocks.c:455   because: remote clock was 42.0750 seconds
2025-10-20 13:13:15 INFO  clocks.c:456                          at iTOW = 134014059
2025-10-20 13:13:15 INFO  clocks.c:457              local clock is 41.9891 seconds
2025-10-20 13:13:15 INFO  clocks.c:458                          at iTOW = 134013964
2025-10-20 13:13:15 INFO  clocks.c:459         Estimated time of flight = -64 msec
2025-10-20 13:13:15 INFO  clocks.c:460                 Clock difference = -85 msec
2025-10-20 13:13:15 INFO  clocks.c:461       so local clock is lagging by  21 msec
2025-10-20 13:13:16 INFO  clocks.c:450 Local synchronized clock will be forwarded by 0.014 seconds
2025-10-20 13:13:16 INFO  clocks.c:455   because: remote clock was 42.6890 seconds
2025-10-20 13:13:16 INFO  clocks.c:456                          at iTOW = 134014639
2025-10-20 13:13:16 INFO  clocks.c:457              local clock is 42.6110 seconds
2025-10-20 13:13:16 INFO  clocks.c:458                          at iTOW = 134014564
2025-10-20 13:13:16 INFO  clocks.c:459         Estimated time of flight = -64 msec
2025-10-20 13:13:16 INFO  clocks.c:460                 Clock difference = -78 msec
2025-10-20 13:13:16 INFO  clocks.c:461       so local clock is lagging by  14 msec
2025-10-20 13:13:16 INFO  clocks.c:450 Local synchronized clock will be forwarded by 0.030 seconds
2025-10-20 13:13:16 INFO  clocks.c:455   because: remote clock was 42.9190 seconds
2025-10-20 13:13:16 INFO  clocks.c:456                          at iTOW = 134014859
2025-10-20 13:13:16 INFO  clocks.c:457              local clock is 42.8251 seconds
2025-10-20 13:13:16 INFO  clocks.c:458                          at iTOW = 134014764
2025-10-20 13:13:16 INFO  clocks.c:459         Estimated time of flight = -64 msec
2025-10-20 13:13:16 INFO  clocks.c:460                 Clock difference = -93 msec
2025-10-20 13:13:16 INFO  clocks.c:461       so local clock is lagging by  29 msec
2025-10-20 13:13:16 INFO  clocks.c:450 Local synchronized clock will be forwarded by 0.012 seconds
2025-10-20 13:13:16 INFO  clocks.c:455   because: remote clock was 43.1310 seconds
2025-10-20 13:13:16 INFO  clocks.c:456                          at iTOW = 134015039
2025-10-20 13:13:16 INFO  clocks.c:457              local clock is 43.0550 seconds
2025-10-20 13:13:16 INFO  clocks.c:458                          at iTOW = 134014964
2025-10-20 13:13:16 INFO  clocks.c:459         Estimated time of flight = -64 msec
2025-10-20 13:13:16 INFO  clocks.c:460                 Clock difference = -75 msec
2025-10-20 13:13:16 INFO  clocks.c:461       so local clock is lagging by  11 msec
2025-10-20 13:13:17 INFO  clocks.c:450 Local synchronized clock will be forwarded by 0.040 seconds
2025-10-20 13:13:17 INFO  clocks.c:455   because: remote clock was 43.9710 seconds
2025-10-20 13:13:17 INFO  clocks.c:456                          at iTOW = 134015840
2025-10-20 13:13:17 INFO  clocks.c:457              local clock is 43.8670 seconds
2025-10-20 13:13:17 INFO  clocks.c:458                          at iTOW = 134015764
2025-10-20 13:13:17 INFO  clocks.c:459         Estimated time of flight = -64 msec
2025-10-20 13:13:17 INFO  clocks.c:460                 Clock difference = -103 msec
2025-10-20 13:13:17 INFO  clocks.c:461       so local clock is lagging by  39 msec
2025-10-20 13:13:18 INFO  clocks.c:450 Local synchronized clock will be forwarded by 0.016 seconds
2025-10-20 13:13:18 INFO  clocks.c:455   because: remote clock was 44.3870 seconds
2025-10-20 13:13:18 INFO  clocks.c:456                          at iTOW = 134016242
2025-10-20 13:13:18 INFO  clocks.c:457              local clock is 44.3075 seconds
2025-10-20 13:13:18 INFO  clocks.c:458                          at iTOW = 134016165
2025-10-20 13:13:18 INFO  clocks.c:459         Estimated time of flight = -64 msec
2025-10-20 13:13:18 INFO  clocks.c:460                 Clock difference = -79 msec
2025-10-20 13:13:18 INFO  clocks.c:461       so local clock is lagging by  15 msec
2025-10-20 13:13:18 INFO  clocks.c:450 Local synchronized clock will be forwarded by 0.016 seconds
2025-10-20 13:13:18 INFO  clocks.c:455   because: remote clock was 44.5030 seconds
2025-10-20 13:13:18 INFO  clocks.c:456                          at iTOW = 134016342
2025-10-20 13:13:18 INFO  clocks.c:457              local clock is 44.4226 seconds
2025-10-20 13:13:18 INFO  clocks.c:458                          at iTOW = 134016264
2025-10-20 13:13:18 INFO  clocks.c:459         Estimated time of flight = -64 msec
2025-10-20 13:13:18 INFO  clocks.c:460                 Clock difference = -80 msec
2025-10-20 13:13:18 INFO  clocks.c:461       so local clock is lagging by  16 msec
2025-10-20 13:13:18 INFO  clocks.c:450 Local synchronized clock will be forwarded by 0.014 seconds
2025-10-20 13:13:18 INFO  clocks.c:455   because: remote clock was 44.8180 seconds
2025-10-20 13:13:18 INFO  clocks.c:456                          at iTOW = 134016641
2025-10-20 13:13:18 INFO  clocks.c:457              local clock is 44.7399 seconds
2025-10-20 13:13:18 INFO  clocks.c:458                          at iTOW = 134016565
2025-10-20 13:13:18 INFO  clocks.c:459         Estimated time of flight = -64 msec
2025-10-20 13:13:18 INFO  clocks.c:460                 Clock difference = -78 msec
2025-10-20 13:13:18 INFO  clocks.c:461       so local clock is lagging by  14 msec
2025-10-20 13:13:18 INFO  uav.c:1952 Initializing choreography step #2: 'go_on_route'
2025-10-20 13:13:18 INFO  algo_manager.c:251 choreography switch changed: deactivating algorithm 'waypoint'
2025-10-20 13:13:18 INFO  algorithms/waypoint.c:1305 Waypoint algorithm: suspended
2025-10-20 13:13:18 INFO  uav.c:1598 Setting parameter: algorithm/whats_next=land
2025-10-20 13:13:18 INFO  uav.c:1598 Setting parameter: algorithm/velocity_threshold_z=2.90
2025-10-20 13:13:18 INFO  uav.c:1598 Setting parameter: algorithm/velocity_threshold_xy=8.00
2025-10-20 13:13:18 INFO  uav.c:1598 Setting parameter: algorithm/velocity_z=2.00
2025-10-20 13:13:18 INFO  uav.c:1598 Setting parameter: algorithm/velocity_xy=5.00
2025-10-20 13:13:18 INFO  uav.c:1598 Setting parameter: algorithm/r0_offset_frict=0
2025-10-20 13:13:18 INFO  uav.c:1598 Setting parameter: algorithm/v_frict=3
2025-10-20 13:13:18 INFO  uav.c:1598 Setting parameter: algorithm/p_rep=1.5
2025-10-20 13:13:18 INFO  uav.c:1598 Setting parameter: algorithm/r0_offset_spp=0
2025-10-20 13:13:18 INFO  uav.c:1598 Setting parameter: algorithm/r0_rep=4.00
2025-10-20 13:13:18 INFO  uav.c:1598 Setting parameter: algorithm/minimum_altitude=3
2025-10-20 13:13:18 INFO  uav.c:1598 Setting parameter: algorithm/altitude_setpoint=5.00
2025-10-20 13:13:18 WARN  algorithms/waypoint.c:749 waypoint.altitude_setpoint is deprecated, use waypoint.takeoff_altitude
2025-10-20 13:13:18 INFO  uav.c:1598 Setting parameter: lighting/bytecode_player.filename=/data/missions/volk-2025-11/light_show.bin
2025-10-20 13:13:18 INFO  lighting/lighting_bytecode_player.c:205 Loaded LED strip bytecode file: /data/missions/volk-2025-11/light_show.bin
2025-10-20 13:13:18 INFO  uav.c:1598 Setting parameter: lighting/bytecode_player.enable=1
2025-10-20 13:13:18 INFO  uav.c:1598 Setting parameter: algorithm/file=/data/missions/volk-2025-11/waypoints.cfg
2025-10-20 13:13:18 INFO  waypoints.c:210 Reading waypoint file /data/missions/volk-2025-11/waypoints.cfg ...
2025-10-20 13:13:18 INFO  waypoints.c:226 Parsed 1004 waypoints.
2025-10-20 13:13:18 INFO  algo_manager.c:276 choreography switch changed: activating algorithm 'waypoint'
2025-10-20 13:13:18 INFO  algorithms/waypoint.c:2216 Takeoff starts at 0.00 s algo time
2025-10-20 13:13:18 INFO  algorithms/waypoint.c:1305 Waypoint algorithm: waiting for motors to turn on
2025-10-20 13:13:18 INFO  algorithms/waypoint.c:1305 Waypoint algorithm: takeoff procedure started
2025-10-20 13:13:18 INFO  autopilots/pixhawk/driver.c:760 Takeoff command successfully sent to PixHawk
2025-10-20 13:13:18 INFO  autopilots/pixhawk/driver.c:2013 Acknowledgement OK, cmd: 22 (MAV_CMD_NAV_TAKEOFF), result: 0 (ACCEPTED).
2025-10-20 13:13:18 INFO  uav.c:1367 Takeoff command acknowledged by the autopilot.
2025-10-20 13:13:19 INFO  clocks.c:450 Local synchronized clock will be forwarded by 0.019 seconds
2025-10-20 13:13:19 INFO  clocks.c:455   because: remote clock was 0.5340 seconds
2025-10-20 13:13:19 INFO  clocks.c:456                          at iTOW = 134017347
2025-10-20 13:13:19 INFO  clocks.c:457              local clock is 0.4507 seconds
2025-10-20 13:13:19 INFO  clocks.c:458                          at iTOW = 134017265
2025-10-20 13:13:19 INFO  clocks.c:459         Estimated time of flight = -64 msec
2025-10-20 13:13:19 INFO  clocks.c:460                 Clock difference = -83 msec
2025-10-20 13:13:19 INFO  clocks.c:461       so local clock is lagging by  19 msec
2025-10-20 13:13:19 INFO  clocks.c:450 Local synchronized clock will be forwarded by 0.019 seconds
2025-10-20 13:13:19 INFO  clocks.c:455   because: remote clock was 0.6540 seconds
2025-10-20 13:13:19 INFO  clocks.c:456                          at iTOW = 134017448
2025-10-20 13:13:19 INFO  clocks.c:457              local clock is 0.5715 seconds
2025-10-20 13:13:19 INFO  clocks.c:458                          at iTOW = 134017366
2025-10-20 13:13:19 INFO  clocks.c:459         Estimated time of flight = -64 msec
2025-10-20 13:13:19 INFO  clocks.c:460                 Clock difference = -82 msec
2025-10-20 13:13:19 INFO  clocks.c:461       so local clock is lagging by  18 msec
2025-10-20 13:13:19 INFO  clocks.c:450 Local synchronized clock will be forwarded by 0.018 seconds
2025-10-20 13:13:19 INFO  clocks.c:455   because: remote clock was 0.8730 seconds
2025-10-20 13:13:19 INFO  clocks.c:456                          at iTOW = 134017649
2025-10-20 13:13:19 INFO  clocks.c:457              local clock is 0.7915 seconds
2025-10-20 13:13:19 INFO  clocks.c:458                          at iTOW = 134017568
2025-10-20 13:13:19 INFO  clocks.c:459         Estimated time of flight = -64 msec
2025-10-20 13:13:19 INFO  clocks.c:460                 Clock difference = -81 msec
2025-10-20 13:13:19 INFO  clocks.c:461       so local clock is lagging by  17 msec
2025-10-20 13:13:19 INFO  clocks.c:450 Local synchronized clock will be forwarded by 0.019 seconds
2025-10-20 13:13:19 INFO  clocks.c:455   because: remote clock was 0.9910 seconds
2025-10-20 13:13:19 INFO  clocks.c:456                          at iTOW = 134017749
2025-10-20 13:13:19 INFO  clocks.c:457              local clock is 0.9078 seconds
2025-10-20 13:13:19 INFO  clocks.c:458                          at iTOW = 134017666
2025-10-20 13:13:19 INFO  clocks.c:459         Estimated time of flight = -64 msec
2025-10-20 13:13:19 INFO  clocks.c:460                 Clock difference = -83 msec
2025-10-20 13:13:19 INFO  clocks.c:461       so local clock is lagging by  19 msec
2025-10-20 13:13:19 INFO  clocks.c:450 Local synchronized clock will be forwarded by 0.011 seconds
2025-10-20 13:13:19 INFO  clocks.c:455   because: remote clock was 1.3020 seconds
2025-10-20 13:13:19 INFO  clocks.c:456                          at iTOW = 134018050
2025-10-20 13:13:19 INFO  clocks.c:457              local clock is 1.2274 seconds
2025-10-20 13:13:19 INFO  clocks.c:458                          at iTOW = 134017967
2025-10-20 13:13:19 INFO  clocks.c:459         Estimated time of flight = -64 msec
2025-10-20 13:13:19 INFO  clocks.c:460                 Clock difference = -74 msec
2025-10-20 13:13:19 INFO  clocks.c:461       so local clock is lagging by  10 msec
2025-10-20 13:13:20 INFO  clocks.c:450 Local synchronized clock will be forwarded by 0.018 seconds
2025-10-20 13:13:20 INFO  clocks.c:455   because: remote clock was 1.4200 seconds
2025-10-20 13:13:20 INFO  clocks.c:456                          at iTOW = 134018151
2025-10-20 13:13:20 INFO  clocks.c:457              local clock is 1.3384 seconds
2025-10-20 13:13:20 INFO  clocks.c:458                          at iTOW = 134018067
2025-10-20 13:13:20 INFO  clocks.c:459         Estimated time of flight = -64 msec
2025-10-20 13:13:20 INFO  clocks.c:460                 Clock difference = -81 msec
2025-10-20 13:13:20 INFO  clocks.c:461       so local clock is lagging by  17 msec
2025-10-20 13:13:20 INFO  clocks.c:450 Local synchronized clock will be forwarded by 0.016 seconds
2025-10-20 13:13:20 INFO  clocks.c:455   because: remote clock was 1.5330 seconds
2025-10-20 13:13:20 INFO  clocks.c:456                          at iTOW = 134018251
2025-10-20 13:13:20 INFO  clocks.c:457              local clock is 1.4530 seconds
2025-10-20 13:13:20 INFO  clocks.c:458                          at iTOW = 134018164
2025-10-20 13:13:20 INFO  clocks.c:459         Estimated time of flight = -64 msec
2025-10-20 13:13:20 INFO  clocks.c:460                 Clock difference = -79 msec
2025-10-20 13:13:20 INFO  clocks.c:461       so local clock is lagging by  15 msec
2025-10-20 13:13:20 INFO  clocks.c:450 Local synchronized clock will be forwarded by 0.015 seconds
2025-10-20 13:13:20 INFO  clocks.c:455   because: remote clock was 1.6480 seconds
2025-10-20 13:13:20 INFO  clocks.c:456                          at iTOW = 134018350
2025-10-20 13:13:20 INFO  clocks.c:457              local clock is 1.5690 seconds
2025-10-20 13:13:20 INFO  clocks.c:458                          at iTOW = 134018264
2025-10-20 13:13:20 INFO  clocks.c:459         Estimated time of flight = -64 msec
2025-10-20 13:13:20 INFO  clocks.c:460                 Clock difference = -79 msec
2025-10-20 13:13:20 INFO  clocks.c:461       so local clock is lagging by  15 msec
2025-10-20 13:13:20 INFO  clocks.c:450 Local synchronized clock will be forwarded by 0.022 seconds
2025-10-20 13:13:20 INFO  clocks.c:455   because: remote clock was 1.7700 seconds
2025-10-20 13:13:20 INFO  clocks.c:456                          at iTOW = 134018450
2025-10-20 13:13:20 INFO  clocks.c:457              local clock is 1.6840 seconds
2025-10-20 13:13:20 INFO  clocks.c:458                          at iTOW = 134018364
2025-10-20 13:13:20 INFO  clocks.c:459         Estimated time of flight = -64 msec
2025-10-20 13:13:20 INFO  clocks.c:460                 Clock difference = -85 msec
2025-10-20 13:13:20 INFO  clocks.c:461       so local clock is lagging by  21 msec
2025-10-20 13:13:20 INFO  autopilots/pixhawk/driver.c:1721 statustext: EKF2 IMU1 in-flight yaw alignment complete (severity: 6 - INFO)
2025-10-20 13:13:20 INFO  clocks.c:450 Local synchronized clock will be forwarded by 0.012 seconds
2025-10-20 13:13:20 INFO  clocks.c:455   because: remote clock was 2.0860 seconds
2025-10-20 13:13:20 INFO  clocks.c:456                          at iTOW = 134018751
2025-10-20 13:13:20 INFO  clocks.c:457              local clock is 2.0104 seconds
2025-10-20 13:13:20 INFO  clocks.c:458                          at iTOW = 134018669
2025-10-20 13:13:20 INFO  clocks.c:459         Estimated time of flight = -64 msec
2025-10-20 13:13:20 INFO  clocks.c:460                 Clock difference = -75 msec
2025-10-20 13:13:20 INFO  clocks.c:461       so local clock is lagging by  11 msec
2025-10-20 13:13:20 INFO  uav.c:1344 Takeoff ready, we are above minimum altitude of 3.0m
2025-10-20 13:13:20 INFO  algorithms/waypoint.c:1305 Waypoint algorithm: airborne, following waypoints
2025-10-20 13:13:20 INFO  autopilots/pixhawk/driver.c:1721 statustext: EKF2 IMU0 in-flight yaw alignment complete (severity: 6 - INFO)
2025-10-20 13:13:20 INFO  clocks.c:450 Local synchronized clock will be forwarded by 0.011 seconds
2025-10-20 13:13:20 INFO  clocks.c:455   because: remote clock was 2.1980 seconds
2025-10-20 13:13:20 INFO  clocks.c:456                          at iTOW = 134018851
2025-10-20 13:13:20 INFO  clocks.c:457              local clock is 2.1228 seconds
2025-10-20 13:13:20 INFO  clocks.c:458                          at iTOW = 134018770
2025-10-20 13:13:20 INFO  clocks.c:459         Estimated time of flight = -64 msec
2025-10-20 13:13:20 INFO  clocks.c:460                 Clock difference = -75 msec
2025-10-20 13:13:20 INFO  clocks.c:461       so local clock is lagging by  11 msec
2025-10-20 13:13:20 INFO  clocks.c:450 Local synchronized clock will be forwarded by 0.012 seconds
2025-10-20 13:13:20 INFO  clocks.c:455   because: remote clock was 2.3090 seconds
2025-10-20 13:13:20 INFO  clocks.c:456                          at iTOW = 134018951
2025-10-20 13:13:20 INFO  clocks.c:457              local clock is 2.2334 seconds
2025-10-20 13:13:20 INFO  clocks.c:458                          at iTOW = 134018869
2025-10-20 13:13:20 INFO  clocks.c:459         Estimated time of flight = -64 msec
2025-10-20 13:13:20 INFO  clocks.c:460                 Clock difference = -75 msec
2025-10-20 13:13:20 INFO  clocks.c:461       so local clock is lagging by  11 msec
2025-10-20 13:13:21 INFO  clocks.c:450 Local synchronized clock will be forwarded by 0.013 seconds
2025-10-20 13:13:21 INFO  clocks.c:455   because: remote clock was 2.8250 seconds
2025-10-20 13:13:21 INFO  clocks.c:456                          at iTOW = 134019467
2025-10-20 13:13:21 INFO  clocks.c:457              local clock is 2.7478 seconds
2025-10-20 13:13:21 INFO  clocks.c:458                          at iTOW = 134019372
2025-10-20 13:13:21 INFO  clocks.c:459         Estimated time of flight = -64 msec
2025-10-20 13:13:21 INFO  clocks.c:460                 Clock difference = -77 msec
2025-10-20 13:13:21 INFO  clocks.c:461       so local clock is lagging by  13 msec
2025-10-20 13:13:21 INFO  clocks.c:450 Local synchronized clock will be forwarded by 0.013 seconds
2025-10-20 13:13:21 INFO  clocks.c:455   because: remote clock was 3.0410 seconds
2025-10-20 13:13:21 INFO  clocks.c:456                          at iTOW = 134019668
2025-10-20 13:13:21 INFO  clocks.c:457              local clock is 2.9640 seconds
2025-10-20 13:13:21 INFO  clocks.c:458                          at iTOW = 134019575
2025-10-20 13:13:21 INFO  clocks.c:459         Estimated time of flight = -64 msec
2025-10-20 13:13:21 INFO  clocks.c:460                 Clock difference = -77 msec
2025-10-20 13:13:21 INFO  clocks.c:461       so local clock is lagging by  13 msec
2025-10-20 13:13:21 INFO  clocks.c:450 Local synchronized clock will be forwarded by 0.021 seconds
2025-10-20 13:13:21 INFO  clocks.c:455   because: remote clock was 3.2720 seconds
2025-10-20 13:13:21 INFO  clocks.c:456                          at iTOW = 134019868
2025-10-20 13:13:21 INFO  clocks.c:457              local clock is 3.1868 seconds
2025-10-20 13:13:21 INFO  clocks.c:458                          at iTOW = 134019784
2025-10-20 13:13:21 INFO  clocks.c:459         Estimated time of flight = -64 msec
2025-10-20 13:13:21 INFO  clocks.c:460                 Clock difference = -85 msec
2025-10-20 13:13:21 INFO  clocks.c:461       so local clock is lagging by  21 msec
2025-10-20 13:13:21 INFO  clocks.c:450 Local synchronized clock will be forwarded by 0.024 seconds
2025-10-20 13:13:21 INFO  clocks.c:455   because: remote clock was 3.4960 seconds
2025-10-20 13:13:21 INFO  clocks.c:456                          at iTOW = 134020071
2025-10-20 13:13:21 INFO  clocks.c:457              local clock is 3.4079 seconds
2025-10-20 13:13:21 INFO  clocks.c:458                          at iTOW = 134019984
2025-10-20 13:13:21 INFO  clocks.c:459         Estimated time of flight = -64 msec
2025-10-20 13:13:21 INFO  clocks.c:460                 Clock difference = -88 msec
2025-10-20 13:13:21 INFO  clocks.c:461       so local clock is lagging by  24 msec
2025-10-20 13:13:22 INFO  clocks.c:450 Local synchronized clock will be forwarded by 0.011 seconds
2025-10-20 13:13:22 INFO  clocks.c:455   because: remote clock was 4.2170 seconds
2025-10-20 13:13:22 INFO  clocks.c:456                          at iTOW = 134020781
2025-10-20 13:13:22 INFO  clocks.c:457              local clock is 4.1420 seconds
2025-10-20 13:13:22 INFO  clocks.c:458                          at iTOW = 134020694
2025-10-20 13:13:22 INFO  clocks.c:459         Estimated time of flight = -64 msec
2025-10-20 13:13:22 INFO  clocks.c:460                 Clock difference = -74 msec
2025-10-20 13:13:22 INFO  clocks.c:461       so local clock is lagging by  10 msec
2025-10-20 13:13:23 INFO  clocks.c:450 Local synchronized clock will be forwarded by 0.025 seconds
2025-10-20 13:13:23 INFO  clocks.c:455   because: remote clock was 4.9520 seconds
2025-10-20 13:13:23 INFO  clocks.c:456                          at iTOW = 134021490
2025-10-20 13:13:23 INFO  clocks.c:457              local clock is 4.8631 seconds
2025-10-20 13:13:23 INFO  clocks.c:458                          at iTOW = 134021404
2025-10-20 13:13:23 INFO  clocks.c:459         Estimated time of flight = -64 msec
2025-10-20 13:13:23 INFO  clocks.c:460                 Clock difference = -88 msec
2025-10-20 13:13:23 INFO  clocks.c:461       so local clock is lagging by  24 msec
2025-10-20 13:13:24 INFO  autopilots/pixhawk/driver.c:1721 statustext: RCInput: decoding UNKNOWN (severity: 7 - DEBUG)
2025-10-20 13:13:24 INFO  autopilots/pixhawk/driver.c:1721 statustext: RCInput: decoding PX4IO_PPM (severity: 7 - DEBUG)
2025-10-20 13:13:24 INFO  clocks.c:450 Local synchronized clock will be forwarded by 0.012 seconds
2025-10-20 13:13:24 INFO  clocks.c:455   because: remote clock was 5.9930 seconds
2025-10-20 13:13:24 INFO  clocks.c:456                          at iTOW = 134022519
2025-10-20 13:13:24 INFO  clocks.c:457              local clock is 5.9171 seconds
2025-10-20 13:13:24 INFO  clocks.c:458                          at iTOW = 134022434
2025-10-20 13:13:24 INFO  clocks.c:459         Estimated time of flight = -64 msec
2025-10-20 13:13:24 INFO  clocks.c:460                 Clock difference = -75 msec
2025-10-20 13:13:24 INFO  clocks.c:461       so local clock is lagging by  11 msec
2025-10-20 13:13:24 INFO  clocks.c:450 Local synchronized clock will be forwarded by 0.013 seconds
2025-10-20 13:13:24 INFO  clocks.c:455   because: remote clock was 6.4070 seconds
2025-10-20 13:13:24 INFO  clocks.c:456                          at iTOW = 134022920
2025-10-20 13:13:24 INFO  clocks.c:457              local clock is 6.3298 seconds
2025-10-20 13:13:24 INFO  clocks.c:458                          at iTOW = 134022834
2025-10-20 13:13:24 INFO  clocks.c:459         Estimated time of flight = -64 msec
2025-10-20 13:13:24 INFO  clocks.c:460                 Clock difference = -77 msec
2025-10-20 13:13:24 INFO  clocks.c:461       so local clock is lagging by  13 msec
2025-10-20 13:13:25 INFO  clocks.c:450 Local synchronized clock will be forwarded by 0.014 seconds
2025-10-20 13:13:25 INFO  clocks.c:455   because: remote clock was 6.6210 seconds
2025-10-20 13:13:25 INFO  clocks.c:456                          at iTOW = 134023122
2025-10-20 13:13:25 INFO  clocks.c:457              local clock is 6.5430 seconds
2025-10-20 13:13:25 INFO  clocks.c:458                          at iTOW = 134023034
2025-10-20 13:13:25 INFO  clocks.c:459         Estimated time of flight = -64 msec
2025-10-20 13:13:25 INFO  clocks.c:460                 Clock difference = -77 msec
2025-10-20 13:13:25 INFO  clocks.c:461       so local clock is lagging by  13 msec
2025-10-20 13:13:25 INFO  clocks.c:450 Local synchronized clock will be forwarded by 0.016 seconds
2025-10-20 13:13:25 INFO  clocks.c:455   because: remote clock was 6.7370 seconds
2025-10-20 13:13:25 INFO  clocks.c:456                          at iTOW = 134023223
2025-10-20 13:13:25 INFO  clocks.c:457              local clock is 6.6570 seconds
2025-10-20 13:13:25 INFO  clocks.c:458                          at iTOW = 134023134
2025-10-20 13:13:25 INFO  clocks.c:459         Estimated time of flight = -64 msec
2025-10-20 13:13:25 INFO  clocks.c:460                 Clock difference = -79 msec
2025-10-20 13:13:25 INFO  clocks.c:461       so local clock is lagging by  15 msec
2025-10-20 13:13:25 INFO  clocks.c:450 Local synchronized clock will be forwarded by 0.011 seconds
2025-10-20 13:13:25 INFO  clocks.c:455   because: remote clock was 6.8470 seconds
2025-10-20 13:13:25 INFO  clocks.c:456                          at iTOW = 134023317
2025-10-20 13:13:25 INFO  clocks.c:457              local clock is 6.7720 seconds
2025-10-20 13:13:25 INFO  clocks.c:458                          at iTOW = 134023233
2025-10-20 13:13:25 INFO  clocks.c:459         Estimated time of flight = -64 msec
2025-10-20 13:13:25 INFO  clocks.c:460                 Clock difference = -75 msec
2025-10-20 13:13:25 INFO  clocks.c:461       so local clock is lagging by  11 msec
2025-10-20 13:13:25 INFO  clocks.c:450 Local synchronized clock will be forwarded by 0.012 seconds
2025-10-20 13:13:25 INFO  clocks.c:455   because: remote clock was 7.1600 seconds
2025-10-20 13:13:25 INFO  clocks.c:456                          at iTOW = 134023617
2025-10-20 13:13:25 INFO  clocks.c:457              local clock is 7.0839 seconds
2025-10-20 13:13:25 INFO  clocks.c:458                          at iTOW = 134023534
2025-10-20 13:13:25 INFO  clocks.c:459         Estimated time of flight = -64 msec
2025-10-20 13:13:25 INFO  clocks.c:460                 Clock difference = -76 msec
2025-10-20 13:13:25 INFO  clocks.c:461       so local clock is lagging by  12 msec
2025-10-20 13:13:25 INFO  clocks.c:450 Local synchronized clock will be forwarded by 0.011 seconds
2025-10-20 13:13:25 INFO  clocks.c:455   because: remote clock was 7.2720 seconds
2025-10-20 13:13:25 INFO  clocks.c:456                          at iTOW = 134023717
2025-10-20 13:13:25 INFO  clocks.c:457              local clock is 7.1965 seconds
2025-10-20 13:13:25 INFO  clocks.c:458                          at iTOW = 134023635
2025-10-20 13:13:25 INFO  clocks.c:459         Estimated time of flight = -64 msec
2025-10-20 13:13:25 INFO  clocks.c:460                 Clock difference = -75 msec
2025-10-20 13:13:25 INFO  clocks.c:461       so local clock is lagging by  11 msec
2025-10-20 13:13:25 INFO  clocks.c:450 Local synchronized clock will be forwarded by 0.013 seconds
2025-10-20 13:13:25 INFO  clocks.c:455   because: remote clock was 7.4850 seconds
2025-10-20 13:13:25 INFO  clocks.c:456                          at iTOW = 134023918
2025-10-20 13:13:25 INFO  clocks.c:457              local clock is 7.4076 seconds
2025-10-20 13:13:25 INFO  clocks.c:458                          at iTOW = 134023834
2025-10-20 13:13:25 INFO  clocks.c:459         Estimated time of flight = -64 msec
2025-10-20 13:13:25 INFO  clocks.c:460                 Clock difference = -77 msec
2025-10-20 13:13:25 INFO  clocks.c:461       so local clock is lagging by  13 msec
2025-10-20 13:13:26 INFO  clocks.c:450 Local synchronized clock will be forwarded by 0.011 seconds
2025-10-20 13:13:26 INFO  clocks.c:455   because: remote clock was 7.7870 seconds
2025-10-20 13:13:26 INFO  clocks.c:456                          at iTOW = 134024209
2025-10-20 13:13:26 INFO  clocks.c:457              local clock is 7.7122 seconds
2025-10-20 13:13:26 INFO  clocks.c:458                          at iTOW = 134024126
2025-10-20 13:13:26 INFO  clocks.c:459         Estimated time of flight = -64 msec
2025-10-20 13:13:26 INFO  clocks.c:460                 Clock difference = -74 msec
2025-10-20 13:13:26 INFO  clocks.c:461       so local clock is lagging by  10 msec
2025-10-20 13:13:26 INFO  clocks.c:450 Local synchronized clock will be forwarded by 0.016 seconds
2025-10-20 13:13:26 INFO  clocks.c:455   because: remote clock was 7.9030 seconds
2025-10-20 13:13:26 INFO  clocks.c:456                          at iTOW = 134024309
2025-10-20 13:13:26 INFO  clocks.c:457              local clock is 7.8231 seconds
2025-10-20 13:13:26 INFO  clocks.c:458                          at iTOW = 134024226
2025-10-20 13:13:26 INFO  clocks.c:459         Estimated time of flight = -64 msec
2025-10-20 13:13:26 INFO  clocks.c:460                 Clock difference = -79 msec
2025-10-20 13:13:26 INFO  clocks.c:461       so local clock is lagging by  15 msec
2025-10-20 13:13:26 INFO  clocks.c:450 Local synchronized clock will be forwarded by 0.017 seconds
2025-10-20 13:13:26 INFO  clocks.c:455   because: remote clock was 8.0210 seconds
2025-10-20 13:13:26 INFO  clocks.c:456                          at iTOW = 134024409
2025-10-20 13:13:26 INFO  clocks.c:457              local clock is 7.9399 seconds
2025-10-20 13:13:26 INFO  clocks.c:458                          at iTOW = 134024327
2025-10-20 13:13:26 INFO  clocks.c:459         Estimated time of flight = -64 msec
2025-10-20 13:13:26 INFO  clocks.c:460                 Clock difference = -81 msec
2025-10-20 13:13:26 INFO  clocks.c:461       so local clock is lagging by  17 msec
2025-10-20 13:13:27 INFO  clocks.c:450 Local synchronized clock will be forwarded by 0.018 seconds
2025-10-20 13:13:27 INFO  clocks.c:455   because: remote clock was 9.1470 seconds
2025-10-20 13:13:27 INFO  clocks.c:456                          at iTOW = 134025519
2025-10-20 13:13:27 INFO  clocks.c:457              local clock is 9.0647 seconds
2025-10-20 13:13:27 INFO  clocks.c:458                          at iTOW = 134025434
2025-10-20 13:13:27 INFO  clocks.c:459         Estimated time of flight = -64 msec
2025-10-20 13:13:27 INFO  clocks.c:460                 Clock difference = -82 msec
2025-10-20 13:13:27 INFO  clocks.c:461       so local clock is lagging by  18 msec
2025-10-20 13:13:28 INFO  clocks.c:450 Local synchronized clock will be forwarded by 0.013 seconds
2025-10-20 13:13:28 INFO  clocks.c:455   because: remote clock was 9.8510 seconds
2025-10-20 13:13:28 INFO  clocks.c:456                          at iTOW = 134026207
2025-10-20 13:13:28 INFO  clocks.c:457              local clock is 9.7740 seconds
2025-10-20 13:13:28 INFO  clocks.c:458                          at iTOW = 134026125
2025-10-20 13:13:28 INFO  clocks.c:459         Estimated time of flight = -64 msec
2025-10-20 13:13:28 INFO  clocks.c:460                 Clock difference = -76 msec
2025-10-20 13:13:28 INFO  clocks.c:461       so local clock is lagging by  12 msec
2025-10-20 13:13:28 INFO  clocks.c:450 Local synchronized clock will be forwarded by 0.025 seconds
2025-10-20 13:13:28 INFO  clocks.c:455   because: remote clock was 10.1850 seconds
2025-10-20 13:13:28 INFO  clocks.c:456                          at iTOW = 134026522
2025-10-20 13:13:28 INFO  clocks.c:457              local clock is 10.0960 seconds
2025-10-20 13:13:28 INFO  clocks.c:458                          at iTOW = 134026434
2025-10-20 13:13:28 INFO  clocks.c:459         Estimated time of flight = -64 msec
2025-10-20 13:13:28 INFO  clocks.c:460                 Clock difference = -89 msec
2025-10-20 13:13:28 INFO  clocks.c:461       so local clock is lagging by  25 msec
2025-10-20 13:13:28 INFO  clocks.c:450 Local synchronized clock will be forwarded by 0.053 seconds
2025-10-20 13:13:28 INFO  clocks.c:455   because: remote clock was 10.5380 seconds
2025-10-20 13:13:28 INFO  clocks.c:456                          at iTOW = 134026826
2025-10-20 13:13:28 INFO  clocks.c:457              local clock is 10.4210 seconds
2025-10-20 13:13:28 INFO  clocks.c:458                          at iTOW = 134026734
2025-10-20 13:13:28 INFO  clocks.c:459         Estimated time of flight = -64 msec
2025-10-20 13:13:28 INFO  clocks.c:460                 Clock difference = -116 msec
2025-10-20 13:13:28 INFO  clocks.c:461       so local clock is lagging by  52 msec
2025-10-20 13:13:29 INFO  clocks.c:450 Local synchronized clock will be forwarded by 0.052 seconds
2025-10-20 13:13:29 INFO  clocks.c:455   because: remote clock was 11.1000 seconds
2025-10-20 13:13:29 INFO  clocks.c:456                          at iTOW = 134027332
2025-10-20 13:13:29 INFO  clocks.c:457              local clock is 10.9840 seconds
2025-10-20 13:13:29 INFO  clocks.c:458                          at iTOW = 134027244
2025-10-20 13:13:29 INFO  clocks.c:459         Estimated time of flight = -64 msec
2025-10-20 13:13:29 INFO  clocks.c:460                 Clock difference = -116 msec
2025-10-20 13:13:29 INFO  clocks.c:461       so local clock is lagging by  52 msec
2025-10-20 13:13:29 INFO  clocks.c:450 Local synchronized clock will be forwarded by 0.031 seconds
2025-10-20 13:13:29 INFO  clocks.c:455   because: remote clock was 11.2310 seconds
2025-10-20 13:13:29 INFO  clocks.c:456                          at iTOW = 134027433
2025-10-20 13:13:29 INFO  clocks.c:457              local clock is 11.1360 seconds
2025-10-20 13:13:29 INFO  clocks.c:458                          at iTOW = 134027344
2025-10-20 13:13:29 INFO  clocks.c:459         Estimated time of flight = -64 msec
2025-10-20 13:13:29 INFO  clocks.c:460                 Clock difference = -94 msec
2025-10-20 13:13:29 INFO  clocks.c:461       so local clock is lagging by  30 msec
2025-10-20 13:13:29 INFO  clocks.c:450 Local synchronized clock will be forwarded by 0.044 seconds
2025-10-20 13:13:29 INFO  clocks.c:455   because: remote clock was 11.4850 seconds
2025-10-20 13:13:29 INFO  clocks.c:456                          at iTOW = 134027635
2025-10-20 13:13:29 INFO  clocks.c:457              local clock is 11.3767 seconds
2025-10-20 13:13:29 INFO  clocks.c:458                          at iTOW = 134027554
2025-10-20 13:13:29 INFO  clocks.c:459         Estimated time of flight = -64 msec
2025-10-20 13:13:29 INFO  clocks.c:460                 Clock difference = -108 msec
2025-10-20 13:13:29 INFO  clocks.c:461       so local clock is lagging by  44 msec
2025-10-20 13:13:29 INFO  clocks.c:450 Local synchronized clock will be forwarded by 0.042 seconds
2025-10-20 13:13:29 INFO  clocks.c:455   because: remote clock was 11.7300 seconds
2025-10-20 13:13:29 INFO  clocks.c:456                          at iTOW = 134027836
2025-10-20 13:13:29 INFO  clocks.c:457              local clock is 11.6239 seconds
2025-10-20 13:13:29 INFO  clocks.c:458                          at iTOW = 134027757
2025-10-20 13:13:29 INFO  clocks.c:459         Estimated time of flight = -64 msec
2025-10-20 13:13:29 INFO  clocks.c:460                 Clock difference = -106 msec
2025-10-20 13:13:29 INFO  clocks.c:461       so local clock is lagging by  42 msec
2025-10-20 13:13:30 INFO  clocks.c:450 Local synchronized clock will be forwarded by 0.011 seconds
2025-10-20 13:13:30 INFO  clocks.c:455   because: remote clock was 12.1380 seconds
2025-10-20 13:13:30 INFO  clocks.c:456                          at iTOW = 134028244
2025-10-20 13:13:30 INFO  clocks.c:457              local clock is 12.0633 seconds
2025-10-20 13:13:30 INFO  clocks.c:458                          at iTOW = 134028154
2025-10-20 13:13:30 INFO  clocks.c:459         Estimated time of flight = -64 msec
2025-10-20 13:13:30 INFO  clocks.c:460                 Clock difference = -74 msec
2025-10-20 13:13:30 INFO  clocks.c:461       so local clock is lagging by  10 msec
2025-10-20 13:13:31 INFO  clocks.c:450 Local synchronized clock will be forwarded by 0.011 seconds
2025-10-20 13:13:31 INFO  clocks.c:455   because: remote clock was 13.3690 seconds
2025-10-20 13:13:31 INFO  clocks.c:456                          at iTOW = 134029461
2025-10-20 13:13:31 INFO  clocks.c:457              local clock is 13.2940 seconds
2025-10-20 13:13:31 INFO  clocks.c:458                          at iTOW = 134029374
2025-10-20 13:13:31 INFO  clocks.c:459         Estimated time of flight = -64 msec
2025-10-20 13:13:31 INFO  clocks.c:460                 Clock difference = -74 msec
2025-10-20 13:13:31 INFO  clocks.c:461       so local clock is lagging by  10 msec
2025-10-20 13:13:32 INFO  clocks.c:450 Local synchronized clock will be forwarded by 0.013 seconds
2025-10-20 13:13:32 INFO  clocks.c:455   because: remote clock was 14.2890 seconds
2025-10-20 13:13:32 INFO  clocks.c:456                          at iTOW = 134030364
2025-10-20 13:13:32 INFO  clocks.c:457              local clock is 14.2116 seconds
2025-10-20 13:13:32 INFO  clocks.c:458                          at iTOW = 134030281
2025-10-20 13:13:32 INFO  clocks.c:459         Estimated time of flight = -64 msec
2025-10-20 13:13:32 INFO  clocks.c:460                 Clock difference = -77 msec
2025-10-20 13:13:32 INFO  clocks.c:461       so local clock is lagging by  13 msec
2025-10-20 13:13:32 INFO  clocks.c:450 Local synchronized clock will be forwarded by 0.011 seconds
2025-10-20 13:13:32 INFO  clocks.c:455   because: remote clock was 14.5030 seconds
2025-10-20 13:13:32 INFO  clocks.c:456                          at iTOW = 134030567
2025-10-20 13:13:32 INFO  clocks.c:457              local clock is 14.4279 seconds
2025-10-20 13:13:32 INFO  clocks.c:458                          at iTOW = 134030484
2025-10-20 13:13:32 INFO  clocks.c:459         Estimated time of flight = -64 msec
2025-10-20 13:13:32 INFO  clocks.c:460                 Clock difference = -75 msec
2025-10-20 13:13:32 INFO  clocks.c:461       so local clock is lagging by  11 msec
2025-10-20 13:13:32 INFO  clocks.c:450 Local synchronized clock will be forwarded by 0.027 seconds
2025-10-20 13:13:32 INFO  clocks.c:455   because: remote clock was 14.6270 seconds
2025-10-20 13:13:32 INFO  clocks.c:456                          at iTOW = 134030669
2025-10-20 13:13:32 INFO  clocks.c:457              local clock is 14.5363 seconds
2025-10-20 13:13:32 INFO  clocks.c:458                          at iTOW = 134030581
2025-10-20 13:13:32 INFO  clocks.c:459         Estimated time of flight = -64 msec
2025-10-20 13:13:32 INFO  clocks.c:460                 Clock difference = -90 msec
2025-10-20 13:13:32 INFO  clocks.c:461       so local clock is lagging by  26 msec
2025-10-20 13:13:32 WARN  algorithms/waypoint.c:1099 Drift from waypoint is large (3.03 > 3.00 m)
2025-10-20 13:13:32 INFO  clocks.c:450 Local synchronized clock will be forwarded by 0.050 seconds
2025-10-20 13:13:32 INFO  clocks.c:455   because: remote clock was 15.0790 seconds
2025-10-20 13:13:32 INFO  clocks.c:456                          at iTOW = 134031070
2025-10-20 13:13:32 INFO  clocks.c:457              local clock is 14.9652 seconds
2025-10-20 13:13:32 INFO  clocks.c:458                          at iTOW = 134030983
2025-10-20 13:13:32 INFO  clocks.c:459         Estimated time of flight = -64 msec
2025-10-20 13:13:32 INFO  clocks.c:460                 Clock difference = -113 msec
2025-10-20 13:13:32 INFO  clocks.c:461       so local clock is lagging by  49 msec
2025-10-20 13:13:33 INFO  clocks.c:450 Local synchronized clock will be forwarded by 0.048 seconds
2025-10-20 13:13:33 INFO  clocks.c:455   because: remote clock was 15.2280 seconds
2025-10-20 13:13:33 INFO  clocks.c:456                          at iTOW = 134031171
2025-10-20 13:13:33 INFO  clocks.c:457              local clock is 15.1160 seconds
2025-10-20 13:13:33 INFO  clocks.c:458                          at iTOW = 134031084
2025-10-20 13:13:33 INFO  clocks.c:459         Estimated time of flight = -64 msec
2025-10-20 13:13:33 INFO  clocks.c:460                 Clock difference = -112 msec
2025-10-20 13:13:33 INFO  clocks.c:461       so local clock is lagging by  48 msec
2025-10-20 13:13:33 INFO  clocks.c:450 Local synchronized clock will be forwarded by 0.023 seconds
2025-10-20 13:13:33 INFO  clocks.c:455   because: remote clock was 15.5410 seconds
2025-10-20 13:13:33 INFO  clocks.c:456                          at iTOW = 134031436
2025-10-20 13:13:33 INFO  clocks.c:457              local clock is 15.4541 seconds
2025-10-20 13:13:33 INFO  clocks.c:458                          at iTOW = 134031374
2025-10-20 13:13:33 INFO  clocks.c:459         Estimated time of flight = -64 msec
2025-10-20 13:13:33 INFO  clocks.c:460                 Clock difference = -86 msec
2025-10-20 13:13:33 INFO  clocks.c:461       so local clock is lagging by  22 msec
2025-10-20 13:13:33 INFO  clocks.c:450 Local synchronized clock will be forwarded by 0.047 seconds
2025-10-20 13:13:33 INFO  clocks.c:455   because: remote clock was 15.6880 seconds
2025-10-20 13:13:33 INFO  clocks.c:456                          at iTOW = 134031559
2025-10-20 13:13:33 INFO  clocks.c:457              local clock is 15.5770 seconds
2025-10-20 13:13:33 INFO  clocks.c:458                          at iTOW = 134031474
2025-10-20 13:13:33 INFO  clocks.c:459         Estimated time of flight = -64 msec
2025-10-20 13:13:33 INFO  clocks.c:460                 Clock difference = -111 msec
2025-10-20 13:13:33 INFO  clocks.c:461       so local clock is lagging by  47 msec
2025-10-20 13:13:34 INFO  clocks.c:450 Local synchronized clock will be forwarded by 0.011 seconds
2025-10-20 13:13:34 INFO  clocks.c:455   because: remote clock was 16.4110 seconds
2025-10-20 13:13:34 INFO  clocks.c:456                          at iTOW = 134032272
2025-10-20 13:13:34 INFO  clocks.c:457              local clock is 16.3363 seconds
2025-10-20 13:13:34 INFO  clocks.c:458                          at iTOW = 134032187
2025-10-20 13:13:34 INFO  clocks.c:459         Estimated time of flight = -64 msec
2025-10-20 13:13:34 INFO  clocks.c:460                 Clock difference = -74 msec
2025-10-20 13:13:34 INFO  clocks.c:461       so local clock is lagging by  10 msec
2025-10-20 13:13:34 INFO  algorithms/waypoint.c:1104 Drift from waypoint is under threshold again
2025-10-20 13:13:34 INFO  clocks.c:450 Local synchronized clock will be forwarded by 0.012 seconds
2025-10-20 13:13:34 INFO  clocks.c:455   because: remote clock was 16.6270 seconds
2025-10-20 13:13:34 INFO  clocks.c:456                          at iTOW = 134032477
2025-10-20 13:13:34 INFO  clocks.c:457              local clock is 16.5508 seconds
2025-10-20 13:13:34 INFO  clocks.c:458                          at iTOW = 134032390
2025-10-20 13:13:34 INFO  clocks.c:459         Estimated time of flight = -64 msec
2025-10-20 13:13:34 INFO  clocks.c:460                 Clock difference = -76 msec
2025-10-20 13:13:34 INFO  clocks.c:461       so local clock is lagging by  12 msec
2025-10-20 13:13:34 INFO  clocks.c:450 Local synchronized clock will be forwarded by 0.013 seconds
2025-10-20 13:13:34 INFO  clocks.c:455   because: remote clock was 16.7420 seconds
2025-10-20 13:13:34 INFO  clocks.c:456                          at iTOW = 134032579
2025-10-20 13:13:34 INFO  clocks.c:457              local clock is 16.6651 seconds
2025-10-20 13:13:34 INFO  clocks.c:458                          at iTOW = 134032493
2025-10-20 13:13:34 INFO  clocks.c:459         Estimated time of flight = -64 msec
2025-10-20 13:13:34 INFO  clocks.c:460                 Clock difference = -76 msec
2025-10-20 13:13:34 INFO  clocks.c:461       so local clock is lagging by  12 msec
2025-10-20 13:13:34 INFO  clocks.c:450 Local synchronized clock will be forwarded by 0.018 seconds
2025-10-20 13:13:34 INFO  clocks.c:455   because: remote clock was 17.1620 seconds
2025-10-20 13:13:34 INFO  clocks.c:456                          at iTOW = 134032983
2025-10-20 13:13:34 INFO  clocks.c:457              local clock is 17.0801 seconds
2025-10-20 13:13:34 INFO  clocks.c:458                          at iTOW = 134032895
2025-10-20 13:13:34 INFO  clocks.c:459         Estimated time of flight = -64 msec
2025-10-20 13:13:34 INFO  clocks.c:460                 Clock difference = -81 msec
2025-10-20 13:13:34 INFO  clocks.c:461       so local clock is lagging by  17 msec
2025-10-20 13:13:35 INFO  clocks.c:450 Local synchronized clock will be forwarded by 0.011 seconds
2025-10-20 13:13:35 INFO  clocks.c:455   because: remote clock was 17.3730 seconds
2025-10-20 13:13:35 INFO  clocks.c:456                          at iTOW = 134033184
2025-10-20 13:13:35 INFO  clocks.c:457              local clock is 17.2978 seconds
2025-10-20 13:13:35 INFO  clocks.c:458                          at iTOW = 134033094
2025-10-20 13:13:35 INFO  clocks.c:459         Estimated time of flight = -64 msec
2025-10-20 13:13:35 INFO  clocks.c:460                 Clock difference = -75 msec
2025-10-20 13:13:35 INFO  clocks.c:461       so local clock is lagging by  11 msec
2025-10-20 13:13:35 INFO  clocks.c:450 Local synchronized clock will be forwarded by 0.021 seconds
2025-10-20 13:13:35 INFO  clocks.c:455   because: remote clock was 17.6010 seconds
2025-10-20 13:13:35 INFO  clocks.c:456                          at iTOW = 134033391
2025-10-20 13:13:35 INFO  clocks.c:457              local clock is 17.5159 seconds
2025-10-20 13:13:35 INFO  clocks.c:458                          at iTOW = 134033301
2025-10-20 13:13:35 INFO  clocks.c:459         Estimated time of flight = -64 msec
2025-10-20 13:13:35 INFO  clocks.c:460                 Clock difference = -85 msec
2025-10-20 13:13:35 INFO  clocks.c:461       so local clock is lagging by  21 msec
2025-10-20 13:13:35 INFO  clocks.c:450 Local synchronized clock will be forwarded by 0.022 seconds
2025-10-20 13:13:35 INFO  clocks.c:455   because: remote clock was 17.8260 seconds
2025-10-20 13:13:35 INFO  clocks.c:456                          at iTOW = 134033593
2025-10-20 13:13:35 INFO  clocks.c:457              local clock is 17.7402 seconds
2025-10-20 13:13:35 INFO  clocks.c:458                          at iTOW = 134033504
2025-10-20 13:13:35 INFO  clocks.c:459         Estimated time of flight = -64 msec
2025-10-20 13:13:35 INFO  clocks.c:460                 Clock difference = -85 msec
2025-10-20 13:13:35 INFO  clocks.c:461       so local clock is lagging by  21 msec
2025-10-20 13:13:35 WARN  algorithms/waypoint.c:1099 Drift from waypoint is large (3.04 > 3.00 m)
2025-10-20 13:13:35 INFO  algorithms/waypoint.c:1104 Drift from waypoint is under threshold again
2025-10-20 13:13:35 WARN  algorithms/waypoint.c:1099 Drift from waypoint is large (3.01 > 3.00 m)
2025-10-20 13:13:36 INFO  clocks.c:450 Local synchronized clock will be forwarded by 0.027 seconds
2025-10-20 13:13:36 INFO  clocks.c:455   because: remote clock was 18.4430 seconds
2025-10-20 13:13:36 INFO  clocks.c:456                          at iTOW = 134034179
2025-10-20 13:13:36 INFO  clocks.c:457              local clock is 18.3519 seconds
2025-10-20 13:13:36 INFO  clocks.c:458                          at iTOW = 134034094
2025-10-20 13:13:36 INFO  clocks.c:459         Estimated time of flight = -64 msec
2025-10-20 13:13:36 INFO  clocks.c:460                 Clock difference = -91 msec
2025-10-20 13:13:36 INFO  clocks.c:461       so local clock is lagging by  27 msec
2025-10-20 13:13:36 INFO  clocks.c:450 Local synchronized clock will be forwarded by 0.020 seconds
2025-10-20 13:13:36 INFO  clocks.c:455   because: remote clock was 18.5680 seconds
2025-10-20 13:13:36 INFO  clocks.c:456                          at iTOW = 134034282
2025-10-20 13:13:36 INFO  clocks.c:457              local clock is 18.4844 seconds
2025-10-20 13:13:36 INFO  clocks.c:458                          at iTOW = 134034200
2025-10-20 13:13:36 INFO  clocks.c:459         Estimated time of flight = -64 msec
2025-10-20 13:13:36 INFO  clocks.c:460                 Clock difference = -83 msec
2025-10-20 13:13:36 INFO  clocks.c:461       so local clock is lagging by  19 msec
2025-10-20 13:13:36 INFO  clocks.c:450 Local synchronized clock will be forwarded by 0.016 seconds
2025-10-20 13:13:36 INFO  clocks.c:455   because: remote clock was 18.6790 seconds
2025-10-20 13:13:36 INFO  clocks.c:456                          at iTOW = 134034382
2025-10-20 13:13:36 INFO  clocks.c:457              local clock is 18.5986 seconds
2025-10-20 13:13:36 INFO  clocks.c:458                          at iTOW = 134034294
2025-10-20 13:13:36 INFO  clocks.c:459         Estimated time of flight = -64 msec
2025-10-20 13:13:36 INFO  clocks.c:460                 Clock difference = -80 msec
2025-10-20 13:13:36 INFO  clocks.c:461       so local clock is lagging by  16 msec
2025-10-20 13:13:36 INFO  clocks.c:450 Local synchronized clock will be forwarded by 0.018 seconds
2025-10-20 13:13:36 INFO  clocks.c:455   because: remote clock was 18.8970 seconds
2025-10-20 13:13:36 INFO  clocks.c:456                          at iTOW = 134034584
2025-10-20 13:13:36 INFO  clocks.c:457              local clock is 18.8150 seconds
2025-10-20 13:13:36 INFO  clocks.c:458                          at iTOW = 134034494
2025-10-20 13:13:36 INFO  clocks.c:459         Estimated time of flight = -64 msec
2025-10-20 13:13:36 INFO  clocks.c:460                 Clock difference = -81 msec
2025-10-20 13:13:36 INFO  clocks.c:461       so local clock is lagging by  17 msec
2025-10-20 13:13:36 INFO  clocks.c:450 Local synchronized clock will be forwarded by 0.020 seconds
2025-10-20 13:13:36 INFO  clocks.c:455   because: remote clock was 19.0280 seconds
2025-10-20 13:13:36 INFO  clocks.c:456                          at iTOW = 134034688
2025-10-20 13:13:36 INFO  clocks.c:457              local clock is 18.9435 seconds
2025-10-20 13:13:36 INFO  clocks.c:458                          at iTOW = 134034605
2025-10-20 13:13:36 INFO  clocks.c:459         Estimated time of flight = -64 msec
2025-10-20 13:13:36 INFO  clocks.c:460                 Clock difference = -84 msec
2025-10-20 13:13:36 INFO  clocks.c:461       so local clock is lagging by  20 msec
2025-10-20 13:13:37 INFO  clocks.c:450 Local synchronized clock will be forwarded by 0.049 seconds
2025-10-20 13:13:37 INFO  clocks.c:455   because: remote clock was 19.6670 seconds
2025-10-20 13:13:37 INFO  clocks.c:456                          at iTOW = 134035278
2025-10-20 13:13:37 INFO  clocks.c:457              local clock is 19.5544 seconds
2025-10-20 13:13:37 INFO  clocks.c:458                          at iTOW = 134035195
2025-10-20 13:13:37 INFO  clocks.c:459         Estimated time of flight = -64 msec
2025-10-20 13:13:37 INFO  clocks.c:460                 Clock difference = -112 msec
2025-10-20 13:13:37 INFO  clocks.c:461       so local clock is lagging by  48 msec
2025-10-20 13:13:37 INFO  algorithms/waypoint.c:1104 Drift from waypoint is under threshold again
2025-10-20 13:13:37 WARN  algorithms/waypoint.c:1099 Drift from waypoint is large (3.04 > 3.00 m)
2025-10-20 13:13:37 INFO  algorithms/waypoint.c:1104 Drift from waypoint is under threshold again
2025-10-20 13:13:38 INFO  clocks.c:450 Local synchronized clock will be forwarded by 0.019 seconds
2025-10-20 13:13:38 INFO  clocks.c:455   because: remote clock was 20.6950 seconds
2025-10-20 13:13:38 INFO  clocks.c:456                          at iTOW = 134036292
2025-10-20 13:13:38 INFO  clocks.c:457              local clock is 20.6115 seconds
2025-10-20 13:13:38 INFO  clocks.c:458                          at iTOW = 134036204
2025-10-20 13:13:38 INFO  clocks.c:459         Estimated time of flight = -64 msec
2025-10-20 13:13:38 INFO  clocks.c:460                 Clock difference = -83 msec
2025-10-20 13:13:38 INFO  clocks.c:461       so local clock is lagging by  19 msec
2025-10-20 13:13:38 INFO  clocks.c:450 Local synchronized clock will be forwarded by 0.026 seconds
2025-10-20 13:13:38 INFO  clocks.c:455   because: remote clock was 21.1220 seconds
2025-10-20 13:13:38 INFO  clocks.c:456                          at iTOW = 134036698
2025-10-20 13:13:38 INFO  clocks.c:457              local clock is 21.0318 seconds
2025-10-20 13:13:38 INFO  clocks.c:458                          at iTOW = 134036605
2025-10-20 13:13:38 INFO  clocks.c:459         Estimated time of flight = -64 msec
2025-10-20 13:13:38 INFO  clocks.c:460                 Clock difference = -90 msec
2025-10-20 13:13:38 INFO  clocks.c:461       so local clock is lagging by  26 msec
2025-10-20 13:13:39 INFO  clocks.c:450 Local synchronized clock will be forwarded by 0.026 seconds
2025-10-20 13:13:39 INFO  clocks.c:455   because: remote clock was 21.5580 seconds
2025-10-20 13:13:39 INFO  clocks.c:456                          at iTOW = 134037100
2025-10-20 13:13:39 INFO  clocks.c:457              local clock is 21.4677 seconds
2025-10-20 13:13:39 INFO  clocks.c:458                          at iTOW = 134037014
2025-10-20 13:13:39 INFO  clocks.c:459         Estimated time of flight = -64 msec
2025-10-20 13:13:39 INFO  clocks.c:460                 Clock difference = -90 msec
2025-10-20 13:13:39 INFO  clocks.c:461       so local clock is lagging by  26 msec
2025-10-20 13:13:39 WARN  algorithms/waypoint.c:1099 Drift from waypoint is large (3.05 > 3.00 m)
2025-10-20 13:13:40 INFO  clocks.c:450 Local synchronized clock will be forwarded by 0.022 seconds
2025-10-20 13:13:40 INFO  clocks.c:455   because: remote clock was 22.8780 seconds
2025-10-20 13:13:40 INFO  clocks.c:456                          at iTOW = 134038395
2025-10-20 13:13:40 INFO  clocks.c:457              local clock is 22.7924 seconds
2025-10-20 13:13:40 INFO  clocks.c:458                          at iTOW = 134038313
2025-10-20 13:13:40 INFO  clocks.c:459         Estimated time of flight = -64 msec
2025-10-20 13:13:40 INFO  clocks.c:460                 Clock difference = -85 msec
2025-10-20 13:13:40 INFO  clocks.c:461       so local clock is lagging by  21 msec
2025-10-20 13:13:40 INFO  algorithms/waypoint.c:1104 Drift from waypoint is under threshold again
2025-10-20 13:13:40 WARN  algorithms/waypoint.c:1099 Drift from waypoint is large (3.01 > 3.00 m)
2025-10-20 13:13:40 INFO  algorithms/waypoint.c:1104 Drift from waypoint is under threshold again
2025-10-20 13:13:41 INFO  clocks.c:450 Local synchronized clock will be forwarded by 0.012 seconds
2025-10-20 13:13:41 INFO  clocks.c:455   because: remote clock was 23.5920 seconds
2025-10-20 13:13:41 INFO  clocks.c:456                          at iTOW = 134039099
2025-10-20 13:13:41 INFO  clocks.c:457              local clock is 23.5157 seconds
2025-10-20 13:13:41 INFO  clocks.c:458                          at iTOW = 134039015
2025-10-20 13:13:41 INFO  clocks.c:459         Estimated time of flight = -64 msec
2025-10-20 13:13:41 INFO  clocks.c:460                 Clock difference = -76 msec
2025-10-20 13:13:41 INFO  clocks.c:461       so local clock is lagging by  12 msec
2025-10-20 13:13:41 INFO  clocks.c:450 Local synchronized clock will be forwarded by 0.014 seconds
2025-10-20 13:13:41 INFO  clocks.c:455   because: remote clock was 23.7060 seconds
2025-10-20 13:13:41 INFO  clocks.c:456                          at iTOW = 134039200
2025-10-20 13:13:41 INFO  clocks.c:457              local clock is 23.6285 seconds
2025-10-20 13:13:41 INFO  clocks.c:458                          at iTOW = 134039115
2025-10-20 13:13:41 INFO  clocks.c:459         Estimated time of flight = -64 msec
2025-10-20 13:13:41 INFO  clocks.c:460                 Clock difference = -77 msec
2025-10-20 13:13:41 INFO  clocks.c:461       so local clock is lagging by  13 msec
2025-10-20 13:13:41 INFO  clocks.c:450 Local synchronized clock will be forwarded by 0.025 seconds
2025-10-20 13:13:41 INFO  clocks.c:455   because: remote clock was 23.9300 seconds
2025-10-20 13:13:41 INFO  clocks.c:456                          at iTOW = 134039401
2025-10-20 13:13:41 INFO  clocks.c:457              local clock is 23.8415 seconds
2025-10-20 13:13:41 INFO  clocks.c:458                          at iTOW = 134039314
2025-10-20 13:13:41 INFO  clocks.c:459         Estimated time of flight = -64 msec
2025-10-20 13:13:41 INFO  clocks.c:460                 Clock difference = -88 msec
2025-10-20 13:13:41 INFO  clocks.c:461       so local clock is lagging by  24 msec
2025-10-20 13:13:41 WARN  algorithms/waypoint.c:1099 Drift from waypoint is large (3.03 > 3.00 m)
2025-10-20 13:13:41 INFO  algorithms/waypoint.c:1104 Drift from waypoint is under threshold again
2025-10-20 13:13:41 WARN  algorithms/waypoint.c:1099 Drift from waypoint is large (3.01 > 3.00 m)
2025-10-20 13:13:42 INFO  algorithms/waypoint.c:1104 Drift from waypoint is under threshold again
2025-10-20 13:13:42 WARN  algorithms/waypoint.c:1099 Drift from waypoint is large (3.07 > 3.00 m)
2025-10-20 13:13:42 INFO  clocks.c:450 Local synchronized clock will be forwarded by 0.011 seconds
2025-10-20 13:13:42 INFO  clocks.c:455   because: remote clock was 25.3390 seconds
2025-10-20 13:13:42 INFO  clocks.c:456                          at iTOW = 134040798
2025-10-20 13:13:42 INFO  clocks.c:457              local clock is 25.2639 seconds
2025-10-20 13:13:42 INFO  clocks.c:458                          at iTOW = 134040712
2025-10-20 13:13:42 INFO  clocks.c:459         Estimated time of flight = -64 msec
2025-10-20 13:13:42 INFO  clocks.c:460                 Clock difference = -75 msec
2025-10-20 13:13:42 INFO  clocks.c:461       so local clock is lagging by  11 msec
2025-10-20 13:13:43 INFO  clocks.c:450 Local synchronized clock will be forwarded by 0.047 seconds
2025-10-20 13:13:43 INFO  clocks.c:455   because: remote clock was 25.8820 seconds
2025-10-20 13:13:43 INFO  clocks.c:456                          at iTOW = 134041292
2025-10-20 13:13:43 INFO  clocks.c:457              local clock is 25.7706 seconds
2025-10-20 13:13:43 INFO  clocks.c:458                          at iTOW = 134041208
2025-10-20 13:13:43 INFO  clocks.c:459         Estimated time of flight = -64 msec
2025-10-20 13:13:43 INFO  clocks.c:460                 Clock difference = -111 msec
2025-10-20 13:13:43 INFO  clocks.c:461       so local clock is lagging by  47 msec
2025-10-20 13:13:44 INFO  clocks.c:450 Local synchronized clock will be forwarded by 0.052 seconds
2025-10-20 13:13:44 INFO  clocks.c:455   because: remote clock was 26.8400 seconds
2025-10-20 13:13:44 INFO  clocks.c:456                          at iTOW = 134042200
2025-10-20 13:13:44 INFO  clocks.c:457              local clock is 26.7245 seconds
2025-10-20 13:13:44 INFO  clocks.c:458                          at iTOW = 134042114
2025-10-20 13:13:44 INFO  clocks.c:459         Estimated time of flight = -64 msec
2025-10-20 13:13:44 INFO  clocks.c:460                 Clock difference = -115 msec
2025-10-20 13:13:44 INFO  clocks.c:461       so local clock is lagging by  51 msec
2025-10-20 13:13:44 INFO  clocks.c:450 Local synchronized clock will be forwarded by 0.048 seconds
2025-10-20 13:13:44 INFO  clocks.c:455   because: remote clock was 26.9880 seconds
2025-10-20 13:13:44 INFO  clocks.c:456                          at iTOW = 134042304
2025-10-20 13:13:44 INFO  clocks.c:457              local clock is 26.8760 seconds
2025-10-20 13:13:44 INFO  clocks.c:458                          at iTOW = 134042214
2025-10-20 13:13:44 INFO  clocks.c:459         Estimated time of flight = -64 msec
2025-10-20 13:13:44 INFO  clocks.c:460                 Clock difference = -111 msec
2025-10-20 13:13:44 INFO  clocks.c:461       so local clock is lagging by  47 msec
2025-10-20 13:13:44 INFO  clocks.c:450 Local synchronized clock will be forwarded by 0.027 seconds
2025-10-20 13:13:44 INFO  clocks.c:455   because: remote clock was 27.2150 seconds
2025-10-20 13:13:44 INFO  clocks.c:456                          at iTOW = 134042504
2025-10-20 13:13:44 INFO  clocks.c:457              local clock is 27.1240 seconds
2025-10-20 13:13:44 INFO  clocks.c:458                          at iTOW = 134042414
2025-10-20 13:13:44 INFO  clocks.c:459         Estimated time of flight = -64 msec
2025-10-20 13:13:44 INFO  clocks.c:460                 Clock difference = -90 msec
2025-10-20 13:13:44 INFO  clocks.c:461       so local clock is lagging by  26 msec
2025-10-20 13:13:44 INFO  clocks.c:450 Local synchronized clock will be forwarded by 0.033 seconds
2025-10-20 13:13:44 INFO  clocks.c:455   because: remote clock was 27.4480 seconds
2025-10-20 13:13:44 INFO  clocks.c:456                          at iTOW = 134042684
2025-10-20 13:13:44 INFO  clocks.c:457              local clock is 27.3510 seconds
2025-10-20 13:13:44 INFO  clocks.c:458                          at iTOW = 134042615
2025-10-20 13:13:44 INFO  clocks.c:459         Estimated time of flight = -64 msec
2025-10-20 13:13:44 INFO  clocks.c:460                 Clock difference = -96 msec
2025-10-20 13:13:44 INFO  clocks.c:461       so local clock is lagging by  32 msec
2025-10-20 13:13:44 INFO  clocks.c:450 Local synchronized clock will be forwarded by 0.036 seconds
2025-10-20 13:13:44 INFO  clocks.c:455   because: remote clock was 27.7840 seconds
2025-10-20 13:13:44 INFO  clocks.c:456                          at iTOW = 134042987
2025-10-20 13:13:44 INFO  clocks.c:457              local clock is 27.6840 seconds
2025-10-20 13:13:44 INFO  clocks.c:458                          at iTOW = 134042914
2025-10-20 13:13:44 INFO  clocks.c:459         Estimated time of flight = -64 msec
2025-10-20 13:13:44 INFO  clocks.c:460                 Clock difference = -100 msec
2025-10-20 13:13:44 INFO  clocks.c:461       so local clock is lagging by  36 msec
2025-10-20 13:13:45 INFO  clocks.c:450 Local synchronized clock will be forwarded by 0.013 seconds
2025-10-20 13:13:45 INFO  clocks.c:455   because: remote clock was 28.0970 seconds
2025-10-20 13:13:45 INFO  clocks.c:456                          at iTOW = 134043300
2025-10-20 13:13:45 INFO  clocks.c:457              local clock is 28.0200 seconds
2025-10-20 13:13:45 INFO  clocks.c:458                          at iTOW = 134043214
2025-10-20 13:13:45 INFO  clocks.c:459         Estimated time of flight = -64 msec
2025-10-20 13:13:45 INFO  clocks.c:460                 Clock difference = -77 msec
2025-10-20 13:13:45 INFO  clocks.c:461       so local clock is lagging by  13 msec
2025-10-20 13:13:45 INFO  clocks.c:450 Local synchronized clock will be forwarded by 0.037 seconds
2025-10-20 13:13:45 INFO  clocks.c:455   because: remote clock was 28.2340 seconds
2025-10-20 13:13:45 INFO  clocks.c:456                          at iTOW = 134043400
2025-10-20 13:13:45 INFO  clocks.c:457              local clock is 28.1330 seconds
2025-10-20 13:13:45 INFO  clocks.c:458                          at iTOW = 134043314
2025-10-20 13:13:45 INFO  clocks.c:459         Estimated time of flight = -64 msec
2025-10-20 13:13:45 INFO  clocks.c:460                 Clock difference = -100 msec
2025-10-20 13:13:45 INFO  clocks.c:461       so local clock is lagging by  36 msec
2025-10-20 13:13:46 INFO  clocks.c:450 Local synchronized clock will be forwarded by 0.034 seconds
2025-10-20 13:13:46 INFO  clocks.c:455   because: remote clock was 28.9770 seconds
2025-10-20 13:13:46 INFO  clocks.c:456                          at iTOW = 134044106
2025-10-20 13:13:46 INFO  clocks.c:457              local clock is 28.8789 seconds
2025-10-20 13:13:46 INFO  clocks.c:458                          at iTOW = 134044023
2025-10-20 13:13:46 INFO  clocks.c:459         Estimated time of flight = -64 msec
2025-10-20 13:13:46 INFO  clocks.c:460                 Clock difference = -98 msec
2025-10-20 13:13:46 INFO  clocks.c:461       so local clock is lagging by  34 msec
2025-10-20 13:13:46 INFO  clocks.c:450 Local synchronized clock will be forwarded by 0.020 seconds
2025-10-20 13:13:46 INFO  clocks.c:455   because: remote clock was 29.1980 seconds
2025-10-20 13:13:46 INFO  clocks.c:456                          at iTOW = 134044314
2025-10-20 13:13:46 INFO  clocks.c:457              local clock is 29.1141 seconds
2025-10-20 13:13:46 INFO  clocks.c:458                          at iTOW = 134044224
2025-10-20 13:13:46 INFO  clocks.c:459         Estimated time of flight = -64 msec
2025-10-20 13:13:46 INFO  clocks.c:460                 Clock difference = -83 msec
2025-10-20 13:13:46 INFO  clocks.c:461       so local clock is lagging by  19 msec
2025-10-20 13:13:46 INFO  clocks.c:450 Local synchronized clock will be forwarded by 0.034 seconds
2025-10-20 13:13:46 INFO  clocks.c:455   because: remote clock was 29.8270 seconds
2025-10-20 13:13:46 INFO  clocks.c:456                          at iTOW = 134044901
2025-10-20 13:13:46 INFO  clocks.c:457              local clock is 29.7286 seconds
2025-10-20 13:13:46 INFO  clocks.c:458                          at iTOW = 134044819
2025-10-20 13:13:46 INFO  clocks.c:459         Estimated time of flight = -64 msec
2025-10-20 13:13:46 INFO  clocks.c:460                 Clock difference = -98 msec
2025-10-20 13:13:46 INFO  clocks.c:461       so local clock is lagging by  34 msec
2025-10-20 13:13:47 INFO  algorithms/waypoint.c:1104 Drift from waypoint is under threshold again
2025-10-20 13:13:47 INFO  clocks.c:450 Local synchronized clock will be forwarded by 0.011 seconds
2025-10-20 13:13:47 INFO  clocks.c:455   because: remote clock was 30.3350 seconds
2025-10-20 13:13:47 INFO  clocks.c:456                          at iTOW = 134045398
2025-10-20 13:13:47 INFO  clocks.c:457              local clock is 30.2602 seconds
2025-10-20 13:13:47 INFO  clocks.c:458                          at iTOW = 134045316
2025-10-20 13:13:47 INFO  clocks.c:459         Estimated time of flight = -64 msec
2025-10-20 13:13:47 INFO  clocks.c:460                 Clock difference = -74 msec
2025-10-20 13:13:47 INFO  clocks.c:461       so local clock is lagging by  10 msec
2025-10-20 13:13:47 INFO  clocks.c:450 Local synchronized clock will be forwarded by 0.016 seconds
2025-10-20 13:13:47 INFO  clocks.c:455   because: remote clock was 30.4510 seconds
2025-10-20 13:13:47 INFO  clocks.c:456                          at iTOW = 134045478
2025-10-20 13:13:47 INFO  clocks.c:457              local clock is 30.3708 seconds
2025-10-20 13:13:47 INFO  clocks.c:458                          at iTOW = 134045416
2025-10-20 13:13:47 INFO  clocks.c:459         Estimated time of flight = -64 msec
2025-10-20 13:13:47 INFO  clocks.c:460                 Clock difference = -80 msec
2025-10-20 13:13:47 INFO  clocks.c:461       so local clock is lagging by  16 msec
2025-10-20 13:13:47 INFO  clocks.c:450 Local synchronized clock will be forwarded by 0.021 seconds
2025-10-20 13:13:47 INFO  clocks.c:455   because: remote clock was 30.5720 seconds
2025-10-20 13:13:47 INFO  clocks.c:456                          at iTOW = 134045599
2025-10-20 13:13:47 INFO  clocks.c:457              local clock is 30.4869 seconds
2025-10-20 13:13:47 INFO  clocks.c:458                          at iTOW = 134045516
2025-10-20 13:13:47 INFO  clocks.c:459         Estimated time of flight = -64 msec
2025-10-20 13:13:47 INFO  clocks.c:460                 Clock difference = -85 msec
2025-10-20 13:13:47 INFO  clocks.c:461       so local clock is lagging by  21 msec
2025-10-20 13:13:47 INFO  clocks.c:450 Local synchronized clock will be forwarded by 0.015 seconds
2025-10-20 13:13:47 INFO  clocks.c:455   because: remote clock was 30.9910 seconds
2025-10-20 13:13:47 INFO  clocks.c:456                          at iTOW = 134046002
2025-10-20 13:13:47 INFO  clocks.c:457              local clock is 30.9119 seconds
2025-10-20 13:13:47 INFO  clocks.c:458                          at iTOW = 134045920
2025-10-20 13:13:47 INFO  clocks.c:459         Estimated time of flight = -64 msec
2025-10-20 13:13:47 INFO  clocks.c:460                 Clock difference = -79 msec
2025-10-20 13:13:47 INFO  clocks.c:461       so local clock is lagging by  15 msec
2025-10-20 13:13:48 INFO  clocks.c:450 Local synchronized clock will be forwarded by 0.020 seconds
2025-10-20 13:13:48 INFO  clocks.c:455   because: remote clock was 31.1140 seconds
2025-10-20 13:13:48 INFO  clocks.c:456                          at iTOW = 134046107
2025-10-20 13:13:48 INFO  clocks.c:457              local clock is 31.0300 seconds
2025-10-20 13:13:48 INFO  clocks.c:458                          at iTOW = 134046023
2025-10-20 13:13:48 INFO  clocks.c:459         Estimated time of flight = -64 msec
2025-10-20 13:13:48 INFO  clocks.c:460                 Clock difference = -84 msec
2025-10-20 13:13:48 INFO  clocks.c:461       so local clock is lagging by  20 msec
2025-10-20 13:13:48 INFO  clocks.c:450 Local synchronized clock will be forwarded by 0.016 seconds
2025-10-20 13:13:48 INFO  clocks.c:455   because: remote clock was 31.6320 seconds
2025-10-20 13:13:48 INFO  clocks.c:456                          at iTOW = 134046614
2025-10-20 13:13:48 INFO  clocks.c:457              local clock is 31.5516 seconds
2025-10-20 13:13:48 INFO  clocks.c:458                          at iTOW = 134046524
2025-10-20 13:13:48 INFO  clocks.c:459         Estimated time of flight = -64 msec
2025-10-20 13:13:48 INFO  clocks.c:460                 Clock difference = -80 msec
2025-10-20 13:13:48 INFO  clocks.c:461       so local clock is lagging by  16 msec
2025-10-20 13:13:48 INFO  clocks.c:450 Local synchronized clock will be forwarded by 0.013 seconds
2025-10-20 13:13:48 INFO  clocks.c:455   because: remote clock was 31.7530 seconds
2025-10-20 13:13:48 INFO  clocks.c:456                          at iTOW = 134046719
2025-10-20 13:13:48 INFO  clocks.c:457              local clock is 31.6758 seconds
2025-10-20 13:13:48 INFO  clocks.c:458                          at iTOW = 134046632
2025-10-20 13:13:48 INFO  clocks.c:459         Estimated time of flight = -64 msec
2025-10-20 13:13:48 INFO  clocks.c:460                 Clock difference = -77 msec
2025-10-20 13:13:48 INFO  clocks.c:461       so local clock is lagging by  13 msec
2025-10-20 13:13:48 INFO  clocks.c:450 Local synchronized clock will be forwarded by 0.013 seconds
2025-10-20 13:13:48 INFO  clocks.c:455   because: remote clock was 31.9680 seconds
2025-10-20 13:13:48 INFO  clocks.c:456                          at iTOW = 134046920
2025-10-20 13:13:48 INFO  clocks.c:457              local clock is 31.8913 seconds
2025-10-20 13:13:48 INFO  clocks.c:458                          at iTOW = 134046835
2025-10-20 13:13:48 INFO  clocks.c:459         Estimated time of flight = -64 msec
2025-10-20 13:13:48 INFO  clocks.c:460                 Clock difference = -76 msec
2025-10-20 13:13:48 INFO  clocks.c:461       so local clock is lagging by  12 msec
2025-10-20 13:13:48 INFO  clocks.c:450 Local synchronized clock will be forwarded by 0.013 seconds
2025-10-20 13:13:48 INFO  clocks.c:455   because: remote clock was 32.0810 seconds
2025-10-20 13:13:48 INFO  clocks.c:456                          at iTOW = 134047021
2025-10-20 13:13:48 INFO  clocks.c:457              local clock is 32.0041 seconds
2025-10-20 13:13:48 INFO  clocks.c:458                          at iTOW = 134046935
2025-10-20 13:13:48 INFO  clocks.c:459         Estimated time of flight = -64 msec
2025-10-20 13:13:48 INFO  clocks.c:460                 Clock difference = -76 msec
2025-10-20 13:13:48 INFO  clocks.c:461       so local clock is lagging by  12 msec
2025-10-20 13:13:49 INFO  clocks.c:450 Local synchronized clock will be forwarded by 0.014 seconds
2025-10-20 13:13:49 INFO  clocks.c:455   because: remote clock was 32.1950 seconds
2025-10-20 13:13:49 INFO  clocks.c:456                          at iTOW = 134047122
2025-10-20 13:13:49 INFO  clocks.c:457              local clock is 32.1169 seconds
2025-10-20 13:13:49 INFO  clocks.c:458                          at iTOW = 134047035
2025-10-20 13:13:49 INFO  clocks.c:459         Estimated time of flight = -64 msec
2025-10-20 13:13:49 INFO  clocks.c:460                 Clock difference = -78 msec
2025-10-20 13:13:49 INFO  clocks.c:461       so local clock is lagging by  14 msec
2025-10-20 13:13:49 INFO  clocks.c:450 Local synchronized clock will be forwarded by 0.013 seconds
2025-10-20 13:13:49 INFO  clocks.c:455   because: remote clock was 32.7280 seconds
2025-10-20 13:13:49 INFO  clocks.c:456                          at iTOW = 134047640
2025-10-20 13:13:49 INFO  clocks.c:457              local clock is 32.6510 seconds
2025-10-20 13:13:49 INFO  clocks.c:458                          at iTOW = 134047554
2025-10-20 13:13:49 INFO  clocks.c:459         Estimated time of flight = -64 msec
2025-10-20 13:13:49 INFO  clocks.c:460                 Clock difference = -77 msec
2025-10-20 13:13:49 INFO  clocks.c:461       so local clock is lagging by  13 msec
2025-10-20 13:13:49 INFO  clocks.c:450 Local synchronized clock will be forwarded by 0.013 seconds
2025-10-20 13:13:49 INFO  clocks.c:455   because: remote clock was 32.9410 seconds
2025-10-20 13:13:49 INFO  clocks.c:456                          at iTOW = 134047840
2025-10-20 13:13:49 INFO  clocks.c:457              local clock is 32.8640 seconds
2025-10-20 13:13:49 INFO  clocks.c:458                          at iTOW = 134047755
2025-10-20 13:13:49 INFO  clocks.c:459         Estimated time of flight = -64 msec
2025-10-20 13:13:49 INFO  clocks.c:460                 Clock difference = -76 msec
2025-10-20 13:13:49 INFO  clocks.c:461       so local clock is lagging by  12 msec
2025-10-20 13:13:50 INFO  clocks.c:450 Local synchronized clock will be forwarded by 0.049 seconds
2025-10-20 13:13:50 INFO  clocks.c:455   because: remote clock was 33.4900 seconds
2025-10-20 13:13:50 INFO  clocks.c:456                          at iTOW = 134048343
2025-10-20 13:13:50 INFO  clocks.c:457              local clock is 33.3769 seconds
2025-10-20 13:13:50 INFO  clocks.c:458                          at iTOW = 134048254
2025-10-20 13:13:50 INFO  clocks.c:459         Estimated time of flight = -64 msec
2025-10-20 13:13:50 INFO  clocks.c:460                 Clock difference = -113 msec
2025-10-20 13:13:50 INFO  clocks.c:461       so local clock is lagging by  49 msec
2025-10-20 13:13:50 INFO  clocks.c:450 Local synchronized clock will be forwarded by 0.030 seconds
2025-10-20 13:13:50 INFO  clocks.c:455   because: remote clock was 33.9200 seconds
2025-10-20 13:13:50 INFO  clocks.c:456                          at iTOW = 134048746
2025-10-20 13:13:50 INFO  clocks.c:457              local clock is 33.8260 seconds
2025-10-20 13:13:50 INFO  clocks.c:458                          at iTOW = 134048655
2025-10-20 13:13:50 INFO  clocks.c:459         Estimated time of flight = -64 msec
2025-10-20 13:13:50 INFO  clocks.c:460                 Clock difference = -93 msec
2025-10-20 13:13:50 INFO  clocks.c:461       so local clock is lagging by  29 msec
2025-10-20 13:13:50 WARN  algorithms/waypoint.c:1099 Drift from waypoint is large (3.12 > 3.00 m)
2025-10-20 13:13:51 INFO  clocks.c:450 Local synchronized clock will be forwarded by 0.016 seconds
2025-10-20 13:13:51 INFO  clocks.c:455   because: remote clock was 34.7560 seconds
2025-10-20 13:13:51 INFO  clocks.c:456                          at iTOW = 134049557
2025-10-20 13:13:51 INFO  clocks.c:457              local clock is 34.6756 seconds
2025-10-20 13:13:51 INFO  clocks.c:458                          at iTOW = 134049474
2025-10-20 13:13:51 INFO  clocks.c:459         Estimated time of flight = -64 msec
2025-10-20 13:13:51 INFO  clocks.c:460                 Clock difference = -80 msec
2025-10-20 13:13:51 INFO  clocks.c:461       so local clock is lagging by  16 msec
2025-10-20 13:13:51 INFO  clocks.c:450 Local synchronized clock will be forwarded by 0.019 seconds
2025-10-20 13:13:51 INFO  clocks.c:455   because: remote clock was 34.8760 seconds
2025-10-20 13:13:51 INFO  clocks.c:456                          at iTOW = 134049658
2025-10-20 13:13:51 INFO  clocks.c:457              local clock is 34.7925 seconds
2025-10-20 13:13:51 INFO  clocks.c:458                          at iTOW = 134049575
2025-10-20 13:13:51 INFO  clocks.c:459         Estimated time of flight = -64 msec
2025-10-20 13:13:51 INFO  clocks.c:460                 Clock difference = -83 msec
2025-10-20 13:13:51 INFO  clocks.c:461       so local clock is lagging by  19 msec
2025-10-20 13:13:51 INFO  clocks.c:450 Local synchronized clock will be forwarded by 0.023 seconds
2025-10-20 13:13:51 INFO  clocks.c:455   because: remote clock was 34.9990 seconds
2025-10-20 13:13:51 INFO  clocks.c:456                          at iTOW = 134049759
2025-10-20 13:13:51 INFO  clocks.c:457              local clock is 34.9118 seconds
2025-10-20 13:13:51 INFO  clocks.c:458                          at iTOW = 134049675
2025-10-20 13:13:51 INFO  clocks.c:459         Estimated time of flight = -64 msec
2025-10-20 13:13:51 INFO  clocks.c:460                 Clock difference = -87 msec
2025-10-20 13:13:51 INFO  clocks.c:461       so local clock is lagging by  23 msec
2025-10-20 13:13:52 INFO  algorithms/waypoint.c:1104 Drift from waypoint is under threshold again
2025-10-20 13:13:52 WARN  algorithms/waypoint.c:1099 Drift from waypoint is large (3.06 > 3.00 m)
2025-10-20 13:13:52 INFO  algorithms/waypoint.c:1104 Drift from waypoint is under threshold again
2025-10-20 13:13:52 INFO  clocks.c:450 Local synchronized clock will be forwarded by 0.014 seconds
2025-10-20 13:13:52 INFO  clocks.c:455   because: remote clock was 35.9130 seconds
2025-10-20 13:13:52 INFO  clocks.c:456                          at iTOW = 134050658
2025-10-20 13:13:52 INFO  clocks.c:457              local clock is 35.8350 seconds
2025-10-20 13:13:52 INFO  clocks.c:458                          at iTOW = 134050575
2025-10-20 13:13:52 INFO  clocks.c:459         Estimated time of flight = -64 msec
2025-10-20 13:13:52 INFO  clocks.c:460                 Clock difference = -77 msec
2025-10-20 13:13:52 INFO  clocks.c:461       so local clock is lagging by  13 msec
2025-10-20 13:13:52 INFO  clocks.c:450 Local synchronized clock will be forwarded by 0.019 seconds
2025-10-20 13:13:52 INFO  clocks.c:455   because: remote clock was 36.2320 seconds
2025-10-20 13:13:52 INFO  clocks.c:456                          at iTOW = 134050961
2025-10-20 13:13:52 INFO  clocks.c:457              local clock is 36.1490 seconds
2025-10-20 13:13:52 INFO  clocks.c:458                          at iTOW = 134050875
2025-10-20 13:13:52 INFO  clocks.c:459         Estimated time of flight = -64 msec
2025-10-20 13:13:52 INFO  clocks.c:460                 Clock difference = -82 msec
2025-10-20 13:13:52 INFO  clocks.c:461       so local clock is lagging by  18 msec
2025-10-20 13:13:53 INFO  clocks.c:450 Local synchronized clock will be forwarded by 0.011 seconds
2025-10-20 13:13:53 INFO  clocks.c:455   because: remote clock was 36.5430 seconds
2025-10-20 13:13:53 INFO  clocks.c:456                          at iTOW = 134051262
2025-10-20 13:13:53 INFO  clocks.c:457              local clock is 36.4680 seconds
2025-10-20 13:13:53 INFO  clocks.c:458                          at iTOW = 134051175
2025-10-20 13:13:53 INFO  clocks.c:459         Estimated time of flight = -64 msec
2025-10-20 13:13:53 INFO  clocks.c:460                 Clock difference = -75 msec
2025-10-20 13:13:53 INFO  clocks.c:461       so local clock is lagging by  11 msec
2025-10-20 13:13:53 INFO  clocks.c:450 Local synchronized clock will be forwarded by 0.022 seconds
2025-10-20 13:13:53 INFO  clocks.c:455   because: remote clock was 36.7650 seconds
2025-10-20 13:13:53 INFO  clocks.c:456                          at iTOW = 134051464
2025-10-20 13:13:53 INFO  clocks.c:457              local clock is 36.6792 seconds
2025-10-20 13:13:53 INFO  clocks.c:458                          at iTOW = 134051375
2025-10-20 13:13:53 INFO  clocks.c:459         Estimated time of flight = -64 msec
2025-10-20 13:13:53 INFO  clocks.c:460                 Clock difference = -85 msec
2025-10-20 13:13:53 INFO  clocks.c:461       so local clock is lagging by  21 msec
2025-10-20 13:13:53 INFO  clocks.c:450 Local synchronized clock will be forwarded by 0.023 seconds
2025-10-20 13:13:53 INFO  clocks.c:455   because: remote clock was 36.9880 seconds
2025-10-20 13:13:53 INFO  clocks.c:456                          at iTOW = 134051665
2025-10-20 13:13:53 INFO  clocks.c:457              local clock is 36.9008 seconds
2025-10-20 13:13:53 INFO  clocks.c:458                          at iTOW = 134051575
2025-10-20 13:13:53 INFO  clocks.c:459         Estimated time of flight = -64 msec
2025-10-20 13:13:53 INFO  clocks.c:460                 Clock difference = -87 msec
2025-10-20 13:13:53 INFO  clocks.c:461       so local clock is lagging by  23 msec
2025-10-20 13:13:54 INFO  clocks.c:450 Local synchronized clock will be forwarded by 0.016 seconds
2025-10-20 13:13:54 INFO  clocks.c:455   because: remote clock was 37.6990 seconds
2025-10-20 13:13:54 INFO  clocks.c:456                          at iTOW = 134052352
2025-10-20 13:13:54 INFO  clocks.c:457              local clock is 37.6187 seconds
2025-10-20 13:13:54 INFO  clocks.c:458                          at iTOW = 134052269
2025-10-20 13:13:54 INFO  clocks.c:459         Estimated time of flight = -64 msec
2025-10-20 13:13:54 INFO  clocks.c:460                 Clock difference = -80 msec
2025-10-20 13:13:54 INFO  clocks.c:461       so local clock is lagging by  16 msec
2025-10-20 13:13:54 INFO  clocks.c:450 Local synchronized clock will be forwarded by 0.012 seconds
2025-10-20 13:13:54 INFO  clocks.c:455   because: remote clock was 37.9110 seconds
2025-10-20 13:13:54 INFO  clocks.c:456                          at iTOW = 134052553
2025-10-20 13:13:54 INFO  clocks.c:457              local clock is 37.8354 seconds
2025-10-20 13:13:54 INFO  clocks.c:458                          at iTOW = 134052470
2025-10-20 13:13:54 INFO  clocks.c:459         Estimated time of flight = -64 msec
2025-10-20 13:13:54 INFO  clocks.c:460                 Clock difference = -75 msec
2025-10-20 13:13:54 INFO  clocks.c:461       so local clock is lagging by  11 msec
2025-10-20 13:13:54 INFO  clocks.c:450 Local synchronized clock will be forwarded by 0.011 seconds
2025-10-20 13:13:54 INFO  clocks.c:455   because: remote clock was 38.0230 seconds
2025-10-20 13:13:54 INFO  clocks.c:456                          at iTOW = 134052653
2025-10-20 13:13:54 INFO  clocks.c:457              local clock is 37.9480 seconds
2025-10-20 13:13:54 INFO  clocks.c:458                          at iTOW = 134052571
2025-10-20 13:13:54 INFO  clocks.c:459         Estimated time of flight = -64 msec
2025-10-20 13:13:54 INFO  clocks.c:460                 Clock difference = -75 msec
2025-10-20 13:13:54 INFO  clocks.c:461       so local clock is lagging by  11 msec
2025-10-20 13:13:55 INFO  clocks.c:450 Local synchronized clock will be forwarded by 0.012 seconds
2025-10-20 13:13:55 INFO  clocks.c:455   because: remote clock was 39.3390 seconds
2025-10-20 13:13:55 INFO  clocks.c:456                          at iTOW = 134053958
2025-10-20 13:13:55 INFO  clocks.c:457              local clock is 39.2628 seconds
2025-10-20 13:13:55 INFO  clocks.c:458                          at iTOW = 134053875
2025-10-20 13:13:55 INFO  clocks.c:459         Estimated time of flight = -64 msec
2025-10-20 13:13:55 INFO  clocks.c:460                 Clock difference = -76 msec
2025-10-20 13:13:55 INFO  clocks.c:461       so local clock is lagging by  12 msec
2025-10-20 13:13:56 WARN  algorithms/waypoint.c:1099 Drift from waypoint is large (3.01 > 3.00 m)
2025-10-20 13:13:57 INFO  algorithms/waypoint.c:1104 Drift from waypoint is under threshold again
2025-10-20 13:13:58 INFO  clocks.c:450 Local synchronized clock will be forwarded by 0.010 seconds
2025-10-20 13:13:58 INFO  clocks.c:455   because: remote clock was 41.6670 seconds
2025-10-20 13:13:58 INFO  clocks.c:456                          at iTOW = 134056275
2025-10-20 13:13:58 INFO  clocks.c:457              local clock is 41.5929 seconds
2025-10-20 13:13:58 INFO  clocks.c:458                          at iTOW = 134056192
2025-10-20 13:13:58 INFO  clocks.c:459         Estimated time of flight = -64 msec
2025-10-20 13:13:58 INFO  clocks.c:460                 Clock difference = -74 msec
2025-10-20 13:13:58 INFO  clocks.c:461       so local clock is lagging by  10 msec
2025-10-20 13:13:58 INFO  clocks.c:450 Local synchronized clock will be forwarded by 0.014 seconds
2025-10-20 13:13:58 INFO  clocks.c:455   because: remote clock was 41.8830 seconds
2025-10-20 13:13:58 INFO  clocks.c:456                          at iTOW = 134056478
2025-10-20 13:13:58 INFO  clocks.c:457              local clock is 41.8046 seconds
2025-10-20 13:13:58 INFO  clocks.c:458                          at iTOW = 134056394
2025-10-20 13:13:58 INFO  clocks.c:459         Estimated time of flight = -64 msec
2025-10-20 13:13:58 INFO  clocks.c:460                 Clock difference = -78 msec
2025-10-20 13:13:58 INFO  clocks.c:461       so local clock is lagging by  14 msec
2025-10-20 13:13:58 WARN  algorithms/waypoint.c:1099 Drift from waypoint is large (3.03 > 3.00 m)
2025-10-20 13:13:58 INFO  clocks.c:450 Local synchronized clock will be forwarded by 0.020 seconds
2025-10-20 13:13:58 INFO  clocks.c:455   because: remote clock was 42.2040 seconds
2025-10-20 13:13:58 INFO  clocks.c:456                          at iTOW = 134056783
2025-10-20 13:13:58 INFO  clocks.c:457              local clock is 42.1195 seconds
2025-10-20 13:13:58 INFO  clocks.c:458                          at iTOW = 134056695
2025-10-20 13:13:58 INFO  clocks.c:459         Estimated time of flight = -64 msec
2025-10-20 13:13:58 INFO  clocks.c:460                 Clock difference = -84 msec
2025-10-20 13:13:58 INFO  clocks.c:461       so local clock is lagging by  20 msec
2025-10-20 13:13:59 INFO  clocks.c:450 Local synchronized clock will be forwarded by 0.019 seconds
2025-10-20 13:13:59 INFO  clocks.c:455   because: remote clock was 42.8230 seconds
2025-10-20 13:13:59 INFO  clocks.c:456                          at iTOW = 134057386
2025-10-20 13:13:59 INFO  clocks.c:457              local clock is 42.7400 seconds
2025-10-20 13:13:59 INFO  clocks.c:458                          at iTOW = 134057295
2025-10-20 13:13:59 INFO  clocks.c:459         Estimated time of flight = -64 msec
2025-10-20 13:13:59 INFO  clocks.c:460                 Clock difference = -83 msec
2025-10-20 13:13:59 INFO  clocks.c:461       so local clock is lagging by  19 msec
2025-10-20 13:13:59 INFO  algorithms/waypoint.c:1104 Drift from waypoint is under threshold again
2025-10-20 13:13:59 WARN  algorithms/waypoint.c:1099 Drift from waypoint is large (3.09 > 3.00 m)
2025-10-20 13:13:59 INFO  algorithms/waypoint.c:1104 Drift from waypoint is under threshold again
2025-10-20 13:14:00 INFO  clocks.c:450 Local synchronized clock will be forwarded by 0.016 seconds
2025-10-20 13:14:00 INFO  clocks.c:455   because: remote clock was 44.4390 seconds
2025-10-20 13:14:00 INFO  clocks.c:456                          at iTOW = 134058987
2025-10-20 13:14:00 INFO  clocks.c:457              local clock is 44.3591 seconds
2025-10-20 13:14:00 INFO  clocks.c:458                          at iTOW = 134058895
2025-10-20 13:14:00 INFO  clocks.c:459         Estimated time of flight = -64 msec
2025-10-20 13:14:00 INFO  clocks.c:460                 Clock difference = -79 msec
2025-10-20 13:14:00 INFO  clocks.c:461       so local clock is lagging by  15 msec
2025-10-20 13:14:00 INFO  clocks.c:450 Local synchronized clock will be forwarded by 0.018 seconds
2025-10-20 13:14:00 INFO  clocks.c:455   because: remote clock was 44.5600 seconds
2025-10-20 13:14:00 INFO  clocks.c:456                          at iTOW = 134059087
2025-10-20 13:14:00 INFO  clocks.c:457              local clock is 44.4775 seconds
2025-10-20 13:14:00 INFO  clocks.c:458                          at iTOW = 134058997
2025-10-20 13:14:00 INFO  clocks.c:459         Estimated time of flight = -64 msec
2025-10-20 13:14:00 INFO  clocks.c:460                 Clock difference = -82 msec
2025-10-20 13:14:00 INFO  clocks.c:461       so local clock is lagging by  18 msec
2025-10-20 13:14:01 INFO  clocks.c:450 Local synchronized clock will be forwarded by 0.026 seconds
2025-10-20 13:14:01 INFO  clocks.c:455   because: remote clock was 44.6830 seconds
2025-10-20 13:14:01 INFO  clocks.c:456                          at iTOW = 134059188
2025-10-20 13:14:01 INFO  clocks.c:457              local clock is 44.5934 seconds
2025-10-20 13:14:01 INFO  clocks.c:458                          at iTOW = 134059095
2025-10-20 13:14:01 INFO  clocks.c:459         Estimated time of flight = -64 msec
2025-10-20 13:14:01 INFO  clocks.c:460                 Clock difference = -89 msec
2025-10-20 13:14:01 INFO  clocks.c:461       so local clock is lagging by  25 msec
2025-10-20 13:14:02 INFO  clocks.c:450 Local synchronized clock will be forwarded by 0.020 seconds
2025-10-20 13:14:02 INFO  clocks.c:455   because: remote clock was 46.4030 seconds
2025-10-20 13:14:02 INFO  clocks.c:456                          at iTOW = 134060878
2025-10-20 13:14:02 INFO  clocks.c:457              local clock is 46.3195 seconds
2025-10-20 13:14:02 INFO  clocks.c:458                          at iTOW = 134060795
2025-10-20 13:14:02 INFO  clocks.c:459         Estimated time of flight = -64 msec
2025-10-20 13:14:02 INFO  clocks.c:460                 Clock difference = -83 msec
2025-10-20 13:14:02 INFO  clocks.c:461       so local clock is lagging by  19 msec
2025-10-20 13:14:03 INFO  clocks.c:450 Local synchronized clock will be forwarded by 0.010 seconds
2025-10-20 13:14:03 INFO  clocks.c:455   because: remote clock was 47.1130 seconds
2025-10-20 13:14:03 INFO  clocks.c:456                          at iTOW = 134061588
2025-10-20 13:14:03 INFO  clocks.c:457              local clock is 47.0385 seconds
2025-10-20 13:14:03 INFO  clocks.c:458                          at iTOW = 134061495
2025-10-20 13:14:03 INFO  clocks.c:459         Estimated time of flight = -64 msec
2025-10-20 13:14:03 INFO  clocks.c:460                 Clock difference = -74 msec
2025-10-20 13:14:03 INFO  clocks.c:461       so local clock is lagging by  10 msec
2025-10-20 13:14:03 INFO  clocks.c:450 Local synchronized clock will be forwarded by 0.056 seconds
2025-10-20 13:14:03 INFO  clocks.c:455   because: remote clock was 47.6710 seconds
2025-10-20 13:14:03 INFO  clocks.c:456                          at iTOW = 134062090
2025-10-20 13:14:03 INFO  clocks.c:457              local clock is 47.5513 seconds
2025-10-20 13:14:03 INFO  clocks.c:458                          at iTOW = 134061997
2025-10-20 13:14:03 INFO  clocks.c:459         Estimated time of flight = -64 msec
2025-10-20 13:14:03 INFO  clocks.c:460                 Clock difference = -119 msec
2025-10-20 13:14:03 INFO  clocks.c:461       so local clock is lagging by  55 msec
2025-10-20 13:14:05 INFO  clocks.c:450 Local synchronized clock will be forwarded by 0.017 seconds
2025-10-20 13:14:05 INFO  clocks.c:455   because: remote clock was 49.0880 seconds
2025-10-20 13:14:05 INFO  clocks.c:456                          at iTOW = 134063457
2025-10-20 13:14:05 INFO  clocks.c:457              local clock is 49.0071 seconds
2025-10-20 13:14:05 INFO  clocks.c:458                          at iTOW = 134063397
2025-10-20 13:14:05 INFO  clocks.c:459         Estimated time of flight = -64 msec
2025-10-20 13:14:05 INFO  clocks.c:460                 Clock difference = -80 msec
2025-10-20 13:14:05 INFO  clocks.c:461       so local clock is lagging by  16 msec
2025-10-20 13:14:05 INFO  clocks.c:450 Local synchronized clock will be forwarded by 0.014 seconds
2025-10-20 13:14:05 INFO  clocks.c:455   because: remote clock was 49.3000 seconds
2025-10-20 13:14:05 INFO  clocks.c:456                          at iTOW = 134063669
2025-10-20 13:14:05 INFO  clocks.c:457              local clock is 49.2218 seconds
2025-10-20 13:14:05 INFO  clocks.c:458                          at iTOW = 134063595
2025-10-20 13:14:05 INFO  clocks.c:459         Estimated time of flight = -64 msec
2025-10-20 13:14:05 INFO  clocks.c:460                 Clock difference = -78 msec
2025-10-20 13:14:05 INFO  clocks.c:461       so local clock is lagging by  14 msec
2025-10-20 13:14:06 INFO  clocks.c:450 Local synchronized clock will be forwarded by 0.041 seconds
2025-10-20 13:14:06 INFO  clocks.c:455   because: remote clock was 49.8440 seconds
2025-10-20 13:14:06 INFO  clocks.c:456                          at iTOW = 134064181
2025-10-20 13:14:06 INFO  clocks.c:457              local clock is 49.7390 seconds
2025-10-20 13:14:06 INFO  clocks.c:458                          at iTOW = 134064098
2025-10-20 13:14:06 INFO  clocks.c:459         Estimated time of flight = -64 msec
2025-10-20 13:14:06 INFO  clocks.c:460                 Clock difference = -104 msec
2025-10-20 13:14:06 INFO  clocks.c:461       so local clock is lagging by  40 msec
2025-10-20 13:14:06 INFO  clocks.c:450 Local synchronized clock will be forwarded by 0.015 seconds
2025-10-20 13:14:06 INFO  clocks.c:455   because: remote clock was 50.1670 seconds
2025-10-20 13:14:06 INFO  clocks.c:456                          at iTOW = 134064490
2025-10-20 13:14:06 INFO  clocks.c:457              local clock is 50.0880 seconds
2025-10-20 13:14:06 INFO  clocks.c:458                          at iTOW = 134064406
2025-10-20 13:14:06 INFO  clocks.c:459         Estimated time of flight = -64 msec
2025-10-20 13:14:06 INFO  clocks.c:460                 Clock difference = -78 msec
2025-10-20 13:14:06 INFO  clocks.c:461       so local clock is lagging by  14 msec
2025-10-20 13:14:06 INFO  clocks.c:450 Local synchronized clock will be forwarded by 0.023 seconds
2025-10-20 13:14:06 INFO  clocks.c:455   because: remote clock was 50.4890 seconds
2025-10-20 13:14:06 INFO  clocks.c:456                          at iTOW = 134064795
2025-10-20 13:14:06 INFO  clocks.c:457              local clock is 50.4017 seconds
2025-10-20 13:14:06 INFO  clocks.c:458                          at iTOW = 134064705
2025-10-20 13:14:06 INFO  clocks.c:459         Estimated time of flight = -64 msec
2025-10-20 13:14:06 INFO  clocks.c:460                 Clock difference = -87 msec
2025-10-20 13:14:06 INFO  clocks.c:461       so local clock is lagging by  23 msec
2025-10-20 13:14:07 INFO  clocks.c:450 Local synchronized clock will be forwarded by 0.018 seconds
2025-10-20 13:14:07 INFO  clocks.c:455   because: remote clock was 50.8170 seconds
2025-10-20 13:14:07 INFO  clocks.c:456                          at iTOW = 134065098
2025-10-20 13:14:07 INFO  clocks.c:457              local clock is 50.7350 seconds
2025-10-20 13:14:07 INFO  clocks.c:458                          at iTOW = 134065015
2025-10-20 13:14:07 INFO  clocks.c:459         Estimated time of flight = -64 msec
2025-10-20 13:14:07 INFO  clocks.c:460                 Clock difference = -82 msec
2025-10-20 13:14:07 INFO  clocks.c:461       so local clock is lagging by  18 msec
2025-10-20 13:14:07 INFO  clocks.c:450 Local synchronized clock will be forwarded by 0.017 seconds
2025-10-20 13:14:07 INFO  clocks.c:455   because: remote clock was 50.9340 seconds
2025-10-20 13:14:07 INFO  clocks.c:456                          at iTOW = 134065198
2025-10-20 13:14:07 INFO  clocks.c:457              local clock is 50.8530 seconds
2025-10-20 13:14:07 INFO  clocks.c:458                          at iTOW = 134065115
2025-10-20 13:14:07 INFO  clocks.c:459         Estimated time of flight = -64 msec
2025-10-20 13:14:07 INFO  clocks.c:460                 Clock difference = -81 msec
2025-10-20 13:14:07 INFO  clocks.c:461       so local clock is lagging by  17 msec
2025-10-20 13:14:08 INFO  clocks.c:450 Local synchronized clock will be forwarded by 0.016 seconds
2025-10-20 13:14:08 INFO  clocks.c:455   because: remote clock was 52.0600 seconds
2025-10-20 13:14:08 INFO  clocks.c:456                          at iTOW = 134066294
2025-10-20 13:14:08 INFO  clocks.c:457              local clock is 51.9801 seconds
2025-10-20 13:14:08 INFO  clocks.c:458                          at iTOW = 134066225
2025-10-20 13:14:08 INFO  clocks.c:459         Estimated time of flight = -64 msec
2025-10-20 13:14:08 INFO  clocks.c:460                 Clock difference = -79 msec
2025-10-20 13:14:08 INFO  clocks.c:461       so local clock is lagging by  15 msec
2025-10-20 13:14:08 INFO  clocks.c:450 Local synchronized clock will be forwarded by 0.020 seconds
2025-10-20 13:14:08 INFO  clocks.c:455   because: remote clock was 52.1800 seconds
2025-10-20 13:14:08 INFO  clocks.c:456                          at iTOW = 134066414
2025-10-20 13:14:08 INFO  clocks.c:457              local clock is 52.0960 seconds
2025-10-20 13:14:08 INFO  clocks.c:458                          at iTOW = 134066325
2025-10-20 13:14:08 INFO  clocks.c:459         Estimated time of flight = -64 msec
2025-10-20 13:14:08 INFO  clocks.c:460                 Clock difference = -84 msec
2025-10-20 13:14:08 INFO  clocks.c:461       so local clock is lagging by  20 msec
2025-10-20 13:14:08 INFO  clocks.c:450 Local synchronized clock will be forwarded by 0.024 seconds
2025-10-20 13:14:08 INFO  clocks.c:455   because: remote clock was 52.4040 seconds
2025-10-20 13:14:08 INFO  clocks.c:456                          at iTOW = 134066617
2025-10-20 13:14:08 INFO  clocks.c:457              local clock is 52.3161 seconds
2025-10-20 13:14:08 INFO  clocks.c:458                          at iTOW = 134066525
2025-10-20 13:14:08 INFO  clocks.c:459         Estimated time of flight = -64 msec
2025-10-20 13:14:08 INFO  clocks.c:460                 Clock difference = -87 msec
2025-10-20 13:14:08 INFO  clocks.c:461       so local clock is lagging by  23 msec
2025-10-20 13:14:09 INFO  clocks.c:450 Local synchronized clock will be forwarded by 0.018 seconds
2025-10-20 13:14:09 INFO  clocks.c:455   because: remote clock was 53.1220 seconds
2025-10-20 13:14:09 INFO  clocks.c:456                          at iTOW = 134067316
2025-10-20 13:14:09 INFO  clocks.c:457              local clock is 53.0399 seconds
2025-10-20 13:14:09 INFO  clocks.c:458                          at iTOW = 134067225
2025-10-20 13:14:09 INFO  clocks.c:459         Estimated time of flight = -64 msec
2025-10-20 13:14:09 INFO  clocks.c:460                 Clock difference = -82 msec
2025-10-20 13:14:09 INFO  clocks.c:461       so local clock is lagging by  18 msec
2025-10-20 13:14:09 INFO  clocks.c:450 Local synchronized clock will be forwarded by 0.011 seconds
2025-10-20 13:14:09 INFO  clocks.c:455   because: remote clock was 53.4340 seconds
2025-10-20 13:14:09 INFO  clocks.c:456                          at iTOW = 134067617
2025-10-20 13:14:09 INFO  clocks.c:457              local clock is 53.3590 seconds
2025-10-20 13:14:09 INFO  clocks.c:458                          at iTOW = 134067526
2025-10-20 13:14:09 INFO  clocks.c:459         Estimated time of flight = -64 msec
2025-10-20 13:14:09 INFO  clocks.c:460                 Clock difference = -75 msec
2025-10-20 13:14:09 INFO  clocks.c:461       so local clock is lagging by  11 msec
2025-10-20 13:14:09 INFO  clocks.c:450 Local synchronized clock will be forwarded by 0.013 seconds
2025-10-20 13:14:09 INFO  clocks.c:455   because: remote clock was 53.6460 seconds
2025-10-20 13:14:09 INFO  clocks.c:456                          at iTOW = 134067817
2025-10-20 13:14:09 INFO  clocks.c:457              local clock is 53.5691 seconds
2025-10-20 13:14:09 INFO  clocks.c:458                          at iTOW = 134067725
2025-10-20 13:14:09 INFO  clocks.c:459         Estimated time of flight = -64 msec
2025-10-20 13:14:09 INFO  clocks.c:460                 Clock difference = -76 msec
2025-10-20 13:14:09 INFO  clocks.c:461       so local clock is lagging by  12 msec
2025-10-20 13:14:10 INFO  clocks.c:450 Local synchronized clock will be forwarded by 0.020 seconds
2025-10-20 13:14:10 INFO  clocks.c:455   because: remote clock was 54.7660 seconds
2025-10-20 13:14:10 INFO  clocks.c:456                          at iTOW = 134068916
2025-10-20 13:14:10 INFO  clocks.c:457              local clock is 54.6819 seconds
2025-10-20 13:14:10 INFO  clocks.c:458                          at iTOW = 134068825
2025-10-20 13:14:10 INFO  clocks.c:459         Estimated time of flight = -64 msec
2025-10-20 13:14:10 INFO  clocks.c:460                 Clock difference = -84 msec
2025-10-20 13:14:10 INFO  clocks.c:461       so local clock is lagging by  20 msec
2025-10-20 13:14:11 INFO  clocks.c:450 Local synchronized clock will be forwarded by 0.016 seconds
2025-10-20 13:14:11 INFO  clocks.c:455   because: remote clock was 55.0820 seconds
2025-10-20 13:14:11 INFO  clocks.c:456                          at iTOW = 134069217
2025-10-20 13:14:11 INFO  clocks.c:457              local clock is 55.0020 seconds
2025-10-20 13:14:11 INFO  clocks.c:458                          at iTOW = 134069125
2025-10-20 13:14:11 INFO  clocks.c:459         Estimated time of flight = -64 msec
2025-10-20 13:14:11 INFO  clocks.c:460                 Clock difference = -79 msec
2025-10-20 13:14:11 INFO  clocks.c:461       so local clock is lagging by  15 msec
2025-10-20 13:14:11 INFO  clocks.c:450 Local synchronized clock will be forwarded by 0.010 seconds
2025-10-20 13:14:11 INFO  clocks.c:455   because: remote clock was 55.4920 seconds
2025-10-20 13:14:11 INFO  clocks.c:456                          at iTOW = 134069615
2025-10-20 13:14:11 INFO  clocks.c:457              local clock is 55.4179 seconds
2025-10-20 13:14:11 INFO  clocks.c:458                          at iTOW = 134069525
2025-10-20 13:14:11 INFO  clocks.c:459         Estimated time of flight = -64 msec
2025-10-20 13:14:11 INFO  clocks.c:460                 Clock difference = -74 msec
2025-10-20 13:14:11 INFO  clocks.c:461       so local clock is lagging by  10 msec
2025-10-20 13:14:14 INFO  clocks.c:450 Local synchronized clock will be forwarded by 0.011 seconds
2025-10-20 13:14:14 INFO  clocks.c:455   because: remote clock was 58.1130 seconds
2025-10-20 13:14:14 INFO  clocks.c:456                          at iTOW = 134072224
2025-10-20 13:14:14 INFO  clocks.c:457              local clock is 58.0382 seconds
2025-10-20 13:14:14 INFO  clocks.c:458                          at iTOW = 134072135
2025-10-20 13:14:14 INFO  clocks.c:459         Estimated time of flight = -64 msec
2025-10-20 13:14:14 INFO  clocks.c:460                 Clock difference = -74 msec
2025-10-20 13:14:14 INFO  clocks.c:461       so local clock is lagging by  10 msec
2025-10-20 13:14:14 INFO  clocks.c:450 Local synchronized clock will be forwarded by 0.011 seconds
2025-10-20 13:14:14 INFO  clocks.c:455   because: remote clock was 58.9160 seconds
2025-10-20 13:14:14 INFO  clocks.c:456                          at iTOW = 134073011
2025-10-20 13:14:14 INFO  clocks.c:457              local clock is 58.8408 seconds
2025-10-20 13:14:14 INFO  clocks.c:458                          at iTOW = 134072927
2025-10-20 13:14:14 INFO  clocks.c:459         Estimated time of flight = -64 msec
2025-10-20 13:14:14 INFO  clocks.c:460                 Clock difference = -75 msec
2025-10-20 13:14:14 INFO  clocks.c:461       so local clock is lagging by  11 msec
2025-10-20 13:14:16 INFO  clocks.c:450 Local synchronized clock will be forwarded by 0.040 seconds
2025-10-20 13:14:16 INFO  clocks.c:455   because: remote clock was 60.3640 seconds
2025-10-20 13:14:16 INFO  clocks.c:456                          at iTOW = 134074426
2025-10-20 13:14:16 INFO  clocks.c:457              local clock is 60.2601 seconds
2025-10-20 13:14:16 INFO  clocks.c:458                          at iTOW = 134074335
2025-10-20 13:14:16 INFO  clocks.c:459         Estimated time of flight = -64 msec
2025-10-20 13:14:16 INFO  clocks.c:460                 Clock difference = -103 msec
2025-10-20 13:14:16 INFO  clocks.c:461       so local clock is lagging by  39 msec
2025-10-20 13:14:17 INFO  clocks.c:450 Local synchronized clock will be forwarded by 0.011 seconds
2025-10-20 13:14:17 INFO  clocks.c:455   because: remote clock was 61.0670 seconds
2025-10-20 13:14:17 INFO  clocks.c:456                          at iTOW = 134075111
2025-10-20 13:14:17 INFO  clocks.c:457              local clock is 60.9920 seconds
2025-10-20 13:14:17 INFO  clocks.c:458                          at iTOW = 134075027
2025-10-20 13:14:17 INFO  clocks.c:459         Estimated time of flight = -64 msec
2025-10-20 13:14:17 INFO  clocks.c:460                 Clock difference = -74 msec
2025-10-20 13:14:17 INFO  clocks.c:461       so local clock is lagging by  10 msec
2025-10-20 13:14:17 INFO  clocks.c:450 Local synchronized clock will be forwarded by 0.013 seconds
2025-10-20 13:14:17 INFO  clocks.c:455   because: remote clock was 61.3840 seconds
2025-10-20 13:14:17 INFO  clocks.c:456                          at iTOW = 134075415
2025-10-20 13:14:17 INFO  clocks.c:457              local clock is 61.3071 seconds
2025-10-20 13:14:17 INFO  clocks.c:458                          at iTOW = 134075331
2025-10-20 13:14:17 INFO  clocks.c:459         Estimated time of flight = -64 msec
2025-10-20 13:14:17 INFO  clocks.c:460                 Clock difference = -76 msec
2025-10-20 13:14:17 INFO  clocks.c:461       so local clock is lagging by  12 msec
2025-10-20 13:14:17 INFO  clocks.c:450 Local synchronized clock will be forwarded by 0.034 seconds
2025-10-20 13:14:17 INFO  clocks.c:455   because: remote clock was 62.0220 seconds
2025-10-20 13:14:17 INFO  clocks.c:456                          at iTOW = 134076020
2025-10-20 13:14:17 INFO  clocks.c:457              local clock is 61.9239 seconds
2025-10-20 13:14:17 INFO  clocks.c:458                          at iTOW = 134075935
2025-10-20 13:14:17 INFO  clocks.c:459         Estimated time of flight = -64 msec
2025-10-20 13:14:17 INFO  clocks.c:460                 Clock difference = -98 msec
2025-10-20 13:14:17 INFO  clocks.c:461       so local clock is lagging by  34 msec
2025-10-20 13:14:18 INFO  clocks.c:450 Local synchronized clock will be forwarded by 0.013 seconds
2025-10-20 13:14:18 INFO  clocks.c:455   because: remote clock was 62.9310 seconds
2025-10-20 13:14:18 INFO  clocks.c:456                          at iTOW = 134076919
2025-10-20 13:14:18 INFO  clocks.c:457              local clock is 62.8539 seconds
2025-10-20 13:14:18 INFO  clocks.c:458                          at iTOW = 134076831
2025-10-20 13:14:18 INFO  clocks.c:459         Estimated time of flight = -64 msec
2025-10-20 13:14:18 INFO  clocks.c:460                 Clock difference = -77 msec
2025-10-20 13:14:18 INFO  clocks.c:461       so local clock is lagging by  13 msec
2025-10-20 13:14:19 INFO  clocks.c:450 Local synchronized clock will be forwarded by 0.012 seconds
2025-10-20 13:14:19 INFO  clocks.c:455   because: remote clock was 63.2470 seconds
2025-10-20 13:14:19 INFO  clocks.c:456                          at iTOW = 134077221
2025-10-20 13:14:19 INFO  clocks.c:457              local clock is 63.1710 seconds
2025-10-20 13:14:19 INFO  clocks.c:458                          at iTOW = 134077135
2025-10-20 13:14:19 INFO  clocks.c:459         Estimated time of flight = -64 msec
2025-10-20 13:14:19 INFO  clocks.c:460                 Clock difference = -75 msec
2025-10-20 13:14:19 INFO  clocks.c:461       so local clock is lagging by  11 msec
2025-10-20 13:14:19 INFO  clocks.c:450 Local synchronized clock will be forwarded by 0.032 seconds
2025-10-20 13:14:19 INFO  clocks.c:455   because: remote clock was 63.4790 seconds
2025-10-20 13:14:19 INFO  clocks.c:456                          at iTOW = 134077421
2025-10-20 13:14:19 INFO  clocks.c:457              local clock is 63.3830 seconds
2025-10-20 13:14:19 INFO  clocks.c:458                          at iTOW = 134077335
2025-10-20 13:14:19 INFO  clocks.c:459         Estimated time of flight = -64 msec
2025-10-20 13:14:19 INFO  clocks.c:460                 Clock difference = -95 msec
2025-10-20 13:14:19 INFO  clocks.c:461       so local clock is lagging by  31 msec
2025-10-20 13:14:20 INFO  clocks.c:450 Local synchronized clock will be forwarded by 0.058 seconds
2025-10-20 13:14:20 INFO  clocks.c:455   because: remote clock was 64.3370 seconds
2025-10-20 13:14:20 INFO  clocks.c:456                          at iTOW = 134078228
2025-10-20 13:14:20 INFO  clocks.c:457              local clock is 64.2150 seconds
2025-10-20 13:14:20 INFO  clocks.c:458                          at iTOW = 134078135
2025-10-20 13:14:20 INFO  clocks.c:459         Estimated time of flight = -64 msec
2025-10-20 13:14:20 INFO  clocks.c:460                 Clock difference = -122 msec
2025-10-20 13:14:20 INFO  clocks.c:461       so local clock is lagging by  58 msec
2025-10-20 13:14:20 INFO  clocks.c:450 Local synchronized clock will be forwarded by 0.024 seconds
2025-10-20 13:14:20 INFO  clocks.c:455   because: remote clock was 64.9710 seconds
2025-10-20 13:14:20 INFO  clocks.c:456                          at iTOW = 134078835
2025-10-20 13:14:20 INFO  clocks.c:457              local clock is 64.8830 seconds
2025-10-20 13:14:20 INFO  clocks.c:458                          at iTOW = 134078745
2025-10-20 13:14:20 INFO  clocks.c:459         Estimated time of flight = -64 msec
2025-10-20 13:14:20 INFO  clocks.c:460                 Clock difference = -87 msec
2025-10-20 13:14:20 INFO  clocks.c:461       so local clock is lagging by  23 msec
2025-10-20 13:14:20 INFO  clocks.c:450 Local synchronized clock will be forwarded by 0.021 seconds
2025-10-20 13:14:20 INFO  clocks.c:455   because: remote clock was 65.0920 seconds
2025-10-20 13:14:20 INFO  clocks.c:456                          at iTOW = 134078915
2025-10-20 13:14:20 INFO  clocks.c:457              local clock is 65.0070 seconds
2025-10-20 13:14:20 INFO  clocks.c:458                          at iTOW = 134078845
2025-10-20 13:14:20 INFO  clocks.c:459         Estimated time of flight = -64 msec
2025-10-20 13:14:20 INFO  clocks.c:460                 Clock difference = -84 msec
2025-10-20 13:14:20 INFO  clocks.c:461       so local clock is lagging by  20 msec
2025-10-20 13:14:20 INFO  clocks.c:450 Local synchronized clock will be forwarded by 0.018 seconds
2025-10-20 13:14:20 INFO  clocks.c:455   because: remote clock was 65.2120 seconds
2025-10-20 13:14:20 INFO  clocks.c:456                          at iTOW = 134079035
2025-10-20 13:14:20 INFO  clocks.c:457              local clock is 65.1296 seconds
2025-10-20 13:14:20 INFO  clocks.c:458                          at iTOW = 134078946
2025-10-20 13:14:20 INFO  clocks.c:459         Estimated time of flight = -64 msec
2025-10-20 13:14:20 INFO  clocks.c:460                 Clock difference = -82 msec
2025-10-20 13:14:20 INFO  clocks.c:461       so local clock is lagging by  18 msec
2025-10-20 13:14:22 INFO  clocks.c:450 Local synchronized clock will be forwarded by 0.012 seconds
2025-10-20 13:14:22 INFO  clocks.c:455   because: remote clock was 66.6220 seconds
2025-10-20 13:14:22 INFO  clocks.c:456                          at iTOW = 134080434
2025-10-20 13:14:22 INFO  clocks.c:457              local clock is 66.5464 seconds
2025-10-20 13:14:22 INFO  clocks.c:458                          at iTOW = 134080345
2025-10-20 13:14:22 INFO  clocks.c:459         Estimated time of flight = -64 msec
2025-10-20 13:14:22 INFO  clocks.c:460                 Clock difference = -75 msec
2025-10-20 13:14:22 INFO  clocks.c:461       so local clock is lagging by  11 msec
2025-10-20 13:14:22 INFO  clocks.c:450 Local synchronized clock will be forwarded by 0.019 seconds
2025-10-20 13:14:22 INFO  clocks.c:455   because: remote clock was 67.0410 seconds
2025-10-20 13:14:22 INFO  clocks.c:456                          at iTOW = 134080835
2025-10-20 13:14:22 INFO  clocks.c:457              local clock is 66.9580 seconds
2025-10-20 13:14:22 INFO  clocks.c:458                          at iTOW = 134080745
2025-10-20 13:14:22 INFO  clocks.c:459         Estimated time of flight = -64 msec
2025-10-20 13:14:22 INFO  clocks.c:460                 Clock difference = -83 msec
2025-10-20 13:14:22 INFO  clocks.c:461       so local clock is lagging by  19 msec
2025-10-20 13:14:24 INFO  clocks.c:450 Local synchronized clock will be forwarded by 0.013 seconds
2025-10-20 13:14:24 INFO  clocks.c:455   because: remote clock was 68.5740 seconds
2025-10-20 13:14:24 INFO  clocks.c:456                          at iTOW = 134082352
2025-10-20 13:14:24 INFO  clocks.c:457              local clock is 68.4971 seconds
2025-10-20 13:14:24 INFO  clocks.c:458                          at iTOW = 134082265
2025-10-20 13:14:24 INFO  clocks.c:459         Estimated time of flight = -64 msec
2025-10-20 13:14:24 INFO  clocks.c:460                 Clock difference = -76 msec
2025-10-20 13:14:24 INFO  clocks.c:461       so local clock is lagging by  12 msec
2025-10-20 13:14:24 INFO  clocks.c:450 Local synchronized clock will be forwarded by 0.019 seconds
2025-10-20 13:14:24 INFO  clocks.c:455   because: remote clock was 68.7930 seconds
2025-10-20 13:14:24 INFO  clocks.c:456                          at iTOW = 134082555
2025-10-20 13:14:24 INFO  clocks.c:457              local clock is 68.7100 seconds
2025-10-20 13:14:24 INFO  clocks.c:458                          at iTOW = 134082465
2025-10-20 13:14:24 INFO  clocks.c:459         Estimated time of flight = -64 msec
2025-10-20 13:14:24 INFO  clocks.c:460                 Clock difference = -82 msec
2025-10-20 13:14:24 INFO  clocks.c:461       so local clock is lagging by  18 msec
2025-10-20 13:14:24 INFO  clocks.c:450 Local synchronized clock will be forwarded by 0.022 seconds
2025-10-20 13:14:24 INFO  clocks.c:455   because: remote clock was 68.9150 seconds
2025-10-20 13:14:24 INFO  clocks.c:456                          at iTOW = 134082656
2025-10-20 13:14:24 INFO  clocks.c:457              local clock is 68.8290 seconds
2025-10-20 13:14:24 INFO  clocks.c:458                          at iTOW = 134082565
2025-10-20 13:14:24 INFO  clocks.c:459         Estimated time of flight = -64 msec
2025-10-20 13:14:24 INFO  clocks.c:460                 Clock difference = -85 msec
2025-10-20 13:14:24 INFO  clocks.c:461       so local clock is lagging by  21 msec
2025-10-20 13:14:25 INFO  clocks.c:450 Local synchronized clock will be forwarded by 0.011 seconds
2025-10-20 13:14:25 INFO  clocks.c:455   because: remote clock was 69.8170 seconds
2025-10-20 13:14:25 INFO  clocks.c:456                          at iTOW = 134083545
2025-10-20 13:14:25 INFO  clocks.c:457              local clock is 69.7422 seconds
2025-10-20 13:14:25 INFO  clocks.c:458                          at iTOW = 134083456
2025-10-20 13:14:25 INFO  clocks.c:459         Estimated time of flight = -64 msec
2025-10-20 13:14:25 INFO  clocks.c:460                 Clock difference = -74 msec
2025-10-20 13:14:25 INFO  clocks.c:461       so local clock is lagging by  10 msec
2025-10-20 13:14:25 INFO  clocks.c:450 Local synchronized clock will be forwarded by 0.024 seconds
2025-10-20 13:14:25 INFO  clocks.c:455   because: remote clock was 70.3440 seconds
2025-10-20 13:14:25 INFO  clocks.c:456                          at iTOW = 134084048
2025-10-20 13:14:25 INFO  clocks.c:457              local clock is 70.2561 seconds
2025-10-20 13:14:25 INFO  clocks.c:458                          at iTOW = 134083959
2025-10-20 13:14:25 INFO  clocks.c:459         Estimated time of flight = -64 msec
2025-10-20 13:14:25 INFO  clocks.c:460                 Clock difference = -87 msec
2025-10-20 13:14:25 INFO  clocks.c:461       so local clock is lagging by  23 msec
2025-10-20 13:14:26 INFO  clocks.c:450 Local synchronized clock will be forwarded by 0.010 seconds
2025-10-20 13:14:26 INFO  clocks.c:455   because: remote clock was 70.8560 seconds
2025-10-20 13:14:26 INFO  clocks.c:456                          at iTOW = 134084549
2025-10-20 13:14:26 INFO  clocks.c:457              local clock is 70.7816 seconds
2025-10-20 13:14:26 INFO  clocks.c:458                          at iTOW = 134084461
2025-10-20 13:14:26 INFO  clocks.c:459         Estimated time of flight = -64 msec
2025-10-20 13:14:26 INFO  clocks.c:460                 Clock difference = -74 msec
2025-10-20 13:14:26 INFO  clocks.c:461       so local clock is lagging by  10 msec
2025-10-20 13:14:26 INFO  clocks.c:450 Local synchronized clock will be forwarded by 0.013 seconds
2025-10-20 13:14:26 INFO  clocks.c:455   because: remote clock was 71.0690 seconds
2025-10-20 13:14:26 INFO  clocks.c:456                          at iTOW = 134084749
2025-10-20 13:14:26 INFO  clocks.c:457              local clock is 70.9923 seconds
2025-10-20 13:14:26 INFO  clocks.c:458                          at iTOW = 134084661
2025-10-20 13:14:26 INFO  clocks.c:459         Estimated time of flight = -64 msec
2025-10-20 13:14:26 INFO  clocks.c:460                 Clock difference = -76 msec
2025-10-20 13:14:26 INFO  clocks.c:461       so local clock is lagging by  12 msec
2025-10-20 13:14:26 INFO  clocks.c:450 Local synchronized clock will be forwarded by 0.015 seconds
2025-10-20 13:14:26 INFO  clocks.c:455   because: remote clock was 71.1840 seconds
2025-10-20 13:14:26 INFO  clocks.c:456                          at iTOW = 134084850
2025-10-20 13:14:26 INFO  clocks.c:457              local clock is 71.1047 seconds
2025-10-20 13:14:26 INFO  clocks.c:458                          at iTOW = 134084761
2025-10-20 13:14:26 INFO  clocks.c:459         Estimated time of flight = -64 msec
2025-10-20 13:14:26 INFO  clocks.c:460                 Clock difference = -79 msec
2025-10-20 13:14:26 INFO  clocks.c:461       so local clock is lagging by  15 msec
2025-10-20 13:14:27 INFO  clocks.c:450 Local synchronized clock will be forwarded by 0.018 seconds
2025-10-20 13:14:27 INFO  clocks.c:455   because: remote clock was 71.7060 seconds
2025-10-20 13:14:27 INFO  clocks.c:456                          at iTOW = 134085330
2025-10-20 13:14:27 INFO  clocks.c:457              local clock is 71.6242 seconds
2025-10-20 13:14:27 INFO  clocks.c:458                          at iTOW = 134085265
2025-10-20 13:14:27 INFO  clocks.c:459         Estimated time of flight = -64 msec
2025-10-20 13:14:27 INFO  clocks.c:460                 Clock difference = -81 msec
2025-10-20 13:14:27 INFO  clocks.c:461       so local clock is lagging by  17 msec
2025-10-20 13:14:27 INFO  clocks.c:450 Local synchronized clock will be forwarded by 0.023 seconds
2025-10-20 13:14:27 INFO  clocks.c:455   because: remote clock was 72.4290 seconds
2025-10-20 13:14:27 INFO  clocks.c:456                          at iTOW = 134086053
2025-10-20 13:14:27 INFO  clocks.c:457              local clock is 72.3420 seconds
2025-10-20 13:14:27 INFO  clocks.c:458                          at iTOW = 134085965
2025-10-20 13:14:27 INFO  clocks.c:459         Estimated time of flight = -64 msec
2025-10-20 13:14:27 INFO  clocks.c:460                 Clock difference = -87 msec
2025-10-20 13:14:27 INFO  clocks.c:461       so local clock is lagging by  23 msec
2025-10-20 13:14:28 INFO  clocks.c:450 Local synchronized clock will be forwarded by 0.031 seconds
2025-10-20 13:14:28 INFO  clocks.c:455   because: remote clock was 72.6610 seconds
2025-10-20 13:14:28 INFO  clocks.c:456                          at iTOW = 134086260
2025-10-20 13:14:28 INFO  clocks.c:457              local clock is 72.5664 seconds
2025-10-20 13:14:28 INFO  clocks.c:458                          at iTOW = 134086166
2025-10-20 13:14:28 INFO  clocks.c:459         Estimated time of flight = -64 msec
2025-10-20 13:14:28 INFO  clocks.c:460                 Clock difference = -94 msec
2025-10-20 13:14:28 INFO  clocks.c:461       so local clock is lagging by  30 msec
2025-10-20 13:14:28 INFO  clocks.c:450 Local synchronized clock will be forwarded by 0.017 seconds
2025-10-20 13:14:28 INFO  clocks.c:455   because: remote clock was 72.8770 seconds
2025-10-20 13:14:28 INFO  clocks.c:456                          at iTOW = 134086442
2025-10-20 13:14:28 INFO  clocks.c:457              local clock is 72.7959 seconds
2025-10-20 13:14:28 INFO  clocks.c:458                          at iTOW = 134086365
2025-10-20 13:14:28 INFO  clocks.c:459         Estimated time of flight = -64 msec
2025-10-20 13:14:28 INFO  clocks.c:460                 Clock difference = -81 msec
2025-10-20 13:14:28 INFO  clocks.c:461       so local clock is lagging by  17 msec
2025-10-20 13:14:28 INFO  clocks.c:450 Local synchronized clock will be forwarded by 0.018 seconds
2025-10-20 13:14:28 INFO  clocks.c:455   because: remote clock was 73.2950 seconds
2025-10-20 13:14:28 INFO  clocks.c:456                          at iTOW = 134086843
2025-10-20 13:14:28 INFO  clocks.c:457              local clock is 73.2128 seconds
2025-10-20 13:14:28 INFO  clocks.c:458                          at iTOW = 134086765
2025-10-20 13:14:28 INFO  clocks.c:459         Estimated time of flight = -64 msec
2025-10-20 13:14:28 INFO  clocks.c:460                 Clock difference = -82 msec
2025-10-20 13:14:28 INFO  clocks.c:461       so local clock is lagging by  18 msec
2025-10-20 13:14:29 INFO  clocks.c:450 Local synchronized clock will be forwarded by 0.033 seconds
2025-10-20 13:14:29 INFO  clocks.c:455   because: remote clock was 73.8480 seconds
2025-10-20 13:14:29 INFO  clocks.c:456                          at iTOW = 134087351
2025-10-20 13:14:29 INFO  clocks.c:457              local clock is 73.7510 seconds
2025-10-20 13:14:29 INFO  clocks.c:458                          at iTOW = 134087285
2025-10-20 13:14:29 INFO  clocks.c:459         Estimated time of flight = -64 msec
2025-10-20 13:14:29 INFO  clocks.c:460                 Clock difference = -97 msec
2025-10-20 13:14:29 INFO  clocks.c:461       so local clock is lagging by  33 msec
2025-10-20 13:14:29 INFO  clocks.c:450 Local synchronized clock will be forwarded by 0.012 seconds
2025-10-20 13:14:29 INFO  clocks.c:455   because: remote clock was 74.1510 seconds
2025-10-20 13:14:29 INFO  clocks.c:456                          at iTOW = 134087654
2025-10-20 13:14:29 INFO  clocks.c:457              local clock is 74.0754 seconds
2025-10-20 13:14:29 INFO  clocks.c:458                          at iTOW = 134087576
2025-10-20 13:14:29 INFO  clocks.c:459         Estimated time of flight = -64 msec
2025-10-20 13:14:29 INFO  clocks.c:460                 Clock difference = -75 msec
2025-10-20 13:14:29 INFO  clocks.c:461       so local clock is lagging by  11 msec
2025-10-20 13:14:29 INFO  clocks.c:450 Local synchronized clock will be forwarded by 0.012 seconds
2025-10-20 13:14:29 INFO  clocks.c:455   because: remote clock was 74.3620 seconds
2025-10-20 13:14:29 INFO  clocks.c:456                          at iTOW = 134087865
2025-10-20 13:14:29 INFO  clocks.c:457              local clock is 74.2856 seconds
2025-10-20 13:14:29 INFO  clocks.c:458                          at iTOW = 134087775
2025-10-20 13:14:29 INFO  clocks.c:459         Estimated time of flight = -64 msec
2025-10-20 13:14:29 INFO  clocks.c:460                 Clock difference = -76 msec
2025-10-20 13:14:29 INFO  clocks.c:461       so local clock is lagging by  12 msec
2025-10-20 13:14:30 INFO  clocks.c:450 Local synchronized clock will be forwarded by 0.030 seconds
2025-10-20 13:14:30 INFO  clocks.c:455   because: remote clock was 75.1020 seconds
2025-10-20 13:14:30 INFO  clocks.c:456                          at iTOW = 134088579
2025-10-20 13:14:30 INFO  clocks.c:457              local clock is 75.0084 seconds
2025-10-20 13:14:30 INFO  clocks.c:458                          at iTOW = 134088485
2025-10-20 13:14:30 INFO  clocks.c:459         Estimated time of flight = -64 msec
2025-10-20 13:14:30 INFO  clocks.c:460                 Clock difference = -93 msec
2025-10-20 13:14:30 INFO  clocks.c:461       so local clock is lagging by  29 msec
2025-10-20 13:14:30 INFO  clocks.c:450 Local synchronized clock will be forwarded by 0.015 seconds
2025-10-20 13:14:30 INFO  clocks.c:455   because: remote clock was 75.4230 seconds
2025-10-20 13:14:30 INFO  clocks.c:456                          at iTOW = 134088882
2025-10-20 13:14:30 INFO  clocks.c:457              local clock is 75.3441 seconds
2025-10-20 13:14:30 INFO  clocks.c:458                          at iTOW = 134088791
2025-10-20 13:14:30 INFO  clocks.c:459         Estimated time of flight = -64 msec
2025-10-20 13:14:30 INFO  clocks.c:460                 Clock difference = -78 msec
2025-10-20 13:14:30 INFO  clocks.c:461       so local clock is lagging by  14 msec
2025-10-20 13:14:31 INFO  clocks.c:450 Local synchronized clock will be forwarded by 0.016 seconds
2025-10-20 13:14:31 INFO  clocks.c:455   because: remote clock was 76.1430 seconds
2025-10-20 13:14:31 INFO  clocks.c:456                          at iTOW = 134089587
2025-10-20 13:14:31 INFO  clocks.c:457              local clock is 76.0626 seconds
2025-10-20 13:14:31 INFO  clocks.c:458                          at iTOW = 134089495
2025-10-20 13:14:31 INFO  clocks.c:459         Estimated time of flight = -64 msec
2025-10-20 13:14:31 INFO  clocks.c:460                 Clock difference = -80 msec
2025-10-20 13:14:31 INFO  clocks.c:461       so local clock is lagging by  16 msec
2025-10-20 13:14:32 INFO  clocks.c:450 Local synchronized clock will be forwarded by 0.013 seconds
2025-10-20 13:14:32 INFO  clocks.c:455   because: remote clock was 76.8530 seconds
2025-10-20 13:14:32 INFO  clocks.c:456                          at iTOW = 134090273
2025-10-20 13:14:32 INFO  clocks.c:457              local clock is 76.7757 seconds
2025-10-20 13:14:32 INFO  clocks.c:458                          at iTOW = 134090192
2025-10-20 13:14:32 INFO  clocks.c:459         Estimated time of flight = -64 msec
2025-10-20 13:14:32 INFO  clocks.c:460                 Clock difference = -77 msec
2025-10-20 13:14:32 INFO  clocks.c:461       so local clock is lagging by  13 msec
2025-10-20 13:14:32 INFO  clocks.c:450 Local synchronized clock will be forwarded by 0.028 seconds
2025-10-20 13:14:32 INFO  clocks.c:455   because: remote clock was 77.0790 seconds
2025-10-20 13:14:32 INFO  clocks.c:456                          at iTOW = 134090474
2025-10-20 13:14:32 INFO  clocks.c:457              local clock is 76.9874 seconds
2025-10-20 13:14:32 INFO  clocks.c:458                          at iTOW = 134090390
2025-10-20 13:14:32 INFO  clocks.c:459         Estimated time of flight = -64 msec
2025-10-20 13:14:32 INFO  clocks.c:460                 Clock difference = -91 msec
2025-10-20 13:14:32 INFO  clocks.c:461       so local clock is lagging by  27 msec
2025-10-20 13:14:32 INFO  clocks.c:450 Local synchronized clock will be forwarded by 0.035 seconds
2025-10-20 13:14:32 INFO  clocks.c:455   because: remote clock was 77.5150 seconds
2025-10-20 13:14:32 INFO  clocks.c:456                          at iTOW = 134090876
2025-10-20 13:14:32 INFO  clocks.c:457              local clock is 77.4161 seconds
2025-10-20 13:14:32 INFO  clocks.c:458                          at iTOW = 134090791
2025-10-20 13:14:32 INFO  clocks.c:459         Estimated time of flight = -64 msec
2025-10-20 13:14:32 INFO  clocks.c:460                 Clock difference = -98 msec
2025-10-20 13:14:32 INFO  clocks.c:461       so local clock is lagging by  34 msec
2025-10-20 13:14:32 INFO  clocks.c:450 Local synchronized clock will be forwarded by 0.013 seconds
2025-10-20 13:14:32 INFO  clocks.c:455   because: remote clock was 77.6280 seconds
2025-10-20 13:14:32 INFO  clocks.c:456                          at iTOW = 134090976
2025-10-20 13:14:32 INFO  clocks.c:457              local clock is 77.5507 seconds
2025-10-20 13:14:32 INFO  clocks.c:458                          at iTOW = 134090891
2025-10-20 13:14:32 INFO  clocks.c:459         Estimated time of flight = -64 msec
2025-10-20 13:14:32 INFO  clocks.c:460                 Clock difference = -77 msec
2025-10-20 13:14:32 INFO  clocks.c:461       so local clock is lagging by  13 msec
2025-10-20 13:14:32 INFO  clocks.c:450 Local synchronized clock will be forwarded by 0.037 seconds
2025-10-20 13:14:32 INFO  clocks.c:455   because: remote clock was 77.7660 seconds
2025-10-20 13:14:32 INFO  clocks.c:456                          at iTOW = 134091077
2025-10-20 13:14:32 INFO  clocks.c:457              local clock is 77.6650 seconds
2025-10-20 13:14:32 INFO  clocks.c:458                          at iTOW = 134090992
2025-10-20 13:14:32 INFO  clocks.c:459         Estimated time of flight = -64 msec
2025-10-20 13:14:32 INFO  clocks.c:460                 Clock difference = -101 msec
2025-10-20 13:14:32 INFO  clocks.c:461       so local clock is lagging by  37 msec
2025-10-20 13:14:33 INFO  clocks.c:450 Local synchronized clock will be forwarded by 0.012 seconds
2025-10-20 13:14:33 INFO  clocks.c:455   because: remote clock was 77.8810 seconds
2025-10-20 13:14:33 INFO  clocks.c:456                          at iTOW = 134091177
2025-10-20 13:14:33 INFO  clocks.c:457              local clock is 77.8051 seconds
2025-10-20 13:14:33 INFO  clocks.c:458                          at iTOW = 134091095
2025-10-20 13:14:33 INFO  clocks.c:459         Estimated time of flight = -64 msec
2025-10-20 13:14:33 INFO  clocks.c:460                 Clock difference = -75 msec
2025-10-20 13:14:33 INFO  clocks.c:461       so local clock is lagging by  11 msec
2025-10-20 13:14:33 INFO  clocks.c:450 Local synchronized clock will be forwarded by 0.035 seconds
2025-10-20 13:14:33 INFO  clocks.c:455   because: remote clock was 78.5220 seconds
2025-10-20 13:14:33 INFO  clocks.c:456                          at iTOW = 134091796
2025-10-20 13:14:33 INFO  clocks.c:457              local clock is 78.4229 seconds
2025-10-20 13:14:33 INFO  clocks.c:458                          at iTOW = 134091701
2025-10-20 13:14:33 INFO  clocks.c:459         Estimated time of flight = -64 msec
2025-10-20 13:14:33 INFO  clocks.c:460                 Clock difference = -99 msec
2025-10-20 13:14:33 INFO  clocks.c:461       so local clock is lagging by  35 msec
2025-10-20 13:14:34 INFO  clocks.c:450 Local synchronized clock will be forwarded by 0.018 seconds
2025-10-20 13:14:34 INFO  clocks.c:455   because: remote clock was 78.9340 seconds
2025-10-20 13:14:34 INFO  clocks.c:456                          at iTOW = 134092185
2025-10-20 13:14:34 INFO  clocks.c:457              local clock is 78.8521 seconds
2025-10-20 13:14:34 INFO  clocks.c:458                          at iTOW = 134092095
2025-10-20 13:14:34 INFO  clocks.c:459         Estimated time of flight = -64 msec
2025-10-20 13:14:34 INFO  clocks.c:460                 Clock difference = -81 msec
2025-10-20 13:14:34 INFO  clocks.c:461       so local clock is lagging by  17 msec
2025-10-20 13:14:34 INFO  clocks.c:450 Local synchronized clock will be forwarded by 0.042 seconds
2025-10-20 13:14:34 INFO  clocks.c:455   because: remote clock was 79.3840 seconds
2025-10-20 13:14:34 INFO  clocks.c:456                          at iTOW = 134092583
2025-10-20 13:14:34 INFO  clocks.c:457              local clock is 79.2784 seconds
2025-10-20 13:14:34 INFO  clocks.c:458                          at iTOW = 134092503
2025-10-20 13:14:34 INFO  clocks.c:459         Estimated time of flight = -64 msec
2025-10-20 13:14:34 INFO  clocks.c:460                 Clock difference = -105 msec
2025-10-20 13:14:34 INFO  clocks.c:461       so local clock is lagging by  41 msec
2025-10-20 13:14:35 INFO  clocks.c:450 Local synchronized clock will be forwarded by 0.016 seconds
2025-10-20 13:14:35 INFO  clocks.c:455   because: remote clock was 80.0930 seconds
2025-10-20 13:14:35 INFO  clocks.c:456                          at iTOW = 134093280
2025-10-20 13:14:35 INFO  clocks.c:457              local clock is 80.0127 seconds
2025-10-20 13:14:35 INFO  clocks.c:458                          at iTOW = 134093196
2025-10-20 13:14:35 INFO  clocks.c:459         Estimated time of flight = -64 msec
2025-10-20 13:14:35 INFO  clocks.c:460                 Clock difference = -80 msec
2025-10-20 13:14:35 INFO  clocks.c:461       so local clock is lagging by  16 msec
2025-10-20 13:14:35 INFO  clocks.c:450 Local synchronized clock will be forwarded by 0.012 seconds
2025-10-20 13:14:35 INFO  clocks.c:455   because: remote clock was 80.3050 seconds
2025-10-20 13:14:35 INFO  clocks.c:456                          at iTOW = 134093481
2025-10-20 13:14:35 INFO  clocks.c:457              local clock is 80.2290 seconds
2025-10-20 13:14:35 INFO  clocks.c:458                          at iTOW = 134093396
2025-10-20 13:14:35 INFO  clocks.c:459         Estimated time of flight = -64 msec
2025-10-20 13:14:35 INFO  clocks.c:460                 Clock difference = -76 msec
2025-10-20 13:14:35 INFO  clocks.c:461       so local clock is lagging by  12 msec
2025-10-20 13:14:35 INFO  clocks.c:450 Local synchronized clock will be forwarded by 0.015 seconds
2025-10-20 13:14:35 INFO  clocks.c:455   because: remote clock was 80.6220 seconds
2025-10-20 13:14:35 INFO  clocks.c:456                          at iTOW = 134093782
2025-10-20 13:14:35 INFO  clocks.c:457              local clock is 80.5428 seconds
2025-10-20 13:14:35 INFO  clocks.c:458                          at iTOW = 134093698
2025-10-20 13:14:35 INFO  clocks.c:459         Estimated time of flight = -64 msec
2025-10-20 13:14:35 INFO  clocks.c:460                 Clock difference = -79 msec
2025-10-20 13:14:35 INFO  clocks.c:461       so local clock is lagging by  15 msec
2025-10-20 13:14:36 INFO  clocks.c:450 Local synchronized clock will be forwarded by 0.014 seconds
2025-10-20 13:14:36 INFO  clocks.c:455   because: remote clock was 81.0410 seconds
2025-10-20 13:14:36 INFO  clocks.c:456                          at iTOW = 134094184
2025-10-20 13:14:36 INFO  clocks.c:457              local clock is 80.9626 seconds
2025-10-20 13:14:36 INFO  clocks.c:458                          at iTOW = 134094102
2025-10-20 13:14:36 INFO  clocks.c:459         Estimated time of flight = -64 msec
2025-10-20 13:14:36 INFO  clocks.c:460                 Clock difference = -78 msec
2025-10-20 13:14:36 INFO  clocks.c:461       so local clock is lagging by  14 msec
2025-10-20 13:14:36 INFO  clocks.c:450 Local synchronized clock will be forwarded by 0.025 seconds
2025-10-20 13:14:36 INFO  clocks.c:455   because: remote clock was 81.4760 seconds
2025-10-20 13:14:36 INFO  clocks.c:456                          at iTOW = 134094601
2025-10-20 13:14:36 INFO  clocks.c:457              local clock is 81.3867 seconds
2025-10-20 13:14:36 INFO  clocks.c:458                          at iTOW = 134094512
2025-10-20 13:14:36 INFO  clocks.c:459         Estimated time of flight = -64 msec
2025-10-20 13:14:36 INFO  clocks.c:460                 Clock difference = -89 msec
2025-10-20 13:14:36 INFO  clocks.c:461       so local clock is lagging by  25 msec
2025-10-20 13:14:36 INFO  clocks.c:450 Local synchronized clock will be forwarded by 0.026 seconds
2025-10-20 13:14:36 INFO  clocks.c:455   because: remote clock was 81.6030 seconds
2025-10-20 13:14:36 INFO  clocks.c:456                          at iTOW = 134094702
2025-10-20 13:14:36 INFO  clocks.c:457              local clock is 81.5128 seconds
2025-10-20 13:14:36 INFO  clocks.c:458                          at iTOW = 134094613
2025-10-20 13:14:36 INFO  clocks.c:459         Estimated time of flight = -64 msec
2025-10-20 13:14:36 INFO  clocks.c:460                 Clock difference = -90 msec
2025-10-20 13:14:36 INFO  clocks.c:461       so local clock is lagging by  26 msec
2025-10-20 13:14:37 INFO  clocks.c:450 Local synchronized clock will be forwarded by 0.042 seconds
2025-10-20 13:14:37 INFO  clocks.c:455   because: remote clock was 82.1470 seconds
2025-10-20 13:14:37 INFO  clocks.c:456                          at iTOW = 134095203
2025-10-20 13:14:37 INFO  clocks.c:457              local clock is 82.0411 seconds
2025-10-20 13:14:37 INFO  clocks.c:458                          at iTOW = 134095115
2025-10-20 13:14:37 INFO  clocks.c:459         Estimated time of flight = -64 msec
2025-10-20 13:14:37 INFO  clocks.c:460                 Clock difference = -105 msec
2025-10-20 13:14:37 INFO  clocks.c:461       so local clock is lagging by  41 msec
2025-10-20 13:14:37 INFO  clocks.c:450 Local synchronized clock will be forwarded by 0.014 seconds
2025-10-20 13:14:37 INFO  clocks.c:455   because: remote clock was 82.2580 seconds
2025-10-20 13:14:37 INFO  clocks.c:456                          at iTOW = 134095272
2025-10-20 13:14:37 INFO  clocks.c:457              local clock is 82.1796 seconds
2025-10-20 13:14:37 INFO  clocks.c:458                          at iTOW = 134095211
2025-10-20 13:14:37 INFO  clocks.c:459         Estimated time of flight = -64 msec
2025-10-20 13:14:37 INFO  clocks.c:460                 Clock difference = -78 msec
2025-10-20 13:14:37 INFO  clocks.c:461       so local clock is lagging by  14 msec
2025-10-20 13:14:37 INFO  clocks.c:450 Local synchronized clock will be forwarded by 0.024 seconds
2025-10-20 13:14:37 INFO  clocks.c:455   because: remote clock was 82.9840 seconds
2025-10-20 13:14:37 INFO  clocks.c:456                          at iTOW = 134095998
2025-10-20 13:14:37 INFO  clocks.c:457              local clock is 82.8962 seconds
2025-10-20 13:14:37 INFO  clocks.c:458                          at iTOW = 134095914
2025-10-20 13:14:37 INFO  clocks.c:459         Estimated time of flight = -64 msec
2025-10-20 13:14:37 INFO  clocks.c:460                 Clock difference = -87 msec
2025-10-20 13:14:37 INFO  clocks.c:461       so local clock is lagging by  23 msec
2025-10-20 13:14:38 INFO  clocks.c:450 Local synchronized clock will be forwarded by 0.021 seconds
2025-10-20 13:14:38 INFO  clocks.c:455   because: remote clock was 83.1040 seconds
2025-10-20 13:14:38 INFO  clocks.c:456                          at iTOW = 134096098
2025-10-20 13:14:38 INFO  clocks.c:457              local clock is 83.0193 seconds
2025-10-20 13:14:38 INFO  clocks.c:458                          at iTOW = 134096013
2025-10-20 13:14:38 INFO  clocks.c:459         Estimated time of flight = -64 msec
2025-10-20 13:14:38 INFO  clocks.c:460                 Clock difference = -84 msec
2025-10-20 13:14:38 INFO  clocks.c:461       so local clock is lagging by  20 msec
2025-10-20 13:14:38 INFO  clocks.c:450 Local synchronized clock will be forwarded by 0.028 seconds
2025-10-20 13:14:38 INFO  clocks.c:455   because: remote clock was 83.5340 seconds
2025-10-20 13:14:38 INFO  clocks.c:456                          at iTOW = 134096505
2025-10-20 13:14:38 INFO  clocks.c:457              local clock is 83.4419 seconds
2025-10-20 13:14:38 INFO  clocks.c:458                          at iTOW = 134096415
2025-10-20 13:14:38 INFO  clocks.c:459         Estimated time of flight = -64 msec
2025-10-20 13:14:38 INFO  clocks.c:460                 Clock difference = -92 msec
2025-10-20 13:14:38 INFO  clocks.c:461       so local clock is lagging by  28 msec
2025-10-20 13:14:38 INFO  clocks.c:450 Local synchronized clock will be forwarded by 0.027 seconds
2025-10-20 13:14:38 INFO  clocks.c:455   because: remote clock was 83.7670 seconds
2025-10-20 13:14:38 INFO  clocks.c:456                          at iTOW = 134096707
2025-10-20 13:14:38 INFO  clocks.c:457              local clock is 83.6757 seconds
2025-10-20 13:14:38 INFO  clocks.c:458                          at iTOW = 134096621
2025-10-20 13:14:38 INFO  clocks.c:459         Estimated time of flight = -64 msec
2025-10-20 13:14:38 INFO  clocks.c:460                 Clock difference = -91 msec
2025-10-20 13:14:38 INFO  clocks.c:461       so local clock is lagging by  27 msec
2025-10-20 13:14:39 INFO  clocks.c:450 Local synchronized clock will be forwarded by 0.027 seconds
2025-10-20 13:14:39 INFO  clocks.c:455   because: remote clock was 84.2960 seconds
2025-10-20 13:14:39 INFO  clocks.c:456                          at iTOW = 134097208
2025-10-20 13:14:39 INFO  clocks.c:457              local clock is 84.2051 seconds
2025-10-20 13:14:39 INFO  clocks.c:458                          at iTOW = 134097123
2025-10-20 13:14:39 INFO  clocks.c:459         Estimated time of flight = -64 msec
2025-10-20 13:14:39 INFO  clocks.c:460                 Clock difference = -90 msec
2025-10-20 13:14:39 INFO  clocks.c:461       so local clock is lagging by  26 msec
2025-10-20 13:14:39 INFO  clocks.c:450 Local synchronized clock will be forwarded by 0.037 seconds
2025-10-20 13:14:39 INFO  clocks.c:455   because: remote clock was 84.8300 seconds
2025-10-20 13:14:39 INFO  clocks.c:456                          at iTOW = 134097692
2025-10-20 13:14:39 INFO  clocks.c:457              local clock is 84.7291 seconds
2025-10-20 13:14:39 INFO  clocks.c:458                          at iTOW = 134097620
2025-10-20 13:14:39 INFO  clocks.c:459         Estimated time of flight = -64 msec
2025-10-20 13:14:39 INFO  clocks.c:460                 Clock difference = -100 msec
2025-10-20 13:14:39 INFO  clocks.c:461       so local clock is lagging by  36 msec
2025-10-20 13:14:39 INFO  clocks.c:450 Local synchronized clock will be forwarded by 0.035 seconds
2025-10-20 13:14:39 INFO  clocks.c:455   because: remote clock was 85.0660 seconds
2025-10-20 13:14:39 INFO  clocks.c:456                          at iTOW = 134097913
2025-10-20 13:14:39 INFO  clocks.c:457              local clock is 84.9672 seconds
2025-10-20 13:14:39 INFO  clocks.c:458                          at iTOW = 134097821
2025-10-20 13:14:39 INFO  clocks.c:459         Estimated time of flight = -64 msec
2025-10-20 13:14:39 INFO  clocks.c:460                 Clock difference = -98 msec
2025-10-20 13:14:39 INFO  clocks.c:461       so local clock is lagging by  34 msec
2025-10-20 13:14:40 INFO  clocks.c:450 Local synchronized clock will be forwarded by 0.019 seconds
2025-10-20 13:14:40 INFO  clocks.c:455   because: remote clock was 86.1860 seconds
2025-10-20 13:14:40 INFO  clocks.c:456                          at iTOW = 134099005
2025-10-20 13:14:40 INFO  clocks.c:457              local clock is 86.1028 seconds
2025-10-20 13:14:40 INFO  clocks.c:458                          at iTOW = 134098922
2025-10-20 13:14:40 INFO  clocks.c:459         Estimated time of flight = -64 msec
2025-10-20 13:14:40 INFO  clocks.c:460                 Clock difference = -83 msec
2025-10-20 13:14:40 INFO  clocks.c:461       so local clock is lagging by  19 msec
2025-10-20 13:14:41 INFO  clocks.c:450 Local synchronized clock will be forwarded by 0.023 seconds
2025-10-20 13:14:41 INFO  clocks.c:455   because: remote clock was 86.5120 seconds
2025-10-20 13:14:41 INFO  clocks.c:456                          at iTOW = 134099311
2025-10-20 13:14:41 INFO  clocks.c:457              local clock is 86.4254 seconds
2025-10-20 13:14:41 INFO  clocks.c:458                          at iTOW = 134099225
2025-10-20 13:14:41 INFO  clocks.c:459         Estimated time of flight = -64 msec
2025-10-20 13:14:41 INFO  clocks.c:460                 Clock difference = -86 msec
2025-10-20 13:14:41 INFO  clocks.c:461       so local clock is lagging by  22 msec
2025-10-20 13:14:41 INFO  clocks.c:450 Local synchronized clock will be forwarded by 0.025 seconds
2025-10-20 13:14:41 INFO  clocks.c:455   because: remote clock was 86.6370 seconds
2025-10-20 13:14:41 INFO  clocks.c:456                          at iTOW = 134099411
2025-10-20 13:14:41 INFO  clocks.c:457              local clock is 86.5477 seconds
2025-10-20 13:14:41 INFO  clocks.c:458                          at iTOW = 134099325
2025-10-20 13:14:41 INFO  clocks.c:459         Estimated time of flight = -64 msec
2025-10-20 13:14:41 INFO  clocks.c:460                 Clock difference = -89 msec
2025-10-20 13:14:41 INFO  clocks.c:461       so local clock is lagging by  25 msec
2025-10-20 13:14:41 INFO  clocks.c:450 Local synchronized clock will be forwarded by 0.028 seconds
2025-10-20 13:14:41 INFO  clocks.c:455   because: remote clock was 86.9650 seconds
2025-10-20 13:14:41 INFO  clocks.c:456                          at iTOW = 134099715
2025-10-20 13:14:41 INFO  clocks.c:457              local clock is 86.8731 seconds
2025-10-20 13:14:41 INFO  clocks.c:458                          at iTOW = 134099625
2025-10-20 13:14:41 INFO  clocks.c:459         Estimated time of flight = -64 msec
2025-10-20 13:14:41 INFO  clocks.c:460                 Clock difference = -91 msec
2025-10-20 13:14:41 INFO  clocks.c:461       so local clock is lagging by  27 msec
2025-10-20 13:14:41 INFO  clocks.c:450 Local synchronized clock will be forwarded by 0.033 seconds
2025-10-20 13:14:41 INFO  clocks.c:455   because: remote clock was 87.2980 seconds
2025-10-20 13:14:41 INFO  clocks.c:456                          at iTOW = 134100017
2025-10-20 13:14:41 INFO  clocks.c:457              local clock is 87.2009 seconds
2025-10-20 13:14:41 INFO  clocks.c:458                          at iTOW = 134099925
2025-10-20 13:14:41 INFO  clocks.c:459         Estimated time of flight = -64 msec
2025-10-20 13:14:41 INFO  clocks.c:460                 Clock difference = -97 msec
2025-10-20 13:14:41 INFO  clocks.c:461       so local clock is lagging by  33 msec
2025-10-20 13:14:42 INFO  clocks.c:450 Local synchronized clock will be forwarded by 0.010 seconds
2025-10-20 13:14:42 INFO  clocks.c:455   because: remote clock was 87.7090 seconds
2025-10-20 13:14:42 INFO  clocks.c:456                          at iTOW = 134100413
2025-10-20 13:14:42 INFO  clocks.c:457              local clock is 87.6346 seconds
2025-10-20 13:14:42 INFO  clocks.c:458                          at iTOW = 134100325
2025-10-20 13:14:42 INFO  clocks.c:459         Estimated time of flight = -64 msec
2025-10-20 13:14:42 INFO  clocks.c:460                 Clock difference = -74 msec
2025-10-20 13:14:42 INFO  clocks.c:461       so local clock is lagging by  10 msec
2025-10-20 13:14:43 INFO  clocks.c:450 Local synchronized clock will be forwarded by 0.018 seconds
2025-10-20 13:14:43 INFO  clocks.c:455   because: remote clock was 88.4320 seconds
2025-10-20 13:14:43 INFO  clocks.c:456                          at iTOW = 134101123
2025-10-20 13:14:43 INFO  clocks.c:457              local clock is 88.3503 seconds
2025-10-20 13:14:43 INFO  clocks.c:458                          at iTOW = 134101031
2025-10-20 13:14:43 INFO  clocks.c:459         Estimated time of flight = -64 msec
2025-10-20 13:14:43 INFO  clocks.c:460                 Clock difference = -81 msec
2025-10-20 13:14:43 INFO  clocks.c:461       so local clock is lagging by  17 msec
2025-10-20 13:14:44 INFO  autopilots/pixhawk/driver.c:1721 statustext: RCInput: decoding UNKNOWN (severity: 7 - DEBUG)
2025-10-20 13:14:44 INFO  clocks.c:450 Local synchronized clock will be forwarded by 0.053 seconds
2025-10-20 13:14:44 INFO  clocks.c:455   because: remote clock was 90.1870 seconds
2025-10-20 13:14:44 INFO  clocks.c:456                          at iTOW = 134102825
2025-10-20 13:14:44 INFO  clocks.c:457              local clock is 90.0700 seconds
2025-10-20 13:14:44 INFO  clocks.c:458                          at iTOW = 134102733
2025-10-20 13:14:44 INFO  clocks.c:459         Estimated time of flight = -64 msec
2025-10-20 13:14:44 INFO  clocks.c:460                 Clock difference = -116 msec
2025-10-20 13:14:44 INFO  clocks.c:461       so local clock is lagging by  52 msec
2025-10-20 13:14:44 INFO  clocks.c:450 Local synchronized clock will be forwarded by 0.026 seconds
2025-10-20 13:14:44 INFO  clocks.c:455   because: remote clock was 90.4140 seconds
2025-10-20 13:14:44 INFO  clocks.c:456                          at iTOW = 134103025
2025-10-20 13:14:44 INFO  clocks.c:457              local clock is 90.3239 seconds
2025-10-20 13:14:44 INFO  clocks.c:458                          at iTOW = 134102934
2025-10-20 13:14:44 INFO  clocks.c:459         Estimated time of flight = -64 msec
2025-10-20 13:14:44 INFO  clocks.c:460                 Clock difference = -90 msec
2025-10-20 13:14:44 INFO  clocks.c:461       so local clock is lagging by  26 msec
2025-10-20 13:14:45 INFO  clocks.c:450 Local synchronized clock will be forwarded by 0.026 seconds
2025-10-20 13:14:45 INFO  clocks.c:455   because: remote clock was 91.1410 seconds
2025-10-20 13:14:45 INFO  clocks.c:456                          at iTOW = 134103723
2025-10-20 13:14:45 INFO  clocks.c:457              local clock is 91.0514 seconds
2025-10-20 13:14:45 INFO  clocks.c:458                          at iTOW = 134103635
2025-10-20 13:14:45 INFO  clocks.c:459         Estimated time of flight = -64 msec
2025-10-20 13:14:45 INFO  clocks.c:460                 Clock difference = -89 msec
2025-10-20 13:14:45 INFO  clocks.c:461       so local clock is lagging by  25 msec
2025-10-20 13:14:45 INFO  clocks.c:450 Local synchronized clock will be forwarded by 0.030 seconds
2025-10-20 13:14:45 INFO  clocks.c:455   because: remote clock was 91.4710 seconds
2025-10-20 13:14:45 INFO  clocks.c:456                          at iTOW = 134104024
2025-10-20 13:14:45 INFO  clocks.c:457              local clock is 91.3770 seconds
2025-10-20 13:14:45 INFO  clocks.c:458                          at iTOW = 134103935
2025-10-20 13:14:45 INFO  clocks.c:459         Estimated time of flight = -64 msec
2025-10-20 13:14:45 INFO  clocks.c:460                 Clock difference = -94 msec
2025-10-20 13:14:45 INFO  clocks.c:461       so local clock is lagging by  30 msec
2025-10-20 13:14:46 INFO  clocks.c:450 Local synchronized clock will be forwarded by 0.034 seconds
2025-10-20 13:14:46 INFO  clocks.c:455   because: remote clock was 91.7050 seconds
2025-10-20 13:14:46 INFO  clocks.c:456                          at iTOW = 134104228
2025-10-20 13:14:46 INFO  clocks.c:457              local clock is 91.6068 seconds
2025-10-20 13:14:46 INFO  clocks.c:458                          at iTOW = 134104135
2025-10-20 13:14:46 INFO  clocks.c:459         Estimated time of flight = -64 msec
2025-10-20 13:14:46 INFO  clocks.c:460                 Clock difference = -98 msec
2025-10-20 13:14:46 INFO  clocks.c:461       so local clock is lagging by  34 msec
2025-10-20 13:14:46 INFO  clocks.c:450 Local synchronized clock will be forwarded by 0.013 seconds
2025-10-20 13:14:46 INFO  clocks.c:455   because: remote clock was 91.9280 seconds
2025-10-20 13:14:46 INFO  clocks.c:456                          at iTOW = 134104431
2025-10-20 13:14:46 INFO  clocks.c:457              local clock is 91.8506 seconds
2025-10-20 13:14:46 INFO  clocks.c:458                          at iTOW = 134104344
2025-10-20 13:14:46 INFO  clocks.c:459         Estimated time of flight = -64 msec
2025-10-20 13:14:46 INFO  clocks.c:460                 Clock difference = -77 msec
2025-10-20 13:14:46 INFO  clocks.c:461       so local clock is lagging by  13 msec
2025-10-20 13:14:46 INFO  clocks.c:450 Local synchronized clock will be forwarded by 0.028 seconds
2025-10-20 13:14:46 INFO  clocks.c:455   because: remote clock was 92.0570 seconds
2025-10-20 13:14:46 INFO  clocks.c:456                          at iTOW = 134104533
2025-10-20 13:14:46 INFO  clocks.c:457              local clock is 91.9646 seconds
2025-10-20 13:14:46 INFO  clocks.c:458                          at iTOW = 134104445
2025-10-20 13:14:46 INFO  clocks.c:459         Estimated time of flight = -64 msec
2025-10-20 13:14:46 INFO  clocks.c:460                 Clock difference = -92 msec
2025-10-20 13:14:46 INFO  clocks.c:461       so local clock is lagging by  28 msec
2025-10-20 13:14:46 INFO  clocks.c:450 Local synchronized clock will be forwarded by 0.034 seconds
2025-10-20 13:14:46 INFO  clocks.c:455   because: remote clock was 92.1910 seconds
2025-10-20 13:14:46 INFO  clocks.c:456                          at iTOW = 134104633
2025-10-20 13:14:46 INFO  clocks.c:457              local clock is 92.0930 seconds
2025-10-20 13:14:46 INFO  clocks.c:458                          at iTOW = 134104545
2025-10-20 13:14:46 INFO  clocks.c:459         Estimated time of flight = -64 msec
2025-10-20 13:14:46 INFO  clocks.c:460                 Clock difference = -98 msec
2025-10-20 13:14:46 INFO  clocks.c:461       so local clock is lagging by  34 msec
2025-10-20 13:14:46 INFO  clocks.c:450 Local synchronized clock will be forwarded by 0.015 seconds
2025-10-20 13:14:46 INFO  clocks.c:455   because: remote clock was 92.3060 seconds
2025-10-20 13:14:46 INFO  clocks.c:456                          at iTOW = 134104738
2025-10-20 13:14:46 INFO  clocks.c:457              local clock is 92.2271 seconds
2025-10-20 13:14:46 INFO  clocks.c:458                          at iTOW = 134104645
2025-10-20 13:14:46 INFO  clocks.c:459         Estimated time of flight = -64 msec
2025-10-20 13:14:46 INFO  clocks.c:460                 Clock difference = -78 msec
2025-10-20 13:14:46 INFO  clocks.c:461       so local clock is lagging by  14 msec
2025-10-20 13:14:46 INFO  clocks.c:450 Local synchronized clock will be forwarded by 0.017 seconds
2025-10-20 13:14:46 INFO  clocks.c:455   because: remote clock was 92.5220 seconds
2025-10-20 13:14:46 INFO  clocks.c:456                          at iTOW = 134104938
2025-10-20 13:14:46 INFO  clocks.c:457              local clock is 92.4407 seconds
2025-10-20 13:14:46 INFO  clocks.c:458                          at iTOW = 134104844
2025-10-20 13:14:46 INFO  clocks.c:459         Estimated time of flight = -64 msec
2025-10-20 13:14:46 INFO  clocks.c:460                 Clock difference = -81 msec
2025-10-20 13:14:46 INFO  clocks.c:461       so local clock is lagging by  17 msec
2025-10-20 13:14:49 INFO  clocks.c:450 Local synchronized clock will be forwarded by 0.017 seconds
2025-10-20 13:14:49 INFO  clocks.c:455   because: remote clock was 94.7500 seconds
2025-10-20 13:14:49 INFO  clocks.c:456                          at iTOW = 134107147
2025-10-20 13:14:49 INFO  clocks.c:457              local clock is 94.6692 seconds
2025-10-20 13:14:49 INFO  clocks.c:458                          at iTOW = 134107055
2025-10-20 13:14:49 INFO  clocks.c:459         Estimated time of flight = -64 msec
2025-10-20 13:14:49 INFO  clocks.c:460                 Clock difference = -80 msec
2025-10-20 13:14:49 INFO  clocks.c:461       so local clock is lagging by  16 msec
2025-10-20 13:14:49 INFO  clocks.c:450 Local synchronized clock will be forwarded by 0.019 seconds
2025-10-20 13:14:49 INFO  clocks.c:455   because: remote clock was 95.2690 seconds
2025-10-20 13:14:49 INFO  clocks.c:456                          at iTOW = 134107632
2025-10-20 13:14:49 INFO  clocks.c:457              local clock is 95.1860 seconds
2025-10-20 13:14:49 INFO  clocks.c:458                          at iTOW = 134107555
2025-10-20 13:14:49 INFO  clocks.c:459         Estimated time of flight = -64 msec
2025-10-20 13:14:49 INFO  clocks.c:460                 Clock difference = -82 msec
2025-10-20 13:14:49 INFO  clocks.c:461       so local clock is lagging by  18 msec
2025-10-20 13:14:51 INFO  clocks.c:450 Local synchronized clock will be forwarded by 0.010 seconds
2025-10-20 13:14:51 INFO  clocks.c:455   because: remote clock was 96.7870 seconds
2025-10-20 13:14:51 INFO  clocks.c:456                          at iTOW = 134109153
2025-10-20 13:14:51 INFO  clocks.c:457              local clock is 96.7128 seconds
2025-10-20 13:14:51 INFO  clocks.c:458                          at iTOW = 134109063
2025-10-20 13:14:51 INFO  clocks.c:459         Estimated time of flight = -64 msec
2025-10-20 13:14:51 INFO  clocks.c:460                 Clock difference = -74 msec
2025-10-20 13:14:51 INFO  clocks.c:461       so local clock is lagging by  10 msec
2025-10-20 13:14:51 INFO  clocks.c:450 Local synchronized clock will be forwarded by 0.019 seconds
2025-10-20 13:14:51 INFO  clocks.c:455   because: remote clock was 96.9080 seconds
2025-10-20 13:14:51 INFO  clocks.c:456                          at iTOW = 134109254
2025-10-20 13:14:51 INFO  clocks.c:457              local clock is 96.8252 seconds
2025-10-20 13:14:51 INFO  clocks.c:458                          at iTOW = 134109165
2025-10-20 13:14:51 INFO  clocks.c:459         Estimated time of flight = -64 msec
2025-10-20 13:14:51 INFO  clocks.c:460                 Clock difference = -82 msec
2025-10-20 13:14:51 INFO  clocks.c:461       so local clock is lagging by  18 msec
2025-10-20 13:14:51 INFO  clocks.c:450 Local synchronized clock will be forwarded by 0.019 seconds
2025-10-20 13:14:51 INFO  clocks.c:455   because: remote clock was 97.0270 seconds
2025-10-20 13:14:51 INFO  clocks.c:456                          at iTOW = 134109354
2025-10-20 13:14:51 INFO  clocks.c:457              local clock is 96.9440 seconds
2025-10-20 13:14:51 INFO  clocks.c:458                          at iTOW = 134109265
2025-10-20 13:14:51 INFO  clocks.c:459         Estimated time of flight = -64 msec
2025-10-20 13:14:51 INFO  clocks.c:460                 Clock difference = -82 msec
2025-10-20 13:14:51 INFO  clocks.c:461       so local clock is lagging by  18 msec
2025-10-20 13:14:51 INFO  clocks.c:450 Local synchronized clock will be forwarded by 0.025 seconds
2025-10-20 13:14:51 INFO  clocks.c:455   because: remote clock was 97.3520 seconds
2025-10-20 13:14:51 INFO  clocks.c:456                          at iTOW = 134109659
2025-10-20 13:14:51 INFO  clocks.c:457              local clock is 97.2630 seconds
2025-10-20 13:14:51 INFO  clocks.c:458                          at iTOW = 134109565
2025-10-20 13:14:51 INFO  clocks.c:459         Estimated time of flight = -64 msec
2025-10-20 13:14:51 INFO  clocks.c:460                 Clock difference = -88 msec
2025-10-20 13:14:51 INFO  clocks.c:461       so local clock is lagging by  24 msec
2025-10-20 13:14:51 INFO  clocks.c:450 Local synchronized clock will be forwarded by 0.029 seconds
2025-10-20 13:14:51 INFO  clocks.c:455   because: remote clock was 97.5810 seconds
2025-10-20 13:14:51 INFO  clocks.c:456                          at iTOW = 134109860
2025-10-20 13:14:51 INFO  clocks.c:457              local clock is 97.4880 seconds
2025-10-20 13:14:51 INFO  clocks.c:458                          at iTOW = 134109765
2025-10-20 13:14:51 INFO  clocks.c:459         Estimated time of flight = -64 msec
2025-10-20 13:14:51 INFO  clocks.c:460                 Clock difference = -93 msec
2025-10-20 13:14:51 INFO  clocks.c:461       so local clock is lagging by  29 msec
2025-10-20 13:14:52 INFO  clocks.c:450 Local synchronized clock will be forwarded by 0.014 seconds
2025-10-20 13:14:52 INFO  clocks.c:455   because: remote clock was 98.1950 seconds
2025-10-20 13:14:52 INFO  clocks.c:456                          at iTOW = 134110444
2025-10-20 13:14:52 INFO  clocks.c:457              local clock is 98.1170 seconds
2025-10-20 13:14:52 INFO  clocks.c:458                          at iTOW = 134110365
2025-10-20 13:14:52 INFO  clocks.c:459         Estimated time of flight = -64 msec
2025-10-20 13:14:52 INFO  clocks.c:460                 Clock difference = -77 msec
2025-10-20 13:14:52 INFO  clocks.c:461       so local clock is lagging by  13 msec
2025-10-20 13:14:52 INFO  clocks.c:450 Local synchronized clock will be forwarded by 0.031 seconds
2025-10-20 13:14:52 INFO  clocks.c:455   because: remote clock was 98.5260 seconds
2025-10-20 13:14:52 INFO  clocks.c:456                          at iTOW = 134110755
2025-10-20 13:14:52 INFO  clocks.c:457              local clock is 98.4309 seconds
2025-10-20 13:14:52 INFO  clocks.c:458                          at iTOW = 134110665
2025-10-20 13:14:52 INFO  clocks.c:459         Estimated time of flight = -64 msec
2025-10-20 13:14:52 INFO  clocks.c:460                 Clock difference = -95 msec
2025-10-20 13:14:52 INFO  clocks.c:461       so local clock is lagging by  31 msec
2025-10-20 13:14:53 INFO  clocks.c:450 Local synchronized clock will be forwarded by 0.025 seconds
2025-10-20 13:14:53 INFO  clocks.c:455   because: remote clock was 99.0510 seconds
2025-10-20 13:14:53 INFO  clocks.c:456                          at iTOW = 134111259
2025-10-20 13:14:53 INFO  clocks.c:457              local clock is 98.9620 seconds
2025-10-20 13:14:53 INFO  clocks.c:458                          at iTOW = 134111165
2025-10-20 13:14:53 INFO  clocks.c:459         Estimated time of flight = -64 msec
2025-10-20 13:14:53 INFO  clocks.c:460                 Clock difference = -88 msec
2025-10-20 13:14:53 INFO  clocks.c:461       so local clock is lagging by  24 msec
2025-10-20 13:14:54 INFO  autopilots/pixhawk/driver.c:1721 statustext: RCInput: decoding UNKNOWN (severity: 7 - DEBUG)
2025-10-20 13:14:54 INFO  autopilots/pixhawk/driver.c:1721 statustext: RCInput: decoding PX4IO_PPM (severity: 7 - DEBUG)
2025-10-20 13:14:55 INFO  clocks.c:450 Local synchronized clock will be forwarded by 0.029 seconds
2025-10-20 13:14:55 INFO  clocks.c:455   because: remote clock was 101.0800 seconds
2025-10-20 13:14:55 INFO  clocks.c:456                          at iTOW = 134113245
2025-10-20 13:14:55 INFO  clocks.c:457              local clock is 100.9870 seconds
2025-10-20 13:14:55 INFO  clocks.c:458                          at iTOW = 134113165
2025-10-20 13:14:55 INFO  clocks.c:459         Estimated time of flight = -64 msec
2025-10-20 13:14:55 INFO  clocks.c:460                 Clock difference = -93 msec
2025-10-20 13:14:55 INFO  clocks.c:461       so local clock is lagging by  29 msec
2025-10-20 13:14:56 INFO  clocks.c:450 Local synchronized clock will be forwarded by 0.044 seconds
2025-10-20 13:14:56 INFO  clocks.c:455   because: remote clock was 102.1460 seconds
2025-10-20 13:14:56 INFO  clocks.c:456                          at iTOW = 134114275
2025-10-20 13:14:56 INFO  clocks.c:457              local clock is 102.0382 seconds
2025-10-20 13:14:56 INFO  clocks.c:458                          at iTOW = 134114187
2025-10-20 13:14:56 INFO  clocks.c:459         Estimated time of flight = -64 msec
2025-10-20 13:14:56 INFO  clocks.c:460                 Clock difference = -107 msec
2025-10-20 13:14:56 INFO  clocks.c:461       so local clock is lagging by  43 msec
2025-10-20 13:14:56 INFO  clocks.c:450 Local synchronized clock will be forwarded by 0.025 seconds
2025-10-20 13:14:56 INFO  clocks.c:455   because: remote clock was 102.4690 seconds
2025-10-20 13:14:56 INFO  clocks.c:456                          at iTOW = 134114576
2025-10-20 13:14:56 INFO  clocks.c:457              local clock is 102.3798 seconds
2025-10-20 13:14:56 INFO  clocks.c:458                          at iTOW = 134114485
2025-10-20 13:14:56 INFO  clocks.c:459         Estimated time of flight = -64 msec
2025-10-20 13:14:56 INFO  clocks.c:460                 Clock difference = -89 msec
2025-10-20 13:14:56 INFO  clocks.c:461       so local clock is lagging by  25 msec
2025-10-20 13:14:56 INFO  clocks.c:450 Local synchronized clock will be forwarded by 0.049 seconds
2025-10-20 13:14:56 INFO  clocks.c:455   because: remote clock was 102.7180 seconds
2025-10-20 13:14:56 INFO  clocks.c:456                          at iTOW = 134114779
2025-10-20 13:14:56 INFO  clocks.c:457              local clock is 102.6050 seconds
2025-10-20 13:14:56 INFO  clocks.c:458                          at iTOW = 134114685
2025-10-20 13:14:56 INFO  clocks.c:459         Estimated time of flight = -64 msec
2025-10-20 13:14:56 INFO  clocks.c:460                 Clock difference = -112 msec
2025-10-20 13:14:56 INFO  clocks.c:461       so local clock is lagging by  48 msec
2025-10-20 13:14:56 INFO  clocks.c:450 Local synchronized clock will be forwarded by 0.018 seconds
2025-10-20 13:14:56 INFO  clocks.c:455   because: remote clock was 102.9440 seconds
2025-10-20 13:14:56 INFO  clocks.c:456                          at iTOW = 134114981
2025-10-20 13:14:56 INFO  clocks.c:457              local clock is 102.8616 seconds
2025-10-20 13:14:56 INFO  clocks.c:458                          at iTOW = 134114892
2025-10-20 13:14:56 INFO  clocks.c:459         Estimated time of flight = -64 msec
2025-10-20 13:14:56 INFO  clocks.c:460                 Clock difference = -82 msec
2025-10-20 13:14:56 INFO  clocks.c:461       so local clock is lagging by  18 msec
2025-10-20 13:14:56 INFO  clocks.c:450 Local synchronized clock will be forwarded by 0.024 seconds
2025-10-20 13:14:56 INFO  clocks.c:455   because: remote clock was 103.0660 seconds
2025-10-20 13:14:56 INFO  clocks.c:456                          at iTOW = 134115081
2025-10-20 13:14:56 INFO  clocks.c:457              local clock is 102.9783 seconds
2025-10-20 13:14:56 INFO  clocks.c:458                          at iTOW = 134114991
2025-10-20 13:14:56 INFO  clocks.c:459         Estimated time of flight = -64 msec
2025-10-20 13:14:56 INFO  clocks.c:460                 Clock difference = -87 msec
2025-10-20 13:14:56 INFO  clocks.c:461       so local clock is lagging by  23 msec
2025-10-20 13:14:57 INFO  clocks.c:450 Local synchronized clock will be forwarded by 0.029 seconds
2025-10-20 13:14:57 INFO  clocks.c:455   because: remote clock was 103.7960 seconds
2025-10-20 13:14:57 INFO  clocks.c:456                          at iTOW = 134115787
2025-10-20 13:14:57 INFO  clocks.c:457              local clock is 103.7034 seconds
2025-10-20 13:14:57 INFO  clocks.c:458                          at iTOW = 134115692
2025-10-20 13:14:57 INFO  clocks.c:459         Estimated time of flight = -64 msec
2025-10-20 13:14:57 INFO  clocks.c:460                 Clock difference = -92 msec
2025-10-20 13:14:57 INFO  clocks.c:461       so local clock is lagging by  28 msec
2025-10-20 13:14:58 INFO  clocks.c:450 Local synchronized clock will be forwarded by 0.011 seconds
2025-10-20 13:14:58 INFO  clocks.c:455   because: remote clock was 104.5040 seconds
2025-10-20 13:14:58 INFO  clocks.c:456                          at iTOW = 134116475
2025-10-20 13:14:58 INFO  clocks.c:457              local clock is 104.4294 seconds
2025-10-20 13:14:58 INFO  clocks.c:458                          at iTOW = 134116389
2025-10-20 13:14:58 INFO  clocks.c:459         Estimated time of flight = -64 msec
2025-10-20 13:14:58 INFO  clocks.c:460                 Clock difference = -74 msec
2025-10-20 13:14:58 INFO  clocks.c:461       so local clock is lagging by  10 msec
2025-10-20 13:14:58 INFO  clocks.c:450 Local synchronized clock will be forwarded by 0.018 seconds
2025-10-20 13:14:58 INFO  clocks.c:455   because: remote clock was 104.9230 seconds
2025-10-20 13:14:58 INFO  clocks.c:456                          at iTOW = 134116876
2025-10-20 13:14:58 INFO  clocks.c:457              local clock is 104.8409 seconds
2025-10-20 13:14:58 INFO  clocks.c:458                          at iTOW = 134116790
2025-10-20 13:14:58 INFO  clocks.c:459         Estimated time of flight = -64 msec
2025-10-20 13:14:58 INFO  clocks.c:460                 Clock difference = -82 msec
2025-10-20 13:14:58 INFO  clocks.c:461       so local clock is lagging by  18 msec
2025-10-20 13:14:59 INFO  clocks.c:450 Local synchronized clock will be forwarded by 0.013 seconds
2025-10-20 13:14:59 INFO  clocks.c:455   because: remote clock was 105.8410 seconds
2025-10-20 13:14:59 INFO  clocks.c:456                          at iTOW = 134117783
2025-10-20 13:14:59 INFO  clocks.c:457              local clock is 105.7636 seconds
2025-10-20 13:14:59 INFO  clocks.c:458                          at iTOW = 134117695
2025-10-20 13:14:59 INFO  clocks.c:459         Estimated time of flight = -64 msec
2025-10-20 13:14:59 INFO  clocks.c:460                 Clock difference = -77 msec
2025-10-20 13:14:59 INFO  clocks.c:461       so local clock is lagging by  13 msec
2025-10-20 13:15:00 INFO  clocks.c:450 Local synchronized clock will be forwarded by 0.017 seconds
2025-10-20 13:15:00 INFO  clocks.c:455   because: remote clock was 106.6580 seconds
2025-10-20 13:15:00 INFO  clocks.c:456                          at iTOW = 134118564
2025-10-20 13:15:00 INFO  clocks.c:457              local clock is 106.5770 seconds
2025-10-20 13:15:00 INFO  clocks.c:458                          at iTOW = 134118495
2025-10-20 13:15:00 INFO  clocks.c:459         Estimated time of flight = -64 msec
2025-10-20 13:15:00 INFO  clocks.c:460                 Clock difference = -81 msec
2025-10-20 13:15:00 INFO  clocks.c:461       so local clock is lagging by  17 msec
2025-10-20 13:15:00 INFO  clocks.c:450 Local synchronized clock will be forwarded by 0.035 seconds
2025-10-20 13:15:00 INFO  clocks.c:455   because: remote clock was 107.0930 seconds
2025-10-20 13:15:00 INFO  clocks.c:456                          at iTOW = 134118987
2025-10-20 13:15:00 INFO  clocks.c:457              local clock is 106.9940 seconds
2025-10-20 13:15:00 INFO  clocks.c:458                          at iTOW = 134118895
2025-10-20 13:15:00 INFO  clocks.c:459         Estimated time of flight = -64 msec
2025-10-20 13:15:00 INFO  clocks.c:460                 Clock difference = -98 msec
2025-10-20 13:15:00 INFO  clocks.c:461       so local clock is lagging by  34 msec
2025-10-20 13:15:01 INFO  clocks.c:450 Local synchronized clock will be forwarded by 0.019 seconds
2025-10-20 13:15:01 INFO  clocks.c:455   because: remote clock was 107.9120 seconds
2025-10-20 13:15:01 INFO  clocks.c:456                          at iTOW = 134119782
2025-10-20 13:15:01 INFO  clocks.c:457              local clock is 107.8290 seconds
2025-10-20 13:15:01 INFO  clocks.c:458                          at iTOW = 134119695
2025-10-20 13:15:01 INFO  clocks.c:459         Estimated time of flight = -64 msec
2025-10-20 13:15:01 INFO  clocks.c:460                 Clock difference = -82 msec
2025-10-20 13:15:01 INFO  clocks.c:461       so local clock is lagging by  18 msec
2025-10-20 13:15:01 INFO  clocks.c:450 Local synchronized clock will be forwarded by 0.021 seconds
2025-10-20 13:15:01 INFO  clocks.c:455   because: remote clock was 108.1330 seconds
2025-10-20 13:15:01 INFO  clocks.c:456                          at iTOW = 134119983
2025-10-20 13:15:01 INFO  clocks.c:457              local clock is 108.0484 seconds
2025-10-20 13:15:01 INFO  clocks.c:458                          at iTOW = 134119895
2025-10-20 13:15:01 INFO  clocks.c:459         Estimated time of flight = -64 msec
2025-10-20 13:15:01 INFO  clocks.c:460                 Clock difference = -84 msec
2025-10-20 13:15:01 INFO  clocks.c:461       so local clock is lagging by  20 msec
2025-10-20 13:15:02 INFO  clocks.c:450 Local synchronized clock will be forwarded by 0.015 seconds
2025-10-20 13:15:02 INFO  clocks.c:455   because: remote clock was 108.5480 seconds
2025-10-20 13:15:02 INFO  clocks.c:456                          at iTOW = 134120385
2025-10-20 13:15:02 INFO  clocks.c:457              local clock is 108.4686 seconds
2025-10-20 13:15:02 INFO  clocks.c:458                          at iTOW = 134120295
2025-10-20 13:15:02 INFO  clocks.c:459         Estimated time of flight = -64 msec
2025-10-20 13:15:02 INFO  clocks.c:460                 Clock difference = -79 msec
2025-10-20 13:15:02 INFO  clocks.c:461       so local clock is lagging by  15 msec
2025-10-20 13:15:02 INFO  clocks.c:450 Local synchronized clock will be forwarded by 0.030 seconds
2025-10-20 13:15:02 INFO  clocks.c:455   because: remote clock was 108.7780 seconds
2025-10-20 13:15:02 INFO  clocks.c:456                          at iTOW = 134120586
2025-10-20 13:15:02 INFO  clocks.c:457              local clock is 108.6840 seconds
2025-10-20 13:15:02 INFO  clocks.c:458                          at iTOW = 134120495
2025-10-20 13:15:02 INFO  clocks.c:459         Estimated time of flight = -64 msec
2025-10-20 13:15:02 INFO  clocks.c:460                 Clock difference = -93 msec
2025-10-20 13:15:02 INFO  clocks.c:461       so local clock is lagging by  29 msec
2025-10-20 13:15:02 INFO  clocks.c:450 Local synchronized clock will be forwarded by 0.029 seconds
2025-10-20 13:15:02 INFO  clocks.c:455   because: remote clock was 109.0070 seconds
2025-10-20 13:15:02 INFO  clocks.c:456                          at iTOW = 134120786
2025-10-20 13:15:02 INFO  clocks.c:457              local clock is 108.9140 seconds
2025-10-20 13:15:02 INFO  clocks.c:458                          at iTOW = 134120695
2025-10-20 13:15:02 INFO  clocks.c:459         Estimated time of flight = -64 msec
2025-10-20 13:15:02 INFO  clocks.c:460                 Clock difference = -92 msec
2025-10-20 13:15:02 INFO  clocks.c:461       so local clock is lagging by  28 msec
2025-10-20 13:15:03 INFO  clocks.c:450 Local synchronized clock will be forwarded by 0.028 seconds
2025-10-20 13:15:03 INFO  clocks.c:455   because: remote clock was 109.8450 seconds
2025-10-20 13:15:03 INFO  clocks.c:456                          at iTOW = 134121594
2025-10-20 13:15:03 INFO  clocks.c:457              local clock is 109.7531 seconds
2025-10-20 13:15:03 INFO  clocks.c:458                          at iTOW = 134121505
2025-10-20 13:15:03 INFO  clocks.c:459         Estimated time of flight = -64 msec
2025-10-20 13:15:03 INFO  clocks.c:460                 Clock difference = -91 msec
2025-10-20 13:15:03 INFO  clocks.c:461       so local clock is lagging by  27 msec
2025-10-20 13:15:04 INFO  clocks.c:450 Local synchronized clock will be forwarded by 0.035 seconds
2025-10-20 13:15:04 INFO  clocks.c:455   because: remote clock was 110.4160 seconds
2025-10-20 13:15:04 INFO  clocks.c:456                          at iTOW = 134122137
2025-10-20 13:15:04 INFO  clocks.c:457              local clock is 110.3813 seconds
2025-10-20 13:15:04 INFO  clocks.c:458                          at iTOW = 134122105
2025-10-20 13:15:04 INFO  clocks.c:459         Estimated time of flight =   0 msec
2025-10-20 13:15:04 INFO  clocks.c:460                 Clock difference = -34 msec
2025-10-20 13:15:04 INFO  clocks.c:461       so local clock is lagging by  34 msec
2025-10-20 13:15:05 INFO  clocks.c:450 Local synchronized clock will be forwarded by 0.022 seconds
2025-10-20 13:15:05 INFO  clocks.c:455   because: remote clock was 111.6020 seconds
2025-10-20 13:15:05 INFO  clocks.c:456                          at iTOW = 134123295
2025-10-20 13:15:05 INFO  clocks.c:457              local clock is 111.5156 seconds
2025-10-20 13:15:05 INFO  clocks.c:458                          at iTOW = 134123205
2025-10-20 13:15:05 INFO  clocks.c:459         Estimated time of flight = -64 msec
2025-10-20 13:15:05 INFO  clocks.c:460                 Clock difference = -86 msec
2025-10-20 13:15:05 INFO  clocks.c:461       so local clock is lagging by  22 msec
2025-10-20 13:15:05 INFO  clocks.c:450 Local synchronized clock will be forwarded by 0.014 seconds
2025-10-20 13:15:05 INFO  clocks.c:455   because: remote clock was 111.9160 seconds
2025-10-20 13:15:05 INFO  clocks.c:456                          at iTOW = 134123594
2025-10-20 13:15:05 INFO  clocks.c:457              local clock is 111.8380 seconds
2025-10-20 13:15:05 INFO  clocks.c:458                          at iTOW = 134123505
2025-10-20 13:15:05 INFO  clocks.c:459         Estimated time of flight = -64 msec
2025-10-20 13:15:05 INFO  clocks.c:460                 Clock difference = -77 msec
2025-10-20 13:15:05 INFO  clocks.c:461       so local clock is lagging by  13 msec
2025-10-20 13:15:05 INFO  clocks.c:450 Local synchronized clock will be forwarded by 0.017 seconds
2025-10-20 13:15:05 INFO  clocks.c:455   because: remote clock was 112.1340 seconds
2025-10-20 13:15:05 INFO  clocks.c:456                          at iTOW = 134123796
2025-10-20 13:15:05 INFO  clocks.c:457              local clock is 112.0527 seconds
2025-10-20 13:15:05 INFO  clocks.c:458                          at iTOW = 134123706
2025-10-20 13:15:05 INFO  clocks.c:459         Estimated time of flight = -64 msec
2025-10-20 13:15:05 INFO  clocks.c:460                 Clock difference = -81 msec
2025-10-20 13:15:05 INFO  clocks.c:461       so local clock is lagging by  17 msec
2025-10-20 13:15:06 INFO  clocks.c:450 Local synchronized clock will be forwarded by 0.014 seconds
2025-10-20 13:15:06 INFO  clocks.c:455   because: remote clock was 112.7570 seconds
2025-10-20 13:15:06 INFO  clocks.c:456                          at iTOW = 134124400
2025-10-20 13:15:06 INFO  clocks.c:457              local clock is 112.6794 seconds
2025-10-20 13:15:06 INFO  clocks.c:458                          at iTOW = 134124315
2025-10-20 13:15:06 INFO  clocks.c:459         Estimated time of flight = -64 msec
2025-10-20 13:15:06 INFO  clocks.c:460                 Clock difference = -77 msec
2025-10-20 13:15:06 INFO  clocks.c:461       so local clock is lagging by  13 msec
2025-10-20 13:15:06 INFO  clocks.c:450 Local synchronized clock will be forwarded by 0.015 seconds
2025-10-20 13:15:06 INFO  clocks.c:455   because: remote clock was 113.0740 seconds
2025-10-20 13:15:06 INFO  clocks.c:456                          at iTOW = 134124702
2025-10-20 13:15:06 INFO  clocks.c:457              local clock is 112.9953 seconds
2025-10-20 13:15:06 INFO  clocks.c:458                          at iTOW = 134124617
2025-10-20 13:15:06 INFO  clocks.c:459         Estimated time of flight = -64 msec
2025-10-20 13:15:06 INFO  clocks.c:460                 Clock difference = -78 msec
2025-10-20 13:15:06 INFO  clocks.c:461       so local clock is lagging by  14 msec
2025-10-20 13:15:07 INFO  clocks.c:450 Local synchronized clock will be forwarded by 0.021 seconds
2025-10-20 13:15:07 INFO  clocks.c:455   because: remote clock was 114.0030 seconds
2025-10-20 13:15:07 INFO  clocks.c:456                          at iTOW = 134125619
2025-10-20 13:15:07 INFO  clocks.c:457              local clock is 113.9177 seconds
2025-10-20 13:15:07 INFO  clocks.c:458                          at iTOW = 134125525
2025-10-20 13:15:07 INFO  clocks.c:459         Estimated time of flight = -64 msec
2025-10-20 13:15:07 INFO  clocks.c:460                 Clock difference = -85 msec
2025-10-20 13:15:07 INFO  clocks.c:461       so local clock is lagging by  21 msec
2025-10-20 13:15:07 INFO  clocks.c:450 Local synchronized clock will be forwarded by 0.021 seconds
2025-10-20 13:15:07 INFO  clocks.c:455   because: remote clock was 114.4240 seconds
2025-10-20 13:15:07 INFO  clocks.c:456                          at iTOW = 134126020
2025-10-20 13:15:07 INFO  clocks.c:457              local clock is 114.3389 seconds
2025-10-20 13:15:07 INFO  clocks.c:458                          at iTOW = 134125925
2025-10-20 13:15:07 INFO  clocks.c:459         Estimated time of flight = -64 msec
2025-10-20 13:15:07 INFO  clocks.c:460                 Clock difference = -85 msec
2025-10-20 13:15:07 INFO  clocks.c:461       so local clock is lagging by  21 msec
2025-10-20 13:15:08 INFO  clocks.c:450 Local synchronized clock will be forwarded by 0.013 seconds
2025-10-20 13:15:08 INFO  clocks.c:455   because: remote clock was 114.9470 seconds
2025-10-20 13:15:08 INFO  clocks.c:456                          at iTOW = 134126522
2025-10-20 13:15:08 INFO  clocks.c:457              local clock is 114.8702 seconds
2025-10-20 13:15:08 INFO  clocks.c:458                          at iTOW = 134126435
2025-10-20 13:15:08 INFO  clocks.c:459         Estimated time of flight = -64 msec
2025-10-20 13:15:08 INFO  clocks.c:460                 Clock difference = -76 msec
2025-10-20 13:15:08 INFO  clocks.c:461       so local clock is lagging by  12 msec
2025-10-20 13:15:08 INFO  clocks.c:450 Local synchronized clock will be forwarded by 0.026 seconds
2025-10-20 13:15:08 INFO  clocks.c:455   because: remote clock was 115.0750 seconds
2025-10-20 13:15:08 INFO  clocks.c:456                          at iTOW = 134126623
2025-10-20 13:15:08 INFO  clocks.c:457              local clock is 114.9847 seconds
2025-10-20 13:15:08 INFO  clocks.c:458                          at iTOW = 134126537
2025-10-20 13:15:08 INFO  clocks.c:459         Estimated time of flight = -64 msec
2025-10-20 13:15:08 INFO  clocks.c:460                 Clock difference = -90 msec
2025-10-20 13:15:08 INFO  clocks.c:461       so local clock is lagging by  26 msec
2025-10-20 13:15:08 INFO  clocks.c:450 Local synchronized clock will be forwarded by 0.029 seconds
2025-10-20 13:15:08 INFO  clocks.c:455   because: remote clock was 115.2020 seconds
2025-10-20 13:15:08 INFO  clocks.c:456                          at iTOW = 134126724
2025-10-20 13:15:08 INFO  clocks.c:457              local clock is 115.1092 seconds
2025-10-20 13:15:08 INFO  clocks.c:458                          at iTOW = 134126635
2025-10-20 13:15:08 INFO  clocks.c:459         Estimated time of flight = -64 msec
2025-10-20 13:15:08 INFO  clocks.c:460                 Clock difference = -92 msec
2025-10-20 13:15:08 INFO  clocks.c:461       so local clock is lagging by  28 msec
2025-10-20 13:15:09 INFO  clocks.c:450 Local synchronized clock will be forwarded by 0.011 seconds
2025-10-20 13:15:09 INFO  clocks.c:455   because: remote clock was 116.5130 seconds
2025-10-20 13:15:09 INFO  clocks.c:456                          at iTOW = 134128025
2025-10-20 13:15:09 INFO  clocks.c:457              local clock is 116.4379 seconds
2025-10-20 13:15:09 INFO  clocks.c:458                          at iTOW = 134127935
2025-10-20 13:15:09 INFO  clocks.c:459         Estimated time of flight = -64 msec
2025-10-20 13:15:09 INFO  clocks.c:460                 Clock difference = -75 msec
2025-10-20 13:15:09 INFO  clocks.c:461       so local clock is lagging by  11 msec
2025-10-20 13:15:10 INFO  clocks.c:450 Local synchronized clock will be forwarded by 0.015 seconds
2025-10-20 13:15:10 INFO  clocks.c:455   because: remote clock was 117.2380 seconds
2025-10-20 13:15:10 INFO  clocks.c:456                          at iTOW = 134128733
2025-10-20 13:15:10 INFO  clocks.c:457              local clock is 117.1591 seconds
2025-10-20 13:15:10 INFO  clocks.c:458                          at iTOW = 134128645
2025-10-20 13:15:10 INFO  clocks.c:459         Estimated time of flight = -64 msec
2025-10-20 13:15:10 INFO  clocks.c:460                 Clock difference = -78 msec
2025-10-20 13:15:10 INFO  clocks.c:461       so local clock is lagging by  14 msec
2025-10-20 13:15:10 INFO  clocks.c:450 Local synchronized clock will be forwarded by 0.012 seconds
2025-10-20 13:15:10 INFO  clocks.c:455   because: remote clock was 117.4500 seconds
2025-10-20 13:15:10 INFO  clocks.c:456                          at iTOW = 134128935
2025-10-20 13:15:10 INFO  clocks.c:457              local clock is 117.3740 seconds
2025-10-20 13:15:10 INFO  clocks.c:458                          at iTOW = 134128845
2025-10-20 13:15:10 INFO  clocks.c:459         Estimated time of flight = -64 msec
2025-10-20 13:15:10 INFO  clocks.c:460                 Clock difference = -75 msec
2025-10-20 13:15:10 INFO  clocks.c:461       so local clock is lagging by  11 msec
2025-10-20 13:15:10 INFO  clocks.c:450 Local synchronized clock will be forwarded by 0.013 seconds
2025-10-20 13:15:10 INFO  clocks.c:455   because: remote clock was 117.5630 seconds
2025-10-20 13:15:10 INFO  clocks.c:456                          at iTOW = 134129035
2025-10-20 13:15:10 INFO  clocks.c:457              local clock is 117.4860 seconds
2025-10-20 13:15:10 INFO  clocks.c:458                          at iTOW = 134128945
2025-10-20 13:15:10 INFO  clocks.c:459         Estimated time of flight = -64 msec
2025-10-20 13:15:10 INFO  clocks.c:460                 Clock difference = -77 msec
2025-10-20 13:15:10 INFO  clocks.c:461       so local clock is lagging by  13 msec
2025-10-20 13:15:11 INFO  clocks.c:450 Local synchronized clock will be forwarded by 0.012 seconds
2025-10-20 13:15:11 INFO  clocks.c:455   because: remote clock was 118.1860 seconds
2025-10-20 13:15:11 INFO  clocks.c:456                          at iTOW = 134129642
2025-10-20 13:15:11 INFO  clocks.c:457              local clock is 118.1098 seconds
2025-10-20 13:15:11 INFO  clocks.c:458                          at iTOW = 134129556
2025-10-20 13:15:11 INFO  clocks.c:459         Estimated time of flight = -64 msec
2025-10-20 13:15:11 INFO  clocks.c:460                 Clock difference = -76 msec
2025-10-20 13:15:11 INFO  clocks.c:461       so local clock is lagging by  12 msec
2025-10-20 13:15:12 INFO  clocks.c:450 Local synchronized clock will be forwarded by 0.018 seconds
2025-10-20 13:15:12 INFO  clocks.c:455   because: remote clock was 118.7040 seconds
2025-10-20 13:15:12 INFO  clocks.c:456                          at iTOW = 134130145
2025-10-20 13:15:12 INFO  clocks.c:457              local clock is 118.6215 seconds
2025-10-20 13:15:12 INFO  clocks.c:458                          at iTOW = 134130055
2025-10-20 13:15:12 INFO  clocks.c:459         Estimated time of flight = -64 msec
2025-10-20 13:15:12 INFO  clocks.c:460                 Clock difference = -82 msec
2025-10-20 13:15:12 INFO  clocks.c:461       so local clock is lagging by  18 msec
2025-10-20 13:15:12 INFO  clocks.c:450 Local synchronized clock will be forwarded by 0.011 seconds
2025-10-20 13:15:12 INFO  clocks.c:455   because: remote clock was 119.3150 seconds
2025-10-20 13:15:12 INFO  clocks.c:456                          at iTOW = 134130742
2025-10-20 13:15:12 INFO  clocks.c:457              local clock is 119.2396 seconds
2025-10-20 13:15:12 INFO  clocks.c:458                          at iTOW = 134130655
2025-10-20 13:15:12 INFO  clocks.c:459         Estimated time of flight = -64 msec
2025-10-20 13:15:12 INFO  clocks.c:460                 Clock difference = -75 msec
2025-10-20 13:15:12 INFO  clocks.c:461       so local clock is lagging by  11 msec
2025-10-20 13:15:13 INFO  clocks.c:450 Local synchronized clock will be forwarded by 0.015 seconds
2025-10-20 13:15:13 INFO  clocks.c:455   because: remote clock was 119.7370 seconds
2025-10-20 13:15:13 INFO  clocks.c:456                          at iTOW = 134131152
2025-10-20 13:15:13 INFO  clocks.c:457              local clock is 119.6584 seconds
2025-10-20 13:15:13 INFO  clocks.c:458                          at iTOW = 134131062
2025-10-20 13:15:13 INFO  clocks.c:459         Estimated time of flight = -64 msec
2025-10-20 13:15:13 INFO  clocks.c:460                 Clock difference = -78 msec
2025-10-20 13:15:13 INFO  clocks.c:461       so local clock is lagging by  14 msec
2025-10-20 13:15:13 INFO  clocks.c:450 Local synchronized clock will be forwarded by 0.011 seconds
2025-10-20 13:15:13 INFO  clocks.c:455   because: remote clock was 120.0470 seconds
2025-10-20 13:15:13 INFO  clocks.c:456                          at iTOW = 134131448
2025-10-20 13:15:13 INFO  clocks.c:457              local clock is 119.9723 seconds
2025-10-20 13:15:13 INFO  clocks.c:458                          at iTOW = 134131362
2025-10-20 13:15:13 INFO  clocks.c:459         Estimated time of flight = -64 msec
2025-10-20 13:15:13 INFO  clocks.c:460                 Clock difference = -74 msec
2025-10-20 13:15:13 INFO  clocks.c:461       so local clock is lagging by  10 msec
2025-10-20 13:15:13 INFO  clocks.c:450 Local synchronized clock will be forwarded by 0.012 seconds
2025-10-20 13:15:13 INFO  clocks.c:455   because: remote clock was 120.3610 seconds
2025-10-20 13:15:13 INFO  clocks.c:456                          at iTOW = 134131750
2025-10-20 13:15:13 INFO  clocks.c:457              local clock is 120.2852 seconds
2025-10-20 13:15:13 INFO  clocks.c:458                          at iTOW = 134131664
2025-10-20 13:15:13 INFO  clocks.c:459         Estimated time of flight = -64 msec
2025-10-20 13:15:13 INFO  clocks.c:460                 Clock difference = -75 msec
2025-10-20 13:15:13 INFO  clocks.c:461       so local clock is lagging by  11 msec
2025-10-20 13:15:13 INFO  clocks.c:450 Local synchronized clock will be forwarded by 0.014 seconds
2025-10-20 13:15:13 INFO  clocks.c:455   because: remote clock was 120.5760 seconds
2025-10-20 13:15:13 INFO  clocks.c:456                          at iTOW = 134131951
2025-10-20 13:15:13 INFO  clocks.c:457              local clock is 120.4981 seconds
2025-10-20 13:15:13 INFO  clocks.c:458                          at iTOW = 134131865
2025-10-20 13:15:13 INFO  clocks.c:459         Estimated time of flight = -64 msec
2025-10-20 13:15:13 INFO  clocks.c:460                 Clock difference = -77 msec
2025-10-20 13:15:13 INFO  clocks.c:461       so local clock is lagging by  13 msec
2025-10-20 13:15:13 INFO  clocks.c:450 Local synchronized clock will be forwarded by 0.016 seconds
2025-10-20 13:15:13 INFO  clocks.c:455   because: remote clock was 120.6920 seconds
2025-10-20 13:15:13 INFO  clocks.c:456                          at iTOW = 134132053
2025-10-20 13:15:13 INFO  clocks.c:457              local clock is 120.6120 seconds
2025-10-20 13:15:13 INFO  clocks.c:458                          at iTOW = 134131965
2025-10-20 13:15:13 INFO  clocks.c:459         Estimated time of flight = -64 msec
2025-10-20 13:15:13 INFO  clocks.c:460                 Clock difference = -79 msec
2025-10-20 13:15:13 INFO  clocks.c:461       so local clock is lagging by  15 msec
2025-10-20 13:15:14 INFO  clocks.c:450 Local synchronized clock will be forwarded by 0.020 seconds
2025-10-20 13:15:14 INFO  clocks.c:455   because: remote clock was 121.5120 seconds
2025-10-20 13:15:14 INFO  clocks.c:456                          at iTOW = 134132854
2025-10-20 13:15:14 INFO  clocks.c:457              local clock is 121.4280 seconds
2025-10-20 13:15:14 INFO  clocks.c:458                          at iTOW = 134132765
2025-10-20 13:15:14 INFO  clocks.c:459         Estimated time of flight = -64 msec
2025-10-20 13:15:14 INFO  clocks.c:460                 Clock difference = -84 msec
2025-10-20 13:15:14 INFO  clocks.c:461       so local clock is lagging by  20 msec
2025-10-20 13:15:14 INFO  clocks.c:450 Local synchronized clock will be forwarded by 0.023 seconds
2025-10-20 13:15:14 INFO  clocks.c:455   because: remote clock was 121.7350 seconds
2025-10-20 13:15:14 INFO  clocks.c:456                          at iTOW = 134133055
2025-10-20 13:15:14 INFO  clocks.c:457              local clock is 121.6480 seconds
2025-10-20 13:15:14 INFO  clocks.c:458                          at iTOW = 134132965
2025-10-20 13:15:14 INFO  clocks.c:459         Estimated time of flight = -64 msec
2025-10-20 13:15:14 INFO  clocks.c:460                 Clock difference = -87 msec
2025-10-20 13:15:14 INFO  clocks.c:461       so local clock is lagging by  23 msec
2025-10-20 13:15:15 INFO  clocks.c:450 Local synchronized clock will be forwarded by 0.022 seconds
2025-10-20 13:15:15 INFO  clocks.c:455   because: remote clock was 121.9570 seconds
2025-10-20 13:15:15 INFO  clocks.c:456                          at iTOW = 134133259
2025-10-20 13:15:15 INFO  clocks.c:457              local clock is 121.8710 seconds
2025-10-20 13:15:15 INFO  clocks.c:458                          at iTOW = 134133165
2025-10-20 13:15:15 INFO  clocks.c:459         Estimated time of flight = -64 msec
2025-10-20 13:15:15 INFO  clocks.c:460                 Clock difference = -85 msec
2025-10-20 13:15:15 INFO  clocks.c:461       so local clock is lagging by  21 msec
2025-10-20 13:15:15 INFO  clocks.c:450 Local synchronized clock will be forwarded by 0.013 seconds
2025-10-20 13:15:15 INFO  clocks.c:455   because: remote clock was 122.5800 seconds
2025-10-20 13:15:15 INFO  clocks.c:456                          at iTOW = 134133867
2025-10-20 13:15:15 INFO  clocks.c:457              local clock is 122.5030 seconds
2025-10-20 13:15:15 INFO  clocks.c:458                          at iTOW = 134133775
2025-10-20 13:15:15 INFO  clocks.c:459         Estimated time of flight = -64 msec
2025-10-20 13:15:15 INFO  clocks.c:460                 Clock difference = -77 msec
2025-10-20 13:15:15 INFO  clocks.c:461       so local clock is lagging by  13 msec
2025-10-20 13:15:15 INFO  clocks.c:450 Local synchronized clock will be forwarded by 0.016 seconds
2025-10-20 13:15:15 INFO  clocks.c:455   because: remote clock was 122.7860 seconds
2025-10-20 13:15:15 INFO  clocks.c:456                          at iTOW = 134134052
2025-10-20 13:15:15 INFO  clocks.c:457              local clock is 122.7065 seconds
2025-10-20 13:15:15 INFO  clocks.c:458                          at iTOW = 134133966
2025-10-20 13:15:15 INFO  clocks.c:459         Estimated time of flight = -64 msec
2025-10-20 13:15:15 INFO  clocks.c:460                 Clock difference = -79 msec
2025-10-20 13:15:15 INFO  clocks.c:461       so local clock is lagging by  15 msec
2025-10-20 13:15:16 INFO  clocks.c:450 Local synchronized clock will be forwarded by 0.040 seconds
2025-10-20 13:15:16 INFO  clocks.c:455   because: remote clock was 123.3360 seconds
2025-10-20 13:15:16 INFO  clocks.c:456                          at iTOW = 134134563
2025-10-20 13:15:16 INFO  clocks.c:457              local clock is 123.2315 seconds
2025-10-20 13:15:16 INFO  clocks.c:458                          at iTOW = 134134475
2025-10-20 13:15:16 INFO  clocks.c:459         Estimated time of flight = -64 msec
2025-10-20 13:15:16 INFO  clocks.c:460                 Clock difference = -104 msec
2025-10-20 13:15:16 INFO  clocks.c:461       so local clock is lagging by  40 msec
2025-10-20 13:15:16 INFO  clocks.c:450 Local synchronized clock will be forwarded by 0.045 seconds
2025-10-20 13:15:16 INFO  clocks.c:455   because: remote clock was 123.6810 seconds
2025-10-20 13:15:16 INFO  clocks.c:456                          at iTOW = 134134867
2025-10-20 13:15:16 INFO  clocks.c:457              local clock is 123.5720 seconds
2025-10-20 13:15:16 INFO  clocks.c:458                          at iTOW = 134134775
2025-10-20 13:15:16 INFO  clocks.c:459         Estimated time of flight = -64 msec
2025-10-20 13:15:16 INFO  clocks.c:460                 Clock difference = -109 msec
2025-10-20 13:15:16 INFO  clocks.c:461       so local clock is lagging by  45 msec
2025-10-20 13:15:16 INFO  clocks.c:450 Local synchronized clock will be forwarded by 0.022 seconds
2025-10-20 13:15:16 INFO  clocks.c:455   because: remote clock was 123.8050 seconds
2025-10-20 13:15:16 INFO  clocks.c:456                          at iTOW = 134134968
2025-10-20 13:15:16 INFO  clocks.c:457              local clock is 123.7189 seconds
2025-10-20 13:15:16 INFO  clocks.c:458                          at iTOW = 134134877
2025-10-20 13:15:16 INFO  clocks.c:459         Estimated time of flight = -64 msec
2025-10-20 13:15:16 INFO  clocks.c:460                 Clock difference = -86 msec
2025-10-20 13:15:16 INFO  clocks.c:461       so local clock is lagging by  22 msec
2025-10-20 13:15:17 INFO  clocks.c:450 Local synchronized clock will be forwarded by 0.021 seconds
2025-10-20 13:15:17 INFO  clocks.c:455   because: remote clock was 124.1340 seconds
2025-10-20 13:15:17 INFO  clocks.c:456                          at iTOW = 134135273
2025-10-20 13:15:17 INFO  clocks.c:457              local clock is 124.0491 seconds
2025-10-20 13:15:17 INFO  clocks.c:458                          at iTOW = 134135185
2025-10-20 13:15:17 INFO  clocks.c:459         Estimated time of flight = -64 msec
2025-10-20 13:15:17 INFO  clocks.c:460                 Clock difference = -84 msec
2025-10-20 13:15:17 INFO  clocks.c:461       so local clock is lagging by  20 msec
2025-10-20 13:15:17 INFO  clocks.c:450 Local synchronized clock will be forwarded by 0.027 seconds
2025-10-20 13:15:17 INFO  clocks.c:455   because: remote clock was 124.3610 seconds
2025-10-20 13:15:17 INFO  clocks.c:456                          at iTOW = 134135475
2025-10-20 13:15:17 INFO  clocks.c:457              local clock is 124.2700 seconds
2025-10-20 13:15:17 INFO  clocks.c:458                          at iTOW = 134135385
2025-10-20 13:15:17 INFO  clocks.c:459         Estimated time of flight = -64 msec
2025-10-20 13:15:17 INFO  clocks.c:460                 Clock difference = -91 msec
2025-10-20 13:15:17 INFO  clocks.c:461       so local clock is lagging by  27 msec
2025-10-20 13:15:17 INFO  clocks.c:450 Local synchronized clock will be forwarded by 0.049 seconds
2025-10-20 13:15:17 INFO  clocks.c:455   because: remote clock was 124.8200 seconds
2025-10-20 13:15:17 INFO  clocks.c:456                          at iTOW = 134135883
2025-10-20 13:15:17 INFO  clocks.c:457              local clock is 124.7070 seconds
2025-10-20 13:15:17 INFO  clocks.c:458                          at iTOW = 134135795
2025-10-20 13:15:17 INFO  clocks.c:459         Estimated time of flight = -64 msec
2025-10-20 13:15:17 INFO  clocks.c:460                 Clock difference = -113 msec
2025-10-20 13:15:17 INFO  clocks.c:461       so local clock is lagging by  49 msec
2025-10-20 13:15:18 INFO  clocks.c:450 Local synchronized clock will be forwarded by 0.025 seconds
2025-10-20 13:15:18 INFO  clocks.c:455   because: remote clock was 125.2460 seconds
2025-10-20 13:15:18 INFO  clocks.c:456                          at iTOW = 134136282
2025-10-20 13:15:18 INFO  clocks.c:457              local clock is 125.1574 seconds
2025-10-20 13:15:18 INFO  clocks.c:458                          at iTOW = 134136196
2025-10-20 13:15:18 INFO  clocks.c:459         Estimated time of flight = -64 msec
2025-10-20 13:15:18 INFO  clocks.c:460                 Clock difference = -88 msec
2025-10-20 13:15:18 INFO  clocks.c:461       so local clock is lagging by  24 msec
2025-10-20 13:15:18 INFO  clocks.c:450 Local synchronized clock will be forwarded by 0.020 seconds
2025-10-20 13:15:18 INFO  clocks.c:455   because: remote clock was 125.5680 seconds
2025-10-20 13:15:18 INFO  clocks.c:456                          at iTOW = 134136585
2025-10-20 13:15:18 INFO  clocks.c:457              local clock is 125.4845 seconds
2025-10-20 13:15:18 INFO  clocks.c:458                          at iTOW = 134136499
2025-10-20 13:15:18 INFO  clocks.c:459         Estimated time of flight = -64 msec
2025-10-20 13:15:18 INFO  clocks.c:460                 Clock difference = -83 msec
2025-10-20 13:15:18 INFO  clocks.c:461       so local clock is lagging by  19 msec
2025-10-20 13:15:19 INFO  clocks.c:450 Local synchronized clock will be forwarded by 0.047 seconds
2025-10-20 13:15:19 INFO  clocks.c:455   because: remote clock was 126.4210 seconds
2025-10-20 13:15:19 INFO  clocks.c:456                          at iTOW = 134137391
2025-10-20 13:15:19 INFO  clocks.c:457              local clock is 126.3101 seconds
2025-10-20 13:15:19 INFO  clocks.c:458                          at iTOW = 134137305
2025-10-20 13:15:19 INFO  clocks.c:459         Estimated time of flight = -64 msec
2025-10-20 13:15:19 INFO  clocks.c:460                 Clock difference = -110 msec
2025-10-20 13:15:19 INFO  clocks.c:461       so local clock is lagging by  46 msec
2025-10-20 13:15:20 INFO  clocks.c:450 Local synchronized clock will be forwarded by 0.020 seconds
2025-10-20 13:15:20 INFO  clocks.c:455   because: remote clock was 127.7420 seconds
2025-10-20 13:15:20 INFO  clocks.c:456                          at iTOW = 134138699
2025-10-20 13:15:20 INFO  clocks.c:457              local clock is 127.6577 seconds
2025-10-20 13:15:20 INFO  clocks.c:458                          at iTOW = 134138606
2025-10-20 13:15:20 INFO  clocks.c:459         Estimated time of flight = -64 msec
2025-10-20 13:15:20 INFO  clocks.c:460                 Clock difference = -84 msec
2025-10-20 13:15:20 INFO  clocks.c:461       so local clock is lagging by  20 msec
2025-10-20 13:15:21 INFO  clocks.c:450 Local synchronized clock will be forwarded by 0.011 seconds
2025-10-20 13:15:21 INFO  clocks.c:455   because: remote clock was 129.0520 seconds
2025-10-20 13:15:21 INFO  clocks.c:456                          at iTOW = 134139995
2025-10-20 13:15:21 INFO  clocks.c:457              local clock is 128.9773 seconds
2025-10-20 13:15:21 INFO  clocks.c:458                          at iTOW = 134139905
2025-10-20 13:15:21 INFO  clocks.c:459         Estimated time of flight = -64 msec
2025-10-20 13:15:21 INFO  clocks.c:460                 Clock difference = -74 msec
2025-10-20 13:15:21 INFO  clocks.c:461       so local clock is lagging by  10 msec
2025-10-20 13:15:22 INFO  clocks.c:450 Local synchronized clock will be forwarded by 0.013 seconds
2025-10-20 13:15:22 INFO  clocks.c:455   because: remote clock was 129.3750 seconds
2025-10-20 13:15:22 INFO  clocks.c:456                          at iTOW = 134140306
2025-10-20 13:15:22 INFO  clocks.c:457              local clock is 129.2984 seconds
2025-10-20 13:15:22 INFO  clocks.c:458                          at iTOW = 134140215
2025-10-20 13:15:22 INFO  clocks.c:459         Estimated time of flight = -64 msec
2025-10-20 13:15:22 INFO  clocks.c:460                 Clock difference = -76 msec
2025-10-20 13:15:22 INFO  clocks.c:461       so local clock is lagging by  12 msec
2025-10-20 13:15:22 INFO  clocks.c:450 Local synchronized clock will be forwarded by 0.017 seconds
2025-10-20 13:15:22 INFO  clocks.c:455   because: remote clock was 129.4920 seconds
2025-10-20 13:15:22 INFO  clocks.c:456                          at iTOW = 134140410
2025-10-20 13:15:22 INFO  clocks.c:457              local clock is 129.4113 seconds
2025-10-20 13:15:22 INFO  clocks.c:458                          at iTOW = 134140316
2025-10-20 13:15:22 INFO  clocks.c:459         Estimated time of flight = -64 msec
2025-10-20 13:15:22 INFO  clocks.c:460                 Clock difference = -80 msec
2025-10-20 13:15:22 INFO  clocks.c:461       so local clock is lagging by  16 msec
2025-10-20 13:15:22 INFO  clocks.c:450 Local synchronized clock will be forwarded by 0.034 seconds
2025-10-20 13:15:22 INFO  clocks.c:455   because: remote clock was 129.8350 seconds
2025-10-20 13:15:22 INFO  clocks.c:456                          at iTOW = 134140715
2025-10-20 13:15:22 INFO  clocks.c:457              local clock is 129.7373 seconds
2025-10-20 13:15:22 INFO  clocks.c:458                          at iTOW = 134140625
2025-10-20 13:15:22 INFO  clocks.c:459         Estimated time of flight = -64 msec
2025-10-20 13:15:22 INFO  clocks.c:460                 Clock difference = -97 msec
2025-10-20 13:15:22 INFO  clocks.c:461       so local clock is lagging by  33 msec
2025-10-20 13:15:23 INFO  clocks.c:450 Local synchronized clock will be forwarded by 0.059 seconds
2025-10-20 13:15:23 INFO  clocks.c:455   because: remote clock was 130.7940 seconds
2025-10-20 13:15:23 INFO  clocks.c:456                          at iTOW = 134141619
2025-10-20 13:15:23 INFO  clocks.c:457              local clock is 130.6710 seconds
2025-10-20 13:15:23 INFO  clocks.c:458                          at iTOW = 134141525
2025-10-20 13:15:23 INFO  clocks.c:459         Estimated time of flight = -64 msec
2025-10-20 13:15:23 INFO  clocks.c:460                 Clock difference = -122 msec
2025-10-20 13:15:23 INFO  clocks.c:461       so local clock is lagging by  58 msec
2025-10-20 13:15:23 INFO  clocks.c:450 Local synchronized clock will be forwarded by 0.046 seconds
2025-10-20 13:15:23 INFO  clocks.c:455   because: remote clock was 130.9330 seconds
2025-10-20 13:15:23 INFO  clocks.c:456                          at iTOW = 134141700
2025-10-20 13:15:23 INFO  clocks.c:457              local clock is 130.8229 seconds
2025-10-20 13:15:23 INFO  clocks.c:458                          at iTOW = 134141618
2025-10-20 13:15:23 INFO  clocks.c:459         Estimated time of flight = -64 msec
2025-10-20 13:15:23 INFO  clocks.c:460                 Clock difference = -110 msec
2025-10-20 13:15:23 INFO  clocks.c:461       so local clock is lagging by  46 msec
2025-10-20 13:15:23 INFO  clocks.c:450 Local synchronized clock will be forwarded by 0.024 seconds
2025-10-20 13:15:23 INFO  clocks.c:455   because: remote clock was 131.2570 seconds
2025-10-20 13:15:23 INFO  clocks.c:456                          at iTOW = 134142002
2025-10-20 13:15:23 INFO  clocks.c:457              local clock is 131.1689 seconds
2025-10-20 13:15:23 INFO  clocks.c:458                          at iTOW = 134141918
2025-10-20 13:15:23 INFO  clocks.c:459         Estimated time of flight = -64 msec
2025-10-20 13:15:23 INFO  clocks.c:460                 Clock difference = -88 msec
2025-10-20 13:15:23 INFO  clocks.c:461       so local clock is lagging by  24 msec
2025-10-20 13:15:24 INFO  clocks.c:450 Local synchronized clock will be forwarded by 0.017 seconds
2025-10-20 13:15:24 INFO  clocks.c:455   because: remote clock was 131.6740 seconds
2025-10-20 13:15:24 INFO  clocks.c:456                          at iTOW = 134142405
2025-10-20 13:15:24 INFO  clocks.c:457              local clock is 131.5929 seconds
2025-10-20 13:15:24 INFO  clocks.c:458                          at iTOW = 134142318
2025-10-20 13:15:24 INFO  clocks.c:459         Estimated time of flight = -64 msec
2025-10-20 13:15:24 INFO  clocks.c:460                 Clock difference = -81 msec
2025-10-20 13:15:24 INFO  clocks.c:461       so local clock is lagging by  17 msec
2025-10-20 13:15:24 INFO  clocks.c:450 Local synchronized clock will be forwarded by 0.024 seconds
2025-10-20 13:15:24 INFO  clocks.c:455   because: remote clock was 131.8020 seconds
2025-10-20 13:15:24 INFO  clocks.c:456                          at iTOW = 134142506
2025-10-20 13:15:24 INFO  clocks.c:457              local clock is 131.7139 seconds
2025-10-20 13:15:24 INFO  clocks.c:458                          at iTOW = 134142422
2025-10-20 13:15:24 INFO  clocks.c:459         Estimated time of flight = -64 msec
2025-10-20 13:15:24 INFO  clocks.c:460                 Clock difference = -88 msec
2025-10-20 13:15:24 INFO  clocks.c:461       so local clock is lagging by  24 msec
2025-10-20 13:15:24 INFO  clocks.c:450 Local synchronized clock will be forwarded by 0.035 seconds
2025-10-20 13:15:24 INFO  clocks.c:455   because: remote clock was 132.3410 seconds
2025-10-20 13:15:24 INFO  clocks.c:456                          at iTOW = 134143010
2025-10-20 13:15:24 INFO  clocks.c:457              local clock is 132.2415 seconds
2025-10-20 13:15:24 INFO  clocks.c:458                          at iTOW = 134142925
2025-10-20 13:15:24 INFO  clocks.c:459         Estimated time of flight = -64 msec
2025-10-20 13:15:24 INFO  clocks.c:460                 Clock difference = -99 msec
2025-10-20 13:15:24 INFO  clocks.c:461       so local clock is lagging by  35 msec
2025-10-20 13:15:25 INFO  clocks.c:450 Local synchronized clock will be forwarded by 0.019 seconds
2025-10-20 13:15:25 INFO  clocks.c:455   because: remote clock was 132.9610 seconds
2025-10-20 13:15:25 INFO  clocks.c:456                          at iTOW = 134143617
2025-10-20 13:15:25 INFO  clocks.c:457              local clock is 132.8776 seconds
2025-10-20 13:15:25 INFO  clocks.c:458                          at iTOW = 134143526
2025-10-20 13:15:25 INFO  clocks.c:459         Estimated time of flight = -64 msec
2025-10-20 13:15:25 INFO  clocks.c:460                 Clock difference = -83 msec
2025-10-20 13:15:25 INFO  clocks.c:461       so local clock is lagging by  19 msec
2025-10-20 13:15:26 INFO  clocks.c:450 Local synchronized clock will be forwarded by 0.031 seconds
2025-10-20 13:15:26 INFO  clocks.c:455   because: remote clock was 133.4880 seconds
2025-10-20 13:15:26 INFO  clocks.c:456                          at iTOW = 134144100
2025-10-20 13:15:26 INFO  clocks.c:457              local clock is 133.3927 seconds
2025-10-20 13:15:26 INFO  clocks.c:458                          at iTOW = 134144021
2025-10-20 13:15:26 INFO  clocks.c:459         Estimated time of flight = -64 msec
2025-10-20 13:15:26 INFO  clocks.c:460                 Clock difference = -95 msec
2025-10-20 13:15:26 INFO  clocks.c:461       so local clock is lagging by  31 msec
2025-10-20 13:15:26 INFO  clocks.c:450 Local synchronized clock will be forwarded by 0.012 seconds
2025-10-20 13:15:26 INFO  clocks.c:455   because: remote clock was 133.7990 seconds
2025-10-20 13:15:26 INFO  clocks.c:456                          at iTOW = 134144411
2025-10-20 13:15:26 INFO  clocks.c:457              local clock is 133.7230 seconds
2025-10-20 13:15:26 INFO  clocks.c:458                          at iTOW = 134144320
2025-10-20 13:15:26 INFO  clocks.c:459         Estimated time of flight = -64 msec
2025-10-20 13:15:26 INFO  clocks.c:460                 Clock difference = -76 msec
2025-10-20 13:15:26 INFO  clocks.c:461       so local clock is lagging by  12 msec
2025-10-20 13:15:26 INFO  clocks.c:450 Local synchronized clock will be forwarded by 0.033 seconds
2025-10-20 13:15:26 INFO  clocks.c:455   because: remote clock was 133.9370 seconds
2025-10-20 13:15:26 INFO  clocks.c:456                          at iTOW = 134144512
2025-10-20 13:15:26 INFO  clocks.c:457              local clock is 133.8399 seconds
2025-10-20 13:15:26 INFO  clocks.c:458                          at iTOW = 134144425
2025-10-20 13:15:26 INFO  clocks.c:459         Estimated time of flight = -64 msec
2025-10-20 13:15:26 INFO  clocks.c:460                 Clock difference = -97 msec
2025-10-20 13:15:26 INFO  clocks.c:461       so local clock is lagging by  33 msec
2025-10-20 13:15:26 INFO  clocks.c:450 Local synchronized clock will be forwarded by 0.012 seconds
2025-10-20 13:15:26 INFO  clocks.c:455   because: remote clock was 134.3490 seconds
2025-10-20 13:15:26 INFO  clocks.c:456                          at iTOW = 134144912
2025-10-20 13:15:26 INFO  clocks.c:457              local clock is 134.2729 seconds
2025-10-20 13:15:26 INFO  clocks.c:458                          at iTOW = 134144825
2025-10-20 13:15:26 INFO  clocks.c:459         Estimated time of flight = -64 msec
2025-10-20 13:15:26 INFO  clocks.c:460                 Clock difference = -76 msec
2025-10-20 13:15:26 INFO  clocks.c:461       so local clock is lagging by  12 msec
2025-10-20 13:15:26 INFO  clocks.c:450 Local synchronized clock will be forwarded by 0.015 seconds
2025-10-20 13:15:26 INFO  clocks.c:455   because: remote clock was 134.4640 seconds
2025-10-20 13:15:26 INFO  clocks.c:456                          at iTOW = 134145012
2025-10-20 13:15:26 INFO  clocks.c:457              local clock is 134.3850 seconds
2025-10-20 13:15:26 INFO  clocks.c:458                          at iTOW = 134144925
2025-10-20 13:15:26 INFO  clocks.c:459         Estimated time of flight = -64 msec
2025-10-20 13:15:26 INFO  clocks.c:460                 Clock difference = -79 msec
2025-10-20 13:15:26 INFO  clocks.c:461       so local clock is lagging by  15 msec
2025-10-20 13:15:27 INFO  clocks.c:450 Local synchronized clock will be forwarded by 0.029 seconds
2025-10-20 13:15:27 INFO  clocks.c:455   because: remote clock was 134.7930 seconds
2025-10-20 13:15:27 INFO  clocks.c:456                          at iTOW = 134145314
2025-10-20 13:15:27 INFO  clocks.c:457              local clock is 134.7000 seconds
2025-10-20 13:15:27 INFO  clocks.c:458                          at iTOW = 134145225
2025-10-20 13:15:27 INFO  clocks.c:459         Estimated time of flight = -64 msec
2025-10-20 13:15:27 INFO  clocks.c:460                 Clock difference = -93 msec
2025-10-20 13:15:27 INFO  clocks.c:461       so local clock is lagging by  29 msec
2025-10-20 13:15:27 INFO  clocks.c:450 Local synchronized clock will be forwarded by 0.040 seconds
2025-10-20 13:15:27 INFO  clocks.c:455   because: remote clock was 135.1330 seconds
2025-10-20 13:15:27 INFO  clocks.c:456                          at iTOW = 134145619
2025-10-20 13:15:27 INFO  clocks.c:457              local clock is 135.0295 seconds
2025-10-20 13:15:27 INFO  clocks.c:458                          at iTOW = 134145526
2025-10-20 13:15:27 INFO  clocks.c:459         Estimated time of flight = -64 msec
2025-10-20 13:15:27 INFO  clocks.c:460                 Clock difference = -103 msec
2025-10-20 13:15:27 INFO  clocks.c:461       so local clock is lagging by  39 msec
2025-10-20 13:15:27 INFO  clocks.c:450 Local synchronized clock will be forwarded by 0.020 seconds
2025-10-20 13:15:27 INFO  clocks.c:455   because: remote clock was 135.3520 seconds
2025-10-20 13:15:27 INFO  clocks.c:456                          at iTOW = 134145818
2025-10-20 13:15:27 INFO  clocks.c:457              local clock is 135.2685 seconds
2025-10-20 13:15:27 INFO  clocks.c:458                          at iTOW = 134145725
2025-10-20 13:15:27 INFO  clocks.c:459         Estimated time of flight = -64 msec
2025-10-20 13:15:27 INFO  clocks.c:460                 Clock difference = -83 msec
2025-10-20 13:15:27 INFO  clocks.c:461       so local clock is lagging by  19 msec
2025-10-20 13:15:27 INFO  clocks.c:450 Local synchronized clock will be forwarded by 0.029 seconds
2025-10-20 13:15:27 INFO  clocks.c:455   because: remote clock was 135.5810 seconds
2025-10-20 13:15:27 INFO  clocks.c:456                          at iTOW = 134146020
2025-10-20 13:15:27 INFO  clocks.c:457              local clock is 135.4880 seconds
2025-10-20 13:15:27 INFO  clocks.c:458                          at iTOW = 134145925
2025-10-20 13:15:27 INFO  clocks.c:459         Estimated time of flight = -64 msec
2025-10-20 13:15:27 INFO  clocks.c:460                 Clock difference = -92 msec
2025-10-20 13:15:27 INFO  clocks.c:461       so local clock is lagging by  28 msec
2025-10-20 13:15:28 INFO  clocks.c:450 Local synchronized clock will be forwarded by 0.050 seconds
2025-10-20 13:15:28 INFO  clocks.c:455   because: remote clock was 135.7230 seconds
2025-10-20 13:15:28 INFO  clocks.c:456                          at iTOW = 134146103
2025-10-20 13:15:28 INFO  clocks.c:457              local clock is 135.6093 seconds
2025-10-20 13:15:28 INFO  clocks.c:458                          at iTOW = 134146017
2025-10-20 13:15:28 INFO  clocks.c:459         Estimated time of flight = -64 msec
2025-10-20 13:15:28 INFO  clocks.c:460                 Clock difference = -113 msec
2025-10-20 13:15:28 INFO  clocks.c:461       so local clock is lagging by  49 msec
2025-10-20 13:15:28 WARN  algorithms/waypoint.c:1099 Drift from waypoint is large (3.02 > 3.00 m)
2025-10-20 13:15:28 INFO  clocks.c:450 Local synchronized clock will be forwarded by 0.047 seconds
2025-10-20 13:15:28 INFO  clocks.c:455   because: remote clock was 136.4780 seconds
2025-10-20 13:15:28 INFO  clocks.c:456                          at iTOW = 134146817
2025-10-20 13:15:28 INFO  clocks.c:457              local clock is 136.3668 seconds
2025-10-20 13:15:28 INFO  clocks.c:458                          at iTOW = 134146725
2025-10-20 13:15:28 INFO  clocks.c:459         Estimated time of flight = -64 msec
2025-10-20 13:15:28 INFO  clocks.c:460                 Clock difference = -111 msec
2025-10-20 13:15:28 INFO  clocks.c:461       so local clock is lagging by  47 msec
2025-10-20 13:15:29 INFO  clocks.c:450 Local synchronized clock will be forwarded by 0.012 seconds
2025-10-20 13:15:29 INFO  clocks.c:455   because: remote clock was 136.9900 seconds
2025-10-20 13:15:29 INFO  clocks.c:456                          at iTOW = 134147303
2025-10-20 13:15:29 INFO  clocks.c:457              local clock is 136.9141 seconds
2025-10-20 13:15:29 INFO  clocks.c:458                          at iTOW = 134147225
2025-10-20 13:15:29 INFO  clocks.c:459         Estimated time of flight = -64 msec
2025-10-20 13:15:29 INFO  clocks.c:460                 Clock difference = -75 msec
2025-10-20 13:15:29 INFO  clocks.c:461       so local clock is lagging by  11 msec
2025-10-20 13:15:30 INFO  clocks.c:450 Local synchronized clock will be forwarded by 0.019 seconds
2025-10-20 13:15:30 INFO  clocks.c:455   because: remote clock was 138.4220 seconds
2025-10-20 13:15:30 INFO  clocks.c:456                          at iTOW = 134148724
2025-10-20 13:15:30 INFO  clocks.c:457              local clock is 138.3387 seconds
2025-10-20 13:15:30 INFO  clocks.c:458                          at iTOW = 134148638
2025-10-20 13:15:30 INFO  clocks.c:459         Estimated time of flight = -64 msec
2025-10-20 13:15:30 INFO  clocks.c:460                 Clock difference = -83 msec
2025-10-20 13:15:30 INFO  clocks.c:461       so local clock is lagging by  19 msec
2025-10-20 13:15:31 INFO  clocks.c:450 Local synchronized clock will be forwarded by 0.027 seconds
2025-10-20 13:15:31 INFO  clocks.c:455   because: remote clock was 139.0570 seconds
2025-10-20 13:15:31 INFO  clocks.c:456                          at iTOW = 134149339
2025-10-20 13:15:31 INFO  clocks.c:457              local clock is 138.9655 seconds
2025-10-20 13:15:31 INFO  clocks.c:458                          at iTOW = 134149246
2025-10-20 13:15:31 INFO  clocks.c:459         Estimated time of flight = -64 msec
2025-10-20 13:15:31 INFO  clocks.c:460                 Clock difference = -91 msec
2025-10-20 13:15:31 INFO  clocks.c:461       so local clock is lagging by  27 msec
2025-10-20 13:15:31 INFO  algorithms/waypoint.c:1104 Drift from waypoint is under threshold again
2025-10-20 13:15:31 WARN  algorithms/waypoint.c:1099 Drift from waypoint is large (3.04 > 3.00 m)
2025-10-20 13:15:31 INFO  algorithms/waypoint.c:1104 Drift from waypoint is under threshold again
2025-10-20 13:15:32 INFO  clocks.c:450 Local synchronized clock will be forwarded by 0.014 seconds
2025-10-20 13:15:32 INFO  clocks.c:455   because: remote clock was 140.0710 seconds
2025-10-20 13:15:32 INFO  clocks.c:456                          at iTOW = 134150332
2025-10-20 13:15:32 INFO  clocks.c:457              local clock is 139.9926 seconds
2025-10-20 13:15:32 INFO  clocks.c:458                          at iTOW = 134150245
2025-10-20 13:15:32 INFO  clocks.c:459         Estimated time of flight = -64 msec
2025-10-20 13:15:32 INFO  clocks.c:460                 Clock difference = -78 msec
2025-10-20 13:15:32 INFO  clocks.c:461       so local clock is lagging by  14 msec
2025-10-20 13:15:32 INFO  clocks.c:450 Local synchronized clock will be forwarded by 0.020 seconds
2025-10-20 13:15:32 INFO  clocks.c:455   because: remote clock was 140.2910 seconds
2025-10-20 13:15:32 INFO  clocks.c:456                          at iTOW = 134150536
2025-10-20 13:15:32 INFO  clocks.c:457              local clock is 140.2070 seconds
2025-10-20 13:15:32 INFO  clocks.c:458                          at iTOW = 134150445
2025-10-20 13:15:32 INFO  clocks.c:459         Estimated time of flight = -64 msec
2025-10-20 13:15:32 INFO  clocks.c:460                 Clock difference = -83 msec
2025-10-20 13:15:32 INFO  clocks.c:461       so local clock is lagging by  19 msec
2025-10-20 13:15:32 INFO  clocks.c:450 Local synchronized clock will be forwarded by 0.026 seconds
2025-10-20 13:15:32 INFO  clocks.c:455   because: remote clock was 140.5170 seconds
2025-10-20 13:15:32 INFO  clocks.c:456                          at iTOW = 134150740
2025-10-20 13:15:32 INFO  clocks.c:457              local clock is 140.4271 seconds
2025-10-20 13:15:32 INFO  clocks.c:458                          at iTOW = 134150645
2025-10-20 13:15:32 INFO  clocks.c:459         Estimated time of flight = -64 msec
2025-10-20 13:15:32 INFO  clocks.c:460                 Clock difference = -89 msec
2025-10-20 13:15:32 INFO  clocks.c:461       so local clock is lagging by  25 msec
2025-10-20 13:15:32 INFO  clocks.c:450 Local synchronized clock will be forwarded by 0.011 seconds
2025-10-20 13:15:32 INFO  clocks.c:455   because: remote clock was 140.8380 seconds
2025-10-20 13:15:32 INFO  clocks.c:456                          at iTOW = 134151044
2025-10-20 13:15:32 INFO  clocks.c:457              local clock is 140.7629 seconds
2025-10-20 13:15:32 INFO  clocks.c:458                          at iTOW = 134150955
2025-10-20 13:15:32 INFO  clocks.c:459         Estimated time of flight = -64 msec
2025-10-20 13:15:32 INFO  clocks.c:460                 Clock difference = -75 msec
2025-10-20 13:15:32 INFO  clocks.c:461       so local clock is lagging by  11 msec
2025-10-20 13:15:34 INFO  clocks.c:450 Local synchronized clock will be forwarded by 0.025 seconds
2025-10-20 13:15:34 INFO  clocks.c:455   because: remote clock was 141.9660 seconds
2025-10-20 13:15:34 INFO  clocks.c:456                          at iTOW = 134152141
2025-10-20 13:15:34 INFO  clocks.c:457              local clock is 141.8768 seconds
2025-10-20 13:15:34 INFO  clocks.c:458                          at iTOW = 134152058
2025-10-20 13:15:34 INFO  clocks.c:459         Estimated time of flight = -64 msec
2025-10-20 13:15:34 INFO  clocks.c:460                 Clock difference = -89 msec
2025-10-20 13:15:34 INFO  clocks.c:461       so local clock is lagging by  25 msec
2025-10-20 13:15:35 INFO  clocks.c:450 Local synchronized clock will be forwarded by 0.019 seconds
2025-10-20 13:15:35 INFO  clocks.c:455   because: remote clock was 143.0920 seconds
2025-10-20 13:15:35 INFO  clocks.c:456                          at iTOW = 134153255
2025-10-20 13:15:35 INFO  clocks.c:457              local clock is 143.0093 seconds
2025-10-20 13:15:35 INFO  clocks.c:458                          at iTOW = 134153165
2025-10-20 13:15:35 INFO  clocks.c:459         Estimated time of flight = -64 msec
2025-10-20 13:15:35 INFO  clocks.c:460                 Clock difference = -82 msec
2025-10-20 13:15:35 INFO  clocks.c:461       so local clock is lagging by  18 msec
2025-10-20 13:15:35 INFO  clocks.c:450 Local synchronized clock will be forwarded by 0.011 seconds
2025-10-20 13:15:35 INFO  clocks.c:455   because: remote clock was 143.2030 seconds
2025-10-20 13:15:35 INFO  clocks.c:456                          at iTOW = 134153335
2025-10-20 13:15:35 INFO  clocks.c:457              local clock is 143.1284 seconds
2025-10-20 13:15:35 INFO  clocks.c:458                          at iTOW = 134153266
2025-10-20 13:15:35 INFO  clocks.c:459         Estimated time of flight = -64 msec
2025-10-20 13:15:35 INFO  clocks.c:460                 Clock difference = -74 msec
2025-10-20 13:15:35 INFO  clocks.c:461       so local clock is lagging by  10 msec
2025-10-20 13:15:35 INFO  clocks.c:450 Local synchronized clock will be forwarded by 0.022 seconds
2025-10-20 13:15:35 INFO  clocks.c:455   because: remote clock was 143.3250 seconds
2025-10-20 13:15:35 INFO  clocks.c:456                          at iTOW = 134153457
2025-10-20 13:15:35 INFO  clocks.c:457              local clock is 143.2386 seconds
2025-10-20 13:15:35 INFO  clocks.c:458                          at iTOW = 134153365
2025-10-20 13:15:35 INFO  clocks.c:459         Estimated time of flight = -64 msec
2025-10-20 13:15:35 INFO  clocks.c:460                 Clock difference = -86 msec
2025-10-20 13:15:35 INFO  clocks.c:461       so local clock is lagging by  22 msec
2025-10-20 13:15:35 INFO  clocks.c:450 Local synchronized clock will be forwarded by 0.015 seconds
2025-10-20 13:15:35 INFO  clocks.c:455   because: remote clock was 143.5400 seconds
2025-10-20 13:15:35 INFO  clocks.c:456                          at iTOW = 134153658
2025-10-20 13:15:35 INFO  clocks.c:457              local clock is 143.4610 seconds
2025-10-20 13:15:35 INFO  clocks.c:458                          at iTOW = 134153565
2025-10-20 13:15:35 INFO  clocks.c:459         Estimated time of flight = -64 msec
2025-10-20 13:15:35 INFO  clocks.c:460                 Clock difference = -78 msec
2025-10-20 13:15:35 INFO  clocks.c:461       so local clock is lagging by  14 msec
2025-10-20 13:15:35 INFO  clocks.c:450 Local synchronized clock will be forwarded by 0.060 seconds
2025-10-20 13:15:35 INFO  clocks.c:455   because: remote clock was 144.0000 seconds
2025-10-20 13:15:35 INFO  clocks.c:456                          at iTOW = 134154059
2025-10-20 13:15:35 INFO  clocks.c:457              local clock is 143.8759 seconds
2025-10-20 13:15:35 INFO  clocks.c:458                          at iTOW = 134153965
2025-10-20 13:15:35 INFO  clocks.c:459         Estimated time of flight = -64 msec
2025-10-20 13:15:35 INFO  clocks.c:460                 Clock difference = -124 msec
2025-10-20 13:15:35 INFO  clocks.c:461       so local clock is lagging by  60 msec
2025-10-20 13:15:36 INFO  clocks.c:450 Local synchronized clock will be forwarded by 0.036 seconds
2025-10-20 13:15:36 INFO  clocks.c:455   because: remote clock was 144.9360 seconds
2025-10-20 13:15:36 INFO  clocks.c:456                          at iTOW = 134154943
2025-10-20 13:15:36 INFO  clocks.c:457              local clock is 144.8360 seconds
2025-10-20 13:15:36 INFO  clocks.c:458                          at iTOW = 134154865
2025-10-20 13:15:36 INFO  clocks.c:459         Estimated time of flight = -64 msec
2025-10-20 13:15:36 INFO  clocks.c:460                 Clock difference = -99 msec
2025-10-20 13:15:36 INFO  clocks.c:461       so local clock is lagging by  35 msec
2025-10-20 13:15:37 INFO  clocks.c:450 Local synchronized clock will be forwarded by 0.032 seconds
2025-10-20 13:15:37 INFO  clocks.c:455   because: remote clock was 145.2780 seconds
2025-10-20 13:15:37 INFO  clocks.c:456                          at iTOW = 134155265
2025-10-20 13:15:37 INFO  clocks.c:457              local clock is 145.1821 seconds
2025-10-20 13:15:37 INFO  clocks.c:458                          at iTOW = 134155175
2025-10-20 13:15:37 INFO  clocks.c:459         Estimated time of flight = -64 msec
2025-10-20 13:15:37 INFO  clocks.c:460                 Clock difference = -95 msec
2025-10-20 13:15:37 INFO  clocks.c:461       so local clock is lagging by  31 msec
2025-10-20 13:15:37 INFO  clocks.c:450 Local synchronized clock will be forwarded by 0.037 seconds
2025-10-20 13:15:37 INFO  clocks.c:455   because: remote clock was 145.5150 seconds
2025-10-20 13:15:37 INFO  clocks.c:456                          at iTOW = 134155465
2025-10-20 13:15:37 INFO  clocks.c:457              local clock is 145.4139 seconds
2025-10-20 13:15:37 INFO  clocks.c:458                          at iTOW = 134155375
2025-10-20 13:15:37 INFO  clocks.c:459         Estimated time of flight = -64 msec
2025-10-20 13:15:37 INFO  clocks.c:460                 Clock difference = -101 msec
2025-10-20 13:15:37 INFO  clocks.c:461       so local clock is lagging by  37 msec
2025-10-20 13:15:37 INFO  clocks.c:450 Local synchronized clock will be forwarded by 0.017 seconds
2025-10-20 13:15:37 INFO  clocks.c:455   because: remote clock was 146.0390 seconds
2025-10-20 13:15:37 INFO  clocks.c:456                          at iTOW = 134155971
2025-10-20 13:15:37 INFO  clocks.c:457              local clock is 145.9577 seconds
2025-10-20 13:15:37 INFO  clocks.c:458                          at iTOW = 134155882
2025-10-20 13:15:37 INFO  clocks.c:459         Estimated time of flight = -64 msec
2025-10-20 13:15:37 INFO  clocks.c:460                 Clock difference = -81 msec
2025-10-20 13:15:37 INFO  clocks.c:461       so local clock is lagging by  17 msec
2025-10-20 13:15:38 INFO  clocks.c:450 Local synchronized clock will be forwarded by 0.011 seconds
2025-10-20 13:15:38 INFO  clocks.c:455   because: remote clock was 146.4530 seconds
2025-10-20 13:15:38 INFO  clocks.c:456                          at iTOW = 134156375
2025-10-20 13:15:38 INFO  clocks.c:457              local clock is 146.3784 seconds
2025-10-20 13:15:38 INFO  clocks.c:458                          at iTOW = 134156285
2025-10-20 13:15:38 INFO  clocks.c:459         Estimated time of flight = -64 msec
2025-10-20 13:15:38 INFO  clocks.c:460                 Clock difference = -74 msec
2025-10-20 13:15:38 INFO  clocks.c:461       so local clock is lagging by  10 msec
2025-10-20 13:15:38 INFO  clocks.c:450 Local synchronized clock will be forwarded by 0.013 seconds
2025-10-20 13:15:38 INFO  clocks.c:455   because: remote clock was 146.6660 seconds
2025-10-20 13:15:38 INFO  clocks.c:456                          at iTOW = 134156577
2025-10-20 13:15:38 INFO  clocks.c:457              local clock is 146.5889 seconds
2025-10-20 13:15:38 INFO  clocks.c:458                          at iTOW = 134156485
2025-10-20 13:15:38 INFO  clocks.c:459         Estimated time of flight = -64 msec
2025-10-20 13:15:38 INFO  clocks.c:460                 Clock difference = -77 msec
2025-10-20 13:15:38 INFO  clocks.c:461       so local clock is lagging by  13 msec
2025-10-20 13:15:38 INFO  clocks.c:450 Local synchronized clock will be forwarded by 0.011 seconds
2025-10-20 13:15:38 INFO  clocks.c:455   because: remote clock was 147.0770 seconds
2025-10-20 13:15:38 INFO  clocks.c:456                          at iTOW = 134156961
2025-10-20 13:15:38 INFO  clocks.c:457              local clock is 147.0023 seconds
2025-10-20 13:15:38 INFO  clocks.c:458                          at iTOW = 134156886
2025-10-20 13:15:38 INFO  clocks.c:459         Estimated time of flight = -64 msec
2025-10-20 13:15:38 INFO  clocks.c:460                 Clock difference = -74 msec
2025-10-20 13:15:38 INFO  clocks.c:461       so local clock is lagging by  10 msec
2025-10-20 13:15:39 INFO  clocks.c:450 Local synchronized clock will be forwarded by 0.032 seconds
2025-10-20 13:15:39 INFO  clocks.c:455   because: remote clock was 147.6290 seconds
2025-10-20 13:15:39 INFO  clocks.c:456                          at iTOW = 134157495
2025-10-20 13:15:39 INFO  clocks.c:457              local clock is 147.5327 seconds
2025-10-20 13:15:39 INFO  clocks.c:458                          at iTOW = 134157405
2025-10-20 13:15:39 INFO  clocks.c:459         Estimated time of flight = -64 msec
2025-10-20 13:15:39 INFO  clocks.c:460                 Clock difference = -96 msec
2025-10-20 13:15:39 INFO  clocks.c:461       so local clock is lagging by  32 msec
2025-10-20 13:15:39 INFO  clocks.c:450 Local synchronized clock will be forwarded by 0.034 seconds
2025-10-20 13:15:39 INFO  clocks.c:455   because: remote clock was 147.8630 seconds
2025-10-20 13:15:39 INFO  clocks.c:456                          at iTOW = 134157697
2025-10-20 13:15:39 INFO  clocks.c:457              local clock is 147.7651 seconds
2025-10-20 13:15:39 INFO  clocks.c:458                          at iTOW = 134157605
2025-10-20 13:15:39 INFO  clocks.c:459         Estimated time of flight = -64 msec
2025-10-20 13:15:39 INFO  clocks.c:460                 Clock difference = -97 msec
2025-10-20 13:15:39 INFO  clocks.c:461       so local clock is lagging by  33 msec
2025-10-20 13:15:39 INFO  clocks.c:450 Local synchronized clock will be forwarded by 0.036 seconds
2025-10-20 13:15:39 INFO  clocks.c:455   because: remote clock was 148.0990 seconds
2025-10-20 13:15:39 INFO  clocks.c:456                          at iTOW = 134157899
2025-10-20 13:15:39 INFO  clocks.c:457              local clock is 147.9991 seconds
2025-10-20 13:15:39 INFO  clocks.c:458                          at iTOW = 134157806
2025-10-20 13:15:39 INFO  clocks.c:459         Estimated time of flight = -64 msec
2025-10-20 13:15:39 INFO  clocks.c:460                 Clock difference = -99 msec
2025-10-20 13:15:39 INFO  clocks.c:461       so local clock is lagging by  35 msec
2025-10-20 13:15:40 INFO  clocks.c:450 Local synchronized clock will be forwarded by 0.017 seconds
2025-10-20 13:15:40 INFO  clocks.c:455   because: remote clock was 148.4620 seconds
2025-10-20 13:15:40 INFO  clocks.c:456                          at iTOW = 134158243
2025-10-20 13:15:40 INFO  clocks.c:457              local clock is 148.4447 seconds
2025-10-20 13:15:40 INFO  clocks.c:458                          at iTOW = 134158215
2025-10-20 13:15:40 INFO  clocks.c:459         Estimated time of flight =   0 msec
2025-10-20 13:15:40 INFO  clocks.c:460                 Clock difference = -17 msec
2025-10-20 13:15:40 INFO  clocks.c:461       so local clock is lagging by  17 msec
2025-10-20 13:15:40 WARN  algorithms/waypoint.c:1099 Drift from waypoint is large (3.00 > 3.00 m)
2025-10-20 13:15:41 INFO  clocks.c:450 Local synchronized clock will be forwarded by 0.018 seconds
2025-10-20 13:15:41 INFO  clocks.c:455   because: remote clock was 149.8540 seconds
2025-10-20 13:15:41 INFO  clocks.c:456                          at iTOW = 134159620
2025-10-20 13:15:41 INFO  clocks.c:457              local clock is 149.7719 seconds
2025-10-20 13:15:41 INFO  clocks.c:458                          at iTOW = 134159525
2025-10-20 13:15:41 INFO  clocks.c:459         Estimated time of flight = -64 msec
2025-10-20 13:15:41 INFO  clocks.c:460                 Clock difference = -82 msec
2025-10-20 13:15:41 INFO  clocks.c:461       so local clock is lagging by  18 msec
2025-10-20 13:15:41 INFO  algorithms/waypoint.c:1104 Drift from waypoint is under threshold again
2025-10-20 13:15:42 INFO  clocks.c:450 Local synchronized clock will be forwarded by 0.012 seconds
2025-10-20 13:15:42 INFO  clocks.c:455   because: remote clock was 150.5850 seconds
2025-10-20 13:15:42 INFO  clocks.c:456                          at iTOW = 134160332
2025-10-20 13:15:42 INFO  clocks.c:457              local clock is 150.5094 seconds
2025-10-20 13:15:42 INFO  clocks.c:458                          at iTOW = 134160245
2025-10-20 13:15:42 INFO  clocks.c:459         Estimated time of flight = -64 msec
2025-10-20 13:15:42 INFO  clocks.c:460                 Clock difference = -75 msec
2025-10-20 13:15:42 INFO  clocks.c:461       so local clock is lagging by  11 msec
2025-10-20 13:15:42 INFO  clocks.c:450 Local synchronized clock will be forwarded by 0.022 seconds
2025-10-20 13:15:42 INFO  clocks.c:455   because: remote clock was 150.7080 seconds
2025-10-20 13:15:42 INFO  clocks.c:456                          at iTOW = 134160433
2025-10-20 13:15:42 INFO  clocks.c:457              local clock is 150.6216 seconds
2025-10-20 13:15:42 INFO  clocks.c:458                          at iTOW = 134160345
2025-10-20 13:15:42 INFO  clocks.c:459         Estimated time of flight = -64 msec
2025-10-20 13:15:42 INFO  clocks.c:460                 Clock difference = -86 msec
2025-10-20 13:15:42 INFO  clocks.c:461       so local clock is lagging by  22 msec
2025-10-20 13:15:42 INFO  clocks.c:450 Local synchronized clock will be forwarded by 0.028 seconds
2025-10-20 13:15:42 INFO  clocks.c:455   because: remote clock was 151.1380 seconds
2025-10-20 13:15:42 INFO  clocks.c:456                          at iTOW = 134160835
2025-10-20 13:15:42 INFO  clocks.c:457              local clock is 151.0462 seconds
2025-10-20 13:15:42 INFO  clocks.c:458                          at iTOW = 134160747
2025-10-20 13:15:42 INFO  clocks.c:459         Estimated time of flight = -64 msec
2025-10-20 13:15:42 INFO  clocks.c:460                 Clock difference = -91 msec
2025-10-20 13:15:42 INFO  clocks.c:461       so local clock is lagging by  27 msec
2025-10-20 13:15:42 INFO  clocks.c:450 Local synchronized clock will be forwarded by 0.031 seconds
2025-10-20 13:15:42 INFO  clocks.c:455   because: remote clock was 151.2670 seconds
2025-10-20 13:15:42 INFO  clocks.c:456                          at iTOW = 134160935
2025-10-20 13:15:42 INFO  clocks.c:457              local clock is 151.1718 seconds
2025-10-20 13:15:42 INFO  clocks.c:458                          at iTOW = 134160845
2025-10-20 13:15:42 INFO  clocks.c:459         Estimated time of flight = -64 msec
2025-10-20 13:15:42 INFO  clocks.c:460                 Clock difference = -95 msec
2025-10-20 13:15:42 INFO  clocks.c:461       so local clock is lagging by  31 msec
2025-10-20 13:15:43 INFO  clocks.c:450 Local synchronized clock will be forwarded by 0.014 seconds
2025-10-20 13:15:43 INFO  clocks.c:455   because: remote clock was 151.6820 seconds
2025-10-20 13:15:43 INFO  clocks.c:456                          at iTOW = 134161321
2025-10-20 13:15:43 INFO  clocks.c:457              local clock is 151.6036 seconds
2025-10-20 13:15:43 INFO  clocks.c:458                          at iTOW = 134161246
2025-10-20 13:15:43 INFO  clocks.c:459         Estimated time of flight = -64 msec
2025-10-20 13:15:43 INFO  clocks.c:460                 Clock difference = -78 msec
2025-10-20 13:15:43 INFO  clocks.c:461       so local clock is lagging by  14 msec
2025-10-20 13:15:44 INFO  clocks.c:450 Local synchronized clock will be forwarded by 0.020 seconds
2025-10-20 13:15:44 INFO  clocks.c:455   because: remote clock was 152.6210 seconds
2025-10-20 13:15:44 INFO  clocks.c:456                          at iTOW = 134162260
2025-10-20 13:15:44 INFO  clocks.c:457              local clock is 152.5374 seconds
2025-10-20 13:15:44 INFO  clocks.c:458                          at iTOW = 134162165
2025-10-20 13:15:44 INFO  clocks.c:459         Estimated time of flight = -64 msec
2025-10-20 13:15:44 INFO  clocks.c:460                 Clock difference = -83 msec
2025-10-20 13:15:44 INFO  clocks.c:461       so local clock is lagging by  19 msec
2025-10-20 13:15:44 INFO  clocks.c:450 Local synchronized clock will be forwarded by 0.017 seconds
2025-10-20 13:15:44 INFO  clocks.c:455   because: remote clock was 152.7280 seconds
2025-10-20 13:15:44 INFO  clocks.c:456                          at iTOW = 134162346
2025-10-20 13:15:44 INFO  clocks.c:457              local clock is 152.6470 seconds
2025-10-20 13:15:44 INFO  clocks.c:458                          at iTOW = 134162255
2025-10-20 13:15:44 INFO  clocks.c:459         Estimated time of flight = -64 msec
2025-10-20 13:15:44 INFO  clocks.c:460                 Clock difference = -80 msec
2025-10-20 13:15:44 INFO  clocks.c:461       so local clock is lagging by  16 msec
2025-10-20 13:15:44 INFO  clocks.c:450 Local synchronized clock will be forwarded by 0.014 seconds
2025-10-20 13:15:44 INFO  clocks.c:455   because: remote clock was 152.9480 seconds
2025-10-20 13:15:44 INFO  clocks.c:456                          at iTOW = 134162549
2025-10-20 13:15:44 INFO  clocks.c:457              local clock is 152.8701 seconds
2025-10-20 13:15:44 INFO  clocks.c:458                          at iTOW = 134162461
2025-10-20 13:15:44 INFO  clocks.c:459         Estimated time of flight = -64 msec
2025-10-20 13:15:44 INFO  clocks.c:460                 Clock difference = -77 msec
2025-10-20 13:15:44 INFO  clocks.c:461       so local clock is lagging by  13 msec
2025-10-20 13:15:44 INFO  clocks.c:450 Local synchronized clock will be forwarded by 0.013 seconds
2025-10-20 13:15:44 INFO  clocks.c:455   because: remote clock was 153.0620 seconds
2025-10-20 13:15:44 INFO  clocks.c:456                          at iTOW = 134162649
2025-10-20 13:15:44 INFO  clocks.c:457              local clock is 152.9845 seconds
2025-10-20 13:15:44 INFO  clocks.c:458                          at iTOW = 134162562
2025-10-20 13:15:44 INFO  clocks.c:459         Estimated time of flight = -64 msec
2025-10-20 13:15:44 INFO  clocks.c:460                 Clock difference = -77 msec
2025-10-20 13:15:44 INFO  clocks.c:461       so local clock is lagging by  13 msec
2025-10-20 13:15:44 INFO  clocks.c:450 Local synchronized clock will be forwarded by 0.016 seconds
2025-10-20 13:15:44 INFO  clocks.c:455   because: remote clock was 153.1780 seconds
2025-10-20 13:15:44 INFO  clocks.c:456                          at iTOW = 134162749
2025-10-20 13:15:44 INFO  clocks.c:457              local clock is 153.0976 seconds
2025-10-20 13:15:44 INFO  clocks.c:458                          at iTOW = 134162661
2025-10-20 13:15:44 INFO  clocks.c:459         Estimated time of flight = -64 msec
2025-10-20 13:15:44 INFO  clocks.c:460                 Clock difference = -80 msec
2025-10-20 13:15:44 INFO  clocks.c:461       so local clock is lagging by  16 msec
2025-10-20 13:15:45 INFO  clocks.c:450 Local synchronized clock will be forwarded by 0.014 seconds
2025-10-20 13:15:45 INFO  clocks.c:455   because: remote clock was 153.5920 seconds
2025-10-20 13:15:45 INFO  clocks.c:456                          at iTOW = 134163152
2025-10-20 13:15:45 INFO  clocks.c:457              local clock is 153.5140 seconds
2025-10-20 13:15:45 INFO  clocks.c:458                          at iTOW = 134163062
2025-10-20 13:15:45 INFO  clocks.c:459         Estimated time of flight = -64 msec
2025-10-20 13:15:45 INFO  clocks.c:460                 Clock difference = -77 msec
2025-10-20 13:15:45 INFO  clocks.c:461       so local clock is lagging by  13 msec
2025-10-20 13:15:46 INFO  clocks.c:450 Local synchronized clock will be forwarded by 0.016 seconds
2025-10-20 13:15:46 INFO  clocks.c:455   because: remote clock was 154.9070 seconds
2025-10-20 13:15:46 INFO  clocks.c:456                          at iTOW = 134164449
2025-10-20 13:15:46 INFO  clocks.c:457              local clock is 154.8270 seconds
2025-10-20 13:15:46 INFO  clocks.c:458                          at iTOW = 134164361
2025-10-20 13:15:46 INFO  clocks.c:459         Estimated time of flight = -64 msec
2025-10-20 13:15:46 INFO  clocks.c:460                 Clock difference = -79 msec
2025-10-20 13:15:46 INFO  clocks.c:461       so local clock is lagging by  15 msec
2025-10-20 13:15:46 INFO  clocks.c:450 Local synchronized clock will be forwarded by 0.020 seconds
2025-10-20 13:15:46 INFO  clocks.c:455   because: remote clock was 155.0270 seconds
2025-10-20 13:15:46 INFO  clocks.c:456                          at iTOW = 134164549
2025-10-20 13:15:46 INFO  clocks.c:457              local clock is 154.9432 seconds
2025-10-20 13:15:46 INFO  clocks.c:458                          at iTOW = 134164461
2025-10-20 13:15:46 INFO  clocks.c:459         Estimated time of flight = -64 msec
2025-10-20 13:15:46 INFO  clocks.c:460                 Clock difference = -83 msec
2025-10-20 13:15:46 INFO  clocks.c:461       so local clock is lagging by  19 msec
2025-10-20 13:15:46 INFO  clocks.c:450 Local synchronized clock will be forwarded by 0.018 seconds
2025-10-20 13:15:46 INFO  clocks.c:455   because: remote clock was 155.1460 seconds
2025-10-20 13:15:46 INFO  clocks.c:456                          at iTOW = 134164649
2025-10-20 13:15:46 INFO  clocks.c:457              local clock is 155.0637 seconds
2025-10-20 13:15:46 INFO  clocks.c:458                          at iTOW = 134164562
2025-10-20 13:15:46 INFO  clocks.c:459         Estimated time of flight = -64 msec
2025-10-20 13:15:46 INFO  clocks.c:460                 Clock difference = -82 msec
2025-10-20 13:15:46 INFO  clocks.c:461       so local clock is lagging by  18 msec
2025-10-20 13:15:46 INFO  clocks.c:450 Local synchronized clock will be forwarded by 0.024 seconds
2025-10-20 13:15:46 INFO  clocks.c:455   because: remote clock was 155.2690 seconds
2025-10-20 13:15:46 INFO  clocks.c:456                          at iTOW = 134164729
2025-10-20 13:15:46 INFO  clocks.c:457              local clock is 155.1815 seconds
2025-10-20 13:15:46 INFO  clocks.c:458                          at iTOW = 134164661
2025-10-20 13:15:46 INFO  clocks.c:459         Estimated time of flight = -64 msec
2025-10-20 13:15:46 INFO  clocks.c:460                 Clock difference = -87 msec
2025-10-20 13:15:46 INFO  clocks.c:461       so local clock is lagging by  23 msec
2025-10-20 13:15:47 INFO  clocks.c:450 Local synchronized clock will be forwarded by 0.029 seconds
2025-10-20 13:15:47 INFO  clocks.c:455   because: remote clock was 156.0020 seconds
2025-10-20 13:15:47 INFO  clocks.c:456                          at iTOW = 134165446
2025-10-20 13:15:47 INFO  clocks.c:457              local clock is 155.9092 seconds
2025-10-20 13:15:47 INFO  clocks.c:458                          at iTOW = 134165365
2025-10-20 13:15:47 INFO  clocks.c:459         Estimated time of flight = -64 msec
2025-10-20 13:15:47 INFO  clocks.c:460                 Clock difference = -92 msec
2025-10-20 13:15:47 INFO  clocks.c:461       so local clock is lagging by  28 msec
2025-10-20 13:15:48 INFO  clocks.c:450 Local synchronized clock will be forwarded by 0.040 seconds
2025-10-20 13:15:48 INFO  clocks.c:455   because: remote clock was 157.3490 seconds
2025-10-20 13:15:48 INFO  clocks.c:456                          at iTOW = 134166758
2025-10-20 13:15:48 INFO  clocks.c:457              local clock is 157.2454 seconds
2025-10-20 13:15:48 INFO  clocks.c:458                          at iTOW = 134166673
2025-10-20 13:15:48 INFO  clocks.c:459         Estimated time of flight = -64 msec
2025-10-20 13:15:48 INFO  clocks.c:460                 Clock difference = -103 msec
2025-10-20 13:15:48 INFO  clocks.c:461       so local clock is lagging by  39 msec
2025-10-20 13:15:48 INFO  clocks.c:450 Local synchronized clock will be forwarded by 0.018 seconds
2025-10-20 13:15:48 INFO  clocks.c:455   because: remote clock was 157.5670 seconds
2025-10-20 13:15:48 INFO  clocks.c:456                          at iTOW = 134166959
2025-10-20 13:15:48 INFO  clocks.c:457              local clock is 157.4845 seconds
2025-10-20 13:15:48 INFO  clocks.c:458                          at iTOW = 134166872
2025-10-20 13:15:48 INFO  clocks.c:459         Estimated time of flight = -64 msec
2025-10-20 13:15:48 INFO  clocks.c:460                 Clock difference = -82 msec
2025-10-20 13:15:48 INFO  clocks.c:461       so local clock is lagging by  18 msec
2025-10-20 13:15:48 INFO  clocks.c:450 Local synchronized clock will be forwarded by 0.021 seconds
2025-10-20 13:15:48 INFO  clocks.c:455   because: remote clock was 157.6870 seconds
2025-10-20 13:15:48 INFO  clocks.c:456                          at iTOW = 134167059
2025-10-20 13:15:48 INFO  clocks.c:457              local clock is 157.6019 seconds
2025-10-20 13:15:48 INFO  clocks.c:458                          at iTOW = 134166971
2025-10-20 13:15:48 INFO  clocks.c:459         Estimated time of flight = -64 msec
2025-10-20 13:15:48 INFO  clocks.c:460                 Clock difference = -85 msec
2025-10-20 13:15:48 INFO  clocks.c:461       so local clock is lagging by  21 msec
2025-10-20 13:15:49 INFO  clocks.c:450 Local synchronized clock will be forwarded by 0.023 seconds
2025-10-20 13:15:49 INFO  clocks.c:455   because: remote clock was 158.0100 seconds
2025-10-20 13:15:49 INFO  clocks.c:456                          at iTOW = 134167361
2025-10-20 13:15:49 INFO  clocks.c:457              local clock is 157.9228 seconds
2025-10-20 13:15:49 INFO  clocks.c:458                          at iTOW = 134167271
2025-10-20 13:15:49 INFO  clocks.c:459         Estimated time of flight = -64 msec
2025-10-20 13:15:49 INFO  clocks.c:460                 Clock difference = -87 msec
2025-10-20 13:15:49 INFO  clocks.c:461       so local clock is lagging by  23 msec
2025-10-20 13:15:49 INFO  clocks.c:450 Local synchronized clock will be forwarded by 0.020 seconds
2025-10-20 13:15:49 INFO  clocks.c:455   because: remote clock was 158.5370 seconds
2025-10-20 13:15:49 INFO  clocks.c:456                          at iTOW = 134167862
2025-10-20 13:15:49 INFO  clocks.c:457              local clock is 158.4525 seconds
2025-10-20 13:15:49 INFO  clocks.c:458                          at iTOW = 134167777
2025-10-20 13:15:49 INFO  clocks.c:459         Estimated time of flight = -64 msec
2025-10-20 13:15:49 INFO  clocks.c:460                 Clock difference = -84 msec
2025-10-20 13:15:49 INFO  clocks.c:461       so local clock is lagging by  20 msec
2025-10-20 13:15:50 INFO  clocks.c:450 Local synchronized clock will be forwarded by 0.013 seconds
2025-10-20 13:15:50 INFO  clocks.c:455   because: remote clock was 159.1570 seconds
2025-10-20 13:15:50 INFO  clocks.c:456                          at iTOW = 134168470
2025-10-20 13:15:50 INFO  clocks.c:457              local clock is 159.0801 seconds
2025-10-20 13:15:50 INFO  clocks.c:458                          at iTOW = 134168384
2025-10-20 13:15:50 INFO  clocks.c:459         Estimated time of flight = -64 msec
2025-10-20 13:15:50 INFO  clocks.c:460                 Clock difference = -76 msec
2025-10-20 13:15:50 INFO  clocks.c:461       so local clock is lagging by  12 msec
2025-10-20 13:15:50 INFO  clocks.c:450 Local synchronized clock will be forwarded by 0.020 seconds
2025-10-20 13:15:50 INFO  clocks.c:455   because: remote clock was 159.2780 seconds
2025-10-20 13:15:50 INFO  clocks.c:456                          at iTOW = 134168571
2025-10-20 13:15:50 INFO  clocks.c:457              local clock is 159.1938 seconds
2025-10-20 13:15:50 INFO  clocks.c:458                          at iTOW = 134168485
2025-10-20 13:15:50 INFO  clocks.c:459         Estimated time of flight = -64 msec
2025-10-20 13:15:50 INFO  clocks.c:460                 Clock difference = -84 msec
2025-10-20 13:15:50 INFO  clocks.c:461       so local clock is lagging by  20 msec
2025-10-20 13:15:50 INFO  clocks.c:450 Local synchronized clock will be forwarded by 0.021 seconds
2025-10-20 13:15:50 INFO  clocks.c:455   because: remote clock was 159.5000 seconds
2025-10-20 13:15:50 INFO  clocks.c:456                          at iTOW = 134168773
2025-10-20 13:15:50 INFO  clocks.c:457              local clock is 159.4151 seconds
2025-10-20 13:15:50 INFO  clocks.c:458                          at iTOW = 134168686
2025-10-20 13:15:50 INFO  clocks.c:459         Estimated time of flight = -64 msec
2025-10-20 13:15:50 INFO  clocks.c:460                 Clock difference = -84 msec
2025-10-20 13:15:50 INFO  clocks.c:461       so local clock is lagging by  20 msec
2025-10-20 13:15:50 INFO  clocks.c:450 Local synchronized clock will be forwarded by 0.026 seconds
2025-10-20 13:15:50 INFO  clocks.c:455   because: remote clock was 159.7250 seconds
2025-10-20 13:15:50 INFO  clocks.c:456                          at iTOW = 134168976
2025-10-20 13:15:50 INFO  clocks.c:457              local clock is 159.6350 seconds
2025-10-20 13:15:50 INFO  clocks.c:458                          at iTOW = 134168885
2025-10-20 13:15:50 INFO  clocks.c:459         Estimated time of flight = -64 msec
2025-10-20 13:15:50 INFO  clocks.c:460                 Clock difference = -89 msec
2025-10-20 13:15:50 INFO  clocks.c:461       so local clock is lagging by  25 msec
2025-10-20 13:15:51 INFO  clocks.c:450 Local synchronized clock will be forwarded by 0.027 seconds
2025-10-20 13:15:51 INFO  clocks.c:455   because: remote clock was 159.9520 seconds
2025-10-20 13:15:51 INFO  clocks.c:456                          at iTOW = 134169176
2025-10-20 13:15:51 INFO  clocks.c:457              local clock is 159.8611 seconds
2025-10-20 13:15:51 INFO  clocks.c:458                          at iTOW = 134169085
2025-10-20 13:15:51 INFO  clocks.c:459         Estimated time of flight = -64 msec
2025-10-20 13:15:51 INFO  clocks.c:460                 Clock difference = -90 msec
2025-10-20 13:15:51 INFO  clocks.c:461       so local clock is lagging by  26 msec
2025-10-20 13:15:51 INFO  clocks.c:450 Local synchronized clock will be forwarded by 0.037 seconds
2025-10-20 13:15:51 INFO  clocks.c:455   because: remote clock was 160.1890 seconds
2025-10-20 13:15:51 INFO  clocks.c:456                          at iTOW = 134169380
2025-10-20 13:15:51 INFO  clocks.c:457              local clock is 160.0879 seconds
2025-10-20 13:15:51 INFO  clocks.c:458                          at iTOW = 134169285
2025-10-20 13:15:51 INFO  clocks.c:459         Estimated time of flight = -64 msec
2025-10-20 13:15:51 INFO  clocks.c:460                 Clock difference = -101 msec
2025-10-20 13:15:51 INFO  clocks.c:461       so local clock is lagging by  37 msec
2025-10-20 13:15:51 INFO  clocks.c:450 Local synchronized clock will be forwarded by 0.036 seconds
2025-10-20 13:15:51 INFO  clocks.c:455   because: remote clock was 160.4250 seconds
2025-10-20 13:15:51 INFO  clocks.c:456                          at iTOW = 134169579
2025-10-20 13:15:51 INFO  clocks.c:457              local clock is 160.3250 seconds
2025-10-20 13:15:51 INFO  clocks.c:458                          at iTOW = 134169485
2025-10-20 13:15:51 INFO  clocks.c:459         Estimated time of flight = -64 msec
2025-10-20 13:15:51 INFO  clocks.c:460                 Clock difference = -99 msec
2025-10-20 13:15:51 INFO  clocks.c:461       so local clock is lagging by  35 msec
2025-10-20 13:15:51 INFO  clocks.c:450 Local synchronized clock will be forwarded by 0.036 seconds
2025-10-20 13:15:51 INFO  clocks.c:455   because: remote clock was 160.6610 seconds
2025-10-20 13:15:51 INFO  clocks.c:456                          at iTOW = 134169780
2025-10-20 13:15:51 INFO  clocks.c:457              local clock is 160.5610 seconds
2025-10-20 13:15:51 INFO  clocks.c:458                          at iTOW = 134169685
2025-10-20 13:15:51 INFO  clocks.c:459         Estimated time of flight = -64 msec
2025-10-20 13:15:51 INFO  clocks.c:460                 Clock difference = -99 msec
2025-10-20 13:15:51 INFO  clocks.c:461       so local clock is lagging by  35 msec
2025-10-20 13:15:53 INFO  clocks.c:450 Local synchronized clock will be forwarded by 0.024 seconds
2025-10-20 13:15:53 INFO  clocks.c:455   because: remote clock was 162.3850 seconds
2025-10-20 13:15:53 INFO  clocks.c:456                          at iTOW = 134171467
2025-10-20 13:15:53 INFO  clocks.c:457              local clock is 162.2970 seconds
2025-10-20 13:15:53 INFO  clocks.c:458                          at iTOW = 134171385
2025-10-20 13:15:53 INFO  clocks.c:459         Estimated time of flight = -64 msec
2025-10-20 13:15:53 INFO  clocks.c:460                 Clock difference = -88 msec
2025-10-20 13:15:53 INFO  clocks.c:461       so local clock is lagging by  24 msec
2025-10-20 13:15:54 INFO  clocks.c:450 Local synchronized clock will be forwarded by 0.030 seconds
2025-10-20 13:15:54 INFO  clocks.c:455   because: remote clock was 163.7150 seconds
2025-10-20 13:15:54 INFO  clocks.c:456                          at iTOW = 134172773
2025-10-20 13:15:54 INFO  clocks.c:457              local clock is 163.6210 seconds
2025-10-20 13:15:54 INFO  clocks.c:458                          at iTOW = 134172685
2025-10-20 13:15:54 INFO  clocks.c:459         Estimated time of flight = -64 msec
2025-10-20 13:15:54 INFO  clocks.c:460                 Clock difference = -93 msec
2025-10-20 13:15:54 INFO  clocks.c:461       so local clock is lagging by  29 msec
2025-10-20 13:15:55 INFO  clocks.c:450 Local synchronized clock will be forwarded by 0.013 seconds
2025-10-20 13:15:55 INFO  clocks.c:455   because: remote clock was 164.4320 seconds
2025-10-20 13:15:55 INFO  clocks.c:456                          at iTOW = 134173471
2025-10-20 13:15:55 INFO  clocks.c:457              local clock is 164.3555 seconds
2025-10-20 13:15:55 INFO  clocks.c:458                          at iTOW = 134173390
2025-10-20 13:15:55 INFO  clocks.c:459         Estimated time of flight = -64 msec
2025-10-20 13:15:55 INFO  clocks.c:460                 Clock difference = -76 msec
2025-10-20 13:15:55 INFO  clocks.c:461       so local clock is lagging by  12 msec
2025-10-20 13:15:56 INFO  clocks.c:450 Local synchronized clock will be forwarded by 0.023 seconds
2025-10-20 13:15:56 INFO  clocks.c:455   because: remote clock was 165.1710 seconds
2025-10-20 13:15:56 INFO  clocks.c:456                          at iTOW = 134174195
2025-10-20 13:15:56 INFO  clocks.c:457              local clock is 165.0835 seconds
2025-10-20 13:15:56 INFO  clocks.c:458                          at iTOW = 134174105
2025-10-20 13:15:56 INFO  clocks.c:459         Estimated time of flight = -64 msec
2025-10-20 13:15:56 INFO  clocks.c:460                 Clock difference = -87 msec
2025-10-20 13:15:56 INFO  clocks.c:461       so local clock is lagging by  23 msec
2025-10-20 13:15:56 INFO  clocks.c:450 Local synchronized clock will be forwarded by 0.031 seconds
2025-10-20 13:15:56 INFO  clocks.c:455   because: remote clock was 165.5020 seconds
2025-10-20 13:15:56 INFO  clocks.c:456                          at iTOW = 134174500
2025-10-20 13:15:56 INFO  clocks.c:457              local clock is 165.4070 seconds
2025-10-20 13:15:56 INFO  clocks.c:458                          at iTOW = 134174405
2025-10-20 13:15:56 INFO  clocks.c:459         Estimated time of flight = -64 msec
2025-10-20 13:15:56 INFO  clocks.c:460                 Clock difference = -94 msec
2025-10-20 13:15:56 INFO  clocks.c:461       so local clock is lagging by  30 msec
2025-10-20 13:15:56 INFO  clocks.c:450 Local synchronized clock will be forwarded by 0.024 seconds
2025-10-20 13:15:56 INFO  clocks.c:455   because: remote clock was 165.8360 seconds
2025-10-20 13:15:56 INFO  clocks.c:456                          at iTOW = 134174802
2025-10-20 13:15:56 INFO  clocks.c:457              local clock is 165.7476 seconds
2025-10-20 13:15:56 INFO  clocks.c:458                          at iTOW = 134174715
2025-10-20 13:15:56 INFO  clocks.c:459         Estimated time of flight = -64 msec
2025-10-20 13:15:56 INFO  clocks.c:460                 Clock difference = -88 msec
2025-10-20 13:15:56 INFO  clocks.c:461       so local clock is lagging by  24 msec
2025-10-20 13:15:56 INFO  autopilots/pixhawk/driver.c:1721 statustext: RCInput: decoding UNKNOWN (severity: 7 - DEBUG)
2025-10-20 13:15:56 INFO  autopilots/pixhawk/driver.c:1721 statustext: RCInput: decoding PX4IO_PPM (severity: 7 - DEBUG)
2025-10-20 13:15:57 INFO  clocks.c:450 Local synchronized clock will be forwarded by 0.010 seconds
2025-10-20 13:15:57 INFO  clocks.c:455   because: remote clock was 166.1470 seconds
2025-10-20 13:15:57 INFO  clocks.c:456                          at iTOW = 134175103
2025-10-20 13:15:57 INFO  clocks.c:457              local clock is 166.0726 seconds
2025-10-20 13:15:57 INFO  clocks.c:458                          at iTOW = 134175016
2025-10-20 13:15:57 INFO  clocks.c:459         Estimated time of flight = -64 msec
2025-10-20 13:15:57 INFO  clocks.c:460                 Clock difference = -74 msec
2025-10-20 13:15:57 INFO  clocks.c:461       so local clock is lagging by  10 msec
2025-10-20 13:15:58 INFO  clocks.c:450 Local synchronized clock will be forwarded by 0.014 seconds
2025-10-20 13:15:58 INFO  clocks.c:455   because: remote clock was 167.1610 seconds
2025-10-20 13:15:58 INFO  clocks.c:456                          at iTOW = 134176103
2025-10-20 13:15:58 INFO  clocks.c:457              local clock is 167.0825 seconds
2025-10-20 13:15:58 INFO  clocks.c:458                          at iTOW = 134176015
2025-10-20 13:15:58 INFO  clocks.c:459         Estimated time of flight = -64 msec
2025-10-20 13:15:58 INFO  clocks.c:460                 Clock difference = -78 msec
2025-10-20 13:15:58 INFO  clocks.c:461       so local clock is lagging by  14 msec
2025-10-20 13:15:58 INFO  clocks.c:450 Local synchronized clock will be forwarded by 0.012 seconds
2025-10-20 13:15:58 INFO  clocks.c:455   because: remote clock was 167.5730 seconds
2025-10-20 13:15:58 INFO  clocks.c:456                          at iTOW = 134176504
2025-10-20 13:15:58 INFO  clocks.c:457              local clock is 167.4974 seconds
2025-10-20 13:15:58 INFO  clocks.c:458                          at iTOW = 134176415
2025-10-20 13:15:58 INFO  clocks.c:459         Estimated time of flight = -64 msec
2025-10-20 13:15:58 INFO  clocks.c:460                 Clock difference = -75 msec
2025-10-20 13:15:58 INFO  clocks.c:461       so local clock is lagging by  11 msec
2025-10-20 13:15:58 INFO  clocks.c:450 Local synchronized clock will be forwarded by 0.016 seconds
2025-10-20 13:15:58 INFO  clocks.c:455   because: remote clock was 167.7890 seconds
2025-10-20 13:15:58 INFO  clocks.c:456                          at iTOW = 134176708
2025-10-20 13:15:58 INFO  clocks.c:457              local clock is 167.7089 seconds
2025-10-20 13:15:58 INFO  clocks.c:458                          at iTOW = 134176615
2025-10-20 13:15:58 INFO  clocks.c:459         Estimated time of flight = -64 msec
2025-10-20 13:15:58 INFO  clocks.c:460                 Clock difference = -80 msec
2025-10-20 13:15:58 INFO  clocks.c:461       so local clock is lagging by  16 msec
2025-10-20 13:16:00 INFO  clocks.c:450 Local synchronized clock will be forwarded by 0.016 seconds
2025-10-20 13:16:00 INFO  clocks.c:455   because: remote clock was 169.2060 seconds
2025-10-20 13:16:00 INFO  clocks.c:456                          at iTOW = 134178101
2025-10-20 13:16:00 INFO  clocks.c:457              local clock is 169.1261 seconds
2025-10-20 13:16:00 INFO  clocks.c:458                          at iTOW = 134178016
2025-10-20 13:16:00 INFO  clocks.c:459         Estimated time of flight = -64 msec
2025-10-20 13:16:00 INFO  clocks.c:460                 Clock difference = -79 msec
2025-10-20 13:16:00 INFO  clocks.c:461       so local clock is lagging by  15 msec
2025-10-20 13:16:00 INFO  clocks.c:450 Local synchronized clock will be forwarded by 0.019 seconds
2025-10-20 13:16:00 INFO  clocks.c:455   because: remote clock was 169.4200 seconds
2025-10-20 13:16:00 INFO  clocks.c:456                          at iTOW = 134178298
2025-10-20 13:16:00 INFO  clocks.c:457              local clock is 169.3368 seconds
2025-10-20 13:16:00 INFO  clocks.c:458                          at iTOW = 134178211
2025-10-20 13:16:00 INFO  clocks.c:459         Estimated time of flight = -64 msec
2025-10-20 13:16:00 INFO  clocks.c:460                 Clock difference = -83 msec
2025-10-20 13:16:00 INFO  clocks.c:461       so local clock is lagging by  19 msec
2025-10-20 13:16:01 INFO  clocks.c:450 Local synchronized clock will be forwarded by 0.019 seconds
2025-10-20 13:16:01 INFO  clocks.c:455   because: remote clock was 170.8510 seconds
2025-10-20 13:16:01 INFO  clocks.c:456                          at iTOW = 134179704
2025-10-20 13:16:01 INFO  clocks.c:457              local clock is 170.7680 seconds
2025-10-20 13:16:01 INFO  clocks.c:458                          at iTOW = 134179623
2025-10-20 13:16:01 INFO  clocks.c:459         Estimated time of flight = -64 msec
2025-10-20 13:16:01 INFO  clocks.c:460                 Clock difference = -83 msec
2025-10-20 13:16:01 INFO  clocks.c:461       so local clock is lagging by  19 msec
2025-10-20 13:16:02 INFO  clocks.c:450 Local synchronized clock will be forwarded by 0.042 seconds
2025-10-20 13:16:02 INFO  clocks.c:455   because: remote clock was 171.9950 seconds
2025-10-20 13:16:02 INFO  clocks.c:456                          at iTOW = 134180812
2025-10-20 13:16:02 INFO  clocks.c:457              local clock is 171.8888 seconds
2025-10-20 13:16:02 INFO  clocks.c:458                          at iTOW = 134180725
2025-10-20 13:16:02 INFO  clocks.c:459         Estimated time of flight = -64 msec
2025-10-20 13:16:02 INFO  clocks.c:460                 Clock difference = -106 msec
2025-10-20 13:16:02 INFO  clocks.c:461       so local clock is lagging by  42 msec
2025-10-20 13:16:02 INFO  clocks.c:450 Local synchronized clock will be forwarded by 0.020 seconds
2025-10-20 13:16:02 INFO  clocks.c:455   because: remote clock was 172.1160 seconds
2025-10-20 13:16:02 INFO  clocks.c:456                          at iTOW = 134180912
2025-10-20 13:16:02 INFO  clocks.c:457              local clock is 172.0318 seconds
2025-10-20 13:16:02 INFO  clocks.c:458                          at iTOW = 134180826
2025-10-20 13:16:02 INFO  clocks.c:459         Estimated time of flight = -64 msec
2025-10-20 13:16:02 INFO  clocks.c:460                 Clock difference = -84 msec
2025-10-20 13:16:02 INFO  clocks.c:461       so local clock is lagging by  20 msec
2025-10-20 13:16:02 INFO  clocks.c:450 Local synchronized clock will be forwarded by 0.021 seconds
2025-10-20 13:16:02 INFO  clocks.c:455   because: remote clock was 172.2380 seconds
2025-10-20 13:16:02 INFO  clocks.c:456                          at iTOW = 134181013
2025-10-20 13:16:02 INFO  clocks.c:457              local clock is 172.1530 seconds
2025-10-20 13:16:02 INFO  clocks.c:458                          at iTOW = 134180927
2025-10-20 13:16:02 INFO  clocks.c:459         Estimated time of flight = -64 msec
2025-10-20 13:16:02 INFO  clocks.c:460                 Clock difference = -85 msec
2025-10-20 13:16:02 INFO  clocks.c:461       so local clock is lagging by  21 msec
2025-10-20 13:16:03 INFO  clocks.c:450 Local synchronized clock will be forwarded by 0.025 seconds
2025-10-20 13:16:03 INFO  clocks.c:455   because: remote clock was 172.4620 seconds
2025-10-20 13:16:03 INFO  clocks.c:456                          at iTOW = 134181213
2025-10-20 13:16:03 INFO  clocks.c:457              local clock is 172.3726 seconds
2025-10-20 13:16:03 INFO  clocks.c:458                          at iTOW = 134181125
2025-10-20 13:16:03 INFO  clocks.c:459         Estimated time of flight = -64 msec
2025-10-20 13:16:03 INFO  clocks.c:460                 Clock difference = -89 msec
2025-10-20 13:16:03 INFO  clocks.c:461       so local clock is lagging by  25 msec
2025-10-20 13:16:03 INFO  clocks.c:450 Local synchronized clock will be forwarded by 0.018 seconds
2025-10-20 13:16:03 INFO  clocks.c:455   because: remote clock was 173.2800 seconds
2025-10-20 13:16:03 INFO  clocks.c:456                          at iTOW = 134182019
2025-10-20 13:16:03 INFO  clocks.c:457              local clock is 173.1981 seconds
2025-10-20 13:16:03 INFO  clocks.c:458                          at iTOW = 134181926
2025-10-20 13:16:03 INFO  clocks.c:459         Estimated time of flight = -64 msec
2025-10-20 13:16:03 INFO  clocks.c:460                 Clock difference = -81 msec
2025-10-20 13:16:03 INFO  clocks.c:461       so local clock is lagging by  17 msec
2025-10-20 13:16:05 INFO  clocks.c:450 Local synchronized clock will be forwarded by 0.029 seconds
2025-10-20 13:16:05 INFO  clocks.c:455   because: remote clock was 174.4190 seconds
2025-10-20 13:16:05 INFO  clocks.c:456                          at iTOW = 134183131
2025-10-20 13:16:05 INFO  clocks.c:457              local clock is 174.3260 seconds
2025-10-20 13:16:05 INFO  clocks.c:458                          at iTOW = 134183036
2025-10-20 13:16:05 INFO  clocks.c:459         Estimated time of flight = -64 msec
2025-10-20 13:16:05 INFO  clocks.c:460                 Clock difference = -93 msec
2025-10-20 13:16:05 INFO  clocks.c:461       so local clock is lagging by  29 msec
2025-10-20 13:16:06 INFO  clocks.c:450 Local synchronized clock will be forwarded by 0.016 seconds
2025-10-20 13:16:06 INFO  clocks.c:455   because: remote clock was 175.6550 seconds
2025-10-20 13:16:06 INFO  clocks.c:456                          at iTOW = 134184344
2025-10-20 13:16:06 INFO  clocks.c:457              local clock is 175.5749 seconds
2025-10-20 13:16:06 INFO  clocks.c:458                          at iTOW = 134184255
2025-10-20 13:16:06 INFO  clocks.c:459         Estimated time of flight = -64 msec
2025-10-20 13:16:06 INFO  clocks.c:460                 Clock difference = -80 msec
2025-10-20 13:16:06 INFO  clocks.c:461       so local clock is lagging by  16 msec
2025-10-20 13:16:06 INFO  clocks.c:450 Local synchronized clock will be forwarded by 0.024 seconds
2025-10-20 13:16:06 INFO  clocks.c:455   because: remote clock was 175.8790 seconds
2025-10-20 13:16:06 INFO  clocks.c:456                          at iTOW = 134184546
2025-10-20 13:16:06 INFO  clocks.c:457              local clock is 175.7910 seconds
2025-10-20 13:16:06 INFO  clocks.c:458                          at iTOW = 134184455
2025-10-20 13:16:06 INFO  clocks.c:459         Estimated time of flight = -64 msec
2025-10-20 13:16:06 INFO  clocks.c:460                 Clock difference = -87 msec
2025-10-20 13:16:06 INFO  clocks.c:461       so local clock is lagging by  23 msec
2025-10-20 13:16:07 INFO  clocks.c:450 Local synchronized clock will be forwarded by 0.026 seconds
2025-10-20 13:16:07 INFO  clocks.c:455   because: remote clock was 176.4950 seconds
2025-10-20 13:16:07 INFO  clocks.c:456                          at iTOW = 134185134
2025-10-20 13:16:07 INFO  clocks.c:457              local clock is 176.4050 seconds
2025-10-20 13:16:07 INFO  clocks.c:458                          at iTOW = 134185045
2025-10-20 13:16:07 INFO  clocks.c:459         Estimated time of flight = -64 msec
2025-10-20 13:16:07 INFO  clocks.c:460                 Clock difference = -90 msec
2025-10-20 13:16:07 INFO  clocks.c:461       so local clock is lagging by  26 msec
2025-10-20 13:16:07 INFO  clocks.c:450 Local synchronized clock will be forwarded by 0.027 seconds
2025-10-20 13:16:07 INFO  clocks.c:455   because: remote clock was 176.6220 seconds
2025-10-20 13:16:07 INFO  clocks.c:456                          at iTOW = 134185235
2025-10-20 13:16:07 INFO  clocks.c:457              local clock is 176.5313 seconds
2025-10-20 13:16:07 INFO  clocks.c:458                          at iTOW = 134185146
2025-10-20 13:16:07 INFO  clocks.c:459         Estimated time of flight = -64 msec
2025-10-20 13:16:07 INFO  clocks.c:460                 Clock difference = -90 msec
2025-10-20 13:16:07 INFO  clocks.c:461       so local clock is lagging by  26 msec
2025-10-20 13:16:07 INFO  clocks.c:450 Local synchronized clock will be forwarded by 0.022 seconds
2025-10-20 13:16:07 INFO  clocks.c:455   because: remote clock was 176.9540 seconds
2025-10-20 13:16:07 INFO  clocks.c:456                          at iTOW = 134185542
2025-10-20 13:16:07 INFO  clocks.c:457              local clock is 176.8680 seconds
2025-10-20 13:16:07 INFO  clocks.c:458                          at iTOW = 134185456
2025-10-20 13:16:07 INFO  clocks.c:459         Estimated time of flight = -64 msec
2025-10-20 13:16:07 INFO  clocks.c:460                 Clock difference = -85 msec
2025-10-20 13:16:07 INFO  clocks.c:461       so local clock is lagging by  21 msec
2025-10-20 13:16:07 INFO  clocks.c:450 Local synchronized clock will be forwarded by 0.025 seconds
2025-10-20 13:16:07 INFO  clocks.c:455   because: remote clock was 177.1790 seconds
2025-10-20 13:16:07 INFO  clocks.c:456                          at iTOW = 134185745
2025-10-20 13:16:07 INFO  clocks.c:457              local clock is 177.0898 seconds
2025-10-20 13:16:07 INFO  clocks.c:458                          at iTOW = 134185655
2025-10-20 13:16:07 INFO  clocks.c:459         Estimated time of flight = -64 msec
2025-10-20 13:16:07 INFO  clocks.c:460                 Clock difference = -89 msec
2025-10-20 13:16:07 INFO  clocks.c:461       so local clock is lagging by  25 msec
2025-10-20 13:16:07 INFO  clocks.c:450 Local synchronized clock will be forwarded by 0.026 seconds
2025-10-20 13:16:07 INFO  clocks.c:455   because: remote clock was 177.4050 seconds
2025-10-20 13:16:07 INFO  clocks.c:456                          at iTOW = 134185946
2025-10-20 13:16:07 INFO  clocks.c:457              local clock is 177.3150 seconds
2025-10-20 13:16:07 INFO  clocks.c:458                          at iTOW = 134185855
2025-10-20 13:16:07 INFO  clocks.c:459         Estimated time of flight = -64 msec
2025-10-20 13:16:07 INFO  clocks.c:460                 Clock difference = -90 msec
2025-10-20 13:16:07 INFO  clocks.c:461       so local clock is lagging by  26 msec
2025-10-20 13:16:09 INFO  clocks.c:450 Local synchronized clock will be forwarded by 0.021 seconds
2025-10-20 13:16:09 INFO  clocks.c:455   because: remote clock was 179.3460 seconds
2025-10-20 13:16:09 INFO  clocks.c:456                          at iTOW = 134187867
2025-10-20 13:16:09 INFO  clocks.c:457              local clock is 179.2610 seconds
2025-10-20 13:16:09 INFO  clocks.c:458                          at iTOW = 134187775
2025-10-20 13:16:09 INFO  clocks.c:459         Estimated time of flight = -64 msec
2025-10-20 13:16:09 INFO  clocks.c:460                 Clock difference = -84 msec
2025-10-20 13:16:09 INFO  clocks.c:461       so local clock is lagging by  20 msec
2025-10-20 13:16:10 INFO  clocks.c:450 Local synchronized clock will be forwarded by 0.014 seconds
2025-10-20 13:16:10 INFO  clocks.c:455   because: remote clock was 180.3700 seconds
2025-10-20 13:16:10 INFO  clocks.c:456                          at iTOW = 134188875
2025-10-20 13:16:10 INFO  clocks.c:457              local clock is 180.2920 seconds
2025-10-20 13:16:10 INFO  clocks.c:458                          at iTOW = 134188785
2025-10-20 13:16:10 INFO  clocks.c:459         Estimated time of flight = -64 msec
2025-10-20 13:16:10 INFO  clocks.c:460                 Clock difference = -78 msec
2025-10-20 13:16:10 INFO  clocks.c:461       so local clock is lagging by  14 msec
2025-10-20 13:16:11 INFO  clocks.c:450 Local synchronized clock will be forwarded by 0.017 seconds
2025-10-20 13:16:11 INFO  clocks.c:455   because: remote clock was 181.3940 seconds
2025-10-20 13:16:11 INFO  clocks.c:456                          at iTOW = 134189871
2025-10-20 13:16:11 INFO  clocks.c:457              local clock is 181.3130 seconds
2025-10-20 13:16:11 INFO  clocks.c:458                          at iTOW = 134189792
2025-10-20 13:16:11 INFO  clocks.c:459         Estimated time of flight = -64 msec
2025-10-20 13:16:11 INFO  clocks.c:460                 Clock difference = -81 msec
2025-10-20 13:16:11 INFO  clocks.c:461       so local clock is lagging by  17 msec
2025-10-20 13:16:12 INFO  clocks.c:450 Local synchronized clock will be forwarded by 0.020 seconds
2025-10-20 13:16:12 INFO  clocks.c:455   because: remote clock was 182.5170 seconds
2025-10-20 13:16:12 INFO  clocks.c:456                          at iTOW = 134190982
2025-10-20 13:16:12 INFO  clocks.c:457              local clock is 182.4329 seconds
2025-10-20 13:16:12 INFO  clocks.c:458                          at iTOW = 134190895
2025-10-20 13:16:12 INFO  clocks.c:459         Estimated time of flight = -64 msec
2025-10-20 13:16:12 INFO  clocks.c:460                 Clock difference = -84 msec
2025-10-20 13:16:12 INFO  clocks.c:461       so local clock is lagging by  20 msec
2025-10-20 13:16:14 INFO  clocks.c:450 Local synchronized clock will be forwarded by 0.018 seconds
2025-10-20 13:16:14 INFO  clocks.c:455   because: remote clock was 184.0340 seconds
2025-10-20 13:16:14 INFO  clocks.c:456                          at iTOW = 134192483
2025-10-20 13:16:14 INFO  clocks.c:457              local clock is 183.9520 seconds
2025-10-20 13:16:14 INFO  clocks.c:458                          at iTOW = 134192394
2025-10-20 13:16:14 INFO  clocks.c:459         Estimated time of flight = -64 msec
2025-10-20 13:16:14 INFO  clocks.c:460                 Clock difference = -82 msec
2025-10-20 13:16:14 INFO  clocks.c:461       so local clock is lagging by  18 msec
2025-10-20 13:16:14 INFO  clocks.c:450 Local synchronized clock will be forwarded by 0.010 seconds
2025-10-20 13:16:14 INFO  clocks.c:455   because: remote clock was 184.1450 seconds
2025-10-20 13:16:14 INFO  clocks.c:456                          at iTOW = 134192582
2025-10-20 13:16:14 INFO  clocks.c:457              local clock is 184.0705 seconds
2025-10-20 13:16:14 INFO  clocks.c:458                          at iTOW = 134192495
2025-10-20 13:16:14 INFO  clocks.c:459         Estimated time of flight = -64 msec
2025-10-20 13:16:14 INFO  clocks.c:460                 Clock difference = -74 msec
2025-10-20 13:16:14 INFO  clocks.c:461       so local clock is lagging by  10 msec
2025-10-20 13:16:15 INFO  clocks.c:450 Local synchronized clock will be forwarded by 0.013 seconds
2025-10-20 13:16:15 INFO  clocks.c:455   because: remote clock was 185.2520 seconds
2025-10-20 13:16:15 INFO  clocks.c:456                          at iTOW = 134193676
2025-10-20 13:16:15 INFO  clocks.c:457              local clock is 185.1750 seconds
2025-10-20 13:16:15 INFO  clocks.c:458                          at iTOW = 134193589
2025-10-20 13:16:15 INFO  clocks.c:459         Estimated time of flight = -64 msec
2025-10-20 13:16:15 INFO  clocks.c:460                 Clock difference = -76 msec
2025-10-20 13:16:15 INFO  clocks.c:461       so local clock is lagging by  12 msec
2025-10-20 13:16:15 INFO  clocks.c:450 Local synchronized clock will be forwarded by 0.011 seconds
2025-10-20 13:16:15 INFO  clocks.c:455   because: remote clock was 185.3650 seconds
2025-10-20 13:16:15 INFO  clocks.c:456                          at iTOW = 134193777
2025-10-20 13:16:15 INFO  clocks.c:457              local clock is 185.2901 seconds
2025-10-20 13:16:15 INFO  clocks.c:458                          at iTOW = 134193691
2025-10-20 13:16:15 INFO  clocks.c:459         Estimated time of flight = -64 msec
2025-10-20 13:16:15 INFO  clocks.c:460                 Clock difference = -74 msec
2025-10-20 13:16:15 INFO  clocks.c:461       so local clock is lagging by  10 msec
2025-10-20 13:16:15 INFO  clocks.c:450 Local synchronized clock will be forwarded by 0.013 seconds
2025-10-20 13:16:15 INFO  clocks.c:455   because: remote clock was 185.4780 seconds
2025-10-20 13:16:15 INFO  clocks.c:456                          at iTOW = 134193878
2025-10-20 13:16:15 INFO  clocks.c:457              local clock is 185.4014 seconds
2025-10-20 13:16:15 INFO  clocks.c:458                          at iTOW = 134193791
2025-10-20 13:16:15 INFO  clocks.c:459         Estimated time of flight = -64 msec
2025-10-20 13:16:15 INFO  clocks.c:460                 Clock difference = -76 msec
2025-10-20 13:16:15 INFO  clocks.c:461       so local clock is lagging by  12 msec
2025-10-20 13:16:15 INFO  clocks.c:450 Local synchronized clock will be forwarded by 0.014 seconds
2025-10-20 13:16:15 INFO  clocks.c:455   because: remote clock was 185.5920 seconds
2025-10-20 13:16:15 INFO  clocks.c:456                          at iTOW = 134193978
2025-10-20 13:16:15 INFO  clocks.c:457              local clock is 185.5136 seconds
2025-10-20 13:16:15 INFO  clocks.c:458                          at iTOW = 134193891
2025-10-20 13:16:15 INFO  clocks.c:459         Estimated time of flight = -64 msec
2025-10-20 13:16:15 INFO  clocks.c:460                 Clock difference = -78 msec
2025-10-20 13:16:15 INFO  clocks.c:461       so local clock is lagging by  14 msec
2025-10-20 13:16:16 INFO  clocks.c:450 Local synchronized clock will be forwarded by 0.022 seconds
2025-10-20 13:16:16 INFO  clocks.c:455   because: remote clock was 186.0180 seconds
2025-10-20 13:16:16 INFO  clocks.c:456                          at iTOW = 134194387
2025-10-20 13:16:16 INFO  clocks.c:457              local clock is 185.9325 seconds
2025-10-20 13:16:16 INFO  clocks.c:458                          at iTOW = 134194295
2025-10-20 13:16:16 INFO  clocks.c:459         Estimated time of flight = -64 msec
2025-10-20 13:16:16 INFO  clocks.c:460                 Clock difference = -85 msec
2025-10-20 13:16:16 INFO  clocks.c:461       so local clock is lagging by  21 msec
2025-10-20 13:16:17 INFO  clocks.c:450 Local synchronized clock will be forwarded by 0.022 seconds
2025-10-20 13:16:17 INFO  clocks.c:455   because: remote clock was 187.0370 seconds
2025-10-20 13:16:17 INFO  clocks.c:456                          at iTOW = 134195380
2025-10-20 13:16:17 INFO  clocks.c:457              local clock is 186.9512 seconds
2025-10-20 13:16:17 INFO  clocks.c:458                          at iTOW = 134195293
2025-10-20 13:16:17 INFO  clocks.c:459         Estimated time of flight = -64 msec
2025-10-20 13:16:17 INFO  clocks.c:460                 Clock difference = -85 msec
2025-10-20 13:16:17 INFO  clocks.c:461       so local clock is lagging by  21 msec
2025-10-20 13:16:17 INFO  clocks.c:450 Local synchronized clock will be forwarded by 0.020 seconds
2025-10-20 13:16:17 INFO  clocks.c:455   because: remote clock was 187.1590 seconds
2025-10-20 13:16:17 INFO  clocks.c:456                          at iTOW = 134195482
2025-10-20 13:16:17 INFO  clocks.c:457              local clock is 187.0747 seconds
2025-10-20 13:16:17 INFO  clocks.c:458                          at iTOW = 134195394
2025-10-20 13:16:17 INFO  clocks.c:459         Estimated time of flight = -64 msec
2025-10-20 13:16:17 INFO  clocks.c:460                 Clock difference = -84 msec
2025-10-20 13:16:17 INFO  clocks.c:461       so local clock is lagging by  20 msec
2025-10-20 13:16:17 INFO  clocks.c:450 Local synchronized clock will be forwarded by 0.013 seconds
2025-10-20 13:16:17 INFO  clocks.c:455   because: remote clock was 187.3740 seconds
2025-10-20 13:16:17 INFO  clocks.c:456                          at iTOW = 134195684
2025-10-20 13:16:17 INFO  clocks.c:457              local clock is 187.2966 seconds
2025-10-20 13:16:17 INFO  clocks.c:458                          at iTOW = 134195596
2025-10-20 13:16:17 INFO  clocks.c:459         Estimated time of flight = -64 msec
2025-10-20 13:16:17 INFO  clocks.c:460                 Clock difference = -77 msec
2025-10-20 13:16:17 INFO  clocks.c:461       so local clock is lagging by  13 msec
2025-10-20 13:16:17 INFO  clocks.c:450 Local synchronized clock will be forwarded by 0.012 seconds
2025-10-20 13:16:17 INFO  clocks.c:455   because: remote clock was 187.4880 seconds
2025-10-20 13:16:17 INFO  clocks.c:456                          at iTOW = 134195786
2025-10-20 13:16:17 INFO  clocks.c:457              local clock is 187.4124 seconds
2025-10-20 13:16:17 INFO  clocks.c:458                          at iTOW = 134195698
2025-10-20 13:16:17 INFO  clocks.c:459         Estimated time of flight = -64 msec
2025-10-20 13:16:17 INFO  clocks.c:460                 Clock difference = -75 msec
2025-10-20 13:16:17 INFO  clocks.c:461       so local clock is lagging by  11 msec
2025-10-20 13:16:18 INFO  clocks.c:450 Local synchronized clock will be forwarded by 0.016 seconds
2025-10-20 13:16:18 INFO  clocks.c:455   because: remote clock was 187.9030 seconds
2025-10-20 13:16:18 INFO  clocks.c:456                          at iTOW = 134196187
2025-10-20 13:16:18 INFO  clocks.c:457              local clock is 187.8226 seconds
2025-10-20 13:16:18 INFO  clocks.c:458                          at iTOW = 134196097
2025-10-20 13:16:18 INFO  clocks.c:459         Estimated time of flight = -64 msec
2025-10-20 13:16:18 INFO  clocks.c:460                 Clock difference = -80 msec
2025-10-20 13:16:18 INFO  clocks.c:461       so local clock is lagging by  16 msec
2025-10-20 13:16:18 INFO  clocks.c:450 Local synchronized clock will be forwarded by 0.019 seconds
2025-10-20 13:16:18 INFO  clocks.c:455   because: remote clock was 188.3210 seconds
2025-10-20 13:16:18 INFO  clocks.c:456                          at iTOW = 134196585
2025-10-20 13:16:18 INFO  clocks.c:457              local clock is 188.2375 seconds
2025-10-20 13:16:18 INFO  clocks.c:458                          at iTOW = 134196495
2025-10-20 13:16:18 INFO  clocks.c:459         Estimated time of flight = -64 msec
2025-10-20 13:16:18 INFO  clocks.c:460                 Clock difference = -83 msec
2025-10-20 13:16:18 INFO  clocks.c:461       so local clock is lagging by  19 msec
2025-10-20 13:16:18 INFO  clocks.c:450 Local synchronized clock will be forwarded by 0.017 seconds
2025-10-20 13:16:18 INFO  clocks.c:455   because: remote clock was 188.7380 seconds
2025-10-20 13:16:18 INFO  clocks.c:456                          at iTOW = 134196987
2025-10-20 13:16:18 INFO  clocks.c:457              local clock is 188.6570 seconds
2025-10-20 13:16:18 INFO  clocks.c:458                          at iTOW = 134196895
2025-10-20 13:16:18 INFO  clocks.c:459         Estimated time of flight = -64 msec
2025-10-20 13:16:18 INFO  clocks.c:460                 Clock difference = -80 msec
2025-10-20 13:16:18 INFO  clocks.c:461       so local clock is lagging by  16 msec
2025-10-20 13:16:19 INFO  clocks.c:450 Local synchronized clock will be forwarded by 0.016 seconds
2025-10-20 13:16:19 INFO  clocks.c:455   because: remote clock was 189.1520 seconds
2025-10-20 13:16:19 INFO  clocks.c:456                          at iTOW = 134197380
2025-10-20 13:16:19 INFO  clocks.c:457              local clock is 189.0716 seconds
2025-10-20 13:16:19 INFO  clocks.c:458                          at iTOW = 134197293
2025-10-20 13:16:19 INFO  clocks.c:459         Estimated time of flight = -64 msec
2025-10-20 13:16:19 INFO  clocks.c:460                 Clock difference = -80 msec
2025-10-20 13:16:19 INFO  clocks.c:461       so local clock is lagging by  16 msec
2025-10-20 13:16:19 INFO  clocks.c:450 Local synchronized clock will be forwarded by 0.020 seconds
2025-10-20 13:16:19 INFO  clocks.c:455   because: remote clock was 189.5740 seconds
2025-10-20 13:16:19 INFO  clocks.c:456                          at iTOW = 134197787
2025-10-20 13:16:19 INFO  clocks.c:457              local clock is 189.4904 seconds
2025-10-20 13:16:19 INFO  clocks.c:458                          at iTOW = 134197695
2025-10-20 13:16:19 INFO  clocks.c:459         Estimated time of flight = -64 msec
2025-10-20 13:16:19 INFO  clocks.c:460                 Clock difference = -83 msec
2025-10-20 13:16:19 INFO  clocks.c:461       so local clock is lagging by  19 msec
2025-10-20 13:16:20 INFO  clocks.c:450 Local synchronized clock will be forwarded by 0.015 seconds
2025-10-20 13:16:20 INFO  clocks.c:455   because: remote clock was 190.8030 seconds
2025-10-20 13:16:20 INFO  clocks.c:456                          at iTOW = 134198996
2025-10-20 13:16:20 INFO  clocks.c:457              local clock is 190.7236 seconds
2025-10-20 13:16:20 INFO  clocks.c:458                          at iTOW = 134198909
2025-10-20 13:16:20 INFO  clocks.c:459         Estimated time of flight = -64 msec
2025-10-20 13:16:20 INFO  clocks.c:460                 Clock difference = -79 msec
2025-10-20 13:16:20 INFO  clocks.c:461       so local clock is lagging by  15 msec
2025-10-20 13:16:22 INFO  clocks.c:450 Local synchronized clock will be forwarded by 0.019 seconds
2025-10-20 13:16:22 INFO  clocks.c:455   because: remote clock was 192.6290 seconds
2025-10-20 13:16:22 INFO  clocks.c:456                          at iTOW = 134200810
2025-10-20 13:16:22 INFO  clocks.c:457              local clock is 192.5455 seconds
2025-10-20 13:16:22 INFO  clocks.c:458                          at iTOW = 134200716
2025-10-20 13:16:22 INFO  clocks.c:459         Estimated time of flight = -64 msec
2025-10-20 13:16:22 INFO  clocks.c:460                 Clock difference = -83 msec
2025-10-20 13:16:22 INFO  clocks.c:461       so local clock is lagging by  19 msec
2025-10-20 13:16:22 INFO  clocks.c:450 Local synchronized clock will be forwarded by 0.012 seconds
2025-10-20 13:16:22 INFO  clocks.c:455   because: remote clock was 192.7410 seconds
2025-10-20 13:16:22 INFO  clocks.c:456                          at iTOW = 134200890
2025-10-20 13:16:22 INFO  clocks.c:457              local clock is 192.6649 seconds
2025-10-20 13:16:22 INFO  clocks.c:458                          at iTOW = 134200815
2025-10-20 13:16:22 INFO  clocks.c:459         Estimated time of flight = -64 msec
2025-10-20 13:16:22 INFO  clocks.c:460                 Clock difference = -76 msec
2025-10-20 13:16:22 INFO  clocks.c:461       so local clock is lagging by  12 msec
2025-10-20 13:16:23 INFO  clocks.c:450 Local synchronized clock will be forwarded by 0.014 seconds
2025-10-20 13:16:23 INFO  clocks.c:455   because: remote clock was 192.9550 seconds
2025-10-20 13:16:23 INFO  clocks.c:456                          at iTOW = 134201089
2025-10-20 13:16:23 INFO  clocks.c:457              local clock is 192.8772 seconds
2025-10-20 13:16:23 INFO  clocks.c:458                          at iTOW = 134201016
2025-10-20 13:16:23 INFO  clocks.c:459         Estimated time of flight = -64 msec
2025-10-20 13:16:23 INFO  clocks.c:460                 Clock difference = -77 msec
2025-10-20 13:16:23 INFO  clocks.c:461       so local clock is lagging by  13 msec
2025-10-20 13:16:23 INFO  clocks.c:450 Local synchronized clock will be forwarded by 0.038 seconds
2025-10-20 13:16:23 INFO  clocks.c:455   because: remote clock was 193.1930 seconds
2025-10-20 13:16:23 INFO  clocks.c:456                          at iTOW = 134201290
2025-10-20 13:16:23 INFO  clocks.c:457              local clock is 193.0908 seconds
2025-10-20 13:16:23 INFO  clocks.c:458                          at iTOW = 134201215
2025-10-20 13:16:23 INFO  clocks.c:459         Estimated time of flight = -64 msec
2025-10-20 13:16:23 INFO  clocks.c:460                 Clock difference = -102 msec
2025-10-20 13:16:23 INFO  clocks.c:461       so local clock is lagging by  38 msec
2025-10-20 13:16:24 INFO  clocks.c:450 Local synchronized clock will be forwarded by 0.015 seconds
2025-10-20 13:16:24 INFO  clocks.c:455   because: remote clock was 194.2080 seconds
2025-10-20 13:16:24 INFO  clocks.c:456                          at iTOW = 134202305
2025-10-20 13:16:24 INFO  clocks.c:457              local clock is 194.1291 seconds
2025-10-20 13:16:24 INFO  clocks.c:458                          at iTOW = 134202216
2025-10-20 13:16:24 INFO  clocks.c:459         Estimated time of flight = -64 msec
2025-10-20 13:16:24 INFO  clocks.c:460                 Clock difference = -78 msec
2025-10-20 13:16:24 INFO  clocks.c:461       so local clock is lagging by  14 msec
2025-10-20 13:16:24 INFO  clocks.c:450 Local synchronized clock will be forwarded by 0.012 seconds
2025-10-20 13:16:24 INFO  clocks.c:455   because: remote clock was 194.3200 seconds
2025-10-20 13:16:24 INFO  clocks.c:456                          at iTOW = 134202405
2025-10-20 13:16:24 INFO  clocks.c:457              local clock is 194.2440 seconds
2025-10-20 13:16:24 INFO  clocks.c:458                          at iTOW = 134202316
2025-10-20 13:16:24 INFO  clocks.c:459         Estimated time of flight = -64 msec
2025-10-20 13:16:24 INFO  clocks.c:460                 Clock difference = -75 msec
2025-10-20 13:16:24 INFO  clocks.c:461       so local clock is lagging by  11 msec
2025-10-20 13:16:25 INFO  clocks.c:450 Local synchronized clock will be forwarded by 0.017 seconds
2025-10-20 13:16:25 INFO  clocks.c:455   because: remote clock was 195.1470 seconds
2025-10-20 13:16:25 INFO  clocks.c:456                          at iTOW = 134203218
2025-10-20 13:16:25 INFO  clocks.c:457              local clock is 195.0659 seconds
2025-10-20 13:16:25 INFO  clocks.c:458                          at iTOW = 134203126
2025-10-20 13:16:25 INFO  clocks.c:459         Estimated time of flight = -64 msec
2025-10-20 13:16:25 INFO  clocks.c:460                 Clock difference = -81 msec
2025-10-20 13:16:25 INFO  clocks.c:461       so local clock is lagging by  17 msec
2025-10-20 13:16:26 INFO  clocks.c:450 Local synchronized clock will be forwarded by 0.033 seconds
2025-10-20 13:16:26 INFO  clocks.c:455   because: remote clock was 196.1900 seconds
2025-10-20 13:16:26 INFO  clocks.c:456                          at iTOW = 134204226
2025-10-20 13:16:26 INFO  clocks.c:457              local clock is 196.0930 seconds
2025-10-20 13:16:26 INFO  clocks.c:458                          at iTOW = 134204136
2025-10-20 13:16:26 INFO  clocks.c:459         Estimated time of flight = -64 msec
2025-10-20 13:16:26 INFO  clocks.c:460                 Clock difference = -97 msec
2025-10-20 13:16:26 INFO  clocks.c:461       so local clock is lagging by  33 msec
2025-10-20 13:16:26 INFO  clocks.c:450 Local synchronized clock will be forwarded by 0.017 seconds
2025-10-20 13:16:26 INFO  clocks.c:455   because: remote clock was 196.3070 seconds
2025-10-20 13:16:26 INFO  clocks.c:456                          at iTOW = 134204326
2025-10-20 13:16:26 INFO  clocks.c:457              local clock is 196.2260 seconds
2025-10-20 13:16:26 INFO  clocks.c:458                          at iTOW = 134204236
2025-10-20 13:16:26 INFO  clocks.c:459         Estimated time of flight = -64 msec
2025-10-20 13:16:26 INFO  clocks.c:460                 Clock difference = -80 msec
2025-10-20 13:16:26 INFO  clocks.c:461       so local clock is lagging by  16 msec
2025-10-20 13:16:27 INFO  clocks.c:450 Local synchronized clock will be forwarded by 0.030 seconds
2025-10-20 13:16:27 INFO  clocks.c:455   because: remote clock was 197.4370 seconds
2025-10-20 13:16:27 INFO  clocks.c:456                          at iTOW = 134205425
2025-10-20 13:16:27 INFO  clocks.c:457              local clock is 197.3432 seconds
2025-10-20 13:16:27 INFO  clocks.c:458                          at iTOW = 134205336
2025-10-20 13:16:27 INFO  clocks.c:459         Estimated time of flight = -64 msec
2025-10-20 13:16:27 INFO  clocks.c:460                 Clock difference = -93 msec
2025-10-20 13:16:27 INFO  clocks.c:461       so local clock is lagging by  29 msec
2025-10-20 13:16:27 INFO  clocks.c:450 Local synchronized clock will be forwarded by 0.020 seconds
2025-10-20 13:16:27 INFO  clocks.c:455   because: remote clock was 197.5570 seconds
2025-10-20 13:16:27 INFO  clocks.c:456                          at iTOW = 134205525
2025-10-20 13:16:27 INFO  clocks.c:457              local clock is 197.4730 seconds
2025-10-20 13:16:27 INFO  clocks.c:458                          at iTOW = 134205436
2025-10-20 13:16:27 INFO  clocks.c:459         Estimated time of flight = -64 msec
2025-10-20 13:16:27 INFO  clocks.c:460                 Clock difference = -83 msec
2025-10-20 13:16:27 INFO  clocks.c:461       so local clock is lagging by  19 msec
2025-10-20 13:16:27 INFO  clocks.c:450 Local synchronized clock will be forwarded by 0.030 seconds
2025-10-20 13:16:27 INFO  clocks.c:455   because: remote clock was 197.8870 seconds
2025-10-20 13:16:27 INFO  clocks.c:456                          at iTOW = 134205826
2025-10-20 13:16:27 INFO  clocks.c:457              local clock is 197.7928 seconds
2025-10-20 13:16:27 INFO  clocks.c:458                          at iTOW = 134205736
2025-10-20 13:16:27 INFO  clocks.c:459         Estimated time of flight = -64 msec
2025-10-20 13:16:27 INFO  clocks.c:460                 Clock difference = -94 msec
2025-10-20 13:16:27 INFO  clocks.c:461       so local clock is lagging by  30 msec
2025-10-20 13:16:27 INFO  clocks.c:450 Local synchronized clock will be forwarded by 0.021 seconds
2025-10-20 13:16:27 INFO  clocks.c:455   because: remote clock was 198.0080 seconds
2025-10-20 13:16:27 INFO  clocks.c:456                          at iTOW = 134205926
2025-10-20 13:16:27 INFO  clocks.c:457              local clock is 197.9230 seconds
2025-10-20 13:16:27 INFO  clocks.c:458                          at iTOW = 134205836
2025-10-20 13:16:27 INFO  clocks.c:459         Estimated time of flight = -64 msec
2025-10-20 13:16:27 INFO  clocks.c:460                 Clock difference = -85 msec
2025-10-20 13:16:27 INFO  clocks.c:461       so local clock is lagging by  21 msec
2025-10-20 13:16:28 INFO  clocks.c:450 Local synchronized clock will be forwarded by 0.033 seconds
2025-10-20 13:16:28 INFO  clocks.c:455   because: remote clock was 198.3410 seconds
2025-10-20 13:16:28 INFO  clocks.c:456                          at iTOW = 134206228
2025-10-20 13:16:28 INFO  clocks.c:457              local clock is 198.2440 seconds
2025-10-20 13:16:28 INFO  clocks.c:458                          at iTOW = 134206136
2025-10-20 13:16:28 INFO  clocks.c:459         Estimated time of flight = -64 msec
2025-10-20 13:16:28 INFO  clocks.c:460                 Clock difference = -97 msec
2025-10-20 13:16:28 INFO  clocks.c:461       so local clock is lagging by  33 msec
2025-10-20 13:16:29 INFO  clocks.c:450 Local synchronized clock will be forwarded by 0.014 seconds
2025-10-20 13:16:29 INFO  clocks.c:455   because: remote clock was 199.4650 seconds
2025-10-20 13:16:29 INFO  clocks.c:456                          at iTOW = 134207336
2025-10-20 13:16:29 INFO  clocks.c:457              local clock is 199.3870 seconds
2025-10-20 13:16:29 INFO  clocks.c:458                          at iTOW = 134207246
2025-10-20 13:16:29 INFO  clocks.c:459         Estimated time of flight = -64 msec
2025-10-20 13:16:29 INFO  clocks.c:460                 Clock difference = -77 msec
2025-10-20 13:16:29 INFO  clocks.c:461       so local clock is lagging by  13 msec
2025-10-20 13:16:30 INFO  clocks.c:450 Local synchronized clock will be forwarded by 0.017 seconds
2025-10-20 13:16:30 INFO  clocks.c:455   because: remote clock was 200.7020 seconds
2025-10-20 13:16:30 INFO  clocks.c:456                          at iTOW = 134208554
2025-10-20 13:16:30 INFO  clocks.c:457              local clock is 200.6210 seconds
2025-10-20 13:16:30 INFO  clocks.c:458                          at iTOW = 134208466
2025-10-20 13:16:30 INFO  clocks.c:459         Estimated time of flight = -64 msec
2025-10-20 13:16:30 INFO  clocks.c:460                 Clock difference = -80 msec
2025-10-20 13:16:30 INFO  clocks.c:461       so local clock is lagging by  16 msec
2025-10-20 13:16:30 INFO  clocks.c:450 Local synchronized clock will be forwarded by 0.015 seconds
2025-10-20 13:16:30 INFO  clocks.c:455   because: remote clock was 201.0140 seconds
2025-10-20 13:16:30 INFO  clocks.c:456                          at iTOW = 134208838
2025-10-20 13:16:30 INFO  clocks.c:457              local clock is 200.9349 seconds
2025-10-20 13:16:30 INFO  clocks.c:458                          at iTOW = 134208762
2025-10-20 13:16:30 INFO  clocks.c:459         Estimated time of flight = -64 msec
2025-10-20 13:16:30 INFO  clocks.c:460                 Clock difference = -79 msec
2025-10-20 13:16:30 INFO  clocks.c:461       so local clock is lagging by  15 msec
2025-10-20 13:16:30 INFO  clocks.c:450 Local synchronized clock will be forwarded by 0.029 seconds
2025-10-20 13:16:30 INFO  clocks.c:455   because: remote clock was 201.2510 seconds
2025-10-20 13:16:30 INFO  clocks.c:456                          at iTOW = 134209060
2025-10-20 13:16:30 INFO  clocks.c:457              local clock is 201.1584 seconds
2025-10-20 13:16:30 INFO  clocks.c:458                          at iTOW = 134208971
2025-10-20 13:16:30 INFO  clocks.c:459         Estimated time of flight = -64 msec
2025-10-20 13:16:30 INFO  clocks.c:460                 Clock difference = -92 msec
2025-10-20 13:16:30 INFO  clocks.c:461       so local clock is lagging by  28 msec
2025-10-20 13:16:32 INFO  clocks.c:450 Local synchronized clock will be forwarded by 0.013 seconds
2025-10-20 13:16:32 INFO  clocks.c:455   because: remote clock was 202.4750 seconds
2025-10-20 13:16:32 INFO  clocks.c:456                          at iTOW = 134210271
2025-10-20 13:16:32 INFO  clocks.c:457              local clock is 202.3978 seconds
2025-10-20 13:16:32 INFO  clocks.c:458                          at iTOW = 134210182
2025-10-20 13:16:32 INFO  clocks.c:459         Estimated time of flight = -64 msec
2025-10-20 13:16:32 INFO  clocks.c:460                 Clock difference = -77 msec
2025-10-20 13:16:32 INFO  clocks.c:461       so local clock is lagging by  13 msec
2025-10-20 13:16:32 INFO  clocks.c:450 Local synchronized clock will be forwarded by 0.018 seconds
2025-10-20 13:16:32 INFO  clocks.c:455   because: remote clock was 202.8980 seconds
2025-10-20 13:16:32 INFO  clocks.c:456                          at iTOW = 134210674
2025-10-20 13:16:32 INFO  clocks.c:457              local clock is 202.8155 seconds
2025-10-20 13:16:32 INFO  clocks.c:458                          at iTOW = 134210586
2025-10-20 13:16:32 INFO  clocks.c:459         Estimated time of flight = -64 msec
2025-10-20 13:16:32 INFO  clocks.c:460                 Clock difference = -82 msec
2025-10-20 13:16:32 INFO  clocks.c:461       so local clock is lagging by  18 msec
2025-10-20 13:16:32 INFO  clocks.c:450 Local synchronized clock will be forwarded by 0.015 seconds
2025-10-20 13:16:32 INFO  clocks.c:455   because: remote clock was 203.0140 seconds
2025-10-20 13:16:32 INFO  clocks.c:456                          at iTOW = 134210773
2025-10-20 13:16:32 INFO  clocks.c:457              local clock is 202.9349 seconds
2025-10-20 13:16:32 INFO  clocks.c:458                          at iTOW = 134210687
2025-10-20 13:16:32 INFO  clocks.c:459         Estimated time of flight = -64 msec
2025-10-20 13:16:32 INFO  clocks.c:460                 Clock difference = -79 msec
2025-10-20 13:16:32 INFO  clocks.c:461       so local clock is lagging by  15 msec
2025-10-20 13:16:32 INFO  clocks.c:450 Local synchronized clock will be forwarded by 0.011 seconds
2025-10-20 13:16:32 INFO  clocks.c:455   because: remote clock was 203.2260 seconds
2025-10-20 13:16:32 INFO  clocks.c:456                          at iTOW = 134210974
2025-10-20 13:16:32 INFO  clocks.c:457              local clock is 203.1506 seconds
2025-10-20 13:16:32 INFO  clocks.c:458                          at iTOW = 134210888
2025-10-20 13:16:32 INFO  clocks.c:459         Estimated time of flight = -64 msec
2025-10-20 13:16:32 INFO  clocks.c:460                 Clock difference = -75 msec
2025-10-20 13:16:32 INFO  clocks.c:461       so local clock is lagging by  11 msec
2025-10-20 13:16:33 INFO  clocks.c:450 Local synchronized clock will be forwarded by 0.013 seconds
2025-10-20 13:16:33 INFO  clocks.c:455   because: remote clock was 204.0430 seconds
2025-10-20 13:16:33 INFO  clocks.c:456                          at iTOW = 134211780
2025-10-20 13:16:33 INFO  clocks.c:457              local clock is 203.9663 seconds
2025-10-20 13:16:33 INFO  clocks.c:458                          at iTOW = 134211692
2025-10-20 13:16:33 INFO  clocks.c:459         Estimated time of flight = -64 msec
2025-10-20 13:16:33 INFO  clocks.c:460                 Clock difference = -76 msec
2025-10-20 13:16:33 INFO  clocks.c:461       so local clock is lagging by  12 msec
2025-10-20 13:16:33 INFO  clocks.c:450 Local synchronized clock will be forwarded by 0.020 seconds
2025-10-20 13:16:33 INFO  clocks.c:455   because: remote clock was 204.3650 seconds
2025-10-20 13:16:33 INFO  clocks.c:456                          at iTOW = 134212082
2025-10-20 13:16:33 INFO  clocks.c:457              local clock is 204.2807 seconds
2025-10-20 13:16:33 INFO  clocks.c:458                          at iTOW = 134211994
2025-10-20 13:16:33 INFO  clocks.c:459         Estimated time of flight = -64 msec
2025-10-20 13:16:33 INFO  clocks.c:460                 Clock difference = -84 msec
2025-10-20 13:16:33 INFO  clocks.c:461       so local clock is lagging by  20 msec
2025-10-20 13:16:34 INFO  clocks.c:450 Local synchronized clock will be forwarded by 0.020 seconds
2025-10-20 13:16:34 INFO  clocks.c:455   because: remote clock was 204.6870 seconds
2025-10-20 13:16:34 INFO  clocks.c:456                          at iTOW = 134212367
2025-10-20 13:16:34 INFO  clocks.c:457              local clock is 204.6031 seconds
2025-10-20 13:16:34 INFO  clocks.c:458                          at iTOW = 134212296
2025-10-20 13:16:34 INFO  clocks.c:459         Estimated time of flight = -64 msec
2025-10-20 13:16:34 INFO  clocks.c:460                 Clock difference = -83 msec
2025-10-20 13:16:34 INFO  clocks.c:461       so local clock is lagging by  19 msec
2025-10-20 13:16:34 INFO  clocks.c:450 Local synchronized clock will be forwarded by 0.046 seconds
2025-10-20 13:16:34 INFO  clocks.c:455   because: remote clock was 205.2430 seconds
2025-10-20 13:16:34 INFO  clocks.c:456                          at iTOW = 134212894
2025-10-20 13:16:34 INFO  clocks.c:457              local clock is 205.1327 seconds
2025-10-20 13:16:34 INFO  clocks.c:458                          at iTOW = 134212805
2025-10-20 13:16:34 INFO  clocks.c:459         Estimated time of flight = -64 msec
2025-10-20 13:16:34 INFO  clocks.c:460                 Clock difference = -110 msec
2025-10-20 13:16:34 INFO  clocks.c:461       so local clock is lagging by  46 msec
2025-10-20 13:16:35 INFO  clocks.c:450 Local synchronized clock will be forwarded by 0.011 seconds
2025-10-20 13:16:35 INFO  clocks.c:455   because: remote clock was 205.5540 seconds
2025-10-20 13:16:35 INFO  clocks.c:456                          at iTOW = 134213178
2025-10-20 13:16:35 INFO  clocks.c:457              local clock is 205.4792 seconds
2025-10-20 13:16:35 INFO  clocks.c:458                          at iTOW = 134213106
2025-10-20 13:16:35 INFO  clocks.c:459         Estimated time of flight = -64 msec
2025-10-20 13:16:35 INFO  clocks.c:460                 Clock difference = -74 msec
2025-10-20 13:16:35 INFO  clocks.c:461       so local clock is lagging by  10 msec
2025-10-20 13:16:37 INFO  clocks.c:450 Local synchronized clock will be forwarded by 0.035 seconds
2025-10-20 13:16:37 INFO  clocks.c:455   because: remote clock was 208.3090 seconds
2025-10-20 13:16:37 INFO  clocks.c:456                          at iTOW = 134215901
2025-10-20 13:16:37 INFO  clocks.c:457              local clock is 208.2100 seconds
2025-10-20 13:16:37 INFO  clocks.c:458                          at iTOW = 134215826
2025-10-20 13:16:37 INFO  clocks.c:459         Estimated time of flight = -64 msec
2025-10-20 13:16:37 INFO  clocks.c:460                 Clock difference = -98 msec
2025-10-20 13:16:37 INFO  clocks.c:461       so local clock is lagging by  34 msec
2025-10-20 13:16:38 INFO  clocks.c:450 Local synchronized clock will be forwarded by 0.013 seconds
2025-10-20 13:16:38 INFO  clocks.c:455   because: remote clock was 208.7140 seconds
2025-10-20 13:16:38 INFO  clocks.c:456                          at iTOW = 134216306
2025-10-20 13:16:38 INFO  clocks.c:457              local clock is 208.6374 seconds
2025-10-20 13:16:38 INFO  clocks.c:458                          at iTOW = 134216218
2025-10-20 13:16:38 INFO  clocks.c:459         Estimated time of flight = -64 msec
2025-10-20 13:16:38 INFO  clocks.c:460                 Clock difference = -76 msec
2025-10-20 13:16:38 INFO  clocks.c:461       so local clock is lagging by  12 msec
2025-10-20 13:16:38 INFO  clocks.c:450 Local synchronized clock will be forwarded by 0.020 seconds
2025-10-20 13:16:38 INFO  clocks.c:455   because: remote clock was 208.8350 seconds
2025-10-20 13:16:38 INFO  clocks.c:456                          at iTOW = 134216407
2025-10-20 13:16:38 INFO  clocks.c:457              local clock is 208.7506 seconds
2025-10-20 13:16:38 INFO  clocks.c:458                          at iTOW = 134216319
2025-10-20 13:16:38 INFO  clocks.c:459         Estimated time of flight = -64 msec
2025-10-20 13:16:38 INFO  clocks.c:460                 Clock difference = -84 msec
2025-10-20 13:16:38 INFO  clocks.c:461       so local clock is lagging by  20 msec
2025-10-20 13:16:38 INFO  clocks.c:450 Local synchronized clock will be forwarded by 0.021 seconds
2025-10-20 13:16:38 INFO  clocks.c:455   because: remote clock was 209.0580 seconds
2025-10-20 13:16:38 INFO  clocks.c:456                          at iTOW = 134216608
2025-10-20 13:16:38 INFO  clocks.c:457              local clock is 208.9728 seconds
2025-10-20 13:16:38 INFO  clocks.c:458                          at iTOW = 134216520
2025-10-20 13:16:38 INFO  clocks.c:459         Estimated time of flight = -64 msec
2025-10-20 13:16:38 INFO  clocks.c:460                 Clock difference = -85 msec
2025-10-20 13:16:38 INFO  clocks.c:461       so local clock is lagging by  21 msec
2025-10-20 13:16:39 INFO  clocks.c:450 Local synchronized clock will be forwarded by 0.022 seconds
2025-10-20 13:16:39 INFO  clocks.c:455   because: remote clock was 209.5850 seconds
2025-10-20 13:16:39 INFO  clocks.c:456                          at iTOW = 134217113
2025-10-20 13:16:39 INFO  clocks.c:457              local clock is 209.4993 seconds
2025-10-20 13:16:39 INFO  clocks.c:458                          at iTOW = 134217026
2025-10-20 13:16:39 INFO  clocks.c:459         Estimated time of flight = -64 msec
2025-10-20 13:16:39 INFO  clocks.c:460                 Clock difference = -85 msec
2025-10-20 13:16:39 INFO  clocks.c:461       so local clock is lagging by  21 msec
2025-10-20 13:16:39 INFO  clocks.c:450 Local synchronized clock will be forwarded by 0.019 seconds
2025-10-20 13:16:39 INFO  clocks.c:455   because: remote clock was 210.1040 seconds
2025-10-20 13:16:39 INFO  clocks.c:456                          at iTOW = 134217619
2025-10-20 13:16:39 INFO  clocks.c:457              local clock is 210.0210 seconds
2025-10-20 13:16:39 INFO  clocks.c:458                          at iTOW = 134217526
2025-10-20 13:16:39 INFO  clocks.c:459         Estimated time of flight = -64 msec
2025-10-20 13:16:39 INFO  clocks.c:460                 Clock difference = -83 msec
2025-10-20 13:16:39 INFO  clocks.c:461       so local clock is lagging by  19 msec
2025-10-20 13:16:41 INFO  clocks.c:450 Local synchronized clock will be forwarded by 0.034 seconds
2025-10-20 13:16:41 INFO  clocks.c:455   because: remote clock was 211.6660 seconds
2025-10-20 13:16:41 INFO  clocks.c:456                          at iTOW = 134219143
2025-10-20 13:16:41 INFO  clocks.c:457              local clock is 211.5680 seconds
2025-10-20 13:16:41 INFO  clocks.c:458                          at iTOW = 134219054
2025-10-20 13:16:41 INFO  clocks.c:459         Estimated time of flight = -64 msec
2025-10-20 13:16:41 INFO  clocks.c:460                 Clock difference = -97 msec
2025-10-20 13:16:41 INFO  clocks.c:461       so local clock is lagging by  33 msec
2025-10-20 13:16:42 INFO  clocks.c:450 Local synchronized clock will be forwarded by 0.021 seconds
2025-10-20 13:16:42 INFO  clocks.c:455   because: remote clock was 213.0100 seconds
2025-10-20 13:16:42 INFO  clocks.c:456                          at iTOW = 134220468
2025-10-20 13:16:42 INFO  clocks.c:457              local clock is 212.9251 seconds
2025-10-20 13:16:42 INFO  clocks.c:458                          at iTOW = 134220377
2025-10-20 13:16:42 INFO  clocks.c:459         Estimated time of flight = -64 msec
2025-10-20 13:16:42 INFO  clocks.c:460                 Clock difference = -84 msec
2025-10-20 13:16:42 INFO  clocks.c:461       so local clock is lagging by  20 msec
2025-10-20 13:16:44 INFO  clocks.c:450 Local synchronized clock will be forwarded by 0.018 seconds
2025-10-20 13:16:44 INFO  clocks.c:455   because: remote clock was 214.8240 seconds
2025-10-20 13:16:44 INFO  clocks.c:456                          at iTOW = 134222263
2025-10-20 13:16:44 INFO  clocks.c:457              local clock is 214.7422 seconds
2025-10-20 13:16:44 INFO  clocks.c:458                          at iTOW = 134222173
2025-10-20 13:16:44 INFO  clocks.c:459         Estimated time of flight = -64 msec
2025-10-20 13:16:44 INFO  clocks.c:460                 Clock difference = -81 msec
2025-10-20 13:16:44 INFO  clocks.c:461       so local clock is lagging by  17 msec
2025-10-20 13:16:44 INFO  clocks.c:450 Local synchronized clock will be forwarded by 0.012 seconds
2025-10-20 13:16:44 INFO  clocks.c:455   because: remote clock was 215.1390 seconds
2025-10-20 13:16:44 INFO  clocks.c:456                          at iTOW = 134222543
2025-10-20 13:16:44 INFO  clocks.c:457              local clock is 215.0625 seconds
2025-10-20 13:16:44 INFO  clocks.c:458                          at iTOW = 134222475
2025-10-20 13:16:44 INFO  clocks.c:459         Estimated time of flight = -64 msec
2025-10-20 13:16:44 INFO  clocks.c:460                 Clock difference = -76 msec
2025-10-20 13:16:44 INFO  clocks.c:461       so local clock is lagging by  12 msec
2025-10-20 13:16:44 INFO  clocks.c:450 Local synchronized clock will be forwarded by 0.019 seconds
2025-10-20 13:16:44 INFO  clocks.c:455   because: remote clock was 215.2600 seconds
2025-10-20 13:16:44 INFO  clocks.c:456                          at iTOW = 134222664
2025-10-20 13:16:44 INFO  clocks.c:457              local clock is 215.1765 seconds
2025-10-20 13:16:44 INFO  clocks.c:458                          at iTOW = 134222577
2025-10-20 13:16:44 INFO  clocks.c:459         Estimated time of flight = -64 msec
2025-10-20 13:16:44 INFO  clocks.c:460                 Clock difference = -83 msec
2025-10-20 13:16:44 INFO  clocks.c:461       so local clock is lagging by  19 msec
2025-10-20 13:16:44 INFO  clocks.c:450 Local synchronized clock will be forwarded by 0.013 seconds
2025-10-20 13:16:44 INFO  clocks.c:455   because: remote clock was 215.4720 seconds
2025-10-20 13:16:44 INFO  clocks.c:456                          at iTOW = 134222865
2025-10-20 13:16:44 INFO  clocks.c:457              local clock is 215.3947 seconds
2025-10-20 13:16:44 INFO  clocks.c:458                          at iTOW = 134222776
2025-10-20 13:16:44 INFO  clocks.c:459         Estimated time of flight = -64 msec
2025-10-20 13:16:44 INFO  clocks.c:460                 Clock difference = -77 msec
2025-10-20 13:16:44 INFO  clocks.c:461       so local clock is lagging by  13 msec
2025-10-20 13:16:46 INFO  clocks.c:450 Local synchronized clock will be forwarded by 0.019 seconds
2025-10-20 13:16:46 INFO  clocks.c:455   because: remote clock was 216.7830 seconds
2025-10-20 13:16:46 INFO  clocks.c:456                          at iTOW = 134224150
2025-10-20 13:16:46 INFO  clocks.c:457              local clock is 216.6996 seconds
2025-10-20 13:16:46 INFO  clocks.c:458                          at iTOW = 134224067
2025-10-20 13:16:46 INFO  clocks.c:459         Estimated time of flight = -64 msec
2025-10-20 13:16:46 INFO  clocks.c:460                 Clock difference = -83 msec
2025-10-20 13:16:46 INFO  clocks.c:461       so local clock is lagging by  19 msec
2025-10-20 13:16:46 INFO  clocks.c:450 Local synchronized clock will be forwarded by 0.017 seconds
2025-10-20 13:16:46 INFO  clocks.c:455   because: remote clock was 217.0040 seconds
2025-10-20 13:16:46 INFO  clocks.c:456                          at iTOW = 134224358
2025-10-20 13:16:46 INFO  clocks.c:457              local clock is 216.9225 seconds
2025-10-20 13:16:46 INFO  clocks.c:458                          at iTOW = 134224271
2025-10-20 13:16:46 INFO  clocks.c:459         Estimated time of flight = -64 msec
2025-10-20 13:16:46 INFO  clocks.c:460                 Clock difference = -81 msec
2025-10-20 13:16:46 INFO  clocks.c:461       so local clock is lagging by  17 msec
2025-10-20 13:16:46 INFO  clocks.c:450 Local synchronized clock will be forwarded by 0.024 seconds
2025-10-20 13:16:46 INFO  clocks.c:455   because: remote clock was 217.7310 seconds
2025-10-20 13:16:46 INFO  clocks.c:456                          at iTOW = 134225063
2025-10-20 13:16:46 INFO  clocks.c:457              local clock is 217.6435 seconds
2025-10-20 13:16:46 INFO  clocks.c:458                          at iTOW = 134224974
2025-10-20 13:16:46 INFO  clocks.c:459         Estimated time of flight = -64 msec
2025-10-20 13:16:46 INFO  clocks.c:460                 Clock difference = -87 msec
2025-10-20 13:16:46 INFO  clocks.c:461       so local clock is lagging by  23 msec
2025-10-20 13:16:48 INFO  clocks.c:450 Local synchronized clock will be forwarded by 0.013 seconds
2025-10-20 13:16:48 INFO  clocks.c:455   because: remote clock was 219.5450 seconds
2025-10-20 13:16:48 INFO  clocks.c:456                          at iTOW = 134226862
2025-10-20 13:16:48 INFO  clocks.c:457              local clock is 219.4683 seconds
2025-10-20 13:16:48 INFO  clocks.c:458                          at iTOW = 134226776
2025-10-20 13:16:48 INFO  clocks.c:459         Estimated time of flight = -64 msec
2025-10-20 13:16:48 INFO  clocks.c:460                 Clock difference = -76 msec
2025-10-20 13:16:48 INFO  clocks.c:461       so local clock is lagging by  12 msec
2025-10-20 13:16:51 INFO  clocks.c:450 Local synchronized clock will be forwarded by 0.019 seconds
2025-10-20 13:16:51 INFO  clocks.c:455   because: remote clock was 222.1720 seconds
2025-10-20 13:16:51 INFO  clocks.c:456                          at iTOW = 134229451
2025-10-20 13:16:51 INFO  clocks.c:457              local clock is 222.0886 seconds
2025-10-20 13:16:51 INFO  clocks.c:458                          at iTOW = 134229383
2025-10-20 13:16:51 INFO  clocks.c:459         Estimated time of flight = -64 msec
2025-10-20 13:16:51 INFO  clocks.c:460                 Clock difference = -83 msec
2025-10-20 13:16:51 INFO  clocks.c:461       so local clock is lagging by  19 msec
2025-10-20 13:16:51 INFO  autopilots/pixhawk/driver.c:1721 statustext: RCInput: decoding UNKNOWN (severity: 7 - DEBUG)
2025-10-20 13:16:52 INFO  autopilots/pixhawk/driver.c:1721 statustext: RCInput: decoding PX4IO_PPM (severity: 7 - DEBUG)
2025-10-20 13:16:52 INFO  clocks.c:450 Local synchronized clock will be forwarded by 0.012 seconds
2025-10-20 13:16:52 INFO  clocks.c:455   because: remote clock was 223.1870 seconds
2025-10-20 13:16:52 INFO  clocks.c:456                          at iTOW = 134230466
2025-10-20 13:16:52 INFO  clocks.c:457              local clock is 223.1107 seconds
2025-10-20 13:16:52 INFO  clocks.c:458                          at iTOW = 134230386
2025-10-20 13:16:52 INFO  clocks.c:459         Estimated time of flight = -64 msec
2025-10-20 13:16:52 INFO  clocks.c:460                 Clock difference = -76 msec
2025-10-20 13:16:52 INFO  clocks.c:461       so local clock is lagging by  12 msec
2025-10-20 13:16:53 INFO  clocks.c:450 Local synchronized clock will be forwarded by 0.014 seconds
2025-10-20 13:16:53 INFO  clocks.c:455   because: remote clock was 224.2060 seconds
2025-10-20 13:16:53 INFO  clocks.c:456                          at iTOW = 134231474
2025-10-20 13:16:53 INFO  clocks.c:457              local clock is 224.1279 seconds
2025-10-20 13:16:53 INFO  clocks.c:458                          at iTOW = 134231391
2025-10-20 13:16:53 INFO  clocks.c:459         Estimated time of flight = -64 msec
2025-10-20 13:16:53 INFO  clocks.c:460                 Clock difference = -78 msec
2025-10-20 13:16:53 INFO  clocks.c:461       so local clock is lagging by  14 msec
2025-10-20 13:16:53 INFO  clocks.c:450 Local synchronized clock will be forwarded by 0.019 seconds
2025-10-20 13:16:53 INFO  clocks.c:455   because: remote clock was 224.6250 seconds
2025-10-20 13:16:53 INFO  clocks.c:456                          at iTOW = 134231878
2025-10-20 13:16:53 INFO  clocks.c:457              local clock is 224.5416 seconds
2025-10-20 13:16:53 INFO  clocks.c:458                          at iTOW = 134231790
2025-10-20 13:16:53 INFO  clocks.c:459         Estimated time of flight = -64 msec
2025-10-20 13:16:53 INFO  clocks.c:460                 Clock difference = -83 msec
2025-10-20 13:16:53 INFO  clocks.c:461       so local clock is lagging by  19 msec
2025-10-20 13:16:54 INFO  clocks.c:450 Local synchronized clock will be forwarded by 0.021 seconds
2025-10-20 13:16:54 INFO  clocks.c:455   because: remote clock was 225.1540 seconds
2025-10-20 13:16:54 INFO  clocks.c:456                          at iTOW = 134232385
2025-10-20 13:16:54 INFO  clocks.c:457              local clock is 225.0693 seconds
2025-10-20 13:16:54 INFO  clocks.c:458                          at iTOW = 134232299
2025-10-20 13:16:54 INFO  clocks.c:459         Estimated time of flight = -64 msec
2025-10-20 13:16:54 INFO  clocks.c:460                 Clock difference = -84 msec
2025-10-20 13:16:54 INFO  clocks.c:461       so local clock is lagging by  20 msec
2025-10-20 13:16:54 INFO  clocks.c:450 Local synchronized clock will be forwarded by 0.029 seconds
2025-10-20 13:16:54 INFO  clocks.c:455   because: remote clock was 225.5800 seconds
2025-10-20 13:16:54 INFO  clocks.c:456                          at iTOW = 134232789
2025-10-20 13:16:54 INFO  clocks.c:457              local clock is 225.4869 seconds
2025-10-20 13:16:54 INFO  clocks.c:458                          at iTOW = 134232696
2025-10-20 13:16:54 INFO  clocks.c:459         Estimated time of flight = -64 msec
2025-10-20 13:16:54 INFO  clocks.c:460                 Clock difference = -93 msec
2025-10-20 13:16:54 INFO  clocks.c:461       so local clock is lagging by  29 msec
2025-10-20 13:16:55 INFO  clocks.c:450 Local synchronized clock will be forwarded by 0.019 seconds
2025-10-20 13:16:55 INFO  clocks.c:455   because: remote clock was 226.5990 seconds
2025-10-20 13:16:55 INFO  clocks.c:456                          at iTOW = 134233778
2025-10-20 13:16:55 INFO  clocks.c:457              local clock is 226.5161 seconds
2025-10-20 13:16:55 INFO  clocks.c:458                          at iTOW = 134233696
2025-10-20 13:16:55 INFO  clocks.c:459         Estimated time of flight = -64 msec
2025-10-20 13:16:55 INFO  clocks.c:460                 Clock difference = -82 msec
2025-10-20 13:16:55 INFO  clocks.c:461       so local clock is lagging by  18 msec
2025-10-20 13:16:56 INFO  clocks.c:450 Local synchronized clock will be forwarded by 0.032 seconds
2025-10-20 13:16:56 INFO  clocks.c:455   because: remote clock was 227.2320 seconds
2025-10-20 13:16:56 INFO  clocks.c:456                          at iTOW = 134234391
2025-10-20 13:16:56 INFO  clocks.c:457              local clock is 227.1358 seconds
2025-10-20 13:16:56 INFO  clocks.c:458                          at iTOW = 134234297
2025-10-20 13:16:56 INFO  clocks.c:459         Estimated time of flight = -64 msec
2025-10-20 13:16:56 INFO  clocks.c:460                 Clock difference = -96 msec
2025-10-20 13:16:56 INFO  clocks.c:461       so local clock is lagging by  32 msec
2025-10-20 13:16:57 INFO  clocks.c:450 Local synchronized clock will be forwarded by 0.024 seconds
2025-10-20 13:16:57 INFO  clocks.c:455   because: remote clock was 228.4650 seconds
2025-10-20 13:16:57 INFO  clocks.c:456                          at iTOW = 134235584
2025-10-20 13:16:57 INFO  clocks.c:457              local clock is 228.3772 seconds
2025-10-20 13:16:57 INFO  clocks.c:458                          at iTOW = 134235506
2025-10-20 13:16:57 INFO  clocks.c:459         Estimated time of flight = -64 msec
2025-10-20 13:16:57 INFO  clocks.c:460                 Clock difference = -87 msec
2025-10-20 13:16:57 INFO  clocks.c:461       so local clock is lagging by  23 msec
2025-10-20 13:16:58 INFO  clocks.c:450 Local synchronized clock will be forwarded by 0.039 seconds
2025-10-20 13:16:58 INFO  clocks.c:455   because: remote clock was 229.2140 seconds
2025-10-20 13:16:58 INFO  clocks.c:456                          at iTOW = 134236310
2025-10-20 13:16:58 INFO  clocks.c:457              local clock is 229.1110 seconds
2025-10-20 13:16:58 INFO  clocks.c:458                          at iTOW = 134236216
2025-10-20 13:16:58 INFO  clocks.c:459         Estimated time of flight = -64 msec
2025-10-20 13:16:58 INFO  clocks.c:460                 Clock difference = -103 msec
2025-10-20 13:16:58 INFO  clocks.c:461       so local clock is lagging by  39 msec
2025-10-20 13:16:58 INFO  clocks.c:450 Local synchronized clock will be forwarded by 0.017 seconds
2025-10-20 13:16:58 INFO  clocks.c:455   because: remote clock was 229.8410 seconds
2025-10-20 13:16:58 INFO  clocks.c:456                          at iTOW = 134236917
2025-10-20 13:16:58 INFO  clocks.c:457              local clock is 229.7600 seconds
2025-10-20 13:16:58 INFO  clocks.c:458                          at iTOW = 134236826
2025-10-20 13:16:58 INFO  clocks.c:459         Estimated time of flight = -64 msec
2025-10-20 13:16:58 INFO  clocks.c:460                 Clock difference = -80 msec
2025-10-20 13:16:58 INFO  clocks.c:461       so local clock is lagging by  16 msec
2025-10-20 13:16:59 INFO  clocks.c:450 Local synchronized clock will be forwarded by 0.036 seconds
2025-10-20 13:16:59 INFO  clocks.c:455   because: remote clock was 230.5970 seconds
2025-10-20 13:16:59 INFO  clocks.c:456                          at iTOW = 134237635
2025-10-20 13:16:59 INFO  clocks.c:457              local clock is 230.4972 seconds
2025-10-20 13:16:59 INFO  clocks.c:458                          at iTOW = 134237546
2025-10-20 13:16:59 INFO  clocks.c:459         Estimated time of flight = -64 msec
2025-10-20 13:16:59 INFO  clocks.c:460                 Clock difference = -99 msec
2025-10-20 13:16:59 INFO  clocks.c:461       so local clock is lagging by  35 msec
2025-10-20 13:16:59 INFO  clocks.c:450 Local synchronized clock will be forwarded by 0.023 seconds
2025-10-20 13:16:59 INFO  clocks.c:455   because: remote clock was 230.7200 seconds
2025-10-20 13:16:59 INFO  clocks.c:456                          at iTOW = 134237736
2025-10-20 13:16:59 INFO  clocks.c:457              local clock is 230.6335 seconds
2025-10-20 13:16:59 INFO  clocks.c:458                          at iTOW = 134237646
2025-10-20 13:16:59 INFO  clocks.c:459         Estimated time of flight = -64 msec
2025-10-20 13:16:59 INFO  clocks.c:460                 Clock difference = -86 msec
2025-10-20 13:16:59 INFO  clocks.c:461       so local clock is lagging by  22 msec
2025-10-20 13:16:59 INFO  clocks.c:450 Local synchronized clock will be forwarded by 0.024 seconds
2025-10-20 13:16:59 INFO  clocks.c:455   because: remote clock was 231.0450 seconds
2025-10-20 13:16:59 INFO  clocks.c:456                          at iTOW = 134238038
2025-10-20 13:16:59 INFO  clocks.c:457              local clock is 230.9565 seconds
2025-10-20 13:16:59 INFO  clocks.c:458                          at iTOW = 134237947
2025-10-20 13:16:59 INFO  clocks.c:459         Estimated time of flight = -64 msec
2025-10-20 13:16:59 INFO  clocks.c:460                 Clock difference = -88 msec
2025-10-20 13:16:59 INFO  clocks.c:461       so local clock is lagging by  24 msec
2025-10-20 13:17:01 INFO  clocks.c:450 Local synchronized clock will be forwarded by 0.041 seconds
2025-10-20 13:17:01 INFO  clocks.c:455   because: remote clock was 232.5940 seconds
2025-10-20 13:17:01 INFO  clocks.c:456                          at iTOW = 134239543
2025-10-20 13:17:01 INFO  clocks.c:457              local clock is 232.4886 seconds
2025-10-20 13:17:01 INFO  clocks.c:458                          at iTOW = 134239455
2025-10-20 13:17:01 INFO  clocks.c:459         Estimated time of flight = -64 msec
2025-10-20 13:17:01 INFO  clocks.c:460                 Clock difference = -105 msec
2025-10-20 13:17:01 INFO  clocks.c:461       so local clock is lagging by  41 msec
2025-10-20 13:17:01 INFO  clocks.c:450 Local synchronized clock will be forwarded by 0.022 seconds
2025-10-20 13:17:01 INFO  clocks.c:455   because: remote clock was 232.9170 seconds
2025-10-20 13:17:01 INFO  clocks.c:456                          at iTOW = 134239846
2025-10-20 13:17:01 INFO  clocks.c:457              local clock is 232.8312 seconds
2025-10-20 13:17:01 INFO  clocks.c:458                          at iTOW = 134239756
2025-10-20 13:17:01 INFO  clocks.c:459         Estimated time of flight = -64 msec
2025-10-20 13:17:01 INFO  clocks.c:460                 Clock difference = -85 msec
2025-10-20 13:17:01 INFO  clocks.c:461       so local clock is lagging by  21 msec
2025-10-20 13:17:02 INFO  clocks.c:450 Local synchronized clock will be forwarded by 0.017 seconds
2025-10-20 13:17:02 INFO  clocks.c:455   because: remote clock was 233.4440 seconds
2025-10-20 13:17:02 INFO  clocks.c:456                          at iTOW = 134240356
2025-10-20 13:17:02 INFO  clocks.c:457              local clock is 233.3630 seconds
2025-10-20 13:17:02 INFO  clocks.c:458                          at iTOW = 134240266
2025-10-20 13:17:02 INFO  clocks.c:459         Estimated time of flight = -64 msec
2025-10-20 13:17:02 INFO  clocks.c:460                 Clock difference = -80 msec
2025-10-20 13:17:02 INFO  clocks.c:461       so local clock is lagging by  16 msec
2025-10-20 13:17:02 INFO  clocks.c:450 Local synchronized clock will be forwarded by 0.010 seconds
2025-10-20 13:17:02 INFO  clocks.c:455   because: remote clock was 233.7540 seconds
2025-10-20 13:17:02 INFO  clocks.c:456                          at iTOW = 134240638
2025-10-20 13:17:02 INFO  clocks.c:457              local clock is 233.6800 seconds
2025-10-20 13:17:02 INFO  clocks.c:458                          at iTOW = 134240566
2025-10-20 13:17:02 INFO  clocks.c:459         Estimated time of flight = -64 msec
2025-10-20 13:17:02 INFO  clocks.c:460                 Clock difference = -74 msec
2025-10-20 13:17:02 INFO  clocks.c:461       so local clock is lagging by  10 msec
2025-10-20 13:17:02 INFO  clocks.c:450 Local synchronized clock will be forwarded by 0.019 seconds
2025-10-20 13:17:02 INFO  clocks.c:455   because: remote clock was 233.8730 seconds
2025-10-20 13:17:02 INFO  clocks.c:456                          at iTOW = 134240757
2025-10-20 13:17:02 INFO  clocks.c:457              local clock is 233.7900 seconds
2025-10-20 13:17:02 INFO  clocks.c:458                          at iTOW = 134240666
2025-10-20 13:17:02 INFO  clocks.c:459         Estimated time of flight = -64 msec
2025-10-20 13:17:02 INFO  clocks.c:460                 Clock difference = -82 msec
2025-10-20 13:17:02 INFO  clocks.c:461       so local clock is lagging by  18 msec
2025-10-20 13:17:03 INFO  clocks.c:450 Local synchronized clock will be forwarded by 0.027 seconds
2025-10-20 13:17:03 INFO  clocks.c:455   because: remote clock was 234.2990 seconds
2025-10-20 13:17:03 INFO  clocks.c:456                          at iTOW = 134241158
2025-10-20 13:17:03 INFO  clocks.c:457              local clock is 234.2083 seconds
2025-10-20 13:17:03 INFO  clocks.c:458                          at iTOW = 134241065
2025-10-20 13:17:03 INFO  clocks.c:459         Estimated time of flight = -64 msec
2025-10-20 13:17:03 INFO  clocks.c:460                 Clock difference = -90 msec
2025-10-20 13:17:03 INFO  clocks.c:461       so local clock is lagging by  26 msec
2025-10-20 13:17:03 INFO  clocks.c:450 Local synchronized clock will be forwarded by 0.012 seconds
2025-10-20 13:17:03 INFO  clocks.c:455   because: remote clock was 234.9220 seconds
2025-10-20 13:17:03 INFO  clocks.c:456                          at iTOW = 134241745
2025-10-20 13:17:03 INFO  clocks.c:457              local clock is 234.8458 seconds
2025-10-20 13:17:03 INFO  clocks.c:458                          at iTOW = 134241676
2025-10-20 13:17:03 INFO  clocks.c:459         Estimated time of flight = -64 msec
2025-10-20 13:17:03 INFO  clocks.c:460                 Clock difference = -76 msec
2025-10-20 13:17:03 INFO  clocks.c:461       so local clock is lagging by  12 msec
2025-10-20 13:17:03 INFO  clocks.c:450 Local synchronized clock will be forwarded by 0.045 seconds
2025-10-20 13:17:03 INFO  clocks.c:455   because: remote clock was 235.2670 seconds
2025-10-20 13:17:03 INFO  clocks.c:456                          at iTOW = 134242068
2025-10-20 13:17:03 INFO  clocks.c:457              local clock is 235.1578 seconds
2025-10-20 13:17:03 INFO  clocks.c:458                          at iTOW = 134241976
2025-10-20 13:17:03 INFO  clocks.c:459         Estimated time of flight = -64 msec
2025-10-20 13:17:03 INFO  clocks.c:460                 Clock difference = -109 msec
2025-10-20 13:17:03 INFO  clocks.c:461       so local clock is lagging by  45 msec
2025-10-20 13:17:04 INFO  clocks.c:450 Local synchronized clock will be forwarded by 0.016 seconds
2025-10-20 13:17:04 INFO  clocks.c:455   because: remote clock was 235.6760 seconds
2025-10-20 13:17:04 INFO  clocks.c:456                          at iTOW = 134242419
2025-10-20 13:17:04 INFO  clocks.c:457              local clock is 235.5959 seconds
2025-10-20 13:17:04 INFO  clocks.c:458                          at iTOW = 134242369
2025-10-20 13:17:04 INFO  clocks.c:459         Estimated time of flight = -64 msec
2025-10-20 13:17:04 INFO  clocks.c:460                 Clock difference = -80 msec
2025-10-20 13:17:04 INFO  clocks.c:461       so local clock is lagging by  16 msec
2025-10-20 13:17:04 INFO  clocks.c:450 Local synchronized clock will be forwarded by 0.022 seconds
2025-10-20 13:17:04 INFO  clocks.c:455   because: remote clock was 235.8990 seconds
2025-10-20 13:17:04 INFO  clocks.c:456                          at iTOW = 134242642
2025-10-20 13:17:04 INFO  clocks.c:457              local clock is 235.8126 seconds
2025-10-20 13:17:04 INFO  clocks.c:458                          at iTOW = 134242569
2025-10-20 13:17:04 INFO  clocks.c:459         Estimated time of flight = -64 msec
2025-10-20 13:17:04 INFO  clocks.c:460                 Clock difference = -86 msec
2025-10-20 13:17:04 INFO  clocks.c:461       so local clock is lagging by  22 msec
2025-10-20 13:17:04 INFO  clocks.c:450 Local synchronized clock will be forwarded by 0.018 seconds
2025-10-20 13:17:04 INFO  clocks.c:455   because: remote clock was 236.3190 seconds
2025-10-20 13:17:04 INFO  clocks.c:456                          at iTOW = 134243062
2025-10-20 13:17:04 INFO  clocks.c:457              local clock is 236.2365 seconds
2025-10-20 13:17:04 INFO  clocks.c:458                          at iTOW = 134242971
2025-10-20 13:17:04 INFO  clocks.c:459         Estimated time of flight = -64 msec
2025-10-20 13:17:04 INFO  clocks.c:460                 Clock difference = -82 msec
2025-10-20 13:17:04 INFO  clocks.c:461       so local clock is lagging by  18 msec
2025-10-20 13:17:07 INFO  clocks.c:450 Local synchronized clock will be forwarded by 0.017 seconds
2025-10-20 13:17:07 INFO  clocks.c:455   because: remote clock was 239.0460 seconds
2025-10-20 13:17:07 INFO  clocks.c:456                          at iTOW = 134245736
2025-10-20 13:17:07 INFO  clocks.c:457              local clock is 238.9652 seconds
2025-10-20 13:17:07 INFO  clocks.c:458                          at iTOW = 134245681
2025-10-20 13:17:07 INFO  clocks.c:459         Estimated time of flight = -64 msec
2025-10-20 13:17:07 INFO  clocks.c:460                 Clock difference = -80 msec
2025-10-20 13:17:07 INFO  clocks.c:461       so local clock is lagging by  16 msec
2025-10-20 13:17:07 INFO  clocks.c:450 Local synchronized clock will be forwarded by 0.018 seconds
2025-10-20 13:17:07 INFO  clocks.c:455   because: remote clock was 239.1660 seconds
2025-10-20 13:17:07 INFO  clocks.c:456                          at iTOW = 134245856
2025-10-20 13:17:07 INFO  clocks.c:457              local clock is 239.0844 seconds
2025-10-20 13:17:07 INFO  clocks.c:458                          at iTOW = 134245783
2025-10-20 13:17:07 INFO  clocks.c:459         Estimated time of flight = -64 msec
2025-10-20 13:17:07 INFO  clocks.c:460                 Clock difference = -81 msec
2025-10-20 13:17:07 INFO  clocks.c:461       so local clock is lagging by  17 msec
2025-10-20 13:17:08 INFO  clocks.c:450 Local synchronized clock will be forwarded by 0.014 seconds
2025-10-20 13:17:08 INFO  clocks.c:455   because: remote clock was 239.6810 seconds
2025-10-20 13:17:08 INFO  clocks.c:456                          at iTOW = 134246361
2025-10-20 13:17:08 INFO  clocks.c:457              local clock is 239.6033 seconds
2025-10-20 13:17:08 INFO  clocks.c:458                          at iTOW = 134246285
2025-10-20 13:17:08 INFO  clocks.c:459         Estimated time of flight = -64 msec
2025-10-20 13:17:08 INFO  clocks.c:460                 Clock difference = -77 msec
2025-10-20 13:17:08 INFO  clocks.c:461       so local clock is lagging by  13 msec
2025-10-20 13:17:08 INFO  clocks.c:450 Local synchronized clock will be forwarded by 0.014 seconds
2025-10-20 13:17:08 INFO  clocks.c:455   because: remote clock was 240.0960 seconds
2025-10-20 13:17:08 INFO  clocks.c:456                          at iTOW = 134246765
2025-10-20 13:17:08 INFO  clocks.c:457              local clock is 240.0181 seconds
2025-10-20 13:17:08 INFO  clocks.c:458                          at iTOW = 134246686
2025-10-20 13:17:08 INFO  clocks.c:459         Estimated time of flight = -64 msec
2025-10-20 13:17:08 INFO  clocks.c:460                 Clock difference = -77 msec
2025-10-20 13:17:08 INFO  clocks.c:461       so local clock is lagging by  13 msec
2025-10-20 13:17:10 INFO  clocks.c:450 Local synchronized clock will be forwarded by 0.024 seconds
2025-10-20 13:17:10 INFO  clocks.c:455   because: remote clock was 241.6200 seconds
2025-10-20 13:17:10 INFO  clocks.c:456                          at iTOW = 134248274
2025-10-20 13:17:10 INFO  clocks.c:457              local clock is 241.5320 seconds
2025-10-20 13:17:10 INFO  clocks.c:458                          at iTOW = 134248186
2025-10-20 13:17:10 INFO  clocks.c:459         Estimated time of flight = -64 msec
2025-10-20 13:17:10 INFO  clocks.c:460                 Clock difference = -88 msec
2025-10-20 13:17:10 INFO  clocks.c:461       so local clock is lagging by  24 msec
2025-10-20 13:17:10 INFO  clocks.c:450 Local synchronized clock will be forwarded by 0.021 seconds
2025-10-20 13:17:10 INFO  clocks.c:455   because: remote clock was 241.9410 seconds
2025-10-20 13:17:10 INFO  clocks.c:456                          at iTOW = 134248558
2025-10-20 13:17:10 INFO  clocks.c:457              local clock is 241.8560 seconds
2025-10-20 13:17:10 INFO  clocks.c:458                          at iTOW = 134248486
2025-10-20 13:17:10 INFO  clocks.c:459         Estimated time of flight = -64 msec
2025-10-20 13:17:10 INFO  clocks.c:460                 Clock difference = -84 msec
2025-10-20 13:17:10 INFO  clocks.c:461       so local clock is lagging by  20 msec
2025-10-20 13:17:11 INFO  clocks.c:450 Local synchronized clock will be forwarded by 0.032 seconds
2025-10-20 13:17:11 INFO  clocks.c:455   because: remote clock was 243.2730 seconds
2025-10-20 13:17:11 INFO  clocks.c:456                          at iTOW = 134249868
2025-10-20 13:17:11 INFO  clocks.c:457              local clock is 243.1770 seconds
2025-10-20 13:17:11 INFO  clocks.c:458                          at iTOW = 134249786
2025-10-20 13:17:11 INFO  clocks.c:459         Estimated time of flight = -64 msec
2025-10-20 13:17:11 INFO  clocks.c:460                 Clock difference = -96 msec
2025-10-20 13:17:11 INFO  clocks.c:461       so local clock is lagging by  32 msec
2025-10-20 13:17:15 INFO  clocks.c:450 Local synchronized clock will be forwarded by 0.012 seconds
2025-10-20 13:17:15 INFO  clocks.c:455   because: remote clock was 246.9070 seconds
2025-10-20 13:17:15 INFO  clocks.c:456                          at iTOW = 134253474
2025-10-20 13:17:15 INFO  clocks.c:457              local clock is 246.8305 seconds
2025-10-20 13:17:15 INFO  clocks.c:458                          at iTOW = 134253407
2025-10-20 13:17:15 INFO  clocks.c:459         Estimated time of flight = -64 msec
2025-10-20 13:17:15 INFO  clocks.c:460                 Clock difference = -76 msec
2025-10-20 13:17:15 INFO  clocks.c:461       so local clock is lagging by  12 msec
2025-10-20 13:17:15 INFO  clocks.c:450 Local synchronized clock will be forwarded by 0.024 seconds
2025-10-20 13:17:15 INFO  clocks.c:455   because: remote clock was 247.1500 seconds
2025-10-20 13:17:15 INFO  clocks.c:456                          at iTOW = 134253717
2025-10-20 13:17:15 INFO  clocks.c:457              local clock is 247.0616 seconds
2025-10-20 13:17:15 INFO  clocks.c:458                          at iTOW = 134253626
2025-10-20 13:17:15 INFO  clocks.c:459         Estimated time of flight = -64 msec
2025-10-20 13:17:15 INFO  clocks.c:460                 Clock difference = -88 msec
2025-10-20 13:17:15 INFO  clocks.c:461       so local clock is lagging by  24 msec
2025-10-20 13:17:16 INFO  clocks.c:450 Local synchronized clock will be forwarded by 0.017 seconds
2025-10-20 13:17:16 INFO  clocks.c:455   because: remote clock was 247.6770 seconds
2025-10-20 13:17:16 INFO  clocks.c:456                          at iTOW = 134254226
2025-10-20 13:17:16 INFO  clocks.c:457              local clock is 247.5959 seconds
2025-10-20 13:17:16 INFO  clocks.c:458                          at iTOW = 134254136
2025-10-20 13:17:16 INFO  clocks.c:459         Estimated time of flight = -64 msec
2025-10-20 13:17:16 INFO  clocks.c:460                 Clock difference = -81 msec
2025-10-20 13:17:16 INFO  clocks.c:461       so local clock is lagging by  17 msec
2025-10-20 13:17:16 INFO  clocks.c:450 Local synchronized clock will be forwarded by 0.028 seconds
2025-10-20 13:17:16 INFO  clocks.c:455   because: remote clock was 248.3050 seconds
2025-10-20 13:17:16 INFO  clocks.c:456                          at iTOW = 134254813
2025-10-20 13:17:16 INFO  clocks.c:457              local clock is 248.2130 seconds
2025-10-20 13:17:16 INFO  clocks.c:458                          at iTOW = 134254736
2025-10-20 13:17:16 INFO  clocks.c:459         Estimated time of flight = -64 msec
2025-10-20 13:17:16 INFO  clocks.c:460                 Clock difference = -92 msec
2025-10-20 13:17:16 INFO  clocks.c:461       so local clock is lagging by  28 msec
2025-10-20 13:17:17 INFO  clocks.c:450 Local synchronized clock will be forwarded by 0.015 seconds
2025-10-20 13:17:17 INFO  clocks.c:455   because: remote clock was 248.9250 seconds
2025-10-20 13:17:17 INFO  clocks.c:456                          at iTOW = 134255410
2025-10-20 13:17:17 INFO  clocks.c:457              local clock is 248.8455 seconds
2025-10-20 13:17:17 INFO  clocks.c:458                          at iTOW = 134255340
2025-10-20 13:17:17 INFO  clocks.c:459         Estimated time of flight = -64 msec
2025-10-20 13:17:17 INFO  clocks.c:460                 Clock difference = -79 msec
2025-10-20 13:17:17 INFO  clocks.c:461       so local clock is lagging by  15 msec
2025-10-20 13:17:18 INFO  clocks.c:450 Local synchronized clock will be forwarded by 0.034 seconds
2025-10-20 13:17:18 INFO  clocks.c:455   because: remote clock was 250.3650 seconds
2025-10-20 13:17:18 INFO  clocks.c:456                          at iTOW = 134256836
2025-10-20 13:17:18 INFO  clocks.c:457              local clock is 250.2666 seconds
2025-10-20 13:17:18 INFO  clocks.c:458                          at iTOW = 134256746
2025-10-20 13:17:18 INFO  clocks.c:459         Estimated time of flight = -64 msec
2025-10-20 13:17:18 INFO  clocks.c:460                 Clock difference = -98 msec
2025-10-20 13:17:18 INFO  clocks.c:461       so local clock is lagging by  34 msec
2025-10-20 13:17:19 INFO  clocks.c:450 Local synchronized clock will be forwarded by 0.033 seconds
2025-10-20 13:17:19 INFO  clocks.c:455   because: remote clock was 251.0010 seconds
2025-10-20 13:17:19 INFO  clocks.c:456                          at iTOW = 134257422
2025-10-20 13:17:19 INFO  clocks.c:457              local clock is 250.9045 seconds
2025-10-20 13:17:19 INFO  clocks.c:458                          at iTOW = 134257349
2025-10-20 13:17:19 INFO  clocks.c:459         Estimated time of flight = -64 msec
2025-10-20 13:17:19 INFO  clocks.c:460                 Clock difference = -96 msec
2025-10-20 13:17:19 INFO  clocks.c:461       so local clock is lagging by  32 msec
2025-10-20 13:17:19 INFO  clocks.c:450 Local synchronized clock will be forwarded by 0.027 seconds
2025-10-20 13:17:19 INFO  clocks.c:455   because: remote clock was 251.5240 seconds
2025-10-20 13:17:19 INFO  clocks.c:456                          at iTOW = 134257927
2025-10-20 13:17:19 INFO  clocks.c:457              local clock is 251.4334 seconds
2025-10-20 13:17:19 INFO  clocks.c:458                          at iTOW = 134257846
2025-10-20 13:17:19 INFO  clocks.c:459         Estimated time of flight = -64 msec
2025-10-20 13:17:19 INFO  clocks.c:460                 Clock difference = -90 msec
2025-10-20 13:17:19 INFO  clocks.c:461       so local clock is lagging by  26 msec
2025-10-20 13:17:21 INFO  clocks.c:450 Local synchronized clock will be forwarded by 0.013 seconds
2025-10-20 13:17:21 INFO  clocks.c:455   because: remote clock was 252.8410 seconds
2025-10-20 13:17:21 INFO  clocks.c:456                          at iTOW = 134259230
2025-10-20 13:17:21 INFO  clocks.c:457              local clock is 252.7643 seconds
2025-10-20 13:17:21 INFO  clocks.c:458                          at iTOW = 134259150
2025-10-20 13:17:21 INFO  clocks.c:459         Estimated time of flight = -64 msec
2025-10-20 13:17:21 INFO  clocks.c:460                 Clock difference = -76 msec
2025-10-20 13:17:21 INFO  clocks.c:461       so local clock is lagging by  12 msec
2025-10-20 13:17:23 INFO  clocks.c:450 Local synchronized clock will be forwarded by 0.026 seconds
2025-10-20 13:17:23 INFO  clocks.c:455   because: remote clock was 255.3730 seconds
2025-10-20 13:17:23 INFO  clocks.c:456                          at iTOW = 134261747
2025-10-20 13:17:23 INFO  clocks.c:457              local clock is 255.2828 seconds
2025-10-20 13:17:23 INFO  clocks.c:458                          at iTOW = 134261656
2025-10-20 13:17:23 INFO  clocks.c:459         Estimated time of flight = -64 msec
2025-10-20 13:17:23 INFO  clocks.c:460                 Clock difference = -90 msec
2025-10-20 13:17:23 INFO  clocks.c:461       so local clock is lagging by  26 msec
2025-10-20 13:17:24 INFO  clocks.c:450 Local synchronized clock will be forwarded by 0.025 seconds
2025-10-20 13:17:24 INFO  clocks.c:455   because: remote clock was 256.6170 seconds
2025-10-20 13:17:24 INFO  clocks.c:456                          at iTOW = 134262964
2025-10-20 13:17:24 INFO  clocks.c:457              local clock is 256.5281 seconds
2025-10-20 13:17:24 INFO  clocks.c:458                          at iTOW = 134262875
2025-10-20 13:17:24 INFO  clocks.c:459         Estimated time of flight = -64 msec
2025-10-20 13:17:24 INFO  clocks.c:460                 Clock difference = -88 msec
2025-10-20 13:17:24 INFO  clocks.c:461       so local clock is lagging by  24 msec
2025-10-20 13:17:25 INFO  clocks.c:450 Local synchronized clock will be forwarded by 0.039 seconds
2025-10-20 13:17:25 INFO  clocks.c:455   because: remote clock was 257.0570 seconds
2025-10-20 13:17:25 INFO  clocks.c:456                          at iTOW = 134263368
2025-10-20 13:17:25 INFO  clocks.c:457              local clock is 256.9539 seconds
2025-10-20 13:17:25 INFO  clocks.c:458                          at iTOW = 134263276
2025-10-20 13:17:25 INFO  clocks.c:459         Estimated time of flight = -64 msec
2025-10-20 13:17:25 INFO  clocks.c:460                 Clock difference = -103 msec
2025-10-20 13:17:25 INFO  clocks.c:461       so local clock is lagging by  39 msec
2025-10-20 13:17:25 INFO  clocks.c:450 Local synchronized clock will be forwarded by 0.038 seconds
2025-10-20 13:17:25 INFO  clocks.c:455   because: remote clock was 257.3960 seconds
2025-10-20 13:17:25 INFO  clocks.c:456                          at iTOW = 134263668
2025-10-20 13:17:25 INFO  clocks.c:457              local clock is 257.2943 seconds
2025-10-20 13:17:25 INFO  clocks.c:458                          at iTOW = 134263577
2025-10-20 13:17:25 INFO  clocks.c:459         Estimated time of flight = -64 msec
2025-10-20 13:17:25 INFO  clocks.c:460                 Clock difference = -101 msec
2025-10-20 13:17:25 INFO  clocks.c:461       so local clock is lagging by  37 msec
2025-10-20 13:17:26 INFO  clocks.c:450 Local synchronized clock will be forwarded by 0.031 seconds
2025-10-20 13:17:26 INFO  clocks.c:455   because: remote clock was 258.0250 seconds
2025-10-20 13:17:26 INFO  clocks.c:456                          at iTOW = 134264259
2025-10-20 13:17:26 INFO  clocks.c:457              local clock is 257.9301 seconds
2025-10-20 13:17:26 INFO  clocks.c:458                          at iTOW = 134264175
2025-10-20 13:17:26 INFO  clocks.c:459         Estimated time of flight = -64 msec
2025-10-20 13:17:26 INFO  clocks.c:460                 Clock difference = -94 msec
2025-10-20 13:17:26 INFO  clocks.c:461       so local clock is lagging by  30 msec
2025-10-20 13:17:26 INFO  clocks.c:450 Local synchronized clock will be forwarded by 0.024 seconds
2025-10-20 13:17:26 INFO  clocks.c:455   because: remote clock was 258.3450 seconds
2025-10-20 13:17:26 INFO  clocks.c:456                          at iTOW = 134264566
2025-10-20 13:17:26 INFO  clocks.c:457              local clock is 258.2575 seconds
2025-10-20 13:17:26 INFO  clocks.c:458                          at iTOW = 134264472
2025-10-20 13:17:26 INFO  clocks.c:459         Estimated time of flight = -64 msec
2025-10-20 13:17:26 INFO  clocks.c:460                 Clock difference = -87 msec
2025-10-20 13:17:26 INFO  clocks.c:461       so local clock is lagging by  23 msec
2025-10-20 13:17:27 INFO  clocks.c:450 Local synchronized clock will be forwarded by 0.022 seconds
2025-10-20 13:17:27 INFO  clocks.c:455   because: remote clock was 259.6810 seconds
2025-10-20 13:17:27 INFO  clocks.c:456                          at iTOW = 134265861
2025-10-20 13:17:27 INFO  clocks.c:457              local clock is 259.5951 seconds
2025-10-20 13:17:27 INFO  clocks.c:458                          at iTOW = 134265786
2025-10-20 13:17:27 INFO  clocks.c:459         Estimated time of flight = -64 msec
2025-10-20 13:17:27 INFO  clocks.c:460                 Clock difference = -85 msec
2025-10-20 13:17:27 INFO  clocks.c:461       so local clock is lagging by  21 msec
2025-10-20 13:17:28 INFO  clocks.c:450 Local synchronized clock will be forwarded by 0.027 seconds
2025-10-20 13:17:28 INFO  clocks.c:455   because: remote clock was 260.6040 seconds
2025-10-20 13:17:28 INFO  clocks.c:456                          at iTOW = 134266758
2025-10-20 13:17:28 INFO  clocks.c:457              local clock is 260.5135 seconds
2025-10-20 13:17:28 INFO  clocks.c:458                          at iTOW = 134266682
2025-10-20 13:17:28 INFO  clocks.c:459         Estimated time of flight = -64 msec
2025-10-20 13:17:28 INFO  clocks.c:460                 Clock difference = -90 msec
2025-10-20 13:17:28 INFO  clocks.c:461       so local clock is lagging by  26 msec
2025-10-20 13:17:29 INFO  clocks.c:450 Local synchronized clock will be forwarded by 0.012 seconds
2025-10-20 13:17:29 INFO  clocks.c:455   because: remote clock was 261.5200 seconds
2025-10-20 13:17:29 INFO  clocks.c:456                          at iTOW = 134267664
2025-10-20 13:17:29 INFO  clocks.c:457              local clock is 261.4437 seconds
2025-10-20 13:17:29 INFO  clocks.c:458                          at iTOW = 134267586
2025-10-20 13:17:29 INFO  clocks.c:459         Estimated time of flight = -64 msec
2025-10-20 13:17:29 INFO  clocks.c:460                 Clock difference = -76 msec
2025-10-20 13:17:29 INFO  clocks.c:461       so local clock is lagging by  12 msec
2025-10-20 13:17:29 INFO  clocks.c:450 Local synchronized clock will be forwarded by 0.023 seconds
2025-10-20 13:17:29 INFO  clocks.c:455   because: remote clock was 261.8530 seconds
2025-10-20 13:17:29 INFO  clocks.c:456                          at iTOW = 134267985
2025-10-20 13:17:29 INFO  clocks.c:457              local clock is 261.7663 seconds
2025-10-20 13:17:29 INFO  clocks.c:458                          at iTOW = 134267896
2025-10-20 13:17:29 INFO  clocks.c:459         Estimated time of flight = -64 msec
2025-10-20 13:17:29 INFO  clocks.c:460                 Clock difference = -86 msec
2025-10-20 13:17:29 INFO  clocks.c:461       so local clock is lagging by  22 msec
2025-10-20 13:17:30 INFO  clocks.c:450 Local synchronized clock will be forwarded by 0.011 seconds
2025-10-20 13:17:30 INFO  clocks.c:455   because: remote clock was 262.3640 seconds
2025-10-20 13:17:30 INFO  clocks.c:456                          at iTOW = 134268473
2025-10-20 13:17:30 INFO  clocks.c:457              local clock is 262.2887 seconds
2025-10-20 13:17:30 INFO  clocks.c:458                          at iTOW = 134268396
2025-10-20 13:17:30 INFO  clocks.c:459         Estimated time of flight = -64 msec
2025-10-20 13:17:30 INFO  clocks.c:460                 Clock difference = -75 msec
2025-10-20 13:17:30 INFO  clocks.c:461       so local clock is lagging by  11 msec
2025-10-20 13:17:30 INFO  clocks.c:450 Local synchronized clock will be forwarded by 0.013 seconds
2025-10-20 13:17:30 INFO  clocks.c:455   because: remote clock was 262.4780 seconds
2025-10-20 13:17:30 INFO  clocks.c:456                          at iTOW = 134268575
2025-10-20 13:17:30 INFO  clocks.c:457              local clock is 262.4013 seconds
2025-10-20 13:17:30 INFO  clocks.c:458                          at iTOW = 134268497
2025-10-20 13:17:30 INFO  clocks.c:459         Estimated time of flight = -64 msec
2025-10-20 13:17:30 INFO  clocks.c:460                 Clock difference = -76 msec
2025-10-20 13:17:30 INFO  clocks.c:461       so local clock is lagging by  12 msec
2025-10-20 13:17:30 INFO  clocks.c:450 Local synchronized clock will be forwarded by 0.015 seconds
2025-10-20 13:17:30 INFO  clocks.c:455   because: remote clock was 262.5920 seconds
2025-10-20 13:17:30 INFO  clocks.c:456                          at iTOW = 134268675
2025-10-20 13:17:30 INFO  clocks.c:457              local clock is 262.5127 seconds
2025-10-20 13:17:30 INFO  clocks.c:458                          at iTOW = 134268596
2025-10-20 13:17:30 INFO  clocks.c:459         Estimated time of flight = -64 msec
2025-10-20 13:17:30 INFO  clocks.c:460                 Clock difference = -79 msec
2025-10-20 13:17:30 INFO  clocks.c:461       so local clock is lagging by  15 msec
2025-10-20 13:17:30 INFO  clocks.c:450 Local synchronized clock will be forwarded by 0.014 seconds
2025-10-20 13:17:30 INFO  clocks.c:455   because: remote clock was 262.7070 seconds
2025-10-20 13:17:30 INFO  clocks.c:456                          at iTOW = 134268775
2025-10-20 13:17:30 INFO  clocks.c:457              local clock is 262.6294 seconds
2025-10-20 13:17:30 INFO  clocks.c:458                          at iTOW = 134268698
2025-10-20 13:17:30 INFO  clocks.c:459         Estimated time of flight = -64 msec
2025-10-20 13:17:30 INFO  clocks.c:460                 Clock difference = -77 msec
2025-10-20 13:17:30 INFO  clocks.c:461       so local clock is lagging by  13 msec
2025-10-20 13:17:31 INFO  clocks.c:450 Local synchronized clock will be forwarded by 0.013 seconds
2025-10-20 13:17:31 INFO  clocks.c:455   because: remote clock was 263.5290 seconds
2025-10-20 13:17:31 INFO  clocks.c:456                          at iTOW = 134269582
2025-10-20 13:17:31 INFO  clocks.c:457              local clock is 263.4516 seconds
2025-10-20 13:17:31 INFO  clocks.c:458                          at iTOW = 134269506
2025-10-20 13:17:31 INFO  clocks.c:459         Estimated time of flight = -64 msec
2025-10-20 13:17:31 INFO  clocks.c:460                 Clock difference = -77 msec
2025-10-20 13:17:31 INFO  clocks.c:461       so local clock is lagging by  13 msec
2025-10-20 13:17:31 INFO  autopilots/pixhawk/driver.c:1721 statustext: RCInput: decoding UNKNOWN (severity: 7 - DEBUG)
2025-10-20 13:17:31 INFO  autopilots/pixhawk/driver.c:1721 statustext: RCInput: decoding PX4IO_PPM (severity: 7 - DEBUG)
2025-10-20 13:17:32 INFO  clocks.c:450 Local synchronized clock will be forwarded by 0.012 seconds
2025-10-20 13:17:32 INFO  clocks.c:455   because: remote clock was 264.1510 seconds
2025-10-20 13:17:32 INFO  clocks.c:456                          at iTOW = 134270186
2025-10-20 13:17:32 INFO  clocks.c:457              local clock is 264.0749 seconds
2025-10-20 13:17:32 INFO  clocks.c:458                          at iTOW = 134270116
2025-10-20 13:17:32 INFO  clocks.c:459         Estimated time of flight = -64 msec
2025-10-20 13:17:32 INFO  clocks.c:460                 Clock difference = -76 msec
2025-10-20 13:17:32 INFO  clocks.c:461       so local clock is lagging by  12 msec
2025-10-20 13:17:32 INFO  clocks.c:450 Local synchronized clock will be forwarded by 0.033 seconds
2025-10-20 13:17:32 INFO  clocks.c:455   because: remote clock was 264.3840 seconds
2025-10-20 13:17:32 INFO  clocks.c:456                          at iTOW = 134270408
2025-10-20 13:17:32 INFO  clocks.c:457              local clock is 264.2870 seconds
2025-10-20 13:17:32 INFO  clocks.c:458                          at iTOW = 134270316
2025-10-20 13:17:32 INFO  clocks.c:459         Estimated time of flight = -64 msec
2025-10-20 13:17:32 INFO  clocks.c:460                 Clock difference = -96 msec
2025-10-20 13:17:32 INFO  clocks.c:461       so local clock is lagging by  32 msec
2025-10-20 13:17:32 INFO  clocks.c:450 Local synchronized clock will be forwarded by 0.034 seconds
2025-10-20 13:17:32 INFO  clocks.c:455   because: remote clock was 264.7180 seconds
2025-10-20 13:17:32 INFO  clocks.c:456                          at iTOW = 134270708
2025-10-20 13:17:32 INFO  clocks.c:457              local clock is 264.6200 seconds
2025-10-20 13:17:32 INFO  clocks.c:458                          at iTOW = 134270616
2025-10-20 13:17:32 INFO  clocks.c:459         Estimated time of flight = -64 msec
2025-10-20 13:17:32 INFO  clocks.c:460                 Clock difference = -98 msec
2025-10-20 13:17:32 INFO  clocks.c:461       so local clock is lagging by  34 msec
2025-10-20 13:17:33 INFO  clocks.c:450 Local synchronized clock will be forwarded by 0.028 seconds
2025-10-20 13:17:33 INFO  clocks.c:455   because: remote clock was 265.8460 seconds
2025-10-20 13:17:33 INFO  clocks.c:456                          at iTOW = 134271793
2025-10-20 13:17:33 INFO  clocks.c:457              local clock is 265.7537 seconds
2025-10-20 13:17:33 INFO  clocks.c:458                          at iTOW = 134271716
2025-10-20 13:17:33 INFO  clocks.c:459         Estimated time of flight = -64 msec
2025-10-20 13:17:33 INFO  clocks.c:460                 Clock difference = -92 msec
2025-10-20 13:17:33 INFO  clocks.c:461       so local clock is lagging by  28 msec
2025-10-20 13:17:34 INFO  clocks.c:450 Local synchronized clock will be forwarded by 0.032 seconds
2025-10-20 13:17:34 INFO  clocks.c:455   because: remote clock was 266.7800 seconds
2025-10-20 13:17:34 INFO  clocks.c:456                          at iTOW = 134272696
2025-10-20 13:17:34 INFO  clocks.c:457              local clock is 266.6840 seconds
2025-10-20 13:17:34 INFO  clocks.c:458                          at iTOW = 134272618
2025-10-20 13:17:34 INFO  clocks.c:459         Estimated time of flight = -64 msec
2025-10-20 13:17:34 INFO  clocks.c:460                 Clock difference = -95 msec
2025-10-20 13:17:34 INFO  clocks.c:461       so local clock is lagging by  31 msec
2025-10-20 13:17:35 INFO  clocks.c:450 Local synchronized clock will be forwarded by 0.032 seconds
2025-10-20 13:17:35 INFO  clocks.c:455   because: remote clock was 267.9200 seconds
2025-10-20 13:17:35 INFO  clocks.c:456                          at iTOW = 134273804
2025-10-20 13:17:35 INFO  clocks.c:457              local clock is 267.8244 seconds
2025-10-20 13:17:35 INFO  clocks.c:458                          at iTOW = 134273726
2025-10-20 13:17:35 INFO  clocks.c:459         Estimated time of flight = -64 msec
2025-10-20 13:17:35 INFO  clocks.c:460                 Clock difference = -95 msec
2025-10-20 13:17:35 INFO  clocks.c:461       so local clock is lagging by  31 msec
2025-10-20 13:17:36 INFO  clocks.c:450 Local synchronized clock will be forwarded by 0.019 seconds
2025-10-20 13:17:36 INFO  clocks.c:455   because: remote clock was 269.0390 seconds
2025-10-20 13:17:36 INFO  clocks.c:456                          at iTOW = 134274909
2025-10-20 13:17:36 INFO  clocks.c:457              local clock is 268.9560 seconds
2025-10-20 13:17:36 INFO  clocks.c:458                          at iTOW = 134274826
2025-10-20 13:17:36 INFO  clocks.c:459         Estimated time of flight = -64 msec
2025-10-20 13:17:36 INFO  clocks.c:460                 Clock difference = -83 msec
2025-10-20 13:17:36 INFO  clocks.c:461       so local clock is lagging by  19 msec
2025-10-20 13:17:37 INFO  clocks.c:450 Local synchronized clock will be forwarded by 0.034 seconds
2025-10-20 13:17:37 INFO  clocks.c:455   because: remote clock was 269.7940 seconds
2025-10-20 13:17:37 INFO  clocks.c:456                          at iTOW = 134275635
2025-10-20 13:17:37 INFO  clocks.c:457              local clock is 269.6961 seconds
2025-10-20 13:17:37 INFO  clocks.c:458                          at iTOW = 134275547
2025-10-20 13:17:37 INFO  clocks.c:459         Estimated time of flight = -64 msec
2025-10-20 13:17:37 INFO  clocks.c:460                 Clock difference = -97 msec
2025-10-20 13:17:37 INFO  clocks.c:461       so local clock is lagging by  33 msec
2025-10-20 13:17:37 INFO  clocks.c:450 Local synchronized clock will be forwarded by 0.017 seconds
2025-10-20 13:17:37 INFO  clocks.c:455   because: remote clock was 270.2100 seconds
2025-10-20 13:17:37 INFO  clocks.c:456                          at iTOW = 134276017
2025-10-20 13:17:37 INFO  clocks.c:457              local clock is 270.1289 seconds
2025-10-20 13:17:37 INFO  clocks.c:458                          at iTOW = 134275946
2025-10-20 13:17:37 INFO  clocks.c:459         Estimated time of flight = -64 msec
2025-10-20 13:17:37 INFO  clocks.c:460                 Clock difference = -81 msec
2025-10-20 13:17:37 INFO  clocks.c:461       so local clock is lagging by  17 msec
2025-10-20 13:17:39 INFO  clocks.c:450 Local synchronized clock will be forwarded by 0.044 seconds
2025-10-20 13:17:39 INFO  clocks.c:455   because: remote clock was 271.3470 seconds
2025-10-20 13:17:39 INFO  clocks.c:456                          at iTOW = 134277122
2025-10-20 13:17:39 INFO  clocks.c:457              local clock is 271.2393 seconds
2025-10-20 13:17:39 INFO  clocks.c:458                          at iTOW = 134277039
2025-10-20 13:17:39 INFO  clocks.c:459         Estimated time of flight = -64 msec
2025-10-20 13:17:39 INFO  clocks.c:460                 Clock difference = -107 msec
2025-10-20 13:17:39 INFO  clocks.c:461       so local clock is lagging by  43 msec
2025-10-20 13:17:39 INFO  clocks.c:450 Local synchronized clock will be forwarded by 0.026 seconds
2025-10-20 13:17:39 INFO  clocks.c:455   because: remote clock was 271.6790 seconds
2025-10-20 13:17:39 INFO  clocks.c:456                          at iTOW = 134277431
2025-10-20 13:17:39 INFO  clocks.c:457              local clock is 271.5887 seconds
2025-10-20 13:17:39 INFO  clocks.c:458                          at iTOW = 134277345
2025-10-20 13:17:39 INFO  clocks.c:459         Estimated time of flight = -64 msec
2025-10-20 13:17:39 INFO  clocks.c:460                 Clock difference = -90 msec
2025-10-20 13:17:39 INFO  clocks.c:461       so local clock is lagging by  26 msec
2025-10-20 13:17:40 INFO  clocks.c:450 Local synchronized clock will be forwarded by 0.030 seconds
2025-10-20 13:17:40 INFO  clocks.c:455   because: remote clock was 273.0030 seconds
2025-10-20 13:17:40 INFO  clocks.c:456                          at iTOW = 134278727
2025-10-20 13:17:40 INFO  clocks.c:457              local clock is 272.9093 seconds
2025-10-20 13:17:40 INFO  clocks.c:458                          at iTOW = 134278639
2025-10-20 13:17:40 INFO  clocks.c:459         Estimated time of flight = -64 msec
2025-10-20 13:17:40 INFO  clocks.c:460                 Clock difference = -93 msec
2025-10-20 13:17:40 INFO  clocks.c:461       so local clock is lagging by  29 msec
2025-10-20 13:17:42 INFO  clocks.c:450 Local synchronized clock will be forwarded by 0.035 seconds
2025-10-20 13:17:42 INFO  clocks.c:455   because: remote clock was 274.8400 seconds
2025-10-20 13:17:42 INFO  clocks.c:456                          at iTOW = 134280531
2025-10-20 13:17:42 INFO  clocks.c:457              local clock is 274.7405 seconds
2025-10-20 13:17:42 INFO  clocks.c:458                          at iTOW = 134280441
2025-10-20 13:17:42 INFO  clocks.c:459         Estimated time of flight = -64 msec
2025-10-20 13:17:42 INFO  clocks.c:460                 Clock difference = -99 msec
2025-10-20 13:17:42 INFO  clocks.c:461       so local clock is lagging by  35 msec
2025-10-20 13:17:44 INFO  autopilots/pixhawk/driver.c:1721 statustext: RCInput: decoding UNKNOWN (severity: 7 - DEBUG)
2025-10-20 13:17:44 INFO  autopilots/pixhawk/driver.c:1721 statustext: RCInput: decoding PX4IO_PPM (severity: 7 - DEBUG)
2025-10-20 13:17:45 INFO  clocks.c:450 Local synchronized clock will be forwarded by 0.013 seconds
2025-10-20 13:17:45 INFO  clocks.c:455   because: remote clock was 278.2580 seconds
2025-10-20 13:17:45 INFO  clocks.c:456                          at iTOW = 134283924
2025-10-20 13:17:45 INFO  clocks.c:457              local clock is 278.1813 seconds
2025-10-20 13:17:45 INFO  clocks.c:458                          at iTOW = 134283846
2025-10-20 13:17:45 INFO  clocks.c:459         Estimated time of flight = -64 msec
2025-10-20 13:17:45 INFO  clocks.c:460                 Clock difference = -76 msec
2025-10-20 13:17:45 INFO  clocks.c:461       so local clock is lagging by  12 msec
2025-10-20 13:17:46 INFO  clocks.c:450 Local synchronized clock will be forwarded by 0.027 seconds
2025-10-20 13:17:46 INFO  clocks.c:455   because: remote clock was 279.0900 seconds
2025-10-20 13:17:46 INFO  clocks.c:456                          at iTOW = 134284744
2025-10-20 13:17:46 INFO  clocks.c:457              local clock is 278.9987 seconds
2025-10-20 13:17:46 INFO  clocks.c:458                          at iTOW = 134284651
2025-10-20 13:17:46 INFO  clocks.c:459         Estimated time of flight = -64 msec
2025-10-20 13:17:46 INFO  clocks.c:460                 Clock difference = -91 msec
2025-10-20 13:17:46 INFO  clocks.c:461       so local clock is lagging by  27 msec
2025-10-20 13:17:47 INFO  clocks.c:450 Local synchronized clock will be forwarded by 0.013 seconds
2025-10-20 13:17:47 INFO  clocks.c:455   because: remote clock was 279.5090 seconds
2025-10-20 13:17:47 INFO  clocks.c:456                          at iTOW = 134285128
2025-10-20 13:17:47 INFO  clocks.c:457              local clock is 279.4319 seconds
2025-10-20 13:17:47 INFO  clocks.c:458                          at iTOW = 134285057
2025-10-20 13:17:47 INFO  clocks.c:459         Estimated time of flight = -64 msec
2025-10-20 13:17:47 INFO  clocks.c:460                 Clock difference = -77 msec
2025-10-20 13:17:47 INFO  clocks.c:461       so local clock is lagging by  13 msec
2025-10-20 13:17:47 INFO  clocks.c:450 Local synchronized clock will be forwarded by 0.015 seconds
2025-10-20 13:17:47 INFO  clocks.c:455   because: remote clock was 280.4280 seconds
2025-10-20 13:17:47 INFO  clocks.c:456                          at iTOW = 134286037
2025-10-20 13:17:47 INFO  clocks.c:457              local clock is 280.3491 seconds
2025-10-20 13:17:47 INFO  clocks.c:458                          at iTOW = 134285961
2025-10-20 13:17:47 INFO  clocks.c:459         Estimated time of flight = -64 msec
2025-10-20 13:17:47 INFO  clocks.c:460                 Clock difference = -78 msec
2025-10-20 13:17:47 INFO  clocks.c:461       so local clock is lagging by  14 msec
2025-10-20 13:17:49 INFO  clocks.c:450 Local synchronized clock will be forwarded by 0.025 seconds
2025-10-20 13:17:49 INFO  clocks.c:455   because: remote clock was 281.5600 seconds
2025-10-20 13:17:49 INFO  clocks.c:456                          at iTOW = 134287151
2025-10-20 13:17:49 INFO  clocks.c:457              local clock is 281.4711 seconds
2025-10-20 13:17:49 INFO  clocks.c:458                          at iTOW = 134287068
2025-10-20 13:17:49 INFO  clocks.c:459         Estimated time of flight = -64 msec
2025-10-20 13:17:49 INFO  clocks.c:460                 Clock difference = -88 msec
2025-10-20 13:17:49 INFO  clocks.c:461       so local clock is lagging by  24 msec
2025-10-20 13:17:49 INFO  clocks.c:450 Local synchronized clock will be forwarded by 0.016 seconds
2025-10-20 13:17:49 INFO  clocks.c:455   because: remote clock was 282.4850 seconds
2025-10-20 13:17:49 INFO  clocks.c:456                          at iTOW = 134288045
2025-10-20 13:17:49 INFO  clocks.c:457              local clock is 282.4045 seconds
2025-10-20 13:17:49 INFO  clocks.c:458                          at iTOW = 134287976
2025-10-20 13:17:49 INFO  clocks.c:459         Estimated time of flight = -64 msec
2025-10-20 13:17:49 INFO  clocks.c:460                 Clock difference = -80 msec
2025-10-20 13:17:49 INFO  clocks.c:461       so local clock is lagging by  16 msec
2025-10-20 13:17:50 INFO  clocks.c:450 Local synchronized clock will be forwarded by 0.019 seconds
2025-10-20 13:17:50 INFO  clocks.c:455   because: remote clock was 282.9040 seconds
2025-10-20 13:17:50 INFO  clocks.c:456                          at iTOW = 134288451
2025-10-20 13:17:50 INFO  clocks.c:457              local clock is 282.8210 seconds
2025-10-20 13:17:50 INFO  clocks.c:458                          at iTOW = 134288376
2025-10-20 13:17:50 INFO  clocks.c:459         Estimated time of flight = -64 msec
2025-10-20 13:17:50 INFO  clocks.c:460                 Clock difference = -83 msec
2025-10-20 13:17:50 INFO  clocks.c:461       so local clock is lagging by  19 msec
2025-10-20 13:17:50 INFO  clocks.c:450 Local synchronized clock will be forwarded by 0.028 seconds
2025-10-20 13:17:50 INFO  clocks.c:455   because: remote clock was 283.5290 seconds
2025-10-20 13:17:50 INFO  clocks.c:456                          at iTOW = 134289063
2025-10-20 13:17:50 INFO  clocks.c:457              local clock is 283.4365 seconds
2025-10-20 13:17:50 INFO  clocks.c:458                          at iTOW = 134288973
2025-10-20 13:17:50 INFO  clocks.c:459         Estimated time of flight = -64 msec
2025-10-20 13:17:50 INFO  clocks.c:460                 Clock difference = -92 msec
2025-10-20 13:17:50 INFO  clocks.c:461       so local clock is lagging by  28 msec
2025-10-20 13:17:51 INFO  clocks.c:450 Local synchronized clock will be forwarded by 0.037 seconds
2025-10-20 13:17:51 INFO  clocks.c:455   because: remote clock was 283.8690 seconds
2025-10-20 13:17:51 INFO  clocks.c:456                          at iTOW = 134289360
2025-10-20 13:17:51 INFO  clocks.c:457              local clock is 283.7682 seconds
2025-10-20 13:17:51 INFO  clocks.c:458                          at iTOW = 134289276
2025-10-20 13:17:51 INFO  clocks.c:459         Estimated time of flight = -64 msec
2025-10-20 13:17:51 INFO  clocks.c:460                 Clock difference = -100 msec
2025-10-20 13:17:51 INFO  clocks.c:461       so local clock is lagging by  36 msec
2025-10-20 13:17:51 INFO  clocks.c:450 Local synchronized clock will be forwarded by 0.034 seconds
2025-10-20 13:17:51 INFO  clocks.c:455   because: remote clock was 284.2040 seconds
2025-10-20 13:17:51 INFO  clocks.c:456                          at iTOW = 134289671
2025-10-20 13:17:51 INFO  clocks.c:457              local clock is 284.1061 seconds
2025-10-20 13:17:51 INFO  clocks.c:458                          at iTOW = 134289577
2025-10-20 13:17:51 INFO  clocks.c:459         Estimated time of flight = -64 msec
2025-10-20 13:17:51 INFO  clocks.c:460                 Clock difference = -97 msec
2025-10-20 13:17:51 INFO  clocks.c:461       so local clock is lagging by  33 msec
2025-10-20 13:17:53 INFO  clocks.c:450 Local synchronized clock will be forwarded by 0.037 seconds
2025-10-20 13:17:53 INFO  clocks.c:455   because: remote clock was 286.1650 seconds
2025-10-20 13:17:53 INFO  clocks.c:456                          at iTOW = 134291591
2025-10-20 13:17:53 INFO  clocks.c:457              local clock is 286.0638 seconds
2025-10-20 13:17:53 INFO  clocks.c:458                          at iTOW = 134291501
2025-10-20 13:17:53 INFO  clocks.c:459         Estimated time of flight = -64 msec
2025-10-20 13:17:53 INFO  clocks.c:460                 Clock difference = -101 msec
2025-10-20 13:17:53 INFO  clocks.c:461       so local clock is lagging by  37 msec
2025-10-20 13:17:55 INFO  clocks.c:450 Local synchronized clock will be forwarded by 0.042 seconds
2025-10-20 13:17:55 INFO  clocks.c:455   because: remote clock was 288.5230 seconds
2025-10-20 13:17:55 INFO  clocks.c:456                          at iTOW = 134293911
2025-10-20 13:17:55 INFO  clocks.c:457              local clock is 288.4165 seconds
2025-10-20 13:17:55 INFO  clocks.c:458                          at iTOW = 134293816
2025-10-20 13:17:55 INFO  clocks.c:459         Estimated time of flight = -64 msec
2025-10-20 13:17:55 INFO  clocks.c:460                 Clock difference = -106 msec
2025-10-20 13:17:55 INFO  clocks.c:461       so local clock is lagging by  42 msec
2025-10-20 13:17:58 INFO  clocks.c:450 Local synchronized clock will be forwarded by 0.021 seconds
2025-10-20 13:17:58 INFO  clocks.c:455   because: remote clock was 290.7360 seconds
2025-10-20 13:17:58 INFO  clocks.c:456                          at iTOW = 134296098
2025-10-20 13:17:58 INFO  clocks.c:457              local clock is 290.6512 seconds
2025-10-20 13:17:58 INFO  clocks.c:458                          at iTOW = 134296009
2025-10-20 13:17:58 INFO  clocks.c:459         Estimated time of flight = -64 msec
2025-10-20 13:17:58 INFO  clocks.c:460                 Clock difference = -84 msec
2025-10-20 13:17:58 INFO  clocks.c:461       so local clock is lagging by  20 msec
2025-10-20 13:17:58 INFO  clocks.c:450 Local synchronized clock will be forwarded by 0.026 seconds
2025-10-20 13:17:58 INFO  clocks.c:455   because: remote clock was 290.8630 seconds
2025-10-20 13:17:58 INFO  clocks.c:456                          at iTOW = 134296199
2025-10-20 13:17:58 INFO  clocks.c:457              local clock is 290.7730 seconds
2025-10-20 13:17:58 INFO  clocks.c:458                          at iTOW = 134296110
2025-10-20 13:17:58 INFO  clocks.c:459         Estimated time of flight = -64 msec
2025-10-20 13:17:58 INFO  clocks.c:460                 Clock difference = -89 msec
2025-10-20 13:17:58 INFO  clocks.c:461       so local clock is lagging by  25 msec
2025-10-20 13:17:58 INFO  clocks.c:450 Local synchronized clock will be forwarded by 0.029 seconds
2025-10-20 13:17:58 INFO  clocks.c:455   because: remote clock was 291.0950 seconds
2025-10-20 13:17:58 INFO  clocks.c:456                          at iTOW = 134296402
2025-10-20 13:17:58 INFO  clocks.c:457              local clock is 291.0017 seconds
2025-10-20 13:17:58 INFO  clocks.c:458                          at iTOW = 134296312
2025-10-20 13:17:58 INFO  clocks.c:459         Estimated time of flight = -64 msec
2025-10-20 13:17:58 INFO  clocks.c:460                 Clock difference = -93 msec
2025-10-20 13:17:58 INFO  clocks.c:461       so local clock is lagging by  29 msec
2025-10-20 13:17:59 INFO  clocks.c:450 Local synchronized clock will be forwarded by 0.028 seconds
2025-10-20 13:17:59 INFO  clocks.c:455   because: remote clock was 291.8270 seconds
2025-10-20 13:17:59 INFO  clocks.c:456                          at iTOW = 134297110
2025-10-20 13:17:59 INFO  clocks.c:457              local clock is 291.7350 seconds
2025-10-20 13:17:59 INFO  clocks.c:458                          at iTOW = 134297016
2025-10-20 13:17:59 INFO  clocks.c:459         Estimated time of flight = -64 msec
2025-10-20 13:17:59 INFO  clocks.c:460                 Clock difference = -92 msec
2025-10-20 13:17:59 INFO  clocks.c:461       so local clock is lagging by  28 msec
2025-10-20 13:17:59 INFO  clocks.c:450 Local synchronized clock will be forwarded by 0.027 seconds
2025-10-20 13:17:59 INFO  clocks.c:455   because: remote clock was 292.0510 seconds
2025-10-20 13:17:59 INFO  clocks.c:456                          at iTOW = 134297303
2025-10-20 13:17:59 INFO  clocks.c:457              local clock is 291.9595 seconds
2025-10-20 13:17:59 INFO  clocks.c:458                          at iTOW = 134297213
2025-10-20 13:17:59 INFO  clocks.c:459         Estimated time of flight = -64 msec
2025-10-20 13:17:59 INFO  clocks.c:460                 Clock difference = -91 msec
2025-10-20 13:17:59 INFO  clocks.c:461       so local clock is lagging by  27 msec
2025-10-20 13:17:59 INFO  clocks.c:450 Local synchronized clock will be forwarded by 0.024 seconds
2025-10-20 13:17:59 INFO  clocks.c:455   because: remote clock was 292.3760 seconds
2025-10-20 13:17:59 INFO  clocks.c:456                          at iTOW = 134297605
2025-10-20 13:17:59 INFO  clocks.c:457              local clock is 292.2884 seconds
2025-10-20 13:17:59 INFO  clocks.c:458                          at iTOW = 134297514
2025-10-20 13:17:59 INFO  clocks.c:459         Estimated time of flight = -64 msec
2025-10-20 13:17:59 INFO  clocks.c:460                 Clock difference = -87 msec
2025-10-20 13:17:59 INFO  clocks.c:461       so local clock is lagging by  23 msec
2025-10-20 13:18:01 INFO  clocks.c:450 Local synchronized clock will be forwarded by 0.026 seconds
2025-10-20 13:18:01 INFO  clocks.c:455   because: remote clock was 294.8040 seconds
2025-10-20 13:18:01 INFO  clocks.c:456                          at iTOW = 134300008
2025-10-20 13:18:01 INFO  clocks.c:457              local clock is 294.7139 seconds
2025-10-20 13:18:01 INFO  clocks.c:458                          at iTOW = 134299916
2025-10-20 13:18:01 INFO  clocks.c:459         Estimated time of flight = -64 msec
2025-10-20 13:18:01 INFO  clocks.c:460                 Clock difference = -90 msec
2025-10-20 13:18:01 INFO  clocks.c:461       so local clock is lagging by  26 msec
2025-10-20 13:18:02 INFO  clocks.c:450 Local synchronized clock will be forwarded by 0.012 seconds
2025-10-20 13:18:02 INFO  clocks.c:455   because: remote clock was 295.0160 seconds
2025-10-20 13:18:02 INFO  clocks.c:456                          at iTOW = 134300189
2025-10-20 13:18:02 INFO  clocks.c:457              local clock is 294.9400 seconds
2025-10-20 13:18:02 INFO  clocks.c:458                          at iTOW = 134300116
2025-10-20 13:18:02 INFO  clocks.c:459         Estimated time of flight = -64 msec
2025-10-20 13:18:02 INFO  clocks.c:460                 Clock difference = -76 msec
2025-10-20 13:18:02 INFO  clocks.c:461       so local clock is lagging by  12 msec
2025-10-20 13:18:07 INFO  clocks.c:450 Local synchronized clock will be forwarded by 0.024 seconds
2025-10-20 13:18:07 INFO  clocks.c:455   because: remote clock was 299.9850 seconds
2025-10-20 13:18:07 INFO  clocks.c:456                          at iTOW = 134305135
2025-10-20 13:18:07 INFO  clocks.c:457              local clock is 299.8967 seconds
2025-10-20 13:18:07 INFO  clocks.c:458                          at iTOW = 134305061
2025-10-20 13:18:07 INFO  clocks.c:459         Estimated time of flight = -64 msec
2025-10-20 13:18:07 INFO  clocks.c:460                 Clock difference = -88 msec
2025-10-20 13:18:07 INFO  clocks.c:461       so local clock is lagging by  24 msec
2025-10-20 13:18:07 INFO  clocks.c:450 Local synchronized clock will be forwarded by 0.035 seconds
2025-10-20 13:18:07 INFO  clocks.c:455   because: remote clock was 300.5210 seconds
2025-10-20 13:18:07 INFO  clocks.c:456                          at iTOW = 134305649
2025-10-20 13:18:07 INFO  clocks.c:457              local clock is 300.4224 seconds
2025-10-20 13:18:07 INFO  clocks.c:458                          at iTOW = 134305562
2025-10-20 13:18:07 INFO  clocks.c:459         Estimated time of flight = -64 msec
2025-10-20 13:18:07 INFO  clocks.c:460                 Clock difference = -98 msec
2025-10-20 13:18:07 INFO  clocks.c:461       so local clock is lagging by  34 msec
2025-10-20 13:18:09 INFO  clocks.c:450 Local synchronized clock will be forwarded by 0.021 seconds
2025-10-20 13:18:09 INFO  clocks.c:455   because: remote clock was 302.1760 seconds
2025-10-20 13:18:09 INFO  clocks.c:456                          at iTOW = 134307287
2025-10-20 13:18:09 INFO  clocks.c:457              local clock is 302.0912 seconds
2025-10-20 13:18:09 INFO  clocks.c:458                          at iTOW = 134307196
2025-10-20 13:18:09 INFO  clocks.c:459         Estimated time of flight = -64 msec
2025-10-20 13:18:09 INFO  clocks.c:460                 Clock difference = -84 msec
2025-10-20 13:18:09 INFO  clocks.c:461       so local clock is lagging by  20 msec
2025-10-20 13:18:09 INFO  clocks.c:450 Local synchronized clock will be forwarded by 0.015 seconds
2025-10-20 13:18:09 INFO  clocks.c:455   because: remote clock was 302.6910 seconds
2025-10-20 13:18:09 INFO  clocks.c:456                          at iTOW = 134307772
2025-10-20 13:18:09 INFO  clocks.c:457              local clock is 302.6117 seconds
2025-10-20 13:18:09 INFO  clocks.c:458                          at iTOW = 134307696
2025-10-20 13:18:09 INFO  clocks.c:459         Estimated time of flight = -64 msec
2025-10-20 13:18:09 INFO  clocks.c:460                 Clock difference = -79 msec
2025-10-20 13:18:09 INFO  clocks.c:461       so local clock is lagging by  15 msec
2025-10-20 13:18:09 INFO  clocks.c:450 Local synchronized clock will be forwarded by 0.017 seconds
2025-10-20 13:18:09 INFO  clocks.c:455   because: remote clock was 302.9080 seconds
2025-10-20 13:18:09 INFO  clocks.c:456                          at iTOW = 134307973
2025-10-20 13:18:09 INFO  clocks.c:457              local clock is 302.8272 seconds
2025-10-20 13:18:09 INFO  clocks.c:458                          at iTOW = 134307896
2025-10-20 13:18:09 INFO  clocks.c:459         Estimated time of flight = -64 msec
2025-10-20 13:18:09 INFO  clocks.c:460                 Clock difference = -80 msec
2025-10-20 13:18:09 INFO  clocks.c:461       so local clock is lagging by  16 msec
2025-10-20 13:18:11 INFO  clocks.c:450 Local synchronized clock will be forwarded by 0.015 seconds
2025-10-20 13:18:11 INFO  clocks.c:455   because: remote clock was 304.2230 seconds
2025-10-20 13:18:11 INFO  clocks.c:456                          at iTOW = 134309274
2025-10-20 13:18:11 INFO  clocks.c:457              local clock is 304.1439 seconds
2025-10-20 13:18:11 INFO  clocks.c:458                          at iTOW = 134309196
2025-10-20 13:18:11 INFO  clocks.c:459         Estimated time of flight = -64 msec
2025-10-20 13:18:11 INFO  clocks.c:460                 Clock difference = -79 msec
2025-10-20 13:18:11 INFO  clocks.c:461       so local clock is lagging by  15 msec
2025-10-20 13:18:11 INFO  clocks.c:450 Local synchronized clock will be forwarded by 0.014 seconds
2025-10-20 13:18:11 INFO  clocks.c:455   because: remote clock was 304.7370 seconds
2025-10-20 13:18:11 INFO  clocks.c:456                          at iTOW = 134309777
2025-10-20 13:18:11 INFO  clocks.c:457              local clock is 304.6589 seconds
2025-10-20 13:18:11 INFO  clocks.c:458                          at iTOW = 134309696
2025-10-20 13:18:11 INFO  clocks.c:459         Estimated time of flight = -64 msec
2025-10-20 13:18:11 INFO  clocks.c:460                 Clock difference = -78 msec
2025-10-20 13:18:11 INFO  clocks.c:461       so local clock is lagging by  14 msec
2025-10-20 13:18:12 INFO  clocks.c:450 Local synchronized clock will be forwarded by 0.015 seconds
2025-10-20 13:18:12 INFO  clocks.c:455   because: remote clock was 305.0570 seconds
2025-10-20 13:18:12 INFO  clocks.c:456                          at iTOW = 134310082
2025-10-20 13:18:12 INFO  clocks.c:457              local clock is 304.9779 seconds
2025-10-20 13:18:12 INFO  clocks.c:458                          at iTOW = 134310001
2025-10-20 13:18:12 INFO  clocks.c:459         Estimated time of flight = -64 msec
2025-10-20 13:18:12 INFO  clocks.c:460                 Clock difference = -79 msec
2025-10-20 13:18:12 INFO  clocks.c:461       so local clock is lagging by  15 msec
2025-10-20 13:18:12 INFO  clocks.c:450 Local synchronized clock will be forwarded by 0.013 seconds
2025-10-20 13:18:12 INFO  clocks.c:455   because: remote clock was 305.5850 seconds
2025-10-20 13:18:12 INFO  clocks.c:456                          at iTOW = 134310590
2025-10-20 13:18:12 INFO  clocks.c:457              local clock is 305.5082 seconds
2025-10-20 13:18:12 INFO  clocks.c:458                          at iTOW = 134310516
2025-10-20 13:18:12 INFO  clocks.c:459         Estimated time of flight = -64 msec
2025-10-20 13:18:12 INFO  clocks.c:460                 Clock difference = -76 msec
2025-10-20 13:18:12 INFO  clocks.c:461       so local clock is lagging by  12 msec
2025-10-20 13:18:13 INFO  clocks.c:450 Local synchronized clock will be forwarded by 0.029 seconds
2025-10-20 13:18:13 INFO  clocks.c:455   because: remote clock was 306.2130 seconds
2025-10-20 13:18:13 INFO  clocks.c:456                          at iTOW = 134311207
2025-10-20 13:18:13 INFO  clocks.c:457              local clock is 306.1200 seconds
2025-10-20 13:18:13 INFO  clocks.c:458                          at iTOW = 134311115
2025-10-20 13:18:13 INFO  clocks.c:459         Estimated time of flight = -64 msec
2025-10-20 13:18:13 INFO  clocks.c:460                 Clock difference = -93 msec
2025-10-20 13:18:13 INFO  clocks.c:461       so local clock is lagging by  29 msec
2025-10-20 13:18:14 INFO  clocks.c:450 Local synchronized clock will be forwarded by 0.020 seconds
2025-10-20 13:18:14 INFO  clocks.c:455   because: remote clock was 307.8410 seconds
2025-10-20 13:18:14 INFO  clocks.c:456                          at iTOW = 134312793
2025-10-20 13:18:14 INFO  clocks.c:457              local clock is 307.7574 seconds
2025-10-20 13:18:14 INFO  clocks.c:458                          at iTOW = 134312724
2025-10-20 13:18:14 INFO  clocks.c:459         Estimated time of flight = -64 msec
2025-10-20 13:18:14 INFO  clocks.c:460                 Clock difference = -83 msec
2025-10-20 13:18:14 INFO  clocks.c:461       so local clock is lagging by  19 msec
2025-10-20 13:18:16 INFO  clocks.c:450 Local synchronized clock will be forwarded by 0.049 seconds
2025-10-20 13:18:16 INFO  clocks.c:455   because: remote clock was 309.2920 seconds
2025-10-20 13:18:16 INFO  clocks.c:456                          at iTOW = 134314216
2025-10-20 13:18:16 INFO  clocks.c:457              local clock is 309.1788 seconds
2025-10-20 13:18:16 INFO  clocks.c:458                          at iTOW = 134314125
2025-10-20 13:18:16 INFO  clocks.c:459         Estimated time of flight = -64 msec
2025-10-20 13:18:16 INFO  clocks.c:460                 Clock difference = -113 msec
2025-10-20 13:18:16 INFO  clocks.c:461       so local clock is lagging by  49 msec
2025-10-20 13:18:17 INFO  autopilots/pixhawk/driver.c:1721 statustext: RCInput: decoding UNKNOWN (severity: 7 - DEBUG)
2025-10-20 13:18:17 INFO  autopilots/pixhawk/driver.c:1721 statustext: RCInput: decoding PX4IO_PPM (severity: 7 - DEBUG)
2025-10-20 13:18:19 INFO  clocks.c:450 Local synchronized clock will be forwarded by 0.031 seconds
2025-10-20 13:18:19 INFO  clocks.c:455   because: remote clock was 312.5360 seconds
2025-10-20 13:18:19 INFO  clocks.c:456                          at iTOW = 134317430
2025-10-20 13:18:19 INFO  clocks.c:457              local clock is 312.4410 seconds
2025-10-20 13:18:19 INFO  clocks.c:458                          at iTOW = 134317338
2025-10-20 13:18:19 INFO  clocks.c:459         Estimated time of flight = -64 msec
2025-10-20 13:18:19 INFO  clocks.c:460                 Clock difference = -95 msec
2025-10-20 13:18:19 INFO  clocks.c:461       so local clock is lagging by  31 msec
2025-10-20 13:18:19 INFO  clocks.c:450 Local synchronized clock will be forwarded by 0.025 seconds
2025-10-20 13:18:19 INFO  clocks.c:455   because: remote clock was 312.8680 seconds
2025-10-20 13:18:19 INFO  clocks.c:456                          at iTOW = 134317734
2025-10-20 13:18:19 INFO  clocks.c:457              local clock is 312.7791 seconds
2025-10-20 13:18:19 INFO  clocks.c:458                          at iTOW = 134317645
2025-10-20 13:18:19 INFO  clocks.c:459         Estimated time of flight = -64 msec
2025-10-20 13:18:19 INFO  clocks.c:460                 Clock difference = -88 msec
2025-10-20 13:18:19 INFO  clocks.c:461       so local clock is lagging by  24 msec
2025-10-20 13:18:19 INFO  clocks.c:450 Local synchronized clock will be forwarded by 0.027 seconds
2025-10-20 13:18:19 INFO  clocks.c:455   because: remote clock was 313.1960 seconds
2025-10-20 13:18:19 INFO  clocks.c:456                          at iTOW = 134318038
2025-10-20 13:18:19 INFO  clocks.c:457              local clock is 313.1047 seconds
2025-10-20 13:18:19 INFO  clocks.c:458                          at iTOW = 134317946
2025-10-20 13:18:19 INFO  clocks.c:459         Estimated time of flight = -64 msec
2025-10-20 13:18:19 INFO  clocks.c:460                 Clock difference = -91 msec
2025-10-20 13:18:19 INFO  clocks.c:461       so local clock is lagging by  27 msec
2025-10-20 13:18:20 INFO  clocks.c:450 Local synchronized clock will be forwarded by 0.032 seconds
2025-10-20 13:18:20 INFO  clocks.c:455   because: remote clock was 313.6290 seconds
2025-10-20 13:18:20 INFO  clocks.c:456                          at iTOW = 134318440
2025-10-20 13:18:20 INFO  clocks.c:457              local clock is 313.5329 seconds
2025-10-20 13:18:20 INFO  clocks.c:458                          at iTOW = 134318347
2025-10-20 13:18:20 INFO  clocks.c:459         Estimated time of flight = -64 msec
2025-10-20 13:18:20 INFO  clocks.c:460                 Clock difference = -96 msec
2025-10-20 13:18:20 INFO  clocks.c:461       so local clock is lagging by  32 msec
2025-10-20 13:18:21 INFO  clocks.c:450 Local synchronized clock will be forwarded by 0.021 seconds
2025-10-20 13:18:21 INFO  clocks.c:455   because: remote clock was 314.7490 seconds
2025-10-20 13:18:21 INFO  clocks.c:456                          at iTOW = 134319520
2025-10-20 13:18:21 INFO  clocks.c:457              local clock is 314.6642 seconds
2025-10-20 13:18:21 INFO  clocks.c:458                          at iTOW = 134319446
2025-10-20 13:18:21 INFO  clocks.c:459         Estimated time of flight = -64 msec
2025-10-20 13:18:21 INFO  clocks.c:460                 Clock difference = -84 msec
2025-10-20 13:18:21 INFO  clocks.c:461       so local clock is lagging by  20 msec
2025-10-20 13:18:22 INFO  clocks.c:450 Local synchronized clock will be forwarded by 0.011 seconds
2025-10-20 13:18:22 INFO  clocks.c:455   because: remote clock was 315.3550 seconds
2025-10-20 13:18:22 INFO  clocks.c:456                          at iTOW = 134320126
2025-10-20 13:18:22 INFO  clocks.c:457              local clock is 315.2802 seconds
2025-10-20 13:18:22 INFO  clocks.c:458                          at iTOW = 134320041
2025-10-20 13:18:22 INFO  clocks.c:459         Estimated time of flight = -64 msec
2025-10-20 13:18:22 INFO  clocks.c:460                 Clock difference = -74 msec
2025-10-20 13:18:22 INFO  clocks.c:461       so local clock is lagging by  10 msec
2025-10-20 13:18:22 INFO  clocks.c:450 Local synchronized clock will be forwarded by 0.011 seconds
2025-10-20 13:18:22 INFO  clocks.c:455   because: remote clock was 315.5710 seconds
2025-10-20 13:18:22 INFO  clocks.c:456                          at iTOW = 134320327
2025-10-20 13:18:22 INFO  clocks.c:457              local clock is 315.4958 seconds
2025-10-20 13:18:22 INFO  clocks.c:458                          at iTOW = 134320246
2025-10-20 13:18:22 INFO  clocks.c:459         Estimated time of flight = -64 msec
2025-10-20 13:18:22 INFO  clocks.c:460                 Clock difference = -75 msec
2025-10-20 13:18:22 INFO  clocks.c:461       so local clock is lagging by  11 msec
2025-10-20 13:18:22 INFO  clocks.c:450 Local synchronized clock will be forwarded by 0.011 seconds
2025-10-20 13:18:22 INFO  clocks.c:455   because: remote clock was 316.2920 seconds
2025-10-20 13:18:22 INFO  clocks.c:456                          at iTOW = 134321032
2025-10-20 13:18:22 INFO  clocks.c:457              local clock is 316.2170 seconds
2025-10-20 13:18:22 INFO  clocks.c:458                          at iTOW = 134320956
2025-10-20 13:18:22 INFO  clocks.c:459         Estimated time of flight = -64 msec
2025-10-20 13:18:22 INFO  clocks.c:460                 Clock difference = -75 msec
2025-10-20 13:18:22 INFO  clocks.c:461       so local clock is lagging by  11 msec
2025-10-20 13:18:23 INFO  clocks.c:450 Local synchronized clock will be forwarded by 0.024 seconds
2025-10-20 13:18:23 INFO  clocks.c:455   because: remote clock was 316.4090 seconds
2025-10-20 13:18:23 INFO  clocks.c:456                          at iTOW = 134321133
2025-10-20 13:18:23 INFO  clocks.c:457              local clock is 316.3209 seconds
2025-10-20 13:18:23 INFO  clocks.c:458                          at iTOW = 134321049
2025-10-20 13:18:23 INFO  clocks.c:459         Estimated time of flight = -64 msec
2025-10-20 13:18:23 INFO  clocks.c:460                 Clock difference = -88 msec
2025-10-20 13:18:23 INFO  clocks.c:461       so local clock is lagging by  24 msec
2025-10-20 13:18:23 INFO  clocks.c:450 Local synchronized clock will be forwarded by 0.033 seconds
2025-10-20 13:18:23 INFO  clocks.c:455   because: remote clock was 316.7460 seconds
2025-10-20 13:18:23 INFO  clocks.c:456                          at iTOW = 134321446
2025-10-20 13:18:23 INFO  clocks.c:457              local clock is 316.6493 seconds
2025-10-20 13:18:23 INFO  clocks.c:458                          at iTOW = 134321353
2025-10-20 13:18:23 INFO  clocks.c:459         Estimated time of flight = -64 msec
2025-10-20 13:18:23 INFO  clocks.c:460                 Clock difference = -96 msec
2025-10-20 13:18:23 INFO  clocks.c:461       so local clock is lagging by  32 msec
2025-10-20 13:18:25 INFO  clocks.c:450 Local synchronized clock will be forwarded by 0.041 seconds
2025-10-20 13:18:25 INFO  clocks.c:455   because: remote clock was 319.0000 seconds
2025-10-20 13:18:25 INFO  clocks.c:456                          at iTOW = 134323646
2025-10-20 13:18:25 INFO  clocks.c:457              local clock is 318.8948 seconds
2025-10-20 13:18:25 INFO  clocks.c:458                          at iTOW = 134323566
2025-10-20 13:18:25 INFO  clocks.c:459         Estimated time of flight = -64 msec
2025-10-20 13:18:25 INFO  clocks.c:460                 Clock difference = -105 msec
2025-10-20 13:18:25 INFO  clocks.c:461       so local clock is lagging by  41 msec
2025-10-20 13:18:26 INFO  clocks.c:450 Local synchronized clock will be forwarded by 0.031 seconds
2025-10-20 13:18:26 INFO  clocks.c:455   because: remote clock was 319.6370 seconds
2025-10-20 13:18:26 INFO  clocks.c:456                          at iTOW = 134324263
2025-10-20 13:18:26 INFO  clocks.c:457              local clock is 319.5425 seconds
2025-10-20 13:18:26 INFO  clocks.c:458                          at iTOW = 134324173
2025-10-20 13:18:26 INFO  clocks.c:459         Estimated time of flight = -64 msec
2025-10-20 13:18:26 INFO  clocks.c:460                 Clock difference = -94 msec
2025-10-20 13:18:26 INFO  clocks.c:461       so local clock is lagging by  30 msec
2025-10-20 13:18:26 INFO  clocks.c:450 Local synchronized clock will be forwarded by 0.021 seconds
2025-10-20 13:18:26 INFO  clocks.c:455   because: remote clock was 319.9580 seconds
2025-10-20 13:18:26 INFO  clocks.c:456                          at iTOW = 134324564
2025-10-20 13:18:26 INFO  clocks.c:457              local clock is 319.8729 seconds
2025-10-20 13:18:26 INFO  clocks.c:458                          at iTOW = 134324473
2025-10-20 13:18:26 INFO  clocks.c:459         Estimated time of flight = -64 msec
2025-10-20 13:18:26 INFO  clocks.c:460                 Clock difference = -85 msec
2025-10-20 13:18:26 INFO  clocks.c:461       so local clock is lagging by  21 msec
2025-10-20 13:18:27 INFO  clocks.c:450 Local synchronized clock will be forwarded by 0.020 seconds
2025-10-20 13:18:27 INFO  clocks.c:455   because: remote clock was 320.8820 seconds
2025-10-20 13:18:27 INFO  clocks.c:456                          at iTOW = 134325454
2025-10-20 13:18:27 INFO  clocks.c:457              local clock is 320.7978 seconds
2025-10-20 13:18:27 INFO  clocks.c:458                          at iTOW = 134325376
2025-10-20 13:18:27 INFO  clocks.c:459         Estimated time of flight = -64 msec
2025-10-20 13:18:27 INFO  clocks.c:460                 Clock difference = -84 msec
2025-10-20 13:18:27 INFO  clocks.c:461       so local clock is lagging by  20 msec
2025-10-20 13:18:27 INFO  clocks.c:450 Local synchronized clock will be forwarded by 0.038 seconds
2025-10-20 13:18:27 INFO  clocks.c:455   because: remote clock was 321.5220 seconds
2025-10-20 13:18:27 INFO  clocks.c:456                          at iTOW = 134326069
2025-10-20 13:18:27 INFO  clocks.c:457              local clock is 321.4199 seconds
2025-10-20 13:18:27 INFO  clocks.c:458                          at iTOW = 134325978
2025-10-20 13:18:27 INFO  clocks.c:459         Estimated time of flight = -64 msec
2025-10-20 13:18:27 INFO  clocks.c:460                 Clock difference = -102 msec
2025-10-20 13:18:27 INFO  clocks.c:461       so local clock is lagging by  38 msec
2025-10-20 13:18:28 INFO  clocks.c:450 Local synchronized clock will be forwarded by 0.041 seconds
2025-10-20 13:18:28 INFO  clocks.c:455   because: remote clock was 321.8660 seconds
2025-10-20 13:18:28 INFO  clocks.c:456                          at iTOW = 134326371
2025-10-20 13:18:28 INFO  clocks.c:457              local clock is 321.7608 seconds
2025-10-20 13:18:28 INFO  clocks.c:458                          at iTOW = 134326281
2025-10-20 13:18:28 INFO  clocks.c:459         Estimated time of flight = -64 msec
2025-10-20 13:18:28 INFO  clocks.c:460                 Clock difference = -105 msec
2025-10-20 13:18:28 INFO  clocks.c:461       so local clock is lagging by  41 msec
2025-10-20 13:18:28 INFO  clocks.c:450 Local synchronized clock will be forwarded by 0.027 seconds
2025-10-20 13:18:28 INFO  clocks.c:455   because: remote clock was 322.1960 seconds
2025-10-20 13:18:28 INFO  clocks.c:456                          at iTOW = 134326675
2025-10-20 13:18:28 INFO  clocks.c:457              local clock is 322.1053 seconds
2025-10-20 13:18:28 INFO  clocks.c:458                          at iTOW = 134326584
2025-10-20 13:18:28 INFO  clocks.c:459         Estimated time of flight = -64 msec
2025-10-20 13:18:28 INFO  clocks.c:460                 Clock difference = -90 msec
2025-10-20 13:18:28 INFO  clocks.c:461       so local clock is lagging by  26 msec
2025-10-20 13:18:28 INFO  clocks.c:450 Local synchronized clock will be forwarded by 0.028 seconds
2025-10-20 13:18:28 INFO  clocks.c:455   because: remote clock was 322.6260 seconds
2025-10-20 13:18:28 INFO  clocks.c:456                          at iTOW = 134327078
2025-10-20 13:18:28 INFO  clocks.c:457              local clock is 322.5339 seconds
2025-10-20 13:18:28 INFO  clocks.c:458                          at iTOW = 134326986
2025-10-20 13:18:28 INFO  clocks.c:459         Estimated time of flight = -64 msec
2025-10-20 13:18:28 INFO  clocks.c:460                 Clock difference = -92 msec
2025-10-20 13:18:28 INFO  clocks.c:461       so local clock is lagging by  28 msec
2025-10-20 13:18:29 INFO  clocks.c:450 Local synchronized clock will be forwarded by 0.028 seconds
2025-10-20 13:18:29 INFO  clocks.c:455   because: remote clock was 323.3600 seconds
2025-10-20 13:18:29 INFO  clocks.c:456                          at iTOW = 134327784
2025-10-20 13:18:29 INFO  clocks.c:457              local clock is 323.2684 seconds
2025-10-20 13:18:29 INFO  clocks.c:458                          at iTOW = 134327692
2025-10-20 13:18:29 INFO  clocks.c:459         Estimated time of flight = -64 msec
2025-10-20 13:18:29 INFO  clocks.c:460                 Clock difference = -91 msec
2025-10-20 13:18:29 INFO  clocks.c:461       so local clock is lagging by  27 msec
2025-10-20 13:18:29 INFO  clocks.c:450 Local synchronized clock will be forwarded by 0.032 seconds
2025-10-20 13:18:29 INFO  clocks.c:455   because: remote clock was 323.6930 seconds
2025-10-20 13:18:29 INFO  clocks.c:456                          at iTOW = 134328086
2025-10-20 13:18:29 INFO  clocks.c:457              local clock is 323.5975 seconds
2025-10-20 13:18:29 INFO  clocks.c:458                          at iTOW = 134327994
2025-10-20 13:18:29 INFO  clocks.c:459         Estimated time of flight = -64 msec
2025-10-20 13:18:29 INFO  clocks.c:460                 Clock difference = -95 msec
2025-10-20 13:18:29 INFO  clocks.c:461       so local clock is lagging by  31 msec
2025-10-20 13:18:31 INFO  clocks.c:450 Local synchronized clock will be forwarded by 0.014 seconds
2025-10-20 13:18:31 INFO  clocks.c:455   because: remote clock was 324.9090 seconds
2025-10-20 13:18:31 INFO  clocks.c:456                          at iTOW = 134329270
2025-10-20 13:18:31 INFO  clocks.c:457              local clock is 324.8314 seconds
2025-10-20 13:18:31 INFO  clocks.c:458                          at iTOW = 134329196
2025-10-20 13:18:31 INFO  clocks.c:459         Estimated time of flight = -64 msec
2025-10-20 13:18:31 INFO  clocks.c:460                 Clock difference = -77 msec
2025-10-20 13:18:31 INFO  clocks.c:461       so local clock is lagging by  13 msec
2025-10-20 13:18:32 INFO  clocks.c:450 Local synchronized clock will be forwarded by 0.013 seconds
2025-10-20 13:18:32 INFO  clocks.c:455   because: remote clock was 326.2220 seconds
2025-10-20 13:18:32 INFO  clocks.c:456                          at iTOW = 134330573
2025-10-20 13:18:32 INFO  clocks.c:457              local clock is 326.1450 seconds
2025-10-20 13:18:32 INFO  clocks.c:458                          at iTOW = 134330496
2025-10-20 13:18:32 INFO  clocks.c:459         Estimated time of flight = -64 msec
2025-10-20 13:18:32 INFO  clocks.c:460                 Clock difference = -77 msec
2025-10-20 13:18:32 INFO  clocks.c:461       so local clock is lagging by  13 msec
2025-10-20 13:18:32 INFO  clocks.c:450 Local synchronized clock will be forwarded by 0.021 seconds
2025-10-20 13:18:32 INFO  clocks.c:455   because: remote clock was 326.4430 seconds
2025-10-20 13:18:32 INFO  clocks.c:456                          at iTOW = 134330777
2025-10-20 13:18:32 INFO  clocks.c:457              local clock is 326.3584 seconds
2025-10-20 13:18:32 INFO  clocks.c:458                          at iTOW = 134330697
2025-10-20 13:18:32 INFO  clocks.c:459         Estimated time of flight = -64 msec
2025-10-20 13:18:32 INFO  clocks.c:460                 Clock difference = -84 msec
2025-10-20 13:18:32 INFO  clocks.c:461       so local clock is lagging by  20 msec
2025-10-20 13:18:33 INFO  clocks.c:450 Local synchronized clock will be forwarded by 0.017 seconds
2025-10-20 13:18:33 INFO  clocks.c:455   because: remote clock was 326.7650 seconds
2025-10-20 13:18:33 INFO  clocks.c:456                          at iTOW = 134331078
2025-10-20 13:18:33 INFO  clocks.c:457              local clock is 326.6843 seconds
2025-10-20 13:18:33 INFO  clocks.c:458                          at iTOW = 134331002
2025-10-20 13:18:33 INFO  clocks.c:459         Estimated time of flight = -64 msec
2025-10-20 13:18:33 INFO  clocks.c:460                 Clock difference = -80 msec
2025-10-20 13:18:33 INFO  clocks.c:461       so local clock is lagging by  16 msec
2025-10-20 13:18:33 INFO  clocks.c:450 Local synchronized clock will be forwarded by 0.020 seconds
2025-10-20 13:18:33 INFO  clocks.c:455   because: remote clock was 327.0900 seconds
2025-10-20 13:18:33 INFO  clocks.c:456                          at iTOW = 134331383
2025-10-20 13:18:33 INFO  clocks.c:457              local clock is 327.0060 seconds
2025-10-20 13:18:33 INFO  clocks.c:458                          at iTOW = 134331307
2025-10-20 13:18:33 INFO  clocks.c:459         Estimated time of flight = -64 msec
2025-10-20 13:18:33 INFO  clocks.c:460                 Clock difference = -83 msec
2025-10-20 13:18:33 INFO  clocks.c:461       so local clock is lagging by  19 msec
2025-10-20 13:18:33 INFO  clocks.c:450 Local synchronized clock will be forwarded by 0.028 seconds
2025-10-20 13:18:33 INFO  clocks.c:455   because: remote clock was 327.7280 seconds
2025-10-20 13:18:33 INFO  clocks.c:456                          at iTOW = 134331997
2025-10-20 13:18:33 INFO  clocks.c:457              local clock is 327.6360 seconds
2025-10-20 13:18:33 INFO  clocks.c:458                          at iTOW = 134331917
2025-10-20 13:18:33 INFO  clocks.c:459         Estimated time of flight = -64 msec
2025-10-20 13:18:33 INFO  clocks.c:460                 Clock difference = -92 msec
2025-10-20 13:18:33 INFO  clocks.c:461       so local clock is lagging by  28 msec
2025-10-20 13:18:34 INFO  clocks.c:450 Local synchronized clock will be forwarded by 0.012 seconds
2025-10-20 13:18:34 INFO  clocks.c:455   because: remote clock was 328.6510 seconds
2025-10-20 13:18:34 INFO  clocks.c:456                          at iTOW = 134332909
2025-10-20 13:18:34 INFO  clocks.c:457              local clock is 328.5751 seconds
2025-10-20 13:18:34 INFO  clocks.c:458                          at iTOW = 134332828
2025-10-20 13:18:34 INFO  clocks.c:459         Estimated time of flight = -64 msec
2025-10-20 13:18:34 INFO  clocks.c:460                 Clock difference = -75 msec
2025-10-20 13:18:34 INFO  clocks.c:461       so local clock is lagging by  11 msec
2025-10-20 13:18:36 INFO  clocks.c:450 Local synchronized clock will be forwarded by 0.011 seconds
2025-10-20 13:18:36 INFO  clocks.c:455   because: remote clock was 329.8640 seconds
2025-10-20 13:18:36 INFO  clocks.c:456                          at iTOW = 134334110
2025-10-20 13:18:36 INFO  clocks.c:457              local clock is 329.7887 seconds
2025-10-20 13:18:36 INFO  clocks.c:458                          at iTOW = 134334030
2025-10-20 13:18:36 INFO  clocks.c:459         Estimated time of flight = -64 msec
2025-10-20 13:18:36 INFO  clocks.c:460                 Clock difference = -75 msec
2025-10-20 13:18:36 INFO  clocks.c:461       so local clock is lagging by  11 msec
2025-10-20 13:18:37 INFO  clocks.c:450 Local synchronized clock will be forwarded by 0.025 seconds
2025-10-20 13:18:37 INFO  clocks.c:455   because: remote clock was 330.9900 seconds
2025-10-20 13:18:37 INFO  clocks.c:456                          at iTOW = 134335220
2025-10-20 13:18:37 INFO  clocks.c:457              local clock is 330.9011 seconds
2025-10-20 13:18:37 INFO  clocks.c:458                          at iTOW = 134335131
2025-10-20 13:18:37 INFO  clocks.c:459         Estimated time of flight = -64 msec
2025-10-20 13:18:37 INFO  clocks.c:460                 Clock difference = -88 msec
2025-10-20 13:18:37 INFO  clocks.c:461       so local clock is lagging by  24 msec
2025-10-20 13:18:38 INFO  clocks.c:450 Local synchronized clock will be forwarded by 0.021 seconds
2025-10-20 13:18:38 INFO  clocks.c:455   because: remote clock was 332.5210 seconds
2025-10-20 13:18:38 INFO  clocks.c:456                          at iTOW = 134336727
2025-10-20 13:18:38 INFO  clocks.c:457              local clock is 332.4359 seconds
2025-10-20 13:18:38 INFO  clocks.c:458                          at iTOW = 134336641
2025-10-20 13:18:38 INFO  clocks.c:459         Estimated time of flight = -64 msec
2025-10-20 13:18:38 INFO  clocks.c:460                 Clock difference = -85 msec
2025-10-20 13:18:38 INFO  clocks.c:461       so local clock is lagging by  21 msec
2025-10-20 13:18:39 INFO  clocks.c:450 Local synchronized clock will be forwarded by 0.017 seconds
2025-10-20 13:18:39 INFO  clocks.c:455   because: remote clock was 333.8450 seconds
2025-10-20 13:18:39 INFO  clocks.c:456                          at iTOW = 134338031
2025-10-20 13:18:39 INFO  clocks.c:457              local clock is 333.7643 seconds
2025-10-20 13:18:39 INFO  clocks.c:458                          at iTOW = 134337948
2025-10-20 13:18:39 INFO  clocks.c:459         Estimated time of flight = -64 msec
2025-10-20 13:18:39 INFO  clocks.c:460                 Clock difference = -80 msec
2025-10-20 13:18:39 INFO  clocks.c:461       so local clock is lagging by  16 msec
2025-10-20 13:18:41 INFO  clocks.c:450 Local synchronized clock will be forwarded by 0.015 seconds
2025-10-20 13:18:41 INFO  clocks.c:455   because: remote clock was 335.4730 seconds
2025-10-20 13:18:41 INFO  clocks.c:456                          at iTOW = 134339639
2025-10-20 13:18:41 INFO  clocks.c:457              local clock is 335.3940 seconds
2025-10-20 13:18:41 INFO  clocks.c:458                          at iTOW = 134339561
2025-10-20 13:18:41 INFO  clocks.c:459         Estimated time of flight = -64 msec
2025-10-20 13:18:41 INFO  clocks.c:460                 Clock difference = -78 msec
2025-10-20 13:18:41 INFO  clocks.c:461       so local clock is lagging by  14 msec
2025-10-20 13:18:42 INFO  clocks.c:450 Local synchronized clock will be forwarded by 0.029 seconds
2025-10-20 13:18:42 INFO  clocks.c:455   because: remote clock was 336.7010 seconds
2025-10-20 13:18:42 INFO  clocks.c:456                          at iTOW = 134340850
2025-10-20 13:18:42 INFO  clocks.c:457              local clock is 336.6077 seconds
2025-10-20 13:18:42 INFO  clocks.c:458                          at iTOW = 134340760
2025-10-20 13:18:42 INFO  clocks.c:459         Estimated time of flight = -64 msec
2025-10-20 13:18:42 INFO  clocks.c:460                 Clock difference = -93 msec
2025-10-20 13:18:42 INFO  clocks.c:461       so local clock is lagging by  29 msec
2025-10-20 13:18:43 INFO  clocks.c:450 Local synchronized clock will be forwarded by 0.030 seconds
2025-10-20 13:18:43 INFO  clocks.c:455   because: remote clock was 337.0370 seconds
2025-10-20 13:18:43 INFO  clocks.c:456                          at iTOW = 134341153
2025-10-20 13:18:43 INFO  clocks.c:457              local clock is 336.9426 seconds
2025-10-20 13:18:43 INFO  clocks.c:458                          at iTOW = 134341065
2025-10-20 13:18:43 INFO  clocks.c:459         Estimated time of flight = -64 msec
2025-10-20 13:18:43 INFO  clocks.c:460                 Clock difference = -94 msec
2025-10-20 13:18:43 INFO  clocks.c:461       so local clock is lagging by  30 msec
2025-10-20 13:18:43 WARN  algorithms/waypoint.c:1099 Drift from waypoint is large (3.16 > 3.00 m)
2025-10-20 13:18:44 INFO  clocks.c:450 Local synchronized clock will be forwarded by 0.019 seconds
2025-10-20 13:18:44 INFO  clocks.c:455   because: remote clock was 338.2570 seconds
2025-10-20 13:18:44 INFO  clocks.c:456                          at iTOW = 134342345
2025-10-20 13:18:44 INFO  clocks.c:457              local clock is 338.1739 seconds
2025-10-20 13:18:44 INFO  clocks.c:458                          at iTOW = 134342266
2025-10-20 13:18:44 INFO  clocks.c:459         Estimated time of flight = -64 msec
2025-10-20 13:18:44 INFO  clocks.c:460                 Clock difference = -83 msec
2025-10-20 13:18:44 INFO  clocks.c:461       so local clock is lagging by  19 msec
2025-10-20 13:18:44 INFO  algorithms/waypoint.c:1104 Drift from waypoint is under threshold again
2025-10-20 13:18:44 WARN  algorithms/waypoint.c:1099 Drift from waypoint is large (3.02 > 3.00 m)
2025-10-20 13:18:44 INFO  algorithms/waypoint.c:1104 Drift from waypoint is under threshold again
2025-10-20 13:18:44 INFO  clocks.c:450 Local synchronized clock will be forwarded by 0.013 seconds
2025-10-20 13:18:44 INFO  clocks.c:455   because: remote clock was 338.9800 seconds
2025-10-20 13:18:44 INFO  clocks.c:456                          at iTOW = 134343055
2025-10-20 13:18:44 INFO  clocks.c:457              local clock is 338.9026 seconds
2025-10-20 13:18:44 INFO  clocks.c:458                          at iTOW = 134342976
2025-10-20 13:18:44 INFO  clocks.c:459         Estimated time of flight = -64 msec
2025-10-20 13:18:44 INFO  clocks.c:460                 Clock difference = -77 msec
2025-10-20 13:18:44 INFO  clocks.c:461       so local clock is lagging by  13 msec
2025-10-20 13:18:45 WARN  algorithms/waypoint.c:1099 Drift from waypoint is large (3.01 > 3.00 m)
2025-10-20 13:18:45 INFO  algorithms/waypoint.c:1104 Drift from waypoint is under threshold again
2025-10-20 13:18:45 WARN  algorithms/waypoint.c:1099 Drift from waypoint is large (3.02 > 3.00 m)
2025-10-20 13:18:45 INFO  clocks.c:450 Local synchronized clock will be forwarded by 0.014 seconds
2025-10-20 13:18:45 INFO  clocks.c:455   because: remote clock was 339.2030 seconds
2025-10-20 13:18:45 INFO  clocks.c:456                          at iTOW = 134343258
2025-10-20 13:18:45 INFO  clocks.c:457              local clock is 339.1247 seconds
2025-10-20 13:18:45 INFO  clocks.c:458                          at iTOW = 134343185
2025-10-20 13:18:45 INFO  clocks.c:459         Estimated time of flight = -64 msec
2025-10-20 13:18:45 INFO  clocks.c:460                 Clock difference = -78 msec
2025-10-20 13:18:45 INFO  clocks.c:461       so local clock is lagging by  14 msec
2025-10-20 13:18:45 INFO  clocks.c:450 Local synchronized clock will be forwarded by 0.016 seconds
2025-10-20 13:18:45 INFO  clocks.c:455   because: remote clock was 339.8210 seconds
2025-10-20 13:18:45 INFO  clocks.c:456                          at iTOW = 134343861
2025-10-20 13:18:45 INFO  clocks.c:457              local clock is 339.7407 seconds
2025-10-20 13:18:45 INFO  clocks.c:458                          at iTOW = 134343786
2025-10-20 13:18:45 INFO  clocks.c:459         Estimated time of flight = -64 msec
2025-10-20 13:18:45 INFO  clocks.c:460                 Clock difference = -80 msec
2025-10-20 13:18:45 INFO  clocks.c:461       so local clock is lagging by  16 msec
2025-10-20 13:18:45 INFO  clocks.c:450 Local synchronized clock will be forwarded by 0.014 seconds
2025-10-20 13:18:45 INFO  clocks.c:455   because: remote clock was 339.9360 seconds
2025-10-20 13:18:45 INFO  clocks.c:456                          at iTOW = 134343964
2025-10-20 13:18:45 INFO  clocks.c:457              local clock is 339.8580 seconds
2025-10-20 13:18:45 INFO  clocks.c:458                          at iTOW = 134343887
2025-10-20 13:18:45 INFO  clocks.c:459         Estimated time of flight = -64 msec
2025-10-20 13:18:45 INFO  clocks.c:460                 Clock difference = -78 msec
2025-10-20 13:18:45 INFO  clocks.c:461       so local clock is lagging by  14 msec
2025-10-20 13:18:45 INFO  clocks.c:450 Local synchronized clock will be forwarded by 0.019 seconds
2025-10-20 13:18:45 INFO  clocks.c:455   because: remote clock was 340.0540 seconds
2025-10-20 13:18:45 INFO  clocks.c:456                          at iTOW = 134344066
2025-10-20 13:18:45 INFO  clocks.c:457              local clock is 339.9710 seconds
2025-10-20 13:18:45 INFO  clocks.c:458                          at iTOW = 134343986
2025-10-20 13:18:45 INFO  clocks.c:459         Estimated time of flight = -64 msec
2025-10-20 13:18:45 INFO  clocks.c:460                 Clock difference = -82 msec
2025-10-20 13:18:45 INFO  clocks.c:461       so local clock is lagging by  18 msec
2025-10-20 13:18:46 INFO  clocks.c:450 Local synchronized clock will be forwarded by 0.040 seconds
2025-10-20 13:18:46 INFO  clocks.c:455   because: remote clock was 340.6040 seconds
2025-10-20 13:18:46 INFO  clocks.c:456                          at iTOW = 134344579
2025-10-20 13:18:46 INFO  clocks.c:457              local clock is 340.5000 seconds
2025-10-20 13:18:46 INFO  clocks.c:458                          at iTOW = 134344496
2025-10-20 13:18:46 INFO  clocks.c:459         Estimated time of flight = -64 msec
2025-10-20 13:18:46 INFO  clocks.c:460                 Clock difference = -103 msec
2025-10-20 13:18:46 INFO  clocks.c:461       so local clock is lagging by  39 msec
2025-10-20 13:18:46 INFO  clocks.c:450 Local synchronized clock will be forwarded by 0.026 seconds
2025-10-20 13:18:46 INFO  clocks.c:455   because: remote clock was 340.8400 seconds
2025-10-20 13:18:46 INFO  clocks.c:456                          at iTOW = 134344782
2025-10-20 13:18:46 INFO  clocks.c:457              local clock is 340.7503 seconds
2025-10-20 13:18:46 INFO  clocks.c:458                          at iTOW = 134344707
2025-10-20 13:18:46 INFO  clocks.c:459         Estimated time of flight = -64 msec
2025-10-20 13:18:46 INFO  clocks.c:460                 Clock difference = -89 msec
2025-10-20 13:18:46 INFO  clocks.c:461       so local clock is lagging by  25 msec
2025-10-20 13:18:47 INFO  algorithms/waypoint.c:1104 Drift from waypoint is under threshold again
2025-10-20 13:18:47 INFO  clocks.c:450 Local synchronized clock will be forwarded by 0.017 seconds
2025-10-20 13:18:47 INFO  clocks.c:455   because: remote clock was 342.0640 seconds
2025-10-20 13:18:47 INFO  clocks.c:456                          at iTOW = 134346006
2025-10-20 13:18:47 INFO  clocks.c:457              local clock is 341.9831 seconds
2025-10-20 13:18:47 INFO  clocks.c:458                          at iTOW = 134345914
2025-10-20 13:18:47 INFO  clocks.c:459         Estimated time of flight = -64 msec
2025-10-20 13:18:47 INFO  clocks.c:460                 Clock difference = -80 msec
2025-10-20 13:18:47 INFO  clocks.c:461       so local clock is lagging by  16 msec
2025-10-20 13:18:49 INFO  clocks.c:450 Local synchronized clock will be forwarded by 0.023 seconds
2025-10-20 13:18:49 INFO  clocks.c:455   because: remote clock was 343.5900 seconds
2025-10-20 13:18:49 INFO  clocks.c:456                          at iTOW = 134347504
2025-10-20 13:18:49 INFO  clocks.c:457              local clock is 343.5026 seconds
2025-10-20 13:18:49 INFO  clocks.c:458                          at iTOW = 134347416
2025-10-20 13:18:49 INFO  clocks.c:459         Estimated time of flight = -64 msec
2025-10-20 13:18:49 INFO  clocks.c:460                 Clock difference = -87 msec
2025-10-20 13:18:49 INFO  clocks.c:461       so local clock is lagging by  23 msec
2025-10-20 13:18:49 INFO  clocks.c:450 Local synchronized clock will be forwarded by 0.012 seconds
2025-10-20 13:18:49 INFO  clocks.c:455   because: remote clock was 344.0120 seconds
2025-10-20 13:18:49 INFO  clocks.c:456                          at iTOW = 134347906
2025-10-20 13:18:49 INFO  clocks.c:457              local clock is 343.9361 seconds
2025-10-20 13:18:49 INFO  clocks.c:458                          at iTOW = 134347826
2025-10-20 13:18:49 INFO  clocks.c:459         Estimated time of flight = -64 msec
2025-10-20 13:18:49 INFO  clocks.c:460                 Clock difference = -75 msec
2025-10-20 13:18:49 INFO  clocks.c:461       so local clock is lagging by  11 msec
2025-10-20 13:18:50 INFO  clocks.c:450 Local synchronized clock will be forwarded by 0.030 seconds
2025-10-20 13:18:50 INFO  clocks.c:455   because: remote clock was 344.7520 seconds
2025-10-20 13:18:50 INFO  clocks.c:456                          at iTOW = 134348631
2025-10-20 13:18:50 INFO  clocks.c:457              local clock is 344.6580 seconds
2025-10-20 13:18:50 INFO  clocks.c:458                          at iTOW = 134348536
2025-10-20 13:18:50 INFO  clocks.c:459         Estimated time of flight = -64 msec
2025-10-20 13:18:50 INFO  clocks.c:460                 Clock difference = -93 msec
2025-10-20 13:18:50 INFO  clocks.c:461       so local clock is lagging by  29 msec
2025-10-20 13:18:51 INFO  clocks.c:450 Local synchronized clock will be forwarded by 0.026 seconds
2025-10-20 13:18:51 INFO  clocks.c:455   because: remote clock was 345.8830 seconds
2025-10-20 13:18:51 INFO  clocks.c:456                          at iTOW = 134349734
2025-10-20 13:18:51 INFO  clocks.c:457              local clock is 345.7928 seconds
2025-10-20 13:18:51 INFO  clocks.c:458                          at iTOW = 134349641
2025-10-20 13:18:51 INFO  clocks.c:459         Estimated time of flight = -64 msec
2025-10-20 13:18:51 INFO  clocks.c:460                 Clock difference = -90 msec
2025-10-20 13:18:51 INFO  clocks.c:461       so local clock is lagging by  26 msec
2025-10-20 13:18:54 INFO  clocks.c:450 Local synchronized clock will be forwarded by 0.023 seconds
2025-10-20 13:18:54 INFO  clocks.c:455   because: remote clock was 349.0260 seconds
2025-10-20 13:18:54 INFO  clocks.c:456                          at iTOW = 134352853
2025-10-20 13:18:54 INFO  clocks.c:457              local clock is 348.9390 seconds
2025-10-20 13:18:54 INFO  clocks.c:458                          at iTOW = 134352761
2025-10-20 13:18:54 INFO  clocks.c:459         Estimated time of flight = -64 msec
2025-10-20 13:18:54 INFO  clocks.c:460                 Clock difference = -87 msec
2025-10-20 13:18:54 INFO  clocks.c:461       so local clock is lagging by  23 msec
2025-10-20 13:18:55 INFO  clocks.c:450 Local synchronized clock will be forwarded by 0.012 seconds
2025-10-20 13:18:55 INFO  clocks.c:455   because: remote clock was 349.5440 seconds
2025-10-20 13:18:55 INFO  clocks.c:456                          at iTOW = 134353346
2025-10-20 13:18:55 INFO  clocks.c:457              local clock is 349.4676 seconds
2025-10-20 13:18:55 INFO  clocks.c:458                          at iTOW = 134353267
2025-10-20 13:18:55 INFO  clocks.c:459         Estimated time of flight = -64 msec
2025-10-20 13:18:55 INFO  clocks.c:460                 Clock difference = -76 msec
2025-10-20 13:18:55 INFO  clocks.c:461       so local clock is lagging by  12 msec
2025-10-20 13:18:55 INFO  clocks.c:450 Local synchronized clock will be forwarded by 0.026 seconds
2025-10-20 13:18:55 INFO  clocks.c:455   because: remote clock was 349.7700 seconds
2025-10-20 13:18:55 INFO  clocks.c:456                          at iTOW = 134353548
2025-10-20 13:18:55 INFO  clocks.c:457              local clock is 349.6796 seconds
2025-10-20 13:18:55 INFO  clocks.c:458                          at iTOW = 134353466
2025-10-20 13:18:55 INFO  clocks.c:459         Estimated time of flight = -64 msec
2025-10-20 13:18:55 INFO  clocks.c:460                 Clock difference = -90 msec
2025-10-20 13:18:55 INFO  clocks.c:461       so local clock is lagging by  26 msec
2025-10-20 13:18:55 INFO  clocks.c:450 Local synchronized clock will be forwarded by 0.017 seconds
2025-10-20 13:18:55 INFO  clocks.c:455   because: remote clock was 349.9920 seconds
2025-10-20 13:18:55 INFO  clocks.c:456                          at iTOW = 134353750
2025-10-20 13:18:55 INFO  clocks.c:457              local clock is 349.9109 seconds
2025-10-20 13:18:55 INFO  clocks.c:458                          at iTOW = 134353671
2025-10-20 13:18:55 INFO  clocks.c:459         Estimated time of flight = -64 msec
2025-10-20 13:18:55 INFO  clocks.c:460                 Clock difference = -81 msec
2025-10-20 13:18:55 INFO  clocks.c:461       so local clock is lagging by  17 msec
2025-10-20 13:18:55 INFO  clocks.c:450 Local synchronized clock will be forwarded by 0.028 seconds
2025-10-20 13:18:55 INFO  clocks.c:455   because: remote clock was 350.2160 seconds
2025-10-20 13:18:55 INFO  clocks.c:456                          at iTOW = 134353951
2025-10-20 13:18:55 INFO  clocks.c:457              local clock is 350.1237 seconds
2025-10-20 13:18:55 INFO  clocks.c:458                          at iTOW = 134353867
2025-10-20 13:18:55 INFO  clocks.c:459         Estimated time of flight = -64 msec
2025-10-20 13:18:55 INFO  clocks.c:460                 Clock difference = -92 msec
2025-10-20 13:18:55 INFO  clocks.c:461       so local clock is lagging by  28 msec
2025-10-20 13:19:00 INFO  clocks.c:450 Local synchronized clock will be forwarded by 0.049 seconds
2025-10-20 13:19:00 INFO  clocks.c:455   because: remote clock was 354.9820 seconds
2025-10-20 13:19:00 INFO  clocks.c:456                          at iTOW = 134358678
2025-10-20 13:19:00 INFO  clocks.c:457              local clock is 354.8695 seconds
2025-10-20 13:19:00 INFO  clocks.c:458                          at iTOW = 134358584
2025-10-20 13:19:00 INFO  clocks.c:459         Estimated time of flight = -64 msec
2025-10-20 13:19:00 INFO  clocks.c:460                 Clock difference = -112 msec
2025-10-20 13:19:00 INFO  clocks.c:461       so local clock is lagging by  48 msec
2025-10-20 13:19:00 INFO  clocks.c:450 Local synchronized clock will be forwarded by 0.024 seconds
2025-10-20 13:19:00 INFO  clocks.c:455   because: remote clock was 355.4080 seconds
2025-10-20 13:19:00 INFO  clocks.c:456                          at iTOW = 134359080
2025-10-20 13:19:00 INFO  clocks.c:457              local clock is 355.3202 seconds
2025-10-20 13:19:00 INFO  clocks.c:458                          at iTOW = 134358987
2025-10-20 13:19:00 INFO  clocks.c:459         Estimated time of flight = -64 msec
2025-10-20 13:19:00 INFO  clocks.c:460                 Clock difference = -87 msec
2025-10-20 13:19:00 INFO  clocks.c:461       so local clock is lagging by  23 msec
2025-10-20 13:19:02 INFO  clocks.c:450 Local synchronized clock will be forwarded by 0.022 seconds
2025-10-20 13:19:02 INFO  clocks.c:455   because: remote clock was 356.5360 seconds
2025-10-20 13:19:02 INFO  clocks.c:456                          at iTOW = 134360174
2025-10-20 13:19:02 INFO  clocks.c:457              local clock is 356.4501 seconds
2025-10-20 13:19:02 INFO  clocks.c:458                          at iTOW = 134360093
2025-10-20 13:19:02 INFO  clocks.c:459         Estimated time of flight = -64 msec
2025-10-20 13:19:02 INFO  clocks.c:460                 Clock difference = -85 msec
2025-10-20 13:19:02 INFO  clocks.c:461       so local clock is lagging by  21 msec
2025-10-20 13:19:04 INFO  clocks.c:450 Local synchronized clock will be forwarded by 0.016 seconds
2025-10-20 13:19:04 INFO  clocks.c:455   because: remote clock was 359.0760 seconds
2025-10-20 13:19:04 INFO  clocks.c:456                          at iTOW = 134362685
2025-10-20 13:19:04 INFO  clocks.c:457              local clock is 358.9957 seconds
2025-10-20 13:19:04 INFO  clocks.c:458                          at iTOW = 134362617
2025-10-20 13:19:04 INFO  clocks.c:459         Estimated time of flight = -64 msec
2025-10-20 13:19:04 INFO  clocks.c:460                 Clock difference = -80 msec
2025-10-20 13:19:04 INFO  clocks.c:461       so local clock is lagging by  16 msec
2025-10-20 13:19:05 INFO  clocks.c:450 Local synchronized clock will be forwarded by 0.023 seconds
2025-10-20 13:19:05 INFO  clocks.c:455   because: remote clock was 359.4990 seconds
2025-10-20 13:19:05 INFO  clocks.c:456                          at iTOW = 134363108
2025-10-20 13:19:05 INFO  clocks.c:457              local clock is 359.4120 seconds
2025-10-20 13:19:05 INFO  clocks.c:458                          at iTOW = 134363017
2025-10-20 13:19:05 INFO  clocks.c:459         Estimated time of flight = -64 msec
2025-10-20 13:19:05 INFO  clocks.c:460                 Clock difference = -86 msec
2025-10-20 13:19:05 INFO  clocks.c:461       so local clock is lagging by  22 msec
2025-10-20 13:19:06 INFO  clocks.c:450 Local synchronized clock will be forwarded by 0.015 seconds
2025-10-20 13:19:06 INFO  clocks.c:455   because: remote clock was 361.1140 seconds
2025-10-20 13:19:06 INFO  clocks.c:456                          at iTOW = 134364681
2025-10-20 13:19:06 INFO  clocks.c:457              local clock is 361.0350 seconds
2025-10-20 13:19:06 INFO  clocks.c:458                          at iTOW = 134364617
2025-10-20 13:19:06 INFO  clocks.c:459         Estimated time of flight = -64 msec
2025-10-20 13:19:06 INFO  clocks.c:460                 Clock difference = -79 msec
2025-10-20 13:19:06 INFO  clocks.c:461       so local clock is lagging by  15 msec
2025-10-20 13:19:08 INFO  clocks.c:450 Local synchronized clock will be forwarded by 0.013 seconds
2025-10-20 13:19:08 INFO  clocks.c:455   because: remote clock was 362.8380 seconds
2025-10-20 13:19:08 INFO  clocks.c:456                          at iTOW = 134366405
2025-10-20 13:19:08 INFO  clocks.c:457              local clock is 362.7612 seconds
2025-10-20 13:19:08 INFO  clocks.c:458                          at iTOW = 134366328
2025-10-20 13:19:08 INFO  clocks.c:459         Estimated time of flight = -64 msec
2025-10-20 13:19:08 INFO  clocks.c:460                 Clock difference = -76 msec
2025-10-20 13:19:08 INFO  clocks.c:461       so local clock is lagging by  12 msec
2025-10-20 13:19:08 INFO  clocks.c:450 Local synchronized clock will be forwarded by 0.014 seconds
2025-10-20 13:19:08 INFO  clocks.c:455   because: remote clock was 363.2510 seconds
2025-10-20 13:19:08 INFO  clocks.c:456                          at iTOW = 134366807
2025-10-20 13:19:08 INFO  clocks.c:457              local clock is 363.1728 seconds
2025-10-20 13:19:08 INFO  clocks.c:458                          at iTOW = 134366727
2025-10-20 13:19:08 INFO  clocks.c:459         Estimated time of flight = -64 msec
2025-10-20 13:19:08 INFO  clocks.c:460                 Clock difference = -78 msec
2025-10-20 13:19:08 INFO  clocks.c:461       so local clock is lagging by  14 msec
2025-10-20 13:19:08 INFO  clocks.c:450 Local synchronized clock will be forwarded by 0.016 seconds
2025-10-20 13:19:08 INFO  clocks.c:455   because: remote clock was 363.3670 seconds
2025-10-20 13:19:08 INFO  clocks.c:456                          at iTOW = 134366907
2025-10-20 13:19:08 INFO  clocks.c:457              local clock is 363.2870 seconds
2025-10-20 13:19:08 INFO  clocks.c:458                          at iTOW = 134366827
2025-10-20 13:19:08 INFO  clocks.c:459         Estimated time of flight = -64 msec
2025-10-20 13:19:08 INFO  clocks.c:460                 Clock difference = -79 msec
2025-10-20 13:19:08 INFO  clocks.c:461       so local clock is lagging by  15 msec
2025-10-20 13:19:09 INFO  clocks.c:450 Local synchronized clock will be forwarded by 0.013 seconds
2025-10-20 13:19:09 INFO  clocks.c:455   because: remote clock was 363.9800 seconds
2025-10-20 13:19:09 INFO  clocks.c:456                          at iTOW = 134367491
2025-10-20 13:19:09 INFO  clocks.c:457              local clock is 363.9029 seconds
2025-10-20 13:19:09 INFO  clocks.c:458                          at iTOW = 134367427
2025-10-20 13:19:09 INFO  clocks.c:459         Estimated time of flight = -64 msec
2025-10-20 13:19:09 INFO  clocks.c:460                 Clock difference = -77 msec
2025-10-20 13:19:09 INFO  clocks.c:461       so local clock is lagging by  13 msec
2025-10-20 13:19:09 INFO  clocks.c:450 Local synchronized clock will be forwarded by 0.043 seconds
2025-10-20 13:19:09 INFO  clocks.c:455   because: remote clock was 364.3200 seconds
2025-10-20 13:19:09 INFO  clocks.c:456                          at iTOW = 134367816
2025-10-20 13:19:09 INFO  clocks.c:457              local clock is 364.2131 seconds
2025-10-20 13:19:09 INFO  clocks.c:458                          at iTOW = 134367724
2025-10-20 13:19:09 INFO  clocks.c:459         Estimated time of flight = -64 msec
2025-10-20 13:19:09 INFO  clocks.c:460                 Clock difference = -106 msec
2025-10-20 13:19:09 INFO  clocks.c:461       so local clock is lagging by  42 msec
2025-10-20 13:19:10 INFO  clocks.c:450 Local synchronized clock will be forwarded by 0.046 seconds
2025-10-20 13:19:10 INFO  clocks.c:455   because: remote clock was 364.6660 seconds
2025-10-20 13:19:10 INFO  clocks.c:456                          at iTOW = 134368118
2025-10-20 13:19:10 INFO  clocks.c:457              local clock is 364.5564 seconds
2025-10-20 13:19:10 INFO  clocks.c:458                          at iTOW = 134368024
2025-10-20 13:19:10 INFO  clocks.c:459         Estimated time of flight = -64 msec
2025-10-20 13:19:10 INFO  clocks.c:460                 Clock difference = -109 msec
2025-10-20 13:19:10 INFO  clocks.c:461       so local clock is lagging by  45 msec
2025-10-20 13:19:11 INFO  clocks.c:450 Local synchronized clock will be forwarded by 0.021 seconds
2025-10-20 13:19:11 INFO  clocks.c:455   because: remote clock was 366.1940 seconds
2025-10-20 13:19:11 INFO  clocks.c:456                          at iTOW = 134369618
2025-10-20 13:19:11 INFO  clocks.c:457              local clock is 366.1091 seconds
2025-10-20 13:19:11 INFO  clocks.c:458                          at iTOW = 134369531
2025-10-20 13:19:11 INFO  clocks.c:459         Estimated time of flight = -64 msec
2025-10-20 13:19:11 INFO  clocks.c:460                 Clock difference = -84 msec
2025-10-20 13:19:11 INFO  clocks.c:461       so local clock is lagging by  20 msec
2025-10-20 13:19:13 INFO  clocks.c:450 Local synchronized clock will be forwarded by 0.017 seconds
2025-10-20 13:19:13 INFO  clocks.c:455   because: remote clock was 367.9160 seconds
2025-10-20 13:19:13 INFO  clocks.c:456                          at iTOW = 134371317
2025-10-20 13:19:13 INFO  clocks.c:457              local clock is 367.8354 seconds
2025-10-20 13:19:13 INFO  clocks.c:458                          at iTOW = 134371237
2025-10-20 13:19:13 INFO  clocks.c:459         Estimated time of flight = -64 msec
2025-10-20 13:19:13 INFO  clocks.c:460                 Clock difference = -80 msec
2025-10-20 13:19:13 INFO  clocks.c:461       so local clock is lagging by  16 msec
2025-10-20 13:19:13 INFO  clocks.c:450 Local synchronized clock will be forwarded by 0.022 seconds
2025-10-20 13:19:13 INFO  clocks.c:455   because: remote clock was 368.4390 seconds
2025-10-20 13:19:13 INFO  clocks.c:456                          at iTOW = 134371819
2025-10-20 13:19:13 INFO  clocks.c:457              local clock is 368.3526 seconds
2025-10-20 13:19:13 INFO  clocks.c:458                          at iTOW = 134371737
2025-10-20 13:19:13 INFO  clocks.c:459         Estimated time of flight = -64 msec
2025-10-20 13:19:13 INFO  clocks.c:460                 Clock difference = -86 msec
2025-10-20 13:19:13 INFO  clocks.c:461       so local clock is lagging by  22 msec
2025-10-20 13:19:14 INFO  clocks.c:450 Local synchronized clock will be forwarded by 0.035 seconds
2025-10-20 13:19:14 INFO  clocks.c:455   because: remote clock was 368.9730 seconds
2025-10-20 13:19:14 INFO  clocks.c:456                          at iTOW = 134372324
2025-10-20 13:19:14 INFO  clocks.c:457              local clock is 368.8745 seconds
2025-10-20 13:19:14 INFO  clocks.c:458                          at iTOW = 134372237
2025-10-20 13:19:14 INFO  clocks.c:459         Estimated time of flight = -64 msec
2025-10-20 13:19:14 INFO  clocks.c:460                 Clock difference = -98 msec
2025-10-20 13:19:14 INFO  clocks.c:461       so local clock is lagging by  34 msec
2025-10-20 13:19:14 INFO  clocks.c:450 Local synchronized clock will be forwarded by 0.040 seconds
2025-10-20 13:19:14 INFO  clocks.c:455   because: remote clock was 369.4130 seconds
2025-10-20 13:19:14 INFO  clocks.c:456                          at iTOW = 134372726
2025-10-20 13:19:14 INFO  clocks.c:457              local clock is 369.3089 seconds
2025-10-20 13:19:14 INFO  clocks.c:458                          at iTOW = 134372637
2025-10-20 13:19:14 INFO  clocks.c:459         Estimated time of flight = -64 msec
2025-10-20 13:19:14 INFO  clocks.c:460                 Clock difference = -104 msec
2025-10-20 13:19:14 INFO  clocks.c:461       so local clock is lagging by  40 msec
2025-10-20 13:19:15 INFO  clocks.c:450 Local synchronized clock will be forwarded by 0.015 seconds
2025-10-20 13:19:15 INFO  clocks.c:455   because: remote clock was 369.9380 seconds
2025-10-20 13:19:15 INFO  clocks.c:456                          at iTOW = 134373229
2025-10-20 13:19:15 INFO  clocks.c:457              local clock is 369.8590 seconds
2025-10-20 13:19:15 INFO  clocks.c:458                          at iTOW = 134373147
2025-10-20 13:19:15 INFO  clocks.c:459         Estimated time of flight = -64 msec
2025-10-20 13:19:15 INFO  clocks.c:460                 Clock difference = -79 msec
2025-10-20 13:19:15 INFO  clocks.c:461       so local clock is lagging by  15 msec
2025-10-20 13:19:15 INFO  clocks.c:450 Local synchronized clock will be forwarded by 0.015 seconds
2025-10-20 13:19:15 INFO  clocks.c:455   because: remote clock was 370.5530 seconds
2025-10-20 13:19:15 INFO  clocks.c:456                          at iTOW = 134373830
2025-10-20 13:19:15 INFO  clocks.c:457              local clock is 370.4740 seconds
2025-10-20 13:19:15 INFO  clocks.c:458                          at iTOW = 134373747
2025-10-20 13:19:15 INFO  clocks.c:459         Estimated time of flight = -64 msec
2025-10-20 13:19:15 INFO  clocks.c:460                 Clock difference = -78 msec
2025-10-20 13:19:15 INFO  clocks.c:461       so local clock is lagging by  14 msec
2025-10-20 13:19:16 INFO  clocks.c:450 Local synchronized clock will be forwarded by 0.018 seconds
2025-10-20 13:19:16 INFO  clocks.c:455   because: remote clock was 371.2750 seconds
2025-10-20 13:19:16 INFO  clocks.c:456                          at iTOW = 134374524
2025-10-20 13:19:16 INFO  clocks.c:457              local clock is 371.1929 seconds
2025-10-20 13:19:16 INFO  clocks.c:458                          at iTOW = 134374451
2025-10-20 13:19:16 INFO  clocks.c:459         Estimated time of flight = -64 msec
2025-10-20 13:19:16 INFO  clocks.c:460                 Clock difference = -82 msec
2025-10-20 13:19:16 INFO  clocks.c:461       so local clock is lagging by  18 msec
2025-10-20 13:19:19 INFO  algorithms/waypoint.c:1624 Last waypoint reached. Triggering landing algorithm.
2025-10-20 13:19:19 INFO  algo_manager.c:251 landing requested by algorithm: deactivating algorithm 'waypoint'
2025-10-20 13:19:19 INFO  algorithms/waypoint.c:1305 Waypoint algorithm: suspended
2025-10-20 13:19:19 INFO  algo_manager.c:276 landing requested by algorithm: activating algorithm 'landing'
2025-10-20 13:19:19 INFO  algorithms/landing.c:407 Landing algorithm: starting
2025-10-20 13:19:19 INFO  algorithms/landing.c:89 Activating landing from 0.17 m AGL
2025-10-20 13:19:19 INFO  algorithms/landing.c:407 Landing algorithm: Descending in guided mode
2025-10-20 13:19:19 INFO  autopilots/pixhawk/driver.c:457 Land command successfully sent to PixHawk
2025-10-20 13:19:19 INFO  autopilots/pixhawk/driver.c:2013 Acknowledgement OK, cmd: 21 (MAV_CMD_NAV_LAND), result: 0 (ACCEPTED).
2025-10-20 13:19:19 INFO  clocks.c:450 Local synchronized clock will be forwarded by 0.025 seconds
2025-10-20 13:19:19 INFO  clocks.c:455   because: remote clock was 0.2770 seconds
2025-10-20 13:19:19 INFO  clocks.c:456                          at iTOW = 134377634
2025-10-20 13:19:19 INFO  clocks.c:457              local clock is 0.1877 seconds
2025-10-20 13:19:19 INFO  clocks.c:458                          at iTOW = 134377557
2025-10-20 13:19:19 INFO  clocks.c:459         Estimated time of flight = -64 msec
2025-10-20 13:19:19 INFO  clocks.c:460                 Clock difference = -89 msec
2025-10-20 13:19:19 INFO  clocks.c:461       so local clock is lagging by  25 msec
2025-10-20 13:19:19 INFO  clocks.c:450 Local synchronized clock will be forwarded by 0.028 seconds
2025-10-20 13:19:19 INFO  clocks.c:455   because: remote clock was 0.6050 seconds
2025-10-20 13:19:19 INFO  clocks.c:456                          at iTOW = 134377939
2025-10-20 13:19:19 INFO  clocks.c:457              local clock is 0.5132 seconds
2025-10-20 13:19:19 INFO  clocks.c:458                          at iTOW = 134377857
2025-10-20 13:19:19 INFO  clocks.c:459         Estimated time of flight = -64 msec
2025-10-20 13:19:19 INFO  clocks.c:460                 Clock difference = -91 msec
2025-10-20 13:19:19 INFO  clocks.c:461       so local clock is lagging by  27 msec
2025-10-20 13:19:19 INFO  autopilots/pixhawk/driver.c:466 Landing is accepted by PixHawk
2025-10-20 13:19:19 INFO  algorithms/landing.c:407 Landing algorithm: Descending with autopilot landing algo
2025-10-20 13:19:20 INFO  clocks.c:450 Local synchronized clock will be forwarded by 0.035 seconds
2025-10-20 13:19:20 INFO  clocks.c:455   because: remote clock was 1.2430 seconds
2025-10-20 13:19:20 INFO  clocks.c:456                          at iTOW = 134378547
2025-10-20 13:19:20 INFO  clocks.c:457              local clock is 1.1436 seconds
2025-10-20 13:19:20 INFO  clocks.c:458                          at iTOW = 134378459
2025-10-20 13:19:20 INFO  clocks.c:459         Estimated time of flight = -64 msec
2025-10-20 13:19:20 INFO  clocks.c:460                 Clock difference = -99 msec
2025-10-20 13:19:20 INFO  clocks.c:461       so local clock is lagging by  35 msec
2025-10-20 13:19:20 INFO  clocks.c:450 Local synchronized clock will be forwarded by 0.028 seconds
2025-10-20 13:19:20 INFO  clocks.c:455   because: remote clock was 1.5720 seconds
2025-10-20 13:19:20 INFO  clocks.c:456                          at iTOW = 134378853
2025-10-20 13:19:20 INFO  clocks.c:457              local clock is 1.4801 seconds
2025-10-20 13:19:20 INFO  clocks.c:458                          at iTOW = 134378761
2025-10-20 13:19:20 INFO  clocks.c:459         Estimated time of flight = -64 msec
2025-10-20 13:19:20 INFO  clocks.c:460                 Clock difference = -91 msec
2025-10-20 13:19:20 INFO  clocks.c:461       so local clock is lagging by  27 msec
2025-10-20 13:19:21 INFO  clocks.c:450 Local synchronized clock will be forwarded by 0.020 seconds
2025-10-20 13:19:21 INFO  clocks.c:455   because: remote clock was 2.7920 seconds
2025-10-20 13:19:21 INFO  clocks.c:456                          at iTOW = 134380043
2025-10-20 13:19:21 INFO  clocks.c:457              local clock is 2.7081 seconds
2025-10-20 13:19:21 INFO  clocks.c:458                          at iTOW = 134379961
2025-10-20 13:19:21 INFO  clocks.c:459         Estimated time of flight = -64 msec
2025-10-20 13:19:21 INFO  clocks.c:460                 Clock difference = -83 msec
2025-10-20 13:19:21 INFO  clocks.c:461       so local clock is lagging by  19 msec
2025-10-20 13:19:22 INFO  clocks.c:450 Local synchronized clock will be forwarded by 0.018 seconds
2025-10-20 13:19:22 INFO  clocks.c:455   because: remote clock was 3.2900 seconds
2025-10-20 13:19:22 INFO  clocks.c:456                          at iTOW = 134380514
2025-10-20 13:19:22 INFO  clocks.c:457              local clock is 3.5282 seconds
2025-10-20 13:19:22 INFO  clocks.c:458                          at iTOW = 134380761
2025-10-20 13:19:22 INFO  clocks.c:459         Estimated time of flight = 256 msec
2025-10-20 13:19:22 INFO  clocks.c:460                 Clock difference = 238 msec
2025-10-20 13:19:22 INFO  clocks.c:461       so local clock is lagging by  17 msec
2025-10-20 13:19:22 INFO  clocks.c:450 Local synchronized clock will be forwarded by 0.010 seconds
2025-10-20 13:19:22 INFO  clocks.c:455   because: remote clock was 3.3090 seconds
2025-10-20 13:19:22 INFO  clocks.c:456                          at iTOW = 134380514
2025-10-20 13:19:22 INFO  clocks.c:457              local clock is 3.6509 seconds
2025-10-20 13:19:22 INFO  clocks.c:458                          at iTOW = 134380866
2025-10-20 13:19:22 INFO  clocks.c:459         Estimated time of flight = 352 msec
2025-10-20 13:19:22 INFO  clocks.c:460                 Clock difference = 341 msec
2025-10-20 13:19:22 INFO  clocks.c:461       so local clock is lagging by  10 msec
2025-10-20 13:19:23 INFO  uav.c:501 06:09 mm:ss flight time acknowledged.
2025-10-20 13:19:23 INFO  algorithms/landing.c:407 Landing algorithm: landed
2025-10-20 13:19:23 INFO  autopilots/pixhawk/driver.c:2013 Acknowledgement OK, cmd: 11 (MAVLINK_MSG_ID_SET_MODE), result: 0 (ACCEPTED).
2025-10-20 13:19:23 INFO  autopilots/pixhawk/driver.c:1721 statustext: Initialising APM (severity: 6 - INFO)
2025-10-20 13:19:23 INFO  autopilots/pixhawk/driver.c:1721 statustext: Updating barometer calibration (severity: 6 - INFO)
2025-10-20 13:19:23 INFO  autopilots/pixhawk/driver.c:1721 statustext: Barometer calibration complete (severity: 6 - INFO)
2025-10-20 13:19:23 INFO  autopilots/pixhawk/driver.c:2013 Acknowledgement OK, cmd: 241 (MAV_CMD_PREFLIGHT_CALIBRATION), result: 0 (ACCEPTED).
2025-10-20 13:19:23 WARN  prearm.c:168 FAIL - UAV system status message indicates sensor malfunction (52558895, 35781676, 52558892)
       Not present: 
       Not enabled: 3D_GYRO 3D_ACCEL
       Not healthy: 3D_GYRO 3D_ACCEL
2025-10-20 13:19:23 INFO  clocks.c:450 Local synchronized clock will be forwarded by 0.014 seconds
2025-10-20 13:19:23 INFO  clocks.c:455   because: remote clock was 3.3200 seconds
2025-10-20 13:19:23 INFO  clocks.c:456                          at iTOW = 134380514
2025-10-20 13:19:23 INFO  clocks.c:457              local clock is 4.7619 seconds
2025-10-20 13:19:23 INFO  clocks.c:458                          at iTOW = 134381967
2025-10-20 13:19:23 INFO  clocks.c:459         Estimated time of flight = 1456 msec
2025-10-20 13:19:23 INFO  clocks.c:460                 Clock difference = 1441 msec
2025-10-20 13:19:23 INFO  clocks.c:461       so local clock is lagging by  14 msec
2025-10-20 13:19:24 INFO  clocks.c:450 Local synchronized clock will be forwarded by 0.015 seconds
2025-10-20 13:19:24 INFO  clocks.c:455   because: remote clock was 3.3310 seconds
2025-10-20 13:19:24 INFO  clocks.c:456                          at iTOW = 134380514
2025-10-20 13:19:24 INFO  clocks.c:457              local clock is 5.0760 seconds
2025-10-20 13:19:24 INFO  clocks.c:458                          at iTOW = 134382267
2025-10-20 13:19:24 INFO  clocks.c:459         Estimated time of flight = 1760 msec
2025-10-20 13:19:24 INFO  clocks.c:460                 Clock difference = 1744 msec
2025-10-20 13:19:24 INFO  clocks.c:461       so local clock is lagging by  15 msec
2025-10-20 13:19:24 INFO  clocks.c:450 Local synchronized clock will be forwarded by 0.014 seconds
2025-10-20 13:19:24 INFO  clocks.c:455   because: remote clock was 3.3450 seconds
2025-10-20 13:19:24 INFO  clocks.c:456                          at iTOW = 134380514
2025-10-20 13:19:24 INFO  clocks.c:457              local clock is 5.4909 seconds
2025-10-20 13:19:24 INFO  clocks.c:458                          at iTOW = 134382667
2025-10-20 13:19:24 INFO  clocks.c:459         Estimated time of flight = 2160 msec
2025-10-20 13:19:24 INFO  clocks.c:460                 Clock difference = 2145 msec
2025-10-20 13:19:24 INFO  clocks.c:461       so local clock is lagging by  14 msec
2025-10-20 13:19:24 INFO  prearm.c:160 PASS - PixHawk sensor status OK
2025-10-20 13:19:24 INFO  prearm.c:94 SUCCESS - Pre-arm checking is complete.
2025-10-20 13:19:27 INFO  algo_manager.c:251 Master switch OFF: deactivating algorithm 'landing'
2025-10-20 13:19:27 INFO  algorithms/landing.c:407 Landing algorithm: suspended
2025-10-20 13:19:27 INFO  modules/silencer.c:112 Throttling telemetry traffic.
2025-10-20 13:19:27 INFO  uav.c:391 Clearing home position (saving as backup).
2025-10-20 13:19:27 WARN  prearm.c:420 FAIL - No home position yet
2025-10-20 13:19:28 WARN  prearm.c:168 FAIL - Guided mode is not turned on yet
2025-10-20 13:19:32 INFO  autopilots/pixhawk/driver.c:1721 statustext: RCInput: decoding UNKNOWN (severity: 7 - DEBUG)
2025-10-20 13:19:32 WARN  prearm.c:437 FAIL - 8 RC channels invalid
2025-10-20 13:19:32 WARN  prearm.c:168 FAIL - UAV system status message indicates sensor malfunction (52558895, 35765295, 52493359)
       Not present: 
       Not enabled: 
       Not healthy: RC_RECEIVER
2025-10-20 13:19:33 WARN  prearm.c:168 FAIL - Heartbeat system status should be STANDBY, not CRITICAL
2025-10-20 13:19:57 INFO  autopilots/pixhawk/driver.c:1721 statustext: RCInput: decoding PX4IO_PPM (severity: 7 - DEBUG)
2025-10-20 13:19:57 INFO  prearm.c:439 PASS - RC channels OK
2025-10-20 13:19:57 INFO  prearm.c:160 PASS - Low level prearm checks OK
2025-10-20 13:19:57 INFO  prearm.c:160 PASS - PixHawk sensor status OK
2025-10-20 13:20:00 WARN  control/output.c:96 Motor on failed: prearm check is still in progress
2025-10-20 13:20:01 INFO  modules/silencer.c:114 Normal telemetry traffic resumed.
2025-10-20 13:20:01 INFO  uav.c:1450 Took of in manual flight mode; restoring last home position.
2025-10-20 13:20:05 INFO  autopilots/pixhawk/driver.c:919 Sent command to disarm motors.
2025-10-20 13:20:05 INFO  autopilots/pixhawk/driver.c:2013 Acknowledgement OK, cmd: 400 (MAV_CMD_COMPONENT_ARM_DISARM), result: 0 (ACCEPTED).
2025-10-20 13:20:05 INFO  uav.c:501 00:04 mm:ss flight time acknowledged.
2025-10-20 13:20:05 INFO  log.c:140 Disabled logging.
2025-10-20 13:20:05 INFO  modules/silencer.c:112 Throttling telemetry traffic.
2025-10-20 13:20:05 INFO  prearm.c:422 PASS - Home position OK
2025-10-20 13:20:05 INFO  prearm.c:521 PASS - Takeoff placement OK
2025-10-20 13:20:05 INFO  prearm.c:537 PASS - Flying height OK
2025-10-20 13:20:09 INFO  autopilots/pixhawk/driver.c:1721 statustext: RCInput: decoding UNKNOWN (severity: 7 - DEBUG)
2025-10-20 13:20:10 WARN  prearm.c:437 FAIL - 8 RC channels invalid
2025-10-20 13:20:11 WARN  prearm.c:168 FAIL - Heartbeat system status should be STANDBY, not CRITICAL
2025-10-20 13:20:11 WARN  prearm.c:168 FAIL - UAV system status message indicates sensor malfunction (52558895, 35765295, 52493359)
       Not present: 
       Not enabled: 
       Not healthy: RC_RECEIVER
2025-10-20 13:21:42 INFO  main_loop.c:1096 Exited main loop.
2025-10-20 13:21:42 INFO  main_loop.c:1101 Closing JSON-RPC API handler.
2025-10-20 13:21:42 INFO  main_loop.c:1106 Closing console.
2025-10-20 13:21:42 INFO  main_loop.c:1113 Closing flight logging.
2025-10-20 13:21:42 INFO  main_loop.c:1117 Closing GPIO monitor.
2025-10-20 13:21:42 INFO  main_loop.c:1126 Destroying lighting controller.
2025-10-20 13:21:42 INFO  main_loop.c:1129 Destroying clocks.
2025-10-20 13:21:42 INFO  main_loop.c:1132 Destroying algorithms.
2025-10-20 13:21:42 INFO  main_loop.c:1138 Closing devices.
2025-10-20 13:21:42 INFO  networking/radio.c:811 Radio subsystem destroyed.
2025-10-20 13:21:42 INFO  networking/wireless.c:409 Wireless subsystem destroyed.
2025-10-20 13:21:42 INFO  main_loop.c:1176 Destroying event bus.
2025-10-20 13:21:42 INFO  main_loop.c:1179 Destroying UAV state.
2025-10-20 13:21:42 INFO  uav.c:362 algo_update from Autopilot: received 46312 in 578.2s (80.10Hz)
2025-10-20 13:21:42 INFO  uav.c:365 algo_update from XBee: received 0 in 0s (0.0Hz)
2025-10-20 13:21:42 INFO  uav.c:365 algo_update from LED: received 0 in 0s (0.0Hz)
2025-10-20 13:21:42 INFO  uav.c:365 algo_update from Pyro: received 0 in 0s (0.0Hz)
2025-10-20 13:21:42 INFO  uav.c:365 algo_update from AEKI: received 0 in 0s (0.0Hz)
2025-10-20 13:21:42 INFO  uav.c:362 algo_update from Wireless: received 17436 in 577.3s (30.20Hz)
2025-10-20 13:21:42 INFO  uav.c:365 algo_update from Radio: received 0 in 0s (0.0Hz)
2025-10-20 13:21:42 INFO  uav.c:365 algo_update from Pozyx: received 0 in 0s (0.0Hz)
2025-10-20 13:21:42 INFO  uav.c:365 algo_update from Sprayer: received 0 in 0s (0.0Hz)
2025-10-20 13:21:42 INFO  uav.c:365 algo_update from Camera mount: received 0 in 0s (0.0Hz)
2025-10-20 13:21:42 INFO  uav.c:365 algo_update from BMS: received 0 in 0s (0.0Hz)
2025-10-20 13:21:42 INFO  main_loop.c:1182 Destroying mission manager.
2025-10-20 13:21:42 INFO  main_loop.c:1185 Destroying persistent state store.
2025-10-20 13:21:42 INFO  main_loop.c:1196 Destroying event loop.
2025-10-20 13:21:42 INFO  main_loop.c:1199 Destroying timers.
2025-10-20 13:21:42 INFO  main_loop.c:1202 Controller terminated.
