<?xml version='1.0' encoding='utf-8'?>
<gpx version="1.1" creator="converttogpx.py" xmlns="http://www.topografix.com/GPX/1/1" xmlns:xsi="http://www.w3.org/2001/XMLSchema-instance" xsi:schemaLocation="http://www.topografix.com/GPX/1/1 http://www.topografix.com/GPX/1/1/gpx.xsd"><trk><name>drone132 20251020-003</name><trkseg><trkpt lat="47.60864640" lon="19.14686280"><ele>136.80</ele><time>2025-10-20T14:11:34.290Z</time></trkpt><trkpt lat="47.60864640" lon="19.14686280"><ele>136.81</ele><time>2025-10-20T14:11:34.493Z</time></trkpt><trkpt lat="47.60864640" lon="19.14686280"><ele>136.82</ele><time>2025-10-20T14:11:34.693Z</time></trkpt><trkpt lat="47.60864640" lon="19.14686290"><ele>136.84</ele><time>2025-10-20T14:11:34.893Z</time></trkpt><trkpt lat="47.60864630" lon="19.14686290"><ele>136.86</ele><time>2025-10-20T14:11:35.094Z</time></trkpt><trkpt lat="47.60864620" lon="19.14686290"><ele>136.87</ele><time>2025-10-20T14:11:35.294Z</time></trkpt><trkpt lat="47.60864620" lon="19.14686300"><ele>136.89</ele><time>2025-10-20T14:11:35.495Z</time></trkpt><trkpt lat="47.60864610" lon="19.14686300"><ele>136.90</ele><time>2025-10-20T14:11:35.695Z</time></trkpt><trkpt lat="47.60864610" lon="19.14686300"><ele>136.92</ele><time>2025-10-20T14:11:35.896Z</time></trkpt><trkpt lat="47.60864610" lon="19.14686300"><ele>136.93</ele><time>2025-10-20T14:11:36.096Z</time></trkpt><trkpt lat="47.60864600" lon="19.14686300"><ele>136.94</ele><time>2025-10-20T14:11:36.297Z</time></trkpt><trkpt lat="47.60864600" lon="19.14686300"><ele>136.94</ele><time>2025-10-20T14:11:36.437Z</time></trkpt><trkpt lat="47.60864590" lon="19.14686300"><ele>136.95</ele><time>2025-10-20T14:11:36.657Z</time></trkpt><trkpt lat="47.60864590" lon="19.14686310"><ele>136.95</ele><time>2025-10-20T14:11:36.897Z</time></trkpt><trkpt lat="47.60864580" lon="19.14686310"><ele>136.96</ele><time>2025-10-20T14:11:37.097Z</time></trkpt><trkpt lat="47.60864580" lon="19.14686310"><ele>136.96</ele><time>2025-10-20T14:11:37.298Z</time></trkpt><trkpt lat="47.60864580" lon="19.14686310"><ele>136.96</ele><time>2025-10-20T14:11:37.458Z</time></trkpt><trkpt lat="47.60864580" lon="19.14686300"><ele>136.97</ele><time>2025-10-20T14:11:37.698Z</time></trkpt><trkpt lat="47.60864570" lon="19.14686300"><ele>136.97</ele><time>2025-10-20T14:11:37.898Z</time></trkpt><trkpt lat="47.60864570" lon="19.14686300"><ele>136.97</ele><time>2025-10-20T14:11:38.098Z</time></trkpt><trkpt lat="47.60864560" lon="19.14686300"><ele>136.98</ele><time>2025-10-20T14:11:38.303Z</time></trkpt><trkpt lat="47.60864560" lon="19.14686300"><ele>136.98</ele><time>2025-10-20T14:11:38.484Z</time></trkpt><trkpt lat="47.60864560" lon="19.14686300"><ele>136.98</ele><time>2025-10-20T14:11:38.704Z</time></trkpt><trkpt lat="47.60864550" lon="19.14686300"><ele>136.98</ele><time>2025-10-20T14:11:38.904Z</time></trkpt><trkpt lat="47.60864550" lon="19.14686300"><ele>136.98</ele><time>2025-10-20T14:11:39.104Z</time></trkpt><trkpt lat="47.60864550" lon="19.14686300"><ele>136.98</ele><time>2025-10-20T14:11:39.286Z</time></trkpt><trkpt lat="47.60864540" lon="19.14686300"><ele>136.98</ele><time>2025-10-20T14:11:39.506Z</time></trkpt><trkpt lat="47.60864540" lon="19.14686300"><ele>136.98</ele><time>2025-10-20T14:11:39.705Z</time></trkpt><trkpt lat="47.60864540" lon="19.14686290"><ele>136.97</ele><time>2025-10-20T14:11:39.906Z</time></trkpt><trkpt lat="47.60864540" lon="19.14686280"><ele>136.97</ele><time>2025-10-20T14:11:40.106Z</time></trkpt><trkpt lat="47.60864540" lon="19.14686270"><ele>136.99</ele><time>2025-10-20T14:11:40.308Z</time></trkpt><trkpt lat="47.60864550" lon="19.14686220"><ele>137.18</ele><time>2025-10-20T14:11:40.507Z</time></trkpt><trkpt lat="47.60864570" lon="19.14686130"><ele>137.53</ele><time>2025-10-20T14:11:40.708Z</time></trkpt><trkpt lat="47.60864600" lon="19.14686010"><ele>137.95</ele><time>2025-10-20T14:11:40.908Z</time></trkpt><trkpt lat="47.60864640" lon="19.14685870"><ele>138.44</ele><time>2025-10-20T14:11:41.108Z</time></trkpt><trkpt lat="47.60864680" lon="19.14685740"><ele>138.98</ele><time>2025-10-20T14:11:41.309Z</time></trkpt><trkpt lat="47.60864730" lon="19.14685640"><ele>139.51</ele><time>2025-10-20T14:11:41.508Z</time></trkpt><trkpt lat="47.60864770" lon="19.14685550"><ele>139.96</ele><time>2025-10-20T14:11:41.708Z</time></trkpt><trkpt lat="47.60864810" lon="19.14685490"><ele>140.35</ele><time>2025-10-20T14:11:41.909Z</time></trkpt><trkpt lat="47.60864830" lon="19.14685500"><ele>140.78</ele><time>2025-10-20T14:11:42.069Z</time></trkpt><trkpt lat="47.60864860" lon="19.14685630"><ele>141.53</ele><time>2025-10-20T14:11:42.317Z</time></trkpt><trkpt lat="47.60864870" lon="19.14685740"><ele>142.02</ele><time>2025-10-20T14:11:42.477Z</time></trkpt><trkpt lat="47.60864890" lon="19.14685940"><ele>142.73</ele><time>2025-10-20T14:11:42.720Z</time></trkpt><trkpt lat="47.60864910" lon="19.14686100"><ele>143.30</ele><time>2025-10-20T14:11:42.922Z</time></trkpt><trkpt lat="47.60864910" lon="19.14686260"><ele>143.86</ele><time>2025-10-20T14:11:43.122Z</time></trkpt><trkpt lat="47.60864910" lon="19.14686430"><ele>144.42</ele><time>2025-10-20T14:11:43.325Z</time></trkpt><trkpt lat="47.60864890" lon="19.14686540"><ele>144.87</ele><time>2025-10-20T14:11:43.486Z</time></trkpt><trkpt lat="47.60864880" lon="19.14686680"><ele>145.48</ele><time>2025-10-20T14:11:43.709Z</time></trkpt><trkpt lat="47.60864890" lon="19.14686780"><ele>145.92</ele><time>2025-10-20T14:11:43.870Z</time></trkpt><trkpt lat="47.60864900" lon="19.14686910"><ele>146.55</ele><time>2025-10-20T14:11:44.112Z</time></trkpt><trkpt lat="47.60864900" lon="19.14686990"><ele>147.04</ele><time>2025-10-20T14:11:44.296Z</time></trkpt><trkpt lat="47.60864930" lon="19.14687070"><ele>147.63</ele><time>2025-10-20T14:11:44.519Z</time></trkpt><trkpt lat="47.60864960" lon="19.14687120"><ele>148.13</ele><time>2025-10-20T14:11:44.701Z</time></trkpt><trkpt lat="47.60864990" lon="19.14687160"><ele>148.75</ele><time>2025-10-20T14:11:44.922Z</time></trkpt><trkpt lat="47.60865010" lon="19.14687200"><ele>149.25</ele><time>2025-10-20T14:11:45.103Z</time></trkpt><trkpt lat="47.60865040" lon="19.14687220"><ele>149.81</ele><time>2025-10-20T14:11:45.311Z</time></trkpt><trkpt lat="47.60865060" lon="19.14687250"><ele>150.34</ele><time>2025-10-20T14:11:45.511Z</time></trkpt><trkpt lat="47.60865090" lon="19.14687270"><ele>150.88</ele><time>2025-10-20T14:11:45.713Z</time></trkpt><trkpt lat="47.60865110" lon="19.14687280"><ele>151.36</ele><time>2025-10-20T14:11:45.895Z</time></trkpt><trkpt lat="47.60865130" lon="19.14687300"><ele>151.95</ele><time>2025-10-20T14:11:46.117Z</time></trkpt><trkpt lat="47.60865150" lon="19.14687290"><ele>152.43</ele><time>2025-10-20T14:11:46.307Z</time></trkpt><trkpt lat="47.60865170" lon="19.14687270"><ele>152.97</ele><time>2025-10-20T14:11:46.511Z</time></trkpt><trkpt lat="47.60865190" lon="19.14687230"><ele>153.49</ele><time>2025-10-20T14:11:46.713Z</time></trkpt><trkpt lat="47.60865220" lon="19.14687170"><ele>154.09</ele><time>2025-10-20T14:11:46.934Z</time></trkpt><trkpt lat="47.60865250" lon="19.14687110"><ele>154.59</ele><time>2025-10-20T14:11:47.120Z</time></trkpt><trkpt lat="47.60865290" lon="19.14687040"><ele>155.15</ele><time>2025-10-20T14:11:47.325Z</time></trkpt><trkpt lat="47.60865330" lon="19.14686960"><ele>155.60</ele><time>2025-10-20T14:11:47.527Z</time></trkpt><trkpt lat="47.60865380" lon="19.14686900"><ele>155.87</ele><time>2025-10-20T14:11:47.728Z</time></trkpt><trkpt lat="47.60865440" lon="19.14686850"><ele>155.99</ele><time>2025-10-20T14:11:47.908Z</time></trkpt><trkpt lat="47.60865550" lon="19.14686760"><ele>155.98</ele><time>2025-10-20T14:11:48.131Z</time></trkpt><trkpt lat="47.60865650" lon="19.14686630"><ele>155.98</ele><time>2025-10-20T14:11:48.317Z</time></trkpt><trkpt lat="47.60865810" lon="19.14686440"><ele>155.98</ele><time>2025-10-20T14:11:48.520Z</time></trkpt><trkpt lat="47.60866020" lon="19.14686180"><ele>155.98</ele><time>2025-10-20T14:11:48.723Z</time></trkpt><trkpt lat="47.60866280" lon="19.14685840"><ele>156.01</ele><time>2025-10-20T14:11:48.944Z</time></trkpt><trkpt lat="47.60866500" lon="19.14685530"><ele>156.04</ele><time>2025-10-20T14:11:49.125Z</time></trkpt><trkpt lat="47.60866740" lon="19.14685180"><ele>156.06</ele><time>2025-10-20T14:11:49.308Z</time></trkpt><trkpt lat="47.60867050" lon="19.14684730"><ele>156.09</ele><time>2025-10-20T14:11:49.529Z</time></trkpt><trkpt lat="47.60867350" lon="19.14684300"><ele>156.12</ele><time>2025-10-20T14:11:49.731Z</time></trkpt><trkpt lat="47.60867670" lon="19.14683850"><ele>156.14</ele><time>2025-10-20T14:11:49.933Z</time></trkpt><trkpt lat="47.60868000" lon="19.14683380"><ele>156.16</ele><time>2025-10-20T14:11:50.135Z</time></trkpt><trkpt lat="47.60868240" lon="19.14683020"><ele>156.18</ele><time>2025-10-20T14:11:50.280Z</time></trkpt><trkpt lat="47.60868650" lon="19.14682450"><ele>156.20</ele><time>2025-10-20T14:11:50.522Z</time></trkpt><trkpt lat="47.60868920" lon="19.14682050"><ele>156.21</ele><time>2025-10-20T14:11:50.682Z</time></trkpt><trkpt lat="47.60869340" lon="19.14681450"><ele>156.23</ele><time>2025-10-20T14:11:50.924Z</time></trkpt><trkpt lat="47.60869680" lon="19.14680940"><ele>156.25</ele><time>2025-10-20T14:11:51.125Z</time></trkpt><trkpt lat="47.60870040" lon="19.14680390"><ele>156.26</ele><time>2025-10-20T14:11:51.336Z</time></trkpt><trkpt lat="47.60870350" lon="19.14679910"><ele>156.26</ele><time>2025-10-20T14:11:51.538Z</time></trkpt><trkpt lat="47.60870630" lon="19.14679490"><ele>156.28</ele><time>2025-10-20T14:11:51.739Z</time></trkpt><trkpt lat="47.60870850" lon="19.14679170"><ele>156.29</ele><time>2025-10-20T14:11:51.939Z</time></trkpt><trkpt lat="47.60871020" lon="19.14678930"><ele>156.30</ele><time>2025-10-20T14:11:52.140Z</time></trkpt><trkpt lat="47.60871140" lon="19.14678760"><ele>156.31</ele><time>2025-10-20T14:11:52.343Z</time></trkpt><trkpt lat="47.60871230" lon="19.14678650"><ele>156.33</ele><time>2025-10-20T14:11:52.545Z</time></trkpt><trkpt lat="47.60871280" lon="19.14678610"><ele>156.35</ele><time>2025-10-20T14:11:52.726Z</time></trkpt><trkpt lat="47.60871330" lon="19.14678590"><ele>156.36</ele><time>2025-10-20T14:11:52.947Z</time></trkpt><trkpt lat="47.60871340" lon="19.14678590"><ele>156.39</ele><time>2025-10-20T14:11:53.147Z</time></trkpt><trkpt lat="47.60871340" lon="19.14678640"><ele>156.46</ele><time>2025-10-20T14:11:53.330Z</time></trkpt><trkpt lat="47.60871360" lon="19.14678780"><ele>156.60</ele><time>2025-10-20T14:11:53.532Z</time></trkpt><trkpt lat="47.60871420" lon="19.14679050"><ele>156.83</ele><time>2025-10-20T14:11:53.733Z</time></trkpt><trkpt lat="47.60871560" lon="19.14679500"><ele>157.09</ele><time>2025-10-20T14:11:53.934Z</time></trkpt><trkpt lat="47.60871740" lon="19.14680050"><ele>157.37</ele><time>2025-10-20T14:11:54.115Z</time></trkpt><trkpt lat="47.60872000" lon="19.14680800"><ele>157.70</ele><time>2025-10-20T14:11:54.319Z</time></trkpt><trkpt lat="47.60872340" lon="19.14681660"><ele>158.01</ele><time>2025-10-20T14:11:54.520Z</time></trkpt><trkpt lat="47.60872780" lon="19.14682720"><ele>158.37</ele><time>2025-10-20T14:11:54.742Z</time></trkpt><trkpt lat="47.60873170" lon="19.14683640"><ele>158.65</ele><time>2025-10-20T14:11:54.922Z</time></trkpt><trkpt lat="47.60873650" lon="19.14684720"><ele>158.96</ele><time>2025-10-20T14:11:55.123Z</time></trkpt><trkpt lat="47.60874120" lon="19.14685800"><ele>159.25</ele><time>2025-10-20T14:11:55.316Z</time></trkpt><trkpt lat="47.60874660" lon="19.14687040"><ele>159.58</ele><time>2025-10-20T14:11:55.537Z</time></trkpt><trkpt lat="47.60875180" lon="19.14688200"><ele>159.90</ele><time>2025-10-20T14:11:55.739Z</time></trkpt><trkpt lat="47.60875700" lon="19.14689350"><ele>160.21</ele><time>2025-10-20T14:11:55.940Z</time></trkpt><trkpt lat="47.60876220" lon="19.14690520"><ele>160.52</ele><time>2025-10-20T14:11:56.141Z</time></trkpt><trkpt lat="47.60876730" lon="19.14691630"><ele>160.81</ele><time>2025-10-20T14:11:56.335Z</time></trkpt><trkpt lat="47.60877270" lon="19.14692780"><ele>161.11</ele><time>2025-10-20T14:11:56.535Z</time></trkpt><trkpt lat="47.60877810" lon="19.14693940"><ele>161.42</ele><time>2025-10-20T14:11:56.735Z</time></trkpt><trkpt lat="47.60878350" lon="19.14695110"><ele>161.72</ele><time>2025-10-20T14:11:56.937Z</time></trkpt><trkpt lat="47.60878840" lon="19.14696160"><ele>162.00</ele><time>2025-10-20T14:11:57.119Z</time></trkpt><trkpt lat="47.60879410" lon="19.14697370"><ele>162.33</ele><time>2025-10-20T14:11:57.330Z</time></trkpt><trkpt lat="47.60879960" lon="19.14698520"><ele>162.63</ele><time>2025-10-20T14:11:57.533Z</time></trkpt><trkpt lat="47.60880510" lon="19.14699660"><ele>162.95</ele><time>2025-10-20T14:11:57.735Z</time></trkpt><trkpt lat="47.60881050" lon="19.14700780"><ele>163.28</ele><time>2025-10-20T14:11:57.936Z</time></trkpt><trkpt lat="47.60881590" lon="19.14701890"><ele>163.60</ele><time>2025-10-20T14:11:58.137Z</time></trkpt><trkpt lat="47.60882150" lon="19.14703000"><ele>163.91</ele><time>2025-10-20T14:11:58.341Z</time></trkpt><trkpt lat="47.60882690" lon="19.14704080"><ele>164.24</ele><time>2025-10-20T14:11:58.542Z</time></trkpt><trkpt lat="47.60883220" lon="19.14705150"><ele>164.58</ele><time>2025-10-20T14:11:58.742Z</time></trkpt><trkpt lat="47.60883730" lon="19.14706200"><ele>164.91</ele><time>2025-10-20T14:11:58.943Z</time></trkpt><trkpt lat="47.60884250" lon="19.14707250"><ele>165.24</ele><time>2025-10-20T14:11:59.145Z</time></trkpt><trkpt lat="47.60884750" lon="19.14708290"><ele>165.58</ele><time>2025-10-20T14:11:59.348Z</time></trkpt><trkpt lat="47.60885250" lon="19.14709330"><ele>165.93</ele><time>2025-10-20T14:11:59.549Z</time></trkpt><trkpt lat="47.60885740" lon="19.14710380"><ele>166.28</ele><time>2025-10-20T14:11:59.750Z</time></trkpt><trkpt lat="47.60886230" lon="19.14711440"><ele>166.63</ele><time>2025-10-20T14:11:59.952Z</time></trkpt><trkpt lat="47.60886680" lon="19.14712410"><ele>166.96</ele><time>2025-10-20T14:12:00.136Z</time></trkpt><trkpt lat="47.60887190" lon="19.14713500"><ele>167.31</ele><time>2025-10-20T14:12:00.346Z</time></trkpt><trkpt lat="47.60887690" lon="19.14714550"><ele>167.65</ele><time>2025-10-20T14:12:00.547Z</time></trkpt><trkpt lat="47.60888200" lon="19.14715600"><ele>168.01</ele><time>2025-10-20T14:12:00.749Z</time></trkpt><trkpt lat="47.60888720" lon="19.14716660"><ele>168.34</ele><time>2025-10-20T14:12:00.951Z</time></trkpt><trkpt lat="47.60889230" lon="19.14717730"><ele>168.69</ele><time>2025-10-20T14:12:01.155Z</time></trkpt><trkpt lat="47.60889660" lon="19.14718640"><ele>168.98</ele><time>2025-10-20T14:12:01.324Z</time></trkpt><trkpt lat="47.60890220" lon="19.14719840"><ele>169.36</ele><time>2025-10-20T14:12:01.547Z</time></trkpt><trkpt lat="47.60890680" lon="19.14720820"><ele>169.68</ele><time>2025-10-20T14:12:01.728Z</time></trkpt><trkpt lat="47.60891210" lon="19.14721940"><ele>170.04</ele><time>2025-10-20T14:12:01.932Z</time></trkpt><trkpt lat="47.60891730" lon="19.14723040"><ele>170.39</ele><time>2025-10-20T14:12:02.133Z</time></trkpt><trkpt lat="47.60892260" lon="19.14724150"><ele>170.75</ele><time>2025-10-20T14:12:02.336Z</time></trkpt><trkpt lat="47.60892800" lon="19.14725260"><ele>171.12</ele><time>2025-10-20T14:12:02.540Z</time></trkpt><trkpt lat="47.60893340" lon="19.14726380"><ele>171.50</ele><time>2025-10-20T14:12:02.742Z</time></trkpt><trkpt lat="47.60893770" lon="19.14727280"><ele>171.81</ele><time>2025-10-20T14:12:02.903Z</time></trkpt><trkpt lat="47.60894370" lon="19.14728540"><ele>172.22</ele><time>2025-10-20T14:12:03.125Z</time></trkpt><trkpt lat="47.60895000" lon="19.14729860"><ele>172.65</ele><time>2025-10-20T14:12:03.355Z</time></trkpt><trkpt lat="47.60895510" lon="19.14730910"><ele>173.00</ele><time>2025-10-20T14:12:03.535Z</time></trkpt><trkpt lat="47.60896140" lon="19.14732200"><ele>173.42</ele><time>2025-10-20T14:12:03.756Z</time></trkpt><trkpt lat="47.60896660" lon="19.14733250"><ele>173.74</ele><time>2025-10-20T14:12:03.936Z</time></trkpt><trkpt lat="47.60897230" lon="19.14734430"><ele>174.10</ele><time>2025-10-20T14:12:04.138Z</time></trkpt><trkpt lat="47.60897810" lon="19.14735630"><ele>174.45</ele><time>2025-10-20T14:12:04.343Z</time></trkpt><trkpt lat="47.60898320" lon="19.14736690"><ele>174.77</ele><time>2025-10-20T14:12:04.525Z</time></trkpt><trkpt lat="47.60898930" lon="19.14737980"><ele>175.17</ele><time>2025-10-20T14:12:04.749Z</time></trkpt><trkpt lat="47.60899480" lon="19.14739120"><ele>175.52</ele><time>2025-10-20T14:12:04.950Z</time></trkpt><trkpt lat="47.60899970" lon="19.14740120"><ele>175.84</ele><time>2025-10-20T14:12:05.132Z</time></trkpt><trkpt lat="47.60900540" lon="19.14741270"><ele>176.14</ele><time>2025-10-20T14:12:05.342Z</time></trkpt><trkpt lat="47.60901050" lon="19.14742300"><ele>176.31</ele><time>2025-10-20T14:12:05.542Z</time></trkpt><trkpt lat="47.60901490" lon="19.14743160"><ele>176.38</ele><time>2025-10-20T14:12:05.723Z</time></trkpt><trkpt lat="47.60901950" lon="19.14744040"><ele>176.39</ele><time>2025-10-20T14:12:05.943Z</time></trkpt><trkpt lat="47.60902270" lon="19.14744650"><ele>176.39</ele><time>2025-10-20T14:12:06.144Z</time></trkpt><trkpt lat="47.60902490" lon="19.14745070"><ele>176.44</ele><time>2025-10-20T14:12:06.347Z</time></trkpt><trkpt lat="47.60902640" lon="19.14745360"><ele>176.48</ele><time>2025-10-20T14:12:06.547Z</time></trkpt><trkpt lat="47.60902760" lon="19.14745560"><ele>176.50</ele><time>2025-10-20T14:12:06.749Z</time></trkpt><trkpt lat="47.60902840" lon="19.14745680"><ele>176.52</ele><time>2025-10-20T14:12:06.950Z</time></trkpt><trkpt lat="47.60902880" lon="19.14745750"><ele>176.53</ele><time>2025-10-20T14:12:07.151Z</time></trkpt><trkpt lat="47.60902900" lon="19.14745770"><ele>176.53</ele><time>2025-10-20T14:12:07.355Z</time></trkpt><trkpt lat="47.60902890" lon="19.14745750"><ele>176.45</ele><time>2025-10-20T14:12:07.536Z</time></trkpt><trkpt lat="47.60902880" lon="19.14745730"><ele>176.23</ele><time>2025-10-20T14:12:07.739Z</time></trkpt><trkpt lat="47.60902840" lon="19.14745770"><ele>175.83</ele><time>2025-10-20T14:12:07.959Z</time></trkpt><trkpt lat="47.60902790" lon="19.14745820"><ele>175.39</ele><time>2025-10-20T14:12:08.140Z</time></trkpt><trkpt lat="47.60902690" lon="19.14745910"><ele>174.86</ele><time>2025-10-20T14:12:08.344Z</time></trkpt><trkpt lat="47.60902560" lon="19.14746030"><ele>174.36</ele><time>2025-10-20T14:12:08.545Z</time></trkpt><trkpt lat="47.60902410" lon="19.14746180"><ele>173.86</ele><time>2025-10-20T14:12:08.747Z</time></trkpt><trkpt lat="47.60902250" lon="19.14746360"><ele>173.34</ele><time>2025-10-20T14:12:08.948Z</time></trkpt><trkpt lat="47.60902080" lon="19.14746580"><ele>172.81</ele><time>2025-10-20T14:12:09.149Z</time></trkpt><trkpt lat="47.60901930" lon="19.14746780"><ele>172.36</ele><time>2025-10-20T14:12:09.324Z</time></trkpt><trkpt lat="47.60901780" lon="19.14747050"><ele>171.85</ele><time>2025-10-20T14:12:09.525Z</time></trkpt><trkpt lat="47.60901650" lon="19.14747360"><ele>171.31</ele><time>2025-10-20T14:12:09.727Z</time></trkpt><trkpt lat="47.60901530" lon="19.14747650"><ele>170.83</ele><time>2025-10-20T14:12:09.910Z</time></trkpt><trkpt lat="47.60901410" lon="19.14748010"><ele>170.25</ele><time>2025-10-20T14:12:10.131Z</time></trkpt><trkpt lat="47.60901300" lon="19.14748380"><ele>169.68</ele><time>2025-10-20T14:12:10.347Z</time></trkpt><trkpt lat="47.60901210" lon="19.14748710"><ele>169.15</ele><time>2025-10-20T14:12:10.550Z</time></trkpt><trkpt lat="47.60901140" lon="19.14749060"><ele>168.61</ele><time>2025-10-20T14:12:10.753Z</time></trkpt><trkpt lat="47.60901070" lon="19.14749430"><ele>168.06</ele><time>2025-10-20T14:12:10.956Z</time></trkpt><trkpt lat="47.60901020" lon="19.14749790"><ele>167.50</ele><time>2025-10-20T14:12:11.157Z</time></trkpt><trkpt lat="47.60900970" lon="19.14750140"><ele>166.98</ele><time>2025-10-20T14:12:11.352Z</time></trkpt><trkpt lat="47.60900920" lon="19.14750470"><ele>166.45</ele><time>2025-10-20T14:12:11.553Z</time></trkpt><trkpt lat="47.60900880" lon="19.14750790"><ele>165.92</ele><time>2025-10-20T14:12:11.753Z</time></trkpt><trkpt lat="47.60900840" lon="19.14751100"><ele>165.41</ele><time>2025-10-20T14:12:11.953Z</time></trkpt><trkpt lat="47.60900800" lon="19.14751410"><ele>164.90</ele><time>2025-10-20T14:12:12.153Z</time></trkpt><trkpt lat="47.60900760" lon="19.14751720"><ele>164.39</ele><time>2025-10-20T14:12:12.355Z</time></trkpt><trkpt lat="47.60900730" lon="19.14752030"><ele>163.86</ele><time>2025-10-20T14:12:12.557Z</time></trkpt><trkpt lat="47.60900710" lon="19.14752340"><ele>163.33</ele><time>2025-10-20T14:12:12.759Z</time></trkpt><trkpt lat="47.60900680" lon="19.14752630"><ele>162.82</ele><time>2025-10-20T14:12:12.960Z</time></trkpt><trkpt lat="47.60900650" lon="19.14752920"><ele>162.31</ele><time>2025-10-20T14:12:13.161Z</time></trkpt><trkpt lat="47.60900620" lon="19.14753190"><ele>161.82</ele><time>2025-10-20T14:12:13.358Z</time></trkpt><trkpt lat="47.60900600" lon="19.14753460"><ele>161.34</ele><time>2025-10-20T14:12:13.540Z</time></trkpt><trkpt lat="47.60900570" lon="19.14753790"><ele>160.72</ele><time>2025-10-20T14:12:13.765Z</time></trkpt><trkpt lat="47.60900540" lon="19.14754110"><ele>160.17</ele><time>2025-10-20T14:12:13.971Z</time></trkpt><trkpt lat="47.60900520" lon="19.14754420"><ele>159.64</ele><time>2025-10-20T14:12:14.171Z</time></trkpt><trkpt lat="47.60900500" lon="19.14754730"><ele>159.15</ele><time>2025-10-20T14:12:14.364Z</time></trkpt><trkpt lat="47.60900490" lon="19.14755050"><ele>158.63</ele><time>2025-10-20T14:12:14.568Z</time></trkpt><trkpt lat="47.60900480" lon="19.14755300"><ele>158.21</ele><time>2025-10-20T14:12:14.729Z</time></trkpt><trkpt lat="47.60900460" lon="19.14755700"><ele>157.63</ele><time>2025-10-20T14:12:14.976Z</time></trkpt><trkpt lat="47.60900450" lon="19.14755970"><ele>157.34</ele><time>2025-10-20T14:12:15.141Z</time></trkpt><trkpt lat="47.60900460" lon="19.14756250"><ele>157.16</ele><time>2025-10-20T14:12:15.354Z</time></trkpt><trkpt lat="47.60900510" lon="19.14756440"><ele>157.14</ele><time>2025-10-20T14:12:15.558Z</time></trkpt><trkpt lat="47.60900580" lon="19.14756560"><ele>157.14</ele><time>2025-10-20T14:12:15.759Z</time></trkpt><trkpt lat="47.60900640" lon="19.14756640"><ele>157.11</ele><time>2025-10-20T14:12:15.960Z</time></trkpt><trkpt lat="47.60900680" lon="19.14756680"><ele>157.06</ele><time>2025-10-20T14:12:16.140Z</time></trkpt><trkpt lat="47.60900710" lon="19.14756710"><ele>157.02</ele><time>2025-10-20T14:12:16.345Z</time></trkpt><trkpt lat="47.60900730" lon="19.14756710"><ele>156.97</ele><time>2025-10-20T14:12:16.571Z</time></trkpt><trkpt lat="47.60900740" lon="19.14756700"><ele>156.92</ele><time>2025-10-20T14:12:16.771Z</time></trkpt><trkpt lat="47.60900730" lon="19.14756660"><ele>156.90</ele><time>2025-10-20T14:12:16.973Z</time></trkpt><trkpt lat="47.60900680" lon="19.14756570"><ele>156.94</ele><time>2025-10-20T14:12:17.173Z</time></trkpt><trkpt lat="47.60900570" lon="19.14756350"><ele>157.03</ele><time>2025-10-20T14:12:17.375Z</time></trkpt><trkpt lat="47.60900380" lon="19.14755950"><ele>157.13</ele><time>2025-10-20T14:12:17.577Z</time></trkpt><trkpt lat="47.60900100" lon="19.14755380"><ele>157.27</ele><time>2025-10-20T14:12:17.778Z</time></trkpt><trkpt lat="47.60899750" lon="19.14754680"><ele>157.40</ele><time>2025-10-20T14:12:17.978Z</time></trkpt><trkpt lat="47.60899320" lon="19.14753830"><ele>157.55</ele><time>2025-10-20T14:12:18.180Z</time></trkpt><trkpt lat="47.60898850" lon="19.14752900"><ele>157.70</ele><time>2025-10-20T14:12:18.382Z</time></trkpt><trkpt lat="47.60898330" lon="19.14751880"><ele>157.85</ele><time>2025-10-20T14:12:18.583Z</time></trkpt><trkpt lat="47.60897770" lon="19.14750800"><ele>157.99</ele><time>2025-10-20T14:12:18.784Z</time></trkpt><trkpt lat="47.60897190" lon="19.14749660"><ele>158.12</ele><time>2025-10-20T14:12:18.985Z</time></trkpt><trkpt lat="47.60896590" lon="19.14748480"><ele>158.27</ele><time>2025-10-20T14:12:19.185Z</time></trkpt><trkpt lat="47.60896010" lon="19.14747330"><ele>158.42</ele><time>2025-10-20T14:12:19.374Z</time></trkpt><trkpt lat="47.60895390" lon="19.14746080"><ele>158.57</ele><time>2025-10-20T14:12:19.575Z</time></trkpt><trkpt lat="47.60894760" lon="19.14744790"><ele>158.71</ele><time>2025-10-20T14:12:19.780Z</time></trkpt><trkpt lat="47.60894130" lon="19.14743500"><ele>158.86</ele><time>2025-10-20T14:12:19.984Z</time></trkpt><trkpt lat="47.60893570" lon="19.14742310"><ele>159.01</ele><time>2025-10-20T14:12:20.172Z</time></trkpt><trkpt lat="47.60892920" lon="19.14740920"><ele>159.17</ele><time>2025-10-20T14:12:20.387Z</time></trkpt><trkpt lat="47.60892300" lon="19.14739610"><ele>159.33</ele><time>2025-10-20T14:12:20.592Z</time></trkpt><trkpt lat="47.60891750" lon="19.14738480"><ele>159.47</ele><time>2025-10-20T14:12:20.774Z</time></trkpt><trkpt lat="47.60891150" lon="19.14737220"><ele>159.62</ele><time>2025-10-20T14:12:20.976Z</time></trkpt><trkpt lat="47.60890550" lon="19.14735990"><ele>159.79</ele><time>2025-10-20T14:12:21.177Z</time></trkpt><trkpt lat="47.60889990" lon="19.14734830"><ele>159.94</ele><time>2025-10-20T14:12:21.367Z</time></trkpt><trkpt lat="47.60889350" lon="19.14733510"><ele>160.10</ele><time>2025-10-20T14:12:21.588Z</time></trkpt><trkpt lat="47.60888780" lon="19.14732320"><ele>160.26</ele><time>2025-10-20T14:12:21.787Z</time></trkpt><trkpt lat="47.60888210" lon="19.14731150"><ele>160.42</ele><time>2025-10-20T14:12:21.989Z</time></trkpt><trkpt lat="47.60887770" lon="19.14730210"><ele>160.54</ele><time>2025-10-20T14:12:22.148Z</time></trkpt><trkpt lat="47.60887190" lon="19.14729010"><ele>160.71</ele><time>2025-10-20T14:12:22.354Z</time></trkpt><trkpt lat="47.60886600" lon="19.14727740"><ele>160.88</ele><time>2025-10-20T14:12:22.576Z</time></trkpt><trkpt lat="47.60886120" lon="19.14726710"><ele>161.03</ele><time>2025-10-20T14:12:22.757Z</time></trkpt><trkpt lat="47.60885520" lon="19.14725430"><ele>161.21</ele><time>2025-10-20T14:12:22.979Z</time></trkpt><trkpt lat="47.60884970" lon="19.14724260"><ele>161.38</ele><time>2025-10-20T14:12:23.180Z</time></trkpt><trkpt lat="47.60884420" lon="19.14723090"><ele>161.53</ele><time>2025-10-20T14:12:23.384Z</time></trkpt><trkpt lat="47.60883930" lon="19.14722030"><ele>161.66</ele><time>2025-10-20T14:12:23.566Z</time></trkpt><trkpt lat="47.60883330" lon="19.14720740"><ele>161.82</ele><time>2025-10-20T14:12:23.789Z</time></trkpt><trkpt lat="47.60882780" lon="19.14719560"><ele>161.99</ele><time>2025-10-20T14:12:23.993Z</time></trkpt><trkpt lat="47.60882290" lon="19.14718490"><ele>162.14</ele><time>2025-10-20T14:12:24.172Z</time></trkpt><trkpt lat="47.60881760" lon="19.14717370"><ele>162.30</ele><time>2025-10-20T14:12:24.363Z</time></trkpt><trkpt lat="47.60881220" lon="19.14716210"><ele>162.47</ele><time>2025-10-20T14:12:24.565Z</time></trkpt><trkpt lat="47.60880620" lon="19.14714960"><ele>162.65</ele><time>2025-10-20T14:12:24.785Z</time></trkpt><trkpt lat="47.60880070" lon="19.14713830"><ele>162.81</ele><time>2025-10-20T14:12:24.987Z</time></trkpt><trkpt lat="47.60879520" lon="19.14712700"><ele>162.98</ele><time>2025-10-20T14:12:25.189Z</time></trkpt><trkpt lat="47.60878970" lon="19.14711600"><ele>163.15</ele><time>2025-10-20T14:12:25.385Z</time></trkpt><trkpt lat="47.60878390" lon="19.14710460"><ele>163.32</ele><time>2025-10-20T14:12:25.587Z</time></trkpt><trkpt lat="47.60877800" lon="19.14709300"><ele>163.51</ele><time>2025-10-20T14:12:25.791Z</time></trkpt><trkpt lat="47.60877230" lon="19.14708170"><ele>163.69</ele><time>2025-10-20T14:12:25.994Z</time></trkpt><trkpt lat="47.60876720" lon="19.14707140"><ele>163.85</ele><time>2025-10-20T14:12:26.175Z</time></trkpt><trkpt lat="47.60876140" lon="19.14705980"><ele>164.03</ele><time>2025-10-20T14:12:26.378Z</time></trkpt><trkpt lat="47.60875570" lon="19.14704850"><ele>164.21</ele><time>2025-10-20T14:12:26.578Z</time></trkpt><trkpt lat="47.60875000" lon="19.14703730"><ele>164.40</ele><time>2025-10-20T14:12:26.780Z</time></trkpt><trkpt lat="47.60874410" lon="19.14702610"><ele>164.58</ele><time>2025-10-20T14:12:26.981Z</time></trkpt><trkpt lat="47.60873820" lon="19.14701480"><ele>164.78</ele><time>2025-10-20T14:12:27.183Z</time></trkpt><trkpt lat="47.60873220" lon="19.14700350"><ele>164.99</ele><time>2025-10-20T14:12:27.385Z</time></trkpt><trkpt lat="47.60872620" lon="19.14699230"><ele>165.18</ele><time>2025-10-20T14:12:27.584Z</time></trkpt><trkpt lat="47.60872030" lon="19.14698110"><ele>165.36</ele><time>2025-10-20T14:12:27.785Z</time></trkpt><trkpt lat="47.60871440" lon="19.14696980"><ele>165.56</ele><time>2025-10-20T14:12:27.986Z</time></trkpt><trkpt lat="47.60870850" lon="19.14695840"><ele>165.77</ele><time>2025-10-20T14:12:28.186Z</time></trkpt><trkpt lat="47.60870390" lon="19.14694960"><ele>165.92</ele><time>2025-10-20T14:12:28.342Z</time></trkpt><trkpt lat="47.60869740" lon="19.14693730"><ele>166.12</ele><time>2025-10-20T14:12:28.564Z</time></trkpt><trkpt lat="47.60869100" lon="19.14692510"><ele>166.32</ele><time>2025-10-20T14:12:28.786Z</time></trkpt><trkpt lat="47.60868520" lon="19.14691410"><ele>166.48</ele><time>2025-10-20T14:12:28.988Z</time></trkpt><trkpt lat="47.60868010" lon="19.14690410"><ele>166.61</ele><time>2025-10-20T14:12:29.172Z</time></trkpt><trkpt lat="47.60867430" lon="19.14689310"><ele>166.78</ele><time>2025-10-20T14:12:29.382Z</time></trkpt><trkpt lat="47.60866880" lon="19.14688260"><ele>166.94</ele><time>2025-10-20T14:12:29.583Z</time></trkpt><trkpt lat="47.60866350" lon="19.14687230"><ele>167.11</ele><time>2025-10-20T14:12:29.783Z</time></trkpt><trkpt lat="47.60865830" lon="19.14686170"><ele>167.27</ele><time>2025-10-20T14:12:29.983Z</time></trkpt><trkpt lat="47.60865310" lon="19.14685120"><ele>167.45</ele><time>2025-10-20T14:12:30.188Z</time></trkpt><trkpt lat="47.60864810" lon="19.14684080"><ele>167.62</ele><time>2025-10-20T14:12:30.388Z</time></trkpt><trkpt lat="47.60864300" lon="19.14683060"><ele>167.78</ele><time>2025-10-20T14:12:30.589Z</time></trkpt><trkpt lat="47.60863790" lon="19.14682040"><ele>167.94</ele><time>2025-10-20T14:12:30.790Z</time></trkpt><trkpt lat="47.60863280" lon="19.14681010"><ele>168.11</ele><time>2025-10-20T14:12:30.991Z</time></trkpt><trkpt lat="47.60862780" lon="19.14679970"><ele>168.28</ele><time>2025-10-20T14:12:31.192Z</time></trkpt><trkpt lat="47.60862260" lon="19.14678900"><ele>168.46</ele><time>2025-10-20T14:12:31.394Z</time></trkpt><trkpt lat="47.60861750" lon="19.14677820"><ele>168.63</ele><time>2025-10-20T14:12:31.593Z</time></trkpt><trkpt lat="47.60861280" lon="19.14676840"><ele>168.79</ele><time>2025-10-20T14:12:31.774Z</time></trkpt><trkpt lat="47.60860750" lon="19.14675740"><ele>168.98</ele><time>2025-10-20T14:12:31.974Z</time></trkpt><trkpt lat="47.60860170" lon="19.14674560"><ele>169.18</ele><time>2025-10-20T14:12:32.185Z</time></trkpt><trkpt lat="47.60859600" lon="19.14673380"><ele>169.37</ele><time>2025-10-20T14:12:32.389Z</time></trkpt><trkpt lat="47.60859020" lon="19.14672220"><ele>169.57</ele><time>2025-10-20T14:12:32.592Z</time></trkpt><trkpt lat="47.60858440" lon="19.14671050"><ele>169.78</ele><time>2025-10-20T14:12:32.792Z</time></trkpt><trkpt lat="47.60857850" lon="19.14669850"><ele>169.97</ele><time>2025-10-20T14:12:32.993Z</time></trkpt><trkpt lat="47.60857320" lon="19.14668770"><ele>170.14</ele><time>2025-10-20T14:12:33.173Z</time></trkpt><trkpt lat="47.60856720" lon="19.14667550"><ele>170.33</ele><time>2025-10-20T14:12:33.374Z</time></trkpt><trkpt lat="47.60856050" lon="19.14666220"><ele>170.54</ele><time>2025-10-20T14:12:33.596Z</time></trkpt><trkpt lat="47.60855450" lon="19.14665010"><ele>170.74</ele><time>2025-10-20T14:12:33.796Z</time></trkpt><trkpt lat="47.60854910" lon="19.14663910"><ele>170.91</ele><time>2025-10-20T14:12:33.978Z</time></trkpt><trkpt lat="47.60854270" lon="19.14662570"><ele>171.14</ele><time>2025-10-20T14:12:34.200Z</time></trkpt><trkpt lat="47.60853730" lon="19.14661450"><ele>171.33</ele><time>2025-10-20T14:12:34.385Z</time></trkpt><trkpt lat="47.60853170" lon="19.14660260"><ele>171.51</ele><time>2025-10-20T14:12:34.586Z</time></trkpt><trkpt lat="47.60852600" lon="19.14659060"><ele>171.71</ele><time>2025-10-20T14:12:34.787Z</time></trkpt><trkpt lat="47.60852040" lon="19.14657870"><ele>171.89</ele><time>2025-10-20T14:12:34.987Z</time></trkpt><trkpt lat="47.60851440" lon="19.14656630"><ele>172.08</ele><time>2025-10-20T14:12:35.193Z</time></trkpt><trkpt lat="47.60850840" lon="19.14655390"><ele>172.27</ele><time>2025-10-20T14:12:35.401Z</time></trkpt><trkpt lat="47.60850260" lon="19.14654200"><ele>172.45</ele><time>2025-10-20T14:12:35.605Z</time></trkpt><trkpt lat="47.60849690" lon="19.14653040"><ele>172.64</ele><time>2025-10-20T14:12:35.805Z</time></trkpt><trkpt lat="47.60849150" lon="19.14651900"><ele>172.82</ele><time>2025-10-20T14:12:36.007Z</time></trkpt><trkpt lat="47.60848620" lon="19.14650780"><ele>173.00</ele><time>2025-10-20T14:12:36.208Z</time></trkpt><trkpt lat="47.60848050" lon="19.14649600"><ele>173.20</ele><time>2025-10-20T14:12:36.417Z</time></trkpt><trkpt lat="47.60847520" lon="19.14648460"><ele>173.39</ele><time>2025-10-20T14:12:36.619Z</time></trkpt><trkpt lat="47.60846980" lon="19.14647310"><ele>173.58</ele><time>2025-10-20T14:12:36.821Z</time></trkpt><trkpt lat="47.60846560" lon="19.14646390"><ele>173.73</ele><time>2025-10-20T14:12:36.981Z</time></trkpt><trkpt lat="47.60845980" lon="19.14645120"><ele>173.91</ele><time>2025-10-20T14:12:37.204Z</time></trkpt><trkpt lat="47.60845490" lon="19.14644060"><ele>174.07</ele><time>2025-10-20T14:12:37.392Z</time></trkpt><trkpt lat="47.60844920" lon="19.14642800"><ele>174.26</ele><time>2025-10-20T14:12:37.614Z</time></trkpt><trkpt lat="47.60844460" lon="19.14641770"><ele>174.40</ele><time>2025-10-20T14:12:37.796Z</time></trkpt><trkpt lat="47.60843880" lon="19.14640520"><ele>174.57</ele><time>2025-10-20T14:12:38.018Z</time></trkpt><trkpt lat="47.60843360" lon="19.14639450"><ele>174.72</ele><time>2025-10-20T14:12:38.208Z</time></trkpt><trkpt lat="47.60842740" lon="19.14638230"><ele>174.90</ele><time>2025-10-20T14:12:38.432Z</time></trkpt><trkpt lat="47.60842200" lon="19.14637140"><ele>175.06</ele><time>2025-10-20T14:12:38.633Z</time></trkpt><trkpt lat="47.60841700" lon="19.14636170"><ele>175.22</ele><time>2025-10-20T14:12:38.812Z</time></trkpt><trkpt lat="47.60841150" lon="19.14635070"><ele>175.41</ele><time>2025-10-20T14:12:39.012Z</time></trkpt><trkpt lat="47.60840590" lon="19.14633970"><ele>175.59</ele><time>2025-10-20T14:12:39.214Z</time></trkpt><trkpt lat="47.60840050" lon="19.14632920"><ele>175.77</ele><time>2025-10-20T14:12:39.411Z</time></trkpt><trkpt lat="47.60839440" lon="19.14631710"><ele>175.96</ele><time>2025-10-20T14:12:39.634Z</time></trkpt><trkpt lat="47.60838890" lon="19.14630610"><ele>176.14</ele><time>2025-10-20T14:12:39.835Z</time></trkpt><trkpt lat="47.60838350" lon="19.14629530"><ele>176.31</ele><time>2025-10-20T14:12:40.035Z</time></trkpt><trkpt lat="47.60837860" lon="19.14628540"><ele>176.42</ele><time>2025-10-20T14:12:40.225Z</time></trkpt><trkpt lat="47.60837380" lon="19.14627560"><ele>176.48</ele><time>2025-10-20T14:12:40.428Z</time></trkpt><trkpt lat="47.60836980" lon="19.14626720"><ele>176.52</ele><time>2025-10-20T14:12:40.629Z</time></trkpt><trkpt lat="47.60836710" lon="19.14626100"><ele>176.52</ele><time>2025-10-20T14:12:40.810Z</time></trkpt><trkpt lat="47.60836460" lon="19.14625520"><ele>176.53</ele><time>2025-10-20T14:12:41.030Z</time></trkpt><trkpt lat="47.60836330" lon="19.14625140"><ele>176.55</ele><time>2025-10-20T14:12:41.230Z</time></trkpt><trkpt lat="47.60836250" lon="19.14624910"><ele>176.57</ele><time>2025-10-20T14:12:41.421Z</time></trkpt><trkpt lat="47.60836210" lon="19.14624760"><ele>176.57</ele><time>2025-10-20T14:12:41.627Z</time></trkpt><trkpt lat="47.60836200" lon="19.14624700"><ele>176.60</ele><time>2025-10-20T14:12:41.829Z</time></trkpt><trkpt lat="47.60836220" lon="19.14624710"><ele>176.61</ele><time>2025-10-20T14:12:42.009Z</time></trkpt><trkpt lat="47.60836260" lon="19.14624780"><ele>176.60</ele><time>2025-10-20T14:12:42.234Z</time></trkpt><trkpt lat="47.60836310" lon="19.14624890"><ele>176.46</ele><time>2025-10-20T14:12:42.436Z</time></trkpt><trkpt lat="47.60836380" lon="19.14625060"><ele>176.15</ele><time>2025-10-20T14:12:42.637Z</time></trkpt><trkpt lat="47.60836440" lon="19.14625290"><ele>175.70</ele><time>2025-10-20T14:12:42.838Z</time></trkpt><trkpt lat="47.60836510" lon="19.14625630"><ele>175.19</ele><time>2025-10-20T14:12:43.039Z</time></trkpt><trkpt lat="47.60836580" lon="19.14626050"><ele>174.69</ele><time>2025-10-20T14:12:43.241Z</time></trkpt><trkpt lat="47.60836660" lon="19.14626520"><ele>174.21</ele><time>2025-10-20T14:12:43.443Z</time></trkpt><trkpt lat="47.60836740" lon="19.14627040"><ele>173.75</ele><time>2025-10-20T14:12:43.645Z</time></trkpt><trkpt lat="47.60836800" lon="19.14627520"><ele>173.33</ele><time>2025-10-20T14:12:43.826Z</time></trkpt><trkpt lat="47.60836860" lon="19.14628120"><ele>172.83</ele><time>2025-10-20T14:12:44.047Z</time></trkpt><trkpt lat="47.60836910" lon="19.14628650"><ele>172.40</ele><time>2025-10-20T14:12:44.234Z</time></trkpt><trkpt lat="47.60836950" lon="19.14629250"><ele>171.92</ele><time>2025-10-20T14:12:44.441Z</time></trkpt><trkpt lat="47.60836970" lon="19.14629840"><ele>171.43</ele><time>2025-10-20T14:12:44.642Z</time></trkpt><trkpt lat="47.60836990" lon="19.14630440"><ele>170.92</ele><time>2025-10-20T14:12:44.842Z</time></trkpt><trkpt lat="47.60837000" lon="19.14631050"><ele>170.40</ele><time>2025-10-20T14:12:45.043Z</time></trkpt><trkpt lat="47.60837000" lon="19.14631650"><ele>169.89</ele><time>2025-10-20T14:12:45.244Z</time></trkpt><trkpt lat="47.60836970" lon="19.14632230"><ele>169.37</ele><time>2025-10-20T14:12:45.445Z</time></trkpt><trkpt lat="47.60836950" lon="19.14632690"><ele>168.95</ele><time>2025-10-20T14:12:45.606Z</time></trkpt><trkpt lat="47.60836910" lon="19.14633300"><ele>168.36</ele><time>2025-10-20T14:12:45.828Z</time></trkpt><trkpt lat="47.60836860" lon="19.14633880"><ele>167.78</ele><time>2025-10-20T14:12:46.048Z</time></trkpt><trkpt lat="47.60836810" lon="19.14634370"><ele>167.26</ele><time>2025-10-20T14:12:46.248Z</time></trkpt><trkpt lat="47.60836750" lon="19.14634840"><ele>166.74</ele><time>2025-10-20T14:12:46.449Z</time></trkpt><trkpt lat="47.60836690" lon="19.14635280"><ele>166.20</ele><time>2025-10-20T14:12:46.650Z</time></trkpt><trkpt lat="47.60836610" lon="19.14635680"><ele>165.67</ele><time>2025-10-20T14:12:46.851Z</time></trkpt><trkpt lat="47.60836540" lon="19.14636070"><ele>165.13</ele><time>2025-10-20T14:12:47.052Z</time></trkpt><trkpt lat="47.60836480" lon="19.14636430"><ele>164.57</ele><time>2025-10-20T14:12:47.253Z</time></trkpt><trkpt lat="47.60836410" lon="19.14636770"><ele>164.02</ele><time>2025-10-20T14:12:47.454Z</time></trkpt><trkpt lat="47.60836340" lon="19.14637100"><ele>163.47</ele><time>2025-10-20T14:12:47.654Z</time></trkpt><trkpt lat="47.60836280" lon="19.14637350"><ele>163.03</ele><time>2025-10-20T14:12:47.815Z</time></trkpt><trkpt lat="47.60836190" lon="19.14637730"><ele>162.40</ele><time>2025-10-20T14:12:48.055Z</time></trkpt><trkpt lat="47.60836120" lon="19.14638010"><ele>161.90</ele><time>2025-10-20T14:12:48.238Z</time></trkpt><trkpt lat="47.60836060" lon="19.14638320"><ele>161.40</ele><time>2025-10-20T14:12:48.421Z</time></trkpt><trkpt lat="47.60836000" lon="19.14638650"><ele>160.84</ele><time>2025-10-20T14:12:48.622Z</time></trkpt><trkpt lat="47.60835940" lon="19.14639000"><ele>160.21</ele><time>2025-10-20T14:12:48.843Z</time></trkpt><trkpt lat="47.60835890" lon="19.14639320"><ele>159.66</ele><time>2025-10-20T14:12:49.043Z</time></trkpt><trkpt lat="47.60835850" lon="19.14639610"><ele>159.17</ele><time>2025-10-20T14:12:49.228Z</time></trkpt><trkpt lat="47.60835810" lon="19.14639900"><ele>158.65</ele><time>2025-10-20T14:12:49.419Z</time></trkpt><trkpt lat="47.60835770" lon="19.14640240"><ele>158.11</ele><time>2025-10-20T14:12:49.640Z</time></trkpt><trkpt lat="47.60835750" lon="19.14640510"><ele>157.77</ele><time>2025-10-20T14:12:49.843Z</time></trkpt><trkpt lat="47.60835770" lon="19.14640710"><ele>157.64</ele><time>2025-10-20T14:12:50.043Z</time></trkpt><trkpt lat="47.60835820" lon="19.14640820"><ele>157.63</ele><time>2025-10-20T14:12:50.246Z</time></trkpt><trkpt lat="47.60835870" lon="19.14640890"><ele>157.60</ele><time>2025-10-20T14:12:50.449Z</time></trkpt><trkpt lat="47.60835900" lon="19.14640940"><ele>157.54</ele><time>2025-10-20T14:12:50.649Z</time></trkpt><trkpt lat="47.60835910" lon="19.14640950"><ele>157.49</ele><time>2025-10-20T14:12:50.849Z</time></trkpt><trkpt lat="47.60835910" lon="19.14640940"><ele>157.44</ele><time>2025-10-20T14:12:51.031Z</time></trkpt><trkpt lat="47.60835890" lon="19.14640890"><ele>157.39</ele><time>2025-10-20T14:12:51.251Z</time></trkpt><trkpt lat="47.60835860" lon="19.14640830"><ele>157.35</ele><time>2025-10-20T14:12:51.453Z</time></trkpt><trkpt lat="47.60835840" lon="19.14640770"><ele>157.34</ele><time>2025-10-20T14:12:51.658Z</time></trkpt><trkpt lat="47.60835850" lon="19.14640770"><ele>157.36</ele><time>2025-10-20T14:12:51.840Z</time></trkpt><trkpt lat="47.60835910" lon="19.14640870"><ele>157.44</ele><time>2025-10-20T14:12:52.042Z</time></trkpt><trkpt lat="47.60836050" lon="19.14641120"><ele>157.57</ele><time>2025-10-20T14:12:52.245Z</time></trkpt><trkpt lat="47.60836290" lon="19.14641600"><ele>157.75</ele><time>2025-10-20T14:12:52.448Z</time></trkpt><trkpt lat="47.60836600" lon="19.14642260"><ele>157.93</ele><time>2025-10-20T14:12:52.629Z</time></trkpt><trkpt lat="47.60837070" lon="19.14643210"><ele>158.14</ele><time>2025-10-20T14:12:52.830Z</time></trkpt><trkpt lat="47.60837700" lon="19.14644470"><ele>158.35</ele><time>2025-10-20T14:12:53.052Z</time></trkpt><trkpt lat="47.60838360" lon="19.14645790"><ele>158.54</ele><time>2025-10-20T14:12:53.260Z</time></trkpt><trkpt lat="47.60839030" lon="19.14647060"><ele>158.72</ele><time>2025-10-20T14:12:53.447Z</time></trkpt><trkpt lat="47.60839800" lon="19.14648500"><ele>158.91</ele><time>2025-10-20T14:12:53.649Z</time></trkpt><trkpt lat="47.60840610" lon="19.14650010"><ele>159.12</ele><time>2025-10-20T14:12:53.851Z</time></trkpt><trkpt lat="47.60841440" lon="19.14651560"><ele>159.31</ele><time>2025-10-20T14:12:54.055Z</time></trkpt><trkpt lat="47.60842290" lon="19.14653170"><ele>159.49</ele><time>2025-10-20T14:12:54.259Z</time></trkpt><trkpt lat="47.60843140" lon="19.14654770"><ele>159.68</ele><time>2025-10-20T14:12:54.461Z</time></trkpt><trkpt lat="47.60843930" lon="19.14656270"><ele>159.87</ele><time>2025-10-20T14:12:54.645Z</time></trkpt><trkpt lat="47.60844630" lon="19.14657590"><ele>160.05</ele><time>2025-10-20T14:12:54.806Z</time></trkpt><trkpt lat="47.60845670" lon="19.14659590"><ele>160.31</ele><time>2025-10-20T14:12:55.050Z</time></trkpt><trkpt lat="47.60846540" lon="19.14661280"><ele>160.53</ele><time>2025-10-20T14:12:55.252Z</time></trkpt><trkpt lat="47.60847410" lon="19.14663010"><ele>160.76</ele><time>2025-10-20T14:12:55.455Z</time></trkpt><trkpt lat="47.60848250" lon="19.14664740"><ele>161.01</ele><time>2025-10-20T14:12:55.657Z</time></trkpt><trkpt lat="47.60849090" lon="19.14666460"><ele>161.25</ele><time>2025-10-20T14:12:55.860Z</time></trkpt><trkpt lat="47.60849920" lon="19.14668210"><ele>161.48</ele><time>2025-10-20T14:12:56.061Z</time></trkpt><trkpt lat="47.60850710" lon="19.14669870"><ele>161.71</ele><time>2025-10-20T14:12:56.253Z</time></trkpt><trkpt lat="47.60851560" lon="19.14671680"><ele>161.95</ele><time>2025-10-20T14:12:56.458Z</time></trkpt><trkpt lat="47.60852300" lon="19.14673260"><ele>162.18</ele><time>2025-10-20T14:12:56.638Z</time></trkpt><trkpt lat="47.60853140" lon="19.14675040"><ele>162.42</ele><time>2025-10-20T14:12:56.841Z</time></trkpt><trkpt lat="47.60853980" lon="19.14676810"><ele>162.66</ele><time>2025-10-20T14:12:57.042Z</time></trkpt><trkpt lat="47.60854860" lon="19.14678670"><ele>162.95</ele><time>2025-10-20T14:12:57.250Z</time></trkpt><trkpt lat="47.60855720" lon="19.14680530"><ele>163.22</ele><time>2025-10-20T14:12:57.457Z</time></trkpt><trkpt lat="47.60856560" lon="19.14682330"><ele>163.48</ele><time>2025-10-20T14:12:57.660Z</time></trkpt><trkpt lat="47.60857420" lon="19.14684170"><ele>163.74</ele><time>2025-10-20T14:12:57.865Z</time></trkpt><trkpt lat="47.60858260" lon="19.14685960"><ele>163.99</ele><time>2025-10-20T14:12:58.066Z</time></trkpt><trkpt lat="47.60859110" lon="19.14687740"><ele>164.25</ele><time>2025-10-20T14:12:58.268Z</time></trkpt><trkpt lat="47.60859980" lon="19.14689520"><ele>164.49</ele><time>2025-10-20T14:12:58.469Z</time></trkpt><trkpt lat="47.60860770" lon="19.14691130"><ele>164.71</ele><time>2025-10-20T14:12:58.651Z</time></trkpt><trkpt lat="47.60861660" lon="19.14692920"><ele>164.98</ele><time>2025-10-20T14:12:58.854Z</time></trkpt><trkpt lat="47.60862530" lon="19.14694700"><ele>165.26</ele><time>2025-10-20T14:12:59.055Z</time></trkpt><trkpt lat="47.60863410" lon="19.14696500"><ele>165.55</ele><time>2025-10-20T14:12:59.259Z</time></trkpt><trkpt lat="47.60864290" lon="19.14698290"><ele>165.83</ele><time>2025-10-20T14:12:59.461Z</time></trkpt><trkpt lat="47.60865170" lon="19.14700080"><ele>166.10</ele><time>2025-10-20T14:12:59.664Z</time></trkpt><trkpt lat="47.60866060" lon="19.14701880"><ele>166.36</ele><time>2025-10-20T14:12:59.867Z</time></trkpt><trkpt lat="47.60866940" lon="19.14703660"><ele>166.61</ele><time>2025-10-20T14:13:00.069Z</time></trkpt><trkpt lat="47.60867750" lon="19.14705310"><ele>166.84</ele><time>2025-10-20T14:13:00.257Z</time></trkpt><trkpt lat="47.60868540" lon="19.14706910"><ele>167.06</ele><time>2025-10-20T14:13:00.438Z</time></trkpt><trkpt lat="47.60869490" lon="19.14708870"><ele>167.35</ele><time>2025-10-20T14:13:00.659Z</time></trkpt><trkpt lat="47.60870340" lon="19.14710660"><ele>167.64</ele><time>2025-10-20T14:13:00.861Z</time></trkpt><trkpt lat="47.60871190" lon="19.14712470"><ele>167.92</ele><time>2025-10-20T14:13:01.064Z</time></trkpt><trkpt lat="47.60872090" lon="19.14714380"><ele>168.23</ele><time>2025-10-20T14:13:01.276Z</time></trkpt><trkpt lat="47.60872930" lon="19.14716170"><ele>168.50</ele><time>2025-10-20T14:13:01.477Z</time></trkpt><trkpt lat="47.60873690" lon="19.14717790"><ele>168.76</ele><time>2025-10-20T14:13:01.659Z</time></trkpt><trkpt lat="47.60874550" lon="19.14719610"><ele>169.04</ele><time>2025-10-20T14:13:01.859Z</time></trkpt><trkpt lat="47.60875400" lon="19.14721430"><ele>169.33</ele><time>2025-10-20T14:13:02.059Z</time></trkpt><trkpt lat="47.60876090" lon="19.14722870"><ele>169.56</ele><time>2025-10-20T14:13:02.220Z</time></trkpt><trkpt lat="47.60877090" lon="19.14724940"><ele>169.89</ele><time>2025-10-20T14:13:02.452Z</time></trkpt><trkpt lat="47.60878040" lon="19.14726900"><ele>170.21</ele><time>2025-10-20T14:13:02.672Z</time></trkpt><trkpt lat="47.60878950" lon="19.14728740"><ele>170.51</ele><time>2025-10-20T14:13:02.884Z</time></trkpt><trkpt lat="47.60879730" lon="19.14730310"><ele>170.75</ele><time>2025-10-20T14:13:03.066Z</time></trkpt><trkpt lat="47.60880660" lon="19.14732150"><ele>171.01</ele><time>2025-10-20T14:13:03.280Z</time></trkpt><trkpt lat="47.60881560" lon="19.14733900"><ele>171.25</ele><time>2025-10-20T14:13:03.483Z</time></trkpt><trkpt lat="47.60882290" lon="19.14735290"><ele>171.47</ele><time>2025-10-20T14:13:03.643Z</time></trkpt><trkpt lat="47.60883350" lon="19.14737340"><ele>171.79</ele><time>2025-10-20T14:13:03.885Z</time></trkpt><trkpt lat="47.60884250" lon="19.14739100"><ele>172.10</ele><time>2025-10-20T14:13:04.088Z</time></trkpt><trkpt lat="47.60885150" lon="19.14740840"><ele>172.37</ele><time>2025-10-20T14:13:04.293Z</time></trkpt><trkpt lat="47.60886020" lon="19.14742560"><ele>172.62</ele><time>2025-10-20T14:13:04.495Z</time></trkpt><trkpt lat="47.60886880" lon="19.14744260"><ele>172.86</ele><time>2025-10-20T14:13:04.697Z</time></trkpt><trkpt lat="47.60887730" lon="19.14745970"><ele>173.12</ele><time>2025-10-20T14:13:04.898Z</time></trkpt><trkpt lat="47.60888580" lon="19.14747710"><ele>173.45</ele><time>2025-10-20T14:13:05.100Z</time></trkpt><trkpt lat="47.60889420" lon="19.14749470"><ele>173.78</ele><time>2025-10-20T14:13:05.304Z</time></trkpt><trkpt lat="47.60890250" lon="19.14751230"><ele>174.08</ele><time>2025-10-20T14:13:05.506Z</time></trkpt><trkpt lat="47.60890910" lon="19.14752620"><ele>174.29</ele><time>2025-10-20T14:13:05.666Z</time></trkpt><trkpt lat="47.60891910" lon="19.14754730"><ele>174.54</ele><time>2025-10-20T14:13:05.910Z</time></trkpt><trkpt lat="47.60892560" lon="19.14756060"><ele>174.68</ele><time>2025-10-20T14:13:06.071Z</time></trkpt><trkpt lat="47.60893360" lon="19.14757700"><ele>174.85</ele><time>2025-10-20T14:13:06.274Z</time></trkpt><trkpt lat="47.60894110" lon="19.14759200"><ele>174.98</ele><time>2025-10-20T14:13:06.474Z</time></trkpt><trkpt lat="47.60894820" lon="19.14760620"><ele>174.98</ele><time>2025-10-20T14:13:06.675Z</time></trkpt><trkpt lat="47.60895550" lon="19.14762030"><ele>174.83</ele><time>2025-10-20T14:13:06.895Z</time></trkpt><trkpt lat="47.60896170" lon="19.14763200"><ele>174.57</ele><time>2025-10-20T14:13:07.096Z</time></trkpt><trkpt lat="47.60896710" lon="19.14764190"><ele>174.23</ele><time>2025-10-20T14:13:07.281Z</time></trkpt><trkpt lat="47.60897260" lon="19.14765150"><ele>173.78</ele><time>2025-10-20T14:13:07.482Z</time></trkpt><trkpt lat="47.60897740" lon="19.14765940"><ele>173.31</ele><time>2025-10-20T14:13:07.684Z</time></trkpt><trkpt lat="47.60898170" lon="19.14766550"><ele>172.84</ele><time>2025-10-20T14:13:07.886Z</time></trkpt><trkpt lat="47.60898580" lon="19.14767020"><ele>172.32</ele><time>2025-10-20T14:13:08.109Z</time></trkpt><trkpt lat="47.60898850" lon="19.14767250"><ele>171.87</ele><time>2025-10-20T14:13:08.300Z</time></trkpt><trkpt lat="47.60899080" lon="19.14767360"><ele>171.40</ele><time>2025-10-20T14:13:08.502Z</time></trkpt><trkpt lat="47.60899270" lon="19.14767380"><ele>170.94</ele><time>2025-10-20T14:13:08.704Z</time></trkpt><trkpt lat="47.60899430" lon="19.14767300"><ele>170.47</ele><time>2025-10-20T14:13:08.905Z</time></trkpt><trkpt lat="47.60899570" lon="19.14767140"><ele>170.01</ele><time>2025-10-20T14:13:09.106Z</time></trkpt><trkpt lat="47.60899710" lon="19.14766900"><ele>169.56</ele><time>2025-10-20T14:13:09.312Z</time></trkpt><trkpt lat="47.60899810" lon="19.14766620"><ele>169.11</ele><time>2025-10-20T14:13:09.500Z</time></trkpt><trkpt lat="47.60899910" lon="19.14766280"><ele>168.64</ele><time>2025-10-20T14:13:09.701Z</time></trkpt><trkpt lat="47.60899980" lon="19.14765890"><ele>168.14</ele><time>2025-10-20T14:13:09.903Z</time></trkpt><trkpt lat="47.60900030" lon="19.14765450"><ele>167.58</ele><time>2025-10-20T14:13:10.125Z</time></trkpt><trkpt lat="47.60900050" lon="19.14765010"><ele>167.08</ele><time>2025-10-20T14:13:10.328Z</time></trkpt><trkpt lat="47.60900050" lon="19.14764560"><ele>166.58</ele><time>2025-10-20T14:13:10.529Z</time></trkpt><trkpt lat="47.60900040" lon="19.14764060"><ele>166.06</ele><time>2025-10-20T14:13:10.731Z</time></trkpt><trkpt lat="47.60900020" lon="19.14763560"><ele>165.53</ele><time>2025-10-20T14:13:10.934Z</time></trkpt><trkpt lat="47.60899970" lon="19.14763050"><ele>165.01</ele><time>2025-10-20T14:13:11.136Z</time></trkpt><trkpt lat="47.60899920" lon="19.14762530"><ele>164.49</ele><time>2025-10-20T14:13:11.338Z</time></trkpt><trkpt lat="47.60899860" lon="19.14762020"><ele>163.99</ele><time>2025-10-20T14:13:11.537Z</time></trkpt><trkpt lat="47.60899790" lon="19.14761490"><ele>163.49</ele><time>2025-10-20T14:13:11.740Z</time></trkpt><trkpt lat="47.60899730" lon="19.14761010"><ele>163.04</ele><time>2025-10-20T14:13:11.921Z</time></trkpt><trkpt lat="47.60899680" lon="19.14760420"><ele>162.49</ele><time>2025-10-20T14:13:12.141Z</time></trkpt><trkpt lat="47.60899660" lon="19.14759910"><ele>162.02</ele><time>2025-10-20T14:13:12.335Z</time></trkpt><trkpt lat="47.60899650" lon="19.14759350"><ele>161.46</ele><time>2025-10-20T14:13:12.559Z</time></trkpt><trkpt lat="47.60899670" lon="19.14758850"><ele>160.95</ele><time>2025-10-20T14:13:12.761Z</time></trkpt><trkpt lat="47.60899700" lon="19.14758420"><ele>160.50</ele><time>2025-10-20T14:13:12.942Z</time></trkpt><trkpt lat="47.60899740" lon="19.14757950"><ele>159.99</ele><time>2025-10-20T14:13:13.145Z</time></trkpt><trkpt lat="47.60899790" lon="19.14757460"><ele>159.45</ele><time>2025-10-20T14:13:13.360Z</time></trkpt><trkpt lat="47.60899830" lon="19.14757010"><ele>158.92</ele><time>2025-10-20T14:13:13.561Z</time></trkpt><trkpt lat="47.60899860" lon="19.14756700"><ele>158.55</ele><time>2025-10-20T14:13:13.702Z</time></trkpt><trkpt lat="47.60899900" lon="19.14756190"><ele>157.94</ele><time>2025-10-20T14:13:13.943Z</time></trkpt><trkpt lat="47.60899950" lon="19.14755770"><ele>157.48</ele><time>2025-10-20T14:13:14.165Z</time></trkpt><trkpt lat="47.60899980" lon="19.14755470"><ele>157.29</ele><time>2025-10-20T14:13:14.349Z</time></trkpt><trkpt lat="47.60900010" lon="19.14755230"><ele>157.26</ele><time>2025-10-20T14:13:14.549Z</time></trkpt><trkpt lat="47.60900010" lon="19.14755060"><ele>157.30</ele><time>2025-10-20T14:13:14.750Z</time></trkpt><trkpt lat="47.60900020" lon="19.14754930"><ele>157.30</ele><time>2025-10-20T14:13:14.951Z</time></trkpt><trkpt lat="47.60900020" lon="19.14754860"><ele>157.29</ele><time>2025-10-20T14:13:15.112Z</time></trkpt><trkpt lat="47.60900020" lon="19.14754810"><ele>157.26</ele><time>2025-10-20T14:13:15.354Z</time></trkpt><trkpt lat="47.60900020" lon="19.14754800"><ele>157.23</ele><time>2025-10-20T14:13:15.557Z</time></trkpt><trkpt lat="47.60900030" lon="19.14754810"><ele>157.21</ele><time>2025-10-20T14:13:15.757Z</time></trkpt><trkpt lat="47.60900050" lon="19.14754830"><ele>157.19</ele><time>2025-10-20T14:13:15.959Z</time></trkpt><trkpt lat="47.60900060" lon="19.14754860"><ele>157.19</ele><time>2025-10-20T14:13:16.120Z</time></trkpt><trkpt lat="47.60900060" lon="19.14754850"><ele>157.24</ele><time>2025-10-20T14:13:16.357Z</time></trkpt><trkpt lat="47.60900020" lon="19.14754750"><ele>157.32</ele><time>2025-10-20T14:13:16.540Z</time></trkpt><trkpt lat="47.60899910" lon="19.14754480"><ele>157.47</ele><time>2025-10-20T14:13:16.743Z</time></trkpt><trkpt lat="47.60899700" lon="19.14754020"><ele>157.64</ele><time>2025-10-20T14:13:16.946Z</time></trkpt><trkpt lat="47.60899350" lon="19.14753330"><ele>157.86</ele><time>2025-10-20T14:13:17.147Z</time></trkpt><trkpt lat="47.60898860" lon="19.14752360"><ele>158.11</ele><time>2025-10-20T14:13:17.358Z</time></trkpt><trkpt lat="47.60898290" lon="19.14751240"><ele>158.35</ele><time>2025-10-20T14:13:17.560Z</time></trkpt><trkpt lat="47.60897650" lon="19.14749980"><ele>158.57</ele><time>2025-10-20T14:13:17.760Z</time></trkpt><trkpt lat="47.60896950" lon="19.14748610"><ele>158.77</ele><time>2025-10-20T14:13:17.961Z</time></trkpt><trkpt lat="47.60896180" lon="19.14747130"><ele>158.98</ele><time>2025-10-20T14:13:18.168Z</time></trkpt><trkpt lat="47.60895440" lon="19.14745710"><ele>159.16</ele><time>2025-10-20T14:13:18.357Z</time></trkpt><trkpt lat="47.60894730" lon="19.14744330"><ele>159.37</ele><time>2025-10-20T14:13:18.538Z</time></trkpt><trkpt lat="47.60893840" lon="19.14742600"><ele>159.63</ele><time>2025-10-20T14:13:18.760Z</time></trkpt><trkpt lat="47.60893030" lon="19.14741020"><ele>159.88</ele><time>2025-10-20T14:13:18.961Z</time></trkpt><trkpt lat="47.60892210" lon="19.14739400"><ele>160.12</ele><time>2025-10-20T14:13:19.164Z</time></trkpt><trkpt lat="47.60891510" lon="19.14737990"><ele>160.33</ele><time>2025-10-20T14:13:19.336Z</time></trkpt><trkpt lat="47.60890610" lon="19.14736150"><ele>160.59</ele><time>2025-10-20T14:13:19.557Z</time></trkpt><trkpt lat="47.60889770" lon="19.14734440"><ele>160.83</ele><time>2025-10-20T14:13:19.759Z</time></trkpt><trkpt lat="47.60888920" lon="19.14732710"><ele>161.04</ele><time>2025-10-20T14:13:19.961Z</time></trkpt><trkpt lat="47.60888070" lon="19.14730980"><ele>161.25</ele><time>2025-10-20T14:13:20.163Z</time></trkpt><trkpt lat="47.60887200" lon="19.14729230"><ele>161.48</ele><time>2025-10-20T14:13:20.367Z</time></trkpt><trkpt lat="47.60886350" lon="19.14727500"><ele>161.73</ele><time>2025-10-20T14:13:20.568Z</time></trkpt><trkpt lat="47.60885500" lon="19.14725740"><ele>161.99</ele><time>2025-10-20T14:13:20.769Z</time></trkpt><trkpt lat="47.60884670" lon="19.14723980"><ele>162.22</ele><time>2025-10-20T14:13:20.970Z</time></trkpt><trkpt lat="47.60883850" lon="19.14722220"><ele>162.45</ele><time>2025-10-20T14:13:21.170Z</time></trkpt><trkpt lat="47.60883020" lon="19.14720440"><ele>162.70</ele><time>2025-10-20T14:13:21.373Z</time></trkpt><trkpt lat="47.60882190" lon="19.14718640"><ele>162.94</ele><time>2025-10-20T14:13:21.577Z</time></trkpt><trkpt lat="47.60881360" lon="19.14716860"><ele>163.15</ele><time>2025-10-20T14:13:21.777Z</time></trkpt><trkpt lat="47.60880600" lon="19.14715270"><ele>163.36</ele><time>2025-10-20T14:13:21.958Z</time></trkpt><trkpt lat="47.60879760" lon="19.14713500"><ele>163.60</ele><time>2025-10-20T14:13:22.160Z</time></trkpt><trkpt lat="47.60878830" lon="19.14711540"><ele>163.87</ele><time>2025-10-20T14:13:22.383Z</time></trkpt><trkpt lat="47.60878000" lon="19.14709760"><ele>164.11</ele><time>2025-10-20T14:13:22.585Z</time></trkpt><trkpt lat="47.60877160" lon="19.14707980"><ele>164.34</ele><time>2025-10-20T14:13:22.787Z</time></trkpt><trkpt lat="47.60876330" lon="19.14706220"><ele>164.57</ele><time>2025-10-20T14:13:22.988Z</time></trkpt><trkpt lat="47.60875490" lon="19.14704470"><ele>164.80</ele><time>2025-10-20T14:13:23.191Z</time></trkpt><trkpt lat="47.60874730" lon="19.14702900"><ele>165.01</ele><time>2025-10-20T14:13:23.376Z</time></trkpt><trkpt lat="47.60873830" lon="19.14701030"><ele>165.26</ele><time>2025-10-20T14:13:23.596Z</time></trkpt><trkpt lat="47.60873000" lon="19.14699300"><ele>165.49</ele><time>2025-10-20T14:13:23.799Z</time></trkpt><trkpt lat="47.60872250" lon="19.14697760"><ele>165.70</ele><time>2025-10-20T14:13:23.979Z</time></trkpt><trkpt lat="47.60871310" lon="19.14695860"><ele>165.96</ele><time>2025-10-20T14:13:24.204Z</time></trkpt><trkpt lat="47.60870490" lon="19.14694240"><ele>166.19</ele><time>2025-10-20T14:13:24.398Z</time></trkpt><trkpt lat="47.60869640" lon="19.14692560"><ele>166.44</ele><time>2025-10-20T14:13:24.601Z</time></trkpt><trkpt lat="47.60868790" lon="19.14690890"><ele>166.69</ele><time>2025-10-20T14:13:24.802Z</time></trkpt><trkpt lat="47.60868090" lon="19.14689540"><ele>166.90</ele><time>2025-10-20T14:13:24.965Z</time></trkpt><trkpt lat="47.60867140" lon="19.14687690"><ele>167.19</ele><time>2025-10-20T14:13:25.189Z</time></trkpt><trkpt lat="47.60866230" lon="19.14685950"><ele>167.46</ele><time>2025-10-20T14:13:25.399Z</time></trkpt><trkpt lat="47.60865450" lon="19.14684420"><ele>167.67</ele><time>2025-10-20T14:13:25.583Z</time></trkpt><trkpt lat="47.60864510" lon="19.14682540"><ele>167.95</ele><time>2025-10-20T14:13:25.804Z</time></trkpt><trkpt lat="47.60863740" lon="19.14681000"><ele>168.18</ele><time>2025-10-20T14:13:25.986Z</time></trkpt><trkpt lat="47.60862790" lon="19.14679080"><ele>168.45</ele><time>2025-10-20T14:13:26.210Z</time></trkpt><trkpt lat="47.60861950" lon="19.14677360"><ele>168.70</ele><time>2025-10-20T14:13:26.411Z</time></trkpt><trkpt lat="47.60861290" lon="19.14675980"><ele>168.89</ele><time>2025-10-20T14:13:26.572Z</time></trkpt><trkpt lat="47.60860360" lon="19.14674080"><ele>169.15</ele><time>2025-10-20T14:13:26.794Z</time></trkpt><trkpt lat="47.60859530" lon="19.14672350"><ele>169.38</ele><time>2025-10-20T14:13:26.997Z</time></trkpt><trkpt lat="47.60858710" lon="19.14670600"><ele>169.62</ele><time>2025-10-20T14:13:27.199Z</time></trkpt><trkpt lat="47.60857850" lon="19.14668770"><ele>169.87</ele><time>2025-10-20T14:13:27.410Z</time></trkpt><trkpt lat="47.60857030" lon="19.14667010"><ele>170.11</ele><time>2025-10-20T14:13:27.614Z</time></trkpt><trkpt lat="47.60856220" lon="19.14665280"><ele>170.34</ele><time>2025-10-20T14:13:27.815Z</time></trkpt><trkpt lat="47.60855470" lon="19.14663690"><ele>170.57</ele><time>2025-10-20T14:13:27.998Z</time></trkpt><trkpt lat="47.60854710" lon="19.14662080"><ele>170.80</ele><time>2025-10-20T14:13:28.182Z</time></trkpt><trkpt lat="47.60853740" lon="19.14660020"><ele>171.11</ele><time>2025-10-20T14:13:28.418Z</time></trkpt><trkpt lat="47.60852910" lon="19.14658280"><ele>171.37</ele><time>2025-10-20T14:13:28.619Z</time></trkpt><trkpt lat="47.60852060" lon="19.14656530"><ele>171.62</ele><time>2025-10-20T14:13:28.822Z</time></trkpt><trkpt lat="47.60851210" lon="19.14654770"><ele>171.90</ele><time>2025-10-20T14:13:29.023Z</time></trkpt><trkpt lat="47.60850350" lon="19.14653040"><ele>172.27</ele><time>2025-10-20T14:13:29.226Z</time></trkpt><trkpt lat="47.60849500" lon="19.14651320"><ele>172.75</ele><time>2025-10-20T14:13:29.428Z</time></trkpt><trkpt lat="47.60848670" lon="19.14649650"><ele>173.12</ele><time>2025-10-20T14:13:29.630Z</time></trkpt><trkpt lat="47.60847850" lon="19.14647970"><ele>173.41</ele><time>2025-10-20T14:13:29.831Z</time></trkpt><trkpt lat="47.60847100" lon="19.14646450"><ele>173.65</ele><time>2025-10-20T14:13:30.015Z</time></trkpt><trkpt lat="47.60846250" lon="19.14644730"><ele>173.90</ele><time>2025-10-20T14:13:30.220Z</time></trkpt><trkpt lat="47.60845450" lon="19.14643130"><ele>174.10</ele><time>2025-10-20T14:13:30.411Z</time></trkpt><trkpt lat="47.60844590" lon="19.14641420"><ele>174.28</ele><time>2025-10-20T14:13:30.616Z</time></trkpt><trkpt lat="47.60843730" lon="19.14639700"><ele>174.35</ele><time>2025-10-20T14:13:30.824Z</time></trkpt><trkpt lat="47.60842940" lon="19.14638110"><ele>174.31</ele><time>2025-10-20T14:13:31.027Z</time></trkpt><trkpt lat="47.60842190" lon="19.14636550"><ele>174.16</ele><time>2025-10-20T14:13:31.229Z</time></trkpt><trkpt lat="47.60841450" lon="19.14635010"><ele>173.89</ele><time>2025-10-20T14:13:31.430Z</time></trkpt><trkpt lat="47.60840750" lon="19.14633490"><ele>173.50</ele><time>2025-10-20T14:13:31.631Z</time></trkpt><trkpt lat="47.60840080" lon="19.14632000"><ele>173.08</ele><time>2025-10-20T14:13:31.832Z</time></trkpt><trkpt lat="47.60839480" lon="19.14630560"><ele>172.65</ele><time>2025-10-20T14:13:32.034Z</time></trkpt><trkpt lat="47.60838940" lon="19.14629230"><ele>172.22</ele><time>2025-10-20T14:13:32.235Z</time></trkpt><trkpt lat="47.60838460" lon="19.14627970"><ele>171.77</ele><time>2025-10-20T14:13:32.437Z</time></trkpt><trkpt lat="47.60838140" lon="19.14627050"><ele>171.41</ele><time>2025-10-20T14:13:32.597Z</time></trkpt><trkpt lat="47.60837730" lon="19.14625790"><ele>170.85</ele><time>2025-10-20T14:13:32.837Z</time></trkpt><trkpt lat="47.60837480" lon="19.14624840"><ele>170.38</ele><time>2025-10-20T14:13:33.038Z</time></trkpt><trkpt lat="47.60837320" lon="19.14624150"><ele>170.00</ele><time>2025-10-20T14:13:33.198Z</time></trkpt><trkpt lat="47.60837140" lon="19.14623190"><ele>169.43</ele><time>2025-10-20T14:13:33.442Z</time></trkpt><trkpt lat="47.60837060" lon="19.14622480"><ele>168.99</ele><time>2025-10-20T14:13:33.644Z</time></trkpt><trkpt lat="47.60837030" lon="19.14621900"><ele>168.58</ele><time>2025-10-20T14:13:33.828Z</time></trkpt><trkpt lat="47.60837020" lon="19.14621330"><ele>168.11</ele><time>2025-10-20T14:13:34.031Z</time></trkpt><trkpt lat="47.60837040" lon="19.14620860"><ele>167.68</ele><time>2025-10-20T14:13:34.213Z</time></trkpt><trkpt lat="47.60837070" lon="19.14620420"><ele>167.22</ele><time>2025-10-20T14:13:34.414Z</time></trkpt><trkpt lat="47.60837110" lon="19.14620060"><ele>166.80</ele><time>2025-10-20T14:13:34.616Z</time></trkpt><trkpt lat="47.60837190" lon="19.14619720"><ele>166.38</ele><time>2025-10-20T14:13:34.816Z</time></trkpt><trkpt lat="47.60837300" lon="19.14619410"><ele>165.93</ele><time>2025-10-20T14:13:35.017Z</time></trkpt><trkpt lat="47.60837430" lon="19.14619110"><ele>165.43</ele><time>2025-10-20T14:13:35.239Z</time></trkpt><trkpt lat="47.60837540" lon="19.14618900"><ele>165.02</ele><time>2025-10-20T14:13:35.420Z</time></trkpt><trkpt lat="47.60837650" lon="19.14618690"><ele>164.55</ele><time>2025-10-20T14:13:35.620Z</time></trkpt><trkpt lat="47.60837740" lon="19.14618500"><ele>164.02</ele><time>2025-10-20T14:13:35.842Z</time></trkpt><trkpt lat="47.60837810" lon="19.14618360"><ele>163.52</ele><time>2025-10-20T14:13:36.043Z</time></trkpt><trkpt lat="47.60837880" lon="19.14618240"><ele>163.01</ele><time>2025-10-20T14:13:36.245Z</time></trkpt><trkpt lat="47.60837950" lon="19.14618130"><ele>162.59</ele><time>2025-10-20T14:13:36.425Z</time></trkpt><trkpt lat="47.60838050" lon="19.14617990"><ele>162.11</ele><time>2025-10-20T14:13:36.626Z</time></trkpt><trkpt lat="47.60838170" lon="19.14617850"><ele>161.66</ele><time>2025-10-20T14:13:36.828Z</time></trkpt><trkpt lat="47.60838300" lon="19.14617700"><ele>161.22</ele><time>2025-10-20T14:13:37.009Z</time></trkpt><trkpt lat="47.60838460" lon="19.14617460"><ele>160.61</ele><time>2025-10-20T14:13:37.251Z</time></trkpt><trkpt lat="47.60838570" lon="19.14617250"><ele>160.18</ele><time>2025-10-20T14:13:37.430Z</time></trkpt><trkpt lat="47.60838690" lon="19.14616980"><ele>159.70</ele><time>2025-10-20T14:13:37.631Z</time></trkpt><trkpt lat="47.60838780" lon="19.14616690"><ele>159.22</ele><time>2025-10-20T14:13:37.831Z</time></trkpt><trkpt lat="47.60838850" lon="19.14616390"><ele>158.75</ele><time>2025-10-20T14:13:38.032Z</time></trkpt><trkpt lat="47.60838890" lon="19.14616080"><ele>158.24</ele><time>2025-10-20T14:13:38.238Z</time></trkpt><trkpt lat="47.60838910" lon="19.14615760"><ele>157.74</ele><time>2025-10-20T14:13:38.443Z</time></trkpt><trkpt lat="47.60838930" lon="19.14615420"><ele>157.32</ele><time>2025-10-20T14:13:38.645Z</time></trkpt><trkpt lat="47.60838940" lon="19.14615130"><ele>157.07</ele><time>2025-10-20T14:13:38.827Z</time></trkpt><trkpt lat="47.60838970" lon="19.14614850"><ele>156.98</ele><time>2025-10-20T14:13:39.049Z</time></trkpt><trkpt lat="47.60838970" lon="19.14614660"><ele>157.04</ele><time>2025-10-20T14:13:39.250Z</time></trkpt><trkpt lat="47.60838950" lon="19.14614520"><ele>157.08</ele><time>2025-10-20T14:13:39.434Z</time></trkpt><trkpt lat="47.60838910" lon="19.14614370"><ele>157.09</ele><time>2025-10-20T14:13:39.636Z</time></trkpt><trkpt lat="47.60838860" lon="19.14614240"><ele>157.09</ele><time>2025-10-20T14:13:39.837Z</time></trkpt><trkpt lat="47.60838810" lon="19.14614120"><ele>157.08</ele><time>2025-10-20T14:13:40.038Z</time></trkpt><trkpt lat="47.60838760" lon="19.14614020"><ele>157.07</ele><time>2025-10-20T14:13:40.240Z</time></trkpt><trkpt lat="47.60838700" lon="19.14613930"><ele>157.05</ele><time>2025-10-20T14:13:40.461Z</time></trkpt><trkpt lat="47.60838670" lon="19.14613890"><ele>157.06</ele><time>2025-10-20T14:13:40.642Z</time></trkpt><trkpt lat="47.60838670" lon="19.14613890"><ele>157.13</ele><time>2025-10-20T14:13:40.845Z</time></trkpt><trkpt lat="47.60838720" lon="19.14613990"><ele>157.27</ele><time>2025-10-20T14:13:41.047Z</time></trkpt><trkpt lat="47.60838830" lon="19.14614230"><ele>157.50</ele><time>2025-10-20T14:13:41.248Z</time></trkpt><trkpt lat="47.60839010" lon="19.14614630"><ele>157.77</ele><time>2025-10-20T14:13:41.451Z</time></trkpt><trkpt lat="47.60839250" lon="19.14615140"><ele>158.03</ele><time>2025-10-20T14:13:41.632Z</time></trkpt><trkpt lat="47.60839620" lon="19.14615920"><ele>158.34</ele><time>2025-10-20T14:13:41.853Z</time></trkpt><trkpt lat="47.60840010" lon="19.14616750"><ele>158.64</ele><time>2025-10-20T14:13:42.055Z</time></trkpt><trkpt lat="47.60840400" lon="19.14617580"><ele>158.91</ele><time>2025-10-20T14:13:42.233Z</time></trkpt><trkpt lat="47.60840870" lon="19.14618580"><ele>159.21</ele><time>2025-10-20T14:13:42.434Z</time></trkpt><trkpt lat="47.60841380" lon="19.14619640"><ele>159.53</ele><time>2025-10-20T14:13:42.637Z</time></trkpt><trkpt lat="47.60841920" lon="19.14620770"><ele>159.85</ele><time>2025-10-20T14:13:42.839Z</time></trkpt><trkpt lat="47.60842420" lon="19.14621810"><ele>160.16</ele><time>2025-10-20T14:13:43.020Z</time></trkpt><trkpt lat="47.60843070" lon="19.14623120"><ele>160.54</ele><time>2025-10-20T14:13:43.241Z</time></trkpt><trkpt lat="47.60843680" lon="19.14624320"><ele>160.86</ele><time>2025-10-20T14:13:43.442Z</time></trkpt><trkpt lat="47.60844290" lon="19.14625530"><ele>161.19</ele><time>2025-10-20T14:13:43.645Z</time></trkpt><trkpt lat="47.60844910" lon="19.14626740"><ele>161.51</ele><time>2025-10-20T14:13:43.847Z</time></trkpt><trkpt lat="47.60845400" lon="19.14627710"><ele>161.78</ele><time>2025-10-20T14:13:44.009Z</time></trkpt><trkpt lat="47.60846100" lon="19.14629070"><ele>162.15</ele><time>2025-10-20T14:13:44.237Z</time></trkpt><trkpt lat="47.60846700" lon="19.14630290"><ele>162.47</ele><time>2025-10-20T14:13:44.441Z</time></trkpt><trkpt lat="47.60847310" lon="19.14631490"><ele>162.79</ele><time>2025-10-20T14:13:44.646Z</time></trkpt><trkpt lat="47.60847910" lon="19.14632680"><ele>163.10</ele><time>2025-10-20T14:13:44.848Z</time></trkpt><trkpt lat="47.60848500" lon="19.14633870"><ele>163.41</ele><time>2025-10-20T14:13:45.050Z</time></trkpt><trkpt lat="47.60848980" lon="19.14634830"><ele>163.68</ele><time>2025-10-20T14:13:45.215Z</time></trkpt><trkpt lat="47.60849620" lon="19.14636100"><ele>164.03</ele><time>2025-10-20T14:13:45.439Z</time></trkpt><trkpt lat="47.60850200" lon="19.14637250"><ele>164.35</ele><time>2025-10-20T14:13:45.642Z</time></trkpt><trkpt lat="47.60850750" lon="19.14638370"><ele>164.66</ele><time>2025-10-20T14:13:45.842Z</time></trkpt><trkpt lat="47.60851380" lon="19.14639610"><ele>165.02</ele><time>2025-10-20T14:13:46.063Z</time></trkpt><trkpt lat="47.60851820" lon="19.14640520"><ele>165.27</ele><time>2025-10-20T14:13:46.224Z</time></trkpt><trkpt lat="47.60852370" lon="19.14641640"><ele>165.60</ele><time>2025-10-20T14:13:46.426Z</time></trkpt><trkpt lat="47.60852970" lon="19.14642870"><ele>165.93</ele><time>2025-10-20T14:13:46.649Z</time></trkpt><trkpt lat="47.60853520" lon="19.14643970"><ele>166.23</ele><time>2025-10-20T14:13:46.850Z</time></trkpt><trkpt lat="47.60854010" lon="19.14644950"><ele>166.49</ele><time>2025-10-20T14:13:47.031Z</time></trkpt><trkpt lat="47.60854570" lon="19.14646120"><ele>166.80</ele><time>2025-10-20T14:13:47.244Z</time></trkpt><trkpt lat="47.60855040" lon="19.14647090"><ele>167.06</ele><time>2025-10-20T14:13:47.425Z</time></trkpt><trkpt lat="47.60855540" lon="19.14648140"><ele>167.35</ele><time>2025-10-20T14:13:47.626Z</time></trkpt><trkpt lat="47.60856100" lon="19.14649290"><ele>167.66</ele><time>2025-10-20T14:13:47.849Z</time></trkpt><trkpt lat="47.60856590" lon="19.14650330"><ele>167.94</ele><time>2025-10-20T14:13:48.051Z</time></trkpt><trkpt lat="47.60857040" lon="19.14651270"><ele>168.20</ele><time>2025-10-20T14:13:48.235Z</time></trkpt><trkpt lat="47.60857520" lon="19.14652300"><ele>168.49</ele><time>2025-10-20T14:13:48.438Z</time></trkpt><trkpt lat="47.60858000" lon="19.14653340"><ele>168.77</ele><time>2025-10-20T14:13:48.640Z</time></trkpt><trkpt lat="47.60858470" lon="19.14654380"><ele>169.07</ele><time>2025-10-20T14:13:48.841Z</time></trkpt><trkpt lat="47.60858920" lon="19.14655400"><ele>169.38</ele><time>2025-10-20T14:13:49.042Z</time></trkpt><trkpt lat="47.60859380" lon="19.14656430"><ele>169.67</ele><time>2025-10-20T14:13:49.243Z</time></trkpt><trkpt lat="47.60859840" lon="19.14657450"><ele>169.98</ele><time>2025-10-20T14:13:49.444Z</time></trkpt><trkpt lat="47.60860290" lon="19.14658480"><ele>170.28</ele><time>2025-10-20T14:13:49.647Z</time></trkpt><trkpt lat="47.60860760" lon="19.14659510"><ele>170.58</ele><time>2025-10-20T14:13:49.847Z</time></trkpt><trkpt lat="47.60861240" lon="19.14660530"><ele>170.87</ele><time>2025-10-20T14:13:50.048Z</time></trkpt><trkpt lat="47.60861740" lon="19.14661590"><ele>171.18</ele><time>2025-10-20T14:13:50.252Z</time></trkpt><trkpt lat="47.60862210" lon="19.14662590"><ele>171.48</ele><time>2025-10-20T14:13:50.442Z</time></trkpt><trkpt lat="47.60862720" lon="19.14663650"><ele>171.79</ele><time>2025-10-20T14:13:50.646Z</time></trkpt><trkpt lat="47.60863110" lon="19.14664460"><ele>172.02</ele><time>2025-10-20T14:13:50.806Z</time></trkpt><trkpt lat="47.60863720" lon="19.14665740"><ele>172.38</ele><time>2025-10-20T14:13:51.050Z</time></trkpt><trkpt lat="47.60864180" lon="19.14666720"><ele>172.66</ele><time>2025-10-20T14:13:51.233Z</time></trkpt><trkpt lat="47.60864680" lon="19.14667820"><ele>172.98</ele><time>2025-10-20T14:13:51.437Z</time></trkpt><trkpt lat="47.60865120" lon="19.14668770"><ele>173.23</ele><time>2025-10-20T14:13:51.618Z</time></trkpt><trkpt lat="47.60865620" lon="19.14669850"><ele>173.54</ele><time>2025-10-20T14:13:51.822Z</time></trkpt><trkpt lat="47.60866100" lon="19.14670890"><ele>173.85</ele><time>2025-10-20T14:13:52.023Z</time></trkpt><trkpt lat="47.60866650" lon="19.14672080"><ele>174.20</ele><time>2025-10-20T14:13:52.249Z</time></trkpt><trkpt lat="47.60867130" lon="19.14673100"><ele>174.53</ele><time>2025-10-20T14:13:52.440Z</time></trkpt><trkpt lat="47.60867630" lon="19.14674160"><ele>174.87</ele><time>2025-10-20T14:13:52.643Z</time></trkpt><trkpt lat="47.60868080" lon="19.14675120"><ele>175.18</ele><time>2025-10-20T14:13:52.825Z</time></trkpt><trkpt lat="47.60868640" lon="19.14676290"><ele>175.54</ele><time>2025-10-20T14:13:53.050Z</time></trkpt><trkpt lat="47.60869100" lon="19.14677250"><ele>175.79</ele><time>2025-10-20T14:13:53.239Z</time></trkpt><trkpt lat="47.60869570" lon="19.14678210"><ele>176.00</ele><time>2025-10-20T14:13:53.445Z</time></trkpt><trkpt lat="47.60869960" lon="19.14679000"><ele>176.08</ele><time>2025-10-20T14:13:53.629Z</time></trkpt><trkpt lat="47.60870350" lon="19.14679790"><ele>176.11</ele><time>2025-10-20T14:13:53.853Z</time></trkpt><trkpt lat="47.60870630" lon="19.14680330"><ele>176.10</ele><time>2025-10-20T14:13:54.053Z</time></trkpt><trkpt lat="47.60870810" lon="19.14680670"><ele>176.11</ele><time>2025-10-20T14:13:54.235Z</time></trkpt><trkpt lat="47.60870950" lon="19.14680930"><ele>176.13</ele><time>2025-10-20T14:13:54.438Z</time></trkpt><trkpt lat="47.60871040" lon="19.14681070"><ele>176.14</ele><time>2025-10-20T14:13:54.639Z</time></trkpt><trkpt lat="47.60871080" lon="19.14681130"><ele>176.15</ele><time>2025-10-20T14:13:54.821Z</time></trkpt><trkpt lat="47.60871080" lon="19.14681130"><ele>176.18</ele><time>2025-10-20T14:13:55.043Z</time></trkpt><trkpt lat="47.60871040" lon="19.14681080"><ele>176.19</ele><time>2025-10-20T14:13:55.249Z</time></trkpt><trkpt lat="47.60871000" lon="19.14681000"><ele>176.20</ele><time>2025-10-20T14:13:55.441Z</time></trkpt><trkpt lat="47.60870940" lon="19.14680880"><ele>176.14</ele><time>2025-10-20T14:13:55.644Z</time></trkpt><trkpt lat="47.60870890" lon="19.14680760"><ele>175.93</ele><time>2025-10-20T14:13:55.847Z</time></trkpt><trkpt lat="47.60870820" lon="19.14680660"><ele>175.53</ele><time>2025-10-20T14:13:56.048Z</time></trkpt><trkpt lat="47.60870730" lon="19.14680600"><ele>175.12</ele><time>2025-10-20T14:13:56.216Z</time></trkpt><trkpt lat="47.60870580" lon="19.14680540"><ele>174.61</ele><time>2025-10-20T14:13:56.417Z</time></trkpt><trkpt lat="47.60870400" lon="19.14680490"><ele>174.12</ele><time>2025-10-20T14:13:56.619Z</time></trkpt><trkpt lat="47.60870200" lon="19.14680460"><ele>173.63</ele><time>2025-10-20T14:13:56.820Z</time></trkpt><trkpt lat="47.60869950" lon="19.14680480"><ele>173.08</ele><time>2025-10-20T14:13:57.043Z</time></trkpt><trkpt lat="47.60869720" lon="19.14680510"><ele>172.64</ele><time>2025-10-20T14:13:57.228Z</time></trkpt><trkpt lat="47.60869440" lon="19.14680560"><ele>172.15</ele><time>2025-10-20T14:13:57.451Z</time></trkpt><trkpt lat="47.60869190" lon="19.14680630"><ele>171.71</ele><time>2025-10-20T14:13:57.653Z</time></trkpt><trkpt lat="47.60868910" lon="19.14680720"><ele>171.21</ele><time>2025-10-20T14:13:57.874Z</time></trkpt><trkpt lat="47.60868690" lon="19.14680810"><ele>170.80</ele><time>2025-10-20T14:13:58.056Z</time></trkpt><trkpt lat="47.60868470" lon="19.14680910"><ele>170.40</ele><time>2025-10-20T14:13:58.239Z</time></trkpt><trkpt lat="47.60868230" lon="19.14681040"><ele>169.91</ele><time>2025-10-20T14:13:58.444Z</time></trkpt><trkpt lat="47.60868000" lon="19.14681180"><ele>169.45</ele><time>2025-10-20T14:13:58.649Z</time></trkpt><trkpt lat="47.60867770" lon="19.14681320"><ele>169.02</ele><time>2025-10-20T14:13:58.850Z</time></trkpt><trkpt lat="47.60867540" lon="19.14681430"><ele>168.55</ele><time>2025-10-20T14:13:59.050Z</time></trkpt><trkpt lat="47.60867330" lon="19.14681560"><ele>168.04</ele><time>2025-10-20T14:13:59.252Z</time></trkpt><trkpt lat="47.60867150" lon="19.14681700"><ele>167.55</ele><time>2025-10-20T14:13:59.452Z</time></trkpt><trkpt lat="47.60866980" lon="19.14681860"><ele>167.07</ele><time>2025-10-20T14:13:59.654Z</time></trkpt><trkpt lat="47.60866830" lon="19.14682030"><ele>166.57</ele><time>2025-10-20T14:13:59.855Z</time></trkpt><trkpt lat="47.60866710" lon="19.14682200"><ele>166.08</ele><time>2025-10-20T14:14:00.055Z</time></trkpt><trkpt lat="47.60866610" lon="19.14682350"><ele>165.62</ele><time>2025-10-20T14:14:00.236Z</time></trkpt><trkpt lat="47.60866510" lon="19.14682570"><ele>165.07</ele><time>2025-10-20T14:14:00.460Z</time></trkpt><trkpt lat="47.60866450" lon="19.14682790"><ele>164.61</ele><time>2025-10-20T14:14:00.659Z</time></trkpt><trkpt lat="47.60866380" lon="19.14683020"><ele>164.14</ele><time>2025-10-20T14:14:00.858Z</time></trkpt><trkpt lat="47.60866310" lon="19.14683280"><ele>163.67</ele><time>2025-10-20T14:14:01.059Z</time></trkpt><trkpt lat="47.60866240" lon="19.14683580"><ele>163.18</ele><time>2025-10-20T14:14:01.264Z</time></trkpt><trkpt lat="47.60866170" lon="19.14683880"><ele>162.70</ele><time>2025-10-20T14:14:01.468Z</time></trkpt><trkpt lat="47.60866090" lon="19.14684160"><ele>162.21</ele><time>2025-10-20T14:14:01.672Z</time></trkpt><trkpt lat="47.60866000" lon="19.14684430"><ele>161.75</ele><time>2025-10-20T14:14:01.873Z</time></trkpt><trkpt lat="47.60865910" lon="19.14684680"><ele>161.29</ele><time>2025-10-20T14:14:02.074Z</time></trkpt><trkpt lat="47.60865800" lon="19.14684930"><ele>160.81</ele><time>2025-10-20T14:14:02.278Z</time></trkpt><trkpt lat="47.60865710" lon="19.14685120"><ele>160.40</ele><time>2025-10-20T14:14:02.449Z</time></trkpt><trkpt lat="47.60865590" lon="19.14685360"><ele>159.87</ele><time>2025-10-20T14:14:02.671Z</time></trkpt><trkpt lat="47.60865470" lon="19.14685560"><ele>159.39</ele><time>2025-10-20T14:14:02.871Z</time></trkpt><trkpt lat="47.60865360" lon="19.14685760"><ele>158.91</ele><time>2025-10-20T14:14:03.072Z</time></trkpt><trkpt lat="47.60865250" lon="19.14685960"><ele>158.44</ele><time>2025-10-20T14:14:03.274Z</time></trkpt><trkpt lat="47.60865130" lon="19.14686150"><ele>157.94</ele><time>2025-10-20T14:14:03.479Z</time></trkpt><trkpt lat="47.60865000" lon="19.14686340"><ele>157.53</ele><time>2025-10-20T14:14:03.679Z</time></trkpt><trkpt lat="47.60864890" lon="19.14686490"><ele>157.31</ele><time>2025-10-20T14:14:03.881Z</time></trkpt><trkpt lat="47.60864830" lon="19.14686600"><ele>157.22</ele><time>2025-10-20T14:14:04.081Z</time></trkpt><trkpt lat="47.60864790" lon="19.14686670"><ele>157.12</ele><time>2025-10-20T14:14:04.282Z</time></trkpt><trkpt lat="47.60864770" lon="19.14686700"><ele>156.88</ele><time>2025-10-20T14:14:04.483Z</time></trkpt><trkpt lat="47.60864750" lon="19.14686710"><ele>156.56</ele><time>2025-10-20T14:14:04.684Z</time></trkpt><trkpt lat="47.60864720" lon="19.14686670"><ele>156.24</ele><time>2025-10-20T14:14:04.884Z</time></trkpt><trkpt lat="47.60864710" lon="19.14686600"><ele>155.99</ele><time>2025-10-20T14:14:05.065Z</time></trkpt><trkpt lat="47.60864710" lon="19.14686480"><ele>155.69</ele><time>2025-10-20T14:14:05.277Z</time></trkpt><trkpt lat="47.60864730" lon="19.14686360"><ele>155.42</ele><time>2025-10-20T14:14:05.480Z</time></trkpt><trkpt lat="47.60864750" lon="19.14686250"><ele>155.16</ele><time>2025-10-20T14:14:05.681Z</time></trkpt><trkpt lat="47.60864770" lon="19.14686160"><ele>154.89</ele><time>2025-10-20T14:14:05.883Z</time></trkpt><trkpt lat="47.60864800" lon="19.14686090"><ele>154.64</ele><time>2025-10-20T14:14:06.087Z</time></trkpt><trkpt lat="47.60864820" lon="19.14686030"><ele>154.42</ele><time>2025-10-20T14:14:06.292Z</time></trkpt><trkpt lat="47.60864850" lon="19.14685980"><ele>154.17</ele><time>2025-10-20T14:14:06.514Z</time></trkpt><trkpt lat="47.60864850" lon="19.14685930"><ele>153.97</ele><time>2025-10-20T14:14:06.697Z</time></trkpt><trkpt lat="47.60864850" lon="19.14685890"><ele>153.74</ele><time>2025-10-20T14:14:06.877Z</time></trkpt><trkpt lat="47.60864860" lon="19.14685840"><ele>153.47</ele><time>2025-10-20T14:14:07.098Z</time></trkpt><trkpt lat="47.60864850" lon="19.14685810"><ele>153.25</ele><time>2025-10-20T14:14:07.290Z</time></trkpt><trkpt lat="47.60864840" lon="19.14685780"><ele>153.01</ele><time>2025-10-20T14:14:07.493Z</time></trkpt><trkpt lat="47.60864840" lon="19.14685770"><ele>152.76</ele><time>2025-10-20T14:14:07.695Z</time></trkpt><trkpt lat="47.60864840" lon="19.14685760"><ele>152.50</ele><time>2025-10-20T14:14:07.896Z</time></trkpt><trkpt lat="47.60864850" lon="19.14685790"><ele>152.31</ele><time>2025-10-20T14:14:08.057Z</time></trkpt><trkpt lat="47.60864860" lon="19.14685840"><ele>152.06</ele><time>2025-10-20T14:14:08.267Z</time></trkpt><trkpt lat="47.60864860" lon="19.14685880"><ele>151.84</ele><time>2025-10-20T14:14:08.448Z</time></trkpt><trkpt lat="47.60864880" lon="19.14685940"><ele>151.56</ele><time>2025-10-20T14:14:08.689Z</time></trkpt><trkpt lat="47.60864890" lon="19.14685990"><ele>151.35</ele><time>2025-10-20T14:14:08.870Z</time></trkpt><trkpt lat="47.60864890" lon="19.14686070"><ele>151.11</ele><time>2025-10-20T14:14:09.071Z</time></trkpt><trkpt lat="47.60864900" lon="19.14686150"><ele>150.89</ele><time>2025-10-20T14:14:09.275Z</time></trkpt><trkpt lat="47.60864900" lon="19.14686230"><ele>150.66</ele><time>2025-10-20T14:14:09.477Z</time></trkpt><trkpt lat="47.60864930" lon="19.14686300"><ele>150.42</ele><time>2025-10-20T14:14:09.678Z</time></trkpt><trkpt lat="47.60864950" lon="19.14686370"><ele>150.20</ele><time>2025-10-20T14:14:09.878Z</time></trkpt><trkpt lat="47.60864970" lon="19.14686440"><ele>149.99</ele><time>2025-10-20T14:14:10.079Z</time></trkpt><trkpt lat="47.60864970" lon="19.14686440"><ele>149.99</ele><time>2025-10-20T14:14:10.079Z</time></trkpt><trkpt lat="47.60865000" lon="19.14686490"><ele>149.74</ele><time>2025-10-20T14:14:10.285Z</time></trkpt><trkpt lat="47.60865020" lon="19.14686550"><ele>149.49</ele><time>2025-10-20T14:14:10.489Z</time></trkpt><trkpt lat="47.60865040" lon="19.14686600"><ele>149.27</ele><time>2025-10-20T14:14:10.679Z</time></trkpt><trkpt lat="47.60865050" lon="19.14686650"><ele>149.03</ele><time>2025-10-20T14:14:10.880Z</time></trkpt><trkpt lat="47.60865060" lon="19.14686710"><ele>148.79</ele><time>2025-10-20T14:14:11.100Z</time></trkpt><trkpt lat="47.60865070" lon="19.14686740"><ele>148.55</ele><time>2025-10-20T14:14:11.302Z</time></trkpt><trkpt lat="47.60865090" lon="19.14686770"><ele>148.30</ele><time>2025-10-20T14:14:11.503Z</time></trkpt><trkpt lat="47.60865100" lon="19.14686790"><ele>148.04</ele><time>2025-10-20T14:14:11.704Z</time></trkpt><trkpt lat="47.60865120" lon="19.14686790"><ele>147.79</ele><time>2025-10-20T14:14:11.905Z</time></trkpt><trkpt lat="47.60865150" lon="19.14686790"><ele>147.56</ele><time>2025-10-20T14:14:12.107Z</time></trkpt><trkpt lat="47.60865170" lon="19.14686770"><ele>147.34</ele><time>2025-10-20T14:14:12.295Z</time></trkpt><trkpt lat="47.60865170" lon="19.14686760"><ele>147.11</ele><time>2025-10-20T14:14:12.497Z</time></trkpt><trkpt lat="47.60865160" lon="19.14686750"><ele>146.86</ele><time>2025-10-20T14:14:12.701Z</time></trkpt><trkpt lat="47.60865130" lon="19.14686730"><ele>146.61</ele><time>2025-10-20T14:14:12.902Z</time></trkpt><trkpt lat="47.60865100" lon="19.14686710"><ele>146.34</ele><time>2025-10-20T14:14:13.103Z</time></trkpt><trkpt lat="47.60865070" lon="19.14686690"><ele>146.10</ele><time>2025-10-20T14:14:13.292Z</time></trkpt><trkpt lat="47.60865040" lon="19.14686680"><ele>145.83</ele><time>2025-10-20T14:14:13.513Z</time></trkpt><trkpt lat="47.60865020" lon="19.14686670"><ele>145.59</ele><time>2025-10-20T14:14:13.693Z</time></trkpt><trkpt lat="47.60865000" lon="19.14686680"><ele>145.34</ele><time>2025-10-20T14:14:13.894Z</time></trkpt><trkpt lat="47.60864980" lon="19.14686700"><ele>145.08</ele><time>2025-10-20T14:14:14.096Z</time></trkpt><trkpt lat="47.60864950" lon="19.14686710"><ele>144.83</ele><time>2025-10-20T14:14:14.298Z</time></trkpt><trkpt lat="47.60864940" lon="19.14686710"><ele>144.58</ele><time>2025-10-20T14:14:14.499Z</time></trkpt><trkpt lat="47.60864920" lon="19.14686700"><ele>144.30</ele><time>2025-10-20T14:14:14.701Z</time></trkpt><trkpt lat="47.60864900" lon="19.14686710"><ele>144.03</ele><time>2025-10-20T14:14:14.902Z</time></trkpt><trkpt lat="47.60864890" lon="19.14686720"><ele>143.77</ele><time>2025-10-20T14:14:15.103Z</time></trkpt><trkpt lat="47.60864880" lon="19.14686730"><ele>143.51</ele><time>2025-10-20T14:14:15.291Z</time></trkpt><trkpt lat="47.60864870" lon="19.14686730"><ele>143.24</ele><time>2025-10-20T14:14:15.491Z</time></trkpt><trkpt lat="47.60864860" lon="19.14686740"><ele>142.95</ele><time>2025-10-20T14:14:15.714Z</time></trkpt><trkpt lat="47.60864840" lon="19.14686730"><ele>142.72</ele><time>2025-10-20T14:14:15.894Z</time></trkpt><trkpt lat="47.60864830" lon="19.14686730"><ele>142.47</ele><time>2025-10-20T14:14:16.097Z</time></trkpt><trkpt lat="47.60864810" lon="19.14686730"><ele>142.26</ele><time>2025-10-20T14:14:16.268Z</time></trkpt><trkpt lat="47.60864800" lon="19.14686730"><ele>142.01</ele><time>2025-10-20T14:14:16.476Z</time></trkpt><trkpt lat="47.60864780" lon="19.14686720"><ele>141.77</ele><time>2025-10-20T14:14:16.677Z</time></trkpt><trkpt lat="47.60864770" lon="19.14686710"><ele>141.50</ele><time>2025-10-20T14:14:16.899Z</time></trkpt><trkpt lat="47.60864750" lon="19.14686690"><ele>141.24</ele><time>2025-10-20T14:14:17.082Z</time></trkpt><trkpt lat="47.60864740" lon="19.14686650"><ele>140.93</ele><time>2025-10-20T14:14:17.308Z</time></trkpt><trkpt lat="47.60864720" lon="19.14686610"><ele>140.66</ele><time>2025-10-20T14:14:17.510Z</time></trkpt><trkpt lat="47.60864690" lon="19.14686590"><ele>140.39</ele><time>2025-10-20T14:14:17.710Z</time></trkpt><trkpt lat="47.60864660" lon="19.14686580"><ele>140.16</ele><time>2025-10-20T14:14:17.891Z</time></trkpt><trkpt lat="47.60864630" lon="19.14686590"><ele>139.93</ele><time>2025-10-20T14:14:18.093Z</time></trkpt><trkpt lat="47.60864610" lon="19.14686600"><ele>139.69</ele><time>2025-10-20T14:14:18.298Z</time></trkpt><trkpt lat="47.60864590" lon="19.14686620"><ele>139.45</ele><time>2025-10-20T14:14:18.501Z</time></trkpt><trkpt lat="47.60864590" lon="19.14686640"><ele>139.21</ele><time>2025-10-20T14:14:18.701Z</time></trkpt><trkpt lat="47.60864600" lon="19.14686670"><ele>138.97</ele><time>2025-10-20T14:14:18.902Z</time></trkpt><trkpt lat="47.60864620" lon="19.14686700"><ele>138.73</ele><time>2025-10-20T14:14:19.104Z</time></trkpt><trkpt lat="47.60864630" lon="19.14686730"><ele>138.50</ele><time>2025-10-20T14:14:19.288Z</time></trkpt><trkpt lat="47.60864660" lon="19.14686750"><ele>138.26</ele><time>2025-10-20T14:14:19.489Z</time></trkpt><trkpt lat="47.60864680" lon="19.14686770"><ele>137.99</ele><time>2025-10-20T14:14:19.709Z</time></trkpt><trkpt lat="47.60864690" lon="19.14686780"><ele>137.73</ele><time>2025-10-20T14:14:19.911Z</time></trkpt><trkpt lat="47.60864670" lon="19.14686780"><ele>137.50</ele><time>2025-10-20T14:14:20.110Z</time></trkpt><trkpt lat="47.60864650" lon="19.14686770"><ele>137.26</ele><time>2025-10-20T14:14:20.304Z</time></trkpt><trkpt lat="47.60864610" lon="19.14686770"><ele>137.11</ele><time>2025-10-20T14:14:20.508Z</time></trkpt><trkpt lat="47.60864580" lon="19.14686760"><ele>137.00</ele><time>2025-10-20T14:14:20.711Z</time></trkpt><trkpt lat="47.60864550" lon="19.14686740"><ele>136.85</ele><time>2025-10-20T14:14:20.912Z</time></trkpt><trkpt lat="47.60864510" lon="19.14686730"><ele>136.67</ele><time>2025-10-20T14:14:21.112Z</time></trkpt><trkpt lat="47.60864510" lon="19.14686710"><ele>136.66</ele><time>2025-10-20T14:14:21.306Z</time></trkpt><trkpt lat="47.60864520" lon="19.14686690"><ele>136.63</ele><time>2025-10-20T14:14:21.507Z</time></trkpt><trkpt lat="47.60864550" lon="19.14686680"><ele>136.64</ele><time>2025-10-20T14:14:21.707Z</time></trkpt><trkpt lat="47.60864560" lon="19.14686680"><ele>136.64</ele><time>2025-10-20T14:14:21.909Z</time></trkpt><trkpt lat="47.60864560" lon="19.14686680"><ele>136.63</ele><time>2025-10-20T14:14:22.110Z</time></trkpt><trkpt lat="47.60864560" lon="19.14686680"><ele>136.62</ele><time>2025-10-20T14:14:22.303Z</time></trkpt><trkpt lat="47.60864560" lon="19.14686690"><ele>136.62</ele><time>2025-10-20T14:14:22.510Z</time></trkpt><trkpt lat="47.60864560" lon="19.14686700"><ele>136.61</ele><time>2025-10-20T14:14:22.715Z</time></trkpt><trkpt lat="47.60864560" lon="19.14686700"><ele>136.61</ele><time>2025-10-20T14:14:22.898Z</time></trkpt><trkpt lat="47.60864560" lon="19.14686710"><ele>136.61</ele><time>2025-10-20T14:14:23.121Z</time></trkpt><trkpt lat="47.60864560" lon="19.14686710"><ele>136.61</ele><time>2025-10-20T14:14:23.326Z</time></trkpt><trkpt lat="47.60864560" lon="19.14686710"><ele>136.60</ele><time>2025-10-20T14:14:23.526Z</time></trkpt><trkpt lat="47.60864560" lon="19.14686710"><ele>136.60</ele><time>2025-10-20T14:14:23.726Z</time></trkpt><trkpt lat="47.60864560" lon="19.14686720"><ele>136.59</ele><time>2025-10-20T14:14:23.847Z</time></trkpt><trkpt lat="47.60864560" lon="19.14686720"><ele>136.59</ele><time>2025-10-20T14:14:23.847Z</time></trkpt><trkpt lat="47.60864560" lon="19.14686720"><ele>136.59</ele><time>2025-10-20T14:14:23.847Z</time></trkpt><trkpt lat="47.60864560" lon="19.14686720"><ele>136.59</ele><time>2025-10-20T14:14:23.847Z</time></trkpt><trkpt lat="47.60864560" lon="19.14686720"><ele>136.59</ele><time>2025-10-20T14:14:23.847Z</time></trkpt><trkpt lat="47.60864560" lon="19.14686730"><ele>136.58</ele><time>2025-10-20T14:14:24.924Z</time></trkpt><trkpt lat="47.60864550" lon="19.14686740"><ele>136.57</ele><time>2025-10-20T14:14:25.124Z</time></trkpt><trkpt lat="47.60864550" lon="19.14686760"><ele>136.54</ele><time>2025-10-20T14:14:25.325Z</time></trkpt><trkpt lat="47.60864540" lon="19.14686780"><ele>136.52</ele><time>2025-10-20T14:14:25.525Z</time></trkpt><trkpt lat="47.60864530" lon="19.14686800"><ele>136.49</ele><time>2025-10-20T14:14:25.726Z</time></trkpt><trkpt lat="47.60864530" lon="19.14686800"><ele>136.48</ele><time>2025-10-20T14:14:25.926Z</time></trkpt><trkpt lat="47.60864530" lon="19.14686790"><ele>136.48</ele><time>2025-10-20T14:14:26.127Z</time></trkpt><trkpt lat="47.60864530" lon="19.14686780"><ele>136.48</ele><time>2025-10-20T14:14:26.328Z</time></trkpt><trkpt lat="47.60864530" lon="19.14686770"><ele>136.48</ele><time>2025-10-20T14:14:26.528Z</time></trkpt><trkpt lat="47.60864520" lon="19.14686770"><ele>136.48</ele><time>2025-10-20T14:14:26.729Z</time></trkpt><trkpt lat="47.60864520" lon="19.14686760"><ele>136.48</ele><time>2025-10-20T14:14:26.930Z</time></trkpt><trkpt lat="47.60864530" lon="19.14686750"><ele>136.48</ele><time>2025-10-20T14:14:27.130Z</time></trkpt><trkpt lat="47.60864530" lon="19.14686740"><ele>136.49</ele><time>2025-10-20T14:14:27.331Z</time></trkpt><trkpt lat="47.60864530" lon="19.14686730"><ele>136.49</ele><time>2025-10-20T14:14:27.531Z</time></trkpt><trkpt lat="47.60864520" lon="19.14686740"><ele>136.49</ele><time>2025-10-20T14:14:27.732Z</time></trkpt><trkpt lat="47.60864530" lon="19.14686740"><ele>136.49</ele><time>2025-10-20T14:14:27.932Z</time></trkpt><trkpt lat="47.60864530" lon="19.14686740"><ele>136.49</ele><time>2025-10-20T14:14:28.133Z</time></trkpt><trkpt lat="47.60864530" lon="19.14686740"><ele>136.49</ele><time>2025-10-20T14:14:28.334Z</time></trkpt><trkpt lat="47.60864540" lon="19.14686750"><ele>136.50</ele><time>2025-10-20T14:14:28.535Z</time></trkpt><trkpt lat="47.60864550" lon="19.14686740"><ele>136.50</ele><time>2025-10-20T14:14:28.737Z</time></trkpt><trkpt lat="47.60864560" lon="19.14686740"><ele>136.50</ele><time>2025-10-20T14:14:28.938Z</time></trkpt><trkpt lat="47.60864570" lon="19.14686730"><ele>136.50</ele><time>2025-10-20T14:14:29.139Z</time></trkpt><trkpt lat="47.60864570" lon="19.14686730"><ele>136.49</ele><time>2025-10-20T14:14:29.340Z</time></trkpt><trkpt lat="47.60864570" lon="19.14686730"><ele>136.49</ele><time>2025-10-20T14:14:29.540Z</time></trkpt><trkpt lat="47.60864580" lon="19.14686730"><ele>136.49</ele><time>2025-10-20T14:14:29.741Z</time></trkpt><trkpt lat="47.60864580" lon="19.14686730"><ele>136.49</ele><time>2025-10-20T14:14:29.941Z</time></trkpt><trkpt lat="47.60864580" lon="19.14686730"><ele>136.49</ele><time>2025-10-20T14:14:30.140Z</time></trkpt><trkpt lat="47.60864580" lon="19.14686720"><ele>136.49</ele><time>2025-10-20T14:14:30.344Z</time></trkpt><trkpt lat="47.60864580" lon="19.14686720"><ele>136.48</ele><time>2025-10-20T14:14:30.525Z</time></trkpt><trkpt lat="47.60864580" lon="19.14686720"><ele>136.49</ele><time>2025-10-20T14:14:30.728Z</time></trkpt><trkpt lat="47.60864580" lon="19.14686720"><ele>136.49</ele><time>2025-10-20T14:14:30.929Z</time></trkpt><trkpt lat="47.60864580" lon="19.14686720"><ele>136.49</ele><time>2025-10-20T14:14:31.130Z</time></trkpt><trkpt lat="47.60864570" lon="19.14686720"><ele>136.49</ele><time>2025-10-20T14:14:31.332Z</time></trkpt><trkpt lat="47.60864570" lon="19.14686720"><ele>136.49</ele><time>2025-10-20T14:14:31.552Z</time></trkpt><trkpt lat="47.60864570" lon="19.14686720"><ele>136.50</ele><time>2025-10-20T14:14:31.732Z</time></trkpt><trkpt lat="47.60864570" lon="19.14686720"><ele>136.50</ele><time>2025-10-20T14:14:31.933Z</time></trkpt><trkpt lat="47.60864570" lon="19.14686720"><ele>136.50</ele><time>2025-10-20T14:14:32.133Z</time></trkpt><trkpt lat="47.60864570" lon="19.14686710"><ele>136.50</ele><time>2025-10-20T14:14:32.334Z</time></trkpt><trkpt lat="47.60864570" lon="19.14686710"><ele>136.50</ele><time>2025-10-20T14:14:32.534Z</time></trkpt><trkpt lat="47.60864570" lon="19.14686710"><ele>136.50</ele><time>2025-10-20T14:14:32.736Z</time></trkpt><trkpt lat="47.60864570" lon="19.14686710"><ele>136.50</ele><time>2025-10-20T14:14:32.936Z</time></trkpt><trkpt lat="47.60864570" lon="19.14686710"><ele>136.50</ele><time>2025-10-20T14:14:33.136Z</time></trkpt><trkpt lat="47.60864570" lon="19.14686700"><ele>136.50</ele><time>2025-10-20T14:14:33.338Z</time></trkpt><trkpt lat="47.60864580" lon="19.14686700"><ele>136.50</ele><time>2025-10-20T14:14:33.539Z</time></trkpt><trkpt lat="47.60864580" lon="19.14686700"><ele>136.49</ele><time>2025-10-20T14:14:33.739Z</time></trkpt><trkpt lat="47.60864580" lon="19.14686700"><ele>136.49</ele><time>2025-10-20T14:14:33.939Z</time></trkpt><trkpt lat="47.60864580" lon="19.14686700"><ele>136.49</ele><time>2025-10-20T14:14:34.139Z</time></trkpt><trkpt lat="47.60864580" lon="19.14686700"><ele>136.49</ele><time>2025-10-20T14:14:34.342Z</time></trkpt><trkpt lat="47.60864580" lon="19.14686700"><ele>136.49</ele><time>2025-10-20T14:14:34.542Z</time></trkpt><trkpt lat="47.60864580" lon="19.14686710"><ele>136.49</ele><time>2025-10-20T14:14:34.743Z</time></trkpt><trkpt lat="47.60864580" lon="19.14686710"><ele>136.49</ele><time>2025-10-20T14:14:34.943Z</time></trkpt><trkpt lat="47.60864580" lon="19.14686710"><ele>136.50</ele><time>2025-10-20T14:14:35.143Z</time></trkpt><trkpt lat="47.60864580" lon="19.14686710"><ele>136.50</ele><time>2025-10-20T14:14:35.345Z</time></trkpt><trkpt lat="47.60864580" lon="19.14686710"><ele>136.50</ele><time>2025-10-20T14:14:35.545Z</time></trkpt><trkpt lat="47.60864570" lon="19.14686720"><ele>136.50</ele><time>2025-10-20T14:14:35.745Z</time></trkpt><trkpt lat="47.60864570" lon="19.14686720"><ele>136.51</ele><time>2025-10-20T14:14:35.946Z</time></trkpt><trkpt lat="47.60864570" lon="19.14686720"><ele>136.51</ele><time>2025-10-20T14:14:36.146Z</time></trkpt><trkpt lat="47.60864570" lon="19.14686720"><ele>136.52</ele><time>2025-10-20T14:14:36.347Z</time></trkpt><trkpt lat="47.60864580" lon="19.14686720"><ele>136.52</ele><time>2025-10-20T14:14:36.547Z</time></trkpt><trkpt lat="47.60864580" lon="19.14686730"><ele>136.52</ele><time>2025-10-20T14:14:36.748Z</time></trkpt><trkpt lat="47.60864580" lon="19.14686730"><ele>136.52</ele><time>2025-10-20T14:14:36.948Z</time></trkpt><trkpt lat="47.60864580" lon="19.14686720"><ele>136.52</ele><time>2025-10-20T14:14:37.148Z</time></trkpt><trkpt lat="47.60864580" lon="19.14686720"><ele>136.52</ele><time>2025-10-20T14:14:37.351Z</time></trkpt><trkpt lat="47.60864580" lon="19.14686730"><ele>136.52</ele><time>2025-10-20T14:14:37.551Z</time></trkpt><trkpt lat="47.60864580" lon="19.14686730"><ele>136.52</ele><time>2025-10-20T14:14:37.751Z</time></trkpt><trkpt lat="47.60864580" lon="19.14686730"><ele>136.52</ele><time>2025-10-20T14:14:37.951Z</time></trkpt><trkpt lat="47.60864580" lon="19.14686730"><ele>136.52</ele><time>2025-10-20T14:14:38.150Z</time></trkpt><trkpt lat="47.60864580" lon="19.14686730"><ele>136.52</ele><time>2025-10-20T14:14:38.351Z</time></trkpt><trkpt lat="47.60864580" lon="19.14686730"><ele>136.53</ele><time>2025-10-20T14:14:38.552Z</time></trkpt><trkpt lat="47.60864580" lon="19.14686730"><ele>136.53</ele><time>2025-10-20T14:14:38.752Z</time></trkpt><trkpt lat="47.60864580" lon="19.14686720"><ele>136.53</ele><time>2025-10-20T14:14:38.953Z</time></trkpt><trkpt lat="47.60864580" lon="19.14686720"><ele>136.53</ele><time>2025-10-20T14:14:39.154Z</time></trkpt><trkpt lat="47.60864580" lon="19.14686730"><ele>136.53</ele><time>2025-10-20T14:14:39.355Z</time></trkpt><trkpt lat="47.60864580" lon="19.14686730"><ele>136.54</ele><time>2025-10-20T14:14:39.555Z</time></trkpt><trkpt lat="47.60864580" lon="19.14686730"><ele>136.54</ele><time>2025-10-20T14:14:39.756Z</time></trkpt><trkpt lat="47.60864590" lon="19.14686730"><ele>136.54</ele><time>2025-10-20T14:14:39.956Z</time></trkpt><trkpt lat="47.60864590" lon="19.14686730"><ele>136.55</ele><time>2025-10-20T14:14:40.156Z</time></trkpt><trkpt lat="47.60864590" lon="19.14686730"><ele>136.55</ele><time>2025-10-20T14:14:40.359Z</time></trkpt><trkpt lat="47.60864580" lon="19.14686730"><ele>136.56</ele><time>2025-10-20T14:14:40.559Z</time></trkpt><trkpt lat="47.60864580" lon="19.14686730"><ele>136.56</ele><time>2025-10-20T14:14:40.761Z</time></trkpt><trkpt lat="47.60864580" lon="19.14686730"><ele>136.56</ele><time>2025-10-20T14:14:40.961Z</time></trkpt><trkpt lat="47.60864570" lon="19.14686730"><ele>136.56</ele><time>2025-10-20T14:14:41.161Z</time></trkpt><trkpt lat="47.60864570" lon="19.14686730"><ele>136.56</ele><time>2025-10-20T14:14:41.363Z</time></trkpt><trkpt lat="47.60864570" lon="19.14686740"><ele>136.56</ele><time>2025-10-20T14:14:41.563Z</time></trkpt><trkpt lat="47.60864560" lon="19.14686740"><ele>136.56</ele><time>2025-10-20T14:14:41.764Z</time></trkpt><trkpt lat="47.60864560" lon="19.14686740"><ele>136.56</ele><time>2025-10-20T14:14:41.964Z</time></trkpt><trkpt lat="47.60864560" lon="19.14686740"><ele>136.57</ele><time>2025-10-20T14:14:42.163Z</time></trkpt><trkpt lat="47.60864550" lon="19.14686740"><ele>136.57</ele><time>2025-10-20T14:14:42.364Z</time></trkpt><trkpt lat="47.60864550" lon="19.14686740"><ele>136.57</ele><time>2025-10-20T14:14:42.564Z</time></trkpt><trkpt lat="47.60864540" lon="19.14686740"><ele>136.57</ele><time>2025-10-20T14:14:42.765Z</time></trkpt><trkpt lat="47.60864530" lon="19.14686740"><ele>136.57</ele><time>2025-10-20T14:14:42.966Z</time></trkpt><trkpt lat="47.60864530" lon="19.14686750"><ele>136.57</ele><time>2025-10-20T14:14:43.168Z</time></trkpt><trkpt lat="47.60864520" lon="19.14686750"><ele>136.57</ele><time>2025-10-20T14:14:43.369Z</time></trkpt><trkpt lat="47.60864520" lon="19.14686750"><ele>136.57</ele><time>2025-10-20T14:14:43.569Z</time></trkpt><trkpt lat="47.60864520" lon="19.14686740"><ele>136.57</ele><time>2025-10-20T14:14:43.771Z</time></trkpt><trkpt lat="47.60864520" lon="19.14686740"><ele>136.57</ele><time>2025-10-20T14:14:43.972Z</time></trkpt><trkpt lat="47.60864520" lon="19.14686740"><ele>136.57</ele><time>2025-10-20T14:14:44.173Z</time></trkpt><trkpt lat="47.60864530" lon="19.14686730"><ele>136.57</ele><time>2025-10-20T14:14:44.375Z</time></trkpt><trkpt lat="47.60864530" lon="19.14686730"><ele>136.57</ele><time>2025-10-20T14:14:44.575Z</time></trkpt><trkpt lat="47.60864530" lon="19.14686720"><ele>136.57</ele><time>2025-10-20T14:14:44.777Z</time></trkpt><trkpt lat="47.60864530" lon="19.14686710"><ele>136.57</ele><time>2025-10-20T14:14:44.977Z</time></trkpt><trkpt lat="47.60864530" lon="19.14686710"><ele>136.57</ele><time>2025-10-20T14:14:45.178Z</time></trkpt><trkpt lat="47.60864530" lon="19.14686710"><ele>136.57</ele><time>2025-10-20T14:14:45.378Z</time></trkpt><trkpt lat="47.60864530" lon="19.14686710"><ele>136.57</ele><time>2025-10-20T14:14:45.579Z</time></trkpt><trkpt lat="47.60864530" lon="19.14686710"><ele>136.57</ele><time>2025-10-20T14:14:45.781Z</time></trkpt><trkpt lat="47.60864530" lon="19.14686710"><ele>136.58</ele><time>2025-10-20T14:14:45.982Z</time></trkpt><trkpt lat="47.60864530" lon="19.14686720"><ele>136.57</ele><time>2025-10-20T14:14:46.183Z</time></trkpt><trkpt lat="47.60864530" lon="19.14686720"><ele>136.57</ele><time>2025-10-20T14:14:46.385Z</time></trkpt><trkpt lat="47.60864530" lon="19.14686720"><ele>136.57</ele><time>2025-10-20T14:14:46.585Z</time></trkpt><trkpt lat="47.60864530" lon="19.14686720"><ele>136.57</ele><time>2025-10-20T14:14:46.787Z</time></trkpt><trkpt lat="47.60864530" lon="19.14686720"><ele>136.57</ele><time>2025-10-20T14:14:46.987Z</time></trkpt><trkpt lat="47.60864530" lon="19.14686730"><ele>136.57</ele><time>2025-10-20T14:14:47.187Z</time></trkpt><trkpt lat="47.60864530" lon="19.14686730"><ele>136.57</ele><time>2025-10-20T14:14:47.388Z</time></trkpt><trkpt lat="47.60864530" lon="19.14686730"><ele>136.57</ele><time>2025-10-20T14:14:47.588Z</time></trkpt><trkpt lat="47.60864530" lon="19.14686730"><ele>136.57</ele><time>2025-10-20T14:14:47.790Z</time></trkpt><trkpt lat="47.60864530" lon="19.14686730"><ele>136.56</ele><time>2025-10-20T14:14:47.989Z</time></trkpt><trkpt lat="47.60864530" lon="19.14686730"><ele>136.56</ele><time>2025-10-20T14:14:48.191Z</time></trkpt><trkpt lat="47.60864530" lon="19.14686730"><ele>136.56</ele><time>2025-10-20T14:14:48.392Z</time></trkpt><trkpt lat="47.60864530" lon="19.14686730"><ele>136.56</ele><time>2025-10-20T14:14:48.592Z</time></trkpt><trkpt lat="47.60864530" lon="19.14686730"><ele>136.56</ele><time>2025-10-20T14:14:48.793Z</time></trkpt><trkpt lat="47.60864530" lon="19.14686730"><ele>136.56</ele><time>2025-10-20T14:14:48.994Z</time></trkpt><trkpt lat="47.60864530" lon="19.14686730"><ele>136.56</ele><time>2025-10-20T14:14:49.193Z</time></trkpt><trkpt lat="47.60864520" lon="19.14686730"><ele>136.55</ele><time>2025-10-20T14:14:49.395Z</time></trkpt><trkpt lat="47.60864530" lon="19.14686740"><ele>136.55</ele><time>2025-10-20T14:14:49.595Z</time></trkpt><trkpt lat="47.60864530" lon="19.14686740"><ele>136.55</ele><time>2025-10-20T14:14:49.778Z</time></trkpt><trkpt lat="47.60864530" lon="19.14686740"><ele>136.56</ele><time>2025-10-20T14:14:49.979Z</time></trkpt><trkpt lat="47.60864530" lon="19.14686750"><ele>136.56</ele><time>2025-10-20T14:14:50.179Z</time></trkpt><trkpt lat="47.60864530" lon="19.14686750"><ele>136.56</ele><time>2025-10-20T14:14:50.379Z</time></trkpt><trkpt lat="47.60864530" lon="19.14686750"><ele>136.56</ele><time>2025-10-20T14:14:50.579Z</time></trkpt><trkpt lat="47.60864530" lon="19.14686760"><ele>136.56</ele><time>2025-10-20T14:14:50.781Z</time></trkpt><trkpt lat="47.60864530" lon="19.14686760"><ele>136.56</ele><time>2025-10-20T14:14:51.001Z</time></trkpt><trkpt lat="47.60864530" lon="19.14686760"><ele>136.56</ele><time>2025-10-20T14:14:51.189Z</time></trkpt><trkpt lat="47.60864530" lon="19.14686760"><ele>136.56</ele><time>2025-10-20T14:14:51.376Z</time></trkpt><trkpt lat="47.60864530" lon="19.14686760"><ele>136.56</ele><time>2025-10-20T14:14:51.576Z</time></trkpt><trkpt lat="47.60864530" lon="19.14686760"><ele>136.57</ele><time>2025-10-20T14:14:51.776Z</time></trkpt><trkpt lat="47.60864530" lon="19.14686760"><ele>136.57</ele><time>2025-10-20T14:14:51.976Z</time></trkpt><trkpt lat="47.60864520" lon="19.14686760"><ele>136.57</ele><time>2025-10-20T14:14:52.177Z</time></trkpt><trkpt lat="47.60864520" lon="19.14686750"><ele>136.57</ele><time>2025-10-20T14:14:52.379Z</time></trkpt><trkpt lat="47.60864520" lon="19.14686750"><ele>136.57</ele><time>2025-10-20T14:14:52.580Z</time></trkpt><trkpt lat="47.60864510" lon="19.14686740"><ele>136.57</ele><time>2025-10-20T14:14:52.780Z</time></trkpt><trkpt lat="47.60864520" lon="19.14686740"><ele>136.58</ele><time>2025-10-20T14:14:52.980Z</time></trkpt><trkpt lat="47.60864520" lon="19.14686740"><ele>136.58</ele><time>2025-10-20T14:14:53.180Z</time></trkpt><trkpt lat="47.60864520" lon="19.14686740"><ele>136.58</ele><time>2025-10-20T14:14:53.383Z</time></trkpt><trkpt lat="47.60864520" lon="19.14686740"><ele>136.58</ele><time>2025-10-20T14:14:53.583Z</time></trkpt><trkpt lat="47.60864520" lon="19.14686740"><ele>136.58</ele><time>2025-10-20T14:14:53.784Z</time></trkpt><trkpt lat="47.60864520" lon="19.14686740"><ele>136.58</ele><time>2025-10-20T14:14:53.984Z</time></trkpt><trkpt lat="47.60864520" lon="19.14686740"><ele>136.58</ele><time>2025-10-20T14:14:54.185Z</time></trkpt><trkpt lat="47.60864520" lon="19.14686750"><ele>136.58</ele><time>2025-10-20T14:14:54.387Z</time></trkpt><trkpt lat="47.60864520" lon="19.14686750"><ele>136.58</ele><time>2025-10-20T14:14:54.587Z</time></trkpt><trkpt lat="47.60864520" lon="19.14686750"><ele>136.58</ele><time>2025-10-20T14:14:54.789Z</time></trkpt><trkpt lat="47.60864510" lon="19.14686750"><ele>136.59</ele><time>2025-10-20T14:14:54.990Z</time></trkpt><trkpt lat="47.60864510" lon="19.14686750"><ele>136.59</ele><time>2025-10-20T14:14:55.191Z</time></trkpt><trkpt lat="47.60864510" lon="19.14686740"><ele>136.59</ele><time>2025-10-20T14:14:55.391Z</time></trkpt><trkpt lat="47.60864510" lon="19.14686740"><ele>136.59</ele><time>2025-10-20T14:14:55.592Z</time></trkpt><trkpt lat="47.60864510" lon="19.14686740"><ele>136.59</ele><time>2025-10-20T14:14:55.793Z</time></trkpt><trkpt lat="47.60864520" lon="19.14686740"><ele>136.58</ele><time>2025-10-20T14:14:55.994Z</time></trkpt><trkpt lat="47.60864520" lon="19.14686730"><ele>136.58</ele><time>2025-10-20T14:14:56.197Z</time></trkpt><trkpt lat="47.60864520" lon="19.14686730"><ele>136.58</ele><time>2025-10-20T14:14:56.398Z</time></trkpt><trkpt lat="47.60864520" lon="19.14686730"><ele>136.58</ele><time>2025-10-20T14:14:56.598Z</time></trkpt><trkpt lat="47.60864520" lon="19.14686730"><ele>136.58</ele><time>2025-10-20T14:14:56.799Z</time></trkpt><trkpt lat="47.60864520" lon="19.14686730"><ele>136.57</ele><time>2025-10-20T14:14:56.999Z</time></trkpt><trkpt lat="47.60864520" lon="19.14686730"><ele>136.57</ele><time>2025-10-20T14:14:57.200Z</time></trkpt><trkpt lat="47.60864520" lon="19.14686730"><ele>136.57</ele><time>2025-10-20T14:14:57.402Z</time></trkpt><trkpt lat="47.60864520" lon="19.14686730"><ele>136.57</ele><time>2025-10-20T14:14:57.603Z</time></trkpt><trkpt lat="47.60864520" lon="19.14686730"><ele>136.56</ele><time>2025-10-20T14:14:57.803Z</time></trkpt><trkpt lat="47.60864520" lon="19.14686730"><ele>136.55</ele><time>2025-10-20T14:14:58.003Z</time></trkpt><trkpt lat="47.60864530" lon="19.14686730"><ele>136.55</ele><time>2025-10-20T14:14:58.204Z</time></trkpt><trkpt lat="47.60864530" lon="19.14686720"><ele>136.55</ele><time>2025-10-20T14:14:58.406Z</time></trkpt><trkpt lat="47.60864530" lon="19.14686720"><ele>136.54</ele><time>2025-10-20T14:14:58.607Z</time></trkpt><trkpt lat="47.60864520" lon="19.14686720"><ele>136.54</ele><time>2025-10-20T14:14:58.808Z</time></trkpt><trkpt lat="47.60864520" lon="19.14686720"><ele>136.54</ele><time>2025-10-20T14:14:59.007Z</time></trkpt><trkpt lat="47.60864520" lon="19.14686720"><ele>136.54</ele><time>2025-10-20T14:14:59.209Z</time></trkpt><trkpt lat="47.60864520" lon="19.14686720"><ele>136.53</ele><time>2025-10-20T14:14:59.391Z</time></trkpt><trkpt lat="47.60864520" lon="19.14686720"><ele>136.53</ele><time>2025-10-20T14:14:59.590Z</time></trkpt><trkpt lat="47.60864520" lon="19.14686720"><ele>136.53</ele><time>2025-10-20T14:14:59.791Z</time></trkpt><trkpt lat="47.60864520" lon="19.14686720"><ele>136.53</ele><time>2025-10-20T14:14:59.992Z</time></trkpt><trkpt lat="47.60864520" lon="19.14686720"><ele>136.53</ele><time>2025-10-20T14:15:00.193Z</time></trkpt><trkpt lat="47.60864520" lon="19.14686720"><ele>136.53</ele><time>2025-10-20T14:15:00.414Z</time></trkpt><trkpt lat="47.60864520" lon="19.14686720"><ele>136.52</ele><time>2025-10-20T14:15:00.595Z</time></trkpt><trkpt lat="47.60864520" lon="19.14686720"><ele>136.52</ele><time>2025-10-20T14:15:00.796Z</time></trkpt><trkpt lat="47.60864520" lon="19.14686720"><ele>136.52</ele><time>2025-10-20T14:15:00.996Z</time></trkpt><trkpt lat="47.60864520" lon="19.14686720"><ele>136.52</ele><time>2025-10-20T14:15:01.196Z</time></trkpt><trkpt lat="47.60864520" lon="19.14686720"><ele>136.52</ele><time>2025-10-20T14:15:01.398Z</time></trkpt><trkpt lat="47.60864530" lon="19.14686720"><ele>136.52</ele><time>2025-10-20T14:15:01.599Z</time></trkpt><trkpt lat="47.60864530" lon="19.14686720"><ele>136.53</ele><time>2025-10-20T14:15:01.799Z</time></trkpt><trkpt lat="47.60864530" lon="19.14686720"><ele>136.53</ele><time>2025-10-20T14:15:02.000Z</time></trkpt><trkpt lat="47.60864530" lon="19.14686720"><ele>136.53</ele><time>2025-10-20T14:15:02.199Z</time></trkpt><trkpt lat="47.60864530" lon="19.14686730"><ele>136.53</ele><time>2025-10-20T14:15:02.400Z</time></trkpt><trkpt lat="47.60864530" lon="19.14686730"><ele>136.53</ele><time>2025-10-20T14:15:02.600Z</time></trkpt><trkpt lat="47.60864530" lon="19.14686730"><ele>136.54</ele><time>2025-10-20T14:15:02.801Z</time></trkpt><trkpt lat="47.60864530" lon="19.14686730"><ele>136.54</ele><time>2025-10-20T14:15:03.001Z</time></trkpt><trkpt lat="47.60864530" lon="19.14686740"><ele>136.54</ele><time>2025-10-20T14:15:03.202Z</time></trkpt><trkpt lat="47.60864540" lon="19.14686740"><ele>136.54</ele><time>2025-10-20T14:15:03.405Z</time></trkpt><trkpt lat="47.60864540" lon="19.14686740"><ele>136.55</ele><time>2025-10-20T14:15:03.606Z</time></trkpt><trkpt lat="47.60864540" lon="19.14686740"><ele>136.55</ele><time>2025-10-20T14:15:03.807Z</time></trkpt><trkpt lat="47.60864540" lon="19.14686730"><ele>136.55</ele><time>2025-10-20T14:15:04.007Z</time></trkpt><trkpt lat="47.60864540" lon="19.14686730"><ele>136.56</ele><time>2025-10-20T14:15:04.207Z</time></trkpt><trkpt lat="47.60864540" lon="19.14686740"><ele>136.56</ele><time>2025-10-20T14:15:04.409Z</time></trkpt><trkpt lat="47.60864540" lon="19.14686740"><ele>136.56</ele><time>2025-10-20T14:15:04.609Z</time></trkpt><trkpt lat="47.60864540" lon="19.14686740"><ele>136.56</ele><time>2025-10-20T14:15:04.809Z</time></trkpt><trkpt lat="47.60864540" lon="19.14686750"><ele>136.57</ele><time>2025-10-20T14:15:05.010Z</time></trkpt><trkpt lat="47.60864540" lon="19.14686750"><ele>136.57</ele><time>2025-10-20T14:15:05.214Z</time></trkpt><trkpt lat="47.60864540" lon="19.14686750"><ele>136.57</ele><time>2025-10-20T14:15:05.417Z</time></trkpt><trkpt lat="47.60864540" lon="19.14686750"><ele>136.57</ele><time>2025-10-20T14:15:05.617Z</time></trkpt><trkpt lat="47.60864540" lon="19.14686750"><ele>136.57</ele><time>2025-10-20T14:15:05.819Z</time></trkpt><trkpt lat="47.60864530" lon="19.14686750"><ele>136.57</ele><time>2025-10-20T14:15:06.020Z</time></trkpt><trkpt lat="47.60864530" lon="19.14686760"><ele>136.57</ele><time>2025-10-20T14:15:06.221Z</time></trkpt><trkpt lat="47.60864530" lon="19.14686760"><ele>136.57</ele><time>2025-10-20T14:15:06.421Z</time></trkpt><trkpt lat="47.60864520" lon="19.14686760"><ele>136.57</ele><time>2025-10-20T14:15:06.622Z</time></trkpt><trkpt lat="47.60864520" lon="19.14686760"><ele>136.57</ele><time>2025-10-20T14:15:06.822Z</time></trkpt><trkpt lat="47.60864520" lon="19.14686760"><ele>136.57</ele><time>2025-10-20T14:15:07.023Z</time></trkpt><trkpt lat="47.60864520" lon="19.14686760"><ele>136.57</ele><time>2025-10-20T14:15:07.223Z</time></trkpt><trkpt lat="47.60864510" lon="19.14686760"><ele>136.57</ele><time>2025-10-20T14:15:07.425Z</time></trkpt><trkpt lat="47.60864510" lon="19.14686760"><ele>136.57</ele><time>2025-10-20T14:15:07.625Z</time></trkpt><trkpt lat="47.60864510" lon="19.14686760"><ele>136.57</ele><time>2025-10-20T14:15:07.825Z</time></trkpt><trkpt lat="47.60864510" lon="19.14686760"><ele>136.57</ele><time>2025-10-20T14:15:08.026Z</time></trkpt><trkpt lat="47.60864510" lon="19.14686770"><ele>136.57</ele><time>2025-10-20T14:15:08.226Z</time></trkpt><trkpt lat="47.60864510" lon="19.14686770"><ele>136.57</ele><time>2025-10-20T14:15:08.429Z</time></trkpt><trkpt lat="47.60864510" lon="19.14686770"><ele>136.57</ele><time>2025-10-20T14:15:08.630Z</time></trkpt><trkpt lat="47.60864510" lon="19.14686770"><ele>136.57</ele><time>2025-10-20T14:15:08.830Z</time></trkpt><trkpt lat="47.60864510" lon="19.14686760"><ele>136.58</ele><time>2025-10-20T14:15:09.031Z</time></trkpt><trkpt lat="47.60864510" lon="19.14686760"><ele>136.58</ele><time>2025-10-20T14:15:09.231Z</time></trkpt><trkpt lat="47.60864510" lon="19.14686760"><ele>136.58</ele><time>2025-10-20T14:15:09.434Z</time></trkpt><trkpt lat="47.60864510" lon="19.14686750"><ele>136.57</ele><time>2025-10-20T14:15:09.634Z</time></trkpt><trkpt lat="47.60864510" lon="19.14686750"><ele>136.57</ele><time>2025-10-20T14:15:09.815Z</time></trkpt><trkpt lat="47.60864510" lon="19.14686750"><ele>136.57</ele><time>2025-10-20T14:15:10.016Z</time></trkpt><trkpt lat="47.60864520" lon="19.14686740"><ele>136.57</ele><time>2025-10-20T14:15:10.220Z</time></trkpt><trkpt lat="47.60864520" lon="19.14686740"><ele>136.57</ele><time>2025-10-20T14:15:10.422Z</time></trkpt><trkpt lat="47.60864520" lon="19.14686740"><ele>136.57</ele><time>2025-10-20T14:15:10.622Z</time></trkpt><trkpt lat="47.60864520" lon="19.14686740"><ele>136.57</ele><time>2025-10-20T14:15:10.823Z</time></trkpt><trkpt lat="47.60864530" lon="19.14686740"><ele>136.57</ele><time>2025-10-20T14:15:11.025Z</time></trkpt><trkpt lat="47.60864530" lon="19.14686740"><ele>136.57</ele><time>2025-10-20T14:15:11.230Z</time></trkpt><trkpt lat="47.60864530" lon="19.14686740"><ele>136.57</ele><time>2025-10-20T14:15:11.432Z</time></trkpt><trkpt lat="47.60864530" lon="19.14686750"><ele>136.58</ele><time>2025-10-20T14:15:11.634Z</time></trkpt><trkpt lat="47.60864530" lon="19.14686750"><ele>136.58</ele><time>2025-10-20T14:15:11.834Z</time></trkpt><trkpt lat="47.60864530" lon="19.14686750"><ele>136.58</ele><time>2025-10-20T14:15:12.036Z</time></trkpt><trkpt lat="47.60864530" lon="19.14686750"><ele>136.58</ele><time>2025-10-20T14:15:12.237Z</time></trkpt><trkpt lat="47.60864530" lon="19.14686750"><ele>136.58</ele><time>2025-10-20T14:15:12.438Z</time></trkpt><trkpt lat="47.60864530" lon="19.14686750"><ele>136.58</ele><time>2025-10-20T14:15:12.639Z</time></trkpt><trkpt lat="47.60864520" lon="19.14686750"><ele>136.59</ele><time>2025-10-20T14:15:12.839Z</time></trkpt><trkpt lat="47.60864520" lon="19.14686750"><ele>136.59</ele><time>2025-10-20T14:15:13.041Z</time></trkpt><trkpt lat="47.60864520" lon="19.14686750"><ele>136.60</ele><time>2025-10-20T14:15:13.244Z</time></trkpt><trkpt lat="47.60864510" lon="19.14686750"><ele>136.60</ele><time>2025-10-20T14:15:13.445Z</time></trkpt><trkpt lat="47.60864510" lon="19.14686750"><ele>136.60</ele><time>2025-10-20T14:15:13.646Z</time></trkpt><trkpt lat="47.60864500" lon="19.14686750"><ele>136.60</ele><time>2025-10-20T14:15:13.847Z</time></trkpt><trkpt lat="47.60864500" lon="19.14686750"><ele>136.60</ele><time>2025-10-20T14:15:14.049Z</time></trkpt><trkpt lat="47.60864500" lon="19.14686760"><ele>136.60</ele><time>2025-10-20T14:15:14.249Z</time></trkpt><trkpt lat="47.60864500" lon="19.14686760"><ele>136.60</ele><time>2025-10-20T14:15:14.451Z</time></trkpt><trkpt lat="47.60864500" lon="19.14686760"><ele>136.60</ele><time>2025-10-20T14:15:14.651Z</time></trkpt><trkpt lat="47.60864500" lon="19.14686760"><ele>136.60</ele><time>2025-10-20T14:15:14.854Z</time></trkpt><trkpt lat="47.60864500" lon="19.14686750"><ele>136.59</ele><time>2025-10-20T14:15:15.056Z</time></trkpt><trkpt lat="47.60864500" lon="19.14686750"><ele>136.59</ele><time>2025-10-20T14:15:15.259Z</time></trkpt><trkpt lat="47.60864490" lon="19.14686750"><ele>136.59</ele><time>2025-10-20T14:15:15.462Z</time></trkpt><trkpt lat="47.60864500" lon="19.14686750"><ele>136.59</ele><time>2025-10-20T14:15:15.682Z</time></trkpt><trkpt lat="47.60864500" lon="19.14686750"><ele>136.59</ele><time>2025-10-20T14:15:15.862Z</time></trkpt><trkpt lat="47.60864490" lon="19.14686750"><ele>136.58</ele><time>2025-10-20T14:15:16.064Z</time></trkpt><trkpt lat="47.60864490" lon="19.14686760"><ele>136.58</ele><time>2025-10-20T14:15:16.268Z</time></trkpt><trkpt lat="47.60864490" lon="19.14686760"><ele>136.58</ele><time>2025-10-20T14:15:16.468Z</time></trkpt><trkpt lat="47.60864480" lon="19.14686760"><ele>136.57</ele><time>2025-10-20T14:15:16.668Z</time></trkpt><trkpt lat="47.60864480" lon="19.14686760"><ele>136.57</ele><time>2025-10-20T14:15:16.868Z</time></trkpt><trkpt lat="47.60864480" lon="19.14686770"><ele>136.57</ele><time>2025-10-20T14:15:17.069Z</time></trkpt><trkpt lat="47.60864480" lon="19.14686770"><ele>136.57</ele><time>2025-10-20T14:15:17.270Z</time></trkpt><trkpt lat="47.60864490" lon="19.14686770"><ele>136.57</ele><time>2025-10-20T14:15:17.471Z</time></trkpt><trkpt lat="47.60864490" lon="19.14686770"><ele>136.57</ele><time>2025-10-20T14:15:17.672Z</time></trkpt><trkpt lat="47.60864490" lon="19.14686770"><ele>136.57</ele><time>2025-10-20T14:15:17.872Z</time></trkpt><trkpt lat="47.60864490" lon="19.14686770"><ele>136.57</ele><time>2025-10-20T14:15:18.073Z</time></trkpt><trkpt lat="47.60864490" lon="19.14686780"><ele>136.57</ele><time>2025-10-20T14:15:18.273Z</time></trkpt><trkpt lat="47.60864500" lon="19.14686780"><ele>136.57</ele><time>2025-10-20T14:15:18.473Z</time></trkpt><trkpt lat="47.60864500" lon="19.14686780"><ele>136.57</ele><time>2025-10-20T14:15:18.674Z</time></trkpt><trkpt lat="47.60864500" lon="19.14686780"><ele>136.58</ele><time>2025-10-20T14:15:18.875Z</time></trkpt><trkpt lat="47.60864510" lon="19.14686790"><ele>136.58</ele><time>2025-10-20T14:15:19.077Z</time></trkpt><trkpt lat="47.60864510" lon="19.14686790"><ele>136.58</ele><time>2025-10-20T14:15:19.277Z</time></trkpt><trkpt lat="47.60864510" lon="19.14686790"><ele>136.58</ele><time>2025-10-20T14:15:19.477Z</time></trkpt><trkpt lat="47.60864510" lon="19.14686800"><ele>136.58</ele><time>2025-10-20T14:15:19.677Z</time></trkpt><trkpt lat="47.60864500" lon="19.14686800"><ele>136.58</ele><time>2025-10-20T14:15:19.878Z</time></trkpt><trkpt lat="47.60864500" lon="19.14686800"><ele>136.58</ele><time>2025-10-20T14:15:20.059Z</time></trkpt><trkpt lat="47.60864500" lon="19.14686810"><ele>136.58</ele><time>2025-10-20T14:15:20.261Z</time></trkpt><trkpt lat="47.60864500" lon="19.14686800"><ele>136.58</ele><time>2025-10-20T14:15:20.461Z</time></trkpt><trkpt lat="47.60864500" lon="19.14686800"><ele>136.58</ele><time>2025-10-20T14:15:20.663Z</time></trkpt><trkpt lat="47.60864500" lon="19.14686800"><ele>136.58</ele><time>2025-10-20T14:15:20.863Z</time></trkpt><trkpt lat="47.60864500" lon="19.14686800"><ele>136.58</ele><time>2025-10-20T14:15:21.083Z</time></trkpt><trkpt lat="47.60864500" lon="19.14686800"><ele>136.58</ele><time>2025-10-20T14:15:21.266Z</time></trkpt><trkpt lat="47.60864500" lon="19.14686800"><ele>136.58</ele><time>2025-10-20T14:15:21.487Z</time></trkpt><trkpt lat="47.60864500" lon="19.14686790"><ele>136.58</ele><time>2025-10-20T14:15:21.687Z</time></trkpt><trkpt lat="47.60864500" lon="19.14686790"><ele>136.58</ele><time>2025-10-20T14:15:21.867Z</time></trkpt><trkpt lat="47.60864490" lon="19.14686790"><ele>136.58</ele><time>2025-10-20T14:15:22.088Z</time></trkpt><trkpt lat="47.60864490" lon="19.14686790"><ele>136.59</ele><time>2025-10-20T14:15:22.272Z</time></trkpt><trkpt lat="47.60864490" lon="19.14686790"><ele>136.59</ele><time>2025-10-20T14:15:22.471Z</time></trkpt><trkpt lat="47.60864490" lon="19.14686790"><ele>136.59</ele><time>2025-10-20T14:15:22.671Z</time></trkpt><trkpt lat="47.60864480" lon="19.14686790"><ele>136.59</ele><time>2025-10-20T14:15:22.874Z</time></trkpt><trkpt lat="47.60864480" lon="19.14686780"><ele>136.59</ele><time>2025-10-20T14:15:23.074Z</time></trkpt><trkpt lat="47.60864480" lon="19.14686780"><ele>136.59</ele><time>2025-10-20T14:15:23.296Z</time></trkpt><trkpt lat="47.60864480" lon="19.14686780"><ele>136.59</ele><time>2025-10-20T14:15:23.476Z</time></trkpt><trkpt lat="47.60864470" lon="19.14686790"><ele>136.59</ele><time>2025-10-20T14:15:23.697Z</time></trkpt><trkpt lat="47.60864470" lon="19.14686790"><ele>136.59</ele><time>2025-10-20T14:15:23.877Z</time></trkpt><trkpt lat="47.60864470" lon="19.14686780"><ele>136.59</ele><time>2025-10-20T14:15:24.078Z</time></trkpt><trkpt lat="47.60864470" lon="19.14686780"><ele>136.59</ele><time>2025-10-20T14:15:24.281Z</time></trkpt><trkpt lat="47.60864460" lon="19.14686780"><ele>136.58</ele><time>2025-10-20T14:15:24.482Z</time></trkpt><trkpt lat="47.60864460" lon="19.14686780"><ele>136.58</ele><time>2025-10-20T14:15:24.683Z</time></trkpt><trkpt lat="47.60864460" lon="19.14686790"><ele>136.58</ele><time>2025-10-20T14:15:24.884Z</time></trkpt><trkpt lat="47.60864460" lon="19.14686790"><ele>136.59</ele><time>2025-10-20T14:15:25.086Z</time></trkpt><trkpt lat="47.60864460" lon="19.14686790"><ele>136.59</ele><time>2025-10-20T14:15:25.289Z</time></trkpt><trkpt lat="47.60864460" lon="19.14686790"><ele>136.59</ele><time>2025-10-20T14:15:25.491Z</time></trkpt><trkpt lat="47.60864450" lon="19.14686790"><ele>136.59</ele><time>2025-10-20T14:15:25.691Z</time></trkpt><trkpt lat="47.60864450" lon="19.14686790"><ele>136.59</ele><time>2025-10-20T14:15:25.891Z</time></trkpt><trkpt lat="47.60864440" lon="19.14686780"><ele>136.59</ele><time>2025-10-20T14:15:26.092Z</time></trkpt><trkpt lat="47.60864440" lon="19.14686780"><ele>136.58</ele><time>2025-10-20T14:15:26.294Z</time></trkpt><trkpt lat="47.60864440" lon="19.14686780"><ele>136.58</ele><time>2025-10-20T14:15:26.493Z</time></trkpt><trkpt lat="47.60864430" lon="19.14686790"><ele>136.59</ele><time>2025-10-20T14:15:26.693Z</time></trkpt><trkpt lat="47.60864430" lon="19.14686790"><ele>136.59</ele><time>2025-10-20T14:15:26.896Z</time></trkpt><trkpt lat="47.60864430" lon="19.14686800"><ele>136.59</ele><time>2025-10-20T14:15:27.096Z</time></trkpt><trkpt lat="47.60864440" lon="19.14686800"><ele>136.59</ele><time>2025-10-20T14:15:27.298Z</time></trkpt><trkpt lat="47.60864440" lon="19.14686800"><ele>136.59</ele><time>2025-10-20T14:15:27.499Z</time></trkpt><trkpt lat="47.60864440" lon="19.14686800"><ele>136.58</ele><time>2025-10-20T14:15:27.679Z</time></trkpt><trkpt lat="47.60864440" lon="19.14686810"><ele>136.59</ele><time>2025-10-20T14:15:27.880Z</time></trkpt><trkpt lat="47.60864440" lon="19.14686810"><ele>136.59</ele><time>2025-10-20T14:15:28.080Z</time></trkpt><trkpt lat="47.60864440" lon="19.14686810"><ele>136.59</ele><time>2025-10-20T14:15:28.301Z</time></trkpt><trkpt lat="47.60864440" lon="19.14686810"><ele>136.59</ele><time>2025-10-20T14:15:28.481Z</time></trkpt><trkpt lat="47.60864440" lon="19.14686820"><ele>136.59</ele><time>2025-10-20T14:15:28.681Z</time></trkpt><trkpt lat="47.60864440" lon="19.14686820"><ele>136.59</ele><time>2025-10-20T14:15:28.901Z</time></trkpt><trkpt lat="47.60864440" lon="19.14686830"><ele>136.59</ele><time>2025-10-20T14:15:29.081Z</time></trkpt><trkpt lat="47.60864440" lon="19.14686830"><ele>136.59</ele><time>2025-10-20T14:15:29.282Z</time></trkpt><trkpt lat="47.60864440" lon="19.14686830"><ele>136.59</ele><time>2025-10-20T14:15:29.481Z</time></trkpt><trkpt lat="47.60864440" lon="19.14686830"><ele>136.60</ele><time>2025-10-20T14:15:29.681Z</time></trkpt><trkpt lat="47.60864440" lon="19.14686830"><ele>136.60</ele><time>2025-10-20T14:15:29.881Z</time></trkpt><trkpt lat="47.60864450" lon="19.14686830"><ele>136.60</ele><time>2025-10-20T14:15:30.081Z</time></trkpt><trkpt lat="47.60864450" lon="19.14686820"><ele>136.60</ele><time>2025-10-20T14:15:30.282Z</time></trkpt><trkpt lat="47.60864450" lon="19.14686820"><ele>136.60</ele><time>2025-10-20T14:15:30.485Z</time></trkpt><trkpt lat="47.60864450" lon="19.14686830"><ele>136.61</ele><time>2025-10-20T14:15:30.705Z</time></trkpt><trkpt lat="47.60864450" lon="19.14686830"><ele>136.61</ele><time>2025-10-20T14:15:30.886Z</time></trkpt><trkpt lat="47.60864460" lon="19.14686830"><ele>136.61</ele><time>2025-10-20T14:15:31.086Z</time></trkpt><trkpt lat="47.60864460" lon="19.14686820"><ele>136.61</ele><time>2025-10-20T14:15:31.307Z</time></trkpt><trkpt lat="47.60864460" lon="19.14686820"><ele>136.61</ele><time>2025-10-20T14:15:31.507Z</time></trkpt><trkpt lat="47.60864470" lon="19.14686820"><ele>136.61</ele><time>2025-10-20T14:15:31.688Z</time></trkpt><trkpt lat="47.60864470" lon="19.14686820"><ele>136.61</ele><time>2025-10-20T14:15:31.889Z</time></trkpt><trkpt lat="47.60864470" lon="19.14686820"><ele>136.61</ele><time>2025-10-20T14:15:32.090Z</time></trkpt><trkpt lat="47.60864480" lon="19.14686820"><ele>136.61</ele><time>2025-10-20T14:15:32.291Z</time></trkpt><trkpt lat="47.60864480" lon="19.14686820"><ele>136.61</ele><time>2025-10-20T14:15:32.492Z</time></trkpt><trkpt lat="47.60864480" lon="19.14686820"><ele>136.62</ele><time>2025-10-20T14:15:32.693Z</time></trkpt><trkpt lat="47.60864490" lon="19.14686810"><ele>136.62</ele><time>2025-10-20T14:15:32.894Z</time></trkpt><trkpt lat="47.60864490" lon="19.14686810"><ele>136.62</ele><time>2025-10-20T14:15:33.094Z</time></trkpt><trkpt lat="47.60864480" lon="19.14686810"><ele>136.62</ele><time>2025-10-20T14:15:33.296Z</time></trkpt><trkpt lat="47.60864490" lon="19.14686810"><ele>136.62</ele><time>2025-10-20T14:15:33.496Z</time></trkpt><trkpt lat="47.60864490" lon="19.14686810"><ele>136.62</ele><time>2025-10-20T14:15:33.697Z</time></trkpt><trkpt lat="47.60864490" lon="19.14686810"><ele>136.62</ele><time>2025-10-20T14:15:33.897Z</time></trkpt><trkpt lat="47.60864490" lon="19.14686800"><ele>136.62</ele><time>2025-10-20T14:15:34.098Z</time></trkpt><trkpt lat="47.60864490" lon="19.14686800"><ele>136.63</ele><time>2025-10-20T14:15:34.299Z</time></trkpt><trkpt lat="47.60864490" lon="19.14686800"><ele>136.63</ele><time>2025-10-20T14:15:34.500Z</time></trkpt><trkpt lat="47.60864500" lon="19.14686800"><ele>136.63</ele><time>2025-10-20T14:15:34.699Z</time></trkpt><trkpt lat="47.60864500" lon="19.14686790"><ele>136.63</ele><time>2025-10-20T14:15:34.899Z</time></trkpt><trkpt lat="47.60864500" lon="19.14686790"><ele>136.63</ele><time>2025-10-20T14:15:35.100Z</time></trkpt><trkpt lat="47.60864500" lon="19.14686790"><ele>136.63</ele><time>2025-10-20T14:15:35.100Z</time></trkpt><trkpt lat="47.60864500" lon="19.14686790"><ele>136.62</ele><time>2025-10-20T14:15:35.302Z</time></trkpt><trkpt lat="47.60864500" lon="19.14686780"><ele>136.62</ele><time>2025-10-20T14:15:35.503Z</time></trkpt><trkpt lat="47.60864500" lon="19.14686780"><ele>136.62</ele><time>2025-10-20T14:15:35.702Z</time></trkpt><trkpt lat="47.60864500" lon="19.14686770"><ele>136.62</ele><time>2025-10-20T14:15:35.903Z</time></trkpt><trkpt lat="47.60864500" lon="19.14686770"><ele>136.61</ele><time>2025-10-20T14:15:36.103Z</time></trkpt><trkpt lat="47.60864500" lon="19.14686770"><ele>136.61</ele><time>2025-10-20T14:15:36.303Z</time></trkpt><trkpt lat="47.60864490" lon="19.14686770"><ele>136.60</ele><time>2025-10-20T14:15:36.506Z</time></trkpt><trkpt lat="47.60864490" lon="19.14686770"><ele>136.60</ele><time>2025-10-20T14:15:36.706Z</time></trkpt><trkpt lat="47.60864490" lon="19.14686780"><ele>136.60</ele><time>2025-10-20T14:15:36.907Z</time></trkpt><trkpt lat="47.60864490" lon="19.14686780"><ele>136.60</ele><time>2025-10-20T14:15:37.107Z</time></trkpt><trkpt lat="47.60864490" lon="19.14686780"><ele>136.60</ele><time>2025-10-20T14:15:37.314Z</time></trkpt><trkpt lat="47.60864490" lon="19.14686790"><ele>136.60</ele><time>2025-10-20T14:15:37.513Z</time></trkpt><trkpt lat="47.60864490" lon="19.14686790"><ele>136.60</ele><time>2025-10-20T14:15:37.714Z</time></trkpt><trkpt lat="47.60864490" lon="19.14686800"><ele>136.60</ele><time>2025-10-20T14:15:37.914Z</time></trkpt><trkpt lat="47.60864490" lon="19.14686790"><ele>136.61</ele><time>2025-10-20T14:15:38.097Z</time></trkpt><trkpt lat="47.60864490" lon="19.14686790"><ele>136.61</ele><time>2025-10-20T14:15:38.298Z</time></trkpt><trkpt lat="47.60864490" lon="19.14686790"><ele>136.61</ele><time>2025-10-20T14:15:38.500Z</time></trkpt><trkpt lat="47.60864490" lon="19.14686790"><ele>136.60</ele><time>2025-10-20T14:15:38.701Z</time></trkpt><trkpt lat="47.60864490" lon="19.14686790"><ele>136.60</ele><time>2025-10-20T14:15:38.903Z</time></trkpt><trkpt lat="47.60864490" lon="19.14686790"><ele>136.60</ele><time>2025-10-20T14:15:39.104Z</time></trkpt><trkpt lat="47.60864490" lon="19.14686790"><ele>136.60</ele><time>2025-10-20T14:15:39.308Z</time></trkpt><trkpt lat="47.60864480" lon="19.14686800"><ele>136.60</ele><time>2025-10-20T14:15:39.510Z</time></trkpt><trkpt lat="47.60864480" lon="19.14686800"><ele>136.60</ele><time>2025-10-20T14:15:39.713Z</time></trkpt><trkpt lat="47.60864480" lon="19.14686800"><ele>136.60</ele><time>2025-10-20T14:15:39.899Z</time></trkpt><trkpt lat="47.60864480" lon="19.14686790"><ele>136.60</ele><time>2025-10-20T14:15:40.101Z</time></trkpt><trkpt lat="47.60864480" lon="19.14686790"><ele>136.60</ele><time>2025-10-20T14:15:40.302Z</time></trkpt><trkpt lat="47.60864480" lon="19.14686790"><ele>136.60</ele><time>2025-10-20T14:15:40.502Z</time></trkpt><trkpt lat="47.60864490" lon="19.14686780"><ele>136.60</ele><time>2025-10-20T14:15:40.703Z</time></trkpt><trkpt lat="47.60864490" lon="19.14686780"><ele>136.60</ele><time>2025-10-20T14:15:40.903Z</time></trkpt><trkpt lat="47.60864490" lon="19.14686780"><ele>136.60</ele><time>2025-10-20T14:15:41.104Z</time></trkpt><trkpt lat="47.60864490" lon="19.14686770"><ele>136.60</ele><time>2025-10-20T14:15:41.305Z</time></trkpt><trkpt lat="47.60864490" lon="19.14686770"><ele>136.60</ele><time>2025-10-20T14:15:41.506Z</time></trkpt><trkpt lat="47.60864490" lon="19.14686770"><ele>136.60</ele><time>2025-10-20T14:15:41.707Z</time></trkpt><trkpt lat="47.60864490" lon="19.14686770"><ele>136.60</ele><time>2025-10-20T14:15:41.907Z</time></trkpt><trkpt lat="47.60864490" lon="19.14686770"><ele>136.60</ele><time>2025-10-20T14:15:42.108Z</time></trkpt><trkpt lat="47.60864490" lon="19.14686770"><ele>136.59</ele><time>2025-10-20T14:15:42.311Z</time></trkpt><trkpt lat="47.60864490" lon="19.14686770"><ele>136.59</ele><time>2025-10-20T14:15:42.511Z</time></trkpt><trkpt lat="47.60864490" lon="19.14686770"><ele>136.60</ele><time>2025-10-20T14:15:42.712Z</time></trkpt><trkpt lat="47.60864490" lon="19.14686770"><ele>136.60</ele><time>2025-10-20T14:15:42.912Z</time></trkpt><trkpt lat="47.60864480" lon="19.14686770"><ele>136.61</ele><time>2025-10-20T14:15:43.112Z</time></trkpt><trkpt lat="47.60864480" lon="19.14686770"><ele>136.61</ele><time>2025-10-20T14:15:43.314Z</time></trkpt><trkpt lat="47.60864480" lon="19.14686770"><ele>136.62</ele><time>2025-10-20T14:15:43.514Z</time></trkpt><trkpt lat="47.60864480" lon="19.14686770"><ele>136.62</ele><time>2025-10-20T14:15:43.714Z</time></trkpt><trkpt lat="47.60864480" lon="19.14686780"><ele>136.63</ele><time>2025-10-20T14:15:43.914Z</time></trkpt><trkpt lat="47.60864480" lon="19.14686780"><ele>136.63</ele><time>2025-10-20T14:15:44.113Z</time></trkpt><trkpt lat="47.60864480" lon="19.14686780"><ele>136.63</ele><time>2025-10-20T14:15:44.317Z</time></trkpt><trkpt lat="47.60864470" lon="19.14686790"><ele>136.63</ele><time>2025-10-20T14:15:44.499Z</time></trkpt><trkpt lat="47.60864470" lon="19.14686790"><ele>136.63</ele><time>2025-10-20T14:15:44.699Z</time></trkpt><trkpt lat="47.60864470" lon="19.14686800"><ele>136.63</ele><time>2025-10-20T14:15:44.919Z</time></trkpt><trkpt lat="47.60864470" lon="19.14686800"><ele>136.63</ele><time>2025-10-20T14:15:45.101Z</time></trkpt><trkpt lat="47.60864480" lon="19.14686800"><ele>136.63</ele><time>2025-10-20T14:15:45.303Z</time></trkpt><trkpt lat="47.60864480" lon="19.14686800"><ele>136.63</ele><time>2025-10-20T14:15:45.504Z</time></trkpt><trkpt lat="47.60864480" lon="19.14686800"><ele>136.63</ele><time>2025-10-20T14:15:45.704Z</time></trkpt><trkpt lat="47.60864480" lon="19.14686790"><ele>136.63</ele><time>2025-10-20T14:15:45.905Z</time></trkpt><trkpt lat="47.60864480" lon="19.14686790"><ele>136.63</ele><time>2025-10-20T14:15:46.106Z</time></trkpt><trkpt lat="47.60864480" lon="19.14686790"><ele>136.63</ele><time>2025-10-20T14:15:46.311Z</time></trkpt><trkpt lat="47.60864480" lon="19.14686790"><ele>136.63</ele><time>2025-10-20T14:15:46.514Z</time></trkpt><trkpt lat="47.60864480" lon="19.14686790"><ele>136.63</ele><time>2025-10-20T14:15:46.715Z</time></trkpt><trkpt lat="47.60864480" lon="19.14686790"><ele>136.63</ele><time>2025-10-20T14:15:46.917Z</time></trkpt><trkpt lat="47.60864480" lon="19.14686790"><ele>136.63</ele><time>2025-10-20T14:15:47.119Z</time></trkpt><trkpt lat="47.60864470" lon="19.14686790"><ele>136.62</ele><time>2025-10-20T14:15:47.321Z</time></trkpt><trkpt lat="47.60864470" lon="19.14686790"><ele>136.62</ele><time>2025-10-20T14:15:47.503Z</time></trkpt><trkpt lat="47.60864480" lon="19.14686790"><ele>136.62</ele><time>2025-10-20T14:15:47.704Z</time></trkpt><trkpt lat="47.60864480" lon="19.14686790"><ele>136.62</ele><time>2025-10-20T14:15:47.906Z</time></trkpt><trkpt lat="47.60864470" lon="19.14686790"><ele>136.62</ele><time>2025-10-20T14:15:48.106Z</time></trkpt><trkpt lat="47.60864470" lon="19.14686790"><ele>136.62</ele><time>2025-10-20T14:15:48.308Z</time></trkpt><trkpt lat="47.60864470" lon="19.14686790"><ele>136.62</ele><time>2025-10-20T14:15:48.511Z</time></trkpt><trkpt lat="47.60864470" lon="19.14686790"><ele>136.62</ele><time>2025-10-20T14:15:48.712Z</time></trkpt><trkpt lat="47.60864470" lon="19.14686790"><ele>136.61</ele><time>2025-10-20T14:15:48.913Z</time></trkpt><trkpt lat="47.60864470" lon="19.14686790"><ele>136.61</ele><time>2025-10-20T14:15:49.115Z</time></trkpt><trkpt lat="47.60864470" lon="19.14686790"><ele>136.61</ele><time>2025-10-20T14:15:49.318Z</time></trkpt><trkpt lat="47.60864470" lon="19.14686790"><ele>136.61</ele><time>2025-10-20T14:15:49.518Z</time></trkpt><trkpt lat="47.60864470" lon="19.14686790"><ele>136.61</ele><time>2025-10-20T14:15:49.719Z</time></trkpt><trkpt lat="47.60864470" lon="19.14686790"><ele>136.61</ele><time>2025-10-20T14:15:49.919Z</time></trkpt><trkpt lat="47.60864470" lon="19.14686790"><ele>136.61</ele><time>2025-10-20T14:15:50.120Z</time></trkpt><trkpt lat="47.60864470" lon="19.14686790"><ele>136.61</ele><time>2025-10-20T14:15:50.321Z</time></trkpt><trkpt lat="47.60864470" lon="19.14686790"><ele>136.60</ele><time>2025-10-20T14:15:50.522Z</time></trkpt><trkpt lat="47.60864470" lon="19.14686790"><ele>136.60</ele><time>2025-10-20T14:15:50.722Z</time></trkpt><trkpt lat="47.60864470" lon="19.14686790"><ele>136.60</ele><time>2025-10-20T14:15:50.922Z</time></trkpt><trkpt lat="47.60864470" lon="19.14686800"><ele>136.60</ele><time>2025-10-20T14:15:51.122Z</time></trkpt><trkpt lat="47.60864470" lon="19.14686800"><ele>136.60</ele><time>2025-10-20T14:15:51.324Z</time></trkpt><trkpt lat="47.60864470" lon="19.14686810"><ele>136.60</ele><time>2025-10-20T14:15:51.525Z</time></trkpt><trkpt lat="47.60864470" lon="19.14686810"><ele>136.60</ele><time>2025-10-20T14:15:51.725Z</time></trkpt><trkpt lat="47.60864470" lon="19.14686810"><ele>136.60</ele><time>2025-10-20T14:15:51.925Z</time></trkpt><trkpt lat="47.60864470" lon="19.14686810"><ele>136.60</ele><time>2025-10-20T14:15:52.126Z</time></trkpt><trkpt lat="47.60864470" lon="19.14686810"><ele>136.60</ele><time>2025-10-20T14:15:52.349Z</time></trkpt><trkpt lat="47.60864470" lon="19.14686810"><ele>136.60</ele><time>2025-10-20T14:15:52.529Z</time></trkpt><trkpt lat="47.60864480" lon="19.14686810"><ele>136.60</ele><time>2025-10-20T14:15:52.728Z</time></trkpt><trkpt lat="47.60864470" lon="19.14686810"><ele>136.60</ele><time>2025-10-20T14:15:52.949Z</time></trkpt><trkpt lat="47.60864470" lon="19.14686810"><ele>136.60</ele><time>2025-10-20T14:15:53.130Z</time></trkpt><trkpt lat="47.60864470" lon="19.14686820"><ele>136.60</ele><time>2025-10-20T14:15:53.332Z</time></trkpt><trkpt lat="47.60864470" lon="19.14686820"><ele>136.60</ele><time>2025-10-20T14:15:53.531Z</time></trkpt><trkpt lat="47.60864480" lon="19.14686820"><ele>136.60</ele><time>2025-10-20T14:15:53.732Z</time></trkpt><trkpt lat="47.60864480" lon="19.14686820"><ele>136.61</ele><time>2025-10-20T14:15:53.932Z</time></trkpt><trkpt lat="47.60864480" lon="19.14686820"><ele>136.61</ele><time>2025-10-20T14:15:54.134Z</time></trkpt><trkpt lat="47.60864490" lon="19.14686810"><ele>136.61</ele><time>2025-10-20T14:15:54.338Z</time></trkpt><trkpt lat="47.60864490" lon="19.14686810"><ele>136.61</ele><time>2025-10-20T14:15:54.538Z</time></trkpt><trkpt lat="47.60864490" lon="19.14686810"><ele>136.61</ele><time>2025-10-20T14:15:54.739Z</time></trkpt><trkpt lat="47.60864490" lon="19.14686820"><ele>136.61</ele><time>2025-10-20T14:15:54.940Z</time></trkpt><trkpt lat="47.60864490" lon="19.14686820"><ele>136.61</ele><time>2025-10-20T14:15:55.143Z</time></trkpt><trkpt lat="47.60864480" lon="19.14686820"><ele>136.62</ele><time>2025-10-20T14:15:55.332Z</time></trkpt><trkpt lat="47.60864480" lon="19.14686820"><ele>136.62</ele><time>2025-10-20T14:15:55.534Z</time></trkpt><trkpt lat="47.60864470" lon="19.14686820"><ele>136.62</ele><time>2025-10-20T14:15:55.734Z</time></trkpt><trkpt lat="47.60864470" lon="19.14686820"><ele>136.63</ele><time>2025-10-20T14:15:55.934Z</time></trkpt><trkpt lat="47.60864470" lon="19.14686820"><ele>136.63</ele><time>2025-10-20T14:15:56.134Z</time></trkpt><trkpt lat="47.60864470" lon="19.14686820"><ele>136.63</ele><time>2025-10-20T14:15:56.335Z</time></trkpt><trkpt lat="47.60864470" lon="19.14686820"><ele>136.63</ele><time>2025-10-20T14:15:56.535Z</time></trkpt><trkpt lat="47.60864470" lon="19.14686820"><ele>136.63</ele><time>2025-10-20T14:15:56.735Z</time></trkpt><trkpt lat="47.60864470" lon="19.14686810"><ele>136.63</ele><time>2025-10-20T14:15:56.937Z</time></trkpt><trkpt lat="47.60864470" lon="19.14686800"><ele>136.63</ele><time>2025-10-20T14:15:57.137Z</time></trkpt><trkpt lat="47.60864470" lon="19.14686800"><ele>136.63</ele><time>2025-10-20T14:15:57.339Z</time></trkpt><trkpt lat="47.60864470" lon="19.14686790"><ele>136.62</ele><time>2025-10-20T14:15:57.539Z</time></trkpt><trkpt lat="47.60864480" lon="19.14686790"><ele>136.62</ele><time>2025-10-20T14:15:57.741Z</time></trkpt><trkpt lat="47.60864480" lon="19.14686790"><ele>136.62</ele><time>2025-10-20T14:15:57.941Z</time></trkpt><trkpt lat="47.60864480" lon="19.14686790"><ele>136.62</ele><time>2025-10-20T14:15:58.142Z</time></trkpt><trkpt lat="47.60864480" lon="19.14686780"><ele>136.61</ele><time>2025-10-20T14:15:58.344Z</time></trkpt><trkpt lat="47.60864480" lon="19.14686780"><ele>136.60</ele><time>2025-10-20T14:15:58.545Z</time></trkpt><trkpt lat="47.60864470" lon="19.14686780"><ele>136.60</ele><time>2025-10-20T14:15:58.746Z</time></trkpt><trkpt lat="47.60864470" lon="19.14686780"><ele>136.60</ele><time>2025-10-20T14:15:58.946Z</time></trkpt><trkpt lat="47.60864470" lon="19.14686780"><ele>136.60</ele><time>2025-10-20T14:15:59.146Z</time></trkpt><trkpt lat="47.60864460" lon="19.14686780"><ele>136.60</ele><time>2025-10-20T14:15:59.349Z</time></trkpt><trkpt lat="47.60864460" lon="19.14686770"><ele>136.60</ele><time>2025-10-20T14:15:59.549Z</time></trkpt><trkpt lat="47.60864460" lon="19.14686770"><ele>136.60</ele><time>2025-10-20T14:15:59.749Z</time></trkpt><trkpt lat="47.60864460" lon="19.14686770"><ele>136.60</ele><time>2025-10-20T14:15:59.950Z</time></trkpt><trkpt lat="47.60864450" lon="19.14686760"><ele>136.60</ele><time>2025-10-20T14:16:00.151Z</time></trkpt><trkpt lat="47.60864450" lon="19.14686760"><ele>136.60</ele><time>2025-10-20T14:16:00.353Z</time></trkpt><trkpt lat="47.60864450" lon="19.14686760"><ele>136.61</ele><time>2025-10-20T14:16:00.554Z</time></trkpt><trkpt lat="47.60864450" lon="19.14686760"><ele>136.61</ele><time>2025-10-20T14:16:00.756Z</time></trkpt><trkpt lat="47.60864440" lon="19.14686750"><ele>136.62</ele><time>2025-10-20T14:16:00.956Z</time></trkpt><trkpt lat="47.60864440" lon="19.14686740"><ele>136.62</ele><time>2025-10-20T14:16:01.157Z</time></trkpt><trkpt lat="47.60864430" lon="19.14686740"><ele>136.63</ele><time>2025-10-20T14:16:01.358Z</time></trkpt><trkpt lat="47.60864420" lon="19.14686730"><ele>136.64</ele><time>2025-10-20T14:16:01.557Z</time></trkpt><trkpt lat="47.60864420" lon="19.14686730"><ele>136.65</ele><time>2025-10-20T14:16:01.758Z</time></trkpt><trkpt lat="47.60864420" lon="19.14686720"><ele>136.66</ele><time>2025-10-20T14:16:01.958Z</time></trkpt><trkpt lat="47.60864420" lon="19.14686720"><ele>136.67</ele><time>2025-10-20T14:16:02.158Z</time></trkpt><trkpt lat="47.60864420" lon="19.14686720"><ele>136.68</ele><time>2025-10-20T14:16:02.340Z</time></trkpt><trkpt lat="47.60864420" lon="19.14686730"><ele>136.69</ele><time>2025-10-20T14:16:02.541Z</time></trkpt><trkpt lat="47.60864420" lon="19.14686720"><ele>136.70</ele><time>2025-10-20T14:16:02.743Z</time></trkpt><trkpt lat="47.60864420" lon="19.14686720"><ele>136.70</ele><time>2025-10-20T14:16:02.945Z</time></trkpt><trkpt lat="47.60864410" lon="19.14686710"><ele>136.71</ele><time>2025-10-20T14:16:03.146Z</time></trkpt><trkpt lat="47.60864410" lon="19.14686710"><ele>136.71</ele><time>2025-10-20T14:16:03.348Z</time></trkpt><trkpt lat="47.60864410" lon="19.14686700"><ele>136.71</ele><time>2025-10-20T14:16:03.548Z</time></trkpt><trkpt lat="47.60864410" lon="19.14686700"><ele>136.72</ele><time>2025-10-20T14:16:03.749Z</time></trkpt><trkpt lat="47.60864410" lon="19.14686690"><ele>136.72</ele><time>2025-10-20T14:16:03.950Z</time></trkpt><trkpt lat="47.60864410" lon="19.14686690"><ele>136.73</ele><time>2025-10-20T14:16:04.150Z</time></trkpt><trkpt lat="47.60864410" lon="19.14686690"><ele>136.74</ele><time>2025-10-20T14:16:04.355Z</time></trkpt><trkpt lat="47.60864410" lon="19.14686690"><ele>136.74</ele><time>2025-10-20T14:16:04.556Z</time></trkpt><trkpt lat="47.60864410" lon="19.14686690"><ele>136.75</ele><time>2025-10-20T14:16:04.757Z</time></trkpt><trkpt lat="47.60864410" lon="19.14686690"><ele>136.75</ele><time>2025-10-20T14:16:04.957Z</time></trkpt><trkpt lat="47.60864400" lon="19.14686700"><ele>136.75</ele><time>2025-10-20T14:16:05.157Z</time></trkpt><trkpt lat="47.60864400" lon="19.14686700"><ele>136.75</ele><time>2025-10-20T14:16:05.363Z</time></trkpt><trkpt lat="47.60864400" lon="19.14686690"><ele>136.75</ele><time>2025-10-20T14:16:05.542Z</time></trkpt><trkpt lat="47.60864400" lon="19.14686690"><ele>136.75</ele><time>2025-10-20T14:16:05.762Z</time></trkpt><trkpt lat="47.60864400" lon="19.14686690"><ele>136.75</ele><time>2025-10-20T14:16:05.943Z</time></trkpt><trkpt lat="47.60864390" lon="19.14686690"><ele>136.75</ele><time>2025-10-20T14:16:06.145Z</time></trkpt><trkpt lat="47.60864390" lon="19.14686690"><ele>136.75</ele><time>2025-10-20T14:16:06.348Z</time></trkpt><trkpt lat="47.60864390" lon="19.14686690"><ele>136.76</ele><time>2025-10-20T14:16:06.548Z</time></trkpt><trkpt lat="47.60864390" lon="19.14686690"><ele>136.76</ele><time>2025-10-20T14:16:06.748Z</time></trkpt><trkpt lat="47.60864390" lon="19.14686700"><ele>136.76</ele><time>2025-10-20T14:16:06.948Z</time></trkpt><trkpt lat="47.60864390" lon="19.14686700"><ele>136.76</ele><time>2025-10-20T14:16:07.149Z</time></trkpt><trkpt lat="47.60864390" lon="19.14686700"><ele>136.76</ele><time>2025-10-20T14:16:07.350Z</time></trkpt><trkpt lat="47.60864390" lon="19.14686710"><ele>136.75</ele><time>2025-10-20T14:16:07.549Z</time></trkpt><trkpt lat="47.60864390" lon="19.14686710"><ele>136.75</ele><time>2025-10-20T14:16:07.751Z</time></trkpt><trkpt lat="47.60864390" lon="19.14686710"><ele>136.75</ele><time>2025-10-20T14:16:07.950Z</time></trkpt><trkpt lat="47.60864390" lon="19.14686710"><ele>136.75</ele><time>2025-10-20T14:16:08.152Z</time></trkpt><trkpt lat="47.60864380" lon="19.14686710"><ele>136.75</ele><time>2025-10-20T14:16:08.352Z</time></trkpt><trkpt lat="47.60864390" lon="19.14686710"><ele>136.74</ele><time>2025-10-20T14:16:08.552Z</time></trkpt><trkpt lat="47.60864390" lon="19.14686710"><ele>136.74</ele><time>2025-10-20T14:16:08.752Z</time></trkpt><trkpt lat="47.60864390" lon="19.14686720"><ele>136.74</ele><time>2025-10-20T14:16:08.952Z</time></trkpt><trkpt lat="47.60864390" lon="19.14686720"><ele>136.74</ele><time>2025-10-20T14:16:09.153Z</time></trkpt><trkpt lat="47.60864390" lon="19.14686720"><ele>136.73</ele><time>2025-10-20T14:16:09.354Z</time></trkpt><trkpt lat="47.60864390" lon="19.14686720"><ele>136.73</ele><time>2025-10-20T14:16:09.553Z</time></trkpt><trkpt lat="47.60864390" lon="19.14686720"><ele>136.72</ele><time>2025-10-20T14:16:09.753Z</time></trkpt><trkpt lat="47.60864400" lon="19.14686730"><ele>136.72</ele><time>2025-10-20T14:16:09.953Z</time></trkpt><trkpt lat="47.60864400" lon="19.14686740"><ele>136.71</ele><time>2025-10-20T14:16:10.153Z</time></trkpt><trkpt lat="47.60864410" lon="19.14686750"><ele>136.70</ele><time>2025-10-20T14:16:10.358Z</time></trkpt><trkpt lat="47.60864420" lon="19.14686760"><ele>136.69</ele><time>2025-10-20T14:16:10.557Z</time></trkpt><trkpt lat="47.60864430" lon="19.14686770"><ele>136.68</ele><time>2025-10-20T14:16:10.760Z</time></trkpt><trkpt lat="47.60864430" lon="19.14686780"><ele>136.67</ele><time>2025-10-20T14:16:10.960Z</time></trkpt><trkpt lat="47.60864440" lon="19.14686780"><ele>136.66</ele><time>2025-10-20T14:16:11.163Z</time></trkpt><trkpt lat="47.60864440" lon="19.14686790"><ele>136.65</ele><time>2025-10-20T14:16:11.368Z</time></trkpt><trkpt lat="47.60864440" lon="19.14686790"><ele>136.65</ele><time>2025-10-20T14:16:11.568Z</time></trkpt><trkpt lat="47.60864450" lon="19.14686790"><ele>136.64</ele><time>2025-10-20T14:16:11.749Z</time></trkpt><trkpt lat="47.60864450" lon="19.14686790"><ele>136.64</ele><time>2025-10-20T14:16:11.950Z</time></trkpt><trkpt lat="47.60864460" lon="19.14686790"><ele>136.63</ele><time>2025-10-20T14:16:12.151Z</time></trkpt><trkpt lat="47.60864460" lon="19.14686790"><ele>136.62</ele><time>2025-10-20T14:16:12.352Z</time></trkpt><trkpt lat="47.60864470" lon="19.14686790"><ele>136.61</ele><time>2025-10-20T14:16:12.552Z</time></trkpt><trkpt lat="47.60864470" lon="19.14686790"><ele>136.61</ele><time>2025-10-20T14:16:12.753Z</time></trkpt><trkpt lat="47.60864470" lon="19.14686790"><ele>136.61</ele><time>2025-10-20T14:16:12.955Z</time></trkpt><trkpt lat="47.60864470" lon="19.14686790"><ele>136.60</ele><time>2025-10-20T14:16:13.156Z</time></trkpt><trkpt lat="47.60864480" lon="19.14686790"><ele>136.60</ele><time>2025-10-20T14:16:13.359Z</time></trkpt><trkpt lat="47.60864480" lon="19.14686790"><ele>136.60</ele><time>2025-10-20T14:16:13.559Z</time></trkpt><trkpt lat="47.60864480" lon="19.14686800"><ele>136.59</ele><time>2025-10-20T14:16:13.758Z</time></trkpt><trkpt lat="47.60864470" lon="19.14686800"><ele>136.59</ele><time>2025-10-20T14:16:13.960Z</time></trkpt><trkpt lat="47.60864470" lon="19.14686800"><ele>136.59</ele><time>2025-10-20T14:16:14.164Z</time></trkpt><trkpt lat="47.60864470" lon="19.14686800"><ele>136.59</ele><time>2025-10-20T14:16:14.345Z</time></trkpt><trkpt lat="47.60864470" lon="19.14686800"><ele>136.59</ele><time>2025-10-20T14:16:14.547Z</time></trkpt><trkpt lat="47.60864470" lon="19.14686810"><ele>136.58</ele><time>2025-10-20T14:16:14.748Z</time></trkpt><trkpt lat="47.60864470" lon="19.14686810"><ele>136.58</ele><time>2025-10-20T14:16:14.950Z</time></trkpt><trkpt lat="47.60864470" lon="19.14686810"><ele>136.58</ele><time>2025-10-20T14:16:15.152Z</time></trkpt><trkpt lat="47.60864470" lon="19.14686810"><ele>136.57</ele><time>2025-10-20T14:16:15.361Z</time></trkpt><trkpt lat="47.60864470" lon="19.14686820"><ele>136.57</ele><time>2025-10-20T14:16:15.561Z</time></trkpt><trkpt lat="47.60864470" lon="19.14686820"><ele>136.57</ele><time>2025-10-20T14:16:15.762Z</time></trkpt><trkpt lat="47.60864470" lon="19.14686820"><ele>136.57</ele><time>2025-10-20T14:16:15.962Z</time></trkpt><trkpt lat="47.60864470" lon="19.14686820"><ele>136.57</ele><time>2025-10-20T14:16:16.162Z</time></trkpt><trkpt lat="47.60864480" lon="19.14686820"><ele>136.57</ele><time>2025-10-20T14:16:16.352Z</time></trkpt><trkpt lat="47.60864480" lon="19.14686820"><ele>136.57</ele><time>2025-10-20T14:16:16.551Z</time></trkpt><trkpt lat="47.60864480" lon="19.14686820"><ele>136.58</ele><time>2025-10-20T14:16:16.771Z</time></trkpt><trkpt lat="47.60864480" lon="19.14686820"><ele>136.58</ele><time>2025-10-20T14:16:16.951Z</time></trkpt><trkpt lat="47.60864480" lon="19.14686820"><ele>136.58</ele><time>2025-10-20T14:16:17.152Z</time></trkpt><trkpt lat="47.60864480" lon="19.14686820"><ele>136.59</ele><time>2025-10-20T14:16:17.355Z</time></trkpt><trkpt lat="47.60864480" lon="19.14686820"><ele>136.59</ele><time>2025-10-20T14:16:17.555Z</time></trkpt><trkpt lat="47.60864480" lon="19.14686830"><ele>136.60</ele><time>2025-10-20T14:16:17.755Z</time></trkpt><trkpt lat="47.60864480" lon="19.14686830"><ele>136.60</ele><time>2025-10-20T14:16:17.955Z</time></trkpt><trkpt lat="47.60864470" lon="19.14686830"><ele>136.60</ele><time>2025-10-20T14:16:18.158Z</time></trkpt><trkpt lat="47.60864480" lon="19.14686830"><ele>136.60</ele><time>2025-10-20T14:16:18.359Z</time></trkpt><trkpt lat="47.60864480" lon="19.14686820"><ele>136.60</ele><time>2025-10-20T14:16:18.560Z</time></trkpt><trkpt lat="47.60864480" lon="19.14686820"><ele>136.61</ele><time>2025-10-20T14:16:18.763Z</time></trkpt><trkpt lat="47.60864480" lon="19.14686820"><ele>136.61</ele><time>2025-10-20T14:16:18.964Z</time></trkpt><trkpt lat="47.60864480" lon="19.14686820"><ele>136.61</ele><time>2025-10-20T14:16:19.165Z</time></trkpt><trkpt lat="47.60864480" lon="19.14686820"><ele>136.61</ele><time>2025-10-20T14:16:19.348Z</time></trkpt><trkpt lat="47.60864490" lon="19.14686820"><ele>136.62</ele><time>2025-10-20T14:16:19.550Z</time></trkpt><trkpt lat="47.60864490" lon="19.14686820"><ele>136.62</ele><time>2025-10-20T14:16:19.750Z</time></trkpt><trkpt lat="47.60864490" lon="19.14686820"><ele>136.62</ele><time>2025-10-20T14:16:19.950Z</time></trkpt><trkpt lat="47.60864490" lon="19.14686810"><ele>136.62</ele><time>2025-10-20T14:16:20.150Z</time></trkpt><trkpt lat="47.60864490" lon="19.14686810"><ele>136.61</ele><time>2025-10-20T14:16:20.356Z</time></trkpt><trkpt lat="47.60864490" lon="19.14686810"><ele>136.61</ele><time>2025-10-20T14:16:20.557Z</time></trkpt><trkpt lat="47.60864490" lon="19.14686800"><ele>136.61</ele><time>2025-10-20T14:16:20.758Z</time></trkpt><trkpt lat="47.60864490" lon="19.14686800"><ele>136.61</ele><time>2025-10-20T14:16:20.958Z</time></trkpt><trkpt lat="47.60864490" lon="19.14686800"><ele>136.61</ele><time>2025-10-20T14:16:21.158Z</time></trkpt><trkpt lat="47.60864490" lon="19.14686800"><ele>136.61</ele><time>2025-10-20T14:16:21.361Z</time></trkpt><trkpt lat="47.60864490" lon="19.14686800"><ele>136.61</ele><time>2025-10-20T14:16:21.561Z</time></trkpt><trkpt lat="47.60864500" lon="19.14686800"><ele>136.61</ele><time>2025-10-20T14:16:21.762Z</time></trkpt><trkpt lat="47.60864500" lon="19.14686800"><ele>136.61</ele><time>2025-10-20T14:16:21.963Z</time></trkpt><trkpt lat="47.60864500" lon="19.14686790"><ele>136.61</ele><time>2025-10-20T14:16:22.163Z</time></trkpt><trkpt lat="47.60864500" lon="19.14686790"><ele>136.61</ele><time>2025-10-20T14:16:22.363Z</time></trkpt><trkpt lat="47.60864500" lon="19.14686790"><ele>136.61</ele><time>2025-10-20T14:16:22.564Z</time></trkpt><trkpt lat="47.60864500" lon="19.14686790"><ele>136.61</ele><time>2025-10-20T14:16:22.765Z</time></trkpt><trkpt lat="47.60864500" lon="19.14686790"><ele>136.61</ele><time>2025-10-20T14:16:22.965Z</time></trkpt><trkpt lat="47.60864500" lon="19.14686790"><ele>136.61</ele><time>2025-10-20T14:16:23.166Z</time></trkpt><trkpt lat="47.60864500" lon="19.14686790"><ele>136.61</ele><time>2025-10-20T14:16:23.348Z</time></trkpt><trkpt lat="47.60864500" lon="19.14686790"><ele>136.61</ele><time>2025-10-20T14:16:23.568Z</time></trkpt><trkpt lat="47.60864500" lon="19.14686790"><ele>136.61</ele><time>2025-10-20T14:16:23.749Z</time></trkpt><trkpt lat="47.60864500" lon="19.14686790"><ele>136.61</ele><time>2025-10-20T14:16:23.970Z</time></trkpt><trkpt lat="47.60864490" lon="19.14686790"><ele>136.60</ele><time>2025-10-20T14:16:24.150Z</time></trkpt><trkpt lat="47.60864490" lon="19.14686790"><ele>136.60</ele><time>2025-10-20T14:16:24.351Z</time></trkpt><trkpt lat="47.60864490" lon="19.14686790"><ele>136.60</ele><time>2025-10-20T14:16:24.551Z</time></trkpt><trkpt lat="47.60864500" lon="19.14686790"><ele>136.60</ele><time>2025-10-20T14:16:24.751Z</time></trkpt><trkpt lat="47.60864500" lon="19.14686790"><ele>136.60</ele><time>2025-10-20T14:16:24.952Z</time></trkpt><trkpt lat="47.60864500" lon="19.14686800"><ele>136.60</ele><time>2025-10-20T14:16:25.153Z</time></trkpt><trkpt lat="47.60864500" lon="19.14686800"><ele>136.60</ele><time>2025-10-20T14:16:25.357Z</time></trkpt><trkpt lat="47.60864500" lon="19.14686800"><ele>136.59</ele><time>2025-10-20T14:16:25.557Z</time></trkpt><trkpt lat="47.60864500" lon="19.14686800"><ele>136.60</ele><time>2025-10-20T14:16:25.758Z</time></trkpt><trkpt lat="47.60864490" lon="19.14686800"><ele>136.60</ele><time>2025-10-20T14:16:25.958Z</time></trkpt><trkpt lat="47.60864490" lon="19.14686800"><ele>136.60</ele><time>2025-10-20T14:16:26.159Z</time></trkpt><trkpt lat="47.60864490" lon="19.14686800"><ele>136.59</ele><time>2025-10-20T14:16:26.362Z</time></trkpt><trkpt lat="47.60864490" lon="19.14686800"><ele>136.59</ele><time>2025-10-20T14:16:26.563Z</time></trkpt><trkpt lat="47.60864480" lon="19.14686800"><ele>136.59</ele><time>2025-10-20T14:16:26.764Z</time></trkpt><trkpt lat="47.60864480" lon="19.14686800"><ele>136.59</ele><time>2025-10-20T14:16:26.966Z</time></trkpt><trkpt lat="47.60864480" lon="19.14686800"><ele>136.59</ele><time>2025-10-20T14:16:27.166Z</time></trkpt><trkpt lat="47.60864470" lon="19.14686810"><ele>136.60</ele><time>2025-10-20T14:16:27.368Z</time></trkpt><trkpt lat="47.60864470" lon="19.14686810"><ele>136.60</ele><time>2025-10-20T14:16:27.568Z</time></trkpt><trkpt lat="47.60864470" lon="19.14686810"><ele>136.60</ele><time>2025-10-20T14:16:27.767Z</time></trkpt><trkpt lat="47.60864470" lon="19.14686810"><ele>136.59</ele><time>2025-10-20T14:16:27.967Z</time></trkpt><trkpt lat="47.60864470" lon="19.14686800"><ele>136.59</ele><time>2025-10-20T14:16:28.167Z</time></trkpt><trkpt lat="47.60864470" lon="19.14686800"><ele>136.59</ele><time>2025-10-20T14:16:28.369Z</time></trkpt><trkpt lat="47.60864470" lon="19.14686800"><ele>136.59</ele><time>2025-10-20T14:16:28.570Z</time></trkpt><trkpt lat="47.60864470" lon="19.14686800"><ele>136.59</ele><time>2025-10-20T14:16:28.771Z</time></trkpt><trkpt lat="47.60864470" lon="19.14686800"><ele>136.59</ele><time>2025-10-20T14:16:28.972Z</time></trkpt><trkpt lat="47.60864470" lon="19.14686800"><ele>136.58</ele><time>2025-10-20T14:16:29.152Z</time></trkpt><trkpt lat="47.60864470" lon="19.14686800"><ele>136.58</ele><time>2025-10-20T14:16:29.355Z</time></trkpt><trkpt lat="47.60864470" lon="19.14686800"><ele>136.58</ele><time>2025-10-20T14:16:29.555Z</time></trkpt><trkpt lat="47.60864470" lon="19.14686800"><ele>136.58</ele><time>2025-10-20T14:16:29.757Z</time></trkpt><trkpt lat="47.60864460" lon="19.14686800"><ele>136.58</ele><time>2025-10-20T14:16:29.957Z</time></trkpt><trkpt lat="47.60864460" lon="19.14686810"><ele>136.58</ele><time>2025-10-20T14:16:30.158Z</time></trkpt><trkpt lat="47.60864460" lon="19.14686810"><ele>136.58</ele><time>2025-10-20T14:16:30.360Z</time></trkpt><trkpt lat="47.60864460" lon="19.14686810"><ele>136.59</ele><time>2025-10-20T14:16:30.560Z</time></trkpt><trkpt lat="47.60864460" lon="19.14686800"><ele>136.59</ele><time>2025-10-20T14:16:30.760Z</time></trkpt><trkpt lat="47.60864460" lon="19.14686790"><ele>136.60</ele><time>2025-10-20T14:16:30.960Z</time></trkpt><trkpt lat="47.60864460" lon="19.14686780"><ele>136.60</ele><time>2025-10-20T14:16:31.160Z</time></trkpt><trkpt lat="47.60864460" lon="19.14686760"><ele>136.61</ele><time>2025-10-20T14:16:31.365Z</time></trkpt><trkpt lat="47.60864460" lon="19.14686750"><ele>136.62</ele><time>2025-10-20T14:16:31.566Z</time></trkpt><trkpt lat="47.60864450" lon="19.14686740"><ele>136.63</ele><time>2025-10-20T14:16:31.766Z</time></trkpt><trkpt lat="47.60864450" lon="19.14686730"><ele>136.64</ele><time>2025-10-20T14:16:31.967Z</time></trkpt><trkpt lat="47.60864440" lon="19.14686720"><ele>136.65</ele><time>2025-10-20T14:16:32.166Z</time></trkpt><trkpt lat="47.60864440" lon="19.14686710"><ele>136.66</ele><time>2025-10-20T14:16:32.368Z</time></trkpt><trkpt lat="47.60864440" lon="19.14686700"><ele>136.66</ele><time>2025-10-20T14:16:32.569Z</time></trkpt><trkpt lat="47.60864430" lon="19.14686700"><ele>136.67</ele><time>2025-10-20T14:16:32.769Z</time></trkpt><trkpt lat="47.60864430" lon="19.14686690"><ele>136.68</ele><time>2025-10-20T14:16:32.969Z</time></trkpt><trkpt lat="47.60864430" lon="19.14686680"><ele>136.68</ele><time>2025-10-20T14:16:33.169Z</time></trkpt><trkpt lat="47.60864430" lon="19.14686680"><ele>136.69</ele><time>2025-10-20T14:16:33.352Z</time></trkpt><trkpt lat="47.60864430" lon="19.14686680"><ele>136.69</ele><time>2025-10-20T14:16:33.553Z</time></trkpt><trkpt lat="47.60864420" lon="19.14686670"><ele>136.70</ele><time>2025-10-20T14:16:33.754Z</time></trkpt><trkpt lat="47.60864420" lon="19.14686670"><ele>136.71</ele><time>2025-10-20T14:16:33.954Z</time></trkpt><trkpt lat="47.60864420" lon="19.14686670"><ele>136.71</ele><time>2025-10-20T14:16:34.154Z</time></trkpt><trkpt lat="47.60864420" lon="19.14686660"><ele>136.72</ele><time>2025-10-20T14:16:34.378Z</time></trkpt><trkpt lat="47.60864420" lon="19.14686660"><ele>136.73</ele><time>2025-10-20T14:16:34.558Z</time></trkpt><trkpt lat="47.60864420" lon="19.14686660"><ele>136.73</ele><time>2025-10-20T14:16:34.758Z</time></trkpt><trkpt lat="47.60864420" lon="19.14686660"><ele>136.74</ele><time>2025-10-20T14:16:34.979Z</time></trkpt><trkpt lat="47.60864420" lon="19.14686670"><ele>136.75</ele><time>2025-10-20T14:16:35.160Z</time></trkpt><trkpt lat="47.60864410" lon="19.14686670"><ele>136.75</ele><time>2025-10-20T14:16:35.363Z</time></trkpt><trkpt lat="47.60864410" lon="19.14686680"><ele>136.76</ele><time>2025-10-20T14:16:35.564Z</time></trkpt><trkpt lat="47.60864410" lon="19.14686680"><ele>136.76</ele><time>2025-10-20T14:16:35.764Z</time></trkpt><trkpt lat="47.60864410" lon="19.14686680"><ele>136.76</ele><time>2025-10-20T14:16:35.964Z</time></trkpt><trkpt lat="47.60864410" lon="19.14686680"><ele>136.77</ele><time>2025-10-20T14:16:36.164Z</time></trkpt><trkpt lat="47.60864410" lon="19.14686680"><ele>136.77</ele><time>2025-10-20T14:16:36.367Z</time></trkpt><trkpt lat="47.60864410" lon="19.14686680"><ele>136.77</ele><time>2025-10-20T14:16:36.566Z</time></trkpt><trkpt lat="47.60864410" lon="19.14686680"><ele>136.77</ele><time>2025-10-20T14:16:36.766Z</time></trkpt><trkpt lat="47.60864410" lon="19.14686680"><ele>136.77</ele><time>2025-10-20T14:16:36.967Z</time></trkpt><trkpt lat="47.60864410" lon="19.14686680"><ele>136.77</ele><time>2025-10-20T14:16:37.167Z</time></trkpt><trkpt lat="47.60864410" lon="19.14686680"><ele>136.77</ele><time>2025-10-20T14:16:37.369Z</time></trkpt><trkpt lat="47.60864410" lon="19.14686680"><ele>136.77</ele><time>2025-10-20T14:16:37.569Z</time></trkpt><trkpt lat="47.60864410" lon="19.14686680"><ele>136.77</ele><time>2025-10-20T14:16:37.769Z</time></trkpt><trkpt lat="47.60864410" lon="19.14686680"><ele>136.77</ele><time>2025-10-20T14:16:37.969Z</time></trkpt><trkpt lat="47.60864410" lon="19.14686670"><ele>136.76</ele><time>2025-10-20T14:16:38.169Z</time></trkpt><trkpt lat="47.60864410" lon="19.14686670"><ele>136.76</ele><time>2025-10-20T14:16:38.354Z</time></trkpt><trkpt lat="47.60864410" lon="19.14686670"><ele>136.76</ele><time>2025-10-20T14:16:38.554Z</time></trkpt><trkpt lat="47.60864410" lon="19.14686680"><ele>136.76</ele><time>2025-10-20T14:16:38.755Z</time></trkpt><trkpt lat="47.60864410" lon="19.14686680"><ele>136.76</ele><time>2025-10-20T14:16:38.955Z</time></trkpt><trkpt lat="47.60864410" lon="19.14686680"><ele>136.76</ele><time>2025-10-20T14:16:39.155Z</time></trkpt><trkpt lat="47.60864410" lon="19.14686690"><ele>136.76</ele><time>2025-10-20T14:16:39.362Z</time></trkpt><trkpt lat="47.60864410" lon="19.14686690"><ele>136.76</ele><time>2025-10-20T14:16:39.562Z</time></trkpt><trkpt lat="47.60864410" lon="19.14686690"><ele>136.75</ele><time>2025-10-20T14:16:39.763Z</time></trkpt><trkpt lat="47.60864410" lon="19.14686690"><ele>136.75</ele><time>2025-10-20T14:16:39.964Z</time></trkpt><trkpt lat="47.60864410" lon="19.14686690"><ele>136.75</ele><time>2025-10-20T14:16:40.170Z</time></trkpt><trkpt lat="47.60864410" lon="19.14686690"><ele>136.75</ele><time>2025-10-20T14:16:40.371Z</time></trkpt><trkpt lat="47.60864410" lon="19.14686690"><ele>136.75</ele><time>2025-10-20T14:16:40.571Z</time></trkpt><trkpt lat="47.60864410" lon="19.14686680"><ele>136.75</ele><time>2025-10-20T14:16:40.754Z</time></trkpt><trkpt lat="47.60864410" lon="19.14686680"><ele>136.75</ele><time>2025-10-20T14:16:40.956Z</time></trkpt><trkpt lat="47.60864420" lon="19.14686680"><ele>136.75</ele><time>2025-10-20T14:16:41.157Z</time></trkpt><trkpt lat="47.60864420" lon="19.14686680"><ele>136.76</ele><time>2025-10-20T14:16:41.365Z</time></trkpt><trkpt lat="47.60864420" lon="19.14686680"><ele>136.76</ele><time>2025-10-20T14:16:41.565Z</time></trkpt><trkpt lat="47.60864420" lon="19.14686680"><ele>136.77</ele><time>2025-10-20T14:16:41.765Z</time></trkpt><trkpt lat="47.60864420" lon="19.14686680"><ele>136.77</ele><time>2025-10-20T14:16:41.965Z</time></trkpt><trkpt lat="47.60864420" lon="19.14686680"><ele>136.77</ele><time>2025-10-20T14:16:42.165Z</time></trkpt><trkpt lat="47.60864420" lon="19.14686680"><ele>136.77</ele><time>2025-10-20T14:16:42.368Z</time></trkpt><trkpt lat="47.60864420" lon="19.14686680"><ele>136.77</ele><time>2025-10-20T14:16:42.568Z</time></trkpt><trkpt lat="47.60864420" lon="19.14686690"><ele>136.77</ele><time>2025-10-20T14:16:42.767Z</time></trkpt><trkpt lat="47.60864420" lon="19.14686690"><ele>136.77</ele><time>2025-10-20T14:16:42.966Z</time></trkpt><trkpt lat="47.60864420" lon="19.14686690"><ele>136.77</ele><time>2025-10-20T14:16:43.166Z</time></trkpt><trkpt lat="47.60864420" lon="19.14686690"><ele>136.77</ele><time>2025-10-20T14:16:43.368Z</time></trkpt><trkpt lat="47.60864420" lon="19.14686700"><ele>136.78</ele><time>2025-10-20T14:16:43.568Z</time></trkpt><trkpt lat="47.60864420" lon="19.14686700"><ele>136.78</ele><time>2025-10-20T14:16:43.768Z</time></trkpt><trkpt lat="47.60864420" lon="19.14686700"><ele>136.78</ele><time>2025-10-20T14:16:43.969Z</time></trkpt><trkpt lat="47.60864420" lon="19.14686700"><ele>136.79</ele><time>2025-10-20T14:16:44.169Z</time></trkpt><trkpt lat="47.60864420" lon="19.14686710"><ele>136.79</ele><time>2025-10-20T14:16:44.371Z</time></trkpt><trkpt lat="47.60864420" lon="19.14686700"><ele>136.79</ele><time>2025-10-20T14:16:44.571Z</time></trkpt><trkpt lat="47.60864420" lon="19.14686700"><ele>136.79</ele><time>2025-10-20T14:16:44.771Z</time></trkpt><trkpt lat="47.60864420" lon="19.14686700"><ele>136.79</ele><time>2025-10-20T14:16:44.971Z</time></trkpt><trkpt lat="47.60864430" lon="19.14686700"><ele>136.79</ele><time>2025-10-20T14:16:45.171Z</time></trkpt><trkpt lat="47.60864430" lon="19.14686700"><ele>136.79</ele><time>2025-10-20T14:16:45.371Z</time></trkpt><trkpt lat="47.60864430" lon="19.14686700"><ele>136.79</ele><time>2025-10-20T14:16:45.572Z</time></trkpt><trkpt lat="47.60864430" lon="19.14686700"><ele>136.79</ele><time>2025-10-20T14:16:45.771Z</time></trkpt><trkpt lat="47.60864430" lon="19.14686690"><ele>136.79</ele><time>2025-10-20T14:16:45.973Z</time></trkpt><trkpt lat="47.60864430" lon="19.14686690"><ele>136.79</ele><time>2025-10-20T14:16:46.173Z</time></trkpt><trkpt lat="47.60864420" lon="19.14686690"><ele>136.79</ele><time>2025-10-20T14:16:46.374Z</time></trkpt><trkpt lat="47.60864420" lon="19.14686680"><ele>136.79</ele><time>2025-10-20T14:16:46.575Z</time></trkpt><trkpt lat="47.60864420" lon="19.14686680"><ele>136.79</ele><time>2025-10-20T14:16:46.774Z</time></trkpt><trkpt lat="47.60864420" lon="19.14686680"><ele>136.79</ele><time>2025-10-20T14:16:46.974Z</time></trkpt><trkpt lat="47.60864420" lon="19.14686670"><ele>136.79</ele><time>2025-10-20T14:16:47.175Z</time></trkpt><trkpt lat="47.60864420" lon="19.14686670"><ele>136.79</ele><time>2025-10-20T14:16:47.376Z</time></trkpt><trkpt lat="47.60864420" lon="19.14686670"><ele>136.79</ele><time>2025-10-20T14:16:47.576Z</time></trkpt><trkpt lat="47.60864420" lon="19.14686660"><ele>136.78</ele><time>2025-10-20T14:16:47.776Z</time></trkpt><trkpt lat="47.60864420" lon="19.14686660"><ele>136.78</ele><time>2025-10-20T14:16:47.976Z</time></trkpt><trkpt lat="47.60864420" lon="19.14686660"><ele>136.78</ele><time>2025-10-20T14:16:48.176Z</time></trkpt><trkpt lat="47.60864420" lon="19.14686650"><ele>136.77</ele><time>2025-10-20T14:16:48.380Z</time></trkpt><trkpt lat="47.60864420" lon="19.14686650"><ele>136.77</ele><time>2025-10-20T14:16:48.580Z</time></trkpt><trkpt lat="47.60864420" lon="19.14686650"><ele>136.77</ele><time>2025-10-20T14:16:48.780Z</time></trkpt><trkpt lat="47.60864420" lon="19.14686650"><ele>136.77</ele><time>2025-10-20T14:16:48.980Z</time></trkpt><trkpt lat="47.60864420" lon="19.14686650"><ele>136.77</ele><time>2025-10-20T14:16:49.180Z</time></trkpt><trkpt lat="47.60864420" lon="19.14686650"><ele>136.77</ele><time>2025-10-20T14:16:49.384Z</time></trkpt><trkpt lat="47.60864420" lon="19.14686650"><ele>136.77</ele><time>2025-10-20T14:16:49.585Z</time></trkpt><trkpt lat="47.60864420" lon="19.14686650"><ele>136.77</ele><time>2025-10-20T14:16:49.786Z</time></trkpt><trkpt lat="47.60864420" lon="19.14686650"><ele>136.76</ele><time>2025-10-20T14:16:49.988Z</time></trkpt><trkpt lat="47.60864420" lon="19.14686660"><ele>136.76</ele><time>2025-10-20T14:16:50.190Z</time></trkpt><trkpt lat="47.60864420" lon="19.14686660"><ele>136.76</ele><time>2025-10-20T14:16:50.391Z</time></trkpt><trkpt lat="47.60864420" lon="19.14686670"><ele>136.76</ele><time>2025-10-20T14:16:50.593Z</time></trkpt><trkpt lat="47.60864420" lon="19.14686670"><ele>136.76</ele><time>2025-10-20T14:16:50.795Z</time></trkpt><trkpt lat="47.60864420" lon="19.14686680"><ele>136.76</ele><time>2025-10-20T14:16:50.995Z</time></trkpt><trkpt lat="47.60864420" lon="19.14686680"><ele>136.76</ele><time>2025-10-20T14:16:51.196Z</time></trkpt><trkpt lat="47.60864420" lon="19.14686670"><ele>136.76</ele><time>2025-10-20T14:16:51.396Z</time></trkpt><trkpt lat="47.60864420" lon="19.14686670"><ele>136.76</ele><time>2025-10-20T14:16:51.596Z</time></trkpt><trkpt lat="47.60864420" lon="19.14686660"><ele>136.76</ele><time>2025-10-20T14:16:51.797Z</time></trkpt><trkpt lat="47.60864420" lon="19.14686660"><ele>136.77</ele><time>2025-10-20T14:16:51.998Z</time></trkpt><trkpt lat="47.60864430" lon="19.14686660"><ele>136.77</ele><time>2025-10-20T14:16:52.199Z</time></trkpt><trkpt lat="47.60864430" lon="19.14686650"><ele>136.77</ele><time>2025-10-20T14:16:52.381Z</time></trkpt><trkpt lat="47.60864430" lon="19.14686650"><ele>136.77</ele><time>2025-10-20T14:16:52.582Z</time></trkpt><trkpt lat="47.60864430" lon="19.14686650"><ele>136.77</ele><time>2025-10-20T14:16:52.783Z</time></trkpt><trkpt lat="47.60864430" lon="19.14686650"><ele>136.76</ele><time>2025-10-20T14:16:52.985Z</time></trkpt><trkpt lat="47.60864420" lon="19.14686640"><ele>136.76</ele><time>2025-10-20T14:16:53.187Z</time></trkpt><trkpt lat="47.60864420" lon="19.14686640"><ele>136.76</ele><time>2025-10-20T14:16:53.391Z</time></trkpt><trkpt lat="47.60864420" lon="19.14686640"><ele>136.76</ele><time>2025-10-20T14:16:53.591Z</time></trkpt><trkpt lat="47.60864430" lon="19.14686640"><ele>136.76</ele><time>2025-10-20T14:16:53.791Z</time></trkpt><trkpt lat="47.60864430" lon="19.14686630"><ele>136.76</ele><time>2025-10-20T14:16:53.991Z</time></trkpt><trkpt lat="47.60864430" lon="19.14686630"><ele>136.76</ele><time>2025-10-20T14:16:54.193Z</time></trkpt><trkpt lat="47.60864430" lon="19.14686630"><ele>136.76</ele><time>2025-10-20T14:16:54.395Z</time></trkpt><trkpt lat="47.60864440" lon="19.14686630"><ele>136.77</ele><time>2025-10-20T14:16:54.596Z</time></trkpt><trkpt lat="47.60864440" lon="19.14686620"><ele>136.76</ele><time>2025-10-20T14:16:54.796Z</time></trkpt><trkpt lat="47.60864440" lon="19.14686620"><ele>136.76</ele><time>2025-10-20T14:16:54.999Z</time></trkpt><trkpt lat="47.60864440" lon="19.14686610"><ele>136.76</ele><time>2025-10-20T14:16:55.199Z</time></trkpt><trkpt lat="47.60864440" lon="19.14686610"><ele>136.76</ele><time>2025-10-20T14:16:55.401Z</time></trkpt><trkpt lat="47.60864440" lon="19.14686610"><ele>136.76</ele><time>2025-10-20T14:16:55.583Z</time></trkpt><trkpt lat="47.60864440" lon="19.14686610"><ele>136.76</ele><time>2025-10-20T14:16:55.784Z</time></trkpt><trkpt lat="47.60864440" lon="19.14686600"><ele>136.77</ele><time>2025-10-20T14:16:56.004Z</time></trkpt><trkpt lat="47.60864440" lon="19.14686600"><ele>136.77</ele><time>2025-10-20T14:16:56.186Z</time></trkpt><trkpt lat="47.60864440" lon="19.14686600"><ele>136.77</ele><time>2025-10-20T14:16:56.408Z</time></trkpt><trkpt lat="47.60864440" lon="19.14686600"><ele>136.77</ele><time>2025-10-20T14:16:56.589Z</time></trkpt><trkpt lat="47.60864440" lon="19.14686610"><ele>136.77</ele><time>2025-10-20T14:16:56.789Z</time></trkpt><trkpt lat="47.60864440" lon="19.14686610"><ele>136.77</ele><time>2025-10-20T14:16:57.011Z</time></trkpt><trkpt lat="47.60864440" lon="19.14686610"><ele>136.76</ele><time>2025-10-20T14:16:57.191Z</time></trkpt><trkpt lat="47.60864440" lon="19.14686610"><ele>136.76</ele><time>2025-10-20T14:16:57.393Z</time></trkpt><trkpt lat="47.60864440" lon="19.14686610"><ele>136.76</ele><time>2025-10-20T14:16:57.593Z</time></trkpt><trkpt lat="47.60864440" lon="19.14686610"><ele>136.76</ele><time>2025-10-20T14:16:57.794Z</time></trkpt><trkpt lat="47.60864440" lon="19.14686610"><ele>136.76</ele><time>2025-10-20T14:16:57.996Z</time></trkpt><trkpt lat="47.60864440" lon="19.14686610"><ele>136.76</ele><time>2025-10-20T14:16:58.196Z</time></trkpt><trkpt lat="47.60864450" lon="19.14686600"><ele>136.76</ele><time>2025-10-20T14:16:58.397Z</time></trkpt><trkpt lat="47.60864450" lon="19.14686600"><ele>136.76</ele><time>2025-10-20T14:16:58.597Z</time></trkpt><trkpt lat="47.60864450" lon="19.14686600"><ele>136.76</ele><time>2025-10-20T14:16:58.796Z</time></trkpt><trkpt lat="47.60864460" lon="19.14686610"><ele>136.77</ele><time>2025-10-20T14:16:58.998Z</time></trkpt><trkpt lat="47.60864460" lon="19.14686610"><ele>136.77</ele><time>2025-10-20T14:16:59.198Z</time></trkpt><trkpt lat="47.60864460" lon="19.14686610"><ele>136.77</ele><time>2025-10-20T14:16:59.401Z</time></trkpt><trkpt lat="47.60864460" lon="19.14686610"><ele>136.77</ele><time>2025-10-20T14:16:59.602Z</time></trkpt><trkpt lat="47.60864450" lon="19.14686610"><ele>136.77</ele><time>2025-10-20T14:16:59.802Z</time></trkpt><trkpt lat="47.60864450" lon="19.14686610"><ele>136.77</ele><time>2025-10-20T14:17:00.002Z</time></trkpt><trkpt lat="47.60864450" lon="19.14686610"><ele>136.77</ele><time>2025-10-20T14:17:00.203Z</time></trkpt><trkpt lat="47.60864450" lon="19.14686610"><ele>136.77</ele><time>2025-10-20T14:17:00.406Z</time></trkpt><trkpt lat="47.60864450" lon="19.14686610"><ele>136.78</ele><time>2025-10-20T14:17:00.606Z</time></trkpt><trkpt lat="47.60864450" lon="19.14686620"><ele>136.78</ele><time>2025-10-20T14:17:00.806Z</time></trkpt><trkpt lat="47.60864450" lon="19.14686620"><ele>136.78</ele><time>2025-10-20T14:17:01.006Z</time></trkpt><trkpt lat="47.60864450" lon="19.14686620"><ele>136.78</ele><time>2025-10-20T14:17:01.207Z</time></trkpt><trkpt lat="47.60864450" lon="19.14686620"><ele>136.78</ele><time>2025-10-20T14:17:01.408Z</time></trkpt><trkpt lat="47.60864450" lon="19.14686610"><ele>136.77</ele><time>2025-10-20T14:17:01.609Z</time></trkpt><trkpt lat="47.60864450" lon="19.14686610"><ele>136.77</ele><time>2025-10-20T14:17:01.809Z</time></trkpt><trkpt lat="47.60864440" lon="19.14686610"><ele>136.77</ele><time>2025-10-20T14:17:02.009Z</time></trkpt><trkpt lat="47.60864440" lon="19.14686610"><ele>136.76</ele><time>2025-10-20T14:17:02.209Z</time></trkpt><trkpt lat="47.60864440" lon="19.14686610"><ele>136.76</ele><time>2025-10-20T14:17:02.412Z</time></trkpt><trkpt lat="47.60864440" lon="19.14686610"><ele>136.76</ele><time>2025-10-20T14:17:02.594Z</time></trkpt><trkpt lat="47.60864440" lon="19.14686610"><ele>136.76</ele><time>2025-10-20T14:17:02.794Z</time></trkpt><trkpt lat="47.60864430" lon="19.14686610"><ele>136.75</ele><time>2025-10-20T14:17:02.994Z</time></trkpt><trkpt lat="47.60864430" lon="19.14686610"><ele>136.75</ele><time>2025-10-20T14:17:03.194Z</time></trkpt><trkpt lat="47.60864430" lon="19.14686610"><ele>136.75</ele><time>2025-10-20T14:17:03.395Z</time></trkpt><trkpt lat="47.60864430" lon="19.14686610"><ele>136.75</ele><time>2025-10-20T14:17:03.595Z</time></trkpt><trkpt lat="47.60864430" lon="19.14686610"><ele>136.74</ele><time>2025-10-20T14:17:03.795Z</time></trkpt><trkpt lat="47.60864430" lon="19.14686610"><ele>136.74</ele><time>2025-10-20T14:17:03.995Z</time></trkpt><trkpt lat="47.60864430" lon="19.14686610"><ele>136.73</ele><time>2025-10-20T14:17:04.196Z</time></trkpt><trkpt lat="47.60864430" lon="19.14686610"><ele>136.73</ele><time>2025-10-20T14:17:04.397Z</time></trkpt><trkpt lat="47.60864430" lon="19.14686610"><ele>136.73</ele><time>2025-10-20T14:17:04.598Z</time></trkpt><trkpt lat="47.60864430" lon="19.14686610"><ele>136.73</ele><time>2025-10-20T14:17:04.798Z</time></trkpt><trkpt lat="47.60864430" lon="19.14686610"><ele>136.73</ele><time>2025-10-20T14:17:04.998Z</time></trkpt><trkpt lat="47.60864430" lon="19.14686610"><ele>136.72</ele><time>2025-10-20T14:17:05.198Z</time></trkpt><trkpt lat="47.60864430" lon="19.14686610"><ele>136.72</ele><time>2025-10-20T14:17:05.399Z</time></trkpt><trkpt lat="47.60864430" lon="19.14686620"><ele>136.73</ele><time>2025-10-20T14:17:05.600Z</time></trkpt><trkpt lat="47.60864430" lon="19.14686630"><ele>136.73</ele><time>2025-10-20T14:17:05.801Z</time></trkpt><trkpt lat="47.60864420" lon="19.14686630"><ele>136.73</ele><time>2025-10-20T14:17:06.002Z</time></trkpt><trkpt lat="47.60864420" lon="19.14686630"><ele>136.73</ele><time>2025-10-20T14:17:06.204Z</time></trkpt><trkpt lat="47.60864420" lon="19.14686630"><ele>136.73</ele><time>2025-10-20T14:17:06.405Z</time></trkpt><trkpt lat="47.60864420" lon="19.14686630"><ele>136.74</ele><time>2025-10-20T14:17:06.606Z</time></trkpt><trkpt lat="47.60864420" lon="19.14686630"><ele>136.74</ele><time>2025-10-20T14:17:06.806Z</time></trkpt><trkpt lat="47.60864420" lon="19.14686630"><ele>136.74</ele><time>2025-10-20T14:17:07.006Z</time></trkpt><trkpt lat="47.60864420" lon="19.14686640"><ele>136.74</ele><time>2025-10-20T14:17:07.206Z</time></trkpt><trkpt lat="47.60864420" lon="19.14686640"><ele>136.74</ele><time>2025-10-20T14:17:07.408Z</time></trkpt><trkpt lat="47.60864420" lon="19.14686640"><ele>136.74</ele><time>2025-10-20T14:17:07.608Z</time></trkpt><trkpt lat="47.60864430" lon="19.14686630"><ele>136.74</ele><time>2025-10-20T14:17:07.808Z</time></trkpt><trkpt lat="47.60864430" lon="19.14686630"><ele>136.74</ele><time>2025-10-20T14:17:08.009Z</time></trkpt><trkpt lat="47.60864430" lon="19.14686630"><ele>136.74</ele><time>2025-10-20T14:17:08.215Z</time></trkpt><trkpt lat="47.60864430" lon="19.14686630"><ele>136.74</ele><time>2025-10-20T14:17:08.418Z</time></trkpt><trkpt lat="47.60864430" lon="19.14686630"><ele>136.74</ele><time>2025-10-20T14:17:08.618Z</time></trkpt><trkpt lat="47.60864430" lon="19.14686630"><ele>136.74</ele><time>2025-10-20T14:17:08.819Z</time></trkpt><trkpt lat="47.60864430" lon="19.14686630"><ele>136.74</ele><time>2025-10-20T14:17:09.019Z</time></trkpt><trkpt lat="47.60864430" lon="19.14686630"><ele>136.74</ele><time>2025-10-20T14:17:09.220Z</time></trkpt><trkpt lat="47.60864430" lon="19.14686630"><ele>136.74</ele><time>2025-10-20T14:17:09.425Z</time></trkpt><trkpt lat="47.60864440" lon="19.14686630"><ele>136.73</ele><time>2025-10-20T14:17:09.627Z</time></trkpt><trkpt lat="47.60864440" lon="19.14686630"><ele>136.73</ele><time>2025-10-20T14:17:09.828Z</time></trkpt><trkpt lat="47.60864440" lon="19.14686630"><ele>136.73</ele><time>2025-10-20T14:17:10.030Z</time></trkpt><trkpt lat="47.60864440" lon="19.14686630"><ele>136.73</ele><time>2025-10-20T14:17:10.213Z</time></trkpt><trkpt lat="47.60864450" lon="19.14686620"><ele>136.73</ele><time>2025-10-20T14:17:10.418Z</time></trkpt><trkpt lat="47.60864450" lon="19.14686620"><ele>136.73</ele><time>2025-10-20T14:17:10.619Z</time></trkpt><trkpt lat="47.60864450" lon="19.14686620"><ele>136.73</ele><time>2025-10-20T14:17:10.819Z</time></trkpt><trkpt lat="47.60864450" lon="19.14686620"><ele>136.73</ele><time>2025-10-20T14:17:11.020Z</time></trkpt><trkpt lat="47.60864450" lon="19.14686620"><ele>136.73</ele><time>2025-10-20T14:17:11.220Z</time></trkpt><trkpt lat="47.60864450" lon="19.14686620"><ele>136.73</ele><time>2025-10-20T14:17:11.421Z</time></trkpt><trkpt lat="47.60864450" lon="19.14686620"><ele>136.73</ele><time>2025-10-20T14:17:11.621Z</time></trkpt><trkpt lat="47.60864450" lon="19.14686620"><ele>136.73</ele><time>2025-10-20T14:17:11.821Z</time></trkpt><trkpt lat="47.60864450" lon="19.14686620"><ele>136.73</ele><time>2025-10-20T14:17:12.021Z</time></trkpt><trkpt lat="47.60864440" lon="19.14686620"><ele>136.73</ele><time>2025-10-20T14:17:12.225Z</time></trkpt><trkpt lat="47.60864440" lon="19.14686620"><ele>136.73</ele><time>2025-10-20T14:17:12.425Z</time></trkpt><trkpt lat="47.60864440" lon="19.14686620"><ele>136.73</ele><time>2025-10-20T14:17:12.627Z</time></trkpt><trkpt lat="47.60864440" lon="19.14686620"><ele>136.74</ele><time>2025-10-20T14:17:12.827Z</time></trkpt><trkpt lat="47.60864440" lon="19.14686620"><ele>136.74</ele><time>2025-10-20T14:17:13.028Z</time></trkpt><trkpt lat="47.60864440" lon="19.14686620"><ele>136.74</ele><time>2025-10-20T14:17:13.230Z</time></trkpt><trkpt lat="47.60864440" lon="19.14686620"><ele>136.74</ele><time>2025-10-20T14:17:13.430Z</time></trkpt><trkpt lat="47.60864440" lon="19.14686620"><ele>136.75</ele><time>2025-10-20T14:17:13.630Z</time></trkpt><trkpt lat="47.60864440" lon="19.14686630"><ele>136.75</ele><time>2025-10-20T14:17:13.831Z</time></trkpt><trkpt lat="47.60864440" lon="19.14686640"><ele>136.75</ele><time>2025-10-20T14:17:14.031Z</time></trkpt><trkpt lat="47.60864440" lon="19.14686660"><ele>136.74</ele><time>2025-10-20T14:17:14.236Z</time></trkpt><trkpt lat="47.60864450" lon="19.14686670"><ele>136.73</ele><time>2025-10-20T14:17:14.438Z</time></trkpt><trkpt lat="47.60864450" lon="19.14686690"><ele>136.73</ele><time>2025-10-20T14:17:14.639Z</time></trkpt><trkpt lat="47.60864450" lon="19.14686700"><ele>136.72</ele><time>2025-10-20T14:17:14.839Z</time></trkpt><trkpt lat="47.60864460" lon="19.14686710"><ele>136.72</ele><time>2025-10-20T14:17:15.039Z</time></trkpt><trkpt lat="47.60864460" lon="19.14686710"><ele>136.72</ele><time>2025-10-20T14:17:15.239Z</time></trkpt><trkpt lat="47.60864460" lon="19.14686720"><ele>136.72</ele><time>2025-10-20T14:17:15.425Z</time></trkpt><trkpt lat="47.60864460" lon="19.14686730"><ele>136.71</ele><time>2025-10-20T14:17:15.625Z</time></trkpt><trkpt lat="47.60864450" lon="19.14686740"><ele>136.71</ele><time>2025-10-20T14:17:15.825Z</time></trkpt><trkpt lat="47.60864450" lon="19.14686740"><ele>136.70</ele><time>2025-10-20T14:17:16.027Z</time></trkpt><trkpt lat="47.60864450" lon="19.14686750"><ele>136.70</ele><time>2025-10-20T14:17:16.227Z</time></trkpt><trkpt lat="47.60864440" lon="19.14686750"><ele>136.70</ele><time>2025-10-20T14:17:16.431Z</time></trkpt><trkpt lat="47.60864440" lon="19.14686750"><ele>136.69</ele><time>2025-10-20T14:17:16.631Z</time></trkpt><trkpt lat="47.60864440" lon="19.14686750"><ele>136.69</ele><time>2025-10-20T14:17:16.831Z</time></trkpt><trkpt lat="47.60864440" lon="19.14686760"><ele>136.69</ele><time>2025-10-20T14:17:17.031Z</time></trkpt><trkpt lat="47.60864440" lon="19.14686760"><ele>136.69</ele><time>2025-10-20T14:17:17.231Z</time></trkpt><trkpt lat="47.60864440" lon="19.14686770"><ele>136.69</ele><time>2025-10-20T14:17:17.433Z</time></trkpt><trkpt lat="47.60864440" lon="19.14686770"><ele>136.69</ele><time>2025-10-20T14:17:17.633Z</time></trkpt><trkpt lat="47.60864440" lon="19.14686770"><ele>136.69</ele><time>2025-10-20T14:17:17.832Z</time></trkpt><trkpt lat="47.60864440" lon="19.14686770"><ele>136.69</ele><time>2025-10-20T14:17:18.034Z</time></trkpt><trkpt lat="47.60864440" lon="19.14686770"><ele>136.69</ele><time>2025-10-20T14:17:18.235Z</time></trkpt><trkpt lat="47.60864450" lon="19.14686770"><ele>136.70</ele><time>2025-10-20T14:17:18.434Z</time></trkpt><trkpt lat="47.60864450" lon="19.14686770"><ele>136.70</ele><time>2025-10-20T14:17:18.635Z</time></trkpt><trkpt lat="47.60864450" lon="19.14686770"><ele>136.70</ele><time>2025-10-20T14:17:18.835Z</time></trkpt><trkpt lat="47.60864450" lon="19.14686770"><ele>136.70</ele><time>2025-10-20T14:17:19.034Z</time></trkpt><trkpt lat="47.60864450" lon="19.14686770"><ele>136.70</ele><time>2025-10-20T14:17:19.234Z</time></trkpt><trkpt lat="47.60864450" lon="19.14686770"><ele>136.70</ele><time>2025-10-20T14:17:19.436Z</time></trkpt><trkpt lat="47.60864450" lon="19.14686780"><ele>136.71</ele><time>2025-10-20T14:17:19.635Z</time></trkpt><trkpt lat="47.60864460" lon="19.14686770"><ele>136.71</ele><time>2025-10-20T14:17:19.835Z</time></trkpt><trkpt lat="47.60864460" lon="19.14686750"><ele>136.72</ele><time>2025-10-20T14:17:20.036Z</time></trkpt><trkpt lat="47.60864460" lon="19.14686740"><ele>136.72</ele><time>2025-10-20T14:17:20.237Z</time></trkpt><trkpt lat="47.60864460" lon="19.14686720"><ele>136.73</ele><time>2025-10-20T14:17:20.438Z</time></trkpt><trkpt lat="47.60864450" lon="19.14686710"><ele>136.73</ele><time>2025-10-20T14:17:20.639Z</time></trkpt><trkpt lat="47.60864450" lon="19.14686700"><ele>136.74</ele><time>2025-10-20T14:17:20.839Z</time></trkpt><trkpt lat="47.60864450" lon="19.14686690"><ele>136.75</ele><time>2025-10-20T14:17:21.038Z</time></trkpt><trkpt lat="47.60864450" lon="19.14686680"><ele>136.75</ele><time>2025-10-20T14:17:21.239Z</time></trkpt><trkpt lat="47.60864440" lon="19.14686670"><ele>136.76</ele><time>2025-10-20T14:17:21.441Z</time></trkpt><trkpt lat="47.60864450" lon="19.14686660"><ele>136.77</ele><time>2025-10-20T14:17:21.641Z</time></trkpt><trkpt lat="47.60864450" lon="19.14686650"><ele>136.77</ele><time>2025-10-20T14:17:21.841Z</time></trkpt><trkpt lat="47.60864450" lon="19.14686650"><ele>136.77</ele><time>2025-10-20T14:17:22.042Z</time></trkpt><trkpt lat="47.60864450" lon="19.14686640"><ele>136.77</ele><time>2025-10-20T14:17:22.242Z</time></trkpt><trkpt lat="47.60864450" lon="19.14686640"><ele>136.78</ele><time>2025-10-20T14:17:22.443Z</time></trkpt><trkpt lat="47.60864450" lon="19.14686640"><ele>136.78</ele><time>2025-10-20T14:17:22.645Z</time></trkpt><trkpt lat="47.60864450" lon="19.14686640"><ele>136.78</ele><time>2025-10-20T14:17:22.846Z</time></trkpt><trkpt lat="47.60864450" lon="19.14686640"><ele>136.79</ele><time>2025-10-20T14:17:23.048Z</time></trkpt><trkpt lat="47.60864450" lon="19.14686630"><ele>136.79</ele><time>2025-10-20T14:17:23.250Z</time></trkpt><trkpt lat="47.60864450" lon="19.14686630"><ele>136.79</ele><time>2025-10-20T14:17:23.450Z</time></trkpt><trkpt lat="47.60864450" lon="19.14686630"><ele>136.79</ele><time>2025-10-20T14:17:23.650Z</time></trkpt><trkpt lat="47.60864440" lon="19.14686640"><ele>136.80</ele><time>2025-10-20T14:17:23.850Z</time></trkpt><trkpt lat="47.60864440" lon="19.14686640"><ele>136.80</ele><time>2025-10-20T14:17:24.051Z</time></trkpt><trkpt lat="47.60864440" lon="19.14686650"><ele>136.80</ele><time>2025-10-20T14:17:24.251Z</time></trkpt><trkpt lat="47.60864440" lon="19.14686650"><ele>136.80</ele><time>2025-10-20T14:17:24.453Z</time></trkpt><trkpt lat="47.60864440" lon="19.14686650"><ele>136.80</ele><time>2025-10-20T14:17:24.654Z</time></trkpt><trkpt lat="47.60864440" lon="19.14686650"><ele>136.80</ele><time>2025-10-20T14:17:24.854Z</time></trkpt><trkpt lat="47.60864430" lon="19.14686650"><ele>136.80</ele><time>2025-10-20T14:17:25.054Z</time></trkpt><trkpt lat="47.60864430" lon="19.14686650"><ele>136.80</ele><time>2025-10-20T14:17:25.254Z</time></trkpt><trkpt lat="47.60864430" lon="19.14686650"><ele>136.80</ele><time>2025-10-20T14:17:25.459Z</time></trkpt><trkpt lat="47.60864430" lon="19.14686650"><ele>136.80</ele><time>2025-10-20T14:17:25.660Z</time></trkpt><trkpt lat="47.60864430" lon="19.14686650"><ele>136.80</ele><time>2025-10-20T14:17:25.860Z</time></trkpt><trkpt lat="47.60864430" lon="19.14686640"><ele>136.80</ele><time>2025-10-20T14:17:26.061Z</time></trkpt><trkpt lat="47.60864430" lon="19.14686640"><ele>136.80</ele><time>2025-10-20T14:17:26.262Z</time></trkpt><trkpt lat="47.60864430" lon="19.14686640"><ele>136.79</ele><time>2025-10-20T14:17:26.465Z</time></trkpt><trkpt lat="47.60864430" lon="19.14686650"><ele>136.79</ele><time>2025-10-20T14:17:26.665Z</time></trkpt><trkpt lat="47.60864430" lon="19.14686650"><ele>136.79</ele><time>2025-10-20T14:17:26.869Z</time></trkpt><trkpt lat="47.60864420" lon="19.14686650"><ele>136.78</ele><time>2025-10-20T14:17:27.069Z</time></trkpt><trkpt lat="47.60864420" lon="19.14686640"><ele>136.78</ele><time>2025-10-20T14:17:27.270Z</time></trkpt><trkpt lat="47.60864420" lon="19.14686640"><ele>136.78</ele><time>2025-10-20T14:17:27.473Z</time></trkpt><trkpt lat="47.60864430" lon="19.14686640"><ele>136.78</ele><time>2025-10-20T14:17:27.674Z</time></trkpt><trkpt lat="47.60864430" lon="19.14686640"><ele>136.78</ele><time>2025-10-20T14:17:27.874Z</time></trkpt><trkpt lat="47.60864430" lon="19.14686640"><ele>136.78</ele><time>2025-10-20T14:17:28.056Z</time></trkpt><trkpt lat="47.60864430" lon="19.14686640"><ele>136.78</ele><time>2025-10-20T14:17:28.258Z</time></trkpt><trkpt lat="47.60864430" lon="19.14686640"><ele>136.78</ele><time>2025-10-20T14:17:28.459Z</time></trkpt><trkpt lat="47.60864430" lon="19.14686640"><ele>136.77</ele><time>2025-10-20T14:17:28.660Z</time></trkpt><trkpt lat="47.60864430" lon="19.14686640"><ele>136.77</ele><time>2025-10-20T14:17:28.860Z</time></trkpt><trkpt lat="47.60864430" lon="19.14686650"><ele>136.77</ele><time>2025-10-20T14:17:29.080Z</time></trkpt><trkpt lat="47.60864430" lon="19.14686650"><ele>136.77</ele><time>2025-10-20T14:17:29.263Z</time></trkpt><trkpt lat="47.60864430" lon="19.14686650"><ele>136.77</ele><time>2025-10-20T14:17:29.485Z</time></trkpt><trkpt lat="47.60864430" lon="19.14686650"><ele>136.77</ele><time>2025-10-20T14:17:29.666Z</time></trkpt><trkpt lat="47.60864430" lon="19.14686640"><ele>136.77</ele><time>2025-10-20T14:17:29.866Z</time></trkpt><trkpt lat="47.60864440" lon="19.14686640"><ele>136.77</ele><time>2025-10-20T14:17:30.066Z</time></trkpt><trkpt lat="47.60864440" lon="19.14686640"><ele>136.77</ele><time>2025-10-20T14:17:30.269Z</time></trkpt><trkpt lat="47.60864430" lon="19.14686630"><ele>136.76</ele><time>2025-10-20T14:17:30.471Z</time></trkpt><trkpt lat="47.60864430" lon="19.14686630"><ele>136.76</ele><time>2025-10-20T14:17:30.671Z</time></trkpt><trkpt lat="47.60864430" lon="19.14686640"><ele>136.76</ele><time>2025-10-20T14:17:30.871Z</time></trkpt><trkpt lat="47.60864430" lon="19.14686640"><ele>136.76</ele><time>2025-10-20T14:17:31.073Z</time></trkpt><trkpt lat="47.60864430" lon="19.14686640"><ele>136.76</ele><time>2025-10-20T14:17:31.274Z</time></trkpt><trkpt lat="47.60864430" lon="19.14686640"><ele>136.76</ele><time>2025-10-20T14:17:31.475Z</time></trkpt><trkpt lat="47.60864420" lon="19.14686640"><ele>136.76</ele><time>2025-10-20T14:17:31.676Z</time></trkpt><trkpt lat="47.60864420" lon="19.14686640"><ele>136.76</ele><time>2025-10-20T14:17:31.876Z</time></trkpt><trkpt lat="47.60864420" lon="19.14686650"><ele>136.76</ele><time>2025-10-20T14:17:32.076Z</time></trkpt><trkpt lat="47.60864420" lon="19.14686650"><ele>136.76</ele><time>2025-10-20T14:17:32.277Z</time></trkpt><trkpt lat="47.60864420" lon="19.14686650"><ele>136.76</ele><time>2025-10-20T14:17:32.477Z</time></trkpt><trkpt lat="47.60864420" lon="19.14686650"><ele>136.76</ele><time>2025-10-20T14:17:32.677Z</time></trkpt><trkpt lat="47.60864420" lon="19.14686660"><ele>136.76</ele><time>2025-10-20T14:17:32.877Z</time></trkpt><trkpt lat="47.60864430" lon="19.14686670"><ele>136.75</ele><time>2025-10-20T14:17:33.078Z</time></trkpt><trkpt lat="47.60864430" lon="19.14686680"><ele>136.75</ele><time>2025-10-20T14:17:33.279Z</time></trkpt><trkpt lat="47.60864440" lon="19.14686690"><ele>136.75</ele><time>2025-10-20T14:17:33.480Z</time></trkpt><trkpt lat="47.60864440" lon="19.14686700"><ele>136.74</ele><time>2025-10-20T14:17:33.680Z</time></trkpt><trkpt lat="47.60864440" lon="19.14686710"><ele>136.74</ele><time>2025-10-20T14:17:33.882Z</time></trkpt><trkpt lat="47.60864440" lon="19.14686720"><ele>136.73</ele><time>2025-10-20T14:17:34.082Z</time></trkpt><trkpt lat="47.60864440" lon="19.14686730"><ele>136.73</ele><time>2025-10-20T14:17:34.283Z</time></trkpt><trkpt lat="47.60864440" lon="19.14686730"><ele>136.72</ele><time>2025-10-20T14:17:34.483Z</time></trkpt><trkpt lat="47.60864450" lon="19.14686740"><ele>136.72</ele><time>2025-10-20T14:17:34.684Z</time></trkpt><trkpt lat="47.60864450" lon="19.14686750"><ele>136.72</ele><time>2025-10-20T14:17:34.885Z</time></trkpt><trkpt lat="47.60864450" lon="19.14686760"><ele>136.72</ele><time>2025-10-20T14:17:35.086Z</time></trkpt><trkpt lat="47.60864450" lon="19.14686770"><ele>136.72</ele><time>2025-10-20T14:17:35.289Z</time></trkpt><trkpt lat="47.60864450" lon="19.14686770"><ele>136.72</ele><time>2025-10-20T14:17:35.490Z</time></trkpt><trkpt lat="47.60864440" lon="19.14686780"><ele>136.72</ele><time>2025-10-20T14:17:35.690Z</time></trkpt><trkpt lat="47.60864440" lon="19.14686780"><ele>136.72</ele><time>2025-10-20T14:17:35.890Z</time></trkpt><trkpt lat="47.60864440" lon="19.14686780"><ele>136.71</ele><time>2025-10-20T14:17:36.093Z</time></trkpt><trkpt lat="47.60864440" lon="19.14686790"><ele>136.71</ele><time>2025-10-20T14:17:36.295Z</time></trkpt><trkpt lat="47.60864440" lon="19.14686790"><ele>136.71</ele><time>2025-10-20T14:17:36.496Z</time></trkpt><trkpt lat="47.60864440" lon="19.14686800"><ele>136.70</ele><time>2025-10-20T14:17:36.697Z</time></trkpt><trkpt lat="47.60864440" lon="19.14686800"><ele>136.71</ele><time>2025-10-20T14:17:36.899Z</time></trkpt><trkpt lat="47.60864440" lon="19.14686800"><ele>136.71</ele><time>2025-10-20T14:17:37.101Z</time></trkpt><trkpt lat="47.60864440" lon="19.14686800"><ele>136.71</ele><time>2025-10-20T14:17:37.304Z</time></trkpt><trkpt lat="47.60864440" lon="19.14686800"><ele>136.71</ele><time>2025-10-20T14:17:37.486Z</time></trkpt><trkpt lat="47.60864440" lon="19.14686810"><ele>136.72</ele><time>2025-10-20T14:17:37.688Z</time></trkpt><trkpt lat="47.60864440" lon="19.14686810"><ele>136.72</ele><time>2025-10-20T14:17:37.891Z</time></trkpt><trkpt lat="47.60864440" lon="19.14686810"><ele>136.72</ele><time>2025-10-20T14:17:38.091Z</time></trkpt><trkpt lat="47.60864440" lon="19.14686810"><ele>136.72</ele><time>2025-10-20T14:17:38.297Z</time></trkpt><trkpt lat="47.60864450" lon="19.14686820"><ele>136.72</ele><time>2025-10-20T14:17:38.499Z</time></trkpt><trkpt lat="47.60864450" lon="19.14686820"><ele>136.72</ele><time>2025-10-20T14:17:38.699Z</time></trkpt><trkpt lat="47.60864450" lon="19.14686830"><ele>136.72</ele><time>2025-10-20T14:17:38.899Z</time></trkpt><trkpt lat="47.60864450" lon="19.14686830"><ele>136.72</ele><time>2025-10-20T14:17:39.100Z</time></trkpt><trkpt lat="47.60864450" lon="19.14686830"><ele>136.72</ele><time>2025-10-20T14:17:39.301Z</time></trkpt><trkpt lat="47.60864450" lon="19.14686820"><ele>136.72</ele><time>2025-10-20T14:17:39.502Z</time></trkpt><trkpt lat="47.60864460" lon="19.14686820"><ele>136.72</ele><time>2025-10-20T14:17:39.702Z</time></trkpt><trkpt lat="47.60864460" lon="19.14686810"><ele>136.72</ele><time>2025-10-20T14:17:39.902Z</time></trkpt><trkpt lat="47.60864460" lon="19.14686810"><ele>136.72</ele><time>2025-10-20T14:17:40.102Z</time></trkpt><trkpt lat="47.60864470" lon="19.14686810"><ele>136.72</ele><time>2025-10-20T14:17:40.303Z</time></trkpt><trkpt lat="47.60864470" lon="19.14686810"><ele>136.72</ele><time>2025-10-20T14:17:40.503Z</time></trkpt><trkpt lat="47.60864460" lon="19.14686800"><ele>136.72</ele><time>2025-10-20T14:17:40.724Z</time></trkpt><trkpt lat="47.60864460" lon="19.14686790"><ele>136.73</ele><time>2025-10-20T14:17:40.905Z</time></trkpt><trkpt lat="47.60864460" lon="19.14686780"><ele>136.74</ele><time>2025-10-20T14:17:41.104Z</time></trkpt><trkpt lat="47.60864450" lon="19.14686760"><ele>136.75</ele><time>2025-10-20T14:17:41.324Z</time></trkpt><trkpt lat="47.60864450" lon="19.14686750"><ele>136.75</ele><time>2025-10-20T14:17:41.506Z</time></trkpt><trkpt lat="47.60864440" lon="19.14686740"><ele>136.75</ele><time>2025-10-20T14:17:41.705Z</time></trkpt><trkpt lat="47.60864440" lon="19.14686730"><ele>136.76</ele><time>2025-10-20T14:17:41.905Z</time></trkpt><trkpt lat="47.60864430" lon="19.14686720"><ele>136.76</ele><time>2025-10-20T14:17:42.106Z</time></trkpt><trkpt lat="47.60864430" lon="19.14686710"><ele>136.76</ele><time>2025-10-20T14:17:42.309Z</time></trkpt><trkpt lat="47.60864430" lon="19.14686700"><ele>136.76</ele><time>2025-10-20T14:17:42.511Z</time></trkpt><trkpt lat="47.60864420" lon="19.14686690"><ele>136.76</ele><time>2025-10-20T14:17:42.711Z</time></trkpt><trkpt lat="47.60864420" lon="19.14686680"><ele>136.76</ele><time>2025-10-20T14:17:42.912Z</time></trkpt><trkpt lat="47.60864420" lon="19.14686670"><ele>136.76</ele><time>2025-10-20T14:17:43.113Z</time></trkpt><trkpt lat="47.60864420" lon="19.14686670"><ele>136.76</ele><time>2025-10-20T14:17:43.317Z</time></trkpt><trkpt lat="47.60864420" lon="19.14686660"><ele>136.76</ele><time>2025-10-20T14:17:43.520Z</time></trkpt><trkpt lat="47.60864420" lon="19.14686660"><ele>136.77</ele><time>2025-10-20T14:17:43.720Z</time></trkpt><trkpt lat="47.60864420" lon="19.14686660"><ele>136.77</ele><time>2025-10-20T14:17:43.921Z</time></trkpt><trkpt lat="47.60864420" lon="19.14686660"><ele>136.77</ele><time>2025-10-20T14:17:44.122Z</time></trkpt><trkpt lat="47.60864420" lon="19.14686660"><ele>136.77</ele><time>2025-10-20T14:17:44.323Z</time></trkpt><trkpt lat="47.60864420" lon="19.14686660"><ele>136.78</ele><time>2025-10-20T14:17:44.527Z</time></trkpt><trkpt lat="47.60864420" lon="19.14686650"><ele>136.78</ele><time>2025-10-20T14:17:44.727Z</time></trkpt><trkpt lat="47.60864420" lon="19.14686650"><ele>136.78</ele><time>2025-10-20T14:17:44.927Z</time></trkpt><trkpt lat="47.60864420" lon="19.14686650"><ele>136.79</ele><time>2025-10-20T14:17:45.130Z</time></trkpt><trkpt lat="47.60864420" lon="19.14686650"><ele>136.79</ele><time>2025-10-20T14:17:45.333Z</time></trkpt><trkpt lat="47.60864420" lon="19.14686650"><ele>136.79</ele><time>2025-10-20T14:17:45.535Z</time></trkpt><trkpt lat="47.60864420" lon="19.14686640"><ele>136.80</ele><time>2025-10-20T14:17:45.735Z</time></trkpt><trkpt lat="47.60864420" lon="19.14686650"><ele>136.80</ele><time>2025-10-20T14:17:45.936Z</time></trkpt><trkpt lat="47.60864420" lon="19.14686650"><ele>136.80</ele><time>2025-10-20T14:17:46.136Z</time></trkpt><trkpt lat="47.60864420" lon="19.14686640"><ele>136.80</ele><time>2025-10-20T14:17:46.337Z</time></trkpt><trkpt lat="47.60864420" lon="19.14686640"><ele>136.80</ele><time>2025-10-20T14:17:46.539Z</time></trkpt><trkpt lat="47.60864420" lon="19.14686640"><ele>136.80</ele><time>2025-10-20T14:17:46.739Z</time></trkpt><trkpt lat="47.60864420" lon="19.14686640"><ele>136.79</ele><time>2025-10-20T14:17:46.940Z</time></trkpt><trkpt lat="47.60864420" lon="19.14686640"><ele>136.79</ele><time>2025-10-20T14:17:47.141Z</time></trkpt><trkpt lat="47.60864420" lon="19.14686640"><ele>136.79</ele><time>2025-10-20T14:17:47.345Z</time></trkpt><trkpt lat="47.60864420" lon="19.14686630"><ele>136.79</ele><time>2025-10-20T14:17:47.548Z</time></trkpt><trkpt lat="47.60864420" lon="19.14686630"><ele>136.78</ele><time>2025-10-20T14:17:47.748Z</time></trkpt><trkpt lat="47.60864420" lon="19.14686630"><ele>136.78</ele><time>2025-10-20T14:17:47.949Z</time></trkpt><trkpt lat="47.60864420" lon="19.14686630"><ele>136.78</ele><time>2025-10-20T14:17:48.150Z</time></trkpt><trkpt lat="47.60864420" lon="19.14686620"><ele>136.78</ele><time>2025-10-20T14:17:48.353Z</time></trkpt><trkpt lat="47.60864420" lon="19.14686620"><ele>136.77</ele><time>2025-10-20T14:17:48.537Z</time></trkpt><trkpt lat="47.60864420" lon="19.14686620"><ele>136.77</ele><time>2025-10-20T14:17:48.738Z</time></trkpt><trkpt lat="47.60864420" lon="19.14686630"><ele>136.77</ele><time>2025-10-20T14:17:48.938Z</time></trkpt><trkpt lat="47.60864420" lon="19.14686630"><ele>136.77</ele><time>2025-10-20T14:17:49.138Z</time></trkpt><trkpt lat="47.60864420" lon="19.14686630"><ele>136.77</ele><time>2025-10-20T14:17:49.341Z</time></trkpt><trkpt lat="47.60864420" lon="19.14686630"><ele>136.77</ele><time>2025-10-20T14:17:49.541Z</time></trkpt><trkpt lat="47.60864420" lon="19.14686630"><ele>136.76</ele><time>2025-10-20T14:17:49.742Z</time></trkpt><trkpt lat="47.60864430" lon="19.14686630"><ele>136.76</ele><time>2025-10-20T14:17:49.943Z</time></trkpt><trkpt lat="47.60864430" lon="19.14686630"><ele>136.76</ele><time>2025-10-20T14:17:50.142Z</time></trkpt><trkpt lat="47.60864430" lon="19.14686630"><ele>136.76</ele><time>2025-10-20T14:17:50.343Z</time></trkpt><trkpt lat="47.60864430" lon="19.14686630"><ele>136.76</ele><time>2025-10-20T14:17:50.544Z</time></trkpt><trkpt lat="47.60864430" lon="19.14686630"><ele>136.76</ele><time>2025-10-20T14:17:50.744Z</time></trkpt><trkpt lat="47.60864430" lon="19.14686630"><ele>136.76</ele><time>2025-10-20T14:17:50.944Z</time></trkpt><trkpt lat="47.60864430" lon="19.14686630"><ele>136.76</ele><time>2025-10-20T14:17:51.146Z</time></trkpt><trkpt lat="47.60864430" lon="19.14686630"><ele>136.76</ele><time>2025-10-20T14:17:51.346Z</time></trkpt><trkpt lat="47.60864440" lon="19.14686630"><ele>136.76</ele><time>2025-10-20T14:17:51.547Z</time></trkpt><trkpt lat="47.60864440" lon="19.14686630"><ele>136.76</ele><time>2025-10-20T14:17:51.747Z</time></trkpt><trkpt lat="47.60864440" lon="19.14686630"><ele>136.76</ele><time>2025-10-20T14:17:51.947Z</time></trkpt><trkpt lat="47.60864430" lon="19.14686640"><ele>136.76</ele><time>2025-10-20T14:17:52.148Z</time></trkpt><trkpt lat="47.60864430" lon="19.14686640"><ele>136.76</ele><time>2025-10-20T14:17:52.348Z</time></trkpt><trkpt lat="47.60864440" lon="19.14686640"><ele>136.76</ele><time>2025-10-20T14:17:52.548Z</time></trkpt><trkpt lat="47.60864440" lon="19.14686640"><ele>136.76</ele><time>2025-10-20T14:17:52.748Z</time></trkpt><trkpt lat="47.60864440" lon="19.14686640"><ele>136.76</ele><time>2025-10-20T14:17:52.949Z</time></trkpt><trkpt lat="47.60864440" lon="19.14686640"><ele>136.77</ele><time>2025-10-20T14:17:53.148Z</time></trkpt><trkpt lat="47.60864450" lon="19.14686640"><ele>136.77</ele><time>2025-10-20T14:17:53.349Z</time></trkpt><trkpt lat="47.60864450" lon="19.14686640"><ele>136.77</ele><time>2025-10-20T14:17:53.550Z</time></trkpt><trkpt lat="47.60864450" lon="19.14686640"><ele>136.77</ele><time>2025-10-20T14:17:53.750Z</time></trkpt><trkpt lat="47.60864450" lon="19.14686640"><ele>136.77</ele><time>2025-10-20T14:17:53.950Z</time></trkpt><trkpt lat="47.60864450" lon="19.14686630"><ele>136.77</ele><time>2025-10-20T14:17:54.150Z</time></trkpt><trkpt lat="47.60864450" lon="19.14686630"><ele>136.77</ele><time>2025-10-20T14:17:54.356Z</time></trkpt><trkpt lat="47.60864450" lon="19.14686630"><ele>136.77</ele><time>2025-10-20T14:17:54.556Z</time></trkpt><trkpt lat="47.60864450" lon="19.14686630"><ele>136.78</ele><time>2025-10-20T14:17:54.758Z</time></trkpt><trkpt lat="47.60864450" lon="19.14686640"><ele>136.78</ele><time>2025-10-20T14:17:54.959Z</time></trkpt><trkpt lat="47.60864450" lon="19.14686640"><ele>136.78</ele><time>2025-10-20T14:17:55.160Z</time></trkpt><trkpt lat="47.60864450" lon="19.14686640"><ele>136.78</ele><time>2025-10-20T14:17:55.362Z</time></trkpt><trkpt lat="47.60864440" lon="19.14686640"><ele>136.78</ele><time>2025-10-20T14:17:55.562Z</time></trkpt><trkpt lat="47.60864440" lon="19.14686640"><ele>136.78</ele><time>2025-10-20T14:17:55.762Z</time></trkpt><trkpt lat="47.60864450" lon="19.14686640"><ele>136.78</ele><time>2025-10-20T14:17:55.963Z</time></trkpt><trkpt lat="47.60864450" lon="19.14686640"><ele>136.78</ele><time>2025-10-20T14:17:56.164Z</time></trkpt><trkpt lat="47.60864450" lon="19.14686630"><ele>136.78</ele><time>2025-10-20T14:17:56.365Z</time></trkpt><trkpt lat="47.60864450" lon="19.14686630"><ele>136.79</ele><time>2025-10-20T14:17:56.566Z</time></trkpt><trkpt lat="47.60864460" lon="19.14686630"><ele>136.79</ele><time>2025-10-20T14:17:56.766Z</time></trkpt><trkpt lat="47.60864460" lon="19.14686630"><ele>136.80</ele><time>2025-10-20T14:17:56.967Z</time></trkpt><trkpt lat="47.60864460" lon="19.14686630"><ele>136.80</ele><time>2025-10-20T14:17:57.152Z</time></trkpt><trkpt lat="47.60864460" lon="19.14686630"><ele>136.80</ele><time>2025-10-20T14:17:57.353Z</time></trkpt><trkpt lat="47.60864460" lon="19.14686630"><ele>136.81</ele><time>2025-10-20T14:17:57.555Z</time></trkpt><trkpt lat="47.60864460" lon="19.14686630"><ele>136.81</ele><time>2025-10-20T14:17:57.756Z</time></trkpt><trkpt lat="47.60864460" lon="19.14686630"><ele>136.81</ele><time>2025-10-20T14:17:57.958Z</time></trkpt><trkpt lat="47.60864460" lon="19.14686630"><ele>136.81</ele><time>2025-10-20T14:17:58.162Z</time></trkpt><trkpt lat="47.60864460" lon="19.14686630"><ele>136.82</ele><time>2025-10-20T14:17:58.365Z</time></trkpt><trkpt lat="47.60864470" lon="19.14686640"><ele>136.83</ele><time>2025-10-20T14:17:58.569Z</time></trkpt><trkpt lat="47.60864470" lon="19.14686640"><ele>136.83</ele><time>2025-10-20T14:17:58.770Z</time></trkpt><trkpt lat="47.60864470" lon="19.14686640"><ele>136.84</ele><time>2025-10-20T14:17:58.970Z</time></trkpt><trkpt lat="47.60864470" lon="19.14686640"><ele>136.85</ele><time>2025-10-20T14:17:59.171Z</time></trkpt><trkpt lat="47.60864470" lon="19.14686640"><ele>136.85</ele><time>2025-10-20T14:17:59.374Z</time></trkpt><trkpt lat="47.60864470" lon="19.14686640"><ele>136.85</ele><time>2025-10-20T14:17:59.575Z</time></trkpt><trkpt lat="47.60864470" lon="19.14686640"><ele>136.85</ele><time>2025-10-20T14:17:59.776Z</time></trkpt><trkpt lat="47.60864470" lon="19.14686640"><ele>136.86</ele><time>2025-10-20T14:17:59.977Z</time></trkpt><trkpt lat="47.60864460" lon="19.14686640"><ele>136.86</ele><time>2025-10-20T14:18:00.177Z</time></trkpt><trkpt lat="47.60864460" lon="19.14686630"><ele>136.86</ele><time>2025-10-20T14:18:00.378Z</time></trkpt><trkpt lat="47.60864460" lon="19.14686630"><ele>136.86</ele><time>2025-10-20T14:18:00.579Z</time></trkpt><trkpt lat="47.60864450" lon="19.14686630"><ele>136.86</ele><time>2025-10-20T14:18:00.779Z</time></trkpt><trkpt lat="47.60864450" lon="19.14686630"><ele>136.86</ele><time>2025-10-20T14:18:00.979Z</time></trkpt><trkpt lat="47.60864450" lon="19.14686630"><ele>136.86</ele><time>2025-10-20T14:18:01.160Z</time></trkpt><trkpt lat="47.60864450" lon="19.14686630"><ele>136.86</ele><time>2025-10-20T14:18:01.362Z</time></trkpt><trkpt lat="47.60864450" lon="19.14686630"><ele>136.86</ele><time>2025-10-20T14:18:01.563Z</time></trkpt><trkpt lat="47.60864450" lon="19.14686630"><ele>136.85</ele><time>2025-10-20T14:18:01.763Z</time></trkpt><trkpt lat="47.60864440" lon="19.14686630"><ele>136.85</ele><time>2025-10-20T14:18:01.963Z</time></trkpt><trkpt lat="47.60864440" lon="19.14686640"><ele>136.85</ele><time>2025-10-20T14:18:02.163Z</time></trkpt><trkpt lat="47.60864440" lon="19.14686650"><ele>136.84</ele><time>2025-10-20T14:18:02.365Z</time></trkpt><trkpt lat="47.60864430" lon="19.14686650"><ele>136.84</ele><time>2025-10-20T14:18:02.567Z</time></trkpt><trkpt lat="47.60864430" lon="19.14686660"><ele>136.83</ele><time>2025-10-20T14:18:02.767Z</time></trkpt><trkpt lat="47.60864430" lon="19.14686660"><ele>136.82</ele><time>2025-10-20T14:18:02.967Z</time></trkpt><trkpt lat="47.60864420" lon="19.14686670"><ele>136.82</ele><time>2025-10-20T14:18:03.167Z</time></trkpt><trkpt lat="47.60864420" lon="19.14686670"><ele>136.81</ele><time>2025-10-20T14:18:03.369Z</time></trkpt><trkpt lat="47.60864420" lon="19.14686670"><ele>136.81</ele><time>2025-10-20T14:18:03.570Z</time></trkpt><trkpt lat="47.60864420" lon="19.14686680"><ele>136.81</ele><time>2025-10-20T14:18:03.770Z</time></trkpt><trkpt lat="47.60864420" lon="19.14686680"><ele>136.80</ele><time>2025-10-20T14:18:03.970Z</time></trkpt><trkpt lat="47.60864430" lon="19.14686680"><ele>136.80</ele><time>2025-10-20T14:18:04.170Z</time></trkpt><trkpt lat="47.60864420" lon="19.14686680"><ele>136.80</ele><time>2025-10-20T14:18:04.372Z</time></trkpt><trkpt lat="47.60864420" lon="19.14686680"><ele>136.80</ele><time>2025-10-20T14:18:04.573Z</time></trkpt><trkpt lat="47.60864420" lon="19.14686680"><ele>136.80</ele><time>2025-10-20T14:18:04.774Z</time></trkpt><trkpt lat="47.60864420" lon="19.14686690"><ele>136.80</ele><time>2025-10-20T14:18:04.974Z</time></trkpt><trkpt lat="47.60864420" lon="19.14686690"><ele>136.80</ele><time>2025-10-20T14:18:05.174Z</time></trkpt><trkpt lat="47.60864420" lon="19.14686690"><ele>136.80</ele><time>2025-10-20T14:18:05.374Z</time></trkpt><trkpt lat="47.60864420" lon="19.14686680"><ele>136.80</ele><time>2025-10-20T14:18:05.576Z</time></trkpt><trkpt lat="47.60864420" lon="19.14686680"><ele>136.81</ele><time>2025-10-20T14:18:05.776Z</time></trkpt><trkpt lat="47.60864420" lon="19.14686680"><ele>136.81</ele><time>2025-10-20T14:18:05.976Z</time></trkpt><trkpt lat="47.60864420" lon="19.14686680"><ele>136.81</ele><time>2025-10-20T14:18:06.177Z</time></trkpt><trkpt lat="47.60864420" lon="19.14686670"><ele>136.81</ele><time>2025-10-20T14:18:06.378Z</time></trkpt><trkpt lat="47.60864420" lon="19.14686670"><ele>136.81</ele><time>2025-10-20T14:18:06.578Z</time></trkpt><trkpt lat="47.60864420" lon="19.14686670"><ele>136.81</ele><time>2025-10-20T14:18:06.779Z</time></trkpt><trkpt lat="47.60864420" lon="19.14686670"><ele>136.81</ele><time>2025-10-20T14:18:06.979Z</time></trkpt><trkpt lat="47.60864420" lon="19.14686660"><ele>136.81</ele><time>2025-10-20T14:18:07.179Z</time></trkpt><trkpt lat="47.60864420" lon="19.14686660"><ele>136.81</ele><time>2025-10-20T14:18:07.380Z</time></trkpt><trkpt lat="47.60864420" lon="19.14686660"><ele>136.81</ele><time>2025-10-20T14:18:07.581Z</time></trkpt><trkpt lat="47.60864420" lon="19.14686660"><ele>136.81</ele><time>2025-10-20T14:18:07.781Z</time></trkpt><trkpt lat="47.60864420" lon="19.14686660"><ele>136.80</ele><time>2025-10-20T14:18:07.981Z</time></trkpt><trkpt lat="47.60864430" lon="19.14686660"><ele>136.80</ele><time>2025-10-20T14:18:08.181Z</time></trkpt><trkpt lat="47.60864430" lon="19.14686660"><ele>136.80</ele><time>2025-10-20T14:18:08.381Z</time></trkpt><trkpt lat="47.60864430" lon="19.14686650"><ele>136.80</ele><time>2025-10-20T14:18:08.582Z</time></trkpt><trkpt lat="47.60864430" lon="19.14686650"><ele>136.80</ele><time>2025-10-20T14:18:08.783Z</time></trkpt><trkpt lat="47.60864430" lon="19.14686650"><ele>136.80</ele><time>2025-10-20T14:18:08.982Z</time></trkpt><trkpt lat="47.60864430" lon="19.14686660"><ele>136.80</ele><time>2025-10-20T14:18:09.182Z</time></trkpt><trkpt lat="47.60864430" lon="19.14686660"><ele>136.80</ele><time>2025-10-20T14:18:09.366Z</time></trkpt><trkpt lat="47.60864430" lon="19.14686650"><ele>136.79</ele><time>2025-10-20T14:18:09.565Z</time></trkpt><trkpt lat="47.60864440" lon="19.14686650"><ele>136.79</ele><time>2025-10-20T14:18:09.766Z</time></trkpt><trkpt lat="47.60864440" lon="19.14686650"><ele>136.79</ele><time>2025-10-20T14:18:09.966Z</time></trkpt><trkpt lat="47.60864440" lon="19.14686660"><ele>136.78</ele><time>2025-10-20T14:18:10.166Z</time></trkpt><trkpt lat="47.60864440" lon="19.14686650"><ele>136.78</ele><time>2025-10-20T14:18:10.387Z</time></trkpt><trkpt lat="47.60864440" lon="19.14686650"><ele>136.78</ele><time>2025-10-20T14:18:10.566Z</time></trkpt><trkpt lat="47.60864440" lon="19.14686650"><ele>136.77</ele><time>2025-10-20T14:18:10.768Z</time></trkpt><trkpt lat="47.60864440" lon="19.14686650"><ele>136.77</ele><time>2025-10-20T14:18:10.969Z</time></trkpt><trkpt lat="47.60864440" lon="19.14686650"><ele>136.77</ele><time>2025-10-20T14:18:11.169Z</time></trkpt><trkpt lat="47.60864440" lon="19.14686640"><ele>136.77</ele><time>2025-10-20T14:18:11.371Z</time></trkpt><trkpt lat="47.60864440" lon="19.14686640"><ele>136.77</ele><time>2025-10-20T14:18:11.571Z</time></trkpt><trkpt lat="47.60864440" lon="19.14686640"><ele>136.78</ele><time>2025-10-20T14:18:11.772Z</time></trkpt><trkpt lat="47.60864440" lon="19.14686640"><ele>136.77</ele><time>2025-10-20T14:18:11.972Z</time></trkpt><trkpt lat="47.60864430" lon="19.14686640"><ele>136.77</ele><time>2025-10-20T14:18:12.172Z</time></trkpt><trkpt lat="47.60864440" lon="19.14686630"><ele>136.77</ele><time>2025-10-20T14:18:12.375Z</time></trkpt><trkpt lat="47.60864440" lon="19.14686640"><ele>136.77</ele><time>2025-10-20T14:18:12.576Z</time></trkpt><trkpt lat="47.60864440" lon="19.14686640"><ele>136.77</ele><time>2025-10-20T14:18:12.778Z</time></trkpt><trkpt lat="47.60864440" lon="19.14686640"><ele>136.78</ele><time>2025-10-20T14:18:12.978Z</time></trkpt><trkpt lat="47.60864430" lon="19.14686630"><ele>136.77</ele><time>2025-10-20T14:18:13.178Z</time></trkpt><trkpt lat="47.60864440" lon="19.14686630"><ele>136.77</ele><time>2025-10-20T14:18:13.383Z</time></trkpt><trkpt lat="47.60864440" lon="19.14686630"><ele>136.78</ele><time>2025-10-20T14:18:13.586Z</time></trkpt><trkpt lat="47.60864430" lon="19.14686630"><ele>136.78</ele><time>2025-10-20T14:18:13.787Z</time></trkpt><trkpt lat="47.60864430" lon="19.14686640"><ele>136.78</ele><time>2025-10-20T14:18:13.987Z</time></trkpt><trkpt lat="47.60864430" lon="19.14686640"><ele>136.78</ele><time>2025-10-20T14:18:14.171Z</time></trkpt><trkpt lat="47.60864420" lon="19.14686630"><ele>136.78</ele><time>2025-10-20T14:18:14.373Z</time></trkpt><trkpt lat="47.60864420" lon="19.14686630"><ele>136.78</ele><time>2025-10-20T14:18:14.573Z</time></trkpt><trkpt lat="47.60864420" lon="19.14686630"><ele>136.78</ele><time>2025-10-20T14:18:14.772Z</time></trkpt><trkpt lat="47.60864420" lon="19.14686630"><ele>136.79</ele><time>2025-10-20T14:18:14.973Z</time></trkpt><trkpt lat="47.60864420" lon="19.14686630"><ele>136.79</ele><time>2025-10-20T14:18:15.173Z</time></trkpt><trkpt lat="47.60864410" lon="19.14686630"><ele>136.79</ele><time>2025-10-20T14:18:15.374Z</time></trkpt><trkpt lat="47.60864410" lon="19.14686640"><ele>136.79</ele><time>2025-10-20T14:18:15.575Z</time></trkpt><trkpt lat="47.60864410" lon="19.14686650"><ele>136.79</ele><time>2025-10-20T14:18:15.776Z</time></trkpt><trkpt lat="47.60864410" lon="19.14686650"><ele>136.79</ele><time>2025-10-20T14:18:15.976Z</time></trkpt><trkpt lat="47.60864410" lon="19.14686650"><ele>136.79</ele><time>2025-10-20T14:18:16.177Z</time></trkpt><trkpt lat="47.60864410" lon="19.14686650"><ele>136.79</ele><time>2025-10-20T14:18:16.381Z</time></trkpt><trkpt lat="47.60864410" lon="19.14686650"><ele>136.79</ele><time>2025-10-20T14:18:16.584Z</time></trkpt><trkpt lat="47.60864410" lon="19.14686650"><ele>136.79</ele><time>2025-10-20T14:18:16.784Z</time></trkpt><trkpt lat="47.60864410" lon="19.14686660"><ele>136.79</ele><time>2025-10-20T14:18:16.987Z</time></trkpt><trkpt lat="47.60864410" lon="19.14686660"><ele>136.79</ele><time>2025-10-20T14:18:17.188Z</time></trkpt><trkpt lat="47.60864400" lon="19.14686670"><ele>136.79</ele><time>2025-10-20T14:18:17.389Z</time></trkpt><trkpt lat="47.60864400" lon="19.14686670"><ele>136.79</ele><time>2025-10-20T14:18:17.590Z</time></trkpt><trkpt lat="47.60864400" lon="19.14686670"><ele>136.79</ele><time>2025-10-20T14:18:17.792Z</time></trkpt><trkpt lat="47.60864400" lon="19.14686670"><ele>136.80</ele><time>2025-10-20T14:18:17.994Z</time></trkpt><trkpt lat="47.60864400" lon="19.14686660"><ele>136.80</ele><time>2025-10-20T14:18:18.176Z</time></trkpt><trkpt lat="47.60864400" lon="19.14686660"><ele>136.80</ele><time>2025-10-20T14:18:18.378Z</time></trkpt><trkpt lat="47.60864400" lon="19.14686660"><ele>136.80</ele><time>2025-10-20T14:18:18.580Z</time></trkpt><trkpt lat="47.60864400" lon="19.14686660"><ele>136.80</ele><time>2025-10-20T14:18:18.782Z</time></trkpt><trkpt lat="47.60864400" lon="19.14686660"><ele>136.81</ele><time>2025-10-20T14:18:18.983Z</time></trkpt><trkpt lat="47.60864390" lon="19.14686670"><ele>136.81</ele><time>2025-10-20T14:18:19.184Z</time></trkpt><trkpt lat="47.60864390" lon="19.14686660"><ele>136.81</ele><time>2025-10-20T14:18:19.388Z</time></trkpt><trkpt lat="47.60864390" lon="19.14686660"><ele>136.81</ele><time>2025-10-20T14:18:19.590Z</time></trkpt><trkpt lat="47.60864390" lon="19.14686660"><ele>136.81</ele><time>2025-10-20T14:18:19.791Z</time></trkpt><trkpt lat="47.60864390" lon="19.14686650"><ele>136.81</ele><time>2025-10-20T14:18:19.992Z</time></trkpt><trkpt lat="47.60864390" lon="19.14686650"><ele>136.82</ele><time>2025-10-20T14:18:20.195Z</time></trkpt><trkpt lat="47.60864390" lon="19.14686650"><ele>136.82</ele><time>2025-10-20T14:18:20.400Z</time></trkpt><trkpt lat="47.60864390" lon="19.14686650"><ele>136.82</ele><time>2025-10-20T14:18:20.581Z</time></trkpt><trkpt lat="47.60864390" lon="19.14686650"><ele>136.82</ele><time>2025-10-20T14:18:20.780Z</time></trkpt><trkpt lat="47.60864390" lon="19.14686650"><ele>136.83</ele><time>2025-10-20T14:18:21.000Z</time></trkpt><trkpt lat="47.60864390" lon="19.14686650"><ele>136.83</ele><time>2025-10-20T14:18:21.180Z</time></trkpt><trkpt lat="47.60864390" lon="19.14686660"><ele>136.83</ele><time>2025-10-20T14:18:21.385Z</time></trkpt><trkpt lat="47.60864390" lon="19.14686650"><ele>136.83</ele><time>2025-10-20T14:18:21.585Z</time></trkpt><trkpt lat="47.60864400" lon="19.14686650"><ele>136.83</ele><time>2025-10-20T14:18:21.785Z</time></trkpt><trkpt lat="47.60864400" lon="19.14686650"><ele>136.83</ele><time>2025-10-20T14:18:22.005Z</time></trkpt><trkpt lat="47.60864410" lon="19.14686650"><ele>136.84</ele><time>2025-10-20T14:18:22.189Z</time></trkpt><trkpt lat="47.60864410" lon="19.14686640"><ele>136.84</ele><time>2025-10-20T14:18:22.391Z</time></trkpt><trkpt lat="47.60864410" lon="19.14686640"><ele>136.84</ele><time>2025-10-20T14:18:22.591Z</time></trkpt><trkpt lat="47.60864410" lon="19.14686640"><ele>136.84</ele><time>2025-10-20T14:18:22.792Z</time></trkpt><trkpt lat="47.60864410" lon="19.14686640"><ele>136.85</ele><time>2025-10-20T14:18:22.992Z</time></trkpt><trkpt lat="47.60864410" lon="19.14686640"><ele>136.84</ele><time>2025-10-20T14:18:23.192Z</time></trkpt><trkpt lat="47.60864410" lon="19.14686640"><ele>136.84</ele><time>2025-10-20T14:18:23.394Z</time></trkpt><trkpt lat="47.60864410" lon="19.14686650"><ele>136.84</ele><time>2025-10-20T14:18:23.595Z</time></trkpt><trkpt lat="47.60864420" lon="19.14686650"><ele>136.84</ele><time>2025-10-20T14:18:23.795Z</time></trkpt><trkpt lat="47.60864420" lon="19.14686650"><ele>136.84</ele><time>2025-10-20T14:18:23.995Z</time></trkpt><trkpt lat="47.60864420" lon="19.14686650"><ele>136.85</ele><time>2025-10-20T14:18:24.197Z</time></trkpt><trkpt lat="47.60864430" lon="19.14686650"><ele>136.85</ele><time>2025-10-20T14:18:24.396Z</time></trkpt><trkpt lat="47.60864430" lon="19.14686650"><ele>136.85</ele><time>2025-10-20T14:18:24.596Z</time></trkpt><trkpt lat="47.60864430" lon="19.14686660"><ele>136.85</ele><time>2025-10-20T14:18:24.796Z</time></trkpt><trkpt lat="47.60864430" lon="19.14686660"><ele>136.85</ele><time>2025-10-20T14:18:24.997Z</time></trkpt><trkpt lat="47.60864440" lon="19.14686660"><ele>136.85</ele><time>2025-10-20T14:18:25.197Z</time></trkpt><trkpt lat="47.60864440" lon="19.14686660"><ele>136.85</ele><time>2025-10-20T14:18:25.399Z</time></trkpt><trkpt lat="47.60864440" lon="19.14686660"><ele>136.85</ele><time>2025-10-20T14:18:25.601Z</time></trkpt><trkpt lat="47.60864440" lon="19.14686660"><ele>136.85</ele><time>2025-10-20T14:18:25.802Z</time></trkpt><trkpt lat="47.60864440" lon="19.14686660"><ele>136.85</ele><time>2025-10-20T14:18:26.002Z</time></trkpt><trkpt lat="47.60864440" lon="19.14686660"><ele>136.85</ele><time>2025-10-20T14:18:26.203Z</time></trkpt><trkpt lat="47.60864440" lon="19.14686660"><ele>136.85</ele><time>2025-10-20T14:18:26.403Z</time></trkpt><trkpt lat="47.60864440" lon="19.14686650"><ele>136.85</ele><time>2025-10-20T14:18:26.603Z</time></trkpt><trkpt lat="47.60864440" lon="19.14686650"><ele>136.85</ele><time>2025-10-20T14:18:26.802Z</time></trkpt><trkpt lat="47.60864440" lon="19.14686650"><ele>136.85</ele><time>2025-10-20T14:18:27.003Z</time></trkpt><trkpt lat="47.60864440" lon="19.14686650"><ele>136.85</ele><time>2025-10-20T14:18:27.203Z</time></trkpt><trkpt lat="47.60864440" lon="19.14686650"><ele>136.85</ele><time>2025-10-20T14:18:27.403Z</time></trkpt><trkpt lat="47.60864440" lon="19.14686660"><ele>136.84</ele><time>2025-10-20T14:18:27.603Z</time></trkpt><trkpt lat="47.60864440" lon="19.14686660"><ele>136.84</ele><time>2025-10-20T14:18:27.804Z</time></trkpt><trkpt lat="47.60864440" lon="19.14686660"><ele>136.84</ele><time>2025-10-20T14:18:28.004Z</time></trkpt><trkpt lat="47.60864440" lon="19.14686660"><ele>136.84</ele><time>2025-10-20T14:18:28.205Z</time></trkpt><trkpt lat="47.60864440" lon="19.14686660"><ele>136.84</ele><time>2025-10-20T14:18:28.427Z</time></trkpt><trkpt lat="47.60864440" lon="19.14686660"><ele>136.83</ele><time>2025-10-20T14:18:28.607Z</time></trkpt><trkpt lat="47.60864440" lon="19.14686660"><ele>136.83</ele><time>2025-10-20T14:18:28.807Z</time></trkpt><trkpt lat="47.60864430" lon="19.14686660"><ele>136.83</ele><time>2025-10-20T14:18:29.027Z</time></trkpt><trkpt lat="47.60864440" lon="19.14686650"><ele>136.82</ele><time>2025-10-20T14:18:29.207Z</time></trkpt><trkpt lat="47.60864440" lon="19.14686650"><ele>136.82</ele><time>2025-10-20T14:18:29.409Z</time></trkpt><trkpt lat="47.60864440" lon="19.14686650"><ele>136.82</ele><time>2025-10-20T14:18:29.610Z</time></trkpt><trkpt lat="47.60864440" lon="19.14686650"><ele>136.81</ele><time>2025-10-20T14:18:29.810Z</time></trkpt><trkpt lat="47.60864440" lon="19.14686650"><ele>136.81</ele><time>2025-10-20T14:18:30.011Z</time></trkpt><trkpt lat="47.60864440" lon="19.14686650"><ele>136.81</ele><time>2025-10-20T14:18:30.210Z</time></trkpt><trkpt lat="47.60864440" lon="19.14686640"><ele>136.81</ele><time>2025-10-20T14:18:30.412Z</time></trkpt><trkpt lat="47.60864440" lon="19.14686640"><ele>136.81</ele><time>2025-10-20T14:18:30.612Z</time></trkpt><trkpt lat="47.60864440" lon="19.14686640"><ele>136.80</ele><time>2025-10-20T14:18:30.812Z</time></trkpt><trkpt lat="47.60864440" lon="19.14686630"><ele>136.80</ele><time>2025-10-20T14:18:31.012Z</time></trkpt><trkpt lat="47.60864440" lon="19.14686630"><ele>136.80</ele><time>2025-10-20T14:18:31.212Z</time></trkpt><trkpt lat="47.60864430" lon="19.14686630"><ele>136.80</ele><time>2025-10-20T14:18:31.413Z</time></trkpt><trkpt lat="47.60864430" lon="19.14686630"><ele>136.80</ele><time>2025-10-20T14:18:31.613Z</time></trkpt><trkpt lat="47.60864430" lon="19.14686630"><ele>136.80</ele><time>2025-10-20T14:18:31.813Z</time></trkpt><trkpt lat="47.60864430" lon="19.14686620"><ele>136.80</ele><time>2025-10-20T14:18:32.013Z</time></trkpt><trkpt lat="47.60864430" lon="19.14686620"><ele>136.80</ele><time>2025-10-20T14:18:32.214Z</time></trkpt><trkpt lat="47.60864420" lon="19.14686620"><ele>136.80</ele><time>2025-10-20T14:18:32.415Z</time></trkpt><trkpt lat="47.60864420" lon="19.14686620"><ele>136.79</ele><time>2025-10-20T14:18:32.616Z</time></trkpt><trkpt lat="47.60864420" lon="19.14686620"><ele>136.79</ele><time>2025-10-20T14:18:32.816Z</time></trkpt><trkpt lat="47.60864420" lon="19.14686620"><ele>136.79</ele><time>2025-10-20T14:18:33.016Z</time></trkpt><trkpt lat="47.60864420" lon="19.14686620"><ele>136.79</ele><time>2025-10-20T14:18:33.217Z</time></trkpt><trkpt lat="47.60864420" lon="19.14686620"><ele>136.79</ele><time>2025-10-20T14:18:33.419Z</time></trkpt><trkpt lat="47.60864420" lon="19.14686620"><ele>136.78</ele><time>2025-10-20T14:18:33.619Z</time></trkpt><trkpt lat="47.60864420" lon="19.14686620"><ele>136.78</ele><time>2025-10-20T14:18:33.819Z</time></trkpt><trkpt lat="47.60864420" lon="19.14686630"><ele>136.79</ele><time>2025-10-20T14:18:34.019Z</time></trkpt><trkpt lat="47.60864420" lon="19.14686630"><ele>136.79</ele><time>2025-10-20T14:18:34.219Z</time></trkpt><trkpt lat="47.60864420" lon="19.14686630"><ele>136.79</ele><time>2025-10-20T14:18:34.420Z</time></trkpt><trkpt lat="47.60864410" lon="19.14686630"><ele>136.79</ele><time>2025-10-20T14:18:34.620Z</time></trkpt><trkpt lat="47.60864410" lon="19.14686630"><ele>136.78</ele><time>2025-10-20T14:18:34.820Z</time></trkpt><trkpt lat="47.60864410" lon="19.14686630"><ele>136.78</ele><time>2025-10-20T14:18:35.020Z</time></trkpt><trkpt lat="47.60864410" lon="19.14686640"><ele>136.78</ele><time>2025-10-20T14:18:35.223Z</time></trkpt><trkpt lat="47.60864410" lon="19.14686640"><ele>136.78</ele><time>2025-10-20T14:18:35.425Z</time></trkpt><trkpt lat="47.60864420" lon="19.14686640"><ele>136.79</ele><time>2025-10-20T14:18:35.625Z</time></trkpt><trkpt lat="47.60864420" lon="19.14686640"><ele>136.79</ele><time>2025-10-20T14:18:35.829Z</time></trkpt><trkpt lat="47.60864420" lon="19.14686640"><ele>136.79</ele><time>2025-10-20T14:18:36.029Z</time></trkpt><trkpt lat="47.60864420" lon="19.14686640"><ele>136.79</ele><time>2025-10-20T14:18:36.231Z</time></trkpt><trkpt lat="47.60864420" lon="19.14686640"><ele>136.80</ele><time>2025-10-20T14:18:36.432Z</time></trkpt><trkpt lat="47.60864420" lon="19.14686640"><ele>136.80</ele><time>2025-10-20T14:18:36.634Z</time></trkpt><trkpt lat="47.60864420" lon="19.14686640"><ele>136.80</ele><time>2025-10-20T14:18:36.834Z</time></trkpt><trkpt lat="47.60864430" lon="19.14686640"><ele>136.81</ele><time>2025-10-20T14:18:37.034Z</time></trkpt><trkpt lat="47.60864430" lon="19.14686640"><ele>136.81</ele><time>2025-10-20T14:18:37.236Z</time></trkpt><trkpt lat="47.60864430" lon="19.14686650"><ele>136.81</ele><time>2025-10-20T14:18:37.436Z</time></trkpt><trkpt lat="47.60864430" lon="19.14686640"><ele>136.81</ele><time>2025-10-20T14:18:37.637Z</time></trkpt><trkpt lat="47.60864430" lon="19.14686640"><ele>136.80</ele><time>2025-10-20T14:18:37.836Z</time></trkpt><trkpt lat="47.60864430" lon="19.14686640"><ele>136.80</ele><time>2025-10-20T14:18:38.037Z</time></trkpt><trkpt lat="47.60864430" lon="19.14686640"><ele>136.80</ele><time>2025-10-20T14:18:38.240Z</time></trkpt><trkpt lat="47.60864430" lon="19.14686640"><ele>136.80</ele><time>2025-10-20T14:18:38.441Z</time></trkpt><trkpt lat="47.60864430" lon="19.14686640"><ele>136.80</ele><time>2025-10-20T14:18:38.642Z</time></trkpt><trkpt lat="47.60864430" lon="19.14686640"><ele>136.80</ele><time>2025-10-20T14:18:38.844Z</time></trkpt><trkpt lat="47.60864430" lon="19.14686630"><ele>136.79</ele><time>2025-10-20T14:18:39.045Z</time></trkpt><trkpt lat="47.60864430" lon="19.14686630"><ele>136.79</ele><time>2025-10-20T14:18:39.247Z</time></trkpt><trkpt lat="47.60864440" lon="19.14686630"><ele>136.79</ele><time>2025-10-20T14:18:39.448Z</time></trkpt><trkpt lat="47.60864440" lon="19.14686630"><ele>136.79</ele><time>2025-10-20T14:18:39.650Z</time></trkpt><trkpt lat="47.60864440" lon="19.14686630"><ele>136.79</ele><time>2025-10-20T14:18:39.851Z</time></trkpt><trkpt lat="47.60864440" lon="19.14686630"><ele>136.80</ele><time>2025-10-20T14:18:40.051Z</time></trkpt><trkpt lat="47.60864450" lon="19.14686620"><ele>136.80</ele><time>2025-10-20T14:18:40.252Z</time></trkpt><trkpt lat="47.60864450" lon="19.14686620"><ele>136.80</ele><time>2025-10-20T14:18:40.455Z</time></trkpt><trkpt lat="47.60864450" lon="19.14686620"><ele>136.79</ele><time>2025-10-20T14:18:40.656Z</time></trkpt><trkpt lat="47.60864450" lon="19.14686620"><ele>136.79</ele><time>2025-10-20T14:18:40.856Z</time></trkpt><trkpt lat="47.60864450" lon="19.14686610"><ele>136.79</ele><time>2025-10-20T14:18:41.056Z</time></trkpt><trkpt lat="47.60864450" lon="19.14686610"><ele>136.79</ele><time>2025-10-20T14:18:41.257Z</time></trkpt><trkpt lat="47.60864450" lon="19.14686610"><ele>136.79</ele><time>2025-10-20T14:18:41.457Z</time></trkpt><trkpt lat="47.60864450" lon="19.14686600"><ele>136.79</ele><time>2025-10-20T14:18:41.657Z</time></trkpt><trkpt lat="47.60864440" lon="19.14686600"><ele>136.79</ele><time>2025-10-20T14:18:41.857Z</time></trkpt><trkpt lat="47.60864440" lon="19.14686600"><ele>136.79</ele><time>2025-10-20T14:18:42.057Z</time></trkpt><trkpt lat="47.60864440" lon="19.14686600"><ele>136.79</ele><time>2025-10-20T14:18:42.257Z</time></trkpt><trkpt lat="47.60864440" lon="19.14686600"><ele>136.79</ele><time>2025-10-20T14:18:42.460Z</time></trkpt><trkpt lat="47.60864430" lon="19.14686600"><ele>136.79</ele><time>2025-10-20T14:18:42.661Z</time></trkpt><trkpt lat="47.60864430" lon="19.14686600"><ele>136.80</ele><time>2025-10-20T14:18:42.862Z</time></trkpt><trkpt lat="47.60864430" lon="19.14686600"><ele>136.80</ele><time>2025-10-20T14:18:43.062Z</time></trkpt><trkpt lat="47.60864430" lon="19.14686600"><ele>136.79</ele><time>2025-10-20T14:18:43.244Z</time></trkpt><trkpt lat="47.60864420" lon="19.14686600"><ele>136.79</ele><time>2025-10-20T14:18:43.466Z</time></trkpt><trkpt lat="47.60864420" lon="19.14686600"><ele>136.79</ele><time>2025-10-20T14:18:43.646Z</time></trkpt><trkpt lat="47.60864420" lon="19.14686600"><ele>136.79</ele><time>2025-10-20T14:18:43.867Z</time></trkpt><trkpt lat="47.60864420" lon="19.14686610"><ele>136.79</ele><time>2025-10-20T14:18:44.048Z</time></trkpt><trkpt lat="47.60864420" lon="19.14686610"><ele>136.79</ele><time>2025-10-20T14:18:44.252Z</time></trkpt><trkpt lat="47.60864420" lon="19.14686610"><ele>136.79</ele><time>2025-10-20T14:18:44.455Z</time></trkpt><trkpt lat="47.60864420" lon="19.14686610"><ele>136.79</ele><time>2025-10-20T14:18:44.656Z</time></trkpt><trkpt lat="47.60864420" lon="19.14686610"><ele>136.79</ele><time>2025-10-20T14:18:44.856Z</time></trkpt><trkpt lat="47.60864420" lon="19.14686610"><ele>136.79</ele><time>2025-10-20T14:18:45.057Z</time></trkpt><trkpt lat="47.60864420" lon="19.14686610"><ele>136.79</ele><time>2025-10-20T14:18:45.260Z</time></trkpt><trkpt lat="47.60864420" lon="19.14686610"><ele>136.79</ele><time>2025-10-20T14:18:45.462Z</time></trkpt><trkpt lat="47.60864420" lon="19.14686610"><ele>136.79</ele><time>2025-10-20T14:18:45.662Z</time></trkpt><trkpt lat="47.60864420" lon="19.14686610"><ele>136.80</ele><time>2025-10-20T14:18:45.862Z</time></trkpt><trkpt lat="47.60864430" lon="19.14686610"><ele>136.79</ele><time>2025-10-20T14:18:46.062Z</time></trkpt><trkpt lat="47.60864430" lon="19.14686610"><ele>136.79</ele><time>2025-10-20T14:18:46.243Z</time></trkpt><trkpt lat="47.60864430" lon="19.14686610"><ele>136.79</ele><time>2025-10-20T14:18:46.465Z</time></trkpt><trkpt lat="47.60864430" lon="19.14686610"><ele>136.79</ele><time>2025-10-20T14:18:46.667Z</time></trkpt><trkpt lat="47.60864430" lon="19.14686610"><ele>136.79</ele><time>2025-10-20T14:18:46.868Z</time></trkpt><trkpt lat="47.60864430" lon="19.14686610"><ele>136.79</ele><time>2025-10-20T14:18:47.069Z</time></trkpt><trkpt lat="47.60864440" lon="19.14686610"><ele>136.79</ele><time>2025-10-20T14:18:47.274Z</time></trkpt><trkpt lat="47.60864440" lon="19.14686620"><ele>136.79</ele><time>2025-10-20T14:18:47.474Z</time></trkpt><trkpt lat="47.60864440" lon="19.14686620"><ele>136.79</ele><time>2025-10-20T14:18:47.674Z</time></trkpt><trkpt lat="47.60864440" lon="19.14686620"><ele>136.78</ele><time>2025-10-20T14:18:47.856Z</time></trkpt><trkpt lat="47.60864430" lon="19.14686630"><ele>136.78</ele><time>2025-10-20T14:18:48.057Z</time></trkpt><trkpt lat="47.60864430" lon="19.14686630"><ele>136.78</ele><time>2025-10-20T14:18:48.259Z</time></trkpt><trkpt lat="47.60864430" lon="19.14686630"><ele>136.78</ele><time>2025-10-20T14:18:48.461Z</time></trkpt><trkpt lat="47.60864430" lon="19.14686630"><ele>136.78</ele><time>2025-10-20T14:18:48.661Z</time></trkpt><trkpt lat="47.60864430" lon="19.14686630"><ele>136.79</ele><time>2025-10-20T14:18:48.862Z</time></trkpt><trkpt lat="47.60864430" lon="19.14686630"><ele>136.79</ele><time>2025-10-20T14:18:49.063Z</time></trkpt><trkpt lat="47.60864430" lon="19.14686630"><ele>136.80</ele><time>2025-10-20T14:18:49.263Z</time></trkpt><trkpt lat="47.60864430" lon="19.14686630"><ele>136.80</ele><time>2025-10-20T14:18:49.465Z</time></trkpt><trkpt lat="47.60864430" lon="19.14686630"><ele>136.80</ele><time>2025-10-20T14:18:49.665Z</time></trkpt><trkpt lat="47.60864430" lon="19.14686630"><ele>136.80</ele><time>2025-10-20T14:18:49.866Z</time></trkpt><trkpt lat="47.60864430" lon="19.14686630"><ele>136.80</ele><time>2025-10-20T14:18:50.067Z</time></trkpt><trkpt lat="47.60864420" lon="19.14686640"><ele>136.80</ele><time>2025-10-20T14:18:50.268Z</time></trkpt><trkpt lat="47.60864420" lon="19.14686640"><ele>136.80</ele><time>2025-10-20T14:18:50.469Z</time></trkpt><trkpt lat="47.60864420" lon="19.14686640"><ele>136.79</ele><time>2025-10-20T14:18:50.669Z</time></trkpt><trkpt lat="47.60864420" lon="19.14686650"><ele>136.79</ele><time>2025-10-20T14:18:50.869Z</time></trkpt><trkpt lat="47.60864420" lon="19.14686650"><ele>136.80</ele><time>2025-10-20T14:18:51.069Z</time></trkpt><trkpt lat="47.60864420" lon="19.14686660"><ele>136.80</ele><time>2025-10-20T14:18:51.273Z</time></trkpt><trkpt lat="47.60864420" lon="19.14686660"><ele>136.80</ele><time>2025-10-20T14:18:51.472Z</time></trkpt><trkpt lat="47.60864420" lon="19.14686660"><ele>136.81</ele><time>2025-10-20T14:18:51.673Z</time></trkpt><trkpt lat="47.60864420" lon="19.14686660"><ele>136.81</ele><time>2025-10-20T14:18:51.873Z</time></trkpt><trkpt lat="47.60864420" lon="19.14686660"><ele>136.82</ele><time>2025-10-20T14:18:52.074Z</time></trkpt><trkpt lat="47.60864420" lon="19.14686660"><ele>136.82</ele><time>2025-10-20T14:18:52.255Z</time></trkpt><trkpt lat="47.60864420" lon="19.14686660"><ele>136.81</ele><time>2025-10-20T14:18:52.457Z</time></trkpt><trkpt lat="47.60864410" lon="19.14686660"><ele>136.81</ele><time>2025-10-20T14:18:52.657Z</time></trkpt><trkpt lat="47.60864410" lon="19.14686660"><ele>136.81</ele><time>2025-10-20T14:18:52.857Z</time></trkpt><trkpt lat="47.60864410" lon="19.14686660"><ele>136.82</ele><time>2025-10-20T14:18:53.057Z</time></trkpt><trkpt lat="47.60864410" lon="19.14686660"><ele>136.81</ele><time>2025-10-20T14:18:53.259Z</time></trkpt><trkpt lat="47.60864410" lon="19.14686660"><ele>136.81</ele><time>2025-10-20T14:18:53.461Z</time></trkpt><trkpt lat="47.60864410" lon="19.14686650"><ele>136.81</ele><time>2025-10-20T14:18:53.663Z</time></trkpt><trkpt lat="47.60864410" lon="19.14686650"><ele>136.81</ele><time>2025-10-20T14:18:53.864Z</time></trkpt><trkpt lat="47.60864410" lon="19.14686660"><ele>136.80</ele><time>2025-10-20T14:18:54.065Z</time></trkpt><trkpt lat="47.60864410" lon="19.14686660"><ele>136.80</ele><time>2025-10-20T14:18:54.266Z</time></trkpt><trkpt lat="47.60864410" lon="19.14686660"><ele>136.80</ele><time>2025-10-20T14:18:54.466Z</time></trkpt><trkpt lat="47.60864410" lon="19.14686670"><ele>136.80</ele><time>2025-10-20T14:18:54.667Z</time></trkpt><trkpt lat="47.60864410" lon="19.14686670"><ele>136.81</ele><time>2025-10-20T14:18:54.867Z</time></trkpt><trkpt lat="47.60864410" lon="19.14686680"><ele>136.81</ele><time>2025-10-20T14:18:55.067Z</time></trkpt><trkpt lat="47.60864410" lon="19.14686680"><ele>136.81</ele><time>2025-10-20T14:18:55.268Z</time></trkpt><trkpt lat="47.60864420" lon="19.14686670"><ele>136.81</ele><time>2025-10-20T14:18:55.468Z</time></trkpt><trkpt lat="47.60864420" lon="19.14686680"><ele>136.81</ele><time>2025-10-20T14:18:55.669Z</time></trkpt><trkpt lat="47.60864410" lon="19.14686680"><ele>136.81</ele><time>2025-10-20T14:18:55.870Z</time></trkpt><trkpt lat="47.60864410" lon="19.14686670"><ele>136.81</ele><time>2025-10-20T14:18:56.071Z</time></trkpt><trkpt lat="47.60864410" lon="19.14686670"><ele>136.81</ele><time>2025-10-20T14:18:56.273Z</time></trkpt><trkpt lat="47.60864400" lon="19.14686670"><ele>136.81</ele><time>2025-10-20T14:18:56.473Z</time></trkpt><trkpt lat="47.60864400" lon="19.14686670"><ele>136.81</ele><time>2025-10-20T14:18:56.674Z</time></trkpt><trkpt lat="47.60864400" lon="19.14686670"><ele>136.81</ele><time>2025-10-20T14:18:56.875Z</time></trkpt><trkpt lat="47.60864400" lon="19.14686670"><ele>136.81</ele><time>2025-10-20T14:18:57.075Z</time></trkpt><trkpt lat="47.60864400" lon="19.14686670"><ele>136.81</ele><time>2025-10-20T14:18:57.276Z</time></trkpt><trkpt lat="47.60864400" lon="19.14686670"><ele>136.81</ele><time>2025-10-20T14:18:57.477Z</time></trkpt><trkpt lat="47.60864400" lon="19.14686670"><ele>136.82</ele><time>2025-10-20T14:18:57.677Z</time></trkpt><trkpt lat="47.60864400" lon="19.14686670"><ele>136.82</ele><time>2025-10-20T14:18:57.877Z</time></trkpt><trkpt lat="47.60864400" lon="19.14686670"><ele>136.82</ele><time>2025-10-20T14:18:58.077Z</time></trkpt><trkpt lat="47.60864400" lon="19.14686670"><ele>136.82</ele><time>2025-10-20T14:18:58.278Z</time></trkpt><trkpt lat="47.60864400" lon="19.14686670"><ele>136.82</ele><time>2025-10-20T14:18:58.477Z</time></trkpt><trkpt lat="47.60864400" lon="19.14686670"><ele>136.82</ele><time>2025-10-20T14:18:58.698Z</time></trkpt><trkpt lat="47.60864400" lon="19.14686670"><ele>136.82</ele><time>2025-10-20T14:18:58.879Z</time></trkpt><trkpt lat="47.60864390" lon="19.14686670"><ele>136.82</ele><time>2025-10-20T14:18:59.080Z</time></trkpt><trkpt lat="47.60864390" lon="19.14686670"><ele>136.82</ele><time>2025-10-20T14:18:59.280Z</time></trkpt><trkpt lat="47.60864390" lon="19.14686670"><ele>136.82</ele><time>2025-10-20T14:18:59.482Z</time></trkpt><trkpt lat="47.60864390" lon="19.14686670"><ele>136.82</ele><time>2025-10-20T14:18:59.682Z</time></trkpt><trkpt lat="47.60864390" lon="19.14686670"><ele>136.82</ele><time>2025-10-20T14:18:59.883Z</time></trkpt><trkpt lat="47.60864390" lon="19.14686670"><ele>136.83</ele><time>2025-10-20T14:19:00.103Z</time></trkpt><trkpt lat="47.60864380" lon="19.14686660"><ele>136.83</ele><time>2025-10-20T14:19:00.285Z</time></trkpt><trkpt lat="47.60864380" lon="19.14686660"><ele>136.83</ele><time>2025-10-20T14:19:00.487Z</time></trkpt><trkpt lat="47.60864390" lon="19.14686660"><ele>136.83</ele><time>2025-10-20T14:19:00.687Z</time></trkpt><trkpt lat="47.60864390" lon="19.14686660"><ele>136.83</ele><time>2025-10-20T14:19:00.887Z</time></trkpt><trkpt lat="47.60864390" lon="19.14686650"><ele>136.83</ele><time>2025-10-20T14:19:01.088Z</time></trkpt><trkpt lat="47.60864390" lon="19.14686650"><ele>136.83</ele><time>2025-10-20T14:19:01.292Z</time></trkpt><trkpt lat="47.60864390" lon="19.14686650"><ele>136.83</ele><time>2025-10-20T14:19:01.494Z</time></trkpt><trkpt lat="47.60864390" lon="19.14686640"><ele>136.83</ele><time>2025-10-20T14:19:01.694Z</time></trkpt><trkpt lat="47.60864390" lon="19.14686640"><ele>136.82</ele><time>2025-10-20T14:19:01.894Z</time></trkpt><trkpt lat="47.60864400" lon="19.14686640"><ele>136.82</ele><time>2025-10-20T14:19:02.094Z</time></trkpt><trkpt lat="47.60864400" lon="19.14686640"><ele>136.82</ele><time>2025-10-20T14:19:02.295Z</time></trkpt><trkpt lat="47.60864400" lon="19.14686630"><ele>136.81</ele><time>2025-10-20T14:19:02.497Z</time></trkpt><trkpt lat="47.60864400" lon="19.14686630"><ele>136.81</ele><time>2025-10-20T14:19:02.697Z</time></trkpt><trkpt lat="47.60864400" lon="19.14686630"><ele>136.81</ele><time>2025-10-20T14:19:02.897Z</time></trkpt><trkpt lat="47.60864400" lon="19.14686630"><ele>136.81</ele><time>2025-10-20T14:19:03.098Z</time></trkpt><trkpt lat="47.60864410" lon="19.14686620"><ele>136.81</ele><time>2025-10-20T14:19:03.300Z</time></trkpt><trkpt lat="47.60864410" lon="19.14686630"><ele>136.81</ele><time>2025-10-20T14:19:03.503Z</time></trkpt><trkpt lat="47.60864410" lon="19.14686630"><ele>136.81</ele><time>2025-10-20T14:19:03.703Z</time></trkpt><trkpt lat="47.60864410" lon="19.14686630"><ele>136.81</ele><time>2025-10-20T14:19:03.904Z</time></trkpt><trkpt lat="47.60864410" lon="19.14686640"><ele>136.81</ele><time>2025-10-20T14:19:04.105Z</time></trkpt><trkpt lat="47.60864420" lon="19.14686640"><ele>136.82</ele><time>2025-10-20T14:19:04.308Z</time></trkpt><trkpt lat="47.60864420" lon="19.14686640"><ele>136.82</ele><time>2025-10-20T14:19:04.509Z</time></trkpt><trkpt lat="47.60864420" lon="19.14686640"><ele>136.82</ele><time>2025-10-20T14:19:04.710Z</time></trkpt><trkpt lat="47.60864420" lon="19.14686640"><ele>136.83</ele><time>2025-10-20T14:19:04.910Z</time></trkpt><trkpt lat="47.60864420" lon="19.14686640"><ele>136.83</ele><time>2025-10-20T14:19:05.111Z</time></trkpt><trkpt lat="47.60864420" lon="19.14686640"><ele>136.83</ele><time>2025-10-20T14:19:05.312Z</time></trkpt><trkpt lat="47.60864420" lon="19.14686640"><ele>136.83</ele><time>2025-10-20T14:19:05.515Z</time></trkpt><trkpt lat="47.60864420" lon="19.14686640"><ele>136.83</ele><time>2025-10-20T14:19:05.715Z</time></trkpt><trkpt lat="47.60864410" lon="19.14686640"><ele>136.82</ele><time>2025-10-20T14:19:05.915Z</time></trkpt><trkpt lat="47.60864410" lon="19.14686640"><ele>136.82</ele><time>2025-10-20T14:19:06.115Z</time></trkpt><trkpt lat="47.60864410" lon="19.14686640"><ele>136.82</ele><time>2025-10-20T14:19:06.317Z</time></trkpt><trkpt lat="47.60864410" lon="19.14686640"><ele>136.82</ele><time>2025-10-20T14:19:06.517Z</time></trkpt><trkpt lat="47.60864410" lon="19.14686640"><ele>136.82</ele><time>2025-10-20T14:19:06.718Z</time></trkpt><trkpt lat="47.60864410" lon="19.14686650"><ele>136.82</ele><time>2025-10-20T14:19:06.918Z</time></trkpt><trkpt lat="47.60864420" lon="19.14686650"><ele>136.82</ele><time>2025-10-20T14:19:07.118Z</time></trkpt><trkpt lat="47.60864420" lon="19.14686650"><ele>136.82</ele><time>2025-10-20T14:19:07.319Z</time></trkpt><trkpt lat="47.60864420" lon="19.14686650"><ele>136.82</ele><time>2025-10-20T14:19:07.519Z</time></trkpt><trkpt lat="47.60864420" lon="19.14686650"><ele>136.83</ele><time>2025-10-20T14:19:07.719Z</time></trkpt><trkpt lat="47.60864420" lon="19.14686650"><ele>136.83</ele><time>2025-10-20T14:19:07.919Z</time></trkpt><trkpt lat="47.60864420" lon="19.14686650"><ele>136.82</ele><time>2025-10-20T14:19:08.120Z</time></trkpt><trkpt lat="47.60864420" lon="19.14686640"><ele>136.82</ele><time>2025-10-20T14:19:08.321Z</time></trkpt><trkpt lat="47.60864420" lon="19.14686650"><ele>136.83</ele><time>2025-10-20T14:19:08.521Z</time></trkpt><trkpt lat="47.60864420" lon="19.14686650"><ele>136.83</ele><time>2025-10-20T14:19:08.721Z</time></trkpt><trkpt lat="47.60864410" lon="19.14686650"><ele>136.83</ele><time>2025-10-20T14:19:08.921Z</time></trkpt><trkpt lat="47.60864410" lon="19.14686660"><ele>136.83</ele><time>2025-10-20T14:19:09.122Z</time></trkpt><trkpt lat="47.60864410" lon="19.14686660"><ele>136.83</ele><time>2025-10-20T14:19:09.322Z</time></trkpt><trkpt lat="47.60864410" lon="19.14686660"><ele>136.83</ele><time>2025-10-20T14:19:09.523Z</time></trkpt><trkpt lat="47.60864420" lon="19.14686660"><ele>136.82</ele><time>2025-10-20T14:19:09.724Z</time></trkpt><trkpt lat="47.60864420" lon="19.14686660"><ele>136.82</ele><time>2025-10-20T14:19:09.924Z</time></trkpt><trkpt lat="47.60864420" lon="19.14686660"><ele>136.82</ele><time>2025-10-20T14:19:10.125Z</time></trkpt><trkpt lat="47.60864420" lon="19.14686660"><ele>136.82</ele><time>2025-10-20T14:19:10.326Z</time></trkpt><trkpt lat="47.60864420" lon="19.14686660"><ele>136.82</ele><time>2025-10-20T14:19:10.527Z</time></trkpt><trkpt lat="47.60864420" lon="19.14686660"><ele>136.82</ele><time>2025-10-20T14:19:10.727Z</time></trkpt><trkpt lat="47.60864420" lon="19.14686660"><ele>136.82</ele><time>2025-10-20T14:19:10.927Z</time></trkpt><trkpt lat="47.60864420" lon="19.14686660"><ele>136.82</ele><time>2025-10-20T14:19:11.127Z</time></trkpt><trkpt lat="47.60864410" lon="19.14686650"><ele>136.81</ele><time>2025-10-20T14:19:11.329Z</time></trkpt><trkpt lat="47.60864410" lon="19.14686650"><ele>136.81</ele><time>2025-10-20T14:19:11.529Z</time></trkpt><trkpt lat="47.60864410" lon="19.14686650"><ele>136.81</ele><time>2025-10-20T14:19:11.729Z</time></trkpt><trkpt lat="47.60864410" lon="19.14686650"><ele>136.81</ele><time>2025-10-20T14:19:11.930Z</time></trkpt><trkpt lat="47.60864420" lon="19.14686650"><ele>136.81</ele><time>2025-10-20T14:19:12.130Z</time></trkpt><trkpt lat="47.60864420" lon="19.14686640"><ele>136.81</ele><time>2025-10-20T14:19:12.330Z</time></trkpt><trkpt lat="47.60864420" lon="19.14686640"><ele>136.81</ele><time>2025-10-20T14:19:12.530Z</time></trkpt><trkpt lat="47.60864420" lon="19.14686650"><ele>136.81</ele><time>2025-10-20T14:19:12.730Z</time></trkpt><trkpt lat="47.60864420" lon="19.14686650"><ele>136.81</ele><time>2025-10-20T14:19:12.931Z</time></trkpt><trkpt lat="47.60864410" lon="19.14686660"><ele>136.81</ele><time>2025-10-20T14:19:13.132Z</time></trkpt><trkpt lat="47.60864410" lon="19.14686660"><ele>136.81</ele><time>2025-10-20T14:19:13.333Z</time></trkpt><trkpt lat="47.60864410" lon="19.14686670"><ele>136.81</ele><time>2025-10-20T14:19:13.533Z</time></trkpt><trkpt lat="47.60864410" lon="19.14686670"><ele>136.81</ele><time>2025-10-20T14:19:13.733Z</time></trkpt><trkpt lat="47.60864410" lon="19.14686680"><ele>136.81</ele><time>2025-10-20T14:19:13.933Z</time></trkpt><trkpt lat="47.60864410" lon="19.14686680"><ele>136.81</ele><time>2025-10-20T14:19:14.133Z</time></trkpt><trkpt lat="47.60864410" lon="19.14686680"><ele>136.81</ele><time>2025-10-20T14:19:14.321Z</time></trkpt><trkpt lat="47.60864410" lon="19.14686680"><ele>136.81</ele><time>2025-10-20T14:19:14.524Z</time></trkpt><trkpt lat="47.60864410" lon="19.14686690"><ele>136.81</ele><time>2025-10-20T14:19:14.723Z</time></trkpt><trkpt lat="47.60864410" lon="19.14686680"><ele>136.81</ele><time>2025-10-20T14:19:14.924Z</time></trkpt><trkpt lat="47.60864410" lon="19.14686680"><ele>136.81</ele><time>2025-10-20T14:19:15.124Z</time></trkpt><trkpt lat="47.60864410" lon="19.14686680"><ele>136.81</ele><time>2025-10-20T14:19:15.329Z</time></trkpt><trkpt lat="47.60864420" lon="19.14686680"><ele>136.81</ele><time>2025-10-20T14:19:15.529Z</time></trkpt><trkpt lat="47.60864420" lon="19.14686670"><ele>136.81</ele><time>2025-10-20T14:19:15.729Z</time></trkpt><trkpt lat="47.60864420" lon="19.14686670"><ele>136.81</ele><time>2025-10-20T14:19:15.933Z</time></trkpt><trkpt lat="47.60864430" lon="19.14686670"><ele>136.82</ele><time>2025-10-20T14:19:16.133Z</time></trkpt><trkpt lat="47.60864430" lon="19.14686660"><ele>136.82</ele><time>2025-10-20T14:19:16.317Z</time></trkpt><trkpt lat="47.60864430" lon="19.14686670"><ele>136.82</ele><time>2025-10-20T14:19:16.518Z</time></trkpt><trkpt lat="47.60864430" lon="19.14686670"><ele>136.82</ele><time>2025-10-20T14:19:16.719Z</time></trkpt><trkpt lat="47.60864430" lon="19.14686670"><ele>136.82</ele><time>2025-10-20T14:19:16.919Z</time></trkpt><trkpt lat="47.60864430" lon="19.14686670"><ele>136.82</ele><time>2025-10-20T14:19:17.120Z</time></trkpt><trkpt lat="47.60864420" lon="19.14686670"><ele>136.82</ele><time>2025-10-20T14:19:17.322Z</time></trkpt><trkpt lat="47.60864420" lon="19.14686670"><ele>136.82</ele><time>2025-10-20T14:19:17.523Z</time></trkpt><trkpt lat="47.60864420" lon="19.14686670"><ele>136.82</ele><time>2025-10-20T14:19:17.724Z</time></trkpt><trkpt lat="47.60864420" lon="19.14686680"><ele>136.83</ele><time>2025-10-20T14:19:17.925Z</time></trkpt><trkpt lat="47.60864420" lon="19.14686670"><ele>136.83</ele><time>2025-10-20T14:19:18.125Z</time></trkpt><trkpt lat="47.60864420" lon="19.14686670"><ele>136.83</ele><time>2025-10-20T14:19:18.330Z</time></trkpt><trkpt lat="47.60864420" lon="19.14686660"><ele>136.83</ele><time>2025-10-20T14:19:18.531Z</time></trkpt><trkpt lat="47.60864420" lon="19.14686660"><ele>136.83</ele><time>2025-10-20T14:19:18.732Z</time></trkpt><trkpt lat="47.60864420" lon="19.14686660"><ele>136.83</ele><time>2025-10-20T14:19:18.934Z</time></trkpt><trkpt lat="47.60864420" lon="19.14686660"><ele>136.83</ele><time>2025-10-20T14:19:19.135Z</time></trkpt><trkpt lat="47.60864430" lon="19.14686650"><ele>136.84</ele><time>2025-10-20T14:19:19.336Z</time></trkpt><trkpt lat="47.60864430" lon="19.14686650"><ele>136.84</ele><time>2025-10-20T14:19:19.536Z</time></trkpt><trkpt lat="47.60864430" lon="19.14686660"><ele>136.84</ele><time>2025-10-20T14:19:19.737Z</time></trkpt><trkpt lat="47.60864420" lon="19.14686660"><ele>136.84</ele><time>2025-10-20T14:19:19.939Z</time></trkpt><trkpt lat="47.60864420" lon="19.14686660"><ele>136.85</ele><time>2025-10-20T14:19:20.140Z</time></trkpt><trkpt lat="47.60864420" lon="19.14686660"><ele>136.85</ele><time>2025-10-20T14:19:20.340Z</time></trkpt><trkpt lat="47.60864420" lon="19.14686660"><ele>136.85</ele><time>2025-10-20T14:19:20.543Z</time></trkpt><trkpt lat="47.60864410" lon="19.14686660"><ele>136.85</ele><time>2025-10-20T14:19:20.742Z</time></trkpt><trkpt lat="47.60864410" lon="19.14686660"><ele>136.85</ele><time>2025-10-20T14:19:20.943Z</time></trkpt><trkpt lat="47.60864410" lon="19.14686660"><ele>136.85</ele><time>2025-10-20T14:19:21.144Z</time></trkpt><trkpt lat="47.60864410" lon="19.14686660"><ele>136.85</ele><time>2025-10-20T14:19:21.344Z</time></trkpt><trkpt lat="47.60864410" lon="19.14686660"><ele>136.84</ele><time>2025-10-20T14:19:21.545Z</time></trkpt><trkpt lat="47.60864410" lon="19.14686660"><ele>136.84</ele><time>2025-10-20T14:19:21.746Z</time></trkpt><trkpt lat="47.60864410" lon="19.14686650"><ele>136.84</ele><time>2025-10-20T14:19:21.946Z</time></trkpt><trkpt lat="47.60864410" lon="19.14686650"><ele>136.84</ele><time>2025-10-20T14:19:22.148Z</time></trkpt><trkpt lat="47.60864410" lon="19.14686640"><ele>136.83</ele><time>2025-10-20T14:19:22.348Z</time></trkpt><trkpt lat="47.60864410" lon="19.14686640"><ele>136.83</ele><time>2025-10-20T14:19:22.551Z</time></trkpt><trkpt lat="47.60864410" lon="19.14686640"><ele>136.83</ele><time>2025-10-20T14:19:22.751Z</time></trkpt><trkpt lat="47.60864410" lon="19.14686640"><ele>136.82</ele><time>2025-10-20T14:19:22.952Z</time></trkpt><trkpt lat="47.60864410" lon="19.14686640"><ele>136.82</ele><time>2025-10-20T14:19:23.153Z</time></trkpt><trkpt lat="47.60864410" lon="19.14686640"><ele>136.82</ele><time>2025-10-20T14:19:23.353Z</time></trkpt><trkpt lat="47.60864410" lon="19.14686640"><ele>136.82</ele><time>2025-10-20T14:19:23.553Z</time></trkpt><trkpt lat="47.60864410" lon="19.14686650"><ele>136.82</ele><time>2025-10-20T14:19:23.753Z</time></trkpt><trkpt lat="47.60864410" lon="19.14686650"><ele>136.82</ele><time>2025-10-20T14:19:23.954Z</time></trkpt><trkpt lat="47.60864410" lon="19.14686650"><ele>136.82</ele><time>2025-10-20T14:19:24.155Z</time></trkpt><trkpt lat="47.60864410" lon="19.14686650"><ele>136.82</ele><time>2025-10-20T14:19:24.356Z</time></trkpt><trkpt lat="47.60864410" lon="19.14686650"><ele>136.82</ele><time>2025-10-20T14:19:24.556Z</time></trkpt><trkpt lat="47.60864410" lon="19.14686650"><ele>136.82</ele><time>2025-10-20T14:19:24.757Z</time></trkpt><trkpt lat="47.60864410" lon="19.14686650"><ele>136.82</ele><time>2025-10-20T14:19:24.957Z</time></trkpt><trkpt lat="47.60864410" lon="19.14686650"><ele>136.82</ele><time>2025-10-20T14:19:25.157Z</time></trkpt><trkpt lat="47.60864410" lon="19.14686650"><ele>136.82</ele><time>2025-10-20T14:19:25.348Z</time></trkpt><trkpt lat="47.60864410" lon="19.14686650"><ele>136.82</ele><time>2025-10-20T14:19:25.548Z</time></trkpt><trkpt lat="47.60864420" lon="19.14686650"><ele>136.82</ele><time>2025-10-20T14:19:25.749Z</time></trkpt><trkpt lat="47.60864420" lon="19.14686650"><ele>136.81</ele><time>2025-10-20T14:19:25.952Z</time></trkpt><trkpt lat="47.60864420" lon="19.14686650"><ele>136.81</ele><time>2025-10-20T14:19:26.152Z</time></trkpt><trkpt lat="47.60864420" lon="19.14686650"><ele>136.81</ele><time>2025-10-20T14:19:26.353Z</time></trkpt><trkpt lat="47.60864430" lon="19.14686640"><ele>136.81</ele><time>2025-10-20T14:19:26.553Z</time></trkpt><trkpt lat="47.60864430" lon="19.14686640"><ele>136.82</ele><time>2025-10-20T14:19:26.754Z</time></trkpt><trkpt lat="47.60864430" lon="19.14686640"><ele>136.82</ele><time>2025-10-20T14:19:26.954Z</time></trkpt><trkpt lat="47.60864440" lon="19.14686640"><ele>136.82</ele><time>2025-10-20T14:19:27.154Z</time></trkpt><trkpt lat="47.60864440" lon="19.14686630"><ele>136.83</ele><time>2025-10-20T14:19:27.356Z</time></trkpt><trkpt lat="47.60864440" lon="19.14686620"><ele>136.83</ele><time>2025-10-20T14:19:27.557Z</time></trkpt><trkpt lat="47.60864450" lon="19.14686620"><ele>136.83</ele><time>2025-10-20T14:19:27.758Z</time></trkpt><trkpt lat="47.60864450" lon="19.14686620"><ele>136.83</ele><time>2025-10-20T14:19:27.959Z</time></trkpt><trkpt lat="47.60864450" lon="19.14686610"><ele>136.83</ele><time>2025-10-20T14:19:28.159Z</time></trkpt><trkpt lat="47.60864450" lon="19.14686610"><ele>136.83</ele><time>2025-10-20T14:19:28.362Z</time></trkpt><trkpt lat="47.60864450" lon="19.14686610"><ele>136.84</ele><time>2025-10-20T14:19:28.562Z</time></trkpt><trkpt lat="47.60864440" lon="19.14686610"><ele>136.84</ele><time>2025-10-20T14:19:28.762Z</time></trkpt><trkpt lat="47.60864440" lon="19.14686610"><ele>136.84</ele><time>2025-10-20T14:19:28.964Z</time></trkpt><trkpt lat="47.60864440" lon="19.14686610"><ele>136.84</ele><time>2025-10-20T14:19:29.164Z</time></trkpt><trkpt lat="47.60864440" lon="19.14686620"><ele>136.84</ele><time>2025-10-20T14:19:29.364Z</time></trkpt><trkpt lat="47.60864440" lon="19.14686620"><ele>136.84</ele><time>2025-10-20T14:19:29.564Z</time></trkpt><trkpt lat="47.60864430" lon="19.14686620"><ele>136.84</ele><time>2025-10-20T14:19:29.764Z</time></trkpt><trkpt lat="47.60864430" lon="19.14686620"><ele>136.84</ele><time>2025-10-20T14:19:29.966Z</time></trkpt><trkpt lat="47.60864430" lon="19.14686620"><ele>136.83</ele><time>2025-10-20T14:19:30.166Z</time></trkpt><trkpt lat="47.60864430" lon="19.14686620"><ele>136.83</ele><time>2025-10-20T14:19:30.350Z</time></trkpt><trkpt lat="47.60864420" lon="19.14686630"><ele>136.83</ele><time>2025-10-20T14:19:30.550Z</time></trkpt><trkpt lat="47.60864420" lon="19.14686630"><ele>136.83</ele><time>2025-10-20T14:19:30.750Z</time></trkpt><trkpt lat="47.60864420" lon="19.14686630"><ele>136.83</ele><time>2025-10-20T14:19:30.951Z</time></trkpt><trkpt lat="47.60864420" lon="19.14686630"><ele>136.83</ele><time>2025-10-20T14:19:31.151Z</time></trkpt><trkpt lat="47.60864420" lon="19.14686630"><ele>136.83</ele><time>2025-10-20T14:19:31.352Z</time></trkpt><trkpt lat="47.60864420" lon="19.14686630"><ele>136.84</ele><time>2025-10-20T14:19:31.552Z</time></trkpt><trkpt lat="47.60864420" lon="19.14686640"><ele>136.84</ele><time>2025-10-20T14:19:31.753Z</time></trkpt><trkpt lat="47.60864420" lon="19.14686640"><ele>136.84</ele><time>2025-10-20T14:19:31.955Z</time></trkpt><trkpt lat="47.60864420" lon="19.14686640"><ele>136.84</ele><time>2025-10-20T14:19:32.156Z</time></trkpt><trkpt lat="47.60864420" lon="19.14686640"><ele>136.84</ele><time>2025-10-20T14:19:32.359Z</time></trkpt><trkpt lat="47.60864410" lon="19.14686640"><ele>136.84</ele><time>2025-10-20T14:19:32.559Z</time></trkpt><trkpt lat="47.60864410" lon="19.14686640"><ele>136.83</ele><time>2025-10-20T14:19:32.759Z</time></trkpt><trkpt lat="47.60864410" lon="19.14686640"><ele>136.83</ele><time>2025-10-20T14:19:32.959Z</time></trkpt><trkpt lat="47.60864410" lon="19.14686640"><ele>136.83</ele><time>2025-10-20T14:19:33.160Z</time></trkpt><trkpt lat="47.60864410" lon="19.14686640"><ele>136.83</ele><time>2025-10-20T14:19:33.361Z</time></trkpt><trkpt lat="47.60864410" lon="19.14686640"><ele>136.83</ele><time>2025-10-20T14:19:33.561Z</time></trkpt><trkpt lat="47.60864410" lon="19.14686640"><ele>136.82</ele><time>2025-10-20T14:19:33.762Z</time></trkpt><trkpt lat="47.60864410" lon="19.14686640"><ele>136.82</ele><time>2025-10-20T14:19:33.963Z</time></trkpt><trkpt lat="47.60864400" lon="19.14686640"><ele>136.82</ele><time>2025-10-20T14:19:34.164Z</time></trkpt><trkpt lat="47.60864400" lon="19.14686650"><ele>136.82</ele><time>2025-10-20T14:19:34.365Z</time></trkpt><trkpt lat="47.60864400" lon="19.14686650"><ele>136.82</ele><time>2025-10-20T14:19:34.565Z</time></trkpt><trkpt lat="47.60864400" lon="19.14686650"><ele>136.82</ele><time>2025-10-20T14:19:34.765Z</time></trkpt><trkpt lat="47.60864400" lon="19.14686650"><ele>136.82</ele><time>2025-10-20T14:19:34.965Z</time></trkpt><trkpt lat="47.60864390" lon="19.14686650"><ele>136.82</ele><time>2025-10-20T14:19:35.165Z</time></trkpt><trkpt lat="47.60864390" lon="19.14686650"><ele>136.82</ele><time>2025-10-20T14:19:35.366Z</time></trkpt><trkpt lat="47.60864390" lon="19.14686650"><ele>136.82</ele><time>2025-10-20T14:19:35.567Z</time></trkpt><trkpt lat="47.60864390" lon="19.14686650"><ele>136.82</ele><time>2025-10-20T14:19:35.768Z</time></trkpt><trkpt lat="47.60864380" lon="19.14686650"><ele>136.81</ele><time>2025-10-20T14:19:35.968Z</time></trkpt><trkpt lat="47.60864380" lon="19.14686650"><ele>136.81</ele><time>2025-10-20T14:19:36.151Z</time></trkpt><trkpt lat="47.60864380" lon="19.14686650"><ele>136.81</ele><time>2025-10-20T14:19:36.352Z</time></trkpt><trkpt lat="47.60864380" lon="19.14686650"><ele>136.81</ele><time>2025-10-20T14:19:36.553Z</time></trkpt><trkpt lat="47.60864380" lon="19.14686650"><ele>136.81</ele><time>2025-10-20T14:19:36.752Z</time></trkpt><trkpt lat="47.60864380" lon="19.14686650"><ele>136.81</ele><time>2025-10-20T14:19:36.952Z</time></trkpt><trkpt lat="47.60864380" lon="19.14686650"><ele>136.81</ele><time>2025-10-20T14:19:37.152Z</time></trkpt><trkpt lat="47.60864380" lon="19.14686650"><ele>136.81</ele><time>2025-10-20T14:19:37.354Z</time></trkpt><trkpt lat="47.60864380" lon="19.14686650"><ele>136.81</ele><time>2025-10-20T14:19:37.554Z</time></trkpt><trkpt lat="47.60864380" lon="19.14686650"><ele>136.81</ele><time>2025-10-20T14:19:37.756Z</time></trkpt><trkpt lat="47.60864380" lon="19.14686660"><ele>136.80</ele><time>2025-10-20T14:19:37.956Z</time></trkpt><trkpt lat="47.60864380" lon="19.14686660"><ele>136.80</ele><time>2025-10-20T14:19:38.156Z</time></trkpt><trkpt lat="47.60864380" lon="19.14686660"><ele>136.79</ele><time>2025-10-20T14:19:38.360Z</time></trkpt><trkpt lat="47.60864380" lon="19.14686660"><ele>136.79</ele><time>2025-10-20T14:19:38.560Z</time></trkpt><trkpt lat="47.60864380" lon="19.14686660"><ele>136.79</ele><time>2025-10-20T14:19:38.760Z</time></trkpt><trkpt lat="47.60864380" lon="19.14686660"><ele>136.79</ele><time>2025-10-20T14:19:38.962Z</time></trkpt><trkpt lat="47.60864380" lon="19.14686670"><ele>136.79</ele><time>2025-10-20T14:19:39.164Z</time></trkpt><trkpt lat="47.60864380" lon="19.14686670"><ele>136.79</ele><time>2025-10-20T14:19:39.365Z</time></trkpt><trkpt lat="47.60864380" lon="19.14686670"><ele>136.79</ele><time>2025-10-20T14:19:39.566Z</time></trkpt><trkpt lat="47.60864380" lon="19.14686670"><ele>136.79</ele><time>2025-10-20T14:19:39.767Z</time></trkpt><trkpt lat="47.60864390" lon="19.14686670"><ele>136.79</ele><time>2025-10-20T14:19:39.969Z</time></trkpt><trkpt lat="47.60864390" lon="19.14686660"><ele>136.79</ele><time>2025-10-20T14:19:40.151Z</time></trkpt><trkpt lat="47.60864390" lon="19.14686660"><ele>136.78</ele><time>2025-10-20T14:19:40.354Z</time></trkpt><trkpt lat="47.60864400" lon="19.14686660"><ele>136.78</ele><time>2025-10-20T14:19:40.576Z</time></trkpt><trkpt lat="47.60864400" lon="19.14686660"><ele>136.78</ele><time>2025-10-20T14:19:40.758Z</time></trkpt><trkpt lat="47.60864400" lon="19.14686670"><ele>136.78</ele><time>2025-10-20T14:19:40.959Z</time></trkpt><trkpt lat="47.60864400" lon="19.14686670"><ele>136.78</ele><time>2025-10-20T14:19:41.159Z</time></trkpt><trkpt lat="47.60864410" lon="19.14686670"><ele>136.78</ele><time>2025-10-20T14:19:41.381Z</time></trkpt><trkpt lat="47.60864410" lon="19.14686670"><ele>136.78</ele><time>2025-10-20T14:19:41.561Z</time></trkpt><trkpt lat="47.60864410" lon="19.14686670"><ele>136.78</ele><time>2025-10-20T14:19:41.765Z</time></trkpt><trkpt lat="47.60864410" lon="19.14686670"><ele>136.78</ele><time>2025-10-20T14:19:41.966Z</time></trkpt><trkpt lat="47.60864410" lon="19.14686670"><ele>136.78</ele><time>2025-10-20T14:19:42.167Z</time></trkpt><trkpt lat="47.60864420" lon="19.14686660"><ele>136.78</ele><time>2025-10-20T14:19:42.369Z</time></trkpt><trkpt lat="47.60864420" lon="19.14686660"><ele>136.78</ele><time>2025-10-20T14:19:42.569Z</time></trkpt><trkpt lat="47.60864420" lon="19.14686650"><ele>136.78</ele><time>2025-10-20T14:19:42.772Z</time></trkpt><trkpt lat="47.60864430" lon="19.14686650"><ele>136.78</ele><time>2025-10-20T14:19:42.971Z</time></trkpt><trkpt lat="47.60864430" lon="19.14686650"><ele>136.78</ele><time>2025-10-20T14:19:43.172Z</time></trkpt><trkpt lat="47.60864430" lon="19.14686650"><ele>136.78</ele><time>2025-10-20T14:19:43.372Z</time></trkpt><trkpt lat="47.60864420" lon="19.14686640"><ele>136.78</ele><time>2025-10-20T14:19:43.572Z</time></trkpt><trkpt lat="47.60864420" lon="19.14686640"><ele>136.78</ele><time>2025-10-20T14:19:43.773Z</time></trkpt><trkpt lat="47.60864420" lon="19.14686650"><ele>136.78</ele><time>2025-10-20T14:19:43.974Z</time></trkpt><trkpt lat="47.60864420" lon="19.14686650"><ele>136.78</ele><time>2025-10-20T14:19:44.174Z</time></trkpt><trkpt lat="47.60864420" lon="19.14686650"><ele>136.78</ele><time>2025-10-20T14:19:44.355Z</time></trkpt><trkpt lat="47.60864430" lon="19.14686650"><ele>136.78</ele><time>2025-10-20T14:19:44.555Z</time></trkpt><trkpt lat="47.60864430" lon="19.14686660"><ele>136.79</ele><time>2025-10-20T14:19:44.757Z</time></trkpt><trkpt lat="47.60864430" lon="19.14686660"><ele>136.79</ele><time>2025-10-20T14:19:44.957Z</time></trkpt><trkpt lat="47.60864430" lon="19.14686670"><ele>136.79</ele><time>2025-10-20T14:19:45.157Z</time></trkpt><trkpt lat="47.60864430" lon="19.14686670"><ele>136.79</ele><time>2025-10-20T14:19:45.358Z</time></trkpt><trkpt lat="47.60864430" lon="19.14686670"><ele>136.79</ele><time>2025-10-20T14:19:45.558Z</time></trkpt><trkpt lat="47.60864420" lon="19.14686670"><ele>136.79</ele><time>2025-10-20T14:19:45.759Z</time></trkpt><trkpt lat="47.60864420" lon="19.14686670"><ele>136.79</ele><time>2025-10-20T14:19:45.960Z</time></trkpt><trkpt lat="47.60864420" lon="19.14686670"><ele>136.79</ele><time>2025-10-20T14:19:46.181Z</time></trkpt><trkpt lat="47.60864420" lon="19.14686680"><ele>136.79</ele><time>2025-10-20T14:19:46.361Z</time></trkpt><trkpt lat="47.60864430" lon="19.14686680"><ele>136.79</ele><time>2025-10-20T14:19:46.562Z</time></trkpt><trkpt lat="47.60864430" lon="19.14686680"><ele>136.80</ele><time>2025-10-20T14:19:46.763Z</time></trkpt><trkpt lat="47.60864420" lon="19.14686690"><ele>136.80</ele><time>2025-10-20T14:19:46.965Z</time></trkpt><trkpt lat="47.60864420" lon="19.14686690"><ele>136.80</ele><time>2025-10-20T14:19:47.166Z</time></trkpt><trkpt lat="47.60864420" lon="19.14686690"><ele>136.80</ele><time>2025-10-20T14:19:47.371Z</time></trkpt><trkpt lat="47.60864420" lon="19.14686690"><ele>136.80</ele><time>2025-10-20T14:19:47.572Z</time></trkpt><trkpt lat="47.60864420" lon="19.14686690"><ele>136.80</ele><time>2025-10-20T14:19:47.754Z</time></trkpt><trkpt lat="47.60864420" lon="19.14686690"><ele>136.80</ele><time>2025-10-20T14:19:47.957Z</time></trkpt><trkpt lat="47.60864420" lon="19.14686690"><ele>136.80</ele><time>2025-10-20T14:19:48.157Z</time></trkpt><trkpt lat="47.60864420" lon="19.14686680"><ele>136.81</ele><time>2025-10-20T14:19:48.359Z</time></trkpt><trkpt lat="47.60864420" lon="19.14686680"><ele>136.81</ele><time>2025-10-20T14:19:48.559Z</time></trkpt><trkpt lat="47.60864420" lon="19.14686680"><ele>136.81</ele><time>2025-10-20T14:19:48.759Z</time></trkpt><trkpt lat="47.60864420" lon="19.14686680"><ele>136.81</ele><time>2025-10-20T14:19:48.961Z</time></trkpt><trkpt lat="47.60864420" lon="19.14686670"><ele>136.81</ele><time>2025-10-20T14:19:49.161Z</time></trkpt><trkpt lat="47.60864420" lon="19.14686670"><ele>136.82</ele><time>2025-10-20T14:19:49.364Z</time></trkpt><trkpt lat="47.60864420" lon="19.14686660"><ele>136.82</ele><time>2025-10-20T14:19:49.564Z</time></trkpt><trkpt lat="47.60864410" lon="19.14686660"><ele>136.82</ele><time>2025-10-20T14:19:49.765Z</time></trkpt><trkpt lat="47.60864410" lon="19.14686660"><ele>136.82</ele><time>2025-10-20T14:19:49.966Z</time></trkpt><trkpt lat="47.60864410" lon="19.14686650"><ele>136.82</ele><time>2025-10-20T14:19:50.166Z</time></trkpt><trkpt lat="47.60864410" lon="19.14686650"><ele>136.82</ele><time>2025-10-20T14:19:50.370Z</time></trkpt><trkpt lat="47.60864410" lon="19.14686650"><ele>136.83</ele><time>2025-10-20T14:19:50.570Z</time></trkpt><trkpt lat="47.60864410" lon="19.14686650"><ele>136.83</ele><time>2025-10-20T14:19:50.771Z</time></trkpt><trkpt lat="47.60864410" lon="19.14686650"><ele>136.83</ele><time>2025-10-20T14:19:50.972Z</time></trkpt><trkpt lat="47.60864400" lon="19.14686650"><ele>136.83</ele><time>2025-10-20T14:19:51.172Z</time></trkpt><trkpt lat="47.60864400" lon="19.14686650"><ele>136.82</ele><time>2025-10-20T14:19:51.373Z</time></trkpt><trkpt lat="47.60864400" lon="19.14686650"><ele>136.82</ele><time>2025-10-20T14:19:51.573Z</time></trkpt><trkpt lat="47.60864400" lon="19.14686650"><ele>136.82</ele><time>2025-10-20T14:19:51.775Z</time></trkpt><trkpt lat="47.60864400" lon="19.14686650"><ele>136.82</ele><time>2025-10-20T14:19:51.976Z</time></trkpt><trkpt lat="47.60864400" lon="19.14686650"><ele>136.82</ele><time>2025-10-20T14:19:52.176Z</time></trkpt><trkpt lat="47.60864400" lon="19.14686650"><ele>136.82</ele><time>2025-10-20T14:19:52.377Z</time></trkpt><trkpt lat="47.60864400" lon="19.14686650"><ele>136.83</ele><time>2025-10-20T14:19:52.578Z</time></trkpt><trkpt lat="47.60864400" lon="19.14686650"><ele>136.82</ele><time>2025-10-20T14:19:52.777Z</time></trkpt><trkpt lat="47.60864400" lon="19.14686650"><ele>136.82</ele><time>2025-10-20T14:19:52.978Z</time></trkpt><trkpt lat="47.60864400" lon="19.14686640"><ele>136.82</ele><time>2025-10-20T14:19:53.178Z</time></trkpt><trkpt lat="47.60864400" lon="19.14686640"><ele>136.83</ele><time>2025-10-20T14:19:53.379Z</time></trkpt><trkpt lat="47.60864400" lon="19.14686640"><ele>136.83</ele><time>2025-10-20T14:19:53.579Z</time></trkpt><trkpt lat="47.60864400" lon="19.14686640"><ele>136.82</ele><time>2025-10-20T14:19:53.780Z</time></trkpt><trkpt lat="47.60864390" lon="19.14686640"><ele>136.82</ele><time>2025-10-20T14:19:53.981Z</time></trkpt><trkpt lat="47.60864390" lon="19.14686640"><ele>136.82</ele><time>2025-10-20T14:19:54.182Z</time></trkpt><trkpt lat="47.60864390" lon="19.14686640"><ele>136.82</ele><time>2025-10-20T14:19:54.382Z</time></trkpt><trkpt lat="47.60864390" lon="19.14686640"><ele>136.82</ele><time>2025-10-20T14:19:54.582Z</time></trkpt><trkpt lat="47.60864390" lon="19.14686640"><ele>136.82</ele><time>2025-10-20T14:19:54.781Z</time></trkpt><trkpt lat="47.60864390" lon="19.14686640"><ele>136.82</ele><time>2025-10-20T14:19:54.982Z</time></trkpt><trkpt lat="47.60864390" lon="19.14686640"><ele>136.82</ele><time>2025-10-20T14:19:55.182Z</time></trkpt><trkpt lat="47.60864390" lon="19.14686650"><ele>136.82</ele><time>2025-10-20T14:19:55.382Z</time></trkpt><trkpt lat="47.60864390" lon="19.14686650"><ele>136.82</ele><time>2025-10-20T14:19:55.583Z</time></trkpt><trkpt lat="47.60864390" lon="19.14686650"><ele>136.81</ele><time>2025-10-20T14:19:55.785Z</time></trkpt><trkpt lat="47.60864390" lon="19.14686660"><ele>136.81</ele><time>2025-10-20T14:19:55.986Z</time></trkpt><trkpt lat="47.60864400" lon="19.14686660"><ele>136.82</ele><time>2025-10-20T14:19:56.187Z</time></trkpt><trkpt lat="47.60864400" lon="19.14686660"><ele>136.82</ele><time>2025-10-20T14:19:56.389Z</time></trkpt><trkpt lat="47.60864400" lon="19.14686660"><ele>136.82</ele><time>2025-10-20T14:19:56.589Z</time></trkpt><trkpt lat="47.60864400" lon="19.14686660"><ele>136.82</ele><time>2025-10-20T14:19:56.790Z</time></trkpt><trkpt lat="47.60864400" lon="19.14686660"><ele>136.82</ele><time>2025-10-20T14:19:56.992Z</time></trkpt><trkpt lat="47.60864410" lon="19.14686660"><ele>136.82</ele><time>2025-10-20T14:19:57.193Z</time></trkpt><trkpt lat="47.60864410" lon="19.14686660"><ele>136.82</ele><time>2025-10-20T14:19:57.394Z</time></trkpt><trkpt lat="47.60864410" lon="19.14686650"><ele>136.82</ele><time>2025-10-20T14:19:57.595Z</time></trkpt><trkpt lat="47.60864410" lon="19.14686650"><ele>136.82</ele><time>2025-10-20T14:19:57.795Z</time></trkpt><trkpt lat="47.60864410" lon="19.14686660"><ele>136.82</ele><time>2025-10-20T14:19:57.996Z</time></trkpt><trkpt lat="47.60864410" lon="19.14686660"><ele>136.82</ele><time>2025-10-20T14:19:58.197Z</time></trkpt><trkpt lat="47.60864410" lon="19.14686660"><ele>136.81</ele><time>2025-10-20T14:19:58.398Z</time></trkpt><trkpt lat="47.60864410" lon="19.14686660"><ele>136.81</ele><time>2025-10-20T14:19:58.599Z</time></trkpt><trkpt lat="47.60864410" lon="19.14686660"><ele>136.81</ele><time>2025-10-20T14:19:58.800Z</time></trkpt><trkpt lat="47.60864410" lon="19.14686660"><ele>136.81</ele><time>2025-10-20T14:19:59.002Z</time></trkpt><trkpt lat="47.60864410" lon="19.14686660"><ele>136.81</ele><time>2025-10-20T14:19:59.202Z</time></trkpt><trkpt lat="47.60864400" lon="19.14686660"><ele>136.81</ele><time>2025-10-20T14:19:59.422Z</time></trkpt><trkpt lat="47.60864400" lon="19.14686660"><ele>136.80</ele><time>2025-10-20T14:19:59.623Z</time></trkpt><trkpt lat="47.60864400" lon="19.14686660"><ele>136.80</ele><time>2025-10-20T14:19:59.805Z</time></trkpt><trkpt lat="47.60864400" lon="19.14686660"><ele>136.80</ele><time>2025-10-20T14:20:00.007Z</time></trkpt><trkpt lat="47.60864400" lon="19.14686660"><ele>136.81</ele><time>2025-10-20T14:20:00.209Z</time></trkpt><trkpt lat="47.60864400" lon="19.14686660"><ele>136.81</ele><time>2025-10-20T14:20:00.410Z</time></trkpt><trkpt lat="47.60864400" lon="19.14686670"><ele>136.81</ele><time>2025-10-20T14:20:00.610Z</time></trkpt><trkpt lat="47.60864400" lon="19.14686670"><ele>136.81</ele><time>2025-10-20T14:20:00.811Z</time></trkpt><trkpt lat="47.60864400" lon="19.14686670"><ele>136.82</ele><time>2025-10-20T14:20:01.012Z</time></trkpt><trkpt lat="47.60864400" lon="19.14686670"><ele>136.82</ele><time>2025-10-20T14:20:01.214Z</time></trkpt><trkpt lat="47.60864400" lon="19.14686670"><ele>136.82</ele><time>2025-10-20T14:20:01.416Z</time></trkpt><trkpt lat="47.60864400" lon="19.14686670"><ele>136.82</ele><time>2025-10-20T14:20:01.618Z</time></trkpt><trkpt lat="47.60864400" lon="19.14686680"><ele>136.82</ele><time>2025-10-20T14:20:01.818Z</time></trkpt><trkpt lat="47.60864400" lon="19.14686680"><ele>136.82</ele><time>2025-10-20T14:20:02.019Z</time></trkpt><trkpt lat="47.60864400" lon="19.14686690"><ele>136.82</ele><time>2025-10-20T14:20:02.220Z</time></trkpt><trkpt lat="47.60864400" lon="19.14686690"><ele>136.82</ele><time>2025-10-20T14:20:02.422Z</time></trkpt><trkpt lat="47.60864400" lon="19.14686690"><ele>136.82</ele><time>2025-10-20T14:20:02.623Z</time></trkpt><trkpt lat="47.60864400" lon="19.14686700"><ele>136.83</ele><time>2025-10-20T14:20:02.826Z</time></trkpt><trkpt lat="47.60864400" lon="19.14686700"><ele>136.83</ele><time>2025-10-20T14:20:03.027Z</time></trkpt><trkpt lat="47.60864400" lon="19.14686710"><ele>136.83</ele><time>2025-10-20T14:20:03.228Z</time></trkpt><trkpt lat="47.60864400" lon="19.14686710"><ele>136.83</ele><time>2025-10-20T14:20:03.430Z</time></trkpt><trkpt lat="47.60864400" lon="19.14686710"><ele>136.83</ele><time>2025-10-20T14:20:03.631Z</time></trkpt><trkpt lat="47.60864400" lon="19.14686710"><ele>136.83</ele><time>2025-10-20T14:20:03.832Z</time></trkpt><trkpt lat="47.60864400" lon="19.14686710"><ele>136.83</ele><time>2025-10-20T14:20:04.033Z</time></trkpt><trkpt lat="47.60864400" lon="19.14686710"><ele>136.83</ele><time>2025-10-20T14:20:04.234Z</time></trkpt><trkpt lat="47.60864410" lon="19.14686710"><ele>136.84</ele><time>2025-10-20T14:20:04.435Z</time></trkpt><trkpt lat="47.60864410" lon="19.14686710"><ele>136.84</ele><time>2025-10-20T14:20:04.636Z</time></trkpt><trkpt lat="47.60864410" lon="19.14686720"><ele>136.84</ele><time>2025-10-20T14:20:04.836Z</time></trkpt><trkpt lat="47.60864410" lon="19.14686720"><ele>136.84</ele><time>2025-10-20T14:20:05.037Z</time></trkpt><trkpt lat="47.60864410" lon="19.14686720"><ele>136.85</ele><time>2025-10-20T14:20:05.223Z</time></trkpt><trkpt lat="47.60864410" lon="19.14686720"><ele>136.85</ele><time>2025-10-20T14:20:05.425Z</time></trkpt><trkpt lat="47.60864410" lon="19.14686720"><ele>136.85</ele><time>2025-10-20T14:20:05.626Z</time></trkpt><trkpt lat="47.60864410" lon="19.14686710"><ele>136.85</ele><time>2025-10-20T14:20:05.825Z</time></trkpt><trkpt lat="47.60864410" lon="19.14686710"><ele>136.85</ele><time>2025-10-20T14:20:06.027Z</time></trkpt><trkpt lat="47.60864420" lon="19.14686710"><ele>136.85</ele><time>2025-10-20T14:20:06.226Z</time></trkpt><trkpt lat="47.60864420" lon="19.14686700"><ele>136.85</ele><time>2025-10-20T14:20:06.427Z</time></trkpt><trkpt lat="47.60864410" lon="19.14686700"><ele>136.84</ele><time>2025-10-20T14:20:06.626Z</time></trkpt><trkpt lat="47.60864410" lon="19.14686700"><ele>136.84</ele><time>2025-10-20T14:20:06.847Z</time></trkpt><trkpt lat="47.60864410" lon="19.14686700"><ele>136.84</ele><time>2025-10-20T14:20:07.028Z</time></trkpt><trkpt lat="47.60864400" lon="19.14686700"><ele>136.84</ele><time>2025-10-20T14:20:07.234Z</time></trkpt><trkpt lat="47.60864400" lon="19.14686700"><ele>136.84</ele><time>2025-10-20T14:20:07.435Z</time></trkpt><trkpt lat="47.60864400" lon="19.14686700"><ele>136.85</ele><time>2025-10-20T14:20:07.637Z</time></trkpt><trkpt lat="47.60864400" lon="19.14686700"><ele>136.85</ele><time>2025-10-20T14:20:07.836Z</time></trkpt><trkpt lat="47.60864400" lon="19.14686700"><ele>136.85</ele><time>2025-10-20T14:20:08.037Z</time></trkpt><trkpt lat="47.60864400" lon="19.14686690"><ele>136.85</ele><time>2025-10-20T14:20:08.239Z</time></trkpt><trkpt lat="47.60864400" lon="19.14686690"><ele>136.85</ele><time>2025-10-20T14:20:08.440Z</time></trkpt><trkpt lat="47.60864400" lon="19.14686690"><ele>136.86</ele><time>2025-10-20T14:20:08.640Z</time></trkpt><trkpt lat="47.60864400" lon="19.14686690"><ele>136.86</ele><time>2025-10-20T14:20:08.841Z</time></trkpt><trkpt lat="47.60864410" lon="19.14686690"><ele>136.86</ele><time>2025-10-20T14:20:09.042Z</time></trkpt><trkpt lat="47.60864410" lon="19.14686690"><ele>136.86</ele><time>2025-10-20T14:20:09.222Z</time></trkpt><trkpt lat="47.60864410" lon="19.14686690"><ele>136.86</ele><time>2025-10-20T14:20:09.445Z</time></trkpt><trkpt lat="47.60864410" lon="19.14686680"><ele>136.86</ele><time>2025-10-20T14:20:09.626Z</time></trkpt><trkpt lat="47.60864410" lon="19.14686680"><ele>136.86</ele><time>2025-10-20T14:20:09.827Z</time></trkpt><trkpt lat="47.60864410" lon="19.14686680"><ele>136.86</ele><time>2025-10-20T14:20:10.028Z</time></trkpt><trkpt lat="47.60864410" lon="19.14686670"><ele>136.86</ele><time>2025-10-20T14:20:10.229Z</time></trkpt><trkpt lat="47.60864410" lon="19.14686670"><ele>136.86</ele><time>2025-10-20T14:20:10.430Z</time></trkpt><trkpt lat="47.60864410" lon="19.14686670"><ele>136.85</ele><time>2025-10-20T14:20:10.631Z</time></trkpt><trkpt lat="47.60864410" lon="19.14686670"><ele>136.85</ele><time>2025-10-20T14:20:10.830Z</time></trkpt><trkpt lat="47.60864410" lon="19.14686660"><ele>136.85</ele><time>2025-10-20T14:20:11.030Z</time></trkpt><trkpt lat="47.60864410" lon="19.14686660"><ele>136.84</ele><time>2025-10-20T14:20:11.231Z</time></trkpt><trkpt lat="47.60864400" lon="19.14686660"><ele>136.84</ele><time>2025-10-20T14:20:11.433Z</time></trkpt><trkpt lat="47.60864400" lon="19.14686660"><ele>136.83</ele><time>2025-10-20T14:20:11.634Z</time></trkpt><trkpt lat="47.60864400" lon="19.14686660"><ele>136.83</ele><time>2025-10-20T14:20:11.836Z</time></trkpt><trkpt lat="47.60864400" lon="19.14686660"><ele>136.83</ele><time>2025-10-20T14:20:12.036Z</time></trkpt><trkpt lat="47.60864400" lon="19.14686660"><ele>136.82</ele><time>2025-10-20T14:20:12.236Z</time></trkpt><trkpt lat="47.60864400" lon="19.14686660"><ele>136.82</ele><time>2025-10-20T14:20:12.438Z</time></trkpt><trkpt lat="47.60864400" lon="19.14686660"><ele>136.81</ele><time>2025-10-20T14:20:12.638Z</time></trkpt><trkpt lat="47.60864400" lon="19.14686660"><ele>136.81</ele><time>2025-10-20T14:20:12.837Z</time></trkpt><trkpt lat="47.60864400" lon="19.14686660"><ele>136.80</ele><time>2025-10-20T14:20:13.037Z</time></trkpt><trkpt lat="47.60864400" lon="19.14686650"><ele>136.80</ele><time>2025-10-20T14:20:13.237Z</time></trkpt><trkpt lat="47.60864400" lon="19.14686650"><ele>136.79</ele><time>2025-10-20T14:20:13.437Z</time></trkpt><trkpt lat="47.60864400" lon="19.14686640"><ele>136.79</ele><time>2025-10-20T14:20:13.638Z</time></trkpt><trkpt lat="47.60864410" lon="19.14686640"><ele>136.79</ele><time>2025-10-20T14:20:13.838Z</time></trkpt><trkpt lat="47.60864410" lon="19.14686640"><ele>136.78</ele><time>2025-10-20T14:20:14.038Z</time></trkpt><trkpt lat="47.60864410" lon="19.14686650"><ele>136.78</ele><time>2025-10-20T14:20:14.238Z</time></trkpt><trkpt lat="47.60864410" lon="19.14686650"><ele>136.78</ele><time>2025-10-20T14:20:14.438Z</time></trkpt><trkpt lat="47.60864410" lon="19.14686650"><ele>136.77</ele><time>2025-10-20T14:20:14.639Z</time></trkpt><trkpt lat="47.60864410" lon="19.14686660"><ele>136.77</ele><time>2025-10-20T14:20:14.839Z</time></trkpt><trkpt lat="47.60864410" lon="19.14686660"><ele>136.77</ele><time>2025-10-20T14:20:15.039Z</time></trkpt><trkpt lat="47.60864410" lon="19.14686660"><ele>136.77</ele><time>2025-10-20T14:20:15.239Z</time></trkpt><trkpt lat="47.60864410" lon="19.14686660"><ele>136.77</ele><time>2025-10-20T14:20:15.439Z</time></trkpt><trkpt lat="47.60864410" lon="19.14686670"><ele>136.77</ele><time>2025-10-20T14:20:15.640Z</time></trkpt><trkpt lat="47.60864410" lon="19.14686670"><ele>136.77</ele><time>2025-10-20T14:20:15.841Z</time></trkpt><trkpt lat="47.60864410" lon="19.14686670"><ele>136.77</ele><time>2025-10-20T14:20:16.041Z</time></trkpt><trkpt lat="47.60864410" lon="19.14686670"><ele>136.76</ele><time>2025-10-20T14:20:16.241Z</time></trkpt><trkpt lat="47.60864410" lon="19.14686660"><ele>136.76</ele><time>2025-10-20T14:20:16.441Z</time></trkpt><trkpt lat="47.60864410" lon="19.14686660"><ele>136.77</ele><time>2025-10-20T14:20:16.641Z</time></trkpt><trkpt lat="47.60864420" lon="19.14686660"><ele>136.77</ele><time>2025-10-20T14:20:16.842Z</time></trkpt><trkpt lat="47.60864420" lon="19.14686670"><ele>136.77</ele><time>2025-10-20T14:20:17.042Z</time></trkpt><trkpt lat="47.60864420" lon="19.14686670"><ele>136.77</ele><time>2025-10-20T14:20:17.242Z</time></trkpt><trkpt lat="47.60864420" lon="19.14686670"><ele>136.78</ele><time>2025-10-20T14:20:17.443Z</time></trkpt><trkpt lat="47.60864420" lon="19.14686670"><ele>136.78</ele><time>2025-10-20T14:20:17.643Z</time></trkpt><trkpt lat="47.60864430" lon="19.14686670"><ele>136.78</ele><time>2025-10-20T14:20:17.843Z</time></trkpt><trkpt lat="47.60864430" lon="19.14686670"><ele>136.78</ele><time>2025-10-20T14:20:18.044Z</time></trkpt><trkpt lat="47.60864420" lon="19.14686670"><ele>136.79</ele><time>2025-10-20T14:20:18.247Z</time></trkpt><trkpt lat="47.60864420" lon="19.14686670"><ele>136.79</ele><time>2025-10-20T14:20:18.448Z</time></trkpt><trkpt lat="47.60864420" lon="19.14686670"><ele>136.79</ele><time>2025-10-20T14:20:18.648Z</time></trkpt><trkpt lat="47.60864420" lon="19.14686670"><ele>136.80</ele><time>2025-10-20T14:20:18.849Z</time></trkpt><trkpt lat="47.60864420" lon="19.14686670"><ele>136.80</ele><time>2025-10-20T14:20:19.049Z</time></trkpt><trkpt lat="47.60864420" lon="19.14686670"><ele>136.80</ele><time>2025-10-20T14:20:19.251Z</time></trkpt><trkpt lat="47.60864420" lon="19.14686660"><ele>136.81</ele><time>2025-10-20T14:20:19.451Z</time></trkpt><trkpt lat="47.60864420" lon="19.14686660"><ele>136.81</ele><time>2025-10-20T14:20:19.651Z</time></trkpt><trkpt lat="47.60864420" lon="19.14686660"><ele>136.81</ele><time>2025-10-20T14:20:19.851Z</time></trkpt><trkpt lat="47.60864420" lon="19.14686660"><ele>136.82</ele><time>2025-10-20T14:20:20.051Z</time></trkpt><trkpt lat="47.60864420" lon="19.14686660"><ele>136.82</ele><time>2025-10-20T14:20:20.237Z</time></trkpt><trkpt lat="47.60864420" lon="19.14686660"><ele>136.82</ele><time>2025-10-20T14:20:20.441Z</time></trkpt><trkpt lat="47.60864430" lon="19.14686660"><ele>136.82</ele><time>2025-10-20T14:20:20.642Z</time></trkpt><trkpt lat="47.60864430" lon="19.14686660"><ele>136.82</ele><time>2025-10-20T14:20:20.844Z</time></trkpt><trkpt lat="47.60864430" lon="19.14686660"><ele>136.83</ele><time>2025-10-20T14:20:21.045Z</time></trkpt><trkpt lat="47.60864430" lon="19.14686660"><ele>136.83</ele><time>2025-10-20T14:20:21.246Z</time></trkpt><trkpt lat="47.60864430" lon="19.14686670"><ele>136.83</ele><time>2025-10-20T14:20:21.446Z</time></trkpt><trkpt lat="47.60864430" lon="19.14686670"><ele>136.83</ele><time>2025-10-20T14:20:21.648Z</time></trkpt><trkpt lat="47.60864430" lon="19.14686670"><ele>136.83</ele><time>2025-10-20T14:20:21.852Z</time></trkpt><trkpt lat="47.60864440" lon="19.14686660"><ele>136.83</ele><time>2025-10-20T14:20:22.052Z</time></trkpt><trkpt lat="47.60864440" lon="19.14686660"><ele>136.83</ele><time>2025-10-20T14:20:22.255Z</time></trkpt><trkpt lat="47.60864440" lon="19.14686660"><ele>136.83</ele><time>2025-10-20T14:20:22.457Z</time></trkpt><trkpt lat="47.60864440" lon="19.14686660"><ele>136.83</ele><time>2025-10-20T14:20:22.658Z</time></trkpt><trkpt lat="47.60864450" lon="19.14686660"><ele>136.83</ele><time>2025-10-20T14:20:22.858Z</time></trkpt><trkpt lat="47.60864450" lon="19.14686660"><ele>136.83</ele><time>2025-10-20T14:20:23.058Z</time></trkpt><trkpt lat="47.60864450" lon="19.14686660"><ele>136.82</ele><time>2025-10-20T14:20:23.259Z</time></trkpt><trkpt lat="47.60864450" lon="19.14686650"><ele>136.82</ele><time>2025-10-20T14:20:23.460Z</time></trkpt><trkpt lat="47.60864450" lon="19.14686650"><ele>136.81</ele><time>2025-10-20T14:20:23.660Z</time></trkpt><trkpt lat="47.60864450" lon="19.14686650"><ele>136.81</ele><time>2025-10-20T14:20:23.861Z</time></trkpt><trkpt lat="47.60864450" lon="19.14686650"><ele>136.81</ele><time>2025-10-20T14:20:24.062Z</time></trkpt><trkpt lat="47.60864450" lon="19.14686650"><ele>136.81</ele><time>2025-10-20T14:20:24.263Z</time></trkpt><trkpt lat="47.60864450" lon="19.14686650"><ele>136.80</ele><time>2025-10-20T14:20:24.463Z</time></trkpt><trkpt lat="47.60864450" lon="19.14686650"><ele>136.80</ele><time>2025-10-20T14:20:24.663Z</time></trkpt><trkpt lat="47.60864450" lon="19.14686650"><ele>136.80</ele><time>2025-10-20T14:20:24.863Z</time></trkpt><trkpt lat="47.60864450" lon="19.14686650"><ele>136.79</ele><time>2025-10-20T14:20:25.063Z</time></trkpt><trkpt lat="47.60864440" lon="19.14686650"><ele>136.79</ele><time>2025-10-20T14:20:25.264Z</time></trkpt><trkpt lat="47.60864440" lon="19.14686650"><ele>136.79</ele><time>2025-10-20T14:20:25.445Z</time></trkpt><trkpt lat="47.60864440" lon="19.14686650"><ele>136.79</ele><time>2025-10-20T14:20:25.647Z</time></trkpt><trkpt lat="47.60864440" lon="19.14686650"><ele>136.79</ele><time>2025-10-20T14:20:25.848Z</time></trkpt><trkpt lat="47.60864430" lon="19.14686650"><ele>136.79</ele><time>2025-10-20T14:20:26.048Z</time></trkpt><trkpt lat="47.60864430" lon="19.14686650"><ele>136.78</ele><time>2025-10-20T14:20:26.253Z</time></trkpt><trkpt lat="47.60864430" lon="19.14686650"><ele>136.78</ele><time>2025-10-20T14:20:26.453Z</time></trkpt><trkpt lat="47.60864430" lon="19.14686660"><ele>136.78</ele><time>2025-10-20T14:20:26.673Z</time></trkpt><trkpt lat="47.60864430" lon="19.14686650"><ele>136.78</ele><time>2025-10-20T14:20:26.852Z</time></trkpt><trkpt lat="47.60864420" lon="19.14686650"><ele>136.78</ele><time>2025-10-20T14:20:27.052Z</time></trkpt><trkpt lat="47.60864420" lon="19.14686650"><ele>136.79</ele><time>2025-10-20T14:20:27.256Z</time></trkpt><trkpt lat="47.60864420" lon="19.14686650"><ele>136.79</ele><time>2025-10-20T14:20:27.456Z</time></trkpt><trkpt lat="47.60864420" lon="19.14686660"><ele>136.79</ele><time>2025-10-20T14:20:27.656Z</time></trkpt><trkpt lat="47.60864410" lon="19.14686660"><ele>136.79</ele><time>2025-10-20T14:20:27.856Z</time></trkpt><trkpt lat="47.60864410" lon="19.14686660"><ele>136.80</ele><time>2025-10-20T14:20:28.057Z</time></trkpt><trkpt lat="47.60864410" lon="19.14686660"><ele>136.79</ele><time>2025-10-20T14:20:28.260Z</time></trkpt><trkpt lat="47.60864410" lon="19.14686660"><ele>136.79</ele><time>2025-10-20T14:20:28.459Z</time></trkpt><trkpt lat="47.60864410" lon="19.14686660"><ele>136.80</ele><time>2025-10-20T14:20:28.660Z</time></trkpt><trkpt lat="47.60864400" lon="19.14686670"><ele>136.80</ele><time>2025-10-20T14:20:28.860Z</time></trkpt><trkpt lat="47.60864400" lon="19.14686670"><ele>136.80</ele><time>2025-10-20T14:20:29.059Z</time></trkpt><trkpt lat="47.60864400" lon="19.14686670"><ele>136.81</ele><time>2025-10-20T14:20:29.259Z</time></trkpt><trkpt lat="47.60864400" lon="19.14686670"><ele>136.82</ele><time>2025-10-20T14:20:29.461Z</time></trkpt><trkpt lat="47.60864400" lon="19.14686670"><ele>136.82</ele><time>2025-10-20T14:20:29.661Z</time></trkpt><trkpt lat="47.60864400" lon="19.14686680"><ele>136.82</ele><time>2025-10-20T14:20:29.861Z</time></trkpt><trkpt lat="47.60864390" lon="19.14686680"><ele>136.82</ele><time>2025-10-20T14:20:30.061Z</time></trkpt><trkpt lat="47.60864390" lon="19.14686680"><ele>136.82</ele><time>2025-10-20T14:20:30.262Z</time></trkpt><trkpt lat="47.60864390" lon="19.14686680"><ele>136.81</ele><time>2025-10-20T14:20:30.463Z</time></trkpt><trkpt lat="47.60864390" lon="19.14686680"><ele>136.81</ele><time>2025-10-20T14:20:30.663Z</time></trkpt><trkpt lat="47.60864390" lon="19.14686680"><ele>136.82</ele><time>2025-10-20T14:20:30.863Z</time></trkpt><trkpt lat="47.60864390" lon="19.14686680"><ele>136.82</ele><time>2025-10-20T14:20:31.063Z</time></trkpt><trkpt lat="47.60864380" lon="19.14686690"><ele>136.82</ele><time>2025-10-20T14:20:31.266Z</time></trkpt><trkpt lat="47.60864380" lon="19.14686690"><ele>136.82</ele><time>2025-10-20T14:20:31.469Z</time></trkpt><trkpt lat="47.60864380" lon="19.14686690"><ele>136.82</ele><time>2025-10-20T14:20:31.669Z</time></trkpt><trkpt lat="47.60864380" lon="19.14686690"><ele>136.83</ele><time>2025-10-20T14:20:31.869Z</time></trkpt><trkpt lat="47.60864380" lon="19.14686700"><ele>136.84</ele><time>2025-10-20T14:20:32.070Z</time></trkpt><trkpt lat="47.60864380" lon="19.14686700"><ele>136.84</ele><time>2025-10-20T14:20:32.271Z</time></trkpt><trkpt lat="47.60864380" lon="19.14686700"><ele>136.85</ele><time>2025-10-20T14:20:32.471Z</time></trkpt><trkpt lat="47.60864380" lon="19.14686700"><ele>136.85</ele><time>2025-10-20T14:20:32.671Z</time></trkpt><trkpt lat="47.60864380" lon="19.14686700"><ele>136.85</ele><time>2025-10-20T14:20:32.871Z</time></trkpt><trkpt lat="47.60864380" lon="19.14686700"><ele>136.86</ele><time>2025-10-20T14:20:33.071Z</time></trkpt><trkpt lat="47.60864380" lon="19.14686700"><ele>136.86</ele><time>2025-10-20T14:20:33.274Z</time></trkpt><trkpt lat="47.60864380" lon="19.14686700"><ele>136.86</ele><time>2025-10-20T14:20:33.479Z</time></trkpt><trkpt lat="47.60864380" lon="19.14686690"><ele>136.86</ele><time>2025-10-20T14:20:33.678Z</time></trkpt><trkpt lat="47.60864380" lon="19.14686690"><ele>136.87</ele><time>2025-10-20T14:20:33.880Z</time></trkpt><trkpt lat="47.60864380" lon="19.14686680"><ele>136.87</ele><time>2025-10-20T14:20:34.081Z</time></trkpt><trkpt lat="47.60864380" lon="19.14686680"><ele>136.87</ele><time>2025-10-20T14:20:34.282Z</time></trkpt><trkpt lat="47.60864380" lon="19.14686670"><ele>136.87</ele><time>2025-10-20T14:20:34.462Z</time></trkpt><trkpt lat="47.60864370" lon="19.14686670"><ele>136.87</ele><time>2025-10-20T14:20:34.682Z</time></trkpt><trkpt lat="47.60864370" lon="19.14686670"><ele>136.87</ele><time>2025-10-20T14:20:34.883Z</time></trkpt><trkpt lat="47.60864380" lon="19.14686660"><ele>136.87</ele><time>2025-10-20T14:20:35.083Z</time></trkpt><trkpt lat="47.60864380" lon="19.14686660"><ele>136.87</ele><time>2025-10-20T14:20:35.269Z</time></trkpt><trkpt lat="47.60864390" lon="19.14686660"><ele>136.87</ele><time>2025-10-20T14:20:35.469Z</time></trkpt><trkpt lat="47.60864390" lon="19.14686660"><ele>136.87</ele><time>2025-10-20T14:20:35.669Z</time></trkpt><trkpt lat="47.60864390" lon="19.14686660"><ele>136.87</ele><time>2025-10-20T14:20:35.869Z</time></trkpt><trkpt lat="47.60864390" lon="19.14686660"><ele>136.87</ele><time>2025-10-20T14:20:36.070Z</time></trkpt><trkpt lat="47.60864390" lon="19.14686660"><ele>136.87</ele><time>2025-10-20T14:20:36.273Z</time></trkpt><trkpt lat="47.60864400" lon="19.14686660"><ele>136.87</ele><time>2025-10-20T14:20:36.474Z</time></trkpt><trkpt lat="47.60864400" lon="19.14686650"><ele>136.87</ele><time>2025-10-20T14:20:36.673Z</time></trkpt><trkpt lat="47.60864410" lon="19.14686650"><ele>136.87</ele><time>2025-10-20T14:20:36.874Z</time></trkpt><trkpt lat="47.60864410" lon="19.14686650"><ele>136.86</ele><time>2025-10-20T14:20:37.076Z</time></trkpt><trkpt lat="47.60864410" lon="19.14686650"><ele>136.86</ele><time>2025-10-20T14:20:37.278Z</time></trkpt><trkpt lat="47.60864410" lon="19.14686650"><ele>136.86</ele><time>2025-10-20T14:20:37.478Z</time></trkpt><trkpt lat="47.60864410" lon="19.14686650"><ele>136.86</ele><time>2025-10-20T14:20:37.680Z</time></trkpt><trkpt lat="47.60864410" lon="19.14686650"><ele>136.86</ele><time>2025-10-20T14:20:37.880Z</time></trkpt><trkpt lat="47.60864410" lon="19.14686650"><ele>136.86</ele><time>2025-10-20T14:20:38.081Z</time></trkpt><trkpt lat="47.60864420" lon="19.14686650"><ele>136.86</ele><time>2025-10-20T14:20:38.282Z</time></trkpt><trkpt lat="47.60864420" lon="19.14686650"><ele>136.86</ele><time>2025-10-20T14:20:38.483Z</time></trkpt><trkpt lat="47.60864420" lon="19.14686650"><ele>136.86</ele><time>2025-10-20T14:20:38.683Z</time></trkpt><trkpt lat="47.60864420" lon="19.14686660"><ele>136.87</ele><time>2025-10-20T14:20:38.884Z</time></trkpt><trkpt lat="47.60864420" lon="19.14686660"><ele>136.87</ele><time>2025-10-20T14:20:39.083Z</time></trkpt><trkpt lat="47.60864430" lon="19.14686660"><ele>136.87</ele><time>2025-10-20T14:20:39.286Z</time></trkpt><trkpt lat="47.60864430" lon="19.14686660"><ele>136.87</ele><time>2025-10-20T14:20:39.486Z</time></trkpt><trkpt lat="47.60864440" lon="19.14686660"><ele>136.87</ele><time>2025-10-20T14:20:39.686Z</time></trkpt><trkpt lat="47.60864440" lon="19.14686650"><ele>136.88</ele><time>2025-10-20T14:20:39.887Z</time></trkpt><trkpt lat="47.60864440" lon="19.14686650"><ele>136.88</ele><time>2025-10-20T14:20:40.088Z</time></trkpt><trkpt lat="47.60864440" lon="19.14686650"><ele>136.87</ele><time>2025-10-20T14:20:40.289Z</time></trkpt><trkpt lat="47.60864450" lon="19.14686650"><ele>136.88</ele><time>2025-10-20T14:20:40.489Z</time></trkpt><trkpt lat="47.60864450" lon="19.14686650"><ele>136.88</ele><time>2025-10-20T14:20:40.690Z</time></trkpt><trkpt lat="47.60864450" lon="19.14686650"><ele>136.88</ele><time>2025-10-20T14:20:40.890Z</time></trkpt><trkpt lat="47.60864450" lon="19.14686650"><ele>136.87</ele><time>2025-10-20T14:20:41.090Z</time></trkpt><trkpt lat="47.60864450" lon="19.14686650"><ele>136.87</ele><time>2025-10-20T14:20:41.295Z</time></trkpt><trkpt lat="47.60864450" lon="19.14686650"><ele>136.87</ele><time>2025-10-20T14:20:41.495Z</time></trkpt><trkpt lat="47.60864450" lon="19.14686650"><ele>136.87</ele><time>2025-10-20T14:20:41.695Z</time></trkpt><trkpt lat="47.60864450" lon="19.14686650"><ele>136.87</ele><time>2025-10-20T14:20:41.895Z</time></trkpt><trkpt lat="47.60864450" lon="19.14686650"><ele>136.87</ele><time>2025-10-20T14:20:42.094Z</time></trkpt><trkpt lat="47.60864450" lon="19.14686640"><ele>136.87</ele><time>2025-10-20T14:20:42.296Z</time></trkpt><trkpt lat="47.60864460" lon="19.14686650"><ele>136.87</ele><time>2025-10-20T14:20:42.495Z</time></trkpt><trkpt lat="47.60864460" lon="19.14686650"><ele>136.87</ele><time>2025-10-20T14:20:42.696Z</time></trkpt><trkpt lat="47.60864460" lon="19.14686650"><ele>136.88</ele><time>2025-10-20T14:20:42.897Z</time></trkpt><trkpt lat="47.60864460" lon="19.14686650"><ele>136.88</ele><time>2025-10-20T14:20:43.098Z</time></trkpt><trkpt lat="47.60864460" lon="19.14686660"><ele>136.87</ele><time>2025-10-20T14:20:43.302Z</time></trkpt><trkpt lat="47.60864450" lon="19.14686660"><ele>136.87</ele><time>2025-10-20T14:20:43.502Z</time></trkpt><trkpt lat="47.60864440" lon="19.14686670"><ele>136.86</ele><time>2025-10-20T14:20:43.702Z</time></trkpt><trkpt lat="47.60864440" lon="19.14686670"><ele>136.86</ele><time>2025-10-20T14:20:43.902Z</time></trkpt><trkpt lat="47.60864440" lon="19.14686670"><ele>136.85</ele><time>2025-10-20T14:20:44.103Z</time></trkpt><trkpt lat="47.60864440" lon="19.14686670"><ele>136.85</ele><time>2025-10-20T14:20:44.303Z</time></trkpt><trkpt lat="47.60864440" lon="19.14686670"><ele>136.85</ele><time>2025-10-20T14:20:44.503Z</time></trkpt><trkpt lat="47.60864440" lon="19.14686670"><ele>136.84</ele><time>2025-10-20T14:20:44.703Z</time></trkpt><trkpt lat="47.60864440" lon="19.14686680"><ele>136.84</ele><time>2025-10-20T14:20:44.903Z</time></trkpt><trkpt lat="47.60864440" lon="19.14686680"><ele>136.84</ele><time>2025-10-20T14:20:45.102Z</time></trkpt><trkpt lat="47.60864450" lon="19.14686680"><ele>136.84</ele><time>2025-10-20T14:20:45.304Z</time></trkpt><trkpt lat="47.60864450" lon="19.14686670"><ele>136.84</ele><time>2025-10-20T14:20:45.504Z</time></trkpt><trkpt lat="47.60864450" lon="19.14686670"><ele>136.84</ele><time>2025-10-20T14:20:45.704Z</time></trkpt><trkpt lat="47.60864440" lon="19.14686670"><ele>136.84</ele><time>2025-10-20T14:20:45.904Z</time></trkpt><trkpt lat="47.60864440" lon="19.14686670"><ele>136.83</ele><time>2025-10-20T14:20:46.105Z</time></trkpt><trkpt lat="47.60864440" lon="19.14686670"><ele>136.83</ele><time>2025-10-20T14:20:46.307Z</time></trkpt><trkpt lat="47.60864440" lon="19.14686660"><ele>136.83</ele><time>2025-10-20T14:20:46.508Z</time></trkpt><trkpt lat="47.60864440" lon="19.14686660"><ele>136.83</ele><time>2025-10-20T14:20:46.708Z</time></trkpt><trkpt lat="47.60864440" lon="19.14686660"><ele>136.83</ele><time>2025-10-20T14:20:46.908Z</time></trkpt><trkpt lat="47.60864440" lon="19.14686660"><ele>136.83</ele><time>2025-10-20T14:20:47.109Z</time></trkpt><trkpt lat="47.60864440" lon="19.14686660"><ele>136.82</ele><time>2025-10-20T14:20:47.309Z</time></trkpt><trkpt lat="47.60864440" lon="19.14686650"><ele>136.82</ele><time>2025-10-20T14:20:47.509Z</time></trkpt><trkpt lat="47.60864440" lon="19.14686650"><ele>136.82</ele><time>2025-10-20T14:20:47.709Z</time></trkpt><trkpt lat="47.60864440" lon="19.14686650"><ele>136.82</ele><time>2025-10-20T14:20:47.910Z</time></trkpt><trkpt lat="47.60864440" lon="19.14686650"><ele>136.82</ele><time>2025-10-20T14:20:48.109Z</time></trkpt><trkpt lat="47.60864450" lon="19.14686650"><ele>136.82</ele><time>2025-10-20T14:20:48.310Z</time></trkpt><trkpt lat="47.60864450" lon="19.14686650"><ele>136.82</ele><time>2025-10-20T14:20:48.511Z</time></trkpt><trkpt lat="47.60864450" lon="19.14686650"><ele>136.82</ele><time>2025-10-20T14:20:48.711Z</time></trkpt><trkpt lat="47.60864450" lon="19.14686650"><ele>136.82</ele><time>2025-10-20T14:20:48.911Z</time></trkpt><trkpt lat="47.60864450" lon="19.14686650"><ele>136.82</ele><time>2025-10-20T14:20:49.112Z</time></trkpt><trkpt lat="47.60864450" lon="19.14686650"><ele>136.82</ele><time>2025-10-20T14:20:49.313Z</time></trkpt><trkpt lat="47.60864450" lon="19.14686650"><ele>136.82</ele><time>2025-10-20T14:20:49.513Z</time></trkpt><trkpt lat="47.60864450" lon="19.14686650"><ele>136.82</ele><time>2025-10-20T14:20:49.713Z</time></trkpt><trkpt lat="47.60864450" lon="19.14686650"><ele>136.81</ele><time>2025-10-20T14:20:49.913Z</time></trkpt><trkpt lat="47.60864450" lon="19.14686650"><ele>136.81</ele><time>2025-10-20T14:20:50.112Z</time></trkpt><trkpt lat="47.60864450" lon="19.14686650"><ele>136.81</ele><time>2025-10-20T14:20:50.313Z</time></trkpt><trkpt lat="47.60864450" lon="19.14686650"><ele>136.81</ele><time>2025-10-20T14:20:50.513Z</time></trkpt><trkpt lat="47.60864450" lon="19.14686650"><ele>136.81</ele><time>2025-10-20T14:20:50.713Z</time></trkpt><trkpt lat="47.60864450" lon="19.14686650"><ele>136.81</ele><time>2025-10-20T14:20:50.914Z</time></trkpt><trkpt lat="47.60864450" lon="19.14686640"><ele>136.81</ele><time>2025-10-20T14:20:51.115Z</time></trkpt><trkpt lat="47.60864450" lon="19.14686640"><ele>136.81</ele><time>2025-10-20T14:20:51.316Z</time></trkpt><trkpt lat="47.60864450" lon="19.14686640"><ele>136.81</ele><time>2025-10-20T14:20:51.516Z</time></trkpt><trkpt lat="47.60864450" lon="19.14686640"><ele>136.80</ele><time>2025-10-20T14:20:51.716Z</time></trkpt><trkpt lat="47.60864450" lon="19.14686640"><ele>136.80</ele><time>2025-10-20T14:20:51.916Z</time></trkpt><trkpt lat="47.60864450" lon="19.14686650"><ele>136.80</ele><time>2025-10-20T14:20:52.116Z</time></trkpt><trkpt lat="47.60864450" lon="19.14686650"><ele>136.80</ele><time>2025-10-20T14:20:52.320Z</time></trkpt><trkpt lat="47.60864450" lon="19.14686650"><ele>136.80</ele><time>2025-10-20T14:20:52.521Z</time></trkpt><trkpt lat="47.60864450" lon="19.14686650"><ele>136.81</ele><time>2025-10-20T14:20:52.720Z</time></trkpt><trkpt lat="47.60864450" lon="19.14686660"><ele>136.81</ele><time>2025-10-20T14:20:52.921Z</time></trkpt><trkpt lat="47.60864450" lon="19.14686660"><ele>136.81</ele><time>2025-10-20T14:20:53.121Z</time></trkpt><trkpt lat="47.60864450" lon="19.14686660"><ele>136.81</ele><time>2025-10-20T14:20:53.323Z</time></trkpt><trkpt lat="47.60864450" lon="19.14686660"><ele>136.81</ele><time>2025-10-20T14:20:53.524Z</time></trkpt><trkpt lat="47.60864450" lon="19.14686670"><ele>136.81</ele><time>2025-10-20T14:20:53.724Z</time></trkpt><trkpt lat="47.60864450" lon="19.14686670"><ele>136.81</ele><time>2025-10-20T14:20:53.924Z</time></trkpt><trkpt lat="47.60864450" lon="19.14686670"><ele>136.81</ele><time>2025-10-20T14:20:54.124Z</time></trkpt><trkpt lat="47.60864440" lon="19.14686670"><ele>136.82</ele><time>2025-10-20T14:20:54.324Z</time></trkpt><trkpt lat="47.60864440" lon="19.14686670"><ele>136.82</ele><time>2025-10-20T14:20:54.525Z</time></trkpt><trkpt lat="47.60864440" lon="19.14686670"><ele>136.82</ele><time>2025-10-20T14:20:54.725Z</time></trkpt><trkpt lat="47.60864430" lon="19.14686670"><ele>136.82</ele><time>2025-10-20T14:20:54.925Z</time></trkpt><trkpt lat="47.60864430" lon="19.14686680"><ele>136.81</ele><time>2025-10-20T14:20:55.125Z</time></trkpt><trkpt lat="47.60864420" lon="19.14686680"><ele>136.81</ele><time>2025-10-20T14:20:55.326Z</time></trkpt><trkpt lat="47.60864420" lon="19.14686670"><ele>136.82</ele><time>2025-10-20T14:20:55.526Z</time></trkpt><trkpt lat="47.60864410" lon="19.14686670"><ele>136.82</ele><time>2025-10-20T14:20:55.727Z</time></trkpt><trkpt lat="47.60864410" lon="19.14686670"><ele>136.82</ele><time>2025-10-20T14:20:55.927Z</time></trkpt><trkpt lat="47.60864410" lon="19.14686670"><ele>136.82</ele><time>2025-10-20T14:20:56.129Z</time></trkpt><trkpt lat="47.60864410" lon="19.14686660"><ele>136.82</ele><time>2025-10-20T14:20:56.331Z</time></trkpt><trkpt lat="47.60864410" lon="19.14686660"><ele>136.82</ele><time>2025-10-20T14:20:56.531Z</time></trkpt><trkpt lat="47.60864410" lon="19.14686660"><ele>136.82</ele><time>2025-10-20T14:20:56.732Z</time></trkpt><trkpt lat="47.60864410" lon="19.14686660"><ele>136.82</ele><time>2025-10-20T14:20:56.933Z</time></trkpt><trkpt lat="47.60864420" lon="19.14686660"><ele>136.82</ele><time>2025-10-20T14:20:57.133Z</time></trkpt><trkpt lat="47.60864420" lon="19.14686660"><ele>136.83</ele><time>2025-10-20T14:20:57.337Z</time></trkpt><trkpt lat="47.60864420" lon="19.14686660"><ele>136.83</ele><time>2025-10-20T14:20:57.537Z</time></trkpt><trkpt lat="47.60864420" lon="19.14686660"><ele>136.83</ele><time>2025-10-20T14:20:57.737Z</time></trkpt><trkpt lat="47.60864420" lon="19.14686660"><ele>136.82</ele><time>2025-10-20T14:20:57.938Z</time></trkpt><trkpt lat="47.60864420" lon="19.14686660"><ele>136.82</ele><time>2025-10-20T14:20:58.138Z</time></trkpt><trkpt lat="47.60864420" lon="19.14686660"><ele>136.82</ele><time>2025-10-20T14:20:58.341Z</time></trkpt><trkpt lat="47.60864410" lon="19.14686660"><ele>136.82</ele><time>2025-10-20T14:20:58.541Z</time></trkpt><trkpt lat="47.60864410" lon="19.14686660"><ele>136.82</ele><time>2025-10-20T14:20:58.742Z</time></trkpt><trkpt lat="47.60864410" lon="19.14686660"><ele>136.81</ele><time>2025-10-20T14:20:58.942Z</time></trkpt><trkpt lat="47.60864410" lon="19.14686660"><ele>136.81</ele><time>2025-10-20T14:20:59.143Z</time></trkpt><trkpt lat="47.60864400" lon="19.14686660"><ele>136.81</ele><time>2025-10-20T14:20:59.344Z</time></trkpt><trkpt lat="47.60864400" lon="19.14686660"><ele>136.81</ele><time>2025-10-20T14:20:59.546Z</time></trkpt><trkpt lat="47.60864400" lon="19.14686660"><ele>136.81</ele><time>2025-10-20T14:20:59.746Z</time></trkpt><trkpt lat="47.60864400" lon="19.14686670"><ele>136.82</ele><time>2025-10-20T14:20:59.946Z</time></trkpt><trkpt lat="47.60864400" lon="19.14686670"><ele>136.82</ele><time>2025-10-20T14:21:00.146Z</time></trkpt><trkpt lat="47.60864400" lon="19.14686670"><ele>136.82</ele><time>2025-10-20T14:21:00.347Z</time></trkpt><trkpt lat="47.60864400" lon="19.14686670"><ele>136.82</ele><time>2025-10-20T14:21:00.548Z</time></trkpt><trkpt lat="47.60864390" lon="19.14686670"><ele>136.82</ele><time>2025-10-20T14:21:00.749Z</time></trkpt><trkpt lat="47.60864390" lon="19.14686670"><ele>136.82</ele><time>2025-10-20T14:21:00.949Z</time></trkpt><trkpt lat="47.60864390" lon="19.14686670"><ele>136.82</ele><time>2025-10-20T14:21:01.149Z</time></trkpt><trkpt lat="47.60864390" lon="19.14686670"><ele>136.82</ele><time>2025-10-20T14:21:01.352Z</time></trkpt><trkpt lat="47.60864400" lon="19.14686670"><ele>136.82</ele><time>2025-10-20T14:21:01.552Z</time></trkpt><trkpt lat="47.60864400" lon="19.14686680"><ele>136.82</ele><time>2025-10-20T14:21:01.753Z</time></trkpt><trkpt lat="47.60864400" lon="19.14686680"><ele>136.82</ele><time>2025-10-20T14:21:01.953Z</time></trkpt><trkpt lat="47.60864400" lon="19.14686680"><ele>136.82</ele><time>2025-10-20T14:21:02.154Z</time></trkpt><trkpt lat="47.60864400" lon="19.14686680"><ele>136.82</ele><time>2025-10-20T14:21:02.356Z</time></trkpt><trkpt lat="47.60864410" lon="19.14686680"><ele>136.83</ele><time>2025-10-20T14:21:02.556Z</time></trkpt><trkpt lat="47.60864410" lon="19.14686690"><ele>136.83</ele><time>2025-10-20T14:21:02.757Z</time></trkpt><trkpt lat="47.60864420" lon="19.14686690"><ele>136.83</ele><time>2025-10-20T14:21:02.957Z</time></trkpt><trkpt lat="47.60864420" lon="19.14686700"><ele>136.83</ele><time>2025-10-20T14:21:03.158Z</time></trkpt><trkpt lat="47.60864420" lon="19.14686700"><ele>136.83</ele><time>2025-10-20T14:21:03.362Z</time></trkpt><trkpt lat="47.60864420" lon="19.14686690"><ele>136.83</ele><time>2025-10-20T14:21:03.563Z</time></trkpt><trkpt lat="47.60864420" lon="19.14686690"><ele>136.83</ele><time>2025-10-20T14:21:03.763Z</time></trkpt><trkpt lat="47.60864420" lon="19.14686690"><ele>136.83</ele><time>2025-10-20T14:21:03.964Z</time></trkpt><trkpt lat="47.60864420" lon="19.14686690"><ele>136.83</ele><time>2025-10-20T14:21:04.164Z</time></trkpt><trkpt lat="47.60864420" lon="19.14686690"><ele>136.83</ele><time>2025-10-20T14:21:04.367Z</time></trkpt><trkpt lat="47.60864420" lon="19.14686680"><ele>136.83</ele><time>2025-10-20T14:21:04.568Z</time></trkpt><trkpt lat="47.60864420" lon="19.14686680"><ele>136.83</ele><time>2025-10-20T14:21:04.768Z</time></trkpt><trkpt lat="47.60864420" lon="19.14686680"><ele>136.83</ele><time>2025-10-20T14:21:04.968Z</time></trkpt><trkpt lat="47.60864420" lon="19.14686680"><ele>136.83</ele><time>2025-10-20T14:21:05.168Z</time></trkpt><trkpt lat="47.60864430" lon="19.14686670"><ele>136.83</ele><time>2025-10-20T14:21:05.370Z</time></trkpt><trkpt lat="47.60864430" lon="19.14686670"><ele>136.83</ele><time>2025-10-20T14:21:05.570Z</time></trkpt><trkpt lat="47.60864430" lon="19.14686670"><ele>136.84</ele><time>2025-10-20T14:21:05.770Z</time></trkpt><trkpt lat="47.60864430" lon="19.14686670"><ele>136.84</ele><time>2025-10-20T14:21:05.970Z</time></trkpt><trkpt lat="47.60864420" lon="19.14686660"><ele>136.84</ele><time>2025-10-20T14:21:06.171Z</time></trkpt><trkpt lat="47.60864420" lon="19.14686660"><ele>136.84</ele><time>2025-10-20T14:21:06.373Z</time></trkpt><trkpt lat="47.60864420" lon="19.14686660"><ele>136.84</ele><time>2025-10-20T14:21:06.573Z</time></trkpt><trkpt lat="47.60864430" lon="19.14686660"><ele>136.84</ele><time>2025-10-20T14:21:06.774Z</time></trkpt><trkpt lat="47.60864430" lon="19.14686660"><ele>136.84</ele><time>2025-10-20T14:21:06.974Z</time></trkpt><trkpt lat="47.60864420" lon="19.14686660"><ele>136.85</ele><time>2025-10-20T14:21:07.175Z</time></trkpt><trkpt lat="47.60864420" lon="19.14686660"><ele>136.85</ele><time>2025-10-20T14:21:07.376Z</time></trkpt><trkpt lat="47.60864420" lon="19.14686660"><ele>136.85</ele><time>2025-10-20T14:21:07.576Z</time></trkpt><trkpt lat="47.60864410" lon="19.14686660"><ele>136.85</ele><time>2025-10-20T14:21:07.776Z</time></trkpt><trkpt lat="47.60864410" lon="19.14686660"><ele>136.85</ele><time>2025-10-20T14:21:07.976Z</time></trkpt><trkpt lat="47.60864410" lon="19.14686670"><ele>136.85</ele><time>2025-10-20T14:21:08.176Z</time></trkpt><trkpt lat="47.60864410" lon="19.14686670"><ele>136.85</ele><time>2025-10-20T14:21:08.381Z</time></trkpt><trkpt lat="47.60864420" lon="19.14686670"><ele>136.85</ele><time>2025-10-20T14:21:08.582Z</time></trkpt><trkpt lat="47.60864410" lon="19.14686670"><ele>136.85</ele><time>2025-10-20T14:21:08.782Z</time></trkpt><trkpt lat="47.60864410" lon="19.14686680"><ele>136.85</ele><time>2025-10-20T14:21:08.983Z</time></trkpt><trkpt lat="47.60864410" lon="19.14686680"><ele>136.86</ele><time>2025-10-20T14:21:09.183Z</time></trkpt><trkpt lat="47.60864400" lon="19.14686680"><ele>136.85</ele><time>2025-10-20T14:21:09.386Z</time></trkpt><trkpt lat="47.60864400" lon="19.14686670"><ele>136.85</ele><time>2025-10-20T14:21:09.588Z</time></trkpt><trkpt lat="47.60864400" lon="19.14686670"><ele>136.86</ele><time>2025-10-20T14:21:09.790Z</time></trkpt><trkpt lat="47.60864400" lon="19.14686670"><ele>136.86</ele><time>2025-10-20T14:21:09.990Z</time></trkpt><trkpt lat="47.60864400" lon="19.14686670"><ele>136.87</ele><time>2025-10-20T14:21:10.191Z</time></trkpt><trkpt lat="47.60864400" lon="19.14686670"><ele>136.87</ele><time>2025-10-20T14:21:10.396Z</time></trkpt><trkpt lat="47.60864400" lon="19.14686680"><ele>136.87</ele><time>2025-10-20T14:21:10.597Z</time></trkpt><trkpt lat="47.60864400" lon="19.14686680"><ele>136.87</ele><time>2025-10-20T14:21:10.800Z</time></trkpt><trkpt lat="47.60864400" lon="19.14686680"><ele>136.87</ele><time>2025-10-20T14:21:11.000Z</time></trkpt><trkpt lat="47.60864400" lon="19.14686680"><ele>136.87</ele><time>2025-10-20T14:21:11.201Z</time></trkpt><trkpt lat="47.60864400" lon="19.14686690"><ele>136.86</ele><time>2025-10-20T14:21:11.404Z</time></trkpt><trkpt lat="47.60864390" lon="19.14686690"><ele>136.86</ele><time>2025-10-20T14:21:11.605Z</time></trkpt><trkpt lat="47.60864390" lon="19.14686680"><ele>136.86</ele><time>2025-10-20T14:21:11.805Z</time></trkpt><trkpt lat="47.60864390" lon="19.14686680"><ele>136.85</ele><time>2025-10-20T14:21:12.005Z</time></trkpt><trkpt lat="47.60864400" lon="19.14686680"><ele>136.85</ele><time>2025-10-20T14:21:12.205Z</time></trkpt><trkpt lat="47.60864400" lon="19.14686680"><ele>136.85</ele><time>2025-10-20T14:21:12.408Z</time></trkpt><trkpt lat="47.60864400" lon="19.14686680"><ele>136.84</ele><time>2025-10-20T14:21:12.610Z</time></trkpt><trkpt lat="47.60864400" lon="19.14686670"><ele>136.84</ele><time>2025-10-20T14:21:12.810Z</time></trkpt><trkpt lat="47.60864400" lon="19.14686670"><ele>136.84</ele><time>2025-10-20T14:21:13.010Z</time></trkpt><trkpt lat="47.60864410" lon="19.14686670"><ele>136.84</ele><time>2025-10-20T14:21:13.214Z</time></trkpt><trkpt lat="47.60864410" lon="19.14686670"><ele>136.84</ele><time>2025-10-20T14:21:13.420Z</time></trkpt><trkpt lat="47.60864410" lon="19.14686670"><ele>136.84</ele><time>2025-10-20T14:21:13.622Z</time></trkpt><trkpt lat="47.60864410" lon="19.14686680"><ele>136.84</ele><time>2025-10-20T14:21:13.826Z</time></trkpt><trkpt lat="47.60864410" lon="19.14686670"><ele>136.84</ele><time>2025-10-20T14:21:14.026Z</time></trkpt><trkpt lat="47.60864410" lon="19.14686670"><ele>136.83</ele><time>2025-10-20T14:21:14.225Z</time></trkpt><trkpt lat="47.60864410" lon="19.14686670"><ele>136.83</ele><time>2025-10-20T14:21:14.428Z</time></trkpt><trkpt lat="47.60864420" lon="19.14686670"><ele>136.83</ele><time>2025-10-20T14:21:14.630Z</time></trkpt><trkpt lat="47.60864420" lon="19.14686670"><ele>136.83</ele><time>2025-10-20T14:21:14.830Z</time></trkpt><trkpt lat="47.60864420" lon="19.14686670"><ele>136.83</ele><time>2025-10-20T14:21:15.030Z</time></trkpt><trkpt lat="47.60864420" lon="19.14686670"><ele>136.83</ele><time>2025-10-20T14:21:15.231Z</time></trkpt><trkpt lat="47.60864410" lon="19.14686670"><ele>136.83</ele><time>2025-10-20T14:21:15.433Z</time></trkpt><trkpt lat="47.60864410" lon="19.14686670"><ele>136.83</ele><time>2025-10-20T14:21:15.634Z</time></trkpt><trkpt lat="47.60864410" lon="19.14686660"><ele>136.84</ele><time>2025-10-20T14:21:15.834Z</time></trkpt><trkpt lat="47.60864410" lon="19.14686660"><ele>136.84</ele><time>2025-10-20T14:21:16.036Z</time></trkpt><trkpt lat="47.60864410" lon="19.14686660"><ele>136.84</ele><time>2025-10-20T14:21:16.237Z</time></trkpt><trkpt lat="47.60864410" lon="19.14686660"><ele>136.84</ele><time>2025-10-20T14:21:16.437Z</time></trkpt><trkpt lat="47.60864410" lon="19.14686660"><ele>136.85</ele><time>2025-10-20T14:21:16.638Z</time></trkpt><trkpt lat="47.60864410" lon="19.14686660"><ele>136.85</ele><time>2025-10-20T14:21:16.840Z</time></trkpt><trkpt lat="47.60864410" lon="19.14686660"><ele>136.85</ele><time>2025-10-20T14:21:17.040Z</time></trkpt><trkpt lat="47.60864410" lon="19.14686670"><ele>136.86</ele><time>2025-10-20T14:21:17.240Z</time></trkpt><trkpt lat="47.60864410" lon="19.14686670"><ele>136.86</ele><time>2025-10-20T14:21:17.442Z</time></trkpt><trkpt lat="47.60864410" lon="19.14686680"><ele>136.86</ele><time>2025-10-20T14:21:17.643Z</time></trkpt><trkpt lat="47.60864410" lon="19.14686680"><ele>136.86</ele><time>2025-10-20T14:21:17.843Z</time></trkpt><trkpt lat="47.60864410" lon="19.14686680"><ele>136.87</ele><time>2025-10-20T14:21:18.043Z</time></trkpt><trkpt lat="47.60864410" lon="19.14686680"><ele>136.87</ele><time>2025-10-20T14:21:18.243Z</time></trkpt><trkpt lat="47.60864410" lon="19.14686680"><ele>136.87</ele><time>2025-10-20T14:21:18.451Z</time></trkpt><trkpt lat="47.60864410" lon="19.14686680"><ele>136.88</ele><time>2025-10-20T14:21:18.651Z</time></trkpt><trkpt lat="47.60864410" lon="19.14686680"><ele>136.88</ele><time>2025-10-20T14:21:18.851Z</time></trkpt><trkpt lat="47.60864410" lon="19.14686680"><ele>136.88</ele><time>2025-10-20T14:21:19.052Z</time></trkpt><trkpt lat="47.60864410" lon="19.14686690"><ele>136.88</ele><time>2025-10-20T14:21:19.252Z</time></trkpt><trkpt lat="47.60864400" lon="19.14686690"><ele>136.89</ele><time>2025-10-20T14:21:19.458Z</time></trkpt><trkpt lat="47.60864400" lon="19.14686690"><ele>136.89</ele><time>2025-10-20T14:21:19.658Z</time></trkpt><trkpt lat="47.60864400" lon="19.14686680"><ele>136.89</ele><time>2025-10-20T14:21:19.858Z</time></trkpt><trkpt lat="47.60864400" lon="19.14686680"><ele>136.89</ele><time>2025-10-20T14:21:20.058Z</time></trkpt><trkpt lat="47.60864400" lon="19.14686680"><ele>136.90</ele><time>2025-10-20T14:21:20.261Z</time></trkpt><trkpt lat="47.60864400" lon="19.14686690"><ele>136.89</ele><time>2025-10-20T14:21:20.461Z</time></trkpt><trkpt lat="47.60864400" lon="19.14686690"><ele>136.89</ele><time>2025-10-20T14:21:20.661Z</time></trkpt><trkpt lat="47.60864400" lon="19.14686700"><ele>136.89</ele><time>2025-10-20T14:21:20.861Z</time></trkpt><trkpt lat="47.60864400" lon="19.14686700"><ele>136.88</ele><time>2025-10-20T14:21:21.061Z</time></trkpt><trkpt lat="47.60864400" lon="19.14686700"><ele>136.88</ele><time>2025-10-20T14:21:21.263Z</time></trkpt><trkpt lat="47.60864400" lon="19.14686700"><ele>136.88</ele><time>2025-10-20T14:21:21.463Z</time></trkpt><trkpt lat="47.60864400" lon="19.14686710"><ele>136.87</ele><time>2025-10-20T14:21:21.664Z</time></trkpt><trkpt lat="47.60864400" lon="19.14686710"><ele>136.87</ele><time>2025-10-20T14:21:21.864Z</time></trkpt><trkpt lat="47.60864400" lon="19.14686700"><ele>136.86</ele><time>2025-10-20T14:21:22.064Z</time></trkpt><trkpt lat="47.60864400" lon="19.14686700"><ele>136.86</ele><time>2025-10-20T14:21:22.267Z</time></trkpt><trkpt lat="47.60864400" lon="19.14686710"><ele>136.86</ele><time>2025-10-20T14:21:22.467Z</time></trkpt><trkpt lat="47.60864400" lon="19.14686700"><ele>136.85</ele><time>2025-10-20T14:21:22.668Z</time></trkpt><trkpt lat="47.60864400" lon="19.14686700"><ele>136.85</ele><time>2025-10-20T14:21:22.868Z</time></trkpt><trkpt lat="47.60864400" lon="19.14686700"><ele>136.85</ele><time>2025-10-20T14:21:23.068Z</time></trkpt><trkpt lat="47.60864400" lon="19.14686700"><ele>136.84</ele><time>2025-10-20T14:21:23.270Z</time></trkpt><trkpt lat="47.60864400" lon="19.14686700"><ele>136.84</ele><time>2025-10-20T14:21:23.473Z</time></trkpt><trkpt lat="47.60864400" lon="19.14686700"><ele>136.83</ele><time>2025-10-20T14:21:23.674Z</time></trkpt><trkpt lat="47.60864400" lon="19.14686700"><ele>136.83</ele><time>2025-10-20T14:21:23.874Z</time></trkpt><trkpt lat="47.60864400" lon="19.14686690"><ele>136.82</ele><time>2025-10-20T14:21:24.075Z</time></trkpt><trkpt lat="47.60864400" lon="19.14686680"><ele>136.82</ele><time>2025-10-20T14:21:24.277Z</time></trkpt><trkpt lat="47.60864400" lon="19.14686680"><ele>136.81</ele><time>2025-10-20T14:21:24.479Z</time></trkpt><trkpt lat="47.60864400" lon="19.14686680"><ele>136.81</ele><time>2025-10-20T14:21:24.680Z</time></trkpt><trkpt lat="47.60864400" lon="19.14686680"><ele>136.81</ele><time>2025-10-20T14:21:24.881Z</time></trkpt><trkpt lat="47.60864390" lon="19.14686680"><ele>136.81</ele><time>2025-10-20T14:21:25.082Z</time></trkpt><trkpt lat="47.60864390" lon="19.14686680"><ele>136.81</ele><time>2025-10-20T14:21:25.285Z</time></trkpt><trkpt lat="47.60864390" lon="19.14686680"><ele>136.81</ele><time>2025-10-20T14:21:25.469Z</time></trkpt><trkpt lat="47.60864390" lon="19.14686680"><ele>136.82</ele><time>2025-10-20T14:21:25.670Z</time></trkpt><trkpt lat="47.60864390" lon="19.14686680"><ele>136.82</ele><time>2025-10-20T14:21:25.871Z</time></trkpt><trkpt lat="47.60864390" lon="19.14686680"><ele>136.82</ele><time>2025-10-20T14:21:26.071Z</time></trkpt><trkpt lat="47.60864390" lon="19.14686680"><ele>136.82</ele><time>2025-10-20T14:21:26.273Z</time></trkpt><trkpt lat="47.60864390" lon="19.14686680"><ele>136.82</ele><time>2025-10-20T14:21:26.476Z</time></trkpt><trkpt lat="47.60864390" lon="19.14686680"><ele>136.82</ele><time>2025-10-20T14:21:26.677Z</time></trkpt><trkpt lat="47.60864380" lon="19.14686680"><ele>136.83</ele><time>2025-10-20T14:21:26.878Z</time></trkpt><trkpt lat="47.60864380" lon="19.14686680"><ele>136.83</ele><time>2025-10-20T14:21:27.078Z</time></trkpt><trkpt lat="47.60864380" lon="19.14686680"><ele>136.83</ele><time>2025-10-20T14:21:27.282Z</time></trkpt><trkpt lat="47.60864380" lon="19.14686680"><ele>136.83</ele><time>2025-10-20T14:21:27.488Z</time></trkpt><trkpt lat="47.60864380" lon="19.14686680"><ele>136.83</ele><time>2025-10-20T14:21:27.689Z</time></trkpt><trkpt lat="47.60864380" lon="19.14686680"><ele>136.83</ele><time>2025-10-20T14:21:27.869Z</time></trkpt><trkpt lat="47.60864380" lon="19.14686680"><ele>136.83</ele><time>2025-10-20T14:21:28.069Z</time></trkpt><trkpt lat="47.60864380" lon="19.14686680"><ele>136.83</ele><time>2025-10-20T14:21:28.271Z</time></trkpt><trkpt lat="47.60864380" lon="19.14686680"><ele>136.83</ele><time>2025-10-20T14:21:28.470Z</time></trkpt><trkpt lat="47.60864380" lon="19.14686680"><ele>136.83</ele><time>2025-10-20T14:21:28.670Z</time></trkpt><trkpt lat="47.60864390" lon="19.14686680"><ele>136.83</ele><time>2025-10-20T14:21:28.871Z</time></trkpt><trkpt lat="47.60864390" lon="19.14686680"><ele>136.83</ele><time>2025-10-20T14:21:29.071Z</time></trkpt><trkpt lat="47.60864390" lon="19.14686680"><ele>136.83</ele><time>2025-10-20T14:21:29.281Z</time></trkpt><trkpt lat="47.60864400" lon="19.14686670"><ele>136.84</ele><time>2025-10-20T14:21:29.481Z</time></trkpt><trkpt lat="47.60864400" lon="19.14686670"><ele>136.84</ele><time>2025-10-20T14:21:29.683Z</time></trkpt><trkpt lat="47.60864400" lon="19.14686670"><ele>136.84</ele><time>2025-10-20T14:21:29.884Z</time></trkpt><trkpt lat="47.60864400" lon="19.14686670"><ele>136.84</ele><time>2025-10-20T14:21:30.084Z</time></trkpt><trkpt lat="47.60864400" lon="19.14686670"><ele>136.84</ele><time>2025-10-20T14:21:30.286Z</time></trkpt><trkpt lat="47.60864410" lon="19.14686680"><ele>136.84</ele><time>2025-10-20T14:21:30.486Z</time></trkpt><trkpt lat="47.60864410" lon="19.14686680"><ele>136.84</ele><time>2025-10-20T14:21:30.686Z</time></trkpt><trkpt lat="47.60864410" lon="19.14686680"><ele>136.84</ele><time>2025-10-20T14:21:30.886Z</time></trkpt><trkpt lat="47.60864420" lon="19.14686680"><ele>136.84</ele><time>2025-10-20T14:21:31.087Z</time></trkpt><trkpt lat="47.60864420" lon="19.14686680"><ele>136.84</ele><time>2025-10-20T14:21:31.296Z</time></trkpt><trkpt lat="47.60864420" lon="19.14686680"><ele>136.84</ele><time>2025-10-20T14:21:31.482Z</time></trkpt><trkpt lat="47.60864420" lon="19.14686690"><ele>136.84</ele><time>2025-10-20T14:21:31.702Z</time></trkpt><trkpt lat="47.60864420" lon="19.14686690"><ele>136.84</ele><time>2025-10-20T14:21:31.883Z</time></trkpt><trkpt lat="47.60864420" lon="19.14686690"><ele>136.84</ele><time>2025-10-20T14:21:32.083Z</time></trkpt><trkpt lat="47.60864420" lon="19.14686690"><ele>136.84</ele><time>2025-10-20T14:21:32.281Z</time></trkpt><trkpt lat="47.60864420" lon="19.14686690"><ele>136.84</ele><time>2025-10-20T14:21:32.482Z</time></trkpt><trkpt lat="47.60864420" lon="19.14686690"><ele>136.84</ele><time>2025-10-20T14:21:32.682Z</time></trkpt><trkpt lat="47.60864420" lon="19.14686690"><ele>136.84</ele><time>2025-10-20T14:21:32.882Z</time></trkpt><trkpt lat="47.60864420" lon="19.14686690"><ele>136.84</ele><time>2025-10-20T14:21:33.083Z</time></trkpt><trkpt lat="47.60864420" lon="19.14686690"><ele>136.84</ele><time>2025-10-20T14:21:33.285Z</time></trkpt><trkpt lat="47.60864420" lon="19.14686690"><ele>136.84</ele><time>2025-10-20T14:21:33.485Z</time></trkpt><trkpt lat="47.60864420" lon="19.14686690"><ele>136.84</ele><time>2025-10-20T14:21:33.685Z</time></trkpt><trkpt lat="47.60864420" lon="19.14686690"><ele>136.84</ele><time>2025-10-20T14:21:33.886Z</time></trkpt><trkpt lat="47.60864420" lon="19.14686680"><ele>136.84</ele><time>2025-10-20T14:21:34.087Z</time></trkpt><trkpt lat="47.60864420" lon="19.14686680"><ele>136.84</ele><time>2025-10-20T14:21:34.287Z</time></trkpt><trkpt lat="47.60864410" lon="19.14686680"><ele>136.84</ele><time>2025-10-20T14:21:34.487Z</time></trkpt><trkpt lat="47.60864410" lon="19.14686680"><ele>136.84</ele><time>2025-10-20T14:21:34.687Z</time></trkpt><trkpt lat="47.60864410" lon="19.14686680"><ele>136.84</ele><time>2025-10-20T14:21:34.887Z</time></trkpt><trkpt lat="47.60864410" lon="19.14686680"><ele>136.84</ele><time>2025-10-20T14:21:35.088Z</time></trkpt><trkpt lat="47.60864410" lon="19.14686680"><ele>136.84</ele><time>2025-10-20T14:21:35.289Z</time></trkpt><trkpt lat="47.60864410" lon="19.14686680"><ele>136.84</ele><time>2025-10-20T14:21:35.488Z</time></trkpt><trkpt lat="47.60864420" lon="19.14686680"><ele>136.84</ele><time>2025-10-20T14:21:35.688Z</time></trkpt><trkpt lat="47.60864420" lon="19.14686670"><ele>136.85</ele><time>2025-10-20T14:21:35.888Z</time></trkpt><trkpt lat="47.60864420" lon="19.14686670"><ele>136.85</ele><time>2025-10-20T14:21:36.090Z</time></trkpt><trkpt lat="47.60864420" lon="19.14686660"><ele>136.85</ele><time>2025-10-20T14:21:36.291Z</time></trkpt><trkpt lat="47.60864420" lon="19.14686660"><ele>136.86</ele><time>2025-10-20T14:21:36.491Z</time></trkpt><trkpt lat="47.60864420" lon="19.14686670"><ele>136.86</ele><time>2025-10-20T14:21:36.691Z</time></trkpt><trkpt lat="47.60864420" lon="19.14686670"><ele>136.86</ele><time>2025-10-20T14:21:36.891Z</time></trkpt><trkpt lat="47.60864420" lon="19.14686670"><ele>136.87</ele><time>2025-10-20T14:21:37.091Z</time></trkpt><trkpt lat="47.60864410" lon="19.14686680"><ele>136.87</ele><time>2025-10-20T14:21:37.292Z</time></trkpt><trkpt lat="47.60864410" lon="19.14686680"><ele>136.87</ele><time>2025-10-20T14:21:37.494Z</time></trkpt><trkpt lat="47.60864410" lon="19.14686680"><ele>136.88</ele><time>2025-10-20T14:21:37.694Z</time></trkpt><trkpt lat="47.60864410" lon="19.14686690"><ele>136.88</ele><time>2025-10-20T14:21:37.895Z</time></trkpt><trkpt lat="47.60864400" lon="19.14686690"><ele>136.88</ele><time>2025-10-20T14:21:38.095Z</time></trkpt><trkpt lat="47.60864400" lon="19.14686690"><ele>136.88</ele><time>2025-10-20T14:21:38.296Z</time></trkpt><trkpt lat="47.60864400" lon="19.14686700"><ele>136.88</ele><time>2025-10-20T14:21:38.497Z</time></trkpt><trkpt lat="47.60864390" lon="19.14686710"><ele>136.89</ele><time>2025-10-20T14:21:38.697Z</time></trkpt><trkpt lat="47.60864390" lon="19.14686710"><ele>136.89</ele><time>2025-10-20T14:21:38.898Z</time></trkpt><trkpt lat="47.60864390" lon="19.14686720"><ele>136.89</ele><time>2025-10-20T14:21:39.098Z</time></trkpt><trkpt lat="47.60864390" lon="19.14686720"><ele>136.89</ele><time>2025-10-20T14:21:39.299Z</time></trkpt><trkpt lat="47.60864390" lon="19.14686710"><ele>136.89</ele><time>2025-10-20T14:21:39.500Z</time></trkpt><trkpt lat="47.60864390" lon="19.14686710"><ele>136.89</ele><time>2025-10-20T14:21:39.701Z</time></trkpt><trkpt lat="47.60864390" lon="19.14686710"><ele>136.89</ele><time>2025-10-20T14:21:39.902Z</time></trkpt><trkpt lat="47.60864390" lon="19.14686710"><ele>136.88</ele><time>2025-10-20T14:21:40.102Z</time></trkpt><trkpt lat="47.60864390" lon="19.14686700"><ele>136.88</ele><time>2025-10-20T14:21:40.306Z</time></trkpt><trkpt lat="47.60864390" lon="19.14686700"><ele>136.88</ele><time>2025-10-20T14:21:40.507Z</time></trkpt><trkpt lat="47.60864400" lon="19.14686700"><ele>136.88</ele><time>2025-10-20T14:21:40.707Z</time></trkpt><trkpt lat="47.60864400" lon="19.14686700"><ele>136.88</ele><time>2025-10-20T14:21:40.907Z</time></trkpt><trkpt lat="47.60864400" lon="19.14686700"><ele>136.88</ele><time>2025-10-20T14:21:41.108Z</time></trkpt><trkpt lat="47.60864400" lon="19.14686700"><ele>136.88</ele><time>2025-10-20T14:21:41.311Z</time></trkpt><trkpt lat="47.60864400" lon="19.14686700"><ele>136.88</ele><time>2025-10-20T14:21:41.512Z</time></trkpt><trkpt lat="47.60864400" lon="19.14686700"><ele>136.88</ele><time>2025-10-20T14:21:41.712Z</time></trkpt><trkpt lat="47.60864400" lon="19.14686700"><ele>136.88</ele><time>2025-10-20T14:21:41.912Z</time></trkpt><trkpt lat="47.60864400" lon="19.14686710"><ele>136.88</ele><time>2025-10-20T14:21:42.112Z</time></trkpt><trkpt lat="47.60864410" lon="19.14686710"><ele>136.88</ele><time>2025-10-20T14:21:42.315Z</time></trkpt><trkpt lat="47.60864410" lon="19.14686710"><ele>136.88</ele><time>2025-10-20T14:21:42.516Z</time></trkpt><trkpt lat="47.60864410" lon="19.14686710"><ele>136.88</ele><time>2025-10-20T14:21:42.717Z</time></trkpt><trkpt lat="47.60864410" lon="19.14686720"><ele>136.88</ele><time>2025-10-20T14:21:42.917Z</time></trkpt><trkpt lat="47.60864410" lon="19.14686720"><ele>136.88</ele><time>2025-10-20T14:21:43.117Z</time></trkpt><trkpt lat="47.60864410" lon="19.14686720"><ele>136.88</ele><time>2025-10-20T14:21:43.319Z</time></trkpt><trkpt lat="47.60864410" lon="19.14686720"><ele>136.88</ele><time>2025-10-20T14:21:43.501Z</time></trkpt><trkpt lat="47.60864410" lon="19.14686720"><ele>136.88</ele><time>2025-10-20T14:21:43.703Z</time></trkpt><trkpt lat="47.60864410" lon="19.14686720"><ele>136.87</ele><time>2025-10-20T14:21:43.904Z</time></trkpt><trkpt lat="47.60864410" lon="19.14686720"><ele>136.87</ele><time>2025-10-20T14:21:44.104Z</time></trkpt><trkpt lat="47.60864410" lon="19.14686710"><ele>136.87</ele><time>2025-10-20T14:21:44.305Z</time></trkpt><trkpt lat="47.60864420" lon="19.14686710"><ele>136.87</ele><time>2025-10-20T14:21:44.506Z</time></trkpt><trkpt lat="47.60864420" lon="19.14686710"><ele>136.87</ele><time>2025-10-20T14:21:44.706Z</time></trkpt><trkpt lat="47.60864420" lon="19.14686710"><ele>136.87</ele><time>2025-10-20T14:21:44.927Z</time></trkpt><trkpt lat="47.60864420" lon="19.14686720"><ele>136.87</ele><time>2025-10-20T14:21:45.108Z</time></trkpt><trkpt lat="47.60864420" lon="19.14686720"><ele>136.86</ele><time>2025-10-20T14:21:45.310Z</time></trkpt><trkpt lat="47.60864410" lon="19.14686720"><ele>136.86</ele><time>2025-10-20T14:21:45.512Z</time></trkpt><trkpt lat="47.60864410" lon="19.14686720"><ele>136.86</ele><time>2025-10-20T14:21:45.712Z</time></trkpt><trkpt lat="47.60864410" lon="19.14686720"><ele>136.86</ele><time>2025-10-20T14:21:45.912Z</time></trkpt><trkpt lat="47.60864410" lon="19.14686720"><ele>136.86</ele><time>2025-10-20T14:21:46.112Z</time></trkpt><trkpt lat="47.60864400" lon="19.14686720"><ele>136.86</ele><time>2025-10-20T14:21:46.314Z</time></trkpt><trkpt lat="47.60864400" lon="19.14686720"><ele>136.85</ele><time>2025-10-20T14:21:46.514Z</time></trkpt><trkpt lat="47.60864400" lon="19.14686710"><ele>136.85</ele><time>2025-10-20T14:21:46.714Z</time></trkpt><trkpt lat="47.60864390" lon="19.14686720"><ele>136.85</ele><time>2025-10-20T14:21:46.915Z</time></trkpt><trkpt lat="47.60864390" lon="19.14686720"><ele>136.85</ele><time>2025-10-20T14:21:47.115Z</time></trkpt><trkpt lat="47.60864400" lon="19.14686720"><ele>136.85</ele><time>2025-10-20T14:21:47.315Z</time></trkpt><trkpt lat="47.60864400" lon="19.14686720"><ele>136.85</ele><time>2025-10-20T14:21:47.516Z</time></trkpt><trkpt lat="47.60864400" lon="19.14686720"><ele>136.85</ele><time>2025-10-20T14:21:47.716Z</time></trkpt><trkpt lat="47.60864410" lon="19.14686720"><ele>136.85</ele><time>2025-10-20T14:21:47.916Z</time></trkpt><trkpt lat="47.60864410" lon="19.14686710"><ele>136.84</ele><time>2025-10-20T14:21:48.118Z</time></trkpt><trkpt lat="47.60864410" lon="19.14686710"><ele>136.84</ele><time>2025-10-20T14:21:48.318Z</time></trkpt><trkpt lat="47.60864410" lon="19.14686710"><ele>136.84</ele><time>2025-10-20T14:21:48.518Z</time></trkpt><trkpt lat="47.60864410" lon="19.14686710"><ele>136.83</ele><time>2025-10-20T14:21:48.718Z</time></trkpt><trkpt lat="47.60864410" lon="19.14686700"><ele>136.83</ele><time>2025-10-20T14:21:48.918Z</time></trkpt><trkpt lat="47.60864410" lon="19.14686700"><ele>136.83</ele><time>2025-10-20T14:21:49.138Z</time></trkpt><trkpt lat="47.60864410" lon="19.14686700"><ele>136.83</ele><time>2025-10-20T14:21:49.318Z</time></trkpt><trkpt lat="47.60864410" lon="19.14686700"><ele>136.83</ele><time>2025-10-20T14:21:49.519Z</time></trkpt><trkpt lat="47.60864410" lon="19.14686710"><ele>136.83</ele><time>2025-10-20T14:21:49.720Z</time></trkpt><trkpt lat="47.60864420" lon="19.14686710"><ele>136.84</ele><time>2025-10-20T14:21:49.920Z</time></trkpt><trkpt lat="47.60864420" lon="19.14686710"><ele>136.84</ele><time>2025-10-20T14:21:50.121Z</time></trkpt><trkpt lat="47.60864420" lon="19.14686700"><ele>136.84</ele><time>2025-10-20T14:21:50.323Z</time></trkpt><trkpt lat="47.60864420" lon="19.14686700"><ele>136.84</ele><time>2025-10-20T14:21:50.523Z</time></trkpt><trkpt lat="47.60864410" lon="19.14686700"><ele>136.84</ele><time>2025-10-20T14:21:50.723Z</time></trkpt><trkpt lat="47.60864410" lon="19.14686700"><ele>136.84</ele><time>2025-10-20T14:21:50.924Z</time></trkpt><trkpt lat="47.60864410" lon="19.14686700"><ele>136.84</ele><time>2025-10-20T14:21:51.124Z</time></trkpt><trkpt lat="47.60864410" lon="19.14686700"><ele>136.84</ele><time>2025-10-20T14:21:51.326Z</time></trkpt><trkpt lat="47.60864410" lon="19.14686700"><ele>136.84</ele><time>2025-10-20T14:21:51.526Z</time></trkpt><trkpt lat="47.60864410" lon="19.14686700"><ele>136.85</ele><time>2025-10-20T14:21:51.726Z</time></trkpt><trkpt lat="47.60864410" lon="19.14686700"><ele>136.85</ele><time>2025-10-20T14:21:51.927Z</time></trkpt><trkpt lat="47.60864410" lon="19.14686700"><ele>136.85</ele><time>2025-10-20T14:21:52.127Z</time></trkpt><trkpt lat="47.60864410" lon="19.14686700"><ele>136.85</ele><time>2025-10-20T14:21:52.333Z</time></trkpt><trkpt lat="47.60864410" lon="19.14686700"><ele>136.85</ele><time>2025-10-20T14:21:52.533Z</time></trkpt><trkpt lat="47.60864410" lon="19.14686700"><ele>136.85</ele><time>2025-10-20T14:21:52.733Z</time></trkpt><trkpt lat="47.60864410" lon="19.14686700"><ele>136.85</ele><time>2025-10-20T14:21:52.934Z</time></trkpt><trkpt lat="47.60864410" lon="19.14686710"><ele>136.85</ele><time>2025-10-20T14:21:53.134Z</time></trkpt><trkpt lat="47.60864400" lon="19.14686710"><ele>136.85</ele><time>2025-10-20T14:21:53.335Z</time></trkpt><trkpt lat="47.60864400" lon="19.14686710"><ele>136.84</ele><time>2025-10-20T14:21:53.537Z</time></trkpt><trkpt lat="47.60864400" lon="19.14686710"><ele>136.84</ele><time>2025-10-20T14:21:53.737Z</time></trkpt><trkpt lat="47.60864400" lon="19.14686710"><ele>136.84</ele><time>2025-10-20T14:21:53.937Z</time></trkpt><trkpt lat="47.60864400" lon="19.14686710"><ele>136.84</ele><time>2025-10-20T14:21:54.137Z</time></trkpt><trkpt lat="47.60864400" lon="19.14686700"><ele>136.84</ele><time>2025-10-20T14:21:54.342Z</time></trkpt><trkpt lat="47.60864400" lon="19.14686700"><ele>136.84</ele><time>2025-10-20T14:21:54.542Z</time></trkpt><trkpt lat="47.60864410" lon="19.14686700"><ele>136.83</ele><time>2025-10-20T14:21:54.742Z</time></trkpt><trkpt lat="47.60864410" lon="19.14686700"><ele>136.83</ele><time>2025-10-20T14:21:54.942Z</time></trkpt><trkpt lat="47.60864410" lon="19.14686700"><ele>136.83</ele><time>2025-10-20T14:21:55.143Z</time></trkpt><trkpt lat="47.60864410" lon="19.14686700"><ele>136.83</ele><time>2025-10-20T14:21:55.329Z</time></trkpt><trkpt lat="47.60864400" lon="19.14686700"><ele>136.83</ele><time>2025-10-20T14:21:55.529Z</time></trkpt><trkpt lat="47.60864400" lon="19.14686690"><ele>136.83</ele><time>2025-10-20T14:21:55.730Z</time></trkpt><trkpt lat="47.60864400" lon="19.14686700"><ele>136.83</ele><time>2025-10-20T14:21:55.930Z</time></trkpt><trkpt lat="47.60864400" lon="19.14686700"><ele>136.84</ele><time>2025-10-20T14:21:56.133Z</time></trkpt><trkpt lat="47.60864410" lon="19.14686700"><ele>136.84</ele><time>2025-10-20T14:21:56.339Z</time></trkpt><trkpt lat="47.60864410" lon="19.14686700"><ele>136.84</ele><time>2025-10-20T14:21:56.539Z</time></trkpt><trkpt lat="47.60864410" lon="19.14686700"><ele>136.84</ele><time>2025-10-20T14:21:56.740Z</time></trkpt><trkpt lat="47.60864410" lon="19.14686710"><ele>136.84</ele><time>2025-10-20T14:21:56.941Z</time></trkpt><trkpt lat="47.60864410" lon="19.14686710"><ele>136.84</ele><time>2025-10-20T14:21:57.141Z</time></trkpt><trkpt lat="47.60864410" lon="19.14686710"><ele>136.84</ele><time>2025-10-20T14:21:57.343Z</time></trkpt><trkpt lat="47.60864410" lon="19.14686710"><ele>136.83</ele><time>2025-10-20T14:21:57.545Z</time></trkpt><trkpt lat="47.60864400" lon="19.14686710"><ele>136.83</ele><time>2025-10-20T14:21:57.745Z</time></trkpt><trkpt lat="47.60864400" lon="19.14686710"><ele>136.83</ele><time>2025-10-20T14:21:57.945Z</time></trkpt><trkpt lat="47.60864400" lon="19.14686700"><ele>136.83</ele><time>2025-10-20T14:21:58.145Z</time></trkpt><trkpt lat="47.60864400" lon="19.14686700"><ele>136.83</ele><time>2025-10-20T14:21:58.348Z</time></trkpt><trkpt lat="47.60864400" lon="19.14686700"><ele>136.82</ele><time>2025-10-20T14:21:58.529Z</time></trkpt><trkpt lat="47.60864400" lon="19.14686700"><ele>136.82</ele><time>2025-10-20T14:21:58.729Z</time></trkpt><trkpt lat="47.60864400" lon="19.14686700"><ele>136.83</ele><time>2025-10-20T14:21:58.930Z</time></trkpt><trkpt lat="47.60864400" lon="19.14686700"><ele>136.83</ele><time>2025-10-20T14:21:59.130Z</time></trkpt><trkpt lat="47.60864390" lon="19.14686700"><ele>136.83</ele><time>2025-10-20T14:21:59.333Z</time></trkpt><trkpt lat="47.60864390" lon="19.14686700"><ele>136.83</ele><time>2025-10-20T14:21:59.539Z</time></trkpt><trkpt lat="47.60864390" lon="19.14686700"><ele>136.84</ele><time>2025-10-20T14:21:59.739Z</time></trkpt><trkpt lat="47.60864390" lon="19.14686700"><ele>136.84</ele><time>2025-10-20T14:21:59.940Z</time></trkpt><trkpt lat="47.60864390" lon="19.14686700"><ele>136.84</ele><time>2025-10-20T14:22:00.141Z</time></trkpt><trkpt lat="47.60864380" lon="19.14686700"><ele>136.84</ele><time>2025-10-20T14:22:00.347Z</time></trkpt><trkpt lat="47.60864380" lon="19.14686700"><ele>136.84</ele><time>2025-10-20T14:22:00.531Z</time></trkpt><trkpt lat="47.60864380" lon="19.14686700"><ele>136.84</ele><time>2025-10-20T14:22:00.731Z</time></trkpt><trkpt lat="47.60864380" lon="19.14686710"><ele>136.84</ele><time>2025-10-20T14:22:00.932Z</time></trkpt><trkpt lat="47.60864380" lon="19.14686700"><ele>136.84</ele><time>2025-10-20T14:22:01.132Z</time></trkpt><trkpt lat="47.60864380" lon="19.14686700"><ele>136.84</ele><time>2025-10-20T14:22:01.333Z</time></trkpt><trkpt lat="47.60864380" lon="19.14686690"><ele>136.84</ele><time>2025-10-20T14:22:01.534Z</time></trkpt><trkpt lat="47.60864380" lon="19.14686690"><ele>136.84</ele><time>2025-10-20T14:22:01.754Z</time></trkpt><trkpt lat="47.60864380" lon="19.14686690"><ele>136.84</ele><time>2025-10-20T14:22:01.935Z</time></trkpt><trkpt lat="47.60864380" lon="19.14686690"><ele>136.84</ele><time>2025-10-20T14:22:02.135Z</time></trkpt><trkpt lat="47.60864380" lon="19.14686690"><ele>136.84</ele><time>2025-10-20T14:22:02.358Z</time></trkpt><trkpt lat="47.60864380" lon="19.14686690"><ele>136.84</ele><time>2025-10-20T14:22:02.538Z</time></trkpt><trkpt lat="47.60864380" lon="19.14686690"><ele>136.84</ele><time>2025-10-20T14:22:02.759Z</time></trkpt><trkpt lat="47.60864380" lon="19.14686690"><ele>136.84</ele><time>2025-10-20T14:22:02.959Z</time></trkpt><trkpt lat="47.60864380" lon="19.14686690"><ele>136.84</ele><time>2025-10-20T14:22:03.139Z</time></trkpt><trkpt lat="47.60864380" lon="19.14686690"><ele>136.84</ele><time>2025-10-20T14:22:03.339Z</time></trkpt><trkpt lat="47.60864380" lon="19.14686690"><ele>136.84</ele><time>2025-10-20T14:22:03.540Z</time></trkpt><trkpt lat="47.60864390" lon="19.14686690"><ele>136.85</ele><time>2025-10-20T14:22:03.740Z</time></trkpt><trkpt lat="47.60864390" lon="19.14686680"><ele>136.85</ele><time>2025-10-20T14:22:03.940Z</time></trkpt><trkpt lat="47.60864400" lon="19.14686680"><ele>136.85</ele><time>2025-10-20T14:22:04.141Z</time></trkpt><trkpt lat="47.60864400" lon="19.14686680"><ele>136.85</ele><time>2025-10-20T14:22:04.343Z</time></trkpt><trkpt lat="47.60864400" lon="19.14686680"><ele>136.85</ele><time>2025-10-20T14:22:04.543Z</time></trkpt><trkpt lat="47.60864400" lon="19.14686680"><ele>136.85</ele><time>2025-10-20T14:22:04.743Z</time></trkpt><trkpt lat="47.60864400" lon="19.14686680"><ele>136.85</ele><time>2025-10-20T14:22:04.943Z</time></trkpt><trkpt lat="47.60864400" lon="19.14686690"><ele>136.85</ele><time>2025-10-20T14:22:05.144Z</time></trkpt><trkpt lat="47.60864400" lon="19.14686690"><ele>136.86</ele><time>2025-10-20T14:22:05.346Z</time></trkpt><trkpt lat="47.60864400" lon="19.14686690"><ele>136.86</ele><time>2025-10-20T14:22:05.546Z</time></trkpt><trkpt lat="47.60864400" lon="19.14686690"><ele>136.86</ele><time>2025-10-20T14:22:05.747Z</time></trkpt><trkpt lat="47.60864400" lon="19.14686690"><ele>136.86</ele><time>2025-10-20T14:22:05.947Z</time></trkpt><trkpt lat="47.60864400" lon="19.14686690"><ele>136.87</ele><time>2025-10-20T14:22:06.147Z</time></trkpt><trkpt lat="47.60864400" lon="19.14686690"><ele>136.87</ele><time>2025-10-20T14:22:06.334Z</time></trkpt><trkpt lat="47.60864410" lon="19.14686680"><ele>136.87</ele><time>2025-10-20T14:22:06.535Z</time></trkpt><trkpt lat="47.60864420" lon="19.14686680"><ele>136.88</ele><time>2025-10-20T14:22:06.735Z</time></trkpt><trkpt lat="47.60864420" lon="19.14686670"><ele>136.88</ele><time>2025-10-20T14:22:06.936Z</time></trkpt><trkpt lat="47.60864420" lon="19.14686670"><ele>136.88</ele><time>2025-10-20T14:22:07.137Z</time></trkpt><trkpt lat="47.60864430" lon="19.14686670"><ele>136.88</ele><time>2025-10-20T14:22:07.341Z</time></trkpt><trkpt lat="47.60864430" lon="19.14686670"><ele>136.88</ele><time>2025-10-20T14:22:07.541Z</time></trkpt><trkpt lat="47.60864430" lon="19.14686670"><ele>136.88</ele><time>2025-10-20T14:22:07.741Z</time></trkpt><trkpt lat="47.60864430" lon="19.14686670"><ele>136.88</ele><time>2025-10-20T14:22:07.941Z</time></trkpt><trkpt lat="47.60864420" lon="19.14686670"><ele>136.88</ele><time>2025-10-20T14:22:08.141Z</time></trkpt><trkpt lat="47.60864420" lon="19.14686670"><ele>136.89</ele><time>2025-10-20T14:22:08.344Z</time></trkpt><trkpt lat="47.60864420" lon="19.14686670"><ele>136.89</ele><time>2025-10-20T14:22:08.545Z</time></trkpt><trkpt lat="47.60864410" lon="19.14686670"><ele>136.89</ele><time>2025-10-20T14:22:08.745Z</time></trkpt><trkpt lat="47.60864410" lon="19.14686670"><ele>136.89</ele><time>2025-10-20T14:22:08.946Z</time></trkpt><trkpt lat="47.60864410" lon="19.14686670"><ele>136.89</ele><time>2025-10-20T14:22:09.146Z</time></trkpt><trkpt lat="47.60864410" lon="19.14686670"><ele>136.89</ele><time>2025-10-20T14:22:09.347Z</time></trkpt><trkpt lat="47.60864410" lon="19.14686670"><ele>136.89</ele><time>2025-10-20T14:22:09.548Z</time></trkpt><trkpt lat="47.60864410" lon="19.14686670"><ele>136.89</ele><time>2025-10-20T14:22:09.748Z</time></trkpt><trkpt lat="47.60864410" lon="19.14686670"><ele>136.88</ele><time>2025-10-20T14:22:09.949Z</time></trkpt><trkpt lat="47.60864400" lon="19.14686670"><ele>136.88</ele><time>2025-10-20T14:22:10.130Z</time></trkpt><trkpt lat="47.60864400" lon="19.14686670"><ele>136.88</ele><time>2025-10-20T14:22:10.332Z</time></trkpt><trkpt lat="47.60864400" lon="19.14686670"><ele>136.88</ele><time>2025-10-20T14:22:10.534Z</time></trkpt><trkpt lat="47.60864400" lon="19.14686670"><ele>136.87</ele><time>2025-10-20T14:22:10.733Z</time></trkpt><trkpt lat="47.60864400" lon="19.14686670"><ele>136.87</ele><time>2025-10-20T14:22:10.954Z</time></trkpt><trkpt lat="47.60864390" lon="19.14686670"><ele>136.87</ele><time>2025-10-20T14:22:11.134Z</time></trkpt><trkpt lat="47.60864390" lon="19.14686660"><ele>136.87</ele><time>2025-10-20T14:22:11.358Z</time></trkpt><trkpt lat="47.60864390" lon="19.14686660"><ele>136.87</ele><time>2025-10-20T14:22:11.539Z</time></trkpt><trkpt lat="47.60864390" lon="19.14686660"><ele>136.87</ele><time>2025-10-20T14:22:11.740Z</time></trkpt><trkpt lat="47.60864390" lon="19.14686660"><ele>136.87</ele><time>2025-10-20T14:22:11.939Z</time></trkpt><trkpt lat="47.60864400" lon="19.14686670"><ele>136.87</ele><time>2025-10-20T14:22:12.140Z</time></trkpt><trkpt lat="47.60864400" lon="19.14686670"><ele>136.87</ele><time>2025-10-20T14:22:12.341Z</time></trkpt><trkpt lat="47.60864400" lon="19.14686670"><ele>136.87</ele><time>2025-10-20T14:22:12.542Z</time></trkpt><trkpt lat="47.60864400" lon="19.14686670"><ele>136.87</ele><time>2025-10-20T14:22:12.743Z</time></trkpt><trkpt lat="47.60864400" lon="19.14686680"><ele>136.87</ele><time>2025-10-20T14:22:12.943Z</time></trkpt><trkpt lat="47.60864400" lon="19.14686680"><ele>136.87</ele><time>2025-10-20T14:22:13.144Z</time></trkpt><trkpt lat="47.60864400" lon="19.14686680"><ele>136.87</ele><time>2025-10-20T14:22:13.348Z</time></trkpt><trkpt lat="47.60864400" lon="19.14686690"><ele>136.87</ele><time>2025-10-20T14:22:13.531Z</time></trkpt><trkpt lat="47.60864400" lon="19.14686690"><ele>136.87</ele><time>2025-10-20T14:22:13.731Z</time></trkpt><trkpt lat="47.60864400" lon="19.14686690"><ele>136.86</ele><time>2025-10-20T14:22:13.931Z</time></trkpt><trkpt lat="47.60864400" lon="19.14686690"><ele>136.86</ele><time>2025-10-20T14:22:14.132Z</time></trkpt><trkpt lat="47.60864410" lon="19.14686690"><ele>136.86</ele><time>2025-10-20T14:22:14.339Z</time></trkpt><trkpt lat="47.60864410" lon="19.14686690"><ele>136.85</ele><time>2025-10-20T14:22:14.542Z</time></trkpt><trkpt lat="47.60864410" lon="19.14686700"><ele>136.85</ele><time>2025-10-20T14:22:14.742Z</time></trkpt><trkpt lat="47.60864410" lon="19.14686700"><ele>136.85</ele><time>2025-10-20T14:22:14.942Z</time></trkpt><trkpt lat="47.60864410" lon="19.14686700"><ele>136.85</ele><time>2025-10-20T14:22:15.142Z</time></trkpt><trkpt lat="47.60864410" lon="19.14686700"><ele>136.86</ele><time>2025-10-20T14:22:15.343Z</time></trkpt><trkpt lat="47.60864410" lon="19.14686710"><ele>136.86</ele><time>2025-10-20T14:22:15.544Z</time></trkpt><trkpt lat="47.60864420" lon="19.14686710"><ele>136.86</ele><time>2025-10-20T14:22:15.744Z</time></trkpt><trkpt lat="47.60864420" lon="19.14686710"><ele>136.86</ele><time>2025-10-20T14:22:15.944Z</time></trkpt><trkpt lat="47.60864420" lon="19.14686720"><ele>136.86</ele><time>2025-10-20T14:22:16.145Z</time></trkpt><trkpt lat="47.60864420" lon="19.14686720"><ele>136.86</ele><time>2025-10-20T14:22:16.348Z</time></trkpt><trkpt lat="47.60864420" lon="19.14686720"><ele>136.86</ele><time>2025-10-20T14:22:16.529Z</time></trkpt><trkpt lat="47.60864410" lon="19.14686720"><ele>136.87</ele><time>2025-10-20T14:22:16.729Z</time></trkpt><trkpt lat="47.60864410" lon="19.14686730"><ele>136.87</ele><time>2025-10-20T14:22:16.950Z</time></trkpt><trkpt lat="47.60864410" lon="19.14686730"><ele>136.87</ele><time>2025-10-20T14:22:17.150Z</time></trkpt><trkpt lat="47.60864410" lon="19.14686730"><ele>136.87</ele><time>2025-10-20T14:22:17.331Z</time></trkpt><trkpt lat="47.60864410" lon="19.14686730"><ele>136.87</ele><time>2025-10-20T14:22:17.533Z</time></trkpt><trkpt lat="47.60864410" lon="19.14686730"><ele>136.87</ele><time>2025-10-20T14:22:17.733Z</time></trkpt><trkpt lat="47.60864410" lon="19.14686720"><ele>136.86</ele><time>2025-10-20T14:22:17.933Z</time></trkpt><trkpt lat="47.60864410" lon="19.14686720"><ele>136.86</ele><time>2025-10-20T14:22:18.134Z</time></trkpt><trkpt lat="47.60864410" lon="19.14686720"><ele>136.86</ele><time>2025-10-20T14:22:18.335Z</time></trkpt><trkpt lat="47.60864410" lon="19.14686720"><ele>136.86</ele><time>2025-10-20T14:22:18.534Z</time></trkpt><trkpt lat="47.60864410" lon="19.14686720"><ele>136.86</ele><time>2025-10-20T14:22:18.734Z</time></trkpt><trkpt lat="47.60864410" lon="19.14686720"><ele>136.86</ele><time>2025-10-20T14:22:18.934Z</time></trkpt><trkpt lat="47.60864410" lon="19.14686720"><ele>136.86</ele><time>2025-10-20T14:22:19.134Z</time></trkpt><trkpt lat="47.60864410" lon="19.14686720"><ele>136.86</ele><time>2025-10-20T14:22:19.336Z</time></trkpt><trkpt lat="47.60864410" lon="19.14686720"><ele>136.86</ele><time>2025-10-20T14:22:19.538Z</time></trkpt><trkpt lat="47.60864410" lon="19.14686720"><ele>136.86</ele><time>2025-10-20T14:22:19.739Z</time></trkpt><trkpt lat="47.60864410" lon="19.14686720"><ele>136.85</ele><time>2025-10-20T14:22:19.939Z</time></trkpt><trkpt lat="47.60864410" lon="19.14686720"><ele>136.85</ele><time>2025-10-20T14:22:20.139Z</time></trkpt><trkpt lat="47.60864410" lon="19.14686720"><ele>136.85</ele><time>2025-10-20T14:22:20.339Z</time></trkpt><trkpt lat="47.60864410" lon="19.14686720"><ele>136.85</ele><time>2025-10-20T14:22:20.538Z</time></trkpt><trkpt lat="47.60864420" lon="19.14686710"><ele>136.84</ele><time>2025-10-20T14:22:20.738Z</time></trkpt><trkpt lat="47.60864420" lon="19.14686710"><ele>136.84</ele><time>2025-10-20T14:22:20.939Z</time></trkpt><trkpt lat="47.60864420" lon="19.14686710"><ele>136.84</ele><time>2025-10-20T14:22:21.139Z</time></trkpt><trkpt lat="47.60864420" lon="19.14686700"><ele>136.84</ele><time>2025-10-20T14:22:21.339Z</time></trkpt><trkpt lat="47.60864420" lon="19.14686700"><ele>136.84</ele><time>2025-10-20T14:22:21.541Z</time></trkpt><trkpt lat="47.60864420" lon="19.14686700"><ele>136.84</ele><time>2025-10-20T14:22:21.741Z</time></trkpt><trkpt lat="47.60864420" lon="19.14686700"><ele>136.84</ele><time>2025-10-20T14:22:21.941Z</time></trkpt><trkpt lat="47.60864410" lon="19.14686700"><ele>136.84</ele><time>2025-10-20T14:22:22.142Z</time></trkpt><trkpt lat="47.60864410" lon="19.14686690"><ele>136.83</ele><time>2025-10-20T14:22:22.342Z</time></trkpt><trkpt lat="47.60864410" lon="19.14686690"><ele>136.83</ele><time>2025-10-20T14:22:22.543Z</time></trkpt><trkpt lat="47.60864400" lon="19.14686690"><ele>136.83</ele><time>2025-10-20T14:22:22.744Z</time></trkpt><trkpt lat="47.60864400" lon="19.14686690"><ele>136.83</ele><time>2025-10-20T14:22:22.944Z</time></trkpt><trkpt lat="47.60864400" lon="19.14686690"><ele>136.83</ele><time>2025-10-20T14:22:23.144Z</time></trkpt><trkpt lat="47.60864390" lon="19.14686690"><ele>136.83</ele><time>2025-10-20T14:22:23.347Z</time></trkpt><trkpt lat="47.60864390" lon="19.14686690"><ele>136.83</ele><time>2025-10-20T14:22:23.547Z</time></trkpt><trkpt lat="47.60864390" lon="19.14686690"><ele>136.83</ele><time>2025-10-20T14:22:23.748Z</time></trkpt><trkpt lat="47.60864390" lon="19.14686700"><ele>136.82</ele><time>2025-10-20T14:22:23.949Z</time></trkpt><trkpt lat="47.60864390" lon="19.14686700"><ele>136.82</ele><time>2025-10-20T14:22:24.149Z</time></trkpt><trkpt lat="47.60864390" lon="19.14686700"><ele>136.82</ele><time>2025-10-20T14:22:24.351Z</time></trkpt><trkpt lat="47.60864390" lon="19.14686700"><ele>136.82</ele><time>2025-10-20T14:22:24.551Z</time></trkpt><trkpt lat="47.60864390" lon="19.14686700"><ele>136.83</ele><time>2025-10-20T14:22:24.751Z</time></trkpt><trkpt lat="47.60864390" lon="19.14686700"><ele>136.83</ele><time>2025-10-20T14:22:24.951Z</time></trkpt><trkpt lat="47.60864400" lon="19.14686690"><ele>136.83</ele><time>2025-10-20T14:22:25.152Z</time></trkpt><trkpt lat="47.60864400" lon="19.14686690"><ele>136.84</ele><time>2025-10-20T14:22:25.352Z</time></trkpt><trkpt lat="47.60864400" lon="19.14686690"><ele>136.84</ele><time>2025-10-20T14:22:25.554Z</time></trkpt><trkpt lat="47.60864390" lon="19.14686690"><ele>136.84</ele><time>2025-10-20T14:22:25.753Z</time></trkpt><trkpt lat="47.60864390" lon="19.14686690"><ele>136.84</ele><time>2025-10-20T14:22:25.953Z</time></trkpt><trkpt lat="47.60864390" lon="19.14686690"><ele>136.84</ele><time>2025-10-20T14:22:26.154Z</time></trkpt><trkpt lat="47.60864390" lon="19.14686690"><ele>136.84</ele><time>2025-10-20T14:22:26.354Z</time></trkpt><trkpt lat="47.60864390" lon="19.14686690"><ele>136.84</ele><time>2025-10-20T14:22:26.554Z</time></trkpt><trkpt lat="47.60864400" lon="19.14686690"><ele>136.84</ele><time>2025-10-20T14:22:26.754Z</time></trkpt><trkpt lat="47.60864400" lon="19.14686700"><ele>136.84</ele><time>2025-10-20T14:22:26.954Z</time></trkpt><trkpt lat="47.60864400" lon="19.14686700"><ele>136.85</ele><time>2025-10-20T14:22:27.154Z</time></trkpt><trkpt lat="47.60864400" lon="19.14686700"><ele>136.85</ele><time>2025-10-20T14:22:27.355Z</time></trkpt><trkpt lat="47.60864400" lon="19.14686710"><ele>136.86</ele><time>2025-10-20T14:22:27.556Z</time></trkpt><trkpt lat="47.60864400" lon="19.14686710"><ele>136.86</ele><time>2025-10-20T14:22:27.757Z</time></trkpt><trkpt lat="47.60864400" lon="19.14686710"><ele>136.86</ele><time>2025-10-20T14:22:27.957Z</time></trkpt><trkpt lat="47.60864400" lon="19.14686710"><ele>136.86</ele><time>2025-10-20T14:22:28.157Z</time></trkpt><trkpt lat="47.60864400" lon="19.14686710"><ele>136.86</ele><time>2025-10-20T14:22:28.357Z</time></trkpt><trkpt lat="47.60864400" lon="19.14686720"><ele>136.85</ele><time>2025-10-20T14:22:28.556Z</time></trkpt><trkpt lat="47.60864400" lon="19.14686720"><ele>136.85</ele><time>2025-10-20T14:22:28.756Z</time></trkpt><trkpt lat="47.60864390" lon="19.14686730"><ele>136.85</ele><time>2025-10-20T14:22:28.956Z</time></trkpt><trkpt lat="47.60864390" lon="19.14686730"><ele>136.85</ele><time>2025-10-20T14:22:29.157Z</time></trkpt><trkpt lat="47.60864390" lon="19.14686740"><ele>136.85</ele><time>2025-10-20T14:22:29.357Z</time></trkpt><trkpt lat="47.60864390" lon="19.14686740"><ele>136.85</ele><time>2025-10-20T14:22:29.558Z</time></trkpt><trkpt lat="47.60864390" lon="19.14686740"><ele>136.85</ele><time>2025-10-20T14:22:29.759Z</time></trkpt><trkpt lat="47.60864390" lon="19.14686730"><ele>136.86</ele><time>2025-10-20T14:22:29.959Z</time></trkpt><trkpt lat="47.60864390" lon="19.14686730"><ele>136.86</ele><time>2025-10-20T14:22:30.139Z</time></trkpt><trkpt lat="47.60864390" lon="19.14686730"><ele>136.86</ele><time>2025-10-20T14:22:30.341Z</time></trkpt><trkpt lat="47.60864390" lon="19.14686730"><ele>136.86</ele><time>2025-10-20T14:22:30.541Z</time></trkpt><trkpt lat="47.60864390" lon="19.14686730"><ele>136.85</ele><time>2025-10-20T14:22:30.741Z</time></trkpt><trkpt lat="47.60864400" lon="19.14686720"><ele>136.85</ele><time>2025-10-20T14:22:30.941Z</time></trkpt><trkpt lat="47.60864400" lon="19.14686720"><ele>136.84</ele><time>2025-10-20T14:22:31.141Z</time></trkpt><trkpt lat="47.60864400" lon="19.14686720"><ele>136.84</ele><time>2025-10-20T14:22:31.342Z</time></trkpt><trkpt lat="47.60864400" lon="19.14686710"><ele>136.84</ele><time>2025-10-20T14:22:31.543Z</time></trkpt><trkpt lat="47.60864400" lon="19.14686710"><ele>136.84</ele><time>2025-10-20T14:22:31.743Z</time></trkpt><trkpt lat="47.60864400" lon="19.14686710"><ele>136.84</ele><time>2025-10-20T14:22:31.944Z</time></trkpt><trkpt lat="47.60864400" lon="19.14686700"><ele>136.84</ele><time>2025-10-20T14:22:32.144Z</time></trkpt><trkpt lat="47.60864400" lon="19.14686700"><ele>136.84</ele><time>2025-10-20T14:22:32.345Z</time></trkpt><trkpt lat="47.60864410" lon="19.14686690"><ele>136.84</ele><time>2025-10-20T14:22:32.545Z</time></trkpt><trkpt lat="47.60864410" lon="19.14686690"><ele>136.84</ele><time>2025-10-20T14:22:32.746Z</time></trkpt><trkpt lat="47.60864410" lon="19.14686680"><ele>136.84</ele><time>2025-10-20T14:22:32.947Z</time></trkpt><trkpt lat="47.60864410" lon="19.14686680"><ele>136.84</ele><time>2025-10-20T14:22:33.146Z</time></trkpt><trkpt lat="47.60864410" lon="19.14686680"><ele>136.84</ele><time>2025-10-20T14:22:33.347Z</time></trkpt><trkpt lat="47.60864410" lon="19.14686680"><ele>136.84</ele><time>2025-10-20T14:22:33.547Z</time></trkpt><trkpt lat="47.60864410" lon="19.14686680"><ele>136.84</ele><time>2025-10-20T14:22:33.747Z</time></trkpt><trkpt lat="47.60864410" lon="19.14686680"><ele>136.84</ele><time>2025-10-20T14:22:33.948Z</time></trkpt><trkpt lat="47.60864410" lon="19.14686670"><ele>136.84</ele><time>2025-10-20T14:22:34.148Z</time></trkpt><trkpt lat="47.60864410" lon="19.14686670"><ele>136.85</ele><time>2025-10-20T14:22:34.348Z</time></trkpt><trkpt lat="47.60864410" lon="19.14686670"><ele>136.85</ele><time>2025-10-20T14:22:34.549Z</time></trkpt><trkpt lat="47.60864410" lon="19.14686670"><ele>136.85</ele><time>2025-10-20T14:22:34.749Z</time></trkpt><trkpt lat="47.60864410" lon="19.14686660"><ele>136.86</ele><time>2025-10-20T14:22:34.949Z</time></trkpt><trkpt lat="47.60864410" lon="19.14686660"><ele>136.86</ele><time>2025-10-20T14:22:35.150Z</time></trkpt><trkpt lat="47.60864420" lon="19.14686660"><ele>136.87</ele><time>2025-10-20T14:22:35.350Z</time></trkpt><trkpt lat="47.60864420" lon="19.14686660"><ele>136.88</ele><time>2025-10-20T14:22:35.551Z</time></trkpt><trkpt lat="47.60864410" lon="19.14686660"><ele>136.88</ele><time>2025-10-20T14:22:35.751Z</time></trkpt><trkpt lat="47.60864410" lon="19.14686660"><ele>136.88</ele><time>2025-10-20T14:22:35.952Z</time></trkpt><trkpt lat="47.60864420" lon="19.14686670"><ele>136.88</ele><time>2025-10-20T14:22:36.151Z</time></trkpt><trkpt lat="47.60864420" lon="19.14686670"><ele>136.89</ele><time>2025-10-20T14:22:36.352Z</time></trkpt><trkpt lat="47.60864420" lon="19.14686670"><ele>136.89</ele><time>2025-10-20T14:22:36.552Z</time></trkpt><trkpt lat="47.60864420" lon="19.14686670"><ele>136.89</ele><time>2025-10-20T14:22:36.752Z</time></trkpt><trkpt lat="47.60864420" lon="19.14686670"><ele>136.89</ele><time>2025-10-20T14:22:36.952Z</time></trkpt><trkpt lat="47.60864430" lon="19.14686670"><ele>136.88</ele><time>2025-10-20T14:22:37.152Z</time></trkpt><trkpt lat="47.60864430" lon="19.14686670"><ele>136.88</ele><time>2025-10-20T14:22:37.352Z</time></trkpt><trkpt lat="47.60864430" lon="19.14686670"><ele>136.88</ele><time>2025-10-20T14:22:37.553Z</time></trkpt><trkpt lat="47.60864430" lon="19.14686670"><ele>136.87</ele><time>2025-10-20T14:22:37.753Z</time></trkpt><trkpt lat="47.60864420" lon="19.14686670"><ele>136.87</ele><time>2025-10-20T14:22:37.953Z</time></trkpt><trkpt lat="47.60864420" lon="19.14686660"><ele>136.86</ele><time>2025-10-20T14:22:38.153Z</time></trkpt><trkpt lat="47.60864420" lon="19.14686660"><ele>136.85</ele><time>2025-10-20T14:22:38.353Z</time></trkpt><trkpt lat="47.60864430" lon="19.14686660"><ele>136.85</ele><time>2025-10-20T14:22:38.553Z</time></trkpt><trkpt lat="47.60864430" lon="19.14686660"><ele>136.84</ele><time>2025-10-20T14:22:38.753Z</time></trkpt><trkpt lat="47.60864420" lon="19.14686660"><ele>136.84</ele><time>2025-10-20T14:22:38.954Z</time></trkpt><trkpt lat="47.60864420" lon="19.14686660"><ele>136.84</ele><time>2025-10-20T14:22:39.154Z</time></trkpt></trkseg></trk></gpx>