<?xml version='1.0' encoding='utf-8'?>
<gpx version="1.1" creator="converttogpx.py" xmlns="http://www.topografix.com/GPX/1/1" xmlns:xsi="http://www.w3.org/2001/XMLSchema-instance" xsi:schemaLocation="http://www.topografix.com/GPX/1/1 http://www.topografix.com/GPX/1/1/gpx.xsd"><trk><name>drone130 20251020-006</name><trkseg><trkpt lat="47.60861710" lon="19.14707540"><ele>137.19</ele><time>1980-01-07T14:11:35.239Z</time></trkpt><trkpt lat="47.60861700" lon="19.14707540"><ele>137.20</ele><time>1980-01-07T14:11:35.439Z</time></trkpt><trkpt lat="47.60861700" lon="19.14707540"><ele>137.21</ele><time>1980-01-07T14:11:35.639Z</time></trkpt><trkpt lat="47.60861700" lon="19.14707540"><ele>137.22</ele><time>1980-01-07T14:11:35.839Z</time></trkpt><trkpt lat="47.60861710" lon="19.14707540"><ele>137.23</ele><time>1980-01-07T14:11:36.039Z</time></trkpt><trkpt lat="47.60861710" lon="19.14707540"><ele>137.24</ele><time>1980-01-07T14:11:36.239Z</time></trkpt><trkpt lat="47.60861710" lon="19.14707540"><ele>137.24</ele><time>1980-01-07T14:11:36.439Z</time></trkpt><trkpt lat="47.60861710" lon="19.14707530"><ele>137.24</ele><time>1980-01-07T14:11:36.639Z</time></trkpt><trkpt lat="47.60861710" lon="19.14707520"><ele>137.25</ele><time>1980-01-07T14:11:36.839Z</time></trkpt><trkpt lat="47.60861710" lon="19.14707520"><ele>137.25</ele><time>1980-01-07T14:11:37.039Z</time></trkpt><trkpt lat="47.60861710" lon="19.14707510"><ele>137.25</ele><time>1980-01-07T14:11:37.239Z</time></trkpt><trkpt lat="47.60861710" lon="19.14707510"><ele>137.24</ele><time>1980-01-07T14:11:37.439Z</time></trkpt><trkpt lat="47.60861720" lon="19.14707510"><ele>137.24</ele><time>1980-01-07T14:11:37.639Z</time></trkpt><trkpt lat="47.60861720" lon="19.14707520"><ele>137.23</ele><time>1980-01-07T14:11:37.839Z</time></trkpt><trkpt lat="47.60861730" lon="19.14707520"><ele>137.23</ele><time>1980-01-07T14:11:38.039Z</time></trkpt><trkpt lat="47.60861740" lon="19.14707520"><ele>137.22</ele><time>1980-01-07T14:11:38.239Z</time></trkpt><trkpt lat="47.60861740" lon="19.14707510"><ele>137.22</ele><time>1980-01-07T14:11:38.439Z</time></trkpt><trkpt lat="47.60861750" lon="19.14707510"><ele>137.21</ele><time>1980-01-07T14:11:38.645Z</time></trkpt><trkpt lat="47.60861760" lon="19.14707510"><ele>137.21</ele><time>1980-01-07T14:11:38.845Z</time></trkpt><trkpt lat="47.60861770" lon="19.14707510"><ele>137.21</ele><time>1980-01-07T14:11:39.049Z</time></trkpt><trkpt lat="47.60861770" lon="19.14707510"><ele>137.21</ele><time>1980-01-07T14:11:39.246Z</time></trkpt><trkpt lat="47.60861780" lon="19.14707510"><ele>137.20</ele><time>1980-01-07T14:11:39.446Z</time></trkpt><trkpt lat="47.60861790" lon="19.14707520"><ele>137.19</ele><time>1980-01-07T14:11:39.654Z</time></trkpt><trkpt lat="47.60861790" lon="19.14707520"><ele>137.19</ele><time>1980-01-07T14:11:39.859Z</time></trkpt><trkpt lat="47.60861800" lon="19.14707520"><ele>137.18</ele><time>1980-01-07T14:11:40.056Z</time></trkpt><trkpt lat="47.60861820" lon="19.14707510"><ele>137.20</ele><time>1980-01-07T14:11:40.259Z</time></trkpt><trkpt lat="47.60861850" lon="19.14707450"><ele>137.45</ele><time>1980-01-07T14:11:40.459Z</time></trkpt><trkpt lat="47.60861880" lon="19.14707360"><ele>137.83</ele><time>1980-01-07T14:11:40.659Z</time></trkpt><trkpt lat="47.60861910" lon="19.14707260"><ele>138.24</ele><time>1980-01-07T14:11:40.859Z</time></trkpt><trkpt lat="47.60861940" lon="19.14707140"><ele>138.81</ele><time>1980-01-07T14:11:41.055Z</time></trkpt><trkpt lat="47.60861960" lon="19.14707050"><ele>139.34</ele><time>1980-01-07T14:11:41.258Z</time></trkpt><trkpt lat="47.60861960" lon="19.14706960"><ele>139.89</ele><time>1980-01-07T14:11:41.456Z</time></trkpt><trkpt lat="47.60861950" lon="19.14706900"><ele>140.37</ele><time>1980-01-07T14:11:41.656Z</time></trkpt><trkpt lat="47.60861920" lon="19.14706880"><ele>140.82</ele><time>1980-01-07T14:11:41.856Z</time></trkpt><trkpt lat="47.60861870" lon="19.14706900"><ele>141.37</ele><time>1980-01-07T14:11:42.053Z</time></trkpt><trkpt lat="47.60861820" lon="19.14706960"><ele>142.01</ele><time>1980-01-07T14:11:42.256Z</time></trkpt><trkpt lat="47.60861770" lon="19.14707040"><ele>142.60</ele><time>1980-01-07T14:11:42.456Z</time></trkpt><trkpt lat="47.60861730" lon="19.14707120"><ele>143.17</ele><time>1980-01-07T14:11:42.656Z</time></trkpt><trkpt lat="47.60861680" lon="19.14707210"><ele>143.73</ele><time>1980-01-07T14:11:42.855Z</time></trkpt><trkpt lat="47.60861640" lon="19.14707320"><ele>144.29</ele><time>1980-01-07T14:11:43.056Z</time></trkpt><trkpt lat="47.60861600" lon="19.14707430"><ele>144.83</ele><time>1980-01-07T14:11:43.256Z</time></trkpt><trkpt lat="47.60861550" lon="19.14707540"><ele>145.35</ele><time>1980-01-07T14:11:43.459Z</time></trkpt><trkpt lat="47.60861500" lon="19.14707640"><ele>145.87</ele><time>1980-01-07T14:11:43.659Z</time></trkpt><trkpt lat="47.60861460" lon="19.14707730"><ele>146.40</ele><time>1980-01-07T14:11:43.866Z</time></trkpt><trkpt lat="47.60861430" lon="19.14707820"><ele>146.88</ele><time>1980-01-07T14:11:44.060Z</time></trkpt><trkpt lat="47.60861400" lon="19.14707920"><ele>147.46</ele><time>1980-01-07T14:11:44.261Z</time></trkpt><trkpt lat="47.60861380" lon="19.14707980"><ele>147.92</ele><time>1980-01-07T14:11:44.463Z</time></trkpt><trkpt lat="47.60861350" lon="19.14708060"><ele>148.51</ele><time>1980-01-07T14:11:44.666Z</time></trkpt><trkpt lat="47.60861330" lon="19.14708130"><ele>148.98</ele><time>1980-01-07T14:11:44.862Z</time></trkpt><trkpt lat="47.60861310" lon="19.14708190"><ele>149.50</ele><time>1980-01-07T14:11:45.061Z</time></trkpt><trkpt lat="47.60861260" lon="19.14708250"><ele>150.04</ele><time>1980-01-07T14:11:45.263Z</time></trkpt><trkpt lat="47.60861220" lon="19.14708310"><ele>150.58</ele><time>1980-01-07T14:11:45.463Z</time></trkpt><trkpt lat="47.60861150" lon="19.14708370"><ele>151.11</ele><time>1980-01-07T14:11:45.663Z</time></trkpt><trkpt lat="47.60861080" lon="19.14708430"><ele>151.65</ele><time>1980-01-07T14:11:45.865Z</time></trkpt><trkpt lat="47.60861010" lon="19.14708480"><ele>152.18</ele><time>1980-01-07T14:11:46.065Z</time></trkpt><trkpt lat="47.60860950" lon="19.14708530"><ele>152.72</ele><time>1980-01-07T14:11:46.266Z</time></trkpt><trkpt lat="47.60860890" lon="19.14708560"><ele>153.24</ele><time>1980-01-07T14:11:46.466Z</time></trkpt><trkpt lat="47.60860850" lon="19.14708580"><ele>153.71</ele><time>1980-01-07T14:11:46.667Z</time></trkpt><trkpt lat="47.60860790" lon="19.14708600"><ele>154.22</ele><time>1980-01-07T14:11:46.865Z</time></trkpt><trkpt lat="47.60860740" lon="19.14708620"><ele>154.74</ele><time>1980-01-07T14:11:47.066Z</time></trkpt><trkpt lat="47.60860710" lon="19.14708630"><ele>155.27</ele><time>1980-01-07T14:11:47.266Z</time></trkpt><trkpt lat="47.60860680" lon="19.14708650"><ele>155.65</ele><time>1980-01-07T14:11:47.467Z</time></trkpt><trkpt lat="47.60860630" lon="19.14708670"><ele>155.93</ele><time>1980-01-07T14:11:47.667Z</time></trkpt><trkpt lat="47.60860600" lon="19.14708690"><ele>156.03</ele><time>1980-01-07T14:11:47.867Z</time></trkpt><trkpt lat="47.60860540" lon="19.14708690"><ele>156.02</ele><time>1980-01-07T14:11:48.066Z</time></trkpt><trkpt lat="47.60860430" lon="19.14708620"><ele>156.03</ele><time>1980-01-07T14:11:48.266Z</time></trkpt><trkpt lat="47.60860210" lon="19.14708480"><ele>156.03</ele><time>1980-01-07T14:11:48.469Z</time></trkpt><trkpt lat="47.60859820" lon="19.14708260"><ele>156.07</ele><time>1980-01-07T14:11:48.679Z</time></trkpt><trkpt lat="47.60859300" lon="19.14707990"><ele>156.11</ele><time>1980-01-07T14:11:48.877Z</time></trkpt><trkpt lat="47.60858730" lon="19.14707730"><ele>156.15</ele><time>1980-01-07T14:11:49.071Z</time></trkpt><trkpt lat="47.60857970" lon="19.14707380"><ele>156.18</ele><time>1980-01-07T14:11:49.279Z</time></trkpt><trkpt lat="47.60857150" lon="19.14707010"><ele>156.22</ele><time>1980-01-07T14:11:49.479Z</time></trkpt><trkpt lat="47.60856230" lon="19.14706650"><ele>156.27</ele><time>1980-01-07T14:11:49.685Z</time></trkpt><trkpt lat="47.60855490" lon="19.14706360"><ele>156.29</ele><time>1980-01-07T14:11:49.889Z</time></trkpt><trkpt lat="47.60854420" lon="19.14705950"><ele>156.31</ele><time>1980-01-07T14:11:50.081Z</time></trkpt><trkpt lat="47.60853440" lon="19.14705550"><ele>156.35</ele><time>1980-01-07T14:11:50.280Z</time></trkpt><trkpt lat="47.60852460" lon="19.14705130"><ele>156.40</ele><time>1980-01-07T14:11:50.486Z</time></trkpt><trkpt lat="47.60851460" lon="19.14704690"><ele>156.45</ele><time>1980-01-07T14:11:50.689Z</time></trkpt><trkpt lat="47.60850350" lon="19.14704180"><ele>156.51</ele><time>1980-01-07T14:11:50.894Z</time></trkpt><trkpt lat="47.60849490" lon="19.14703770"><ele>156.58</ele><time>1980-01-07T14:11:51.099Z</time></trkpt><trkpt lat="47.60848600" lon="19.14703290"><ele>156.66</ele><time>1980-01-07T14:11:51.299Z</time></trkpt><trkpt lat="47.60847810" lon="19.14702870"><ele>156.68</ele><time>1980-01-07T14:11:51.499Z</time></trkpt><trkpt lat="47.60847140" lon="19.14702530"><ele>156.71</ele><time>1980-01-07T14:11:51.699Z</time></trkpt><trkpt lat="47.60846660" lon="19.14702220"><ele>156.74</ele><time>1980-01-07T14:11:51.899Z</time></trkpt><trkpt lat="47.60846340" lon="19.14701980"><ele>156.75</ele><time>1980-01-07T14:11:52.090Z</time></trkpt><trkpt lat="47.60846090" lon="19.14701710"><ele>156.74</ele><time>1980-01-07T14:11:52.299Z</time></trkpt><trkpt lat="47.60845990" lon="19.14701490"><ele>156.73</ele><time>1980-01-07T14:11:52.491Z</time></trkpt><trkpt lat="47.60845970" lon="19.14701270"><ele>156.73</ele><time>1980-01-07T14:11:52.693Z</time></trkpt><trkpt lat="47.60846040" lon="19.14701060"><ele>156.76</ele><time>1980-01-07T14:11:52.892Z</time></trkpt><trkpt lat="47.60846160" lon="19.14700870"><ele>156.83</ele><time>1980-01-07T14:11:53.095Z</time></trkpt><trkpt lat="47.60846340" lon="19.14700730"><ele>156.96</ele><time>1980-01-07T14:11:53.293Z</time></trkpt><trkpt lat="47.60846580" lon="19.14700650"><ele>157.15</ele><time>1980-01-07T14:11:53.496Z</time></trkpt><trkpt lat="47.60846900" lon="19.14700730"><ele>157.43</ele><time>1980-01-07T14:11:53.696Z</time></trkpt><trkpt lat="47.60847210" lon="19.14700910"><ele>157.66</ele><time>1980-01-07T14:11:53.897Z</time></trkpt><trkpt lat="47.60847640" lon="19.14701310"><ele>157.99</ele><time>1980-01-07T14:11:54.093Z</time></trkpt><trkpt lat="47.60848240" lon="19.14701960"><ele>158.39</ele><time>1980-01-07T14:11:54.296Z</time></trkpt><trkpt lat="47.60848770" lon="19.14702610"><ele>158.71</ele><time>1980-01-07T14:11:54.499Z</time></trkpt><trkpt lat="47.60849400" lon="19.14703450"><ele>159.06</ele><time>1980-01-07T14:11:54.692Z</time></trkpt><trkpt lat="47.60850070" lon="19.14704370"><ele>159.41</ele><time>1980-01-07T14:11:54.893Z</time></trkpt><trkpt lat="47.60850780" lon="19.14705410"><ele>159.76</ele><time>1980-01-07T14:11:55.099Z</time></trkpt><trkpt lat="47.60851410" lon="19.14706370"><ele>160.04</ele><time>1980-01-07T14:11:55.299Z</time></trkpt><trkpt lat="47.60852210" lon="19.14707610"><ele>160.38</ele><time>1980-01-07T14:11:55.499Z</time></trkpt><trkpt lat="47.60852930" lon="19.14708760"><ele>160.70</ele><time>1980-01-07T14:11:55.705Z</time></trkpt><trkpt lat="47.60853660" lon="19.14709960"><ele>161.01</ele><time>1980-01-07T14:11:55.903Z</time></trkpt><trkpt lat="47.60854380" lon="19.14711200"><ele>161.31</ele><time>1980-01-07T14:11:56.103Z</time></trkpt><trkpt lat="47.60855050" lon="19.14712380"><ele>161.59</ele><time>1980-01-07T14:11:56.303Z</time></trkpt><trkpt lat="47.60855770" lon="19.14713720"><ele>161.89</ele><time>1980-01-07T14:11:56.501Z</time></trkpt><trkpt lat="47.60856320" lon="19.14714800"><ele>162.13</ele><time>1980-01-07T14:11:56.704Z</time></trkpt><trkpt lat="47.60857000" lon="19.14716220"><ele>162.44</ele><time>1980-01-07T14:11:56.906Z</time></trkpt><trkpt lat="47.60857550" lon="19.14717390"><ele>162.69</ele><time>1980-01-07T14:11:57.102Z</time></trkpt><trkpt lat="47.60858160" lon="19.14718760"><ele>162.99</ele><time>1980-01-07T14:11:57.307Z</time></trkpt><trkpt lat="47.60858710" lon="19.14720020"><ele>163.26</ele><time>1980-01-07T14:11:57.506Z</time></trkpt><trkpt lat="47.60859230" lon="19.14721290"><ele>163.53</ele><time>1980-01-07T14:11:57.706Z</time></trkpt><trkpt lat="47.60859700" lon="19.14722540"><ele>163.79</ele><time>1980-01-07T14:11:57.909Z</time></trkpt><trkpt lat="47.60860170" lon="19.14723790"><ele>164.08</ele><time>1980-01-07T14:11:58.109Z</time></trkpt><trkpt lat="47.60860650" lon="19.14725090"><ele>164.39</ele><time>1980-01-07T14:11:58.309Z</time></trkpt><trkpt lat="47.60861100" lon="19.14726350"><ele>164.68</ele><time>1980-01-07T14:11:58.509Z</time></trkpt><trkpt lat="47.60861480" lon="19.14727450"><ele>164.91</ele><time>1980-01-07T14:11:58.705Z</time></trkpt><trkpt lat="47.60861910" lon="19.14728670"><ele>165.20</ele><time>1980-01-07T14:11:58.909Z</time></trkpt><trkpt lat="47.60862350" lon="19.14729920"><ele>165.52</ele><time>1980-01-07T14:11:59.109Z</time></trkpt><trkpt lat="47.60862700" lon="19.14730880"><ele>165.76</ele><time>1980-01-07T14:11:59.309Z</time></trkpt><trkpt lat="47.60863210" lon="19.14732280"><ele>166.12</ele><time>1980-01-07T14:11:59.512Z</time></trkpt><trkpt lat="47.60863640" lon="19.14733440"><ele>166.41</ele><time>1980-01-07T14:11:59.709Z</time></trkpt><trkpt lat="47.60864090" lon="19.14734610"><ele>166.71</ele><time>1980-01-07T14:11:59.909Z</time></trkpt><trkpt lat="47.60864540" lon="19.14735760"><ele>167.00</ele><time>1980-01-07T14:12:00.109Z</time></trkpt><trkpt lat="47.60864920" lon="19.14736680"><ele>167.25</ele><time>1980-01-07T14:12:00.312Z</time></trkpt><trkpt lat="47.60865390" lon="19.14737800"><ele>167.54</ele><time>1980-01-07T14:12:00.514Z</time></trkpt><trkpt lat="47.60865820" lon="19.14738800"><ele>167.81</ele><time>1980-01-07T14:12:00.714Z</time></trkpt><trkpt lat="47.60866350" lon="19.14740020"><ele>168.15</ele><time>1980-01-07T14:12:00.915Z</time></trkpt><trkpt lat="47.60866890" lon="19.14741170"><ele>168.49</ele><time>1980-01-07T14:12:01.118Z</time></trkpt><trkpt lat="47.60867430" lon="19.14742270"><ele>168.84</ele><time>1980-01-07T14:12:01.316Z</time></trkpt><trkpt lat="47.60868050" lon="19.14743450"><ele>169.22</ele><time>1980-01-07T14:12:01.519Z</time></trkpt><trkpt lat="47.60868610" lon="19.14744530"><ele>169.57</ele><time>1980-01-07T14:12:01.723Z</time></trkpt><trkpt lat="47.60869170" lon="19.14745610"><ele>169.92</ele><time>1980-01-07T14:12:01.924Z</time></trkpt><trkpt lat="47.60869680" lon="19.14746580"><ele>170.21</ele><time>1980-01-07T14:12:02.129Z</time></trkpt><trkpt lat="47.60870260" lon="19.14747660"><ele>170.53</ele><time>1980-01-07T14:12:02.329Z</time></trkpt><trkpt lat="47.60870830" lon="19.14748730"><ele>170.86</ele><time>1980-01-07T14:12:02.529Z</time></trkpt><trkpt lat="47.60871330" lon="19.14749700"><ele>171.15</ele><time>1980-01-07T14:12:02.729Z</time></trkpt><trkpt lat="47.60871960" lon="19.14750920"><ele>171.53</ele><time>1980-01-07T14:12:02.924Z</time></trkpt><trkpt lat="47.60872550" lon="19.14752030"><ele>171.90</ele><time>1980-01-07T14:12:03.125Z</time></trkpt><trkpt lat="47.60873140" lon="19.14753130"><ele>172.26</ele><time>1980-01-07T14:12:03.324Z</time></trkpt><trkpt lat="47.60873740" lon="19.14754240"><ele>172.61</ele><time>1980-01-07T14:12:03.527Z</time></trkpt><trkpt lat="47.60874320" lon="19.14755320"><ele>172.95</ele><time>1980-01-07T14:12:03.729Z</time></trkpt><trkpt lat="47.60874900" lon="19.14756400"><ele>173.29</ele><time>1980-01-07T14:12:03.929Z</time></trkpt><trkpt lat="47.60875480" lon="19.14757480"><ele>173.64</ele><time>1980-01-07T14:12:04.126Z</time></trkpt><trkpt lat="47.60876070" lon="19.14758560"><ele>173.98</ele><time>1980-01-07T14:12:04.329Z</time></trkpt><trkpt lat="47.60876640" lon="19.14759640"><ele>174.33</ele><time>1980-01-07T14:12:04.529Z</time></trkpt><trkpt lat="47.60877150" lon="19.14760610"><ele>174.65</ele><time>1980-01-07T14:12:04.729Z</time></trkpt><trkpt lat="47.60877770" lon="19.14761800"><ele>175.05</ele><time>1980-01-07T14:12:04.929Z</time></trkpt><trkpt lat="47.60878330" lon="19.14762890"><ele>175.41</ele><time>1980-01-07T14:12:05.129Z</time></trkpt><trkpt lat="47.60878870" lon="19.14763930"><ele>175.69</ele><time>1980-01-07T14:12:05.329Z</time></trkpt><trkpt lat="47.60879370" lon="19.14764900"><ele>175.87</ele><time>1980-01-07T14:12:05.529Z</time></trkpt><trkpt lat="47.60879810" lon="19.14765750"><ele>175.92</ele><time>1980-01-07T14:12:05.729Z</time></trkpt><trkpt lat="47.60880180" lon="19.14766440"><ele>175.92</ele><time>1980-01-07T14:12:05.929Z</time></trkpt><trkpt lat="47.60880440" lon="19.14766940"><ele>175.92</ele><time>1980-01-07T14:12:06.129Z</time></trkpt><trkpt lat="47.60880650" lon="19.14767270"><ele>175.91</ele><time>1980-01-07T14:12:06.329Z</time></trkpt><trkpt lat="47.60880780" lon="19.14767480"><ele>175.95</ele><time>1980-01-07T14:12:06.529Z</time></trkpt><trkpt lat="47.60880860" lon="19.14767590"><ele>176.01</ele><time>1980-01-07T14:12:06.736Z</time></trkpt><trkpt lat="47.60880910" lon="19.14767640"><ele>176.08</ele><time>1980-01-07T14:12:06.939Z</time></trkpt><trkpt lat="47.60880910" lon="19.14767640"><ele>176.14</ele><time>1980-01-07T14:12:07.139Z</time></trkpt><trkpt lat="47.60880900" lon="19.14767600"><ele>176.12</ele><time>1980-01-07T14:12:07.336Z</time></trkpt><trkpt lat="47.60880870" lon="19.14767570"><ele>175.96</ele><time>1980-01-07T14:12:07.536Z</time></trkpt><trkpt lat="47.60880860" lon="19.14767570"><ele>175.64</ele><time>1980-01-07T14:12:07.738Z</time></trkpt><trkpt lat="47.60880870" lon="19.14767620"><ele>175.18</ele><time>1980-01-07T14:12:07.939Z</time></trkpt><trkpt lat="47.60880880" lon="19.14767690"><ele>174.75</ele><time>1980-01-07T14:12:08.139Z</time></trkpt><trkpt lat="47.60880940" lon="19.14767810"><ele>174.22</ele><time>1980-01-07T14:12:08.339Z</time></trkpt><trkpt lat="47.60881020" lon="19.14767950"><ele>173.75</ele><time>1980-01-07T14:12:08.539Z</time></trkpt><trkpt lat="47.60881130" lon="19.14768130"><ele>173.33</ele><time>1980-01-07T14:12:08.739Z</time></trkpt><trkpt lat="47.60881260" lon="19.14768330"><ele>172.87</ele><time>1980-01-07T14:12:08.939Z</time></trkpt><trkpt lat="47.60881390" lon="19.14768510"><ele>172.44</ele><time>1980-01-07T14:12:09.139Z</time></trkpt><trkpt lat="47.60881550" lon="19.14768770"><ele>171.90</ele><time>1980-01-07T14:12:09.339Z</time></trkpt><trkpt lat="47.60881690" lon="19.14769050"><ele>171.40</ele><time>1980-01-07T14:12:09.539Z</time></trkpt><trkpt lat="47.60881830" lon="19.14769380"><ele>170.90</ele><time>1980-01-07T14:12:09.739Z</time></trkpt><trkpt lat="47.60881960" lon="19.14769730"><ele>170.39</ele><time>1980-01-07T14:12:09.939Z</time></trkpt><trkpt lat="47.60882090" lon="19.14770070"><ele>169.85</ele><time>1980-01-07T14:12:10.144Z</time></trkpt><trkpt lat="47.60882190" lon="19.14770360"><ele>169.40</ele><time>1980-01-07T14:12:10.342Z</time></trkpt><trkpt lat="47.60882370" lon="19.14770790"><ele>168.76</ele><time>1980-01-07T14:12:10.549Z</time></trkpt><trkpt lat="47.60882550" lon="19.14771190"><ele>168.25</ele><time>1980-01-07T14:12:10.749Z</time></trkpt><trkpt lat="47.60882760" lon="19.14771620"><ele>167.75</ele><time>1980-01-07T14:12:10.949Z</time></trkpt><trkpt lat="47.60882990" lon="19.14772070"><ele>167.26</ele><time>1980-01-07T14:12:11.139Z</time></trkpt><trkpt lat="47.60883230" lon="19.14772530"><ele>166.76</ele><time>1980-01-07T14:12:11.340Z</time></trkpt><trkpt lat="47.60883420" lon="19.14772910"><ele>166.35</ele><time>1980-01-07T14:12:11.539Z</time></trkpt><trkpt lat="47.60883660" lon="19.14773380"><ele>165.83</ele><time>1980-01-07T14:12:11.741Z</time></trkpt><trkpt lat="47.60883910" lon="19.14773850"><ele>165.33</ele><time>1980-01-07T14:12:11.942Z</time></trkpt><trkpt lat="47.60884160" lon="19.14774330"><ele>164.82</ele><time>1980-01-07T14:12:12.144Z</time></trkpt><trkpt lat="47.60884420" lon="19.14774790"><ele>164.30</ele><time>1980-01-07T14:12:12.344Z</time></trkpt><trkpt lat="47.60884660" lon="19.14775230"><ele>163.77</ele><time>1980-01-07T14:12:12.539Z</time></trkpt><trkpt lat="47.60884890" lon="19.14775680"><ele>163.26</ele><time>1980-01-07T14:12:12.749Z</time></trkpt><trkpt lat="47.60885130" lon="19.14776110"><ele>162.70</ele><time>1980-01-07T14:12:12.940Z</time></trkpt><trkpt lat="47.60885370" lon="19.14776570"><ele>162.08</ele><time>1980-01-07T14:12:13.145Z</time></trkpt><trkpt lat="47.60885590" lon="19.14777000"><ele>161.49</ele><time>1980-01-07T14:12:13.349Z</time></trkpt><trkpt lat="47.60885790" lon="19.14777420"><ele>160.93</ele><time>1980-01-07T14:12:13.549Z</time></trkpt><trkpt lat="47.60886000" lon="19.14777830"><ele>160.37</ele><time>1980-01-07T14:12:13.756Z</time></trkpt><trkpt lat="47.60886200" lon="19.14778250"><ele>159.81</ele><time>1980-01-07T14:12:13.953Z</time></trkpt><trkpt lat="47.60886400" lon="19.14778650"><ele>159.30</ele><time>1980-01-07T14:12:14.153Z</time></trkpt><trkpt lat="47.60886610" lon="19.14779060"><ele>158.76</ele><time>1980-01-07T14:12:14.355Z</time></trkpt><trkpt lat="47.60886830" lon="19.14779510"><ele>158.16</ele><time>1980-01-07T14:12:14.557Z</time></trkpt><trkpt lat="47.60887010" lon="19.14779880"><ele>157.69</ele><time>1980-01-07T14:12:14.756Z</time></trkpt><trkpt lat="47.60887220" lon="19.14780240"><ele>157.26</ele><time>1980-01-07T14:12:14.958Z</time></trkpt><trkpt lat="47.60887440" lon="19.14780550"><ele>156.97</ele><time>1980-01-07T14:12:15.159Z</time></trkpt><trkpt lat="47.60887640" lon="19.14780740"><ele>156.90</ele><time>1980-01-07T14:12:15.359Z</time></trkpt><trkpt lat="47.60887750" lon="19.14780840"><ele>156.93</ele><time>1980-01-07T14:12:15.559Z</time></trkpt><trkpt lat="47.60887890" lon="19.14780930"><ele>156.93</ele><time>1980-01-07T14:12:15.762Z</time></trkpt><trkpt lat="47.60887980" lon="19.14781010"><ele>156.89</ele><time>1980-01-07T14:12:15.964Z</time></trkpt><trkpt lat="47.60888040" lon="19.14781070"><ele>156.85</ele><time>1980-01-07T14:12:16.165Z</time></trkpt><trkpt lat="47.60888090" lon="19.14781110"><ele>156.79</ele><time>1980-01-07T14:12:16.365Z</time></trkpt><trkpt lat="47.60888140" lon="19.14781140"><ele>156.74</ele><time>1980-01-07T14:12:16.565Z</time></trkpt><trkpt lat="47.60888160" lon="19.14781140"><ele>156.70</ele><time>1980-01-07T14:12:16.764Z</time></trkpt><trkpt lat="47.60888170" lon="19.14781120"><ele>156.69</ele><time>1980-01-07T14:12:16.964Z</time></trkpt><trkpt lat="47.60888120" lon="19.14780990"><ele>156.77</ele><time>1980-01-07T14:12:17.164Z</time></trkpt><trkpt lat="47.60888000" lon="19.14780710"><ele>156.90</ele><time>1980-01-07T14:12:17.366Z</time></trkpt><trkpt lat="47.60887770" lon="19.14780260"><ele>157.04</ele><time>1980-01-07T14:12:17.564Z</time></trkpt><trkpt lat="47.60887460" lon="19.14779650"><ele>157.17</ele><time>1980-01-07T14:12:17.764Z</time></trkpt><trkpt lat="47.60887030" lon="19.14778870"><ele>157.30</ele><time>1980-01-07T14:12:17.964Z</time></trkpt><trkpt lat="47.60886520" lon="19.14777960"><ele>157.45</ele><time>1980-01-07T14:12:18.164Z</time></trkpt><trkpt lat="47.60885960" lon="19.14776960"><ele>157.61</ele><time>1980-01-07T14:12:18.366Z</time></trkpt><trkpt lat="47.60885510" lon="19.14776220"><ele>157.69</ele><time>1980-01-07T14:12:18.565Z</time></trkpt><trkpt lat="47.60884810" lon="19.14774990"><ele>157.82</ele><time>1980-01-07T14:12:18.765Z</time></trkpt><trkpt lat="47.60884140" lon="19.14773800"><ele>157.98</ele><time>1980-01-07T14:12:18.966Z</time></trkpt><trkpt lat="47.60883380" lon="19.14772410"><ele>158.15</ele><time>1980-01-07T14:12:19.169Z</time></trkpt><trkpt lat="47.60882760" lon="19.14771270"><ele>158.29</ele><time>1980-01-07T14:12:19.364Z</time></trkpt><trkpt lat="47.60881990" lon="19.14769860"><ele>158.46</ele><time>1980-01-07T14:12:19.567Z</time></trkpt><trkpt lat="47.60881380" lon="19.14768720"><ele>158.58</ele><time>1980-01-07T14:12:19.769Z</time></trkpt><trkpt lat="47.60880710" lon="19.14767420"><ele>158.73</ele><time>1980-01-07T14:12:19.969Z</time></trkpt><trkpt lat="47.60880110" lon="19.14766240"><ele>158.87</ele><time>1980-01-07T14:12:20.169Z</time></trkpt><trkpt lat="47.60879410" lon="19.14764800"><ele>159.03</ele><time>1980-01-07T14:12:20.369Z</time></trkpt><trkpt lat="47.60878800" lon="19.14763500"><ele>159.19</ele><time>1980-01-07T14:12:20.569Z</time></trkpt><trkpt lat="47.60878210" lon="19.14762190"><ele>159.34</ele><time>1980-01-07T14:12:20.769Z</time></trkpt><trkpt lat="47.60877650" lon="19.14760900"><ele>159.51</ele><time>1980-01-07T14:12:20.969Z</time></trkpt><trkpt lat="47.60877090" lon="19.14759580"><ele>159.69</ele><time>1980-01-07T14:12:21.169Z</time></trkpt><trkpt lat="47.60876540" lon="19.14758290"><ele>159.87</ele><time>1980-01-07T14:12:21.379Z</time></trkpt><trkpt lat="47.60876040" lon="19.14757140"><ele>160.03</ele><time>1980-01-07T14:12:21.579Z</time></trkpt><trkpt lat="47.60875440" lon="19.14755770"><ele>160.23</ele><time>1980-01-07T14:12:21.779Z</time></trkpt><trkpt lat="47.60874900" lon="19.14754520"><ele>160.42</ele><time>1980-01-07T14:12:21.979Z</time></trkpt><trkpt lat="47.60874350" lon="19.14753280"><ele>160.63</ele><time>1980-01-07T14:12:22.179Z</time></trkpt><trkpt lat="47.60873820" lon="19.14752080"><ele>160.82</ele><time>1980-01-07T14:12:22.386Z</time></trkpt><trkpt lat="47.60873290" lon="19.14750910"><ele>160.99</ele><time>1980-01-07T14:12:22.586Z</time></trkpt><trkpt lat="47.60872740" lon="19.14749720"><ele>161.16</ele><time>1980-01-07T14:12:22.786Z</time></trkpt><trkpt lat="47.60872200" lon="19.14748500"><ele>161.35</ele><time>1980-01-07T14:12:22.988Z</time></trkpt><trkpt lat="47.60871740" lon="19.14747440"><ele>161.52</ele><time>1980-01-07T14:12:23.189Z</time></trkpt><trkpt lat="47.60871170" lon="19.14746110"><ele>161.73</ele><time>1980-01-07T14:12:23.386Z</time></trkpt><trkpt lat="47.60870640" lon="19.14744920"><ele>161.94</ele><time>1980-01-07T14:12:23.589Z</time></trkpt><trkpt lat="47.60870100" lon="19.14743750"><ele>162.14</ele><time>1980-01-07T14:12:23.789Z</time></trkpt><trkpt lat="47.60869560" lon="19.14742600"><ele>162.34</ele><time>1980-01-07T14:12:23.989Z</time></trkpt><trkpt lat="47.60869050" lon="19.14741530"><ele>162.52</ele><time>1980-01-07T14:12:24.189Z</time></trkpt><trkpt lat="47.60868510" lon="19.14740400"><ele>162.71</ele><time>1980-01-07T14:12:24.389Z</time></trkpt><trkpt lat="47.60867970" lon="19.14739270"><ele>162.92</ele><time>1980-01-07T14:12:24.589Z</time></trkpt><trkpt lat="47.60867440" lon="19.14738160"><ele>163.14</ele><time>1980-01-07T14:12:24.789Z</time></trkpt><trkpt lat="47.60866910" lon="19.14737050"><ele>163.34</ele><time>1980-01-07T14:12:24.989Z</time></trkpt><trkpt lat="47.60866410" lon="19.14736000"><ele>163.53</ele><time>1980-01-07T14:12:25.189Z</time></trkpt><trkpt lat="47.60865860" lon="19.14734840"><ele>163.73</ele><time>1980-01-07T14:12:25.389Z</time></trkpt><trkpt lat="47.60865310" lon="19.14733700"><ele>163.95</ele><time>1980-01-07T14:12:25.589Z</time></trkpt><trkpt lat="47.60864760" lon="19.14732570"><ele>164.16</ele><time>1980-01-07T14:12:25.789Z</time></trkpt><trkpt lat="47.60864200" lon="19.14731410"><ele>164.38</ele><time>1980-01-07T14:12:25.989Z</time></trkpt><trkpt lat="47.60863660" lon="19.14730250"><ele>164.55</ele><time>1980-01-07T14:12:26.189Z</time></trkpt><trkpt lat="47.60863200" lon="19.14729290"><ele>164.71</ele><time>1980-01-07T14:12:26.389Z</time></trkpt><trkpt lat="47.60862660" lon="19.14728160"><ele>164.90</ele><time>1980-01-07T14:12:26.589Z</time></trkpt><trkpt lat="47.60862110" lon="19.14727040"><ele>165.10</ele><time>1980-01-07T14:12:26.789Z</time></trkpt><trkpt lat="47.60861570" lon="19.14725920"><ele>165.29</ele><time>1980-01-07T14:12:26.989Z</time></trkpt><trkpt lat="47.60860940" lon="19.14724640"><ele>165.52</ele><time>1980-01-07T14:12:27.192Z</time></trkpt><trkpt lat="47.60860450" lon="19.14723640"><ele>165.69</ele><time>1980-01-07T14:12:27.389Z</time></trkpt><trkpt lat="47.60859890" lon="19.14722530"><ele>165.89</ele><time>1980-01-07T14:12:27.589Z</time></trkpt><trkpt lat="47.60859330" lon="19.14721400"><ele>166.06</ele><time>1980-01-07T14:12:27.792Z</time></trkpt><trkpt lat="47.60858790" lon="19.14720280"><ele>166.22</ele><time>1980-01-07T14:12:27.993Z</time></trkpt><trkpt lat="47.60858200" lon="19.14719090"><ele>166.38</ele><time>1980-01-07T14:12:28.199Z</time></trkpt><trkpt lat="47.60857700" lon="19.14718090"><ele>166.53</ele><time>1980-01-07T14:12:28.400Z</time></trkpt><trkpt lat="47.60857080" lon="19.14716870"><ele>166.73</ele><time>1980-01-07T14:12:28.602Z</time></trkpt><trkpt lat="47.60856520" lon="19.14715780"><ele>166.90</ele><time>1980-01-07T14:12:28.802Z</time></trkpt><trkpt lat="47.60855970" lon="19.14714700"><ele>167.07</ele><time>1980-01-07T14:12:29.008Z</time></trkpt><trkpt lat="47.60855460" lon="19.14713700"><ele>167.23</ele><time>1980-01-07T14:12:29.202Z</time></trkpt><trkpt lat="47.60854990" lon="19.14712770"><ele>167.38</ele><time>1980-01-07T14:12:29.405Z</time></trkpt><trkpt lat="47.60854400" lon="19.14711590"><ele>167.56</ele><time>1980-01-07T14:12:29.605Z</time></trkpt><trkpt lat="47.60853890" lon="19.14710550"><ele>167.74</ele><time>1980-01-07T14:12:29.806Z</time></trkpt><trkpt lat="47.60853380" lon="19.14709540"><ele>167.90</ele><time>1980-01-07T14:12:30.006Z</time></trkpt><trkpt lat="47.60852840" lon="19.14708430"><ele>168.08</ele><time>1980-01-07T14:12:30.208Z</time></trkpt><trkpt lat="47.60852390" lon="19.14707530"><ele>168.21</ele><time>1980-01-07T14:12:30.409Z</time></trkpt><trkpt lat="47.60851890" lon="19.14706510"><ele>168.34</ele><time>1980-01-07T14:12:30.609Z</time></trkpt><trkpt lat="47.60851410" lon="19.14705490"><ele>168.46</ele><time>1980-01-07T14:12:30.809Z</time></trkpt><trkpt lat="47.60850920" lon="19.14704460"><ele>168.61</ele><time>1980-01-07T14:12:31.007Z</time></trkpt><trkpt lat="47.60850470" lon="19.14703470"><ele>168.74</ele><time>1980-01-07T14:12:31.204Z</time></trkpt><trkpt lat="47.60849980" lon="19.14702420"><ele>168.90</ele><time>1980-01-07T14:12:31.403Z</time></trkpt><trkpt lat="47.60849480" lon="19.14701370"><ele>169.03</ele><time>1980-01-07T14:12:31.604Z</time></trkpt><trkpt lat="47.60848940" lon="19.14700300"><ele>169.18</ele><time>1980-01-07T14:12:31.804Z</time></trkpt><trkpt lat="47.60848400" lon="19.14699240"><ele>169.32</ele><time>1980-01-07T14:12:32.004Z</time></trkpt><trkpt lat="47.60847800" lon="19.14698110"><ele>169.48</ele><time>1980-01-07T14:12:32.205Z</time></trkpt><trkpt lat="47.60847210" lon="19.14697010"><ele>169.63</ele><time>1980-01-07T14:12:32.409Z</time></trkpt><trkpt lat="47.60846680" lon="19.14695980"><ele>169.78</ele><time>1980-01-07T14:12:32.609Z</time></trkpt><trkpt lat="47.60846130" lon="19.14694930"><ele>169.93</ele><time>1980-01-07T14:12:32.808Z</time></trkpt><trkpt lat="47.60845500" lon="19.14693750"><ele>170.09</ele><time>1980-01-07T14:12:33.008Z</time></trkpt><trkpt lat="47.60844810" lon="19.14692430"><ele>170.26</ele><time>1980-01-07T14:12:33.209Z</time></trkpt><trkpt lat="47.60844190" lon="19.14691240"><ele>170.41</ele><time>1980-01-07T14:12:33.409Z</time></trkpt><trkpt lat="47.60843580" lon="19.14690030"><ele>170.57</ele><time>1980-01-07T14:12:33.609Z</time></trkpt><trkpt lat="47.60843030" lon="19.14688940"><ele>170.71</ele><time>1980-01-07T14:12:33.809Z</time></trkpt><trkpt lat="47.60842420" lon="19.14687740"><ele>170.86</ele><time>1980-01-07T14:12:34.009Z</time></trkpt><trkpt lat="47.60841750" lon="19.14686380"><ele>171.04</ele><time>1980-01-07T14:12:34.209Z</time></trkpt><trkpt lat="47.60841160" lon="19.14685180"><ele>171.20</ele><time>1980-01-07T14:12:34.409Z</time></trkpt><trkpt lat="47.60840700" lon="19.14684230"><ele>171.33</ele><time>1980-01-07T14:12:34.609Z</time></trkpt><trkpt lat="47.60840060" lon="19.14682910"><ele>171.51</ele><time>1980-01-07T14:12:34.809Z</time></trkpt><trkpt lat="47.60839440" lon="19.14681610"><ele>171.68</ele><time>1980-01-07T14:12:35.010Z</time></trkpt><trkpt lat="47.60838930" lon="19.14680510"><ele>171.81</ele><time>1980-01-07T14:12:35.212Z</time></trkpt><trkpt lat="47.60838360" lon="19.14679330"><ele>171.95</ele><time>1980-01-07T14:12:35.414Z</time></trkpt><trkpt lat="47.60837800" lon="19.14678150"><ele>172.10</ele><time>1980-01-07T14:12:35.614Z</time></trkpt><trkpt lat="47.60837250" lon="19.14676980"><ele>172.23</ele><time>1980-01-07T14:12:35.813Z</time></trkpt><trkpt lat="47.60836760" lon="19.14675940"><ele>172.38</ele><time>1980-01-07T14:12:36.014Z</time></trkpt><trkpt lat="47.60836160" lon="19.14674640"><ele>172.58</ele><time>1980-01-07T14:12:36.212Z</time></trkpt><trkpt lat="47.60835630" lon="19.14673530"><ele>172.72</ele><time>1980-01-07T14:12:36.414Z</time></trkpt><trkpt lat="47.60835100" lon="19.14672380"><ele>172.84</ele><time>1980-01-07T14:12:36.619Z</time></trkpt><trkpt lat="47.60834570" lon="19.14671260"><ele>172.97</ele><time>1980-01-07T14:12:36.819Z</time></trkpt><trkpt lat="47.60834110" lon="19.14670260"><ele>173.11</ele><time>1980-01-07T14:12:37.019Z</time></trkpt><trkpt lat="47.60833570" lon="19.14669130"><ele>173.29</ele><time>1980-01-07T14:12:37.214Z</time></trkpt><trkpt lat="47.60833040" lon="19.14668010"><ele>173.43</ele><time>1980-01-07T14:12:37.415Z</time></trkpt><trkpt lat="47.60832520" lon="19.14666900"><ele>173.57</ele><time>1980-01-07T14:12:37.615Z</time></trkpt><trkpt lat="47.60832050" lon="19.14665910"><ele>173.71</ele><time>1980-01-07T14:12:37.816Z</time></trkpt><trkpt lat="47.60831540" lon="19.14664810"><ele>173.85</ele><time>1980-01-07T14:12:38.017Z</time></trkpt><trkpt lat="47.60830980" lon="19.14663600"><ele>174.03</ele><time>1980-01-07T14:12:38.219Z</time></trkpt><trkpt lat="47.60830470" lon="19.14662510"><ele>174.18</ele><time>1980-01-07T14:12:38.419Z</time></trkpt><trkpt lat="47.60829960" lon="19.14661420"><ele>174.32</ele><time>1980-01-07T14:12:38.619Z</time></trkpt><trkpt lat="47.60829450" lon="19.14660330"><ele>174.48</ele><time>1980-01-07T14:12:38.819Z</time></trkpt><trkpt lat="47.60828930" lon="19.14659250"><ele>174.63</ele><time>1980-01-07T14:12:39.019Z</time></trkpt><trkpt lat="47.60828400" lon="19.14658150"><ele>174.77</ele><time>1980-01-07T14:12:39.219Z</time></trkpt><trkpt lat="47.60827860" lon="19.14657030"><ele>174.94</ele><time>1980-01-07T14:12:39.419Z</time></trkpt><trkpt lat="47.60827310" lon="19.14655920"><ele>175.11</ele><time>1980-01-07T14:12:39.619Z</time></trkpt><trkpt lat="47.60826760" lon="19.14654800"><ele>175.26</ele><time>1980-01-07T14:12:39.819Z</time></trkpt><trkpt lat="47.60826220" lon="19.14653710"><ele>175.39</ele><time>1980-01-07T14:12:40.019Z</time></trkpt><trkpt lat="47.60825700" lon="19.14652660"><ele>175.47</ele><time>1980-01-07T14:12:40.214Z</time></trkpt><trkpt lat="47.60825300" lon="19.14651820"><ele>175.53</ele><time>1980-01-07T14:12:40.415Z</time></trkpt><trkpt lat="47.60824950" lon="19.14651030"><ele>175.55</ele><time>1980-01-07T14:12:40.617Z</time></trkpt><trkpt lat="47.60824710" lon="19.14650400"><ele>175.55</ele><time>1980-01-07T14:12:40.819Z</time></trkpt><trkpt lat="47.60824580" lon="19.14649950"><ele>175.57</ele><time>1980-01-07T14:12:41.019Z</time></trkpt><trkpt lat="47.60824530" lon="19.14649630"><ele>175.61</ele><time>1980-01-07T14:12:41.219Z</time></trkpt><trkpt lat="47.60824530" lon="19.14649390"><ele>175.62</ele><time>1980-01-07T14:12:41.419Z</time></trkpt><trkpt lat="47.60824570" lon="19.14649230"><ele>175.63</ele><time>1980-01-07T14:12:41.629Z</time></trkpt><trkpt lat="47.60824640" lon="19.14649150"><ele>175.66</ele><time>1980-01-07T14:12:41.829Z</time></trkpt><trkpt lat="47.60824730" lon="19.14649110"><ele>175.70</ele><time>1980-01-07T14:12:42.029Z</time></trkpt><trkpt lat="47.60824820" lon="19.14649120"><ele>175.67</ele><time>1980-01-07T14:12:42.221Z</time></trkpt><trkpt lat="47.60824940" lon="19.14649110"><ele>175.48</ele><time>1980-01-07T14:12:42.423Z</time></trkpt><trkpt lat="47.60825050" lon="19.14649100"><ele>175.12</ele><time>1980-01-07T14:12:42.624Z</time></trkpt><trkpt lat="47.60825170" lon="19.14649080"><ele>174.65</ele><time>1980-01-07T14:12:42.826Z</time></trkpt><trkpt lat="47.60825290" lon="19.14649040"><ele>174.15</ele><time>1980-01-07T14:12:43.027Z</time></trkpt><trkpt lat="47.60825410" lon="19.14648980"><ele>173.67</ele><time>1980-01-07T14:12:43.229Z</time></trkpt><trkpt lat="47.60825530" lon="19.14648910"><ele>173.22</ele><time>1980-01-07T14:12:43.429Z</time></trkpt><trkpt lat="47.60825640" lon="19.14648820"><ele>172.76</ele><time>1980-01-07T14:12:43.629Z</time></trkpt><trkpt lat="47.60825730" lon="19.14648710"><ele>172.32</ele><time>1980-01-07T14:12:43.829Z</time></trkpt><trkpt lat="47.60825790" lon="19.14648620"><ele>171.99</ele><time>1980-01-07T14:12:44.029Z</time></trkpt><trkpt lat="47.60825840" lon="19.14648510"><ele>171.61</ele><time>1980-01-07T14:12:44.229Z</time></trkpt><trkpt lat="47.60825880" lon="19.14648360"><ele>171.13</ele><time>1980-01-07T14:12:44.429Z</time></trkpt><trkpt lat="47.60825900" lon="19.14648200"><ele>170.68</ele><time>1980-01-07T14:12:44.629Z</time></trkpt><trkpt lat="47.60825910" lon="19.14648030"><ele>170.23</ele><time>1980-01-07T14:12:44.829Z</time></trkpt><trkpt lat="47.60825900" lon="19.14647840"><ele>169.75</ele><time>1980-01-07T14:12:45.029Z</time></trkpt><trkpt lat="47.60825880" lon="19.14647660"><ele>169.32</ele><time>1980-01-07T14:12:45.229Z</time></trkpt><trkpt lat="47.60825850" lon="19.14647420"><ele>168.78</ele><time>1980-01-07T14:12:45.429Z</time></trkpt><trkpt lat="47.60825810" lon="19.14647170"><ele>168.30</ele><time>1980-01-07T14:12:45.635Z</time></trkpt><trkpt lat="47.60825770" lon="19.14646920"><ele>167.89</ele><time>1980-01-07T14:12:45.836Z</time></trkpt><trkpt lat="47.60825720" lon="19.14646630"><ele>167.40</ele><time>1980-01-07T14:12:46.030Z</time></trkpt><trkpt lat="47.60825670" lon="19.14646300"><ele>166.91</ele><time>1980-01-07T14:12:46.231Z</time></trkpt><trkpt lat="47.60825630" lon="19.14645970"><ele>166.40</ele><time>1980-01-07T14:12:46.429Z</time></trkpt><trkpt lat="47.60825580" lon="19.14645610"><ele>165.91</ele><time>1980-01-07T14:12:46.631Z</time></trkpt><trkpt lat="47.60825540" lon="19.14645210"><ele>165.39</ele><time>1980-01-07T14:12:46.836Z</time></trkpt><trkpt lat="47.60825510" lon="19.14644800"><ele>164.87</ele><time>1980-01-07T14:12:47.033Z</time></trkpt><trkpt lat="47.60825490" lon="19.14644370"><ele>164.34</ele><time>1980-01-07T14:12:47.236Z</time></trkpt><trkpt lat="47.60825470" lon="19.14643950"><ele>163.79</ele><time>1980-01-07T14:12:47.436Z</time></trkpt><trkpt lat="47.60825450" lon="19.14643520"><ele>163.26</ele><time>1980-01-07T14:12:47.639Z</time></trkpt><trkpt lat="47.60825440" lon="19.14643100"><ele>162.71</ele><time>1980-01-07T14:12:47.836Z</time></trkpt><trkpt lat="47.60825440" lon="19.14642740"><ele>162.19</ele><time>1980-01-07T14:12:48.036Z</time></trkpt><trkpt lat="47.60825450" lon="19.14642330"><ele>161.60</ele><time>1980-01-07T14:12:48.236Z</time></trkpt><trkpt lat="47.60825460" lon="19.14641930"><ele>161.01</ele><time>1980-01-07T14:12:48.439Z</time></trkpt><trkpt lat="47.60825480" lon="19.14641530"><ele>160.44</ele><time>1980-01-07T14:12:48.639Z</time></trkpt><trkpt lat="47.60825520" lon="19.14641130"><ele>159.90</ele><time>1980-01-07T14:12:48.836Z</time></trkpt><trkpt lat="47.60825590" lon="19.14640710"><ele>159.32</ele><time>1980-01-07T14:12:49.039Z</time></trkpt><trkpt lat="47.60825630" lon="19.14640360"><ele>158.84</ele><time>1980-01-07T14:12:49.239Z</time></trkpt><trkpt lat="47.60825700" lon="19.14639900"><ele>158.24</ele><time>1980-01-07T14:12:49.439Z</time></trkpt><trkpt lat="47.60825780" lon="19.14639490"><ele>157.76</ele><time>1980-01-07T14:12:49.636Z</time></trkpt><trkpt lat="47.60825890" lon="19.14639180"><ele>157.53</ele><time>1980-01-07T14:12:49.839Z</time></trkpt><trkpt lat="47.60826030" lon="19.14638930"><ele>157.50</ele><time>1980-01-07T14:12:50.036Z</time></trkpt><trkpt lat="47.60826160" lon="19.14638720"><ele>157.46</ele><time>1980-01-07T14:12:50.239Z</time></trkpt><trkpt lat="47.60826270" lon="19.14638540"><ele>157.38</ele><time>1980-01-07T14:12:50.437Z</time></trkpt><trkpt lat="47.60826350" lon="19.14638390"><ele>157.29</ele><time>1980-01-07T14:12:50.639Z</time></trkpt><trkpt lat="47.60826420" lon="19.14638280"><ele>157.20</ele><time>1980-01-07T14:12:50.839Z</time></trkpt><trkpt lat="47.60826480" lon="19.14638180"><ele>157.11</ele><time>1980-01-07T14:12:51.039Z</time></trkpt><trkpt lat="47.60826530" lon="19.14638090"><ele>157.02</ele><time>1980-01-07T14:12:51.239Z</time></trkpt><trkpt lat="47.60826560" lon="19.14638050"><ele>156.97</ele><time>1980-01-07T14:12:51.445Z</time></trkpt><trkpt lat="47.60826590" lon="19.14638070"><ele>156.97</ele><time>1980-01-07T14:12:51.649Z</time></trkpt><trkpt lat="47.60826660" lon="19.14638190"><ele>157.00</ele><time>1980-01-07T14:12:51.848Z</time></trkpt><trkpt lat="47.60826810" lon="19.14638460"><ele>157.11</ele><time>1980-01-07T14:12:52.049Z</time></trkpt><trkpt lat="47.60827050" lon="19.14638910"><ele>157.25</ele><time>1980-01-07T14:12:52.249Z</time></trkpt><trkpt lat="47.60827410" lon="19.14639590"><ele>157.45</ele><time>1980-01-07T14:12:52.449Z</time></trkpt><trkpt lat="47.60827900" lon="19.14640510"><ele>157.66</ele><time>1980-01-07T14:12:52.649Z</time></trkpt><trkpt lat="47.60828490" lon="19.14641620"><ele>157.86</ele><time>1980-01-07T14:12:52.849Z</time></trkpt><trkpt lat="47.60829100" lon="19.14642740"><ele>158.04</ele><time>1980-01-07T14:12:53.049Z</time></trkpt><trkpt lat="47.60829910" lon="19.14644230"><ele>158.27</ele><time>1980-01-07T14:12:53.255Z</time></trkpt><trkpt lat="47.60830670" lon="19.14645630"><ele>158.47</ele><time>1980-01-07T14:12:53.449Z</time></trkpt><trkpt lat="47.60831400" lon="19.14646940"><ele>158.66</ele><time>1980-01-07T14:12:53.649Z</time></trkpt><trkpt lat="47.60832240" lon="19.14648440"><ele>158.86</ele><time>1980-01-07T14:12:53.849Z</time></trkpt><trkpt lat="47.60833080" lon="19.14649930"><ele>159.06</ele><time>1980-01-07T14:12:54.054Z</time></trkpt><trkpt lat="47.60833930" lon="19.14651480"><ele>159.29</ele><time>1980-01-07T14:12:54.249Z</time></trkpt><trkpt lat="47.60834770" lon="19.14653030"><ele>159.52</ele><time>1980-01-07T14:12:54.449Z</time></trkpt><trkpt lat="47.60835600" lon="19.14654640"><ele>159.74</ele><time>1980-01-07T14:12:54.649Z</time></trkpt><trkpt lat="47.60836440" lon="19.14656320"><ele>159.96</ele><time>1980-01-07T14:12:54.849Z</time></trkpt><trkpt lat="47.60837090" lon="19.14657630"><ele>160.14</ele><time>1980-01-07T14:12:55.049Z</time></trkpt><trkpt lat="47.60838040" lon="19.14659550"><ele>160.40</ele><time>1980-01-07T14:12:55.249Z</time></trkpt><trkpt lat="47.60838850" lon="19.14661240"><ele>160.63</ele><time>1980-01-07T14:12:55.450Z</time></trkpt><trkpt lat="47.60839590" lon="19.14662790"><ele>160.86</ele><time>1980-01-07T14:12:55.659Z</time></trkpt><trkpt lat="47.60840400" lon="19.14664510"><ele>161.10</ele><time>1980-01-07T14:12:55.859Z</time></trkpt><trkpt lat="47.60841190" lon="19.14666250"><ele>161.35</ele><time>1980-01-07T14:12:56.059Z</time></trkpt><trkpt lat="47.60842070" lon="19.14668180"><ele>161.62</ele><time>1980-01-07T14:12:56.259Z</time></trkpt><trkpt lat="47.60842840" lon="19.14669930"><ele>161.85</ele><time>1980-01-07T14:12:56.454Z</time></trkpt><trkpt lat="47.60843540" lon="19.14671530"><ele>162.06</ele><time>1980-01-07T14:12:56.651Z</time></trkpt><trkpt lat="47.60844320" lon="19.14673330"><ele>162.29</ele><time>1980-01-07T14:12:56.855Z</time></trkpt><trkpt lat="47.60845100" lon="19.14675120"><ele>162.52</ele><time>1980-01-07T14:12:57.055Z</time></trkpt><trkpt lat="47.60845920" lon="19.14677000"><ele>162.77</ele><time>1980-01-07T14:12:57.259Z</time></trkpt><trkpt lat="47.60846620" lon="19.14678620"><ele>162.99</ele><time>1980-01-07T14:12:57.455Z</time></trkpt><trkpt lat="47.60847500" lon="19.14680610"><ele>163.27</ele><time>1980-01-07T14:12:57.659Z</time></trkpt><trkpt lat="47.60848300" lon="19.14682410"><ele>163.51</ele><time>1980-01-07T14:12:57.850Z</time></trkpt><trkpt lat="47.60849030" lon="19.14684050"><ele>163.72</ele><time>1980-01-07T14:12:58.051Z</time></trkpt><trkpt lat="47.60849840" lon="19.14685850"><ele>163.96</ele><time>1980-01-07T14:12:58.252Z</time></trkpt><trkpt lat="47.60850650" lon="19.14687640"><ele>164.22</ele><time>1980-01-07T14:12:58.453Z</time></trkpt><trkpt lat="47.60851470" lon="19.14689440"><ele>164.50</ele><time>1980-01-07T14:12:58.654Z</time></trkpt><trkpt lat="47.60852360" lon="19.14691400"><ele>164.80</ele><time>1980-01-07T14:12:58.852Z</time></trkpt><trkpt lat="47.60853100" lon="19.14693050"><ele>165.06</ele><time>1980-01-07T14:12:59.053Z</time></trkpt><trkpt lat="47.60853830" lon="19.14694660"><ele>165.29</ele><time>1980-01-07T14:12:59.253Z</time></trkpt><trkpt lat="47.60854650" lon="19.14696440"><ele>165.55</ele><time>1980-01-07T14:12:59.453Z</time></trkpt><trkpt lat="47.60855440" lon="19.14698190"><ele>165.82</ele><time>1980-01-07T14:12:59.655Z</time></trkpt><trkpt lat="47.60856270" lon="19.14699980"><ele>166.12</ele><time>1980-01-07T14:12:59.857Z</time></trkpt><trkpt lat="47.60857180" lon="19.14701950"><ele>166.44</ele><time>1980-01-07T14:13:00.052Z</time></trkpt><trkpt lat="47.60857980" lon="19.14703680"><ele>166.72</ele><time>1980-01-07T14:13:00.251Z</time></trkpt><trkpt lat="47.60858880" lon="19.14705620"><ele>167.03</ele><time>1980-01-07T14:13:00.453Z</time></trkpt><trkpt lat="47.60859610" lon="19.14707210"><ele>167.28</ele><time>1980-01-07T14:13:00.652Z</time></trkpt><trkpt lat="47.60860440" lon="19.14708970"><ele>167.56</ele><time>1980-01-07T14:13:00.855Z</time></trkpt><trkpt lat="47.60861280" lon="19.14710740"><ele>167.83</ele><time>1980-01-07T14:13:01.058Z</time></trkpt><trkpt lat="47.60862140" lon="19.14712530"><ele>168.09</ele><time>1980-01-07T14:13:01.259Z</time></trkpt><trkpt lat="47.60862890" lon="19.14714060"><ele>168.32</ele><time>1980-01-07T14:13:01.459Z</time></trkpt><trkpt lat="47.60863790" lon="19.14715920"><ele>168.61</ele><time>1980-01-07T14:13:01.659Z</time></trkpt><trkpt lat="47.60864630" lon="19.14717630"><ele>168.89</ele><time>1980-01-07T14:13:01.859Z</time></trkpt><trkpt lat="47.60865480" lon="19.14719340"><ele>169.17</ele><time>1980-01-07T14:13:02.059Z</time></trkpt><trkpt lat="47.60866320" lon="19.14721050"><ele>169.43</ele><time>1980-01-07T14:13:02.259Z</time></trkpt><trkpt lat="47.60867160" lon="19.14722740"><ele>169.69</ele><time>1980-01-07T14:13:02.459Z</time></trkpt><trkpt lat="47.60868010" lon="19.14724430"><ele>169.95</ele><time>1980-01-07T14:13:02.669Z</time></trkpt><trkpt lat="47.60868840" lon="19.14726100"><ele>170.21</ele><time>1980-01-07T14:13:02.869Z</time></trkpt><trkpt lat="47.60869660" lon="19.14727750"><ele>170.46</ele><time>1980-01-07T14:13:03.069Z</time></trkpt><trkpt lat="47.60870520" lon="19.14729460"><ele>170.72</ele><time>1980-01-07T14:13:03.269Z</time></trkpt><trkpt lat="47.60871110" lon="19.14730620"><ele>170.90</ele><time>1980-01-07T14:13:03.469Z</time></trkpt><trkpt lat="47.60872100" lon="19.14732640"><ele>171.20</ele><time>1980-01-07T14:13:03.674Z</time></trkpt><trkpt lat="47.60872920" lon="19.14734310"><ele>171.47</ele><time>1980-01-07T14:13:03.869Z</time></trkpt><trkpt lat="47.60873820" lon="19.14736150"><ele>171.76</ele><time>1980-01-07T14:13:04.073Z</time></trkpt><trkpt lat="47.60874570" lon="19.14737660"><ele>172.00</ele><time>1980-01-07T14:13:04.275Z</time></trkpt><trkpt lat="47.60875380" lon="19.14739340"><ele>172.23</ele><time>1980-01-07T14:13:04.479Z</time></trkpt><trkpt lat="47.60876200" lon="19.14741000"><ele>172.50</ele><time>1980-01-07T14:13:04.674Z</time></trkpt><trkpt lat="47.60877010" lon="19.14742670"><ele>172.81</ele><time>1980-01-07T14:13:04.879Z</time></trkpt><trkpt lat="47.60877830" lon="19.14744370"><ele>173.21</ele><time>1980-01-07T14:13:05.074Z</time></trkpt><trkpt lat="47.60878580" lon="19.14745940"><ele>173.55</ele><time>1980-01-07T14:13:05.275Z</time></trkpt><trkpt lat="47.60879390" lon="19.14747640"><ele>173.87</ele><time>1980-01-07T14:13:05.476Z</time></trkpt><trkpt lat="47.60880280" lon="19.14749510"><ele>174.17</ele><time>1980-01-07T14:13:05.677Z</time></trkpt><trkpt lat="47.60881090" lon="19.14751190"><ele>174.41</ele><time>1980-01-07T14:13:05.876Z</time></trkpt><trkpt lat="47.60881900" lon="19.14752860"><ele>174.63</ele><time>1980-01-07T14:13:06.079Z</time></trkpt><trkpt lat="47.60882720" lon="19.14754520"><ele>174.85</ele><time>1980-01-07T14:13:06.279Z</time></trkpt><trkpt lat="47.60883490" lon="19.14756110"><ele>174.97</ele><time>1980-01-07T14:13:06.479Z</time></trkpt><trkpt lat="47.60884230" lon="19.14757630"><ele>174.99</ele><time>1980-01-07T14:13:06.684Z</time></trkpt><trkpt lat="47.60884920" lon="19.14759100"><ele>174.87</ele><time>1980-01-07T14:13:06.879Z</time></trkpt><trkpt lat="47.60885520" lon="19.14760410"><ele>174.64</ele><time>1980-01-07T14:13:07.081Z</time></trkpt><trkpt lat="47.60886080" lon="19.14761680"><ele>174.31</ele><time>1980-01-07T14:13:07.281Z</time></trkpt><trkpt lat="47.60886670" lon="19.14763030"><ele>173.85</ele><time>1980-01-07T14:13:07.482Z</time></trkpt><trkpt lat="47.60887230" lon="19.14764440"><ele>173.36</ele><time>1980-01-07T14:13:07.679Z</time></trkpt><trkpt lat="47.60887660" lon="19.14765660"><ele>172.90</ele><time>1980-01-07T14:13:07.884Z</time></trkpt><trkpt lat="47.60888040" lon="19.14766850"><ele>172.45</ele><time>1980-01-07T14:13:08.085Z</time></trkpt><trkpt lat="47.60888320" lon="19.14767900"><ele>172.01</ele><time>1980-01-07T14:13:08.286Z</time></trkpt><trkpt lat="47.60888540" lon="19.14768820"><ele>171.60</ele><time>1980-01-07T14:13:08.486Z</time></trkpt><trkpt lat="47.60888700" lon="19.14769670"><ele>171.16</ele><time>1980-01-07T14:13:08.687Z</time></trkpt><trkpt lat="47.60888860" lon="19.14770610"><ele>170.63</ele><time>1980-01-07T14:13:08.886Z</time></trkpt><trkpt lat="47.60888970" lon="19.14771440"><ele>170.09</ele><time>1980-01-07T14:13:09.087Z</time></trkpt><trkpt lat="47.60889050" lon="19.14772180"><ele>169.56</ele><time>1980-01-07T14:13:09.286Z</time></trkpt><trkpt lat="47.60889090" lon="19.14772880"><ele>169.05</ele><time>1980-01-07T14:13:09.486Z</time></trkpt><trkpt lat="47.60889110" lon="19.14773510"><ele>168.56</ele><time>1980-01-07T14:13:09.686Z</time></trkpt><trkpt lat="47.60889100" lon="19.14774090"><ele>168.05</ele><time>1980-01-07T14:13:09.886Z</time></trkpt><trkpt lat="47.60889080" lon="19.14774560"><ele>167.57</ele><time>1980-01-07T14:13:10.086Z</time></trkpt><trkpt lat="47.60889040" lon="19.14775090"><ele>166.97</ele><time>1980-01-07T14:13:10.286Z</time></trkpt><trkpt lat="47.60888980" lon="19.14775550"><ele>166.37</ele><time>1980-01-07T14:13:10.487Z</time></trkpt><trkpt lat="47.60888920" lon="19.14775930"><ele>165.82</ele><time>1980-01-07T14:13:10.688Z</time></trkpt><trkpt lat="47.60888850" lon="19.14776240"><ele>165.34</ele><time>1980-01-07T14:13:10.887Z</time></trkpt><trkpt lat="47.60888770" lon="19.14776550"><ele>164.83</ele><time>1980-01-07T14:13:11.087Z</time></trkpt><trkpt lat="47.60888690" lon="19.14776810"><ele>164.40</ele><time>1980-01-07T14:13:11.289Z</time></trkpt><trkpt lat="47.60888600" lon="19.14777100"><ele>163.86</ele><time>1980-01-07T14:13:11.489Z</time></trkpt><trkpt lat="47.60888510" lon="19.14777340"><ele>163.37</ele><time>1980-01-07T14:13:11.689Z</time></trkpt><trkpt lat="47.60888420" lon="19.14777560"><ele>162.86</ele><time>1980-01-07T14:13:11.889Z</time></trkpt><trkpt lat="47.60888350" lon="19.14777780"><ele>162.36</ele><time>1980-01-07T14:13:12.089Z</time></trkpt><trkpt lat="47.60888280" lon="19.14777960"><ele>161.91</ele><time>1980-01-07T14:13:12.289Z</time></trkpt><trkpt lat="47.60888230" lon="19.14778150"><ele>161.42</ele><time>1980-01-07T14:13:12.489Z</time></trkpt><trkpt lat="47.60888190" lon="19.14778340"><ele>160.91</ele><time>1980-01-07T14:13:12.689Z</time></trkpt><trkpt lat="47.60888140" lon="19.14778520"><ele>160.45</ele><time>1980-01-07T14:13:12.889Z</time></trkpt><trkpt lat="47.60888100" lon="19.14778740"><ele>159.89</ele><time>1980-01-07T14:13:13.089Z</time></trkpt><trkpt lat="47.60888050" lon="19.14778940"><ele>159.36</ele><time>1980-01-07T14:13:13.289Z</time></trkpt><trkpt lat="47.60888010" lon="19.14779150"><ele>158.81</ele><time>1980-01-07T14:13:13.497Z</time></trkpt><trkpt lat="47.60887980" lon="19.14779360"><ele>158.29</ele><time>1980-01-07T14:13:13.696Z</time></trkpt><trkpt lat="47.60887960" lon="19.14779570"><ele>157.79</ele><time>1980-01-07T14:13:13.896Z</time></trkpt><trkpt lat="47.60887950" lon="19.14779710"><ele>157.49</ele><time>1980-01-07T14:13:14.089Z</time></trkpt><trkpt lat="47.60887960" lon="19.14779890"><ele>157.20</ele><time>1980-01-07T14:13:14.296Z</time></trkpt><trkpt lat="47.60887990" lon="19.14779990"><ele>157.14</ele><time>1980-01-07T14:13:14.496Z</time></trkpt><trkpt lat="47.60888020" lon="19.14780030"><ele>157.15</ele><time>1980-01-07T14:13:14.696Z</time></trkpt><trkpt lat="47.60888040" lon="19.14780040"><ele>157.14</ele><time>1980-01-07T14:13:14.896Z</time></trkpt><trkpt lat="47.60888040" lon="19.14780030"><ele>157.11</ele><time>1980-01-07T14:13:15.090Z</time></trkpt><trkpt lat="47.60888040" lon="19.14780010"><ele>157.08</ele><time>1980-01-07T14:13:15.296Z</time></trkpt><trkpt lat="47.60888030" lon="19.14779980"><ele>157.05</ele><time>1980-01-07T14:13:15.491Z</time></trkpt><trkpt lat="47.60888020" lon="19.14779950"><ele>157.02</ele><time>1980-01-07T14:13:15.694Z</time></trkpt><trkpt lat="47.60888000" lon="19.14779920"><ele>156.99</ele><time>1980-01-07T14:13:15.894Z</time></trkpt><trkpt lat="47.60887990" lon="19.14779850"><ele>157.01</ele><time>1980-01-07T14:13:16.095Z</time></trkpt><trkpt lat="47.60887960" lon="19.14779750"><ele>157.07</ele><time>1980-01-07T14:13:16.295Z</time></trkpt><trkpt lat="47.60887870" lon="19.14779530"><ele>157.18</ele><time>1980-01-07T14:13:16.493Z</time></trkpt><trkpt lat="47.60887730" lon="19.14779200"><ele>157.32</ele><time>1980-01-07T14:13:16.697Z</time></trkpt><trkpt lat="47.60887430" lon="19.14778590"><ele>157.52</ele><time>1980-01-07T14:13:16.898Z</time></trkpt><trkpt lat="47.60887030" lon="19.14777810"><ele>157.76</ele><time>1980-01-07T14:13:17.099Z</time></trkpt><trkpt lat="47.60886510" lon="19.14776830"><ele>157.99</ele><time>1980-01-07T14:13:17.298Z</time></trkpt><trkpt lat="47.60885900" lon="19.14775680"><ele>158.22</ele><time>1980-01-07T14:13:17.499Z</time></trkpt><trkpt lat="47.60885210" lon="19.14774430"><ele>158.46</ele><time>1980-01-07T14:13:17.699Z</time></trkpt><trkpt lat="47.60884460" lon="19.14773090"><ele>158.67</ele><time>1980-01-07T14:13:17.899Z</time></trkpt><trkpt lat="47.60883670" lon="19.14771660"><ele>158.89</ele><time>1980-01-07T14:13:18.099Z</time></trkpt><trkpt lat="47.60882870" lon="19.14770180"><ele>159.10</ele><time>1980-01-07T14:13:18.299Z</time></trkpt><trkpt lat="47.60882120" lon="19.14768820"><ele>159.27</ele><time>1980-01-07T14:13:18.500Z</time></trkpt><trkpt lat="47.60881200" lon="19.14767070"><ele>159.46</ele><time>1980-01-07T14:13:18.709Z</time></trkpt><trkpt lat="47.60880340" lon="19.14765410"><ele>159.66</ele><time>1980-01-07T14:13:18.909Z</time></trkpt><trkpt lat="47.60879490" lon="19.14763720"><ele>159.87</ele><time>1980-01-07T14:13:19.109Z</time></trkpt><trkpt lat="47.60878630" lon="19.14761960"><ele>160.09</ele><time>1980-01-07T14:13:19.309Z</time></trkpt><trkpt lat="47.60877790" lon="19.14760180"><ele>160.32</ele><time>1980-01-07T14:13:19.519Z</time></trkpt><trkpt lat="47.60876940" lon="19.14758360"><ele>160.56</ele><time>1980-01-07T14:13:19.711Z</time></trkpt><trkpt lat="47.60876090" lon="19.14756530"><ele>160.81</ele><time>1980-01-07T14:13:19.911Z</time></trkpt><trkpt lat="47.60875410" lon="19.14755050"><ele>160.99</ele><time>1980-01-07T14:13:20.109Z</time></trkpt><trkpt lat="47.60874470" lon="19.14753000"><ele>161.27</ele><time>1980-01-07T14:13:20.309Z</time></trkpt><trkpt lat="47.60873630" lon="19.14751120"><ele>161.51</ele><time>1980-01-07T14:13:20.509Z</time></trkpt><trkpt lat="47.60872790" lon="19.14749230"><ele>161.73</ele><time>1980-01-07T14:13:20.709Z</time></trkpt><trkpt lat="47.60871960" lon="19.14747340"><ele>161.97</ele><time>1980-01-07T14:13:20.909Z</time></trkpt><trkpt lat="47.60871140" lon="19.14745420"><ele>162.20</ele><time>1980-01-07T14:13:21.109Z</time></trkpt><trkpt lat="47.60870320" lon="19.14743510"><ele>162.44</ele><time>1980-01-07T14:13:21.310Z</time></trkpt><trkpt lat="47.60869580" lon="19.14741820"><ele>162.66</ele><time>1980-01-07T14:13:21.511Z</time></trkpt><trkpt lat="47.60868700" lon="19.14739780"><ele>162.94</ele><time>1980-01-07T14:13:21.711Z</time></trkpt><trkpt lat="47.60867910" lon="19.14737960"><ele>163.21</ele><time>1980-01-07T14:13:21.911Z</time></trkpt><trkpt lat="47.60867110" lon="19.14736120"><ele>163.47</ele><time>1980-01-07T14:13:22.112Z</time></trkpt><trkpt lat="47.60866350" lon="19.14734390"><ele>163.70</ele><time>1980-01-07T14:13:22.311Z</time></trkpt><trkpt lat="47.60865540" lon="19.14732580"><ele>163.94</ele><time>1980-01-07T14:13:22.512Z</time></trkpt><trkpt lat="47.60864740" lon="19.14730800"><ele>164.17</ele><time>1980-01-07T14:13:22.712Z</time></trkpt><trkpt lat="47.60863920" lon="19.14729010"><ele>164.41</ele><time>1980-01-07T14:13:22.912Z</time></trkpt><trkpt lat="47.60863100" lon="19.14727220"><ele>164.67</ele><time>1980-01-07T14:13:23.119Z</time></trkpt><trkpt lat="47.60862260" lon="19.14725410"><ele>164.92</ele><time>1980-01-07T14:13:23.313Z</time></trkpt><trkpt lat="47.60861520" lon="19.14723810"><ele>165.14</ele><time>1980-01-07T14:13:23.512Z</time></trkpt><trkpt lat="47.60860610" lon="19.14721860"><ele>165.42</ele><time>1980-01-07T14:13:23.719Z</time></trkpt><trkpt lat="47.60859780" lon="19.14720080"><ele>165.66</ele><time>1980-01-07T14:13:23.912Z</time></trkpt><trkpt lat="47.60858950" lon="19.14718310"><ele>165.92</ele><time>1980-01-07T14:13:24.112Z</time></trkpt><trkpt lat="47.60858220" lon="19.14716790"><ele>166.15</ele><time>1980-01-07T14:13:24.315Z</time></trkpt><trkpt lat="47.60857380" lon="19.14715060"><ele>166.41</ele><time>1980-01-07T14:13:24.514Z</time></trkpt><trkpt lat="47.60856530" lon="19.14713310"><ele>166.66</ele><time>1980-01-07T14:13:24.718Z</time></trkpt><trkpt lat="47.60855710" lon="19.14711640"><ele>166.92</ele><time>1980-01-07T14:13:24.919Z</time></trkpt><trkpt lat="47.60854810" lon="19.14709810"><ele>167.20</ele><time>1980-01-07T14:13:25.119Z</time></trkpt><trkpt lat="47.60853910" lon="19.14707990"><ele>167.47</ele><time>1980-01-07T14:13:25.315Z</time></trkpt><trkpt lat="47.60853050" lon="19.14706270"><ele>167.74</ele><time>1980-01-07T14:13:25.519Z</time></trkpt><trkpt lat="47.60852190" lon="19.14704550"><ele>168.03</ele><time>1980-01-07T14:13:25.719Z</time></trkpt><trkpt lat="47.60851320" lon="19.14702800"><ele>168.30</ele><time>1980-01-07T14:13:25.923Z</time></trkpt><trkpt lat="47.60850440" lon="19.14701000"><ele>168.58</ele><time>1980-01-07T14:13:26.121Z</time></trkpt><trkpt lat="47.60849630" lon="19.14699390"><ele>168.84</ele><time>1980-01-07T14:13:26.328Z</time></trkpt><trkpt lat="47.60848700" lon="19.14697490"><ele>169.15</ele><time>1980-01-07T14:13:26.526Z</time></trkpt><trkpt lat="47.60847920" lon="19.14695910"><ele>169.39</ele><time>1980-01-07T14:13:26.719Z</time></trkpt><trkpt lat="47.60847030" lon="19.14694080"><ele>169.67</ele><time>1980-01-07T14:13:26.928Z</time></trkpt><trkpt lat="47.60846150" lon="19.14692310"><ele>169.96</ele><time>1980-01-07T14:13:27.123Z</time></trkpt><trkpt lat="47.60845290" lon="19.14690560"><ele>170.24</ele><time>1980-01-07T14:13:27.329Z</time></trkpt><trkpt lat="47.60844430" lon="19.14688800"><ele>170.51</ele><time>1980-01-07T14:13:27.524Z</time></trkpt><trkpt lat="47.60843550" lon="19.14687020"><ele>170.78</ele><time>1980-01-07T14:13:27.725Z</time></trkpt><trkpt lat="47.60842700" lon="19.14685260"><ele>171.05</ele><time>1980-01-07T14:13:27.929Z</time></trkpt><trkpt lat="47.60841840" lon="19.14683480"><ele>171.32</ele><time>1980-01-07T14:13:28.129Z</time></trkpt><trkpt lat="47.60840970" lon="19.14681690"><ele>171.58</ele><time>1980-01-07T14:13:28.327Z</time></trkpt><trkpt lat="47.60840100" lon="19.14679920"><ele>171.84</ele><time>1980-01-07T14:13:28.528Z</time></trkpt><trkpt lat="47.60839230" lon="19.14678150"><ele>172.11</ele><time>1980-01-07T14:13:28.729Z</time></trkpt><trkpt lat="47.60838360" lon="19.14676390"><ele>172.38</ele><time>1980-01-07T14:13:28.929Z</time></trkpt><trkpt lat="47.60837580" lon="19.14674820"><ele>172.67</ele><time>1980-01-07T14:13:29.129Z</time></trkpt><trkpt lat="47.60836740" lon="19.14673090"><ele>173.05</ele><time>1980-01-07T14:13:29.329Z</time></trkpt><trkpt lat="47.60836020" lon="19.14671550"><ele>173.34</ele><time>1980-01-07T14:13:29.529Z</time></trkpt><trkpt lat="47.60835210" lon="19.14669810"><ele>173.63</ele><time>1980-01-07T14:13:29.729Z</time></trkpt><trkpt lat="47.60834400" lon="19.14668070"><ele>173.88</ele><time>1980-01-07T14:13:29.929Z</time></trkpt><trkpt lat="47.60833450" lon="19.14666080"><ele>174.14</ele><time>1980-01-07T14:13:30.129Z</time></trkpt><trkpt lat="47.60832690" lon="19.14664510"><ele>174.36</ele><time>1980-01-07T14:13:30.328Z</time></trkpt><trkpt lat="47.60831880" lon="19.14662850"><ele>174.58</ele><time>1980-01-07T14:13:30.529Z</time></trkpt><trkpt lat="47.60831070" lon="19.14661190"><ele>174.74</ele><time>1980-01-07T14:13:30.729Z</time></trkpt><trkpt lat="47.60830320" lon="19.14659650"><ele>174.78</ele><time>1980-01-07T14:13:30.929Z</time></trkpt><trkpt lat="47.60829570" lon="19.14658160"><ele>174.67</ele><time>1980-01-07T14:13:31.129Z</time></trkpt><trkpt lat="47.60829060" lon="19.14657120"><ele>174.49</ele><time>1980-01-07T14:13:31.329Z</time></trkpt><trkpt lat="47.60828200" lon="19.14655450"><ele>174.14</ele><time>1980-01-07T14:13:31.537Z</time></trkpt><trkpt lat="47.60827540" lon="19.14654180"><ele>173.79</ele><time>1980-01-07T14:13:31.731Z</time></trkpt><trkpt lat="47.60826870" lon="19.14652940"><ele>173.36</ele><time>1980-01-07T14:13:31.931Z</time></trkpt><trkpt lat="47.60826360" lon="19.14651990"><ele>172.99</ele><time>1980-01-07T14:13:32.131Z</time></trkpt><trkpt lat="47.60825780" lon="19.14650910"><ele>172.52</ele><time>1980-01-07T14:13:32.332Z</time></trkpt><trkpt lat="47.60825240" lon="19.14649910"><ele>172.03</ele><time>1980-01-07T14:13:32.534Z</time></trkpt><trkpt lat="47.60824670" lon="19.14648870"><ele>171.48</ele><time>1980-01-07T14:13:32.733Z</time></trkpt><trkpt lat="47.60824200" lon="19.14648000"><ele>170.99</ele><time>1980-01-07T14:13:32.934Z</time></trkpt><trkpt lat="47.60823820" lon="19.14647290"><ele>170.57</ele><time>1980-01-07T14:13:33.134Z</time></trkpt><trkpt lat="47.60823440" lon="19.14646560"><ele>170.11</ele><time>1980-01-07T14:13:33.331Z</time></trkpt><trkpt lat="47.60823120" lon="19.14645960"><ele>169.67</ele><time>1980-01-07T14:13:33.532Z</time></trkpt><trkpt lat="47.60822770" lon="19.14645300"><ele>169.12</ele><time>1980-01-07T14:13:33.734Z</time></trkpt><trkpt lat="47.60822490" lon="19.14644740"><ele>168.62</ele><time>1980-01-07T14:13:33.933Z</time></trkpt><trkpt lat="47.60822240" lon="19.14644230"><ele>168.13</ele><time>1980-01-07T14:13:34.133Z</time></trkpt><trkpt lat="47.60822020" lon="19.14643760"><ele>167.65</ele><time>1980-01-07T14:13:34.336Z</time></trkpt><trkpt lat="47.60821820" lon="19.14643310"><ele>167.18</ele><time>1980-01-07T14:13:34.533Z</time></trkpt><trkpt lat="47.60821640" lon="19.14642880"><ele>166.71</ele><time>1980-01-07T14:13:34.733Z</time></trkpt><trkpt lat="47.60821480" lon="19.14642480"><ele>166.26</ele><time>1980-01-07T14:13:34.932Z</time></trkpt><trkpt lat="47.60821350" lon="19.14642080"><ele>165.81</ele><time>1980-01-07T14:13:35.133Z</time></trkpt><trkpt lat="47.60821230" lon="19.14641700"><ele>165.36</ele><time>1980-01-07T14:13:35.333Z</time></trkpt><trkpt lat="47.60821100" lon="19.14641340"><ele>164.87</ele><time>1980-01-07T14:13:35.534Z</time></trkpt><trkpt lat="47.60820970" lon="19.14641020"><ele>164.41</ele><time>1980-01-07T14:13:35.732Z</time></trkpt><trkpt lat="47.60820810" lon="19.14640680"><ele>163.91</ele><time>1980-01-07T14:13:35.934Z</time></trkpt><trkpt lat="47.60820640" lon="19.14640340"><ele>163.43</ele><time>1980-01-07T14:13:36.133Z</time></trkpt><trkpt lat="47.60820440" lon="19.14640020"><ele>162.93</ele><time>1980-01-07T14:13:36.334Z</time></trkpt><trkpt lat="47.60820230" lon="19.14639720"><ele>162.41</ele><time>1980-01-07T14:13:36.533Z</time></trkpt><trkpt lat="47.60819990" lon="19.14639410"><ele>161.89</ele><time>1980-01-07T14:13:36.734Z</time></trkpt><trkpt lat="47.60819740" lon="19.14639120"><ele>161.38</ele><time>1980-01-07T14:13:36.934Z</time></trkpt><trkpt lat="47.60819510" lon="19.14638850"><ele>160.89</ele><time>1980-01-07T14:13:37.136Z</time></trkpt><trkpt lat="47.60819240" lon="19.14638560"><ele>160.35</ele><time>1980-01-07T14:13:37.335Z</time></trkpt><trkpt lat="47.60818960" lon="19.14638260"><ele>159.83</ele><time>1980-01-07T14:13:37.535Z</time></trkpt><trkpt lat="47.60818660" lon="19.14637910"><ele>159.27</ele><time>1980-01-07T14:13:37.736Z</time></trkpt><trkpt lat="47.60818420" lon="19.14637640"><ele>158.82</ele><time>1980-01-07T14:13:37.939Z</time></trkpt><trkpt lat="47.60818140" lon="19.14637290"><ele>158.27</ele><time>1980-01-07T14:13:38.139Z</time></trkpt><trkpt lat="47.60817930" lon="19.14637010"><ele>157.82</ele><time>1980-01-07T14:13:38.337Z</time></trkpt><trkpt lat="47.60817700" lon="19.14636700"><ele>157.38</ele><time>1980-01-07T14:13:38.539Z</time></trkpt><trkpt lat="47.60817540" lon="19.14636430"><ele>157.11</ele><time>1980-01-07T14:13:38.739Z</time></trkpt><trkpt lat="47.60817470" lon="19.14636270"><ele>157.03</ele><time>1980-01-07T14:13:38.939Z</time></trkpt><trkpt lat="47.60817480" lon="19.14636190"><ele>157.03</ele><time>1980-01-07T14:13:39.139Z</time></trkpt><trkpt lat="47.60817520" lon="19.14636110"><ele>157.04</ele><time>1980-01-07T14:13:39.339Z</time></trkpt><trkpt lat="47.60817560" lon="19.14636020"><ele>157.03</ele><time>1980-01-07T14:13:39.549Z</time></trkpt><trkpt lat="47.60817580" lon="19.14635920"><ele>157.03</ele><time>1980-01-07T14:13:39.749Z</time></trkpt><trkpt lat="47.60817600" lon="19.14635810"><ele>157.02</ele><time>1980-01-07T14:13:39.949Z</time></trkpt><trkpt lat="47.60817610" lon="19.14635720"><ele>157.00</ele><time>1980-01-07T14:13:40.154Z</time></trkpt><trkpt lat="47.60817610" lon="19.14635630"><ele>156.99</ele><time>1980-01-07T14:13:40.359Z</time></trkpt><trkpt lat="47.60817620" lon="19.14635570"><ele>157.01</ele><time>1980-01-07T14:13:40.559Z</time></trkpt><trkpt lat="47.60817650" lon="19.14635560"><ele>157.07</ele><time>1980-01-07T14:13:40.759Z</time></trkpt><trkpt lat="47.60817720" lon="19.14635640"><ele>157.21</ele><time>1980-01-07T14:13:40.959Z</time></trkpt><trkpt lat="47.60817860" lon="19.14635870"><ele>157.45</ele><time>1980-01-07T14:13:41.159Z</time></trkpt><trkpt lat="47.60818080" lon="19.14636270"><ele>157.71</ele><time>1980-01-07T14:13:41.365Z</time></trkpt><trkpt lat="47.60818380" lon="19.14636820"><ele>158.00</ele><time>1980-01-07T14:13:41.565Z</time></trkpt><trkpt lat="47.60818760" lon="19.14637520"><ele>158.30</ele><time>1980-01-07T14:13:41.767Z</time></trkpt><trkpt lat="47.60819210" lon="19.14638340"><ele>158.59</ele><time>1980-01-07T14:13:41.969Z</time></trkpt><trkpt lat="47.60819600" lon="19.14639050"><ele>158.82</ele><time>1980-01-07T14:13:42.169Z</time></trkpt><trkpt lat="47.60820240" lon="19.14640200"><ele>159.17</ele><time>1980-01-07T14:13:42.369Z</time></trkpt><trkpt lat="47.60820810" lon="19.14641220"><ele>159.47</ele><time>1980-01-07T14:13:42.563Z</time></trkpt><trkpt lat="47.60821400" lon="19.14642300"><ele>159.78</ele><time>1980-01-07T14:13:42.764Z</time></trkpt><trkpt lat="47.60822020" lon="19.14643430"><ele>160.10</ele><time>1980-01-07T14:13:42.964Z</time></trkpt><trkpt lat="47.60822540" lon="19.14644390"><ele>160.35</ele><time>1980-01-07T14:13:43.165Z</time></trkpt><trkpt lat="47.60823190" lon="19.14645600"><ele>160.65</ele><time>1980-01-07T14:13:43.367Z</time></trkpt><trkpt lat="47.60823960" lon="19.14647120"><ele>161.04</ele><time>1980-01-07T14:13:43.569Z</time></trkpt><trkpt lat="47.60824470" lon="19.14648130"><ele>161.30</ele><time>1980-01-07T14:13:43.769Z</time></trkpt><trkpt lat="47.60825110" lon="19.14649430"><ele>161.64</ele><time>1980-01-07T14:13:43.969Z</time></trkpt><trkpt lat="47.60825820" lon="19.14650870"><ele>161.99</ele><time>1980-01-07T14:13:44.169Z</time></trkpt><trkpt lat="47.60826390" lon="19.14652060"><ele>162.30</ele><time>1980-01-07T14:13:44.369Z</time></trkpt><trkpt lat="47.60827020" lon="19.14653370"><ele>162.64</ele><time>1980-01-07T14:13:44.569Z</time></trkpt><trkpt lat="47.60827650" lon="19.14654670"><ele>162.98</ele><time>1980-01-07T14:13:44.769Z</time></trkpt><trkpt lat="47.60828210" lon="19.14655820"><ele>163.27</ele><time>1980-01-07T14:13:44.969Z</time></trkpt><trkpt lat="47.60828880" lon="19.14657230"><ele>163.63</ele><time>1980-01-07T14:13:45.179Z</time></trkpt><trkpt lat="47.60829500" lon="19.14658520"><ele>163.93</ele><time>1980-01-07T14:13:45.369Z</time></trkpt><trkpt lat="47.60830060" lon="19.14659740"><ele>164.22</ele><time>1980-01-07T14:13:45.569Z</time></trkpt><trkpt lat="47.60830610" lon="19.14660890"><ele>164.47</ele><time>1980-01-07T14:13:45.769Z</time></trkpt><trkpt lat="47.60831170" lon="19.14662030"><ele>164.73</ele><time>1980-01-07T14:13:45.973Z</time></trkpt><trkpt lat="47.60831680" lon="19.14663080"><ele>165.00</ele><time>1980-01-07T14:13:46.171Z</time></trkpt><trkpt lat="47.60832240" lon="19.14664280"><ele>165.32</ele><time>1980-01-07T14:13:46.372Z</time></trkpt><trkpt lat="47.60832730" lon="19.14665350"><ele>165.59</ele><time>1980-01-07T14:13:46.579Z</time></trkpt><trkpt lat="47.60833150" lon="19.14666320"><ele>165.86</ele><time>1980-01-07T14:13:46.771Z</time></trkpt><trkpt lat="47.60833610" lon="19.14667450"><ele>166.16</ele><time>1980-01-07T14:13:46.972Z</time></trkpt><trkpt lat="47.60834060" lon="19.14668560"><ele>166.45</ele><time>1980-01-07T14:13:47.176Z</time></trkpt><trkpt lat="47.60834500" lon="19.14669670"><ele>166.75</ele><time>1980-01-07T14:13:47.378Z</time></trkpt><trkpt lat="47.60834930" lon="19.14670760"><ele>167.02</ele><time>1980-01-07T14:13:47.579Z</time></trkpt><trkpt lat="47.60835290" lon="19.14671720"><ele>167.25</ele><time>1980-01-07T14:13:47.779Z</time></trkpt><trkpt lat="47.60835730" lon="19.14672910"><ele>167.57</ele><time>1980-01-07T14:13:47.979Z</time></trkpt><trkpt lat="47.60836130" lon="19.14673980"><ele>167.84</ele><time>1980-01-07T14:13:48.189Z</time></trkpt><trkpt lat="47.60836530" lon="19.14675040"><ele>168.11</ele><time>1980-01-07T14:13:48.389Z</time></trkpt><trkpt lat="47.60836950" lon="19.14676080"><ele>168.37</ele><time>1980-01-07T14:13:48.589Z</time></trkpt><trkpt lat="47.60837370" lon="19.14677110"><ele>168.62</ele><time>1980-01-07T14:13:48.789Z</time></trkpt><trkpt lat="47.60837790" lon="19.14678130"><ele>168.90</ele><time>1980-01-07T14:13:48.997Z</time></trkpt><trkpt lat="47.60838240" lon="19.14679160"><ele>169.21</ele><time>1980-01-07T14:13:49.191Z</time></trkpt><trkpt lat="47.60838700" lon="19.14680180"><ele>169.56</ele><time>1980-01-07T14:13:49.394Z</time></trkpt><trkpt lat="47.60839170" lon="19.14681240"><ele>169.90</ele><time>1980-01-07T14:13:49.594Z</time></trkpt><trkpt lat="47.60839640" lon="19.14682290"><ele>170.21</ele><time>1980-01-07T14:13:49.795Z</time></trkpt><trkpt lat="47.60840120" lon="19.14683370"><ele>170.55</ele><time>1980-01-07T14:13:49.996Z</time></trkpt><trkpt lat="47.60840560" lon="19.14684340"><ele>170.86</ele><time>1980-01-07T14:13:50.194Z</time></trkpt><trkpt lat="47.60841060" lon="19.14685440"><ele>171.21</ele><time>1980-01-07T14:13:50.397Z</time></trkpt><trkpt lat="47.60841510" lon="19.14686410"><ele>171.51</ele><time>1980-01-07T14:13:50.599Z</time></trkpt><trkpt lat="47.60842040" lon="19.14687520"><ele>171.86</ele><time>1980-01-07T14:13:50.799Z</time></trkpt><trkpt lat="47.60842630" lon="19.14688750"><ele>172.25</ele><time>1980-01-07T14:13:50.997Z</time></trkpt><trkpt lat="47.60843140" lon="19.14689780"><ele>172.60</ele><time>1980-01-07T14:13:51.197Z</time></trkpt><trkpt lat="47.60843670" lon="19.14690840"><ele>172.97</ele><time>1980-01-07T14:13:51.398Z</time></trkpt><trkpt lat="47.60844210" lon="19.14691890"><ele>173.31</ele><time>1980-01-07T14:13:51.599Z</time></trkpt><trkpt lat="47.60844730" lon="19.14692910"><ele>173.64</ele><time>1980-01-07T14:13:51.799Z</time></trkpt><trkpt lat="47.60845260" lon="19.14693950"><ele>174.01</ele><time>1980-01-07T14:13:51.997Z</time></trkpt><trkpt lat="47.60845790" lon="19.14694980"><ele>174.37</ele><time>1980-01-07T14:13:52.199Z</time></trkpt><trkpt lat="47.60846210" lon="19.14695800"><ele>174.65</ele><time>1980-01-07T14:13:52.399Z</time></trkpt><trkpt lat="47.60846820" lon="19.14696990"><ele>175.05</ele><time>1980-01-07T14:13:52.599Z</time></trkpt><trkpt lat="47.60847330" lon="19.14697980"><ele>175.37</ele><time>1980-01-07T14:13:52.799Z</time></trkpt><trkpt lat="47.60847840" lon="19.14698940"><ele>175.67</ele><time>1980-01-07T14:13:52.997Z</time></trkpt><trkpt lat="47.60848300" lon="19.14699810"><ele>175.90</ele><time>1980-01-07T14:13:53.195Z</time></trkpt><trkpt lat="47.60848720" lon="19.14700580"><ele>176.01</ele><time>1980-01-07T14:13:53.399Z</time></trkpt><trkpt lat="47.60849120" lon="19.14701310"><ele>176.04</ele><time>1980-01-07T14:13:53.598Z</time></trkpt><trkpt lat="47.60849440" lon="19.14701880"><ele>176.05</ele><time>1980-01-07T14:13:53.799Z</time></trkpt><trkpt lat="47.60849720" lon="19.14702350"><ele>176.03</ele><time>1980-01-07T14:13:53.997Z</time></trkpt><trkpt lat="47.60849900" lon="19.14702580"><ele>176.01</ele><time>1980-01-07T14:13:54.199Z</time></trkpt><trkpt lat="47.60850000" lon="19.14702710"><ele>176.03</ele><time>1980-01-07T14:13:54.399Z</time></trkpt><trkpt lat="47.60850060" lon="19.14702780"><ele>176.05</ele><time>1980-01-07T14:13:54.599Z</time></trkpt><trkpt lat="47.60850070" lon="19.14702780"><ele>176.08</ele><time>1980-01-07T14:13:54.799Z</time></trkpt><trkpt lat="47.60850060" lon="19.14702740"><ele>176.11</ele><time>1980-01-07T14:13:54.997Z</time></trkpt><trkpt lat="47.60850000" lon="19.14702680"><ele>176.16</ele><time>1980-01-07T14:13:55.199Z</time></trkpt><trkpt lat="47.60849920" lon="19.14702610"><ele>176.19</ele><time>1980-01-07T14:13:55.399Z</time></trkpt><trkpt lat="47.60849850" lon="19.14702520"><ele>176.14</ele><time>1980-01-07T14:13:55.595Z</time></trkpt><trkpt lat="47.60849790" lon="19.14702430"><ele>175.96</ele><time>1980-01-07T14:13:55.797Z</time></trkpt><trkpt lat="47.60849750" lon="19.14702330"><ele>175.66</ele><time>1980-01-07T14:13:55.994Z</time></trkpt><trkpt lat="47.60849750" lon="19.14702200"><ele>175.23</ele><time>1980-01-07T14:13:56.199Z</time></trkpt><trkpt lat="47.60849790" lon="19.14702050"><ele>174.73</ele><time>1980-01-07T14:13:56.399Z</time></trkpt><trkpt lat="47.60849870" lon="19.14701880"><ele>174.20</ele><time>1980-01-07T14:13:56.599Z</time></trkpt><trkpt lat="47.60850000" lon="19.14701670"><ele>173.69</ele><time>1980-01-07T14:13:56.799Z</time></trkpt><trkpt lat="47.60850190" lon="19.14701430"><ele>173.19</ele><time>1980-01-07T14:13:56.997Z</time></trkpt><trkpt lat="47.60850450" lon="19.14701190"><ele>172.74</ele><time>1980-01-07T14:13:57.199Z</time></trkpt><trkpt lat="47.60850820" lon="19.14700890"><ele>172.23</ele><time>1980-01-07T14:13:57.399Z</time></trkpt><trkpt lat="47.60851180" lon="19.14700590"><ele>171.77</ele><time>1980-01-07T14:13:57.599Z</time></trkpt><trkpt lat="47.60851550" lon="19.14700270"><ele>171.33</ele><time>1980-01-07T14:13:57.809Z</time></trkpt><trkpt lat="47.60851900" lon="19.14699980"><ele>170.92</ele><time>1980-01-07T14:13:58.009Z</time></trkpt><trkpt lat="47.60852310" lon="19.14699640"><ele>170.41</ele><time>1980-01-07T14:13:58.206Z</time></trkpt><trkpt lat="47.60852710" lon="19.14699310"><ele>169.91</ele><time>1980-01-07T14:13:58.409Z</time></trkpt><trkpt lat="47.60853140" lon="19.14699010"><ele>169.43</ele><time>1980-01-07T14:13:58.609Z</time></trkpt><trkpt lat="47.60853540" lon="19.14698730"><ele>168.98</ele><time>1980-01-07T14:13:58.800Z</time></trkpt><trkpt lat="47.60853970" lon="19.14698440"><ele>168.50</ele><time>1980-01-07T14:13:59.000Z</time></trkpt><trkpt lat="47.60854330" lon="19.14698210"><ele>168.12</ele><time>1980-01-07T14:13:59.204Z</time></trkpt><trkpt lat="47.60854820" lon="19.14697930"><ele>167.59</ele><time>1980-01-07T14:13:59.399Z</time></trkpt><trkpt lat="47.60855280" lon="19.14697720"><ele>167.11</ele><time>1980-01-07T14:13:59.602Z</time></trkpt><trkpt lat="47.60855770" lon="19.14697530"><ele>166.58</ele><time>1980-01-07T14:13:59.805Z</time></trkpt><trkpt lat="47.60856220" lon="19.14697400"><ele>166.10</ele><time>1980-01-07T14:14:00.009Z</time></trkpt><trkpt lat="47.60856670" lon="19.14697330"><ele>165.63</ele><time>1980-01-07T14:14:00.209Z</time></trkpt><trkpt lat="47.60857130" lon="19.14697280"><ele>165.14</ele><time>1980-01-07T14:14:00.409Z</time></trkpt><trkpt lat="47.60857620" lon="19.14697250"><ele>164.65</ele><time>1980-01-07T14:14:00.609Z</time></trkpt><trkpt lat="47.60858100" lon="19.14697250"><ele>164.16</ele><time>1980-01-07T14:14:00.809Z</time></trkpt><trkpt lat="47.60858520" lon="19.14697250"><ele>163.70</ele><time>1980-01-07T14:14:01.009Z</time></trkpt><trkpt lat="47.60858990" lon="19.14697270"><ele>163.22</ele><time>1980-01-07T14:14:01.219Z</time></trkpt><trkpt lat="47.60859440" lon="19.14697300"><ele>162.75</ele><time>1980-01-07T14:14:01.419Z</time></trkpt><trkpt lat="47.60859930" lon="19.14697330"><ele>162.22</ele><time>1980-01-07T14:14:01.619Z</time></trkpt><trkpt lat="47.60860370" lon="19.14697360"><ele>161.70</ele><time>1980-01-07T14:14:01.819Z</time></trkpt><trkpt lat="47.60860790" lon="19.14697380"><ele>161.20</ele><time>1980-01-07T14:14:02.029Z</time></trkpt><trkpt lat="47.60861200" lon="19.14697390"><ele>160.72</ele><time>1980-01-07T14:14:02.221Z</time></trkpt><trkpt lat="47.60861500" lon="19.14697380"><ele>160.33</ele><time>1980-01-07T14:14:02.420Z</time></trkpt><trkpt lat="47.60861910" lon="19.14697360"><ele>159.80</ele><time>1980-01-07T14:14:02.623Z</time></trkpt><trkpt lat="47.60862230" lon="19.14697340"><ele>159.34</ele><time>1980-01-07T14:14:02.827Z</time></trkpt><trkpt lat="47.60862580" lon="19.14697310"><ele>158.83</ele><time>1980-01-07T14:14:03.029Z</time></trkpt><trkpt lat="47.60862920" lon="19.14697300"><ele>158.31</ele><time>1980-01-07T14:14:03.229Z</time></trkpt><trkpt lat="47.60863260" lon="19.14697270"><ele>157.82</ele><time>1980-01-07T14:14:03.429Z</time></trkpt><trkpt lat="47.60863590" lon="19.14697240"><ele>157.44</ele><time>1980-01-07T14:14:03.629Z</time></trkpt><trkpt lat="47.60863830" lon="19.14697200"><ele>157.24</ele><time>1980-01-07T14:14:03.820Z</time></trkpt><trkpt lat="47.60864000" lon="19.14697150"><ele>157.16</ele><time>1980-01-07T14:14:04.023Z</time></trkpt><trkpt lat="47.60864150" lon="19.14697060"><ele>157.06</ele><time>1980-01-07T14:14:04.222Z</time></trkpt><trkpt lat="47.60864300" lon="19.14696880"><ele>156.85</ele><time>1980-01-07T14:14:04.426Z</time></trkpt><trkpt lat="47.60864400" lon="19.14696650"><ele>156.57</ele><time>1980-01-07T14:14:04.627Z</time></trkpt><trkpt lat="47.60864450" lon="19.14696470"><ele>156.26</ele><time>1980-01-07T14:14:04.828Z</time></trkpt><trkpt lat="47.60864460" lon="19.14696340"><ele>155.93</ele><time>1980-01-07T14:14:05.028Z</time></trkpt><trkpt lat="47.60864430" lon="19.14696260"><ele>155.58</ele><time>1980-01-07T14:14:05.229Z</time></trkpt><trkpt lat="47.60864380" lon="19.14696240"><ele>155.28</ele><time>1980-01-07T14:14:05.429Z</time></trkpt><trkpt lat="47.60864280" lon="19.14696280"><ele>154.92</ele><time>1980-01-07T14:14:05.629Z</time></trkpt><trkpt lat="47.60864160" lon="19.14696380"><ele>154.57</ele><time>1980-01-07T14:14:05.829Z</time></trkpt><trkpt lat="47.60864030" lon="19.14696560"><ele>154.21</ele><time>1980-01-07T14:14:06.039Z</time></trkpt><trkpt lat="47.60863920" lon="19.14696750"><ele>153.89</ele><time>1980-01-07T14:14:06.239Z</time></trkpt><trkpt lat="47.60863840" lon="19.14696950"><ele>153.60</ele><time>1980-01-07T14:14:06.439Z</time></trkpt><trkpt lat="47.60863780" lon="19.14697160"><ele>153.29</ele><time>1980-01-07T14:14:06.649Z</time></trkpt><trkpt lat="47.60863750" lon="19.14697350"><ele>152.99</ele><time>1980-01-07T14:14:06.849Z</time></trkpt><trkpt lat="47.60863720" lon="19.14697530"><ele>152.68</ele><time>1980-01-07T14:14:07.040Z</time></trkpt><trkpt lat="47.60863690" lon="19.14697670"><ele>152.42</ele><time>1980-01-07T14:14:07.243Z</time></trkpt><trkpt lat="47.60863670" lon="19.14697800"><ele>152.13</ele><time>1980-01-07T14:14:07.445Z</time></trkpt><trkpt lat="47.60863660" lon="19.14697900"><ele>151.82</ele><time>1980-01-07T14:14:07.649Z</time></trkpt><trkpt lat="47.60863630" lon="19.14697960"><ele>151.55</ele><time>1980-01-07T14:14:07.848Z</time></trkpt><trkpt lat="47.60863600" lon="19.14697980"><ele>151.25</ele><time>1980-01-07T14:14:08.049Z</time></trkpt><trkpt lat="47.60863560" lon="19.14697990"><ele>151.01</ele><time>1980-01-07T14:14:08.249Z</time></trkpt><trkpt lat="47.60863530" lon="19.14697980"><ele>150.75</ele><time>1980-01-07T14:14:08.449Z</time></trkpt><trkpt lat="47.60863490" lon="19.14697990"><ele>150.44</ele><time>1980-01-07T14:14:08.649Z</time></trkpt><trkpt lat="47.60863450" lon="19.14697990"><ele>150.17</ele><time>1980-01-07T14:14:08.849Z</time></trkpt><trkpt lat="47.60863410" lon="19.14697970"><ele>149.93</ele><time>1980-01-07T14:14:09.059Z</time></trkpt><trkpt lat="47.60863370" lon="19.14697930"><ele>149.68</ele><time>1980-01-07T14:14:09.262Z</time></trkpt><trkpt lat="47.60863330" lon="19.14697880"><ele>149.41</ele><time>1980-01-07T14:14:09.462Z</time></trkpt><trkpt lat="47.60863290" lon="19.14697830"><ele>149.14</ele><time>1980-01-07T14:14:09.662Z</time></trkpt><trkpt lat="47.60863250" lon="19.14697780"><ele>148.90</ele><time>1980-01-07T14:14:09.868Z</time></trkpt><trkpt lat="47.60863230" lon="19.14697740"><ele>148.67</ele><time>1980-01-07T14:14:10.069Z</time></trkpt><trkpt lat="47.60863210" lon="19.14697680"><ele>148.38</ele><time>1980-01-07T14:14:10.263Z</time></trkpt><trkpt lat="47.60863190" lon="19.14697630"><ele>148.14</ele><time>1980-01-07T14:14:10.460Z</time></trkpt><trkpt lat="47.60863170" lon="19.14697570"><ele>147.89</ele><time>1980-01-07T14:14:10.662Z</time></trkpt><trkpt lat="47.60863170" lon="19.14697510"><ele>147.65</ele><time>1980-01-07T14:14:10.863Z</time></trkpt><trkpt lat="47.60863160" lon="19.14697450"><ele>147.41</ele><time>1980-01-07T14:14:11.063Z</time></trkpt><trkpt lat="47.60863160" lon="19.14697400"><ele>147.23</ele><time>1980-01-07T14:14:11.260Z</time></trkpt><trkpt lat="47.60863160" lon="19.14697340"><ele>146.96</ele><time>1980-01-07T14:14:11.459Z</time></trkpt><trkpt lat="47.60863140" lon="19.14697280"><ele>146.68</ele><time>1980-01-07T14:14:11.662Z</time></trkpt><trkpt lat="47.60863140" lon="19.14697240"><ele>146.46</ele><time>1980-01-07T14:14:11.862Z</time></trkpt><trkpt lat="47.60863140" lon="19.14697210"><ele>146.20</ele><time>1980-01-07T14:14:12.062Z</time></trkpt><trkpt lat="47.60863140" lon="19.14697180"><ele>145.92</ele><time>1980-01-07T14:14:12.263Z</time></trkpt><trkpt lat="47.60863140" lon="19.14697140"><ele>145.62</ele><time>1980-01-07T14:14:12.463Z</time></trkpt><trkpt lat="47.60863150" lon="19.14697110"><ele>145.34</ele><time>1980-01-07T14:14:12.663Z</time></trkpt><trkpt lat="47.60863160" lon="19.14697090"><ele>145.11</ele><time>1980-01-07T14:14:12.863Z</time></trkpt><trkpt lat="47.60863180" lon="19.14697060"><ele>144.84</ele><time>1980-01-07T14:14:13.063Z</time></trkpt><trkpt lat="47.60863210" lon="19.14697050"><ele>144.57</ele><time>1980-01-07T14:14:13.263Z</time></trkpt><trkpt lat="47.60863240" lon="19.14697060"><ele>144.28</ele><time>1980-01-07T14:14:13.463Z</time></trkpt><trkpt lat="47.60863270" lon="19.14697060"><ele>144.05</ele><time>1980-01-07T14:14:13.669Z</time></trkpt><trkpt lat="47.60863300" lon="19.14697080"><ele>143.74</ele><time>1980-01-07T14:14:13.869Z</time></trkpt><trkpt lat="47.60863330" lon="19.14697090"><ele>143.51</ele><time>1980-01-07T14:14:14.069Z</time></trkpt><trkpt lat="47.60863370" lon="19.14697100"><ele>143.23</ele><time>1980-01-07T14:14:14.277Z</time></trkpt><trkpt lat="47.60863400" lon="19.14697110"><ele>142.99</ele><time>1980-01-07T14:14:14.478Z</time></trkpt><trkpt lat="47.60863440" lon="19.14697110"><ele>142.69</ele><time>1980-01-07T14:14:14.678Z</time></trkpt><trkpt lat="47.60863460" lon="19.14697110"><ele>142.44</ele><time>1980-01-07T14:14:14.879Z</time></trkpt><trkpt lat="47.60863470" lon="19.14697110"><ele>142.21</ele><time>1980-01-07T14:14:15.079Z</time></trkpt><trkpt lat="47.60863490" lon="19.14697110"><ele>141.94</ele><time>1980-01-07T14:14:15.279Z</time></trkpt><trkpt lat="47.60863490" lon="19.14697100"><ele>141.69</ele><time>1980-01-07T14:14:15.479Z</time></trkpt><trkpt lat="47.60863490" lon="19.14697100"><ele>141.42</ele><time>1980-01-07T14:14:15.679Z</time></trkpt><trkpt lat="47.60863490" lon="19.14697090"><ele>141.15</ele><time>1980-01-07T14:14:15.879Z</time></trkpt><trkpt lat="47.60863480" lon="19.14697090"><ele>140.89</ele><time>1980-01-07T14:14:16.079Z</time></trkpt><trkpt lat="47.60863480" lon="19.14697100"><ele>140.68</ele><time>1980-01-07T14:14:16.279Z</time></trkpt><trkpt lat="47.60863470" lon="19.14697110"><ele>140.47</ele><time>1980-01-07T14:14:16.479Z</time></trkpt><trkpt lat="47.60863460" lon="19.14697120"><ele>140.24</ele><time>1980-01-07T14:14:16.679Z</time></trkpt><trkpt lat="47.60863440" lon="19.14697130"><ele>140.00</ele><time>1980-01-07T14:14:16.879Z</time></trkpt><trkpt lat="47.60863420" lon="19.14697140"><ele>139.76</ele><time>1980-01-07T14:14:17.079Z</time></trkpt><trkpt lat="47.60863400" lon="19.14697140"><ele>139.54</ele><time>1980-01-07T14:14:17.279Z</time></trkpt><trkpt lat="47.60863390" lon="19.14697140"><ele>139.32</ele><time>1980-01-07T14:14:17.479Z</time></trkpt><trkpt lat="47.60863380" lon="19.14697130"><ele>139.12</ele><time>1980-01-07T14:14:17.679Z</time></trkpt><trkpt lat="47.60863350" lon="19.14697110"><ele>138.89</ele><time>1980-01-07T14:14:17.879Z</time></trkpt><trkpt lat="47.60863320" lon="19.14697090"><ele>138.69</ele><time>1980-01-07T14:14:18.079Z</time></trkpt><trkpt lat="47.60863300" lon="19.14697080"><ele>138.50</ele><time>1980-01-07T14:14:18.279Z</time></trkpt><trkpt lat="47.60863270" lon="19.14697070"><ele>138.26</ele><time>1980-01-07T14:14:18.479Z</time></trkpt><trkpt lat="47.60863270" lon="19.14697050"><ele>138.28</ele><time>1980-01-07T14:14:18.679Z</time></trkpt><trkpt lat="47.60863270" lon="19.14697030"><ele>138.23</ele><time>1980-01-07T14:14:18.879Z</time></trkpt><trkpt lat="47.60863270" lon="19.14697030"><ele>138.19</ele><time>1980-01-07T14:14:19.079Z</time></trkpt><trkpt lat="47.60863260" lon="19.14697050"><ele>138.17</ele><time>1980-01-07T14:14:19.279Z</time></trkpt><trkpt lat="47.60863260" lon="19.14697060"><ele>138.14</ele><time>1980-01-07T14:14:19.479Z</time></trkpt><trkpt lat="47.60863260" lon="19.14697080"><ele>138.09</ele><time>1980-01-07T14:14:19.679Z</time></trkpt><trkpt lat="47.60863260" lon="19.14697080"><ele>138.04</ele><time>1980-01-07T14:14:19.879Z</time></trkpt><trkpt lat="47.60863260" lon="19.14697090"><ele>137.99</ele><time>1980-01-07T14:14:20.085Z</time></trkpt><trkpt lat="47.60863260" lon="19.14697100"><ele>137.95</ele><time>1980-01-07T14:14:20.280Z</time></trkpt><trkpt lat="47.60863250" lon="19.14697110"><ele>137.91</ele><time>1980-01-07T14:14:20.482Z</time></trkpt><trkpt lat="47.60863250" lon="19.14697110"><ele>137.86</ele><time>1980-01-07T14:14:20.684Z</time></trkpt><trkpt lat="47.60863240" lon="19.14697110"><ele>137.82</ele><time>1980-01-07T14:14:20.884Z</time></trkpt><trkpt lat="47.60863230" lon="19.14697120"><ele>137.77</ele><time>1980-01-07T14:14:21.086Z</time></trkpt><trkpt lat="47.60863220" lon="19.14697130"><ele>137.74</ele><time>1980-01-07T14:14:21.289Z</time></trkpt><trkpt lat="47.60863220" lon="19.14697140"><ele>137.71</ele><time>1980-01-07T14:14:21.511Z</time></trkpt><trkpt lat="47.60863220" lon="19.14697140"><ele>137.71</ele><time>1980-01-07T14:14:21.719Z</time></trkpt><trkpt lat="47.60863220" lon="19.14697140"><ele>137.71</ele><time>1980-01-07T14:14:21.919Z</time></trkpt><trkpt lat="47.60863220" lon="19.14697140"><ele>137.71</ele><time>1980-01-07T14:14:22.119Z</time></trkpt><trkpt lat="47.60863220" lon="19.14697140"><ele>137.71</ele><time>1980-01-07T14:14:22.319Z</time></trkpt><trkpt lat="47.60863220" lon="19.14697140"><ele>137.71</ele><time>1980-01-07T14:14:22.519Z</time></trkpt><trkpt lat="47.60863220" lon="19.14697140"><ele>137.71</ele><time>1980-01-07T14:14:22.719Z</time></trkpt><trkpt lat="47.60863220" lon="19.14697140"><ele>137.71</ele><time>1980-01-07T14:14:22.919Z</time></trkpt><trkpt lat="47.60863220" lon="19.14697140"><ele>137.71</ele><time>1980-01-07T14:14:23.119Z</time></trkpt><trkpt lat="47.60863210" lon="19.14697150"><ele>137.69</ele><time>1980-01-07T14:14:23.319Z</time></trkpt><trkpt lat="47.60863210" lon="19.14697170"><ele>137.69</ele><time>1980-01-07T14:14:23.519Z</time></trkpt><trkpt lat="47.60863210" lon="19.14697200"><ele>137.71</ele><time>1980-01-07T14:14:23.712Z</time></trkpt><trkpt lat="47.60863210" lon="19.14697230"><ele>137.73</ele><time>1980-01-07T14:14:23.910Z</time></trkpt><trkpt lat="47.60863220" lon="19.14697270"><ele>137.76</ele><time>1980-01-07T14:14:24.110Z</time></trkpt><trkpt lat="47.60863220" lon="19.14697260"><ele>137.74</ele><time>1980-01-07T14:14:24.310Z</time></trkpt><trkpt lat="47.60863220" lon="19.14697230"><ele>137.69</ele><time>1980-01-07T14:14:24.511Z</time></trkpt><trkpt lat="47.60863200" lon="19.14697210"><ele>137.63</ele><time>1980-01-07T14:14:24.712Z</time></trkpt><trkpt lat="47.60863200" lon="19.14697190"><ele>137.58</ele><time>1980-01-07T14:14:24.916Z</time></trkpt><trkpt lat="47.60863190" lon="19.14697170"><ele>137.52</ele><time>1980-01-07T14:14:25.117Z</time></trkpt><trkpt lat="47.60863190" lon="19.14697140"><ele>137.47</ele><time>1980-01-07T14:14:25.317Z</time></trkpt><trkpt lat="47.60863180" lon="19.14697120"><ele>137.43</ele><time>1980-01-07T14:14:25.518Z</time></trkpt><trkpt lat="47.60863180" lon="19.14697100"><ele>137.38</ele><time>1980-01-07T14:14:25.718Z</time></trkpt><trkpt lat="47.60863170" lon="19.14697080"><ele>137.34</ele><time>1980-01-07T14:14:25.917Z</time></trkpt><trkpt lat="47.60863160" lon="19.14697060"><ele>137.31</ele><time>1980-01-07T14:14:26.117Z</time></trkpt><trkpt lat="47.60863150" lon="19.14697050"><ele>137.28</ele><time>1980-01-07T14:14:26.318Z</time></trkpt><trkpt lat="47.60863140" lon="19.14697030"><ele>137.24</ele><time>1980-01-07T14:14:26.517Z</time></trkpt><trkpt lat="47.60863140" lon="19.14697020"><ele>137.20</ele><time>1980-01-07T14:14:26.719Z</time></trkpt><trkpt lat="47.60863130" lon="19.14697010"><ele>137.17</ele><time>1980-01-07T14:14:26.919Z</time></trkpt><trkpt lat="47.60863120" lon="19.14696990"><ele>137.14</ele><time>1980-01-07T14:14:27.117Z</time></trkpt><trkpt lat="47.60863110" lon="19.14696980"><ele>137.12</ele><time>1980-01-07T14:14:27.319Z</time></trkpt><trkpt lat="47.60863110" lon="19.14696970"><ele>137.09</ele><time>1980-01-07T14:14:27.519Z</time></trkpt><trkpt lat="47.60863110" lon="19.14696960"><ele>137.07</ele><time>1980-01-07T14:14:27.719Z</time></trkpt><trkpt lat="47.60863100" lon="19.14696950"><ele>137.05</ele><time>1980-01-07T14:14:27.919Z</time></trkpt><trkpt lat="47.60863100" lon="19.14696940"><ele>137.03</ele><time>1980-01-07T14:14:28.119Z</time></trkpt><trkpt lat="47.60863090" lon="19.14696940"><ele>137.01</ele><time>1980-01-07T14:14:28.319Z</time></trkpt><trkpt lat="47.60863090" lon="19.14696940"><ele>136.99</ele><time>1980-01-07T14:14:28.518Z</time></trkpt><trkpt lat="47.60863090" lon="19.14696930"><ele>136.98</ele><time>1980-01-07T14:14:28.718Z</time></trkpt><trkpt lat="47.60863100" lon="19.14696930"><ele>136.96</ele><time>1980-01-07T14:14:28.918Z</time></trkpt><trkpt lat="47.60863100" lon="19.14696930"><ele>136.95</ele><time>1980-01-07T14:14:29.119Z</time></trkpt><trkpt lat="47.60863100" lon="19.14696930"><ele>136.94</ele><time>1980-01-07T14:14:29.319Z</time></trkpt><trkpt lat="47.60863100" lon="19.14696930"><ele>136.93</ele><time>1980-01-07T14:14:29.519Z</time></trkpt><trkpt lat="47.60863100" lon="19.14696930"><ele>136.92</ele><time>1980-01-07T14:14:29.719Z</time></trkpt><trkpt lat="47.60863100" lon="19.14696940"><ele>136.91</ele><time>1980-01-07T14:14:29.919Z</time></trkpt><trkpt lat="47.60863100" lon="19.14696940"><ele>136.90</ele><time>1980-01-07T14:14:30.121Z</time></trkpt><trkpt lat="47.60863100" lon="19.14696930"><ele>136.89</ele><time>1980-01-07T14:14:30.320Z</time></trkpt><trkpt lat="47.60863100" lon="19.14696930"><ele>136.88</ele><time>1980-01-07T14:14:30.521Z</time></trkpt><trkpt lat="47.60863100" lon="19.14696930"><ele>136.87</ele><time>1980-01-07T14:14:30.725Z</time></trkpt><trkpt lat="47.60863100" lon="19.14696930"><ele>136.86</ele><time>1980-01-07T14:14:30.923Z</time></trkpt><trkpt lat="47.60863100" lon="19.14696930"><ele>136.85</ele><time>1980-01-07T14:14:31.121Z</time></trkpt><trkpt lat="47.60863100" lon="19.14696920"><ele>136.84</ele><time>1980-01-07T14:14:31.323Z</time></trkpt><trkpt lat="47.60863090" lon="19.14696920"><ele>136.83</ele><time>1980-01-07T14:14:31.520Z</time></trkpt><trkpt lat="47.60863100" lon="19.14696930"><ele>136.82</ele><time>1980-01-07T14:14:31.720Z</time></trkpt><trkpt lat="47.60863100" lon="19.14696930"><ele>136.82</ele><time>1980-01-07T14:14:31.920Z</time></trkpt><trkpt lat="47.60863100" lon="19.14696930"><ele>136.81</ele><time>1980-01-07T14:14:32.120Z</time></trkpt><trkpt lat="47.60863100" lon="19.14696920"><ele>136.80</ele><time>1980-01-07T14:14:32.321Z</time></trkpt><trkpt lat="47.60863090" lon="19.14696920"><ele>136.80</ele><time>1980-01-07T14:14:32.529Z</time></trkpt><trkpt lat="47.60863090" lon="19.14696920"><ele>136.80</ele><time>1980-01-07T14:14:32.730Z</time></trkpt><trkpt lat="47.60863090" lon="19.14696920"><ele>136.79</ele><time>1980-01-07T14:14:32.929Z</time></trkpt><trkpt lat="47.60863090" lon="19.14696910"><ele>136.79</ele><time>1980-01-07T14:14:33.130Z</time></trkpt><trkpt lat="47.60863090" lon="19.14696920"><ele>136.79</ele><time>1980-01-07T14:14:33.330Z</time></trkpt><trkpt lat="47.60863090" lon="19.14696920"><ele>136.79</ele><time>1980-01-07T14:14:33.531Z</time></trkpt><trkpt lat="47.60863090" lon="19.14696920"><ele>136.79</ele><time>1980-01-07T14:14:33.730Z</time></trkpt><trkpt lat="47.60863090" lon="19.14696920"><ele>136.78</ele><time>1980-01-07T14:14:33.931Z</time></trkpt><trkpt lat="47.60863090" lon="19.14696930"><ele>136.78</ele><time>1980-01-07T14:14:34.129Z</time></trkpt><trkpt lat="47.60863090" lon="19.14696930"><ele>136.78</ele><time>1980-01-07T14:14:34.329Z</time></trkpt><trkpt lat="47.60863090" lon="19.14696940"><ele>136.78</ele><time>1980-01-07T14:14:34.529Z</time></trkpt><trkpt lat="47.60863100" lon="19.14696940"><ele>136.78</ele><time>1980-01-07T14:14:34.729Z</time></trkpt><trkpt lat="47.60863100" lon="19.14696950"><ele>136.78</ele><time>1980-01-07T14:14:34.929Z</time></trkpt><trkpt lat="47.60863100" lon="19.14696950"><ele>136.78</ele><time>1980-01-07T14:14:35.129Z</time></trkpt><trkpt lat="47.60863100" lon="19.14696950"><ele>136.78</ele><time>1980-01-07T14:14:35.330Z</time></trkpt><trkpt lat="47.60863100" lon="19.14696950"><ele>136.77</ele><time>1980-01-07T14:14:35.530Z</time></trkpt><trkpt lat="47.60863110" lon="19.14696960"><ele>136.77</ele><time>1980-01-07T14:14:35.730Z</time></trkpt><trkpt lat="47.60863110" lon="19.14696960"><ele>136.77</ele><time>1980-01-07T14:14:35.931Z</time></trkpt><trkpt lat="47.60863100" lon="19.14696960"><ele>136.77</ele><time>1980-01-07T14:14:36.131Z</time></trkpt><trkpt lat="47.60863100" lon="19.14696950"><ele>136.77</ele><time>1980-01-07T14:14:36.332Z</time></trkpt><trkpt lat="47.60863110" lon="19.14696950"><ele>136.77</ele><time>1980-01-07T14:14:36.532Z</time></trkpt><trkpt lat="47.60863110" lon="19.14696950"><ele>136.77</ele><time>1980-01-07T14:14:36.732Z</time></trkpt><trkpt lat="47.60863120" lon="19.14696950"><ele>136.77</ele><time>1980-01-07T14:14:36.932Z</time></trkpt><trkpt lat="47.60863120" lon="19.14696950"><ele>136.77</ele><time>1980-01-07T14:14:37.132Z</time></trkpt><trkpt lat="47.60863120" lon="19.14696950"><ele>136.77</ele><time>1980-01-07T14:14:37.332Z</time></trkpt><trkpt lat="47.60863130" lon="19.14696950"><ele>136.77</ele><time>1980-01-07T14:14:37.532Z</time></trkpt><trkpt lat="47.60863130" lon="19.14696960"><ele>136.77</ele><time>1980-01-07T14:14:37.732Z</time></trkpt><trkpt lat="47.60863130" lon="19.14696960"><ele>136.78</ele><time>1980-01-07T14:14:37.932Z</time></trkpt><trkpt lat="47.60863130" lon="19.14696960"><ele>136.78</ele><time>1980-01-07T14:14:38.132Z</time></trkpt><trkpt lat="47.60863130" lon="19.14696960"><ele>136.78</ele><time>1980-01-07T14:14:38.332Z</time></trkpt><trkpt lat="47.60863140" lon="19.14696960"><ele>136.78</ele><time>1980-01-07T14:14:38.532Z</time></trkpt><trkpt lat="47.60863140" lon="19.14696960"><ele>136.78</ele><time>1980-01-07T14:14:38.732Z</time></trkpt><trkpt lat="47.60863140" lon="19.14696960"><ele>136.78</ele><time>1980-01-07T14:14:38.932Z</time></trkpt><trkpt lat="47.60863140" lon="19.14696970"><ele>136.78</ele><time>1980-01-07T14:14:39.132Z</time></trkpt><trkpt lat="47.60863140" lon="19.14696970"><ele>136.78</ele><time>1980-01-07T14:14:39.332Z</time></trkpt><trkpt lat="47.60863150" lon="19.14696970"><ele>136.78</ele><time>1980-01-07T14:14:39.532Z</time></trkpt><trkpt lat="47.60863150" lon="19.14696970"><ele>136.78</ele><time>1980-01-07T14:14:39.732Z</time></trkpt><trkpt lat="47.60863150" lon="19.14696970"><ele>136.78</ele><time>1980-01-07T14:14:39.932Z</time></trkpt><trkpt lat="47.60863150" lon="19.14696970"><ele>136.79</ele><time>1980-01-07T14:14:40.132Z</time></trkpt><trkpt lat="47.60863150" lon="19.14696970"><ele>136.79</ele><time>1980-01-07T14:14:40.332Z</time></trkpt><trkpt lat="47.60863150" lon="19.14696970"><ele>136.79</ele><time>1980-01-07T14:14:40.532Z</time></trkpt><trkpt lat="47.60863150" lon="19.14696980"><ele>136.79</ele><time>1980-01-07T14:14:40.732Z</time></trkpt><trkpt lat="47.60863150" lon="19.14696970"><ele>136.79</ele><time>1980-01-07T14:14:40.932Z</time></trkpt><trkpt lat="47.60863150" lon="19.14696970"><ele>136.79</ele><time>1980-01-07T14:14:41.132Z</time></trkpt><trkpt lat="47.60863150" lon="19.14696970"><ele>136.79</ele><time>1980-01-07T14:14:41.332Z</time></trkpt><trkpt lat="47.60863140" lon="19.14696970"><ele>136.78</ele><time>1980-01-07T14:14:41.532Z</time></trkpt><trkpt lat="47.60863140" lon="19.14696970"><ele>136.78</ele><time>1980-01-07T14:14:41.732Z</time></trkpt><trkpt lat="47.60863140" lon="19.14696970"><ele>136.78</ele><time>1980-01-07T14:14:41.932Z</time></trkpt><trkpt lat="47.60863140" lon="19.14696970"><ele>136.78</ele><time>1980-01-07T14:14:42.132Z</time></trkpt><trkpt lat="47.60863140" lon="19.14696970"><ele>136.78</ele><time>1980-01-07T14:14:42.342Z</time></trkpt><trkpt lat="47.60863130" lon="19.14696970"><ele>136.78</ele><time>1980-01-07T14:14:42.542Z</time></trkpt><trkpt lat="47.60863130" lon="19.14696970"><ele>136.79</ele><time>1980-01-07T14:14:42.742Z</time></trkpt><trkpt lat="47.60863120" lon="19.14696970"><ele>136.79</ele><time>1980-01-07T14:14:42.953Z</time></trkpt><trkpt lat="47.60863120" lon="19.14696970"><ele>136.79</ele><time>1980-01-07T14:14:43.148Z</time></trkpt><trkpt lat="47.60863110" lon="19.14696960"><ele>136.79</ele><time>1980-01-07T14:14:43.352Z</time></trkpt><trkpt lat="47.60863110" lon="19.14696960"><ele>136.79</ele><time>1980-01-07T14:14:43.552Z</time></trkpt><trkpt lat="47.60863110" lon="19.14696960"><ele>136.79</ele><time>1980-01-07T14:14:43.752Z</time></trkpt><trkpt lat="47.60863110" lon="19.14696960"><ele>136.79</ele><time>1980-01-07T14:14:43.952Z</time></trkpt><trkpt lat="47.60863100" lon="19.14696960"><ele>136.79</ele><time>1980-01-07T14:14:44.152Z</time></trkpt><trkpt lat="47.60863100" lon="19.14696960"><ele>136.79</ele><time>1980-01-07T14:14:44.352Z</time></trkpt><trkpt lat="47.60863100" lon="19.14696960"><ele>136.79</ele><time>1980-01-07T14:14:44.552Z</time></trkpt><trkpt lat="47.60863090" lon="19.14696960"><ele>136.79</ele><time>1980-01-07T14:14:44.752Z</time></trkpt><trkpt lat="47.60863090" lon="19.14696960"><ele>136.79</ele><time>1980-01-07T14:14:44.952Z</time></trkpt><trkpt lat="47.60863090" lon="19.14696960"><ele>136.79</ele><time>1980-01-07T14:14:45.158Z</time></trkpt><trkpt lat="47.60863090" lon="19.14696960"><ele>136.79</ele><time>1980-01-07T14:14:45.357Z</time></trkpt><trkpt lat="47.60863090" lon="19.14696960"><ele>136.79</ele><time>1980-01-07T14:14:45.557Z</time></trkpt><trkpt lat="47.60863090" lon="19.14696960"><ele>136.79</ele><time>1980-01-07T14:14:45.757Z</time></trkpt><trkpt lat="47.60863090" lon="19.14696950"><ele>136.79</ele><time>1980-01-07T14:14:45.957Z</time></trkpt><trkpt lat="47.60863100" lon="19.14696950"><ele>136.78</ele><time>1980-01-07T14:14:46.157Z</time></trkpt><trkpt lat="47.60863100" lon="19.14696950"><ele>136.78</ele><time>1980-01-07T14:14:46.357Z</time></trkpt><trkpt lat="47.60863100" lon="19.14696950"><ele>136.78</ele><time>1980-01-07T14:14:46.557Z</time></trkpt><trkpt lat="47.60863100" lon="19.14696950"><ele>136.78</ele><time>1980-01-07T14:14:46.758Z</time></trkpt><trkpt lat="47.60863100" lon="19.14696950"><ele>136.77</ele><time>1980-01-07T14:14:46.958Z</time></trkpt><trkpt lat="47.60863110" lon="19.14696950"><ele>136.77</ele><time>1980-01-07T14:14:47.158Z</time></trkpt><trkpt lat="47.60863110" lon="19.14696950"><ele>136.77</ele><time>1980-01-07T14:14:47.358Z</time></trkpt><trkpt lat="47.60863110" lon="19.14696960"><ele>136.77</ele><time>1980-01-07T14:14:47.558Z</time></trkpt><trkpt lat="47.60863120" lon="19.14696960"><ele>136.77</ele><time>1980-01-07T14:14:47.762Z</time></trkpt><trkpt lat="47.60863120" lon="19.14696960"><ele>136.77</ele><time>1980-01-07T14:14:47.962Z</time></trkpt><trkpt lat="47.60863120" lon="19.14696960"><ele>136.76</ele><time>1980-01-07T14:14:48.168Z</time></trkpt><trkpt lat="47.60863120" lon="19.14696960"><ele>136.76</ele><time>1980-01-07T14:14:48.367Z</time></trkpt><trkpt lat="47.60863130" lon="19.14696960"><ele>136.76</ele><time>1980-01-07T14:14:48.568Z</time></trkpt><trkpt lat="47.60863130" lon="19.14696960"><ele>136.75</ele><time>1980-01-07T14:14:48.768Z</time></trkpt><trkpt lat="47.60863130" lon="19.14696960"><ele>136.75</ele><time>1980-01-07T14:14:48.969Z</time></trkpt><trkpt lat="47.60863130" lon="19.14696960"><ele>136.75</ele><time>1980-01-07T14:14:49.170Z</time></trkpt><trkpt lat="47.60863130" lon="19.14696960"><ele>136.75</ele><time>1980-01-07T14:14:49.370Z</time></trkpt><trkpt lat="47.60863140" lon="19.14696960"><ele>136.76</ele><time>1980-01-07T14:14:49.572Z</time></trkpt><trkpt lat="47.60863140" lon="19.14696960"><ele>136.76</ele><time>1980-01-07T14:14:49.772Z</time></trkpt><trkpt lat="47.60863140" lon="19.14696960"><ele>136.76</ele><time>1980-01-07T14:14:49.973Z</time></trkpt><trkpt lat="47.60863140" lon="19.14696970"><ele>136.76</ele><time>1980-01-07T14:14:50.172Z</time></trkpt><trkpt lat="47.60863140" lon="19.14696970"><ele>136.76</ele><time>1980-01-07T14:14:50.372Z</time></trkpt><trkpt lat="47.60863150" lon="19.14696980"><ele>136.76</ele><time>1980-01-07T14:14:50.572Z</time></trkpt><trkpt lat="47.60863150" lon="19.14696980"><ele>136.76</ele><time>1980-01-07T14:14:50.772Z</time></trkpt><trkpt lat="47.60863150" lon="19.14696980"><ele>136.77</ele><time>1980-01-07T14:14:50.972Z</time></trkpt><trkpt lat="47.60863150" lon="19.14696990"><ele>136.77</ele><time>1980-01-07T14:14:51.172Z</time></trkpt><trkpt lat="47.60863150" lon="19.14696990"><ele>136.77</ele><time>1980-01-07T14:14:51.372Z</time></trkpt><trkpt lat="47.60863160" lon="19.14696980"><ele>136.77</ele><time>1980-01-07T14:14:51.572Z</time></trkpt><trkpt lat="47.60863160" lon="19.14696980"><ele>136.77</ele><time>1980-01-07T14:14:51.772Z</time></trkpt><trkpt lat="47.60863170" lon="19.14696980"><ele>136.77</ele><time>1980-01-07T14:14:51.972Z</time></trkpt><trkpt lat="47.60863170" lon="19.14696980"><ele>136.78</ele><time>1980-01-07T14:14:52.172Z</time></trkpt><trkpt lat="47.60863170" lon="19.14696970"><ele>136.78</ele><time>1980-01-07T14:14:52.372Z</time></trkpt><trkpt lat="47.60863170" lon="19.14696980"><ele>136.78</ele><time>1980-01-07T14:14:52.572Z</time></trkpt><trkpt lat="47.60863170" lon="19.14696980"><ele>136.77</ele><time>1980-01-07T14:14:52.772Z</time></trkpt><trkpt lat="47.60863170" lon="19.14696980"><ele>136.77</ele><time>1980-01-07T14:14:52.972Z</time></trkpt><trkpt lat="47.60863170" lon="19.14696980"><ele>136.77</ele><time>1980-01-07T14:14:53.172Z</time></trkpt><trkpt lat="47.60863180" lon="19.14696980"><ele>136.77</ele><time>1980-01-07T14:14:53.372Z</time></trkpt><trkpt lat="47.60863180" lon="19.14696980"><ele>136.77</ele><time>1980-01-07T14:14:53.572Z</time></trkpt><trkpt lat="47.60863180" lon="19.14696980"><ele>136.77</ele><time>1980-01-07T14:14:53.772Z</time></trkpt><trkpt lat="47.60863180" lon="19.14696990"><ele>136.77</ele><time>1980-01-07T14:14:53.972Z</time></trkpt><trkpt lat="47.60863180" lon="19.14696990"><ele>136.77</ele><time>1980-01-07T14:14:54.173Z</time></trkpt><trkpt lat="47.60863180" lon="19.14697000"><ele>136.77</ele><time>1980-01-07T14:14:54.374Z</time></trkpt><trkpt lat="47.60863190" lon="19.14697000"><ele>136.77</ele><time>1980-01-07T14:14:54.575Z</time></trkpt><trkpt lat="47.60863190" lon="19.14697000"><ele>136.77</ele><time>1980-01-07T14:14:54.776Z</time></trkpt><trkpt lat="47.60863190" lon="19.14697000"><ele>136.77</ele><time>1980-01-07T14:14:54.976Z</time></trkpt><trkpt lat="47.60863190" lon="19.14697000"><ele>136.77</ele><time>1980-01-07T14:14:55.178Z</time></trkpt><trkpt lat="47.60863180" lon="19.14697000"><ele>136.77</ele><time>1980-01-07T14:14:55.378Z</time></trkpt><trkpt lat="47.60863180" lon="19.14697010"><ele>136.77</ele><time>1980-01-07T14:14:55.577Z</time></trkpt><trkpt lat="47.60863180" lon="19.14697010"><ele>136.77</ele><time>1980-01-07T14:14:55.778Z</time></trkpt><trkpt lat="47.60863190" lon="19.14697020"><ele>136.77</ele><time>1980-01-07T14:14:55.980Z</time></trkpt><trkpt lat="47.60863180" lon="19.14697020"><ele>136.77</ele><time>1980-01-07T14:14:56.182Z</time></trkpt><trkpt lat="47.60863180" lon="19.14697030"><ele>136.76</ele><time>1980-01-07T14:14:56.382Z</time></trkpt><trkpt lat="47.60863180" lon="19.14697030"><ele>136.76</ele><time>1980-01-07T14:14:56.582Z</time></trkpt><trkpt lat="47.60863180" lon="19.14697040"><ele>136.76</ele><time>1980-01-07T14:14:56.782Z</time></trkpt><trkpt lat="47.60863180" lon="19.14697040"><ele>136.76</ele><time>1980-01-07T14:14:56.982Z</time></trkpt><trkpt lat="47.60863180" lon="19.14697040"><ele>136.76</ele><time>1980-01-07T14:14:57.182Z</time></trkpt><trkpt lat="47.60863180" lon="19.14697050"><ele>136.76</ele><time>1980-01-07T14:14:57.382Z</time></trkpt><trkpt lat="47.60863180" lon="19.14697040"><ele>136.76</ele><time>1980-01-07T14:14:57.582Z</time></trkpt><trkpt lat="47.60863180" lon="19.14697040"><ele>136.76</ele><time>1980-01-07T14:14:57.782Z</time></trkpt><trkpt lat="47.60863180" lon="19.14697030"><ele>136.77</ele><time>1980-01-07T14:14:57.982Z</time></trkpt><trkpt lat="47.60863180" lon="19.14697020"><ele>136.77</ele><time>1980-01-07T14:14:58.182Z</time></trkpt><trkpt lat="47.60863180" lon="19.14697020"><ele>136.76</ele><time>1980-01-07T14:14:58.382Z</time></trkpt><trkpt lat="47.60863180" lon="19.14697020"><ele>136.76</ele><time>1980-01-07T14:14:58.582Z</time></trkpt><trkpt lat="47.60863180" lon="19.14697020"><ele>136.77</ele><time>1980-01-07T14:14:58.782Z</time></trkpt><trkpt lat="47.60863180" lon="19.14697020"><ele>136.77</ele><time>1980-01-07T14:14:58.992Z</time></trkpt><trkpt lat="47.60863180" lon="19.14697020"><ele>136.77</ele><time>1980-01-07T14:14:59.192Z</time></trkpt><trkpt lat="47.60863180" lon="19.14697010"><ele>136.77</ele><time>1980-01-07T14:14:59.392Z</time></trkpt><trkpt lat="47.60863180" lon="19.14697010"><ele>136.77</ele><time>1980-01-07T14:14:59.602Z</time></trkpt><trkpt lat="47.60863180" lon="19.14697010"><ele>136.76</ele><time>1980-01-07T14:14:59.802Z</time></trkpt><trkpt lat="47.60863180" lon="19.14697000"><ele>136.76</ele><time>1980-01-07T14:14:59.999Z</time></trkpt><trkpt lat="47.60863180" lon="19.14697000"><ele>136.76</ele><time>1980-01-07T14:15:00.202Z</time></trkpt><trkpt lat="47.60863180" lon="19.14697000"><ele>136.76</ele><time>1980-01-07T14:15:00.402Z</time></trkpt><trkpt lat="47.60863190" lon="19.14697000"><ele>136.77</ele><time>1980-01-07T14:15:00.602Z</time></trkpt><trkpt lat="47.60863190" lon="19.14697000"><ele>136.77</ele><time>1980-01-07T14:15:00.802Z</time></trkpt><trkpt lat="47.60863190" lon="19.14697000"><ele>136.78</ele><time>1980-01-07T14:15:01.012Z</time></trkpt><trkpt lat="47.60863200" lon="19.14697000"><ele>136.78</ele><time>1980-01-07T14:15:01.212Z</time></trkpt><trkpt lat="47.60863200" lon="19.14697000"><ele>136.78</ele><time>1980-01-07T14:15:01.412Z</time></trkpt><trkpt lat="47.60863190" lon="19.14697000"><ele>136.79</ele><time>1980-01-07T14:15:01.612Z</time></trkpt><trkpt lat="47.60863190" lon="19.14696990"><ele>136.79</ele><time>1980-01-07T14:15:01.812Z</time></trkpt><trkpt lat="47.60863190" lon="19.14696990"><ele>136.79</ele><time>1980-01-07T14:15:02.012Z</time></trkpt><trkpt lat="47.60863190" lon="19.14696990"><ele>136.79</ele><time>1980-01-07T14:15:02.212Z</time></trkpt><trkpt lat="47.60863190" lon="19.14696980"><ele>136.79</ele><time>1980-01-07T14:15:02.412Z</time></trkpt><trkpt lat="47.60863190" lon="19.14696980"><ele>136.79</ele><time>1980-01-07T14:15:02.615Z</time></trkpt><trkpt lat="47.60863180" lon="19.14696980"><ele>136.80</ele><time>1980-01-07T14:15:02.817Z</time></trkpt><trkpt lat="47.60863180" lon="19.14696980"><ele>136.80</ele><time>1980-01-07T14:15:03.017Z</time></trkpt><trkpt lat="47.60863180" lon="19.14696980"><ele>136.80</ele><time>1980-01-07T14:15:03.217Z</time></trkpt><trkpt lat="47.60863180" lon="19.14696980"><ele>136.80</ele><time>1980-01-07T14:15:03.417Z</time></trkpt><trkpt lat="47.60863180" lon="19.14696980"><ele>136.80</ele><time>1980-01-07T14:15:03.617Z</time></trkpt><trkpt lat="47.60863190" lon="19.14696970"><ele>136.80</ele><time>1980-01-07T14:15:03.822Z</time></trkpt><trkpt lat="47.60863190" lon="19.14696970"><ele>136.80</ele><time>1980-01-07T14:15:04.022Z</time></trkpt><trkpt lat="47.60863190" lon="19.14696970"><ele>136.80</ele><time>1980-01-07T14:15:04.222Z</time></trkpt><trkpt lat="47.60863200" lon="19.14696970"><ele>136.79</ele><time>1980-01-07T14:15:04.427Z</time></trkpt><trkpt lat="47.60863200" lon="19.14696970"><ele>136.80</ele><time>1980-01-07T14:15:04.632Z</time></trkpt><trkpt lat="47.60863200" lon="19.14696960"><ele>136.80</ele><time>1980-01-07T14:15:04.827Z</time></trkpt><trkpt lat="47.60863210" lon="19.14696960"><ele>136.80</ele><time>1980-01-07T14:15:05.027Z</time></trkpt><trkpt lat="47.60863210" lon="19.14696960"><ele>136.80</ele><time>1980-01-07T14:15:05.227Z</time></trkpt><trkpt lat="47.60863210" lon="19.14696950"><ele>136.80</ele><time>1980-01-07T14:15:05.427Z</time></trkpt><trkpt lat="47.60863210" lon="19.14696950"><ele>136.80</ele><time>1980-01-07T14:15:05.627Z</time></trkpt><trkpt lat="47.60863210" lon="19.14696940"><ele>136.80</ele><time>1980-01-07T14:15:05.827Z</time></trkpt><trkpt lat="47.60863210" lon="19.14696940"><ele>136.80</ele><time>1980-01-07T14:15:06.027Z</time></trkpt><trkpt lat="47.60863210" lon="19.14696940"><ele>136.80</ele><time>1980-01-07T14:15:06.228Z</time></trkpt><trkpt lat="47.60863220" lon="19.14696940"><ele>136.80</ele><time>1980-01-07T14:15:06.432Z</time></trkpt><trkpt lat="47.60863220" lon="19.14696940"><ele>136.80</ele><time>1980-01-07T14:15:06.632Z</time></trkpt><trkpt lat="47.60863210" lon="19.14696940"><ele>136.80</ele><time>1980-01-07T14:15:06.832Z</time></trkpt><trkpt lat="47.60863210" lon="19.14696940"><ele>136.80</ele><time>1980-01-07T14:15:07.032Z</time></trkpt><trkpt lat="47.60863210" lon="19.14696940"><ele>136.80</ele><time>1980-01-07T14:15:07.232Z</time></trkpt><trkpt lat="47.60863210" lon="19.14696940"><ele>136.80</ele><time>1980-01-07T14:15:07.432Z</time></trkpt><trkpt lat="47.60863200" lon="19.14696940"><ele>136.81</ele><time>1980-01-07T14:15:07.632Z</time></trkpt><trkpt lat="47.60863200" lon="19.14696940"><ele>136.81</ele><time>1980-01-07T14:15:07.832Z</time></trkpt><trkpt lat="47.60863200" lon="19.14696940"><ele>136.80</ele><time>1980-01-07T14:15:08.032Z</time></trkpt><trkpt lat="47.60863190" lon="19.14696940"><ele>136.80</ele><time>1980-01-07T14:15:08.232Z</time></trkpt><trkpt lat="47.60863190" lon="19.14696940"><ele>136.80</ele><time>1980-01-07T14:15:08.432Z</time></trkpt><trkpt lat="47.60863190" lon="19.14696940"><ele>136.80</ele><time>1980-01-07T14:15:08.632Z</time></trkpt><trkpt lat="47.60863180" lon="19.14696940"><ele>136.80</ele><time>1980-01-07T14:15:08.832Z</time></trkpt><trkpt lat="47.60863180" lon="19.14696950"><ele>136.80</ele><time>1980-01-07T14:15:09.032Z</time></trkpt><trkpt lat="47.60863170" lon="19.14696950"><ele>136.80</ele><time>1980-01-07T14:15:09.232Z</time></trkpt><trkpt lat="47.60863170" lon="19.14696950"><ele>136.80</ele><time>1980-01-07T14:15:09.432Z</time></trkpt><trkpt lat="47.60863170" lon="19.14696950"><ele>136.80</ele><time>1980-01-07T14:15:09.632Z</time></trkpt><trkpt lat="47.60863170" lon="19.14696950"><ele>136.80</ele><time>1980-01-07T14:15:09.832Z</time></trkpt><trkpt lat="47.60863170" lon="19.14696950"><ele>136.81</ele><time>1980-01-07T14:15:10.032Z</time></trkpt><trkpt lat="47.60863170" lon="19.14696950"><ele>136.80</ele><time>1980-01-07T14:15:10.242Z</time></trkpt><trkpt lat="47.60863170" lon="19.14696950"><ele>136.80</ele><time>1980-01-07T14:15:10.442Z</time></trkpt><trkpt lat="47.60863170" lon="19.14696950"><ele>136.80</ele><time>1980-01-07T14:15:10.642Z</time></trkpt><trkpt lat="47.60863170" lon="19.14696950"><ele>136.79</ele><time>1980-01-07T14:15:10.842Z</time></trkpt><trkpt lat="47.60863170" lon="19.14696950"><ele>136.79</ele><time>1980-01-07T14:15:11.038Z</time></trkpt><trkpt lat="47.60863170" lon="19.14696950"><ele>136.79</ele><time>1980-01-07T14:15:11.232Z</time></trkpt><trkpt lat="47.60863180" lon="19.14696950"><ele>136.79</ele><time>1980-01-07T14:15:11.432Z</time></trkpt><trkpt lat="47.60863180" lon="19.14696950"><ele>136.80</ele><time>1980-01-07T14:15:11.633Z</time></trkpt><trkpt lat="47.60863180" lon="19.14696950"><ele>136.79</ele><time>1980-01-07T14:15:11.835Z</time></trkpt><trkpt lat="47.60863180" lon="19.14696950"><ele>136.79</ele><time>1980-01-07T14:15:12.035Z</time></trkpt><trkpt lat="47.60863180" lon="19.14696950"><ele>136.78</ele><time>1980-01-07T14:15:12.235Z</time></trkpt><trkpt lat="47.60863180" lon="19.14696960"><ele>136.78</ele><time>1980-01-07T14:15:12.436Z</time></trkpt><trkpt lat="47.60863180" lon="19.14696960"><ele>136.78</ele><time>1980-01-07T14:15:12.637Z</time></trkpt><trkpt lat="47.60863180" lon="19.14696960"><ele>136.77</ele><time>1980-01-07T14:15:12.838Z</time></trkpt><trkpt lat="47.60863180" lon="19.14696960"><ele>136.77</ele><time>1980-01-07T14:15:13.037Z</time></trkpt><trkpt lat="47.60863180" lon="19.14696960"><ele>136.77</ele><time>1980-01-07T14:15:13.238Z</time></trkpt><trkpt lat="47.60863190" lon="19.14696950"><ele>136.76</ele><time>1980-01-07T14:15:13.440Z</time></trkpt><trkpt lat="47.60863190" lon="19.14696950"><ele>136.76</ele><time>1980-01-07T14:15:13.640Z</time></trkpt><trkpt lat="47.60863190" lon="19.14696950"><ele>136.76</ele><time>1980-01-07T14:15:13.841Z</time></trkpt><trkpt lat="47.60863190" lon="19.14696950"><ele>136.75</ele><time>1980-01-07T14:15:14.032Z</time></trkpt><trkpt lat="47.60863190" lon="19.14696950"><ele>136.75</ele><time>1980-01-07T14:15:14.233Z</time></trkpt><trkpt lat="47.60863190" lon="19.14696950"><ele>136.75</ele><time>1980-01-07T14:15:14.442Z</time></trkpt><trkpt lat="47.60863190" lon="19.14696950"><ele>136.75</ele><time>1980-01-07T14:15:14.633Z</time></trkpt><trkpt lat="47.60863190" lon="19.14696950"><ele>136.74</ele><time>1980-01-07T14:15:14.833Z</time></trkpt><trkpt lat="47.60863190" lon="19.14696950"><ele>136.74</ele><time>1980-01-07T14:15:15.033Z</time></trkpt><trkpt lat="47.60863190" lon="19.14696950"><ele>136.74</ele><time>1980-01-07T14:15:15.233Z</time></trkpt><trkpt lat="47.60863180" lon="19.14696950"><ele>136.74</ele><time>1980-01-07T14:15:15.434Z</time></trkpt><trkpt lat="47.60863180" lon="19.14696950"><ele>136.74</ele><time>1980-01-07T14:15:15.634Z</time></trkpt><trkpt lat="47.60863180" lon="19.14696950"><ele>136.73</ele><time>1980-01-07T14:15:15.834Z</time></trkpt><trkpt lat="47.60863180" lon="19.14696950"><ele>136.73</ele><time>1980-01-07T14:15:16.034Z</time></trkpt><trkpt lat="47.60863170" lon="19.14696950"><ele>136.73</ele><time>1980-01-07T14:15:16.242Z</time></trkpt><trkpt lat="47.60863170" lon="19.14696950"><ele>136.73</ele><time>1980-01-07T14:15:16.452Z</time></trkpt><trkpt lat="47.60863170" lon="19.14696950"><ele>136.73</ele><time>1980-01-07T14:15:16.652Z</time></trkpt><trkpt lat="47.60863170" lon="19.14696950"><ele>136.73</ele><time>1980-01-07T14:15:16.852Z</time></trkpt><trkpt lat="47.60863170" lon="19.14696950"><ele>136.73</ele><time>1980-01-07T14:15:17.049Z</time></trkpt><trkpt lat="47.60863170" lon="19.14696960"><ele>136.73</ele><time>1980-01-07T14:15:17.252Z</time></trkpt><trkpt lat="47.60863180" lon="19.14696960"><ele>136.73</ele><time>1980-01-07T14:15:17.461Z</time></trkpt><trkpt lat="47.60863180" lon="19.14696960"><ele>136.73</ele><time>1980-01-07T14:15:17.663Z</time></trkpt><trkpt lat="47.60863180" lon="19.14696960"><ele>136.73</ele><time>1980-01-07T14:15:17.862Z</time></trkpt><trkpt lat="47.60863180" lon="19.14696970"><ele>136.74</ele><time>1980-01-07T14:15:18.055Z</time></trkpt><trkpt lat="47.60863180" lon="19.14696970"><ele>136.73</ele><time>1980-01-07T14:15:18.252Z</time></trkpt><trkpt lat="47.60863180" lon="19.14696970"><ele>136.73</ele><time>1980-01-07T14:15:18.452Z</time></trkpt><trkpt lat="47.60863180" lon="19.14696970"><ele>136.74</ele><time>1980-01-07T14:15:18.652Z</time></trkpt><trkpt lat="47.60863170" lon="19.14696970"><ele>136.73</ele><time>1980-01-07T14:15:18.852Z</time></trkpt><trkpt lat="47.60863170" lon="19.14696960"><ele>136.73</ele><time>1980-01-07T14:15:19.052Z</time></trkpt><trkpt lat="47.60863170" lon="19.14696970"><ele>136.74</ele><time>1980-01-07T14:15:19.262Z</time></trkpt><trkpt lat="47.60863170" lon="19.14696970"><ele>136.74</ele><time>1980-01-07T14:15:19.462Z</time></trkpt><trkpt lat="47.60863170" lon="19.14696970"><ele>136.74</ele><time>1980-01-07T14:15:19.662Z</time></trkpt><trkpt lat="47.60863170" lon="19.14696970"><ele>136.73</ele><time>1980-01-07T14:15:19.862Z</time></trkpt><trkpt lat="47.60863170" lon="19.14696970"><ele>136.73</ele><time>1980-01-07T14:15:20.052Z</time></trkpt><trkpt lat="47.60863160" lon="19.14696970"><ele>136.73</ele><time>1980-01-07T14:15:20.254Z</time></trkpt><trkpt lat="47.60863160" lon="19.14696970"><ele>136.73</ele><time>1980-01-07T14:15:20.455Z</time></trkpt><trkpt lat="47.60863170" lon="19.14696970"><ele>136.73</ele><time>1980-01-07T14:15:20.655Z</time></trkpt><trkpt lat="47.60863170" lon="19.14696970"><ele>136.73</ele><time>1980-01-07T14:15:20.855Z</time></trkpt><trkpt lat="47.60863170" lon="19.14696960"><ele>136.74</ele><time>1980-01-07T14:15:21.056Z</time></trkpt><trkpt lat="47.60863170" lon="19.14696960"><ele>136.73</ele><time>1980-01-07T14:15:21.257Z</time></trkpt><trkpt lat="47.60863180" lon="19.14696960"><ele>136.73</ele><time>1980-01-07T14:15:21.458Z</time></trkpt><trkpt lat="47.60863180" lon="19.14696960"><ele>136.73</ele><time>1980-01-07T14:15:21.659Z</time></trkpt><trkpt lat="47.60863180" lon="19.14696960"><ele>136.73</ele><time>1980-01-07T14:15:21.861Z</time></trkpt><trkpt lat="47.60863180" lon="19.14696960"><ele>136.73</ele><time>1980-01-07T14:15:22.057Z</time></trkpt><trkpt lat="47.60863190" lon="19.14696960"><ele>136.73</ele><time>1980-01-07T14:15:22.262Z</time></trkpt><trkpt lat="47.60863190" lon="19.14696960"><ele>136.73</ele><time>1980-01-07T14:15:22.462Z</time></trkpt><trkpt lat="47.60863190" lon="19.14696960"><ele>136.73</ele><time>1980-01-07T14:15:22.662Z</time></trkpt><trkpt lat="47.60863190" lon="19.14696960"><ele>136.73</ele><time>1980-01-07T14:15:22.862Z</time></trkpt><trkpt lat="47.60863190" lon="19.14696970"><ele>136.73</ele><time>1980-01-07T14:15:23.060Z</time></trkpt><trkpt lat="47.60863190" lon="19.14696970"><ele>136.73</ele><time>1980-01-07T14:15:23.262Z</time></trkpt><trkpt lat="47.60863200" lon="19.14696970"><ele>136.73</ele><time>1980-01-07T14:15:23.462Z</time></trkpt><trkpt lat="47.60863200" lon="19.14696970"><ele>136.73</ele><time>1980-01-07T14:15:23.662Z</time></trkpt><trkpt lat="47.60863200" lon="19.14696970"><ele>136.73</ele><time>1980-01-07T14:15:23.862Z</time></trkpt><trkpt lat="47.60863200" lon="19.14696970"><ele>136.74</ele><time>1980-01-07T14:15:24.059Z</time></trkpt><trkpt lat="47.60863210" lon="19.14696960"><ele>136.74</ele><time>1980-01-07T14:15:24.257Z</time></trkpt><trkpt lat="47.60863210" lon="19.14696960"><ele>136.75</ele><time>1980-01-07T14:15:24.456Z</time></trkpt><trkpt lat="47.60863210" lon="19.14696960"><ele>136.75</ele><time>1980-01-07T14:15:24.662Z</time></trkpt><trkpt lat="47.60863210" lon="19.14696960"><ele>136.75</ele><time>1980-01-07T14:15:24.857Z</time></trkpt><trkpt lat="47.60863210" lon="19.14696960"><ele>136.75</ele><time>1980-01-07T14:15:25.057Z</time></trkpt><trkpt lat="47.60863210" lon="19.14696970"><ele>136.75</ele><time>1980-01-07T14:15:25.258Z</time></trkpt><trkpt lat="47.60863210" lon="19.14696970"><ele>136.75</ele><time>1980-01-07T14:15:25.458Z</time></trkpt><trkpt lat="47.60863210" lon="19.14696970"><ele>136.75</ele><time>1980-01-07T14:15:25.662Z</time></trkpt><trkpt lat="47.60863220" lon="19.14696970"><ele>136.75</ele><time>1980-01-07T14:15:25.858Z</time></trkpt><trkpt lat="47.60863220" lon="19.14696980"><ele>136.75</ele><time>1980-01-07T14:15:26.059Z</time></trkpt><trkpt lat="47.60863220" lon="19.14696980"><ele>136.75</ele><time>1980-01-07T14:15:26.258Z</time></trkpt><trkpt lat="47.60863220" lon="19.14696980"><ele>136.76</ele><time>1980-01-07T14:15:26.458Z</time></trkpt><trkpt lat="47.60863220" lon="19.14696980"><ele>136.76</ele><time>1980-01-07T14:15:26.662Z</time></trkpt><trkpt lat="47.60863220" lon="19.14696980"><ele>136.77</ele><time>1980-01-07T14:15:26.872Z</time></trkpt><trkpt lat="47.60863220" lon="19.14696980"><ele>136.77</ele><time>1980-01-07T14:15:27.072Z</time></trkpt><trkpt lat="47.60863220" lon="19.14696980"><ele>136.77</ele><time>1980-01-07T14:15:27.272Z</time></trkpt><trkpt lat="47.60863210" lon="19.14696980"><ele>136.77</ele><time>1980-01-07T14:15:27.482Z</time></trkpt><trkpt lat="47.60863210" lon="19.14696970"><ele>136.77</ele><time>1980-01-07T14:15:27.682Z</time></trkpt><trkpt lat="47.60863210" lon="19.14696970"><ele>136.77</ele><time>1980-01-07T14:15:27.873Z</time></trkpt><trkpt lat="47.60863210" lon="19.14696970"><ele>136.77</ele><time>1980-01-07T14:15:28.073Z</time></trkpt><trkpt lat="47.60863210" lon="19.14696970"><ele>136.77</ele><time>1980-01-07T14:15:28.276Z</time></trkpt><trkpt lat="47.60863210" lon="19.14696970"><ele>136.77</ele><time>1980-01-07T14:15:28.479Z</time></trkpt><trkpt lat="47.60863210" lon="19.14696960"><ele>136.77</ele><time>1980-01-07T14:15:28.676Z</time></trkpt><trkpt lat="47.60863210" lon="19.14696960"><ele>136.77</ele><time>1980-01-07T14:15:28.879Z</time></trkpt><trkpt lat="47.60863210" lon="19.14696960"><ele>136.77</ele><time>1980-01-07T14:15:29.082Z</time></trkpt><trkpt lat="47.60863210" lon="19.14696960"><ele>136.77</ele><time>1980-01-07T14:15:29.282Z</time></trkpt><trkpt lat="47.60863210" lon="19.14696960"><ele>136.77</ele><time>1980-01-07T14:15:29.482Z</time></trkpt><trkpt lat="47.60863200" lon="19.14696960"><ele>136.77</ele><time>1980-01-07T14:15:29.680Z</time></trkpt><trkpt lat="47.60863200" lon="19.14696960"><ele>136.77</ele><time>1980-01-07T14:15:29.882Z</time></trkpt><trkpt lat="47.60863200" lon="19.14696960"><ele>136.76</ele><time>1980-01-07T14:15:30.079Z</time></trkpt><trkpt lat="47.60863200" lon="19.14696960"><ele>136.76</ele><time>1980-01-07T14:15:30.280Z</time></trkpt><trkpt lat="47.60863200" lon="19.14696960"><ele>136.76</ele><time>1980-01-07T14:15:30.482Z</time></trkpt><trkpt lat="47.60863200" lon="19.14696960"><ele>136.76</ele><time>1980-01-07T14:15:30.682Z</time></trkpt><trkpt lat="47.60863200" lon="19.14696960"><ele>136.75</ele><time>1980-01-07T14:15:30.882Z</time></trkpt><trkpt lat="47.60863200" lon="19.14696960"><ele>136.75</ele><time>1980-01-07T14:15:31.092Z</time></trkpt><trkpt lat="47.60863200" lon="19.14696960"><ele>136.75</ele><time>1980-01-07T14:15:31.292Z</time></trkpt><trkpt lat="47.60863200" lon="19.14696960"><ele>136.75</ele><time>1980-01-07T14:15:31.492Z</time></trkpt><trkpt lat="47.60863190" lon="19.14696960"><ele>136.74</ele><time>1980-01-07T14:15:31.692Z</time></trkpt><trkpt lat="47.60863190" lon="19.14696960"><ele>136.74</ele><time>1980-01-07T14:15:31.892Z</time></trkpt><trkpt lat="47.60863190" lon="19.14696960"><ele>136.74</ele><time>1980-01-07T14:15:32.092Z</time></trkpt><trkpt lat="47.60863190" lon="19.14696960"><ele>136.74</ele><time>1980-01-07T14:15:32.292Z</time></trkpt><trkpt lat="47.60863190" lon="19.14696970"><ele>136.74</ele><time>1980-01-07T14:15:32.492Z</time></trkpt><trkpt lat="47.60863180" lon="19.14696970"><ele>136.73</ele><time>1980-01-07T14:15:32.692Z</time></trkpt><trkpt lat="47.60863180" lon="19.14696970"><ele>136.73</ele><time>1980-01-07T14:15:32.902Z</time></trkpt><trkpt lat="47.60863170" lon="19.14696970"><ele>136.73</ele><time>1980-01-07T14:15:33.102Z</time></trkpt><trkpt lat="47.60863170" lon="19.14696970"><ele>136.73</ele><time>1980-01-07T14:15:33.302Z</time></trkpt><trkpt lat="47.60863180" lon="19.14696970"><ele>136.73</ele><time>1980-01-07T14:15:33.493Z</time></trkpt><trkpt lat="47.60863180" lon="19.14696970"><ele>136.73</ele><time>1980-01-07T14:15:33.693Z</time></trkpt><trkpt lat="47.60863180" lon="19.14696970"><ele>136.73</ele><time>1980-01-07T14:15:33.893Z</time></trkpt><trkpt lat="47.60863180" lon="19.14696980"><ele>136.73</ele><time>1980-01-07T14:15:34.094Z</time></trkpt><trkpt lat="47.60863180" lon="19.14696980"><ele>136.72</ele><time>1980-01-07T14:15:34.295Z</time></trkpt><trkpt lat="47.60863190" lon="19.14696990"><ele>136.72</ele><time>1980-01-07T14:15:34.495Z</time></trkpt><trkpt lat="47.60863190" lon="19.14696990"><ele>136.72</ele><time>1980-01-07T14:15:34.695Z</time></trkpt><trkpt lat="47.60863190" lon="19.14697000"><ele>136.72</ele><time>1980-01-07T14:15:34.895Z</time></trkpt><trkpt lat="47.60863190" lon="19.14697000"><ele>136.72</ele><time>1980-01-07T14:15:35.095Z</time></trkpt><trkpt lat="47.60863190" lon="19.14697000"><ele>136.71</ele><time>1980-01-07T14:15:35.296Z</time></trkpt><trkpt lat="47.60863190" lon="19.14697010"><ele>136.71</ele><time>1980-01-07T14:15:35.495Z</time></trkpt><trkpt lat="47.60863200" lon="19.14697010"><ele>136.71</ele><time>1980-01-07T14:15:35.695Z</time></trkpt><trkpt lat="47.60863200" lon="19.14697010"><ele>136.71</ele><time>1980-01-07T14:15:35.896Z</time></trkpt><trkpt lat="47.60863200" lon="19.14697010"><ele>136.71</ele><time>1980-01-07T14:15:36.097Z</time></trkpt><trkpt lat="47.60863210" lon="19.14697020"><ele>136.70</ele><time>1980-01-07T14:15:36.297Z</time></trkpt><trkpt lat="47.60863210" lon="19.14697020"><ele>136.71</ele><time>1980-01-07T14:15:36.497Z</time></trkpt><trkpt lat="47.60863210" lon="19.14697020"><ele>136.71</ele><time>1980-01-07T14:15:36.697Z</time></trkpt><trkpt lat="47.60863210" lon="19.14697010"><ele>136.71</ele><time>1980-01-07T14:15:36.898Z</time></trkpt><trkpt lat="47.60863210" lon="19.14697010"><ele>136.71</ele><time>1980-01-07T14:15:37.101Z</time></trkpt><trkpt lat="47.60863210" lon="19.14697010"><ele>136.71</ele><time>1980-01-07T14:15:37.302Z</time></trkpt><trkpt lat="47.60863210" lon="19.14697000"><ele>136.71</ele><time>1980-01-07T14:15:37.501Z</time></trkpt><trkpt lat="47.60863220" lon="19.14697000"><ele>136.70</ele><time>1980-01-07T14:15:37.701Z</time></trkpt><trkpt lat="47.60863220" lon="19.14697000"><ele>136.70</ele><time>1980-01-07T14:15:37.897Z</time></trkpt><trkpt lat="47.60863220" lon="19.14697000"><ele>136.70</ele><time>1980-01-07T14:15:38.097Z</time></trkpt><trkpt lat="47.60863220" lon="19.14696990"><ele>136.70</ele><time>1980-01-07T14:15:38.302Z</time></trkpt><trkpt lat="47.60863220" lon="19.14696990"><ele>136.70</ele><time>1980-01-07T14:15:38.502Z</time></trkpt><trkpt lat="47.60863220" lon="19.14696990"><ele>136.70</ele><time>1980-01-07T14:15:38.702Z</time></trkpt><trkpt lat="47.60863230" lon="19.14696980"><ele>136.70</ele><time>1980-01-07T14:15:38.902Z</time></trkpt><trkpt lat="47.60863230" lon="19.14696980"><ele>136.69</ele><time>1980-01-07T14:15:39.102Z</time></trkpt><trkpt lat="47.60863230" lon="19.14696980"><ele>136.69</ele><time>1980-01-07T14:15:39.302Z</time></trkpt><trkpt lat="47.60863230" lon="19.14696980"><ele>136.69</ele><time>1980-01-07T14:15:39.502Z</time></trkpt><trkpt lat="47.60863230" lon="19.14696980"><ele>136.69</ele><time>1980-01-07T14:15:39.702Z</time></trkpt><trkpt lat="47.60863220" lon="19.14696980"><ele>136.69</ele><time>1980-01-07T14:15:39.897Z</time></trkpt><trkpt lat="47.60863220" lon="19.14696980"><ele>136.69</ele><time>1980-01-07T14:15:40.098Z</time></trkpt><trkpt lat="47.60863220" lon="19.14696980"><ele>136.68</ele><time>1980-01-07T14:15:40.301Z</time></trkpt><trkpt lat="47.60863220" lon="19.14696970"><ele>136.68</ele><time>1980-01-07T14:15:40.502Z</time></trkpt><trkpt lat="47.60863220" lon="19.14696970"><ele>136.68</ele><time>1980-01-07T14:15:40.702Z</time></trkpt><trkpt lat="47.60863220" lon="19.14696970"><ele>136.68</ele><time>1980-01-07T14:15:40.902Z</time></trkpt><trkpt lat="47.60863220" lon="19.14696970"><ele>136.69</ele><time>1980-01-07T14:15:41.102Z</time></trkpt><trkpt lat="47.60863220" lon="19.14696960"><ele>136.69</ele><time>1980-01-07T14:15:41.302Z</time></trkpt><trkpt lat="47.60863220" lon="19.14696960"><ele>136.69</ele><time>1980-01-07T14:15:41.502Z</time></trkpt><trkpt lat="47.60863220" lon="19.14696950"><ele>136.69</ele><time>1980-01-07T14:15:41.702Z</time></trkpt><trkpt lat="47.60863220" lon="19.14696950"><ele>136.69</ele><time>1980-01-07T14:15:41.902Z</time></trkpt><trkpt lat="47.60863220" lon="19.14696950"><ele>136.69</ele><time>1980-01-07T14:15:42.102Z</time></trkpt><trkpt lat="47.60863220" lon="19.14696950"><ele>136.69</ele><time>1980-01-07T14:15:42.312Z</time></trkpt><trkpt lat="47.60863220" lon="19.14696950"><ele>136.69</ele><time>1980-01-07T14:15:42.512Z</time></trkpt><trkpt lat="47.60863230" lon="19.14696950"><ele>136.69</ele><time>1980-01-07T14:15:42.712Z</time></trkpt><trkpt lat="47.60863230" lon="19.14696950"><ele>136.69</ele><time>1980-01-07T14:15:42.912Z</time></trkpt><trkpt lat="47.60863230" lon="19.14696950"><ele>136.69</ele><time>1980-01-07T14:15:43.112Z</time></trkpt><trkpt lat="47.60863230" lon="19.14696940"><ele>136.69</ele><time>1980-01-07T14:15:43.312Z</time></trkpt><trkpt lat="47.60863230" lon="19.14696940"><ele>136.69</ele><time>1980-01-07T14:15:43.512Z</time></trkpt><trkpt lat="47.60863230" lon="19.14696950"><ele>136.68</ele><time>1980-01-07T14:15:43.712Z</time></trkpt><trkpt lat="47.60863230" lon="19.14696950"><ele>136.68</ele><time>1980-01-07T14:15:43.912Z</time></trkpt><trkpt lat="47.60863230" lon="19.14696960"><ele>136.68</ele><time>1980-01-07T14:15:44.112Z</time></trkpt><trkpt lat="47.60863230" lon="19.14696970"><ele>136.68</ele><time>1980-01-07T14:15:44.312Z</time></trkpt><trkpt lat="47.60863230" lon="19.14696970"><ele>136.69</ele><time>1980-01-07T14:15:44.512Z</time></trkpt><trkpt lat="47.60863220" lon="19.14696980"><ele>136.69</ele><time>1980-01-07T14:15:44.722Z</time></trkpt><trkpt lat="47.60863220" lon="19.14696980"><ele>136.69</ele><time>1980-01-07T14:15:44.922Z</time></trkpt><trkpt lat="47.60863220" lon="19.14696970"><ele>136.69</ele><time>1980-01-07T14:15:45.113Z</time></trkpt><trkpt lat="47.60863210" lon="19.14696970"><ele>136.69</ele><time>1980-01-07T14:15:45.317Z</time></trkpt><trkpt lat="47.60863210" lon="19.14696970"><ele>136.69</ele><time>1980-01-07T14:15:45.515Z</time></trkpt><trkpt lat="47.60863210" lon="19.14696970"><ele>136.69</ele><time>1980-01-07T14:15:45.715Z</time></trkpt><trkpt lat="47.60863210" lon="19.14696980"><ele>136.69</ele><time>1980-01-07T14:15:45.912Z</time></trkpt><trkpt lat="47.60863210" lon="19.14696980"><ele>136.70</ele><time>1980-01-07T14:15:46.112Z</time></trkpt><trkpt lat="47.60863200" lon="19.14696980"><ele>136.70</ele><time>1980-01-07T14:15:46.319Z</time></trkpt><trkpt lat="47.60863200" lon="19.14696990"><ele>136.70</ele><time>1980-01-07T14:15:46.517Z</time></trkpt><trkpt lat="47.60863200" lon="19.14696990"><ele>136.70</ele><time>1980-01-07T14:15:46.719Z</time></trkpt><trkpt lat="47.60863200" lon="19.14696980"><ele>136.70</ele><time>1980-01-07T14:15:46.919Z</time></trkpt><trkpt lat="47.60863200" lon="19.14696980"><ele>136.70</ele><time>1980-01-07T14:15:47.120Z</time></trkpt><trkpt lat="47.60863200" lon="19.14696980"><ele>136.70</ele><time>1980-01-07T14:15:47.312Z</time></trkpt><trkpt lat="47.60863200" lon="19.14696980"><ele>136.70</ele><time>1980-01-07T14:15:47.512Z</time></trkpt><trkpt lat="47.60863200" lon="19.14696980"><ele>136.70</ele><time>1980-01-07T14:15:47.722Z</time></trkpt><trkpt lat="47.60863200" lon="19.14696980"><ele>136.70</ele><time>1980-01-07T14:15:47.922Z</time></trkpt><trkpt lat="47.60863200" lon="19.14696980"><ele>136.70</ele><time>1980-01-07T14:15:48.122Z</time></trkpt><trkpt lat="47.60863200" lon="19.14696970"><ele>136.70</ele><time>1980-01-07T14:15:48.322Z</time></trkpt><trkpt lat="47.60863200" lon="19.14696970"><ele>136.70</ele><time>1980-01-07T14:15:48.522Z</time></trkpt><trkpt lat="47.60863200" lon="19.14696970"><ele>136.70</ele><time>1980-01-07T14:15:48.722Z</time></trkpt><trkpt lat="47.60863200" lon="19.14696970"><ele>136.70</ele><time>1980-01-07T14:15:48.922Z</time></trkpt><trkpt lat="47.60863200" lon="19.14696970"><ele>136.70</ele><time>1980-01-07T14:15:49.126Z</time></trkpt><trkpt lat="47.60863200" lon="19.14696970"><ele>136.70</ele><time>1980-01-07T14:15:49.327Z</time></trkpt><trkpt lat="47.60863190" lon="19.14696980"><ele>136.70</ele><time>1980-01-07T14:15:49.528Z</time></trkpt><trkpt lat="47.60863190" lon="19.14696970"><ele>136.69</ele><time>1980-01-07T14:15:49.729Z</time></trkpt><trkpt lat="47.60863190" lon="19.14696980"><ele>136.69</ele><time>1980-01-07T14:15:49.929Z</time></trkpt><trkpt lat="47.60863200" lon="19.14696970"><ele>136.69</ele><time>1980-01-07T14:15:50.128Z</time></trkpt><trkpt lat="47.60863200" lon="19.14696970"><ele>136.69</ele><time>1980-01-07T14:15:50.329Z</time></trkpt><trkpt lat="47.60863200" lon="19.14696970"><ele>136.69</ele><time>1980-01-07T14:15:50.529Z</time></trkpt><trkpt lat="47.60863200" lon="19.14696970"><ele>136.68</ele><time>1980-01-07T14:15:50.729Z</time></trkpt><trkpt lat="47.60863200" lon="19.14696970"><ele>136.68</ele><time>1980-01-07T14:15:50.929Z</time></trkpt><trkpt lat="47.60863200" lon="19.14696970"><ele>136.67</ele><time>1980-01-07T14:15:51.130Z</time></trkpt><trkpt lat="47.60863200" lon="19.14696980"><ele>136.67</ele><time>1980-01-07T14:15:51.330Z</time></trkpt><trkpt lat="47.60863200" lon="19.14696980"><ele>136.67</ele><time>1980-01-07T14:15:51.531Z</time></trkpt><trkpt lat="47.60863200" lon="19.14696980"><ele>136.67</ele><time>1980-01-07T14:15:51.732Z</time></trkpt><trkpt lat="47.60863200" lon="19.14696980"><ele>136.67</ele><time>1980-01-07T14:15:51.932Z</time></trkpt><trkpt lat="47.60863200" lon="19.14696980"><ele>136.67</ele><time>1980-01-07T14:15:52.132Z</time></trkpt><trkpt lat="47.60863200" lon="19.14696980"><ele>136.66</ele><time>1980-01-07T14:15:52.332Z</time></trkpt><trkpt lat="47.60863200" lon="19.14696990"><ele>136.66</ele><time>1980-01-07T14:15:52.532Z</time></trkpt><trkpt lat="47.60863200" lon="19.14696990"><ele>136.66</ele><time>1980-01-07T14:15:52.732Z</time></trkpt><trkpt lat="47.60863200" lon="19.14696990"><ele>136.66</ele><time>1980-01-07T14:15:52.932Z</time></trkpt><trkpt lat="47.60863200" lon="19.14696990"><ele>136.67</ele><time>1980-01-07T14:15:53.132Z</time></trkpt><trkpt lat="47.60863200" lon="19.14697000"><ele>136.67</ele><time>1980-01-07T14:15:53.332Z</time></trkpt><trkpt lat="47.60863200" lon="19.14697000"><ele>136.67</ele><time>1980-01-07T14:15:53.532Z</time></trkpt><trkpt lat="47.60863200" lon="19.14697000"><ele>136.67</ele><time>1980-01-07T14:15:53.732Z</time></trkpt><trkpt lat="47.60863200" lon="19.14697000"><ele>136.67</ele><time>1980-01-07T14:15:53.932Z</time></trkpt><trkpt lat="47.60863200" lon="19.14697000"><ele>136.67</ele><time>1980-01-07T14:15:54.132Z</time></trkpt><trkpt lat="47.60863200" lon="19.14697000"><ele>136.67</ele><time>1980-01-07T14:15:54.332Z</time></trkpt><trkpt lat="47.60863200" lon="19.14696990"><ele>136.66</ele><time>1980-01-07T14:15:54.532Z</time></trkpt><trkpt lat="47.60863200" lon="19.14696990"><ele>136.66</ele><time>1980-01-07T14:15:54.732Z</time></trkpt><trkpt lat="47.60863200" lon="19.14696990"><ele>136.66</ele><time>1980-01-07T14:15:54.936Z</time></trkpt><trkpt lat="47.60863200" lon="19.14696990"><ele>136.66</ele><time>1980-01-07T14:15:55.132Z</time></trkpt><trkpt lat="47.60863200" lon="19.14696990"><ele>136.66</ele><time>1980-01-07T14:15:55.340Z</time></trkpt><trkpt lat="47.60863210" lon="19.14696980"><ele>136.66</ele><time>1980-01-07T14:15:55.540Z</time></trkpt><trkpt lat="47.60863210" lon="19.14696980"><ele>136.65</ele><time>1980-01-07T14:15:55.740Z</time></trkpt><trkpt lat="47.60863210" lon="19.14696980"><ele>136.65</ele><time>1980-01-07T14:15:55.940Z</time></trkpt><trkpt lat="47.60863210" lon="19.14696980"><ele>136.65</ele><time>1980-01-07T14:15:56.142Z</time></trkpt><trkpt lat="47.60863210" lon="19.14696980"><ele>136.65</ele><time>1980-01-07T14:15:56.340Z</time></trkpt><trkpt lat="47.60863220" lon="19.14696980"><ele>136.65</ele><time>1980-01-07T14:15:56.542Z</time></trkpt><trkpt lat="47.60863220" lon="19.14696980"><ele>136.65</ele><time>1980-01-07T14:15:56.742Z</time></trkpt><trkpt lat="47.60863220" lon="19.14696980"><ele>136.65</ele><time>1980-01-07T14:15:56.942Z</time></trkpt><trkpt lat="47.60863220" lon="19.14696980"><ele>136.65</ele><time>1980-01-07T14:15:57.142Z</time></trkpt><trkpt lat="47.60863220" lon="19.14696980"><ele>136.65</ele><time>1980-01-07T14:15:57.342Z</time></trkpt><trkpt lat="47.60863230" lon="19.14696980"><ele>136.65</ele><time>1980-01-07T14:15:57.542Z</time></trkpt><trkpt lat="47.60863230" lon="19.14696980"><ele>136.64</ele><time>1980-01-07T14:15:57.742Z</time></trkpt><trkpt lat="47.60863230" lon="19.14696980"><ele>136.64</ele><time>1980-01-07T14:15:57.942Z</time></trkpt><trkpt lat="47.60863230" lon="19.14696980"><ele>136.64</ele><time>1980-01-07T14:15:58.142Z</time></trkpt><trkpt lat="47.60863230" lon="19.14696980"><ele>136.64</ele><time>1980-01-07T14:15:58.342Z</time></trkpt><trkpt lat="47.60863220" lon="19.14696980"><ele>136.65</ele><time>1980-01-07T14:15:58.542Z</time></trkpt><trkpt lat="47.60863230" lon="19.14696980"><ele>136.65</ele><time>1980-01-07T14:15:58.747Z</time></trkpt><trkpt lat="47.60863230" lon="19.14696980"><ele>136.64</ele><time>1980-01-07T14:15:58.948Z</time></trkpt><trkpt lat="47.60863230" lon="19.14696990"><ele>136.65</ele><time>1980-01-07T14:15:59.149Z</time></trkpt><trkpt lat="47.60863230" lon="19.14696990"><ele>136.65</ele><time>1980-01-07T14:15:59.350Z</time></trkpt><trkpt lat="47.60863230" lon="19.14696990"><ele>136.65</ele><time>1980-01-07T14:15:59.550Z</time></trkpt><trkpt lat="47.60863230" lon="19.14696990"><ele>136.65</ele><time>1980-01-07T14:15:59.750Z</time></trkpt><trkpt lat="47.60863240" lon="19.14696990"><ele>136.65</ele><time>1980-01-07T14:15:59.950Z</time></trkpt><trkpt lat="47.60863240" lon="19.14696990"><ele>136.65</ele><time>1980-01-07T14:16:00.142Z</time></trkpt><trkpt lat="47.60863240" lon="19.14696990"><ele>136.65</ele><time>1980-01-07T14:16:00.351Z</time></trkpt><trkpt lat="47.60863240" lon="19.14696990"><ele>136.65</ele><time>1980-01-07T14:16:00.552Z</time></trkpt><trkpt lat="47.60863250" lon="19.14696990"><ele>136.66</ele><time>1980-01-07T14:16:00.752Z</time></trkpt><trkpt lat="47.60863250" lon="19.14697000"><ele>136.66</ele><time>1980-01-07T14:16:00.952Z</time></trkpt><trkpt lat="47.60863250" lon="19.14697000"><ele>136.66</ele><time>1980-01-07T14:16:01.152Z</time></trkpt><trkpt lat="47.60863240" lon="19.14697000"><ele>136.67</ele><time>1980-01-07T14:16:01.352Z</time></trkpt><trkpt lat="47.60863240" lon="19.14697000"><ele>136.67</ele><time>1980-01-07T14:16:01.558Z</time></trkpt><trkpt lat="47.60863240" lon="19.14697000"><ele>136.67</ele><time>1980-01-07T14:16:01.759Z</time></trkpt><trkpt lat="47.60863240" lon="19.14697000"><ele>136.67</ele><time>1980-01-07T14:16:01.959Z</time></trkpt><trkpt lat="47.60863240" lon="19.14697000"><ele>136.67</ele><time>1980-01-07T14:16:02.160Z</time></trkpt><trkpt lat="47.60863240" lon="19.14697000"><ele>136.67</ele><time>1980-01-07T14:16:02.360Z</time></trkpt><trkpt lat="47.60863240" lon="19.14697000"><ele>136.67</ele><time>1980-01-07T14:16:02.561Z</time></trkpt><trkpt lat="47.60863240" lon="19.14697000"><ele>136.67</ele><time>1980-01-07T14:16:02.762Z</time></trkpt><trkpt lat="47.60863230" lon="19.14696990"><ele>136.67</ele><time>1980-01-07T14:16:02.962Z</time></trkpt><trkpt lat="47.60863230" lon="19.14696990"><ele>136.67</ele><time>1980-01-07T14:16:03.153Z</time></trkpt><trkpt lat="47.60863230" lon="19.14696990"><ele>136.66</ele><time>1980-01-07T14:16:03.362Z</time></trkpt><trkpt lat="47.60863230" lon="19.14696990"><ele>136.66</ele><time>1980-01-07T14:16:03.562Z</time></trkpt><trkpt lat="47.60863230" lon="19.14696990"><ele>136.66</ele><time>1980-01-07T14:16:03.768Z</time></trkpt><trkpt lat="47.60863230" lon="19.14696990"><ele>136.66</ele><time>1980-01-07T14:16:03.968Z</time></trkpt><trkpt lat="47.60863230" lon="19.14696990"><ele>136.66</ele><time>1980-01-07T14:16:04.172Z</time></trkpt><trkpt lat="47.60863230" lon="19.14696980"><ele>136.65</ele><time>1980-01-07T14:16:04.371Z</time></trkpt><trkpt lat="47.60863230" lon="19.14696990"><ele>136.65</ele><time>1980-01-07T14:16:04.572Z</time></trkpt><trkpt lat="47.60863230" lon="19.14696990"><ele>136.64</ele><time>1980-01-07T14:16:04.772Z</time></trkpt><trkpt lat="47.60863230" lon="19.14696990"><ele>136.64</ele><time>1980-01-07T14:16:04.972Z</time></trkpt><trkpt lat="47.60863230" lon="19.14696990"><ele>136.63</ele><time>1980-01-07T14:16:05.172Z</time></trkpt><trkpt lat="47.60863240" lon="19.14696990"><ele>136.63</ele><time>1980-01-07T14:16:05.372Z</time></trkpt><trkpt lat="47.60863240" lon="19.14696990"><ele>136.63</ele><time>1980-01-07T14:16:05.572Z</time></trkpt><trkpt lat="47.60863240" lon="19.14697000"><ele>136.63</ele><time>1980-01-07T14:16:05.772Z</time></trkpt><trkpt lat="47.60863240" lon="19.14697000"><ele>136.63</ele><time>1980-01-07T14:16:05.962Z</time></trkpt><trkpt lat="47.60863240" lon="19.14697000"><ele>136.63</ele><time>1980-01-07T14:16:06.163Z</time></trkpt><trkpt lat="47.60863240" lon="19.14697000"><ele>136.63</ele><time>1980-01-07T14:16:06.364Z</time></trkpt><trkpt lat="47.60863240" lon="19.14697000"><ele>136.63</ele><time>1980-01-07T14:16:06.564Z</time></trkpt><trkpt lat="47.60863240" lon="19.14697000"><ele>136.63</ele><time>1980-01-07T14:16:06.764Z</time></trkpt><trkpt lat="47.60863240" lon="19.14697000"><ele>136.63</ele><time>1980-01-07T14:16:06.964Z</time></trkpt><trkpt lat="47.60863240" lon="19.14697000"><ele>136.62</ele><time>1980-01-07T14:16:07.167Z</time></trkpt><trkpt lat="47.60863240" lon="19.14697000"><ele>136.62</ele><time>1980-01-07T14:16:07.370Z</time></trkpt><trkpt lat="47.60863230" lon="19.14697000"><ele>136.62</ele><time>1980-01-07T14:16:07.564Z</time></trkpt><trkpt lat="47.60863230" lon="19.14697000"><ele>136.62</ele><time>1980-01-07T14:16:07.771Z</time></trkpt><trkpt lat="47.60863220" lon="19.14697000"><ele>136.62</ele><time>1980-01-07T14:16:07.964Z</time></trkpt><trkpt lat="47.60863210" lon="19.14697000"><ele>136.62</ele><time>1980-01-07T14:16:08.164Z</time></trkpt><trkpt lat="47.60863210" lon="19.14697000"><ele>136.61</ele><time>1980-01-07T14:16:08.365Z</time></trkpt><trkpt lat="47.60863210" lon="19.14696990"><ele>136.62</ele><time>1980-01-07T14:16:08.564Z</time></trkpt><trkpt lat="47.60863210" lon="19.14696990"><ele>136.62</ele><time>1980-01-07T14:16:08.768Z</time></trkpt><trkpt lat="47.60863210" lon="19.14696990"><ele>136.61</ele><time>1980-01-07T14:16:08.968Z</time></trkpt><trkpt lat="47.60863210" lon="19.14696990"><ele>136.61</ele><time>1980-01-07T14:16:09.165Z</time></trkpt><trkpt lat="47.60863210" lon="19.14696990"><ele>136.61</ele><time>1980-01-07T14:16:09.368Z</time></trkpt><trkpt lat="47.60863210" lon="19.14696990"><ele>136.61</ele><time>1980-01-07T14:16:09.571Z</time></trkpt><trkpt lat="47.60863210" lon="19.14696990"><ele>136.61</ele><time>1980-01-07T14:16:09.770Z</time></trkpt><trkpt lat="47.60863210" lon="19.14697000"><ele>136.61</ele><time>1980-01-07T14:16:09.971Z</time></trkpt><trkpt lat="47.60863210" lon="19.14697000"><ele>136.60</ele><time>1980-01-07T14:16:10.165Z</time></trkpt><trkpt lat="47.60863210" lon="19.14697000"><ele>136.60</ele><time>1980-01-07T14:16:10.372Z</time></trkpt><trkpt lat="47.60863210" lon="19.14697000"><ele>136.60</ele><time>1980-01-07T14:16:10.565Z</time></trkpt><trkpt lat="47.60863210" lon="19.14697000"><ele>136.61</ele><time>1980-01-07T14:16:10.765Z</time></trkpt><trkpt lat="47.60863210" lon="19.14697000"><ele>136.62</ele><time>1980-01-07T14:16:10.965Z</time></trkpt><trkpt lat="47.60863210" lon="19.14696990"><ele>136.62</ele><time>1980-01-07T14:16:11.168Z</time></trkpt><trkpt lat="47.60863210" lon="19.14696990"><ele>136.62</ele><time>1980-01-07T14:16:11.368Z</time></trkpt><trkpt lat="47.60863220" lon="19.14696990"><ele>136.62</ele><time>1980-01-07T14:16:11.569Z</time></trkpt><trkpt lat="47.60863220" lon="19.14696990"><ele>136.62</ele><time>1980-01-07T14:16:11.769Z</time></trkpt><trkpt lat="47.60863220" lon="19.14696990"><ele>136.62</ele><time>1980-01-07T14:16:11.969Z</time></trkpt><trkpt lat="47.60863230" lon="19.14696990"><ele>136.62</ele><time>1980-01-07T14:16:12.170Z</time></trkpt><trkpt lat="47.60863230" lon="19.14696990"><ele>136.62</ele><time>1980-01-07T14:16:12.372Z</time></trkpt><trkpt lat="47.60863240" lon="19.14696990"><ele>136.62</ele><time>1980-01-07T14:16:12.572Z</time></trkpt><trkpt lat="47.60863240" lon="19.14696990"><ele>136.62</ele><time>1980-01-07T14:16:12.772Z</time></trkpt><trkpt lat="47.60863240" lon="19.14696990"><ele>136.63</ele><time>1980-01-07T14:16:12.972Z</time></trkpt><trkpt lat="47.60863240" lon="19.14696990"><ele>136.62</ele><time>1980-01-07T14:16:13.172Z</time></trkpt><trkpt lat="47.60863240" lon="19.14696990"><ele>136.62</ele><time>1980-01-07T14:16:13.366Z</time></trkpt><trkpt lat="47.60863240" lon="19.14696990"><ele>136.62</ele><time>1980-01-07T14:16:13.565Z</time></trkpt><trkpt lat="47.60863230" lon="19.14696990"><ele>136.62</ele><time>1980-01-07T14:16:13.770Z</time></trkpt><trkpt lat="47.60863230" lon="19.14696990"><ele>136.62</ele><time>1980-01-07T14:16:13.969Z</time></trkpt><trkpt lat="47.60863230" lon="19.14696990"><ele>136.63</ele><time>1980-01-07T14:16:14.166Z</time></trkpt><trkpt lat="47.60863230" lon="19.14696990"><ele>136.63</ele><time>1980-01-07T14:16:14.366Z</time></trkpt><trkpt lat="47.60863230" lon="19.14696990"><ele>136.63</ele><time>1980-01-07T14:16:14.566Z</time></trkpt><trkpt lat="47.60863240" lon="19.14696980"><ele>136.64</ele><time>1980-01-07T14:16:14.772Z</time></trkpt><trkpt lat="47.60863240" lon="19.14696980"><ele>136.65</ele><time>1980-01-07T14:16:14.966Z</time></trkpt><trkpt lat="47.60863240" lon="19.14696980"><ele>136.65</ele><time>1980-01-07T14:16:15.166Z</time></trkpt><trkpt lat="47.60863240" lon="19.14696980"><ele>136.66</ele><time>1980-01-07T14:16:15.366Z</time></trkpt><trkpt lat="47.60863240" lon="19.14696980"><ele>136.65</ele><time>1980-01-07T14:16:15.571Z</time></trkpt><trkpt lat="47.60863250" lon="19.14696980"><ele>136.66</ele><time>1980-01-07T14:16:15.772Z</time></trkpt><trkpt lat="47.60863250" lon="19.14696980"><ele>136.66</ele><time>1980-01-07T14:16:15.972Z</time></trkpt><trkpt lat="47.60863250" lon="19.14696980"><ele>136.66</ele><time>1980-01-07T14:16:16.172Z</time></trkpt><trkpt lat="47.60863250" lon="19.14696980"><ele>136.66</ele><time>1980-01-07T14:16:16.372Z</time></trkpt><trkpt lat="47.60863250" lon="19.14696980"><ele>136.66</ele><time>1980-01-07T14:16:16.572Z</time></trkpt><trkpt lat="47.60863250" lon="19.14696980"><ele>136.66</ele><time>1980-01-07T14:16:16.772Z</time></trkpt><trkpt lat="47.60863240" lon="19.14696980"><ele>136.66</ele><time>1980-01-07T14:16:16.972Z</time></trkpt><trkpt lat="47.60863240" lon="19.14696980"><ele>136.66</ele><time>1980-01-07T14:16:17.172Z</time></trkpt><trkpt lat="47.60863240" lon="19.14696980"><ele>136.65</ele><time>1980-01-07T14:16:17.372Z</time></trkpt><trkpt lat="47.60863240" lon="19.14696980"><ele>136.65</ele><time>1980-01-07T14:16:17.572Z</time></trkpt><trkpt lat="47.60863240" lon="19.14696980"><ele>136.65</ele><time>1980-01-07T14:16:17.772Z</time></trkpt><trkpt lat="47.60863240" lon="19.14696970"><ele>136.65</ele><time>1980-01-07T14:16:17.973Z</time></trkpt><trkpt lat="47.60863240" lon="19.14696970"><ele>136.64</ele><time>1980-01-07T14:16:18.173Z</time></trkpt><trkpt lat="47.60863240" lon="19.14696970"><ele>136.64</ele><time>1980-01-07T14:16:18.373Z</time></trkpt><trkpt lat="47.60863240" lon="19.14696970"><ele>136.64</ele><time>1980-01-07T14:16:18.575Z</time></trkpt><trkpt lat="47.60863240" lon="19.14696960"><ele>136.64</ele><time>1980-01-07T14:16:18.776Z</time></trkpt><trkpt lat="47.60863230" lon="19.14696960"><ele>136.64</ele><time>1980-01-07T14:16:18.976Z</time></trkpt><trkpt lat="47.60863240" lon="19.14696960"><ele>136.64</ele><time>1980-01-07T14:16:19.176Z</time></trkpt><trkpt lat="47.60863240" lon="19.14696970"><ele>136.64</ele><time>1980-01-07T14:16:19.376Z</time></trkpt><trkpt lat="47.60863240" lon="19.14696970"><ele>136.64</ele><time>1980-01-07T14:16:19.576Z</time></trkpt><trkpt lat="47.60863230" lon="19.14696970"><ele>136.64</ele><time>1980-01-07T14:16:19.776Z</time></trkpt><trkpt lat="47.60863230" lon="19.14696980"><ele>136.63</ele><time>1980-01-07T14:16:19.976Z</time></trkpt><trkpt lat="47.60863230" lon="19.14696980"><ele>136.63</ele><time>1980-01-07T14:16:20.175Z</time></trkpt><trkpt lat="47.60863230" lon="19.14696990"><ele>136.63</ele><time>1980-01-07T14:16:20.375Z</time></trkpt><trkpt lat="47.60863230" lon="19.14696990"><ele>136.63</ele><time>1980-01-07T14:16:20.582Z</time></trkpt><trkpt lat="47.60863230" lon="19.14696990"><ele>136.63</ele><time>1980-01-07T14:16:20.782Z</time></trkpt><trkpt lat="47.60863230" lon="19.14697000"><ele>136.63</ele><time>1980-01-07T14:16:20.982Z</time></trkpt><trkpt lat="47.60863230" lon="19.14697000"><ele>136.63</ele><time>1980-01-07T14:16:21.182Z</time></trkpt><trkpt lat="47.60863230" lon="19.14697000"><ele>136.62</ele><time>1980-01-07T14:16:21.382Z</time></trkpt><trkpt lat="47.60863220" lon="19.14697000"><ele>136.62</ele><time>1980-01-07T14:16:21.582Z</time></trkpt><trkpt lat="47.60863220" lon="19.14697000"><ele>136.62</ele><time>1980-01-07T14:16:21.786Z</time></trkpt><trkpt lat="47.60863220" lon="19.14697010"><ele>136.61</ele><time>1980-01-07T14:16:21.986Z</time></trkpt><trkpt lat="47.60863220" lon="19.14697010"><ele>136.61</ele><time>1980-01-07T14:16:22.186Z</time></trkpt><trkpt lat="47.60863230" lon="19.14697000"><ele>136.61</ele><time>1980-01-07T14:16:22.386Z</time></trkpt><trkpt lat="47.60863230" lon="19.14697010"><ele>136.61</ele><time>1980-01-07T14:16:22.586Z</time></trkpt><trkpt lat="47.60863230" lon="19.14697010"><ele>136.61</ele><time>1980-01-07T14:16:22.786Z</time></trkpt><trkpt lat="47.60863230" lon="19.14697010"><ele>136.61</ele><time>1980-01-07T14:16:22.986Z</time></trkpt><trkpt lat="47.60863230" lon="19.14697010"><ele>136.62</ele><time>1980-01-07T14:16:23.182Z</time></trkpt><trkpt lat="47.60863230" lon="19.14697010"><ele>136.62</ele><time>1980-01-07T14:16:23.382Z</time></trkpt><trkpt lat="47.60863230" lon="19.14697010"><ele>136.62</ele><time>1980-01-07T14:16:23.582Z</time></trkpt><trkpt lat="47.60863230" lon="19.14697010"><ele>136.62</ele><time>1980-01-07T14:16:23.783Z</time></trkpt><trkpt lat="47.60863230" lon="19.14697010"><ele>136.63</ele><time>1980-01-07T14:16:23.983Z</time></trkpt><trkpt lat="47.60863230" lon="19.14697010"><ele>136.62</ele><time>1980-01-07T14:16:24.183Z</time></trkpt><trkpt lat="47.60863230" lon="19.14697010"><ele>136.62</ele><time>1980-01-07T14:16:24.386Z</time></trkpt><trkpt lat="47.60863230" lon="19.14697010"><ele>136.62</ele><time>1980-01-07T14:16:24.588Z</time></trkpt><trkpt lat="47.60863220" lon="19.14697010"><ele>136.62</ele><time>1980-01-07T14:16:24.789Z</time></trkpt><trkpt lat="47.60863220" lon="19.14697010"><ele>136.62</ele><time>1980-01-07T14:16:24.989Z</time></trkpt><trkpt lat="47.60863220" lon="19.14697010"><ele>136.62</ele><time>1980-01-07T14:16:25.191Z</time></trkpt><trkpt lat="47.60863220" lon="19.14697010"><ele>136.62</ele><time>1980-01-07T14:16:25.392Z</time></trkpt><trkpt lat="47.60863220" lon="19.14697010"><ele>136.62</ele><time>1980-01-07T14:16:25.591Z</time></trkpt><trkpt lat="47.60863210" lon="19.14697000"><ele>136.62</ele><time>1980-01-07T14:16:25.792Z</time></trkpt><trkpt lat="47.60863210" lon="19.14697000"><ele>136.62</ele><time>1980-01-07T14:16:25.992Z</time></trkpt><trkpt lat="47.60863210" lon="19.14697000"><ele>136.62</ele><time>1980-01-07T14:16:26.192Z</time></trkpt><trkpt lat="47.60863210" lon="19.14696990"><ele>136.62</ele><time>1980-01-07T14:16:26.392Z</time></trkpt><trkpt lat="47.60863210" lon="19.14696990"><ele>136.62</ele><time>1980-01-07T14:16:26.592Z</time></trkpt><trkpt lat="47.60863210" lon="19.14696980"><ele>136.61</ele><time>1980-01-07T14:16:26.792Z</time></trkpt><trkpt lat="47.60863210" lon="19.14696980"><ele>136.61</ele><time>1980-01-07T14:16:26.992Z</time></trkpt><trkpt lat="47.60863210" lon="19.14696980"><ele>136.62</ele><time>1980-01-07T14:16:27.192Z</time></trkpt><trkpt lat="47.60863210" lon="19.14696980"><ele>136.61</ele><time>1980-01-07T14:16:27.392Z</time></trkpt><trkpt lat="47.60863210" lon="19.14696990"><ele>136.62</ele><time>1980-01-07T14:16:27.583Z</time></trkpt><trkpt lat="47.60863210" lon="19.14696990"><ele>136.62</ele><time>1980-01-07T14:16:27.783Z</time></trkpt><trkpt lat="47.60863220" lon="19.14696990"><ele>136.63</ele><time>1980-01-07T14:16:27.984Z</time></trkpt><trkpt lat="47.60863220" lon="19.14696990"><ele>136.63</ele><time>1980-01-07T14:16:28.184Z</time></trkpt><trkpt lat="47.60863220" lon="19.14696990"><ele>136.63</ele><time>1980-01-07T14:16:28.385Z</time></trkpt><trkpt lat="47.60863230" lon="19.14696980"><ele>136.63</ele><time>1980-01-07T14:16:28.587Z</time></trkpt><trkpt lat="47.60863230" lon="19.14696980"><ele>136.63</ele><time>1980-01-07T14:16:28.788Z</time></trkpt><trkpt lat="47.60863230" lon="19.14696980"><ele>136.64</ele><time>1980-01-07T14:16:28.989Z</time></trkpt><trkpt lat="47.60863230" lon="19.14696980"><ele>136.64</ele><time>1980-01-07T14:16:29.191Z</time></trkpt><trkpt lat="47.60863230" lon="19.14696980"><ele>136.63</ele><time>1980-01-07T14:16:29.390Z</time></trkpt><trkpt lat="47.60863230" lon="19.14696980"><ele>136.64</ele><time>1980-01-07T14:16:29.591Z</time></trkpt><trkpt lat="47.60863230" lon="19.14696980"><ele>136.64</ele><time>1980-01-07T14:16:29.792Z</time></trkpt><trkpt lat="47.60863230" lon="19.14696980"><ele>136.64</ele><time>1980-01-07T14:16:29.992Z</time></trkpt><trkpt lat="47.60863230" lon="19.14696970"><ele>136.64</ele><time>1980-01-07T14:16:30.192Z</time></trkpt><trkpt lat="47.60863230" lon="19.14696970"><ele>136.64</ele><time>1980-01-07T14:16:30.392Z</time></trkpt><trkpt lat="47.60863230" lon="19.14696970"><ele>136.64</ele><time>1980-01-07T14:16:30.592Z</time></trkpt><trkpt lat="47.60863240" lon="19.14696970"><ele>136.65</ele><time>1980-01-07T14:16:30.792Z</time></trkpt><trkpt lat="47.60863240" lon="19.14696970"><ele>136.65</ele><time>1980-01-07T14:16:30.992Z</time></trkpt><trkpt lat="47.60863230" lon="19.14696970"><ele>136.65</ele><time>1980-01-07T14:16:31.192Z</time></trkpt><trkpt lat="47.60863240" lon="19.14696970"><ele>136.65</ele><time>1980-01-07T14:16:31.392Z</time></trkpt><trkpt lat="47.60863240" lon="19.14696960"><ele>136.65</ele><time>1980-01-07T14:16:31.592Z</time></trkpt><trkpt lat="47.60863240" lon="19.14696970"><ele>136.65</ele><time>1980-01-07T14:16:31.792Z</time></trkpt><trkpt lat="47.60863240" lon="19.14696970"><ele>136.66</ele><time>1980-01-07T14:16:31.992Z</time></trkpt><trkpt lat="47.60863240" lon="19.14696970"><ele>136.65</ele><time>1980-01-07T14:16:32.192Z</time></trkpt><trkpt lat="47.60863240" lon="19.14696970"><ele>136.65</ele><time>1980-01-07T14:16:32.392Z</time></trkpt><trkpt lat="47.60863240" lon="19.14696970"><ele>136.65</ele><time>1980-01-07T14:16:32.592Z</time></trkpt><trkpt lat="47.60863240" lon="19.14696970"><ele>136.65</ele><time>1980-01-07T14:16:32.792Z</time></trkpt><trkpt lat="47.60863240" lon="19.14696970"><ele>136.64</ele><time>1980-01-07T14:16:32.992Z</time></trkpt><trkpt lat="47.60863240" lon="19.14696960"><ele>136.64</ele><time>1980-01-07T14:16:33.188Z</time></trkpt><trkpt lat="47.60863240" lon="19.14696960"><ele>136.64</ele><time>1980-01-07T14:16:33.388Z</time></trkpt><trkpt lat="47.60863240" lon="19.14696960"><ele>136.64</ele><time>1980-01-07T14:16:33.589Z</time></trkpt><trkpt lat="47.60863240" lon="19.14696950"><ele>136.64</ele><time>1980-01-07T14:16:33.791Z</time></trkpt><trkpt lat="47.60863240" lon="19.14696950"><ele>136.63</ele><time>1980-01-07T14:16:33.992Z</time></trkpt><trkpt lat="47.60863240" lon="19.14696950"><ele>136.63</ele><time>1980-01-07T14:16:34.192Z</time></trkpt><trkpt lat="47.60863240" lon="19.14696950"><ele>136.63</ele><time>1980-01-07T14:16:34.392Z</time></trkpt><trkpt lat="47.60863240" lon="19.14696950"><ele>136.63</ele><time>1980-01-07T14:16:34.592Z</time></trkpt><trkpt lat="47.60863230" lon="19.14696950"><ele>136.63</ele><time>1980-01-07T14:16:34.792Z</time></trkpt><trkpt lat="47.60863230" lon="19.14696950"><ele>136.63</ele><time>1980-01-07T14:16:34.992Z</time></trkpt><trkpt lat="47.60863230" lon="19.14696960"><ele>136.62</ele><time>1980-01-07T14:16:35.192Z</time></trkpt><trkpt lat="47.60863230" lon="19.14696950"><ele>136.62</ele><time>1980-01-07T14:16:35.402Z</time></trkpt><trkpt lat="47.60863230" lon="19.14696950"><ele>136.62</ele><time>1980-01-07T14:16:35.602Z</time></trkpt><trkpt lat="47.60863220" lon="19.14696950"><ele>136.62</ele><time>1980-01-07T14:16:35.802Z</time></trkpt><trkpt lat="47.60863220" lon="19.14696950"><ele>136.61</ele><time>1980-01-07T14:16:35.999Z</time></trkpt><trkpt lat="47.60863220" lon="19.14696950"><ele>136.61</ele><time>1980-01-07T14:16:36.202Z</time></trkpt><trkpt lat="47.60863220" lon="19.14696950"><ele>136.60</ele><time>1980-01-07T14:16:36.402Z</time></trkpt><trkpt lat="47.60863220" lon="19.14696950"><ele>136.60</ele><time>1980-01-07T14:16:36.602Z</time></trkpt><trkpt lat="47.60863220" lon="19.14696950"><ele>136.60</ele><time>1980-01-07T14:16:36.802Z</time></trkpt><trkpt lat="47.60863220" lon="19.14696950"><ele>136.60</ele><time>1980-01-07T14:16:36.999Z</time></trkpt><trkpt lat="47.60863220" lon="19.14696950"><ele>136.60</ele><time>1980-01-07T14:16:37.202Z</time></trkpt><trkpt lat="47.60863210" lon="19.14696950"><ele>136.60</ele><time>1980-01-07T14:16:37.402Z</time></trkpt><trkpt lat="47.60863210" lon="19.14696950"><ele>136.60</ele><time>1980-01-07T14:16:37.602Z</time></trkpt><trkpt lat="47.60863210" lon="19.14696950"><ele>136.60</ele><time>1980-01-07T14:16:37.802Z</time></trkpt><trkpt lat="47.60863210" lon="19.14696950"><ele>136.60</ele><time>1980-01-07T14:16:38.002Z</time></trkpt><trkpt lat="47.60863210" lon="19.14696950"><ele>136.60</ele><time>1980-01-07T14:16:38.199Z</time></trkpt><trkpt lat="47.60863210" lon="19.14696950"><ele>136.60</ele><time>1980-01-07T14:16:38.399Z</time></trkpt><trkpt lat="47.60863210" lon="19.14696950"><ele>136.60</ele><time>1980-01-07T14:16:38.599Z</time></trkpt><trkpt lat="47.60863210" lon="19.14696940"><ele>136.59</ele><time>1980-01-07T14:16:38.799Z</time></trkpt><trkpt lat="47.60863210" lon="19.14696940"><ele>136.59</ele><time>1980-01-07T14:16:38.999Z</time></trkpt><trkpt lat="47.60863210" lon="19.14696940"><ele>136.58</ele><time>1980-01-07T14:16:39.200Z</time></trkpt><trkpt lat="47.60863220" lon="19.14696940"><ele>136.58</ele><time>1980-01-07T14:16:39.401Z</time></trkpt><trkpt lat="47.60863210" lon="19.14696940"><ele>136.57</ele><time>1980-01-07T14:16:39.601Z</time></trkpt><trkpt lat="47.60863210" lon="19.14696940"><ele>136.57</ele><time>1980-01-07T14:16:39.801Z</time></trkpt><trkpt lat="47.60863210" lon="19.14696940"><ele>136.57</ele><time>1980-01-07T14:16:40.001Z</time></trkpt><trkpt lat="47.60863220" lon="19.14696940"><ele>136.57</ele><time>1980-01-07T14:16:40.202Z</time></trkpt><trkpt lat="47.60863220" lon="19.14696940"><ele>136.57</ele><time>1980-01-07T14:16:40.402Z</time></trkpt><trkpt lat="47.60863220" lon="19.14696940"><ele>136.57</ele><time>1980-01-07T14:16:40.602Z</time></trkpt><trkpt lat="47.60863230" lon="19.14696950"><ele>136.57</ele><time>1980-01-07T14:16:40.802Z</time></trkpt><trkpt lat="47.60863230" lon="19.14696950"><ele>136.57</ele><time>1980-01-07T14:16:41.002Z</time></trkpt><trkpt lat="47.60863230" lon="19.14696960"><ele>136.57</ele><time>1980-01-07T14:16:41.199Z</time></trkpt><trkpt lat="47.60863230" lon="19.14696960"><ele>136.57</ele><time>1980-01-07T14:16:41.402Z</time></trkpt><trkpt lat="47.60863230" lon="19.14696960"><ele>136.57</ele><time>1980-01-07T14:16:41.602Z</time></trkpt><trkpt lat="47.60863230" lon="19.14696960"><ele>136.57</ele><time>1980-01-07T14:16:41.802Z</time></trkpt><trkpt lat="47.60863240" lon="19.14696960"><ele>136.58</ele><time>1980-01-07T14:16:42.012Z</time></trkpt><trkpt lat="47.60863240" lon="19.14696950"><ele>136.57</ele><time>1980-01-07T14:16:42.212Z</time></trkpt><trkpt lat="47.60863240" lon="19.14696950"><ele>136.57</ele><time>1980-01-07T14:16:42.402Z</time></trkpt><trkpt lat="47.60863230" lon="19.14696950"><ele>136.57</ele><time>1980-01-07T14:16:42.612Z</time></trkpt><trkpt lat="47.60863230" lon="19.14696950"><ele>136.57</ele><time>1980-01-07T14:16:42.802Z</time></trkpt><trkpt lat="47.60863230" lon="19.14696950"><ele>136.57</ele><time>1980-01-07T14:16:43.002Z</time></trkpt><trkpt lat="47.60863230" lon="19.14696950"><ele>136.57</ele><time>1980-01-07T14:16:43.206Z</time></trkpt><trkpt lat="47.60863230" lon="19.14696950"><ele>136.57</ele><time>1980-01-07T14:16:43.407Z</time></trkpt><trkpt lat="47.60863220" lon="19.14696950"><ele>136.57</ele><time>1980-01-07T14:16:43.607Z</time></trkpt><trkpt lat="47.60863220" lon="19.14696940"><ele>136.57</ele><time>1980-01-07T14:16:43.808Z</time></trkpt><trkpt lat="47.60863220" lon="19.14696940"><ele>136.57</ele><time>1980-01-07T14:16:44.009Z</time></trkpt><trkpt lat="47.60863210" lon="19.14696940"><ele>136.57</ele><time>1980-01-07T14:16:44.212Z</time></trkpt><trkpt lat="47.60863210" lon="19.14696940"><ele>136.56</ele><time>1980-01-07T14:16:44.412Z</time></trkpt><trkpt lat="47.60863210" lon="19.14696940"><ele>136.56</ele><time>1980-01-07T14:16:44.612Z</time></trkpt><trkpt lat="47.60863210" lon="19.14696940"><ele>136.56</ele><time>1980-01-07T14:16:44.812Z</time></trkpt><trkpt lat="47.60863210" lon="19.14696940"><ele>136.56</ele><time>1980-01-07T14:16:45.012Z</time></trkpt><trkpt lat="47.60863210" lon="19.14696940"><ele>136.56</ele><time>1980-01-07T14:16:45.206Z</time></trkpt><trkpt lat="47.60863210" lon="19.14696940"><ele>136.56</ele><time>1980-01-07T14:16:45.406Z</time></trkpt><trkpt lat="47.60863220" lon="19.14696940"><ele>136.56</ele><time>1980-01-07T14:16:45.606Z</time></trkpt><trkpt lat="47.60863220" lon="19.14696940"><ele>136.57</ele><time>1980-01-07T14:16:45.806Z</time></trkpt><trkpt lat="47.60863220" lon="19.14696940"><ele>136.57</ele><time>1980-01-07T14:16:46.012Z</time></trkpt><trkpt lat="47.60863220" lon="19.14696940"><ele>136.57</ele><time>1980-01-07T14:16:46.206Z</time></trkpt><trkpt lat="47.60863220" lon="19.14696940"><ele>136.57</ele><time>1980-01-07T14:16:46.406Z</time></trkpt><trkpt lat="47.60863220" lon="19.14696940"><ele>136.57</ele><time>1980-01-07T14:16:46.612Z</time></trkpt><trkpt lat="47.60863220" lon="19.14696940"><ele>136.57</ele><time>1980-01-07T14:16:46.812Z</time></trkpt><trkpt lat="47.60863230" lon="19.14696940"><ele>136.58</ele><time>1980-01-07T14:16:47.012Z</time></trkpt><trkpt lat="47.60863230" lon="19.14696940"><ele>136.58</ele><time>1980-01-07T14:16:47.212Z</time></trkpt><trkpt lat="47.60863230" lon="19.14696940"><ele>136.58</ele><time>1980-01-07T14:16:47.422Z</time></trkpt><trkpt lat="47.60863230" lon="19.14696940"><ele>136.58</ele><time>1980-01-07T14:16:47.622Z</time></trkpt><trkpt lat="47.60863230" lon="19.14696940"><ele>136.59</ele><time>1980-01-07T14:16:47.822Z</time></trkpt><trkpt lat="47.60863230" lon="19.14696940"><ele>136.59</ele><time>1980-01-07T14:16:48.022Z</time></trkpt><trkpt lat="47.60863240" lon="19.14696930"><ele>136.58</ele><time>1980-01-07T14:16:48.217Z</time></trkpt><trkpt lat="47.60863240" lon="19.14696930"><ele>136.58</ele><time>1980-01-07T14:16:48.417Z</time></trkpt><trkpt lat="47.60863240" lon="19.14696930"><ele>136.58</ele><time>1980-01-07T14:16:48.617Z</time></trkpt><trkpt lat="47.60863250" lon="19.14696930"><ele>136.58</ele><time>1980-01-07T14:16:48.817Z</time></trkpt><trkpt lat="47.60863240" lon="19.14696930"><ele>136.58</ele><time>1980-01-07T14:16:49.018Z</time></trkpt><trkpt lat="47.60863240" lon="19.14696930"><ele>136.58</ele><time>1980-01-07T14:16:49.222Z</time></trkpt><trkpt lat="47.60863240" lon="19.14696930"><ele>136.58</ele><time>1980-01-07T14:16:49.422Z</time></trkpt><trkpt lat="47.60863240" lon="19.14696940"><ele>136.58</ele><time>1980-01-07T14:16:49.622Z</time></trkpt><trkpt lat="47.60863240" lon="19.14696940"><ele>136.57</ele><time>1980-01-07T14:16:49.822Z</time></trkpt><trkpt lat="47.60863240" lon="19.14696940"><ele>136.57</ele><time>1980-01-07T14:16:50.022Z</time></trkpt><trkpt lat="47.60863250" lon="19.14696950"><ele>136.57</ele><time>1980-01-07T14:16:50.222Z</time></trkpt><trkpt lat="47.60863250" lon="19.14696950"><ele>136.56</ele><time>1980-01-07T14:16:50.422Z</time></trkpt><trkpt lat="47.60863250" lon="19.14696950"><ele>136.57</ele><time>1980-01-07T14:16:50.622Z</time></trkpt><trkpt lat="47.60863250" lon="19.14696950"><ele>136.57</ele><time>1980-01-07T14:16:50.828Z</time></trkpt><trkpt lat="47.60863250" lon="19.14696950"><ele>136.56</ele><time>1980-01-07T14:16:51.022Z</time></trkpt><trkpt lat="47.60863250" lon="19.14696950"><ele>136.56</ele><time>1980-01-07T14:16:51.222Z</time></trkpt><trkpt lat="47.60863250" lon="19.14696950"><ele>136.56</ele><time>1980-01-07T14:16:51.431Z</time></trkpt><trkpt lat="47.60863250" lon="19.14696950"><ele>136.57</ele><time>1980-01-07T14:16:51.631Z</time></trkpt><trkpt lat="47.60863250" lon="19.14696950"><ele>136.57</ele><time>1980-01-07T14:16:51.832Z</time></trkpt><trkpt lat="47.60863250" lon="19.14696950"><ele>136.57</ele><time>1980-01-07T14:16:52.030Z</time></trkpt><trkpt lat="47.60863240" lon="19.14696950"><ele>136.57</ele><time>1980-01-07T14:16:52.232Z</time></trkpt><trkpt lat="47.60863240" lon="19.14696950"><ele>136.57</ele><time>1980-01-07T14:16:52.432Z</time></trkpt><trkpt lat="47.60863240" lon="19.14696950"><ele>136.57</ele><time>1980-01-07T14:16:52.632Z</time></trkpt><trkpt lat="47.60863230" lon="19.14696960"><ele>136.57</ele><time>1980-01-07T14:16:52.832Z</time></trkpt><trkpt lat="47.60863220" lon="19.14696960"><ele>136.57</ele><time>1980-01-07T14:16:53.032Z</time></trkpt><trkpt lat="47.60863220" lon="19.14696960"><ele>136.57</ele><time>1980-01-07T14:16:53.232Z</time></trkpt><trkpt lat="47.60863210" lon="19.14696960"><ele>136.57</ele><time>1980-01-07T14:16:53.432Z</time></trkpt><trkpt lat="47.60863210" lon="19.14696960"><ele>136.58</ele><time>1980-01-07T14:16:53.632Z</time></trkpt><trkpt lat="47.60863210" lon="19.14696960"><ele>136.58</ele><time>1980-01-07T14:16:53.832Z</time></trkpt><trkpt lat="47.60863210" lon="19.14696960"><ele>136.59</ele><time>1980-01-07T14:16:54.042Z</time></trkpt><trkpt lat="47.60863200" lon="19.14696960"><ele>136.59</ele><time>1980-01-07T14:16:54.242Z</time></trkpt><trkpt lat="47.60863200" lon="19.14696960"><ele>136.59</ele><time>1980-01-07T14:16:54.442Z</time></trkpt><trkpt lat="47.60863190" lon="19.14696970"><ele>136.59</ele><time>1980-01-07T14:16:54.646Z</time></trkpt><trkpt lat="47.60863190" lon="19.14696970"><ele>136.59</ele><time>1980-01-07T14:16:54.847Z</time></trkpt><trkpt lat="47.60863190" lon="19.14696970"><ele>136.59</ele><time>1980-01-07T14:16:55.048Z</time></trkpt><trkpt lat="47.60863190" lon="19.14696970"><ele>136.59</ele><time>1980-01-07T14:16:55.249Z</time></trkpt><trkpt lat="47.60863190" lon="19.14696980"><ele>136.59</ele><time>1980-01-07T14:16:55.449Z</time></trkpt><trkpt lat="47.60863190" lon="19.14696980"><ele>136.59</ele><time>1980-01-07T14:16:55.651Z</time></trkpt><trkpt lat="47.60863190" lon="19.14696970"><ele>136.59</ele><time>1980-01-07T14:16:55.851Z</time></trkpt><trkpt lat="47.60863190" lon="19.14696970"><ele>136.60</ele><time>1980-01-07T14:16:56.052Z</time></trkpt><trkpt lat="47.60863190" lon="19.14696970"><ele>136.60</ele><time>1980-01-07T14:16:56.252Z</time></trkpt><trkpt lat="47.60863200" lon="19.14696970"><ele>136.60</ele><time>1980-01-07T14:16:56.452Z</time></trkpt><trkpt lat="47.60863200" lon="19.14696970"><ele>136.60</ele><time>1980-01-07T14:16:56.652Z</time></trkpt><trkpt lat="47.60863200" lon="19.14696980"><ele>136.59</ele><time>1980-01-07T14:16:56.852Z</time></trkpt><trkpt lat="47.60863200" lon="19.14696980"><ele>136.59</ele><time>1980-01-07T14:16:57.052Z</time></trkpt><trkpt lat="47.60863200" lon="19.14696980"><ele>136.60</ele><time>1980-01-07T14:16:57.252Z</time></trkpt><trkpt lat="47.60863200" lon="19.14696980"><ele>136.59</ele><time>1980-01-07T14:16:57.452Z</time></trkpt><trkpt lat="47.60863200" lon="19.14696980"><ele>136.60</ele><time>1980-01-07T14:16:57.652Z</time></trkpt><trkpt lat="47.60863210" lon="19.14696980"><ele>136.60</ele><time>1980-01-07T14:16:57.852Z</time></trkpt><trkpt lat="47.60863210" lon="19.14696980"><ele>136.60</ele><time>1980-01-07T14:16:58.052Z</time></trkpt><trkpt lat="47.60863210" lon="19.14696990"><ele>136.59</ele><time>1980-01-07T14:16:58.252Z</time></trkpt><trkpt lat="47.60863210" lon="19.14696990"><ele>136.59</ele><time>1980-01-07T14:16:58.452Z</time></trkpt><trkpt lat="47.60863220" lon="19.14696990"><ele>136.59</ele><time>1980-01-07T14:16:58.662Z</time></trkpt><trkpt lat="47.60863220" lon="19.14696990"><ele>136.60</ele><time>1980-01-07T14:16:58.862Z</time></trkpt><trkpt lat="47.60863220" lon="19.14696980"><ele>136.60</ele><time>1980-01-07T14:16:59.062Z</time></trkpt><trkpt lat="47.60863220" lon="19.14696980"><ele>136.60</ele><time>1980-01-07T14:16:59.262Z</time></trkpt><trkpt lat="47.60863220" lon="19.14696990"><ele>136.60</ele><time>1980-01-07T14:16:59.462Z</time></trkpt><trkpt lat="47.60863220" lon="19.14696990"><ele>136.59</ele><time>1980-01-07T14:16:59.662Z</time></trkpt><trkpt lat="47.60863220" lon="19.14696990"><ele>136.59</ele><time>1980-01-07T14:16:59.868Z</time></trkpt><trkpt lat="47.60863220" lon="19.14696980"><ele>136.60</ele><time>1980-01-07T14:17:00.065Z</time></trkpt><trkpt lat="47.60863220" lon="19.14696980"><ele>136.59</ele><time>1980-01-07T14:17:00.265Z</time></trkpt><trkpt lat="47.60863220" lon="19.14696990"><ele>136.59</ele><time>1980-01-07T14:17:00.466Z</time></trkpt><trkpt lat="47.60863220" lon="19.14696980"><ele>136.58</ele><time>1980-01-07T14:17:00.665Z</time></trkpt><trkpt lat="47.60863220" lon="19.14696980"><ele>136.58</ele><time>1980-01-07T14:17:00.865Z</time></trkpt><trkpt lat="47.60863220" lon="19.14696980"><ele>136.58</ele><time>1980-01-07T14:17:01.072Z</time></trkpt><trkpt lat="47.60863220" lon="19.14696980"><ele>136.58</ele><time>1980-01-07T14:17:01.276Z</time></trkpt><trkpt lat="47.60863230" lon="19.14696990"><ele>136.57</ele><time>1980-01-07T14:17:01.482Z</time></trkpt><trkpt lat="47.60863230" lon="19.14696990"><ele>136.57</ele><time>1980-01-07T14:17:01.682Z</time></trkpt><trkpt lat="47.60863230" lon="19.14696980"><ele>136.56</ele><time>1980-01-07T14:17:01.882Z</time></trkpt><trkpt lat="47.60863230" lon="19.14696980"><ele>136.56</ele><time>1980-01-07T14:17:02.082Z</time></trkpt><trkpt lat="47.60863240" lon="19.14696980"><ele>136.56</ele><time>1980-01-07T14:17:02.282Z</time></trkpt><trkpt lat="47.60863240" lon="19.14696970"><ele>136.56</ele><time>1980-01-07T14:17:02.482Z</time></trkpt><trkpt lat="47.60863240" lon="19.14696970"><ele>136.56</ele><time>1980-01-07T14:17:02.685Z</time></trkpt><trkpt lat="47.60863250" lon="19.14696970"><ele>136.56</ele><time>1980-01-07T14:17:02.882Z</time></trkpt><trkpt lat="47.60863250" lon="19.14696970"><ele>136.57</ele><time>1980-01-07T14:17:03.084Z</time></trkpt><trkpt lat="47.60863260" lon="19.14696970"><ele>136.57</ele><time>1980-01-07T14:17:03.282Z</time></trkpt><trkpt lat="47.60863260" lon="19.14696970"><ele>136.57</ele><time>1980-01-07T14:17:03.482Z</time></trkpt><trkpt lat="47.60863260" lon="19.14696960"><ele>136.57</ele><time>1980-01-07T14:17:03.682Z</time></trkpt><trkpt lat="47.60863260" lon="19.14696960"><ele>136.57</ele><time>1980-01-07T14:17:03.884Z</time></trkpt><trkpt lat="47.60863260" lon="19.14696960"><ele>136.57</ele><time>1980-01-07T14:17:04.083Z</time></trkpt><trkpt lat="47.60863260" lon="19.14696960"><ele>136.57</ele><time>1980-01-07T14:17:04.284Z</time></trkpt><trkpt lat="47.60863260" lon="19.14696960"><ele>136.57</ele><time>1980-01-07T14:17:04.484Z</time></trkpt><trkpt lat="47.60863260" lon="19.14696960"><ele>136.57</ele><time>1980-01-07T14:17:04.689Z</time></trkpt><trkpt lat="47.60863260" lon="19.14696960"><ele>136.58</ele><time>1980-01-07T14:17:04.885Z</time></trkpt><trkpt lat="47.60863260" lon="19.14696960"><ele>136.58</ele><time>1980-01-07T14:17:05.085Z</time></trkpt><trkpt lat="47.60863260" lon="19.14696960"><ele>136.58</ele><time>1980-01-07T14:17:05.286Z</time></trkpt><trkpt lat="47.60863250" lon="19.14696960"><ele>136.58</ele><time>1980-01-07T14:17:05.486Z</time></trkpt><trkpt lat="47.60863260" lon="19.14696960"><ele>136.58</ele><time>1980-01-07T14:17:05.690Z</time></trkpt><trkpt lat="47.60863250" lon="19.14696960"><ele>136.59</ele><time>1980-01-07T14:17:05.890Z</time></trkpt><trkpt lat="47.60863250" lon="19.14696950"><ele>136.59</ele><time>1980-01-07T14:17:06.091Z</time></trkpt><trkpt lat="47.60863250" lon="19.14696950"><ele>136.59</ele><time>1980-01-07T14:17:06.286Z</time></trkpt><trkpt lat="47.60863250" lon="19.14696950"><ele>136.59</ele><time>1980-01-07T14:17:06.486Z</time></trkpt><trkpt lat="47.60863240" lon="19.14696940"><ele>136.58</ele><time>1980-01-07T14:17:06.687Z</time></trkpt><trkpt lat="47.60863240" lon="19.14696940"><ele>136.58</ele><time>1980-01-07T14:17:06.887Z</time></trkpt><trkpt lat="47.60863240" lon="19.14696930"><ele>136.58</ele><time>1980-01-07T14:17:07.088Z</time></trkpt><trkpt lat="47.60863240" lon="19.14696930"><ele>136.58</ele><time>1980-01-07T14:17:07.290Z</time></trkpt><trkpt lat="47.60863240" lon="19.14696930"><ele>136.58</ele><time>1980-01-07T14:17:07.491Z</time></trkpt><trkpt lat="47.60863230" lon="19.14696930"><ele>136.58</ele><time>1980-01-07T14:17:07.691Z</time></trkpt><trkpt lat="47.60863240" lon="19.14696930"><ele>136.59</ele><time>1980-01-07T14:17:07.892Z</time></trkpt><trkpt lat="47.60863240" lon="19.14696930"><ele>136.59</ele><time>1980-01-07T14:17:08.093Z</time></trkpt><trkpt lat="47.60863240" lon="19.14696930"><ele>136.59</ele><time>1980-01-07T14:17:08.302Z</time></trkpt><trkpt lat="47.60863240" lon="19.14696930"><ele>136.59</ele><time>1980-01-07T14:17:08.497Z</time></trkpt><trkpt lat="47.60863230" lon="19.14696930"><ele>136.58</ele><time>1980-01-07T14:17:08.695Z</time></trkpt><trkpt lat="47.60863230" lon="19.14696920"><ele>136.58</ele><time>1980-01-07T14:17:08.892Z</time></trkpt><trkpt lat="47.60863230" lon="19.14696920"><ele>136.58</ele><time>1980-01-07T14:17:09.102Z</time></trkpt><trkpt lat="47.60863230" lon="19.14696930"><ele>136.58</ele><time>1980-01-07T14:17:09.292Z</time></trkpt><trkpt lat="47.60863230" lon="19.14696930"><ele>136.58</ele><time>1980-01-07T14:17:09.493Z</time></trkpt><trkpt lat="47.60863230" lon="19.14696930"><ele>136.58</ele><time>1980-01-07T14:17:09.692Z</time></trkpt><trkpt lat="47.60863230" lon="19.14696930"><ele>136.58</ele><time>1980-01-07T14:17:09.893Z</time></trkpt><trkpt lat="47.60863240" lon="19.14696930"><ele>136.58</ele><time>1980-01-07T14:17:10.095Z</time></trkpt><trkpt lat="47.60863240" lon="19.14696940"><ele>136.58</ele><time>1980-01-07T14:17:10.293Z</time></trkpt><trkpt lat="47.60863240" lon="19.14696940"><ele>136.58</ele><time>1980-01-07T14:17:10.494Z</time></trkpt><trkpt lat="47.60863240" lon="19.14696940"><ele>136.57</ele><time>1980-01-07T14:17:10.696Z</time></trkpt><trkpt lat="47.60863240" lon="19.14696940"><ele>136.57</ele><time>1980-01-07T14:17:10.893Z</time></trkpt><trkpt lat="47.60863240" lon="19.14696940"><ele>136.57</ele><time>1980-01-07T14:17:11.093Z</time></trkpt><trkpt lat="47.60863240" lon="19.14696930"><ele>136.57</ele><time>1980-01-07T14:17:11.294Z</time></trkpt><trkpt lat="47.60863240" lon="19.14696930"><ele>136.57</ele><time>1980-01-07T14:17:11.498Z</time></trkpt><trkpt lat="47.60863240" lon="19.14696930"><ele>136.57</ele><time>1980-01-07T14:17:11.696Z</time></trkpt><trkpt lat="47.60863240" lon="19.14696920"><ele>136.57</ele><time>1980-01-07T14:17:11.898Z</time></trkpt><trkpt lat="47.60863240" lon="19.14696920"><ele>136.57</ele><time>1980-01-07T14:17:12.098Z</time></trkpt><trkpt lat="47.60863240" lon="19.14696920"><ele>136.57</ele><time>1980-01-07T14:17:12.298Z</time></trkpt><trkpt lat="47.60863240" lon="19.14696920"><ele>136.57</ele><time>1980-01-07T14:17:12.498Z</time></trkpt><trkpt lat="47.60863240" lon="19.14696920"><ele>136.57</ele><time>1980-01-07T14:17:12.698Z</time></trkpt><trkpt lat="47.60863240" lon="19.14696910"><ele>136.57</ele><time>1980-01-07T14:17:12.899Z</time></trkpt><trkpt lat="47.60863240" lon="19.14696910"><ele>136.57</ele><time>1980-01-07T14:17:13.099Z</time></trkpt><trkpt lat="47.60863240" lon="19.14696910"><ele>136.57</ele><time>1980-01-07T14:17:13.301Z</time></trkpt><trkpt lat="47.60863230" lon="19.14696920"><ele>136.57</ele><time>1980-01-07T14:17:13.499Z</time></trkpt><trkpt lat="47.60863230" lon="19.14696920"><ele>136.57</ele><time>1980-01-07T14:17:13.699Z</time></trkpt><trkpt lat="47.60863230" lon="19.14696930"><ele>136.57</ele><time>1980-01-07T14:17:13.902Z</time></trkpt><trkpt lat="47.60863230" lon="19.14696930"><ele>136.57</ele><time>1980-01-07T14:17:14.099Z</time></trkpt><trkpt lat="47.60863230" lon="19.14696930"><ele>136.57</ele><time>1980-01-07T14:17:14.302Z</time></trkpt><trkpt lat="47.60863230" lon="19.14696940"><ele>136.56</ele><time>1980-01-07T14:17:14.502Z</time></trkpt><trkpt lat="47.60863230" lon="19.14696940"><ele>136.57</ele><time>1980-01-07T14:17:14.702Z</time></trkpt><trkpt lat="47.60863230" lon="19.14696950"><ele>136.57</ele><time>1980-01-07T14:17:14.906Z</time></trkpt><trkpt lat="47.60863230" lon="19.14696950"><ele>136.57</ele><time>1980-01-07T14:17:15.106Z</time></trkpt><trkpt lat="47.60863230" lon="19.14696960"><ele>136.58</ele><time>1980-01-07T14:17:15.306Z</time></trkpt><trkpt lat="47.60863230" lon="19.14696960"><ele>136.58</ele><time>1980-01-07T14:17:15.508Z</time></trkpt><trkpt lat="47.60863240" lon="19.14696960"><ele>136.58</ele><time>1980-01-07T14:17:15.709Z</time></trkpt><trkpt lat="47.60863240" lon="19.14696960"><ele>136.58</ele><time>1980-01-07T14:17:15.911Z</time></trkpt><trkpt lat="47.60863240" lon="19.14696960"><ele>136.58</ele><time>1980-01-07T14:17:16.112Z</time></trkpt><trkpt lat="47.60863240" lon="19.14696960"><ele>136.58</ele><time>1980-01-07T14:17:16.312Z</time></trkpt><trkpt lat="47.60863240" lon="19.14696960"><ele>136.58</ele><time>1980-01-07T14:17:16.512Z</time></trkpt><trkpt lat="47.60863240" lon="19.14696960"><ele>136.59</ele><time>1980-01-07T14:17:16.707Z</time></trkpt><trkpt lat="47.60863240" lon="19.14696960"><ele>136.59</ele><time>1980-01-07T14:17:16.912Z</time></trkpt><trkpt lat="47.60863240" lon="19.14696960"><ele>136.59</ele><time>1980-01-07T14:17:17.112Z</time></trkpt><trkpt lat="47.60863240" lon="19.14696960"><ele>136.59</ele><time>1980-01-07T14:17:17.316Z</time></trkpt><trkpt lat="47.60863240" lon="19.14696960"><ele>136.59</ele><time>1980-01-07T14:17:17.512Z</time></trkpt><trkpt lat="47.60863240" lon="19.14696960"><ele>136.60</ele><time>1980-01-07T14:17:17.712Z</time></trkpt><trkpt lat="47.60863240" lon="19.14696960"><ele>136.60</ele><time>1980-01-07T14:17:17.922Z</time></trkpt><trkpt lat="47.60863240" lon="19.14696950"><ele>136.60</ele><time>1980-01-07T14:17:18.112Z</time></trkpt><trkpt lat="47.60863240" lon="19.14696950"><ele>136.60</ele><time>1980-01-07T14:17:18.313Z</time></trkpt><trkpt lat="47.60863250" lon="19.14696950"><ele>136.60</ele><time>1980-01-07T14:17:18.514Z</time></trkpt><trkpt lat="47.60863250" lon="19.14696950"><ele>136.60</ele><time>1980-01-07T14:17:18.716Z</time></trkpt><trkpt lat="47.60863250" lon="19.14696950"><ele>136.60</ele><time>1980-01-07T14:17:18.914Z</time></trkpt><trkpt lat="47.60863250" lon="19.14696950"><ele>136.61</ele><time>1980-01-07T14:17:19.118Z</time></trkpt><trkpt lat="47.60863250" lon="19.14696960"><ele>136.61</ele><time>1980-01-07T14:17:19.314Z</time></trkpt><trkpt lat="47.60863250" lon="19.14696960"><ele>136.61</ele><time>1980-01-07T14:17:19.513Z</time></trkpt><trkpt lat="47.60863250" lon="19.14696960"><ele>136.61</ele><time>1980-01-07T14:17:19.714Z</time></trkpt><trkpt lat="47.60863250" lon="19.14696960"><ele>136.61</ele><time>1980-01-07T14:17:19.915Z</time></trkpt><trkpt lat="47.60863250" lon="19.14696960"><ele>136.62</ele><time>1980-01-07T14:17:20.116Z</time></trkpt><trkpt lat="47.60863250" lon="19.14696960"><ele>136.62</ele><time>1980-01-07T14:17:20.314Z</time></trkpt><trkpt lat="47.60863250" lon="19.14696960"><ele>136.62</ele><time>1980-01-07T14:17:20.514Z</time></trkpt><trkpt lat="47.60863250" lon="19.14696960"><ele>136.62</ele><time>1980-01-07T14:17:20.714Z</time></trkpt><trkpt lat="47.60863240" lon="19.14696960"><ele>136.62</ele><time>1980-01-07T14:17:20.914Z</time></trkpt><trkpt lat="47.60863240" lon="19.14696960"><ele>136.62</ele><time>1980-01-07T14:17:21.115Z</time></trkpt><trkpt lat="47.60863240" lon="19.14696960"><ele>136.63</ele><time>1980-01-07T14:17:21.315Z</time></trkpt><trkpt lat="47.60863250" lon="19.14696960"><ele>136.63</ele><time>1980-01-07T14:17:21.517Z</time></trkpt><trkpt lat="47.60863250" lon="19.14696960"><ele>136.63</ele><time>1980-01-07T14:17:21.715Z</time></trkpt><trkpt lat="47.60863250" lon="19.14696960"><ele>136.63</ele><time>1980-01-07T14:17:21.914Z</time></trkpt><trkpt lat="47.60863250" lon="19.14696960"><ele>136.64</ele><time>1980-01-07T14:17:22.115Z</time></trkpt><trkpt lat="47.60863250" lon="19.14696960"><ele>136.63</ele><time>1980-01-07T14:17:22.315Z</time></trkpt><trkpt lat="47.60863250" lon="19.14696950"><ele>136.63</ele><time>1980-01-07T14:17:22.515Z</time></trkpt><trkpt lat="47.60863250" lon="19.14696950"><ele>136.64</ele><time>1980-01-07T14:17:22.716Z</time></trkpt><trkpt lat="47.60863260" lon="19.14696950"><ele>136.65</ele><time>1980-01-07T14:17:22.916Z</time></trkpt><trkpt lat="47.60863260" lon="19.14696950"><ele>136.65</ele><time>1980-01-07T14:17:23.116Z</time></trkpt><trkpt lat="47.60863260" lon="19.14696950"><ele>136.66</ele><time>1980-01-07T14:17:23.316Z</time></trkpt><trkpt lat="47.60863260" lon="19.14696950"><ele>136.66</ele><time>1980-01-07T14:17:23.516Z</time></trkpt><trkpt lat="47.60863260" lon="19.14696950"><ele>136.66</ele><time>1980-01-07T14:17:23.716Z</time></trkpt><trkpt lat="47.60863260" lon="19.14696950"><ele>136.67</ele><time>1980-01-07T14:17:23.916Z</time></trkpt><trkpt lat="47.60863250" lon="19.14696950"><ele>136.67</ele><time>1980-01-07T14:17:24.116Z</time></trkpt><trkpt lat="47.60863260" lon="19.14696950"><ele>136.67</ele><time>1980-01-07T14:17:24.319Z</time></trkpt><trkpt lat="47.60863250" lon="19.14696950"><ele>136.67</ele><time>1980-01-07T14:17:24.522Z</time></trkpt><trkpt lat="47.60863250" lon="19.14696950"><ele>136.67</ele><time>1980-01-07T14:17:24.722Z</time></trkpt><trkpt lat="47.60863250" lon="19.14696940"><ele>136.67</ele><time>1980-01-07T14:17:24.920Z</time></trkpt><trkpt lat="47.60863250" lon="19.14696940"><ele>136.67</ele><time>1980-01-07T14:17:25.122Z</time></trkpt><trkpt lat="47.60863240" lon="19.14696940"><ele>136.67</ele><time>1980-01-07T14:17:25.322Z</time></trkpt><trkpt lat="47.60863240" lon="19.14696950"><ele>136.67</ele><time>1980-01-07T14:17:25.526Z</time></trkpt><trkpt lat="47.60863240" lon="19.14696950"><ele>136.67</ele><time>1980-01-07T14:17:25.726Z</time></trkpt><trkpt lat="47.60863240" lon="19.14696950"><ele>136.67</ele><time>1980-01-07T14:17:25.925Z</time></trkpt><trkpt lat="47.60863240" lon="19.14696940"><ele>136.67</ele><time>1980-01-07T14:17:26.126Z</time></trkpt><trkpt lat="47.60863250" lon="19.14696940"><ele>136.67</ele><time>1980-01-07T14:17:26.332Z</time></trkpt><trkpt lat="47.60863250" lon="19.14696940"><ele>136.67</ele><time>1980-01-07T14:17:26.532Z</time></trkpt><trkpt lat="47.60863250" lon="19.14696940"><ele>136.67</ele><time>1980-01-07T14:17:26.727Z</time></trkpt><trkpt lat="47.60863250" lon="19.14696950"><ele>136.67</ele><time>1980-01-07T14:17:26.926Z</time></trkpt><trkpt lat="47.60863240" lon="19.14696950"><ele>136.66</ele><time>1980-01-07T14:17:27.126Z</time></trkpt><trkpt lat="47.60863240" lon="19.14696950"><ele>136.66</ele><time>1980-01-07T14:17:27.326Z</time></trkpt><trkpt lat="47.60863240" lon="19.14696950"><ele>136.66</ele><time>1980-01-07T14:17:27.527Z</time></trkpt><trkpt lat="47.60863240" lon="19.14696950"><ele>136.65</ele><time>1980-01-07T14:17:27.727Z</time></trkpt><trkpt lat="47.60863240" lon="19.14696950"><ele>136.65</ele><time>1980-01-07T14:17:27.926Z</time></trkpt><trkpt lat="47.60863240" lon="19.14696950"><ele>136.65</ele><time>1980-01-07T14:17:28.126Z</time></trkpt><trkpt lat="47.60863240" lon="19.14696950"><ele>136.65</ele><time>1980-01-07T14:17:28.326Z</time></trkpt><trkpt lat="47.60863240" lon="19.14696940"><ele>136.64</ele><time>1980-01-07T14:17:28.526Z</time></trkpt><trkpt lat="47.60863230" lon="19.14696950"><ele>136.64</ele><time>1980-01-07T14:17:28.726Z</time></trkpt><trkpt lat="47.60863230" lon="19.14696950"><ele>136.63</ele><time>1980-01-07T14:17:28.926Z</time></trkpt><trkpt lat="47.60863220" lon="19.14696950"><ele>136.63</ele><time>1980-01-07T14:17:29.129Z</time></trkpt><trkpt lat="47.60863220" lon="19.14696950"><ele>136.63</ele><time>1980-01-07T14:17:29.327Z</time></trkpt><trkpt lat="47.60863230" lon="19.14696950"><ele>136.63</ele><time>1980-01-07T14:17:29.528Z</time></trkpt><trkpt lat="47.60863220" lon="19.14696950"><ele>136.62</ele><time>1980-01-07T14:17:29.728Z</time></trkpt><trkpt lat="47.60863220" lon="19.14696940"><ele>136.62</ele><time>1980-01-07T14:17:29.928Z</time></trkpt><trkpt lat="47.60863220" lon="19.14696940"><ele>136.62</ele><time>1980-01-07T14:17:30.127Z</time></trkpt><trkpt lat="47.60863220" lon="19.14696940"><ele>136.62</ele><time>1980-01-07T14:17:30.328Z</time></trkpt><trkpt lat="47.60863220" lon="19.14696930"><ele>136.61</ele><time>1980-01-07T14:17:30.532Z</time></trkpt><trkpt lat="47.60863220" lon="19.14696930"><ele>136.61</ele><time>1980-01-07T14:17:30.732Z</time></trkpt><trkpt lat="47.60863210" lon="19.14696930"><ele>136.61</ele><time>1980-01-07T14:17:30.932Z</time></trkpt><trkpt lat="47.60863210" lon="19.14696930"><ele>136.60</ele><time>1980-01-07T14:17:31.132Z</time></trkpt><trkpt lat="47.60863210" lon="19.14696930"><ele>136.60</ele><time>1980-01-07T14:17:31.335Z</time></trkpt><trkpt lat="47.60863210" lon="19.14696930"><ele>136.60</ele><time>1980-01-07T14:17:31.535Z</time></trkpt><trkpt lat="47.60863220" lon="19.14696930"><ele>136.60</ele><time>1980-01-07T14:17:31.735Z</time></trkpt><trkpt lat="47.60863220" lon="19.14696930"><ele>136.60</ele><time>1980-01-07T14:17:31.935Z</time></trkpt><trkpt lat="47.60863220" lon="19.14696930"><ele>136.60</ele><time>1980-01-07T14:17:32.135Z</time></trkpt><trkpt lat="47.60863230" lon="19.14696930"><ele>136.60</ele><time>1980-01-07T14:17:32.336Z</time></trkpt><trkpt lat="47.60863230" lon="19.14696930"><ele>136.60</ele><time>1980-01-07T14:17:32.535Z</time></trkpt><trkpt lat="47.60863230" lon="19.14696930"><ele>136.60</ele><time>1980-01-07T14:17:32.735Z</time></trkpt><trkpt lat="47.60863230" lon="19.14696930"><ele>136.60</ele><time>1980-01-07T14:17:32.935Z</time></trkpt><trkpt lat="47.60863230" lon="19.14696930"><ele>136.59</ele><time>1980-01-07T14:17:33.135Z</time></trkpt><trkpt lat="47.60863230" lon="19.14696940"><ele>136.59</ele><time>1980-01-07T14:17:33.336Z</time></trkpt><trkpt lat="47.60863230" lon="19.14696940"><ele>136.59</ele><time>1980-01-07T14:17:33.537Z</time></trkpt><trkpt lat="47.60863230" lon="19.14696940"><ele>136.58</ele><time>1980-01-07T14:17:33.736Z</time></trkpt><trkpt lat="47.60863240" lon="19.14696940"><ele>136.58</ele><time>1980-01-07T14:17:33.936Z</time></trkpt><trkpt lat="47.60863240" lon="19.14696940"><ele>136.58</ele><time>1980-01-07T14:17:34.136Z</time></trkpt><trkpt lat="47.60863240" lon="19.14696940"><ele>136.57</ele><time>1980-01-07T14:17:34.336Z</time></trkpt><trkpt lat="47.60863240" lon="19.14696940"><ele>136.57</ele><time>1980-01-07T14:17:34.536Z</time></trkpt><trkpt lat="47.60863240" lon="19.14696940"><ele>136.57</ele><time>1980-01-07T14:17:34.736Z</time></trkpt><trkpt lat="47.60863250" lon="19.14696950"><ele>136.57</ele><time>1980-01-07T14:17:34.936Z</time></trkpt><trkpt lat="47.60863250" lon="19.14696950"><ele>136.57</ele><time>1980-01-07T14:17:35.136Z</time></trkpt><trkpt lat="47.60863250" lon="19.14696950"><ele>136.57</ele><time>1980-01-07T14:17:35.336Z</time></trkpt><trkpt lat="47.60863250" lon="19.14696950"><ele>136.57</ele><time>1980-01-07T14:17:35.537Z</time></trkpt><trkpt lat="47.60863240" lon="19.14696950"><ele>136.57</ele><time>1980-01-07T14:17:35.738Z</time></trkpt><trkpt lat="47.60863240" lon="19.14696960"><ele>136.57</ele><time>1980-01-07T14:17:35.938Z</time></trkpt><trkpt lat="47.60863240" lon="19.14696960"><ele>136.57</ele><time>1980-01-07T14:17:36.139Z</time></trkpt><trkpt lat="47.60863240" lon="19.14696960"><ele>136.57</ele><time>1980-01-07T14:17:36.338Z</time></trkpt><trkpt lat="47.60863230" lon="19.14696970"><ele>136.57</ele><time>1980-01-07T14:17:36.540Z</time></trkpt><trkpt lat="47.60863240" lon="19.14696970"><ele>136.57</ele><time>1980-01-07T14:17:36.739Z</time></trkpt><trkpt lat="47.60863240" lon="19.14696980"><ele>136.57</ele><time>1980-01-07T14:17:36.942Z</time></trkpt><trkpt lat="47.60863230" lon="19.14696980"><ele>136.58</ele><time>1980-01-07T14:17:37.141Z</time></trkpt><trkpt lat="47.60863230" lon="19.14696990"><ele>136.58</ele><time>1980-01-07T14:17:37.342Z</time></trkpt><trkpt lat="47.60863230" lon="19.14696990"><ele>136.58</ele><time>1980-01-07T14:17:37.542Z</time></trkpt><trkpt lat="47.60863230" lon="19.14696990"><ele>136.58</ele><time>1980-01-07T14:17:37.742Z</time></trkpt><trkpt lat="47.60863220" lon="19.14696990"><ele>136.58</ele><time>1980-01-07T14:17:37.942Z</time></trkpt><trkpt lat="47.60863220" lon="19.14696990"><ele>136.58</ele><time>1980-01-07T14:17:38.142Z</time></trkpt><trkpt lat="47.60863220" lon="19.14696990"><ele>136.58</ele><time>1980-01-07T14:17:38.342Z</time></trkpt><trkpt lat="47.60863220" lon="19.14696980"><ele>136.59</ele><time>1980-01-07T14:17:38.542Z</time></trkpt><trkpt lat="47.60863220" lon="19.14696980"><ele>136.59</ele><time>1980-01-07T14:17:38.742Z</time></trkpt><trkpt lat="47.60863220" lon="19.14696970"><ele>136.59</ele><time>1980-01-07T14:17:38.942Z</time></trkpt><trkpt lat="47.60863220" lon="19.14696970"><ele>136.60</ele><time>1980-01-07T14:17:39.142Z</time></trkpt><trkpt lat="47.60863230" lon="19.14696970"><ele>136.60</ele><time>1980-01-07T14:17:39.343Z</time></trkpt><trkpt lat="47.60863230" lon="19.14696960"><ele>136.60</ele><time>1980-01-07T14:17:39.543Z</time></trkpt><trkpt lat="47.60863230" lon="19.14696960"><ele>136.61</ele><time>1980-01-07T14:17:39.743Z</time></trkpt><trkpt lat="47.60863230" lon="19.14696950"><ele>136.61</ele><time>1980-01-07T14:17:39.952Z</time></trkpt><trkpt lat="47.60863230" lon="19.14696950"><ele>136.61</ele><time>1980-01-07T14:17:40.152Z</time></trkpt><trkpt lat="47.60863230" lon="19.14696950"><ele>136.61</ele><time>1980-01-07T14:17:40.352Z</time></trkpt><trkpt lat="47.60863230" lon="19.14696950"><ele>136.61</ele><time>1980-01-07T14:17:40.552Z</time></trkpt><trkpt lat="47.60863230" lon="19.14696960"><ele>136.62</ele><time>1980-01-07T14:17:40.752Z</time></trkpt><trkpt lat="47.60863230" lon="19.14696960"><ele>136.62</ele><time>1980-01-07T14:17:40.952Z</time></trkpt><trkpt lat="47.60863220" lon="19.14696960"><ele>136.62</ele><time>1980-01-07T14:17:41.152Z</time></trkpt><trkpt lat="47.60863220" lon="19.14696970"><ele>136.62</ele><time>1980-01-07T14:17:41.352Z</time></trkpt><trkpt lat="47.60863220" lon="19.14696970"><ele>136.62</ele><time>1980-01-07T14:17:41.552Z</time></trkpt><trkpt lat="47.60863220" lon="19.14696960"><ele>136.62</ele><time>1980-01-07T14:17:41.756Z</time></trkpt><trkpt lat="47.60863220" lon="19.14696960"><ele>136.62</ele><time>1980-01-07T14:17:41.957Z</time></trkpt><trkpt lat="47.60863220" lon="19.14696960"><ele>136.62</ele><time>1980-01-07T14:17:42.157Z</time></trkpt><trkpt lat="47.60863230" lon="19.14696960"><ele>136.62</ele><time>1980-01-07T14:17:42.357Z</time></trkpt><trkpt lat="47.60863230" lon="19.14696960"><ele>136.63</ele><time>1980-01-07T14:17:42.562Z</time></trkpt><trkpt lat="47.60863230" lon="19.14696960"><ele>136.63</ele><time>1980-01-07T14:17:42.762Z</time></trkpt><trkpt lat="47.60863230" lon="19.14696960"><ele>136.64</ele><time>1980-01-07T14:17:42.966Z</time></trkpt><trkpt lat="47.60863230" lon="19.14696960"><ele>136.64</ele><time>1980-01-07T14:17:43.167Z</time></trkpt><trkpt lat="47.60863230" lon="19.14696960"><ele>136.64</ele><time>1980-01-07T14:17:43.367Z</time></trkpt><trkpt lat="47.60863230" lon="19.14696960"><ele>136.64</ele><time>1980-01-07T14:17:43.567Z</time></trkpt><trkpt lat="47.60863230" lon="19.14696960"><ele>136.64</ele><time>1980-01-07T14:17:43.767Z</time></trkpt><trkpt lat="47.60863240" lon="19.14696960"><ele>136.64</ele><time>1980-01-07T14:17:43.972Z</time></trkpt><trkpt lat="47.60863240" lon="19.14696960"><ele>136.64</ele><time>1980-01-07T14:17:44.172Z</time></trkpt><trkpt lat="47.60863240" lon="19.14696960"><ele>136.64</ele><time>1980-01-07T14:17:44.372Z</time></trkpt><trkpt lat="47.60863240" lon="19.14696960"><ele>136.64</ele><time>1980-01-07T14:17:44.572Z</time></trkpt><trkpt lat="47.60863240" lon="19.14696960"><ele>136.64</ele><time>1980-01-07T14:17:44.772Z</time></trkpt><trkpt lat="47.60863240" lon="19.14696970"><ele>136.64</ele><time>1980-01-07T14:17:44.972Z</time></trkpt><trkpt lat="47.60863240" lon="19.14696970"><ele>136.64</ele><time>1980-01-07T14:17:45.169Z</time></trkpt><trkpt lat="47.60863230" lon="19.14696970"><ele>136.64</ele><time>1980-01-07T14:17:45.368Z</time></trkpt><trkpt lat="47.60863230" lon="19.14696970"><ele>136.64</ele><time>1980-01-07T14:17:45.572Z</time></trkpt><trkpt lat="47.60863230" lon="19.14696970"><ele>136.64</ele><time>1980-01-07T14:17:45.772Z</time></trkpt><trkpt lat="47.60863230" lon="19.14696970"><ele>136.64</ele><time>1980-01-07T14:17:45.972Z</time></trkpt><trkpt lat="47.60863230" lon="19.14696970"><ele>136.64</ele><time>1980-01-07T14:17:46.163Z</time></trkpt><trkpt lat="47.60863230" lon="19.14696970"><ele>136.64</ele><time>1980-01-07T14:17:46.362Z</time></trkpt><trkpt lat="47.60863230" lon="19.14696980"><ele>136.64</ele><time>1980-01-07T14:17:46.562Z</time></trkpt><trkpt lat="47.60863240" lon="19.14696980"><ele>136.64</ele><time>1980-01-07T14:17:46.762Z</time></trkpt><trkpt lat="47.60863240" lon="19.14696980"><ele>136.64</ele><time>1980-01-07T14:17:46.962Z</time></trkpt><trkpt lat="47.60863240" lon="19.14696980"><ele>136.65</ele><time>1980-01-07T14:17:47.169Z</time></trkpt><trkpt lat="47.60863240" lon="19.14696980"><ele>136.65</ele><time>1980-01-07T14:17:47.370Z</time></trkpt><trkpt lat="47.60863240" lon="19.14696980"><ele>136.65</ele><time>1980-01-07T14:17:47.571Z</time></trkpt><trkpt lat="47.60863240" lon="19.14696980"><ele>136.66</ele><time>1980-01-07T14:17:47.771Z</time></trkpt><trkpt lat="47.60863240" lon="19.14696990"><ele>136.66</ele><time>1980-01-07T14:17:47.973Z</time></trkpt><trkpt lat="47.60863250" lon="19.14696990"><ele>136.66</ele><time>1980-01-07T14:17:48.172Z</time></trkpt><trkpt lat="47.60863250" lon="19.14696990"><ele>136.66</ele><time>1980-01-07T14:17:48.372Z</time></trkpt><trkpt lat="47.60863250" lon="19.14696980"><ele>136.66</ele><time>1980-01-07T14:17:48.572Z</time></trkpt><trkpt lat="47.60863250" lon="19.14696980"><ele>136.66</ele><time>1980-01-07T14:17:48.772Z</time></trkpt><trkpt lat="47.60863250" lon="19.14696980"><ele>136.66</ele><time>1980-01-07T14:17:48.972Z</time></trkpt><trkpt lat="47.60863250" lon="19.14696980"><ele>136.65</ele><time>1980-01-07T14:17:49.172Z</time></trkpt><trkpt lat="47.60863250" lon="19.14696980"><ele>136.65</ele><time>1980-01-07T14:17:49.372Z</time></trkpt><trkpt lat="47.60863250" lon="19.14696980"><ele>136.65</ele><time>1980-01-07T14:17:49.572Z</time></trkpt><trkpt lat="47.60863250" lon="19.14696980"><ele>136.65</ele><time>1980-01-07T14:17:49.772Z</time></trkpt><trkpt lat="47.60863260" lon="19.14696970"><ele>136.65</ele><time>1980-01-07T14:17:49.972Z</time></trkpt><trkpt lat="47.60863260" lon="19.14696970"><ele>136.65</ele><time>1980-01-07T14:17:50.171Z</time></trkpt><trkpt lat="47.60863260" lon="19.14696970"><ele>136.65</ele><time>1980-01-07T14:17:50.372Z</time></trkpt><trkpt lat="47.60863260" lon="19.14696970"><ele>136.64</ele><time>1980-01-07T14:17:50.572Z</time></trkpt><trkpt lat="47.60863260" lon="19.14696970"><ele>136.64</ele><time>1980-01-07T14:17:50.782Z</time></trkpt><trkpt lat="47.60863250" lon="19.14696970"><ele>136.64</ele><time>1980-01-07T14:17:50.982Z</time></trkpt><trkpt lat="47.60863260" lon="19.14696960"><ele>136.64</ele><time>1980-01-07T14:17:51.182Z</time></trkpt><trkpt lat="47.60863260" lon="19.14696960"><ele>136.64</ele><time>1980-01-07T14:17:51.382Z</time></trkpt><trkpt lat="47.60863250" lon="19.14696960"><ele>136.64</ele><time>1980-01-07T14:17:51.583Z</time></trkpt><trkpt lat="47.60863250" lon="19.14696950"><ele>136.64</ele><time>1980-01-07T14:17:51.787Z</time></trkpt><trkpt lat="47.60863250" lon="19.14696950"><ele>136.65</ele><time>1980-01-07T14:17:51.987Z</time></trkpt><trkpt lat="47.60863250" lon="19.14696940"><ele>136.65</ele><time>1980-01-07T14:17:52.183Z</time></trkpt><trkpt lat="47.60863250" lon="19.14696940"><ele>136.65</ele><time>1980-01-07T14:17:52.387Z</time></trkpt><trkpt lat="47.60863250" lon="19.14696940"><ele>136.66</ele><time>1980-01-07T14:17:52.587Z</time></trkpt><trkpt lat="47.60863250" lon="19.14696940"><ele>136.67</ele><time>1980-01-07T14:17:52.787Z</time></trkpt><trkpt lat="47.60863250" lon="19.14696940"><ele>136.67</ele><time>1980-01-07T14:17:52.987Z</time></trkpt><trkpt lat="47.60863250" lon="19.14696940"><ele>136.67</ele><time>1980-01-07T14:17:53.187Z</time></trkpt><trkpt lat="47.60863250" lon="19.14696940"><ele>136.67</ele><time>1980-01-07T14:17:53.387Z</time></trkpt><trkpt lat="47.60863250" lon="19.14696940"><ele>136.67</ele><time>1980-01-07T14:17:53.587Z</time></trkpt><trkpt lat="47.60863250" lon="19.14696950"><ele>136.68</ele><time>1980-01-07T14:17:53.787Z</time></trkpt><trkpt lat="47.60863250" lon="19.14696940"><ele>136.68</ele><time>1980-01-07T14:17:53.987Z</time></trkpt><trkpt lat="47.60863250" lon="19.14696940"><ele>136.68</ele><time>1980-01-07T14:17:54.188Z</time></trkpt><trkpt lat="47.60863250" lon="19.14696940"><ele>136.69</ele><time>1980-01-07T14:17:54.388Z</time></trkpt><trkpt lat="47.60863250" lon="19.14696940"><ele>136.70</ele><time>1980-01-07T14:17:54.589Z</time></trkpt><trkpt lat="47.60863240" lon="19.14696940"><ele>136.70</ele><time>1980-01-07T14:17:54.789Z</time></trkpt><trkpt lat="47.60863240" lon="19.14696940"><ele>136.70</ele><time>1980-01-07T14:17:54.989Z</time></trkpt><trkpt lat="47.60863240" lon="19.14696940"><ele>136.70</ele><time>1980-01-07T14:17:55.189Z</time></trkpt><trkpt lat="47.60863250" lon="19.14696940"><ele>136.70</ele><time>1980-01-07T14:17:55.389Z</time></trkpt><trkpt lat="47.60863250" lon="19.14696940"><ele>136.70</ele><time>1980-01-07T14:17:55.590Z</time></trkpt><trkpt lat="47.60863240" lon="19.14696940"><ele>136.70</ele><time>1980-01-07T14:17:55.789Z</time></trkpt><trkpt lat="47.60863240" lon="19.14696940"><ele>136.70</ele><time>1980-01-07T14:17:55.990Z</time></trkpt><trkpt lat="47.60863240" lon="19.14696940"><ele>136.70</ele><time>1980-01-07T14:17:56.189Z</time></trkpt><trkpt lat="47.60863240" lon="19.14696940"><ele>136.70</ele><time>1980-01-07T14:17:56.390Z</time></trkpt><trkpt lat="47.60863240" lon="19.14696940"><ele>136.70</ele><time>1980-01-07T14:17:56.590Z</time></trkpt><trkpt lat="47.60863240" lon="19.14696950"><ele>136.70</ele><time>1980-01-07T14:17:56.789Z</time></trkpt><trkpt lat="47.60863240" lon="19.14696950"><ele>136.69</ele><time>1980-01-07T14:17:56.990Z</time></trkpt><trkpt lat="47.60863240" lon="19.14696950"><ele>136.69</ele><time>1980-01-07T14:17:57.190Z</time></trkpt><trkpt lat="47.60863240" lon="19.14696960"><ele>136.69</ele><time>1980-01-07T14:17:57.392Z</time></trkpt><trkpt lat="47.60863240" lon="19.14696950"><ele>136.69</ele><time>1980-01-07T14:17:57.592Z</time></trkpt><trkpt lat="47.60863240" lon="19.14696950"><ele>136.69</ele><time>1980-01-07T14:17:57.792Z</time></trkpt><trkpt lat="47.60863240" lon="19.14696950"><ele>136.69</ele><time>1980-01-07T14:17:57.992Z</time></trkpt><trkpt lat="47.60863240" lon="19.14696960"><ele>136.68</ele><time>1980-01-07T14:17:58.189Z</time></trkpt><trkpt lat="47.60863250" lon="19.14696960"><ele>136.68</ele><time>1980-01-07T14:17:58.390Z</time></trkpt><trkpt lat="47.60863250" lon="19.14696960"><ele>136.68</ele><time>1980-01-07T14:17:58.590Z</time></trkpt><trkpt lat="47.60863250" lon="19.14696960"><ele>136.68</ele><time>1980-01-07T14:17:58.791Z</time></trkpt><trkpt lat="47.60863250" lon="19.14696950"><ele>136.68</ele><time>1980-01-07T14:17:58.991Z</time></trkpt><trkpt lat="47.60863250" lon="19.14696950"><ele>136.68</ele><time>1980-01-07T14:17:59.193Z</time></trkpt><trkpt lat="47.60863250" lon="19.14696950"><ele>136.68</ele><time>1980-01-07T14:17:59.391Z</time></trkpt><trkpt lat="47.60863250" lon="19.14696950"><ele>136.68</ele><time>1980-01-07T14:17:59.591Z</time></trkpt><trkpt lat="47.60863250" lon="19.14696940"><ele>136.68</ele><time>1980-01-07T14:17:59.791Z</time></trkpt><trkpt lat="47.60863250" lon="19.14696940"><ele>136.68</ele><time>1980-01-07T14:17:59.991Z</time></trkpt><trkpt lat="47.60863250" lon="19.14696940"><ele>136.68</ele><time>1980-01-07T14:18:00.192Z</time></trkpt><trkpt lat="47.60863250" lon="19.14696940"><ele>136.68</ele><time>1980-01-07T14:18:00.392Z</time></trkpt><trkpt lat="47.60863250" lon="19.14696940"><ele>136.68</ele><time>1980-01-07T14:18:00.592Z</time></trkpt><trkpt lat="47.60863250" lon="19.14696940"><ele>136.68</ele><time>1980-01-07T14:18:00.792Z</time></trkpt><trkpt lat="47.60863250" lon="19.14696940"><ele>136.68</ele><time>1980-01-07T14:18:00.992Z</time></trkpt><trkpt lat="47.60863260" lon="19.14696940"><ele>136.68</ele><time>1980-01-07T14:18:01.192Z</time></trkpt><trkpt lat="47.60863260" lon="19.14696950"><ele>136.68</ele><time>1980-01-07T14:18:01.392Z</time></trkpt><trkpt lat="47.60863260" lon="19.14696950"><ele>136.68</ele><time>1980-01-07T14:18:01.592Z</time></trkpt><trkpt lat="47.60863260" lon="19.14696950"><ele>136.68</ele><time>1980-01-07T14:18:01.790Z</time></trkpt><trkpt lat="47.60863260" lon="19.14696950"><ele>136.68</ele><time>1980-01-07T14:18:01.990Z</time></trkpt><trkpt lat="47.60863250" lon="19.14696950"><ele>136.68</ele><time>1980-01-07T14:18:02.192Z</time></trkpt><trkpt lat="47.60863250" lon="19.14696950"><ele>136.68</ele><time>1980-01-07T14:18:02.392Z</time></trkpt><trkpt lat="47.60863250" lon="19.14696950"><ele>136.68</ele><time>1980-01-07T14:18:02.592Z</time></trkpt><trkpt lat="47.60863250" lon="19.14696950"><ele>136.69</ele><time>1980-01-07T14:18:02.793Z</time></trkpt><trkpt lat="47.60863250" lon="19.14696960"><ele>136.69</ele><time>1980-01-07T14:18:02.992Z</time></trkpt><trkpt lat="47.60863250" lon="19.14696960"><ele>136.68</ele><time>1980-01-07T14:18:03.192Z</time></trkpt><trkpt lat="47.60863250" lon="19.14696960"><ele>136.68</ele><time>1980-01-07T14:18:03.392Z</time></trkpt><trkpt lat="47.60863250" lon="19.14696960"><ele>136.68</ele><time>1980-01-07T14:18:03.592Z</time></trkpt><trkpt lat="47.60863250" lon="19.14696960"><ele>136.68</ele><time>1980-01-07T14:18:03.792Z</time></trkpt><trkpt lat="47.60863250" lon="19.14696960"><ele>136.68</ele><time>1980-01-07T14:18:03.992Z</time></trkpt><trkpt lat="47.60863250" lon="19.14696960"><ele>136.67</ele><time>1980-01-07T14:18:04.192Z</time></trkpt><trkpt lat="47.60863250" lon="19.14696960"><ele>136.67</ele><time>1980-01-07T14:18:04.392Z</time></trkpt><trkpt lat="47.60863250" lon="19.14696960"><ele>136.67</ele><time>1980-01-07T14:18:04.592Z</time></trkpt><trkpt lat="47.60863240" lon="19.14696960"><ele>136.67</ele><time>1980-01-07T14:18:04.792Z</time></trkpt><trkpt lat="47.60863240" lon="19.14696970"><ele>136.67</ele><time>1980-01-07T14:18:04.992Z</time></trkpt><trkpt lat="47.60863240" lon="19.14696970"><ele>136.67</ele><time>1980-01-07T14:18:05.192Z</time></trkpt><trkpt lat="47.60863240" lon="19.14696970"><ele>136.67</ele><time>1980-01-07T14:18:05.392Z</time></trkpt><trkpt lat="47.60863230" lon="19.14696970"><ele>136.67</ele><time>1980-01-07T14:18:05.592Z</time></trkpt><trkpt lat="47.60863230" lon="19.14696970"><ele>136.67</ele><time>1980-01-07T14:18:05.792Z</time></trkpt><trkpt lat="47.60863230" lon="19.14696980"><ele>136.68</ele><time>1980-01-07T14:18:05.992Z</time></trkpt><trkpt lat="47.60863230" lon="19.14696980"><ele>136.67</ele><time>1980-01-07T14:18:06.191Z</time></trkpt><trkpt lat="47.60863230" lon="19.14696980"><ele>136.67</ele><time>1980-01-07T14:18:06.391Z</time></trkpt><trkpt lat="47.60863220" lon="19.14696980"><ele>136.68</ele><time>1980-01-07T14:18:06.591Z</time></trkpt><trkpt lat="47.60863220" lon="19.14696980"><ele>136.68</ele><time>1980-01-07T14:18:06.792Z</time></trkpt><trkpt lat="47.60863220" lon="19.14696980"><ele>136.68</ele><time>1980-01-07T14:18:06.992Z</time></trkpt><trkpt lat="47.60863220" lon="19.14696970"><ele>136.68</ele><time>1980-01-07T14:18:07.192Z</time></trkpt><trkpt lat="47.60863220" lon="19.14696970"><ele>136.67</ele><time>1980-01-07T14:18:07.392Z</time></trkpt><trkpt lat="47.60863220" lon="19.14696970"><ele>136.67</ele><time>1980-01-07T14:18:07.592Z</time></trkpt><trkpt lat="47.60863220" lon="19.14696960"><ele>136.68</ele><time>1980-01-07T14:18:07.792Z</time></trkpt><trkpt lat="47.60863230" lon="19.14696960"><ele>136.68</ele><time>1980-01-07T14:18:07.992Z</time></trkpt><trkpt lat="47.60863230" lon="19.14696960"><ele>136.68</ele><time>1980-01-07T14:18:08.192Z</time></trkpt><trkpt lat="47.60863230" lon="19.14696960"><ele>136.69</ele><time>1980-01-07T14:18:08.392Z</time></trkpt><trkpt lat="47.60863230" lon="19.14696960"><ele>136.69</ele><time>1980-01-07T14:18:08.592Z</time></trkpt><trkpt lat="47.60863230" lon="19.14696950"><ele>136.69</ele><time>1980-01-07T14:18:08.792Z</time></trkpt><trkpt lat="47.60863230" lon="19.14696950"><ele>136.70</ele><time>1980-01-07T14:18:08.992Z</time></trkpt><trkpt lat="47.60863230" lon="19.14696950"><ele>136.70</ele><time>1980-01-07T14:18:09.192Z</time></trkpt><trkpt lat="47.60863230" lon="19.14696950"><ele>136.70</ele><time>1980-01-07T14:18:09.392Z</time></trkpt><trkpt lat="47.60863220" lon="19.14696950"><ele>136.70</ele><time>1980-01-07T14:18:09.592Z</time></trkpt><trkpt lat="47.60863220" lon="19.14696950"><ele>136.70</ele><time>1980-01-07T14:18:09.792Z</time></trkpt><trkpt lat="47.60863220" lon="19.14696950"><ele>136.70</ele><time>1980-01-07T14:18:09.992Z</time></trkpt><trkpt lat="47.60863220" lon="19.14696950"><ele>136.69</ele><time>1980-01-07T14:18:10.191Z</time></trkpt><trkpt lat="47.60863220" lon="19.14696950"><ele>136.69</ele><time>1980-01-07T14:18:10.391Z</time></trkpt><trkpt lat="47.60863220" lon="19.14696960"><ele>136.69</ele><time>1980-01-07T14:18:10.592Z</time></trkpt><trkpt lat="47.60863220" lon="19.14696960"><ele>136.69</ele><time>1980-01-07T14:18:10.792Z</time></trkpt><trkpt lat="47.60863220" lon="19.14696960"><ele>136.69</ele><time>1980-01-07T14:18:10.992Z</time></trkpt><trkpt lat="47.60863220" lon="19.14696970"><ele>136.69</ele><time>1980-01-07T14:18:11.192Z</time></trkpt><trkpt lat="47.60863220" lon="19.14696970"><ele>136.69</ele><time>1980-01-07T14:18:11.389Z</time></trkpt><trkpt lat="47.60863220" lon="19.14696970"><ele>136.68</ele><time>1980-01-07T14:18:11.592Z</time></trkpt><trkpt lat="47.60863220" lon="19.14696970"><ele>136.68</ele><time>1980-01-07T14:18:11.792Z</time></trkpt><trkpt lat="47.60863220" lon="19.14696970"><ele>136.68</ele><time>1980-01-07T14:18:11.992Z</time></trkpt><trkpt lat="47.60863220" lon="19.14696970"><ele>136.68</ele><time>1980-01-07T14:18:12.190Z</time></trkpt><trkpt lat="47.60863220" lon="19.14696970"><ele>136.68</ele><time>1980-01-07T14:18:12.390Z</time></trkpt><trkpt lat="47.60863220" lon="19.14696970"><ele>136.68</ele><time>1980-01-07T14:18:12.590Z</time></trkpt><trkpt lat="47.60863230" lon="19.14696970"><ele>136.68</ele><time>1980-01-07T14:18:12.792Z</time></trkpt><trkpt lat="47.60863230" lon="19.14696970"><ele>136.68</ele><time>1980-01-07T14:18:12.998Z</time></trkpt><trkpt lat="47.60863230" lon="19.14696960"><ele>136.68</ele><time>1980-01-07T14:18:13.194Z</time></trkpt><trkpt lat="47.60863230" lon="19.14696960"><ele>136.67</ele><time>1980-01-07T14:18:13.395Z</time></trkpt><trkpt lat="47.60863230" lon="19.14696960"><ele>136.68</ele><time>1980-01-07T14:18:13.595Z</time></trkpt><trkpt lat="47.60863240" lon="19.14696960"><ele>136.68</ele><time>1980-01-07T14:18:13.797Z</time></trkpt><trkpt lat="47.60863240" lon="19.14696960"><ele>136.67</ele><time>1980-01-07T14:18:13.997Z</time></trkpt><trkpt lat="47.60863240" lon="19.14696960"><ele>136.67</ele><time>1980-01-07T14:18:14.201Z</time></trkpt><trkpt lat="47.60863240" lon="19.14696960"><ele>136.67</ele><time>1980-01-07T14:18:14.403Z</time></trkpt><trkpt lat="47.60863250" lon="19.14696960"><ele>136.67</ele><time>1980-01-07T14:18:14.601Z</time></trkpt><trkpt lat="47.60863250" lon="19.14696960"><ele>136.68</ele><time>1980-01-07T14:18:14.802Z</time></trkpt><trkpt lat="47.60863250" lon="19.14696970"><ele>136.68</ele><time>1980-01-07T14:18:14.998Z</time></trkpt><trkpt lat="47.60863250" lon="19.14696970"><ele>136.68</ele><time>1980-01-07T14:18:15.202Z</time></trkpt><trkpt lat="47.60863260" lon="19.14696970"><ele>136.68</ele><time>1980-01-07T14:18:15.402Z</time></trkpt><trkpt lat="47.60863260" lon="19.14696970"><ele>136.68</ele><time>1980-01-07T14:18:15.592Z</time></trkpt><trkpt lat="47.60863260" lon="19.14696970"><ele>136.68</ele><time>1980-01-07T14:18:15.802Z</time></trkpt><trkpt lat="47.60863260" lon="19.14696980"><ele>136.68</ele><time>1980-01-07T14:18:15.998Z</time></trkpt><trkpt lat="47.60863260" lon="19.14696980"><ele>136.68</ele><time>1980-01-07T14:18:16.194Z</time></trkpt><trkpt lat="47.60863260" lon="19.14696980"><ele>136.68</ele><time>1980-01-07T14:18:16.393Z</time></trkpt><trkpt lat="47.60863260" lon="19.14696980"><ele>136.68</ele><time>1980-01-07T14:18:16.593Z</time></trkpt><trkpt lat="47.60863260" lon="19.14696980"><ele>136.68</ele><time>1980-01-07T14:18:16.795Z</time></trkpt><trkpt lat="47.60863260" lon="19.14696980"><ele>136.68</ele><time>1980-01-07T14:18:16.996Z</time></trkpt><trkpt lat="47.60863260" lon="19.14696980"><ele>136.68</ele><time>1980-01-07T14:18:17.198Z</time></trkpt><trkpt lat="47.60863270" lon="19.14696980"><ele>136.67</ele><time>1980-01-07T14:18:17.401Z</time></trkpt><trkpt lat="47.60863270" lon="19.14696980"><ele>136.67</ele><time>1980-01-07T14:18:17.601Z</time></trkpt><trkpt lat="47.60863260" lon="19.14696980"><ele>136.67</ele><time>1980-01-07T14:18:17.802Z</time></trkpt><trkpt lat="47.60863260" lon="19.14696980"><ele>136.67</ele><time>1980-01-07T14:18:18.002Z</time></trkpt><trkpt lat="47.60863260" lon="19.14696990"><ele>136.67</ele><time>1980-01-07T14:18:18.202Z</time></trkpt><trkpt lat="47.60863260" lon="19.14696990"><ele>136.67</ele><time>1980-01-07T14:18:18.402Z</time></trkpt><trkpt lat="47.60863260" lon="19.14696990"><ele>136.67</ele><time>1980-01-07T14:18:18.602Z</time></trkpt><trkpt lat="47.60863270" lon="19.14696990"><ele>136.68</ele><time>1980-01-07T14:18:18.802Z</time></trkpt><trkpt lat="47.60863270" lon="19.14696990"><ele>136.68</ele><time>1980-01-07T14:18:19.002Z</time></trkpt><trkpt lat="47.60863270" lon="19.14696990"><ele>136.68</ele><time>1980-01-07T14:18:19.202Z</time></trkpt><trkpt lat="47.60863270" lon="19.14696990"><ele>136.68</ele><time>1980-01-07T14:18:19.402Z</time></trkpt><trkpt lat="47.60863270" lon="19.14696980"><ele>136.68</ele><time>1980-01-07T14:18:19.602Z</time></trkpt><trkpt lat="47.60863260" lon="19.14696980"><ele>136.68</ele><time>1980-01-07T14:18:19.802Z</time></trkpt><trkpt lat="47.60863260" lon="19.14696980"><ele>136.68</ele><time>1980-01-07T14:18:20.002Z</time></trkpt><trkpt lat="47.60863260" lon="19.14696970"><ele>136.68</ele><time>1980-01-07T14:18:20.202Z</time></trkpt><trkpt lat="47.60863260" lon="19.14696970"><ele>136.68</ele><time>1980-01-07T14:18:20.401Z</time></trkpt><trkpt lat="47.60863250" lon="19.14696970"><ele>136.68</ele><time>1980-01-07T14:18:20.602Z</time></trkpt><trkpt lat="47.60863250" lon="19.14696970"><ele>136.68</ele><time>1980-01-07T14:18:20.801Z</time></trkpt><trkpt lat="47.60863250" lon="19.14696970"><ele>136.68</ele><time>1980-01-07T14:18:21.002Z</time></trkpt><trkpt lat="47.60863250" lon="19.14696970"><ele>136.68</ele><time>1980-01-07T14:18:21.202Z</time></trkpt><trkpt lat="47.60863250" lon="19.14696970"><ele>136.68</ele><time>1980-01-07T14:18:21.402Z</time></trkpt><trkpt lat="47.60863240" lon="19.14696970"><ele>136.68</ele><time>1980-01-07T14:18:21.602Z</time></trkpt><trkpt lat="47.60863240" lon="19.14696970"><ele>136.68</ele><time>1980-01-07T14:18:21.802Z</time></trkpt><trkpt lat="47.60863240" lon="19.14696970"><ele>136.69</ele><time>1980-01-07T14:18:22.002Z</time></trkpt><trkpt lat="47.60863240" lon="19.14696970"><ele>136.68</ele><time>1980-01-07T14:18:22.202Z</time></trkpt><trkpt lat="47.60863240" lon="19.14696970"><ele>136.68</ele><time>1980-01-07T14:18:22.402Z</time></trkpt><trkpt lat="47.60863240" lon="19.14696970"><ele>136.68</ele><time>1980-01-07T14:18:22.602Z</time></trkpt><trkpt lat="47.60863240" lon="19.14696970"><ele>136.68</ele><time>1980-01-07T14:18:22.802Z</time></trkpt><trkpt lat="47.60863230" lon="19.14696960"><ele>136.68</ele><time>1980-01-07T14:18:23.002Z</time></trkpt><trkpt lat="47.60863230" lon="19.14696970"><ele>136.69</ele><time>1980-01-07T14:18:23.202Z</time></trkpt><trkpt lat="47.60863230" lon="19.14696970"><ele>136.69</ele><time>1980-01-07T14:18:23.403Z</time></trkpt><trkpt lat="47.60863230" lon="19.14696960"><ele>136.69</ele><time>1980-01-07T14:18:23.602Z</time></trkpt><trkpt lat="47.60863230" lon="19.14696960"><ele>136.69</ele><time>1980-01-07T14:18:23.803Z</time></trkpt><trkpt lat="47.60863230" lon="19.14696960"><ele>136.69</ele><time>1980-01-07T14:18:24.003Z</time></trkpt><trkpt lat="47.60863230" lon="19.14696960"><ele>136.69</ele><time>1980-01-07T14:18:24.202Z</time></trkpt><trkpt lat="47.60863240" lon="19.14696960"><ele>136.69</ele><time>1980-01-07T14:18:24.412Z</time></trkpt><trkpt lat="47.60863230" lon="19.14696960"><ele>136.70</ele><time>1980-01-07T14:18:24.604Z</time></trkpt><trkpt lat="47.60863240" lon="19.14696960"><ele>136.70</ele><time>1980-01-07T14:18:24.804Z</time></trkpt><trkpt lat="47.60863240" lon="19.14696960"><ele>136.70</ele><time>1980-01-07T14:18:25.003Z</time></trkpt><trkpt lat="47.60863240" lon="19.14696960"><ele>136.70</ele><time>1980-01-07T14:18:25.204Z</time></trkpt><trkpt lat="47.60863240" lon="19.14696970"><ele>136.69</ele><time>1980-01-07T14:18:25.404Z</time></trkpt><trkpt lat="47.60863240" lon="19.14696970"><ele>136.69</ele><time>1980-01-07T14:18:25.604Z</time></trkpt><trkpt lat="47.60863240" lon="19.14696970"><ele>136.69</ele><time>1980-01-07T14:18:25.804Z</time></trkpt><trkpt lat="47.60863240" lon="19.14696970"><ele>136.69</ele><time>1980-01-07T14:18:26.012Z</time></trkpt><trkpt lat="47.60863240" lon="19.14696970"><ele>136.69</ele><time>1980-01-07T14:18:26.219Z</time></trkpt><trkpt lat="47.60863240" lon="19.14696970"><ele>136.69</ele><time>1980-01-07T14:18:26.414Z</time></trkpt><trkpt lat="47.60863240" lon="19.14696970"><ele>136.70</ele><time>1980-01-07T14:18:26.622Z</time></trkpt><trkpt lat="47.60863240" lon="19.14696970"><ele>136.70</ele><time>1980-01-07T14:18:26.822Z</time></trkpt><trkpt lat="47.60863240" lon="19.14696970"><ele>136.70</ele><time>1980-01-07T14:18:27.022Z</time></trkpt><trkpt lat="47.60863240" lon="19.14696970"><ele>136.70</ele><time>1980-01-07T14:18:27.230Z</time></trkpt><trkpt lat="47.60863240" lon="19.14696970"><ele>136.70</ele><time>1980-01-07T14:18:27.422Z</time></trkpt><trkpt lat="47.60863240" lon="19.14696970"><ele>136.70</ele><time>1980-01-07T14:18:27.622Z</time></trkpt><trkpt lat="47.60863240" lon="19.14696970"><ele>136.70</ele><time>1980-01-07T14:18:27.822Z</time></trkpt><trkpt lat="47.60863240" lon="19.14696970"><ele>136.70</ele><time>1980-01-07T14:18:28.022Z</time></trkpt><trkpt lat="47.60863240" lon="19.14696970"><ele>136.70</ele><time>1980-01-07T14:18:28.222Z</time></trkpt><trkpt lat="47.60863240" lon="19.14696970"><ele>136.70</ele><time>1980-01-07T14:18:28.422Z</time></trkpt><trkpt lat="47.60863240" lon="19.14696980"><ele>136.70</ele><time>1980-01-07T14:18:28.622Z</time></trkpt><trkpt lat="47.60863240" lon="19.14696980"><ele>136.70</ele><time>1980-01-07T14:18:28.830Z</time></trkpt><trkpt lat="47.60863240" lon="19.14696980"><ele>136.70</ele><time>1980-01-07T14:18:29.024Z</time></trkpt><trkpt lat="47.60863240" lon="19.14696980"><ele>136.70</ele><time>1980-01-07T14:18:29.230Z</time></trkpt><trkpt lat="47.60863250" lon="19.14696990"><ele>136.70</ele><time>1980-01-07T14:18:29.424Z</time></trkpt><trkpt lat="47.60863250" lon="19.14696990"><ele>136.70</ele><time>1980-01-07T14:18:29.632Z</time></trkpt><trkpt lat="47.60863240" lon="19.14696990"><ele>136.70</ele><time>1980-01-07T14:18:29.822Z</time></trkpt><trkpt lat="47.60863240" lon="19.14696990"><ele>136.70</ele><time>1980-01-07T14:18:30.024Z</time></trkpt><trkpt lat="47.60863230" lon="19.14696990"><ele>136.70</ele><time>1980-01-07T14:18:30.224Z</time></trkpt><trkpt lat="47.60863230" lon="19.14696990"><ele>136.70</ele><time>1980-01-07T14:18:30.425Z</time></trkpt><trkpt lat="47.60863230" lon="19.14696980"><ele>136.70</ele><time>1980-01-07T14:18:30.632Z</time></trkpt><trkpt lat="47.60863230" lon="19.14696980"><ele>136.70</ele><time>1980-01-07T14:18:30.832Z</time></trkpt><trkpt lat="47.60863230" lon="19.14696970"><ele>136.70</ele><time>1980-01-07T14:18:31.037Z</time></trkpt><trkpt lat="47.60863230" lon="19.14696970"><ele>136.70</ele><time>1980-01-07T14:18:31.232Z</time></trkpt><trkpt lat="47.60863230" lon="19.14696970"><ele>136.70</ele><time>1980-01-07T14:18:31.432Z</time></trkpt><trkpt lat="47.60863230" lon="19.14696970"><ele>136.70</ele><time>1980-01-07T14:18:31.632Z</time></trkpt><trkpt lat="47.60863230" lon="19.14696970"><ele>136.70</ele><time>1980-01-07T14:18:31.832Z</time></trkpt><trkpt lat="47.60863220" lon="19.14696970"><ele>136.69</ele><time>1980-01-07T14:18:32.030Z</time></trkpt><trkpt lat="47.60863220" lon="19.14696970"><ele>136.69</ele><time>1980-01-07T14:18:32.224Z</time></trkpt><trkpt lat="47.60863220" lon="19.14696970"><ele>136.69</ele><time>1980-01-07T14:18:32.424Z</time></trkpt><trkpt lat="47.60863230" lon="19.14696970"><ele>136.69</ele><time>1980-01-07T14:18:32.625Z</time></trkpt><trkpt lat="47.60863230" lon="19.14696970"><ele>136.69</ele><time>1980-01-07T14:18:32.825Z</time></trkpt><trkpt lat="47.60863230" lon="19.14696970"><ele>136.70</ele><time>1980-01-07T14:18:33.022Z</time></trkpt><trkpt lat="47.60863240" lon="19.14696970"><ele>136.70</ele><time>1980-01-07T14:18:33.227Z</time></trkpt><trkpt lat="47.60863240" lon="19.14696970"><ele>136.70</ele><time>1980-01-07T14:18:33.427Z</time></trkpt><trkpt lat="47.60863240" lon="19.14696960"><ele>136.70</ele><time>1980-01-07T14:18:33.622Z</time></trkpt><trkpt lat="47.60863240" lon="19.14696960"><ele>136.70</ele><time>1980-01-07T14:18:33.822Z</time></trkpt><trkpt lat="47.60863240" lon="19.14696960"><ele>136.70</ele><time>1980-01-07T14:18:34.022Z</time></trkpt><trkpt lat="47.60863240" lon="19.14696960"><ele>136.70</ele><time>1980-01-07T14:18:34.222Z</time></trkpt><trkpt lat="47.60863250" lon="19.14696960"><ele>136.70</ele><time>1980-01-07T14:18:34.422Z</time></trkpt><trkpt lat="47.60863250" lon="19.14696950"><ele>136.70</ele><time>1980-01-07T14:18:34.631Z</time></trkpt><trkpt lat="47.60863250" lon="19.14696950"><ele>136.70</ele><time>1980-01-07T14:18:34.832Z</time></trkpt><trkpt lat="47.60863250" lon="19.14696950"><ele>136.70</ele><time>1980-01-07T14:18:35.033Z</time></trkpt><trkpt lat="47.60863250" lon="19.14696940"><ele>136.70</ele><time>1980-01-07T14:18:35.232Z</time></trkpt><trkpt lat="47.60863250" lon="19.14696940"><ele>136.70</ele><time>1980-01-07T14:18:35.432Z</time></trkpt><trkpt lat="47.60863250" lon="19.14696940"><ele>136.70</ele><time>1980-01-07T14:18:35.632Z</time></trkpt><trkpt lat="47.60863250" lon="19.14696930"><ele>136.70</ele><time>1980-01-07T14:18:35.832Z</time></trkpt><trkpt lat="47.60863250" lon="19.14696930"><ele>136.70</ele><time>1980-01-07T14:18:36.032Z</time></trkpt><trkpt lat="47.60863250" lon="19.14696940"><ele>136.70</ele><time>1980-01-07T14:18:36.232Z</time></trkpt><trkpt lat="47.60863250" lon="19.14696940"><ele>136.70</ele><time>1980-01-07T14:18:36.432Z</time></trkpt><trkpt lat="47.60863250" lon="19.14696930"><ele>136.70</ele><time>1980-01-07T14:18:36.632Z</time></trkpt><trkpt lat="47.60863250" lon="19.14696930"><ele>136.70</ele><time>1980-01-07T14:18:36.832Z</time></trkpt><trkpt lat="47.60863250" lon="19.14696930"><ele>136.71</ele><time>1980-01-07T14:18:37.032Z</time></trkpt><trkpt lat="47.60863250" lon="19.14696930"><ele>136.71</ele><time>1980-01-07T14:18:37.232Z</time></trkpt><trkpt lat="47.60863250" lon="19.14696930"><ele>136.71</ele><time>1980-01-07T14:18:37.432Z</time></trkpt><trkpt lat="47.60863260" lon="19.14696920"><ele>136.71</ele><time>1980-01-07T14:18:37.632Z</time></trkpt><trkpt lat="47.60863260" lon="19.14696920"><ele>136.71</ele><time>1980-01-07T14:18:37.832Z</time></trkpt><trkpt lat="47.60863260" lon="19.14696920"><ele>136.71</ele><time>1980-01-07T14:18:38.032Z</time></trkpt><trkpt lat="47.60863270" lon="19.14696920"><ele>136.71</ele><time>1980-01-07T14:18:38.242Z</time></trkpt><trkpt lat="47.60863270" lon="19.14696930"><ele>136.72</ele><time>1980-01-07T14:18:38.442Z</time></trkpt><trkpt lat="47.60863270" lon="19.14696930"><ele>136.72</ele><time>1980-01-07T14:18:38.642Z</time></trkpt><trkpt lat="47.60863270" lon="19.14696930"><ele>136.72</ele><time>1980-01-07T14:18:38.842Z</time></trkpt><trkpt lat="47.60863280" lon="19.14696930"><ele>136.73</ele><time>1980-01-07T14:18:39.042Z</time></trkpt><trkpt lat="47.60863280" lon="19.14696930"><ele>136.73</ele><time>1980-01-07T14:18:39.252Z</time></trkpt><trkpt lat="47.60863280" lon="19.14696920"><ele>136.73</ele><time>1980-01-07T14:18:39.452Z</time></trkpt><trkpt lat="47.60863280" lon="19.14696920"><ele>136.73</ele><time>1980-01-07T14:18:39.652Z</time></trkpt><trkpt lat="47.60863280" lon="19.14696920"><ele>136.73</ele><time>1980-01-07T14:18:39.852Z</time></trkpt><trkpt lat="47.60863280" lon="19.14696920"><ele>136.73</ele><time>1980-01-07T14:18:40.052Z</time></trkpt><trkpt lat="47.60863280" lon="19.14696920"><ele>136.72</ele><time>1980-01-07T14:18:40.260Z</time></trkpt><trkpt lat="47.60863280" lon="19.14696920"><ele>136.72</ele><time>1980-01-07T14:18:40.461Z</time></trkpt><trkpt lat="47.60863280" lon="19.14696920"><ele>136.72</ele><time>1980-01-07T14:18:40.660Z</time></trkpt><trkpt lat="47.60863280" lon="19.14696920"><ele>136.72</ele><time>1980-01-07T14:18:40.861Z</time></trkpt><trkpt lat="47.60863280" lon="19.14696930"><ele>136.72</ele><time>1980-01-07T14:18:41.056Z</time></trkpt><trkpt lat="47.60863280" lon="19.14696930"><ele>136.72</ele><time>1980-01-07T14:18:41.262Z</time></trkpt><trkpt lat="47.60863280" lon="19.14696930"><ele>136.72</ele><time>1980-01-07T14:18:41.462Z</time></trkpt><trkpt lat="47.60863270" lon="19.14696930"><ele>136.72</ele><time>1980-01-07T14:18:41.662Z</time></trkpt><trkpt lat="47.60863270" lon="19.14696930"><ele>136.72</ele><time>1980-01-07T14:18:41.862Z</time></trkpt><trkpt lat="47.60863260" lon="19.14696930"><ele>136.72</ele><time>1980-01-07T14:18:42.056Z</time></trkpt><trkpt lat="47.60863260" lon="19.14696940"><ele>136.72</ele><time>1980-01-07T14:18:42.262Z</time></trkpt><trkpt lat="47.60863260" lon="19.14696940"><ele>136.72</ele><time>1980-01-07T14:18:42.462Z</time></trkpt><trkpt lat="47.60863250" lon="19.14696940"><ele>136.72</ele><time>1980-01-07T14:18:42.662Z</time></trkpt><trkpt lat="47.60863250" lon="19.14696940"><ele>136.72</ele><time>1980-01-07T14:18:42.862Z</time></trkpt><trkpt lat="47.60863250" lon="19.14696940"><ele>136.72</ele><time>1980-01-07T14:18:43.056Z</time></trkpt><trkpt lat="47.60863250" lon="19.14696940"><ele>136.71</ele><time>1980-01-07T14:18:43.262Z</time></trkpt><trkpt lat="47.60863250" lon="19.14696940"><ele>136.71</ele><time>1980-01-07T14:18:43.462Z</time></trkpt><trkpt lat="47.60863250" lon="19.14696950"><ele>136.71</ele><time>1980-01-07T14:18:43.662Z</time></trkpt><trkpt lat="47.60863250" lon="19.14696950"><ele>136.72</ele><time>1980-01-07T14:18:43.862Z</time></trkpt><trkpt lat="47.60863250" lon="19.14696950"><ele>136.71</ele><time>1980-01-07T14:18:44.057Z</time></trkpt><trkpt lat="47.60863250" lon="19.14696950"><ele>136.71</ele><time>1980-01-07T14:18:44.259Z</time></trkpt><trkpt lat="47.60863250" lon="19.14696950"><ele>136.71</ele><time>1980-01-07T14:18:44.460Z</time></trkpt><trkpt lat="47.60863250" lon="19.14696950"><ele>136.71</ele><time>1980-01-07T14:18:44.659Z</time></trkpt><trkpt lat="47.60863250" lon="19.14696950"><ele>136.70</ele><time>1980-01-07T14:18:44.859Z</time></trkpt><trkpt lat="47.60863250" lon="19.14696940"><ele>136.70</ele><time>1980-01-07T14:18:45.060Z</time></trkpt><trkpt lat="47.60863260" lon="19.14696940"><ele>136.69</ele><time>1980-01-07T14:18:45.262Z</time></trkpt><trkpt lat="47.60863250" lon="19.14696940"><ele>136.68</ele><time>1980-01-07T14:18:45.462Z</time></trkpt><trkpt lat="47.60863250" lon="19.14696940"><ele>136.68</ele><time>1980-01-07T14:18:45.662Z</time></trkpt><trkpt lat="47.60863250" lon="19.14696940"><ele>136.68</ele><time>1980-01-07T14:18:45.862Z</time></trkpt><trkpt lat="47.60863250" lon="19.14696940"><ele>136.68</ele><time>1980-01-07T14:18:46.056Z</time></trkpt><trkpt lat="47.60863250" lon="19.14696940"><ele>136.68</ele><time>1980-01-07T14:18:46.262Z</time></trkpt><trkpt lat="47.60863240" lon="19.14696940"><ele>136.67</ele><time>1980-01-07T14:18:46.462Z</time></trkpt><trkpt lat="47.60863240" lon="19.14696940"><ele>136.67</ele><time>1980-01-07T14:18:46.662Z</time></trkpt><trkpt lat="47.60863240" lon="19.14696940"><ele>136.67</ele><time>1980-01-07T14:18:46.862Z</time></trkpt><trkpt lat="47.60863230" lon="19.14696940"><ele>136.67</ele><time>1980-01-07T14:18:47.057Z</time></trkpt><trkpt lat="47.60863230" lon="19.14696940"><ele>136.67</ele><time>1980-01-07T14:18:47.256Z</time></trkpt><trkpt lat="47.60863240" lon="19.14696930"><ele>136.67</ele><time>1980-01-07T14:18:47.457Z</time></trkpt><trkpt lat="47.60863230" lon="19.14696930"><ele>136.67</ele><time>1980-01-07T14:18:47.658Z</time></trkpt><trkpt lat="47.60863230" lon="19.14696930"><ele>136.68</ele><time>1980-01-07T14:18:47.858Z</time></trkpt><trkpt lat="47.60863230" lon="19.14696940"><ele>136.68</ele><time>1980-01-07T14:18:48.059Z</time></trkpt><trkpt lat="47.60863230" lon="19.14696940"><ele>136.68</ele><time>1980-01-07T14:18:48.261Z</time></trkpt><trkpt lat="47.60863230" lon="19.14696940"><ele>136.68</ele><time>1980-01-07T14:18:48.461Z</time></trkpt><trkpt lat="47.60863230" lon="19.14696940"><ele>136.69</ele><time>1980-01-07T14:18:48.661Z</time></trkpt><trkpt lat="47.60863230" lon="19.14696950"><ele>136.69</ele><time>1980-01-07T14:18:48.861Z</time></trkpt><trkpt lat="47.60863230" lon="19.14696950"><ele>136.70</ele><time>1980-01-07T14:18:49.062Z</time></trkpt><trkpt lat="47.60863230" lon="19.14696960"><ele>136.70</ele><time>1980-01-07T14:18:49.262Z</time></trkpt><trkpt lat="47.60863240" lon="19.14696960"><ele>136.69</ele><time>1980-01-07T14:18:49.462Z</time></trkpt><trkpt lat="47.60863240" lon="19.14696960"><ele>136.69</ele><time>1980-01-07T14:18:49.662Z</time></trkpt><trkpt lat="47.60863240" lon="19.14696960"><ele>136.70</ele><time>1980-01-07T14:18:49.862Z</time></trkpt><trkpt lat="47.60863240" lon="19.14696970"><ele>136.70</ele><time>1980-01-07T14:18:50.057Z</time></trkpt><trkpt lat="47.60863240" lon="19.14696970"><ele>136.70</ele><time>1980-01-07T14:18:50.262Z</time></trkpt><trkpt lat="47.60863240" lon="19.14696970"><ele>136.69</ele><time>1980-01-07T14:18:50.462Z</time></trkpt><trkpt lat="47.60863240" lon="19.14696970"><ele>136.70</ele><time>1980-01-07T14:18:50.662Z</time></trkpt><trkpt lat="47.60863230" lon="19.14696980"><ele>136.70</ele><time>1980-01-07T14:18:50.862Z</time></trkpt><trkpt lat="47.60863240" lon="19.14696970"><ele>136.70</ele><time>1980-01-07T14:18:51.062Z</time></trkpt><trkpt lat="47.60863240" lon="19.14696970"><ele>136.71</ele><time>1980-01-07T14:18:51.262Z</time></trkpt><trkpt lat="47.60863240" lon="19.14696970"><ele>136.71</ele><time>1980-01-07T14:18:51.462Z</time></trkpt><trkpt lat="47.60863240" lon="19.14696960"><ele>136.71</ele><time>1980-01-07T14:18:51.662Z</time></trkpt><trkpt lat="47.60863230" lon="19.14696960"><ele>136.71</ele><time>1980-01-07T14:18:51.862Z</time></trkpt><trkpt lat="47.60863230" lon="19.14696960"><ele>136.71</ele><time>1980-01-07T14:18:52.062Z</time></trkpt><trkpt lat="47.60863230" lon="19.14696960"><ele>136.72</ele><time>1980-01-07T14:18:52.272Z</time></trkpt><trkpt lat="47.60863230" lon="19.14696950"><ele>136.72</ele><time>1980-01-07T14:18:52.472Z</time></trkpt><trkpt lat="47.60863230" lon="19.14696950"><ele>136.72</ele><time>1980-01-07T14:18:52.672Z</time></trkpt><trkpt lat="47.60863230" lon="19.14696940"><ele>136.72</ele><time>1980-01-07T14:18:52.872Z</time></trkpt><trkpt lat="47.60863230" lon="19.14696940"><ele>136.72</ele><time>1980-01-07T14:18:53.072Z</time></trkpt><trkpt lat="47.60863230" lon="19.14696940"><ele>136.72</ele><time>1980-01-07T14:18:53.262Z</time></trkpt><trkpt lat="47.60863240" lon="19.14696940"><ele>136.71</ele><time>1980-01-07T14:18:53.462Z</time></trkpt><trkpt lat="47.60863240" lon="19.14696940"><ele>136.71</ele><time>1980-01-07T14:18:53.663Z</time></trkpt><trkpt lat="47.60863240" lon="19.14696940"><ele>136.72</ele><time>1980-01-07T14:18:53.872Z</time></trkpt><trkpt lat="47.60863240" lon="19.14696940"><ele>136.72</ele><time>1980-01-07T14:18:54.072Z</time></trkpt><trkpt lat="47.60863250" lon="19.14696940"><ele>136.72</ele><time>1980-01-07T14:18:54.263Z</time></trkpt><trkpt lat="47.60863250" lon="19.14696940"><ele>136.72</ele><time>1980-01-07T14:18:54.462Z</time></trkpt><trkpt lat="47.60863250" lon="19.14696940"><ele>136.72</ele><time>1980-01-07T14:18:54.662Z</time></trkpt><trkpt lat="47.60863250" lon="19.14696940"><ele>136.72</ele><time>1980-01-07T14:18:54.862Z</time></trkpt><trkpt lat="47.60863250" lon="19.14696940"><ele>136.72</ele><time>1980-01-07T14:18:55.063Z</time></trkpt><trkpt lat="47.60863240" lon="19.14696950"><ele>136.72</ele><time>1980-01-07T14:18:55.263Z</time></trkpt><trkpt lat="47.60863240" lon="19.14696950"><ele>136.72</ele><time>1980-01-07T14:18:55.467Z</time></trkpt><trkpt lat="47.60863240" lon="19.14696950"><ele>136.72</ele><time>1980-01-07T14:18:55.666Z</time></trkpt><trkpt lat="47.60863240" lon="19.14696950"><ele>136.72</ele><time>1980-01-07T14:18:55.867Z</time></trkpt><trkpt lat="47.60863230" lon="19.14696940"><ele>136.71</ele><time>1980-01-07T14:18:56.067Z</time></trkpt><trkpt lat="47.60863230" lon="19.14696940"><ele>136.71</ele><time>1980-01-07T14:18:56.265Z</time></trkpt><trkpt lat="47.60863230" lon="19.14696940"><ele>136.71</ele><time>1980-01-07T14:18:56.472Z</time></trkpt><trkpt lat="47.60863230" lon="19.14696940"><ele>136.70</ele><time>1980-01-07T14:18:56.672Z</time></trkpt><trkpt lat="47.60863230" lon="19.14696940"><ele>136.70</ele><time>1980-01-07T14:18:56.872Z</time></trkpt><trkpt lat="47.60863230" lon="19.14696940"><ele>136.70</ele><time>1980-01-07T14:18:57.072Z</time></trkpt><trkpt lat="47.60863230" lon="19.14696940"><ele>136.70</ele><time>1980-01-07T14:18:57.266Z</time></trkpt><trkpt lat="47.60863230" lon="19.14696930"><ele>136.70</ele><time>1980-01-07T14:18:57.467Z</time></trkpt><trkpt lat="47.60863230" lon="19.14696930"><ele>136.70</ele><time>1980-01-07T14:18:57.666Z</time></trkpt><trkpt lat="47.60863240" lon="19.14696930"><ele>136.70</ele><time>1980-01-07T14:18:57.867Z</time></trkpt><trkpt lat="47.60863240" lon="19.14696920"><ele>136.70</ele><time>1980-01-07T14:18:58.067Z</time></trkpt><trkpt lat="47.60863240" lon="19.14696920"><ele>136.70</ele><time>1980-01-07T14:18:58.268Z</time></trkpt><trkpt lat="47.60863230" lon="19.14696920"><ele>136.69</ele><time>1980-01-07T14:18:58.468Z</time></trkpt><trkpt lat="47.60863230" lon="19.14696920"><ele>136.69</ele><time>1980-01-07T14:18:58.669Z</time></trkpt><trkpt lat="47.60863230" lon="19.14696930"><ele>136.68</ele><time>1980-01-07T14:18:58.869Z</time></trkpt><trkpt lat="47.60863230" lon="19.14696930"><ele>136.68</ele><time>1980-01-07T14:18:59.070Z</time></trkpt><trkpt lat="47.60863220" lon="19.14696930"><ele>136.68</ele><time>1980-01-07T14:18:59.269Z</time></trkpt><trkpt lat="47.60863220" lon="19.14696940"><ele>136.68</ele><time>1980-01-07T14:18:59.469Z</time></trkpt><trkpt lat="47.60863220" lon="19.14696940"><ele>136.68</ele><time>1980-01-07T14:18:59.669Z</time></trkpt><trkpt lat="47.60863220" lon="19.14696940"><ele>136.68</ele><time>1980-01-07T14:18:59.869Z</time></trkpt><trkpt lat="47.60863220" lon="19.14696940"><ele>136.68</ele><time>1980-01-07T14:19:00.069Z</time></trkpt><trkpt lat="47.60863220" lon="19.14696940"><ele>136.68</ele><time>1980-01-07T14:19:00.269Z</time></trkpt><trkpt lat="47.60863220" lon="19.14696940"><ele>136.68</ele><time>1980-01-07T14:19:00.469Z</time></trkpt><trkpt lat="47.60863220" lon="19.14696940"><ele>136.68</ele><time>1980-01-07T14:19:00.669Z</time></trkpt><trkpt lat="47.60863220" lon="19.14696940"><ele>136.69</ele><time>1980-01-07T14:19:00.869Z</time></trkpt><trkpt lat="47.60863230" lon="19.14696930"><ele>136.69</ele><time>1980-01-07T14:19:01.069Z</time></trkpt><trkpt lat="47.60863230" lon="19.14696930"><ele>136.69</ele><time>1980-01-07T14:19:01.272Z</time></trkpt><trkpt lat="47.60863230" lon="19.14696930"><ele>136.69</ele><time>1980-01-07T14:19:01.472Z</time></trkpt><trkpt lat="47.60863230" lon="19.14696930"><ele>136.69</ele><time>1980-01-07T14:19:01.672Z</time></trkpt><trkpt lat="47.60863240" lon="19.14696930"><ele>136.69</ele><time>1980-01-07T14:19:01.872Z</time></trkpt><trkpt lat="47.60863240" lon="19.14696930"><ele>136.70</ele><time>1980-01-07T14:19:02.072Z</time></trkpt><trkpt lat="47.60863240" lon="19.14696930"><ele>136.70</ele><time>1980-01-07T14:19:02.272Z</time></trkpt><trkpt lat="47.60863250" lon="19.14696930"><ele>136.70</ele><time>1980-01-07T14:19:02.472Z</time></trkpt><trkpt lat="47.60863250" lon="19.14696930"><ele>136.70</ele><time>1980-01-07T14:19:02.672Z</time></trkpt><trkpt lat="47.60863250" lon="19.14696930"><ele>136.70</ele><time>1980-01-07T14:19:02.872Z</time></trkpt><trkpt lat="47.60863250" lon="19.14696930"><ele>136.70</ele><time>1980-01-07T14:19:03.072Z</time></trkpt><trkpt lat="47.60863250" lon="19.14696930"><ele>136.70</ele><time>1980-01-07T14:19:03.272Z</time></trkpt><trkpt lat="47.60863250" lon="19.14696930"><ele>136.70</ele><time>1980-01-07T14:19:03.472Z</time></trkpt><trkpt lat="47.60863250" lon="19.14696930"><ele>136.70</ele><time>1980-01-07T14:19:03.672Z</time></trkpt><trkpt lat="47.60863250" lon="19.14696940"><ele>136.71</ele><time>1980-01-07T14:19:03.872Z</time></trkpt><trkpt lat="47.60863250" lon="19.14696940"><ele>136.71</ele><time>1980-01-07T14:19:04.072Z</time></trkpt><trkpt lat="47.60863240" lon="19.14696940"><ele>136.70</ele><time>1980-01-07T14:19:04.272Z</time></trkpt><trkpt lat="47.60863240" lon="19.14696940"><ele>136.70</ele><time>1980-01-07T14:19:04.472Z</time></trkpt><trkpt lat="47.60863240" lon="19.14696950"><ele>136.70</ele><time>1980-01-07T14:19:04.669Z</time></trkpt><trkpt lat="47.60863230" lon="19.14696950"><ele>136.70</ele><time>1980-01-07T14:19:04.870Z</time></trkpt><trkpt lat="47.60863230" lon="19.14696950"><ele>136.70</ele><time>1980-01-07T14:19:05.069Z</time></trkpt><trkpt lat="47.60863230" lon="19.14696950"><ele>136.70</ele><time>1980-01-07T14:19:05.272Z</time></trkpt><trkpt lat="47.60863230" lon="19.14696950"><ele>136.70</ele><time>1980-01-07T14:19:05.472Z</time></trkpt><trkpt lat="47.60863240" lon="19.14696960"><ele>136.70</ele><time>1980-01-07T14:19:05.672Z</time></trkpt><trkpt lat="47.60863240" lon="19.14696960"><ele>136.70</ele><time>1980-01-07T14:19:05.872Z</time></trkpt><trkpt lat="47.60863250" lon="19.14696950"><ele>136.70</ele><time>1980-01-07T14:19:06.072Z</time></trkpt><trkpt lat="47.60863250" lon="19.14696950"><ele>136.70</ele><time>1980-01-07T14:19:06.272Z</time></trkpt><trkpt lat="47.60863260" lon="19.14696950"><ele>136.70</ele><time>1980-01-07T14:19:06.472Z</time></trkpt><trkpt lat="47.60863260" lon="19.14696950"><ele>136.70</ele><time>1980-01-07T14:19:06.672Z</time></trkpt><trkpt lat="47.60863260" lon="19.14696950"><ele>136.70</ele><time>1980-01-07T14:19:06.872Z</time></trkpt><trkpt lat="47.60863260" lon="19.14696940"><ele>136.70</ele><time>1980-01-07T14:19:07.072Z</time></trkpt><trkpt lat="47.60863260" lon="19.14696940"><ele>136.70</ele><time>1980-01-07T14:19:07.272Z</time></trkpt><trkpt lat="47.60863260" lon="19.14696940"><ele>136.70</ele><time>1980-01-07T14:19:07.472Z</time></trkpt><trkpt lat="47.60863260" lon="19.14696940"><ele>136.69</ele><time>1980-01-07T14:19:07.672Z</time></trkpt><trkpt lat="47.60863260" lon="19.14696940"><ele>136.69</ele><time>1980-01-07T14:19:07.872Z</time></trkpt><trkpt lat="47.60863260" lon="19.14696940"><ele>136.69</ele><time>1980-01-07T14:19:08.072Z</time></trkpt><trkpt lat="47.60863260" lon="19.14696940"><ele>136.69</ele><time>1980-01-07T14:19:08.272Z</time></trkpt><trkpt lat="47.60863260" lon="19.14696940"><ele>136.69</ele><time>1980-01-07T14:19:08.482Z</time></trkpt><trkpt lat="47.60863250" lon="19.14696940"><ele>136.69</ele><time>1980-01-07T14:19:08.682Z</time></trkpt><trkpt lat="47.60863250" lon="19.14696940"><ele>136.70</ele><time>1980-01-07T14:19:08.882Z</time></trkpt><trkpt lat="47.60863250" lon="19.14696940"><ele>136.70</ele><time>1980-01-07T14:19:09.082Z</time></trkpt><trkpt lat="47.60863240" lon="19.14696940"><ele>136.69</ele><time>1980-01-07T14:19:09.290Z</time></trkpt><trkpt lat="47.60863240" lon="19.14696930"><ele>136.69</ele><time>1980-01-07T14:19:09.493Z</time></trkpt><trkpt lat="47.60863240" lon="19.14696930"><ele>136.69</ele><time>1980-01-07T14:19:09.692Z</time></trkpt><trkpt lat="47.60863240" lon="19.14696930"><ele>136.69</ele><time>1980-01-07T14:19:09.893Z</time></trkpt><trkpt lat="47.60863240" lon="19.14696930"><ele>136.69</ele><time>1980-01-07T14:19:10.092Z</time></trkpt><trkpt lat="47.60863240" lon="19.14696930"><ele>136.69</ele><time>1980-01-07T14:19:10.302Z</time></trkpt><trkpt lat="47.60863240" lon="19.14696930"><ele>136.69</ele><time>1980-01-07T14:19:10.502Z</time></trkpt><trkpt lat="47.60863240" lon="19.14696930"><ele>136.69</ele><time>1980-01-07T14:19:10.702Z</time></trkpt><trkpt lat="47.60863250" lon="19.14696930"><ele>136.69</ele><time>1980-01-07T14:19:10.902Z</time></trkpt><trkpt lat="47.60863250" lon="19.14696930"><ele>136.69</ele><time>1980-01-07T14:19:11.102Z</time></trkpt><trkpt lat="47.60863250" lon="19.14696930"><ele>136.69</ele><time>1980-01-07T14:19:11.302Z</time></trkpt><trkpt lat="47.60863250" lon="19.14696930"><ele>136.69</ele><time>1980-01-07T14:19:11.509Z</time></trkpt><trkpt lat="47.60863250" lon="19.14696930"><ele>136.69</ele><time>1980-01-07T14:19:11.709Z</time></trkpt><trkpt lat="47.60863250" lon="19.14696930"><ele>136.69</ele><time>1980-01-07T14:19:11.909Z</time></trkpt><trkpt lat="47.60863250" lon="19.14696930"><ele>136.69</ele><time>1980-01-07T14:19:12.109Z</time></trkpt><trkpt lat="47.60863250" lon="19.14696930"><ele>136.69</ele><time>1980-01-07T14:19:12.309Z</time></trkpt><trkpt lat="47.60863250" lon="19.14696930"><ele>136.69</ele><time>1980-01-07T14:19:12.509Z</time></trkpt><trkpt lat="47.60863250" lon="19.14696930"><ele>136.69</ele><time>1980-01-07T14:19:12.709Z</time></trkpt><trkpt lat="47.60863250" lon="19.14696930"><ele>136.68</ele><time>1980-01-07T14:19:12.909Z</time></trkpt><trkpt lat="47.60863250" lon="19.14696920"><ele>136.68</ele><time>1980-01-07T14:19:13.104Z</time></trkpt><trkpt lat="47.60863240" lon="19.14696920"><ele>136.68</ele><time>1980-01-07T14:19:13.309Z</time></trkpt><trkpt lat="47.60863240" lon="19.14696920"><ele>136.68</ele><time>1980-01-07T14:19:13.509Z</time></trkpt><trkpt lat="47.60863240" lon="19.14696920"><ele>136.68</ele><time>1980-01-07T14:19:13.709Z</time></trkpt><trkpt lat="47.60863240" lon="19.14696920"><ele>136.68</ele><time>1980-01-07T14:19:13.909Z</time></trkpt><trkpt lat="47.60863240" lon="19.14696930"><ele>136.68</ele><time>1980-01-07T14:19:14.104Z</time></trkpt><trkpt lat="47.60863240" lon="19.14696930"><ele>136.68</ele><time>1980-01-07T14:19:14.309Z</time></trkpt><trkpt lat="47.60863240" lon="19.14696930"><ele>136.67</ele><time>1980-01-07T14:19:14.509Z</time></trkpt><trkpt lat="47.60863240" lon="19.14696930"><ele>136.67</ele><time>1980-01-07T14:19:14.709Z</time></trkpt><trkpt lat="47.60863240" lon="19.14696930"><ele>136.67</ele><time>1980-01-07T14:19:14.909Z</time></trkpt><trkpt lat="47.60863250" lon="19.14696920"><ele>136.67</ele><time>1980-01-07T14:19:15.109Z</time></trkpt><trkpt lat="47.60863250" lon="19.14696920"><ele>136.67</ele><time>1980-01-07T14:19:15.309Z</time></trkpt><trkpt lat="47.60863250" lon="19.14696910"><ele>136.67</ele><time>1980-01-07T14:19:15.509Z</time></trkpt><trkpt lat="47.60863260" lon="19.14696920"><ele>136.68</ele><time>1980-01-07T14:19:15.710Z</time></trkpt><trkpt lat="47.60863260" lon="19.14696920"><ele>136.68</ele><time>1980-01-07T14:19:15.910Z</time></trkpt><trkpt lat="47.60863260" lon="19.14696920"><ele>136.69</ele><time>1980-01-07T14:19:16.111Z</time></trkpt><trkpt lat="47.60863270" lon="19.14696930"><ele>136.69</ele><time>1980-01-07T14:19:16.312Z</time></trkpt><trkpt lat="47.60863270" lon="19.14696930"><ele>136.70</ele><time>1980-01-07T14:19:16.512Z</time></trkpt><trkpt lat="47.60863260" lon="19.14696930"><ele>136.70</ele><time>1980-01-07T14:19:16.713Z</time></trkpt><trkpt lat="47.60863260" lon="19.14696930"><ele>136.70</ele><time>1980-01-07T14:19:16.912Z</time></trkpt><trkpt lat="47.60863260" lon="19.14696930"><ele>136.70</ele><time>1980-01-07T14:19:17.112Z</time></trkpt><trkpt lat="47.60863260" lon="19.14696930"><ele>136.71</ele><time>1980-01-07T14:19:17.312Z</time></trkpt><trkpt lat="47.60863250" lon="19.14696930"><ele>136.71</ele><time>1980-01-07T14:19:17.513Z</time></trkpt><trkpt lat="47.60863250" lon="19.14696940"><ele>136.71</ele><time>1980-01-07T14:19:17.713Z</time></trkpt><trkpt lat="47.60863250" lon="19.14696940"><ele>136.71</ele><time>1980-01-07T14:19:17.914Z</time></trkpt><trkpt lat="47.60863250" lon="19.14696940"><ele>136.70</ele><time>1980-01-07T14:19:18.114Z</time></trkpt><trkpt lat="47.60863250" lon="19.14696940"><ele>136.70</ele><time>1980-01-07T14:19:18.318Z</time></trkpt><trkpt lat="47.60863250" lon="19.14696940"><ele>136.70</ele><time>1980-01-07T14:19:18.519Z</time></trkpt><trkpt lat="47.60863250" lon="19.14696940"><ele>136.70</ele><time>1980-01-07T14:19:18.719Z</time></trkpt><trkpt lat="47.60863250" lon="19.14696940"><ele>136.70</ele><time>1980-01-07T14:19:18.919Z</time></trkpt><trkpt lat="47.60863250" lon="19.14696940"><ele>136.70</ele><time>1980-01-07T14:19:19.119Z</time></trkpt><trkpt lat="47.60863250" lon="19.14696940"><ele>136.71</ele><time>1980-01-07T14:19:19.319Z</time></trkpt><trkpt lat="47.60863250" lon="19.14696940"><ele>136.70</ele><time>1980-01-07T14:19:19.522Z</time></trkpt><trkpt lat="47.60863250" lon="19.14696930"><ele>136.71</ele><time>1980-01-07T14:19:19.722Z</time></trkpt><trkpt lat="47.60863250" lon="19.14696930"><ele>136.71</ele><time>1980-01-07T14:19:19.922Z</time></trkpt><trkpt lat="47.60863250" lon="19.14696930"><ele>136.71</ele><time>1980-01-07T14:19:20.122Z</time></trkpt><trkpt lat="47.60863250" lon="19.14696940"><ele>136.70</ele><time>1980-01-07T14:19:20.322Z</time></trkpt><trkpt lat="47.60863260" lon="19.14696940"><ele>136.70</ele><time>1980-01-07T14:19:20.522Z</time></trkpt><trkpt lat="47.60863260" lon="19.14696940"><ele>136.70</ele><time>1980-01-07T14:19:20.722Z</time></trkpt><trkpt lat="47.60863250" lon="19.14696940"><ele>136.69</ele><time>1980-01-07T14:19:20.922Z</time></trkpt><trkpt lat="47.60863250" lon="19.14696930"><ele>136.69</ele><time>1980-01-07T14:19:21.122Z</time></trkpt><trkpt lat="47.60863260" lon="19.14696930"><ele>136.68</ele><time>1980-01-07T14:19:21.322Z</time></trkpt><trkpt lat="47.60863260" lon="19.14696930"><ele>136.68</ele><time>1980-01-07T14:19:21.530Z</time></trkpt><trkpt lat="47.60863260" lon="19.14696920"><ele>136.68</ele><time>1980-01-07T14:19:21.730Z</time></trkpt><trkpt lat="47.60863260" lon="19.14696920"><ele>136.68</ele><time>1980-01-07T14:19:21.923Z</time></trkpt><trkpt lat="47.60863260" lon="19.14696920"><ele>136.68</ele><time>1980-01-07T14:19:22.123Z</time></trkpt><trkpt lat="47.60863260" lon="19.14696920"><ele>136.67</ele><time>1980-01-07T14:19:22.323Z</time></trkpt><trkpt lat="47.60863260" lon="19.14696920"><ele>136.67</ele><time>1980-01-07T14:19:22.525Z</time></trkpt><trkpt lat="47.60863260" lon="19.14696930"><ele>136.67</ele><time>1980-01-07T14:19:22.724Z</time></trkpt><trkpt lat="47.60863270" lon="19.14696930"><ele>136.67</ele><time>1980-01-07T14:19:22.924Z</time></trkpt><trkpt lat="47.60863270" lon="19.14696930"><ele>136.68</ele><time>1980-01-07T14:19:23.124Z</time></trkpt><trkpt lat="47.60863260" lon="19.14696930"><ele>136.68</ele><time>1980-01-07T14:19:23.325Z</time></trkpt><trkpt lat="47.60863260" lon="19.14696930"><ele>136.68</ele><time>1980-01-07T14:19:23.525Z</time></trkpt><trkpt lat="47.60863260" lon="19.14696930"><ele>136.69</ele><time>1980-01-07T14:19:23.725Z</time></trkpt><trkpt lat="47.60863260" lon="19.14696930"><ele>136.70</ele><time>1980-01-07T14:19:23.925Z</time></trkpt><trkpt lat="47.60863260" lon="19.14696940"><ele>136.70</ele><time>1980-01-07T14:19:24.126Z</time></trkpt><trkpt lat="47.60863260" lon="19.14696940"><ele>136.70</ele><time>1980-01-07T14:19:24.326Z</time></trkpt><trkpt lat="47.60863260" lon="19.14696940"><ele>136.70</ele><time>1980-01-07T14:19:24.526Z</time></trkpt><trkpt lat="47.60863270" lon="19.14696930"><ele>136.70</ele><time>1980-01-07T14:19:24.726Z</time></trkpt><trkpt lat="47.60863270" lon="19.14696930"><ele>136.70</ele><time>1980-01-07T14:19:24.926Z</time></trkpt><trkpt lat="47.60863270" lon="19.14696930"><ele>136.70</ele><time>1980-01-07T14:19:25.126Z</time></trkpt><trkpt lat="47.60863270" lon="19.14696920"><ele>136.70</ele><time>1980-01-07T14:19:25.325Z</time></trkpt><trkpt lat="47.60863270" lon="19.14696920"><ele>136.71</ele><time>1980-01-07T14:19:25.525Z</time></trkpt><trkpt lat="47.60863270" lon="19.14696920"><ele>136.71</ele><time>1980-01-07T14:19:25.732Z</time></trkpt><trkpt lat="47.60863270" lon="19.14696920"><ele>136.72</ele><time>1980-01-07T14:19:25.932Z</time></trkpt><trkpt lat="47.60863270" lon="19.14696920"><ele>136.72</ele><time>1980-01-07T14:19:26.132Z</time></trkpt><trkpt lat="47.60863270" lon="19.14696920"><ele>136.72</ele><time>1980-01-07T14:19:26.332Z</time></trkpt><trkpt lat="47.60863270" lon="19.14696920"><ele>136.72</ele><time>1980-01-07T14:19:26.532Z</time></trkpt><trkpt lat="47.60863270" lon="19.14696920"><ele>136.73</ele><time>1980-01-07T14:19:26.742Z</time></trkpt><trkpt lat="47.60863270" lon="19.14696920"><ele>136.73</ele><time>1980-01-07T14:19:26.942Z</time></trkpt><trkpt lat="47.60863270" lon="19.14696930"><ele>136.74</ele><time>1980-01-07T14:19:27.142Z</time></trkpt><trkpt lat="47.60863270" lon="19.14696930"><ele>136.75</ele><time>1980-01-07T14:19:27.342Z</time></trkpt><trkpt lat="47.60863270" lon="19.14696920"><ele>136.75</ele><time>1980-01-07T14:19:27.542Z</time></trkpt><trkpt lat="47.60863270" lon="19.14696920"><ele>136.75</ele><time>1980-01-07T14:19:27.742Z</time></trkpt><trkpt lat="47.60863270" lon="19.14696920"><ele>136.76</ele><time>1980-01-07T14:19:27.942Z</time></trkpt><trkpt lat="47.60863270" lon="19.14696920"><ele>136.76</ele><time>1980-01-07T14:19:28.142Z</time></trkpt><trkpt lat="47.60863270" lon="19.14696920"><ele>136.76</ele><time>1980-01-07T14:19:28.352Z</time></trkpt><trkpt lat="47.60863260" lon="19.14696910"><ele>136.77</ele><time>1980-01-07T14:19:28.552Z</time></trkpt><trkpt lat="47.60863260" lon="19.14696910"><ele>136.77</ele><time>1980-01-07T14:19:28.752Z</time></trkpt><trkpt lat="47.60863260" lon="19.14696910"><ele>136.78</ele><time>1980-01-07T14:19:28.952Z</time></trkpt><trkpt lat="47.60863260" lon="19.14696910"><ele>136.78</ele><time>1980-01-07T14:19:29.152Z</time></trkpt><trkpt lat="47.60863260" lon="19.14696910"><ele>136.78</ele><time>1980-01-07T14:19:29.361Z</time></trkpt><trkpt lat="47.60863260" lon="19.14696920"><ele>136.78</ele><time>1980-01-07T14:19:29.562Z</time></trkpt><trkpt lat="47.60863260" lon="19.14696910"><ele>136.79</ele><time>1980-01-07T14:19:29.762Z</time></trkpt><trkpt lat="47.60863260" lon="19.14696910"><ele>136.79</ele><time>1980-01-07T14:19:29.962Z</time></trkpt><trkpt lat="47.60863260" lon="19.14696910"><ele>136.79</ele><time>1980-01-07T14:19:30.162Z</time></trkpt><trkpt lat="47.60863270" lon="19.14696910"><ele>136.79</ele><time>1980-01-07T14:19:30.368Z</time></trkpt><trkpt lat="47.60863270" lon="19.14696910"><ele>136.79</ele><time>1980-01-07T14:19:30.570Z</time></trkpt><trkpt lat="47.60863270" lon="19.14696900"><ele>136.79</ele><time>1980-01-07T14:19:30.769Z</time></trkpt><trkpt lat="47.60863270" lon="19.14696910"><ele>136.79</ele><time>1980-01-07T14:19:30.970Z</time></trkpt><trkpt lat="47.60863270" lon="19.14696910"><ele>136.79</ele><time>1980-01-07T14:19:31.170Z</time></trkpt><trkpt lat="47.60863270" lon="19.14696910"><ele>136.79</ele><time>1980-01-07T14:19:31.370Z</time></trkpt><trkpt lat="47.60863270" lon="19.14696910"><ele>136.79</ele><time>1980-01-07T14:19:31.572Z</time></trkpt><trkpt lat="47.60863270" lon="19.14696920"><ele>136.79</ele><time>1980-01-07T14:19:31.772Z</time></trkpt><trkpt lat="47.60863280" lon="19.14696920"><ele>136.79</ele><time>1980-01-07T14:19:31.972Z</time></trkpt><trkpt lat="47.60863280" lon="19.14696920"><ele>136.80</ele><time>1980-01-07T14:19:32.172Z</time></trkpt><trkpt lat="47.60863280" lon="19.14696920"><ele>136.80</ele><time>1980-01-07T14:19:32.380Z</time></trkpt><trkpt lat="47.60863280" lon="19.14696920"><ele>136.80</ele><time>1980-01-07T14:19:32.580Z</time></trkpt><trkpt lat="47.60863280" lon="19.14696920"><ele>136.80</ele><time>1980-01-07T14:19:32.782Z</time></trkpt><trkpt lat="47.60863270" lon="19.14696930"><ele>136.80</ele><time>1980-01-07T14:19:32.980Z</time></trkpt><trkpt lat="47.60863270" lon="19.14696920"><ele>136.80</ele><time>1980-01-07T14:19:33.180Z</time></trkpt><trkpt lat="47.60863280" lon="19.14696920"><ele>136.80</ele><time>1980-01-07T14:19:33.382Z</time></trkpt><trkpt lat="47.60863280" lon="19.14696920"><ele>136.80</ele><time>1980-01-07T14:19:33.582Z</time></trkpt><trkpt lat="47.60863280" lon="19.14696930"><ele>136.80</ele><time>1980-01-07T14:19:33.780Z</time></trkpt><trkpt lat="47.60863280" lon="19.14696930"><ele>136.80</ele><time>1980-01-07T14:19:33.982Z</time></trkpt><trkpt lat="47.60863280" lon="19.14696940"><ele>136.80</ele><time>1980-01-07T14:19:34.182Z</time></trkpt><trkpt lat="47.60863280" lon="19.14696940"><ele>136.80</ele><time>1980-01-07T14:19:34.382Z</time></trkpt><trkpt lat="47.60863280" lon="19.14696940"><ele>136.80</ele><time>1980-01-07T14:19:34.582Z</time></trkpt><trkpt lat="47.60863280" lon="19.14696940"><ele>136.80</ele><time>1980-01-07T14:19:34.782Z</time></trkpt><trkpt lat="47.60863270" lon="19.14696940"><ele>136.80</ele><time>1980-01-07T14:19:34.982Z</time></trkpt><trkpt lat="47.60863270" lon="19.14696940"><ele>136.79</ele><time>1980-01-07T14:19:35.182Z</time></trkpt><trkpt lat="47.60863270" lon="19.14696940"><ele>136.79</ele><time>1980-01-07T14:19:35.382Z</time></trkpt><trkpt lat="47.60863270" lon="19.14696940"><ele>136.79</ele><time>1980-01-07T14:19:35.582Z</time></trkpt><trkpt lat="47.60863260" lon="19.14696940"><ele>136.79</ele><time>1980-01-07T14:19:35.782Z</time></trkpt><trkpt lat="47.60863260" lon="19.14696950"><ele>136.79</ele><time>1980-01-07T14:19:35.982Z</time></trkpt><trkpt lat="47.60863260" lon="19.14696950"><ele>136.78</ele><time>1980-01-07T14:19:36.182Z</time></trkpt><trkpt lat="47.60863260" lon="19.14696950"><ele>136.78</ele><time>1980-01-07T14:19:36.382Z</time></trkpt><trkpt lat="47.60863260" lon="19.14696950"><ele>136.78</ele><time>1980-01-07T14:19:36.582Z</time></trkpt><trkpt lat="47.60863260" lon="19.14696950"><ele>136.78</ele><time>1980-01-07T14:19:36.782Z</time></trkpt><trkpt lat="47.60863260" lon="19.14696940"><ele>136.78</ele><time>1980-01-07T14:19:36.982Z</time></trkpt><trkpt lat="47.60863260" lon="19.14696940"><ele>136.77</ele><time>1980-01-07T14:19:37.192Z</time></trkpt><trkpt lat="47.60863270" lon="19.14696940"><ele>136.77</ele><time>1980-01-07T14:19:37.392Z</time></trkpt><trkpt lat="47.60863260" lon="19.14696940"><ele>136.77</ele><time>1980-01-07T14:19:37.600Z</time></trkpt><trkpt lat="47.60863260" lon="19.14696940"><ele>136.78</ele><time>1980-01-07T14:19:37.801Z</time></trkpt><trkpt lat="47.60863260" lon="19.14696940"><ele>136.78</ele><time>1980-01-07T14:19:37.998Z</time></trkpt><trkpt lat="47.60863260" lon="19.14696940"><ele>136.78</ele><time>1980-01-07T14:19:38.200Z</time></trkpt><trkpt lat="47.60863260" lon="19.14696940"><ele>136.78</ele><time>1980-01-07T14:19:38.400Z</time></trkpt><trkpt lat="47.60863260" lon="19.14696940"><ele>136.79</ele><time>1980-01-07T14:19:38.600Z</time></trkpt><trkpt lat="47.60863260" lon="19.14696950"><ele>136.79</ele><time>1980-01-07T14:19:38.800Z</time></trkpt><trkpt lat="47.60863260" lon="19.14696940"><ele>136.79</ele><time>1980-01-07T14:19:38.998Z</time></trkpt><trkpt lat="47.60863250" lon="19.14696940"><ele>136.79</ele><time>1980-01-07T14:19:39.193Z</time></trkpt><trkpt lat="47.60863250" lon="19.14696940"><ele>136.78</ele><time>1980-01-07T14:19:39.395Z</time></trkpt><trkpt lat="47.60863250" lon="19.14696940"><ele>136.77</ele><time>1980-01-07T14:19:39.595Z</time></trkpt><trkpt lat="47.60863250" lon="19.14696940"><ele>136.77</ele><time>1980-01-07T14:19:39.796Z</time></trkpt><trkpt lat="47.60863250" lon="19.14696940"><ele>136.77</ele><time>1980-01-07T14:19:39.997Z</time></trkpt><trkpt lat="47.60863250" lon="19.14696940"><ele>136.77</ele><time>1980-01-07T14:19:40.198Z</time></trkpt><trkpt lat="47.60863250" lon="19.14696950"><ele>136.77</ele><time>1980-01-07T14:19:40.398Z</time></trkpt><trkpt lat="47.60863250" lon="19.14696950"><ele>136.76</ele><time>1980-01-07T14:19:40.599Z</time></trkpt><trkpt lat="47.60863250" lon="19.14696950"><ele>136.77</ele><time>1980-01-07T14:19:40.799Z</time></trkpt><trkpt lat="47.60863250" lon="19.14696950"><ele>136.76</ele><time>1980-01-07T14:19:40.997Z</time></trkpt><trkpt lat="47.60863250" lon="19.14696950"><ele>136.76</ele><time>1980-01-07T14:19:41.202Z</time></trkpt><trkpt lat="47.60863250" lon="19.14696950"><ele>136.76</ele><time>1980-01-07T14:19:41.402Z</time></trkpt><trkpt lat="47.60863250" lon="19.14696950"><ele>136.76</ele><time>1980-01-07T14:19:41.602Z</time></trkpt><trkpt lat="47.60863250" lon="19.14696940"><ele>136.76</ele><time>1980-01-07T14:19:41.802Z</time></trkpt><trkpt lat="47.60863250" lon="19.14696940"><ele>136.76</ele><time>1980-01-07T14:19:41.997Z</time></trkpt><trkpt lat="47.60863260" lon="19.14696930"><ele>136.75</ele><time>1980-01-07T14:19:42.202Z</time></trkpt><trkpt lat="47.60863260" lon="19.14696930"><ele>136.76</ele><time>1980-01-07T14:19:42.402Z</time></trkpt><trkpt lat="47.60863270" lon="19.14696930"><ele>136.76</ele><time>1980-01-07T14:19:42.602Z</time></trkpt><trkpt lat="47.60863270" lon="19.14696930"><ele>136.76</ele><time>1980-01-07T14:19:42.802Z</time></trkpt><trkpt lat="47.60863270" lon="19.14696930"><ele>136.76</ele><time>1980-01-07T14:19:42.997Z</time></trkpt><trkpt lat="47.60863270" lon="19.14696930"><ele>136.76</ele><time>1980-01-07T14:19:43.202Z</time></trkpt><trkpt lat="47.60863270" lon="19.14696930"><ele>136.76</ele><time>1980-01-07T14:19:43.402Z</time></trkpt><trkpt lat="47.60863270" lon="19.14696940"><ele>136.77</ele><time>1980-01-07T14:19:43.602Z</time></trkpt><trkpt lat="47.60863280" lon="19.14696940"><ele>136.77</ele><time>1980-01-07T14:19:43.802Z</time></trkpt><trkpt lat="47.60863280" lon="19.14696940"><ele>136.77</ele><time>1980-01-07T14:19:43.997Z</time></trkpt><trkpt lat="47.60863280" lon="19.14696950"><ele>136.77</ele><time>1980-01-07T14:19:44.194Z</time></trkpt><trkpt lat="47.60863280" lon="19.14696950"><ele>136.77</ele><time>1980-01-07T14:19:44.394Z</time></trkpt><trkpt lat="47.60863280" lon="19.14696950"><ele>136.76</ele><time>1980-01-07T14:19:44.594Z</time></trkpt><trkpt lat="47.60863270" lon="19.14696950"><ele>136.76</ele><time>1980-01-07T14:19:44.794Z</time></trkpt><trkpt lat="47.60863280" lon="19.14696950"><ele>136.76</ele><time>1980-01-07T14:19:44.994Z</time></trkpt><trkpt lat="47.60863280" lon="19.14696950"><ele>136.75</ele><time>1980-01-07T14:19:45.197Z</time></trkpt><trkpt lat="47.60863280" lon="19.14696960"><ele>136.75</ele><time>1980-01-07T14:19:45.396Z</time></trkpt><trkpt lat="47.60863280" lon="19.14696960"><ele>136.75</ele><time>1980-01-07T14:19:45.597Z</time></trkpt><trkpt lat="47.60863280" lon="19.14696970"><ele>136.75</ele><time>1980-01-07T14:19:45.796Z</time></trkpt><trkpt lat="47.60863280" lon="19.14696970"><ele>136.74</ele><time>1980-01-07T14:19:45.997Z</time></trkpt><trkpt lat="47.60863280" lon="19.14696980"><ele>136.74</ele><time>1980-01-07T14:19:46.199Z</time></trkpt><trkpt lat="47.60863280" lon="19.14696980"><ele>136.73</ele><time>1980-01-07T14:19:46.399Z</time></trkpt><trkpt lat="47.60863270" lon="19.14696980"><ele>136.73</ele><time>1980-01-07T14:19:46.600Z</time></trkpt><trkpt lat="47.60863270" lon="19.14696980"><ele>136.73</ele><time>1980-01-07T14:19:46.800Z</time></trkpt><trkpt lat="47.60863270" lon="19.14696980"><ele>136.73</ele><time>1980-01-07T14:19:46.997Z</time></trkpt><trkpt lat="47.60863280" lon="19.14696980"><ele>136.72</ele><time>1980-01-07T14:19:47.202Z</time></trkpt><trkpt lat="47.60863280" lon="19.14696980"><ele>136.72</ele><time>1980-01-07T14:19:47.402Z</time></trkpt><trkpt lat="47.60863270" lon="19.14696980"><ele>136.72</ele><time>1980-01-07T14:19:47.602Z</time></trkpt><trkpt lat="47.60863270" lon="19.14696970"><ele>136.72</ele><time>1980-01-07T14:19:47.802Z</time></trkpt><trkpt lat="47.60863280" lon="19.14696970"><ele>136.73</ele><time>1980-01-07T14:19:48.002Z</time></trkpt><trkpt lat="47.60863280" lon="19.14696960"><ele>136.73</ele><time>1980-01-07T14:19:48.202Z</time></trkpt><trkpt lat="47.60863280" lon="19.14696960"><ele>136.73</ele><time>1980-01-07T14:19:48.412Z</time></trkpt><trkpt lat="47.60863280" lon="19.14696950"><ele>136.73</ele><time>1980-01-07T14:19:48.612Z</time></trkpt><trkpt lat="47.60863280" lon="19.14696940"><ele>136.73</ele><time>1980-01-07T14:19:48.812Z</time></trkpt><trkpt lat="47.60863280" lon="19.14696940"><ele>136.73</ele><time>1980-01-07T14:19:49.012Z</time></trkpt><trkpt lat="47.60863280" lon="19.14696940"><ele>136.72</ele><time>1980-01-07T14:19:49.212Z</time></trkpt><trkpt lat="47.60863280" lon="19.14696940"><ele>136.72</ele><time>1980-01-07T14:19:49.412Z</time></trkpt><trkpt lat="47.60863280" lon="19.14696930"><ele>136.73</ele><time>1980-01-07T14:19:49.612Z</time></trkpt><trkpt lat="47.60863280" lon="19.14696930"><ele>136.73</ele><time>1980-01-07T14:19:49.812Z</time></trkpt><trkpt lat="47.60863270" lon="19.14696940"><ele>136.73</ele><time>1980-01-07T14:19:50.012Z</time></trkpt><trkpt lat="47.60863270" lon="19.14696950"><ele>136.72</ele><time>1980-01-07T14:19:50.212Z</time></trkpt><trkpt lat="47.60863270" lon="19.14696950"><ele>136.72</ele><time>1980-01-07T14:19:50.412Z</time></trkpt><trkpt lat="47.60863270" lon="19.14696950"><ele>136.72</ele><time>1980-01-07T14:19:50.619Z</time></trkpt><trkpt lat="47.60863270" lon="19.14696950"><ele>136.72</ele><time>1980-01-07T14:19:50.820Z</time></trkpt><trkpt lat="47.60863270" lon="19.14696960"><ele>136.72</ele><time>1980-01-07T14:19:51.019Z</time></trkpt><trkpt lat="47.60863270" lon="19.14696960"><ele>136.73</ele><time>1980-01-07T14:19:51.221Z</time></trkpt><trkpt lat="47.60863280" lon="19.14696960"><ele>136.73</ele><time>1980-01-07T14:19:51.421Z</time></trkpt><trkpt lat="47.60863280" lon="19.14696960"><ele>136.74</ele><time>1980-01-07T14:19:51.622Z</time></trkpt><trkpt lat="47.60863280" lon="19.14696950"><ele>136.74</ele><time>1980-01-07T14:19:51.822Z</time></trkpt><trkpt lat="47.60863280" lon="19.14696950"><ele>136.75</ele><time>1980-01-07T14:19:52.022Z</time></trkpt><trkpt lat="47.60863290" lon="19.14696950"><ele>136.75</ele><time>1980-01-07T14:19:52.222Z</time></trkpt><trkpt lat="47.60863290" lon="19.14696950"><ele>136.75</ele><time>1980-01-07T14:19:52.422Z</time></trkpt><trkpt lat="47.60863290" lon="19.14696950"><ele>136.75</ele><time>1980-01-07T14:19:52.622Z</time></trkpt><trkpt lat="47.60863290" lon="19.14696940"><ele>136.75</ele><time>1980-01-07T14:19:52.828Z</time></trkpt><trkpt lat="47.60863290" lon="19.14696940"><ele>136.75</ele><time>1980-01-07T14:19:53.030Z</time></trkpt><trkpt lat="47.60863280" lon="19.14696940"><ele>136.75</ele><time>1980-01-07T14:19:53.229Z</time></trkpt><trkpt lat="47.60863280" lon="19.14696940"><ele>136.75</ele><time>1980-01-07T14:19:53.430Z</time></trkpt><trkpt lat="47.60863280" lon="19.14696940"><ele>136.75</ele><time>1980-01-07T14:19:53.631Z</time></trkpt><trkpt lat="47.60863280" lon="19.14696940"><ele>136.75</ele><time>1980-01-07T14:19:53.832Z</time></trkpt><trkpt lat="47.60863280" lon="19.14696940"><ele>136.76</ele><time>1980-01-07T14:19:54.030Z</time></trkpt><trkpt lat="47.60863270" lon="19.14696940"><ele>136.76</ele><time>1980-01-07T14:19:54.232Z</time></trkpt><trkpt lat="47.60863270" lon="19.14696940"><ele>136.76</ele><time>1980-01-07T14:19:54.432Z</time></trkpt><trkpt lat="47.60863270" lon="19.14696940"><ele>136.77</ele><time>1980-01-07T14:19:54.638Z</time></trkpt><trkpt lat="47.60863270" lon="19.14696930"><ele>136.77</ele><time>1980-01-07T14:19:54.840Z</time></trkpt><trkpt lat="47.60863270" lon="19.14696930"><ele>136.77</ele><time>1980-01-07T14:19:55.038Z</time></trkpt><trkpt lat="47.60863270" lon="19.14696930"><ele>136.77</ele><time>1980-01-07T14:19:55.232Z</time></trkpt><trkpt lat="47.60863280" lon="19.14696930"><ele>136.77</ele><time>1980-01-07T14:19:55.432Z</time></trkpt><trkpt lat="47.60863270" lon="19.14696930"><ele>136.77</ele><time>1980-01-07T14:19:55.632Z</time></trkpt><trkpt lat="47.60863270" lon="19.14696930"><ele>136.77</ele><time>1980-01-07T14:19:55.832Z</time></trkpt><trkpt lat="47.60863270" lon="19.14696930"><ele>136.77</ele><time>1980-01-07T14:19:56.032Z</time></trkpt><trkpt lat="47.60863270" lon="19.14696940"><ele>136.77</ele><time>1980-01-07T14:19:56.232Z</time></trkpt><trkpt lat="47.60863270" lon="19.14696940"><ele>136.77</ele><time>1980-01-07T14:19:56.432Z</time></trkpt><trkpt lat="47.60863270" lon="19.14696940"><ele>136.78</ele><time>1980-01-07T14:19:56.633Z</time></trkpt><trkpt lat="47.60863270" lon="19.14696940"><ele>136.78</ele><time>1980-01-07T14:19:56.833Z</time></trkpt><trkpt lat="47.60863270" lon="19.14696950"><ele>136.78</ele><time>1980-01-07T14:19:57.034Z</time></trkpt><trkpt lat="47.60863270" lon="19.14696950"><ele>136.78</ele><time>1980-01-07T14:19:57.236Z</time></trkpt><trkpt lat="47.60863270" lon="19.14696950"><ele>136.78</ele><time>1980-01-07T14:19:57.439Z</time></trkpt><trkpt lat="47.60863270" lon="19.14696950"><ele>136.78</ele><time>1980-01-07T14:19:57.639Z</time></trkpt><trkpt lat="47.60863270" lon="19.14696950"><ele>136.78</ele><time>1980-01-07T14:19:57.839Z</time></trkpt><trkpt lat="47.60863270" lon="19.14696950"><ele>136.78</ele><time>1980-01-07T14:19:58.034Z</time></trkpt><trkpt lat="47.60863270" lon="19.14696950"><ele>136.78</ele><time>1980-01-07T14:19:58.242Z</time></trkpt><trkpt lat="47.60863270" lon="19.14696950"><ele>136.79</ele><time>1980-01-07T14:19:58.442Z</time></trkpt><trkpt lat="47.60863270" lon="19.14696950"><ele>136.79</ele><time>1980-01-07T14:19:58.642Z</time></trkpt><trkpt lat="47.60863270" lon="19.14696940"><ele>136.79</ele><time>1980-01-07T14:19:58.842Z</time></trkpt><trkpt lat="47.60863270" lon="19.14696930"><ele>136.80</ele><time>1980-01-07T14:19:59.034Z</time></trkpt><trkpt lat="47.60863270" lon="19.14696930"><ele>136.80</ele><time>1980-01-07T14:19:59.242Z</time></trkpt><trkpt lat="47.60863270" lon="19.14696920"><ele>136.80</ele><time>1980-01-07T14:19:59.442Z</time></trkpt><trkpt lat="47.60863270" lon="19.14696920"><ele>136.80</ele><time>1980-01-07T14:19:59.642Z</time></trkpt><trkpt lat="47.60863280" lon="19.14696920"><ele>136.81</ele><time>1980-01-07T14:19:59.842Z</time></trkpt><trkpt lat="47.60863280" lon="19.14696910"><ele>136.81</ele><time>1980-01-07T14:20:00.042Z</time></trkpt><trkpt lat="47.60863280" lon="19.14696910"><ele>136.81</ele><time>1980-01-07T14:20:00.236Z</time></trkpt><trkpt lat="47.60863280" lon="19.14696910"><ele>136.81</ele><time>1980-01-07T14:20:00.436Z</time></trkpt><trkpt lat="47.60863280" lon="19.14696910"><ele>136.81</ele><time>1980-01-07T14:20:00.641Z</time></trkpt><trkpt lat="47.60863280" lon="19.14696910"><ele>136.81</ele><time>1980-01-07T14:20:00.842Z</time></trkpt><trkpt lat="47.60863280" lon="19.14696910"><ele>136.80</ele><time>1980-01-07T14:20:01.038Z</time></trkpt><trkpt lat="47.60863280" lon="19.14696910"><ele>136.80</ele><time>1980-01-07T14:20:01.242Z</time></trkpt><trkpt lat="47.60863280" lon="19.14696910"><ele>136.80</ele><time>1980-01-07T14:20:01.442Z</time></trkpt><trkpt lat="47.60863280" lon="19.14696920"><ele>136.80</ele><time>1980-01-07T14:20:01.642Z</time></trkpt><trkpt lat="47.60863280" lon="19.14696930"><ele>136.80</ele><time>1980-01-07T14:20:01.842Z</time></trkpt><trkpt lat="47.60863280" lon="19.14696930"><ele>136.80</ele><time>1980-01-07T14:20:02.036Z</time></trkpt><trkpt lat="47.60863280" lon="19.14696930"><ele>136.79</ele><time>1980-01-07T14:20:02.242Z</time></trkpt><trkpt lat="47.60863280" lon="19.14696930"><ele>136.79</ele><time>1980-01-07T14:20:02.452Z</time></trkpt><trkpt lat="47.60863280" lon="19.14696930"><ele>136.79</ele><time>1980-01-07T14:20:02.652Z</time></trkpt><trkpt lat="47.60863280" lon="19.14696920"><ele>136.79</ele><time>1980-01-07T14:20:02.852Z</time></trkpt><trkpt lat="47.60863270" lon="19.14696920"><ele>136.78</ele><time>1980-01-07T14:20:03.052Z</time></trkpt><trkpt lat="47.60863270" lon="19.14696920"><ele>136.78</ele><time>1980-01-07T14:20:03.262Z</time></trkpt><trkpt lat="47.60863270" lon="19.14696920"><ele>136.78</ele><time>1980-01-07T14:20:03.462Z</time></trkpt><trkpt lat="47.60863270" lon="19.14696920"><ele>136.78</ele><time>1980-01-07T14:20:03.662Z</time></trkpt><trkpt lat="47.60863260" lon="19.14696920"><ele>136.78</ele><time>1980-01-07T14:20:03.862Z</time></trkpt><trkpt lat="47.60863260" lon="19.14696920"><ele>136.78</ele><time>1980-01-07T14:20:04.058Z</time></trkpt><trkpt lat="47.60863260" lon="19.14696920"><ele>136.78</ele><time>1980-01-07T14:20:04.262Z</time></trkpt><trkpt lat="47.60863260" lon="19.14696920"><ele>136.78</ele><time>1980-01-07T14:20:04.462Z</time></trkpt><trkpt lat="47.60863260" lon="19.14696930"><ele>136.78</ele><time>1980-01-07T14:20:04.662Z</time></trkpt><trkpt lat="47.60863260" lon="19.14696930"><ele>136.78</ele><time>1980-01-07T14:20:04.862Z</time></trkpt><trkpt lat="47.60863260" lon="19.14696930"><ele>136.78</ele><time>1980-01-07T14:20:05.059Z</time></trkpt><trkpt lat="47.60863250" lon="19.14696930"><ele>136.78</ele><time>1980-01-07T14:20:05.262Z</time></trkpt><trkpt lat="47.60863250" lon="19.14696920"><ele>136.77</ele><time>1980-01-07T14:20:05.462Z</time></trkpt><trkpt lat="47.60863250" lon="19.14696920"><ele>136.77</ele><time>1980-01-07T14:20:05.662Z</time></trkpt><trkpt lat="47.60863250" lon="19.14696920"><ele>136.77</ele><time>1980-01-07T14:20:05.862Z</time></trkpt><trkpt lat="47.60863240" lon="19.14696920"><ele>136.77</ele><time>1980-01-07T14:20:06.059Z</time></trkpt><trkpt lat="47.60863240" lon="19.14696920"><ele>136.76</ele><time>1980-01-07T14:20:06.258Z</time></trkpt><trkpt lat="47.60863240" lon="19.14696920"><ele>136.76</ele><time>1980-01-07T14:20:06.458Z</time></trkpt><trkpt lat="47.60863250" lon="19.14696930"><ele>136.76</ele><time>1980-01-07T14:20:06.659Z</time></trkpt><trkpt lat="47.60863250" lon="19.14696930"><ele>136.76</ele><time>1980-01-07T14:20:06.859Z</time></trkpt><trkpt lat="47.60863250" lon="19.14696930"><ele>136.76</ele><time>1980-01-07T14:20:07.061Z</time></trkpt><trkpt lat="47.60863250" lon="19.14696940"><ele>136.76</ele><time>1980-01-07T14:20:07.260Z</time></trkpt><trkpt lat="47.60863260" lon="19.14696940"><ele>136.77</ele><time>1980-01-07T14:20:07.460Z</time></trkpt><trkpt lat="47.60863260" lon="19.14696940"><ele>136.77</ele><time>1980-01-07T14:20:07.661Z</time></trkpt><trkpt lat="47.60863260" lon="19.14696940"><ele>136.78</ele><time>1980-01-07T14:20:07.863Z</time></trkpt><trkpt lat="47.60863260" lon="19.14696940"><ele>136.78</ele><time>1980-01-07T14:20:08.062Z</time></trkpt><trkpt lat="47.60863260" lon="19.14696940"><ele>136.78</ele><time>1980-01-07T14:20:08.262Z</time></trkpt><trkpt lat="47.60863260" lon="19.14696940"><ele>136.78</ele><time>1980-01-07T14:20:08.462Z</time></trkpt><trkpt lat="47.60863250" lon="19.14696940"><ele>136.79</ele><time>1980-01-07T14:20:08.662Z</time></trkpt><trkpt lat="47.60863250" lon="19.14696940"><ele>136.79</ele><time>1980-01-07T14:20:08.862Z</time></trkpt><trkpt lat="47.60863250" lon="19.14696940"><ele>136.79</ele><time>1980-01-07T14:20:09.059Z</time></trkpt><trkpt lat="47.60863250" lon="19.14696950"><ele>136.80</ele><time>1980-01-07T14:20:09.262Z</time></trkpt><trkpt lat="47.60863250" lon="19.14696950"><ele>136.80</ele><time>1980-01-07T14:20:09.462Z</time></trkpt><trkpt lat="47.60863250" lon="19.14696960"><ele>136.80</ele><time>1980-01-07T14:20:09.662Z</time></trkpt><trkpt lat="47.60863250" lon="19.14696960"><ele>136.80</ele><time>1980-01-07T14:20:09.862Z</time></trkpt><trkpt lat="47.60863250" lon="19.14696960"><ele>136.80</ele><time>1980-01-07T14:20:10.058Z</time></trkpt><trkpt lat="47.60863250" lon="19.14696960"><ele>136.79</ele><time>1980-01-07T14:20:10.262Z</time></trkpt><trkpt lat="47.60863250" lon="19.14696960"><ele>136.79</ele><time>1980-01-07T14:20:10.462Z</time></trkpt><trkpt lat="47.60863250" lon="19.14696960"><ele>136.79</ele><time>1980-01-07T14:20:10.662Z</time></trkpt><trkpt lat="47.60863250" lon="19.14696950"><ele>136.79</ele><time>1980-01-07T14:20:10.862Z</time></trkpt><trkpt lat="47.60863250" lon="19.14696950"><ele>136.78</ele><time>1980-01-07T14:20:11.059Z</time></trkpt><trkpt lat="47.60863250" lon="19.14696950"><ele>136.78</ele><time>1980-01-07T14:20:11.262Z</time></trkpt><trkpt lat="47.60863250" lon="19.14696950"><ele>136.78</ele><time>1980-01-07T14:20:11.462Z</time></trkpt><trkpt lat="47.60863250" lon="19.14696950"><ele>136.78</ele><time>1980-01-07T14:20:11.662Z</time></trkpt><trkpt lat="47.60863250" lon="19.14696950"><ele>136.78</ele><time>1980-01-07T14:20:11.862Z</time></trkpt><trkpt lat="47.60863250" lon="19.14696950"><ele>136.78</ele><time>1980-01-07T14:20:12.058Z</time></trkpt><trkpt lat="47.60863250" lon="19.14696950"><ele>136.77</ele><time>1980-01-07T14:20:12.258Z</time></trkpt><trkpt lat="47.60863260" lon="19.14696950"><ele>136.77</ele><time>1980-01-07T14:20:12.459Z</time></trkpt><trkpt lat="47.60863260" lon="19.14696950"><ele>136.77</ele><time>1980-01-07T14:20:12.662Z</time></trkpt><trkpt lat="47.60863260" lon="19.14696950"><ele>136.76</ele><time>1980-01-07T14:20:12.862Z</time></trkpt><trkpt lat="47.60863260" lon="19.14696950"><ele>136.76</ele><time>1980-01-07T14:20:13.062Z</time></trkpt><trkpt lat="47.60863260" lon="19.14696950"><ele>136.77</ele><time>1980-01-07T14:20:13.262Z</time></trkpt><trkpt lat="47.60863260" lon="19.14696950"><ele>136.77</ele><time>1980-01-07T14:20:13.462Z</time></trkpt><trkpt lat="47.60863260" lon="19.14696960"><ele>136.77</ele><time>1980-01-07T14:20:13.662Z</time></trkpt><trkpt lat="47.60863270" lon="19.14696960"><ele>136.77</ele><time>1980-01-07T14:20:13.862Z</time></trkpt><trkpt lat="47.60863270" lon="19.14696960"><ele>136.77</ele><time>1980-01-07T14:20:14.062Z</time></trkpt><trkpt lat="47.60863270" lon="19.14696960"><ele>136.77</ele><time>1980-01-07T14:20:14.262Z</time></trkpt><trkpt lat="47.60863280" lon="19.14696970"><ele>136.77</ele><time>1980-01-07T14:20:14.462Z</time></trkpt><trkpt lat="47.60863280" lon="19.14696970"><ele>136.77</ele><time>1980-01-07T14:20:14.662Z</time></trkpt><trkpt lat="47.60863280" lon="19.14696970"><ele>136.77</ele><time>1980-01-07T14:20:14.872Z</time></trkpt><trkpt lat="47.60863280" lon="19.14696970"><ele>136.77</ele><time>1980-01-07T14:20:15.080Z</time></trkpt><trkpt lat="47.60863280" lon="19.14696970"><ele>136.77</ele><time>1980-01-07T14:20:15.282Z</time></trkpt><trkpt lat="47.60863280" lon="19.14696970"><ele>136.77</ele><time>1980-01-07T14:20:15.482Z</time></trkpt><trkpt lat="47.60863280" lon="19.14696970"><ele>136.78</ele><time>1980-01-07T14:20:15.682Z</time></trkpt><trkpt lat="47.60863280" lon="19.14696960"><ele>136.78</ele><time>1980-01-07T14:20:15.882Z</time></trkpt><trkpt lat="47.60863280" lon="19.14696960"><ele>136.78</ele><time>1980-01-07T14:20:16.090Z</time></trkpt><trkpt lat="47.60863290" lon="19.14696960"><ele>136.78</ele><time>1980-01-07T14:20:16.290Z</time></trkpt><trkpt lat="47.60863290" lon="19.14696960"><ele>136.77</ele><time>1980-01-07T14:20:16.491Z</time></trkpt><trkpt lat="47.60863290" lon="19.14696960"><ele>136.77</ele><time>1980-01-07T14:20:16.691Z</time></trkpt><trkpt lat="47.60863290" lon="19.14696960"><ele>136.77</ele><time>1980-01-07T14:20:16.892Z</time></trkpt><trkpt lat="47.60863290" lon="19.14696960"><ele>136.77</ele><time>1980-01-07T14:20:17.092Z</time></trkpt><trkpt lat="47.60863280" lon="19.14696960"><ele>136.77</ele><time>1980-01-07T14:20:17.292Z</time></trkpt><trkpt lat="47.60863280" lon="19.14696960"><ele>136.77</ele><time>1980-01-07T14:20:17.492Z</time></trkpt><trkpt lat="47.60863280" lon="19.14696960"><ele>136.77</ele><time>1980-01-07T14:20:17.692Z</time></trkpt><trkpt lat="47.60863280" lon="19.14696960"><ele>136.77</ele><time>1980-01-07T14:20:17.892Z</time></trkpt><trkpt lat="47.60863280" lon="19.14696960"><ele>136.78</ele><time>1980-01-07T14:20:18.102Z</time></trkpt><trkpt lat="47.60863280" lon="19.14696960"><ele>136.77</ele><time>1980-01-07T14:20:18.293Z</time></trkpt><trkpt lat="47.60863280" lon="19.14696960"><ele>136.77</ele><time>1980-01-07T14:20:18.493Z</time></trkpt><trkpt lat="47.60863280" lon="19.14696950"><ele>136.77</ele><time>1980-01-07T14:20:18.694Z</time></trkpt><trkpt lat="47.60863280" lon="19.14696950"><ele>136.77</ele><time>1980-01-07T14:20:18.894Z</time></trkpt><trkpt lat="47.60863280" lon="19.14696950"><ele>136.77</ele><time>1980-01-07T14:20:19.094Z</time></trkpt><trkpt lat="47.60863280" lon="19.14696940"><ele>136.77</ele><time>1980-01-07T14:20:19.295Z</time></trkpt><trkpt lat="47.60863280" lon="19.14696940"><ele>136.77</ele><time>1980-01-07T14:20:19.494Z</time></trkpt><trkpt lat="47.60863280" lon="19.14696940"><ele>136.77</ele><time>1980-01-07T14:20:19.694Z</time></trkpt><trkpt lat="47.60863280" lon="19.14696950"><ele>136.77</ele><time>1980-01-07T14:20:19.894Z</time></trkpt><trkpt lat="47.60863270" lon="19.14696950"><ele>136.77</ele><time>1980-01-07T14:20:20.094Z</time></trkpt><trkpt lat="47.60863270" lon="19.14696950"><ele>136.78</ele><time>1980-01-07T14:20:20.295Z</time></trkpt><trkpt lat="47.60863270" lon="19.14696950"><ele>136.78</ele><time>1980-01-07T14:20:20.496Z</time></trkpt><trkpt lat="47.60863270" lon="19.14696960"><ele>136.78</ele><time>1980-01-07T14:20:20.696Z</time></trkpt><trkpt lat="47.60863270" lon="19.14696960"><ele>136.79</ele><time>1980-01-07T14:20:20.896Z</time></trkpt><trkpt lat="47.60863260" lon="19.14696960"><ele>136.79</ele><time>1980-01-07T14:20:21.097Z</time></trkpt><trkpt lat="47.60863260" lon="19.14696960"><ele>136.79</ele><time>1980-01-07T14:20:21.297Z</time></trkpt><trkpt lat="47.60863260" lon="19.14696960"><ele>136.79</ele><time>1980-01-07T14:20:21.498Z</time></trkpt><trkpt lat="47.60863260" lon="19.14696950"><ele>136.80</ele><time>1980-01-07T14:20:21.697Z</time></trkpt><trkpt lat="47.60863260" lon="19.14696950"><ele>136.80</ele><time>1980-01-07T14:20:21.902Z</time></trkpt><trkpt lat="47.60863260" lon="19.14696940"><ele>136.80</ele><time>1980-01-07T14:20:22.102Z</time></trkpt><trkpt lat="47.60863270" lon="19.14696940"><ele>136.80</ele><time>1980-01-07T14:20:22.302Z</time></trkpt><trkpt lat="47.60863270" lon="19.14696940"><ele>136.80</ele><time>1980-01-07T14:20:22.502Z</time></trkpt><trkpt lat="47.60863280" lon="19.14696940"><ele>136.80</ele><time>1980-01-07T14:20:22.702Z</time></trkpt><trkpt lat="47.60863280" lon="19.14696940"><ele>136.81</ele><time>1980-01-07T14:20:22.902Z</time></trkpt><trkpt lat="47.60863280" lon="19.14696940"><ele>136.81</ele><time>1980-01-07T14:20:23.102Z</time></trkpt><trkpt lat="47.60863280" lon="19.14696940"><ele>136.81</ele><time>1980-01-07T14:20:23.302Z</time></trkpt><trkpt lat="47.60863280" lon="19.14696940"><ele>136.81</ele><time>1980-01-07T14:20:23.503Z</time></trkpt><trkpt lat="47.60863280" lon="19.14696940"><ele>136.81</ele><time>1980-01-07T14:20:23.703Z</time></trkpt><trkpt lat="47.60863280" lon="19.14696940"><ele>136.81</ele><time>1980-01-07T14:20:23.904Z</time></trkpt><trkpt lat="47.60863280" lon="19.14696940"><ele>136.81</ele><time>1980-01-07T14:20:24.112Z</time></trkpt><trkpt lat="47.60863280" lon="19.14696930"><ele>136.81</ele><time>1980-01-07T14:20:24.312Z</time></trkpt><trkpt lat="47.60863280" lon="19.14696930"><ele>136.81</ele><time>1980-01-07T14:20:24.512Z</time></trkpt><trkpt lat="47.60863280" lon="19.14696930"><ele>136.81</ele><time>1980-01-07T14:20:24.712Z</time></trkpt><trkpt lat="47.60863280" lon="19.14696920"><ele>136.81</ele><time>1980-01-07T14:20:24.912Z</time></trkpt><trkpt lat="47.60863280" lon="19.14696920"><ele>136.81</ele><time>1980-01-07T14:20:25.122Z</time></trkpt><trkpt lat="47.60863280" lon="19.14696920"><ele>136.81</ele><time>1980-01-07T14:20:25.322Z</time></trkpt><trkpt lat="47.60863280" lon="19.14696920"><ele>136.81</ele><time>1980-01-07T14:20:25.522Z</time></trkpt><trkpt lat="47.60863280" lon="19.14696920"><ele>136.81</ele><time>1980-01-07T14:20:25.713Z</time></trkpt><trkpt lat="47.60863290" lon="19.14696920"><ele>136.81</ele><time>1980-01-07T14:20:25.922Z</time></trkpt><trkpt lat="47.60863280" lon="19.14696920"><ele>136.81</ele><time>1980-01-07T14:20:26.112Z</time></trkpt><trkpt lat="47.60863280" lon="19.14696930"><ele>136.81</ele><time>1980-01-07T14:20:26.313Z</time></trkpt><trkpt lat="47.60863280" lon="19.14696930"><ele>136.81</ele><time>1980-01-07T14:20:26.514Z</time></trkpt><trkpt lat="47.60863280" lon="19.14696930"><ele>136.81</ele><time>1980-01-07T14:20:26.714Z</time></trkpt><trkpt lat="47.60863280" lon="19.14696930"><ele>136.81</ele><time>1980-01-07T14:20:26.914Z</time></trkpt><trkpt lat="47.60863280" lon="19.14696930"><ele>136.81</ele><time>1980-01-07T14:20:27.114Z</time></trkpt><trkpt lat="47.60863280" lon="19.14696930"><ele>136.81</ele><time>1980-01-07T14:20:27.315Z</time></trkpt><trkpt lat="47.60863280" lon="19.14696940"><ele>136.81</ele><time>1980-01-07T14:20:27.514Z</time></trkpt><trkpt lat="47.60863290" lon="19.14696940"><ele>136.81</ele><time>1980-01-07T14:20:27.715Z</time></trkpt><trkpt lat="47.60863290" lon="19.14696940"><ele>136.81</ele><time>1980-01-07T14:20:27.915Z</time></trkpt><trkpt lat="47.60863290" lon="19.14696950"><ele>136.82</ele><time>1980-01-07T14:20:28.116Z</time></trkpt><trkpt lat="47.60863290" lon="19.14696950"><ele>136.82</ele><time>1980-01-07T14:20:28.315Z</time></trkpt><trkpt lat="47.60863290" lon="19.14696940"><ele>136.82</ele><time>1980-01-07T14:20:28.516Z</time></trkpt><trkpt lat="47.60863290" lon="19.14696940"><ele>136.82</ele><time>1980-01-07T14:20:28.716Z</time></trkpt><trkpt lat="47.60863290" lon="19.14696940"><ele>136.82</ele><time>1980-01-07T14:20:28.916Z</time></trkpt><trkpt lat="47.60863280" lon="19.14696940"><ele>136.82</ele><time>1980-01-07T14:20:29.117Z</time></trkpt><trkpt lat="47.60863280" lon="19.14696950"><ele>136.82</ele><time>1980-01-07T14:20:29.317Z</time></trkpt><trkpt lat="47.60863280" lon="19.14696950"><ele>136.82</ele><time>1980-01-07T14:20:29.519Z</time></trkpt><trkpt lat="47.60863280" lon="19.14696960"><ele>136.82</ele><time>1980-01-07T14:20:29.722Z</time></trkpt><trkpt lat="47.60863280" lon="19.14696960"><ele>136.81</ele><time>1980-01-07T14:20:29.922Z</time></trkpt><trkpt lat="47.60863280" lon="19.14696970"><ele>136.81</ele><time>1980-01-07T14:20:30.122Z</time></trkpt><trkpt lat="47.60863280" lon="19.14696970"><ele>136.81</ele><time>1980-01-07T14:20:30.322Z</time></trkpt><trkpt lat="47.60863280" lon="19.14696970"><ele>136.81</ele><time>1980-01-07T14:20:30.522Z</time></trkpt><trkpt lat="47.60863280" lon="19.14696970"><ele>136.81</ele><time>1980-01-07T14:20:30.722Z</time></trkpt><trkpt lat="47.60863280" lon="19.14696980"><ele>136.81</ele><time>1980-01-07T14:20:30.922Z</time></trkpt><trkpt lat="47.60863280" lon="19.14696980"><ele>136.81</ele><time>1980-01-07T14:20:31.116Z</time></trkpt><trkpt lat="47.60863280" lon="19.14696980"><ele>136.81</ele><time>1980-01-07T14:20:31.322Z</time></trkpt><trkpt lat="47.60863280" lon="19.14696980"><ele>136.81</ele><time>1980-01-07T14:20:31.532Z</time></trkpt><trkpt lat="47.60863280" lon="19.14696980"><ele>136.81</ele><time>1980-01-07T14:20:31.732Z</time></trkpt><trkpt lat="47.60863280" lon="19.14696980"><ele>136.81</ele><time>1980-01-07T14:20:31.932Z</time></trkpt><trkpt lat="47.60863280" lon="19.14696980"><ele>136.81</ele><time>1980-01-07T14:20:32.132Z</time></trkpt><trkpt lat="47.60863280" lon="19.14696980"><ele>136.81</ele><time>1980-01-07T14:20:32.332Z</time></trkpt><trkpt lat="47.60863280" lon="19.14696980"><ele>136.81</ele><time>1980-01-07T14:20:32.532Z</time></trkpt><trkpt lat="47.60863280" lon="19.14696980"><ele>136.81</ele><time>1980-01-07T14:20:32.732Z</time></trkpt><trkpt lat="47.60863280" lon="19.14696970"><ele>136.82</ele><time>1980-01-07T14:20:32.932Z</time></trkpt><trkpt lat="47.60863280" lon="19.14696970"><ele>136.82</ele><time>1980-01-07T14:20:33.142Z</time></trkpt><trkpt lat="47.60863280" lon="19.14696970"><ele>136.82</ele><time>1980-01-07T14:20:33.342Z</time></trkpt><trkpt lat="47.60863280" lon="19.14696970"><ele>136.81</ele><time>1980-01-07T14:20:33.532Z</time></trkpt><trkpt lat="47.60863280" lon="19.14696970"><ele>136.81</ele><time>1980-01-07T14:20:33.742Z</time></trkpt><trkpt lat="47.60863280" lon="19.14696970"><ele>136.81</ele><time>1980-01-07T14:20:33.942Z</time></trkpt><trkpt lat="47.60863280" lon="19.14696970"><ele>136.81</ele><time>1980-01-07T14:20:34.152Z</time></trkpt><trkpt lat="47.60863280" lon="19.14696970"><ele>136.80</ele><time>1980-01-07T14:20:34.352Z</time></trkpt><trkpt lat="47.60863270" lon="19.14696970"><ele>136.80</ele><time>1980-01-07T14:20:34.552Z</time></trkpt><trkpt lat="47.60863270" lon="19.14696970"><ele>136.79</ele><time>1980-01-07T14:20:34.762Z</time></trkpt><trkpt lat="47.60863260" lon="19.14696970"><ele>136.78</ele><time>1980-01-07T14:20:34.962Z</time></trkpt><trkpt lat="47.60863260" lon="19.14696970"><ele>136.78</ele><time>1980-01-07T14:20:35.152Z</time></trkpt><trkpt lat="47.60863250" lon="19.14696970"><ele>136.77</ele><time>1980-01-07T14:20:35.352Z</time></trkpt><trkpt lat="47.60863250" lon="19.14696960"><ele>136.77</ele><time>1980-01-07T14:20:35.552Z</time></trkpt><trkpt lat="47.60863250" lon="19.14696960"><ele>136.76</ele><time>1980-01-07T14:20:35.752Z</time></trkpt><trkpt lat="47.60863260" lon="19.14696950"><ele>136.76</ele><time>1980-01-07T14:20:35.962Z</time></trkpt><trkpt lat="47.60863260" lon="19.14696950"><ele>136.76</ele><time>1980-01-07T14:20:36.162Z</time></trkpt><trkpt lat="47.60863260" lon="19.14696950"><ele>136.75</ele><time>1980-01-07T14:20:36.362Z</time></trkpt><trkpt lat="47.60863260" lon="19.14696940"><ele>136.75</ele><time>1980-01-07T14:20:36.562Z</time></trkpt><trkpt lat="47.60863260" lon="19.14696940"><ele>136.75</ele><time>1980-01-07T14:20:36.762Z</time></trkpt><trkpt lat="47.60863260" lon="19.14696940"><ele>136.75</ele><time>1980-01-07T14:20:36.962Z</time></trkpt><trkpt lat="47.60863260" lon="19.14696950"><ele>136.75</ele><time>1980-01-07T14:20:37.152Z</time></trkpt><trkpt lat="47.60863270" lon="19.14696950"><ele>136.75</ele><time>1980-01-07T14:20:37.352Z</time></trkpt><trkpt lat="47.60863280" lon="19.14696940"><ele>136.75</ele><time>1980-01-07T14:20:37.552Z</time></trkpt><trkpt lat="47.60863280" lon="19.14696940"><ele>136.75</ele><time>1980-01-07T14:20:37.752Z</time></trkpt><trkpt lat="47.60863290" lon="19.14696940"><ele>136.75</ele><time>1980-01-07T14:20:37.952Z</time></trkpt><trkpt lat="47.60863290" lon="19.14696940"><ele>136.75</ele><time>1980-01-07T14:20:38.152Z</time></trkpt><trkpt lat="47.60863290" lon="19.14696950"><ele>136.76</ele><time>1980-01-07T14:20:38.352Z</time></trkpt><trkpt lat="47.60863290" lon="19.14696950"><ele>136.76</ele><time>1980-01-07T14:20:38.552Z</time></trkpt><trkpt lat="47.60863290" lon="19.14696950"><ele>136.76</ele><time>1980-01-07T14:20:38.752Z</time></trkpt><trkpt lat="47.60863290" lon="19.14696950"><ele>136.76</ele><time>1980-01-07T14:20:38.952Z</time></trkpt><trkpt lat="47.60863290" lon="19.14696950"><ele>136.76</ele><time>1980-01-07T14:20:39.162Z</time></trkpt><trkpt lat="47.60863280" lon="19.14696950"><ele>136.77</ele><time>1980-01-07T14:20:39.361Z</time></trkpt><trkpt lat="47.60863280" lon="19.14696950"><ele>136.77</ele><time>1980-01-07T14:20:39.552Z</time></trkpt><trkpt lat="47.60863270" lon="19.14696950"><ele>136.77</ele><time>1980-01-07T14:20:39.752Z</time></trkpt><trkpt lat="47.60863270" lon="19.14696950"><ele>136.77</ele><time>1980-01-07T14:20:39.952Z</time></trkpt><trkpt lat="47.60863280" lon="19.14696940"><ele>136.78</ele><time>1980-01-07T14:20:40.152Z</time></trkpt><trkpt lat="47.60863280" lon="19.14696940"><ele>136.79</ele><time>1980-01-07T14:20:40.352Z</time></trkpt><trkpt lat="47.60863280" lon="19.14696940"><ele>136.79</ele><time>1980-01-07T14:20:40.552Z</time></trkpt><trkpt lat="47.60863270" lon="19.14696940"><ele>136.79</ele><time>1980-01-07T14:20:40.752Z</time></trkpt><trkpt lat="47.60863270" lon="19.14696940"><ele>136.80</ele><time>1980-01-07T14:20:40.952Z</time></trkpt><trkpt lat="47.60863270" lon="19.14696940"><ele>136.79</ele><time>1980-01-07T14:20:41.152Z</time></trkpt><trkpt lat="47.60863260" lon="19.14696940"><ele>136.79</ele><time>1980-01-07T14:20:41.352Z</time></trkpt><trkpt lat="47.60863270" lon="19.14696940"><ele>136.79</ele><time>1980-01-07T14:20:41.552Z</time></trkpt><trkpt lat="47.60863270" lon="19.14696940"><ele>136.79</ele><time>1980-01-07T14:20:41.762Z</time></trkpt><trkpt lat="47.60863270" lon="19.14696940"><ele>136.80</ele><time>1980-01-07T14:20:41.952Z</time></trkpt><trkpt lat="47.60863270" lon="19.14696940"><ele>136.80</ele><time>1980-01-07T14:20:42.152Z</time></trkpt><trkpt lat="47.60863270" lon="19.14696940"><ele>136.80</ele><time>1980-01-07T14:20:42.355Z</time></trkpt><trkpt lat="47.60863270" lon="19.14696950"><ele>136.80</ele><time>1980-01-07T14:20:42.556Z</time></trkpt><trkpt lat="47.60863270" lon="19.14696950"><ele>136.80</ele><time>1980-01-07T14:20:42.759Z</time></trkpt><trkpt lat="47.60863270" lon="19.14696950"><ele>136.80</ele><time>1980-01-07T14:20:42.963Z</time></trkpt><trkpt lat="47.60863270" lon="19.14696950"><ele>136.80</ele><time>1980-01-07T14:20:43.162Z</time></trkpt><trkpt lat="47.60863270" lon="19.14696950"><ele>136.81</ele><time>1980-01-07T14:20:43.362Z</time></trkpt><trkpt lat="47.60863270" lon="19.14696950"><ele>136.81</ele><time>1980-01-07T14:20:43.562Z</time></trkpt><trkpt lat="47.60863270" lon="19.14696950"><ele>136.81</ele><time>1980-01-07T14:20:43.757Z</time></trkpt><trkpt lat="47.60863270" lon="19.14696950"><ele>136.81</ele><time>1980-01-07T14:20:43.962Z</time></trkpt><trkpt lat="47.60863270" lon="19.14696950"><ele>136.81</ele><time>1980-01-07T14:20:44.162Z</time></trkpt><trkpt lat="47.60863270" lon="19.14696950"><ele>136.81</ele><time>1980-01-07T14:20:44.352Z</time></trkpt><trkpt lat="47.60863270" lon="19.14696950"><ele>136.80</ele><time>1980-01-07T14:20:44.562Z</time></trkpt><trkpt lat="47.60863260" lon="19.14696950"><ele>136.80</ele><time>1980-01-07T14:20:44.762Z</time></trkpt><trkpt lat="47.60863260" lon="19.14696960"><ele>136.80</ele><time>1980-01-07T14:20:44.962Z</time></trkpt><trkpt lat="47.60863260" lon="19.14696960"><ele>136.80</ele><time>1980-01-07T14:20:45.162Z</time></trkpt><trkpt lat="47.60863270" lon="19.14696960"><ele>136.79</ele><time>1980-01-07T14:20:45.371Z</time></trkpt><trkpt lat="47.60863270" lon="19.14696960"><ele>136.79</ele><time>1980-01-07T14:20:45.571Z</time></trkpt><trkpt lat="47.60863270" lon="19.14696960"><ele>136.79</ele><time>1980-01-07T14:20:45.772Z</time></trkpt><trkpt lat="47.60863270" lon="19.14696960"><ele>136.79</ele><time>1980-01-07T14:20:45.971Z</time></trkpt><trkpt lat="47.60863270" lon="19.14696970"><ele>136.79</ele><time>1980-01-07T14:20:46.172Z</time></trkpt><trkpt lat="47.60863270" lon="19.14696960"><ele>136.78</ele><time>1980-01-07T14:20:46.372Z</time></trkpt><trkpt lat="47.60863280" lon="19.14696960"><ele>136.78</ele><time>1980-01-07T14:20:46.573Z</time></trkpt><trkpt lat="47.60863280" lon="19.14696960"><ele>136.78</ele><time>1980-01-07T14:20:46.772Z</time></trkpt><trkpt lat="47.60863270" lon="19.14696960"><ele>136.78</ele><time>1980-01-07T14:20:46.972Z</time></trkpt><trkpt lat="47.60863270" lon="19.14696960"><ele>136.77</ele><time>1980-01-07T14:20:47.172Z</time></trkpt><trkpt lat="47.60863270" lon="19.14696970"><ele>136.77</ele><time>1980-01-07T14:20:47.372Z</time></trkpt><trkpt lat="47.60863260" lon="19.14696970"><ele>136.76</ele><time>1980-01-07T14:20:47.572Z</time></trkpt><trkpt lat="47.60863260" lon="19.14696980"><ele>136.76</ele><time>1980-01-07T14:20:47.772Z</time></trkpt><trkpt lat="47.60863260" lon="19.14696980"><ele>136.76</ele><time>1980-01-07T14:20:47.972Z</time></trkpt><trkpt lat="47.60863260" lon="19.14696980"><ele>136.75</ele><time>1980-01-07T14:20:48.172Z</time></trkpt><trkpt lat="47.60863260" lon="19.14696980"><ele>136.75</ele><time>1980-01-07T14:20:48.372Z</time></trkpt><trkpt lat="47.60863260" lon="19.14696980"><ele>136.75</ele><time>1980-01-07T14:20:48.572Z</time></trkpt><trkpt lat="47.60863260" lon="19.14696980"><ele>136.76</ele><time>1980-01-07T14:20:48.772Z</time></trkpt><trkpt lat="47.60863260" lon="19.14696980"><ele>136.76</ele><time>1980-01-07T14:20:48.982Z</time></trkpt><trkpt lat="47.60863260" lon="19.14696980"><ele>136.76</ele><time>1980-01-07T14:20:49.182Z</time></trkpt><trkpt lat="47.60863270" lon="19.14696980"><ele>136.76</ele><time>1980-01-07T14:20:49.382Z</time></trkpt><trkpt lat="47.60863270" lon="19.14696990"><ele>136.76</ele><time>1980-01-07T14:20:49.582Z</time></trkpt><trkpt lat="47.60863270" lon="19.14696990"><ele>136.76</ele><time>1980-01-07T14:20:49.791Z</time></trkpt><trkpt lat="47.60863270" lon="19.14697000"><ele>136.77</ele><time>1980-01-07T14:20:49.991Z</time></trkpt><trkpt lat="47.60863270" lon="19.14697000"><ele>136.77</ele><time>1980-01-07T14:20:50.192Z</time></trkpt><trkpt lat="47.60863280" lon="19.14697000"><ele>136.77</ele><time>1980-01-07T14:20:50.392Z</time></trkpt><trkpt lat="47.60863280" lon="19.14697000"><ele>136.78</ele><time>1980-01-07T14:20:50.592Z</time></trkpt><trkpt lat="47.60863280" lon="19.14697000"><ele>136.78</ele><time>1980-01-07T14:20:50.792Z</time></trkpt><trkpt lat="47.60863270" lon="19.14697000"><ele>136.78</ele><time>1980-01-07T14:20:50.992Z</time></trkpt><trkpt lat="47.60863270" lon="19.14697000"><ele>136.78</ele><time>1980-01-07T14:20:51.192Z</time></trkpt><trkpt lat="47.60863270" lon="19.14696990"><ele>136.78</ele><time>1980-01-07T14:20:51.392Z</time></trkpt><trkpt lat="47.60863270" lon="19.14696990"><ele>136.78</ele><time>1980-01-07T14:20:51.592Z</time></trkpt><trkpt lat="47.60863270" lon="19.14696990"><ele>136.79</ele><time>1980-01-07T14:20:51.792Z</time></trkpt><trkpt lat="47.60863270" lon="19.14696990"><ele>136.79</ele><time>1980-01-07T14:20:51.992Z</time></trkpt><trkpt lat="47.60863260" lon="19.14696990"><ele>136.79</ele><time>1980-01-07T14:20:52.192Z</time></trkpt><trkpt lat="47.60863260" lon="19.14696980"><ele>136.79</ele><time>1980-01-07T14:20:52.392Z</time></trkpt><trkpt lat="47.60863260" lon="19.14696980"><ele>136.79</ele><time>1980-01-07T14:20:52.592Z</time></trkpt><trkpt lat="47.60863250" lon="19.14696980"><ele>136.79</ele><time>1980-01-07T14:20:52.791Z</time></trkpt><trkpt lat="47.60863250" lon="19.14696980"><ele>136.80</ele><time>1980-01-07T14:20:52.992Z</time></trkpt><trkpt lat="47.60863240" lon="19.14696980"><ele>136.80</ele><time>1980-01-07T14:20:53.192Z</time></trkpt><trkpt lat="47.60863240" lon="19.14696980"><ele>136.80</ele><time>1980-01-07T14:20:53.392Z</time></trkpt><trkpt lat="47.60863240" lon="19.14696970"><ele>136.80</ele><time>1980-01-07T14:20:53.592Z</time></trkpt><trkpt lat="47.60863240" lon="19.14696970"><ele>136.79</ele><time>1980-01-07T14:20:53.792Z</time></trkpt><trkpt lat="47.60863240" lon="19.14696970"><ele>136.79</ele><time>1980-01-07T14:20:53.992Z</time></trkpt><trkpt lat="47.60863240" lon="19.14696970"><ele>136.80</ele><time>1980-01-07T14:20:54.192Z</time></trkpt><trkpt lat="47.60863240" lon="19.14696970"><ele>136.79</ele><time>1980-01-07T14:20:54.392Z</time></trkpt><trkpt lat="47.60863240" lon="19.14696970"><ele>136.79</ele><time>1980-01-07T14:20:54.592Z</time></trkpt><trkpt lat="47.60863240" lon="19.14696970"><ele>136.79</ele><time>1980-01-07T14:20:54.793Z</time></trkpt><trkpt lat="47.60863250" lon="19.14696960"><ele>136.79</ele><time>1980-01-07T14:20:54.994Z</time></trkpt><trkpt lat="47.60863250" lon="19.14696970"><ele>136.79</ele><time>1980-01-07T14:20:55.195Z</time></trkpt><trkpt lat="47.60863260" lon="19.14696970"><ele>136.79</ele><time>1980-01-07T14:20:55.396Z</time></trkpt><trkpt lat="47.60863260" lon="19.14696960"><ele>136.79</ele><time>1980-01-07T14:20:55.596Z</time></trkpt><trkpt lat="47.60863270" lon="19.14696960"><ele>136.79</ele><time>1980-01-07T14:20:55.802Z</time></trkpt><trkpt lat="47.60863270" lon="19.14696960"><ele>136.79</ele><time>1980-01-07T14:20:55.997Z</time></trkpt><trkpt lat="47.60863270" lon="19.14696960"><ele>136.79</ele><time>1980-01-07T14:20:56.200Z</time></trkpt><trkpt lat="47.60863270" lon="19.14696960"><ele>136.79</ele><time>1980-01-07T14:20:56.402Z</time></trkpt><trkpt lat="47.60863270" lon="19.14696960"><ele>136.80</ele><time>1980-01-07T14:20:56.612Z</time></trkpt><trkpt lat="47.60863270" lon="19.14696970"><ele>136.80</ele><time>1980-01-07T14:20:56.812Z</time></trkpt><trkpt lat="47.60863270" lon="19.14696970"><ele>136.80</ele><time>1980-01-07T14:20:57.012Z</time></trkpt><trkpt lat="47.60863270" lon="19.14696970"><ele>136.80</ele><time>1980-01-07T14:20:57.221Z</time></trkpt><trkpt lat="47.60863280" lon="19.14696970"><ele>136.80</ele><time>1980-01-07T14:20:57.421Z</time></trkpt><trkpt lat="47.60863270" lon="19.14696970"><ele>136.80</ele><time>1980-01-07T14:20:57.621Z</time></trkpt><trkpt lat="47.60863270" lon="19.14696970"><ele>136.80</ele><time>1980-01-07T14:20:57.821Z</time></trkpt><trkpt lat="47.60863280" lon="19.14696970"><ele>136.80</ele><time>1980-01-07T14:20:58.021Z</time></trkpt><trkpt lat="47.60863280" lon="19.14696970"><ele>136.80</ele><time>1980-01-07T14:20:58.221Z</time></trkpt><trkpt lat="47.60863280" lon="19.14696970"><ele>136.79</ele><time>1980-01-07T14:20:58.421Z</time></trkpt><trkpt lat="47.60863270" lon="19.14696970"><ele>136.79</ele><time>1980-01-07T14:20:58.621Z</time></trkpt><trkpt lat="47.60863270" lon="19.14696960"><ele>136.79</ele><time>1980-01-07T14:20:58.821Z</time></trkpt><trkpt lat="47.60863260" lon="19.14696960"><ele>136.79</ele><time>1980-01-07T14:20:59.021Z</time></trkpt><trkpt lat="47.60863260" lon="19.14696960"><ele>136.78</ele><time>1980-01-07T14:20:59.212Z</time></trkpt><trkpt lat="47.60863260" lon="19.14696960"><ele>136.78</ele><time>1980-01-07T14:20:59.412Z</time></trkpt><trkpt lat="47.60863260" lon="19.14696960"><ele>136.78</ele><time>1980-01-07T14:20:59.612Z</time></trkpt><trkpt lat="47.60863260" lon="19.14696960"><ele>136.78</ele><time>1980-01-07T14:20:59.812Z</time></trkpt><trkpt lat="47.60863260" lon="19.14696960"><ele>136.77</ele><time>1980-01-07T14:21:00.012Z</time></trkpt><trkpt lat="47.60863260" lon="19.14696970"><ele>136.77</ele><time>1980-01-07T14:21:00.216Z</time></trkpt><trkpt lat="47.60863260" lon="19.14696970"><ele>136.77</ele><time>1980-01-07T14:21:00.412Z</time></trkpt><trkpt lat="47.60863260" lon="19.14696970"><ele>136.77</ele><time>1980-01-07T14:21:00.612Z</time></trkpt><trkpt lat="47.60863260" lon="19.14696970"><ele>136.77</ele><time>1980-01-07T14:21:00.812Z</time></trkpt><trkpt lat="47.60863260" lon="19.14696960"><ele>136.76</ele><time>1980-01-07T14:21:01.012Z</time></trkpt><trkpt lat="47.60863250" lon="19.14696960"><ele>136.77</ele><time>1980-01-07T14:21:01.212Z</time></trkpt><trkpt lat="47.60863250" lon="19.14696960"><ele>136.77</ele><time>1980-01-07T14:21:01.412Z</time></trkpt><trkpt lat="47.60863250" lon="19.14696960"><ele>136.77</ele><time>1980-01-07T14:21:01.612Z</time></trkpt><trkpt lat="47.60863250" lon="19.14696960"><ele>136.78</ele><time>1980-01-07T14:21:01.813Z</time></trkpt><trkpt lat="47.60863250" lon="19.14696960"><ele>136.78</ele><time>1980-01-07T14:21:02.014Z</time></trkpt><trkpt lat="47.60863250" lon="19.14696970"><ele>136.78</ele><time>1980-01-07T14:21:02.214Z</time></trkpt><trkpt lat="47.60863250" lon="19.14696970"><ele>136.78</ele><time>1980-01-07T14:21:02.414Z</time></trkpt><trkpt lat="47.60863250" lon="19.14696970"><ele>136.79</ele><time>1980-01-07T14:21:02.615Z</time></trkpt><trkpt lat="47.60863250" lon="19.14696970"><ele>136.79</ele><time>1980-01-07T14:21:02.815Z</time></trkpt><trkpt lat="47.60863250" lon="19.14696970"><ele>136.79</ele><time>1980-01-07T14:21:03.016Z</time></trkpt><trkpt lat="47.60863260" lon="19.14696970"><ele>136.79</ele><time>1980-01-07T14:21:03.216Z</time></trkpt><trkpt lat="47.60863260" lon="19.14696960"><ele>136.79</ele><time>1980-01-07T14:21:03.416Z</time></trkpt><trkpt lat="47.60863260" lon="19.14696960"><ele>136.79</ele><time>1980-01-07T14:21:03.618Z</time></trkpt><trkpt lat="47.60863260" lon="19.14696960"><ele>136.79</ele><time>1980-01-07T14:21:03.818Z</time></trkpt><trkpt lat="47.60863260" lon="19.14696960"><ele>136.79</ele><time>1980-01-07T14:21:04.018Z</time></trkpt><trkpt lat="47.60863260" lon="19.14696970"><ele>136.78</ele><time>1980-01-07T14:21:04.216Z</time></trkpt><trkpt lat="47.60863260" lon="19.14696970"><ele>136.79</ele><time>1980-01-07T14:21:04.416Z</time></trkpt><trkpt lat="47.60863250" lon="19.14696960"><ele>136.79</ele><time>1980-01-07T14:21:04.617Z</time></trkpt><trkpt lat="47.60863250" lon="19.14696960"><ele>136.78</ele><time>1980-01-07T14:21:04.816Z</time></trkpt><trkpt lat="47.60863250" lon="19.14696950"><ele>136.78</ele><time>1980-01-07T14:21:05.016Z</time></trkpt><trkpt lat="47.60863250" lon="19.14696950"><ele>136.78</ele><time>1980-01-07T14:21:05.219Z</time></trkpt><trkpt lat="47.60863250" lon="19.14696950"><ele>136.78</ele><time>1980-01-07T14:21:05.418Z</time></trkpt><trkpt lat="47.60863250" lon="19.14696940"><ele>136.78</ele><time>1980-01-07T14:21:05.618Z</time></trkpt><trkpt lat="47.60863250" lon="19.14696940"><ele>136.78</ele><time>1980-01-07T14:21:05.819Z</time></trkpt><trkpt lat="47.60863250" lon="19.14696930"><ele>136.78</ele><time>1980-01-07T14:21:06.018Z</time></trkpt><trkpt lat="47.60863240" lon="19.14696930"><ele>136.78</ele><time>1980-01-07T14:21:06.219Z</time></trkpt><trkpt lat="47.60863240" lon="19.14696930"><ele>136.78</ele><time>1980-01-07T14:21:06.420Z</time></trkpt><trkpt lat="47.60863240" lon="19.14696930"><ele>136.78</ele><time>1980-01-07T14:21:06.615Z</time></trkpt><trkpt lat="47.60863240" lon="19.14696940"><ele>136.78</ele><time>1980-01-07T14:21:06.816Z</time></trkpt><trkpt lat="47.60863230" lon="19.14696940"><ele>136.78</ele><time>1980-01-07T14:21:07.017Z</time></trkpt><trkpt lat="47.60863230" lon="19.14696950"><ele>136.78</ele><time>1980-01-07T14:21:07.218Z</time></trkpt><trkpt lat="47.60863230" lon="19.14696950"><ele>136.78</ele><time>1980-01-07T14:21:07.420Z</time></trkpt><trkpt lat="47.60863230" lon="19.14696950"><ele>136.78</ele><time>1980-01-07T14:21:07.620Z</time></trkpt><trkpt lat="47.60863220" lon="19.14696950"><ele>136.78</ele><time>1980-01-07T14:21:07.822Z</time></trkpt><trkpt lat="47.60863220" lon="19.14696950"><ele>136.78</ele><time>1980-01-07T14:21:08.022Z</time></trkpt><trkpt lat="47.60863220" lon="19.14696950"><ele>136.79</ele><time>1980-01-07T14:21:08.222Z</time></trkpt><trkpt lat="47.60863220" lon="19.14696950"><ele>136.79</ele><time>1980-01-07T14:21:08.422Z</time></trkpt><trkpt lat="47.60863220" lon="19.14696950"><ele>136.80</ele><time>1980-01-07T14:21:08.622Z</time></trkpt><trkpt lat="47.60863230" lon="19.14696950"><ele>136.80</ele><time>1980-01-07T14:21:08.822Z</time></trkpt><trkpt lat="47.60863230" lon="19.14696950"><ele>136.80</ele><time>1980-01-07T14:21:09.022Z</time></trkpt><trkpt lat="47.60863230" lon="19.14696950"><ele>136.81</ele><time>1980-01-07T14:21:09.216Z</time></trkpt><trkpt lat="47.60863230" lon="19.14696960"><ele>136.81</ele><time>1980-01-07T14:21:09.416Z</time></trkpt><trkpt lat="47.60863240" lon="19.14696960"><ele>136.81</ele><time>1980-01-07T14:21:09.616Z</time></trkpt><trkpt lat="47.60863240" lon="19.14696960"><ele>136.80</ele><time>1980-01-07T14:21:09.816Z</time></trkpt><trkpt lat="47.60863240" lon="19.14696960"><ele>136.80</ele><time>1980-01-07T14:21:10.016Z</time></trkpt><trkpt lat="47.60863240" lon="19.14696960"><ele>136.80</ele><time>1980-01-07T14:21:10.220Z</time></trkpt><trkpt lat="47.60863240" lon="19.14696960"><ele>136.80</ele><time>1980-01-07T14:21:10.421Z</time></trkpt><trkpt lat="47.60863240" lon="19.14696960"><ele>136.80</ele><time>1980-01-07T14:21:10.621Z</time></trkpt><trkpt lat="47.60863240" lon="19.14696950"><ele>136.80</ele><time>1980-01-07T14:21:10.822Z</time></trkpt><trkpt lat="47.60863240" lon="19.14696950"><ele>136.81</ele><time>1980-01-07T14:21:11.022Z</time></trkpt><trkpt lat="47.60863240" lon="19.14696950"><ele>136.81</ele><time>1980-01-07T14:21:11.222Z</time></trkpt><trkpt lat="47.60863250" lon="19.14696950"><ele>136.81</ele><time>1980-01-07T14:21:11.422Z</time></trkpt><trkpt lat="47.60863250" lon="19.14696950"><ele>136.81</ele><time>1980-01-07T14:21:11.622Z</time></trkpt><trkpt lat="47.60863250" lon="19.14696950"><ele>136.81</ele><time>1980-01-07T14:21:11.822Z</time></trkpt><trkpt lat="47.60863250" lon="19.14696940"><ele>136.81</ele><time>1980-01-07T14:21:12.022Z</time></trkpt><trkpt lat="47.60863250" lon="19.14696940"><ele>136.81</ele><time>1980-01-07T14:21:12.222Z</time></trkpt><trkpt lat="47.60863250" lon="19.14696940"><ele>136.81</ele><time>1980-01-07T14:21:12.422Z</time></trkpt><trkpt lat="47.60863250" lon="19.14696950"><ele>136.82</ele><time>1980-01-07T14:21:12.615Z</time></trkpt><trkpt lat="47.60863250" lon="19.14696940"><ele>136.82</ele><time>1980-01-07T14:21:12.816Z</time></trkpt><trkpt lat="47.60863260" lon="19.14696940"><ele>136.82</ele><time>1980-01-07T14:21:13.016Z</time></trkpt><trkpt lat="47.60863260" lon="19.14696950"><ele>136.82</ele><time>1980-01-07T14:21:13.218Z</time></trkpt><trkpt lat="47.60863260" lon="19.14696950"><ele>136.82</ele><time>1980-01-07T14:21:13.418Z</time></trkpt><trkpt lat="47.60863260" lon="19.14696950"><ele>136.82</ele><time>1980-01-07T14:21:13.618Z</time></trkpt><trkpt lat="47.60863260" lon="19.14696950"><ele>136.82</ele><time>1980-01-07T14:21:13.819Z</time></trkpt><trkpt lat="47.60863260" lon="19.14696950"><ele>136.82</ele><time>1980-01-07T14:21:14.020Z</time></trkpt><trkpt lat="47.60863270" lon="19.14696950"><ele>136.82</ele><time>1980-01-07T14:21:14.222Z</time></trkpt><trkpt lat="47.60863270" lon="19.14696950"><ele>136.82</ele><time>1980-01-07T14:21:14.422Z</time></trkpt><trkpt lat="47.60863270" lon="19.14696940"><ele>136.82</ele><time>1980-01-07T14:21:14.622Z</time></trkpt><trkpt lat="47.60863270" lon="19.14696940"><ele>136.83</ele><time>1980-01-07T14:21:14.822Z</time></trkpt><trkpt lat="47.60863270" lon="19.14696940"><ele>136.83</ele><time>1980-01-07T14:21:15.022Z</time></trkpt><trkpt lat="47.60863270" lon="19.14696940"><ele>136.83</ele><time>1980-01-07T14:21:15.222Z</time></trkpt><trkpt lat="47.60863270" lon="19.14696940"><ele>136.83</ele><time>1980-01-07T14:21:15.422Z</time></trkpt><trkpt lat="47.60863280" lon="19.14696940"><ele>136.83</ele><time>1980-01-07T14:21:15.622Z</time></trkpt><trkpt lat="47.60863280" lon="19.14696940"><ele>136.83</ele><time>1980-01-07T14:21:15.822Z</time></trkpt><trkpt lat="47.60863280" lon="19.14696940"><ele>136.83</ele><time>1980-01-07T14:21:16.032Z</time></trkpt><trkpt lat="47.60863280" lon="19.14696940"><ele>136.83</ele><time>1980-01-07T14:21:16.232Z</time></trkpt><trkpt lat="47.60863280" lon="19.14696940"><ele>136.83</ele><time>1980-01-07T14:21:16.432Z</time></trkpt><trkpt lat="47.60863280" lon="19.14696940"><ele>136.83</ele><time>1980-01-07T14:21:16.632Z</time></trkpt><trkpt lat="47.60863280" lon="19.14696940"><ele>136.84</ele><time>1980-01-07T14:21:16.832Z</time></trkpt><trkpt lat="47.60863280" lon="19.14696940"><ele>136.84</ele><time>1980-01-07T14:21:17.030Z</time></trkpt><trkpt lat="47.60863280" lon="19.14696940"><ele>136.84</ele><time>1980-01-07T14:21:17.222Z</time></trkpt><trkpt lat="47.60863280" lon="19.14696940"><ele>136.84</ele><time>1980-01-07T14:21:17.422Z</time></trkpt><trkpt lat="47.60863280" lon="19.14696940"><ele>136.84</ele><time>1980-01-07T14:21:17.622Z</time></trkpt><trkpt lat="47.60863270" lon="19.14696940"><ele>136.84</ele><time>1980-01-07T14:21:17.832Z</time></trkpt><trkpt lat="47.60863270" lon="19.14696940"><ele>136.84</ele><time>1980-01-07T14:21:18.042Z</time></trkpt><trkpt lat="47.60863270" lon="19.14696940"><ele>136.84</ele><time>1980-01-07T14:21:18.232Z</time></trkpt><trkpt lat="47.60863270" lon="19.14696940"><ele>136.84</ele><time>1980-01-07T14:21:18.442Z</time></trkpt><trkpt lat="47.60863270" lon="19.14696930"><ele>136.84</ele><time>1980-01-07T14:21:18.642Z</time></trkpt><trkpt lat="47.60863260" lon="19.14696930"><ele>136.84</ele><time>1980-01-07T14:21:18.842Z</time></trkpt><trkpt lat="47.60863260" lon="19.14696940"><ele>136.84</ele><time>1980-01-07T14:21:19.042Z</time></trkpt><trkpt lat="47.60863260" lon="19.14696930"><ele>136.84</ele><time>1980-01-07T14:21:19.242Z</time></trkpt><trkpt lat="47.60863260" lon="19.14696930"><ele>136.84</ele><time>1980-01-07T14:21:19.442Z</time></trkpt><trkpt lat="47.60863250" lon="19.14696930"><ele>136.84</ele><time>1980-01-07T14:21:19.651Z</time></trkpt><trkpt lat="47.60863260" lon="19.14696930"><ele>136.84</ele><time>1980-01-07T14:21:19.852Z</time></trkpt><trkpt lat="47.60863260" lon="19.14696930"><ele>136.84</ele><time>1980-01-07T14:21:20.046Z</time></trkpt><trkpt lat="47.60863260" lon="19.14696930"><ele>136.84</ele><time>1980-01-07T14:21:20.242Z</time></trkpt><trkpt lat="47.60863260" lon="19.14696930"><ele>136.83</ele><time>1980-01-07T14:21:20.452Z</time></trkpt><trkpt lat="47.60863260" lon="19.14696940"><ele>136.83</ele><time>1980-01-07T14:21:20.652Z</time></trkpt><trkpt lat="47.60863260" lon="19.14696940"><ele>136.83</ele><time>1980-01-07T14:21:20.852Z</time></trkpt><trkpt lat="47.60863250" lon="19.14696940"><ele>136.82</ele><time>1980-01-07T14:21:21.044Z</time></trkpt><trkpt lat="47.60863250" lon="19.14696940"><ele>136.82</ele><time>1980-01-07T14:21:21.244Z</time></trkpt><trkpt lat="47.60863250" lon="19.14696940"><ele>136.82</ele><time>1980-01-07T14:21:21.452Z</time></trkpt><trkpt lat="47.60863250" lon="19.14696930"><ele>136.82</ele><time>1980-01-07T14:21:21.652Z</time></trkpt><trkpt lat="47.60863250" lon="19.14696930"><ele>136.82</ele><time>1980-01-07T14:21:21.862Z</time></trkpt><trkpt lat="47.60863250" lon="19.14696920"><ele>136.82</ele><time>1980-01-07T14:21:22.062Z</time></trkpt><trkpt lat="47.60863250" lon="19.14696920"><ele>136.82</ele><time>1980-01-07T14:21:22.262Z</time></trkpt><trkpt lat="47.60863250" lon="19.14696920"><ele>136.82</ele><time>1980-01-07T14:21:22.462Z</time></trkpt><trkpt lat="47.60863250" lon="19.14696920"><ele>136.82</ele><time>1980-01-07T14:21:22.653Z</time></trkpt><trkpt lat="47.60863250" lon="19.14696930"><ele>136.82</ele><time>1980-01-07T14:21:22.852Z</time></trkpt><trkpt lat="47.60863250" lon="19.14696930"><ele>136.82</ele><time>1980-01-07T14:21:23.055Z</time></trkpt><trkpt lat="47.60863250" lon="19.14696930"><ele>136.82</ele><time>1980-01-07T14:21:23.257Z</time></trkpt><trkpt lat="47.60863250" lon="19.14696930"><ele>136.82</ele><time>1980-01-07T14:21:23.460Z</time></trkpt><trkpt lat="47.60863250" lon="19.14696930"><ele>136.82</ele><time>1980-01-07T14:21:23.661Z</time></trkpt><trkpt lat="47.60863250" lon="19.14696940"><ele>136.82</ele><time>1980-01-07T14:21:23.862Z</time></trkpt><trkpt lat="47.60863250" lon="19.14696940"><ele>136.82</ele><time>1980-01-07T14:21:24.062Z</time></trkpt><trkpt lat="47.60863250" lon="19.14696940"><ele>136.82</ele><time>1980-01-07T14:21:24.262Z</time></trkpt><trkpt lat="47.60863250" lon="19.14696940"><ele>136.82</ele><time>1980-01-07T14:21:24.463Z</time></trkpt><trkpt lat="47.60863250" lon="19.14696940"><ele>136.82</ele><time>1980-01-07T14:21:24.663Z</time></trkpt><trkpt lat="47.60863250" lon="19.14696940"><ele>136.82</ele><time>1980-01-07T14:21:24.863Z</time></trkpt><trkpt lat="47.60863250" lon="19.14696950"><ele>136.81</ele><time>1980-01-07T14:21:25.066Z</time></trkpt><trkpt lat="47.60863250" lon="19.14696950"><ele>136.82</ele><time>1980-01-07T14:21:25.268Z</time></trkpt><trkpt lat="47.60863250" lon="19.14696950"><ele>136.82</ele><time>1980-01-07T14:21:25.468Z</time></trkpt><trkpt lat="47.60863250" lon="19.14696950"><ele>136.82</ele><time>1980-01-07T14:21:25.668Z</time></trkpt><trkpt lat="47.60863250" lon="19.14696960"><ele>136.82</ele><time>1980-01-07T14:21:25.868Z</time></trkpt><trkpt lat="47.60863240" lon="19.14696960"><ele>136.82</ele><time>1980-01-07T14:21:26.070Z</time></trkpt><trkpt lat="47.60863240" lon="19.14696960"><ele>136.83</ele><time>1980-01-07T14:21:26.272Z</time></trkpt><trkpt lat="47.60863240" lon="19.14696960"><ele>136.83</ele><time>1980-01-07T14:21:26.472Z</time></trkpt><trkpt lat="47.60863240" lon="19.14696960"><ele>136.83</ele><time>1980-01-07T14:21:26.672Z</time></trkpt><trkpt lat="47.60863230" lon="19.14696960"><ele>136.83</ele><time>1980-01-07T14:21:26.872Z</time></trkpt><trkpt lat="47.60863230" lon="19.14696960"><ele>136.84</ele><time>1980-01-07T14:21:27.082Z</time></trkpt><trkpt lat="47.60863230" lon="19.14696970"><ele>136.84</ele><time>1980-01-07T14:21:27.282Z</time></trkpt><trkpt lat="47.60863230" lon="19.14696970"><ele>136.84</ele><time>1980-01-07T14:21:27.482Z</time></trkpt><trkpt lat="47.60863230" lon="19.14696970"><ele>136.84</ele><time>1980-01-07T14:21:27.682Z</time></trkpt><trkpt lat="47.60863240" lon="19.14696970"><ele>136.84</ele><time>1980-01-07T14:21:27.882Z</time></trkpt><trkpt lat="47.60863240" lon="19.14696970"><ele>136.85</ele><time>1980-01-07T14:21:28.082Z</time></trkpt><trkpt lat="47.60863240" lon="19.14696970"><ele>136.85</ele><time>1980-01-07T14:21:28.289Z</time></trkpt><trkpt lat="47.60863240" lon="19.14696960"><ele>136.85</ele><time>1980-01-07T14:21:28.489Z</time></trkpt><trkpt lat="47.60863240" lon="19.14696960"><ele>136.85</ele><time>1980-01-07T14:21:28.689Z</time></trkpt><trkpt lat="47.60863240" lon="19.14696960"><ele>136.85</ele><time>1980-01-07T14:21:28.889Z</time></trkpt><trkpt lat="47.60863230" lon="19.14696960"><ele>136.85</ele><time>1980-01-07T14:21:29.092Z</time></trkpt><trkpt lat="47.60863230" lon="19.14696960"><ele>136.85</ele><time>1980-01-07T14:21:29.292Z</time></trkpt><trkpt lat="47.60863230" lon="19.14696960"><ele>136.84</ele><time>1980-01-07T14:21:29.492Z</time></trkpt><trkpt lat="47.60863230" lon="19.14696960"><ele>136.84</ele><time>1980-01-07T14:21:29.692Z</time></trkpt><trkpt lat="47.60863230" lon="19.14696960"><ele>136.84</ele><time>1980-01-07T14:21:29.892Z</time></trkpt><trkpt lat="47.60863230" lon="19.14696950"><ele>136.84</ele><time>1980-01-07T14:21:30.092Z</time></trkpt><trkpt lat="47.60863230" lon="19.14696950"><ele>136.84</ele><time>1980-01-07T14:21:30.283Z</time></trkpt><trkpt lat="47.60863240" lon="19.14696940"><ele>136.84</ele><time>1980-01-07T14:21:30.484Z</time></trkpt><trkpt lat="47.60863240" lon="19.14696940"><ele>136.84</ele><time>1980-01-07T14:21:30.684Z</time></trkpt><trkpt lat="47.60863240" lon="19.14696940"><ele>136.85</ele><time>1980-01-07T14:21:30.884Z</time></trkpt><trkpt lat="47.60863240" lon="19.14696940"><ele>136.85</ele><time>1980-01-07T14:21:31.085Z</time></trkpt><trkpt lat="47.60863240" lon="19.14696940"><ele>136.85</ele><time>1980-01-07T14:21:31.286Z</time></trkpt><trkpt lat="47.60863250" lon="19.14696940"><ele>136.85</ele><time>1980-01-07T14:21:31.482Z</time></trkpt><trkpt lat="47.60863250" lon="19.14696940"><ele>136.84</ele><time>1980-01-07T14:21:31.687Z</time></trkpt><trkpt lat="47.60863240" lon="19.14696940"><ele>136.84</ele><time>1980-01-07T14:21:31.888Z</time></trkpt><trkpt lat="47.60863240" lon="19.14696940"><ele>136.83</ele><time>1980-01-07T14:21:32.090Z</time></trkpt><trkpt lat="47.60863240" lon="19.14696950"><ele>136.83</ele><time>1980-01-07T14:21:32.292Z</time></trkpt><trkpt lat="47.60863240" lon="19.14696940"><ele>136.82</ele><time>1980-01-07T14:21:32.483Z</time></trkpt><trkpt lat="47.60863230" lon="19.14696940"><ele>136.82</ele><time>1980-01-07T14:21:32.692Z</time></trkpt><trkpt lat="47.60863230" lon="19.14696940"><ele>136.82</ele><time>1980-01-07T14:21:32.892Z</time></trkpt><trkpt lat="47.60863230" lon="19.14696940"><ele>136.81</ele><time>1980-01-07T14:21:33.092Z</time></trkpt><trkpt lat="47.60863230" lon="19.14696940"><ele>136.81</ele><time>1980-01-07T14:21:33.292Z</time></trkpt><trkpt lat="47.60863230" lon="19.14696940"><ele>136.81</ele><time>1980-01-07T14:21:33.492Z</time></trkpt><trkpt lat="47.60863230" lon="19.14696940"><ele>136.81</ele><time>1980-01-07T14:21:33.692Z</time></trkpt><trkpt lat="47.60863230" lon="19.14696940"><ele>136.82</ele><time>1980-01-07T14:21:33.892Z</time></trkpt><trkpt lat="47.60863230" lon="19.14696940"><ele>136.82</ele><time>1980-01-07T14:21:34.092Z</time></trkpt><trkpt lat="47.60863230" lon="19.14696930"><ele>136.82</ele><time>1980-01-07T14:21:34.293Z</time></trkpt><trkpt lat="47.60863230" lon="19.14696930"><ele>136.82</ele><time>1980-01-07T14:21:34.493Z</time></trkpt><trkpt lat="47.60863230" lon="19.14696920"><ele>136.81</ele><time>1980-01-07T14:21:34.693Z</time></trkpt><trkpt lat="47.60863230" lon="19.14696920"><ele>136.81</ele><time>1980-01-07T14:21:34.893Z</time></trkpt><trkpt lat="47.60863230" lon="19.14696910"><ele>136.81</ele><time>1980-01-07T14:21:35.093Z</time></trkpt><trkpt lat="47.60863230" lon="19.14696910"><ele>136.82</ele><time>1980-01-07T14:21:35.293Z</time></trkpt><trkpt lat="47.60863220" lon="19.14696910"><ele>136.82</ele><time>1980-01-07T14:21:35.493Z</time></trkpt><trkpt lat="47.60863220" lon="19.14696900"><ele>136.82</ele><time>1980-01-07T14:21:35.693Z</time></trkpt><trkpt lat="47.60863220" lon="19.14696900"><ele>136.82</ele><time>1980-01-07T14:21:35.893Z</time></trkpt><trkpt lat="47.60863220" lon="19.14696900"><ele>136.82</ele><time>1980-01-07T14:21:36.093Z</time></trkpt><trkpt lat="47.60863230" lon="19.14696900"><ele>136.82</ele><time>1980-01-07T14:21:36.294Z</time></trkpt><trkpt lat="47.60863230" lon="19.14696910"><ele>136.82</ele><time>1980-01-07T14:21:36.492Z</time></trkpt><trkpt lat="47.60863230" lon="19.14696900"><ele>136.82</ele><time>1980-01-07T14:21:36.694Z</time></trkpt><trkpt lat="47.60863230" lon="19.14696900"><ele>136.82</ele><time>1980-01-07T14:21:36.894Z</time></trkpt><trkpt lat="47.60863230" lon="19.14696900"><ele>136.82</ele><time>1980-01-07T14:21:37.094Z</time></trkpt><trkpt lat="47.60863230" lon="19.14696900"><ele>136.82</ele><time>1980-01-07T14:21:37.294Z</time></trkpt><trkpt lat="47.60863230" lon="19.14696900"><ele>136.81</ele><time>1980-01-07T14:21:37.493Z</time></trkpt><trkpt lat="47.60863230" lon="19.14696900"><ele>136.81</ele><time>1980-01-07T14:21:37.694Z</time></trkpt><trkpt lat="47.60863230" lon="19.14696910"><ele>136.81</ele><time>1980-01-07T14:21:37.894Z</time></trkpt><trkpt lat="47.60863230" lon="19.14696910"><ele>136.81</ele><time>1980-01-07T14:21:38.094Z</time></trkpt><trkpt lat="47.60863230" lon="19.14696910"><ele>136.81</ele><time>1980-01-07T14:21:38.295Z</time></trkpt><trkpt lat="47.60863230" lon="19.14696910"><ele>136.81</ele><time>1980-01-07T14:21:38.493Z</time></trkpt><trkpt lat="47.60863230" lon="19.14696920"><ele>136.81</ele><time>1980-01-07T14:21:38.695Z</time></trkpt><trkpt lat="47.60863220" lon="19.14696920"><ele>136.82</ele><time>1980-01-07T14:21:38.895Z</time></trkpt><trkpt lat="47.60863220" lon="19.14696920"><ele>136.82</ele><time>1980-01-07T14:21:39.095Z</time></trkpt><trkpt lat="47.60863220" lon="19.14696920"><ele>136.82</ele><time>1980-01-07T14:21:39.295Z</time></trkpt><trkpt lat="47.60863220" lon="19.14696920"><ele>136.82</ele><time>1980-01-07T14:21:39.494Z</time></trkpt><trkpt lat="47.60863220" lon="19.14696920"><ele>136.82</ele><time>1980-01-07T14:21:39.695Z</time></trkpt><trkpt lat="47.60863230" lon="19.14696920"><ele>136.82</ele><time>1980-01-07T14:21:39.895Z</time></trkpt><trkpt lat="47.60863230" lon="19.14696920"><ele>136.82</ele><time>1980-01-07T14:21:40.105Z</time></trkpt><trkpt lat="47.60863240" lon="19.14696920"><ele>136.83</ele><time>1980-01-07T14:21:40.314Z</time></trkpt><trkpt lat="47.60863230" lon="19.14696930"><ele>136.83</ele><time>1980-01-07T14:21:40.515Z</time></trkpt><trkpt lat="47.60863230" lon="19.14696930"><ele>136.83</ele><time>1980-01-07T14:21:40.715Z</time></trkpt><trkpt lat="47.60863230" lon="19.14696930"><ele>136.82</ele><time>1980-01-07T14:21:40.915Z</time></trkpt><trkpt lat="47.60863230" lon="19.14696940"><ele>136.82</ele><time>1980-01-07T14:21:41.115Z</time></trkpt><trkpt lat="47.60863230" lon="19.14696940"><ele>136.82</ele><time>1980-01-07T14:21:41.315Z</time></trkpt><trkpt lat="47.60863220" lon="19.14696940"><ele>136.81</ele><time>1980-01-07T14:21:41.515Z</time></trkpt><trkpt lat="47.60863220" lon="19.14696930"><ele>136.81</ele><time>1980-01-07T14:21:41.715Z</time></trkpt><trkpt lat="47.60863220" lon="19.14696930"><ele>136.81</ele><time>1980-01-07T14:21:41.915Z</time></trkpt><trkpt lat="47.60863220" lon="19.14696930"><ele>136.81</ele><time>1980-01-07T14:21:42.115Z</time></trkpt><trkpt lat="47.60863220" lon="19.14696930"><ele>136.80</ele><time>1980-01-07T14:21:42.322Z</time></trkpt><trkpt lat="47.60863220" lon="19.14696930"><ele>136.80</ele><time>1980-01-07T14:21:42.525Z</time></trkpt><trkpt lat="47.60863220" lon="19.14696930"><ele>136.80</ele><time>1980-01-07T14:21:42.725Z</time></trkpt><trkpt lat="47.60863220" lon="19.14696930"><ele>136.80</ele><time>1980-01-07T14:21:42.925Z</time></trkpt><trkpt lat="47.60863220" lon="19.14696930"><ele>136.80</ele><time>1980-01-07T14:21:43.125Z</time></trkpt><trkpt lat="47.60863220" lon="19.14696930"><ele>136.80</ele><time>1980-01-07T14:21:43.325Z</time></trkpt><trkpt lat="47.60863220" lon="19.14696930"><ele>136.80</ele><time>1980-01-07T14:21:43.525Z</time></trkpt><trkpt lat="47.60863210" lon="19.14696930"><ele>136.80</ele><time>1980-01-07T14:21:43.725Z</time></trkpt><trkpt lat="47.60863210" lon="19.14696940"><ele>136.80</ele><time>1980-01-07T14:21:43.925Z</time></trkpt><trkpt lat="47.60863210" lon="19.14696940"><ele>136.80</ele><time>1980-01-07T14:21:44.134Z</time></trkpt><trkpt lat="47.60863210" lon="19.14696940"><ele>136.80</ele><time>1980-01-07T14:21:44.334Z</time></trkpt><trkpt lat="47.60863210" lon="19.14696940"><ele>136.79</ele><time>1980-01-07T14:21:44.535Z</time></trkpt><trkpt lat="47.60863210" lon="19.14696940"><ele>136.79</ele><time>1980-01-07T14:21:44.734Z</time></trkpt><trkpt lat="47.60863210" lon="19.14696940"><ele>136.79</ele><time>1980-01-07T14:21:44.934Z</time></trkpt><trkpt lat="47.60863210" lon="19.14696940"><ele>136.79</ele><time>1980-01-07T14:21:45.135Z</time></trkpt><trkpt lat="47.60863210" lon="19.14696940"><ele>136.79</ele><time>1980-01-07T14:21:45.335Z</time></trkpt><trkpt lat="47.60863210" lon="19.14696940"><ele>136.79</ele><time>1980-01-07T14:21:45.535Z</time></trkpt><trkpt lat="47.60863210" lon="19.14696940"><ele>136.79</ele><time>1980-01-07T14:21:45.735Z</time></trkpt><trkpt lat="47.60863210" lon="19.14696950"><ele>136.79</ele><time>1980-01-07T14:21:45.935Z</time></trkpt><trkpt lat="47.60863210" lon="19.14696950"><ele>136.79</ele><time>1980-01-07T14:21:46.135Z</time></trkpt><trkpt lat="47.60863210" lon="19.14696950"><ele>136.79</ele><time>1980-01-07T14:21:46.335Z</time></trkpt><trkpt lat="47.60863210" lon="19.14696950"><ele>136.79</ele><time>1980-01-07T14:21:46.526Z</time></trkpt><trkpt lat="47.60863210" lon="19.14696950"><ele>136.79</ele><time>1980-01-07T14:21:46.735Z</time></trkpt><trkpt lat="47.60863220" lon="19.14696940"><ele>136.80</ele><time>1980-01-07T14:21:46.935Z</time></trkpt><trkpt lat="47.60863220" lon="19.14696940"><ele>136.80</ele><time>1980-01-07T14:21:47.142Z</time></trkpt><trkpt lat="47.60863230" lon="19.14696940"><ele>136.81</ele><time>1980-01-07T14:21:47.342Z</time></trkpt><trkpt lat="47.60863230" lon="19.14696940"><ele>136.81</ele><time>1980-01-07T14:21:47.542Z</time></trkpt><trkpt lat="47.60863230" lon="19.14696940"><ele>136.81</ele><time>1980-01-07T14:21:47.742Z</time></trkpt><trkpt lat="47.60863240" lon="19.14696930"><ele>136.82</ele><time>1980-01-07T14:21:47.943Z</time></trkpt><trkpt lat="47.60863240" lon="19.14696930"><ele>136.82</ele><time>1980-01-07T14:21:48.143Z</time></trkpt><trkpt lat="47.60863240" lon="19.14696930"><ele>136.82</ele><time>1980-01-07T14:21:48.343Z</time></trkpt><trkpt lat="47.60863250" lon="19.14696920"><ele>136.83</ele><time>1980-01-07T14:21:48.535Z</time></trkpt><trkpt lat="47.60863250" lon="19.14696920"><ele>136.83</ele><time>1980-01-07T14:21:48.744Z</time></trkpt><trkpt lat="47.60863250" lon="19.14696920"><ele>136.84</ele><time>1980-01-07T14:21:48.944Z</time></trkpt><trkpt lat="47.60863250" lon="19.14696920"><ele>136.84</ele><time>1980-01-07T14:21:49.144Z</time></trkpt><trkpt lat="47.60863260" lon="19.14696930"><ele>136.84</ele><time>1980-01-07T14:21:49.345Z</time></trkpt><trkpt lat="47.60863260" lon="19.14696930"><ele>136.85</ele><time>1980-01-07T14:21:49.536Z</time></trkpt><trkpt lat="47.60863270" lon="19.14696930"><ele>136.85</ele><time>1980-01-07T14:21:49.745Z</time></trkpt><trkpt lat="47.60863270" lon="19.14696930"><ele>136.86</ele><time>1980-01-07T14:21:49.945Z</time></trkpt><trkpt lat="47.60863270" lon="19.14696930"><ele>136.87</ele><time>1980-01-07T14:21:50.137Z</time></trkpt><trkpt lat="47.60863260" lon="19.14696930"><ele>136.87</ele><time>1980-01-07T14:21:50.337Z</time></trkpt><trkpt lat="47.60863260" lon="19.14696930"><ele>136.87</ele><time>1980-01-07T14:21:50.540Z</time></trkpt><trkpt lat="47.60863250" lon="19.14696930"><ele>136.87</ele><time>1980-01-07T14:21:50.740Z</time></trkpt><trkpt lat="47.60863250" lon="19.14696930"><ele>136.88</ele><time>1980-01-07T14:21:50.941Z</time></trkpt><trkpt lat="47.60863250" lon="19.14696930"><ele>136.88</ele><time>1980-01-07T14:21:51.145Z</time></trkpt><trkpt lat="47.60863250" lon="19.14696930"><ele>136.89</ele><time>1980-01-07T14:21:51.345Z</time></trkpt><trkpt lat="47.60863250" lon="19.14696930"><ele>136.89</ele><time>1980-01-07T14:21:51.544Z</time></trkpt><trkpt lat="47.60863250" lon="19.14696930"><ele>136.89</ele><time>1980-01-07T14:21:51.745Z</time></trkpt><trkpt lat="47.60863250" lon="19.14696930"><ele>136.90</ele><time>1980-01-07T14:21:51.945Z</time></trkpt><trkpt lat="47.60863250" lon="19.14696930"><ele>136.90</ele><time>1980-01-07T14:21:52.145Z</time></trkpt><trkpt lat="47.60863250" lon="19.14696930"><ele>136.90</ele><time>1980-01-07T14:21:52.345Z</time></trkpt><trkpt lat="47.60863250" lon="19.14696930"><ele>136.90</ele><time>1980-01-07T14:21:52.544Z</time></trkpt><trkpt lat="47.60863250" lon="19.14696930"><ele>136.90</ele><time>1980-01-07T14:21:52.745Z</time></trkpt><trkpt lat="47.60863250" lon="19.14696920"><ele>136.91</ele><time>1980-01-07T14:21:52.945Z</time></trkpt><trkpt lat="47.60863250" lon="19.14696920"><ele>136.90</ele><time>1980-01-07T14:21:53.145Z</time></trkpt><trkpt lat="47.60863250" lon="19.14696920"><ele>136.90</ele><time>1980-01-07T14:21:53.345Z</time></trkpt><trkpt lat="47.60863250" lon="19.14696920"><ele>136.90</ele><time>1980-01-07T14:21:53.545Z</time></trkpt><trkpt lat="47.60863250" lon="19.14696920"><ele>136.91</ele><time>1980-01-07T14:21:53.753Z</time></trkpt><trkpt lat="47.60863250" lon="19.14696910"><ele>136.91</ele><time>1980-01-07T14:21:53.953Z</time></trkpt><trkpt lat="47.60863250" lon="19.14696910"><ele>136.91</ele><time>1980-01-07T14:21:54.155Z</time></trkpt><trkpt lat="47.60863250" lon="19.14696900"><ele>136.91</ele><time>1980-01-07T14:21:54.355Z</time></trkpt><trkpt lat="47.60863250" lon="19.14696900"><ele>136.91</ele><time>1980-01-07T14:21:54.554Z</time></trkpt><trkpt lat="47.60863240" lon="19.14696900"><ele>136.91</ele><time>1980-01-07T14:21:54.755Z</time></trkpt><trkpt lat="47.60863240" lon="19.14696900"><ele>136.91</ele><time>1980-01-07T14:21:54.955Z</time></trkpt><trkpt lat="47.60863240" lon="19.14696900"><ele>136.91</ele><time>1980-01-07T14:21:55.155Z</time></trkpt><trkpt lat="47.60863240" lon="19.14696900"><ele>136.91</ele><time>1980-01-07T14:21:55.355Z</time></trkpt><trkpt lat="47.60863240" lon="19.14696900"><ele>136.91</ele><time>1980-01-07T14:21:55.555Z</time></trkpt><trkpt lat="47.60863240" lon="19.14696900"><ele>136.91</ele><time>1980-01-07T14:21:55.755Z</time></trkpt><trkpt lat="47.60863230" lon="19.14696900"><ele>136.91</ele><time>1980-01-07T14:21:55.955Z</time></trkpt><trkpt lat="47.60863230" lon="19.14696900"><ele>136.91</ele><time>1980-01-07T14:21:56.155Z</time></trkpt><trkpt lat="47.60863230" lon="19.14696900"><ele>136.92</ele><time>1980-01-07T14:21:56.356Z</time></trkpt><trkpt lat="47.60863240" lon="19.14696910"><ele>136.92</ele><time>1980-01-07T14:21:56.555Z</time></trkpt><trkpt lat="47.60863240" lon="19.14696910"><ele>136.92</ele><time>1980-01-07T14:21:56.755Z</time></trkpt><trkpt lat="47.60863240" lon="19.14696920"><ele>136.93</ele><time>1980-01-07T14:21:56.963Z</time></trkpt><trkpt lat="47.60863240" lon="19.14696920"><ele>136.93</ele><time>1980-01-07T14:21:57.157Z</time></trkpt><trkpt lat="47.60863240" lon="19.14696920"><ele>136.93</ele><time>1980-01-07T14:21:57.364Z</time></trkpt><trkpt lat="47.60863240" lon="19.14696910"><ele>136.92</ele><time>1980-01-07T14:21:57.564Z</time></trkpt><trkpt lat="47.60863240" lon="19.14696920"><ele>136.92</ele><time>1980-01-07T14:21:57.764Z</time></trkpt><trkpt lat="47.60863240" lon="19.14696920"><ele>136.92</ele><time>1980-01-07T14:21:57.964Z</time></trkpt><trkpt lat="47.60863240" lon="19.14696920"><ele>136.93</ele><time>1980-01-07T14:21:58.157Z</time></trkpt><trkpt lat="47.60863240" lon="19.14696920"><ele>136.93</ele><time>1980-01-07T14:21:58.358Z</time></trkpt><trkpt lat="47.60863240" lon="19.14696930"><ele>136.93</ele><time>1980-01-07T14:21:58.558Z</time></trkpt><trkpt lat="47.60863240" lon="19.14696930"><ele>136.93</ele><time>1980-01-07T14:21:58.758Z</time></trkpt><trkpt lat="47.60863230" lon="19.14696930"><ele>136.93</ele><time>1980-01-07T14:21:58.959Z</time></trkpt><trkpt lat="47.60863230" lon="19.14696930"><ele>136.93</ele><time>1980-01-07T14:21:59.163Z</time></trkpt><trkpt lat="47.60863230" lon="19.14696930"><ele>136.93</ele><time>1980-01-07T14:21:59.361Z</time></trkpt><trkpt lat="47.60863230" lon="19.14696930"><ele>136.94</ele><time>1980-01-07T14:21:59.562Z</time></trkpt><trkpt lat="47.60863230" lon="19.14696930"><ele>136.94</ele><time>1980-01-07T14:21:59.763Z</time></trkpt><trkpt lat="47.60863220" lon="19.14696930"><ele>136.94</ele><time>1980-01-07T14:21:59.964Z</time></trkpt><trkpt lat="47.60863220" lon="19.14696930"><ele>136.93</ele><time>1980-01-07T14:22:00.165Z</time></trkpt><trkpt lat="47.60863230" lon="19.14696930"><ele>136.94</ele><time>1980-01-07T14:22:00.365Z</time></trkpt><trkpt lat="47.60863230" lon="19.14696930"><ele>136.94</ele><time>1980-01-07T14:22:00.563Z</time></trkpt><trkpt lat="47.60863240" lon="19.14696920"><ele>136.94</ele><time>1980-01-07T14:22:00.765Z</time></trkpt><trkpt lat="47.60863240" lon="19.14696920"><ele>136.94</ele><time>1980-01-07T14:22:00.965Z</time></trkpt><trkpt lat="47.60863230" lon="19.14696920"><ele>136.94</ele><time>1980-01-07T14:22:01.165Z</time></trkpt><trkpt lat="47.60863230" lon="19.14696920"><ele>136.94</ele><time>1980-01-07T14:22:01.365Z</time></trkpt><trkpt lat="47.60863230" lon="19.14696920"><ele>136.94</ele><time>1980-01-07T14:22:01.565Z</time></trkpt><trkpt lat="47.60863230" lon="19.14696920"><ele>136.93</ele><time>1980-01-07T14:22:01.765Z</time></trkpt><trkpt lat="47.60863230" lon="19.14696920"><ele>136.93</ele><time>1980-01-07T14:22:01.965Z</time></trkpt><trkpt lat="47.60863230" lon="19.14696920"><ele>136.93</ele><time>1980-01-07T14:22:02.165Z</time></trkpt><trkpt lat="47.60863230" lon="19.14696920"><ele>136.93</ele><time>1980-01-07T14:22:02.365Z</time></trkpt><trkpt lat="47.60863230" lon="19.14696920"><ele>136.94</ele><time>1980-01-07T14:22:02.573Z</time></trkpt><trkpt lat="47.60863230" lon="19.14696920"><ele>136.94</ele><time>1980-01-07T14:22:02.773Z</time></trkpt><trkpt lat="47.60863240" lon="19.14696920"><ele>136.93</ele><time>1980-01-07T14:22:02.973Z</time></trkpt><trkpt lat="47.60863240" lon="19.14696920"><ele>136.94</ele><time>1980-01-07T14:22:03.174Z</time></trkpt><trkpt lat="47.60863240" lon="19.14696920"><ele>136.94</ele><time>1980-01-07T14:22:03.375Z</time></trkpt><trkpt lat="47.60863240" lon="19.14696910"><ele>136.94</ele><time>1980-01-07T14:22:03.575Z</time></trkpt><trkpt lat="47.60863240" lon="19.14696910"><ele>136.94</ele><time>1980-01-07T14:22:03.775Z</time></trkpt><trkpt lat="47.60863240" lon="19.14696910"><ele>136.93</ele><time>1980-01-07T14:22:03.975Z</time></trkpt><trkpt lat="47.60863240" lon="19.14696910"><ele>136.93</ele><time>1980-01-07T14:22:04.175Z</time></trkpt><trkpt lat="47.60863240" lon="19.14696900"><ele>136.93</ele><time>1980-01-07T14:22:04.375Z</time></trkpt><trkpt lat="47.60863240" lon="19.14696900"><ele>136.94</ele><time>1980-01-07T14:22:04.578Z</time></trkpt><trkpt lat="47.60863250" lon="19.14696900"><ele>136.94</ele><time>1980-01-07T14:22:04.777Z</time></trkpt><trkpt lat="47.60863250" lon="19.14696900"><ele>136.94</ele><time>1980-01-07T14:22:04.976Z</time></trkpt><trkpt lat="47.60863240" lon="19.14696900"><ele>136.95</ele><time>1980-01-07T14:22:05.175Z</time></trkpt><trkpt lat="47.60863240" lon="19.14696910"><ele>136.95</ele><time>1980-01-07T14:22:05.375Z</time></trkpt><trkpt lat="47.60863240" lon="19.14696910"><ele>136.95</ele><time>1980-01-07T14:22:05.575Z</time></trkpt><trkpt lat="47.60863240" lon="19.14696910"><ele>136.96</ele><time>1980-01-07T14:22:05.775Z</time></trkpt><trkpt lat="47.60863230" lon="19.14696910"><ele>136.96</ele><time>1980-01-07T14:22:05.975Z</time></trkpt><trkpt lat="47.60863230" lon="19.14696910"><ele>136.96</ele><time>1980-01-07T14:22:06.175Z</time></trkpt><trkpt lat="47.60863230" lon="19.14696920"><ele>136.96</ele><time>1980-01-07T14:22:06.375Z</time></trkpt><trkpt lat="47.60863230" lon="19.14696920"><ele>136.96</ele><time>1980-01-07T14:22:06.575Z</time></trkpt><trkpt lat="47.60863230" lon="19.14696920"><ele>136.96</ele><time>1980-01-07T14:22:06.783Z</time></trkpt><trkpt lat="47.60863230" lon="19.14696920"><ele>136.96</ele><time>1980-01-07T14:22:06.983Z</time></trkpt><trkpt lat="47.60863230" lon="19.14696920"><ele>136.96</ele><time>1980-01-07T14:22:07.183Z</time></trkpt><trkpt lat="47.60863220" lon="19.14696930"><ele>136.96</ele><time>1980-01-07T14:22:07.385Z</time></trkpt><trkpt lat="47.60863220" lon="19.14696930"><ele>136.96</ele><time>1980-01-07T14:22:07.583Z</time></trkpt><trkpt lat="47.60863220" lon="19.14696930"><ele>136.96</ele><time>1980-01-07T14:22:07.785Z</time></trkpt><trkpt lat="47.60863220" lon="19.14696930"><ele>136.96</ele><time>1980-01-07T14:22:07.985Z</time></trkpt><trkpt lat="47.60863220" lon="19.14696930"><ele>136.96</ele><time>1980-01-07T14:22:08.189Z</time></trkpt><trkpt lat="47.60863220" lon="19.14696930"><ele>136.96</ele><time>1980-01-07T14:22:08.391Z</time></trkpt><trkpt lat="47.60863220" lon="19.14696930"><ele>136.97</ele><time>1980-01-07T14:22:08.591Z</time></trkpt><trkpt lat="47.60863220" lon="19.14696930"><ele>136.96</ele><time>1980-01-07T14:22:08.791Z</time></trkpt><trkpt lat="47.60863220" lon="19.14696930"><ele>136.96</ele><time>1980-01-07T14:22:08.992Z</time></trkpt><trkpt lat="47.60863220" lon="19.14696920"><ele>136.96</ele><time>1980-01-07T14:22:09.193Z</time></trkpt><trkpt lat="47.60863220" lon="19.14696920"><ele>136.96</ele><time>1980-01-07T14:22:09.393Z</time></trkpt><trkpt lat="47.60863220" lon="19.14696920"><ele>136.96</ele><time>1980-01-07T14:22:09.593Z</time></trkpt><trkpt lat="47.60863210" lon="19.14696930"><ele>136.95</ele><time>1980-01-07T14:22:09.795Z</time></trkpt><trkpt lat="47.60863210" lon="19.14696930"><ele>136.95</ele><time>1980-01-07T14:22:09.995Z</time></trkpt><trkpt lat="47.60863210" lon="19.14696940"><ele>136.95</ele><time>1980-01-07T14:22:10.195Z</time></trkpt><trkpt lat="47.60863220" lon="19.14696940"><ele>136.94</ele><time>1980-01-07T14:22:10.395Z</time></trkpt><trkpt lat="47.60863220" lon="19.14696940"><ele>136.94</ele><time>1980-01-07T14:22:10.595Z</time></trkpt><trkpt lat="47.60863220" lon="19.14696940"><ele>136.94</ele><time>1980-01-07T14:22:10.795Z</time></trkpt><trkpt lat="47.60863220" lon="19.14696940"><ele>136.94</ele><time>1980-01-07T14:22:10.999Z</time></trkpt><trkpt lat="47.60863220" lon="19.14696940"><ele>136.93</ele><time>1980-01-07T14:22:11.196Z</time></trkpt><trkpt lat="47.60863220" lon="19.14696940"><ele>136.93</ele><time>1980-01-07T14:22:11.396Z</time></trkpt><trkpt lat="47.60863220" lon="19.14696930"><ele>136.93</ele><time>1980-01-07T14:22:11.596Z</time></trkpt><trkpt lat="47.60863220" lon="19.14696930"><ele>136.93</ele><time>1980-01-07T14:22:11.796Z</time></trkpt><trkpt lat="47.60863220" lon="19.14696940"><ele>136.92</ele><time>1980-01-07T14:22:11.996Z</time></trkpt><trkpt lat="47.60863230" lon="19.14696940"><ele>136.92</ele><time>1980-01-07T14:22:12.196Z</time></trkpt><trkpt lat="47.60863230" lon="19.14696940"><ele>136.92</ele><time>1980-01-07T14:22:12.396Z</time></trkpt><trkpt lat="47.60863230" lon="19.14696940"><ele>136.92</ele><time>1980-01-07T14:22:12.596Z</time></trkpt><trkpt lat="47.60863230" lon="19.14696940"><ele>136.91</ele><time>1980-01-07T14:22:12.796Z</time></trkpt><trkpt lat="47.60863230" lon="19.14696930"><ele>136.91</ele><time>1980-01-07T14:22:12.997Z</time></trkpt><trkpt lat="47.60863240" lon="19.14696930"><ele>136.91</ele><time>1980-01-07T14:22:13.199Z</time></trkpt><trkpt lat="47.60863240" lon="19.14696930"><ele>136.92</ele><time>1980-01-07T14:22:13.398Z</time></trkpt><trkpt lat="47.60863250" lon="19.14696930"><ele>136.92</ele><time>1980-01-07T14:22:13.599Z</time></trkpt><trkpt lat="47.60863250" lon="19.14696930"><ele>136.92</ele><time>1980-01-07T14:22:13.799Z</time></trkpt><trkpt lat="47.60863250" lon="19.14696920"><ele>136.92</ele><time>1980-01-07T14:22:13.999Z</time></trkpt><trkpt lat="47.60863250" lon="19.14696920"><ele>136.92</ele><time>1980-01-07T14:22:14.202Z</time></trkpt><trkpt lat="47.60863250" lon="19.14696920"><ele>136.92</ele><time>1980-01-07T14:22:14.403Z</time></trkpt><trkpt lat="47.60863260" lon="19.14696910"><ele>136.92</ele><time>1980-01-07T14:22:14.599Z</time></trkpt><trkpt lat="47.60863260" lon="19.14696910"><ele>136.92</ele><time>1980-01-07T14:22:14.803Z</time></trkpt><trkpt lat="47.60863260" lon="19.14696910"><ele>136.92</ele><time>1980-01-07T14:22:14.999Z</time></trkpt><trkpt lat="47.60863260" lon="19.14696900"><ele>136.92</ele><time>1980-01-07T14:22:15.205Z</time></trkpt><trkpt lat="47.60863260" lon="19.14696900"><ele>136.92</ele><time>1980-01-07T14:22:15.405Z</time></trkpt><trkpt lat="47.60863260" lon="19.14696900"><ele>136.92</ele><time>1980-01-07T14:22:15.600Z</time></trkpt><trkpt lat="47.60863260" lon="19.14696890"><ele>136.92</ele><time>1980-01-07T14:22:15.805Z</time></trkpt><trkpt lat="47.60863260" lon="19.14696890"><ele>136.91</ele><time>1980-01-07T14:22:16.015Z</time></trkpt><trkpt lat="47.60863250" lon="19.14696890"><ele>136.91</ele><time>1980-01-07T14:22:16.212Z</time></trkpt><trkpt lat="47.60863250" lon="19.14696880"><ele>136.91</ele><time>1980-01-07T14:22:16.415Z</time></trkpt><trkpt lat="47.60863250" lon="19.14696880"><ele>136.91</ele><time>1980-01-07T14:22:16.615Z</time></trkpt><trkpt lat="47.60863250" lon="19.14696880"><ele>136.92</ele><time>1980-01-07T14:22:16.815Z</time></trkpt><trkpt lat="47.60863260" lon="19.14696880"><ele>136.92</ele><time>1980-01-07T14:22:17.015Z</time></trkpt><trkpt lat="47.60863260" lon="19.14696890"><ele>136.92</ele><time>1980-01-07T14:22:17.214Z</time></trkpt><trkpt lat="47.60863260" lon="19.14696890"><ele>136.92</ele><time>1980-01-07T14:22:17.415Z</time></trkpt><trkpt lat="47.60863260" lon="19.14696890"><ele>136.91</ele><time>1980-01-07T14:22:17.615Z</time></trkpt><trkpt lat="47.60863260" lon="19.14696890"><ele>136.91</ele><time>1980-01-07T14:22:17.815Z</time></trkpt><trkpt lat="47.60863260" lon="19.14696890"><ele>136.91</ele><time>1980-01-07T14:22:18.015Z</time></trkpt><trkpt lat="47.60863260" lon="19.14696890"><ele>136.91</ele><time>1980-01-07T14:22:18.224Z</time></trkpt><trkpt lat="47.60863270" lon="19.14696890"><ele>136.91</ele><time>1980-01-07T14:22:18.425Z</time></trkpt><trkpt lat="47.60863280" lon="19.14696880"><ele>136.91</ele><time>1980-01-07T14:22:18.625Z</time></trkpt><trkpt lat="47.60863280" lon="19.14696880"><ele>136.91</ele><time>1980-01-07T14:22:18.824Z</time></trkpt><trkpt lat="47.60863280" lon="19.14696880"><ele>136.91</ele><time>1980-01-07T14:22:19.025Z</time></trkpt><trkpt lat="47.60863280" lon="19.14696890"><ele>136.91</ele><time>1980-01-07T14:22:19.225Z</time></trkpt><trkpt lat="47.60863290" lon="19.14696890"><ele>136.91</ele><time>1980-01-07T14:22:19.425Z</time></trkpt><trkpt lat="47.60863280" lon="19.14696900"><ele>136.91</ele><time>1980-01-07T14:22:19.625Z</time></trkpt><trkpt lat="47.60863280" lon="19.14696900"><ele>136.91</ele><time>1980-01-07T14:22:19.825Z</time></trkpt><trkpt lat="47.60863290" lon="19.14696900"><ele>136.91</ele><time>1980-01-07T14:22:20.025Z</time></trkpt><trkpt lat="47.60863290" lon="19.14696900"><ele>136.91</ele><time>1980-01-07T14:22:20.225Z</time></trkpt><trkpt lat="47.60863290" lon="19.14696900"><ele>136.91</ele><time>1980-01-07T14:22:20.425Z</time></trkpt><trkpt lat="47.60863290" lon="19.14696900"><ele>136.92</ele><time>1980-01-07T14:22:20.625Z</time></trkpt><trkpt lat="47.60863280" lon="19.14696900"><ele>136.92</ele><time>1980-01-07T14:22:20.825Z</time></trkpt><trkpt lat="47.60863280" lon="19.14696900"><ele>136.92</ele><time>1980-01-07T14:22:21.025Z</time></trkpt><trkpt lat="47.60863280" lon="19.14696900"><ele>136.92</ele><time>1980-01-07T14:22:21.225Z</time></trkpt><trkpt lat="47.60863270" lon="19.14696900"><ele>136.92</ele><time>1980-01-07T14:22:21.425Z</time></trkpt><trkpt lat="47.60863270" lon="19.14696900"><ele>136.93</ele><time>1980-01-07T14:22:21.625Z</time></trkpt><trkpt lat="47.60863270" lon="19.14696900"><ele>136.92</ele><time>1980-01-07T14:22:21.825Z</time></trkpt><trkpt lat="47.60863260" lon="19.14696900"><ele>136.92</ele><time>1980-01-07T14:22:22.025Z</time></trkpt><trkpt lat="47.60863260" lon="19.14696910"><ele>136.92</ele><time>1980-01-07T14:22:22.235Z</time></trkpt><trkpt lat="47.60863250" lon="19.14696910"><ele>136.92</ele><time>1980-01-07T14:22:22.435Z</time></trkpt><trkpt lat="47.60863240" lon="19.14696910"><ele>136.93</ele><time>1980-01-07T14:22:22.645Z</time></trkpt><trkpt lat="47.60863240" lon="19.14696920"><ele>136.93</ele><time>1980-01-07T14:22:22.843Z</time></trkpt><trkpt lat="47.60863230" lon="19.14696920"><ele>136.93</ele><time>1980-01-07T14:22:23.041Z</time></trkpt><trkpt lat="47.60863230" lon="19.14696930"><ele>136.93</ele><time>1980-01-07T14:22:23.244Z</time></trkpt><trkpt lat="47.60863230" lon="19.14696930"><ele>136.93</ele><time>1980-01-07T14:22:23.445Z</time></trkpt><trkpt lat="47.60863230" lon="19.14696930"><ele>136.93</ele><time>1980-01-07T14:22:23.645Z</time></trkpt><trkpt lat="47.60863230" lon="19.14696930"><ele>136.93</ele><time>1980-01-07T14:22:23.845Z</time></trkpt><trkpt lat="47.60863230" lon="19.14696930"><ele>136.93</ele><time>1980-01-07T14:22:24.045Z</time></trkpt><trkpt lat="47.60863230" lon="19.14696930"><ele>136.93</ele><time>1980-01-07T14:22:24.245Z</time></trkpt><trkpt lat="47.60863230" lon="19.14696930"><ele>136.93</ele><time>1980-01-07T14:22:24.445Z</time></trkpt><trkpt lat="47.60863220" lon="19.14696930"><ele>136.93</ele><time>1980-01-07T14:22:24.645Z</time></trkpt><trkpt lat="47.60863220" lon="19.14696930"><ele>136.93</ele><time>1980-01-07T14:22:24.845Z</time></trkpt><trkpt lat="47.60863230" lon="19.14696930"><ele>136.94</ele><time>1980-01-07T14:22:25.045Z</time></trkpt><trkpt lat="47.60863230" lon="19.14696930"><ele>136.94</ele><time>1980-01-07T14:22:25.245Z</time></trkpt><trkpt lat="47.60863230" lon="19.14696930"><ele>136.94</ele><time>1980-01-07T14:22:25.445Z</time></trkpt><trkpt lat="47.60863230" lon="19.14696930"><ele>136.94</ele><time>1980-01-07T14:22:25.645Z</time></trkpt><trkpt lat="47.60863230" lon="19.14696930"><ele>136.93</ele><time>1980-01-07T14:22:25.845Z</time></trkpt><trkpt lat="47.60863230" lon="19.14696930"><ele>136.93</ele><time>1980-01-07T14:22:26.045Z</time></trkpt><trkpt lat="47.60863230" lon="19.14696930"><ele>136.93</ele><time>1980-01-07T14:22:26.255Z</time></trkpt><trkpt lat="47.60863230" lon="19.14696940"><ele>136.93</ele><time>1980-01-07T14:22:26.455Z</time></trkpt><trkpt lat="47.60863230" lon="19.14696940"><ele>136.93</ele><time>1980-01-07T14:22:26.664Z</time></trkpt><trkpt lat="47.60863230" lon="19.14696940"><ele>136.93</ele><time>1980-01-07T14:22:26.865Z</time></trkpt><trkpt lat="47.60863230" lon="19.14696940"><ele>136.93</ele><time>1980-01-07T14:22:27.065Z</time></trkpt><trkpt lat="47.60863240" lon="19.14696940"><ele>136.94</ele><time>1980-01-07T14:22:27.263Z</time></trkpt><trkpt lat="47.60863240" lon="19.14696940"><ele>136.94</ele><time>1980-01-07T14:22:27.465Z</time></trkpt><trkpt lat="47.60863240" lon="19.14696940"><ele>136.94</ele><time>1980-01-07T14:22:27.665Z</time></trkpt><trkpt lat="47.60863240" lon="19.14696940"><ele>136.94</ele><time>1980-01-07T14:22:27.865Z</time></trkpt><trkpt lat="47.60863240" lon="19.14696940"><ele>136.94</ele><time>1980-01-07T14:22:28.065Z</time></trkpt><trkpt lat="47.60863230" lon="19.14696940"><ele>136.93</ele><time>1980-01-07T14:22:28.255Z</time></trkpt><trkpt lat="47.60863230" lon="19.14696940"><ele>136.93</ele><time>1980-01-07T14:22:28.455Z</time></trkpt><trkpt lat="47.60863230" lon="19.14696950"><ele>136.93</ele><time>1980-01-07T14:22:28.655Z</time></trkpt><trkpt lat="47.60863220" lon="19.14696950"><ele>136.93</ele><time>1980-01-07T14:22:28.855Z</time></trkpt><trkpt lat="47.60863220" lon="19.14696950"><ele>136.92</ele><time>1980-01-07T14:22:29.055Z</time></trkpt><trkpt lat="47.60863220" lon="19.14696960"><ele>136.92</ele><time>1980-01-07T14:22:29.255Z</time></trkpt><trkpt lat="47.60863210" lon="19.14696960"><ele>136.92</ele><time>1980-01-07T14:22:29.455Z</time></trkpt><trkpt lat="47.60863210" lon="19.14696960"><ele>136.92</ele><time>1980-01-07T14:22:29.655Z</time></trkpt><trkpt lat="47.60863210" lon="19.14696960"><ele>136.92</ele><time>1980-01-07T14:22:29.855Z</time></trkpt><trkpt lat="47.60863210" lon="19.14696960"><ele>136.92</ele><time>1980-01-07T14:22:30.055Z</time></trkpt><trkpt lat="47.60863210" lon="19.14696970"><ele>136.92</ele><time>1980-01-07T14:22:30.255Z</time></trkpt><trkpt lat="47.60863210" lon="19.14696970"><ele>136.93</ele><time>1980-01-07T14:22:30.465Z</time></trkpt><trkpt lat="47.60863210" lon="19.14696970"><ele>136.93</ele><time>1980-01-07T14:22:30.665Z</time></trkpt><trkpt lat="47.60863210" lon="19.14696970"><ele>136.93</ele><time>1980-01-07T14:22:30.865Z</time></trkpt><trkpt lat="47.60863210" lon="19.14696970"><ele>136.92</ele><time>1980-01-07T14:22:31.065Z</time></trkpt><trkpt lat="47.60863200" lon="19.14696970"><ele>136.92</ele><time>1980-01-07T14:22:31.265Z</time></trkpt><trkpt lat="47.60863210" lon="19.14696970"><ele>136.92</ele><time>1980-01-07T14:22:31.465Z</time></trkpt><trkpt lat="47.60863200" lon="19.14696970"><ele>136.92</ele><time>1980-01-07T14:22:31.665Z</time></trkpt><trkpt lat="47.60863200" lon="19.14696970"><ele>136.92</ele><time>1980-01-07T14:22:31.865Z</time></trkpt><trkpt lat="47.60863200" lon="19.14696970"><ele>136.92</ele><time>1980-01-07T14:22:32.065Z</time></trkpt><trkpt lat="47.60863200" lon="19.14696970"><ele>136.92</ele><time>1980-01-07T14:22:32.274Z</time></trkpt><trkpt lat="47.60863200" lon="19.14696970"><ele>136.92</ele><time>1980-01-07T14:22:32.475Z</time></trkpt><trkpt lat="47.60863200" lon="19.14696970"><ele>136.93</ele><time>1980-01-07T14:22:32.675Z</time></trkpt><trkpt lat="47.60863200" lon="19.14696970"><ele>136.93</ele><time>1980-01-07T14:22:32.875Z</time></trkpt><trkpt lat="47.60863200" lon="19.14696960"><ele>136.93</ele><time>1980-01-07T14:22:33.075Z</time></trkpt><trkpt lat="47.60863200" lon="19.14696960"><ele>136.93</ele><time>1980-01-07T14:22:33.275Z</time></trkpt><trkpt lat="47.60863200" lon="19.14696960"><ele>136.93</ele><time>1980-01-07T14:22:33.475Z</time></trkpt><trkpt lat="47.60863200" lon="19.14696950"><ele>136.93</ele><time>1980-01-07T14:22:33.675Z</time></trkpt><trkpt lat="47.60863200" lon="19.14696950"><ele>136.93</ele><time>1980-01-07T14:22:33.875Z</time></trkpt><trkpt lat="47.60863200" lon="19.14696950"><ele>136.94</ele><time>1980-01-07T14:22:34.075Z</time></trkpt><trkpt lat="47.60863200" lon="19.14696950"><ele>136.94</ele><time>1980-01-07T14:22:34.268Z</time></trkpt><trkpt lat="47.60863210" lon="19.14696950"><ele>136.94</ele><time>1980-01-07T14:22:34.468Z</time></trkpt><trkpt lat="47.60863210" lon="19.14696950"><ele>136.95</ele><time>1980-01-07T14:22:34.669Z</time></trkpt><trkpt lat="47.60863220" lon="19.14696950"><ele>136.95</ele><time>1980-01-07T14:22:34.869Z</time></trkpt><trkpt lat="47.60863220" lon="19.14696950"><ele>136.96</ele><time>1980-01-07T14:22:35.069Z</time></trkpt><trkpt lat="47.60863230" lon="19.14696940"><ele>136.97</ele><time>1980-01-07T14:22:35.274Z</time></trkpt><trkpt lat="47.60863230" lon="19.14696940"><ele>136.98</ele><time>1980-01-07T14:22:35.475Z</time></trkpt><trkpt lat="47.60863230" lon="19.14696940"><ele>136.98</ele><time>1980-01-07T14:22:35.674Z</time></trkpt><trkpt lat="47.60863240" lon="19.14696930"><ele>136.99</ele><time>1980-01-07T14:22:35.875Z</time></trkpt><trkpt lat="47.60863240" lon="19.14696930"><ele>136.99</ele><time>1980-01-07T14:22:36.075Z</time></trkpt><trkpt lat="47.60863240" lon="19.14696930"><ele>137.00</ele><time>1980-01-07T14:22:36.275Z</time></trkpt><trkpt lat="47.60863240" lon="19.14696920"><ele>137.00</ele><time>1980-01-07T14:22:36.475Z</time></trkpt><trkpt lat="47.60863240" lon="19.14696920"><ele>137.01</ele><time>1980-01-07T14:22:36.665Z</time></trkpt><trkpt lat="47.60863250" lon="19.14696920"><ele>137.01</ele><time>1980-01-07T14:22:36.865Z</time></trkpt><trkpt lat="47.60863250" lon="19.14696920"><ele>137.01</ele><time>1980-01-07T14:22:37.066Z</time></trkpt><trkpt lat="47.60863250" lon="19.14696930"><ele>137.01</ele><time>1980-01-07T14:22:37.270Z</time></trkpt><trkpt lat="47.60863250" lon="19.14696930"><ele>137.01</ele><time>1980-01-07T14:22:37.470Z</time></trkpt><trkpt lat="47.60863240" lon="19.14696930"><ele>137.01</ele><time>1980-01-07T14:22:37.666Z</time></trkpt><trkpt lat="47.60863240" lon="19.14696930"><ele>137.01</ele><time>1980-01-07T14:22:37.873Z</time></trkpt><trkpt lat="47.60863240" lon="19.14696940"><ele>137.01</ele><time>1980-01-07T14:22:38.074Z</time></trkpt><trkpt lat="47.60863240" lon="19.14696940"><ele>137.01</ele><time>1980-01-07T14:22:38.275Z</time></trkpt><trkpt lat="47.60863240" lon="19.14696940"><ele>137.01</ele><time>1980-01-07T14:22:38.475Z</time></trkpt><trkpt lat="47.60863240" lon="19.14696940"><ele>137.01</ele><time>1980-01-07T14:22:38.671Z</time></trkpt><trkpt lat="47.60863250" lon="19.14696950"><ele>137.01</ele><time>1980-01-07T14:22:38.875Z</time></trkpt><trkpt lat="47.60863250" lon="19.14696950"><ele>137.01</ele><time>1980-01-07T14:22:39.076Z</time></trkpt></trkseg></trk></gpx>