<?xml version='1.0' encoding='utf-8'?>
<gpx version="1.1" creator="converttogpx.py" xmlns="http://www.topografix.com/GPX/1/1" xmlns:xsi="http://www.w3.org/2001/XMLSchema-instance" xsi:schemaLocation="http://www.topografix.com/GPX/1/1 http://www.topografix.com/GPX/1/1/gpx.xsd"><trk><name>drone78 20251020-007</name><trkseg><trkpt lat="47.60862530" lon="19.14702490"><ele>137.41</ele><time>2025-10-20T14:11:34.316Z</time></trkpt><trkpt lat="47.60862530" lon="19.14702490"><ele>137.41</ele><time>2025-10-20T14:11:34.516Z</time></trkpt><trkpt lat="47.60862530" lon="19.14702490"><ele>137.41</ele><time>2025-10-20T14:11:34.736Z</time></trkpt><trkpt lat="47.60862530" lon="19.14702500"><ele>137.41</ele><time>2025-10-20T14:11:34.935Z</time></trkpt><trkpt lat="47.60862520" lon="19.14702500"><ele>137.42</ele><time>2025-10-20T14:11:35.136Z</time></trkpt><trkpt lat="47.60862520" lon="19.14702500"><ele>137.42</ele><time>2025-10-20T14:11:35.299Z</time></trkpt><trkpt lat="47.60862520" lon="19.14702500"><ele>137.42</ele><time>2025-10-20T14:11:35.519Z</time></trkpt><trkpt lat="47.60862520" lon="19.14702500"><ele>137.42</ele><time>2025-10-20T14:11:35.699Z</time></trkpt><trkpt lat="47.60862520" lon="19.14702500"><ele>137.41</ele><time>2025-10-20T14:11:35.920Z</time></trkpt><trkpt lat="47.60862520" lon="19.14702500"><ele>137.41</ele><time>2025-10-20T14:11:36.120Z</time></trkpt><trkpt lat="47.60862530" lon="19.14702500"><ele>137.41</ele><time>2025-10-20T14:11:36.321Z</time></trkpt><trkpt lat="47.60862530" lon="19.14702500"><ele>137.41</ele><time>2025-10-20T14:11:36.521Z</time></trkpt><trkpt lat="47.60862530" lon="19.14702490"><ele>137.41</ele><time>2025-10-20T14:11:36.702Z</time></trkpt><trkpt lat="47.60862540" lon="19.14702480"><ele>137.41</ele><time>2025-10-20T14:11:36.902Z</time></trkpt><trkpt lat="47.60862540" lon="19.14702470"><ele>137.40</ele><time>2025-10-20T14:11:37.103Z</time></trkpt><trkpt lat="47.60862540" lon="19.14702460"><ele>137.40</ele><time>2025-10-20T14:11:37.325Z</time></trkpt><trkpt lat="47.60862540" lon="19.14702460"><ele>137.40</ele><time>2025-10-20T14:11:37.485Z</time></trkpt><trkpt lat="47.60862540" lon="19.14702450"><ele>137.40</ele><time>2025-10-20T14:11:37.706Z</time></trkpt><trkpt lat="47.60862540" lon="19.14702450"><ele>137.40</ele><time>2025-10-20T14:11:37.906Z</time></trkpt><trkpt lat="47.60862540" lon="19.14702460"><ele>137.40</ele><time>2025-10-20T14:11:38.107Z</time></trkpt><trkpt lat="47.60862540" lon="19.14702460"><ele>137.40</ele><time>2025-10-20T14:11:38.327Z</time></trkpt><trkpt lat="47.60862530" lon="19.14702460"><ele>137.40</ele><time>2025-10-20T14:11:38.508Z</time></trkpt><trkpt lat="47.60862530" lon="19.14702470"><ele>137.40</ele><time>2025-10-20T14:11:38.708Z</time></trkpt><trkpt lat="47.60862520" lon="19.14702470"><ele>137.40</ele><time>2025-10-20T14:11:38.909Z</time></trkpt><trkpt lat="47.60862520" lon="19.14702470"><ele>137.40</ele><time>2025-10-20T14:11:39.109Z</time></trkpt><trkpt lat="47.60862520" lon="19.14702480"><ele>137.40</ele><time>2025-10-20T14:11:39.313Z</time></trkpt><trkpt lat="47.60862530" lon="19.14702480"><ele>137.40</ele><time>2025-10-20T14:11:39.536Z</time></trkpt><trkpt lat="47.60862530" lon="19.14702480"><ele>137.41</ele><time>2025-10-20T14:11:39.736Z</time></trkpt><trkpt lat="47.60862530" lon="19.14702480"><ele>137.41</ele><time>2025-10-20T14:11:39.916Z</time></trkpt><trkpt lat="47.60862520" lon="19.14702480"><ele>137.41</ele><time>2025-10-20T14:11:40.137Z</time></trkpt><trkpt lat="47.60862520" lon="19.14702480"><ele>137.41</ele><time>2025-10-20T14:11:40.342Z</time></trkpt><trkpt lat="47.60862520" lon="19.14702480"><ele>137.42</ele><time>2025-10-20T14:11:40.522Z</time></trkpt><trkpt lat="47.60862510" lon="19.14702470"><ele>137.51</ele><time>2025-10-20T14:11:40.742Z</time></trkpt><trkpt lat="47.60862500" lon="19.14702400"><ele>137.81</ele><time>2025-10-20T14:11:40.932Z</time></trkpt><trkpt lat="47.60862500" lon="19.14702260"><ele>138.23</ele><time>2025-10-20T14:11:41.143Z</time></trkpt><trkpt lat="47.60862520" lon="19.14702110"><ele>138.64</ele><time>2025-10-20T14:11:41.324Z</time></trkpt><trkpt lat="47.60862540" lon="19.14701940"><ele>139.15</ele><time>2025-10-20T14:11:41.524Z</time></trkpt><trkpt lat="47.60862560" lon="19.14701800"><ele>139.74</ele><time>2025-10-20T14:11:41.744Z</time></trkpt><trkpt lat="47.60862580" lon="19.14701720"><ele>140.19</ele><time>2025-10-20T14:11:41.924Z</time></trkpt><trkpt lat="47.60862580" lon="19.14701640"><ele>140.60</ele><time>2025-10-20T14:11:42.124Z</time></trkpt><trkpt lat="47.60862590" lon="19.14701610"><ele>141.02</ele><time>2025-10-20T14:11:42.332Z</time></trkpt><trkpt lat="47.60862600" lon="19.14701650"><ele>141.57</ele><time>2025-10-20T14:11:42.533Z</time></trkpt><trkpt lat="47.60862600" lon="19.14701720"><ele>142.14</ele><time>2025-10-20T14:11:42.735Z</time></trkpt><trkpt lat="47.60862610" lon="19.14701820"><ele>142.68</ele><time>2025-10-20T14:11:42.937Z</time></trkpt><trkpt lat="47.60862610" lon="19.14701930"><ele>143.21</ele><time>2025-10-20T14:11:43.138Z</time></trkpt><trkpt lat="47.60862610" lon="19.14702070"><ele>143.77</ele><time>2025-10-20T14:11:43.343Z</time></trkpt><trkpt lat="47.60862610" lon="19.14702200"><ele>144.33</ele><time>2025-10-20T14:11:43.545Z</time></trkpt><trkpt lat="47.60862600" lon="19.14702310"><ele>144.88</ele><time>2025-10-20T14:11:43.745Z</time></trkpt><trkpt lat="47.60862590" lon="19.14702410"><ele>145.41</ele><time>2025-10-20T14:11:43.946Z</time></trkpt><trkpt lat="47.60862590" lon="19.14702510"><ele>145.90</ele><time>2025-10-20T14:11:44.128Z</time></trkpt><trkpt lat="47.60862590" lon="19.14702590"><ele>146.46</ele><time>2025-10-20T14:11:44.329Z</time></trkpt><trkpt lat="47.60862600" lon="19.14702660"><ele>147.04</ele><time>2025-10-20T14:11:44.550Z</time></trkpt><trkpt lat="47.60862620" lon="19.14702720"><ele>147.53</ele><time>2025-10-20T14:11:44.733Z</time></trkpt><trkpt lat="47.60862640" lon="19.14702770"><ele>148.13</ele><time>2025-10-20T14:11:44.953Z</time></trkpt><trkpt lat="47.60862660" lon="19.14702790"><ele>148.61</ele><time>2025-10-20T14:11:45.134Z</time></trkpt><trkpt lat="47.60862690" lon="19.14702810"><ele>149.18</ele><time>2025-10-20T14:11:45.348Z</time></trkpt><trkpt lat="47.60862730" lon="19.14702820"><ele>149.73</ele><time>2025-10-20T14:11:45.550Z</time></trkpt><trkpt lat="47.60862760" lon="19.14702810"><ele>150.28</ele><time>2025-10-20T14:11:45.752Z</time></trkpt><trkpt lat="47.60862790" lon="19.14702790"><ele>150.82</ele><time>2025-10-20T14:11:45.954Z</time></trkpt><trkpt lat="47.60862820" lon="19.14702770"><ele>151.31</ele><time>2025-10-20T14:11:46.139Z</time></trkpt><trkpt lat="47.60862860" lon="19.14702740"><ele>151.87</ele><time>2025-10-20T14:11:46.344Z</time></trkpt><trkpt lat="47.60862890" lon="19.14702720"><ele>152.41</ele><time>2025-10-20T14:11:46.546Z</time></trkpt><trkpt lat="47.60862930" lon="19.14702700"><ele>152.92</ele><time>2025-10-20T14:11:46.746Z</time></trkpt><trkpt lat="47.60862960" lon="19.14702680"><ele>153.46</ele><time>2025-10-20T14:11:46.947Z</time></trkpt><trkpt lat="47.60863000" lon="19.14702670"><ele>153.96</ele><time>2025-10-20T14:11:47.128Z</time></trkpt><trkpt lat="47.60863030" lon="19.14702660"><ele>154.50</ele><time>2025-10-20T14:11:47.341Z</time></trkpt><trkpt lat="47.60863060" lon="19.14702650"><ele>154.94</ele><time>2025-10-20T14:11:47.541Z</time></trkpt><trkpt lat="47.60863080" lon="19.14702660"><ele>155.29</ele><time>2025-10-20T14:11:47.722Z</time></trkpt><trkpt lat="47.60863080" lon="19.14702670"><ele>155.61</ele><time>2025-10-20T14:11:47.942Z</time></trkpt><trkpt lat="47.60863050" lon="19.14702680"><ele>155.76</ele><time>2025-10-20T14:11:48.145Z</time></trkpt><trkpt lat="47.60862970" lon="19.14702680"><ele>155.87</ele><time>2025-10-20T14:11:48.348Z</time></trkpt><trkpt lat="47.60862830" lon="19.14702670"><ele>155.97</ele><time>2025-10-20T14:11:48.549Z</time></trkpt><trkpt lat="47.60862700" lon="19.14702650"><ele>156.04</ele><time>2025-10-20T14:11:48.711Z</time></trkpt><trkpt lat="47.60862480" lon="19.14702600"><ele>156.13</ele><time>2025-10-20T14:11:48.941Z</time></trkpt><trkpt lat="47.60862240" lon="19.14702540"><ele>156.21</ele><time>2025-10-20T14:11:49.132Z</time></trkpt><trkpt lat="47.60861960" lon="19.14702480"><ele>156.29</ele><time>2025-10-20T14:11:49.340Z</time></trkpt><trkpt lat="47.60861650" lon="19.14702410"><ele>156.36</ele><time>2025-10-20T14:11:49.541Z</time></trkpt><trkpt lat="47.60861340" lon="19.14702330"><ele>156.43</ele><time>2025-10-20T14:11:49.743Z</time></trkpt><trkpt lat="47.60860990" lon="19.14702240"><ele>156.50</ele><time>2025-10-20T14:11:49.963Z</time></trkpt><trkpt lat="47.60860710" lon="19.14702180"><ele>156.54</ele><time>2025-10-20T14:11:50.152Z</time></trkpt><trkpt lat="47.60860440" lon="19.14702140"><ele>156.59</ele><time>2025-10-20T14:11:50.336Z</time></trkpt><trkpt lat="47.60860150" lon="19.14702100"><ele>156.63</ele><time>2025-10-20T14:11:50.539Z</time></trkpt><trkpt lat="47.60859870" lon="19.14702090"><ele>156.66</ele><time>2025-10-20T14:11:50.748Z</time></trkpt><trkpt lat="47.60859600" lon="19.14702110"><ele>156.69</ele><time>2025-10-20T14:11:50.948Z</time></trkpt><trkpt lat="47.60859300" lon="19.14702130"><ele>156.73</ele><time>2025-10-20T14:11:51.151Z</time></trkpt><trkpt lat="47.60859000" lon="19.14702160"><ele>156.76</ele><time>2025-10-20T14:11:51.355Z</time></trkpt><trkpt lat="47.60858720" lon="19.14702200"><ele>156.78</ele><time>2025-10-20T14:11:51.558Z</time></trkpt><trkpt lat="47.60858480" lon="19.14702250"><ele>156.81</ele><time>2025-10-20T14:11:51.760Z</time></trkpt><trkpt lat="47.60858280" lon="19.14702300"><ele>156.84</ele><time>2025-10-20T14:11:51.962Z</time></trkpt><trkpt lat="47.60858150" lon="19.14702360"><ele>156.84</ele><time>2025-10-20T14:11:52.143Z</time></trkpt><trkpt lat="47.60858020" lon="19.14702430"><ele>156.86</ele><time>2025-10-20T14:11:52.367Z</time></trkpt><trkpt lat="47.60857940" lon="19.14702510"><ele>156.87</ele><time>2025-10-20T14:11:52.567Z</time></trkpt><trkpt lat="47.60857900" lon="19.14702580"><ele>156.88</ele><time>2025-10-20T14:11:52.770Z</time></trkpt><trkpt lat="47.60857880" lon="19.14702660"><ele>156.89</ele><time>2025-10-20T14:11:52.954Z</time></trkpt><trkpt lat="47.60857890" lon="19.14702740"><ele>156.92</ele><time>2025-10-20T14:11:53.160Z</time></trkpt><trkpt lat="47.60857930" lon="19.14702850"><ele>157.01</ele><time>2025-10-20T14:11:53.343Z</time></trkpt><trkpt lat="47.60858030" lon="19.14703070"><ele>157.18</ele><time>2025-10-20T14:11:53.564Z</time></trkpt><trkpt lat="47.60858200" lon="19.14703400"><ele>157.41</ele><time>2025-10-20T14:11:53.766Z</time></trkpt><trkpt lat="47.60858380" lon="19.14703760"><ele>157.62</ele><time>2025-10-20T14:11:53.927Z</time></trkpt><trkpt lat="47.60858710" lon="19.14704450"><ele>157.95</ele><time>2025-10-20T14:11:54.150Z</time></trkpt><trkpt lat="47.60859070" lon="19.14705270"><ele>158.27</ele><time>2025-10-20T14:11:54.353Z</time></trkpt><trkpt lat="47.60859470" lon="19.14706210"><ele>158.60</ele><time>2025-10-20T14:11:54.555Z</time></trkpt><trkpt lat="47.60859910" lon="19.14707280"><ele>158.93</ele><time>2025-10-20T14:11:54.758Z</time></trkpt><trkpt lat="47.60860370" lon="19.14708430"><ele>159.26</ele><time>2025-10-20T14:11:54.961Z</time></trkpt><trkpt lat="47.60860840" lon="19.14709600"><ele>159.58</ele><time>2025-10-20T14:11:55.166Z</time></trkpt><trkpt lat="47.60861370" lon="19.14710860"><ele>159.92</ele><time>2025-10-20T14:11:55.375Z</time></trkpt><trkpt lat="47.60861840" lon="19.14711970"><ele>160.21</ele><time>2025-10-20T14:11:55.555Z</time></trkpt><trkpt lat="47.60862380" lon="19.14713180"><ele>160.51</ele><time>2025-10-20T14:11:55.755Z</time></trkpt><trkpt lat="47.60862880" lon="19.14714260"><ele>160.79</ele><time>2025-10-20T14:11:55.935Z</time></trkpt><trkpt lat="47.60863480" lon="19.14715530"><ele>161.13</ele><time>2025-10-20T14:11:56.143Z</time></trkpt><trkpt lat="47.60864080" lon="19.14716780"><ele>161.47</ele><time>2025-10-20T14:11:56.350Z</time></trkpt><trkpt lat="47.60864660" lon="19.14717950"><ele>161.80</ele><time>2025-10-20T14:11:56.554Z</time></trkpt><trkpt lat="47.60865250" lon="19.14719110"><ele>162.14</ele><time>2025-10-20T14:11:56.757Z</time></trkpt><trkpt lat="47.60865850" lon="19.14720260"><ele>162.47</ele><time>2025-10-20T14:11:56.958Z</time></trkpt><trkpt lat="47.60866440" lon="19.14721380"><ele>162.78</ele><time>2025-10-20T14:11:57.161Z</time></trkpt><trkpt lat="47.60867040" lon="19.14722480"><ele>163.10</ele><time>2025-10-20T14:11:57.366Z</time></trkpt><trkpt lat="47.60867640" lon="19.14723560"><ele>163.42</ele><time>2025-10-20T14:11:57.568Z</time></trkpt><trkpt lat="47.60868170" lon="19.14724520"><ele>163.71</ele><time>2025-10-20T14:11:57.749Z</time></trkpt><trkpt lat="47.60868760" lon="19.14725550"><ele>164.02</ele><time>2025-10-20T14:11:57.951Z</time></trkpt><trkpt lat="47.60869360" lon="19.14726580"><ele>164.34</ele><time>2025-10-20T14:11:58.152Z</time></trkpt><trkpt lat="47.60870030" lon="19.14727710"><ele>164.70</ele><time>2025-10-20T14:11:58.378Z</time></trkpt><trkpt lat="47.60870560" lon="19.14728580"><ele>164.98</ele><time>2025-10-20T14:11:58.561Z</time></trkpt><trkpt lat="47.60871160" lon="19.14729560"><ele>165.31</ele><time>2025-10-20T14:11:58.763Z</time></trkpt><trkpt lat="47.60871700" lon="19.14730440"><ele>165.61</ele><time>2025-10-20T14:11:58.948Z</time></trkpt><trkpt lat="47.60872350" lon="19.14731520"><ele>165.99</ele><time>2025-10-20T14:11:59.170Z</time></trkpt><trkpt lat="47.60872930" lon="19.14732450"><ele>166.32</ele><time>2025-10-20T14:11:59.374Z</time></trkpt><trkpt lat="47.60873510" lon="19.14733400"><ele>166.65</ele><time>2025-10-20T14:11:59.577Z</time></trkpt><trkpt lat="47.60874080" lon="19.14734340"><ele>166.98</ele><time>2025-10-20T14:11:59.779Z</time></trkpt><trkpt lat="47.60874530" lon="19.14735070"><ele>167.25</ele><time>2025-10-20T14:11:59.940Z</time></trkpt><trkpt lat="47.60875160" lon="19.14736130"><ele>167.63</ele><time>2025-10-20T14:12:00.169Z</time></trkpt><trkpt lat="47.60875740" lon="19.14737130"><ele>167.98</ele><time>2025-10-20T14:12:00.383Z</time></trkpt><trkpt lat="47.60876310" lon="19.14738130"><ele>168.32</ele><time>2025-10-20T14:12:00.589Z</time></trkpt><trkpt lat="47.60876830" lon="19.14739090"><ele>168.65</ele><time>2025-10-20T14:12:00.792Z</time></trkpt><trkpt lat="47.60877360" lon="19.14740100"><ele>169.00</ele><time>2025-10-20T14:12:00.994Z</time></trkpt><trkpt lat="47.60877840" lon="19.14741060"><ele>169.32</ele><time>2025-10-20T14:12:01.174Z</time></trkpt><trkpt lat="47.60878370" lon="19.14742120"><ele>169.68</ele><time>2025-10-20T14:12:01.381Z</time></trkpt><trkpt lat="47.60878890" lon="19.14743180"><ele>170.04</ele><time>2025-10-20T14:12:01.583Z</time></trkpt><trkpt lat="47.60879310" lon="19.14744050"><ele>170.34</ele><time>2025-10-20T14:12:01.744Z</time></trkpt><trkpt lat="47.60879940" lon="19.14745390"><ele>170.79</ele><time>2025-10-20T14:12:01.987Z</time></trkpt><trkpt lat="47.60880440" lon="19.14746470"><ele>171.15</ele><time>2025-10-20T14:12:02.188Z</time></trkpt><trkpt lat="47.60880970" lon="19.14747630"><ele>171.54</ele><time>2025-10-20T14:12:02.391Z</time></trkpt><trkpt lat="47.60881490" lon="19.14748760"><ele>171.90</ele><time>2025-10-20T14:12:02.592Z</time></trkpt><trkpt lat="47.60881980" lon="19.14749860"><ele>172.25</ele><time>2025-10-20T14:12:02.795Z</time></trkpt><trkpt lat="47.60882500" lon="19.14751030"><ele>172.61</ele><time>2025-10-20T14:12:02.998Z</time></trkpt><trkpt lat="47.60883020" lon="19.14752220"><ele>172.97</ele><time>2025-10-20T14:12:03.201Z</time></trkpt><trkpt lat="47.60883460" lon="19.14753200"><ele>173.28</ele><time>2025-10-20T14:12:03.363Z</time></trkpt><trkpt lat="47.60884090" lon="19.14754620"><ele>173.71</ele><time>2025-10-20T14:12:03.604Z</time></trkpt><trkpt lat="47.60884650" lon="19.14755860"><ele>174.09</ele><time>2025-10-20T14:12:03.807Z</time></trkpt><trkpt lat="47.60885220" lon="19.14757100"><ele>174.47</ele><time>2025-10-20T14:12:04.008Z</time></trkpt><trkpt lat="47.60885770" lon="19.14758240"><ele>174.83</ele><time>2025-10-20T14:12:04.199Z</time></trkpt><trkpt lat="47.60886290" lon="19.14759310"><ele>175.16</ele><time>2025-10-20T14:12:04.380Z</time></trkpt><trkpt lat="47.60886850" lon="19.14760490"><ele>175.52</ele><time>2025-10-20T14:12:04.581Z</time></trkpt><trkpt lat="47.60887370" lon="19.14761540"><ele>175.86</ele><time>2025-10-20T14:12:04.762Z</time></trkpt><trkpt lat="47.60888000" lon="19.14762830"><ele>176.27</ele><time>2025-10-20T14:12:04.983Z</time></trkpt><trkpt lat="47.60888670" lon="19.14764160"><ele>176.68</ele><time>2025-10-20T14:12:05.215Z</time></trkpt><trkpt lat="47.60889170" lon="19.14765160"><ele>176.94</ele><time>2025-10-20T14:12:05.396Z</time></trkpt><trkpt lat="47.60889690" lon="19.14766170"><ele>177.12</ele><time>2025-10-20T14:12:05.597Z</time></trkpt><trkpt lat="47.60890170" lon="19.14767110"><ele>177.19</ele><time>2025-10-20T14:12:05.798Z</time></trkpt><trkpt lat="47.60890580" lon="19.14767880"><ele>177.21</ele><time>2025-10-20T14:12:05.999Z</time></trkpt><trkpt lat="47.60890890" lon="19.14768440"><ele>177.21</ele><time>2025-10-20T14:12:06.200Z</time></trkpt><trkpt lat="47.60891120" lon="19.14768810"><ele>177.22</ele><time>2025-10-20T14:12:06.402Z</time></trkpt><trkpt lat="47.60891280" lon="19.14768980"><ele>177.23</ele><time>2025-10-20T14:12:06.582Z</time></trkpt><trkpt lat="47.60891430" lon="19.14769040"><ele>177.25</ele><time>2025-10-20T14:12:06.802Z</time></trkpt><trkpt lat="47.60891530" lon="19.14768970"><ele>177.27</ele><time>2025-10-20T14:12:07.002Z</time></trkpt><trkpt lat="47.60891600" lon="19.14768800"><ele>177.29</ele><time>2025-10-20T14:12:07.205Z</time></trkpt><trkpt lat="47.60891630" lon="19.14768550"><ele>177.25</ele><time>2025-10-20T14:12:07.407Z</time></trkpt><trkpt lat="47.60891630" lon="19.14768230"><ele>177.12</ele><time>2025-10-20T14:12:07.609Z</time></trkpt><trkpt lat="47.60891630" lon="19.14767840"><ele>176.87</ele><time>2025-10-20T14:12:07.811Z</time></trkpt><trkpt lat="47.60891630" lon="19.14767420"><ele>176.52</ele><time>2025-10-20T14:12:08.013Z</time></trkpt><trkpt lat="47.60891620" lon="19.14766960"><ele>176.06</ele><time>2025-10-20T14:12:08.222Z</time></trkpt><trkpt lat="47.60891600" lon="19.14766520"><ele>175.57</ele><time>2025-10-20T14:12:08.404Z</time></trkpt><trkpt lat="47.60891550" lon="19.14766010"><ele>175.02</ele><time>2025-10-20T14:12:08.606Z</time></trkpt><trkpt lat="47.60891490" lon="19.14765480"><ele>174.48</ele><time>2025-10-20T14:12:08.806Z</time></trkpt><trkpt lat="47.60891400" lon="19.14764920"><ele>173.94</ele><time>2025-10-20T14:12:09.008Z</time></trkpt><trkpt lat="47.60891320" lon="19.14764390"><ele>173.42</ele><time>2025-10-20T14:12:09.210Z</time></trkpt><trkpt lat="47.60891240" lon="19.14763870"><ele>172.90</ele><time>2025-10-20T14:12:09.412Z</time></trkpt><trkpt lat="47.60891140" lon="19.14763340"><ele>172.38</ele><time>2025-10-20T14:12:09.613Z</time></trkpt><trkpt lat="47.60891040" lon="19.14762830"><ele>171.85</ele><time>2025-10-20T14:12:09.813Z</time></trkpt><trkpt lat="47.60890930" lon="19.14762360"><ele>171.33</ele><time>2025-10-20T14:12:10.014Z</time></trkpt><trkpt lat="47.60890830" lon="19.14761960"><ele>170.86</ele><time>2025-10-20T14:12:10.201Z</time></trkpt><trkpt lat="47.60890730" lon="19.14761590"><ele>170.37</ele><time>2025-10-20T14:12:10.391Z</time></trkpt><trkpt lat="47.60890640" lon="19.14761240"><ele>169.86</ele><time>2025-10-20T14:12:10.595Z</time></trkpt><trkpt lat="47.60890540" lon="19.14760890"><ele>169.32</ele><time>2025-10-20T14:12:10.817Z</time></trkpt><trkpt lat="47.60890440" lon="19.14760580"><ele>168.79</ele><time>2025-10-20T14:12:11.020Z</time></trkpt><trkpt lat="47.60890360" lon="19.14760310"><ele>168.29</ele><time>2025-10-20T14:12:11.203Z</time></trkpt><trkpt lat="47.60890260" lon="19.14760000"><ele>167.68</ele><time>2025-10-20T14:12:11.431Z</time></trkpt><trkpt lat="47.60890200" lon="19.14759770"><ele>167.22</ele><time>2025-10-20T14:12:11.613Z</time></trkpt><trkpt lat="47.60890140" lon="19.14759510"><ele>166.71</ele><time>2025-10-20T14:12:11.813Z</time></trkpt><trkpt lat="47.60890090" lon="19.14759250"><ele>166.18</ele><time>2025-10-20T14:12:12.014Z</time></trkpt><trkpt lat="47.60890060" lon="19.14759010"><ele>165.65</ele><time>2025-10-20T14:12:12.220Z</time></trkpt><trkpt lat="47.60890060" lon="19.14758770"><ele>165.12</ele><time>2025-10-20T14:12:12.420Z</time></trkpt><trkpt lat="47.60890060" lon="19.14758530"><ele>164.59</ele><time>2025-10-20T14:12:12.621Z</time></trkpt><trkpt lat="47.60890080" lon="19.14758340"><ele>164.15</ele><time>2025-10-20T14:12:12.802Z</time></trkpt><trkpt lat="47.60890120" lon="19.14758080"><ele>163.59</ele><time>2025-10-20T14:12:13.022Z</time></trkpt><trkpt lat="47.60890190" lon="19.14757820"><ele>163.06</ele><time>2025-10-20T14:12:13.227Z</time></trkpt><trkpt lat="47.60890280" lon="19.14757580"><ele>162.50</ele><time>2025-10-20T14:12:13.428Z</time></trkpt><trkpt lat="47.60890360" lon="19.14757310"><ele>161.93</ele><time>2025-10-20T14:12:13.631Z</time></trkpt><trkpt lat="47.60890440" lon="19.14757060"><ele>161.42</ele><time>2025-10-20T14:12:13.832Z</time></trkpt><trkpt lat="47.60890520" lon="19.14756770"><ele>160.90</ele><time>2025-10-20T14:12:14.032Z</time></trkpt><trkpt lat="47.60890620" lon="19.14756500"><ele>160.41</ele><time>2025-10-20T14:12:14.237Z</time></trkpt><trkpt lat="47.60890740" lon="19.14756190"><ele>159.88</ele><time>2025-10-20T14:12:14.443Z</time></trkpt><trkpt lat="47.60890870" lon="19.14755880"><ele>159.37</ele><time>2025-10-20T14:12:14.644Z</time></trkpt><trkpt lat="47.60890980" lon="19.14755620"><ele>158.96</ele><time>2025-10-20T14:12:14.804Z</time></trkpt><trkpt lat="47.60891130" lon="19.14755230"><ele>158.42</ele><time>2025-10-20T14:12:15.045Z</time></trkpt><trkpt lat="47.60891250" lon="19.14754920"><ele>158.16</ele><time>2025-10-20T14:12:15.234Z</time></trkpt><trkpt lat="47.60891380" lon="19.14754630"><ele>158.09</ele><time>2025-10-20T14:12:15.420Z</time></trkpt><trkpt lat="47.60891530" lon="19.14754330"><ele>158.14</ele><time>2025-10-20T14:12:15.640Z</time></trkpt><trkpt lat="47.60891640" lon="19.14754130"><ele>158.15</ele><time>2025-10-20T14:12:15.821Z</time></trkpt><trkpt lat="47.60891730" lon="19.14753950"><ele>158.12</ele><time>2025-10-20T14:12:16.022Z</time></trkpt><trkpt lat="47.60891800" lon="19.14753810"><ele>158.07</ele><time>2025-10-20T14:12:16.223Z</time></trkpt><trkpt lat="47.60891830" lon="19.14753700"><ele>158.04</ele><time>2025-10-20T14:12:16.424Z</time></trkpt><trkpt lat="47.60891840" lon="19.14753620"><ele>157.99</ele><time>2025-10-20T14:12:16.626Z</time></trkpt><trkpt lat="47.60891840" lon="19.14753570"><ele>157.96</ele><time>2025-10-20T14:12:16.826Z</time></trkpt><trkpt lat="47.60891810" lon="19.14753510"><ele>157.99</ele><time>2025-10-20T14:12:17.028Z</time></trkpt><trkpt lat="47.60891740" lon="19.14753390"><ele>158.08</ele><time>2025-10-20T14:12:17.231Z</time></trkpt><trkpt lat="47.60891590" lon="19.14753130"><ele>158.19</ele><time>2025-10-20T14:12:17.430Z</time></trkpt><trkpt lat="47.60891360" lon="19.14752700"><ele>158.32</ele><time>2025-10-20T14:12:17.631Z</time></trkpt><trkpt lat="47.60891060" lon="19.14752100"><ele>158.46</ele><time>2025-10-20T14:12:17.831Z</time></trkpt><trkpt lat="47.60890660" lon="19.14751330"><ele>158.59</ele><time>2025-10-20T14:12:18.031Z</time></trkpt><trkpt lat="47.60890200" lon="19.14750430"><ele>158.74</ele><time>2025-10-20T14:12:18.235Z</time></trkpt><trkpt lat="47.60889710" lon="19.14749470"><ele>158.89</ele><time>2025-10-20T14:12:18.436Z</time></trkpt><trkpt lat="47.60889220" lon="19.14748440"><ele>159.03</ele><time>2025-10-20T14:12:18.638Z</time></trkpt><trkpt lat="47.60888660" lon="19.14747310"><ele>159.19</ele><time>2025-10-20T14:12:18.839Z</time></trkpt><trkpt lat="47.60888080" lon="19.14746120"><ele>159.34</ele><time>2025-10-20T14:12:19.040Z</time></trkpt><trkpt lat="47.60887450" lon="19.14744870"><ele>159.48</ele><time>2025-10-20T14:12:19.244Z</time></trkpt><trkpt lat="47.60886880" lon="19.14743750"><ele>159.61</ele><time>2025-10-20T14:12:19.424Z</time></trkpt><trkpt lat="47.60886240" lon="19.14742490"><ele>159.77</ele><time>2025-10-20T14:12:19.626Z</time></trkpt><trkpt lat="47.60885610" lon="19.14741220"><ele>159.94</ele><time>2025-10-20T14:12:19.826Z</time></trkpt><trkpt lat="47.60884990" lon="19.14740020"><ele>160.08</ele><time>2025-10-20T14:12:20.029Z</time></trkpt><trkpt lat="47.60884400" lon="19.14738850"><ele>160.23</ele><time>2025-10-20T14:12:20.230Z</time></trkpt><trkpt lat="47.60883770" lon="19.14737600"><ele>160.41</ele><time>2025-10-20T14:12:20.430Z</time></trkpt><trkpt lat="47.60883150" lon="19.14736380"><ele>160.58</ele><time>2025-10-20T14:12:20.631Z</time></trkpt><trkpt lat="47.60882530" lon="19.14735190"><ele>160.75</ele><time>2025-10-20T14:12:20.831Z</time></trkpt><trkpt lat="47.60881960" lon="19.14734090"><ele>160.90</ele><time>2025-10-20T14:12:21.012Z</time></trkpt><trkpt lat="47.60881230" lon="19.14732690"><ele>161.09</ele><time>2025-10-20T14:12:21.241Z</time></trkpt><trkpt lat="47.60880600" lon="19.14731470"><ele>161.27</ele><time>2025-10-20T14:12:21.445Z</time></trkpt><trkpt lat="47.60880050" lon="19.14730390"><ele>161.44</ele><time>2025-10-20T14:12:21.626Z</time></trkpt><trkpt lat="47.60879440" lon="19.14729200"><ele>161.62</ele><time>2025-10-20T14:12:21.827Z</time></trkpt><trkpt lat="47.60878830" lon="19.14728020"><ele>161.79</ele><time>2025-10-20T14:12:22.027Z</time></trkpt><trkpt lat="47.60878260" lon="19.14726890"><ele>161.94</ele><time>2025-10-20T14:12:22.240Z</time></trkpt><trkpt lat="47.60877680" lon="19.14725750"><ele>162.10</ele><time>2025-10-20T14:12:22.441Z</time></trkpt><trkpt lat="47.60877110" lon="19.14724610"><ele>162.29</ele><time>2025-10-20T14:12:22.643Z</time></trkpt><trkpt lat="47.60876550" lon="19.14723490"><ele>162.46</ele><time>2025-10-20T14:12:22.844Z</time></trkpt><trkpt lat="47.60876000" lon="19.14722410"><ele>162.63</ele><time>2025-10-20T14:12:23.045Z</time></trkpt><trkpt lat="47.60875590" lon="19.14721600"><ele>162.77</ele><time>2025-10-20T14:12:23.188Z</time></trkpt><trkpt lat="47.60874890" lon="19.14720220"><ele>162.99</ele><time>2025-10-20T14:12:23.432Z</time></trkpt><trkpt lat="47.60874330" lon="19.14719120"><ele>163.16</ele><time>2025-10-20T14:12:23.633Z</time></trkpt><trkpt lat="47.60873760" lon="19.14718040"><ele>163.35</ele><time>2025-10-20T14:12:23.833Z</time></trkpt><trkpt lat="47.60873190" lon="19.14716960"><ele>163.54</ele><time>2025-10-20T14:12:24.033Z</time></trkpt><trkpt lat="47.60872610" lon="19.14715860"><ele>163.72</ele><time>2025-10-20T14:12:24.237Z</time></trkpt><trkpt lat="47.60872070" lon="19.14714800"><ele>163.91</ele><time>2025-10-20T14:12:24.438Z</time></trkpt><trkpt lat="47.60871500" lon="19.14713700"><ele>164.10</ele><time>2025-10-20T14:12:24.639Z</time></trkpt><trkpt lat="47.60870930" lon="19.14712580"><ele>164.28</ele><time>2025-10-20T14:12:24.841Z</time></trkpt><trkpt lat="47.60870480" lon="19.14711710"><ele>164.43</ele><time>2025-10-20T14:12:25.001Z</time></trkpt><trkpt lat="47.60869870" lon="19.14710540"><ele>164.62</ele><time>2025-10-20T14:12:25.216Z</time></trkpt><trkpt lat="47.60869230" lon="19.14709310"><ele>164.83</ele><time>2025-10-20T14:12:25.440Z</time></trkpt><trkpt lat="47.60868670" lon="19.14708200"><ele>165.01</ele><time>2025-10-20T14:12:25.643Z</time></trkpt><trkpt lat="47.60868110" lon="19.14707070"><ele>165.18</ele><time>2025-10-20T14:12:25.844Z</time></trkpt><trkpt lat="47.60867620" lon="19.14706060"><ele>165.34</ele><time>2025-10-20T14:12:26.026Z</time></trkpt><trkpt lat="47.60867040" lon="19.14704870"><ele>165.52</ele><time>2025-10-20T14:12:26.230Z</time></trkpt><trkpt lat="47.60866460" lon="19.14703680"><ele>165.70</ele><time>2025-10-20T14:12:26.441Z</time></trkpt><trkpt lat="47.60865920" lon="19.14702560"><ele>165.88</ele><time>2025-10-20T14:12:26.642Z</time></trkpt><trkpt lat="47.60865410" lon="19.14701500"><ele>166.04</ele><time>2025-10-20T14:12:26.824Z</time></trkpt><trkpt lat="47.60864790" lon="19.14700210"><ele>166.23</ele><time>2025-10-20T14:12:27.045Z</time></trkpt><trkpt lat="47.60864240" lon="19.14699090"><ele>166.40</ele><time>2025-10-20T14:12:27.238Z</time></trkpt><trkpt lat="47.60863680" lon="19.14697920"><ele>166.60</ele><time>2025-10-20T14:12:27.441Z</time></trkpt><trkpt lat="47.60863120" lon="19.14696760"><ele>166.78</ele><time>2025-10-20T14:12:27.642Z</time></trkpt><trkpt lat="47.60862560" lon="19.14695590"><ele>166.95</ele><time>2025-10-20T14:12:27.845Z</time></trkpt><trkpt lat="47.60862020" lon="19.14694450"><ele>167.12</ele><time>2025-10-20T14:12:28.046Z</time></trkpt><trkpt lat="47.60861530" lon="19.14693410"><ele>167.26</ele><time>2025-10-20T14:12:28.229Z</time></trkpt><trkpt lat="47.60860980" lon="19.14692230"><ele>167.42</ele><time>2025-10-20T14:12:28.433Z</time></trkpt><trkpt lat="47.60860450" lon="19.14691090"><ele>167.58</ele><time>2025-10-20T14:12:28.634Z</time></trkpt><trkpt lat="47.60859980" lon="19.14690070"><ele>167.74</ele><time>2025-10-20T14:12:28.815Z</time></trkpt><trkpt lat="47.60859380" lon="19.14688790"><ele>167.93</ele><time>2025-10-20T14:12:29.039Z</time></trkpt><trkpt lat="47.60858830" lon="19.14687650"><ele>168.10</ele><time>2025-10-20T14:12:29.241Z</time></trkpt><trkpt lat="47.60858320" lon="19.14686640"><ele>168.25</ele><time>2025-10-20T14:12:29.444Z</time></trkpt><trkpt lat="47.60857770" lon="19.14685540"><ele>168.41</ele><time>2025-10-20T14:12:29.645Z</time></trkpt><trkpt lat="47.60857380" lon="19.14684760"><ele>168.52</ele><time>2025-10-20T14:12:29.785Z</time></trkpt><trkpt lat="47.60856710" lon="19.14683470"><ele>168.71</ele><time>2025-10-20T14:12:30.029Z</time></trkpt><trkpt lat="47.60856200" lon="19.14682480"><ele>168.86</ele><time>2025-10-20T14:12:30.222Z</time></trkpt><trkpt lat="47.60855640" lon="19.14681370"><ele>169.01</ele><time>2025-10-20T14:12:30.433Z</time></trkpt><trkpt lat="47.60855090" lon="19.14680290"><ele>169.17</ele><time>2025-10-20T14:12:30.635Z</time></trkpt><trkpt lat="47.60854560" lon="19.14679230"><ele>169.33</ele><time>2025-10-20T14:12:30.836Z</time></trkpt><trkpt lat="47.60854010" lon="19.14678140"><ele>169.50</ele><time>2025-10-20T14:12:31.039Z</time></trkpt><trkpt lat="47.60853470" lon="19.14677050"><ele>169.68</ele><time>2025-10-20T14:12:31.240Z</time></trkpt><trkpt lat="47.60852940" lon="19.14675990"><ele>169.86</ele><time>2025-10-20T14:12:31.441Z</time></trkpt><trkpt lat="47.60852430" lon="19.14674960"><ele>170.04</ele><time>2025-10-20T14:12:31.642Z</time></trkpt><trkpt lat="47.60851890" lon="19.14673880"><ele>170.22</ele><time>2025-10-20T14:12:31.843Z</time></trkpt><trkpt lat="47.60851340" lon="19.14672770"><ele>170.40</ele><time>2025-10-20T14:12:32.045Z</time></trkpt><trkpt lat="47.60850800" lon="19.14671660"><ele>170.57</ele><time>2025-10-20T14:12:32.247Z</time></trkpt><trkpt lat="47.60850320" lon="19.14670680"><ele>170.73</ele><time>2025-10-20T14:12:32.427Z</time></trkpt><trkpt lat="47.60849730" lon="19.14669410"><ele>170.93</ele><time>2025-10-20T14:12:32.650Z</time></trkpt><trkpt lat="47.60849180" lon="19.14668230"><ele>171.12</ele><time>2025-10-20T14:12:32.851Z</time></trkpt><trkpt lat="47.60848680" lon="19.14667170"><ele>171.29</ele><time>2025-10-20T14:12:33.031Z</time></trkpt><trkpt lat="47.60848150" lon="19.14666040"><ele>171.47</ele><time>2025-10-20T14:12:33.224Z</time></trkpt><trkpt lat="47.60847540" lon="19.14664730"><ele>171.66</ele><time>2025-10-20T14:12:33.445Z</time></trkpt><trkpt lat="47.60846960" lon="19.14663530"><ele>171.84</ele><time>2025-10-20T14:12:33.647Z</time></trkpt><trkpt lat="47.60846390" lon="19.14662340"><ele>172.02</ele><time>2025-10-20T14:12:33.848Z</time></trkpt><trkpt lat="47.60845820" lon="19.14661180"><ele>172.20</ele><time>2025-10-20T14:12:34.049Z</time></trkpt><trkpt lat="47.60845300" lon="19.14660130"><ele>172.36</ele><time>2025-10-20T14:12:34.230Z</time></trkpt><trkpt lat="47.60844670" lon="19.14658860"><ele>172.56</ele><time>2025-10-20T14:12:34.453Z</time></trkpt><trkpt lat="47.60844100" lon="19.14657730"><ele>172.74</ele><time>2025-10-20T14:12:34.653Z</time></trkpt><trkpt lat="47.60843530" lon="19.14656560"><ele>172.92</ele><time>2025-10-20T14:12:34.854Z</time></trkpt><trkpt lat="47.60842940" lon="19.14655350"><ele>173.10</ele><time>2025-10-20T14:12:35.054Z</time></trkpt><trkpt lat="47.60842460" lon="19.14654310"><ele>173.27</ele><time>2025-10-20T14:12:35.234Z</time></trkpt><trkpt lat="47.60841840" lon="19.14652990"><ele>173.49</ele><time>2025-10-20T14:12:35.456Z</time></trkpt><trkpt lat="47.60841260" lon="19.14651760"><ele>173.68</ele><time>2025-10-20T14:12:35.656Z</time></trkpt><trkpt lat="47.60840700" lon="19.14650530"><ele>173.86</ele><time>2025-10-20T14:12:35.855Z</time></trkpt><trkpt lat="47.60840140" lon="19.14649310"><ele>174.03</ele><time>2025-10-20T14:12:36.056Z</time></trkpt><trkpt lat="47.60839670" lon="19.14648270"><ele>174.17</ele><time>2025-10-20T14:12:36.222Z</time></trkpt><trkpt lat="47.60839030" lon="19.14646890"><ele>174.37</ele><time>2025-10-20T14:12:36.449Z</time></trkpt><trkpt lat="47.60838470" lon="19.14645710"><ele>174.55</ele><time>2025-10-20T14:12:36.660Z</time></trkpt><trkpt lat="47.60837930" lon="19.14644550"><ele>174.72</ele><time>2025-10-20T14:12:36.861Z</time></trkpt><trkpt lat="47.60837420" lon="19.14643500"><ele>174.89</ele><time>2025-10-20T14:12:37.042Z</time></trkpt><trkpt lat="47.60836830" lon="19.14642320"><ele>175.06</ele><time>2025-10-20T14:12:37.246Z</time></trkpt><trkpt lat="47.60836380" lon="19.14641420"><ele>175.20</ele><time>2025-10-20T14:12:37.407Z</time></trkpt><trkpt lat="47.60835780" lon="19.14640200"><ele>175.39</ele><time>2025-10-20T14:12:37.630Z</time></trkpt><trkpt lat="47.60835180" lon="19.14638990"><ele>175.60</ele><time>2025-10-20T14:12:37.851Z</time></trkpt><trkpt lat="47.60834640" lon="19.14637890"><ele>175.76</ele><time>2025-10-20T14:12:38.051Z</time></trkpt><trkpt lat="47.60834070" lon="19.14636770"><ele>175.95</ele><time>2025-10-20T14:12:38.262Z</time></trkpt><trkpt lat="47.60833580" lon="19.14635810"><ele>176.10</ele><time>2025-10-20T14:12:38.445Z</time></trkpt><trkpt lat="47.60833030" lon="19.14634750"><ele>176.28</ele><time>2025-10-20T14:12:38.647Z</time></trkpt><trkpt lat="47.60832540" lon="19.14633810"><ele>176.44</ele><time>2025-10-20T14:12:38.827Z</time></trkpt><trkpt lat="47.60831960" lon="19.14632720"><ele>176.63</ele><time>2025-10-20T14:12:39.050Z</time></trkpt><trkpt lat="47.60831370" lon="19.14631610"><ele>176.82</ele><time>2025-10-20T14:12:39.261Z</time></trkpt><trkpt lat="47.60830920" lon="19.14630750"><ele>176.96</ele><time>2025-10-20T14:12:39.422Z</time></trkpt><trkpt lat="47.60830300" lon="19.14629570"><ele>177.16</ele><time>2025-10-20T14:12:39.644Z</time></trkpt><trkpt lat="47.60829780" lon="19.14628520"><ele>177.33</ele><time>2025-10-20T14:12:39.844Z</time></trkpt><trkpt lat="47.60829250" lon="19.14627440"><ele>177.47</ele><time>2025-10-20T14:12:40.046Z</time></trkpt><trkpt lat="47.60828800" lon="19.14626500"><ele>177.56</ele><time>2025-10-20T14:12:40.230Z</time></trkpt><trkpt lat="47.60828320" lon="19.14625520"><ele>177.64</ele><time>2025-10-20T14:12:40.451Z</time></trkpt><trkpt lat="47.60827940" lon="19.14624790"><ele>177.66</ele><time>2025-10-20T14:12:40.652Z</time></trkpt><trkpt lat="47.60827670" lon="19.14624240"><ele>177.66</ele><time>2025-10-20T14:12:40.838Z</time></trkpt><trkpt lat="47.60827450" lon="19.14623790"><ele>177.66</ele><time>2025-10-20T14:12:41.059Z</time></trkpt><trkpt lat="47.60827320" lon="19.14623520"><ele>177.66</ele><time>2025-10-20T14:12:41.263Z</time></trkpt><trkpt lat="47.60827260" lon="19.14623380"><ele>177.67</ele><time>2025-10-20T14:12:41.445Z</time></trkpt><trkpt lat="47.60827220" lon="19.14623310"><ele>177.68</ele><time>2025-10-20T14:12:41.647Z</time></trkpt><trkpt lat="47.60827220" lon="19.14623330"><ele>177.70</ele><time>2025-10-20T14:12:41.847Z</time></trkpt><trkpt lat="47.60827250" lon="19.14623420"><ele>177.71</ele><time>2025-10-20T14:12:42.048Z</time></trkpt><trkpt lat="47.60827280" lon="19.14623550"><ele>177.67</ele><time>2025-10-20T14:12:42.249Z</time></trkpt><trkpt lat="47.60827340" lon="19.14623700"><ele>177.53</ele><time>2025-10-20T14:12:42.450Z</time></trkpt><trkpt lat="47.60827430" lon="19.14623850"><ele>177.29</ele><time>2025-10-20T14:12:42.650Z</time></trkpt><trkpt lat="47.60827560" lon="19.14623980"><ele>176.96</ele><time>2025-10-20T14:12:42.852Z</time></trkpt><trkpt lat="47.60827750" lon="19.14624110"><ele>176.51</ele><time>2025-10-20T14:12:43.071Z</time></trkpt><trkpt lat="47.60827930" lon="19.14624190"><ele>176.06</ele><time>2025-10-20T14:12:43.253Z</time></trkpt><trkpt lat="47.60828150" lon="19.14624250"><ele>175.55</ele><time>2025-10-20T14:12:43.453Z</time></trkpt><trkpt lat="47.60828410" lon="19.14624270"><ele>175.02</ele><time>2025-10-20T14:12:43.653Z</time></trkpt><trkpt lat="47.60828710" lon="19.14624230"><ele>174.50</ele><time>2025-10-20T14:12:43.855Z</time></trkpt><trkpt lat="47.60829060" lon="19.14624130"><ele>174.00</ele><time>2025-10-20T14:12:44.056Z</time></trkpt><trkpt lat="47.60829440" lon="19.14623990"><ele>173.51</ele><time>2025-10-20T14:12:44.258Z</time></trkpt><trkpt lat="47.60829840" lon="19.14623830"><ele>173.03</ele><time>2025-10-20T14:12:44.461Z</time></trkpt><trkpt lat="47.60830200" lon="19.14623660"><ele>172.60</ele><time>2025-10-20T14:12:44.642Z</time></trkpt><trkpt lat="47.60830640" lon="19.14623420"><ele>172.09</ele><time>2025-10-20T14:12:44.863Z</time></trkpt><trkpt lat="47.60831010" lon="19.14623180"><ele>171.64</ele><time>2025-10-20T14:12:45.064Z</time></trkpt><trkpt lat="47.60831400" lon="19.14622890"><ele>171.15</ele><time>2025-10-20T14:12:45.266Z</time></trkpt><trkpt lat="47.60831780" lon="19.14622580"><ele>170.65</ele><time>2025-10-20T14:12:45.467Z</time></trkpt><trkpt lat="47.60832110" lon="19.14622270"><ele>170.20</ele><time>2025-10-20T14:12:45.667Z</time></trkpt><trkpt lat="47.60832430" lon="19.14621970"><ele>169.75</ele><time>2025-10-20T14:12:45.849Z</time></trkpt><trkpt lat="47.60832800" lon="19.14621580"><ele>169.19</ele><time>2025-10-20T14:12:46.070Z</time></trkpt><trkpt lat="47.60833130" lon="19.14621200"><ele>168.67</ele><time>2025-10-20T14:12:46.272Z</time></trkpt><trkpt lat="47.60833450" lon="19.14620820"><ele>168.17</ele><time>2025-10-20T14:12:46.472Z</time></trkpt><trkpt lat="47.60833770" lon="19.14620440"><ele>167.66</ele><time>2025-10-20T14:12:46.672Z</time></trkpt><trkpt lat="47.60834070" lon="19.14620060"><ele>167.16</ele><time>2025-10-20T14:12:46.872Z</time></trkpt><trkpt lat="47.60834360" lon="19.14619690"><ele>166.67</ele><time>2025-10-20T14:12:47.073Z</time></trkpt><trkpt lat="47.60834640" lon="19.14619320"><ele>166.19</ele><time>2025-10-20T14:12:47.264Z</time></trkpt><trkpt lat="47.60834910" lon="19.14618940"><ele>165.69</ele><time>2025-10-20T14:12:47.467Z</time></trkpt><trkpt lat="47.60835180" lon="19.14618560"><ele>165.19</ele><time>2025-10-20T14:12:47.668Z</time></trkpt><trkpt lat="47.60835440" lon="19.14618200"><ele>164.69</ele><time>2025-10-20T14:12:47.870Z</time></trkpt><trkpt lat="47.60835690" lon="19.14617830"><ele>164.20</ele><time>2025-10-20T14:12:48.073Z</time></trkpt><trkpt lat="47.60835920" lon="19.14617490"><ele>163.75</ele><time>2025-10-20T14:12:48.257Z</time></trkpt><trkpt lat="47.60836170" lon="19.14617130"><ele>163.26</ele><time>2025-10-20T14:12:48.459Z</time></trkpt><trkpt lat="47.60836410" lon="19.14616790"><ele>162.76</ele><time>2025-10-20T14:12:48.660Z</time></trkpt><trkpt lat="47.60836600" lon="19.14616520"><ele>162.35</ele><time>2025-10-20T14:12:48.820Z</time></trkpt><trkpt lat="47.60836880" lon="19.14616150"><ele>161.76</ele><time>2025-10-20T14:12:49.061Z</time></trkpt><trkpt lat="47.60837110" lon="19.14615840"><ele>161.26</ele><time>2025-10-20T14:12:49.267Z</time></trkpt><trkpt lat="47.60837280" lon="19.14615600"><ele>160.87</ele><time>2025-10-20T14:12:49.428Z</time></trkpt><trkpt lat="47.60837520" lon="19.14615230"><ele>160.29</ele><time>2025-10-20T14:12:49.669Z</time></trkpt><trkpt lat="47.60837720" lon="19.14614930"><ele>159.95</ele><time>2025-10-20T14:12:49.873Z</time></trkpt><trkpt lat="47.60837880" lon="19.14614720"><ele>159.83</ele><time>2025-10-20T14:12:50.044Z</time></trkpt><trkpt lat="47.60838040" lon="19.14614500"><ele>159.75</ele><time>2025-10-20T14:12:50.258Z</time></trkpt><trkpt lat="47.60838160" lon="19.14614320"><ele>159.65</ele><time>2025-10-20T14:12:50.460Z</time></trkpt><trkpt lat="47.60838240" lon="19.14614200"><ele>159.52</ele><time>2025-10-20T14:12:50.662Z</time></trkpt><trkpt lat="47.60838280" lon="19.14614120"><ele>159.41</ele><time>2025-10-20T14:12:50.842Z</time></trkpt><trkpt lat="47.60838310" lon="19.14614040"><ele>159.29</ele><time>2025-10-20T14:12:51.043Z</time></trkpt><trkpt lat="47.60838340" lon="19.14613950"><ele>159.17</ele><time>2025-10-20T14:12:51.266Z</time></trkpt><trkpt lat="47.60838360" lon="19.14613880"><ele>159.09</ele><time>2025-10-20T14:12:51.467Z</time></trkpt><trkpt lat="47.60838390" lon="19.14613840"><ele>159.05</ele><time>2025-10-20T14:12:51.668Z</time></trkpt><trkpt lat="47.60838440" lon="19.14613910"><ele>159.06</ele><time>2025-10-20T14:12:51.870Z</time></trkpt><trkpt lat="47.60838540" lon="19.14614130"><ele>159.12</ele><time>2025-10-20T14:12:52.071Z</time></trkpt><trkpt lat="47.60838720" lon="19.14614540"><ele>159.23</ele><time>2025-10-20T14:12:52.272Z</time></trkpt><trkpt lat="47.60839000" lon="19.14615220"><ele>159.40</ele><time>2025-10-20T14:12:52.477Z</time></trkpt><trkpt lat="47.60839350" lon="19.14616080"><ele>159.56</ele><time>2025-10-20T14:12:52.660Z</time></trkpt><trkpt lat="47.60839790" lon="19.14617140"><ele>159.72</ele><time>2025-10-20T14:12:52.841Z</time></trkpt><trkpt lat="47.60840360" lon="19.14618570"><ele>159.90</ele><time>2025-10-20T14:12:53.063Z</time></trkpt><trkpt lat="47.60840950" lon="19.14620020"><ele>160.07</ele><time>2025-10-20T14:12:53.270Z</time></trkpt><trkpt lat="47.60841610" lon="19.14621600"><ele>160.25</ele><time>2025-10-20T14:12:53.473Z</time></trkpt><trkpt lat="47.60842320" lon="19.14623290"><ele>160.43</ele><time>2025-10-20T14:12:53.675Z</time></trkpt><trkpt lat="47.60842950" lon="19.14624770"><ele>160.58</ele><time>2025-10-20T14:12:53.857Z</time></trkpt><trkpt lat="47.60843720" lon="19.14626500"><ele>160.77</ele><time>2025-10-20T14:12:54.060Z</time></trkpt><trkpt lat="47.60844560" lon="19.14628340"><ele>160.97</ele><time>2025-10-20T14:12:54.266Z</time></trkpt><trkpt lat="47.60845360" lon="19.14630090"><ele>161.17</ele><time>2025-10-20T14:12:54.468Z</time></trkpt><trkpt lat="47.60846140" lon="19.14631810"><ele>161.37</ele><time>2025-10-20T14:12:54.670Z</time></trkpt><trkpt lat="47.60846930" lon="19.14633520"><ele>161.57</ele><time>2025-10-20T14:12:54.874Z</time></trkpt><trkpt lat="47.60847820" lon="19.14635360"><ele>161.81</ele><time>2025-10-20T14:12:55.076Z</time></trkpt><trkpt lat="47.60848620" lon="19.14636990"><ele>162.03</ele><time>2025-10-20T14:12:55.259Z</time></trkpt><trkpt lat="47.60849490" lon="19.14638720"><ele>162.27</ele><time>2025-10-20T14:12:55.462Z</time></trkpt><trkpt lat="47.60850420" lon="19.14640540"><ele>162.51</ele><time>2025-10-20T14:12:55.664Z</time></trkpt><trkpt lat="47.60851370" lon="19.14642370"><ele>162.77</ele><time>2025-10-20T14:12:55.865Z</time></trkpt><trkpt lat="47.60852130" lon="19.14643820"><ele>162.98</ele><time>2025-10-20T14:12:56.028Z</time></trkpt><trkpt lat="47.60853250" lon="19.14645940"><ele>163.28</ele><time>2025-10-20T14:12:56.273Z</time></trkpt><trkpt lat="47.60854030" lon="19.14647400"><ele>163.48</ele><time>2025-10-20T14:12:56.436Z</time></trkpt><trkpt lat="47.60854990" lon="19.14649210"><ele>163.75</ele><time>2025-10-20T14:12:56.637Z</time></trkpt><trkpt lat="47.60856010" lon="19.14651140"><ele>164.05</ele><time>2025-10-20T14:12:56.862Z</time></trkpt><trkpt lat="47.60856810" lon="19.14652660"><ele>164.29</ele><time>2025-10-20T14:12:57.043Z</time></trkpt><trkpt lat="47.60857810" lon="19.14654580"><ele>164.59</ele><time>2025-10-20T14:12:57.253Z</time></trkpt><trkpt lat="47.60858750" lon="19.14656420"><ele>164.89</ele><time>2025-10-20T14:12:57.456Z</time></trkpt><trkpt lat="47.60859760" lon="19.14658370"><ele>165.21</ele><time>2025-10-20T14:12:57.678Z</time></trkpt><trkpt lat="47.60860580" lon="19.14660000"><ele>165.47</ele><time>2025-10-20T14:12:57.858Z</time></trkpt><trkpt lat="47.60861510" lon="19.14661820"><ele>165.75</ele><time>2025-10-20T14:12:58.059Z</time></trkpt><trkpt lat="47.60862470" lon="19.14663710"><ele>166.06</ele><time>2025-10-20T14:12:58.280Z</time></trkpt><trkpt lat="47.60863190" lon="19.14665080"><ele>166.28</ele><time>2025-10-20T14:12:58.442Z</time></trkpt><trkpt lat="47.60864130" lon="19.14666910"><ele>166.59</ele><time>2025-10-20T14:12:58.662Z</time></trkpt><trkpt lat="47.60865040" lon="19.14668660"><ele>166.88</ele><time>2025-10-20T14:12:58.862Z</time></trkpt><trkpt lat="47.60865900" lon="19.14670340"><ele>167.15</ele><time>2025-10-20T14:12:59.063Z</time></trkpt><trkpt lat="47.60866840" lon="19.14672200"><ele>167.44</ele><time>2025-10-20T14:12:59.271Z</time></trkpt><trkpt lat="47.60867740" lon="19.14673990"><ele>167.72</ele><time>2025-10-20T14:12:59.473Z</time></trkpt><trkpt lat="47.60868630" lon="19.14675760"><ele>167.99</ele><time>2025-10-20T14:12:59.674Z</time></trkpt><trkpt lat="47.60869530" lon="19.14677540"><ele>168.28</ele><time>2025-10-20T14:12:59.876Z</time></trkpt><trkpt lat="47.60870420" lon="19.14679320"><ele>168.57</ele><time>2025-10-20T14:13:00.077Z</time></trkpt><trkpt lat="47.60871290" lon="19.14681030"><ele>168.83</ele><time>2025-10-20T14:13:00.273Z</time></trkpt><trkpt lat="47.60872160" lon="19.14682750"><ele>169.12</ele><time>2025-10-20T14:13:00.473Z</time></trkpt><trkpt lat="47.60873040" lon="19.14684490"><ele>169.40</ele><time>2025-10-20T14:13:00.674Z</time></trkpt><trkpt lat="47.60873920" lon="19.14686260"><ele>169.70</ele><time>2025-10-20T14:13:00.878Z</time></trkpt><trkpt lat="47.60874770" lon="19.14687990"><ele>169.99</ele><time>2025-10-20T14:13:01.079Z</time></trkpt><trkpt lat="47.60875590" lon="19.14689660"><ele>170.26</ele><time>2025-10-20T14:13:01.280Z</time></trkpt><trkpt lat="47.60876440" lon="19.14691400"><ele>170.53</ele><time>2025-10-20T14:13:01.487Z</time></trkpt><trkpt lat="47.60877250" lon="19.14693090"><ele>170.77</ele><time>2025-10-20T14:13:01.683Z</time></trkpt><trkpt lat="47.60878080" lon="19.14694800"><ele>171.02</ele><time>2025-10-20T14:13:01.884Z</time></trkpt><trkpt lat="47.60878910" lon="19.14696510"><ele>171.29</ele><time>2025-10-20T14:13:02.084Z</time></trkpt><trkpt lat="47.60879590" lon="19.14697930"><ele>171.49</ele><time>2025-10-20T14:13:02.247Z</time></trkpt><trkpt lat="47.60880450" lon="19.14699690"><ele>171.75</ele><time>2025-10-20T14:13:02.448Z</time></trkpt><trkpt lat="47.60881500" lon="19.14701740"><ele>172.08</ele><time>2025-10-20T14:13:02.688Z</time></trkpt><trkpt lat="47.60882270" lon="19.14703240"><ele>172.32</ele><time>2025-10-20T14:13:02.869Z</time></trkpt><trkpt lat="47.60883140" lon="19.14704900"><ele>172.59</ele><time>2025-10-20T14:13:03.069Z</time></trkpt><trkpt lat="47.60884060" lon="19.14706740"><ele>172.89</ele><time>2025-10-20T14:13:03.283Z</time></trkpt><trkpt lat="47.60884910" lon="19.14708480"><ele>173.17</ele><time>2025-10-20T14:13:03.484Z</time></trkpt><trkpt lat="47.60885680" lon="19.14710070"><ele>173.43</ele><time>2025-10-20T14:13:03.685Z</time></trkpt><trkpt lat="47.60886440" lon="19.14711680"><ele>173.69</ele><time>2025-10-20T14:13:03.866Z</time></trkpt><trkpt lat="47.60887280" lon="19.14713480"><ele>174.00</ele><time>2025-10-20T14:13:04.067Z</time></trkpt><trkpt lat="47.60888170" lon="19.14715350"><ele>174.29</ele><time>2025-10-20T14:13:04.291Z</time></trkpt><trkpt lat="47.60888980" lon="19.14717020"><ele>174.56</ele><time>2025-10-20T14:13:04.492Z</time></trkpt><trkpt lat="47.60889820" lon="19.14718720"><ele>174.83</ele><time>2025-10-20T14:13:04.693Z</time></trkpt><trkpt lat="47.60890680" lon="19.14720440"><ele>175.10</ele><time>2025-10-20T14:13:04.894Z</time></trkpt><trkpt lat="47.60891410" lon="19.14721890"><ele>175.39</ele><time>2025-10-20T14:13:05.074Z</time></trkpt><trkpt lat="47.60892380" lon="19.14723850"><ele>175.73</ele><time>2025-10-20T14:13:05.298Z</time></trkpt><trkpt lat="47.60893270" lon="19.14725590"><ele>175.98</ele><time>2025-10-20T14:13:05.499Z</time></trkpt><trkpt lat="47.60894140" lon="19.14727310"><ele>176.21</ele><time>2025-10-20T14:13:05.700Z</time></trkpt><trkpt lat="47.60894990" lon="19.14729020"><ele>176.42</ele><time>2025-10-20T14:13:05.902Z</time></trkpt><trkpt lat="47.60895710" lon="19.14730470"><ele>176.59</ele><time>2025-10-20T14:13:06.082Z</time></trkpt><trkpt lat="47.60896540" lon="19.14732180"><ele>176.81</ele><time>2025-10-20T14:13:06.297Z</time></trkpt><trkpt lat="47.60897270" lon="19.14733680"><ele>176.95</ele><time>2025-10-20T14:13:06.501Z</time></trkpt><trkpt lat="47.60897980" lon="19.14735140"><ele>176.97</ele><time>2025-10-20T14:13:06.703Z</time></trkpt><trkpt lat="47.60898650" lon="19.14736520"><ele>176.83</ele><time>2025-10-20T14:13:06.904Z</time></trkpt><trkpt lat="47.60899280" lon="19.14737830"><ele>176.61</ele><time>2025-10-20T14:13:07.104Z</time></trkpt><trkpt lat="47.60899760" lon="19.14738820"><ele>176.40</ele><time>2025-10-20T14:13:07.272Z</time></trkpt><trkpt lat="47.60900300" lon="19.14739970"><ele>176.09</ele><time>2025-10-20T14:13:07.472Z</time></trkpt><trkpt lat="47.60900780" lon="19.14740960"><ele>175.79</ele><time>2025-10-20T14:13:07.655Z</time></trkpt><trkpt lat="47.60901360" lon="19.14742140"><ele>175.34</ele><time>2025-10-20T14:13:07.896Z</time></trkpt><trkpt lat="47.60901800" lon="19.14743060"><ele>174.95</ele><time>2025-10-20T14:13:08.096Z</time></trkpt><trkpt lat="47.60902170" lon="19.14743840"><ele>174.57</ele><time>2025-10-20T14:13:08.276Z</time></trkpt><trkpt lat="47.60902600" lon="19.14744720"><ele>174.08</ele><time>2025-10-20T14:13:08.497Z</time></trkpt><trkpt lat="47.60902950" lon="19.14745450"><ele>173.60</ele><time>2025-10-20T14:13:08.697Z</time></trkpt><trkpt lat="47.60903210" lon="19.14746010"><ele>173.20</ele><time>2025-10-20T14:13:08.877Z</time></trkpt><trkpt lat="47.60903490" lon="19.14746620"><ele>172.70</ele><time>2025-10-20T14:13:09.079Z</time></trkpt><trkpt lat="47.60903760" lon="19.14747210"><ele>172.15</ele><time>2025-10-20T14:13:09.292Z</time></trkpt><trkpt lat="47.60903980" lon="19.14747720"><ele>171.65</ele><time>2025-10-20T14:13:09.493Z</time></trkpt><trkpt lat="47.60904180" lon="19.14748180"><ele>171.15</ele><time>2025-10-20T14:13:09.694Z</time></trkpt><trkpt lat="47.60904380" lon="19.14748650"><ele>170.63</ele><time>2025-10-20T14:13:09.897Z</time></trkpt><trkpt lat="47.60904590" lon="19.14749120"><ele>170.13</ele><time>2025-10-20T14:13:10.101Z</time></trkpt><trkpt lat="47.60904770" lon="19.14749540"><ele>169.65</ele><time>2025-10-20T14:13:10.294Z</time></trkpt><trkpt lat="47.60904950" lon="19.14749970"><ele>169.14</ele><time>2025-10-20T14:13:10.497Z</time></trkpt><trkpt lat="47.60905120" lon="19.14750390"><ele>168.64</ele><time>2025-10-20T14:13:10.700Z</time></trkpt><trkpt lat="47.60905300" lon="19.14750800"><ele>168.15</ele><time>2025-10-20T14:13:10.903Z</time></trkpt><trkpt lat="47.60905460" lon="19.14751180"><ele>167.69</ele><time>2025-10-20T14:13:11.102Z</time></trkpt><trkpt lat="47.60905610" lon="19.14751510"><ele>167.25</ele><time>2025-10-20T14:13:11.290Z</time></trkpt><trkpt lat="47.60905750" lon="19.14751850"><ele>166.80</ele><time>2025-10-20T14:13:11.471Z</time></trkpt><trkpt lat="47.60905900" lon="19.14752210"><ele>166.33</ele><time>2025-10-20T14:13:11.671Z</time></trkpt><trkpt lat="47.60906060" lon="19.14752610"><ele>165.78</ele><time>2025-10-20T14:13:11.893Z</time></trkpt><trkpt lat="47.60906200" lon="19.14753000"><ele>165.28</ele><time>2025-10-20T14:13:12.093Z</time></trkpt><trkpt lat="47.60906350" lon="19.14753420"><ele>164.76</ele><time>2025-10-20T14:13:12.308Z</time></trkpt><trkpt lat="47.60906470" lon="19.14753770"><ele>164.34</ele><time>2025-10-20T14:13:12.491Z</time></trkpt><trkpt lat="47.60906590" lon="19.14754140"><ele>163.90</ele><time>2025-10-20T14:13:12.691Z</time></trkpt><trkpt lat="47.60906710" lon="19.14754530"><ele>163.41</ele><time>2025-10-20T14:13:12.899Z</time></trkpt><trkpt lat="47.60906840" lon="19.14754910"><ele>162.92</ele><time>2025-10-20T14:13:13.094Z</time></trkpt><trkpt lat="47.60906970" lon="19.14755300"><ele>162.43</ele><time>2025-10-20T14:13:13.301Z</time></trkpt><trkpt lat="47.60907130" lon="19.14755710"><ele>161.91</ele><time>2025-10-20T14:13:13.504Z</time></trkpt><trkpt lat="47.60907270" lon="19.14756050"><ele>161.47</ele><time>2025-10-20T14:13:13.678Z</time></trkpt><trkpt lat="47.60907450" lon="19.14756470"><ele>160.94</ele><time>2025-10-20T14:13:13.888Z</time></trkpt><trkpt lat="47.60907610" lon="19.14756850"><ele>160.46</ele><time>2025-10-20T14:13:14.090Z</time></trkpt><trkpt lat="47.60907810" lon="19.14757250"><ele>160.04</ele><time>2025-10-20T14:13:14.304Z</time></trkpt><trkpt lat="47.60908010" lon="19.14757550"><ele>159.86</ele><time>2025-10-20T14:13:14.509Z</time></trkpt><trkpt lat="47.60908170" lon="19.14757750"><ele>159.77</ele><time>2025-10-20T14:13:14.693Z</time></trkpt><trkpt lat="47.60908340" lon="19.14757930"><ele>159.68</ele><time>2025-10-20T14:13:14.914Z</time></trkpt><trkpt lat="47.60908480" lon="19.14758080"><ele>159.56</ele><time>2025-10-20T14:13:15.097Z</time></trkpt><trkpt lat="47.60908600" lon="19.14758240"><ele>159.39</ele><time>2025-10-20T14:13:15.308Z</time></trkpt><trkpt lat="47.60908680" lon="19.14758360"><ele>159.27</ele><time>2025-10-20T14:13:15.510Z</time></trkpt><trkpt lat="47.60908740" lon="19.14758450"><ele>159.16</ele><time>2025-10-20T14:13:15.712Z</time></trkpt><trkpt lat="47.60908770" lon="19.14758520"><ele>159.07</ele><time>2025-10-20T14:13:15.913Z</time></trkpt><trkpt lat="47.60908800" lon="19.14758540"><ele>159.01</ele><time>2025-10-20T14:13:16.114Z</time></trkpt><trkpt lat="47.60908810" lon="19.14758480"><ele>159.00</ele><time>2025-10-20T14:13:16.318Z</time></trkpt><trkpt lat="47.60908760" lon="19.14758300"><ele>159.03</ele><time>2025-10-20T14:13:16.519Z</time></trkpt><trkpt lat="47.60908620" lon="19.14757940"><ele>159.11</ele><time>2025-10-20T14:13:16.720Z</time></trkpt><trkpt lat="47.60908400" lon="19.14757360"><ele>159.24</ele><time>2025-10-20T14:13:16.920Z</time></trkpt><trkpt lat="47.60908070" lon="19.14756580"><ele>159.42</ele><time>2025-10-20T14:13:17.120Z</time></trkpt><trkpt lat="47.60907570" lon="19.14755440"><ele>159.65</ele><time>2025-10-20T14:13:17.335Z</time></trkpt><trkpt lat="47.60907060" lon="19.14754280"><ele>159.82</ele><time>2025-10-20T14:13:17.518Z</time></trkpt><trkpt lat="47.60906420" lon="19.14752840"><ele>160.00</ele><time>2025-10-20T14:13:17.719Z</time></trkpt><trkpt lat="47.60905740" lon="19.14751290"><ele>160.17</ele><time>2025-10-20T14:13:17.922Z</time></trkpt><trkpt lat="47.60905010" lon="19.14749670"><ele>160.36</ele><time>2025-10-20T14:13:18.124Z</time></trkpt><trkpt lat="47.60904230" lon="19.14747930"><ele>160.55</ele><time>2025-10-20T14:13:18.326Z</time></trkpt><trkpt lat="47.60903430" lon="19.14746180"><ele>160.75</ele><time>2025-10-20T14:13:18.528Z</time></trkpt><trkpt lat="47.60902630" lon="19.14744440"><ele>160.96</ele><time>2025-10-20T14:13:18.730Z</time></trkpt><trkpt lat="47.60901870" lon="19.14742800"><ele>161.14</ele><time>2025-10-20T14:13:18.912Z</time></trkpt><trkpt lat="47.60900990" lon="19.14740950"><ele>161.35</ele><time>2025-10-20T14:13:19.113Z</time></trkpt><trkpt lat="47.60900090" lon="19.14739070"><ele>161.57</ele><time>2025-10-20T14:13:19.319Z</time></trkpt><trkpt lat="47.60899190" lon="19.14737200"><ele>161.80</ele><time>2025-10-20T14:13:19.521Z</time></trkpt><trkpt lat="47.60898290" lon="19.14735340"><ele>162.07</ele><time>2025-10-20T14:13:19.721Z</time></trkpt><trkpt lat="47.60897370" lon="19.14733460"><ele>162.33</ele><time>2025-10-20T14:13:19.925Z</time></trkpt><trkpt lat="47.60896480" lon="19.14731680"><ele>162.55</ele><time>2025-10-20T14:13:20.126Z</time></trkpt><trkpt lat="47.60895600" lon="19.14729900"><ele>162.77</ele><time>2025-10-20T14:13:20.326Z</time></trkpt><trkpt lat="47.60894680" lon="19.14728080"><ele>163.01</ele><time>2025-10-20T14:13:20.528Z</time></trkpt><trkpt lat="47.60893760" lon="19.14726270"><ele>163.25</ele><time>2025-10-20T14:13:20.729Z</time></trkpt><trkpt lat="47.60892880" lon="19.14724580"><ele>163.50</ele><time>2025-10-20T14:13:20.930Z</time></trkpt><trkpt lat="47.60891960" lon="19.14722790"><ele>163.77</ele><time>2025-10-20T14:13:21.130Z</time></trkpt><trkpt lat="47.60891010" lon="19.14720960"><ele>164.04</ele><time>2025-10-20T14:13:21.334Z</time></trkpt><trkpt lat="47.60890100" lon="19.14719180"><ele>164.29</ele><time>2025-10-20T14:13:21.535Z</time></trkpt><trkpt lat="47.60889270" lon="19.14717530"><ele>164.54</ele><time>2025-10-20T14:13:21.735Z</time></trkpt><trkpt lat="47.60888470" lon="19.14715910"><ele>164.77</ele><time>2025-10-20T14:13:21.918Z</time></trkpt><trkpt lat="47.60887550" lon="19.14714090"><ele>165.01</ele><time>2025-10-20T14:13:22.121Z</time></trkpt><trkpt lat="47.60886630" lon="19.14712260"><ele>165.25</ele><time>2025-10-20T14:13:22.328Z</time></trkpt><trkpt lat="47.60885830" lon="19.14710680"><ele>165.47</ele><time>2025-10-20T14:13:22.531Z</time></trkpt><trkpt lat="47.60884940" lon="19.14708920"><ele>165.73</ele><time>2025-10-20T14:13:22.733Z</time></trkpt><trkpt lat="47.60884050" lon="19.14707150"><ele>165.99</ele><time>2025-10-20T14:13:22.936Z</time></trkpt><trkpt lat="47.60883280" lon="19.14705600"><ele>166.23</ele><time>2025-10-20T14:13:23.117Z</time></trkpt><trkpt lat="47.60882500" lon="19.14704050"><ele>166.47</ele><time>2025-10-20T14:13:23.308Z</time></trkpt><trkpt lat="47.60881620" lon="19.14702290"><ele>166.73</ele><time>2025-10-20T14:13:23.512Z</time></trkpt><trkpt lat="47.60880830" lon="19.14700710"><ele>166.94</ele><time>2025-10-20T14:13:23.693Z</time></trkpt><trkpt lat="47.60879920" lon="19.14698900"><ele>167.21</ele><time>2025-10-20T14:13:23.914Z</time></trkpt><trkpt lat="47.60879110" lon="19.14697260"><ele>167.45</ele><time>2025-10-20T14:13:24.100Z</time></trkpt><trkpt lat="47.60878100" lon="19.14695240"><ele>167.73</ele><time>2025-10-20T14:13:24.330Z</time></trkpt><trkpt lat="47.60877210" lon="19.14693460"><ele>167.98</ele><time>2025-10-20T14:13:24.532Z</time></trkpt><trkpt lat="47.60876400" lon="19.14691830"><ele>168.21</ele><time>2025-10-20T14:13:24.733Z</time></trkpt><trkpt lat="47.60875560" lon="19.14690130"><ele>168.46</ele><time>2025-10-20T14:13:24.935Z</time></trkpt><trkpt lat="47.60874780" lon="19.14688570"><ele>168.70</ele><time>2025-10-20T14:13:25.115Z</time></trkpt><trkpt lat="47.60873820" lon="19.14686630"><ele>169.01</ele><time>2025-10-20T14:13:25.340Z</time></trkpt><trkpt lat="47.60873000" lon="19.14684980"><ele>169.28</ele><time>2025-10-20T14:13:25.542Z</time></trkpt><trkpt lat="47.60872150" lon="19.14683270"><ele>169.54</ele><time>2025-10-20T14:13:25.743Z</time></trkpt><trkpt lat="47.60871280" lon="19.14681530"><ele>169.81</ele><time>2025-10-20T14:13:25.946Z</time></trkpt><trkpt lat="47.60870590" lon="19.14680160"><ele>170.03</ele><time>2025-10-20T14:13:26.108Z</time></trkpt><trkpt lat="47.60869740" lon="19.14678460"><ele>170.29</ele><time>2025-10-20T14:13:26.315Z</time></trkpt><trkpt lat="47.60868810" lon="19.14676560"><ele>170.60</ele><time>2025-10-20T14:13:26.535Z</time></trkpt><trkpt lat="47.60867950" lon="19.14674800"><ele>170.89</ele><time>2025-10-20T14:13:26.738Z</time></trkpt><trkpt lat="47.60867100" lon="19.14673060"><ele>171.18</ele><time>2025-10-20T14:13:26.939Z</time></trkpt><trkpt lat="47.60866270" lon="19.14671360"><ele>171.47</ele><time>2025-10-20T14:13:27.140Z</time></trkpt><trkpt lat="47.60865460" lon="19.14669690"><ele>171.73</ele><time>2025-10-20T14:13:27.333Z</time></trkpt><trkpt lat="47.60864610" lon="19.14667950"><ele>172.01</ele><time>2025-10-20T14:13:27.535Z</time></trkpt><trkpt lat="47.60863920" lon="19.14666530"><ele>172.26</ele><time>2025-10-20T14:13:27.716Z</time></trkpt><trkpt lat="47.60863130" lon="19.14664890"><ele>172.51</ele><time>2025-10-20T14:13:27.918Z</time></trkpt><trkpt lat="47.60862190" lon="19.14662940"><ele>172.82</ele><time>2025-10-20T14:13:28.141Z</time></trkpt><trkpt lat="47.60861350" lon="19.14661170"><ele>173.12</ele><time>2025-10-20T14:13:28.344Z</time></trkpt><trkpt lat="47.60860530" lon="19.14659460"><ele>173.41</ele><time>2025-10-20T14:13:28.544Z</time></trkpt><trkpt lat="47.60859710" lon="19.14657720"><ele>173.68</ele><time>2025-10-20T14:13:28.744Z</time></trkpt><trkpt lat="47.60858870" lon="19.14655980"><ele>173.97</ele><time>2025-10-20T14:13:28.945Z</time></trkpt><trkpt lat="47.60858030" lon="19.14654240"><ele>174.31</ele><time>2025-10-20T14:13:29.145Z</time></trkpt><trkpt lat="47.60857300" lon="19.14652700"><ele>174.67</ele><time>2025-10-20T14:13:29.328Z</time></trkpt><trkpt lat="47.60856390" lon="19.14650800"><ele>175.10</ele><time>2025-10-20T14:13:29.548Z</time></trkpt><trkpt lat="47.60855470" lon="19.14648910"><ele>175.47</ele><time>2025-10-20T14:13:29.769Z</time></trkpt><trkpt lat="47.60854740" lon="19.14647380"><ele>175.70</ele><time>2025-10-20T14:13:29.950Z</time></trkpt><trkpt lat="47.60853910" lon="19.14645650"><ele>175.94</ele><time>2025-10-20T14:13:30.151Z</time></trkpt><trkpt lat="47.60853100" lon="19.14643960"><ele>176.15</ele><time>2025-10-20T14:13:30.353Z</time></trkpt><trkpt lat="47.60852360" lon="19.14642420"><ele>176.32</ele><time>2025-10-20T14:13:30.534Z</time></trkpt><trkpt lat="47.60851480" lon="19.14640620"><ele>176.49</ele><time>2025-10-20T14:13:30.755Z</time></trkpt><trkpt lat="47.60850690" lon="19.14639080"><ele>176.54</ele><time>2025-10-20T14:13:30.957Z</time></trkpt><trkpt lat="47.60849970" lon="19.14637730"><ele>176.51</ele><time>2025-10-20T14:13:31.143Z</time></trkpt><trkpt lat="47.60849250" lon="19.14636450"><ele>176.38</ele><time>2025-10-20T14:13:31.331Z</time></trkpt><trkpt lat="47.60848440" lon="19.14635060"><ele>176.14</ele><time>2025-10-20T14:13:31.554Z</time></trkpt><trkpt lat="47.60847750" lon="19.14633910"><ele>175.82</ele><time>2025-10-20T14:13:31.755Z</time></trkpt><trkpt lat="47.60847210" lon="19.14633020"><ele>175.50</ele><time>2025-10-20T14:13:31.916Z</time></trkpt><trkpt lat="47.60846450" lon="19.14631840"><ele>174.99</ele><time>2025-10-20T14:13:32.158Z</time></trkpt><trkpt lat="47.60846000" lon="19.14631190"><ele>174.64</ele><time>2025-10-20T14:13:32.322Z</time></trkpt><trkpt lat="47.60845440" lon="19.14630470"><ele>174.16</ele><time>2025-10-20T14:13:32.523Z</time></trkpt><trkpt lat="47.60844920" lon="19.14629860"><ele>173.67</ele><time>2025-10-20T14:13:32.724Z</time></trkpt><trkpt lat="47.60844440" lon="19.14629390"><ele>173.18</ele><time>2025-10-20T14:13:32.925Z</time></trkpt><trkpt lat="47.60843970" lon="19.14629020"><ele>172.64</ele><time>2025-10-20T14:13:33.154Z</time></trkpt><trkpt lat="47.60843580" lon="19.14628780"><ele>172.13</ele><time>2025-10-20T14:13:33.358Z</time></trkpt><trkpt lat="47.60843260" lon="19.14628630"><ele>171.67</ele><time>2025-10-20T14:13:33.540Z</time></trkpt><trkpt lat="47.60842930" lon="19.14628530"><ele>171.16</ele><time>2025-10-20T14:13:33.741Z</time></trkpt><trkpt lat="47.60842640" lon="19.14628460"><ele>170.67</ele><time>2025-10-20T14:13:33.942Z</time></trkpt><trkpt lat="47.60842310" lon="19.14628420"><ele>170.11</ele><time>2025-10-20T14:13:34.166Z</time></trkpt><trkpt lat="47.60842040" lon="19.14628400"><ele>169.65</ele><time>2025-10-20T14:13:34.354Z</time></trkpt><trkpt lat="47.60841780" lon="19.14628410"><ele>169.20</ele><time>2025-10-20T14:13:34.546Z</time></trkpt><trkpt lat="47.60841500" lon="19.14628460"><ele>168.73</ele><time>2025-10-20T14:13:34.746Z</time></trkpt><trkpt lat="47.60841190" lon="19.14628550"><ele>168.19</ele><time>2025-10-20T14:13:34.967Z</time></trkpt><trkpt lat="47.60840940" lon="19.14628660"><ele>167.74</ele><time>2025-10-20T14:13:35.149Z</time></trkpt><trkpt lat="47.60840660" lon="19.14628810"><ele>167.20</ele><time>2025-10-20T14:13:35.374Z</time></trkpt><trkpt lat="47.60840410" lon="19.14628960"><ele>166.72</ele><time>2025-10-20T14:13:35.574Z</time></trkpt><trkpt lat="47.60840200" lon="19.14629090"><ele>166.28</ele><time>2025-10-20T14:13:35.753Z</time></trkpt><trkpt lat="47.60839980" lon="19.14629210"><ele>165.79</ele><time>2025-10-20T14:13:35.956Z</time></trkpt><trkpt lat="47.60839750" lon="19.14629330"><ele>165.26</ele><time>2025-10-20T14:13:36.180Z</time></trkpt><trkpt lat="47.60839540" lon="19.14629410"><ele>164.76</ele><time>2025-10-20T14:13:36.380Z</time></trkpt><trkpt lat="47.60839350" lon="19.14629460"><ele>164.30</ele><time>2025-10-20T14:13:36.563Z</time></trkpt><trkpt lat="47.60839160" lon="19.14629480"><ele>163.81</ele><time>2025-10-20T14:13:36.766Z</time></trkpt><trkpt lat="47.60838950" lon="19.14629480"><ele>163.27</ele><time>2025-10-20T14:13:36.988Z</time></trkpt><trkpt lat="47.60838780" lon="19.14629450"><ele>162.77</ele><time>2025-10-20T14:13:37.193Z</time></trkpt><trkpt lat="47.60838620" lon="19.14629410"><ele>162.30</ele><time>2025-10-20T14:13:37.379Z</time></trkpt><trkpt lat="47.60838470" lon="19.14629360"><ele>161.81</ele><time>2025-10-20T14:13:37.579Z</time></trkpt><trkpt lat="47.60838320" lon="19.14629310"><ele>161.34</ele><time>2025-10-20T14:13:37.780Z</time></trkpt><trkpt lat="47.60838150" lon="19.14629230"><ele>160.79</ele><time>2025-10-20T14:13:38.000Z</time></trkpt><trkpt lat="47.60838000" lon="19.14629140"><ele>160.33</ele><time>2025-10-20T14:13:38.186Z</time></trkpt><trkpt lat="47.60837840" lon="19.14629030"><ele>159.86</ele><time>2025-10-20T14:13:38.394Z</time></trkpt><trkpt lat="47.60837670" lon="19.14628910"><ele>159.43</ele><time>2025-10-20T14:13:38.594Z</time></trkpt><trkpt lat="47.60837510" lon="19.14628730"><ele>159.13</ele><time>2025-10-20T14:13:38.796Z</time></trkpt><trkpt lat="47.60837410" lon="19.14628510"><ele>159.01</ele><time>2025-10-20T14:13:38.998Z</time></trkpt><trkpt lat="47.60837360" lon="19.14628310"><ele>159.02</ele><time>2025-10-20T14:13:39.201Z</time></trkpt><trkpt lat="47.60837320" lon="19.14628100"><ele>159.00</ele><time>2025-10-20T14:13:39.406Z</time></trkpt><trkpt lat="47.60837290" lon="19.14627910"><ele>158.95</ele><time>2025-10-20T14:13:39.607Z</time></trkpt><trkpt lat="47.60837240" lon="19.14627740"><ele>158.90</ele><time>2025-10-20T14:13:39.808Z</time></trkpt><trkpt lat="47.60837190" lon="19.14627600"><ele>158.85</ele><time>2025-10-20T14:13:40.008Z</time></trkpt><trkpt lat="47.60837160" lon="19.14627470"><ele>158.80</ele><time>2025-10-20T14:13:40.191Z</time></trkpt><trkpt lat="47.60837120" lon="19.14627340"><ele>158.75</ele><time>2025-10-20T14:13:40.391Z</time></trkpt><trkpt lat="47.60837090" lon="19.14627220"><ele>158.73</ele><time>2025-10-20T14:13:40.592Z</time></trkpt><trkpt lat="47.60837070" lon="19.14627160"><ele>158.77</ele><time>2025-10-20T14:13:40.793Z</time></trkpt><trkpt lat="47.60837080" lon="19.14627180"><ele>158.87</ele><time>2025-10-20T14:13:40.994Z</time></trkpt><trkpt lat="47.60837150" lon="19.14627370"><ele>159.08</ele><time>2025-10-20T14:13:41.195Z</time></trkpt><trkpt lat="47.60837290" lon="19.14627740"><ele>159.34</ele><time>2025-10-20T14:13:41.395Z</time></trkpt><trkpt lat="47.60837530" lon="19.14628270"><ele>159.63</ele><time>2025-10-20T14:13:41.598Z</time></trkpt><trkpt lat="47.60837810" lon="19.14628910"><ele>159.89</ele><time>2025-10-20T14:13:41.780Z</time></trkpt><trkpt lat="47.60838220" lon="19.14629840"><ele>160.20</ele><time>2025-10-20T14:13:42.002Z</time></trkpt><trkpt lat="47.60838650" lon="19.14630790"><ele>160.49</ele><time>2025-10-20T14:13:42.204Z</time></trkpt><trkpt lat="47.60839120" lon="19.14631820"><ele>160.78</ele><time>2025-10-20T14:13:42.405Z</time></trkpt><trkpt lat="47.60839640" lon="19.14632930"><ele>161.08</ele><time>2025-10-20T14:13:42.605Z</time></trkpt><trkpt lat="47.60840190" lon="19.14634130"><ele>161.39</ele><time>2025-10-20T14:13:42.806Z</time></trkpt><trkpt lat="47.60840770" lon="19.14635360"><ele>161.70</ele><time>2025-10-20T14:13:43.008Z</time></trkpt><trkpt lat="47.60841310" lon="19.14636510"><ele>161.98</ele><time>2025-10-20T14:13:43.192Z</time></trkpt><trkpt lat="47.60841950" lon="19.14637830"><ele>162.30</ele><time>2025-10-20T14:13:43.396Z</time></trkpt><trkpt lat="47.60842600" lon="19.14639150"><ele>162.61</ele><time>2025-10-20T14:13:43.598Z</time></trkpt><trkpt lat="47.60843220" lon="19.14640430"><ele>162.91</ele><time>2025-10-20T14:13:43.802Z</time></trkpt><trkpt lat="47.60843880" lon="19.14641740"><ele>163.23</ele><time>2025-10-20T14:13:44.004Z</time></trkpt><trkpt lat="47.60844500" lon="19.14642990"><ele>163.53</ele><time>2025-10-20T14:13:44.195Z</time></trkpt><trkpt lat="47.60845100" lon="19.14644190"><ele>163.81</ele><time>2025-10-20T14:13:44.378Z</time></trkpt><trkpt lat="47.60845720" lon="19.14645430"><ele>164.14</ele><time>2025-10-20T14:13:44.581Z</time></trkpt><trkpt lat="47.60846380" lon="19.14646680"><ele>164.47</ele><time>2025-10-20T14:13:44.783Z</time></trkpt><trkpt lat="47.60847090" lon="19.14648040"><ele>164.82</ele><time>2025-10-20T14:13:45.005Z</time></trkpt><trkpt lat="47.60847680" lon="19.14649170"><ele>165.11</ele><time>2025-10-20T14:13:45.194Z</time></trkpt><trkpt lat="47.60848320" lon="19.14650370"><ele>165.43</ele><time>2025-10-20T14:13:45.397Z</time></trkpt><trkpt lat="47.60848940" lon="19.14651530"><ele>165.75</ele><time>2025-10-20T14:13:45.598Z</time></trkpt><trkpt lat="47.60849520" lon="19.14652660"><ele>166.07</ele><time>2025-10-20T14:13:45.798Z</time></trkpt><trkpt lat="47.60850070" lon="19.14653750"><ele>166.38</ele><time>2025-10-20T14:13:45.998Z</time></trkpt><trkpt lat="47.60850570" lon="19.14654740"><ele>166.68</ele><time>2025-10-20T14:13:46.198Z</time></trkpt><trkpt lat="47.60851100" lon="19.14655820"><ele>166.99</ele><time>2025-10-20T14:13:46.403Z</time></trkpt><trkpt lat="47.60851630" lon="19.14656900"><ele>167.32</ele><time>2025-10-20T14:13:46.603Z</time></trkpt><trkpt lat="47.60852150" lon="19.14657960"><ele>167.66</ele><time>2025-10-20T14:13:46.806Z</time></trkpt><trkpt lat="47.60852670" lon="19.14659040"><ele>168.00</ele><time>2025-10-20T14:13:47.006Z</time></trkpt><trkpt lat="47.60853180" lon="19.14660100"><ele>168.33</ele><time>2025-10-20T14:13:47.206Z</time></trkpt><trkpt lat="47.60853650" lon="19.14661040"><ele>168.62</ele><time>2025-10-20T14:13:47.388Z</time></trkpt><trkpt lat="47.60854150" lon="19.14662040"><ele>168.92</ele><time>2025-10-20T14:13:47.588Z</time></trkpt><trkpt lat="47.60854700" lon="19.14663180"><ele>169.25</ele><time>2025-10-20T14:13:47.809Z</time></trkpt><trkpt lat="47.60855210" lon="19.14664200"><ele>169.55</ele><time>2025-10-20T14:13:48.009Z</time></trkpt><trkpt lat="47.60855740" lon="19.14665290"><ele>169.89</ele><time>2025-10-20T14:13:48.226Z</time></trkpt><trkpt lat="47.60856170" lon="19.14666180"><ele>170.17</ele><time>2025-10-20T14:13:48.406Z</time></trkpt><trkpt lat="47.60856660" lon="19.14667200"><ele>170.49</ele><time>2025-10-20T14:13:48.608Z</time></trkpt><trkpt lat="47.60857150" lon="19.14668210"><ele>170.80</ele><time>2025-10-20T14:13:48.809Z</time></trkpt><trkpt lat="47.60857640" lon="19.14669230"><ele>171.12</ele><time>2025-10-20T14:13:49.010Z</time></trkpt><trkpt lat="47.60858110" lon="19.14670200"><ele>171.45</ele><time>2025-10-20T14:13:49.217Z</time></trkpt><trkpt lat="47.60858600" lon="19.14671200"><ele>171.76</ele><time>2025-10-20T14:13:49.421Z</time></trkpt><trkpt lat="47.60858980" lon="19.14672000"><ele>172.02</ele><time>2025-10-20T14:13:49.582Z</time></trkpt><trkpt lat="47.60859510" lon="19.14673080"><ele>172.38</ele><time>2025-10-20T14:13:49.802Z</time></trkpt><trkpt lat="47.60859990" lon="19.14674060"><ele>172.70</ele><time>2025-10-20T14:13:50.003Z</time></trkpt><trkpt lat="47.60860450" lon="19.14675030"><ele>173.02</ele><time>2025-10-20T14:13:50.213Z</time></trkpt><trkpt lat="47.60860900" lon="19.14675980"><ele>173.31</ele><time>2025-10-20T14:13:50.406Z</time></trkpt><trkpt lat="47.60861390" lon="19.14677070"><ele>173.66</ele><time>2025-10-20T14:13:50.628Z</time></trkpt><trkpt lat="47.60861800" lon="19.14677950"><ele>173.95</ele><time>2025-10-20T14:13:50.809Z</time></trkpt><trkpt lat="47.60862280" lon="19.14678970"><ele>174.29</ele><time>2025-10-20T14:13:51.010Z</time></trkpt><trkpt lat="47.60862780" lon="19.14679990"><ele>174.63</ele><time>2025-10-20T14:13:51.212Z</time></trkpt><trkpt lat="47.60863270" lon="19.14681000"><ele>174.94</ele><time>2025-10-20T14:13:51.412Z</time></trkpt><trkpt lat="47.60863760" lon="19.14681990"><ele>175.24</ele><time>2025-10-20T14:13:51.612Z</time></trkpt><trkpt lat="47.60864160" lon="19.14682810"><ele>175.51</ele><time>2025-10-20T14:13:51.772Z</time></trkpt><trkpt lat="47.60864780" lon="19.14684050"><ele>175.92</ele><time>2025-10-20T14:13:52.017Z</time></trkpt><trkpt lat="47.60865240" lon="19.14684990"><ele>176.22</ele><time>2025-10-20T14:13:52.200Z</time></trkpt><trkpt lat="47.60865700" lon="19.14685920"><ele>176.52</ele><time>2025-10-20T14:13:52.386Z</time></trkpt><trkpt lat="47.60866260" lon="19.14687070"><ele>176.89</ele><time>2025-10-20T14:13:52.611Z</time></trkpt><trkpt lat="47.60866720" lon="19.14687990"><ele>177.19</ele><time>2025-10-20T14:13:52.792Z</time></trkpt><trkpt lat="47.60867270" lon="19.14689100"><ele>177.54</ele><time>2025-10-20T14:13:53.015Z</time></trkpt><trkpt lat="47.60867720" lon="19.14690010"><ele>177.78</ele><time>2025-10-20T14:13:53.196Z</time></trkpt><trkpt lat="47.60868230" lon="19.14690990"><ele>177.94</ele><time>2025-10-20T14:13:53.402Z</time></trkpt><trkpt lat="47.60868700" lon="19.14691860"><ele>178.00</ele><time>2025-10-20T14:13:53.604Z</time></trkpt><trkpt lat="47.60869080" lon="19.14692540"><ele>178.04</ele><time>2025-10-20T14:13:53.806Z</time></trkpt><trkpt lat="47.60869440" lon="19.14693130"><ele>178.05</ele><time>2025-10-20T14:13:54.010Z</time></trkpt><trkpt lat="47.60869700" lon="19.14693540"><ele>178.04</ele><time>2025-10-20T14:13:54.213Z</time></trkpt><trkpt lat="47.60869880" lon="19.14693770"><ele>178.04</ele><time>2025-10-20T14:13:54.415Z</time></trkpt><trkpt lat="47.60870000" lon="19.14693860"><ele>178.04</ele><time>2025-10-20T14:13:54.615Z</time></trkpt><trkpt lat="47.60870070" lon="19.14693830"><ele>178.04</ele><time>2025-10-20T14:13:54.815Z</time></trkpt><trkpt lat="47.60870090" lon="19.14693720"><ele>178.05</ele><time>2025-10-20T14:13:55.017Z</time></trkpt><trkpt lat="47.60870060" lon="19.14693550"><ele>178.06</ele><time>2025-10-20T14:13:55.197Z</time></trkpt><trkpt lat="47.60869990" lon="19.14693310"><ele>178.06</ele><time>2025-10-20T14:13:55.411Z</time></trkpt><trkpt lat="47.60869910" lon="19.14693050"><ele>177.97</ele><time>2025-10-20T14:13:55.615Z</time></trkpt><trkpt lat="47.60869800" lon="19.14692770"><ele>177.75</ele><time>2025-10-20T14:13:55.815Z</time></trkpt><trkpt lat="47.60869670" lon="19.14692490"><ele>177.43</ele><time>2025-10-20T14:13:56.017Z</time></trkpt><trkpt lat="47.60869520" lon="19.14692230"><ele>177.03</ele><time>2025-10-20T14:13:56.218Z</time></trkpt><trkpt lat="47.60869320" lon="19.14691960"><ele>176.51</ele><time>2025-10-20T14:13:56.421Z</time></trkpt><trkpt lat="47.60869090" lon="19.14691710"><ele>175.98</ele><time>2025-10-20T14:13:56.622Z</time></trkpt><trkpt lat="47.60868830" lon="19.14691480"><ele>175.46</ele><time>2025-10-20T14:13:56.824Z</time></trkpt><trkpt lat="47.60868570" lon="19.14691290"><ele>174.97</ele><time>2025-10-20T14:13:57.026Z</time></trkpt><trkpt lat="47.60868300" lon="19.14691150"><ele>174.52</ele><time>2025-10-20T14:13:57.213Z</time></trkpt><trkpt lat="47.60868010" lon="19.14691040"><ele>174.04</ele><time>2025-10-20T14:13:57.414Z</time></trkpt><trkpt lat="47.60867740" lon="19.14690970"><ele>173.58</ele><time>2025-10-20T14:13:57.615Z</time></trkpt><trkpt lat="47.60867470" lon="19.14690940"><ele>173.10</ele><time>2025-10-20T14:13:57.816Z</time></trkpt><trkpt lat="47.60867200" lon="19.14690950"><ele>172.63</ele><time>2025-10-20T14:13:58.017Z</time></trkpt><trkpt lat="47.60866950" lon="19.14691000"><ele>172.18</ele><time>2025-10-20T14:13:58.206Z</time></trkpt><trkpt lat="47.60866680" lon="19.14691110"><ele>171.67</ele><time>2025-10-20T14:13:58.431Z</time></trkpt><trkpt lat="47.60866480" lon="19.14691210"><ele>171.23</ele><time>2025-10-20T14:13:58.612Z</time></trkpt><trkpt lat="47.60866240" lon="19.14691350"><ele>170.73</ele><time>2025-10-20T14:13:58.815Z</time></trkpt><trkpt lat="47.60866030" lon="19.14691490"><ele>170.22</ele><time>2025-10-20T14:13:59.017Z</time></trkpt><trkpt lat="47.60865830" lon="19.14691650"><ele>169.70</ele><time>2025-10-20T14:13:59.240Z</time></trkpt><trkpt lat="47.60865690" lon="19.14691770"><ele>169.28</ele><time>2025-10-20T14:13:59.421Z</time></trkpt><trkpt lat="47.60865540" lon="19.14691910"><ele>168.77</ele><time>2025-10-20T14:13:59.623Z</time></trkpt><trkpt lat="47.60865410" lon="19.14692040"><ele>168.27</ele><time>2025-10-20T14:13:59.824Z</time></trkpt><trkpt lat="47.60865290" lon="19.14692170"><ele>167.79</ele><time>2025-10-20T14:14:00.025Z</time></trkpt><trkpt lat="47.60865190" lon="19.14692290"><ele>167.26</ele><time>2025-10-20T14:14:00.238Z</time></trkpt><trkpt lat="47.60865100" lon="19.14692390"><ele>166.74</ele><time>2025-10-20T14:14:00.442Z</time></trkpt><trkpt lat="47.60865030" lon="19.14692480"><ele>166.24</ele><time>2025-10-20T14:14:00.643Z</time></trkpt><trkpt lat="47.60864960" lon="19.14692540"><ele>165.78</ele><time>2025-10-20T14:14:00.844Z</time></trkpt><trkpt lat="47.60864900" lon="19.14692610"><ele>165.27</ele><time>2025-10-20T14:14:01.045Z</time></trkpt><trkpt lat="47.60864870" lon="19.14692660"><ele>164.89</ele><time>2025-10-20T14:14:01.194Z</time></trkpt><trkpt lat="47.60864830" lon="19.14692720"><ele>164.33</ele><time>2025-10-20T14:14:01.417Z</time></trkpt><trkpt lat="47.60864800" lon="19.14692750"><ele>163.84</ele><time>2025-10-20T14:14:01.619Z</time></trkpt><trkpt lat="47.60864750" lon="19.14692760"><ele>163.28</ele><time>2025-10-20T14:14:01.839Z</time></trkpt><trkpt lat="47.60864710" lon="19.14692750"><ele>162.82</ele><time>2025-10-20T14:14:02.020Z</time></trkpt><trkpt lat="47.60864670" lon="19.14692720"><ele>162.31</ele><time>2025-10-20T14:14:02.224Z</time></trkpt><trkpt lat="47.60864610" lon="19.14692670"><ele>161.77</ele><time>2025-10-20T14:14:02.427Z</time></trkpt><trkpt lat="47.60864560" lon="19.14692580"><ele>161.22</ele><time>2025-10-20T14:14:02.636Z</time></trkpt><trkpt lat="47.60864510" lon="19.14692470"><ele>160.71</ele><time>2025-10-20T14:14:02.845Z</time></trkpt><trkpt lat="47.60864460" lon="19.14692350"><ele>160.27</ele><time>2025-10-20T14:14:03.038Z</time></trkpt><trkpt lat="47.60864410" lon="19.14692220"><ele>159.81</ele><time>2025-10-20T14:14:03.241Z</time></trkpt><trkpt lat="47.60864360" lon="19.14692090"><ele>159.32</ele><time>2025-10-20T14:14:03.441Z</time></trkpt><trkpt lat="47.60864300" lon="19.14691970"><ele>158.89</ele><time>2025-10-20T14:14:03.643Z</time></trkpt><trkpt lat="47.60864240" lon="19.14691860"><ele>158.63</ele><time>2025-10-20T14:14:03.843Z</time></trkpt><trkpt lat="47.60864210" lon="19.14691750"><ele>158.51</ele><time>2025-10-20T14:14:04.044Z</time></trkpt><trkpt lat="47.60864190" lon="19.14691610"><ele>158.39</ele><time>2025-10-20T14:14:04.246Z</time></trkpt><trkpt lat="47.60864200" lon="19.14691480"><ele>158.22</ele><time>2025-10-20T14:14:04.447Z</time></trkpt><trkpt lat="47.60864210" lon="19.14691410"><ele>158.00</ele><time>2025-10-20T14:14:04.649Z</time></trkpt><trkpt lat="47.60864230" lon="19.14691390"><ele>157.74</ele><time>2025-10-20T14:14:04.849Z</time></trkpt><trkpt lat="47.60864220" lon="19.14691450"><ele>157.52</ele><time>2025-10-20T14:14:05.050Z</time></trkpt><trkpt lat="47.60864210" lon="19.14691550"><ele>157.36</ele><time>2025-10-20T14:14:05.258Z</time></trkpt><trkpt lat="47.60864180" lon="19.14691630"><ele>157.19</ele><time>2025-10-20T14:14:05.459Z</time></trkpt><trkpt lat="47.60864150" lon="19.14691690"><ele>157.00</ele><time>2025-10-20T14:14:05.640Z</time></trkpt><trkpt lat="47.60864110" lon="19.14691720"><ele>156.73</ele><time>2025-10-20T14:14:05.860Z</time></trkpt><trkpt lat="47.60864080" lon="19.14691720"><ele>156.50</ele><time>2025-10-20T14:14:06.039Z</time></trkpt><trkpt lat="47.60864060" lon="19.14691710"><ele>156.25</ele><time>2025-10-20T14:14:06.224Z</time></trkpt><trkpt lat="47.60864050" lon="19.14691680"><ele>155.96</ele><time>2025-10-20T14:14:06.425Z</time></trkpt><trkpt lat="47.60864050" lon="19.14691680"><ele>155.64</ele><time>2025-10-20T14:14:06.647Z</time></trkpt><trkpt lat="47.60864050" lon="19.14691700"><ele>155.35</ele><time>2025-10-20T14:14:06.849Z</time></trkpt><trkpt lat="47.60864050" lon="19.14691720"><ele>155.06</ele><time>2025-10-20T14:14:07.051Z</time></trkpt><trkpt lat="47.60864050" lon="19.14691750"><ele>154.77</ele><time>2025-10-20T14:14:07.256Z</time></trkpt><trkpt lat="47.60864040" lon="19.14691770"><ele>154.49</ele><time>2025-10-20T14:14:07.458Z</time></trkpt><trkpt lat="47.60864030" lon="19.14691800"><ele>154.23</ele><time>2025-10-20T14:14:07.658Z</time></trkpt><trkpt lat="47.60864030" lon="19.14691830"><ele>154.00</ele><time>2025-10-20T14:14:07.838Z</time></trkpt><trkpt lat="47.60864030" lon="19.14691850"><ele>153.75</ele><time>2025-10-20T14:14:08.039Z</time></trkpt><trkpt lat="47.60864040" lon="19.14691870"><ele>153.45</ele><time>2025-10-20T14:14:08.262Z</time></trkpt><trkpt lat="47.60864040" lon="19.14691900"><ele>153.20</ele><time>2025-10-20T14:14:08.462Z</time></trkpt><trkpt lat="47.60864050" lon="19.14691940"><ele>152.95</ele><time>2025-10-20T14:14:08.662Z</time></trkpt><trkpt lat="47.60864060" lon="19.14691980"><ele>152.70</ele><time>2025-10-20T14:14:08.862Z</time></trkpt><trkpt lat="47.60864080" lon="19.14692010"><ele>152.44</ele><time>2025-10-20T14:14:09.063Z</time></trkpt><trkpt lat="47.60864100" lon="19.14692030"><ele>152.21</ele><time>2025-10-20T14:14:09.264Z</time></trkpt><trkpt lat="47.60864120" lon="19.14692030"><ele>151.98</ele><time>2025-10-20T14:14:09.468Z</time></trkpt><trkpt lat="47.60864150" lon="19.14692040"><ele>151.75</ele><time>2025-10-20T14:14:09.670Z</time></trkpt><trkpt lat="47.60864170" lon="19.14692040"><ele>151.52</ele><time>2025-10-20T14:14:09.871Z</time></trkpt><trkpt lat="47.60864190" lon="19.14692050"><ele>151.29</ele><time>2025-10-20T14:14:10.073Z</time></trkpt><trkpt lat="47.60864210" lon="19.14692070"><ele>151.03</ele><time>2025-10-20T14:14:10.276Z</time></trkpt><trkpt lat="47.60864230" lon="19.14692090"><ele>150.75</ele><time>2025-10-20T14:14:10.479Z</time></trkpt><trkpt lat="47.60864240" lon="19.14692120"><ele>150.50</ele><time>2025-10-20T14:14:10.681Z</time></trkpt><trkpt lat="47.60864240" lon="19.14692130"><ele>150.27</ele><time>2025-10-20T14:14:10.864Z</time></trkpt><trkpt lat="47.60864240" lon="19.14692120"><ele>149.99</ele><time>2025-10-20T14:14:11.087Z</time></trkpt><trkpt lat="47.60864230" lon="19.14692110"><ele>149.74</ele><time>2025-10-20T14:14:11.278Z</time></trkpt><trkpt lat="47.60864220" lon="19.14692090"><ele>149.48</ele><time>2025-10-20T14:14:11.478Z</time></trkpt><trkpt lat="47.60864210" lon="19.14692080"><ele>149.20</ele><time>2025-10-20T14:14:11.700Z</time></trkpt><trkpt lat="47.60864200" lon="19.14692060"><ele>148.98</ele><time>2025-10-20T14:14:11.881Z</time></trkpt><trkpt lat="47.60864190" lon="19.14692040"><ele>148.74</ele><time>2025-10-20T14:14:12.082Z</time></trkpt><trkpt lat="47.60864170" lon="19.14692000"><ele>148.50</ele><time>2025-10-20T14:14:12.283Z</time></trkpt><trkpt lat="47.60864150" lon="19.14691970"><ele>148.27</ele><time>2025-10-20T14:14:12.484Z</time></trkpt><trkpt lat="47.60864130" lon="19.14691940"><ele>148.02</ele><time>2025-10-20T14:14:12.685Z</time></trkpt><trkpt lat="47.60864120" lon="19.14691920"><ele>147.75</ele><time>2025-10-20T14:14:12.884Z</time></trkpt><trkpt lat="47.60864110" lon="19.14691920"><ele>147.52</ele><time>2025-10-20T14:14:13.085Z</time></trkpt><trkpt lat="47.60864100" lon="19.14691940"><ele>147.25</ele><time>2025-10-20T14:14:13.294Z</time></trkpt><trkpt lat="47.60864100" lon="19.14691990"><ele>147.01</ele><time>2025-10-20T14:14:13.496Z</time></trkpt><trkpt lat="47.60864120" lon="19.14692020"><ele>146.82</ele><time>2025-10-20T14:14:13.698Z</time></trkpt><trkpt lat="47.60864140" lon="19.14692010"><ele>146.64</ele><time>2025-10-20T14:14:13.900Z</time></trkpt><trkpt lat="47.60864150" lon="19.14691990"><ele>146.45</ele><time>2025-10-20T14:14:14.082Z</time></trkpt><trkpt lat="47.60864160" lon="19.14691960"><ele>146.23</ele><time>2025-10-20T14:14:14.283Z</time></trkpt><trkpt lat="47.60864170" lon="19.14691910"><ele>146.00</ele><time>2025-10-20T14:14:14.484Z</time></trkpt><trkpt lat="47.60864180" lon="19.14691880"><ele>145.76</ele><time>2025-10-20T14:14:14.687Z</time></trkpt><trkpt lat="47.60864190" lon="19.14691850"><ele>145.47</ele><time>2025-10-20T14:14:14.888Z</time></trkpt><trkpt lat="47.60864180" lon="19.14691830"><ele>145.19</ele><time>2025-10-20T14:14:15.089Z</time></trkpt><trkpt lat="47.60864160" lon="19.14691830"><ele>144.91</ele><time>2025-10-20T14:14:15.301Z</time></trkpt><trkpt lat="47.60864150" lon="19.14691820"><ele>144.68</ele><time>2025-10-20T14:14:15.484Z</time></trkpt><trkpt lat="47.60864130" lon="19.14691820"><ele>144.45</ele><time>2025-10-20T14:14:15.664Z</time></trkpt><trkpt lat="47.60864100" lon="19.14691850"><ele>144.18</ele><time>2025-10-20T14:14:15.866Z</time></trkpt><trkpt lat="47.60864070" lon="19.14691880"><ele>143.93</ele><time>2025-10-20T14:14:16.067Z</time></trkpt><trkpt lat="47.60864050" lon="19.14691910"><ele>143.71</ele><time>2025-10-20T14:14:16.269Z</time></trkpt><trkpt lat="47.60864030" lon="19.14691950"><ele>143.52</ele><time>2025-10-20T14:14:16.469Z</time></trkpt><trkpt lat="47.60864010" lon="19.14692000"><ele>143.31</ele><time>2025-10-20T14:14:16.691Z</time></trkpt><trkpt lat="47.60863990" lon="19.14692030"><ele>143.13</ele><time>2025-10-20T14:14:16.872Z</time></trkpt><trkpt lat="47.60863960" lon="19.14692040"><ele>142.91</ele><time>2025-10-20T14:14:17.074Z</time></trkpt><trkpt lat="47.60863940" lon="19.14692030"><ele>142.69</ele><time>2025-10-20T14:14:17.266Z</time></trkpt><trkpt lat="47.60863920" lon="19.14692010"><ele>142.42</ele><time>2025-10-20T14:14:17.487Z</time></trkpt><trkpt lat="47.60863910" lon="19.14691990"><ele>142.18</ele><time>2025-10-20T14:14:17.688Z</time></trkpt><trkpt lat="47.60863910" lon="19.14691950"><ele>141.92</ele><time>2025-10-20T14:14:17.889Z</time></trkpt><trkpt lat="47.60863920" lon="19.14691910"><ele>141.63</ele><time>2025-10-20T14:14:18.089Z</time></trkpt><trkpt lat="47.60863930" lon="19.14691880"><ele>141.37</ele><time>2025-10-20T14:14:18.251Z</time></trkpt><trkpt lat="47.60863930" lon="19.14691870"><ele>141.08</ele><time>2025-10-20T14:14:18.472Z</time></trkpt><trkpt lat="47.60863940" lon="19.14691870"><ele>140.80</ele><time>2025-10-20T14:14:18.672Z</time></trkpt><trkpt lat="47.60863950" lon="19.14691860"><ele>140.52</ele><time>2025-10-20T14:14:18.892Z</time></trkpt><trkpt lat="47.60863960" lon="19.14691850"><ele>140.28</ele><time>2025-10-20T14:14:19.073Z</time></trkpt><trkpt lat="47.60863980" lon="19.14691850"><ele>140.04</ele><time>2025-10-20T14:14:19.294Z</time></trkpt><trkpt lat="47.60864000" lon="19.14691840"><ele>139.85</ele><time>2025-10-20T14:14:19.494Z</time></trkpt><trkpt lat="47.60864030" lon="19.14691810"><ele>139.60</ele><time>2025-10-20T14:14:19.695Z</time></trkpt><trkpt lat="47.60864050" lon="19.14691780"><ele>139.31</ele><time>2025-10-20T14:14:19.897Z</time></trkpt><trkpt lat="47.60864070" lon="19.14691780"><ele>139.06</ele><time>2025-10-20T14:14:20.097Z</time></trkpt><trkpt lat="47.60864080" lon="19.14691780"><ele>138.80</ele><time>2025-10-20T14:14:20.291Z</time></trkpt><trkpt lat="47.60864090" lon="19.14691810"><ele>138.64</ele><time>2025-10-20T14:14:20.472Z</time></trkpt><trkpt lat="47.60864090" lon="19.14691870"><ele>138.52</ele><time>2025-10-20T14:14:20.696Z</time></trkpt><trkpt lat="47.60864080" lon="19.14691940"><ele>138.43</ele><time>2025-10-20T14:14:20.897Z</time></trkpt><trkpt lat="47.60864050" lon="19.14692020"><ele>138.31</ele><time>2025-10-20T14:14:21.098Z</time></trkpt><trkpt lat="47.60864020" lon="19.14692100"><ele>138.17</ele><time>2025-10-20T14:14:21.290Z</time></trkpt><trkpt lat="47.60863980" lon="19.14692190"><ele>138.03</ele><time>2025-10-20T14:14:21.490Z</time></trkpt><trkpt lat="47.60863960" lon="19.14692250"><ele>137.92</ele><time>2025-10-20T14:14:21.691Z</time></trkpt><trkpt lat="47.60863930" lon="19.14692290"><ele>137.78</ele><time>2025-10-20T14:14:21.891Z</time></trkpt><trkpt lat="47.60863900" lon="19.14692340"><ele>137.63</ele><time>2025-10-20T14:14:22.092Z</time></trkpt><trkpt lat="47.60863890" lon="19.14692360"><ele>137.47</ele><time>2025-10-20T14:14:22.284Z</time></trkpt><trkpt lat="47.60863890" lon="19.14692370"><ele>137.32</ele><time>2025-10-20T14:14:22.494Z</time></trkpt><trkpt lat="47.60863890" lon="19.14692350"><ele>137.16</ele><time>2025-10-20T14:14:22.674Z</time></trkpt><trkpt lat="47.60863920" lon="19.14692320"><ele>136.98</ele><time>2025-10-20T14:14:22.887Z</time></trkpt><trkpt lat="47.60863950" lon="19.14692310"><ele>136.83</ele><time>2025-10-20T14:14:23.088Z</time></trkpt><trkpt lat="47.60863980" lon="19.14692310"><ele>136.68</ele><time>2025-10-20T14:14:23.291Z</time></trkpt><trkpt lat="47.60863990" lon="19.14692320"><ele>136.52</ele><time>2025-10-20T14:14:23.492Z</time></trkpt><trkpt lat="47.60864000" lon="19.14692340"><ele>136.35</ele><time>2025-10-20T14:14:23.694Z</time></trkpt><trkpt lat="47.60864000" lon="19.14692360"><ele>136.20</ele><time>2025-10-20T14:14:23.896Z</time></trkpt><trkpt lat="47.60864000" lon="19.14692400"><ele>136.05</ele><time>2025-10-20T14:14:24.098Z</time></trkpt><trkpt lat="47.60864000" lon="19.14692400"><ele>136.00</ele><time>2025-10-20T14:14:24.283Z</time></trkpt><trkpt lat="47.60864020" lon="19.14692400"><ele>136.01</ele><time>2025-10-20T14:14:24.485Z</time></trkpt><trkpt lat="47.60864030" lon="19.14692410"><ele>136.02</ele><time>2025-10-20T14:14:24.646Z</time></trkpt><trkpt lat="47.60864030" lon="19.14692430"><ele>136.04</ele><time>2025-10-20T14:14:24.888Z</time></trkpt><trkpt lat="47.60864030" lon="19.14692440"><ele>136.05</ele><time>2025-10-20T14:14:25.069Z</time></trkpt><trkpt lat="47.60864040" lon="19.14692440"><ele>136.06</ele><time>2025-10-20T14:14:25.273Z</time></trkpt><trkpt lat="47.60864030" lon="19.14692450"><ele>136.06</ele><time>2025-10-20T14:14:25.474Z</time></trkpt><trkpt lat="47.60864030" lon="19.14692450"><ele>136.07</ele><time>2025-10-20T14:14:25.698Z</time></trkpt><trkpt lat="47.60864030" lon="19.14692450"><ele>136.07</ele><time>2025-10-20T14:14:25.899Z</time></trkpt><trkpt lat="47.60864040" lon="19.14692450"><ele>136.08</ele><time>2025-10-20T14:14:26.098Z</time></trkpt><trkpt lat="47.60864040" lon="19.14692440"><ele>136.08</ele><time>2025-10-20T14:14:26.300Z</time></trkpt><trkpt lat="47.60864040" lon="19.14692440"><ele>136.08</ele><time>2025-10-20T14:14:26.520Z</time></trkpt><trkpt lat="47.60864040" lon="19.14692440"><ele>136.08</ele><time>2025-10-20T14:14:26.520Z</time></trkpt><trkpt lat="47.60864040" lon="19.14692440"><ele>136.08</ele><time>2025-10-20T14:14:26.520Z</time></trkpt><trkpt lat="47.60864040" lon="19.14692440"><ele>136.08</ele><time>2025-10-20T14:14:26.520Z</time></trkpt><trkpt lat="47.60864040" lon="19.14692440"><ele>136.08</ele><time>2025-10-20T14:14:26.520Z</time></trkpt><trkpt lat="47.60864040" lon="19.14692440"><ele>136.08</ele><time>2025-10-20T14:14:26.520Z</time></trkpt><trkpt lat="47.60864040" lon="19.14692440"><ele>136.08</ele><time>2025-10-20T14:14:26.520Z</time></trkpt><trkpt lat="47.60864040" lon="19.14692430"><ele>136.08</ele><time>2025-10-20T14:14:27.979Z</time></trkpt><trkpt lat="47.60864040" lon="19.14692430"><ele>136.05</ele><time>2025-10-20T14:14:28.179Z</time></trkpt><trkpt lat="47.60864030" lon="19.14692420"><ele>135.99</ele><time>2025-10-20T14:14:28.380Z</time></trkpt><trkpt lat="47.60864030" lon="19.14692410"><ele>135.91</ele><time>2025-10-20T14:14:28.580Z</time></trkpt><trkpt lat="47.60864020" lon="19.14692390"><ele>135.82</ele><time>2025-10-20T14:14:28.780Z</time></trkpt><trkpt lat="47.60864010" lon="19.14692370"><ele>135.73</ele><time>2025-10-20T14:14:28.981Z</time></trkpt><trkpt lat="47.60864010" lon="19.14692360"><ele>135.70</ele><time>2025-10-20T14:14:29.182Z</time></trkpt><trkpt lat="47.60864010" lon="19.14692360"><ele>135.71</ele><time>2025-10-20T14:14:29.381Z</time></trkpt><trkpt lat="47.60864020" lon="19.14692370"><ele>135.74</ele><time>2025-10-20T14:14:29.581Z</time></trkpt><trkpt lat="47.60864030" lon="19.14692370"><ele>135.79</ele><time>2025-10-20T14:14:29.782Z</time></trkpt><trkpt lat="47.60864040" lon="19.14692370"><ele>135.83</ele><time>2025-10-20T14:14:29.983Z</time></trkpt><trkpt lat="47.60864050" lon="19.14692380"><ele>135.86</ele><time>2025-10-20T14:14:30.183Z</time></trkpt><trkpt lat="47.60864060" lon="19.14692390"><ele>135.89</ele><time>2025-10-20T14:14:30.384Z</time></trkpt><trkpt lat="47.60864070" lon="19.14692400"><ele>135.92</ele><time>2025-10-20T14:14:30.585Z</time></trkpt><trkpt lat="47.60864080" lon="19.14692410"><ele>135.96</ele><time>2025-10-20T14:14:30.784Z</time></trkpt><trkpt lat="47.60864080" lon="19.14692410"><ele>135.99</ele><time>2025-10-20T14:14:30.986Z</time></trkpt><trkpt lat="47.60864080" lon="19.14692410"><ele>136.01</ele><time>2025-10-20T14:14:31.187Z</time></trkpt><trkpt lat="47.60864080" lon="19.14692420"><ele>136.04</ele><time>2025-10-20T14:14:31.387Z</time></trkpt><trkpt lat="47.60864080" lon="19.14692420"><ele>136.06</ele><time>2025-10-20T14:14:31.588Z</time></trkpt><trkpt lat="47.60864080" lon="19.14692420"><ele>136.09</ele><time>2025-10-20T14:14:31.790Z</time></trkpt><trkpt lat="47.60864080" lon="19.14692430"><ele>136.10</ele><time>2025-10-20T14:14:31.992Z</time></trkpt><trkpt lat="47.60864080" lon="19.14692430"><ele>136.12</ele><time>2025-10-20T14:14:32.194Z</time></trkpt><trkpt lat="47.60864080" lon="19.14692430"><ele>136.13</ele><time>2025-10-20T14:14:32.396Z</time></trkpt><trkpt lat="47.60864080" lon="19.14692430"><ele>136.14</ele><time>2025-10-20T14:14:32.596Z</time></trkpt><trkpt lat="47.60864080" lon="19.14692440"><ele>136.14</ele><time>2025-10-20T14:14:32.797Z</time></trkpt><trkpt lat="47.60864080" lon="19.14692440"><ele>136.16</ele><time>2025-10-20T14:14:32.977Z</time></trkpt><trkpt lat="47.60864070" lon="19.14692450"><ele>136.17</ele><time>2025-10-20T14:14:33.198Z</time></trkpt><trkpt lat="47.60864070" lon="19.14692450"><ele>136.17</ele><time>2025-10-20T14:14:33.379Z</time></trkpt><trkpt lat="47.60864070" lon="19.14692460"><ele>136.17</ele><time>2025-10-20T14:14:33.599Z</time></trkpt><trkpt lat="47.60864060" lon="19.14692460"><ele>136.18</ele><time>2025-10-20T14:14:33.779Z</time></trkpt><trkpt lat="47.60864060" lon="19.14692470"><ele>136.19</ele><time>2025-10-20T14:14:33.980Z</time></trkpt><trkpt lat="47.60864060" lon="19.14692470"><ele>136.19</ele><time>2025-10-20T14:14:34.181Z</time></trkpt><trkpt lat="47.60864060" lon="19.14692480"><ele>136.19</ele><time>2025-10-20T14:14:34.382Z</time></trkpt><trkpt lat="47.60864060" lon="19.14692480"><ele>136.19</ele><time>2025-10-20T14:14:34.583Z</time></trkpt><trkpt lat="47.60864060" lon="19.14692490"><ele>136.20</ele><time>2025-10-20T14:14:34.783Z</time></trkpt><trkpt lat="47.60864060" lon="19.14692490"><ele>136.20</ele><time>2025-10-20T14:14:34.984Z</time></trkpt><trkpt lat="47.60864060" lon="19.14692490"><ele>136.21</ele><time>2025-10-20T14:14:35.185Z</time></trkpt><trkpt lat="47.60864050" lon="19.14692490"><ele>136.21</ele><time>2025-10-20T14:14:35.388Z</time></trkpt><trkpt lat="47.60864060" lon="19.14692500"><ele>136.22</ele><time>2025-10-20T14:14:35.589Z</time></trkpt><trkpt lat="47.60864060" lon="19.14692500"><ele>136.22</ele><time>2025-10-20T14:14:35.790Z</time></trkpt><trkpt lat="47.60864060" lon="19.14692500"><ele>136.23</ele><time>2025-10-20T14:14:35.990Z</time></trkpt><trkpt lat="47.60864060" lon="19.14692490"><ele>136.23</ele><time>2025-10-20T14:14:36.190Z</time></trkpt><trkpt lat="47.60864060" lon="19.14692490"><ele>136.24</ele><time>2025-10-20T14:14:36.392Z</time></trkpt><trkpt lat="47.60864060" lon="19.14692490"><ele>136.24</ele><time>2025-10-20T14:14:36.592Z</time></trkpt><trkpt lat="47.60864060" lon="19.14692490"><ele>136.25</ele><time>2025-10-20T14:14:36.793Z</time></trkpt><trkpt lat="47.60864060" lon="19.14692490"><ele>136.25</ele><time>2025-10-20T14:14:36.995Z</time></trkpt><trkpt lat="47.60864060" lon="19.14692490"><ele>136.26</ele><time>2025-10-20T14:14:37.197Z</time></trkpt><trkpt lat="47.60864070" lon="19.14692490"><ele>136.27</ele><time>2025-10-20T14:14:37.398Z</time></trkpt><trkpt lat="47.60864070" lon="19.14692490"><ele>136.27</ele><time>2025-10-20T14:14:37.600Z</time></trkpt><trkpt lat="47.60864070" lon="19.14692490"><ele>136.28</ele><time>2025-10-20T14:14:37.801Z</time></trkpt><trkpt lat="47.60864070" lon="19.14692480"><ele>136.29</ele><time>2025-10-20T14:14:38.001Z</time></trkpt><trkpt lat="47.60864070" lon="19.14692480"><ele>136.30</ele><time>2025-10-20T14:14:38.202Z</time></trkpt><trkpt lat="47.60864070" lon="19.14692480"><ele>136.30</ele><time>2025-10-20T14:14:38.387Z</time></trkpt><trkpt lat="47.60864070" lon="19.14692480"><ele>136.31</ele><time>2025-10-20T14:14:38.589Z</time></trkpt><trkpt lat="47.60864070" lon="19.14692480"><ele>136.31</ele><time>2025-10-20T14:14:38.790Z</time></trkpt><trkpt lat="47.60864070" lon="19.14692470"><ele>136.31</ele><time>2025-10-20T14:14:38.990Z</time></trkpt><trkpt lat="47.60864070" lon="19.14692470"><ele>136.31</ele><time>2025-10-20T14:14:39.190Z</time></trkpt><trkpt lat="47.60864080" lon="19.14692470"><ele>136.31</ele><time>2025-10-20T14:14:39.353Z</time></trkpt><trkpt lat="47.60864080" lon="19.14692470"><ele>136.32</ele><time>2025-10-20T14:14:39.593Z</time></trkpt><trkpt lat="47.60864080" lon="19.14692460"><ele>136.32</ele><time>2025-10-20T14:14:39.793Z</time></trkpt><trkpt lat="47.60864080" lon="19.14692460"><ele>136.32</ele><time>2025-10-20T14:14:39.995Z</time></trkpt><trkpt lat="47.60864080" lon="19.14692460"><ele>136.33</ele><time>2025-10-20T14:14:40.174Z</time></trkpt><trkpt lat="47.60864080" lon="19.14692460"><ele>136.33</ele><time>2025-10-20T14:14:40.397Z</time></trkpt><trkpt lat="47.60864080" lon="19.14692460"><ele>136.34</ele><time>2025-10-20T14:14:40.597Z</time></trkpt><trkpt lat="47.60864080" lon="19.14692460"><ele>136.34</ele><time>2025-10-20T14:14:40.797Z</time></trkpt><trkpt lat="47.60864070" lon="19.14692470"><ele>136.35</ele><time>2025-10-20T14:14:40.997Z</time></trkpt><trkpt lat="47.60864070" lon="19.14692470"><ele>136.36</ele><time>2025-10-20T14:14:41.198Z</time></trkpt><trkpt lat="47.60864070" lon="19.14692470"><ele>136.37</ele><time>2025-10-20T14:14:41.419Z</time></trkpt><trkpt lat="47.60864070" lon="19.14692470"><ele>136.38</ele><time>2025-10-20T14:14:41.599Z</time></trkpt><trkpt lat="47.60864080" lon="19.14692470"><ele>136.38</ele><time>2025-10-20T14:14:41.800Z</time></trkpt><trkpt lat="47.60864080" lon="19.14692470"><ele>136.39</ele><time>2025-10-20T14:14:42.000Z</time></trkpt><trkpt lat="47.60864080" lon="19.14692470"><ele>136.39</ele><time>2025-10-20T14:14:42.201Z</time></trkpt><trkpt lat="47.60864080" lon="19.14692470"><ele>136.39</ele><time>2025-10-20T14:14:42.401Z</time></trkpt><trkpt lat="47.60864080" lon="19.14692470"><ele>136.40</ele><time>2025-10-20T14:14:42.621Z</time></trkpt><trkpt lat="47.60864080" lon="19.14692470"><ele>136.40</ele><time>2025-10-20T14:14:42.802Z</time></trkpt><trkpt lat="47.60864080" lon="19.14692470"><ele>136.40</ele><time>2025-10-20T14:14:43.002Z</time></trkpt><trkpt lat="47.60864080" lon="19.14692470"><ele>136.40</ele><time>2025-10-20T14:14:43.203Z</time></trkpt><trkpt lat="47.60864080" lon="19.14692480"><ele>136.40</ele><time>2025-10-20T14:14:43.404Z</time></trkpt><trkpt lat="47.60864080" lon="19.14692480"><ele>136.40</ele><time>2025-10-20T14:14:43.605Z</time></trkpt><trkpt lat="47.60864080" lon="19.14692480"><ele>136.41</ele><time>2025-10-20T14:14:43.806Z</time></trkpt><trkpt lat="47.60864080" lon="19.14692480"><ele>136.41</ele><time>2025-10-20T14:14:44.006Z</time></trkpt><trkpt lat="47.60864080" lon="19.14692490"><ele>136.42</ele><time>2025-10-20T14:14:44.207Z</time></trkpt><trkpt lat="47.60864080" lon="19.14692490"><ele>136.42</ele><time>2025-10-20T14:14:44.408Z</time></trkpt><trkpt lat="47.60864080" lon="19.14692480"><ele>136.42</ele><time>2025-10-20T14:14:44.609Z</time></trkpt><trkpt lat="47.60864080" lon="19.14692480"><ele>136.43</ele><time>2025-10-20T14:14:44.809Z</time></trkpt><trkpt lat="47.60864080" lon="19.14692480"><ele>136.43</ele><time>2025-10-20T14:14:45.010Z</time></trkpt><trkpt lat="47.60864080" lon="19.14692480"><ele>136.44</ele><time>2025-10-20T14:14:45.216Z</time></trkpt><trkpt lat="47.60864080" lon="19.14692480"><ele>136.44</ele><time>2025-10-20T14:14:45.418Z</time></trkpt><trkpt lat="47.60864080" lon="19.14692480"><ele>136.43</ele><time>2025-10-20T14:14:45.619Z</time></trkpt><trkpt lat="47.60864080" lon="19.14692470"><ele>136.43</ele><time>2025-10-20T14:14:45.820Z</time></trkpt><trkpt lat="47.60864070" lon="19.14692470"><ele>136.43</ele><time>2025-10-20T14:14:46.021Z</time></trkpt><trkpt lat="47.60864070" lon="19.14692470"><ele>136.43</ele><time>2025-10-20T14:14:46.226Z</time></trkpt><trkpt lat="47.60864070" lon="19.14692470"><ele>136.43</ele><time>2025-10-20T14:14:46.427Z</time></trkpt><trkpt lat="47.60864080" lon="19.14692470"><ele>136.43</ele><time>2025-10-20T14:14:46.629Z</time></trkpt><trkpt lat="47.60864080" lon="19.14692470"><ele>136.43</ele><time>2025-10-20T14:14:46.830Z</time></trkpt><trkpt lat="47.60864080" lon="19.14692480"><ele>136.44</ele><time>2025-10-20T14:14:47.031Z</time></trkpt><trkpt lat="47.60864080" lon="19.14692480"><ele>136.44</ele><time>2025-10-20T14:14:47.215Z</time></trkpt><trkpt lat="47.60864080" lon="19.14692480"><ele>136.44</ele><time>2025-10-20T14:14:47.418Z</time></trkpt><trkpt lat="47.60864070" lon="19.14692480"><ele>136.44</ele><time>2025-10-20T14:14:47.617Z</time></trkpt><trkpt lat="47.60864070" lon="19.14692490"><ele>136.45</ele><time>2025-10-20T14:14:47.818Z</time></trkpt><trkpt lat="47.60864070" lon="19.14692490"><ele>136.45</ele><time>2025-10-20T14:14:48.018Z</time></trkpt><trkpt lat="47.60864070" lon="19.14692490"><ele>136.45</ele><time>2025-10-20T14:14:48.220Z</time></trkpt><trkpt lat="47.60864070" lon="19.14692490"><ele>136.45</ele><time>2025-10-20T14:14:48.420Z</time></trkpt><trkpt lat="47.60864070" lon="19.14692490"><ele>136.46</ele><time>2025-10-20T14:14:48.620Z</time></trkpt><trkpt lat="47.60864070" lon="19.14692490"><ele>136.46</ele><time>2025-10-20T14:14:48.820Z</time></trkpt><trkpt lat="47.60864070" lon="19.14692490"><ele>136.46</ele><time>2025-10-20T14:14:49.039Z</time></trkpt><trkpt lat="47.60864070" lon="19.14692490"><ele>136.46</ele><time>2025-10-20T14:14:49.221Z</time></trkpt><trkpt lat="47.60864070" lon="19.14692490"><ele>136.47</ele><time>2025-10-20T14:14:49.422Z</time></trkpt><trkpt lat="47.60864070" lon="19.14692490"><ele>136.46</ele><time>2025-10-20T14:14:49.622Z</time></trkpt><trkpt lat="47.60864070" lon="19.14692490"><ele>136.47</ele><time>2025-10-20T14:14:49.822Z</time></trkpt><trkpt lat="47.60864080" lon="19.14692490"><ele>136.47</ele><time>2025-10-20T14:14:50.023Z</time></trkpt><trkpt lat="47.60864080" lon="19.14692480"><ele>136.46</ele><time>2025-10-20T14:14:50.223Z</time></trkpt><trkpt lat="47.60864080" lon="19.14692480"><ele>136.46</ele><time>2025-10-20T14:14:50.424Z</time></trkpt><trkpt lat="47.60864080" lon="19.14692480"><ele>136.46</ele><time>2025-10-20T14:14:50.624Z</time></trkpt><trkpt lat="47.60864070" lon="19.14692480"><ele>136.46</ele><time>2025-10-20T14:14:50.824Z</time></trkpt><trkpt lat="47.60864070" lon="19.14692480"><ele>136.46</ele><time>2025-10-20T14:14:51.025Z</time></trkpt><trkpt lat="47.60864070" lon="19.14692480"><ele>136.46</ele><time>2025-10-20T14:14:51.226Z</time></trkpt><trkpt lat="47.60864070" lon="19.14692480"><ele>136.46</ele><time>2025-10-20T14:14:51.426Z</time></trkpt><trkpt lat="47.60864070" lon="19.14692480"><ele>136.46</ele><time>2025-10-20T14:14:51.626Z</time></trkpt><trkpt lat="47.60864070" lon="19.14692480"><ele>136.46</ele><time>2025-10-20T14:14:51.826Z</time></trkpt><trkpt lat="47.60864070" lon="19.14692470"><ele>136.47</ele><time>2025-10-20T14:14:52.027Z</time></trkpt><trkpt lat="47.60864070" lon="19.14692470"><ele>136.47</ele><time>2025-10-20T14:14:52.227Z</time></trkpt><trkpt lat="47.60864070" lon="19.14692470"><ele>136.48</ele><time>2025-10-20T14:14:52.427Z</time></trkpt><trkpt lat="47.60864070" lon="19.14692470"><ele>136.48</ele><time>2025-10-20T14:14:52.628Z</time></trkpt><trkpt lat="47.60864070" lon="19.14692470"><ele>136.49</ele><time>2025-10-20T14:14:52.828Z</time></trkpt><trkpt lat="47.60864070" lon="19.14692470"><ele>136.49</ele><time>2025-10-20T14:14:53.029Z</time></trkpt><trkpt lat="47.60864070" lon="19.14692470"><ele>136.50</ele><time>2025-10-20T14:14:53.230Z</time></trkpt><trkpt lat="47.60864070" lon="19.14692470"><ele>136.50</ele><time>2025-10-20T14:14:53.430Z</time></trkpt><trkpt lat="47.60864080" lon="19.14692460"><ele>136.51</ele><time>2025-10-20T14:14:53.631Z</time></trkpt><trkpt lat="47.60864080" lon="19.14692460"><ele>136.51</ele><time>2025-10-20T14:14:53.831Z</time></trkpt><trkpt lat="47.60864080" lon="19.14692450"><ele>136.51</ele><time>2025-10-20T14:14:54.032Z</time></trkpt><trkpt lat="47.60864090" lon="19.14692450"><ele>136.52</ele><time>2025-10-20T14:14:54.234Z</time></trkpt><trkpt lat="47.60864090" lon="19.14692450"><ele>136.51</ele><time>2025-10-20T14:14:54.435Z</time></trkpt><trkpt lat="47.60864090" lon="19.14692450"><ele>136.52</ele><time>2025-10-20T14:14:54.616Z</time></trkpt><trkpt lat="47.60864090" lon="19.14692450"><ele>136.52</ele><time>2025-10-20T14:14:54.817Z</time></trkpt><trkpt lat="47.60864090" lon="19.14692450"><ele>136.53</ele><time>2025-10-20T14:14:55.018Z</time></trkpt><trkpt lat="47.60864090" lon="19.14692450"><ele>136.53</ele><time>2025-10-20T14:14:55.221Z</time></trkpt><trkpt lat="47.60864080" lon="19.14692450"><ele>136.53</ele><time>2025-10-20T14:14:55.423Z</time></trkpt><trkpt lat="47.60864080" lon="19.14692460"><ele>136.53</ele><time>2025-10-20T14:14:55.623Z</time></trkpt><trkpt lat="47.60864080" lon="19.14692460"><ele>136.53</ele><time>2025-10-20T14:14:55.803Z</time></trkpt><trkpt lat="47.60864070" lon="19.14692460"><ele>136.53</ele><time>2025-10-20T14:14:56.024Z</time></trkpt><trkpt lat="47.60864070" lon="19.14692460"><ele>136.53</ele><time>2025-10-20T14:14:56.204Z</time></trkpt><trkpt lat="47.60864070" lon="19.14692460"><ele>136.53</ele><time>2025-10-20T14:14:56.426Z</time></trkpt><trkpt lat="47.60864070" lon="19.14692460"><ele>136.53</ele><time>2025-10-20T14:14:56.626Z</time></trkpt><trkpt lat="47.60864070" lon="19.14692460"><ele>136.53</ele><time>2025-10-20T14:14:56.827Z</time></trkpt><trkpt lat="47.60864080" lon="19.14692460"><ele>136.54</ele><time>2025-10-20T14:14:57.027Z</time></trkpt><trkpt lat="47.60864080" lon="19.14692460"><ele>136.54</ele><time>2025-10-20T14:14:57.227Z</time></trkpt><trkpt lat="47.60864080" lon="19.14692460"><ele>136.54</ele><time>2025-10-20T14:14:57.429Z</time></trkpt><trkpt lat="47.60864080" lon="19.14692470"><ele>136.54</ele><time>2025-10-20T14:14:57.629Z</time></trkpt><trkpt lat="47.60864080" lon="19.14692470"><ele>136.55</ele><time>2025-10-20T14:14:57.830Z</time></trkpt><trkpt lat="47.60864080" lon="19.14692470"><ele>136.55</ele><time>2025-10-20T14:14:58.030Z</time></trkpt><trkpt lat="47.60864090" lon="19.14692470"><ele>136.55</ele><time>2025-10-20T14:14:58.211Z</time></trkpt><trkpt lat="47.60864090" lon="19.14692470"><ele>136.56</ele><time>2025-10-20T14:14:58.411Z</time></trkpt><trkpt lat="47.60864090" lon="19.14692470"><ele>136.56</ele><time>2025-10-20T14:14:58.632Z</time></trkpt><trkpt lat="47.60864090" lon="19.14692460"><ele>136.56</ele><time>2025-10-20T14:14:58.832Z</time></trkpt><trkpt lat="47.60864090" lon="19.14692460"><ele>136.56</ele><time>2025-10-20T14:14:59.033Z</time></trkpt><trkpt lat="47.60864090" lon="19.14692460"><ele>136.57</ele><time>2025-10-20T14:14:59.213Z</time></trkpt><trkpt lat="47.60864080" lon="19.14692460"><ele>136.57</ele><time>2025-10-20T14:14:59.435Z</time></trkpt><trkpt lat="47.60864080" lon="19.14692460"><ele>136.57</ele><time>2025-10-20T14:14:59.635Z</time></trkpt><trkpt lat="47.60864080" lon="19.14692460"><ele>136.57</ele><time>2025-10-20T14:14:59.836Z</time></trkpt><trkpt lat="47.60864070" lon="19.14692460"><ele>136.57</ele><time>2025-10-20T14:15:00.036Z</time></trkpt><trkpt lat="47.60864070" lon="19.14692460"><ele>136.57</ele><time>2025-10-20T14:15:00.237Z</time></trkpt><trkpt lat="47.60864070" lon="19.14692460"><ele>136.57</ele><time>2025-10-20T14:15:00.438Z</time></trkpt><trkpt lat="47.60864070" lon="19.14692470"><ele>136.58</ele><time>2025-10-20T14:15:00.640Z</time></trkpt><trkpt lat="47.60864070" lon="19.14692470"><ele>136.58</ele><time>2025-10-20T14:15:00.840Z</time></trkpt><trkpt lat="47.60864070" lon="19.14692470"><ele>136.58</ele><time>2025-10-20T14:15:01.042Z</time></trkpt><trkpt lat="47.60864070" lon="19.14692470"><ele>136.59</ele><time>2025-10-20T14:15:01.249Z</time></trkpt><trkpt lat="47.60864070" lon="19.14692470"><ele>136.59</ele><time>2025-10-20T14:15:01.450Z</time></trkpt><trkpt lat="47.60864070" lon="19.14692470"><ele>136.59</ele><time>2025-10-20T14:15:01.651Z</time></trkpt><trkpt lat="47.60864080" lon="19.14692460"><ele>136.59</ele><time>2025-10-20T14:15:01.851Z</time></trkpt><trkpt lat="47.60864080" lon="19.14692460"><ele>136.60</ele><time>2025-10-20T14:15:02.051Z</time></trkpt><trkpt lat="47.60864080" lon="19.14692470"><ele>136.60</ele><time>2025-10-20T14:15:02.253Z</time></trkpt><trkpt lat="47.60864080" lon="19.14692470"><ele>136.60</ele><time>2025-10-20T14:15:02.453Z</time></trkpt><trkpt lat="47.60864080" lon="19.14692470"><ele>136.60</ele><time>2025-10-20T14:15:02.654Z</time></trkpt><trkpt lat="47.60864080" lon="19.14692470"><ele>136.60</ele><time>2025-10-20T14:15:02.853Z</time></trkpt><trkpt lat="47.60864080" lon="19.14692470"><ele>136.61</ele><time>2025-10-20T14:15:03.033Z</time></trkpt><trkpt lat="47.60864080" lon="19.14692470"><ele>136.61</ele><time>2025-10-20T14:15:03.236Z</time></trkpt><trkpt lat="47.60864080" lon="19.14692470"><ele>136.61</ele><time>2025-10-20T14:15:03.455Z</time></trkpt><trkpt lat="47.60864080" lon="19.14692470"><ele>136.61</ele><time>2025-10-20T14:15:03.655Z</time></trkpt><trkpt lat="47.60864080" lon="19.14692470"><ele>136.61</ele><time>2025-10-20T14:15:03.855Z</time></trkpt><trkpt lat="47.60864090" lon="19.14692470"><ele>136.61</ele><time>2025-10-20T14:15:04.055Z</time></trkpt><trkpt lat="47.60864090" lon="19.14692460"><ele>136.61</ele><time>2025-10-20T14:15:04.256Z</time></trkpt><trkpt lat="47.60864090" lon="19.14692470"><ele>136.62</ele><time>2025-10-20T14:15:04.457Z</time></trkpt><trkpt lat="47.60864090" lon="19.14692470"><ele>136.63</ele><time>2025-10-20T14:15:04.657Z</time></trkpt><trkpt lat="47.60864080" lon="19.14692470"><ele>136.63</ele><time>2025-10-20T14:15:04.858Z</time></trkpt><trkpt lat="47.60864090" lon="19.14692460"><ele>136.63</ele><time>2025-10-20T14:15:05.058Z</time></trkpt><trkpt lat="47.60864080" lon="19.14692460"><ele>136.64</ele><time>2025-10-20T14:15:05.260Z</time></trkpt><trkpt lat="47.60864080" lon="19.14692460"><ele>136.64</ele><time>2025-10-20T14:15:05.460Z</time></trkpt><trkpt lat="47.60864080" lon="19.14692460"><ele>136.65</ele><time>2025-10-20T14:15:05.661Z</time></trkpt><trkpt lat="47.60864070" lon="19.14692460"><ele>136.65</ele><time>2025-10-20T14:15:05.861Z</time></trkpt><trkpt lat="47.60864070" lon="19.14692460"><ele>136.66</ele><time>2025-10-20T14:15:06.062Z</time></trkpt><trkpt lat="47.60864070" lon="19.14692460"><ele>136.66</ele><time>2025-10-20T14:15:06.246Z</time></trkpt><trkpt lat="47.60864070" lon="19.14692470"><ele>136.67</ele><time>2025-10-20T14:15:06.446Z</time></trkpt><trkpt lat="47.60864060" lon="19.14692470"><ele>136.67</ele><time>2025-10-20T14:15:06.647Z</time></trkpt><trkpt lat="47.60864060" lon="19.14692470"><ele>136.68</ele><time>2025-10-20T14:15:06.847Z</time></trkpt><trkpt lat="47.60864070" lon="19.14692480"><ele>136.68</ele><time>2025-10-20T14:15:07.050Z</time></trkpt><trkpt lat="47.60864070" lon="19.14692480"><ele>136.69</ele><time>2025-10-20T14:15:07.253Z</time></trkpt><trkpt lat="47.60864070" lon="19.14692480"><ele>136.69</ele><time>2025-10-20T14:15:07.454Z</time></trkpt><trkpt lat="47.60864070" lon="19.14692470"><ele>136.69</ele><time>2025-10-20T14:15:07.654Z</time></trkpt><trkpt lat="47.60864070" lon="19.14692470"><ele>136.70</ele><time>2025-10-20T14:15:07.854Z</time></trkpt><trkpt lat="47.60864070" lon="19.14692470"><ele>136.70</ele><time>2025-10-20T14:15:08.055Z</time></trkpt><trkpt lat="47.60864060" lon="19.14692470"><ele>136.70</ele><time>2025-10-20T14:15:08.256Z</time></trkpt><trkpt lat="47.60864060" lon="19.14692470"><ele>136.70</ele><time>2025-10-20T14:15:08.456Z</time></trkpt><trkpt lat="47.60864060" lon="19.14692480"><ele>136.71</ele><time>2025-10-20T14:15:08.657Z</time></trkpt><trkpt lat="47.60864060" lon="19.14692480"><ele>136.71</ele><time>2025-10-20T14:15:08.857Z</time></trkpt><trkpt lat="47.60864060" lon="19.14692480"><ele>136.71</ele><time>2025-10-20T14:15:09.057Z</time></trkpt><trkpt lat="47.60864060" lon="19.14692480"><ele>136.72</ele><time>2025-10-20T14:15:09.259Z</time></trkpt><trkpt lat="47.60864050" lon="19.14692480"><ele>136.72</ele><time>2025-10-20T14:15:09.459Z</time></trkpt><trkpt lat="47.60864050" lon="19.14692480"><ele>136.73</ele><time>2025-10-20T14:15:09.659Z</time></trkpt><trkpt lat="47.60864060" lon="19.14692490"><ele>136.73</ele><time>2025-10-20T14:15:09.860Z</time></trkpt><trkpt lat="47.60864060" lon="19.14692480"><ele>136.73</ele><time>2025-10-20T14:15:10.060Z</time></trkpt><trkpt lat="47.60864060" lon="19.14692480"><ele>136.73</ele><time>2025-10-20T14:15:10.260Z</time></trkpt><trkpt lat="47.60864060" lon="19.14692480"><ele>136.73</ele><time>2025-10-20T14:15:10.460Z</time></trkpt><trkpt lat="47.60864060" lon="19.14692480"><ele>136.73</ele><time>2025-10-20T14:15:10.660Z</time></trkpt><trkpt lat="47.60864060" lon="19.14692480"><ele>136.74</ele><time>2025-10-20T14:15:10.860Z</time></trkpt><trkpt lat="47.60864060" lon="19.14692480"><ele>136.74</ele><time>2025-10-20T14:15:11.061Z</time></trkpt><trkpt lat="47.60864050" lon="19.14692480"><ele>136.74</ele><time>2025-10-20T14:15:11.262Z</time></trkpt><trkpt lat="47.60864060" lon="19.14692480"><ele>136.74</ele><time>2025-10-20T14:15:11.442Z</time></trkpt><trkpt lat="47.60864060" lon="19.14692480"><ele>136.75</ele><time>2025-10-20T14:15:11.662Z</time></trkpt><trkpt lat="47.60864060" lon="19.14692480"><ele>136.75</ele><time>2025-10-20T14:15:11.862Z</time></trkpt><trkpt lat="47.60864050" lon="19.14692480"><ele>136.75</ele><time>2025-10-20T14:15:12.042Z</time></trkpt><trkpt lat="47.60864050" lon="19.14692480"><ele>136.74</ele><time>2025-10-20T14:15:12.245Z</time></trkpt><trkpt lat="47.60864050" lon="19.14692470"><ele>136.75</ele><time>2025-10-20T14:15:12.465Z</time></trkpt><trkpt lat="47.60864050" lon="19.14692470"><ele>136.75</ele><time>2025-10-20T14:15:12.665Z</time></trkpt><trkpt lat="47.60864060" lon="19.14692470"><ele>136.75</ele><time>2025-10-20T14:15:12.865Z</time></trkpt><trkpt lat="47.60864060" lon="19.14692470"><ele>136.75</ele><time>2025-10-20T14:15:13.066Z</time></trkpt><trkpt lat="47.60864050" lon="19.14692470"><ele>136.76</ele><time>2025-10-20T14:15:13.266Z</time></trkpt><trkpt lat="47.60864050" lon="19.14692480"><ele>136.76</ele><time>2025-10-20T14:15:13.467Z</time></trkpt><trkpt lat="47.60864050" lon="19.14692480"><ele>136.76</ele><time>2025-10-20T14:15:13.667Z</time></trkpt><trkpt lat="47.60864060" lon="19.14692480"><ele>136.76</ele><time>2025-10-20T14:15:13.867Z</time></trkpt><trkpt lat="47.60864060" lon="19.14692480"><ele>136.76</ele><time>2025-10-20T14:15:14.067Z</time></trkpt><trkpt lat="47.60864060" lon="19.14692480"><ele>136.76</ele><time>2025-10-20T14:15:14.269Z</time></trkpt><trkpt lat="47.60864060" lon="19.14692480"><ele>136.76</ele><time>2025-10-20T14:15:14.469Z</time></trkpt><trkpt lat="47.60864060" lon="19.14692480"><ele>136.77</ele><time>2025-10-20T14:15:14.669Z</time></trkpt><trkpt lat="47.60864060" lon="19.14692480"><ele>136.77</ele><time>2025-10-20T14:15:14.869Z</time></trkpt><trkpt lat="47.60864060" lon="19.14692480"><ele>136.77</ele><time>2025-10-20T14:15:15.069Z</time></trkpt><trkpt lat="47.60864060" lon="19.14692480"><ele>136.76</ele><time>2025-10-20T14:15:15.271Z</time></trkpt><trkpt lat="47.60864060" lon="19.14692470"><ele>136.76</ele><time>2025-10-20T14:15:15.472Z</time></trkpt><trkpt lat="47.60864070" lon="19.14692470"><ele>136.76</ele><time>2025-10-20T14:15:15.653Z</time></trkpt><trkpt lat="47.60864070" lon="19.14692470"><ele>136.77</ele><time>2025-10-20T14:15:15.854Z</time></trkpt><trkpt lat="47.60864070" lon="19.14692460"><ele>136.77</ele><time>2025-10-20T14:15:16.055Z</time></trkpt><trkpt lat="47.60864070" lon="19.14692450"><ele>136.78</ele><time>2025-10-20T14:15:16.277Z</time></trkpt><trkpt lat="47.60864080" lon="19.14692450"><ele>136.78</ele><time>2025-10-20T14:15:16.457Z</time></trkpt><trkpt lat="47.60864080" lon="19.14692450"><ele>136.78</ele><time>2025-10-20T14:15:16.657Z</time></trkpt><trkpt lat="47.60864080" lon="19.14692460"><ele>136.78</ele><time>2025-10-20T14:15:16.857Z</time></trkpt><trkpt lat="47.60864080" lon="19.14692460"><ele>136.78</ele><time>2025-10-20T14:15:17.058Z</time></trkpt><trkpt lat="47.60864080" lon="19.14692460"><ele>136.79</ele><time>2025-10-20T14:15:17.260Z</time></trkpt><trkpt lat="47.60864090" lon="19.14692470"><ele>136.79</ele><time>2025-10-20T14:15:17.460Z</time></trkpt><trkpt lat="47.60864090" lon="19.14692470"><ele>136.80</ele><time>2025-10-20T14:15:17.660Z</time></trkpt><trkpt lat="47.60864090" lon="19.14692470"><ele>136.80</ele><time>2025-10-20T14:15:17.860Z</time></trkpt><trkpt lat="47.60864090" lon="19.14692480"><ele>136.81</ele><time>2025-10-20T14:15:18.061Z</time></trkpt><trkpt lat="47.60864090" lon="19.14692480"><ele>136.81</ele><time>2025-10-20T14:15:18.264Z</time></trkpt><trkpt lat="47.60864090" lon="19.14692480"><ele>136.81</ele><time>2025-10-20T14:15:18.467Z</time></trkpt><trkpt lat="47.60864090" lon="19.14692470"><ele>136.81</ele><time>2025-10-20T14:15:18.668Z</time></trkpt><trkpt lat="47.60864090" lon="19.14692470"><ele>136.81</ele><time>2025-10-20T14:15:18.868Z</time></trkpt><trkpt lat="47.60864090" lon="19.14692470"><ele>136.81</ele><time>2025-10-20T14:15:19.070Z</time></trkpt><trkpt lat="47.60864090" lon="19.14692480"><ele>136.82</ele><time>2025-10-20T14:15:19.273Z</time></trkpt><trkpt lat="47.60864090" lon="19.14692480"><ele>136.82</ele><time>2025-10-20T14:15:19.473Z</time></trkpt><trkpt lat="47.60864090" lon="19.14692480"><ele>136.82</ele><time>2025-10-20T14:15:19.673Z</time></trkpt><trkpt lat="47.60864080" lon="19.14692480"><ele>136.82</ele><time>2025-10-20T14:15:19.873Z</time></trkpt><trkpt lat="47.60864080" lon="19.14692480"><ele>136.83</ele><time>2025-10-20T14:15:20.074Z</time></trkpt><trkpt lat="47.60864080" lon="19.14692490"><ele>136.83</ele><time>2025-10-20T14:15:20.276Z</time></trkpt><trkpt lat="47.60864080" lon="19.14692490"><ele>136.83</ele><time>2025-10-20T14:15:20.476Z</time></trkpt><trkpt lat="47.60864070" lon="19.14692490"><ele>136.83</ele><time>2025-10-20T14:15:20.676Z</time></trkpt><trkpt lat="47.60864070" lon="19.14692490"><ele>136.83</ele><time>2025-10-20T14:15:20.876Z</time></trkpt><trkpt lat="47.60864070" lon="19.14692490"><ele>136.83</ele><time>2025-10-20T14:15:21.078Z</time></trkpt><trkpt lat="47.60864070" lon="19.14692480"><ele>136.83</ele><time>2025-10-20T14:15:21.277Z</time></trkpt><trkpt lat="47.60864070" lon="19.14692480"><ele>136.83</ele><time>2025-10-20T14:15:21.479Z</time></trkpt><trkpt lat="47.60864070" lon="19.14692490"><ele>136.83</ele><time>2025-10-20T14:15:21.679Z</time></trkpt><trkpt lat="47.60864070" lon="19.14692490"><ele>136.84</ele><time>2025-10-20T14:15:21.879Z</time></trkpt><trkpt lat="47.60864070" lon="19.14692490"><ele>136.84</ele><time>2025-10-20T14:15:22.079Z</time></trkpt><trkpt lat="47.60864080" lon="19.14692490"><ele>136.85</ele><time>2025-10-20T14:15:22.279Z</time></trkpt><trkpt lat="47.60864080" lon="19.14692490"><ele>136.85</ele><time>2025-10-20T14:15:22.479Z</time></trkpt><trkpt lat="47.60864080" lon="19.14692500"><ele>136.85</ele><time>2025-10-20T14:15:22.679Z</time></trkpt><trkpt lat="47.60864070" lon="19.14692500"><ele>136.85</ele><time>2025-10-20T14:15:22.879Z</time></trkpt><trkpt lat="47.60864070" lon="19.14692500"><ele>136.85</ele><time>2025-10-20T14:15:23.079Z</time></trkpt><trkpt lat="47.60864070" lon="19.14692500"><ele>136.86</ele><time>2025-10-20T14:15:23.280Z</time></trkpt><trkpt lat="47.60864070" lon="19.14692500"><ele>136.86</ele><time>2025-10-20T14:15:23.480Z</time></trkpt><trkpt lat="47.60864070" lon="19.14692500"><ele>136.86</ele><time>2025-10-20T14:15:23.680Z</time></trkpt><trkpt lat="47.60864070" lon="19.14692500"><ele>136.87</ele><time>2025-10-20T14:15:23.880Z</time></trkpt><trkpt lat="47.60864070" lon="19.14692500"><ele>136.86</ele><time>2025-10-20T14:15:24.080Z</time></trkpt><trkpt lat="47.60864070" lon="19.14692500"><ele>136.86</ele><time>2025-10-20T14:15:24.281Z</time></trkpt><trkpt lat="47.60864070" lon="19.14692490"><ele>136.87</ele><time>2025-10-20T14:15:24.480Z</time></trkpt><trkpt lat="47.60864070" lon="19.14692490"><ele>136.87</ele><time>2025-10-20T14:15:24.680Z</time></trkpt><trkpt lat="47.60864070" lon="19.14692490"><ele>136.87</ele><time>2025-10-20T14:15:24.880Z</time></trkpt><trkpt lat="47.60864070" lon="19.14692480"><ele>136.87</ele><time>2025-10-20T14:15:25.081Z</time></trkpt><trkpt lat="47.60864070" lon="19.14692480"><ele>136.87</ele><time>2025-10-20T14:15:25.286Z</time></trkpt><trkpt lat="47.60864070" lon="19.14692490"><ele>136.87</ele><time>2025-10-20T14:15:25.486Z</time></trkpt><trkpt lat="47.60864070" lon="19.14692490"><ele>136.87</ele><time>2025-10-20T14:15:25.667Z</time></trkpt><trkpt lat="47.60864070" lon="19.14692500"><ele>136.88</ele><time>2025-10-20T14:15:25.887Z</time></trkpt><trkpt lat="47.60864070" lon="19.14692500"><ele>136.88</ele><time>2025-10-20T14:15:26.087Z</time></trkpt><trkpt lat="47.60864070" lon="19.14692510"><ele>136.88</ele><time>2025-10-20T14:15:26.287Z</time></trkpt><trkpt lat="47.60864070" lon="19.14692510"><ele>136.87</ele><time>2025-10-20T14:15:26.487Z</time></trkpt><trkpt lat="47.60864070" lon="19.14692510"><ele>136.87</ele><time>2025-10-20T14:15:26.688Z</time></trkpt><trkpt lat="47.60864070" lon="19.14692500"><ele>136.87</ele><time>2025-10-20T14:15:26.888Z</time></trkpt><trkpt lat="47.60864070" lon="19.14692500"><ele>136.88</ele><time>2025-10-20T14:15:27.071Z</time></trkpt><trkpt lat="47.60864070" lon="19.14692490"><ele>136.88</ele><time>2025-10-20T14:15:27.272Z</time></trkpt><trkpt lat="47.60864070" lon="19.14692490"><ele>136.88</ele><time>2025-10-20T14:15:27.492Z</time></trkpt><trkpt lat="47.60864080" lon="19.14692490"><ele>136.89</ele><time>2025-10-20T14:15:27.672Z</time></trkpt><trkpt lat="47.60864080" lon="19.14692490"><ele>136.89</ele><time>2025-10-20T14:15:27.872Z</time></trkpt><trkpt lat="47.60864080" lon="19.14692490"><ele>136.89</ele><time>2025-10-20T14:15:28.073Z</time></trkpt><trkpt lat="47.60864080" lon="19.14692490"><ele>136.90</ele><time>2025-10-20T14:15:28.294Z</time></trkpt><trkpt lat="47.60864070" lon="19.14692490"><ele>136.90</ele><time>2025-10-20T14:15:28.474Z</time></trkpt><trkpt lat="47.60864070" lon="19.14692490"><ele>136.90</ele><time>2025-10-20T14:15:28.674Z</time></trkpt><trkpt lat="47.60864070" lon="19.14692490"><ele>136.90</ele><time>2025-10-20T14:15:28.894Z</time></trkpt><trkpt lat="47.60864070" lon="19.14692490"><ele>136.90</ele><time>2025-10-20T14:15:29.076Z</time></trkpt><trkpt lat="47.60864060" lon="19.14692500"><ele>136.91</ele><time>2025-10-20T14:15:29.277Z</time></trkpt><trkpt lat="47.60864060" lon="19.14692510"><ele>136.91</ele><time>2025-10-20T14:15:29.478Z</time></trkpt><trkpt lat="47.60864060" lon="19.14692510"><ele>136.92</ele><time>2025-10-20T14:15:29.679Z</time></trkpt><trkpt lat="47.60864060" lon="19.14692520"><ele>136.92</ele><time>2025-10-20T14:15:29.879Z</time></trkpt><trkpt lat="47.60864060" lon="19.14692520"><ele>136.92</ele><time>2025-10-20T14:15:30.079Z</time></trkpt><trkpt lat="47.60864060" lon="19.14692510"><ele>136.92</ele><time>2025-10-20T14:15:30.284Z</time></trkpt><trkpt lat="47.60864050" lon="19.14692510"><ele>136.92</ele><time>2025-10-20T14:15:30.484Z</time></trkpt><trkpt lat="47.60864050" lon="19.14692510"><ele>136.92</ele><time>2025-10-20T14:15:30.685Z</time></trkpt><trkpt lat="47.60864050" lon="19.14692510"><ele>136.92</ele><time>2025-10-20T14:15:30.885Z</time></trkpt><trkpt lat="47.60864050" lon="19.14692510"><ele>136.92</ele><time>2025-10-20T14:15:31.084Z</time></trkpt><trkpt lat="47.60864050" lon="19.14692510"><ele>136.92</ele><time>2025-10-20T14:15:31.286Z</time></trkpt><trkpt lat="47.60864050" lon="19.14692510"><ele>136.92</ele><time>2025-10-20T14:15:31.487Z</time></trkpt><trkpt lat="47.60864050" lon="19.14692500"><ele>136.93</ele><time>2025-10-20T14:15:31.688Z</time></trkpt><trkpt lat="47.60864050" lon="19.14692500"><ele>136.93</ele><time>2025-10-20T14:15:31.887Z</time></trkpt><trkpt lat="47.60864050" lon="19.14692500"><ele>136.93</ele><time>2025-10-20T14:15:32.088Z</time></trkpt><trkpt lat="47.60864050" lon="19.14692500"><ele>136.93</ele><time>2025-10-20T14:15:32.289Z</time></trkpt><trkpt lat="47.60864050" lon="19.14692500"><ele>136.93</ele><time>2025-10-20T14:15:32.490Z</time></trkpt><trkpt lat="47.60864050" lon="19.14692500"><ele>136.94</ele><time>2025-10-20T14:15:32.690Z</time></trkpt><trkpt lat="47.60864050" lon="19.14692510"><ele>136.94</ele><time>2025-10-20T14:15:32.890Z</time></trkpt><trkpt lat="47.60864060" lon="19.14692510"><ele>136.94</ele><time>2025-10-20T14:15:33.090Z</time></trkpt><trkpt lat="47.60864060" lon="19.14692500"><ele>136.95</ele><time>2025-10-20T14:15:33.291Z</time></trkpt><trkpt lat="47.60864060" lon="19.14692510"><ele>136.95</ele><time>2025-10-20T14:15:33.491Z</time></trkpt><trkpt lat="47.60864060" lon="19.14692510"><ele>136.95</ele><time>2025-10-20T14:15:33.691Z</time></trkpt><trkpt lat="47.60864070" lon="19.14692510"><ele>136.96</ele><time>2025-10-20T14:15:33.892Z</time></trkpt><trkpt lat="47.60864070" lon="19.14692520"><ele>136.97</ele><time>2025-10-20T14:15:34.092Z</time></trkpt><trkpt lat="47.60864070" lon="19.14692530"><ele>136.97</ele><time>2025-10-20T14:15:34.292Z</time></trkpt><trkpt lat="47.60864080" lon="19.14692530"><ele>136.98</ele><time>2025-10-20T14:15:34.492Z</time></trkpt><trkpt lat="47.60864070" lon="19.14692530"><ele>136.98</ele><time>2025-10-20T14:15:34.692Z</time></trkpt><trkpt lat="47.60864070" lon="19.14692530"><ele>136.98</ele><time>2025-10-20T14:15:34.892Z</time></trkpt><trkpt lat="47.60864080" lon="19.14692530"><ele>136.99</ele><time>2025-10-20T14:15:35.093Z</time></trkpt><trkpt lat="47.60864080" lon="19.14692520"><ele>136.99</ele><time>2025-10-20T14:15:35.293Z</time></trkpt><trkpt lat="47.60864080" lon="19.14692520"><ele>136.99</ele><time>2025-10-20T14:15:35.494Z</time></trkpt><trkpt lat="47.60864080" lon="19.14692510"><ele>137.00</ele><time>2025-10-20T14:15:35.694Z</time></trkpt><trkpt lat="47.60864080" lon="19.14692510"><ele>137.00</ele><time>2025-10-20T14:15:35.893Z</time></trkpt><trkpt lat="47.60864080" lon="19.14692510"><ele>137.01</ele><time>2025-10-20T14:15:36.094Z</time></trkpt><trkpt lat="47.60864070" lon="19.14692510"><ele>137.01</ele><time>2025-10-20T14:15:36.294Z</time></trkpt><trkpt lat="47.60864070" lon="19.14692510"><ele>137.02</ele><time>2025-10-20T14:15:36.495Z</time></trkpt><trkpt lat="47.60864070" lon="19.14692510"><ele>137.02</ele><time>2025-10-20T14:15:36.695Z</time></trkpt><trkpt lat="47.60864070" lon="19.14692510"><ele>137.02</ele><time>2025-10-20T14:15:36.896Z</time></trkpt><trkpt lat="47.60864070" lon="19.14692510"><ele>137.02</ele><time>2025-10-20T14:15:37.097Z</time></trkpt><trkpt lat="47.60864070" lon="19.14692510"><ele>137.02</ele><time>2025-10-20T14:15:37.297Z</time></trkpt><trkpt lat="47.60864070" lon="19.14692510"><ele>137.02</ele><time>2025-10-20T14:15:37.498Z</time></trkpt><trkpt lat="47.60864070" lon="19.14692510"><ele>137.03</ele><time>2025-10-20T14:15:37.698Z</time></trkpt><trkpt lat="47.60864070" lon="19.14692500"><ele>137.03</ele><time>2025-10-20T14:15:37.898Z</time></trkpt><trkpt lat="47.60864070" lon="19.14692490"><ele>137.03</ele><time>2025-10-20T14:15:38.098Z</time></trkpt><trkpt lat="47.60864070" lon="19.14692490"><ele>137.03</ele><time>2025-10-20T14:15:38.300Z</time></trkpt><trkpt lat="47.60864070" lon="19.14692490"><ele>137.03</ele><time>2025-10-20T14:15:38.500Z</time></trkpt><trkpt lat="47.60864070" lon="19.14692490"><ele>137.03</ele><time>2025-10-20T14:15:38.700Z</time></trkpt><trkpt lat="47.60864070" lon="19.14692490"><ele>137.04</ele><time>2025-10-20T14:15:38.900Z</time></trkpt><trkpt lat="47.60864070" lon="19.14692490"><ele>137.04</ele><time>2025-10-20T14:15:39.101Z</time></trkpt><trkpt lat="47.60864070" lon="19.14692490"><ele>137.05</ele><time>2025-10-20T14:15:39.302Z</time></trkpt><trkpt lat="47.60864070" lon="19.14692490"><ele>137.05</ele><time>2025-10-20T14:15:39.502Z</time></trkpt><trkpt lat="47.60864070" lon="19.14692490"><ele>137.05</ele><time>2025-10-20T14:15:39.703Z</time></trkpt><trkpt lat="47.60864060" lon="19.14692490"><ele>137.05</ele><time>2025-10-20T14:15:39.903Z</time></trkpt><trkpt lat="47.60864060" lon="19.14692490"><ele>137.05</ele><time>2025-10-20T14:15:40.123Z</time></trkpt><trkpt lat="47.60864060" lon="19.14692490"><ele>137.04</ele><time>2025-10-20T14:15:40.303Z</time></trkpt><trkpt lat="47.60864060" lon="19.14692480"><ele>137.04</ele><time>2025-10-20T14:15:40.503Z</time></trkpt><trkpt lat="47.60864070" lon="19.14692480"><ele>137.04</ele><time>2025-10-20T14:15:40.704Z</time></trkpt><trkpt lat="47.60864070" lon="19.14692480"><ele>137.04</ele><time>2025-10-20T14:15:40.904Z</time></trkpt><trkpt lat="47.60864070" lon="19.14692480"><ele>137.04</ele><time>2025-10-20T14:15:41.104Z</time></trkpt><trkpt lat="47.60864070" lon="19.14692490"><ele>137.05</ele><time>2025-10-20T14:15:41.305Z</time></trkpt><trkpt lat="47.60864070" lon="19.14692490"><ele>137.05</ele><time>2025-10-20T14:15:41.505Z</time></trkpt><trkpt lat="47.60864070" lon="19.14692490"><ele>137.06</ele><time>2025-10-20T14:15:41.705Z</time></trkpt><trkpt lat="47.60864070" lon="19.14692490"><ele>137.06</ele><time>2025-10-20T14:15:41.906Z</time></trkpt><trkpt lat="47.60864070" lon="19.14692500"><ele>137.07</ele><time>2025-10-20T14:15:42.106Z</time></trkpt><trkpt lat="47.60864070" lon="19.14692500"><ele>137.07</ele><time>2025-10-20T14:15:42.307Z</time></trkpt><trkpt lat="47.60864070" lon="19.14692500"><ele>137.08</ele><time>2025-10-20T14:15:42.506Z</time></trkpt><trkpt lat="47.60864070" lon="19.14692500"><ele>137.08</ele><time>2025-10-20T14:15:42.706Z</time></trkpt><trkpt lat="47.60864070" lon="19.14692500"><ele>137.09</ele><time>2025-10-20T14:15:42.907Z</time></trkpt><trkpt lat="47.60864080" lon="19.14692500"><ele>137.09</ele><time>2025-10-20T14:15:43.107Z</time></trkpt><trkpt lat="47.60864080" lon="19.14692510"><ele>137.10</ele><time>2025-10-20T14:15:43.307Z</time></trkpt><trkpt lat="47.60864080" lon="19.14692510"><ele>137.10</ele><time>2025-10-20T14:15:43.507Z</time></trkpt><trkpt lat="47.60864080" lon="19.14692510"><ele>137.11</ele><time>2025-10-20T14:15:43.707Z</time></trkpt><trkpt lat="47.60864080" lon="19.14692510"><ele>137.11</ele><time>2025-10-20T14:15:43.908Z</time></trkpt><trkpt lat="47.60864080" lon="19.14692510"><ele>137.11</ele><time>2025-10-20T14:15:44.109Z</time></trkpt><trkpt lat="47.60864070" lon="19.14692520"><ele>137.11</ele><time>2025-10-20T14:15:44.311Z</time></trkpt><trkpt lat="47.60864070" lon="19.14692520"><ele>137.11</ele><time>2025-10-20T14:15:44.512Z</time></trkpt><trkpt lat="47.60864070" lon="19.14692520"><ele>137.12</ele><time>2025-10-20T14:15:44.713Z</time></trkpt><trkpt lat="47.60864070" lon="19.14692520"><ele>137.12</ele><time>2025-10-20T14:15:44.914Z</time></trkpt><trkpt lat="47.60864060" lon="19.14692520"><ele>137.13</ele><time>2025-10-20T14:15:45.116Z</time></trkpt><trkpt lat="47.60864060" lon="19.14692520"><ele>137.13</ele><time>2025-10-20T14:15:45.319Z</time></trkpt><trkpt lat="47.60864060" lon="19.14692510"><ele>137.13</ele><time>2025-10-20T14:15:45.520Z</time></trkpt><trkpt lat="47.60864060" lon="19.14692510"><ele>137.14</ele><time>2025-10-20T14:15:45.721Z</time></trkpt><trkpt lat="47.60864060" lon="19.14692510"><ele>137.14</ele><time>2025-10-20T14:15:45.922Z</time></trkpt><trkpt lat="47.60864060" lon="19.14692500"><ele>137.14</ele><time>2025-10-20T14:15:46.123Z</time></trkpt><trkpt lat="47.60864060" lon="19.14692500"><ele>137.14</ele><time>2025-10-20T14:15:46.305Z</time></trkpt><trkpt lat="47.60864060" lon="19.14692500"><ele>137.14</ele><time>2025-10-20T14:15:46.506Z</time></trkpt><trkpt lat="47.60864050" lon="19.14692500"><ele>137.14</ele><time>2025-10-20T14:15:46.728Z</time></trkpt><trkpt lat="47.60864050" lon="19.14692500"><ele>137.14</ele><time>2025-10-20T14:15:46.908Z</time></trkpt><trkpt lat="47.60864050" lon="19.14692500"><ele>137.15</ele><time>2025-10-20T14:15:47.109Z</time></trkpt><trkpt lat="47.60864050" lon="19.14692500"><ele>137.15</ele><time>2025-10-20T14:15:47.310Z</time></trkpt><trkpt lat="47.60864040" lon="19.14692510"><ele>137.15</ele><time>2025-10-20T14:15:47.510Z</time></trkpt><trkpt lat="47.60864040" lon="19.14692510"><ele>137.15</ele><time>2025-10-20T14:15:47.712Z</time></trkpt><trkpt lat="47.60864040" lon="19.14692510"><ele>137.15</ele><time>2025-10-20T14:15:47.912Z</time></trkpt><trkpt lat="47.60864050" lon="19.14692510"><ele>137.16</ele><time>2025-10-20T14:15:48.113Z</time></trkpt><trkpt lat="47.60864050" lon="19.14692510"><ele>137.16</ele><time>2025-10-20T14:15:48.314Z</time></trkpt><trkpt lat="47.60864050" lon="19.14692520"><ele>137.17</ele><time>2025-10-20T14:15:48.514Z</time></trkpt><trkpt lat="47.60864050" lon="19.14692520"><ele>137.17</ele><time>2025-10-20T14:15:48.715Z</time></trkpt><trkpt lat="47.60864050" lon="19.14692520"><ele>137.17</ele><time>2025-10-20T14:15:48.915Z</time></trkpt><trkpt lat="47.60864050" lon="19.14692520"><ele>137.17</ele><time>2025-10-20T14:15:49.115Z</time></trkpt><trkpt lat="47.60864050" lon="19.14692530"><ele>137.17</ele><time>2025-10-20T14:15:49.317Z</time></trkpt><trkpt lat="47.60864050" lon="19.14692530"><ele>137.17</ele><time>2025-10-20T14:15:49.518Z</time></trkpt><trkpt lat="47.60864050" lon="19.14692520"><ele>137.18</ele><time>2025-10-20T14:15:49.719Z</time></trkpt><trkpt lat="47.60864060" lon="19.14692520"><ele>137.18</ele><time>2025-10-20T14:15:49.918Z</time></trkpt><trkpt lat="47.60864050" lon="19.14692520"><ele>137.18</ele><time>2025-10-20T14:15:50.118Z</time></trkpt><trkpt lat="47.60864050" lon="19.14692520"><ele>137.18</ele><time>2025-10-20T14:15:50.321Z</time></trkpt><trkpt lat="47.60864050" lon="19.14692520"><ele>137.19</ele><time>2025-10-20T14:15:50.522Z</time></trkpt><trkpt lat="47.60864060" lon="19.14692520"><ele>137.19</ele><time>2025-10-20T14:15:50.723Z</time></trkpt><trkpt lat="47.60864060" lon="19.14692520"><ele>137.19</ele><time>2025-10-20T14:15:50.924Z</time></trkpt><trkpt lat="47.60864060" lon="19.14692530"><ele>137.20</ele><time>2025-10-20T14:15:51.124Z</time></trkpt><trkpt lat="47.60864060" lon="19.14692530"><ele>137.19</ele><time>2025-10-20T14:15:51.324Z</time></trkpt><trkpt lat="47.60864060" lon="19.14692530"><ele>137.19</ele><time>2025-10-20T14:15:51.524Z</time></trkpt><trkpt lat="47.60864070" lon="19.14692520"><ele>137.19</ele><time>2025-10-20T14:15:51.724Z</time></trkpt><trkpt lat="47.60864070" lon="19.14692520"><ele>137.19</ele><time>2025-10-20T14:15:51.924Z</time></trkpt><trkpt lat="47.60864080" lon="19.14692520"><ele>137.20</ele><time>2025-10-20T14:15:52.125Z</time></trkpt><trkpt lat="47.60864080" lon="19.14692520"><ele>137.20</ele><time>2025-10-20T14:15:52.325Z</time></trkpt><trkpt lat="47.60864080" lon="19.14692520"><ele>137.21</ele><time>2025-10-20T14:15:52.524Z</time></trkpt><trkpt lat="47.60864080" lon="19.14692530"><ele>137.21</ele><time>2025-10-20T14:15:52.725Z</time></trkpt><trkpt lat="47.60864080" lon="19.14692530"><ele>137.21</ele><time>2025-10-20T14:15:52.925Z</time></trkpt><trkpt lat="47.60864080" lon="19.14692530"><ele>137.21</ele><time>2025-10-20T14:15:53.125Z</time></trkpt><trkpt lat="47.60864080" lon="19.14692530"><ele>137.22</ele><time>2025-10-20T14:15:53.327Z</time></trkpt><trkpt lat="47.60864080" lon="19.14692530"><ele>137.21</ele><time>2025-10-20T14:15:53.527Z</time></trkpt><trkpt lat="47.60864080" lon="19.14692520"><ele>137.21</ele><time>2025-10-20T14:15:53.728Z</time></trkpt><trkpt lat="47.60864080" lon="19.14692520"><ele>137.21</ele><time>2025-10-20T14:15:53.929Z</time></trkpt><trkpt lat="47.60864080" lon="19.14692520"><ele>137.21</ele><time>2025-10-20T14:15:54.130Z</time></trkpt><trkpt lat="47.60864070" lon="19.14692520"><ele>137.21</ele><time>2025-10-20T14:15:54.294Z</time></trkpt><trkpt lat="47.60864070" lon="19.14692520"><ele>137.22</ele><time>2025-10-20T14:15:54.516Z</time></trkpt><trkpt lat="47.60864070" lon="19.14692510"><ele>137.22</ele><time>2025-10-20T14:15:54.716Z</time></trkpt><trkpt lat="47.60864070" lon="19.14692510"><ele>137.23</ele><time>2025-10-20T14:15:54.917Z</time></trkpt><trkpt lat="47.60864060" lon="19.14692520"><ele>137.23</ele><time>2025-10-20T14:15:55.116Z</time></trkpt><trkpt lat="47.60864060" lon="19.14692520"><ele>137.24</ele><time>2025-10-20T14:15:55.318Z</time></trkpt><trkpt lat="47.60864060" lon="19.14692530"><ele>137.25</ele><time>2025-10-20T14:15:55.518Z</time></trkpt><trkpt lat="47.60864060" lon="19.14692530"><ele>137.25</ele><time>2025-10-20T14:15:55.738Z</time></trkpt><trkpt lat="47.60864060" lon="19.14692530"><ele>137.26</ele><time>2025-10-20T14:15:55.918Z</time></trkpt><trkpt lat="47.60864060" lon="19.14692530"><ele>137.26</ele><time>2025-10-20T14:15:56.119Z</time></trkpt><trkpt lat="47.60864060" lon="19.14692530"><ele>137.27</ele><time>2025-10-20T14:15:56.320Z</time></trkpt><trkpt lat="47.60864060" lon="19.14692530"><ele>137.27</ele><time>2025-10-20T14:15:56.520Z</time></trkpt><trkpt lat="47.60864070" lon="19.14692530"><ele>137.28</ele><time>2025-10-20T14:15:56.721Z</time></trkpt><trkpt lat="47.60864070" lon="19.14692530"><ele>137.28</ele><time>2025-10-20T14:15:56.901Z</time></trkpt><trkpt lat="47.60864070" lon="19.14692530"><ele>137.29</ele><time>2025-10-20T14:15:57.122Z</time></trkpt><trkpt lat="47.60864070" lon="19.14692530"><ele>137.29</ele><time>2025-10-20T14:15:57.302Z</time></trkpt><trkpt lat="47.60864070" lon="19.14692530"><ele>137.29</ele><time>2025-10-20T14:15:57.522Z</time></trkpt><trkpt lat="47.60864080" lon="19.14692530"><ele>137.29</ele><time>2025-10-20T14:15:57.723Z</time></trkpt><trkpt lat="47.60864080" lon="19.14692530"><ele>137.29</ele><time>2025-10-20T14:15:57.924Z</time></trkpt><trkpt lat="47.60864080" lon="19.14692530"><ele>137.29</ele><time>2025-10-20T14:15:58.124Z</time></trkpt><trkpt lat="47.60864080" lon="19.14692530"><ele>137.30</ele><time>2025-10-20T14:15:58.306Z</time></trkpt><trkpt lat="47.60864090" lon="19.14692540"><ele>137.30</ele><time>2025-10-20T14:15:58.526Z</time></trkpt><trkpt lat="47.60864090" lon="19.14692540"><ele>137.30</ele><time>2025-10-20T14:15:58.726Z</time></trkpt><trkpt lat="47.60864090" lon="19.14692550"><ele>137.30</ele><time>2025-10-20T14:15:58.926Z</time></trkpt><trkpt lat="47.60864080" lon="19.14692550"><ele>137.30</ele><time>2025-10-20T14:15:59.126Z</time></trkpt><trkpt lat="47.60864080" lon="19.14692550"><ele>137.30</ele><time>2025-10-20T14:15:59.327Z</time></trkpt><trkpt lat="47.60864080" lon="19.14692550"><ele>137.30</ele><time>2025-10-20T14:15:59.528Z</time></trkpt><trkpt lat="47.60864080" lon="19.14692550"><ele>137.30</ele><time>2025-10-20T14:15:59.728Z</time></trkpt><trkpt lat="47.60864080" lon="19.14692550"><ele>137.30</ele><time>2025-10-20T14:15:59.928Z</time></trkpt><trkpt lat="47.60864080" lon="19.14692550"><ele>137.30</ele><time>2025-10-20T14:16:00.128Z</time></trkpt><trkpt lat="47.60864080" lon="19.14692550"><ele>137.31</ele><time>2025-10-20T14:16:00.329Z</time></trkpt><trkpt lat="47.60864080" lon="19.14692550"><ele>137.31</ele><time>2025-10-20T14:16:00.529Z</time></trkpt><trkpt lat="47.60864080" lon="19.14692550"><ele>137.31</ele><time>2025-10-20T14:16:00.729Z</time></trkpt><trkpt lat="47.60864080" lon="19.14692550"><ele>137.31</ele><time>2025-10-20T14:16:00.929Z</time></trkpt><trkpt lat="47.60864080" lon="19.14692550"><ele>137.31</ele><time>2025-10-20T14:16:01.129Z</time></trkpt><trkpt lat="47.60864070" lon="19.14692550"><ele>137.31</ele><time>2025-10-20T14:16:01.332Z</time></trkpt><trkpt lat="47.60864070" lon="19.14692550"><ele>137.31</ele><time>2025-10-20T14:16:01.532Z</time></trkpt><trkpt lat="47.60864070" lon="19.14692550"><ele>137.31</ele><time>2025-10-20T14:16:01.732Z</time></trkpt><trkpt lat="47.60864070" lon="19.14692540"><ele>137.31</ele><time>2025-10-20T14:16:01.933Z</time></trkpt><trkpt lat="47.60864070" lon="19.14692540"><ele>137.31</ele><time>2025-10-20T14:16:02.132Z</time></trkpt><trkpt lat="47.60864070" lon="19.14692540"><ele>137.31</ele><time>2025-10-20T14:16:02.334Z</time></trkpt><trkpt lat="47.60864060" lon="19.14692540"><ele>137.31</ele><time>2025-10-20T14:16:02.534Z</time></trkpt><trkpt lat="47.60864060" lon="19.14692530"><ele>137.31</ele><time>2025-10-20T14:16:02.735Z</time></trkpt><trkpt lat="47.60864060" lon="19.14692540"><ele>137.31</ele><time>2025-10-20T14:16:02.935Z</time></trkpt><trkpt lat="47.60864060" lon="19.14692540"><ele>137.30</ele><time>2025-10-20T14:16:03.135Z</time></trkpt><trkpt lat="47.60864060" lon="19.14692540"><ele>137.31</ele><time>2025-10-20T14:16:03.337Z</time></trkpt><trkpt lat="47.60864060" lon="19.14692540"><ele>137.30</ele><time>2025-10-20T14:16:03.538Z</time></trkpt><trkpt lat="47.60864060" lon="19.14692540"><ele>137.30</ele><time>2025-10-20T14:16:03.739Z</time></trkpt><trkpt lat="47.60864060" lon="19.14692540"><ele>137.30</ele><time>2025-10-20T14:16:03.939Z</time></trkpt><trkpt lat="47.60864050" lon="19.14692540"><ele>137.30</ele><time>2025-10-20T14:16:04.139Z</time></trkpt><trkpt lat="47.60864050" lon="19.14692530"><ele>137.30</ele><time>2025-10-20T14:16:04.341Z</time></trkpt><trkpt lat="47.60864060" lon="19.14692530"><ele>137.31</ele><time>2025-10-20T14:16:04.541Z</time></trkpt><trkpt lat="47.60864060" lon="19.14692530"><ele>137.31</ele><time>2025-10-20T14:16:04.743Z</time></trkpt><trkpt lat="47.60864060" lon="19.14692530"><ele>137.32</ele><time>2025-10-20T14:16:04.944Z</time></trkpt><trkpt lat="47.60864070" lon="19.14692530"><ele>137.32</ele><time>2025-10-20T14:16:05.145Z</time></trkpt><trkpt lat="47.60864070" lon="19.14692530"><ele>137.33</ele><time>2025-10-20T14:16:05.350Z</time></trkpt><trkpt lat="47.60864070" lon="19.14692530"><ele>137.33</ele><time>2025-10-20T14:16:05.550Z</time></trkpt><trkpt lat="47.60864080" lon="19.14692530"><ele>137.33</ele><time>2025-10-20T14:16:05.751Z</time></trkpt><trkpt lat="47.60864080" lon="19.14692530"><ele>137.33</ele><time>2025-10-20T14:16:05.951Z</time></trkpt><trkpt lat="47.60864080" lon="19.14692540"><ele>137.33</ele><time>2025-10-20T14:16:06.151Z</time></trkpt><trkpt lat="47.60864080" lon="19.14692540"><ele>137.34</ele><time>2025-10-20T14:16:06.336Z</time></trkpt><trkpt lat="47.60864080" lon="19.14692540"><ele>137.34</ele><time>2025-10-20T14:16:06.555Z</time></trkpt><trkpt lat="47.60864080" lon="19.14692530"><ele>137.34</ele><time>2025-10-20T14:16:06.756Z</time></trkpt><trkpt lat="47.60864080" lon="19.14692540"><ele>137.34</ele><time>2025-10-20T14:16:06.957Z</time></trkpt><trkpt lat="47.60864080" lon="19.14692540"><ele>137.34</ele><time>2025-10-20T14:16:07.138Z</time></trkpt><trkpt lat="47.60864080" lon="19.14692540"><ele>137.34</ele><time>2025-10-20T14:16:07.339Z</time></trkpt><trkpt lat="47.60864070" lon="19.14692540"><ele>137.34</ele><time>2025-10-20T14:16:07.538Z</time></trkpt><trkpt lat="47.60864070" lon="19.14692550"><ele>137.35</ele><time>2025-10-20T14:16:07.739Z</time></trkpt><trkpt lat="47.60864070" lon="19.14692550"><ele>137.35</ele><time>2025-10-20T14:16:07.959Z</time></trkpt><trkpt lat="47.60864070" lon="19.14692550"><ele>137.35</ele><time>2025-10-20T14:16:08.140Z</time></trkpt><trkpt lat="47.60864070" lon="19.14692550"><ele>137.35</ele><time>2025-10-20T14:16:08.342Z</time></trkpt><trkpt lat="47.60864070" lon="19.14692550"><ele>137.36</ele><time>2025-10-20T14:16:08.543Z</time></trkpt><trkpt lat="47.60864070" lon="19.14692560"><ele>137.36</ele><time>2025-10-20T14:16:08.763Z</time></trkpt><trkpt lat="47.60864070" lon="19.14692550"><ele>137.36</ele><time>2025-10-20T14:16:08.943Z</time></trkpt><trkpt lat="47.60864070" lon="19.14692550"><ele>137.36</ele><time>2025-10-20T14:16:09.145Z</time></trkpt><trkpt lat="47.60864060" lon="19.14692560"><ele>137.37</ele><time>2025-10-20T14:16:09.345Z</time></trkpt><trkpt lat="47.60864060" lon="19.14692560"><ele>137.37</ele><time>2025-10-20T14:16:09.545Z</time></trkpt><trkpt lat="47.60864060" lon="19.14692560"><ele>137.37</ele><time>2025-10-20T14:16:09.745Z</time></trkpt><trkpt lat="47.60864060" lon="19.14692560"><ele>137.37</ele><time>2025-10-20T14:16:09.945Z</time></trkpt><trkpt lat="47.60864050" lon="19.14692560"><ele>137.38</ele><time>2025-10-20T14:16:10.147Z</time></trkpt><trkpt lat="47.60864050" lon="19.14692560"><ele>137.38</ele><time>2025-10-20T14:16:10.348Z</time></trkpt><trkpt lat="47.60864050" lon="19.14692560"><ele>137.38</ele><time>2025-10-20T14:16:10.549Z</time></trkpt><trkpt lat="47.60864050" lon="19.14692560"><ele>137.39</ele><time>2025-10-20T14:16:10.748Z</time></trkpt><trkpt lat="47.60864050" lon="19.14692560"><ele>137.39</ele><time>2025-10-20T14:16:10.949Z</time></trkpt><trkpt lat="47.60864050" lon="19.14692560"><ele>137.39</ele><time>2025-10-20T14:16:11.150Z</time></trkpt><trkpt lat="47.60864050" lon="19.14692560"><ele>137.39</ele><time>2025-10-20T14:16:11.351Z</time></trkpt><trkpt lat="47.60864050" lon="19.14692560"><ele>137.39</ele><time>2025-10-20T14:16:11.551Z</time></trkpt><trkpt lat="47.60864050" lon="19.14692560"><ele>137.40</ele><time>2025-10-20T14:16:11.751Z</time></trkpt><trkpt lat="47.60864050" lon="19.14692550"><ele>137.40</ele><time>2025-10-20T14:16:11.951Z</time></trkpt><trkpt lat="47.60864050" lon="19.14692550"><ele>137.41</ele><time>2025-10-20T14:16:12.152Z</time></trkpt><trkpt lat="47.60864060" lon="19.14692550"><ele>137.41</ele><time>2025-10-20T14:16:12.355Z</time></trkpt><trkpt lat="47.60864060" lon="19.14692550"><ele>137.41</ele><time>2025-10-20T14:16:12.555Z</time></trkpt><trkpt lat="47.60864060" lon="19.14692550"><ele>137.41</ele><time>2025-10-20T14:16:12.756Z</time></trkpt><trkpt lat="47.60864060" lon="19.14692540"><ele>137.41</ele><time>2025-10-20T14:16:12.956Z</time></trkpt><trkpt lat="47.60864060" lon="19.14692540"><ele>137.42</ele><time>2025-10-20T14:16:13.157Z</time></trkpt><trkpt lat="47.60864060" lon="19.14692540"><ele>137.42</ele><time>2025-10-20T14:16:13.358Z</time></trkpt><trkpt lat="47.60864060" lon="19.14692550"><ele>137.42</ele><time>2025-10-20T14:16:13.559Z</time></trkpt><trkpt lat="47.60864060" lon="19.14692550"><ele>137.43</ele><time>2025-10-20T14:16:13.760Z</time></trkpt><trkpt lat="47.60864060" lon="19.14692550"><ele>137.43</ele><time>2025-10-20T14:16:13.962Z</time></trkpt><trkpt lat="47.60864060" lon="19.14692550"><ele>137.43</ele><time>2025-10-20T14:16:14.163Z</time></trkpt><trkpt lat="47.60864060" lon="19.14692550"><ele>137.43</ele><time>2025-10-20T14:16:14.384Z</time></trkpt><trkpt lat="47.60864060" lon="19.14692550"><ele>137.43</ele><time>2025-10-20T14:16:14.564Z</time></trkpt><trkpt lat="47.60864060" lon="19.14692550"><ele>137.43</ele><time>2025-10-20T14:16:14.784Z</time></trkpt><trkpt lat="47.60864060" lon="19.14692550"><ele>137.43</ele><time>2025-10-20T14:16:14.966Z</time></trkpt><trkpt lat="47.60864060" lon="19.14692550"><ele>137.43</ele><time>2025-10-20T14:16:15.166Z</time></trkpt><trkpt lat="47.60864070" lon="19.14692550"><ele>137.43</ele><time>2025-10-20T14:16:15.369Z</time></trkpt><trkpt lat="47.60864070" lon="19.14692550"><ele>137.43</ele><time>2025-10-20T14:16:15.569Z</time></trkpt><trkpt lat="47.60864070" lon="19.14692550"><ele>137.43</ele><time>2025-10-20T14:16:15.770Z</time></trkpt><trkpt lat="47.60864070" lon="19.14692550"><ele>137.42</ele><time>2025-10-20T14:16:15.971Z</time></trkpt><trkpt lat="47.60864070" lon="19.14692550"><ele>137.42</ele><time>2025-10-20T14:16:16.173Z</time></trkpt><trkpt lat="47.60864070" lon="19.14692550"><ele>137.42</ele><time>2025-10-20T14:16:16.374Z</time></trkpt><trkpt lat="47.60864070" lon="19.14692550"><ele>137.43</ele><time>2025-10-20T14:16:16.574Z</time></trkpt><trkpt lat="47.60864070" lon="19.14692550"><ele>137.43</ele><time>2025-10-20T14:16:16.794Z</time></trkpt><trkpt lat="47.60864070" lon="19.14692550"><ele>137.42</ele><time>2025-10-20T14:16:16.995Z</time></trkpt><trkpt lat="47.60864070" lon="19.14692550"><ele>137.43</ele><time>2025-10-20T14:16:17.177Z</time></trkpt><trkpt lat="47.60864070" lon="19.14692550"><ele>137.43</ele><time>2025-10-20T14:16:17.378Z</time></trkpt><trkpt lat="47.60864070" lon="19.14692550"><ele>137.43</ele><time>2025-10-20T14:16:17.579Z</time></trkpt><trkpt lat="47.60864070" lon="19.14692550"><ele>137.43</ele><time>2025-10-20T14:16:17.780Z</time></trkpt><trkpt lat="47.60864070" lon="19.14692550"><ele>137.43</ele><time>2025-10-20T14:16:17.980Z</time></trkpt><trkpt lat="47.60864070" lon="19.14692550"><ele>137.43</ele><time>2025-10-20T14:16:18.182Z</time></trkpt><trkpt lat="47.60864070" lon="19.14692550"><ele>137.43</ele><time>2025-10-20T14:16:18.383Z</time></trkpt><trkpt lat="47.60864070" lon="19.14692550"><ele>137.42</ele><time>2025-10-20T14:16:18.583Z</time></trkpt><trkpt lat="47.60864060" lon="19.14692550"><ele>137.42</ele><time>2025-10-20T14:16:18.784Z</time></trkpt><trkpt lat="47.60864060" lon="19.14692550"><ele>137.42</ele><time>2025-10-20T14:16:18.986Z</time></trkpt><trkpt lat="47.60864060" lon="19.14692550"><ele>137.42</ele><time>2025-10-20T14:16:19.186Z</time></trkpt><trkpt lat="47.60864060" lon="19.14692550"><ele>137.42</ele><time>2025-10-20T14:16:19.388Z</time></trkpt><trkpt lat="47.60864060" lon="19.14692560"><ele>137.42</ele><time>2025-10-20T14:16:19.589Z</time></trkpt><trkpt lat="47.60864050" lon="19.14692560"><ele>137.42</ele><time>2025-10-20T14:16:19.790Z</time></trkpt><trkpt lat="47.60864050" lon="19.14692560"><ele>137.42</ele><time>2025-10-20T14:16:19.990Z</time></trkpt><trkpt lat="47.60864050" lon="19.14692560"><ele>137.43</ele><time>2025-10-20T14:16:20.192Z</time></trkpt><trkpt lat="47.60864050" lon="19.14692560"><ele>137.43</ele><time>2025-10-20T14:16:20.391Z</time></trkpt><trkpt lat="47.60864050" lon="19.14692560"><ele>137.44</ele><time>2025-10-20T14:16:20.593Z</time></trkpt><trkpt lat="47.60864050" lon="19.14692560"><ele>137.44</ele><time>2025-10-20T14:16:20.793Z</time></trkpt><trkpt lat="47.60864050" lon="19.14692560"><ele>137.44</ele><time>2025-10-20T14:16:20.993Z</time></trkpt><trkpt lat="47.60864050" lon="19.14692560"><ele>137.44</ele><time>2025-10-20T14:16:21.193Z</time></trkpt><trkpt lat="47.60864050" lon="19.14692560"><ele>137.44</ele><time>2025-10-20T14:16:21.376Z</time></trkpt><trkpt lat="47.60864060" lon="19.14692560"><ele>137.44</ele><time>2025-10-20T14:16:21.596Z</time></trkpt><trkpt lat="47.60864060" lon="19.14692560"><ele>137.44</ele><time>2025-10-20T14:16:21.797Z</time></trkpt><trkpt lat="47.60864060" lon="19.14692560"><ele>137.44</ele><time>2025-10-20T14:16:21.997Z</time></trkpt><trkpt lat="47.60864060" lon="19.14692560"><ele>137.45</ele><time>2025-10-20T14:16:22.198Z</time></trkpt><trkpt lat="47.60864070" lon="19.14692570"><ele>137.45</ele><time>2025-10-20T14:16:22.398Z</time></trkpt><trkpt lat="47.60864070" lon="19.14692570"><ele>137.45</ele><time>2025-10-20T14:16:22.599Z</time></trkpt><trkpt lat="47.60864070" lon="19.14692570"><ele>137.45</ele><time>2025-10-20T14:16:22.799Z</time></trkpt><trkpt lat="47.60864070" lon="19.14692570"><ele>137.46</ele><time>2025-10-20T14:16:22.999Z</time></trkpt><trkpt lat="47.60864070" lon="19.14692570"><ele>137.46</ele><time>2025-10-20T14:16:23.200Z</time></trkpt><trkpt lat="47.60864070" lon="19.14692570"><ele>137.46</ele><time>2025-10-20T14:16:23.402Z</time></trkpt><trkpt lat="47.60864070" lon="19.14692570"><ele>137.47</ele><time>2025-10-20T14:16:23.603Z</time></trkpt><trkpt lat="47.60864070" lon="19.14692570"><ele>137.47</ele><time>2025-10-20T14:16:23.803Z</time></trkpt><trkpt lat="47.60864070" lon="19.14692560"><ele>137.47</ele><time>2025-10-20T14:16:24.003Z</time></trkpt><trkpt lat="47.60864070" lon="19.14692560"><ele>137.47</ele><time>2025-10-20T14:16:24.203Z</time></trkpt><trkpt lat="47.60864070" lon="19.14692560"><ele>137.47</ele><time>2025-10-20T14:16:24.405Z</time></trkpt><trkpt lat="47.60864070" lon="19.14692560"><ele>137.47</ele><time>2025-10-20T14:16:24.604Z</time></trkpt><trkpt lat="47.60864070" lon="19.14692560"><ele>137.47</ele><time>2025-10-20T14:16:24.804Z</time></trkpt><trkpt lat="47.60864070" lon="19.14692560"><ele>137.48</ele><time>2025-10-20T14:16:25.005Z</time></trkpt><trkpt lat="47.60864070" lon="19.14692560"><ele>137.48</ele><time>2025-10-20T14:16:25.224Z</time></trkpt><trkpt lat="47.60864070" lon="19.14692570"><ele>137.48</ele><time>2025-10-20T14:16:25.385Z</time></trkpt><trkpt lat="47.60864060" lon="19.14692570"><ele>137.48</ele><time>2025-10-20T14:16:25.605Z</time></trkpt><trkpt lat="47.60864060" lon="19.14692570"><ele>137.49</ele><time>2025-10-20T14:16:25.807Z</time></trkpt><trkpt lat="47.60864060" lon="19.14692570"><ele>137.49</ele><time>2025-10-20T14:16:26.008Z</time></trkpt><trkpt lat="47.60864060" lon="19.14692570"><ele>137.49</ele><time>2025-10-20T14:16:26.210Z</time></trkpt><trkpt lat="47.60864060" lon="19.14692570"><ele>137.49</ele><time>2025-10-20T14:16:26.411Z</time></trkpt><trkpt lat="47.60864060" lon="19.14692570"><ele>137.49</ele><time>2025-10-20T14:16:26.611Z</time></trkpt><trkpt lat="47.60864060" lon="19.14692570"><ele>137.50</ele><time>2025-10-20T14:16:26.812Z</time></trkpt><trkpt lat="47.60864060" lon="19.14692570"><ele>137.50</ele><time>2025-10-20T14:16:27.012Z</time></trkpt><trkpt lat="47.60864050" lon="19.14692570"><ele>137.50</ele><time>2025-10-20T14:16:27.216Z</time></trkpt><trkpt lat="47.60864050" lon="19.14692570"><ele>137.50</ele><time>2025-10-20T14:16:27.416Z</time></trkpt><trkpt lat="47.60864050" lon="19.14692560"><ele>137.50</ele><time>2025-10-20T14:16:27.616Z</time></trkpt><trkpt lat="47.60864050" lon="19.14692570"><ele>137.50</ele><time>2025-10-20T14:16:27.816Z</time></trkpt><trkpt lat="47.60864050" lon="19.14692570"><ele>137.50</ele><time>2025-10-20T14:16:27.996Z</time></trkpt><trkpt lat="47.60864050" lon="19.14692570"><ele>137.50</ele><time>2025-10-20T14:16:28.197Z</time></trkpt><trkpt lat="47.60864050" lon="19.14692580"><ele>137.51</ele><time>2025-10-20T14:16:28.418Z</time></trkpt><trkpt lat="47.60864050" lon="19.14692580"><ele>137.51</ele><time>2025-10-20T14:16:28.618Z</time></trkpt><trkpt lat="47.60864050" lon="19.14692580"><ele>137.51</ele><time>2025-10-20T14:16:28.818Z</time></trkpt><trkpt lat="47.60864050" lon="19.14692570"><ele>137.51</ele><time>2025-10-20T14:16:29.018Z</time></trkpt><trkpt lat="47.60864060" lon="19.14692570"><ele>137.51</ele><time>2025-10-20T14:16:29.198Z</time></trkpt><trkpt lat="47.60864060" lon="19.14692570"><ele>137.51</ele><time>2025-10-20T14:16:29.420Z</time></trkpt><trkpt lat="47.60864060" lon="19.14692570"><ele>137.51</ele><time>2025-10-20T14:16:29.620Z</time></trkpt><trkpt lat="47.60864060" lon="19.14692560"><ele>137.51</ele><time>2025-10-20T14:16:29.819Z</time></trkpt><trkpt lat="47.60864060" lon="19.14692560"><ele>137.51</ele><time>2025-10-20T14:16:30.019Z</time></trkpt><trkpt lat="47.60864060" lon="19.14692560"><ele>137.51</ele><time>2025-10-20T14:16:30.199Z</time></trkpt><trkpt lat="47.60864060" lon="19.14692560"><ele>137.51</ele><time>2025-10-20T14:16:30.419Z</time></trkpt><trkpt lat="47.60864050" lon="19.14692560"><ele>137.51</ele><time>2025-10-20T14:16:30.620Z</time></trkpt><trkpt lat="47.60864060" lon="19.14692560"><ele>137.51</ele><time>2025-10-20T14:16:30.819Z</time></trkpt><trkpt lat="47.60864060" lon="19.14692560"><ele>137.51</ele><time>2025-10-20T14:16:31.019Z</time></trkpt><trkpt lat="47.60864060" lon="19.14692560"><ele>137.51</ele><time>2025-10-20T14:16:31.219Z</time></trkpt><trkpt lat="47.60864060" lon="19.14692560"><ele>137.52</ele><time>2025-10-20T14:16:31.421Z</time></trkpt><trkpt lat="47.60864060" lon="19.14692560"><ele>137.53</ele><time>2025-10-20T14:16:31.622Z</time></trkpt><trkpt lat="47.60864060" lon="19.14692560"><ele>137.52</ele><time>2025-10-20T14:16:31.821Z</time></trkpt><trkpt lat="47.60864060" lon="19.14692560"><ele>137.52</ele><time>2025-10-20T14:16:32.021Z</time></trkpt><trkpt lat="47.60864060" lon="19.14692560"><ele>137.53</ele><time>2025-10-20T14:16:32.221Z</time></trkpt><trkpt lat="47.60864060" lon="19.14692560"><ele>137.53</ele><time>2025-10-20T14:16:32.422Z</time></trkpt><trkpt lat="47.60864070" lon="19.14692570"><ele>137.54</ele><time>2025-10-20T14:16:32.622Z</time></trkpt><trkpt lat="47.60864070" lon="19.14692570"><ele>137.54</ele><time>2025-10-20T14:16:32.822Z</time></trkpt><trkpt lat="47.60864070" lon="19.14692570"><ele>137.54</ele><time>2025-10-20T14:16:33.023Z</time></trkpt><trkpt lat="47.60864070" lon="19.14692560"><ele>137.54</ele><time>2025-10-20T14:16:33.224Z</time></trkpt><trkpt lat="47.60864070" lon="19.14692560"><ele>137.54</ele><time>2025-10-20T14:16:33.424Z</time></trkpt><trkpt lat="47.60864080" lon="19.14692560"><ele>137.54</ele><time>2025-10-20T14:16:33.623Z</time></trkpt><trkpt lat="47.60864070" lon="19.14692550"><ele>137.54</ele><time>2025-10-20T14:16:33.823Z</time></trkpt><trkpt lat="47.60864070" lon="19.14692550"><ele>137.54</ele><time>2025-10-20T14:16:34.023Z</time></trkpt><trkpt lat="47.60864070" lon="19.14692560"><ele>137.54</ele><time>2025-10-20T14:16:34.223Z</time></trkpt><trkpt lat="47.60864070" lon="19.14692560"><ele>137.54</ele><time>2025-10-20T14:16:34.425Z</time></trkpt><trkpt lat="47.60864070" lon="19.14692560"><ele>137.54</ele><time>2025-10-20T14:16:34.624Z</time></trkpt><trkpt lat="47.60864060" lon="19.14692560"><ele>137.54</ele><time>2025-10-20T14:16:34.824Z</time></trkpt><trkpt lat="47.60864060" lon="19.14692560"><ele>137.54</ele><time>2025-10-20T14:16:35.024Z</time></trkpt><trkpt lat="47.60864060" lon="19.14692560"><ele>137.54</ele><time>2025-10-20T14:16:35.207Z</time></trkpt><trkpt lat="47.60864060" lon="19.14692560"><ele>137.54</ele><time>2025-10-20T14:16:35.406Z</time></trkpt><trkpt lat="47.60864060" lon="19.14692560"><ele>137.54</ele><time>2025-10-20T14:16:35.606Z</time></trkpt><trkpt lat="47.60864060" lon="19.14692550"><ele>137.54</ele><time>2025-10-20T14:16:35.806Z</time></trkpt><trkpt lat="47.60864060" lon="19.14692550"><ele>137.54</ele><time>2025-10-20T14:16:36.006Z</time></trkpt><trkpt lat="47.60864060" lon="19.14692550"><ele>137.54</ele><time>2025-10-20T14:16:36.206Z</time></trkpt><trkpt lat="47.60864060" lon="19.14692550"><ele>137.54</ele><time>2025-10-20T14:16:36.407Z</time></trkpt><trkpt lat="47.60864060" lon="19.14692550"><ele>137.54</ele><time>2025-10-20T14:16:36.607Z</time></trkpt><trkpt lat="47.60864060" lon="19.14692550"><ele>137.54</ele><time>2025-10-20T14:16:36.807Z</time></trkpt><trkpt lat="47.60864060" lon="19.14692550"><ele>137.54</ele><time>2025-10-20T14:16:37.007Z</time></trkpt><trkpt lat="47.60864070" lon="19.14692550"><ele>137.55</ele><time>2025-10-20T14:16:37.208Z</time></trkpt><trkpt lat="47.60864070" lon="19.14692550"><ele>137.55</ele><time>2025-10-20T14:16:37.408Z</time></trkpt><trkpt lat="47.60864070" lon="19.14692560"><ele>137.55</ele><time>2025-10-20T14:16:37.608Z</time></trkpt><trkpt lat="47.60864070" lon="19.14692560"><ele>137.55</ele><time>2025-10-20T14:16:37.808Z</time></trkpt><trkpt lat="47.60864070" lon="19.14692560"><ele>137.55</ele><time>2025-10-20T14:16:38.008Z</time></trkpt><trkpt lat="47.60864060" lon="19.14692550"><ele>137.55</ele><time>2025-10-20T14:16:38.208Z</time></trkpt><trkpt lat="47.60864060" lon="19.14692550"><ele>137.56</ele><time>2025-10-20T14:16:38.409Z</time></trkpt><trkpt lat="47.60864060" lon="19.14692550"><ele>137.56</ele><time>2025-10-20T14:16:38.609Z</time></trkpt><trkpt lat="47.60864060" lon="19.14692550"><ele>137.56</ele><time>2025-10-20T14:16:38.810Z</time></trkpt><trkpt lat="47.60864060" lon="19.14692550"><ele>137.55</ele><time>2025-10-20T14:16:39.010Z</time></trkpt><trkpt lat="47.60864050" lon="19.14692560"><ele>137.55</ele><time>2025-10-20T14:16:39.211Z</time></trkpt><trkpt lat="47.60864050" lon="19.14692560"><ele>137.56</ele><time>2025-10-20T14:16:39.415Z</time></trkpt><trkpt lat="47.60864050" lon="19.14692560"><ele>137.56</ele><time>2025-10-20T14:16:39.616Z</time></trkpt><trkpt lat="47.60864050" lon="19.14692570"><ele>137.56</ele><time>2025-10-20T14:16:39.816Z</time></trkpt><trkpt lat="47.60864050" lon="19.14692570"><ele>137.56</ele><time>2025-10-20T14:16:40.016Z</time></trkpt><trkpt lat="47.60864050" lon="19.14692570"><ele>137.57</ele><time>2025-10-20T14:16:40.217Z</time></trkpt><trkpt lat="47.60864050" lon="19.14692570"><ele>137.57</ele><time>2025-10-20T14:16:40.417Z</time></trkpt><trkpt lat="47.60864050" lon="19.14692570"><ele>137.58</ele><time>2025-10-20T14:16:40.617Z</time></trkpt><trkpt lat="47.60864050" lon="19.14692570"><ele>137.58</ele><time>2025-10-20T14:16:40.817Z</time></trkpt><trkpt lat="47.60864050" lon="19.14692570"><ele>137.58</ele><time>2025-10-20T14:16:41.017Z</time></trkpt><trkpt lat="47.60864050" lon="19.14692570"><ele>137.58</ele><time>2025-10-20T14:16:41.217Z</time></trkpt><trkpt lat="47.60864050" lon="19.14692580"><ele>137.58</ele><time>2025-10-20T14:16:41.417Z</time></trkpt><trkpt lat="47.60864050" lon="19.14692570"><ele>137.59</ele><time>2025-10-20T14:16:41.618Z</time></trkpt><trkpt lat="47.60864050" lon="19.14692570"><ele>137.58</ele><time>2025-10-20T14:16:41.818Z</time></trkpt><trkpt lat="47.60864050" lon="19.14692570"><ele>137.58</ele><time>2025-10-20T14:16:42.018Z</time></trkpt><trkpt lat="47.60864050" lon="19.14692570"><ele>137.59</ele><time>2025-10-20T14:16:42.218Z</time></trkpt><trkpt lat="47.60864050" lon="19.14692570"><ele>137.59</ele><time>2025-10-20T14:16:42.420Z</time></trkpt><trkpt lat="47.60864050" lon="19.14692570"><ele>137.60</ele><time>2025-10-20T14:16:42.620Z</time></trkpt><trkpt lat="47.60864060" lon="19.14692570"><ele>137.60</ele><time>2025-10-20T14:16:42.820Z</time></trkpt><trkpt lat="47.60864060" lon="19.14692570"><ele>137.60</ele><time>2025-10-20T14:16:43.020Z</time></trkpt><trkpt lat="47.60864060" lon="19.14692570"><ele>137.61</ele><time>2025-10-20T14:16:43.220Z</time></trkpt><trkpt lat="47.60864060" lon="19.14692570"><ele>137.61</ele><time>2025-10-20T14:16:43.420Z</time></trkpt><trkpt lat="47.60864060" lon="19.14692570"><ele>137.61</ele><time>2025-10-20T14:16:43.620Z</time></trkpt><trkpt lat="47.60864060" lon="19.14692570"><ele>137.61</ele><time>2025-10-20T14:16:43.820Z</time></trkpt><trkpt lat="47.60864060" lon="19.14692570"><ele>137.60</ele><time>2025-10-20T14:16:44.020Z</time></trkpt><trkpt lat="47.60864060" lon="19.14692570"><ele>137.60</ele><time>2025-10-20T14:16:44.220Z</time></trkpt><trkpt lat="47.60864060" lon="19.14692580"><ele>137.61</ele><time>2025-10-20T14:16:44.421Z</time></trkpt><trkpt lat="47.60864060" lon="19.14692580"><ele>137.61</ele><time>2025-10-20T14:16:44.621Z</time></trkpt><trkpt lat="47.60864060" lon="19.14692570"><ele>137.60</ele><time>2025-10-20T14:16:44.821Z</time></trkpt><trkpt lat="47.60864060" lon="19.14692580"><ele>137.60</ele><time>2025-10-20T14:16:45.021Z</time></trkpt><trkpt lat="47.60864060" lon="19.14692580"><ele>137.60</ele><time>2025-10-20T14:16:45.221Z</time></trkpt><trkpt lat="47.60864060" lon="19.14692580"><ele>137.60</ele><time>2025-10-20T14:16:45.421Z</time></trkpt><trkpt lat="47.60864060" lon="19.14692580"><ele>137.60</ele><time>2025-10-20T14:16:45.622Z</time></trkpt><trkpt lat="47.60864060" lon="19.14692580"><ele>137.60</ele><time>2025-10-20T14:16:45.822Z</time></trkpt><trkpt lat="47.60864060" lon="19.14692580"><ele>137.60</ele><time>2025-10-20T14:16:46.021Z</time></trkpt><trkpt lat="47.60864060" lon="19.14692580"><ele>137.60</ele><time>2025-10-20T14:16:46.224Z</time></trkpt><trkpt lat="47.60864070" lon="19.14692580"><ele>137.60</ele><time>2025-10-20T14:16:46.424Z</time></trkpt><trkpt lat="47.60864070" lon="19.14692580"><ele>137.60</ele><time>2025-10-20T14:16:46.625Z</time></trkpt><trkpt lat="47.60864070" lon="19.14692570"><ele>137.60</ele><time>2025-10-20T14:16:46.825Z</time></trkpt><trkpt lat="47.60864070" lon="19.14692570"><ele>137.61</ele><time>2025-10-20T14:16:47.025Z</time></trkpt><trkpt lat="47.60864070" lon="19.14692570"><ele>137.61</ele><time>2025-10-20T14:16:47.226Z</time></trkpt><trkpt lat="47.60864070" lon="19.14692570"><ele>137.61</ele><time>2025-10-20T14:16:47.407Z</time></trkpt><trkpt lat="47.60864070" lon="19.14692570"><ele>137.62</ele><time>2025-10-20T14:16:47.628Z</time></trkpt><trkpt lat="47.60864070" lon="19.14692570"><ele>137.62</ele><time>2025-10-20T14:16:47.828Z</time></trkpt><trkpt lat="47.60864070" lon="19.14692570"><ele>137.62</ele><time>2025-10-20T14:16:48.028Z</time></trkpt><trkpt lat="47.60864070" lon="19.14692570"><ele>137.62</ele><time>2025-10-20T14:16:48.208Z</time></trkpt><trkpt lat="47.60864070" lon="19.14692570"><ele>137.62</ele><time>2025-10-20T14:16:48.431Z</time></trkpt><trkpt lat="47.60864070" lon="19.14692570"><ele>137.62</ele><time>2025-10-20T14:16:48.631Z</time></trkpt><trkpt lat="47.60864070" lon="19.14692570"><ele>137.62</ele><time>2025-10-20T14:16:48.831Z</time></trkpt><trkpt lat="47.60864070" lon="19.14692580"><ele>137.62</ele><time>2025-10-20T14:16:49.031Z</time></trkpt><trkpt lat="47.60864070" lon="19.14692580"><ele>137.62</ele><time>2025-10-20T14:16:49.231Z</time></trkpt><trkpt lat="47.60864080" lon="19.14692580"><ele>137.62</ele><time>2025-10-20T14:16:49.433Z</time></trkpt><trkpt lat="47.60864080" lon="19.14692580"><ele>137.62</ele><time>2025-10-20T14:16:49.633Z</time></trkpt><trkpt lat="47.60864080" lon="19.14692580"><ele>137.62</ele><time>2025-10-20T14:16:49.833Z</time></trkpt><trkpt lat="47.60864080" lon="19.14692580"><ele>137.62</ele><time>2025-10-20T14:16:50.033Z</time></trkpt><trkpt lat="47.60864070" lon="19.14692580"><ele>137.62</ele><time>2025-10-20T14:16:50.212Z</time></trkpt><trkpt lat="47.60864070" lon="19.14692580"><ele>137.62</ele><time>2025-10-20T14:16:50.435Z</time></trkpt><trkpt lat="47.60864070" lon="19.14692590"><ele>137.62</ele><time>2025-10-20T14:16:50.636Z</time></trkpt><trkpt lat="47.60864070" lon="19.14692590"><ele>137.61</ele><time>2025-10-20T14:16:50.836Z</time></trkpt><trkpt lat="47.60864070" lon="19.14692590"><ele>137.62</ele><time>2025-10-20T14:16:51.036Z</time></trkpt><trkpt lat="47.60864070" lon="19.14692600"><ele>137.62</ele><time>2025-10-20T14:16:51.219Z</time></trkpt><trkpt lat="47.60864060" lon="19.14692600"><ele>137.62</ele><time>2025-10-20T14:16:51.418Z</time></trkpt><trkpt lat="47.60864060" lon="19.14692600"><ele>137.62</ele><time>2025-10-20T14:16:51.639Z</time></trkpt><trkpt lat="47.60864060" lon="19.14692600"><ele>137.61</ele><time>2025-10-20T14:16:51.839Z</time></trkpt><trkpt lat="47.60864060" lon="19.14692600"><ele>137.61</ele><time>2025-10-20T14:16:52.039Z</time></trkpt><trkpt lat="47.60864050" lon="19.14692610"><ele>137.62</ele><time>2025-10-20T14:16:52.240Z</time></trkpt><trkpt lat="47.60864050" lon="19.14692610"><ele>137.62</ele><time>2025-10-20T14:16:52.421Z</time></trkpt><trkpt lat="47.60864050" lon="19.14692610"><ele>137.62</ele><time>2025-10-20T14:16:52.623Z</time></trkpt><trkpt lat="47.60864050" lon="19.14692620"><ele>137.62</ele><time>2025-10-20T14:16:52.823Z</time></trkpt><trkpt lat="47.60864050" lon="19.14692620"><ele>137.62</ele><time>2025-10-20T14:16:53.024Z</time></trkpt><trkpt lat="47.60864050" lon="19.14692610"><ele>137.62</ele><time>2025-10-20T14:16:53.225Z</time></trkpt><trkpt lat="47.60864060" lon="19.14692620"><ele>137.62</ele><time>2025-10-20T14:16:53.426Z</time></trkpt><trkpt lat="47.60864060" lon="19.14692620"><ele>137.62</ele><time>2025-10-20T14:16:53.627Z</time></trkpt><trkpt lat="47.60864060" lon="19.14692620"><ele>137.63</ele><time>2025-10-20T14:16:53.827Z</time></trkpt><trkpt lat="47.60864060" lon="19.14692610"><ele>137.62</ele><time>2025-10-20T14:16:54.027Z</time></trkpt><trkpt lat="47.60864070" lon="19.14692610"><ele>137.62</ele><time>2025-10-20T14:16:54.227Z</time></trkpt><trkpt lat="47.60864060" lon="19.14692600"><ele>137.63</ele><time>2025-10-20T14:16:54.429Z</time></trkpt><trkpt lat="47.60864060" lon="19.14692600"><ele>137.62</ele><time>2025-10-20T14:16:54.629Z</time></trkpt><trkpt lat="47.60864060" lon="19.14692600"><ele>137.62</ele><time>2025-10-20T14:16:54.829Z</time></trkpt><trkpt lat="47.60864060" lon="19.14692590"><ele>137.62</ele><time>2025-10-20T14:16:55.029Z</time></trkpt><trkpt lat="47.60864070" lon="19.14692590"><ele>137.62</ele><time>2025-10-20T14:16:55.231Z</time></trkpt><trkpt lat="47.60864070" lon="19.14692590"><ele>137.62</ele><time>2025-10-20T14:16:55.431Z</time></trkpt><trkpt lat="47.60864070" lon="19.14692590"><ele>137.62</ele><time>2025-10-20T14:16:55.632Z</time></trkpt><trkpt lat="47.60864070" lon="19.14692590"><ele>137.63</ele><time>2025-10-20T14:16:55.832Z</time></trkpt><trkpt lat="47.60864070" lon="19.14692590"><ele>137.62</ele><time>2025-10-20T14:16:56.032Z</time></trkpt><trkpt lat="47.60864080" lon="19.14692590"><ele>137.63</ele><time>2025-10-20T14:16:56.233Z</time></trkpt><trkpt lat="47.60864070" lon="19.14692590"><ele>137.63</ele><time>2025-10-20T14:16:56.434Z</time></trkpt><trkpt lat="47.60864070" lon="19.14692590"><ele>137.64</ele><time>2025-10-20T14:16:56.634Z</time></trkpt><trkpt lat="47.60864070" lon="19.14692580"><ele>137.64</ele><time>2025-10-20T14:16:56.834Z</time></trkpt><trkpt lat="47.60864070" lon="19.14692580"><ele>137.64</ele><time>2025-10-20T14:16:57.035Z</time></trkpt><trkpt lat="47.60864070" lon="19.14692570"><ele>137.64</ele><time>2025-10-20T14:16:57.227Z</time></trkpt><trkpt lat="47.60864070" lon="19.14692570"><ele>137.64</ele><time>2025-10-20T14:16:57.430Z</time></trkpt><trkpt lat="47.60864070" lon="19.14692570"><ele>137.64</ele><time>2025-10-20T14:16:57.630Z</time></trkpt><trkpt lat="47.60864070" lon="19.14692570"><ele>137.64</ele><time>2025-10-20T14:16:57.830Z</time></trkpt><trkpt lat="47.60864070" lon="19.14692570"><ele>137.64</ele><time>2025-10-20T14:16:58.031Z</time></trkpt><trkpt lat="47.60864070" lon="19.14692570"><ele>137.64</ele><time>2025-10-20T14:16:58.235Z</time></trkpt><trkpt lat="47.60864070" lon="19.14692570"><ele>137.64</ele><time>2025-10-20T14:16:58.435Z</time></trkpt><trkpt lat="47.60864070" lon="19.14692570"><ele>137.64</ele><time>2025-10-20T14:16:58.636Z</time></trkpt><trkpt lat="47.60864070" lon="19.14692570"><ele>137.64</ele><time>2025-10-20T14:16:58.837Z</time></trkpt><trkpt lat="47.60864070" lon="19.14692570"><ele>137.64</ele><time>2025-10-20T14:16:59.018Z</time></trkpt><trkpt lat="47.60864070" lon="19.14692570"><ele>137.64</ele><time>2025-10-20T14:16:59.220Z</time></trkpt><trkpt lat="47.60864070" lon="19.14692570"><ele>137.64</ele><time>2025-10-20T14:16:59.420Z</time></trkpt><trkpt lat="47.60864070" lon="19.14692580"><ele>137.64</ele><time>2025-10-20T14:16:59.621Z</time></trkpt><trkpt lat="47.60864070" lon="19.14692580"><ele>137.64</ele><time>2025-10-20T14:16:59.821Z</time></trkpt><trkpt lat="47.60864070" lon="19.14692580"><ele>137.64</ele><time>2025-10-20T14:17:00.021Z</time></trkpt><trkpt lat="47.60864070" lon="19.14692580"><ele>137.64</ele><time>2025-10-20T14:17:00.226Z</time></trkpt><trkpt lat="47.60864070" lon="19.14692580"><ele>137.64</ele><time>2025-10-20T14:17:00.426Z</time></trkpt><trkpt lat="47.60864080" lon="19.14692580"><ele>137.64</ele><time>2025-10-20T14:17:00.586Z</time></trkpt><trkpt lat="47.60864080" lon="19.14692580"><ele>137.64</ele><time>2025-10-20T14:17:00.826Z</time></trkpt><trkpt lat="47.60864080" lon="19.14692580"><ele>137.64</ele><time>2025-10-20T14:17:01.027Z</time></trkpt><trkpt lat="47.60864080" lon="19.14692590"><ele>137.65</ele><time>2025-10-20T14:17:01.228Z</time></trkpt><trkpt lat="47.60864080" lon="19.14692600"><ele>137.65</ele><time>2025-10-20T14:17:01.429Z</time></trkpt><trkpt lat="47.60864080" lon="19.14692600"><ele>137.65</ele><time>2025-10-20T14:17:01.630Z</time></trkpt><trkpt lat="47.60864080" lon="19.14692600"><ele>137.66</ele><time>2025-10-20T14:17:01.831Z</time></trkpt><trkpt lat="47.60864080" lon="19.14692600"><ele>137.65</ele><time>2025-10-20T14:17:02.031Z</time></trkpt><trkpt lat="47.60864080" lon="19.14692600"><ele>137.65</ele><time>2025-10-20T14:17:02.233Z</time></trkpt><trkpt lat="47.60864080" lon="19.14692600"><ele>137.66</ele><time>2025-10-20T14:17:02.437Z</time></trkpt><trkpt lat="47.60864080" lon="19.14692600"><ele>137.66</ele><time>2025-10-20T14:17:02.637Z</time></trkpt><trkpt lat="47.60864070" lon="19.14692600"><ele>137.65</ele><time>2025-10-20T14:17:02.837Z</time></trkpt><trkpt lat="47.60864070" lon="19.14692600"><ele>137.65</ele><time>2025-10-20T14:17:03.037Z</time></trkpt><trkpt lat="47.60864070" lon="19.14692600"><ele>137.65</ele><time>2025-10-20T14:17:03.222Z</time></trkpt><trkpt lat="47.60864070" lon="19.14692590"><ele>137.65</ele><time>2025-10-20T14:17:03.423Z</time></trkpt><trkpt lat="47.60864070" lon="19.14692590"><ele>137.65</ele><time>2025-10-20T14:17:03.622Z</time></trkpt><trkpt lat="47.60864070" lon="19.14692590"><ele>137.64</ele><time>2025-10-20T14:17:03.822Z</time></trkpt><trkpt lat="47.60864060" lon="19.14692580"><ele>137.64</ele><time>2025-10-20T14:17:04.023Z</time></trkpt><trkpt lat="47.60864060" lon="19.14692580"><ele>137.64</ele><time>2025-10-20T14:17:04.223Z</time></trkpt><trkpt lat="47.60864060" lon="19.14692590"><ele>137.64</ele><time>2025-10-20T14:17:04.423Z</time></trkpt><trkpt lat="47.60864060" lon="19.14692590"><ele>137.64</ele><time>2025-10-20T14:17:04.624Z</time></trkpt><trkpt lat="47.60864070" lon="19.14692590"><ele>137.65</ele><time>2025-10-20T14:17:04.824Z</time></trkpt><trkpt lat="47.60864070" lon="19.14692590"><ele>137.65</ele><time>2025-10-20T14:17:05.024Z</time></trkpt><trkpt lat="47.60864070" lon="19.14692590"><ele>137.65</ele><time>2025-10-20T14:17:05.204Z</time></trkpt><trkpt lat="47.60864070" lon="19.14692590"><ele>137.65</ele><time>2025-10-20T14:17:05.426Z</time></trkpt><trkpt lat="47.60864070" lon="19.14692590"><ele>137.65</ele><time>2025-10-20T14:17:05.626Z</time></trkpt><trkpt lat="47.60864070" lon="19.14692590"><ele>137.65</ele><time>2025-10-20T14:17:05.826Z</time></trkpt><trkpt lat="47.60864080" lon="19.14692590"><ele>137.65</ele><time>2025-10-20T14:17:06.027Z</time></trkpt><trkpt lat="47.60864080" lon="19.14692580"><ele>137.65</ele><time>2025-10-20T14:17:06.231Z</time></trkpt><trkpt lat="47.60864080" lon="19.14692580"><ele>137.66</ele><time>2025-10-20T14:17:06.434Z</time></trkpt><trkpt lat="47.60864090" lon="19.14692580"><ele>137.66</ele><time>2025-10-20T14:17:06.633Z</time></trkpt><trkpt lat="47.60864090" lon="19.14692580"><ele>137.66</ele><time>2025-10-20T14:17:06.834Z</time></trkpt><trkpt lat="47.60864090" lon="19.14692570"><ele>137.65</ele><time>2025-10-20T14:17:07.034Z</time></trkpt><trkpt lat="47.60864090" lon="19.14692580"><ele>137.66</ele><time>2025-10-20T14:17:07.235Z</time></trkpt><trkpt lat="47.60864080" lon="19.14692580"><ele>137.66</ele><time>2025-10-20T14:17:07.435Z</time></trkpt><trkpt lat="47.60864080" lon="19.14692580"><ele>137.66</ele><time>2025-10-20T14:17:07.635Z</time></trkpt><trkpt lat="47.60864080" lon="19.14692580"><ele>137.66</ele><time>2025-10-20T14:17:07.835Z</time></trkpt><trkpt lat="47.60864080" lon="19.14692580"><ele>137.66</ele><time>2025-10-20T14:17:08.036Z</time></trkpt><trkpt lat="47.60864080" lon="19.14692580"><ele>137.66</ele><time>2025-10-20T14:17:08.238Z</time></trkpt><trkpt lat="47.60864080" lon="19.14692580"><ele>137.67</ele><time>2025-10-20T14:17:08.438Z</time></trkpt><trkpt lat="47.60864080" lon="19.14692590"><ele>137.67</ele><time>2025-10-20T14:17:08.638Z</time></trkpt><trkpt lat="47.60864080" lon="19.14692590"><ele>137.67</ele><time>2025-10-20T14:17:08.839Z</time></trkpt><trkpt lat="47.60864080" lon="19.14692590"><ele>137.67</ele><time>2025-10-20T14:17:09.040Z</time></trkpt><trkpt lat="47.60864080" lon="19.14692600"><ele>137.67</ele><time>2025-10-20T14:17:09.241Z</time></trkpt><trkpt lat="47.60864080" lon="19.14692600"><ele>137.67</ele><time>2025-10-20T14:17:09.441Z</time></trkpt><trkpt lat="47.60864080" lon="19.14692590"><ele>137.67</ele><time>2025-10-20T14:17:09.642Z</time></trkpt><trkpt lat="47.60864080" lon="19.14692590"><ele>137.67</ele><time>2025-10-20T14:17:09.843Z</time></trkpt><trkpt lat="47.60864080" lon="19.14692590"><ele>137.68</ele><time>2025-10-20T14:17:10.044Z</time></trkpt><trkpt lat="47.60864080" lon="19.14692590"><ele>137.68</ele><time>2025-10-20T14:17:10.244Z</time></trkpt><trkpt lat="47.60864080" lon="19.14692590"><ele>137.69</ele><time>2025-10-20T14:17:10.444Z</time></trkpt><trkpt lat="47.60864080" lon="19.14692590"><ele>137.69</ele><time>2025-10-20T14:17:10.645Z</time></trkpt><trkpt lat="47.60864080" lon="19.14692590"><ele>137.69</ele><time>2025-10-20T14:17:10.846Z</time></trkpt><trkpt lat="47.60864080" lon="19.14692590"><ele>137.68</ele><time>2025-10-20T14:17:11.066Z</time></trkpt><trkpt lat="47.60864080" lon="19.14692590"><ele>137.68</ele><time>2025-10-20T14:17:11.250Z</time></trkpt><trkpt lat="47.60864080" lon="19.14692590"><ele>137.69</ele><time>2025-10-20T14:17:11.451Z</time></trkpt><trkpt lat="47.60864080" lon="19.14692590"><ele>137.69</ele><time>2025-10-20T14:17:11.653Z</time></trkpt><trkpt lat="47.60864080" lon="19.14692600"><ele>137.69</ele><time>2025-10-20T14:17:11.854Z</time></trkpt><trkpt lat="47.60864080" lon="19.14692600"><ele>137.69</ele><time>2025-10-20T14:17:12.057Z</time></trkpt><trkpt lat="47.60864070" lon="19.14692600"><ele>137.69</ele><time>2025-10-20T14:17:12.259Z</time></trkpt><trkpt lat="47.60864070" lon="19.14692600"><ele>137.68</ele><time>2025-10-20T14:17:12.461Z</time></trkpt><trkpt lat="47.60864070" lon="19.14692600"><ele>137.68</ele><time>2025-10-20T14:17:12.663Z</time></trkpt><trkpt lat="47.60864070" lon="19.14692590"><ele>137.68</ele><time>2025-10-20T14:17:12.865Z</time></trkpt><trkpt lat="47.60864070" lon="19.14692590"><ele>137.67</ele><time>2025-10-20T14:17:13.067Z</time></trkpt><trkpt lat="47.60864070" lon="19.14692600"><ele>137.68</ele><time>2025-10-20T14:17:13.268Z</time></trkpt><trkpt lat="47.60864070" lon="19.14692600"><ele>137.68</ele><time>2025-10-20T14:17:13.470Z</time></trkpt><trkpt lat="47.60864070" lon="19.14692600"><ele>137.68</ele><time>2025-10-20T14:17:13.671Z</time></trkpt><trkpt lat="47.60864070" lon="19.14692600"><ele>137.67</ele><time>2025-10-20T14:17:13.871Z</time></trkpt><trkpt lat="47.60864070" lon="19.14692600"><ele>137.67</ele><time>2025-10-20T14:17:14.073Z</time></trkpt><trkpt lat="47.60864070" lon="19.14692600"><ele>137.67</ele><time>2025-10-20T14:17:14.274Z</time></trkpt><trkpt lat="47.60864070" lon="19.14692600"><ele>137.67</ele><time>2025-10-20T14:17:14.475Z</time></trkpt><trkpt lat="47.60864070" lon="19.14692600"><ele>137.66</ele><time>2025-10-20T14:17:14.676Z</time></trkpt><trkpt lat="47.60864070" lon="19.14692600"><ele>137.66</ele><time>2025-10-20T14:17:14.876Z</time></trkpt><trkpt lat="47.60864070" lon="19.14692600"><ele>137.65</ele><time>2025-10-20T14:17:15.077Z</time></trkpt><trkpt lat="47.60864070" lon="19.14692600"><ele>137.65</ele><time>2025-10-20T14:17:15.260Z</time></trkpt><trkpt lat="47.60864070" lon="19.14692600"><ele>137.65</ele><time>2025-10-20T14:17:15.462Z</time></trkpt><trkpt lat="47.60864070" lon="19.14692590"><ele>137.64</ele><time>2025-10-20T14:17:15.663Z</time></trkpt><trkpt lat="47.60864070" lon="19.14692590"><ele>137.64</ele><time>2025-10-20T14:17:15.864Z</time></trkpt><trkpt lat="47.60864070" lon="19.14692600"><ele>137.64</ele><time>2025-10-20T14:17:16.064Z</time></trkpt><trkpt lat="47.60864060" lon="19.14692600"><ele>137.64</ele><time>2025-10-20T14:17:16.266Z</time></trkpt><trkpt lat="47.60864060" lon="19.14692600"><ele>137.65</ele><time>2025-10-20T14:17:16.467Z</time></trkpt><trkpt lat="47.60864070" lon="19.14692600"><ele>137.64</ele><time>2025-10-20T14:17:16.667Z</time></trkpt><trkpt lat="47.60864070" lon="19.14692600"><ele>137.64</ele><time>2025-10-20T14:17:16.868Z</time></trkpt><trkpt lat="47.60864070" lon="19.14692600"><ele>137.64</ele><time>2025-10-20T14:17:17.069Z</time></trkpt><trkpt lat="47.60864080" lon="19.14692610"><ele>137.64</ele><time>2025-10-20T14:17:17.271Z</time></trkpt><trkpt lat="47.60864070" lon="19.14692610"><ele>137.64</ele><time>2025-10-20T14:17:17.475Z</time></trkpt><trkpt lat="47.60864070" lon="19.14692610"><ele>137.64</ele><time>2025-10-20T14:17:17.674Z</time></trkpt><trkpt lat="47.60864070" lon="19.14692600"><ele>137.63</ele><time>2025-10-20T14:17:17.877Z</time></trkpt><trkpt lat="47.60864080" lon="19.14692600"><ele>137.63</ele><time>2025-10-20T14:17:18.077Z</time></trkpt><trkpt lat="47.60864080" lon="19.14692610"><ele>137.64</ele><time>2025-10-20T14:17:18.279Z</time></trkpt><trkpt lat="47.60864080" lon="19.14692600"><ele>137.64</ele><time>2025-10-20T14:17:18.479Z</time></trkpt><trkpt lat="47.60864080" lon="19.14692600"><ele>137.63</ele><time>2025-10-20T14:17:18.679Z</time></trkpt><trkpt lat="47.60864080" lon="19.14692600"><ele>137.62</ele><time>2025-10-20T14:17:18.880Z</time></trkpt><trkpt lat="47.60864080" lon="19.14692610"><ele>137.62</ele><time>2025-10-20T14:17:19.079Z</time></trkpt><trkpt lat="47.60864070" lon="19.14692610"><ele>137.61</ele><time>2025-10-20T14:17:19.281Z</time></trkpt><trkpt lat="47.60864070" lon="19.14692610"><ele>137.62</ele><time>2025-10-20T14:17:19.481Z</time></trkpt><trkpt lat="47.60864070" lon="19.14692610"><ele>137.62</ele><time>2025-10-20T14:17:19.682Z</time></trkpt><trkpt lat="47.60864070" lon="19.14692610"><ele>137.62</ele><time>2025-10-20T14:17:19.882Z</time></trkpt><trkpt lat="47.60864070" lon="19.14692600"><ele>137.62</ele><time>2025-10-20T14:17:20.082Z</time></trkpt><trkpt lat="47.60864060" lon="19.14692610"><ele>137.62</ele><time>2025-10-20T14:17:20.282Z</time></trkpt><trkpt lat="47.60864060" lon="19.14692610"><ele>137.62</ele><time>2025-10-20T14:17:20.483Z</time></trkpt><trkpt lat="47.60864060" lon="19.14692610"><ele>137.63</ele><time>2025-10-20T14:17:20.683Z</time></trkpt><trkpt lat="47.60864060" lon="19.14692600"><ele>137.62</ele><time>2025-10-20T14:17:20.883Z</time></trkpt><trkpt lat="47.60864060" lon="19.14692600"><ele>137.62</ele><time>2025-10-20T14:17:21.083Z</time></trkpt><trkpt lat="47.60864060" lon="19.14692600"><ele>137.62</ele><time>2025-10-20T14:17:21.286Z</time></trkpt><trkpt lat="47.60864060" lon="19.14692600"><ele>137.63</ele><time>2025-10-20T14:17:21.486Z</time></trkpt><trkpt lat="47.60864060" lon="19.14692600"><ele>137.63</ele><time>2025-10-20T14:17:21.668Z</time></trkpt><trkpt lat="47.60864060" lon="19.14692600"><ele>137.63</ele><time>2025-10-20T14:17:21.889Z</time></trkpt><trkpt lat="47.60864070" lon="19.14692600"><ele>137.63</ele><time>2025-10-20T14:17:22.091Z</time></trkpt><trkpt lat="47.60864070" lon="19.14692600"><ele>137.63</ele><time>2025-10-20T14:17:22.271Z</time></trkpt><trkpt lat="47.60864070" lon="19.14692590"><ele>137.63</ele><time>2025-10-20T14:17:22.480Z</time></trkpt><trkpt lat="47.60864070" lon="19.14692590"><ele>137.63</ele><time>2025-10-20T14:17:22.680Z</time></trkpt><trkpt lat="47.60864070" lon="19.14692590"><ele>137.63</ele><time>2025-10-20T14:17:22.899Z</time></trkpt><trkpt lat="47.60864070" lon="19.14692590"><ele>137.63</ele><time>2025-10-20T14:17:23.080Z</time></trkpt><trkpt lat="47.60864070" lon="19.14692590"><ele>137.63</ele><time>2025-10-20T14:17:23.280Z</time></trkpt><trkpt lat="47.60864070" lon="19.14692590"><ele>137.63</ele><time>2025-10-20T14:17:23.480Z</time></trkpt><trkpt lat="47.60864070" lon="19.14692590"><ele>137.63</ele><time>2025-10-20T14:17:23.680Z</time></trkpt><trkpt lat="47.60864070" lon="19.14692590"><ele>137.63</ele><time>2025-10-20T14:17:23.881Z</time></trkpt><trkpt lat="47.60864070" lon="19.14692590"><ele>137.63</ele><time>2025-10-20T14:17:24.081Z</time></trkpt><trkpt lat="47.60864070" lon="19.14692590"><ele>137.64</ele><time>2025-10-20T14:17:24.287Z</time></trkpt><trkpt lat="47.60864070" lon="19.14692600"><ele>137.64</ele><time>2025-10-20T14:17:24.489Z</time></trkpt><trkpt lat="47.60864070" lon="19.14692600"><ele>137.64</ele><time>2025-10-20T14:17:24.690Z</time></trkpt><trkpt lat="47.60864070" lon="19.14692600"><ele>137.63</ele><time>2025-10-20T14:17:24.893Z</time></trkpt><trkpt lat="47.60864060" lon="19.14692600"><ele>137.63</ele><time>2025-10-20T14:17:25.093Z</time></trkpt><trkpt lat="47.60864060" lon="19.14692600"><ele>137.63</ele><time>2025-10-20T14:17:25.274Z</time></trkpt><trkpt lat="47.60864060" lon="19.14692600"><ele>137.63</ele><time>2025-10-20T14:17:25.480Z</time></trkpt><trkpt lat="47.60864060" lon="19.14692600"><ele>137.63</ele><time>2025-10-20T14:17:25.680Z</time></trkpt><trkpt lat="47.60864060" lon="19.14692600"><ele>137.63</ele><time>2025-10-20T14:17:25.881Z</time></trkpt><trkpt lat="47.60864060" lon="19.14692600"><ele>137.62</ele><time>2025-10-20T14:17:26.081Z</time></trkpt><trkpt lat="47.60864060" lon="19.14692600"><ele>137.62</ele><time>2025-10-20T14:17:26.285Z</time></trkpt><trkpt lat="47.60864060" lon="19.14692600"><ele>137.62</ele><time>2025-10-20T14:17:26.485Z</time></trkpt><trkpt lat="47.60864060" lon="19.14692610"><ele>137.63</ele><time>2025-10-20T14:17:26.685Z</time></trkpt><trkpt lat="47.60864060" lon="19.14692610"><ele>137.62</ele><time>2025-10-20T14:17:26.885Z</time></trkpt><trkpt lat="47.60864060" lon="19.14692610"><ele>137.62</ele><time>2025-10-20T14:17:27.084Z</time></trkpt><trkpt lat="47.60864060" lon="19.14692600"><ele>137.61</ele><time>2025-10-20T14:17:27.285Z</time></trkpt><trkpt lat="47.60864060" lon="19.14692600"><ele>137.61</ele><time>2025-10-20T14:17:27.485Z</time></trkpt><trkpt lat="47.60864070" lon="19.14692600"><ele>137.61</ele><time>2025-10-20T14:17:27.685Z</time></trkpt><trkpt lat="47.60864060" lon="19.14692610"><ele>137.61</ele><time>2025-10-20T14:17:27.885Z</time></trkpt><trkpt lat="47.60864060" lon="19.14692610"><ele>137.61</ele><time>2025-10-20T14:17:28.085Z</time></trkpt><trkpt lat="47.60864060" lon="19.14692610"><ele>137.62</ele><time>2025-10-20T14:17:28.286Z</time></trkpt><trkpt lat="47.60864060" lon="19.14692610"><ele>137.61</ele><time>2025-10-20T14:17:28.485Z</time></trkpt><trkpt lat="47.60864060" lon="19.14692600"><ele>137.61</ele><time>2025-10-20T14:17:28.686Z</time></trkpt><trkpt lat="47.60864060" lon="19.14692600"><ele>137.61</ele><time>2025-10-20T14:17:28.886Z</time></trkpt><trkpt lat="47.60864060" lon="19.14692600"><ele>137.61</ele><time>2025-10-20T14:17:29.086Z</time></trkpt><trkpt lat="47.60864060" lon="19.14692600"><ele>137.60</ele><time>2025-10-20T14:17:29.287Z</time></trkpt><trkpt lat="47.60864060" lon="19.14692600"><ele>137.60</ele><time>2025-10-20T14:17:29.487Z</time></trkpt><trkpt lat="47.60864060" lon="19.14692600"><ele>137.60</ele><time>2025-10-20T14:17:29.688Z</time></trkpt><trkpt lat="47.60864060" lon="19.14692600"><ele>137.60</ele><time>2025-10-20T14:17:29.888Z</time></trkpt><trkpt lat="47.60864060" lon="19.14692600"><ele>137.60</ele><time>2025-10-20T14:17:30.088Z</time></trkpt><trkpt lat="47.60864060" lon="19.14692610"><ele>137.61</ele><time>2025-10-20T14:17:30.290Z</time></trkpt><trkpt lat="47.60864060" lon="19.14692610"><ele>137.61</ele><time>2025-10-20T14:17:30.491Z</time></trkpt><trkpt lat="47.60864060" lon="19.14692610"><ele>137.61</ele><time>2025-10-20T14:17:30.692Z</time></trkpt><trkpt lat="47.60864060" lon="19.14692610"><ele>137.60</ele><time>2025-10-20T14:17:30.893Z</time></trkpt><trkpt lat="47.60864070" lon="19.14692610"><ele>137.61</ele><time>2025-10-20T14:17:31.094Z</time></trkpt><trkpt lat="47.60864070" lon="19.14692620"><ele>137.62</ele><time>2025-10-20T14:17:31.294Z</time></trkpt><trkpt lat="47.60864070" lon="19.14692620"><ele>137.62</ele><time>2025-10-20T14:17:31.474Z</time></trkpt><trkpt lat="47.60864070" lon="19.14692620"><ele>137.62</ele><time>2025-10-20T14:17:31.695Z</time></trkpt><trkpt lat="47.60864070" lon="19.14692620"><ele>137.62</ele><time>2025-10-20T14:17:31.916Z</time></trkpt><trkpt lat="47.60864070" lon="19.14692630"><ele>137.62</ele><time>2025-10-20T14:17:32.095Z</time></trkpt><trkpt lat="47.60864070" lon="19.14692640"><ele>137.62</ele><time>2025-10-20T14:17:32.299Z</time></trkpt><trkpt lat="47.60864070" lon="19.14692630"><ele>137.62</ele><time>2025-10-20T14:17:32.500Z</time></trkpt><trkpt lat="47.60864070" lon="19.14692630"><ele>137.62</ele><time>2025-10-20T14:17:32.703Z</time></trkpt><trkpt lat="47.60864070" lon="19.14692630"><ele>137.62</ele><time>2025-10-20T14:17:32.903Z</time></trkpt><trkpt lat="47.60864070" lon="19.14692630"><ele>137.62</ele><time>2025-10-20T14:17:33.104Z</time></trkpt><trkpt lat="47.60864070" lon="19.14692620"><ele>137.62</ele><time>2025-10-20T14:17:33.306Z</time></trkpt><trkpt lat="47.60864070" lon="19.14692620"><ele>137.62</ele><time>2025-10-20T14:17:33.506Z</time></trkpt><trkpt lat="47.60864080" lon="19.14692620"><ele>137.62</ele><time>2025-10-20T14:17:33.707Z</time></trkpt><trkpt lat="47.60864080" lon="19.14692610"><ele>137.62</ele><time>2025-10-20T14:17:33.907Z</time></trkpt><trkpt lat="47.60864080" lon="19.14692610"><ele>137.61</ele><time>2025-10-20T14:17:34.107Z</time></trkpt><trkpt lat="47.60864080" lon="19.14692600"><ele>137.61</ele><time>2025-10-20T14:17:34.310Z</time></trkpt><trkpt lat="47.60864090" lon="19.14692600"><ele>137.62</ele><time>2025-10-20T14:17:34.511Z</time></trkpt><trkpt lat="47.60864090" lon="19.14692590"><ele>137.61</ele><time>2025-10-20T14:17:34.711Z</time></trkpt><trkpt lat="47.60864090" lon="19.14692590"><ele>137.61</ele><time>2025-10-20T14:17:34.912Z</time></trkpt><trkpt lat="47.60864090" lon="19.14692580"><ele>137.61</ele><time>2025-10-20T14:17:35.112Z</time></trkpt><trkpt lat="47.60864090" lon="19.14692580"><ele>137.61</ele><time>2025-10-20T14:17:35.315Z</time></trkpt><trkpt lat="47.60864090" lon="19.14692580"><ele>137.61</ele><time>2025-10-20T14:17:35.517Z</time></trkpt><trkpt lat="47.60864090" lon="19.14692580"><ele>137.61</ele><time>2025-10-20T14:17:35.717Z</time></trkpt><trkpt lat="47.60864090" lon="19.14692580"><ele>137.61</ele><time>2025-10-20T14:17:35.917Z</time></trkpt><trkpt lat="47.60864090" lon="19.14692590"><ele>137.61</ele><time>2025-10-20T14:17:36.118Z</time></trkpt><trkpt lat="47.60864090" lon="19.14692580"><ele>137.61</ele><time>2025-10-20T14:17:36.320Z</time></trkpt><trkpt lat="47.60864090" lon="19.14692580"><ele>137.61</ele><time>2025-10-20T14:17:36.522Z</time></trkpt><trkpt lat="47.60864090" lon="19.14692580"><ele>137.61</ele><time>2025-10-20T14:17:36.723Z</time></trkpt><trkpt lat="47.60864090" lon="19.14692580"><ele>137.60</ele><time>2025-10-20T14:17:36.923Z</time></trkpt><trkpt lat="47.60864080" lon="19.14692580"><ele>137.60</ele><time>2025-10-20T14:17:37.124Z</time></trkpt><trkpt lat="47.60864080" lon="19.14692580"><ele>137.60</ele><time>2025-10-20T14:17:37.307Z</time></trkpt><trkpt lat="47.60864080" lon="19.14692580"><ele>137.60</ele><time>2025-10-20T14:17:37.508Z</time></trkpt><trkpt lat="47.60864080" lon="19.14692580"><ele>137.60</ele><time>2025-10-20T14:17:37.708Z</time></trkpt><trkpt lat="47.60864080" lon="19.14692580"><ele>137.59</ele><time>2025-10-20T14:17:37.928Z</time></trkpt><trkpt lat="47.60864080" lon="19.14692580"><ele>137.59</ele><time>2025-10-20T14:17:38.108Z</time></trkpt><trkpt lat="47.60864080" lon="19.14692590"><ele>137.59</ele><time>2025-10-20T14:17:38.318Z</time></trkpt><trkpt lat="47.60864080" lon="19.14692590"><ele>137.59</ele><time>2025-10-20T14:17:38.518Z</time></trkpt><trkpt lat="47.60864070" lon="19.14692590"><ele>137.59</ele><time>2025-10-20T14:17:38.718Z</time></trkpt><trkpt lat="47.60864070" lon="19.14692590"><ele>137.59</ele><time>2025-10-20T14:17:38.918Z</time></trkpt><trkpt lat="47.60864070" lon="19.14692590"><ele>137.59</ele><time>2025-10-20T14:17:39.120Z</time></trkpt><trkpt lat="47.60864060" lon="19.14692590"><ele>137.59</ele><time>2025-10-20T14:17:39.321Z</time></trkpt><trkpt lat="47.60864060" lon="19.14692590"><ele>137.59</ele><time>2025-10-20T14:17:39.522Z</time></trkpt><trkpt lat="47.60864070" lon="19.14692590"><ele>137.59</ele><time>2025-10-20T14:17:39.723Z</time></trkpt><trkpt lat="47.60864070" lon="19.14692590"><ele>137.59</ele><time>2025-10-20T14:17:39.924Z</time></trkpt><trkpt lat="47.60864070" lon="19.14692590"><ele>137.59</ele><time>2025-10-20T14:17:40.125Z</time></trkpt><trkpt lat="47.60864070" lon="19.14692590"><ele>137.59</ele><time>2025-10-20T14:17:40.327Z</time></trkpt><trkpt lat="47.60864070" lon="19.14692590"><ele>137.59</ele><time>2025-10-20T14:17:40.527Z</time></trkpt><trkpt lat="47.60864070" lon="19.14692590"><ele>137.59</ele><time>2025-10-20T14:17:40.708Z</time></trkpt><trkpt lat="47.60864060" lon="19.14692590"><ele>137.59</ele><time>2025-10-20T14:17:40.908Z</time></trkpt><trkpt lat="47.60864070" lon="19.14692590"><ele>137.59</ele><time>2025-10-20T14:17:41.129Z</time></trkpt><trkpt lat="47.60864070" lon="19.14692590"><ele>137.59</ele><time>2025-10-20T14:17:41.310Z</time></trkpt><trkpt lat="47.60864080" lon="19.14692600"><ele>137.59</ele><time>2025-10-20T14:17:41.510Z</time></trkpt><trkpt lat="47.60864080" lon="19.14692600"><ele>137.59</ele><time>2025-10-20T14:17:41.713Z</time></trkpt><trkpt lat="47.60864080" lon="19.14692600"><ele>137.58</ele><time>2025-10-20T14:17:41.913Z</time></trkpt><trkpt lat="47.60864080" lon="19.14692600"><ele>137.58</ele><time>2025-10-20T14:17:42.114Z</time></trkpt><trkpt lat="47.60864080" lon="19.14692600"><ele>137.59</ele><time>2025-10-20T14:17:42.316Z</time></trkpt><trkpt lat="47.60864080" lon="19.14692600"><ele>137.59</ele><time>2025-10-20T14:17:42.517Z</time></trkpt><trkpt lat="47.60864080" lon="19.14692600"><ele>137.59</ele><time>2025-10-20T14:17:42.717Z</time></trkpt><trkpt lat="47.60864080" lon="19.14692600"><ele>137.59</ele><time>2025-10-20T14:17:42.917Z</time></trkpt><trkpt lat="47.60864080" lon="19.14692600"><ele>137.59</ele><time>2025-10-20T14:17:43.117Z</time></trkpt><trkpt lat="47.60864080" lon="19.14692600"><ele>137.58</ele><time>2025-10-20T14:17:43.317Z</time></trkpt><trkpt lat="47.60864070" lon="19.14692600"><ele>137.58</ele><time>2025-10-20T14:17:43.518Z</time></trkpt><trkpt lat="47.60864070" lon="19.14692600"><ele>137.59</ele><time>2025-10-20T14:17:43.717Z</time></trkpt><trkpt lat="47.60864070" lon="19.14692600"><ele>137.58</ele><time>2025-10-20T14:17:43.917Z</time></trkpt><trkpt lat="47.60864070" lon="19.14692590"><ele>137.59</ele><time>2025-10-20T14:17:44.117Z</time></trkpt><trkpt lat="47.60864070" lon="19.14692590"><ele>137.59</ele><time>2025-10-20T14:17:44.326Z</time></trkpt><trkpt lat="47.60864070" lon="19.14692590"><ele>137.59</ele><time>2025-10-20T14:17:44.526Z</time></trkpt><trkpt lat="47.60864070" lon="19.14692590"><ele>137.59</ele><time>2025-10-20T14:17:44.726Z</time></trkpt><trkpt lat="47.60864070" lon="19.14692590"><ele>137.59</ele><time>2025-10-20T14:17:44.926Z</time></trkpt><trkpt lat="47.60864070" lon="19.14692590"><ele>137.59</ele><time>2025-10-20T14:17:45.126Z</time></trkpt><trkpt lat="47.60864070" lon="19.14692590"><ele>137.59</ele><time>2025-10-20T14:17:45.327Z</time></trkpt><trkpt lat="47.60864080" lon="19.14692590"><ele>137.59</ele><time>2025-10-20T14:17:45.526Z</time></trkpt><trkpt lat="47.60864080" lon="19.14692590"><ele>137.59</ele><time>2025-10-20T14:17:45.728Z</time></trkpt><trkpt lat="47.60864070" lon="19.14692590"><ele>137.59</ele><time>2025-10-20T14:17:45.927Z</time></trkpt><trkpt lat="47.60864070" lon="19.14692590"><ele>137.59</ele><time>2025-10-20T14:17:46.128Z</time></trkpt><trkpt lat="47.60864070" lon="19.14692590"><ele>137.59</ele><time>2025-10-20T14:17:46.331Z</time></trkpt><trkpt lat="47.60864070" lon="19.14692590"><ele>137.59</ele><time>2025-10-20T14:17:46.532Z</time></trkpt><trkpt lat="47.60864070" lon="19.14692590"><ele>137.59</ele><time>2025-10-20T14:17:46.732Z</time></trkpt><trkpt lat="47.60864070" lon="19.14692590"><ele>137.59</ele><time>2025-10-20T14:17:46.931Z</time></trkpt><trkpt lat="47.60864070" lon="19.14692590"><ele>137.59</ele><time>2025-10-20T14:17:47.131Z</time></trkpt><trkpt lat="47.60864070" lon="19.14692590"><ele>137.60</ele><time>2025-10-20T14:17:47.333Z</time></trkpt><trkpt lat="47.60864060" lon="19.14692590"><ele>137.60</ele><time>2025-10-20T14:17:47.533Z</time></trkpt><trkpt lat="47.60864060" lon="19.14692590"><ele>137.60</ele><time>2025-10-20T14:17:47.733Z</time></trkpt><trkpt lat="47.60864060" lon="19.14692590"><ele>137.60</ele><time>2025-10-20T14:17:47.934Z</time></trkpt><trkpt lat="47.60864060" lon="19.14692590"><ele>137.60</ele><time>2025-10-20T14:17:48.135Z</time></trkpt><trkpt lat="47.60864060" lon="19.14692590"><ele>137.61</ele><time>2025-10-20T14:17:48.339Z</time></trkpt><trkpt lat="47.60864060" lon="19.14692590"><ele>137.61</ele><time>2025-10-20T14:17:48.519Z</time></trkpt><trkpt lat="47.60864060" lon="19.14692600"><ele>137.61</ele><time>2025-10-20T14:17:48.739Z</time></trkpt><trkpt lat="47.60864060" lon="19.14692590"><ele>137.61</ele><time>2025-10-20T14:17:48.939Z</time></trkpt><trkpt lat="47.60864060" lon="19.14692600"><ele>137.61</ele><time>2025-10-20T14:17:49.120Z</time></trkpt><trkpt lat="47.60864070" lon="19.14692600"><ele>137.61</ele><time>2025-10-20T14:17:49.323Z</time></trkpt><trkpt lat="47.60864070" lon="19.14692610"><ele>137.61</ele><time>2025-10-20T14:17:49.523Z</time></trkpt><trkpt lat="47.60864070" lon="19.14692610"><ele>137.61</ele><time>2025-10-20T14:17:49.723Z</time></trkpt><trkpt lat="47.60864070" lon="19.14692610"><ele>137.61</ele><time>2025-10-20T14:17:49.924Z</time></trkpt><trkpt lat="47.60864070" lon="19.14692610"><ele>137.61</ele><time>2025-10-20T14:17:50.144Z</time></trkpt><trkpt lat="47.60864070" lon="19.14692620"><ele>137.62</ele><time>2025-10-20T14:17:50.344Z</time></trkpt><trkpt lat="47.60864070" lon="19.14692620"><ele>137.62</ele><time>2025-10-20T14:17:50.544Z</time></trkpt><trkpt lat="47.60864070" lon="19.14692610"><ele>137.62</ele><time>2025-10-20T14:17:50.725Z</time></trkpt><trkpt lat="47.60864060" lon="19.14692610"><ele>137.62</ele><time>2025-10-20T14:17:50.925Z</time></trkpt><trkpt lat="47.60864060" lon="19.14692610"><ele>137.62</ele><time>2025-10-20T14:17:51.126Z</time></trkpt><trkpt lat="47.60864060" lon="19.14692600"><ele>137.62</ele><time>2025-10-20T14:17:51.326Z</time></trkpt><trkpt lat="47.60864070" lon="19.14692600"><ele>137.62</ele><time>2025-10-20T14:17:51.526Z</time></trkpt><trkpt lat="47.60864070" lon="19.14692600"><ele>137.61</ele><time>2025-10-20T14:17:51.726Z</time></trkpt><trkpt lat="47.60864070" lon="19.14692600"><ele>137.61</ele><time>2025-10-20T14:17:51.927Z</time></trkpt><trkpt lat="47.60864070" lon="19.14692590"><ele>137.61</ele><time>2025-10-20T14:17:52.126Z</time></trkpt><trkpt lat="47.60864070" lon="19.14692590"><ele>137.62</ele><time>2025-10-20T14:17:52.347Z</time></trkpt><trkpt lat="47.60864070" lon="19.14692590"><ele>137.62</ele><time>2025-10-20T14:17:52.527Z</time></trkpt><trkpt lat="47.60864070" lon="19.14692590"><ele>137.61</ele><time>2025-10-20T14:17:52.748Z</time></trkpt><trkpt lat="47.60864070" lon="19.14692600"><ele>137.61</ele><time>2025-10-20T14:17:52.927Z</time></trkpt><trkpt lat="47.60864070" lon="19.14692600"><ele>137.61</ele><time>2025-10-20T14:17:53.127Z</time></trkpt><trkpt lat="47.60864080" lon="19.14692590"><ele>137.61</ele><time>2025-10-20T14:17:53.348Z</time></trkpt><trkpt lat="47.60864080" lon="19.14692590"><ele>137.62</ele><time>2025-10-20T14:17:53.528Z</time></trkpt><trkpt lat="47.60864080" lon="19.14692590"><ele>137.62</ele><time>2025-10-20T14:17:53.727Z</time></trkpt><trkpt lat="47.60864080" lon="19.14692580"><ele>137.62</ele><time>2025-10-20T14:17:53.927Z</time></trkpt><trkpt lat="47.60864080" lon="19.14692580"><ele>137.62</ele><time>2025-10-20T14:17:54.127Z</time></trkpt><trkpt lat="47.60864080" lon="19.14692580"><ele>137.62</ele><time>2025-10-20T14:17:54.348Z</time></trkpt><trkpt lat="47.60864080" lon="19.14692580"><ele>137.62</ele><time>2025-10-20T14:17:54.528Z</time></trkpt><trkpt lat="47.60864080" lon="19.14692580"><ele>137.62</ele><time>2025-10-20T14:17:54.730Z</time></trkpt><trkpt lat="47.60864080" lon="19.14692580"><ele>137.62</ele><time>2025-10-20T14:17:54.930Z</time></trkpt><trkpt lat="47.60864080" lon="19.14692570"><ele>137.62</ele><time>2025-10-20T14:17:55.130Z</time></trkpt><trkpt lat="47.60864080" lon="19.14692580"><ele>137.62</ele><time>2025-10-20T14:17:55.330Z</time></trkpt><trkpt lat="47.60864080" lon="19.14692580"><ele>137.62</ele><time>2025-10-20T14:17:55.531Z</time></trkpt><trkpt lat="47.60864090" lon="19.14692570"><ele>137.62</ele><time>2025-10-20T14:17:55.731Z</time></trkpt><trkpt lat="47.60864090" lon="19.14692570"><ele>137.61</ele><time>2025-10-20T14:17:55.931Z</time></trkpt><trkpt lat="47.60864090" lon="19.14692570"><ele>137.61</ele><time>2025-10-20T14:17:56.131Z</time></trkpt><trkpt lat="47.60864090" lon="19.14692570"><ele>137.62</ele><time>2025-10-20T14:17:56.335Z</time></trkpt><trkpt lat="47.60864090" lon="19.14692570"><ele>137.62</ele><time>2025-10-20T14:17:56.534Z</time></trkpt><trkpt lat="47.60864090" lon="19.14692580"><ele>137.62</ele><time>2025-10-20T14:17:56.734Z</time></trkpt><trkpt lat="47.60864090" lon="19.14692570"><ele>137.62</ele><time>2025-10-20T14:17:56.933Z</time></trkpt><trkpt lat="47.60864090" lon="19.14692570"><ele>137.62</ele><time>2025-10-20T14:17:57.134Z</time></trkpt><trkpt lat="47.60864080" lon="19.14692570"><ele>137.61</ele><time>2025-10-20T14:17:57.334Z</time></trkpt><trkpt lat="47.60864080" lon="19.14692580"><ele>137.61</ele><time>2025-10-20T14:17:57.534Z</time></trkpt><trkpt lat="47.60864080" lon="19.14692580"><ele>137.61</ele><time>2025-10-20T14:17:57.735Z</time></trkpt><trkpt lat="47.60864070" lon="19.14692580"><ele>137.61</ele><time>2025-10-20T14:17:57.935Z</time></trkpt><trkpt lat="47.60864070" lon="19.14692580"><ele>137.61</ele><time>2025-10-20T14:17:58.135Z</time></trkpt><trkpt lat="47.60864070" lon="19.14692580"><ele>137.62</ele><time>2025-10-20T14:17:58.337Z</time></trkpt><trkpt lat="47.60864070" lon="19.14692590"><ele>137.62</ele><time>2025-10-20T14:17:58.537Z</time></trkpt><trkpt lat="47.60864070" lon="19.14692580"><ele>137.61</ele><time>2025-10-20T14:17:58.737Z</time></trkpt><trkpt lat="47.60864070" lon="19.14692590"><ele>137.61</ele><time>2025-10-20T14:17:58.937Z</time></trkpt><trkpt lat="47.60864070" lon="19.14692590"><ele>137.61</ele><time>2025-10-20T14:17:59.138Z</time></trkpt><trkpt lat="47.60864080" lon="19.14692590"><ele>137.61</ele><time>2025-10-20T14:17:59.338Z</time></trkpt><trkpt lat="47.60864080" lon="19.14692580"><ele>137.61</ele><time>2025-10-20T14:17:59.538Z</time></trkpt><trkpt lat="47.60864070" lon="19.14692590"><ele>137.61</ele><time>2025-10-20T14:17:59.738Z</time></trkpt><trkpt lat="47.60864070" lon="19.14692590"><ele>137.61</ele><time>2025-10-20T14:17:59.938Z</time></trkpt><trkpt lat="47.60864070" lon="19.14692580"><ele>137.61</ele><time>2025-10-20T14:18:00.139Z</time></trkpt><trkpt lat="47.60864070" lon="19.14692580"><ele>137.62</ele><time>2025-10-20T14:18:00.341Z</time></trkpt><trkpt lat="47.60864070" lon="19.14692590"><ele>137.62</ele><time>2025-10-20T14:18:00.543Z</time></trkpt><trkpt lat="47.60864070" lon="19.14692590"><ele>137.61</ele><time>2025-10-20T14:18:00.743Z</time></trkpt><trkpt lat="47.60864070" lon="19.14692590"><ele>137.61</ele><time>2025-10-20T14:18:00.943Z</time></trkpt><trkpt lat="47.60864070" lon="19.14692600"><ele>137.60</ele><time>2025-10-20T14:18:01.144Z</time></trkpt><trkpt lat="47.60864070" lon="19.14692600"><ele>137.60</ele><time>2025-10-20T14:18:01.346Z</time></trkpt><trkpt lat="47.60864070" lon="19.14692600"><ele>137.59</ele><time>2025-10-20T14:18:01.547Z</time></trkpt><trkpt lat="47.60864070" lon="19.14692600"><ele>137.59</ele><time>2025-10-20T14:18:01.747Z</time></trkpt><trkpt lat="47.60864060" lon="19.14692600"><ele>137.59</ele><time>2025-10-20T14:18:01.947Z</time></trkpt><trkpt lat="47.60864060" lon="19.14692600"><ele>137.59</ele><time>2025-10-20T14:18:02.147Z</time></trkpt><trkpt lat="47.60864070" lon="19.14692610"><ele>137.59</ele><time>2025-10-20T14:18:02.348Z</time></trkpt><trkpt lat="47.60864070" lon="19.14692610"><ele>137.59</ele><time>2025-10-20T14:18:02.548Z</time></trkpt><trkpt lat="47.60864070" lon="19.14692610"><ele>137.58</ele><time>2025-10-20T14:18:02.748Z</time></trkpt><trkpt lat="47.60864070" lon="19.14692610"><ele>137.58</ele><time>2025-10-20T14:18:02.948Z</time></trkpt><trkpt lat="47.60864080" lon="19.14692610"><ele>137.58</ele><time>2025-10-20T14:18:03.168Z</time></trkpt><trkpt lat="47.60864080" lon="19.14692610"><ele>137.58</ele><time>2025-10-20T14:18:03.349Z</time></trkpt><trkpt lat="47.60864080" lon="19.14692610"><ele>137.58</ele><time>2025-10-20T14:18:03.550Z</time></trkpt><trkpt lat="47.60864090" lon="19.14692610"><ele>137.59</ele><time>2025-10-20T14:18:03.751Z</time></trkpt><trkpt lat="47.60864080" lon="19.14692610"><ele>137.59</ele><time>2025-10-20T14:18:03.951Z</time></trkpt><trkpt lat="47.60864080" lon="19.14692610"><ele>137.58</ele><time>2025-10-20T14:18:04.151Z</time></trkpt><trkpt lat="47.60864080" lon="19.14692610"><ele>137.58</ele><time>2025-10-20T14:18:04.352Z</time></trkpt><trkpt lat="47.60864080" lon="19.14692610"><ele>137.58</ele><time>2025-10-20T14:18:04.552Z</time></trkpt><trkpt lat="47.60864080" lon="19.14692610"><ele>137.58</ele><time>2025-10-20T14:18:04.752Z</time></trkpt><trkpt lat="47.60864080" lon="19.14692610"><ele>137.58</ele><time>2025-10-20T14:18:04.952Z</time></trkpt><trkpt lat="47.60864080" lon="19.14692610"><ele>137.58</ele><time>2025-10-20T14:18:05.156Z</time></trkpt><trkpt lat="47.60864080" lon="19.14692610"><ele>137.58</ele><time>2025-10-20T14:18:05.363Z</time></trkpt><trkpt lat="47.60864080" lon="19.14692610"><ele>137.59</ele><time>2025-10-20T14:18:05.567Z</time></trkpt><trkpt lat="47.60864080" lon="19.14692610"><ele>137.59</ele><time>2025-10-20T14:18:05.767Z</time></trkpt><trkpt lat="47.60864080" lon="19.14692610"><ele>137.59</ele><time>2025-10-20T14:18:05.970Z</time></trkpt><trkpt lat="47.60864080" lon="19.14692610"><ele>137.59</ele><time>2025-10-20T14:18:06.171Z</time></trkpt><trkpt lat="47.60864080" lon="19.14692610"><ele>137.60</ele><time>2025-10-20T14:18:06.373Z</time></trkpt><trkpt lat="47.60864090" lon="19.14692610"><ele>137.60</ele><time>2025-10-20T14:18:06.573Z</time></trkpt><trkpt lat="47.60864090" lon="19.14692610"><ele>137.60</ele><time>2025-10-20T14:18:06.774Z</time></trkpt><trkpt lat="47.60864090" lon="19.14692600"><ele>137.59</ele><time>2025-10-20T14:18:06.974Z</time></trkpt><trkpt lat="47.60864090" lon="19.14692600"><ele>137.60</ele><time>2025-10-20T14:18:07.177Z</time></trkpt><trkpt lat="47.60864090" lon="19.14692610"><ele>137.60</ele><time>2025-10-20T14:18:07.378Z</time></trkpt><trkpt lat="47.60864080" lon="19.14692610"><ele>137.60</ele><time>2025-10-20T14:18:07.580Z</time></trkpt><trkpt lat="47.60864080" lon="19.14692610"><ele>137.61</ele><time>2025-10-20T14:18:07.781Z</time></trkpt><trkpt lat="47.60864080" lon="19.14692620"><ele>137.61</ele><time>2025-10-20T14:18:07.982Z</time></trkpt><trkpt lat="47.60864080" lon="19.14692620"><ele>137.61</ele><time>2025-10-20T14:18:08.184Z</time></trkpt><trkpt lat="47.60864070" lon="19.14692620"><ele>137.61</ele><time>2025-10-20T14:18:08.388Z</time></trkpt><trkpt lat="47.60864070" lon="19.14692620"><ele>137.61</ele><time>2025-10-20T14:18:08.589Z</time></trkpt><trkpt lat="47.60864070" lon="19.14692620"><ele>137.61</ele><time>2025-10-20T14:18:08.771Z</time></trkpt><trkpt lat="47.60864070" lon="19.14692620"><ele>137.61</ele><time>2025-10-20T14:18:08.972Z</time></trkpt><trkpt lat="47.60864070" lon="19.14692620"><ele>137.61</ele><time>2025-10-20T14:18:09.172Z</time></trkpt><trkpt lat="47.60864070" lon="19.14692620"><ele>137.61</ele><time>2025-10-20T14:18:09.374Z</time></trkpt><trkpt lat="47.60864070" lon="19.14692620"><ele>137.62</ele><time>2025-10-20T14:18:09.574Z</time></trkpt><trkpt lat="47.60864070" lon="19.14692610"><ele>137.61</ele><time>2025-10-20T14:18:09.774Z</time></trkpt><trkpt lat="47.60864070" lon="19.14692610"><ele>137.62</ele><time>2025-10-20T14:18:09.974Z</time></trkpt><trkpt lat="47.60864070" lon="19.14692610"><ele>137.62</ele><time>2025-10-20T14:18:10.178Z</time></trkpt><trkpt lat="47.60864080" lon="19.14692610"><ele>137.63</ele><time>2025-10-20T14:18:10.380Z</time></trkpt><trkpt lat="47.60864080" lon="19.14692610"><ele>137.63</ele><time>2025-10-20T14:18:10.580Z</time></trkpt><trkpt lat="47.60864080" lon="19.14692610"><ele>137.63</ele><time>2025-10-20T14:18:10.780Z</time></trkpt><trkpt lat="47.60864080" lon="19.14692610"><ele>137.62</ele><time>2025-10-20T14:18:10.960Z</time></trkpt><trkpt lat="47.60864080" lon="19.14692610"><ele>137.62</ele><time>2025-10-20T14:18:11.181Z</time></trkpt><trkpt lat="47.60864080" lon="19.14692610"><ele>137.62</ele><time>2025-10-20T14:18:11.381Z</time></trkpt><trkpt lat="47.60864080" lon="19.14692610"><ele>137.62</ele><time>2025-10-20T14:18:11.584Z</time></trkpt><trkpt lat="47.60864080" lon="19.14692610"><ele>137.62</ele><time>2025-10-20T14:18:11.785Z</time></trkpt><trkpt lat="47.60864070" lon="19.14692610"><ele>137.62</ele><time>2025-10-20T14:18:11.985Z</time></trkpt><trkpt lat="47.60864070" lon="19.14692610"><ele>137.61</ele><time>2025-10-20T14:18:12.186Z</time></trkpt><trkpt lat="47.60864070" lon="19.14692610"><ele>137.62</ele><time>2025-10-20T14:18:12.387Z</time></trkpt><trkpt lat="47.60864070" lon="19.14692610"><ele>137.61</ele><time>2025-10-20T14:18:12.587Z</time></trkpt><trkpt lat="47.60864060" lon="19.14692610"><ele>137.62</ele><time>2025-10-20T14:18:12.788Z</time></trkpt><trkpt lat="47.60864060" lon="19.14692610"><ele>137.61</ele><time>2025-10-20T14:18:12.989Z</time></trkpt><trkpt lat="47.60864060" lon="19.14692610"><ele>137.61</ele><time>2025-10-20T14:18:13.190Z</time></trkpt><trkpt lat="47.60864060" lon="19.14692620"><ele>137.61</ele><time>2025-10-20T14:18:13.379Z</time></trkpt><trkpt lat="47.60864060" lon="19.14692620"><ele>137.62</ele><time>2025-10-20T14:18:13.580Z</time></trkpt><trkpt lat="47.60864060" lon="19.14692620"><ele>137.62</ele><time>2025-10-20T14:18:13.782Z</time></trkpt><trkpt lat="47.60864060" lon="19.14692610"><ele>137.62</ele><time>2025-10-20T14:18:13.983Z</time></trkpt><trkpt lat="47.60864060" lon="19.14692610"><ele>137.62</ele><time>2025-10-20T14:18:14.183Z</time></trkpt><trkpt lat="47.60864060" lon="19.14692610"><ele>137.62</ele><time>2025-10-20T14:18:14.385Z</time></trkpt><trkpt lat="47.60864060" lon="19.14692610"><ele>137.62</ele><time>2025-10-20T14:18:14.585Z</time></trkpt><trkpt lat="47.60864050" lon="19.14692610"><ele>137.61</ele><time>2025-10-20T14:18:14.786Z</time></trkpt><trkpt lat="47.60864050" lon="19.14692600"><ele>137.61</ele><time>2025-10-20T14:18:14.986Z</time></trkpt><trkpt lat="47.60864050" lon="19.14692600"><ele>137.60</ele><time>2025-10-20T14:18:15.187Z</time></trkpt><trkpt lat="47.60864050" lon="19.14692600"><ele>137.60</ele><time>2025-10-20T14:18:15.386Z</time></trkpt><trkpt lat="47.60864060" lon="19.14692590"><ele>137.60</ele><time>2025-10-20T14:18:15.586Z</time></trkpt><trkpt lat="47.60864050" lon="19.14692590"><ele>137.61</ele><time>2025-10-20T14:18:15.787Z</time></trkpt><trkpt lat="47.60864050" lon="19.14692590"><ele>137.61</ele><time>2025-10-20T14:18:15.987Z</time></trkpt><trkpt lat="47.60864050" lon="19.14692590"><ele>137.61</ele><time>2025-10-20T14:18:16.188Z</time></trkpt><trkpt lat="47.60864050" lon="19.14692590"><ele>137.61</ele><time>2025-10-20T14:18:16.388Z</time></trkpt><trkpt lat="47.60864050" lon="19.14692590"><ele>137.61</ele><time>2025-10-20T14:18:16.588Z</time></trkpt><trkpt lat="47.60864050" lon="19.14692580"><ele>137.61</ele><time>2025-10-20T14:18:16.790Z</time></trkpt><trkpt lat="47.60864050" lon="19.14692580"><ele>137.60</ele><time>2025-10-20T14:18:16.971Z</time></trkpt><trkpt lat="47.60864050" lon="19.14692580"><ele>137.60</ele><time>2025-10-20T14:18:17.171Z</time></trkpt><trkpt lat="47.60864050" lon="19.14692580"><ele>137.60</ele><time>2025-10-20T14:18:17.375Z</time></trkpt><trkpt lat="47.60864050" lon="19.14692580"><ele>137.60</ele><time>2025-10-20T14:18:17.577Z</time></trkpt><trkpt lat="47.60864050" lon="19.14692580"><ele>137.60</ele><time>2025-10-20T14:18:17.777Z</time></trkpt><trkpt lat="47.60864050" lon="19.14692580"><ele>137.60</ele><time>2025-10-20T14:18:17.977Z</time></trkpt><trkpt lat="47.60864060" lon="19.14692580"><ele>137.60</ele><time>2025-10-20T14:18:18.179Z</time></trkpt><trkpt lat="47.60864060" lon="19.14692580"><ele>137.61</ele><time>2025-10-20T14:18:18.380Z</time></trkpt><trkpt lat="47.60864060" lon="19.14692580"><ele>137.61</ele><time>2025-10-20T14:18:18.581Z</time></trkpt><trkpt lat="47.60864060" lon="19.14692580"><ele>137.61</ele><time>2025-10-20T14:18:18.783Z</time></trkpt><trkpt lat="47.60864060" lon="19.14692580"><ele>137.61</ele><time>2025-10-20T14:18:18.984Z</time></trkpt><trkpt lat="47.60864060" lon="19.14692580"><ele>137.61</ele><time>2025-10-20T14:18:19.186Z</time></trkpt><trkpt lat="47.60864060" lon="19.14692580"><ele>137.61</ele><time>2025-10-20T14:18:19.388Z</time></trkpt><trkpt lat="47.60864060" lon="19.14692590"><ele>137.61</ele><time>2025-10-20T14:18:19.589Z</time></trkpt><trkpt lat="47.60864060" lon="19.14692590"><ele>137.61</ele><time>2025-10-20T14:18:19.792Z</time></trkpt><trkpt lat="47.60864060" lon="19.14692590"><ele>137.61</ele><time>2025-10-20T14:18:19.993Z</time></trkpt><trkpt lat="47.60864060" lon="19.14692600"><ele>137.61</ele><time>2025-10-20T14:18:20.195Z</time></trkpt><trkpt lat="47.60864060" lon="19.14692600"><ele>137.61</ele><time>2025-10-20T14:18:20.386Z</time></trkpt><trkpt lat="47.60864060" lon="19.14692600"><ele>137.61</ele><time>2025-10-20T14:18:20.586Z</time></trkpt><trkpt lat="47.60864060" lon="19.14692600"><ele>137.61</ele><time>2025-10-20T14:18:20.786Z</time></trkpt><trkpt lat="47.60864060" lon="19.14692610"><ele>137.60</ele><time>2025-10-20T14:18:20.986Z</time></trkpt><trkpt lat="47.60864060" lon="19.14692610"><ele>137.60</ele><time>2025-10-20T14:18:21.187Z</time></trkpt><trkpt lat="47.60864060" lon="19.14692620"><ele>137.60</ele><time>2025-10-20T14:18:21.390Z</time></trkpt><trkpt lat="47.60864060" lon="19.14692620"><ele>137.59</ele><time>2025-10-20T14:18:21.590Z</time></trkpt><trkpt lat="47.60864060" lon="19.14692610"><ele>137.59</ele><time>2025-10-20T14:18:21.790Z</time></trkpt><trkpt lat="47.60864060" lon="19.14692610"><ele>137.58</ele><time>2025-10-20T14:18:21.990Z</time></trkpt><trkpt lat="47.60864060" lon="19.14692610"><ele>137.58</ele><time>2025-10-20T14:18:22.190Z</time></trkpt><trkpt lat="47.60864070" lon="19.14692610"><ele>137.58</ele><time>2025-10-20T14:18:22.391Z</time></trkpt><trkpt lat="47.60864070" lon="19.14692600"><ele>137.58</ele><time>2025-10-20T14:18:22.592Z</time></trkpt><trkpt lat="47.60864060" lon="19.14692600"><ele>137.58</ele><time>2025-10-20T14:18:22.792Z</time></trkpt><trkpt lat="47.60864060" lon="19.14692600"><ele>137.58</ele><time>2025-10-20T14:18:22.992Z</time></trkpt><trkpt lat="47.60864060" lon="19.14692600"><ele>137.58</ele><time>2025-10-20T14:18:23.192Z</time></trkpt><trkpt lat="47.60864060" lon="19.14692600"><ele>137.58</ele><time>2025-10-20T14:18:23.394Z</time></trkpt><trkpt lat="47.60864060" lon="19.14692600"><ele>137.58</ele><time>2025-10-20T14:18:23.594Z</time></trkpt><trkpt lat="47.60864060" lon="19.14692600"><ele>137.58</ele><time>2025-10-20T14:18:23.794Z</time></trkpt><trkpt lat="47.60864060" lon="19.14692600"><ele>137.58</ele><time>2025-10-20T14:18:23.994Z</time></trkpt><trkpt lat="47.60864060" lon="19.14692600"><ele>137.58</ele><time>2025-10-20T14:18:24.195Z</time></trkpt><trkpt lat="47.60864060" lon="19.14692600"><ele>137.58</ele><time>2025-10-20T14:18:24.396Z</time></trkpt><trkpt lat="47.60864060" lon="19.14692600"><ele>137.58</ele><time>2025-10-20T14:18:24.596Z</time></trkpt><trkpt lat="47.60864060" lon="19.14692600"><ele>137.57</ele><time>2025-10-20T14:18:24.796Z</time></trkpt><trkpt lat="47.60864060" lon="19.14692600"><ele>137.57</ele><time>2025-10-20T14:18:24.996Z</time></trkpt><trkpt lat="47.60864060" lon="19.14692600"><ele>137.58</ele><time>2025-10-20T14:18:25.196Z</time></trkpt><trkpt lat="47.60864060" lon="19.14692600"><ele>137.58</ele><time>2025-10-20T14:18:25.385Z</time></trkpt><trkpt lat="47.60864060" lon="19.14692600"><ele>137.58</ele><time>2025-10-20T14:18:25.586Z</time></trkpt><trkpt lat="47.60864060" lon="19.14692600"><ele>137.57</ele><time>2025-10-20T14:18:25.806Z</time></trkpt><trkpt lat="47.60864060" lon="19.14692600"><ele>137.57</ele><time>2025-10-20T14:18:25.987Z</time></trkpt><trkpt lat="47.60864060" lon="19.14692600"><ele>137.57</ele><time>2025-10-20T14:18:26.190Z</time></trkpt><trkpt lat="47.60864060" lon="19.14692600"><ele>137.57</ele><time>2025-10-20T14:18:26.393Z</time></trkpt><trkpt lat="47.60864060" lon="19.14692600"><ele>137.57</ele><time>2025-10-20T14:18:26.593Z</time></trkpt><trkpt lat="47.60864060" lon="19.14692600"><ele>137.57</ele><time>2025-10-20T14:18:26.794Z</time></trkpt><trkpt lat="47.60864060" lon="19.14692600"><ele>137.57</ele><time>2025-10-20T14:18:26.994Z</time></trkpt><trkpt lat="47.60864050" lon="19.14692600"><ele>137.57</ele><time>2025-10-20T14:18:27.194Z</time></trkpt><trkpt lat="47.60864050" lon="19.14692600"><ele>137.58</ele><time>2025-10-20T14:18:27.395Z</time></trkpt><trkpt lat="47.60864050" lon="19.14692610"><ele>137.58</ele><time>2025-10-20T14:18:27.596Z</time></trkpt><trkpt lat="47.60864050" lon="19.14692600"><ele>137.58</ele><time>2025-10-20T14:18:27.795Z</time></trkpt><trkpt lat="47.60864050" lon="19.14692600"><ele>137.58</ele><time>2025-10-20T14:18:27.996Z</time></trkpt><trkpt lat="47.60864050" lon="19.14692600"><ele>137.58</ele><time>2025-10-20T14:18:28.196Z</time></trkpt><trkpt lat="47.60864050" lon="19.14692600"><ele>137.58</ele><time>2025-10-20T14:18:28.397Z</time></trkpt><trkpt lat="47.60864060" lon="19.14692590"><ele>137.58</ele><time>2025-10-20T14:18:28.596Z</time></trkpt><trkpt lat="47.60864060" lon="19.14692590"><ele>137.58</ele><time>2025-10-20T14:18:28.796Z</time></trkpt><trkpt lat="47.60864060" lon="19.14692590"><ele>137.58</ele><time>2025-10-20T14:18:28.997Z</time></trkpt><trkpt lat="47.60864060" lon="19.14692580"><ele>137.58</ele><time>2025-10-20T14:18:29.198Z</time></trkpt><trkpt lat="47.60864060" lon="19.14692580"><ele>137.58</ele><time>2025-10-20T14:18:29.379Z</time></trkpt><trkpt lat="47.60864060" lon="19.14692580"><ele>137.58</ele><time>2025-10-20T14:18:29.598Z</time></trkpt><trkpt lat="47.60864060" lon="19.14692580"><ele>137.58</ele><time>2025-10-20T14:18:29.799Z</time></trkpt><trkpt lat="47.60864060" lon="19.14692580"><ele>137.58</ele><time>2025-10-20T14:18:29.999Z</time></trkpt><trkpt lat="47.60864070" lon="19.14692580"><ele>137.58</ele><time>2025-10-20T14:18:30.199Z</time></trkpt><trkpt lat="47.60864060" lon="19.14692580"><ele>137.59</ele><time>2025-10-20T14:18:30.400Z</time></trkpt><trkpt lat="47.60864060" lon="19.14692580"><ele>137.59</ele><time>2025-10-20T14:18:30.580Z</time></trkpt><trkpt lat="47.60864060" lon="19.14692580"><ele>137.58</ele><time>2025-10-20T14:18:30.800Z</time></trkpt><trkpt lat="47.60864060" lon="19.14692580"><ele>137.58</ele><time>2025-10-20T14:18:31.000Z</time></trkpt><trkpt lat="47.60864050" lon="19.14692580"><ele>137.58</ele><time>2025-10-20T14:18:31.181Z</time></trkpt><trkpt lat="47.60864050" lon="19.14692580"><ele>137.57</ele><time>2025-10-20T14:18:31.401Z</time></trkpt><trkpt lat="47.60864050" lon="19.14692580"><ele>137.57</ele><time>2025-10-20T14:18:31.581Z</time></trkpt><trkpt lat="47.60864050" lon="19.14692580"><ele>137.57</ele><time>2025-10-20T14:18:31.801Z</time></trkpt><trkpt lat="47.60864050" lon="19.14692580"><ele>137.57</ele><time>2025-10-20T14:18:32.002Z</time></trkpt><trkpt lat="47.60864050" lon="19.14692580"><ele>137.57</ele><time>2025-10-20T14:18:32.182Z</time></trkpt><trkpt lat="47.60864050" lon="19.14692580"><ele>137.58</ele><time>2025-10-20T14:18:32.403Z</time></trkpt><trkpt lat="47.60864050" lon="19.14692580"><ele>137.58</ele><time>2025-10-20T14:18:32.605Z</time></trkpt><trkpt lat="47.60864050" lon="19.14692580"><ele>137.57</ele><time>2025-10-20T14:18:32.804Z</time></trkpt><trkpt lat="47.60864050" lon="19.14692580"><ele>137.57</ele><time>2025-10-20T14:18:33.005Z</time></trkpt><trkpt lat="47.60864050" lon="19.14692580"><ele>137.57</ele><time>2025-10-20T14:18:33.205Z</time></trkpt><trkpt lat="47.60864050" lon="19.14692580"><ele>137.58</ele><time>2025-10-20T14:18:33.405Z</time></trkpt><trkpt lat="47.60864060" lon="19.14692580"><ele>137.58</ele><time>2025-10-20T14:18:33.606Z</time></trkpt><trkpt lat="47.60864060" lon="19.14692580"><ele>137.58</ele><time>2025-10-20T14:18:33.806Z</time></trkpt><trkpt lat="47.60864050" lon="19.14692580"><ele>137.58</ele><time>2025-10-20T14:18:34.007Z</time></trkpt><trkpt lat="47.60864050" lon="19.14692580"><ele>137.58</ele><time>2025-10-20T14:18:34.207Z</time></trkpt><trkpt lat="47.60864050" lon="19.14692580"><ele>137.58</ele><time>2025-10-20T14:18:34.388Z</time></trkpt><trkpt lat="47.60864050" lon="19.14692580"><ele>137.59</ele><time>2025-10-20T14:18:34.609Z</time></trkpt><trkpt lat="47.60864050" lon="19.14692580"><ele>137.59</ele><time>2025-10-20T14:18:34.809Z</time></trkpt><trkpt lat="47.60864050" lon="19.14692580"><ele>137.59</ele><time>2025-10-20T14:18:35.009Z</time></trkpt><trkpt lat="47.60864060" lon="19.14692580"><ele>137.59</ele><time>2025-10-20T14:18:35.209Z</time></trkpt><trkpt lat="47.60864060" lon="19.14692580"><ele>137.59</ele><time>2025-10-20T14:18:35.410Z</time></trkpt><trkpt lat="47.60864060" lon="19.14692580"><ele>137.60</ele><time>2025-10-20T14:18:35.611Z</time></trkpt><trkpt lat="47.60864060" lon="19.14692580"><ele>137.60</ele><time>2025-10-20T14:18:35.810Z</time></trkpt><trkpt lat="47.60864060" lon="19.14692580"><ele>137.59</ele><time>2025-10-20T14:18:36.011Z</time></trkpt><trkpt lat="47.60864060" lon="19.14692580"><ele>137.59</ele><time>2025-10-20T14:18:36.211Z</time></trkpt><trkpt lat="47.60864060" lon="19.14692580"><ele>137.59</ele><time>2025-10-20T14:18:36.411Z</time></trkpt><trkpt lat="47.60864060" lon="19.14692580"><ele>137.59</ele><time>2025-10-20T14:18:36.612Z</time></trkpt><trkpt lat="47.60864060" lon="19.14692580"><ele>137.58</ele><time>2025-10-20T14:18:36.813Z</time></trkpt><trkpt lat="47.60864060" lon="19.14692580"><ele>137.58</ele><time>2025-10-20T14:18:37.013Z</time></trkpt><trkpt lat="47.60864060" lon="19.14692580"><ele>137.58</ele><time>2025-10-20T14:18:37.214Z</time></trkpt><trkpt lat="47.60864060" lon="19.14692580"><ele>137.58</ele><time>2025-10-20T14:18:37.415Z</time></trkpt><trkpt lat="47.60864060" lon="19.14692590"><ele>137.58</ele><time>2025-10-20T14:18:37.616Z</time></trkpt><trkpt lat="47.60864060" lon="19.14692590"><ele>137.58</ele><time>2025-10-20T14:18:37.817Z</time></trkpt><trkpt lat="47.60864060" lon="19.14692590"><ele>137.58</ele><time>2025-10-20T14:18:38.017Z</time></trkpt><trkpt lat="47.60864050" lon="19.14692590"><ele>137.57</ele><time>2025-10-20T14:18:38.218Z</time></trkpt><trkpt lat="47.60864050" lon="19.14692590"><ele>137.57</ele><time>2025-10-20T14:18:38.419Z</time></trkpt><trkpt lat="47.60864050" lon="19.14692600"><ele>137.57</ele><time>2025-10-20T14:18:38.620Z</time></trkpt><trkpt lat="47.60864050" lon="19.14692600"><ele>137.57</ele><time>2025-10-20T14:18:38.840Z</time></trkpt><trkpt lat="47.60864050" lon="19.14692600"><ele>137.57</ele><time>2025-10-20T14:18:39.020Z</time></trkpt><trkpt lat="47.60864050" lon="19.14692600"><ele>137.57</ele><time>2025-10-20T14:18:39.221Z</time></trkpt><trkpt lat="47.60864050" lon="19.14692600"><ele>137.57</ele><time>2025-10-20T14:18:39.422Z</time></trkpt><trkpt lat="47.60864050" lon="19.14692600"><ele>137.57</ele><time>2025-10-20T14:18:39.623Z</time></trkpt><trkpt lat="47.60864050" lon="19.14692590"><ele>137.56</ele><time>2025-10-20T14:18:39.823Z</time></trkpt><trkpt lat="47.60864050" lon="19.14692590"><ele>137.56</ele><time>2025-10-20T14:18:40.023Z</time></trkpt><trkpt lat="47.60864050" lon="19.14692580"><ele>137.56</ele><time>2025-10-20T14:18:40.224Z</time></trkpt><trkpt lat="47.60864050" lon="19.14692580"><ele>137.57</ele><time>2025-10-20T14:18:40.424Z</time></trkpt><trkpt lat="47.60864050" lon="19.14692580"><ele>137.57</ele><time>2025-10-20T14:18:40.624Z</time></trkpt><trkpt lat="47.60864050" lon="19.14692570"><ele>137.57</ele><time>2025-10-20T14:18:40.827Z</time></trkpt><trkpt lat="47.60864050" lon="19.14692570"><ele>137.57</ele><time>2025-10-20T14:18:41.027Z</time></trkpt><trkpt lat="47.60864050" lon="19.14692570"><ele>137.57</ele><time>2025-10-20T14:18:41.228Z</time></trkpt><trkpt lat="47.60864050" lon="19.14692570"><ele>137.57</ele><time>2025-10-20T14:18:41.428Z</time></trkpt><trkpt lat="47.60864050" lon="19.14692570"><ele>137.57</ele><time>2025-10-20T14:18:41.629Z</time></trkpt><trkpt lat="47.60864050" lon="19.14692570"><ele>137.57</ele><time>2025-10-20T14:18:41.830Z</time></trkpt><trkpt lat="47.60864050" lon="19.14692570"><ele>137.58</ele><time>2025-10-20T14:18:42.030Z</time></trkpt><trkpt lat="47.60864050" lon="19.14692570"><ele>137.58</ele><time>2025-10-20T14:18:42.210Z</time></trkpt><trkpt lat="47.60864050" lon="19.14692570"><ele>137.58</ele><time>2025-10-20T14:18:42.418Z</time></trkpt><trkpt lat="47.60864050" lon="19.14692570"><ele>137.58</ele><time>2025-10-20T14:18:42.619Z</time></trkpt><trkpt lat="47.60864060" lon="19.14692570"><ele>137.58</ele><time>2025-10-20T14:18:42.819Z</time></trkpt><trkpt lat="47.60864060" lon="19.14692570"><ele>137.57</ele><time>2025-10-20T14:18:43.020Z</time></trkpt><trkpt lat="47.60864050" lon="19.14692570"><ele>137.57</ele><time>2025-10-20T14:18:43.222Z</time></trkpt><trkpt lat="47.60864050" lon="19.14692570"><ele>137.57</ele><time>2025-10-20T14:18:43.422Z</time></trkpt><trkpt lat="47.60864050" lon="19.14692570"><ele>137.57</ele><time>2025-10-20T14:18:43.622Z</time></trkpt><trkpt lat="47.60864060" lon="19.14692570"><ele>137.57</ele><time>2025-10-20T14:18:43.822Z</time></trkpt><trkpt lat="47.60864060" lon="19.14692570"><ele>137.57</ele><time>2025-10-20T14:18:44.023Z</time></trkpt><trkpt lat="47.60864050" lon="19.14692570"><ele>137.57</ele><time>2025-10-20T14:18:44.222Z</time></trkpt><trkpt lat="47.60864050" lon="19.14692570"><ele>137.57</ele><time>2025-10-20T14:18:44.423Z</time></trkpt><trkpt lat="47.60864060" lon="19.14692580"><ele>137.57</ele><time>2025-10-20T14:18:44.623Z</time></trkpt><trkpt lat="47.60864060" lon="19.14692580"><ele>137.57</ele><time>2025-10-20T14:18:44.824Z</time></trkpt><trkpt lat="47.60864060" lon="19.14692580"><ele>137.57</ele><time>2025-10-20T14:18:45.025Z</time></trkpt><trkpt lat="47.60864050" lon="19.14692580"><ele>137.57</ele><time>2025-10-20T14:18:45.225Z</time></trkpt><trkpt lat="47.60864050" lon="19.14692580"><ele>137.58</ele><time>2025-10-20T14:18:45.425Z</time></trkpt><trkpt lat="47.60864050" lon="19.14692580"><ele>137.58</ele><time>2025-10-20T14:18:45.626Z</time></trkpt><trkpt lat="47.60864050" lon="19.14692580"><ele>137.57</ele><time>2025-10-20T14:18:45.826Z</time></trkpt><trkpt lat="47.60864050" lon="19.14692590"><ele>137.57</ele><time>2025-10-20T14:18:46.026Z</time></trkpt><trkpt lat="47.60864050" lon="19.14692590"><ele>137.57</ele><time>2025-10-20T14:18:46.228Z</time></trkpt><trkpt lat="47.60864050" lon="19.14692590"><ele>137.57</ele><time>2025-10-20T14:18:46.428Z</time></trkpt><trkpt lat="47.60864050" lon="19.14692590"><ele>137.57</ele><time>2025-10-20T14:18:46.628Z</time></trkpt><trkpt lat="47.60864050" lon="19.14692590"><ele>137.57</ele><time>2025-10-20T14:18:46.828Z</time></trkpt><trkpt lat="47.60864050" lon="19.14692590"><ele>137.57</ele><time>2025-10-20T14:18:47.029Z</time></trkpt><trkpt lat="47.60864050" lon="19.14692600"><ele>137.57</ele><time>2025-10-20T14:18:47.229Z</time></trkpt><trkpt lat="47.60864050" lon="19.14692600"><ele>137.57</ele><time>2025-10-20T14:18:47.429Z</time></trkpt><trkpt lat="47.60864050" lon="19.14692600"><ele>137.57</ele><time>2025-10-20T14:18:47.630Z</time></trkpt><trkpt lat="47.60864040" lon="19.14692600"><ele>137.57</ele><time>2025-10-20T14:18:47.830Z</time></trkpt><trkpt lat="47.60864040" lon="19.14692610"><ele>137.57</ele><time>2025-10-20T14:18:48.031Z</time></trkpt><trkpt lat="47.60864040" lon="19.14692610"><ele>137.57</ele><time>2025-10-20T14:18:48.230Z</time></trkpt><trkpt lat="47.60864040" lon="19.14692610"><ele>137.57</ele><time>2025-10-20T14:18:48.434Z</time></trkpt><trkpt lat="47.60864040" lon="19.14692610"><ele>137.56</ele><time>2025-10-20T14:18:48.634Z</time></trkpt><trkpt lat="47.60864040" lon="19.14692610"><ele>137.56</ele><time>2025-10-20T14:18:48.834Z</time></trkpt><trkpt lat="47.60864050" lon="19.14692610"><ele>137.55</ele><time>2025-10-20T14:18:49.036Z</time></trkpt><trkpt lat="47.60864050" lon="19.14692610"><ele>137.55</ele><time>2025-10-20T14:18:49.237Z</time></trkpt><trkpt lat="47.60864050" lon="19.14692610"><ele>137.55</ele><time>2025-10-20T14:18:49.438Z</time></trkpt><trkpt lat="47.60864050" lon="19.14692610"><ele>137.55</ele><time>2025-10-20T14:18:49.638Z</time></trkpt><trkpt lat="47.60864040" lon="19.14692620"><ele>137.54</ele><time>2025-10-20T14:18:49.838Z</time></trkpt><trkpt lat="47.60864040" lon="19.14692610"><ele>137.54</ele><time>2025-10-20T14:18:50.019Z</time></trkpt><trkpt lat="47.60864040" lon="19.14692610"><ele>137.54</ele><time>2025-10-20T14:18:50.220Z</time></trkpt><trkpt lat="47.60864040" lon="19.14692610"><ele>137.55</ele><time>2025-10-20T14:18:50.422Z</time></trkpt><trkpt lat="47.60864040" lon="19.14692610"><ele>137.55</ele><time>2025-10-20T14:18:50.622Z</time></trkpt><trkpt lat="47.60864040" lon="19.14692610"><ele>137.56</ele><time>2025-10-20T14:18:50.822Z</time></trkpt><trkpt lat="47.60864040" lon="19.14692610"><ele>137.56</ele><time>2025-10-20T14:18:51.022Z</time></trkpt><trkpt lat="47.60864050" lon="19.14692610"><ele>137.56</ele><time>2025-10-20T14:18:51.223Z</time></trkpt><trkpt lat="47.60864050" lon="19.14692610"><ele>137.57</ele><time>2025-10-20T14:18:51.423Z</time></trkpt><trkpt lat="47.60864050" lon="19.14692610"><ele>137.57</ele><time>2025-10-20T14:18:51.623Z</time></trkpt><trkpt lat="47.60864050" lon="19.14692610"><ele>137.57</ele><time>2025-10-20T14:18:51.825Z</time></trkpt><trkpt lat="47.60864050" lon="19.14692610"><ele>137.57</ele><time>2025-10-20T14:18:52.025Z</time></trkpt><trkpt lat="47.60864050" lon="19.14692610"><ele>137.57</ele><time>2025-10-20T14:18:52.225Z</time></trkpt><trkpt lat="47.60864060" lon="19.14692610"><ele>137.57</ele><time>2025-10-20T14:18:52.426Z</time></trkpt><trkpt lat="47.60864050" lon="19.14692610"><ele>137.58</ele><time>2025-10-20T14:18:52.627Z</time></trkpt><trkpt lat="47.60864050" lon="19.14692610"><ele>137.58</ele><time>2025-10-20T14:18:52.828Z</time></trkpt><trkpt lat="47.60864050" lon="19.14692610"><ele>137.58</ele><time>2025-10-20T14:18:53.028Z</time></trkpt><trkpt lat="47.60864050" lon="19.14692610"><ele>137.57</ele><time>2025-10-20T14:18:53.230Z</time></trkpt><trkpt lat="47.60864050" lon="19.14692610"><ele>137.58</ele><time>2025-10-20T14:18:53.432Z</time></trkpt><trkpt lat="47.60864060" lon="19.14692610"><ele>137.58</ele><time>2025-10-20T14:18:53.632Z</time></trkpt><trkpt lat="47.60864050" lon="19.14692610"><ele>137.58</ele><time>2025-10-20T14:18:53.832Z</time></trkpt><trkpt lat="47.60864050" lon="19.14692610"><ele>137.58</ele><time>2025-10-20T14:18:54.032Z</time></trkpt><trkpt lat="47.60864060" lon="19.14692610"><ele>137.58</ele><time>2025-10-20T14:18:54.232Z</time></trkpt><trkpt lat="47.60864060" lon="19.14692610"><ele>137.58</ele><time>2025-10-20T14:18:54.433Z</time></trkpt><trkpt lat="47.60864060" lon="19.14692610"><ele>137.58</ele><time>2025-10-20T14:18:54.633Z</time></trkpt><trkpt lat="47.60864060" lon="19.14692610"><ele>137.58</ele><time>2025-10-20T14:18:54.833Z</time></trkpt><trkpt lat="47.60864060" lon="19.14692600"><ele>137.58</ele><time>2025-10-20T14:18:55.033Z</time></trkpt><trkpt lat="47.60864060" lon="19.14692600"><ele>137.58</ele><time>2025-10-20T14:18:55.233Z</time></trkpt><trkpt lat="47.60864060" lon="19.14692600"><ele>137.59</ele><time>2025-10-20T14:18:55.435Z</time></trkpt><trkpt lat="47.60864060" lon="19.14692600"><ele>137.59</ele><time>2025-10-20T14:18:55.636Z</time></trkpt><trkpt lat="47.60864070" lon="19.14692600"><ele>137.59</ele><time>2025-10-20T14:18:55.837Z</time></trkpt><trkpt lat="47.60864070" lon="19.14692600"><ele>137.59</ele><time>2025-10-20T14:18:56.036Z</time></trkpt><trkpt lat="47.60864070" lon="19.14692600"><ele>137.60</ele><time>2025-10-20T14:18:56.241Z</time></trkpt><trkpt lat="47.60864070" lon="19.14692600"><ele>137.60</ele><time>2025-10-20T14:18:56.443Z</time></trkpt><trkpt lat="47.60864070" lon="19.14692590"><ele>137.60</ele><time>2025-10-20T14:18:56.644Z</time></trkpt><trkpt lat="47.60864070" lon="19.14692590"><ele>137.60</ele><time>2025-10-20T14:18:56.843Z</time></trkpt><trkpt lat="47.60864060" lon="19.14692590"><ele>137.60</ele><time>2025-10-20T14:18:57.045Z</time></trkpt><trkpt lat="47.60864060" lon="19.14692600"><ele>137.60</ele><time>2025-10-20T14:18:57.245Z</time></trkpt><trkpt lat="47.60864060" lon="19.14692600"><ele>137.60</ele><time>2025-10-20T14:18:57.447Z</time></trkpt><trkpt lat="47.60864060" lon="19.14692600"><ele>137.61</ele><time>2025-10-20T14:18:57.648Z</time></trkpt><trkpt lat="47.60864060" lon="19.14692600"><ele>137.61</ele><time>2025-10-20T14:18:57.849Z</time></trkpt><trkpt lat="47.60864060" lon="19.14692600"><ele>137.61</ele><time>2025-10-20T14:18:58.050Z</time></trkpt><trkpt lat="47.60864060" lon="19.14692610"><ele>137.61</ele><time>2025-10-20T14:18:58.252Z</time></trkpt><trkpt lat="47.60864060" lon="19.14692610"><ele>137.61</ele><time>2025-10-20T14:18:58.452Z</time></trkpt><trkpt lat="47.60864060" lon="19.14692600"><ele>137.61</ele><time>2025-10-20T14:18:58.652Z</time></trkpt><trkpt lat="47.60864060" lon="19.14692600"><ele>137.61</ele><time>2025-10-20T14:18:58.852Z</time></trkpt><trkpt lat="47.60864060" lon="19.14692600"><ele>137.61</ele><time>2025-10-20T14:18:59.052Z</time></trkpt><trkpt lat="47.60864060" lon="19.14692600"><ele>137.62</ele><time>2025-10-20T14:18:59.255Z</time></trkpt><trkpt lat="47.60864060" lon="19.14692610"><ele>137.62</ele><time>2025-10-20T14:18:59.456Z</time></trkpt><trkpt lat="47.60864060" lon="19.14692610"><ele>137.62</ele><time>2025-10-20T14:18:59.656Z</time></trkpt><trkpt lat="47.60864060" lon="19.14692610"><ele>137.62</ele><time>2025-10-20T14:18:59.858Z</time></trkpt><trkpt lat="47.60864060" lon="19.14692610"><ele>137.62</ele><time>2025-10-20T14:19:00.058Z</time></trkpt><trkpt lat="47.60864060" lon="19.14692610"><ele>137.63</ele><time>2025-10-20T14:19:00.259Z</time></trkpt><trkpt lat="47.60864060" lon="19.14692610"><ele>137.63</ele><time>2025-10-20T14:19:00.460Z</time></trkpt><trkpt lat="47.60864060" lon="19.14692600"><ele>137.63</ele><time>2025-10-20T14:19:00.640Z</time></trkpt><trkpt lat="47.60864070" lon="19.14692600"><ele>137.63</ele><time>2025-10-20T14:19:00.861Z</time></trkpt><trkpt lat="47.60864060" lon="19.14692600"><ele>137.62</ele><time>2025-10-20T14:19:01.041Z</time></trkpt><trkpt lat="47.60864060" lon="19.14692590"><ele>137.62</ele><time>2025-10-20T14:19:01.241Z</time></trkpt><trkpt lat="47.60864060" lon="19.14692590"><ele>137.62</ele><time>2025-10-20T14:19:01.441Z</time></trkpt><trkpt lat="47.60864060" lon="19.14692590"><ele>137.62</ele><time>2025-10-20T14:19:01.621Z</time></trkpt><trkpt lat="47.60864060" lon="19.14692590"><ele>137.63</ele><time>2025-10-20T14:19:01.843Z</time></trkpt><trkpt lat="47.60864060" lon="19.14692590"><ele>137.64</ele><time>2025-10-20T14:19:02.044Z</time></trkpt><trkpt lat="47.60864060" lon="19.14692590"><ele>137.64</ele><time>2025-10-20T14:19:02.245Z</time></trkpt><trkpt lat="47.60864060" lon="19.14692590"><ele>137.64</ele><time>2025-10-20T14:19:02.464Z</time></trkpt><trkpt lat="47.60864060" lon="19.14692590"><ele>137.64</ele><time>2025-10-20T14:19:02.644Z</time></trkpt><trkpt lat="47.60864060" lon="19.14692590"><ele>137.64</ele><time>2025-10-20T14:19:02.846Z</time></trkpt><trkpt lat="47.60864060" lon="19.14692590"><ele>137.64</ele><time>2025-10-20T14:19:03.046Z</time></trkpt><trkpt lat="47.60864060" lon="19.14692590"><ele>137.64</ele><time>2025-10-20T14:19:03.248Z</time></trkpt><trkpt lat="47.60864060" lon="19.14692590"><ele>137.65</ele><time>2025-10-20T14:19:03.448Z</time></trkpt><trkpt lat="47.60864060" lon="19.14692590"><ele>137.65</ele><time>2025-10-20T14:19:03.648Z</time></trkpt><trkpt lat="47.60864060" lon="19.14692590"><ele>137.64</ele><time>2025-10-20T14:19:03.848Z</time></trkpt><trkpt lat="47.60864060" lon="19.14692590"><ele>137.64</ele><time>2025-10-20T14:19:04.049Z</time></trkpt><trkpt lat="47.60864060" lon="19.14692590"><ele>137.65</ele><time>2025-10-20T14:19:04.249Z</time></trkpt><trkpt lat="47.60864060" lon="19.14692590"><ele>137.65</ele><time>2025-10-20T14:19:04.449Z</time></trkpt><trkpt lat="47.60864050" lon="19.14692590"><ele>137.64</ele><time>2025-10-20T14:19:04.650Z</time></trkpt><trkpt lat="47.60864050" lon="19.14692590"><ele>137.64</ele><time>2025-10-20T14:19:04.852Z</time></trkpt><trkpt lat="47.60864050" lon="19.14692590"><ele>137.64</ele><time>2025-10-20T14:19:05.053Z</time></trkpt><trkpt lat="47.60864050" lon="19.14692590"><ele>137.64</ele><time>2025-10-20T14:19:05.255Z</time></trkpt><trkpt lat="47.60864050" lon="19.14692590"><ele>137.64</ele><time>2025-10-20T14:19:05.456Z</time></trkpt><trkpt lat="47.60864050" lon="19.14692600"><ele>137.64</ele><time>2025-10-20T14:19:05.656Z</time></trkpt><trkpt lat="47.60864050" lon="19.14692600"><ele>137.63</ele><time>2025-10-20T14:19:05.858Z</time></trkpt><trkpt lat="47.60864050" lon="19.14692590"><ele>137.63</ele><time>2025-10-20T14:19:06.058Z</time></trkpt><trkpt lat="47.60864060" lon="19.14692590"><ele>137.63</ele><time>2025-10-20T14:19:06.261Z</time></trkpt><trkpt lat="47.60864060" lon="19.14692590"><ele>137.63</ele><time>2025-10-20T14:19:06.461Z</time></trkpt><trkpt lat="47.60864060" lon="19.14692590"><ele>137.63</ele><time>2025-10-20T14:19:06.662Z</time></trkpt><trkpt lat="47.60864060" lon="19.14692590"><ele>137.63</ele><time>2025-10-20T14:19:06.863Z</time></trkpt><trkpt lat="47.60864060" lon="19.14692590"><ele>137.63</ele><time>2025-10-20T14:19:07.064Z</time></trkpt><trkpt lat="47.60864060" lon="19.14692590"><ele>137.63</ele><time>2025-10-20T14:19:07.256Z</time></trkpt><trkpt lat="47.60864060" lon="19.14692590"><ele>137.63</ele><time>2025-10-20T14:19:07.456Z</time></trkpt><trkpt lat="47.60864060" lon="19.14692590"><ele>137.62</ele><time>2025-10-20T14:19:07.656Z</time></trkpt><trkpt lat="47.60864060" lon="19.14692590"><ele>137.62</ele><time>2025-10-20T14:19:07.857Z</time></trkpt><trkpt lat="47.60864060" lon="19.14692590"><ele>137.62</ele><time>2025-10-20T14:19:08.057Z</time></trkpt><trkpt lat="47.60864060" lon="19.14692600"><ele>137.62</ele><time>2025-10-20T14:19:08.258Z</time></trkpt><trkpt lat="47.60864060" lon="19.14692600"><ele>137.62</ele><time>2025-10-20T14:19:08.477Z</time></trkpt><trkpt lat="47.60864060" lon="19.14692610"><ele>137.62</ele><time>2025-10-20T14:19:08.657Z</time></trkpt><trkpt lat="47.60864060" lon="19.14692610"><ele>137.62</ele><time>2025-10-20T14:19:08.878Z</time></trkpt><trkpt lat="47.60864060" lon="19.14692610"><ele>137.62</ele><time>2025-10-20T14:19:09.058Z</time></trkpt><trkpt lat="47.60864060" lon="19.14692610"><ele>137.62</ele><time>2025-10-20T14:19:09.280Z</time></trkpt><trkpt lat="47.60864060" lon="19.14692610"><ele>137.62</ele><time>2025-10-20T14:19:09.461Z</time></trkpt><trkpt lat="47.60864060" lon="19.14692610"><ele>137.61</ele><time>2025-10-20T14:19:09.661Z</time></trkpt><trkpt lat="47.60864060" lon="19.14692610"><ele>137.61</ele><time>2025-10-20T14:19:09.861Z</time></trkpt><trkpt lat="47.60864060" lon="19.14692610"><ele>137.62</ele><time>2025-10-20T14:19:10.061Z</time></trkpt><trkpt lat="47.60864060" lon="19.14692610"><ele>137.62</ele><time>2025-10-20T14:19:10.243Z</time></trkpt><trkpt lat="47.60864060" lon="19.14692610"><ele>137.62</ele><time>2025-10-20T14:19:10.463Z</time></trkpt><trkpt lat="47.60864060" lon="19.14692610"><ele>137.62</ele><time>2025-10-20T14:19:10.663Z</time></trkpt><trkpt lat="47.60864060" lon="19.14692610"><ele>137.62</ele><time>2025-10-20T14:19:10.863Z</time></trkpt><trkpt lat="47.60864060" lon="19.14692600"><ele>137.61</ele><time>2025-10-20T14:19:11.064Z</time></trkpt><trkpt lat="47.60864060" lon="19.14692600"><ele>137.61</ele><time>2025-10-20T14:19:11.265Z</time></trkpt><trkpt lat="47.60864060" lon="19.14692610"><ele>137.61</ele><time>2025-10-20T14:19:11.465Z</time></trkpt><trkpt lat="47.60864070" lon="19.14692600"><ele>137.61</ele><time>2025-10-20T14:19:11.664Z</time></trkpt><trkpt lat="47.60864070" lon="19.14692600"><ele>137.61</ele><time>2025-10-20T14:19:11.865Z</time></trkpt><trkpt lat="47.60864070" lon="19.14692600"><ele>137.61</ele><time>2025-10-20T14:19:12.065Z</time></trkpt><trkpt lat="47.60864060" lon="19.14692600"><ele>137.61</ele><time>2025-10-20T14:19:12.267Z</time></trkpt><trkpt lat="47.60864060" lon="19.14692600"><ele>137.61</ele><time>2025-10-20T14:19:12.467Z</time></trkpt><trkpt lat="47.60864060" lon="19.14692600"><ele>137.61</ele><time>2025-10-20T14:19:12.667Z</time></trkpt><trkpt lat="47.60864060" lon="19.14692610"><ele>137.60</ele><time>2025-10-20T14:19:12.868Z</time></trkpt><trkpt lat="47.60864060" lon="19.14692610"><ele>137.60</ele><time>2025-10-20T14:19:13.068Z</time></trkpt><trkpt lat="47.60864060" lon="19.14692610"><ele>137.60</ele><time>2025-10-20T14:19:13.268Z</time></trkpt><trkpt lat="47.60864060" lon="19.14692610"><ele>137.60</ele><time>2025-10-20T14:19:13.469Z</time></trkpt><trkpt lat="47.60864060" lon="19.14692600"><ele>137.60</ele><time>2025-10-20T14:19:13.669Z</time></trkpt><trkpt lat="47.60864060" lon="19.14692600"><ele>137.60</ele><time>2025-10-20T14:19:13.868Z</time></trkpt><trkpt lat="47.60864060" lon="19.14692600"><ele>137.60</ele><time>2025-10-20T14:19:14.069Z</time></trkpt><trkpt lat="47.60864060" lon="19.14692600"><ele>137.60</ele><time>2025-10-20T14:19:14.270Z</time></trkpt><trkpt lat="47.60864070" lon="19.14692610"><ele>137.60</ele><time>2025-10-20T14:19:14.451Z</time></trkpt><trkpt lat="47.60864070" lon="19.14692610"><ele>137.60</ele><time>2025-10-20T14:19:14.651Z</time></trkpt><trkpt lat="47.60864070" lon="19.14692600"><ele>137.60</ele><time>2025-10-20T14:19:14.872Z</time></trkpt><trkpt lat="47.60864070" lon="19.14692600"><ele>137.60</ele><time>2025-10-20T14:19:15.073Z</time></trkpt><trkpt lat="47.60864070" lon="19.14692600"><ele>137.61</ele><time>2025-10-20T14:19:15.273Z</time></trkpt><trkpt lat="47.60864070" lon="19.14692600"><ele>137.61</ele><time>2025-10-20T14:19:15.474Z</time></trkpt><trkpt lat="47.60864070" lon="19.14692600"><ele>137.61</ele><time>2025-10-20T14:19:15.676Z</time></trkpt><trkpt lat="47.60864070" lon="19.14692600"><ele>137.61</ele><time>2025-10-20T14:19:15.877Z</time></trkpt><trkpt lat="47.60864070" lon="19.14692590"><ele>137.61</ele><time>2025-10-20T14:19:16.077Z</time></trkpt><trkpt lat="47.60864070" lon="19.14692590"><ele>137.62</ele><time>2025-10-20T14:19:16.278Z</time></trkpt><trkpt lat="47.60864070" lon="19.14692590"><ele>137.61</ele><time>2025-10-20T14:19:16.478Z</time></trkpt><trkpt lat="47.60864070" lon="19.14692590"><ele>137.61</ele><time>2025-10-20T14:19:16.679Z</time></trkpt><trkpt lat="47.60864060" lon="19.14692590"><ele>137.60</ele><time>2025-10-20T14:19:16.879Z</time></trkpt><trkpt lat="47.60864060" lon="19.14692590"><ele>137.60</ele><time>2025-10-20T14:19:17.060Z</time></trkpt><trkpt lat="47.60864050" lon="19.14692590"><ele>137.60</ele><time>2025-10-20T14:19:17.281Z</time></trkpt><trkpt lat="47.60864050" lon="19.14692590"><ele>137.60</ele><time>2025-10-20T14:19:17.481Z</time></trkpt><trkpt lat="47.60864050" lon="19.14692600"><ele>137.59</ele><time>2025-10-20T14:19:17.681Z</time></trkpt><trkpt lat="47.60864050" lon="19.14692600"><ele>137.59</ele><time>2025-10-20T14:19:17.881Z</time></trkpt><trkpt lat="47.60864050" lon="19.14692600"><ele>137.59</ele><time>2025-10-20T14:19:18.082Z</time></trkpt><trkpt lat="47.60864060" lon="19.14692600"><ele>137.60</ele><time>2025-10-20T14:19:18.283Z</time></trkpt><trkpt lat="47.60864060" lon="19.14692600"><ele>137.60</ele><time>2025-10-20T14:19:18.483Z</time></trkpt><trkpt lat="47.60864060" lon="19.14692600"><ele>137.60</ele><time>2025-10-20T14:19:18.663Z</time></trkpt><trkpt lat="47.60864060" lon="19.14692600"><ele>137.59</ele><time>2025-10-20T14:19:18.863Z</time></trkpt><trkpt lat="47.60864060" lon="19.14692600"><ele>137.59</ele><time>2025-10-20T14:19:19.083Z</time></trkpt><trkpt lat="47.60864060" lon="19.14692590"><ele>137.60</ele><time>2025-10-20T14:19:19.283Z</time></trkpt><trkpt lat="47.60864060" lon="19.14692590"><ele>137.60</ele><time>2025-10-20T14:19:19.484Z</time></trkpt><trkpt lat="47.60864060" lon="19.14692600"><ele>137.60</ele><time>2025-10-20T14:19:19.684Z</time></trkpt><trkpt lat="47.60864070" lon="19.14692600"><ele>137.60</ele><time>2025-10-20T14:19:19.884Z</time></trkpt><trkpt lat="47.60864070" lon="19.14692600"><ele>137.61</ele><time>2025-10-20T14:19:20.084Z</time></trkpt><trkpt lat="47.60864070" lon="19.14692610"><ele>137.61</ele><time>2025-10-20T14:19:20.284Z</time></trkpt><trkpt lat="47.60864070" lon="19.14692610"><ele>137.61</ele><time>2025-10-20T14:19:20.486Z</time></trkpt><trkpt lat="47.60864070" lon="19.14692610"><ele>137.61</ele><time>2025-10-20T14:19:20.685Z</time></trkpt><trkpt lat="47.60864070" lon="19.14692610"><ele>137.61</ele><time>2025-10-20T14:19:20.886Z</time></trkpt><trkpt lat="47.60864070" lon="19.14692610"><ele>137.60</ele><time>2025-10-20T14:19:21.086Z</time></trkpt><trkpt lat="47.60864070" lon="19.14692610"><ele>137.60</ele><time>2025-10-20T14:19:21.287Z</time></trkpt><trkpt lat="47.60864070" lon="19.14692610"><ele>137.60</ele><time>2025-10-20T14:19:21.486Z</time></trkpt><trkpt lat="47.60864080" lon="19.14692600"><ele>137.60</ele><time>2025-10-20T14:19:21.687Z</time></trkpt><trkpt lat="47.60864080" lon="19.14692600"><ele>137.59</ele><time>2025-10-20T14:19:21.867Z</time></trkpt><trkpt lat="47.60864080" lon="19.14692610"><ele>137.59</ele><time>2025-10-20T14:19:22.067Z</time></trkpt><trkpt lat="47.60864070" lon="19.14692610"><ele>137.60</ele><time>2025-10-20T14:19:22.289Z</time></trkpt><trkpt lat="47.60864070" lon="19.14692610"><ele>137.59</ele><time>2025-10-20T14:19:22.490Z</time></trkpt><trkpt lat="47.60864070" lon="19.14692610"><ele>137.59</ele><time>2025-10-20T14:19:22.690Z</time></trkpt><trkpt lat="47.60864070" lon="19.14692610"><ele>137.58</ele><time>2025-10-20T14:19:22.890Z</time></trkpt><trkpt lat="47.60864070" lon="19.14692610"><ele>137.57</ele><time>2025-10-20T14:19:23.091Z</time></trkpt><trkpt lat="47.60864070" lon="19.14692610"><ele>137.57</ele><time>2025-10-20T14:19:23.291Z</time></trkpt><trkpt lat="47.60864070" lon="19.14692610"><ele>137.57</ele><time>2025-10-20T14:19:23.491Z</time></trkpt><trkpt lat="47.60864070" lon="19.14692600"><ele>137.57</ele><time>2025-10-20T14:19:23.691Z</time></trkpt><trkpt lat="47.60864070" lon="19.14692600"><ele>137.56</ele><time>2025-10-20T14:19:23.912Z</time></trkpt><trkpt lat="47.60864070" lon="19.14692600"><ele>137.56</ele><time>2025-10-20T14:19:24.093Z</time></trkpt><trkpt lat="47.60864070" lon="19.14692600"><ele>137.57</ele><time>2025-10-20T14:19:24.295Z</time></trkpt><trkpt lat="47.60864060" lon="19.14692600"><ele>137.56</ele><time>2025-10-20T14:19:24.495Z</time></trkpt><trkpt lat="47.60864060" lon="19.14692600"><ele>137.56</ele><time>2025-10-20T14:19:24.696Z</time></trkpt><trkpt lat="47.60864060" lon="19.14692600"><ele>137.55</ele><time>2025-10-20T14:19:24.896Z</time></trkpt><trkpt lat="47.60864060" lon="19.14692610"><ele>137.55</ele><time>2025-10-20T14:19:25.097Z</time></trkpt><trkpt lat="47.60864060" lon="19.14692610"><ele>137.54</ele><time>2025-10-20T14:19:25.297Z</time></trkpt><trkpt lat="47.60864060" lon="19.14692610"><ele>137.54</ele><time>2025-10-20T14:19:25.498Z</time></trkpt><trkpt lat="47.60864060" lon="19.14692610"><ele>137.54</ele><time>2025-10-20T14:19:25.698Z</time></trkpt><trkpt lat="47.60864060" lon="19.14692610"><ele>137.54</ele><time>2025-10-20T14:19:25.899Z</time></trkpt><trkpt lat="47.60864060" lon="19.14692610"><ele>137.54</ele><time>2025-10-20T14:19:26.099Z</time></trkpt><trkpt lat="47.60864060" lon="19.14692610"><ele>137.55</ele><time>2025-10-20T14:19:26.300Z</time></trkpt><trkpt lat="47.60864060" lon="19.14692610"><ele>137.55</ele><time>2025-10-20T14:19:26.500Z</time></trkpt><trkpt lat="47.60864060" lon="19.14692610"><ele>137.55</ele><time>2025-10-20T14:19:26.700Z</time></trkpt><trkpt lat="47.60864060" lon="19.14692600"><ele>137.55</ele><time>2025-10-20T14:19:26.902Z</time></trkpt><trkpt lat="47.60864060" lon="19.14692600"><ele>137.55</ele><time>2025-10-20T14:19:27.102Z</time></trkpt><trkpt lat="47.60864060" lon="19.14692600"><ele>137.56</ele><time>2025-10-20T14:19:27.303Z</time></trkpt><trkpt lat="47.60864050" lon="19.14692610"><ele>137.56</ele><time>2025-10-20T14:19:27.503Z</time></trkpt><trkpt lat="47.60864050" lon="19.14692610"><ele>137.56</ele><time>2025-10-20T14:19:27.703Z</time></trkpt><trkpt lat="47.60864050" lon="19.14692610"><ele>137.55</ele><time>2025-10-20T14:19:27.904Z</time></trkpt><trkpt lat="47.60864050" lon="19.14692610"><ele>137.55</ele><time>2025-10-20T14:19:28.104Z</time></trkpt><trkpt lat="47.60864050" lon="19.14692610"><ele>137.56</ele><time>2025-10-20T14:19:28.304Z</time></trkpt><trkpt lat="47.60864050" lon="19.14692610"><ele>137.56</ele><time>2025-10-20T14:19:28.506Z</time></trkpt><trkpt lat="47.60864050" lon="19.14692610"><ele>137.56</ele><time>2025-10-20T14:19:28.706Z</time></trkpt><trkpt lat="47.60864050" lon="19.14692610"><ele>137.56</ele><time>2025-10-20T14:19:28.906Z</time></trkpt><trkpt lat="47.60864050" lon="19.14692610"><ele>137.56</ele><time>2025-10-20T14:19:29.107Z</time></trkpt><trkpt lat="47.60864050" lon="19.14692610"><ele>137.56</ele><time>2025-10-20T14:19:29.309Z</time></trkpt><trkpt lat="47.60864050" lon="19.14692610"><ele>137.56</ele><time>2025-10-20T14:19:29.509Z</time></trkpt><trkpt lat="47.60864050" lon="19.14692610"><ele>137.56</ele><time>2025-10-20T14:19:29.709Z</time></trkpt><trkpt lat="47.60864050" lon="19.14692600"><ele>137.55</ele><time>2025-10-20T14:19:29.910Z</time></trkpt><trkpt lat="47.60864050" lon="19.14692600"><ele>137.55</ele><time>2025-10-20T14:19:30.110Z</time></trkpt><trkpt lat="47.60864050" lon="19.14692610"><ele>137.56</ele><time>2025-10-20T14:19:30.312Z</time></trkpt><trkpt lat="47.60864050" lon="19.14692610"><ele>137.56</ele><time>2025-10-20T14:19:30.513Z</time></trkpt><trkpt lat="47.60864050" lon="19.14692600"><ele>137.56</ele><time>2025-10-20T14:19:30.713Z</time></trkpt><trkpt lat="47.60864050" lon="19.14692600"><ele>137.56</ele><time>2025-10-20T14:19:30.913Z</time></trkpt><trkpt lat="47.60864050" lon="19.14692600"><ele>137.56</ele><time>2025-10-20T14:19:31.114Z</time></trkpt><trkpt lat="47.60864050" lon="19.14692610"><ele>137.55</ele><time>2025-10-20T14:19:31.316Z</time></trkpt><trkpt lat="47.60864060" lon="19.14692610"><ele>137.56</ele><time>2025-10-20T14:19:31.516Z</time></trkpt><trkpt lat="47.60864060" lon="19.14692600"><ele>137.56</ele><time>2025-10-20T14:19:31.717Z</time></trkpt><trkpt lat="47.60864070" lon="19.14692600"><ele>137.56</ele><time>2025-10-20T14:19:31.917Z</time></trkpt><trkpt lat="47.60864070" lon="19.14692600"><ele>137.57</ele><time>2025-10-20T14:19:32.118Z</time></trkpt><trkpt lat="47.60864070" lon="19.14692600"><ele>137.57</ele><time>2025-10-20T14:19:32.319Z</time></trkpt><trkpt lat="47.60864070" lon="19.14692600"><ele>137.57</ele><time>2025-10-20T14:19:32.519Z</time></trkpt><trkpt lat="47.60864080" lon="19.14692590"><ele>137.57</ele><time>2025-10-20T14:19:32.719Z</time></trkpt><trkpt lat="47.60864080" lon="19.14692590"><ele>137.57</ele><time>2025-10-20T14:19:32.920Z</time></trkpt><trkpt lat="47.60864070" lon="19.14692590"><ele>137.57</ele><time>2025-10-20T14:19:33.101Z</time></trkpt><trkpt lat="47.60864080" lon="19.14692590"><ele>137.57</ele><time>2025-10-20T14:19:33.321Z</time></trkpt><trkpt lat="47.60864080" lon="19.14692590"><ele>137.58</ele><time>2025-10-20T14:19:33.521Z</time></trkpt><trkpt lat="47.60864070" lon="19.14692590"><ele>137.58</ele><time>2025-10-20T14:19:33.721Z</time></trkpt><trkpt lat="47.60864070" lon="19.14692590"><ele>137.57</ele><time>2025-10-20T14:19:33.902Z</time></trkpt><trkpt lat="47.60864070" lon="19.14692580"><ele>137.57</ele><time>2025-10-20T14:19:34.121Z</time></trkpt><trkpt lat="47.60864060" lon="19.14692590"><ele>137.57</ele><time>2025-10-20T14:19:34.302Z</time></trkpt><trkpt lat="47.60864060" lon="19.14692590"><ele>137.57</ele><time>2025-10-20T14:19:34.523Z</time></trkpt><trkpt lat="47.60864060" lon="19.14692590"><ele>137.57</ele><time>2025-10-20T14:19:34.703Z</time></trkpt><trkpt lat="47.60864050" lon="19.14692590"><ele>137.56</ele><time>2025-10-20T14:19:34.923Z</time></trkpt><trkpt lat="47.60864060" lon="19.14692600"><ele>137.56</ele><time>2025-10-20T14:19:35.103Z</time></trkpt><trkpt lat="47.60864060" lon="19.14692600"><ele>137.56</ele><time>2025-10-20T14:19:35.326Z</time></trkpt><trkpt lat="47.60864060" lon="19.14692600"><ele>137.56</ele><time>2025-10-20T14:19:35.526Z</time></trkpt><trkpt lat="47.60864060" lon="19.14692600"><ele>137.56</ele><time>2025-10-20T14:19:35.726Z</time></trkpt><trkpt lat="47.60864070" lon="19.14692600"><ele>137.56</ele><time>2025-10-20T14:19:35.926Z</time></trkpt><trkpt lat="47.60864070" lon="19.14692600"><ele>137.56</ele><time>2025-10-20T14:19:36.126Z</time></trkpt><trkpt lat="47.60864070" lon="19.14692600"><ele>137.56</ele><time>2025-10-20T14:19:36.328Z</time></trkpt><trkpt lat="47.60864070" lon="19.14692590"><ele>137.56</ele><time>2025-10-20T14:19:36.528Z</time></trkpt><trkpt lat="47.60864070" lon="19.14692590"><ele>137.56</ele><time>2025-10-20T14:19:36.728Z</time></trkpt><trkpt lat="47.60864070" lon="19.14692590"><ele>137.56</ele><time>2025-10-20T14:19:36.928Z</time></trkpt><trkpt lat="47.60864070" lon="19.14692590"><ele>137.56</ele><time>2025-10-20T14:19:37.128Z</time></trkpt><trkpt lat="47.60864060" lon="19.14692590"><ele>137.56</ele><time>2025-10-20T14:19:37.328Z</time></trkpt><trkpt lat="47.60864060" lon="19.14692590"><ele>137.56</ele><time>2025-10-20T14:19:37.528Z</time></trkpt><trkpt lat="47.60864060" lon="19.14692590"><ele>137.55</ele><time>2025-10-20T14:19:37.728Z</time></trkpt><trkpt lat="47.60864050" lon="19.14692590"><ele>137.55</ele><time>2025-10-20T14:19:37.928Z</time></trkpt><trkpt lat="47.60864050" lon="19.14692600"><ele>137.55</ele><time>2025-10-20T14:19:38.127Z</time></trkpt><trkpt lat="47.60864050" lon="19.14692600"><ele>137.55</ele><time>2025-10-20T14:19:38.330Z</time></trkpt><trkpt lat="47.60864050" lon="19.14692600"><ele>137.55</ele><time>2025-10-20T14:19:38.530Z</time></trkpt><trkpt lat="47.60864050" lon="19.14692600"><ele>137.55</ele><time>2025-10-20T14:19:38.731Z</time></trkpt><trkpt lat="47.60864040" lon="19.14692600"><ele>137.55</ele><time>2025-10-20T14:19:38.931Z</time></trkpt><trkpt lat="47.60864040" lon="19.14692600"><ele>137.54</ele><time>2025-10-20T14:19:39.132Z</time></trkpt><trkpt lat="47.60864040" lon="19.14692600"><ele>137.54</ele><time>2025-10-20T14:19:39.335Z</time></trkpt><trkpt lat="47.60864040" lon="19.14692610"><ele>137.54</ele><time>2025-10-20T14:19:39.536Z</time></trkpt><trkpt lat="47.60864050" lon="19.14692610"><ele>137.54</ele><time>2025-10-20T14:19:39.738Z</time></trkpt><trkpt lat="47.60864050" lon="19.14692610"><ele>137.54</ele><time>2025-10-20T14:19:39.939Z</time></trkpt><trkpt lat="47.60864050" lon="19.14692610"><ele>137.54</ele><time>2025-10-20T14:19:40.140Z</time></trkpt><trkpt lat="47.60864050" lon="19.14692620"><ele>137.54</ele><time>2025-10-20T14:19:40.323Z</time></trkpt><trkpt lat="47.60864050" lon="19.14692610"><ele>137.54</ele><time>2025-10-20T14:19:40.543Z</time></trkpt><trkpt lat="47.60864050" lon="19.14692610"><ele>137.53</ele><time>2025-10-20T14:19:40.743Z</time></trkpt><trkpt lat="47.60864050" lon="19.14692610"><ele>137.52</ele><time>2025-10-20T14:19:40.944Z</time></trkpt><trkpt lat="47.60864040" lon="19.14692610"><ele>137.52</ele><time>2025-10-20T14:19:41.124Z</time></trkpt><trkpt lat="47.60864040" lon="19.14692610"><ele>137.52</ele><time>2025-10-20T14:19:41.344Z</time></trkpt><trkpt lat="47.60864050" lon="19.14692610"><ele>137.52</ele><time>2025-10-20T14:19:41.545Z</time></trkpt><trkpt lat="47.60864050" lon="19.14692610"><ele>137.52</ele><time>2025-10-20T14:19:41.745Z</time></trkpt><trkpt lat="47.60864050" lon="19.14692610"><ele>137.52</ele><time>2025-10-20T14:19:41.944Z</time></trkpt><trkpt lat="47.60864050" lon="19.14692610"><ele>137.52</ele><time>2025-10-20T14:19:42.144Z</time></trkpt><trkpt lat="47.60864050" lon="19.14692610"><ele>137.52</ele><time>2025-10-20T14:19:42.325Z</time></trkpt><trkpt lat="47.60864050" lon="19.14692600"><ele>137.52</ele><time>2025-10-20T14:19:42.525Z</time></trkpt><trkpt lat="47.60864050" lon="19.14692600"><ele>137.52</ele><time>2025-10-20T14:19:42.726Z</time></trkpt><trkpt lat="47.60864050" lon="19.14692600"><ele>137.51</ele><time>2025-10-20T14:19:42.926Z</time></trkpt><trkpt lat="47.60864050" lon="19.14692590"><ele>137.51</ele><time>2025-10-20T14:19:43.128Z</time></trkpt><trkpt lat="47.60864050" lon="19.14692600"><ele>137.51</ele><time>2025-10-20T14:19:43.328Z</time></trkpt><trkpt lat="47.60864050" lon="19.14692600"><ele>137.51</ele><time>2025-10-20T14:19:43.548Z</time></trkpt><trkpt lat="47.60864050" lon="19.14692600"><ele>137.51</ele><time>2025-10-20T14:19:43.728Z</time></trkpt><trkpt lat="47.60864040" lon="19.14692600"><ele>137.51</ele><time>2025-10-20T14:19:43.929Z</time></trkpt><trkpt lat="47.60864040" lon="19.14692610"><ele>137.52</ele><time>2025-10-20T14:19:44.128Z</time></trkpt><trkpt lat="47.60864050" lon="19.14692610"><ele>137.52</ele><time>2025-10-20T14:19:44.334Z</time></trkpt><trkpt lat="47.60864050" lon="19.14692610"><ele>137.52</ele><time>2025-10-20T14:19:44.534Z</time></trkpt><trkpt lat="47.60864050" lon="19.14692610"><ele>137.52</ele><time>2025-10-20T14:19:44.734Z</time></trkpt><trkpt lat="47.60864050" lon="19.14692610"><ele>137.52</ele><time>2025-10-20T14:19:44.934Z</time></trkpt><trkpt lat="47.60864050" lon="19.14692610"><ele>137.52</ele><time>2025-10-20T14:19:45.135Z</time></trkpt><trkpt lat="47.60864050" lon="19.14692610"><ele>137.53</ele><time>2025-10-20T14:19:45.336Z</time></trkpt><trkpt lat="47.60864050" lon="19.14692610"><ele>137.53</ele><time>2025-10-20T14:19:45.536Z</time></trkpt><trkpt lat="47.60864050" lon="19.14692610"><ele>137.53</ele><time>2025-10-20T14:19:45.736Z</time></trkpt><trkpt lat="47.60864050" lon="19.14692610"><ele>137.53</ele><time>2025-10-20T14:19:45.936Z</time></trkpt><trkpt lat="47.60864050" lon="19.14692600"><ele>137.52</ele><time>2025-10-20T14:19:46.137Z</time></trkpt><trkpt lat="47.60864050" lon="19.14692600"><ele>137.52</ele><time>2025-10-20T14:19:46.341Z</time></trkpt><trkpt lat="47.60864050" lon="19.14692600"><ele>137.52</ele><time>2025-10-20T14:19:46.541Z</time></trkpt><trkpt lat="47.60864060" lon="19.14692600"><ele>137.52</ele><time>2025-10-20T14:19:46.743Z</time></trkpt><trkpt lat="47.60864060" lon="19.14692600"><ele>137.52</ele><time>2025-10-20T14:19:46.943Z</time></trkpt><trkpt lat="47.60864050" lon="19.14692600"><ele>137.52</ele><time>2025-10-20T14:19:47.144Z</time></trkpt><trkpt lat="47.60864050" lon="19.14692610"><ele>137.53</ele><time>2025-10-20T14:19:47.346Z</time></trkpt><trkpt lat="47.60864050" lon="19.14692620"><ele>137.53</ele><time>2025-10-20T14:19:47.546Z</time></trkpt><trkpt lat="47.60864050" lon="19.14692620"><ele>137.53</ele><time>2025-10-20T14:19:47.747Z</time></trkpt><trkpt lat="47.60864050" lon="19.14692620"><ele>137.53</ele><time>2025-10-20T14:19:47.947Z</time></trkpt><trkpt lat="47.60864050" lon="19.14692620"><ele>137.53</ele><time>2025-10-20T14:19:48.148Z</time></trkpt><trkpt lat="47.60864050" lon="19.14692620"><ele>137.54</ele><time>2025-10-20T14:19:48.349Z</time></trkpt><trkpt lat="47.60864050" lon="19.14692620"><ele>137.54</ele><time>2025-10-20T14:19:48.550Z</time></trkpt><trkpt lat="47.60864050" lon="19.14692630"><ele>137.54</ele><time>2025-10-20T14:19:48.751Z</time></trkpt><trkpt lat="47.60864050" lon="19.14692630"><ele>137.54</ele><time>2025-10-20T14:19:48.950Z</time></trkpt><trkpt lat="47.60864050" lon="19.14692620"><ele>137.54</ele><time>2025-10-20T14:19:49.151Z</time></trkpt><trkpt lat="47.60864060" lon="19.14692630"><ele>137.54</ele><time>2025-10-20T14:19:49.357Z</time></trkpt><trkpt lat="47.60864060" lon="19.14692630"><ele>137.55</ele><time>2025-10-20T14:19:49.557Z</time></trkpt><trkpt lat="47.60864060" lon="19.14692630"><ele>137.55</ele><time>2025-10-20T14:19:49.757Z</time></trkpt><trkpt lat="47.60864060" lon="19.14692640"><ele>137.55</ele><time>2025-10-20T14:19:49.958Z</time></trkpt><trkpt lat="47.60864060" lon="19.14692640"><ele>137.55</ele><time>2025-10-20T14:19:50.158Z</time></trkpt><trkpt lat="47.60864060" lon="19.14692640"><ele>137.55</ele><time>2025-10-20T14:19:50.363Z</time></trkpt><trkpt lat="47.60864060" lon="19.14692640"><ele>137.55</ele><time>2025-10-20T14:19:50.564Z</time></trkpt><trkpt lat="47.60864060" lon="19.14692640"><ele>137.55</ele><time>2025-10-20T14:19:50.764Z</time></trkpt><trkpt lat="47.60864060" lon="19.14692640"><ele>137.55</ele><time>2025-10-20T14:19:50.966Z</time></trkpt><trkpt lat="47.60864060" lon="19.14692630"><ele>137.55</ele><time>2025-10-20T14:19:51.167Z</time></trkpt><trkpt lat="47.60864060" lon="19.14692630"><ele>137.54</ele><time>2025-10-20T14:19:51.369Z</time></trkpt><trkpt lat="47.60864060" lon="19.14692620"><ele>137.54</ele><time>2025-10-20T14:19:51.571Z</time></trkpt><trkpt lat="47.60864060" lon="19.14692620"><ele>137.54</ele><time>2025-10-20T14:19:51.772Z</time></trkpt><trkpt lat="47.60864060" lon="19.14692610"><ele>137.54</ele><time>2025-10-20T14:19:51.972Z</time></trkpt><trkpt lat="47.60864060" lon="19.14692610"><ele>137.54</ele><time>2025-10-20T14:19:52.174Z</time></trkpt><trkpt lat="47.60864060" lon="19.14692620"><ele>137.54</ele><time>2025-10-20T14:19:52.376Z</time></trkpt><trkpt lat="47.60864060" lon="19.14692620"><ele>137.54</ele><time>2025-10-20T14:19:52.577Z</time></trkpt><trkpt lat="47.60864060" lon="19.14692620"><ele>137.54</ele><time>2025-10-20T14:19:52.777Z</time></trkpt><trkpt lat="47.60864060" lon="19.14692610"><ele>137.54</ele><time>2025-10-20T14:19:52.977Z</time></trkpt><trkpt lat="47.60864060" lon="19.14692610"><ele>137.54</ele><time>2025-10-20T14:19:53.179Z</time></trkpt><trkpt lat="47.60864060" lon="19.14692610"><ele>137.54</ele><time>2025-10-20T14:19:53.383Z</time></trkpt><trkpt lat="47.60864060" lon="19.14692610"><ele>137.54</ele><time>2025-10-20T14:19:53.586Z</time></trkpt><trkpt lat="47.60864060" lon="19.14692610"><ele>137.54</ele><time>2025-10-20T14:19:53.786Z</time></trkpt><trkpt lat="47.60864060" lon="19.14692610"><ele>137.54</ele><time>2025-10-20T14:19:53.987Z</time></trkpt><trkpt lat="47.60864060" lon="19.14692600"><ele>137.54</ele><time>2025-10-20T14:19:54.187Z</time></trkpt><trkpt lat="47.60864060" lon="19.14692600"><ele>137.54</ele><time>2025-10-20T14:19:54.391Z</time></trkpt><trkpt lat="47.60864070" lon="19.14692600"><ele>137.54</ele><time>2025-10-20T14:19:54.591Z</time></trkpt><trkpt lat="47.60864070" lon="19.14692600"><ele>137.55</ele><time>2025-10-20T14:19:54.791Z</time></trkpt><trkpt lat="47.60864060" lon="19.14692600"><ele>137.55</ele><time>2025-10-20T14:19:54.991Z</time></trkpt><trkpt lat="47.60864060" lon="19.14692610"><ele>137.54</ele><time>2025-10-20T14:19:55.192Z</time></trkpt><trkpt lat="47.60864060" lon="19.14692610"><ele>137.54</ele><time>2025-10-20T14:19:55.393Z</time></trkpt><trkpt lat="47.60864060" lon="19.14692610"><ele>137.55</ele><time>2025-10-20T14:19:55.592Z</time></trkpt><trkpt lat="47.60864060" lon="19.14692610"><ele>137.54</ele><time>2025-10-20T14:19:55.792Z</time></trkpt><trkpt lat="47.60864060" lon="19.14692610"><ele>137.54</ele><time>2025-10-20T14:19:55.992Z</time></trkpt><trkpt lat="47.60864060" lon="19.14692610"><ele>137.54</ele><time>2025-10-20T14:19:56.192Z</time></trkpt><trkpt lat="47.60864060" lon="19.14692610"><ele>137.54</ele><time>2025-10-20T14:19:56.395Z</time></trkpt><trkpt lat="47.60864060" lon="19.14692620"><ele>137.54</ele><time>2025-10-20T14:19:56.596Z</time></trkpt><trkpt lat="47.60864060" lon="19.14692610"><ele>137.53</ele><time>2025-10-20T14:19:56.797Z</time></trkpt><trkpt lat="47.60864060" lon="19.14692610"><ele>137.53</ele><time>2025-10-20T14:19:56.998Z</time></trkpt><trkpt lat="47.60864060" lon="19.14692610"><ele>137.53</ele><time>2025-10-20T14:19:57.198Z</time></trkpt><trkpt lat="47.60864060" lon="19.14692610"><ele>137.53</ele><time>2025-10-20T14:19:57.403Z</time></trkpt><trkpt lat="47.60864060" lon="19.14692610"><ele>137.53</ele><time>2025-10-20T14:19:57.604Z</time></trkpt><trkpt lat="47.60864060" lon="19.14692610"><ele>137.53</ele><time>2025-10-20T14:19:57.805Z</time></trkpt><trkpt lat="47.60864060" lon="19.14692610"><ele>137.52</ele><time>2025-10-20T14:19:58.005Z</time></trkpt><trkpt lat="47.60864060" lon="19.14692610"><ele>137.52</ele><time>2025-10-20T14:19:58.204Z</time></trkpt><trkpt lat="47.60864060" lon="19.14692610"><ele>137.52</ele><time>2025-10-20T14:19:58.405Z</time></trkpt><trkpt lat="47.60864060" lon="19.14692620"><ele>137.52</ele><time>2025-10-20T14:19:58.605Z</time></trkpt><trkpt lat="47.60864060" lon="19.14692620"><ele>137.52</ele><time>2025-10-20T14:19:58.805Z</time></trkpt><trkpt lat="47.60864060" lon="19.14692620"><ele>137.52</ele><time>2025-10-20T14:19:59.005Z</time></trkpt><trkpt lat="47.60864060" lon="19.14692620"><ele>137.51</ele><time>2025-10-20T14:19:59.207Z</time></trkpt><trkpt lat="47.60864060" lon="19.14692620"><ele>137.51</ele><time>2025-10-20T14:19:59.407Z</time></trkpt><trkpt lat="47.60864060" lon="19.14692620"><ele>137.51</ele><time>2025-10-20T14:19:59.608Z</time></trkpt><trkpt lat="47.60864060" lon="19.14692610"><ele>137.51</ele><time>2025-10-20T14:19:59.807Z</time></trkpt><trkpt lat="47.60864060" lon="19.14692610"><ele>137.50</ele><time>2025-10-20T14:20:00.007Z</time></trkpt><trkpt lat="47.60864050" lon="19.14692610"><ele>137.51</ele><time>2025-10-20T14:20:00.209Z</time></trkpt><trkpt lat="47.60864050" lon="19.14692610"><ele>137.50</ele><time>2025-10-20T14:20:00.411Z</time></trkpt><trkpt lat="47.60864050" lon="19.14692610"><ele>137.50</ele><time>2025-10-20T14:20:00.611Z</time></trkpt><trkpt lat="47.60864050" lon="19.14692610"><ele>137.50</ele><time>2025-10-20T14:20:00.811Z</time></trkpt><trkpt lat="47.60864050" lon="19.14692610"><ele>137.50</ele><time>2025-10-20T14:20:01.012Z</time></trkpt><trkpt lat="47.60864050" lon="19.14692610"><ele>137.49</ele><time>2025-10-20T14:20:01.213Z</time></trkpt><trkpt lat="47.60864040" lon="19.14692610"><ele>137.49</ele><time>2025-10-20T14:20:01.396Z</time></trkpt><trkpt lat="47.60864040" lon="19.14692610"><ele>137.49</ele><time>2025-10-20T14:20:01.596Z</time></trkpt><trkpt lat="47.60864050" lon="19.14692600"><ele>137.49</ele><time>2025-10-20T14:20:01.816Z</time></trkpt><trkpt lat="47.60864050" lon="19.14692600"><ele>137.49</ele><time>2025-10-20T14:20:01.996Z</time></trkpt><trkpt lat="47.60864050" lon="19.14692600"><ele>137.49</ele><time>2025-10-20T14:20:02.219Z</time></trkpt><trkpt lat="47.60864050" lon="19.14692600"><ele>137.49</ele><time>2025-10-20T14:20:02.420Z</time></trkpt><trkpt lat="47.60864050" lon="19.14692600"><ele>137.49</ele><time>2025-10-20T14:20:02.620Z</time></trkpt><trkpt lat="47.60864060" lon="19.14692600"><ele>137.49</ele><time>2025-10-20T14:20:02.801Z</time></trkpt><trkpt lat="47.60864060" lon="19.14692600"><ele>137.49</ele><time>2025-10-20T14:20:03.021Z</time></trkpt><trkpt lat="47.60864060" lon="19.14692600"><ele>137.49</ele><time>2025-10-20T14:20:03.201Z</time></trkpt><trkpt lat="47.60864060" lon="19.14692600"><ele>137.49</ele><time>2025-10-20T14:20:03.422Z</time></trkpt><trkpt lat="47.60864070" lon="19.14692600"><ele>137.50</ele><time>2025-10-20T14:20:03.623Z</time></trkpt><trkpt lat="47.60864070" lon="19.14692600"><ele>137.49</ele><time>2025-10-20T14:20:03.823Z</time></trkpt><trkpt lat="47.60864070" lon="19.14692600"><ele>137.49</ele><time>2025-10-20T14:20:04.023Z</time></trkpt><trkpt lat="47.60864070" lon="19.14692600"><ele>137.49</ele><time>2025-10-20T14:20:04.206Z</time></trkpt><trkpt lat="47.60864070" lon="19.14692600"><ele>137.50</ele><time>2025-10-20T14:20:04.408Z</time></trkpt><trkpt lat="47.60864070" lon="19.14692600"><ele>137.50</ele><time>2025-10-20T14:20:04.608Z</time></trkpt><trkpt lat="47.60864060" lon="19.14692600"><ele>137.50</ele><time>2025-10-20T14:20:04.808Z</time></trkpt><trkpt lat="47.60864060" lon="19.14692600"><ele>137.50</ele><time>2025-10-20T14:20:05.010Z</time></trkpt><trkpt lat="47.60864060" lon="19.14692600"><ele>137.50</ele><time>2025-10-20T14:20:05.210Z</time></trkpt><trkpt lat="47.60864060" lon="19.14692600"><ele>137.51</ele><time>2025-10-20T14:20:05.413Z</time></trkpt><trkpt lat="47.60864060" lon="19.14692600"><ele>137.51</ele><time>2025-10-20T14:20:05.613Z</time></trkpt><trkpt lat="47.60864060" lon="19.14692610"><ele>137.51</ele><time>2025-10-20T14:20:05.817Z</time></trkpt><trkpt lat="47.60864050" lon="19.14692610"><ele>137.51</ele><time>2025-10-20T14:20:06.018Z</time></trkpt><trkpt lat="47.60864050" lon="19.14692620"><ele>137.51</ele><time>2025-10-20T14:20:06.220Z</time></trkpt><trkpt lat="47.60864050" lon="19.14692620"><ele>137.52</ele><time>2025-10-20T14:20:06.420Z</time></trkpt><trkpt lat="47.60864050" lon="19.14692620"><ele>137.51</ele><time>2025-10-20T14:20:06.601Z</time></trkpt><trkpt lat="47.60864050" lon="19.14692610"><ele>137.51</ele><time>2025-10-20T14:20:06.822Z</time></trkpt><trkpt lat="47.60864050" lon="19.14692610"><ele>137.51</ele><time>2025-10-20T14:20:07.023Z</time></trkpt><trkpt lat="47.60864050" lon="19.14692610"><ele>137.51</ele><time>2025-10-20T14:20:07.203Z</time></trkpt><trkpt lat="47.60864050" lon="19.14692610"><ele>137.51</ele><time>2025-10-20T14:20:07.405Z</time></trkpt><trkpt lat="47.60864050" lon="19.14692610"><ele>137.51</ele><time>2025-10-20T14:20:07.607Z</time></trkpt><trkpt lat="47.60864050" lon="19.14692610"><ele>137.51</ele><time>2025-10-20T14:20:07.810Z</time></trkpt><trkpt lat="47.60864050" lon="19.14692610"><ele>137.50</ele><time>2025-10-20T14:20:08.011Z</time></trkpt><trkpt lat="47.60864050" lon="19.14692610"><ele>137.50</ele><time>2025-10-20T14:20:08.213Z</time></trkpt><trkpt lat="47.60864050" lon="19.14692610"><ele>137.50</ele><time>2025-10-20T14:20:08.415Z</time></trkpt><trkpt lat="47.60864040" lon="19.14692610"><ele>137.50</ele><time>2025-10-20T14:20:08.616Z</time></trkpt><trkpt lat="47.60864040" lon="19.14692610"><ele>137.50</ele><time>2025-10-20T14:20:08.818Z</time></trkpt><trkpt lat="47.60864040" lon="19.14692610"><ele>137.50</ele><time>2025-10-20T14:20:09.020Z</time></trkpt><trkpt lat="47.60864050" lon="19.14692610"><ele>137.50</ele><time>2025-10-20T14:20:09.221Z</time></trkpt><trkpt lat="47.60864050" lon="19.14692620"><ele>137.49</ele><time>2025-10-20T14:20:09.405Z</time></trkpt><trkpt lat="47.60864050" lon="19.14692620"><ele>137.50</ele><time>2025-10-20T14:20:09.608Z</time></trkpt><trkpt lat="47.60864060" lon="19.14692620"><ele>137.49</ele><time>2025-10-20T14:20:09.810Z</time></trkpt><trkpt lat="47.60864060" lon="19.14692620"><ele>137.49</ele><time>2025-10-20T14:20:10.010Z</time></trkpt><trkpt lat="47.60864060" lon="19.14692610"><ele>137.49</ele><time>2025-10-20T14:20:10.210Z</time></trkpt><trkpt lat="47.60864060" lon="19.14692610"><ele>137.49</ele><time>2025-10-20T14:20:10.411Z</time></trkpt><trkpt lat="47.60864060" lon="19.14692610"><ele>137.49</ele><time>2025-10-20T14:20:10.612Z</time></trkpt><trkpt lat="47.60864070" lon="19.14692610"><ele>137.49</ele><time>2025-10-20T14:20:10.812Z</time></trkpt><trkpt lat="47.60864070" lon="19.14692610"><ele>137.49</ele><time>2025-10-20T14:20:11.011Z</time></trkpt><trkpt lat="47.60864060" lon="19.14692610"><ele>137.49</ele><time>2025-10-20T14:20:11.212Z</time></trkpt><trkpt lat="47.60864060" lon="19.14692610"><ele>137.49</ele><time>2025-10-20T14:20:11.417Z</time></trkpt><trkpt lat="47.60864060" lon="19.14692610"><ele>137.50</ele><time>2025-10-20T14:20:11.600Z</time></trkpt><trkpt lat="47.60864060" lon="19.14692610"><ele>137.49</ele><time>2025-10-20T14:20:11.800Z</time></trkpt><trkpt lat="47.60864060" lon="19.14692610"><ele>137.49</ele><time>2025-10-20T14:20:12.021Z</time></trkpt><trkpt lat="47.60864060" lon="19.14692610"><ele>137.49</ele><time>2025-10-20T14:20:12.221Z</time></trkpt><trkpt lat="47.60864060" lon="19.14692610"><ele>137.50</ele><time>2025-10-20T14:20:12.423Z</time></trkpt><trkpt lat="47.60864060" lon="19.14692610"><ele>137.49</ele><time>2025-10-20T14:20:12.623Z</time></trkpt><trkpt lat="47.60864060" lon="19.14692610"><ele>137.49</ele><time>2025-10-20T14:20:12.824Z</time></trkpt><trkpt lat="47.60864060" lon="19.14692610"><ele>137.49</ele><time>2025-10-20T14:20:13.024Z</time></trkpt><trkpt lat="47.60864060" lon="19.14692610"><ele>137.49</ele><time>2025-10-20T14:20:13.224Z</time></trkpt><trkpt lat="47.60864060" lon="19.14692610"><ele>137.49</ele><time>2025-10-20T14:20:13.424Z</time></trkpt><trkpt lat="47.60864060" lon="19.14692620"><ele>137.49</ele><time>2025-10-20T14:20:13.604Z</time></trkpt><trkpt lat="47.60864060" lon="19.14692620"><ele>137.49</ele><time>2025-10-20T14:20:13.804Z</time></trkpt><trkpt lat="47.60864060" lon="19.14692620"><ele>137.49</ele><time>2025-10-20T14:20:14.025Z</time></trkpt><trkpt lat="47.60864060" lon="19.14692620"><ele>137.49</ele><time>2025-10-20T14:20:14.226Z</time></trkpt><trkpt lat="47.60864050" lon="19.14692630"><ele>137.50</ele><time>2025-10-20T14:20:14.426Z</time></trkpt><trkpt lat="47.60864050" lon="19.14692630"><ele>137.50</ele><time>2025-10-20T14:20:14.626Z</time></trkpt><trkpt lat="47.60864050" lon="19.14692630"><ele>137.50</ele><time>2025-10-20T14:20:14.826Z</time></trkpt><trkpt lat="47.60864040" lon="19.14692640"><ele>137.51</ele><time>2025-10-20T14:20:15.027Z</time></trkpt><trkpt lat="47.60864040" lon="19.14692640"><ele>137.51</ele><time>2025-10-20T14:20:15.207Z</time></trkpt><trkpt lat="47.60864050" lon="19.14692640"><ele>137.51</ele><time>2025-10-20T14:20:15.428Z</time></trkpt><trkpt lat="47.60864050" lon="19.14692630"><ele>137.51</ele><time>2025-10-20T14:20:15.629Z</time></trkpt><trkpt lat="47.60864050" lon="19.14692630"><ele>137.51</ele><time>2025-10-20T14:20:15.829Z</time></trkpt><trkpt lat="47.60864050" lon="19.14692620"><ele>137.50</ele><time>2025-10-20T14:20:16.029Z</time></trkpt><trkpt lat="47.60864050" lon="19.14692620"><ele>137.50</ele><time>2025-10-20T14:20:16.230Z</time></trkpt><trkpt lat="47.60864050" lon="19.14692610"><ele>137.50</ele><time>2025-10-20T14:20:16.429Z</time></trkpt><trkpt lat="47.60864050" lon="19.14692610"><ele>137.49</ele><time>2025-10-20T14:20:16.630Z</time></trkpt><trkpt lat="47.60864050" lon="19.14692610"><ele>137.49</ele><time>2025-10-20T14:20:16.829Z</time></trkpt><trkpt lat="47.60864050" lon="19.14692610"><ele>137.49</ele><time>2025-10-20T14:20:17.029Z</time></trkpt><trkpt lat="47.60864040" lon="19.14692610"><ele>137.49</ele><time>2025-10-20T14:20:17.229Z</time></trkpt><trkpt lat="47.60864040" lon="19.14692610"><ele>137.48</ele><time>2025-10-20T14:20:17.410Z</time></trkpt><trkpt lat="47.60864040" lon="19.14692610"><ele>137.48</ele><time>2025-10-20T14:20:17.630Z</time></trkpt><trkpt lat="47.60864040" lon="19.14692610"><ele>137.49</ele><time>2025-10-20T14:20:17.830Z</time></trkpt><trkpt lat="47.60864050" lon="19.14692600"><ele>137.48</ele><time>2025-10-20T14:20:18.010Z</time></trkpt><trkpt lat="47.60864050" lon="19.14692600"><ele>137.49</ele><time>2025-10-20T14:20:18.230Z</time></trkpt><trkpt lat="47.60864060" lon="19.14692610"><ele>137.49</ele><time>2025-10-20T14:20:18.430Z</time></trkpt><trkpt lat="47.60864060" lon="19.14692600"><ele>137.49</ele><time>2025-10-20T14:20:18.630Z</time></trkpt><trkpt lat="47.60864060" lon="19.14692600"><ele>137.49</ele><time>2025-10-20T14:20:18.830Z</time></trkpt><trkpt lat="47.60864070" lon="19.14692600"><ele>137.48</ele><time>2025-10-20T14:20:19.030Z</time></trkpt><trkpt lat="47.60864070" lon="19.14692600"><ele>137.48</ele><time>2025-10-20T14:20:19.231Z</time></trkpt><trkpt lat="47.60864070" lon="19.14692590"><ele>137.48</ele><time>2025-10-20T14:20:19.432Z</time></trkpt><trkpt lat="47.60864060" lon="19.14692590"><ele>137.48</ele><time>2025-10-20T14:20:19.631Z</time></trkpt><trkpt lat="47.60864060" lon="19.14692600"><ele>137.48</ele><time>2025-10-20T14:20:19.832Z</time></trkpt><trkpt lat="47.60864060" lon="19.14692590"><ele>137.47</ele><time>2025-10-20T14:20:20.031Z</time></trkpt><trkpt lat="47.60864060" lon="19.14692590"><ele>137.47</ele><time>2025-10-20T14:20:20.232Z</time></trkpt><trkpt lat="47.60864050" lon="19.14692600"><ele>137.47</ele><time>2025-10-20T14:20:20.433Z</time></trkpt><trkpt lat="47.60864060" lon="19.14692600"><ele>137.47</ele><time>2025-10-20T14:20:20.633Z</time></trkpt><trkpt lat="47.60864050" lon="19.14692600"><ele>137.47</ele><time>2025-10-20T14:20:20.833Z</time></trkpt><trkpt lat="47.60864060" lon="19.14692600"><ele>137.47</ele><time>2025-10-20T14:20:21.033Z</time></trkpt><trkpt lat="47.60864060" lon="19.14692600"><ele>137.47</ele><time>2025-10-20T14:20:21.234Z</time></trkpt><trkpt lat="47.60864050" lon="19.14692600"><ele>137.47</ele><time>2025-10-20T14:20:21.435Z</time></trkpt><trkpt lat="47.60864060" lon="19.14692600"><ele>137.47</ele><time>2025-10-20T14:20:21.635Z</time></trkpt><trkpt lat="47.60864060" lon="19.14692600"><ele>137.47</ele><time>2025-10-20T14:20:21.836Z</time></trkpt><trkpt lat="47.60864060" lon="19.14692590"><ele>137.47</ele><time>2025-10-20T14:20:22.036Z</time></trkpt><trkpt lat="47.60864060" lon="19.14692590"><ele>137.47</ele><time>2025-10-20T14:20:22.238Z</time></trkpt><trkpt lat="47.60864060" lon="19.14692600"><ele>137.47</ele><time>2025-10-20T14:20:22.440Z</time></trkpt><trkpt lat="47.60864060" lon="19.14692590"><ele>137.47</ele><time>2025-10-20T14:20:22.641Z</time></trkpt><trkpt lat="47.60864060" lon="19.14692590"><ele>137.47</ele><time>2025-10-20T14:20:22.841Z</time></trkpt><trkpt lat="47.60864060" lon="19.14692590"><ele>137.46</ele><time>2025-10-20T14:20:23.041Z</time></trkpt><trkpt lat="47.60864050" lon="19.14692590"><ele>137.46</ele><time>2025-10-20T14:20:23.242Z</time></trkpt><trkpt lat="47.60864050" lon="19.14692590"><ele>137.46</ele><time>2025-10-20T14:20:23.442Z</time></trkpt><trkpt lat="47.60864050" lon="19.14692590"><ele>137.46</ele><time>2025-10-20T14:20:23.642Z</time></trkpt><trkpt lat="47.60864050" lon="19.14692590"><ele>137.46</ele><time>2025-10-20T14:20:23.842Z</time></trkpt><trkpt lat="47.60864050" lon="19.14692590"><ele>137.46</ele><time>2025-10-20T14:20:24.042Z</time></trkpt><trkpt lat="47.60864050" lon="19.14692600"><ele>137.46</ele><time>2025-10-20T14:20:24.244Z</time></trkpt><trkpt lat="47.60864050" lon="19.14692600"><ele>137.46</ele><time>2025-10-20T14:20:24.443Z</time></trkpt><trkpt lat="47.60864050" lon="19.14692600"><ele>137.46</ele><time>2025-10-20T14:20:24.643Z</time></trkpt><trkpt lat="47.60864060" lon="19.14692600"><ele>137.46</ele><time>2025-10-20T14:20:24.823Z</time></trkpt><trkpt lat="47.60864060" lon="19.14692600"><ele>137.46</ele><time>2025-10-20T14:20:25.043Z</time></trkpt><trkpt lat="47.60864060" lon="19.14692590"><ele>137.46</ele><time>2025-10-20T14:20:25.226Z</time></trkpt><trkpt lat="47.60864060" lon="19.14692590"><ele>137.46</ele><time>2025-10-20T14:20:25.449Z</time></trkpt><trkpt lat="47.60864060" lon="19.14692590"><ele>137.46</ele><time>2025-10-20T14:20:25.649Z</time></trkpt><trkpt lat="47.60864060" lon="19.14692590"><ele>137.45</ele><time>2025-10-20T14:20:25.850Z</time></trkpt><trkpt lat="47.60864060" lon="19.14692590"><ele>137.45</ele><time>2025-10-20T14:20:26.050Z</time></trkpt><trkpt lat="47.60864060" lon="19.14692580"><ele>137.45</ele><time>2025-10-20T14:20:26.251Z</time></trkpt><trkpt lat="47.60864060" lon="19.14692580"><ele>137.45</ele><time>2025-10-20T14:20:26.455Z</time></trkpt><trkpt lat="47.60864060" lon="19.14692580"><ele>137.45</ele><time>2025-10-20T14:20:26.654Z</time></trkpt><trkpt lat="47.60864060" lon="19.14692580"><ele>137.44</ele><time>2025-10-20T14:20:26.856Z</time></trkpt><trkpt lat="47.60864070" lon="19.14692570"><ele>137.44</ele><time>2025-10-20T14:20:27.057Z</time></trkpt><trkpt lat="47.60864070" lon="19.14692570"><ele>137.44</ele><time>2025-10-20T14:20:27.258Z</time></trkpt><trkpt lat="47.60864070" lon="19.14692570"><ele>137.44</ele><time>2025-10-20T14:20:27.460Z</time></trkpt><trkpt lat="47.60864070" lon="19.14692570"><ele>137.44</ele><time>2025-10-20T14:20:27.662Z</time></trkpt><trkpt lat="47.60864070" lon="19.14692580"><ele>137.44</ele><time>2025-10-20T14:20:27.862Z</time></trkpt><trkpt lat="47.60864070" lon="19.14692580"><ele>137.44</ele><time>2025-10-20T14:20:28.063Z</time></trkpt><trkpt lat="47.60864070" lon="19.14692580"><ele>137.44</ele><time>2025-10-20T14:20:28.274Z</time></trkpt><trkpt lat="47.60864060" lon="19.14692580"><ele>137.44</ele><time>2025-10-20T14:20:28.475Z</time></trkpt><trkpt lat="47.60864070" lon="19.14692580"><ele>137.44</ele><time>2025-10-20T14:20:28.675Z</time></trkpt><trkpt lat="47.60864070" lon="19.14692580"><ele>137.44</ele><time>2025-10-20T14:20:28.876Z</time></trkpt><trkpt lat="47.60864070" lon="19.14692590"><ele>137.44</ele><time>2025-10-20T14:20:29.077Z</time></trkpt><trkpt lat="47.60864060" lon="19.14692590"><ele>137.44</ele><time>2025-10-20T14:20:29.278Z</time></trkpt><trkpt lat="47.60864060" lon="19.14692590"><ele>137.44</ele><time>2025-10-20T14:20:29.479Z</time></trkpt><trkpt lat="47.60864060" lon="19.14692590"><ele>137.44</ele><time>2025-10-20T14:20:29.678Z</time></trkpt><trkpt lat="47.60864060" lon="19.14692590"><ele>137.44</ele><time>2025-10-20T14:20:29.879Z</time></trkpt><trkpt lat="47.60864060" lon="19.14692580"><ele>137.44</ele><time>2025-10-20T14:20:30.080Z</time></trkpt><trkpt lat="47.60864060" lon="19.14692580"><ele>137.44</ele><time>2025-10-20T14:20:30.280Z</time></trkpt><trkpt lat="47.60864060" lon="19.14692590"><ele>137.44</ele><time>2025-10-20T14:20:30.480Z</time></trkpt><trkpt lat="47.60864060" lon="19.14692590"><ele>137.44</ele><time>2025-10-20T14:20:30.681Z</time></trkpt><trkpt lat="47.60864070" lon="19.14692580"><ele>137.43</ele><time>2025-10-20T14:20:30.881Z</time></trkpt><trkpt lat="47.60864070" lon="19.14692580"><ele>137.43</ele><time>2025-10-20T14:20:31.081Z</time></trkpt><trkpt lat="47.60864070" lon="19.14692590"><ele>137.44</ele><time>2025-10-20T14:20:31.284Z</time></trkpt><trkpt lat="47.60864080" lon="19.14692580"><ele>137.44</ele><time>2025-10-20T14:20:31.485Z</time></trkpt><trkpt lat="47.60864080" lon="19.14692580"><ele>137.44</ele><time>2025-10-20T14:20:31.685Z</time></trkpt><trkpt lat="47.60864080" lon="19.14692580"><ele>137.44</ele><time>2025-10-20T14:20:31.885Z</time></trkpt><trkpt lat="47.60864080" lon="19.14692580"><ele>137.44</ele><time>2025-10-20T14:20:32.085Z</time></trkpt><trkpt lat="47.60864080" lon="19.14692590"><ele>137.45</ele><time>2025-10-20T14:20:32.286Z</time></trkpt><trkpt lat="47.60864080" lon="19.14692590"><ele>137.45</ele><time>2025-10-20T14:20:32.486Z</time></trkpt><trkpt lat="47.60864080" lon="19.14692590"><ele>137.45</ele><time>2025-10-20T14:20:32.686Z</time></trkpt><trkpt lat="47.60864080" lon="19.14692590"><ele>137.45</ele><time>2025-10-20T14:20:32.886Z</time></trkpt><trkpt lat="47.60864080" lon="19.14692590"><ele>137.45</ele><time>2025-10-20T14:20:33.086Z</time></trkpt><trkpt lat="47.60864080" lon="19.14692590"><ele>137.45</ele><time>2025-10-20T14:20:33.268Z</time></trkpt><trkpt lat="47.60864080" lon="19.14692590"><ele>137.44</ele><time>2025-10-20T14:20:33.488Z</time></trkpt><trkpt lat="47.60864070" lon="19.14692590"><ele>137.44</ele><time>2025-10-20T14:20:33.670Z</time></trkpt><trkpt lat="47.60864070" lon="19.14692600"><ele>137.44</ele><time>2025-10-20T14:20:33.870Z</time></trkpt><trkpt lat="47.60864070" lon="19.14692600"><ele>137.44</ele><time>2025-10-20T14:20:34.089Z</time></trkpt><trkpt lat="47.60864070" lon="19.14692600"><ele>137.44</ele><time>2025-10-20T14:20:34.274Z</time></trkpt><trkpt lat="47.60864060" lon="19.14692610"><ele>137.44</ele><time>2025-10-20T14:20:34.473Z</time></trkpt><trkpt lat="47.60864060" lon="19.14692610"><ele>137.44</ele><time>2025-10-20T14:20:34.673Z</time></trkpt><trkpt lat="47.60864060" lon="19.14692610"><ele>137.44</ele><time>2025-10-20T14:20:34.893Z</time></trkpt><trkpt lat="47.60864060" lon="19.14692610"><ele>137.44</ele><time>2025-10-20T14:20:35.074Z</time></trkpt><trkpt lat="47.60864060" lon="19.14692610"><ele>137.45</ele><time>2025-10-20T14:20:35.280Z</time></trkpt><trkpt lat="47.60864060" lon="19.14692620"><ele>137.45</ele><time>2025-10-20T14:20:35.460Z</time></trkpt><trkpt lat="47.60864070" lon="19.14692610"><ele>137.45</ele><time>2025-10-20T14:20:35.682Z</time></trkpt><trkpt lat="47.60864070" lon="19.14692610"><ele>137.45</ele><time>2025-10-20T14:20:35.884Z</time></trkpt><trkpt lat="47.60864070" lon="19.14692610"><ele>137.45</ele><time>2025-10-20T14:20:36.085Z</time></trkpt><trkpt lat="47.60864070" lon="19.14692610"><ele>137.46</ele><time>2025-10-20T14:20:36.268Z</time></trkpt><trkpt lat="47.60864070" lon="19.14692610"><ele>137.46</ele><time>2025-10-20T14:20:36.488Z</time></trkpt><trkpt lat="47.60864060" lon="19.14692610"><ele>137.46</ele><time>2025-10-20T14:20:36.669Z</time></trkpt><trkpt lat="47.60864060" lon="19.14692610"><ele>137.45</ele><time>2025-10-20T14:20:36.890Z</time></trkpt><trkpt lat="47.60864060" lon="19.14692610"><ele>137.45</ele><time>2025-10-20T14:20:37.071Z</time></trkpt><trkpt lat="47.60864060" lon="19.14692610"><ele>137.45</ele><time>2025-10-20T14:20:37.292Z</time></trkpt><trkpt lat="47.60864060" lon="19.14692610"><ele>137.45</ele><time>2025-10-20T14:20:37.492Z</time></trkpt><trkpt lat="47.60864070" lon="19.14692610"><ele>137.45</ele><time>2025-10-20T14:20:37.672Z</time></trkpt><trkpt lat="47.60864070" lon="19.14692610"><ele>137.45</ele><time>2025-10-20T14:20:37.872Z</time></trkpt><trkpt lat="47.60864070" lon="19.14692610"><ele>137.46</ele><time>2025-10-20T14:20:38.072Z</time></trkpt><trkpt lat="47.60864070" lon="19.14692610"><ele>137.46</ele><time>2025-10-20T14:20:38.272Z</time></trkpt><trkpt lat="47.60864060" lon="19.14692620"><ele>137.46</ele><time>2025-10-20T14:20:38.472Z</time></trkpt><trkpt lat="47.60864060" lon="19.14692620"><ele>137.46</ele><time>2025-10-20T14:20:38.672Z</time></trkpt><trkpt lat="47.60864060" lon="19.14692610"><ele>137.45</ele><time>2025-10-20T14:20:38.872Z</time></trkpt><trkpt lat="47.60864060" lon="19.14692610"><ele>137.45</ele><time>2025-10-20T14:20:39.092Z</time></trkpt><trkpt lat="47.60864060" lon="19.14692610"><ele>137.45</ele><time>2025-10-20T14:20:39.274Z</time></trkpt><trkpt lat="47.60864070" lon="19.14692610"><ele>137.45</ele><time>2025-10-20T14:20:39.475Z</time></trkpt><trkpt lat="47.60864070" lon="19.14692610"><ele>137.46</ele><time>2025-10-20T14:20:39.675Z</time></trkpt><trkpt lat="47.60864070" lon="19.14692610"><ele>137.46</ele><time>2025-10-20T14:20:39.875Z</time></trkpt><trkpt lat="47.60864070" lon="19.14692620"><ele>137.46</ele><time>2025-10-20T14:20:40.077Z</time></trkpt><trkpt lat="47.60864070" lon="19.14692620"><ele>137.46</ele><time>2025-10-20T14:20:40.278Z</time></trkpt><trkpt lat="47.60864070" lon="19.14692620"><ele>137.46</ele><time>2025-10-20T14:20:40.478Z</time></trkpt><trkpt lat="47.60864060" lon="19.14692620"><ele>137.46</ele><time>2025-10-20T14:20:40.678Z</time></trkpt><trkpt lat="47.60864060" lon="19.14692620"><ele>137.46</ele><time>2025-10-20T14:20:40.879Z</time></trkpt><trkpt lat="47.60864060" lon="19.14692620"><ele>137.46</ele><time>2025-10-20T14:20:41.080Z</time></trkpt><trkpt lat="47.60864060" lon="19.14692620"><ele>137.45</ele><time>2025-10-20T14:20:41.282Z</time></trkpt><trkpt lat="47.60864050" lon="19.14692620"><ele>137.45</ele><time>2025-10-20T14:20:41.482Z</time></trkpt><trkpt lat="47.60864050" lon="19.14692610"><ele>137.44</ele><time>2025-10-20T14:20:41.683Z</time></trkpt><trkpt lat="47.60864050" lon="19.14692610"><ele>137.44</ele><time>2025-10-20T14:20:41.883Z</time></trkpt><trkpt lat="47.60864050" lon="19.14692600"><ele>137.43</ele><time>2025-10-20T14:20:42.083Z</time></trkpt><trkpt lat="47.60864050" lon="19.14692600"><ele>137.44</ele><time>2025-10-20T14:20:42.283Z</time></trkpt><trkpt lat="47.60864050" lon="19.14692600"><ele>137.44</ele><time>2025-10-20T14:20:42.483Z</time></trkpt><trkpt lat="47.60864060" lon="19.14692600"><ele>137.43</ele><time>2025-10-20T14:20:42.684Z</time></trkpt><trkpt lat="47.60864060" lon="19.14692600"><ele>137.43</ele><time>2025-10-20T14:20:42.884Z</time></trkpt><trkpt lat="47.60864060" lon="19.14692590"><ele>137.42</ele><time>2025-10-20T14:20:43.084Z</time></trkpt><trkpt lat="47.60864060" lon="19.14692590"><ele>137.42</ele><time>2025-10-20T14:20:43.286Z</time></trkpt><trkpt lat="47.60864060" lon="19.14692590"><ele>137.43</ele><time>2025-10-20T14:20:43.486Z</time></trkpt><trkpt lat="47.60864060" lon="19.14692590"><ele>137.43</ele><time>2025-10-20T14:20:43.686Z</time></trkpt><trkpt lat="47.60864060" lon="19.14692590"><ele>137.43</ele><time>2025-10-20T14:20:43.886Z</time></trkpt><trkpt lat="47.60864060" lon="19.14692590"><ele>137.43</ele><time>2025-10-20T14:20:44.086Z</time></trkpt><trkpt lat="47.60864060" lon="19.14692600"><ele>137.44</ele><time>2025-10-20T14:20:44.287Z</time></trkpt><trkpt lat="47.60864060" lon="19.14692600"><ele>137.44</ele><time>2025-10-20T14:20:44.487Z</time></trkpt><trkpt lat="47.60864060" lon="19.14692610"><ele>137.44</ele><time>2025-10-20T14:20:44.687Z</time></trkpt><trkpt lat="47.60864060" lon="19.14692610"><ele>137.44</ele><time>2025-10-20T14:20:44.887Z</time></trkpt><trkpt lat="47.60864060" lon="19.14692620"><ele>137.44</ele><time>2025-10-20T14:20:45.088Z</time></trkpt><trkpt lat="47.60864060" lon="19.14692620"><ele>137.44</ele><time>2025-10-20T14:20:45.288Z</time></trkpt><trkpt lat="47.60864060" lon="19.14692630"><ele>137.45</ele><time>2025-10-20T14:20:45.489Z</time></trkpt><trkpt lat="47.60864060" lon="19.14692630"><ele>137.45</ele><time>2025-10-20T14:20:45.688Z</time></trkpt><trkpt lat="47.60864060" lon="19.14692620"><ele>137.45</ele><time>2025-10-20T14:20:45.888Z</time></trkpt><trkpt lat="47.60864060" lon="19.14692620"><ele>137.45</ele><time>2025-10-20T14:20:46.088Z</time></trkpt><trkpt lat="47.60864060" lon="19.14692620"><ele>137.45</ele><time>2025-10-20T14:20:46.291Z</time></trkpt><trkpt lat="47.60864060" lon="19.14692620"><ele>137.45</ele><time>2025-10-20T14:20:46.491Z</time></trkpt><trkpt lat="47.60864060" lon="19.14692620"><ele>137.44</ele><time>2025-10-20T14:20:46.691Z</time></trkpt><trkpt lat="47.60864060" lon="19.14692620"><ele>137.44</ele><time>2025-10-20T14:20:46.892Z</time></trkpt><trkpt lat="47.60864060" lon="19.14692620"><ele>137.44</ele><time>2025-10-20T14:20:47.091Z</time></trkpt><trkpt lat="47.60864060" lon="19.14692630"><ele>137.45</ele><time>2025-10-20T14:20:47.274Z</time></trkpt><trkpt lat="47.60864060" lon="19.14692630"><ele>137.45</ele><time>2025-10-20T14:20:47.475Z</time></trkpt><trkpt lat="47.60864060" lon="19.14692630"><ele>137.45</ele><time>2025-10-20T14:20:47.675Z</time></trkpt><trkpt lat="47.60864060" lon="19.14692630"><ele>137.45</ele><time>2025-10-20T14:20:47.875Z</time></trkpt><trkpt lat="47.60864060" lon="19.14692630"><ele>137.45</ele><time>2025-10-20T14:20:48.075Z</time></trkpt><trkpt lat="47.60864060" lon="19.14692630"><ele>137.45</ele><time>2025-10-20T14:20:48.278Z</time></trkpt><trkpt lat="47.60864060" lon="19.14692620"><ele>137.45</ele><time>2025-10-20T14:20:48.477Z</time></trkpt><trkpt lat="47.60864060" lon="19.14692610"><ele>137.44</ele><time>2025-10-20T14:20:48.677Z</time></trkpt><trkpt lat="47.60864060" lon="19.14692610"><ele>137.43</ele><time>2025-10-20T14:20:48.877Z</time></trkpt><trkpt lat="47.60864060" lon="19.14692610"><ele>137.43</ele><time>2025-10-20T14:20:49.077Z</time></trkpt><trkpt lat="47.60864060" lon="19.14692620"><ele>137.43</ele><time>2025-10-20T14:20:49.278Z</time></trkpt><trkpt lat="47.60864060" lon="19.14692620"><ele>137.43</ele><time>2025-10-20T14:20:49.478Z</time></trkpt><trkpt lat="47.60864060" lon="19.14692610"><ele>137.43</ele><time>2025-10-20T14:20:49.678Z</time></trkpt><trkpt lat="47.60864060" lon="19.14692610"><ele>137.43</ele><time>2025-10-20T14:20:49.879Z</time></trkpt><trkpt lat="47.60864060" lon="19.14692600"><ele>137.42</ele><time>2025-10-20T14:20:50.079Z</time></trkpt><trkpt lat="47.60864050" lon="19.14692600"><ele>137.42</ele><time>2025-10-20T14:20:50.282Z</time></trkpt><trkpt lat="47.60864050" lon="19.14692600"><ele>137.42</ele><time>2025-10-20T14:20:50.483Z</time></trkpt><trkpt lat="47.60864050" lon="19.14692600"><ele>137.42</ele><time>2025-10-20T14:20:50.683Z</time></trkpt><trkpt lat="47.60864050" lon="19.14692600"><ele>137.42</ele><time>2025-10-20T14:20:50.883Z</time></trkpt><trkpt lat="47.60864050" lon="19.14692600"><ele>137.42</ele><time>2025-10-20T14:20:51.084Z</time></trkpt><trkpt lat="47.60864050" lon="19.14692600"><ele>137.42</ele><time>2025-10-20T14:20:51.286Z</time></trkpt><trkpt lat="47.60864050" lon="19.14692600"><ele>137.42</ele><time>2025-10-20T14:20:51.487Z</time></trkpt><trkpt lat="47.60864050" lon="19.14692600"><ele>137.41</ele><time>2025-10-20T14:20:51.687Z</time></trkpt><trkpt lat="47.60864050" lon="19.14692600"><ele>137.41</ele><time>2025-10-20T14:20:51.888Z</time></trkpt><trkpt lat="47.60864050" lon="19.14692600"><ele>137.41</ele><time>2025-10-20T14:20:52.089Z</time></trkpt><trkpt lat="47.60864050" lon="19.14692600"><ele>137.41</ele><time>2025-10-20T14:20:52.290Z</time></trkpt><trkpt lat="47.60864050" lon="19.14692600"><ele>137.41</ele><time>2025-10-20T14:20:52.490Z</time></trkpt><trkpt lat="47.60864050" lon="19.14692610"><ele>137.41</ele><time>2025-10-20T14:20:52.691Z</time></trkpt><trkpt lat="47.60864050" lon="19.14692600"><ele>137.41</ele><time>2025-10-20T14:20:52.891Z</time></trkpt><trkpt lat="47.60864050" lon="19.14692610"><ele>137.41</ele><time>2025-10-20T14:20:53.092Z</time></trkpt><trkpt lat="47.60864050" lon="19.14692610"><ele>137.42</ele><time>2025-10-20T14:20:53.253Z</time></trkpt><trkpt lat="47.60864050" lon="19.14692620"><ele>137.42</ele><time>2025-10-20T14:20:53.497Z</time></trkpt><trkpt lat="47.60864050" lon="19.14692610"><ele>137.41</ele><time>2025-10-20T14:20:53.696Z</time></trkpt><trkpt lat="47.60864050" lon="19.14692620"><ele>137.41</ele><time>2025-10-20T14:20:53.916Z</time></trkpt><trkpt lat="47.60864050" lon="19.14692620"><ele>137.41</ele><time>2025-10-20T14:20:54.096Z</time></trkpt><trkpt lat="47.60864060" lon="19.14692620"><ele>137.42</ele><time>2025-10-20T14:20:54.298Z</time></trkpt><trkpt lat="47.60864060" lon="19.14692620"><ele>137.42</ele><time>2025-10-20T14:20:54.500Z</time></trkpt><trkpt lat="47.60864060" lon="19.14692620"><ele>137.42</ele><time>2025-10-20T14:20:54.699Z</time></trkpt><trkpt lat="47.60864060" lon="19.14692610"><ele>137.42</ele><time>2025-10-20T14:20:54.900Z</time></trkpt><trkpt lat="47.60864060" lon="19.14692610"><ele>137.42</ele><time>2025-10-20T14:20:55.099Z</time></trkpt><trkpt lat="47.60864060" lon="19.14692610"><ele>137.43</ele><time>2025-10-20T14:20:55.301Z</time></trkpt><trkpt lat="47.60864060" lon="19.14692610"><ele>137.43</ele><time>2025-10-20T14:20:55.501Z</time></trkpt><trkpt lat="47.60864060" lon="19.14692610"><ele>137.43</ele><time>2025-10-20T14:20:55.701Z</time></trkpt><trkpt lat="47.60864060" lon="19.14692610"><ele>137.42</ele><time>2025-10-20T14:20:55.901Z</time></trkpt><trkpt lat="47.60864050" lon="19.14692620"><ele>137.42</ele><time>2025-10-20T14:20:56.101Z</time></trkpt><trkpt lat="47.60864050" lon="19.14692620"><ele>137.42</ele><time>2025-10-20T14:20:56.302Z</time></trkpt><trkpt lat="47.60864050" lon="19.14692620"><ele>137.43</ele><time>2025-10-20T14:20:56.502Z</time></trkpt><trkpt lat="47.60864060" lon="19.14692620"><ele>137.43</ele><time>2025-10-20T14:20:56.702Z</time></trkpt><trkpt lat="47.60864060" lon="19.14692620"><ele>137.43</ele><time>2025-10-20T14:20:56.902Z</time></trkpt><trkpt lat="47.60864060" lon="19.14692620"><ele>137.43</ele><time>2025-10-20T14:20:57.102Z</time></trkpt><trkpt lat="47.60864060" lon="19.14692620"><ele>137.44</ele><time>2025-10-20T14:20:57.303Z</time></trkpt><trkpt lat="47.60864060" lon="19.14692620"><ele>137.44</ele><time>2025-10-20T14:20:57.503Z</time></trkpt><trkpt lat="47.60864060" lon="19.14692620"><ele>137.44</ele><time>2025-10-20T14:20:57.703Z</time></trkpt><trkpt lat="47.60864070" lon="19.14692610"><ele>137.44</ele><time>2025-10-20T14:20:57.903Z</time></trkpt><trkpt lat="47.60864070" lon="19.14692610"><ele>137.44</ele><time>2025-10-20T14:20:58.103Z</time></trkpt><trkpt lat="47.60864070" lon="19.14692610"><ele>137.44</ele><time>2025-10-20T14:20:58.305Z</time></trkpt><trkpt lat="47.60864070" lon="19.14692610"><ele>137.44</ele><time>2025-10-20T14:20:58.505Z</time></trkpt><trkpt lat="47.60864080" lon="19.14692610"><ele>137.44</ele><time>2025-10-20T14:20:58.705Z</time></trkpt><trkpt lat="47.60864080" lon="19.14692610"><ele>137.44</ele><time>2025-10-20T14:20:58.906Z</time></trkpt><trkpt lat="47.60864070" lon="19.14692600"><ele>137.44</ele><time>2025-10-20T14:20:59.107Z</time></trkpt><trkpt lat="47.60864070" lon="19.14692600"><ele>137.44</ele><time>2025-10-20T14:20:59.306Z</time></trkpt><trkpt lat="47.60864070" lon="19.14692600"><ele>137.44</ele><time>2025-10-20T14:20:59.507Z</time></trkpt><trkpt lat="47.60864070" lon="19.14692600"><ele>137.44</ele><time>2025-10-20T14:20:59.706Z</time></trkpt><trkpt lat="47.60864070" lon="19.14692600"><ele>137.44</ele><time>2025-10-20T14:20:59.907Z</time></trkpt><trkpt lat="47.60864070" lon="19.14692600"><ele>137.45</ele><time>2025-10-20T14:21:00.107Z</time></trkpt><trkpt lat="47.60864070" lon="19.14692610"><ele>137.46</ele><time>2025-10-20T14:21:00.308Z</time></trkpt><trkpt lat="47.60864070" lon="19.14692600"><ele>137.46</ele><time>2025-10-20T14:21:00.509Z</time></trkpt><trkpt lat="47.60864060" lon="19.14692600"><ele>137.45</ele><time>2025-10-20T14:21:00.709Z</time></trkpt><trkpt lat="47.60864060" lon="19.14692600"><ele>137.44</ele><time>2025-10-20T14:21:00.909Z</time></trkpt><trkpt lat="47.60864060" lon="19.14692600"><ele>137.44</ele><time>2025-10-20T14:21:01.109Z</time></trkpt><trkpt lat="47.60864060" lon="19.14692590"><ele>137.43</ele><time>2025-10-20T14:21:01.309Z</time></trkpt><trkpt lat="47.60864060" lon="19.14692590"><ele>137.43</ele><time>2025-10-20T14:21:01.509Z</time></trkpt><trkpt lat="47.60864060" lon="19.14692590"><ele>137.43</ele><time>2025-10-20T14:21:01.709Z</time></trkpt><trkpt lat="47.60864060" lon="19.14692590"><ele>137.42</ele><time>2025-10-20T14:21:01.910Z</time></trkpt><trkpt lat="47.60864060" lon="19.14692590"><ele>137.42</ele><time>2025-10-20T14:21:02.110Z</time></trkpt><trkpt lat="47.60864060" lon="19.14692590"><ele>137.42</ele><time>2025-10-20T14:21:02.311Z</time></trkpt><trkpt lat="47.60864060" lon="19.14692590"><ele>137.42</ele><time>2025-10-20T14:21:02.511Z</time></trkpt><trkpt lat="47.60864060" lon="19.14692590"><ele>137.42</ele><time>2025-10-20T14:21:02.711Z</time></trkpt><trkpt lat="47.60864060" lon="19.14692590"><ele>137.41</ele><time>2025-10-20T14:21:02.910Z</time></trkpt><trkpt lat="47.60864060" lon="19.14692590"><ele>137.41</ele><time>2025-10-20T14:21:03.111Z</time></trkpt><trkpt lat="47.60864060" lon="19.14692590"><ele>137.41</ele><time>2025-10-20T14:21:03.314Z</time></trkpt><trkpt lat="47.60864050" lon="19.14692580"><ele>137.40</ele><time>2025-10-20T14:21:03.513Z</time></trkpt><trkpt lat="47.60864060" lon="19.14692580"><ele>137.40</ele><time>2025-10-20T14:21:03.714Z</time></trkpt><trkpt lat="47.60864060" lon="19.14692580"><ele>137.40</ele><time>2025-10-20T14:21:03.914Z</time></trkpt><trkpt lat="47.60864060" lon="19.14692580"><ele>137.39</ele><time>2025-10-20T14:21:04.114Z</time></trkpt><trkpt lat="47.60864060" lon="19.14692590"><ele>137.39</ele><time>2025-10-20T14:21:04.322Z</time></trkpt><trkpt lat="47.60864060" lon="19.14692590"><ele>137.39</ele><time>2025-10-20T14:21:04.523Z</time></trkpt><trkpt lat="47.60864060" lon="19.14692590"><ele>137.39</ele><time>2025-10-20T14:21:04.724Z</time></trkpt><trkpt lat="47.60864060" lon="19.14692580"><ele>137.38</ele><time>2025-10-20T14:21:04.924Z</time></trkpt><trkpt lat="47.60864060" lon="19.14692580"><ele>137.38</ele><time>2025-10-20T14:21:05.106Z</time></trkpt><trkpt lat="47.60864050" lon="19.14692580"><ele>137.38</ele><time>2025-10-20T14:21:05.310Z</time></trkpt><trkpt lat="47.60864050" lon="19.14692590"><ele>137.38</ele><time>2025-10-20T14:21:05.510Z</time></trkpt><trkpt lat="47.60864050" lon="19.14692590"><ele>137.38</ele><time>2025-10-20T14:21:05.710Z</time></trkpt><trkpt lat="47.60864060" lon="19.14692590"><ele>137.38</ele><time>2025-10-20T14:21:05.910Z</time></trkpt><trkpt lat="47.60864060" lon="19.14692600"><ele>137.38</ele><time>2025-10-20T14:21:06.110Z</time></trkpt><trkpt lat="47.60864050" lon="19.14692600"><ele>137.39</ele><time>2025-10-20T14:21:06.314Z</time></trkpt><trkpt lat="47.60864050" lon="19.14692610"><ele>137.39</ele><time>2025-10-20T14:21:06.514Z</time></trkpt><trkpt lat="47.60864050" lon="19.14692610"><ele>137.38</ele><time>2025-10-20T14:21:06.715Z</time></trkpt><trkpt lat="47.60864050" lon="19.14692600"><ele>137.38</ele><time>2025-10-20T14:21:06.915Z</time></trkpt><trkpt lat="47.60864060" lon="19.14692600"><ele>137.38</ele><time>2025-10-20T14:21:07.115Z</time></trkpt><trkpt lat="47.60864050" lon="19.14692600"><ele>137.38</ele><time>2025-10-20T14:21:07.316Z</time></trkpt><trkpt lat="47.60864050" lon="19.14692590"><ele>137.38</ele><time>2025-10-20T14:21:07.518Z</time></trkpt><trkpt lat="47.60864060" lon="19.14692580"><ele>137.37</ele><time>2025-10-20T14:21:07.718Z</time></trkpt><trkpt lat="47.60864060" lon="19.14692580"><ele>137.37</ele><time>2025-10-20T14:21:07.918Z</time></trkpt><trkpt lat="47.60864070" lon="19.14692580"><ele>137.38</ele><time>2025-10-20T14:21:08.119Z</time></trkpt><trkpt lat="47.60864070" lon="19.14692580"><ele>137.38</ele><time>2025-10-20T14:21:08.320Z</time></trkpt><trkpt lat="47.60864070" lon="19.14692580"><ele>137.38</ele><time>2025-10-20T14:21:08.520Z</time></trkpt><trkpt lat="47.60864070" lon="19.14692590"><ele>137.38</ele><time>2025-10-20T14:21:08.721Z</time></trkpt><trkpt lat="47.60864070" lon="19.14692590"><ele>137.38</ele><time>2025-10-20T14:21:08.921Z</time></trkpt><trkpt lat="47.60864080" lon="19.14692590"><ele>137.39</ele><time>2025-10-20T14:21:09.122Z</time></trkpt><trkpt lat="47.60864080" lon="19.14692600"><ele>137.39</ele><time>2025-10-20T14:21:09.323Z</time></trkpt><trkpt lat="47.60864070" lon="19.14692600"><ele>137.39</ele><time>2025-10-20T14:21:09.523Z</time></trkpt><trkpt lat="47.60864080" lon="19.14692600"><ele>137.39</ele><time>2025-10-20T14:21:09.724Z</time></trkpt><trkpt lat="47.60864080" lon="19.14692600"><ele>137.39</ele><time>2025-10-20T14:21:09.925Z</time></trkpt><trkpt lat="47.60864070" lon="19.14692600"><ele>137.39</ele><time>2025-10-20T14:21:10.125Z</time></trkpt><trkpt lat="47.60864070" lon="19.14692610"><ele>137.39</ele><time>2025-10-20T14:21:10.329Z</time></trkpt><trkpt lat="47.60864070" lon="19.14692610"><ele>137.39</ele><time>2025-10-20T14:21:10.510Z</time></trkpt><trkpt lat="47.60864060" lon="19.14692600"><ele>137.39</ele><time>2025-10-20T14:21:10.731Z</time></trkpt><trkpt lat="47.60864060" lon="19.14692600"><ele>137.38</ele><time>2025-10-20T14:21:10.931Z</time></trkpt><trkpt lat="47.60864060" lon="19.14692600"><ele>137.38</ele><time>2025-10-20T14:21:11.131Z</time></trkpt><trkpt lat="47.60864060" lon="19.14692600"><ele>137.38</ele><time>2025-10-20T14:21:11.332Z</time></trkpt><trkpt lat="47.60864060" lon="19.14692600"><ele>137.38</ele><time>2025-10-20T14:21:11.532Z</time></trkpt><trkpt lat="47.60864050" lon="19.14692600"><ele>137.38</ele><time>2025-10-20T14:21:11.732Z</time></trkpt><trkpt lat="47.60864050" lon="19.14692600"><ele>137.38</ele><time>2025-10-20T14:21:11.932Z</time></trkpt><trkpt lat="47.60864050" lon="19.14692600"><ele>137.38</ele><time>2025-10-20T14:21:12.132Z</time></trkpt><trkpt lat="47.60864050" lon="19.14692600"><ele>137.38</ele><time>2025-10-20T14:21:12.336Z</time></trkpt><trkpt lat="47.60864050" lon="19.14692600"><ele>137.38</ele><time>2025-10-20T14:21:12.536Z</time></trkpt><trkpt lat="47.60864050" lon="19.14692600"><ele>137.38</ele><time>2025-10-20T14:21:12.737Z</time></trkpt><trkpt lat="47.60864050" lon="19.14692600"><ele>137.38</ele><time>2025-10-20T14:21:12.937Z</time></trkpt><trkpt lat="47.60864050" lon="19.14692600"><ele>137.38</ele><time>2025-10-20T14:21:13.120Z</time></trkpt><trkpt lat="47.60864050" lon="19.14692610"><ele>137.38</ele><time>2025-10-20T14:21:13.324Z</time></trkpt><trkpt lat="47.60864050" lon="19.14692610"><ele>137.38</ele><time>2025-10-20T14:21:13.524Z</time></trkpt><trkpt lat="47.60864050" lon="19.14692600"><ele>137.38</ele><time>2025-10-20T14:21:13.725Z</time></trkpt><trkpt lat="47.60864050" lon="19.14692600"><ele>137.38</ele><time>2025-10-20T14:21:13.926Z</time></trkpt><trkpt lat="47.60864050" lon="19.14692600"><ele>137.37</ele><time>2025-10-20T14:21:14.126Z</time></trkpt><trkpt lat="47.60864050" lon="19.14692600"><ele>137.37</ele><time>2025-10-20T14:21:14.326Z</time></trkpt><trkpt lat="47.60864050" lon="19.14692590"><ele>137.37</ele><time>2025-10-20T14:21:14.526Z</time></trkpt><trkpt lat="47.60864050" lon="19.14692590"><ele>137.37</ele><time>2025-10-20T14:21:14.727Z</time></trkpt><trkpt lat="47.60864050" lon="19.14692580"><ele>137.37</ele><time>2025-10-20T14:21:14.927Z</time></trkpt><trkpt lat="47.60864050" lon="19.14692580"><ele>137.36</ele><time>2025-10-20T14:21:15.128Z</time></trkpt><trkpt lat="47.60864050" lon="19.14692580"><ele>137.36</ele><time>2025-10-20T14:21:15.332Z</time></trkpt><trkpt lat="47.60864050" lon="19.14692580"><ele>137.36</ele><time>2025-10-20T14:21:15.532Z</time></trkpt><trkpt lat="47.60864050" lon="19.14692580"><ele>137.36</ele><time>2025-10-20T14:21:15.733Z</time></trkpt><trkpt lat="47.60864050" lon="19.14692580"><ele>137.36</ele><time>2025-10-20T14:21:15.932Z</time></trkpt><trkpt lat="47.60864050" lon="19.14692580"><ele>137.36</ele><time>2025-10-20T14:21:16.132Z</time></trkpt><trkpt lat="47.60864050" lon="19.14692580"><ele>137.36</ele><time>2025-10-20T14:21:16.334Z</time></trkpt><trkpt lat="47.60864060" lon="19.14692590"><ele>137.36</ele><time>2025-10-20T14:21:16.534Z</time></trkpt><trkpt lat="47.60864060" lon="19.14692590"><ele>137.36</ele><time>2025-10-20T14:21:16.734Z</time></trkpt><trkpt lat="47.60864060" lon="19.14692590"><ele>137.36</ele><time>2025-10-20T14:21:16.934Z</time></trkpt><trkpt lat="47.60864060" lon="19.14692590"><ele>137.36</ele><time>2025-10-20T14:21:17.134Z</time></trkpt><trkpt lat="47.60864060" lon="19.14692590"><ele>137.36</ele><time>2025-10-20T14:21:17.336Z</time></trkpt><trkpt lat="47.60864070" lon="19.14692590"><ele>137.36</ele><time>2025-10-20T14:21:17.537Z</time></trkpt><trkpt lat="47.60864070" lon="19.14692590"><ele>137.35</ele><time>2025-10-20T14:21:17.737Z</time></trkpt><trkpt lat="47.60864070" lon="19.14692590"><ele>137.35</ele><time>2025-10-20T14:21:17.937Z</time></trkpt><trkpt lat="47.60864060" lon="19.14692590"><ele>137.35</ele><time>2025-10-20T14:21:18.137Z</time></trkpt><trkpt lat="47.60864060" lon="19.14692590"><ele>137.35</ele><time>2025-10-20T14:21:18.337Z</time></trkpt><trkpt lat="47.60864060" lon="19.14692590"><ele>137.34</ele><time>2025-10-20T14:21:18.537Z</time></trkpt><trkpt lat="47.60864060" lon="19.14692590"><ele>137.34</ele><time>2025-10-20T14:21:18.738Z</time></trkpt><trkpt lat="47.60864050" lon="19.14692590"><ele>137.33</ele><time>2025-10-20T14:21:18.937Z</time></trkpt><trkpt lat="47.60864050" lon="19.14692590"><ele>137.33</ele><time>2025-10-20T14:21:19.137Z</time></trkpt><trkpt lat="47.60864050" lon="19.14692590"><ele>137.34</ele><time>2025-10-20T14:21:19.339Z</time></trkpt><trkpt lat="47.60864050" lon="19.14692600"><ele>137.34</ele><time>2025-10-20T14:21:19.539Z</time></trkpt><trkpt lat="47.60864050" lon="19.14692600"><ele>137.33</ele><time>2025-10-20T14:21:19.739Z</time></trkpt><trkpt lat="47.60864050" lon="19.14692590"><ele>137.33</ele><time>2025-10-20T14:21:19.939Z</time></trkpt><trkpt lat="47.60864050" lon="19.14692590"><ele>137.33</ele><time>2025-10-20T14:21:20.140Z</time></trkpt><trkpt lat="47.60864050" lon="19.14692590"><ele>137.33</ele><time>2025-10-20T14:21:20.342Z</time></trkpt><trkpt lat="47.60864060" lon="19.14692590"><ele>137.33</ele><time>2025-10-20T14:21:20.542Z</time></trkpt><trkpt lat="47.60864060" lon="19.14692590"><ele>137.33</ele><time>2025-10-20T14:21:20.743Z</time></trkpt><trkpt lat="47.60864060" lon="19.14692590"><ele>137.33</ele><time>2025-10-20T14:21:20.942Z</time></trkpt><trkpt lat="47.60864060" lon="19.14692590"><ele>137.32</ele><time>2025-10-20T14:21:21.122Z</time></trkpt><trkpt lat="47.60864060" lon="19.14692590"><ele>137.32</ele><time>2025-10-20T14:21:21.323Z</time></trkpt><trkpt lat="47.60864050" lon="19.14692600"><ele>137.32</ele><time>2025-10-20T14:21:21.543Z</time></trkpt><trkpt lat="47.60864050" lon="19.14692590"><ele>137.31</ele><time>2025-10-20T14:21:21.743Z</time></trkpt><trkpt lat="47.60864050" lon="19.14692600"><ele>137.31</ele><time>2025-10-20T14:21:21.943Z</time></trkpt><trkpt lat="47.60864050" lon="19.14692600"><ele>137.31</ele><time>2025-10-20T14:21:22.144Z</time></trkpt><trkpt lat="47.60864050" lon="19.14692600"><ele>137.31</ele><time>2025-10-20T14:21:22.324Z</time></trkpt><trkpt lat="47.60864050" lon="19.14692600"><ele>137.31</ele><time>2025-10-20T14:21:22.524Z</time></trkpt><trkpt lat="47.60864050" lon="19.14692600"><ele>137.31</ele><time>2025-10-20T14:21:22.724Z</time></trkpt><trkpt lat="47.60864050" lon="19.14692600"><ele>137.31</ele><time>2025-10-20T14:21:22.924Z</time></trkpt><trkpt lat="47.60864050" lon="19.14692600"><ele>137.30</ele><time>2025-10-20T14:21:23.124Z</time></trkpt><trkpt lat="47.60864050" lon="19.14692600"><ele>137.31</ele><time>2025-10-20T14:21:23.326Z</time></trkpt><trkpt lat="47.60864050" lon="19.14692600"><ele>137.31</ele><time>2025-10-20T14:21:23.526Z</time></trkpt><trkpt lat="47.60864050" lon="19.14692600"><ele>137.31</ele><time>2025-10-20T14:21:23.726Z</time></trkpt><trkpt lat="47.60864050" lon="19.14692600"><ele>137.31</ele><time>2025-10-20T14:21:23.926Z</time></trkpt><trkpt lat="47.60864050" lon="19.14692600"><ele>137.32</ele><time>2025-10-20T14:21:24.146Z</time></trkpt><trkpt lat="47.60864050" lon="19.14692600"><ele>137.32</ele><time>2025-10-20T14:21:24.327Z</time></trkpt><trkpt lat="47.60864060" lon="19.14692610"><ele>137.32</ele><time>2025-10-20T14:21:24.528Z</time></trkpt><trkpt lat="47.60864060" lon="19.14692600"><ele>137.32</ele><time>2025-10-20T14:21:24.729Z</time></trkpt><trkpt lat="47.60864060" lon="19.14692600"><ele>137.32</ele><time>2025-10-20T14:21:24.930Z</time></trkpt><trkpt lat="47.60864060" lon="19.14692590"><ele>137.31</ele><time>2025-10-20T14:21:25.130Z</time></trkpt><trkpt lat="47.60864060" lon="19.14692590"><ele>137.31</ele><time>2025-10-20T14:21:25.333Z</time></trkpt><trkpt lat="47.60864060" lon="19.14692590"><ele>137.31</ele><time>2025-10-20T14:21:25.534Z</time></trkpt><trkpt lat="47.60864060" lon="19.14692590"><ele>137.31</ele><time>2025-10-20T14:21:25.733Z</time></trkpt><trkpt lat="47.60864060" lon="19.14692590"><ele>137.30</ele><time>2025-10-20T14:21:25.933Z</time></trkpt><trkpt lat="47.60864060" lon="19.14692590"><ele>137.30</ele><time>2025-10-20T14:21:26.133Z</time></trkpt><trkpt lat="47.60864060" lon="19.14692590"><ele>137.30</ele><time>2025-10-20T14:21:26.335Z</time></trkpt><trkpt lat="47.60864060" lon="19.14692600"><ele>137.31</ele><time>2025-10-20T14:21:26.536Z</time></trkpt><trkpt lat="47.60864060" lon="19.14692600"><ele>137.30</ele><time>2025-10-20T14:21:26.736Z</time></trkpt><trkpt lat="47.60864060" lon="19.14692600"><ele>137.30</ele><time>2025-10-20T14:21:26.936Z</time></trkpt><trkpt lat="47.60864050" lon="19.14692600"><ele>137.29</ele><time>2025-10-20T14:21:27.138Z</time></trkpt><trkpt lat="47.60864050" lon="19.14692600"><ele>137.29</ele><time>2025-10-20T14:21:27.340Z</time></trkpt><trkpt lat="47.60864050" lon="19.14692610"><ele>137.29</ele><time>2025-10-20T14:21:27.523Z</time></trkpt><trkpt lat="47.60864050" lon="19.14692600"><ele>137.29</ele><time>2025-10-20T14:21:27.742Z</time></trkpt><trkpt lat="47.60864050" lon="19.14692600"><ele>137.29</ele><time>2025-10-20T14:21:27.923Z</time></trkpt><trkpt lat="47.60864050" lon="19.14692600"><ele>137.28</ele><time>2025-10-20T14:21:28.123Z</time></trkpt><trkpt lat="47.60864050" lon="19.14692600"><ele>137.28</ele><time>2025-10-20T14:21:28.324Z</time></trkpt><trkpt lat="47.60864050" lon="19.14692600"><ele>137.28</ele><time>2025-10-20T14:21:28.524Z</time></trkpt><trkpt lat="47.60864050" lon="19.14692590"><ele>137.28</ele><time>2025-10-20T14:21:28.724Z</time></trkpt><trkpt lat="47.60864050" lon="19.14692590"><ele>137.28</ele><time>2025-10-20T14:21:28.924Z</time></trkpt><trkpt lat="47.60864050" lon="19.14692590"><ele>137.28</ele><time>2025-10-20T14:21:29.124Z</time></trkpt><trkpt lat="47.60864050" lon="19.14692590"><ele>137.28</ele><time>2025-10-20T14:21:29.324Z</time></trkpt><trkpt lat="47.60864050" lon="19.14692600"><ele>137.28</ele><time>2025-10-20T14:21:29.546Z</time></trkpt><trkpt lat="47.60864050" lon="19.14692600"><ele>137.28</ele><time>2025-10-20T14:21:29.745Z</time></trkpt><trkpt lat="47.60864050" lon="19.14692600"><ele>137.28</ele><time>2025-10-20T14:21:29.925Z</time></trkpt><trkpt lat="47.60864050" lon="19.14692600"><ele>137.28</ele><time>2025-10-20T14:21:30.126Z</time></trkpt><trkpt lat="47.60864050" lon="19.14692600"><ele>137.28</ele><time>2025-10-20T14:21:30.329Z</time></trkpt><trkpt lat="47.60864050" lon="19.14692600"><ele>137.28</ele><time>2025-10-20T14:21:30.529Z</time></trkpt><trkpt lat="47.60864050" lon="19.14692600"><ele>137.28</ele><time>2025-10-20T14:21:30.729Z</time></trkpt><trkpt lat="47.60864050" lon="19.14692600"><ele>137.27</ele><time>2025-10-20T14:21:30.929Z</time></trkpt><trkpt lat="47.60864050" lon="19.14692600"><ele>137.27</ele><time>2025-10-20T14:21:31.129Z</time></trkpt><trkpt lat="47.60864040" lon="19.14692600"><ele>137.27</ele><time>2025-10-20T14:21:31.330Z</time></trkpt><trkpt lat="47.60864040" lon="19.14692600"><ele>137.27</ele><time>2025-10-20T14:21:31.531Z</time></trkpt><trkpt lat="47.60864050" lon="19.14692600"><ele>137.26</ele><time>2025-10-20T14:21:31.731Z</time></trkpt><trkpt lat="47.60864050" lon="19.14692600"><ele>137.26</ele><time>2025-10-20T14:21:31.932Z</time></trkpt><trkpt lat="47.60864050" lon="19.14692600"><ele>137.25</ele><time>2025-10-20T14:21:32.132Z</time></trkpt><trkpt lat="47.60864050" lon="19.14692600"><ele>137.25</ele><time>2025-10-20T14:21:32.334Z</time></trkpt><trkpt lat="47.60864050" lon="19.14692600"><ele>137.25</ele><time>2025-10-20T14:21:32.534Z</time></trkpt><trkpt lat="47.60864050" lon="19.14692590"><ele>137.25</ele><time>2025-10-20T14:21:32.734Z</time></trkpt><trkpt lat="47.60864050" lon="19.14692590"><ele>137.26</ele><time>2025-10-20T14:21:32.934Z</time></trkpt><trkpt lat="47.60864060" lon="19.14692580"><ele>137.25</ele><time>2025-10-20T14:21:33.134Z</time></trkpt><trkpt lat="47.60864060" lon="19.14692580"><ele>137.26</ele><time>2025-10-20T14:21:33.336Z</time></trkpt><trkpt lat="47.60864060" lon="19.14692580"><ele>137.26</ele><time>2025-10-20T14:21:33.536Z</time></trkpt><trkpt lat="47.60864060" lon="19.14692580"><ele>137.26</ele><time>2025-10-20T14:21:33.736Z</time></trkpt><trkpt lat="47.60864060" lon="19.14692570"><ele>137.26</ele><time>2025-10-20T14:21:33.936Z</time></trkpt><trkpt lat="47.60864060" lon="19.14692570"><ele>137.26</ele><time>2025-10-20T14:21:34.137Z</time></trkpt><trkpt lat="47.60864060" lon="19.14692570"><ele>137.26</ele><time>2025-10-20T14:21:34.339Z</time></trkpt><trkpt lat="47.60864060" lon="19.14692570"><ele>137.26</ele><time>2025-10-20T14:21:34.539Z</time></trkpt><trkpt lat="47.60864060" lon="19.14692570"><ele>137.26</ele><time>2025-10-20T14:21:34.740Z</time></trkpt><trkpt lat="47.60864060" lon="19.14692560"><ele>137.26</ele><time>2025-10-20T14:21:34.940Z</time></trkpt><trkpt lat="47.60864060" lon="19.14692560"><ele>137.25</ele><time>2025-10-20T14:21:35.141Z</time></trkpt><trkpt lat="47.60864060" lon="19.14692560"><ele>137.26</ele><time>2025-10-20T14:21:35.344Z</time></trkpt><trkpt lat="47.60864060" lon="19.14692560"><ele>137.26</ele><time>2025-10-20T14:21:35.544Z</time></trkpt><trkpt lat="47.60864060" lon="19.14692570"><ele>137.26</ele><time>2025-10-20T14:21:35.745Z</time></trkpt><trkpt lat="47.60864060" lon="19.14692570"><ele>137.26</ele><time>2025-10-20T14:21:35.944Z</time></trkpt><trkpt lat="47.60864060" lon="19.14692560"><ele>137.26</ele><time>2025-10-20T14:21:36.144Z</time></trkpt><trkpt lat="47.60864060" lon="19.14692560"><ele>137.26</ele><time>2025-10-20T14:21:36.325Z</time></trkpt><trkpt lat="47.60864050" lon="19.14692560"><ele>137.26</ele><time>2025-10-20T14:21:36.545Z</time></trkpt><trkpt lat="47.60864050" lon="19.14692560"><ele>137.26</ele><time>2025-10-20T14:21:36.745Z</time></trkpt><trkpt lat="47.60864050" lon="19.14692560"><ele>137.27</ele><time>2025-10-20T14:21:36.945Z</time></trkpt><trkpt lat="47.60864050" lon="19.14692560"><ele>137.26</ele><time>2025-10-20T14:21:37.145Z</time></trkpt><trkpt lat="47.60864050" lon="19.14692560"><ele>137.26</ele><time>2025-10-20T14:21:37.346Z</time></trkpt><trkpt lat="47.60864050" lon="19.14692560"><ele>137.26</ele><time>2025-10-20T14:21:37.545Z</time></trkpt><trkpt lat="47.60864050" lon="19.14692560"><ele>137.26</ele><time>2025-10-20T14:21:37.745Z</time></trkpt><trkpt lat="47.60864050" lon="19.14692550"><ele>137.26</ele><time>2025-10-20T14:21:37.945Z</time></trkpt><trkpt lat="47.60864050" lon="19.14692550"><ele>137.26</ele><time>2025-10-20T14:21:38.146Z</time></trkpt><trkpt lat="47.60864050" lon="19.14692550"><ele>137.25</ele><time>2025-10-20T14:21:38.349Z</time></trkpt><trkpt lat="47.60864050" lon="19.14692540"><ele>137.25</ele><time>2025-10-20T14:21:38.550Z</time></trkpt><trkpt lat="47.60864050" lon="19.14692540"><ele>137.25</ele><time>2025-10-20T14:21:38.750Z</time></trkpt><trkpt lat="47.60864050" lon="19.14692540"><ele>137.25</ele><time>2025-10-20T14:21:38.951Z</time></trkpt><trkpt lat="47.60864050" lon="19.14692540"><ele>137.25</ele><time>2025-10-20T14:21:39.152Z</time></trkpt><trkpt lat="47.60864050" lon="19.14692540"><ele>137.25</ele><time>2025-10-20T14:21:39.352Z</time></trkpt><trkpt lat="47.60864050" lon="19.14692540"><ele>137.25</ele><time>2025-10-20T14:21:39.553Z</time></trkpt><trkpt lat="47.60864050" lon="19.14692540"><ele>137.25</ele><time>2025-10-20T14:21:39.753Z</time></trkpt><trkpt lat="47.60864050" lon="19.14692540"><ele>137.25</ele><time>2025-10-20T14:21:39.953Z</time></trkpt><trkpt lat="47.60864060" lon="19.14692550"><ele>137.25</ele><time>2025-10-20T14:21:40.155Z</time></trkpt><trkpt lat="47.60864050" lon="19.14692550"><ele>137.24</ele><time>2025-10-20T14:21:40.354Z</time></trkpt><trkpt lat="47.60864060" lon="19.14692550"><ele>137.24</ele><time>2025-10-20T14:21:40.575Z</time></trkpt><trkpt lat="47.60864060" lon="19.14692550"><ele>137.24</ele><time>2025-10-20T14:21:40.755Z</time></trkpt><trkpt lat="47.60864060" lon="19.14692560"><ele>137.23</ele><time>2025-10-20T14:21:40.956Z</time></trkpt><trkpt lat="47.60864060" lon="19.14692550"><ele>137.22</ele><time>2025-10-20T14:21:41.156Z</time></trkpt><trkpt lat="47.60864060" lon="19.14692560"><ele>137.22</ele><time>2025-10-20T14:21:41.356Z</time></trkpt><trkpt lat="47.60864060" lon="19.14692560"><ele>137.22</ele><time>2025-10-20T14:21:41.556Z</time></trkpt><trkpt lat="47.60864060" lon="19.14692560"><ele>137.21</ele><time>2025-10-20T14:21:41.756Z</time></trkpt><trkpt lat="47.60864060" lon="19.14692560"><ele>137.21</ele><time>2025-10-20T14:21:41.957Z</time></trkpt><trkpt lat="47.60864060" lon="19.14692570"><ele>137.21</ele><time>2025-10-20T14:21:42.138Z</time></trkpt><trkpt lat="47.60864060" lon="19.14692570"><ele>137.21</ele><time>2025-10-20T14:21:42.359Z</time></trkpt><trkpt lat="47.60864060" lon="19.14692570"><ele>137.21</ele><time>2025-10-20T14:21:42.560Z</time></trkpt><trkpt lat="47.60864070" lon="19.14692570"><ele>137.21</ele><time>2025-10-20T14:21:42.760Z</time></trkpt><trkpt lat="47.60864070" lon="19.14692570"><ele>137.21</ele><time>2025-10-20T14:21:42.961Z</time></trkpt><trkpt lat="47.60864070" lon="19.14692570"><ele>137.21</ele><time>2025-10-20T14:21:43.164Z</time></trkpt><trkpt lat="47.60864070" lon="19.14692570"><ele>137.21</ele><time>2025-10-20T14:21:43.365Z</time></trkpt><trkpt lat="47.60864070" lon="19.14692570"><ele>137.21</ele><time>2025-10-20T14:21:43.564Z</time></trkpt><trkpt lat="47.60864080" lon="19.14692570"><ele>137.21</ele><time>2025-10-20T14:21:43.765Z</time></trkpt><trkpt lat="47.60864080" lon="19.14692560"><ele>137.21</ele><time>2025-10-20T14:21:43.964Z</time></trkpt><trkpt lat="47.60864080" lon="19.14692560"><ele>137.20</ele><time>2025-10-20T14:21:44.165Z</time></trkpt><trkpt lat="47.60864080" lon="19.14692570"><ele>137.20</ele><time>2025-10-20T14:21:44.367Z</time></trkpt><trkpt lat="47.60864080" lon="19.14692560"><ele>137.20</ele><time>2025-10-20T14:21:44.571Z</time></trkpt><trkpt lat="47.60864080" lon="19.14692560"><ele>137.20</ele><time>2025-10-20T14:21:44.772Z</time></trkpt><trkpt lat="47.60864080" lon="19.14692550"><ele>137.19</ele><time>2025-10-20T14:21:44.973Z</time></trkpt><trkpt lat="47.60864080" lon="19.14692550"><ele>137.19</ele><time>2025-10-20T14:21:45.174Z</time></trkpt><trkpt lat="47.60864070" lon="19.14692560"><ele>137.19</ele><time>2025-10-20T14:21:45.376Z</time></trkpt><trkpt lat="47.60864070" lon="19.14692560"><ele>137.19</ele><time>2025-10-20T14:21:45.576Z</time></trkpt><trkpt lat="47.60864070" lon="19.14692550"><ele>137.19</ele><time>2025-10-20T14:21:45.779Z</time></trkpt><trkpt lat="47.60864070" lon="19.14692550"><ele>137.18</ele><time>2025-10-20T14:21:45.981Z</time></trkpt><trkpt lat="47.60864070" lon="19.14692550"><ele>137.18</ele><time>2025-10-20T14:21:46.183Z</time></trkpt><trkpt lat="47.60864070" lon="19.14692550"><ele>137.18</ele><time>2025-10-20T14:21:46.383Z</time></trkpt><trkpt lat="47.60864070" lon="19.14692560"><ele>137.18</ele><time>2025-10-20T14:21:46.584Z</time></trkpt><trkpt lat="47.60864070" lon="19.14692560"><ele>137.18</ele><time>2025-10-20T14:21:46.784Z</time></trkpt><trkpt lat="47.60864070" lon="19.14692560"><ele>137.18</ele><time>2025-10-20T14:21:46.984Z</time></trkpt><trkpt lat="47.60864070" lon="19.14692560"><ele>137.19</ele><time>2025-10-20T14:21:47.185Z</time></trkpt><trkpt lat="47.60864070" lon="19.14692570"><ele>137.19</ele><time>2025-10-20T14:21:47.387Z</time></trkpt><trkpt lat="47.60864070" lon="19.14692570"><ele>137.19</ele><time>2025-10-20T14:21:47.587Z</time></trkpt><trkpt lat="47.60864070" lon="19.14692570"><ele>137.19</ele><time>2025-10-20T14:21:47.787Z</time></trkpt><trkpt lat="47.60864070" lon="19.14692570"><ele>137.19</ele><time>2025-10-20T14:21:47.987Z</time></trkpt><trkpt lat="47.60864070" lon="19.14692580"><ele>137.19</ele><time>2025-10-20T14:21:48.188Z</time></trkpt><trkpt lat="47.60864070" lon="19.14692580"><ele>137.19</ele><time>2025-10-20T14:21:48.391Z</time></trkpt><trkpt lat="47.60864070" lon="19.14692580"><ele>137.19</ele><time>2025-10-20T14:21:48.591Z</time></trkpt><trkpt lat="47.60864070" lon="19.14692580"><ele>137.18</ele><time>2025-10-20T14:21:48.791Z</time></trkpt><trkpt lat="47.60864080" lon="19.14692570"><ele>137.18</ele><time>2025-10-20T14:21:48.991Z</time></trkpt><trkpt lat="47.60864080" lon="19.14692570"><ele>137.18</ele><time>2025-10-20T14:21:49.192Z</time></trkpt><trkpt lat="47.60864080" lon="19.14692570"><ele>137.18</ele><time>2025-10-20T14:21:49.393Z</time></trkpt><trkpt lat="47.60864080" lon="19.14692570"><ele>137.18</ele><time>2025-10-20T14:21:49.593Z</time></trkpt><trkpt lat="47.60864080" lon="19.14692560"><ele>137.17</ele><time>2025-10-20T14:21:49.814Z</time></trkpt><trkpt lat="47.60864080" lon="19.14692560"><ele>137.17</ele><time>2025-10-20T14:21:50.015Z</time></trkpt><trkpt lat="47.60864080" lon="19.14692560"><ele>137.17</ele><time>2025-10-20T14:21:50.195Z</time></trkpt><trkpt lat="47.60864080" lon="19.14692560"><ele>137.17</ele><time>2025-10-20T14:21:50.398Z</time></trkpt><trkpt lat="47.60864080" lon="19.14692560"><ele>137.17</ele><time>2025-10-20T14:21:50.599Z</time></trkpt><trkpt lat="47.60864070" lon="19.14692560"><ele>137.17</ele><time>2025-10-20T14:21:50.799Z</time></trkpt><trkpt lat="47.60864070" lon="19.14692570"><ele>137.16</ele><time>2025-10-20T14:21:50.999Z</time></trkpt><trkpt lat="47.60864070" lon="19.14692570"><ele>137.16</ele><time>2025-10-20T14:21:51.203Z</time></trkpt><trkpt lat="47.60864070" lon="19.14692570"><ele>137.16</ele><time>2025-10-20T14:21:51.408Z</time></trkpt><trkpt lat="47.60864070" lon="19.14692570"><ele>137.16</ele><time>2025-10-20T14:21:51.610Z</time></trkpt><trkpt lat="47.60864070" lon="19.14692570"><ele>137.15</ele><time>2025-10-20T14:21:51.810Z</time></trkpt><trkpt lat="47.60864070" lon="19.14692560"><ele>137.15</ele><time>2025-10-20T14:21:52.010Z</time></trkpt><trkpt lat="47.60864070" lon="19.14692560"><ele>137.15</ele><time>2025-10-20T14:21:52.209Z</time></trkpt><trkpt lat="47.60864060" lon="19.14692560"><ele>137.15</ele><time>2025-10-20T14:21:52.392Z</time></trkpt><trkpt lat="47.60864060" lon="19.14692560"><ele>137.14</ele><time>2025-10-20T14:21:52.593Z</time></trkpt><trkpt lat="47.60864060" lon="19.14692560"><ele>137.14</ele><time>2025-10-20T14:21:52.794Z</time></trkpt><trkpt lat="47.60864060" lon="19.14692560"><ele>137.13</ele><time>2025-10-20T14:21:52.994Z</time></trkpt><trkpt lat="47.60864060" lon="19.14692560"><ele>137.13</ele><time>2025-10-20T14:21:53.214Z</time></trkpt><trkpt lat="47.60864060" lon="19.14692560"><ele>137.13</ele><time>2025-10-20T14:21:53.394Z</time></trkpt><trkpt lat="47.60864060" lon="19.14692560"><ele>137.13</ele><time>2025-10-20T14:21:53.595Z</time></trkpt><trkpt lat="47.60864060" lon="19.14692550"><ele>137.13</ele><time>2025-10-20T14:21:53.815Z</time></trkpt><trkpt lat="47.60864060" lon="19.14692550"><ele>137.13</ele><time>2025-10-20T14:21:53.996Z</time></trkpt><trkpt lat="47.60864070" lon="19.14692550"><ele>137.14</ele><time>2025-10-20T14:21:54.198Z</time></trkpt><trkpt lat="47.60864070" lon="19.14692550"><ele>137.14</ele><time>2025-10-20T14:21:54.400Z</time></trkpt><trkpt lat="47.60864070" lon="19.14692550"><ele>137.14</ele><time>2025-10-20T14:21:54.602Z</time></trkpt><trkpt lat="47.60864070" lon="19.14692540"><ele>137.14</ele><time>2025-10-20T14:21:54.803Z</time></trkpt><trkpt lat="47.60864070" lon="19.14692540"><ele>137.14</ele><time>2025-10-20T14:21:55.003Z</time></trkpt><trkpt lat="47.60864070" lon="19.14692540"><ele>137.14</ele><time>2025-10-20T14:21:55.203Z</time></trkpt><trkpt lat="47.60864060" lon="19.14692540"><ele>137.14</ele><time>2025-10-20T14:21:55.403Z</time></trkpt><trkpt lat="47.60864060" lon="19.14692540"><ele>137.14</ele><time>2025-10-20T14:21:55.603Z</time></trkpt><trkpt lat="47.60864060" lon="19.14692540"><ele>137.14</ele><time>2025-10-20T14:21:55.803Z</time></trkpt><trkpt lat="47.60864060" lon="19.14692540"><ele>137.13</ele><time>2025-10-20T14:21:56.003Z</time></trkpt><trkpt lat="47.60864060" lon="19.14692540"><ele>137.13</ele><time>2025-10-20T14:21:56.203Z</time></trkpt><trkpt lat="47.60864060" lon="19.14692540"><ele>137.13</ele><time>2025-10-20T14:21:56.403Z</time></trkpt><trkpt lat="47.60864060" lon="19.14692540"><ele>137.13</ele><time>2025-10-20T14:21:56.604Z</time></trkpt><trkpt lat="47.60864060" lon="19.14692540"><ele>137.13</ele><time>2025-10-20T14:21:56.803Z</time></trkpt><trkpt lat="47.60864050" lon="19.14692540"><ele>137.13</ele><time>2025-10-20T14:21:57.004Z</time></trkpt><trkpt lat="47.60864060" lon="19.14692540"><ele>137.13</ele><time>2025-10-20T14:21:57.184Z</time></trkpt><trkpt lat="47.60864060" lon="19.14692540"><ele>137.12</ele><time>2025-10-20T14:21:57.404Z</time></trkpt><trkpt lat="47.60864060" lon="19.14692540"><ele>137.12</ele><time>2025-10-20T14:21:57.604Z</time></trkpt><trkpt lat="47.60864060" lon="19.14692540"><ele>137.11</ele><time>2025-10-20T14:21:57.785Z</time></trkpt><trkpt lat="47.60864060" lon="19.14692540"><ele>137.11</ele><time>2025-10-20T14:21:58.004Z</time></trkpt><trkpt lat="47.60864060" lon="19.14692540"><ele>137.11</ele><time>2025-10-20T14:21:58.204Z</time></trkpt><trkpt lat="47.60864060" lon="19.14692540"><ele>137.11</ele><time>2025-10-20T14:21:58.405Z</time></trkpt><trkpt lat="47.60864060" lon="19.14692540"><ele>137.10</ele><time>2025-10-20T14:21:58.626Z</time></trkpt><trkpt lat="47.60864060" lon="19.14692540"><ele>137.10</ele><time>2025-10-20T14:21:58.806Z</time></trkpt><trkpt lat="47.60864060" lon="19.14692540"><ele>137.10</ele><time>2025-10-20T14:21:59.007Z</time></trkpt><trkpt lat="47.60864060" lon="19.14692540"><ele>137.10</ele><time>2025-10-20T14:21:59.207Z</time></trkpt><trkpt lat="47.60864060" lon="19.14692540"><ele>137.10</ele><time>2025-10-20T14:21:59.408Z</time></trkpt><trkpt lat="47.60864070" lon="19.14692540"><ele>137.10</ele><time>2025-10-20T14:21:59.607Z</time></trkpt><trkpt lat="47.60864070" lon="19.14692540"><ele>137.10</ele><time>2025-10-20T14:21:59.809Z</time></trkpt><trkpt lat="47.60864070" lon="19.14692540"><ele>137.10</ele><time>2025-10-20T14:22:00.010Z</time></trkpt><trkpt lat="47.60864070" lon="19.14692540"><ele>137.10</ele><time>2025-10-20T14:22:00.214Z</time></trkpt><trkpt lat="47.60864080" lon="19.14692540"><ele>137.11</ele><time>2025-10-20T14:22:00.399Z</time></trkpt><trkpt lat="47.60864080" lon="19.14692540"><ele>137.11</ele><time>2025-10-20T14:22:00.602Z</time></trkpt><trkpt lat="47.60864080" lon="19.14692540"><ele>137.11</ele><time>2025-10-20T14:22:00.803Z</time></trkpt><trkpt lat="47.60864080" lon="19.14692540"><ele>137.11</ele><time>2025-10-20T14:22:01.004Z</time></trkpt><trkpt lat="47.60864080" lon="19.14692550"><ele>137.11</ele><time>2025-10-20T14:22:01.208Z</time></trkpt><trkpt lat="47.60864080" lon="19.14692540"><ele>137.11</ele><time>2025-10-20T14:22:01.408Z</time></trkpt><trkpt lat="47.60864080" lon="19.14692540"><ele>137.11</ele><time>2025-10-20T14:22:01.610Z</time></trkpt><trkpt lat="47.60864080" lon="19.14692540"><ele>137.11</ele><time>2025-10-20T14:22:01.812Z</time></trkpt><trkpt lat="47.60864080" lon="19.14692540"><ele>137.11</ele><time>2025-10-20T14:22:02.013Z</time></trkpt><trkpt lat="47.60864080" lon="19.14692550"><ele>137.11</ele><time>2025-10-20T14:22:02.214Z</time></trkpt><trkpt lat="47.60864080" lon="19.14692550"><ele>137.11</ele><time>2025-10-20T14:22:02.414Z</time></trkpt><trkpt lat="47.60864070" lon="19.14692550"><ele>137.11</ele><time>2025-10-20T14:22:02.615Z</time></trkpt><trkpt lat="47.60864070" lon="19.14692550"><ele>137.11</ele><time>2025-10-20T14:22:02.815Z</time></trkpt><trkpt lat="47.60864070" lon="19.14692550"><ele>137.11</ele><time>2025-10-20T14:22:03.016Z</time></trkpt><trkpt lat="47.60864070" lon="19.14692560"><ele>137.11</ele><time>2025-10-20T14:22:03.217Z</time></trkpt><trkpt lat="47.60864070" lon="19.14692560"><ele>137.11</ele><time>2025-10-20T14:22:03.417Z</time></trkpt><trkpt lat="47.60864070" lon="19.14692550"><ele>137.10</ele><time>2025-10-20T14:22:03.618Z</time></trkpt><trkpt lat="47.60864070" lon="19.14692550"><ele>137.10</ele><time>2025-10-20T14:22:03.819Z</time></trkpt><trkpt lat="47.60864070" lon="19.14692550"><ele>137.10</ele><time>2025-10-20T14:22:04.020Z</time></trkpt><trkpt lat="47.60864070" lon="19.14692550"><ele>137.10</ele><time>2025-10-20T14:22:04.220Z</time></trkpt><trkpt lat="47.60864070" lon="19.14692550"><ele>137.09</ele><time>2025-10-20T14:22:04.420Z</time></trkpt><trkpt lat="47.60864070" lon="19.14692550"><ele>137.09</ele><time>2025-10-20T14:22:04.620Z</time></trkpt><trkpt lat="47.60864070" lon="19.14692550"><ele>137.09</ele><time>2025-10-20T14:22:04.820Z</time></trkpt><trkpt lat="47.60864070" lon="19.14692550"><ele>137.09</ele><time>2025-10-20T14:22:05.020Z</time></trkpt><trkpt lat="47.60864060" lon="19.14692550"><ele>137.09</ele><time>2025-10-20T14:22:05.222Z</time></trkpt><trkpt lat="47.60864060" lon="19.14692550"><ele>137.09</ele><time>2025-10-20T14:22:05.425Z</time></trkpt><trkpt lat="47.60864060" lon="19.14692550"><ele>137.09</ele><time>2025-10-20T14:22:05.625Z</time></trkpt><trkpt lat="47.60864060" lon="19.14692550"><ele>137.09</ele><time>2025-10-20T14:22:05.826Z</time></trkpt><trkpt lat="47.60864060" lon="19.14692550"><ele>137.08</ele><time>2025-10-20T14:22:06.027Z</time></trkpt><trkpt lat="47.60864060" lon="19.14692550"><ele>137.08</ele><time>2025-10-20T14:22:06.206Z</time></trkpt><trkpt lat="47.60864060" lon="19.14692550"><ele>137.08</ele><time>2025-10-20T14:22:06.408Z</time></trkpt><trkpt lat="47.60864060" lon="19.14692550"><ele>137.08</ele><time>2025-10-20T14:22:06.608Z</time></trkpt><trkpt lat="47.60864060" lon="19.14692550"><ele>137.08</ele><time>2025-10-20T14:22:06.809Z</time></trkpt><trkpt lat="47.60864060" lon="19.14692550"><ele>137.08</ele><time>2025-10-20T14:22:07.010Z</time></trkpt><trkpt lat="47.60864060" lon="19.14692550"><ele>137.08</ele><time>2025-10-20T14:22:07.210Z</time></trkpt><trkpt lat="47.60864060" lon="19.14692550"><ele>137.08</ele><time>2025-10-20T14:22:07.410Z</time></trkpt><trkpt lat="47.60864060" lon="19.14692550"><ele>137.08</ele><time>2025-10-20T14:22:07.611Z</time></trkpt><trkpt lat="47.60864070" lon="19.14692550"><ele>137.08</ele><time>2025-10-20T14:22:07.811Z</time></trkpt><trkpt lat="47.60864060" lon="19.14692550"><ele>137.08</ele><time>2025-10-20T14:22:08.011Z</time></trkpt><trkpt lat="47.60864060" lon="19.14692550"><ele>137.08</ele><time>2025-10-20T14:22:08.212Z</time></trkpt><trkpt lat="47.60864060" lon="19.14692550"><ele>137.08</ele><time>2025-10-20T14:22:08.413Z</time></trkpt><trkpt lat="47.60864060" lon="19.14692560"><ele>137.08</ele><time>2025-10-20T14:22:08.614Z</time></trkpt><trkpt lat="47.60864060" lon="19.14692560"><ele>137.08</ele><time>2025-10-20T14:22:08.814Z</time></trkpt><trkpt lat="47.60864060" lon="19.14692560"><ele>137.08</ele><time>2025-10-20T14:22:09.014Z</time></trkpt><trkpt lat="47.60864060" lon="19.14692560"><ele>137.08</ele><time>2025-10-20T14:22:09.215Z</time></trkpt><trkpt lat="47.60864070" lon="19.14692560"><ele>137.08</ele><time>2025-10-20T14:22:09.415Z</time></trkpt><trkpt lat="47.60864070" lon="19.14692560"><ele>137.09</ele><time>2025-10-20T14:22:09.616Z</time></trkpt><trkpt lat="47.60864070" lon="19.14692560"><ele>137.09</ele><time>2025-10-20T14:22:09.816Z</time></trkpt><trkpt lat="47.60864070" lon="19.14692560"><ele>137.09</ele><time>2025-10-20T14:22:10.017Z</time></trkpt><trkpt lat="47.60864070" lon="19.14692560"><ele>137.09</ele><time>2025-10-20T14:22:10.220Z</time></trkpt><trkpt lat="47.60864070" lon="19.14692560"><ele>137.09</ele><time>2025-10-20T14:22:10.423Z</time></trkpt><trkpt lat="47.60864070" lon="19.14692560"><ele>137.09</ele><time>2025-10-20T14:22:10.624Z</time></trkpt><trkpt lat="47.60864070" lon="19.14692560"><ele>137.09</ele><time>2025-10-20T14:22:10.824Z</time></trkpt><trkpt lat="47.60864070" lon="19.14692560"><ele>137.09</ele><time>2025-10-20T14:22:11.024Z</time></trkpt><trkpt lat="47.60864060" lon="19.14692570"><ele>137.09</ele><time>2025-10-20T14:22:11.208Z</time></trkpt><trkpt lat="47.60864060" lon="19.14692570"><ele>137.09</ele><time>2025-10-20T14:22:11.411Z</time></trkpt><trkpt lat="47.60864050" lon="19.14692570"><ele>137.08</ele><time>2025-10-20T14:22:11.610Z</time></trkpt><trkpt lat="47.60864050" lon="19.14692570"><ele>137.08</ele><time>2025-10-20T14:22:11.811Z</time></trkpt><trkpt lat="47.60864050" lon="19.14692570"><ele>137.08</ele><time>2025-10-20T14:22:12.011Z</time></trkpt><trkpt lat="47.60864050" lon="19.14692570"><ele>137.08</ele><time>2025-10-20T14:22:12.212Z</time></trkpt><trkpt lat="47.60864050" lon="19.14692580"><ele>137.08</ele><time>2025-10-20T14:22:12.413Z</time></trkpt><trkpt lat="47.60864050" lon="19.14692580"><ele>137.08</ele><time>2025-10-20T14:22:12.613Z</time></trkpt><trkpt lat="47.60864040" lon="19.14692580"><ele>137.08</ele><time>2025-10-20T14:22:12.814Z</time></trkpt><trkpt lat="47.60864040" lon="19.14692580"><ele>137.08</ele><time>2025-10-20T14:22:13.013Z</time></trkpt><trkpt lat="47.60864040" lon="19.14692570"><ele>137.07</ele><time>2025-10-20T14:22:13.216Z</time></trkpt><trkpt lat="47.60864040" lon="19.14692570"><ele>137.07</ele><time>2025-10-20T14:22:13.417Z</time></trkpt><trkpt lat="47.60864040" lon="19.14692570"><ele>137.06</ele><time>2025-10-20T14:22:13.618Z</time></trkpt><trkpt lat="47.60864040" lon="19.14692570"><ele>137.06</ele><time>2025-10-20T14:22:13.818Z</time></trkpt><trkpt lat="47.60864040" lon="19.14692570"><ele>137.06</ele><time>2025-10-20T14:22:14.018Z</time></trkpt><trkpt lat="47.60864050" lon="19.14692570"><ele>137.06</ele><time>2025-10-20T14:22:14.218Z</time></trkpt><trkpt lat="47.60864040" lon="19.14692570"><ele>137.06</ele><time>2025-10-20T14:22:14.420Z</time></trkpt><trkpt lat="47.60864040" lon="19.14692570"><ele>137.06</ele><time>2025-10-20T14:22:14.620Z</time></trkpt><trkpt lat="47.60864050" lon="19.14692570"><ele>137.06</ele><time>2025-10-20T14:22:14.820Z</time></trkpt><trkpt lat="47.60864050" lon="19.14692560"><ele>137.06</ele><time>2025-10-20T14:22:15.020Z</time></trkpt><trkpt lat="47.60864060" lon="19.14692560"><ele>137.06</ele><time>2025-10-20T14:22:15.220Z</time></trkpt><trkpt lat="47.60864060" lon="19.14692560"><ele>137.07</ele><time>2025-10-20T14:22:15.420Z</time></trkpt><trkpt lat="47.60864060" lon="19.14692560"><ele>137.07</ele><time>2025-10-20T14:22:15.621Z</time></trkpt><trkpt lat="47.60864060" lon="19.14692550"><ele>137.07</ele><time>2025-10-20T14:22:15.821Z</time></trkpt><trkpt lat="47.60864060" lon="19.14692550"><ele>137.07</ele><time>2025-10-20T14:22:16.021Z</time></trkpt><trkpt lat="47.60864060" lon="19.14692550"><ele>137.07</ele><time>2025-10-20T14:22:16.224Z</time></trkpt><trkpt lat="47.60864060" lon="19.14692550"><ele>137.07</ele><time>2025-10-20T14:22:16.424Z</time></trkpt><trkpt lat="47.60864070" lon="19.14692550"><ele>137.07</ele><time>2025-10-20T14:22:16.624Z</time></trkpt><trkpt lat="47.60864060" lon="19.14692550"><ele>137.07</ele><time>2025-10-20T14:22:16.824Z</time></trkpt><trkpt lat="47.60864060" lon="19.14692550"><ele>137.07</ele><time>2025-10-20T14:22:17.024Z</time></trkpt><trkpt lat="47.60864060" lon="19.14692550"><ele>137.07</ele><time>2025-10-20T14:22:17.224Z</time></trkpt><trkpt lat="47.60864060" lon="19.14692550"><ele>137.08</ele><time>2025-10-20T14:22:17.424Z</time></trkpt><trkpt lat="47.60864060" lon="19.14692550"><ele>137.08</ele><time>2025-10-20T14:22:17.624Z</time></trkpt><trkpt lat="47.60864050" lon="19.14692550"><ele>137.07</ele><time>2025-10-20T14:22:17.824Z</time></trkpt><trkpt lat="47.60864050" lon="19.14692550"><ele>137.07</ele><time>2025-10-20T14:22:18.024Z</time></trkpt><trkpt lat="47.60864050" lon="19.14692540"><ele>137.07</ele><time>2025-10-20T14:22:18.224Z</time></trkpt><trkpt lat="47.60864050" lon="19.14692540"><ele>137.07</ele><time>2025-10-20T14:22:18.424Z</time></trkpt><trkpt lat="47.60864050" lon="19.14692540"><ele>137.07</ele><time>2025-10-20T14:22:18.624Z</time></trkpt><trkpt lat="47.60864050" lon="19.14692540"><ele>137.07</ele><time>2025-10-20T14:22:18.824Z</time></trkpt><trkpt lat="47.60864050" lon="19.14692540"><ele>137.07</ele><time>2025-10-20T14:22:19.024Z</time></trkpt><trkpt lat="47.60864060" lon="19.14692550"><ele>137.07</ele><time>2025-10-20T14:22:19.225Z</time></trkpt><trkpt lat="47.60864060" lon="19.14692550"><ele>137.07</ele><time>2025-10-20T14:22:19.425Z</time></trkpt><trkpt lat="47.60864060" lon="19.14692550"><ele>137.07</ele><time>2025-10-20T14:22:19.625Z</time></trkpt><trkpt lat="47.60864060" lon="19.14692550"><ele>137.07</ele><time>2025-10-20T14:22:19.825Z</time></trkpt><trkpt lat="47.60864060" lon="19.14692550"><ele>137.07</ele><time>2025-10-20T14:22:20.025Z</time></trkpt><trkpt lat="47.60864060" lon="19.14692560"><ele>137.07</ele><time>2025-10-20T14:22:20.226Z</time></trkpt><trkpt lat="47.60864060" lon="19.14692560"><ele>137.07</ele><time>2025-10-20T14:22:20.425Z</time></trkpt><trkpt lat="47.60864060" lon="19.14692560"><ele>137.06</ele><time>2025-10-20T14:22:20.625Z</time></trkpt><trkpt lat="47.60864060" lon="19.14692560"><ele>137.06</ele><time>2025-10-20T14:22:20.825Z</time></trkpt><trkpt lat="47.60864060" lon="19.14692550"><ele>137.06</ele><time>2025-10-20T14:22:21.025Z</time></trkpt><trkpt lat="47.60864060" lon="19.14692550"><ele>137.06</ele><time>2025-10-20T14:22:21.226Z</time></trkpt><trkpt lat="47.60864050" lon="19.14692550"><ele>137.05</ele><time>2025-10-20T14:22:21.425Z</time></trkpt><trkpt lat="47.60864050" lon="19.14692550"><ele>137.05</ele><time>2025-10-20T14:22:21.625Z</time></trkpt><trkpt lat="47.60864050" lon="19.14692550"><ele>137.05</ele><time>2025-10-20T14:22:21.825Z</time></trkpt><trkpt lat="47.60864050" lon="19.14692550"><ele>137.06</ele><time>2025-10-20T14:22:22.025Z</time></trkpt><trkpt lat="47.60864050" lon="19.14692550"><ele>137.06</ele><time>2025-10-20T14:22:22.226Z</time></trkpt><trkpt lat="47.60864050" lon="19.14692550"><ele>137.06</ele><time>2025-10-20T14:22:22.425Z</time></trkpt><trkpt lat="47.60864050" lon="19.14692550"><ele>137.06</ele><time>2025-10-20T14:22:22.625Z</time></trkpt><trkpt lat="47.60864040" lon="19.14692550"><ele>137.06</ele><time>2025-10-20T14:22:22.825Z</time></trkpt><trkpt lat="47.60864040" lon="19.14692550"><ele>137.07</ele><time>2025-10-20T14:22:23.025Z</time></trkpt><trkpt lat="47.60864040" lon="19.14692550"><ele>137.07</ele><time>2025-10-20T14:22:23.227Z</time></trkpt><trkpt lat="47.60864040" lon="19.14692560"><ele>137.07</ele><time>2025-10-20T14:22:23.426Z</time></trkpt><trkpt lat="47.60864040" lon="19.14692560"><ele>137.07</ele><time>2025-10-20T14:22:23.627Z</time></trkpt><trkpt lat="47.60864040" lon="19.14692560"><ele>137.07</ele><time>2025-10-20T14:22:23.827Z</time></trkpt><trkpt lat="47.60864040" lon="19.14692560"><ele>137.07</ele><time>2025-10-20T14:22:24.027Z</time></trkpt><trkpt lat="47.60864040" lon="19.14692560"><ele>137.07</ele><time>2025-10-20T14:22:24.227Z</time></trkpt><trkpt lat="47.60864040" lon="19.14692560"><ele>137.07</ele><time>2025-10-20T14:22:24.428Z</time></trkpt><trkpt lat="47.60864040" lon="19.14692560"><ele>137.07</ele><time>2025-10-20T14:22:24.628Z</time></trkpt><trkpt lat="47.60864050" lon="19.14692550"><ele>137.07</ele><time>2025-10-20T14:22:24.828Z</time></trkpt><trkpt lat="47.60864050" lon="19.14692550"><ele>137.07</ele><time>2025-10-20T14:22:25.028Z</time></trkpt><trkpt lat="47.60864060" lon="19.14692550"><ele>137.07</ele><time>2025-10-20T14:22:25.228Z</time></trkpt><trkpt lat="47.60864060" lon="19.14692550"><ele>137.07</ele><time>2025-10-20T14:22:25.429Z</time></trkpt><trkpt lat="47.60864060" lon="19.14692550"><ele>137.07</ele><time>2025-10-20T14:22:25.629Z</time></trkpt><trkpt lat="47.60864060" lon="19.14692550"><ele>137.07</ele><time>2025-10-20T14:22:25.830Z</time></trkpt><trkpt lat="47.60864060" lon="19.14692550"><ele>137.07</ele><time>2025-10-20T14:22:26.031Z</time></trkpt><trkpt lat="47.60864060" lon="19.14692550"><ele>137.07</ele><time>2025-10-20T14:22:26.212Z</time></trkpt><trkpt lat="47.60864060" lon="19.14692550"><ele>137.07</ele><time>2025-10-20T14:22:26.436Z</time></trkpt><trkpt lat="47.60864060" lon="19.14692550"><ele>137.07</ele><time>2025-10-20T14:22:26.636Z</time></trkpt><trkpt lat="47.60864050" lon="19.14692550"><ele>137.07</ele><time>2025-10-20T14:22:26.816Z</time></trkpt><trkpt lat="47.60864050" lon="19.14692550"><ele>137.07</ele><time>2025-10-20T14:22:27.037Z</time></trkpt><trkpt lat="47.60864050" lon="19.14692550"><ele>137.06</ele><time>2025-10-20T14:22:27.240Z</time></trkpt><trkpt lat="47.60864050" lon="19.14692560"><ele>137.06</ele><time>2025-10-20T14:22:27.442Z</time></trkpt><trkpt lat="47.60864050" lon="19.14692560"><ele>137.06</ele><time>2025-10-20T14:22:27.644Z</time></trkpt><trkpt lat="47.60864050" lon="19.14692560"><ele>137.06</ele><time>2025-10-20T14:22:27.843Z</time></trkpt><trkpt lat="47.60864050" lon="19.14692560"><ele>137.06</ele><time>2025-10-20T14:22:28.045Z</time></trkpt><trkpt lat="47.60864060" lon="19.14692560"><ele>137.06</ele><time>2025-10-20T14:22:28.248Z</time></trkpt><trkpt lat="47.60864060" lon="19.14692560"><ele>137.06</ele><time>2025-10-20T14:22:28.448Z</time></trkpt><trkpt lat="47.60864060" lon="19.14692550"><ele>137.06</ele><time>2025-10-20T14:22:28.648Z</time></trkpt><trkpt lat="47.60864060" lon="19.14692550"><ele>137.06</ele><time>2025-10-20T14:22:28.868Z</time></trkpt><trkpt lat="47.60864060" lon="19.14692550"><ele>137.06</ele><time>2025-10-20T14:22:29.068Z</time></trkpt><trkpt lat="47.60864060" lon="19.14692560"><ele>137.06</ele><time>2025-10-20T14:22:29.250Z</time></trkpt><trkpt lat="47.60864060" lon="19.14692560"><ele>137.07</ele><time>2025-10-20T14:22:29.449Z</time></trkpt><trkpt lat="47.60864060" lon="19.14692560"><ele>137.07</ele><time>2025-10-20T14:22:29.649Z</time></trkpt><trkpt lat="47.60864060" lon="19.14692550"><ele>137.07</ele><time>2025-10-20T14:22:29.849Z</time></trkpt><trkpt lat="47.60864060" lon="19.14692560"><ele>137.07</ele><time>2025-10-20T14:22:30.049Z</time></trkpt><trkpt lat="47.60864060" lon="19.14692560"><ele>137.07</ele><time>2025-10-20T14:22:30.251Z</time></trkpt><trkpt lat="47.60864060" lon="19.14692560"><ele>137.07</ele><time>2025-10-20T14:22:30.451Z</time></trkpt><trkpt lat="47.60864060" lon="19.14692550"><ele>137.07</ele><time>2025-10-20T14:22:30.653Z</time></trkpt><trkpt lat="47.60864060" lon="19.14692550"><ele>137.07</ele><time>2025-10-20T14:22:30.854Z</time></trkpt><trkpt lat="47.60864050" lon="19.14692550"><ele>137.06</ele><time>2025-10-20T14:22:31.054Z</time></trkpt><trkpt lat="47.60864050" lon="19.14692550"><ele>137.06</ele><time>2025-10-20T14:22:31.257Z</time></trkpt><trkpt lat="47.60864050" lon="19.14692550"><ele>137.06</ele><time>2025-10-20T14:22:31.457Z</time></trkpt><trkpt lat="47.60864050" lon="19.14692550"><ele>137.06</ele><time>2025-10-20T14:22:31.657Z</time></trkpt><trkpt lat="47.60864050" lon="19.14692550"><ele>137.06</ele><time>2025-10-20T14:22:31.859Z</time></trkpt><trkpt lat="47.60864050" lon="19.14692550"><ele>137.06</ele><time>2025-10-20T14:22:32.059Z</time></trkpt><trkpt lat="47.60864050" lon="19.14692560"><ele>137.06</ele><time>2025-10-20T14:22:32.261Z</time></trkpt><trkpt lat="47.60864050" lon="19.14692560"><ele>137.05</ele><time>2025-10-20T14:22:32.462Z</time></trkpt><trkpt lat="47.60864060" lon="19.14692560"><ele>137.05</ele><time>2025-10-20T14:22:32.664Z</time></trkpt><trkpt lat="47.60864060" lon="19.14692560"><ele>137.05</ele><time>2025-10-20T14:22:32.865Z</time></trkpt><trkpt lat="47.60864060" lon="19.14692550"><ele>137.05</ele><time>2025-10-20T14:22:33.066Z</time></trkpt><trkpt lat="47.60864060" lon="19.14692550"><ele>137.05</ele><time>2025-10-20T14:22:33.267Z</time></trkpt><trkpt lat="47.60864060" lon="19.14692550"><ele>137.06</ele><time>2025-10-20T14:22:33.467Z</time></trkpt><trkpt lat="47.60864070" lon="19.14692550"><ele>137.05</ele><time>2025-10-20T14:22:33.667Z</time></trkpt><trkpt lat="47.60864070" lon="19.14692550"><ele>137.05</ele><time>2025-10-20T14:22:33.868Z</time></trkpt><trkpt lat="47.60864070" lon="19.14692550"><ele>137.05</ele><time>2025-10-20T14:22:34.070Z</time></trkpt><trkpt lat="47.60864070" lon="19.14692550"><ele>137.05</ele><time>2025-10-20T14:22:34.273Z</time></trkpt><trkpt lat="47.60864060" lon="19.14692560"><ele>137.05</ele><time>2025-10-20T14:22:34.473Z</time></trkpt><trkpt lat="47.60864060" lon="19.14692560"><ele>137.05</ele><time>2025-10-20T14:22:34.676Z</time></trkpt><trkpt lat="47.60864060" lon="19.14692560"><ele>137.05</ele><time>2025-10-20T14:22:34.877Z</time></trkpt><trkpt lat="47.60864070" lon="19.14692550"><ele>137.04</ele><time>2025-10-20T14:22:35.078Z</time></trkpt><trkpt lat="47.60864070" lon="19.14692560"><ele>137.04</ele><time>2025-10-20T14:22:35.282Z</time></trkpt><trkpt lat="47.60864070" lon="19.14692560"><ele>137.04</ele><time>2025-10-20T14:22:35.484Z</time></trkpt><trkpt lat="47.60864070" lon="19.14692560"><ele>137.04</ele><time>2025-10-20T14:22:35.685Z</time></trkpt><trkpt lat="47.60864070" lon="19.14692560"><ele>137.03</ele><time>2025-10-20T14:22:35.886Z</time></trkpt><trkpt lat="47.60864070" lon="19.14692560"><ele>137.03</ele><time>2025-10-20T14:22:36.088Z</time></trkpt><trkpt lat="47.60864070" lon="19.14692560"><ele>137.03</ele><time>2025-10-20T14:22:36.271Z</time></trkpt><trkpt lat="47.60864070" lon="19.14692550"><ele>137.02</ele><time>2025-10-20T14:22:36.493Z</time></trkpt><trkpt lat="47.60864070" lon="19.14692550"><ele>137.02</ele><time>2025-10-20T14:22:36.695Z</time></trkpt><trkpt lat="47.60864070" lon="19.14692550"><ele>137.02</ele><time>2025-10-20T14:22:36.875Z</time></trkpt><trkpt lat="47.60864070" lon="19.14692560"><ele>137.02</ele><time>2025-10-20T14:22:37.095Z</time></trkpt><trkpt lat="47.60864070" lon="19.14692560"><ele>137.02</ele><time>2025-10-20T14:22:37.299Z</time></trkpt><trkpt lat="47.60864070" lon="19.14692560"><ele>137.02</ele><time>2025-10-20T14:22:37.500Z</time></trkpt><trkpt lat="47.60864070" lon="19.14692560"><ele>137.02</ele><time>2025-10-20T14:22:37.701Z</time></trkpt><trkpt lat="47.60864070" lon="19.14692560"><ele>137.02</ele><time>2025-10-20T14:22:37.902Z</time></trkpt><trkpt lat="47.60864070" lon="19.14692560"><ele>137.02</ele><time>2025-10-20T14:22:38.104Z</time></trkpt><trkpt lat="47.60864070" lon="19.14692560"><ele>137.02</ele><time>2025-10-20T14:22:38.306Z</time></trkpt><trkpt lat="47.60864070" lon="19.14692560"><ele>137.02</ele><time>2025-10-20T14:22:38.507Z</time></trkpt><trkpt lat="47.60864070" lon="19.14692560"><ele>137.02</ele><time>2025-10-20T14:22:38.707Z</time></trkpt><trkpt lat="47.60864070" lon="19.14692560"><ele>137.02</ele><time>2025-10-20T14:22:38.907Z</time></trkpt><trkpt lat="47.60864070" lon="19.14692560"><ele>137.02</ele><time>2025-10-20T14:22:39.107Z</time></trkpt></trkseg></trk></gpx>