<?xml version='1.0' encoding='utf-8'?>
<gpx version="1.1" creator="converttogpx.py" xmlns="http://www.topografix.com/GPX/1/1" xmlns:xsi="http://www.w3.org/2001/XMLSchema-instance" xsi:schemaLocation="http://www.topografix.com/GPX/1/1 http://www.topografix.com/GPX/1/1/gpx.xsd"><trk><name>drone132 20251020-001</name><trkseg><trkpt lat="47.60863650" lon="19.14696990"><ele>137.27</ele><time>2025-10-20T13:27:14.013Z</time></trkpt><trkpt lat="47.60863640" lon="19.14696990"><ele>137.27</ele><time>2025-10-20T13:27:14.217Z</time></trkpt><trkpt lat="47.60863640" lon="19.14696990"><ele>137.28</ele><time>2025-10-20T13:27:14.417Z</time></trkpt><trkpt lat="47.60863640" lon="19.14696990"><ele>137.29</ele><time>2025-10-20T13:27:14.617Z</time></trkpt><trkpt lat="47.60863640" lon="19.14697000"><ele>137.29</ele><time>2025-10-20T13:27:14.797Z</time></trkpt><trkpt lat="47.60863640" lon="19.14697000"><ele>137.29</ele><time>2025-10-20T13:27:15.018Z</time></trkpt><trkpt lat="47.60863640" lon="19.14697000"><ele>137.29</ele><time>2025-10-20T13:27:15.219Z</time></trkpt><trkpt lat="47.60863640" lon="19.14697000"><ele>137.30</ele><time>2025-10-20T13:27:15.419Z</time></trkpt><trkpt lat="47.60863650" lon="19.14697000"><ele>137.30</ele><time>2025-10-20T13:27:15.619Z</time></trkpt><trkpt lat="47.60863650" lon="19.14697010"><ele>137.29</ele><time>2025-10-20T13:27:15.819Z</time></trkpt><trkpt lat="47.60863650" lon="19.14697000"><ele>137.29</ele><time>2025-10-20T13:27:16.020Z</time></trkpt><trkpt lat="47.60863650" lon="19.14697000"><ele>137.29</ele><time>2025-10-20T13:27:16.225Z</time></trkpt><trkpt lat="47.60863650" lon="19.14697000"><ele>137.29</ele><time>2025-10-20T13:27:16.425Z</time></trkpt><trkpt lat="47.60863650" lon="19.14697000"><ele>137.29</ele><time>2025-10-20T13:27:16.625Z</time></trkpt><trkpt lat="47.60863650" lon="19.14697000"><ele>137.29</ele><time>2025-10-20T13:27:16.825Z</time></trkpt><trkpt lat="47.60863650" lon="19.14696990"><ele>137.29</ele><time>2025-10-20T13:27:17.025Z</time></trkpt><trkpt lat="47.60863650" lon="19.14696990"><ele>137.29</ele><time>2025-10-20T13:27:17.227Z</time></trkpt><trkpt lat="47.60863650" lon="19.14696990"><ele>137.29</ele><time>2025-10-20T13:27:17.427Z</time></trkpt><trkpt lat="47.60863650" lon="19.14696990"><ele>137.29</ele><time>2025-10-20T13:27:17.628Z</time></trkpt><trkpt lat="47.60863650" lon="19.14697000"><ele>137.28</ele><time>2025-10-20T13:27:17.828Z</time></trkpt><trkpt lat="47.60863640" lon="19.14697000"><ele>137.28</ele><time>2025-10-20T13:27:18.028Z</time></trkpt><trkpt lat="47.60863640" lon="19.14697000"><ele>137.28</ele><time>2025-10-20T13:27:18.190Z</time></trkpt><trkpt lat="47.60863640" lon="19.14697000"><ele>137.28</ele><time>2025-10-20T13:27:18.410Z</time></trkpt><trkpt lat="47.60863640" lon="19.14697000"><ele>137.28</ele><time>2025-10-20T13:27:18.612Z</time></trkpt><trkpt lat="47.60863640" lon="19.14697000"><ele>137.28</ele><time>2025-10-20T13:27:18.811Z</time></trkpt><trkpt lat="47.60863640" lon="19.14697000"><ele>137.28</ele><time>2025-10-20T13:27:19.012Z</time></trkpt><trkpt lat="47.60863640" lon="19.14697000"><ele>137.28</ele><time>2025-10-20T13:27:19.213Z</time></trkpt><trkpt lat="47.60863640" lon="19.14697000"><ele>137.28</ele><time>2025-10-20T13:27:19.414Z</time></trkpt><trkpt lat="47.60863640" lon="19.14697010"><ele>137.29</ele><time>2025-10-20T13:27:19.614Z</time></trkpt><trkpt lat="47.60863640" lon="19.14697010"><ele>137.29</ele><time>2025-10-20T13:27:19.814Z</time></trkpt><trkpt lat="47.60863640" lon="19.14697010"><ele>137.29</ele><time>2025-10-20T13:27:20.015Z</time></trkpt><trkpt lat="47.60863650" lon="19.14697010"><ele>137.29</ele><time>2025-10-20T13:27:20.215Z</time></trkpt><trkpt lat="47.60863650" lon="19.14697010"><ele>137.29</ele><time>2025-10-20T13:27:20.415Z</time></trkpt><trkpt lat="47.60863650" lon="19.14697010"><ele>137.29</ele><time>2025-10-20T13:27:20.615Z</time></trkpt><trkpt lat="47.60863650" lon="19.14697010"><ele>137.29</ele><time>2025-10-20T13:27:20.816Z</time></trkpt><trkpt lat="47.60863660" lon="19.14697010"><ele>137.29</ele><time>2025-10-20T13:27:20.996Z</time></trkpt><trkpt lat="47.60863660" lon="19.14697010"><ele>137.29</ele><time>2025-10-20T13:27:21.198Z</time></trkpt><trkpt lat="47.60863660" lon="19.14697000"><ele>137.28</ele><time>2025-10-20T13:27:21.416Z</time></trkpt><trkpt lat="47.60863660" lon="19.14696990"><ele>137.28</ele><time>2025-10-20T13:27:21.617Z</time></trkpt><trkpt lat="47.60863660" lon="19.14696990"><ele>137.28</ele><time>2025-10-20T13:27:21.817Z</time></trkpt><trkpt lat="47.60863670" lon="19.14696990"><ele>137.28</ele><time>2025-10-20T13:27:22.017Z</time></trkpt><trkpt lat="47.60863670" lon="19.14696990"><ele>137.28</ele><time>2025-10-20T13:27:22.225Z</time></trkpt><trkpt lat="47.60863670" lon="19.14696990"><ele>137.28</ele><time>2025-10-20T13:27:22.425Z</time></trkpt><trkpt lat="47.60863670" lon="19.14696990"><ele>137.28</ele><time>2025-10-20T13:27:22.625Z</time></trkpt><trkpt lat="47.60863670" lon="19.14696990"><ele>137.28</ele><time>2025-10-20T13:27:22.825Z</time></trkpt><trkpt lat="47.60863670" lon="19.14696990"><ele>137.28</ele><time>2025-10-20T13:27:23.026Z</time></trkpt><trkpt lat="47.60863670" lon="19.14696990"><ele>137.28</ele><time>2025-10-20T13:27:23.226Z</time></trkpt><trkpt lat="47.60863680" lon="19.14697000"><ele>137.28</ele><time>2025-10-20T13:27:23.426Z</time></trkpt><trkpt lat="47.60863680" lon="19.14697000"><ele>137.28</ele><time>2025-10-20T13:27:23.629Z</time></trkpt><trkpt lat="47.60863680" lon="19.14697000"><ele>137.28</ele><time>2025-10-20T13:27:23.830Z</time></trkpt><trkpt lat="47.60863680" lon="19.14697000"><ele>137.29</ele><time>2025-10-20T13:27:24.031Z</time></trkpt><trkpt lat="47.60863660" lon="19.14696960"><ele>137.48</ele><time>2025-10-20T13:27:24.232Z</time></trkpt><trkpt lat="47.60863630" lon="19.14696880"><ele>137.84</ele><time>2025-10-20T13:27:24.432Z</time></trkpt><trkpt lat="47.60863630" lon="19.14696780"><ele>138.20</ele><time>2025-10-20T13:27:24.612Z</time></trkpt><trkpt lat="47.60863640" lon="19.14696640"><ele>138.75</ele><time>2025-10-20T13:27:24.832Z</time></trkpt><trkpt lat="47.60863660" lon="19.14696550"><ele>139.20</ele><time>2025-10-20T13:27:25.014Z</time></trkpt><trkpt lat="47.60863710" lon="19.14696480"><ele>139.75</ele><time>2025-10-20T13:27:25.214Z</time></trkpt><trkpt lat="47.60863760" lon="19.14696440"><ele>140.21</ele><time>2025-10-20T13:27:25.395Z</time></trkpt><trkpt lat="47.60863800" lon="19.14696410"><ele>140.62</ele><time>2025-10-20T13:27:25.617Z</time></trkpt><trkpt lat="47.60863810" lon="19.14696430"><ele>141.08</ele><time>2025-10-20T13:27:25.818Z</time></trkpt><trkpt lat="47.60863790" lon="19.14696500"><ele>141.63</ele><time>2025-10-20T13:27:26.019Z</time></trkpt><trkpt lat="47.60863750" lon="19.14696610"><ele>142.17</ele><time>2025-10-20T13:27:26.221Z</time></trkpt><trkpt lat="47.60863700" lon="19.14696710"><ele>142.74</ele><time>2025-10-20T13:27:26.425Z</time></trkpt><trkpt lat="47.60863640" lon="19.14696800"><ele>143.31</ele><time>2025-10-20T13:27:26.630Z</time></trkpt><trkpt lat="47.60863590" lon="19.14696870"><ele>143.84</ele><time>2025-10-20T13:27:26.830Z</time></trkpt><trkpt lat="47.60863550" lon="19.14696910"><ele>144.30</ele><time>2025-10-20T13:27:27.014Z</time></trkpt><trkpt lat="47.60863500" lon="19.14696930"><ele>144.84</ele><time>2025-10-20T13:27:27.218Z</time></trkpt><trkpt lat="47.60863440" lon="19.14696940"><ele>145.39</ele><time>2025-10-20T13:27:27.430Z</time></trkpt><trkpt lat="47.60863390" lon="19.14696950"><ele>145.84</ele><time>2025-10-20T13:27:27.601Z</time></trkpt><trkpt lat="47.60863320" lon="19.14696980"><ele>146.44</ele><time>2025-10-20T13:27:27.831Z</time></trkpt><trkpt lat="47.60863280" lon="19.14697010"><ele>146.91</ele><time>2025-10-20T13:27:28.023Z</time></trkpt><trkpt lat="47.60863250" lon="19.14697040"><ele>147.38</ele><time>2025-10-20T13:27:28.225Z</time></trkpt><trkpt lat="47.60863220" lon="19.14697080"><ele>147.83</ele><time>2025-10-20T13:27:28.407Z</time></trkpt><trkpt lat="47.60863200" lon="19.14697120"><ele>148.38</ele><time>2025-10-20T13:27:28.628Z</time></trkpt><trkpt lat="47.60863200" lon="19.14697140"><ele>148.83</ele><time>2025-10-20T13:27:28.808Z</time></trkpt><trkpt lat="47.60863210" lon="19.14697150"><ele>149.37</ele><time>2025-10-20T13:27:29.030Z</time></trkpt><trkpt lat="47.60863210" lon="19.14697150"><ele>149.80</ele><time>2025-10-20T13:27:29.215Z</time></trkpt><trkpt lat="47.60863220" lon="19.14697140"><ele>150.30</ele><time>2025-10-20T13:27:29.417Z</time></trkpt><trkpt lat="47.60863210" lon="19.14697130"><ele>150.81</ele><time>2025-10-20T13:27:29.621Z</time></trkpt><trkpt lat="47.60863190" lon="19.14697140"><ele>151.32</ele><time>2025-10-20T13:27:29.823Z</time></trkpt><trkpt lat="47.60863190" lon="19.14697150"><ele>151.77</ele><time>2025-10-20T13:27:30.005Z</time></trkpt><trkpt lat="47.60863190" lon="19.14697180"><ele>152.28</ele><time>2025-10-20T13:27:30.213Z</time></trkpt><trkpt lat="47.60863190" lon="19.14697210"><ele>152.76</ele><time>2025-10-20T13:27:30.421Z</time></trkpt><trkpt lat="47.60863190" lon="19.14697240"><ele>153.23</ele><time>2025-10-20T13:27:30.621Z</time></trkpt><trkpt lat="47.60863200" lon="19.14697280"><ele>153.71</ele><time>2025-10-20T13:27:30.822Z</time></trkpt><trkpt lat="47.60863220" lon="19.14697310"><ele>154.19</ele><time>2025-10-20T13:27:31.022Z</time></trkpt><trkpt lat="47.60863230" lon="19.14697330"><ele>154.69</ele><time>2025-10-20T13:27:31.231Z</time></trkpt><trkpt lat="47.60863230" lon="19.14697350"><ele>155.15</ele><time>2025-10-20T13:27:31.432Z</time></trkpt><trkpt lat="47.60863220" lon="19.14697370"><ele>155.61</ele><time>2025-10-20T13:27:31.632Z</time></trkpt><trkpt lat="47.60863230" lon="19.14697380"><ele>156.09</ele><time>2025-10-20T13:27:31.833Z</time></trkpt><trkpt lat="47.60863240" lon="19.14697380"><ele>156.53</ele><time>2025-10-20T13:27:32.034Z</time></trkpt><trkpt lat="47.60863270" lon="19.14697370"><ele>156.81</ele><time>2025-10-20T13:27:32.237Z</time></trkpt><trkpt lat="47.60863300" lon="19.14697360"><ele>156.99</ele><time>2025-10-20T13:27:32.437Z</time></trkpt><trkpt lat="47.60863340" lon="19.14697340"><ele>157.08</ele><time>2025-10-20T13:27:32.638Z</time></trkpt><trkpt lat="47.60863350" lon="19.14697310"><ele>157.07</ele><time>2025-10-20T13:27:32.839Z</time></trkpt><trkpt lat="47.60863280" lon="19.14697290"><ele>157.00</ele><time>2025-10-20T13:27:33.040Z</time></trkpt><trkpt lat="47.60863100" lon="19.14697270"><ele>156.94</ele><time>2025-10-20T13:27:33.245Z</time></trkpt><trkpt lat="47.60862820" lon="19.14697260"><ele>156.91</ele><time>2025-10-20T13:27:33.427Z</time></trkpt><trkpt lat="47.60862400" lon="19.14697260"><ele>156.89</ele><time>2025-10-20T13:27:33.630Z</time></trkpt><trkpt lat="47.60861930" lon="19.14697270"><ele>156.88</ele><time>2025-10-20T13:27:33.832Z</time></trkpt><trkpt lat="47.60861450" lon="19.14697280"><ele>156.89</ele><time>2025-10-20T13:27:34.033Z</time></trkpt><trkpt lat="47.60861040" lon="19.14697300"><ele>156.89</ele><time>2025-10-20T13:27:34.237Z</time></trkpt><trkpt lat="47.60860740" lon="19.14697310"><ele>156.89</ele><time>2025-10-20T13:27:34.418Z</time></trkpt><trkpt lat="47.60860460" lon="19.14697330"><ele>156.89</ele><time>2025-10-20T13:27:34.639Z</time></trkpt><trkpt lat="47.60860250" lon="19.14697330"><ele>156.88</ele><time>2025-10-20T13:27:34.841Z</time></trkpt><trkpt lat="47.60860070" lon="19.14697350"><ele>156.87</ele><time>2025-10-20T13:27:35.042Z</time></trkpt><trkpt lat="47.60859890" lon="19.14697380"><ele>156.88</ele><time>2025-10-20T13:27:35.247Z</time></trkpt><trkpt lat="47.60859720" lon="19.14697410"><ele>156.88</ele><time>2025-10-20T13:27:35.449Z</time></trkpt><trkpt lat="47.60859570" lon="19.14697450"><ele>156.88</ele><time>2025-10-20T13:27:35.650Z</time></trkpt><trkpt lat="47.60859450" lon="19.14697520"><ele>156.89</ele><time>2025-10-20T13:27:35.850Z</time></trkpt><trkpt lat="47.60859370" lon="19.14697590"><ele>156.90</ele><time>2025-10-20T13:27:36.033Z</time></trkpt><trkpt lat="47.60859300" lon="19.14697680"><ele>156.92</ele><time>2025-10-20T13:27:36.236Z</time></trkpt><trkpt lat="47.60859250" lon="19.14697800"><ele>156.91</ele><time>2025-10-20T13:27:36.438Z</time></trkpt><trkpt lat="47.60859230" lon="19.14698020"><ele>156.89</ele><time>2025-10-20T13:27:36.640Z</time></trkpt><trkpt lat="47.60859280" lon="19.14698400"><ele>156.87</ele><time>2025-10-20T13:27:36.841Z</time></trkpt><trkpt lat="47.60859400" lon="19.14698940"><ele>156.85</ele><time>2025-10-20T13:27:37.042Z</time></trkpt><trkpt lat="47.60859630" lon="19.14699580"><ele>156.85</ele><time>2025-10-20T13:27:37.246Z</time></trkpt><trkpt lat="47.60859970" lon="19.14700240"><ele>156.84</ele><time>2025-10-20T13:27:37.449Z</time></trkpt><trkpt lat="47.60860440" lon="19.14700840"><ele>156.85</ele><time>2025-10-20T13:27:37.649Z</time></trkpt><trkpt lat="47.60860950" lon="19.14701260"><ele>156.85</ele><time>2025-10-20T13:27:37.830Z</time></trkpt><trkpt lat="47.60861560" lon="19.14701550"><ele>156.85</ele><time>2025-10-20T13:27:38.031Z</time></trkpt><trkpt lat="47.60862090" lon="19.14701670"><ele>156.86</ele><time>2025-10-20T13:27:38.215Z</time></trkpt><trkpt lat="47.60862590" lon="19.14701700"><ele>156.87</ele><time>2025-10-20T13:27:38.418Z</time></trkpt><trkpt lat="47.60863020" lon="19.14701670"><ele>156.85</ele><time>2025-10-20T13:27:38.641Z</time></trkpt><trkpt lat="47.60863290" lon="19.14701650"><ele>156.85</ele><time>2025-10-20T13:27:38.844Z</time></trkpt><trkpt lat="47.60863490" lon="19.14701680"><ele>156.84</ele><time>2025-10-20T13:27:39.023Z</time></trkpt><trkpt lat="47.60863750" lon="19.14701770"><ele>156.87</ele><time>2025-10-20T13:27:39.243Z</time></trkpt><trkpt lat="47.60864040" lon="19.14701890"><ele>156.88</ele><time>2025-10-20T13:27:39.443Z</time></trkpt><trkpt lat="47.60864400" lon="19.14701940"><ele>156.88</ele><time>2025-10-20T13:27:39.648Z</time></trkpt><trkpt lat="47.60864750" lon="19.14701860"><ele>156.89</ele><time>2025-10-20T13:27:39.829Z</time></trkpt><trkpt lat="47.60865170" lon="19.14701550"><ele>156.89</ele><time>2025-10-20T13:27:40.051Z</time></trkpt><trkpt lat="47.60865480" lon="19.14701110"><ele>156.86</ele><time>2025-10-20T13:27:40.236Z</time></trkpt><trkpt lat="47.60865730" lon="19.14700380"><ele>156.86</ele><time>2025-10-20T13:27:40.438Z</time></trkpt><trkpt lat="47.60865840" lon="19.14699470"><ele>156.94</ele><time>2025-10-20T13:27:40.640Z</time></trkpt><trkpt lat="47.60865820" lon="19.14698440"><ele>157.01</ele><time>2025-10-20T13:27:40.840Z</time></trkpt><trkpt lat="47.60865730" lon="19.14697620"><ele>156.98</ele><time>2025-10-20T13:27:41.001Z</time></trkpt><trkpt lat="47.60865540" lon="19.14696530"><ele>156.76</ele><time>2025-10-20T13:27:41.227Z</time></trkpt><trkpt lat="47.60865320" lon="19.14695620"><ele>156.37</ele><time>2025-10-20T13:27:41.449Z</time></trkpt><trkpt lat="47.60865110" lon="19.14695070"><ele>156.03</ele><time>2025-10-20T13:27:41.631Z</time></trkpt><trkpt lat="47.60864820" lon="19.14694700"><ele>155.67</ele><time>2025-10-20T13:27:41.834Z</time></trkpt><trkpt lat="47.60864420" lon="19.14694610"><ele>155.52</ele><time>2025-10-20T13:27:42.036Z</time></trkpt><trkpt lat="47.60863900" lon="19.14694760"><ele>155.63</ele><time>2025-10-20T13:27:42.239Z</time></trkpt><trkpt lat="47.60863350" lon="19.14695020"><ele>155.83</ele><time>2025-10-20T13:27:42.441Z</time></trkpt><trkpt lat="47.60862880" lon="19.14695350"><ele>155.96</ele><time>2025-10-20T13:27:42.644Z</time></trkpt><trkpt lat="47.60862520" lon="19.14695780"><ele>156.04</ele><time>2025-10-20T13:27:42.844Z</time></trkpt><trkpt lat="47.60862260" lon="19.14696320"><ele>156.12</ele><time>2025-10-20T13:27:43.046Z</time></trkpt><trkpt lat="47.60862090" lon="19.14696900"><ele>156.13</ele><time>2025-10-20T13:27:43.249Z</time></trkpt><trkpt lat="47.60862010" lon="19.14697550"><ele>156.13</ele><time>2025-10-20T13:27:43.451Z</time></trkpt><trkpt lat="47.60862050" lon="19.14698160"><ele>156.13</ele><time>2025-10-20T13:27:43.633Z</time></trkpt><trkpt lat="47.60862210" lon="19.14698870"><ele>156.12</ele><time>2025-10-20T13:27:43.854Z</time></trkpt><trkpt lat="47.60862450" lon="19.14699440"><ele>156.09</ele><time>2025-10-20T13:27:44.058Z</time></trkpt><trkpt lat="47.60862750" lon="19.14699850"><ele>156.02</ele><time>2025-10-20T13:27:44.250Z</time></trkpt><trkpt lat="47.60863100" lon="19.14700100"><ele>155.90</ele><time>2025-10-20T13:27:44.453Z</time></trkpt><trkpt lat="47.60863460" lon="19.14700170"><ele>155.73</ele><time>2025-10-20T13:27:44.654Z</time></trkpt><trkpt lat="47.60863870" lon="19.14700140"><ele>155.67</ele><time>2025-10-20T13:27:44.854Z</time></trkpt><trkpt lat="47.60864280" lon="19.14700100"><ele>155.69</ele><time>2025-10-20T13:27:45.035Z</time></trkpt><trkpt lat="47.60864800" lon="19.14700040"><ele>155.83</ele><time>2025-10-20T13:27:45.258Z</time></trkpt><trkpt lat="47.60865300" lon="19.14699980"><ele>156.16</ele><time>2025-10-20T13:27:45.460Z</time></trkpt><trkpt lat="47.60865820" lon="19.14699890"><ele>156.46</ele><time>2025-10-20T13:27:45.662Z</time></trkpt><trkpt lat="47.60866260" lon="19.14699760"><ele>156.61</ele><time>2025-10-20T13:27:45.846Z</time></trkpt><trkpt lat="47.60866650" lon="19.14699540"><ele>156.63</ele><time>2025-10-20T13:27:46.028Z</time></trkpt><trkpt lat="47.60867050" lon="19.14699070"><ele>156.62</ele><time>2025-10-20T13:27:46.256Z</time></trkpt><trkpt lat="47.60867280" lon="19.14698460"><ele>156.68</ele><time>2025-10-20T13:27:46.457Z</time></trkpt><trkpt lat="47.60867430" lon="19.14697740"><ele>156.68</ele><time>2025-10-20T13:27:46.660Z</time></trkpt><trkpt lat="47.60867490" lon="19.14697060"><ele>156.61</ele><time>2025-10-20T13:27:46.840Z</time></trkpt><trkpt lat="47.60867390" lon="19.14696370"><ele>156.61</ele><time>2025-10-20T13:27:47.022Z</time></trkpt><trkpt lat="47.60867120" lon="19.14695450"><ele>156.64</ele><time>2025-10-20T13:27:47.245Z</time></trkpt><trkpt lat="47.60866770" lon="19.14694570"><ele>156.68</ele><time>2025-10-20T13:27:47.451Z</time></trkpt><trkpt lat="47.60866380" lon="19.14693710"><ele>156.72</ele><time>2025-10-20T13:27:47.654Z</time></trkpt><trkpt lat="47.60866010" lon="19.14692860"><ele>156.72</ele><time>2025-10-20T13:27:47.856Z</time></trkpt><trkpt lat="47.60865720" lon="19.14692050"><ele>156.69</ele><time>2025-10-20T13:27:48.057Z</time></trkpt><trkpt lat="47.60865530" lon="19.14691280"><ele>156.59</ele><time>2025-10-20T13:27:48.254Z</time></trkpt><trkpt lat="47.60865320" lon="19.14690500"><ele>156.41</ele><time>2025-10-20T13:27:48.457Z</time></trkpt><trkpt lat="47.60865020" lon="19.14689770"><ele>156.19</ele><time>2025-10-20T13:27:48.659Z</time></trkpt><trkpt lat="47.60864610" lon="19.14689150"><ele>155.96</ele><time>2025-10-20T13:27:48.861Z</time></trkpt><trkpt lat="47.60864310" lon="19.14688850"><ele>155.85</ele><time>2025-10-20T13:27:48.981Z</time></trkpt><trkpt lat="47.60863520" lon="19.14688380"><ele>155.61</ele><time>2025-10-20T13:27:49.253Z</time></trkpt><trkpt lat="47.60862820" lon="19.14688330"><ele>155.61</ele><time>2025-10-20T13:27:49.457Z</time></trkpt><trkpt lat="47.60862130" lon="19.14688600"><ele>155.76</ele><time>2025-10-20T13:27:49.657Z</time></trkpt><trkpt lat="47.60861500" lon="19.14689060"><ele>155.87</ele><time>2025-10-20T13:27:49.859Z</time></trkpt><trkpt lat="47.60860990" lon="19.14689660"><ele>156.01</ele><time>2025-10-20T13:27:50.061Z</time></trkpt><trkpt lat="47.60860560" lon="19.14690370"><ele>156.15</ele><time>2025-10-20T13:27:50.262Z</time></trkpt><trkpt lat="47.60860220" lon="19.14691060"><ele>156.24</ele><time>2025-10-20T13:27:50.468Z</time></trkpt><trkpt lat="47.60859970" lon="19.14691640"><ele>156.33</ele><time>2025-10-20T13:27:50.669Z</time></trkpt><trkpt lat="47.60859770" lon="19.14692200"><ele>156.40</ele><time>2025-10-20T13:27:50.871Z</time></trkpt><trkpt lat="47.60859590" lon="19.14692780"><ele>156.47</ele><time>2025-10-20T13:27:51.077Z</time></trkpt><trkpt lat="47.60859420" lon="19.14693380"><ele>156.52</ele><time>2025-10-20T13:27:51.282Z</time></trkpt><trkpt lat="47.60859300" lon="19.14693840"><ele>156.56</ele><time>2025-10-20T13:27:51.443Z</time></trkpt><trkpt lat="47.60859150" lon="19.14694510"><ele>156.62</ele><time>2025-10-20T13:27:51.684Z</time></trkpt><trkpt lat="47.60859040" lon="19.14695040"><ele>156.67</ele><time>2025-10-20T13:27:51.884Z</time></trkpt><trkpt lat="47.60858920" lon="19.14695500"><ele>156.70</ele><time>2025-10-20T13:27:52.085Z</time></trkpt><trkpt lat="47.60858740" lon="19.14695960"><ele>156.72</ele><time>2025-10-20T13:27:52.287Z</time></trkpt><trkpt lat="47.60858450" lon="19.14696400"><ele>156.73</ele><time>2025-10-20T13:27:52.487Z</time></trkpt><trkpt lat="47.60858030" lon="19.14696800"><ele>156.76</ele><time>2025-10-20T13:27:52.688Z</time></trkpt><trkpt lat="47.60857500" lon="19.14697170"><ele>156.77</ele><time>2025-10-20T13:27:52.889Z</time></trkpt><trkpt lat="47.60857020" lon="19.14697440"><ele>156.79</ele><time>2025-10-20T13:27:53.049Z</time></trkpt><trkpt lat="47.60856170" lon="19.14697810"><ele>156.82</ele><time>2025-10-20T13:27:53.294Z</time></trkpt><trkpt lat="47.60855560" lon="19.14698020"><ele>156.83</ele><time>2025-10-20T13:27:53.455Z</time></trkpt><trkpt lat="47.60854590" lon="19.14698280"><ele>156.85</ele><time>2025-10-20T13:27:53.696Z</time></trkpt><trkpt lat="47.60853890" lon="19.14698430"><ele>156.86</ele><time>2025-10-20T13:27:53.859Z</time></trkpt><trkpt lat="47.60852940" lon="19.14698610"><ele>156.86</ele><time>2025-10-20T13:27:54.080Z</time></trkpt><trkpt lat="47.60852040" lon="19.14698760"><ele>156.88</ele><time>2025-10-20T13:27:54.282Z</time></trkpt><trkpt lat="47.60851170" lon="19.14698880"><ele>156.91</ele><time>2025-10-20T13:27:54.474Z</time></trkpt><trkpt lat="47.60850260" lon="19.14699020"><ele>156.93</ele><time>2025-10-20T13:27:54.664Z</time></trkpt><trkpt lat="47.60849310" lon="19.14699140"><ele>156.94</ele><time>2025-10-20T13:27:54.865Z</time></trkpt><trkpt lat="47.60848240" lon="19.14699280"><ele>156.95</ele><time>2025-10-20T13:27:55.085Z</time></trkpt><trkpt lat="47.60847270" lon="19.14699400"><ele>156.96</ele><time>2025-10-20T13:27:55.288Z</time></trkpt><trkpt lat="47.60846390" lon="19.14699510"><ele>156.97</ele><time>2025-10-20T13:27:55.469Z</time></trkpt><trkpt lat="47.60845350" lon="19.14699650"><ele>156.98</ele><time>2025-10-20T13:27:55.689Z</time></trkpt><trkpt lat="47.60844400" lon="19.14699780"><ele>156.99</ele><time>2025-10-20T13:27:55.889Z</time></trkpt><trkpt lat="47.60843540" lon="19.14699910"><ele>157.01</ele><time>2025-10-20T13:27:56.070Z</time></trkpt><trkpt lat="47.60842580" lon="19.14700070"><ele>157.03</ele><time>2025-10-20T13:27:56.271Z</time></trkpt><trkpt lat="47.60841580" lon="19.14700240"><ele>157.06</ele><time>2025-10-20T13:27:56.492Z</time></trkpt><trkpt lat="47.60840830" lon="19.14700390"><ele>157.08</ele><time>2025-10-20T13:27:56.674Z</time></trkpt><trkpt lat="47.60839940" lon="19.14700550"><ele>157.10</ele><time>2025-10-20T13:27:56.875Z</time></trkpt><trkpt lat="47.60839040" lon="19.14700740"><ele>157.11</ele><time>2025-10-20T13:27:57.076Z</time></trkpt><trkpt lat="47.60838070" lon="19.14700960"><ele>157.12</ele><time>2025-10-20T13:27:57.299Z</time></trkpt><trkpt lat="47.60837390" lon="19.14701120"><ele>157.14</ele><time>2025-10-20T13:27:57.458Z</time></trkpt><trkpt lat="47.60836490" lon="19.14701340"><ele>157.16</ele><time>2025-10-20T13:27:57.681Z</time></trkpt><trkpt lat="47.60835770" lon="19.14701540"><ele>157.18</ele><time>2025-10-20T13:27:57.883Z</time></trkpt><trkpt lat="47.60835150" lon="19.14701720"><ele>157.19</ele><time>2025-10-20T13:27:58.086Z</time></trkpt><trkpt lat="47.60834650" lon="19.14701890"><ele>157.17</ele><time>2025-10-20T13:27:58.289Z</time></trkpt><trkpt lat="47.60834300" lon="19.14702020"><ele>157.16</ele><time>2025-10-20T13:27:58.490Z</time></trkpt><trkpt lat="47.60834090" lon="19.14702130"><ele>157.14</ele><time>2025-10-20T13:27:58.691Z</time></trkpt><trkpt lat="47.60833980" lon="19.14702210"><ele>157.11</ele><time>2025-10-20T13:27:58.891Z</time></trkpt><trkpt lat="47.60833970" lon="19.14702270"><ele>157.09</ele><time>2025-10-20T13:27:59.093Z</time></trkpt><trkpt lat="47.60834060" lon="19.14702340"><ele>157.08</ele><time>2025-10-20T13:27:59.305Z</time></trkpt><trkpt lat="47.60834210" lon="19.14702400"><ele>157.08</ele><time>2025-10-20T13:27:59.485Z</time></trkpt><trkpt lat="47.60834430" lon="19.14702470"><ele>157.09</ele><time>2025-10-20T13:27:59.690Z</time></trkpt><trkpt lat="47.60834710" lon="19.14702520"><ele>157.09</ele><time>2025-10-20T13:27:59.910Z</time></trkpt><trkpt lat="47.60834980" lon="19.14702590"><ele>157.10</ele><time>2025-10-20T13:28:00.112Z</time></trkpt><trkpt lat="47.60835270" lon="19.14702730"><ele>157.11</ele><time>2025-10-20T13:28:00.313Z</time></trkpt><trkpt lat="47.60835570" lon="19.14703050"><ele>157.12</ele><time>2025-10-20T13:28:00.516Z</time></trkpt><trkpt lat="47.60835850" lon="19.14703510"><ele>157.12</ele><time>2025-10-20T13:28:00.698Z</time></trkpt><trkpt lat="47.60836200" lon="19.14704320"><ele>157.14</ele><time>2025-10-20T13:28:00.922Z</time></trkpt><trkpt lat="47.60836470" lon="19.14705130"><ele>157.15</ele><time>2025-10-20T13:28:01.105Z</time></trkpt><trkpt lat="47.60836790" lon="19.14706140"><ele>157.16</ele><time>2025-10-20T13:28:01.308Z</time></trkpt><trkpt lat="47.60837110" lon="19.14707230"><ele>157.17</ele><time>2025-10-20T13:28:01.509Z</time></trkpt><trkpt lat="47.60837440" lon="19.14708410"><ele>157.18</ele><time>2025-10-20T13:28:01.712Z</time></trkpt><trkpt lat="47.60837770" lon="19.14709660"><ele>157.19</ele><time>2025-10-20T13:28:01.915Z</time></trkpt><trkpt lat="47.60838100" lon="19.14710940"><ele>157.20</ele><time>2025-10-20T13:28:02.116Z</time></trkpt><trkpt lat="47.60838460" lon="19.14712250"><ele>157.21</ele><time>2025-10-20T13:28:02.321Z</time></trkpt><trkpt lat="47.60838770" lon="19.14713400"><ele>157.21</ele><time>2025-10-20T13:28:02.506Z</time></trkpt><trkpt lat="47.60839160" lon="19.14714710"><ele>157.21</ele><time>2025-10-20T13:28:02.707Z</time></trkpt><trkpt lat="47.60839510" lon="19.14715870"><ele>157.21</ele><time>2025-10-20T13:28:02.889Z</time></trkpt><trkpt lat="47.60839970" lon="19.14717270"><ele>157.21</ele><time>2025-10-20T13:28:03.111Z</time></trkpt><trkpt lat="47.60840440" lon="19.14718580"><ele>157.22</ele><time>2025-10-20T13:28:03.321Z</time></trkpt><trkpt lat="47.60840860" lon="19.14719660"><ele>157.23</ele><time>2025-10-20T13:28:03.506Z</time></trkpt><trkpt lat="47.60841340" lon="19.14720820"><ele>157.23</ele><time>2025-10-20T13:28:03.706Z</time></trkpt><trkpt lat="47.60841870" lon="19.14721990"><ele>157.23</ele><time>2025-10-20T13:28:03.908Z</time></trkpt><trkpt lat="47.60842420" lon="19.14723120"><ele>157.24</ele><time>2025-10-20T13:28:04.110Z</time></trkpt><trkpt lat="47.60842930" lon="19.14724060"><ele>157.24</ele><time>2025-10-20T13:28:04.285Z</time></trkpt><trkpt lat="47.60843520" lon="19.14725110"><ele>157.24</ele><time>2025-10-20T13:28:04.491Z</time></trkpt><trkpt lat="47.60844190" lon="19.14726230"><ele>157.25</ele><time>2025-10-20T13:28:04.716Z</time></trkpt><trkpt lat="47.60844700" lon="19.14727040"><ele>157.26</ele><time>2025-10-20T13:28:04.898Z</time></trkpt><trkpt lat="47.60845330" lon="19.14727970"><ele>157.27</ele><time>2025-10-20T13:28:05.099Z</time></trkpt><trkpt lat="47.60845990" lon="19.14728890"><ele>157.27</ele><time>2025-10-20T13:28:05.307Z</time></trkpt><trkpt lat="47.60846590" lon="19.14729670"><ele>157.28</ele><time>2025-10-20T13:28:05.491Z</time></trkpt><trkpt lat="47.60847260" lon="19.14730490"><ele>157.29</ele><time>2025-10-20T13:28:05.693Z</time></trkpt><trkpt lat="47.60848000" lon="19.14731360"><ele>157.30</ele><time>2025-10-20T13:28:05.914Z</time></trkpt><trkpt lat="47.60848680" lon="19.14732110"><ele>157.31</ele><time>2025-10-20T13:28:06.118Z</time></trkpt><trkpt lat="47.60849350" lon="19.14732780"><ele>157.33</ele><time>2025-10-20T13:28:06.308Z</time></trkpt><trkpt lat="47.60850080" lon="19.14733460"><ele>157.34</ele><time>2025-10-20T13:28:06.511Z</time></trkpt><trkpt lat="47.60850830" lon="19.14734080"><ele>157.34</ele><time>2025-10-20T13:28:06.712Z</time></trkpt><trkpt lat="47.60851600" lon="19.14734640"><ele>157.34</ele><time>2025-10-20T13:28:06.914Z</time></trkpt><trkpt lat="47.60852350" lon="19.14735140"><ele>157.35</ele><time>2025-10-20T13:28:07.114Z</time></trkpt><trkpt lat="47.60853120" lon="19.14735600"><ele>157.36</ele><time>2025-10-20T13:28:07.315Z</time></trkpt><trkpt lat="47.60853830" lon="19.14735980"><ele>157.35</ele><time>2025-10-20T13:28:07.496Z</time></trkpt><trkpt lat="47.60854740" lon="19.14736390"><ele>157.34</ele><time>2025-10-20T13:28:07.717Z</time></trkpt><trkpt lat="47.60855590" lon="19.14736700"><ele>157.32</ele><time>2025-10-20T13:28:07.918Z</time></trkpt><trkpt lat="47.60856450" lon="19.14736970"><ele>157.31</ele><time>2025-10-20T13:28:08.119Z</time></trkpt><trkpt lat="47.60857280" lon="19.14737180"><ele>157.29</ele><time>2025-10-20T13:28:08.313Z</time></trkpt><trkpt lat="47.60858100" lon="19.14737370"><ele>157.28</ele><time>2025-10-20T13:28:08.514Z</time></trkpt><trkpt lat="47.60858980" lon="19.14737520"><ele>157.27</ele><time>2025-10-20T13:28:08.717Z</time></trkpt><trkpt lat="47.60859850" lon="19.14737630"><ele>157.26</ele><time>2025-10-20T13:28:08.919Z</time></trkpt><trkpt lat="47.60860730" lon="19.14737710"><ele>157.25</ele><time>2025-10-20T13:28:09.120Z</time></trkpt><trkpt lat="47.60861580" lon="19.14737750"><ele>157.24</ele><time>2025-10-20T13:28:09.315Z</time></trkpt><trkpt lat="47.60862430" lon="19.14737760"><ele>157.23</ele><time>2025-10-20T13:28:09.517Z</time></trkpt><trkpt lat="47.60863290" lon="19.14737730"><ele>157.23</ele><time>2025-10-20T13:28:09.719Z</time></trkpt><trkpt lat="47.60864150" lon="19.14737670"><ele>157.23</ele><time>2025-10-20T13:28:09.920Z</time></trkpt><trkpt lat="47.60865020" lon="19.14737580"><ele>157.23</ele><time>2025-10-20T13:28:10.121Z</time></trkpt><trkpt lat="47.60865940" lon="19.14737450"><ele>157.23</ele><time>2025-10-20T13:28:10.332Z</time></trkpt><trkpt lat="47.60866730" lon="19.14737300"><ele>157.23</ele><time>2025-10-20T13:28:10.516Z</time></trkpt><trkpt lat="47.60867490" lon="19.14737130"><ele>157.22</ele><time>2025-10-20T13:28:10.697Z</time></trkpt><trkpt lat="47.60868340" lon="19.14736910"><ele>157.22</ele><time>2025-10-20T13:28:10.899Z</time></trkpt><trkpt lat="47.60869190" lon="19.14736650"><ele>157.21</ele><time>2025-10-20T13:28:11.121Z</time></trkpt><trkpt lat="47.60869960" lon="19.14736390"><ele>157.21</ele><time>2025-10-20T13:28:11.316Z</time></trkpt><trkpt lat="47.60870790" lon="19.14736080"><ele>157.23</ele><time>2025-10-20T13:28:11.521Z</time></trkpt><trkpt lat="47.60871620" lon="19.14735730"><ele>157.25</ele><time>2025-10-20T13:28:11.727Z</time></trkpt><trkpt lat="47.60872420" lon="19.14735360"><ele>157.26</ele><time>2025-10-20T13:28:11.930Z</time></trkpt><trkpt lat="47.60873130" lon="19.14735010"><ele>157.28</ele><time>2025-10-20T13:28:12.118Z</time></trkpt><trkpt lat="47.60873930" lon="19.14734570"><ele>157.29</ele><time>2025-10-20T13:28:12.326Z</time></trkpt><trkpt lat="47.60874650" lon="19.14734150"><ele>157.31</ele><time>2025-10-20T13:28:12.513Z</time></trkpt><trkpt lat="47.60875510" lon="19.14733600"><ele>157.33</ele><time>2025-10-20T13:28:12.738Z</time></trkpt><trkpt lat="47.60876260" lon="19.14733080"><ele>157.35</ele><time>2025-10-20T13:28:12.940Z</time></trkpt><trkpt lat="47.60877030" lon="19.14732520"><ele>157.38</ele><time>2025-10-20T13:28:13.142Z</time></trkpt><trkpt lat="47.60877700" lon="19.14731980"><ele>157.41</ele><time>2025-10-20T13:28:13.335Z</time></trkpt><trkpt lat="47.60878430" lon="19.14731350"><ele>157.44</ele><time>2025-10-20T13:28:13.540Z</time></trkpt><trkpt lat="47.60879150" lon="19.14730680"><ele>157.46</ele><time>2025-10-20T13:28:13.745Z</time></trkpt><trkpt lat="47.60879790" lon="19.14730050"><ele>157.48</ele><time>2025-10-20T13:28:13.926Z</time></trkpt><trkpt lat="47.60880550" lon="19.14729220"><ele>157.49</ele><time>2025-10-20T13:28:14.148Z</time></trkpt><trkpt lat="47.60881170" lon="19.14728500"><ele>157.51</ele><time>2025-10-20T13:28:14.338Z</time></trkpt><trkpt lat="47.60881830" lon="19.14727670"><ele>157.52</ele><time>2025-10-20T13:28:14.539Z</time></trkpt><trkpt lat="47.60882460" lon="19.14726840"><ele>157.53</ele><time>2025-10-20T13:28:14.740Z</time></trkpt><trkpt lat="47.60883080" lon="19.14725960"><ele>157.53</ele><time>2025-10-20T13:28:14.941Z</time></trkpt><trkpt lat="47.60883680" lon="19.14725050"><ele>157.54</ele><time>2025-10-20T13:28:15.142Z</time></trkpt><trkpt lat="47.60884270" lon="19.14724080"><ele>157.55</ele><time>2025-10-20T13:28:15.347Z</time></trkpt><trkpt lat="47.60884720" lon="19.14723310"><ele>157.55</ele><time>2025-10-20T13:28:15.510Z</time></trkpt><trkpt lat="47.60885310" lon="19.14722230"><ele>157.56</ele><time>2025-10-20T13:28:15.732Z</time></trkpt><trkpt lat="47.60885790" lon="19.14721270"><ele>157.56</ele><time>2025-10-20T13:28:15.932Z</time></trkpt><trkpt lat="47.60886300" lon="19.14720190"><ele>157.57</ele><time>2025-10-20T13:28:16.137Z</time></trkpt><trkpt lat="47.60886730" lon="19.14719200"><ele>157.57</ele><time>2025-10-20T13:28:16.322Z</time></trkpt><trkpt lat="47.60887190" lon="19.14718100"><ele>157.58</ele><time>2025-10-20T13:28:16.525Z</time></trkpt><trkpt lat="47.60887650" lon="19.14716880"><ele>157.58</ele><time>2025-10-20T13:28:16.747Z</time></trkpt><trkpt lat="47.60888000" lon="19.14715900"><ele>157.59</ele><time>2025-10-20T13:28:16.929Z</time></trkpt><trkpt lat="47.60888400" lon="19.14714680"><ele>157.59</ele><time>2025-10-20T13:28:17.157Z</time></trkpt><trkpt lat="47.60888680" lon="19.14713760"><ele>157.60</ele><time>2025-10-20T13:28:17.321Z</time></trkpt><trkpt lat="47.60889040" lon="19.14712480"><ele>157.61</ele><time>2025-10-20T13:28:17.541Z</time></trkpt><trkpt lat="47.60889370" lon="19.14711160"><ele>157.61</ele><time>2025-10-20T13:28:17.764Z</time></trkpt><trkpt lat="47.60889650" lon="19.14709960"><ele>157.61</ele><time>2025-10-20T13:28:17.966Z</time></trkpt><trkpt lat="47.60889870" lon="19.14708930"><ele>157.62</ele><time>2025-10-20T13:28:18.146Z</time></trkpt><trkpt lat="47.60890110" lon="19.14707700"><ele>157.62</ele><time>2025-10-20T13:28:18.347Z</time></trkpt><trkpt lat="47.60890310" lon="19.14706470"><ele>157.62</ele><time>2025-10-20T13:28:18.549Z</time></trkpt><trkpt lat="47.60890510" lon="19.14705060"><ele>157.62</ele><time>2025-10-20T13:28:18.773Z</time></trkpt><trkpt lat="47.60890650" lon="19.14703890"><ele>157.62</ele><time>2025-10-20T13:28:18.956Z</time></trkpt><trkpt lat="47.60890790" lon="19.14702590"><ele>157.62</ele><time>2025-10-20T13:28:19.161Z</time></trkpt><trkpt lat="47.60890890" lon="19.14701300"><ele>157.62</ele><time>2025-10-20T13:28:19.372Z</time></trkpt><trkpt lat="47.60890950" lon="19.14700130"><ele>157.62</ele><time>2025-10-20T13:28:19.574Z</time></trkpt><trkpt lat="47.60891000" lon="19.14698860"><ele>157.61</ele><time>2025-10-20T13:28:19.777Z</time></trkpt><trkpt lat="47.60891030" lon="19.14697560"><ele>157.60</ele><time>2025-10-20T13:28:19.981Z</time></trkpt><trkpt lat="47.60891030" lon="19.14696460"><ele>157.60</ele><time>2025-10-20T13:28:20.150Z</time></trkpt><trkpt lat="47.60891000" lon="19.14695090"><ele>157.60</ele><time>2025-10-20T13:28:20.366Z</time></trkpt><trkpt lat="47.60890950" lon="19.14693840"><ele>157.60</ele><time>2025-10-20T13:28:20.568Z</time></trkpt><trkpt lat="47.60890880" lon="19.14692730"><ele>157.60</ele><time>2025-10-20T13:28:20.769Z</time></trkpt><trkpt lat="47.60890790" lon="19.14691550"><ele>157.61</ele><time>2025-10-20T13:28:20.969Z</time></trkpt><trkpt lat="47.60890660" lon="19.14690340"><ele>157.61</ele><time>2025-10-20T13:28:21.172Z</time></trkpt><trkpt lat="47.60890510" lon="19.14689210"><ele>157.60</ele><time>2025-10-20T13:28:21.357Z</time></trkpt><trkpt lat="47.60890300" lon="19.14687820"><ele>157.59</ele><time>2025-10-20T13:28:21.586Z</time></trkpt><trkpt lat="47.60890100" lon="19.14686680"><ele>157.58</ele><time>2025-10-20T13:28:21.789Z</time></trkpt><trkpt lat="47.60889870" lon="19.14685540"><ele>157.57</ele><time>2025-10-20T13:28:21.993Z</time></trkpt><trkpt lat="47.60889630" lon="19.14684480"><ele>157.56</ele><time>2025-10-20T13:28:22.173Z</time></trkpt><trkpt lat="47.60889340" lon="19.14683280"><ele>157.55</ele><time>2025-10-20T13:28:22.382Z</time></trkpt><trkpt lat="47.60889030" lon="19.14682140"><ele>157.54</ele><time>2025-10-20T13:28:22.582Z</time></trkpt><trkpt lat="47.60888680" lon="19.14680900"><ele>157.52</ele><time>2025-10-20T13:28:22.803Z</time></trkpt><trkpt lat="47.60888370" lon="19.14679900"><ele>157.51</ele><time>2025-10-20T13:28:22.983Z</time></trkpt><trkpt lat="47.60888090" lon="19.14679060"><ele>157.51</ele><time>2025-10-20T13:28:23.145Z</time></trkpt><trkpt lat="47.60887670" lon="19.14677870"><ele>157.50</ele><time>2025-10-20T13:28:23.367Z</time></trkpt><trkpt lat="47.60887220" lon="19.14676690"><ele>157.49</ele><time>2025-10-20T13:28:23.588Z</time></trkpt><trkpt lat="47.60886790" lon="19.14675620"><ele>157.48</ele><time>2025-10-20T13:28:23.792Z</time></trkpt><trkpt lat="47.60886340" lon="19.14674580"><ele>157.46</ele><time>2025-10-20T13:28:23.992Z</time></trkpt><trkpt lat="47.60885990" lon="19.14673810"><ele>157.44</ele><time>2025-10-20T13:28:24.154Z</time></trkpt><trkpt lat="47.60885500" lon="19.14672820"><ele>157.42</ele><time>2025-10-20T13:28:24.363Z</time></trkpt><trkpt lat="47.60884950" lon="19.14671790"><ele>157.40</ele><time>2025-10-20T13:28:24.586Z</time></trkpt><trkpt lat="47.60884470" lon="19.14670930"><ele>157.38</ele><time>2025-10-20T13:28:24.767Z</time></trkpt><trkpt lat="47.60883930" lon="19.14670010"><ele>157.37</ele><time>2025-10-20T13:28:24.969Z</time></trkpt><trkpt lat="47.60883350" lon="19.14669070"><ele>157.35</ele><time>2025-10-20T13:28:25.180Z</time></trkpt><trkpt lat="47.60882790" lon="19.14668250"><ele>157.34</ele><time>2025-10-20T13:28:25.379Z</time></trkpt><trkpt lat="47.60882200" lon="19.14667430"><ele>157.32</ele><time>2025-10-20T13:28:25.583Z</time></trkpt><trkpt lat="47.60881620" lon="19.14666660"><ele>157.31</ele><time>2025-10-20T13:28:25.783Z</time></trkpt><trkpt lat="47.60881070" lon="19.14665960"><ele>157.30</ele><time>2025-10-20T13:28:25.963Z</time></trkpt><trkpt lat="47.60880350" lon="19.14665100"><ele>157.30</ele><time>2025-10-20T13:28:26.191Z</time></trkpt><trkpt lat="47.60879740" lon="19.14664420"><ele>157.30</ele><time>2025-10-20T13:28:26.377Z</time></trkpt><trkpt lat="47.60879100" lon="19.14663730"><ele>157.30</ele><time>2025-10-20T13:28:26.578Z</time></trkpt><trkpt lat="47.60878460" lon="19.14663080"><ele>157.29</ele><time>2025-10-20T13:28:26.782Z</time></trkpt><trkpt lat="47.60877780" lon="19.14662430"><ele>157.30</ele><time>2025-10-20T13:28:26.983Z</time></trkpt><trkpt lat="47.60877050" lon="19.14661790"><ele>157.30</ele><time>2025-10-20T13:28:27.192Z</time></trkpt><trkpt lat="47.60876320" lon="19.14661200"><ele>157.31</ele><time>2025-10-20T13:28:27.395Z</time></trkpt><trkpt lat="47.60875670" lon="19.14660710"><ele>157.32</ele><time>2025-10-20T13:28:27.575Z</time></trkpt><trkpt lat="47.60874800" lon="19.14660110"><ele>157.33</ele><time>2025-10-20T13:28:27.817Z</time></trkpt><trkpt lat="47.60874140" lon="19.14659680"><ele>157.33</ele><time>2025-10-20T13:28:27.998Z</time></trkpt><trkpt lat="47.60873370" lon="19.14659210"><ele>157.33</ele><time>2025-10-20T13:28:28.202Z</time></trkpt><trkpt lat="47.60872610" lon="19.14658800"><ele>157.33</ele><time>2025-10-20T13:28:28.402Z</time></trkpt><trkpt lat="47.60871840" lon="19.14658420"><ele>157.34</ele><time>2025-10-20T13:28:28.602Z</time></trkpt><trkpt lat="47.60871050" lon="19.14658070"><ele>157.35</ele><time>2025-10-20T13:28:28.802Z</time></trkpt><trkpt lat="47.60870260" lon="19.14657760"><ele>157.37</ele><time>2025-10-20T13:28:29.002Z</time></trkpt><trkpt lat="47.60869490" lon="19.14657500"><ele>157.37</ele><time>2025-10-20T13:28:29.203Z</time></trkpt><trkpt lat="47.60868730" lon="19.14657260"><ele>157.39</ele><time>2025-10-20T13:28:29.404Z</time></trkpt><trkpt lat="47.60867930" lon="19.14657060"><ele>157.40</ele><time>2025-10-20T13:28:29.605Z</time></trkpt><trkpt lat="47.60867120" lon="19.14656890"><ele>157.41</ele><time>2025-10-20T13:28:29.806Z</time></trkpt><trkpt lat="47.60866380" lon="19.14656780"><ele>157.43</ele><time>2025-10-20T13:28:29.986Z</time></trkpt><trkpt lat="47.60865580" lon="19.14656690"><ele>157.44</ele><time>2025-10-20T13:28:30.187Z</time></trkpt><trkpt lat="47.60864890" lon="19.14656640"><ele>157.45</ele><time>2025-10-20T13:28:30.367Z</time></trkpt><trkpt lat="47.60864120" lon="19.14656610"><ele>157.45</ele><time>2025-10-20T13:28:30.568Z</time></trkpt><trkpt lat="47.60863230" lon="19.14656660"><ele>157.47</ele><time>2025-10-20T13:28:30.788Z</time></trkpt><trkpt lat="47.60862420" lon="19.14656750"><ele>157.50</ele><time>2025-10-20T13:28:30.989Z</time></trkpt><trkpt lat="47.60861590" lon="19.14656870"><ele>157.52</ele><time>2025-10-20T13:28:31.190Z</time></trkpt><trkpt lat="47.60860760" lon="19.14657020"><ele>157.56</ele><time>2025-10-20T13:28:31.393Z</time></trkpt><trkpt lat="47.60859960" lon="19.14657210"><ele>157.60</ele><time>2025-10-20T13:28:31.595Z</time></trkpt><trkpt lat="47.60859190" lon="19.14657430"><ele>157.63</ele><time>2025-10-20T13:28:31.795Z</time></trkpt><trkpt lat="47.60858380" lon="19.14657680"><ele>157.64</ele><time>2025-10-20T13:28:31.995Z</time></trkpt><trkpt lat="47.60857560" lon="19.14657980"><ele>157.66</ele><time>2025-10-20T13:28:32.201Z</time></trkpt><trkpt lat="47.60856740" lon="19.14658290"><ele>157.67</ele><time>2025-10-20T13:28:32.402Z</time></trkpt><trkpt lat="47.60856030" lon="19.14658590"><ele>157.67</ele><time>2025-10-20T13:28:32.583Z</time></trkpt><trkpt lat="47.60855190" lon="19.14658940"><ele>157.66</ele><time>2025-10-20T13:28:32.803Z</time></trkpt><trkpt lat="47.60854430" lon="19.14659290"><ele>157.64</ele><time>2025-10-20T13:28:33.003Z</time></trkpt><trkpt lat="47.60853690" lon="19.14659660"><ele>157.62</ele><time>2025-10-20T13:28:33.204Z</time></trkpt><trkpt lat="47.60853010" lon="19.14660030"><ele>157.59</ele><time>2025-10-20T13:28:33.387Z</time></trkpt><trkpt lat="47.60852260" lon="19.14660480"><ele>157.57</ele><time>2025-10-20T13:28:33.590Z</time></trkpt><trkpt lat="47.60851510" lon="19.14660980"><ele>157.56</ele><time>2025-10-20T13:28:33.794Z</time></trkpt><trkpt lat="47.60850800" lon="19.14661490"><ele>157.55</ele><time>2025-10-20T13:28:33.999Z</time></trkpt><trkpt lat="47.60850220" lon="19.14661930"><ele>157.53</ele><time>2025-10-20T13:28:34.161Z</time></trkpt><trkpt lat="47.60849400" lon="19.14662590"><ele>157.52</ele><time>2025-10-20T13:28:34.396Z</time></trkpt><trkpt lat="47.60848760" lon="19.14663150"><ele>157.52</ele><time>2025-10-20T13:28:34.578Z</time></trkpt><trkpt lat="47.60848010" lon="19.14663870"><ele>157.51</ele><time>2025-10-20T13:28:34.800Z</time></trkpt><trkpt lat="47.60847320" lon="19.14664580"><ele>157.51</ele><time>2025-10-20T13:28:35.004Z</time></trkpt><trkpt lat="47.60846700" lon="19.14665270"><ele>157.51</ele><time>2025-10-20T13:28:35.191Z</time></trkpt><trkpt lat="47.60846070" lon="19.14666010"><ele>157.51</ele><time>2025-10-20T13:28:35.394Z</time></trkpt><trkpt lat="47.60845430" lon="19.14666800"><ele>157.51</ele><time>2025-10-20T13:28:35.596Z</time></trkpt><trkpt lat="47.60844790" lon="19.14667640"><ele>157.51</ele><time>2025-10-20T13:28:35.798Z</time></trkpt><trkpt lat="47.60844230" lon="19.14668440"><ele>157.52</ele><time>2025-10-20T13:28:35.981Z</time></trkpt><trkpt lat="47.60843560" lon="19.14669450"><ele>157.52</ele><time>2025-10-20T13:28:36.206Z</time></trkpt><trkpt lat="47.60843000" lon="19.14670350"><ele>157.53</ele><time>2025-10-20T13:28:36.408Z</time></trkpt><trkpt lat="47.60842440" lon="19.14671320"><ele>157.54</ele><time>2025-10-20T13:28:36.611Z</time></trkpt><trkpt lat="47.60841910" lon="19.14672280"><ele>157.54</ele><time>2025-10-20T13:28:36.812Z</time></trkpt><trkpt lat="47.60841390" lon="19.14673290"><ele>157.54</ele><time>2025-10-20T13:28:37.015Z</time></trkpt><trkpt lat="47.60840910" lon="19.14674270"><ele>157.54</ele><time>2025-10-20T13:28:37.202Z</time></trkpt><trkpt lat="47.60840400" lon="19.14675340"><ele>157.53</ele><time>2025-10-20T13:28:37.404Z</time></trkpt><trkpt lat="47.60839920" lon="19.14676420"><ele>157.52</ele><time>2025-10-20T13:28:37.607Z</time></trkpt><trkpt lat="47.60839460" lon="19.14677520"><ele>157.52</ele><time>2025-10-20T13:28:37.808Z</time></trkpt><trkpt lat="47.60839080" lon="19.14678480"><ele>157.53</ele><time>2025-10-20T13:28:37.991Z</time></trkpt><trkpt lat="47.60838600" lon="19.14679750"><ele>157.54</ele><time>2025-10-20T13:28:38.213Z</time></trkpt><trkpt lat="47.60838190" lon="19.14680940"><ele>157.55</ele><time>2025-10-20T13:28:38.415Z</time></trkpt><trkpt lat="47.60837820" lon="19.14682140"><ele>157.55</ele><time>2025-10-20T13:28:38.616Z</time></trkpt><trkpt lat="47.60837490" lon="19.14683350"><ele>157.54</ele><time>2025-10-20T13:28:38.817Z</time></trkpt><trkpt lat="47.60837230" lon="19.14684440"><ele>157.54</ele><time>2025-10-20T13:28:38.998Z</time></trkpt><trkpt lat="47.60837030" lon="19.14685350"><ele>157.54</ele><time>2025-10-20T13:28:39.150Z</time></trkpt><trkpt lat="47.60836740" lon="19.14686890"><ele>157.53</ele><time>2025-10-20T13:28:39.412Z</time></trkpt><trkpt lat="47.60836550" lon="19.14688090"><ele>157.53</ele><time>2025-10-20T13:28:39.613Z</time></trkpt><trkpt lat="47.60836380" lon="19.14689310"><ele>157.52</ele><time>2025-10-20T13:28:39.814Z</time></trkpt><trkpt lat="47.60836250" lon="19.14690410"><ele>157.51</ele><time>2025-10-20T13:28:39.994Z</time></trkpt><trkpt lat="47.60836120" lon="19.14691740"><ele>157.50</ele><time>2025-10-20T13:28:40.219Z</time></trkpt><trkpt lat="47.60836030" lon="19.14692940"><ele>157.50</ele><time>2025-10-20T13:28:40.420Z</time></trkpt><trkpt lat="47.60835960" lon="19.14694140"><ele>157.49</ele><time>2025-10-20T13:28:40.622Z</time></trkpt><trkpt lat="47.60835910" lon="19.14695360"><ele>157.48</ele><time>2025-10-20T13:28:40.823Z</time></trkpt><trkpt lat="47.60835880" lon="19.14696570"><ele>157.48</ele><time>2025-10-20T13:28:41.025Z</time></trkpt><trkpt lat="47.60835870" lon="19.14697710"><ele>157.47</ele><time>2025-10-20T13:28:41.215Z</time></trkpt><trkpt lat="47.60835900" lon="19.14698910"><ele>157.46</ele><time>2025-10-20T13:28:41.416Z</time></trkpt><trkpt lat="47.60835930" lon="19.14699810"><ele>157.46</ele><time>2025-10-20T13:28:41.578Z</time></trkpt><trkpt lat="47.60836010" lon="19.14701220"><ele>157.47</ele><time>2025-10-20T13:28:41.821Z</time></trkpt><trkpt lat="47.60836090" lon="19.14702200"><ele>157.46</ele><time>2025-10-20T13:28:41.983Z</time></trkpt><trkpt lat="47.60836250" lon="19.14703670"><ele>157.45</ele><time>2025-10-20T13:28:42.227Z</time></trkpt><trkpt lat="47.60836390" lon="19.14704890"><ele>157.44</ele><time>2025-10-20T13:28:42.428Z</time></trkpt><trkpt lat="47.60836570" lon="19.14706110"><ele>157.43</ele><time>2025-10-20T13:28:42.629Z</time></trkpt><trkpt lat="47.60836760" lon="19.14707320"><ele>157.42</ele><time>2025-10-20T13:28:42.829Z</time></trkpt><trkpt lat="47.60836930" lon="19.14708250"><ele>157.42</ele><time>2025-10-20T13:28:42.990Z</time></trkpt><trkpt lat="47.60837210" lon="19.14709640"><ele>157.42</ele><time>2025-10-20T13:28:43.222Z</time></trkpt><trkpt lat="47.60837490" lon="19.14710850"><ele>157.44</ele><time>2025-10-20T13:28:43.431Z</time></trkpt><trkpt lat="47.60837790" lon="19.14711990"><ele>157.44</ele><time>2025-10-20T13:28:43.632Z</time></trkpt><trkpt lat="47.60838110" lon="19.14713140"><ele>157.44</ele><time>2025-10-20T13:28:43.833Z</time></trkpt><trkpt lat="47.60838410" lon="19.14714150"><ele>157.44</ele><time>2025-10-20T13:28:44.025Z</time></trkpt><trkpt lat="47.60838780" lon="19.14715320"><ele>157.45</ele><time>2025-10-20T13:28:44.235Z</time></trkpt><trkpt lat="47.60839160" lon="19.14716440"><ele>157.45</ele><time>2025-10-20T13:28:44.436Z</time></trkpt><trkpt lat="47.60839510" lon="19.14717430"><ele>157.45</ele><time>2025-10-20T13:28:44.618Z</time></trkpt><trkpt lat="47.60839920" lon="19.14718520"><ele>157.45</ele><time>2025-10-20T13:28:44.818Z</time></trkpt><trkpt lat="47.60840290" lon="19.14719470"><ele>157.45</ele><time>2025-10-20T13:28:44.998Z</time></trkpt><trkpt lat="47.60840730" lon="19.14720540"><ele>157.45</ele><time>2025-10-20T13:28:45.210Z</time></trkpt><trkpt lat="47.60841170" lon="19.14721590"><ele>157.43</ele><time>2025-10-20T13:28:45.414Z</time></trkpt><trkpt lat="47.60841620" lon="19.14722610"><ele>157.43</ele><time>2025-10-20T13:28:45.616Z</time></trkpt><trkpt lat="47.60842080" lon="19.14723620"><ele>157.43</ele><time>2025-10-20T13:28:45.820Z</time></trkpt><trkpt lat="47.60842550" lon="19.14724580"><ele>157.43</ele><time>2025-10-20T13:28:46.021Z</time></trkpt><trkpt lat="47.60843050" lon="19.14725540"><ele>157.43</ele><time>2025-10-20T13:28:46.227Z</time></trkpt><trkpt lat="47.60843570" lon="19.14726430"><ele>157.43</ele><time>2025-10-20T13:28:46.432Z</time></trkpt><trkpt lat="47.60844070" lon="19.14727230"><ele>157.43</ele><time>2025-10-20T13:28:46.632Z</time></trkpt><trkpt lat="47.60844630" lon="19.14728000"><ele>157.43</ele><time>2025-10-20T13:28:46.836Z</time></trkpt><trkpt lat="47.60845210" lon="19.14728720"><ele>157.41</ele><time>2025-10-20T13:28:47.037Z</time></trkpt><trkpt lat="47.60845770" lon="19.14729360"><ele>157.40</ele><time>2025-10-20T13:28:47.223Z</time></trkpt><trkpt lat="47.60846440" lon="19.14730060"><ele>157.39</ele><time>2025-10-20T13:28:47.427Z</time></trkpt><trkpt lat="47.60847100" lon="19.14730710"><ele>157.40</ele><time>2025-10-20T13:28:47.623Z</time></trkpt><trkpt lat="47.60847740" lon="19.14731300"><ele>157.41</ele><time>2025-10-20T13:28:47.809Z</time></trkpt><trkpt lat="47.60848440" lon="19.14731910"><ele>157.42</ele><time>2025-10-20T13:28:48.011Z</time></trkpt><trkpt lat="47.60849230" lon="19.14732560"><ele>157.44</ele><time>2025-10-20T13:28:48.231Z</time></trkpt><trkpt lat="47.60849980" lon="19.14733140"><ele>157.46</ele><time>2025-10-20T13:28:48.432Z</time></trkpt><trkpt lat="47.60850740" lon="19.14733680"><ele>157.48</ele><time>2025-10-20T13:28:48.633Z</time></trkpt><trkpt lat="47.60851520" lon="19.14734190"><ele>157.49</ele><time>2025-10-20T13:28:48.834Z</time></trkpt><trkpt lat="47.60852270" lon="19.14734660"><ele>157.51</ele><time>2025-10-20T13:28:49.035Z</time></trkpt><trkpt lat="47.60852980" lon="19.14735080"><ele>157.52</ele><time>2025-10-20T13:28:49.222Z</time></trkpt><trkpt lat="47.60853760" lon="19.14735520"><ele>157.54</ele><time>2025-10-20T13:28:49.428Z</time></trkpt><trkpt lat="47.60854470" lon="19.14735880"><ele>157.55</ele><time>2025-10-20T13:28:49.610Z</time></trkpt><trkpt lat="47.60855370" lon="19.14736300"><ele>157.55</ele><time>2025-10-20T13:28:49.832Z</time></trkpt><trkpt lat="47.60856190" lon="19.14736640"><ele>157.54</ele><time>2025-10-20T13:28:50.034Z</time></trkpt><trkpt lat="47.60856950" lon="19.14736930"><ele>157.54</ele><time>2025-10-20T13:28:50.221Z</time></trkpt><trkpt lat="47.60857800" lon="19.14737200"><ele>157.53</ele><time>2025-10-20T13:28:50.422Z</time></trkpt><trkpt lat="47.60858590" lon="19.14737410"><ele>157.54</ele><time>2025-10-20T13:28:50.623Z</time></trkpt><trkpt lat="47.60859430" lon="19.14737600"><ele>157.54</ele><time>2025-10-20T13:28:50.825Z</time></trkpt><trkpt lat="47.60860120" lon="19.14737730"><ele>157.54</ele><time>2025-10-20T13:28:50.985Z</time></trkpt><trkpt lat="47.60861160" lon="19.14737880"><ele>157.55</ele><time>2025-10-20T13:28:51.227Z</time></trkpt><trkpt lat="47.60862030" lon="19.14737950"><ele>157.56</ele><time>2025-10-20T13:28:51.428Z</time></trkpt><trkpt lat="47.60862880" lon="19.14737970"><ele>157.56</ele><time>2025-10-20T13:28:51.629Z</time></trkpt><trkpt lat="47.60863720" lon="19.14737960"><ele>157.57</ele><time>2025-10-20T13:28:51.831Z</time></trkpt><trkpt lat="47.60864570" lon="19.14737910"><ele>157.58</ele><time>2025-10-20T13:28:52.033Z</time></trkpt><trkpt lat="47.60865280" lon="19.14737840"><ele>157.58</ele><time>2025-10-20T13:28:52.199Z</time></trkpt><trkpt lat="47.60866240" lon="19.14737700"><ele>157.59</ele><time>2025-10-20T13:28:52.423Z</time></trkpt><trkpt lat="47.60867110" lon="19.14737540"><ele>157.61</ele><time>2025-10-20T13:28:52.626Z</time></trkpt><trkpt lat="47.60867800" lon="19.14737380"><ele>157.62</ele><time>2025-10-20T13:28:52.788Z</time></trkpt><trkpt lat="47.60868720" lon="19.14737140"><ele>157.63</ele><time>2025-10-20T13:28:53.008Z</time></trkpt><trkpt lat="47.60869530" lon="19.14736890"><ele>157.63</ele><time>2025-10-20T13:28:53.211Z</time></trkpt><trkpt lat="47.60870320" lon="19.14736620"><ele>157.63</ele><time>2025-10-20T13:28:53.414Z</time></trkpt><trkpt lat="47.60871130" lon="19.14736300"><ele>157.64</ele><time>2025-10-20T13:28:53.614Z</time></trkpt><trkpt lat="47.60871950" lon="19.14735960"><ele>157.65</ele><time>2025-10-20T13:28:53.817Z</time></trkpt><trkpt lat="47.60872750" lon="19.14735590"><ele>157.67</ele><time>2025-10-20T13:28:54.021Z</time></trkpt><trkpt lat="47.60873570" lon="19.14735190"><ele>157.70</ele><time>2025-10-20T13:28:54.232Z</time></trkpt><trkpt lat="47.60874240" lon="19.14734810"><ele>157.73</ele><time>2025-10-20T13:28:54.412Z</time></trkpt><trkpt lat="47.60874910" lon="19.14734420"><ele>157.76</ele><time>2025-10-20T13:28:54.614Z</time></trkpt><trkpt lat="47.60875710" lon="19.14733900"><ele>157.76</ele><time>2025-10-20T13:28:54.835Z</time></trkpt><trkpt lat="47.60876470" lon="19.14733360"><ele>157.76</ele><time>2025-10-20T13:28:55.036Z</time></trkpt><trkpt lat="47.60877160" lon="19.14732820"><ele>157.76</ele><time>2025-10-20T13:28:55.222Z</time></trkpt><trkpt lat="47.60877940" lon="19.14732180"><ele>157.76</ele><time>2025-10-20T13:28:55.430Z</time></trkpt><trkpt lat="47.60878670" lon="19.14731520"><ele>157.76</ele><time>2025-10-20T13:28:55.634Z</time></trkpt><trkpt lat="47.60879370" lon="19.14730840"><ele>157.76</ele><time>2025-10-20T13:28:55.837Z</time></trkpt><trkpt lat="47.60880010" lon="19.14730150"><ele>157.75</ele><time>2025-10-20T13:28:56.019Z</time></trkpt><trkpt lat="47.60880760" lon="19.14729320"><ele>157.75</ele><time>2025-10-20T13:28:56.231Z</time></trkpt><trkpt lat="47.60881450" lon="19.14728490"><ele>157.75</ele><time>2025-10-20T13:28:56.432Z</time></trkpt><trkpt lat="47.60882130" lon="19.14727600"><ele>157.75</ele><time>2025-10-20T13:28:56.634Z</time></trkpt><trkpt lat="47.60882780" lon="19.14726660"><ele>157.75</ele><time>2025-10-20T13:28:56.836Z</time></trkpt><trkpt lat="47.60883350" lon="19.14725760"><ele>157.74</ele><time>2025-10-20T13:28:57.017Z</time></trkpt><trkpt lat="47.60883960" lon="19.14724730"><ele>157.73</ele><time>2025-10-20T13:28:57.220Z</time></trkpt><trkpt lat="47.60884550" lon="19.14723670"><ele>157.73</ele><time>2025-10-20T13:28:57.422Z</time></trkpt><trkpt lat="47.60885130" lon="19.14722550"><ele>157.73</ele><time>2025-10-20T13:28:57.627Z</time></trkpt><trkpt lat="47.60885680" lon="19.14721430"><ele>157.74</ele><time>2025-10-20T13:28:57.830Z</time></trkpt><trkpt lat="47.60886200" lon="19.14720310"><ele>157.75</ele><time>2025-10-20T13:28:58.033Z</time></trkpt><trkpt lat="47.60886600" lon="19.14719390"><ele>157.75</ele><time>2025-10-20T13:28:58.206Z</time></trkpt><trkpt lat="47.60887050" lon="19.14718290"><ele>157.76</ele><time>2025-10-20T13:28:58.410Z</time></trkpt><trkpt lat="47.60887510" lon="19.14717100"><ele>157.76</ele><time>2025-10-20T13:28:58.632Z</time></trkpt><trkpt lat="47.60887830" lon="19.14716220"><ele>157.77</ele><time>2025-10-20T13:28:58.794Z</time></trkpt><trkpt lat="47.60888240" lon="19.14715010"><ele>157.78</ele><time>2025-10-20T13:28:59.015Z</time></trkpt><trkpt lat="47.60888590" lon="19.14713910"><ele>157.79</ele><time>2025-10-20T13:28:59.216Z</time></trkpt><trkpt lat="47.60888940" lon="19.14712700"><ele>157.80</ele><time>2025-10-20T13:28:59.439Z</time></trkpt><trkpt lat="47.60889230" lon="19.14711630"><ele>157.81</ele><time>2025-10-20T13:28:59.640Z</time></trkpt><trkpt lat="47.60889500" lon="19.14710560"><ele>157.82</ele><time>2025-10-20T13:28:59.841Z</time></trkpt><trkpt lat="47.60889730" lon="19.14709600"><ele>157.82</ele><time>2025-10-20T13:29:00.024Z</time></trkpt><trkpt lat="47.60889970" lon="19.14708490"><ele>157.82</ele><time>2025-10-20T13:29:00.229Z</time></trkpt><trkpt lat="47.60890190" lon="19.14707410"><ele>157.82</ele><time>2025-10-20T13:29:00.431Z</time></trkpt><trkpt lat="47.60890360" lon="19.14706430"><ele>157.83</ele><time>2025-10-20T13:29:00.612Z</time></trkpt><trkpt lat="47.60890540" lon="19.14705280"><ele>157.83</ele><time>2025-10-20T13:29:00.833Z</time></trkpt><trkpt lat="47.60890680" lon="19.14704210"><ele>157.84</ele><time>2025-10-20T13:29:01.035Z</time></trkpt><trkpt lat="47.60890790" lon="19.14703100"><ele>157.86</ele><time>2025-10-20T13:29:01.247Z</time></trkpt><trkpt lat="47.60890880" lon="19.14702000"><ele>157.86</ele><time>2025-10-20T13:29:01.449Z</time></trkpt><trkpt lat="47.60890950" lon="19.14700890"><ele>157.86</ele><time>2025-10-20T13:29:01.652Z</time></trkpt><trkpt lat="47.60891000" lon="19.14699860"><ele>157.86</ele><time>2025-10-20T13:29:01.836Z</time></trkpt><trkpt lat="47.60891030" lon="19.14698740"><ele>157.85</ele><time>2025-10-20T13:29:02.039Z</time></trkpt><trkpt lat="47.60891040" lon="19.14697600"><ele>157.86</ele><time>2025-10-20T13:29:02.245Z</time></trkpt><trkpt lat="47.60891030" lon="19.14696500"><ele>157.84</ele><time>2025-10-20T13:29:02.446Z</time></trkpt><trkpt lat="47.60891000" lon="19.14695370"><ele>157.84</ele><time>2025-10-20T13:29:02.647Z</time></trkpt><trkpt lat="47.60890960" lon="19.14694210"><ele>157.84</ele><time>2025-10-20T13:29:02.849Z</time></trkpt><trkpt lat="47.60890890" lon="19.14693160"><ele>157.84</ele><time>2025-10-20T13:29:03.031Z</time></trkpt><trkpt lat="47.60890780" lon="19.14691880"><ele>157.83</ele><time>2025-10-20T13:29:03.249Z</time></trkpt><trkpt lat="47.60890630" lon="19.14690680"><ele>157.84</ele><time>2025-10-20T13:29:03.453Z</time></trkpt><trkpt lat="47.60890470" lon="19.14689490"><ele>157.84</ele><time>2025-10-20T13:29:03.655Z</time></trkpt><trkpt lat="47.60890280" lon="19.14688290"><ele>157.83</ele><time>2025-10-20T13:29:03.857Z</time></trkpt><trkpt lat="47.60890080" lon="19.14687100"><ele>157.83</ele><time>2025-10-20T13:29:04.059Z</time></trkpt><trkpt lat="47.60889850" lon="19.14685870"><ele>157.82</ele><time>2025-10-20T13:29:04.267Z</time></trkpt><trkpt lat="47.60889600" lon="19.14684690"><ele>157.82</ele><time>2025-10-20T13:29:04.468Z</time></trkpt><trkpt lat="47.60889340" lon="19.14683490"><ele>157.82</ele><time>2025-10-20T13:29:04.672Z</time></trkpt><trkpt lat="47.60889070" lon="19.14682390"><ele>157.83</ele><time>2025-10-20T13:29:04.874Z</time></trkpt><trkpt lat="47.60888760" lon="19.14681240"><ele>157.83</ele><time>2025-10-20T13:29:05.076Z</time></trkpt><trkpt lat="47.60888450" lon="19.14680180"><ele>157.83</ele><time>2025-10-20T13:29:05.266Z</time></trkpt><trkpt lat="47.60888110" lon="19.14679060"><ele>157.83</ele><time>2025-10-20T13:29:05.469Z</time></trkpt><trkpt lat="47.60887740" lon="19.14677960"><ele>157.82</ele><time>2025-10-20T13:29:05.670Z</time></trkpt><trkpt lat="47.60887350" lon="19.14676890"><ele>157.81</ele><time>2025-10-20T13:29:05.871Z</time></trkpt><trkpt lat="47.60886960" lon="19.14675900"><ele>157.81</ele><time>2025-10-20T13:29:06.072Z</time></trkpt><trkpt lat="47.60886560" lon="19.14674950"><ele>157.82</ele><time>2025-10-20T13:29:06.263Z</time></trkpt><trkpt lat="47.60886200" lon="19.14674140"><ele>157.82</ele><time>2025-10-20T13:29:06.428Z</time></trkpt><trkpt lat="47.60885680" lon="19.14673060"><ele>157.83</ele><time>2025-10-20T13:29:06.651Z</time></trkpt><trkpt lat="47.60885120" lon="19.14671980"><ele>157.83</ele><time>2025-10-20T13:29:06.873Z</time></trkpt><trkpt lat="47.60884640" lon="19.14671120"><ele>157.82</ele><time>2025-10-20T13:29:07.056Z</time></trkpt><trkpt lat="47.60884040" lon="19.14670090"><ele>157.82</ele><time>2025-10-20T13:29:07.277Z</time></trkpt><trkpt lat="47.60883500" lon="19.14669240"><ele>157.81</ele><time>2025-10-20T13:29:07.481Z</time></trkpt><trkpt lat="47.60882960" lon="19.14668430"><ele>157.81</ele><time>2025-10-20T13:29:07.683Z</time></trkpt><trkpt lat="47.60882420" lon="19.14667660"><ele>157.81</ele><time>2025-10-20T13:29:07.866Z</time></trkpt><trkpt lat="47.60881800" lon="19.14666830"><ele>157.81</ele><time>2025-10-20T13:29:08.069Z</time></trkpt><trkpt lat="47.60881090" lon="19.14665920"><ele>157.80</ele><time>2025-10-20T13:29:08.291Z</time></trkpt><trkpt lat="47.60880510" lon="19.14665200"><ele>157.79</ele><time>2025-10-20T13:29:08.472Z</time></trkpt><trkpt lat="47.60879900" lon="19.14664500"><ele>157.78</ele><time>2025-10-20T13:29:08.657Z</time></trkpt><trkpt lat="47.60879220" lon="19.14663760"><ele>157.78</ele><time>2025-10-20T13:29:08.860Z</time></trkpt><trkpt lat="47.60878460" lon="19.14662990"><ele>157.77</ele><time>2025-10-20T13:29:09.085Z</time></trkpt><trkpt lat="47.60877710" lon="19.14662280"><ele>157.76</ele><time>2025-10-20T13:29:09.295Z</time></trkpt><trkpt lat="47.60876980" lon="19.14661640"><ele>157.76</ele><time>2025-10-20T13:29:09.497Z</time></trkpt><trkpt lat="47.60876250" lon="19.14661040"><ele>157.75</ele><time>2025-10-20T13:29:09.698Z</time></trkpt><trkpt lat="47.60875510" lon="19.14660480"><ele>157.73</ele><time>2025-10-20T13:29:09.899Z</time></trkpt><trkpt lat="47.60874750" lon="19.14659960"><ele>157.72</ele><time>2025-10-20T13:29:10.099Z</time></trkpt><trkpt lat="47.60874060" lon="19.14659520"><ele>157.71</ele><time>2025-10-20T13:29:10.281Z</time></trkpt><trkpt lat="47.60873220" lon="19.14659020"><ele>157.69</ele><time>2025-10-20T13:29:10.504Z</time></trkpt><trkpt lat="47.60872440" lon="19.14658600"><ele>157.69</ele><time>2025-10-20T13:29:10.704Z</time></trkpt><trkpt lat="47.60871640" lon="19.14658220"><ele>157.68</ele><time>2025-10-20T13:29:10.905Z</time></trkpt><trkpt lat="47.60870820" lon="19.14657880"><ele>157.67</ele><time>2025-10-20T13:29:11.111Z</time></trkpt><trkpt lat="47.60870010" lon="19.14657600"><ele>157.66</ele><time>2025-10-20T13:29:11.314Z</time></trkpt><trkpt lat="47.60869210" lon="19.14657360"><ele>157.67</ele><time>2025-10-20T13:29:11.515Z</time></trkpt><trkpt lat="47.60868380" lon="19.14657160"><ele>157.67</ele><time>2025-10-20T13:29:11.718Z</time></trkpt><trkpt lat="47.60867550" lon="19.14656990"><ele>157.67</ele><time>2025-10-20T13:29:11.921Z</time></trkpt><trkpt lat="47.60866780" lon="19.14656860"><ele>157.67</ele><time>2025-10-20T13:29:12.112Z</time></trkpt><trkpt lat="47.60865980" lon="19.14656760"><ele>157.67</ele><time>2025-10-20T13:29:12.312Z</time></trkpt><trkpt lat="47.60865190" lon="19.14656680"><ele>157.67</ele><time>2025-10-20T13:29:12.513Z</time></trkpt><trkpt lat="47.60864420" lon="19.14656640"><ele>157.66</ele><time>2025-10-20T13:29:12.714Z</time></trkpt><trkpt lat="47.60863630" lon="19.14656630"><ele>157.64</ele><time>2025-10-20T13:29:12.914Z</time></trkpt><trkpt lat="47.60862790" lon="19.14656670"><ele>157.63</ele><time>2025-10-20T13:29:13.127Z</time></trkpt><trkpt lat="47.60862040" lon="19.14656740"><ele>157.63</ele><time>2025-10-20T13:29:13.318Z</time></trkpt><trkpt lat="47.60861240" lon="19.14656850"><ele>157.63</ele><time>2025-10-20T13:29:13.520Z</time></trkpt><trkpt lat="47.60860440" lon="19.14657000"><ele>157.64</ele><time>2025-10-20T13:29:13.720Z</time></trkpt><trkpt lat="47.60859650" lon="19.14657190"><ele>157.64</ele><time>2025-10-20T13:29:13.921Z</time></trkpt><trkpt lat="47.60858950" lon="19.14657390"><ele>157.65</ele><time>2025-10-20T13:29:14.102Z</time></trkpt><trkpt lat="47.60858090" lon="19.14657680"><ele>157.65</ele><time>2025-10-20T13:29:14.324Z</time></trkpt><trkpt lat="47.60857310" lon="19.14657980"><ele>157.65</ele><time>2025-10-20T13:29:14.525Z</time></trkpt><trkpt lat="47.60856540" lon="19.14658320"><ele>157.64</ele><time>2025-10-20T13:29:14.726Z</time></trkpt><trkpt lat="47.60855780" lon="19.14658680"><ele>157.63</ele><time>2025-10-20T13:29:14.927Z</time></trkpt><trkpt lat="47.60855120" lon="19.14659030"><ele>157.63</ele><time>2025-10-20T13:29:15.107Z</time></trkpt><trkpt lat="47.60854320" lon="19.14659480"><ele>157.63</ele><time>2025-10-20T13:29:15.329Z</time></trkpt><trkpt lat="47.60853590" lon="19.14659920"><ele>157.63</ele><time>2025-10-20T13:29:15.530Z</time></trkpt><trkpt lat="47.60852850" lon="19.14660390"><ele>157.61</ele><time>2025-10-20T13:29:15.731Z</time></trkpt><trkpt lat="47.60852110" lon="19.14660880"><ele>157.60</ele><time>2025-10-20T13:29:15.934Z</time></trkpt><trkpt lat="47.60851380" lon="19.14661400"><ele>157.60</ele><time>2025-10-20T13:29:16.136Z</time></trkpt><trkpt lat="47.60850650" lon="19.14661960"><ele>157.59</ele><time>2025-10-20T13:29:16.338Z</time></trkpt><trkpt lat="47.60850030" lon="19.14662440"><ele>157.59</ele><time>2025-10-20T13:29:16.519Z</time></trkpt><trkpt lat="47.60849330" lon="19.14663030"><ele>157.59</ele><time>2025-10-20T13:29:16.720Z</time></trkpt><trkpt lat="47.60848560" lon="19.14663730"><ele>157.57</ele><time>2025-10-20T13:29:16.943Z</time></trkpt><trkpt lat="47.60847870" lon="19.14664390"><ele>157.56</ele><time>2025-10-20T13:29:17.145Z</time></trkpt><trkpt lat="47.60847220" lon="19.14665050"><ele>157.56</ele><time>2025-10-20T13:29:17.336Z</time></trkpt><trkpt lat="47.60846540" lon="19.14665780"><ele>157.54</ele><time>2025-10-20T13:29:17.539Z</time></trkpt><trkpt lat="47.60845890" lon="19.14666550"><ele>157.54</ele><time>2025-10-20T13:29:17.741Z</time></trkpt><trkpt lat="47.60845260" lon="19.14667370"><ele>157.55</ele><time>2025-10-20T13:29:17.942Z</time></trkpt><trkpt lat="47.60844650" lon="19.14668210"><ele>157.55</ele><time>2025-10-20T13:29:18.145Z</time></trkpt><trkpt lat="47.60844080" lon="19.14669010"><ele>157.56</ele><time>2025-10-20T13:29:18.334Z</time></trkpt><trkpt lat="47.60843600" lon="19.14669730"><ele>157.57</ele><time>2025-10-20T13:29:18.495Z</time></trkpt><trkpt lat="47.60842900" lon="19.14670830"><ele>157.59</ele><time>2025-10-20T13:29:18.736Z</time></trkpt><trkpt lat="47.60842350" lon="19.14671770"><ele>157.60</ele><time>2025-10-20T13:29:18.936Z</time></trkpt><trkpt lat="47.60841810" lon="19.14672710"><ele>157.61</ele><time>2025-10-20T13:29:19.136Z</time></trkpt><trkpt lat="47.60841300" lon="19.14673660"><ele>157.61</ele><time>2025-10-20T13:29:19.337Z</time></trkpt><trkpt lat="47.60840810" lon="19.14674620"><ele>157.61</ele><time>2025-10-20T13:29:19.539Z</time></trkpt><trkpt lat="47.60840350" lon="19.14675590"><ele>157.62</ele><time>2025-10-20T13:29:19.739Z</time></trkpt><trkpt lat="47.60839890" lon="19.14676580"><ele>157.62</ele><time>2025-10-20T13:29:19.943Z</time></trkpt><trkpt lat="47.60839460" lon="19.14677590"><ele>157.62</ele><time>2025-10-20T13:29:20.147Z</time></trkpt><trkpt lat="47.60839060" lon="19.14678590"><ele>157.62</ele><time>2025-10-20T13:29:20.353Z</time></trkpt><trkpt lat="47.60838790" lon="19.14679310"><ele>157.63</ele><time>2025-10-20T13:29:20.496Z</time></trkpt><trkpt lat="47.60838370" lon="19.14680510"><ele>157.62</ele><time>2025-10-20T13:29:20.740Z</time></trkpt><trkpt lat="47.60838040" lon="19.14681550"><ele>157.62</ele><time>2025-10-20T13:29:20.941Z</time></trkpt><trkpt lat="47.60837760" lon="19.14682490"><ele>157.62</ele><time>2025-10-20T13:29:21.123Z</time></trkpt><trkpt lat="47.60837470" lon="19.14683550"><ele>157.62</ele><time>2025-10-20T13:29:21.328Z</time></trkpt><trkpt lat="47.60837190" lon="19.14684710"><ele>157.62</ele><time>2025-10-20T13:29:21.550Z</time></trkpt><trkpt lat="47.60836960" lon="19.14685760"><ele>157.62</ele><time>2025-10-20T13:29:21.751Z</time></trkpt><trkpt lat="47.60836770" lon="19.14686720"><ele>157.61</ele><time>2025-10-20T13:29:21.932Z</time></trkpt><trkpt lat="47.60836560" lon="19.14687900"><ele>157.60</ele><time>2025-10-20T13:29:22.153Z</time></trkpt><trkpt lat="47.60836410" lon="19.14688880"><ele>157.60</ele><time>2025-10-20T13:29:22.333Z</time></trkpt><trkpt lat="47.60836270" lon="19.14690010"><ele>157.59</ele><time>2025-10-20T13:29:22.536Z</time></trkpt><trkpt lat="47.60836160" lon="19.14691170"><ele>157.59</ele><time>2025-10-20T13:29:22.737Z</time></trkpt><trkpt lat="47.60836070" lon="19.14692370"><ele>157.60</ele><time>2025-10-20T13:29:22.938Z</time></trkpt><trkpt lat="47.60836010" lon="19.14693590"><ele>157.61</ele><time>2025-10-20T13:29:23.140Z</time></trkpt><trkpt lat="47.60835970" lon="19.14694740"><ele>157.63</ele><time>2025-10-20T13:29:23.348Z</time></trkpt><trkpt lat="47.60835950" lon="19.14695950"><ele>157.62</ele><time>2025-10-20T13:29:23.551Z</time></trkpt><trkpt lat="47.60835960" lon="19.14697070"><ele>157.62</ele><time>2025-10-20T13:29:23.732Z</time></trkpt><trkpt lat="47.60836010" lon="19.14698450"><ele>157.64</ele><time>2025-10-20T13:29:23.953Z</time></trkpt><trkpt lat="47.60836070" lon="19.14699690"><ele>157.66</ele><time>2025-10-20T13:29:24.154Z</time></trkpt><trkpt lat="47.60836150" lon="19.14700940"><ele>157.67</ele><time>2025-10-20T13:29:24.356Z</time></trkpt><trkpt lat="47.60836240" lon="19.14702060"><ele>157.69</ele><time>2025-10-20T13:29:24.556Z</time></trkpt><trkpt lat="47.60836350" lon="19.14703050"><ele>157.71</ele><time>2025-10-20T13:29:24.757Z</time></trkpt><trkpt lat="47.60836460" lon="19.14703820"><ele>157.72</ele><time>2025-10-20T13:29:24.957Z</time></trkpt><trkpt lat="47.60836580" lon="19.14704370"><ele>157.71</ele><time>2025-10-20T13:29:25.162Z</time></trkpt><trkpt lat="47.60836700" lon="19.14704720"><ele>157.70</ele><time>2025-10-20T13:29:25.365Z</time></trkpt><trkpt lat="47.60836810" lon="19.14704900"><ele>157.69</ele><time>2025-10-20T13:29:25.567Z</time></trkpt><trkpt lat="47.60836910" lon="19.14704940"><ele>157.67</ele><time>2025-10-20T13:29:25.769Z</time></trkpt><trkpt lat="47.60837000" lon="19.14704890"><ele>157.67</ele><time>2025-10-20T13:29:25.971Z</time></trkpt><trkpt lat="47.60837080" lon="19.14704770"><ele>157.66</ele><time>2025-10-20T13:29:26.174Z</time></trkpt><trkpt lat="47.60837130" lon="19.14704590"><ele>157.67</ele><time>2025-10-20T13:29:26.376Z</time></trkpt><trkpt lat="47.60837130" lon="19.14704350"><ele>157.68</ele><time>2025-10-20T13:29:26.577Z</time></trkpt><trkpt lat="47.60837050" lon="19.14704110"><ele>157.68</ele><time>2025-10-20T13:29:26.757Z</time></trkpt><trkpt lat="47.60836830" lon="19.14703800"><ele>157.69</ele><time>2025-10-20T13:29:26.978Z</time></trkpt><trkpt lat="47.60836500" lon="19.14703530"><ele>157.70</ele><time>2025-10-20T13:29:27.180Z</time></trkpt><trkpt lat="47.60836020" lon="19.14703250"><ele>157.71</ele><time>2025-10-20T13:29:27.381Z</time></trkpt><trkpt lat="47.60835420" lon="19.14702980"><ele>157.72</ele><time>2025-10-20T13:29:27.585Z</time></trkpt><trkpt lat="47.60834680" lon="19.14702730"><ele>157.74</ele><time>2025-10-20T13:29:27.785Z</time></trkpt><trkpt lat="47.60833840" lon="19.14702500"><ele>157.75</ele><time>2025-10-20T13:29:27.988Z</time></trkpt><trkpt lat="47.60833010" lon="19.14702300"><ele>157.76</ele><time>2025-10-20T13:29:28.177Z</time></trkpt><trkpt lat="47.60832020" lon="19.14702110"><ele>157.79</ele><time>2025-10-20T13:29:28.403Z</time></trkpt><trkpt lat="47.60831130" lon="19.14701980"><ele>157.82</ele><time>2025-10-20T13:29:28.605Z</time></trkpt><trkpt lat="47.60830120" lon="19.14701870"><ele>157.83</ele><time>2025-10-20T13:29:28.806Z</time></trkpt><trkpt lat="47.60829070" lon="19.14701780"><ele>157.83</ele><time>2025-10-20T13:29:29.009Z</time></trkpt><trkpt lat="47.60828020" lon="19.14701740"><ele>157.83</ele><time>2025-10-20T13:29:29.209Z</time></trkpt><trkpt lat="47.60826960" lon="19.14701750"><ele>157.82</ele><time>2025-10-20T13:29:29.412Z</time></trkpt><trkpt lat="47.60825950" lon="19.14701800"><ele>157.82</ele><time>2025-10-20T13:29:29.614Z</time></trkpt><trkpt lat="47.60824930" lon="19.14701880"><ele>157.82</ele><time>2025-10-20T13:29:29.815Z</time></trkpt><trkpt lat="47.60823910" lon="19.14702010"><ele>157.81</ele><time>2025-10-20T13:29:30.018Z</time></trkpt><trkpt lat="47.60823010" lon="19.14702160"><ele>157.80</ele><time>2025-10-20T13:29:30.200Z</time></trkpt><trkpt lat="47.60821950" lon="19.14702370"><ele>157.77</ele><time>2025-10-20T13:29:30.421Z</time></trkpt><trkpt lat="47.60821000" lon="19.14702580"><ele>157.74</ele><time>2025-10-20T13:29:30.622Z</time></trkpt><trkpt lat="47.60820100" lon="19.14702800"><ele>157.72</ele><time>2025-10-20T13:29:30.825Z</time></trkpt><trkpt lat="47.60819240" lon="19.14703010"><ele>157.72</ele><time>2025-10-20T13:29:31.026Z</time></trkpt><trkpt lat="47.60818480" lon="19.14703220"><ele>157.73</ele><time>2025-10-20T13:29:31.211Z</time></trkpt><trkpt lat="47.60817560" lon="19.14703450"><ele>157.70</ele><time>2025-10-20T13:29:31.420Z</time></trkpt><trkpt lat="47.60816690" lon="19.14703680"><ele>157.68</ele><time>2025-10-20T13:29:31.621Z</time></trkpt><trkpt lat="47.60815830" lon="19.14703890"><ele>157.65</ele><time>2025-10-20T13:29:31.825Z</time></trkpt><trkpt lat="47.60814970" lon="19.14704100"><ele>157.63</ele><time>2025-10-20T13:29:32.028Z</time></trkpt><trkpt lat="47.60814170" lon="19.14704290"><ele>157.62</ele><time>2025-10-20T13:29:32.228Z</time></trkpt><trkpt lat="47.60813480" lon="19.14704460"><ele>157.62</ele><time>2025-10-20T13:29:32.411Z</time></trkpt><trkpt lat="47.60812710" lon="19.14704640"><ele>157.63</ele><time>2025-10-20T13:29:32.611Z</time></trkpt><trkpt lat="47.60812030" lon="19.14704780"><ele>157.62</ele><time>2025-10-20T13:29:32.793Z</time></trkpt><trkpt lat="47.60811170" lon="19.14704960"><ele>157.61</ele><time>2025-10-20T13:29:33.013Z</time></trkpt><trkpt lat="47.60810420" lon="19.14705120"><ele>157.61</ele><time>2025-10-20T13:29:33.215Z</time></trkpt><trkpt lat="47.60809730" lon="19.14705270"><ele>157.61</ele><time>2025-10-20T13:29:33.416Z</time></trkpt><trkpt lat="47.60809120" lon="19.14705400"><ele>157.60</ele><time>2025-10-20T13:29:33.617Z</time></trkpt><trkpt lat="47.60808650" lon="19.14705510"><ele>157.58</ele><time>2025-10-20T13:29:33.820Z</time></trkpt><trkpt lat="47.60808310" lon="19.14705620"><ele>157.58</ele><time>2025-10-20T13:29:34.022Z</time></trkpt><trkpt lat="47.60808080" lon="19.14705720"><ele>157.57</ele><time>2025-10-20T13:29:34.222Z</time></trkpt><trkpt lat="47.60807970" lon="19.14705820"><ele>157.56</ele><time>2025-10-20T13:29:34.429Z</time></trkpt><trkpt lat="47.60807950" lon="19.14705920"><ele>157.56</ele><time>2025-10-20T13:29:34.633Z</time></trkpt><trkpt lat="47.60808010" lon="19.14706020"><ele>157.56</ele><time>2025-10-20T13:29:34.834Z</time></trkpt><trkpt lat="47.60808100" lon="19.14706110"><ele>157.56</ele><time>2025-10-20T13:29:35.035Z</time></trkpt><trkpt lat="47.60808220" lon="19.14706180"><ele>157.55</ele><time>2025-10-20T13:29:35.220Z</time></trkpt><trkpt lat="47.60808370" lon="19.14706240"><ele>157.56</ele><time>2025-10-20T13:29:35.422Z</time></trkpt><trkpt lat="47.60808530" lon="19.14706280"><ele>157.57</ele><time>2025-10-20T13:29:35.624Z</time></trkpt><trkpt lat="47.60808690" lon="19.14706340"><ele>157.58</ele><time>2025-10-20T13:29:35.826Z</time></trkpt><trkpt lat="47.60808860" lon="19.14706510"><ele>157.58</ele><time>2025-10-20T13:29:36.028Z</time></trkpt><trkpt lat="47.60809040" lon="19.14706860"><ele>157.57</ele><time>2025-10-20T13:29:36.233Z</time></trkpt><trkpt lat="47.60809220" lon="19.14707370"><ele>157.57</ele><time>2025-10-20T13:29:36.414Z</time></trkpt><trkpt lat="47.60809450" lon="19.14708260"><ele>157.56</ele><time>2025-10-20T13:29:36.637Z</time></trkpt><trkpt lat="47.60809680" lon="19.14709330"><ele>157.57</ele><time>2025-10-20T13:29:36.839Z</time></trkpt><trkpt lat="47.60809910" lon="19.14710580"><ele>157.59</ele><time>2025-10-20T13:29:37.042Z</time></trkpt><trkpt lat="47.60810130" lon="19.14711850"><ele>157.62</ele><time>2025-10-20T13:29:37.231Z</time></trkpt><trkpt lat="47.60810350" lon="19.14713130"><ele>157.64</ele><time>2025-10-20T13:29:37.414Z</time></trkpt><trkpt lat="47.60810590" lon="19.14714590"><ele>157.67</ele><time>2025-10-20T13:29:37.617Z</time></trkpt><trkpt lat="47.60810850" lon="19.14716100"><ele>157.69</ele><time>2025-10-20T13:29:37.818Z</time></trkpt><trkpt lat="47.60811160" lon="19.14717820"><ele>157.71</ele><time>2025-10-20T13:29:38.041Z</time></trkpt><trkpt lat="47.60811450" lon="19.14719380"><ele>157.74</ele><time>2025-10-20T13:29:38.244Z</time></trkpt><trkpt lat="47.60811730" lon="19.14720750"><ele>157.76</ele><time>2025-10-20T13:29:38.425Z</time></trkpt><trkpt lat="47.60812040" lon="19.14722280"><ele>157.79</ele><time>2025-10-20T13:29:38.627Z</time></trkpt><trkpt lat="47.60812390" lon="19.14723890"><ele>157.81</ele><time>2025-10-20T13:29:38.849Z</time></trkpt><trkpt lat="47.60812690" lon="19.14725190"><ele>157.82</ele><time>2025-10-20T13:29:39.030Z</time></trkpt><trkpt lat="47.60813020" lon="19.14726610"><ele>157.82</ele><time>2025-10-20T13:29:39.235Z</time></trkpt><trkpt lat="47.60813390" lon="19.14728080"><ele>157.82</ele><time>2025-10-20T13:29:39.443Z</time></trkpt><trkpt lat="47.60813770" lon="19.14729510"><ele>157.81</ele><time>2025-10-20T13:29:39.648Z</time></trkpt><trkpt lat="47.60814130" lon="19.14730760"><ele>157.81</ele><time>2025-10-20T13:29:39.831Z</time></trkpt><trkpt lat="47.60814580" lon="19.14732220"><ele>157.81</ele><time>2025-10-20T13:29:40.053Z</time></trkpt><trkpt lat="47.60814960" lon="19.14733420"><ele>157.81</ele><time>2025-10-20T13:29:40.248Z</time></trkpt><trkpt lat="47.60815390" lon="19.14734680"><ele>157.79</ele><time>2025-10-20T13:29:40.453Z</time></trkpt><trkpt lat="47.60815840" lon="19.14735940"><ele>157.79</ele><time>2025-10-20T13:29:40.659Z</time></trkpt><trkpt lat="47.60816280" lon="19.14737160"><ele>157.80</ele><time>2025-10-20T13:29:40.861Z</time></trkpt><trkpt lat="47.60816700" lon="19.14738240"><ele>157.81</ele><time>2025-10-20T13:29:41.043Z</time></trkpt><trkpt lat="47.60817230" lon="19.14739560"><ele>157.83</ele><time>2025-10-20T13:29:41.269Z</time></trkpt><trkpt lat="47.60817640" lon="19.14740540"><ele>157.83</ele><time>2025-10-20T13:29:41.450Z</time></trkpt><trkpt lat="47.60818100" lon="19.14741600"><ele>157.86</ele><time>2025-10-20T13:29:41.650Z</time></trkpt><trkpt lat="47.60818610" lon="19.14742730"><ele>157.86</ele><time>2025-10-20T13:29:41.860Z</time></trkpt><trkpt lat="47.60819040" lon="19.14743640"><ele>157.86</ele><time>2025-10-20T13:29:42.031Z</time></trkpt><trkpt lat="47.60819590" lon="19.14744790"><ele>157.85</ele><time>2025-10-20T13:29:42.251Z</time></trkpt><trkpt lat="47.60820080" lon="19.14745800"><ele>157.85</ele><time>2025-10-20T13:29:42.452Z</time></trkpt><trkpt lat="47.60820580" lon="19.14746780"><ele>157.85</ele><time>2025-10-20T13:29:42.652Z</time></trkpt><trkpt lat="47.60821080" lon="19.14747750"><ele>157.84</ele><time>2025-10-20T13:29:42.851Z</time></trkpt><trkpt lat="47.60821590" lon="19.14748680"><ele>157.84</ele><time>2025-10-20T13:29:43.053Z</time></trkpt><trkpt lat="47.60822130" lon="19.14749610"><ele>157.84</ele><time>2025-10-20T13:29:43.261Z</time></trkpt><trkpt lat="47.60822670" lon="19.14750500"><ele>157.84</ele><time>2025-10-20T13:29:43.464Z</time></trkpt><trkpt lat="47.60823200" lon="19.14751370"><ele>157.83</ele><time>2025-10-20T13:29:43.664Z</time></trkpt><trkpt lat="47.60823750" lon="19.14752220"><ele>157.82</ele><time>2025-10-20T13:29:43.865Z</time></trkpt><trkpt lat="47.60824290" lon="19.14753050"><ele>157.82</ele><time>2025-10-20T13:29:44.066Z</time></trkpt><trkpt lat="47.60824830" lon="19.14753860"><ele>157.82</ele><time>2025-10-20T13:29:44.268Z</time></trkpt><trkpt lat="47.60825360" lon="19.14754640"><ele>157.82</ele><time>2025-10-20T13:29:44.468Z</time></trkpt><trkpt lat="47.60825900" lon="19.14755430"><ele>157.81</ele><time>2025-10-20T13:29:44.669Z</time></trkpt><trkpt lat="47.60826460" lon="19.14756240"><ele>157.80</ele><time>2025-10-20T13:29:44.870Z</time></trkpt><trkpt lat="47.60827030" lon="19.14757040"><ele>157.80</ele><time>2025-10-20T13:29:45.070Z</time></trkpt><trkpt lat="47.60827550" lon="19.14757750"><ele>157.79</ele><time>2025-10-20T13:29:45.251Z</time></trkpt><trkpt lat="47.60828120" lon="19.14758510"><ele>157.78</ele><time>2025-10-20T13:29:45.451Z</time></trkpt><trkpt lat="47.60828690" lon="19.14759240"><ele>157.78</ele><time>2025-10-20T13:29:45.652Z</time></trkpt><trkpt lat="47.60829250" lon="19.14759950"><ele>157.78</ele><time>2025-10-20T13:29:45.853Z</time></trkpt><trkpt lat="47.60829910" lon="19.14760750"><ele>157.77</ele><time>2025-10-20T13:29:46.075Z</time></trkpt><trkpt lat="47.60830460" lon="19.14761400"><ele>157.77</ele><time>2025-10-20T13:29:46.256Z</time></trkpt><trkpt lat="47.60831140" lon="19.14762150"><ele>157.76</ele><time>2025-10-20T13:29:46.478Z</time></trkpt><trkpt lat="47.60831720" lon="19.14762750"><ele>157.74</ele><time>2025-10-20T13:29:46.658Z</time></trkpt><trkpt lat="47.60832370" lon="19.14763400"><ele>157.73</ele><time>2025-10-20T13:29:46.860Z</time></trkpt><trkpt lat="47.60833020" lon="19.14764010"><ele>157.73</ele><time>2025-10-20T13:29:47.060Z</time></trkpt><trkpt lat="47.60833690" lon="19.14764610"><ele>157.72</ele><time>2025-10-20T13:29:47.262Z</time></trkpt><trkpt lat="47.60834370" lon="19.14765210"><ele>157.70</ele><time>2025-10-20T13:29:47.463Z</time></trkpt><trkpt lat="47.60834960" lon="19.14765700"><ele>157.69</ele><time>2025-10-20T13:29:47.633Z</time></trkpt><trkpt lat="47.60835770" lon="19.14766350"><ele>157.69</ele><time>2025-10-20T13:29:47.864Z</time></trkpt><trkpt lat="47.60836450" lon="19.14766900"><ele>157.69</ele><time>2025-10-20T13:29:48.065Z</time></trkpt><trkpt lat="47.60837120" lon="19.14767440"><ele>157.68</ele><time>2025-10-20T13:29:48.267Z</time></trkpt><trkpt lat="47.60837800" lon="19.14767990"><ele>157.67</ele><time>2025-10-20T13:29:48.469Z</time></trkpt><trkpt lat="47.60838490" lon="19.14768530"><ele>157.66</ele><time>2025-10-20T13:29:48.669Z</time></trkpt><trkpt lat="47.60839210" lon="19.14769060"><ele>157.65</ele><time>2025-10-20T13:29:48.870Z</time></trkpt><trkpt lat="47.60839790" lon="19.14769480"><ele>157.63</ele><time>2025-10-20T13:29:49.032Z</time></trkpt><trkpt lat="47.60840520" lon="19.14769990"><ele>157.62</ele><time>2025-10-20T13:29:49.234Z</time></trkpt><trkpt lat="47.60841270" lon="19.14770470"><ele>157.61</ele><time>2025-10-20T13:29:49.440Z</time></trkpt><trkpt lat="47.60842070" lon="19.14770950"><ele>157.60</ele><time>2025-10-20T13:29:49.662Z</time></trkpt><trkpt lat="47.60842850" lon="19.14771400"><ele>157.60</ele><time>2025-10-20T13:29:49.865Z</time></trkpt><trkpt lat="47.60843640" lon="19.14771830"><ele>157.59</ele><time>2025-10-20T13:29:50.066Z</time></trkpt><trkpt lat="47.60844450" lon="19.14772260"><ele>157.59</ele><time>2025-10-20T13:29:50.270Z</time></trkpt><trkpt lat="47.60845180" lon="19.14772620"><ele>157.58</ele><time>2025-10-20T13:29:50.452Z</time></trkpt><trkpt lat="47.60846020" lon="19.14773020"><ele>157.58</ele><time>2025-10-20T13:29:50.656Z</time></trkpt><trkpt lat="47.60846840" lon="19.14773370"><ele>157.57</ele><time>2025-10-20T13:29:50.857Z</time></trkpt><trkpt lat="47.60847640" lon="19.14773710"><ele>157.56</ele><time>2025-10-20T13:29:51.058Z</time></trkpt><trkpt lat="47.60848510" lon="19.14774050"><ele>157.57</ele><time>2025-10-20T13:29:51.268Z</time></trkpt><trkpt lat="47.60849360" lon="19.14774370"><ele>157.56</ele><time>2025-10-20T13:29:51.470Z</time></trkpt><trkpt lat="47.60850210" lon="19.14774670"><ele>157.56</ele><time>2025-10-20T13:29:51.671Z</time></trkpt><trkpt lat="47.60851060" lon="19.14774950"><ele>157.55</ele><time>2025-10-20T13:29:51.871Z</time></trkpt><trkpt lat="47.60851890" lon="19.14775220"><ele>157.52</ele><time>2025-10-20T13:29:52.075Z</time></trkpt><trkpt lat="47.60852660" lon="19.14775450"><ele>157.51</ele><time>2025-10-20T13:29:52.265Z</time></trkpt><trkpt lat="47.60853410" lon="19.14775660"><ele>157.51</ele><time>2025-10-20T13:29:52.449Z</time></trkpt><trkpt lat="47.60854310" lon="19.14775910"><ele>157.52</ele><time>2025-10-20T13:29:52.669Z</time></trkpt><trkpt lat="47.60855130" lon="19.14776130"><ele>157.54</ele><time>2025-10-20T13:29:52.869Z</time></trkpt><trkpt lat="47.60855960" lon="19.14776340"><ele>157.55</ele><time>2025-10-20T13:29:53.069Z</time></trkpt><trkpt lat="47.60856830" lon="19.14776540"><ele>157.56</ele><time>2025-10-20T13:29:53.281Z</time></trkpt><trkpt lat="47.60857640" lon="19.14776720"><ele>157.56</ele><time>2025-10-20T13:29:53.481Z</time></trkpt><trkpt lat="47.60858420" lon="19.14776860"><ele>157.57</ele><time>2025-10-20T13:29:53.682Z</time></trkpt><trkpt lat="47.60859160" lon="19.14776970"><ele>157.57</ele><time>2025-10-20T13:29:53.884Z</time></trkpt><trkpt lat="47.60859880" lon="19.14777070"><ele>157.58</ele><time>2025-10-20T13:29:54.065Z</time></trkpt><trkpt lat="47.60860680" lon="19.14777160"><ele>157.59</ele><time>2025-10-20T13:29:54.274Z</time></trkpt><trkpt lat="47.60861470" lon="19.14777230"><ele>157.59</ele><time>2025-10-20T13:29:54.477Z</time></trkpt><trkpt lat="47.60862240" lon="19.14777290"><ele>157.60</ele><time>2025-10-20T13:29:54.680Z</time></trkpt><trkpt lat="47.60863010" lon="19.14777320"><ele>157.61</ele><time>2025-10-20T13:29:54.880Z</time></trkpt><trkpt lat="47.60863780" lon="19.14777340"><ele>157.63</ele><time>2025-10-20T13:29:55.083Z</time></trkpt><trkpt lat="47.60864430" lon="19.14777340"><ele>157.64</ele><time>2025-10-20T13:29:55.251Z</time></trkpt><trkpt lat="47.60865360" lon="19.14777320"><ele>157.63</ele><time>2025-10-20T13:29:55.494Z</time></trkpt><trkpt lat="47.60865910" lon="19.14777300"><ele>157.63</ele><time>2025-10-20T13:29:55.636Z</time></trkpt><trkpt lat="47.60866880" lon="19.14777240"><ele>157.64</ele><time>2025-10-20T13:29:55.878Z</time></trkpt><trkpt lat="47.60867600" lon="19.14777180"><ele>157.64</ele><time>2025-10-20T13:29:56.058Z</time></trkpt><trkpt lat="47.60868430" lon="19.14777100"><ele>157.65</ele><time>2025-10-20T13:29:56.263Z</time></trkpt><trkpt lat="47.60869310" lon="19.14776980"><ele>157.65</ele><time>2025-10-20T13:29:56.484Z</time></trkpt><trkpt lat="47.60870020" lon="19.14776870"><ele>157.65</ele><time>2025-10-20T13:29:56.666Z</time></trkpt><trkpt lat="47.60870820" lon="19.14776710"><ele>157.66</ele><time>2025-10-20T13:29:56.869Z</time></trkpt><trkpt lat="47.60871700" lon="19.14776520"><ele>157.68</ele><time>2025-10-20T13:29:57.094Z</time></trkpt><trkpt lat="47.60872330" lon="19.14776370"><ele>157.68</ele><time>2025-10-20T13:29:57.258Z</time></trkpt><trkpt lat="47.60873170" lon="19.14776140"><ele>157.69</ele><time>2025-10-20T13:29:57.479Z</time></trkpt><trkpt lat="47.60873930" lon="19.14775920"><ele>157.70</ele><time>2025-10-20T13:29:57.681Z</time></trkpt><trkpt lat="47.60874670" lon="19.14775680"><ele>157.71</ele><time>2025-10-20T13:29:57.882Z</time></trkpt><trkpt lat="47.60875470" lon="19.14775420"><ele>157.72</ele><time>2025-10-20T13:29:58.105Z</time></trkpt><trkpt lat="47.60876160" lon="19.14775170"><ele>157.73</ele><time>2025-10-20T13:29:58.296Z</time></trkpt><trkpt lat="47.60876900" lon="19.14774890"><ele>157.74</ele><time>2025-10-20T13:29:58.497Z</time></trkpt><trkpt lat="47.60877640" lon="19.14774580"><ele>157.75</ele><time>2025-10-20T13:29:58.698Z</time></trkpt><trkpt lat="47.60878400" lon="19.14774250"><ele>157.76</ele><time>2025-10-20T13:29:58.901Z</time></trkpt><trkpt lat="47.60879160" lon="19.14773910"><ele>157.77</ele><time>2025-10-20T13:29:59.103Z</time></trkpt><trkpt lat="47.60879920" lon="19.14773540"><ele>157.78</ele><time>2025-10-20T13:29:59.306Z</time></trkpt><trkpt lat="47.60880650" lon="19.14773190"><ele>157.78</ele><time>2025-10-20T13:29:59.508Z</time></trkpt><trkpt lat="47.60881310" lon="19.14772850"><ele>157.80</ele><time>2025-10-20T13:29:59.689Z</time></trkpt><trkpt lat="47.60882150" lon="19.14772400"><ele>157.81</ele><time>2025-10-20T13:29:59.910Z</time></trkpt><trkpt lat="47.60882920" lon="19.14771970"><ele>157.81</ele><time>2025-10-20T13:30:00.112Z</time></trkpt><trkpt lat="47.60883700" lon="19.14771520"><ele>157.81</ele><time>2025-10-20T13:30:00.316Z</time></trkpt><trkpt lat="47.60884470" lon="19.14771040"><ele>157.81</ele><time>2025-10-20T13:30:00.518Z</time></trkpt><trkpt lat="47.60885250" lon="19.14770550"><ele>157.82</ele><time>2025-10-20T13:30:00.720Z</time></trkpt><trkpt lat="47.60886030" lon="19.14770060"><ele>157.82</ele><time>2025-10-20T13:30:00.921Z</time></trkpt><trkpt lat="47.60886720" lon="19.14769600"><ele>157.83</ele><time>2025-10-20T13:30:01.102Z</time></trkpt><trkpt lat="47.60887490" lon="19.14769060"><ele>157.84</ele><time>2025-10-20T13:30:01.306Z</time></trkpt><trkpt lat="47.60888260" lon="19.14768510"><ele>157.84</ele><time>2025-10-20T13:30:01.507Z</time></trkpt><trkpt lat="47.60889020" lon="19.14767940"><ele>157.84</ele><time>2025-10-20T13:30:01.707Z</time></trkpt><trkpt lat="47.60889750" lon="19.14767370"><ele>157.85</ele><time>2025-10-20T13:30:01.907Z</time></trkpt><trkpt lat="47.60890460" lon="19.14766790"><ele>157.85</ele><time>2025-10-20T13:30:02.109Z</time></trkpt><trkpt lat="47.60891200" lon="19.14766150"><ele>157.85</ele><time>2025-10-20T13:30:02.331Z</time></trkpt><trkpt lat="47.60891840" lon="19.14765580"><ele>157.84</ele><time>2025-10-20T13:30:02.512Z</time></trkpt><trkpt lat="47.60892550" lon="19.14764920"><ele>157.84</ele><time>2025-10-20T13:30:02.712Z</time></trkpt><trkpt lat="47.60893250" lon="19.14764250"><ele>157.84</ele><time>2025-10-20T13:30:02.913Z</time></trkpt><trkpt lat="47.60893960" lon="19.14763540"><ele>157.84</ele><time>2025-10-20T13:30:03.116Z</time></trkpt><trkpt lat="47.60894600" lon="19.14762880"><ele>157.84</ele><time>2025-10-20T13:30:03.299Z</time></trkpt><trkpt lat="47.60895340" lon="19.14762100"><ele>157.84</ele><time>2025-10-20T13:30:03.519Z</time></trkpt><trkpt lat="47.60895970" lon="19.14761420"><ele>157.84</ele><time>2025-10-20T13:30:03.721Z</time></trkpt><trkpt lat="47.60896650" lon="19.14760660"><ele>157.84</ele><time>2025-10-20T13:30:03.921Z</time></trkpt><trkpt lat="47.60897330" lon="19.14759890"><ele>157.85</ele><time>2025-10-20T13:30:04.123Z</time></trkpt><trkpt lat="47.60898010" lon="19.14759110"><ele>157.85</ele><time>2025-10-20T13:30:04.327Z</time></trkpt><trkpt lat="47.60898660" lon="19.14758330"><ele>157.85</ele><time>2025-10-20T13:30:04.527Z</time></trkpt><trkpt lat="47.60899240" lon="19.14757630"><ele>157.85</ele><time>2025-10-20T13:30:04.708Z</time></trkpt><trkpt lat="47.60899930" lon="19.14756770"><ele>157.86</ele><time>2025-10-20T13:30:04.930Z</time></trkpt><trkpt lat="47.60900550" lon="19.14755960"><ele>157.86</ele><time>2025-10-20T13:30:05.132Z</time></trkpt><trkpt lat="47.60901110" lon="19.14755200"><ele>157.86</ele><time>2025-10-20T13:30:05.318Z</time></trkpt><trkpt lat="47.60901710" lon="19.14754360"><ele>157.86</ele><time>2025-10-20T13:30:05.520Z</time></trkpt><trkpt lat="47.60902290" lon="19.14753500"><ele>157.86</ele><time>2025-10-20T13:30:05.723Z</time></trkpt><trkpt lat="47.60902800" lon="19.14752730"><ele>157.86</ele><time>2025-10-20T13:30:05.905Z</time></trkpt><trkpt lat="47.60903410" lon="19.14751770"><ele>157.86</ele><time>2025-10-20T13:30:06.128Z</time></trkpt><trkpt lat="47.60903950" lon="19.14750890"><ele>157.86</ele><time>2025-10-20T13:30:06.330Z</time></trkpt><trkpt lat="47.60904450" lon="19.14750030"><ele>157.86</ele><time>2025-10-20T13:30:06.531Z</time></trkpt><trkpt lat="47.60904970" lon="19.14749130"><ele>157.86</ele><time>2025-10-20T13:30:06.734Z</time></trkpt><trkpt lat="47.60905330" lon="19.14748480"><ele>157.86</ele><time>2025-10-20T13:30:06.876Z</time></trkpt><trkpt lat="47.60905950" lon="19.14747330"><ele>157.86</ele><time>2025-10-20T13:30:07.119Z</time></trkpt><trkpt lat="47.60906480" lon="19.14746320"><ele>157.87</ele><time>2025-10-20T13:30:07.331Z</time></trkpt><trkpt lat="47.60906970" lon="19.14745360"><ele>157.87</ele><time>2025-10-20T13:30:07.533Z</time></trkpt><trkpt lat="47.60907440" lon="19.14744400"><ele>157.87</ele><time>2025-10-20T13:30:07.735Z</time></trkpt><trkpt lat="47.60907900" lon="19.14743430"><ele>157.87</ele><time>2025-10-20T13:30:07.936Z</time></trkpt><trkpt lat="47.60908370" lon="19.14742430"><ele>157.87</ele><time>2025-10-20T13:30:08.140Z</time></trkpt><trkpt lat="47.60908830" lon="19.14741410"><ele>157.86</ele><time>2025-10-20T13:30:08.342Z</time></trkpt><trkpt lat="47.60909290" lon="19.14740380"><ele>157.86</ele><time>2025-10-20T13:30:08.543Z</time></trkpt><trkpt lat="47.60909750" lon="19.14739320"><ele>157.87</ele><time>2025-10-20T13:30:08.745Z</time></trkpt><trkpt lat="47.60910190" lon="19.14738230"><ele>157.87</ele><time>2025-10-20T13:30:08.946Z</time></trkpt><trkpt lat="47.60910620" lon="19.14737130"><ele>157.87</ele><time>2025-10-20T13:30:09.148Z</time></trkpt><trkpt lat="47.60910940" lon="19.14736300"><ele>157.87</ele><time>2025-10-20T13:30:09.298Z</time></trkpt><trkpt lat="47.60911430" lon="19.14734950"><ele>157.87</ele><time>2025-10-20T13:30:09.542Z</time></trkpt><trkpt lat="47.60911800" lon="19.14733920"><ele>157.87</ele><time>2025-10-20T13:30:09.724Z</time></trkpt><trkpt lat="47.60912200" lon="19.14732760"><ele>157.87</ele><time>2025-10-20T13:30:09.925Z</time></trkpt><trkpt lat="47.60912580" lon="19.14731600"><ele>157.87</ele><time>2025-10-20T13:30:10.125Z</time></trkpt><trkpt lat="47.60912960" lon="19.14730380"><ele>157.86</ele><time>2025-10-20T13:30:10.338Z</time></trkpt><trkpt lat="47.60913320" lon="19.14729200"><ele>157.85</ele><time>2025-10-20T13:30:10.539Z</time></trkpt><trkpt lat="47.60913650" lon="19.14728080"><ele>157.85</ele><time>2025-10-20T13:30:10.740Z</time></trkpt><trkpt lat="47.60913980" lon="19.14726900"><ele>157.84</ele><time>2025-10-20T13:30:10.941Z</time></trkpt><trkpt lat="47.60914290" lon="19.14725720"><ele>157.84</ele><time>2025-10-20T13:30:11.143Z</time></trkpt><trkpt lat="47.60914600" lon="19.14724530"><ele>157.83</ele><time>2025-10-20T13:30:11.345Z</time></trkpt><trkpt lat="47.60914890" lon="19.14723310"><ele>157.82</ele><time>2025-10-20T13:30:11.549Z</time></trkpt><trkpt lat="47.60915160" lon="19.14722120"><ele>157.82</ele><time>2025-10-20T13:30:11.749Z</time></trkpt><trkpt lat="47.60915390" lon="19.14721040"><ele>157.82</ele><time>2025-10-20T13:30:11.930Z</time></trkpt><trkpt lat="47.60915640" lon="19.14719810"><ele>157.81</ele><time>2025-10-20T13:30:12.131Z</time></trkpt><trkpt lat="47.60915880" lon="19.14718570"><ele>157.81</ele><time>2025-10-20T13:30:12.339Z</time></trkpt><trkpt lat="47.60916070" lon="19.14717480"><ele>157.81</ele><time>2025-10-20T13:30:12.519Z</time></trkpt><trkpt lat="47.60916270" lon="19.14716270"><ele>157.81</ele><time>2025-10-20T13:30:12.721Z</time></trkpt><trkpt lat="47.60916470" lon="19.14714930"><ele>157.80</ele><time>2025-10-20T13:30:12.943Z</time></trkpt><trkpt lat="47.60916630" lon="19.14713810"><ele>157.80</ele><time>2025-10-20T13:30:13.132Z</time></trkpt><trkpt lat="47.60916790" lon="19.14712570"><ele>157.80</ele><time>2025-10-20T13:30:13.342Z</time></trkpt><trkpt lat="47.60916920" lon="19.14711420"><ele>157.79</ele><time>2025-10-20T13:30:13.542Z</time></trkpt><trkpt lat="47.60917040" lon="19.14710230"><ele>157.78</ele><time>2025-10-20T13:30:13.746Z</time></trkpt><trkpt lat="47.60917150" lon="19.14709070"><ele>157.78</ele><time>2025-10-20T13:30:13.947Z</time></trkpt><trkpt lat="47.60917250" lon="19.14708000"><ele>157.77</ele><time>2025-10-20T13:30:14.131Z</time></trkpt><trkpt lat="47.60917320" lon="19.14707070"><ele>157.77</ele><time>2025-10-20T13:30:14.294Z</time></trkpt><trkpt lat="47.60917420" lon="19.14705660"><ele>157.76</ele><time>2025-10-20T13:30:14.544Z</time></trkpt><trkpt lat="47.60917480" lon="19.14704600"><ele>157.76</ele><time>2025-10-20T13:30:14.734Z</time></trkpt><trkpt lat="47.60917550" lon="19.14703410"><ele>157.76</ele><time>2025-10-20T13:30:14.934Z</time></trkpt><trkpt lat="47.60917600" lon="19.14702180"><ele>157.75</ele><time>2025-10-20T13:30:15.140Z</time></trkpt><trkpt lat="47.60917640" lon="19.14700930"><ele>157.75</ele><time>2025-10-20T13:30:15.347Z</time></trkpt><trkpt lat="47.60917670" lon="19.14699720"><ele>157.74</ele><time>2025-10-20T13:30:15.549Z</time></trkpt><trkpt lat="47.60917690" lon="19.14698820"><ele>157.74</ele><time>2025-10-20T13:30:15.710Z</time></trkpt><trkpt lat="47.60917710" lon="19.14697400"><ele>157.74</ele><time>2025-10-20T13:30:15.950Z</time></trkpt><trkpt lat="47.60917710" lon="19.14696370"><ele>157.74</ele><time>2025-10-20T13:30:16.132Z</time></trkpt><trkpt lat="47.60917710" lon="19.14695290"><ele>157.74</ele><time>2025-10-20T13:30:16.313Z</time></trkpt><trkpt lat="47.60917700" lon="19.14694060"><ele>157.73</ele><time>2025-10-20T13:30:16.514Z</time></trkpt><trkpt lat="47.60917670" lon="19.14692820"><ele>157.73</ele><time>2025-10-20T13:30:16.715Z</time></trkpt><trkpt lat="47.60917630" lon="19.14691580"><ele>157.72</ele><time>2025-10-20T13:30:16.916Z</time></trkpt><trkpt lat="47.60917570" lon="19.14690210"><ele>157.71</ele><time>2025-10-20T13:30:17.144Z</time></trkpt><trkpt lat="47.60917510" lon="19.14689120"><ele>157.70</ele><time>2025-10-20T13:30:17.325Z</time></trkpt><trkpt lat="47.60917430" lon="19.14687910"><ele>157.70</ele><time>2025-10-20T13:30:17.529Z</time></trkpt><trkpt lat="47.60917330" lon="19.14686690"><ele>157.70</ele><time>2025-10-20T13:30:17.729Z</time></trkpt><trkpt lat="47.60917210" lon="19.14685470"><ele>157.70</ele><time>2025-10-20T13:30:17.929Z</time></trkpt><trkpt lat="47.60917100" lon="19.14684390"><ele>157.71</ele><time>2025-10-20T13:30:18.111Z</time></trkpt><trkpt lat="47.60916930" lon="19.14683050"><ele>157.70</ele><time>2025-10-20T13:30:18.336Z</time></trkpt><trkpt lat="47.60916780" lon="19.14681910"><ele>157.71</ele><time>2025-10-20T13:30:18.537Z</time></trkpt><trkpt lat="47.60916610" lon="19.14680770"><ele>157.71</ele><time>2025-10-20T13:30:18.738Z</time></trkpt><trkpt lat="47.60916440" lon="19.14679640"><ele>157.71</ele><time>2025-10-20T13:30:18.939Z</time></trkpt><trkpt lat="47.60916260" lon="19.14678490"><ele>157.71</ele><time>2025-10-20T13:30:19.143Z</time></trkpt><trkpt lat="47.60916090" lon="19.14677410"><ele>157.70</ele><time>2025-10-20T13:30:19.340Z</time></trkpt><trkpt lat="47.60915900" lon="19.14676300"><ele>157.69</ele><time>2025-10-20T13:30:19.542Z</time></trkpt><trkpt lat="47.60915710" lon="19.14675240"><ele>157.69</ele><time>2025-10-20T13:30:19.743Z</time></trkpt><trkpt lat="47.60915500" lon="19.14674180"><ele>157.69</ele><time>2025-10-20T13:30:19.944Z</time></trkpt><trkpt lat="47.60915300" lon="19.14673180"><ele>157.69</ele><time>2025-10-20T13:30:20.144Z</time></trkpt><trkpt lat="47.60915070" lon="19.14672130"><ele>157.68</ele><time>2025-10-20T13:30:20.349Z</time></trkpt><trkpt lat="47.60914840" lon="19.14671090"><ele>157.67</ele><time>2025-10-20T13:30:20.552Z</time></trkpt><trkpt lat="47.60914590" lon="19.14670030"><ele>157.66</ele><time>2025-10-20T13:30:20.752Z</time></trkpt><trkpt lat="47.60914320" lon="19.14668960"><ele>157.66</ele><time>2025-10-20T13:30:20.953Z</time></trkpt><trkpt lat="47.60914050" lon="19.14667890"><ele>157.65</ele><time>2025-10-20T13:30:21.153Z</time></trkpt><trkpt lat="47.60913780" lon="19.14666870"><ele>157.64</ele><time>2025-10-20T13:30:21.355Z</time></trkpt><trkpt lat="47.60913470" lon="19.14665800"><ele>157.63</ele><time>2025-10-20T13:30:21.557Z</time></trkpt><trkpt lat="47.60913160" lon="19.14664760"><ele>157.62</ele><time>2025-10-20T13:30:21.759Z</time></trkpt><trkpt lat="47.60912830" lon="19.14663680"><ele>157.61</ele><time>2025-10-20T13:30:21.960Z</time></trkpt><trkpt lat="47.60912480" lon="19.14662620"><ele>157.60</ele><time>2025-10-20T13:30:22.160Z</time></trkpt><trkpt lat="47.60912170" lon="19.14661700"><ele>157.59</ele><time>2025-10-20T13:30:22.334Z</time></trkpt><trkpt lat="47.60911760" lon="19.14660550"><ele>157.59</ele><time>2025-10-20T13:30:22.556Z</time></trkpt><trkpt lat="47.60911400" lon="19.14659570"><ele>157.58</ele><time>2025-10-20T13:30:22.757Z</time></trkpt><trkpt lat="47.60910990" lon="19.14658480"><ele>157.57</ele><time>2025-10-20T13:30:22.960Z</time></trkpt><trkpt lat="47.60910550" lon="19.14657400"><ele>157.57</ele><time>2025-10-20T13:30:23.162Z</time></trkpt><trkpt lat="47.60910100" lon="19.14656300"><ele>157.56</ele><time>2025-10-20T13:30:23.364Z</time></trkpt><trkpt lat="47.60909640" lon="19.14655220"><ele>157.56</ele><time>2025-10-20T13:30:23.565Z</time></trkpt><trkpt lat="47.60909200" lon="19.14654180"><ele>157.56</ele><time>2025-10-20T13:30:23.766Z</time></trkpt><trkpt lat="47.60908750" lon="19.14653150"><ele>157.55</ele><time>2025-10-20T13:30:23.967Z</time></trkpt><trkpt lat="47.60908300" lon="19.14652150"><ele>157.54</ele><time>2025-10-20T13:30:24.155Z</time></trkpt><trkpt lat="47.60907820" lon="19.14651100"><ele>157.55</ele><time>2025-10-20T13:30:24.355Z</time></trkpt><trkpt lat="47.60907340" lon="19.14650080"><ele>157.57</ele><time>2025-10-20T13:30:24.555Z</time></trkpt><trkpt lat="47.60906900" lon="19.14649180"><ele>157.59</ele><time>2025-10-20T13:30:24.737Z</time></trkpt><trkpt lat="47.60906380" lon="19.14648100"><ele>157.60</ele><time>2025-10-20T13:30:24.959Z</time></trkpt><trkpt lat="47.60905910" lon="19.14647140"><ele>157.61</ele><time>2025-10-20T13:30:25.167Z</time></trkpt><trkpt lat="47.60905470" lon="19.14646280"><ele>157.63</ele><time>2025-10-20T13:30:25.353Z</time></trkpt><trkpt lat="47.60905020" lon="19.14645430"><ele>157.65</ele><time>2025-10-20T13:30:25.533Z</time></trkpt><trkpt lat="47.60904410" lon="19.14644310"><ele>157.66</ele><time>2025-10-20T13:30:25.774Z</time></trkpt><trkpt lat="47.60903990" lon="19.14643590"><ele>157.66</ele><time>2025-10-20T13:30:25.935Z</time></trkpt><trkpt lat="47.60903400" lon="19.14642620"><ele>157.65</ele><time>2025-10-20T13:30:26.157Z</time></trkpt><trkpt lat="47.60902850" lon="19.14641760"><ele>157.65</ele><time>2025-10-20T13:30:26.365Z</time></trkpt><trkpt lat="47.60902430" lon="19.14641110"><ele>157.64</ele><time>2025-10-20T13:30:26.526Z</time></trkpt><trkpt lat="47.60901820" lon="19.14640210"><ele>157.62</ele><time>2025-10-20T13:30:26.759Z</time></trkpt><trkpt lat="47.60901290" lon="19.14639460"><ele>157.61</ele><time>2025-10-20T13:30:26.949Z</time></trkpt><trkpt lat="47.60900630" lon="19.14638560"><ele>157.60</ele><time>2025-10-20T13:30:27.171Z</time></trkpt><trkpt lat="47.60900020" lon="19.14637750"><ele>157.60</ele><time>2025-10-20T13:30:27.374Z</time></trkpt><trkpt lat="47.60899470" lon="19.14637050"><ele>157.60</ele><time>2025-10-20T13:30:27.555Z</time></trkpt><trkpt lat="47.60898840" lon="19.14636300"><ele>157.58</ele><time>2025-10-20T13:30:27.756Z</time></trkpt><trkpt lat="47.60898230" lon="19.14635600"><ele>157.57</ele><time>2025-10-20T13:30:27.956Z</time></trkpt><trkpt lat="47.60897590" lon="19.14634900"><ele>157.55</ele><time>2025-10-20T13:30:28.158Z</time></trkpt><trkpt lat="47.60896940" lon="19.14634210"><ele>157.54</ele><time>2025-10-20T13:30:28.359Z</time></trkpt><trkpt lat="47.60896280" lon="19.14633530"><ele>157.53</ele><time>2025-10-20T13:30:28.560Z</time></trkpt><trkpt lat="47.60895680" lon="19.14632940"><ele>157.52</ele><time>2025-10-20T13:30:28.741Z</time></trkpt><trkpt lat="47.60894950" lon="19.14632220"><ele>157.51</ele><time>2025-10-20T13:30:28.961Z</time></trkpt><trkpt lat="47.60894280" lon="19.14631570"><ele>157.50</ele><time>2025-10-20T13:30:29.163Z</time></trkpt><trkpt lat="47.60893620" lon="19.14630940"><ele>157.48</ele><time>2025-10-20T13:30:29.369Z</time></trkpt><trkpt lat="47.60892980" lon="19.14630340"><ele>157.47</ele><time>2025-10-20T13:30:29.559Z</time></trkpt><trkpt lat="47.60892250" lon="19.14629670"><ele>157.47</ele><time>2025-10-20T13:30:29.769Z</time></trkpt><trkpt lat="47.60891570" lon="19.14629070"><ele>157.47</ele><time>2025-10-20T13:30:29.963Z</time></trkpt><trkpt lat="47.60890840" lon="19.14628440"><ele>157.47</ele><time>2025-10-20T13:30:30.167Z</time></trkpt><trkpt lat="47.60890120" lon="19.14627830"><ele>157.47</ele><time>2025-10-20T13:30:30.372Z</time></trkpt><trkpt lat="47.60889540" lon="19.14627360"><ele>157.48</ele><time>2025-10-20T13:30:30.553Z</time></trkpt><trkpt lat="47.60888840" lon="19.14626780"><ele>157.48</ele><time>2025-10-20T13:30:30.754Z</time></trkpt><trkpt lat="47.60888030" lon="19.14626120"><ele>157.48</ele><time>2025-10-20T13:30:30.975Z</time></trkpt><trkpt lat="47.60887360" lon="19.14625590"><ele>157.47</ele><time>2025-10-20T13:30:31.157Z</time></trkpt><trkpt lat="47.60886610" lon="19.14625010"><ele>157.45</ele><time>2025-10-20T13:30:31.359Z</time></trkpt><trkpt lat="47.60885870" lon="19.14624470"><ele>157.43</ele><time>2025-10-20T13:30:31.561Z</time></trkpt><trkpt lat="47.60885150" lon="19.14623950"><ele>157.41</ele><time>2025-10-20T13:30:31.763Z</time></trkpt><trkpt lat="47.60884430" lon="19.14623450"><ele>157.41</ele><time>2025-10-20T13:30:31.961Z</time></trkpt><trkpt lat="47.60883690" lon="19.14622970"><ele>157.41</ele><time>2025-10-20T13:30:32.163Z</time></trkpt><trkpt lat="47.60883030" lon="19.14622560"><ele>157.40</ele><time>2025-10-20T13:30:32.343Z</time></trkpt><trkpt lat="47.60882280" lon="19.14622120"><ele>157.38</ele><time>2025-10-20T13:30:32.544Z</time></trkpt><trkpt lat="47.60881510" lon="19.14621690"><ele>157.37</ele><time>2025-10-20T13:30:32.746Z</time></trkpt><trkpt lat="47.60880680" lon="19.14621250"><ele>157.36</ele><time>2025-10-20T13:30:32.970Z</time></trkpt><trkpt lat="47.60879920" lon="19.14620850"><ele>157.34</ele><time>2025-10-20T13:30:33.175Z</time></trkpt><trkpt lat="47.60879220" lon="19.14620500"><ele>157.33</ele><time>2025-10-20T13:30:33.359Z</time></trkpt><trkpt lat="47.60878460" lon="19.14620120"><ele>157.32</ele><time>2025-10-20T13:30:33.560Z</time></trkpt><trkpt lat="47.60877690" lon="19.14619760"><ele>157.32</ele><time>2025-10-20T13:30:33.763Z</time></trkpt><trkpt lat="47.60876940" lon="19.14619430"><ele>157.29</ele><time>2025-10-20T13:30:33.965Z</time></trkpt><trkpt lat="47.60876340" lon="19.14619190"><ele>157.28</ele><time>2025-10-20T13:30:34.127Z</time></trkpt><trkpt lat="47.60875480" lon="19.14618870"><ele>157.24</ele><time>2025-10-20T13:30:34.372Z</time></trkpt><trkpt lat="47.60874820" lon="19.14618660"><ele>157.21</ele><time>2025-10-20T13:30:34.573Z</time></trkpt><trkpt lat="47.60874130" lon="19.14618440"><ele>157.17</ele><time>2025-10-20T13:30:34.773Z</time></trkpt><trkpt lat="47.60873420" lon="19.14618230"><ele>157.16</ele><time>2025-10-20T13:30:34.975Z</time></trkpt><trkpt lat="47.60872680" lon="19.14618030"><ele>157.15</ele><time>2025-10-20T13:30:35.177Z</time></trkpt><trkpt lat="47.60871920" lon="19.14617830"><ele>157.14</ele><time>2025-10-20T13:30:35.379Z</time></trkpt><trkpt lat="47.60871230" lon="19.14617660"><ele>157.13</ele><time>2025-10-20T13:30:35.560Z</time></trkpt><trkpt lat="47.60870460" lon="19.14617470"><ele>157.12</ele><time>2025-10-20T13:30:35.760Z</time></trkpt><trkpt lat="47.60869580" lon="19.14617280"><ele>157.11</ele><time>2025-10-20T13:30:35.981Z</time></trkpt><trkpt lat="47.60868780" lon="19.14617110"><ele>157.11</ele><time>2025-10-20T13:30:36.182Z</time></trkpt><trkpt lat="47.60868130" lon="19.14616990"><ele>157.11</ele><time>2025-10-20T13:30:36.345Z</time></trkpt><trkpt lat="47.60867230" lon="19.14616840"><ele>157.12</ele><time>2025-10-20T13:30:36.567Z</time></trkpt><trkpt lat="47.60866490" lon="19.14616750"><ele>157.11</ele><time>2025-10-20T13:30:36.749Z</time></trkpt><trkpt lat="47.60865660" lon="19.14616680"><ele>157.12</ele><time>2025-10-20T13:30:36.949Z</time></trkpt><trkpt lat="47.60864730" lon="19.14616630"><ele>157.12</ele><time>2025-10-20T13:30:37.172Z</time></trkpt><trkpt lat="47.60864000" lon="19.14616610"><ele>157.13</ele><time>2025-10-20T13:30:37.354Z</time></trkpt><trkpt lat="47.60863160" lon="19.14616620"><ele>157.13</ele><time>2025-10-20T13:30:37.555Z</time></trkpt><trkpt lat="47.60862220" lon="19.14616670"><ele>157.14</ele><time>2025-10-20T13:30:37.776Z</time></trkpt><trkpt lat="47.60861370" lon="19.14616730"><ele>157.14</ele><time>2025-10-20T13:30:37.977Z</time></trkpt><trkpt lat="47.60860650" lon="19.14616810"><ele>157.13</ele><time>2025-10-20T13:30:38.149Z</time></trkpt><trkpt lat="47.60859790" lon="19.14616910"><ele>157.13</ele><time>2025-10-20T13:30:38.355Z</time></trkpt><trkpt lat="47.60858950" lon="19.14617040"><ele>157.14</ele><time>2025-10-20T13:30:38.557Z</time></trkpt><trkpt lat="47.60858060" lon="19.14617200"><ele>157.15</ele><time>2025-10-20T13:30:38.777Z</time></trkpt><trkpt lat="47.60857200" lon="19.14617370"><ele>157.17</ele><time>2025-10-20T13:30:38.981Z</time></trkpt><trkpt lat="47.60856350" lon="19.14617560"><ele>157.18</ele><time>2025-10-20T13:30:39.183Z</time></trkpt><trkpt lat="47.60855490" lon="19.14617760"><ele>157.18</ele><time>2025-10-20T13:30:39.385Z</time></trkpt><trkpt lat="47.60854620" lon="19.14618000"><ele>157.18</ele><time>2025-10-20T13:30:39.586Z</time></trkpt><trkpt lat="47.60853770" lon="19.14618250"><ele>157.18</ele><time>2025-10-20T13:30:39.787Z</time></trkpt><trkpt lat="47.60852900" lon="19.14618520"><ele>157.18</ele><time>2025-10-20T13:30:39.991Z</time></trkpt><trkpt lat="47.60852100" lon="19.14618790"><ele>157.18</ele><time>2025-10-20T13:30:40.179Z</time></trkpt><trkpt lat="47.60851230" lon="19.14619110"><ele>157.18</ele><time>2025-10-20T13:30:40.381Z</time></trkpt><trkpt lat="47.60850370" lon="19.14619440"><ele>157.19</ele><time>2025-10-20T13:30:40.582Z</time></trkpt><trkpt lat="47.60849500" lon="19.14619790"><ele>157.21</ele><time>2025-10-20T13:30:40.783Z</time></trkpt><trkpt lat="47.60848720" lon="19.14620120"><ele>157.22</ele><time>2025-10-20T13:30:40.965Z</time></trkpt><trkpt lat="47.60847790" lon="19.14620540"><ele>157.22</ele><time>2025-10-20T13:30:41.187Z</time></trkpt><trkpt lat="47.60847090" lon="19.14620870"><ele>157.22</ele><time>2025-10-20T13:30:41.372Z</time></trkpt><trkpt lat="47.60846260" lon="19.14621280"><ele>157.22</ele><time>2025-10-20T13:30:41.575Z</time></trkpt><trkpt lat="47.60845430" lon="19.14621730"><ele>157.22</ele><time>2025-10-20T13:30:41.777Z</time></trkpt><trkpt lat="47.60844600" lon="19.14622200"><ele>157.24</ele><time>2025-10-20T13:30:41.978Z</time></trkpt><trkpt lat="47.60843830" lon="19.14622660"><ele>157.26</ele><time>2025-10-20T13:30:42.163Z</time></trkpt><trkpt lat="47.60842980" lon="19.14623190"><ele>157.28</ele><time>2025-10-20T13:30:42.376Z</time></trkpt><trkpt lat="47.60842200" lon="19.14623710"><ele>157.31</ele><time>2025-10-20T13:30:42.577Z</time></trkpt><trkpt lat="47.60841410" lon="19.14624240"><ele>157.32</ele><time>2025-10-20T13:30:42.778Z</time></trkpt><trkpt lat="47.60840840" lon="19.14624640"><ele>157.33</ele><time>2025-10-20T13:30:42.938Z</time></trkpt><trkpt lat="47.60839920" lon="19.14625300"><ele>157.34</ele><time>2025-10-20T13:30:43.180Z</time></trkpt><trkpt lat="47.60839150" lon="19.14625860"><ele>157.35</ele><time>2025-10-20T13:30:43.381Z</time></trkpt><trkpt lat="47.60838370" lon="19.14626450"><ele>157.36</ele><time>2025-10-20T13:30:43.583Z</time></trkpt><trkpt lat="47.60837600" lon="19.14627060"><ele>157.36</ele><time>2025-10-20T13:30:43.785Z</time></trkpt><trkpt lat="47.60836840" lon="19.14627690"><ele>157.37</ele><time>2025-10-20T13:30:43.989Z</time></trkpt><trkpt lat="47.60836110" lon="19.14628320"><ele>157.38</ele><time>2025-10-20T13:30:44.189Z</time></trkpt><trkpt lat="47.60835450" lon="19.14628930"><ele>157.37</ele><time>2025-10-20T13:30:44.378Z</time></trkpt><trkpt lat="47.60834890" lon="19.14629440"><ele>157.37</ele><time>2025-10-20T13:30:44.530Z</time></trkpt><trkpt lat="47.60834090" lon="19.14630210"><ele>157.37</ele><time>2025-10-20T13:30:44.751Z</time></trkpt><trkpt lat="47.60833310" lon="19.14630980"><ele>157.38</ele><time>2025-10-20T13:30:44.972Z</time></trkpt><trkpt lat="47.60832590" lon="19.14631700"><ele>157.39</ele><time>2025-10-20T13:30:45.174Z</time></trkpt><trkpt lat="47.60831950" lon="19.14632360"><ele>157.40</ele><time>2025-10-20T13:30:45.359Z</time></trkpt><trkpt lat="47.60831270" lon="19.14633070"><ele>157.41</ele><time>2025-10-20T13:30:45.560Z</time></trkpt><trkpt lat="47.60830510" lon="19.14633870"><ele>157.40</ele><time>2025-10-20T13:30:45.781Z</time></trkpt><trkpt lat="47.60829810" lon="19.14634650"><ele>157.41</ele><time>2025-10-20T13:30:45.985Z</time></trkpt><trkpt lat="47.60829190" lon="19.14635370"><ele>157.43</ele><time>2025-10-20T13:30:46.166Z</time></trkpt><trkpt lat="47.60828510" lon="19.14636200"><ele>157.45</ele><time>2025-10-20T13:30:46.370Z</time></trkpt><trkpt lat="47.60827860" lon="19.14637020"><ele>157.47</ele><time>2025-10-20T13:30:46.572Z</time></trkpt><trkpt lat="47.60827220" lon="19.14637850"><ele>157.48</ele><time>2025-10-20T13:30:46.774Z</time></trkpt><trkpt lat="47.60826590" lon="19.14638690"><ele>157.50</ele><time>2025-10-20T13:30:46.974Z</time></trkpt><trkpt lat="47.60826040" lon="19.14639470"><ele>157.51</ele><time>2025-10-20T13:30:47.156Z</time></trkpt><trkpt lat="47.60825360" lon="19.14640460"><ele>157.52</ele><time>2025-10-20T13:30:47.377Z</time></trkpt><trkpt lat="47.60824760" lon="19.14641370"><ele>157.53</ele><time>2025-10-20T13:30:47.578Z</time></trkpt><trkpt lat="47.60824170" lon="19.14642290"><ele>157.54</ele><time>2025-10-20T13:30:47.780Z</time></trkpt><trkpt lat="47.60823630" lon="19.14643160"><ele>157.55</ele><time>2025-10-20T13:30:47.982Z</time></trkpt><trkpt lat="47.60823050" lon="19.14644100"><ele>157.56</ele><time>2025-10-20T13:30:48.190Z</time></trkpt><trkpt lat="47.60822510" lon="19.14645010"><ele>157.58</ele><time>2025-10-20T13:30:48.392Z</time></trkpt><trkpt lat="47.60821970" lon="19.14645960"><ele>157.59</ele><time>2025-10-20T13:30:48.594Z</time></trkpt><trkpt lat="47.60821450" lon="19.14646900"><ele>157.59</ele><time>2025-10-20T13:30:48.796Z</time></trkpt><trkpt lat="47.60820950" lon="19.14647840"><ele>157.59</ele><time>2025-10-20T13:30:48.996Z</time></trkpt><trkpt lat="47.60820470" lon="19.14648800"><ele>157.59</ele><time>2025-10-20T13:30:49.197Z</time></trkpt><trkpt lat="47.60820000" lon="19.14649740"><ele>157.59</ele><time>2025-10-20T13:30:49.398Z</time></trkpt><trkpt lat="47.60819550" lon="19.14650660"><ele>157.59</ele><time>2025-10-20T13:30:49.591Z</time></trkpt><trkpt lat="47.60819070" lon="19.14651670"><ele>157.60</ele><time>2025-10-20T13:30:49.800Z</time></trkpt><trkpt lat="47.60818610" lon="19.14652630"><ele>157.60</ele><time>2025-10-20T13:30:50.001Z</time></trkpt><trkpt lat="47.60818170" lon="19.14653600"><ele>157.60</ele><time>2025-10-20T13:30:50.205Z</time></trkpt><trkpt lat="47.60817730" lon="19.14654570"><ele>157.60</ele><time>2025-10-20T13:30:50.406Z</time></trkpt><trkpt lat="47.60817390" lon="19.14655360"><ele>157.60</ele><time>2025-10-20T13:30:50.589Z</time></trkpt><trkpt lat="47.60816990" lon="19.14656310"><ele>157.60</ele><time>2025-10-20T13:30:50.789Z</time></trkpt><trkpt lat="47.60816600" lon="19.14657280"><ele>157.60</ele><time>2025-10-20T13:30:50.991Z</time></trkpt><trkpt lat="47.60816220" lon="19.14658250"><ele>157.60</ele><time>2025-10-20T13:30:51.191Z</time></trkpt><trkpt lat="47.60815840" lon="19.14659230"><ele>157.60</ele><time>2025-10-20T13:30:51.393Z</time></trkpt><trkpt lat="47.60815490" lon="19.14660210"><ele>157.59</ele><time>2025-10-20T13:30:51.593Z</time></trkpt><trkpt lat="47.60815160" lon="19.14661200"><ele>157.60</ele><time>2025-10-20T13:30:51.795Z</time></trkpt><trkpt lat="47.60814850" lon="19.14662190"><ele>157.59</ele><time>2025-10-20T13:30:51.997Z</time></trkpt><trkpt lat="47.60814570" lon="19.14663120"><ele>157.60</ele><time>2025-10-20T13:30:52.199Z</time></trkpt><trkpt lat="47.60814320" lon="19.14664020"><ele>157.59</ele><time>2025-10-20T13:30:52.381Z</time></trkpt><trkpt lat="47.60814030" lon="19.14665050"><ele>157.58</ele><time>2025-10-20T13:30:52.584Z</time></trkpt><trkpt lat="47.60813690" lon="19.14666220"><ele>157.58</ele><time>2025-10-20T13:30:52.807Z</time></trkpt><trkpt lat="47.60813370" lon="19.14667260"><ele>157.58</ele><time>2025-10-20T13:30:53.008Z</time></trkpt><trkpt lat="47.60813050" lon="19.14668300"><ele>157.58</ele><time>2025-10-20T13:30:53.208Z</time></trkpt><trkpt lat="47.60812760" lon="19.14669300"><ele>157.57</ele><time>2025-10-20T13:30:53.410Z</time></trkpt><trkpt lat="47.60812460" lon="19.14670370"><ele>157.56</ele><time>2025-10-20T13:30:53.610Z</time></trkpt><trkpt lat="47.60812160" lon="19.14671470"><ele>157.55</ele><time>2025-10-20T13:30:53.811Z</time></trkpt><trkpt lat="47.60811910" lon="19.14672490"><ele>157.53</ele><time>2025-10-20T13:30:53.991Z</time></trkpt><trkpt lat="47.60811610" lon="19.14673770"><ele>157.52</ele><time>2025-10-20T13:30:54.212Z</time></trkpt><trkpt lat="47.60811320" lon="19.14675080"><ele>157.50</ele><time>2025-10-20T13:30:54.434Z</time></trkpt><trkpt lat="47.60811090" lon="19.14676150"><ele>157.47</ele><time>2025-10-20T13:30:54.615Z</time></trkpt><trkpt lat="47.60810850" lon="19.14677400"><ele>157.45</ele><time>2025-10-20T13:30:54.817Z</time></trkpt><trkpt lat="47.60810650" lon="19.14678630"><ele>157.43</ele><time>2025-10-20T13:30:55.018Z</time></trkpt><trkpt lat="47.60810470" lon="19.14679910"><ele>157.42</ele><time>2025-10-20T13:30:55.221Z</time></trkpt><trkpt lat="47.60810310" lon="19.14681180"><ele>157.40</ele><time>2025-10-20T13:30:55.423Z</time></trkpt><trkpt lat="47.60810160" lon="19.14682520"><ele>157.39</ele><time>2025-10-20T13:30:55.635Z</time></trkpt><trkpt lat="47.60810040" lon="19.14683710"><ele>157.39</ele><time>2025-10-20T13:30:55.824Z</time></trkpt><trkpt lat="47.60809910" lon="19.14684970"><ele>157.40</ele><time>2025-10-20T13:30:56.025Z</time></trkpt><trkpt lat="47.60809800" lon="19.14686180"><ele>157.41</ele><time>2025-10-20T13:30:56.220Z</time></trkpt><trkpt lat="47.60809700" lon="19.14687430"><ele>157.41</ele><time>2025-10-20T13:30:56.426Z</time></trkpt><trkpt lat="47.60809610" lon="19.14688710"><ele>157.41</ele><time>2025-10-20T13:30:56.627Z</time></trkpt><trkpt lat="47.60809530" lon="19.14689990"><ele>157.40</ele><time>2025-10-20T13:30:56.827Z</time></trkpt><trkpt lat="47.60809470" lon="19.14691280"><ele>157.39</ele><time>2025-10-20T13:30:57.028Z</time></trkpt><trkpt lat="47.60809420" lon="19.14692580"><ele>157.39</ele><time>2025-10-20T13:30:57.233Z</time></trkpt><trkpt lat="47.60809370" lon="19.14693710"><ele>157.38</ele><time>2025-10-20T13:30:57.415Z</time></trkpt><trkpt lat="47.60809330" lon="19.14695050"><ele>157.37</ele><time>2025-10-20T13:30:57.637Z</time></trkpt><trkpt lat="47.60809320" lon="19.14696150"><ele>157.36</ele><time>2025-10-20T13:30:57.820Z</time></trkpt><trkpt lat="47.60809310" lon="19.14697480"><ele>157.36</ele><time>2025-10-20T13:30:58.040Z</time></trkpt><trkpt lat="47.60809310" lon="19.14698600"><ele>157.35</ele><time>2025-10-20T13:30:58.223Z</time></trkpt><trkpt lat="47.60809320" lon="19.14699800"><ele>157.35</ele><time>2025-10-20T13:30:58.423Z</time></trkpt><trkpt lat="47.60809340" lon="19.14700970"><ele>157.34</ele><time>2025-10-20T13:30:58.623Z</time></trkpt><trkpt lat="47.60809380" lon="19.14702140"><ele>157.33</ele><time>2025-10-20T13:30:58.825Z</time></trkpt><trkpt lat="47.60809420" lon="19.14703300"><ele>157.32</ele><time>2025-10-20T13:30:59.025Z</time></trkpt><trkpt lat="47.60809480" lon="19.14704460"><ele>157.32</ele><time>2025-10-20T13:30:59.226Z</time></trkpt><trkpt lat="47.60809550" lon="19.14705620"><ele>157.32</ele><time>2025-10-20T13:30:59.426Z</time></trkpt><trkpt lat="47.60809630" lon="19.14706780"><ele>157.33</ele><time>2025-10-20T13:30:59.627Z</time></trkpt><trkpt lat="47.60809710" lon="19.14707920"><ele>157.34</ele><time>2025-10-20T13:30:59.827Z</time></trkpt><trkpt lat="47.60809800" lon="19.14709060"><ele>157.35</ele><time>2025-10-20T13:31:00.028Z</time></trkpt><trkpt lat="47.60809910" lon="19.14710180"><ele>157.36</ele><time>2025-10-20T13:31:00.229Z</time></trkpt><trkpt lat="47.60810030" lon="19.14711290"><ele>157.37</ele><time>2025-10-20T13:31:00.429Z</time></trkpt><trkpt lat="47.60810160" lon="19.14712380"><ele>157.38</ele><time>2025-10-20T13:31:00.631Z</time></trkpt><trkpt lat="47.60810290" lon="19.14713480"><ele>157.40</ele><time>2025-10-20T13:31:00.832Z</time></trkpt><trkpt lat="47.60810430" lon="19.14714570"><ele>157.42</ele><time>2025-10-20T13:31:01.032Z</time></trkpt><trkpt lat="47.60810570" lon="19.14715690"><ele>157.44</ele><time>2025-10-20T13:31:01.238Z</time></trkpt><trkpt lat="47.60810710" lon="19.14716750"><ele>157.45</ele><time>2025-10-20T13:31:01.438Z</time></trkpt><trkpt lat="47.60810870" lon="19.14717820"><ele>157.46</ele><time>2025-10-20T13:31:01.639Z</time></trkpt><trkpt lat="47.60811040" lon="19.14718850"><ele>157.48</ele><time>2025-10-20T13:31:01.841Z</time></trkpt><trkpt lat="47.60811230" lon="19.14719930"><ele>157.48</ele><time>2025-10-20T13:31:02.042Z</time></trkpt><trkpt lat="47.60811410" lon="19.14720870"><ele>157.48</ele><time>2025-10-20T13:31:02.214Z</time></trkpt><trkpt lat="47.60811630" lon="19.14721960"><ele>157.48</ele><time>2025-10-20T13:31:02.417Z</time></trkpt><trkpt lat="47.60811870" lon="19.14723070"><ele>157.49</ele><time>2025-10-20T13:31:02.619Z</time></trkpt><trkpt lat="47.60812110" lon="19.14724110"><ele>157.50</ele><time>2025-10-20T13:31:02.820Z</time></trkpt><trkpt lat="47.60812390" lon="19.14725260"><ele>157.52</ele><time>2025-10-20T13:31:03.040Z</time></trkpt><trkpt lat="47.60812630" lon="19.14726180"><ele>157.52</ele><time>2025-10-20T13:31:03.224Z</time></trkpt><trkpt lat="47.60812930" lon="19.14727280"><ele>157.51</ele><time>2025-10-20T13:31:03.426Z</time></trkpt><trkpt lat="47.60813250" lon="19.14728390"><ele>157.50</ele><time>2025-10-20T13:31:03.627Z</time></trkpt><trkpt lat="47.60813570" lon="19.14729500"><ele>157.51</ele><time>2025-10-20T13:31:03.829Z</time></trkpt><trkpt lat="47.60813870" lon="19.14730470"><ele>157.51</ele><time>2025-10-20T13:31:04.010Z</time></trkpt><trkpt lat="47.60814230" lon="19.14731660"><ele>157.53</ele><time>2025-10-20T13:31:04.234Z</time></trkpt><trkpt lat="47.60814570" lon="19.14732720"><ele>157.53</ele><time>2025-10-20T13:31:04.436Z</time></trkpt><trkpt lat="47.60814920" lon="19.14733760"><ele>157.52</ele><time>2025-10-20T13:31:04.637Z</time></trkpt><trkpt lat="47.60815270" lon="19.14734790"><ele>157.52</ele><time>2025-10-20T13:31:04.839Z</time></trkpt><trkpt lat="47.60815630" lon="19.14735820"><ele>157.53</ele><time>2025-10-20T13:31:05.041Z</time></trkpt><trkpt lat="47.60815980" lon="19.14736760"><ele>157.53</ele><time>2025-10-20T13:31:05.225Z</time></trkpt><trkpt lat="47.60816330" lon="19.14737670"><ele>157.53</ele><time>2025-10-20T13:31:05.406Z</time></trkpt><trkpt lat="47.60816760" lon="19.14738770"><ele>157.54</ele><time>2025-10-20T13:31:05.628Z</time></trkpt><trkpt lat="47.60817170" lon="19.14739760"><ele>157.54</ele><time>2025-10-20T13:31:05.829Z</time></trkpt><trkpt lat="47.60817580" lon="19.14740730"><ele>157.55</ele><time>2025-10-20T13:31:06.031Z</time></trkpt><trkpt lat="47.60818000" lon="19.14741710"><ele>157.55</ele><time>2025-10-20T13:31:06.233Z</time></trkpt><trkpt lat="47.60818440" lon="19.14742660"><ele>157.56</ele><time>2025-10-20T13:31:06.434Z</time></trkpt><trkpt lat="47.60818890" lon="19.14743620"><ele>157.55</ele><time>2025-10-20T13:31:06.636Z</time></trkpt><trkpt lat="47.60819360" lon="19.14744580"><ele>157.55</ele><time>2025-10-20T13:31:06.836Z</time></trkpt><trkpt lat="47.60819860" lon="19.14745540"><ele>157.55</ele><time>2025-10-20T13:31:07.037Z</time></trkpt><trkpt lat="47.60820280" lon="19.14746330"><ele>157.56</ele><time>2025-10-20T13:31:07.220Z</time></trkpt><trkpt lat="47.60820830" lon="19.14747340"><ele>157.56</ele><time>2025-10-20T13:31:07.439Z</time></trkpt><trkpt lat="47.60821370" lon="19.14748310"><ele>157.55</ele><time>2025-10-20T13:31:07.640Z</time></trkpt><trkpt lat="47.60821910" lon="19.14749280"><ele>157.55</ele><time>2025-10-20T13:31:07.841Z</time></trkpt><trkpt lat="47.60822480" lon="19.14750250"><ele>157.54</ele><time>2025-10-20T13:31:08.043Z</time></trkpt><trkpt lat="47.60822970" lon="19.14751080"><ele>157.54</ele><time>2025-10-20T13:31:08.225Z</time></trkpt><trkpt lat="47.60823530" lon="19.14752000"><ele>157.53</ele><time>2025-10-20T13:31:08.428Z</time></trkpt><trkpt lat="47.60824110" lon="19.14752900"><ele>157.53</ele><time>2025-10-20T13:31:08.630Z</time></trkpt><trkpt lat="47.60824700" lon="19.14753790"><ele>157.52</ele><time>2025-10-20T13:31:08.831Z</time></trkpt><trkpt lat="47.60825300" lon="19.14754650"><ele>157.52</ele><time>2025-10-20T13:31:09.032Z</time></trkpt><trkpt lat="47.60825940" lon="19.14755500"><ele>157.52</ele><time>2025-10-20T13:31:09.240Z</time></trkpt><trkpt lat="47.60826570" lon="19.14756310"><ele>157.54</ele><time>2025-10-20T13:31:09.441Z</time></trkpt><trkpt lat="47.60827200" lon="19.14757080"><ele>157.55</ele><time>2025-10-20T13:31:09.644Z</time></trkpt><trkpt lat="47.60827820" lon="19.14757820"><ele>157.56</ele><time>2025-10-20T13:31:09.846Z</time></trkpt><trkpt lat="47.60828460" lon="19.14758560"><ele>157.57</ele><time>2025-10-20T13:31:10.046Z</time></trkpt><trkpt lat="47.60829040" lon="19.14759200"><ele>157.57</ele><time>2025-10-20T13:31:10.230Z</time></trkpt><trkpt lat="47.60829670" lon="19.14759880"><ele>157.58</ele><time>2025-10-20T13:31:10.430Z</time></trkpt><trkpt lat="47.60830360" lon="19.14760630"><ele>157.59</ele><time>2025-10-20T13:31:10.651Z</time></trkpt><trkpt lat="47.60830930" lon="19.14761230"><ele>157.60</ele><time>2025-10-20T13:31:10.832Z</time></trkpt><trkpt lat="47.60831560" lon="19.14761880"><ele>157.61</ele><time>2025-10-20T13:31:11.033Z</time></trkpt><trkpt lat="47.60832210" lon="19.14762520"><ele>157.63</ele><time>2025-10-20T13:31:11.236Z</time></trkpt><trkpt lat="47.60832870" lon="19.14763150"><ele>157.65</ele><time>2025-10-20T13:31:11.442Z</time></trkpt><trkpt lat="47.60833510" lon="19.14763740"><ele>157.67</ele><time>2025-10-20T13:31:11.639Z</time></trkpt><trkpt lat="47.60834180" lon="19.14764360"><ele>157.67</ele><time>2025-10-20T13:31:11.840Z</time></trkpt><trkpt lat="47.60834740" lon="19.14764850"><ele>157.68</ele><time>2025-10-20T13:31:12.000Z</time></trkpt><trkpt lat="47.60835640" lon="19.14765610"><ele>157.67</ele><time>2025-10-20T13:31:12.253Z</time></trkpt><trkpt lat="47.60836240" lon="19.14766100"><ele>157.66</ele><time>2025-10-20T13:31:12.421Z</time></trkpt><trkpt lat="47.60836920" lon="19.14766630"><ele>157.66</ele><time>2025-10-20T13:31:12.622Z</time></trkpt><trkpt lat="47.60837680" lon="19.14767230"><ele>157.65</ele><time>2025-10-20T13:31:12.845Z</time></trkpt><trkpt lat="47.60838350" lon="19.14767750"><ele>157.64</ele><time>2025-10-20T13:31:13.024Z</time></trkpt><trkpt lat="47.60839200" lon="19.14768370"><ele>157.64</ele><time>2025-10-20T13:31:13.251Z</time></trkpt><trkpt lat="47.60839960" lon="19.14768910"><ele>157.65</ele><time>2025-10-20T13:31:13.451Z</time></trkpt><trkpt lat="47.60840660" lon="19.14769390"><ele>157.66</ele><time>2025-10-20T13:31:13.635Z</time></trkpt><trkpt lat="47.60841480" lon="19.14769950"><ele>157.66</ele><time>2025-10-20T13:31:13.856Z</time></trkpt><trkpt lat="47.60842260" lon="19.14770450"><ele>157.66</ele><time>2025-10-20T13:31:14.058Z</time></trkpt><trkpt lat="47.60843130" lon="19.14771010"><ele>157.66</ele><time>2025-10-20T13:31:14.283Z</time></trkpt><trkpt lat="47.60843840" lon="19.14771440"><ele>157.68</ele><time>2025-10-20T13:31:14.465Z</time></trkpt><trkpt lat="47.60844560" lon="19.14771860"><ele>157.69</ele><time>2025-10-20T13:31:14.646Z</time></trkpt><trkpt lat="47.60845350" lon="19.14772310"><ele>157.71</ele><time>2025-10-20T13:31:14.849Z</time></trkpt><trkpt lat="47.60846160" lon="19.14772750"><ele>157.72</ele><time>2025-10-20T13:31:15.051Z</time></trkpt><trkpt lat="47.60846980" lon="19.14773180"><ele>157.74</ele><time>2025-10-20T13:31:15.262Z</time></trkpt><trkpt lat="47.60847790" lon="19.14773590"><ele>157.74</ele><time>2025-10-20T13:31:15.466Z</time></trkpt><trkpt lat="47.60848550" lon="19.14773950"><ele>157.75</ele><time>2025-10-20T13:31:15.667Z</time></trkpt><trkpt lat="47.60849350" lon="19.14774310"><ele>157.76</ele><time>2025-10-20T13:31:15.873Z</time></trkpt><trkpt lat="47.60850080" lon="19.14774620"><ele>157.75</ele><time>2025-10-20T13:31:16.056Z</time></trkpt><trkpt lat="47.60850870" lon="19.14774960"><ele>157.76</ele><time>2025-10-20T13:31:16.258Z</time></trkpt><trkpt lat="47.60851600" lon="19.14775250"><ele>157.76</ele><time>2025-10-20T13:31:16.439Z</time></trkpt><trkpt lat="47.60852420" lon="19.14775580"><ele>157.77</ele><time>2025-10-20T13:31:16.660Z</time></trkpt><trkpt lat="47.60853180" lon="19.14775850"><ele>157.78</ele><time>2025-10-20T13:31:16.860Z</time></trkpt><trkpt lat="47.60853980" lon="19.14776120"><ele>157.78</ele><time>2025-10-20T13:31:17.064Z</time></trkpt><trkpt lat="47.60854780" lon="19.14776360"><ele>157.78</ele><time>2025-10-20T13:31:17.268Z</time></trkpt><trkpt lat="47.60855590" lon="19.14776570"><ele>157.77</ele><time>2025-10-20T13:31:17.468Z</time></trkpt><trkpt lat="47.60856410" lon="19.14776760"><ele>157.76</ele><time>2025-10-20T13:31:17.672Z</time></trkpt><trkpt lat="47.60857230" lon="19.14776920"><ele>157.75</ele><time>2025-10-20T13:31:17.872Z</time></trkpt><trkpt lat="47.60858130" lon="19.14777070"><ele>157.74</ele><time>2025-10-20T13:31:18.095Z</time></trkpt><trkpt lat="47.60858850" lon="19.14777170"><ele>157.73</ele><time>2025-10-20T13:31:18.280Z</time></trkpt><trkpt lat="47.60859660" lon="19.14777250"><ele>157.73</ele><time>2025-10-20T13:31:18.481Z</time></trkpt><trkpt lat="47.60860410" lon="19.14777310"><ele>157.73</ele><time>2025-10-20T13:31:18.664Z</time></trkpt><trkpt lat="47.60861240" lon="19.14777360"><ele>157.74</ele><time>2025-10-20T13:31:18.865Z</time></trkpt><trkpt lat="47.60862000" lon="19.14777390"><ele>157.73</ele><time>2025-10-20T13:31:19.049Z</time></trkpt><trkpt lat="47.60862960" lon="19.14777390"><ele>157.73</ele><time>2025-10-20T13:31:19.281Z</time></trkpt><trkpt lat="47.60863770" lon="19.14777380"><ele>157.72</ele><time>2025-10-20T13:31:19.482Z</time></trkpt><trkpt lat="47.60864560" lon="19.14777350"><ele>157.72</ele><time>2025-10-20T13:31:19.682Z</time></trkpt><trkpt lat="47.60865320" lon="19.14777310"><ele>157.71</ele><time>2025-10-20T13:31:19.882Z</time></trkpt><trkpt lat="47.60866020" lon="19.14777250"><ele>157.71</ele><time>2025-10-20T13:31:20.063Z</time></trkpt><trkpt lat="47.60866830" lon="19.14777160"><ele>157.72</ele><time>2025-10-20T13:31:20.267Z</time></trkpt><trkpt lat="47.60867670" lon="19.14777060"><ele>157.73</ele><time>2025-10-20T13:31:20.472Z</time></trkpt><trkpt lat="47.60868410" lon="19.14776940"><ele>157.74</ele><time>2025-10-20T13:31:20.654Z</time></trkpt><trkpt lat="47.60869240" lon="19.14776800"><ele>157.75</ele><time>2025-10-20T13:31:20.855Z</time></trkpt><trkpt lat="47.60870040" lon="19.14776650"><ele>157.75</ele><time>2025-10-20T13:31:21.055Z</time></trkpt><trkpt lat="47.60870950" lon="19.14776460"><ele>157.76</ele><time>2025-10-20T13:31:21.279Z</time></trkpt><trkpt lat="47.60871760" lon="19.14776290"><ele>157.76</ele><time>2025-10-20T13:31:21.481Z</time></trkpt><trkpt lat="47.60872590" lon="19.14776090"><ele>157.76</ele><time>2025-10-20T13:31:21.682Z</time></trkpt><trkpt lat="47.60873410" lon="19.14775880"><ele>157.76</ele><time>2025-10-20T13:31:21.885Z</time></trkpt><trkpt lat="47.60874230" lon="19.14775640"><ele>157.77</ele><time>2025-10-20T13:31:22.088Z</time></trkpt><trkpt lat="47.60875060" lon="19.14775380"><ele>157.77</ele><time>2025-10-20T13:31:22.291Z</time></trkpt><trkpt lat="47.60875860" lon="19.14775110"><ele>157.78</ele><time>2025-10-20T13:31:22.492Z</time></trkpt><trkpt lat="47.60876630" lon="19.14774820"><ele>157.79</ele><time>2025-10-20T13:31:22.693Z</time></trkpt><trkpt lat="47.60877360" lon="19.14774520"><ele>157.81</ele><time>2025-10-20T13:31:22.895Z</time></trkpt><trkpt lat="47.60878120" lon="19.14774200"><ele>157.81</ele><time>2025-10-20T13:31:23.095Z</time></trkpt><trkpt lat="47.60878940" lon="19.14773830"><ele>157.80</ele><time>2025-10-20T13:31:23.296Z</time></trkpt><trkpt lat="47.60879590" lon="19.14773520"><ele>157.79</ele><time>2025-10-20T13:31:23.458Z</time></trkpt><trkpt lat="47.60880570" lon="19.14773030"><ele>157.79</ele><time>2025-10-20T13:31:23.702Z</time></trkpt><trkpt lat="47.60881340" lon="19.14772640"><ele>157.79</ele><time>2025-10-20T13:31:23.903Z</time></trkpt><trkpt lat="47.60882140" lon="19.14772210"><ele>157.79</ele><time>2025-10-20T13:31:24.104Z</time></trkpt><trkpt lat="47.60882980" lon="19.14771750"><ele>157.78</ele><time>2025-10-20T13:31:24.325Z</time></trkpt><trkpt lat="47.60883680" lon="19.14771360"><ele>157.78</ele><time>2025-10-20T13:31:24.506Z</time></trkpt><trkpt lat="47.60884460" lon="19.14770910"><ele>157.78</ele><time>2025-10-20T13:31:24.708Z</time></trkpt><trkpt lat="47.60885240" lon="19.14770450"><ele>157.77</ele><time>2025-10-20T13:31:24.911Z</time></trkpt><trkpt lat="47.60886030" lon="19.14769960"><ele>157.77</ele><time>2025-10-20T13:31:25.117Z</time></trkpt><trkpt lat="47.60886800" lon="19.14769460"><ele>157.77</ele><time>2025-10-20T13:31:25.324Z</time></trkpt><trkpt lat="47.60887450" lon="19.14769030"><ele>157.78</ele><time>2025-10-20T13:31:25.508Z</time></trkpt><trkpt lat="47.60888090" lon="19.14768590"><ele>157.78</ele><time>2025-10-20T13:31:25.689Z</time></trkpt><trkpt lat="47.60888850" lon="19.14768050"><ele>157.77</ele><time>2025-10-20T13:31:25.911Z</time></trkpt><trkpt lat="47.60889500" lon="19.14767580"><ele>157.77</ele><time>2025-10-20T13:31:26.092Z</time></trkpt><trkpt lat="47.60890290" lon="19.14766950"><ele>157.77</ele><time>2025-10-20T13:31:26.319Z</time></trkpt><trkpt lat="47.60890910" lon="19.14766430"><ele>157.76</ele><time>2025-10-20T13:31:26.499Z</time></trkpt><trkpt lat="47.60891660" lon="19.14765770"><ele>157.75</ele><time>2025-10-20T13:31:26.721Z</time></trkpt><trkpt lat="47.60892250" lon="19.14765230"><ele>157.74</ele><time>2025-10-20T13:31:26.901Z</time></trkpt><trkpt lat="47.60892860" lon="19.14764630"><ele>157.73</ele><time>2025-10-20T13:31:27.102Z</time></trkpt><trkpt lat="47.60893530" lon="19.14763980"><ele>157.72</ele><time>2025-10-20T13:31:27.306Z</time></trkpt><trkpt lat="47.60894200" lon="19.14763310"><ele>157.72</ele><time>2025-10-20T13:31:27.508Z</time></trkpt><trkpt lat="47.60894800" lon="19.14762700"><ele>157.72</ele><time>2025-10-20T13:31:27.690Z</time></trkpt><trkpt lat="47.60895530" lon="19.14761940"><ele>157.72</ele><time>2025-10-20T13:31:27.911Z</time></trkpt><trkpt lat="47.60896180" lon="19.14761250"><ele>157.73</ele><time>2025-10-20T13:31:28.113Z</time></trkpt><trkpt lat="47.60896850" lon="19.14760530"><ele>157.73</ele><time>2025-10-20T13:31:28.316Z</time></trkpt><trkpt lat="47.60897470" lon="19.14759810"><ele>157.73</ele><time>2025-10-20T13:31:28.520Z</time></trkpt><trkpt lat="47.60898120" lon="19.14759040"><ele>157.73</ele><time>2025-10-20T13:31:28.722Z</time></trkpt><trkpt lat="47.60898790" lon="19.14758240"><ele>157.74</ele><time>2025-10-20T13:31:28.925Z</time></trkpt><trkpt lat="47.60899450" lon="19.14757410"><ele>157.74</ele><time>2025-10-20T13:31:29.127Z</time></trkpt><trkpt lat="47.60900120" lon="19.14756550"><ele>157.75</ele><time>2025-10-20T13:31:29.332Z</time></trkpt><trkpt lat="47.60900770" lon="19.14755700"><ele>157.76</ele><time>2025-10-20T13:31:29.532Z</time></trkpt><trkpt lat="47.60901340" lon="19.14754920"><ele>157.77</ele><time>2025-10-20T13:31:29.715Z</time></trkpt><trkpt lat="47.60901950" lon="19.14754060"><ele>157.77</ele><time>2025-10-20T13:31:29.918Z</time></trkpt><trkpt lat="47.60902560" lon="19.14753160"><ele>157.78</ele><time>2025-10-20T13:31:30.121Z</time></trkpt><trkpt lat="47.60903150" lon="19.14752290"><ele>157.78</ele><time>2025-10-20T13:31:30.315Z</time></trkpt><trkpt lat="47.60903750" lon="19.14751360"><ele>157.77</ele><time>2025-10-20T13:31:30.519Z</time></trkpt><trkpt lat="47.60904270" lon="19.14750530"><ele>157.77</ele><time>2025-10-20T13:31:30.700Z</time></trkpt><trkpt lat="47.60904890" lon="19.14749500"><ele>157.77</ele><time>2025-10-20T13:31:30.922Z</time></trkpt><trkpt lat="47.60905420" lon="19.14748580"><ele>157.78</ele><time>2025-10-20T13:31:31.124Z</time></trkpt><trkpt lat="47.60905970" lon="19.14747640"><ele>157.78</ele><time>2025-10-20T13:31:31.329Z</time></trkpt><trkpt lat="47.60906500" lon="19.14746700"><ele>157.77</ele><time>2025-10-20T13:31:31.529Z</time></trkpt><trkpt lat="47.60907030" lon="19.14745750"><ele>157.77</ele><time>2025-10-20T13:31:31.731Z</time></trkpt><trkpt lat="47.60907500" lon="19.14744860"><ele>157.76</ele><time>2025-10-20T13:31:31.913Z</time></trkpt><trkpt lat="47.60908000" lon="19.14743850"><ele>157.76</ele><time>2025-10-20T13:31:32.116Z</time></trkpt><trkpt lat="47.60908490" lon="19.14742810"><ele>157.76</ele><time>2025-10-20T13:31:32.322Z</time></trkpt><trkpt lat="47.60908850" lon="19.14742020"><ele>157.76</ele><time>2025-10-20T13:31:32.483Z</time></trkpt><trkpt lat="47.60909320" lon="19.14740910"><ele>157.76</ele><time>2025-10-20T13:31:32.703Z</time></trkpt><trkpt lat="47.60909740" lon="19.14739900"><ele>157.75</ele><time>2025-10-20T13:31:32.904Z</time></trkpt><trkpt lat="47.60910210" lon="19.14738700"><ele>157.75</ele><time>2025-10-20T13:31:33.126Z</time></trkpt><trkpt lat="47.60910570" lon="19.14737740"><ele>157.74</ele><time>2025-10-20T13:31:33.299Z</time></trkpt><trkpt lat="47.60910980" lon="19.14736630"><ele>157.74</ele><time>2025-10-20T13:31:33.503Z</time></trkpt><trkpt lat="47.60911430" lon="19.14735390"><ele>157.73</ele><time>2025-10-20T13:31:33.725Z</time></trkpt><trkpt lat="47.60911770" lon="19.14734410"><ele>157.73</ele><time>2025-10-20T13:31:33.906Z</time></trkpt><trkpt lat="47.60912180" lon="19.14733170"><ele>157.73</ele><time>2025-10-20T13:31:34.139Z</time></trkpt><trkpt lat="47.60912520" lon="19.14732130"><ele>157.73</ele><time>2025-10-20T13:31:34.333Z</time></trkpt><trkpt lat="47.60912860" lon="19.14731020"><ele>157.72</ele><time>2025-10-20T13:31:34.533Z</time></trkpt><trkpt lat="47.60913210" lon="19.14729860"><ele>157.72</ele><time>2025-10-20T13:31:34.734Z</time></trkpt><trkpt lat="47.60913510" lon="19.14728800"><ele>157.72</ele><time>2025-10-20T13:31:34.916Z</time></trkpt><trkpt lat="47.60913840" lon="19.14727600"><ele>157.73</ele><time>2025-10-20T13:31:35.121Z</time></trkpt><trkpt lat="47.60914140" lon="19.14726480"><ele>157.73</ele><time>2025-10-20T13:31:35.311Z</time></trkpt><trkpt lat="47.60914430" lon="19.14725310"><ele>157.73</ele><time>2025-10-20T13:31:35.514Z</time></trkpt><trkpt lat="47.60914730" lon="19.14724030"><ele>157.74</ele><time>2025-10-20T13:31:35.736Z</time></trkpt><trkpt lat="47.60915000" lon="19.14722840"><ele>157.75</ele><time>2025-10-20T13:31:35.938Z</time></trkpt><trkpt lat="47.60915250" lon="19.14721710"><ele>157.75</ele><time>2025-10-20T13:31:36.131Z</time></trkpt><trkpt lat="47.60915500" lon="19.14720520"><ele>157.74</ele><time>2025-10-20T13:31:36.335Z</time></trkpt><trkpt lat="47.60915730" lon="19.14719330"><ele>157.74</ele><time>2025-10-20T13:31:36.536Z</time></trkpt><trkpt lat="47.60915940" lon="19.14718140"><ele>157.74</ele><time>2025-10-20T13:31:36.736Z</time></trkpt><trkpt lat="47.60916140" lon="19.14716960"><ele>157.74</ele><time>2025-10-20T13:31:36.937Z</time></trkpt><trkpt lat="47.60916340" lon="19.14715680"><ele>157.74</ele><time>2025-10-20T13:31:37.145Z</time></trkpt><trkpt lat="47.60916510" lon="19.14714550"><ele>157.74</ele><time>2025-10-20T13:31:37.330Z</time></trkpt><trkpt lat="47.60916680" lon="19.14713260"><ele>157.74</ele><time>2025-10-20T13:31:37.533Z</time></trkpt><trkpt lat="47.60916840" lon="19.14712000"><ele>157.73</ele><time>2025-10-20T13:31:37.735Z</time></trkpt><trkpt lat="47.60916970" lon="19.14710870"><ele>157.73</ele><time>2025-10-20T13:31:37.916Z</time></trkpt><trkpt lat="47.60917120" lon="19.14709490"><ele>157.72</ele><time>2025-10-20T13:31:38.138Z</time></trkpt><trkpt lat="47.60917230" lon="19.14708260"><ele>157.71</ele><time>2025-10-20T13:31:38.340Z</time></trkpt><trkpt lat="47.60917340" lon="19.14707000"><ele>157.70</ele><time>2025-10-20T13:31:38.545Z</time></trkpt><trkpt lat="47.60917420" lon="19.14705860"><ele>157.70</ele><time>2025-10-20T13:31:38.726Z</time></trkpt><trkpt lat="47.60917490" lon="19.14704830"><ele>157.70</ele><time>2025-10-20T13:31:38.888Z</time></trkpt><trkpt lat="47.60917570" lon="19.14703410"><ele>157.69</ele><time>2025-10-20T13:31:39.109Z</time></trkpt><trkpt lat="47.60917630" lon="19.14702070"><ele>157.68</ele><time>2025-10-20T13:31:39.322Z</time></trkpt><trkpt lat="47.60917670" lon="19.14700800"><ele>157.68</ele><time>2025-10-20T13:31:39.542Z</time></trkpt><trkpt lat="47.60917700" lon="19.14699590"><ele>157.68</ele><time>2025-10-20T13:31:39.745Z</time></trkpt><trkpt lat="47.60917720" lon="19.14698340"><ele>157.67</ele><time>2025-10-20T13:31:39.944Z</time></trkpt><trkpt lat="47.60917720" lon="19.14697060"><ele>157.66</ele><time>2025-10-20T13:31:40.146Z</time></trkpt><trkpt lat="47.60917720" lon="19.14695790"><ele>157.66</ele><time>2025-10-20T13:31:40.348Z</time></trkpt><trkpt lat="47.60917710" lon="19.14694520"><ele>157.65</ele><time>2025-10-20T13:31:40.549Z</time></trkpt><trkpt lat="47.60917680" lon="19.14693240"><ele>157.64</ele><time>2025-10-20T13:31:40.749Z</time></trkpt><trkpt lat="47.60917640" lon="19.14691990"><ele>157.64</ele><time>2025-10-20T13:31:40.949Z</time></trkpt><trkpt lat="47.60917600" lon="19.14690720"><ele>157.63</ele><time>2025-10-20T13:31:41.153Z</time></trkpt><trkpt lat="47.60917560" lon="19.14689790"><ele>157.62</ele><time>2025-10-20T13:31:41.302Z</time></trkpt><trkpt lat="47.60917460" lon="19.14688270"><ele>157.60</ele><time>2025-10-20T13:31:41.546Z</time></trkpt><trkpt lat="47.60917350" lon="19.14686990"><ele>157.58</ele><time>2025-10-20T13:31:41.750Z</time></trkpt><trkpt lat="47.60917240" lon="19.14685860"><ele>157.58</ele><time>2025-10-20T13:31:41.932Z</time></trkpt><trkpt lat="47.60917090" lon="19.14684470"><ele>157.57</ele><time>2025-10-20T13:31:42.154Z</time></trkpt><trkpt lat="47.60916960" lon="19.14683450"><ele>157.57</ele><time>2025-10-20T13:31:42.337Z</time></trkpt><trkpt lat="47.60916800" lon="19.14682210"><ele>157.57</ele><time>2025-10-20T13:31:42.541Z</time></trkpt><trkpt lat="47.60916630" lon="19.14680990"><ele>157.56</ele><time>2025-10-20T13:31:42.744Z</time></trkpt><trkpt lat="47.60916450" lon="19.14679770"><ele>157.56</ele><time>2025-10-20T13:31:42.945Z</time></trkpt><trkpt lat="47.60916250" lon="19.14678530"><ele>157.56</ele><time>2025-10-20T13:31:43.150Z</time></trkpt><trkpt lat="47.60916050" lon="19.14677320"><ele>157.55</ele><time>2025-10-20T13:31:43.353Z</time></trkpt><trkpt lat="47.60915840" lon="19.14676140"><ele>157.55</ele><time>2025-10-20T13:31:43.555Z</time></trkpt><trkpt lat="47.60915640" lon="19.14675090"><ele>157.55</ele><time>2025-10-20T13:31:43.737Z</time></trkpt><trkpt lat="47.60915410" lon="19.14673940"><ele>157.54</ele><time>2025-10-20T13:31:43.941Z</time></trkpt><trkpt lat="47.60915170" lon="19.14672780"><ele>157.54</ele><time>2025-10-20T13:31:44.149Z</time></trkpt><trkpt lat="47.60914910" lon="19.14671630"><ele>157.53</ele><time>2025-10-20T13:31:44.354Z</time></trkpt><trkpt lat="47.60914680" lon="19.14670620"><ele>157.52</ele><time>2025-10-20T13:31:44.535Z</time></trkpt><trkpt lat="47.60914410" lon="19.14669510"><ele>157.51</ele><time>2025-10-20T13:31:44.737Z</time></trkpt><trkpt lat="47.60914130" lon="19.14668410"><ele>157.50</ele><time>2025-10-20T13:31:44.940Z</time></trkpt><trkpt lat="47.60913860" lon="19.14667390"><ele>157.50</ele><time>2025-10-20T13:31:45.142Z</time></trkpt><trkpt lat="47.60913570" lon="19.14666320"><ele>157.51</ele><time>2025-10-20T13:31:45.344Z</time></trkpt><trkpt lat="47.60913280" lon="19.14665320"><ele>157.51</ele><time>2025-10-20T13:31:45.525Z</time></trkpt><trkpt lat="47.60912910" lon="19.14664100"><ele>157.50</ele><time>2025-10-20T13:31:45.747Z</time></trkpt><trkpt lat="47.60912550" lon="19.14662990"><ele>157.49</ele><time>2025-10-20T13:31:45.949Z</time></trkpt><trkpt lat="47.60912200" lon="19.14661930"><ele>157.49</ele><time>2025-10-20T13:31:46.142Z</time></trkpt><trkpt lat="47.60911840" lon="19.14660890"><ele>157.48</ele><time>2025-10-20T13:31:46.343Z</time></trkpt><trkpt lat="47.60911480" lon="19.14659860"><ele>157.46</ele><time>2025-10-20T13:31:46.545Z</time></trkpt><trkpt lat="47.60911090" lon="19.14658810"><ele>157.45</ele><time>2025-10-20T13:31:46.746Z</time></trkpt><trkpt lat="47.60910680" lon="19.14657750"><ele>157.45</ele><time>2025-10-20T13:31:46.947Z</time></trkpt><trkpt lat="47.60910270" lon="19.14656700"><ele>157.44</ele><time>2025-10-20T13:31:47.150Z</time></trkpt><trkpt lat="47.60909910" lon="19.14655810"><ele>157.44</ele><time>2025-10-20T13:31:47.322Z</time></trkpt><trkpt lat="47.60909430" lon="19.14654680"><ele>157.44</ele><time>2025-10-20T13:31:47.544Z</time></trkpt><trkpt lat="47.60908990" lon="19.14653690"><ele>157.44</ele><time>2025-10-20T13:31:47.745Z</time></trkpt><trkpt lat="47.60908590" lon="19.14652810"><ele>157.44</ele><time>2025-10-20T13:31:47.928Z</time></trkpt><trkpt lat="47.60908120" lon="19.14651800"><ele>157.44</ele><time>2025-10-20T13:31:48.140Z</time></trkpt><trkpt lat="47.60907650" lon="19.14650810"><ele>157.45</ele><time>2025-10-20T13:31:48.352Z</time></trkpt><trkpt lat="47.60907190" lon="19.14649870"><ele>157.45</ele><time>2025-10-20T13:31:48.553Z</time></trkpt><trkpt lat="47.60906710" lon="19.14648940"><ele>157.46</ele><time>2025-10-20T13:31:48.754Z</time></trkpt><trkpt lat="47.60906230" lon="19.14648030"><ele>157.47</ele><time>2025-10-20T13:31:48.956Z</time></trkpt><trkpt lat="47.60905810" lon="19.14647270"><ele>157.48</ele><time>2025-10-20T13:31:49.138Z</time></trkpt><trkpt lat="47.60905320" lon="19.14646380"><ele>157.48</ele><time>2025-10-20T13:31:49.340Z</time></trkpt><trkpt lat="47.60904810" lon="19.14645490"><ele>157.48</ele><time>2025-10-20T13:31:49.542Z</time></trkpt><trkpt lat="47.60904290" lon="19.14644610"><ele>157.48</ele><time>2025-10-20T13:31:49.744Z</time></trkpt><trkpt lat="47.60903720" lon="19.14643640"><ele>157.48</ele><time>2025-10-20T13:31:49.966Z</time></trkpt><trkpt lat="47.60903200" lon="19.14642760"><ele>157.49</ele><time>2025-10-20T13:31:50.170Z</time></trkpt><trkpt lat="47.60902680" lon="19.14641930"><ele>157.49</ele><time>2025-10-20T13:31:50.373Z</time></trkpt><trkpt lat="47.60902170" lon="19.14641110"><ele>157.48</ele><time>2025-10-20T13:31:50.575Z</time></trkpt><trkpt lat="47.60901670" lon="19.14640350"><ele>157.48</ele><time>2025-10-20T13:31:50.777Z</time></trkpt><trkpt lat="47.60901190" lon="19.14639600"><ele>157.48</ele><time>2025-10-20T13:31:50.961Z</time></trkpt><trkpt lat="47.60900630" lon="19.14638790"><ele>157.48</ele><time>2025-10-20T13:31:51.165Z</time></trkpt><trkpt lat="47.60900100" lon="19.14638040"><ele>157.48</ele><time>2025-10-20T13:31:51.356Z</time></trkpt><trkpt lat="47.60899530" lon="19.14637270"><ele>157.48</ele><time>2025-10-20T13:31:51.559Z</time></trkpt><trkpt lat="47.60899010" lon="19.14636570"><ele>157.48</ele><time>2025-10-20T13:31:51.742Z</time></trkpt><trkpt lat="47.60898430" lon="19.14635820"><ele>157.49</ele><time>2025-10-20T13:31:51.944Z</time></trkpt><trkpt lat="47.60897800" lon="19.14635020"><ele>157.48</ele><time>2025-10-20T13:31:52.167Z</time></trkpt><trkpt lat="47.60897190" lon="19.14634290"><ele>157.47</ele><time>2025-10-20T13:31:52.369Z</time></trkpt><trkpt lat="47.60896570" lon="19.14633580"><ele>157.46</ele><time>2025-10-20T13:31:52.571Z</time></trkpt><trkpt lat="47.60895920" lon="19.14632860"><ele>157.47</ele><time>2025-10-20T13:31:52.774Z</time></trkpt><trkpt lat="47.60895260" lon="19.14632150"><ele>157.46</ele><time>2025-10-20T13:31:52.976Z</time></trkpt><trkpt lat="47.60894600" lon="19.14631460"><ele>157.46</ele><time>2025-10-20T13:31:53.177Z</time></trkpt><trkpt lat="47.60894030" lon="19.14630860"><ele>157.46</ele><time>2025-10-20T13:31:53.359Z</time></trkpt><trkpt lat="47.60893330" lon="19.14630140"><ele>157.45</ele><time>2025-10-20T13:31:53.580Z</time></trkpt><trkpt lat="47.60892650" lon="19.14629450"><ele>157.45</ele><time>2025-10-20T13:31:53.783Z</time></trkpt><trkpt lat="47.60891950" lon="19.14628780"><ele>157.45</ele><time>2025-10-20T13:31:53.983Z</time></trkpt><trkpt lat="47.60891310" lon="19.14628170"><ele>157.45</ele><time>2025-10-20T13:31:54.168Z</time></trkpt><trkpt lat="47.60890580" lon="19.14627520"><ele>157.45</ele><time>2025-10-20T13:31:54.375Z</time></trkpt><trkpt lat="47.60889880" lon="19.14626910"><ele>157.46</ele><time>2025-10-20T13:31:54.576Z</time></trkpt><trkpt lat="47.60889260" lon="19.14626390"><ele>157.46</ele><time>2025-10-20T13:31:54.756Z</time></trkpt><trkpt lat="47.60888510" lon="19.14625790"><ele>157.46</ele><time>2025-10-20T13:31:54.976Z</time></trkpt><trkpt lat="47.60887800" lon="19.14625250"><ele>157.48</ele><time>2025-10-20T13:31:55.179Z</time></trkpt><trkpt lat="47.60887070" lon="19.14624710"><ele>157.47</ele><time>2025-10-20T13:31:55.379Z</time></trkpt><trkpt lat="47.60886340" lon="19.14624210"><ele>157.46</ele><time>2025-10-20T13:31:55.581Z</time></trkpt><trkpt lat="47.60885600" lon="19.14623740"><ele>157.45</ele><time>2025-10-20T13:31:55.781Z</time></trkpt><trkpt lat="47.60884990" lon="19.14623360"><ele>157.45</ele><time>2025-10-20T13:31:55.944Z</time></trkpt><trkpt lat="47.60884250" lon="19.14622930"><ele>157.44</ele><time>2025-10-20T13:31:56.150Z</time></trkpt><trkpt lat="47.60883320" lon="19.14622420"><ele>157.43</ele><time>2025-10-20T13:31:56.391Z</time></trkpt><trkpt lat="47.60882580" lon="19.14622000"><ele>157.42</ele><time>2025-10-20T13:31:56.587Z</time></trkpt><trkpt lat="47.60881840" lon="19.14621610"><ele>157.42</ele><time>2025-10-20T13:31:56.778Z</time></trkpt><trkpt lat="47.60881140" lon="19.14621250"><ele>157.41</ele><time>2025-10-20T13:31:56.959Z</time></trkpt><trkpt lat="47.60880350" lon="19.14620870"><ele>157.40</ele><time>2025-10-20T13:31:57.162Z</time></trkpt><trkpt lat="47.60879520" lon="19.14620490"><ele>157.40</ele><time>2025-10-20T13:31:57.375Z</time></trkpt><trkpt lat="47.60878750" lon="19.14620170"><ele>157.40</ele><time>2025-10-20T13:31:57.575Z</time></trkpt><trkpt lat="47.60877920" lon="19.14619860"><ele>157.39</ele><time>2025-10-20T13:31:57.776Z</time></trkpt><trkpt lat="47.60877080" lon="19.14619560"><ele>157.39</ele><time>2025-10-20T13:31:57.978Z</time></trkpt><trkpt lat="47.60876230" lon="19.14619280"><ele>157.38</ele><time>2025-10-20T13:31:58.181Z</time></trkpt><trkpt lat="47.60875470" lon="19.14619040"><ele>157.38</ele><time>2025-10-20T13:31:58.362Z</time></trkpt><trkpt lat="47.60874560" lon="19.14618780"><ele>157.37</ele><time>2025-10-20T13:31:58.583Z</time></trkpt><trkpt lat="47.60873760" lon="19.14618560"><ele>157.35</ele><time>2025-10-20T13:31:58.784Z</time></trkpt><trkpt lat="47.60873030" lon="19.14618370"><ele>157.33</ele><time>2025-10-20T13:31:58.966Z</time></trkpt><trkpt lat="47.60872190" lon="19.14618170"><ele>157.33</ele><time>2025-10-20T13:31:59.172Z</time></trkpt><trkpt lat="47.60871310" lon="19.14617990"><ele>157.33</ele><time>2025-10-20T13:31:59.383Z</time></trkpt><trkpt lat="47.60870450" lon="19.14617820"><ele>157.34</ele><time>2025-10-20T13:31:59.585Z</time></trkpt><trkpt lat="47.60869580" lon="19.14617660"><ele>157.34</ele><time>2025-10-20T13:31:59.790Z</time></trkpt><trkpt lat="47.60868800" lon="19.14617520"><ele>157.35</ele><time>2025-10-20T13:31:59.971Z</time></trkpt><trkpt lat="47.60867900" lon="19.14617370"><ele>157.35</ele><time>2025-10-20T13:32:00.182Z</time></trkpt><trkpt lat="47.60867040" lon="19.14617250"><ele>157.34</ele><time>2025-10-20T13:32:00.385Z</time></trkpt><trkpt lat="47.60866170" lon="19.14617160"><ele>157.35</ele><time>2025-10-20T13:32:00.587Z</time></trkpt><trkpt lat="47.60865290" lon="19.14617090"><ele>157.35</ele><time>2025-10-20T13:32:00.790Z</time></trkpt><trkpt lat="47.60864450" lon="19.14617050"><ele>157.36</ele><time>2025-10-20T13:32:00.993Z</time></trkpt><trkpt lat="47.60863600" lon="19.14617040"><ele>157.36</ele><time>2025-10-20T13:32:01.194Z</time></trkpt><trkpt lat="47.60862860" lon="19.14617040"><ele>157.37</ele><time>2025-10-20T13:32:01.375Z</time></trkpt><trkpt lat="47.60862030" lon="19.14617070"><ele>157.37</ele><time>2025-10-20T13:32:01.577Z</time></trkpt><trkpt lat="47.60861120" lon="19.14617130"><ele>157.37</ele><time>2025-10-20T13:32:01.802Z</time></trkpt><trkpt lat="47.60860300" lon="19.14617220"><ele>157.37</ele><time>2025-10-20T13:32:02.002Z</time></trkpt><trkpt lat="47.60859460" lon="19.14617330"><ele>157.37</ele><time>2025-10-20T13:32:02.205Z</time></trkpt><trkpt lat="47.60858640" lon="19.14617470"><ele>157.37</ele><time>2025-10-20T13:32:02.407Z</time></trkpt><trkpt lat="47.60857840" lon="19.14617630"><ele>157.37</ele><time>2025-10-20T13:32:02.607Z</time></trkpt><trkpt lat="47.60857050" lon="19.14617800"><ele>157.37</ele><time>2025-10-20T13:32:02.809Z</time></trkpt><trkpt lat="47.60856340" lon="19.14617970"><ele>157.39</ele><time>2025-10-20T13:32:02.990Z</time></trkpt><trkpt lat="47.60855570" lon="19.14618160"><ele>157.40</ele><time>2025-10-20T13:32:03.190Z</time></trkpt><trkpt lat="47.60854740" lon="19.14618370"><ele>157.38</ele><time>2025-10-20T13:32:03.396Z</time></trkpt><trkpt lat="47.60853910" lon="19.14618590"><ele>157.36</ele><time>2025-10-20T13:32:03.596Z</time></trkpt><trkpt lat="47.60853070" lon="19.14618820"><ele>157.34</ele><time>2025-10-20T13:32:03.799Z</time></trkpt><trkpt lat="47.60852260" lon="19.14619070"><ele>157.32</ele><time>2025-10-20T13:32:04.001Z</time></trkpt><trkpt lat="47.60851470" lon="19.14619350"><ele>157.30</ele><time>2025-10-20T13:32:04.205Z</time></trkpt><trkpt lat="47.60850700" lon="19.14619630"><ele>157.30</ele><time>2025-10-20T13:32:04.408Z</time></trkpt><trkpt lat="47.60849930" lon="19.14619920"><ele>157.27</ele><time>2025-10-20T13:32:04.608Z</time></trkpt><trkpt lat="47.60849130" lon="19.14620240"><ele>157.26</ele><time>2025-10-20T13:32:04.810Z</time></trkpt><trkpt lat="47.60848500" lon="19.14620500"><ele>157.25</ele><time>2025-10-20T13:32:04.970Z</time></trkpt><trkpt lat="47.60847600" lon="19.14620900"><ele>157.25</ele><time>2025-10-20T13:32:05.200Z</time></trkpt><trkpt lat="47.60846820" lon="19.14621260"><ele>157.25</ele><time>2025-10-20T13:32:05.402Z</time></trkpt><trkpt lat="47.60846060" lon="19.14621630"><ele>157.24</ele><time>2025-10-20T13:32:05.603Z</time></trkpt><trkpt lat="47.60845320" lon="19.14622010"><ele>157.23</ele><time>2025-10-20T13:32:05.804Z</time></trkpt><trkpt lat="47.60844640" lon="19.14622370"><ele>157.23</ele><time>2025-10-20T13:32:05.985Z</time></trkpt><trkpt lat="47.60843810" lon="19.14622820"><ele>157.23</ele><time>2025-10-20T13:32:06.208Z</time></trkpt><trkpt lat="47.60843070" lon="19.14623260"><ele>157.22</ele><time>2025-10-20T13:32:06.409Z</time></trkpt><trkpt lat="47.60842400" lon="19.14623670"><ele>157.21</ele><time>2025-10-20T13:32:06.590Z</time></trkpt><trkpt lat="47.60841670" lon="19.14624140"><ele>157.21</ele><time>2025-10-20T13:32:06.792Z</time></trkpt><trkpt lat="47.60841020" lon="19.14624570"><ele>157.21</ele><time>2025-10-20T13:32:06.973Z</time></trkpt><trkpt lat="47.60840220" lon="19.14625120"><ele>157.22</ele><time>2025-10-20T13:32:07.196Z</time></trkpt><trkpt lat="47.60839420" lon="19.14625700"><ele>157.22</ele><time>2025-10-20T13:32:07.419Z</time></trkpt><trkpt lat="47.60838710" lon="19.14626240"><ele>157.21</ele><time>2025-10-20T13:32:07.619Z</time></trkpt><trkpt lat="47.60838000" lon="19.14626780"><ele>157.20</ele><time>2025-10-20T13:32:07.819Z</time></trkpt><trkpt lat="47.60837370" lon="19.14627290"><ele>157.19</ele><time>2025-10-20T13:32:07.998Z</time></trkpt><trkpt lat="47.60836580" lon="19.14627950"><ele>157.19</ele><time>2025-10-20T13:32:08.224Z</time></trkpt><trkpt lat="47.60835890" lon="19.14628550"><ele>157.19</ele><time>2025-10-20T13:32:08.425Z</time></trkpt><trkpt lat="47.60835290" lon="19.14629090"><ele>157.19</ele><time>2025-10-20T13:32:08.606Z</time></trkpt><trkpt lat="47.60834630" lon="19.14629690"><ele>157.20</ele><time>2025-10-20T13:32:08.807Z</time></trkpt><trkpt lat="47.60833980" lon="19.14630310"><ele>157.22</ele><time>2025-10-20T13:32:09.008Z</time></trkpt><trkpt lat="47.60833350" lon="19.14630940"><ele>157.22</ele><time>2025-10-20T13:32:09.209Z</time></trkpt><trkpt lat="47.60832750" lon="19.14631540"><ele>157.22</ele><time>2025-10-20T13:32:09.409Z</time></trkpt><trkpt lat="47.60832170" lon="19.14632130"><ele>157.22</ele><time>2025-10-20T13:32:09.610Z</time></trkpt><trkpt lat="47.60831580" lon="19.14632750"><ele>157.23</ele><time>2025-10-20T13:32:09.810Z</time></trkpt><trkpt lat="47.60830970" lon="19.14633390"><ele>157.23</ele><time>2025-10-20T13:32:10.011Z</time></trkpt><trkpt lat="47.60830340" lon="19.14634060"><ele>157.22</ele><time>2025-10-20T13:32:10.215Z</time></trkpt><trkpt lat="47.60829700" lon="19.14634740"><ele>157.22</ele><time>2025-10-20T13:32:10.416Z</time></trkpt><trkpt lat="47.60829080" lon="19.14635430"><ele>157.22</ele><time>2025-10-20T13:32:10.618Z</time></trkpt><trkpt lat="47.60828460" lon="19.14636150"><ele>157.23</ele><time>2025-10-20T13:32:10.819Z</time></trkpt><trkpt lat="47.60827860" lon="19.14636880"><ele>157.25</ele><time>2025-10-20T13:32:11.022Z</time></trkpt><trkpt lat="47.60827250" lon="19.14637660"><ele>157.27</ele><time>2025-10-20T13:32:11.226Z</time></trkpt><trkpt lat="47.60826650" lon="19.14638470"><ele>157.29</ele><time>2025-10-20T13:32:11.429Z</time></trkpt><trkpt lat="47.60826120" lon="19.14639220"><ele>157.29</ele><time>2025-10-20T13:32:11.611Z</time></trkpt><trkpt lat="47.60825540" lon="19.14640060"><ele>157.28</ele><time>2025-10-20T13:32:11.812Z</time></trkpt><trkpt lat="47.60824960" lon="19.14640940"><ele>157.28</ele><time>2025-10-20T13:32:12.014Z</time></trkpt><trkpt lat="47.60824390" lon="19.14641820"><ele>157.28</ele><time>2025-10-20T13:32:12.214Z</time></trkpt><trkpt lat="47.60823830" lon="19.14642710"><ele>157.28</ele><time>2025-10-20T13:32:12.415Z</time></trkpt><trkpt lat="47.60823250" lon="19.14643630"><ele>157.29</ele><time>2025-10-20T13:32:12.617Z</time></trkpt><trkpt lat="47.60822670" lon="19.14644580"><ele>157.29</ele><time>2025-10-20T13:32:12.818Z</time></trkpt><trkpt lat="47.60822100" lon="19.14645540"><ele>157.29</ele><time>2025-10-20T13:32:13.020Z</time></trkpt><trkpt lat="47.60821580" lon="19.14646490"><ele>157.29</ele><time>2025-10-20T13:32:13.214Z</time></trkpt><trkpt lat="47.60821040" lon="19.14647490"><ele>157.29</ele><time>2025-10-20T13:32:13.417Z</time></trkpt><trkpt lat="47.60820530" lon="19.14648480"><ele>157.28</ele><time>2025-10-20T13:32:13.621Z</time></trkpt><trkpt lat="47.60820050" lon="19.14649410"><ele>157.27</ele><time>2025-10-20T13:32:13.820Z</time></trkpt><trkpt lat="47.60819580" lon="19.14650330"><ele>157.26</ele><time>2025-10-20T13:32:14.021Z</time></trkpt><trkpt lat="47.60819070" lon="19.14651360"><ele>157.25</ele><time>2025-10-20T13:32:14.231Z</time></trkpt><trkpt lat="47.60818630" lon="19.14652240"><ele>157.24</ele><time>2025-10-20T13:32:14.412Z</time></trkpt><trkpt lat="47.60818260" lon="19.14653020"><ele>157.22</ele><time>2025-10-20T13:32:14.573Z</time></trkpt><trkpt lat="47.60817730" lon="19.14654220"><ele>157.22</ele><time>2025-10-20T13:32:14.816Z</time></trkpt><trkpt lat="47.60817310" lon="19.14655220"><ele>157.20</ele><time>2025-10-20T13:32:15.016Z</time></trkpt><trkpt lat="47.60816890" lon="19.14656260"><ele>157.19</ele><time>2025-10-20T13:32:15.220Z</time></trkpt><trkpt lat="47.60816490" lon="19.14657300"><ele>157.18</ele><time>2025-10-20T13:32:15.426Z</time></trkpt><trkpt lat="47.60816090" lon="19.14658330"><ele>157.18</ele><time>2025-10-20T13:32:15.628Z</time></trkpt><trkpt lat="47.60815700" lon="19.14659380"><ele>157.17</ele><time>2025-10-20T13:32:15.829Z</time></trkpt><trkpt lat="47.60815320" lon="19.14660420"><ele>157.17</ele><time>2025-10-20T13:32:16.029Z</time></trkpt><trkpt lat="47.60814930" lon="19.14661510"><ele>157.16</ele><time>2025-10-20T13:32:16.234Z</time></trkpt><trkpt lat="47.60814580" lon="19.14662570"><ele>157.17</ele><time>2025-10-20T13:32:16.435Z</time></trkpt><trkpt lat="47.60814230" lon="19.14663650"><ele>157.17</ele><time>2025-10-20T13:32:16.636Z</time></trkpt><trkpt lat="47.60813910" lon="19.14664750"><ele>157.19</ele><time>2025-10-20T13:32:16.837Z</time></trkpt><trkpt lat="47.60813580" lon="19.14665910"><ele>157.20</ele><time>2025-10-20T13:32:17.040Z</time></trkpt><trkpt lat="47.60813320" lon="19.14666860"><ele>157.22</ele><time>2025-10-20T13:32:17.203Z</time></trkpt><trkpt lat="47.60812980" lon="19.14668160"><ele>157.22</ele><time>2025-10-20T13:32:17.424Z</time></trkpt><trkpt lat="47.60812680" lon="19.14669350"><ele>157.23</ele><time>2025-10-20T13:32:17.625Z</time></trkpt><trkpt lat="47.60812370" lon="19.14670680"><ele>157.23</ele><time>2025-10-20T13:32:17.845Z</time></trkpt><trkpt lat="47.60812110" lon="19.14671910"><ele>157.22</ele><time>2025-10-20T13:32:18.046Z</time></trkpt><trkpt lat="47.60811910" lon="19.14672870"><ele>157.20</ele><time>2025-10-20T13:32:18.209Z</time></trkpt><trkpt lat="47.60811610" lon="19.14674350"><ele>157.19</ele><time>2025-10-20T13:32:18.452Z</time></trkpt><trkpt lat="47.60811400" lon="19.14675460"><ele>157.19</ele><time>2025-10-20T13:32:18.634Z</time></trkpt><trkpt lat="47.60811170" lon="19.14676680"><ele>157.18</ele><time>2025-10-20T13:32:18.834Z</time></trkpt><trkpt lat="47.60810970" lon="19.14677860"><ele>157.18</ele><time>2025-10-20T13:32:19.034Z</time></trkpt><trkpt lat="47.60810780" lon="19.14679050"><ele>157.20</ele><time>2025-10-20T13:32:19.235Z</time></trkpt><trkpt lat="47.60810600" lon="19.14680260"><ele>157.22</ele><time>2025-10-20T13:32:19.436Z</time></trkpt><trkpt lat="47.60810450" lon="19.14681340"><ele>157.23</ele><time>2025-10-20T13:32:19.617Z</time></trkpt><trkpt lat="47.60810290" lon="19.14682540"><ele>157.23</ele><time>2025-10-20T13:32:19.818Z</time></trkpt><trkpt lat="47.60810150" lon="19.14683720"><ele>157.23</ele><time>2025-10-20T13:32:20.019Z</time></trkpt><trkpt lat="47.60810000" lon="19.14684940"><ele>157.21</ele><time>2025-10-20T13:32:20.229Z</time></trkpt><trkpt lat="47.60809860" lon="19.14686080"><ele>157.20</ele><time>2025-10-20T13:32:20.432Z</time></trkpt><trkpt lat="47.60809730" lon="19.14687240"><ele>157.22</ele><time>2025-10-20T13:32:20.633Z</time></trkpt><trkpt lat="47.60809610" lon="19.14688320"><ele>157.22</ele><time>2025-10-20T13:32:20.833Z</time></trkpt><trkpt lat="47.60809510" lon="19.14689470"><ele>157.21</ele><time>2025-10-20T13:32:21.035Z</time></trkpt><trkpt lat="47.60809430" lon="19.14690670"><ele>157.19</ele><time>2025-10-20T13:32:21.238Z</time></trkpt><trkpt lat="47.60809360" lon="19.14691990"><ele>157.18</ele><time>2025-10-20T13:32:21.459Z</time></trkpt><trkpt lat="47.60809310" lon="19.14693200"><ele>157.17</ele><time>2025-10-20T13:32:21.659Z</time></trkpt><trkpt lat="47.60809260" lon="19.14694330"><ele>157.17</ele><time>2025-10-20T13:32:21.841Z</time></trkpt><trkpt lat="47.60809230" lon="19.14695570"><ele>157.17</ele><time>2025-10-20T13:32:22.041Z</time></trkpt><trkpt lat="47.60809210" lon="19.14696790"><ele>157.18</ele><time>2025-10-20T13:32:22.243Z</time></trkpt><trkpt lat="47.60809200" lon="19.14698150"><ele>157.21</ele><time>2025-10-20T13:32:22.447Z</time></trkpt><trkpt lat="47.60809190" lon="19.14699540"><ele>157.24</ele><time>2025-10-20T13:32:22.648Z</time></trkpt><trkpt lat="47.60809190" lon="19.14700820"><ele>157.26</ele><time>2025-10-20T13:32:22.830Z</time></trkpt><trkpt lat="47.60809210" lon="19.14702280"><ele>157.28</ele><time>2025-10-20T13:32:23.040Z</time></trkpt><trkpt lat="47.60809250" lon="19.14703810"><ele>157.29</ele><time>2025-10-20T13:32:23.260Z</time></trkpt><trkpt lat="47.60809320" lon="19.14705170"><ele>157.30</ele><time>2025-10-20T13:32:23.460Z</time></trkpt><trkpt lat="47.60809400" lon="19.14706540"><ele>157.32</ele><time>2025-10-20T13:32:23.662Z</time></trkpt><trkpt lat="47.60809500" lon="19.14707770"><ele>157.38</ele><time>2025-10-20T13:32:23.862Z</time></trkpt><trkpt lat="47.60809600" lon="19.14708840"><ele>157.41</ele><time>2025-10-20T13:32:24.064Z</time></trkpt><trkpt lat="47.60809680" lon="19.14709620"><ele>157.44</ele><time>2025-10-20T13:32:24.253Z</time></trkpt><trkpt lat="47.60809750" lon="19.14710230"><ele>157.45</ele><time>2025-10-20T13:32:24.457Z</time></trkpt><trkpt lat="47.60809800" lon="19.14710590"><ele>157.44</ele><time>2025-10-20T13:32:24.659Z</time></trkpt><trkpt lat="47.60809850" lon="19.14710760"><ele>157.42</ele><time>2025-10-20T13:32:24.861Z</time></trkpt><trkpt lat="47.60809880" lon="19.14710770"><ele>157.40</ele><time>2025-10-20T13:32:25.062Z</time></trkpt><trkpt lat="47.60809900" lon="19.14710620"><ele>157.38</ele><time>2025-10-20T13:32:25.255Z</time></trkpt><trkpt lat="47.60809920" lon="19.14710330"><ele>157.38</ele><time>2025-10-20T13:32:25.458Z</time></trkpt><trkpt lat="47.60809950" lon="19.14709940"><ele>157.38</ele><time>2025-10-20T13:32:25.660Z</time></trkpt><trkpt lat="47.60810030" lon="19.14709520"><ele>157.39</ele><time>2025-10-20T13:32:25.840Z</time></trkpt><trkpt lat="47.60810230" lon="19.14708960"><ele>157.41</ele><time>2025-10-20T13:32:26.060Z</time></trkpt><trkpt lat="47.60810530" lon="19.14708420"><ele>157.43</ele><time>2025-10-20T13:32:26.263Z</time></trkpt><trkpt lat="47.60810960" lon="19.14707850"><ele>157.44</ele><time>2025-10-20T13:32:26.466Z</time></trkpt><trkpt lat="47.60811450" lon="19.14707340"><ele>157.44</ele><time>2025-10-20T13:32:26.647Z</time></trkpt><trkpt lat="47.60812170" lon="19.14706740"><ele>157.44</ele><time>2025-10-20T13:32:26.867Z</time></trkpt><trkpt lat="47.60812910" lon="19.14706240"><ele>157.44</ele><time>2025-10-20T13:32:27.067Z</time></trkpt><trkpt lat="47.60813720" lon="19.14705790"><ele>157.44</ele><time>2025-10-20T13:32:27.270Z</time></trkpt><trkpt lat="47.60814550" lon="19.14705400"><ele>157.45</ele><time>2025-10-20T13:32:27.471Z</time></trkpt><trkpt lat="47.60815410" lon="19.14705070"><ele>157.46</ele><time>2025-10-20T13:32:27.674Z</time></trkpt><trkpt lat="47.60816280" lon="19.14704800"><ele>157.48</ele><time>2025-10-20T13:32:27.875Z</time></trkpt><trkpt lat="47.60817240" lon="19.14704550"><ele>157.49</ele><time>2025-10-20T13:32:28.075Z</time></trkpt><trkpt lat="47.60818230" lon="19.14704330"><ele>157.50</ele><time>2025-10-20T13:32:28.277Z</time></trkpt><trkpt lat="47.60819240" lon="19.14704140"><ele>157.51</ele><time>2025-10-20T13:32:28.478Z</time></trkpt><trkpt lat="47.60820250" lon="19.14703980"><ele>157.51</ele><time>2025-10-20T13:32:28.679Z</time></trkpt><trkpt lat="47.60821220" lon="19.14703830"><ele>157.52</ele><time>2025-10-20T13:32:28.879Z</time></trkpt><trkpt lat="47.60822120" lon="19.14703710"><ele>157.52</ele><time>2025-10-20T13:32:29.060Z</time></trkpt><trkpt lat="47.60823130" lon="19.14703580"><ele>157.53</ele><time>2025-10-20T13:32:29.280Z</time></trkpt><trkpt lat="47.60824100" lon="19.14703440"><ele>157.52</ele><time>2025-10-20T13:32:29.481Z</time></trkpt><trkpt lat="47.60825070" lon="19.14703310"><ele>157.50</ele><time>2025-10-20T13:32:29.682Z</time></trkpt><trkpt lat="47.60826020" lon="19.14703170"><ele>157.48</ele><time>2025-10-20T13:32:29.883Z</time></trkpt><trkpt lat="47.60826930" lon="19.14703010"><ele>157.46</ele><time>2025-10-20T13:32:30.087Z</time></trkpt><trkpt lat="47.60827850" lon="19.14702840"><ele>157.44</ele><time>2025-10-20T13:32:30.298Z</time></trkpt><trkpt lat="47.60828560" lon="19.14702700"><ele>157.42</ele><time>2025-10-20T13:32:30.479Z</time></trkpt><trkpt lat="47.60829350" lon="19.14702520"><ele>157.40</ele><time>2025-10-20T13:32:30.679Z</time></trkpt><trkpt lat="47.60830200" lon="19.14702320"><ele>157.38</ele><time>2025-10-20T13:32:30.879Z</time></trkpt><trkpt lat="47.60831050" lon="19.14702110"><ele>157.37</ele><time>2025-10-20T13:32:31.082Z</time></trkpt><trkpt lat="47.60831800" lon="19.14701920"><ele>157.37</ele><time>2025-10-20T13:32:31.261Z</time></trkpt><trkpt lat="47.60832620" lon="19.14701710"><ele>157.36</ele><time>2025-10-20T13:32:31.462Z</time></trkpt><trkpt lat="47.60833530" lon="19.14701490"><ele>157.35</ele><time>2025-10-20T13:32:31.686Z</time></trkpt><trkpt lat="47.60834360" lon="19.14701310"><ele>157.34</ele><time>2025-10-20T13:32:31.887Z</time></trkpt><trkpt lat="47.60835100" lon="19.14701140"><ele>157.34</ele><time>2025-10-20T13:32:32.069Z</time></trkpt><trkpt lat="47.60836030" lon="19.14700950"><ele>157.34</ele><time>2025-10-20T13:32:32.296Z</time></trkpt><trkpt lat="47.60836840" lon="19.14700790"><ele>157.34</ele><time>2025-10-20T13:32:32.497Z</time></trkpt><trkpt lat="47.60837660" lon="19.14700640"><ele>157.34</ele><time>2025-10-20T13:32:32.699Z</time></trkpt><trkpt lat="47.60838320" lon="19.14700540"><ele>157.34</ele><time>2025-10-20T13:32:32.862Z</time></trkpt><trkpt lat="47.60839200" lon="19.14700420"><ele>157.34</ele><time>2025-10-20T13:32:33.084Z</time></trkpt><trkpt lat="47.60840060" lon="19.14700320"><ele>157.34</ele><time>2025-10-20T13:32:33.308Z</time></trkpt><trkpt lat="47.60840850" lon="19.14700250"><ele>157.35</ele><time>2025-10-20T13:32:33.510Z</time></trkpt><trkpt lat="47.60841620" lon="19.14700190"><ele>157.36</ele><time>2025-10-20T13:32:33.711Z</time></trkpt><trkpt lat="47.60842420" lon="19.14700130"><ele>157.37</ele><time>2025-10-20T13:32:33.912Z</time></trkpt><trkpt lat="47.60843220" lon="19.14700060"><ele>157.39</ele><time>2025-10-20T13:32:34.116Z</time></trkpt><trkpt lat="47.60843940" lon="19.14699990"><ele>157.41</ele><time>2025-10-20T13:32:34.299Z</time></trkpt><trkpt lat="47.60844700" lon="19.14699900"><ele>157.42</ele><time>2025-10-20T13:32:34.501Z</time></trkpt><trkpt lat="47.60845460" lon="19.14699810"><ele>157.43</ele><time>2025-10-20T13:32:34.702Z</time></trkpt><trkpt lat="47.60846170" lon="19.14699720"><ele>157.44</ele><time>2025-10-20T13:32:34.883Z</time></trkpt><trkpt lat="47.60847050" lon="19.14699590"><ele>157.46</ele><time>2025-10-20T13:32:35.104Z</time></trkpt><trkpt lat="47.60847780" lon="19.14699470"><ele>157.48</ele><time>2025-10-20T13:32:35.286Z</time></trkpt><trkpt lat="47.60848670" lon="19.14699310"><ele>157.49</ele><time>2025-10-20T13:32:35.507Z</time></trkpt><trkpt lat="47.60849480" lon="19.14699170"><ele>157.50</ele><time>2025-10-20T13:32:35.708Z</time></trkpt><trkpt lat="47.60850320" lon="19.14699030"><ele>157.51</ele><time>2025-10-20T13:32:35.910Z</time></trkpt><trkpt lat="47.60851070" lon="19.14698890"><ele>157.53</ele><time>2025-10-20T13:32:36.112Z</time></trkpt><trkpt lat="47.60851860" lon="19.14698760"><ele>157.55</ele><time>2025-10-20T13:32:36.305Z</time></trkpt><trkpt lat="47.60852700" lon="19.14698620"><ele>157.57</ele><time>2025-10-20T13:32:36.509Z</time></trkpt><trkpt lat="47.60853530" lon="19.14698490"><ele>157.57</ele><time>2025-10-20T13:32:36.711Z</time></trkpt><trkpt lat="47.60854370" lon="19.14698370"><ele>157.58</ele><time>2025-10-20T13:32:36.915Z</time></trkpt><trkpt lat="47.60855020" lon="19.14698290"><ele>157.59</ele><time>2025-10-20T13:32:37.076Z</time></trkpt><trkpt lat="47.60855970" lon="19.14698190"><ele>157.59</ele><time>2025-10-20T13:32:37.310Z</time></trkpt><trkpt lat="47.60856770" lon="19.14698110"><ele>157.60</ele><time>2025-10-20T13:32:37.513Z</time></trkpt><trkpt lat="47.60857560" lon="19.14698050"><ele>157.61</ele><time>2025-10-20T13:32:37.715Z</time></trkpt><trkpt lat="47.60858370" lon="19.14697980"><ele>157.60</ele><time>2025-10-20T13:32:37.917Z</time></trkpt><trkpt lat="47.60859090" lon="19.14697880"><ele>157.60</ele><time>2025-10-20T13:32:38.102Z</time></trkpt><trkpt lat="47.60859920" lon="19.14697710"><ele>157.62</ele><time>2025-10-20T13:32:38.327Z</time></trkpt><trkpt lat="47.60860420" lon="19.14697590"><ele>157.62</ele><time>2025-10-20T13:32:38.471Z</time></trkpt><trkpt lat="47.60861100" lon="19.14697400"><ele>157.64</ele><time>2025-10-20T13:32:38.692Z</time></trkpt><trkpt lat="47.60861680" lon="19.14697250"><ele>157.66</ele><time>2025-10-20T13:32:38.916Z</time></trkpt><trkpt lat="47.60862090" lon="19.14697170"><ele>157.65</ele><time>2025-10-20T13:32:39.120Z</time></trkpt><trkpt lat="47.60862400" lon="19.14697150"><ele>157.67</ele><time>2025-10-20T13:32:39.328Z</time></trkpt><trkpt lat="47.60862630" lon="19.14697190"><ele>157.67</ele><time>2025-10-20T13:32:39.529Z</time></trkpt><trkpt lat="47.60862840" lon="19.14697240"><ele>157.63</ele><time>2025-10-20T13:32:39.731Z</time></trkpt><trkpt lat="47.60863030" lon="19.14697270"><ele>157.51</ele><time>2025-10-20T13:32:39.931Z</time></trkpt><trkpt lat="47.60863200" lon="19.14697260"><ele>157.29</ele><time>2025-10-20T13:32:40.135Z</time></trkpt><trkpt lat="47.60863310" lon="19.14697230"><ele>157.02</ele><time>2025-10-20T13:32:40.310Z</time></trkpt><trkpt lat="47.60863380" lon="19.14697140"><ele>156.73</ele><time>2025-10-20T13:32:40.491Z</time></trkpt><trkpt lat="47.60863390" lon="19.14696960"><ele>156.39</ele><time>2025-10-20T13:32:40.733Z</time></trkpt><trkpt lat="47.60863350" lon="19.14696800"><ele>156.14</ele><time>2025-10-20T13:32:40.934Z</time></trkpt><trkpt lat="47.60863260" lon="19.14696650"><ele>155.92</ele><time>2025-10-20T13:32:41.136Z</time></trkpt><trkpt lat="47.60863150" lon="19.14696560"><ele>155.74</ele><time>2025-10-20T13:32:41.321Z</time></trkpt><trkpt lat="47.60863020" lon="19.14696520"><ele>155.56</ele><time>2025-10-20T13:32:41.522Z</time></trkpt><trkpt lat="47.60862910" lon="19.14696520"><ele>155.37</ele><time>2025-10-20T13:32:41.723Z</time></trkpt><trkpt lat="47.60862790" lon="19.14696580"><ele>155.16</ele><time>2025-10-20T13:32:41.929Z</time></trkpt><trkpt lat="47.60862700" lon="19.14696660"><ele>154.92</ele><time>2025-10-20T13:32:42.134Z</time></trkpt><trkpt lat="47.60862620" lon="19.14696730"><ele>154.69</ele><time>2025-10-20T13:32:42.335Z</time></trkpt><trkpt lat="47.60862570" lon="19.14696790"><ele>154.45</ele><time>2025-10-20T13:32:42.536Z</time></trkpt><trkpt lat="47.60862540" lon="19.14696840"><ele>154.22</ele><time>2025-10-20T13:32:42.737Z</time></trkpt><trkpt lat="47.60862520" lon="19.14696890"><ele>153.99</ele><time>2025-10-20T13:32:42.937Z</time></trkpt><trkpt lat="47.60862520" lon="19.14696930"><ele>153.78</ele><time>2025-10-20T13:32:43.138Z</time></trkpt><trkpt lat="47.60862530" lon="19.14696980"><ele>153.55</ele><time>2025-10-20T13:32:43.340Z</time></trkpt><trkpt lat="47.60862550" lon="19.14697030"><ele>153.29</ele><time>2025-10-20T13:32:43.540Z</time></trkpt><trkpt lat="47.60862570" lon="19.14697080"><ele>153.07</ele><time>2025-10-20T13:32:43.721Z</time></trkpt><trkpt lat="47.60862600" lon="19.14697140"><ele>152.80</ele><time>2025-10-20T13:32:43.941Z</time></trkpt><trkpt lat="47.60862650" lon="19.14697190"><ele>152.57</ele><time>2025-10-20T13:32:44.143Z</time></trkpt><trkpt lat="47.60862700" lon="19.14697240"><ele>152.35</ele><time>2025-10-20T13:32:44.345Z</time></trkpt><trkpt lat="47.60862740" lon="19.14697290"><ele>152.12</ele><time>2025-10-20T13:32:44.547Z</time></trkpt><trkpt lat="47.60862760" lon="19.14697370"><ele>151.87</ele><time>2025-10-20T13:32:44.748Z</time></trkpt><trkpt lat="47.60862810" lon="19.14697450"><ele>151.61</ele><time>2025-10-20T13:32:44.948Z</time></trkpt><trkpt lat="47.60862870" lon="19.14697540"><ele>151.34</ele><time>2025-10-20T13:32:45.153Z</time></trkpt><trkpt lat="47.60862920" lon="19.14697620"><ele>151.08</ele><time>2025-10-20T13:32:45.355Z</time></trkpt><trkpt lat="47.60862990" lon="19.14697690"><ele>150.84</ele><time>2025-10-20T13:32:45.536Z</time></trkpt><trkpt lat="47.60863070" lon="19.14697770"><ele>150.53</ele><time>2025-10-20T13:32:45.758Z</time></trkpt><trkpt lat="47.60863150" lon="19.14697830"><ele>150.27</ele><time>2025-10-20T13:32:45.960Z</time></trkpt><trkpt lat="47.60863210" lon="19.14697860"><ele>150.03</ele><time>2025-10-20T13:32:46.162Z</time></trkpt><trkpt lat="47.60863260" lon="19.14697890"><ele>149.79</ele><time>2025-10-20T13:32:46.352Z</time></trkpt><trkpt lat="47.60863310" lon="19.14697900"><ele>149.51</ele><time>2025-10-20T13:32:46.555Z</time></trkpt><trkpt lat="47.60863350" lon="19.14697900"><ele>149.24</ele><time>2025-10-20T13:32:46.755Z</time></trkpt><trkpt lat="47.60863380" lon="19.14697900"><ele>148.97</ele><time>2025-10-20T13:32:46.975Z</time></trkpt><trkpt lat="47.60863410" lon="19.14697890"><ele>148.75</ele><time>2025-10-20T13:32:47.157Z</time></trkpt><trkpt lat="47.60863450" lon="19.14697880"><ele>148.48</ele><time>2025-10-20T13:32:47.367Z</time></trkpt><trkpt lat="47.60863490" lon="19.14697860"><ele>148.23</ele><time>2025-10-20T13:32:47.562Z</time></trkpt><trkpt lat="47.60863540" lon="19.14697830"><ele>147.95</ele><time>2025-10-20T13:32:47.770Z</time></trkpt><trkpt lat="47.60863570" lon="19.14697790"><ele>147.71</ele><time>2025-10-20T13:32:47.963Z</time></trkpt><trkpt lat="47.60863590" lon="19.14697750"><ele>147.43</ele><time>2025-10-20T13:32:48.167Z</time></trkpt><trkpt lat="47.60863590" lon="19.14697720"><ele>147.20</ele><time>2025-10-20T13:32:48.359Z</time></trkpt><trkpt lat="47.60863600" lon="19.14697700"><ele>146.95</ele><time>2025-10-20T13:32:48.563Z</time></trkpt><trkpt lat="47.60863570" lon="19.14697670"><ele>146.74</ele><time>2025-10-20T13:32:48.764Z</time></trkpt><trkpt lat="47.60863560" lon="19.14697620"><ele>146.49</ele><time>2025-10-20T13:32:48.968Z</time></trkpt><trkpt lat="47.60863580" lon="19.14697550"><ele>146.26</ele><time>2025-10-20T13:32:49.174Z</time></trkpt><trkpt lat="47.60863620" lon="19.14697480"><ele>146.01</ele><time>2025-10-20T13:32:49.377Z</time></trkpt><trkpt lat="47.60863660" lon="19.14697420"><ele>145.78</ele><time>2025-10-20T13:32:49.558Z</time></trkpt><trkpt lat="47.60863700" lon="19.14697370"><ele>145.54</ele><time>2025-10-20T13:32:49.742Z</time></trkpt><trkpt lat="47.60863740" lon="19.14697320"><ele>145.26</ele><time>2025-10-20T13:32:49.965Z</time></trkpt><trkpt lat="47.60863750" lon="19.14697300"><ele>144.98</ele><time>2025-10-20T13:32:50.178Z</time></trkpt><trkpt lat="47.60863740" lon="19.14697290"><ele>144.74</ele><time>2025-10-20T13:32:50.378Z</time></trkpt><trkpt lat="47.60863720" lon="19.14697300"><ele>144.50</ele><time>2025-10-20T13:32:50.579Z</time></trkpt><trkpt lat="47.60863710" lon="19.14697300"><ele>144.29</ele><time>2025-10-20T13:32:50.760Z</time></trkpt><trkpt lat="47.60863680" lon="19.14697320"><ele>144.02</ele><time>2025-10-20T13:32:50.980Z</time></trkpt><trkpt lat="47.60863670" lon="19.14697340"><ele>143.82</ele><time>2025-10-20T13:32:51.141Z</time></trkpt><trkpt lat="47.60863660" lon="19.14697350"><ele>143.53</ele><time>2025-10-20T13:32:51.387Z</time></trkpt><trkpt lat="47.60863640" lon="19.14697330"><ele>143.34</ele><time>2025-10-20T13:32:51.550Z</time></trkpt><trkpt lat="47.60863590" lon="19.14697270"><ele>143.07</ele><time>2025-10-20T13:32:51.771Z</time></trkpt><trkpt lat="47.60863540" lon="19.14697180"><ele>142.82</ele><time>2025-10-20T13:32:51.973Z</time></trkpt><trkpt lat="47.60863500" lon="19.14697090"><ele>142.62</ele><time>2025-10-20T13:32:52.138Z</time></trkpt><trkpt lat="47.60863470" lon="19.14696970"><ele>142.36</ele><time>2025-10-20T13:32:52.371Z</time></trkpt><trkpt lat="47.60863470" lon="19.14696870"><ele>142.16</ele><time>2025-10-20T13:32:52.572Z</time></trkpt><trkpt lat="47.60863460" lon="19.14696780"><ele>141.96</ele><time>2025-10-20T13:32:52.773Z</time></trkpt><trkpt lat="47.60863450" lon="19.14696700"><ele>141.76</ele><time>2025-10-20T13:32:52.954Z</time></trkpt><trkpt lat="47.60863430" lon="19.14696630"><ele>141.49</ele><time>2025-10-20T13:32:53.178Z</time></trkpt><trkpt lat="47.60863400" lon="19.14696610"><ele>141.24</ele><time>2025-10-20T13:32:53.361Z</time></trkpt><trkpt lat="47.60863360" lon="19.14696600"><ele>140.98</ele><time>2025-10-20T13:32:53.561Z</time></trkpt><trkpt lat="47.60863320" lon="19.14696610"><ele>140.74</ele><time>2025-10-20T13:32:53.762Z</time></trkpt><trkpt lat="47.60863290" lon="19.14696610"><ele>140.50</ele><time>2025-10-20T13:32:53.968Z</time></trkpt><trkpt lat="47.60863260" lon="19.14696610"><ele>140.25</ele><time>2025-10-20T13:32:54.171Z</time></trkpt><trkpt lat="47.60863230" lon="19.14696620"><ele>140.03</ele><time>2025-10-20T13:32:54.352Z</time></trkpt><trkpt lat="47.60863230" lon="19.14696670"><ele>139.73</ele><time>2025-10-20T13:32:54.595Z</time></trkpt><trkpt lat="47.60863260" lon="19.14696720"><ele>139.53</ele><time>2025-10-20T13:32:54.775Z</time></trkpt><trkpt lat="47.60863310" lon="19.14696750"><ele>139.32</ele><time>2025-10-20T13:32:54.977Z</time></trkpt><trkpt lat="47.60863360" lon="19.14696750"><ele>139.07</ele><time>2025-10-20T13:32:55.179Z</time></trkpt><trkpt lat="47.60863420" lon="19.14696760"><ele>138.84</ele><time>2025-10-20T13:32:55.386Z</time></trkpt><trkpt lat="47.60863480" lon="19.14696750"><ele>138.61</ele><time>2025-10-20T13:32:55.589Z</time></trkpt><trkpt lat="47.60863540" lon="19.14696730"><ele>138.35</ele><time>2025-10-20T13:32:55.790Z</time></trkpt><trkpt lat="47.60863600" lon="19.14696710"><ele>138.09</ele><time>2025-10-20T13:32:55.993Z</time></trkpt><trkpt lat="47.60863650" lon="19.14696710"><ele>137.87</ele><time>2025-10-20T13:32:56.194Z</time></trkpt><trkpt lat="47.60863690" lon="19.14696690"><ele>137.77</ele><time>2025-10-20T13:32:56.397Z</time></trkpt><trkpt lat="47.60863690" lon="19.14696650"><ele>137.67</ele><time>2025-10-20T13:32:56.579Z</time></trkpt><trkpt lat="47.60863680" lon="19.14696610"><ele>137.54</ele><time>2025-10-20T13:32:56.780Z</time></trkpt><trkpt lat="47.60863650" lon="19.14696570"><ele>137.38</ele><time>2025-10-20T13:32:56.981Z</time></trkpt><trkpt lat="47.60863630" lon="19.14696530"><ele>137.22</ele><time>2025-10-20T13:32:57.184Z</time></trkpt><trkpt lat="47.60863600" lon="19.14696500"><ele>137.07</ele><time>2025-10-20T13:32:57.387Z</time></trkpt><trkpt lat="47.60863560" lon="19.14696490"><ele>136.91</ele><time>2025-10-20T13:32:57.588Z</time></trkpt><trkpt lat="47.60863510" lon="19.14696510"><ele>136.75</ele><time>2025-10-20T13:32:57.790Z</time></trkpt><trkpt lat="47.60863480" lon="19.14696530"><ele>136.59</ele><time>2025-10-20T13:32:57.993Z</time></trkpt><trkpt lat="47.60863460" lon="19.14696560"><ele>136.54</ele><time>2025-10-20T13:32:58.191Z</time></trkpt><trkpt lat="47.60863460" lon="19.14696560"><ele>136.53</ele><time>2025-10-20T13:32:58.396Z</time></trkpt><trkpt lat="47.60863470" lon="19.14696590"><ele>136.54</ele><time>2025-10-20T13:32:58.599Z</time></trkpt><trkpt lat="47.60863470" lon="19.14696610"><ele>136.55</ele><time>2025-10-20T13:32:58.801Z</time></trkpt><trkpt lat="47.60863470" lon="19.14696630"><ele>136.56</ele><time>2025-10-20T13:32:58.961Z</time></trkpt><trkpt lat="47.60863460" lon="19.14696640"><ele>136.56</ele><time>2025-10-20T13:32:59.183Z</time></trkpt><trkpt lat="47.60863460" lon="19.14696650"><ele>136.56</ele><time>2025-10-20T13:32:59.365Z</time></trkpt><trkpt lat="47.60863460" lon="19.14696660"><ele>136.57</ele><time>2025-10-20T13:32:59.567Z</time></trkpt><trkpt lat="47.60863460" lon="19.14696660"><ele>136.58</ele><time>2025-10-20T13:32:59.769Z</time></trkpt><trkpt lat="47.60863450" lon="19.14696660"><ele>136.59</ele><time>2025-10-20T13:32:59.991Z</time></trkpt><trkpt lat="47.60863450" lon="19.14696670"><ele>136.60</ele><time>2025-10-20T13:33:00.190Z</time></trkpt><trkpt lat="47.60863450" lon="19.14696670"><ele>136.61</ele><time>2025-10-20T13:33:00.390Z</time></trkpt><trkpt lat="47.60863450" lon="19.14696680"><ele>136.62</ele><time>2025-10-20T13:33:00.590Z</time></trkpt><trkpt lat="47.60863440" lon="19.14696680"><ele>136.62</ele><time>2025-10-20T13:33:00.710Z</time></trkpt><trkpt lat="47.60863440" lon="19.14696680"><ele>136.62</ele><time>2025-10-20T13:33:00.710Z</time></trkpt><trkpt lat="47.60863440" lon="19.14696680"><ele>136.62</ele><time>2025-10-20T13:33:00.710Z</time></trkpt><trkpt lat="47.60863440" lon="19.14696680"><ele>136.62</ele><time>2025-10-20T13:33:00.710Z</time></trkpt><trkpt lat="47.60863440" lon="19.14696680"><ele>136.62</ele><time>2025-10-20T13:33:01.601Z</time></trkpt><trkpt lat="47.60863430" lon="19.14696690"><ele>136.62</ele><time>2025-10-20T13:33:01.804Z</time></trkpt><trkpt lat="47.60863420" lon="19.14696700"><ele>136.60</ele><time>2025-10-20T13:33:02.005Z</time></trkpt><trkpt lat="47.60863400" lon="19.14696720"><ele>136.57</ele><time>2025-10-20T13:33:02.206Z</time></trkpt><trkpt lat="47.60863390" lon="19.14696740"><ele>136.54</ele><time>2025-10-20T13:33:02.407Z</time></trkpt><trkpt lat="47.60863370" lon="19.14696760"><ele>136.50</ele><time>2025-10-20T13:33:02.611Z</time></trkpt><trkpt lat="47.60863360" lon="19.14696780"><ele>136.48</ele><time>2025-10-20T13:33:02.811Z</time></trkpt><trkpt lat="47.60863360" lon="19.14696770"><ele>136.48</ele><time>2025-10-20T13:33:03.012Z</time></trkpt><trkpt lat="47.60863380" lon="19.14696750"><ele>136.51</ele><time>2025-10-20T13:33:03.215Z</time></trkpt><trkpt lat="47.60863390" lon="19.14696740"><ele>136.53</ele><time>2025-10-20T13:33:03.415Z</time></trkpt><trkpt lat="47.60863400" lon="19.14696720"><ele>136.57</ele><time>2025-10-20T13:33:03.616Z</time></trkpt><trkpt lat="47.60863420" lon="19.14696700"><ele>136.61</ele><time>2025-10-20T13:33:03.816Z</time></trkpt><trkpt lat="47.60863430" lon="19.14696690"><ele>136.64</ele><time>2025-10-20T13:33:04.016Z</time></trkpt><trkpt lat="47.60863450" lon="19.14696670"><ele>136.67</ele><time>2025-10-20T13:33:04.201Z</time></trkpt><trkpt lat="47.60863460" lon="19.14696660"><ele>136.69</ele><time>2025-10-20T13:33:04.401Z</time></trkpt><trkpt lat="47.60863470" lon="19.14696640"><ele>136.70</ele><time>2025-10-20T13:33:04.602Z</time></trkpt><trkpt lat="47.60863470" lon="19.14696630"><ele>136.72</ele><time>2025-10-20T13:33:04.802Z</time></trkpt><trkpt lat="47.60863480" lon="19.14696630"><ele>136.74</ele><time>2025-10-20T13:33:05.003Z</time></trkpt><trkpt lat="47.60863480" lon="19.14696620"><ele>136.75</ele><time>2025-10-20T13:33:05.204Z</time></trkpt><trkpt lat="47.60863480" lon="19.14696620"><ele>136.77</ele><time>2025-10-20T13:33:05.405Z</time></trkpt><trkpt lat="47.60863480" lon="19.14696610"><ele>136.78</ele><time>2025-10-20T13:33:05.606Z</time></trkpt><trkpt lat="47.60863490" lon="19.14696600"><ele>136.79</ele><time>2025-10-20T13:33:05.806Z</time></trkpt><trkpt lat="47.60863490" lon="19.14696600"><ele>136.81</ele><time>2025-10-20T13:33:06.008Z</time></trkpt><trkpt lat="47.60863480" lon="19.14696590"><ele>136.82</ele><time>2025-10-20T13:33:06.208Z</time></trkpt><trkpt lat="47.60863480" lon="19.14696590"><ele>136.83</ele><time>2025-10-20T13:33:06.408Z</time></trkpt><trkpt lat="47.60863490" lon="19.14696580"><ele>136.85</ele><time>2025-10-20T13:33:06.609Z</time></trkpt><trkpt lat="47.60863490" lon="19.14696580"><ele>136.86</ele><time>2025-10-20T13:33:06.810Z</time></trkpt><trkpt lat="47.60863490" lon="19.14696570"><ele>136.86</ele><time>2025-10-20T13:33:07.010Z</time></trkpt><trkpt lat="47.60863490" lon="19.14696570"><ele>136.87</ele><time>2025-10-20T13:33:07.211Z</time></trkpt><trkpt lat="47.60863490" lon="19.14696560"><ele>136.88</ele><time>2025-10-20T13:33:07.411Z</time></trkpt><trkpt lat="47.60863490" lon="19.14696560"><ele>136.89</ele><time>2025-10-20T13:33:07.612Z</time></trkpt><trkpt lat="47.60863490" lon="19.14696560"><ele>136.90</ele><time>2025-10-20T13:33:07.814Z</time></trkpt><trkpt lat="47.60863480" lon="19.14696560"><ele>136.90</ele><time>2025-10-20T13:33:08.014Z</time></trkpt><trkpt lat="47.60863480" lon="19.14696560"><ele>136.91</ele><time>2025-10-20T13:33:08.216Z</time></trkpt><trkpt lat="47.60863480" lon="19.14696550"><ele>136.92</ele><time>2025-10-20T13:33:08.416Z</time></trkpt><trkpt lat="47.60863490" lon="19.14696550"><ele>136.92</ele><time>2025-10-20T13:33:08.616Z</time></trkpt><trkpt lat="47.60863490" lon="19.14696550"><ele>136.93</ele><time>2025-10-20T13:33:08.817Z</time></trkpt><trkpt lat="47.60863490" lon="19.14696550"><ele>136.93</ele><time>2025-10-20T13:33:09.017Z</time></trkpt><trkpt lat="47.60863490" lon="19.14696550"><ele>136.94</ele><time>2025-10-20T13:33:09.218Z</time></trkpt><trkpt lat="47.60863490" lon="19.14696540"><ele>136.95</ele><time>2025-10-20T13:33:09.418Z</time></trkpt><trkpt lat="47.60863490" lon="19.14696540"><ele>136.95</ele><time>2025-10-20T13:33:09.618Z</time></trkpt><trkpt lat="47.60863490" lon="19.14696540"><ele>136.96</ele><time>2025-10-20T13:33:09.818Z</time></trkpt><trkpt lat="47.60863490" lon="19.14696540"><ele>136.97</ele><time>2025-10-20T13:33:10.018Z</time></trkpt><trkpt lat="47.60863490" lon="19.14696540"><ele>136.97</ele><time>2025-10-20T13:33:10.222Z</time></trkpt><trkpt lat="47.60863490" lon="19.14696540"><ele>136.97</ele><time>2025-10-20T13:33:10.422Z</time></trkpt><trkpt lat="47.60863490" lon="19.14696540"><ele>136.97</ele><time>2025-10-20T13:33:10.623Z</time></trkpt><trkpt lat="47.60863490" lon="19.14696540"><ele>136.98</ele><time>2025-10-20T13:33:10.823Z</time></trkpt><trkpt lat="47.60863490" lon="19.14696540"><ele>136.98</ele><time>2025-10-20T13:33:11.022Z</time></trkpt><trkpt lat="47.60863500" lon="19.14696540"><ele>136.98</ele><time>2025-10-20T13:33:11.222Z</time></trkpt><trkpt lat="47.60863500" lon="19.14696550"><ele>136.99</ele><time>2025-10-20T13:33:11.422Z</time></trkpt><trkpt lat="47.60863500" lon="19.14696550"><ele>136.99</ele><time>2025-10-20T13:33:11.623Z</time></trkpt><trkpt lat="47.60863500" lon="19.14696560"><ele>136.99</ele><time>2025-10-20T13:33:11.823Z</time></trkpt><trkpt lat="47.60863490" lon="19.14696560"><ele>136.99</ele><time>2025-10-20T13:33:12.024Z</time></trkpt><trkpt lat="47.60863490" lon="19.14696570"><ele>137.00</ele><time>2025-10-20T13:33:12.226Z</time></trkpt><trkpt lat="47.60863490" lon="19.14696570"><ele>137.00</ele><time>2025-10-20T13:33:12.426Z</time></trkpt><trkpt lat="47.60863500" lon="19.14696580"><ele>137.00</ele><time>2025-10-20T13:33:12.627Z</time></trkpt><trkpt lat="47.60863500" lon="19.14696580"><ele>137.01</ele><time>2025-10-20T13:33:12.827Z</time></trkpt><trkpt lat="47.60863500" lon="19.14696580"><ele>137.01</ele><time>2025-10-20T13:33:13.027Z</time></trkpt><trkpt lat="47.60863500" lon="19.14696580"><ele>137.01</ele><time>2025-10-20T13:33:13.227Z</time></trkpt><trkpt lat="47.60863500" lon="19.14696570"><ele>137.02</ele><time>2025-10-20T13:33:13.427Z</time></trkpt><trkpt lat="47.60863510" lon="19.14696570"><ele>137.02</ele><time>2025-10-20T13:33:13.628Z</time></trkpt><trkpt lat="47.60863510" lon="19.14696570"><ele>137.02</ele><time>2025-10-20T13:33:13.828Z</time></trkpt><trkpt lat="47.60863510" lon="19.14696570"><ele>137.02</ele><time>2025-10-20T13:33:14.028Z</time></trkpt><trkpt lat="47.60863510" lon="19.14696580"><ele>137.03</ele><time>2025-10-20T13:33:14.229Z</time></trkpt><trkpt lat="47.60863510" lon="19.14696580"><ele>137.03</ele><time>2025-10-20T13:33:14.429Z</time></trkpt><trkpt lat="47.60863510" lon="19.14696580"><ele>137.04</ele><time>2025-10-20T13:33:14.629Z</time></trkpt><trkpt lat="47.60863510" lon="19.14696580"><ele>137.04</ele><time>2025-10-20T13:33:14.829Z</time></trkpt><trkpt lat="47.60863500" lon="19.14696590"><ele>137.05</ele><time>2025-10-20T13:33:15.050Z</time></trkpt><trkpt lat="47.60863500" lon="19.14696580"><ele>137.05</ele><time>2025-10-20T13:33:15.232Z</time></trkpt><trkpt lat="47.60863510" lon="19.14696580"><ele>137.05</ele><time>2025-10-20T13:33:15.432Z</time></trkpt><trkpt lat="47.60863510" lon="19.14696580"><ele>137.05</ele><time>2025-10-20T13:33:15.632Z</time></trkpt><trkpt lat="47.60863510" lon="19.14696580"><ele>137.05</ele><time>2025-10-20T13:33:15.832Z</time></trkpt><trkpt lat="47.60863510" lon="19.14696580"><ele>137.05</ele><time>2025-10-20T13:33:16.033Z</time></trkpt><trkpt lat="47.60863510" lon="19.14696580"><ele>137.05</ele><time>2025-10-20T13:33:16.235Z</time></trkpt><trkpt lat="47.60863510" lon="19.14696570"><ele>137.06</ele><time>2025-10-20T13:33:16.435Z</time></trkpt><trkpt lat="47.60863510" lon="19.14696570"><ele>137.06</ele><time>2025-10-20T13:33:16.635Z</time></trkpt><trkpt lat="47.60863510" lon="19.14696570"><ele>137.06</ele><time>2025-10-20T13:33:16.835Z</time></trkpt><trkpt lat="47.60863510" lon="19.14696570"><ele>137.06</ele><time>2025-10-20T13:33:17.036Z</time></trkpt><trkpt lat="47.60863510" lon="19.14696570"><ele>137.06</ele><time>2025-10-20T13:33:17.241Z</time></trkpt><trkpt lat="47.60863510" lon="19.14696570"><ele>137.06</ele><time>2025-10-20T13:33:17.441Z</time></trkpt><trkpt lat="47.60863510" lon="19.14696570"><ele>137.06</ele><time>2025-10-20T13:33:17.641Z</time></trkpt><trkpt lat="47.60863510" lon="19.14696570"><ele>137.06</ele><time>2025-10-20T13:33:17.841Z</time></trkpt><trkpt lat="47.60863510" lon="19.14696580"><ele>137.06</ele><time>2025-10-20T13:33:18.042Z</time></trkpt><trkpt lat="47.60863510" lon="19.14696580"><ele>137.06</ele><time>2025-10-20T13:33:18.242Z</time></trkpt><trkpt lat="47.60863510" lon="19.14696580"><ele>137.06</ele><time>2025-10-20T13:33:18.441Z</time></trkpt><trkpt lat="47.60863510" lon="19.14696580"><ele>137.07</ele><time>2025-10-20T13:33:18.642Z</time></trkpt><trkpt lat="47.60863510" lon="19.14696580"><ele>137.07</ele><time>2025-10-20T13:33:18.842Z</time></trkpt><trkpt lat="47.60863510" lon="19.14696580"><ele>137.07</ele><time>2025-10-20T13:33:19.043Z</time></trkpt><trkpt lat="47.60863510" lon="19.14696580"><ele>137.07</ele><time>2025-10-20T13:33:19.243Z</time></trkpt><trkpt lat="47.60863520" lon="19.14696580"><ele>137.07</ele><time>2025-10-20T13:33:19.444Z</time></trkpt><trkpt lat="47.60863520" lon="19.14696590"><ele>137.08</ele><time>2025-10-20T13:33:19.644Z</time></trkpt><trkpt lat="47.60863520" lon="19.14696590"><ele>137.08</ele><time>2025-10-20T13:33:19.844Z</time></trkpt><trkpt lat="47.60863520" lon="19.14696590"><ele>137.08</ele><time>2025-10-20T13:33:20.045Z</time></trkpt><trkpt lat="47.60863520" lon="19.14696590"><ele>137.08</ele><time>2025-10-20T13:33:20.247Z</time></trkpt><trkpt lat="47.60863520" lon="19.14696590"><ele>137.08</ele><time>2025-10-20T13:33:20.447Z</time></trkpt><trkpt lat="47.60863520" lon="19.14696590"><ele>137.08</ele><time>2025-10-20T13:33:20.648Z</time></trkpt><trkpt lat="47.60863520" lon="19.14696590"><ele>137.09</ele><time>2025-10-20T13:33:20.847Z</time></trkpt><trkpt lat="47.60863520" lon="19.14696590"><ele>137.09</ele><time>2025-10-20T13:33:21.047Z</time></trkpt><trkpt lat="47.60863520" lon="19.14696590"><ele>137.09</ele><time>2025-10-20T13:33:21.250Z</time></trkpt><trkpt lat="47.60863520" lon="19.14696590"><ele>137.09</ele><time>2025-10-20T13:33:21.449Z</time></trkpt><trkpt lat="47.60863510" lon="19.14696590"><ele>137.09</ele><time>2025-10-20T13:33:21.650Z</time></trkpt><trkpt lat="47.60863510" lon="19.14696590"><ele>137.09</ele><time>2025-10-20T13:33:21.850Z</time></trkpt><trkpt lat="47.60863510" lon="19.14696590"><ele>137.09</ele><time>2025-10-20T13:33:22.051Z</time></trkpt><trkpt lat="47.60863510" lon="19.14696590"><ele>137.09</ele><time>2025-10-20T13:33:22.252Z</time></trkpt><trkpt lat="47.60863510" lon="19.14696590"><ele>137.09</ele><time>2025-10-20T13:33:22.452Z</time></trkpt><trkpt lat="47.60863510" lon="19.14696580"><ele>137.09</ele><time>2025-10-20T13:33:22.653Z</time></trkpt><trkpt lat="47.60863510" lon="19.14696580"><ele>137.09</ele><time>2025-10-20T13:33:22.853Z</time></trkpt><trkpt lat="47.60863510" lon="19.14696580"><ele>137.10</ele><time>2025-10-20T13:33:23.034Z</time></trkpt><trkpt lat="47.60863500" lon="19.14696590"><ele>137.10</ele><time>2025-10-20T13:33:23.234Z</time></trkpt><trkpt lat="47.60863500" lon="19.14696590"><ele>137.11</ele><time>2025-10-20T13:33:23.434Z</time></trkpt><trkpt lat="47.60863500" lon="19.14696590"><ele>137.11</ele><time>2025-10-20T13:33:23.635Z</time></trkpt><trkpt lat="47.60863490" lon="19.14696590"><ele>137.11</ele><time>2025-10-20T13:33:23.836Z</time></trkpt><trkpt lat="47.60863490" lon="19.14696590"><ele>137.12</ele><time>2025-10-20T13:33:24.036Z</time></trkpt><trkpt lat="47.60863490" lon="19.14696590"><ele>137.12</ele><time>2025-10-20T13:33:24.241Z</time></trkpt><trkpt lat="47.60863500" lon="19.14696590"><ele>137.12</ele><time>2025-10-20T13:33:24.440Z</time></trkpt><trkpt lat="47.60863500" lon="19.14696590"><ele>137.12</ele><time>2025-10-20T13:33:24.640Z</time></trkpt><trkpt lat="47.60863490" lon="19.14696590"><ele>137.12</ele><time>2025-10-20T13:33:24.841Z</time></trkpt><trkpt lat="47.60863490" lon="19.14696590"><ele>137.12</ele><time>2025-10-20T13:33:25.042Z</time></trkpt><trkpt lat="47.60863490" lon="19.14696590"><ele>137.12</ele><time>2025-10-20T13:33:25.243Z</time></trkpt><trkpt lat="47.60863480" lon="19.14696590"><ele>137.12</ele><time>2025-10-20T13:33:25.443Z</time></trkpt><trkpt lat="47.60863480" lon="19.14696590"><ele>137.12</ele><time>2025-10-20T13:33:25.643Z</time></trkpt><trkpt lat="47.60863480" lon="19.14696590"><ele>137.13</ele><time>2025-10-20T13:33:25.844Z</time></trkpt><trkpt lat="47.60863480" lon="19.14696590"><ele>137.13</ele><time>2025-10-20T13:33:26.044Z</time></trkpt><trkpt lat="47.60863480" lon="19.14696600"><ele>137.13</ele><time>2025-10-20T13:33:26.246Z</time></trkpt><trkpt lat="47.60863470" lon="19.14696600"><ele>137.13</ele><time>2025-10-20T13:33:26.446Z</time></trkpt><trkpt lat="47.60863470" lon="19.14696600"><ele>137.13</ele><time>2025-10-20T13:33:26.646Z</time></trkpt><trkpt lat="47.60863480" lon="19.14696600"><ele>137.13</ele><time>2025-10-20T13:33:26.846Z</time></trkpt><trkpt lat="47.60863480" lon="19.14696600"><ele>137.13</ele><time>2025-10-20T13:33:27.046Z</time></trkpt><trkpt lat="47.60863480" lon="19.14696600"><ele>137.13</ele><time>2025-10-20T13:33:27.248Z</time></trkpt><trkpt lat="47.60863480" lon="19.14696600"><ele>137.13</ele><time>2025-10-20T13:33:27.447Z</time></trkpt><trkpt lat="47.60863480" lon="19.14696600"><ele>137.13</ele><time>2025-10-20T13:33:27.647Z</time></trkpt><trkpt lat="47.60863480" lon="19.14696600"><ele>137.13</ele><time>2025-10-20T13:33:27.847Z</time></trkpt><trkpt lat="47.60863480" lon="19.14696600"><ele>137.13</ele><time>2025-10-20T13:33:28.047Z</time></trkpt><trkpt lat="47.60863480" lon="19.14696600"><ele>137.13</ele><time>2025-10-20T13:33:28.251Z</time></trkpt><trkpt lat="47.60863480" lon="19.14696600"><ele>137.13</ele><time>2025-10-20T13:33:28.451Z</time></trkpt><trkpt lat="47.60863480" lon="19.14696590"><ele>137.13</ele><time>2025-10-20T13:33:28.652Z</time></trkpt><trkpt lat="47.60863480" lon="19.14696590"><ele>137.13</ele><time>2025-10-20T13:33:28.853Z</time></trkpt><trkpt lat="47.60863470" lon="19.14696590"><ele>137.13</ele><time>2025-10-20T13:33:29.053Z</time></trkpt><trkpt lat="47.60863470" lon="19.14696590"><ele>137.13</ele><time>2025-10-20T13:33:29.254Z</time></trkpt><trkpt lat="47.60863470" lon="19.14696590"><ele>137.13</ele><time>2025-10-20T13:33:29.454Z</time></trkpt><trkpt lat="47.60863470" lon="19.14696590"><ele>137.13</ele><time>2025-10-20T13:33:29.654Z</time></trkpt><trkpt lat="47.60863470" lon="19.14696590"><ele>137.14</ele><time>2025-10-20T13:33:29.854Z</time></trkpt><trkpt lat="47.60863470" lon="19.14696590"><ele>137.14</ele><time>2025-10-20T13:33:30.054Z</time></trkpt><trkpt lat="47.60863470" lon="19.14696590"><ele>137.14</ele><time>2025-10-20T13:33:30.259Z</time></trkpt><trkpt lat="47.60863470" lon="19.14696590"><ele>137.14</ele><time>2025-10-20T13:33:30.462Z</time></trkpt><trkpt lat="47.60863470" lon="19.14696590"><ele>137.14</ele><time>2025-10-20T13:33:30.662Z</time></trkpt><trkpt lat="47.60863480" lon="19.14696590"><ele>137.14</ele><time>2025-10-20T13:33:30.862Z</time></trkpt><trkpt lat="47.60863480" lon="19.14696600"><ele>137.14</ele><time>2025-10-20T13:33:31.062Z</time></trkpt><trkpt lat="47.60863480" lon="19.14696600"><ele>137.14</ele><time>2025-10-20T13:33:31.264Z</time></trkpt><trkpt lat="47.60863480" lon="19.14696590"><ele>137.15</ele><time>2025-10-20T13:33:31.464Z</time></trkpt><trkpt lat="47.60863480" lon="19.14696590"><ele>137.15</ele><time>2025-10-20T13:33:31.665Z</time></trkpt><trkpt lat="47.60863480" lon="19.14696590"><ele>137.14</ele><time>2025-10-20T13:33:31.866Z</time></trkpt><trkpt lat="47.60863480" lon="19.14696590"><ele>137.14</ele><time>2025-10-20T13:33:32.066Z</time></trkpt><trkpt lat="47.60863480" lon="19.14696590"><ele>137.14</ele><time>2025-10-20T13:33:32.269Z</time></trkpt><trkpt lat="47.60863480" lon="19.14696600"><ele>137.15</ele><time>2025-10-20T13:33:32.470Z</time></trkpt><trkpt lat="47.60863490" lon="19.14696600"><ele>137.15</ele><time>2025-10-20T13:33:32.651Z</time></trkpt><trkpt lat="47.60863490" lon="19.14696600"><ele>137.15</ele><time>2025-10-20T13:33:32.852Z</time></trkpt><trkpt lat="47.60863490" lon="19.14696600"><ele>137.15</ele><time>2025-10-20T13:33:33.051Z</time></trkpt><trkpt lat="47.60863490" lon="19.14696600"><ele>137.15</ele><time>2025-10-20T13:33:33.253Z</time></trkpt><trkpt lat="47.60863490" lon="19.14696610"><ele>137.16</ele><time>2025-10-20T13:33:33.453Z</time></trkpt><trkpt lat="47.60863490" lon="19.14696610"><ele>137.16</ele><time>2025-10-20T13:33:33.653Z</time></trkpt><trkpt lat="47.60863490" lon="19.14696610"><ele>137.15</ele><time>2025-10-20T13:33:33.853Z</time></trkpt><trkpt lat="47.60863500" lon="19.14696610"><ele>137.15</ele><time>2025-10-20T13:33:34.053Z</time></trkpt><trkpt lat="47.60863500" lon="19.14696610"><ele>137.15</ele><time>2025-10-20T13:33:34.256Z</time></trkpt><trkpt lat="47.60863500" lon="19.14696610"><ele>137.16</ele><time>2025-10-20T13:33:34.456Z</time></trkpt><trkpt lat="47.60863500" lon="19.14696620"><ele>137.16</ele><time>2025-10-20T13:33:34.657Z</time></trkpt><trkpt lat="47.60863510" lon="19.14696620"><ele>137.16</ele><time>2025-10-20T13:33:34.857Z</time></trkpt><trkpt lat="47.60863510" lon="19.14696620"><ele>137.17</ele><time>2025-10-20T13:33:35.058Z</time></trkpt><trkpt lat="47.60863510" lon="19.14696620"><ele>137.17</ele><time>2025-10-20T13:33:35.259Z</time></trkpt><trkpt lat="47.60863510" lon="19.14696620"><ele>137.17</ele><time>2025-10-20T13:33:35.460Z</time></trkpt><trkpt lat="47.60863510" lon="19.14696620"><ele>137.17</ele><time>2025-10-20T13:33:35.660Z</time></trkpt><trkpt lat="47.60863510" lon="19.14696620"><ele>137.17</ele><time>2025-10-20T13:33:35.861Z</time></trkpt><trkpt lat="47.60863510" lon="19.14696620"><ele>137.17</ele><time>2025-10-20T13:33:36.061Z</time></trkpt><trkpt lat="47.60863510" lon="19.14696620"><ele>137.18</ele><time>2025-10-20T13:33:36.263Z</time></trkpt><trkpt lat="47.60863510" lon="19.14696620"><ele>137.18</ele><time>2025-10-20T13:33:36.464Z</time></trkpt><trkpt lat="47.60863500" lon="19.14696620"><ele>137.18</ele><time>2025-10-20T13:33:36.664Z</time></trkpt><trkpt lat="47.60863500" lon="19.14696620"><ele>137.18</ele><time>2025-10-20T13:33:36.864Z</time></trkpt><trkpt lat="47.60863500" lon="19.14696610"><ele>137.18</ele><time>2025-10-20T13:33:37.066Z</time></trkpt><trkpt lat="47.60863490" lon="19.14696610"><ele>137.18</ele><time>2025-10-20T13:33:37.268Z</time></trkpt><trkpt lat="47.60863490" lon="19.14696610"><ele>137.18</ele><time>2025-10-20T13:33:37.470Z</time></trkpt><trkpt lat="47.60863500" lon="19.14696610"><ele>137.18</ele><time>2025-10-20T13:33:37.671Z</time></trkpt><trkpt lat="47.60863500" lon="19.14696610"><ele>137.18</ele><time>2025-10-20T13:33:37.871Z</time></trkpt><trkpt lat="47.60863500" lon="19.14696610"><ele>137.18</ele><time>2025-10-20T13:33:38.072Z</time></trkpt><trkpt lat="47.60863500" lon="19.14696610"><ele>137.18</ele><time>2025-10-20T13:33:38.275Z</time></trkpt><trkpt lat="47.60863500" lon="19.14696610"><ele>137.18</ele><time>2025-10-20T13:33:38.478Z</time></trkpt><trkpt lat="47.60863490" lon="19.14696610"><ele>137.19</ele><time>2025-10-20T13:33:38.679Z</time></trkpt><trkpt lat="47.60863490" lon="19.14696610"><ele>137.19</ele><time>2025-10-20T13:33:38.879Z</time></trkpt><trkpt lat="47.60863490" lon="19.14696620"><ele>137.19</ele><time>2025-10-20T13:33:39.079Z</time></trkpt><trkpt lat="47.60863490" lon="19.14696620"><ele>137.19</ele><time>2025-10-20T13:33:39.279Z</time></trkpt><trkpt lat="47.60863490" lon="19.14696620"><ele>137.20</ele><time>2025-10-20T13:33:39.480Z</time></trkpt><trkpt lat="47.60863490" lon="19.14696620"><ele>137.20</ele><time>2025-10-20T13:33:39.680Z</time></trkpt><trkpt lat="47.60863490" lon="19.14696620"><ele>137.20</ele><time>2025-10-20T13:33:39.880Z</time></trkpt><trkpt lat="47.60863490" lon="19.14696620"><ele>137.20</ele><time>2025-10-20T13:33:40.080Z</time></trkpt><trkpt lat="47.60863500" lon="19.14696620"><ele>137.20</ele><time>2025-10-20T13:33:40.262Z</time></trkpt><trkpt lat="47.60863500" lon="19.14696610"><ele>137.21</ele><time>2025-10-20T13:33:40.463Z</time></trkpt><trkpt lat="47.60863500" lon="19.14696610"><ele>137.21</ele><time>2025-10-20T13:33:40.664Z</time></trkpt><trkpt lat="47.60863500" lon="19.14696620"><ele>137.21</ele><time>2025-10-20T13:33:40.864Z</time></trkpt><trkpt lat="47.60863500" lon="19.14696620"><ele>137.21</ele><time>2025-10-20T13:33:41.064Z</time></trkpt><trkpt lat="47.60863500" lon="19.14696620"><ele>137.22</ele><time>2025-10-20T13:33:41.265Z</time></trkpt><trkpt lat="47.60863500" lon="19.14696610"><ele>137.22</ele><time>2025-10-20T13:33:41.465Z</time></trkpt><trkpt lat="47.60863500" lon="19.14696610"><ele>137.22</ele><time>2025-10-20T13:33:41.667Z</time></trkpt><trkpt lat="47.60863500" lon="19.14696610"><ele>137.22</ele><time>2025-10-20T13:33:41.868Z</time></trkpt><trkpt lat="47.60863500" lon="19.14696610"><ele>137.22</ele><time>2025-10-20T13:33:42.069Z</time></trkpt><trkpt lat="47.60863500" lon="19.14696610"><ele>137.22</ele><time>2025-10-20T13:33:42.271Z</time></trkpt><trkpt lat="47.60863500" lon="19.14696610"><ele>137.22</ele><time>2025-10-20T13:33:42.472Z</time></trkpt><trkpt lat="47.60863500" lon="19.14696610"><ele>137.23</ele><time>2025-10-20T13:33:42.674Z</time></trkpt><trkpt lat="47.60863490" lon="19.14696610"><ele>137.23</ele><time>2025-10-20T13:33:42.875Z</time></trkpt><trkpt lat="47.60863490" lon="19.14696610"><ele>137.23</ele><time>2025-10-20T13:33:43.075Z</time></trkpt><trkpt lat="47.60863490" lon="19.14696610"><ele>137.23</ele><time>2025-10-20T13:33:43.279Z</time></trkpt><trkpt lat="47.60863490" lon="19.14696610"><ele>137.23</ele><time>2025-10-20T13:33:43.480Z</time></trkpt><trkpt lat="47.60863490" lon="19.14696610"><ele>137.23</ele><time>2025-10-20T13:33:43.680Z</time></trkpt><trkpt lat="47.60863490" lon="19.14696610"><ele>137.23</ele><time>2025-10-20T13:33:43.881Z</time></trkpt><trkpt lat="47.60863490" lon="19.14696610"><ele>137.23</ele><time>2025-10-20T13:33:44.081Z</time></trkpt><trkpt lat="47.60863500" lon="19.14696610"><ele>137.23</ele><time>2025-10-20T13:33:44.281Z</time></trkpt><trkpt lat="47.60863500" lon="19.14696610"><ele>137.23</ele><time>2025-10-20T13:33:44.483Z</time></trkpt><trkpt lat="47.60863500" lon="19.14696600"><ele>137.24</ele><time>2025-10-20T13:33:44.684Z</time></trkpt><trkpt lat="47.60863500" lon="19.14696600"><ele>137.24</ele><time>2025-10-20T13:33:44.883Z</time></trkpt><trkpt lat="47.60863500" lon="19.14696600"><ele>137.24</ele><time>2025-10-20T13:33:45.084Z</time></trkpt><trkpt lat="47.60863500" lon="19.14696600"><ele>137.24</ele><time>2025-10-20T13:33:45.287Z</time></trkpt><trkpt lat="47.60863500" lon="19.14696600"><ele>137.24</ele><time>2025-10-20T13:33:45.488Z</time></trkpt><trkpt lat="47.60863500" lon="19.14696600"><ele>137.24</ele><time>2025-10-20T13:33:45.688Z</time></trkpt><trkpt lat="47.60863500" lon="19.14696600"><ele>137.24</ele><time>2025-10-20T13:33:45.889Z</time></trkpt><trkpt lat="47.60863490" lon="19.14696600"><ele>137.25</ele><time>2025-10-20T13:33:46.089Z</time></trkpt><trkpt lat="47.60863490" lon="19.14696600"><ele>137.25</ele><time>2025-10-20T13:33:46.293Z</time></trkpt><trkpt lat="47.60863490" lon="19.14696590"><ele>137.25</ele><time>2025-10-20T13:33:46.493Z</time></trkpt><trkpt lat="47.60863500" lon="19.14696590"><ele>137.25</ele><time>2025-10-20T13:33:46.694Z</time></trkpt><trkpt lat="47.60863500" lon="19.14696590"><ele>137.25</ele><time>2025-10-20T13:33:46.894Z</time></trkpt><trkpt lat="47.60863500" lon="19.14696590"><ele>137.25</ele><time>2025-10-20T13:33:47.095Z</time></trkpt><trkpt lat="47.60863490" lon="19.14696590"><ele>137.25</ele><time>2025-10-20T13:33:47.298Z</time></trkpt><trkpt lat="47.60863490" lon="19.14696590"><ele>137.25</ele><time>2025-10-20T13:33:47.499Z</time></trkpt><trkpt lat="47.60863490" lon="19.14696590"><ele>137.25</ele><time>2025-10-20T13:33:47.701Z</time></trkpt><trkpt lat="47.60863490" lon="19.14696590"><ele>137.25</ele><time>2025-10-20T13:33:47.901Z</time></trkpt><trkpt lat="47.60863500" lon="19.14696590"><ele>137.25</ele><time>2025-10-20T13:33:48.101Z</time></trkpt><trkpt lat="47.60863500" lon="19.14696590"><ele>137.25</ele><time>2025-10-20T13:33:48.302Z</time></trkpt><trkpt lat="47.60863500" lon="19.14696590"><ele>137.25</ele><time>2025-10-20T13:33:48.502Z</time></trkpt><trkpt lat="47.60863500" lon="19.14696590"><ele>137.25</ele><time>2025-10-20T13:33:48.704Z</time></trkpt><trkpt lat="47.60863500" lon="19.14696590"><ele>137.25</ele><time>2025-10-20T13:33:48.904Z</time></trkpt><trkpt lat="47.60863500" lon="19.14696600"><ele>137.26</ele><time>2025-10-20T13:33:49.104Z</time></trkpt><trkpt lat="47.60863500" lon="19.14696600"><ele>137.26</ele><time>2025-10-20T13:33:49.311Z</time></trkpt><trkpt lat="47.60863500" lon="19.14696610"><ele>137.26</ele><time>2025-10-20T13:33:49.512Z</time></trkpt><trkpt lat="47.60863490" lon="19.14696610"><ele>137.26</ele><time>2025-10-20T13:33:49.712Z</time></trkpt><trkpt lat="47.60863490" lon="19.14696620"><ele>137.26</ele><time>2025-10-20T13:33:49.912Z</time></trkpt><trkpt lat="47.60863490" lon="19.14696620"><ele>137.26</ele><time>2025-10-20T13:33:50.113Z</time></trkpt><trkpt lat="47.60863490" lon="19.14696620"><ele>137.26</ele><time>2025-10-20T13:33:50.313Z</time></trkpt><trkpt lat="47.60863490" lon="19.14696630"><ele>137.27</ele><time>2025-10-20T13:33:50.514Z</time></trkpt><trkpt lat="47.60863490" lon="19.14696630"><ele>137.26</ele><time>2025-10-20T13:33:50.714Z</time></trkpt><trkpt lat="47.60863490" lon="19.14696630"><ele>137.27</ele><time>2025-10-20T13:33:50.915Z</time></trkpt><trkpt lat="47.60863490" lon="19.14696630"><ele>137.27</ele><time>2025-10-20T13:33:51.116Z</time></trkpt><trkpt lat="47.60863490" lon="19.14696620"><ele>137.27</ele><time>2025-10-20T13:33:51.320Z</time></trkpt><trkpt lat="47.60863490" lon="19.14696620"><ele>137.27</ele><time>2025-10-20T13:33:51.523Z</time></trkpt><trkpt lat="47.60863490" lon="19.14696620"><ele>137.27</ele><time>2025-10-20T13:33:51.724Z</time></trkpt><trkpt lat="47.60863490" lon="19.14696630"><ele>137.28</ele><time>2025-10-20T13:33:51.924Z</time></trkpt><trkpt lat="47.60863490" lon="19.14696630"><ele>137.28</ele><time>2025-10-20T13:33:52.125Z</time></trkpt><trkpt lat="47.60863480" lon="19.14696620"><ele>137.28</ele><time>2025-10-20T13:33:52.325Z</time></trkpt><trkpt lat="47.60863480" lon="19.14696620"><ele>137.28</ele><time>2025-10-20T13:33:52.525Z</time></trkpt><trkpt lat="47.60863480" lon="19.14696620"><ele>137.28</ele><time>2025-10-20T13:33:52.726Z</time></trkpt><trkpt lat="47.60863480" lon="19.14696620"><ele>137.28</ele><time>2025-10-20T13:33:52.926Z</time></trkpt><trkpt lat="47.60863490" lon="19.14696620"><ele>137.28</ele><time>2025-10-20T13:33:53.129Z</time></trkpt><trkpt lat="47.60863490" lon="19.14696610"><ele>137.28</ele><time>2025-10-20T13:33:53.333Z</time></trkpt><trkpt lat="47.60863490" lon="19.14696610"><ele>137.28</ele><time>2025-10-20T13:33:53.535Z</time></trkpt><trkpt lat="47.60863490" lon="19.14696610"><ele>137.28</ele><time>2025-10-20T13:33:53.737Z</time></trkpt><trkpt lat="47.60863490" lon="19.14696610"><ele>137.29</ele><time>2025-10-20T13:33:53.938Z</time></trkpt><trkpt lat="47.60863490" lon="19.14696610"><ele>137.29</ele><time>2025-10-20T13:33:54.140Z</time></trkpt><trkpt lat="47.60863490" lon="19.14696610"><ele>137.29</ele><time>2025-10-20T13:33:54.343Z</time></trkpt><trkpt lat="47.60863490" lon="19.14696610"><ele>137.30</ele><time>2025-10-20T13:33:54.544Z</time></trkpt><trkpt lat="47.60863490" lon="19.14696610"><ele>137.30</ele><time>2025-10-20T13:33:54.745Z</time></trkpt><trkpt lat="47.60863490" lon="19.14696610"><ele>137.30</ele><time>2025-10-20T13:33:54.946Z</time></trkpt><trkpt lat="47.60863490" lon="19.14696610"><ele>137.30</ele><time>2025-10-20T13:33:55.148Z</time></trkpt><trkpt lat="47.60863490" lon="19.14696610"><ele>137.31</ele><time>2025-10-20T13:33:55.349Z</time></trkpt><trkpt lat="47.60863490" lon="19.14696610"><ele>137.31</ele><time>2025-10-20T13:33:55.548Z</time></trkpt><trkpt lat="47.60863480" lon="19.14696610"><ele>137.31</ele><time>2025-10-20T13:33:55.749Z</time></trkpt><trkpt lat="47.60863480" lon="19.14696610"><ele>137.31</ele><time>2025-10-20T13:33:55.950Z</time></trkpt><trkpt lat="47.60863480" lon="19.14696610"><ele>137.32</ele><time>2025-10-20T13:33:56.150Z</time></trkpt><trkpt lat="47.60863480" lon="19.14696620"><ele>137.32</ele><time>2025-10-20T13:33:56.355Z</time></trkpt><trkpt lat="47.60863480" lon="19.14696620"><ele>137.32</ele><time>2025-10-20T13:33:56.556Z</time></trkpt><trkpt lat="47.60863480" lon="19.14696620"><ele>137.32</ele><time>2025-10-20T13:33:56.762Z</time></trkpt><trkpt lat="47.60863480" lon="19.14696620"><ele>137.32</ele><time>2025-10-20T13:33:56.962Z</time></trkpt><trkpt lat="47.60863480" lon="19.14696620"><ele>137.32</ele><time>2025-10-20T13:33:57.162Z</time></trkpt><trkpt lat="47.60863480" lon="19.14696620"><ele>137.32</ele><time>2025-10-20T13:33:57.365Z</time></trkpt><trkpt lat="47.60863490" lon="19.14696620"><ele>137.32</ele><time>2025-10-20T13:33:57.545Z</time></trkpt><trkpt lat="47.60863490" lon="19.14696620"><ele>137.32</ele><time>2025-10-20T13:33:57.747Z</time></trkpt><trkpt lat="47.60863490" lon="19.14696620"><ele>137.32</ele><time>2025-10-20T13:33:57.947Z</time></trkpt><trkpt lat="47.60863490" lon="19.14696620"><ele>137.31</ele><time>2025-10-20T13:33:58.148Z</time></trkpt><trkpt lat="47.60863490" lon="19.14696620"><ele>137.32</ele><time>2025-10-20T13:33:58.370Z</time></trkpt><trkpt lat="47.60863490" lon="19.14696610"><ele>137.32</ele><time>2025-10-20T13:33:58.550Z</time></trkpt><trkpt lat="47.60863480" lon="19.14696610"><ele>137.31</ele><time>2025-10-20T13:33:58.751Z</time></trkpt><trkpt lat="47.60863480" lon="19.14696610"><ele>137.31</ele><time>2025-10-20T13:33:58.952Z</time></trkpt><trkpt lat="47.60863480" lon="19.14696610"><ele>137.31</ele><time>2025-10-20T13:33:59.153Z</time></trkpt><trkpt lat="47.60863490" lon="19.14696620"><ele>137.31</ele><time>2025-10-20T13:33:59.354Z</time></trkpt><trkpt lat="47.60863490" lon="19.14696620"><ele>137.32</ele><time>2025-10-20T13:33:59.554Z</time></trkpt><trkpt lat="47.60863480" lon="19.14696630"><ele>137.32</ele><time>2025-10-20T13:33:59.755Z</time></trkpt><trkpt lat="47.60863490" lon="19.14696630"><ele>137.32</ele><time>2025-10-20T13:33:59.954Z</time></trkpt><trkpt lat="47.60863490" lon="19.14696630"><ele>137.32</ele><time>2025-10-20T13:34:00.155Z</time></trkpt><trkpt lat="47.60863490" lon="19.14696630"><ele>137.32</ele><time>2025-10-20T13:34:00.355Z</time></trkpt><trkpt lat="47.60863490" lon="19.14696630"><ele>137.32</ele><time>2025-10-20T13:34:00.556Z</time></trkpt><trkpt lat="47.60863480" lon="19.14696630"><ele>137.31</ele><time>2025-10-20T13:34:00.756Z</time></trkpt><trkpt lat="47.60863480" lon="19.14696630"><ele>137.31</ele><time>2025-10-20T13:34:00.957Z</time></trkpt><trkpt lat="47.60863480" lon="19.14696630"><ele>137.31</ele><time>2025-10-20T13:34:01.157Z</time></trkpt><trkpt lat="47.60863480" lon="19.14696630"><ele>137.31</ele><time>2025-10-20T13:34:01.359Z</time></trkpt><trkpt lat="47.60863480" lon="19.14696630"><ele>137.31</ele><time>2025-10-20T13:34:01.560Z</time></trkpt><trkpt lat="47.60863480" lon="19.14696630"><ele>137.31</ele><time>2025-10-20T13:34:01.761Z</time></trkpt><trkpt lat="47.60863480" lon="19.14696630"><ele>137.32</ele><time>2025-10-20T13:34:01.961Z</time></trkpt><trkpt lat="47.60863480" lon="19.14696630"><ele>137.32</ele><time>2025-10-20T13:34:02.163Z</time></trkpt><trkpt lat="47.60863480" lon="19.14696630"><ele>137.32</ele><time>2025-10-20T13:34:02.365Z</time></trkpt><trkpt lat="47.60863480" lon="19.14696640"><ele>137.32</ele><time>2025-10-20T13:34:02.566Z</time></trkpt><trkpt lat="47.60863490" lon="19.14696630"><ele>137.32</ele><time>2025-10-20T13:34:02.767Z</time></trkpt><trkpt lat="47.60863490" lon="19.14696640"><ele>137.33</ele><time>2025-10-20T13:34:02.968Z</time></trkpt><trkpt lat="47.60863490" lon="19.14696640"><ele>137.33</ele><time>2025-10-20T13:34:03.168Z</time></trkpt><trkpt lat="47.60863490" lon="19.14696640"><ele>137.33</ele><time>2025-10-20T13:34:03.370Z</time></trkpt><trkpt lat="47.60863500" lon="19.14696640"><ele>137.33</ele><time>2025-10-20T13:34:03.571Z</time></trkpt><trkpt lat="47.60863500" lon="19.14696640"><ele>137.33</ele><time>2025-10-20T13:34:03.772Z</time></trkpt><trkpt lat="47.60863500" lon="19.14696640"><ele>137.33</ele><time>2025-10-20T13:34:03.972Z</time></trkpt><trkpt lat="47.60863510" lon="19.14696630"><ele>137.33</ele><time>2025-10-20T13:34:04.172Z</time></trkpt><trkpt lat="47.60863510" lon="19.14696630"><ele>137.33</ele><time>2025-10-20T13:34:04.373Z</time></trkpt><trkpt lat="47.60863510" lon="19.14696630"><ele>137.34</ele><time>2025-10-20T13:34:04.573Z</time></trkpt><trkpt lat="47.60863510" lon="19.14696630"><ele>137.34</ele><time>2025-10-20T13:34:04.774Z</time></trkpt><trkpt lat="47.60863510" lon="19.14696630"><ele>137.34</ele><time>2025-10-20T13:34:04.974Z</time></trkpt><trkpt lat="47.60863510" lon="19.14696630"><ele>137.34</ele><time>2025-10-20T13:34:05.174Z</time></trkpt><trkpt lat="47.60863510" lon="19.14696630"><ele>137.34</ele><time>2025-10-20T13:34:05.374Z</time></trkpt><trkpt lat="47.60863510" lon="19.14696630"><ele>137.34</ele><time>2025-10-20T13:34:05.575Z</time></trkpt><trkpt lat="47.60863510" lon="19.14696630"><ele>137.35</ele><time>2025-10-20T13:34:05.775Z</time></trkpt><trkpt lat="47.60863510" lon="19.14696630"><ele>137.35</ele><time>2025-10-20T13:34:05.975Z</time></trkpt><trkpt lat="47.60863510" lon="19.14696630"><ele>137.35</ele><time>2025-10-20T13:34:06.175Z</time></trkpt><trkpt lat="47.60863510" lon="19.14696630"><ele>137.35</ele><time>2025-10-20T13:34:06.375Z</time></trkpt><trkpt lat="47.60863510" lon="19.14696620"><ele>137.35</ele><time>2025-10-20T13:34:06.575Z</time></trkpt><trkpt lat="47.60863510" lon="19.14696620"><ele>137.34</ele><time>2025-10-20T13:34:06.775Z</time></trkpt><trkpt lat="47.60863510" lon="19.14696620"><ele>137.34</ele><time>2025-10-20T13:34:06.976Z</time></trkpt><trkpt lat="47.60863510" lon="19.14696620"><ele>137.35</ele><time>2025-10-20T13:34:07.176Z</time></trkpt><trkpt lat="47.60863500" lon="19.14696620"><ele>137.35</ele><time>2025-10-20T13:34:07.376Z</time></trkpt><trkpt lat="47.60863500" lon="19.14696630"><ele>137.35</ele><time>2025-10-20T13:34:07.577Z</time></trkpt><trkpt lat="47.60863500" lon="19.14696630"><ele>137.35</ele><time>2025-10-20T13:34:07.777Z</time></trkpt><trkpt lat="47.60863490" lon="19.14696630"><ele>137.35</ele><time>2025-10-20T13:34:07.978Z</time></trkpt><trkpt lat="47.60863490" lon="19.14696640"><ele>137.36</ele><time>2025-10-20T13:34:08.180Z</time></trkpt><trkpt lat="47.60863490" lon="19.14696630"><ele>137.36</ele><time>2025-10-20T13:34:08.381Z</time></trkpt><trkpt lat="47.60863490" lon="19.14696630"><ele>137.37</ele><time>2025-10-20T13:34:08.582Z</time></trkpt><trkpt lat="47.60863490" lon="19.14696630"><ele>137.36</ele><time>2025-10-20T13:34:08.783Z</time></trkpt><trkpt lat="47.60863490" lon="19.14696630"><ele>137.36</ele><time>2025-10-20T13:34:08.983Z</time></trkpt><trkpt lat="47.60863490" lon="19.14696620"><ele>137.36</ele><time>2025-10-20T13:34:09.183Z</time></trkpt><trkpt lat="47.60863490" lon="19.14696620"><ele>137.36</ele><time>2025-10-20T13:34:09.385Z</time></trkpt><trkpt lat="47.60863490" lon="19.14696620"><ele>137.36</ele><time>2025-10-20T13:34:09.585Z</time></trkpt><trkpt lat="47.60863500" lon="19.14696620"><ele>137.36</ele><time>2025-10-20T13:34:09.786Z</time></trkpt><trkpt lat="47.60863500" lon="19.14696620"><ele>137.36</ele><time>2025-10-20T13:34:09.985Z</time></trkpt><trkpt lat="47.60863500" lon="19.14696610"><ele>137.36</ele><time>2025-10-20T13:34:10.187Z</time></trkpt><trkpt lat="47.60863500" lon="19.14696610"><ele>137.36</ele><time>2025-10-20T13:34:10.389Z</time></trkpt><trkpt lat="47.60863500" lon="19.14696620"><ele>137.37</ele><time>2025-10-20T13:34:10.589Z</time></trkpt><trkpt lat="47.60863500" lon="19.14696620"><ele>137.36</ele><time>2025-10-20T13:34:10.790Z</time></trkpt><trkpt lat="47.60863500" lon="19.14696620"><ele>137.37</ele><time>2025-10-20T13:34:10.990Z</time></trkpt><trkpt lat="47.60863500" lon="19.14696620"><ele>137.37</ele><time>2025-10-20T13:34:11.191Z</time></trkpt><trkpt lat="47.60863500" lon="19.14696620"><ele>137.37</ele><time>2025-10-20T13:34:11.375Z</time></trkpt><trkpt lat="47.60863500" lon="19.14696620"><ele>137.36</ele><time>2025-10-20T13:34:11.576Z</time></trkpt><trkpt lat="47.60863490" lon="19.14696620"><ele>137.36</ele><time>2025-10-20T13:34:11.776Z</time></trkpt><trkpt lat="47.60863490" lon="19.14696620"><ele>137.36</ele><time>2025-10-20T13:34:11.977Z</time></trkpt><trkpt lat="47.60863490" lon="19.14696630"><ele>137.36</ele><time>2025-10-20T13:34:12.180Z</time></trkpt><trkpt lat="47.60863500" lon="19.14696630"><ele>137.36</ele><time>2025-10-20T13:34:12.382Z</time></trkpt><trkpt lat="47.60863500" lon="19.14696630"><ele>137.36</ele><time>2025-10-20T13:34:12.582Z</time></trkpt><trkpt lat="47.60863500" lon="19.14696620"><ele>137.35</ele><time>2025-10-20T13:34:12.782Z</time></trkpt><trkpt lat="47.60863500" lon="19.14696620"><ele>137.35</ele><time>2025-10-20T13:34:12.983Z</time></trkpt><trkpt lat="47.60863500" lon="19.14696620"><ele>137.35</ele><time>2025-10-20T13:34:13.184Z</time></trkpt><trkpt lat="47.60863490" lon="19.14696620"><ele>137.35</ele><time>2025-10-20T13:34:13.384Z</time></trkpt><trkpt lat="47.60863490" lon="19.14696620"><ele>137.36</ele><time>2025-10-20T13:34:13.585Z</time></trkpt><trkpt lat="47.60863490" lon="19.14696620"><ele>137.36</ele><time>2025-10-20T13:34:13.785Z</time></trkpt><trkpt lat="47.60863490" lon="19.14696630"><ele>137.36</ele><time>2025-10-20T13:34:13.986Z</time></trkpt><trkpt lat="47.60863490" lon="19.14696630"><ele>137.36</ele><time>2025-10-20T13:34:14.188Z</time></trkpt><trkpt lat="47.60863490" lon="19.14696620"><ele>137.36</ele><time>2025-10-20T13:34:14.388Z</time></trkpt><trkpt lat="47.60863490" lon="19.14696620"><ele>137.36</ele><time>2025-10-20T13:34:14.589Z</time></trkpt><trkpt lat="47.60863490" lon="19.14696620"><ele>137.36</ele><time>2025-10-20T13:34:14.789Z</time></trkpt><trkpt lat="47.60863490" lon="19.14696620"><ele>137.36</ele><time>2025-10-20T13:34:14.990Z</time></trkpt><trkpt lat="47.60863500" lon="19.14696620"><ele>137.36</ele><time>2025-10-20T13:34:15.172Z</time></trkpt><trkpt lat="47.60863500" lon="19.14696620"><ele>137.36</ele><time>2025-10-20T13:34:15.373Z</time></trkpt><trkpt lat="47.60863500" lon="19.14696620"><ele>137.36</ele><time>2025-10-20T13:34:15.574Z</time></trkpt><trkpt lat="47.60863500" lon="19.14696620"><ele>137.36</ele><time>2025-10-20T13:34:15.774Z</time></trkpt><trkpt lat="47.60863510" lon="19.14696620"><ele>137.35</ele><time>2025-10-20T13:34:15.977Z</time></trkpt><trkpt lat="47.60863510" lon="19.14696620"><ele>137.35</ele><time>2025-10-20T13:34:16.186Z</time></trkpt><trkpt lat="47.60863510" lon="19.14696620"><ele>137.35</ele><time>2025-10-20T13:34:16.386Z</time></trkpt><trkpt lat="47.60863500" lon="19.14696620"><ele>137.35</ele><time>2025-10-20T13:34:16.586Z</time></trkpt><trkpt lat="47.60863500" lon="19.14696620"><ele>137.35</ele><time>2025-10-20T13:34:16.786Z</time></trkpt><trkpt lat="47.60863500" lon="19.14696610"><ele>137.35</ele><time>2025-10-20T13:34:16.987Z</time></trkpt><trkpt lat="47.60863500" lon="19.14696610"><ele>137.36</ele><time>2025-10-20T13:34:17.188Z</time></trkpt><trkpt lat="47.60863500" lon="19.14696610"><ele>137.36</ele><time>2025-10-20T13:34:17.390Z</time></trkpt><trkpt lat="47.60863510" lon="19.14696610"><ele>137.36</ele><time>2025-10-20T13:34:17.590Z</time></trkpt><trkpt lat="47.60863510" lon="19.14696610"><ele>137.36</ele><time>2025-10-20T13:34:17.791Z</time></trkpt><trkpt lat="47.60863510" lon="19.14696610"><ele>137.36</ele><time>2025-10-20T13:34:17.991Z</time></trkpt><trkpt lat="47.60863510" lon="19.14696610"><ele>137.36</ele><time>2025-10-20T13:34:18.193Z</time></trkpt><trkpt lat="47.60863510" lon="19.14696610"><ele>137.36</ele><time>2025-10-20T13:34:18.393Z</time></trkpt><trkpt lat="47.60863510" lon="19.14696610"><ele>137.36</ele><time>2025-10-20T13:34:18.594Z</time></trkpt><trkpt lat="47.60863510" lon="19.14696610"><ele>137.36</ele><time>2025-10-20T13:34:18.793Z</time></trkpt><trkpt lat="47.60863510" lon="19.14696610"><ele>137.36</ele><time>2025-10-20T13:34:18.994Z</time></trkpt><trkpt lat="47.60863510" lon="19.14696610"><ele>137.36</ele><time>2025-10-20T13:34:19.194Z</time></trkpt><trkpt lat="47.60863510" lon="19.14696610"><ele>137.36</ele><time>2025-10-20T13:34:19.394Z</time></trkpt><trkpt lat="47.60863510" lon="19.14696610"><ele>137.36</ele><time>2025-10-20T13:34:19.594Z</time></trkpt><trkpt lat="47.60863500" lon="19.14696610"><ele>137.36</ele><time>2025-10-20T13:34:19.795Z</time></trkpt><trkpt lat="47.60863500" lon="19.14696600"><ele>137.35</ele><time>2025-10-20T13:34:19.995Z</time></trkpt><trkpt lat="47.60863500" lon="19.14696600"><ele>137.35</ele><time>2025-10-20T13:34:20.196Z</time></trkpt><trkpt lat="47.60863500" lon="19.14696610"><ele>137.35</ele><time>2025-10-20T13:34:20.395Z</time></trkpt><trkpt lat="47.60863500" lon="19.14696600"><ele>137.35</ele><time>2025-10-20T13:34:20.595Z</time></trkpt><trkpt lat="47.60863500" lon="19.14696610"><ele>137.35</ele><time>2025-10-20T13:34:20.795Z</time></trkpt><trkpt lat="47.60863500" lon="19.14696600"><ele>137.35</ele><time>2025-10-20T13:34:20.996Z</time></trkpt><trkpt lat="47.60863500" lon="19.14696600"><ele>137.35</ele><time>2025-10-20T13:34:21.196Z</time></trkpt><trkpt lat="47.60863500" lon="19.14696600"><ele>137.35</ele><time>2025-10-20T13:34:21.398Z</time></trkpt><trkpt lat="47.60863500" lon="19.14696610"><ele>137.35</ele><time>2025-10-20T13:34:21.598Z</time></trkpt><trkpt lat="47.60863500" lon="19.14696610"><ele>137.35</ele><time>2025-10-20T13:34:21.798Z</time></trkpt><trkpt lat="47.60863500" lon="19.14696610"><ele>137.36</ele><time>2025-10-20T13:34:21.998Z</time></trkpt><trkpt lat="47.60863500" lon="19.14696610"><ele>137.36</ele><time>2025-10-20T13:34:22.200Z</time></trkpt><trkpt lat="47.60863500" lon="19.14696610"><ele>137.36</ele><time>2025-10-20T13:34:22.420Z</time></trkpt><trkpt lat="47.60863500" lon="19.14696610"><ele>137.36</ele><time>2025-10-20T13:34:22.600Z</time></trkpt><trkpt lat="47.60863500" lon="19.14696610"><ele>137.37</ele><time>2025-10-20T13:34:22.800Z</time></trkpt><trkpt lat="47.60863500" lon="19.14696610"><ele>137.37</ele><time>2025-10-20T13:34:23.001Z</time></trkpt><trkpt lat="47.60863490" lon="19.14696610"><ele>137.38</ele><time>2025-10-20T13:34:23.202Z</time></trkpt><trkpt lat="47.60863490" lon="19.14696610"><ele>137.38</ele><time>2025-10-20T13:34:23.402Z</time></trkpt><trkpt lat="47.60863490" lon="19.14696610"><ele>137.38</ele><time>2025-10-20T13:34:23.602Z</time></trkpt><trkpt lat="47.60863490" lon="19.14696610"><ele>137.38</ele><time>2025-10-20T13:34:23.802Z</time></trkpt><trkpt lat="47.60863490" lon="19.14696610"><ele>137.38</ele><time>2025-10-20T13:34:24.002Z</time></trkpt><trkpt lat="47.60863490" lon="19.14696610"><ele>137.38</ele><time>2025-10-20T13:34:24.202Z</time></trkpt><trkpt lat="47.60863490" lon="19.14696610"><ele>137.38</ele><time>2025-10-20T13:34:24.404Z</time></trkpt><trkpt lat="47.60863490" lon="19.14696610"><ele>137.38</ele><time>2025-10-20T13:34:24.624Z</time></trkpt><trkpt lat="47.60863490" lon="19.14696610"><ele>137.38</ele><time>2025-10-20T13:34:24.804Z</time></trkpt><trkpt lat="47.60863500" lon="19.14696610"><ele>137.38</ele><time>2025-10-20T13:34:25.005Z</time></trkpt><trkpt lat="47.60863500" lon="19.14696610"><ele>137.38</ele><time>2025-10-20T13:34:25.205Z</time></trkpt><trkpt lat="47.60863500" lon="19.14696610"><ele>137.38</ele><time>2025-10-20T13:34:25.405Z</time></trkpt><trkpt lat="47.60863500" lon="19.14696610"><ele>137.38</ele><time>2025-10-20T13:34:25.606Z</time></trkpt><trkpt lat="47.60863500" lon="19.14696610"><ele>137.38</ele><time>2025-10-20T13:34:25.807Z</time></trkpt><trkpt lat="47.60863500" lon="19.14696610"><ele>137.38</ele><time>2025-10-20T13:34:26.008Z</time></trkpt><trkpt lat="47.60863500" lon="19.14696610"><ele>137.38</ele><time>2025-10-20T13:34:26.208Z</time></trkpt><trkpt lat="47.60863500" lon="19.14696610"><ele>137.38</ele><time>2025-10-20T13:34:26.408Z</time></trkpt><trkpt lat="47.60863490" lon="19.14696610"><ele>137.38</ele><time>2025-10-20T13:34:26.608Z</time></trkpt><trkpt lat="47.60863500" lon="19.14696610"><ele>137.39</ele><time>2025-10-20T13:34:26.808Z</time></trkpt><trkpt lat="47.60863500" lon="19.14696620"><ele>137.39</ele><time>2025-10-20T13:34:27.008Z</time></trkpt><trkpt lat="47.60863500" lon="19.14696620"><ele>137.39</ele><time>2025-10-20T13:34:27.209Z</time></trkpt><trkpt lat="47.60863500" lon="19.14696620"><ele>137.39</ele><time>2025-10-20T13:34:27.410Z</time></trkpt><trkpt lat="47.60863500" lon="19.14696630"><ele>137.39</ele><time>2025-10-20T13:34:27.611Z</time></trkpt><trkpt lat="47.60863500" lon="19.14696630"><ele>137.39</ele><time>2025-10-20T13:34:27.812Z</time></trkpt><trkpt lat="47.60863500" lon="19.14696630"><ele>137.39</ele><time>2025-10-20T13:34:28.013Z</time></trkpt><trkpt lat="47.60863500" lon="19.14696630"><ele>137.40</ele><time>2025-10-20T13:34:28.213Z</time></trkpt><trkpt lat="47.60863500" lon="19.14696630"><ele>137.40</ele><time>2025-10-20T13:34:28.413Z</time></trkpt><trkpt lat="47.60863500" lon="19.14696630"><ele>137.40</ele><time>2025-10-20T13:34:28.613Z</time></trkpt><trkpt lat="47.60863500" lon="19.14696630"><ele>137.40</ele><time>2025-10-20T13:34:28.814Z</time></trkpt><trkpt lat="47.60863490" lon="19.14696630"><ele>137.40</ele><time>2025-10-20T13:34:29.015Z</time></trkpt><trkpt lat="47.60863500" lon="19.14696630"><ele>137.40</ele><time>2025-10-20T13:34:29.216Z</time></trkpt><trkpt lat="47.60863500" lon="19.14696630"><ele>137.41</ele><time>2025-10-20T13:34:29.396Z</time></trkpt><trkpt lat="47.60863510" lon="19.14696630"><ele>137.41</ele><time>2025-10-20T13:34:29.616Z</time></trkpt><trkpt lat="47.60863510" lon="19.14696630"><ele>137.41</ele><time>2025-10-20T13:34:29.816Z</time></trkpt><trkpt lat="47.60863510" lon="19.14696620"><ele>137.41</ele><time>2025-10-20T13:34:30.016Z</time></trkpt><trkpt lat="47.60863510" lon="19.14696620"><ele>137.41</ele><time>2025-10-20T13:34:30.216Z</time></trkpt><trkpt lat="47.60863510" lon="19.14696620"><ele>137.41</ele><time>2025-10-20T13:34:30.417Z</time></trkpt><trkpt lat="47.60863510" lon="19.14696610"><ele>137.40</ele><time>2025-10-20T13:34:30.617Z</time></trkpt><trkpt lat="47.60863510" lon="19.14696620"><ele>137.40</ele><time>2025-10-20T13:34:30.817Z</time></trkpt><trkpt lat="47.60863510" lon="19.14696620"><ele>137.41</ele><time>2025-10-20T13:34:31.019Z</time></trkpt><trkpt lat="47.60863510" lon="19.14696620"><ele>137.41</ele><time>2025-10-20T13:34:31.219Z</time></trkpt><trkpt lat="47.60863500" lon="19.14696620"><ele>137.41</ele><time>2025-10-20T13:34:31.419Z</time></trkpt><trkpt lat="47.60863500" lon="19.14696620"><ele>137.41</ele><time>2025-10-20T13:34:31.619Z</time></trkpt><trkpt lat="47.60863490" lon="19.14696620"><ele>137.41</ele><time>2025-10-20T13:34:31.819Z</time></trkpt><trkpt lat="47.60863490" lon="19.14696620"><ele>137.41</ele><time>2025-10-20T13:34:32.020Z</time></trkpt><trkpt lat="47.60863490" lon="19.14696620"><ele>137.42</ele><time>2025-10-20T13:34:32.220Z</time></trkpt><trkpt lat="47.60863490" lon="19.14696620"><ele>137.42</ele><time>2025-10-20T13:34:32.420Z</time></trkpt><trkpt lat="47.60863490" lon="19.14696620"><ele>137.42</ele><time>2025-10-20T13:34:32.620Z</time></trkpt><trkpt lat="47.60863490" lon="19.14696620"><ele>137.43</ele><time>2025-10-20T13:34:32.820Z</time></trkpt><trkpt lat="47.60863490" lon="19.14696620"><ele>137.43</ele><time>2025-10-20T13:34:33.021Z</time></trkpt><trkpt lat="47.60863500" lon="19.14696620"><ele>137.43</ele><time>2025-10-20T13:34:33.204Z</time></trkpt><trkpt lat="47.60863500" lon="19.14696610"><ele>137.43</ele><time>2025-10-20T13:34:33.405Z</time></trkpt><trkpt lat="47.60863500" lon="19.14696610"><ele>137.43</ele><time>2025-10-20T13:34:33.605Z</time></trkpt><trkpt lat="47.60863510" lon="19.14696610"><ele>137.43</ele><time>2025-10-20T13:34:33.805Z</time></trkpt><trkpt lat="47.60863510" lon="19.14696600"><ele>137.43</ele><time>2025-10-20T13:34:34.005Z</time></trkpt><trkpt lat="47.60863510" lon="19.14696600"><ele>137.43</ele><time>2025-10-20T13:34:34.206Z</time></trkpt><trkpt lat="47.60863510" lon="19.14696600"><ele>137.43</ele><time>2025-10-20T13:34:34.405Z</time></trkpt><trkpt lat="47.60863510" lon="19.14696600"><ele>137.43</ele><time>2025-10-20T13:34:34.606Z</time></trkpt><trkpt lat="47.60863510" lon="19.14696600"><ele>137.43</ele><time>2025-10-20T13:34:34.806Z</time></trkpt><trkpt lat="47.60863510" lon="19.14696600"><ele>137.43</ele><time>2025-10-20T13:34:35.005Z</time></trkpt><trkpt lat="47.60863510" lon="19.14696600"><ele>137.43</ele><time>2025-10-20T13:34:35.208Z</time></trkpt><trkpt lat="47.60863510" lon="19.14696600"><ele>137.43</ele><time>2025-10-20T13:34:35.409Z</time></trkpt><trkpt lat="47.60863510" lon="19.14696600"><ele>137.43</ele><time>2025-10-20T13:34:35.608Z</time></trkpt><trkpt lat="47.60863520" lon="19.14696600"><ele>137.43</ele><time>2025-10-20T13:34:35.809Z</time></trkpt><trkpt lat="47.60863520" lon="19.14696610"><ele>137.43</ele><time>2025-10-20T13:34:36.009Z</time></trkpt><trkpt lat="47.60863520" lon="19.14696610"><ele>137.43</ele><time>2025-10-20T13:34:36.214Z</time></trkpt><trkpt lat="47.60863520" lon="19.14696610"><ele>137.43</ele><time>2025-10-20T13:34:36.415Z</time></trkpt><trkpt lat="47.60863520" lon="19.14696610"><ele>137.43</ele><time>2025-10-20T13:34:36.616Z</time></trkpt><trkpt lat="47.60863520" lon="19.14696610"><ele>137.43</ele><time>2025-10-20T13:34:36.816Z</time></trkpt><trkpt lat="47.60863520" lon="19.14696610"><ele>137.42</ele><time>2025-10-20T13:34:37.018Z</time></trkpt><trkpt lat="47.60863520" lon="19.14696610"><ele>137.42</ele><time>2025-10-20T13:34:37.221Z</time></trkpt><trkpt lat="47.60863520" lon="19.14696610"><ele>137.43</ele><time>2025-10-20T13:34:37.421Z</time></trkpt><trkpt lat="47.60863520" lon="19.14696620"><ele>137.43</ele><time>2025-10-20T13:34:37.622Z</time></trkpt><trkpt lat="47.60863520" lon="19.14696620"><ele>137.43</ele><time>2025-10-20T13:34:37.823Z</time></trkpt><trkpt lat="47.60863520" lon="19.14696620"><ele>137.43</ele><time>2025-10-20T13:34:38.005Z</time></trkpt><trkpt lat="47.60863520" lon="19.14696630"><ele>137.43</ele><time>2025-10-20T13:34:38.207Z</time></trkpt><trkpt lat="47.60863520" lon="19.14696630"><ele>137.44</ele><time>2025-10-20T13:34:38.409Z</time></trkpt><trkpt lat="47.60863520" lon="19.14696630"><ele>137.43</ele><time>2025-10-20T13:34:38.609Z</time></trkpt><trkpt lat="47.60863520" lon="19.14696630"><ele>137.43</ele><time>2025-10-20T13:34:38.810Z</time></trkpt><trkpt lat="47.60863510" lon="19.14696630"><ele>137.43</ele><time>2025-10-20T13:34:39.012Z</time></trkpt><trkpt lat="47.60863510" lon="19.14696630"><ele>137.43</ele><time>2025-10-20T13:34:39.215Z</time></trkpt><trkpt lat="47.60863510" lon="19.14696630"><ele>137.43</ele><time>2025-10-20T13:34:39.416Z</time></trkpt><trkpt lat="47.60863510" lon="19.14696640"><ele>137.43</ele><time>2025-10-20T13:34:39.617Z</time></trkpt><trkpt lat="47.60863500" lon="19.14696630"><ele>137.43</ele><time>2025-10-20T13:34:39.818Z</time></trkpt><trkpt lat="47.60863500" lon="19.14696630"><ele>137.42</ele><time>2025-10-20T13:34:40.022Z</time></trkpt><trkpt lat="47.60863500" lon="19.14696630"><ele>137.43</ele><time>2025-10-20T13:34:40.207Z</time></trkpt><trkpt lat="47.60863500" lon="19.14696630"><ele>137.43</ele><time>2025-10-20T13:34:40.407Z</time></trkpt><trkpt lat="47.60863500" lon="19.14696630"><ele>137.42</ele><time>2025-10-20T13:34:40.609Z</time></trkpt><trkpt lat="47.60863500" lon="19.14696620"><ele>137.42</ele><time>2025-10-20T13:34:40.809Z</time></trkpt><trkpt lat="47.60863500" lon="19.14696620"><ele>137.42</ele><time>2025-10-20T13:34:41.016Z</time></trkpt><trkpt lat="47.60863500" lon="19.14696620"><ele>137.42</ele><time>2025-10-20T13:34:41.217Z</time></trkpt><trkpt lat="47.60863500" lon="19.14696620"><ele>137.42</ele><time>2025-10-20T13:34:41.419Z</time></trkpt><trkpt lat="47.60863500" lon="19.14696620"><ele>137.42</ele><time>2025-10-20T13:34:41.619Z</time></trkpt><trkpt lat="47.60863500" lon="19.14696620"><ele>137.42</ele><time>2025-10-20T13:34:41.819Z</time></trkpt><trkpt lat="47.60863500" lon="19.14696620"><ele>137.42</ele><time>2025-10-20T13:34:42.020Z</time></trkpt><trkpt lat="47.60863500" lon="19.14696620"><ele>137.43</ele><time>2025-10-20T13:34:42.206Z</time></trkpt><trkpt lat="47.60863510" lon="19.14696620"><ele>137.42</ele><time>2025-10-20T13:34:42.405Z</time></trkpt><trkpt lat="47.60863510" lon="19.14696620"><ele>137.42</ele><time>2025-10-20T13:34:42.625Z</time></trkpt><trkpt lat="47.60863510" lon="19.14696630"><ele>137.42</ele><time>2025-10-20T13:34:42.825Z</time></trkpt><trkpt lat="47.60863510" lon="19.14696630"><ele>137.43</ele><time>2025-10-20T13:34:43.006Z</time></trkpt><trkpt lat="47.60863510" lon="19.14696630"><ele>137.43</ele><time>2025-10-20T13:34:43.207Z</time></trkpt><trkpt lat="47.60863520" lon="19.14696630"><ele>137.43</ele><time>2025-10-20T13:34:43.407Z</time></trkpt><trkpt lat="47.60863520" lon="19.14696630"><ele>137.42</ele><time>2025-10-20T13:34:43.608Z</time></trkpt><trkpt lat="47.60863520" lon="19.14696630"><ele>137.42</ele><time>2025-10-20T13:34:43.808Z</time></trkpt><trkpt lat="47.60863520" lon="19.14696630"><ele>137.42</ele><time>2025-10-20T13:34:44.009Z</time></trkpt><trkpt lat="47.60863520" lon="19.14696630"><ele>137.42</ele><time>2025-10-20T13:34:44.213Z</time></trkpt><trkpt lat="47.60863510" lon="19.14696630"><ele>137.42</ele><time>2025-10-20T13:34:44.412Z</time></trkpt><trkpt lat="47.60863510" lon="19.14696630"><ele>137.42</ele><time>2025-10-20T13:34:44.613Z</time></trkpt><trkpt lat="47.60863510" lon="19.14696630"><ele>137.42</ele><time>2025-10-20T13:34:44.813Z</time></trkpt><trkpt lat="47.60863510" lon="19.14696630"><ele>137.42</ele><time>2025-10-20T13:34:45.014Z</time></trkpt><trkpt lat="47.60863510" lon="19.14696630"><ele>137.42</ele><time>2025-10-20T13:34:45.216Z</time></trkpt><trkpt lat="47.60863510" lon="19.14696630"><ele>137.43</ele><time>2025-10-20T13:34:45.416Z</time></trkpt><trkpt lat="47.60863510" lon="19.14696630"><ele>137.42</ele><time>2025-10-20T13:34:45.617Z</time></trkpt><trkpt lat="47.60863510" lon="19.14696630"><ele>137.42</ele><time>2025-10-20T13:34:45.818Z</time></trkpt><trkpt lat="47.60863510" lon="19.14696640"><ele>137.42</ele><time>2025-10-20T13:34:46.019Z</time></trkpt><trkpt lat="47.60863510" lon="19.14696640"><ele>137.42</ele><time>2025-10-20T13:34:46.219Z</time></trkpt><trkpt lat="47.60863510" lon="19.14696630"><ele>137.43</ele><time>2025-10-20T13:34:46.423Z</time></trkpt><trkpt lat="47.60863510" lon="19.14696630"><ele>137.43</ele><time>2025-10-20T13:34:46.624Z</time></trkpt><trkpt lat="47.60863510" lon="19.14696630"><ele>137.43</ele><time>2025-10-20T13:34:46.825Z</time></trkpt><trkpt lat="47.60863510" lon="19.14696640"><ele>137.43</ele><time>2025-10-20T13:34:47.027Z</time></trkpt><trkpt lat="47.60863510" lon="19.14696640"><ele>137.43</ele><time>2025-10-20T13:34:47.230Z</time></trkpt><trkpt lat="47.60863510" lon="19.14696640"><ele>137.43</ele><time>2025-10-20T13:34:47.432Z</time></trkpt><trkpt lat="47.60863510" lon="19.14696640"><ele>137.43</ele><time>2025-10-20T13:34:47.633Z</time></trkpt><trkpt lat="47.60863510" lon="19.14696640"><ele>137.43</ele><time>2025-10-20T13:34:47.834Z</time></trkpt><trkpt lat="47.60863510" lon="19.14696640"><ele>137.44</ele><time>2025-10-20T13:34:48.035Z</time></trkpt><trkpt lat="47.60863510" lon="19.14696640"><ele>137.44</ele><time>2025-10-20T13:34:48.238Z</time></trkpt><trkpt lat="47.60863510" lon="19.14696640"><ele>137.44</ele><time>2025-10-20T13:34:48.439Z</time></trkpt><trkpt lat="47.60863510" lon="19.14696640"><ele>137.43</ele><time>2025-10-20T13:34:48.639Z</time></trkpt><trkpt lat="47.60863510" lon="19.14696640"><ele>137.43</ele><time>2025-10-20T13:34:48.839Z</time></trkpt><trkpt lat="47.60863520" lon="19.14696640"><ele>137.43</ele><time>2025-10-20T13:34:49.040Z</time></trkpt><trkpt lat="47.60863520" lon="19.14696640"><ele>137.43</ele><time>2025-10-20T13:34:49.242Z</time></trkpt><trkpt lat="47.60863510" lon="19.14696630"><ele>137.44</ele><time>2025-10-20T13:34:49.444Z</time></trkpt><trkpt lat="47.60863510" lon="19.14696630"><ele>137.43</ele><time>2025-10-20T13:34:49.644Z</time></trkpt><trkpt lat="47.60863510" lon="19.14696630"><ele>137.43</ele><time>2025-10-20T13:34:49.844Z</time></trkpt><trkpt lat="47.60863510" lon="19.14696630"><ele>137.43</ele><time>2025-10-20T13:34:50.045Z</time></trkpt><trkpt lat="47.60863500" lon="19.14696630"><ele>137.43</ele><time>2025-10-20T13:34:50.246Z</time></trkpt><trkpt lat="47.60863500" lon="19.14696630"><ele>137.43</ele><time>2025-10-20T13:34:50.447Z</time></trkpt><trkpt lat="47.60863490" lon="19.14696630"><ele>137.43</ele><time>2025-10-20T13:34:50.647Z</time></trkpt><trkpt lat="47.60863490" lon="19.14696630"><ele>137.43</ele><time>2025-10-20T13:34:50.848Z</time></trkpt><trkpt lat="47.60863490" lon="19.14696630"><ele>137.43</ele><time>2025-10-20T13:34:51.049Z</time></trkpt><trkpt lat="47.60863490" lon="19.14696630"><ele>137.43</ele><time>2025-10-20T13:34:51.252Z</time></trkpt><trkpt lat="47.60863490" lon="19.14696630"><ele>137.43</ele><time>2025-10-20T13:34:51.454Z</time></trkpt><trkpt lat="47.60863490" lon="19.14696630"><ele>137.43</ele><time>2025-10-20T13:34:51.654Z</time></trkpt><trkpt lat="47.60863490" lon="19.14696630"><ele>137.42</ele><time>2025-10-20T13:34:51.855Z</time></trkpt><trkpt lat="47.60863500" lon="19.14696630"><ele>137.42</ele><time>2025-10-20T13:34:52.055Z</time></trkpt><trkpt lat="47.60863500" lon="19.14696630"><ele>137.43</ele><time>2025-10-20T13:34:52.257Z</time></trkpt><trkpt lat="47.60863500" lon="19.14696630"><ele>137.43</ele><time>2025-10-20T13:34:52.459Z</time></trkpt><trkpt lat="47.60863500" lon="19.14696630"><ele>137.43</ele><time>2025-10-20T13:34:52.660Z</time></trkpt><trkpt lat="47.60863500" lon="19.14696620"><ele>137.43</ele><time>2025-10-20T13:34:52.860Z</time></trkpt><trkpt lat="47.60863500" lon="19.14696630"><ele>137.43</ele><time>2025-10-20T13:34:53.060Z</time></trkpt><trkpt lat="47.60863500" lon="19.14696630"><ele>137.43</ele><time>2025-10-20T13:34:53.263Z</time></trkpt><trkpt lat="47.60863500" lon="19.14696620"><ele>137.43</ele><time>2025-10-20T13:34:53.465Z</time></trkpt><trkpt lat="47.60863510" lon="19.14696620"><ele>137.43</ele><time>2025-10-20T13:34:53.665Z</time></trkpt><trkpt lat="47.60863510" lon="19.14696620"><ele>137.43</ele><time>2025-10-20T13:34:53.865Z</time></trkpt><trkpt lat="47.60863510" lon="19.14696620"><ele>137.43</ele><time>2025-10-20T13:34:54.065Z</time></trkpt><trkpt lat="47.60863510" lon="19.14696630"><ele>137.43</ele><time>2025-10-20T13:34:54.268Z</time></trkpt><trkpt lat="47.60863520" lon="19.14696630"><ele>137.43</ele><time>2025-10-20T13:34:54.469Z</time></trkpt><trkpt lat="47.60863520" lon="19.14696620"><ele>137.43</ele><time>2025-10-20T13:34:54.669Z</time></trkpt><trkpt lat="47.60863520" lon="19.14696620"><ele>137.43</ele><time>2025-10-20T13:34:54.869Z</time></trkpt><trkpt lat="47.60863530" lon="19.14696620"><ele>137.43</ele><time>2025-10-20T13:34:55.070Z</time></trkpt><trkpt lat="47.60863530" lon="19.14696630"><ele>137.43</ele><time>2025-10-20T13:34:55.275Z</time></trkpt><trkpt lat="47.60863530" lon="19.14696630"><ele>137.43</ele><time>2025-10-20T13:34:55.476Z</time></trkpt><trkpt lat="47.60863530" lon="19.14696630"><ele>137.43</ele><time>2025-10-20T13:34:55.676Z</time></trkpt><trkpt lat="47.60863520" lon="19.14696630"><ele>137.42</ele><time>2025-10-20T13:34:55.857Z</time></trkpt><trkpt lat="47.60863520" lon="19.14696630"><ele>137.43</ele><time>2025-10-20T13:34:56.059Z</time></trkpt><trkpt lat="47.60863520" lon="19.14696630"><ele>137.43</ele><time>2025-10-20T13:34:56.260Z</time></trkpt><trkpt lat="47.60863520" lon="19.14696630"><ele>137.43</ele><time>2025-10-20T13:34:56.461Z</time></trkpt><trkpt lat="47.60863520" lon="19.14696630"><ele>137.43</ele><time>2025-10-20T13:34:56.662Z</time></trkpt><trkpt lat="47.60863520" lon="19.14696630"><ele>137.43</ele><time>2025-10-20T13:34:56.863Z</time></trkpt><trkpt lat="47.60863510" lon="19.14696630"><ele>137.43</ele><time>2025-10-20T13:34:57.064Z</time></trkpt><trkpt lat="47.60863510" lon="19.14696630"><ele>137.43</ele><time>2025-10-20T13:34:57.285Z</time></trkpt><trkpt lat="47.60863510" lon="19.14696630"><ele>137.43</ele><time>2025-10-20T13:34:57.466Z</time></trkpt><trkpt lat="47.60863510" lon="19.14696640"><ele>137.43</ele><time>2025-10-20T13:34:57.667Z</time></trkpt><trkpt lat="47.60863500" lon="19.14696640"><ele>137.43</ele><time>2025-10-20T13:34:57.867Z</time></trkpt><trkpt lat="47.60863500" lon="19.14696640"><ele>137.43</ele><time>2025-10-20T13:34:58.067Z</time></trkpt><trkpt lat="47.60863500" lon="19.14696640"><ele>137.43</ele><time>2025-10-20T13:34:58.269Z</time></trkpt><trkpt lat="47.60863500" lon="19.14696640"><ele>137.43</ele><time>2025-10-20T13:34:58.469Z</time></trkpt><trkpt lat="47.60863500" lon="19.14696640"><ele>137.43</ele><time>2025-10-20T13:34:58.669Z</time></trkpt><trkpt lat="47.60863510" lon="19.14696640"><ele>137.43</ele><time>2025-10-20T13:34:58.870Z</time></trkpt><trkpt lat="47.60863500" lon="19.14696640"><ele>137.43</ele><time>2025-10-20T13:34:59.071Z</time></trkpt><trkpt lat="47.60863500" lon="19.14696640"><ele>137.43</ele><time>2025-10-20T13:34:59.273Z</time></trkpt><trkpt lat="47.60863500" lon="19.14696640"><ele>137.43</ele><time>2025-10-20T13:34:59.474Z</time></trkpt><trkpt lat="47.60863500" lon="19.14696640"><ele>137.43</ele><time>2025-10-20T13:34:59.675Z</time></trkpt><trkpt lat="47.60863500" lon="19.14696640"><ele>137.43</ele><time>2025-10-20T13:34:59.875Z</time></trkpt><trkpt lat="47.60863500" lon="19.14696640"><ele>137.43</ele><time>2025-10-20T13:35:00.077Z</time></trkpt><trkpt lat="47.60863500" lon="19.14696640"><ele>137.43</ele><time>2025-10-20T13:35:00.278Z</time></trkpt><trkpt lat="47.60863500" lon="19.14696640"><ele>137.43</ele><time>2025-10-20T13:35:00.479Z</time></trkpt><trkpt lat="47.60863500" lon="19.14696640"><ele>137.43</ele><time>2025-10-20T13:35:00.679Z</time></trkpt><trkpt lat="47.60863500" lon="19.14696640"><ele>137.43</ele><time>2025-10-20T13:35:00.881Z</time></trkpt><trkpt lat="47.60863500" lon="19.14696640"><ele>137.43</ele><time>2025-10-20T13:35:01.087Z</time></trkpt><trkpt lat="47.60863510" lon="19.14696640"><ele>137.43</ele><time>2025-10-20T13:35:01.287Z</time></trkpt><trkpt lat="47.60863510" lon="19.14696650"><ele>137.43</ele><time>2025-10-20T13:35:01.488Z</time></trkpt><trkpt lat="47.60863500" lon="19.14696650"><ele>137.43</ele><time>2025-10-20T13:35:01.689Z</time></trkpt><trkpt lat="47.60863510" lon="19.14696650"><ele>137.43</ele><time>2025-10-20T13:35:01.890Z</time></trkpt><trkpt lat="47.60863510" lon="19.14696650"><ele>137.43</ele><time>2025-10-20T13:35:02.091Z</time></trkpt><trkpt lat="47.60863510" lon="19.14696650"><ele>137.43</ele><time>2025-10-20T13:35:02.276Z</time></trkpt><trkpt lat="47.60863510" lon="19.14696650"><ele>137.43</ele><time>2025-10-20T13:35:02.476Z</time></trkpt><trkpt lat="47.60863500" lon="19.14696640"><ele>137.43</ele><time>2025-10-20T13:35:02.696Z</time></trkpt><trkpt lat="47.60863500" lon="19.14696640"><ele>137.43</ele><time>2025-10-20T13:35:02.896Z</time></trkpt><trkpt lat="47.60863510" lon="19.14696630"><ele>137.43</ele><time>2025-10-20T13:35:03.096Z</time></trkpt><trkpt lat="47.60863510" lon="19.14696630"><ele>137.43</ele><time>2025-10-20T13:35:03.296Z</time></trkpt><trkpt lat="47.60863510" lon="19.14696630"><ele>137.43</ele><time>2025-10-20T13:35:03.497Z</time></trkpt><trkpt lat="47.60863510" lon="19.14696630"><ele>137.43</ele><time>2025-10-20T13:35:03.697Z</time></trkpt><trkpt lat="47.60863510" lon="19.14696630"><ele>137.42</ele><time>2025-10-20T13:35:03.897Z</time></trkpt><trkpt lat="47.60863510" lon="19.14696620"><ele>137.42</ele><time>2025-10-20T13:35:04.097Z</time></trkpt><trkpt lat="47.60863500" lon="19.14696620"><ele>137.42</ele><time>2025-10-20T13:35:04.278Z</time></trkpt><trkpt lat="47.60863510" lon="19.14696620"><ele>137.43</ele><time>2025-10-20T13:35:04.479Z</time></trkpt><trkpt lat="47.60863510" lon="19.14696620"><ele>137.43</ele><time>2025-10-20T13:35:04.679Z</time></trkpt><trkpt lat="47.60863500" lon="19.14696610"><ele>137.43</ele><time>2025-10-20T13:35:04.879Z</time></trkpt><trkpt lat="47.60863500" lon="19.14696610"><ele>137.43</ele><time>2025-10-20T13:35:05.079Z</time></trkpt><trkpt lat="47.60863500" lon="19.14696610"><ele>137.43</ele><time>2025-10-20T13:35:05.280Z</time></trkpt><trkpt lat="47.60863500" lon="19.14696620"><ele>137.44</ele><time>2025-10-20T13:35:05.480Z</time></trkpt><trkpt lat="47.60863500" lon="19.14696620"><ele>137.44</ele><time>2025-10-20T13:35:05.679Z</time></trkpt><trkpt lat="47.60863500" lon="19.14696630"><ele>137.43</ele><time>2025-10-20T13:35:05.879Z</time></trkpt><trkpt lat="47.60863500" lon="19.14696630"><ele>137.44</ele><time>2025-10-20T13:35:06.080Z</time></trkpt><trkpt lat="47.60863510" lon="19.14696640"><ele>137.44</ele><time>2025-10-20T13:35:06.282Z</time></trkpt><trkpt lat="47.60863510" lon="19.14696640"><ele>137.44</ele><time>2025-10-20T13:35:06.482Z</time></trkpt><trkpt lat="47.60863510" lon="19.14696650"><ele>137.44</ele><time>2025-10-20T13:35:06.682Z</time></trkpt><trkpt lat="47.60863510" lon="19.14696640"><ele>137.44</ele><time>2025-10-20T13:35:06.882Z</time></trkpt><trkpt lat="47.60863510" lon="19.14696640"><ele>137.44</ele><time>2025-10-20T13:35:07.082Z</time></trkpt><trkpt lat="47.60863510" lon="19.14696640"><ele>137.44</ele><time>2025-10-20T13:35:07.287Z</time></trkpt><trkpt lat="47.60863510" lon="19.14696640"><ele>137.44</ele><time>2025-10-20T13:35:07.488Z</time></trkpt><trkpt lat="47.60863520" lon="19.14696640"><ele>137.44</ele><time>2025-10-20T13:35:07.688Z</time></trkpt><trkpt lat="47.60863520" lon="19.14696640"><ele>137.44</ele><time>2025-10-20T13:35:07.888Z</time></trkpt><trkpt lat="47.60863520" lon="19.14696640"><ele>137.44</ele><time>2025-10-20T13:35:08.088Z</time></trkpt><trkpt lat="47.60863520" lon="19.14696640"><ele>137.44</ele><time>2025-10-20T13:35:08.290Z</time></trkpt><trkpt lat="47.60863520" lon="19.14696640"><ele>137.44</ele><time>2025-10-20T13:35:08.490Z</time></trkpt><trkpt lat="47.60863520" lon="19.14696640"><ele>137.44</ele><time>2025-10-20T13:35:08.691Z</time></trkpt><trkpt lat="47.60863520" lon="19.14696640"><ele>137.45</ele><time>2025-10-20T13:35:08.891Z</time></trkpt><trkpt lat="47.60863520" lon="19.14696640"><ele>137.45</ele><time>2025-10-20T13:35:09.092Z</time></trkpt><trkpt lat="47.60863520" lon="19.14696640"><ele>137.45</ele><time>2025-10-20T13:35:09.295Z</time></trkpt><trkpt lat="47.60863520" lon="19.14696630"><ele>137.45</ele><time>2025-10-20T13:35:09.495Z</time></trkpt><trkpt lat="47.60863520" lon="19.14696630"><ele>137.45</ele><time>2025-10-20T13:35:09.696Z</time></trkpt><trkpt lat="47.60863520" lon="19.14696630"><ele>137.45</ele><time>2025-10-20T13:35:09.896Z</time></trkpt><trkpt lat="47.60863520" lon="19.14696620"><ele>137.44</ele><time>2025-10-20T13:35:10.097Z</time></trkpt><trkpt lat="47.60863520" lon="19.14696620"><ele>137.44</ele><time>2025-10-20T13:35:10.282Z</time></trkpt><trkpt lat="47.60863520" lon="19.14696620"><ele>137.45</ele><time>2025-10-20T13:35:10.483Z</time></trkpt><trkpt lat="47.60863520" lon="19.14696620"><ele>137.45</ele><time>2025-10-20T13:35:10.683Z</time></trkpt><trkpt lat="47.60863520" lon="19.14696620"><ele>137.45</ele><time>2025-10-20T13:35:10.884Z</time></trkpt><trkpt lat="47.60863510" lon="19.14696620"><ele>137.45</ele><time>2025-10-20T13:35:11.087Z</time></trkpt><trkpt lat="47.60863510" lon="19.14696620"><ele>137.45</ele><time>2025-10-20T13:35:11.291Z</time></trkpt><trkpt lat="47.60863510" lon="19.14696620"><ele>137.45</ele><time>2025-10-20T13:35:11.492Z</time></trkpt><trkpt lat="47.60863510" lon="19.14696620"><ele>137.46</ele><time>2025-10-20T13:35:11.692Z</time></trkpt><trkpt lat="47.60863510" lon="19.14696620"><ele>137.46</ele><time>2025-10-20T13:35:11.892Z</time></trkpt><trkpt lat="47.60863510" lon="19.14696610"><ele>137.46</ele><time>2025-10-20T13:35:12.094Z</time></trkpt><trkpt lat="47.60863510" lon="19.14696620"><ele>137.46</ele><time>2025-10-20T13:35:12.296Z</time></trkpt><trkpt lat="47.60863510" lon="19.14696610"><ele>137.46</ele><time>2025-10-20T13:35:12.496Z</time></trkpt><trkpt lat="47.60863510" lon="19.14696610"><ele>137.46</ele><time>2025-10-20T13:35:12.696Z</time></trkpt><trkpt lat="47.60863510" lon="19.14696610"><ele>137.46</ele><time>2025-10-20T13:35:12.896Z</time></trkpt><trkpt lat="47.60863510" lon="19.14696610"><ele>137.46</ele><time>2025-10-20T13:35:13.097Z</time></trkpt><trkpt lat="47.60863510" lon="19.14696610"><ele>137.46</ele><time>2025-10-20T13:35:13.297Z</time></trkpt><trkpt lat="47.60863510" lon="19.14696610"><ele>137.46</ele><time>2025-10-20T13:35:13.498Z</time></trkpt><trkpt lat="47.60863510" lon="19.14696610"><ele>137.46</ele><time>2025-10-20T13:35:13.698Z</time></trkpt><trkpt lat="47.60863510" lon="19.14696610"><ele>137.46</ele><time>2025-10-20T13:35:13.898Z</time></trkpt><trkpt lat="47.60863510" lon="19.14696610"><ele>137.46</ele><time>2025-10-20T13:35:14.099Z</time></trkpt><trkpt lat="47.60863510" lon="19.14696610"><ele>137.47</ele><time>2025-10-20T13:35:14.301Z</time></trkpt><trkpt lat="47.60863510" lon="19.14696620"><ele>137.47</ele><time>2025-10-20T13:35:14.501Z</time></trkpt><trkpt lat="47.60863510" lon="19.14696620"><ele>137.47</ele><time>2025-10-20T13:35:14.701Z</time></trkpt><trkpt lat="47.60863510" lon="19.14696620"><ele>137.47</ele><time>2025-10-20T13:35:14.902Z</time></trkpt><trkpt lat="47.60863510" lon="19.14696620"><ele>137.47</ele><time>2025-10-20T13:35:15.102Z</time></trkpt><trkpt lat="47.60863510" lon="19.14696620"><ele>137.47</ele><time>2025-10-20T13:35:15.305Z</time></trkpt><trkpt lat="47.60863510" lon="19.14696610"><ele>137.48</ele><time>2025-10-20T13:35:15.506Z</time></trkpt><trkpt lat="47.60863510" lon="19.14696610"><ele>137.48</ele><time>2025-10-20T13:35:15.706Z</time></trkpt><trkpt lat="47.60863510" lon="19.14696610"><ele>137.48</ele><time>2025-10-20T13:35:15.906Z</time></trkpt><trkpt lat="47.60863510" lon="19.14696610"><ele>137.48</ele><time>2025-10-20T13:35:16.106Z</time></trkpt><trkpt lat="47.60863510" lon="19.14696610"><ele>137.47</ele><time>2025-10-20T13:35:16.309Z</time></trkpt><trkpt lat="47.60863510" lon="19.14696610"><ele>137.48</ele><time>2025-10-20T13:35:16.509Z</time></trkpt><trkpt lat="47.60863510" lon="19.14696610"><ele>137.48</ele><time>2025-10-20T13:35:16.709Z</time></trkpt><trkpt lat="47.60863510" lon="19.14696610"><ele>137.47</ele><time>2025-10-20T13:35:16.909Z</time></trkpt><trkpt lat="47.60863510" lon="19.14696610"><ele>137.47</ele><time>2025-10-20T13:35:17.109Z</time></trkpt><trkpt lat="47.60863510" lon="19.14696610"><ele>137.47</ele><time>2025-10-20T13:35:17.309Z</time></trkpt><trkpt lat="47.60863500" lon="19.14696610"><ele>137.47</ele><time>2025-10-20T13:35:17.511Z</time></trkpt><trkpt lat="47.60863500" lon="19.14696610"><ele>137.47</ele><time>2025-10-20T13:35:17.710Z</time></trkpt><trkpt lat="47.60863510" lon="19.14696610"><ele>137.47</ele><time>2025-10-20T13:35:17.911Z</time></trkpt><trkpt lat="47.60863500" lon="19.14696610"><ele>137.47</ele><time>2025-10-20T13:35:18.112Z</time></trkpt><trkpt lat="47.60863500" lon="19.14696610"><ele>137.47</ele><time>2025-10-20T13:35:18.313Z</time></trkpt><trkpt lat="47.60863500" lon="19.14696620"><ele>137.47</ele><time>2025-10-20T13:35:18.513Z</time></trkpt><trkpt lat="47.60863510" lon="19.14696620"><ele>137.47</ele><time>2025-10-20T13:35:18.713Z</time></trkpt><trkpt lat="47.60863510" lon="19.14696620"><ele>137.47</ele><time>2025-10-20T13:35:18.913Z</time></trkpt><trkpt lat="47.60863510" lon="19.14696620"><ele>137.46</ele><time>2025-10-20T13:35:19.114Z</time></trkpt><trkpt lat="47.60863510" lon="19.14696630"><ele>137.46</ele><time>2025-10-20T13:35:19.316Z</time></trkpt><trkpt lat="47.60863510" lon="19.14696630"><ele>137.46</ele><time>2025-10-20T13:35:19.516Z</time></trkpt><trkpt lat="47.60863510" lon="19.14696630"><ele>137.46</ele><time>2025-10-20T13:35:19.715Z</time></trkpt><trkpt lat="47.60863510" lon="19.14696630"><ele>137.46</ele><time>2025-10-20T13:35:19.915Z</time></trkpt><trkpt lat="47.60863510" lon="19.14696630"><ele>137.46</ele><time>2025-10-20T13:35:20.116Z</time></trkpt><trkpt lat="47.60863510" lon="19.14696630"><ele>137.46</ele><time>2025-10-20T13:35:20.317Z</time></trkpt><trkpt lat="47.60863510" lon="19.14696630"><ele>137.47</ele><time>2025-10-20T13:35:20.518Z</time></trkpt><trkpt lat="47.60863510" lon="19.14696630"><ele>137.47</ele><time>2025-10-20T13:35:20.718Z</time></trkpt><trkpt lat="47.60863510" lon="19.14696630"><ele>137.47</ele><time>2025-10-20T13:35:20.918Z</time></trkpt><trkpt lat="47.60863510" lon="19.14696630"><ele>137.47</ele><time>2025-10-20T13:35:21.118Z</time></trkpt><trkpt lat="47.60863510" lon="19.14696630"><ele>137.47</ele><time>2025-10-20T13:35:21.319Z</time></trkpt><trkpt lat="47.60863510" lon="19.14696640"><ele>137.47</ele><time>2025-10-20T13:35:21.519Z</time></trkpt><trkpt lat="47.60863510" lon="19.14696640"><ele>137.47</ele><time>2025-10-20T13:35:21.719Z</time></trkpt><trkpt lat="47.60863510" lon="19.14696640"><ele>137.47</ele><time>2025-10-20T13:35:21.920Z</time></trkpt><trkpt lat="47.60863510" lon="19.14696640"><ele>137.47</ele><time>2025-10-20T13:35:22.121Z</time></trkpt><trkpt lat="47.60863510" lon="19.14696640"><ele>137.47</ele><time>2025-10-20T13:35:22.321Z</time></trkpt><trkpt lat="47.60863510" lon="19.14696640"><ele>137.47</ele><time>2025-10-20T13:35:22.521Z</time></trkpt><trkpt lat="47.60863510" lon="19.14696640"><ele>137.47</ele><time>2025-10-20T13:35:22.722Z</time></trkpt><trkpt lat="47.60863520" lon="19.14696640"><ele>137.47</ele><time>2025-10-20T13:35:22.922Z</time></trkpt><trkpt lat="47.60863520" lon="19.14696640"><ele>137.47</ele><time>2025-10-20T13:35:23.122Z</time></trkpt><trkpt lat="47.60863520" lon="19.14696640"><ele>137.47</ele><time>2025-10-20T13:35:23.308Z</time></trkpt><trkpt lat="47.60863520" lon="19.14696640"><ele>137.47</ele><time>2025-10-20T13:35:23.508Z</time></trkpt><trkpt lat="47.60863530" lon="19.14696630"><ele>137.47</ele><time>2025-10-20T13:35:23.708Z</time></trkpt><trkpt lat="47.60863530" lon="19.14696630"><ele>137.47</ele><time>2025-10-20T13:35:23.909Z</time></trkpt><trkpt lat="47.60863530" lon="19.14696630"><ele>137.46</ele><time>2025-10-20T13:35:24.109Z</time></trkpt><trkpt lat="47.60863530" lon="19.14696630"><ele>137.46</ele><time>2025-10-20T13:35:24.310Z</time></trkpt><trkpt lat="47.60863530" lon="19.14696620"><ele>137.46</ele><time>2025-10-20T13:35:24.511Z</time></trkpt><trkpt lat="47.60863530" lon="19.14696620"><ele>137.46</ele><time>2025-10-20T13:35:24.712Z</time></trkpt><trkpt lat="47.60863530" lon="19.14696620"><ele>137.45</ele><time>2025-10-20T13:35:24.912Z</time></trkpt><trkpt lat="47.60863530" lon="19.14696620"><ele>137.45</ele><time>2025-10-20T13:35:25.114Z</time></trkpt><trkpt lat="47.60863530" lon="19.14696620"><ele>137.45</ele><time>2025-10-20T13:35:25.314Z</time></trkpt><trkpt lat="47.60863530" lon="19.14696620"><ele>137.45</ele><time>2025-10-20T13:35:25.515Z</time></trkpt><trkpt lat="47.60863530" lon="19.14696620"><ele>137.45</ele><time>2025-10-20T13:35:25.715Z</time></trkpt><trkpt lat="47.60863530" lon="19.14696620"><ele>137.45</ele><time>2025-10-20T13:35:25.916Z</time></trkpt><trkpt lat="47.60863530" lon="19.14696620"><ele>137.45</ele><time>2025-10-20T13:35:26.120Z</time></trkpt><trkpt lat="47.60863530" lon="19.14696630"><ele>137.45</ele><time>2025-10-20T13:35:26.321Z</time></trkpt><trkpt lat="47.60863530" lon="19.14696630"><ele>137.45</ele><time>2025-10-20T13:35:26.523Z</time></trkpt><trkpt lat="47.60863530" lon="19.14696630"><ele>137.45</ele><time>2025-10-20T13:35:26.724Z</time></trkpt><trkpt lat="47.60863520" lon="19.14696640"><ele>137.45</ele><time>2025-10-20T13:35:26.927Z</time></trkpt><trkpt lat="47.60863520" lon="19.14696630"><ele>137.44</ele><time>2025-10-20T13:35:27.129Z</time></trkpt><trkpt lat="47.60863530" lon="19.14696630"><ele>137.44</ele><time>2025-10-20T13:35:27.330Z</time></trkpt><trkpt lat="47.60863530" lon="19.14696630"><ele>137.45</ele><time>2025-10-20T13:35:27.531Z</time></trkpt><trkpt lat="47.60863530" lon="19.14696630"><ele>137.45</ele><time>2025-10-20T13:35:27.731Z</time></trkpt><trkpt lat="47.60863530" lon="19.14696630"><ele>137.45</ele><time>2025-10-20T13:35:27.931Z</time></trkpt><trkpt lat="47.60863530" lon="19.14696630"><ele>137.45</ele><time>2025-10-20T13:35:28.132Z</time></trkpt><trkpt lat="47.60863530" lon="19.14696630"><ele>137.45</ele><time>2025-10-20T13:35:28.334Z</time></trkpt><trkpt lat="47.60863530" lon="19.14696630"><ele>137.45</ele><time>2025-10-20T13:35:28.536Z</time></trkpt><trkpt lat="47.60863530" lon="19.14696630"><ele>137.45</ele><time>2025-10-20T13:35:28.737Z</time></trkpt><trkpt lat="47.60863530" lon="19.14696630"><ele>137.45</ele><time>2025-10-20T13:35:28.938Z</time></trkpt><trkpt lat="47.60863530" lon="19.14696630"><ele>137.44</ele><time>2025-10-20T13:35:29.145Z</time></trkpt><trkpt lat="47.60863530" lon="19.14696630"><ele>137.44</ele><time>2025-10-20T13:35:29.329Z</time></trkpt><trkpt lat="47.60863530" lon="19.14696630"><ele>137.44</ele><time>2025-10-20T13:35:29.530Z</time></trkpt><trkpt lat="47.60863530" lon="19.14696620"><ele>137.44</ele><time>2025-10-20T13:35:29.732Z</time></trkpt><trkpt lat="47.60863530" lon="19.14696620"><ele>137.44</ele><time>2025-10-20T13:35:29.932Z</time></trkpt><trkpt lat="47.60863530" lon="19.14696620"><ele>137.43</ele><time>2025-10-20T13:35:30.134Z</time></trkpt><trkpt lat="47.60863540" lon="19.14696620"><ele>137.43</ele><time>2025-10-20T13:35:30.337Z</time></trkpt><trkpt lat="47.60863540" lon="19.14696620"><ele>137.43</ele><time>2025-10-20T13:35:30.538Z</time></trkpt><trkpt lat="47.60863540" lon="19.14696620"><ele>137.43</ele><time>2025-10-20T13:35:30.739Z</time></trkpt><trkpt lat="47.60863540" lon="19.14696620"><ele>137.43</ele><time>2025-10-20T13:35:30.939Z</time></trkpt><trkpt lat="47.60863540" lon="19.14696620"><ele>137.43</ele><time>2025-10-20T13:35:31.140Z</time></trkpt><trkpt lat="47.60863540" lon="19.14696620"><ele>137.43</ele><time>2025-10-20T13:35:31.340Z</time></trkpt><trkpt lat="47.60863540" lon="19.14696620"><ele>137.43</ele><time>2025-10-20T13:35:31.540Z</time></trkpt><trkpt lat="47.60863540" lon="19.14696620"><ele>137.44</ele><time>2025-10-20T13:35:31.740Z</time></trkpt><trkpt lat="47.60863540" lon="19.14696620"><ele>137.44</ele><time>2025-10-20T13:35:31.940Z</time></trkpt><trkpt lat="47.60863530" lon="19.14696620"><ele>137.44</ele><time>2025-10-20T13:35:32.141Z</time></trkpt><trkpt lat="47.60863530" lon="19.14696620"><ele>137.44</ele><time>2025-10-20T13:35:32.342Z</time></trkpt><trkpt lat="47.60863530" lon="19.14696630"><ele>137.44</ele><time>2025-10-20T13:35:32.543Z</time></trkpt><trkpt lat="47.60863520" lon="19.14696630"><ele>137.45</ele><time>2025-10-20T13:35:32.743Z</time></trkpt><trkpt lat="47.60863520" lon="19.14696630"><ele>137.45</ele><time>2025-10-20T13:35:32.943Z</time></trkpt><trkpt lat="47.60863520" lon="19.14696630"><ele>137.45</ele><time>2025-10-20T13:35:33.144Z</time></trkpt><trkpt lat="47.60863510" lon="19.14696630"><ele>137.45</ele><time>2025-10-20T13:35:33.344Z</time></trkpt><trkpt lat="47.60863510" lon="19.14696630"><ele>137.46</ele><time>2025-10-20T13:35:33.544Z</time></trkpt><trkpt lat="47.60863520" lon="19.14696630"><ele>137.46</ele><time>2025-10-20T13:35:33.746Z</time></trkpt><trkpt lat="47.60863520" lon="19.14696630"><ele>137.46</ele><time>2025-10-20T13:35:33.945Z</time></trkpt><trkpt lat="47.60863520" lon="19.14696630"><ele>137.46</ele><time>2025-10-20T13:35:34.145Z</time></trkpt><trkpt lat="47.60863520" lon="19.14696630"><ele>137.46</ele><time>2025-10-20T13:35:34.345Z</time></trkpt><trkpt lat="47.60863520" lon="19.14696630"><ele>137.46</ele><time>2025-10-20T13:35:34.546Z</time></trkpt><trkpt lat="47.60863520" lon="19.14696630"><ele>137.46</ele><time>2025-10-20T13:35:34.746Z</time></trkpt><trkpt lat="47.60863520" lon="19.14696630"><ele>137.46</ele><time>2025-10-20T13:35:34.946Z</time></trkpt><trkpt lat="47.60863520" lon="19.14696630"><ele>137.46</ele><time>2025-10-20T13:35:35.146Z</time></trkpt><trkpt lat="47.60863520" lon="19.14696640"><ele>137.45</ele><time>2025-10-20T13:35:35.330Z</time></trkpt><trkpt lat="47.60863520" lon="19.14696640"><ele>137.46</ele><time>2025-10-20T13:35:35.530Z</time></trkpt><trkpt lat="47.60863520" lon="19.14696640"><ele>137.45</ele><time>2025-10-20T13:35:35.731Z</time></trkpt><trkpt lat="47.60863520" lon="19.14696640"><ele>137.45</ele><time>2025-10-20T13:35:35.931Z</time></trkpt><trkpt lat="47.60863520" lon="19.14696640"><ele>137.44</ele><time>2025-10-20T13:35:36.132Z</time></trkpt><trkpt lat="47.60863520" lon="19.14696640"><ele>137.44</ele><time>2025-10-20T13:35:36.338Z</time></trkpt><trkpt lat="47.60863520" lon="19.14696640"><ele>137.44</ele><time>2025-10-20T13:35:36.558Z</time></trkpt><trkpt lat="47.60863520" lon="19.14696640"><ele>137.44</ele><time>2025-10-20T13:35:36.738Z</time></trkpt><trkpt lat="47.60863520" lon="19.14696640"><ele>137.44</ele><time>2025-10-20T13:35:36.958Z</time></trkpt><trkpt lat="47.60863520" lon="19.14696640"><ele>137.43</ele><time>2025-10-20T13:35:37.139Z</time></trkpt><trkpt lat="47.60863520" lon="19.14696640"><ele>137.43</ele><time>2025-10-20T13:35:37.341Z</time></trkpt><trkpt lat="47.60863520" lon="19.14696640"><ele>137.43</ele><time>2025-10-20T13:35:37.541Z</time></trkpt><trkpt lat="47.60863520" lon="19.14696640"><ele>137.43</ele><time>2025-10-20T13:35:37.742Z</time></trkpt><trkpt lat="47.60863520" lon="19.14696640"><ele>137.43</ele><time>2025-10-20T13:35:37.943Z</time></trkpt><trkpt lat="47.60863510" lon="19.14696640"><ele>137.43</ele><time>2025-10-20T13:35:38.146Z</time></trkpt><trkpt lat="47.60863510" lon="19.14696640"><ele>137.42</ele><time>2025-10-20T13:35:38.348Z</time></trkpt><trkpt lat="47.60863510" lon="19.14696640"><ele>137.42</ele><time>2025-10-20T13:35:38.549Z</time></trkpt><trkpt lat="47.60863510" lon="19.14696650"><ele>137.42</ele><time>2025-10-20T13:35:38.750Z</time></trkpt><trkpt lat="47.60863510" lon="19.14696650"><ele>137.42</ele><time>2025-10-20T13:35:38.950Z</time></trkpt><trkpt lat="47.60863510" lon="19.14696650"><ele>137.42</ele><time>2025-10-20T13:35:39.151Z</time></trkpt><trkpt lat="47.60863510" lon="19.14696650"><ele>137.43</ele><time>2025-10-20T13:35:39.355Z</time></trkpt><trkpt lat="47.60863510" lon="19.14696650"><ele>137.42</ele><time>2025-10-20T13:35:39.554Z</time></trkpt><trkpt lat="47.60863510" lon="19.14696650"><ele>137.42</ele><time>2025-10-20T13:35:39.756Z</time></trkpt><trkpt lat="47.60863520" lon="19.14696650"><ele>137.43</ele><time>2025-10-20T13:35:39.957Z</time></trkpt><trkpt lat="47.60863510" lon="19.14696650"><ele>137.43</ele><time>2025-10-20T13:35:40.159Z</time></trkpt><trkpt lat="47.60863510" lon="19.14696650"><ele>137.43</ele><time>2025-10-20T13:35:40.362Z</time></trkpt><trkpt lat="47.60863510" lon="19.14696650"><ele>137.43</ele><time>2025-10-20T13:35:40.563Z</time></trkpt><trkpt lat="47.60863510" lon="19.14696640"><ele>137.43</ele><time>2025-10-20T13:35:40.763Z</time></trkpt><trkpt lat="47.60863520" lon="19.14696640"><ele>137.43</ele><time>2025-10-20T13:35:40.965Z</time></trkpt><trkpt lat="47.60863520" lon="19.14696640"><ele>137.43</ele><time>2025-10-20T13:35:41.146Z</time></trkpt><trkpt lat="47.60863520" lon="19.14696640"><ele>137.43</ele><time>2025-10-20T13:35:41.348Z</time></trkpt><trkpt lat="47.60863520" lon="19.14696640"><ele>137.43</ele><time>2025-10-20T13:35:41.550Z</time></trkpt><trkpt lat="47.60863520" lon="19.14696640"><ele>137.43</ele><time>2025-10-20T13:35:41.750Z</time></trkpt><trkpt lat="47.60863520" lon="19.14696630"><ele>137.43</ele><time>2025-10-20T13:35:41.950Z</time></trkpt><trkpt lat="47.60863520" lon="19.14696630"><ele>137.44</ele><time>2025-10-20T13:35:42.152Z</time></trkpt><trkpt lat="47.60863510" lon="19.14696630"><ele>137.44</ele><time>2025-10-20T13:35:42.353Z</time></trkpt><trkpt lat="47.60863510" lon="19.14696630"><ele>137.44</ele><time>2025-10-20T13:35:42.554Z</time></trkpt><trkpt lat="47.60863510" lon="19.14696620"><ele>137.44</ele><time>2025-10-20T13:35:42.754Z</time></trkpt><trkpt lat="47.60863510" lon="19.14696620"><ele>137.44</ele><time>2025-10-20T13:35:42.955Z</time></trkpt><trkpt lat="47.60863510" lon="19.14696620"><ele>137.44</ele><time>2025-10-20T13:35:43.159Z</time></trkpt><trkpt lat="47.60863520" lon="19.14696620"><ele>137.44</ele><time>2025-10-20T13:35:43.360Z</time></trkpt><trkpt lat="47.60863520" lon="19.14696620"><ele>137.44</ele><time>2025-10-20T13:35:43.561Z</time></trkpt><trkpt lat="47.60863520" lon="19.14696620"><ele>137.44</ele><time>2025-10-20T13:35:43.762Z</time></trkpt><trkpt lat="47.60863520" lon="19.14696620"><ele>137.44</ele><time>2025-10-20T13:35:43.964Z</time></trkpt><trkpt lat="47.60863520" lon="19.14696620"><ele>137.43</ele><time>2025-10-20T13:35:44.166Z</time></trkpt><trkpt lat="47.60863520" lon="19.14696620"><ele>137.43</ele><time>2025-10-20T13:35:44.368Z</time></trkpt><trkpt lat="47.60863520" lon="19.14696620"><ele>137.44</ele><time>2025-10-20T13:35:44.569Z</time></trkpt><trkpt lat="47.60863520" lon="19.14696620"><ele>137.44</ele><time>2025-10-20T13:35:44.769Z</time></trkpt><trkpt lat="47.60863520" lon="19.14696620"><ele>137.44</ele><time>2025-10-20T13:35:44.969Z</time></trkpt><trkpt lat="47.60863520" lon="19.14696620"><ele>137.44</ele><time>2025-10-20T13:35:45.170Z</time></trkpt><trkpt lat="47.60863520" lon="19.14696620"><ele>137.44</ele><time>2025-10-20T13:35:45.370Z</time></trkpt><trkpt lat="47.60863520" lon="19.14696620"><ele>137.44</ele><time>2025-10-20T13:35:45.570Z</time></trkpt><trkpt lat="47.60863520" lon="19.14696620"><ele>137.44</ele><time>2025-10-20T13:35:45.770Z</time></trkpt><trkpt lat="47.60863520" lon="19.14696620"><ele>137.44</ele><time>2025-10-20T13:35:45.970Z</time></trkpt><trkpt lat="47.60863520" lon="19.14696630"><ele>137.44</ele><time>2025-10-20T13:35:46.171Z</time></trkpt><trkpt lat="47.60863520" lon="19.14696630"><ele>137.44</ele><time>2025-10-20T13:35:46.371Z</time></trkpt><trkpt lat="47.60863520" lon="19.14696630"><ele>137.44</ele><time>2025-10-20T13:35:46.571Z</time></trkpt><trkpt lat="47.60863520" lon="19.14696630"><ele>137.44</ele><time>2025-10-20T13:35:46.771Z</time></trkpt><trkpt lat="47.60863520" lon="19.14696630"><ele>137.44</ele><time>2025-10-20T13:35:46.971Z</time></trkpt><trkpt lat="47.60863520" lon="19.14696630"><ele>137.44</ele><time>2025-10-20T13:35:47.173Z</time></trkpt><trkpt lat="47.60863520" lon="19.14696640"><ele>137.44</ele><time>2025-10-20T13:35:47.372Z</time></trkpt><trkpt lat="47.60863520" lon="19.14696640"><ele>137.44</ele><time>2025-10-20T13:35:47.572Z</time></trkpt><trkpt lat="47.60863520" lon="19.14696640"><ele>137.45</ele><time>2025-10-20T13:35:47.772Z</time></trkpt><trkpt lat="47.60863520" lon="19.14696630"><ele>137.45</ele><time>2025-10-20T13:35:47.972Z</time></trkpt><trkpt lat="47.60863520" lon="19.14696630"><ele>137.45</ele><time>2025-10-20T13:35:48.175Z</time></trkpt><trkpt lat="47.60863520" lon="19.14696630"><ele>137.45</ele><time>2025-10-20T13:35:48.374Z</time></trkpt><trkpt lat="47.60863520" lon="19.14696630"><ele>137.45</ele><time>2025-10-20T13:35:48.574Z</time></trkpt><trkpt lat="47.60863520" lon="19.14696630"><ele>137.45</ele><time>2025-10-20T13:35:48.775Z</time></trkpt><trkpt lat="47.60863520" lon="19.14696630"><ele>137.45</ele><time>2025-10-20T13:35:48.975Z</time></trkpt><trkpt lat="47.60863510" lon="19.14696630"><ele>137.45</ele><time>2025-10-20T13:35:49.177Z</time></trkpt><trkpt lat="47.60863510" lon="19.14696630"><ele>137.46</ele><time>2025-10-20T13:35:49.379Z</time></trkpt><trkpt lat="47.60863510" lon="19.14696640"><ele>137.46</ele><time>2025-10-20T13:35:49.580Z</time></trkpt><trkpt lat="47.60863510" lon="19.14696630"><ele>137.46</ele><time>2025-10-20T13:35:49.780Z</time></trkpt><trkpt lat="47.60863510" lon="19.14696640"><ele>137.46</ele><time>2025-10-20T13:35:49.981Z</time></trkpt><trkpt lat="47.60863510" lon="19.14696630"><ele>137.46</ele><time>2025-10-20T13:35:50.190Z</time></trkpt><trkpt lat="47.60863510" lon="19.14696640"><ele>137.46</ele><time>2025-10-20T13:35:50.390Z</time></trkpt><trkpt lat="47.60863510" lon="19.14696630"><ele>137.46</ele><time>2025-10-20T13:35:50.590Z</time></trkpt><trkpt lat="47.60863510" lon="19.14696630"><ele>137.46</ele><time>2025-10-20T13:35:50.791Z</time></trkpt><trkpt lat="47.60863510" lon="19.14696630"><ele>137.46</ele><time>2025-10-20T13:35:50.991Z</time></trkpt><trkpt lat="47.60863510" lon="19.14696640"><ele>137.47</ele><time>2025-10-20T13:35:51.192Z</time></trkpt><trkpt lat="47.60863510" lon="19.14696640"><ele>137.47</ele><time>2025-10-20T13:35:51.392Z</time></trkpt><trkpt lat="47.60863510" lon="19.14696640"><ele>137.47</ele><time>2025-10-20T13:35:51.592Z</time></trkpt><trkpt lat="47.60863510" lon="19.14696640"><ele>137.47</ele><time>2025-10-20T13:35:51.792Z</time></trkpt><trkpt lat="47.60863500" lon="19.14696640"><ele>137.47</ele><time>2025-10-20T13:35:51.992Z</time></trkpt><trkpt lat="47.60863500" lon="19.14696640"><ele>137.47</ele><time>2025-10-20T13:35:52.195Z</time></trkpt><trkpt lat="47.60863500" lon="19.14696640"><ele>137.47</ele><time>2025-10-20T13:35:52.395Z</time></trkpt><trkpt lat="47.60863500" lon="19.14696640"><ele>137.47</ele><time>2025-10-20T13:35:52.596Z</time></trkpt><trkpt lat="47.60863500" lon="19.14696640"><ele>137.47</ele><time>2025-10-20T13:35:52.796Z</time></trkpt><trkpt lat="47.60863500" lon="19.14696630"><ele>137.47</ele><time>2025-10-20T13:35:52.996Z</time></trkpt><trkpt lat="47.60863510" lon="19.14696630"><ele>137.47</ele><time>2025-10-20T13:35:53.179Z</time></trkpt><trkpt lat="47.60863510" lon="19.14696630"><ele>137.47</ele><time>2025-10-20T13:35:53.379Z</time></trkpt><trkpt lat="47.60863500" lon="19.14696630"><ele>137.47</ele><time>2025-10-20T13:35:53.580Z</time></trkpt><trkpt lat="47.60863500" lon="19.14696630"><ele>137.47</ele><time>2025-10-20T13:35:53.779Z</time></trkpt><trkpt lat="47.60863500" lon="19.14696630"><ele>137.47</ele><time>2025-10-20T13:35:53.981Z</time></trkpt><trkpt lat="47.60863500" lon="19.14696630"><ele>137.47</ele><time>2025-10-20T13:35:54.184Z</time></trkpt><trkpt lat="47.60863500" lon="19.14696640"><ele>137.47</ele><time>2025-10-20T13:35:54.384Z</time></trkpt><trkpt lat="47.60863510" lon="19.14696640"><ele>137.47</ele><time>2025-10-20T13:35:54.584Z</time></trkpt><trkpt lat="47.60863510" lon="19.14696640"><ele>137.46</ele><time>2025-10-20T13:35:54.784Z</time></trkpt><trkpt lat="47.60863510" lon="19.14696640"><ele>137.46</ele><time>2025-10-20T13:35:54.984Z</time></trkpt><trkpt lat="47.60863520" lon="19.14696640"><ele>137.46</ele><time>2025-10-20T13:35:55.188Z</time></trkpt><trkpt lat="47.60863520" lon="19.14696630"><ele>137.46</ele><time>2025-10-20T13:35:55.389Z</time></trkpt><trkpt lat="47.60863520" lon="19.14696630"><ele>137.46</ele><time>2025-10-20T13:35:55.589Z</time></trkpt><trkpt lat="47.60863530" lon="19.14696630"><ele>137.46</ele><time>2025-10-20T13:35:55.789Z</time></trkpt><trkpt lat="47.60863530" lon="19.14696630"><ele>137.46</ele><time>2025-10-20T13:35:55.989Z</time></trkpt><trkpt lat="47.60863530" lon="19.14696630"><ele>137.46</ele><time>2025-10-20T13:35:56.191Z</time></trkpt><trkpt lat="47.60863530" lon="19.14696630"><ele>137.46</ele><time>2025-10-20T13:35:56.391Z</time></trkpt><trkpt lat="47.60863530" lon="19.14696640"><ele>137.46</ele><time>2025-10-20T13:35:56.592Z</time></trkpt><trkpt lat="47.60863530" lon="19.14696640"><ele>137.45</ele><time>2025-10-20T13:35:56.793Z</time></trkpt><trkpt lat="47.60863530" lon="19.14696640"><ele>137.45</ele><time>2025-10-20T13:35:56.993Z</time></trkpt><trkpt lat="47.60863530" lon="19.14696640"><ele>137.45</ele><time>2025-10-20T13:35:57.178Z</time></trkpt><trkpt lat="47.60863520" lon="19.14696640"><ele>137.45</ele><time>2025-10-20T13:35:57.381Z</time></trkpt><trkpt lat="47.60863520" lon="19.14696640"><ele>137.45</ele><time>2025-10-20T13:35:57.582Z</time></trkpt><trkpt lat="47.60863520" lon="19.14696640"><ele>137.45</ele><time>2025-10-20T13:35:57.783Z</time></trkpt><trkpt lat="47.60863520" lon="19.14696640"><ele>137.45</ele><time>2025-10-20T13:35:57.983Z</time></trkpt><trkpt lat="47.60863530" lon="19.14696640"><ele>137.44</ele><time>2025-10-20T13:35:58.187Z</time></trkpt><trkpt lat="47.60863530" lon="19.14696640"><ele>137.44</ele><time>2025-10-20T13:35:58.387Z</time></trkpt><trkpt lat="47.60863520" lon="19.14696640"><ele>137.44</ele><time>2025-10-20T13:35:58.588Z</time></trkpt><trkpt lat="47.60863520" lon="19.14696640"><ele>137.44</ele><time>2025-10-20T13:35:58.788Z</time></trkpt><trkpt lat="47.60863520" lon="19.14696640"><ele>137.45</ele><time>2025-10-20T13:35:58.988Z</time></trkpt><trkpt lat="47.60863520" lon="19.14696640"><ele>137.45</ele><time>2025-10-20T13:35:59.190Z</time></trkpt><trkpt lat="47.60863520" lon="19.14696630"><ele>137.45</ele><time>2025-10-20T13:35:59.391Z</time></trkpt><trkpt lat="47.60863530" lon="19.14696630"><ele>137.45</ele><time>2025-10-20T13:35:59.591Z</time></trkpt><trkpt lat="47.60863520" lon="19.14696630"><ele>137.45</ele><time>2025-10-20T13:35:59.792Z</time></trkpt><trkpt lat="47.60863520" lon="19.14696620"><ele>137.45</ele><time>2025-10-20T13:35:59.992Z</time></trkpt><trkpt lat="47.60863520" lon="19.14696620"><ele>137.45</ele><time>2025-10-20T13:36:00.197Z</time></trkpt><trkpt lat="47.60863520" lon="19.14696620"><ele>137.45</ele><time>2025-10-20T13:36:00.397Z</time></trkpt><trkpt lat="47.60863520" lon="19.14696620"><ele>137.45</ele><time>2025-10-20T13:36:00.598Z</time></trkpt><trkpt lat="47.60863520" lon="19.14696610"><ele>137.44</ele><time>2025-10-20T13:36:00.799Z</time></trkpt><trkpt lat="47.60863520" lon="19.14696620"><ele>137.44</ele><time>2025-10-20T13:36:01.018Z</time></trkpt><trkpt lat="47.60863520" lon="19.14696620"><ele>137.45</ele><time>2025-10-20T13:36:01.202Z</time></trkpt><trkpt lat="47.60863510" lon="19.14696620"><ele>137.45</ele><time>2025-10-20T13:36:01.402Z</time></trkpt><trkpt lat="47.60863510" lon="19.14696620"><ele>137.45</ele><time>2025-10-20T13:36:01.603Z</time></trkpt><trkpt lat="47.60863510" lon="19.14696620"><ele>137.45</ele><time>2025-10-20T13:36:01.804Z</time></trkpt><trkpt lat="47.60863510" lon="19.14696620"><ele>137.45</ele><time>2025-10-20T13:36:02.005Z</time></trkpt><trkpt lat="47.60863510" lon="19.14696620"><ele>137.45</ele><time>2025-10-20T13:36:02.208Z</time></trkpt><trkpt lat="47.60863510" lon="19.14696620"><ele>137.46</ele><time>2025-10-20T13:36:02.409Z</time></trkpt><trkpt lat="47.60863510" lon="19.14696620"><ele>137.46</ele><time>2025-10-20T13:36:02.589Z</time></trkpt><trkpt lat="47.60863510" lon="19.14696620"><ele>137.45</ele><time>2025-10-20T13:36:02.809Z</time></trkpt><trkpt lat="47.60863510" lon="19.14696620"><ele>137.46</ele><time>2025-10-20T13:36:02.989Z</time></trkpt><trkpt lat="47.60863510" lon="19.14696620"><ele>137.46</ele><time>2025-10-20T13:36:03.212Z</time></trkpt><trkpt lat="47.60863510" lon="19.14696630"><ele>137.46</ele><time>2025-10-20T13:36:03.394Z</time></trkpt><trkpt lat="47.60863510" lon="19.14696630"><ele>137.46</ele><time>2025-10-20T13:36:03.594Z</time></trkpt><trkpt lat="47.60863510" lon="19.14696630"><ele>137.46</ele><time>2025-10-20T13:36:03.795Z</time></trkpt><trkpt lat="47.60863510" lon="19.14696630"><ele>137.46</ele><time>2025-10-20T13:36:03.995Z</time></trkpt><trkpt lat="47.60863510" lon="19.14696640"><ele>137.46</ele><time>2025-10-20T13:36:04.198Z</time></trkpt><trkpt lat="47.60863510" lon="19.14696640"><ele>137.46</ele><time>2025-10-20T13:36:04.419Z</time></trkpt><trkpt lat="47.60863510" lon="19.14696640"><ele>137.47</ele><time>2025-10-20T13:36:04.619Z</time></trkpt><trkpt lat="47.60863510" lon="19.14696640"><ele>137.47</ele><time>2025-10-20T13:36:04.799Z</time></trkpt><trkpt lat="47.60863510" lon="19.14696640"><ele>137.47</ele><time>2025-10-20T13:36:05.000Z</time></trkpt><trkpt lat="47.60863500" lon="19.14696640"><ele>137.47</ele><time>2025-10-20T13:36:05.202Z</time></trkpt><trkpt lat="47.60863510" lon="19.14696640"><ele>137.47</ele><time>2025-10-20T13:36:05.402Z</time></trkpt><trkpt lat="47.60863510" lon="19.14696640"><ele>137.47</ele><time>2025-10-20T13:36:05.603Z</time></trkpt><trkpt lat="47.60863510" lon="19.14696640"><ele>137.47</ele><time>2025-10-20T13:36:05.804Z</time></trkpt><trkpt lat="47.60863510" lon="19.14696640"><ele>137.47</ele><time>2025-10-20T13:36:06.004Z</time></trkpt><trkpt lat="47.60863510" lon="19.14696640"><ele>137.47</ele><time>2025-10-20T13:36:06.207Z</time></trkpt><trkpt lat="47.60863510" lon="19.14696640"><ele>137.47</ele><time>2025-10-20T13:36:06.407Z</time></trkpt><trkpt lat="47.60863510" lon="19.14696640"><ele>137.47</ele><time>2025-10-20T13:36:06.607Z</time></trkpt><trkpt lat="47.60863510" lon="19.14696640"><ele>137.46</ele><time>2025-10-20T13:36:06.807Z</time></trkpt><trkpt lat="47.60863510" lon="19.14696640"><ele>137.46</ele><time>2025-10-20T13:36:07.007Z</time></trkpt><trkpt lat="47.60863510" lon="19.14696640"><ele>137.46</ele><time>2025-10-20T13:36:07.210Z</time></trkpt><trkpt lat="47.60863510" lon="19.14696640"><ele>137.46</ele><time>2025-10-20T13:36:07.410Z</time></trkpt><trkpt lat="47.60863510" lon="19.14696630"><ele>137.46</ele><time>2025-10-20T13:36:07.610Z</time></trkpt><trkpt lat="47.60863500" lon="19.14696630"><ele>137.46</ele><time>2025-10-20T13:36:07.811Z</time></trkpt><trkpt lat="47.60863500" lon="19.14696630"><ele>137.46</ele><time>2025-10-20T13:36:08.011Z</time></trkpt><trkpt lat="47.60863500" lon="19.14696640"><ele>137.46</ele><time>2025-10-20T13:36:08.213Z</time></trkpt><trkpt lat="47.60863500" lon="19.14696640"><ele>137.47</ele><time>2025-10-20T13:36:08.414Z</time></trkpt><trkpt lat="47.60863500" lon="19.14696640"><ele>137.47</ele><time>2025-10-20T13:36:08.614Z</time></trkpt><trkpt lat="47.60863510" lon="19.14696640"><ele>137.46</ele><time>2025-10-20T13:36:08.814Z</time></trkpt><trkpt lat="47.60863510" lon="19.14696640"><ele>137.46</ele><time>2025-10-20T13:36:09.015Z</time></trkpt><trkpt lat="47.60863510" lon="19.14696640"><ele>137.46</ele><time>2025-10-20T13:36:09.219Z</time></trkpt><trkpt lat="47.60863510" lon="19.14696640"><ele>137.46</ele><time>2025-10-20T13:36:09.419Z</time></trkpt><trkpt lat="47.60863510" lon="19.14696640"><ele>137.45</ele><time>2025-10-20T13:36:09.620Z</time></trkpt><trkpt lat="47.60863510" lon="19.14696640"><ele>137.45</ele><time>2025-10-20T13:36:09.821Z</time></trkpt><trkpt lat="47.60863510" lon="19.14696640"><ele>137.45</ele><time>2025-10-20T13:36:10.022Z</time></trkpt><trkpt lat="47.60863510" lon="19.14696640"><ele>137.45</ele><time>2025-10-20T13:36:10.225Z</time></trkpt><trkpt lat="47.60863510" lon="19.14696640"><ele>137.46</ele><time>2025-10-20T13:36:10.425Z</time></trkpt><trkpt lat="47.60863510" lon="19.14696640"><ele>137.45</ele><time>2025-10-20T13:36:10.626Z</time></trkpt><trkpt lat="47.60863510" lon="19.14696640"><ele>137.45</ele><time>2025-10-20T13:36:10.826Z</time></trkpt><trkpt lat="47.60863510" lon="19.14696640"><ele>137.45</ele><time>2025-10-20T13:36:11.026Z</time></trkpt><trkpt lat="47.60863510" lon="19.14696640"><ele>137.46</ele><time>2025-10-20T13:36:11.230Z</time></trkpt><trkpt lat="47.60863510" lon="19.14696640"><ele>137.46</ele><time>2025-10-20T13:36:11.431Z</time></trkpt><trkpt lat="47.60863510" lon="19.14696640"><ele>137.46</ele><time>2025-10-20T13:36:11.631Z</time></trkpt><trkpt lat="47.60863510" lon="19.14696640"><ele>137.46</ele><time>2025-10-20T13:36:11.831Z</time></trkpt><trkpt lat="47.60863510" lon="19.14696640"><ele>137.45</ele><time>2025-10-20T13:36:12.031Z</time></trkpt><trkpt lat="47.60863520" lon="19.14696640"><ele>137.46</ele><time>2025-10-20T13:36:12.235Z</time></trkpt><trkpt lat="47.60863510" lon="19.14696640"><ele>137.46</ele><time>2025-10-20T13:36:12.436Z</time></trkpt><trkpt lat="47.60863510" lon="19.14696640"><ele>137.46</ele><time>2025-10-20T13:36:12.636Z</time></trkpt><trkpt lat="47.60863510" lon="19.14696640"><ele>137.45</ele><time>2025-10-20T13:36:12.837Z</time></trkpt><trkpt lat="47.60863520" lon="19.14696640"><ele>137.45</ele><time>2025-10-20T13:36:13.037Z</time></trkpt><trkpt lat="47.60863520" lon="19.14696640"><ele>137.45</ele><time>2025-10-20T13:36:13.219Z</time></trkpt><trkpt lat="47.60863520" lon="19.14696640"><ele>137.46</ele><time>2025-10-20T13:36:13.421Z</time></trkpt><trkpt lat="47.60863520" lon="19.14696640"><ele>137.46</ele><time>2025-10-20T13:36:13.622Z</time></trkpt><trkpt lat="47.60863520" lon="19.14696640"><ele>137.45</ele><time>2025-10-20T13:36:13.823Z</time></trkpt><trkpt lat="47.60863520" lon="19.14696640"><ele>137.45</ele><time>2025-10-20T13:36:14.024Z</time></trkpt><trkpt lat="47.60863530" lon="19.14696640"><ele>137.45</ele><time>2025-10-20T13:36:14.226Z</time></trkpt><trkpt lat="47.60863530" lon="19.14696640"><ele>137.45</ele><time>2025-10-20T13:36:14.427Z</time></trkpt><trkpt lat="47.60863530" lon="19.14696640"><ele>137.45</ele><time>2025-10-20T13:36:14.627Z</time></trkpt><trkpt lat="47.60863530" lon="19.14696640"><ele>137.45</ele><time>2025-10-20T13:36:14.846Z</time></trkpt><trkpt lat="47.60863530" lon="19.14696650"><ele>137.45</ele><time>2025-10-20T13:36:15.046Z</time></trkpt><trkpt lat="47.60863530" lon="19.14696650"><ele>137.45</ele><time>2025-10-20T13:36:15.233Z</time></trkpt><trkpt lat="47.60863530" lon="19.14696650"><ele>137.45</ele><time>2025-10-20T13:36:15.434Z</time></trkpt><trkpt lat="47.60863530" lon="19.14696640"><ele>137.46</ele><time>2025-10-20T13:36:15.635Z</time></trkpt><trkpt lat="47.60863520" lon="19.14696650"><ele>137.46</ele><time>2025-10-20T13:36:15.838Z</time></trkpt><trkpt lat="47.60863520" lon="19.14696640"><ele>137.46</ele><time>2025-10-20T13:36:16.039Z</time></trkpt><trkpt lat="47.60863520" lon="19.14696640"><ele>137.46</ele><time>2025-10-20T13:36:16.240Z</time></trkpt><trkpt lat="47.60863520" lon="19.14696640"><ele>137.46</ele><time>2025-10-20T13:36:16.440Z</time></trkpt><trkpt lat="47.60863520" lon="19.14696640"><ele>137.46</ele><time>2025-10-20T13:36:16.641Z</time></trkpt><trkpt lat="47.60863520" lon="19.14696640"><ele>137.46</ele><time>2025-10-20T13:36:16.842Z</time></trkpt><trkpt lat="47.60863520" lon="19.14696640"><ele>137.46</ele><time>2025-10-20T13:36:17.043Z</time></trkpt><trkpt lat="47.60863510" lon="19.14696640"><ele>137.46</ele><time>2025-10-20T13:36:17.248Z</time></trkpt><trkpt lat="47.60863510" lon="19.14696640"><ele>137.46</ele><time>2025-10-20T13:36:17.450Z</time></trkpt><trkpt lat="47.60863510" lon="19.14696640"><ele>137.46</ele><time>2025-10-20T13:36:17.632Z</time></trkpt><trkpt lat="47.60863510" lon="19.14696640"><ele>137.47</ele><time>2025-10-20T13:36:17.834Z</time></trkpt><trkpt lat="47.60863510" lon="19.14696640"><ele>137.47</ele><time>2025-10-20T13:36:18.035Z</time></trkpt><trkpt lat="47.60863510" lon="19.14696640"><ele>137.47</ele><time>2025-10-20T13:36:18.239Z</time></trkpt><trkpt lat="47.60863510" lon="19.14696640"><ele>137.47</ele><time>2025-10-20T13:36:18.442Z</time></trkpt><trkpt lat="47.60863510" lon="19.14696640"><ele>137.47</ele><time>2025-10-20T13:36:18.643Z</time></trkpt><trkpt lat="47.60863510" lon="19.14696640"><ele>137.46</ele><time>2025-10-20T13:36:18.843Z</time></trkpt><trkpt lat="47.60863510" lon="19.14696640"><ele>137.46</ele><time>2025-10-20T13:36:19.045Z</time></trkpt><trkpt lat="47.60863520" lon="19.14696640"><ele>137.45</ele><time>2025-10-20T13:36:19.250Z</time></trkpt><trkpt lat="47.60863520" lon="19.14696640"><ele>137.46</ele><time>2025-10-20T13:36:19.450Z</time></trkpt><trkpt lat="47.60863520" lon="19.14696640"><ele>137.45</ele><time>2025-10-20T13:36:19.650Z</time></trkpt><trkpt lat="47.60863520" lon="19.14696640"><ele>137.45</ele><time>2025-10-20T13:36:19.851Z</time></trkpt><trkpt lat="47.60863520" lon="19.14696650"><ele>137.45</ele><time>2025-10-20T13:36:20.051Z</time></trkpt><trkpt lat="47.60863520" lon="19.14696650"><ele>137.45</ele><time>2025-10-20T13:36:20.254Z</time></trkpt><trkpt lat="47.60863520" lon="19.14696650"><ele>137.46</ele><time>2025-10-20T13:36:20.455Z</time></trkpt><trkpt lat="47.60863520" lon="19.14696650"><ele>137.46</ele><time>2025-10-20T13:36:20.655Z</time></trkpt><trkpt lat="47.60863530" lon="19.14696650"><ele>137.46</ele><time>2025-10-20T13:36:20.856Z</time></trkpt><trkpt lat="47.60863530" lon="19.14696650"><ele>137.46</ele><time>2025-10-20T13:36:21.057Z</time></trkpt><trkpt lat="47.60863530" lon="19.14696640"><ele>137.46</ele><time>2025-10-20T13:36:21.259Z</time></trkpt><trkpt lat="47.60863530" lon="19.14696640"><ele>137.46</ele><time>2025-10-20T13:36:21.439Z</time></trkpt><trkpt lat="47.60863530" lon="19.14696640"><ele>137.46</ele><time>2025-10-20T13:36:21.641Z</time></trkpt><trkpt lat="47.60863530" lon="19.14696630"><ele>137.46</ele><time>2025-10-20T13:36:21.842Z</time></trkpt><trkpt lat="47.60863530" lon="19.14696620"><ele>137.45</ele><time>2025-10-20T13:36:22.042Z</time></trkpt><trkpt lat="47.60863530" lon="19.14696620"><ele>137.46</ele><time>2025-10-20T13:36:22.243Z</time></trkpt><trkpt lat="47.60863530" lon="19.14696610"><ele>137.46</ele><time>2025-10-20T13:36:22.446Z</time></trkpt><trkpt lat="47.60863530" lon="19.14696610"><ele>137.46</ele><time>2025-10-20T13:36:22.645Z</time></trkpt><trkpt lat="47.60863530" lon="19.14696610"><ele>137.45</ele><time>2025-10-20T13:36:22.846Z</time></trkpt><trkpt lat="47.60863540" lon="19.14696610"><ele>137.45</ele><time>2025-10-20T13:36:23.046Z</time></trkpt><trkpt lat="47.60863540" lon="19.14696610"><ele>137.46</ele><time>2025-10-20T13:36:23.246Z</time></trkpt><trkpt lat="47.60863540" lon="19.14696610"><ele>137.46</ele><time>2025-10-20T13:36:23.447Z</time></trkpt><trkpt lat="47.60863540" lon="19.14696610"><ele>137.45</ele><time>2025-10-20T13:36:23.647Z</time></trkpt><trkpt lat="47.60863540" lon="19.14696610"><ele>137.45</ele><time>2025-10-20T13:36:23.848Z</time></trkpt><trkpt lat="47.60863540" lon="19.14696610"><ele>137.46</ele><time>2025-10-20T13:36:24.047Z</time></trkpt><trkpt lat="47.60863530" lon="19.14696610"><ele>137.46</ele><time>2025-10-20T13:36:24.248Z</time></trkpt><trkpt lat="47.60863530" lon="19.14696610"><ele>137.46</ele><time>2025-10-20T13:36:24.448Z</time></trkpt><trkpt lat="47.60863530" lon="19.14696620"><ele>137.46</ele><time>2025-10-20T13:36:24.649Z</time></trkpt><trkpt lat="47.60863530" lon="19.14696620"><ele>137.46</ele><time>2025-10-20T13:36:24.849Z</time></trkpt><trkpt lat="47.60863520" lon="19.14696620"><ele>137.46</ele><time>2025-10-20T13:36:25.049Z</time></trkpt><trkpt lat="47.60863520" lon="19.14696620"><ele>137.47</ele><time>2025-10-20T13:36:25.252Z</time></trkpt><trkpt lat="47.60863520" lon="19.14696620"><ele>137.47</ele><time>2025-10-20T13:36:25.454Z</time></trkpt><trkpt lat="47.60863520" lon="19.14696630"><ele>137.47</ele><time>2025-10-20T13:36:25.654Z</time></trkpt><trkpt lat="47.60863520" lon="19.14696630"><ele>137.47</ele><time>2025-10-20T13:36:25.854Z</time></trkpt><trkpt lat="47.60863530" lon="19.14696630"><ele>137.47</ele><time>2025-10-20T13:36:26.054Z</time></trkpt><trkpt lat="47.60863530" lon="19.14696630"><ele>137.47</ele><time>2025-10-20T13:36:26.255Z</time></trkpt><trkpt lat="47.60863530" lon="19.14696630"><ele>137.47</ele><time>2025-10-20T13:36:26.457Z</time></trkpt><trkpt lat="47.60863530" lon="19.14696630"><ele>137.47</ele><time>2025-10-20T13:36:26.657Z</time></trkpt><trkpt lat="47.60863530" lon="19.14696630"><ele>137.47</ele><time>2025-10-20T13:36:26.858Z</time></trkpt><trkpt lat="47.60863530" lon="19.14696630"><ele>137.47</ele><time>2025-10-20T13:36:27.058Z</time></trkpt><trkpt lat="47.60863530" lon="19.14696630"><ele>137.47</ele><time>2025-10-20T13:36:27.261Z</time></trkpt><trkpt lat="47.60863540" lon="19.14696630"><ele>137.47</ele><time>2025-10-20T13:36:27.465Z</time></trkpt><trkpt lat="47.60863540" lon="19.14696630"><ele>137.47</ele><time>2025-10-20T13:36:27.665Z</time></trkpt><trkpt lat="47.60863540" lon="19.14696620"><ele>137.46</ele><time>2025-10-20T13:36:27.865Z</time></trkpt><trkpt lat="47.60863540" lon="19.14696620"><ele>137.46</ele><time>2025-10-20T13:36:28.065Z</time></trkpt><trkpt lat="47.60863540" lon="19.14696620"><ele>137.46</ele><time>2025-10-20T13:36:28.253Z</time></trkpt><trkpt lat="47.60863540" lon="19.14696620"><ele>137.46</ele><time>2025-10-20T13:36:28.457Z</time></trkpt><trkpt lat="47.60863540" lon="19.14696620"><ele>137.46</ele><time>2025-10-20T13:36:28.657Z</time></trkpt><trkpt lat="47.60863540" lon="19.14696620"><ele>137.46</ele><time>2025-10-20T13:36:28.858Z</time></trkpt><trkpt lat="47.60863540" lon="19.14696620"><ele>137.46</ele><time>2025-10-20T13:36:29.058Z</time></trkpt><trkpt lat="47.60863540" lon="19.14696620"><ele>137.45</ele><time>2025-10-20T13:36:29.262Z</time></trkpt><trkpt lat="47.60863540" lon="19.14696620"><ele>137.45</ele><time>2025-10-20T13:36:29.462Z</time></trkpt><trkpt lat="47.60863530" lon="19.14696620"><ele>137.46</ele><time>2025-10-20T13:36:29.663Z</time></trkpt><trkpt lat="47.60863530" lon="19.14696620"><ele>137.46</ele><time>2025-10-20T13:36:29.863Z</time></trkpt><trkpt lat="47.60863530" lon="19.14696620"><ele>137.45</ele><time>2025-10-20T13:36:30.063Z</time></trkpt><trkpt lat="47.60863530" lon="19.14696630"><ele>137.46</ele><time>2025-10-20T13:36:30.269Z</time></trkpt><trkpt lat="47.60863530" lon="19.14696630"><ele>137.46</ele><time>2025-10-20T13:36:30.452Z</time></trkpt><trkpt lat="47.60863530" lon="19.14696630"><ele>137.45</ele><time>2025-10-20T13:36:30.652Z</time></trkpt><trkpt lat="47.60863530" lon="19.14696630"><ele>137.45</ele><time>2025-10-20T13:36:30.852Z</time></trkpt><trkpt lat="47.60863530" lon="19.14696630"><ele>137.44</ele><time>2025-10-20T13:36:31.052Z</time></trkpt><trkpt lat="47.60863530" lon="19.14696630"><ele>137.45</ele><time>2025-10-20T13:36:31.254Z</time></trkpt><trkpt lat="47.60863530" lon="19.14696630"><ele>137.44</ele><time>2025-10-20T13:36:31.454Z</time></trkpt><trkpt lat="47.60863530" lon="19.14696630"><ele>137.44</ele><time>2025-10-20T13:36:31.654Z</time></trkpt><trkpt lat="47.60863530" lon="19.14696620"><ele>137.44</ele><time>2025-10-20T13:36:31.854Z</time></trkpt><trkpt lat="47.60863530" lon="19.14696620"><ele>137.44</ele><time>2025-10-20T13:36:32.054Z</time></trkpt><trkpt lat="47.60863530" lon="19.14696620"><ele>137.44</ele><time>2025-10-20T13:36:32.256Z</time></trkpt><trkpt lat="47.60863530" lon="19.14696620"><ele>137.45</ele><time>2025-10-20T13:36:32.477Z</time></trkpt><trkpt lat="47.60863520" lon="19.14696620"><ele>137.45</ele><time>2025-10-20T13:36:32.657Z</time></trkpt><trkpt lat="47.60863520" lon="19.14696620"><ele>137.45</ele><time>2025-10-20T13:36:32.857Z</time></trkpt><trkpt lat="47.60863520" lon="19.14696620"><ele>137.44</ele><time>2025-10-20T13:36:33.057Z</time></trkpt><trkpt lat="47.60863520" lon="19.14696620"><ele>137.44</ele><time>2025-10-20T13:36:33.262Z</time></trkpt><trkpt lat="47.60863520" lon="19.14696620"><ele>137.44</ele><time>2025-10-20T13:36:33.463Z</time></trkpt><trkpt lat="47.60863520" lon="19.14696620"><ele>137.44</ele><time>2025-10-20T13:36:33.664Z</time></trkpt><trkpt lat="47.60863530" lon="19.14696620"><ele>137.44</ele><time>2025-10-20T13:36:33.864Z</time></trkpt><trkpt lat="47.60863530" lon="19.14696620"><ele>137.44</ele><time>2025-10-20T13:36:34.065Z</time></trkpt><trkpt lat="47.60863530" lon="19.14696620"><ele>137.44</ele><time>2025-10-20T13:36:34.267Z</time></trkpt><trkpt lat="47.60863530" lon="19.14696620"><ele>137.44</ele><time>2025-10-20T13:36:34.468Z</time></trkpt><trkpt lat="47.60863530" lon="19.14696620"><ele>137.45</ele><time>2025-10-20T13:36:34.668Z</time></trkpt><trkpt lat="47.60863530" lon="19.14696620"><ele>137.45</ele><time>2025-10-20T13:36:34.868Z</time></trkpt><trkpt lat="47.60863530" lon="19.14696610"><ele>137.45</ele><time>2025-10-20T13:36:35.068Z</time></trkpt><trkpt lat="47.60863530" lon="19.14696610"><ele>137.45</ele><time>2025-10-20T13:36:35.269Z</time></trkpt><trkpt lat="47.60863530" lon="19.14696610"><ele>137.45</ele><time>2025-10-20T13:36:35.470Z</time></trkpt><trkpt lat="47.60863530" lon="19.14696610"><ele>137.45</ele><time>2025-10-20T13:36:35.669Z</time></trkpt><trkpt lat="47.60863530" lon="19.14696610"><ele>137.45</ele><time>2025-10-20T13:36:35.871Z</time></trkpt><trkpt lat="47.60863530" lon="19.14696610"><ele>137.45</ele><time>2025-10-20T13:36:36.071Z</time></trkpt><trkpt lat="47.60863530" lon="19.14696610"><ele>137.45</ele><time>2025-10-20T13:36:36.274Z</time></trkpt><trkpt lat="47.60863530" lon="19.14696610"><ele>137.45</ele><time>2025-10-20T13:36:36.456Z</time></trkpt><trkpt lat="47.60863530" lon="19.14696610"><ele>137.45</ele><time>2025-10-20T13:36:36.658Z</time></trkpt><trkpt lat="47.60863530" lon="19.14696610"><ele>137.45</ele><time>2025-10-20T13:36:36.859Z</time></trkpt><trkpt lat="47.60863530" lon="19.14696610"><ele>137.45</ele><time>2025-10-20T13:36:37.060Z</time></trkpt><trkpt lat="47.60863530" lon="19.14696610"><ele>137.45</ele><time>2025-10-20T13:36:37.260Z</time></trkpt><trkpt lat="47.60863530" lon="19.14696620"><ele>137.45</ele><time>2025-10-20T13:36:37.461Z</time></trkpt><trkpt lat="47.60863530" lon="19.14696620"><ele>137.45</ele><time>2025-10-20T13:36:37.662Z</time></trkpt><trkpt lat="47.60863530" lon="19.14696620"><ele>137.45</ele><time>2025-10-20T13:36:37.863Z</time></trkpt><trkpt lat="47.60863530" lon="19.14696620"><ele>137.45</ele><time>2025-10-20T13:36:38.064Z</time></trkpt><trkpt lat="47.60863540" lon="19.14696620"><ele>137.45</ele><time>2025-10-20T13:36:38.269Z</time></trkpt><trkpt lat="47.60863540" lon="19.14696620"><ele>137.45</ele><time>2025-10-20T13:36:38.469Z</time></trkpt><trkpt lat="47.60863540" lon="19.14696630"><ele>137.45</ele><time>2025-10-20T13:36:38.670Z</time></trkpt><trkpt lat="47.60863540" lon="19.14696630"><ele>137.45</ele><time>2025-10-20T13:36:38.870Z</time></trkpt><trkpt lat="47.60863540" lon="19.14696630"><ele>137.45</ele><time>2025-10-20T13:36:39.071Z</time></trkpt><trkpt lat="47.60863540" lon="19.14696640"><ele>137.45</ele><time>2025-10-20T13:36:39.272Z</time></trkpt><trkpt lat="47.60863540" lon="19.14696640"><ele>137.45</ele><time>2025-10-20T13:36:39.474Z</time></trkpt><trkpt lat="47.60863540" lon="19.14696640"><ele>137.45</ele><time>2025-10-20T13:36:39.675Z</time></trkpt><trkpt lat="47.60863540" lon="19.14696640"><ele>137.44</ele><time>2025-10-20T13:36:39.875Z</time></trkpt><trkpt lat="47.60863540" lon="19.14696640"><ele>137.44</ele><time>2025-10-20T13:36:40.076Z</time></trkpt><trkpt lat="47.60863540" lon="19.14696640"><ele>137.44</ele><time>2025-10-20T13:36:40.259Z</time></trkpt><trkpt lat="47.60863530" lon="19.14696640"><ele>137.44</ele><time>2025-10-20T13:36:40.460Z</time></trkpt><trkpt lat="47.60863530" lon="19.14696640"><ele>137.44</ele><time>2025-10-20T13:36:40.661Z</time></trkpt><trkpt lat="47.60863530" lon="19.14696640"><ele>137.44</ele><time>2025-10-20T13:36:40.862Z</time></trkpt><trkpt lat="47.60863530" lon="19.14696650"><ele>137.44</ele><time>2025-10-20T13:36:41.063Z</time></trkpt><trkpt lat="47.60863530" lon="19.14696650"><ele>137.44</ele><time>2025-10-20T13:36:41.264Z</time></trkpt><trkpt lat="47.60863530" lon="19.14696650"><ele>137.45</ele><time>2025-10-20T13:36:41.464Z</time></trkpt><trkpt lat="47.60863530" lon="19.14696650"><ele>137.45</ele><time>2025-10-20T13:36:41.666Z</time></trkpt><trkpt lat="47.60863530" lon="19.14696650"><ele>137.44</ele><time>2025-10-20T13:36:41.868Z</time></trkpt><trkpt lat="47.60863530" lon="19.14696650"><ele>137.45</ele><time>2025-10-20T13:36:42.070Z</time></trkpt><trkpt lat="47.60863530" lon="19.14696650"><ele>137.45</ele><time>2025-10-20T13:36:42.271Z</time></trkpt><trkpt lat="47.60863530" lon="19.14696650"><ele>137.45</ele><time>2025-10-20T13:36:42.471Z</time></trkpt><trkpt lat="47.60863530" lon="19.14696650"><ele>137.45</ele><time>2025-10-20T13:36:42.671Z</time></trkpt><trkpt lat="47.60863530" lon="19.14696640"><ele>137.44</ele><time>2025-10-20T13:36:42.871Z</time></trkpt><trkpt lat="47.60863530" lon="19.14696640"><ele>137.44</ele><time>2025-10-20T13:36:43.072Z</time></trkpt><trkpt lat="47.60863530" lon="19.14696640"><ele>137.44</ele><time>2025-10-20T13:36:43.272Z</time></trkpt><trkpt lat="47.60863530" lon="19.14696640"><ele>137.44</ele><time>2025-10-20T13:36:43.472Z</time></trkpt><trkpt lat="47.60863530" lon="19.14696640"><ele>137.43</ele><time>2025-10-20T13:36:43.672Z</time></trkpt><trkpt lat="47.60863540" lon="19.14696640"><ele>137.43</ele><time>2025-10-20T13:36:43.872Z</time></trkpt><trkpt lat="47.60863540" lon="19.14696640"><ele>137.43</ele><time>2025-10-20T13:36:44.072Z</time></trkpt><trkpt lat="47.60863540" lon="19.14696630"><ele>137.43</ele><time>2025-10-20T13:36:44.273Z</time></trkpt><trkpt lat="47.60863540" lon="19.14696630"><ele>137.43</ele><time>2025-10-20T13:36:44.474Z</time></trkpt><trkpt lat="47.60863540" lon="19.14696630"><ele>137.42</ele><time>2025-10-20T13:36:44.674Z</time></trkpt><trkpt lat="47.60863540" lon="19.14696630"><ele>137.42</ele><time>2025-10-20T13:36:44.874Z</time></trkpt><trkpt lat="47.60863540" lon="19.14696630"><ele>137.42</ele><time>2025-10-20T13:36:45.074Z</time></trkpt><trkpt lat="47.60863540" lon="19.14696630"><ele>137.42</ele><time>2025-10-20T13:36:45.275Z</time></trkpt><trkpt lat="47.60863540" lon="19.14696630"><ele>137.42</ele><time>2025-10-20T13:36:45.475Z</time></trkpt><trkpt lat="47.60863540" lon="19.14696630"><ele>137.42</ele><time>2025-10-20T13:36:45.676Z</time></trkpt><trkpt lat="47.60863540" lon="19.14696630"><ele>137.42</ele><time>2025-10-20T13:36:45.876Z</time></trkpt><trkpt lat="47.60863540" lon="19.14696630"><ele>137.41</ele><time>2025-10-20T13:36:46.077Z</time></trkpt><trkpt lat="47.60863540" lon="19.14696630"><ele>137.41</ele><time>2025-10-20T13:36:46.278Z</time></trkpt><trkpt lat="47.60863540" lon="19.14696630"><ele>137.41</ele><time>2025-10-20T13:36:46.479Z</time></trkpt><trkpt lat="47.60863540" lon="19.14696630"><ele>137.41</ele><time>2025-10-20T13:36:46.679Z</time></trkpt><trkpt lat="47.60863530" lon="19.14696630"><ele>137.41</ele><time>2025-10-20T13:36:46.880Z</time></trkpt><trkpt lat="47.60863530" lon="19.14696630"><ele>137.42</ele><time>2025-10-20T13:36:47.060Z</time></trkpt><trkpt lat="47.60863530" lon="19.14696640"><ele>137.42</ele><time>2025-10-20T13:36:47.261Z</time></trkpt><trkpt lat="47.60863520" lon="19.14696640"><ele>137.43</ele><time>2025-10-20T13:36:47.482Z</time></trkpt><trkpt lat="47.60863520" lon="19.14696640"><ele>137.42</ele><time>2025-10-20T13:36:47.662Z</time></trkpt><trkpt lat="47.60863520" lon="19.14696640"><ele>137.42</ele><time>2025-10-20T13:36:47.863Z</time></trkpt><trkpt lat="47.60863520" lon="19.14696640"><ele>137.43</ele><time>2025-10-20T13:36:48.064Z</time></trkpt><trkpt lat="47.60863530" lon="19.14696640"><ele>137.43</ele><time>2025-10-20T13:36:48.267Z</time></trkpt><trkpt lat="47.60863530" lon="19.14696640"><ele>137.43</ele><time>2025-10-20T13:36:48.467Z</time></trkpt><trkpt lat="47.60863530" lon="19.14696640"><ele>137.43</ele><time>2025-10-20T13:36:48.667Z</time></trkpt><trkpt lat="47.60863530" lon="19.14696640"><ele>137.43</ele><time>2025-10-20T13:36:48.867Z</time></trkpt><trkpt lat="47.60863530" lon="19.14696640"><ele>137.43</ele><time>2025-10-20T13:36:49.068Z</time></trkpt><trkpt lat="47.60863530" lon="19.14696650"><ele>137.43</ele><time>2025-10-20T13:36:49.272Z</time></trkpt><trkpt lat="47.60863530" lon="19.14696650"><ele>137.43</ele><time>2025-10-20T13:36:49.473Z</time></trkpt><trkpt lat="47.60863530" lon="19.14696650"><ele>137.43</ele><time>2025-10-20T13:36:49.673Z</time></trkpt><trkpt lat="47.60863530" lon="19.14696650"><ele>137.43</ele><time>2025-10-20T13:36:49.874Z</time></trkpt><trkpt lat="47.60863530" lon="19.14696650"><ele>137.43</ele><time>2025-10-20T13:36:50.074Z</time></trkpt><trkpt lat="47.60863530" lon="19.14696650"><ele>137.43</ele><time>2025-10-20T13:36:50.280Z</time></trkpt><trkpt lat="47.60863530" lon="19.14696650"><ele>137.43</ele><time>2025-10-20T13:36:50.463Z</time></trkpt><trkpt lat="47.60863530" lon="19.14696650"><ele>137.43</ele><time>2025-10-20T13:36:50.664Z</time></trkpt><trkpt lat="47.60863530" lon="19.14696650"><ele>137.43</ele><time>2025-10-20T13:36:50.864Z</time></trkpt><trkpt lat="47.60863530" lon="19.14696640"><ele>137.43</ele><time>2025-10-20T13:36:51.064Z</time></trkpt><trkpt lat="47.60863530" lon="19.14696640"><ele>137.43</ele><time>2025-10-20T13:36:51.264Z</time></trkpt><trkpt lat="47.60863520" lon="19.14696640"><ele>137.43</ele><time>2025-10-20T13:36:51.465Z</time></trkpt><trkpt lat="47.60863520" lon="19.14696640"><ele>137.43</ele><time>2025-10-20T13:36:51.666Z</time></trkpt><trkpt lat="47.60863520" lon="19.14696640"><ele>137.43</ele><time>2025-10-20T13:36:51.867Z</time></trkpt><trkpt lat="47.60863520" lon="19.14696640"><ele>137.44</ele><time>2025-10-20T13:36:52.067Z</time></trkpt><trkpt lat="47.60863520" lon="19.14696640"><ele>137.44</ele><time>2025-10-20T13:36:52.270Z</time></trkpt><trkpt lat="47.60863520" lon="19.14696640"><ele>137.44</ele><time>2025-10-20T13:36:52.473Z</time></trkpt><trkpt lat="47.60863520" lon="19.14696640"><ele>137.44</ele><time>2025-10-20T13:36:52.674Z</time></trkpt><trkpt lat="47.60863520" lon="19.14696640"><ele>137.44</ele><time>2025-10-20T13:36:52.874Z</time></trkpt><trkpt lat="47.60863530" lon="19.14696640"><ele>137.44</ele><time>2025-10-20T13:36:53.073Z</time></trkpt><trkpt lat="47.60863530" lon="19.14696640"><ele>137.44</ele><time>2025-10-20T13:36:53.275Z</time></trkpt><trkpt lat="47.60863530" lon="19.14696640"><ele>137.44</ele><time>2025-10-20T13:36:53.475Z</time></trkpt><trkpt lat="47.60863530" lon="19.14696640"><ele>137.44</ele><time>2025-10-20T13:36:53.676Z</time></trkpt><trkpt lat="47.60863530" lon="19.14696640"><ele>137.44</ele><time>2025-10-20T13:36:53.877Z</time></trkpt><trkpt lat="47.60863530" lon="19.14696630"><ele>137.44</ele><time>2025-10-20T13:36:54.079Z</time></trkpt><trkpt lat="47.60863520" lon="19.14696630"><ele>137.44</ele><time>2025-10-20T13:36:54.263Z</time></trkpt><trkpt lat="47.60863520" lon="19.14696630"><ele>137.44</ele><time>2025-10-20T13:36:54.463Z</time></trkpt><trkpt lat="47.60863520" lon="19.14696630"><ele>137.43</ele><time>2025-10-20T13:36:54.665Z</time></trkpt><trkpt lat="47.60863520" lon="19.14696620"><ele>137.43</ele><time>2025-10-20T13:36:54.866Z</time></trkpt><trkpt lat="47.60863520" lon="19.14696620"><ele>137.43</ele><time>2025-10-20T13:36:55.067Z</time></trkpt><trkpt lat="47.60863520" lon="19.14696620"><ele>137.43</ele><time>2025-10-20T13:36:55.272Z</time></trkpt><trkpt lat="47.60863530" lon="19.14696620"><ele>137.43</ele><time>2025-10-20T13:36:55.473Z</time></trkpt><trkpt lat="47.60863530" lon="19.14696630"><ele>137.43</ele><time>2025-10-20T13:36:55.673Z</time></trkpt><trkpt lat="47.60863530" lon="19.14696630"><ele>137.42</ele><time>2025-10-20T13:36:55.873Z</time></trkpt><trkpt lat="47.60863530" lon="19.14696630"><ele>137.42</ele><time>2025-10-20T13:36:56.073Z</time></trkpt><trkpt lat="47.60863530" lon="19.14696630"><ele>137.42</ele><time>2025-10-20T13:36:56.274Z</time></trkpt><trkpt lat="47.60863530" lon="19.14696630"><ele>137.42</ele><time>2025-10-20T13:36:56.474Z</time></trkpt><trkpt lat="47.60863530" lon="19.14696630"><ele>137.42</ele><time>2025-10-20T13:36:56.674Z</time></trkpt><trkpt lat="47.60863530" lon="19.14696620"><ele>137.42</ele><time>2025-10-20T13:36:56.875Z</time></trkpt><trkpt lat="47.60863530" lon="19.14696630"><ele>137.42</ele><time>2025-10-20T13:36:57.075Z</time></trkpt><trkpt lat="47.60863530" lon="19.14696630"><ele>137.42</ele><time>2025-10-20T13:36:57.276Z</time></trkpt><trkpt lat="47.60863540" lon="19.14696630"><ele>137.42</ele><time>2025-10-20T13:36:57.476Z</time></trkpt><trkpt lat="47.60863540" lon="19.14696630"><ele>137.42</ele><time>2025-10-20T13:36:57.676Z</time></trkpt><trkpt lat="47.60863540" lon="19.14696640"><ele>137.42</ele><time>2025-10-20T13:36:57.876Z</time></trkpt><trkpt lat="47.60863540" lon="19.14696640"><ele>137.42</ele><time>2025-10-20T13:36:58.076Z</time></trkpt><trkpt lat="47.60863540" lon="19.14696640"><ele>137.42</ele><time>2025-10-20T13:36:58.280Z</time></trkpt><trkpt lat="47.60863540" lon="19.14696640"><ele>137.42</ele><time>2025-10-20T13:36:58.481Z</time></trkpt><trkpt lat="47.60863540" lon="19.14696640"><ele>137.42</ele><time>2025-10-20T13:36:58.682Z</time></trkpt><trkpt lat="47.60863540" lon="19.14696640"><ele>137.41</ele><time>2025-10-20T13:36:58.882Z</time></trkpt><trkpt lat="47.60863540" lon="19.14696640"><ele>137.41</ele><time>2025-10-20T13:36:59.064Z</time></trkpt><trkpt lat="47.60863540" lon="19.14696640"><ele>137.41</ele><time>2025-10-20T13:36:59.266Z</time></trkpt><trkpt lat="47.60863540" lon="19.14696640"><ele>137.41</ele><time>2025-10-20T13:36:59.466Z</time></trkpt><trkpt lat="47.60863540" lon="19.14696640"><ele>137.41</ele><time>2025-10-20T13:36:59.667Z</time></trkpt><trkpt lat="47.60863540" lon="19.14696650"><ele>137.41</ele><time>2025-10-20T13:36:59.868Z</time></trkpt><trkpt lat="47.60863530" lon="19.14696650"><ele>137.41</ele><time>2025-10-20T13:37:00.069Z</time></trkpt><trkpt lat="47.60863530" lon="19.14696650"><ele>137.41</ele><time>2025-10-20T13:37:00.274Z</time></trkpt><trkpt lat="47.60863530" lon="19.14696650"><ele>137.41</ele><time>2025-10-20T13:37:00.478Z</time></trkpt><trkpt lat="47.60863530" lon="19.14696650"><ele>137.41</ele><time>2025-10-20T13:37:00.678Z</time></trkpt><trkpt lat="47.60863530" lon="19.14696650"><ele>137.40</ele><time>2025-10-20T13:37:00.878Z</time></trkpt><trkpt lat="47.60863530" lon="19.14696650"><ele>137.40</ele><time>2025-10-20T13:37:01.078Z</time></trkpt><trkpt lat="47.60863530" lon="19.14696640"><ele>137.40</ele><time>2025-10-20T13:37:01.263Z</time></trkpt><trkpt lat="47.60863530" lon="19.14696640"><ele>137.39</ele><time>2025-10-20T13:37:01.465Z</time></trkpt><trkpt lat="47.60863530" lon="19.14696640"><ele>137.39</ele><time>2025-10-20T13:37:01.665Z</time></trkpt><trkpt lat="47.60863530" lon="19.14696640"><ele>137.39</ele><time>2025-10-20T13:37:01.865Z</time></trkpt><trkpt lat="47.60863530" lon="19.14696640"><ele>137.39</ele><time>2025-10-20T13:37:02.065Z</time></trkpt><trkpt lat="47.60863530" lon="19.14696640"><ele>137.38</ele><time>2025-10-20T13:37:02.269Z</time></trkpt><trkpt lat="47.60863530" lon="19.14696640"><ele>137.38</ele><time>2025-10-20T13:37:02.470Z</time></trkpt><trkpt lat="47.60863530" lon="19.14696640"><ele>137.38</ele><time>2025-10-20T13:37:02.670Z</time></trkpt><trkpt lat="47.60863530" lon="19.14696640"><ele>137.38</ele><time>2025-10-20T13:37:02.871Z</time></trkpt><trkpt lat="47.60863530" lon="19.14696640"><ele>137.37</ele><time>2025-10-20T13:37:03.071Z</time></trkpt><trkpt lat="47.60863530" lon="19.14696650"><ele>137.37</ele><time>2025-10-20T13:37:03.275Z</time></trkpt><trkpt lat="47.60863530" lon="19.14696650"><ele>137.37</ele><time>2025-10-20T13:37:03.477Z</time></trkpt><trkpt lat="47.60863530" lon="19.14696650"><ele>137.37</ele><time>2025-10-20T13:37:03.677Z</time></trkpt><trkpt lat="47.60863530" lon="19.14696650"><ele>137.37</ele><time>2025-10-20T13:37:03.878Z</time></trkpt><trkpt lat="47.60863530" lon="19.14696650"><ele>137.37</ele><time>2025-10-20T13:37:04.079Z</time></trkpt><trkpt lat="47.60863540" lon="19.14696650"><ele>137.38</ele><time>2025-10-20T13:37:04.283Z</time></trkpt><trkpt lat="47.60863530" lon="19.14696650"><ele>137.38</ele><time>2025-10-20T13:37:04.484Z</time></trkpt><trkpt lat="47.60863540" lon="19.14696650"><ele>137.38</ele><time>2025-10-20T13:37:04.685Z</time></trkpt><trkpt lat="47.60863540" lon="19.14696650"><ele>137.38</ele><time>2025-10-20T13:37:04.885Z</time></trkpt><trkpt lat="47.60863540" lon="19.14696650"><ele>137.38</ele><time>2025-10-20T13:37:05.085Z</time></trkpt><trkpt lat="47.60863540" lon="19.14696650"><ele>137.38</ele><time>2025-10-20T13:37:05.271Z</time></trkpt><trkpt lat="47.60863540" lon="19.14696640"><ele>137.38</ele><time>2025-10-20T13:37:05.472Z</time></trkpt><trkpt lat="47.60863540" lon="19.14696640"><ele>137.38</ele><time>2025-10-20T13:37:05.673Z</time></trkpt><trkpt lat="47.60863540" lon="19.14696640"><ele>137.38</ele><time>2025-10-20T13:37:05.873Z</time></trkpt></trkseg></trk></gpx>