<?xml version='1.0' encoding='utf-8'?>
<gpx version="1.1" creator="converttogpx.py" xmlns="http://www.topografix.com/GPX/1/1" xmlns:xsi="http://www.w3.org/2001/XMLSchema-instance" xsi:schemaLocation="http://www.topografix.com/GPX/1/1 http://www.topografix.com/GPX/1/1/gpx.xsd"><trk><name>drone130 20251020-003</name><trkseg><trkpt lat="47.60864040" lon="19.14702150"><ele>137.10</ele><time>2025-10-20T13:27:13.849Z</time></trkpt><trkpt lat="47.60864040" lon="19.14702150"><ele>137.12</ele><time>2025-10-20T13:27:14.030Z</time></trkpt><trkpt lat="47.60864040" lon="19.14702150"><ele>137.13</ele><time>2025-10-20T13:27:14.232Z</time></trkpt><trkpt lat="47.60864040" lon="19.14702150"><ele>137.14</ele><time>2025-10-20T13:27:14.432Z</time></trkpt><trkpt lat="47.60864040" lon="19.14702160"><ele>137.15</ele><time>2025-10-20T13:27:14.632Z</time></trkpt><trkpt lat="47.60864050" lon="19.14702160"><ele>137.16</ele><time>2025-10-20T13:27:14.833Z</time></trkpt><trkpt lat="47.60864040" lon="19.14702150"><ele>137.16</ele><time>2025-10-20T13:27:15.032Z</time></trkpt><trkpt lat="47.60864040" lon="19.14702150"><ele>137.17</ele><time>2025-10-20T13:27:15.232Z</time></trkpt><trkpt lat="47.60864040" lon="19.14702150"><ele>137.17</ele><time>2025-10-20T13:27:15.413Z</time></trkpt><trkpt lat="47.60864040" lon="19.14702150"><ele>137.17</ele><time>2025-10-20T13:27:15.613Z</time></trkpt><trkpt lat="47.60864040" lon="19.14702140"><ele>137.17</ele><time>2025-10-20T13:27:15.793Z</time></trkpt><trkpt lat="47.60864040" lon="19.14702140"><ele>137.17</ele><time>2025-10-20T13:27:16.033Z</time></trkpt><trkpt lat="47.60864040" lon="19.14702140"><ele>137.18</ele><time>2025-10-20T13:27:16.235Z</time></trkpt><trkpt lat="47.60864040" lon="19.14702140"><ele>137.18</ele><time>2025-10-20T13:27:16.435Z</time></trkpt><trkpt lat="47.60864040" lon="19.14702140"><ele>137.18</ele><time>2025-10-20T13:27:16.635Z</time></trkpt><trkpt lat="47.60864040" lon="19.14702150"><ele>137.18</ele><time>2025-10-20T13:27:16.835Z</time></trkpt><trkpt lat="47.60864040" lon="19.14702140"><ele>137.18</ele><time>2025-10-20T13:27:17.035Z</time></trkpt><trkpt lat="47.60864050" lon="19.14702140"><ele>137.18</ele><time>2025-10-20T13:27:17.236Z</time></trkpt><trkpt lat="47.60864060" lon="19.14702140"><ele>137.18</ele><time>2025-10-20T13:27:17.440Z</time></trkpt><trkpt lat="47.60864070" lon="19.14702130"><ele>137.17</ele><time>2025-10-20T13:27:17.641Z</time></trkpt><trkpt lat="47.60864090" lon="19.14702130"><ele>137.17</ele><time>2025-10-20T13:27:17.840Z</time></trkpt><trkpt lat="47.60864100" lon="19.14702130"><ele>137.17</ele><time>2025-10-20T13:27:18.040Z</time></trkpt><trkpt lat="47.60864110" lon="19.14702130"><ele>137.18</ele><time>2025-10-20T13:27:18.201Z</time></trkpt><trkpt lat="47.60864120" lon="19.14702130"><ele>137.18</ele><time>2025-10-20T13:27:18.442Z</time></trkpt><trkpt lat="47.60864140" lon="19.14702130"><ele>137.17</ele><time>2025-10-20T13:27:18.641Z</time></trkpt><trkpt lat="47.60864150" lon="19.14702130"><ele>137.17</ele><time>2025-10-20T13:27:18.842Z</time></trkpt><trkpt lat="47.60864160" lon="19.14702130"><ele>137.17</ele><time>2025-10-20T13:27:19.042Z</time></trkpt><trkpt lat="47.60864170" lon="19.14702130"><ele>137.17</ele><time>2025-10-20T13:27:19.242Z</time></trkpt><trkpt lat="47.60864180" lon="19.14702130"><ele>137.17</ele><time>2025-10-20T13:27:19.443Z</time></trkpt><trkpt lat="47.60864190" lon="19.14702130"><ele>137.17</ele><time>2025-10-20T13:27:19.643Z</time></trkpt><trkpt lat="47.60864200" lon="19.14702140"><ele>137.16</ele><time>2025-10-20T13:27:19.843Z</time></trkpt><trkpt lat="47.60864210" lon="19.14702140"><ele>137.16</ele><time>2025-10-20T13:27:20.044Z</time></trkpt><trkpt lat="47.60864210" lon="19.14702140"><ele>137.16</ele><time>2025-10-20T13:27:20.243Z</time></trkpt><trkpt lat="47.60864220" lon="19.14702150"><ele>137.15</ele><time>2025-10-20T13:27:20.443Z</time></trkpt><trkpt lat="47.60864230" lon="19.14702150"><ele>137.15</ele><time>2025-10-20T13:27:20.644Z</time></trkpt><trkpt lat="47.60864240" lon="19.14702150"><ele>137.14</ele><time>2025-10-20T13:27:20.804Z</time></trkpt><trkpt lat="47.60864250" lon="19.14702150"><ele>137.14</ele><time>2025-10-20T13:27:21.024Z</time></trkpt><trkpt lat="47.60864260" lon="19.14702140"><ele>137.13</ele><time>2025-10-20T13:27:21.244Z</time></trkpt><trkpt lat="47.60864270" lon="19.14702140"><ele>137.12</ele><time>2025-10-20T13:27:21.444Z</time></trkpt><trkpt lat="47.60864290" lon="19.14702140"><ele>137.11</ele><time>2025-10-20T13:27:21.645Z</time></trkpt><trkpt lat="47.60864300" lon="19.14702140"><ele>137.10</ele><time>2025-10-20T13:27:21.845Z</time></trkpt><trkpt lat="47.60864310" lon="19.14702140"><ele>137.10</ele><time>2025-10-20T13:27:22.045Z</time></trkpt><trkpt lat="47.60864320" lon="19.14702150"><ele>137.09</ele><time>2025-10-20T13:27:22.246Z</time></trkpt><trkpt lat="47.60864330" lon="19.14702150"><ele>137.08</ele><time>2025-10-20T13:27:22.447Z</time></trkpt><trkpt lat="47.60864350" lon="19.14702160"><ele>137.08</ele><time>2025-10-20T13:27:22.647Z</time></trkpt><trkpt lat="47.60864350" lon="19.14702160"><ele>137.07</ele><time>2025-10-20T13:27:22.847Z</time></trkpt><trkpt lat="47.60864360" lon="19.14702170"><ele>137.07</ele><time>2025-10-20T13:27:23.048Z</time></trkpt><trkpt lat="47.60864360" lon="19.14702170"><ele>137.07</ele><time>2025-10-20T13:27:23.248Z</time></trkpt><trkpt lat="47.60864370" lon="19.14702170"><ele>137.08</ele><time>2025-10-20T13:27:23.449Z</time></trkpt><trkpt lat="47.60864380" lon="19.14702170"><ele>137.08</ele><time>2025-10-20T13:27:23.650Z</time></trkpt><trkpt lat="47.60864380" lon="19.14702180"><ele>137.09</ele><time>2025-10-20T13:27:23.852Z</time></trkpt><trkpt lat="47.60864380" lon="19.14702180"><ele>137.09</ele><time>2025-10-20T13:27:24.053Z</time></trkpt><trkpt lat="47.60864380" lon="19.14702170"><ele>137.20</ele><time>2025-10-20T13:27:24.254Z</time></trkpt><trkpt lat="47.60864380" lon="19.14702140"><ele>137.50</ele><time>2025-10-20T13:27:24.455Z</time></trkpt><trkpt lat="47.60864370" lon="19.14702090"><ele>137.92</ele><time>2025-10-20T13:27:24.656Z</time></trkpt><trkpt lat="47.60864330" lon="19.14702040"><ele>138.39</ele><time>2025-10-20T13:27:24.857Z</time></trkpt><trkpt lat="47.60864320" lon="19.14701990"><ele>138.86</ele><time>2025-10-20T13:27:25.039Z</time></trkpt><trkpt lat="47.60864280" lon="19.14701920"><ele>139.47</ele><time>2025-10-20T13:27:25.260Z</time></trkpt><trkpt lat="47.60864240" lon="19.14701850"><ele>139.98</ele><time>2025-10-20T13:27:25.461Z</time></trkpt><trkpt lat="47.60864180" lon="19.14701790"><ele>140.38</ele><time>2025-10-20T13:27:25.662Z</time></trkpt><trkpt lat="47.60864110" lon="19.14701760"><ele>140.83</ele><time>2025-10-20T13:27:25.865Z</time></trkpt><trkpt lat="47.60863990" lon="19.14701770"><ele>141.44</ele><time>2025-10-20T13:27:26.067Z</time></trkpt><trkpt lat="47.60863840" lon="19.14701810"><ele>142.04</ele><time>2025-10-20T13:27:26.269Z</time></trkpt><trkpt lat="47.60863670" lon="19.14701870"><ele>142.60</ele><time>2025-10-20T13:27:26.470Z</time></trkpt><trkpt lat="47.60863530" lon="19.14701930"><ele>143.05</ele><time>2025-10-20T13:27:26.632Z</time></trkpt><trkpt lat="47.60863350" lon="19.14702030"><ele>143.59</ele><time>2025-10-20T13:27:26.834Z</time></trkpt><trkpt lat="47.60863130" lon="19.14702150"><ele>144.18</ele><time>2025-10-20T13:27:27.057Z</time></trkpt><trkpt lat="47.60862920" lon="19.14702260"><ele>144.70</ele><time>2025-10-20T13:27:27.263Z</time></trkpt><trkpt lat="47.60862760" lon="19.14702370"><ele>145.16</ele><time>2025-10-20T13:27:27.444Z</time></trkpt><trkpt lat="47.60862580" lon="19.14702480"><ele>145.72</ele><time>2025-10-20T13:27:27.665Z</time></trkpt><trkpt lat="47.60862460" lon="19.14702560"><ele>146.20</ele><time>2025-10-20T13:27:27.847Z</time></trkpt><trkpt lat="47.60862320" lon="19.14702640"><ele>146.76</ele><time>2025-10-20T13:27:28.070Z</time></trkpt><trkpt lat="47.60862210" lon="19.14702690"><ele>147.24</ele><time>2025-10-20T13:27:28.265Z</time></trkpt><trkpt lat="47.60862090" lon="19.14702740"><ele>147.73</ele><time>2025-10-20T13:27:28.469Z</time></trkpt><trkpt lat="47.60861980" lon="19.14702770"><ele>148.19</ele><time>2025-10-20T13:27:28.653Z</time></trkpt><trkpt lat="47.60861860" lon="19.14702800"><ele>148.69</ele><time>2025-10-20T13:27:28.856Z</time></trkpt><trkpt lat="47.60861730" lon="19.14702830"><ele>149.21</ele><time>2025-10-20T13:27:29.061Z</time></trkpt><trkpt lat="47.60861630" lon="19.14702860"><ele>149.70</ele><time>2025-10-20T13:27:29.267Z</time></trkpt><trkpt lat="47.60861520" lon="19.14702880"><ele>150.19</ele><time>2025-10-20T13:27:29.468Z</time></trkpt><trkpt lat="47.60861420" lon="19.14702900"><ele>150.70</ele><time>2025-10-20T13:27:29.671Z</time></trkpt><trkpt lat="47.60861340" lon="19.14702930"><ele>151.16</ele><time>2025-10-20T13:27:29.853Z</time></trkpt><trkpt lat="47.60861260" lon="19.14702960"><ele>151.65</ele><time>2025-10-20T13:27:30.055Z</time></trkpt><trkpt lat="47.60861190" lon="19.14702980"><ele>152.17</ele><time>2025-10-20T13:27:30.268Z</time></trkpt><trkpt lat="47.60861130" lon="19.14702980"><ele>152.61</ele><time>2025-10-20T13:27:30.453Z</time></trkpt><trkpt lat="47.60861070" lon="19.14702970"><ele>153.07</ele><time>2025-10-20T13:27:30.658Z</time></trkpt><trkpt lat="47.60861040" lon="19.14702960"><ele>153.53</ele><time>2025-10-20T13:27:30.859Z</time></trkpt><trkpt lat="47.60861020" lon="19.14702950"><ele>154.00</ele><time>2025-10-20T13:27:31.061Z</time></trkpt><trkpt lat="47.60861030" lon="19.14702940"><ele>154.53</ele><time>2025-10-20T13:27:31.271Z</time></trkpt><trkpt lat="47.60861050" lon="19.14702940"><ele>154.89</ele><time>2025-10-20T13:27:31.414Z</time></trkpt><trkpt lat="47.60861110" lon="19.14702920"><ele>155.48</ele><time>2025-10-20T13:27:31.656Z</time></trkpt><trkpt lat="47.60861160" lon="19.14702920"><ele>155.92</ele><time>2025-10-20T13:27:31.838Z</time></trkpt><trkpt lat="47.60861230" lon="19.14702930"><ele>156.41</ele><time>2025-10-20T13:27:32.058Z</time></trkpt><trkpt lat="47.60861280" lon="19.14702950"><ele>156.72</ele><time>2025-10-20T13:27:32.268Z</time></trkpt><trkpt lat="47.60861340" lon="19.14702970"><ele>156.91</ele><time>2025-10-20T13:27:32.459Z</time></trkpt><trkpt lat="47.60861400" lon="19.14702990"><ele>157.03</ele><time>2025-10-20T13:27:32.660Z</time></trkpt><trkpt lat="47.60861490" lon="19.14702990"><ele>157.03</ele><time>2025-10-20T13:27:32.862Z</time></trkpt><trkpt lat="47.60861640" lon="19.14702980"><ele>156.98</ele><time>2025-10-20T13:27:33.064Z</time></trkpt><trkpt lat="47.60861900" lon="19.14702950"><ele>156.96</ele><time>2025-10-20T13:27:33.266Z</time></trkpt><trkpt lat="47.60862220" lon="19.14702920"><ele>156.96</ele><time>2025-10-20T13:27:33.470Z</time></trkpt><trkpt lat="47.60862550" lon="19.14702880"><ele>156.95</ele><time>2025-10-20T13:27:33.650Z</time></trkpt><trkpt lat="47.60862920" lon="19.14702850"><ele>156.96</ele><time>2025-10-20T13:27:33.872Z</time></trkpt><trkpt lat="47.60863210" lon="19.14702840"><ele>156.97</ele><time>2025-10-20T13:27:34.074Z</time></trkpt><trkpt lat="47.60863450" lon="19.14702840"><ele>156.99</ele><time>2025-10-20T13:27:34.256Z</time></trkpt><trkpt lat="47.60863640" lon="19.14702860"><ele>157.02</ele><time>2025-10-20T13:27:34.465Z</time></trkpt><trkpt lat="47.60863790" lon="19.14702890"><ele>157.03</ele><time>2025-10-20T13:27:34.666Z</time></trkpt><trkpt lat="47.60863900" lon="19.14702940"><ele>157.00</ele><time>2025-10-20T13:27:34.872Z</time></trkpt><trkpt lat="47.60864000" lon="19.14703000"><ele>156.98</ele><time>2025-10-20T13:27:35.076Z</time></trkpt><trkpt lat="47.60864110" lon="19.14703070"><ele>156.98</ele><time>2025-10-20T13:27:35.258Z</time></trkpt><trkpt lat="47.60864230" lon="19.14703160"><ele>156.98</ele><time>2025-10-20T13:27:35.467Z</time></trkpt><trkpt lat="47.60864340" lon="19.14703230"><ele>156.98</ele><time>2025-10-20T13:27:35.648Z</time></trkpt><trkpt lat="47.60864450" lon="19.14703320"><ele>156.95</ele><time>2025-10-20T13:27:35.850Z</time></trkpt><trkpt lat="47.60864520" lon="19.14703430"><ele>156.90</ele><time>2025-10-20T13:27:36.071Z</time></trkpt><trkpt lat="47.60864610" lon="19.14703510"><ele>156.87</ele><time>2025-10-20T13:27:36.276Z</time></trkpt><trkpt lat="47.60864670" lon="19.14703580"><ele>156.84</ele><time>2025-10-20T13:27:36.466Z</time></trkpt><trkpt lat="47.60864790" lon="19.14703580"><ele>156.78</ele><time>2025-10-20T13:27:36.688Z</time></trkpt><trkpt lat="47.60864950" lon="19.14703430"><ele>156.74</ele><time>2025-10-20T13:27:36.869Z</time></trkpt><trkpt lat="47.60865180" lon="19.14703060"><ele>156.69</ele><time>2025-10-20T13:27:37.070Z</time></trkpt><trkpt lat="47.60865440" lon="19.14702400"><ele>156.67</ele><time>2025-10-20T13:27:37.283Z</time></trkpt><trkpt lat="47.60865620" lon="19.14701780"><ele>156.67</ele><time>2025-10-20T13:27:37.444Z</time></trkpt><trkpt lat="47.60865760" lon="19.14700850"><ele>156.66</ele><time>2025-10-20T13:27:37.665Z</time></trkpt><trkpt lat="47.60865760" lon="19.14700010"><ele>156.67</ele><time>2025-10-20T13:27:37.867Z</time></trkpt><trkpt lat="47.60865640" lon="19.14699340"><ele>156.68</ele><time>2025-10-20T13:27:38.048Z</time></trkpt><trkpt lat="47.60865320" lon="19.14698640"><ele>156.69</ele><time>2025-10-20T13:27:38.280Z</time></trkpt><trkpt lat="47.60864960" lon="19.14698200"><ele>156.72</ele><time>2025-10-20T13:27:38.460Z</time></trkpt><trkpt lat="47.60864450" lon="19.14697790"><ele>156.71</ele><time>2025-10-20T13:27:38.681Z</time></trkpt><trkpt lat="47.60863960" lon="19.14697570"><ele>156.65</ele><time>2025-10-20T13:27:38.881Z</time></trkpt><trkpt lat="47.60863530" lon="19.14697510"><ele>156.67</ele><time>2025-10-20T13:27:39.064Z</time></trkpt><trkpt lat="47.60863040" lon="19.14697510"><ele>156.70</ele><time>2025-10-20T13:27:39.276Z</time></trkpt><trkpt lat="47.60862640" lon="19.14697460"><ele>156.73</ele><time>2025-10-20T13:27:39.456Z</time></trkpt><trkpt lat="47.60862190" lon="19.14697310"><ele>156.75</ele><time>2025-10-20T13:27:39.677Z</time></trkpt><trkpt lat="47.60861810" lon="19.14697190"><ele>156.74</ele><time>2025-10-20T13:27:39.880Z</time></trkpt><trkpt lat="47.60861410" lon="19.14697210"><ele>156.65</ele><time>2025-10-20T13:27:40.082Z</time></trkpt><trkpt lat="47.60860940" lon="19.14697430"><ele>156.63</ele><time>2025-10-20T13:27:40.291Z</time></trkpt><trkpt lat="47.60860480" lon="19.14697780"><ele>156.82</ele><time>2025-10-20T13:27:40.475Z</time></trkpt><trkpt lat="47.60860020" lon="19.14698240"><ele>157.09</ele><time>2025-10-20T13:27:40.677Z</time></trkpt><trkpt lat="47.60859640" lon="19.14698740"><ele>157.28</ele><time>2025-10-20T13:27:40.877Z</time></trkpt><trkpt lat="47.60859340" lon="19.14699280"><ele>157.33</ele><time>2025-10-20T13:27:41.078Z</time></trkpt><trkpt lat="47.60859100" lon="19.14699890"><ele>157.24</ele><time>2025-10-20T13:27:41.286Z</time></trkpt><trkpt lat="47.60858990" lon="19.14700520"><ele>157.07</ele><time>2025-10-20T13:27:41.492Z</time></trkpt><trkpt lat="47.60859020" lon="19.14701160"><ele>156.94</ele><time>2025-10-20T13:27:41.693Z</time></trkpt><trkpt lat="47.60859220" lon="19.14701790"><ele>156.82</ele><time>2025-10-20T13:27:41.894Z</time></trkpt><trkpt lat="47.60859540" lon="19.14702360"><ele>156.65</ele><time>2025-10-20T13:27:42.095Z</time></trkpt><trkpt lat="47.60859990" lon="19.14702860"><ele>156.56</ele><time>2025-10-20T13:27:42.297Z</time></trkpt><trkpt lat="47.60860390" lon="19.14703210"><ele>156.55</ele><time>2025-10-20T13:27:42.457Z</time></trkpt><trkpt lat="47.60860970" lon="19.14703610"><ele>156.65</ele><time>2025-10-20T13:27:42.680Z</time></trkpt><trkpt lat="47.60861420" lon="19.14703840"><ele>156.75</ele><time>2025-10-20T13:27:42.882Z</time></trkpt><trkpt lat="47.60861860" lon="19.14703950"><ele>156.79</ele><time>2025-10-20T13:27:43.083Z</time></trkpt><trkpt lat="47.60862290" lon="19.14703910"><ele>156.76</ele><time>2025-10-20T13:27:43.293Z</time></trkpt><trkpt lat="47.60862680" lon="19.14703700"><ele>156.73</ele><time>2025-10-20T13:27:43.493Z</time></trkpt><trkpt lat="47.60863050" lon="19.14703320"><ele>156.71</ele><time>2025-10-20T13:27:43.695Z</time></trkpt><trkpt lat="47.60863370" lon="19.14702790"><ele>156.83</ele><time>2025-10-20T13:27:43.896Z</time></trkpt><trkpt lat="47.60863650" lon="19.14702310"><ele>157.07</ele><time>2025-10-20T13:27:44.077Z</time></trkpt><trkpt lat="47.60863950" lon="19.14701880"><ele>157.40</ele><time>2025-10-20T13:27:44.303Z</time></trkpt><trkpt lat="47.60864170" lon="19.14701740"><ele>157.83</ele><time>2025-10-20T13:27:44.489Z</time></trkpt><trkpt lat="47.60864360" lon="19.14701710"><ele>158.42</ele><time>2025-10-20T13:27:44.692Z</time></trkpt><trkpt lat="47.60864470" lon="19.14701660"><ele>158.95</ele><time>2025-10-20T13:27:44.893Z</time></trkpt><trkpt lat="47.60864500" lon="19.14701520"><ele>159.30</ele><time>2025-10-20T13:27:45.096Z</time></trkpt><trkpt lat="47.60864440" lon="19.14701300"><ele>159.41</ele><time>2025-10-20T13:27:45.305Z</time></trkpt><trkpt lat="47.60864320" lon="19.14701030"><ele>159.21</ele><time>2025-10-20T13:27:45.507Z</time></trkpt><trkpt lat="47.60864100" lon="19.14700700"><ele>158.84</ele><time>2025-10-20T13:27:45.707Z</time></trkpt><trkpt lat="47.60863830" lon="19.14700420"><ele>158.69</ele><time>2025-10-20T13:27:45.850Z</time></trkpt><trkpt lat="47.60863240" lon="19.14700040"><ele>158.67</ele><time>2025-10-20T13:27:46.073Z</time></trkpt><trkpt lat="47.60862620" lon="19.14699780"><ele>158.66</ele><time>2025-10-20T13:27:46.295Z</time></trkpt><trkpt lat="47.60862130" lon="19.14699690"><ele>158.51</ele><time>2025-10-20T13:27:46.475Z</time></trkpt><trkpt lat="47.60861580" lon="19.14699770"><ele>158.33</ele><time>2025-10-20T13:27:46.676Z</time></trkpt><trkpt lat="47.60861020" lon="19.14700010"><ele>158.17</ele><time>2025-10-20T13:27:46.896Z</time></trkpt><trkpt lat="47.60860540" lon="19.14700310"><ele>157.98</ele><time>2025-10-20T13:27:47.097Z</time></trkpt><trkpt lat="47.60860080" lon="19.14700640"><ele>157.69</ele><time>2025-10-20T13:27:47.299Z</time></trkpt><trkpt lat="47.60859700" lon="19.14700960"><ele>157.44</ele><time>2025-10-20T13:27:47.489Z</time></trkpt><trkpt lat="47.60859460" lon="19.14701310"><ele>157.37</ele><time>2025-10-20T13:27:47.694Z</time></trkpt><trkpt lat="47.60859350" lon="19.14701690"><ele>157.37</ele><time>2025-10-20T13:27:47.875Z</time></trkpt><trkpt lat="47.60859280" lon="19.14702250"><ele>157.27</ele><time>2025-10-20T13:27:48.098Z</time></trkpt><trkpt lat="47.60859290" lon="19.14702860"><ele>157.15</ele><time>2025-10-20T13:27:48.303Z</time></trkpt><trkpt lat="47.60859390" lon="19.14703530"><ele>157.04</ele><time>2025-10-20T13:27:48.505Z</time></trkpt><trkpt lat="47.60859600" lon="19.14704190"><ele>156.93</ele><time>2025-10-20T13:27:48.709Z</time></trkpt><trkpt lat="47.60859960" lon="19.14704790"><ele>156.88</ele><time>2025-10-20T13:27:48.912Z</time></trkpt><trkpt lat="47.60860400" lon="19.14705250"><ele>156.83</ele><time>2025-10-20T13:27:49.096Z</time></trkpt><trkpt lat="47.60860970" lon="19.14705630"><ele>156.77</ele><time>2025-10-20T13:27:49.307Z</time></trkpt><trkpt lat="47.60861580" lon="19.14705860"><ele>156.71</ele><time>2025-10-20T13:27:49.509Z</time></trkpt><trkpt lat="47.60862160" lon="19.14705910"><ele>156.65</ele><time>2025-10-20T13:27:49.689Z</time></trkpt><trkpt lat="47.60862870" lon="19.14705730"><ele>156.65</ele><time>2025-10-20T13:27:49.911Z</time></trkpt><trkpt lat="47.60863480" lon="19.14705420"><ele>156.65</ele><time>2025-10-20T13:27:50.111Z</time></trkpt><trkpt lat="47.60863970" lon="19.14705100"><ele>156.63</ele><time>2025-10-20T13:27:50.294Z</time></trkpt><trkpt lat="47.60864380" lon="19.14704780"><ele>156.61</ele><time>2025-10-20T13:27:50.497Z</time></trkpt><trkpt lat="47.60864660" lon="19.14704530"><ele>156.60</ele><time>2025-10-20T13:27:50.699Z</time></trkpt><trkpt lat="47.60864870" lon="19.14704320"><ele>156.58</ele><time>2025-10-20T13:27:50.900Z</time></trkpt><trkpt lat="47.60865050" lon="19.14704120"><ele>156.55</ele><time>2025-10-20T13:27:51.102Z</time></trkpt><trkpt lat="47.60865200" lon="19.14703940"><ele>156.52</ele><time>2025-10-20T13:27:51.303Z</time></trkpt><trkpt lat="47.60865300" lon="19.14703800"><ele>156.50</ele><time>2025-10-20T13:27:51.505Z</time></trkpt><trkpt lat="47.60865370" lon="19.14703680"><ele>156.47</ele><time>2025-10-20T13:27:51.707Z</time></trkpt><trkpt lat="47.60865440" lon="19.14703600"><ele>156.45</ele><time>2025-10-20T13:27:51.907Z</time></trkpt><trkpt lat="47.60865500" lon="19.14703590"><ele>156.45</ele><time>2025-10-20T13:27:52.111Z</time></trkpt><trkpt lat="47.60865590" lon="19.14703690"><ele>156.43</ele><time>2025-10-20T13:27:52.316Z</time></trkpt><trkpt lat="47.60865740" lon="19.14703940"><ele>156.40</ele><time>2025-10-20T13:27:52.517Z</time></trkpt><trkpt lat="47.60865910" lon="19.14704290"><ele>156.38</ele><time>2025-10-20T13:27:52.698Z</time></trkpt><trkpt lat="47.60866190" lon="19.14704900"><ele>156.33</ele><time>2025-10-20T13:27:52.920Z</time></trkpt><trkpt lat="47.60866520" lon="19.14705630"><ele>156.31</ele><time>2025-10-20T13:27:53.122Z</time></trkpt><trkpt lat="47.60866900" lon="19.14706510"><ele>156.28</ele><time>2025-10-20T13:27:53.329Z</time></trkpt><trkpt lat="47.60867300" lon="19.14707450"><ele>156.25</ele><time>2025-10-20T13:27:53.530Z</time></trkpt><trkpt lat="47.60867750" lon="19.14708480"><ele>156.22</ele><time>2025-10-20T13:27:53.731Z</time></trkpt><trkpt lat="47.60868240" lon="19.14709590"><ele>156.18</ele><time>2025-10-20T13:27:53.934Z</time></trkpt><trkpt lat="47.60868760" lon="19.14710750"><ele>156.15</ele><time>2025-10-20T13:27:54.137Z</time></trkpt><trkpt lat="47.60869250" lon="19.14711830"><ele>156.13</ele><time>2025-10-20T13:27:54.325Z</time></trkpt><trkpt lat="47.60869860" lon="19.14713150"><ele>156.12</ele><time>2025-10-20T13:27:54.551Z</time></trkpt><trkpt lat="47.60870340" lon="19.14714190"><ele>156.10</ele><time>2025-10-20T13:27:54.734Z</time></trkpt><trkpt lat="47.60870810" lon="19.14715220"><ele>156.09</ele><time>2025-10-20T13:27:54.915Z</time></trkpt><trkpt lat="47.60871400" lon="19.14716510"><ele>156.09</ele><time>2025-10-20T13:27:55.137Z</time></trkpt><trkpt lat="47.60871850" lon="19.14717480"><ele>156.10</ele><time>2025-10-20T13:27:55.298Z</time></trkpt><trkpt lat="47.60872550" lon="19.14719000"><ele>156.11</ele><time>2025-10-20T13:27:55.550Z</time></trkpt><trkpt lat="47.60873120" lon="19.14720220"><ele>156.14</ele><time>2025-10-20T13:27:55.752Z</time></trkpt><trkpt lat="47.60873620" lon="19.14721290"><ele>156.17</ele><time>2025-10-20T13:27:55.933Z</time></trkpt><trkpt lat="47.60874150" lon="19.14722380"><ele>156.20</ele><time>2025-10-20T13:27:56.116Z</time></trkpt><trkpt lat="47.60874710" lon="19.14723470"><ele>156.24</ele><time>2025-10-20T13:27:56.308Z</time></trkpt><trkpt lat="47.60875330" lon="19.14724720"><ele>156.26</ele><time>2025-10-20T13:27:56.529Z</time></trkpt><trkpt lat="47.60875870" lon="19.14725820"><ele>156.26</ele><time>2025-10-20T13:27:56.730Z</time></trkpt><trkpt lat="47.60876420" lon="19.14726890"><ele>156.29</ele><time>2025-10-20T13:27:56.930Z</time></trkpt><trkpt lat="47.60876940" lon="19.14727950"><ele>156.33</ele><time>2025-10-20T13:27:57.132Z</time></trkpt><trkpt lat="47.60877460" lon="19.14728980"><ele>156.37</ele><time>2025-10-20T13:27:57.337Z</time></trkpt><trkpt lat="47.60877950" lon="19.14729960"><ele>156.41</ele><time>2025-10-20T13:27:57.539Z</time></trkpt><trkpt lat="47.60878400" lon="19.14730860"><ele>156.44</ele><time>2025-10-20T13:27:57.742Z</time></trkpt><trkpt lat="47.60878740" lon="19.14731560"><ele>156.46</ele><time>2025-10-20T13:27:57.924Z</time></trkpt><trkpt lat="47.60879080" lon="19.14732260"><ele>156.48</ele><time>2025-10-20T13:27:58.145Z</time></trkpt><trkpt lat="47.60879290" lon="19.14732700"><ele>156.48</ele><time>2025-10-20T13:27:58.329Z</time></trkpt><trkpt lat="47.60879440" lon="19.14732990"><ele>156.49</ele><time>2025-10-20T13:27:58.528Z</time></trkpt><trkpt lat="47.60879530" lon="19.14733120"><ele>156.51</ele><time>2025-10-20T13:27:58.729Z</time></trkpt><trkpt lat="47.60879570" lon="19.14733120"><ele>156.55</ele><time>2025-10-20T13:27:58.951Z</time></trkpt><trkpt lat="47.60879570" lon="19.14733060"><ele>156.56</ele><time>2025-10-20T13:27:59.132Z</time></trkpt><trkpt lat="47.60879530" lon="19.14732920"><ele>156.57</ele><time>2025-10-20T13:27:59.353Z</time></trkpt><trkpt lat="47.60879480" lon="19.14732750"><ele>156.58</ele><time>2025-10-20T13:27:59.535Z</time></trkpt><trkpt lat="47.60879420" lon="19.14732540"><ele>156.60</ele><time>2025-10-20T13:27:59.715Z</time></trkpt><trkpt lat="47.60879320" lon="19.14732280"><ele>156.61</ele><time>2025-10-20T13:27:59.936Z</time></trkpt><trkpt lat="47.60879230" lon="19.14732020"><ele>156.62</ele><time>2025-10-20T13:28:00.138Z</time></trkpt><trkpt lat="47.60879200" lon="19.14731690"><ele>156.64</ele><time>2025-10-20T13:28:00.344Z</time></trkpt><trkpt lat="47.60879240" lon="19.14731260"><ele>156.64</ele><time>2025-10-20T13:28:00.547Z</time></trkpt><trkpt lat="47.60879420" lon="19.14730690"><ele>156.63</ele><time>2025-10-20T13:28:00.748Z</time></trkpt><trkpt lat="47.60879730" lon="19.14729970"><ele>156.63</ele><time>2025-10-20T13:28:00.949Z</time></trkpt><trkpt lat="47.60880130" lon="19.14729100"><ele>156.64</ele><time>2025-10-20T13:28:01.153Z</time></trkpt><trkpt lat="47.60880610" lon="19.14728130"><ele>156.65</ele><time>2025-10-20T13:28:01.357Z</time></trkpt><trkpt lat="47.60881080" lon="19.14727200"><ele>156.67</ele><time>2025-10-20T13:28:01.538Z</time></trkpt><trkpt lat="47.60881650" lon="19.14726050"><ele>156.68</ele><time>2025-10-20T13:28:01.747Z</time></trkpt><trkpt lat="47.60882230" lon="19.14724910"><ele>156.70</ele><time>2025-10-20T13:28:01.947Z</time></trkpt><trkpt lat="47.60882820" lon="19.14723720"><ele>156.72</ele><time>2025-10-20T13:28:02.149Z</time></trkpt><trkpt lat="47.60883490" lon="19.14722360"><ele>156.73</ele><time>2025-10-20T13:28:02.372Z</time></trkpt><trkpt lat="47.60884080" lon="19.14721130"><ele>156.74</ele><time>2025-10-20T13:28:02.573Z</time></trkpt><trkpt lat="47.60884610" lon="19.14720010"><ele>156.75</ele><time>2025-10-20T13:28:02.753Z</time></trkpt><trkpt lat="47.60885230" lon="19.14718640"><ele>156.76</ele><time>2025-10-20T13:28:02.973Z</time></trkpt><trkpt lat="47.60885720" lon="19.14717500"><ele>156.78</ele><time>2025-10-20T13:28:03.154Z</time></trkpt><trkpt lat="47.60886240" lon="19.14716230"><ele>156.79</ele><time>2025-10-20T13:28:03.354Z</time></trkpt><trkpt lat="47.60886750" lon="19.14714940"><ele>156.80</ele><time>2025-10-20T13:28:03.555Z</time></trkpt><trkpt lat="47.60887260" lon="19.14713580"><ele>156.82</ele><time>2025-10-20T13:28:03.767Z</time></trkpt><trkpt lat="47.60887690" lon="19.14712340"><ele>156.82</ele><time>2025-10-20T13:28:03.959Z</time></trkpt><trkpt lat="47.60888120" lon="19.14711030"><ele>156.82</ele><time>2025-10-20T13:28:04.159Z</time></trkpt><trkpt lat="47.60888480" lon="19.14709830"><ele>156.82</ele><time>2025-10-20T13:28:04.344Z</time></trkpt><trkpt lat="47.60888870" lon="19.14708400"><ele>156.82</ele><time>2025-10-20T13:28:04.566Z</time></trkpt><trkpt lat="47.60889190" lon="19.14707110"><ele>156.82</ele><time>2025-10-20T13:28:04.766Z</time></trkpt><trkpt lat="47.60889470" lon="19.14705820"><ele>156.81</ele><time>2025-10-20T13:28:04.968Z</time></trkpt><trkpt lat="47.60889720" lon="19.14704560"><ele>156.80</ele><time>2025-10-20T13:28:05.169Z</time></trkpt><trkpt lat="47.60889950" lon="19.14703280"><ele>156.80</ele><time>2025-10-20T13:28:05.375Z</time></trkpt><trkpt lat="47.60890140" lon="19.14702050"><ele>156.79</ele><time>2025-10-20T13:28:05.577Z</time></trkpt><trkpt lat="47.60890300" lon="19.14700830"><ele>156.77</ele><time>2025-10-20T13:28:05.778Z</time></trkpt><trkpt lat="47.60890400" lon="19.14699740"><ele>156.75</ele><time>2025-10-20T13:28:05.959Z</time></trkpt><trkpt lat="47.60890490" lon="19.14698420"><ele>156.74</ele><time>2025-10-20T13:28:06.180Z</time></trkpt><trkpt lat="47.60890530" lon="19.14697200"><ele>156.74</ele><time>2025-10-20T13:28:06.383Z</time></trkpt><trkpt lat="47.60890540" lon="19.14696200"><ele>156.75</ele><time>2025-10-20T13:28:06.549Z</time></trkpt><trkpt lat="47.60890520" lon="19.14694720"><ele>156.75</ele><time>2025-10-20T13:28:06.790Z</time></trkpt><trkpt lat="47.60890470" lon="19.14693490"><ele>156.76</ele><time>2025-10-20T13:28:06.993Z</time></trkpt><trkpt lat="47.60890400" lon="19.14692350"><ele>156.77</ele><time>2025-10-20T13:28:07.180Z</time></trkpt><trkpt lat="47.60890300" lon="19.14691190"><ele>156.77</ele><time>2025-10-20T13:28:07.368Z</time></trkpt><trkpt lat="47.60890170" lon="19.14689960"><ele>156.76</ele><time>2025-10-20T13:28:07.569Z</time></trkpt><trkpt lat="47.60890010" lon="19.14688740"><ele>156.77</ele><time>2025-10-20T13:28:07.770Z</time></trkpt><trkpt lat="47.60889810" lon="19.14687400"><ele>156.78</ele><time>2025-10-20T13:28:07.991Z</time></trkpt><trkpt lat="47.60889620" lon="19.14686330"><ele>156.78</ele><time>2025-10-20T13:28:08.171Z</time></trkpt><trkpt lat="47.60889420" lon="19.14685270"><ele>156.78</ele><time>2025-10-20T13:28:08.355Z</time></trkpt><trkpt lat="47.60889150" lon="19.14684000"><ele>156.77</ele><time>2025-10-20T13:28:08.576Z</time></trkpt><trkpt lat="47.60888870" lon="19.14682850"><ele>156.76</ele><time>2025-10-20T13:28:08.779Z</time></trkpt><trkpt lat="47.60888570" lon="19.14681720"><ele>156.75</ele><time>2025-10-20T13:28:08.979Z</time></trkpt><trkpt lat="47.60888290" lon="19.14680710"><ele>156.74</ele><time>2025-10-20T13:28:09.159Z</time></trkpt><trkpt lat="47.60887900" lon="19.14679480"><ele>156.74</ele><time>2025-10-20T13:28:09.380Z</time></trkpt><trkpt lat="47.60887510" lon="19.14678350"><ele>156.72</ele><time>2025-10-20T13:28:09.584Z</time></trkpt><trkpt lat="47.60887100" lon="19.14677250"><ele>156.71</ele><time>2025-10-20T13:28:09.786Z</time></trkpt><trkpt lat="47.60886660" lon="19.14676170"><ele>156.72</ele><time>2025-10-20T13:28:09.986Z</time></trkpt><trkpt lat="47.60886180" lon="19.14675110"><ele>156.73</ele><time>2025-10-20T13:28:10.190Z</time></trkpt><trkpt lat="47.60885680" lon="19.14674080"><ele>156.73</ele><time>2025-10-20T13:28:10.392Z</time></trkpt><trkpt lat="47.60885150" lon="19.14673090"><ele>156.73</ele><time>2025-10-20T13:28:10.594Z</time></trkpt><trkpt lat="47.60884610" lon="19.14672110"><ele>156.72</ele><time>2025-10-20T13:28:10.797Z</time></trkpt><trkpt lat="47.60884040" lon="19.14671200"><ele>156.75</ele><time>2025-10-20T13:28:10.998Z</time></trkpt><trkpt lat="47.60883440" lon="19.14670300"><ele>156.77</ele><time>2025-10-20T13:28:11.202Z</time></trkpt><trkpt lat="47.60882840" lon="19.14669450"><ele>156.77</ele><time>2025-10-20T13:28:11.400Z</time></trkpt><trkpt lat="47.60882210" lon="19.14668600"><ele>156.77</ele><time>2025-10-20T13:28:11.604Z</time></trkpt><trkpt lat="47.60881570" lon="19.14667760"><ele>156.77</ele><time>2025-10-20T13:28:11.805Z</time></trkpt><trkpt lat="47.60880910" lon="19.14666940"><ele>156.77</ele><time>2025-10-20T13:28:12.007Z</time></trkpt><trkpt lat="47.60880250" lon="19.14666150"><ele>156.77</ele><time>2025-10-20T13:28:12.209Z</time></trkpt><trkpt lat="47.60879590" lon="19.14665390"><ele>156.77</ele><time>2025-10-20T13:28:12.407Z</time></trkpt><trkpt lat="47.60879010" lon="19.14664790"><ele>156.75</ele><time>2025-10-20T13:28:12.575Z</time></trkpt><trkpt lat="47.60878230" lon="19.14664010"><ele>156.72</ele><time>2025-10-20T13:28:12.797Z</time></trkpt><trkpt lat="47.60877500" lon="19.14663340"><ele>156.69</ele><time>2025-10-20T13:28:12.998Z</time></trkpt><trkpt lat="47.60876770" lon="19.14662690"><ele>156.65</ele><time>2025-10-20T13:28:13.198Z</time></trkpt><trkpt lat="47.60876080" lon="19.14662120"><ele>156.62</ele><time>2025-10-20T13:28:13.381Z</time></trkpt><trkpt lat="47.60875330" lon="19.14661520"><ele>156.59</ele><time>2025-10-20T13:28:13.582Z</time></trkpt><trkpt lat="47.60874570" lon="19.14660960"><ele>156.54</ele><time>2025-10-20T13:28:13.783Z</time></trkpt><trkpt lat="47.60873800" lon="19.14660440"><ele>156.51</ele><time>2025-10-20T13:28:13.983Z</time></trkpt><trkpt lat="47.60872930" lon="19.14659900"><ele>156.48</ele><time>2025-10-20T13:28:14.208Z</time></trkpt><trkpt lat="47.60872180" lon="19.14659480"><ele>156.46</ele><time>2025-10-20T13:28:14.394Z</time></trkpt><trkpt lat="47.60871450" lon="19.14659130"><ele>156.43</ele><time>2025-10-20T13:28:14.574Z</time></trkpt><trkpt lat="47.60870550" lon="19.14658730"><ele>156.42</ele><time>2025-10-20T13:28:14.795Z</time></trkpt><trkpt lat="47.60869720" lon="19.14658400"><ele>156.40</ele><time>2025-10-20T13:28:14.996Z</time></trkpt><trkpt lat="47.60868880" lon="19.14658130"><ele>156.37</ele><time>2025-10-20T13:28:15.199Z</time></trkpt><trkpt lat="47.60868020" lon="19.14657890"><ele>156.37</ele><time>2025-10-20T13:28:15.405Z</time></trkpt><trkpt lat="47.60867170" lon="19.14657700"><ele>156.35</ele><time>2025-10-20T13:28:15.608Z</time></trkpt><trkpt lat="47.60866320" lon="19.14657550"><ele>156.32</ele><time>2025-10-20T13:28:15.808Z</time></trkpt><trkpt lat="47.60865470" lon="19.14657430"><ele>156.29</ele><time>2025-10-20T13:28:16.010Z</time></trkpt><trkpt lat="47.60864620" lon="19.14657350"><ele>156.25</ele><time>2025-10-20T13:28:16.212Z</time></trkpt><trkpt lat="47.60863850" lon="19.14657310"><ele>156.23</ele><time>2025-10-20T13:28:16.393Z</time></trkpt><trkpt lat="47.60863010" lon="19.14657290"><ele>156.19</ele><time>2025-10-20T13:28:16.593Z</time></trkpt><trkpt lat="47.60862170" lon="19.14657280"><ele>156.14</ele><time>2025-10-20T13:28:16.794Z</time></trkpt><trkpt lat="47.60861330" lon="19.14657300"><ele>156.07</ele><time>2025-10-20T13:28:16.998Z</time></trkpt><trkpt lat="47.60860510" lon="19.14657350"><ele>156.00</ele><time>2025-10-20T13:28:17.201Z</time></trkpt><trkpt lat="47.60859680" lon="19.14657430"><ele>155.95</ele><time>2025-10-20T13:28:17.406Z</time></trkpt><trkpt lat="47.60858870" lon="19.14657540"><ele>155.92</ele><time>2025-10-20T13:28:17.609Z</time></trkpt><trkpt lat="47.60858060" lon="19.14657690"><ele>155.90</ele><time>2025-10-20T13:28:17.810Z</time></trkpt><trkpt lat="47.60857250" lon="19.14657880"><ele>155.91</ele><time>2025-10-20T13:28:18.010Z</time></trkpt><trkpt lat="47.60856460" lon="19.14658120"><ele>155.91</ele><time>2025-10-20T13:28:18.210Z</time></trkpt><trkpt lat="47.60855650" lon="19.14658390"><ele>155.92</ele><time>2025-10-20T13:28:18.412Z</time></trkpt><trkpt lat="47.60854840" lon="19.14658700"><ele>155.93</ele><time>2025-10-20T13:28:18.612Z</time></trkpt><trkpt lat="47.60854110" lon="19.14659010"><ele>155.92</ele><time>2025-10-20T13:28:18.793Z</time></trkpt><trkpt lat="47.60853280" lon="19.14659390"><ele>155.90</ele><time>2025-10-20T13:28:18.994Z</time></trkpt><trkpt lat="47.60852470" lon="19.14659810"><ele>155.89</ele><time>2025-10-20T13:28:19.195Z</time></trkpt><trkpt lat="47.60851680" lon="19.14660270"><ele>155.88</ele><time>2025-10-20T13:28:19.397Z</time></trkpt><trkpt lat="47.60850900" lon="19.14660770"><ele>155.87</ele><time>2025-10-20T13:28:19.598Z</time></trkpt><trkpt lat="47.60850160" lon="19.14661300"><ele>155.89</ele><time>2025-10-20T13:28:19.799Z</time></trkpt><trkpt lat="47.60849430" lon="19.14661860"><ele>155.88</ele><time>2025-10-20T13:28:19.999Z</time></trkpt><trkpt lat="47.60848690" lon="19.14662450"><ele>155.88</ele><time>2025-10-20T13:28:20.200Z</time></trkpt><trkpt lat="47.60847980" lon="19.14663060"><ele>155.89</ele><time>2025-10-20T13:28:20.401Z</time></trkpt><trkpt lat="47.60847300" lon="19.14663700"><ele>155.92</ele><time>2025-10-20T13:28:20.602Z</time></trkpt><trkpt lat="47.60846630" lon="19.14664350"><ele>155.91</ele><time>2025-10-20T13:28:20.805Z</time></trkpt><trkpt lat="47.60846040" lon="19.14664960"><ele>155.86</ele><time>2025-10-20T13:28:20.985Z</time></trkpt><trkpt lat="47.60845350" lon="19.14665720"><ele>155.81</ele><time>2025-10-20T13:28:21.206Z</time></trkpt><trkpt lat="47.60844730" lon="19.14666460"><ele>155.82</ele><time>2025-10-20T13:28:21.407Z</time></trkpt><trkpt lat="47.60844130" lon="19.14667210"><ele>155.81</ele><time>2025-10-20T13:28:21.607Z</time></trkpt><trkpt lat="47.60843550" lon="19.14668000"><ele>155.81</ele><time>2025-10-20T13:28:21.808Z</time></trkpt><trkpt lat="47.60842970" lon="19.14668820"><ele>155.82</ele><time>2025-10-20T13:28:22.008Z</time></trkpt><trkpt lat="47.60842450" lon="19.14669610"><ele>155.80</ele><time>2025-10-20T13:28:22.195Z</time></trkpt><trkpt lat="47.60841900" lon="19.14670500"><ele>155.79</ele><time>2025-10-20T13:28:22.396Z</time></trkpt><trkpt lat="47.60841320" lon="19.14671550"><ele>155.79</ele><time>2025-10-20T13:28:22.624Z</time></trkpt><trkpt lat="47.60840870" lon="19.14672410"><ele>155.78</ele><time>2025-10-20T13:28:22.805Z</time></trkpt><trkpt lat="47.60840470" lon="19.14673200"><ele>155.79</ele><time>2025-10-20T13:28:22.966Z</time></trkpt><trkpt lat="47.60839900" lon="19.14674430"><ele>155.82</ele><time>2025-10-20T13:28:23.208Z</time></trkpt><trkpt lat="47.60839380" lon="19.14675550"><ele>155.86</ele><time>2025-10-20T13:28:23.423Z</time></trkpt><trkpt lat="47.60838970" lon="19.14676530"><ele>155.86</ele><time>2025-10-20T13:28:23.605Z</time></trkpt><trkpt lat="47.60838570" lon="19.14677510"><ele>155.84</ele><time>2025-10-20T13:28:23.787Z</time></trkpt><trkpt lat="47.60838160" lon="19.14678640"><ele>155.85</ele><time>2025-10-20T13:28:23.988Z</time></trkpt><trkpt lat="47.60837770" lon="19.14679790"><ele>155.86</ele><time>2025-10-20T13:28:24.192Z</time></trkpt><trkpt lat="47.60837410" lon="19.14680980"><ele>155.85</ele><time>2025-10-20T13:28:24.400Z</time></trkpt><trkpt lat="47.60837080" lon="19.14682150"><ele>155.84</ele><time>2025-10-20T13:28:24.601Z</time></trkpt><trkpt lat="47.60836780" lon="19.14683350"><ele>155.83</ele><time>2025-10-20T13:28:24.803Z</time></trkpt><trkpt lat="47.60836500" lon="19.14684570"><ele>155.85</ele><time>2025-10-20T13:28:25.006Z</time></trkpt><trkpt lat="47.60836270" lon="19.14685720"><ele>155.87</ele><time>2025-10-20T13:28:25.198Z</time></trkpt><trkpt lat="47.60836060" lon="19.14686960"><ele>155.90</ele><time>2025-10-20T13:28:25.410Z</time></trkpt><trkpt lat="47.60835890" lon="19.14688120"><ele>155.93</ele><time>2025-10-20T13:28:25.611Z</time></trkpt><trkpt lat="47.60835740" lon="19.14689260"><ele>156.00</ele><time>2025-10-20T13:28:25.811Z</time></trkpt><trkpt lat="47.60835600" lon="19.14690390"><ele>156.02</ele><time>2025-10-20T13:28:26.011Z</time></trkpt><trkpt lat="47.60835480" lon="19.14691430"><ele>156.05</ele><time>2025-10-20T13:28:26.193Z</time></trkpt><trkpt lat="47.60835370" lon="19.14692600"><ele>156.12</ele><time>2025-10-20T13:28:26.397Z</time></trkpt><trkpt lat="47.60835280" lon="19.14693740"><ele>156.19</ele><time>2025-10-20T13:28:26.598Z</time></trkpt><trkpt lat="47.60835220" lon="19.14694900"><ele>156.25</ele><time>2025-10-20T13:28:26.799Z</time></trkpt><trkpt lat="47.60835170" lon="19.14696050"><ele>156.28</ele><time>2025-10-20T13:28:27.000Z</time></trkpt><trkpt lat="47.60835150" lon="19.14697250"><ele>156.31</ele><time>2025-10-20T13:28:27.205Z</time></trkpt><trkpt lat="47.60835160" lon="19.14698430"><ele>156.36</ele><time>2025-10-20T13:28:27.407Z</time></trkpt><trkpt lat="47.60835190" lon="19.14699610"><ele>156.41</ele><time>2025-10-20T13:28:27.608Z</time></trkpt><trkpt lat="47.60835240" lon="19.14700790"><ele>156.45</ele><time>2025-10-20T13:28:27.809Z</time></trkpt><trkpt lat="47.60835320" lon="19.14701970"><ele>156.47</ele><time>2025-10-20T13:28:28.011Z</time></trkpt><trkpt lat="47.60835420" lon="19.14703140"><ele>156.51</ele><time>2025-10-20T13:28:28.214Z</time></trkpt><trkpt lat="47.60835560" lon="19.14704330"><ele>156.53</ele><time>2025-10-20T13:28:28.416Z</time></trkpt><trkpt lat="47.60835710" lon="19.14705400"><ele>156.56</ele><time>2025-10-20T13:28:28.598Z</time></trkpt><trkpt lat="47.60835910" lon="19.14706680"><ele>156.61</ele><time>2025-10-20T13:28:28.820Z</time></trkpt><trkpt lat="47.60836090" lon="19.14707780"><ele>156.64</ele><time>2025-10-20T13:28:29.011Z</time></trkpt><trkpt lat="47.60836330" lon="19.14709000"><ele>156.68</ele><time>2025-10-20T13:28:29.223Z</time></trkpt><trkpt lat="47.60836560" lon="19.14710090"><ele>156.71</ele><time>2025-10-20T13:28:29.415Z</time></trkpt><trkpt lat="47.60836810" lon="19.14711210"><ele>156.74</ele><time>2025-10-20T13:28:29.615Z</time></trkpt><trkpt lat="47.60837050" lon="19.14712210"><ele>156.75</ele><time>2025-10-20T13:28:29.796Z</time></trkpt><trkpt lat="47.60837360" lon="19.14713440"><ele>156.74</ele><time>2025-10-20T13:28:30.020Z</time></trkpt><trkpt lat="47.60837600" lon="19.14714330"><ele>156.75</ele><time>2025-10-20T13:28:30.180Z</time></trkpt><trkpt lat="47.60837960" lon="19.14715590"><ele>156.80</ele><time>2025-10-20T13:28:30.406Z</time></trkpt><trkpt lat="47.60838310" lon="19.14716700"><ele>156.83</ele><time>2025-10-20T13:28:30.607Z</time></trkpt><trkpt lat="47.60838660" lon="19.14717720"><ele>156.85</ele><time>2025-10-20T13:28:30.790Z</time></trkpt><trkpt lat="47.60839060" lon="19.14718810"><ele>156.89</ele><time>2025-10-20T13:28:30.991Z</time></trkpt><trkpt lat="47.60839540" lon="19.14720030"><ele>156.93</ele><time>2025-10-20T13:28:31.213Z</time></trkpt><trkpt lat="47.60839920" lon="19.14720920"><ele>156.95</ele><time>2025-10-20T13:28:31.377Z</time></trkpt><trkpt lat="47.60840450" lon="19.14722120"><ele>156.97</ele><time>2025-10-20T13:28:31.597Z</time></trkpt><trkpt lat="47.60840970" lon="19.14723210"><ele>156.98</ele><time>2025-10-20T13:28:31.800Z</time></trkpt><trkpt lat="47.60841550" lon="19.14724370"><ele>156.99</ele><time>2025-10-20T13:28:32.022Z</time></trkpt><trkpt lat="47.60842050" lon="19.14725300"><ele>157.01</ele><time>2025-10-20T13:28:32.203Z</time></trkpt><trkpt lat="47.60842650" lon="19.14726350"><ele>157.06</ele><time>2025-10-20T13:28:32.415Z</time></trkpt><trkpt lat="47.60843230" lon="19.14727320"><ele>157.09</ele><time>2025-10-20T13:28:32.618Z</time></trkpt><trkpt lat="47.60843830" lon="19.14728260"><ele>157.08</ele><time>2025-10-20T13:28:32.823Z</time></trkpt><trkpt lat="47.60844410" lon="19.14729140"><ele>157.05</ele><time>2025-10-20T13:28:33.025Z</time></trkpt><trkpt lat="47.60845020" lon="19.14730000"><ele>157.02</ele><time>2025-10-20T13:28:33.230Z</time></trkpt><trkpt lat="47.60845660" lon="19.14730810"><ele>157.00</ele><time>2025-10-20T13:28:33.434Z</time></trkpt><trkpt lat="47.60846330" lon="19.14731570"><ele>157.00</ele><time>2025-10-20T13:28:33.635Z</time></trkpt><trkpt lat="47.60847030" lon="19.14732290"><ele>156.97</ele><time>2025-10-20T13:28:33.836Z</time></trkpt><trkpt lat="47.60847770" lon="19.14732980"><ele>156.95</ele><time>2025-10-20T13:28:34.039Z</time></trkpt><trkpt lat="47.60848520" lon="19.14733620"><ele>156.96</ele><time>2025-10-20T13:28:34.244Z</time></trkpt><trkpt lat="47.60849270" lon="19.14734200"><ele>156.96</ele><time>2025-10-20T13:28:34.444Z</time></trkpt><trkpt lat="47.60850050" lon="19.14734750"><ele>156.95</ele><time>2025-10-20T13:28:34.651Z</time></trkpt><trkpt lat="47.60850810" lon="19.14735220"><ele>156.94</ele><time>2025-10-20T13:28:34.852Z</time></trkpt><trkpt lat="47.60851580" lon="19.14735660"><ele>156.92</ele><time>2025-10-20T13:28:35.053Z</time></trkpt><trkpt lat="47.60852380" lon="19.14736050"><ele>156.93</ele><time>2025-10-20T13:28:35.255Z</time></trkpt><trkpt lat="47.60853120" lon="19.14736380"><ele>156.93</ele><time>2025-10-20T13:28:35.439Z</time></trkpt><trkpt lat="47.60853940" lon="19.14736710"><ele>156.92</ele><time>2025-10-20T13:28:35.640Z</time></trkpt><trkpt lat="47.60854840" lon="19.14737030"><ele>156.91</ele><time>2025-10-20T13:28:35.861Z</time></trkpt><trkpt lat="47.60855580" lon="19.14737260"><ele>156.90</ele><time>2025-10-20T13:28:36.040Z</time></trkpt><trkpt lat="47.60856440" lon="19.14737500"><ele>156.90</ele><time>2025-10-20T13:28:36.248Z</time></trkpt><trkpt lat="47.60857310" lon="19.14737700"><ele>156.88</ele><time>2025-10-20T13:28:36.454Z</time></trkpt><trkpt lat="47.60858150" lon="19.14737870"><ele>156.85</ele><time>2025-10-20T13:28:36.656Z</time></trkpt><trkpt lat="47.60858990" lon="19.14738010"><ele>156.82</ele><time>2025-10-20T13:28:36.858Z</time></trkpt><trkpt lat="47.60859830" lon="19.14738100"><ele>156.78</ele><time>2025-10-20T13:28:37.058Z</time></trkpt><trkpt lat="47.60860670" lon="19.14738160"><ele>156.75</ele><time>2025-10-20T13:28:37.258Z</time></trkpt><trkpt lat="47.60861340" lon="19.14738190"><ele>156.72</ele><time>2025-10-20T13:28:37.420Z</time></trkpt><trkpt lat="47.60862190" lon="19.14738190"><ele>156.69</ele><time>2025-10-20T13:28:37.621Z</time></trkpt><trkpt lat="47.60863020" lon="19.14738160"><ele>156.67</ele><time>2025-10-20T13:28:37.821Z</time></trkpt><trkpt lat="47.60863870" lon="19.14738120"><ele>156.65</ele><time>2025-10-20T13:28:38.023Z</time></trkpt><trkpt lat="47.60864710" lon="19.14738060"><ele>156.62</ele><time>2025-10-20T13:28:38.224Z</time></trkpt><trkpt lat="47.60865680" lon="19.14737950"><ele>156.58</ele><time>2025-10-20T13:28:38.455Z</time></trkpt><trkpt lat="47.60866520" lon="19.14737810"><ele>156.57</ele><time>2025-10-20T13:28:38.655Z</time></trkpt><trkpt lat="47.60867360" lon="19.14737640"><ele>156.56</ele><time>2025-10-20T13:28:38.856Z</time></trkpt><trkpt lat="47.60868190" lon="19.14737450"><ele>156.56</ele><time>2025-10-20T13:28:39.057Z</time></trkpt><trkpt lat="47.60869020" lon="19.14737220"><ele>156.54</ele><time>2025-10-20T13:28:39.258Z</time></trkpt><trkpt lat="47.60869840" lon="19.14736960"><ele>156.52</ele><time>2025-10-20T13:28:39.460Z</time></trkpt><trkpt lat="47.60870660" lon="19.14736660"><ele>156.52</ele><time>2025-10-20T13:28:39.660Z</time></trkpt><trkpt lat="47.60871480" lon="19.14736330"><ele>156.52</ele><time>2025-10-20T13:28:39.861Z</time></trkpt><trkpt lat="47.60872210" lon="19.14736000"><ele>156.51</ele><time>2025-10-20T13:28:40.041Z</time></trkpt><trkpt lat="47.60873030" lon="19.14735590"><ele>156.49</ele><time>2025-10-20T13:28:40.247Z</time></trkpt><trkpt lat="47.60873830" lon="19.14735150"><ele>156.48</ele><time>2025-10-20T13:28:40.451Z</time></trkpt><trkpt lat="47.60874610" lon="19.14734670"><ele>156.45</ele><time>2025-10-20T13:28:40.655Z</time></trkpt><trkpt lat="47.60875370" lon="19.14734160"><ele>156.44</ele><time>2025-10-20T13:28:40.858Z</time></trkpt><trkpt lat="47.60876060" lon="19.14733640"><ele>156.44</ele><time>2025-10-20T13:28:41.051Z</time></trkpt><trkpt lat="47.60876720" lon="19.14733120"><ele>156.42</ele><time>2025-10-20T13:28:41.232Z</time></trkpt><trkpt lat="47.60877430" lon="19.14732510"><ele>156.39</ele><time>2025-10-20T13:28:41.434Z</time></trkpt><trkpt lat="47.60878190" lon="19.14731800"><ele>156.36</ele><time>2025-10-20T13:28:41.655Z</time></trkpt><trkpt lat="47.60878790" lon="19.14731190"><ele>156.34</ele><time>2025-10-20T13:28:41.835Z</time></trkpt><trkpt lat="47.60879530" lon="19.14730410"><ele>156.30</ele><time>2025-10-20T13:28:42.058Z</time></trkpt><trkpt lat="47.60880180" lon="19.14729650"><ele>156.29</ele><time>2025-10-20T13:28:42.260Z</time></trkpt><trkpt lat="47.60880750" lon="19.14728940"><ele>156.29</ele><time>2025-10-20T13:28:42.443Z</time></trkpt><trkpt lat="47.60881370" lon="19.14728120"><ele>156.27</ele><time>2025-10-20T13:28:42.645Z</time></trkpt><trkpt lat="47.60881980" lon="19.14727270"><ele>156.26</ele><time>2025-10-20T13:28:42.846Z</time></trkpt><trkpt lat="47.60882630" lon="19.14726300"><ele>156.25</ele><time>2025-10-20T13:28:43.067Z</time></trkpt><trkpt lat="47.60883150" lon="19.14725470"><ele>156.24</ele><time>2025-10-20T13:28:43.249Z</time></trkpt><trkpt lat="47.60883730" lon="19.14724510"><ele>156.24</ele><time>2025-10-20T13:28:43.451Z</time></trkpt><trkpt lat="47.60884330" lon="19.14723450"><ele>156.25</ele><time>2025-10-20T13:28:43.673Z</time></trkpt><trkpt lat="47.60884800" lon="19.14722570"><ele>156.24</ele><time>2025-10-20T13:28:43.855Z</time></trkpt><trkpt lat="47.60885300" lon="19.14721560"><ele>156.24</ele><time>2025-10-20T13:28:44.058Z</time></trkpt><trkpt lat="47.60885780" lon="19.14720540"><ele>156.24</ele><time>2025-10-20T13:28:44.264Z</time></trkpt><trkpt lat="47.60886250" lon="19.14719490"><ele>156.24</ele><time>2025-10-20T13:28:44.472Z</time></trkpt><trkpt lat="47.60886680" lon="19.14718450"><ele>156.25</ele><time>2025-10-20T13:28:44.674Z</time></trkpt><trkpt lat="47.60887010" lon="19.14717610"><ele>156.26</ele><time>2025-10-20T13:28:44.834Z</time></trkpt><trkpt lat="47.60887460" lon="19.14716400"><ele>156.27</ele><time>2025-10-20T13:28:45.060Z</time></trkpt><trkpt lat="47.60887880" lon="19.14715160"><ele>156.28</ele><time>2025-10-20T13:28:45.285Z</time></trkpt><trkpt lat="47.60888230" lon="19.14714030"><ele>156.29</ele><time>2025-10-20T13:28:45.488Z</time></trkpt><trkpt lat="47.60888560" lon="19.14712890"><ele>156.30</ele><time>2025-10-20T13:28:45.690Z</time></trkpt><trkpt lat="47.60888870" lon="19.14711750"><ele>156.31</ele><time>2025-10-20T13:28:45.890Z</time></trkpt><trkpt lat="47.60889160" lon="19.14710580"><ele>156.32</ele><time>2025-10-20T13:28:46.092Z</time></trkpt><trkpt lat="47.60889400" lon="19.14709490"><ele>156.35</ele><time>2025-10-20T13:28:46.278Z</time></trkpt><trkpt lat="47.60889640" lon="19.14708310"><ele>156.36</ele><time>2025-10-20T13:28:46.478Z</time></trkpt><trkpt lat="47.60889830" lon="19.14707250"><ele>156.37</ele><time>2025-10-20T13:28:46.658Z</time></trkpt><trkpt lat="47.60890060" lon="19.14705940"><ele>156.39</ele><time>2025-10-20T13:28:46.883Z</time></trkpt><trkpt lat="47.60890240" lon="19.14704750"><ele>156.40</ele><time>2025-10-20T13:28:47.085Z</time></trkpt><trkpt lat="47.60890390" lon="19.14703560"><ele>156.40</ele><time>2025-10-20T13:28:47.288Z</time></trkpt><trkpt lat="47.60890520" lon="19.14702390"><ele>156.43</ele><time>2025-10-20T13:28:47.489Z</time></trkpt><trkpt lat="47.60890620" lon="19.14701280"><ele>156.45</ele><time>2025-10-20T13:28:47.679Z</time></trkpt><trkpt lat="47.60890710" lon="19.14700110"><ele>156.46</ele><time>2025-10-20T13:28:47.881Z</time></trkpt><trkpt lat="47.60890780" lon="19.14698860"><ele>156.48</ele><time>2025-10-20T13:28:48.093Z</time></trkpt><trkpt lat="47.60890830" lon="19.14697730"><ele>156.50</ele><time>2025-10-20T13:28:48.285Z</time></trkpt><trkpt lat="47.60890850" lon="19.14696550"><ele>156.49</ele><time>2025-10-20T13:28:48.486Z</time></trkpt><trkpt lat="47.60890840" lon="19.14695360"><ele>156.50</ele><time>2025-10-20T13:28:48.688Z</time></trkpt><trkpt lat="47.60890810" lon="19.14694170"><ele>156.51</ele><time>2025-10-20T13:28:48.890Z</time></trkpt><trkpt lat="47.60890750" lon="19.14692990"><ele>156.52</ele><time>2025-10-20T13:28:49.093Z</time></trkpt><trkpt lat="47.60890670" lon="19.14691800"><ele>156.52</ele><time>2025-10-20T13:28:49.294Z</time></trkpt><trkpt lat="47.60890550" lon="19.14690630"><ele>156.53</ele><time>2025-10-20T13:28:49.496Z</time></trkpt><trkpt lat="47.60890410" lon="19.14689440"><ele>156.55</ele><time>2025-10-20T13:28:49.697Z</time></trkpt><trkpt lat="47.60890240" lon="19.14688230"><ele>156.57</ele><time>2025-10-20T13:28:49.901Z</time></trkpt><trkpt lat="47.60890060" lon="19.14687140"><ele>156.59</ele><time>2025-10-20T13:28:50.083Z</time></trkpt><trkpt lat="47.60889810" lon="19.14685820"><ele>156.61</ele><time>2025-10-20T13:28:50.305Z</time></trkpt><trkpt lat="47.60889580" lon="19.14684730"><ele>156.63</ele><time>2025-10-20T13:28:50.485Z</time></trkpt><trkpt lat="47.60889310" lon="19.14683550"><ele>156.63</ele><time>2025-10-20T13:28:50.686Z</time></trkpt><trkpt lat="47.60889000" lon="19.14682340"><ele>156.66</ele><time>2025-10-20T13:28:50.886Z</time></trkpt><trkpt lat="47.60888660" lon="19.14681140"><ele>156.68</ele><time>2025-10-20T13:28:51.089Z</time></trkpt><trkpt lat="47.60888290" lon="19.14679950"><ele>156.70</ele><time>2025-10-20T13:28:51.291Z</time></trkpt><trkpt lat="47.60887910" lon="19.14678810"><ele>156.73</ele><time>2025-10-20T13:28:51.492Z</time></trkpt><trkpt lat="47.60887490" lon="19.14677670"><ele>156.74</ele><time>2025-10-20T13:28:51.692Z</time></trkpt><trkpt lat="47.60887140" lon="19.14676780"><ele>156.75</ele><time>2025-10-20T13:28:51.853Z</time></trkpt><trkpt lat="47.60886580" lon="19.14675460"><ele>156.77</ele><time>2025-10-20T13:28:52.094Z</time></trkpt><trkpt lat="47.60886100" lon="19.14674390"><ele>156.78</ele><time>2025-10-20T13:28:52.296Z</time></trkpt><trkpt lat="47.60885600" lon="19.14673360"><ele>156.77</ele><time>2025-10-20T13:28:52.496Z</time></trkpt><trkpt lat="47.60885090" lon="19.14672350"><ele>156.77</ele><time>2025-10-20T13:28:52.698Z</time></trkpt><trkpt lat="47.60884560" lon="19.14671370"><ele>156.79</ele><time>2025-10-20T13:28:52.899Z</time></trkpt><trkpt lat="47.60884020" lon="19.14670410"><ele>156.78</ele><time>2025-10-20T13:28:53.101Z</time></trkpt><trkpt lat="47.60883450" lon="19.14669420"><ele>156.75</ele><time>2025-10-20T13:28:53.312Z</time></trkpt><trkpt lat="47.60882890" lon="19.14668520"><ele>156.73</ele><time>2025-10-20T13:28:53.513Z</time></trkpt><trkpt lat="47.60882360" lon="19.14667730"><ele>156.71</ele><time>2025-10-20T13:28:53.695Z</time></trkpt><trkpt lat="47.60881830" lon="19.14666980"><ele>156.69</ele><time>2025-10-20T13:28:53.877Z</time></trkpt><trkpt lat="47.60881140" lon="19.14666090"><ele>156.68</ele><time>2025-10-20T13:28:54.098Z</time></trkpt><trkpt lat="47.60880550" lon="19.14665390"><ele>156.67</ele><time>2025-10-20T13:28:54.281Z</time></trkpt><trkpt lat="47.60879760" lon="19.14664520"><ele>156.64</ele><time>2025-10-20T13:28:54.522Z</time></trkpt><trkpt lat="47.60879140" lon="19.14663880"><ele>156.63</ele><time>2025-10-20T13:28:54.703Z</time></trkpt><trkpt lat="47.60878450" lon="19.14663210"><ele>156.62</ele><time>2025-10-20T13:28:54.905Z</time></trkpt><trkpt lat="47.60877820" lon="19.14662610"><ele>156.59</ele><time>2025-10-20T13:28:55.087Z</time></trkpt><trkpt lat="47.60877090" lon="19.14661970"><ele>156.57</ele><time>2025-10-20T13:28:55.293Z</time></trkpt><trkpt lat="47.60876300" lon="19.14661320"><ele>156.56</ele><time>2025-10-20T13:28:55.515Z</time></trkpt><trkpt lat="47.60875630" lon="19.14660820"><ele>156.55</ele><time>2025-10-20T13:28:55.700Z</time></trkpt><trkpt lat="47.60874890" lon="19.14660340"><ele>156.55</ele><time>2025-10-20T13:28:55.902Z</time></trkpt><trkpt lat="47.60874140" lon="19.14659890"><ele>156.54</ele><time>2025-10-20T13:28:56.103Z</time></trkpt><trkpt lat="47.60873370" lon="19.14659490"><ele>156.55</ele><time>2025-10-20T13:28:56.306Z</time></trkpt><trkpt lat="47.60872570" lon="19.14659120"><ele>156.52</ele><time>2025-10-20T13:28:56.509Z</time></trkpt><trkpt lat="47.60871750" lon="19.14658780"><ele>156.47</ele><time>2025-10-20T13:28:56.713Z</time></trkpt><trkpt lat="47.60870910" lon="19.14658470"><ele>156.46</ele><time>2025-10-20T13:28:56.915Z</time></trkpt><trkpt lat="47.60870220" lon="19.14658240"><ele>156.43</ele><time>2025-10-20T13:28:57.081Z</time></trkpt><trkpt lat="47.60869320" lon="19.14657960"><ele>156.40</ele><time>2025-10-20T13:28:57.296Z</time></trkpt><trkpt lat="47.60868430" lon="19.14657710"><ele>156.35</ele><time>2025-10-20T13:28:57.507Z</time></trkpt><trkpt lat="47.60867580" lon="19.14657510"><ele>156.31</ele><time>2025-10-20T13:28:57.709Z</time></trkpt><trkpt lat="47.60866730" lon="19.14657350"><ele>156.29</ele><time>2025-10-20T13:28:57.909Z</time></trkpt><trkpt lat="47.60865870" lon="19.14657200"><ele>156.26</ele><time>2025-10-20T13:28:58.111Z</time></trkpt><trkpt lat="47.60865030" lon="19.14657080"><ele>156.24</ele><time>2025-10-20T13:28:58.306Z</time></trkpt><trkpt lat="47.60864150" lon="19.14656980"><ele>156.22</ele><time>2025-10-20T13:28:58.515Z</time></trkpt><trkpt lat="47.60863380" lon="19.14656920"><ele>156.20</ele><time>2025-10-20T13:28:58.696Z</time></trkpt><trkpt lat="47.60862440" lon="19.14656890"><ele>156.20</ele><time>2025-10-20T13:28:58.917Z</time></trkpt><trkpt lat="47.60861670" lon="19.14656900"><ele>156.21</ele><time>2025-10-20T13:28:59.102Z</time></trkpt><trkpt lat="47.60860880" lon="19.14656950"><ele>156.23</ele><time>2025-10-20T13:28:59.294Z</time></trkpt><trkpt lat="47.60860060" lon="19.14657050"><ele>156.24</ele><time>2025-10-20T13:28:59.495Z</time></trkpt><trkpt lat="47.60859340" lon="19.14657190"><ele>156.23</ele><time>2025-10-20T13:28:59.676Z</time></trkpt><trkpt lat="47.60858390" lon="19.14657420"><ele>156.20</ele><time>2025-10-20T13:28:59.916Z</time></trkpt><trkpt lat="47.60857610" lon="19.14657670"><ele>156.22</ele><time>2025-10-20T13:29:00.117Z</time></trkpt><trkpt lat="47.60857000" lon="19.14657890"><ele>156.25</ele><time>2025-10-20T13:29:00.280Z</time></trkpt><trkpt lat="47.60856260" lon="19.14658190"><ele>156.26</ele><time>2025-10-20T13:29:00.482Z</time></trkpt><trkpt lat="47.60855600" lon="19.14658490"><ele>156.23</ele><time>2025-10-20T13:29:00.662Z</time></trkpt><trkpt lat="47.60854810" lon="19.14658890"><ele>156.21</ele><time>2025-10-20T13:29:00.882Z</time></trkpt><trkpt lat="47.60854090" lon="19.14659270"><ele>156.21</ele><time>2025-10-20T13:29:01.083Z</time></trkpt><trkpt lat="47.60853360" lon="19.14659680"><ele>156.23</ele><time>2025-10-20T13:29:01.289Z</time></trkpt><trkpt lat="47.60852630" lon="19.14660140"><ele>156.25</ele><time>2025-10-20T13:29:01.492Z</time></trkpt><trkpt lat="47.60851920" lon="19.14660630"><ele>156.28</ele><time>2025-10-20T13:29:01.695Z</time></trkpt><trkpt lat="47.60851210" lon="19.14661170"><ele>156.30</ele><time>2025-10-20T13:29:01.897Z</time></trkpt><trkpt lat="47.60850510" lon="19.14661740"><ele>156.32</ele><time>2025-10-20T13:29:02.101Z</time></trkpt><trkpt lat="47.60849860" lon="19.14662290"><ele>156.36</ele><time>2025-10-20T13:29:02.286Z</time></trkpt><trkpt lat="47.60849090" lon="19.14662980"><ele>156.40</ele><time>2025-10-20T13:29:02.509Z</time></trkpt><trkpt lat="47.60848400" lon="19.14663630"><ele>156.43</ele><time>2025-10-20T13:29:02.710Z</time></trkpt><trkpt lat="47.60847720" lon="19.14664290"><ele>156.50</ele><time>2025-10-20T13:29:02.913Z</time></trkpt><trkpt lat="47.60847120" lon="19.14664900"><ele>156.53</ele><time>2025-10-20T13:29:03.094Z</time></trkpt><trkpt lat="47.60846400" lon="19.14665690"><ele>156.60</ele><time>2025-10-20T13:29:03.317Z</time></trkpt><trkpt lat="47.60845750" lon="19.14666420"><ele>156.66</ele><time>2025-10-20T13:29:03.517Z</time></trkpt><trkpt lat="47.60845110" lon="19.14667180"><ele>156.69</ele><time>2025-10-20T13:29:03.718Z</time></trkpt><trkpt lat="47.60844490" lon="19.14667980"><ele>156.75</ele><time>2025-10-20T13:29:03.919Z</time></trkpt><trkpt lat="47.60843880" lon="19.14668790"><ele>156.81</ele><time>2025-10-20T13:29:04.120Z</time></trkpt><trkpt lat="47.60843340" lon="19.14669560"><ele>156.86</ele><time>2025-10-20T13:29:04.305Z</time></trkpt><trkpt lat="47.60842680" lon="19.14670490"><ele>156.92</ele><time>2025-10-20T13:29:04.526Z</time></trkpt><trkpt lat="47.60842160" lon="19.14671280"><ele>157.00</ele><time>2025-10-20T13:29:04.708Z</time></trkpt><trkpt lat="47.60841650" lon="19.14672090"><ele>157.03</ele><time>2025-10-20T13:29:04.890Z</time></trkpt><trkpt lat="47.60841050" lon="19.14673090"><ele>157.04</ele><time>2025-10-20T13:29:05.110Z</time></trkpt><trkpt lat="47.60840520" lon="19.14674030"><ele>157.04</ele><time>2025-10-20T13:29:05.311Z</time></trkpt><trkpt lat="47.60840020" lon="19.14674990"><ele>157.08</ele><time>2025-10-20T13:29:05.512Z</time></trkpt><trkpt lat="47.60839540" lon="19.14675980"><ele>157.09</ele><time>2025-10-20T13:29:05.713Z</time></trkpt><trkpt lat="47.60839090" lon="19.14676970"><ele>157.05</ele><time>2025-10-20T13:29:05.914Z</time></trkpt><trkpt lat="47.60838660" lon="19.14677990"><ele>157.02</ele><time>2025-10-20T13:29:06.115Z</time></trkpt><trkpt lat="47.60838260" lon="19.14679030"><ele>156.98</ele><time>2025-10-20T13:29:06.318Z</time></trkpt><trkpt lat="47.60837920" lon="19.14679960"><ele>156.95</ele><time>2025-10-20T13:29:06.499Z</time></trkpt><trkpt lat="47.60837540" lon="19.14681040"><ele>156.93</ele><time>2025-10-20T13:29:06.706Z</time></trkpt><trkpt lat="47.60837200" lon="19.14682100"><ele>156.90</ele><time>2025-10-20T13:29:06.907Z</time></trkpt><trkpt lat="47.60836890" lon="19.14683200"><ele>156.86</ele><time>2025-10-20T13:29:07.110Z</time></trkpt><trkpt lat="47.60836610" lon="19.14684310"><ele>156.84</ele><time>2025-10-20T13:29:07.313Z</time></trkpt><trkpt lat="47.60836350" lon="19.14685400"><ele>156.82</ele><time>2025-10-20T13:29:07.514Z</time></trkpt><trkpt lat="47.60836120" lon="19.14686490"><ele>156.80</ele><time>2025-10-20T13:29:07.718Z</time></trkpt><trkpt lat="47.60835920" lon="19.14687630"><ele>156.75</ele><time>2025-10-20T13:29:07.925Z</time></trkpt><trkpt lat="47.60835760" lon="19.14688740"><ele>156.71</ele><time>2025-10-20T13:29:08.127Z</time></trkpt><trkpt lat="47.60835620" lon="19.14689820"><ele>156.64</ele><time>2025-10-20T13:29:08.322Z</time></trkpt><trkpt lat="47.60835490" lon="19.14690960"><ele>156.59</ele><time>2025-10-20T13:29:08.524Z</time></trkpt><trkpt lat="47.60835370" lon="19.14692100"><ele>156.54</ele><time>2025-10-20T13:29:08.729Z</time></trkpt><trkpt lat="47.60835280" lon="19.14693120"><ele>156.48</ele><time>2025-10-20T13:29:08.911Z</time></trkpt><trkpt lat="47.60835210" lon="19.14694400"><ele>156.40</ele><time>2025-10-20T13:29:09.132Z</time></trkpt><trkpt lat="47.60835200" lon="19.14695520"><ele>156.35</ele><time>2025-10-20T13:29:09.326Z</time></trkpt><trkpt lat="47.60835210" lon="19.14696550"><ele>156.29</ele><time>2025-10-20T13:29:09.508Z</time></trkpt><trkpt lat="47.60835250" lon="19.14697820"><ele>156.27</ele><time>2025-10-20T13:29:09.729Z</time></trkpt><trkpt lat="47.60835300" lon="19.14698990"><ele>156.21</ele><time>2025-10-20T13:29:09.930Z</time></trkpt><trkpt lat="47.60835370" lon="19.14700160"><ele>156.11</ele><time>2025-10-20T13:29:10.131Z</time></trkpt><trkpt lat="47.60835460" lon="19.14701250"><ele>156.07</ele><time>2025-10-20T13:29:10.317Z</time></trkpt><trkpt lat="47.60835590" lon="19.14702430"><ele>156.02</ele><time>2025-10-20T13:29:10.519Z</time></trkpt><trkpt lat="47.60835740" lon="19.14703660"><ele>155.95</ele><time>2025-10-20T13:29:10.724Z</time></trkpt><trkpt lat="47.60835890" lon="19.14704860"><ele>155.88</ele><time>2025-10-20T13:29:10.924Z</time></trkpt><trkpt lat="47.60836050" lon="19.14705950"><ele>155.83</ele><time>2025-10-20T13:29:11.107Z</time></trkpt><trkpt lat="47.60836270" lon="19.14707280"><ele>155.76</ele><time>2025-10-20T13:29:11.329Z</time></trkpt><trkpt lat="47.60836500" lon="19.14708470"><ele>155.68</ele><time>2025-10-20T13:29:11.530Z</time></trkpt><trkpt lat="47.60836760" lon="19.14709640"><ele>155.62</ele><time>2025-10-20T13:29:11.732Z</time></trkpt><trkpt lat="47.60837030" lon="19.14710800"><ele>155.58</ele><time>2025-10-20T13:29:11.932Z</time></trkpt><trkpt lat="47.60837330" lon="19.14711960"><ele>155.55</ele><time>2025-10-20T13:29:12.134Z</time></trkpt><trkpt lat="47.60837630" lon="19.14713000"><ele>155.55</ele><time>2025-10-20T13:29:12.317Z</time></trkpt><trkpt lat="47.60837910" lon="19.14714000"><ele>155.50</ele><time>2025-10-20T13:29:12.498Z</time></trkpt><trkpt lat="47.60838290" lon="19.14715220"><ele>155.47</ele><time>2025-10-20T13:29:12.720Z</time></trkpt><trkpt lat="47.60838670" lon="19.14716300"><ele>155.47</ele><time>2025-10-20T13:29:12.920Z</time></trkpt><trkpt lat="47.60839070" lon="19.14717380"><ele>155.41</ele><time>2025-10-20T13:29:13.122Z</time></trkpt><trkpt lat="47.60839530" lon="19.14718490"><ele>155.41</ele><time>2025-10-20T13:29:13.333Z</time></trkpt><trkpt lat="47.60839970" lon="19.14719520"><ele>155.40</ele><time>2025-10-20T13:29:13.535Z</time></trkpt><trkpt lat="47.60840430" lon="19.14720540"><ele>155.39</ele><time>2025-10-20T13:29:13.738Z</time></trkpt><trkpt lat="47.60840900" lon="19.14721540"><ele>155.36</ele><time>2025-10-20T13:29:13.939Z</time></trkpt><trkpt lat="47.60841400" lon="19.14722540"><ele>155.37</ele><time>2025-10-20T13:29:14.142Z</time></trkpt><trkpt lat="47.60841810" lon="19.14723320"><ele>155.38</ele><time>2025-10-20T13:29:14.306Z</time></trkpt><trkpt lat="47.60842380" lon="19.14724380"><ele>155.37</ele><time>2025-10-20T13:29:14.527Z</time></trkpt><trkpt lat="47.60842900" lon="19.14725330"><ele>155.35</ele><time>2025-10-20T13:29:14.728Z</time></trkpt><trkpt lat="47.60843450" lon="19.14726250"><ele>155.35</ele><time>2025-10-20T13:29:14.929Z</time></trkpt><trkpt lat="47.60844000" lon="19.14727150"><ele>155.35</ele><time>2025-10-20T13:29:15.131Z</time></trkpt><trkpt lat="47.60844590" lon="19.14728020"><ele>155.36</ele><time>2025-10-20T13:29:15.333Z</time></trkpt><trkpt lat="47.60845200" lon="19.14728860"><ele>155.40</ele><time>2025-10-20T13:29:15.535Z</time></trkpt><trkpt lat="47.60845750" lon="19.14729590"><ele>155.43</ele><time>2025-10-20T13:29:15.717Z</time></trkpt><trkpt lat="47.60846450" lon="19.14730450"><ele>155.44</ele><time>2025-10-20T13:29:15.939Z</time></trkpt><trkpt lat="47.60847100" lon="19.14731200"><ele>155.46</ele><time>2025-10-20T13:29:16.141Z</time></trkpt><trkpt lat="47.60847770" lon="19.14731910"><ele>155.47</ele><time>2025-10-20T13:29:16.344Z</time></trkpt><trkpt lat="47.60848390" lon="19.14732500"><ele>155.51</ele><time>2025-10-20T13:29:16.526Z</time></trkpt><trkpt lat="47.60849110" lon="19.14733140"><ele>155.53</ele><time>2025-10-20T13:29:16.728Z</time></trkpt><trkpt lat="47.60849840" lon="19.14733720"><ele>155.54</ele><time>2025-10-20T13:29:16.929Z</time></trkpt><trkpt lat="47.60850570" lon="19.14734250"><ele>155.57</ele><time>2025-10-20T13:29:17.130Z</time></trkpt><trkpt lat="47.60851350" lon="19.14734770"><ele>155.60</ele><time>2025-10-20T13:29:17.335Z</time></trkpt><trkpt lat="47.60852110" lon="19.14735230"><ele>155.64</ele><time>2025-10-20T13:29:17.535Z</time></trkpt><trkpt lat="47.60852880" lon="19.14735670"><ele>155.67</ele><time>2025-10-20T13:29:17.736Z</time></trkpt><trkpt lat="47.60853660" lon="19.14736070"><ele>155.71</ele><time>2025-10-20T13:29:17.937Z</time></trkpt><trkpt lat="47.60854280" lon="19.14736360"><ele>155.72</ele><time>2025-10-20T13:29:18.097Z</time></trkpt><trkpt lat="47.60855240" lon="19.14736770"><ele>155.75</ele><time>2025-10-20T13:29:18.339Z</time></trkpt><trkpt lat="47.60856050" lon="19.14737060"><ele>155.76</ele><time>2025-10-20T13:29:18.540Z</time></trkpt><trkpt lat="47.60856870" lon="19.14737310"><ele>155.76</ele><time>2025-10-20T13:29:18.742Z</time></trkpt><trkpt lat="47.60857710" lon="19.14737520"><ele>155.79</ele><time>2025-10-20T13:29:18.942Z</time></trkpt><trkpt lat="47.60858540" lon="19.14737700"><ele>155.82</ele><time>2025-10-20T13:29:19.144Z</time></trkpt><trkpt lat="47.60859400" lon="19.14737850"><ele>155.83</ele><time>2025-10-20T13:29:19.346Z</time></trkpt><trkpt lat="47.60860160" lon="19.14737960"><ele>155.85</ele><time>2025-10-20T13:29:19.527Z</time></trkpt><trkpt lat="47.60861020" lon="19.14738060"><ele>155.87</ele><time>2025-10-20T13:29:19.729Z</time></trkpt><trkpt lat="47.60861750" lon="19.14738110"><ele>155.90</ele><time>2025-10-20T13:29:19.910Z</time></trkpt><trkpt lat="47.60862590" lon="19.14738130"><ele>155.96</ele><time>2025-10-20T13:29:20.111Z</time></trkpt><trkpt lat="47.60863550" lon="19.14738110"><ele>156.03</ele><time>2025-10-20T13:29:20.343Z</time></trkpt><trkpt lat="47.60864280" lon="19.14738080"><ele>156.05</ele><time>2025-10-20T13:29:20.526Z</time></trkpt><trkpt lat="47.60865160" lon="19.14738020"><ele>156.06</ele><time>2025-10-20T13:29:20.747Z</time></trkpt><trkpt lat="47.60865880" lon="19.14737940"><ele>156.11</ele><time>2025-10-20T13:29:20.927Z</time></trkpt><trkpt lat="47.60866670" lon="19.14737800"><ele>156.17</ele><time>2025-10-20T13:29:21.127Z</time></trkpt><trkpt lat="47.60867450" lon="19.14737640"><ele>156.21</ele><time>2025-10-20T13:29:21.329Z</time></trkpt><trkpt lat="47.60868220" lon="19.14737450"><ele>156.27</ele><time>2025-10-20T13:29:21.530Z</time></trkpt><trkpt lat="47.60869000" lon="19.14737230"><ele>156.31</ele><time>2025-10-20T13:29:21.731Z</time></trkpt><trkpt lat="47.60869810" lon="19.14736950"><ele>156.33</ele><time>2025-10-20T13:29:21.932Z</time></trkpt><trkpt lat="47.60870630" lon="19.14736610"><ele>156.36</ele><time>2025-10-20T13:29:22.135Z</time></trkpt><trkpt lat="47.60871580" lon="19.14736180"><ele>156.38</ele><time>2025-10-20T13:29:22.365Z</time></trkpt><trkpt lat="47.60872380" lon="19.14735780"><ele>156.39</ele><time>2025-10-20T13:29:22.566Z</time></trkpt><trkpt lat="47.60873200" lon="19.14735330"><ele>156.41</ele><time>2025-10-20T13:29:22.768Z</time></trkpt><trkpt lat="47.60873930" lon="19.14734910"><ele>156.43</ele><time>2025-10-20T13:29:22.949Z</time></trkpt><trkpt lat="47.60874810" lon="19.14734340"><ele>156.46</ele><time>2025-10-20T13:29:23.170Z</time></trkpt><trkpt lat="47.60875510" lon="19.14733850"><ele>156.49</ele><time>2025-10-20T13:29:23.353Z</time></trkpt><trkpt lat="47.60876360" lon="19.14733220"><ele>156.52</ele><time>2025-10-20T13:29:23.575Z</time></trkpt><trkpt lat="47.60877030" lon="19.14732660"><ele>156.55</ele><time>2025-10-20T13:29:23.756Z</time></trkpt><trkpt lat="47.60877750" lon="19.14732020"><ele>156.56</ele><time>2025-10-20T13:29:23.958Z</time></trkpt><trkpt lat="47.60878450" lon="19.14731340"><ele>156.58</ele><time>2025-10-20T13:29:24.164Z</time></trkpt><trkpt lat="47.60879130" lon="19.14730620"><ele>156.61</ele><time>2025-10-20T13:29:24.372Z</time></trkpt><trkpt lat="47.60879740" lon="19.14729960"><ele>156.63</ele><time>2025-10-20T13:29:24.573Z</time></trkpt><trkpt lat="47.60880280" lon="19.14729340"><ele>156.62</ele><time>2025-10-20T13:29:24.795Z</time></trkpt><trkpt lat="47.60880620" lon="19.14728920"><ele>156.62</ele><time>2025-10-20T13:29:24.995Z</time></trkpt><trkpt lat="47.60880850" lon="19.14728600"><ele>156.62</ele><time>2025-10-20T13:29:25.201Z</time></trkpt><trkpt lat="47.60880980" lon="19.14728400"><ele>156.63</ele><time>2025-10-20T13:29:25.395Z</time></trkpt><trkpt lat="47.60881050" lon="19.14728280"><ele>156.63</ele><time>2025-10-20T13:29:25.598Z</time></trkpt><trkpt lat="47.60881070" lon="19.14728240"><ele>156.64</ele><time>2025-10-20T13:29:25.798Z</time></trkpt><trkpt lat="47.60881060" lon="19.14728270"><ele>156.65</ele><time>2025-10-20T13:29:26.000Z</time></trkpt><trkpt lat="47.60881040" lon="19.14728340"><ele>156.66</ele><time>2025-10-20T13:29:26.201Z</time></trkpt><trkpt lat="47.60881010" lon="19.14728440"><ele>156.64</ele><time>2025-10-20T13:29:26.386Z</time></trkpt><trkpt lat="47.60880960" lon="19.14728620"><ele>156.64</ele><time>2025-10-20T13:29:26.587Z</time></trkpt><trkpt lat="47.60880920" lon="19.14728890"><ele>156.64</ele><time>2025-10-20T13:29:26.788Z</time></trkpt><trkpt lat="47.60880930" lon="19.14729300"><ele>156.64</ele><time>2025-10-20T13:29:26.989Z</time></trkpt><trkpt lat="47.60881000" lon="19.14729860"><ele>156.64</ele><time>2025-10-20T13:29:27.195Z</time></trkpt><trkpt lat="47.60881150" lon="19.14730590"><ele>156.64</ele><time>2025-10-20T13:29:27.399Z</time></trkpt><trkpt lat="47.60881320" lon="19.14731250"><ele>156.63</ele><time>2025-10-20T13:29:27.561Z</time></trkpt><trkpt lat="47.60881640" lon="19.14732370"><ele>156.62</ele><time>2025-10-20T13:29:27.802Z</time></trkpt><trkpt lat="47.60881960" lon="19.14733370"><ele>156.62</ele><time>2025-10-20T13:29:28.004Z</time></trkpt><trkpt lat="47.60882320" lon="19.14734440"><ele>156.62</ele><time>2025-10-20T13:29:28.207Z</time></trkpt><trkpt lat="47.60882730" lon="19.14735550"><ele>156.63</ele><time>2025-10-20T13:29:28.411Z</time></trkpt><trkpt lat="47.60883150" lon="19.14736650"><ele>156.65</ele><time>2025-10-20T13:29:28.613Z</time></trkpt><trkpt lat="47.60883570" lon="19.14737690"><ele>156.66</ele><time>2025-10-20T13:29:28.800Z</time></trkpt><trkpt lat="47.60884080" lon="19.14738900"><ele>156.68</ele><time>2025-10-20T13:29:29.021Z</time></trkpt><trkpt lat="47.60884560" lon="19.14740040"><ele>156.69</ele><time>2025-10-20T13:29:29.223Z</time></trkpt><trkpt lat="47.60884940" lon="19.14740930"><ele>156.69</ele><time>2025-10-20T13:29:29.386Z</time></trkpt><trkpt lat="47.60885470" lon="19.14742150"><ele>156.71</ele><time>2025-10-20T13:29:29.607Z</time></trkpt><trkpt lat="47.60885950" lon="19.14743250"><ele>156.71</ele><time>2025-10-20T13:29:29.808Z</time></trkpt><trkpt lat="47.60886430" lon="19.14744360"><ele>156.70</ele><time>2025-10-20T13:29:30.010Z</time></trkpt><trkpt lat="47.60886910" lon="19.14745460"><ele>156.68</ele><time>2025-10-20T13:29:30.213Z</time></trkpt><trkpt lat="47.60887410" lon="19.14746600"><ele>156.64</ele><time>2025-10-20T13:29:30.424Z</time></trkpt><trkpt lat="47.60887740" lon="19.14747360"><ele>156.64</ele><time>2025-10-20T13:29:30.565Z</time></trkpt><trkpt lat="47.60888260" lon="19.14748550"><ele>156.64</ele><time>2025-10-20T13:29:30.786Z</time></trkpt><trkpt lat="47.60888780" lon="19.14749740"><ele>156.64</ele><time>2025-10-20T13:29:31.007Z</time></trkpt><trkpt lat="47.60889260" lon="19.14750820"><ele>156.62</ele><time>2025-10-20T13:29:31.209Z</time></trkpt><trkpt lat="47.60889770" lon="19.14751940"><ele>156.59</ele><time>2025-10-20T13:29:31.417Z</time></trkpt><trkpt lat="47.60890250" lon="19.14752990"><ele>156.59</ele><time>2025-10-20T13:29:31.619Z</time></trkpt><trkpt lat="47.60890640" lon="19.14753840"><ele>156.58</ele><time>2025-10-20T13:29:31.782Z</time></trkpt><trkpt lat="47.60891130" lon="19.14754900"><ele>156.57</ele><time>2025-10-20T13:29:31.985Z</time></trkpt><trkpt lat="47.60891670" lon="19.14756050"><ele>156.55</ele><time>2025-10-20T13:29:32.209Z</time></trkpt><trkpt lat="47.60892120" lon="19.14757000"><ele>156.56</ele><time>2025-10-20T13:29:32.394Z</time></trkpt><trkpt lat="47.60892620" lon="19.14758030"><ele>156.56</ele><time>2025-10-20T13:29:32.595Z</time></trkpt><trkpt lat="47.60893090" lon="19.14759040"><ele>156.57</ele><time>2025-10-20T13:29:32.796Z</time></trkpt><trkpt lat="47.60893580" lon="19.14760050"><ele>156.57</ele><time>2025-10-20T13:29:32.995Z</time></trkpt><trkpt lat="47.60894100" lon="19.14761170"><ele>156.58</ele><time>2025-10-20T13:29:33.218Z</time></trkpt><trkpt lat="47.60894540" lon="19.14762130"><ele>156.58</ele><time>2025-10-20T13:29:33.423Z</time></trkpt><trkpt lat="47.60894900" lon="19.14762910"><ele>156.57</ele><time>2025-10-20T13:29:33.603Z</time></trkpt><trkpt lat="47.60895270" lon="19.14763700"><ele>156.56</ele><time>2025-10-20T13:29:33.824Z</time></trkpt><trkpt lat="47.60895520" lon="19.14764230"><ele>156.56</ele><time>2025-10-20T13:29:34.026Z</time></trkpt><trkpt lat="47.60895670" lon="19.14764570"><ele>156.55</ele><time>2025-10-20T13:29:34.208Z</time></trkpt><trkpt lat="47.60895780" lon="19.14764820"><ele>156.52</ele><time>2025-10-20T13:29:34.416Z</time></trkpt><trkpt lat="47.60895810" lon="19.14764940"><ele>156.50</ele><time>2025-10-20T13:29:34.617Z</time></trkpt><trkpt lat="47.60895800" lon="19.14764980"><ele>156.50</ele><time>2025-10-20T13:29:34.818Z</time></trkpt><trkpt lat="47.60895740" lon="19.14764950"><ele>156.50</ele><time>2025-10-20T13:29:35.018Z</time></trkpt><trkpt lat="47.60895660" lon="19.14764860"><ele>156.52</ele><time>2025-10-20T13:29:35.226Z</time></trkpt><trkpt lat="47.60895560" lon="19.14764740"><ele>156.54</ele><time>2025-10-20T13:29:35.428Z</time></trkpt><trkpt lat="47.60895440" lon="19.14764580"><ele>156.56</ele><time>2025-10-20T13:29:35.628Z</time></trkpt><trkpt lat="47.60895320" lon="19.14764390"><ele>156.59</ele><time>2025-10-20T13:29:35.828Z</time></trkpt><trkpt lat="47.60895260" lon="19.14764110"><ele>156.61</ele><time>2025-10-20T13:29:36.029Z</time></trkpt><trkpt lat="47.60895300" lon="19.14763700"><ele>156.63</ele><time>2025-10-20T13:29:36.231Z</time></trkpt><trkpt lat="47.60895480" lon="19.14763110"><ele>156.66</ele><time>2025-10-20T13:29:36.435Z</time></trkpt><trkpt lat="47.60895710" lon="19.14762560"><ele>156.67</ele><time>2025-10-20T13:29:36.595Z</time></trkpt><trkpt lat="47.60896160" lon="19.14761640"><ele>156.70</ele><time>2025-10-20T13:29:36.818Z</time></trkpt><trkpt lat="47.60896680" lon="19.14760690"><ele>156.73</ele><time>2025-10-20T13:29:37.020Z</time></trkpt><trkpt lat="47.60897280" lon="19.14759650"><ele>156.77</ele><time>2025-10-20T13:29:37.223Z</time></trkpt><trkpt lat="47.60897930" lon="19.14758540"><ele>156.80</ele><time>2025-10-20T13:29:37.427Z</time></trkpt><trkpt lat="47.60898610" lon="19.14757390"><ele>156.82</ele><time>2025-10-20T13:29:37.628Z</time></trkpt><trkpt lat="47.60899330" lon="19.14756200"><ele>156.84</ele><time>2025-10-20T13:29:37.829Z</time></trkpt><trkpt lat="47.60900060" lon="19.14754970"><ele>156.86</ele><time>2025-10-20T13:29:38.032Z</time></trkpt><trkpt lat="47.60900740" lon="19.14753850"><ele>156.88</ele><time>2025-10-20T13:29:38.215Z</time></trkpt><trkpt lat="47.60901430" lon="19.14752720"><ele>156.90</ele><time>2025-10-20T13:29:38.400Z</time></trkpt><trkpt lat="47.60902270" lon="19.14751330"><ele>156.94</ele><time>2025-10-20T13:29:38.625Z</time></trkpt><trkpt lat="47.60903020" lon="19.14750080"><ele>156.95</ele><time>2025-10-20T13:29:38.825Z</time></trkpt><trkpt lat="47.60903770" lon="19.14748820"><ele>156.97</ele><time>2025-10-20T13:29:39.027Z</time></trkpt><trkpt lat="47.60904520" lon="19.14747570"><ele>156.98</ele><time>2025-10-20T13:29:39.228Z</time></trkpt><trkpt lat="47.60905200" lon="19.14746410"><ele>156.98</ele><time>2025-10-20T13:29:39.419Z</time></trkpt><trkpt lat="47.60905910" lon="19.14745200"><ele>156.99</ele><time>2025-10-20T13:29:39.620Z</time></trkpt><trkpt lat="47.60906610" lon="19.14743990"><ele>156.99</ele><time>2025-10-20T13:29:39.821Z</time></trkpt><trkpt lat="47.60907290" lon="19.14742810"><ele>157.00</ele><time>2025-10-20T13:29:40.021Z</time></trkpt><trkpt lat="47.60907950" lon="19.14741620"><ele>157.01</ele><time>2025-10-20T13:29:40.224Z</time></trkpt><trkpt lat="47.60908490" lon="19.14740650"><ele>157.02</ele><time>2025-10-20T13:29:40.392Z</time></trkpt><trkpt lat="47.60909110" lon="19.14739480"><ele>157.02</ele><time>2025-10-20T13:29:40.596Z</time></trkpt><trkpt lat="47.60909820" lon="19.14738110"><ele>157.04</ele><time>2025-10-20T13:29:40.836Z</time></trkpt><trkpt lat="47.60910340" lon="19.14737090"><ele>157.05</ele><time>2025-10-20T13:29:41.017Z</time></trkpt><trkpt lat="47.60910840" lon="19.14736080"><ele>157.05</ele><time>2025-10-20T13:29:41.197Z</time></trkpt><trkpt lat="47.60911370" lon="19.14734920"><ele>157.06</ele><time>2025-10-20T13:29:41.401Z</time></trkpt><trkpt lat="47.60911880" lon="19.14733780"><ele>157.07</ele><time>2025-10-20T13:29:41.603Z</time></trkpt><trkpt lat="47.60912360" lon="19.14732640"><ele>157.09</ele><time>2025-10-20T13:29:41.805Z</time></trkpt><trkpt lat="47.60912810" lon="19.14731510"><ele>157.10</ele><time>2025-10-20T13:29:42.007Z</time></trkpt><trkpt lat="47.60913250" lon="19.14730370"><ele>157.11</ele><time>2025-10-20T13:29:42.211Z</time></trkpt><trkpt lat="47.60913660" lon="19.14729210"><ele>157.11</ele><time>2025-10-20T13:29:42.420Z</time></trkpt><trkpt lat="47.60914040" lon="19.14728090"><ele>157.11</ele><time>2025-10-20T13:29:42.621Z</time></trkpt><trkpt lat="47.60914400" lon="19.14726990"><ele>157.11</ele><time>2025-10-20T13:29:42.821Z</time></trkpt><trkpt lat="47.60914740" lon="19.14725890"><ele>157.12</ele><time>2025-10-20T13:29:43.022Z</time></trkpt><trkpt lat="47.60915060" lon="19.14724770"><ele>157.13</ele><time>2025-10-20T13:29:43.226Z</time></trkpt><trkpt lat="47.60915350" lon="19.14723650"><ele>157.12</ele><time>2025-10-20T13:29:43.428Z</time></trkpt><trkpt lat="47.60915620" lon="19.14722530"><ele>157.13</ele><time>2025-10-20T13:29:43.629Z</time></trkpt><trkpt lat="47.60915870" lon="19.14721400"><ele>157.14</ele><time>2025-10-20T13:29:43.832Z</time></trkpt><trkpt lat="47.60916090" lon="19.14720280"><ele>157.15</ele><time>2025-10-20T13:29:44.034Z</time></trkpt><trkpt lat="47.60916270" lon="19.14719270"><ele>157.16</ele><time>2025-10-20T13:29:44.215Z</time></trkpt><trkpt lat="47.60916470" lon="19.14718070"><ele>157.17</ele><time>2025-10-20T13:29:44.431Z</time></trkpt><trkpt lat="47.60916630" lon="19.14717020"><ele>157.18</ele><time>2025-10-20T13:29:44.620Z</time></trkpt><trkpt lat="47.60916780" lon="19.14715900"><ele>157.18</ele><time>2025-10-20T13:29:44.821Z</time></trkpt><trkpt lat="47.60916920" lon="19.14714770"><ele>157.18</ele><time>2025-10-20T13:29:45.022Z</time></trkpt><trkpt lat="47.60917050" lon="19.14713620"><ele>157.18</ele><time>2025-10-20T13:29:45.225Z</time></trkpt><trkpt lat="47.60917180" lon="19.14712490"><ele>157.19</ele><time>2025-10-20T13:29:45.428Z</time></trkpt><trkpt lat="47.60917290" lon="19.14711360"><ele>157.19</ele><time>2025-10-20T13:29:45.631Z</time></trkpt><trkpt lat="47.60917380" lon="19.14710330"><ele>157.20</ele><time>2025-10-20T13:29:45.810Z</time></trkpt><trkpt lat="47.60917480" lon="19.14709190"><ele>157.20</ele><time>2025-10-20T13:29:46.011Z</time></trkpt><trkpt lat="47.60917560" lon="19.14708030"><ele>157.20</ele><time>2025-10-20T13:29:46.213Z</time></trkpt><trkpt lat="47.60917650" lon="19.14706710"><ele>157.20</ele><time>2025-10-20T13:29:46.440Z</time></trkpt><trkpt lat="47.60917720" lon="19.14705500"><ele>157.20</ele><time>2025-10-20T13:29:46.645Z</time></trkpt><trkpt lat="47.60917780" lon="19.14704310"><ele>157.18</ele><time>2025-10-20T13:29:46.846Z</time></trkpt><trkpt lat="47.60917820" lon="19.14703220"><ele>157.18</ele><time>2025-10-20T13:29:47.026Z</time></trkpt><trkpt lat="47.60917870" lon="19.14702010"><ele>157.18</ele><time>2025-10-20T13:29:47.228Z</time></trkpt><trkpt lat="47.60917910" lon="19.14700800"><ele>157.17</ele><time>2025-10-20T13:29:47.428Z</time></trkpt><trkpt lat="47.60917940" lon="19.14699610"><ele>157.16</ele><time>2025-10-20T13:29:47.628Z</time></trkpt><trkpt lat="47.60917960" lon="19.14698400"><ele>157.17</ele><time>2025-10-20T13:29:47.831Z</time></trkpt><trkpt lat="47.60917950" lon="19.14697210"><ele>157.19</ele><time>2025-10-20T13:29:48.033Z</time></trkpt><trkpt lat="47.60917930" lon="19.14696070"><ele>157.20</ele><time>2025-10-20T13:29:48.225Z</time></trkpt><trkpt lat="47.60917900" lon="19.14694770"><ele>157.20</ele><time>2025-10-20T13:29:48.445Z</time></trkpt><trkpt lat="47.60917860" lon="19.14693690"><ele>157.21</ele><time>2025-10-20T13:29:48.626Z</time></trkpt><trkpt lat="47.60917800" lon="19.14692370"><ele>157.21</ele><time>2025-10-20T13:29:48.846Z</time></trkpt><trkpt lat="47.60917750" lon="19.14691280"><ele>157.20</ele><time>2025-10-20T13:29:49.028Z</time></trkpt><trkpt lat="47.60917670" lon="19.14690060"><ele>157.19</ele><time>2025-10-20T13:29:49.234Z</time></trkpt><trkpt lat="47.60917590" lon="19.14688940"><ele>157.18</ele><time>2025-10-20T13:29:49.424Z</time></trkpt><trkpt lat="47.60917490" lon="19.14687740"><ele>157.18</ele><time>2025-10-20T13:29:49.626Z</time></trkpt><trkpt lat="47.60917390" lon="19.14686550"><ele>157.17</ele><time>2025-10-20T13:29:49.830Z</time></trkpt><trkpt lat="47.60917270" lon="19.14685360"><ele>157.15</ele><time>2025-10-20T13:29:50.033Z</time></trkpt><trkpt lat="47.60917150" lon="19.14684290"><ele>157.14</ele><time>2025-10-20T13:29:50.217Z</time></trkpt><trkpt lat="47.60916990" lon="19.14683090"><ele>157.14</ele><time>2025-10-20T13:29:50.420Z</time></trkpt><trkpt lat="47.60916850" lon="19.14682040"><ele>157.14</ele><time>2025-10-20T13:29:50.601Z</time></trkpt><trkpt lat="47.60916640" lon="19.14680610"><ele>157.14</ele><time>2025-10-20T13:29:50.845Z</time></trkpt><trkpt lat="47.60916450" lon="19.14679420"><ele>157.14</ele><time>2025-10-20T13:29:51.046Z</time></trkpt><trkpt lat="47.60916270" lon="19.14678350"><ele>157.12</ele><time>2025-10-20T13:29:51.227Z</time></trkpt><trkpt lat="47.60916060" lon="19.14677140"><ele>157.11</ele><time>2025-10-20T13:29:51.428Z</time></trkpt><trkpt lat="47.60915830" lon="19.14675960"><ele>157.10</ele><time>2025-10-20T13:29:51.630Z</time></trkpt><trkpt lat="47.60915600" lon="19.14674770"><ele>157.09</ele><time>2025-10-20T13:29:51.830Z</time></trkpt><trkpt lat="47.60915340" lon="19.14673590"><ele>157.09</ele><time>2025-10-20T13:29:52.031Z</time></trkpt><trkpt lat="47.60915080" lon="19.14672400"><ele>157.08</ele><time>2025-10-20T13:29:52.237Z</time></trkpt><trkpt lat="47.60914810" lon="19.14671250"><ele>157.06</ele><time>2025-10-20T13:29:52.441Z</time></trkpt><trkpt lat="47.60914570" lon="19.14670220"><ele>157.04</ele><time>2025-10-20T13:29:52.623Z</time></trkpt><trkpt lat="47.60914270" lon="19.14668980"><ele>157.02</ele><time>2025-10-20T13:29:52.846Z</time></trkpt><trkpt lat="47.60913980" lon="19.14667860"><ele>157.00</ele><time>2025-10-20T13:29:53.047Z</time></trkpt><trkpt lat="47.60913710" lon="19.14666830"><ele>156.98</ele><time>2025-10-20T13:29:53.232Z</time></trkpt><trkpt lat="47.60913360" lon="19.14665630"><ele>156.97</ele><time>2025-10-20T13:29:53.455Z</time></trkpt><trkpt lat="47.60913070" lon="19.14664660"><ele>156.96</ele><time>2025-10-20T13:29:53.638Z</time></trkpt><trkpt lat="47.60912740" lon="19.14663570"><ele>156.95</ele><time>2025-10-20T13:29:53.841Z</time></trkpt><trkpt lat="47.60912400" lon="19.14662500"><ele>156.96</ele><time>2025-10-20T13:29:54.042Z</time></trkpt><trkpt lat="47.60912050" lon="19.14661440"><ele>156.96</ele><time>2025-10-20T13:29:54.245Z</time></trkpt><trkpt lat="47.60911700" lon="19.14660390"><ele>156.95</ele><time>2025-10-20T13:29:54.446Z</time></trkpt><trkpt lat="47.60911340" lon="19.14659360"><ele>156.92</ele><time>2025-10-20T13:29:54.647Z</time></trkpt><trkpt lat="47.60910970" lon="19.14658350"><ele>156.90</ele><time>2025-10-20T13:29:54.847Z</time></trkpt><trkpt lat="47.60910590" lon="19.14657360"><ele>156.87</ele><time>2025-10-20T13:29:55.047Z</time></trkpt><trkpt lat="47.60910190" lon="19.14656370"><ele>156.84</ele><time>2025-10-20T13:29:55.248Z</time></trkpt><trkpt lat="47.60909820" lon="19.14655480"><ele>156.82</ele><time>2025-10-20T13:29:55.430Z</time></trkpt><trkpt lat="47.60909350" lon="19.14654400"><ele>156.81</ele><time>2025-10-20T13:29:55.652Z</time></trkpt><trkpt lat="47.60908910" lon="19.14653430"><ele>156.80</ele><time>2025-10-20T13:29:55.854Z</time></trkpt><trkpt lat="47.60908490" lon="19.14652550"><ele>156.78</ele><time>2025-10-20T13:29:56.037Z</time></trkpt><trkpt lat="47.60907980" lon="19.14651490"><ele>156.77</ele><time>2025-10-20T13:29:56.262Z</time></trkpt><trkpt lat="47.60907540" lon="19.14650600"><ele>156.75</ele><time>2025-10-20T13:29:56.450Z</time></trkpt><trkpt lat="47.60907060" lon="19.14649670"><ele>156.75</ele><time>2025-10-20T13:29:56.650Z</time></trkpt><trkpt lat="47.60906570" lon="19.14648740"><ele>156.74</ele><time>2025-10-20T13:29:56.851Z</time></trkpt><trkpt lat="47.60906060" lon="19.14647810"><ele>156.71</ele><time>2025-10-20T13:29:57.052Z</time></trkpt><trkpt lat="47.60905550" lon="19.14646900"><ele>156.71</ele><time>2025-10-20T13:29:57.255Z</time></trkpt><trkpt lat="47.60905030" lon="19.14646000"><ele>156.74</ele><time>2025-10-20T13:29:57.457Z</time></trkpt><trkpt lat="47.60904500" lon="19.14645130"><ele>156.76</ele><time>2025-10-20T13:29:57.657Z</time></trkpt><trkpt lat="47.60903970" lon="19.14644250"><ele>156.76</ele><time>2025-10-20T13:29:57.858Z</time></trkpt><trkpt lat="47.60903440" lon="19.14643380"><ele>156.75</ele><time>2025-10-20T13:29:58.059Z</time></trkpt><trkpt lat="47.60902910" lon="19.14642510"><ele>156.76</ele><time>2025-10-20T13:29:58.261Z</time></trkpt><trkpt lat="47.60902360" lon="19.14641640"><ele>156.75</ele><time>2025-10-20T13:29:58.462Z</time></trkpt><trkpt lat="47.60901810" lon="19.14640770"><ele>156.75</ele><time>2025-10-20T13:29:58.663Z</time></trkpt><trkpt lat="47.60901250" lon="19.14639920"><ele>156.74</ele><time>2025-10-20T13:29:58.864Z</time></trkpt><trkpt lat="47.60900690" lon="19.14639070"><ele>156.75</ele><time>2025-10-20T13:29:59.065Z</time></trkpt><trkpt lat="47.60900160" lon="19.14638300"><ele>156.76</ele><time>2025-10-20T13:29:59.256Z</time></trkpt><trkpt lat="47.60899580" lon="19.14637500"><ele>156.77</ele><time>2025-10-20T13:29:59.461Z</time></trkpt><trkpt lat="47.60899000" lon="19.14636750"><ele>156.78</ele><time>2025-10-20T13:29:59.661Z</time></trkpt><trkpt lat="47.60898410" lon="19.14636010"><ele>156.79</ele><time>2025-10-20T13:29:59.861Z</time></trkpt><trkpt lat="47.60897850" lon="19.14635360"><ele>156.80</ele><time>2025-10-20T13:30:00.042Z</time></trkpt><trkpt lat="47.60897160" lon="19.14634600"><ele>156.81</ele><time>2025-10-20T13:30:00.259Z</time></trkpt><trkpt lat="47.60896510" lon="19.14633900"><ele>156.82</ele><time>2025-10-20T13:30:00.459Z</time></trkpt><trkpt lat="47.60895840" lon="19.14633200"><ele>156.82</ele><time>2025-10-20T13:30:00.661Z</time></trkpt><trkpt lat="47.60895140" lon="19.14632500"><ele>156.81</ele><time>2025-10-20T13:30:00.863Z</time></trkpt><trkpt lat="47.60894430" lon="19.14631800"><ele>156.82</ele><time>2025-10-20T13:30:01.064Z</time></trkpt><trkpt lat="47.60893760" lon="19.14631170"><ele>156.82</ele><time>2025-10-20T13:30:01.252Z</time></trkpt><trkpt lat="47.60892990" lon="19.14630460"><ele>156.82</ele><time>2025-10-20T13:30:01.473Z</time></trkpt><trkpt lat="47.60892340" lon="19.14629860"><ele>156.82</ele><time>2025-10-20T13:30:01.654Z</time></trkpt><trkpt lat="47.60891620" lon="19.14629210"><ele>156.83</ele><time>2025-10-20T13:30:01.855Z</time></trkpt><trkpt lat="47.60890890" lon="19.14628570"><ele>156.86</ele><time>2025-10-20T13:30:02.056Z</time></trkpt><trkpt lat="47.60890130" lon="19.14627920"><ele>156.89</ele><time>2025-10-20T13:30:02.267Z</time></trkpt><trkpt lat="47.60889420" lon="19.14627310"><ele>156.90</ele><time>2025-10-20T13:30:02.468Z</time></trkpt><trkpt lat="47.60888770" lon="19.14626760"><ele>156.90</ele><time>2025-10-20T13:30:02.649Z</time></trkpt><trkpt lat="47.60887950" lon="19.14626080"><ele>156.90</ele><time>2025-10-20T13:30:02.872Z</time></trkpt><trkpt lat="47.60887210" lon="19.14625470"><ele>156.90</ele><time>2025-10-20T13:30:03.073Z</time></trkpt><trkpt lat="47.60886500" lon="19.14624910"><ele>156.92</ele><time>2025-10-20T13:30:03.265Z</time></trkpt><trkpt lat="47.60885740" lon="19.14624330"><ele>156.93</ele><time>2025-10-20T13:30:03.469Z</time></trkpt><trkpt lat="47.60884980" lon="19.14623790"><ele>156.95</ele><time>2025-10-20T13:30:03.672Z</time></trkpt><trkpt lat="47.60884290" lon="19.14623330"><ele>156.96</ele><time>2025-10-20T13:30:03.853Z</time></trkpt><trkpt lat="47.60883490" lon="19.14622820"><ele>156.95</ele><time>2025-10-20T13:30:04.056Z</time></trkpt><trkpt lat="47.60882700" lon="19.14622330"><ele>156.95</ele><time>2025-10-20T13:30:04.258Z</time></trkpt><trkpt lat="47.60881910" lon="19.14621850"><ele>156.94</ele><time>2025-10-20T13:30:04.461Z</time></trkpt><trkpt lat="47.60881140" lon="19.14621390"><ele>156.94</ele><time>2025-10-20T13:30:04.663Z</time></trkpt><trkpt lat="47.60880350" lon="19.14620950"><ele>156.95</ele><time>2025-10-20T13:30:04.867Z</time></trkpt><trkpt lat="47.60879570" lon="19.14620510"><ele>156.95</ele><time>2025-10-20T13:30:05.070Z</time></trkpt><trkpt lat="47.60878790" lon="19.14620100"><ele>156.93</ele><time>2025-10-20T13:30:05.273Z</time></trkpt><trkpt lat="47.60878010" lon="19.14619720"><ele>156.91</ele><time>2025-10-20T13:30:05.475Z</time></trkpt><trkpt lat="47.60877250" lon="19.14619380"><ele>156.90</ele><time>2025-10-20T13:30:05.677Z</time></trkpt><trkpt lat="47.60876720" lon="19.14619150"><ele>156.90</ele><time>2025-10-20T13:30:05.818Z</time></trkpt><trkpt lat="47.60875810" lon="19.14618780"><ele>156.88</ele><time>2025-10-20T13:30:06.060Z</time></trkpt><trkpt lat="47.60875120" lon="19.14618520"><ele>156.87</ele><time>2025-10-20T13:30:06.242Z</time></trkpt><trkpt lat="47.60874350" lon="19.14618270"><ele>156.87</ele><time>2025-10-20T13:30:06.444Z</time></trkpt><trkpt lat="47.60873500" lon="19.14617990"><ele>156.86</ele><time>2025-10-20T13:30:06.664Z</time></trkpt><trkpt lat="47.60872720" lon="19.14617750"><ele>156.83</ele><time>2025-10-20T13:30:06.866Z</time></trkpt><trkpt lat="47.60871940" lon="19.14617510"><ele>156.83</ele><time>2025-10-20T13:30:07.068Z</time></trkpt><trkpt lat="47.60871240" lon="19.14617310"><ele>156.84</ele><time>2025-10-20T13:30:07.250Z</time></trkpt><trkpt lat="47.60870380" lon="19.14617100"><ele>156.84</ele><time>2025-10-20T13:30:07.474Z</time></trkpt><trkpt lat="47.60869690" lon="19.14616960"><ele>156.84</ele><time>2025-10-20T13:30:07.657Z</time></trkpt><trkpt lat="47.60868900" lon="19.14616820"><ele>156.84</ele><time>2025-10-20T13:30:07.861Z</time></trkpt><trkpt lat="47.60868190" lon="19.14616720"><ele>156.87</ele><time>2025-10-20T13:30:08.042Z</time></trkpt><trkpt lat="47.60867270" lon="19.14616620"><ele>156.88</ele><time>2025-10-20T13:30:08.273Z</time></trkpt><trkpt lat="47.60866450" lon="19.14616550"><ele>156.90</ele><time>2025-10-20T13:30:08.474Z</time></trkpt><trkpt lat="47.60865640" lon="19.14616490"><ele>156.86</ele><time>2025-10-20T13:30:08.674Z</time></trkpt><trkpt lat="47.60864810" lon="19.14616440"><ele>156.83</ele><time>2025-10-20T13:30:08.875Z</time></trkpt><trkpt lat="47.60863980" lon="19.14616420"><ele>156.81</ele><time>2025-10-20T13:30:09.075Z</time></trkpt><trkpt lat="47.60863140" lon="19.14616420"><ele>156.78</ele><time>2025-10-20T13:30:09.278Z</time></trkpt><trkpt lat="47.60862290" lon="19.14616450"><ele>156.76</ele><time>2025-10-20T13:30:09.479Z</time></trkpt><trkpt lat="47.60861420" lon="19.14616530"><ele>156.75</ele><time>2025-10-20T13:30:09.679Z</time></trkpt><trkpt lat="47.60860550" lon="19.14616630"><ele>156.75</ele><time>2025-10-20T13:30:09.881Z</time></trkpt><trkpt lat="47.60859660" lon="19.14616760"><ele>156.73</ele><time>2025-10-20T13:30:10.082Z</time></trkpt><trkpt lat="47.60858950" lon="19.14616890"><ele>156.71</ele><time>2025-10-20T13:30:10.243Z</time></trkpt><trkpt lat="47.60857930" lon="19.14617100"><ele>156.68</ele><time>2025-10-20T13:30:10.478Z</time></trkpt><trkpt lat="47.60857050" lon="19.14617310"><ele>156.68</ele><time>2025-10-20T13:30:10.678Z</time></trkpt><trkpt lat="47.60856180" lon="19.14617520"><ele>156.66</ele><time>2025-10-20T13:30:10.878Z</time></trkpt><trkpt lat="47.60855310" lon="19.14617760"><ele>156.66</ele><time>2025-10-20T13:30:11.079Z</time></trkpt><trkpt lat="47.60854420" lon="19.14618010"><ele>156.66</ele><time>2025-10-20T13:30:11.284Z</time></trkpt><trkpt lat="47.60853560" lon="19.14618290"><ele>156.66</ele><time>2025-10-20T13:30:11.485Z</time></trkpt><trkpt lat="47.60852700" lon="19.14618570"><ele>156.64</ele><time>2025-10-20T13:30:11.687Z</time></trkpt><trkpt lat="47.60851840" lon="19.14618870"><ele>156.65</ele><time>2025-10-20T13:30:11.888Z</time></trkpt><trkpt lat="47.60850990" lon="19.14619180"><ele>156.64</ele><time>2025-10-20T13:30:12.091Z</time></trkpt><trkpt lat="47.60850140" lon="19.14619510"><ele>156.64</ele><time>2025-10-20T13:30:12.294Z</time></trkpt><trkpt lat="47.60849290" lon="19.14619850"><ele>156.62</ele><time>2025-10-20T13:30:12.494Z</time></trkpt><trkpt lat="47.60848450" lon="19.14620180"><ele>156.57</ele><time>2025-10-20T13:30:12.694Z</time></trkpt><trkpt lat="47.60847630" lon="19.14620510"><ele>156.51</ele><time>2025-10-20T13:30:12.896Z</time></trkpt><trkpt lat="47.60846820" lon="19.14620840"><ele>156.48</ele><time>2025-10-20T13:30:13.098Z</time></trkpt><trkpt lat="47.60846000" lon="19.14621190"><ele>156.44</ele><time>2025-10-20T13:30:13.303Z</time></trkpt><trkpt lat="47.60845210" lon="19.14621550"><ele>156.42</ele><time>2025-10-20T13:30:13.504Z</time></trkpt><trkpt lat="47.60844430" lon="19.14621920"><ele>156.40</ele><time>2025-10-20T13:30:13.704Z</time></trkpt><trkpt lat="47.60843640" lon="19.14622320"><ele>156.40</ele><time>2025-10-20T13:30:13.906Z</time></trkpt><trkpt lat="47.60842860" lon="19.14622730"><ele>156.39</ele><time>2025-10-20T13:30:14.108Z</time></trkpt><trkpt lat="47.60842080" lon="19.14623170"><ele>156.38</ele><time>2025-10-20T13:30:14.313Z</time></trkpt><trkpt lat="47.60841310" lon="19.14623600"><ele>156.36</ele><time>2025-10-20T13:30:14.514Z</time></trkpt><trkpt lat="47.60840550" lon="19.14624030"><ele>156.32</ele><time>2025-10-20T13:30:14.717Z</time></trkpt><trkpt lat="47.60839800" lon="19.14624460"><ele>156.29</ele><time>2025-10-20T13:30:14.919Z</time></trkpt><trkpt lat="47.60839060" lon="19.14624900"><ele>156.25</ele><time>2025-10-20T13:30:15.120Z</time></trkpt><trkpt lat="47.60838390" lon="19.14625320"><ele>156.25</ele><time>2025-10-20T13:30:15.306Z</time></trkpt><trkpt lat="47.60837660" lon="19.14625810"><ele>156.24</ele><time>2025-10-20T13:30:15.511Z</time></trkpt><trkpt lat="47.60837030" lon="19.14626270"><ele>156.23</ele><time>2025-10-20T13:30:15.692Z</time></trkpt><trkpt lat="47.60836270" lon="19.14626900"><ele>156.25</ele><time>2025-10-20T13:30:15.915Z</time></trkpt><trkpt lat="47.60835590" lon="19.14627500"><ele>156.28</ele><time>2025-10-20T13:30:16.115Z</time></trkpt><trkpt lat="47.60834900" lon="19.14628160"><ele>156.32</ele><time>2025-10-20T13:30:16.316Z</time></trkpt><trkpt lat="47.60834290" lon="19.14628780"><ele>156.36</ele><time>2025-10-20T13:30:16.497Z</time></trkpt><trkpt lat="47.60833540" lon="19.14629560"><ele>156.37</ele><time>2025-10-20T13:30:16.718Z</time></trkpt><trkpt lat="47.60832870" lon="19.14630290"><ele>156.40</ele><time>2025-10-20T13:30:16.918Z</time></trkpt><trkpt lat="47.60832210" lon="19.14631030"><ele>156.40</ele><time>2025-10-20T13:30:17.119Z</time></trkpt><trkpt lat="47.60831550" lon="19.14631790"><ele>156.39</ele><time>2025-10-20T13:30:17.321Z</time></trkpt><trkpt lat="47.60830900" lon="19.14632570"><ele>156.38</ele><time>2025-10-20T13:30:17.524Z</time></trkpt><trkpt lat="47.60830260" lon="19.14633340"><ele>156.39</ele><time>2025-10-20T13:30:17.724Z</time></trkpt><trkpt lat="47.60829630" lon="19.14634110"><ele>156.36</ele><time>2025-10-20T13:30:17.925Z</time></trkpt><trkpt lat="47.60828990" lon="19.14634880"><ele>156.35</ele><time>2025-10-20T13:30:18.124Z</time></trkpt><trkpt lat="47.60828350" lon="19.14635650"><ele>156.35</ele><time>2025-10-20T13:30:18.329Z</time></trkpt><trkpt lat="47.60827800" lon="19.14636330"><ele>156.33</ele><time>2025-10-20T13:30:18.509Z</time></trkpt><trkpt lat="47.60827200" lon="19.14637100"><ele>156.32</ele><time>2025-10-20T13:30:18.709Z</time></trkpt><trkpt lat="47.60826630" lon="19.14637870"><ele>156.33</ele><time>2025-10-20T13:30:18.910Z</time></trkpt><trkpt lat="47.60826060" lon="19.14638660"><ele>156.33</ele><time>2025-10-20T13:30:19.111Z</time></trkpt><trkpt lat="47.60825510" lon="19.14639450"><ele>156.33</ele><time>2025-10-20T13:30:19.314Z</time></trkpt><trkpt lat="47.60824970" lon="19.14640250"><ele>156.32</ele><time>2025-10-20T13:30:19.516Z</time></trkpt><trkpt lat="47.60824450" lon="19.14641050"><ele>156.30</ele><time>2025-10-20T13:30:19.716Z</time></trkpt><trkpt lat="47.60823940" lon="19.14641840"><ele>156.24</ele><time>2025-10-20T13:30:19.917Z</time></trkpt><trkpt lat="47.60823440" lon="19.14642660"><ele>156.22</ele><time>2025-10-20T13:30:20.117Z</time></trkpt><trkpt lat="47.60822910" lon="19.14643520"><ele>156.22</ele><time>2025-10-20T13:30:20.329Z</time></trkpt><trkpt lat="47.60822410" lon="19.14644370"><ele>156.23</ele><time>2025-10-20T13:30:20.532Z</time></trkpt><trkpt lat="47.60821920" lon="19.14645240"><ele>156.19</ele><time>2025-10-20T13:30:20.734Z</time></trkpt><trkpt lat="47.60821480" lon="19.14646020"><ele>156.17</ele><time>2025-10-20T13:30:20.915Z</time></trkpt><trkpt lat="47.60820960" lon="19.14647000"><ele>156.17</ele><time>2025-10-20T13:30:21.137Z</time></trkpt><trkpt lat="47.60820560" lon="19.14647770"><ele>156.20</ele><time>2025-10-20T13:30:21.308Z</time></trkpt><trkpt lat="47.60820110" lon="19.14648690"><ele>156.21</ele><time>2025-10-20T13:30:21.509Z</time></trkpt><trkpt lat="47.60819610" lon="19.14649710"><ele>156.22</ele><time>2025-10-20T13:30:21.730Z</time></trkpt><trkpt lat="47.60819220" lon="19.14650550"><ele>156.19</ele><time>2025-10-20T13:30:21.910Z</time></trkpt><trkpt lat="47.60818730" lon="19.14651600"><ele>156.16</ele><time>2025-10-20T13:30:22.130Z</time></trkpt><trkpt lat="47.60818290" lon="19.14652590"><ele>156.19</ele><time>2025-10-20T13:30:22.332Z</time></trkpt><trkpt lat="47.60817890" lon="19.14653500"><ele>156.22</ele><time>2025-10-20T13:30:22.514Z</time></trkpt><trkpt lat="47.60817410" lon="19.14654620"><ele>156.23</ele><time>2025-10-20T13:30:22.734Z</time></trkpt><trkpt lat="47.60817010" lon="19.14655580"><ele>156.24</ele><time>2025-10-20T13:30:22.915Z</time></trkpt><trkpt lat="47.60816540" lon="19.14656770"><ele>156.26</ele><time>2025-10-20T13:30:23.135Z</time></trkpt><trkpt lat="47.60816170" lon="19.14657760"><ele>156.28</ele><time>2025-10-20T13:30:23.318Z</time></trkpt><trkpt lat="47.60815760" lon="19.14658870"><ele>156.28</ele><time>2025-10-20T13:30:23.520Z</time></trkpt><trkpt lat="47.60815370" lon="19.14659970"><ele>156.29</ele><time>2025-10-20T13:30:23.720Z</time></trkpt><trkpt lat="47.60814990" lon="19.14661070"><ele>156.30</ele><time>2025-10-20T13:30:23.921Z</time></trkpt><trkpt lat="47.60814600" lon="19.14662180"><ele>156.33</ele><time>2025-10-20T13:30:24.122Z</time></trkpt><trkpt lat="47.60814220" lon="19.14663340"><ele>156.35</ele><time>2025-10-20T13:30:24.335Z</time></trkpt><trkpt lat="47.60813850" lon="19.14664450"><ele>156.36</ele><time>2025-10-20T13:30:24.537Z</time></trkpt><trkpt lat="47.60813500" lon="19.14665540"><ele>156.38</ele><time>2025-10-20T13:30:24.739Z</time></trkpt><trkpt lat="47.60813200" lon="19.14666520"><ele>156.37</ele><time>2025-10-20T13:30:24.920Z</time></trkpt><trkpt lat="47.60812850" lon="19.14667720"><ele>156.36</ele><time>2025-10-20T13:30:25.141Z</time></trkpt><trkpt lat="47.60812570" lon="19.14668720"><ele>156.36</ele><time>2025-10-20T13:30:25.323Z</time></trkpt><trkpt lat="47.60812280" lon="19.14669850"><ele>156.36</ele><time>2025-10-20T13:30:25.525Z</time></trkpt><trkpt lat="47.60812000" lon="19.14670980"><ele>156.36</ele><time>2025-10-20T13:30:25.726Z</time></trkpt><trkpt lat="47.60811740" lon="19.14672090"><ele>156.39</ele><time>2025-10-20T13:30:25.927Z</time></trkpt><trkpt lat="47.60811480" lon="19.14673250"><ele>156.42</ele><time>2025-10-20T13:30:26.128Z</time></trkpt><trkpt lat="47.60811220" lon="19.14674460"><ele>156.45</ele><time>2025-10-20T13:30:26.341Z</time></trkpt><trkpt lat="47.60811010" lon="19.14675490"><ele>156.45</ele><time>2025-10-20T13:30:26.522Z</time></trkpt><trkpt lat="47.60810780" lon="19.14676610"><ele>156.46</ele><time>2025-10-20T13:30:26.723Z</time></trkpt><trkpt lat="47.60810570" lon="19.14677730"><ele>156.48</ele><time>2025-10-20T13:30:26.924Z</time></trkpt><trkpt lat="47.60810360" lon="19.14678840"><ele>156.47</ele><time>2025-10-20T13:30:27.125Z</time></trkpt><trkpt lat="47.60810160" lon="19.14679950"><ele>156.50</ele><time>2025-10-20T13:30:27.325Z</time></trkpt><trkpt lat="47.60809980" lon="19.14681040"><ele>156.52</ele><time>2025-10-20T13:30:27.526Z</time></trkpt><trkpt lat="47.60809820" lon="19.14682040"><ele>156.53</ele><time>2025-10-20T13:30:27.706Z</time></trkpt><trkpt lat="47.60809640" lon="19.14683270"><ele>156.53</ele><time>2025-10-20T13:30:27.929Z</time></trkpt><trkpt lat="47.60809480" lon="19.14684400"><ele>156.54</ele><time>2025-10-20T13:30:28.129Z</time></trkpt><trkpt lat="47.60809340" lon="19.14685410"><ele>156.51</ele><time>2025-10-20T13:30:28.310Z</time></trkpt><trkpt lat="47.60809200" lon="19.14686640"><ele>156.50</ele><time>2025-10-20T13:30:28.532Z</time></trkpt><trkpt lat="47.60809080" lon="19.14687750"><ele>156.50</ele><time>2025-10-20T13:30:28.733Z</time></trkpt><trkpt lat="47.60808980" lon="19.14688860"><ele>156.48</ele><time>2025-10-20T13:30:28.934Z</time></trkpt><trkpt lat="47.60808890" lon="19.14689950"><ele>156.47</ele><time>2025-10-20T13:30:29.135Z</time></trkpt><trkpt lat="47.60808820" lon="19.14691040"><ele>156.45</ele><time>2025-10-20T13:30:29.338Z</time></trkpt><trkpt lat="47.60808760" lon="19.14692130"><ele>156.42</ele><time>2025-10-20T13:30:29.539Z</time></trkpt><trkpt lat="47.60808710" lon="19.14693210"><ele>156.41</ele><time>2025-10-20T13:30:29.739Z</time></trkpt><trkpt lat="47.60808680" lon="19.14694210"><ele>156.38</ele><time>2025-10-20T13:30:29.920Z</time></trkpt><trkpt lat="47.60808660" lon="19.14695320"><ele>156.35</ele><time>2025-10-20T13:30:30.120Z</time></trkpt><trkpt lat="47.60808650" lon="19.14696490"><ele>156.35</ele><time>2025-10-20T13:30:30.328Z</time></trkpt><trkpt lat="47.60808650" lon="19.14697620"><ele>156.30</ele><time>2025-10-20T13:30:30.531Z</time></trkpt><trkpt lat="47.60808660" lon="19.14698760"><ele>156.26</ele><time>2025-10-20T13:30:30.735Z</time></trkpt><trkpt lat="47.60808700" lon="19.14699880"><ele>156.20</ele><time>2025-10-20T13:30:30.936Z</time></trkpt><trkpt lat="47.60808740" lon="19.14700800"><ele>156.16</ele><time>2025-10-20T13:30:31.098Z</time></trkpt><trkpt lat="47.60808810" lon="19.14702060"><ele>156.08</ele><time>2025-10-20T13:30:31.329Z</time></trkpt><trkpt lat="47.60808890" lon="19.14703050"><ele>156.02</ele><time>2025-10-20T13:30:31.511Z</time></trkpt><trkpt lat="47.60808980" lon="19.14704180"><ele>155.95</ele><time>2025-10-20T13:30:31.712Z</time></trkpt><trkpt lat="47.60809100" lon="19.14705350"><ele>155.92</ele><time>2025-10-20T13:30:31.913Z</time></trkpt><trkpt lat="47.60809240" lon="19.14706660"><ele>155.86</ele><time>2025-10-20T13:30:32.137Z</time></trkpt><trkpt lat="47.60809360" lon="19.14707790"><ele>155.85</ele><time>2025-10-20T13:30:32.327Z</time></trkpt><trkpt lat="47.60809500" lon="19.14709030"><ele>155.83</ele><time>2025-10-20T13:30:32.532Z</time></trkpt><trkpt lat="47.60809650" lon="19.14710270"><ele>155.83</ele><time>2025-10-20T13:30:32.734Z</time></trkpt><trkpt lat="47.60809790" lon="19.14711380"><ele>155.84</ele><time>2025-10-20T13:30:32.915Z</time></trkpt><trkpt lat="47.60809980" lon="19.14712750"><ele>155.87</ele><time>2025-10-20T13:30:33.137Z</time></trkpt><trkpt lat="47.60810180" lon="19.14714040"><ele>155.87</ele><time>2025-10-20T13:30:33.344Z</time></trkpt><trkpt lat="47.60810370" lon="19.14715300"><ele>155.87</ele><time>2025-10-20T13:30:33.548Z</time></trkpt><trkpt lat="47.60810570" lon="19.14716520"><ele>155.89</ele><time>2025-10-20T13:30:33.750Z</time></trkpt><trkpt lat="47.60810760" lon="19.14717620"><ele>155.92</ele><time>2025-10-20T13:30:33.934Z</time></trkpt><trkpt lat="47.60810990" lon="19.14718850"><ele>155.93</ele><time>2025-10-20T13:30:34.139Z</time></trkpt><trkpt lat="47.60811230" lon="19.14720080"><ele>155.94</ele><time>2025-10-20T13:30:34.346Z</time></trkpt><trkpt lat="47.60811480" lon="19.14721270"><ele>155.96</ele><time>2025-10-20T13:30:34.549Z</time></trkpt><trkpt lat="47.60811680" lon="19.14722230"><ele>155.96</ele><time>2025-10-20T13:30:34.711Z</time></trkpt><trkpt lat="47.60811940" lon="19.14723400"><ele>155.97</ele><time>2025-10-20T13:30:34.912Z</time></trkpt><trkpt lat="47.60812260" lon="19.14724700"><ele>155.96</ele><time>2025-10-20T13:30:35.141Z</time></trkpt><trkpt lat="47.60812550" lon="19.14725850"><ele>155.97</ele><time>2025-10-20T13:30:35.345Z</time></trkpt><trkpt lat="47.60812850" lon="19.14726970"><ele>155.99</ele><time>2025-10-20T13:30:35.548Z</time></trkpt><trkpt lat="47.60813150" lon="19.14728070"><ele>155.99</ele><time>2025-10-20T13:30:35.748Z</time></trkpt><trkpt lat="47.60813460" lon="19.14729170"><ele>155.98</ele><time>2025-10-20T13:30:35.949Z</time></trkpt><trkpt lat="47.60813770" lon="19.14730280"><ele>155.96</ele><time>2025-10-20T13:30:36.151Z</time></trkpt><trkpt lat="47.60814110" lon="19.14731390"><ele>155.97</ele><time>2025-10-20T13:30:36.356Z</time></trkpt><trkpt lat="47.60814400" lon="19.14732340"><ele>155.91</ele><time>2025-10-20T13:30:36.537Z</time></trkpt><trkpt lat="47.60814750" lon="19.14733420"><ele>155.88</ele><time>2025-10-20T13:30:36.742Z</time></trkpt><trkpt lat="47.60815130" lon="19.14734490"><ele>155.86</ele><time>2025-10-20T13:30:36.946Z</time></trkpt><trkpt lat="47.60815440" lon="19.14735330"><ele>155.86</ele><time>2025-10-20T13:30:37.106Z</time></trkpt><trkpt lat="47.60815920" lon="19.14736610"><ele>155.80</ele><time>2025-10-20T13:30:37.352Z</time></trkpt><trkpt lat="47.60816250" lon="19.14737510"><ele>155.76</ele><time>2025-10-20T13:30:37.522Z</time></trkpt><trkpt lat="47.60816700" lon="19.14738670"><ele>155.71</ele><time>2025-10-20T13:30:37.743Z</time></trkpt><trkpt lat="47.60817080" lon="19.14739620"><ele>155.69</ele><time>2025-10-20T13:30:37.925Z</time></trkpt><trkpt lat="47.60817510" lon="19.14740670"><ele>155.67</ele><time>2025-10-20T13:30:38.125Z</time></trkpt><trkpt lat="47.60818000" lon="19.14741780"><ele>155.67</ele><time>2025-10-20T13:30:38.336Z</time></trkpt><trkpt lat="47.60818490" lon="19.14742850"><ele>155.67</ele><time>2025-10-20T13:30:38.539Z</time></trkpt><trkpt lat="47.60818980" lon="19.14743920"><ele>155.66</ele><time>2025-10-20T13:30:38.741Z</time></trkpt><trkpt lat="47.60819490" lon="19.14744980"><ele>155.67</ele><time>2025-10-20T13:30:38.941Z</time></trkpt><trkpt lat="47.60820010" lon="19.14746050"><ele>155.67</ele><time>2025-10-20T13:30:39.142Z</time></trkpt><trkpt lat="47.60820450" lon="19.14746920"><ele>155.69</ele><time>2025-10-20T13:30:39.304Z</time></trkpt><trkpt lat="47.60821060" lon="19.14748070"><ele>155.70</ele><time>2025-10-20T13:30:39.527Z</time></trkpt><trkpt lat="47.60821700" lon="19.14749200"><ele>155.70</ele><time>2025-10-20T13:30:39.748Z</time></trkpt><trkpt lat="47.60822290" lon="19.14750210"><ele>155.72</ele><time>2025-10-20T13:30:39.950Z</time></trkpt><trkpt lat="47.60822890" lon="19.14751210"><ele>155.73</ele><time>2025-10-20T13:30:40.152Z</time></trkpt><trkpt lat="47.60823500" lon="19.14752220"><ele>155.72</ele><time>2025-10-20T13:30:40.359Z</time></trkpt><trkpt lat="47.60824040" lon="19.14753090"><ele>155.74</ele><time>2025-10-20T13:30:40.541Z</time></trkpt><trkpt lat="47.60824650" lon="19.14754050"><ele>155.77</ele><time>2025-10-20T13:30:40.741Z</time></trkpt><trkpt lat="47.60825280" lon="19.14755010"><ele>155.79</ele><time>2025-10-20T13:30:40.944Z</time></trkpt><trkpt lat="47.60825920" lon="19.14755960"><ele>155.82</ele><time>2025-10-20T13:30:41.146Z</time></trkpt><trkpt lat="47.60826600" lon="19.14756930"><ele>155.85</ele><time>2025-10-20T13:30:41.355Z</time></trkpt><trkpt lat="47.60827240" lon="19.14757840"><ele>155.85</ele><time>2025-10-20T13:30:41.557Z</time></trkpt><trkpt lat="47.60827880" lon="19.14758710"><ele>155.87</ele><time>2025-10-20T13:30:41.757Z</time></trkpt><trkpt lat="47.60828540" lon="19.14759570"><ele>155.87</ele><time>2025-10-20T13:30:41.958Z</time></trkpt><trkpt lat="47.60829190" lon="19.14760390"><ele>155.86</ele><time>2025-10-20T13:30:42.159Z</time></trkpt><trkpt lat="47.60829850" lon="19.14761190"><ele>155.88</ele><time>2025-10-20T13:30:42.361Z</time></trkpt><trkpt lat="47.60830500" lon="19.14761960"><ele>155.85</ele><time>2025-10-20T13:30:42.562Z</time></trkpt><trkpt lat="47.60831170" lon="19.14762720"><ele>155.84</ele><time>2025-10-20T13:30:42.763Z</time></trkpt><trkpt lat="47.60831760" lon="19.14763380"><ele>155.83</ele><time>2025-10-20T13:30:42.944Z</time></trkpt><trkpt lat="47.60832490" lon="19.14764170"><ele>155.83</ele><time>2025-10-20T13:30:43.164Z</time></trkpt><trkpt lat="47.60833160" lon="19.14764870"><ele>155.86</ele><time>2025-10-20T13:30:43.365Z</time></trkpt><trkpt lat="47.60833840" lon="19.14765560"><ele>155.88</ele><time>2025-10-20T13:30:43.566Z</time></trkpt><trkpt lat="47.60834530" lon="19.14766230"><ele>155.89</ele><time>2025-10-20T13:30:43.768Z</time></trkpt><trkpt lat="47.60835160" lon="19.14766830"><ele>155.92</ele><time>2025-10-20T13:30:43.950Z</time></trkpt><trkpt lat="47.60835870" lon="19.14767480"><ele>155.95</ele><time>2025-10-20T13:30:44.153Z</time></trkpt><trkpt lat="47.60836650" lon="19.14768140"><ele>155.95</ele><time>2025-10-20T13:30:44.368Z</time></trkpt><trkpt lat="47.60837290" lon="19.14768660"><ele>155.94</ele><time>2025-10-20T13:30:44.548Z</time></trkpt><trkpt lat="47.60838090" lon="19.14769280"><ele>155.94</ele><time>2025-10-20T13:30:44.769Z</time></trkpt><trkpt lat="47.60838830" lon="19.14769810"><ele>155.96</ele><time>2025-10-20T13:30:44.970Z</time></trkpt><trkpt lat="47.60839590" lon="19.14770330"><ele>156.01</ele><time>2025-10-20T13:30:45.170Z</time></trkpt><trkpt lat="47.60840380" lon="19.14770840"><ele>156.05</ele><time>2025-10-20T13:30:45.372Z</time></trkpt><trkpt lat="47.60841090" lon="19.14771270"><ele>156.08</ele><time>2025-10-20T13:30:45.553Z</time></trkpt><trkpt lat="47.60841890" lon="19.14771750"><ele>156.08</ele><time>2025-10-20T13:30:45.754Z</time></trkpt><trkpt lat="47.60842750" lon="19.14772240"><ele>156.12</ele><time>2025-10-20T13:30:45.967Z</time></trkpt><trkpt lat="47.60843490" lon="19.14772650"><ele>156.16</ele><time>2025-10-20T13:30:46.155Z</time></trkpt><trkpt lat="47.60844310" lon="19.14773080"><ele>156.20</ele><time>2025-10-20T13:30:46.361Z</time></trkpt><trkpt lat="47.60845120" lon="19.14773510"><ele>156.24</ele><time>2025-10-20T13:30:46.561Z</time></trkpt><trkpt lat="47.60845850" lon="19.14773870"><ele>156.27</ele><time>2025-10-20T13:30:46.742Z</time></trkpt><trkpt lat="47.60846760" lon="19.14774300"><ele>156.30</ele><time>2025-10-20T13:30:46.962Z</time></trkpt><trkpt lat="47.60847580" lon="19.14774670"><ele>156.33</ele><time>2025-10-20T13:30:47.162Z</time></trkpt><trkpt lat="47.60848400" lon="19.14775030"><ele>156.35</ele><time>2025-10-20T13:30:47.364Z</time></trkpt><trkpt lat="47.60849230" lon="19.14775360"><ele>156.36</ele><time>2025-10-20T13:30:47.566Z</time></trkpt><trkpt lat="47.60850030" lon="19.14775670"><ele>156.38</ele><time>2025-10-20T13:30:47.767Z</time></trkpt><trkpt lat="47.60850890" lon="19.14775990"><ele>156.40</ele><time>2025-10-20T13:30:47.980Z</time></trkpt><trkpt lat="47.60851650" lon="19.14776260"><ele>156.41</ele><time>2025-10-20T13:30:48.171Z</time></trkpt><trkpt lat="47.60852390" lon="19.14776520"><ele>156.42</ele><time>2025-10-20T13:30:48.358Z</time></trkpt><trkpt lat="47.60853190" lon="19.14776780"><ele>156.45</ele><time>2025-10-20T13:30:48.562Z</time></trkpt><trkpt lat="47.60854060" lon="19.14777050"><ele>156.47</ele><time>2025-10-20T13:30:48.783Z</time></trkpt><trkpt lat="47.60854780" lon="19.14777260"><ele>156.48</ele><time>2025-10-20T13:30:48.965Z</time></trkpt><trkpt lat="47.60855660" lon="19.14777480"><ele>156.47</ele><time>2025-10-20T13:30:49.186Z</time></trkpt><trkpt lat="47.60856330" lon="19.14777620"><ele>156.47</ele><time>2025-10-20T13:30:49.351Z</time></trkpt><trkpt lat="47.60857230" lon="19.14777790"><ele>156.46</ele><time>2025-10-20T13:30:49.573Z</time></trkpt><trkpt lat="47.60858050" lon="19.14777910"><ele>156.44</ele><time>2025-10-20T13:30:49.773Z</time></trkpt><trkpt lat="47.60858950" lon="19.14778010"><ele>156.41</ele><time>2025-10-20T13:30:49.994Z</time></trkpt><trkpt lat="47.60859780" lon="19.14778050"><ele>156.39</ele><time>2025-10-20T13:30:50.196Z</time></trkpt><trkpt lat="47.60860380" lon="19.14778070"><ele>156.38</ele><time>2025-10-20T13:30:50.340Z</time></trkpt><trkpt lat="47.60861290" lon="19.14778060"><ele>156.37</ele><time>2025-10-20T13:30:50.564Z</time></trkpt><trkpt lat="47.60862190" lon="19.14778040"><ele>156.33</ele><time>2025-10-20T13:30:50.785Z</time></trkpt><trkpt lat="47.60863010" lon="19.14777990"><ele>156.30</ele><time>2025-10-20T13:30:50.986Z</time></trkpt><trkpt lat="47.60863750" lon="19.14777930"><ele>156.29</ele><time>2025-10-20T13:30:51.168Z</time></trkpt><trkpt lat="47.60864570" lon="19.14777840"><ele>156.30</ele><time>2025-10-20T13:30:51.370Z</time></trkpt><trkpt lat="47.60865390" lon="19.14777730"><ele>156.32</ele><time>2025-10-20T13:30:51.572Z</time></trkpt><trkpt lat="47.60866280" lon="19.14777580"><ele>156.34</ele><time>2025-10-20T13:30:51.796Z</time></trkpt><trkpt lat="47.60867010" lon="19.14777450"><ele>156.35</ele><time>2025-10-20T13:30:51.977Z</time></trkpt><trkpt lat="47.60867870" lon="19.14777260"><ele>156.36</ele><time>2025-10-20T13:30:52.198Z</time></trkpt><trkpt lat="47.60868500" lon="19.14777110"><ele>156.37</ele><time>2025-10-20T13:30:52.360Z</time></trkpt><trkpt lat="47.60869350" lon="19.14776920"><ele>156.39</ele><time>2025-10-20T13:30:52.580Z</time></trkpt><trkpt lat="47.60870120" lon="19.14776730"><ele>156.40</ele><time>2025-10-20T13:30:52.781Z</time></trkpt><trkpt lat="47.60870970" lon="19.14776500"><ele>156.41</ele><time>2025-10-20T13:30:53.002Z</time></trkpt><trkpt lat="47.60871680" lon="19.14776300"><ele>156.40</ele><time>2025-10-20T13:30:53.182Z</time></trkpt><trkpt lat="47.60872490" lon="19.14776060"><ele>156.40</ele><time>2025-10-20T13:30:53.386Z</time></trkpt><trkpt lat="47.60873290" lon="19.14775810"><ele>156.38</ele><time>2025-10-20T13:30:53.587Z</time></trkpt><trkpt lat="47.60874030" lon="19.14775570"><ele>156.39</ele><time>2025-10-20T13:30:53.769Z</time></trkpt><trkpt lat="47.60874940" lon="19.14775260"><ele>156.40</ele><time>2025-10-20T13:30:53.991Z</time></trkpt><trkpt lat="47.60875780" lon="19.14774960"><ele>156.43</ele><time>2025-10-20T13:30:54.195Z</time></trkpt><trkpt lat="47.60876590" lon="19.14774670"><ele>156.45</ele><time>2025-10-20T13:30:54.396Z</time></trkpt><trkpt lat="47.60877410" lon="19.14774360"><ele>156.46</ele><time>2025-10-20T13:30:54.598Z</time></trkpt><trkpt lat="47.60878210" lon="19.14774040"><ele>156.45</ele><time>2025-10-20T13:30:54.799Z</time></trkpt><trkpt lat="47.60879010" lon="19.14773710"><ele>156.47</ele><time>2025-10-20T13:30:55.001Z</time></trkpt><trkpt lat="47.60879840" lon="19.14773350"><ele>156.48</ele><time>2025-10-20T13:30:55.211Z</time></trkpt><trkpt lat="47.60880630" lon="19.14772970"><ele>156.48</ele><time>2025-10-20T13:30:55.413Z</time></trkpt><trkpt lat="47.60881410" lon="19.14772590"><ele>156.49</ele><time>2025-10-20T13:30:55.615Z</time></trkpt><trkpt lat="47.60882090" lon="19.14772230"><ele>156.50</ele><time>2025-10-20T13:30:55.795Z</time></trkpt><trkpt lat="47.60882920" lon="19.14771760"><ele>156.49</ele><time>2025-10-20T13:30:56.016Z</time></trkpt><trkpt lat="47.60883650" lon="19.14771320"><ele>156.50</ele><time>2025-10-20T13:30:56.218Z</time></trkpt><trkpt lat="47.60884340" lon="19.14770880"><ele>156.52</ele><time>2025-10-20T13:30:56.410Z</time></trkpt><trkpt lat="47.60885040" lon="19.14770420"><ele>156.53</ele><time>2025-10-20T13:30:56.612Z</time></trkpt><trkpt lat="47.60885760" lon="19.14769920"><ele>156.53</ele><time>2025-10-20T13:30:56.815Z</time></trkpt><trkpt lat="47.60886460" lon="19.14769410"><ele>156.53</ele><time>2025-10-20T13:30:57.017Z</time></trkpt><trkpt lat="47.60887180" lon="19.14768870"><ele>156.52</ele><time>2025-10-20T13:30:57.220Z</time></trkpt><trkpt lat="47.60887890" lon="19.14768320"><ele>156.53</ele><time>2025-10-20T13:30:57.422Z</time></trkpt><trkpt lat="47.60888520" lon="19.14767830"><ele>156.54</ele><time>2025-10-20T13:30:57.602Z</time></trkpt><trkpt lat="47.60889230" lon="19.14767260"><ele>156.55</ele><time>2025-10-20T13:30:57.802Z</time></trkpt><trkpt lat="47.60890010" lon="19.14766610"><ele>156.55</ele><time>2025-10-20T13:30:58.024Z</time></trkpt><trkpt lat="47.60890610" lon="19.14766080"><ele>156.55</ele><time>2025-10-20T13:30:58.196Z</time></trkpt><trkpt lat="47.60891400" lon="19.14765350"><ele>156.54</ele><time>2025-10-20T13:30:58.423Z</time></trkpt><trkpt lat="47.60892130" lon="19.14764660"><ele>156.56</ele><time>2025-10-20T13:30:58.633Z</time></trkpt><trkpt lat="47.60892750" lon="19.14764070"><ele>156.57</ele><time>2025-10-20T13:30:58.815Z</time></trkpt><trkpt lat="47.60893420" lon="19.14763420"><ele>156.57</ele><time>2025-10-20T13:30:59.018Z</time></trkpt><trkpt lat="47.60894110" lon="19.14762760"><ele>156.59</ele><time>2025-10-20T13:30:59.228Z</time></trkpt><trkpt lat="47.60894660" lon="19.14762230"><ele>156.60</ele><time>2025-10-20T13:30:59.400Z</time></trkpt><trkpt lat="47.60895370" lon="19.14761530"><ele>156.61</ele><time>2025-10-20T13:30:59.623Z</time></trkpt><trkpt lat="47.60896010" lon="19.14760880"><ele>156.61</ele><time>2025-10-20T13:30:59.824Z</time></trkpt><trkpt lat="47.60896580" lon="19.14760270"><ele>156.61</ele><time>2025-10-20T13:31:00.005Z</time></trkpt><trkpt lat="47.60897150" lon="19.14759670"><ele>156.62</ele><time>2025-10-20T13:31:00.187Z</time></trkpt><trkpt lat="47.60897870" lon="19.14758890"><ele>156.64</ele><time>2025-10-20T13:31:00.418Z</time></trkpt><trkpt lat="47.60898490" lon="19.14758190"><ele>156.66</ele><time>2025-10-20T13:31:00.618Z</time></trkpt><trkpt lat="47.60899110" lon="19.14757470"><ele>156.66</ele><time>2025-10-20T13:31:00.820Z</time></trkpt><trkpt lat="47.60899730" lon="19.14756720"><ele>156.66</ele><time>2025-10-20T13:31:01.021Z</time></trkpt><trkpt lat="47.60900270" lon="19.14756030"><ele>156.66</ele><time>2025-10-20T13:31:01.201Z</time></trkpt><trkpt lat="47.60900930" lon="19.14755170"><ele>156.67</ele><time>2025-10-20T13:31:01.423Z</time></trkpt><trkpt lat="47.60901530" lon="19.14754370"><ele>156.69</ele><time>2025-10-20T13:31:01.625Z</time></trkpt><trkpt lat="47.60902100" lon="19.14753570"><ele>156.69</ele><time>2025-10-20T13:31:01.825Z</time></trkpt><trkpt lat="47.60902680" lon="19.14752740"><ele>156.69</ele><time>2025-10-20T13:31:02.028Z</time></trkpt><trkpt lat="47.60903180" lon="19.14751980"><ele>156.69</ele><time>2025-10-20T13:31:02.208Z</time></trkpt><trkpt lat="47.60903790" lon="19.14751000"><ele>156.70</ele><time>2025-10-20T13:31:02.434Z</time></trkpt><trkpt lat="47.60904270" lon="19.14750180"><ele>156.71</ele><time>2025-10-20T13:31:02.621Z</time></trkpt><trkpt lat="47.60904840" lon="19.14749200"><ele>156.75</ele><time>2025-10-20T13:31:02.845Z</time></trkpt><trkpt lat="47.60905300" lon="19.14748390"><ele>156.76</ele><time>2025-10-20T13:31:03.028Z</time></trkpt><trkpt lat="47.60905800" lon="19.14747490"><ele>156.77</ele><time>2025-10-20T13:31:03.232Z</time></trkpt><trkpt lat="47.60906300" lon="19.14746560"><ele>156.76</ele><time>2025-10-20T13:31:03.437Z</time></trkpt><trkpt lat="47.60906770" lon="19.14745660"><ele>156.76</ele><time>2025-10-20T13:31:03.639Z</time></trkpt><trkpt lat="47.60907190" lon="19.14744830"><ele>156.76</ele><time>2025-10-20T13:31:03.821Z</time></trkpt><trkpt lat="47.60907680" lon="19.14743840"><ele>156.75</ele><time>2025-10-20T13:31:04.043Z</time></trkpt><trkpt lat="47.60908080" lon="19.14743010"><ele>156.75</ele><time>2025-10-20T13:31:04.226Z</time></trkpt><trkpt lat="47.60908510" lon="19.14742070"><ele>156.75</ele><time>2025-10-20T13:31:04.434Z</time></trkpt><trkpt lat="47.60908920" lon="19.14741150"><ele>156.76</ele><time>2025-10-20T13:31:04.635Z</time></trkpt><trkpt lat="47.60909320" lon="19.14740210"><ele>156.78</ele><time>2025-10-20T13:31:04.840Z</time></trkpt><trkpt lat="47.60909710" lon="19.14739280"><ele>156.81</ele><time>2025-10-20T13:31:05.041Z</time></trkpt><trkpt lat="47.60910100" lon="19.14738350"><ele>156.82</ele><time>2025-10-20T13:31:05.243Z</time></trkpt><trkpt lat="47.60910450" lon="19.14737480"><ele>156.83</ele><time>2025-10-20T13:31:05.427Z</time></trkpt><trkpt lat="47.60910810" lon="19.14736540"><ele>156.86</ele><time>2025-10-20T13:31:05.627Z</time></trkpt><trkpt lat="47.60911190" lon="19.14735480"><ele>156.88</ele><time>2025-10-20T13:31:05.848Z</time></trkpt><trkpt lat="47.60911530" lon="19.14734510"><ele>156.91</ele><time>2025-10-20T13:31:06.048Z</time></trkpt><trkpt lat="47.60911880" lon="19.14733520"><ele>156.93</ele><time>2025-10-20T13:31:06.250Z</time></trkpt><trkpt lat="47.60912190" lon="19.14732570"><ele>156.95</ele><time>2025-10-20T13:31:06.441Z</time></trkpt><trkpt lat="47.60912520" lon="19.14731550"><ele>156.96</ele><time>2025-10-20T13:31:06.644Z</time></trkpt><trkpt lat="47.60912830" lon="19.14730510"><ele>156.99</ele><time>2025-10-20T13:31:06.846Z</time></trkpt><trkpt lat="47.60913080" lon="19.14729680"><ele>157.01</ele><time>2025-10-20T13:31:07.006Z</time></trkpt><trkpt lat="47.60913440" lon="19.14728400"><ele>157.04</ele><time>2025-10-20T13:31:07.248Z</time></trkpt><trkpt lat="47.60913750" lon="19.14727270"><ele>157.05</ele><time>2025-10-20T13:31:07.459Z</time></trkpt><trkpt lat="47.60914030" lon="19.14726160"><ele>157.06</ele><time>2025-10-20T13:31:07.661Z</time></trkpt><trkpt lat="47.60914250" lon="19.14725270"><ele>157.08</ele><time>2025-10-20T13:31:07.821Z</time></trkpt><trkpt lat="47.60914560" lon="19.14723900"><ele>157.10</ele><time>2025-10-20T13:31:08.063Z</time></trkpt><trkpt lat="47.60914760" lon="19.14722970"><ele>157.11</ele><time>2025-10-20T13:31:08.224Z</time></trkpt><trkpt lat="47.60915020" lon="19.14721680"><ele>157.12</ele><time>2025-10-20T13:31:08.446Z</time></trkpt><trkpt lat="47.60915200" lon="19.14720740"><ele>157.14</ele><time>2025-10-20T13:31:08.606Z</time></trkpt><trkpt lat="47.60915450" lon="19.14719430"><ele>157.15</ele><time>2025-10-20T13:31:08.826Z</time></trkpt><trkpt lat="47.60915670" lon="19.14718250"><ele>157.17</ele><time>2025-10-20T13:31:09.027Z</time></trkpt><trkpt lat="47.60915910" lon="19.14716950"><ele>157.18</ele><time>2025-10-20T13:31:09.248Z</time></trkpt><trkpt lat="47.60916110" lon="19.14715870"><ele>157.21</ele><time>2025-10-20T13:31:09.434Z</time></trkpt><trkpt lat="47.60916310" lon="19.14714700"><ele>157.24</ele><time>2025-10-20T13:31:09.637Z</time></trkpt><trkpt lat="47.60916490" lon="19.14713550"><ele>157.26</ele><time>2025-10-20T13:31:09.838Z</time></trkpt><trkpt lat="47.60916690" lon="19.14712280"><ele>157.28</ele><time>2025-10-20T13:31:10.058Z</time></trkpt><trkpt lat="47.60916820" lon="19.14711330"><ele>157.29</ele><time>2025-10-20T13:31:10.223Z</time></trkpt><trkpt lat="47.60917000" lon="19.14709990"><ele>157.29</ele><time>2025-10-20T13:31:10.453Z</time></trkpt><trkpt lat="47.60917140" lon="19.14708810"><ele>157.29</ele><time>2025-10-20T13:31:10.656Z</time></trkpt><trkpt lat="47.60917270" lon="19.14707630"><ele>157.30</ele><time>2025-10-20T13:31:10.859Z</time></trkpt><trkpt lat="47.60917370" lon="19.14706460"><ele>157.31</ele><time>2025-10-20T13:31:11.060Z</time></trkpt><trkpt lat="47.60917450" lon="19.14705330"><ele>157.31</ele><time>2025-10-20T13:31:11.252Z</time></trkpt><trkpt lat="47.60917530" lon="19.14704130"><ele>157.32</ele><time>2025-10-20T13:31:11.453Z</time></trkpt><trkpt lat="47.60917580" lon="19.14702910"><ele>157.33</ele><time>2025-10-20T13:31:11.654Z</time></trkpt><trkpt lat="47.60917640" lon="19.14701700"><ele>157.34</ele><time>2025-10-20T13:31:11.860Z</time></trkpt><trkpt lat="47.60917670" lon="19.14700580"><ele>157.35</ele><time>2025-10-20T13:31:12.043Z</time></trkpt><trkpt lat="47.60917710" lon="19.14699220"><ele>157.36</ele><time>2025-10-20T13:31:12.265Z</time></trkpt><trkpt lat="47.60917730" lon="19.14697970"><ele>157.37</ele><time>2025-10-20T13:31:12.469Z</time></trkpt><trkpt lat="47.60917740" lon="19.14696690"><ele>157.38</ele><time>2025-10-20T13:31:12.673Z</time></trkpt><trkpt lat="47.60917740" lon="19.14695440"><ele>157.38</ele><time>2025-10-20T13:31:12.875Z</time></trkpt><trkpt lat="47.60917730" lon="19.14694280"><ele>157.37</ele><time>2025-10-20T13:31:13.061Z</time></trkpt><trkpt lat="47.60917700" lon="19.14692930"><ele>157.37</ele><time>2025-10-20T13:31:13.276Z</time></trkpt><trkpt lat="47.60917660" lon="19.14691670"><ele>157.37</ele><time>2025-10-20T13:31:13.477Z</time></trkpt><trkpt lat="47.60917600" lon="19.14690440"><ele>157.37</ele><time>2025-10-20T13:31:13.679Z</time></trkpt><trkpt lat="47.60917530" lon="19.14689190"><ele>157.37</ele><time>2025-10-20T13:31:13.879Z</time></trkpt><trkpt lat="47.60917450" lon="19.14688040"><ele>157.36</ele><time>2025-10-20T13:31:14.060Z</time></trkpt><trkpt lat="47.60917360" lon="19.14686770"><ele>157.37</ele><time>2025-10-20T13:31:14.262Z</time></trkpt><trkpt lat="47.60917230" lon="19.14685400"><ele>157.40</ele><time>2025-10-20T13:31:14.485Z</time></trkpt><trkpt lat="47.60917120" lon="19.14684290"><ele>157.40</ele><time>2025-10-20T13:31:14.666Z</time></trkpt><trkpt lat="47.60916990" lon="19.14683070"><ele>157.39</ele><time>2025-10-20T13:31:14.867Z</time></trkpt><trkpt lat="47.60916860" lon="19.14681870"><ele>157.39</ele><time>2025-10-20T13:31:15.067Z</time></trkpt><trkpt lat="47.60916720" lon="19.14680610"><ele>157.39</ele><time>2025-10-20T13:31:15.280Z</time></trkpt><trkpt lat="47.60916600" lon="19.14679660"><ele>157.39</ele><time>2025-10-20T13:31:15.441Z</time></trkpt><trkpt lat="47.60916410" lon="19.14678230"><ele>157.42</ele><time>2025-10-20T13:31:15.682Z</time></trkpt><trkpt lat="47.60916230" lon="19.14677040"><ele>157.43</ele><time>2025-10-20T13:31:15.884Z</time></trkpt><trkpt lat="47.60916040" lon="19.14675870"><ele>157.44</ele><time>2025-10-20T13:31:16.085Z</time></trkpt><trkpt lat="47.60915860" lon="19.14674870"><ele>157.45</ele><time>2025-10-20T13:31:16.255Z</time></trkpt><trkpt lat="47.60915620" lon="19.14673600"><ele>157.48</ele><time>2025-10-20T13:31:16.478Z</time></trkpt><trkpt lat="47.60915390" lon="19.14672460"><ele>157.48</ele><time>2025-10-20T13:31:16.679Z</time></trkpt><trkpt lat="47.60915140" lon="19.14671340"><ele>157.47</ele><time>2025-10-20T13:31:16.879Z</time></trkpt><trkpt lat="47.60914880" lon="19.14670230"><ele>157.45</ele><time>2025-10-20T13:31:17.080Z</time></trkpt><trkpt lat="47.60914620" lon="19.14669130"><ele>157.45</ele><time>2025-10-20T13:31:17.282Z</time></trkpt><trkpt lat="47.60914380" lon="19.14668220"><ele>157.46</ele><time>2025-10-20T13:31:17.453Z</time></trkpt><trkpt lat="47.60914110" lon="19.14667160"><ele>157.46</ele><time>2025-10-20T13:31:17.654Z</time></trkpt><trkpt lat="47.60913800" lon="19.14666000"><ele>157.46</ele><time>2025-10-20T13:31:17.875Z</time></trkpt><trkpt lat="47.60913510" lon="19.14664930"><ele>157.47</ele><time>2025-10-20T13:31:18.075Z</time></trkpt><trkpt lat="47.60913210" lon="19.14663870"><ele>157.48</ele><time>2025-10-20T13:31:18.276Z</time></trkpt><trkpt lat="47.60912900" lon="19.14662800"><ele>157.49</ele><time>2025-10-20T13:31:18.478Z</time></trkpt><trkpt lat="47.60912580" lon="19.14661730"><ele>157.48</ele><time>2025-10-20T13:31:18.679Z</time></trkpt><trkpt lat="47.60912230" lon="19.14660660"><ele>157.47</ele><time>2025-10-20T13:31:18.881Z</time></trkpt><trkpt lat="47.60911870" lon="19.14659610"><ele>157.48</ele><time>2025-10-20T13:31:19.082Z</time></trkpt><trkpt lat="47.60911480" lon="19.14658570"><ele>157.48</ele><time>2025-10-20T13:31:19.283Z</time></trkpt><trkpt lat="47.60911080" lon="19.14657530"><ele>157.48</ele><time>2025-10-20T13:31:19.484Z</time></trkpt><trkpt lat="47.60910670" lon="19.14656510"><ele>157.47</ele><time>2025-10-20T13:31:19.685Z</time></trkpt><trkpt lat="47.60910250" lon="19.14655500"><ele>157.47</ele><time>2025-10-20T13:31:19.885Z</time></trkpt><trkpt lat="47.60909820" lon="19.14654490"><ele>157.45</ele><time>2025-10-20T13:31:20.086Z</time></trkpt><trkpt lat="47.60909370" lon="19.14653490"><ele>157.44</ele><time>2025-10-20T13:31:20.287Z</time></trkpt><trkpt lat="47.60908920" lon="19.14652510"><ele>157.42</ele><time>2025-10-20T13:31:20.487Z</time></trkpt><trkpt lat="47.60908440" lon="19.14651510"><ele>157.38</ele><time>2025-10-20T13:31:20.688Z</time></trkpt><trkpt lat="47.60907940" lon="19.14650510"><ele>157.37</ele><time>2025-10-20T13:31:20.890Z</time></trkpt><trkpt lat="47.60907420" lon="19.14649540"><ele>157.38</ele><time>2025-10-20T13:31:21.090Z</time></trkpt><trkpt lat="47.60906850" lon="19.14648510"><ele>157.38</ele><time>2025-10-20T13:31:21.302Z</time></trkpt><trkpt lat="47.60906350" lon="19.14647640"><ele>157.38</ele><time>2025-10-20T13:31:21.483Z</time></trkpt><trkpt lat="47.60905780" lon="19.14646670"><ele>157.36</ele><time>2025-10-20T13:31:21.686Z</time></trkpt><trkpt lat="47.60905190" lon="19.14645680"><ele>157.33</ele><time>2025-10-20T13:31:21.891Z</time></trkpt><trkpt lat="47.60904600" lon="19.14644710"><ele>157.30</ele><time>2025-10-20T13:31:22.094Z</time></trkpt><trkpt lat="47.60903990" lon="19.14643760"><ele>157.29</ele><time>2025-10-20T13:31:22.294Z</time></trkpt><trkpt lat="47.60903370" lon="19.14642800"><ele>157.26</ele><time>2025-10-20T13:31:22.498Z</time></trkpt><trkpt lat="47.60902740" lon="19.14641860"><ele>157.23</ele><time>2025-10-20T13:31:22.699Z</time></trkpt><trkpt lat="47.60902090" lon="19.14640930"><ele>157.22</ele><time>2025-10-20T13:31:22.900Z</time></trkpt><trkpt lat="47.60901440" lon="19.14640030"><ele>157.19</ele><time>2025-10-20T13:31:23.102Z</time></trkpt><trkpt lat="47.60900760" lon="19.14639120"><ele>157.17</ele><time>2025-10-20T13:31:23.309Z</time></trkpt><trkpt lat="47.60900100" lon="19.14638270"><ele>157.15</ele><time>2025-10-20T13:31:23.510Z</time></trkpt><trkpt lat="47.60899500" lon="19.14637500"><ele>157.13</ele><time>2025-10-20T13:31:23.693Z</time></trkpt><trkpt lat="47.60898970" lon="19.14636840"><ele>157.10</ele><time>2025-10-20T13:31:23.855Z</time></trkpt><trkpt lat="47.60898180" lon="19.14635840"><ele>157.09</ele><time>2025-10-20T13:31:24.100Z</time></trkpt><trkpt lat="47.60897510" lon="19.14635010"><ele>157.08</ele><time>2025-10-20T13:31:24.308Z</time></trkpt><trkpt lat="47.60896870" lon="19.14634240"><ele>157.04</ele><time>2025-10-20T13:31:24.509Z</time></trkpt><trkpt lat="47.60896210" lon="19.14633490"><ele>156.96</ele><time>2025-10-20T13:31:24.710Z</time></trkpt><trkpt lat="47.60895550" lon="19.14632770"><ele>156.90</ele><time>2025-10-20T13:31:24.911Z</time></trkpt><trkpt lat="47.60894870" lon="19.14632040"><ele>156.88</ele><time>2025-10-20T13:31:25.114Z</time></trkpt><trkpt lat="47.60894200" lon="19.14631330"><ele>156.86</ele><time>2025-10-20T13:31:25.315Z</time></trkpt><trkpt lat="47.60893520" lon="19.14630630"><ele>156.83</ele><time>2025-10-20T13:31:25.517Z</time></trkpt><trkpt lat="47.60892850" lon="19.14629970"><ele>156.81</ele><time>2025-10-20T13:31:25.719Z</time></trkpt><trkpt lat="47.60892170" lon="19.14629310"><ele>156.80</ele><time>2025-10-20T13:31:25.921Z</time></trkpt><trkpt lat="47.60891490" lon="19.14628670"><ele>156.75</ele><time>2025-10-20T13:31:26.122Z</time></trkpt><trkpt lat="47.60890790" lon="19.14628040"><ele>156.73</ele><time>2025-10-20T13:31:26.326Z</time></trkpt><trkpt lat="47.60890110" lon="19.14627440"><ele>156.72</ele><time>2025-10-20T13:31:26.528Z</time></trkpt><trkpt lat="47.60889440" lon="19.14626850"><ele>156.69</ele><time>2025-10-20T13:31:26.729Z</time></trkpt><trkpt lat="47.60888750" lon="19.14626270"><ele>156.67</ele><time>2025-10-20T13:31:26.933Z</time></trkpt><trkpt lat="47.60888060" lon="19.14625700"><ele>156.64</ele><time>2025-10-20T13:31:27.134Z</time></trkpt><trkpt lat="47.60887430" lon="19.14625210"><ele>156.63</ele><time>2025-10-20T13:31:27.316Z</time></trkpt><trkpt lat="47.60886800" lon="19.14624720"><ele>156.63</ele><time>2025-10-20T13:31:27.497Z</time></trkpt><trkpt lat="47.60885930" lon="19.14624110"><ele>156.62</ele><time>2025-10-20T13:31:27.739Z</time></trkpt><trkpt lat="47.60885340" lon="19.14623710"><ele>156.62</ele><time>2025-10-20T13:31:27.901Z</time></trkpt><trkpt lat="47.60884610" lon="19.14623220"><ele>156.59</ele><time>2025-10-20T13:31:28.104Z</time></trkpt><trkpt lat="47.60883790" lon="19.14622680"><ele>156.55</ele><time>2025-10-20T13:31:28.327Z</time></trkpt><trkpt lat="47.60883120" lon="19.14622260"><ele>156.55</ele><time>2025-10-20T13:31:28.509Z</time></trkpt><trkpt lat="47.60882360" lon="19.14621810"><ele>156.55</ele><time>2025-10-20T13:31:28.712Z</time></trkpt><trkpt lat="47.60881680" lon="19.14621410"><ele>156.55</ele><time>2025-10-20T13:31:28.892Z</time></trkpt><trkpt lat="47.60880830" lon="19.14620950"><ele>156.55</ele><time>2025-10-20T13:31:29.112Z</time></trkpt><trkpt lat="47.60879980" lon="19.14620510"><ele>156.53</ele><time>2025-10-20T13:31:29.329Z</time></trkpt><trkpt lat="47.60879180" lon="19.14620130"><ele>156.52</ele><time>2025-10-20T13:31:29.531Z</time></trkpt><trkpt lat="47.60878360" lon="19.14619750"><ele>156.49</ele><time>2025-10-20T13:31:29.734Z</time></trkpt><trkpt lat="47.60877520" lon="19.14619400"><ele>156.47</ele><time>2025-10-20T13:31:29.939Z</time></trkpt><trkpt lat="47.60876690" lon="19.14619080"><ele>156.47</ele><time>2025-10-20T13:31:30.141Z</time></trkpt><trkpt lat="47.60875910" lon="19.14618800"><ele>156.47</ele><time>2025-10-20T13:31:30.328Z</time></trkpt><trkpt lat="47.60875050" lon="19.14618540"><ele>156.46</ele><time>2025-10-20T13:31:30.531Z</time></trkpt><trkpt lat="47.60874370" lon="19.14618360"><ele>156.48</ele><time>2025-10-20T13:31:30.691Z</time></trkpt><trkpt lat="47.60873360" lon="19.14618130"><ele>156.49</ele><time>2025-10-20T13:31:30.933Z</time></trkpt><trkpt lat="47.60872530" lon="19.14617950"><ele>156.49</ele><time>2025-10-20T13:31:31.133Z</time></trkpt><trkpt lat="47.60871690" lon="19.14617790"><ele>156.51</ele><time>2025-10-20T13:31:31.335Z</time></trkpt><trkpt lat="47.60870860" lon="19.14617660"><ele>156.53</ele><time>2025-10-20T13:31:31.536Z</time></trkpt><trkpt lat="47.60870130" lon="19.14617560"><ele>156.56</ele><time>2025-10-20T13:31:31.717Z</time></trkpt><trkpt lat="47.60869230" lon="19.14617460"><ele>156.58</ele><time>2025-10-20T13:31:31.938Z</time></trkpt><trkpt lat="47.60868410" lon="19.14617380"><ele>156.57</ele><time>2025-10-20T13:31:32.138Z</time></trkpt><trkpt lat="47.60867580" lon="19.14617320"><ele>156.57</ele><time>2025-10-20T13:31:32.342Z</time></trkpt><trkpt lat="47.60866770" lon="19.14617260"><ele>156.58</ele><time>2025-10-20T13:31:32.542Z</time></trkpt><trkpt lat="47.60866030" lon="19.14617220"><ele>156.63</ele><time>2025-10-20T13:31:32.725Z</time></trkpt><trkpt lat="47.60865130" lon="19.14617160"><ele>156.69</ele><time>2025-10-20T13:31:32.945Z</time></trkpt><trkpt lat="47.60864310" lon="19.14617130"><ele>156.72</ele><time>2025-10-20T13:31:33.145Z</time></trkpt><trkpt lat="47.60863560" lon="19.14617120"><ele>156.75</ele><time>2025-10-20T13:31:33.330Z</time></trkpt><trkpt lat="47.60862720" lon="19.14617140"><ele>156.77</ele><time>2025-10-20T13:31:33.534Z</time></trkpt><trkpt lat="47.60861870" lon="19.14617190"><ele>156.76</ele><time>2025-10-20T13:31:33.738Z</time></trkpt><trkpt lat="47.60861020" lon="19.14617260"><ele>156.77</ele><time>2025-10-20T13:31:33.940Z</time></trkpt><trkpt lat="47.60860160" lon="19.14617330"><ele>156.77</ele><time>2025-10-20T13:31:34.146Z</time></trkpt><trkpt lat="47.60859520" lon="19.14617390"><ele>156.78</ele><time>2025-10-20T13:31:34.298Z</time></trkpt><trkpt lat="47.60858480" lon="19.14617510"><ele>156.79</ele><time>2025-10-20T13:31:34.539Z</time></trkpt><trkpt lat="47.60857610" lon="19.14617630"><ele>156.80</ele><time>2025-10-20T13:31:34.740Z</time></trkpt><trkpt lat="47.60856750" lon="19.14617770"><ele>156.80</ele><time>2025-10-20T13:31:34.941Z</time></trkpt><trkpt lat="47.60855890" lon="19.14617930"><ele>156.79</ele><time>2025-10-20T13:31:35.144Z</time></trkpt><trkpt lat="47.60855100" lon="19.14618100"><ele>156.77</ele><time>2025-10-20T13:31:35.334Z</time></trkpt><trkpt lat="47.60854330" lon="19.14618270"><ele>156.74</ele><time>2025-10-20T13:31:35.521Z</time></trkpt><trkpt lat="47.60853400" lon="19.14618470"><ele>156.73</ele><time>2025-10-20T13:31:35.746Z</time></trkpt><trkpt lat="47.60852670" lon="19.14618650"><ele>156.74</ele><time>2025-10-20T13:31:35.927Z</time></trkpt><trkpt lat="47.60851850" lon="19.14618850"><ele>156.71</ele><time>2025-10-20T13:31:36.131Z</time></trkpt><trkpt lat="47.60850930" lon="19.14619100"><ele>156.68</ele><time>2025-10-20T13:31:36.355Z</time></trkpt><trkpt lat="47.60850150" lon="19.14619310"><ele>156.64</ele><time>2025-10-20T13:31:36.545Z</time></trkpt><trkpt lat="47.60849420" lon="19.14619540"><ele>156.60</ele><time>2025-10-20T13:31:36.725Z</time></trkpt><trkpt lat="47.60848600" lon="19.14619820"><ele>156.59</ele><time>2025-10-20T13:31:36.926Z</time></trkpt><trkpt lat="47.60847790" lon="19.14620150"><ele>156.57</ele><time>2025-10-20T13:31:37.127Z</time></trkpt><trkpt lat="47.60846930" lon="19.14620520"><ele>156.55</ele><time>2025-10-20T13:31:37.340Z</time></trkpt><trkpt lat="47.60846110" lon="19.14620910"><ele>156.55</ele><time>2025-10-20T13:31:37.541Z</time></trkpt><trkpt lat="47.60845300" lon="19.14621330"><ele>156.54</ele><time>2025-10-20T13:31:37.745Z</time></trkpt><trkpt lat="47.60844500" lon="19.14621780"><ele>156.53</ele><time>2025-10-20T13:31:37.947Z</time></trkpt><trkpt lat="47.60843740" lon="19.14622240"><ele>156.52</ele><time>2025-10-20T13:31:38.147Z</time></trkpt><trkpt lat="47.60843020" lon="19.14622690"><ele>156.49</ele><time>2025-10-20T13:31:38.333Z</time></trkpt><trkpt lat="47.60842320" lon="19.14623150"><ele>156.47</ele><time>2025-10-20T13:31:38.516Z</time></trkpt><trkpt lat="47.60841470" lon="19.14623730"><ele>156.47</ele><time>2025-10-20T13:31:38.738Z</time></trkpt><trkpt lat="47.60840690" lon="19.14624300"><ele>156.49</ele><time>2025-10-20T13:31:38.941Z</time></trkpt><trkpt lat="47.60839910" lon="19.14624880"><ele>156.52</ele><time>2025-10-20T13:31:39.143Z</time></trkpt><trkpt lat="47.60839180" lon="19.14625470"><ele>156.54</ele><time>2025-10-20T13:31:39.339Z</time></trkpt><trkpt lat="47.60838430" lon="19.14626100"><ele>156.56</ele><time>2025-10-20T13:31:39.539Z</time></trkpt><trkpt lat="47.60837620" lon="19.14626800"><ele>156.56</ele><time>2025-10-20T13:31:39.760Z</time></trkpt><trkpt lat="47.60836970" lon="19.14627390"><ele>156.57</ele><time>2025-10-20T13:31:39.942Z</time></trkpt><trkpt lat="47.60836260" lon="19.14628040"><ele>156.55</ele><time>2025-10-20T13:31:40.142Z</time></trkpt><trkpt lat="47.60835550" lon="19.14628690"><ele>156.54</ele><time>2025-10-20T13:31:40.345Z</time></trkpt><trkpt lat="47.60834840" lon="19.14629340"><ele>156.52</ele><time>2025-10-20T13:31:40.550Z</time></trkpt><trkpt lat="47.60834140" lon="19.14629990"><ele>156.53</ele><time>2025-10-20T13:31:40.753Z</time></trkpt><trkpt lat="47.60833440" lon="19.14630670"><ele>156.57</ele><time>2025-10-20T13:31:40.955Z</time></trkpt><trkpt lat="47.60832810" lon="19.14631290"><ele>156.59</ele><time>2025-10-20T13:31:41.137Z</time></trkpt><trkpt lat="47.60832170" lon="19.14631970"><ele>156.64</ele><time>2025-10-20T13:31:41.330Z</time></trkpt><trkpt lat="47.60831430" lon="19.14632790"><ele>156.65</ele><time>2025-10-20T13:31:41.552Z</time></trkpt><trkpt lat="47.60830900" lon="19.14633390"><ele>156.67</ele><time>2025-10-20T13:31:41.712Z</time></trkpt><trkpt lat="47.60830190" lon="19.14634240"><ele>156.68</ele><time>2025-10-20T13:31:41.934Z</time></trkpt><trkpt lat="47.60829550" lon="19.14635010"><ele>156.70</ele><time>2025-10-20T13:31:42.136Z</time></trkpt><trkpt lat="47.60828920" lon="19.14635790"><ele>156.69</ele><time>2025-10-20T13:31:42.338Z</time></trkpt><trkpt lat="47.60828290" lon="19.14636580"><ele>156.70</ele><time>2025-10-20T13:31:42.539Z</time></trkpt><trkpt lat="47.60827680" lon="19.14637380"><ele>156.71</ele><time>2025-10-20T13:31:42.741Z</time></trkpt><trkpt lat="47.60827080" lon="19.14638210"><ele>156.70</ele><time>2025-10-20T13:31:42.942Z</time></trkpt><trkpt lat="47.60826480" lon="19.14639060"><ele>156.71</ele><time>2025-10-20T13:31:43.145Z</time></trkpt><trkpt lat="47.60825880" lon="19.14639920"><ele>156.69</ele><time>2025-10-20T13:31:43.348Z</time></trkpt><trkpt lat="47.60825340" lon="19.14640680"><ele>156.69</ele><time>2025-10-20T13:31:43.530Z</time></trkpt><trkpt lat="47.60824700" lon="19.14641620"><ele>156.68</ele><time>2025-10-20T13:31:43.750Z</time></trkpt><trkpt lat="47.60824110" lon="19.14642470"><ele>156.65</ele><time>2025-10-20T13:31:43.951Z</time></trkpt><trkpt lat="47.60823530" lon="19.14643340"><ele>156.68</ele><time>2025-10-20T13:31:44.152Z</time></trkpt><trkpt lat="47.60822960" lon="19.14644200"><ele>156.65</ele><time>2025-10-20T13:31:44.354Z</time></trkpt><trkpt lat="47.60822410" lon="19.14645060"><ele>156.59</ele><time>2025-10-20T13:31:44.554Z</time></trkpt><trkpt lat="47.60821870" lon="19.14645920"><ele>156.54</ele><time>2025-10-20T13:31:44.756Z</time></trkpt><trkpt lat="47.60821400" lon="19.14646710"><ele>156.50</ele><time>2025-10-20T13:31:44.940Z</time></trkpt><trkpt lat="47.60820880" lon="19.14647590"><ele>156.44</ele><time>2025-10-20T13:31:45.141Z</time></trkpt><trkpt lat="47.60820380" lon="19.14648480"><ele>156.39</ele><time>2025-10-20T13:31:45.343Z</time></trkpt><trkpt lat="47.60819870" lon="19.14649390"><ele>156.38</ele><time>2025-10-20T13:31:45.545Z</time></trkpt><trkpt lat="47.60819350" lon="19.14650390"><ele>156.37</ele><time>2025-10-20T13:31:45.765Z</time></trkpt><trkpt lat="47.60818920" lon="19.14651220"><ele>156.33</ele><time>2025-10-20T13:31:45.947Z</time></trkpt><trkpt lat="47.60818450" lon="19.14652190"><ele>156.30</ele><time>2025-10-20T13:31:46.149Z</time></trkpt><trkpt lat="47.60817980" lon="19.14653190"><ele>156.26</ele><time>2025-10-20T13:31:46.360Z</time></trkpt><trkpt lat="47.60817570" lon="19.14654090"><ele>156.26</ele><time>2025-10-20T13:31:46.544Z</time></trkpt><trkpt lat="47.60817120" lon="19.14655090"><ele>156.32</ele><time>2025-10-20T13:31:46.745Z</time></trkpt><trkpt lat="47.60816720" lon="19.14656010"><ele>156.34</ele><time>2025-10-20T13:31:46.927Z</time></trkpt><trkpt lat="47.60816250" lon="19.14657130"><ele>156.32</ele><time>2025-10-20T13:31:47.151Z</time></trkpt><trkpt lat="47.60815830" lon="19.14658160"><ele>156.30</ele><time>2025-10-20T13:31:47.358Z</time></trkpt><trkpt lat="47.60815420" lon="19.14659210"><ele>156.30</ele><time>2025-10-20T13:31:47.560Z</time></trkpt><trkpt lat="47.60815070" lon="19.14660170"><ele>156.31</ele><time>2025-10-20T13:31:47.743Z</time></trkpt><trkpt lat="47.60814700" lon="19.14661240"><ele>156.30</ele><time>2025-10-20T13:31:47.947Z</time></trkpt><trkpt lat="47.60814330" lon="19.14662340"><ele>156.29</ele><time>2025-10-20T13:31:48.155Z</time></trkpt><trkpt lat="47.60813990" lon="19.14663420"><ele>156.28</ele><time>2025-10-20T13:31:48.360Z</time></trkpt><trkpt lat="47.60813650" lon="19.14664480"><ele>156.28</ele><time>2025-10-20T13:31:48.561Z</time></trkpt><trkpt lat="47.60813330" lon="19.14665550"><ele>156.27</ele><time>2025-10-20T13:31:48.765Z</time></trkpt><trkpt lat="47.60813070" lon="19.14666410"><ele>156.28</ele><time>2025-10-20T13:31:48.927Z</time></trkpt><trkpt lat="47.60812770" lon="19.14667470"><ele>156.27</ele><time>2025-10-20T13:31:49.128Z</time></trkpt><trkpt lat="47.60812450" lon="19.14668660"><ele>156.29</ele><time>2025-10-20T13:31:49.353Z</time></trkpt><trkpt lat="47.60812200" lon="19.14669650"><ele>156.32</ele><time>2025-10-20T13:31:49.536Z</time></trkpt><trkpt lat="47.60811930" lon="19.14670730"><ele>156.35</ele><time>2025-10-20T13:31:49.736Z</time></trkpt><trkpt lat="47.60811660" lon="19.14671890"><ele>156.36</ele><time>2025-10-20T13:31:49.958Z</time></trkpt><trkpt lat="47.60811430" lon="19.14672930"><ele>156.38</ele><time>2025-10-20T13:31:50.155Z</time></trkpt><trkpt lat="47.60811220" lon="19.14673920"><ele>156.42</ele><time>2025-10-20T13:31:50.342Z</time></trkpt><trkpt lat="47.60811030" lon="19.14674870"><ele>156.43</ele><time>2025-10-20T13:31:50.523Z</time></trkpt><trkpt lat="47.60810800" lon="19.14676030"><ele>156.45</ele><time>2025-10-20T13:31:50.745Z</time></trkpt><trkpt lat="47.60810600" lon="19.14677080"><ele>156.46</ele><time>2025-10-20T13:31:50.945Z</time></trkpt><trkpt lat="47.60810420" lon="19.14678170"><ele>156.45</ele><time>2025-10-20T13:31:51.149Z</time></trkpt><trkpt lat="47.60810240" lon="19.14679290"><ele>156.47</ele><time>2025-10-20T13:31:51.362Z</time></trkpt><trkpt lat="47.60810070" lon="19.14680360"><ele>156.47</ele><time>2025-10-20T13:31:51.564Z</time></trkpt><trkpt lat="47.60809920" lon="19.14681440"><ele>156.48</ele><time>2025-10-20T13:31:51.766Z</time></trkpt><trkpt lat="47.60809780" lon="19.14682410"><ele>156.49</ele><time>2025-10-20T13:31:51.948Z</time></trkpt><trkpt lat="47.60809650" lon="19.14683500"><ele>156.50</ele><time>2025-10-20T13:31:52.149Z</time></trkpt><trkpt lat="47.60809530" lon="19.14684630"><ele>156.51</ele><time>2025-10-20T13:31:52.353Z</time></trkpt><trkpt lat="47.60809420" lon="19.14685790"><ele>156.53</ele><time>2025-10-20T13:31:52.556Z</time></trkpt><trkpt lat="47.60809320" lon="19.14686930"><ele>156.54</ele><time>2025-10-20T13:31:52.757Z</time></trkpt><trkpt lat="47.60809230" lon="19.14688090"><ele>156.52</ele><time>2025-10-20T13:31:52.960Z</time></trkpt><trkpt lat="47.60809150" lon="19.14689260"><ele>156.54</ele><time>2025-10-20T13:31:53.163Z</time></trkpt><trkpt lat="47.60809090" lon="19.14690400"><ele>156.55</ele><time>2025-10-20T13:31:53.363Z</time></trkpt><trkpt lat="47.60809050" lon="19.14691570"><ele>156.55</ele><time>2025-10-20T13:31:53.564Z</time></trkpt><trkpt lat="47.60809020" lon="19.14692740"><ele>156.52</ele><time>2025-10-20T13:31:53.765Z</time></trkpt><trkpt lat="47.60809010" lon="19.14693930"><ele>156.51</ele><time>2025-10-20T13:31:53.966Z</time></trkpt><trkpt lat="47.60809000" lon="19.14695120"><ele>156.47</ele><time>2025-10-20T13:31:54.168Z</time></trkpt><trkpt lat="47.60809010" lon="19.14696320"><ele>156.47</ele><time>2025-10-20T13:31:54.369Z</time></trkpt><trkpt lat="47.60809040" lon="19.14697410"><ele>156.48</ele><time>2025-10-20T13:31:54.550Z</time></trkpt><trkpt lat="47.60809080" lon="19.14698730"><ele>156.46</ele><time>2025-10-20T13:31:54.772Z</time></trkpt><trkpt lat="47.60809140" lon="19.14699950"><ele>156.47</ele><time>2025-10-20T13:31:54.974Z</time></trkpt><trkpt lat="47.60809210" lon="19.14701150"><ele>156.48</ele><time>2025-10-20T13:31:55.175Z</time></trkpt><trkpt lat="47.60809290" lon="19.14702240"><ele>156.47</ele><time>2025-10-20T13:31:55.361Z</time></trkpt><trkpt lat="47.60809390" lon="19.14703410"><ele>156.46</ele><time>2025-10-20T13:31:55.563Z</time></trkpt><trkpt lat="47.60809520" lon="19.14704560"><ele>156.45</ele><time>2025-10-20T13:31:55.767Z</time></trkpt><trkpt lat="47.60809660" lon="19.14705680"><ele>156.48</ele><time>2025-10-20T13:31:55.969Z</time></trkpt><trkpt lat="47.60809790" lon="19.14706780"><ele>156.46</ele><time>2025-10-20T13:31:56.172Z</time></trkpt><trkpt lat="47.60809920" lon="19.14707900"><ele>156.45</ele><time>2025-10-20T13:31:56.377Z</time></trkpt><trkpt lat="47.60810030" lon="19.14708930"><ele>156.47</ele><time>2025-10-20T13:31:56.558Z</time></trkpt><trkpt lat="47.60810170" lon="19.14710110"><ele>156.47</ele><time>2025-10-20T13:31:56.766Z</time></trkpt><trkpt lat="47.60810310" lon="19.14711260"><ele>156.44</ele><time>2025-10-20T13:31:56.967Z</time></trkpt><trkpt lat="47.60810470" lon="19.14712480"><ele>156.42</ele><time>2025-10-20T13:31:57.175Z</time></trkpt><trkpt lat="47.60810600" lon="19.14713520"><ele>156.38</ele><time>2025-10-20T13:31:57.348Z</time></trkpt><trkpt lat="47.60810750" lon="19.14714780"><ele>156.34</ele><time>2025-10-20T13:31:57.554Z</time></trkpt><trkpt lat="47.60810880" lon="19.14715920"><ele>156.31</ele><time>2025-10-20T13:31:57.735Z</time></trkpt><trkpt lat="47.60811070" lon="19.14717340"><ele>156.29</ele><time>2025-10-20T13:31:57.957Z</time></trkpt><trkpt lat="47.60811280" lon="19.14718770"><ele>156.27</ele><time>2025-10-20T13:31:58.180Z</time></trkpt><trkpt lat="47.60811490" lon="19.14720110"><ele>156.26</ele><time>2025-10-20T13:31:58.381Z</time></trkpt><trkpt lat="47.60811700" lon="19.14721280"><ele>156.25</ele><time>2025-10-20T13:31:58.563Z</time></trkpt><trkpt lat="47.60811940" lon="19.14722580"><ele>156.27</ele><time>2025-10-20T13:31:58.765Z</time></trkpt><trkpt lat="47.60812220" lon="19.14723880"><ele>156.26</ele><time>2025-10-20T13:31:58.971Z</time></trkpt><trkpt lat="47.60812500" lon="19.14725110"><ele>156.22</ele><time>2025-10-20T13:31:59.172Z</time></trkpt><trkpt lat="47.60812780" lon="19.14726320"><ele>156.21</ele><time>2025-10-20T13:31:59.373Z</time></trkpt><trkpt lat="47.60813050" lon="19.14727410"><ele>156.19</ele><time>2025-10-20T13:31:59.554Z</time></trkpt><trkpt lat="47.60813390" lon="19.14728770"><ele>156.16</ele><time>2025-10-20T13:31:59.780Z</time></trkpt><trkpt lat="47.60813700" lon="19.14729940"><ele>156.13</ele><time>2025-10-20T13:31:59.980Z</time></trkpt><trkpt lat="47.60814030" lon="19.14731140"><ele>156.12</ele><time>2025-10-20T13:32:00.184Z</time></trkpt><trkpt lat="47.60814360" lon="19.14732300"><ele>156.13</ele><time>2025-10-20T13:32:00.385Z</time></trkpt><trkpt lat="47.60814710" lon="19.14733450"><ele>156.11</ele><time>2025-10-20T13:32:00.586Z</time></trkpt><trkpt lat="47.60815080" lon="19.14734590"><ele>156.11</ele><time>2025-10-20T13:32:00.789Z</time></trkpt><trkpt lat="47.60815480" lon="19.14735720"><ele>156.11</ele><time>2025-10-20T13:32:00.991Z</time></trkpt><trkpt lat="47.60815830" lon="19.14736720"><ele>156.09</ele><time>2025-10-20T13:32:01.172Z</time></trkpt><trkpt lat="47.60816280" lon="19.14737880"><ele>156.10</ele><time>2025-10-20T13:32:01.385Z</time></trkpt><trkpt lat="47.60816730" lon="19.14738960"><ele>156.14</ele><time>2025-10-20T13:32:01.586Z</time></trkpt><trkpt lat="47.60817140" lon="19.14739900"><ele>156.15</ele><time>2025-10-20T13:32:01.766Z</time></trkpt><trkpt lat="47.60817660" lon="19.14741060"><ele>156.15</ele><time>2025-10-20T13:32:01.992Z</time></trkpt><trkpt lat="47.60818140" lon="19.14742070"><ele>156.18</ele><time>2025-10-20T13:32:02.193Z</time></trkpt><trkpt lat="47.60818600" lon="19.14742970"><ele>156.21</ele><time>2025-10-20T13:32:02.376Z</time></trkpt><trkpt lat="47.60819110" lon="19.14743940"><ele>156.25</ele><time>2025-10-20T13:32:02.579Z</time></trkpt><trkpt lat="47.60819620" lon="19.14744870"><ele>156.30</ele><time>2025-10-20T13:32:02.780Z</time></trkpt><trkpt lat="47.60820150" lon="19.14745770"><ele>156.35</ele><time>2025-10-20T13:32:02.983Z</time></trkpt><trkpt lat="47.60820680" lon="19.14746670"><ele>156.39</ele><time>2025-10-20T13:32:03.185Z</time></trkpt><trkpt lat="47.60821220" lon="19.14747590"><ele>156.43</ele><time>2025-10-20T13:32:03.392Z</time></trkpt><trkpt lat="47.60821760" lon="19.14748510"><ele>156.50</ele><time>2025-10-20T13:32:03.594Z</time></trkpt><trkpt lat="47.60822240" lon="19.14749340"><ele>156.55</ele><time>2025-10-20T13:32:03.775Z</time></trkpt><trkpt lat="47.60822670" lon="19.14750070"><ele>156.58</ele><time>2025-10-20T13:32:03.937Z</time></trkpt><trkpt lat="47.60823270" lon="19.14751080"><ele>156.63</ele><time>2025-10-20T13:32:04.168Z</time></trkpt><trkpt lat="47.60823870" lon="19.14752060"><ele>156.72</ele><time>2025-10-20T13:32:04.391Z</time></trkpt><trkpt lat="47.60824420" lon="19.14752920"><ele>156.78</ele><time>2025-10-20T13:32:04.591Z</time></trkpt><trkpt lat="47.60824970" lon="19.14753770"><ele>156.82</ele><time>2025-10-20T13:32:04.792Z</time></trkpt><trkpt lat="47.60825530" lon="19.14754610"><ele>156.84</ele><time>2025-10-20T13:32:04.993Z</time></trkpt><trkpt lat="47.60826090" lon="19.14755430"><ele>156.86</ele><time>2025-10-20T13:32:05.194Z</time></trkpt><trkpt lat="47.60826610" lon="19.14756180"><ele>156.88</ele><time>2025-10-20T13:32:05.379Z</time></trkpt><trkpt lat="47.60827130" lon="19.14756890"><ele>156.90</ele><time>2025-10-20T13:32:05.560Z</time></trkpt><trkpt lat="47.60827700" lon="19.14757660"><ele>156.91</ele><time>2025-10-20T13:32:05.760Z</time></trkpt><trkpt lat="47.60828280" lon="19.14758440"><ele>156.91</ele><time>2025-10-20T13:32:05.962Z</time></trkpt><trkpt lat="47.60828870" lon="19.14759190"><ele>156.93</ele><time>2025-10-20T13:32:06.163Z</time></trkpt><trkpt lat="47.60829480" lon="19.14759950"><ele>156.95</ele><time>2025-10-20T13:32:06.365Z</time></trkpt><trkpt lat="47.60830100" lon="19.14760700"><ele>156.99</ele><time>2025-10-20T13:32:06.566Z</time></trkpt><trkpt lat="47.60830760" lon="19.14761440"><ele>157.03</ele><time>2025-10-20T13:32:06.768Z</time></trkpt><trkpt lat="47.60831510" lon="19.14762250"><ele>157.07</ele><time>2025-10-20T13:32:06.989Z</time></trkpt><trkpt lat="47.60832130" lon="19.14762910"><ele>157.08</ele><time>2025-10-20T13:32:07.169Z</time></trkpt><trkpt lat="47.60832830" lon="19.14763640"><ele>157.09</ele><time>2025-10-20T13:32:07.378Z</time></trkpt><trkpt lat="47.60833520" lon="19.14764330"><ele>157.12</ele><time>2025-10-20T13:32:07.579Z</time></trkpt><trkpt lat="47.60834290" lon="19.14765070"><ele>157.15</ele><time>2025-10-20T13:32:07.799Z</time></trkpt><trkpt lat="47.60834920" lon="19.14765660"><ele>157.16</ele><time>2025-10-20T13:32:07.980Z</time></trkpt><trkpt lat="47.60835690" lon="19.14766360"><ele>157.16</ele><time>2025-10-20T13:32:08.202Z</time></trkpt><trkpt lat="47.60836400" lon="19.14766970"><ele>157.17</ele><time>2025-10-20T13:32:08.405Z</time></trkpt><trkpt lat="47.60837040" lon="19.14767490"><ele>157.19</ele><time>2025-10-20T13:32:08.586Z</time></trkpt><trkpt lat="47.60837830" lon="19.14768110"><ele>157.17</ele><time>2025-10-20T13:32:08.807Z</time></trkpt><trkpt lat="47.60838550" lon="19.14768660"><ele>157.17</ele><time>2025-10-20T13:32:09.009Z</time></trkpt><trkpt lat="47.60839270" lon="19.14769180"><ele>157.18</ele><time>2025-10-20T13:32:09.212Z</time></trkpt><trkpt lat="47.60839920" lon="19.14769640"><ele>157.18</ele><time>2025-10-20T13:32:09.396Z</time></trkpt><trkpt lat="47.60840700" lon="19.14770170"><ele>157.15</ele><time>2025-10-20T13:32:09.617Z</time></trkpt><trkpt lat="47.60841410" lon="19.14770630"><ele>157.12</ele><time>2025-10-20T13:32:09.817Z</time></trkpt><trkpt lat="47.60842150" lon="19.14771080"><ele>157.11</ele><time>2025-10-20T13:32:10.020Z</time></trkpt><trkpt lat="47.60842850" lon="19.14771490"><ele>157.09</ele><time>2025-10-20T13:32:10.206Z</time></trkpt><trkpt lat="47.60843630" lon="19.14771920"><ele>157.08</ele><time>2025-10-20T13:32:10.411Z</time></trkpt><trkpt lat="47.60844390" lon="19.14772330"><ele>157.09</ele><time>2025-10-20T13:32:10.613Z</time></trkpt><trkpt lat="47.60845160" lon="19.14772750"><ele>157.09</ele><time>2025-10-20T13:32:10.815Z</time></trkpt><trkpt lat="47.60845920" lon="19.14773160"><ele>157.08</ele><time>2025-10-20T13:32:11.015Z</time></trkpt><trkpt lat="47.60846670" lon="19.14773560"><ele>157.06</ele><time>2025-10-20T13:32:11.217Z</time></trkpt><trkpt lat="47.60847450" lon="19.14773960"><ele>157.06</ele><time>2025-10-20T13:32:11.418Z</time></trkpt><trkpt lat="47.60848160" lon="19.14774310"><ele>157.06</ele><time>2025-10-20T13:32:11.599Z</time></trkpt><trkpt lat="47.60849020" lon="19.14774710"><ele>157.05</ele><time>2025-10-20T13:32:11.820Z</time></trkpt><trkpt lat="47.60849810" lon="19.14775060"><ele>157.00</ele><time>2025-10-20T13:32:12.022Z</time></trkpt><trkpt lat="47.60850610" lon="19.14775400"><ele>156.99</ele><time>2025-10-20T13:32:12.224Z</time></trkpt><trkpt lat="47.60851400" lon="19.14775720"><ele>156.97</ele><time>2025-10-20T13:32:12.426Z</time></trkpt><trkpt lat="47.60852170" lon="19.14776000"><ele>156.96</ele><time>2025-10-20T13:32:12.626Z</time></trkpt><trkpt lat="47.60852950" lon="19.14776260"><ele>156.94</ele><time>2025-10-20T13:32:12.827Z</time></trkpt><trkpt lat="47.60853760" lon="19.14776490"><ele>156.92</ele><time>2025-10-20T13:32:13.031Z</time></trkpt><trkpt lat="47.60854500" lon="19.14776670"><ele>156.89</ele><time>2025-10-20T13:32:13.216Z</time></trkpt><trkpt lat="47.60855370" lon="19.14776850"><ele>156.88</ele><time>2025-10-20T13:32:13.428Z</time></trkpt><trkpt lat="47.60856120" lon="19.14776970"><ele>156.85</ele><time>2025-10-20T13:32:13.610Z</time></trkpt><trkpt lat="47.60856970" lon="19.14777080"><ele>156.82</ele><time>2025-10-20T13:32:13.811Z</time></trkpt><trkpt lat="47.60857920" lon="19.14777170"><ele>156.78</ele><time>2025-10-20T13:32:14.033Z</time></trkpt><trkpt lat="47.60858800" lon="19.14777220"><ele>156.75</ele><time>2025-10-20T13:32:14.238Z</time></trkpt><trkpt lat="47.60859660" lon="19.14777250"><ele>156.75</ele><time>2025-10-20T13:32:14.440Z</time></trkpt><trkpt lat="47.60860510" lon="19.14777250"><ele>156.74</ele><time>2025-10-20T13:32:14.642Z</time></trkpt><trkpt lat="47.60861260" lon="19.14777240"><ele>156.73</ele><time>2025-10-20T13:32:14.823Z</time></trkpt><trkpt lat="47.60862110" lon="19.14777220"><ele>156.71</ele><time>2025-10-20T13:32:15.025Z</time></trkpt><trkpt lat="47.60862960" lon="19.14777180"><ele>156.69</ele><time>2025-10-20T13:32:15.228Z</time></trkpt><trkpt lat="47.60863830" lon="19.14777130"><ele>156.66</ele><time>2025-10-20T13:32:15.438Z</time></trkpt><trkpt lat="47.60864670" lon="19.14777070"><ele>156.65</ele><time>2025-10-20T13:32:15.640Z</time></trkpt><trkpt lat="47.60865260" lon="19.14777020"><ele>156.63</ele><time>2025-10-20T13:32:15.780Z</time></trkpt><trkpt lat="47.60866180" lon="19.14776940"><ele>156.64</ele><time>2025-10-20T13:32:16.002Z</time></trkpt><trkpt lat="47.60867110" lon="19.14776840"><ele>156.65</ele><time>2025-10-20T13:32:16.224Z</time></trkpt><trkpt lat="47.60867930" lon="19.14776740"><ele>156.65</ele><time>2025-10-20T13:32:16.424Z</time></trkpt><trkpt lat="47.60868750" lon="19.14776620"><ele>156.66</ele><time>2025-10-20T13:32:16.625Z</time></trkpt><trkpt lat="47.60869550" lon="19.14776500"><ele>156.65</ele><time>2025-10-20T13:32:16.825Z</time></trkpt><trkpt lat="47.60870340" lon="19.14776370"><ele>156.65</ele><time>2025-10-20T13:32:17.027Z</time></trkpt><trkpt lat="47.60871120" lon="19.14776210"><ele>156.66</ele><time>2025-10-20T13:32:17.229Z</time></trkpt><trkpt lat="47.60871900" lon="19.14776020"><ele>156.65</ele><time>2025-10-20T13:32:17.432Z</time></trkpt><trkpt lat="47.60872670" lon="19.14775830"><ele>156.65</ele><time>2025-10-20T13:32:17.634Z</time></trkpt><trkpt lat="47.60873440" lon="19.14775640"><ele>156.66</ele><time>2025-10-20T13:32:17.834Z</time></trkpt><trkpt lat="47.60874050" lon="19.14775490"><ele>156.67</ele><time>2025-10-20T13:32:17.995Z</time></trkpt><trkpt lat="47.60874990" lon="19.14775220"><ele>156.69</ele><time>2025-10-20T13:32:18.238Z</time></trkpt><trkpt lat="47.60875750" lon="19.14774950"><ele>156.68</ele><time>2025-10-20T13:32:18.438Z</time></trkpt><trkpt lat="47.60876510" lon="19.14774640"><ele>156.62</ele><time>2025-10-20T13:32:18.641Z</time></trkpt><trkpt lat="47.60877110" lon="19.14774380"><ele>156.59</ele><time>2025-10-20T13:32:18.802Z</time></trkpt><trkpt lat="47.60877870" lon="19.14774050"><ele>156.59</ele><time>2025-10-20T13:32:19.003Z</time></trkpt><trkpt lat="47.60878650" lon="19.14773710"><ele>156.61</ele><time>2025-10-20T13:32:19.205Z</time></trkpt><trkpt lat="47.60879530" lon="19.14773310"><ele>156.59</ele><time>2025-10-20T13:32:19.427Z</time></trkpt><trkpt lat="47.60880230" lon="19.14772980"><ele>156.57</ele><time>2025-10-20T13:32:19.608Z</time></trkpt><trkpt lat="47.60881110" lon="19.14772550"><ele>156.53</ele><time>2025-10-20T13:32:19.830Z</time></trkpt><trkpt lat="47.60881830" lon="19.14772170"><ele>156.50</ele><time>2025-10-20T13:32:20.010Z</time></trkpt><trkpt lat="47.60882640" lon="19.14771730"><ele>156.49</ele><time>2025-10-20T13:32:20.213Z</time></trkpt><trkpt lat="47.60883470" lon="19.14771260"><ele>156.46</ele><time>2025-10-20T13:32:20.422Z</time></trkpt><trkpt lat="47.60884310" lon="19.14770760"><ele>156.44</ele><time>2025-10-20T13:32:20.631Z</time></trkpt><trkpt lat="47.60885120" lon="19.14770260"><ele>156.42</ele><time>2025-10-20T13:32:20.832Z</time></trkpt><trkpt lat="47.60885920" lon="19.14769750"><ele>156.40</ele><time>2025-10-20T13:32:21.035Z</time></trkpt><trkpt lat="47.60886710" lon="19.14769250"><ele>156.39</ele><time>2025-10-20T13:32:21.238Z</time></trkpt><trkpt lat="47.60887480" lon="19.14768760"><ele>156.39</ele><time>2025-10-20T13:32:21.440Z</time></trkpt><trkpt lat="47.60888240" lon="19.14768280"><ele>156.39</ele><time>2025-10-20T13:32:21.641Z</time></trkpt><trkpt lat="47.60888980" lon="19.14767780"><ele>156.40</ele><time>2025-10-20T13:32:21.842Z</time></trkpt><trkpt lat="47.60889740" lon="19.14767250"><ele>156.40</ele><time>2025-10-20T13:32:22.043Z</time></trkpt><trkpt lat="47.60890430" lon="19.14766770"><ele>156.39</ele><time>2025-10-20T13:32:22.226Z</time></trkpt><trkpt lat="47.60891200" lon="19.14766190"><ele>156.38</ele><time>2025-10-20T13:32:22.427Z</time></trkpt><trkpt lat="47.60891960" lon="19.14765570"><ele>156.39</ele><time>2025-10-20T13:32:22.631Z</time></trkpt><trkpt lat="47.60892650" lon="19.14764980"><ele>156.39</ele><time>2025-10-20T13:32:22.815Z</time></trkpt><trkpt lat="47.60893440" lon="19.14764230"><ele>156.41</ele><time>2025-10-20T13:32:23.036Z</time></trkpt><trkpt lat="47.60894150" lon="19.14763520"><ele>156.41</ele><time>2025-10-20T13:32:23.238Z</time></trkpt><trkpt lat="47.60894830" lon="19.14762790"><ele>156.43</ele><time>2025-10-20T13:32:23.441Z</time></trkpt><trkpt lat="47.60895490" lon="19.14762050"><ele>156.43</ele><time>2025-10-20T13:32:23.642Z</time></trkpt><trkpt lat="47.60896090" lon="19.14761360"><ele>156.43</ele><time>2025-10-20T13:32:23.843Z</time></trkpt><trkpt lat="47.60896610" lon="19.14760740"><ele>156.41</ele><time>2025-10-20T13:32:24.044Z</time></trkpt><trkpt lat="47.60896960" lon="19.14760300"><ele>156.42</ele><time>2025-10-20T13:32:24.226Z</time></trkpt><trkpt lat="47.60897230" lon="19.14759940"><ele>156.44</ele><time>2025-10-20T13:32:24.431Z</time></trkpt><trkpt lat="47.60897370" lon="19.14759730"><ele>156.45</ele><time>2025-10-20T13:32:24.612Z</time></trkpt><trkpt lat="47.60897450" lon="19.14759550"><ele>156.45</ele><time>2025-10-20T13:32:24.834Z</time></trkpt><trkpt lat="47.60897440" lon="19.14759460"><ele>156.44</ele><time>2025-10-20T13:32:25.036Z</time></trkpt><trkpt lat="47.60897360" lon="19.14759440"><ele>156.46</ele><time>2025-10-20T13:32:25.250Z</time></trkpt><trkpt lat="47.60897260" lon="19.14759470"><ele>156.47</ele><time>2025-10-20T13:32:25.431Z</time></trkpt><trkpt lat="47.60897120" lon="19.14759530"><ele>156.49</ele><time>2025-10-20T13:32:25.632Z</time></trkpt><trkpt lat="47.60896950" lon="19.14759590"><ele>156.53</ele><time>2025-10-20T13:32:25.833Z</time></trkpt><trkpt lat="47.60896740" lon="19.14759610"><ele>156.53</ele><time>2025-10-20T13:32:26.034Z</time></trkpt><trkpt lat="47.60896460" lon="19.14759540"><ele>156.52</ele><time>2025-10-20T13:32:26.237Z</time></trkpt><trkpt lat="47.60896120" lon="19.14759370"><ele>156.51</ele><time>2025-10-20T13:32:26.440Z</time></trkpt><trkpt lat="47.60895790" lon="19.14759140"><ele>156.49</ele><time>2025-10-20T13:32:26.600Z</time></trkpt><trkpt lat="47.60895210" lon="19.14758660"><ele>156.48</ele><time>2025-10-20T13:32:26.842Z</time></trkpt><trkpt lat="47.60894660" lon="19.14758150"><ele>156.46</ele><time>2025-10-20T13:32:27.044Z</time></trkpt><trkpt lat="47.60894180" lon="19.14757660"><ele>156.47</ele><time>2025-10-20T13:32:27.206Z</time></trkpt><trkpt lat="47.60893410" lon="19.14756820"><ele>156.49</ele><time>2025-10-20T13:32:27.448Z</time></trkpt><trkpt lat="47.60892870" lon="19.14756200"><ele>156.49</ele><time>2025-10-20T13:32:27.610Z</time></trkpt><trkpt lat="47.60892110" lon="19.14755290"><ele>156.50</ele><time>2025-10-20T13:32:27.833Z</time></trkpt><trkpt lat="47.60891470" lon="19.14754490"><ele>156.49</ele><time>2025-10-20T13:32:28.015Z</time></trkpt><trkpt lat="47.60890680" lon="19.14753460"><ele>156.51</ele><time>2025-10-20T13:32:28.237Z</time></trkpt><trkpt lat="47.60889980" lon="19.14752480"><ele>156.53</ele><time>2025-10-20T13:32:28.438Z</time></trkpt><trkpt lat="47.60889330" lon="19.14751570"><ele>156.56</ele><time>2025-10-20T13:32:28.619Z</time></trkpt><trkpt lat="47.60888630" lon="19.14750540"><ele>156.59</ele><time>2025-10-20T13:32:28.820Z</time></trkpt><trkpt lat="47.60887880" lon="19.14749400"><ele>156.64</ele><time>2025-10-20T13:32:29.041Z</time></trkpt><trkpt lat="47.60887350" lon="19.14748570"><ele>156.68</ele><time>2025-10-20T13:32:29.205Z</time></trkpt><trkpt lat="47.60886660" lon="19.14747440"><ele>156.72</ele><time>2025-10-20T13:32:29.429Z</time></trkpt><trkpt lat="47.60886060" lon="19.14746420"><ele>156.74</ele><time>2025-10-20T13:32:29.631Z</time></trkpt><trkpt lat="47.60885490" lon="19.14745400"><ele>156.75</ele><time>2025-10-20T13:32:29.832Z</time></trkpt><trkpt lat="47.60884990" lon="19.14744470"><ele>156.76</ele><time>2025-10-20T13:32:30.013Z</time></trkpt><trkpt lat="47.60884390" lon="19.14743290"><ele>156.79</ele><time>2025-10-20T13:32:30.236Z</time></trkpt><trkpt lat="47.60883850" lon="19.14742190"><ele>156.81</ele><time>2025-10-20T13:32:30.439Z</time></trkpt><trkpt lat="47.60883330" lon="19.14741120"><ele>156.83</ele><time>2025-10-20T13:32:30.640Z</time></trkpt><trkpt lat="47.60882820" lon="19.14740020"><ele>156.86</ele><time>2025-10-20T13:32:30.841Z</time></trkpt><trkpt lat="47.60882320" lon="19.14738940"><ele>156.87</ele><time>2025-10-20T13:32:31.043Z</time></trkpt><trkpt lat="47.60881870" lon="19.14737980"><ele>156.89</ele><time>2025-10-20T13:32:31.224Z</time></trkpt><trkpt lat="47.60881370" lon="19.14736880"><ele>156.91</ele><time>2025-10-20T13:32:31.432Z</time></trkpt><trkpt lat="47.60880940" lon="19.14735940"><ele>156.92</ele><time>2025-10-20T13:32:31.616Z</time></trkpt><trkpt lat="47.60880410" lon="19.14734810"><ele>156.95</ele><time>2025-10-20T13:32:31.840Z</time></trkpt><trkpt lat="47.60879930" lon="19.14733830"><ele>156.97</ele><time>2025-10-20T13:32:32.040Z</time></trkpt><trkpt lat="47.60879460" lon="19.14732930"><ele>156.98</ele><time>2025-10-20T13:32:32.229Z</time></trkpt><trkpt lat="47.60878950" lon="19.14731950"><ele>157.00</ele><time>2025-10-20T13:32:32.441Z</time></trkpt><trkpt lat="47.60878460" lon="19.14731060"><ele>157.04</ele><time>2025-10-20T13:32:32.643Z</time></trkpt><trkpt lat="47.60877990" lon="19.14730210"><ele>157.08</ele><time>2025-10-20T13:32:32.845Z</time></trkpt><trkpt lat="47.60877580" lon="19.14729450"><ele>157.12</ele><time>2025-10-20T13:32:33.026Z</time></trkpt><trkpt lat="47.60877070" lon="19.14728520"><ele>157.17</ele><time>2025-10-20T13:32:33.249Z</time></trkpt><trkpt lat="47.60876620" lon="19.14727690"><ele>157.23</ele><time>2025-10-20T13:32:33.449Z</time></trkpt><trkpt lat="47.60876170" lon="19.14726860"><ele>157.27</ele><time>2025-10-20T13:32:33.649Z</time></trkpt><trkpt lat="47.60875730" lon="19.14726020"><ele>157.32</ele><time>2025-10-20T13:32:33.850Z</time></trkpt><trkpt lat="47.60875300" lon="19.14725190"><ele>157.36</ele><time>2025-10-20T13:32:34.051Z</time></trkpt><trkpt lat="47.60874900" lon="19.14724430"><ele>157.40</ele><time>2025-10-20T13:32:34.230Z</time></trkpt><trkpt lat="47.60874460" lon="19.14723560"><ele>157.42</ele><time>2025-10-20T13:32:34.437Z</time></trkpt><trkpt lat="47.60874040" lon="19.14722700"><ele>157.43</ele><time>2025-10-20T13:32:34.639Z</time></trkpt><trkpt lat="47.60873620" lon="19.14721850"><ele>157.45</ele><time>2025-10-20T13:32:34.841Z</time></trkpt><trkpt lat="47.60873190" lon="19.14720990"><ele>157.47</ele><time>2025-10-20T13:32:35.044Z</time></trkpt><trkpt lat="47.60872840" lon="19.14720280"><ele>157.49</ele><time>2025-10-20T13:32:35.208Z</time></trkpt><trkpt lat="47.60872380" lon="19.14719360"><ele>157.50</ele><time>2025-10-20T13:32:35.420Z</time></trkpt><trkpt lat="47.60871910" lon="19.14718380"><ele>157.50</ele><time>2025-10-20T13:32:35.640Z</time></trkpt><trkpt lat="47.60871510" lon="19.14717570"><ele>157.52</ele><time>2025-10-20T13:32:35.821Z</time></trkpt><trkpt lat="47.60871060" lon="19.14716660"><ele>157.56</ele><time>2025-10-20T13:32:36.022Z</time></trkpt><trkpt lat="47.60870620" lon="19.14715730"><ele>157.58</ele><time>2025-10-20T13:32:36.224Z</time></trkpt><trkpt lat="47.60870170" lon="19.14714800"><ele>157.61</ele><time>2025-10-20T13:32:36.427Z</time></trkpt><trkpt lat="47.60869730" lon="19.14713880"><ele>157.63</ele><time>2025-10-20T13:32:36.629Z</time></trkpt><trkpt lat="47.60869270" lon="19.14712950"><ele>157.64</ele><time>2025-10-20T13:32:36.830Z</time></trkpt><trkpt lat="47.60868800" lon="19.14711990"><ele>157.65</ele><time>2025-10-20T13:32:37.034Z</time></trkpt><trkpt lat="47.60868330" lon="19.14711010"><ele>157.67</ele><time>2025-10-20T13:32:37.237Z</time></trkpt><trkpt lat="47.60867790" lon="19.14709930"><ele>157.69</ele><time>2025-10-20T13:32:37.460Z</time></trkpt><trkpt lat="47.60867290" lon="19.14708930"><ele>157.69</ele><time>2025-10-20T13:32:37.663Z</time></trkpt><trkpt lat="47.60866810" lon="19.14707950"><ele>157.70</ele><time>2025-10-20T13:32:37.864Z</time></trkpt><trkpt lat="47.60866350" lon="19.14707020"><ele>157.73</ele><time>2025-10-20T13:32:38.064Z</time></trkpt><trkpt lat="47.60865920" lon="19.14706110"><ele>157.75</ele><time>2025-10-20T13:32:38.267Z</time></trkpt><trkpt lat="47.60865570" lon="19.14705350"><ele>157.76</ele><time>2025-10-20T13:32:38.448Z</time></trkpt><trkpt lat="47.60865230" lon="19.14704550"><ele>157.77</ele><time>2025-10-20T13:32:38.649Z</time></trkpt><trkpt lat="47.60864910" lon="19.14703680"><ele>157.78</ele><time>2025-10-20T13:32:38.874Z</time></trkpt><trkpt lat="47.60864700" lon="19.14703030"><ele>157.80</ele><time>2025-10-20T13:32:39.053Z</time></trkpt><trkpt lat="47.60864490" lon="19.14702330"><ele>157.80</ele><time>2025-10-20T13:32:39.275Z</time></trkpt><trkpt lat="47.60864370" lon="19.14701820"><ele>157.77</ele><time>2025-10-20T13:32:39.480Z</time></trkpt><trkpt lat="47.60864290" lon="19.14701440"><ele>157.74</ele><time>2025-10-20T13:32:39.681Z</time></trkpt><trkpt lat="47.60864250" lon="19.14701100"><ele>157.67</ele><time>2025-10-20T13:32:39.883Z</time></trkpt><trkpt lat="47.60864280" lon="19.14700830"><ele>157.57</ele><time>2025-10-20T13:32:40.086Z</time></trkpt><trkpt lat="47.60864350" lon="19.14700640"><ele>157.39</ele><time>2025-10-20T13:32:40.278Z</time></trkpt><trkpt lat="47.60864410" lon="19.14700560"><ele>157.15</ele><time>2025-10-20T13:32:40.458Z</time></trkpt><trkpt lat="47.60864500" lon="19.14700580"><ele>156.87</ele><time>2025-10-20T13:32:40.680Z</time></trkpt><trkpt lat="47.60864570" lon="19.14700700"><ele>156.65</ele><time>2025-10-20T13:32:40.862Z</time></trkpt><trkpt lat="47.60864660" lon="19.14700900"><ele>156.38</ele><time>2025-10-20T13:32:41.082Z</time></trkpt><trkpt lat="47.60864710" lon="19.14701160"><ele>156.19</ele><time>2025-10-20T13:32:41.285Z</time></trkpt><trkpt lat="47.60864740" lon="19.14701420"><ele>155.99</ele><time>2025-10-20T13:32:41.485Z</time></trkpt><trkpt lat="47.60864750" lon="19.14701650"><ele>155.73</ele><time>2025-10-20T13:32:41.686Z</time></trkpt><trkpt lat="47.60864740" lon="19.14701820"><ele>155.41</ele><time>2025-10-20T13:32:41.866Z</time></trkpt><trkpt lat="47.60864660" lon="19.14702000"><ele>155.04</ele><time>2025-10-20T13:32:42.087Z</time></trkpt><trkpt lat="47.60864560" lon="19.14702150"><ele>154.72</ele><time>2025-10-20T13:32:42.292Z</time></trkpt><trkpt lat="47.60864470" lon="19.14702260"><ele>154.46</ele><time>2025-10-20T13:32:42.453Z</time></trkpt><trkpt lat="47.60864330" lon="19.14702390"><ele>154.09</ele><time>2025-10-20T13:32:42.676Z</time></trkpt><trkpt lat="47.60864170" lon="19.14702510"><ele>153.77</ele><time>2025-10-20T13:32:42.879Z</time></trkpt><trkpt lat="47.60864010" lon="19.14702650"><ele>153.47</ele><time>2025-10-20T13:32:43.081Z</time></trkpt><trkpt lat="47.60863850" lon="19.14702780"><ele>153.16</ele><time>2025-10-20T13:32:43.292Z</time></trkpt><trkpt lat="47.60863710" lon="19.14702900"><ele>152.89</ele><time>2025-10-20T13:32:43.478Z</time></trkpt><trkpt lat="47.60863580" lon="19.14703020"><ele>152.62</ele><time>2025-10-20T13:32:43.679Z</time></trkpt><trkpt lat="47.60863470" lon="19.14703120"><ele>152.32</ele><time>2025-10-20T13:32:43.880Z</time></trkpt><trkpt lat="47.60863360" lon="19.14703210"><ele>152.04</ele><time>2025-10-20T13:32:44.082Z</time></trkpt><trkpt lat="47.60863250" lon="19.14703290"><ele>151.78</ele><time>2025-10-20T13:32:44.276Z</time></trkpt><trkpt lat="47.60863140" lon="19.14703340"><ele>151.53</ele><time>2025-10-20T13:32:44.459Z</time></trkpt><trkpt lat="47.60863010" lon="19.14703390"><ele>151.22</ele><time>2025-10-20T13:32:44.661Z</time></trkpt><trkpt lat="47.60862870" lon="19.14703450"><ele>150.89</ele><time>2025-10-20T13:32:44.884Z</time></trkpt><trkpt lat="47.60862770" lon="19.14703490"><ele>150.63</ele><time>2025-10-20T13:32:45.086Z</time></trkpt><trkpt lat="47.60862700" lon="19.14703520"><ele>150.37</ele><time>2025-10-20T13:32:45.292Z</time></trkpt><trkpt lat="47.60862630" lon="19.14703570"><ele>150.04</ele><time>2025-10-20T13:32:45.493Z</time></trkpt><trkpt lat="47.60862580" lon="19.14703620"><ele>149.81</ele><time>2025-10-20T13:32:45.676Z</time></trkpt><trkpt lat="47.60862540" lon="19.14703650"><ele>149.57</ele><time>2025-10-20T13:32:45.879Z</time></trkpt><trkpt lat="47.60862520" lon="19.14703660"><ele>149.34</ele><time>2025-10-20T13:32:46.060Z</time></trkpt><trkpt lat="47.60862510" lon="19.14703680"><ele>149.04</ele><time>2025-10-20T13:32:46.263Z</time></trkpt><trkpt lat="47.60862500" lon="19.14703680"><ele>148.72</ele><time>2025-10-20T13:32:46.485Z</time></trkpt><trkpt lat="47.60862510" lon="19.14703670"><ele>148.47</ele><time>2025-10-20T13:32:46.688Z</time></trkpt><trkpt lat="47.60862540" lon="19.14703650"><ele>148.20</ele><time>2025-10-20T13:32:46.892Z</time></trkpt><trkpt lat="47.60862570" lon="19.14703600"><ele>147.94</ele><time>2025-10-20T13:32:47.074Z</time></trkpt><trkpt lat="47.60862610" lon="19.14703540"><ele>147.68</ele><time>2025-10-20T13:32:47.281Z</time></trkpt><trkpt lat="47.60862650" lon="19.14703450"><ele>147.41</ele><time>2025-10-20T13:32:47.483Z</time></trkpt><trkpt lat="47.60862710" lon="19.14703360"><ele>147.15</ele><time>2025-10-20T13:32:47.686Z</time></trkpt><trkpt lat="47.60862770" lon="19.14703240"><ele>146.92</ele><time>2025-10-20T13:32:47.888Z</time></trkpt><trkpt lat="47.60862800" lon="19.14703120"><ele>146.71</ele><time>2025-10-20T13:32:48.090Z</time></trkpt><trkpt lat="47.60862840" lon="19.14703010"><ele>146.51</ele><time>2025-10-20T13:32:48.281Z</time></trkpt><trkpt lat="47.60862870" lon="19.14702890"><ele>146.26</ele><time>2025-10-20T13:32:48.503Z</time></trkpt><trkpt lat="47.60862890" lon="19.14702800"><ele>146.06</ele><time>2025-10-20T13:32:48.684Z</time></trkpt><trkpt lat="47.60862910" lon="19.14702720"><ele>145.82</ele><time>2025-10-20T13:32:48.886Z</time></trkpt><trkpt lat="47.60862930" lon="19.14702680"><ele>145.57</ele><time>2025-10-20T13:32:49.087Z</time></trkpt><trkpt lat="47.60862930" lon="19.14702670"><ele>145.31</ele><time>2025-10-20T13:32:49.291Z</time></trkpt><trkpt lat="47.60862930" lon="19.14702670"><ele>145.04</ele><time>2025-10-20T13:32:49.494Z</time></trkpt><trkpt lat="47.60862920" lon="19.14702670"><ele>144.75</ele><time>2025-10-20T13:32:49.695Z</time></trkpt><trkpt lat="47.60862900" lon="19.14702680"><ele>144.48</ele><time>2025-10-20T13:32:49.896Z</time></trkpt><trkpt lat="47.60862880" lon="19.14702690"><ele>144.27</ele><time>2025-10-20T13:32:50.084Z</time></trkpt><trkpt lat="47.60862840" lon="19.14702710"><ele>144.02</ele><time>2025-10-20T13:32:50.293Z</time></trkpt><trkpt lat="47.60862790" lon="19.14702710"><ele>143.77</ele><time>2025-10-20T13:32:50.496Z</time></trkpt><trkpt lat="47.60862750" lon="19.14702690"><ele>143.55</ele><time>2025-10-20T13:32:50.679Z</time></trkpt><trkpt lat="47.60862660" lon="19.14702620"><ele>143.24</ele><time>2025-10-20T13:32:50.900Z</time></trkpt><trkpt lat="47.60862600" lon="19.14702530"><ele>142.98</ele><time>2025-10-20T13:32:51.104Z</time></trkpt><trkpt lat="47.60862570" lon="19.14702440"><ele>142.73</ele><time>2025-10-20T13:32:51.297Z</time></trkpt><trkpt lat="47.60862540" lon="19.14702330"><ele>142.45</ele><time>2025-10-20T13:32:51.499Z</time></trkpt><trkpt lat="47.60862520" lon="19.14702230"><ele>142.12</ele><time>2025-10-20T13:32:51.704Z</time></trkpt><trkpt lat="47.60862510" lon="19.14702120"><ele>141.76</ele><time>2025-10-20T13:32:51.905Z</time></trkpt><trkpt lat="47.60862480" lon="19.14702030"><ele>141.46</ele><time>2025-10-20T13:32:52.107Z</time></trkpt><trkpt lat="47.60862460" lon="19.14701920"><ele>141.19</ele><time>2025-10-20T13:32:52.311Z</time></trkpt><trkpt lat="47.60862460" lon="19.14701840"><ele>141.00</ele><time>2025-10-20T13:32:52.455Z</time></trkpt><trkpt lat="47.60862470" lon="19.14701720"><ele>140.63</ele><time>2025-10-20T13:32:52.699Z</time></trkpt><trkpt lat="47.60862460" lon="19.14701660"><ele>140.35</ele><time>2025-10-20T13:32:52.881Z</time></trkpt><trkpt lat="47.60862450" lon="19.14701630"><ele>140.05</ele><time>2025-10-20T13:32:53.103Z</time></trkpt><trkpt lat="47.60862460" lon="19.14701620"><ele>139.79</ele><time>2025-10-20T13:32:53.308Z</time></trkpt><trkpt lat="47.60862470" lon="19.14701600"><ele>139.56</ele><time>2025-10-20T13:32:53.488Z</time></trkpt><trkpt lat="47.60862460" lon="19.14701570"><ele>139.27</ele><time>2025-10-20T13:32:53.709Z</time></trkpt><trkpt lat="47.60862440" lon="19.14701550"><ele>139.01</ele><time>2025-10-20T13:32:53.909Z</time></trkpt><trkpt lat="47.60862410" lon="19.14701570"><ele>138.76</ele><time>2025-10-20T13:32:54.110Z</time></trkpt><trkpt lat="47.60862380" lon="19.14701620"><ele>138.52</ele><time>2025-10-20T13:32:54.303Z</time></trkpt><trkpt lat="47.60862350" lon="19.14701680"><ele>138.28</ele><time>2025-10-20T13:32:54.482Z</time></trkpt><trkpt lat="47.60862330" lon="19.14701630"><ele>138.24</ele><time>2025-10-20T13:32:54.705Z</time></trkpt><trkpt lat="47.60862350" lon="19.14701580"><ele>138.20</ele><time>2025-10-20T13:32:54.906Z</time></trkpt><trkpt lat="47.60862350" lon="19.14701560"><ele>138.17</ele><time>2025-10-20T13:32:55.108Z</time></trkpt><trkpt lat="47.60862360" lon="19.14701540"><ele>138.16</ele><time>2025-10-20T13:32:55.294Z</time></trkpt><trkpt lat="47.60862360" lon="19.14701530"><ele>138.13</ele><time>2025-10-20T13:32:55.499Z</time></trkpt><trkpt lat="47.60862350" lon="19.14701520"><ele>138.09</ele><time>2025-10-20T13:32:55.701Z</time></trkpt><trkpt lat="47.60862340" lon="19.14701490"><ele>138.05</ele><time>2025-10-20T13:32:55.923Z</time></trkpt><trkpt lat="47.60862330" lon="19.14701470"><ele>138.01</ele><time>2025-10-20T13:32:56.106Z</time></trkpt><trkpt lat="47.60862320" lon="19.14701450"><ele>137.97</ele><time>2025-10-20T13:32:56.309Z</time></trkpt><trkpt lat="47.60862320" lon="19.14701430"><ele>137.93</ele><time>2025-10-20T13:32:56.493Z</time></trkpt><trkpt lat="47.60862310" lon="19.14701420"><ele>137.86</ele><time>2025-10-20T13:32:56.695Z</time></trkpt><trkpt lat="47.60862290" lon="19.14701400"><ele>137.80</ele><time>2025-10-20T13:32:56.899Z</time></trkpt><trkpt lat="47.60862280" lon="19.14701390"><ele>137.73</ele><time>2025-10-20T13:32:57.100Z</time></trkpt><trkpt lat="47.60862270" lon="19.14701380"><ele>137.68</ele><time>2025-10-20T13:32:57.301Z</time></trkpt><trkpt lat="47.60862260" lon="19.14701370"><ele>137.62</ele><time>2025-10-20T13:32:57.502Z</time></trkpt><trkpt lat="47.60862260" lon="19.14701360"><ele>137.57</ele><time>2025-10-20T13:32:57.663Z</time></trkpt><trkpt lat="47.60862260" lon="19.14701360"><ele>137.57</ele><time>2025-10-20T13:32:57.663Z</time></trkpt><trkpt lat="47.60862260" lon="19.14701360"><ele>137.57</ele><time>2025-10-20T13:32:57.663Z</time></trkpt><trkpt lat="47.60862260" lon="19.14701360"><ele>137.57</ele><time>2025-10-20T13:32:57.663Z</time></trkpt><trkpt lat="47.60862260" lon="19.14701360"><ele>137.57</ele><time>2025-10-20T13:32:57.663Z</time></trkpt><trkpt lat="47.60862260" lon="19.14701360"><ele>137.57</ele><time>2025-10-20T13:32:57.663Z</time></trkpt><trkpt lat="47.60862260" lon="19.14701360"><ele>137.57</ele><time>2025-10-20T13:32:57.663Z</time></trkpt><trkpt lat="47.60862260" lon="19.14701360"><ele>137.57</ele><time>2025-10-20T13:32:57.663Z</time></trkpt><trkpt lat="47.60862260" lon="19.14701360"><ele>137.57</ele><time>2025-10-20T13:32:57.663Z</time></trkpt><trkpt lat="47.60862260" lon="19.14701360"><ele>137.57</ele><time>2025-10-20T13:32:57.663Z</time></trkpt><trkpt lat="47.60862250" lon="19.14701360"><ele>137.55</ele><time>2025-10-20T13:32:59.723Z</time></trkpt><trkpt lat="47.60862240" lon="19.14701350"><ele>137.50</ele><time>2025-10-20T13:32:59.924Z</time></trkpt><trkpt lat="47.60862220" lon="19.14701340"><ele>137.47</ele><time>2025-10-20T13:33:00.124Z</time></trkpt><trkpt lat="47.60862200" lon="19.14701330"><ele>137.44</ele><time>2025-10-20T13:33:00.324Z</time></trkpt><trkpt lat="47.60862180" lon="19.14701330"><ele>137.42</ele><time>2025-10-20T13:33:00.524Z</time></trkpt><trkpt lat="47.60862170" lon="19.14701320"><ele>137.38</ele><time>2025-10-20T13:33:00.726Z</time></trkpt><trkpt lat="47.60862170" lon="19.14701320"><ele>137.33</ele><time>2025-10-20T13:33:00.926Z</time></trkpt><trkpt lat="47.60862170" lon="19.14701310"><ele>137.28</ele><time>2025-10-20T13:33:01.127Z</time></trkpt><trkpt lat="47.60862180" lon="19.14701310"><ele>137.22</ele><time>2025-10-20T13:33:01.330Z</time></trkpt><trkpt lat="47.60862180" lon="19.14701300"><ele>137.17</ele><time>2025-10-20T13:33:01.530Z</time></trkpt><trkpt lat="47.60862190" lon="19.14701300"><ele>137.12</ele><time>2025-10-20T13:33:01.730Z</time></trkpt><trkpt lat="47.60862190" lon="19.14701290"><ele>137.07</ele><time>2025-10-20T13:33:01.930Z</time></trkpt><trkpt lat="47.60862200" lon="19.14701280"><ele>137.02</ele><time>2025-10-20T13:33:02.131Z</time></trkpt><trkpt lat="47.60862200" lon="19.14701280"><ele>136.98</ele><time>2025-10-20T13:33:02.330Z</time></trkpt><trkpt lat="47.60862200" lon="19.14701280"><ele>136.93</ele><time>2025-10-20T13:33:02.530Z</time></trkpt><trkpt lat="47.60862200" lon="19.14701280"><ele>136.89</ele><time>2025-10-20T13:33:02.731Z</time></trkpt><trkpt lat="47.60862200" lon="19.14701280"><ele>136.85</ele><time>2025-10-20T13:33:02.932Z</time></trkpt><trkpt lat="47.60862190" lon="19.14701280"><ele>136.82</ele><time>2025-10-20T13:33:03.133Z</time></trkpt><trkpt lat="47.60862190" lon="19.14701280"><ele>136.78</ele><time>2025-10-20T13:33:03.334Z</time></trkpt><trkpt lat="47.60862190" lon="19.14701280"><ele>136.74</ele><time>2025-10-20T13:33:03.534Z</time></trkpt><trkpt lat="47.60862180" lon="19.14701280"><ele>136.70</ele><time>2025-10-20T13:33:03.734Z</time></trkpt><trkpt lat="47.60862180" lon="19.14701280"><ele>136.67</ele><time>2025-10-20T13:33:03.934Z</time></trkpt><trkpt lat="47.60862180" lon="19.14701280"><ele>136.63</ele><time>2025-10-20T13:33:04.134Z</time></trkpt><trkpt lat="47.60862180" lon="19.14701280"><ele>136.60</ele><time>2025-10-20T13:33:04.334Z</time></trkpt><trkpt lat="47.60862180" lon="19.14701270"><ele>136.57</ele><time>2025-10-20T13:33:04.534Z</time></trkpt><trkpt lat="47.60862180" lon="19.14701270"><ele>136.54</ele><time>2025-10-20T13:33:04.736Z</time></trkpt><trkpt lat="47.60862180" lon="19.14701270"><ele>136.51</ele><time>2025-10-20T13:33:04.936Z</time></trkpt><trkpt lat="47.60862180" lon="19.14701270"><ele>136.48</ele><time>2025-10-20T13:33:05.136Z</time></trkpt><trkpt lat="47.60862180" lon="19.14701270"><ele>136.46</ele><time>2025-10-20T13:33:05.338Z</time></trkpt><trkpt lat="47.60862180" lon="19.14701260"><ele>136.44</ele><time>2025-10-20T13:33:05.539Z</time></trkpt><trkpt lat="47.60862190" lon="19.14701260"><ele>136.42</ele><time>2025-10-20T13:33:05.741Z</time></trkpt><trkpt lat="47.60862190" lon="19.14701260"><ele>136.40</ele><time>2025-10-20T13:33:05.940Z</time></trkpt><trkpt lat="47.60862190" lon="19.14701260"><ele>136.38</ele><time>2025-10-20T13:33:06.140Z</time></trkpt><trkpt lat="47.60862200" lon="19.14701260"><ele>136.35</ele><time>2025-10-20T13:33:06.341Z</time></trkpt><trkpt lat="47.60862200" lon="19.14701260"><ele>136.34</ele><time>2025-10-20T13:33:06.542Z</time></trkpt><trkpt lat="47.60862200" lon="19.14701260"><ele>136.33</ele><time>2025-10-20T13:33:06.744Z</time></trkpt><trkpt lat="47.60862210" lon="19.14701260"><ele>136.32</ele><time>2025-10-20T13:33:06.945Z</time></trkpt><trkpt lat="47.60862210" lon="19.14701260"><ele>136.31</ele><time>2025-10-20T13:33:07.145Z</time></trkpt><trkpt lat="47.60862210" lon="19.14701260"><ele>136.29</ele><time>2025-10-20T13:33:07.345Z</time></trkpt><trkpt lat="47.60862220" lon="19.14701260"><ele>136.28</ele><time>2025-10-20T13:33:07.545Z</time></trkpt><trkpt lat="47.60862220" lon="19.14701250"><ele>136.27</ele><time>2025-10-20T13:33:07.746Z</time></trkpt><trkpt lat="47.60862230" lon="19.14701250"><ele>136.26</ele><time>2025-10-20T13:33:07.946Z</time></trkpt><trkpt lat="47.60862230" lon="19.14701250"><ele>136.25</ele><time>2025-10-20T13:33:08.147Z</time></trkpt><trkpt lat="47.60862230" lon="19.14701260"><ele>136.25</ele><time>2025-10-20T13:33:08.347Z</time></trkpt><trkpt lat="47.60862230" lon="19.14701260"><ele>136.24</ele><time>2025-10-20T13:33:08.547Z</time></trkpt><trkpt lat="47.60862220" lon="19.14701260"><ele>136.24</ele><time>2025-10-20T13:33:08.749Z</time></trkpt><trkpt lat="47.60862220" lon="19.14701260"><ele>136.24</ele><time>2025-10-20T13:33:08.950Z</time></trkpt><trkpt lat="47.60862220" lon="19.14701260"><ele>136.24</ele><time>2025-10-20T13:33:09.151Z</time></trkpt><trkpt lat="47.60862220" lon="19.14701260"><ele>136.23</ele><time>2025-10-20T13:33:09.351Z</time></trkpt><trkpt lat="47.60862220" lon="19.14701260"><ele>136.22</ele><time>2025-10-20T13:33:09.551Z</time></trkpt><trkpt lat="47.60862220" lon="19.14701270"><ele>136.22</ele><time>2025-10-20T13:33:09.752Z</time></trkpt><trkpt lat="47.60862220" lon="19.14701270"><ele>136.22</ele><time>2025-10-20T13:33:09.953Z</time></trkpt><trkpt lat="47.60862230" lon="19.14701270"><ele>136.22</ele><time>2025-10-20T13:33:10.153Z</time></trkpt><trkpt lat="47.60862230" lon="19.14701270"><ele>136.22</ele><time>2025-10-20T13:33:10.353Z</time></trkpt><trkpt lat="47.60862230" lon="19.14701270"><ele>136.22</ele><time>2025-10-20T13:33:10.554Z</time></trkpt><trkpt lat="47.60862230" lon="19.14701280"><ele>136.22</ele><time>2025-10-20T13:33:10.754Z</time></trkpt><trkpt lat="47.60862230" lon="19.14701280"><ele>136.22</ele><time>2025-10-20T13:33:10.955Z</time></trkpt><trkpt lat="47.60862230" lon="19.14701280"><ele>136.22</ele><time>2025-10-20T13:33:11.155Z</time></trkpt><trkpt lat="47.60862240" lon="19.14701280"><ele>136.22</ele><time>2025-10-20T13:33:11.356Z</time></trkpt><trkpt lat="47.60862240" lon="19.14701280"><ele>136.22</ele><time>2025-10-20T13:33:11.537Z</time></trkpt><trkpt lat="47.60862240" lon="19.14701290"><ele>136.22</ele><time>2025-10-20T13:33:11.738Z</time></trkpt><trkpt lat="47.60862250" lon="19.14701290"><ele>136.22</ele><time>2025-10-20T13:33:11.938Z</time></trkpt><trkpt lat="47.60862250" lon="19.14701290"><ele>136.22</ele><time>2025-10-20T13:33:12.138Z</time></trkpt><trkpt lat="47.60862250" lon="19.14701300"><ele>136.21</ele><time>2025-10-20T13:33:12.343Z</time></trkpt><trkpt lat="47.60862250" lon="19.14701300"><ele>136.22</ele><time>2025-10-20T13:33:12.543Z</time></trkpt><trkpt lat="47.60862260" lon="19.14701300"><ele>136.22</ele><time>2025-10-20T13:33:12.744Z</time></trkpt><trkpt lat="47.60862260" lon="19.14701300"><ele>136.22</ele><time>2025-10-20T13:33:12.945Z</time></trkpt><trkpt lat="47.60862260" lon="19.14701300"><ele>136.23</ele><time>2025-10-20T13:33:13.146Z</time></trkpt><trkpt lat="47.60862270" lon="19.14701300"><ele>136.23</ele><time>2025-10-20T13:33:13.347Z</time></trkpt><trkpt lat="47.60862270" lon="19.14701300"><ele>136.23</ele><time>2025-10-20T13:33:13.548Z</time></trkpt><trkpt lat="47.60862270" lon="19.14701300"><ele>136.23</ele><time>2025-10-20T13:33:13.750Z</time></trkpt><trkpt lat="47.60862280" lon="19.14701300"><ele>136.24</ele><time>2025-10-20T13:33:13.950Z</time></trkpt><trkpt lat="47.60862280" lon="19.14701300"><ele>136.24</ele><time>2025-10-20T13:33:14.151Z</time></trkpt><trkpt lat="47.60862280" lon="19.14701290"><ele>136.24</ele><time>2025-10-20T13:33:14.353Z</time></trkpt><trkpt lat="47.60862290" lon="19.14701290"><ele>136.24</ele><time>2025-10-20T13:33:14.554Z</time></trkpt><trkpt lat="47.60862290" lon="19.14701290"><ele>136.25</ele><time>2025-10-20T13:33:14.755Z</time></trkpt><trkpt lat="47.60862300" lon="19.14701290"><ele>136.25</ele><time>2025-10-20T13:33:14.956Z</time></trkpt><trkpt lat="47.60862300" lon="19.14701290"><ele>136.26</ele><time>2025-10-20T13:33:15.156Z</time></trkpt><trkpt lat="47.60862300" lon="19.14701290"><ele>136.26</ele><time>2025-10-20T13:33:15.339Z</time></trkpt><trkpt lat="47.60862310" lon="19.14701290"><ele>136.26</ele><time>2025-10-20T13:33:15.558Z</time></trkpt><trkpt lat="47.60862310" lon="19.14701290"><ele>136.26</ele><time>2025-10-20T13:33:15.742Z</time></trkpt><trkpt lat="47.60862310" lon="19.14701290"><ele>136.26</ele><time>2025-10-20T13:33:15.964Z</time></trkpt><trkpt lat="47.60862310" lon="19.14701290"><ele>136.27</ele><time>2025-10-20T13:33:16.146Z</time></trkpt><trkpt lat="47.60862310" lon="19.14701290"><ele>136.27</ele><time>2025-10-20T13:33:16.350Z</time></trkpt><trkpt lat="47.60862310" lon="19.14701290"><ele>136.27</ele><time>2025-10-20T13:33:16.553Z</time></trkpt><trkpt lat="47.60862310" lon="19.14701290"><ele>136.28</ele><time>2025-10-20T13:33:16.756Z</time></trkpt><trkpt lat="47.60862310" lon="19.14701290"><ele>136.28</ele><time>2025-10-20T13:33:16.957Z</time></trkpt><trkpt lat="47.60862310" lon="19.14701290"><ele>136.28</ele><time>2025-10-20T13:33:17.157Z</time></trkpt><trkpt lat="47.60862310" lon="19.14701290"><ele>136.28</ele><time>2025-10-20T13:33:17.358Z</time></trkpt><trkpt lat="47.60862310" lon="19.14701290"><ele>136.27</ele><time>2025-10-20T13:33:17.558Z</time></trkpt><trkpt lat="47.60862310" lon="19.14701300"><ele>136.27</ele><time>2025-10-20T13:33:17.760Z</time></trkpt><trkpt lat="47.60862310" lon="19.14701300"><ele>136.28</ele><time>2025-10-20T13:33:17.960Z</time></trkpt><trkpt lat="47.60862310" lon="19.14701300"><ele>136.28</ele><time>2025-10-20T13:33:18.160Z</time></trkpt><trkpt lat="47.60862310" lon="19.14701310"><ele>136.27</ele><time>2025-10-20T13:33:18.361Z</time></trkpt><trkpt lat="47.60862300" lon="19.14701310"><ele>136.27</ele><time>2025-10-20T13:33:18.562Z</time></trkpt><trkpt lat="47.60862300" lon="19.14701320"><ele>136.27</ele><time>2025-10-20T13:33:18.764Z</time></trkpt><trkpt lat="47.60862290" lon="19.14701320"><ele>136.28</ele><time>2025-10-20T13:33:18.964Z</time></trkpt><trkpt lat="47.60862290" lon="19.14701320"><ele>136.28</ele><time>2025-10-20T13:33:19.164Z</time></trkpt><trkpt lat="47.60862290" lon="19.14701320"><ele>136.28</ele><time>2025-10-20T13:33:19.367Z</time></trkpt><trkpt lat="47.60862280" lon="19.14701330"><ele>136.28</ele><time>2025-10-20T13:33:19.568Z</time></trkpt><trkpt lat="47.60862280" lon="19.14701330"><ele>136.28</ele><time>2025-10-20T13:33:19.768Z</time></trkpt><trkpt lat="47.60862280" lon="19.14701320"><ele>136.28</ele><time>2025-10-20T13:33:19.968Z</time></trkpt><trkpt lat="47.60862280" lon="19.14701320"><ele>136.29</ele><time>2025-10-20T13:33:20.168Z</time></trkpt><trkpt lat="47.60862280" lon="19.14701320"><ele>136.29</ele><time>2025-10-20T13:33:20.369Z</time></trkpt><trkpt lat="47.60862280" lon="19.14701320"><ele>136.28</ele><time>2025-10-20T13:33:20.570Z</time></trkpt><trkpt lat="47.60862280" lon="19.14701320"><ele>136.29</ele><time>2025-10-20T13:33:20.773Z</time></trkpt><trkpt lat="47.60862280" lon="19.14701320"><ele>136.29</ele><time>2025-10-20T13:33:20.973Z</time></trkpt><trkpt lat="47.60862280" lon="19.14701310"><ele>136.29</ele><time>2025-10-20T13:33:21.173Z</time></trkpt><trkpt lat="47.60862270" lon="19.14701310"><ele>136.29</ele><time>2025-10-20T13:33:21.375Z</time></trkpt><trkpt lat="47.60862270" lon="19.14701300"><ele>136.29</ele><time>2025-10-20T13:33:21.575Z</time></trkpt><trkpt lat="47.60862270" lon="19.14701300"><ele>136.29</ele><time>2025-10-20T13:33:21.777Z</time></trkpt><trkpt lat="47.60862260" lon="19.14701300"><ele>136.29</ele><time>2025-10-20T13:33:21.978Z</time></trkpt><trkpt lat="47.60862260" lon="19.14701290"><ele>136.29</ele><time>2025-10-20T13:33:22.178Z</time></trkpt><trkpt lat="47.60862260" lon="19.14701290"><ele>136.29</ele><time>2025-10-20T13:33:22.381Z</time></trkpt><trkpt lat="47.60862250" lon="19.14701280"><ele>136.29</ele><time>2025-10-20T13:33:22.582Z</time></trkpt><trkpt lat="47.60862250" lon="19.14701270"><ele>136.29</ele><time>2025-10-20T13:33:22.765Z</time></trkpt><trkpt lat="47.60862250" lon="19.14701270"><ele>136.29</ele><time>2025-10-20T13:33:22.965Z</time></trkpt><trkpt lat="47.60862250" lon="19.14701260"><ele>136.29</ele><time>2025-10-20T13:33:23.167Z</time></trkpt><trkpt lat="47.60862240" lon="19.14701260"><ele>136.30</ele><time>2025-10-20T13:33:23.371Z</time></trkpt><trkpt lat="47.60862240" lon="19.14701260"><ele>136.30</ele><time>2025-10-20T13:33:23.574Z</time></trkpt><trkpt lat="47.60862230" lon="19.14701260"><ele>136.30</ele><time>2025-10-20T13:33:23.776Z</time></trkpt><trkpt lat="47.60862230" lon="19.14701250"><ele>136.30</ele><time>2025-10-20T13:33:23.978Z</time></trkpt><trkpt lat="47.60862220" lon="19.14701250"><ele>136.30</ele><time>2025-10-20T13:33:24.183Z</time></trkpt><trkpt lat="47.60862220" lon="19.14701260"><ele>136.30</ele><time>2025-10-20T13:33:24.384Z</time></trkpt><trkpt lat="47.60862230" lon="19.14701250"><ele>136.30</ele><time>2025-10-20T13:33:24.565Z</time></trkpt><trkpt lat="47.60862230" lon="19.14701250"><ele>136.31</ele><time>2025-10-20T13:33:24.768Z</time></trkpt><trkpt lat="47.60862230" lon="19.14701260"><ele>136.31</ele><time>2025-10-20T13:33:24.969Z</time></trkpt><trkpt lat="47.60862220" lon="19.14701260"><ele>136.31</ele><time>2025-10-20T13:33:25.170Z</time></trkpt><trkpt lat="47.60862220" lon="19.14701270"><ele>136.31</ele><time>2025-10-20T13:33:25.378Z</time></trkpt><trkpt lat="47.60862220" lon="19.14701270"><ele>136.30</ele><time>2025-10-20T13:33:25.578Z</time></trkpt><trkpt lat="47.60862230" lon="19.14701270"><ele>136.30</ele><time>2025-10-20T13:33:25.779Z</time></trkpt><trkpt lat="47.60862230" lon="19.14701270"><ele>136.30</ele><time>2025-10-20T13:33:25.979Z</time></trkpt><trkpt lat="47.60862230" lon="19.14701280"><ele>136.30</ele><time>2025-10-20T13:33:26.179Z</time></trkpt><trkpt lat="47.60862230" lon="19.14701280"><ele>136.31</ele><time>2025-10-20T13:33:26.381Z</time></trkpt><trkpt lat="47.60862230" lon="19.14701290"><ele>136.31</ele><time>2025-10-20T13:33:26.582Z</time></trkpt><trkpt lat="47.60862240" lon="19.14701290"><ele>136.31</ele><time>2025-10-20T13:33:26.783Z</time></trkpt><trkpt lat="47.60862240" lon="19.14701290"><ele>136.31</ele><time>2025-10-20T13:33:26.983Z</time></trkpt><trkpt lat="47.60862240" lon="19.14701290"><ele>136.31</ele><time>2025-10-20T13:33:27.183Z</time></trkpt><trkpt lat="47.60862250" lon="19.14701290"><ele>136.31</ele><time>2025-10-20T13:33:27.385Z</time></trkpt><trkpt lat="47.60862250" lon="19.14701290"><ele>136.31</ele><time>2025-10-20T13:33:27.586Z</time></trkpt><trkpt lat="47.60862250" lon="19.14701300"><ele>136.31</ele><time>2025-10-20T13:33:27.786Z</time></trkpt><trkpt lat="47.60862250" lon="19.14701300"><ele>136.31</ele><time>2025-10-20T13:33:27.986Z</time></trkpt><trkpt lat="47.60862250" lon="19.14701300"><ele>136.31</ele><time>2025-10-20T13:33:28.186Z</time></trkpt><trkpt lat="47.60862250" lon="19.14701300"><ele>136.30</ele><time>2025-10-20T13:33:28.389Z</time></trkpt><trkpt lat="47.60862260" lon="19.14701300"><ele>136.31</ele><time>2025-10-20T13:33:28.589Z</time></trkpt><trkpt lat="47.60862260" lon="19.14701300"><ele>136.31</ele><time>2025-10-20T13:33:28.791Z</time></trkpt><trkpt lat="47.60862260" lon="19.14701300"><ele>136.31</ele><time>2025-10-20T13:33:28.991Z</time></trkpt><trkpt lat="47.60862270" lon="19.14701300"><ele>136.31</ele><time>2025-10-20T13:33:29.192Z</time></trkpt><trkpt lat="47.60862270" lon="19.14701300"><ele>136.32</ele><time>2025-10-20T13:33:29.393Z</time></trkpt><trkpt lat="47.60862270" lon="19.14701310"><ele>136.32</ele><time>2025-10-20T13:33:29.594Z</time></trkpt><trkpt lat="47.60862270" lon="19.14701310"><ele>136.31</ele><time>2025-10-20T13:33:29.794Z</time></trkpt><trkpt lat="47.60862270" lon="19.14701320"><ele>136.31</ele><time>2025-10-20T13:33:29.995Z</time></trkpt><trkpt lat="47.60862270" lon="19.14701330"><ele>136.32</ele><time>2025-10-20T13:33:30.195Z</time></trkpt><trkpt lat="47.60862270" lon="19.14701340"><ele>136.32</ele><time>2025-10-20T13:33:30.395Z</time></trkpt><trkpt lat="47.60862270" lon="19.14701340"><ele>136.32</ele><time>2025-10-20T13:33:30.595Z</time></trkpt><trkpt lat="47.60862270" lon="19.14701350"><ele>136.32</ele><time>2025-10-20T13:33:30.797Z</time></trkpt><trkpt lat="47.60862270" lon="19.14701350"><ele>136.32</ele><time>2025-10-20T13:33:30.998Z</time></trkpt><trkpt lat="47.60862270" lon="19.14701360"><ele>136.31</ele><time>2025-10-20T13:33:31.199Z</time></trkpt><trkpt lat="47.60862270" lon="19.14701360"><ele>136.31</ele><time>2025-10-20T13:33:31.400Z</time></trkpt><trkpt lat="47.60862270" lon="19.14701360"><ele>136.31</ele><time>2025-10-20T13:33:31.600Z</time></trkpt><trkpt lat="47.60862270" lon="19.14701370"><ele>136.31</ele><time>2025-10-20T13:33:31.801Z</time></trkpt><trkpt lat="47.60862270" lon="19.14701370"><ele>136.32</ele><time>2025-10-20T13:33:32.001Z</time></trkpt><trkpt lat="47.60862270" lon="19.14701370"><ele>136.32</ele><time>2025-10-20T13:33:32.204Z</time></trkpt><trkpt lat="47.60862280" lon="19.14701370"><ele>136.32</ele><time>2025-10-20T13:33:32.404Z</time></trkpt><trkpt lat="47.60862280" lon="19.14701370"><ele>136.32</ele><time>2025-10-20T13:33:32.605Z</time></trkpt><trkpt lat="47.60862290" lon="19.14701370"><ele>136.32</ele><time>2025-10-20T13:33:32.806Z</time></trkpt><trkpt lat="47.60862290" lon="19.14701380"><ele>136.33</ele><time>2025-10-20T13:33:33.006Z</time></trkpt><trkpt lat="47.60862300" lon="19.14701380"><ele>136.33</ele><time>2025-10-20T13:33:33.206Z</time></trkpt><trkpt lat="47.60862300" lon="19.14701380"><ele>136.33</ele><time>2025-10-20T13:33:33.408Z</time></trkpt><trkpt lat="47.60862300" lon="19.14701370"><ele>136.33</ele><time>2025-10-20T13:33:33.608Z</time></trkpt><trkpt lat="47.60862310" lon="19.14701370"><ele>136.34</ele><time>2025-10-20T13:33:33.809Z</time></trkpt><trkpt lat="47.60862320" lon="19.14701370"><ele>136.34</ele><time>2025-10-20T13:33:34.009Z</time></trkpt><trkpt lat="47.60862320" lon="19.14701370"><ele>136.34</ele><time>2025-10-20T13:33:34.209Z</time></trkpt><trkpt lat="47.60862320" lon="19.14701370"><ele>136.34</ele><time>2025-10-20T13:33:34.409Z</time></trkpt><trkpt lat="47.60862320" lon="19.14701370"><ele>136.34</ele><time>2025-10-20T13:33:34.609Z</time></trkpt><trkpt lat="47.60862320" lon="19.14701370"><ele>136.34</ele><time>2025-10-20T13:33:34.810Z</time></trkpt><trkpt lat="47.60862320" lon="19.14701370"><ele>136.34</ele><time>2025-10-20T13:33:35.011Z</time></trkpt><trkpt lat="47.60862310" lon="19.14701370"><ele>136.33</ele><time>2025-10-20T13:33:35.213Z</time></trkpt><trkpt lat="47.60862310" lon="19.14701370"><ele>136.33</ele><time>2025-10-20T13:33:35.413Z</time></trkpt><trkpt lat="47.60862310" lon="19.14701360"><ele>136.33</ele><time>2025-10-20T13:33:35.613Z</time></trkpt><trkpt lat="47.60862300" lon="19.14701360"><ele>136.33</ele><time>2025-10-20T13:33:35.814Z</time></trkpt><trkpt lat="47.60862300" lon="19.14701360"><ele>136.33</ele><time>2025-10-20T13:33:36.014Z</time></trkpt><trkpt lat="47.60862300" lon="19.14701360"><ele>136.33</ele><time>2025-10-20T13:33:36.215Z</time></trkpt><trkpt lat="47.60862300" lon="19.14701350"><ele>136.32</ele><time>2025-10-20T13:33:36.415Z</time></trkpt><trkpt lat="47.60862300" lon="19.14701350"><ele>136.32</ele><time>2025-10-20T13:33:36.615Z</time></trkpt><trkpt lat="47.60862300" lon="19.14701350"><ele>136.32</ele><time>2025-10-20T13:33:36.816Z</time></trkpt><trkpt lat="47.60862300" lon="19.14701340"><ele>136.32</ele><time>2025-10-20T13:33:37.016Z</time></trkpt><trkpt lat="47.60862300" lon="19.14701340"><ele>136.32</ele><time>2025-10-20T13:33:37.217Z</time></trkpt><trkpt lat="47.60862300" lon="19.14701340"><ele>136.31</ele><time>2025-10-20T13:33:37.416Z</time></trkpt><trkpt lat="47.60862300" lon="19.14701340"><ele>136.31</ele><time>2025-10-20T13:33:37.617Z</time></trkpt><trkpt lat="47.60862290" lon="19.14701330"><ele>136.30</ele><time>2025-10-20T13:33:37.818Z</time></trkpt><trkpt lat="47.60862290" lon="19.14701330"><ele>136.30</ele><time>2025-10-20T13:33:38.019Z</time></trkpt><trkpt lat="47.60862290" lon="19.14701330"><ele>136.30</ele><time>2025-10-20T13:33:38.219Z</time></trkpt><trkpt lat="47.60862290" lon="19.14701330"><ele>136.30</ele><time>2025-10-20T13:33:38.420Z</time></trkpt><trkpt lat="47.60862290" lon="19.14701340"><ele>136.30</ele><time>2025-10-20T13:33:38.621Z</time></trkpt><trkpt lat="47.60862290" lon="19.14701340"><ele>136.29</ele><time>2025-10-20T13:33:38.821Z</time></trkpt><trkpt lat="47.60862290" lon="19.14701340"><ele>136.30</ele><time>2025-10-20T13:33:39.021Z</time></trkpt><trkpt lat="47.60862300" lon="19.14701330"><ele>136.30</ele><time>2025-10-20T13:33:39.221Z</time></trkpt><trkpt lat="47.60862300" lon="19.14701330"><ele>136.30</ele><time>2025-10-20T13:33:39.421Z</time></trkpt><trkpt lat="47.60862300" lon="19.14701330"><ele>136.30</ele><time>2025-10-20T13:33:39.621Z</time></trkpt><trkpt lat="47.60862310" lon="19.14701330"><ele>136.30</ele><time>2025-10-20T13:33:39.822Z</time></trkpt><trkpt lat="47.60862310" lon="19.14701330"><ele>136.30</ele><time>2025-10-20T13:33:40.022Z</time></trkpt><trkpt lat="47.60862310" lon="19.14701340"><ele>136.30</ele><time>2025-10-20T13:33:40.222Z</time></trkpt><trkpt lat="47.60862310" lon="19.14701340"><ele>136.30</ele><time>2025-10-20T13:33:40.424Z</time></trkpt><trkpt lat="47.60862300" lon="19.14701340"><ele>136.30</ele><time>2025-10-20T13:33:40.624Z</time></trkpt><trkpt lat="47.60862300" lon="19.14701340"><ele>136.30</ele><time>2025-10-20T13:33:40.825Z</time></trkpt><trkpt lat="47.60862300" lon="19.14701350"><ele>136.30</ele><time>2025-10-20T13:33:41.026Z</time></trkpt><trkpt lat="47.60862300" lon="19.14701350"><ele>136.30</ele><time>2025-10-20T13:33:41.226Z</time></trkpt><trkpt lat="47.60862310" lon="19.14701350"><ele>136.30</ele><time>2025-10-20T13:33:41.427Z</time></trkpt><trkpt lat="47.60862310" lon="19.14701340"><ele>136.30</ele><time>2025-10-20T13:33:41.627Z</time></trkpt><trkpt lat="47.60862310" lon="19.14701340"><ele>136.30</ele><time>2025-10-20T13:33:41.827Z</time></trkpt><trkpt lat="47.60862310" lon="19.14701340"><ele>136.31</ele><time>2025-10-20T13:33:42.027Z</time></trkpt><trkpt lat="47.60862310" lon="19.14701330"><ele>136.31</ele><time>2025-10-20T13:33:42.227Z</time></trkpt><trkpt lat="47.60862310" lon="19.14701330"><ele>136.30</ele><time>2025-10-20T13:33:42.428Z</time></trkpt><trkpt lat="47.60862310" lon="19.14701320"><ele>136.31</ele><time>2025-10-20T13:33:42.627Z</time></trkpt><trkpt lat="47.60862310" lon="19.14701320"><ele>136.31</ele><time>2025-10-20T13:33:42.828Z</time></trkpt><trkpt lat="47.60862310" lon="19.14701320"><ele>136.31</ele><time>2025-10-20T13:33:43.028Z</time></trkpt><trkpt lat="47.60862310" lon="19.14701320"><ele>136.31</ele><time>2025-10-20T13:33:43.229Z</time></trkpt><trkpt lat="47.60862310" lon="19.14701320"><ele>136.31</ele><time>2025-10-20T13:33:43.428Z</time></trkpt><trkpt lat="47.60862320" lon="19.14701320"><ele>136.31</ele><time>2025-10-20T13:33:43.630Z</time></trkpt><trkpt lat="47.60862320" lon="19.14701320"><ele>136.31</ele><time>2025-10-20T13:33:43.830Z</time></trkpt><trkpt lat="47.60862320" lon="19.14701320"><ele>136.32</ele><time>2025-10-20T13:33:44.031Z</time></trkpt><trkpt lat="47.60862320" lon="19.14701320"><ele>136.32</ele><time>2025-10-20T13:33:44.231Z</time></trkpt><trkpt lat="47.60862320" lon="19.14701320"><ele>136.32</ele><time>2025-10-20T13:33:44.434Z</time></trkpt><trkpt lat="47.60862320" lon="19.14701320"><ele>136.32</ele><time>2025-10-20T13:33:44.636Z</time></trkpt><trkpt lat="47.60862320" lon="19.14701320"><ele>136.32</ele><time>2025-10-20T13:33:44.839Z</time></trkpt><trkpt lat="47.60862310" lon="19.14701320"><ele>136.32</ele><time>2025-10-20T13:33:45.040Z</time></trkpt><trkpt lat="47.60862310" lon="19.14701320"><ele>136.32</ele><time>2025-10-20T13:33:45.242Z</time></trkpt><trkpt lat="47.60862300" lon="19.14701320"><ele>136.32</ele><time>2025-10-20T13:33:45.443Z</time></trkpt><trkpt lat="47.60862300" lon="19.14701330"><ele>136.32</ele><time>2025-10-20T13:33:45.644Z</time></trkpt><trkpt lat="47.60862300" lon="19.14701320"><ele>136.32</ele><time>2025-10-20T13:33:45.846Z</time></trkpt><trkpt lat="47.60862300" lon="19.14701320"><ele>136.32</ele><time>2025-10-20T13:33:46.048Z</time></trkpt><trkpt lat="47.60862290" lon="19.14701320"><ele>136.31</ele><time>2025-10-20T13:33:46.248Z</time></trkpt><trkpt lat="47.60862290" lon="19.14701310"><ele>136.31</ele><time>2025-10-20T13:33:46.449Z</time></trkpt><trkpt lat="47.60862300" lon="19.14701310"><ele>136.32</ele><time>2025-10-20T13:33:46.649Z</time></trkpt><trkpt lat="47.60862300" lon="19.14701300"><ele>136.32</ele><time>2025-10-20T13:33:46.850Z</time></trkpt><trkpt lat="47.60862300" lon="19.14701300"><ele>136.32</ele><time>2025-10-20T13:33:47.049Z</time></trkpt><trkpt lat="47.60862310" lon="19.14701300"><ele>136.32</ele><time>2025-10-20T13:33:47.250Z</time></trkpt><trkpt lat="47.60862310" lon="19.14701300"><ele>136.32</ele><time>2025-10-20T13:33:47.451Z</time></trkpt><trkpt lat="47.60862310" lon="19.14701310"><ele>136.32</ele><time>2025-10-20T13:33:47.652Z</time></trkpt><trkpt lat="47.60862320" lon="19.14701310"><ele>136.33</ele><time>2025-10-20T13:33:47.853Z</time></trkpt><trkpt lat="47.60862320" lon="19.14701310"><ele>136.32</ele><time>2025-10-20T13:33:48.054Z</time></trkpt><trkpt lat="47.60862320" lon="19.14701310"><ele>136.32</ele><time>2025-10-20T13:33:48.234Z</time></trkpt><trkpt lat="47.60862330" lon="19.14701310"><ele>136.32</ele><time>2025-10-20T13:33:48.455Z</time></trkpt><trkpt lat="47.60862330" lon="19.14701310"><ele>136.32</ele><time>2025-10-20T13:33:48.655Z</time></trkpt><trkpt lat="47.60862330" lon="19.14701300"><ele>136.33</ele><time>2025-10-20T13:33:48.856Z</time></trkpt><trkpt lat="47.60862330" lon="19.14701300"><ele>136.33</ele><time>2025-10-20T13:33:49.056Z</time></trkpt><trkpt lat="47.60862330" lon="19.14701300"><ele>136.33</ele><time>2025-10-20T13:33:49.236Z</time></trkpt><trkpt lat="47.60862330" lon="19.14701300"><ele>136.33</ele><time>2025-10-20T13:33:49.456Z</time></trkpt><trkpt lat="47.60862330" lon="19.14701300"><ele>136.33</ele><time>2025-10-20T13:33:49.655Z</time></trkpt><trkpt lat="47.60862330" lon="19.14701300"><ele>136.34</ele><time>2025-10-20T13:33:49.836Z</time></trkpt><trkpt lat="47.60862330" lon="19.14701290"><ele>136.34</ele><time>2025-10-20T13:33:50.036Z</time></trkpt><trkpt lat="47.60862330" lon="19.14701290"><ele>136.34</ele><time>2025-10-20T13:33:50.236Z</time></trkpt><trkpt lat="47.60862340" lon="19.14701300"><ele>136.34</ele><time>2025-10-20T13:33:50.437Z</time></trkpt><trkpt lat="47.60862340" lon="19.14701300"><ele>136.34</ele><time>2025-10-20T13:33:50.638Z</time></trkpt><trkpt lat="47.60862330" lon="19.14701300"><ele>136.35</ele><time>2025-10-20T13:33:50.839Z</time></trkpt><trkpt lat="47.60862330" lon="19.14701300"><ele>136.35</ele><time>2025-10-20T13:33:51.039Z</time></trkpt><trkpt lat="47.60862340" lon="19.14701300"><ele>136.34</ele><time>2025-10-20T13:33:51.239Z</time></trkpt><trkpt lat="47.60862340" lon="19.14701300"><ele>136.34</ele><time>2025-10-20T13:33:51.439Z</time></trkpt><trkpt lat="47.60862340" lon="19.14701300"><ele>136.34</ele><time>2025-10-20T13:33:51.640Z</time></trkpt><trkpt lat="47.60862340" lon="19.14701310"><ele>136.33</ele><time>2025-10-20T13:33:51.840Z</time></trkpt><trkpt lat="47.60862340" lon="19.14701310"><ele>136.34</ele><time>2025-10-20T13:33:52.040Z</time></trkpt><trkpt lat="47.60862330" lon="19.14701310"><ele>136.33</ele><time>2025-10-20T13:33:52.244Z</time></trkpt><trkpt lat="47.60862330" lon="19.14701310"><ele>136.33</ele><time>2025-10-20T13:33:52.444Z</time></trkpt><trkpt lat="47.60862330" lon="19.14701320"><ele>136.33</ele><time>2025-10-20T13:33:52.645Z</time></trkpt><trkpt lat="47.60862320" lon="19.14701320"><ele>136.32</ele><time>2025-10-20T13:33:52.850Z</time></trkpt><trkpt lat="47.60862320" lon="19.14701320"><ele>136.33</ele><time>2025-10-20T13:33:53.051Z</time></trkpt><trkpt lat="47.60862310" lon="19.14701320"><ele>136.33</ele><time>2025-10-20T13:33:53.251Z</time></trkpt><trkpt lat="47.60862300" lon="19.14701320"><ele>136.33</ele><time>2025-10-20T13:33:53.455Z</time></trkpt><trkpt lat="47.60862300" lon="19.14701320"><ele>136.33</ele><time>2025-10-20T13:33:53.655Z</time></trkpt><trkpt lat="47.60862300" lon="19.14701320"><ele>136.33</ele><time>2025-10-20T13:33:53.856Z</time></trkpt><trkpt lat="47.60862290" lon="19.14701330"><ele>136.33</ele><time>2025-10-20T13:33:54.055Z</time></trkpt><trkpt lat="47.60862290" lon="19.14701330"><ele>136.33</ele><time>2025-10-20T13:33:54.256Z</time></trkpt><trkpt lat="47.60862290" lon="19.14701330"><ele>136.33</ele><time>2025-10-20T13:33:54.456Z</time></trkpt><trkpt lat="47.60862290" lon="19.14701340"><ele>136.33</ele><time>2025-10-20T13:33:54.658Z</time></trkpt><trkpt lat="47.60862290" lon="19.14701340"><ele>136.33</ele><time>2025-10-20T13:33:54.861Z</time></trkpt><trkpt lat="47.60862290" lon="19.14701340"><ele>136.34</ele><time>2025-10-20T13:33:55.061Z</time></trkpt><trkpt lat="47.60862290" lon="19.14701340"><ele>136.33</ele><time>2025-10-20T13:33:55.264Z</time></trkpt><trkpt lat="47.60862290" lon="19.14701340"><ele>136.33</ele><time>2025-10-20T13:33:55.464Z</time></trkpt><trkpt lat="47.60862290" lon="19.14701340"><ele>136.33</ele><time>2025-10-20T13:33:55.664Z</time></trkpt><trkpt lat="47.60862290" lon="19.14701340"><ele>136.33</ele><time>2025-10-20T13:33:55.865Z</time></trkpt><trkpt lat="47.60862290" lon="19.14701340"><ele>136.33</ele><time>2025-10-20T13:33:56.066Z</time></trkpt><trkpt lat="47.60862290" lon="19.14701340"><ele>136.33</ele><time>2025-10-20T13:33:56.267Z</time></trkpt><trkpt lat="47.60862290" lon="19.14701340"><ele>136.33</ele><time>2025-10-20T13:33:56.468Z</time></trkpt><trkpt lat="47.60862300" lon="19.14701340"><ele>136.33</ele><time>2025-10-20T13:33:56.669Z</time></trkpt><trkpt lat="47.60862300" lon="19.14701340"><ele>136.33</ele><time>2025-10-20T13:33:56.869Z</time></trkpt><trkpt lat="47.60862300" lon="19.14701340"><ele>136.33</ele><time>2025-10-20T13:33:57.070Z</time></trkpt><trkpt lat="47.60862300" lon="19.14701340"><ele>136.33</ele><time>2025-10-20T13:33:57.277Z</time></trkpt><trkpt lat="47.60862300" lon="19.14701330"><ele>136.33</ele><time>2025-10-20T13:33:57.478Z</time></trkpt><trkpt lat="47.60862300" lon="19.14701320"><ele>136.33</ele><time>2025-10-20T13:33:57.678Z</time></trkpt><trkpt lat="47.60862310" lon="19.14701320"><ele>136.33</ele><time>2025-10-20T13:33:57.879Z</time></trkpt><trkpt lat="47.60862310" lon="19.14701320"><ele>136.33</ele><time>2025-10-20T13:33:58.079Z</time></trkpt><trkpt lat="47.60862320" lon="19.14701310"><ele>136.33</ele><time>2025-10-20T13:33:58.281Z</time></trkpt><trkpt lat="47.60862320" lon="19.14701310"><ele>136.33</ele><time>2025-10-20T13:33:58.481Z</time></trkpt><trkpt lat="47.60862320" lon="19.14701310"><ele>136.33</ele><time>2025-10-20T13:33:58.681Z</time></trkpt><trkpt lat="47.60862320" lon="19.14701310"><ele>136.33</ele><time>2025-10-20T13:33:58.881Z</time></trkpt><trkpt lat="47.60862320" lon="19.14701310"><ele>136.33</ele><time>2025-10-20T13:33:59.081Z</time></trkpt><trkpt lat="47.60862320" lon="19.14701320"><ele>136.33</ele><time>2025-10-20T13:33:59.263Z</time></trkpt><trkpt lat="47.60862320" lon="19.14701320"><ele>136.32</ele><time>2025-10-20T13:33:59.486Z</time></trkpt><trkpt lat="47.60862320" lon="19.14701330"><ele>136.32</ele><time>2025-10-20T13:33:59.686Z</time></trkpt><trkpt lat="47.60862320" lon="19.14701330"><ele>136.32</ele><time>2025-10-20T13:33:59.887Z</time></trkpt><trkpt lat="47.60862320" lon="19.14701330"><ele>136.32</ele><time>2025-10-20T13:34:00.087Z</time></trkpt><trkpt lat="47.60862320" lon="19.14701330"><ele>136.31</ele><time>2025-10-20T13:34:00.269Z</time></trkpt><trkpt lat="47.60862320" lon="19.14701340"><ele>136.31</ele><time>2025-10-20T13:34:00.469Z</time></trkpt><trkpt lat="47.60862320" lon="19.14701340"><ele>136.32</ele><time>2025-10-20T13:34:00.690Z</time></trkpt><trkpt lat="47.60862330" lon="19.14701350"><ele>136.32</ele><time>2025-10-20T13:34:00.870Z</time></trkpt><trkpt lat="47.60862330" lon="19.14701350"><ele>136.32</ele><time>2025-10-20T13:34:01.071Z</time></trkpt><trkpt lat="47.60862330" lon="19.14701350"><ele>136.32</ele><time>2025-10-20T13:34:01.272Z</time></trkpt><trkpt lat="47.60862330" lon="19.14701340"><ele>136.32</ele><time>2025-10-20T13:34:01.475Z</time></trkpt><trkpt lat="47.60862330" lon="19.14701340"><ele>136.32</ele><time>2025-10-20T13:34:01.676Z</time></trkpt><trkpt lat="47.60862330" lon="19.14701340"><ele>136.32</ele><time>2025-10-20T13:34:01.878Z</time></trkpt><trkpt lat="47.60862330" lon="19.14701340"><ele>136.32</ele><time>2025-10-20T13:34:02.079Z</time></trkpt><trkpt lat="47.60862330" lon="19.14701340"><ele>136.32</ele><time>2025-10-20T13:34:02.280Z</time></trkpt><trkpt lat="47.60862330" lon="19.14701350"><ele>136.32</ele><time>2025-10-20T13:34:02.481Z</time></trkpt><trkpt lat="47.60862330" lon="19.14701350"><ele>136.32</ele><time>2025-10-20T13:34:02.683Z</time></trkpt><trkpt lat="47.60862340" lon="19.14701360"><ele>136.33</ele><time>2025-10-20T13:34:02.886Z</time></trkpt><trkpt lat="47.60862340" lon="19.14701360"><ele>136.32</ele><time>2025-10-20T13:34:03.086Z</time></trkpt><trkpt lat="47.60862340" lon="19.14701360"><ele>136.32</ele><time>2025-10-20T13:34:03.287Z</time></trkpt><trkpt lat="47.60862340" lon="19.14701360"><ele>136.32</ele><time>2025-10-20T13:34:03.469Z</time></trkpt><trkpt lat="47.60862340" lon="19.14701350"><ele>136.32</ele><time>2025-10-20T13:34:03.669Z</time></trkpt><trkpt lat="47.60862340" lon="19.14701350"><ele>136.33</ele><time>2025-10-20T13:34:03.869Z</time></trkpt><trkpt lat="47.60862340" lon="19.14701350"><ele>136.33</ele><time>2025-10-20T13:34:04.070Z</time></trkpt><trkpt lat="47.60862340" lon="19.14701350"><ele>136.34</ele><time>2025-10-20T13:34:04.271Z</time></trkpt><trkpt lat="47.60862350" lon="19.14701350"><ele>136.34</ele><time>2025-10-20T13:34:04.472Z</time></trkpt><trkpt lat="47.60862350" lon="19.14701350"><ele>136.34</ele><time>2025-10-20T13:34:04.672Z</time></trkpt><trkpt lat="47.60862360" lon="19.14701340"><ele>136.35</ele><time>2025-10-20T13:34:04.875Z</time></trkpt><trkpt lat="47.60862360" lon="19.14701340"><ele>136.36</ele><time>2025-10-20T13:34:05.078Z</time></trkpt><trkpt lat="47.60862350" lon="19.14701340"><ele>136.36</ele><time>2025-10-20T13:34:05.280Z</time></trkpt><trkpt lat="47.60862350" lon="19.14701340"><ele>136.36</ele><time>2025-10-20T13:34:05.482Z</time></trkpt><trkpt lat="47.60862350" lon="19.14701340"><ele>136.37</ele><time>2025-10-20T13:34:05.683Z</time></trkpt><trkpt lat="47.60862350" lon="19.14701340"><ele>136.37</ele><time>2025-10-20T13:34:05.884Z</time></trkpt><trkpt lat="47.60862350" lon="19.14701340"><ele>136.37</ele><time>2025-10-20T13:34:06.084Z</time></trkpt><trkpt lat="47.60862350" lon="19.14701330"><ele>136.36</ele><time>2025-10-20T13:34:06.286Z</time></trkpt><trkpt lat="47.60862350" lon="19.14701330"><ele>136.36</ele><time>2025-10-20T13:34:06.486Z</time></trkpt><trkpt lat="47.60862360" lon="19.14701330"><ele>136.36</ele><time>2025-10-20T13:34:06.687Z</time></trkpt><trkpt lat="47.60862360" lon="19.14701330"><ele>136.36</ele><time>2025-10-20T13:34:06.888Z</time></trkpt><trkpt lat="47.60862360" lon="19.14701330"><ele>136.36</ele><time>2025-10-20T13:34:07.089Z</time></trkpt><trkpt lat="47.60862360" lon="19.14701330"><ele>136.36</ele><time>2025-10-20T13:34:07.291Z</time></trkpt><trkpt lat="47.60862360" lon="19.14701330"><ele>136.36</ele><time>2025-10-20T13:34:07.492Z</time></trkpt><trkpt lat="47.60862350" lon="19.14701330"><ele>136.36</ele><time>2025-10-20T13:34:07.692Z</time></trkpt><trkpt lat="47.60862350" lon="19.14701330"><ele>136.37</ele><time>2025-10-20T13:34:07.893Z</time></trkpt><trkpt lat="47.60862350" lon="19.14701330"><ele>136.37</ele><time>2025-10-20T13:34:08.093Z</time></trkpt><trkpt lat="47.60862340" lon="19.14701330"><ele>136.37</ele><time>2025-10-20T13:34:08.296Z</time></trkpt><trkpt lat="47.60862340" lon="19.14701330"><ele>136.37</ele><time>2025-10-20T13:34:08.497Z</time></trkpt><trkpt lat="47.60862340" lon="19.14701330"><ele>136.37</ele><time>2025-10-20T13:34:08.697Z</time></trkpt><trkpt lat="47.60862340" lon="19.14701320"><ele>136.38</ele><time>2025-10-20T13:34:08.898Z</time></trkpt><trkpt lat="47.60862340" lon="19.14701320"><ele>136.38</ele><time>2025-10-20T13:34:09.098Z</time></trkpt><trkpt lat="47.60862340" lon="19.14701320"><ele>136.38</ele><time>2025-10-20T13:34:09.299Z</time></trkpt><trkpt lat="47.60862340" lon="19.14701320"><ele>136.38</ele><time>2025-10-20T13:34:09.500Z</time></trkpt><trkpt lat="47.60862340" lon="19.14701320"><ele>136.38</ele><time>2025-10-20T13:34:09.701Z</time></trkpt><trkpt lat="47.60862340" lon="19.14701320"><ele>136.38</ele><time>2025-10-20T13:34:09.902Z</time></trkpt><trkpt lat="47.60862340" lon="19.14701320"><ele>136.38</ele><time>2025-10-20T13:34:10.102Z</time></trkpt><trkpt lat="47.60862340" lon="19.14701330"><ele>136.37</ele><time>2025-10-20T13:34:10.303Z</time></trkpt><trkpt lat="47.60862330" lon="19.14701330"><ele>136.37</ele><time>2025-10-20T13:34:10.504Z</time></trkpt><trkpt lat="47.60862330" lon="19.14701330"><ele>136.37</ele><time>2025-10-20T13:34:10.705Z</time></trkpt><trkpt lat="47.60862330" lon="19.14701330"><ele>136.37</ele><time>2025-10-20T13:34:10.906Z</time></trkpt><trkpt lat="47.60862330" lon="19.14701330"><ele>136.37</ele><time>2025-10-20T13:34:11.106Z</time></trkpt><trkpt lat="47.60862330" lon="19.14701330"><ele>136.37</ele><time>2025-10-20T13:34:11.307Z</time></trkpt><trkpt lat="47.60862330" lon="19.14701340"><ele>136.36</ele><time>2025-10-20T13:34:11.508Z</time></trkpt><trkpt lat="47.60862330" lon="19.14701340"><ele>136.36</ele><time>2025-10-20T13:34:11.708Z</time></trkpt><trkpt lat="47.60862330" lon="19.14701340"><ele>136.36</ele><time>2025-10-20T13:34:11.908Z</time></trkpt><trkpt lat="47.60862330" lon="19.14701340"><ele>136.36</ele><time>2025-10-20T13:34:12.108Z</time></trkpt><trkpt lat="47.60862330" lon="19.14701330"><ele>136.37</ele><time>2025-10-20T13:34:12.309Z</time></trkpt><trkpt lat="47.60862330" lon="19.14701330"><ele>136.37</ele><time>2025-10-20T13:34:12.509Z</time></trkpt><trkpt lat="47.60862330" lon="19.14701330"><ele>136.37</ele><time>2025-10-20T13:34:12.708Z</time></trkpt><trkpt lat="47.60862320" lon="19.14701330"><ele>136.36</ele><time>2025-10-20T13:34:12.909Z</time></trkpt><trkpt lat="47.60862320" lon="19.14701340"><ele>136.36</ele><time>2025-10-20T13:34:13.110Z</time></trkpt><trkpt lat="47.60862320" lon="19.14701340"><ele>136.36</ele><time>2025-10-20T13:34:13.311Z</time></trkpt><trkpt lat="47.60862310" lon="19.14701340"><ele>136.36</ele><time>2025-10-20T13:34:13.512Z</time></trkpt><trkpt lat="47.60862310" lon="19.14701340"><ele>136.36</ele><time>2025-10-20T13:34:13.713Z</time></trkpt><trkpt lat="47.60862320" lon="19.14701340"><ele>136.36</ele><time>2025-10-20T13:34:13.912Z</time></trkpt><trkpt lat="47.60862320" lon="19.14701340"><ele>136.36</ele><time>2025-10-20T13:34:14.113Z</time></trkpt><trkpt lat="47.60862320" lon="19.14701340"><ele>136.36</ele><time>2025-10-20T13:34:14.313Z</time></trkpt><trkpt lat="47.60862310" lon="19.14701340"><ele>136.37</ele><time>2025-10-20T13:34:14.514Z</time></trkpt><trkpt lat="47.60862310" lon="19.14701340"><ele>136.37</ele><time>2025-10-20T13:34:14.713Z</time></trkpt><trkpt lat="47.60862310" lon="19.14701330"><ele>136.37</ele><time>2025-10-20T13:34:14.914Z</time></trkpt><trkpt lat="47.60862310" lon="19.14701330"><ele>136.37</ele><time>2025-10-20T13:34:15.115Z</time></trkpt><trkpt lat="47.60862310" lon="19.14701330"><ele>136.37</ele><time>2025-10-20T13:34:15.336Z</time></trkpt><trkpt lat="47.60862310" lon="19.14701330"><ele>136.36</ele><time>2025-10-20T13:34:15.517Z</time></trkpt><trkpt lat="47.60862310" lon="19.14701330"><ele>136.37</ele><time>2025-10-20T13:34:15.717Z</time></trkpt><trkpt lat="47.60862310" lon="19.14701330"><ele>136.36</ele><time>2025-10-20T13:34:15.919Z</time></trkpt><trkpt lat="47.60862310" lon="19.14701330"><ele>136.36</ele><time>2025-10-20T13:34:16.119Z</time></trkpt><trkpt lat="47.60862310" lon="19.14701330"><ele>136.36</ele><time>2025-10-20T13:34:16.319Z</time></trkpt><trkpt lat="47.60862310" lon="19.14701330"><ele>136.36</ele><time>2025-10-20T13:34:16.520Z</time></trkpt><trkpt lat="47.60862300" lon="19.14701330"><ele>136.36</ele><time>2025-10-20T13:34:16.720Z</time></trkpt><trkpt lat="47.60862300" lon="19.14701330"><ele>136.36</ele><time>2025-10-20T13:34:16.921Z</time></trkpt><trkpt lat="47.60862300" lon="19.14701320"><ele>136.36</ele><time>2025-10-20T13:34:17.121Z</time></trkpt><trkpt lat="47.60862300" lon="19.14701320"><ele>136.36</ele><time>2025-10-20T13:34:17.322Z</time></trkpt><trkpt lat="47.60862300" lon="19.14701320"><ele>136.36</ele><time>2025-10-20T13:34:17.523Z</time></trkpt><trkpt lat="47.60862300" lon="19.14701320"><ele>136.36</ele><time>2025-10-20T13:34:17.722Z</time></trkpt><trkpt lat="47.60862300" lon="19.14701330"><ele>136.36</ele><time>2025-10-20T13:34:17.923Z</time></trkpt><trkpt lat="47.60862300" lon="19.14701330"><ele>136.36</ele><time>2025-10-20T13:34:18.123Z</time></trkpt><trkpt lat="47.60862300" lon="19.14701330"><ele>136.36</ele><time>2025-10-20T13:34:18.328Z</time></trkpt><trkpt lat="47.60862300" lon="19.14701320"><ele>136.36</ele><time>2025-10-20T13:34:18.528Z</time></trkpt><trkpt lat="47.60862300" lon="19.14701320"><ele>136.36</ele><time>2025-10-20T13:34:18.729Z</time></trkpt><trkpt lat="47.60862300" lon="19.14701320"><ele>136.37</ele><time>2025-10-20T13:34:18.931Z</time></trkpt><trkpt lat="47.60862300" lon="19.14701330"><ele>136.37</ele><time>2025-10-20T13:34:19.132Z</time></trkpt><trkpt lat="47.60862300" lon="19.14701330"><ele>136.37</ele><time>2025-10-20T13:34:19.335Z</time></trkpt><trkpt lat="47.60862300" lon="19.14701330"><ele>136.37</ele><time>2025-10-20T13:34:19.536Z</time></trkpt><trkpt lat="47.60862310" lon="19.14701330"><ele>136.37</ele><time>2025-10-20T13:34:19.739Z</time></trkpt><trkpt lat="47.60862310" lon="19.14701330"><ele>136.37</ele><time>2025-10-20T13:34:19.940Z</time></trkpt><trkpt lat="47.60862310" lon="19.14701330"><ele>136.37</ele><time>2025-10-20T13:34:20.142Z</time></trkpt><trkpt lat="47.60862310" lon="19.14701320"><ele>136.36</ele><time>2025-10-20T13:34:20.348Z</time></trkpt><trkpt lat="47.60862310" lon="19.14701320"><ele>136.36</ele><time>2025-10-20T13:34:20.550Z</time></trkpt><trkpt lat="47.60862310" lon="19.14701320"><ele>136.36</ele><time>2025-10-20T13:34:20.753Z</time></trkpt><trkpt lat="47.60862310" lon="19.14701330"><ele>136.36</ele><time>2025-10-20T13:34:20.955Z</time></trkpt><trkpt lat="47.60862310" lon="19.14701330"><ele>136.37</ele><time>2025-10-20T13:34:21.157Z</time></trkpt><trkpt lat="47.60862310" lon="19.14701330"><ele>136.37</ele><time>2025-10-20T13:34:21.359Z</time></trkpt><trkpt lat="47.60862310" lon="19.14701330"><ele>136.37</ele><time>2025-10-20T13:34:21.561Z</time></trkpt><trkpt lat="47.60862310" lon="19.14701330"><ele>136.37</ele><time>2025-10-20T13:34:21.762Z</time></trkpt><trkpt lat="47.60862310" lon="19.14701330"><ele>136.37</ele><time>2025-10-20T13:34:21.963Z</time></trkpt><trkpt lat="47.60862310" lon="19.14701320"><ele>136.37</ele><time>2025-10-20T13:34:22.165Z</time></trkpt><trkpt lat="47.60862310" lon="19.14701320"><ele>136.37</ele><time>2025-10-20T13:34:22.366Z</time></trkpt><trkpt lat="47.60862310" lon="19.14701320"><ele>136.37</ele><time>2025-10-20T13:34:22.548Z</time></trkpt><trkpt lat="47.60862310" lon="19.14701320"><ele>136.38</ele><time>2025-10-20T13:34:22.749Z</time></trkpt><trkpt lat="47.60862300" lon="19.14701320"><ele>136.38</ele><time>2025-10-20T13:34:22.951Z</time></trkpt><trkpt lat="47.60862300" lon="19.14701320"><ele>136.39</ele><time>2025-10-20T13:34:23.154Z</time></trkpt><trkpt lat="47.60862300" lon="19.14701330"><ele>136.39</ele><time>2025-10-20T13:34:23.360Z</time></trkpt><trkpt lat="47.60862290" lon="19.14701330"><ele>136.39</ele><time>2025-10-20T13:34:23.560Z</time></trkpt><trkpt lat="47.60862290" lon="19.14701330"><ele>136.39</ele><time>2025-10-20T13:34:23.761Z</time></trkpt><trkpt lat="47.60862290" lon="19.14701330"><ele>136.40</ele><time>2025-10-20T13:34:23.961Z</time></trkpt><trkpt lat="47.60862290" lon="19.14701340"><ele>136.40</ele><time>2025-10-20T13:34:24.161Z</time></trkpt><trkpt lat="47.60862280" lon="19.14701340"><ele>136.40</ele><time>2025-10-20T13:34:24.363Z</time></trkpt><trkpt lat="47.60862280" lon="19.14701340"><ele>136.40</ele><time>2025-10-20T13:34:24.564Z</time></trkpt><trkpt lat="47.60862280" lon="19.14701350"><ele>136.40</ele><time>2025-10-20T13:34:24.764Z</time></trkpt><trkpt lat="47.60862280" lon="19.14701350"><ele>136.40</ele><time>2025-10-20T13:34:24.965Z</time></trkpt><trkpt lat="47.60862280" lon="19.14701350"><ele>136.40</ele><time>2025-10-20T13:34:25.146Z</time></trkpt><trkpt lat="47.60862290" lon="19.14701360"><ele>136.40</ele><time>2025-10-20T13:34:25.350Z</time></trkpt><trkpt lat="47.60862290" lon="19.14701360"><ele>136.40</ele><time>2025-10-20T13:34:25.552Z</time></trkpt><trkpt lat="47.60862290" lon="19.14701370"><ele>136.40</ele><time>2025-10-20T13:34:25.752Z</time></trkpt><trkpt lat="47.60862290" lon="19.14701370"><ele>136.40</ele><time>2025-10-20T13:34:25.953Z</time></trkpt><trkpt lat="47.60862290" lon="19.14701380"><ele>136.40</ele><time>2025-10-20T13:34:26.154Z</time></trkpt><trkpt lat="47.60862300" lon="19.14701380"><ele>136.41</ele><time>2025-10-20T13:34:26.362Z</time></trkpt><trkpt lat="47.60862300" lon="19.14701380"><ele>136.41</ele><time>2025-10-20T13:34:26.561Z</time></trkpt><trkpt lat="47.60862300" lon="19.14701390"><ele>136.41</ele><time>2025-10-20T13:34:26.762Z</time></trkpt><trkpt lat="47.60862300" lon="19.14701390"><ele>136.41</ele><time>2025-10-20T13:34:26.966Z</time></trkpt><trkpt lat="47.60862310" lon="19.14701390"><ele>136.41</ele><time>2025-10-20T13:34:27.186Z</time></trkpt><trkpt lat="47.60862310" lon="19.14701380"><ele>136.41</ele><time>2025-10-20T13:34:27.368Z</time></trkpt><trkpt lat="47.60862310" lon="19.14701380"><ele>136.41</ele><time>2025-10-20T13:34:27.568Z</time></trkpt><trkpt lat="47.60862310" lon="19.14701380"><ele>136.41</ele><time>2025-10-20T13:34:27.768Z</time></trkpt><trkpt lat="47.60862310" lon="19.14701380"><ele>136.41</ele><time>2025-10-20T13:34:27.968Z</time></trkpt><trkpt lat="47.60862310" lon="19.14701380"><ele>136.41</ele><time>2025-10-20T13:34:28.169Z</time></trkpt><trkpt lat="47.60862310" lon="19.14701380"><ele>136.41</ele><time>2025-10-20T13:34:28.370Z</time></trkpt><trkpt lat="47.60862310" lon="19.14701380"><ele>136.41</ele><time>2025-10-20T13:34:28.570Z</time></trkpt><trkpt lat="47.60862310" lon="19.14701380"><ele>136.41</ele><time>2025-10-20T13:34:28.770Z</time></trkpt><trkpt lat="47.60862310" lon="19.14701380"><ele>136.41</ele><time>2025-10-20T13:34:28.971Z</time></trkpt><trkpt lat="47.60862310" lon="19.14701380"><ele>136.42</ele><time>2025-10-20T13:34:29.171Z</time></trkpt><trkpt lat="47.60862300" lon="19.14701380"><ele>136.42</ele><time>2025-10-20T13:34:29.352Z</time></trkpt><trkpt lat="47.60862300" lon="19.14701380"><ele>136.41</ele><time>2025-10-20T13:34:29.553Z</time></trkpt><trkpt lat="47.60862300" lon="19.14701380"><ele>136.41</ele><time>2025-10-20T13:34:29.754Z</time></trkpt><trkpt lat="47.60862300" lon="19.14701380"><ele>136.41</ele><time>2025-10-20T13:34:29.955Z</time></trkpt><trkpt lat="47.60862290" lon="19.14701370"><ele>136.41</ele><time>2025-10-20T13:34:30.156Z</time></trkpt><trkpt lat="47.60862290" lon="19.14701360"><ele>136.41</ele><time>2025-10-20T13:34:30.358Z</time></trkpt><trkpt lat="47.60862300" lon="19.14701360"><ele>136.41</ele><time>2025-10-20T13:34:30.559Z</time></trkpt><trkpt lat="47.60862300" lon="19.14701350"><ele>136.41</ele><time>2025-10-20T13:34:30.759Z</time></trkpt><trkpt lat="47.60862300" lon="19.14701350"><ele>136.41</ele><time>2025-10-20T13:34:30.960Z</time></trkpt><trkpt lat="47.60862300" lon="19.14701350"><ele>136.41</ele><time>2025-10-20T13:34:31.161Z</time></trkpt><trkpt lat="47.60862300" lon="19.14701350"><ele>136.41</ele><time>2025-10-20T13:34:31.363Z</time></trkpt><trkpt lat="47.60862310" lon="19.14701350"><ele>136.41</ele><time>2025-10-20T13:34:31.563Z</time></trkpt><trkpt lat="47.60862310" lon="19.14701350"><ele>136.40</ele><time>2025-10-20T13:34:31.763Z</time></trkpt><trkpt lat="47.60862310" lon="19.14701350"><ele>136.41</ele><time>2025-10-20T13:34:31.965Z</time></trkpt><trkpt lat="47.60862310" lon="19.14701350"><ele>136.41</ele><time>2025-10-20T13:34:32.167Z</time></trkpt><trkpt lat="47.60862300" lon="19.14701350"><ele>136.42</ele><time>2025-10-20T13:34:32.368Z</time></trkpt><trkpt lat="47.60862310" lon="19.14701350"><ele>136.42</ele><time>2025-10-20T13:34:32.568Z</time></trkpt><trkpt lat="47.60862310" lon="19.14701350"><ele>136.42</ele><time>2025-10-20T13:34:32.769Z</time></trkpt><trkpt lat="47.60862310" lon="19.14701350"><ele>136.42</ele><time>2025-10-20T13:34:32.969Z</time></trkpt><trkpt lat="47.60862310" lon="19.14701350"><ele>136.42</ele><time>2025-10-20T13:34:33.169Z</time></trkpt><trkpt lat="47.60862310" lon="19.14701350"><ele>136.42</ele><time>2025-10-20T13:34:33.370Z</time></trkpt><trkpt lat="47.60862310" lon="19.14701350"><ele>136.42</ele><time>2025-10-20T13:34:33.571Z</time></trkpt><trkpt lat="47.60862310" lon="19.14701350"><ele>136.42</ele><time>2025-10-20T13:34:33.771Z</time></trkpt><trkpt lat="47.60862310" lon="19.14701340"><ele>136.42</ele><time>2025-10-20T13:34:33.972Z</time></trkpt><trkpt lat="47.60862310" lon="19.14701340"><ele>136.42</ele><time>2025-10-20T13:34:34.171Z</time></trkpt><trkpt lat="47.60862300" lon="19.14701340"><ele>136.42</ele><time>2025-10-20T13:34:34.374Z</time></trkpt><trkpt lat="47.60862300" lon="19.14701340"><ele>136.42</ele><time>2025-10-20T13:34:34.575Z</time></trkpt><trkpt lat="47.60862310" lon="19.14701340"><ele>136.41</ele><time>2025-10-20T13:34:34.776Z</time></trkpt><trkpt lat="47.60862310" lon="19.14701340"><ele>136.41</ele><time>2025-10-20T13:34:34.978Z</time></trkpt><trkpt lat="47.60862300" lon="19.14701340"><ele>136.41</ele><time>2025-10-20T13:34:35.179Z</time></trkpt><trkpt lat="47.60862300" lon="19.14701340"><ele>136.41</ele><time>2025-10-20T13:34:35.379Z</time></trkpt><trkpt lat="47.60862300" lon="19.14701350"><ele>136.41</ele><time>2025-10-20T13:34:35.579Z</time></trkpt><trkpt lat="47.60862310" lon="19.14701350"><ele>136.41</ele><time>2025-10-20T13:34:35.780Z</time></trkpt><trkpt lat="47.60862310" lon="19.14701350"><ele>136.40</ele><time>2025-10-20T13:34:35.981Z</time></trkpt><trkpt lat="47.60862310" lon="19.14701350"><ele>136.40</ele><time>2025-10-20T13:34:36.182Z</time></trkpt><trkpt lat="47.60862310" lon="19.14701350"><ele>136.39</ele><time>2025-10-20T13:34:36.382Z</time></trkpt><trkpt lat="47.60862310" lon="19.14701350"><ele>136.39</ele><time>2025-10-20T13:34:36.582Z</time></trkpt><trkpt lat="47.60862310" lon="19.14701350"><ele>136.39</ele><time>2025-10-20T13:34:36.782Z</time></trkpt><trkpt lat="47.60862310" lon="19.14701350"><ele>136.39</ele><time>2025-10-20T13:34:36.982Z</time></trkpt><trkpt lat="47.60862310" lon="19.14701350"><ele>136.39</ele><time>2025-10-20T13:34:37.183Z</time></trkpt><trkpt lat="47.60862310" lon="19.14701350"><ele>136.39</ele><time>2025-10-20T13:34:37.387Z</time></trkpt><trkpt lat="47.60862310" lon="19.14701350"><ele>136.39</ele><time>2025-10-20T13:34:37.587Z</time></trkpt><trkpt lat="47.60862310" lon="19.14701360"><ele>136.40</ele><time>2025-10-20T13:34:37.788Z</time></trkpt><trkpt lat="47.60862310" lon="19.14701360"><ele>136.40</ele><time>2025-10-20T13:34:37.989Z</time></trkpt><trkpt lat="47.60862310" lon="19.14701360"><ele>136.40</ele><time>2025-10-20T13:34:38.190Z</time></trkpt><trkpt lat="47.60862310" lon="19.14701360"><ele>136.40</ele><time>2025-10-20T13:34:38.391Z</time></trkpt><trkpt lat="47.60862310" lon="19.14701370"><ele>136.40</ele><time>2025-10-20T13:34:38.593Z</time></trkpt><trkpt lat="47.60862310" lon="19.14701370"><ele>136.39</ele><time>2025-10-20T13:34:38.795Z</time></trkpt><trkpt lat="47.60862310" lon="19.14701370"><ele>136.39</ele><time>2025-10-20T13:34:38.996Z</time></trkpt><trkpt lat="47.60862300" lon="19.14701360"><ele>136.39</ele><time>2025-10-20T13:34:39.196Z</time></trkpt><trkpt lat="47.60862300" lon="19.14701360"><ele>136.39</ele><time>2025-10-20T13:34:39.398Z</time></trkpt><trkpt lat="47.60862290" lon="19.14701360"><ele>136.39</ele><time>2025-10-20T13:34:39.598Z</time></trkpt><trkpt lat="47.60862290" lon="19.14701360"><ele>136.39</ele><time>2025-10-20T13:34:39.799Z</time></trkpt><trkpt lat="47.60862290" lon="19.14701350"><ele>136.39</ele><time>2025-10-20T13:34:39.999Z</time></trkpt><trkpt lat="47.60862290" lon="19.14701350"><ele>136.39</ele><time>2025-10-20T13:34:40.200Z</time></trkpt><trkpt lat="47.60862290" lon="19.14701350"><ele>136.39</ele><time>2025-10-20T13:34:40.402Z</time></trkpt><trkpt lat="47.60862290" lon="19.14701350"><ele>136.39</ele><time>2025-10-20T13:34:40.602Z</time></trkpt><trkpt lat="47.60862290" lon="19.14701350"><ele>136.39</ele><time>2025-10-20T13:34:40.801Z</time></trkpt><trkpt lat="47.60862290" lon="19.14701340"><ele>136.39</ele><time>2025-10-20T13:34:41.002Z</time></trkpt><trkpt lat="47.60862290" lon="19.14701340"><ele>136.39</ele><time>2025-10-20T13:34:41.206Z</time></trkpt><trkpt lat="47.60862290" lon="19.14701340"><ele>136.39</ele><time>2025-10-20T13:34:41.388Z</time></trkpt><trkpt lat="47.60862300" lon="19.14701340"><ele>136.39</ele><time>2025-10-20T13:34:41.589Z</time></trkpt><trkpt lat="47.60862300" lon="19.14701340"><ele>136.39</ele><time>2025-10-20T13:34:41.791Z</time></trkpt><trkpt lat="47.60862310" lon="19.14701330"><ele>136.40</ele><time>2025-10-20T13:34:41.992Z</time></trkpt><trkpt lat="47.60862310" lon="19.14701330"><ele>136.40</ele><time>2025-10-20T13:34:42.193Z</time></trkpt><trkpt lat="47.60862310" lon="19.14701330"><ele>136.39</ele><time>2025-10-20T13:34:42.401Z</time></trkpt><trkpt lat="47.60862310" lon="19.14701330"><ele>136.39</ele><time>2025-10-20T13:34:42.601Z</time></trkpt><trkpt lat="47.60862310" lon="19.14701320"><ele>136.39</ele><time>2025-10-20T13:34:42.802Z</time></trkpt><trkpt lat="47.60862310" lon="19.14701320"><ele>136.39</ele><time>2025-10-20T13:34:43.003Z</time></trkpt><trkpt lat="47.60862320" lon="19.14701320"><ele>136.39</ele><time>2025-10-20T13:34:43.204Z</time></trkpt><trkpt lat="47.60862320" lon="19.14701320"><ele>136.40</ele><time>2025-10-20T13:34:43.388Z</time></trkpt><trkpt lat="47.60862320" lon="19.14701330"><ele>136.39</ele><time>2025-10-20T13:34:43.589Z</time></trkpt><trkpt lat="47.60862320" lon="19.14701330"><ele>136.40</ele><time>2025-10-20T13:34:43.790Z</time></trkpt><trkpt lat="47.60862320" lon="19.14701340"><ele>136.40</ele><time>2025-10-20T13:34:43.991Z</time></trkpt><trkpt lat="47.60862320" lon="19.14701340"><ele>136.40</ele><time>2025-10-20T13:34:44.194Z</time></trkpt><trkpt lat="47.60862320" lon="19.14701340"><ele>136.40</ele><time>2025-10-20T13:34:44.397Z</time></trkpt><trkpt lat="47.60862320" lon="19.14701340"><ele>136.40</ele><time>2025-10-20T13:34:44.598Z</time></trkpt><trkpt lat="47.60862320" lon="19.14701340"><ele>136.40</ele><time>2025-10-20T13:34:44.798Z</time></trkpt><trkpt lat="47.60862320" lon="19.14701340"><ele>136.40</ele><time>2025-10-20T13:34:45.001Z</time></trkpt><trkpt lat="47.60862320" lon="19.14701340"><ele>136.41</ele><time>2025-10-20T13:34:45.202Z</time></trkpt><trkpt lat="47.60862320" lon="19.14701350"><ele>136.41</ele><time>2025-10-20T13:34:45.390Z</time></trkpt><trkpt lat="47.60862330" lon="19.14701350"><ele>136.41</ele><time>2025-10-20T13:34:45.590Z</time></trkpt><trkpt lat="47.60862330" lon="19.14701350"><ele>136.41</ele><time>2025-10-20T13:34:45.793Z</time></trkpt><trkpt lat="47.60862330" lon="19.14701350"><ele>136.42</ele><time>2025-10-20T13:34:45.995Z</time></trkpt><trkpt lat="47.60862330" lon="19.14701350"><ele>136.42</ele><time>2025-10-20T13:34:46.196Z</time></trkpt><trkpt lat="47.60862330" lon="19.14701350"><ele>136.43</ele><time>2025-10-20T13:34:46.398Z</time></trkpt><trkpt lat="47.60862340" lon="19.14701350"><ele>136.43</ele><time>2025-10-20T13:34:46.598Z</time></trkpt><trkpt lat="47.60862340" lon="19.14701360"><ele>136.43</ele><time>2025-10-20T13:34:46.798Z</time></trkpt><trkpt lat="47.60862340" lon="19.14701360"><ele>136.44</ele><time>2025-10-20T13:34:47.000Z</time></trkpt><trkpt lat="47.60862330" lon="19.14701360"><ele>136.44</ele><time>2025-10-20T13:34:47.200Z</time></trkpt><trkpt lat="47.60862330" lon="19.14701360"><ele>136.44</ele><time>2025-10-20T13:34:47.400Z</time></trkpt><trkpt lat="47.60862330" lon="19.14701360"><ele>136.45</ele><time>2025-10-20T13:34:47.601Z</time></trkpt><trkpt lat="47.60862330" lon="19.14701370"><ele>136.45</ele><time>2025-10-20T13:34:47.801Z</time></trkpt><trkpt lat="47.60862320" lon="19.14701370"><ele>136.46</ele><time>2025-10-20T13:34:48.002Z</time></trkpt><trkpt lat="47.60862320" lon="19.14701370"><ele>136.46</ele><time>2025-10-20T13:34:48.203Z</time></trkpt><trkpt lat="47.60862310" lon="19.14701370"><ele>136.46</ele><time>2025-10-20T13:34:48.404Z</time></trkpt><trkpt lat="47.60862310" lon="19.14701370"><ele>136.46</ele><time>2025-10-20T13:34:48.605Z</time></trkpt><trkpt lat="47.60862310" lon="19.14701370"><ele>136.47</ele><time>2025-10-20T13:34:48.805Z</time></trkpt><trkpt lat="47.60862300" lon="19.14701360"><ele>136.47</ele><time>2025-10-20T13:34:49.006Z</time></trkpt><trkpt lat="47.60862300" lon="19.14701360"><ele>136.48</ele><time>2025-10-20T13:34:49.206Z</time></trkpt><trkpt lat="47.60862300" lon="19.14701350"><ele>136.48</ele><time>2025-10-20T13:34:49.406Z</time></trkpt><trkpt lat="47.60862300" lon="19.14701350"><ele>136.48</ele><time>2025-10-20T13:34:49.606Z</time></trkpt><trkpt lat="47.60862290" lon="19.14701350"><ele>136.48</ele><time>2025-10-20T13:34:49.807Z</time></trkpt><trkpt lat="47.60862300" lon="19.14701350"><ele>136.48</ele><time>2025-10-20T13:34:50.008Z</time></trkpt><trkpt lat="47.60862300" lon="19.14701350"><ele>136.48</ele><time>2025-10-20T13:34:50.208Z</time></trkpt><trkpt lat="47.60862290" lon="19.14701350"><ele>136.48</ele><time>2025-10-20T13:34:50.408Z</time></trkpt><trkpt lat="47.60862290" lon="19.14701350"><ele>136.48</ele><time>2025-10-20T13:34:50.609Z</time></trkpt><trkpt lat="47.60862290" lon="19.14701350"><ele>136.48</ele><time>2025-10-20T13:34:50.789Z</time></trkpt><trkpt lat="47.60862290" lon="19.14701350"><ele>136.48</ele><time>2025-10-20T13:34:51.011Z</time></trkpt><trkpt lat="47.60862290" lon="19.14701350"><ele>136.48</ele><time>2025-10-20T13:34:51.191Z</time></trkpt><trkpt lat="47.60862280" lon="19.14701350"><ele>136.48</ele><time>2025-10-20T13:34:51.392Z</time></trkpt><trkpt lat="47.60862280" lon="19.14701350"><ele>136.48</ele><time>2025-10-20T13:34:51.592Z</time></trkpt><trkpt lat="47.60862280" lon="19.14701350"><ele>136.49</ele><time>2025-10-20T13:34:51.793Z</time></trkpt><trkpt lat="47.60862280" lon="19.14701340"><ele>136.48</ele><time>2025-10-20T13:34:52.014Z</time></trkpt><trkpt lat="47.60862270" lon="19.14701350"><ele>136.49</ele><time>2025-10-20T13:34:52.194Z</time></trkpt><trkpt lat="47.60862270" lon="19.14701350"><ele>136.49</ele><time>2025-10-20T13:34:52.398Z</time></trkpt><trkpt lat="47.60862280" lon="19.14701350"><ele>136.48</ele><time>2025-10-20T13:34:52.618Z</time></trkpt><trkpt lat="47.60862280" lon="19.14701350"><ele>136.48</ele><time>2025-10-20T13:34:52.798Z</time></trkpt><trkpt lat="47.60862290" lon="19.14701340"><ele>136.48</ele><time>2025-10-20T13:34:52.999Z</time></trkpt><trkpt lat="47.60862290" lon="19.14701340"><ele>136.48</ele><time>2025-10-20T13:34:53.200Z</time></trkpt><trkpt lat="47.60862290" lon="19.14701350"><ele>136.48</ele><time>2025-10-20T13:34:53.401Z</time></trkpt><trkpt lat="47.60862290" lon="19.14701350"><ele>136.48</ele><time>2025-10-20T13:34:53.602Z</time></trkpt><trkpt lat="47.60862290" lon="19.14701350"><ele>136.48</ele><time>2025-10-20T13:34:53.803Z</time></trkpt><trkpt lat="47.60862300" lon="19.14701350"><ele>136.48</ele><time>2025-10-20T13:34:54.003Z</time></trkpt><trkpt lat="47.60862300" lon="19.14701350"><ele>136.48</ele><time>2025-10-20T13:34:54.205Z</time></trkpt><trkpt lat="47.60862310" lon="19.14701350"><ele>136.48</ele><time>2025-10-20T13:34:54.412Z</time></trkpt><trkpt lat="47.60862310" lon="19.14701350"><ele>136.48</ele><time>2025-10-20T13:34:54.612Z</time></trkpt><trkpt lat="47.60862320" lon="19.14701350"><ele>136.48</ele><time>2025-10-20T13:34:54.813Z</time></trkpt><trkpt lat="47.60862320" lon="19.14701360"><ele>136.48</ele><time>2025-10-20T13:34:55.016Z</time></trkpt><trkpt lat="47.60862320" lon="19.14701360"><ele>136.48</ele><time>2025-10-20T13:34:55.218Z</time></trkpt><trkpt lat="47.60862320" lon="19.14701360"><ele>136.48</ele><time>2025-10-20T13:34:55.418Z</time></trkpt><trkpt lat="47.60862320" lon="19.14701350"><ele>136.48</ele><time>2025-10-20T13:34:55.619Z</time></trkpt><trkpt lat="47.60862320" lon="19.14701350"><ele>136.49</ele><time>2025-10-20T13:34:55.819Z</time></trkpt><trkpt lat="47.60862320" lon="19.14701350"><ele>136.49</ele><time>2025-10-20T13:34:56.021Z</time></trkpt><trkpt lat="47.60862320" lon="19.14701350"><ele>136.49</ele><time>2025-10-20T13:34:56.221Z</time></trkpt><trkpt lat="47.60862330" lon="19.14701350"><ele>136.49</ele><time>2025-10-20T13:34:56.421Z</time></trkpt><trkpt lat="47.60862330" lon="19.14701360"><ele>136.49</ele><time>2025-10-20T13:34:56.622Z</time></trkpt><trkpt lat="47.60862330" lon="19.14701360"><ele>136.49</ele><time>2025-10-20T13:34:56.822Z</time></trkpt><trkpt lat="47.60862330" lon="19.14701360"><ele>136.49</ele><time>2025-10-20T13:34:57.024Z</time></trkpt><trkpt lat="47.60862330" lon="19.14701360"><ele>136.48</ele><time>2025-10-20T13:34:57.227Z</time></trkpt><trkpt lat="47.60862340" lon="19.14701360"><ele>136.48</ele><time>2025-10-20T13:34:57.431Z</time></trkpt><trkpt lat="47.60862340" lon="19.14701360"><ele>136.47</ele><time>2025-10-20T13:34:57.633Z</time></trkpt><trkpt lat="47.60862340" lon="19.14701360"><ele>136.47</ele><time>2025-10-20T13:34:57.835Z</time></trkpt><trkpt lat="47.60862340" lon="19.14701360"><ele>136.47</ele><time>2025-10-20T13:34:58.037Z</time></trkpt><trkpt lat="47.60862340" lon="19.14701360"><ele>136.47</ele><time>2025-10-20T13:34:58.240Z</time></trkpt><trkpt lat="47.60862340" lon="19.14701360"><ele>136.47</ele><time>2025-10-20T13:34:58.441Z</time></trkpt><trkpt lat="47.60862340" lon="19.14701360"><ele>136.47</ele><time>2025-10-20T13:34:58.643Z</time></trkpt><trkpt lat="47.60862340" lon="19.14701360"><ele>136.48</ele><time>2025-10-20T13:34:58.843Z</time></trkpt><trkpt lat="47.60862340" lon="19.14701360"><ele>136.48</ele><time>2025-10-20T13:34:59.045Z</time></trkpt><trkpt lat="47.60862340" lon="19.14701370"><ele>136.48</ele><time>2025-10-20T13:34:59.250Z</time></trkpt><trkpt lat="47.60862350" lon="19.14701370"><ele>136.48</ele><time>2025-10-20T13:34:59.451Z</time></trkpt><trkpt lat="47.60862350" lon="19.14701380"><ele>136.47</ele><time>2025-10-20T13:34:59.652Z</time></trkpt><trkpt lat="47.60862350" lon="19.14701380"><ele>136.48</ele><time>2025-10-20T13:34:59.851Z</time></trkpt><trkpt lat="47.60862350" lon="19.14701390"><ele>136.48</ele><time>2025-10-20T13:35:00.052Z</time></trkpt><trkpt lat="47.60862350" lon="19.14701390"><ele>136.48</ele><time>2025-10-20T13:35:00.254Z</time></trkpt><trkpt lat="47.60862350" lon="19.14701390"><ele>136.48</ele><time>2025-10-20T13:35:00.454Z</time></trkpt><trkpt lat="47.60862350" lon="19.14701390"><ele>136.48</ele><time>2025-10-20T13:35:00.654Z</time></trkpt><trkpt lat="47.60862350" lon="19.14701390"><ele>136.48</ele><time>2025-10-20T13:35:00.854Z</time></trkpt><trkpt lat="47.60862340" lon="19.14701380"><ele>136.48</ele><time>2025-10-20T13:35:01.057Z</time></trkpt><trkpt lat="47.60862340" lon="19.14701380"><ele>136.48</ele><time>2025-10-20T13:35:01.257Z</time></trkpt><trkpt lat="47.60862340" lon="19.14701370"><ele>136.48</ele><time>2025-10-20T13:35:01.458Z</time></trkpt><trkpt lat="47.60862340" lon="19.14701370"><ele>136.48</ele><time>2025-10-20T13:35:01.658Z</time></trkpt><trkpt lat="47.60862340" lon="19.14701370"><ele>136.48</ele><time>2025-10-20T13:35:01.858Z</time></trkpt><trkpt lat="47.60862340" lon="19.14701370"><ele>136.49</ele><time>2025-10-20T13:35:02.061Z</time></trkpt><trkpt lat="47.60862340" lon="19.14701370"><ele>136.49</ele><time>2025-10-20T13:35:02.261Z</time></trkpt><trkpt lat="47.60862340" lon="19.14701370"><ele>136.49</ele><time>2025-10-20T13:35:02.462Z</time></trkpt><trkpt lat="47.60862340" lon="19.14701370"><ele>136.50</ele><time>2025-10-20T13:35:02.663Z</time></trkpt><trkpt lat="47.60862340" lon="19.14701370"><ele>136.50</ele><time>2025-10-20T13:35:02.863Z</time></trkpt><trkpt lat="47.60862330" lon="19.14701370"><ele>136.49</ele><time>2025-10-20T13:35:03.064Z</time></trkpt><trkpt lat="47.60862330" lon="19.14701370"><ele>136.49</ele><time>2025-10-20T13:35:03.265Z</time></trkpt><trkpt lat="47.60862330" lon="19.14701380"><ele>136.49</ele><time>2025-10-20T13:35:03.466Z</time></trkpt><trkpt lat="47.60862330" lon="19.14701380"><ele>136.49</ele><time>2025-10-20T13:35:03.666Z</time></trkpt><trkpt lat="47.60862330" lon="19.14701380"><ele>136.48</ele><time>2025-10-20T13:35:03.866Z</time></trkpt><trkpt lat="47.60862330" lon="19.14701380"><ele>136.48</ele><time>2025-10-20T13:35:04.067Z</time></trkpt><trkpt lat="47.60862330" lon="19.14701380"><ele>136.48</ele><time>2025-10-20T13:35:04.267Z</time></trkpt><trkpt lat="47.60862320" lon="19.14701380"><ele>136.48</ele><time>2025-10-20T13:35:04.487Z</time></trkpt><trkpt lat="47.60862320" lon="19.14701380"><ele>136.48</ele><time>2025-10-20T13:35:04.668Z</time></trkpt><trkpt lat="47.60862320" lon="19.14701380"><ele>136.48</ele><time>2025-10-20T13:35:04.868Z</time></trkpt><trkpt lat="47.60862320" lon="19.14701380"><ele>136.48</ele><time>2025-10-20T13:35:05.069Z</time></trkpt><trkpt lat="47.60862320" lon="19.14701380"><ele>136.48</ele><time>2025-10-20T13:35:05.272Z</time></trkpt><trkpt lat="47.60862320" lon="19.14701380"><ele>136.48</ele><time>2025-10-20T13:35:05.472Z</time></trkpt><trkpt lat="47.60862330" lon="19.14701370"><ele>136.48</ele><time>2025-10-20T13:35:05.673Z</time></trkpt><trkpt lat="47.60862330" lon="19.14701370"><ele>136.47</ele><time>2025-10-20T13:35:05.873Z</time></trkpt><trkpt lat="47.60862330" lon="19.14701370"><ele>136.48</ele><time>2025-10-20T13:35:06.074Z</time></trkpt><trkpt lat="47.60862330" lon="19.14701370"><ele>136.47</ele><time>2025-10-20T13:35:06.258Z</time></trkpt><trkpt lat="47.60862330" lon="19.14701370"><ele>136.47</ele><time>2025-10-20T13:35:06.459Z</time></trkpt><trkpt lat="47.60862330" lon="19.14701370"><ele>136.47</ele><time>2025-10-20T13:35:06.660Z</time></trkpt><trkpt lat="47.60862330" lon="19.14701380"><ele>136.47</ele><time>2025-10-20T13:35:06.860Z</time></trkpt><trkpt lat="47.60862330" lon="19.14701380"><ele>136.47</ele><time>2025-10-20T13:35:07.065Z</time></trkpt><trkpt lat="47.60862330" lon="19.14701380"><ele>136.47</ele><time>2025-10-20T13:35:07.269Z</time></trkpt><trkpt lat="47.60862330" lon="19.14701380"><ele>136.47</ele><time>2025-10-20T13:35:07.470Z</time></trkpt><trkpt lat="47.60862330" lon="19.14701390"><ele>136.47</ele><time>2025-10-20T13:35:07.670Z</time></trkpt><trkpt lat="47.60862320" lon="19.14701380"><ele>136.47</ele><time>2025-10-20T13:35:07.871Z</time></trkpt><trkpt lat="47.60862320" lon="19.14701380"><ele>136.47</ele><time>2025-10-20T13:35:08.071Z</time></trkpt><trkpt lat="47.60862320" lon="19.14701390"><ele>136.47</ele><time>2025-10-20T13:35:08.275Z</time></trkpt><trkpt lat="47.60862320" lon="19.14701390"><ele>136.48</ele><time>2025-10-20T13:35:08.475Z</time></trkpt><trkpt lat="47.60862320" lon="19.14701380"><ele>136.48</ele><time>2025-10-20T13:35:08.675Z</time></trkpt><trkpt lat="47.60862320" lon="19.14701380"><ele>136.48</ele><time>2025-10-20T13:35:08.875Z</time></trkpt><trkpt lat="47.60862320" lon="19.14701380"><ele>136.49</ele><time>2025-10-20T13:35:09.076Z</time></trkpt><trkpt lat="47.60862320" lon="19.14701380"><ele>136.49</ele><time>2025-10-20T13:35:09.278Z</time></trkpt><trkpt lat="47.60862330" lon="19.14701380"><ele>136.49</ele><time>2025-10-20T13:35:09.479Z</time></trkpt><trkpt lat="47.60862330" lon="19.14701370"><ele>136.50</ele><time>2025-10-20T13:35:09.680Z</time></trkpt><trkpt lat="47.60862330" lon="19.14701360"><ele>136.50</ele><time>2025-10-20T13:35:09.881Z</time></trkpt><trkpt lat="47.60862330" lon="19.14701360"><ele>136.50</ele><time>2025-10-20T13:35:10.085Z</time></trkpt><trkpt lat="47.60862330" lon="19.14701360"><ele>136.50</ele><time>2025-10-20T13:35:10.287Z</time></trkpt><trkpt lat="47.60862330" lon="19.14701360"><ele>136.50</ele><time>2025-10-20T13:35:10.469Z</time></trkpt><trkpt lat="47.60862330" lon="19.14701350"><ele>136.50</ele><time>2025-10-20T13:35:10.689Z</time></trkpt><trkpt lat="47.60862330" lon="19.14701350"><ele>136.50</ele><time>2025-10-20T13:35:10.870Z</time></trkpt><trkpt lat="47.60862330" lon="19.14701340"><ele>136.51</ele><time>2025-10-20T13:35:11.092Z</time></trkpt><trkpt lat="47.60862330" lon="19.14701340"><ele>136.51</ele><time>2025-10-20T13:35:11.295Z</time></trkpt><trkpt lat="47.60862340" lon="19.14701340"><ele>136.51</ele><time>2025-10-20T13:35:11.476Z</time></trkpt><trkpt lat="47.60862340" lon="19.14701340"><ele>136.51</ele><time>2025-10-20T13:35:11.676Z</time></trkpt><trkpt lat="47.60862340" lon="19.14701340"><ele>136.51</ele><time>2025-10-20T13:35:11.877Z</time></trkpt><trkpt lat="47.60862340" lon="19.14701340"><ele>136.51</ele><time>2025-10-20T13:35:12.078Z</time></trkpt><trkpt lat="47.60862340" lon="19.14701340"><ele>136.51</ele><time>2025-10-20T13:35:12.282Z</time></trkpt><trkpt lat="47.60862340" lon="19.14701350"><ele>136.51</ele><time>2025-10-20T13:35:12.482Z</time></trkpt><trkpt lat="47.60862340" lon="19.14701350"><ele>136.52</ele><time>2025-10-20T13:35:12.683Z</time></trkpt><trkpt lat="47.60862340" lon="19.14701350"><ele>136.52</ele><time>2025-10-20T13:35:12.883Z</time></trkpt><trkpt lat="47.60862330" lon="19.14701350"><ele>136.52</ele><time>2025-10-20T13:35:13.084Z</time></trkpt><trkpt lat="47.60862340" lon="19.14701340"><ele>136.52</ele><time>2025-10-20T13:35:13.285Z</time></trkpt><trkpt lat="47.60862340" lon="19.14701340"><ele>136.52</ele><time>2025-10-20T13:35:13.485Z</time></trkpt><trkpt lat="47.60862340" lon="19.14701340"><ele>136.52</ele><time>2025-10-20T13:35:13.686Z</time></trkpt><trkpt lat="47.60862340" lon="19.14701340"><ele>136.52</ele><time>2025-10-20T13:35:13.886Z</time></trkpt><trkpt lat="47.60862340" lon="19.14701340"><ele>136.52</ele><time>2025-10-20T13:35:14.085Z</time></trkpt><trkpt lat="47.60862340" lon="19.14701330"><ele>136.52</ele><time>2025-10-20T13:35:14.289Z</time></trkpt><trkpt lat="47.60862340" lon="19.14701330"><ele>136.52</ele><time>2025-10-20T13:35:14.490Z</time></trkpt><trkpt lat="47.60862340" lon="19.14701320"><ele>136.51</ele><time>2025-10-20T13:35:14.690Z</time></trkpt><trkpt lat="47.60862340" lon="19.14701320"><ele>136.51</ele><time>2025-10-20T13:35:14.890Z</time></trkpt><trkpt lat="47.60862330" lon="19.14701320"><ele>136.51</ele><time>2025-10-20T13:35:15.093Z</time></trkpt><trkpt lat="47.60862330" lon="19.14701320"><ele>136.51</ele><time>2025-10-20T13:35:15.295Z</time></trkpt><trkpt lat="47.60862330" lon="19.14701320"><ele>136.50</ele><time>2025-10-20T13:35:15.496Z</time></trkpt><trkpt lat="47.60862330" lon="19.14701320"><ele>136.50</ele><time>2025-10-20T13:35:15.697Z</time></trkpt><trkpt lat="47.60862330" lon="19.14701320"><ele>136.51</ele><time>2025-10-20T13:35:15.897Z</time></trkpt><trkpt lat="47.60862320" lon="19.14701320"><ele>136.51</ele><time>2025-10-20T13:35:16.098Z</time></trkpt><trkpt lat="47.60862320" lon="19.14701330"><ele>136.51</ele><time>2025-10-20T13:35:16.300Z</time></trkpt><trkpt lat="47.60862320" lon="19.14701330"><ele>136.51</ele><time>2025-10-20T13:35:16.501Z</time></trkpt><trkpt lat="47.60862320" lon="19.14701330"><ele>136.51</ele><time>2025-10-20T13:35:16.702Z</time></trkpt><trkpt lat="47.60862320" lon="19.14701330"><ele>136.51</ele><time>2025-10-20T13:35:16.904Z</time></trkpt><trkpt lat="47.60862320" lon="19.14701330"><ele>136.51</ele><time>2025-10-20T13:35:17.106Z</time></trkpt><trkpt lat="47.60862320" lon="19.14701320"><ele>136.51</ele><time>2025-10-20T13:35:17.311Z</time></trkpt><trkpt lat="47.60862320" lon="19.14701320"><ele>136.51</ele><time>2025-10-20T13:35:17.512Z</time></trkpt><trkpt lat="47.60862310" lon="19.14701320"><ele>136.51</ele><time>2025-10-20T13:35:17.714Z</time></trkpt><trkpt lat="47.60862310" lon="19.14701330"><ele>136.51</ele><time>2025-10-20T13:35:17.917Z</time></trkpt><trkpt lat="47.60862310" lon="19.14701330"><ele>136.52</ele><time>2025-10-20T13:35:18.118Z</time></trkpt><trkpt lat="47.60862300" lon="19.14701340"><ele>136.51</ele><time>2025-10-20T13:35:18.324Z</time></trkpt><trkpt lat="47.60862300" lon="19.14701340"><ele>136.51</ele><time>2025-10-20T13:35:18.527Z</time></trkpt><trkpt lat="47.60862300" lon="19.14701340"><ele>136.51</ele><time>2025-10-20T13:35:18.727Z</time></trkpt><trkpt lat="47.60862300" lon="19.14701340"><ele>136.51</ele><time>2025-10-20T13:35:18.927Z</time></trkpt><trkpt lat="47.60862300" lon="19.14701340"><ele>136.51</ele><time>2025-10-20T13:35:19.126Z</time></trkpt><trkpt lat="47.60862300" lon="19.14701340"><ele>136.51</ele><time>2025-10-20T13:35:19.328Z</time></trkpt><trkpt lat="47.60862300" lon="19.14701340"><ele>136.52</ele><time>2025-10-20T13:35:19.528Z</time></trkpt><trkpt lat="47.60862300" lon="19.14701340"><ele>136.52</ele><time>2025-10-20T13:35:19.728Z</time></trkpt><trkpt lat="47.60862300" lon="19.14701340"><ele>136.52</ele><time>2025-10-20T13:35:19.929Z</time></trkpt><trkpt lat="47.60862300" lon="19.14701340"><ele>136.52</ele><time>2025-10-20T13:35:20.130Z</time></trkpt><trkpt lat="47.60862300" lon="19.14701340"><ele>136.52</ele><time>2025-10-20T13:35:20.332Z</time></trkpt><trkpt lat="47.60862300" lon="19.14701340"><ele>136.52</ele><time>2025-10-20T13:35:20.533Z</time></trkpt><trkpt lat="47.60862300" lon="19.14701340"><ele>136.52</ele><time>2025-10-20T13:35:20.733Z</time></trkpt><trkpt lat="47.60862300" lon="19.14701340"><ele>136.52</ele><time>2025-10-20T13:35:20.934Z</time></trkpt><trkpt lat="47.60862310" lon="19.14701350"><ele>136.52</ele><time>2025-10-20T13:35:21.134Z</time></trkpt><trkpt lat="47.60862310" lon="19.14701350"><ele>136.51</ele><time>2025-10-20T13:35:21.335Z</time></trkpt><trkpt lat="47.60862310" lon="19.14701350"><ele>136.51</ele><time>2025-10-20T13:35:21.536Z</time></trkpt><trkpt lat="47.60862320" lon="19.14701350"><ele>136.51</ele><time>2025-10-20T13:35:21.736Z</time></trkpt><trkpt lat="47.60862320" lon="19.14701350"><ele>136.52</ele><time>2025-10-20T13:35:21.937Z</time></trkpt><trkpt lat="47.60862320" lon="19.14701360"><ele>136.52</ele><time>2025-10-20T13:35:22.136Z</time></trkpt><trkpt lat="47.60862320" lon="19.14701360"><ele>136.52</ele><time>2025-10-20T13:35:22.322Z</time></trkpt><trkpt lat="47.60862320" lon="19.14701360"><ele>136.52</ele><time>2025-10-20T13:35:22.523Z</time></trkpt><trkpt lat="47.60862320" lon="19.14701350"><ele>136.52</ele><time>2025-10-20T13:35:22.722Z</time></trkpt><trkpt lat="47.60862320" lon="19.14701360"><ele>136.52</ele><time>2025-10-20T13:35:22.923Z</time></trkpt><trkpt lat="47.60862320" lon="19.14701360"><ele>136.52</ele><time>2025-10-20T13:35:23.124Z</time></trkpt><trkpt lat="47.60862320" lon="19.14701360"><ele>136.52</ele><time>2025-10-20T13:35:23.329Z</time></trkpt><trkpt lat="47.60862320" lon="19.14701360"><ele>136.52</ele><time>2025-10-20T13:35:23.529Z</time></trkpt><trkpt lat="47.60862320" lon="19.14701360"><ele>136.52</ele><time>2025-10-20T13:35:23.729Z</time></trkpt><trkpt lat="47.60862320" lon="19.14701360"><ele>136.53</ele><time>2025-10-20T13:35:23.930Z</time></trkpt><trkpt lat="47.60862320" lon="19.14701360"><ele>136.53</ele><time>2025-10-20T13:35:24.130Z</time></trkpt><trkpt lat="47.60862320" lon="19.14701360"><ele>136.52</ele><time>2025-10-20T13:35:24.331Z</time></trkpt><trkpt lat="47.60862330" lon="19.14701360"><ele>136.53</ele><time>2025-10-20T13:35:24.531Z</time></trkpt><trkpt lat="47.60862330" lon="19.14701360"><ele>136.52</ele><time>2025-10-20T13:35:24.732Z</time></trkpt><trkpt lat="47.60862330" lon="19.14701360"><ele>136.52</ele><time>2025-10-20T13:35:24.932Z</time></trkpt><trkpt lat="47.60862340" lon="19.14701360"><ele>136.52</ele><time>2025-10-20T13:35:25.133Z</time></trkpt><trkpt lat="47.60862340" lon="19.14701360"><ele>136.53</ele><time>2025-10-20T13:35:25.334Z</time></trkpt><trkpt lat="47.60862340" lon="19.14701360"><ele>136.53</ele><time>2025-10-20T13:35:25.534Z</time></trkpt><trkpt lat="47.60862340" lon="19.14701360"><ele>136.53</ele><time>2025-10-20T13:35:25.734Z</time></trkpt><trkpt lat="47.60862340" lon="19.14701360"><ele>136.53</ele><time>2025-10-20T13:35:25.935Z</time></trkpt><trkpt lat="47.60862340" lon="19.14701370"><ele>136.53</ele><time>2025-10-20T13:35:26.136Z</time></trkpt><trkpt lat="47.60862340" lon="19.14701370"><ele>136.53</ele><time>2025-10-20T13:35:26.339Z</time></trkpt><trkpt lat="47.60862350" lon="19.14701370"><ele>136.52</ele><time>2025-10-20T13:35:26.539Z</time></trkpt><trkpt lat="47.60862350" lon="19.14701370"><ele>136.52</ele><time>2025-10-20T13:35:26.740Z</time></trkpt><trkpt lat="47.60862360" lon="19.14701370"><ele>136.52</ele><time>2025-10-20T13:35:26.940Z</time></trkpt><trkpt lat="47.60862350" lon="19.14701370"><ele>136.53</ele><time>2025-10-20T13:35:27.140Z</time></trkpt><trkpt lat="47.60862350" lon="19.14701370"><ele>136.53</ele><time>2025-10-20T13:35:27.340Z</time></trkpt><trkpt lat="47.60862350" lon="19.14701370"><ele>136.53</ele><time>2025-10-20T13:35:27.541Z</time></trkpt><trkpt lat="47.60862350" lon="19.14701370"><ele>136.53</ele><time>2025-10-20T13:35:27.742Z</time></trkpt><trkpt lat="47.60862350" lon="19.14701370"><ele>136.53</ele><time>2025-10-20T13:35:27.922Z</time></trkpt><trkpt lat="47.60862350" lon="19.14701370"><ele>136.54</ele><time>2025-10-20T13:35:28.144Z</time></trkpt><trkpt lat="47.60862350" lon="19.14701380"><ele>136.54</ele><time>2025-10-20T13:35:28.329Z</time></trkpt><trkpt lat="47.60862350" lon="19.14701380"><ele>136.54</ele><time>2025-10-20T13:35:28.529Z</time></trkpt><trkpt lat="47.60862350" lon="19.14701380"><ele>136.53</ele><time>2025-10-20T13:35:28.729Z</time></trkpt><trkpt lat="47.60862350" lon="19.14701380"><ele>136.54</ele><time>2025-10-20T13:35:28.930Z</time></trkpt><trkpt lat="47.60862350" lon="19.14701380"><ele>136.54</ele><time>2025-10-20T13:35:29.130Z</time></trkpt><trkpt lat="47.60862350" lon="19.14701380"><ele>136.54</ele><time>2025-10-20T13:35:29.331Z</time></trkpt><trkpt lat="47.60862350" lon="19.14701370"><ele>136.54</ele><time>2025-10-20T13:35:29.531Z</time></trkpt><trkpt lat="47.60862350" lon="19.14701370"><ele>136.54</ele><time>2025-10-20T13:35:29.731Z</time></trkpt><trkpt lat="47.60862340" lon="19.14701370"><ele>136.54</ele><time>2025-10-20T13:35:29.931Z</time></trkpt><trkpt lat="47.60862340" lon="19.14701370"><ele>136.54</ele><time>2025-10-20T13:35:30.132Z</time></trkpt><trkpt lat="47.60862340" lon="19.14701370"><ele>136.54</ele><time>2025-10-20T13:35:30.334Z</time></trkpt><trkpt lat="47.60862340" lon="19.14701360"><ele>136.54</ele><time>2025-10-20T13:35:30.534Z</time></trkpt><trkpt lat="47.60862340" lon="19.14701360"><ele>136.54</ele><time>2025-10-20T13:35:30.734Z</time></trkpt><trkpt lat="47.60862340" lon="19.14701350"><ele>136.54</ele><time>2025-10-20T13:35:30.934Z</time></trkpt><trkpt lat="47.60862350" lon="19.14701350"><ele>136.54</ele><time>2025-10-20T13:35:31.135Z</time></trkpt><trkpt lat="47.60862340" lon="19.14701340"><ele>136.54</ele><time>2025-10-20T13:35:31.341Z</time></trkpt><trkpt lat="47.60862340" lon="19.14701340"><ele>136.54</ele><time>2025-10-20T13:35:31.542Z</time></trkpt><trkpt lat="47.60862340" lon="19.14701340"><ele>136.54</ele><time>2025-10-20T13:35:31.743Z</time></trkpt><trkpt lat="47.60862340" lon="19.14701340"><ele>136.54</ele><time>2025-10-20T13:35:31.944Z</time></trkpt><trkpt lat="47.60862340" lon="19.14701340"><ele>136.55</ele><time>2025-10-20T13:35:32.146Z</time></trkpt><trkpt lat="47.60862340" lon="19.14701340"><ele>136.55</ele><time>2025-10-20T13:35:32.353Z</time></trkpt><trkpt lat="47.60862340" lon="19.14701340"><ele>136.54</ele><time>2025-10-20T13:35:32.557Z</time></trkpt><trkpt lat="47.60862340" lon="19.14701340"><ele>136.55</ele><time>2025-10-20T13:35:32.757Z</time></trkpt><trkpt lat="47.60862340" lon="19.14701340"><ele>136.55</ele><time>2025-10-20T13:35:32.957Z</time></trkpt><trkpt lat="47.60862340" lon="19.14701350"><ele>136.55</ele><time>2025-10-20T13:35:33.158Z</time></trkpt><trkpt lat="47.60862340" lon="19.14701350"><ele>136.54</ele><time>2025-10-20T13:35:33.359Z</time></trkpt><trkpt lat="47.60862340" lon="19.14701350"><ele>136.54</ele><time>2025-10-20T13:35:33.560Z</time></trkpt><trkpt lat="47.60862340" lon="19.14701350"><ele>136.54</ele><time>2025-10-20T13:35:33.760Z</time></trkpt><trkpt lat="47.60862340" lon="19.14701350"><ele>136.54</ele><time>2025-10-20T13:35:33.961Z</time></trkpt><trkpt lat="47.60862340" lon="19.14701350"><ele>136.54</ele><time>2025-10-20T13:35:34.161Z</time></trkpt><trkpt lat="47.60862350" lon="19.14701350"><ele>136.53</ele><time>2025-10-20T13:35:34.363Z</time></trkpt><trkpt lat="47.60862350" lon="19.14701350"><ele>136.53</ele><time>2025-10-20T13:35:34.563Z</time></trkpt><trkpt lat="47.60862350" lon="19.14701350"><ele>136.53</ele><time>2025-10-20T13:35:34.763Z</time></trkpt><trkpt lat="47.60862340" lon="19.14701350"><ele>136.53</ele><time>2025-10-20T13:35:34.963Z</time></trkpt><trkpt lat="47.60862340" lon="19.14701350"><ele>136.53</ele><time>2025-10-20T13:35:35.146Z</time></trkpt><trkpt lat="47.60862340" lon="19.14701360"><ele>136.54</ele><time>2025-10-20T13:35:35.352Z</time></trkpt><trkpt lat="47.60862340" lon="19.14701360"><ele>136.54</ele><time>2025-10-20T13:35:35.552Z</time></trkpt><trkpt lat="47.60862330" lon="19.14701360"><ele>136.54</ele><time>2025-10-20T13:35:35.752Z</time></trkpt><trkpt lat="47.60862330" lon="19.14701360"><ele>136.54</ele><time>2025-10-20T13:35:35.952Z</time></trkpt><trkpt lat="47.60862330" lon="19.14701350"><ele>136.54</ele><time>2025-10-20T13:35:36.153Z</time></trkpt><trkpt lat="47.60862330" lon="19.14701350"><ele>136.54</ele><time>2025-10-20T13:35:36.355Z</time></trkpt><trkpt lat="47.60862330" lon="19.14701350"><ele>136.54</ele><time>2025-10-20T13:35:36.555Z</time></trkpt><trkpt lat="47.60862330" lon="19.14701340"><ele>136.54</ele><time>2025-10-20T13:35:36.756Z</time></trkpt><trkpt lat="47.60862340" lon="19.14701340"><ele>136.54</ele><time>2025-10-20T13:35:36.956Z</time></trkpt><trkpt lat="47.60862340" lon="19.14701340"><ele>136.54</ele><time>2025-10-20T13:35:37.156Z</time></trkpt><trkpt lat="47.60862340" lon="19.14701340"><ele>136.54</ele><time>2025-10-20T13:35:37.362Z</time></trkpt><trkpt lat="47.60862340" lon="19.14701340"><ele>136.54</ele><time>2025-10-20T13:35:37.562Z</time></trkpt><trkpt lat="47.60862350" lon="19.14701350"><ele>136.54</ele><time>2025-10-20T13:35:37.741Z</time></trkpt><trkpt lat="47.60862350" lon="19.14701350"><ele>136.54</ele><time>2025-10-20T13:35:37.961Z</time></trkpt><trkpt lat="47.60862350" lon="19.14701350"><ele>136.54</ele><time>2025-10-20T13:35:38.161Z</time></trkpt><trkpt lat="47.60862340" lon="19.14701350"><ele>136.54</ele><time>2025-10-20T13:35:38.364Z</time></trkpt><trkpt lat="47.60862340" lon="19.14701350"><ele>136.54</ele><time>2025-10-20T13:35:38.544Z</time></trkpt><trkpt lat="47.60862340" lon="19.14701350"><ele>136.54</ele><time>2025-10-20T13:35:38.744Z</time></trkpt><trkpt lat="47.60862330" lon="19.14701350"><ele>136.54</ele><time>2025-10-20T13:35:38.964Z</time></trkpt><trkpt lat="47.60862330" lon="19.14701340"><ele>136.55</ele><time>2025-10-20T13:35:39.164Z</time></trkpt><trkpt lat="47.60862330" lon="19.14701340"><ele>136.55</ele><time>2025-10-20T13:35:39.365Z</time></trkpt><trkpt lat="47.60862330" lon="19.14701340"><ele>136.55</ele><time>2025-10-20T13:35:39.565Z</time></trkpt><trkpt lat="47.60862330" lon="19.14701340"><ele>136.56</ele><time>2025-10-20T13:35:39.765Z</time></trkpt><trkpt lat="47.60862330" lon="19.14701340"><ele>136.56</ele><time>2025-10-20T13:35:39.965Z</time></trkpt><trkpt lat="47.60862340" lon="19.14701330"><ele>136.57</ele><time>2025-10-20T13:35:40.166Z</time></trkpt><trkpt lat="47.60862340" lon="19.14701330"><ele>136.57</ele><time>2025-10-20T13:35:40.368Z</time></trkpt><trkpt lat="47.60862340" lon="19.14701320"><ele>136.57</ele><time>2025-10-20T13:35:40.568Z</time></trkpt><trkpt lat="47.60862340" lon="19.14701320"><ele>136.57</ele><time>2025-10-20T13:35:40.769Z</time></trkpt><trkpt lat="47.60862340" lon="19.14701320"><ele>136.57</ele><time>2025-10-20T13:35:40.969Z</time></trkpt><trkpt lat="47.60862340" lon="19.14701310"><ele>136.57</ele><time>2025-10-20T13:35:41.168Z</time></trkpt><trkpt lat="47.60862340" lon="19.14701310"><ele>136.57</ele><time>2025-10-20T13:35:41.370Z</time></trkpt><trkpt lat="47.60862340" lon="19.14701310"><ele>136.57</ele><time>2025-10-20T13:35:41.570Z</time></trkpt><trkpt lat="47.60862340" lon="19.14701310"><ele>136.57</ele><time>2025-10-20T13:35:41.770Z</time></trkpt><trkpt lat="47.60862340" lon="19.14701310"><ele>136.57</ele><time>2025-10-20T13:35:41.970Z</time></trkpt><trkpt lat="47.60862340" lon="19.14701310"><ele>136.57</ele><time>2025-10-20T13:35:42.171Z</time></trkpt><trkpt lat="47.60862340" lon="19.14701320"><ele>136.57</ele><time>2025-10-20T13:35:42.372Z</time></trkpt><trkpt lat="47.60862340" lon="19.14701320"><ele>136.57</ele><time>2025-10-20T13:35:42.572Z</time></trkpt><trkpt lat="47.60862340" lon="19.14701320"><ele>136.57</ele><time>2025-10-20T13:35:42.772Z</time></trkpt><trkpt lat="47.60862330" lon="19.14701320"><ele>136.57</ele><time>2025-10-20T13:35:42.972Z</time></trkpt><trkpt lat="47.60862330" lon="19.14701320"><ele>136.57</ele><time>2025-10-20T13:35:43.174Z</time></trkpt><trkpt lat="47.60862330" lon="19.14701320"><ele>136.58</ele><time>2025-10-20T13:35:43.376Z</time></trkpt><trkpt lat="47.60862330" lon="19.14701320"><ele>136.58</ele><time>2025-10-20T13:35:43.576Z</time></trkpt><trkpt lat="47.60862330" lon="19.14701320"><ele>136.58</ele><time>2025-10-20T13:35:43.776Z</time></trkpt><trkpt lat="47.60862330" lon="19.14701320"><ele>136.58</ele><time>2025-10-20T13:35:43.975Z</time></trkpt><trkpt lat="47.60862330" lon="19.14701330"><ele>136.58</ele><time>2025-10-20T13:35:44.175Z</time></trkpt><trkpt lat="47.60862320" lon="19.14701330"><ele>136.58</ele><time>2025-10-20T13:35:44.381Z</time></trkpt><trkpt lat="47.60862320" lon="19.14701330"><ele>136.59</ele><time>2025-10-20T13:35:44.581Z</time></trkpt><trkpt lat="47.60862320" lon="19.14701330"><ele>136.59</ele><time>2025-10-20T13:35:44.781Z</time></trkpt><trkpt lat="47.60862320" lon="19.14701340"><ele>136.59</ele><time>2025-10-20T13:35:44.982Z</time></trkpt><trkpt lat="47.60862310" lon="19.14701340"><ele>136.59</ele><time>2025-10-20T13:35:45.184Z</time></trkpt><trkpt lat="47.60862310" lon="19.14701340"><ele>136.59</ele><time>2025-10-20T13:35:45.365Z</time></trkpt><trkpt lat="47.60862310" lon="19.14701340"><ele>136.59</ele><time>2025-10-20T13:35:45.586Z</time></trkpt><trkpt lat="47.60862310" lon="19.14701340"><ele>136.59</ele><time>2025-10-20T13:35:45.787Z</time></trkpt><trkpt lat="47.60862310" lon="19.14701340"><ele>136.59</ele><time>2025-10-20T13:35:45.987Z</time></trkpt><trkpt lat="47.60862310" lon="19.14701340"><ele>136.59</ele><time>2025-10-20T13:35:46.169Z</time></trkpt><trkpt lat="47.60862310" lon="19.14701340"><ele>136.59</ele><time>2025-10-20T13:35:46.369Z</time></trkpt><trkpt lat="47.60862310" lon="19.14701340"><ele>136.59</ele><time>2025-10-20T13:35:46.569Z</time></trkpt><trkpt lat="47.60862310" lon="19.14701350"><ele>136.59</ele><time>2025-10-20T13:35:46.769Z</time></trkpt><trkpt lat="47.60862310" lon="19.14701350"><ele>136.59</ele><time>2025-10-20T13:35:46.969Z</time></trkpt><trkpt lat="47.60862310" lon="19.14701340"><ele>136.59</ele><time>2025-10-20T13:35:47.168Z</time></trkpt><trkpt lat="47.60862300" lon="19.14701340"><ele>136.58</ele><time>2025-10-20T13:35:47.370Z</time></trkpt><trkpt lat="47.60862300" lon="19.14701340"><ele>136.57</ele><time>2025-10-20T13:35:47.570Z</time></trkpt><trkpt lat="47.60862310" lon="19.14701340"><ele>136.57</ele><time>2025-10-20T13:35:47.771Z</time></trkpt><trkpt lat="47.60862310" lon="19.14701340"><ele>136.56</ele><time>2025-10-20T13:35:47.971Z</time></trkpt><trkpt lat="47.60862310" lon="19.14701340"><ele>136.55</ele><time>2025-10-20T13:35:48.173Z</time></trkpt><trkpt lat="47.60862310" lon="19.14701340"><ele>136.55</ele><time>2025-10-20T13:35:48.374Z</time></trkpt><trkpt lat="47.60862310" lon="19.14701340"><ele>136.54</ele><time>2025-10-20T13:35:48.575Z</time></trkpt><trkpt lat="47.60862310" lon="19.14701340"><ele>136.54</ele><time>2025-10-20T13:35:48.776Z</time></trkpt><trkpt lat="47.60862310" lon="19.14701340"><ele>136.54</ele><time>2025-10-20T13:35:48.977Z</time></trkpt><trkpt lat="47.60862310" lon="19.14701340"><ele>136.54</ele><time>2025-10-20T13:35:49.177Z</time></trkpt><trkpt lat="47.60862310" lon="19.14701340"><ele>136.54</ele><time>2025-10-20T13:35:49.383Z</time></trkpt><trkpt lat="47.60862310" lon="19.14701330"><ele>136.54</ele><time>2025-10-20T13:35:49.584Z</time></trkpt><trkpt lat="47.60862310" lon="19.14701330"><ele>136.54</ele><time>2025-10-20T13:35:49.785Z</time></trkpt><trkpt lat="47.60862310" lon="19.14701330"><ele>136.54</ele><time>2025-10-20T13:35:49.989Z</time></trkpt><trkpt lat="47.60862310" lon="19.14701330"><ele>136.53</ele><time>2025-10-20T13:35:50.193Z</time></trkpt><trkpt lat="47.60862310" lon="19.14701330"><ele>136.53</ele><time>2025-10-20T13:35:50.381Z</time></trkpt><trkpt lat="47.60862300" lon="19.14701330"><ele>136.53</ele><time>2025-10-20T13:35:50.581Z</time></trkpt><trkpt lat="47.60862310" lon="19.14701330"><ele>136.52</ele><time>2025-10-20T13:35:50.781Z</time></trkpt><trkpt lat="47.60862310" lon="19.14701320"><ele>136.52</ele><time>2025-10-20T13:35:50.981Z</time></trkpt><trkpt lat="47.60862310" lon="19.14701320"><ele>136.52</ele><time>2025-10-20T13:35:51.181Z</time></trkpt><trkpt lat="47.60862300" lon="19.14701310"><ele>136.52</ele><time>2025-10-20T13:35:51.382Z</time></trkpt><trkpt lat="47.60862300" lon="19.14701310"><ele>136.52</ele><time>2025-10-20T13:35:51.582Z</time></trkpt><trkpt lat="47.60862300" lon="19.14701310"><ele>136.52</ele><time>2025-10-20T13:35:51.782Z</time></trkpt><trkpt lat="47.60862300" lon="19.14701310"><ele>136.52</ele><time>2025-10-20T13:35:51.982Z</time></trkpt><trkpt lat="47.60862300" lon="19.14701310"><ele>136.51</ele><time>2025-10-20T13:35:52.182Z</time></trkpt><trkpt lat="47.60862300" lon="19.14701310"><ele>136.51</ele><time>2025-10-20T13:35:52.383Z</time></trkpt><trkpt lat="47.60862300" lon="19.14701310"><ele>136.51</ele><time>2025-10-20T13:35:52.583Z</time></trkpt><trkpt lat="47.60862300" lon="19.14701310"><ele>136.51</ele><time>2025-10-20T13:35:52.782Z</time></trkpt><trkpt lat="47.60862300" lon="19.14701320"><ele>136.51</ele><time>2025-10-20T13:35:52.983Z</time></trkpt><trkpt lat="47.60862290" lon="19.14701320"><ele>136.51</ele><time>2025-10-20T13:35:53.183Z</time></trkpt><trkpt lat="47.60862290" lon="19.14701310"><ele>136.51</ele><time>2025-10-20T13:35:53.385Z</time></trkpt><trkpt lat="47.60862290" lon="19.14701310"><ele>136.51</ele><time>2025-10-20T13:35:53.585Z</time></trkpt><trkpt lat="47.60862290" lon="19.14701310"><ele>136.52</ele><time>2025-10-20T13:35:53.785Z</time></trkpt><trkpt lat="47.60862290" lon="19.14701310"><ele>136.52</ele><time>2025-10-20T13:35:53.986Z</time></trkpt><trkpt lat="47.60862280" lon="19.14701310"><ele>136.52</ele><time>2025-10-20T13:35:54.185Z</time></trkpt><trkpt lat="47.60862280" lon="19.14701310"><ele>136.52</ele><time>2025-10-20T13:35:54.387Z</time></trkpt><trkpt lat="47.60862290" lon="19.14701310"><ele>136.52</ele><time>2025-10-20T13:35:54.587Z</time></trkpt><trkpt lat="47.60862290" lon="19.14701310"><ele>136.53</ele><time>2025-10-20T13:35:54.787Z</time></trkpt><trkpt lat="47.60862290" lon="19.14701320"><ele>136.53</ele><time>2025-10-20T13:35:54.988Z</time></trkpt><trkpt lat="47.60862290" lon="19.14701320"><ele>136.53</ele><time>2025-10-20T13:35:55.188Z</time></trkpt><trkpt lat="47.60862290" lon="19.14701320"><ele>136.53</ele><time>2025-10-20T13:35:55.389Z</time></trkpt><trkpt lat="47.60862290" lon="19.14701320"><ele>136.52</ele><time>2025-10-20T13:35:55.590Z</time></trkpt><trkpt lat="47.60862290" lon="19.14701330"><ele>136.52</ele><time>2025-10-20T13:35:55.790Z</time></trkpt><trkpt lat="47.60862290" lon="19.14701330"><ele>136.53</ele><time>2025-10-20T13:35:55.990Z</time></trkpt><trkpt lat="47.60862290" lon="19.14701330"><ele>136.53</ele><time>2025-10-20T13:35:56.190Z</time></trkpt><trkpt lat="47.60862290" lon="19.14701330"><ele>136.53</ele><time>2025-10-20T13:35:56.391Z</time></trkpt><trkpt lat="47.60862290" lon="19.14701330"><ele>136.53</ele><time>2025-10-20T13:35:56.591Z</time></trkpt><trkpt lat="47.60862300" lon="19.14701330"><ele>136.53</ele><time>2025-10-20T13:35:56.791Z</time></trkpt><trkpt lat="47.60862300" lon="19.14701330"><ele>136.53</ele><time>2025-10-20T13:35:56.991Z</time></trkpt><trkpt lat="47.60862300" lon="19.14701330"><ele>136.53</ele><time>2025-10-20T13:35:57.191Z</time></trkpt><trkpt lat="47.60862310" lon="19.14701330"><ele>136.52</ele><time>2025-10-20T13:35:57.393Z</time></trkpt><trkpt lat="47.60862310" lon="19.14701330"><ele>136.52</ele><time>2025-10-20T13:35:57.593Z</time></trkpt><trkpt lat="47.60862320" lon="19.14701330"><ele>136.52</ele><time>2025-10-20T13:35:57.793Z</time></trkpt><trkpt lat="47.60862320" lon="19.14701330"><ele>136.52</ele><time>2025-10-20T13:35:57.993Z</time></trkpt><trkpt lat="47.60862320" lon="19.14701320"><ele>136.53</ele><time>2025-10-20T13:35:58.193Z</time></trkpt><trkpt lat="47.60862320" lon="19.14701320"><ele>136.53</ele><time>2025-10-20T13:35:58.395Z</time></trkpt><trkpt lat="47.60862320" lon="19.14701320"><ele>136.53</ele><time>2025-10-20T13:35:58.595Z</time></trkpt><trkpt lat="47.60862320" lon="19.14701320"><ele>136.53</ele><time>2025-10-20T13:35:58.794Z</time></trkpt><trkpt lat="47.60862320" lon="19.14701320"><ele>136.53</ele><time>2025-10-20T13:35:58.994Z</time></trkpt><trkpt lat="47.60862320" lon="19.14701320"><ele>136.54</ele><time>2025-10-20T13:35:59.195Z</time></trkpt><trkpt lat="47.60862330" lon="19.14701320"><ele>136.54</ele><time>2025-10-20T13:35:59.395Z</time></trkpt><trkpt lat="47.60862330" lon="19.14701320"><ele>136.54</ele><time>2025-10-20T13:35:59.595Z</time></trkpt><trkpt lat="47.60862330" lon="19.14701320"><ele>136.54</ele><time>2025-10-20T13:35:59.796Z</time></trkpt><trkpt lat="47.60862330" lon="19.14701320"><ele>136.55</ele><time>2025-10-20T13:35:59.997Z</time></trkpt><trkpt lat="47.60862330" lon="19.14701320"><ele>136.55</ele><time>2025-10-20T13:36:00.198Z</time></trkpt><trkpt lat="47.60862330" lon="19.14701320"><ele>136.55</ele><time>2025-10-20T13:36:00.401Z</time></trkpt><trkpt lat="47.60862330" lon="19.14701320"><ele>136.55</ele><time>2025-10-20T13:36:00.602Z</time></trkpt><trkpt lat="47.60862330" lon="19.14701320"><ele>136.55</ele><time>2025-10-20T13:36:00.804Z</time></trkpt><trkpt lat="47.60862330" lon="19.14701320"><ele>136.55</ele><time>2025-10-20T13:36:01.004Z</time></trkpt><trkpt lat="47.60862330" lon="19.14701330"><ele>136.56</ele><time>2025-10-20T13:36:01.207Z</time></trkpt><trkpt lat="47.60862330" lon="19.14701320"><ele>136.56</ele><time>2025-10-20T13:36:01.409Z</time></trkpt><trkpt lat="47.60862330" lon="19.14701320"><ele>136.56</ele><time>2025-10-20T13:36:01.611Z</time></trkpt><trkpt lat="47.60862330" lon="19.14701330"><ele>136.56</ele><time>2025-10-20T13:36:01.811Z</time></trkpt><trkpt lat="47.60862330" lon="19.14701330"><ele>136.56</ele><time>2025-10-20T13:36:02.012Z</time></trkpt><trkpt lat="47.60862330" lon="19.14701330"><ele>136.56</ele><time>2025-10-20T13:36:02.213Z</time></trkpt><trkpt lat="47.60862330" lon="19.14701330"><ele>136.55</ele><time>2025-10-20T13:36:02.415Z</time></trkpt><trkpt lat="47.60862330" lon="19.14701330"><ele>136.55</ele><time>2025-10-20T13:36:02.616Z</time></trkpt><trkpt lat="47.60862330" lon="19.14701330"><ele>136.55</ele><time>2025-10-20T13:36:02.818Z</time></trkpt><trkpt lat="47.60862330" lon="19.14701330"><ele>136.55</ele><time>2025-10-20T13:36:03.019Z</time></trkpt><trkpt lat="47.60862330" lon="19.14701340"><ele>136.55</ele><time>2025-10-20T13:36:03.220Z</time></trkpt><trkpt lat="47.60862340" lon="19.14701340"><ele>136.54</ele><time>2025-10-20T13:36:03.441Z</time></trkpt><trkpt lat="47.60862340" lon="19.14701340"><ele>136.54</ele><time>2025-10-20T13:36:03.622Z</time></trkpt><trkpt lat="47.60862340" lon="19.14701350"><ele>136.54</ele><time>2025-10-20T13:36:03.824Z</time></trkpt><trkpt lat="47.60862340" lon="19.14701350"><ele>136.54</ele><time>2025-10-20T13:36:04.024Z</time></trkpt><trkpt lat="47.60862350" lon="19.14701350"><ele>136.54</ele><time>2025-10-20T13:36:04.224Z</time></trkpt><trkpt lat="47.60862350" lon="19.14701350"><ele>136.54</ele><time>2025-10-20T13:36:04.426Z</time></trkpt><trkpt lat="47.60862350" lon="19.14701350"><ele>136.53</ele><time>2025-10-20T13:36:04.626Z</time></trkpt><trkpt lat="47.60862360" lon="19.14701350"><ele>136.53</ele><time>2025-10-20T13:36:04.827Z</time></trkpt><trkpt lat="47.60862360" lon="19.14701350"><ele>136.53</ele><time>2025-10-20T13:36:05.028Z</time></trkpt><trkpt lat="47.60862360" lon="19.14701340"><ele>136.54</ele><time>2025-10-20T13:36:05.228Z</time></trkpt><trkpt lat="47.60862360" lon="19.14701340"><ele>136.54</ele><time>2025-10-20T13:36:05.434Z</time></trkpt><trkpt lat="47.60862360" lon="19.14701340"><ele>136.54</ele><time>2025-10-20T13:36:05.615Z</time></trkpt><trkpt lat="47.60862360" lon="19.14701340"><ele>136.53</ele><time>2025-10-20T13:36:05.816Z</time></trkpt><trkpt lat="47.60862370" lon="19.14701340"><ele>136.53</ele><time>2025-10-20T13:36:06.038Z</time></trkpt><trkpt lat="47.60862370" lon="19.14701340"><ele>136.53</ele><time>2025-10-20T13:36:06.218Z</time></trkpt><trkpt lat="47.60862370" lon="19.14701340"><ele>136.52</ele><time>2025-10-20T13:36:06.441Z</time></trkpt><trkpt lat="47.60862370" lon="19.14701340"><ele>136.53</ele><time>2025-10-20T13:36:06.622Z</time></trkpt><trkpt lat="47.60862360" lon="19.14701340"><ele>136.53</ele><time>2025-10-20T13:36:06.841Z</time></trkpt><trkpt lat="47.60862360" lon="19.14701340"><ele>136.53</ele><time>2025-10-20T13:36:07.022Z</time></trkpt><trkpt lat="47.60862360" lon="19.14701340"><ele>136.54</ele><time>2025-10-20T13:36:07.222Z</time></trkpt><trkpt lat="47.60862360" lon="19.14701340"><ele>136.54</ele><time>2025-10-20T13:36:07.425Z</time></trkpt><trkpt lat="47.60862350" lon="19.14701330"><ele>136.54</ele><time>2025-10-20T13:36:07.627Z</time></trkpt><trkpt lat="47.60862350" lon="19.14701330"><ele>136.54</ele><time>2025-10-20T13:36:07.827Z</time></trkpt><trkpt lat="47.60862340" lon="19.14701330"><ele>136.54</ele><time>2025-10-20T13:36:08.028Z</time></trkpt><trkpt lat="47.60862340" lon="19.14701330"><ele>136.54</ele><time>2025-10-20T13:36:08.231Z</time></trkpt><trkpt lat="47.60862340" lon="19.14701330"><ele>136.54</ele><time>2025-10-20T13:36:08.438Z</time></trkpt><trkpt lat="47.60862340" lon="19.14701330"><ele>136.54</ele><time>2025-10-20T13:36:08.639Z</time></trkpt><trkpt lat="47.60862340" lon="19.14701330"><ele>136.54</ele><time>2025-10-20T13:36:08.840Z</time></trkpt><trkpt lat="47.60862340" lon="19.14701330"><ele>136.54</ele><time>2025-10-20T13:36:09.040Z</time></trkpt><trkpt lat="47.60862330" lon="19.14701330"><ele>136.54</ele><time>2025-10-20T13:36:09.244Z</time></trkpt><trkpt lat="47.60862330" lon="19.14701330"><ele>136.54</ele><time>2025-10-20T13:36:09.446Z</time></trkpt><trkpt lat="47.60862330" lon="19.14701330"><ele>136.54</ele><time>2025-10-20T13:36:09.646Z</time></trkpt><trkpt lat="47.60862330" lon="19.14701330"><ele>136.54</ele><time>2025-10-20T13:36:09.846Z</time></trkpt><trkpt lat="47.60862330" lon="19.14701320"><ele>136.55</ele><time>2025-10-20T13:36:10.046Z</time></trkpt><trkpt lat="47.60862320" lon="19.14701320"><ele>136.54</ele><time>2025-10-20T13:36:10.249Z</time></trkpt><trkpt lat="47.60862320" lon="19.14701320"><ele>136.54</ele><time>2025-10-20T13:36:10.433Z</time></trkpt><trkpt lat="47.60862320" lon="19.14701330"><ele>136.54</ele><time>2025-10-20T13:36:10.633Z</time></trkpt><trkpt lat="47.60862320" lon="19.14701330"><ele>136.54</ele><time>2025-10-20T13:36:10.834Z</time></trkpt><trkpt lat="47.60862310" lon="19.14701340"><ele>136.54</ele><time>2025-10-20T13:36:11.054Z</time></trkpt><trkpt lat="47.60862310" lon="19.14701350"><ele>136.54</ele><time>2025-10-20T13:36:11.260Z</time></trkpt><trkpt lat="47.60862310" lon="19.14701350"><ele>136.53</ele><time>2025-10-20T13:36:11.441Z</time></trkpt><trkpt lat="47.60862310" lon="19.14701350"><ele>136.53</ele><time>2025-10-20T13:36:11.642Z</time></trkpt><trkpt lat="47.60862310" lon="19.14701350"><ele>136.52</ele><time>2025-10-20T13:36:11.843Z</time></trkpt><trkpt lat="47.60862310" lon="19.14701350"><ele>136.52</ele><time>2025-10-20T13:36:12.044Z</time></trkpt><trkpt lat="47.60862310" lon="19.14701350"><ele>136.51</ele><time>2025-10-20T13:36:12.243Z</time></trkpt><trkpt lat="47.60862310" lon="19.14701350"><ele>136.51</ele><time>2025-10-20T13:36:12.444Z</time></trkpt><trkpt lat="47.60862310" lon="19.14701350"><ele>136.51</ele><time>2025-10-20T13:36:12.646Z</time></trkpt><trkpt lat="47.60862320" lon="19.14701340"><ele>136.51</ele><time>2025-10-20T13:36:12.846Z</time></trkpt><trkpt lat="47.60862320" lon="19.14701340"><ele>136.51</ele><time>2025-10-20T13:36:13.047Z</time></trkpt><trkpt lat="47.60862330" lon="19.14701340"><ele>136.51</ele><time>2025-10-20T13:36:13.250Z</time></trkpt><trkpt lat="47.60862320" lon="19.14701340"><ele>136.51</ele><time>2025-10-20T13:36:13.452Z</time></trkpt><trkpt lat="47.60862320" lon="19.14701340"><ele>136.52</ele><time>2025-10-20T13:36:13.652Z</time></trkpt><trkpt lat="47.60862320" lon="19.14701340"><ele>136.52</ele><time>2025-10-20T13:36:13.853Z</time></trkpt><trkpt lat="47.60862320" lon="19.14701340"><ele>136.52</ele><time>2025-10-20T13:36:14.053Z</time></trkpt><trkpt lat="47.60862320" lon="19.14701340"><ele>136.52</ele><time>2025-10-20T13:36:14.254Z</time></trkpt><trkpt lat="47.60862320" lon="19.14701340"><ele>136.52</ele><time>2025-10-20T13:36:14.456Z</time></trkpt><trkpt lat="47.60862310" lon="19.14701330"><ele>136.52</ele><time>2025-10-20T13:36:14.656Z</time></trkpt><trkpt lat="47.60862310" lon="19.14701330"><ele>136.52</ele><time>2025-10-20T13:36:14.856Z</time></trkpt><trkpt lat="47.60862320" lon="19.14701330"><ele>136.52</ele><time>2025-10-20T13:36:15.056Z</time></trkpt><trkpt lat="47.60862320" lon="19.14701330"><ele>136.52</ele><time>2025-10-20T13:36:15.259Z</time></trkpt><trkpt lat="47.60862320" lon="19.14701330"><ele>136.52</ele><time>2025-10-20T13:36:15.461Z</time></trkpt><trkpt lat="47.60862320" lon="19.14701330"><ele>136.53</ele><time>2025-10-20T13:36:15.661Z</time></trkpt><trkpt lat="47.60862320" lon="19.14701330"><ele>136.53</ele><time>2025-10-20T13:36:15.861Z</time></trkpt><trkpt lat="47.60862320" lon="19.14701330"><ele>136.53</ele><time>2025-10-20T13:36:16.062Z</time></trkpt><trkpt lat="47.60862320" lon="19.14701320"><ele>136.53</ele><time>2025-10-20T13:36:16.242Z</time></trkpt><trkpt lat="47.60862320" lon="19.14701330"><ele>136.53</ele><time>2025-10-20T13:36:16.447Z</time></trkpt><trkpt lat="47.60862330" lon="19.14701330"><ele>136.54</ele><time>2025-10-20T13:36:16.648Z</time></trkpt><trkpt lat="47.60862320" lon="19.14701330"><ele>136.54</ele><time>2025-10-20T13:36:16.849Z</time></trkpt><trkpt lat="47.60862330" lon="19.14701330"><ele>136.54</ele><time>2025-10-20T13:36:17.050Z</time></trkpt><trkpt lat="47.60862330" lon="19.14701330"><ele>136.54</ele><time>2025-10-20T13:36:17.252Z</time></trkpt><trkpt lat="47.60862330" lon="19.14701320"><ele>136.54</ele><time>2025-10-20T13:36:17.453Z</time></trkpt><trkpt lat="47.60862330" lon="19.14701320"><ele>136.55</ele><time>2025-10-20T13:36:17.654Z</time></trkpt><trkpt lat="47.60862330" lon="19.14701320"><ele>136.55</ele><time>2025-10-20T13:36:17.857Z</time></trkpt><trkpt lat="47.60862330" lon="19.14701330"><ele>136.55</ele><time>2025-10-20T13:36:18.058Z</time></trkpt><trkpt lat="47.60862330" lon="19.14701330"><ele>136.55</ele><time>2025-10-20T13:36:18.263Z</time></trkpt><trkpt lat="47.60862330" lon="19.14701330"><ele>136.55</ele><time>2025-10-20T13:36:18.467Z</time></trkpt><trkpt lat="47.60862320" lon="19.14701330"><ele>136.56</ele><time>2025-10-20T13:36:18.667Z</time></trkpt><trkpt lat="47.60862320" lon="19.14701330"><ele>136.56</ele><time>2025-10-20T13:36:18.867Z</time></trkpt><trkpt lat="47.60862310" lon="19.14701330"><ele>136.56</ele><time>2025-10-20T13:36:19.067Z</time></trkpt><trkpt lat="47.60862310" lon="19.14701330"><ele>136.57</ele><time>2025-10-20T13:36:19.268Z</time></trkpt><trkpt lat="47.60862310" lon="19.14701340"><ele>136.57</ele><time>2025-10-20T13:36:19.469Z</time></trkpt><trkpt lat="47.60862310" lon="19.14701340"><ele>136.57</ele><time>2025-10-20T13:36:19.669Z</time></trkpt><trkpt lat="47.60862310" lon="19.14701340"><ele>136.57</ele><time>2025-10-20T13:36:19.869Z</time></trkpt><trkpt lat="47.60862300" lon="19.14701340"><ele>136.57</ele><time>2025-10-20T13:36:20.069Z</time></trkpt><trkpt lat="47.60862300" lon="19.14701340"><ele>136.58</ele><time>2025-10-20T13:36:20.269Z</time></trkpt><trkpt lat="47.60862300" lon="19.14701340"><ele>136.58</ele><time>2025-10-20T13:36:20.470Z</time></trkpt><trkpt lat="47.60862300" lon="19.14701340"><ele>136.59</ele><time>2025-10-20T13:36:20.670Z</time></trkpt><trkpt lat="47.60862300" lon="19.14701350"><ele>136.59</ele><time>2025-10-20T13:36:20.870Z</time></trkpt><trkpt lat="47.60862310" lon="19.14701350"><ele>136.60</ele><time>2025-10-20T13:36:21.090Z</time></trkpt><trkpt lat="47.60862310" lon="19.14701350"><ele>136.60</ele><time>2025-10-20T13:36:21.272Z</time></trkpt><trkpt lat="47.60862310" lon="19.14701350"><ele>136.60</ele><time>2025-10-20T13:36:21.473Z</time></trkpt><trkpt lat="47.60862310" lon="19.14701350"><ele>136.61</ele><time>2025-10-20T13:36:21.674Z</time></trkpt><trkpt lat="47.60862310" lon="19.14701350"><ele>136.62</ele><time>2025-10-20T13:36:21.875Z</time></trkpt><trkpt lat="47.60862310" lon="19.14701340"><ele>136.62</ele><time>2025-10-20T13:36:22.076Z</time></trkpt><trkpt lat="47.60862310" lon="19.14701340"><ele>136.61</ele><time>2025-10-20T13:36:22.283Z</time></trkpt><trkpt lat="47.60862310" lon="19.14701340"><ele>136.61</ele><time>2025-10-20T13:36:22.484Z</time></trkpt><trkpt lat="47.60862320" lon="19.14701340"><ele>136.62</ele><time>2025-10-20T13:36:22.684Z</time></trkpt><trkpt lat="47.60862320" lon="19.14701340"><ele>136.61</ele><time>2025-10-20T13:36:22.884Z</time></trkpt><trkpt lat="47.60862320" lon="19.14701330"><ele>136.62</ele><time>2025-10-20T13:36:23.084Z</time></trkpt><trkpt lat="47.60862310" lon="19.14701330"><ele>136.62</ele><time>2025-10-20T13:36:23.286Z</time></trkpt><trkpt lat="47.60862310" lon="19.14701340"><ele>136.62</ele><time>2025-10-20T13:36:23.487Z</time></trkpt><trkpt lat="47.60862310" lon="19.14701340"><ele>136.62</ele><time>2025-10-20T13:36:23.687Z</time></trkpt><trkpt lat="47.60862310" lon="19.14701350"><ele>136.62</ele><time>2025-10-20T13:36:23.888Z</time></trkpt><trkpt lat="47.60862310" lon="19.14701350"><ele>136.62</ele><time>2025-10-20T13:36:24.088Z</time></trkpt><trkpt lat="47.60862310" lon="19.14701360"><ele>136.62</ele><time>2025-10-20T13:36:24.292Z</time></trkpt><trkpt lat="47.60862310" lon="19.14701360"><ele>136.62</ele><time>2025-10-20T13:36:24.492Z</time></trkpt><trkpt lat="47.60862310" lon="19.14701360"><ele>136.61</ele><time>2025-10-20T13:36:24.692Z</time></trkpt><trkpt lat="47.60862310" lon="19.14701360"><ele>136.62</ele><time>2025-10-20T13:36:24.893Z</time></trkpt><trkpt lat="47.60862320" lon="19.14701360"><ele>136.62</ele><time>2025-10-20T13:36:25.093Z</time></trkpt><trkpt lat="47.60862320" lon="19.14701360"><ele>136.62</ele><time>2025-10-20T13:36:25.294Z</time></trkpt><trkpt lat="47.60862320" lon="19.14701350"><ele>136.61</ele><time>2025-10-20T13:36:25.496Z</time></trkpt><trkpt lat="47.60862320" lon="19.14701350"><ele>136.62</ele><time>2025-10-20T13:36:25.696Z</time></trkpt><trkpt lat="47.60862320" lon="19.14701350"><ele>136.62</ele><time>2025-10-20T13:36:25.899Z</time></trkpt><trkpt lat="47.60862320" lon="19.14701350"><ele>136.62</ele><time>2025-10-20T13:36:26.099Z</time></trkpt><trkpt lat="47.60862320" lon="19.14701350"><ele>136.63</ele><time>2025-10-20T13:36:26.300Z</time></trkpt><trkpt lat="47.60862320" lon="19.14701350"><ele>136.63</ele><time>2025-10-20T13:36:26.521Z</time></trkpt><trkpt lat="47.60862320" lon="19.14701350"><ele>136.63</ele><time>2025-10-20T13:36:26.702Z</time></trkpt><trkpt lat="47.60862320" lon="19.14701340"><ele>136.62</ele><time>2025-10-20T13:36:26.903Z</time></trkpt><trkpt lat="47.60862320" lon="19.14701340"><ele>136.62</ele><time>2025-10-20T13:36:27.104Z</time></trkpt><trkpt lat="47.60862330" lon="19.14701340"><ele>136.62</ele><time>2025-10-20T13:36:27.308Z</time></trkpt><trkpt lat="47.60862330" lon="19.14701340"><ele>136.62</ele><time>2025-10-20T13:36:27.510Z</time></trkpt><trkpt lat="47.60862330" lon="19.14701350"><ele>136.62</ele><time>2025-10-20T13:36:27.710Z</time></trkpt><trkpt lat="47.60862330" lon="19.14701350"><ele>136.62</ele><time>2025-10-20T13:36:27.912Z</time></trkpt><trkpt lat="47.60862340" lon="19.14701350"><ele>136.62</ele><time>2025-10-20T13:36:28.113Z</time></trkpt><trkpt lat="47.60862340" lon="19.14701340"><ele>136.62</ele><time>2025-10-20T13:36:28.315Z</time></trkpt><trkpt lat="47.60862340" lon="19.14701340"><ele>136.61</ele><time>2025-10-20T13:36:28.515Z</time></trkpt><trkpt lat="47.60862350" lon="19.14701340"><ele>136.61</ele><time>2025-10-20T13:36:28.715Z</time></trkpt><trkpt lat="47.60862350" lon="19.14701340"><ele>136.61</ele><time>2025-10-20T13:36:28.915Z</time></trkpt><trkpt lat="47.60862350" lon="19.14701340"><ele>136.60</ele><time>2025-10-20T13:36:29.115Z</time></trkpt><trkpt lat="47.60862350" lon="19.14701340"><ele>136.60</ele><time>2025-10-20T13:36:29.319Z</time></trkpt><trkpt lat="47.60862350" lon="19.14701340"><ele>136.60</ele><time>2025-10-20T13:36:29.520Z</time></trkpt><trkpt lat="47.60862350" lon="19.14701340"><ele>136.60</ele><time>2025-10-20T13:36:29.702Z</time></trkpt><trkpt lat="47.60862350" lon="19.14701340"><ele>136.60</ele><time>2025-10-20T13:36:29.922Z</time></trkpt><trkpt lat="47.60862350" lon="19.14701340"><ele>136.60</ele><time>2025-10-20T13:36:30.122Z</time></trkpt><trkpt lat="47.60862350" lon="19.14701340"><ele>136.60</ele><time>2025-10-20T13:36:30.305Z</time></trkpt><trkpt lat="47.60862350" lon="19.14701340"><ele>136.61</ele><time>2025-10-20T13:36:30.507Z</time></trkpt><trkpt lat="47.60862350" lon="19.14701350"><ele>136.61</ele><time>2025-10-20T13:36:30.708Z</time></trkpt><trkpt lat="47.60862350" lon="19.14701350"><ele>136.60</ele><time>2025-10-20T13:36:30.907Z</time></trkpt><trkpt lat="47.60862350" lon="19.14701350"><ele>136.60</ele><time>2025-10-20T13:36:31.108Z</time></trkpt><trkpt lat="47.60862350" lon="19.14701350"><ele>136.60</ele><time>2025-10-20T13:36:31.309Z</time></trkpt><trkpt lat="47.60862340" lon="19.14701350"><ele>136.60</ele><time>2025-10-20T13:36:31.511Z</time></trkpt><trkpt lat="47.60862340" lon="19.14701350"><ele>136.60</ele><time>2025-10-20T13:36:31.711Z</time></trkpt><trkpt lat="47.60862330" lon="19.14701340"><ele>136.61</ele><time>2025-10-20T13:36:31.912Z</time></trkpt><trkpt lat="47.60862330" lon="19.14701340"><ele>136.61</ele><time>2025-10-20T13:36:32.112Z</time></trkpt><trkpt lat="47.60862320" lon="19.14701340"><ele>136.61</ele><time>2025-10-20T13:36:32.313Z</time></trkpt><trkpt lat="47.60862320" lon="19.14701340"><ele>136.61</ele><time>2025-10-20T13:36:32.514Z</time></trkpt><trkpt lat="47.60862320" lon="19.14701340"><ele>136.61</ele><time>2025-10-20T13:36:32.715Z</time></trkpt><trkpt lat="47.60862320" lon="19.14701340"><ele>136.61</ele><time>2025-10-20T13:36:32.916Z</time></trkpt><trkpt lat="47.60862320" lon="19.14701340"><ele>136.61</ele><time>2025-10-20T13:36:33.117Z</time></trkpt><trkpt lat="47.60862320" lon="19.14701340"><ele>136.61</ele><time>2025-10-20T13:36:33.321Z</time></trkpt><trkpt lat="47.60862320" lon="19.14701330"><ele>136.61</ele><time>2025-10-20T13:36:33.524Z</time></trkpt><trkpt lat="47.60862320" lon="19.14701330"><ele>136.61</ele><time>2025-10-20T13:36:33.724Z</time></trkpt><trkpt lat="47.60862320" lon="19.14701330"><ele>136.62</ele><time>2025-10-20T13:36:33.924Z</time></trkpt><trkpt lat="47.60862320" lon="19.14701320"><ele>136.62</ele><time>2025-10-20T13:36:34.124Z</time></trkpt><trkpt lat="47.60862320" lon="19.14701320"><ele>136.62</ele><time>2025-10-20T13:36:34.328Z</time></trkpt><trkpt lat="47.60862320" lon="19.14701310"><ele>136.62</ele><time>2025-10-20T13:36:34.532Z</time></trkpt><trkpt lat="47.60862320" lon="19.14701300"><ele>136.62</ele><time>2025-10-20T13:36:34.733Z</time></trkpt><trkpt lat="47.60862320" lon="19.14701300"><ele>136.62</ele><time>2025-10-20T13:36:34.934Z</time></trkpt><trkpt lat="47.60862320" lon="19.14701300"><ele>136.62</ele><time>2025-10-20T13:36:35.134Z</time></trkpt><trkpt lat="47.60862320" lon="19.14701300"><ele>136.62</ele><time>2025-10-20T13:36:35.335Z</time></trkpt><trkpt lat="47.60862330" lon="19.14701310"><ele>136.62</ele><time>2025-10-20T13:36:35.536Z</time></trkpt><trkpt lat="47.60862330" lon="19.14701310"><ele>136.63</ele><time>2025-10-20T13:36:35.736Z</time></trkpt><trkpt lat="47.60862330" lon="19.14701310"><ele>136.63</ele><time>2025-10-20T13:36:35.936Z</time></trkpt><trkpt lat="47.60862340" lon="19.14701320"><ele>136.63</ele><time>2025-10-20T13:36:36.137Z</time></trkpt><trkpt lat="47.60862340" lon="19.14701320"><ele>136.63</ele><time>2025-10-20T13:36:36.344Z</time></trkpt><trkpt lat="47.60862340" lon="19.14701320"><ele>136.63</ele><time>2025-10-20T13:36:36.546Z</time></trkpt><trkpt lat="47.60862340" lon="19.14701330"><ele>136.63</ele><time>2025-10-20T13:36:36.746Z</time></trkpt><trkpt lat="47.60862340" lon="19.14701330"><ele>136.64</ele><time>2025-10-20T13:36:36.947Z</time></trkpt><trkpt lat="47.60862340" lon="19.14701330"><ele>136.64</ele><time>2025-10-20T13:36:37.147Z</time></trkpt><trkpt lat="47.60862340" lon="19.14701330"><ele>136.64</ele><time>2025-10-20T13:36:37.349Z</time></trkpt><trkpt lat="47.60862350" lon="19.14701330"><ele>136.64</ele><time>2025-10-20T13:36:37.552Z</time></trkpt><trkpt lat="47.60862360" lon="19.14701330"><ele>136.64</ele><time>2025-10-20T13:36:37.752Z</time></trkpt><trkpt lat="47.60862360" lon="19.14701330"><ele>136.64</ele><time>2025-10-20T13:36:37.952Z</time></trkpt><trkpt lat="47.60862360" lon="19.14701330"><ele>136.64</ele><time>2025-10-20T13:36:38.152Z</time></trkpt><trkpt lat="47.60862370" lon="19.14701330"><ele>136.64</ele><time>2025-10-20T13:36:38.354Z</time></trkpt><trkpt lat="47.60862370" lon="19.14701320"><ele>136.64</ele><time>2025-10-20T13:36:38.535Z</time></trkpt><trkpt lat="47.60862370" lon="19.14701320"><ele>136.64</ele><time>2025-10-20T13:36:38.736Z</time></trkpt><trkpt lat="47.60862370" lon="19.14701320"><ele>136.64</ele><time>2025-10-20T13:36:38.937Z</time></trkpt><trkpt lat="47.60862370" lon="19.14701330"><ele>136.64</ele><time>2025-10-20T13:36:39.137Z</time></trkpt><trkpt lat="47.60862370" lon="19.14701330"><ele>136.64</ele><time>2025-10-20T13:36:39.359Z</time></trkpt><trkpt lat="47.60862370" lon="19.14701330"><ele>136.63</ele><time>2025-10-20T13:36:39.541Z</time></trkpt><trkpt lat="47.60862360" lon="19.14701330"><ele>136.63</ele><time>2025-10-20T13:36:39.741Z</time></trkpt><trkpt lat="47.60862360" lon="19.14701330"><ele>136.63</ele><time>2025-10-20T13:36:39.942Z</time></trkpt><trkpt lat="47.60862360" lon="19.14701330"><ele>136.63</ele><time>2025-10-20T13:36:40.142Z</time></trkpt><trkpt lat="47.60862360" lon="19.14701330"><ele>136.63</ele><time>2025-10-20T13:36:40.343Z</time></trkpt><trkpt lat="47.60862370" lon="19.14701330"><ele>136.63</ele><time>2025-10-20T13:36:40.544Z</time></trkpt><trkpt lat="47.60862370" lon="19.14701340"><ele>136.63</ele><time>2025-10-20T13:36:40.744Z</time></trkpt><trkpt lat="47.60862370" lon="19.14701340"><ele>136.62</ele><time>2025-10-20T13:36:40.946Z</time></trkpt><trkpt lat="47.60862370" lon="19.14701350"><ele>136.62</ele><time>2025-10-20T13:36:41.146Z</time></trkpt><trkpt lat="47.60862370" lon="19.14701350"><ele>136.62</ele><time>2025-10-20T13:36:41.347Z</time></trkpt><trkpt lat="47.60862370" lon="19.14701350"><ele>136.61</ele><time>2025-10-20T13:36:41.548Z</time></trkpt><trkpt lat="47.60862370" lon="19.14701350"><ele>136.61</ele><time>2025-10-20T13:36:41.748Z</time></trkpt><trkpt lat="47.60862370" lon="19.14701350"><ele>136.61</ele><time>2025-10-20T13:36:41.948Z</time></trkpt><trkpt lat="47.60862370" lon="19.14701350"><ele>136.61</ele><time>2025-10-20T13:36:42.148Z</time></trkpt><trkpt lat="47.60862370" lon="19.14701350"><ele>136.61</ele><time>2025-10-20T13:36:42.351Z</time></trkpt><trkpt lat="47.60862370" lon="19.14701350"><ele>136.61</ele><time>2025-10-20T13:36:42.551Z</time></trkpt><trkpt lat="47.60862360" lon="19.14701340"><ele>136.61</ele><time>2025-10-20T13:36:42.751Z</time></trkpt><trkpt lat="47.60862360" lon="19.14701340"><ele>136.61</ele><time>2025-10-20T13:36:42.951Z</time></trkpt><trkpt lat="47.60862360" lon="19.14701340"><ele>136.61</ele><time>2025-10-20T13:36:43.151Z</time></trkpt><trkpt lat="47.60862350" lon="19.14701340"><ele>136.61</ele><time>2025-10-20T13:36:43.351Z</time></trkpt><trkpt lat="47.60862350" lon="19.14701330"><ele>136.61</ele><time>2025-10-20T13:36:43.552Z</time></trkpt><trkpt lat="47.60862350" lon="19.14701330"><ele>136.61</ele><time>2025-10-20T13:36:43.752Z</time></trkpt><trkpt lat="47.60862350" lon="19.14701330"><ele>136.61</ele><time>2025-10-20T13:36:43.952Z</time></trkpt><trkpt lat="47.60862360" lon="19.14701330"><ele>136.60</ele><time>2025-10-20T13:36:44.153Z</time></trkpt><trkpt lat="47.60862360" lon="19.14701330"><ele>136.60</ele><time>2025-10-20T13:36:44.353Z</time></trkpt><trkpt lat="47.60862360" lon="19.14701330"><ele>136.59</ele><time>2025-10-20T13:36:44.554Z</time></trkpt><trkpt lat="47.60862350" lon="19.14701330"><ele>136.59</ele><time>2025-10-20T13:36:44.754Z</time></trkpt><trkpt lat="47.60862350" lon="19.14701330"><ele>136.59</ele><time>2025-10-20T13:36:44.954Z</time></trkpt><trkpt lat="47.60862350" lon="19.14701320"><ele>136.59</ele><time>2025-10-20T13:36:45.154Z</time></trkpt><trkpt lat="47.60862350" lon="19.14701320"><ele>136.59</ele><time>2025-10-20T13:36:45.356Z</time></trkpt><trkpt lat="47.60862350" lon="19.14701310"><ele>136.59</ele><time>2025-10-20T13:36:45.537Z</time></trkpt><trkpt lat="47.60862350" lon="19.14701310"><ele>136.59</ele><time>2025-10-20T13:36:45.739Z</time></trkpt><trkpt lat="47.60862340" lon="19.14701310"><ele>136.59</ele><time>2025-10-20T13:36:45.938Z</time></trkpt><trkpt lat="47.60862350" lon="19.14701310"><ele>136.59</ele><time>2025-10-20T13:36:46.139Z</time></trkpt><trkpt lat="47.60862350" lon="19.14701310"><ele>136.58</ele><time>2025-10-20T13:36:46.344Z</time></trkpt><trkpt lat="47.60862350" lon="19.14701310"><ele>136.58</ele><time>2025-10-20T13:36:46.546Z</time></trkpt><trkpt lat="47.60862350" lon="19.14701310"><ele>136.58</ele><time>2025-10-20T13:36:46.747Z</time></trkpt><trkpt lat="47.60862340" lon="19.14701310"><ele>136.58</ele><time>2025-10-20T13:36:46.948Z</time></trkpt><trkpt lat="47.60862340" lon="19.14701310"><ele>136.58</ele><time>2025-10-20T13:36:47.150Z</time></trkpt><trkpt lat="47.60862340" lon="19.14701310"><ele>136.58</ele><time>2025-10-20T13:36:47.351Z</time></trkpt><trkpt lat="47.60862330" lon="19.14701320"><ele>136.58</ele><time>2025-10-20T13:36:47.552Z</time></trkpt><trkpt lat="47.60862330" lon="19.14701320"><ele>136.58</ele><time>2025-10-20T13:36:47.753Z</time></trkpt><trkpt lat="47.60862330" lon="19.14701310"><ele>136.58</ele><time>2025-10-20T13:36:47.953Z</time></trkpt><trkpt lat="47.60862330" lon="19.14701310"><ele>136.58</ele><time>2025-10-20T13:36:48.153Z</time></trkpt><trkpt lat="47.60862330" lon="19.14701320"><ele>136.58</ele><time>2025-10-20T13:36:48.355Z</time></trkpt><trkpt lat="47.60862330" lon="19.14701320"><ele>136.59</ele><time>2025-10-20T13:36:48.555Z</time></trkpt><trkpt lat="47.60862330" lon="19.14701310"><ele>136.59</ele><time>2025-10-20T13:36:48.755Z</time></trkpt><trkpt lat="47.60862330" lon="19.14701310"><ele>136.58</ele><time>2025-10-20T13:36:48.955Z</time></trkpt><trkpt lat="47.60862340" lon="19.14701310"><ele>136.58</ele><time>2025-10-20T13:36:49.156Z</time></trkpt><trkpt lat="47.60862340" lon="19.14701310"><ele>136.58</ele><time>2025-10-20T13:36:49.357Z</time></trkpt><trkpt lat="47.60862340" lon="19.14701320"><ele>136.58</ele><time>2025-10-20T13:36:49.559Z</time></trkpt><trkpt lat="47.60862340" lon="19.14701320"><ele>136.58</ele><time>2025-10-20T13:36:49.759Z</time></trkpt><trkpt lat="47.60862340" lon="19.14701320"><ele>136.59</ele><time>2025-10-20T13:36:49.959Z</time></trkpt><trkpt lat="47.60862340" lon="19.14701330"><ele>136.59</ele><time>2025-10-20T13:36:50.160Z</time></trkpt><trkpt lat="47.60862340" lon="19.14701330"><ele>136.59</ele><time>2025-10-20T13:36:50.362Z</time></trkpt><trkpt lat="47.60862340" lon="19.14701340"><ele>136.59</ele><time>2025-10-20T13:36:50.543Z</time></trkpt><trkpt lat="47.60862340" lon="19.14701340"><ele>136.59</ele><time>2025-10-20T13:36:50.765Z</time></trkpt><trkpt lat="47.60862340" lon="19.14701340"><ele>136.60</ele><time>2025-10-20T13:36:50.945Z</time></trkpt><trkpt lat="47.60862340" lon="19.14701340"><ele>136.60</ele><time>2025-10-20T13:36:51.146Z</time></trkpt><trkpt lat="47.60862340" lon="19.14701340"><ele>136.60</ele><time>2025-10-20T13:36:51.347Z</time></trkpt><trkpt lat="47.60862330" lon="19.14701340"><ele>136.60</ele><time>2025-10-20T13:36:51.547Z</time></trkpt><trkpt lat="47.60862330" lon="19.14701340"><ele>136.60</ele><time>2025-10-20T13:36:51.748Z</time></trkpt><trkpt lat="47.60862330" lon="19.14701340"><ele>136.60</ele><time>2025-10-20T13:36:51.949Z</time></trkpt><trkpt lat="47.60862330" lon="19.14701340"><ele>136.61</ele><time>2025-10-20T13:36:52.150Z</time></trkpt><trkpt lat="47.60862320" lon="19.14701340"><ele>136.61</ele><time>2025-10-20T13:36:52.351Z</time></trkpt><trkpt lat="47.60862320" lon="19.14701340"><ele>136.61</ele><time>2025-10-20T13:36:52.551Z</time></trkpt><trkpt lat="47.60862320" lon="19.14701330"><ele>136.61</ele><time>2025-10-20T13:36:52.752Z</time></trkpt><trkpt lat="47.60862320" lon="19.14701330"><ele>136.61</ele><time>2025-10-20T13:36:52.952Z</time></trkpt><trkpt lat="47.60862320" lon="19.14701320"><ele>136.61</ele><time>2025-10-20T13:36:53.153Z</time></trkpt><trkpt lat="47.60862320" lon="19.14701320"><ele>136.61</ele><time>2025-10-20T13:36:53.354Z</time></trkpt><trkpt lat="47.60862320" lon="19.14701310"><ele>136.61</ele><time>2025-10-20T13:36:53.555Z</time></trkpt><trkpt lat="47.60862320" lon="19.14701310"><ele>136.61</ele><time>2025-10-20T13:36:53.755Z</time></trkpt><trkpt lat="47.60862320" lon="19.14701310"><ele>136.61</ele><time>2025-10-20T13:36:53.955Z</time></trkpt><trkpt lat="47.60862320" lon="19.14701320"><ele>136.61</ele><time>2025-10-20T13:36:54.155Z</time></trkpt><trkpt lat="47.60862320" lon="19.14701320"><ele>136.61</ele><time>2025-10-20T13:36:54.357Z</time></trkpt><trkpt lat="47.60862320" lon="19.14701320"><ele>136.61</ele><time>2025-10-20T13:36:54.558Z</time></trkpt><trkpt lat="47.60862320" lon="19.14701320"><ele>136.61</ele><time>2025-10-20T13:36:54.758Z</time></trkpt><trkpt lat="47.60862330" lon="19.14701320"><ele>136.61</ele><time>2025-10-20T13:36:54.958Z</time></trkpt><trkpt lat="47.60862330" lon="19.14701320"><ele>136.61</ele><time>2025-10-20T13:36:55.158Z</time></trkpt><trkpt lat="47.60862330" lon="19.14701320"><ele>136.61</ele><time>2025-10-20T13:36:55.362Z</time></trkpt><trkpt lat="47.60862340" lon="19.14701320"><ele>136.61</ele><time>2025-10-20T13:36:55.565Z</time></trkpt><trkpt lat="47.60862340" lon="19.14701320"><ele>136.62</ele><time>2025-10-20T13:36:55.766Z</time></trkpt><trkpt lat="47.60862350" lon="19.14701330"><ele>136.62</ele><time>2025-10-20T13:36:55.968Z</time></trkpt><trkpt lat="47.60862350" lon="19.14701330"><ele>136.62</ele><time>2025-10-20T13:36:56.169Z</time></trkpt><trkpt lat="47.60862360" lon="19.14701340"><ele>136.63</ele><time>2025-10-20T13:36:56.369Z</time></trkpt><trkpt lat="47.60862360" lon="19.14701340"><ele>136.63</ele><time>2025-10-20T13:36:56.572Z</time></trkpt><trkpt lat="47.60862360" lon="19.14701340"><ele>136.63</ele><time>2025-10-20T13:36:56.772Z</time></trkpt><trkpt lat="47.60862370" lon="19.14701340"><ele>136.63</ele><time>2025-10-20T13:36:56.973Z</time></trkpt><trkpt lat="47.60862370" lon="19.14701340"><ele>136.63</ele><time>2025-10-20T13:36:57.175Z</time></trkpt><trkpt lat="47.60862370" lon="19.14701330"><ele>136.64</ele><time>2025-10-20T13:36:57.377Z</time></trkpt><trkpt lat="47.60862370" lon="19.14701340"><ele>136.64</ele><time>2025-10-20T13:36:57.579Z</time></trkpt><trkpt lat="47.60862380" lon="19.14701330"><ele>136.64</ele><time>2025-10-20T13:36:57.779Z</time></trkpt><trkpt lat="47.60862390" lon="19.14701330"><ele>136.64</ele><time>2025-10-20T13:36:57.979Z</time></trkpt><trkpt lat="47.60862390" lon="19.14701330"><ele>136.64</ele><time>2025-10-20T13:36:58.179Z</time></trkpt><trkpt lat="47.60862390" lon="19.14701330"><ele>136.64</ele><time>2025-10-20T13:36:58.379Z</time></trkpt><trkpt lat="47.60862400" lon="19.14701330"><ele>136.64</ele><time>2025-10-20T13:36:58.580Z</time></trkpt><trkpt lat="47.60862400" lon="19.14701330"><ele>136.65</ele><time>2025-10-20T13:36:58.780Z</time></trkpt><trkpt lat="47.60862400" lon="19.14701330"><ele>136.65</ele><time>2025-10-20T13:36:58.980Z</time></trkpt><trkpt lat="47.60862400" lon="19.14701330"><ele>136.65</ele><time>2025-10-20T13:36:59.181Z</time></trkpt><trkpt lat="47.60862400" lon="19.14701330"><ele>136.66</ele><time>2025-10-20T13:36:59.382Z</time></trkpt><trkpt lat="47.60862400" lon="19.14701330"><ele>136.66</ele><time>2025-10-20T13:36:59.583Z</time></trkpt><trkpt lat="47.60862390" lon="19.14701330"><ele>136.66</ele><time>2025-10-20T13:36:59.783Z</time></trkpt><trkpt lat="47.60862390" lon="19.14701340"><ele>136.66</ele><time>2025-10-20T13:36:59.984Z</time></trkpt><trkpt lat="47.60862390" lon="19.14701340"><ele>136.66</ele><time>2025-10-20T13:37:00.184Z</time></trkpt><trkpt lat="47.60862380" lon="19.14701340"><ele>136.65</ele><time>2025-10-20T13:37:00.385Z</time></trkpt><trkpt lat="47.60862380" lon="19.14701340"><ele>136.65</ele><time>2025-10-20T13:37:00.587Z</time></trkpt><trkpt lat="47.60862380" lon="19.14701340"><ele>136.65</ele><time>2025-10-20T13:37:00.788Z</time></trkpt><trkpt lat="47.60862380" lon="19.14701340"><ele>136.65</ele><time>2025-10-20T13:37:00.989Z</time></trkpt><trkpt lat="47.60862380" lon="19.14701340"><ele>136.65</ele><time>2025-10-20T13:37:01.189Z</time></trkpt><trkpt lat="47.60862380" lon="19.14701350"><ele>136.65</ele><time>2025-10-20T13:37:01.394Z</time></trkpt><trkpt lat="47.60862370" lon="19.14701350"><ele>136.65</ele><time>2025-10-20T13:37:01.577Z</time></trkpt><trkpt lat="47.60862370" lon="19.14701350"><ele>136.65</ele><time>2025-10-20T13:37:01.799Z</time></trkpt><trkpt lat="47.60862370" lon="19.14701350"><ele>136.65</ele><time>2025-10-20T13:37:01.980Z</time></trkpt><trkpt lat="47.60862360" lon="19.14701350"><ele>136.66</ele><time>2025-10-20T13:37:02.181Z</time></trkpt><trkpt lat="47.60862360" lon="19.14701350"><ele>136.66</ele><time>2025-10-20T13:37:02.402Z</time></trkpt><trkpt lat="47.60862360" lon="19.14701350"><ele>136.66</ele><time>2025-10-20T13:37:02.584Z</time></trkpt><trkpt lat="47.60862360" lon="19.14701350"><ele>136.66</ele><time>2025-10-20T13:37:02.784Z</time></trkpt><trkpt lat="47.60862360" lon="19.14701340"><ele>136.67</ele><time>2025-10-20T13:37:02.985Z</time></trkpt><trkpt lat="47.60862360" lon="19.14701340"><ele>136.67</ele><time>2025-10-20T13:37:03.186Z</time></trkpt><trkpt lat="47.60862360" lon="19.14701340"><ele>136.67</ele><time>2025-10-20T13:37:03.375Z</time></trkpt><trkpt lat="47.60862360" lon="19.14701340"><ele>136.67</ele><time>2025-10-20T13:37:03.577Z</time></trkpt><trkpt lat="47.60862360" lon="19.14701340"><ele>136.67</ele><time>2025-10-20T13:37:03.778Z</time></trkpt><trkpt lat="47.60862360" lon="19.14701340"><ele>136.67</ele><time>2025-10-20T13:37:03.979Z</time></trkpt><trkpt lat="47.60862360" lon="19.14701340"><ele>136.68</ele><time>2025-10-20T13:37:04.179Z</time></trkpt><trkpt lat="47.60862360" lon="19.14701340"><ele>136.67</ele><time>2025-10-20T13:37:04.382Z</time></trkpt><trkpt lat="47.60862370" lon="19.14701340"><ele>136.67</ele><time>2025-10-20T13:37:04.583Z</time></trkpt><trkpt lat="47.60862370" lon="19.14701330"><ele>136.67</ele><time>2025-10-20T13:37:04.784Z</time></trkpt><trkpt lat="47.60862370" lon="19.14701330"><ele>136.67</ele><time>2025-10-20T13:37:04.985Z</time></trkpt><trkpt lat="47.60862370" lon="19.14701330"><ele>136.67</ele><time>2025-10-20T13:37:05.186Z</time></trkpt><trkpt lat="47.60862370" lon="19.14701330"><ele>136.67</ele><time>2025-10-20T13:37:05.388Z</time></trkpt><trkpt lat="47.60862370" lon="19.14701320"><ele>136.68</ele><time>2025-10-20T13:37:05.589Z</time></trkpt><trkpt lat="47.60862360" lon="19.14701320"><ele>136.68</ele><time>2025-10-20T13:37:05.789Z</time></trkpt><trkpt lat="47.60862370" lon="19.14701320"><ele>136.68</ele><time>2025-10-20T13:37:05.989Z</time></trkpt></trkseg></trk></gpx>