<?xml version='1.0' encoding='utf-8'?>
<gpx version="1.1" creator="converttogpx.py" xmlns="http://www.topografix.com/GPX/1/1" xmlns:xsi="http://www.w3.org/2001/XMLSchema-instance" xsi:schemaLocation="http://www.topografix.com/GPX/1/1 http://www.topografix.com/GPX/1/1/gpx.xsd"><trk><name>drone65 20251020-002</name><trkseg><trkpt lat="47.60863250" lon="19.14692120"><ele>136.98</ele><time>2025-10-20T13:27:13.752Z</time></trkpt><trkpt lat="47.60863250" lon="19.14692120"><ele>137.01</ele><time>2025-10-20T13:27:13.962Z</time></trkpt><trkpt lat="47.60863250" lon="19.14692120"><ele>137.03</ele><time>2025-10-20T13:27:14.162Z</time></trkpt><trkpt lat="47.60863250" lon="19.14692110"><ele>137.05</ele><time>2025-10-20T13:27:14.363Z</time></trkpt><trkpt lat="47.60863260" lon="19.14692110"><ele>137.07</ele><time>2025-10-20T13:27:14.563Z</time></trkpt><trkpt lat="47.60863260" lon="19.14692110"><ele>137.09</ele><time>2025-10-20T13:27:14.763Z</time></trkpt><trkpt lat="47.60863250" lon="19.14692110"><ele>137.10</ele><time>2025-10-20T13:27:14.963Z</time></trkpt><trkpt lat="47.60863250" lon="19.14692100"><ele>137.12</ele><time>2025-10-20T13:27:15.163Z</time></trkpt><trkpt lat="47.60863250" lon="19.14692100"><ele>137.13</ele><time>2025-10-20T13:27:15.363Z</time></trkpt><trkpt lat="47.60863240" lon="19.14692090"><ele>137.14</ele><time>2025-10-20T13:27:15.543Z</time></trkpt><trkpt lat="47.60863240" lon="19.14692090"><ele>137.14</ele><time>2025-10-20T13:27:15.763Z</time></trkpt><trkpt lat="47.60863240" lon="19.14692090"><ele>137.14</ele><time>2025-10-20T13:27:15.963Z</time></trkpt><trkpt lat="47.60863240" lon="19.14692090"><ele>137.15</ele><time>2025-10-20T13:27:16.163Z</time></trkpt><trkpt lat="47.60863240" lon="19.14692090"><ele>137.14</ele><time>2025-10-20T13:27:16.364Z</time></trkpt><trkpt lat="47.60863240" lon="19.14692090"><ele>137.14</ele><time>2025-10-20T13:27:16.564Z</time></trkpt><trkpt lat="47.60863230" lon="19.14692100"><ele>137.14</ele><time>2025-10-20T13:27:16.764Z</time></trkpt><trkpt lat="47.60863230" lon="19.14692100"><ele>137.14</ele><time>2025-10-20T13:27:16.964Z</time></trkpt><trkpt lat="47.60863230" lon="19.14692110"><ele>137.14</ele><time>2025-10-20T13:27:17.164Z</time></trkpt><trkpt lat="47.60863230" lon="19.14692120"><ele>137.14</ele><time>2025-10-20T13:27:17.365Z</time></trkpt><trkpt lat="47.60863220" lon="19.14692130"><ele>137.14</ele><time>2025-10-20T13:27:17.545Z</time></trkpt><trkpt lat="47.60863220" lon="19.14692130"><ele>137.13</ele><time>2025-10-20T13:27:17.745Z</time></trkpt><trkpt lat="47.60863220" lon="19.14692150"><ele>137.13</ele><time>2025-10-20T13:27:17.966Z</time></trkpt><trkpt lat="47.60863220" lon="19.14692150"><ele>137.13</ele><time>2025-10-20T13:27:18.166Z</time></trkpt><trkpt lat="47.60863230" lon="19.14692160"><ele>137.12</ele><time>2025-10-20T13:27:18.367Z</time></trkpt><trkpt lat="47.60863230" lon="19.14692170"><ele>137.12</ele><time>2025-10-20T13:27:18.567Z</time></trkpt><trkpt lat="47.60863230" lon="19.14692180"><ele>137.12</ele><time>2025-10-20T13:27:18.767Z</time></trkpt><trkpt lat="47.60863230" lon="19.14692190"><ele>137.11</ele><time>2025-10-20T13:27:18.967Z</time></trkpt><trkpt lat="47.60863230" lon="19.14692200"><ele>137.11</ele><time>2025-10-20T13:27:19.167Z</time></trkpt><trkpt lat="47.60863230" lon="19.14692210"><ele>137.10</ele><time>2025-10-20T13:27:19.369Z</time></trkpt><trkpt lat="47.60863240" lon="19.14692210"><ele>137.10</ele><time>2025-10-20T13:27:19.549Z</time></trkpt><trkpt lat="47.60863240" lon="19.14692220"><ele>137.09</ele><time>2025-10-20T13:27:19.769Z</time></trkpt><trkpt lat="47.60863240" lon="19.14692230"><ele>137.09</ele><time>2025-10-20T13:27:19.969Z</time></trkpt><trkpt lat="47.60863250" lon="19.14692250"><ele>137.09</ele><time>2025-10-20T13:27:20.169Z</time></trkpt><trkpt lat="47.60863250" lon="19.14692260"><ele>137.08</ele><time>2025-10-20T13:27:20.370Z</time></trkpt><trkpt lat="47.60863250" lon="19.14692270"><ele>137.08</ele><time>2025-10-20T13:27:20.570Z</time></trkpt><trkpt lat="47.60863250" lon="19.14692290"><ele>137.07</ele><time>2025-10-20T13:27:20.770Z</time></trkpt><trkpt lat="47.60863250" lon="19.14692290"><ele>137.07</ele><time>2025-10-20T13:27:20.963Z</time></trkpt><trkpt lat="47.60863250" lon="19.14692300"><ele>137.07</ele><time>2025-10-20T13:27:21.170Z</time></trkpt><trkpt lat="47.60863260" lon="19.14692310"><ele>137.06</ele><time>2025-10-20T13:27:21.372Z</time></trkpt><trkpt lat="47.60863260" lon="19.14692320"><ele>137.06</ele><time>2025-10-20T13:27:21.573Z</time></trkpt><trkpt lat="47.60863260" lon="19.14692320"><ele>137.05</ele><time>2025-10-20T13:27:21.753Z</time></trkpt><trkpt lat="47.60863270" lon="19.14692320"><ele>137.05</ele><time>2025-10-20T13:27:21.973Z</time></trkpt><trkpt lat="47.60863270" lon="19.14692320"><ele>137.04</ele><time>2025-10-20T13:27:22.173Z</time></trkpt><trkpt lat="47.60863270" lon="19.14692320"><ele>137.04</ele><time>2025-10-20T13:27:22.375Z</time></trkpt><trkpt lat="47.60863270" lon="19.14692320"><ele>137.04</ele><time>2025-10-20T13:27:22.576Z</time></trkpt><trkpt lat="47.60863270" lon="19.14692330"><ele>137.04</ele><time>2025-10-20T13:27:22.796Z</time></trkpt><trkpt lat="47.60863260" lon="19.14692330"><ele>137.04</ele><time>2025-10-20T13:27:22.977Z</time></trkpt><trkpt lat="47.60863260" lon="19.14692330"><ele>137.04</ele><time>2025-10-20T13:27:23.197Z</time></trkpt><trkpt lat="47.60863260" lon="19.14692340"><ele>137.04</ele><time>2025-10-20T13:27:23.397Z</time></trkpt><trkpt lat="47.60863250" lon="19.14692340"><ele>137.04</ele><time>2025-10-20T13:27:23.617Z</time></trkpt><trkpt lat="47.60863250" lon="19.14692340"><ele>137.04</ele><time>2025-10-20T13:27:23.818Z</time></trkpt><trkpt lat="47.60863250" lon="19.14692350"><ele>137.04</ele><time>2025-10-20T13:27:24.019Z</time></trkpt><trkpt lat="47.60863250" lon="19.14692340"><ele>137.08</ele><time>2025-10-20T13:27:24.205Z</time></trkpt><trkpt lat="47.60863270" lon="19.14692300"><ele>137.26</ele><time>2025-10-20T13:27:24.369Z</time></trkpt><trkpt lat="47.60863290" lon="19.14692180"><ele>137.67</ele><time>2025-10-20T13:27:24.592Z</time></trkpt><trkpt lat="47.60863310" lon="19.14692050"><ele>138.12</ele><time>2025-10-20T13:27:24.792Z</time></trkpt><trkpt lat="47.60863340" lon="19.14691880"><ele>138.67</ele><time>2025-10-20T13:27:25.012Z</time></trkpt><trkpt lat="47.60863360" lon="19.14691740"><ele>139.15</ele><time>2025-10-20T13:27:25.193Z</time></trkpt><trkpt lat="47.60863400" lon="19.14691590"><ele>139.69</ele><time>2025-10-20T13:27:25.397Z</time></trkpt><trkpt lat="47.60863450" lon="19.14691430"><ele>140.20</ele><time>2025-10-20T13:27:25.618Z</time></trkpt><trkpt lat="47.60863490" lon="19.14691320"><ele>140.59</ele><time>2025-10-20T13:27:25.779Z</time></trkpt><trkpt lat="47.60863550" lon="19.14691190"><ele>141.15</ele><time>2025-10-20T13:27:25.981Z</time></trkpt><trkpt lat="47.60863630" lon="19.14691070"><ele>141.73</ele><time>2025-10-20T13:27:26.202Z</time></trkpt><trkpt lat="47.60863700" lon="19.14691010"><ele>142.25</ele><time>2025-10-20T13:27:26.406Z</time></trkpt><trkpt lat="47.60863760" lon="19.14690970"><ele>142.78</ele><time>2025-10-20T13:27:26.608Z</time></trkpt><trkpt lat="47.60863810" lon="19.14690940"><ele>143.30</ele><time>2025-10-20T13:27:26.809Z</time></trkpt><trkpt lat="47.60863840" lon="19.14690920"><ele>143.82</ele><time>2025-10-20T13:27:27.010Z</time></trkpt><trkpt lat="47.60863870" lon="19.14690900"><ele>144.32</ele><time>2025-10-20T13:27:27.210Z</time></trkpt><trkpt lat="47.60863900" lon="19.14690890"><ele>144.84</ele><time>2025-10-20T13:27:27.413Z</time></trkpt><trkpt lat="47.60863910" lon="19.14690890"><ele>145.34</ele><time>2025-10-20T13:27:27.616Z</time></trkpt><trkpt lat="47.60863930" lon="19.14690890"><ele>145.85</ele><time>2025-10-20T13:27:27.816Z</time></trkpt><trkpt lat="47.60863930" lon="19.14690890"><ele>146.35</ele><time>2025-10-20T13:27:28.017Z</time></trkpt><trkpt lat="47.60863950" lon="19.14690900"><ele>146.86</ele><time>2025-10-20T13:27:28.219Z</time></trkpt><trkpt lat="47.60863960" lon="19.14690900"><ele>147.35</ele><time>2025-10-20T13:27:28.421Z</time></trkpt><trkpt lat="47.60863980" lon="19.14690900"><ele>147.84</ele><time>2025-10-20T13:27:28.622Z</time></trkpt><trkpt lat="47.60863990" lon="19.14690890"><ele>148.29</ele><time>2025-10-20T13:27:28.803Z</time></trkpt><trkpt lat="47.60864000" lon="19.14690850"><ele>148.83</ele><time>2025-10-20T13:27:29.026Z</time></trkpt><trkpt lat="47.60864000" lon="19.14690810"><ele>149.28</ele><time>2025-10-20T13:27:29.207Z</time></trkpt><trkpt lat="47.60864010" lon="19.14690760"><ele>149.78</ele><time>2025-10-20T13:27:29.412Z</time></trkpt><trkpt lat="47.60864010" lon="19.14690720"><ele>150.22</ele><time>2025-10-20T13:27:29.593Z</time></trkpt><trkpt lat="47.60864010" lon="19.14690680"><ele>150.78</ele><time>2025-10-20T13:27:29.817Z</time></trkpt><trkpt lat="47.60864010" lon="19.14690620"><ele>151.23</ele><time>2025-10-20T13:27:29.999Z</time></trkpt><trkpt lat="47.60864010" lon="19.14690560"><ele>151.78</ele><time>2025-10-20T13:27:30.221Z</time></trkpt><trkpt lat="47.60864000" lon="19.14690530"><ele>152.27</ele><time>2025-10-20T13:27:30.417Z</time></trkpt><trkpt lat="47.60863990" lon="19.14690500"><ele>152.75</ele><time>2025-10-20T13:27:30.617Z</time></trkpt><trkpt lat="47.60863990" lon="19.14690490"><ele>153.22</ele><time>2025-10-20T13:27:30.818Z</time></trkpt><trkpt lat="47.60863980" lon="19.14690470"><ele>153.68</ele><time>2025-10-20T13:27:31.018Z</time></trkpt><trkpt lat="47.60863980" lon="19.14690460"><ele>154.14</ele><time>2025-10-20T13:27:31.219Z</time></trkpt><trkpt lat="47.60863970" lon="19.14690450"><ele>154.49</ele><time>2025-10-20T13:27:31.371Z</time></trkpt><trkpt lat="47.60863970" lon="19.14690460"><ele>154.96</ele><time>2025-10-20T13:27:31.571Z</time></trkpt><trkpt lat="47.60863960" lon="19.14690460"><ele>155.48</ele><time>2025-10-20T13:27:31.794Z</time></trkpt><trkpt lat="47.60863940" lon="19.14690460"><ele>156.00</ele><time>2025-10-20T13:27:32.014Z</time></trkpt><trkpt lat="47.60863920" lon="19.14690460"><ele>156.43</ele><time>2025-10-20T13:27:32.216Z</time></trkpt><trkpt lat="47.60863890" lon="19.14690460"><ele>156.72</ele><time>2025-10-20T13:27:32.419Z</time></trkpt><trkpt lat="47.60863860" lon="19.14690430"><ele>156.86</ele><time>2025-10-20T13:27:32.619Z</time></trkpt><trkpt lat="47.60863870" lon="19.14690390"><ele>156.88</ele><time>2025-10-20T13:27:32.820Z</time></trkpt><trkpt lat="47.60863920" lon="19.14690330"><ele>156.80</ele><time>2025-10-20T13:27:33.021Z</time></trkpt><trkpt lat="47.60863950" lon="19.14690300"><ele>156.75</ele><time>2025-10-20T13:27:33.122Z</time></trkpt><trkpt lat="47.60864090" lon="19.14690220"><ele>156.66</ele><time>2025-10-20T13:27:33.398Z</time></trkpt><trkpt lat="47.60864220" lon="19.14690130"><ele>156.64</ele><time>2025-10-20T13:27:33.619Z</time></trkpt><trkpt lat="47.60864340" lon="19.14690060"><ele>156.63</ele><time>2025-10-20T13:27:33.820Z</time></trkpt><trkpt lat="47.60864450" lon="19.14689980"><ele>156.63</ele><time>2025-10-20T13:27:34.005Z</time></trkpt><trkpt lat="47.60864600" lon="19.14689900"><ele>156.65</ele><time>2025-10-20T13:27:34.214Z</time></trkpt><trkpt lat="47.60864760" lon="19.14689810"><ele>156.66</ele><time>2025-10-20T13:27:34.416Z</time></trkpt><trkpt lat="47.60864920" lon="19.14689720"><ele>156.67</ele><time>2025-10-20T13:27:34.617Z</time></trkpt><trkpt lat="47.60865070" lon="19.14689630"><ele>156.67</ele><time>2025-10-20T13:27:34.817Z</time></trkpt><trkpt lat="47.60865210" lon="19.14689560"><ele>156.67</ele><time>2025-10-20T13:27:35.018Z</time></trkpt><trkpt lat="47.60865340" lon="19.14689500"><ele>156.69</ele><time>2025-10-20T13:27:35.220Z</time></trkpt><trkpt lat="47.60865470" lon="19.14689450"><ele>156.69</ele><time>2025-10-20T13:27:35.420Z</time></trkpt><trkpt lat="47.60865580" lon="19.14689410"><ele>156.70</ele><time>2025-10-20T13:27:35.620Z</time></trkpt><trkpt lat="47.60865690" lon="19.14689360"><ele>156.70</ele><time>2025-10-20T13:27:35.822Z</time></trkpt><trkpt lat="47.60865800" lon="19.14689350"><ele>156.71</ele><time>2025-10-20T13:27:36.023Z</time></trkpt><trkpt lat="47.60865880" lon="19.14689330"><ele>156.71</ele><time>2025-10-20T13:27:36.224Z</time></trkpt><trkpt lat="47.60865950" lon="19.14689320"><ele>156.72</ele><time>2025-10-20T13:27:36.428Z</time></trkpt><trkpt lat="47.60865960" lon="19.14689300"><ele>156.72</ele><time>2025-10-20T13:27:36.628Z</time></trkpt><trkpt lat="47.60865860" lon="19.14689240"><ele>156.71</ele><time>2025-10-20T13:27:36.829Z</time></trkpt><trkpt lat="47.60865610" lon="19.14689180"><ele>156.71</ele><time>2025-10-20T13:27:37.031Z</time></trkpt><trkpt lat="47.60865180" lon="19.14689170"><ele>156.70</ele><time>2025-10-20T13:27:37.232Z</time></trkpt><trkpt lat="47.60864710" lon="19.14689260"><ele>156.71</ele><time>2025-10-20T13:27:37.404Z</time></trkpt><trkpt lat="47.60864060" lon="19.14689490"><ele>156.71</ele><time>2025-10-20T13:27:37.605Z</time></trkpt><trkpt lat="47.60863390" lon="19.14689830"><ele>156.75</ele><time>2025-10-20T13:27:37.806Z</time></trkpt><trkpt lat="47.60862710" lon="19.14690310"><ele>156.81</ele><time>2025-10-20T13:27:38.027Z</time></trkpt><trkpt lat="47.60862160" lon="19.14690870"><ele>156.86</ele><time>2025-10-20T13:27:38.249Z</time></trkpt><trkpt lat="47.60861850" lon="19.14691370"><ele>156.89</ele><time>2025-10-20T13:27:38.432Z</time></trkpt><trkpt lat="47.60861650" lon="19.14691950"><ele>156.92</ele><time>2025-10-20T13:27:38.631Z</time></trkpt><trkpt lat="47.60861560" lon="19.14692570"><ele>156.97</ele><time>2025-10-20T13:27:38.832Z</time></trkpt><trkpt lat="47.60861560" lon="19.14693180"><ele>157.04</ele><time>2025-10-20T13:27:39.033Z</time></trkpt><trkpt lat="47.60861590" lon="19.14693660"><ele>157.13</ele><time>2025-10-20T13:27:39.202Z</time></trkpt><trkpt lat="47.60861590" lon="19.14694230"><ele>157.30</ele><time>2025-10-20T13:27:39.431Z</time></trkpt><trkpt lat="47.60861520" lon="19.14694580"><ele>157.57</ele><time>2025-10-20T13:27:39.636Z</time></trkpt><trkpt lat="47.60861460" lon="19.14694740"><ele>157.97</ele><time>2025-10-20T13:27:39.838Z</time></trkpt><trkpt lat="47.60861500" lon="19.14694740"><ele>158.44</ele><time>2025-10-20T13:27:40.039Z</time></trkpt><trkpt lat="47.60861620" lon="19.14694700"><ele>158.81</ele><time>2025-10-20T13:27:40.219Z</time></trkpt><trkpt lat="47.60861880" lon="19.14694670"><ele>159.10</ele><time>2025-10-20T13:27:40.442Z</time></trkpt><trkpt lat="47.60862220" lon="19.14694690"><ele>159.22</ele><time>2025-10-20T13:27:40.642Z</time></trkpt><trkpt lat="47.60862610" lon="19.14694770"><ele>159.24</ele><time>2025-10-20T13:27:40.844Z</time></trkpt><trkpt lat="47.60863020" lon="19.14694850"><ele>159.19</ele><time>2025-10-20T13:27:41.045Z</time></trkpt><trkpt lat="47.60863330" lon="19.14694860"><ele>159.12</ele><time>2025-10-20T13:27:41.186Z</time></trkpt><trkpt lat="47.60863860" lon="19.14694740"><ele>158.92</ele><time>2025-10-20T13:27:41.410Z</time></trkpt><trkpt lat="47.60864360" lon="19.14694390"><ele>158.70</ele><time>2025-10-20T13:27:41.631Z</time></trkpt><trkpt lat="47.60864760" lon="19.14693890"><ele>158.48</ele><time>2025-10-20T13:27:41.833Z</time></trkpt><trkpt lat="47.60865110" lon="19.14693250"><ele>158.27</ele><time>2025-10-20T13:27:42.036Z</time></trkpt><trkpt lat="47.60865390" lon="19.14692500"><ele>158.04</ele><time>2025-10-20T13:27:42.239Z</time></trkpt><trkpt lat="47.60865540" lon="19.14691740"><ele>157.86</ele><time>2025-10-20T13:27:42.442Z</time></trkpt><trkpt lat="47.60865550" lon="19.14691040"><ele>157.77</ele><time>2025-10-20T13:27:42.645Z</time></trkpt><trkpt lat="47.60865430" lon="19.14690440"><ele>157.71</ele><time>2025-10-20T13:27:42.849Z</time></trkpt><trkpt lat="47.60865290" lon="19.14690040"><ele>157.62</ele><time>2025-10-20T13:27:42.989Z</time></trkpt><trkpt lat="47.60864950" lon="19.14689400"><ele>157.51</ele><time>2025-10-20T13:27:43.231Z</time></trkpt><trkpt lat="47.60864600" lon="19.14688980"><ele>157.43</ele><time>2025-10-20T13:27:43.413Z</time></trkpt><trkpt lat="47.60864130" lon="19.14688610"><ele>157.32</ele><time>2025-10-20T13:27:43.615Z</time></trkpt><trkpt lat="47.60863510" lon="19.14688410"><ele>157.23</ele><time>2025-10-20T13:27:43.839Z</time></trkpt><trkpt lat="47.60862900" lon="19.14688420"><ele>157.17</ele><time>2025-10-20T13:27:44.039Z</time></trkpt><trkpt lat="47.60862290" lon="19.14688610"><ele>157.18</ele><time>2025-10-20T13:27:44.241Z</time></trkpt><trkpt lat="47.60861730" lon="19.14688940"><ele>157.20</ele><time>2025-10-20T13:27:44.443Z</time></trkpt><trkpt lat="47.60861310" lon="19.14689350"><ele>157.20</ele><time>2025-10-20T13:27:44.623Z</time></trkpt><trkpt lat="47.60860940" lon="19.14689870"><ele>157.24</ele><time>2025-10-20T13:27:44.804Z</time></trkpt><trkpt lat="47.60860590" lon="19.14690650"><ele>157.29</ele><time>2025-10-20T13:27:45.025Z</time></trkpt><trkpt lat="47.60860360" lon="19.14691460"><ele>157.32</ele><time>2025-10-20T13:27:45.226Z</time></trkpt><trkpt lat="47.60860250" lon="19.14692350"><ele>157.32</ele><time>2025-10-20T13:27:45.432Z</time></trkpt><trkpt lat="47.60860250" lon="19.14693280"><ele>157.31</ele><time>2025-10-20T13:27:45.635Z</time></trkpt><trkpt lat="47.60860370" lon="19.14694290"><ele>157.31</ele><time>2025-10-20T13:27:45.856Z</time></trkpt><trkpt lat="47.60860550" lon="19.14694950"><ele>157.31</ele><time>2025-10-20T13:27:46.019Z</time></trkpt><trkpt lat="47.60860850" lon="19.14695710"><ele>157.27</ele><time>2025-10-20T13:27:46.240Z</time></trkpt><trkpt lat="47.60861160" lon="19.14696270"><ele>157.13</ele><time>2025-10-20T13:27:46.447Z</time></trkpt><trkpt lat="47.60861470" lon="19.14696620"><ele>156.89</ele><time>2025-10-20T13:27:46.652Z</time></trkpt><trkpt lat="47.60861730" lon="19.14696710"><ele>156.68</ele><time>2025-10-20T13:27:46.832Z</time></trkpt><trkpt lat="47.60862080" lon="19.14696560"><ele>156.55</ele><time>2025-10-20T13:27:47.034Z</time></trkpt><trkpt lat="47.60862490" lon="19.14696330"><ele>156.56</ele><time>2025-10-20T13:27:47.221Z</time></trkpt><trkpt lat="47.60863010" lon="19.14696150"><ele>156.72</ele><time>2025-10-20T13:27:47.430Z</time></trkpt><trkpt lat="47.60863500" lon="19.14696090"><ele>156.90</ele><time>2025-10-20T13:27:47.631Z</time></trkpt><trkpt lat="47.60863960" lon="19.14696060"><ele>157.00</ele><time>2025-10-20T13:27:47.835Z</time></trkpt><trkpt lat="47.60864300" lon="19.14695970"><ele>157.10</ele><time>2025-10-20T13:27:48.036Z</time></trkpt><trkpt lat="47.60864500" lon="19.14695800"><ele>157.26</ele><time>2025-10-20T13:27:48.239Z</time></trkpt><trkpt lat="47.60864640" lon="19.14695560"><ele>157.41</ele><time>2025-10-20T13:27:48.442Z</time></trkpt><trkpt lat="47.60864800" lon="19.14695240"><ele>157.52</ele><time>2025-10-20T13:27:48.643Z</time></trkpt><trkpt lat="47.60864970" lon="19.14694850"><ele>157.55</ele><time>2025-10-20T13:27:48.825Z</time></trkpt><trkpt lat="47.60865130" lon="19.14694170"><ele>157.51</ele><time>2025-10-20T13:27:49.046Z</time></trkpt><trkpt lat="47.60865240" lon="19.14693400"><ele>157.42</ele><time>2025-10-20T13:27:49.253Z</time></trkpt><trkpt lat="47.60865250" lon="19.14692660"><ele>157.33</ele><time>2025-10-20T13:27:49.434Z</time></trkpt><trkpt lat="47.60865170" lon="19.14691700"><ele>157.20</ele><time>2025-10-20T13:27:49.657Z</time></trkpt><trkpt lat="47.60864970" lon="19.14690870"><ele>157.13</ele><time>2025-10-20T13:27:49.858Z</time></trkpt><trkpt lat="47.60864650" lon="19.14690200"><ele>157.12</ele><time>2025-10-20T13:27:50.038Z</time></trkpt><trkpt lat="47.60864270" lon="19.14689580"><ele>157.10</ele><time>2025-10-20T13:27:50.240Z</time></trkpt><trkpt lat="47.60863920" lon="19.14689080"><ele>157.09</ele><time>2025-10-20T13:27:50.443Z</time></trkpt><trkpt lat="47.60863630" lon="19.14688700"><ele>157.08</ele><time>2025-10-20T13:27:50.668Z</time></trkpt><trkpt lat="47.60863530" lon="19.14688520"><ele>157.06</ele><time>2025-10-20T13:27:50.809Z</time></trkpt><trkpt lat="47.60863420" lon="19.14688310"><ele>157.01</ele><time>2025-10-20T13:27:51.052Z</time></trkpt><trkpt lat="47.60863410" lon="19.14688190"><ele>156.97</ele><time>2025-10-20T13:27:51.275Z</time></trkpt><trkpt lat="47.60863440" lon="19.14688130"><ele>156.95</ele><time>2025-10-20T13:27:51.455Z</time></trkpt><trkpt lat="47.60863510" lon="19.14688120"><ele>156.94</ele><time>2025-10-20T13:27:51.656Z</time></trkpt><trkpt lat="47.60863600" lon="19.14688140"><ele>156.93</ele><time>2025-10-20T13:27:51.857Z</time></trkpt><trkpt lat="47.60863730" lon="19.14688160"><ele>156.93</ele><time>2025-10-20T13:27:52.077Z</time></trkpt><trkpt lat="47.60863870" lon="19.14688140"><ele>156.93</ele><time>2025-10-20T13:27:52.259Z</time></trkpt><trkpt lat="47.60864030" lon="19.14688040"><ele>156.92</ele><time>2025-10-20T13:27:52.422Z</time></trkpt><trkpt lat="47.60864350" lon="19.14687680"><ele>156.90</ele><time>2025-10-20T13:27:52.668Z</time></trkpt><trkpt lat="47.60864670" lon="19.14687190"><ele>156.90</ele><time>2025-10-20T13:27:52.871Z</time></trkpt><trkpt lat="47.60865060" lon="19.14686530"><ele>156.89</ele><time>2025-10-20T13:27:53.074Z</time></trkpt><trkpt lat="47.60865420" lon="19.14685840"><ele>156.88</ele><time>2025-10-20T13:27:53.250Z</time></trkpt><trkpt lat="47.60865820" lon="19.14685050"><ele>156.87</ele><time>2025-10-20T13:27:53.430Z</time></trkpt><trkpt lat="47.60866320" lon="19.14683990"><ele>156.86</ele><time>2025-10-20T13:27:53.652Z</time></trkpt><trkpt lat="47.60866840" lon="19.14682840"><ele>156.85</ele><time>2025-10-20T13:27:53.873Z</time></trkpt><trkpt lat="47.60867280" lon="19.14681830"><ele>156.84</ele><time>2025-10-20T13:27:54.054Z</time></trkpt><trkpt lat="47.60867790" lon="19.14680650"><ele>156.83</ele><time>2025-10-20T13:27:54.257Z</time></trkpt><trkpt lat="47.60868310" lon="19.14679390"><ele>156.81</ele><time>2025-10-20T13:27:54.468Z</time></trkpt><trkpt lat="47.60868810" lon="19.14678130"><ele>156.80</ele><time>2025-10-20T13:27:54.668Z</time></trkpt><trkpt lat="47.60869300" lon="19.14676850"><ele>156.80</ele><time>2025-10-20T13:27:54.869Z</time></trkpt><trkpt lat="47.60869790" lon="19.14675550"><ele>156.79</ele><time>2025-10-20T13:27:55.071Z</time></trkpt><trkpt lat="47.60870180" lon="19.14674470"><ele>156.78</ele><time>2025-10-20T13:27:55.234Z</time></trkpt><trkpt lat="47.60870700" lon="19.14673000"><ele>156.77</ele><time>2025-10-20T13:27:55.458Z</time></trkpt><trkpt lat="47.60871150" lon="19.14671690"><ele>156.77</ele><time>2025-10-20T13:27:55.659Z</time></trkpt><trkpt lat="47.60871600" lon="19.14670350"><ele>156.77</ele><time>2025-10-20T13:27:55.862Z</time></trkpt><trkpt lat="47.60872020" lon="19.14669030"><ele>156.77</ele><time>2025-10-20T13:27:56.065Z</time></trkpt><trkpt lat="47.60872420" lon="19.14667750"><ele>156.77</ele><time>2025-10-20T13:27:56.267Z</time></trkpt><trkpt lat="47.60872790" lon="19.14666470"><ele>156.78</ele><time>2025-10-20T13:27:56.470Z</time></trkpt><trkpt lat="47.60873160" lon="19.14665210"><ele>156.78</ele><time>2025-10-20T13:27:56.673Z</time></trkpt><trkpt lat="47.60873440" lon="19.14664200"><ele>156.78</ele><time>2025-10-20T13:27:56.834Z</time></trkpt><trkpt lat="47.60873850" lon="19.14662730"><ele>156.79</ele><time>2025-10-20T13:27:57.076Z</time></trkpt><trkpt lat="47.60874190" lon="19.14661510"><ele>156.80</ele><time>2025-10-20T13:27:57.278Z</time></trkpt><trkpt lat="47.60874480" lon="19.14660460"><ele>156.81</ele><time>2025-10-20T13:27:57.460Z</time></trkpt><trkpt lat="47.60874790" lon="19.14659330"><ele>156.81</ele><time>2025-10-20T13:27:57.662Z</time></trkpt><trkpt lat="47.60875070" lon="19.14658330"><ele>156.82</ele><time>2025-10-20T13:27:57.865Z</time></trkpt><trkpt lat="47.60875310" lon="19.14657460"><ele>156.83</ele><time>2025-10-20T13:27:58.066Z</time></trkpt><trkpt lat="47.60875490" lon="19.14656760"><ele>156.83</ele><time>2025-10-20T13:27:58.270Z</time></trkpt><trkpt lat="47.60875580" lon="19.14656370"><ele>156.82</ele><time>2025-10-20T13:27:58.416Z</time></trkpt><trkpt lat="47.60875650" lon="19.14655990"><ele>156.83</ele><time>2025-10-20T13:27:58.661Z</time></trkpt><trkpt lat="47.60875640" lon="19.14655850"><ele>156.84</ele><time>2025-10-20T13:27:58.862Z</time></trkpt><trkpt lat="47.60875580" lon="19.14655830"><ele>156.86</ele><time>2025-10-20T13:27:59.063Z</time></trkpt><trkpt lat="47.60875490" lon="19.14655920"><ele>156.88</ele><time>2025-10-20T13:27:59.265Z</time></trkpt><trkpt lat="47.60875370" lon="19.14656080"><ele>156.90</ele><time>2025-10-20T13:27:59.465Z</time></trkpt><trkpt lat="47.60875250" lon="19.14656300"><ele>156.94</ele><time>2025-10-20T13:27:59.666Z</time></trkpt><trkpt lat="47.60875110" lon="19.14656570"><ele>156.96</ele><time>2025-10-20T13:27:59.868Z</time></trkpt><trkpt lat="47.60875000" lon="19.14656790"><ele>156.98</ele><time>2025-10-20T13:28:00.029Z</time></trkpt><trkpt lat="47.60874820" lon="19.14657150"><ele>157.02</ele><time>2025-10-20T13:28:00.271Z</time></trkpt><trkpt lat="47.60874590" lon="19.14657400"><ele>157.03</ele><time>2025-10-20T13:28:00.473Z</time></trkpt><trkpt lat="47.60874230" lon="19.14657570"><ele>157.03</ele><time>2025-10-20T13:28:00.674Z</time></trkpt><trkpt lat="47.60873720" lon="19.14657640"><ele>157.04</ele><time>2025-10-20T13:28:00.877Z</time></trkpt><trkpt lat="47.60873070" lon="19.14657650"><ele>157.05</ele><time>2025-10-20T13:28:01.077Z</time></trkpt><trkpt lat="47.60872390" lon="19.14657600"><ele>157.05</ele><time>2025-10-20T13:28:01.264Z</time></trkpt><trkpt lat="47.60871710" lon="19.14657530"><ele>157.04</ele><time>2025-10-20T13:28:01.437Z</time></trkpt><trkpt lat="47.60870740" lon="19.14657410"><ele>157.04</ele><time>2025-10-20T13:28:01.662Z</time></trkpt><trkpt lat="47.60869820" lon="19.14657280"><ele>157.04</ele><time>2025-10-20T13:28:01.863Z</time></trkpt><trkpt lat="47.60868870" lon="19.14657120"><ele>157.04</ele><time>2025-10-20T13:28:02.063Z</time></trkpt><trkpt lat="47.60867860" lon="19.14656950"><ele>157.04</ele><time>2025-10-20T13:28:02.267Z</time></trkpt><trkpt lat="47.60866820" lon="19.14656780"><ele>157.03</ele><time>2025-10-20T13:28:02.474Z</time></trkpt><trkpt lat="47.60865810" lon="19.14656620"><ele>157.02</ele><time>2025-10-20T13:28:02.675Z</time></trkpt><trkpt lat="47.60864790" lon="19.14656480"><ele>157.00</ele><time>2025-10-20T13:28:02.877Z</time></trkpt><trkpt lat="47.60863790" lon="19.14656360"><ele>156.99</ele><time>2025-10-20T13:28:03.078Z</time></trkpt><trkpt lat="47.60862790" lon="19.14656280"><ele>156.99</ele><time>2025-10-20T13:28:03.279Z</time></trkpt><trkpt lat="47.60861810" lon="19.14656220"><ele>156.99</ele><time>2025-10-20T13:28:03.479Z</time></trkpt><trkpt lat="47.60860850" lon="19.14656200"><ele>156.99</ele><time>2025-10-20T13:28:03.681Z</time></trkpt><trkpt lat="47.60859890" lon="19.14656220"><ele>156.99</ele><time>2025-10-20T13:28:03.881Z</time></trkpt><trkpt lat="47.60859040" lon="19.14656270"><ele>156.98</ele><time>2025-10-20T13:28:04.061Z</time></trkpt><trkpt lat="47.60858000" lon="19.14656380"><ele>156.97</ele><time>2025-10-20T13:28:04.287Z</time></trkpt><trkpt lat="47.60857090" lon="19.14656520"><ele>156.95</ele><time>2025-10-20T13:28:04.488Z</time></trkpt><trkpt lat="47.60856190" lon="19.14656700"><ele>156.95</ele><time>2025-10-20T13:28:04.688Z</time></trkpt><trkpt lat="47.60855320" lon="19.14656900"><ele>156.94</ele><time>2025-10-20T13:28:04.889Z</time></trkpt><trkpt lat="47.60854460" lon="19.14657170"><ele>156.95</ele><time>2025-10-20T13:28:05.091Z</time></trkpt><trkpt lat="47.60853720" lon="19.14657450"><ele>156.96</ele><time>2025-10-20T13:28:05.273Z</time></trkpt><trkpt lat="47.60852980" lon="19.14657760"><ele>156.94</ele><time>2025-10-20T13:28:05.456Z</time></trkpt><trkpt lat="47.60852110" lon="19.14658200"><ele>156.95</ele><time>2025-10-20T13:28:05.677Z</time></trkpt><trkpt lat="47.60851320" lon="19.14658660"><ele>156.99</ele><time>2025-10-20T13:28:05.881Z</time></trkpt><trkpt lat="47.60850640" lon="19.14659110"><ele>157.00</ele><time>2025-10-20T13:28:06.062Z</time></trkpt><trkpt lat="47.60849820" lon="19.14659750"><ele>157.02</ele><time>2025-10-20T13:28:06.286Z</time></trkpt><trkpt lat="47.60849110" lon="19.14660340"><ele>157.01</ele><time>2025-10-20T13:28:06.490Z</time></trkpt><trkpt lat="47.60848420" lon="19.14660970"><ele>156.99</ele><time>2025-10-20T13:28:06.690Z</time></trkpt><trkpt lat="47.60847760" lon="19.14661640"><ele>156.97</ele><time>2025-10-20T13:28:06.892Z</time></trkpt><trkpt lat="47.60847110" lon="19.14662350"><ele>156.95</ele><time>2025-10-20T13:28:07.093Z</time></trkpt><trkpt lat="47.60846470" lon="19.14663140"><ele>156.95</ele><time>2025-10-20T13:28:07.295Z</time></trkpt><trkpt lat="47.60845840" lon="19.14663970"><ele>156.96</ele><time>2025-10-20T13:28:07.495Z</time></trkpt><trkpt lat="47.60845340" lon="19.14664660"><ele>156.97</ele><time>2025-10-20T13:28:07.656Z</time></trkpt><trkpt lat="47.60844630" lon="19.14665720"><ele>156.98</ele><time>2025-10-20T13:28:07.896Z</time></trkpt><trkpt lat="47.60844050" lon="19.14666660"><ele>156.98</ele><time>2025-10-20T13:28:08.097Z</time></trkpt><trkpt lat="47.60843550" lon="19.14667530"><ele>156.99</ele><time>2025-10-20T13:28:08.279Z</time></trkpt><trkpt lat="47.60842940" lon="19.14668610"><ele>157.00</ele><time>2025-10-20T13:28:08.501Z</time></trkpt><trkpt lat="47.60842420" lon="19.14669590"><ele>157.00</ele><time>2025-10-20T13:28:08.701Z</time></trkpt><trkpt lat="47.60841910" lon="19.14670590"><ele>157.00</ele><time>2025-10-20T13:28:08.903Z</time></trkpt><trkpt lat="47.60841410" lon="19.14671630"><ele>157.00</ele><time>2025-10-20T13:28:09.105Z</time></trkpt><trkpt lat="47.60840920" lon="19.14672690"><ele>156.99</ele><time>2025-10-20T13:28:09.308Z</time></trkpt><trkpt lat="47.60840480" lon="19.14673770"><ele>156.99</ele><time>2025-10-20T13:28:09.510Z</time></trkpt><trkpt lat="47.60840040" lon="19.14674890"><ele>156.99</ele><time>2025-10-20T13:28:09.713Z</time></trkpt><trkpt lat="47.60839630" lon="19.14675960"><ele>157.01</ele><time>2025-10-20T13:28:09.902Z</time></trkpt><trkpt lat="47.60839200" lon="19.14677120"><ele>157.02</ele><time>2025-10-20T13:28:10.105Z</time></trkpt><trkpt lat="47.60838790" lon="19.14678300"><ele>157.01</ele><time>2025-10-20T13:28:10.310Z</time></trkpt><trkpt lat="47.60838410" lon="19.14679460"><ele>157.02</ele><time>2025-10-20T13:28:10.510Z</time></trkpt><trkpt lat="47.60838050" lon="19.14680610"><ele>157.02</ele><time>2025-10-20T13:28:10.712Z</time></trkpt><trkpt lat="47.60837720" lon="19.14681800"><ele>157.01</ele><time>2025-10-20T13:28:10.915Z</time></trkpt><trkpt lat="47.60837420" lon="19.14682960"><ele>157.00</ele><time>2025-10-20T13:28:11.117Z</time></trkpt><trkpt lat="47.60837150" lon="19.14684170"><ele>156.99</ele><time>2025-10-20T13:28:11.321Z</time></trkpt><trkpt lat="47.60836980" lon="19.14685020"><ele>156.97</ele><time>2025-10-20T13:28:11.463Z</time></trkpt><trkpt lat="47.60836710" lon="19.14686470"><ele>156.96</ele><time>2025-10-20T13:28:11.703Z</time></trkpt><trkpt lat="47.60836500" lon="19.14687700"><ele>156.95</ele><time>2025-10-20T13:28:11.904Z</time></trkpt><trkpt lat="47.60836320" lon="19.14688960"><ele>156.95</ele><time>2025-10-20T13:28:12.105Z</time></trkpt><trkpt lat="47.60836140" lon="19.14690280"><ele>156.93</ele><time>2025-10-20T13:28:12.317Z</time></trkpt><trkpt lat="47.60835980" lon="19.14691650"><ele>156.93</ele><time>2025-10-20T13:28:12.539Z</time></trkpt><trkpt lat="47.60835860" lon="19.14692780"><ele>156.95</ele><time>2025-10-20T13:28:12.722Z</time></trkpt><trkpt lat="47.60835750" lon="19.14694020"><ele>156.93</ele><time>2025-10-20T13:28:12.925Z</time></trkpt><trkpt lat="47.60835680" lon="19.14695250"><ele>156.90</ele><time>2025-10-20T13:28:13.126Z</time></trkpt><trkpt lat="47.60835630" lon="19.14696510"><ele>156.89</ele><time>2025-10-20T13:28:13.330Z</time></trkpt><trkpt lat="47.60835600" lon="19.14697750"><ele>156.87</ele><time>2025-10-20T13:28:13.532Z</time></trkpt><trkpt lat="47.60835610" lon="19.14698960"><ele>156.88</ele><time>2025-10-20T13:28:13.733Z</time></trkpt><trkpt lat="47.60835660" lon="19.14700170"><ele>156.87</ele><time>2025-10-20T13:28:13.935Z</time></trkpt><trkpt lat="47.60835740" lon="19.14701330"><ele>156.83</ele><time>2025-10-20T13:28:14.126Z</time></trkpt><trkpt lat="47.60835870" lon="19.14702610"><ele>156.79</ele><time>2025-10-20T13:28:14.334Z</time></trkpt><trkpt lat="47.60836050" lon="19.14703840"><ele>156.76</ele><time>2025-10-20T13:28:14.535Z</time></trkpt><trkpt lat="47.60836230" lon="19.14704960"><ele>156.75</ele><time>2025-10-20T13:28:14.715Z</time></trkpt><trkpt lat="47.60836470" lon="19.14706300"><ele>156.75</ele><time>2025-10-20T13:28:14.936Z</time></trkpt><trkpt lat="47.60836700" lon="19.14707410"><ele>156.74</ele><time>2025-10-20T13:28:15.117Z</time></trkpt><trkpt lat="47.60836990" lon="19.14708640"><ele>156.72</ele><time>2025-10-20T13:28:15.318Z</time></trkpt><trkpt lat="47.60837300" lon="19.14709840"><ele>156.71</ele><time>2025-10-20T13:28:15.519Z</time></trkpt><trkpt lat="47.60837610" lon="19.14711000"><ele>156.72</ele><time>2025-10-20T13:28:15.719Z</time></trkpt><trkpt lat="47.60837920" lon="19.14712030"><ele>156.74</ele><time>2025-10-20T13:28:15.901Z</time></trkpt><trkpt lat="47.60838270" lon="19.14713150"><ele>156.74</ele><time>2025-10-20T13:28:16.101Z</time></trkpt><trkpt lat="47.60838670" lon="19.14714380"><ele>156.73</ele><time>2025-10-20T13:28:16.325Z</time></trkpt><trkpt lat="47.60839060" lon="19.14715470"><ele>156.77</ele><time>2025-10-20T13:28:16.526Z</time></trkpt><trkpt lat="47.60839410" lon="19.14716430"><ele>156.79</ele><time>2025-10-20T13:28:16.708Z</time></trkpt><trkpt lat="47.60839840" lon="19.14717480"><ele>156.79</ele><time>2025-10-20T13:28:16.910Z</time></trkpt><trkpt lat="47.60840320" lon="19.14718600"><ele>156.82</ele><time>2025-10-20T13:28:17.132Z</time></trkpt><trkpt lat="47.60840780" lon="19.14719600"><ele>156.84</ele><time>2025-10-20T13:28:17.332Z</time></trkpt><trkpt lat="47.60841230" lon="19.14720480"><ele>156.85</ele><time>2025-10-20T13:28:17.516Z</time></trkpt><trkpt lat="47.60841790" lon="19.14721520"><ele>156.87</ele><time>2025-10-20T13:28:17.740Z</time></trkpt><trkpt lat="47.60842270" lon="19.14722340"><ele>156.88</ele><time>2025-10-20T13:28:17.921Z</time></trkpt><trkpt lat="47.60842820" lon="19.14723240"><ele>156.89</ele><time>2025-10-20T13:28:18.122Z</time></trkpt><trkpt lat="47.60843410" lon="19.14724140"><ele>156.89</ele><time>2025-10-20T13:28:18.327Z</time></trkpt><trkpt lat="47.60844000" lon="19.14724960"><ele>156.90</ele><time>2025-10-20T13:28:18.527Z</time></trkpt><trkpt lat="47.60844610" lon="19.14725780"><ele>156.89</ele><time>2025-10-20T13:28:18.727Z</time></trkpt><trkpt lat="47.60845320" lon="19.14726670"><ele>156.89</ele><time>2025-10-20T13:28:18.949Z</time></trkpt><trkpt lat="47.60846000" lon="19.14727460"><ele>156.90</ele><time>2025-10-20T13:28:19.150Z</time></trkpt><trkpt lat="47.60846630" lon="19.14728150"><ele>156.90</ele><time>2025-10-20T13:28:19.334Z</time></trkpt><trkpt lat="47.60847340" lon="19.14728880"><ele>156.89</ele><time>2025-10-20T13:28:19.536Z</time></trkpt><trkpt lat="47.60848060" lon="19.14729580"><ele>156.87</ele><time>2025-10-20T13:28:19.736Z</time></trkpt><trkpt lat="47.60848800" lon="19.14730270"><ele>156.85</ele><time>2025-10-20T13:28:19.939Z</time></trkpt><trkpt lat="47.60849540" lon="19.14730940"><ele>156.83</ele><time>2025-10-20T13:28:20.140Z</time></trkpt><trkpt lat="47.60850220" lon="19.14731540"><ele>156.80</ele><time>2025-10-20T13:28:20.322Z</time></trkpt><trkpt lat="47.60851030" lon="19.14732220"><ele>156.78</ele><time>2025-10-20T13:28:20.542Z</time></trkpt><trkpt lat="47.60851800" lon="19.14732800"><ele>156.75</ele><time>2025-10-20T13:28:20.743Z</time></trkpt><trkpt lat="47.60852570" lon="19.14733330"><ele>156.72</ele><time>2025-10-20T13:28:20.943Z</time></trkpt><trkpt lat="47.60853370" lon="19.14733850"><ele>156.68</ele><time>2025-10-20T13:28:21.147Z</time></trkpt><trkpt lat="47.60854080" lon="19.14734300"><ele>156.66</ele><time>2025-10-20T13:28:21.331Z</time></trkpt><trkpt lat="47.60854870" lon="19.14734740"><ele>156.62</ele><time>2025-10-20T13:28:21.532Z</time></trkpt><trkpt lat="47.60855580" lon="19.14735110"><ele>156.61</ele><time>2025-10-20T13:28:21.713Z</time></trkpt><trkpt lat="47.60856450" lon="19.14735510"><ele>156.57</ele><time>2025-10-20T13:28:21.933Z</time></trkpt><trkpt lat="47.60857260" lon="19.14735840"><ele>156.56</ele><time>2025-10-20T13:28:22.137Z</time></trkpt><trkpt lat="47.60858090" lon="19.14736130"><ele>156.54</ele><time>2025-10-20T13:28:22.347Z</time></trkpt><trkpt lat="47.60858890" lon="19.14736360"><ele>156.54</ele><time>2025-10-20T13:28:22.547Z</time></trkpt><trkpt lat="47.60859710" lon="19.14736530"><ele>156.52</ele><time>2025-10-20T13:28:22.747Z</time></trkpt><trkpt lat="47.60860360" lon="19.14736650"><ele>156.51</ele><time>2025-10-20T13:28:22.907Z</time></trkpt><trkpt lat="47.60861330" lon="19.14736780"><ele>156.49</ele><time>2025-10-20T13:28:23.148Z</time></trkpt><trkpt lat="47.60862140" lon="19.14736860"><ele>156.49</ele><time>2025-10-20T13:28:23.349Z</time></trkpt><trkpt lat="47.60862960" lon="19.14736900"><ele>156.49</ele><time>2025-10-20T13:28:23.550Z</time></trkpt><trkpt lat="47.60863780" lon="19.14736900"><ele>156.49</ele><time>2025-10-20T13:28:23.750Z</time></trkpt><trkpt lat="47.60864610" lon="19.14736870"><ele>156.50</ele><time>2025-10-20T13:28:23.950Z</time></trkpt><trkpt lat="47.60865430" lon="19.14736800"><ele>156.52</ele><time>2025-10-20T13:28:24.151Z</time></trkpt><trkpt lat="47.60866250" lon="19.14736690"><ele>156.52</ele><time>2025-10-20T13:28:24.353Z</time></trkpt><trkpt lat="47.60867060" lon="19.14736550"><ele>156.51</ele><time>2025-10-20T13:28:24.554Z</time></trkpt><trkpt lat="47.60867700" lon="19.14736410"><ele>156.51</ele><time>2025-10-20T13:28:24.715Z</time></trkpt><trkpt lat="47.60868480" lon="19.14736200"><ele>156.51</ele><time>2025-10-20T13:28:24.915Z</time></trkpt><trkpt lat="47.60869410" lon="19.14735910"><ele>156.52</ele><time>2025-10-20T13:28:25.155Z</time></trkpt><trkpt lat="47.60870230" lon="19.14735620"><ele>156.53</ele><time>2025-10-20T13:28:25.368Z</time></trkpt><trkpt lat="47.60870990" lon="19.14735300"><ele>156.54</ele><time>2025-10-20T13:28:25.567Z</time></trkpt><trkpt lat="47.60871760" lon="19.14734950"><ele>156.54</ele><time>2025-10-20T13:28:25.768Z</time></trkpt><trkpt lat="47.60872590" lon="19.14734520"><ele>156.54</ele><time>2025-10-20T13:28:25.990Z</time></trkpt><trkpt lat="47.60873270" lon="19.14734150"><ele>156.55</ele><time>2025-10-20T13:28:26.170Z</time></trkpt><trkpt lat="47.60873880" lon="19.14733800"><ele>156.55</ele><time>2025-10-20T13:28:26.331Z</time></trkpt><trkpt lat="47.60874760" lon="19.14733240"><ele>156.56</ele><time>2025-10-20T13:28:26.572Z</time></trkpt><trkpt lat="47.60875490" lon="19.14732720"><ele>156.57</ele><time>2025-10-20T13:28:26.772Z</time></trkpt><trkpt lat="47.60876230" lon="19.14732170"><ele>156.58</ele><time>2025-10-20T13:28:26.973Z</time></trkpt><trkpt lat="47.60876960" lon="19.14731590"><ele>156.59</ele><time>2025-10-20T13:28:27.173Z</time></trkpt><trkpt lat="47.60877690" lon="19.14730970"><ele>156.61</ele><time>2025-10-20T13:28:27.377Z</time></trkpt><trkpt lat="47.60878400" lon="19.14730330"><ele>156.64</ele><time>2025-10-20T13:28:27.576Z</time></trkpt><trkpt lat="47.60878960" lon="19.14729810"><ele>156.65</ele><time>2025-10-20T13:28:27.736Z</time></trkpt><trkpt lat="47.60879580" lon="19.14729180"><ele>156.67</ele><time>2025-10-20T13:28:27.918Z</time></trkpt><trkpt lat="47.60880370" lon="19.14728340"><ele>156.69</ele><time>2025-10-20T13:28:28.151Z</time></trkpt><trkpt lat="47.60881160" lon="19.14727450"><ele>156.72</ele><time>2025-10-20T13:28:28.393Z</time></trkpt><trkpt lat="47.60881680" lon="19.14726820"><ele>156.73</ele><time>2025-10-20T13:28:28.557Z</time></trkpt><trkpt lat="47.60882320" lon="19.14726020"><ele>156.75</ele><time>2025-10-20T13:28:28.758Z</time></trkpt><trkpt lat="47.60882930" lon="19.14725200"><ele>156.76</ele><time>2025-10-20T13:28:28.958Z</time></trkpt><trkpt lat="47.60883520" lon="19.14724360"><ele>156.77</ele><time>2025-10-20T13:28:29.159Z</time></trkpt><trkpt lat="47.60884140" lon="19.14723410"><ele>156.78</ele><time>2025-10-20T13:28:29.380Z</time></trkpt><trkpt lat="47.60884630" lon="19.14722620"><ele>156.78</ele><time>2025-10-20T13:28:29.561Z</time></trkpt><trkpt lat="47.60885200" lon="19.14721630"><ele>156.80</ele><time>2025-10-20T13:28:29.782Z</time></trkpt><trkpt lat="47.60885660" lon="19.14720790"><ele>156.81</ele><time>2025-10-20T13:28:29.966Z</time></trkpt><trkpt lat="47.60886140" lon="19.14719820"><ele>156.82</ele><time>2025-10-20T13:28:30.169Z</time></trkpt><trkpt lat="47.60886610" lon="19.14718840"><ele>156.83</ele><time>2025-10-20T13:28:30.373Z</time></trkpt><trkpt lat="47.60887050" lon="19.14717830"><ele>156.84</ele><time>2025-10-20T13:28:30.576Z</time></trkpt><trkpt lat="47.60887470" lon="19.14716780"><ele>156.84</ele><time>2025-10-20T13:28:30.778Z</time></trkpt><trkpt lat="47.60887850" lon="19.14715700"><ele>156.86</ele><time>2025-10-20T13:28:30.981Z</time></trkpt><trkpt lat="47.60888210" lon="19.14714590"><ele>156.87</ele><time>2025-10-20T13:28:31.182Z</time></trkpt><trkpt lat="47.60888550" lon="19.14713460"><ele>156.88</ele><time>2025-10-20T13:28:31.385Z</time></trkpt><trkpt lat="47.60888850" lon="19.14712310"><ele>156.88</ele><time>2025-10-20T13:28:31.586Z</time></trkpt><trkpt lat="47.60889120" lon="19.14711140"><ele>156.89</ele><time>2025-10-20T13:28:31.788Z</time></trkpt><trkpt lat="47.60889370" lon="19.14709980"><ele>156.90</ele><time>2025-10-20T13:28:31.989Z</time></trkpt><trkpt lat="47.60889580" lon="19.14708920"><ele>156.91</ele><time>2025-10-20T13:28:32.170Z</time></trkpt><trkpt lat="47.60889810" lon="19.14707610"><ele>156.91</ele><time>2025-10-20T13:28:32.395Z</time></trkpt><trkpt lat="47.60890010" lon="19.14706440"><ele>156.91</ele><time>2025-10-20T13:28:32.597Z</time></trkpt><trkpt lat="47.60890180" lon="19.14705260"><ele>156.91</ele><time>2025-10-20T13:28:32.799Z</time></trkpt><trkpt lat="47.60890320" lon="19.14704080"><ele>156.92</ele><time>2025-10-20T13:28:33.001Z</time></trkpt><trkpt lat="47.60890430" lon="19.14703020"><ele>156.93</ele><time>2025-10-20T13:28:33.182Z</time></trkpt><trkpt lat="47.60890540" lon="19.14701810"><ele>156.94</ele><time>2025-10-20T13:28:33.388Z</time></trkpt><trkpt lat="47.60890630" lon="19.14700700"><ele>156.95</ele><time>2025-10-20T13:28:33.572Z</time></trkpt><trkpt lat="47.60890720" lon="19.14699370"><ele>156.96</ele><time>2025-10-20T13:28:33.792Z</time></trkpt><trkpt lat="47.60890780" lon="19.14698150"><ele>156.97</ele><time>2025-10-20T13:28:33.996Z</time></trkpt><trkpt lat="47.60890820" lon="19.14696990"><ele>156.98</ele><time>2025-10-20T13:28:34.183Z</time></trkpt><trkpt lat="47.60890830" lon="19.14695750"><ele>156.98</ele><time>2025-10-20T13:28:34.385Z</time></trkpt><trkpt lat="47.60890830" lon="19.14694510"><ele>156.98</ele><time>2025-10-20T13:28:34.587Z</time></trkpt><trkpt lat="47.60890790" lon="19.14693240"><ele>156.98</ele><time>2025-10-20T13:28:34.794Z</time></trkpt><trkpt lat="47.60890730" lon="19.14692040"><ele>156.98</ele><time>2025-10-20T13:28:34.991Z</time></trkpt><trkpt lat="47.60890640" lon="19.14690810"><ele>156.98</ele><time>2025-10-20T13:28:35.193Z</time></trkpt><trkpt lat="47.60890520" lon="19.14689580"><ele>156.99</ele><time>2025-10-20T13:28:35.397Z</time></trkpt><trkpt lat="47.60890380" lon="19.14688380"><ele>156.99</ele><time>2025-10-20T13:28:35.597Z</time></trkpt><trkpt lat="47.60890220" lon="19.14687270"><ele>157.00</ele><time>2025-10-20T13:28:35.780Z</time></trkpt><trkpt lat="47.60890020" lon="19.14686070"><ele>157.00</ele><time>2025-10-20T13:28:35.982Z</time></trkpt><trkpt lat="47.60889770" lon="19.14684760"><ele>157.00</ele><time>2025-10-20T13:28:36.204Z</time></trkpt><trkpt lat="47.60889520" lon="19.14683610"><ele>157.00</ele><time>2025-10-20T13:28:36.401Z</time></trkpt><trkpt lat="47.60889240" lon="19.14682480"><ele>156.99</ele><time>2025-10-20T13:28:36.601Z</time></trkpt><trkpt lat="47.60888930" lon="19.14681310"><ele>157.00</ele><time>2025-10-20T13:28:36.804Z</time></trkpt><trkpt lat="47.60888600" lon="19.14680170"><ele>157.01</ele><time>2025-10-20T13:28:37.006Z</time></trkpt><trkpt lat="47.60888250" lon="19.14679040"><ele>157.01</ele><time>2025-10-20T13:28:37.208Z</time></trkpt><trkpt lat="47.60887980" lon="19.14678250"><ele>157.01</ele><time>2025-10-20T13:28:37.352Z</time></trkpt><trkpt lat="47.60887540" lon="19.14677040"><ele>157.00</ele><time>2025-10-20T13:28:37.575Z</time></trkpt><trkpt lat="47.60887110" lon="19.14675930"><ele>157.01</ele><time>2025-10-20T13:28:37.776Z</time></trkpt><trkpt lat="47.60886620" lon="19.14674740"><ele>157.01</ele><time>2025-10-20T13:28:37.996Z</time></trkpt><trkpt lat="47.60886130" lon="19.14673630"><ele>157.01</ele><time>2025-10-20T13:28:38.202Z</time></trkpt><trkpt lat="47.60885620" lon="19.14672560"><ele>157.00</ele><time>2025-10-20T13:28:38.405Z</time></trkpt><trkpt lat="47.60885170" lon="19.14671630"><ele>157.00</ele><time>2025-10-20T13:28:38.587Z</time></trkpt><trkpt lat="47.60884650" lon="19.14670630"><ele>157.00</ele><time>2025-10-20T13:28:38.787Z</time></trkpt><trkpt lat="47.60884100" lon="19.14669640"><ele>156.99</ele><time>2025-10-20T13:28:38.989Z</time></trkpt><trkpt lat="47.60883480" lon="19.14668580"><ele>157.00</ele><time>2025-10-20T13:28:39.210Z</time></trkpt><trkpt lat="47.60883010" lon="19.14667830"><ele>157.01</ele><time>2025-10-20T13:28:39.371Z</time></trkpt><trkpt lat="47.60882350" lon="19.14666840"><ele>157.01</ele><time>2025-10-20T13:28:39.591Z</time></trkpt><trkpt lat="47.60881720" lon="19.14665960"><ele>157.02</ele><time>2025-10-20T13:28:39.791Z</time></trkpt><trkpt lat="47.60881020" lon="19.14665040"><ele>157.04</ele><time>2025-10-20T13:28:40.012Z</time></trkpt><trkpt lat="47.60880380" lon="19.14664240"><ele>157.06</ele><time>2025-10-20T13:28:40.213Z</time></trkpt><trkpt lat="47.60879730" lon="19.14663490"><ele>157.07</ele><time>2025-10-20T13:28:40.415Z</time></trkpt><trkpt lat="47.60879080" lon="19.14662770"><ele>157.07</ele><time>2025-10-20T13:28:40.618Z</time></trkpt><trkpt lat="47.60878500" lon="19.14662170"><ele>157.07</ele><time>2025-10-20T13:28:40.799Z</time></trkpt><trkpt lat="47.60877770" lon="19.14661480"><ele>157.08</ele><time>2025-10-20T13:28:41.021Z</time></trkpt><trkpt lat="47.60877090" lon="19.14660880"><ele>157.07</ele><time>2025-10-20T13:28:41.223Z</time></trkpt><trkpt lat="47.60876370" lon="19.14660320"><ele>157.07</ele><time>2025-10-20T13:28:41.427Z</time></trkpt><trkpt lat="47.60875640" lon="19.14659800"><ele>157.07</ele><time>2025-10-20T13:28:41.630Z</time></trkpt><trkpt lat="47.60874980" lon="19.14659360"><ele>157.07</ele><time>2025-10-20T13:28:41.812Z</time></trkpt><trkpt lat="47.60874240" lon="19.14658920"><ele>157.07</ele><time>2025-10-20T13:28:42.012Z</time></trkpt><trkpt lat="47.60873570" lon="19.14658570"><ele>157.06</ele><time>2025-10-20T13:28:42.194Z</time></trkpt><trkpt lat="47.60872790" lon="19.14658190"><ele>157.05</ele><time>2025-10-20T13:28:42.403Z</time></trkpt><trkpt lat="47.60871940" lon="19.14657810"><ele>157.04</ele><time>2025-10-20T13:28:42.627Z</time></trkpt><trkpt lat="47.60871170" lon="19.14657490"><ele>157.03</ele><time>2025-10-20T13:28:42.829Z</time></trkpt><trkpt lat="47.60870380" lon="19.14657180"><ele>157.02</ele><time>2025-10-20T13:28:43.030Z</time></trkpt><trkpt lat="47.60869580" lon="19.14656910"><ele>157.00</ele><time>2025-10-20T13:28:43.233Z</time></trkpt><trkpt lat="47.60868760" lon="19.14656660"><ele>157.00</ele><time>2025-10-20T13:28:43.435Z</time></trkpt><trkpt lat="47.60867960" lon="19.14656440"><ele>156.97</ele><time>2025-10-20T13:28:43.636Z</time></trkpt><trkpt lat="47.60867140" lon="19.14656240"><ele>156.95</ele><time>2025-10-20T13:28:43.836Z</time></trkpt><trkpt lat="47.60866430" lon="19.14656080"><ele>156.95</ele><time>2025-10-20T13:28:44.018Z</time></trkpt><trkpt lat="47.60865610" lon="19.14655930"><ele>156.94</ele><time>2025-10-20T13:28:44.223Z</time></trkpt><trkpt lat="47.60864790" lon="19.14655810"><ele>156.96</ele><time>2025-10-20T13:28:44.426Z</time></trkpt><trkpt lat="47.60863970" lon="19.14655730"><ele>156.96</ele><time>2025-10-20T13:28:44.629Z</time></trkpt><trkpt lat="47.60863150" lon="19.14655670"><ele>156.94</ele><time>2025-10-20T13:28:44.830Z</time></trkpt><trkpt lat="47.60862340" lon="19.14655640"><ele>156.91</ele><time>2025-10-20T13:28:45.032Z</time></trkpt><trkpt lat="47.60861510" lon="19.14655630"><ele>156.89</ele><time>2025-10-20T13:28:45.233Z</time></trkpt><trkpt lat="47.60860740" lon="19.14655640"><ele>156.89</ele><time>2025-10-20T13:28:45.423Z</time></trkpt><trkpt lat="47.60859810" lon="19.14655700"><ele>156.88</ele><time>2025-10-20T13:28:45.645Z</time></trkpt><trkpt lat="47.60859070" lon="19.14655770"><ele>156.89</ele><time>2025-10-20T13:28:45.825Z</time></trkpt><trkpt lat="47.60858230" lon="19.14655880"><ele>156.91</ele><time>2025-10-20T13:28:46.026Z</time></trkpt><trkpt lat="47.60857400" lon="19.14656020"><ele>156.90</ele><time>2025-10-20T13:28:46.227Z</time></trkpt><trkpt lat="47.60856560" lon="19.14656220"><ele>156.89</ele><time>2025-10-20T13:28:46.434Z</time></trkpt><trkpt lat="47.60855750" lon="19.14656460"><ele>156.87</ele><time>2025-10-20T13:28:46.635Z</time></trkpt><trkpt lat="47.60854940" lon="19.14656740"><ele>156.86</ele><time>2025-10-20T13:28:46.838Z</time></trkpt><trkpt lat="47.60854150" lon="19.14657080"><ele>156.84</ele><time>2025-10-20T13:28:47.039Z</time></trkpt><trkpt lat="47.60853360" lon="19.14657460"><ele>156.84</ele><time>2025-10-20T13:28:47.242Z</time></trkpt><trkpt lat="47.60852670" lon="19.14657840"><ele>156.83</ele><time>2025-10-20T13:28:47.424Z</time></trkpt><trkpt lat="47.60851860" lon="19.14658350"><ele>156.84</ele><time>2025-10-20T13:28:47.646Z</time></trkpt><trkpt lat="47.60851150" lon="19.14658850"><ele>156.84</ele><time>2025-10-20T13:28:47.847Z</time></trkpt><trkpt lat="47.60850450" lon="19.14659410"><ele>156.85</ele><time>2025-10-20T13:28:48.050Z</time></trkpt><trkpt lat="47.60849850" lon="19.14659940"><ele>156.85</ele><time>2025-10-20T13:28:48.233Z</time></trkpt><trkpt lat="47.60849320" lon="19.14660440"><ele>156.85</ele><time>2025-10-20T13:28:48.394Z</time></trkpt><trkpt lat="47.60848690" lon="19.14661090"><ele>156.85</ele><time>2025-10-20T13:28:48.596Z</time></trkpt><trkpt lat="47.60847940" lon="19.14661930"><ele>156.86</ele><time>2025-10-20T13:28:48.839Z</time></trkpt><trkpt lat="47.60847330" lon="19.14662640"><ele>156.88</ele><time>2025-10-20T13:28:49.041Z</time></trkpt><trkpt lat="47.60846720" lon="19.14663380"><ele>156.89</ele><time>2025-10-20T13:28:49.242Z</time></trkpt><trkpt lat="47.60846110" lon="19.14664150"><ele>156.89</ele><time>2025-10-20T13:28:49.448Z</time></trkpt><trkpt lat="47.60845520" lon="19.14664900"><ele>156.90</ele><time>2025-10-20T13:28:49.650Z</time></trkpt><trkpt lat="47.60844920" lon="19.14665680"><ele>156.91</ele><time>2025-10-20T13:28:49.854Z</time></trkpt><trkpt lat="47.60844330" lon="19.14666500"><ele>156.90</ele><time>2025-10-20T13:28:50.056Z</time></trkpt><trkpt lat="47.60843750" lon="19.14667370"><ele>156.90</ele><time>2025-10-20T13:28:50.257Z</time></trkpt><trkpt lat="47.60843190" lon="19.14668290"><ele>156.89</ele><time>2025-10-20T13:28:50.460Z</time></trkpt><trkpt lat="47.60842670" lon="19.14669140"><ele>156.87</ele><time>2025-10-20T13:28:50.641Z</time></trkpt><trkpt lat="47.60842110" lon="19.14670130"><ele>156.85</ele><time>2025-10-20T13:28:50.843Z</time></trkpt><trkpt lat="47.60841520" lon="19.14671260"><ele>156.85</ele><time>2025-10-20T13:28:51.063Z</time></trkpt><trkpt lat="47.60841000" lon="19.14672290"><ele>156.85</ele><time>2025-10-20T13:28:51.265Z</time></trkpt><trkpt lat="47.60840480" lon="19.14673350"><ele>156.84</ele><time>2025-10-20T13:28:51.466Z</time></trkpt><trkpt lat="47.60839970" lon="19.14674450"><ele>156.81</ele><time>2025-10-20T13:28:51.667Z</time></trkpt><trkpt lat="47.60839490" lon="19.14675590"><ele>156.78</ele><time>2025-10-20T13:28:51.870Z</time></trkpt><trkpt lat="47.60839020" lon="19.14676770"><ele>156.75</ele><time>2025-10-20T13:28:52.071Z</time></trkpt><trkpt lat="47.60838570" lon="19.14677980"><ele>156.72</ele><time>2025-10-20T13:28:52.273Z</time></trkpt><trkpt lat="47.60838140" lon="19.14679240"><ele>156.70</ele><time>2025-10-20T13:28:52.478Z</time></trkpt><trkpt lat="47.60837750" lon="19.14680520"><ele>156.69</ele><time>2025-10-20T13:28:52.679Z</time></trkpt><trkpt lat="47.60837470" lon="19.14681550"><ele>156.67</ele><time>2025-10-20T13:28:52.841Z</time></trkpt><trkpt lat="47.60837100" lon="19.14683130"><ele>156.64</ele><time>2025-10-20T13:28:53.083Z</time></trkpt><trkpt lat="47.60836830" lon="19.14684480"><ele>156.61</ele><time>2025-10-20T13:28:53.287Z</time></trkpt><trkpt lat="47.60836590" lon="19.14685800"><ele>156.58</ele><time>2025-10-20T13:28:53.489Z</time></trkpt><trkpt lat="47.60836380" lon="19.14687130"><ele>156.55</ele><time>2025-10-20T13:28:53.693Z</time></trkpt><trkpt lat="47.60836190" lon="19.14688430"><ele>156.52</ele><time>2025-10-20T13:28:53.897Z</time></trkpt><trkpt lat="47.60836030" lon="19.14689730"><ele>156.49</ele><time>2025-10-20T13:28:54.099Z</time></trkpt><trkpt lat="47.60835900" lon="19.14691010"><ele>156.48</ele><time>2025-10-20T13:28:54.300Z</time></trkpt><trkpt lat="47.60835800" lon="19.14692250"><ele>156.47</ele><time>2025-10-20T13:28:54.502Z</time></trkpt><trkpt lat="47.60835730" lon="19.14693470"><ele>156.45</ele><time>2025-10-20T13:28:54.704Z</time></trkpt><trkpt lat="47.60835700" lon="19.14694440"><ele>156.44</ele><time>2025-10-20T13:28:54.866Z</time></trkpt><trkpt lat="47.60835680" lon="19.14695870"><ele>156.44</ele><time>2025-10-20T13:28:55.107Z</time></trkpt><trkpt lat="47.60835690" lon="19.14696970"><ele>156.43</ele><time>2025-10-20T13:28:55.292Z</time></trkpt><trkpt lat="47.60835720" lon="19.14698040"><ele>156.43</ele><time>2025-10-20T13:28:55.475Z</time></trkpt><trkpt lat="47.60835790" lon="19.14699340"><ele>156.45</ele><time>2025-10-20T13:28:55.698Z</time></trkpt><trkpt lat="47.60835860" lon="19.14700390"><ele>156.47</ele><time>2025-10-20T13:28:55.879Z</time></trkpt><trkpt lat="47.60835980" lon="19.14701680"><ele>156.49</ele><time>2025-10-20T13:28:56.102Z</time></trkpt><trkpt lat="47.60836100" lon="19.14702860"><ele>156.51</ele><time>2025-10-20T13:28:56.306Z</time></trkpt><trkpt lat="47.60836220" lon="19.14703930"><ele>156.52</ele><time>2025-10-20T13:28:56.487Z</time></trkpt><trkpt lat="47.60836370" lon="19.14705080"><ele>156.54</ele><time>2025-10-20T13:28:56.688Z</time></trkpt><trkpt lat="47.60836550" lon="19.14706360"><ele>156.55</ele><time>2025-10-20T13:28:56.908Z</time></trkpt><trkpt lat="47.60836710" lon="19.14707400"><ele>156.57</ele><time>2025-10-20T13:28:57.089Z</time></trkpt><trkpt lat="47.60836890" lon="19.14708440"><ele>156.59</ele><time>2025-10-20T13:28:57.270Z</time></trkpt><trkpt lat="47.60837140" lon="19.14709680"><ele>156.62</ele><time>2025-10-20T13:28:57.493Z</time></trkpt><trkpt lat="47.60837410" lon="19.14710890"><ele>156.66</ele><time>2025-10-20T13:28:57.716Z</time></trkpt><trkpt lat="47.60837650" lon="19.14711870"><ele>156.69</ele><time>2025-10-20T13:28:57.898Z</time></trkpt><trkpt lat="47.60837970" lon="19.14713060"><ele>156.72</ele><time>2025-10-20T13:28:58.121Z</time></trkpt><trkpt lat="47.60838290" lon="19.14714130"><ele>156.75</ele><time>2025-10-20T13:28:58.326Z</time></trkpt><trkpt lat="47.60838600" lon="19.14715060"><ele>156.76</ele><time>2025-10-20T13:28:58.506Z</time></trkpt><trkpt lat="47.60838990" lon="19.14716160"><ele>156.76</ele><time>2025-10-20T13:28:58.727Z</time></trkpt><trkpt lat="47.60839390" lon="19.14717170"><ele>156.76</ele><time>2025-10-20T13:28:58.927Z</time></trkpt><trkpt lat="47.60839760" lon="19.14718090"><ele>156.76</ele><time>2025-10-20T13:28:59.110Z</time></trkpt><trkpt lat="47.60840230" lon="19.14719150"><ele>156.76</ele><time>2025-10-20T13:28:59.323Z</time></trkpt><trkpt lat="47.60840690" lon="19.14720140"><ele>156.77</ele><time>2025-10-20T13:28:59.527Z</time></trkpt><trkpt lat="47.60841170" lon="19.14721100"><ele>156.77</ele><time>2025-10-20T13:28:59.727Z</time></trkpt><trkpt lat="47.60841670" lon="19.14722040"><ele>156.76</ele><time>2025-10-20T13:28:59.929Z</time></trkpt><trkpt lat="47.60842180" lon="19.14722960"><ele>156.77</ele><time>2025-10-20T13:29:00.129Z</time></trkpt><trkpt lat="47.60842750" lon="19.14723930"><ele>156.79</ele><time>2025-10-20T13:29:00.341Z</time></trkpt><trkpt lat="47.60843300" lon="19.14724800"><ele>156.79</ele><time>2025-10-20T13:29:00.542Z</time></trkpt><trkpt lat="47.60843860" lon="19.14725650"><ele>156.78</ele><time>2025-10-20T13:29:00.741Z</time></trkpt><trkpt lat="47.60844440" lon="19.14726470"><ele>156.78</ele><time>2025-10-20T13:29:00.942Z</time></trkpt><trkpt lat="47.60845040" lon="19.14727270"><ele>156.79</ele><time>2025-10-20T13:29:01.142Z</time></trkpt><trkpt lat="47.60845660" lon="19.14728070"><ele>156.79</ele><time>2025-10-20T13:29:01.343Z</time></trkpt><trkpt lat="47.60846290" lon="19.14728850"><ele>156.80</ele><time>2025-10-20T13:29:01.543Z</time></trkpt><trkpt lat="47.60846940" lon="19.14729590"><ele>156.82</ele><time>2025-10-20T13:29:01.743Z</time></trkpt><trkpt lat="47.60847600" lon="19.14730310"><ele>156.83</ele><time>2025-10-20T13:29:01.944Z</time></trkpt><trkpt lat="47.60848270" lon="19.14731000"><ele>156.84</ele><time>2025-10-20T13:29:02.144Z</time></trkpt><trkpt lat="47.60848960" lon="19.14731660"><ele>156.86</ele><time>2025-10-20T13:29:02.347Z</time></trkpt><trkpt lat="47.60849600" lon="19.14732230"><ele>156.88</ele><time>2025-10-20T13:29:02.527Z</time></trkpt><trkpt lat="47.60850370" lon="19.14732870"><ele>156.87</ele><time>2025-10-20T13:29:02.748Z</time></trkpt><trkpt lat="47.60851040" lon="19.14733360"><ele>156.87</ele><time>2025-10-20T13:29:02.928Z</time></trkpt><trkpt lat="47.60851800" lon="19.14733890"><ele>156.87</ele><time>2025-10-20T13:29:03.128Z</time></trkpt><trkpt lat="47.60852570" lon="19.14734380"><ele>156.88</ele><time>2025-10-20T13:29:03.332Z</time></trkpt><trkpt lat="47.60853350" lon="19.14734820"><ele>156.89</ele><time>2025-10-20T13:29:03.534Z</time></trkpt><trkpt lat="47.60854140" lon="19.14735230"><ele>156.88</ele><time>2025-10-20T13:29:03.735Z</time></trkpt><trkpt lat="47.60854950" lon="19.14735610"><ele>156.87</ele><time>2025-10-20T13:29:03.936Z</time></trkpt><trkpt lat="47.60855750" lon="19.14735950"><ele>156.88</ele><time>2025-10-20T13:29:04.136Z</time></trkpt><trkpt lat="47.60856550" lon="19.14736230"><ele>156.90</ele><time>2025-10-20T13:29:04.332Z</time></trkpt><trkpt lat="47.60857390" lon="19.14736490"><ele>156.91</ele><time>2025-10-20T13:29:04.533Z</time></trkpt><trkpt lat="47.60858230" lon="19.14736700"><ele>156.93</ele><time>2025-10-20T13:29:04.735Z</time></trkpt><trkpt lat="47.60859070" lon="19.14736880"><ele>156.93</ele><time>2025-10-20T13:29:04.937Z</time></trkpt><trkpt lat="47.60859910" lon="19.14737020"><ele>156.93</ele><time>2025-10-20T13:29:05.138Z</time></trkpt><trkpt lat="47.60860720" lon="19.14737110"><ele>156.93</ele><time>2025-10-20T13:29:05.327Z</time></trkpt><trkpt lat="47.60861630" lon="19.14737190"><ele>156.94</ele><time>2025-10-20T13:29:05.548Z</time></trkpt><trkpt lat="47.60862390" lon="19.14737220"><ele>156.93</ele><time>2025-10-20T13:29:05.728Z</time></trkpt><trkpt lat="47.60863230" lon="19.14737220"><ele>156.94</ele><time>2025-10-20T13:29:05.929Z</time></trkpt><trkpt lat="47.60864060" lon="19.14737170"><ele>156.95</ele><time>2025-10-20T13:29:06.130Z</time></trkpt><trkpt lat="47.60864750" lon="19.14737120"><ele>156.96</ele><time>2025-10-20T13:29:06.294Z</time></trkpt><trkpt lat="47.60865750" lon="19.14736990"><ele>156.97</ele><time>2025-10-20T13:29:06.538Z</time></trkpt><trkpt lat="47.60866580" lon="19.14736840"><ele>156.97</ele><time>2025-10-20T13:29:06.741Z</time></trkpt><trkpt lat="47.60867410" lon="19.14736640"><ele>156.98</ele><time>2025-10-20T13:29:06.945Z</time></trkpt><trkpt lat="47.60868240" lon="19.14736410"><ele>156.99</ele><time>2025-10-20T13:29:07.147Z</time></trkpt><trkpt lat="47.60868940" lon="19.14736190"><ele>156.99</ele><time>2025-10-20T13:29:07.317Z</time></trkpt><trkpt lat="47.60869820" lon="19.14735870"><ele>156.98</ele><time>2025-10-20T13:29:07.541Z</time></trkpt><trkpt lat="47.60870620" lon="19.14735540"><ele>156.98</ele><time>2025-10-20T13:29:07.742Z</time></trkpt><trkpt lat="47.60871410" lon="19.14735170"><ele>156.98</ele><time>2025-10-20T13:29:07.943Z</time></trkpt><trkpt lat="47.60872140" lon="19.14734830"><ele>156.98</ele><time>2025-10-20T13:29:08.126Z</time></trkpt><trkpt lat="47.60872950" lon="19.14734410"><ele>156.99</ele><time>2025-10-20T13:29:08.334Z</time></trkpt><trkpt lat="47.60873730" lon="19.14733980"><ele>157.00</ele><time>2025-10-20T13:29:08.537Z</time></trkpt><trkpt lat="47.60874490" lon="19.14733530"><ele>157.01</ele><time>2025-10-20T13:29:08.738Z</time></trkpt><trkpt lat="47.60875240" lon="19.14733040"><ele>157.01</ele><time>2025-10-20T13:29:08.940Z</time></trkpt><trkpt lat="47.60875960" lon="19.14732540"><ele>157.01</ele><time>2025-10-20T13:29:09.141Z</time></trkpt><trkpt lat="47.60876670" lon="19.14732000"><ele>157.01</ele><time>2025-10-20T13:29:09.344Z</time></trkpt><trkpt lat="47.60877220" lon="19.14731560"><ele>157.01</ele><time>2025-10-20T13:29:09.504Z</time></trkpt><trkpt lat="47.60877970" lon="19.14730920"><ele>157.02</ele><time>2025-10-20T13:29:09.725Z</time></trkpt><trkpt lat="47.60878700" lon="19.14730230"><ele>157.03</ele><time>2025-10-20T13:29:09.948Z</time></trkpt><trkpt lat="47.60879350" lon="19.14729580"><ele>157.04</ele><time>2025-10-20T13:29:10.149Z</time></trkpt><trkpt lat="47.60879990" lon="19.14728890"><ele>157.04</ele><time>2025-10-20T13:29:10.352Z</time></trkpt><trkpt lat="47.60880620" lon="19.14728150"><ele>157.03</ele><time>2025-10-20T13:29:10.554Z</time></trkpt><trkpt lat="47.60881220" lon="19.14727390"><ele>157.02</ele><time>2025-10-20T13:29:10.755Z</time></trkpt><trkpt lat="47.60881800" lon="19.14726580"><ele>157.03</ele><time>2025-10-20T13:29:10.955Z</time></trkpt><trkpt lat="47.60882260" lon="19.14725910"><ele>157.02</ele><time>2025-10-20T13:29:11.116Z</time></trkpt><trkpt lat="47.60882880" lon="19.14724930"><ele>157.02</ele><time>2025-10-20T13:29:11.348Z</time></trkpt><trkpt lat="47.60883410" lon="19.14724020"><ele>157.01</ele><time>2025-10-20T13:29:11.551Z</time></trkpt><trkpt lat="47.60883900" lon="19.14723100"><ele>157.00</ele><time>2025-10-20T13:29:11.750Z</time></trkpt><trkpt lat="47.60884380" lon="19.14722140"><ele>157.00</ele><time>2025-10-20T13:29:11.951Z</time></trkpt><trkpt lat="47.60884840" lon="19.14721170"><ele>156.99</ele><time>2025-10-20T13:29:12.152Z</time></trkpt><trkpt lat="47.60885250" lon="19.14720270"><ele>156.98</ele><time>2025-10-20T13:29:12.335Z</time></trkpt><trkpt lat="47.60885700" lon="19.14719260"><ele>156.96</ele><time>2025-10-20T13:29:12.538Z</time></trkpt><trkpt lat="47.60886180" lon="19.14718150"><ele>156.95</ele><time>2025-10-20T13:29:12.759Z</time></trkpt><trkpt lat="47.60886560" lon="19.14717240"><ele>156.94</ele><time>2025-10-20T13:29:12.939Z</time></trkpt><trkpt lat="47.60886980" lon="19.14716190"><ele>156.93</ele><time>2025-10-20T13:29:13.141Z</time></trkpt><trkpt lat="47.60887400" lon="19.14715130"><ele>156.91</ele><time>2025-10-20T13:29:13.342Z</time></trkpt><trkpt lat="47.60887750" lon="19.14714160"><ele>156.90</ele><time>2025-10-20T13:29:13.524Z</time></trkpt><trkpt lat="47.60888160" lon="19.14712930"><ele>156.88</ele><time>2025-10-20T13:29:13.744Z</time></trkpt><trkpt lat="47.60888500" lon="19.14711780"><ele>156.87</ele><time>2025-10-20T13:29:13.944Z</time></trkpt><trkpt lat="47.60888830" lon="19.14710580"><ele>156.86</ele><time>2025-10-20T13:29:14.145Z</time></trkpt><trkpt lat="47.60889120" lon="19.14709450"><ele>156.87</ele><time>2025-10-20T13:29:14.335Z</time></trkpt><trkpt lat="47.60889400" lon="19.14708240"><ele>156.87</ele><time>2025-10-20T13:29:14.535Z</time></trkpt><trkpt lat="47.60889660" lon="19.14707000"><ele>156.89</ele><time>2025-10-20T13:29:14.737Z</time></trkpt><trkpt lat="47.60889900" lon="19.14705780"><ele>156.92</ele><time>2025-10-20T13:29:14.941Z</time></trkpt><trkpt lat="47.60890100" lon="19.14704680"><ele>156.94</ele><time>2025-10-20T13:29:15.121Z</time></trkpt><trkpt lat="47.60890320" lon="19.14703290"><ele>156.95</ele><time>2025-10-20T13:29:15.352Z</time></trkpt><trkpt lat="47.60890480" lon="19.14702100"><ele>156.97</ele><time>2025-10-20T13:29:15.553Z</time></trkpt><trkpt lat="47.60890600" lon="19.14700910"><ele>156.98</ele><time>2025-10-20T13:29:15.755Z</time></trkpt><trkpt lat="47.60890690" lon="19.14699720"><ele>156.99</ele><time>2025-10-20T13:29:15.955Z</time></trkpt><trkpt lat="47.60890760" lon="19.14698530"><ele>157.00</ele><time>2025-10-20T13:29:16.157Z</time></trkpt><trkpt lat="47.60890800" lon="19.14697660"><ele>157.01</ele><time>2025-10-20T13:29:16.306Z</time></trkpt><trkpt lat="47.60890830" lon="19.14696390"><ele>157.02</ele><time>2025-10-20T13:29:16.528Z</time></trkpt><trkpt lat="47.60890830" lon="19.14695240"><ele>157.04</ele><time>2025-10-20T13:29:16.728Z</time></trkpt><trkpt lat="47.60890810" lon="19.14694100"><ele>157.05</ele><time>2025-10-20T13:29:16.928Z</time></trkpt><trkpt lat="47.60890760" lon="19.14692950"><ele>157.05</ele><time>2025-10-20T13:29:17.129Z</time></trkpt><trkpt lat="47.60890700" lon="19.14691810"><ele>157.06</ele><time>2025-10-20T13:29:17.330Z</time></trkpt><trkpt lat="47.60890630" lon="19.14690670"><ele>157.06</ele><time>2025-10-20T13:29:17.531Z</time></trkpt><trkpt lat="47.60890530" lon="19.14689520"><ele>157.06</ele><time>2025-10-20T13:29:17.732Z</time></trkpt><trkpt lat="47.60890390" lon="19.14688270"><ele>157.06</ele><time>2025-10-20T13:29:17.952Z</time></trkpt><trkpt lat="47.60890270" lon="19.14687370"><ele>157.06</ele><time>2025-10-20T13:29:18.112Z</time></trkpt><trkpt lat="47.60890050" lon="19.14685960"><ele>157.07</ele><time>2025-10-20T13:29:18.360Z</time></trkpt><trkpt lat="47.60889840" lon="19.14684820"><ele>157.07</ele><time>2025-10-20T13:29:18.563Z</time></trkpt><trkpt lat="47.60889630" lon="19.14683780"><ele>157.07</ele><time>2025-10-20T13:29:18.747Z</time></trkpt><trkpt lat="47.60889350" lon="19.14682540"><ele>157.07</ele><time>2025-10-20T13:29:18.969Z</time></trkpt><trkpt lat="47.60889080" lon="19.14681520"><ele>157.07</ele><time>2025-10-20T13:29:19.151Z</time></trkpt><trkpt lat="47.60888750" lon="19.14680360"><ele>157.07</ele><time>2025-10-20T13:29:19.362Z</time></trkpt><trkpt lat="47.60888410" lon="19.14679280"><ele>157.07</ele><time>2025-10-20T13:29:19.562Z</time></trkpt><trkpt lat="47.60888040" lon="19.14678200"><ele>157.08</ele><time>2025-10-20T13:29:19.765Z</time></trkpt><trkpt lat="47.60887640" lon="19.14677130"><ele>157.08</ele><time>2025-10-20T13:29:19.968Z</time></trkpt><trkpt lat="47.60887270" lon="19.14676210"><ele>157.08</ele><time>2025-10-20T13:29:20.149Z</time></trkpt><trkpt lat="47.60886790" lon="19.14675120"><ele>157.07</ele><time>2025-10-20T13:29:20.370Z</time></trkpt><trkpt lat="47.60886340" lon="19.14674160"><ele>157.05</ele><time>2025-10-20T13:29:20.571Z</time></trkpt><trkpt lat="47.60885930" lon="19.14673310"><ele>157.04</ele><time>2025-10-20T13:29:20.753Z</time></trkpt><trkpt lat="47.60885400" lon="19.14672280"><ele>157.03</ele><time>2025-10-20T13:29:20.972Z</time></trkpt><trkpt lat="47.60884890" lon="19.14671360"><ele>157.02</ele><time>2025-10-20T13:29:21.174Z</time></trkpt><trkpt lat="47.60884350" lon="19.14670450"><ele>157.01</ele><time>2025-10-20T13:29:21.378Z</time></trkpt><trkpt lat="47.60883800" lon="19.14669560"><ele>156.99</ele><time>2025-10-20T13:29:21.582Z</time></trkpt><trkpt lat="47.60883220" lon="19.14668690"><ele>156.99</ele><time>2025-10-20T13:29:21.783Z</time></trkpt><trkpt lat="47.60882680" lon="19.14667910"><ele>156.98</ele><time>2025-10-20T13:29:21.968Z</time></trkpt><trkpt lat="47.60882070" lon="19.14667080"><ele>156.96</ele><time>2025-10-20T13:29:22.169Z</time></trkpt><trkpt lat="47.60881370" lon="19.14666190"><ele>156.94</ele><time>2025-10-20T13:29:22.391Z</time></trkpt><trkpt lat="47.60880780" lon="19.14665490"><ele>156.94</ele><time>2025-10-20T13:29:22.572Z</time></trkpt><trkpt lat="47.60880060" lon="19.14664660"><ele>156.94</ele><time>2025-10-20T13:29:22.792Z</time></trkpt><trkpt lat="47.60879370" lon="19.14663900"><ele>156.93</ele><time>2025-10-20T13:29:22.993Z</time></trkpt><trkpt lat="47.60878810" lon="19.14663310"><ele>156.93</ele><time>2025-10-20T13:29:23.153Z</time></trkpt><trkpt lat="47.60877930" lon="19.14662450"><ele>156.93</ele><time>2025-10-20T13:29:23.397Z</time></trkpt><trkpt lat="47.60877200" lon="19.14661770"><ele>156.92</ele><time>2025-10-20T13:29:23.599Z</time></trkpt><trkpt lat="47.60876460" lon="19.14661140"><ele>156.92</ele><time>2025-10-20T13:29:23.799Z</time></trkpt><trkpt lat="47.60875720" lon="19.14660530"><ele>156.93</ele><time>2025-10-20T13:29:23.999Z</time></trkpt><trkpt lat="47.60874940" lon="19.14659930"><ele>156.93</ele><time>2025-10-20T13:29:24.203Z</time></trkpt><trkpt lat="47.60874230" lon="19.14659410"><ele>156.93</ele><time>2025-10-20T13:29:24.392Z</time></trkpt><trkpt lat="47.60873580" lon="19.14658970"><ele>156.95</ele><time>2025-10-20T13:29:24.575Z</time></trkpt><trkpt lat="47.60872900" lon="19.14658520"><ele>156.96</ele><time>2025-10-20T13:29:24.795Z</time></trkpt><trkpt lat="47.60872440" lon="19.14658240"><ele>156.94</ele><time>2025-10-20T13:29:24.996Z</time></trkpt><trkpt lat="47.60872130" lon="19.14658060"><ele>156.94</ele><time>2025-10-20T13:29:25.198Z</time></trkpt><trkpt lat="47.60871920" lon="19.14657960"><ele>156.94</ele><time>2025-10-20T13:29:25.400Z</time></trkpt><trkpt lat="47.60871800" lon="19.14657930"><ele>156.93</ele><time>2025-10-20T13:29:25.600Z</time></trkpt><trkpt lat="47.60871730" lon="19.14657960"><ele>156.94</ele><time>2025-10-20T13:29:25.801Z</time></trkpt><trkpt lat="47.60871710" lon="19.14658030"><ele>156.96</ele><time>2025-10-20T13:29:26.001Z</time></trkpt><trkpt lat="47.60871740" lon="19.14658150"><ele>156.97</ele><time>2025-10-20T13:29:26.203Z</time></trkpt><trkpt lat="47.60871790" lon="19.14658290"><ele>156.98</ele><time>2025-10-20T13:29:26.394Z</time></trkpt><trkpt lat="47.60871890" lon="19.14658420"><ele>157.00</ele><time>2025-10-20T13:29:26.597Z</time></trkpt><trkpt lat="47.60872030" lon="19.14658460"><ele>157.02</ele><time>2025-10-20T13:29:26.778Z</time></trkpt><trkpt lat="47.60872250" lon="19.14658390"><ele>157.03</ele><time>2025-10-20T13:29:26.999Z</time></trkpt><trkpt lat="47.60872530" lon="19.14658150"><ele>157.02</ele><time>2025-10-20T13:29:27.201Z</time></trkpt><trkpt lat="47.60872890" lon="19.14657730"><ele>157.02</ele><time>2025-10-20T13:29:27.407Z</time></trkpt><trkpt lat="47.60873290" lon="19.14657150"><ele>157.03</ele><time>2025-10-20T13:29:27.609Z</time></trkpt><trkpt lat="47.60873730" lon="19.14656420"><ele>157.03</ele><time>2025-10-20T13:29:27.810Z</time></trkpt><trkpt lat="47.60874180" lon="19.14655640"><ele>157.01</ele><time>2025-10-20T13:29:27.993Z</time></trkpt><trkpt lat="47.60874700" lon="19.14654680"><ele>157.01</ele><time>2025-10-20T13:29:28.194Z</time></trkpt><trkpt lat="47.60875270" lon="19.14653590"><ele>157.00</ele><time>2025-10-20T13:29:28.403Z</time></trkpt><trkpt lat="47.60875820" lon="19.14652470"><ele>156.98</ele><time>2025-10-20T13:29:28.605Z</time></trkpt><trkpt lat="47.60876380" lon="19.14651300"><ele>156.98</ele><time>2025-10-20T13:29:28.807Z</time></trkpt><trkpt lat="47.60876940" lon="19.14650070"><ele>156.97</ele><time>2025-10-20T13:29:29.009Z</time></trkpt><trkpt lat="47.60877340" lon="19.14649190"><ele>156.96</ele><time>2025-10-20T13:29:29.151Z</time></trkpt><trkpt lat="47.60878000" lon="19.14647640"><ele>156.94</ele><time>2025-10-20T13:29:29.396Z</time></trkpt><trkpt lat="47.60878530" lon="19.14646370"><ele>156.93</ele><time>2025-10-20T13:29:29.596Z</time></trkpt><trkpt lat="47.60878990" lon="19.14645180"><ele>156.93</ele><time>2025-10-20T13:29:29.780Z</time></trkpt><trkpt lat="47.60879540" lon="19.14643730"><ele>156.92</ele><time>2025-10-20T13:29:30.003Z</time></trkpt><trkpt lat="47.60879960" lon="19.14642560"><ele>156.92</ele><time>2025-10-20T13:29:30.185Z</time></trkpt><trkpt lat="47.60880430" lon="19.14641220"><ele>156.92</ele><time>2025-10-20T13:29:30.389Z</time></trkpt><trkpt lat="47.60880870" lon="19.14639880"><ele>156.91</ele><time>2025-10-20T13:29:30.591Z</time></trkpt><trkpt lat="47.60881330" lon="19.14638420"><ele>156.90</ele><time>2025-10-20T13:29:30.813Z</time></trkpt><trkpt lat="47.60881730" lon="19.14637100"><ele>156.90</ele><time>2025-10-20T13:29:31.014Z</time></trkpt><trkpt lat="47.60882070" lon="19.14635930"><ele>156.88</ele><time>2025-10-20T13:29:31.195Z</time></trkpt><trkpt lat="47.60882410" lon="19.14634770"><ele>156.87</ele><time>2025-10-20T13:29:31.377Z</time></trkpt><trkpt lat="47.60882830" lon="19.14633290"><ele>156.86</ele><time>2025-10-20T13:29:31.618Z</time></trkpt><trkpt lat="47.60883200" lon="19.14631970"><ele>156.84</ele><time>2025-10-20T13:29:31.839Z</time></trkpt><trkpt lat="47.60883540" lon="19.14630750"><ele>156.84</ele><time>2025-10-20T13:29:32.040Z</time></trkpt><trkpt lat="47.60883820" lon="19.14629670"><ele>156.84</ele><time>2025-10-20T13:29:32.223Z</time></trkpt><trkpt lat="47.60884150" lon="19.14628430"><ele>156.84</ele><time>2025-10-20T13:29:32.432Z</time></trkpt><trkpt lat="47.60884440" lon="19.14627360"><ele>156.83</ele><time>2025-10-20T13:29:32.616Z</time></trkpt><trkpt lat="47.60884770" lon="19.14626080"><ele>156.82</ele><time>2025-10-20T13:29:32.837Z</time></trkpt><trkpt lat="47.60885040" lon="19.14625040"><ele>156.82</ele><time>2025-10-20T13:29:33.021Z</time></trkpt><trkpt lat="47.60885340" lon="19.14623930"><ele>156.82</ele><time>2025-10-20T13:29:33.224Z</time></trkpt><trkpt lat="47.60885620" lon="19.14622890"><ele>156.82</ele><time>2025-10-20T13:29:33.425Z</time></trkpt><trkpt lat="47.60885860" lon="19.14621980"><ele>156.81</ele><time>2025-10-20T13:29:33.625Z</time></trkpt><trkpt lat="47.60886040" lon="19.14621230"><ele>156.81</ele><time>2025-10-20T13:29:33.826Z</time></trkpt><trkpt lat="47.60886180" lon="19.14620660"><ele>156.81</ele><time>2025-10-20T13:29:34.028Z</time></trkpt><trkpt lat="47.60886260" lon="19.14620270"><ele>156.82</ele><time>2025-10-20T13:29:34.235Z</time></trkpt><trkpt lat="47.60886290" lon="19.14620040"><ele>156.83</ele><time>2025-10-20T13:29:34.437Z</time></trkpt><trkpt lat="47.60886270" lon="19.14619930"><ele>156.84</ele><time>2025-10-20T13:29:34.638Z</time></trkpt><trkpt lat="47.60886220" lon="19.14619920"><ele>156.85</ele><time>2025-10-20T13:29:34.840Z</time></trkpt><trkpt lat="47.60886140" lon="19.14619990"><ele>156.87</ele><time>2025-10-20T13:29:35.039Z</time></trkpt><trkpt lat="47.60886050" lon="19.14620120"><ele>156.88</ele><time>2025-10-20T13:29:35.234Z</time></trkpt><trkpt lat="47.60885940" lon="19.14620290"><ele>156.90</ele><time>2025-10-20T13:29:35.437Z</time></trkpt><trkpt lat="47.60885820" lon="19.14620500"><ele>156.91</ele><time>2025-10-20T13:29:35.637Z</time></trkpt><trkpt lat="47.60885680" lon="19.14620740"><ele>156.94</ele><time>2025-10-20T13:29:35.837Z</time></trkpt><trkpt lat="47.60885480" lon="19.14620960"><ele>156.96</ele><time>2025-10-20T13:29:36.038Z</time></trkpt><trkpt lat="47.60885180" lon="19.14621120"><ele>156.95</ele><time>2025-10-20T13:29:36.239Z</time></trkpt><trkpt lat="47.60884720" lon="19.14621210"><ele>156.96</ele><time>2025-10-20T13:29:36.443Z</time></trkpt><trkpt lat="47.60884180" lon="19.14621200"><ele>156.97</ele><time>2025-10-20T13:29:36.625Z</time></trkpt><trkpt lat="47.60883450" lon="19.14621100"><ele>156.99</ele><time>2025-10-20T13:29:36.826Z</time></trkpt><trkpt lat="47.60882620" lon="19.14620950"><ele>156.99</ele><time>2025-10-20T13:29:37.029Z</time></trkpt><trkpt lat="47.60881700" lon="19.14620730"><ele>157.01</ele><time>2025-10-20T13:29:37.236Z</time></trkpt><trkpt lat="47.60880840" lon="19.14620500"><ele>157.01</ele><time>2025-10-20T13:29:37.418Z</time></trkpt><trkpt lat="47.60879770" lon="19.14620200"><ele>157.00</ele><time>2025-10-20T13:29:37.638Z</time></trkpt><trkpt lat="47.60878860" lon="19.14619910"><ele>157.00</ele><time>2025-10-20T13:29:37.818Z</time></trkpt><trkpt lat="47.60877720" lon="19.14619550"><ele>156.99</ele><time>2025-10-20T13:29:38.039Z</time></trkpt><trkpt lat="47.60876690" lon="19.14619210"><ele>156.99</ele><time>2025-10-20T13:29:38.239Z</time></trkpt><trkpt lat="47.60875630" lon="19.14618880"><ele>157.01</ele><time>2025-10-20T13:29:38.441Z</time></trkpt><trkpt lat="47.60874610" lon="19.14618560"><ele>157.01</ele><time>2025-10-20T13:29:38.643Z</time></trkpt><trkpt lat="47.60873680" lon="19.14618270"><ele>157.01</ele><time>2025-10-20T13:29:38.824Z</time></trkpt><trkpt lat="47.60872550" lon="19.14617940"><ele>157.01</ele><time>2025-10-20T13:29:39.044Z</time></trkpt><trkpt lat="47.60871650" lon="19.14617690"><ele>157.00</ele><time>2025-10-20T13:29:39.224Z</time></trkpt><trkpt lat="47.60870600" lon="19.14617410"><ele>156.99</ele><time>2025-10-20T13:29:39.430Z</time></trkpt><trkpt lat="47.60869610" lon="19.14617160"><ele>156.99</ele><time>2025-10-20T13:29:39.631Z</time></trkpt><trkpt lat="47.60868630" lon="19.14616920"><ele>156.98</ele><time>2025-10-20T13:29:39.832Z</time></trkpt><trkpt lat="47.60867660" lon="19.14616720"><ele>156.97</ele><time>2025-10-20T13:29:40.033Z</time></trkpt><trkpt lat="47.60866730" lon="19.14616550"><ele>156.97</ele><time>2025-10-20T13:29:40.235Z</time></trkpt><trkpt lat="47.60865890" lon="19.14616420"><ele>156.95</ele><time>2025-10-20T13:29:40.417Z</time></trkpt><trkpt lat="47.60864970" lon="19.14616290"><ele>156.94</ele><time>2025-10-20T13:29:40.618Z</time></trkpt><trkpt lat="47.60863960" lon="19.14616170"><ele>156.94</ele><time>2025-10-20T13:29:40.837Z</time></trkpt><trkpt lat="47.60863050" lon="19.14616100"><ele>156.94</ele><time>2025-10-20T13:29:41.040Z</time></trkpt><trkpt lat="47.60862150" lon="19.14616060"><ele>156.94</ele><time>2025-10-20T13:29:41.242Z</time></trkpt><trkpt lat="47.60861250" lon="19.14616040"><ele>156.94</ele><time>2025-10-20T13:29:41.445Z</time></trkpt><trkpt lat="47.60860380" lon="19.14616040"><ele>156.94</ele><time>2025-10-20T13:29:41.646Z</time></trkpt><trkpt lat="47.60859850" lon="19.14616050"><ele>156.93</ele><time>2025-10-20T13:29:41.769Z</time></trkpt><trkpt lat="47.60858700" lon="19.14616100"><ele>156.93</ele><time>2025-10-20T13:29:42.033Z</time></trkpt><trkpt lat="47.60857820" lon="19.14616170"><ele>156.93</ele><time>2025-10-20T13:29:42.235Z</time></trkpt><trkpt lat="47.60857140" lon="19.14616240"><ele>156.93</ele><time>2025-10-20T13:29:42.397Z</time></trkpt><trkpt lat="47.60856200" lon="19.14616360"><ele>156.92</ele><time>2025-10-20T13:29:42.619Z</time></trkpt><trkpt lat="47.60855360" lon="19.14616500"><ele>156.92</ele><time>2025-10-20T13:29:42.818Z</time></trkpt><trkpt lat="47.60854530" lon="19.14616670"><ele>156.93</ele><time>2025-10-20T13:29:43.018Z</time></trkpt><trkpt lat="47.60853700" lon="19.14616880"><ele>156.95</ele><time>2025-10-20T13:29:43.222Z</time></trkpt><trkpt lat="47.60852810" lon="19.14617140"><ele>156.98</ele><time>2025-10-20T13:29:43.445Z</time></trkpt><trkpt lat="47.60852010" lon="19.14617410"><ele>156.98</ele><time>2025-10-20T13:29:43.647Z</time></trkpt><trkpt lat="47.60851290" lon="19.14617670"><ele>156.98</ele><time>2025-10-20T13:29:43.833Z</time></trkpt><trkpt lat="47.60850490" lon="19.14617970"><ele>157.00</ele><time>2025-10-20T13:29:44.040Z</time></trkpt><trkpt lat="47.60849730" lon="19.14618260"><ele>156.98</ele><time>2025-10-20T13:29:44.241Z</time></trkpt><trkpt lat="47.60848970" lon="19.14618580"><ele>156.99</ele><time>2025-10-20T13:29:44.445Z</time></trkpt><trkpt lat="47.60848240" lon="19.14618900"><ele>157.01</ele><time>2025-10-20T13:29:44.646Z</time></trkpt><trkpt lat="47.60847510" lon="19.14619260"><ele>157.03</ele><time>2025-10-20T13:29:44.855Z</time></trkpt><trkpt lat="47.60846840" lon="19.14619600"><ele>157.05</ele><time>2025-10-20T13:29:45.049Z</time></trkpt><trkpt lat="47.60846200" lon="19.14619950"><ele>157.08</ele><time>2025-10-20T13:29:45.235Z</time></trkpt><trkpt lat="47.60845490" lon="19.14620340"><ele>157.10</ele><time>2025-10-20T13:29:45.438Z</time></trkpt><trkpt lat="47.60844800" lon="19.14620740"><ele>157.12</ele><time>2025-10-20T13:29:45.639Z</time></trkpt><trkpt lat="47.60844040" lon="19.14621190"><ele>157.14</ele><time>2025-10-20T13:29:45.858Z</time></trkpt><trkpt lat="47.60843430" lon="19.14621560"><ele>157.14</ele><time>2025-10-20T13:29:46.038Z</time></trkpt><trkpt lat="47.60842750" lon="19.14621990"><ele>157.16</ele><time>2025-10-20T13:29:46.240Z</time></trkpt><trkpt lat="47.60842010" lon="19.14622480"><ele>157.18</ele><time>2025-10-20T13:29:46.454Z</time></trkpt><trkpt lat="47.60841330" lon="19.14622940"><ele>157.19</ele><time>2025-10-20T13:29:46.655Z</time></trkpt><trkpt lat="47.60840640" lon="19.14623430"><ele>157.19</ele><time>2025-10-20T13:29:46.855Z</time></trkpt><trkpt lat="47.60839950" lon="19.14623940"><ele>157.20</ele><time>2025-10-20T13:29:47.056Z</time></trkpt><trkpt lat="47.60839260" lon="19.14624440"><ele>157.20</ele><time>2025-10-20T13:29:47.259Z</time></trkpt><trkpt lat="47.60838580" lon="19.14624940"><ele>157.19</ele><time>2025-10-20T13:29:47.459Z</time></trkpt><trkpt lat="47.60837900" lon="19.14625460"><ele>157.19</ele><time>2025-10-20T13:29:47.662Z</time></trkpt><trkpt lat="47.60837290" lon="19.14625950"><ele>157.19</ele><time>2025-10-20T13:29:47.843Z</time></trkpt><trkpt lat="47.60836610" lon="19.14626500"><ele>157.17</ele><time>2025-10-20T13:29:48.047Z</time></trkpt><trkpt lat="47.60835930" lon="19.14627070"><ele>157.17</ele><time>2025-10-20T13:29:48.250Z</time></trkpt><trkpt lat="47.60835260" lon="19.14627650"><ele>157.17</ele><time>2025-10-20T13:29:48.457Z</time></trkpt><trkpt lat="47.60834650" lon="19.14628190"><ele>157.18</ele><time>2025-10-20T13:29:48.638Z</time></trkpt><trkpt lat="47.60833920" lon="19.14628880"><ele>157.17</ele><time>2025-10-20T13:29:48.859Z</time></trkpt><trkpt lat="47.60833240" lon="19.14629540"><ele>157.17</ele><time>2025-10-20T13:29:49.061Z</time></trkpt><trkpt lat="47.60832640" lon="19.14630150"><ele>157.17</ele><time>2025-10-20T13:29:49.243Z</time></trkpt><trkpt lat="47.60832000" lon="19.14630830"><ele>157.16</ele><time>2025-10-20T13:29:49.444Z</time></trkpt><trkpt lat="47.60831280" lon="19.14631630"><ele>157.15</ele><time>2025-10-20T13:29:49.667Z</time></trkpt><trkpt lat="47.60830630" lon="19.14632370"><ele>157.15</ele><time>2025-10-20T13:29:49.868Z</time></trkpt><trkpt lat="47.60829970" lon="19.14633120"><ele>157.17</ele><time>2025-10-20T13:29:50.069Z</time></trkpt><trkpt lat="47.60829320" lon="19.14633900"><ele>157.18</ele><time>2025-10-20T13:29:50.271Z</time></trkpt><trkpt lat="47.60828680" lon="19.14634680"><ele>157.17</ele><time>2025-10-20T13:29:50.473Z</time></trkpt><trkpt lat="47.60828060" lon="19.14635470"><ele>157.16</ele><time>2025-10-20T13:29:50.673Z</time></trkpt><trkpt lat="47.60827430" lon="19.14636280"><ele>157.15</ele><time>2025-10-20T13:29:50.873Z</time></trkpt><trkpt lat="47.60826740" lon="19.14637200"><ele>157.13</ele><time>2025-10-20T13:29:51.094Z</time></trkpt><trkpt lat="47.60826180" lon="19.14637980"><ele>157.11</ele><time>2025-10-20T13:29:51.278Z</time></trkpt><trkpt lat="47.60825610" lon="19.14638800"><ele>157.09</ele><time>2025-10-20T13:29:51.469Z</time></trkpt><trkpt lat="47.60825000" lon="19.14639710"><ele>157.08</ele><time>2025-10-20T13:29:51.671Z</time></trkpt><trkpt lat="47.60824400" lon="19.14640650"><ele>157.07</ele><time>2025-10-20T13:29:51.873Z</time></trkpt><trkpt lat="47.60823810" lon="19.14641610"><ele>157.06</ele><time>2025-10-20T13:29:52.077Z</time></trkpt><trkpt lat="47.60823240" lon="19.14642580"><ele>157.06</ele><time>2025-10-20T13:29:52.276Z</time></trkpt><trkpt lat="47.60822680" lon="19.14643540"><ele>157.04</ele><time>2025-10-20T13:29:52.478Z</time></trkpt><trkpt lat="47.60822120" lon="19.14644520"><ele>157.02</ele><time>2025-10-20T13:29:52.679Z</time></trkpt><trkpt lat="47.60821560" lon="19.14645500"><ele>157.01</ele><time>2025-10-20T13:29:52.879Z</time></trkpt><trkpt lat="47.60820990" lon="19.14646500"><ele>156.99</ele><time>2025-10-20T13:29:53.084Z</time></trkpt><trkpt lat="47.60820450" lon="19.14647460"><ele>156.99</ele><time>2025-10-20T13:29:53.285Z</time></trkpt><trkpt lat="47.60819900" lon="19.14648480"><ele>156.98</ele><time>2025-10-20T13:29:53.489Z</time></trkpt><trkpt lat="47.60819490" lon="19.14649280"><ele>156.97</ele><time>2025-10-20T13:29:53.650Z</time></trkpt><trkpt lat="47.60818890" lon="19.14650470"><ele>156.95</ele><time>2025-10-20T13:29:53.889Z</time></trkpt><trkpt lat="47.60818400" lon="19.14651470"><ele>156.95</ele><time>2025-10-20T13:29:54.093Z</time></trkpt><trkpt lat="47.60817990" lon="19.14652350"><ele>156.95</ele><time>2025-10-20T13:29:54.265Z</time></trkpt><trkpt lat="47.60817480" lon="19.14653470"><ele>156.94</ele><time>2025-10-20T13:29:54.486Z</time></trkpt><trkpt lat="47.60817020" lon="19.14654490"><ele>156.92</ele><time>2025-10-20T13:29:54.688Z</time></trkpt><trkpt lat="47.60816630" lon="19.14655410"><ele>156.90</ele><time>2025-10-20T13:29:54.869Z</time></trkpt><trkpt lat="47.60816250" lon="19.14656320"><ele>156.87</ele><time>2025-10-20T13:29:55.050Z</time></trkpt><trkpt lat="47.60815790" lon="19.14657510"><ele>156.85</ele><time>2025-10-20T13:29:55.279Z</time></trkpt><trkpt lat="47.60815380" lon="19.14658630"><ele>156.84</ele><time>2025-10-20T13:29:55.491Z</time></trkpt><trkpt lat="47.60814990" lon="19.14659700"><ele>156.85</ele><time>2025-10-20T13:29:55.693Z</time></trkpt><trkpt lat="47.60814570" lon="19.14660880"><ele>156.84</ele><time>2025-10-20T13:29:55.918Z</time></trkpt><trkpt lat="47.60814200" lon="19.14661970"><ele>156.84</ele><time>2025-10-20T13:29:56.120Z</time></trkpt><trkpt lat="47.60813870" lon="19.14662990"><ele>156.83</ele><time>2025-10-20T13:29:56.310Z</time></trkpt><trkpt lat="47.60813570" lon="19.14663950"><ele>156.82</ele><time>2025-10-20T13:29:56.491Z</time></trkpt><trkpt lat="47.60813210" lon="19.14665130"><ele>156.80</ele><time>2025-10-20T13:29:56.712Z</time></trkpt><trkpt lat="47.60812910" lon="19.14666220"><ele>156.80</ele><time>2025-10-20T13:29:56.915Z</time></trkpt><trkpt lat="47.60812620" lon="19.14667310"><ele>156.80</ele><time>2025-10-20T13:29:57.117Z</time></trkpt><trkpt lat="47.60812360" lon="19.14668370"><ele>156.81</ele><time>2025-10-20T13:29:57.312Z</time></trkpt><trkpt lat="47.60812100" lon="19.14669480"><ele>156.80</ele><time>2025-10-20T13:29:57.514Z</time></trkpt><trkpt lat="47.60811870" lon="19.14670480"><ele>156.79</ele><time>2025-10-20T13:29:57.695Z</time></trkpt><trkpt lat="47.60811610" lon="19.14671710"><ele>156.78</ele><time>2025-10-20T13:29:57.917Z</time></trkpt><trkpt lat="47.60811380" lon="19.14672820"><ele>156.77</ele><time>2025-10-20T13:29:58.119Z</time></trkpt><trkpt lat="47.60811170" lon="19.14673840"><ele>156.76</ele><time>2025-10-20T13:29:58.306Z</time></trkpt><trkpt lat="47.60810960" lon="19.14674930"><ele>156.76</ele><time>2025-10-20T13:29:58.507Z</time></trkpt><trkpt lat="47.60810760" lon="19.14676010"><ele>156.75</ele><time>2025-10-20T13:29:58.708Z</time></trkpt><trkpt lat="47.60810580" lon="19.14677090"><ele>156.75</ele><time>2025-10-20T13:29:58.910Z</time></trkpt><trkpt lat="47.60810400" lon="19.14678160"><ele>156.74</ele><time>2025-10-20T13:29:59.110Z</time></trkpt><trkpt lat="47.60810240" lon="19.14679270"><ele>156.73</ele><time>2025-10-20T13:29:59.319Z</time></trkpt><trkpt lat="47.60810090" lon="19.14680350"><ele>156.73</ele><time>2025-10-20T13:29:59.521Z</time></trkpt><trkpt lat="47.60809940" lon="19.14681410"><ele>156.70</ele><time>2025-10-20T13:29:59.721Z</time></trkpt><trkpt lat="47.60809790" lon="19.14682500"><ele>156.68</ele><time>2025-10-20T13:29:59.923Z</time></trkpt><trkpt lat="47.60809670" lon="19.14683620"><ele>156.65</ele><time>2025-10-20T13:30:00.124Z</time></trkpt><trkpt lat="47.60809580" lon="19.14684560"><ele>156.64</ele><time>2025-10-20T13:30:00.287Z</time></trkpt><trkpt lat="47.60809470" lon="19.14685890"><ele>156.61</ele><time>2025-10-20T13:30:00.522Z</time></trkpt><trkpt lat="47.60809390" lon="19.14687050"><ele>156.60</ele><time>2025-10-20T13:30:00.722Z</time></trkpt><trkpt lat="47.60809320" lon="19.14688240"><ele>156.59</ele><time>2025-10-20T13:30:00.924Z</time></trkpt><trkpt lat="47.60809260" lon="19.14689440"><ele>156.58</ele><time>2025-10-20T13:30:01.126Z</time></trkpt><trkpt lat="47.60809210" lon="19.14690650"><ele>156.55</ele><time>2025-10-20T13:30:01.326Z</time></trkpt><trkpt lat="47.60809170" lon="19.14691860"><ele>156.52</ele><time>2025-10-20T13:30:01.528Z</time></trkpt><trkpt lat="47.60809150" lon="19.14693070"><ele>156.50</ele><time>2025-10-20T13:30:01.729Z</time></trkpt><trkpt lat="47.60809130" lon="19.14694270"><ele>156.48</ele><time>2025-10-20T13:30:01.931Z</time></trkpt><trkpt lat="47.60809120" lon="19.14695490"><ele>156.49</ele><time>2025-10-20T13:30:02.131Z</time></trkpt><trkpt lat="47.60809120" lon="19.14696770"><ele>156.48</ele><time>2025-10-20T13:30:02.341Z</time></trkpt><trkpt lat="47.60809120" lon="19.14697750"><ele>156.48</ele><time>2025-10-20T13:30:02.502Z</time></trkpt><trkpt lat="47.60809130" lon="19.14698970"><ele>156.46</ele><time>2025-10-20T13:30:02.703Z</time></trkpt><trkpt lat="47.60809140" lon="19.14700170"><ele>156.43</ele><time>2025-10-20T13:30:02.903Z</time></trkpt><trkpt lat="47.60809160" lon="19.14701360"><ele>156.42</ele><time>2025-10-20T13:30:03.105Z</time></trkpt><trkpt lat="47.60809200" lon="19.14702640"><ele>156.42</ele><time>2025-10-20T13:30:03.317Z</time></trkpt><trkpt lat="47.60809270" lon="19.14703830"><ele>156.44</ele><time>2025-10-20T13:30:03.521Z</time></trkpt><trkpt lat="47.60809350" lon="19.14704990"><ele>156.48</ele><time>2025-10-20T13:30:03.722Z</time></trkpt><trkpt lat="47.60809460" lon="19.14706150"><ele>156.48</ele><time>2025-10-20T13:30:03.922Z</time></trkpt><trkpt lat="47.60809580" lon="19.14707320"><ele>156.45</ele><time>2025-10-20T13:30:04.123Z</time></trkpt><trkpt lat="47.60809720" lon="19.14708500"><ele>156.45</ele><time>2025-10-20T13:30:04.328Z</time></trkpt><trkpt lat="47.60809860" lon="19.14709650"><ele>156.46</ele><time>2025-10-20T13:30:04.528Z</time></trkpt><trkpt lat="47.60810010" lon="19.14710780"><ele>156.48</ele><time>2025-10-20T13:30:04.729Z</time></trkpt><trkpt lat="47.60810170" lon="19.14711950"><ele>156.48</ele><time>2025-10-20T13:30:04.931Z</time></trkpt><trkpt lat="47.60810350" lon="19.14713130"><ele>156.50</ele><time>2025-10-20T13:30:05.133Z</time></trkpt><trkpt lat="47.60810510" lon="19.14714210"><ele>156.52</ele><time>2025-10-20T13:30:05.316Z</time></trkpt><trkpt lat="47.60810700" lon="19.14715410"><ele>156.54</ele><time>2025-10-20T13:30:05.517Z</time></trkpt><trkpt lat="47.60810890" lon="19.14716580"><ele>156.53</ele><time>2025-10-20T13:30:05.719Z</time></trkpt><trkpt lat="47.60811090" lon="19.14717740"><ele>156.53</ele><time>2025-10-20T13:30:05.920Z</time></trkpt><trkpt lat="47.60811300" lon="19.14718900"><ele>156.55</ele><time>2025-10-20T13:30:06.124Z</time></trkpt><trkpt lat="47.60811540" lon="19.14720070"><ele>156.58</ele><time>2025-10-20T13:30:06.328Z</time></trkpt><trkpt lat="47.60811750" lon="19.14721080"><ele>156.59</ele><time>2025-10-20T13:30:06.510Z</time></trkpt><trkpt lat="47.60811990" lon="19.14722180"><ele>156.61</ele><time>2025-10-20T13:30:06.711Z</time></trkpt><trkpt lat="47.60812270" lon="19.14723380"><ele>156.60</ele><time>2025-10-20T13:30:06.932Z</time></trkpt><trkpt lat="47.60812530" lon="19.14724480"><ele>156.59</ele><time>2025-10-20T13:30:07.134Z</time></trkpt><trkpt lat="47.60812810" lon="19.14725560"><ele>156.59</ele><time>2025-10-20T13:30:07.335Z</time></trkpt><trkpt lat="47.60813070" lon="19.14726540"><ele>156.59</ele><time>2025-10-20T13:30:07.515Z</time></trkpt><trkpt lat="47.60813400" lon="19.14727760"><ele>156.58</ele><time>2025-10-20T13:30:07.738Z</time></trkpt><trkpt lat="47.60813710" lon="19.14728870"><ele>156.57</ele><time>2025-10-20T13:30:07.942Z</time></trkpt><trkpt lat="47.60814010" lon="19.14729890"><ele>156.57</ele><time>2025-10-20T13:30:08.125Z</time></trkpt><trkpt lat="47.60814370" lon="19.14731020"><ele>156.57</ele><time>2025-10-20T13:30:08.329Z</time></trkpt><trkpt lat="47.60814740" lon="19.14732120"><ele>156.55</ele><time>2025-10-20T13:30:08.531Z</time></trkpt><trkpt lat="47.60815140" lon="19.14733220"><ele>156.56</ele><time>2025-10-20T13:30:08.733Z</time></trkpt><trkpt lat="47.60815550" lon="19.14734310"><ele>156.57</ele><time>2025-10-20T13:30:08.935Z</time></trkpt><trkpt lat="47.60815990" lon="19.14735410"><ele>156.57</ele><time>2025-10-20T13:30:09.136Z</time></trkpt><trkpt lat="47.60816460" lon="19.14736530"><ele>156.57</ele><time>2025-10-20T13:30:09.339Z</time></trkpt><trkpt lat="47.60816950" lon="19.14737660"><ele>156.58</ele><time>2025-10-20T13:30:09.540Z</time></trkpt><trkpt lat="47.60817400" lon="19.14738670"><ele>156.56</ele><time>2025-10-20T13:30:09.720Z</time></trkpt><trkpt lat="47.60817950" lon="19.14739900"><ele>156.55</ele><time>2025-10-20T13:30:09.940Z</time></trkpt><trkpt lat="47.60818470" lon="19.14741010"><ele>156.53</ele><time>2025-10-20T13:30:10.141Z</time></trkpt><trkpt lat="47.60818970" lon="19.14742070"><ele>156.52</ele><time>2025-10-20T13:30:10.332Z</time></trkpt><trkpt lat="47.60819470" lon="19.14743140"><ele>156.50</ele><time>2025-10-20T13:30:10.525Z</time></trkpt><trkpt lat="47.60819990" lon="19.14744230"><ele>156.49</ele><time>2025-10-20T13:30:10.728Z</time></trkpt><trkpt lat="47.60820450" lon="19.14745200"><ele>156.48</ele><time>2025-10-20T13:30:10.908Z</time></trkpt><trkpt lat="47.60821020" lon="19.14746350"><ele>156.45</ele><time>2025-10-20T13:30:11.129Z</time></trkpt><trkpt lat="47.60821590" lon="19.14747450"><ele>156.41</ele><time>2025-10-20T13:30:11.345Z</time></trkpt><trkpt lat="47.60822040" lon="19.14748280"><ele>156.38</ele><time>2025-10-20T13:30:11.509Z</time></trkpt><trkpt lat="47.60822660" lon="19.14749360"><ele>156.32</ele><time>2025-10-20T13:30:11.730Z</time></trkpt><trkpt lat="47.60823250" lon="19.14750340"><ele>156.27</ele><time>2025-10-20T13:30:11.934Z</time></trkpt><trkpt lat="47.60823840" lon="19.14751300"><ele>156.24</ele><time>2025-10-20T13:30:12.136Z</time></trkpt><trkpt lat="47.60824440" lon="19.14752250"><ele>156.23</ele><time>2025-10-20T13:30:12.337Z</time></trkpt><trkpt lat="47.60825040" lon="19.14753150"><ele>156.19</ele><time>2025-10-20T13:30:12.537Z</time></trkpt><trkpt lat="47.60825660" lon="19.14754050"><ele>156.18</ele><time>2025-10-20T13:30:12.738Z</time></trkpt><trkpt lat="47.60826220" lon="19.14754860"><ele>156.19</ele><time>2025-10-20T13:30:12.920Z</time></trkpt><trkpt lat="47.60826900" lon="19.14755840"><ele>156.19</ele><time>2025-10-20T13:30:13.141Z</time></trkpt><trkpt lat="47.60827460" lon="19.14756620"><ele>156.20</ele><time>2025-10-20T13:30:13.323Z</time></trkpt><trkpt lat="47.60828140" lon="19.14757560"><ele>156.19</ele><time>2025-10-20T13:30:13.543Z</time></trkpt><trkpt lat="47.60828760" lon="19.14758400"><ele>156.18</ele><time>2025-10-20T13:30:13.747Z</time></trkpt><trkpt lat="47.60829380" lon="19.14759210"><ele>156.18</ele><time>2025-10-20T13:30:13.947Z</time></trkpt><trkpt lat="47.60830000" lon="19.14760000"><ele>156.18</ele><time>2025-10-20T13:30:14.149Z</time></trkpt><trkpt lat="47.60830590" lon="19.14760710"><ele>156.18</ele><time>2025-10-20T13:30:14.340Z</time></trkpt><trkpt lat="47.60831210" lon="19.14761450"><ele>156.18</ele><time>2025-10-20T13:30:14.541Z</time></trkpt><trkpt lat="47.60831830" lon="19.14762160"><ele>156.18</ele><time>2025-10-20T13:30:14.743Z</time></trkpt><trkpt lat="47.60832450" lon="19.14762840"><ele>156.19</ele><time>2025-10-20T13:30:14.943Z</time></trkpt><trkpt lat="47.60833030" lon="19.14763450"><ele>156.21</ele><time>2025-10-20T13:30:15.123Z</time></trkpt><trkpt lat="47.60833740" lon="19.14764160"><ele>156.23</ele><time>2025-10-20T13:30:15.340Z</time></trkpt><trkpt lat="47.60834450" lon="19.14764820"><ele>156.23</ele><time>2025-10-20T13:30:15.549Z</time></trkpt><trkpt lat="47.60835140" lon="19.14765440"><ele>156.26</ele><time>2025-10-20T13:30:15.750Z</time></trkpt><trkpt lat="47.60835830" lon="19.14766040"><ele>156.26</ele><time>2025-10-20T13:30:15.950Z</time></trkpt><trkpt lat="47.60836460" lon="19.14766580"><ele>156.28</ele><time>2025-10-20T13:30:16.132Z</time></trkpt><trkpt lat="47.60837160" lon="19.14767170"><ele>156.29</ele><time>2025-10-20T13:30:16.332Z</time></trkpt><trkpt lat="47.60837870" lon="19.14767750"><ele>156.29</ele><time>2025-10-20T13:30:16.535Z</time></trkpt><trkpt lat="47.60838600" lon="19.14768330"><ele>156.32</ele><time>2025-10-20T13:30:16.737Z</time></trkpt><trkpt lat="47.60839330" lon="19.14768880"><ele>156.35</ele><time>2025-10-20T13:30:16.937Z</time></trkpt><trkpt lat="47.60840070" lon="19.14769410"><ele>156.37</ele><time>2025-10-20T13:30:17.137Z</time></trkpt><trkpt lat="47.60840800" lon="19.14769930"><ele>156.40</ele><time>2025-10-20T13:30:17.341Z</time></trkpt><trkpt lat="47.60841360" lon="19.14770310"><ele>156.42</ele><time>2025-10-20T13:30:17.502Z</time></trkpt><trkpt lat="47.60842210" lon="19.14770880"><ele>156.46</ele><time>2025-10-20T13:30:17.743Z</time></trkpt><trkpt lat="47.60842930" lon="19.14771340"><ele>156.46</ele><time>2025-10-20T13:30:17.943Z</time></trkpt><trkpt lat="47.60843670" lon="19.14771780"><ele>156.45</ele><time>2025-10-20T13:30:18.145Z</time></trkpt><trkpt lat="47.60844430" lon="19.14772210"><ele>156.46</ele><time>2025-10-20T13:30:18.345Z</time></trkpt><trkpt lat="47.60845130" lon="19.14772550"><ele>156.48</ele><time>2025-10-20T13:30:18.525Z</time></trkpt><trkpt lat="47.60845990" lon="19.14772950"><ele>156.49</ele><time>2025-10-20T13:30:18.745Z</time></trkpt><trkpt lat="47.60846790" lon="19.14773290"><ele>156.50</ele><time>2025-10-20T13:30:18.946Z</time></trkpt><trkpt lat="47.60847600" lon="19.14773620"><ele>156.51</ele><time>2025-10-20T13:30:19.147Z</time></trkpt><trkpt lat="47.60848400" lon="19.14773930"><ele>156.51</ele><time>2025-10-20T13:30:19.349Z</time></trkpt><trkpt lat="47.60849180" lon="19.14774220"><ele>156.50</ele><time>2025-10-20T13:30:19.550Z</time></trkpt><trkpt lat="47.60849930" lon="19.14774490"><ele>156.51</ele><time>2025-10-20T13:30:19.750Z</time></trkpt><trkpt lat="47.60850680" lon="19.14774750"><ele>156.51</ele><time>2025-10-20T13:30:19.954Z</time></trkpt><trkpt lat="47.60851280" lon="19.14774960"><ele>156.50</ele><time>2025-10-20T13:30:20.116Z</time></trkpt><trkpt lat="47.60852160" lon="19.14775220"><ele>156.50</ele><time>2025-10-20T13:30:20.357Z</time></trkpt><trkpt lat="47.60852770" lon="19.14775390"><ele>156.51</ele><time>2025-10-20T13:30:20.519Z</time></trkpt><trkpt lat="47.60853520" lon="19.14775570"><ele>156.53</ele><time>2025-10-20T13:30:20.721Z</time></trkpt><trkpt lat="47.60854270" lon="19.14775730"><ele>156.54</ele><time>2025-10-20T13:30:20.922Z</time></trkpt><trkpt lat="47.60855040" lon="19.14775890"><ele>156.53</ele><time>2025-10-20T13:30:21.126Z</time></trkpt><trkpt lat="47.60855870" lon="19.14776040"><ele>156.54</ele><time>2025-10-20T13:30:21.351Z</time></trkpt><trkpt lat="47.60856580" lon="19.14776160"><ele>156.55</ele><time>2025-10-20T13:30:21.536Z</time></trkpt><trkpt lat="47.60857270" lon="19.14776260"><ele>156.55</ele><time>2025-10-20T13:30:21.719Z</time></trkpt><trkpt lat="47.60858140" lon="19.14776360"><ele>156.57</ele><time>2025-10-20T13:30:21.943Z</time></trkpt><trkpt lat="47.60858930" lon="19.14776450"><ele>156.58</ele><time>2025-10-20T13:30:22.145Z</time></trkpt><trkpt lat="47.60859730" lon="19.14776520"><ele>156.60</ele><time>2025-10-20T13:30:22.350Z</time></trkpt><trkpt lat="47.60860520" lon="19.14776580"><ele>156.62</ele><time>2025-10-20T13:30:22.552Z</time></trkpt><trkpt lat="47.60861300" lon="19.14776620"><ele>156.62</ele><time>2025-10-20T13:30:22.755Z</time></trkpt><trkpt lat="47.60862110" lon="19.14776640"><ele>156.64</ele><time>2025-10-20T13:30:22.958Z</time></trkpt><trkpt lat="47.60862910" lon="19.14776640"><ele>156.65</ele><time>2025-10-20T13:30:23.158Z</time></trkpt><trkpt lat="47.60863730" lon="19.14776630"><ele>156.65</ele><time>2025-10-20T13:30:23.362Z</time></trkpt><trkpt lat="47.60864470" lon="19.14776610"><ele>156.65</ele><time>2025-10-20T13:30:23.543Z</time></trkpt><trkpt lat="47.60865200" lon="19.14776570"><ele>156.67</ele><time>2025-10-20T13:30:23.724Z</time></trkpt><trkpt lat="47.60866030" lon="19.14776510"><ele>156.69</ele><time>2025-10-20T13:30:23.924Z</time></trkpt><trkpt lat="47.60866840" lon="19.14776440"><ele>156.72</ele><time>2025-10-20T13:30:24.125Z</time></trkpt><trkpt lat="47.60867670" lon="19.14776350"><ele>156.74</ele><time>2025-10-20T13:30:24.329Z</time></trkpt><trkpt lat="47.60868560" lon="19.14776220"><ele>156.76</ele><time>2025-10-20T13:30:24.550Z</time></trkpt><trkpt lat="47.60869360" lon="19.14776090"><ele>156.78</ele><time>2025-10-20T13:30:24.750Z</time></trkpt><trkpt lat="47.60870160" lon="19.14775940"><ele>156.79</ele><time>2025-10-20T13:30:24.951Z</time></trkpt><trkpt lat="47.60870950" lon="19.14775770"><ele>156.79</ele><time>2025-10-20T13:30:25.152Z</time></trkpt><trkpt lat="47.60871710" lon="19.14775600"><ele>156.80</ele><time>2025-10-20T13:30:25.342Z</time></trkpt><trkpt lat="47.60872510" lon="19.14775410"><ele>156.82</ele><time>2025-10-20T13:30:25.545Z</time></trkpt><trkpt lat="47.60873300" lon="19.14775190"><ele>156.84</ele><time>2025-10-20T13:30:25.745Z</time></trkpt><trkpt lat="47.60874020" lon="19.14774990"><ele>156.87</ele><time>2025-10-20T13:30:25.926Z</time></trkpt><trkpt lat="47.60874800" lon="19.14774750"><ele>156.89</ele><time>2025-10-20T13:30:26.128Z</time></trkpt><trkpt lat="47.60875630" lon="19.14774470"><ele>156.90</ele><time>2025-10-20T13:30:26.338Z</time></trkpt><trkpt lat="47.60876410" lon="19.14774190"><ele>156.91</ele><time>2025-10-20T13:30:26.542Z</time></trkpt><trkpt lat="47.60877180" lon="19.14773910"><ele>156.91</ele><time>2025-10-20T13:30:26.742Z</time></trkpt><trkpt lat="47.60877940" lon="19.14773610"><ele>156.89</ele><time>2025-10-20T13:30:26.943Z</time></trkpt><trkpt lat="47.60878710" lon="19.14773300"><ele>156.87</ele><time>2025-10-20T13:30:27.144Z</time></trkpt><trkpt lat="47.60879480" lon="19.14772970"><ele>156.85</ele><time>2025-10-20T13:30:27.349Z</time></trkpt><trkpt lat="47.60880230" lon="19.14772630"><ele>156.84</ele><time>2025-10-20T13:30:27.549Z</time></trkpt><trkpt lat="47.60880960" lon="19.14772250"><ele>156.83</ele><time>2025-10-20T13:30:27.751Z</time></trkpt><trkpt lat="47.60881700" lon="19.14771870"><ele>156.81</ele><time>2025-10-20T13:30:27.951Z</time></trkpt><trkpt lat="47.60882290" lon="19.14771560"><ele>156.79</ele><time>2025-10-20T13:30:28.110Z</time></trkpt><trkpt lat="47.60883170" lon="19.14771060"><ele>156.78</ele><time>2025-10-20T13:30:28.354Z</time></trkpt><trkpt lat="47.60883890" lon="19.14770640"><ele>156.77</ele><time>2025-10-20T13:30:28.554Z</time></trkpt><trkpt lat="47.60884600" lon="19.14770170"><ele>156.76</ele><time>2025-10-20T13:30:28.756Z</time></trkpt><trkpt lat="47.60885310" lon="19.14769690"><ele>156.74</ele><time>2025-10-20T13:30:28.956Z</time></trkpt><trkpt lat="47.60886030" lon="19.14769190"><ele>156.73</ele><time>2025-10-20T13:30:29.158Z</time></trkpt><trkpt lat="47.60886690" lon="19.14768700"><ele>156.72</ele><time>2025-10-20T13:30:29.343Z</time></trkpt><trkpt lat="47.60887340" lon="19.14768220"><ele>156.72</ele><time>2025-10-20T13:30:29.523Z</time></trkpt><trkpt lat="47.60888140" lon="19.14767600"><ele>156.72</ele><time>2025-10-20T13:30:29.744Z</time></trkpt><trkpt lat="47.60888780" lon="19.14767080"><ele>156.71</ele><time>2025-10-20T13:30:29.925Z</time></trkpt><trkpt lat="47.60889400" lon="19.14766550"><ele>156.72</ele><time>2025-10-20T13:30:30.105Z</time></trkpt><trkpt lat="47.60890280" lon="19.14765790"><ele>156.72</ele><time>2025-10-20T13:30:30.354Z</time></trkpt><trkpt lat="47.60890940" lon="19.14765190"><ele>156.72</ele><time>2025-10-20T13:30:30.544Z</time></trkpt><trkpt lat="47.60891630" lon="19.14764530"><ele>156.72</ele><time>2025-10-20T13:30:30.745Z</time></trkpt><trkpt lat="47.60892340" lon="19.14763840"><ele>156.72</ele><time>2025-10-20T13:30:30.947Z</time></trkpt><trkpt lat="47.60893040" lon="19.14763140"><ele>156.72</ele><time>2025-10-20T13:30:31.149Z</time></trkpt><trkpt lat="47.60893750" lon="19.14762420"><ele>156.72</ele><time>2025-10-20T13:30:31.354Z</time></trkpt><trkpt lat="47.60894430" lon="19.14761710"><ele>156.73</ele><time>2025-10-20T13:30:31.554Z</time></trkpt><trkpt lat="47.60895110" lon="19.14760980"><ele>156.73</ele><time>2025-10-20T13:30:31.755Z</time></trkpt><trkpt lat="47.60895780" lon="19.14760250"><ele>156.74</ele><time>2025-10-20T13:30:31.957Z</time></trkpt><trkpt lat="47.60896440" lon="19.14759510"><ele>156.74</ele><time>2025-10-20T13:30:32.158Z</time></trkpt><trkpt lat="47.60896960" lon="19.14758920"><ele>156.75</ele><time>2025-10-20T13:30:32.320Z</time></trkpt><trkpt lat="47.60897600" lon="19.14758160"><ele>156.75</ele><time>2025-10-20T13:30:32.521Z</time></trkpt><trkpt lat="47.60898310" lon="19.14757310"><ele>156.75</ele><time>2025-10-20T13:30:32.743Z</time></trkpt><trkpt lat="47.60898930" lon="19.14756520"><ele>156.76</ele><time>2025-10-20T13:30:32.946Z</time></trkpt><trkpt lat="47.60899560" lon="19.14755720"><ele>156.76</ele><time>2025-10-20T13:30:33.147Z</time></trkpt><trkpt lat="47.60900180" lon="19.14754900"><ele>156.77</ele><time>2025-10-20T13:30:33.350Z</time></trkpt><trkpt lat="47.60900790" lon="19.14754080"><ele>156.77</ele><time>2025-10-20T13:30:33.552Z</time></trkpt><trkpt lat="47.60901390" lon="19.14753240"><ele>156.78</ele><time>2025-10-20T13:30:33.755Z</time></trkpt><trkpt lat="47.60901990" lon="19.14752400"><ele>156.79</ele><time>2025-10-20T13:30:33.957Z</time></trkpt><trkpt lat="47.60902500" lon="19.14751640"><ele>156.79</ele><time>2025-10-20T13:30:34.139Z</time></trkpt><trkpt lat="47.60903080" lon="19.14750780"><ele>156.80</ele><time>2025-10-20T13:30:34.346Z</time></trkpt><trkpt lat="47.60903570" lon="19.14750010"><ele>156.81</ele><time>2025-10-20T13:30:34.527Z</time></trkpt><trkpt lat="47.60904170" lon="19.14749040"><ele>156.81</ele><time>2025-10-20T13:30:34.749Z</time></trkpt><trkpt lat="47.60904690" lon="19.14748170"><ele>156.82</ele><time>2025-10-20T13:30:34.950Z</time></trkpt><trkpt lat="47.60905200" lon="19.14747280"><ele>156.83</ele><time>2025-10-20T13:30:35.151Z</time></trkpt><trkpt lat="47.60905710" lon="19.14746390"><ele>156.84</ele><time>2025-10-20T13:30:35.354Z</time></trkpt><trkpt lat="47.60906200" lon="19.14745510"><ele>156.85</ele><time>2025-10-20T13:30:35.555Z</time></trkpt><trkpt lat="47.60906670" lon="19.14744620"><ele>156.86</ele><time>2025-10-20T13:30:35.757Z</time></trkpt><trkpt lat="47.60907140" lon="19.14743710"><ele>156.87</ele><time>2025-10-20T13:30:35.959Z</time></trkpt><trkpt lat="47.60907600" lon="19.14742790"><ele>156.89</ele><time>2025-10-20T13:30:36.160Z</time></trkpt><trkpt lat="47.60908050" lon="19.14741860"><ele>156.90</ele><time>2025-10-20T13:30:36.362Z</time></trkpt><trkpt lat="47.60908500" lon="19.14740900"><ele>156.91</ele><time>2025-10-20T13:30:36.563Z</time></trkpt><trkpt lat="47.60908760" lon="19.14740330"><ele>156.91</ele><time>2025-10-20T13:30:36.683Z</time></trkpt><trkpt lat="47.60909320" lon="19.14739050"><ele>156.93</ele><time>2025-10-20T13:30:36.944Z</time></trkpt><trkpt lat="47.60909790" lon="19.14737930"><ele>156.93</ele><time>2025-10-20T13:30:37.165Z</time></trkpt><trkpt lat="47.60910210" lon="19.14736910"><ele>156.93</ele><time>2025-10-20T13:30:37.369Z</time></trkpt><trkpt lat="47.60910610" lon="19.14735880"><ele>156.94</ele><time>2025-10-20T13:30:37.569Z</time></trkpt><trkpt lat="47.60910960" lon="19.14734920"><ele>156.94</ele><time>2025-10-20T13:30:37.751Z</time></trkpt><trkpt lat="47.60911350" lon="19.14733850"><ele>156.95</ele><time>2025-10-20T13:30:37.951Z</time></trkpt><trkpt lat="47.60911760" lon="19.14732660"><ele>156.95</ele><time>2025-10-20T13:30:38.173Z</time></trkpt><trkpt lat="47.60912100" lon="19.14731650"><ele>156.95</ele><time>2025-10-20T13:30:38.360Z</time></trkpt><trkpt lat="47.60912400" lon="19.14730730"><ele>156.95</ele><time>2025-10-20T13:30:38.528Z</time></trkpt><trkpt lat="47.60912790" lon="19.14729420"><ele>156.95</ele><time>2025-10-20T13:30:38.762Z</time></trkpt><trkpt lat="47.60913090" lon="19.14728360"><ele>156.95</ele><time>2025-10-20T13:30:38.954Z</time></trkpt><trkpt lat="47.60913390" lon="19.14727230"><ele>156.96</ele><time>2025-10-20T13:30:39.156Z</time></trkpt><trkpt lat="47.60913690" lon="19.14726030"><ele>156.96</ele><time>2025-10-20T13:30:39.367Z</time></trkpt><trkpt lat="47.60913950" lon="19.14724980"><ele>156.96</ele><time>2025-10-20T13:30:39.548Z</time></trkpt><trkpt lat="47.60914250" lon="19.14723690"><ele>156.96</ele><time>2025-10-20T13:30:39.770Z</time></trkpt><trkpt lat="47.60914480" lon="19.14722640"><ele>156.95</ele><time>2025-10-20T13:30:39.951Z</time></trkpt><trkpt lat="47.60914750" lon="19.14721330"><ele>156.96</ele><time>2025-10-20T13:30:40.171Z</time></trkpt><trkpt lat="47.60914970" lon="19.14720240"><ele>156.96</ele><time>2025-10-20T13:30:40.356Z</time></trkpt><trkpt lat="47.60915220" lon="19.14718970"><ele>156.96</ele><time>2025-10-20T13:30:40.565Z</time></trkpt><trkpt lat="47.60915400" lon="19.14717990"><ele>156.96</ele><time>2025-10-20T13:30:40.727Z</time></trkpt><trkpt lat="47.60915640" lon="19.14716630"><ele>156.96</ele><time>2025-10-20T13:30:40.947Z</time></trkpt><trkpt lat="47.60915850" lon="19.14715370"><ele>156.97</ele><time>2025-10-20T13:30:41.149Z</time></trkpt><trkpt lat="47.60916060" lon="19.14714070"><ele>156.98</ele><time>2025-10-20T13:30:41.359Z</time></trkpt><trkpt lat="47.60916260" lon="19.14712820"><ele>156.99</ele><time>2025-10-20T13:30:41.560Z</time></trkpt><trkpt lat="47.60916450" lon="19.14711530"><ele>156.99</ele><time>2025-10-20T13:30:41.762Z</time></trkpt><trkpt lat="47.60916620" lon="19.14710250"><ele>157.00</ele><time>2025-10-20T13:30:41.962Z</time></trkpt><trkpt lat="47.60916790" lon="19.14708970"><ele>157.00</ele><time>2025-10-20T13:30:42.162Z</time></trkpt><trkpt lat="47.60916950" lon="19.14707720"><ele>157.00</ele><time>2025-10-20T13:30:42.356Z</time></trkpt><trkpt lat="47.60917090" lon="19.14706460"><ele>157.01</ele><time>2025-10-20T13:30:42.556Z</time></trkpt><trkpt lat="47.60917200" lon="19.14705300"><ele>157.01</ele><time>2025-10-20T13:30:42.737Z</time></trkpt><trkpt lat="47.60917330" lon="19.14703900"><ele>157.02</ele><time>2025-10-20T13:30:42.957Z</time></trkpt><trkpt lat="47.60917420" lon="19.14702580"><ele>157.01</ele><time>2025-10-20T13:30:43.168Z</time></trkpt><trkpt lat="47.60917490" lon="19.14701370"><ele>157.02</ele><time>2025-10-20T13:30:43.365Z</time></trkpt><trkpt lat="47.60917550" lon="19.14700100"><ele>157.02</ele><time>2025-10-20T13:30:43.570Z</time></trkpt><trkpt lat="47.60917580" lon="19.14698850"><ele>157.01</ele><time>2025-10-20T13:30:43.770Z</time></trkpt><trkpt lat="47.60917590" lon="19.14697590"><ele>157.02</ele><time>2025-10-20T13:30:43.970Z</time></trkpt><trkpt lat="47.60917580" lon="19.14696290"><ele>157.03</ele><time>2025-10-20T13:30:44.173Z</time></trkpt><trkpt lat="47.60917570" lon="19.14695090"><ele>157.04</ele><time>2025-10-20T13:30:44.364Z</time></trkpt><trkpt lat="47.60917540" lon="19.14693830"><ele>157.04</ele><time>2025-10-20T13:30:44.567Z</time></trkpt><trkpt lat="47.60917500" lon="19.14692580"><ele>157.03</ele><time>2025-10-20T13:30:44.767Z</time></trkpt><trkpt lat="47.60917430" lon="19.14691310"><ele>157.03</ele><time>2025-10-20T13:30:44.968Z</time></trkpt><trkpt lat="47.60917350" lon="19.14690040"><ele>157.03</ele><time>2025-10-20T13:30:45.169Z</time></trkpt><trkpt lat="47.60917260" lon="19.14688770"><ele>157.02</ele><time>2025-10-20T13:30:45.372Z</time></trkpt><trkpt lat="47.60917160" lon="19.14687510"><ele>157.02</ele><time>2025-10-20T13:30:45.572Z</time></trkpt><trkpt lat="47.60917060" lon="19.14686260"><ele>157.02</ele><time>2025-10-20T13:30:45.772Z</time></trkpt><trkpt lat="47.60916940" lon="19.14685000"><ele>157.01</ele><time>2025-10-20T13:30:45.973Z</time></trkpt><trkpt lat="47.60916840" lon="19.14683990"><ele>157.01</ele><time>2025-10-20T13:30:46.136Z</time></trkpt><trkpt lat="47.60916690" lon="19.14682680"><ele>157.01</ele><time>2025-10-20T13:30:46.347Z</time></trkpt><trkpt lat="47.60916530" lon="19.14681440"><ele>157.00</ele><time>2025-10-20T13:30:46.548Z</time></trkpt><trkpt lat="47.60916350" lon="19.14680210"><ele>156.99</ele><time>2025-10-20T13:30:46.749Z</time></trkpt><trkpt lat="47.60916130" lon="19.14678860"><ele>157.00</ele><time>2025-10-20T13:30:46.971Z</time></trkpt><trkpt lat="47.60915920" lon="19.14677630"><ele>157.00</ele><time>2025-10-20T13:30:47.174Z</time></trkpt><trkpt lat="47.60915700" lon="19.14676420"><ele>157.00</ele><time>2025-10-20T13:30:47.378Z</time></trkpt><trkpt lat="47.60915510" lon="19.14675430"><ele>156.99</ele><time>2025-10-20T13:30:47.543Z</time></trkpt><trkpt lat="47.60915280" lon="19.14674240"><ele>156.99</ele><time>2025-10-20T13:30:47.746Z</time></trkpt><trkpt lat="47.60915010" lon="19.14672950"><ele>156.99</ele><time>2025-10-20T13:30:47.968Z</time></trkpt><trkpt lat="47.60914760" lon="19.14671780"><ele>157.01</ele><time>2025-10-20T13:30:48.169Z</time></trkpt><trkpt lat="47.60914500" lon="19.14670620"><ele>157.01</ele><time>2025-10-20T13:30:48.372Z</time></trkpt><trkpt lat="47.60914250" lon="19.14669510"><ele>157.01</ele><time>2025-10-20T13:30:48.573Z</time></trkpt><trkpt lat="47.60913990" lon="19.14668400"><ele>157.01</ele><time>2025-10-20T13:30:48.774Z</time></trkpt><trkpt lat="47.60913770" lon="19.14667520"><ele>157.01</ele><time>2025-10-20T13:30:48.937Z</time></trkpt><trkpt lat="47.60913460" lon="19.14666320"><ele>157.02</ele><time>2025-10-20T13:30:49.157Z</time></trkpt><trkpt lat="47.60913170" lon="19.14665180"><ele>157.02</ele><time>2025-10-20T13:30:49.367Z</time></trkpt><trkpt lat="47.60912870" lon="19.14664110"><ele>157.02</ele><time>2025-10-20T13:30:49.568Z</time></trkpt><trkpt lat="47.60912560" lon="19.14663040"><ele>157.01</ele><time>2025-10-20T13:30:49.771Z</time></trkpt><trkpt lat="47.60912220" lon="19.14661980"><ele>157.00</ele><time>2025-10-20T13:30:49.972Z</time></trkpt><trkpt lat="47.60911870" lon="19.14660920"><ele>157.00</ele><time>2025-10-20T13:30:50.172Z</time></trkpt><trkpt lat="47.60911530" lon="19.14659910"><ele>157.00</ele><time>2025-10-20T13:30:50.365Z</time></trkpt><trkpt lat="47.60911170" lon="19.14658880"><ele>156.99</ele><time>2025-10-20T13:30:50.566Z</time></trkpt><trkpt lat="47.60910790" lon="19.14657860"><ele>156.97</ele><time>2025-10-20T13:30:50.766Z</time></trkpt><trkpt lat="47.60910390" lon="19.14656830"><ele>156.97</ele><time>2025-10-20T13:30:50.966Z</time></trkpt><trkpt lat="47.60909980" lon="19.14655810"><ele>156.97</ele><time>2025-10-20T13:30:51.166Z</time></trkpt><trkpt lat="47.60909560" lon="19.14654780"><ele>156.97</ele><time>2025-10-20T13:30:51.368Z</time></trkpt><trkpt lat="47.60909130" lon="19.14653780"><ele>156.96</ele><time>2025-10-20T13:30:51.569Z</time></trkpt><trkpt lat="47.60908700" lon="19.14652780"><ele>156.95</ele><time>2025-10-20T13:30:51.768Z</time></trkpt><trkpt lat="47.60908260" lon="19.14651790"><ele>156.94</ele><time>2025-10-20T13:30:51.970Z</time></trkpt><trkpt lat="47.60907850" lon="19.14650900"><ele>156.94</ele><time>2025-10-20T13:30:52.151Z</time></trkpt><trkpt lat="47.60907340" lon="19.14649810"><ele>156.94</ele><time>2025-10-20T13:30:52.375Z</time></trkpt><trkpt lat="47.60906860" lon="19.14648830"><ele>156.95</ele><time>2025-10-20T13:30:52.575Z</time></trkpt><trkpt lat="47.60906370" lon="19.14647870"><ele>156.95</ele><time>2025-10-20T13:30:52.776Z</time></trkpt><trkpt lat="47.60905860" lon="19.14646910"><ele>156.95</ele><time>2025-10-20T13:30:52.978Z</time></trkpt><trkpt lat="47.60905360" lon="19.14645980"><ele>156.94</ele><time>2025-10-20T13:30:53.179Z</time></trkpt><trkpt lat="47.60904850" lon="19.14645050"><ele>156.95</ele><time>2025-10-20T13:30:53.383Z</time></trkpt><trkpt lat="47.60904340" lon="19.14644150"><ele>156.95</ele><time>2025-10-20T13:30:53.584Z</time></trkpt><trkpt lat="47.60903830" lon="19.14643280"><ele>156.94</ele><time>2025-10-20T13:30:53.785Z</time></trkpt><trkpt lat="47.60903300" lon="19.14642420"><ele>156.94</ele><time>2025-10-20T13:30:53.987Z</time></trkpt><trkpt lat="47.60902770" lon="19.14641600"><ele>156.95</ele><time>2025-10-20T13:30:54.188Z</time></trkpt><trkpt lat="47.60902260" lon="19.14640840"><ele>156.96</ele><time>2025-10-20T13:30:54.378Z</time></trkpt><trkpt lat="47.60901740" lon="19.14640100"><ele>156.96</ele><time>2025-10-20T13:30:54.564Z</time></trkpt><trkpt lat="47.60901120" lon="19.14639230"><ele>156.95</ele><time>2025-10-20T13:30:54.785Z</time></trkpt><trkpt lat="47.60900530" lon="19.14638440"><ele>156.96</ele><time>2025-10-20T13:30:54.988Z</time></trkpt><trkpt lat="47.60899920" lon="19.14637660"><ele>156.96</ele><time>2025-10-20T13:30:55.188Z</time></trkpt><trkpt lat="47.60899320" lon="19.14636880"><ele>156.96</ele><time>2025-10-20T13:30:55.389Z</time></trkpt><trkpt lat="47.60898700" lon="19.14636100"><ele>156.97</ele><time>2025-10-20T13:30:55.592Z</time></trkpt><trkpt lat="47.60898090" lon="19.14635330"><ele>156.98</ele><time>2025-10-20T13:30:55.792Z</time></trkpt><trkpt lat="47.60897470" lon="19.14634550"><ele>157.01</ele><time>2025-10-20T13:30:55.995Z</time></trkpt><trkpt lat="47.60896840" lon="19.14633790"><ele>157.04</ele><time>2025-10-20T13:30:56.199Z</time></trkpt><trkpt lat="47.60896210" lon="19.14633040"><ele>157.06</ele><time>2025-10-20T13:30:56.407Z</time></trkpt><trkpt lat="47.60895630" lon="19.14632380"><ele>157.08</ele><time>2025-10-20T13:30:56.589Z</time></trkpt><trkpt lat="47.60895050" lon="19.14631720"><ele>157.10</ele><time>2025-10-20T13:30:56.769Z</time></trkpt><trkpt lat="47.60894290" lon="19.14630900"><ele>157.12</ele><time>2025-10-20T13:30:57.001Z</time></trkpt><trkpt lat="47.60893660" lon="19.14630240"><ele>157.14</ele><time>2025-10-20T13:30:57.189Z</time></trkpt><trkpt lat="47.60892970" lon="19.14629550"><ele>157.14</ele><time>2025-10-20T13:30:57.394Z</time></trkpt><trkpt lat="47.60892290" lon="19.14628900"><ele>157.15</ele><time>2025-10-20T13:30:57.594Z</time></trkpt><trkpt lat="47.60891730" lon="19.14628370"><ele>157.15</ele><time>2025-10-20T13:30:57.757Z</time></trkpt><trkpt lat="47.60890920" lon="19.14627660"><ele>157.15</ele><time>2025-10-20T13:30:57.991Z</time></trkpt><trkpt lat="47.60890180" lon="19.14627050"><ele>157.16</ele><time>2025-10-20T13:30:58.200Z</time></trkpt><trkpt lat="47.60889470" lon="19.14626480"><ele>157.16</ele><time>2025-10-20T13:30:58.401Z</time></trkpt><trkpt lat="47.60888760" lon="19.14625940"><ele>157.17</ele><time>2025-10-20T13:30:58.602Z</time></trkpt><trkpt lat="47.60888110" lon="19.14625440"><ele>157.18</ele><time>2025-10-20T13:30:58.783Z</time></trkpt><trkpt lat="47.60887330" lon="19.14624880"><ele>157.17</ele><time>2025-10-20T13:30:58.996Z</time></trkpt><trkpt lat="47.60886580" lon="19.14624350"><ele>157.18</ele><time>2025-10-20T13:30:59.206Z</time></trkpt><trkpt lat="47.60885900" lon="19.14623880"><ele>157.18</ele><time>2025-10-20T13:30:59.392Z</time></trkpt><trkpt lat="47.60885170" lon="19.14623380"><ele>157.19</ele><time>2025-10-20T13:30:59.594Z</time></trkpt><trkpt lat="47.60884430" lon="19.14622870"><ele>157.20</ele><time>2025-10-20T13:30:59.796Z</time></trkpt><trkpt lat="47.60883760" lon="19.14622430"><ele>157.21</ele><time>2025-10-20T13:30:59.976Z</time></trkpt><trkpt lat="47.60882930" lon="19.14621890"><ele>157.21</ele><time>2025-10-20T13:31:00.198Z</time></trkpt><trkpt lat="47.60882180" lon="19.14621420"><ele>157.21</ele><time>2025-10-20T13:31:00.402Z</time></trkpt><trkpt lat="47.60881440" lon="19.14620960"><ele>157.22</ele><time>2025-10-20T13:31:00.604Z</time></trkpt><trkpt lat="47.60880710" lon="19.14620540"><ele>157.21</ele><time>2025-10-20T13:31:00.804Z</time></trkpt><trkpt lat="47.60879980" lon="19.14620160"><ele>157.22</ele><time>2025-10-20T13:31:01.005Z</time></trkpt><trkpt lat="47.60879250" lon="19.14619780"><ele>157.23</ele><time>2025-10-20T13:31:01.207Z</time></trkpt><trkpt lat="47.60878580" lon="19.14619470"><ele>157.24</ele><time>2025-10-20T13:31:01.391Z</time></trkpt><trkpt lat="47.60877780" lon="19.14619110"><ele>157.23</ele><time>2025-10-20T13:31:01.612Z</time></trkpt><trkpt lat="47.60877040" lon="19.14618800"><ele>157.22</ele><time>2025-10-20T13:31:01.814Z</time></trkpt><trkpt lat="47.60876300" lon="19.14618510"><ele>157.22</ele><time>2025-10-20T13:31:02.015Z</time></trkpt><trkpt lat="47.60875620" lon="19.14618280"><ele>157.22</ele><time>2025-10-20T13:31:02.199Z</time></trkpt><trkpt lat="47.60874860" lon="19.14618040"><ele>157.21</ele><time>2025-10-20T13:31:02.402Z</time></trkpt><trkpt lat="47.60874100" lon="19.14617820"><ele>157.20</ele><time>2025-10-20T13:31:02.603Z</time></trkpt><trkpt lat="47.60873350" lon="19.14617630"><ele>157.18</ele><time>2025-10-20T13:31:02.804Z</time></trkpt><trkpt lat="47.60872610" lon="19.14617460"><ele>157.17</ele><time>2025-10-20T13:31:03.005Z</time></trkpt><trkpt lat="47.60871850" lon="19.14617310"><ele>157.16</ele><time>2025-10-20T13:31:03.205Z</time></trkpt><trkpt lat="47.60871110" lon="19.14617180"><ele>157.16</ele><time>2025-10-20T13:31:03.407Z</time></trkpt><trkpt lat="47.60870370" lon="19.14617060"><ele>157.14</ele><time>2025-10-20T13:31:03.608Z</time></trkpt><trkpt lat="47.60869630" lon="19.14616950"><ele>157.13</ele><time>2025-10-20T13:31:03.809Z</time></trkpt><trkpt lat="47.60868880" lon="19.14616840"><ele>157.13</ele><time>2025-10-20T13:31:04.012Z</time></trkpt><trkpt lat="47.60868120" lon="19.14616730"><ele>157.13</ele><time>2025-10-20T13:31:04.213Z</time></trkpt><trkpt lat="47.60867330" lon="19.14616630"><ele>157.13</ele><time>2025-10-20T13:31:04.425Z</time></trkpt><trkpt lat="47.60866570" lon="19.14616540"><ele>157.12</ele><time>2025-10-20T13:31:04.629Z</time></trkpt><trkpt lat="47.60865810" lon="19.14616460"><ele>157.12</ele><time>2025-10-20T13:31:04.830Z</time></trkpt><trkpt lat="47.60865050" lon="19.14616400"><ele>157.13</ele><time>2025-10-20T13:31:05.032Z</time></trkpt><trkpt lat="47.60864350" lon="19.14616360"><ele>157.13</ele><time>2025-10-20T13:31:05.217Z</time></trkpt><trkpt lat="47.60863580" lon="19.14616330"><ele>157.13</ele><time>2025-10-20T13:31:05.419Z</time></trkpt><trkpt lat="47.60862820" lon="19.14616320"><ele>157.13</ele><time>2025-10-20T13:31:05.623Z</time></trkpt><trkpt lat="47.60862080" lon="19.14616330"><ele>157.12</ele><time>2025-10-20T13:31:05.823Z</time></trkpt><trkpt lat="47.60861340" lon="19.14616350"><ele>157.10</ele><time>2025-10-20T13:31:06.023Z</time></trkpt><trkpt lat="47.60860610" lon="19.14616400"><ele>157.06</ele><time>2025-10-20T13:31:06.225Z</time></trkpt><trkpt lat="47.60859810" lon="19.14616480"><ele>157.06</ele><time>2025-10-20T13:31:06.445Z</time></trkpt><trkpt lat="47.60859150" lon="19.14616560"><ele>157.05</ele><time>2025-10-20T13:31:06.626Z</time></trkpt><trkpt lat="47.60858400" lon="19.14616660"><ele>157.04</ele><time>2025-10-20T13:31:06.827Z</time></trkpt><trkpt lat="47.60857710" lon="19.14616780"><ele>157.02</ele><time>2025-10-20T13:31:07.008Z</time></trkpt><trkpt lat="47.60856930" lon="19.14616920"><ele>157.01</ele><time>2025-10-20T13:31:07.211Z</time></trkpt><trkpt lat="47.60856060" lon="19.14617120"><ele>157.00</ele><time>2025-10-20T13:31:07.435Z</time></trkpt><trkpt lat="47.60855270" lon="19.14617310"><ele>156.99</ele><time>2025-10-20T13:31:07.636Z</time></trkpt><trkpt lat="47.60854470" lon="19.14617520"><ele>156.98</ele><time>2025-10-20T13:31:07.836Z</time></trkpt><trkpt lat="47.60853670" lon="19.14617760"><ele>156.98</ele><time>2025-10-20T13:31:08.036Z</time></trkpt><trkpt lat="47.60852920" lon="19.14618000"><ele>156.97</ele><time>2025-10-20T13:31:08.221Z</time></trkpt><trkpt lat="47.60852120" lon="19.14618270"><ele>156.97</ele><time>2025-10-20T13:31:08.424Z</time></trkpt><trkpt lat="47.60851410" lon="19.14618510"><ele>156.98</ele><time>2025-10-20T13:31:08.605Z</time></trkpt><trkpt lat="47.60850530" lon="19.14618820"><ele>156.99</ele><time>2025-10-20T13:31:08.825Z</time></trkpt><trkpt lat="47.60849730" lon="19.14619140"><ele>156.99</ele><time>2025-10-20T13:31:09.026Z</time></trkpt><trkpt lat="47.60849010" lon="19.14619450"><ele>157.00</ele><time>2025-10-20T13:31:09.209Z</time></trkpt><trkpt lat="47.60848110" lon="19.14619840"><ele>157.00</ele><time>2025-10-20T13:31:09.434Z</time></trkpt><trkpt lat="47.60847480" lon="19.14620130"><ele>156.98</ele><time>2025-10-20T13:31:09.595Z</time></trkpt><trkpt lat="47.60846680" lon="19.14620520"><ele>156.97</ele><time>2025-10-20T13:31:09.796Z</time></trkpt><trkpt lat="47.60845730" lon="19.14621010"><ele>156.96</ele><time>2025-10-20T13:31:10.037Z</time></trkpt><trkpt lat="47.60844940" lon="19.14621440"><ele>156.95</ele><time>2025-10-20T13:31:10.238Z</time></trkpt><trkpt lat="47.60844150" lon="19.14621880"><ele>156.92</ele><time>2025-10-20T13:31:10.440Z</time></trkpt><trkpt lat="47.60843380" lon="19.14622320"><ele>156.90</ele><time>2025-10-20T13:31:10.640Z</time></trkpt><trkpt lat="47.60842610" lon="19.14622760"><ele>156.88</ele><time>2025-10-20T13:31:10.840Z</time></trkpt><trkpt lat="47.60841840" lon="19.14623200"><ele>156.86</ele><time>2025-10-20T13:31:11.043Z</time></trkpt><trkpt lat="47.60841070" lon="19.14623650"><ele>156.84</ele><time>2025-10-20T13:31:11.244Z</time></trkpt><trkpt lat="47.60840320" lon="19.14624140"><ele>156.83</ele><time>2025-10-20T13:31:11.445Z</time></trkpt><trkpt lat="47.60839730" lon="19.14624530"><ele>156.82</ele><time>2025-10-20T13:31:11.607Z</time></trkpt><trkpt lat="47.60838830" lon="19.14625170"><ele>156.80</ele><time>2025-10-20T13:31:11.849Z</time></trkpt><trkpt lat="47.60838080" lon="19.14625740"><ele>156.77</ele><time>2025-10-20T13:31:12.051Z</time></trkpt><trkpt lat="47.60837460" lon="19.14626220"><ele>156.76</ele><time>2025-10-20T13:31:12.220Z</time></trkpt><trkpt lat="47.60837080" lon="19.14626520"><ele>156.76</ele><time>2025-10-20T13:31:12.323Z</time></trkpt><trkpt lat="47.60835900" lon="19.14627530"><ele>156.76</ele><time>2025-10-20T13:31:12.645Z</time></trkpt><trkpt lat="47.60835180" lon="19.14628180"><ele>156.75</ele><time>2025-10-20T13:31:12.846Z</time></trkpt><trkpt lat="47.60834460" lon="19.14628850"><ele>156.74</ele><time>2025-10-20T13:31:13.048Z</time></trkpt><trkpt lat="47.60833740" lon="19.14629560"><ele>156.73</ele><time>2025-10-20T13:31:13.253Z</time></trkpt><trkpt lat="47.60833030" lon="19.14630270"><ele>156.73</ele><time>2025-10-20T13:31:13.454Z</time></trkpt><trkpt lat="47.60832340" lon="19.14630980"><ele>156.72</ele><time>2025-10-20T13:31:13.654Z</time></trkpt><trkpt lat="47.60831670" lon="19.14631700"><ele>156.72</ele><time>2025-10-20T13:31:13.854Z</time></trkpt><trkpt lat="47.60831070" lon="19.14632350"><ele>156.71</ele><time>2025-10-20T13:31:14.035Z</time></trkpt><trkpt lat="47.60830330" lon="19.14633170"><ele>156.71</ele><time>2025-10-20T13:31:14.259Z</time></trkpt><trkpt lat="47.60829800" lon="19.14633790"><ele>156.71</ele><time>2025-10-20T13:31:14.423Z</time></trkpt><trkpt lat="47.60829090" lon="19.14634630"><ele>156.72</ele><time>2025-10-20T13:31:14.644Z</time></trkpt><trkpt lat="47.60828450" lon="19.14635420"><ele>156.73</ele><time>2025-10-20T13:31:14.845Z</time></trkpt><trkpt lat="47.60827820" lon="19.14636200"><ele>156.75</ele><time>2025-10-20T13:31:15.045Z</time></trkpt><trkpt lat="47.60827260" lon="19.14636910"><ele>156.75</ele><time>2025-10-20T13:31:15.226Z</time></trkpt><trkpt lat="47.60826580" lon="19.14637790"><ele>156.75</ele><time>2025-10-20T13:31:15.447Z</time></trkpt><trkpt lat="47.60825960" lon="19.14638620"><ele>156.75</ele><time>2025-10-20T13:31:15.649Z</time></trkpt><trkpt lat="47.60825360" lon="19.14639460"><ele>156.75</ele><time>2025-10-20T13:31:15.850Z</time></trkpt><trkpt lat="47.60824770" lon="19.14640310"><ele>156.75</ele><time>2025-10-20T13:31:16.052Z</time></trkpt><trkpt lat="47.60824280" lon="19.14641030"><ele>156.75</ele><time>2025-10-20T13:31:16.219Z</time></trkpt><trkpt lat="47.60823630" lon="19.14642030"><ele>156.76</ele><time>2025-10-20T13:31:16.447Z</time></trkpt><trkpt lat="47.60823180" lon="19.14642740"><ele>156.76</ele><time>2025-10-20T13:31:16.608Z</time></trkpt><trkpt lat="47.60822560" lon="19.14643740"><ele>156.76</ele><time>2025-10-20T13:31:16.828Z</time></trkpt><trkpt lat="47.60822000" lon="19.14644660"><ele>156.75</ele><time>2025-10-20T13:31:17.029Z</time></trkpt><trkpt lat="47.60821450" lon="19.14645600"><ele>156.75</ele><time>2025-10-20T13:31:17.231Z</time></trkpt><trkpt lat="47.60820910" lon="19.14646540"><ele>156.76</ele><time>2025-10-20T13:31:17.431Z</time></trkpt><trkpt lat="47.60820340" lon="19.14647580"><ele>156.76</ele><time>2025-10-20T13:31:17.652Z</time></trkpt><trkpt lat="47.60819840" lon="19.14648530"><ele>156.76</ele><time>2025-10-20T13:31:17.853Z</time></trkpt><trkpt lat="47.60819350" lon="19.14649500"><ele>156.76</ele><time>2025-10-20T13:31:18.053Z</time></trkpt><trkpt lat="47.60818860" lon="19.14650490"><ele>156.75</ele><time>2025-10-20T13:31:18.256Z</time></trkpt><trkpt lat="47.60818390" lon="19.14651470"><ele>156.76</ele><time>2025-10-20T13:31:18.457Z</time></trkpt><trkpt lat="47.60817930" lon="19.14652450"><ele>156.75</ele><time>2025-10-20T13:31:18.658Z</time></trkpt><trkpt lat="47.60817480" lon="19.14653440"><ele>156.75</ele><time>2025-10-20T13:31:18.859Z</time></trkpt><trkpt lat="47.60817060" lon="19.14654440"><ele>156.75</ele><time>2025-10-20T13:31:19.060Z</time></trkpt><trkpt lat="47.60816630" lon="19.14655450"><ele>156.77</ele><time>2025-10-20T13:31:19.261Z</time></trkpt><trkpt lat="47.60816210" lon="19.14656470"><ele>156.78</ele><time>2025-10-20T13:31:19.463Z</time></trkpt><trkpt lat="47.60815810" lon="19.14657490"><ele>156.79</ele><time>2025-10-20T13:31:19.665Z</time></trkpt><trkpt lat="47.60815460" lon="19.14658410"><ele>156.80</ele><time>2025-10-20T13:31:19.844Z</time></trkpt><trkpt lat="47.60815060" lon="19.14659460"><ele>156.82</ele><time>2025-10-20T13:31:20.046Z</time></trkpt><trkpt lat="47.60814660" lon="19.14660610"><ele>156.85</ele><time>2025-10-20T13:31:20.269Z</time></trkpt><trkpt lat="47.60814300" lon="19.14661660"><ele>156.85</ele><time>2025-10-20T13:31:20.472Z</time></trkpt><trkpt lat="47.60813950" lon="19.14662730"><ele>156.86</ele><time>2025-10-20T13:31:20.673Z</time></trkpt><trkpt lat="47.60813600" lon="19.14663800"><ele>156.87</ele><time>2025-10-20T13:31:20.873Z</time></trkpt><trkpt lat="47.60813250" lon="19.14664870"><ele>156.88</ele><time>2025-10-20T13:31:21.073Z</time></trkpt><trkpt lat="47.60812910" lon="19.14665980"><ele>156.90</ele><time>2025-10-20T13:31:21.277Z</time></trkpt><trkpt lat="47.60812610" lon="19.14666980"><ele>156.91</ele><time>2025-10-20T13:31:21.460Z</time></trkpt><trkpt lat="47.60812290" lon="19.14668100"><ele>156.92</ele><time>2025-10-20T13:31:21.662Z</time></trkpt><trkpt lat="47.60811990" lon="19.14669220"><ele>156.94</ele><time>2025-10-20T13:31:21.863Z</time></trkpt><trkpt lat="47.60811700" lon="19.14670350"><ele>156.95</ele><time>2025-10-20T13:31:22.065Z</time></trkpt><trkpt lat="47.60811420" lon="19.14671490"><ele>156.96</ele><time>2025-10-20T13:31:22.266Z</time></trkpt><trkpt lat="47.60811160" lon="19.14672640"><ele>156.97</ele><time>2025-10-20T13:31:22.466Z</time></trkpt><trkpt lat="47.60810900" lon="19.14673790"><ele>156.97</ele><time>2025-10-20T13:31:22.669Z</time></trkpt><trkpt lat="47.60810680" lon="19.14674800"><ele>156.99</ele><time>2025-10-20T13:31:22.850Z</time></trkpt><trkpt lat="47.60810450" lon="19.14676020"><ele>157.00</ele><time>2025-10-20T13:31:23.071Z</time></trkpt><trkpt lat="47.60810240" lon="19.14677190"><ele>156.99</ele><time>2025-10-20T13:31:23.276Z</time></trkpt><trkpt lat="47.60810050" lon="19.14678350"><ele>156.99</ele><time>2025-10-20T13:31:23.477Z</time></trkpt><trkpt lat="47.60809910" lon="19.14679410"><ele>157.01</ele><time>2025-10-20T13:31:23.660Z</time></trkpt><trkpt lat="47.60809780" lon="19.14680600"><ele>157.02</ele><time>2025-10-20T13:31:23.862Z</time></trkpt><trkpt lat="47.60809660" lon="19.14681850"><ele>157.00</ele><time>2025-10-20T13:31:24.073Z</time></trkpt><trkpt lat="47.60809560" lon="19.14683040"><ele>156.99</ele><time>2025-10-20T13:31:24.273Z</time></trkpt><trkpt lat="47.60809470" lon="19.14684190"><ele>157.00</ele><time>2025-10-20T13:31:24.474Z</time></trkpt><trkpt lat="47.60809380" lon="19.14685350"><ele>156.99</ele><time>2025-10-20T13:31:24.675Z</time></trkpt><trkpt lat="47.60809310" lon="19.14686500"><ele>156.97</ele><time>2025-10-20T13:31:24.876Z</time></trkpt><trkpt lat="47.60809240" lon="19.14687650"><ele>156.96</ele><time>2025-10-20T13:31:25.076Z</time></trkpt><trkpt lat="47.60809160" lon="19.14688830"><ele>156.95</ele><time>2025-10-20T13:31:25.277Z</time></trkpt><trkpt lat="47.60809090" lon="19.14690000"><ele>156.93</ele><time>2025-10-20T13:31:25.477Z</time></trkpt><trkpt lat="47.60809020" lon="19.14691180"><ele>156.93</ele><time>2025-10-20T13:31:25.678Z</time></trkpt><trkpt lat="47.60808940" lon="19.14692370"><ele>156.93</ele><time>2025-10-20T13:31:25.880Z</time></trkpt><trkpt lat="47.60808870" lon="19.14693540"><ele>156.91</ele><time>2025-10-20T13:31:26.078Z</time></trkpt><trkpt lat="47.60808820" lon="19.14694770"><ele>156.90</ele><time>2025-10-20T13:31:26.281Z</time></trkpt><trkpt lat="47.60808770" lon="19.14695970"><ele>156.88</ele><time>2025-10-20T13:31:26.483Z</time></trkpt><trkpt lat="47.60808750" lon="19.14696930"><ele>156.84</ele><time>2025-10-20T13:31:26.646Z</time></trkpt><trkpt lat="47.60808740" lon="19.14698000"><ele>156.81</ele><time>2025-10-20T13:31:26.830Z</time></trkpt><trkpt lat="47.60808760" lon="19.14699350"><ele>156.80</ele><time>2025-10-20T13:31:27.055Z</time></trkpt><trkpt lat="47.60808800" lon="19.14700560"><ele>156.78</ele><time>2025-10-20T13:31:27.260Z</time></trkpt><trkpt lat="47.60808860" lon="19.14701790"><ele>156.75</ele><time>2025-10-20T13:31:27.467Z</time></trkpt><trkpt lat="47.60808940" lon="19.14703030"><ele>156.73</ele><time>2025-10-20T13:31:27.668Z</time></trkpt><trkpt lat="47.60809020" lon="19.14704290"><ele>156.71</ele><time>2025-10-20T13:31:27.871Z</time></trkpt><trkpt lat="47.60809120" lon="19.14705540"><ele>156.67</ele><time>2025-10-20T13:31:28.071Z</time></trkpt><trkpt lat="47.60809240" lon="19.14706810"><ele>156.61</ele><time>2025-10-20T13:31:28.275Z</time></trkpt><trkpt lat="47.60809400" lon="19.14708050"><ele>156.56</ele><time>2025-10-20T13:31:28.475Z</time></trkpt><trkpt lat="47.60809580" lon="19.14709260"><ele>156.53</ele><time>2025-10-20T13:31:28.676Z</time></trkpt><trkpt lat="47.60809790" lon="19.14710470"><ele>156.52</ele><time>2025-10-20T13:31:28.879Z</time></trkpt><trkpt lat="47.60810020" lon="19.14711660"><ele>156.50</ele><time>2025-10-20T13:31:29.080Z</time></trkpt><trkpt lat="47.60810270" lon="19.14712880"><ele>156.49</ele><time>2025-10-20T13:31:29.282Z</time></trkpt><trkpt lat="47.60810550" lon="19.14714110"><ele>156.50</ele><time>2025-10-20T13:31:29.485Z</time></trkpt><trkpt lat="47.60810800" lon="19.14715210"><ele>156.49</ele><time>2025-10-20T13:31:29.666Z</time></trkpt><trkpt lat="47.60811070" lon="19.14716410"><ele>156.49</ele><time>2025-10-20T13:31:29.866Z</time></trkpt><trkpt lat="47.60811360" lon="19.14717580"><ele>156.50</ele><time>2025-10-20T13:31:30.067Z</time></trkpt><trkpt lat="47.60811680" lon="19.14718890"><ele>156.50</ele><time>2025-10-20T13:31:30.289Z</time></trkpt><trkpt lat="47.60811950" lon="19.14719980"><ele>156.51</ele><time>2025-10-20T13:31:30.481Z</time></trkpt><trkpt lat="47.60812240" lon="19.14721110"><ele>156.51</ele><time>2025-10-20T13:31:30.682Z</time></trkpt><trkpt lat="47.60812520" lon="19.14722260"><ele>156.50</ele><time>2025-10-20T13:31:30.887Z</time></trkpt><trkpt lat="47.60812780" lon="19.14723420"><ele>156.51</ele><time>2025-10-20T13:31:31.090Z</time></trkpt><trkpt lat="47.60813030" lon="19.14724560"><ele>156.51</ele><time>2025-10-20T13:31:31.294Z</time></trkpt><trkpt lat="47.60813260" lon="19.14725630"><ele>156.51</ele><time>2025-10-20T13:31:31.483Z</time></trkpt><trkpt lat="47.60813510" lon="19.14726760"><ele>156.50</ele><time>2025-10-20T13:31:31.685Z</time></trkpt><trkpt lat="47.60813750" lon="19.14727770"><ele>156.51</ele><time>2025-10-20T13:31:31.866Z</time></trkpt><trkpt lat="47.60814060" lon="19.14729020"><ele>156.55</ele><time>2025-10-20T13:31:32.088Z</time></trkpt><trkpt lat="47.60814350" lon="19.14730150"><ele>156.58</ele><time>2025-10-20T13:31:32.290Z</time></trkpt><trkpt lat="47.60814660" lon="19.14731260"><ele>156.61</ele><time>2025-10-20T13:31:32.490Z</time></trkpt><trkpt lat="47.60815000" lon="19.14732370"><ele>156.63</ele><time>2025-10-20T13:31:32.692Z</time></trkpt><trkpt lat="47.60815360" lon="19.14733480"><ele>156.67</ele><time>2025-10-20T13:31:32.895Z</time></trkpt><trkpt lat="47.60815730" lon="19.14734570"><ele>156.70</ele><time>2025-10-20T13:31:33.098Z</time></trkpt><trkpt lat="47.60816140" lon="19.14735670"><ele>156.74</ele><time>2025-10-20T13:31:33.308Z</time></trkpt><trkpt lat="47.60816510" lon="19.14736640"><ele>156.77</ele><time>2025-10-20T13:31:33.493Z</time></trkpt><trkpt lat="47.60816930" lon="19.14737680"><ele>156.80</ele><time>2025-10-20T13:31:33.693Z</time></trkpt><trkpt lat="47.60817370" lon="19.14738750"><ele>156.84</ele><time>2025-10-20T13:31:33.899Z</time></trkpt><trkpt lat="47.60817830" lon="19.14739790"><ele>156.87</ele><time>2025-10-20T13:31:34.100Z</time></trkpt><trkpt lat="47.60818320" lon="19.14740880"><ele>156.89</ele><time>2025-10-20T13:31:34.310Z</time></trkpt><trkpt lat="47.60818650" lon="19.14741600"><ele>156.92</ele><time>2025-10-20T13:31:34.450Z</time></trkpt><trkpt lat="47.60819230" lon="19.14742840"><ele>156.97</ele><time>2025-10-20T13:31:34.691Z</time></trkpt><trkpt lat="47.60819760" lon="19.14743950"><ele>157.00</ele><time>2025-10-20T13:31:34.910Z</time></trkpt><trkpt lat="47.60820240" lon="19.14744940"><ele>157.02</ele><time>2025-10-20T13:31:35.111Z</time></trkpt><trkpt lat="47.60820690" lon="19.14745870"><ele>157.03</ele><time>2025-10-20T13:31:35.294Z</time></trkpt><trkpt lat="47.60821140" lon="19.14746750"><ele>157.04</ele><time>2025-10-20T13:31:35.475Z</time></trkpt><trkpt lat="47.60821650" lon="19.14747720"><ele>157.04</ele><time>2025-10-20T13:31:35.675Z</time></trkpt><trkpt lat="47.60822230" lon="19.14748790"><ele>157.04</ele><time>2025-10-20T13:31:35.899Z</time></trkpt><trkpt lat="47.60822770" lon="19.14749740"><ele>157.04</ele><time>2025-10-20T13:31:36.100Z</time></trkpt><trkpt lat="47.60823270" lon="19.14750590"><ele>157.04</ele><time>2025-10-20T13:31:36.280Z</time></trkpt><trkpt lat="47.60823820" lon="19.14751520"><ele>157.04</ele><time>2025-10-20T13:31:36.481Z</time></trkpt><trkpt lat="47.60824390" lon="19.14752440"><ele>157.05</ele><time>2025-10-20T13:31:36.681Z</time></trkpt><trkpt lat="47.60825040" lon="19.14753430"><ele>157.08</ele><time>2025-10-20T13:31:36.903Z</time></trkpt><trkpt lat="47.60825640" lon="19.14754330"><ele>157.10</ele><time>2025-10-20T13:31:37.104Z</time></trkpt><trkpt lat="47.60826240" lon="19.14755180"><ele>157.13</ele><time>2025-10-20T13:31:37.298Z</time></trkpt><trkpt lat="47.60826880" lon="19.14756060"><ele>157.16</ele><time>2025-10-20T13:31:37.500Z</time></trkpt><trkpt lat="47.60827530" lon="19.14756920"><ele>157.16</ele><time>2025-10-20T13:31:37.702Z</time></trkpt><trkpt lat="47.60828180" lon="19.14757750"><ele>157.16</ele><time>2025-10-20T13:31:37.904Z</time></trkpt><trkpt lat="47.60828830" lon="19.14758590"><ele>157.16</ele><time>2025-10-20T13:31:38.106Z</time></trkpt><trkpt lat="47.60829420" lon="19.14759330"><ele>157.17</ele><time>2025-10-20T13:31:38.290Z</time></trkpt><trkpt lat="47.60830140" lon="19.14760210"><ele>157.17</ele><time>2025-10-20T13:31:38.512Z</time></trkpt><trkpt lat="47.60830730" lon="19.14760920"><ele>157.17</ele><time>2025-10-20T13:31:38.695Z</time></trkpt><trkpt lat="47.60831340" lon="19.14761620"><ele>157.17</ele><time>2025-10-20T13:31:38.877Z</time></trkpt><trkpt lat="47.60832080" lon="19.14762440"><ele>157.15</ele><time>2025-10-20T13:31:39.099Z</time></trkpt><trkpt lat="47.60832780" lon="19.14763190"><ele>157.12</ele><time>2025-10-20T13:31:39.302Z</time></trkpt><trkpt lat="47.60833490" lon="19.14763910"><ele>157.09</ele><time>2025-10-20T13:31:39.506Z</time></trkpt><trkpt lat="47.60834210" lon="19.14764610"><ele>157.09</ele><time>2025-10-20T13:31:39.707Z</time></trkpt><trkpt lat="47.60834960" lon="19.14765290"><ele>157.09</ele><time>2025-10-20T13:31:39.911Z</time></trkpt><trkpt lat="47.60835700" lon="19.14765930"><ele>157.07</ele><time>2025-10-20T13:31:40.112Z</time></trkpt><trkpt lat="47.60836420" lon="19.14766530"><ele>157.04</ele><time>2025-10-20T13:31:40.302Z</time></trkpt><trkpt lat="47.60837190" lon="19.14767130"><ele>157.01</ele><time>2025-10-20T13:31:40.502Z</time></trkpt><trkpt lat="47.60837970" lon="19.14767720"><ele>157.00</ele><time>2025-10-20T13:31:40.703Z</time></trkpt><trkpt lat="47.60838750" lon="19.14768290"><ele>156.97</ele><time>2025-10-20T13:31:40.905Z</time></trkpt><trkpt lat="47.60839540" lon="19.14768840"><ele>156.97</ele><time>2025-10-20T13:31:41.105Z</time></trkpt><trkpt lat="47.60840340" lon="19.14769370"><ele>156.96</ele><time>2025-10-20T13:31:41.308Z</time></trkpt><trkpt lat="47.60841130" lon="19.14769880"><ele>156.94</ele><time>2025-10-20T13:31:41.509Z</time></trkpt><trkpt lat="47.60841930" lon="19.14770370"><ele>156.94</ele><time>2025-10-20T13:31:41.710Z</time></trkpt><trkpt lat="47.60842720" lon="19.14770840"><ele>156.93</ele><time>2025-10-20T13:31:41.912Z</time></trkpt><trkpt lat="47.60843510" lon="19.14771290"><ele>156.94</ele><time>2025-10-20T13:31:42.113Z</time></trkpt><trkpt lat="47.60844290" lon="19.14771710"><ele>156.93</ele><time>2025-10-20T13:31:42.314Z</time></trkpt><trkpt lat="47.60845010" lon="19.14772090"><ele>156.93</ele><time>2025-10-20T13:31:42.495Z</time></trkpt><trkpt lat="47.60845890" lon="19.14772520"><ele>156.93</ele><time>2025-10-20T13:31:42.716Z</time></trkpt><trkpt lat="47.60846680" lon="19.14772890"><ele>156.93</ele><time>2025-10-20T13:31:42.919Z</time></trkpt><trkpt lat="47.60847370" lon="19.14773210"><ele>156.92</ele><time>2025-10-20T13:31:43.100Z</time></trkpt><trkpt lat="47.60848150" lon="19.14773540"><ele>156.90</ele><time>2025-10-20T13:31:43.303Z</time></trkpt><trkpt lat="47.60848920" lon="19.14773870"><ele>156.86</ele><time>2025-10-20T13:31:43.503Z</time></trkpt><trkpt lat="47.60849700" lon="19.14774160"><ele>156.83</ele><time>2025-10-20T13:31:43.704Z</time></trkpt><trkpt lat="47.60850490" lon="19.14774430"><ele>156.83</ele><time>2025-10-20T13:31:43.906Z</time></trkpt><trkpt lat="47.60851280" lon="19.14774660"><ele>156.84</ele><time>2025-10-20T13:31:44.106Z</time></trkpt><trkpt lat="47.60852080" lon="19.14774860"><ele>156.84</ele><time>2025-10-20T13:31:44.307Z</time></trkpt><trkpt lat="47.60852880" lon="19.14775040"><ele>156.80</ele><time>2025-10-20T13:31:44.508Z</time></trkpt><trkpt lat="47.60853510" lon="19.14775190"><ele>156.78</ele><time>2025-10-20T13:31:44.668Z</time></trkpt><trkpt lat="47.60854370" lon="19.14775380"><ele>156.77</ele><time>2025-10-20T13:31:44.889Z</time></trkpt><trkpt lat="47.60855240" lon="19.14775560"><ele>156.73</ele><time>2025-10-20T13:31:45.108Z</time></trkpt><trkpt lat="47.60856040" lon="19.14775720"><ele>156.72</ele><time>2025-10-20T13:31:45.314Z</time></trkpt><trkpt lat="47.60856840" lon="19.14775860"><ele>156.70</ele><time>2025-10-20T13:31:45.515Z</time></trkpt><trkpt lat="47.60857640" lon="19.14776000"><ele>156.67</ele><time>2025-10-20T13:31:45.716Z</time></trkpt><trkpt lat="47.60858450" lon="19.14776110"><ele>156.64</ele><time>2025-10-20T13:31:45.917Z</time></trkpt><trkpt lat="47.60859280" lon="19.14776210"><ele>156.63</ele><time>2025-10-20T13:31:46.119Z</time></trkpt><trkpt lat="47.60859870" lon="19.14776270"><ele>156.62</ele><time>2025-10-20T13:31:46.260Z</time></trkpt><trkpt lat="47.60860800" lon="19.14776330"><ele>156.61</ele><time>2025-10-20T13:31:46.483Z</time></trkpt><trkpt lat="47.60861630" lon="19.14776360"><ele>156.62</ele><time>2025-10-20T13:31:46.686Z</time></trkpt><trkpt lat="47.60862540" lon="19.14776370"><ele>156.63</ele><time>2025-10-20T13:31:46.906Z</time></trkpt><trkpt lat="47.60863280" lon="19.14776380"><ele>156.63</ele><time>2025-10-20T13:31:47.088Z</time></trkpt><trkpt lat="47.60864190" lon="19.14776380"><ele>156.63</ele><time>2025-10-20T13:31:47.314Z</time></trkpt><trkpt lat="47.60864990" lon="19.14776360"><ele>156.64</ele><time>2025-10-20T13:31:47.514Z</time></trkpt><trkpt lat="47.60865670" lon="19.14776310"><ele>156.64</ele><time>2025-10-20T13:31:47.685Z</time></trkpt><trkpt lat="47.60866550" lon="19.14776220"><ele>156.65</ele><time>2025-10-20T13:31:47.906Z</time></trkpt><trkpt lat="47.60867360" lon="19.14776120"><ele>156.67</ele><time>2025-10-20T13:31:48.107Z</time></trkpt><trkpt lat="47.60868170" lon="19.14776020"><ele>156.70</ele><time>2025-10-20T13:31:48.310Z</time></trkpt><trkpt lat="47.60868960" lon="19.14775880"><ele>156.73</ele><time>2025-10-20T13:31:48.512Z</time></trkpt><trkpt lat="47.60869760" lon="19.14775740"><ele>156.75</ele><time>2025-10-20T13:31:48.714Z</time></trkpt><trkpt lat="47.60870570" lon="19.14775580"><ele>156.77</ele><time>2025-10-20T13:31:48.918Z</time></trkpt><trkpt lat="47.60871370" lon="19.14775400"><ele>156.79</ele><time>2025-10-20T13:31:49.118Z</time></trkpt><trkpt lat="47.60872140" lon="19.14775220"><ele>156.79</ele><time>2025-10-20T13:31:49.311Z</time></trkpt><trkpt lat="47.60872940" lon="19.14775020"><ele>156.79</ele><time>2025-10-20T13:31:49.512Z</time></trkpt><trkpt lat="47.60873640" lon="19.14774820"><ele>156.80</ele><time>2025-10-20T13:31:49.693Z</time></trkpt><trkpt lat="47.60874490" lon="19.14774570"><ele>156.81</ele><time>2025-10-20T13:31:49.915Z</time></trkpt><trkpt lat="47.60875250" lon="19.14774330"><ele>156.83</ele><time>2025-10-20T13:31:50.117Z</time></trkpt><trkpt lat="47.60875840" lon="19.14774140"><ele>156.84</ele><time>2025-10-20T13:31:50.279Z</time></trkpt><trkpt lat="47.60876670" lon="19.14773850"><ele>156.86</ele><time>2025-10-20T13:31:50.512Z</time></trkpt><trkpt lat="47.60877390" lon="19.14773590"><ele>156.86</ele><time>2025-10-20T13:31:50.716Z</time></trkpt><trkpt lat="47.60878090" lon="19.14773310"><ele>156.85</ele><time>2025-10-20T13:31:50.918Z</time></trkpt><trkpt lat="47.60878810" lon="19.14773010"><ele>156.85</ele><time>2025-10-20T13:31:51.122Z</time></trkpt><trkpt lat="47.60879460" lon="19.14772720"><ele>156.84</ele><time>2025-10-20T13:31:51.310Z</time></trkpt><trkpt lat="47.60880180" lon="19.14772390"><ele>156.82</ele><time>2025-10-20T13:31:51.513Z</time></trkpt><trkpt lat="47.60880890" lon="19.14772050"><ele>156.81</ele><time>2025-10-20T13:31:51.713Z</time></trkpt><trkpt lat="47.60881610" lon="19.14771690"><ele>156.82</ele><time>2025-10-20T13:31:51.916Z</time></trkpt><trkpt lat="47.60882340" lon="19.14771300"><ele>156.82</ele><time>2025-10-20T13:31:52.117Z</time></trkpt><trkpt lat="47.60882930" lon="19.14770980"><ele>156.81</ele><time>2025-10-20T13:31:52.281Z</time></trkpt><trkpt lat="47.60883730" lon="19.14770540"><ele>156.82</ele><time>2025-10-20T13:31:52.504Z</time></trkpt><trkpt lat="47.60884460" lon="19.14770110"><ele>156.82</ele><time>2025-10-20T13:31:52.706Z</time></trkpt><trkpt lat="47.60885180" lon="19.14769670"><ele>156.83</ele><time>2025-10-20T13:31:52.906Z</time></trkpt><trkpt lat="47.60885890" lon="19.14769230"><ele>156.85</ele><time>2025-10-20T13:31:53.108Z</time></trkpt><trkpt lat="47.60886530" lon="19.14768810"><ele>156.86</ele><time>2025-10-20T13:31:53.289Z</time></trkpt><trkpt lat="47.60887300" lon="19.14768290"><ele>156.86</ele><time>2025-10-20T13:31:53.511Z</time></trkpt><trkpt lat="47.60887980" lon="19.14767810"><ele>156.86</ele><time>2025-10-20T13:31:53.711Z</time></trkpt><trkpt lat="47.60888670" lon="19.14767300"><ele>156.85</ele><time>2025-10-20T13:31:53.912Z</time></trkpt><trkpt lat="47.60889220" lon="19.14766880"><ele>156.84</ele><time>2025-10-20T13:31:54.073Z</time></trkpt><trkpt lat="47.60890020" lon="19.14766250"><ele>156.84</ele><time>2025-10-20T13:31:54.307Z</time></trkpt><trkpt lat="47.60890690" lon="19.14765670"><ele>156.83</ele><time>2025-10-20T13:31:54.510Z</time></trkpt><trkpt lat="47.60891360" lon="19.14765050"><ele>156.81</ele><time>2025-10-20T13:31:54.714Z</time></trkpt><trkpt lat="47.60892030" lon="19.14764420"><ele>156.81</ele><time>2025-10-20T13:31:54.915Z</time></trkpt><trkpt lat="47.60892700" lon="19.14763770"><ele>156.81</ele><time>2025-10-20T13:31:55.116Z</time></trkpt><trkpt lat="47.60893370" lon="19.14763110"><ele>156.81</ele><time>2025-10-20T13:31:55.323Z</time></trkpt><trkpt lat="47.60894010" lon="19.14762470"><ele>156.82</ele><time>2025-10-20T13:31:55.514Z</time></trkpt><trkpt lat="47.60894680" lon="19.14761770"><ele>156.82</ele><time>2025-10-20T13:31:55.715Z</time></trkpt><trkpt lat="47.60895290" lon="19.14761100"><ele>156.83</ele><time>2025-10-20T13:31:55.897Z</time></trkpt><trkpt lat="47.60895970" lon="19.14760320"><ele>156.83</ele><time>2025-10-20T13:31:56.098Z</time></trkpt><trkpt lat="47.60896690" lon="19.14759480"><ele>156.84</ele><time>2025-10-20T13:31:56.312Z</time></trkpt><trkpt lat="47.60897370" lon="19.14758640"><ele>156.84</ele><time>2025-10-20T13:31:56.516Z</time></trkpt><trkpt lat="47.60898010" lon="19.14757820"><ele>156.84</ele><time>2025-10-20T13:31:56.719Z</time></trkpt><trkpt lat="47.60898640" lon="19.14756990"><ele>156.84</ele><time>2025-10-20T13:31:56.921Z</time></trkpt><trkpt lat="47.60899280" lon="19.14756170"><ele>156.83</ele><time>2025-10-20T13:31:57.123Z</time></trkpt><trkpt lat="47.60899870" lon="19.14755390"><ele>156.84</ele><time>2025-10-20T13:31:57.313Z</time></trkpt><trkpt lat="47.60900490" lon="19.14754560"><ele>156.84</ele><time>2025-10-20T13:31:57.514Z</time></trkpt><trkpt lat="47.60901110" lon="19.14753720"><ele>156.84</ele><time>2025-10-20T13:31:57.716Z</time></trkpt><trkpt lat="47.60901730" lon="19.14752870"><ele>156.85</ele><time>2025-10-20T13:31:57.915Z</time></trkpt><trkpt lat="47.60902330" lon="19.14752000"><ele>156.86</ele><time>2025-10-20T13:31:58.117Z</time></trkpt><trkpt lat="47.60902830" lon="19.14751250"><ele>156.87</ele><time>2025-10-20T13:31:58.289Z</time></trkpt><trkpt lat="47.60903410" lon="19.14750350"><ele>156.87</ele><time>2025-10-20T13:31:58.492Z</time></trkpt><trkpt lat="47.60903980" lon="19.14749440"><ele>156.87</ele><time>2025-10-20T13:31:58.693Z</time></trkpt><trkpt lat="47.60904570" lon="19.14748430"><ele>156.88</ele><time>2025-10-20T13:31:58.914Z</time></trkpt><trkpt lat="47.60905100" lon="19.14747490"><ele>156.90</ele><time>2025-10-20T13:31:59.114Z</time></trkpt><trkpt lat="47.60905630" lon="19.14746530"><ele>156.91</ele><time>2025-10-20T13:31:59.317Z</time></trkpt><trkpt lat="47.60906090" lon="19.14745660"><ele>156.93</ele><time>2025-10-20T13:31:59.498Z</time></trkpt><trkpt lat="47.60906600" lon="19.14744660"><ele>156.94</ele><time>2025-10-20T13:31:59.700Z</time></trkpt><trkpt lat="47.60907140" lon="19.14743550"><ele>156.96</ele><time>2025-10-20T13:31:59.921Z</time></trkpt><trkpt lat="47.60907620" lon="19.14742520"><ele>156.97</ele><time>2025-10-20T13:32:00.122Z</time></trkpt><trkpt lat="47.60908100" lon="19.14741500"><ele>156.98</ele><time>2025-10-20T13:32:00.324Z</time></trkpt><trkpt lat="47.60908520" lon="19.14740560"><ele>156.98</ele><time>2025-10-20T13:32:00.506Z</time></trkpt><trkpt lat="47.60909020" lon="19.14739420"><ele>156.99</ele><time>2025-10-20T13:32:00.727Z</time></trkpt><trkpt lat="47.60909380" lon="19.14738580"><ele>156.99</ele><time>2025-10-20T13:32:00.888Z</time></trkpt><trkpt lat="47.60909910" lon="19.14737300"><ele>156.99</ele><time>2025-10-20T13:32:01.129Z</time></trkpt><trkpt lat="47.60910290" lon="19.14736340"><ele>157.00</ele><time>2025-10-20T13:32:01.312Z</time></trkpt><trkpt lat="47.60910740" lon="19.14735160"><ele>157.00</ele><time>2025-10-20T13:32:01.533Z</time></trkpt><trkpt lat="47.60911130" lon="19.14734090"><ele>157.01</ele><time>2025-10-20T13:32:01.734Z</time></trkpt><trkpt lat="47.60911500" lon="19.14733070"><ele>157.01</ele><time>2025-10-20T13:32:01.924Z</time></trkpt><trkpt lat="47.60911900" lon="19.14731940"><ele>157.02</ele><time>2025-10-20T13:32:02.135Z</time></trkpt><trkpt lat="47.60912230" lon="19.14730960"><ele>157.03</ele><time>2025-10-20T13:32:02.316Z</time></trkpt><trkpt lat="47.60912600" lon="19.14729860"><ele>157.02</ele><time>2025-10-20T13:32:02.518Z</time></trkpt><trkpt lat="47.60912950" lon="19.14728760"><ele>157.03</ele><time>2025-10-20T13:32:02.719Z</time></trkpt><trkpt lat="47.60913280" lon="19.14727660"><ele>157.03</ele><time>2025-10-20T13:32:02.920Z</time></trkpt><trkpt lat="47.60913570" lon="19.14726670"><ele>157.03</ele><time>2025-10-20T13:32:03.101Z</time></trkpt><trkpt lat="47.60913920" lon="19.14725370"><ele>157.04</ele><time>2025-10-20T13:32:03.331Z</time></trkpt><trkpt lat="47.60914220" lon="19.14724250"><ele>157.03</ele><time>2025-10-20T13:32:03.532Z</time></trkpt><trkpt lat="47.60914500" lon="19.14723110"><ele>157.03</ele><time>2025-10-20T13:32:03.732Z</time></trkpt><trkpt lat="47.60914780" lon="19.14721960"><ele>157.02</ele><time>2025-10-20T13:32:03.936Z</time></trkpt><trkpt lat="47.60915040" lon="19.14720810"><ele>157.02</ele><time>2025-10-20T13:32:04.136Z</time></trkpt><trkpt lat="47.60915280" lon="19.14719660"><ele>157.02</ele><time>2025-10-20T13:32:04.339Z</time></trkpt><trkpt lat="47.60915510" lon="19.14718530"><ele>157.02</ele><time>2025-10-20T13:32:04.539Z</time></trkpt><trkpt lat="47.60915680" lon="19.14717610"><ele>157.02</ele><time>2025-10-20T13:32:04.701Z</time></trkpt><trkpt lat="47.60915890" lon="19.14716360"><ele>157.02</ele><time>2025-10-20T13:32:04.922Z</time></trkpt><trkpt lat="47.60916080" lon="19.14715210"><ele>157.02</ele><time>2025-10-20T13:32:05.122Z</time></trkpt><trkpt lat="47.60916250" lon="19.14714050"><ele>157.02</ele><time>2025-10-20T13:32:05.323Z</time></trkpt><trkpt lat="47.60916420" lon="19.14712870"><ele>157.02</ele><time>2025-10-20T13:32:05.529Z</time></trkpt><trkpt lat="47.60916570" lon="19.14711720"><ele>157.02</ele><time>2025-10-20T13:32:05.732Z</time></trkpt><trkpt lat="47.60916720" lon="19.14710570"><ele>157.03</ele><time>2025-10-20T13:32:05.932Z</time></trkpt><trkpt lat="47.60916850" lon="19.14709430"><ele>157.02</ele><time>2025-10-20T13:32:06.132Z</time></trkpt><trkpt lat="47.60916990" lon="19.14708260"><ele>157.03</ele><time>2025-10-20T13:32:06.339Z</time></trkpt><trkpt lat="47.60917100" lon="19.14707100"><ele>157.04</ele><time>2025-10-20T13:32:06.539Z</time></trkpt><trkpt lat="47.60917210" lon="19.14705940"><ele>157.04</ele><time>2025-10-20T13:32:06.740Z</time></trkpt><trkpt lat="47.60917300" lon="19.14704780"><ele>157.05</ele><time>2025-10-20T13:32:06.940Z</time></trkpt><trkpt lat="47.60917390" lon="19.14703590"><ele>157.05</ele><time>2025-10-20T13:32:07.143Z</time></trkpt><trkpt lat="47.60917470" lon="19.14702500"><ele>157.05</ele><time>2025-10-20T13:32:07.331Z</time></trkpt><trkpt lat="47.60917530" lon="19.14701330"><ele>157.05</ele><time>2025-10-20T13:32:07.532Z</time></trkpt><trkpt lat="47.60917570" lon="19.14700270"><ele>157.05</ele><time>2025-10-20T13:32:07.715Z</time></trkpt><trkpt lat="47.60917590" lon="19.14698990"><ele>157.06</ele><time>2025-10-20T13:32:07.935Z</time></trkpt><trkpt lat="47.60917600" lon="19.14697920"><ele>157.07</ele><time>2025-10-20T13:32:08.118Z</time></trkpt><trkpt lat="47.60917600" lon="19.14696600"><ele>157.07</ele><time>2025-10-20T13:32:08.341Z</time></trkpt><trkpt lat="47.60917580" lon="19.14695420"><ele>157.07</ele><time>2025-10-20T13:32:08.541Z</time></trkpt><trkpt lat="47.60917550" lon="19.14694240"><ele>157.06</ele><time>2025-10-20T13:32:08.741Z</time></trkpt><trkpt lat="47.60917510" lon="19.14693070"><ele>157.06</ele><time>2025-10-20T13:32:08.941Z</time></trkpt><trkpt lat="47.60917460" lon="19.14691880"><ele>157.07</ele><time>2025-10-20T13:32:09.143Z</time></trkpt><trkpt lat="47.60917400" lon="19.14690700"><ele>157.07</ele><time>2025-10-20T13:32:09.344Z</time></trkpt><trkpt lat="47.60917330" lon="19.14689510"><ele>157.06</ele><time>2025-10-20T13:32:09.548Z</time></trkpt><trkpt lat="47.60917240" lon="19.14688370"><ele>157.05</ele><time>2025-10-20T13:32:09.750Z</time></trkpt><trkpt lat="47.60917140" lon="19.14687230"><ele>157.05</ele><time>2025-10-20T13:32:09.952Z</time></trkpt><trkpt lat="47.60917030" lon="19.14686100"><ele>157.04</ele><time>2025-10-20T13:32:10.153Z</time></trkpt><trkpt lat="47.60916920" lon="19.14685070"><ele>157.03</ele><time>2025-10-20T13:32:10.336Z</time></trkpt><trkpt lat="47.60916770" lon="19.14683810"><ele>157.02</ele><time>2025-10-20T13:32:10.557Z</time></trkpt><trkpt lat="47.60916640" lon="19.14682660"><ele>157.00</ele><time>2025-10-20T13:32:10.758Z</time></trkpt><trkpt lat="47.60916490" lon="19.14681500"><ele>156.98</ele><time>2025-10-20T13:32:10.960Z</time></trkpt><trkpt lat="47.60916340" lon="19.14680350"><ele>156.97</ele><time>2025-10-20T13:32:11.160Z</time></trkpt><trkpt lat="47.60916180" lon="19.14679160"><ele>156.96</ele><time>2025-10-20T13:32:11.364Z</time></trkpt><trkpt lat="47.60916000" lon="19.14677980"><ele>156.94</ele><time>2025-10-20T13:32:11.565Z</time></trkpt><trkpt lat="47.60915810" lon="19.14676820"><ele>156.93</ele><time>2025-10-20T13:32:11.765Z</time></trkpt><trkpt lat="47.60915610" lon="19.14675650"><ele>156.93</ele><time>2025-10-20T13:32:11.966Z</time></trkpt><trkpt lat="47.60915420" lon="19.14674620"><ele>156.92</ele><time>2025-10-20T13:32:12.146Z</time></trkpt><trkpt lat="47.60915160" lon="19.14673330"><ele>156.92</ele><time>2025-10-20T13:32:12.376Z</time></trkpt><trkpt lat="47.60914930" lon="19.14672280"><ele>156.92</ele><time>2025-10-20T13:32:12.561Z</time></trkpt><trkpt lat="47.60914660" lon="19.14671160"><ele>156.92</ele><time>2025-10-20T13:32:12.763Z</time></trkpt><trkpt lat="47.60914370" lon="19.14670040"><ele>156.91</ele><time>2025-10-20T13:32:12.965Z</time></trkpt><trkpt lat="47.60914070" lon="19.14668940"><ele>156.90</ele><time>2025-10-20T13:32:13.164Z</time></trkpt><trkpt lat="47.60913740" lon="19.14667810"><ele>156.90</ele><time>2025-10-20T13:32:13.375Z</time></trkpt><trkpt lat="47.60913420" lon="19.14666720"><ele>156.90</ele><time>2025-10-20T13:32:13.575Z</time></trkpt><trkpt lat="47.60913080" lon="19.14665600"><ele>156.90</ele><time>2025-10-20T13:32:13.777Z</time></trkpt><trkpt lat="47.60912740" lon="19.14664460"><ele>156.89</ele><time>2025-10-20T13:32:13.980Z</time></trkpt><trkpt lat="47.60912380" lon="19.14663330"><ele>156.90</ele><time>2025-10-20T13:32:14.181Z</time></trkpt><trkpt lat="47.60912010" lon="19.14662180"><ele>156.91</ele><time>2025-10-20T13:32:14.384Z</time></trkpt><trkpt lat="47.60911730" lon="19.14661330"><ele>156.92</ele><time>2025-10-20T13:32:14.533Z</time></trkpt><trkpt lat="47.60911310" lon="19.14660040"><ele>156.91</ele><time>2025-10-20T13:32:14.757Z</time></trkpt><trkpt lat="47.60910930" lon="19.14658880"><ele>156.91</ele><time>2025-10-20T13:32:14.957Z</time></trkpt><trkpt lat="47.60910510" lon="19.14657630"><ele>156.90</ele><time>2025-10-20T13:32:15.179Z</time></trkpt><trkpt lat="47.60910160" lon="19.14656580"><ele>156.90</ele><time>2025-10-20T13:32:15.367Z</time></trkpt><trkpt lat="47.60909780" lon="19.14655480"><ele>156.89</ele><time>2025-10-20T13:32:15.568Z</time></trkpt><trkpt lat="47.60909390" lon="19.14654430"><ele>156.89</ele><time>2025-10-20T13:32:15.768Z</time></trkpt><trkpt lat="47.60908960" lon="19.14653300"><ele>156.87</ele><time>2025-10-20T13:32:15.989Z</time></trkpt><trkpt lat="47.60908540" lon="19.14652290"><ele>156.87</ele><time>2025-10-20T13:32:16.190Z</time></trkpt><trkpt lat="47.60908160" lon="19.14651460"><ele>156.86</ele><time>2025-10-20T13:32:16.362Z</time></trkpt><trkpt lat="47.60907660" lon="19.14650390"><ele>156.87</ele><time>2025-10-20T13:32:16.585Z</time></trkpt><trkpt lat="47.60907190" lon="19.14649450"><ele>156.88</ele><time>2025-10-20T13:32:16.785Z</time></trkpt><trkpt lat="47.60906720" lon="19.14648520"><ele>156.88</ele><time>2025-10-20T13:32:16.986Z</time></trkpt><trkpt lat="47.60906220" lon="19.14647580"><ele>156.89</ele><time>2025-10-20T13:32:17.188Z</time></trkpt><trkpt lat="47.60905720" lon="19.14646650"><ele>156.90</ele><time>2025-10-20T13:32:17.389Z</time></trkpt><trkpt lat="47.60905260" lon="19.14645830"><ele>156.90</ele><time>2025-10-20T13:32:17.569Z</time></trkpt><trkpt lat="47.60904690" lon="19.14644830"><ele>156.89</ele><time>2025-10-20T13:32:17.789Z</time></trkpt><trkpt lat="47.60904150" lon="19.14643910"><ele>156.88</ele><time>2025-10-20T13:32:17.990Z</time></trkpt><trkpt lat="47.60903600" lon="19.14643010"><ele>156.86</ele><time>2025-10-20T13:32:18.191Z</time></trkpt><trkpt lat="47.60903040" lon="19.14642110"><ele>156.85</ele><time>2025-10-20T13:32:18.394Z</time></trkpt><trkpt lat="47.60902460" lon="19.14641240"><ele>156.84</ele><time>2025-10-20T13:32:18.595Z</time></trkpt><trkpt lat="47.60901900" lon="19.14640400"><ele>156.84</ele><time>2025-10-20T13:32:18.795Z</time></trkpt><trkpt lat="47.60901310" lon="19.14639560"><ele>156.80</ele><time>2025-10-20T13:32:18.996Z</time></trkpt><trkpt lat="47.60900720" lon="19.14638730"><ele>156.78</ele><time>2025-10-20T13:32:19.196Z</time></trkpt><trkpt lat="47.60900160" lon="19.14637980"><ele>156.78</ele><time>2025-10-20T13:32:19.382Z</time></trkpt><trkpt lat="47.60899560" lon="19.14637190"><ele>156.78</ele><time>2025-10-20T13:32:19.584Z</time></trkpt><trkpt lat="47.60898920" lon="19.14636400"><ele>156.77</ele><time>2025-10-20T13:32:19.788Z</time></trkpt><trkpt lat="47.60898270" lon="19.14635620"><ele>156.77</ele><time>2025-10-20T13:32:19.989Z</time></trkpt><trkpt lat="47.60897610" lon="19.14634850"><ele>156.76</ele><time>2025-10-20T13:32:20.190Z</time></trkpt><trkpt lat="47.60896920" lon="19.14634090"><ele>156.76</ele><time>2025-10-20T13:32:20.394Z</time></trkpt><trkpt lat="47.60896230" lon="19.14633340"><ele>156.77</ele><time>2025-10-20T13:32:20.596Z</time></trkpt><trkpt lat="47.60895500" lon="19.14632590"><ele>156.80</ele><time>2025-10-20T13:32:20.799Z</time></trkpt><trkpt lat="47.60894840" lon="19.14631910"><ele>156.81</ele><time>2025-10-20T13:32:20.981Z</time></trkpt><trkpt lat="47.60894190" lon="19.14631250"><ele>156.80</ele><time>2025-10-20T13:32:21.162Z</time></trkpt><trkpt lat="47.60893370" lon="19.14630430"><ele>156.79</ele><time>2025-10-20T13:32:21.386Z</time></trkpt><trkpt lat="47.60892620" lon="19.14629730"><ele>156.80</ele><time>2025-10-20T13:32:21.586Z</time></trkpt><trkpt lat="47.60891870" lon="19.14629050"><ele>156.80</ele><time>2025-10-20T13:32:21.788Z</time></trkpt><trkpt lat="47.60891120" lon="19.14628370"><ele>156.79</ele><time>2025-10-20T13:32:21.990Z</time></trkpt><trkpt lat="47.60890380" lon="19.14627710"><ele>156.81</ele><time>2025-10-20T13:32:22.192Z</time></trkpt><trkpt lat="47.60889640" lon="19.14627060"><ele>156.82</ele><time>2025-10-20T13:32:22.393Z</time></trkpt><trkpt lat="47.60888890" lon="19.14626430"><ele>156.83</ele><time>2025-10-20T13:32:22.598Z</time></trkpt><trkpt lat="47.60888150" lon="19.14625820"><ele>156.82</ele><time>2025-10-20T13:32:22.800Z</time></trkpt><trkpt lat="47.60887500" lon="19.14625310"><ele>156.82</ele><time>2025-10-20T13:32:22.980Z</time></trkpt><trkpt lat="47.60886680" lon="19.14624700"><ele>156.84</ele><time>2025-10-20T13:32:23.203Z</time></trkpt><trkpt lat="47.60885920" lon="19.14624170"><ele>156.86</ele><time>2025-10-20T13:32:23.408Z</time></trkpt><trkpt lat="47.60885170" lon="19.14623670"><ele>156.87</ele><time>2025-10-20T13:32:23.611Z</time></trkpt><trkpt lat="47.60884510" lon="19.14623250"><ele>156.87</ele><time>2025-10-20T13:32:23.792Z</time></trkpt><trkpt lat="47.60883840" lon="19.14622830"><ele>156.90</ele><time>2025-10-20T13:32:23.992Z</time></trkpt><trkpt lat="47.60883300" lon="19.14622490"><ele>156.91</ele><time>2025-10-20T13:32:24.194Z</time></trkpt><trkpt lat="47.60882950" lon="19.14622270"><ele>156.91</ele><time>2025-10-20T13:32:24.356Z</time></trkpt><trkpt lat="47.60882610" lon="19.14622080"><ele>156.91</ele><time>2025-10-20T13:32:24.596Z</time></trkpt><trkpt lat="47.60882440" lon="19.14621990"><ele>156.88</ele><time>2025-10-20T13:32:24.797Z</time></trkpt><trkpt lat="47.60882370" lon="19.14622000"><ele>156.85</ele><time>2025-10-20T13:32:25.000Z</time></trkpt><trkpt lat="47.60882390" lon="19.14622080"><ele>156.84</ele><time>2025-10-20T13:32:25.202Z</time></trkpt><trkpt lat="47.60882490" lon="19.14622220"><ele>156.82</ele><time>2025-10-20T13:32:25.405Z</time></trkpt><trkpt lat="47.60882640" lon="19.14622420"><ele>156.82</ele><time>2025-10-20T13:32:25.607Z</time></trkpt><trkpt lat="47.60882840" lon="19.14622700"><ele>156.81</ele><time>2025-10-20T13:32:25.807Z</time></trkpt><trkpt lat="47.60883050" lon="19.14623100"><ele>156.80</ele><time>2025-10-20T13:32:26.008Z</time></trkpt><trkpt lat="47.60883240" lon="19.14623640"><ele>156.79</ele><time>2025-10-20T13:32:26.213Z</time></trkpt><trkpt lat="47.60883390" lon="19.14624320"><ele>156.76</ele><time>2025-10-20T13:32:26.416Z</time></trkpt><trkpt lat="47.60883480" lon="19.14625180"><ele>156.74</ele><time>2025-10-20T13:32:26.618Z</time></trkpt><trkpt lat="47.60883500" lon="19.14626200"><ele>156.75</ele><time>2025-10-20T13:32:26.821Z</time></trkpt><trkpt lat="47.60883480" lon="19.14627180"><ele>156.75</ele><time>2025-10-20T13:32:27.001Z</time></trkpt><trkpt lat="47.60883400" lon="19.14628460"><ele>156.76</ele><time>2025-10-20T13:32:27.225Z</time></trkpt><trkpt lat="47.60883280" lon="19.14629660"><ele>156.75</ele><time>2025-10-20T13:32:27.427Z</time></trkpt><trkpt lat="47.60883120" lon="19.14630890"><ele>156.75</ele><time>2025-10-20T13:32:27.628Z</time></trkpt><trkpt lat="47.60882930" lon="19.14631990"><ele>156.75</ele><time>2025-10-20T13:32:27.810Z</time></trkpt><trkpt lat="47.60882710" lon="19.14633110"><ele>156.76</ele><time>2025-10-20T13:32:27.990Z</time></trkpt><trkpt lat="47.60882370" lon="19.14634630"><ele>156.77</ele><time>2025-10-20T13:32:28.235Z</time></trkpt><trkpt lat="47.60882050" lon="19.14635870"><ele>156.76</ele><time>2025-10-20T13:32:28.437Z</time></trkpt><trkpt lat="47.60881700" lon="19.14637100"><ele>156.77</ele><time>2025-10-20T13:32:28.639Z</time></trkpt><trkpt lat="47.60881340" lon="19.14638300"><ele>156.77</ele><time>2025-10-20T13:32:28.840Z</time></trkpt><trkpt lat="47.60880970" lon="19.14639460"><ele>156.78</ele><time>2025-10-20T13:32:29.040Z</time></trkpt><trkpt lat="47.60880660" lon="19.14640380"><ele>156.79</ele><time>2025-10-20T13:32:29.203Z</time></trkpt><trkpt lat="47.60880290" lon="19.14641510"><ele>156.80</ele><time>2025-10-20T13:32:29.405Z</time></trkpt><trkpt lat="47.60879930" lon="19.14642600"><ele>156.83</ele><time>2025-10-20T13:32:29.605Z</time></trkpt><trkpt lat="47.60879570" lon="19.14643670"><ele>156.83</ele><time>2025-10-20T13:32:29.805Z</time></trkpt><trkpt lat="47.60879190" lon="19.14644850"><ele>156.84</ele><time>2025-10-20T13:32:30.027Z</time></trkpt><trkpt lat="47.60878840" lon="19.14645910"><ele>156.84</ele><time>2025-10-20T13:32:30.230Z</time></trkpt><trkpt lat="47.60878560" lon="19.14646740"><ele>156.84</ele><time>2025-10-20T13:32:30.392Z</time></trkpt><trkpt lat="47.60878180" lon="19.14647890"><ele>156.84</ele><time>2025-10-20T13:32:30.616Z</time></trkpt><trkpt lat="47.60877840" lon="19.14648930"><ele>156.86</ele><time>2025-10-20T13:32:30.817Z</time></trkpt><trkpt lat="47.60877480" lon="19.14650070"><ele>156.86</ele><time>2025-10-20T13:32:31.040Z</time></trkpt><trkpt lat="47.60877170" lon="19.14651040"><ele>156.86</ele><time>2025-10-20T13:32:31.227Z</time></trkpt><trkpt lat="47.60876820" lon="19.14652130"><ele>156.87</ele><time>2025-10-20T13:32:31.437Z</time></trkpt><trkpt lat="47.60876470" lon="19.14653140"><ele>156.88</ele><time>2025-10-20T13:32:31.637Z</time></trkpt><trkpt lat="47.60876130" lon="19.14654140"><ele>156.86</ele><time>2025-10-20T13:32:31.839Z</time></trkpt><trkpt lat="47.60875770" lon="19.14655160"><ele>156.86</ele><time>2025-10-20T13:32:32.043Z</time></trkpt><trkpt lat="47.60875410" lon="19.14656150"><ele>156.84</ele><time>2025-10-20T13:32:32.248Z</time></trkpt><trkpt lat="47.60875110" lon="19.14656920"><ele>156.83</ele><time>2025-10-20T13:32:32.410Z</time></trkpt><trkpt lat="47.60874700" lon="19.14657960"><ele>156.83</ele><time>2025-10-20T13:32:32.632Z</time></trkpt><trkpt lat="47.60874330" lon="19.14658880"><ele>156.84</ele><time>2025-10-20T13:32:32.832Z</time></trkpt><trkpt lat="47.60873960" lon="19.14659840"><ele>156.84</ele><time>2025-10-20T13:32:33.037Z</time></trkpt><trkpt lat="47.60873590" lon="19.14660780"><ele>156.86</ele><time>2025-10-20T13:32:33.238Z</time></trkpt><trkpt lat="47.60873230" lon="19.14661720"><ele>156.88</ele><time>2025-10-20T13:32:33.438Z</time></trkpt><trkpt lat="47.60872910" lon="19.14662600"><ele>156.88</ele><time>2025-10-20T13:32:33.618Z</time></trkpt><trkpt lat="47.60872570" lon="19.14663590"><ele>156.89</ele><time>2025-10-20T13:32:33.819Z</time></trkpt><trkpt lat="47.60872200" lon="19.14664710"><ele>156.89</ele><time>2025-10-20T13:32:34.041Z</time></trkpt><trkpt lat="47.60871880" lon="19.14665710"><ele>156.87</ele><time>2025-10-20T13:32:34.243Z</time></trkpt><trkpt lat="47.60871550" lon="19.14666730"><ele>156.86</ele><time>2025-10-20T13:32:34.445Z</time></trkpt><trkpt lat="47.60871240" lon="19.14667750"><ele>156.86</ele><time>2025-10-20T13:32:34.648Z</time></trkpt><trkpt lat="47.60870950" lon="19.14668760"><ele>156.86</ele><time>2025-10-20T13:32:34.849Z</time></trkpt><trkpt lat="47.60870660" lon="19.14669770"><ele>156.87</ele><time>2025-10-20T13:32:35.050Z</time></trkpt><trkpt lat="47.60870370" lon="19.14670800"><ele>156.84</ele><time>2025-10-20T13:32:35.253Z</time></trkpt><trkpt lat="47.60870100" lon="19.14671820"><ele>156.81</ele><time>2025-10-20T13:32:35.454Z</time></trkpt><trkpt lat="47.60869840" lon="19.14672850"><ele>156.79</ele><time>2025-10-20T13:32:35.660Z</time></trkpt><trkpt lat="47.60869590" lon="19.14673860"><ele>156.76</ele><time>2025-10-20T13:32:35.861Z</time></trkpt><trkpt lat="47.60869360" lon="19.14674760"><ele>156.75</ele><time>2025-10-20T13:32:36.042Z</time></trkpt><trkpt lat="47.60869100" lon="19.14675770"><ele>156.74</ele><time>2025-10-20T13:32:36.248Z</time></trkpt><trkpt lat="47.60868830" lon="19.14676770"><ele>156.73</ele><time>2025-10-20T13:32:36.454Z</time></trkpt><trkpt lat="47.60868560" lon="19.14677730"><ele>156.73</ele><time>2025-10-20T13:32:36.657Z</time></trkpt><trkpt lat="47.60868270" lon="19.14678680"><ele>156.73</ele><time>2025-10-20T13:32:36.860Z</time></trkpt><trkpt lat="47.60867980" lon="19.14679620"><ele>156.72</ele><time>2025-10-20T13:32:37.063Z</time></trkpt><trkpt lat="47.60867690" lon="19.14680510"><ele>156.70</ele><time>2025-10-20T13:32:37.258Z</time></trkpt><trkpt lat="47.60867380" lon="19.14681450"><ele>156.69</ele><time>2025-10-20T13:32:37.461Z</time></trkpt><trkpt lat="47.60867080" lon="19.14682370"><ele>156.69</ele><time>2025-10-20T13:32:37.662Z</time></trkpt><trkpt lat="47.60866760" lon="19.14683310"><ele>156.70</ele><time>2025-10-20T13:32:37.864Z</time></trkpt><trkpt lat="47.60866540" lon="19.14683980"><ele>156.70</ele><time>2025-10-20T13:32:38.005Z</time></trkpt><trkpt lat="47.60866160" lon="19.14685080"><ele>156.71</ele><time>2025-10-20T13:32:38.231Z</time></trkpt><trkpt lat="47.60865820" lon="19.14686100"><ele>156.72</ele><time>2025-10-20T13:32:38.435Z</time></trkpt><trkpt lat="47.60865490" lon="19.14687200"><ele>156.73</ele><time>2025-10-20T13:32:38.656Z</time></trkpt><trkpt lat="47.60865220" lon="19.14688160"><ele>156.72</ele><time>2025-10-20T13:32:38.857Z</time></trkpt><trkpt lat="47.60864990" lon="19.14689080"><ele>156.73</ele><time>2025-10-20T13:32:39.057Z</time></trkpt><trkpt lat="47.60864820" lon="19.14689810"><ele>156.75</ele><time>2025-10-20T13:32:39.236Z</time></trkpt><trkpt lat="47.60864690" lon="19.14690530"><ele>156.76</ele><time>2025-10-20T13:32:39.457Z</time></trkpt><trkpt lat="47.60864600" lon="19.14691100"><ele>156.74</ele><time>2025-10-20T13:32:39.677Z</time></trkpt><trkpt lat="47.60864550" lon="19.14691460"><ele>156.65</ele><time>2025-10-20T13:32:39.837Z</time></trkpt><trkpt lat="47.60864480" lon="19.14691890"><ele>156.40</ele><time>2025-10-20T13:32:40.058Z</time></trkpt><trkpt lat="47.60864430" lon="19.14692200"><ele>156.13</ele><time>2025-10-20T13:32:40.259Z</time></trkpt><trkpt lat="47.60864370" lon="19.14692440"><ele>155.87</ele><time>2025-10-20T13:32:40.473Z</time></trkpt><trkpt lat="47.60864320" lon="19.14692600"><ele>155.61</ele><time>2025-10-20T13:32:40.675Z</time></trkpt><trkpt lat="47.60864280" lon="19.14692690"><ele>155.33</ele><time>2025-10-20T13:32:40.877Z</time></trkpt><trkpt lat="47.60864260" lon="19.14692680"><ele>155.13</ele><time>2025-10-20T13:32:41.036Z</time></trkpt><trkpt lat="47.60864260" lon="19.14692600"><ele>154.85</ele><time>2025-10-20T13:32:41.263Z</time></trkpt><trkpt lat="47.60864260" lon="19.14692440"><ele>154.57</ele><time>2025-10-20T13:32:41.465Z</time></trkpt><trkpt lat="47.60864270" lon="19.14692210"><ele>154.28</ele><time>2025-10-20T13:32:41.666Z</time></trkpt><trkpt lat="47.60864300" lon="19.14691930"><ele>154.01</ele><time>2025-10-20T13:32:41.869Z</time></trkpt><trkpt lat="47.60864320" lon="19.14691640"><ele>153.75</ele><time>2025-10-20T13:32:42.071Z</time></trkpt><trkpt lat="47.60864340" lon="19.14691400"><ele>153.52</ele><time>2025-10-20T13:32:42.254Z</time></trkpt><trkpt lat="47.60864350" lon="19.14691140"><ele>153.27</ele><time>2025-10-20T13:32:42.478Z</time></trkpt><trkpt lat="47.60864350" lon="19.14690950"><ele>153.05</ele><time>2025-10-20T13:32:42.678Z</time></trkpt><trkpt lat="47.60864350" lon="19.14690800"><ele>152.85</ele><time>2025-10-20T13:32:42.859Z</time></trkpt><trkpt lat="47.60864320" lon="19.14690650"><ele>152.63</ele><time>2025-10-20T13:32:43.079Z</time></trkpt><trkpt lat="47.60864310" lon="19.14690580"><ele>152.49</ele><time>2025-10-20T13:32:43.219Z</time></trkpt><trkpt lat="47.60864260" lon="19.14690470"><ele>152.22</ele><time>2025-10-20T13:32:43.468Z</time></trkpt><trkpt lat="47.60864230" lon="19.14690430"><ele>152.00</ele><time>2025-10-20T13:32:43.669Z</time></trkpt><trkpt lat="47.60864190" lon="19.14690420"><ele>151.81</ele><time>2025-10-20T13:32:43.870Z</time></trkpt><trkpt lat="47.60864160" lon="19.14690430"><ele>151.61</ele><time>2025-10-20T13:32:44.070Z</time></trkpt><trkpt lat="47.60864130" lon="19.14690460"><ele>151.40</ele><time>2025-10-20T13:32:44.275Z</time></trkpt><trkpt lat="47.60864090" lon="19.14690500"><ele>151.20</ele><time>2025-10-20T13:32:44.480Z</time></trkpt><trkpt lat="47.60864060" lon="19.14690530"><ele>150.98</ele><time>2025-10-20T13:32:44.681Z</time></trkpt><trkpt lat="47.60864010" lon="19.14690560"><ele>150.76</ele><time>2025-10-20T13:32:44.861Z</time></trkpt><trkpt lat="47.60863970" lon="19.14690610"><ele>150.53</ele><time>2025-10-20T13:32:45.062Z</time></trkpt><trkpt lat="47.60863910" lon="19.14690660"><ele>150.30</ele><time>2025-10-20T13:32:45.264Z</time></trkpt><trkpt lat="47.60863880" lon="19.14690720"><ele>150.07</ele><time>2025-10-20T13:32:45.464Z</time></trkpt><trkpt lat="47.60863860" lon="19.14690770"><ele>149.88</ele><time>2025-10-20T13:32:45.644Z</time></trkpt><trkpt lat="47.60863830" lon="19.14690830"><ele>149.67</ele><time>2025-10-20T13:32:45.846Z</time></trkpt><trkpt lat="47.60863830" lon="19.14690910"><ele>149.40</ele><time>2025-10-20T13:32:46.066Z</time></trkpt><trkpt lat="47.60863830" lon="19.14690990"><ele>149.16</ele><time>2025-10-20T13:32:46.272Z</time></trkpt><trkpt lat="47.60863840" lon="19.14691090"><ele>148.93</ele><time>2025-10-20T13:32:46.474Z</time></trkpt><trkpt lat="47.60863850" lon="19.14691180"><ele>148.70</ele><time>2025-10-20T13:32:46.679Z</time></trkpt><trkpt lat="47.60863860" lon="19.14691270"><ele>148.50</ele><time>2025-10-20T13:32:46.880Z</time></trkpt><trkpt lat="47.60863860" lon="19.14691340"><ele>148.29</ele><time>2025-10-20T13:32:47.083Z</time></trkpt><trkpt lat="47.60863840" lon="19.14691390"><ele>148.07</ele><time>2025-10-20T13:32:47.272Z</time></trkpt><trkpt lat="47.60863800" lon="19.14691460"><ele>147.83</ele><time>2025-10-20T13:32:47.478Z</time></trkpt><trkpt lat="47.60863760" lon="19.14691510"><ele>147.61</ele><time>2025-10-20T13:32:47.679Z</time></trkpt><trkpt lat="47.60863730" lon="19.14691550"><ele>147.39</ele><time>2025-10-20T13:32:47.882Z</time></trkpt><trkpt lat="47.60863710" lon="19.14691570"><ele>147.18</ele><time>2025-10-20T13:32:48.082Z</time></trkpt><trkpt lat="47.60863690" lon="19.14691580"><ele>146.96</ele><time>2025-10-20T13:32:48.285Z</time></trkpt><trkpt lat="47.60863680" lon="19.14691590"><ele>146.71</ele><time>2025-10-20T13:32:48.487Z</time></trkpt><trkpt lat="47.60863670" lon="19.14691600"><ele>146.50</ele><time>2025-10-20T13:32:48.687Z</time></trkpt><trkpt lat="47.60863680" lon="19.14691590"><ele>146.28</ele><time>2025-10-20T13:32:48.889Z</time></trkpt><trkpt lat="47.60863670" lon="19.14691570"><ele>146.03</ele><time>2025-10-20T13:32:49.088Z</time></trkpt><trkpt lat="47.60863670" lon="19.14691560"><ele>145.76</ele><time>2025-10-20T13:32:49.279Z</time></trkpt><trkpt lat="47.60863660" lon="19.14691560"><ele>145.52</ele><time>2025-10-20T13:32:49.460Z</time></trkpt><trkpt lat="47.60863670" lon="19.14691550"><ele>145.23</ele><time>2025-10-20T13:32:49.681Z</time></trkpt><trkpt lat="47.60863680" lon="19.14691540"><ele>144.99</ele><time>2025-10-20T13:32:49.862Z</time></trkpt><trkpt lat="47.60863700" lon="19.14691520"><ele>144.71</ele><time>2025-10-20T13:32:50.082Z</time></trkpt><trkpt lat="47.60863720" lon="19.14691520"><ele>144.49</ele><time>2025-10-20T13:32:50.266Z</time></trkpt><trkpt lat="47.60863750" lon="19.14691520"><ele>144.25</ele><time>2025-10-20T13:32:50.488Z</time></trkpt><trkpt lat="47.60863780" lon="19.14691520"><ele>144.06</ele><time>2025-10-20T13:32:50.671Z</time></trkpt><trkpt lat="47.60863820" lon="19.14691530"><ele>143.81</ele><time>2025-10-20T13:32:50.874Z</time></trkpt><trkpt lat="47.60863870" lon="19.14691550"><ele>143.55</ele><time>2025-10-20T13:32:51.078Z</time></trkpt><trkpt lat="47.60863900" lon="19.14691580"><ele>143.30</ele><time>2025-10-20T13:32:51.281Z</time></trkpt><trkpt lat="47.60863950" lon="19.14691620"><ele>143.09</ele><time>2025-10-20T13:32:51.463Z</time></trkpt><trkpt lat="47.60863990" lon="19.14691680"><ele>142.84</ele><time>2025-10-20T13:32:51.684Z</time></trkpt><trkpt lat="47.60864010" lon="19.14691740"><ele>142.62</ele><time>2025-10-20T13:32:51.866Z</time></trkpt><trkpt lat="47.60864030" lon="19.14691810"><ele>142.36</ele><time>2025-10-20T13:32:52.088Z</time></trkpt><trkpt lat="47.60864020" lon="19.14691870"><ele>142.12</ele><time>2025-10-20T13:32:52.289Z</time></trkpt><trkpt lat="47.60863980" lon="19.14691890"><ele>141.86</ele><time>2025-10-20T13:32:52.494Z</time></trkpt><trkpt lat="47.60863930" lon="19.14691880"><ele>141.65</ele><time>2025-10-20T13:32:52.675Z</time></trkpt><trkpt lat="47.60863860" lon="19.14691830"><ele>141.38</ele><time>2025-10-20T13:32:52.898Z</time></trkpt><trkpt lat="47.60863790" lon="19.14691740"><ele>141.13</ele><time>2025-10-20T13:32:53.101Z</time></trkpt><trkpt lat="47.60863740" lon="19.14691660"><ele>140.94</ele><time>2025-10-20T13:32:53.243Z</time></trkpt><trkpt lat="47.60863650" lon="19.14691510"><ele>140.64</ele><time>2025-10-20T13:32:53.478Z</time></trkpt><trkpt lat="47.60863600" lon="19.14691370"><ele>140.41</ele><time>2025-10-20T13:32:53.679Z</time></trkpt><trkpt lat="47.60863550" lon="19.14691190"><ele>140.14</ele><time>2025-10-20T13:32:53.901Z</time></trkpt><trkpt lat="47.60863540" lon="19.14691060"><ele>139.89</ele><time>2025-10-20T13:32:54.104Z</time></trkpt><trkpt lat="47.60863540" lon="19.14690980"><ele>139.67</ele><time>2025-10-20T13:32:54.285Z</time></trkpt><trkpt lat="47.60863530" lon="19.14690890"><ele>139.42</ele><time>2025-10-20T13:32:54.509Z</time></trkpt><trkpt lat="47.60863520" lon="19.14690840"><ele>139.18</ele><time>2025-10-20T13:32:54.711Z</time></trkpt><trkpt lat="47.60863520" lon="19.14690810"><ele>138.91</ele><time>2025-10-20T13:32:54.931Z</time></trkpt><trkpt lat="47.60863530" lon="19.14690820"><ele>138.68</ele><time>2025-10-20T13:32:55.111Z</time></trkpt><trkpt lat="47.60863550" lon="19.14690850"><ele>138.39</ele><time>2025-10-20T13:32:55.321Z</time></trkpt><trkpt lat="47.60863550" lon="19.14690900"><ele>138.17</ele><time>2025-10-20T13:32:55.482Z</time></trkpt><trkpt lat="47.60863550" lon="19.14690980"><ele>137.91</ele><time>2025-10-20T13:32:55.684Z</time></trkpt><trkpt lat="47.60863530" lon="19.14691100"><ele>137.67</ele><time>2025-10-20T13:32:55.908Z</time></trkpt><trkpt lat="47.60863500" lon="19.14691220"><ele>137.44</ele><time>2025-10-20T13:32:56.108Z</time></trkpt><trkpt lat="47.60863460" lon="19.14691350"><ele>137.25</ele><time>2025-10-20T13:32:56.295Z</time></trkpt><trkpt lat="47.60863430" lon="19.14691470"><ele>137.11</ele><time>2025-10-20T13:32:56.519Z</time></trkpt><trkpt lat="47.60863420" lon="19.14691530"><ele>137.02</ele><time>2025-10-20T13:32:56.701Z</time></trkpt><trkpt lat="47.60863420" lon="19.14691560"><ele>136.89</ele><time>2025-10-20T13:32:56.901Z</time></trkpt><trkpt lat="47.60863400" lon="19.14691590"><ele>136.75</ele><time>2025-10-20T13:32:57.102Z</time></trkpt><trkpt lat="47.60863370" lon="19.14691630"><ele>136.60</ele><time>2025-10-20T13:32:57.303Z</time></trkpt><trkpt lat="47.60863340" lon="19.14691660"><ele>136.54</ele><time>2025-10-20T13:32:57.465Z</time></trkpt><trkpt lat="47.60863340" lon="19.14691680"><ele>136.54</ele><time>2025-10-20T13:32:57.711Z</time></trkpt><trkpt lat="47.60863340" lon="19.14691690"><ele>136.56</ele><time>2025-10-20T13:32:57.912Z</time></trkpt><trkpt lat="47.60863330" lon="19.14691700"><ele>136.57</ele><time>2025-10-20T13:32:58.094Z</time></trkpt><trkpt lat="47.60863330" lon="19.14691690"><ele>136.58</ele><time>2025-10-20T13:32:58.315Z</time></trkpt><trkpt lat="47.60863330" lon="19.14691680"><ele>136.59</ele><time>2025-10-20T13:32:58.497Z</time></trkpt><trkpt lat="47.60863330" lon="19.14691660"><ele>136.60</ele><time>2025-10-20T13:32:58.721Z</time></trkpt><trkpt lat="47.60863330" lon="19.14691650"><ele>136.61</ele><time>2025-10-20T13:32:58.924Z</time></trkpt><trkpt lat="47.60863340" lon="19.14691650"><ele>136.61</ele><time>2025-10-20T13:32:59.127Z</time></trkpt><trkpt lat="47.60863340" lon="19.14691640"><ele>136.63</ele><time>2025-10-20T13:32:59.332Z</time></trkpt><trkpt lat="47.60863330" lon="19.14691630"><ele>136.64</ele><time>2025-10-20T13:32:59.412Z</time></trkpt><trkpt lat="47.60863330" lon="19.14691630"><ele>136.64</ele><time>2025-10-20T13:32:59.412Z</time></trkpt><trkpt lat="47.60863330" lon="19.14691630"><ele>136.64</ele><time>2025-10-20T13:32:59.412Z</time></trkpt><trkpt lat="47.60863330" lon="19.14691630"><ele>136.64</ele><time>2025-10-20T13:32:59.412Z</time></trkpt><trkpt lat="47.60863340" lon="19.14691640"><ele>136.64</ele><time>2025-10-20T13:33:00.335Z</time></trkpt><trkpt lat="47.60863350" lon="19.14691650"><ele>136.64</ele><time>2025-10-20T13:33:00.535Z</time></trkpt><trkpt lat="47.60863370" lon="19.14691690"><ele>136.63</ele><time>2025-10-20T13:33:00.735Z</time></trkpt><trkpt lat="47.60863400" lon="19.14691740"><ele>136.62</ele><time>2025-10-20T13:33:00.935Z</time></trkpt><trkpt lat="47.60863440" lon="19.14691790"><ele>136.60</ele><time>2025-10-20T13:33:01.135Z</time></trkpt><trkpt lat="47.60863480" lon="19.14691860"><ele>136.59</ele><time>2025-10-20T13:33:01.339Z</time></trkpt><trkpt lat="47.60863510" lon="19.14691910"><ele>136.57</ele><time>2025-10-20T13:33:01.540Z</time></trkpt><trkpt lat="47.60863490" lon="19.14691870"><ele>136.59</ele><time>2025-10-20T13:33:01.740Z</time></trkpt><trkpt lat="47.60863450" lon="19.14691810"><ele>136.61</ele><time>2025-10-20T13:33:01.940Z</time></trkpt><trkpt lat="47.60863410" lon="19.14691750"><ele>136.64</ele><time>2025-10-20T13:33:02.141Z</time></trkpt><trkpt lat="47.60863380" lon="19.14691700"><ele>136.66</ele><time>2025-10-20T13:33:02.341Z</time></trkpt><trkpt lat="47.60863350" lon="19.14691660"><ele>136.68</ele><time>2025-10-20T13:33:02.541Z</time></trkpt><trkpt lat="47.60863340" lon="19.14691640"><ele>136.70</ele><time>2025-10-20T13:33:02.741Z</time></trkpt><trkpt lat="47.60863340" lon="19.14691610"><ele>136.71</ele><time>2025-10-20T13:33:02.941Z</time></trkpt><trkpt lat="47.60863340" lon="19.14691590"><ele>136.72</ele><time>2025-10-20T13:33:03.141Z</time></trkpt><trkpt lat="47.60863330" lon="19.14691570"><ele>136.73</ele><time>2025-10-20T13:33:03.342Z</time></trkpt><trkpt lat="47.60863340" lon="19.14691570"><ele>136.74</ele><time>2025-10-20T13:33:03.542Z</time></trkpt><trkpt lat="47.60863330" lon="19.14691560"><ele>136.74</ele><time>2025-10-20T13:33:03.742Z</time></trkpt><trkpt lat="47.60863320" lon="19.14691550"><ele>136.75</ele><time>2025-10-20T13:33:03.942Z</time></trkpt><trkpt lat="47.60863320" lon="19.14691540"><ele>136.75</ele><time>2025-10-20T13:33:04.142Z</time></trkpt><trkpt lat="47.60863310" lon="19.14691530"><ele>136.75</ele><time>2025-10-20T13:33:04.342Z</time></trkpt><trkpt lat="47.60863300" lon="19.14691520"><ele>136.75</ele><time>2025-10-20T13:33:04.543Z</time></trkpt><trkpt lat="47.60863300" lon="19.14691510"><ele>136.76</ele><time>2025-10-20T13:33:04.743Z</time></trkpt><trkpt lat="47.60863290" lon="19.14691500"><ele>136.76</ele><time>2025-10-20T13:33:04.943Z</time></trkpt><trkpt lat="47.60863280" lon="19.14691490"><ele>136.77</ele><time>2025-10-20T13:33:05.143Z</time></trkpt><trkpt lat="47.60863270" lon="19.14691480"><ele>136.77</ele><time>2025-10-20T13:33:05.346Z</time></trkpt><trkpt lat="47.60863260" lon="19.14691460"><ele>136.77</ele><time>2025-10-20T13:33:05.546Z</time></trkpt><trkpt lat="47.60863250" lon="19.14691450"><ele>136.77</ele><time>2025-10-20T13:33:05.746Z</time></trkpt><trkpt lat="47.60863240" lon="19.14691440"><ele>136.77</ele><time>2025-10-20T13:33:05.945Z</time></trkpt><trkpt lat="47.60863230" lon="19.14691430"><ele>136.77</ele><time>2025-10-20T13:33:06.146Z</time></trkpt><trkpt lat="47.60863230" lon="19.14691420"><ele>136.77</ele><time>2025-10-20T13:33:06.349Z</time></trkpt><trkpt lat="47.60863220" lon="19.14691400"><ele>136.77</ele><time>2025-10-20T13:33:06.549Z</time></trkpt><trkpt lat="47.60863220" lon="19.14691390"><ele>136.77</ele><time>2025-10-20T13:33:06.750Z</time></trkpt><trkpt lat="47.60863220" lon="19.14691380"><ele>136.77</ele><time>2025-10-20T13:33:06.950Z</time></trkpt><trkpt lat="47.60863220" lon="19.14691370"><ele>136.77</ele><time>2025-10-20T13:33:07.150Z</time></trkpt><trkpt lat="47.60863210" lon="19.14691360"><ele>136.77</ele><time>2025-10-20T13:33:07.352Z</time></trkpt><trkpt lat="47.60863200" lon="19.14691360"><ele>136.77</ele><time>2025-10-20T13:33:07.552Z</time></trkpt><trkpt lat="47.60863190" lon="19.14691350"><ele>136.77</ele><time>2025-10-20T13:33:07.752Z</time></trkpt><trkpt lat="47.60863190" lon="19.14691340"><ele>136.77</ele><time>2025-10-20T13:33:07.955Z</time></trkpt><trkpt lat="47.60863190" lon="19.14691330"><ele>136.77</ele><time>2025-10-20T13:33:08.156Z</time></trkpt><trkpt lat="47.60863190" lon="19.14691330"><ele>136.76</ele><time>2025-10-20T13:33:08.343Z</time></trkpt><trkpt lat="47.60863180" lon="19.14691320"><ele>136.76</ele><time>2025-10-20T13:33:08.545Z</time></trkpt><trkpt lat="47.60863180" lon="19.14691320"><ele>136.76</ele><time>2025-10-20T13:33:08.747Z</time></trkpt><trkpt lat="47.60863180" lon="19.14691320"><ele>136.76</ele><time>2025-10-20T13:33:08.949Z</time></trkpt><trkpt lat="47.60863170" lon="19.14691320"><ele>136.75</ele><time>2025-10-20T13:33:09.149Z</time></trkpt><trkpt lat="47.60863170" lon="19.14691310"><ele>136.75</ele><time>2025-10-20T13:33:09.351Z</time></trkpt><trkpt lat="47.60863170" lon="19.14691310"><ele>136.75</ele><time>2025-10-20T13:33:09.553Z</time></trkpt><trkpt lat="47.60863180" lon="19.14691300"><ele>136.74</ele><time>2025-10-20T13:33:09.756Z</time></trkpt><trkpt lat="47.60863180" lon="19.14691300"><ele>136.74</ele><time>2025-10-20T13:33:09.957Z</time></trkpt><trkpt lat="47.60863180" lon="19.14691300"><ele>136.74</ele><time>2025-10-20T13:33:10.159Z</time></trkpt><trkpt lat="47.60863170" lon="19.14691290"><ele>136.74</ele><time>2025-10-20T13:33:10.342Z</time></trkpt><trkpt lat="47.60863170" lon="19.14691290"><ele>136.74</ele><time>2025-10-20T13:33:10.542Z</time></trkpt><trkpt lat="47.60863170" lon="19.14691290"><ele>136.74</ele><time>2025-10-20T13:33:10.742Z</time></trkpt><trkpt lat="47.60863170" lon="19.14691290"><ele>136.74</ele><time>2025-10-20T13:33:10.943Z</time></trkpt><trkpt lat="47.60863170" lon="19.14691290"><ele>136.74</ele><time>2025-10-20T13:33:11.144Z</time></trkpt><trkpt lat="47.60863170" lon="19.14691290"><ele>136.74</ele><time>2025-10-20T13:33:11.350Z</time></trkpt><trkpt lat="47.60863170" lon="19.14691290"><ele>136.74</ele><time>2025-10-20T13:33:11.551Z</time></trkpt><trkpt lat="47.60863180" lon="19.14691290"><ele>136.74</ele><time>2025-10-20T13:33:11.753Z</time></trkpt><trkpt lat="47.60863180" lon="19.14691290"><ele>136.73</ele><time>2025-10-20T13:33:11.953Z</time></trkpt><trkpt lat="47.60863180" lon="19.14691280"><ele>136.73</ele><time>2025-10-20T13:33:12.154Z</time></trkpt><trkpt lat="47.60863190" lon="19.14691280"><ele>136.73</ele><time>2025-10-20T13:33:12.354Z</time></trkpt><trkpt lat="47.60863190" lon="19.14691290"><ele>136.73</ele><time>2025-10-20T13:33:12.555Z</time></trkpt><trkpt lat="47.60863190" lon="19.14691290"><ele>136.73</ele><time>2025-10-20T13:33:12.755Z</time></trkpt><trkpt lat="47.60863190" lon="19.14691300"><ele>136.72</ele><time>2025-10-20T13:33:12.955Z</time></trkpt><trkpt lat="47.60863190" lon="19.14691300"><ele>136.72</ele><time>2025-10-20T13:33:13.155Z</time></trkpt><trkpt lat="47.60863200" lon="19.14691310"><ele>136.72</ele><time>2025-10-20T13:33:13.355Z</time></trkpt><trkpt lat="47.60863200" lon="19.14691310"><ele>136.72</ele><time>2025-10-20T13:33:13.557Z</time></trkpt><trkpt lat="47.60863200" lon="19.14691310"><ele>136.72</ele><time>2025-10-20T13:33:13.757Z</time></trkpt><trkpt lat="47.60863200" lon="19.14691310"><ele>136.72</ele><time>2025-10-20T13:33:13.957Z</time></trkpt><trkpt lat="47.60863200" lon="19.14691310"><ele>136.72</ele><time>2025-10-20T13:33:14.158Z</time></trkpt><trkpt lat="47.60863210" lon="19.14691310"><ele>136.72</ele><time>2025-10-20T13:33:14.358Z</time></trkpt><trkpt lat="47.60863210" lon="19.14691310"><ele>136.71</ele><time>2025-10-20T13:33:14.557Z</time></trkpt><trkpt lat="47.60863210" lon="19.14691310"><ele>136.71</ele><time>2025-10-20T13:33:14.757Z</time></trkpt><trkpt lat="47.60863210" lon="19.14691310"><ele>136.71</ele><time>2025-10-20T13:33:14.957Z</time></trkpt><trkpt lat="47.60863210" lon="19.14691310"><ele>136.71</ele><time>2025-10-20T13:33:15.157Z</time></trkpt><trkpt lat="47.60863210" lon="19.14691320"><ele>136.71</ele><time>2025-10-20T13:33:15.358Z</time></trkpt><trkpt lat="47.60863200" lon="19.14691320"><ele>136.71</ele><time>2025-10-20T13:33:15.558Z</time></trkpt><trkpt lat="47.60863200" lon="19.14691320"><ele>136.71</ele><time>2025-10-20T13:33:15.758Z</time></trkpt><trkpt lat="47.60863210" lon="19.14691310"><ele>136.71</ele><time>2025-10-20T13:33:15.958Z</time></trkpt><trkpt lat="47.60863210" lon="19.14691310"><ele>136.71</ele><time>2025-10-20T13:33:16.159Z</time></trkpt><trkpt lat="47.60863210" lon="19.14691310"><ele>136.71</ele><time>2025-10-20T13:33:16.359Z</time></trkpt><trkpt lat="47.60863220" lon="19.14691300"><ele>136.71</ele><time>2025-10-20T13:33:16.560Z</time></trkpt><trkpt lat="47.60863220" lon="19.14691300"><ele>136.72</ele><time>2025-10-20T13:33:16.760Z</time></trkpt><trkpt lat="47.60863220" lon="19.14691300"><ele>136.72</ele><time>2025-10-20T13:33:16.960Z</time></trkpt><trkpt lat="47.60863220" lon="19.14691300"><ele>136.72</ele><time>2025-10-20T13:33:17.160Z</time></trkpt><trkpt lat="47.60863220" lon="19.14691300"><ele>136.72</ele><time>2025-10-20T13:33:17.360Z</time></trkpt><trkpt lat="47.60863220" lon="19.14691290"><ele>136.72</ele><time>2025-10-20T13:33:17.560Z</time></trkpt><trkpt lat="47.60863220" lon="19.14691290"><ele>136.72</ele><time>2025-10-20T13:33:17.760Z</time></trkpt><trkpt lat="47.60863220" lon="19.14691290"><ele>136.72</ele><time>2025-10-20T13:33:17.961Z</time></trkpt><trkpt lat="47.60863220" lon="19.14691290"><ele>136.72</ele><time>2025-10-20T13:33:18.161Z</time></trkpt><trkpt lat="47.60863220" lon="19.14691300"><ele>136.72</ele><time>2025-10-20T13:33:18.361Z</time></trkpt><trkpt lat="47.60863210" lon="19.14691300"><ele>136.73</ele><time>2025-10-20T13:33:18.562Z</time></trkpt><trkpt lat="47.60863210" lon="19.14691300"><ele>136.73</ele><time>2025-10-20T13:33:18.762Z</time></trkpt><trkpt lat="47.60863210" lon="19.14691290"><ele>136.74</ele><time>2025-10-20T13:33:18.962Z</time></trkpt><trkpt lat="47.60863210" lon="19.14691290"><ele>136.74</ele><time>2025-10-20T13:33:19.162Z</time></trkpt><trkpt lat="47.60863200" lon="19.14691290"><ele>136.74</ele><time>2025-10-20T13:33:19.364Z</time></trkpt><trkpt lat="47.60863200" lon="19.14691290"><ele>136.75</ele><time>2025-10-20T13:33:19.565Z</time></trkpt><trkpt lat="47.60863200" lon="19.14691290"><ele>136.75</ele><time>2025-10-20T13:33:19.765Z</time></trkpt><trkpt lat="47.60863200" lon="19.14691290"><ele>136.76</ele><time>2025-10-20T13:33:19.965Z</time></trkpt><trkpt lat="47.60863210" lon="19.14691290"><ele>136.76</ele><time>2025-10-20T13:33:20.166Z</time></trkpt><trkpt lat="47.60863210" lon="19.14691290"><ele>136.76</ele><time>2025-10-20T13:33:20.367Z</time></trkpt><trkpt lat="47.60863210" lon="19.14691290"><ele>136.76</ele><time>2025-10-20T13:33:20.567Z</time></trkpt><trkpt lat="47.60863210" lon="19.14691300"><ele>136.76</ele><time>2025-10-20T13:33:20.767Z</time></trkpt><trkpt lat="47.60863210" lon="19.14691300"><ele>136.77</ele><time>2025-10-20T13:33:20.968Z</time></trkpt><trkpt lat="47.60863210" lon="19.14691300"><ele>136.77</ele><time>2025-10-20T13:33:21.168Z</time></trkpt><trkpt lat="47.60863210" lon="19.14691310"><ele>136.77</ele><time>2025-10-20T13:33:21.370Z</time></trkpt><trkpt lat="47.60863220" lon="19.14691310"><ele>136.77</ele><time>2025-10-20T13:33:21.571Z</time></trkpt><trkpt lat="47.60863220" lon="19.14691310"><ele>136.77</ele><time>2025-10-20T13:33:21.771Z</time></trkpt><trkpt lat="47.60863220" lon="19.14691310"><ele>136.77</ele><time>2025-10-20T13:33:21.972Z</time></trkpt><trkpt lat="47.60863220" lon="19.14691310"><ele>136.76</ele><time>2025-10-20T13:33:22.174Z</time></trkpt><trkpt lat="47.60863220" lon="19.14691310"><ele>136.76</ele><time>2025-10-20T13:33:22.374Z</time></trkpt><trkpt lat="47.60863220" lon="19.14691310"><ele>136.76</ele><time>2025-10-20T13:33:22.575Z</time></trkpt><trkpt lat="47.60863220" lon="19.14691310"><ele>136.75</ele><time>2025-10-20T13:33:22.776Z</time></trkpt><trkpt lat="47.60863230" lon="19.14691320"><ele>136.75</ele><time>2025-10-20T13:33:22.976Z</time></trkpt><trkpt lat="47.60863230" lon="19.14691320"><ele>136.75</ele><time>2025-10-20T13:33:23.177Z</time></trkpt><trkpt lat="47.60863230" lon="19.14691320"><ele>136.74</ele><time>2025-10-20T13:33:23.364Z</time></trkpt><trkpt lat="47.60863230" lon="19.14691330"><ele>136.74</ele><time>2025-10-20T13:33:23.587Z</time></trkpt><trkpt lat="47.60863230" lon="19.14691330"><ele>136.73</ele><time>2025-10-20T13:33:23.790Z</time></trkpt><trkpt lat="47.60863230" lon="19.14691320"><ele>136.73</ele><time>2025-10-20T13:33:23.991Z</time></trkpt><trkpt lat="47.60863240" lon="19.14691320"><ele>136.73</ele><time>2025-10-20T13:33:24.172Z</time></trkpt><trkpt lat="47.60863240" lon="19.14691330"><ele>136.73</ele><time>2025-10-20T13:33:24.373Z</time></trkpt><trkpt lat="47.60863240" lon="19.14691330"><ele>136.73</ele><time>2025-10-20T13:33:24.574Z</time></trkpt><trkpt lat="47.60863240" lon="19.14691330"><ele>136.73</ele><time>2025-10-20T13:33:24.775Z</time></trkpt><trkpt lat="47.60863240" lon="19.14691330"><ele>136.74</ele><time>2025-10-20T13:33:24.976Z</time></trkpt><trkpt lat="47.60863240" lon="19.14691330"><ele>136.74</ele><time>2025-10-20T13:33:25.177Z</time></trkpt><trkpt lat="47.60863240" lon="19.14691330"><ele>136.74</ele><time>2025-10-20T13:33:25.382Z</time></trkpt><trkpt lat="47.60863240" lon="19.14691330"><ele>136.73</ele><time>2025-10-20T13:33:25.584Z</time></trkpt><trkpt lat="47.60863240" lon="19.14691320"><ele>136.74</ele><time>2025-10-20T13:33:25.765Z</time></trkpt><trkpt lat="47.60863240" lon="19.14691330"><ele>136.74</ele><time>2025-10-20T13:33:25.965Z</time></trkpt><trkpt lat="47.60863240" lon="19.14691330"><ele>136.74</ele><time>2025-10-20T13:33:26.184Z</time></trkpt><trkpt lat="47.60863240" lon="19.14691330"><ele>136.74</ele><time>2025-10-20T13:33:26.386Z</time></trkpt><trkpt lat="47.60863230" lon="19.14691330"><ele>136.74</ele><time>2025-10-20T13:33:26.586Z</time></trkpt><trkpt lat="47.60863230" lon="19.14691320"><ele>136.74</ele><time>2025-10-20T13:33:26.786Z</time></trkpt><trkpt lat="47.60863230" lon="19.14691320"><ele>136.74</ele><time>2025-10-20T13:33:26.987Z</time></trkpt><trkpt lat="47.60863230" lon="19.14691320"><ele>136.74</ele><time>2025-10-20T13:33:27.167Z</time></trkpt><trkpt lat="47.60863230" lon="19.14691330"><ele>136.73</ele><time>2025-10-20T13:33:27.374Z</time></trkpt><trkpt lat="47.60863230" lon="19.14691330"><ele>136.73</ele><time>2025-10-20T13:33:27.573Z</time></trkpt><trkpt lat="47.60863230" lon="19.14691330"><ele>136.73</ele><time>2025-10-20T13:33:27.773Z</time></trkpt><trkpt lat="47.60863220" lon="19.14691330"><ele>136.73</ele><time>2025-10-20T13:33:27.973Z</time></trkpt><trkpt lat="47.60863220" lon="19.14691330"><ele>136.73</ele><time>2025-10-20T13:33:28.174Z</time></trkpt><trkpt lat="47.60863220" lon="19.14691330"><ele>136.73</ele><time>2025-10-20T13:33:28.375Z</time></trkpt><trkpt lat="47.60863220" lon="19.14691330"><ele>136.73</ele><time>2025-10-20T13:33:28.577Z</time></trkpt><trkpt lat="47.60863220" lon="19.14691340"><ele>136.73</ele><time>2025-10-20T13:33:28.777Z</time></trkpt><trkpt lat="47.60863220" lon="19.14691340"><ele>136.73</ele><time>2025-10-20T13:33:28.978Z</time></trkpt><trkpt lat="47.60863210" lon="19.14691340"><ele>136.73</ele><time>2025-10-20T13:33:29.179Z</time></trkpt><trkpt lat="47.60863210" lon="19.14691350"><ele>136.73</ele><time>2025-10-20T13:33:29.382Z</time></trkpt><trkpt lat="47.60863210" lon="19.14691350"><ele>136.74</ele><time>2025-10-20T13:33:29.581Z</time></trkpt><trkpt lat="47.60863210" lon="19.14691350"><ele>136.74</ele><time>2025-10-20T13:33:29.781Z</time></trkpt><trkpt lat="47.60863210" lon="19.14691350"><ele>136.74</ele><time>2025-10-20T13:33:29.981Z</time></trkpt><trkpt lat="47.60863210" lon="19.14691350"><ele>136.74</ele><time>2025-10-20T13:33:30.181Z</time></trkpt><trkpt lat="47.60863210" lon="19.14691350"><ele>136.74</ele><time>2025-10-20T13:33:30.385Z</time></trkpt><trkpt lat="47.60863210" lon="19.14691350"><ele>136.74</ele><time>2025-10-20T13:33:30.586Z</time></trkpt><trkpt lat="47.60863210" lon="19.14691350"><ele>136.74</ele><time>2025-10-20T13:33:30.767Z</time></trkpt><trkpt lat="47.60863200" lon="19.14691350"><ele>136.74</ele><time>2025-10-20T13:33:30.967Z</time></trkpt><trkpt lat="47.60863200" lon="19.14691350"><ele>136.74</ele><time>2025-10-20T13:33:31.167Z</time></trkpt><trkpt lat="47.60863200" lon="19.14691350"><ele>136.74</ele><time>2025-10-20T13:33:31.369Z</time></trkpt><trkpt lat="47.60863210" lon="19.14691350"><ele>136.73</ele><time>2025-10-20T13:33:31.569Z</time></trkpt><trkpt lat="47.60863210" lon="19.14691350"><ele>136.73</ele><time>2025-10-20T13:33:31.789Z</time></trkpt><trkpt lat="47.60863210" lon="19.14691350"><ele>136.73</ele><time>2025-10-20T13:33:31.969Z</time></trkpt><trkpt lat="47.60863200" lon="19.14691350"><ele>136.74</ele><time>2025-10-20T13:33:32.169Z</time></trkpt><trkpt lat="47.60863210" lon="19.14691350"><ele>136.74</ele><time>2025-10-20T13:33:32.390Z</time></trkpt><trkpt lat="47.60863210" lon="19.14691360"><ele>136.74</ele><time>2025-10-20T13:33:32.570Z</time></trkpt><trkpt lat="47.60863210" lon="19.14691360"><ele>136.74</ele><time>2025-10-20T13:33:32.770Z</time></trkpt><trkpt lat="47.60863210" lon="19.14691360"><ele>136.74</ele><time>2025-10-20T13:33:32.990Z</time></trkpt><trkpt lat="47.60863210" lon="19.14691360"><ele>136.74</ele><time>2025-10-20T13:33:33.171Z</time></trkpt><trkpt lat="47.60863210" lon="19.14691360"><ele>136.74</ele><time>2025-10-20T13:33:33.370Z</time></trkpt><trkpt lat="47.60863210" lon="19.14691360"><ele>136.74</ele><time>2025-10-20T13:33:33.591Z</time></trkpt><trkpt lat="47.60863210" lon="19.14691360"><ele>136.74</ele><time>2025-10-20T13:33:33.772Z</time></trkpt><trkpt lat="47.60863200" lon="19.14691360"><ele>136.74</ele><time>2025-10-20T13:33:33.972Z</time></trkpt><trkpt lat="47.60863200" lon="19.14691350"><ele>136.75</ele><time>2025-10-20T13:33:34.173Z</time></trkpt><trkpt lat="47.60863200" lon="19.14691350"><ele>136.75</ele><time>2025-10-20T13:33:34.373Z</time></trkpt><trkpt lat="47.60863200" lon="19.14691350"><ele>136.75</ele><time>2025-10-20T13:33:34.573Z</time></trkpt><trkpt lat="47.60863200" lon="19.14691350"><ele>136.75</ele><time>2025-10-20T13:33:34.773Z</time></trkpt><trkpt lat="47.60863190" lon="19.14691340"><ele>136.76</ele><time>2025-10-20T13:33:34.973Z</time></trkpt><trkpt lat="47.60863190" lon="19.14691340"><ele>136.76</ele><time>2025-10-20T13:33:35.173Z</time></trkpt><trkpt lat="47.60863190" lon="19.14691330"><ele>136.76</ele><time>2025-10-20T13:33:35.373Z</time></trkpt><trkpt lat="47.60863190" lon="19.14691330"><ele>136.76</ele><time>2025-10-20T13:33:35.593Z</time></trkpt><trkpt lat="47.60863190" lon="19.14691330"><ele>136.76</ele><time>2025-10-20T13:33:35.773Z</time></trkpt><trkpt lat="47.60863190" lon="19.14691320"><ele>136.76</ele><time>2025-10-20T13:33:35.973Z</time></trkpt><trkpt lat="47.60863190" lon="19.14691330"><ele>136.77</ele><time>2025-10-20T13:33:36.193Z</time></trkpt><trkpt lat="47.60863190" lon="19.14691330"><ele>136.77</ele><time>2025-10-20T13:33:36.373Z</time></trkpt><trkpt lat="47.60863190" lon="19.14691330"><ele>136.77</ele><time>2025-10-20T13:33:36.574Z</time></trkpt><trkpt lat="47.60863190" lon="19.14691330"><ele>136.77</ele><time>2025-10-20T13:33:36.774Z</time></trkpt><trkpt lat="47.60863190" lon="19.14691340"><ele>136.77</ele><time>2025-10-20T13:33:36.974Z</time></trkpt><trkpt lat="47.60863190" lon="19.14691340"><ele>136.77</ele><time>2025-10-20T13:33:37.174Z</time></trkpt><trkpt lat="47.60863180" lon="19.14691340"><ele>136.77</ele><time>2025-10-20T13:33:37.376Z</time></trkpt><trkpt lat="47.60863180" lon="19.14691350"><ele>136.78</ele><time>2025-10-20T13:33:37.576Z</time></trkpt><trkpt lat="47.60863180" lon="19.14691350"><ele>136.78</ele><time>2025-10-20T13:33:37.776Z</time></trkpt><trkpt lat="47.60863180" lon="19.14691350"><ele>136.78</ele><time>2025-10-20T13:33:37.976Z</time></trkpt><trkpt lat="47.60863180" lon="19.14691350"><ele>136.78</ele><time>2025-10-20T13:33:38.176Z</time></trkpt><trkpt lat="47.60863190" lon="19.14691340"><ele>136.78</ele><time>2025-10-20T13:33:38.381Z</time></trkpt><trkpt lat="47.60863190" lon="19.14691340"><ele>136.79</ele><time>2025-10-20T13:33:38.582Z</time></trkpt><trkpt lat="47.60863200" lon="19.14691340"><ele>136.79</ele><time>2025-10-20T13:33:38.783Z</time></trkpt><trkpt lat="47.60863200" lon="19.14691340"><ele>136.79</ele><time>2025-10-20T13:33:38.984Z</time></trkpt><trkpt lat="47.60863200" lon="19.14691340"><ele>136.79</ele><time>2025-10-20T13:33:39.185Z</time></trkpt><trkpt lat="47.60863190" lon="19.14691340"><ele>136.79</ele><time>2025-10-20T13:33:39.385Z</time></trkpt><trkpt lat="47.60863190" lon="19.14691340"><ele>136.80</ele><time>2025-10-20T13:33:39.585Z</time></trkpt><trkpt lat="47.60863190" lon="19.14691340"><ele>136.80</ele><time>2025-10-20T13:33:39.786Z</time></trkpt><trkpt lat="47.60863190" lon="19.14691340"><ele>136.80</ele><time>2025-10-20T13:33:39.986Z</time></trkpt><trkpt lat="47.60863190" lon="19.14691340"><ele>136.80</ele><time>2025-10-20T13:33:40.186Z</time></trkpt><trkpt lat="47.60863190" lon="19.14691340"><ele>136.80</ele><time>2025-10-20T13:33:40.386Z</time></trkpt><trkpt lat="47.60863190" lon="19.14691340"><ele>136.80</ele><time>2025-10-20T13:33:40.586Z</time></trkpt><trkpt lat="47.60863190" lon="19.14691340"><ele>136.80</ele><time>2025-10-20T13:33:40.787Z</time></trkpt><trkpt lat="47.60863190" lon="19.14691340"><ele>136.79</ele><time>2025-10-20T13:33:40.987Z</time></trkpt><trkpt lat="47.60863190" lon="19.14691340"><ele>136.79</ele><time>2025-10-20T13:33:41.188Z</time></trkpt><trkpt lat="47.60863190" lon="19.14691340"><ele>136.79</ele><time>2025-10-20T13:33:41.389Z</time></trkpt><trkpt lat="47.60863180" lon="19.14691340"><ele>136.80</ele><time>2025-10-20T13:33:41.588Z</time></trkpt><trkpt lat="47.60863180" lon="19.14691340"><ele>136.80</ele><time>2025-10-20T13:33:41.788Z</time></trkpt><trkpt lat="47.60863180" lon="19.14691340"><ele>136.79</ele><time>2025-10-20T13:33:41.988Z</time></trkpt><trkpt lat="47.60863180" lon="19.14691340"><ele>136.79</ele><time>2025-10-20T13:33:42.188Z</time></trkpt><trkpt lat="47.60863180" lon="19.14691330"><ele>136.79</ele><time>2025-10-20T13:33:42.390Z</time></trkpt><trkpt lat="47.60863180" lon="19.14691330"><ele>136.79</ele><time>2025-10-20T13:33:42.591Z</time></trkpt><trkpt lat="47.60863190" lon="19.14691320"><ele>136.79</ele><time>2025-10-20T13:33:42.792Z</time></trkpt><trkpt lat="47.60863190" lon="19.14691320"><ele>136.79</ele><time>2025-10-20T13:33:42.992Z</time></trkpt><trkpt lat="47.60863190" lon="19.14691320"><ele>136.80</ele><time>2025-10-20T13:33:43.192Z</time></trkpt><trkpt lat="47.60863200" lon="19.14691310"><ele>136.80</ele><time>2025-10-20T13:33:43.394Z</time></trkpt><trkpt lat="47.60863190" lon="19.14691310"><ele>136.80</ele><time>2025-10-20T13:33:43.594Z</time></trkpt><trkpt lat="47.60863190" lon="19.14691310"><ele>136.80</ele><time>2025-10-20T13:33:43.795Z</time></trkpt><trkpt lat="47.60863190" lon="19.14691310"><ele>136.80</ele><time>2025-10-20T13:33:43.995Z</time></trkpt><trkpt lat="47.60863180" lon="19.14691300"><ele>136.81</ele><time>2025-10-20T13:33:44.195Z</time></trkpt><trkpt lat="47.60863180" lon="19.14691300"><ele>136.81</ele><time>2025-10-20T13:33:44.396Z</time></trkpt><trkpt lat="47.60863170" lon="19.14691300"><ele>136.81</ele><time>2025-10-20T13:33:44.597Z</time></trkpt><trkpt lat="47.60863170" lon="19.14691290"><ele>136.81</ele><time>2025-10-20T13:33:44.797Z</time></trkpt><trkpt lat="47.60863170" lon="19.14691290"><ele>136.81</ele><time>2025-10-20T13:33:44.997Z</time></trkpt><trkpt lat="47.60863170" lon="19.14691290"><ele>136.80</ele><time>2025-10-20T13:33:45.198Z</time></trkpt><trkpt lat="47.60863170" lon="19.14691290"><ele>136.80</ele><time>2025-10-20T13:33:45.401Z</time></trkpt><trkpt lat="47.60863170" lon="19.14691290"><ele>136.80</ele><time>2025-10-20T13:33:45.601Z</time></trkpt><trkpt lat="47.60863170" lon="19.14691290"><ele>136.80</ele><time>2025-10-20T13:33:45.801Z</time></trkpt><trkpt lat="47.60863170" lon="19.14691290"><ele>136.80</ele><time>2025-10-20T13:33:46.001Z</time></trkpt><trkpt lat="47.60863170" lon="19.14691290"><ele>136.80</ele><time>2025-10-20T13:33:46.201Z</time></trkpt><trkpt lat="47.60863160" lon="19.14691290"><ele>136.80</ele><time>2025-10-20T13:33:46.408Z</time></trkpt><trkpt lat="47.60863160" lon="19.14691290"><ele>136.80</ele><time>2025-10-20T13:33:46.608Z</time></trkpt><trkpt lat="47.60863160" lon="19.14691280"><ele>136.80</ele><time>2025-10-20T13:33:46.808Z</time></trkpt><trkpt lat="47.60863160" lon="19.14691280"><ele>136.80</ele><time>2025-10-20T13:33:47.009Z</time></trkpt><trkpt lat="47.60863160" lon="19.14691280"><ele>136.80</ele><time>2025-10-20T13:33:47.209Z</time></trkpt><trkpt lat="47.60863160" lon="19.14691280"><ele>136.80</ele><time>2025-10-20T13:33:47.413Z</time></trkpt><trkpt lat="47.60863160" lon="19.14691280"><ele>136.80</ele><time>2025-10-20T13:33:47.614Z</time></trkpt><trkpt lat="47.60863160" lon="19.14691290"><ele>136.80</ele><time>2025-10-20T13:33:47.815Z</time></trkpt><trkpt lat="47.60863160" lon="19.14691290"><ele>136.80</ele><time>2025-10-20T13:33:48.015Z</time></trkpt><trkpt lat="47.60863160" lon="19.14691290"><ele>136.80</ele><time>2025-10-20T13:33:48.216Z</time></trkpt><trkpt lat="47.60863160" lon="19.14691290"><ele>136.80</ele><time>2025-10-20T13:33:48.417Z</time></trkpt><trkpt lat="47.60863160" lon="19.14691290"><ele>136.80</ele><time>2025-10-20T13:33:48.617Z</time></trkpt><trkpt lat="47.60863160" lon="19.14691290"><ele>136.80</ele><time>2025-10-20T13:33:48.817Z</time></trkpt><trkpt lat="47.60863160" lon="19.14691300"><ele>136.81</ele><time>2025-10-20T13:33:49.018Z</time></trkpt><trkpt lat="47.60863160" lon="19.14691300"><ele>136.81</ele><time>2025-10-20T13:33:49.219Z</time></trkpt><trkpt lat="47.60863160" lon="19.14691300"><ele>136.81</ele><time>2025-10-20T13:33:49.405Z</time></trkpt><trkpt lat="47.60863160" lon="19.14691300"><ele>136.81</ele><time>2025-10-20T13:33:49.608Z</time></trkpt><trkpt lat="47.60863160" lon="19.14691300"><ele>136.81</ele><time>2025-10-20T13:33:49.809Z</time></trkpt><trkpt lat="47.60863170" lon="19.14691300"><ele>136.81</ele><time>2025-10-20T13:33:50.009Z</time></trkpt><trkpt lat="47.60863170" lon="19.14691300"><ele>136.81</ele><time>2025-10-20T13:33:50.211Z</time></trkpt><trkpt lat="47.60863170" lon="19.14691300"><ele>136.81</ele><time>2025-10-20T13:33:50.413Z</time></trkpt><trkpt lat="47.60863170" lon="19.14691300"><ele>136.81</ele><time>2025-10-20T13:33:50.613Z</time></trkpt><trkpt lat="47.60863170" lon="19.14691300"><ele>136.81</ele><time>2025-10-20T13:33:50.814Z</time></trkpt><trkpt lat="47.60863170" lon="19.14691300"><ele>136.81</ele><time>2025-10-20T13:33:51.014Z</time></trkpt><trkpt lat="47.60863170" lon="19.14691300"><ele>136.81</ele><time>2025-10-20T13:33:51.215Z</time></trkpt><trkpt lat="47.60863170" lon="19.14691300"><ele>136.81</ele><time>2025-10-20T13:33:51.417Z</time></trkpt><trkpt lat="47.60863170" lon="19.14691300"><ele>136.81</ele><time>2025-10-20T13:33:51.618Z</time></trkpt><trkpt lat="47.60863170" lon="19.14691300"><ele>136.81</ele><time>2025-10-20T13:33:51.818Z</time></trkpt><trkpt lat="47.60863170" lon="19.14691300"><ele>136.81</ele><time>2025-10-20T13:33:52.018Z</time></trkpt><trkpt lat="47.60863180" lon="19.14691300"><ele>136.80</ele><time>2025-10-20T13:33:52.219Z</time></trkpt><trkpt lat="47.60863180" lon="19.14691300"><ele>136.80</ele><time>2025-10-20T13:33:52.407Z</time></trkpt><trkpt lat="47.60863180" lon="19.14691300"><ele>136.80</ele><time>2025-10-20T13:33:52.607Z</time></trkpt><trkpt lat="47.60863180" lon="19.14691300"><ele>136.80</ele><time>2025-10-20T13:33:52.808Z</time></trkpt><trkpt lat="47.60863180" lon="19.14691300"><ele>136.80</ele><time>2025-10-20T13:33:53.009Z</time></trkpt><trkpt lat="47.60863180" lon="19.14691300"><ele>136.80</ele><time>2025-10-20T13:33:53.209Z</time></trkpt><trkpt lat="47.60863180" lon="19.14691300"><ele>136.80</ele><time>2025-10-20T13:33:53.412Z</time></trkpt><trkpt lat="47.60863170" lon="19.14691290"><ele>136.80</ele><time>2025-10-20T13:33:53.612Z</time></trkpt><trkpt lat="47.60863170" lon="19.14691290"><ele>136.80</ele><time>2025-10-20T13:33:53.813Z</time></trkpt><trkpt lat="47.60863170" lon="19.14691290"><ele>136.80</ele><time>2025-10-20T13:33:54.014Z</time></trkpt><trkpt lat="47.60863170" lon="19.14691290"><ele>136.80</ele><time>2025-10-20T13:33:54.215Z</time></trkpt><trkpt lat="47.60863170" lon="19.14691290"><ele>136.79</ele><time>2025-10-20T13:33:54.416Z</time></trkpt><trkpt lat="47.60863170" lon="19.14691290"><ele>136.79</ele><time>2025-10-20T13:33:54.616Z</time></trkpt><trkpt lat="47.60863170" lon="19.14691290"><ele>136.79</ele><time>2025-10-20T13:33:54.817Z</time></trkpt><trkpt lat="47.60863170" lon="19.14691290"><ele>136.79</ele><time>2025-10-20T13:33:55.018Z</time></trkpt><trkpt lat="47.60863170" lon="19.14691290"><ele>136.79</ele><time>2025-10-20T13:33:55.217Z</time></trkpt><trkpt lat="47.60863170" lon="19.14691280"><ele>136.78</ele><time>2025-10-20T13:33:55.408Z</time></trkpt><trkpt lat="47.60863180" lon="19.14691280"><ele>136.78</ele><time>2025-10-20T13:33:55.628Z</time></trkpt><trkpt lat="47.60863180" lon="19.14691280"><ele>136.78</ele><time>2025-10-20T13:33:55.828Z</time></trkpt><trkpt lat="47.60863180" lon="19.14691280"><ele>136.78</ele><time>2025-10-20T13:33:56.028Z</time></trkpt><trkpt lat="47.60863180" lon="19.14691280"><ele>136.78</ele><time>2025-10-20T13:33:56.209Z</time></trkpt><trkpt lat="47.60863180" lon="19.14691280"><ele>136.78</ele><time>2025-10-20T13:33:56.431Z</time></trkpt><trkpt lat="47.60863180" lon="19.14691290"><ele>136.78</ele><time>2025-10-20T13:33:56.611Z</time></trkpt><trkpt lat="47.60863180" lon="19.14691280"><ele>136.78</ele><time>2025-10-20T13:33:56.810Z</time></trkpt><trkpt lat="47.60863190" lon="19.14691280"><ele>136.78</ele><time>2025-10-20T13:33:57.010Z</time></trkpt><trkpt lat="47.60863190" lon="19.14691280"><ele>136.78</ele><time>2025-10-20T13:33:57.211Z</time></trkpt><trkpt lat="47.60863190" lon="19.14691280"><ele>136.78</ele><time>2025-10-20T13:33:57.431Z</time></trkpt><trkpt lat="47.60863190" lon="19.14691270"><ele>136.78</ele><time>2025-10-20T13:33:57.612Z</time></trkpt><trkpt lat="47.60863200" lon="19.14691270"><ele>136.78</ele><time>2025-10-20T13:33:57.813Z</time></trkpt><trkpt lat="47.60863200" lon="19.14691270"><ele>136.78</ele><time>2025-10-20T13:33:58.014Z</time></trkpt><trkpt lat="47.60863210" lon="19.14691260"><ele>136.78</ele><time>2025-10-20T13:33:58.214Z</time></trkpt><trkpt lat="47.60863210" lon="19.14691260"><ele>136.78</ele><time>2025-10-20T13:33:58.416Z</time></trkpt><trkpt lat="47.60863210" lon="19.14691260"><ele>136.78</ele><time>2025-10-20T13:33:58.616Z</time></trkpt><trkpt lat="47.60863210" lon="19.14691260"><ele>136.78</ele><time>2025-10-20T13:33:58.816Z</time></trkpt><trkpt lat="47.60863210" lon="19.14691260"><ele>136.77</ele><time>2025-10-20T13:33:59.017Z</time></trkpt><trkpt lat="47.60863210" lon="19.14691260"><ele>136.77</ele><time>2025-10-20T13:33:59.217Z</time></trkpt><trkpt lat="47.60863210" lon="19.14691260"><ele>136.77</ele><time>2025-10-20T13:33:59.418Z</time></trkpt><trkpt lat="47.60863210" lon="19.14691260"><ele>136.77</ele><time>2025-10-20T13:33:59.618Z</time></trkpt><trkpt lat="47.60863210" lon="19.14691260"><ele>136.77</ele><time>2025-10-20T13:33:59.818Z</time></trkpt><trkpt lat="47.60863210" lon="19.14691270"><ele>136.77</ele><time>2025-10-20T13:34:00.019Z</time></trkpt><trkpt lat="47.60863210" lon="19.14691270"><ele>136.77</ele><time>2025-10-20T13:34:00.222Z</time></trkpt><trkpt lat="47.60863210" lon="19.14691270"><ele>136.77</ele><time>2025-10-20T13:34:00.422Z</time></trkpt><trkpt lat="47.60863200" lon="19.14691270"><ele>136.77</ele><time>2025-10-20T13:34:00.622Z</time></trkpt><trkpt lat="47.60863200" lon="19.14691270"><ele>136.77</ele><time>2025-10-20T13:34:00.822Z</time></trkpt><trkpt lat="47.60863200" lon="19.14691270"><ele>136.77</ele><time>2025-10-20T13:34:01.023Z</time></trkpt><trkpt lat="47.60863200" lon="19.14691270"><ele>136.77</ele><time>2025-10-20T13:34:01.224Z</time></trkpt><trkpt lat="47.60863200" lon="19.14691270"><ele>136.77</ele><time>2025-10-20T13:34:01.425Z</time></trkpt><trkpt lat="47.60863190" lon="19.14691270"><ele>136.77</ele><time>2025-10-20T13:34:01.626Z</time></trkpt><trkpt lat="47.60863190" lon="19.14691270"><ele>136.77</ele><time>2025-10-20T13:34:01.826Z</time></trkpt><trkpt lat="47.60863190" lon="19.14691270"><ele>136.77</ele><time>2025-10-20T13:34:02.027Z</time></trkpt><trkpt lat="47.60863190" lon="19.14691270"><ele>136.77</ele><time>2025-10-20T13:34:02.228Z</time></trkpt><trkpt lat="47.60863190" lon="19.14691270"><ele>136.78</ele><time>2025-10-20T13:34:02.432Z</time></trkpt><trkpt lat="47.60863190" lon="19.14691270"><ele>136.78</ele><time>2025-10-20T13:34:02.632Z</time></trkpt><trkpt lat="47.60863190" lon="19.14691280"><ele>136.78</ele><time>2025-10-20T13:34:02.832Z</time></trkpt><trkpt lat="47.60863190" lon="19.14691280"><ele>136.78</ele><time>2025-10-20T13:34:03.033Z</time></trkpt><trkpt lat="47.60863190" lon="19.14691280"><ele>136.78</ele><time>2025-10-20T13:34:03.232Z</time></trkpt><trkpt lat="47.60863190" lon="19.14691270"><ele>136.78</ele><time>2025-10-20T13:34:03.433Z</time></trkpt><trkpt lat="47.60863190" lon="19.14691270"><ele>136.78</ele><time>2025-10-20T13:34:03.633Z</time></trkpt><trkpt lat="47.60863190" lon="19.14691270"><ele>136.78</ele><time>2025-10-20T13:34:03.833Z</time></trkpt><trkpt lat="47.60863190" lon="19.14691260"><ele>136.78</ele><time>2025-10-20T13:34:04.034Z</time></trkpt><trkpt lat="47.60863200" lon="19.14691260"><ele>136.79</ele><time>2025-10-20T13:34:04.233Z</time></trkpt><trkpt lat="47.60863200" lon="19.14691260"><ele>136.79</ele><time>2025-10-20T13:34:04.434Z</time></trkpt><trkpt lat="47.60863210" lon="19.14691260"><ele>136.79</ele><time>2025-10-20T13:34:04.635Z</time></trkpt><trkpt lat="47.60863210" lon="19.14691260"><ele>136.79</ele><time>2025-10-20T13:34:04.835Z</time></trkpt><trkpt lat="47.60863210" lon="19.14691250"><ele>136.79</ele><time>2025-10-20T13:34:05.035Z</time></trkpt><trkpt lat="47.60863210" lon="19.14691250"><ele>136.79</ele><time>2025-10-20T13:34:05.235Z</time></trkpt><trkpt lat="47.60863210" lon="19.14691240"><ele>136.80</ele><time>2025-10-20T13:34:05.436Z</time></trkpt><trkpt lat="47.60863210" lon="19.14691240"><ele>136.80</ele><time>2025-10-20T13:34:05.636Z</time></trkpt><trkpt lat="47.60863210" lon="19.14691230"><ele>136.80</ele><time>2025-10-20T13:34:05.836Z</time></trkpt><trkpt lat="47.60863200" lon="19.14691230"><ele>136.80</ele><time>2025-10-20T13:34:06.036Z</time></trkpt><trkpt lat="47.60863200" lon="19.14691230"><ele>136.80</ele><time>2025-10-20T13:34:06.216Z</time></trkpt><trkpt lat="47.60863200" lon="19.14691220"><ele>136.80</ele><time>2025-10-20T13:34:06.436Z</time></trkpt><trkpt lat="47.60863200" lon="19.14691220"><ele>136.81</ele><time>2025-10-20T13:34:06.636Z</time></trkpt><trkpt lat="47.60863200" lon="19.14691220"><ele>136.81</ele><time>2025-10-20T13:34:06.836Z</time></trkpt><trkpt lat="47.60863190" lon="19.14691220"><ele>136.81</ele><time>2025-10-20T13:34:07.037Z</time></trkpt><trkpt lat="47.60863190" lon="19.14691230"><ele>136.81</ele><time>2025-10-20T13:34:07.217Z</time></trkpt><trkpt lat="47.60863190" lon="19.14691220"><ele>136.82</ele><time>2025-10-20T13:34:07.437Z</time></trkpt><trkpt lat="47.60863200" lon="19.14691220"><ele>136.82</ele><time>2025-10-20T13:34:07.637Z</time></trkpt><trkpt lat="47.60863200" lon="19.14691220"><ele>136.82</ele><time>2025-10-20T13:34:07.837Z</time></trkpt><trkpt lat="47.60863200" lon="19.14691220"><ele>136.82</ele><time>2025-10-20T13:34:08.037Z</time></trkpt><trkpt lat="47.60863200" lon="19.14691220"><ele>136.82</ele><time>2025-10-20T13:34:08.237Z</time></trkpt><trkpt lat="47.60863190" lon="19.14691230"><ele>136.82</ele><time>2025-10-20T13:34:08.438Z</time></trkpt><trkpt lat="47.60863190" lon="19.14691230"><ele>136.82</ele><time>2025-10-20T13:34:08.638Z</time></trkpt><trkpt lat="47.60863190" lon="19.14691220"><ele>136.82</ele><time>2025-10-20T13:34:08.838Z</time></trkpt><trkpt lat="47.60863190" lon="19.14691220"><ele>136.82</ele><time>2025-10-20T13:34:09.039Z</time></trkpt><trkpt lat="47.60863180" lon="19.14691220"><ele>136.82</ele><time>2025-10-20T13:34:09.242Z</time></trkpt><trkpt lat="47.60863180" lon="19.14691230"><ele>136.82</ele><time>2025-10-20T13:34:09.442Z</time></trkpt><trkpt lat="47.60863170" lon="19.14691230"><ele>136.82</ele><time>2025-10-20T13:34:09.643Z</time></trkpt><trkpt lat="47.60863170" lon="19.14691230"><ele>136.83</ele><time>2025-10-20T13:34:09.843Z</time></trkpt><trkpt lat="47.60863170" lon="19.14691240"><ele>136.83</ele><time>2025-10-20T13:34:10.045Z</time></trkpt><trkpt lat="47.60863170" lon="19.14691240"><ele>136.83</ele><time>2025-10-20T13:34:10.226Z</time></trkpt><trkpt lat="47.60863170" lon="19.14691240"><ele>136.83</ele><time>2025-10-20T13:34:10.448Z</time></trkpt><trkpt lat="47.60863170" lon="19.14691240"><ele>136.83</ele><time>2025-10-20T13:34:10.649Z</time></trkpt><trkpt lat="47.60863170" lon="19.14691240"><ele>136.83</ele><time>2025-10-20T13:34:10.850Z</time></trkpt><trkpt lat="47.60863170" lon="19.14691240"><ele>136.83</ele><time>2025-10-20T13:34:11.051Z</time></trkpt><trkpt lat="47.60863170" lon="19.14691240"><ele>136.83</ele><time>2025-10-20T13:34:11.251Z</time></trkpt><trkpt lat="47.60863170" lon="19.14691240"><ele>136.83</ele><time>2025-10-20T13:34:11.451Z</time></trkpt><trkpt lat="47.60863170" lon="19.14691250"><ele>136.83</ele><time>2025-10-20T13:34:11.651Z</time></trkpt><trkpt lat="47.60863170" lon="19.14691250"><ele>136.83</ele><time>2025-10-20T13:34:11.851Z</time></trkpt><trkpt lat="47.60863170" lon="19.14691250"><ele>136.82</ele><time>2025-10-20T13:34:12.051Z</time></trkpt><trkpt lat="47.60863170" lon="19.14691260"><ele>136.83</ele><time>2025-10-20T13:34:12.251Z</time></trkpt><trkpt lat="47.60863170" lon="19.14691260"><ele>136.83</ele><time>2025-10-20T13:34:12.453Z</time></trkpt><trkpt lat="47.60863170" lon="19.14691260"><ele>136.83</ele><time>2025-10-20T13:34:12.654Z</time></trkpt><trkpt lat="47.60863180" lon="19.14691260"><ele>136.83</ele><time>2025-10-20T13:34:12.855Z</time></trkpt><trkpt lat="47.60863180" lon="19.14691260"><ele>136.83</ele><time>2025-10-20T13:34:13.055Z</time></trkpt><trkpt lat="47.60863180" lon="19.14691260"><ele>136.83</ele><time>2025-10-20T13:34:13.255Z</time></trkpt><trkpt lat="47.60863180" lon="19.14691260"><ele>136.82</ele><time>2025-10-20T13:34:13.455Z</time></trkpt><trkpt lat="47.60863190" lon="19.14691260"><ele>136.82</ele><time>2025-10-20T13:34:13.655Z</time></trkpt><trkpt lat="47.60863190" lon="19.14691260"><ele>136.82</ele><time>2025-10-20T13:34:13.856Z</time></trkpt><trkpt lat="47.60863190" lon="19.14691270"><ele>136.82</ele><time>2025-10-20T13:34:14.056Z</time></trkpt><trkpt lat="47.60863190" lon="19.14691270"><ele>136.82</ele><time>2025-10-20T13:34:14.257Z</time></trkpt><trkpt lat="47.60863190" lon="19.14691270"><ele>136.82</ele><time>2025-10-20T13:34:14.457Z</time></trkpt><trkpt lat="47.60863190" lon="19.14691270"><ele>136.82</ele><time>2025-10-20T13:34:14.658Z</time></trkpt><trkpt lat="47.60863180" lon="19.14691270"><ele>136.82</ele><time>2025-10-20T13:34:14.857Z</time></trkpt><trkpt lat="47.60863180" lon="19.14691270"><ele>136.83</ele><time>2025-10-20T13:34:15.058Z</time></trkpt><trkpt lat="47.60863180" lon="19.14691270"><ele>136.83</ele><time>2025-10-20T13:34:15.260Z</time></trkpt><trkpt lat="47.60863180" lon="19.14691270"><ele>136.83</ele><time>2025-10-20T13:34:15.464Z</time></trkpt><trkpt lat="47.60863170" lon="19.14691270"><ele>136.83</ele><time>2025-10-20T13:34:15.664Z</time></trkpt><trkpt lat="47.60863170" lon="19.14691270"><ele>136.84</ele><time>2025-10-20T13:34:15.865Z</time></trkpt><trkpt lat="47.60863160" lon="19.14691260"><ele>136.84</ele><time>2025-10-20T13:34:16.065Z</time></trkpt><trkpt lat="47.60863160" lon="19.14691260"><ele>136.84</ele><time>2025-10-20T13:34:16.265Z</time></trkpt><trkpt lat="47.60863160" lon="19.14691260"><ele>136.84</ele><time>2025-10-20T13:34:16.466Z</time></trkpt><trkpt lat="47.60863160" lon="19.14691250"><ele>136.85</ele><time>2025-10-20T13:34:16.666Z</time></trkpt><trkpt lat="47.60863160" lon="19.14691250"><ele>136.85</ele><time>2025-10-20T13:34:16.867Z</time></trkpt><trkpt lat="47.60863160" lon="19.14691250"><ele>136.85</ele><time>2025-10-20T13:34:17.068Z</time></trkpt><trkpt lat="47.60863160" lon="19.14691250"><ele>136.85</ele><time>2025-10-20T13:34:17.268Z</time></trkpt><trkpt lat="47.60863170" lon="19.14691250"><ele>136.85</ele><time>2025-10-20T13:34:17.469Z</time></trkpt><trkpt lat="47.60863170" lon="19.14691240"><ele>136.85</ele><time>2025-10-20T13:34:17.669Z</time></trkpt><trkpt lat="47.60863170" lon="19.14691230"><ele>136.86</ele><time>2025-10-20T13:34:17.870Z</time></trkpt><trkpt lat="47.60863170" lon="19.14691230"><ele>136.86</ele><time>2025-10-20T13:34:18.071Z</time></trkpt><trkpt lat="47.60863170" lon="19.14691230"><ele>136.85</ele><time>2025-10-20T13:34:18.273Z</time></trkpt><trkpt lat="47.60863180" lon="19.14691220"><ele>136.85</ele><time>2025-10-20T13:34:18.473Z</time></trkpt><trkpt lat="47.60863180" lon="19.14691220"><ele>136.85</ele><time>2025-10-20T13:34:18.673Z</time></trkpt><trkpt lat="47.60863180" lon="19.14691220"><ele>136.85</ele><time>2025-10-20T13:34:18.874Z</time></trkpt><trkpt lat="47.60863190" lon="19.14691220"><ele>136.85</ele><time>2025-10-20T13:34:19.074Z</time></trkpt><trkpt lat="47.60863190" lon="19.14691230"><ele>136.85</ele><time>2025-10-20T13:34:19.275Z</time></trkpt><trkpt lat="47.60863190" lon="19.14691230"><ele>136.85</ele><time>2025-10-20T13:34:19.476Z</time></trkpt><trkpt lat="47.60863190" lon="19.14691230"><ele>136.85</ele><time>2025-10-20T13:34:19.677Z</time></trkpt><trkpt lat="47.60863190" lon="19.14691230"><ele>136.85</ele><time>2025-10-20T13:34:19.878Z</time></trkpt><trkpt lat="47.60863190" lon="19.14691230"><ele>136.85</ele><time>2025-10-20T13:34:20.078Z</time></trkpt><trkpt lat="47.60863190" lon="19.14691240"><ele>136.85</ele><time>2025-10-20T13:34:20.280Z</time></trkpt><trkpt lat="47.60863190" lon="19.14691240"><ele>136.85</ele><time>2025-10-20T13:34:20.479Z</time></trkpt><trkpt lat="47.60863190" lon="19.14691240"><ele>136.85</ele><time>2025-10-20T13:34:20.679Z</time></trkpt><trkpt lat="47.60863190" lon="19.14691240"><ele>136.85</ele><time>2025-10-20T13:34:20.879Z</time></trkpt><trkpt lat="47.60863190" lon="19.14691240"><ele>136.85</ele><time>2025-10-20T13:34:21.079Z</time></trkpt><trkpt lat="47.60863190" lon="19.14691240"><ele>136.86</ele><time>2025-10-20T13:34:21.281Z</time></trkpt><trkpt lat="47.60863190" lon="19.14691240"><ele>136.86</ele><time>2025-10-20T13:34:21.481Z</time></trkpt><trkpt lat="47.60863190" lon="19.14691240"><ele>136.85</ele><time>2025-10-20T13:34:21.682Z</time></trkpt><trkpt lat="47.60863190" lon="19.14691230"><ele>136.85</ele><time>2025-10-20T13:34:21.882Z</time></trkpt><trkpt lat="47.60863190" lon="19.14691230"><ele>136.85</ele><time>2025-10-20T13:34:22.082Z</time></trkpt><trkpt lat="47.60863190" lon="19.14691230"><ele>136.85</ele><time>2025-10-20T13:34:22.263Z</time></trkpt><trkpt lat="47.60863180" lon="19.14691230"><ele>136.85</ele><time>2025-10-20T13:34:22.484Z</time></trkpt><trkpt lat="47.60863180" lon="19.14691240"><ele>136.85</ele><time>2025-10-20T13:34:22.684Z</time></trkpt><trkpt lat="47.60863180" lon="19.14691240"><ele>136.85</ele><time>2025-10-20T13:34:22.884Z</time></trkpt><trkpt lat="47.60863180" lon="19.14691240"><ele>136.85</ele><time>2025-10-20T13:34:23.085Z</time></trkpt><trkpt lat="47.60863180" lon="19.14691240"><ele>136.85</ele><time>2025-10-20T13:34:23.285Z</time></trkpt><trkpt lat="47.60863180" lon="19.14691230"><ele>136.84</ele><time>2025-10-20T13:34:23.485Z</time></trkpt><trkpt lat="47.60863180" lon="19.14691240"><ele>136.84</ele><time>2025-10-20T13:34:23.686Z</time></trkpt><trkpt lat="47.60863180" lon="19.14691230"><ele>136.85</ele><time>2025-10-20T13:34:23.887Z</time></trkpt><trkpt lat="47.60863180" lon="19.14691230"><ele>136.85</ele><time>2025-10-20T13:34:24.087Z</time></trkpt><trkpt lat="47.60863180" lon="19.14691230"><ele>136.84</ele><time>2025-10-20T13:34:24.287Z</time></trkpt><trkpt lat="47.60863180" lon="19.14691230"><ele>136.84</ele><time>2025-10-20T13:34:24.487Z</time></trkpt><trkpt lat="47.60863180" lon="19.14691230"><ele>136.83</ele><time>2025-10-20T13:34:24.688Z</time></trkpt><trkpt lat="47.60863190" lon="19.14691230"><ele>136.83</ele><time>2025-10-20T13:34:24.888Z</time></trkpt><trkpt lat="47.60863190" lon="19.14691230"><ele>136.82</ele><time>2025-10-20T13:34:25.089Z</time></trkpt><trkpt lat="47.60863180" lon="19.14691220"><ele>136.81</ele><time>2025-10-20T13:34:25.289Z</time></trkpt><trkpt lat="47.60863180" lon="19.14691220"><ele>136.81</ele><time>2025-10-20T13:34:25.489Z</time></trkpt><trkpt lat="47.60863180" lon="19.14691230"><ele>136.81</ele><time>2025-10-20T13:34:25.690Z</time></trkpt><trkpt lat="47.60863170" lon="19.14691230"><ele>136.80</ele><time>2025-10-20T13:34:25.890Z</time></trkpt><trkpt lat="47.60863160" lon="19.14691230"><ele>136.80</ele><time>2025-10-20T13:34:26.090Z</time></trkpt><trkpt lat="47.60863150" lon="19.14691230"><ele>136.81</ele><time>2025-10-20T13:34:26.291Z</time></trkpt><trkpt lat="47.60863150" lon="19.14691230"><ele>136.81</ele><time>2025-10-20T13:34:26.491Z</time></trkpt><trkpt lat="47.60863140" lon="19.14691230"><ele>136.81</ele><time>2025-10-20T13:34:26.692Z</time></trkpt><trkpt lat="47.60863140" lon="19.14691230"><ele>136.81</ele><time>2025-10-20T13:34:26.893Z</time></trkpt><trkpt lat="47.60863150" lon="19.14691230"><ele>136.81</ele><time>2025-10-20T13:34:27.095Z</time></trkpt><trkpt lat="47.60863150" lon="19.14691240"><ele>136.81</ele><time>2025-10-20T13:34:27.296Z</time></trkpt><trkpt lat="47.60863150" lon="19.14691230"><ele>136.80</ele><time>2025-10-20T13:34:27.496Z</time></trkpt><trkpt lat="47.60863160" lon="19.14691230"><ele>136.80</ele><time>2025-10-20T13:34:27.697Z</time></trkpt><trkpt lat="47.60863160" lon="19.14691230"><ele>136.80</ele><time>2025-10-20T13:34:27.897Z</time></trkpt><trkpt lat="47.60863170" lon="19.14691240"><ele>136.80</ele><time>2025-10-20T13:34:28.098Z</time></trkpt><trkpt lat="47.60863170" lon="19.14691240"><ele>136.80</ele><time>2025-10-20T13:34:28.298Z</time></trkpt><trkpt lat="47.60863170" lon="19.14691240"><ele>136.80</ele><time>2025-10-20T13:34:28.498Z</time></trkpt><trkpt lat="47.60863170" lon="19.14691240"><ele>136.80</ele><time>2025-10-20T13:34:28.699Z</time></trkpt><trkpt lat="47.60863170" lon="19.14691230"><ele>136.80</ele><time>2025-10-20T13:34:28.900Z</time></trkpt><trkpt lat="47.60863170" lon="19.14691230"><ele>136.80</ele><time>2025-10-20T13:34:29.101Z</time></trkpt><trkpt lat="47.60863180" lon="19.14691230"><ele>136.80</ele><time>2025-10-20T13:34:29.303Z</time></trkpt><trkpt lat="47.60863180" lon="19.14691220"><ele>136.80</ele><time>2025-10-20T13:34:29.505Z</time></trkpt><trkpt lat="47.60863180" lon="19.14691220"><ele>136.80</ele><time>2025-10-20T13:34:29.704Z</time></trkpt><trkpt lat="47.60863180" lon="19.14691220"><ele>136.80</ele><time>2025-10-20T13:34:29.905Z</time></trkpt><trkpt lat="47.60863180" lon="19.14691220"><ele>136.80</ele><time>2025-10-20T13:34:30.105Z</time></trkpt><trkpt lat="47.60863180" lon="19.14691210"><ele>136.79</ele><time>2025-10-20T13:34:30.307Z</time></trkpt><trkpt lat="47.60863180" lon="19.14691210"><ele>136.79</ele><time>2025-10-20T13:34:30.506Z</time></trkpt><trkpt lat="47.60863170" lon="19.14691210"><ele>136.79</ele><time>2025-10-20T13:34:30.706Z</time></trkpt><trkpt lat="47.60863170" lon="19.14691200"><ele>136.79</ele><time>2025-10-20T13:34:30.907Z</time></trkpt><trkpt lat="47.60863170" lon="19.14691200"><ele>136.79</ele><time>2025-10-20T13:34:31.107Z</time></trkpt><trkpt lat="47.60863160" lon="19.14691210"><ele>136.79</ele><time>2025-10-20T13:34:31.308Z</time></trkpt><trkpt lat="47.60863160" lon="19.14691210"><ele>136.79</ele><time>2025-10-20T13:34:31.509Z</time></trkpt><trkpt lat="47.60863170" lon="19.14691200"><ele>136.79</ele><time>2025-10-20T13:34:31.692Z</time></trkpt><trkpt lat="47.60863170" lon="19.14691210"><ele>136.79</ele><time>2025-10-20T13:34:31.892Z</time></trkpt><trkpt lat="47.60863170" lon="19.14691210"><ele>136.79</ele><time>2025-10-20T13:34:32.113Z</time></trkpt><trkpt lat="47.60863170" lon="19.14691220"><ele>136.79</ele><time>2025-10-20T13:34:32.294Z</time></trkpt><trkpt lat="47.60863170" lon="19.14691220"><ele>136.80</ele><time>2025-10-20T13:34:32.495Z</time></trkpt><trkpt lat="47.60863170" lon="19.14691220"><ele>136.80</ele><time>2025-10-20T13:34:32.695Z</time></trkpt><trkpt lat="47.60863180" lon="19.14691230"><ele>136.80</ele><time>2025-10-20T13:34:32.915Z</time></trkpt><trkpt lat="47.60863180" lon="19.14691230"><ele>136.80</ele><time>2025-10-20T13:34:33.096Z</time></trkpt><trkpt lat="47.60863180" lon="19.14691230"><ele>136.80</ele><time>2025-10-20T13:34:33.297Z</time></trkpt><trkpt lat="47.60863180" lon="19.14691230"><ele>136.80</ele><time>2025-10-20T13:34:33.497Z</time></trkpt><trkpt lat="47.60863180" lon="19.14691230"><ele>136.80</ele><time>2025-10-20T13:34:33.698Z</time></trkpt><trkpt lat="47.60863180" lon="19.14691230"><ele>136.80</ele><time>2025-10-20T13:34:33.899Z</time></trkpt><trkpt lat="47.60863180" lon="19.14691230"><ele>136.80</ele><time>2025-10-20T13:34:34.099Z</time></trkpt><trkpt lat="47.60863190" lon="19.14691230"><ele>136.80</ele><time>2025-10-20T13:34:34.300Z</time></trkpt><trkpt lat="47.60863180" lon="19.14691230"><ele>136.80</ele><time>2025-10-20T13:34:34.501Z</time></trkpt><trkpt lat="47.60863180" lon="19.14691230"><ele>136.80</ele><time>2025-10-20T13:34:34.701Z</time></trkpt><trkpt lat="47.60863190" lon="19.14691230"><ele>136.79</ele><time>2025-10-20T13:34:34.902Z</time></trkpt><trkpt lat="47.60863190" lon="19.14691240"><ele>136.80</ele><time>2025-10-20T13:34:35.102Z</time></trkpt><trkpt lat="47.60863190" lon="19.14691230"><ele>136.80</ele><time>2025-10-20T13:34:35.304Z</time></trkpt><trkpt lat="47.60863200" lon="19.14691230"><ele>136.80</ele><time>2025-10-20T13:34:35.503Z</time></trkpt><trkpt lat="47.60863200" lon="19.14691230"><ele>136.80</ele><time>2025-10-20T13:34:35.704Z</time></trkpt><trkpt lat="47.60863210" lon="19.14691230"><ele>136.80</ele><time>2025-10-20T13:34:35.902Z</time></trkpt><trkpt lat="47.60863210" lon="19.14691230"><ele>136.80</ele><time>2025-10-20T13:34:36.102Z</time></trkpt><trkpt lat="47.60863210" lon="19.14691220"><ele>136.80</ele><time>2025-10-20T13:34:36.305Z</time></trkpt><trkpt lat="47.60863210" lon="19.14691220"><ele>136.80</ele><time>2025-10-20T13:34:36.505Z</time></trkpt><trkpt lat="47.60863210" lon="19.14691220"><ele>136.80</ele><time>2025-10-20T13:34:36.704Z</time></trkpt><trkpt lat="47.60863210" lon="19.14691220"><ele>136.80</ele><time>2025-10-20T13:34:36.907Z</time></trkpt><trkpt lat="47.60863200" lon="19.14691220"><ele>136.80</ele><time>2025-10-20T13:34:37.108Z</time></trkpt><trkpt lat="47.60863200" lon="19.14691220"><ele>136.80</ele><time>2025-10-20T13:34:37.310Z</time></trkpt><trkpt lat="47.60863190" lon="19.14691220"><ele>136.80</ele><time>2025-10-20T13:34:37.512Z</time></trkpt><trkpt lat="47.60863190" lon="19.14691220"><ele>136.80</ele><time>2025-10-20T13:34:37.712Z</time></trkpt><trkpt lat="47.60863190" lon="19.14691220"><ele>136.80</ele><time>2025-10-20T13:34:37.914Z</time></trkpt><trkpt lat="47.60863180" lon="19.14691210"><ele>136.80</ele><time>2025-10-20T13:34:38.114Z</time></trkpt><trkpt lat="47.60863180" lon="19.14691210"><ele>136.80</ele><time>2025-10-20T13:34:38.315Z</time></trkpt><trkpt lat="47.60863170" lon="19.14691210"><ele>136.81</ele><time>2025-10-20T13:34:38.515Z</time></trkpt><trkpt lat="47.60863170" lon="19.14691210"><ele>136.81</ele><time>2025-10-20T13:34:38.715Z</time></trkpt><trkpt lat="47.60863170" lon="19.14691220"><ele>136.81</ele><time>2025-10-20T13:34:38.916Z</time></trkpt><trkpt lat="47.60863160" lon="19.14691230"><ele>136.81</ele><time>2025-10-20T13:34:39.116Z</time></trkpt><trkpt lat="47.60863160" lon="19.14691230"><ele>136.81</ele><time>2025-10-20T13:34:39.318Z</time></trkpt><trkpt lat="47.60863160" lon="19.14691230"><ele>136.81</ele><time>2025-10-20T13:34:39.518Z</time></trkpt><trkpt lat="47.60863150" lon="19.14691230"><ele>136.81</ele><time>2025-10-20T13:34:39.720Z</time></trkpt><trkpt lat="47.60863150" lon="19.14691230"><ele>136.82</ele><time>2025-10-20T13:34:39.923Z</time></trkpt><trkpt lat="47.60863150" lon="19.14691230"><ele>136.82</ele><time>2025-10-20T13:34:40.122Z</time></trkpt><trkpt lat="47.60863150" lon="19.14691220"><ele>136.82</ele><time>2025-10-20T13:34:40.306Z</time></trkpt><trkpt lat="47.60863150" lon="19.14691220"><ele>136.82</ele><time>2025-10-20T13:34:40.506Z</time></trkpt><trkpt lat="47.60863150" lon="19.14691220"><ele>136.83</ele><time>2025-10-20T13:34:40.706Z</time></trkpt><trkpt lat="47.60863150" lon="19.14691220"><ele>136.83</ele><time>2025-10-20T13:34:40.906Z</time></trkpt><trkpt lat="47.60863160" lon="19.14691220"><ele>136.83</ele><time>2025-10-20T13:34:41.106Z</time></trkpt><trkpt lat="47.60863160" lon="19.14691220"><ele>136.83</ele><time>2025-10-20T13:34:41.310Z</time></trkpt><trkpt lat="47.60863160" lon="19.14691220"><ele>136.83</ele><time>2025-10-20T13:34:41.510Z</time></trkpt><trkpt lat="47.60863170" lon="19.14691220"><ele>136.83</ele><time>2025-10-20T13:34:41.710Z</time></trkpt><trkpt lat="47.60863170" lon="19.14691210"><ele>136.83</ele><time>2025-10-20T13:34:41.910Z</time></trkpt><trkpt lat="47.60863170" lon="19.14691210"><ele>136.83</ele><time>2025-10-20T13:34:42.111Z</time></trkpt><trkpt lat="47.60863170" lon="19.14691200"><ele>136.84</ele><time>2025-10-20T13:34:42.319Z</time></trkpt><trkpt lat="47.60863180" lon="19.14691200"><ele>136.84</ele><time>2025-10-20T13:34:42.519Z</time></trkpt><trkpt lat="47.60863180" lon="19.14691200"><ele>136.84</ele><time>2025-10-20T13:34:42.720Z</time></trkpt><trkpt lat="47.60863180" lon="19.14691200"><ele>136.84</ele><time>2025-10-20T13:34:42.921Z</time></trkpt><trkpt lat="47.60863180" lon="19.14691190"><ele>136.84</ele><time>2025-10-20T13:34:43.122Z</time></trkpt><trkpt lat="47.60863180" lon="19.14691190"><ele>136.84</ele><time>2025-10-20T13:34:43.323Z</time></trkpt><trkpt lat="47.60863180" lon="19.14691190"><ele>136.84</ele><time>2025-10-20T13:34:43.523Z</time></trkpt><trkpt lat="47.60863180" lon="19.14691190"><ele>136.84</ele><time>2025-10-20T13:34:43.723Z</time></trkpt><trkpt lat="47.60863190" lon="19.14691200"><ele>136.85</ele><time>2025-10-20T13:34:43.923Z</time></trkpt><trkpt lat="47.60863190" lon="19.14691200"><ele>136.85</ele><time>2025-10-20T13:34:44.123Z</time></trkpt><trkpt lat="47.60863190" lon="19.14691200"><ele>136.85</ele><time>2025-10-20T13:34:44.323Z</time></trkpt><trkpt lat="47.60863180" lon="19.14691200"><ele>136.86</ele><time>2025-10-20T13:34:44.523Z</time></trkpt><trkpt lat="47.60863180" lon="19.14691200"><ele>136.86</ele><time>2025-10-20T13:34:44.724Z</time></trkpt><trkpt lat="47.60863190" lon="19.14691200"><ele>136.86</ele><time>2025-10-20T13:34:44.924Z</time></trkpt><trkpt lat="47.60863180" lon="19.14691190"><ele>136.87</ele><time>2025-10-20T13:34:45.124Z</time></trkpt><trkpt lat="47.60863190" lon="19.14691190"><ele>136.87</ele><time>2025-10-20T13:34:45.325Z</time></trkpt><trkpt lat="47.60863190" lon="19.14691190"><ele>136.86</ele><time>2025-10-20T13:34:45.525Z</time></trkpt><trkpt lat="47.60863190" lon="19.14691190"><ele>136.86</ele><time>2025-10-20T13:34:45.725Z</time></trkpt><trkpt lat="47.60863190" lon="19.14691190"><ele>136.86</ele><time>2025-10-20T13:34:45.925Z</time></trkpt><trkpt lat="47.60863190" lon="19.14691190"><ele>136.86</ele><time>2025-10-20T13:34:46.125Z</time></trkpt><trkpt lat="47.60863190" lon="19.14691190"><ele>136.86</ele><time>2025-10-20T13:34:46.326Z</time></trkpt><trkpt lat="47.60863190" lon="19.14691190"><ele>136.86</ele><time>2025-10-20T13:34:46.527Z</time></trkpt><trkpt lat="47.60863180" lon="19.14691190"><ele>136.85</ele><time>2025-10-20T13:34:46.727Z</time></trkpt><trkpt lat="47.60863180" lon="19.14691190"><ele>136.85</ele><time>2025-10-20T13:34:46.928Z</time></trkpt><trkpt lat="47.60863180" lon="19.14691190"><ele>136.85</ele><time>2025-10-20T13:34:47.129Z</time></trkpt><trkpt lat="47.60863180" lon="19.14691200"><ele>136.85</ele><time>2025-10-20T13:34:47.311Z</time></trkpt><trkpt lat="47.60863170" lon="19.14691200"><ele>136.85</ele><time>2025-10-20T13:34:47.542Z</time></trkpt><trkpt lat="47.60863170" lon="19.14691200"><ele>136.84</ele><time>2025-10-20T13:34:47.722Z</time></trkpt><trkpt lat="47.60863170" lon="19.14691200"><ele>136.84</ele><time>2025-10-20T13:34:47.922Z</time></trkpt><trkpt lat="47.60863170" lon="19.14691190"><ele>136.84</ele><time>2025-10-20T13:34:48.123Z</time></trkpt><trkpt lat="47.60863170" lon="19.14691190"><ele>136.84</ele><time>2025-10-20T13:34:48.344Z</time></trkpt><trkpt lat="47.60863160" lon="19.14691190"><ele>136.84</ele><time>2025-10-20T13:34:48.544Z</time></trkpt><trkpt lat="47.60863160" lon="19.14691190"><ele>136.84</ele><time>2025-10-20T13:34:48.745Z</time></trkpt><trkpt lat="47.60863170" lon="19.14691190"><ele>136.84</ele><time>2025-10-20T13:34:48.925Z</time></trkpt><trkpt lat="47.60863170" lon="19.14691190"><ele>136.84</ele><time>2025-10-20T13:34:49.125Z</time></trkpt><trkpt lat="47.60863170" lon="19.14691190"><ele>136.84</ele><time>2025-10-20T13:34:49.326Z</time></trkpt><trkpt lat="47.60863170" lon="19.14691190"><ele>136.84</ele><time>2025-10-20T13:34:49.528Z</time></trkpt><trkpt lat="47.60863170" lon="19.14691190"><ele>136.84</ele><time>2025-10-20T13:34:49.728Z</time></trkpt><trkpt lat="47.60863160" lon="19.14691190"><ele>136.84</ele><time>2025-10-20T13:34:49.928Z</time></trkpt><trkpt lat="47.60863160" lon="19.14691180"><ele>136.85</ele><time>2025-10-20T13:34:50.128Z</time></trkpt><trkpt lat="47.60863160" lon="19.14691180"><ele>136.85</ele><time>2025-10-20T13:34:50.329Z</time></trkpt><trkpt lat="47.60863160" lon="19.14691180"><ele>136.84</ele><time>2025-10-20T13:34:50.529Z</time></trkpt><trkpt lat="47.60863170" lon="19.14691180"><ele>136.84</ele><time>2025-10-20T13:34:50.729Z</time></trkpt><trkpt lat="47.60863170" lon="19.14691180"><ele>136.84</ele><time>2025-10-20T13:34:50.930Z</time></trkpt><trkpt lat="47.60863170" lon="19.14691180"><ele>136.84</ele><time>2025-10-20T13:34:51.130Z</time></trkpt><trkpt lat="47.60863170" lon="19.14691180"><ele>136.84</ele><time>2025-10-20T13:34:51.331Z</time></trkpt><trkpt lat="47.60863170" lon="19.14691180"><ele>136.84</ele><time>2025-10-20T13:34:51.531Z</time></trkpt><trkpt lat="47.60863170" lon="19.14691180"><ele>136.84</ele><time>2025-10-20T13:34:51.731Z</time></trkpt><trkpt lat="47.60863180" lon="19.14691190"><ele>136.84</ele><time>2025-10-20T13:34:51.931Z</time></trkpt><trkpt lat="47.60863180" lon="19.14691190"><ele>136.83</ele><time>2025-10-20T13:34:52.132Z</time></trkpt><trkpt lat="47.60863190" lon="19.14691190"><ele>136.83</ele><time>2025-10-20T13:34:52.333Z</time></trkpt><trkpt lat="47.60863190" lon="19.14691180"><ele>136.83</ele><time>2025-10-20T13:34:52.533Z</time></trkpt><trkpt lat="47.60863190" lon="19.14691180"><ele>136.83</ele><time>2025-10-20T13:34:52.734Z</time></trkpt><trkpt lat="47.60863190" lon="19.14691170"><ele>136.83</ele><time>2025-10-20T13:34:52.935Z</time></trkpt><trkpt lat="47.60863190" lon="19.14691170"><ele>136.84</ele><time>2025-10-20T13:34:53.135Z</time></trkpt><trkpt lat="47.60863190" lon="19.14691170"><ele>136.84</ele><time>2025-10-20T13:34:53.337Z</time></trkpt><trkpt lat="47.60863190" lon="19.14691170"><ele>136.84</ele><time>2025-10-20T13:34:53.537Z</time></trkpt><trkpt lat="47.60863180" lon="19.14691160"><ele>136.85</ele><time>2025-10-20T13:34:53.737Z</time></trkpt><trkpt lat="47.60863180" lon="19.14691160"><ele>136.85</ele><time>2025-10-20T13:34:53.938Z</time></trkpt><trkpt lat="47.60863170" lon="19.14691170"><ele>136.85</ele><time>2025-10-20T13:34:54.138Z</time></trkpt><trkpt lat="47.60863170" lon="19.14691170"><ele>136.84</ele><time>2025-10-20T13:34:54.340Z</time></trkpt><trkpt lat="47.60863170" lon="19.14691170"><ele>136.84</ele><time>2025-10-20T13:34:54.540Z</time></trkpt><trkpt lat="47.60863170" lon="19.14691170"><ele>136.84</ele><time>2025-10-20T13:34:54.741Z</time></trkpt><trkpt lat="47.60863160" lon="19.14691180"><ele>136.84</ele><time>2025-10-20T13:34:54.942Z</time></trkpt><trkpt lat="47.60863160" lon="19.14691180"><ele>136.85</ele><time>2025-10-20T13:34:55.142Z</time></trkpt><trkpt lat="47.60863170" lon="19.14691180"><ele>136.85</ele><time>2025-10-20T13:34:55.345Z</time></trkpt><trkpt lat="47.60863170" lon="19.14691170"><ele>136.85</ele><time>2025-10-20T13:34:55.548Z</time></trkpt><trkpt lat="47.60863170" lon="19.14691180"><ele>136.85</ele><time>2025-10-20T13:34:55.749Z</time></trkpt><trkpt lat="47.60863170" lon="19.14691180"><ele>136.85</ele><time>2025-10-20T13:34:55.952Z</time></trkpt><trkpt lat="47.60863170" lon="19.14691180"><ele>136.86</ele><time>2025-10-20T13:34:56.153Z</time></trkpt><trkpt lat="47.60863170" lon="19.14691180"><ele>136.86</ele><time>2025-10-20T13:34:56.358Z</time></trkpt><trkpt lat="47.60863160" lon="19.14691190"><ele>136.87</ele><time>2025-10-20T13:34:56.562Z</time></trkpt><trkpt lat="47.60863160" lon="19.14691190"><ele>136.87</ele><time>2025-10-20T13:34:56.762Z</time></trkpt><trkpt lat="47.60863160" lon="19.14691200"><ele>136.87</ele><time>2025-10-20T13:34:56.963Z</time></trkpt><trkpt lat="47.60863160" lon="19.14691200"><ele>136.87</ele><time>2025-10-20T13:34:57.164Z</time></trkpt><trkpt lat="47.60863160" lon="19.14691210"><ele>136.87</ele><time>2025-10-20T13:34:57.366Z</time></trkpt><trkpt lat="47.60863160" lon="19.14691210"><ele>136.88</ele><time>2025-10-20T13:34:57.567Z</time></trkpt><trkpt lat="47.60863160" lon="19.14691220"><ele>136.88</ele><time>2025-10-20T13:34:57.767Z</time></trkpt><trkpt lat="47.60863160" lon="19.14691220"><ele>136.88</ele><time>2025-10-20T13:34:57.967Z</time></trkpt><trkpt lat="47.60863160" lon="19.14691230"><ele>136.88</ele><time>2025-10-20T13:34:58.167Z</time></trkpt><trkpt lat="47.60863160" lon="19.14691230"><ele>136.88</ele><time>2025-10-20T13:34:58.368Z</time></trkpt><trkpt lat="47.60863160" lon="19.14691230"><ele>136.88</ele><time>2025-10-20T13:34:58.569Z</time></trkpt><trkpt lat="47.60863150" lon="19.14691240"><ele>136.88</ele><time>2025-10-20T13:34:58.770Z</time></trkpt><trkpt lat="47.60863150" lon="19.14691250"><ele>136.88</ele><time>2025-10-20T13:34:58.971Z</time></trkpt><trkpt lat="47.60863150" lon="19.14691250"><ele>136.88</ele><time>2025-10-20T13:34:59.171Z</time></trkpt><trkpt lat="47.60863150" lon="19.14691250"><ele>136.88</ele><time>2025-10-20T13:34:59.355Z</time></trkpt><trkpt lat="47.60863150" lon="19.14691250"><ele>136.88</ele><time>2025-10-20T13:34:59.576Z</time></trkpt><trkpt lat="47.60863150" lon="19.14691250"><ele>136.88</ele><time>2025-10-20T13:34:59.756Z</time></trkpt><trkpt lat="47.60863160" lon="19.14691240"><ele>136.88</ele><time>2025-10-20T13:34:59.955Z</time></trkpt><trkpt lat="47.60863160" lon="19.14691240"><ele>136.88</ele><time>2025-10-20T13:35:00.155Z</time></trkpt><trkpt lat="47.60863160" lon="19.14691230"><ele>136.88</ele><time>2025-10-20T13:35:00.375Z</time></trkpt><trkpt lat="47.60863160" lon="19.14691230"><ele>136.88</ele><time>2025-10-20T13:35:00.556Z</time></trkpt><trkpt lat="47.60863160" lon="19.14691240"><ele>136.88</ele><time>2025-10-20T13:35:00.777Z</time></trkpt><trkpt lat="47.60863160" lon="19.14691230"><ele>136.88</ele><time>2025-10-20T13:35:00.978Z</time></trkpt><trkpt lat="47.60863160" lon="19.14691230"><ele>136.87</ele><time>2025-10-20T13:35:01.178Z</time></trkpt><trkpt lat="47.60863160" lon="19.14691220"><ele>136.87</ele><time>2025-10-20T13:35:01.359Z</time></trkpt><trkpt lat="47.60863160" lon="19.14691220"><ele>136.86</ele><time>2025-10-20T13:35:01.580Z</time></trkpt><trkpt lat="47.60863160" lon="19.14691220"><ele>136.86</ele><time>2025-10-20T13:35:01.780Z</time></trkpt><trkpt lat="47.60863160" lon="19.14691210"><ele>136.86</ele><time>2025-10-20T13:35:01.979Z</time></trkpt><trkpt lat="47.60863160" lon="19.14691210"><ele>136.86</ele><time>2025-10-20T13:35:02.179Z</time></trkpt><trkpt lat="47.60863160" lon="19.14691200"><ele>136.87</ele><time>2025-10-20T13:35:02.364Z</time></trkpt><trkpt lat="47.60863150" lon="19.14691200"><ele>136.87</ele><time>2025-10-20T13:35:02.564Z</time></trkpt><trkpt lat="47.60863150" lon="19.14691200"><ele>136.87</ele><time>2025-10-20T13:35:02.766Z</time></trkpt><trkpt lat="47.60863150" lon="19.14691200"><ele>136.88</ele><time>2025-10-20T13:35:02.968Z</time></trkpt><trkpt lat="47.60863140" lon="19.14691210"><ele>136.88</ele><time>2025-10-20T13:35:03.169Z</time></trkpt><trkpt lat="47.60863140" lon="19.14691210"><ele>136.89</ele><time>2025-10-20T13:35:03.369Z</time></trkpt><trkpt lat="47.60863140" lon="19.14691210"><ele>136.89</ele><time>2025-10-20T13:35:03.569Z</time></trkpt><trkpt lat="47.60863140" lon="19.14691210"><ele>136.89</ele><time>2025-10-20T13:35:03.769Z</time></trkpt><trkpt lat="47.60863130" lon="19.14691210"><ele>136.89</ele><time>2025-10-20T13:35:03.969Z</time></trkpt><trkpt lat="47.60863130" lon="19.14691210"><ele>136.89</ele><time>2025-10-20T13:35:04.169Z</time></trkpt><trkpt lat="47.60863130" lon="19.14691210"><ele>136.90</ele><time>2025-10-20T13:35:04.370Z</time></trkpt><trkpt lat="47.60863120" lon="19.14691210"><ele>136.90</ele><time>2025-10-20T13:35:04.570Z</time></trkpt><trkpt lat="47.60863120" lon="19.14691210"><ele>136.90</ele><time>2025-10-20T13:35:04.770Z</time></trkpt><trkpt lat="47.60863120" lon="19.14691220"><ele>136.90</ele><time>2025-10-20T13:35:04.971Z</time></trkpt><trkpt lat="47.60863120" lon="19.14691210"><ele>136.90</ele><time>2025-10-20T13:35:05.171Z</time></trkpt><trkpt lat="47.60863120" lon="19.14691210"><ele>136.90</ele><time>2025-10-20T13:35:05.377Z</time></trkpt><trkpt lat="47.60863120" lon="19.14691200"><ele>136.90</ele><time>2025-10-20T13:35:05.578Z</time></trkpt><trkpt lat="47.60863120" lon="19.14691200"><ele>136.90</ele><time>2025-10-20T13:35:05.778Z</time></trkpt><trkpt lat="47.60863120" lon="19.14691200"><ele>136.90</ele><time>2025-10-20T13:35:05.981Z</time></trkpt><trkpt lat="47.60863120" lon="19.14691200"><ele>136.90</ele><time>2025-10-20T13:35:06.183Z</time></trkpt><trkpt lat="47.60863120" lon="19.14691200"><ele>136.91</ele><time>2025-10-20T13:35:06.384Z</time></trkpt><trkpt lat="47.60863120" lon="19.14691190"><ele>136.91</ele><time>2025-10-20T13:35:06.585Z</time></trkpt><trkpt lat="47.60863130" lon="19.14691190"><ele>136.91</ele><time>2025-10-20T13:35:06.785Z</time></trkpt><trkpt lat="47.60863130" lon="19.14691190"><ele>136.91</ele><time>2025-10-20T13:35:06.986Z</time></trkpt><trkpt lat="47.60863130" lon="19.14691190"><ele>136.91</ele><time>2025-10-20T13:35:07.187Z</time></trkpt><trkpt lat="47.60863130" lon="19.14691180"><ele>136.92</ele><time>2025-10-20T13:35:07.388Z</time></trkpt><trkpt lat="47.60863130" lon="19.14691180"><ele>136.92</ele><time>2025-10-20T13:35:07.589Z</time></trkpt><trkpt lat="47.60863130" lon="19.14691180"><ele>136.92</ele><time>2025-10-20T13:35:07.789Z</time></trkpt><trkpt lat="47.60863120" lon="19.14691180"><ele>136.92</ele><time>2025-10-20T13:35:07.989Z</time></trkpt><trkpt lat="47.60863120" lon="19.14691180"><ele>136.93</ele><time>2025-10-20T13:35:08.189Z</time></trkpt><trkpt lat="47.60863130" lon="19.14691180"><ele>136.92</ele><time>2025-10-20T13:35:08.393Z</time></trkpt><trkpt lat="47.60863120" lon="19.14691180"><ele>136.92</ele><time>2025-10-20T13:35:08.593Z</time></trkpt><trkpt lat="47.60863130" lon="19.14691170"><ele>136.92</ele><time>2025-10-20T13:35:08.793Z</time></trkpt><trkpt lat="47.60863130" lon="19.14691170"><ele>136.92</ele><time>2025-10-20T13:35:08.992Z</time></trkpt><trkpt lat="47.60863130" lon="19.14691170"><ele>136.91</ele><time>2025-10-20T13:35:09.192Z</time></trkpt><trkpt lat="47.60863140" lon="19.14691170"><ele>136.91</ele><time>2025-10-20T13:35:09.393Z</time></trkpt><trkpt lat="47.60863140" lon="19.14691180"><ele>136.91</ele><time>2025-10-20T13:35:09.594Z</time></trkpt><trkpt lat="47.60863140" lon="19.14691180"><ele>136.90</ele><time>2025-10-20T13:35:09.794Z</time></trkpt><trkpt lat="47.60863130" lon="19.14691190"><ele>136.90</ele><time>2025-10-20T13:35:09.995Z</time></trkpt><trkpt lat="47.60863130" lon="19.14691190"><ele>136.91</ele><time>2025-10-20T13:35:10.196Z</time></trkpt><trkpt lat="47.60863130" lon="19.14691190"><ele>136.91</ele><time>2025-10-20T13:35:10.397Z</time></trkpt><trkpt lat="47.60863130" lon="19.14691200"><ele>136.91</ele><time>2025-10-20T13:35:10.597Z</time></trkpt><trkpt lat="47.60863130" lon="19.14691200"><ele>136.91</ele><time>2025-10-20T13:35:10.799Z</time></trkpt><trkpt lat="47.60863140" lon="19.14691210"><ele>136.91</ele><time>2025-10-20T13:35:11.000Z</time></trkpt><trkpt lat="47.60863140" lon="19.14691210"><ele>136.91</ele><time>2025-10-20T13:35:11.201Z</time></trkpt><trkpt lat="47.60863140" lon="19.14691210"><ele>136.90</ele><time>2025-10-20T13:35:11.402Z</time></trkpt><trkpt lat="47.60863140" lon="19.14691200"><ele>136.90</ele><time>2025-10-20T13:35:11.603Z</time></trkpt><trkpt lat="47.60863140" lon="19.14691200"><ele>136.90</ele><time>2025-10-20T13:35:11.803Z</time></trkpt><trkpt lat="47.60863140" lon="19.14691200"><ele>136.90</ele><time>2025-10-20T13:35:12.002Z</time></trkpt><trkpt lat="47.60863130" lon="19.14691200"><ele>136.90</ele><time>2025-10-20T13:35:12.203Z</time></trkpt><trkpt lat="47.60863130" lon="19.14691190"><ele>136.90</ele><time>2025-10-20T13:35:12.387Z</time></trkpt><trkpt lat="47.60863130" lon="19.14691190"><ele>136.90</ele><time>2025-10-20T13:35:12.588Z</time></trkpt><trkpt lat="47.60863130" lon="19.14691180"><ele>136.90</ele><time>2025-10-20T13:35:12.810Z</time></trkpt><trkpt lat="47.60863130" lon="19.14691180"><ele>136.90</ele><time>2025-10-20T13:35:12.993Z</time></trkpt><trkpt lat="47.60863130" lon="19.14691170"><ele>136.90</ele><time>2025-10-20T13:35:13.194Z</time></trkpt><trkpt lat="47.60863130" lon="19.14691160"><ele>136.90</ele><time>2025-10-20T13:35:13.396Z</time></trkpt><trkpt lat="47.60863130" lon="19.14691160"><ele>136.90</ele><time>2025-10-20T13:35:13.598Z</time></trkpt><trkpt lat="47.60863140" lon="19.14691170"><ele>136.89</ele><time>2025-10-20T13:35:13.801Z</time></trkpt><trkpt lat="47.60863140" lon="19.14691170"><ele>136.89</ele><time>2025-10-20T13:35:14.001Z</time></trkpt><trkpt lat="47.60863140" lon="19.14691170"><ele>136.89</ele><time>2025-10-20T13:35:14.202Z</time></trkpt><trkpt lat="47.60863130" lon="19.14691170"><ele>136.89</ele><time>2025-10-20T13:35:14.402Z</time></trkpt><trkpt lat="47.60863130" lon="19.14691170"><ele>136.90</ele><time>2025-10-20T13:35:14.602Z</time></trkpt><trkpt lat="47.60863140" lon="19.14691170"><ele>136.89</ele><time>2025-10-20T13:35:14.803Z</time></trkpt><trkpt lat="47.60863140" lon="19.14691180"><ele>136.89</ele><time>2025-10-20T13:35:15.004Z</time></trkpt><trkpt lat="47.60863140" lon="19.14691180"><ele>136.89</ele><time>2025-10-20T13:35:15.204Z</time></trkpt><trkpt lat="47.60863140" lon="19.14691180"><ele>136.89</ele><time>2025-10-20T13:35:15.405Z</time></trkpt><trkpt lat="47.60863140" lon="19.14691190"><ele>136.89</ele><time>2025-10-20T13:35:15.605Z</time></trkpt><trkpt lat="47.60863140" lon="19.14691190"><ele>136.89</ele><time>2025-10-20T13:35:15.805Z</time></trkpt><trkpt lat="47.60863140" lon="19.14691190"><ele>136.89</ele><time>2025-10-20T13:35:16.006Z</time></trkpt><trkpt lat="47.60863140" lon="19.14691190"><ele>136.89</ele><time>2025-10-20T13:35:16.207Z</time></trkpt><trkpt lat="47.60863140" lon="19.14691190"><ele>136.89</ele><time>2025-10-20T13:35:16.408Z</time></trkpt><trkpt lat="47.60863130" lon="19.14691190"><ele>136.89</ele><time>2025-10-20T13:35:16.608Z</time></trkpt><trkpt lat="47.60863130" lon="19.14691180"><ele>136.90</ele><time>2025-10-20T13:35:16.809Z</time></trkpt><trkpt lat="47.60863130" lon="19.14691180"><ele>136.89</ele><time>2025-10-20T13:35:17.009Z</time></trkpt><trkpt lat="47.60863130" lon="19.14691180"><ele>136.90</ele><time>2025-10-20T13:35:17.209Z</time></trkpt><trkpt lat="47.60863130" lon="19.14691180"><ele>136.90</ele><time>2025-10-20T13:35:17.411Z</time></trkpt><trkpt lat="47.60863120" lon="19.14691180"><ele>136.90</ele><time>2025-10-20T13:35:17.611Z</time></trkpt><trkpt lat="47.60863120" lon="19.14691180"><ele>136.90</ele><time>2025-10-20T13:35:17.812Z</time></trkpt><trkpt lat="47.60863120" lon="19.14691180"><ele>136.89</ele><time>2025-10-20T13:35:18.012Z</time></trkpt><trkpt lat="47.60863130" lon="19.14691190"><ele>136.89</ele><time>2025-10-20T13:35:18.213Z</time></trkpt><trkpt lat="47.60863130" lon="19.14691180"><ele>136.89</ele><time>2025-10-20T13:35:18.417Z</time></trkpt><trkpt lat="47.60863130" lon="19.14691180"><ele>136.89</ele><time>2025-10-20T13:35:18.599Z</time></trkpt><trkpt lat="47.60863140" lon="19.14691180"><ele>136.88</ele><time>2025-10-20T13:35:18.799Z</time></trkpt><trkpt lat="47.60863140" lon="19.14691180"><ele>136.88</ele><time>2025-10-20T13:35:19.000Z</time></trkpt><trkpt lat="47.60863150" lon="19.14691180"><ele>136.88</ele><time>2025-10-20T13:35:19.200Z</time></trkpt><trkpt lat="47.60863150" lon="19.14691180"><ele>136.88</ele><time>2025-10-20T13:35:19.409Z</time></trkpt><trkpt lat="47.60863150" lon="19.14691170"><ele>136.88</ele><time>2025-10-20T13:35:19.609Z</time></trkpt><trkpt lat="47.60863150" lon="19.14691170"><ele>136.88</ele><time>2025-10-20T13:35:19.810Z</time></trkpt><trkpt lat="47.60863150" lon="19.14691180"><ele>136.89</ele><time>2025-10-20T13:35:20.010Z</time></trkpt><trkpt lat="47.60863150" lon="19.14691180"><ele>136.89</ele><time>2025-10-20T13:35:20.211Z</time></trkpt><trkpt lat="47.60863150" lon="19.14691180"><ele>136.89</ele><time>2025-10-20T13:35:20.414Z</time></trkpt><trkpt lat="47.60863150" lon="19.14691180"><ele>136.89</ele><time>2025-10-20T13:35:20.615Z</time></trkpt><trkpt lat="47.60863150" lon="19.14691190"><ele>136.89</ele><time>2025-10-20T13:35:20.814Z</time></trkpt><trkpt lat="47.60863150" lon="19.14691190"><ele>136.89</ele><time>2025-10-20T13:35:21.015Z</time></trkpt><trkpt lat="47.60863150" lon="19.14691190"><ele>136.90</ele><time>2025-10-20T13:35:21.215Z</time></trkpt><trkpt lat="47.60863140" lon="19.14691190"><ele>136.90</ele><time>2025-10-20T13:35:21.399Z</time></trkpt><trkpt lat="47.60863140" lon="19.14691190"><ele>136.90</ele><time>2025-10-20T13:35:21.600Z</time></trkpt><trkpt lat="47.60863140" lon="19.14691190"><ele>136.90</ele><time>2025-10-20T13:35:21.800Z</time></trkpt><trkpt lat="47.60863140" lon="19.14691190"><ele>136.90</ele><time>2025-10-20T13:35:22.001Z</time></trkpt><trkpt lat="47.60863140" lon="19.14691180"><ele>136.90</ele><time>2025-10-20T13:35:22.202Z</time></trkpt><trkpt lat="47.60863130" lon="19.14691180"><ele>136.90</ele><time>2025-10-20T13:35:22.425Z</time></trkpt><trkpt lat="47.60863130" lon="19.14691180"><ele>136.90</ele><time>2025-10-20T13:35:22.606Z</time></trkpt><trkpt lat="47.60863130" lon="19.14691180"><ele>136.90</ele><time>2025-10-20T13:35:22.805Z</time></trkpt><trkpt lat="47.60863120" lon="19.14691180"><ele>136.90</ele><time>2025-10-20T13:35:23.004Z</time></trkpt><trkpt lat="47.60863120" lon="19.14691190"><ele>136.91</ele><time>2025-10-20T13:35:23.204Z</time></trkpt><trkpt lat="47.60863120" lon="19.14691190"><ele>136.91</ele><time>2025-10-20T13:35:23.427Z</time></trkpt><trkpt lat="47.60863120" lon="19.14691190"><ele>136.91</ele><time>2025-10-20T13:35:23.608Z</time></trkpt><trkpt lat="47.60863120" lon="19.14691190"><ele>136.90</ele><time>2025-10-20T13:35:23.807Z</time></trkpt><trkpt lat="47.60863120" lon="19.14691190"><ele>136.90</ele><time>2025-10-20T13:35:24.008Z</time></trkpt><trkpt lat="47.60863120" lon="19.14691190"><ele>136.90</ele><time>2025-10-20T13:35:24.208Z</time></trkpt><trkpt lat="47.60863120" lon="19.14691190"><ele>136.90</ele><time>2025-10-20T13:35:24.408Z</time></trkpt><trkpt lat="47.60863120" lon="19.14691190"><ele>136.90</ele><time>2025-10-20T13:35:24.611Z</time></trkpt><trkpt lat="47.60863120" lon="19.14691200"><ele>136.90</ele><time>2025-10-20T13:35:24.812Z</time></trkpt><trkpt lat="47.60863120" lon="19.14691210"><ele>136.90</ele><time>2025-10-20T13:35:25.013Z</time></trkpt><trkpt lat="47.60863110" lon="19.14691210"><ele>136.89</ele><time>2025-10-20T13:35:25.213Z</time></trkpt><trkpt lat="47.60863110" lon="19.14691210"><ele>136.89</ele><time>2025-10-20T13:35:25.415Z</time></trkpt><trkpt lat="47.60863110" lon="19.14691220"><ele>136.89</ele><time>2025-10-20T13:35:25.616Z</time></trkpt><trkpt lat="47.60863110" lon="19.14691220"><ele>136.88</ele><time>2025-10-20T13:35:25.817Z</time></trkpt><trkpt lat="47.60863110" lon="19.14691230"><ele>136.88</ele><time>2025-10-20T13:35:26.018Z</time></trkpt><trkpt lat="47.60863110" lon="19.14691230"><ele>136.88</ele><time>2025-10-20T13:35:26.218Z</time></trkpt><trkpt lat="47.60863110" lon="19.14691230"><ele>136.87</ele><time>2025-10-20T13:35:26.419Z</time></trkpt><trkpt lat="47.60863110" lon="19.14691220"><ele>136.87</ele><time>2025-10-20T13:35:26.619Z</time></trkpt><trkpt lat="47.60863110" lon="19.14691230"><ele>136.86</ele><time>2025-10-20T13:35:26.820Z</time></trkpt><trkpt lat="47.60863110" lon="19.14691230"><ele>136.86</ele><time>2025-10-20T13:35:27.020Z</time></trkpt><trkpt lat="47.60863110" lon="19.14691240"><ele>136.85</ele><time>2025-10-20T13:35:27.221Z</time></trkpt><trkpt lat="47.60863110" lon="19.14691240"><ele>136.85</ele><time>2025-10-20T13:35:27.422Z</time></trkpt><trkpt lat="47.60863120" lon="19.14691240"><ele>136.85</ele><time>2025-10-20T13:35:27.622Z</time></trkpt><trkpt lat="47.60863110" lon="19.14691250"><ele>136.85</ele><time>2025-10-20T13:35:27.822Z</time></trkpt><trkpt lat="47.60863110" lon="19.14691250"><ele>136.85</ele><time>2025-10-20T13:35:28.022Z</time></trkpt><trkpt lat="47.60863110" lon="19.14691250"><ele>136.85</ele><time>2025-10-20T13:35:28.226Z</time></trkpt><trkpt lat="47.60863110" lon="19.14691260"><ele>136.86</ele><time>2025-10-20T13:35:28.427Z</time></trkpt><trkpt lat="47.60863120" lon="19.14691260"><ele>136.86</ele><time>2025-10-20T13:35:28.628Z</time></trkpt><trkpt lat="47.60863120" lon="19.14691260"><ele>136.85</ele><time>2025-10-20T13:35:28.830Z</time></trkpt><trkpt lat="47.60863120" lon="19.14691260"><ele>136.85</ele><time>2025-10-20T13:35:29.032Z</time></trkpt><trkpt lat="47.60863120" lon="19.14691260"><ele>136.85</ele><time>2025-10-20T13:35:29.219Z</time></trkpt><trkpt lat="47.60863120" lon="19.14691260"><ele>136.85</ele><time>2025-10-20T13:35:29.423Z</time></trkpt><trkpt lat="47.60863120" lon="19.14691260"><ele>136.85</ele><time>2025-10-20T13:35:29.623Z</time></trkpt><trkpt lat="47.60863120" lon="19.14691270"><ele>136.85</ele><time>2025-10-20T13:35:29.823Z</time></trkpt><trkpt lat="47.60863120" lon="19.14691270"><ele>136.84</ele><time>2025-10-20T13:35:30.043Z</time></trkpt><trkpt lat="47.60863120" lon="19.14691280"><ele>136.84</ele><time>2025-10-20T13:35:30.223Z</time></trkpt><trkpt lat="47.60863120" lon="19.14691280"><ele>136.84</ele><time>2025-10-20T13:35:30.427Z</time></trkpt><trkpt lat="47.60863120" lon="19.14691280"><ele>136.85</ele><time>2025-10-20T13:35:30.628Z</time></trkpt><trkpt lat="47.60863120" lon="19.14691280"><ele>136.85</ele><time>2025-10-20T13:35:30.829Z</time></trkpt><trkpt lat="47.60863120" lon="19.14691280"><ele>136.85</ele><time>2025-10-20T13:35:31.029Z</time></trkpt><trkpt lat="47.60863130" lon="19.14691270"><ele>136.85</ele><time>2025-10-20T13:35:31.230Z</time></trkpt><trkpt lat="47.60863130" lon="19.14691260"><ele>136.85</ele><time>2025-10-20T13:35:31.431Z</time></trkpt><trkpt lat="47.60863130" lon="19.14691260"><ele>136.84</ele><time>2025-10-20T13:35:31.631Z</time></trkpt><trkpt lat="47.60863120" lon="19.14691250"><ele>136.84</ele><time>2025-10-20T13:35:31.832Z</time></trkpt><trkpt lat="47.60863120" lon="19.14691250"><ele>136.84</ele><time>2025-10-20T13:35:32.033Z</time></trkpt><trkpt lat="47.60863120" lon="19.14691250"><ele>136.84</ele><time>2025-10-20T13:35:32.214Z</time></trkpt><trkpt lat="47.60863120" lon="19.14691240"><ele>136.84</ele><time>2025-10-20T13:35:32.418Z</time></trkpt><trkpt lat="47.60863120" lon="19.14691230"><ele>136.84</ele><time>2025-10-20T13:35:32.619Z</time></trkpt><trkpt lat="47.60863120" lon="19.14691230"><ele>136.84</ele><time>2025-10-20T13:35:32.821Z</time></trkpt><trkpt lat="47.60863120" lon="19.14691220"><ele>136.84</ele><time>2025-10-20T13:35:33.021Z</time></trkpt><trkpt lat="47.60863120" lon="19.14691220"><ele>136.84</ele><time>2025-10-20T13:35:33.223Z</time></trkpt><trkpt lat="47.60863110" lon="19.14691220"><ele>136.85</ele><time>2025-10-20T13:35:33.429Z</time></trkpt><trkpt lat="47.60863110" lon="19.14691220"><ele>136.85</ele><time>2025-10-20T13:35:33.628Z</time></trkpt><trkpt lat="47.60863110" lon="19.14691220"><ele>136.85</ele><time>2025-10-20T13:35:33.828Z</time></trkpt><trkpt lat="47.60863110" lon="19.14691220"><ele>136.86</ele><time>2025-10-20T13:35:34.029Z</time></trkpt><trkpt lat="47.60863120" lon="19.14691220"><ele>136.86</ele><time>2025-10-20T13:35:34.229Z</time></trkpt><trkpt lat="47.60863130" lon="19.14691220"><ele>136.86</ele><time>2025-10-20T13:35:34.429Z</time></trkpt><trkpt lat="47.60863130" lon="19.14691210"><ele>136.86</ele><time>2025-10-20T13:35:34.630Z</time></trkpt><trkpt lat="47.60863140" lon="19.14691210"><ele>136.86</ele><time>2025-10-20T13:35:34.830Z</time></trkpt><trkpt lat="47.60863150" lon="19.14691210"><ele>136.86</ele><time>2025-10-20T13:35:35.030Z</time></trkpt><trkpt lat="47.60863150" lon="19.14691210"><ele>136.86</ele><time>2025-10-20T13:35:35.230Z</time></trkpt><trkpt lat="47.60863150" lon="19.14691210"><ele>136.87</ele><time>2025-10-20T13:35:35.431Z</time></trkpt><trkpt lat="47.60863160" lon="19.14691210"><ele>136.86</ele><time>2025-10-20T13:35:35.631Z</time></trkpt><trkpt lat="47.60863150" lon="19.14691210"><ele>136.86</ele><time>2025-10-20T13:35:35.831Z</time></trkpt><trkpt lat="47.60863150" lon="19.14691210"><ele>136.86</ele><time>2025-10-20T13:35:36.032Z</time></trkpt><trkpt lat="47.60863150" lon="19.14691210"><ele>136.86</ele><time>2025-10-20T13:35:36.232Z</time></trkpt><trkpt lat="47.60863150" lon="19.14691200"><ele>136.86</ele><time>2025-10-20T13:35:36.435Z</time></trkpt><trkpt lat="47.60863150" lon="19.14691200"><ele>136.86</ele><time>2025-10-20T13:35:36.635Z</time></trkpt><trkpt lat="47.60863150" lon="19.14691190"><ele>136.86</ele><time>2025-10-20T13:35:36.836Z</time></trkpt><trkpt lat="47.60863150" lon="19.14691190"><ele>136.86</ele><time>2025-10-20T13:35:37.036Z</time></trkpt><trkpt lat="47.60863150" lon="19.14691190"><ele>136.86</ele><time>2025-10-20T13:35:37.239Z</time></trkpt><trkpt lat="47.60863150" lon="19.14691190"><ele>136.86</ele><time>2025-10-20T13:35:37.439Z</time></trkpt><trkpt lat="47.60863150" lon="19.14691190"><ele>136.86</ele><time>2025-10-20T13:35:37.639Z</time></trkpt><trkpt lat="47.60863150" lon="19.14691190"><ele>136.86</ele><time>2025-10-20T13:35:37.840Z</time></trkpt><trkpt lat="47.60863150" lon="19.14691190"><ele>136.86</ele><time>2025-10-20T13:35:38.041Z</time></trkpt><trkpt lat="47.60863140" lon="19.14691190"><ele>136.86</ele><time>2025-10-20T13:35:38.242Z</time></trkpt><trkpt lat="47.60863140" lon="19.14691180"><ele>136.86</ele><time>2025-10-20T13:35:38.443Z</time></trkpt><trkpt lat="47.60863140" lon="19.14691180"><ele>136.86</ele><time>2025-10-20T13:35:38.643Z</time></trkpt><trkpt lat="47.60863140" lon="19.14691180"><ele>136.86</ele><time>2025-10-20T13:35:38.843Z</time></trkpt><trkpt lat="47.60863140" lon="19.14691180"><ele>136.86</ele><time>2025-10-20T13:35:39.044Z</time></trkpt><trkpt lat="47.60863140" lon="19.14691180"><ele>136.86</ele><time>2025-10-20T13:35:39.246Z</time></trkpt><trkpt lat="47.60863150" lon="19.14691180"><ele>136.85</ele><time>2025-10-20T13:35:39.447Z</time></trkpt><trkpt lat="47.60863150" lon="19.14691190"><ele>136.85</ele><time>2025-10-20T13:35:39.647Z</time></trkpt><trkpt lat="47.60863150" lon="19.14691190"><ele>136.84</ele><time>2025-10-20T13:35:39.847Z</time></trkpt><trkpt lat="47.60863160" lon="19.14691190"><ele>136.84</ele><time>2025-10-20T13:35:40.047Z</time></trkpt><trkpt lat="47.60863160" lon="19.14691190"><ele>136.84</ele><time>2025-10-20T13:35:40.248Z</time></trkpt><trkpt lat="47.60863160" lon="19.14691190"><ele>136.84</ele><time>2025-10-20T13:35:40.448Z</time></trkpt><trkpt lat="47.60863170" lon="19.14691190"><ele>136.84</ele><time>2025-10-20T13:35:40.649Z</time></trkpt><trkpt lat="47.60863170" lon="19.14691190"><ele>136.84</ele><time>2025-10-20T13:35:40.850Z</time></trkpt><trkpt lat="47.60863170" lon="19.14691190"><ele>136.84</ele><time>2025-10-20T13:35:41.050Z</time></trkpt><trkpt lat="47.60863170" lon="19.14691200"><ele>136.84</ele><time>2025-10-20T13:35:41.250Z</time></trkpt><trkpt lat="47.60863170" lon="19.14691200"><ele>136.84</ele><time>2025-10-20T13:35:41.451Z</time></trkpt><trkpt lat="47.60863180" lon="19.14691200"><ele>136.84</ele><time>2025-10-20T13:35:41.651Z</time></trkpt><trkpt lat="47.60863180" lon="19.14691200"><ele>136.85</ele><time>2025-10-20T13:35:41.851Z</time></trkpt><trkpt lat="47.60863170" lon="19.14691200"><ele>136.85</ele><time>2025-10-20T13:35:42.051Z</time></trkpt><trkpt lat="47.60863170" lon="19.14691200"><ele>136.85</ele><time>2025-10-20T13:35:42.252Z</time></trkpt><trkpt lat="47.60863160" lon="19.14691200"><ele>136.86</ele><time>2025-10-20T13:35:42.452Z</time></trkpt><trkpt lat="47.60863150" lon="19.14691200"><ele>136.86</ele><time>2025-10-20T13:35:42.653Z</time></trkpt><trkpt lat="47.60863150" lon="19.14691200"><ele>136.86</ele><time>2025-10-20T13:35:42.854Z</time></trkpt><trkpt lat="47.60863150" lon="19.14691210"><ele>136.86</ele><time>2025-10-20T13:35:43.054Z</time></trkpt><trkpt lat="47.60863150" lon="19.14691200"><ele>136.86</ele><time>2025-10-20T13:35:43.255Z</time></trkpt><trkpt lat="47.60863150" lon="19.14691200"><ele>136.86</ele><time>2025-10-20T13:35:43.456Z</time></trkpt><trkpt lat="47.60863140" lon="19.14691200"><ele>136.87</ele><time>2025-10-20T13:35:43.657Z</time></trkpt><trkpt lat="47.60863140" lon="19.14691200"><ele>136.87</ele><time>2025-10-20T13:35:43.857Z</time></trkpt><trkpt lat="47.60863140" lon="19.14691210"><ele>136.86</ele><time>2025-10-20T13:35:44.059Z</time></trkpt><trkpt lat="47.60863140" lon="19.14691210"><ele>136.86</ele><time>2025-10-20T13:35:44.260Z</time></trkpt><trkpt lat="47.60863140" lon="19.14691200"><ele>136.86</ele><time>2025-10-20T13:35:44.461Z</time></trkpt><trkpt lat="47.60863140" lon="19.14691200"><ele>136.86</ele><time>2025-10-20T13:35:44.661Z</time></trkpt><trkpt lat="47.60863140" lon="19.14691200"><ele>136.86</ele><time>2025-10-20T13:35:44.861Z</time></trkpt><trkpt lat="47.60863140" lon="19.14691200"><ele>136.86</ele><time>2025-10-20T13:35:45.062Z</time></trkpt><trkpt lat="47.60863140" lon="19.14691200"><ele>136.86</ele><time>2025-10-20T13:35:45.263Z</time></trkpt><trkpt lat="47.60863140" lon="19.14691200"><ele>136.86</ele><time>2025-10-20T13:35:45.464Z</time></trkpt><trkpt lat="47.60863140" lon="19.14691200"><ele>136.86</ele><time>2025-10-20T13:35:45.664Z</time></trkpt><trkpt lat="47.60863140" lon="19.14691210"><ele>136.86</ele><time>2025-10-20T13:35:45.866Z</time></trkpt><trkpt lat="47.60863130" lon="19.14691210"><ele>136.86</ele><time>2025-10-20T13:35:46.065Z</time></trkpt><trkpt lat="47.60863130" lon="19.14691210"><ele>136.86</ele><time>2025-10-20T13:35:46.268Z</time></trkpt><trkpt lat="47.60863130" lon="19.14691210"><ele>136.86</ele><time>2025-10-20T13:35:46.468Z</time></trkpt><trkpt lat="47.60863130" lon="19.14691210"><ele>136.86</ele><time>2025-10-20T13:35:46.669Z</time></trkpt><trkpt lat="47.60863130" lon="19.14691210"><ele>136.86</ele><time>2025-10-20T13:35:46.869Z</time></trkpt><trkpt lat="47.60863130" lon="19.14691210"><ele>136.86</ele><time>2025-10-20T13:35:47.069Z</time></trkpt><trkpt lat="47.60863130" lon="19.14691210"><ele>136.86</ele><time>2025-10-20T13:35:47.270Z</time></trkpt><trkpt lat="47.60863120" lon="19.14691220"><ele>136.86</ele><time>2025-10-20T13:35:47.471Z</time></trkpt><trkpt lat="47.60863120" lon="19.14691220"><ele>136.86</ele><time>2025-10-20T13:35:47.672Z</time></trkpt><trkpt lat="47.60863120" lon="19.14691220"><ele>136.87</ele><time>2025-10-20T13:35:47.871Z</time></trkpt><trkpt lat="47.60863120" lon="19.14691220"><ele>136.87</ele><time>2025-10-20T13:35:48.072Z</time></trkpt><trkpt lat="47.60863110" lon="19.14691220"><ele>136.87</ele><time>2025-10-20T13:35:48.274Z</time></trkpt><trkpt lat="47.60863110" lon="19.14691220"><ele>136.87</ele><time>2025-10-20T13:35:48.463Z</time></trkpt><trkpt lat="47.60863110" lon="19.14691210"><ele>136.87</ele><time>2025-10-20T13:35:48.663Z</time></trkpt><trkpt lat="47.60863110" lon="19.14691210"><ele>136.87</ele><time>2025-10-20T13:35:48.863Z</time></trkpt><trkpt lat="47.60863100" lon="19.14691210"><ele>136.88</ele><time>2025-10-20T13:35:49.063Z</time></trkpt><trkpt lat="47.60863100" lon="19.14691200"><ele>136.88</ele><time>2025-10-20T13:35:49.266Z</time></trkpt><trkpt lat="47.60863100" lon="19.14691200"><ele>136.88</ele><time>2025-10-20T13:35:49.486Z</time></trkpt><trkpt lat="47.60863100" lon="19.14691200"><ele>136.88</ele><time>2025-10-20T13:35:49.666Z</time></trkpt><trkpt lat="47.60863110" lon="19.14691200"><ele>136.88</ele><time>2025-10-20T13:35:49.867Z</time></trkpt><trkpt lat="47.60863110" lon="19.14691200"><ele>136.88</ele><time>2025-10-20T13:35:50.067Z</time></trkpt><trkpt lat="47.60863110" lon="19.14691200"><ele>136.88</ele><time>2025-10-20T13:35:50.269Z</time></trkpt><trkpt lat="47.60863110" lon="19.14691200"><ele>136.87</ele><time>2025-10-20T13:35:50.470Z</time></trkpt><trkpt lat="47.60863110" lon="19.14691190"><ele>136.87</ele><time>2025-10-20T13:35:50.670Z</time></trkpt><trkpt lat="47.60863110" lon="19.14691190"><ele>136.87</ele><time>2025-10-20T13:35:50.871Z</time></trkpt><trkpt lat="47.60863110" lon="19.14691190"><ele>136.87</ele><time>2025-10-20T13:35:51.071Z</time></trkpt><trkpt lat="47.60863110" lon="19.14691190"><ele>136.87</ele><time>2025-10-20T13:35:51.272Z</time></trkpt><trkpt lat="47.60863110" lon="19.14691190"><ele>136.86</ele><time>2025-10-20T13:35:51.473Z</time></trkpt><trkpt lat="47.60863100" lon="19.14691190"><ele>136.86</ele><time>2025-10-20T13:35:51.673Z</time></trkpt><trkpt lat="47.60863100" lon="19.14691180"><ele>136.86</ele><time>2025-10-20T13:35:51.874Z</time></trkpt><trkpt lat="47.60863100" lon="19.14691180"><ele>136.86</ele><time>2025-10-20T13:35:52.075Z</time></trkpt><trkpt lat="47.60863100" lon="19.14691180"><ele>136.86</ele><time>2025-10-20T13:35:52.276Z</time></trkpt><trkpt lat="47.60863100" lon="19.14691180"><ele>136.87</ele><time>2025-10-20T13:35:52.476Z</time></trkpt><trkpt lat="47.60863100" lon="19.14691180"><ele>136.87</ele><time>2025-10-20T13:35:52.676Z</time></trkpt><trkpt lat="47.60863100" lon="19.14691180"><ele>136.87</ele><time>2025-10-20T13:35:52.877Z</time></trkpt><trkpt lat="47.60863100" lon="19.14691180"><ele>136.87</ele><time>2025-10-20T13:35:53.077Z</time></trkpt><trkpt lat="47.60863110" lon="19.14691170"><ele>136.88</ele><time>2025-10-20T13:35:53.279Z</time></trkpt><trkpt lat="47.60863110" lon="19.14691170"><ele>136.88</ele><time>2025-10-20T13:35:53.479Z</time></trkpt><trkpt lat="47.60863110" lon="19.14691170"><ele>136.88</ele><time>2025-10-20T13:35:53.680Z</time></trkpt><trkpt lat="47.60863110" lon="19.14691170"><ele>136.89</ele><time>2025-10-20T13:35:53.880Z</time></trkpt><trkpt lat="47.60863110" lon="19.14691170"><ele>136.89</ele><time>2025-10-20T13:35:54.080Z</time></trkpt><trkpt lat="47.60863110" lon="19.14691170"><ele>136.89</ele><time>2025-10-20T13:35:54.281Z</time></trkpt><trkpt lat="47.60863120" lon="19.14691170"><ele>136.89</ele><time>2025-10-20T13:35:54.482Z</time></trkpt><trkpt lat="47.60863120" lon="19.14691160"><ele>136.89</ele><time>2025-10-20T13:35:54.682Z</time></trkpt><trkpt lat="47.60863120" lon="19.14691170"><ele>136.89</ele><time>2025-10-20T13:35:54.882Z</time></trkpt><trkpt lat="47.60863120" lon="19.14691170"><ele>136.89</ele><time>2025-10-20T13:35:55.082Z</time></trkpt><trkpt lat="47.60863120" lon="19.14691180"><ele>136.89</ele><time>2025-10-20T13:35:55.287Z</time></trkpt><trkpt lat="47.60863120" lon="19.14691170"><ele>136.89</ele><time>2025-10-20T13:35:55.487Z</time></trkpt><trkpt lat="47.60863130" lon="19.14691170"><ele>136.89</ele><time>2025-10-20T13:35:55.688Z</time></trkpt><trkpt lat="47.60863130" lon="19.14691170"><ele>136.89</ele><time>2025-10-20T13:35:55.888Z</time></trkpt><trkpt lat="47.60863130" lon="19.14691170"><ele>136.89</ele><time>2025-10-20T13:35:56.088Z</time></trkpt><trkpt lat="47.60863130" lon="19.14691170"><ele>136.89</ele><time>2025-10-20T13:35:56.288Z</time></trkpt><trkpt lat="47.60863130" lon="19.14691170"><ele>136.90</ele><time>2025-10-20T13:35:56.490Z</time></trkpt><trkpt lat="47.60863130" lon="19.14691180"><ele>136.90</ele><time>2025-10-20T13:35:56.690Z</time></trkpt><trkpt lat="47.60863130" lon="19.14691180"><ele>136.90</ele><time>2025-10-20T13:35:56.890Z</time></trkpt><trkpt lat="47.60863130" lon="19.14691190"><ele>136.90</ele><time>2025-10-20T13:35:57.090Z</time></trkpt><trkpt lat="47.60863140" lon="19.14691190"><ele>136.90</ele><time>2025-10-20T13:35:57.272Z</time></trkpt><trkpt lat="47.60863140" lon="19.14691190"><ele>136.89</ele><time>2025-10-20T13:35:57.493Z</time></trkpt><trkpt lat="47.60863140" lon="19.14691200"><ele>136.89</ele><time>2025-10-20T13:35:57.693Z</time></trkpt><trkpt lat="47.60863140" lon="19.14691200"><ele>136.89</ele><time>2025-10-20T13:35:57.894Z</time></trkpt><trkpt lat="47.60863140" lon="19.14691200"><ele>136.89</ele><time>2025-10-20T13:35:58.095Z</time></trkpt><trkpt lat="47.60863140" lon="19.14691200"><ele>136.89</ele><time>2025-10-20T13:35:58.297Z</time></trkpt><trkpt lat="47.60863140" lon="19.14691200"><ele>136.89</ele><time>2025-10-20T13:35:58.481Z</time></trkpt><trkpt lat="47.60863140" lon="19.14691200"><ele>136.89</ele><time>2025-10-20T13:35:58.682Z</time></trkpt><trkpt lat="47.60863140" lon="19.14691200"><ele>136.89</ele><time>2025-10-20T13:35:58.883Z</time></trkpt><trkpt lat="47.60863140" lon="19.14691200"><ele>136.89</ele><time>2025-10-20T13:35:59.085Z</time></trkpt><trkpt lat="47.60863140" lon="19.14691200"><ele>136.90</ele><time>2025-10-20T13:35:59.286Z</time></trkpt><trkpt lat="47.60863140" lon="19.14691200"><ele>136.90</ele><time>2025-10-20T13:35:59.487Z</time></trkpt><trkpt lat="47.60863140" lon="19.14691190"><ele>136.90</ele><time>2025-10-20T13:35:59.688Z</time></trkpt><trkpt lat="47.60863140" lon="19.14691190"><ele>136.90</ele><time>2025-10-20T13:35:59.889Z</time></trkpt><trkpt lat="47.60863140" lon="19.14691190"><ele>136.90</ele><time>2025-10-20T13:36:00.090Z</time></trkpt><trkpt lat="47.60863140" lon="19.14691190"><ele>136.91</ele><time>2025-10-20T13:36:00.293Z</time></trkpt><trkpt lat="47.60863130" lon="19.14691190"><ele>136.90</ele><time>2025-10-20T13:36:00.495Z</time></trkpt><trkpt lat="47.60863130" lon="19.14691190"><ele>136.91</ele><time>2025-10-20T13:36:00.696Z</time></trkpt><trkpt lat="47.60863130" lon="19.14691190"><ele>136.90</ele><time>2025-10-20T13:36:00.897Z</time></trkpt><trkpt lat="47.60863140" lon="19.14691190"><ele>136.90</ele><time>2025-10-20T13:36:01.097Z</time></trkpt><trkpt lat="47.60863140" lon="19.14691180"><ele>136.90</ele><time>2025-10-20T13:36:01.257Z</time></trkpt><trkpt lat="47.60863140" lon="19.14691180"><ele>136.89</ele><time>2025-10-20T13:36:01.477Z</time></trkpt><trkpt lat="47.60863140" lon="19.14691180"><ele>136.89</ele><time>2025-10-20T13:36:01.678Z</time></trkpt><trkpt lat="47.60863140" lon="19.14691180"><ele>136.89</ele><time>2025-10-20T13:36:01.878Z</time></trkpt><trkpt lat="47.60863140" lon="19.14691180"><ele>136.89</ele><time>2025-10-20T13:36:02.078Z</time></trkpt><trkpt lat="47.60863140" lon="19.14691180"><ele>136.90</ele><time>2025-10-20T13:36:02.280Z</time></trkpt><trkpt lat="47.60863140" lon="19.14691170"><ele>136.90</ele><time>2025-10-20T13:36:02.481Z</time></trkpt><trkpt lat="47.60863130" lon="19.14691170"><ele>136.90</ele><time>2025-10-20T13:36:02.681Z</time></trkpt><trkpt lat="47.60863130" lon="19.14691170"><ele>136.90</ele><time>2025-10-20T13:36:02.882Z</time></trkpt><trkpt lat="47.60863130" lon="19.14691170"><ele>136.90</ele><time>2025-10-20T13:36:03.083Z</time></trkpt><trkpt lat="47.60863130" lon="19.14691160"><ele>136.90</ele><time>2025-10-20T13:36:03.287Z</time></trkpt><trkpt lat="47.60863130" lon="19.14691160"><ele>136.90</ele><time>2025-10-20T13:36:03.487Z</time></trkpt><trkpt lat="47.60863130" lon="19.14691160"><ele>136.89</ele><time>2025-10-20T13:36:03.688Z</time></trkpt><trkpt lat="47.60863130" lon="19.14691150"><ele>136.89</ele><time>2025-10-20T13:36:03.889Z</time></trkpt><trkpt lat="47.60863130" lon="19.14691150"><ele>136.89</ele><time>2025-10-20T13:36:04.089Z</time></trkpt><trkpt lat="47.60863130" lon="19.14691150"><ele>136.89</ele><time>2025-10-20T13:36:04.288Z</time></trkpt><trkpt lat="47.60863130" lon="19.14691150"><ele>136.89</ele><time>2025-10-20T13:36:04.492Z</time></trkpt><trkpt lat="47.60863130" lon="19.14691150"><ele>136.89</ele><time>2025-10-20T13:36:04.693Z</time></trkpt><trkpt lat="47.60863130" lon="19.14691150"><ele>136.90</ele><time>2025-10-20T13:36:04.893Z</time></trkpt><trkpt lat="47.60863130" lon="19.14691150"><ele>136.90</ele><time>2025-10-20T13:36:05.093Z</time></trkpt><trkpt lat="47.60863120" lon="19.14691150"><ele>136.90</ele><time>2025-10-20T13:36:05.299Z</time></trkpt><trkpt lat="47.60863120" lon="19.14691150"><ele>136.90</ele><time>2025-10-20T13:36:05.500Z</time></trkpt><trkpt lat="47.60863130" lon="19.14691150"><ele>136.90</ele><time>2025-10-20T13:36:05.701Z</time></trkpt><trkpt lat="47.60863130" lon="19.14691150"><ele>136.90</ele><time>2025-10-20T13:36:05.902Z</time></trkpt><trkpt lat="47.60863130" lon="19.14691150"><ele>136.90</ele><time>2025-10-20T13:36:06.103Z</time></trkpt><trkpt lat="47.60863130" lon="19.14691150"><ele>136.90</ele><time>2025-10-20T13:36:06.305Z</time></trkpt><trkpt lat="47.60863130" lon="19.14691150"><ele>136.90</ele><time>2025-10-20T13:36:06.505Z</time></trkpt><trkpt lat="47.60863130" lon="19.14691150"><ele>136.90</ele><time>2025-10-20T13:36:06.706Z</time></trkpt><trkpt lat="47.60863130" lon="19.14691150"><ele>136.90</ele><time>2025-10-20T13:36:06.906Z</time></trkpt><trkpt lat="47.60863130" lon="19.14691150"><ele>136.90</ele><time>2025-10-20T13:36:07.107Z</time></trkpt><trkpt lat="47.60863130" lon="19.14691150"><ele>136.89</ele><time>2025-10-20T13:36:07.309Z</time></trkpt><trkpt lat="47.60863120" lon="19.14691140"><ele>136.90</ele><time>2025-10-20T13:36:07.509Z</time></trkpt><trkpt lat="47.60863120" lon="19.14691140"><ele>136.90</ele><time>2025-10-20T13:36:07.710Z</time></trkpt><trkpt lat="47.60863110" lon="19.14691140"><ele>136.90</ele><time>2025-10-20T13:36:07.909Z</time></trkpt><trkpt lat="47.60863110" lon="19.14691140"><ele>136.90</ele><time>2025-10-20T13:36:08.110Z</time></trkpt><trkpt lat="47.60863110" lon="19.14691140"><ele>136.90</ele><time>2025-10-20T13:36:08.313Z</time></trkpt><trkpt lat="47.60863110" lon="19.14691140"><ele>136.90</ele><time>2025-10-20T13:36:08.514Z</time></trkpt><trkpt lat="47.60863100" lon="19.14691140"><ele>136.90</ele><time>2025-10-20T13:36:08.713Z</time></trkpt><trkpt lat="47.60863100" lon="19.14691140"><ele>136.90</ele><time>2025-10-20T13:36:08.913Z</time></trkpt><trkpt lat="47.60863100" lon="19.14691140"><ele>136.90</ele><time>2025-10-20T13:36:09.113Z</time></trkpt><trkpt lat="47.60863090" lon="19.14691140"><ele>136.90</ele><time>2025-10-20T13:36:09.317Z</time></trkpt><trkpt lat="47.60863090" lon="19.14691140"><ele>136.90</ele><time>2025-10-20T13:36:09.519Z</time></trkpt><trkpt lat="47.60863090" lon="19.14691150"><ele>136.90</ele><time>2025-10-20T13:36:09.701Z</time></trkpt><trkpt lat="47.60863100" lon="19.14691140"><ele>136.90</ele><time>2025-10-20T13:36:09.902Z</time></trkpt><trkpt lat="47.60863100" lon="19.14691150"><ele>136.90</ele><time>2025-10-20T13:36:10.103Z</time></trkpt><trkpt lat="47.60863100" lon="19.14691150"><ele>136.91</ele><time>2025-10-20T13:36:10.304Z</time></trkpt><trkpt lat="47.60863100" lon="19.14691150"><ele>136.91</ele><time>2025-10-20T13:36:10.508Z</time></trkpt><trkpt lat="47.60863100" lon="19.14691150"><ele>136.91</ele><time>2025-10-20T13:36:10.708Z</time></trkpt><trkpt lat="47.60863090" lon="19.14691160"><ele>136.92</ele><time>2025-10-20T13:36:10.909Z</time></trkpt><trkpt lat="47.60863090" lon="19.14691160"><ele>136.92</ele><time>2025-10-20T13:36:11.109Z</time></trkpt><trkpt lat="47.60863090" lon="19.14691160"><ele>136.93</ele><time>2025-10-20T13:36:11.310Z</time></trkpt><trkpt lat="47.60863090" lon="19.14691160"><ele>136.93</ele><time>2025-10-20T13:36:11.511Z</time></trkpt><trkpt lat="47.60863090" lon="19.14691160"><ele>136.93</ele><time>2025-10-20T13:36:11.712Z</time></trkpt><trkpt lat="47.60863090" lon="19.14691160"><ele>136.94</ele><time>2025-10-20T13:36:11.912Z</time></trkpt><trkpt lat="47.60863090" lon="19.14691160"><ele>136.94</ele><time>2025-10-20T13:36:12.112Z</time></trkpt><trkpt lat="47.60863090" lon="19.14691160"><ele>136.94</ele><time>2025-10-20T13:36:12.319Z</time></trkpt><trkpt lat="47.60863090" lon="19.14691150"><ele>136.94</ele><time>2025-10-20T13:36:12.519Z</time></trkpt><trkpt lat="47.60863100" lon="19.14691150"><ele>136.94</ele><time>2025-10-20T13:36:12.719Z</time></trkpt><trkpt lat="47.60863100" lon="19.14691150"><ele>136.94</ele><time>2025-10-20T13:36:12.920Z</time></trkpt><trkpt lat="47.60863100" lon="19.14691150"><ele>136.95</ele><time>2025-10-20T13:36:13.121Z</time></trkpt><trkpt lat="47.60863110" lon="19.14691150"><ele>136.95</ele><time>2025-10-20T13:36:13.322Z</time></trkpt><trkpt lat="47.60863110" lon="19.14691150"><ele>136.95</ele><time>2025-10-20T13:36:13.523Z</time></trkpt><trkpt lat="47.60863110" lon="19.14691160"><ele>136.95</ele><time>2025-10-20T13:36:13.723Z</time></trkpt><trkpt lat="47.60863120" lon="19.14691160"><ele>136.95</ele><time>2025-10-20T13:36:13.923Z</time></trkpt><trkpt lat="47.60863130" lon="19.14691160"><ele>136.95</ele><time>2025-10-20T13:36:14.123Z</time></trkpt><trkpt lat="47.60863130" lon="19.14691160"><ele>136.95</ele><time>2025-10-20T13:36:14.308Z</time></trkpt><trkpt lat="47.60863140" lon="19.14691150"><ele>136.95</ele><time>2025-10-20T13:36:14.510Z</time></trkpt><trkpt lat="47.60863140" lon="19.14691150"><ele>136.95</ele><time>2025-10-20T13:36:14.711Z</time></trkpt><trkpt lat="47.60863140" lon="19.14691150"><ele>136.94</ele><time>2025-10-20T13:36:14.912Z</time></trkpt><trkpt lat="47.60863140" lon="19.14691150"><ele>136.94</ele><time>2025-10-20T13:36:15.112Z</time></trkpt><trkpt lat="47.60863140" lon="19.14691160"><ele>136.94</ele><time>2025-10-20T13:36:15.323Z</time></trkpt><trkpt lat="47.60863140" lon="19.14691150"><ele>136.94</ele><time>2025-10-20T13:36:15.524Z</time></trkpt><trkpt lat="47.60863140" lon="19.14691150"><ele>136.94</ele><time>2025-10-20T13:36:15.724Z</time></trkpt><trkpt lat="47.60863140" lon="19.14691150"><ele>136.94</ele><time>2025-10-20T13:36:15.923Z</time></trkpt><trkpt lat="47.60863140" lon="19.14691150"><ele>136.94</ele><time>2025-10-20T13:36:16.124Z</time></trkpt><trkpt lat="47.60863140" lon="19.14691150"><ele>136.93</ele><time>2025-10-20T13:36:16.327Z</time></trkpt><trkpt lat="47.60863140" lon="19.14691150"><ele>136.93</ele><time>2025-10-20T13:36:16.527Z</time></trkpt><trkpt lat="47.60863140" lon="19.14691150"><ele>136.93</ele><time>2025-10-20T13:36:16.728Z</time></trkpt><trkpt lat="47.60863130" lon="19.14691150"><ele>136.93</ele><time>2025-10-20T13:36:16.928Z</time></trkpt><trkpt lat="47.60863130" lon="19.14691150"><ele>136.93</ele><time>2025-10-20T13:36:17.129Z</time></trkpt><trkpt lat="47.60863120" lon="19.14691150"><ele>136.93</ele><time>2025-10-20T13:36:17.329Z</time></trkpt><trkpt lat="47.60863120" lon="19.14691150"><ele>136.93</ele><time>2025-10-20T13:36:17.529Z</time></trkpt><trkpt lat="47.60863120" lon="19.14691150"><ele>136.93</ele><time>2025-10-20T13:36:17.730Z</time></trkpt><trkpt lat="47.60863130" lon="19.14691150"><ele>136.93</ele><time>2025-10-20T13:36:17.930Z</time></trkpt><trkpt lat="47.60863130" lon="19.14691150"><ele>136.92</ele><time>2025-10-20T13:36:18.131Z</time></trkpt><trkpt lat="47.60863130" lon="19.14691140"><ele>136.92</ele><time>2025-10-20T13:36:18.333Z</time></trkpt><trkpt lat="47.60863130" lon="19.14691140"><ele>136.91</ele><time>2025-10-20T13:36:18.533Z</time></trkpt><trkpt lat="47.60863130" lon="19.14691140"><ele>136.91</ele><time>2025-10-20T13:36:18.734Z</time></trkpt><trkpt lat="47.60863130" lon="19.14691140"><ele>136.91</ele><time>2025-10-20T13:36:18.935Z</time></trkpt><trkpt lat="47.60863120" lon="19.14691150"><ele>136.91</ele><time>2025-10-20T13:36:19.135Z</time></trkpt><trkpt lat="47.60863120" lon="19.14691150"><ele>136.91</ele><time>2025-10-20T13:36:19.336Z</time></trkpt><trkpt lat="47.60863110" lon="19.14691150"><ele>136.91</ele><time>2025-10-20T13:36:19.558Z</time></trkpt><trkpt lat="47.60863100" lon="19.14691140"><ele>136.91</ele><time>2025-10-20T13:36:19.738Z</time></trkpt><trkpt lat="47.60863100" lon="19.14691140"><ele>136.91</ele><time>2025-10-20T13:36:19.939Z</time></trkpt><trkpt lat="47.60863100" lon="19.14691140"><ele>136.91</ele><time>2025-10-20T13:36:20.139Z</time></trkpt><trkpt lat="47.60863090" lon="19.14691140"><ele>136.91</ele><time>2025-10-20T13:36:20.320Z</time></trkpt><trkpt lat="47.60863090" lon="19.14691140"><ele>136.91</ele><time>2025-10-20T13:36:20.541Z</time></trkpt><trkpt lat="47.60863090" lon="19.14691140"><ele>136.91</ele><time>2025-10-20T13:36:20.741Z</time></trkpt><trkpt lat="47.60863100" lon="19.14691140"><ele>136.91</ele><time>2025-10-20T13:36:20.941Z</time></trkpt><trkpt lat="47.60863100" lon="19.14691130"><ele>136.91</ele><time>2025-10-20T13:36:21.141Z</time></trkpt><trkpt lat="47.60863100" lon="19.14691130"><ele>136.91</ele><time>2025-10-20T13:36:21.344Z</time></trkpt><trkpt lat="47.60863100" lon="19.14691130"><ele>136.91</ele><time>2025-10-20T13:36:21.544Z</time></trkpt><trkpt lat="47.60863100" lon="19.14691130"><ele>136.92</ele><time>2025-10-20T13:36:21.744Z</time></trkpt><trkpt lat="47.60863100" lon="19.14691140"><ele>136.92</ele><time>2025-10-20T13:36:21.945Z</time></trkpt><trkpt lat="47.60863100" lon="19.14691140"><ele>136.93</ele><time>2025-10-20T13:36:22.145Z</time></trkpt><trkpt lat="47.60863100" lon="19.14691140"><ele>136.93</ele><time>2025-10-20T13:36:22.345Z</time></trkpt><trkpt lat="47.60863110" lon="19.14691140"><ele>136.93</ele><time>2025-10-20T13:36:22.546Z</time></trkpt><trkpt lat="47.60863110" lon="19.14691140"><ele>136.93</ele><time>2025-10-20T13:36:22.746Z</time></trkpt><trkpt lat="47.60863110" lon="19.14691140"><ele>136.93</ele><time>2025-10-20T13:36:22.946Z</time></trkpt><trkpt lat="47.60863110" lon="19.14691150"><ele>136.94</ele><time>2025-10-20T13:36:23.146Z</time></trkpt><trkpt lat="47.60863120" lon="19.14691150"><ele>136.94</ele><time>2025-10-20T13:36:23.348Z</time></trkpt><trkpt lat="47.60863120" lon="19.14691150"><ele>136.94</ele><time>2025-10-20T13:36:23.548Z</time></trkpt><trkpt lat="47.60863120" lon="19.14691160"><ele>136.94</ele><time>2025-10-20T13:36:23.748Z</time></trkpt><trkpt lat="47.60863120" lon="19.14691170"><ele>136.94</ele><time>2025-10-20T13:36:23.948Z</time></trkpt><trkpt lat="47.60863120" lon="19.14691170"><ele>136.94</ele><time>2025-10-20T13:36:24.148Z</time></trkpt><trkpt lat="47.60863130" lon="19.14691170"><ele>136.94</ele><time>2025-10-20T13:36:24.348Z</time></trkpt><trkpt lat="47.60863130" lon="19.14691180"><ele>136.94</ele><time>2025-10-20T13:36:24.548Z</time></trkpt><trkpt lat="47.60863130" lon="19.14691190"><ele>136.94</ele><time>2025-10-20T13:36:24.748Z</time></trkpt><trkpt lat="47.60863130" lon="19.14691190"><ele>136.94</ele><time>2025-10-20T13:36:24.948Z</time></trkpt><trkpt lat="47.60863130" lon="19.14691190"><ele>136.93</ele><time>2025-10-20T13:36:25.148Z</time></trkpt><trkpt lat="47.60863130" lon="19.14691190"><ele>136.93</ele><time>2025-10-20T13:36:25.350Z</time></trkpt><trkpt lat="47.60863140" lon="19.14691200"><ele>136.93</ele><time>2025-10-20T13:36:25.551Z</time></trkpt><trkpt lat="47.60863140" lon="19.14691200"><ele>136.93</ele><time>2025-10-20T13:36:25.751Z</time></trkpt><trkpt lat="47.60863140" lon="19.14691200"><ele>136.93</ele><time>2025-10-20T13:36:25.952Z</time></trkpt><trkpt lat="47.60863140" lon="19.14691210"><ele>136.93</ele><time>2025-10-20T13:36:26.152Z</time></trkpt><trkpt lat="47.60863150" lon="19.14691210"><ele>136.93</ele><time>2025-10-20T13:36:26.353Z</time></trkpt><trkpt lat="47.60863150" lon="19.14691210"><ele>136.93</ele><time>2025-10-20T13:36:26.553Z</time></trkpt><trkpt lat="47.60863150" lon="19.14691210"><ele>136.93</ele><time>2025-10-20T13:36:26.753Z</time></trkpt><trkpt lat="47.60863150" lon="19.14691210"><ele>136.94</ele><time>2025-10-20T13:36:26.954Z</time></trkpt><trkpt lat="47.60863150" lon="19.14691210"><ele>136.94</ele><time>2025-10-20T13:36:27.154Z</time></trkpt><trkpt lat="47.60863160" lon="19.14691210"><ele>136.94</ele><time>2025-10-20T13:36:27.357Z</time></trkpt><trkpt lat="47.60863160" lon="19.14691210"><ele>136.95</ele><time>2025-10-20T13:36:27.577Z</time></trkpt><trkpt lat="47.60863160" lon="19.14691210"><ele>136.95</ele><time>2025-10-20T13:36:27.757Z</time></trkpt><trkpt lat="47.60863160" lon="19.14691210"><ele>136.95</ele><time>2025-10-20T13:36:27.957Z</time></trkpt><trkpt lat="47.60863160" lon="19.14691200"><ele>136.95</ele><time>2025-10-20T13:36:28.157Z</time></trkpt><trkpt lat="47.60863160" lon="19.14691200"><ele>136.95</ele><time>2025-10-20T13:36:28.358Z</time></trkpt><trkpt lat="47.60863160" lon="19.14691190"><ele>136.95</ele><time>2025-10-20T13:36:28.558Z</time></trkpt><trkpt lat="47.60863160" lon="19.14691190"><ele>136.95</ele><time>2025-10-20T13:36:28.758Z</time></trkpt><trkpt lat="47.60863160" lon="19.14691180"><ele>136.95</ele><time>2025-10-20T13:36:28.959Z</time></trkpt><trkpt lat="47.60863160" lon="19.14691180"><ele>136.95</ele><time>2025-10-20T13:36:29.159Z</time></trkpt><trkpt lat="47.60863160" lon="19.14691180"><ele>136.95</ele><time>2025-10-20T13:36:29.361Z</time></trkpt><trkpt lat="47.60863150" lon="19.14691170"><ele>136.95</ele><time>2025-10-20T13:36:29.562Z</time></trkpt><trkpt lat="47.60863150" lon="19.14691170"><ele>136.95</ele><time>2025-10-20T13:36:29.762Z</time></trkpt><trkpt lat="47.60863150" lon="19.14691170"><ele>136.95</ele><time>2025-10-20T13:36:29.965Z</time></trkpt><trkpt lat="47.60863150" lon="19.14691170"><ele>136.94</ele><time>2025-10-20T13:36:30.165Z</time></trkpt><trkpt lat="47.60863150" lon="19.14691160"><ele>136.94</ele><time>2025-10-20T13:36:30.366Z</time></trkpt><trkpt lat="47.60863150" lon="19.14691150"><ele>136.94</ele><time>2025-10-20T13:36:30.566Z</time></trkpt><trkpt lat="47.60863150" lon="19.14691160"><ele>136.94</ele><time>2025-10-20T13:36:30.767Z</time></trkpt><trkpt lat="47.60863160" lon="19.14691160"><ele>136.93</ele><time>2025-10-20T13:36:30.968Z</time></trkpt><trkpt lat="47.60863160" lon="19.14691160"><ele>136.93</ele><time>2025-10-20T13:36:31.168Z</time></trkpt><trkpt lat="47.60863170" lon="19.14691170"><ele>136.93</ele><time>2025-10-20T13:36:31.369Z</time></trkpt><trkpt lat="47.60863170" lon="19.14691160"><ele>136.93</ele><time>2025-10-20T13:36:31.569Z</time></trkpt><trkpt lat="47.60863170" lon="19.14691170"><ele>136.93</ele><time>2025-10-20T13:36:31.769Z</time></trkpt><trkpt lat="47.60863170" lon="19.14691170"><ele>136.93</ele><time>2025-10-20T13:36:31.970Z</time></trkpt><trkpt lat="47.60863170" lon="19.14691170"><ele>136.93</ele><time>2025-10-20T13:36:32.171Z</time></trkpt><trkpt lat="47.60863170" lon="19.14691170"><ele>136.94</ele><time>2025-10-20T13:36:32.354Z</time></trkpt><trkpt lat="47.60863160" lon="19.14691170"><ele>136.94</ele><time>2025-10-20T13:36:32.554Z</time></trkpt><trkpt lat="47.60863160" lon="19.14691180"><ele>136.94</ele><time>2025-10-20T13:36:32.754Z</time></trkpt><trkpt lat="47.60863160" lon="19.14691180"><ele>136.93</ele><time>2025-10-20T13:36:32.975Z</time></trkpt><trkpt lat="47.60863150" lon="19.14691180"><ele>136.93</ele><time>2025-10-20T13:36:33.156Z</time></trkpt><trkpt lat="47.60863150" lon="19.14691180"><ele>136.93</ele><time>2025-10-20T13:36:33.356Z</time></trkpt><trkpt lat="47.60863150" lon="19.14691180"><ele>136.93</ele><time>2025-10-20T13:36:33.557Z</time></trkpt><trkpt lat="47.60863140" lon="19.14691180"><ele>136.93</ele><time>2025-10-20T13:36:33.758Z</time></trkpt><trkpt lat="47.60863140" lon="19.14691180"><ele>136.93</ele><time>2025-10-20T13:36:33.959Z</time></trkpt><trkpt lat="47.60863140" lon="19.14691180"><ele>136.93</ele><time>2025-10-20T13:36:34.159Z</time></trkpt><trkpt lat="47.60863140" lon="19.14691190"><ele>136.93</ele><time>2025-10-20T13:36:34.361Z</time></trkpt><trkpt lat="47.60863130" lon="19.14691190"><ele>136.93</ele><time>2025-10-20T13:36:34.561Z</time></trkpt><trkpt lat="47.60863130" lon="19.14691190"><ele>136.93</ele><time>2025-10-20T13:36:34.761Z</time></trkpt><trkpt lat="47.60863130" lon="19.14691190"><ele>136.93</ele><time>2025-10-20T13:36:34.963Z</time></trkpt><trkpt lat="47.60863130" lon="19.14691200"><ele>136.93</ele><time>2025-10-20T13:36:35.164Z</time></trkpt><trkpt lat="47.60863120" lon="19.14691200"><ele>136.93</ele><time>2025-10-20T13:36:35.365Z</time></trkpt><trkpt lat="47.60863120" lon="19.14691200"><ele>136.93</ele><time>2025-10-20T13:36:35.565Z</time></trkpt><trkpt lat="47.60863130" lon="19.14691200"><ele>136.93</ele><time>2025-10-20T13:36:35.765Z</time></trkpt><trkpt lat="47.60863130" lon="19.14691200"><ele>136.92</ele><time>2025-10-20T13:36:35.967Z</time></trkpt><trkpt lat="47.60863130" lon="19.14691200"><ele>136.92</ele><time>2025-10-20T13:36:36.167Z</time></trkpt><trkpt lat="47.60863140" lon="19.14691190"><ele>136.92</ele><time>2025-10-20T13:36:36.369Z</time></trkpt><trkpt lat="47.60863140" lon="19.14691190"><ele>136.92</ele><time>2025-10-20T13:36:36.569Z</time></trkpt><trkpt lat="47.60863140" lon="19.14691190"><ele>136.92</ele><time>2025-10-20T13:36:36.769Z</time></trkpt><trkpt lat="47.60863150" lon="19.14691190"><ele>136.92</ele><time>2025-10-20T13:36:36.970Z</time></trkpt><trkpt lat="47.60863150" lon="19.14691190"><ele>136.92</ele><time>2025-10-20T13:36:37.170Z</time></trkpt><trkpt lat="47.60863150" lon="19.14691190"><ele>136.92</ele><time>2025-10-20T13:36:37.372Z</time></trkpt><trkpt lat="47.60863140" lon="19.14691190"><ele>136.92</ele><time>2025-10-20T13:36:37.572Z</time></trkpt><trkpt lat="47.60863150" lon="19.14691190"><ele>136.92</ele><time>2025-10-20T13:36:37.772Z</time></trkpt><trkpt lat="47.60863150" lon="19.14691180"><ele>136.92</ele><time>2025-10-20T13:36:37.974Z</time></trkpt><trkpt lat="47.60863150" lon="19.14691180"><ele>136.92</ele><time>2025-10-20T13:36:38.174Z</time></trkpt><trkpt lat="47.60863140" lon="19.14691180"><ele>136.92</ele><time>2025-10-20T13:36:38.358Z</time></trkpt><trkpt lat="47.60863140" lon="19.14691170"><ele>136.92</ele><time>2025-10-20T13:36:38.580Z</time></trkpt><trkpt lat="47.60863140" lon="19.14691170"><ele>136.92</ele><time>2025-10-20T13:36:38.760Z</time></trkpt><trkpt lat="47.60863140" lon="19.14691160"><ele>136.92</ele><time>2025-10-20T13:36:38.961Z</time></trkpt><trkpt lat="47.60863140" lon="19.14691150"><ele>136.92</ele><time>2025-10-20T13:36:39.161Z</time></trkpt><trkpt lat="47.60863130" lon="19.14691150"><ele>136.92</ele><time>2025-10-20T13:36:39.363Z</time></trkpt><trkpt lat="47.60863130" lon="19.14691140"><ele>136.91</ele><time>2025-10-20T13:36:39.563Z</time></trkpt><trkpt lat="47.60863120" lon="19.14691140"><ele>136.91</ele><time>2025-10-20T13:36:39.764Z</time></trkpt><trkpt lat="47.60863120" lon="19.14691140"><ele>136.91</ele><time>2025-10-20T13:36:39.965Z</time></trkpt><trkpt lat="47.60863110" lon="19.14691130"><ele>136.91</ele><time>2025-10-20T13:36:40.165Z</time></trkpt><trkpt lat="47.60863110" lon="19.14691130"><ele>136.91</ele><time>2025-10-20T13:36:40.368Z</time></trkpt><trkpt lat="47.60863110" lon="19.14691130"><ele>136.91</ele><time>2025-10-20T13:36:40.568Z</time></trkpt><trkpt lat="47.60863100" lon="19.14691130"><ele>136.90</ele><time>2025-10-20T13:36:40.768Z</time></trkpt><trkpt lat="47.60863100" lon="19.14691130"><ele>136.90</ele><time>2025-10-20T13:36:40.969Z</time></trkpt><trkpt lat="47.60863110" lon="19.14691130"><ele>136.90</ele><time>2025-10-20T13:36:41.169Z</time></trkpt><trkpt lat="47.60863110" lon="19.14691130"><ele>136.90</ele><time>2025-10-20T13:36:41.372Z</time></trkpt><trkpt lat="47.60863110" lon="19.14691130"><ele>136.90</ele><time>2025-10-20T13:36:41.573Z</time></trkpt><trkpt lat="47.60863110" lon="19.14691130"><ele>136.89</ele><time>2025-10-20T13:36:41.774Z</time></trkpt><trkpt lat="47.60863120" lon="19.14691130"><ele>136.89</ele><time>2025-10-20T13:36:41.975Z</time></trkpt><trkpt lat="47.60863120" lon="19.14691130"><ele>136.89</ele><time>2025-10-20T13:36:42.158Z</time></trkpt><trkpt lat="47.60863120" lon="19.14691120"><ele>136.89</ele><time>2025-10-20T13:36:42.363Z</time></trkpt><trkpt lat="47.60863120" lon="19.14691130"><ele>136.89</ele><time>2025-10-20T13:36:42.564Z</time></trkpt><trkpt lat="47.60863130" lon="19.14691130"><ele>136.89</ele><time>2025-10-20T13:36:42.764Z</time></trkpt><trkpt lat="47.60863130" lon="19.14691130"><ele>136.89</ele><time>2025-10-20T13:36:42.964Z</time></trkpt><trkpt lat="47.60863120" lon="19.14691130"><ele>136.89</ele><time>2025-10-20T13:36:43.164Z</time></trkpt><trkpt lat="47.60863120" lon="19.14691140"><ele>136.90</ele><time>2025-10-20T13:36:43.368Z</time></trkpt><trkpt lat="47.60863120" lon="19.14691140"><ele>136.90</ele><time>2025-10-20T13:36:43.568Z</time></trkpt><trkpt lat="47.60863120" lon="19.14691140"><ele>136.90</ele><time>2025-10-20T13:36:43.770Z</time></trkpt><trkpt lat="47.60863120" lon="19.14691150"><ele>136.90</ele><time>2025-10-20T13:36:43.971Z</time></trkpt><trkpt lat="47.60863120" lon="19.14691150"><ele>136.91</ele><time>2025-10-20T13:36:44.173Z</time></trkpt><trkpt lat="47.60863120" lon="19.14691150"><ele>136.91</ele><time>2025-10-20T13:36:44.373Z</time></trkpt><trkpt lat="47.60863120" lon="19.14691150"><ele>136.91</ele><time>2025-10-20T13:36:44.574Z</time></trkpt><trkpt lat="47.60863120" lon="19.14691150"><ele>136.91</ele><time>2025-10-20T13:36:44.774Z</time></trkpt><trkpt lat="47.60863120" lon="19.14691150"><ele>136.91</ele><time>2025-10-20T13:36:44.974Z</time></trkpt><trkpt lat="47.60863120" lon="19.14691150"><ele>136.91</ele><time>2025-10-20T13:36:45.154Z</time></trkpt><trkpt lat="47.60863120" lon="19.14691140"><ele>136.91</ele><time>2025-10-20T13:36:45.375Z</time></trkpt><trkpt lat="47.60863120" lon="19.14691140"><ele>136.91</ele><time>2025-10-20T13:36:45.575Z</time></trkpt><trkpt lat="47.60863120" lon="19.14691140"><ele>136.91</ele><time>2025-10-20T13:36:45.776Z</time></trkpt><trkpt lat="47.60863120" lon="19.14691150"><ele>136.91</ele><time>2025-10-20T13:36:45.977Z</time></trkpt><trkpt lat="47.60863110" lon="19.14691150"><ele>136.91</ele><time>2025-10-20T13:36:46.177Z</time></trkpt><trkpt lat="47.60863110" lon="19.14691140"><ele>136.91</ele><time>2025-10-20T13:36:46.382Z</time></trkpt><trkpt lat="47.60863110" lon="19.14691140"><ele>136.91</ele><time>2025-10-20T13:36:46.582Z</time></trkpt><trkpt lat="47.60863110" lon="19.14691140"><ele>136.91</ele><time>2025-10-20T13:36:46.781Z</time></trkpt><trkpt lat="47.60863110" lon="19.14691140"><ele>136.91</ele><time>2025-10-20T13:36:46.981Z</time></trkpt><trkpt lat="47.60863110" lon="19.14691140"><ele>136.90</ele><time>2025-10-20T13:36:47.182Z</time></trkpt><trkpt lat="47.60863110" lon="19.14691150"><ele>136.90</ele><time>2025-10-20T13:36:47.383Z</time></trkpt><trkpt lat="47.60863120" lon="19.14691140"><ele>136.90</ele><time>2025-10-20T13:36:47.584Z</time></trkpt><trkpt lat="47.60863120" lon="19.14691150"><ele>136.90</ele><time>2025-10-20T13:36:47.784Z</time></trkpt><trkpt lat="47.60863120" lon="19.14691150"><ele>136.90</ele><time>2025-10-20T13:36:47.985Z</time></trkpt><trkpt lat="47.60863120" lon="19.14691150"><ele>136.90</ele><time>2025-10-20T13:36:48.187Z</time></trkpt><trkpt lat="47.60863130" lon="19.14691150"><ele>136.90</ele><time>2025-10-20T13:36:48.373Z</time></trkpt><trkpt lat="47.60863130" lon="19.14691150"><ele>136.90</ele><time>2025-10-20T13:36:48.573Z</time></trkpt><trkpt lat="47.60863130" lon="19.14691150"><ele>136.90</ele><time>2025-10-20T13:36:48.773Z</time></trkpt><trkpt lat="47.60863130" lon="19.14691150"><ele>136.90</ele><time>2025-10-20T13:36:48.973Z</time></trkpt><trkpt lat="47.60863120" lon="19.14691150"><ele>136.90</ele><time>2025-10-20T13:36:49.173Z</time></trkpt><trkpt lat="47.60863120" lon="19.14691160"><ele>136.90</ele><time>2025-10-20T13:36:49.375Z</time></trkpt><trkpt lat="47.60863120" lon="19.14691160"><ele>136.91</ele><time>2025-10-20T13:36:49.575Z</time></trkpt><trkpt lat="47.60863130" lon="19.14691160"><ele>136.91</ele><time>2025-10-20T13:36:49.775Z</time></trkpt><trkpt lat="47.60863130" lon="19.14691160"><ele>136.92</ele><time>2025-10-20T13:36:49.975Z</time></trkpt><trkpt lat="47.60863140" lon="19.14691160"><ele>136.92</ele><time>2025-10-20T13:36:50.175Z</time></trkpt><trkpt lat="47.60863140" lon="19.14691170"><ele>136.92</ele><time>2025-10-20T13:36:50.380Z</time></trkpt><trkpt lat="47.60863140" lon="19.14691170"><ele>136.92</ele><time>2025-10-20T13:36:50.582Z</time></trkpt><trkpt lat="47.60863140" lon="19.14691180"><ele>136.92</ele><time>2025-10-20T13:36:50.783Z</time></trkpt><trkpt lat="47.60863140" lon="19.14691180"><ele>136.93</ele><time>2025-10-20T13:36:50.983Z</time></trkpt><trkpt lat="47.60863140" lon="19.14691180"><ele>136.93</ele><time>2025-10-20T13:36:51.185Z</time></trkpt><trkpt lat="47.60863140" lon="19.14691180"><ele>136.93</ele><time>2025-10-20T13:36:51.388Z</time></trkpt><trkpt lat="47.60863150" lon="19.14691180"><ele>136.93</ele><time>2025-10-20T13:36:51.591Z</time></trkpt><trkpt lat="47.60863150" lon="19.14691180"><ele>136.93</ele><time>2025-10-20T13:36:51.792Z</time></trkpt><trkpt lat="47.60863150" lon="19.14691180"><ele>136.93</ele><time>2025-10-20T13:36:51.992Z</time></trkpt><trkpt lat="47.60863160" lon="19.14691180"><ele>136.93</ele><time>2025-10-20T13:36:52.192Z</time></trkpt><trkpt lat="47.60863160" lon="19.14691180"><ele>136.93</ele><time>2025-10-20T13:36:52.392Z</time></trkpt><trkpt lat="47.60863160" lon="19.14691170"><ele>136.93</ele><time>2025-10-20T13:36:52.593Z</time></trkpt><trkpt lat="47.60863160" lon="19.14691170"><ele>136.94</ele><time>2025-10-20T13:36:52.793Z</time></trkpt><trkpt lat="47.60863150" lon="19.14691170"><ele>136.94</ele><time>2025-10-20T13:36:52.993Z</time></trkpt><trkpt lat="47.60863150" lon="19.14691170"><ele>136.94</ele><time>2025-10-20T13:36:53.194Z</time></trkpt><trkpt lat="47.60863150" lon="19.14691170"><ele>136.94</ele><time>2025-10-20T13:36:53.394Z</time></trkpt><trkpt lat="47.60863150" lon="19.14691160"><ele>136.94</ele><time>2025-10-20T13:36:53.594Z</time></trkpt><trkpt lat="47.60863140" lon="19.14691170"><ele>136.94</ele><time>2025-10-20T13:36:53.794Z</time></trkpt><trkpt lat="47.60863140" lon="19.14691170"><ele>136.94</ele><time>2025-10-20T13:36:53.994Z</time></trkpt><trkpt lat="47.60863140" lon="19.14691180"><ele>136.94</ele><time>2025-10-20T13:36:54.195Z</time></trkpt><trkpt lat="47.60863130" lon="19.14691180"><ele>136.94</ele><time>2025-10-20T13:36:54.395Z</time></trkpt><trkpt lat="47.60863130" lon="19.14691180"><ele>136.94</ele><time>2025-10-20T13:36:54.594Z</time></trkpt><trkpt lat="47.60863120" lon="19.14691190"><ele>136.94</ele><time>2025-10-20T13:36:54.794Z</time></trkpt><trkpt lat="47.60863120" lon="19.14691190"><ele>136.93</ele><time>2025-10-20T13:36:54.995Z</time></trkpt><trkpt lat="47.60863120" lon="19.14691190"><ele>136.93</ele><time>2025-10-20T13:36:55.194Z</time></trkpt><trkpt lat="47.60863110" lon="19.14691200"><ele>136.93</ele><time>2025-10-20T13:36:55.399Z</time></trkpt><trkpt lat="47.60863110" lon="19.14691200"><ele>136.93</ele><time>2025-10-20T13:36:55.600Z</time></trkpt><trkpt lat="47.60863100" lon="19.14691200"><ele>136.93</ele><time>2025-10-20T13:36:55.800Z</time></trkpt><trkpt lat="47.60863100" lon="19.14691200"><ele>136.93</ele><time>2025-10-20T13:36:56.000Z</time></trkpt><trkpt lat="47.60863100" lon="19.14691200"><ele>136.93</ele><time>2025-10-20T13:36:56.200Z</time></trkpt><trkpt lat="47.60863100" lon="19.14691200"><ele>136.93</ele><time>2025-10-20T13:36:56.400Z</time></trkpt><trkpt lat="47.60863100" lon="19.14691200"><ele>136.94</ele><time>2025-10-20T13:36:56.601Z</time></trkpt><trkpt lat="47.60863100" lon="19.14691200"><ele>136.93</ele><time>2025-10-20T13:36:56.802Z</time></trkpt><trkpt lat="47.60863110" lon="19.14691200"><ele>136.93</ele><time>2025-10-20T13:36:57.002Z</time></trkpt><trkpt lat="47.60863110" lon="19.14691200"><ele>136.93</ele><time>2025-10-20T13:36:57.203Z</time></trkpt><trkpt lat="47.60863110" lon="19.14691200"><ele>136.93</ele><time>2025-10-20T13:36:57.404Z</time></trkpt><trkpt lat="47.60863110" lon="19.14691200"><ele>136.92</ele><time>2025-10-20T13:36:57.604Z</time></trkpt><trkpt lat="47.60863110" lon="19.14691200"><ele>136.92</ele><time>2025-10-20T13:36:57.805Z</time></trkpt><trkpt lat="47.60863100" lon="19.14691200"><ele>136.92</ele><time>2025-10-20T13:36:58.005Z</time></trkpt><trkpt lat="47.60863100" lon="19.14691200"><ele>136.92</ele><time>2025-10-20T13:36:58.205Z</time></trkpt><trkpt lat="47.60863100" lon="19.14691200"><ele>136.92</ele><time>2025-10-20T13:36:58.405Z</time></trkpt><trkpt lat="47.60863090" lon="19.14691200"><ele>136.92</ele><time>2025-10-20T13:36:58.606Z</time></trkpt><trkpt lat="47.60863090" lon="19.14691210"><ele>136.92</ele><time>2025-10-20T13:36:58.807Z</time></trkpt><trkpt lat="47.60863090" lon="19.14691210"><ele>136.92</ele><time>2025-10-20T13:36:59.006Z</time></trkpt><trkpt lat="47.60863090" lon="19.14691210"><ele>136.92</ele><time>2025-10-20T13:36:59.207Z</time></trkpt><trkpt lat="47.60863100" lon="19.14691210"><ele>136.92</ele><time>2025-10-20T13:36:59.409Z</time></trkpt><trkpt lat="47.60863100" lon="19.14691200"><ele>136.92</ele><time>2025-10-20T13:36:59.629Z</time></trkpt><trkpt lat="47.60863100" lon="19.14691190"><ele>136.92</ele><time>2025-10-20T13:36:59.811Z</time></trkpt><trkpt lat="47.60863110" lon="19.14691180"><ele>136.92</ele><time>2025-10-20T13:37:00.011Z</time></trkpt><trkpt lat="47.60863110" lon="19.14691170"><ele>136.92</ele><time>2025-10-20T13:37:00.211Z</time></trkpt><trkpt lat="47.60863110" lon="19.14691160"><ele>136.92</ele><time>2025-10-20T13:37:00.413Z</time></trkpt><trkpt lat="47.60863110" lon="19.14691160"><ele>136.92</ele><time>2025-10-20T13:37:00.614Z</time></trkpt><trkpt lat="47.60863120" lon="19.14691160"><ele>136.92</ele><time>2025-10-20T13:37:00.814Z</time></trkpt><trkpt lat="47.60863120" lon="19.14691160"><ele>136.92</ele><time>2025-10-20T13:37:01.015Z</time></trkpt><trkpt lat="47.60863120" lon="19.14691150"><ele>136.92</ele><time>2025-10-20T13:37:01.217Z</time></trkpt><trkpt lat="47.60863120" lon="19.14691140"><ele>136.92</ele><time>2025-10-20T13:37:01.419Z</time></trkpt><trkpt lat="47.60863120" lon="19.14691140"><ele>136.91</ele><time>2025-10-20T13:37:01.620Z</time></trkpt><trkpt lat="47.60863120" lon="19.14691130"><ele>136.91</ele><time>2025-10-20T13:37:01.820Z</time></trkpt><trkpt lat="47.60863120" lon="19.14691130"><ele>136.91</ele><time>2025-10-20T13:37:02.021Z</time></trkpt><trkpt lat="47.60863120" lon="19.14691130"><ele>136.91</ele><time>2025-10-20T13:37:02.221Z</time></trkpt><trkpt lat="47.60863120" lon="19.14691120"><ele>136.91</ele><time>2025-10-20T13:37:02.423Z</time></trkpt><trkpt lat="47.60863130" lon="19.14691120"><ele>136.91</ele><time>2025-10-20T13:37:02.623Z</time></trkpt><trkpt lat="47.60863130" lon="19.14691120"><ele>136.91</ele><time>2025-10-20T13:37:02.824Z</time></trkpt><trkpt lat="47.60863130" lon="19.14691110"><ele>136.92</ele><time>2025-10-20T13:37:03.024Z</time></trkpt><trkpt lat="47.60863130" lon="19.14691110"><ele>136.92</ele><time>2025-10-20T13:37:03.225Z</time></trkpt><trkpt lat="47.60863130" lon="19.14691110"><ele>136.91</ele><time>2025-10-20T13:37:03.426Z</time></trkpt><trkpt lat="47.60863130" lon="19.14691100"><ele>136.91</ele><time>2025-10-20T13:37:03.626Z</time></trkpt><trkpt lat="47.60863130" lon="19.14691100"><ele>136.91</ele><time>2025-10-20T13:37:03.826Z</time></trkpt><trkpt lat="47.60863130" lon="19.14691100"><ele>136.90</ele><time>2025-10-20T13:37:04.026Z</time></trkpt><trkpt lat="47.60863130" lon="19.14691110"><ele>136.90</ele><time>2025-10-20T13:37:04.227Z</time></trkpt><trkpt lat="47.60863120" lon="19.14691110"><ele>136.90</ele><time>2025-10-20T13:37:04.427Z</time></trkpt><trkpt lat="47.60863120" lon="19.14691100"><ele>136.89</ele><time>2025-10-20T13:37:04.627Z</time></trkpt><trkpt lat="47.60863120" lon="19.14691110"><ele>136.89</ele><time>2025-10-20T13:37:04.828Z</time></trkpt><trkpt lat="47.60863130" lon="19.14691110"><ele>136.89</ele><time>2025-10-20T13:37:05.028Z</time></trkpt><trkpt lat="47.60863130" lon="19.14691120"><ele>136.89</ele><time>2025-10-20T13:37:05.228Z</time></trkpt><trkpt lat="47.60863140" lon="19.14691120"><ele>136.89</ele><time>2025-10-20T13:37:05.411Z</time></trkpt><trkpt lat="47.60863140" lon="19.14691120"><ele>136.89</ele><time>2025-10-20T13:37:05.612Z</time></trkpt><trkpt lat="47.60863140" lon="19.14691120"><ele>136.89</ele><time>2025-10-20T13:37:05.813Z</time></trkpt><trkpt lat="47.60863140" lon="19.14691120"><ele>136.89</ele><time>2025-10-20T13:37:06.013Z</time></trkpt></trkseg></trk></gpx>