<?xml version='1.0' encoding='utf-8'?>
<gpx version="1.1" creator="converttogpx.py" xmlns="http://www.topografix.com/GPX/1/1" xmlns:xsi="http://www.w3.org/2001/XMLSchema-instance" xsi:schemaLocation="http://www.topografix.com/GPX/1/1 http://www.topografix.com/GPX/1/1/gpx.xsd"><trk><name>drone78 20251020-003</name><trkseg><trkpt lat="47.60863600" lon="19.14697360"><ele>136.76</ele><time>1980-01-07T12:08:30.699Z</time></trkpt><trkpt lat="47.60863600" lon="19.14697350"><ele>136.75</ele><time>1980-01-07T12:08:30.900Z</time></trkpt><trkpt lat="47.60863600" lon="19.14697350"><ele>136.75</ele><time>1980-01-07T12:08:31.100Z</time></trkpt><trkpt lat="47.60863600" lon="19.14697350"><ele>136.75</ele><time>1980-01-07T12:08:31.300Z</time></trkpt><trkpt lat="47.60863600" lon="19.14697350"><ele>136.76</ele><time>1980-01-07T12:08:31.502Z</time></trkpt><trkpt lat="47.60863600" lon="19.14697350"><ele>136.76</ele><time>1980-01-07T12:08:31.705Z</time></trkpt><trkpt lat="47.60863590" lon="19.14697350"><ele>136.76</ele><time>1980-01-07T12:08:31.903Z</time></trkpt><trkpt lat="47.60863590" lon="19.14697350"><ele>136.76</ele><time>1980-01-07T12:08:32.103Z</time></trkpt><trkpt lat="47.60863580" lon="19.14697350"><ele>136.76</ele><time>1980-01-07T12:08:32.302Z</time></trkpt><trkpt lat="47.60863580" lon="19.14697350"><ele>136.77</ele><time>1980-01-07T12:08:32.504Z</time></trkpt><trkpt lat="47.60863580" lon="19.14697340"><ele>136.77</ele><time>1980-01-07T12:08:32.703Z</time></trkpt><trkpt lat="47.60863570" lon="19.14697340"><ele>136.77</ele><time>1980-01-07T12:08:32.904Z</time></trkpt><trkpt lat="47.60863570" lon="19.14697340"><ele>136.77</ele><time>1980-01-07T12:08:33.104Z</time></trkpt><trkpt lat="47.60863570" lon="19.14697340"><ele>136.77</ele><time>1980-01-07T12:08:33.305Z</time></trkpt><trkpt lat="47.60863570" lon="19.14697340"><ele>136.77</ele><time>1980-01-07T12:08:33.506Z</time></trkpt><trkpt lat="47.60863570" lon="19.14697340"><ele>136.77</ele><time>1980-01-07T12:08:33.705Z</time></trkpt><trkpt lat="47.60863570" lon="19.14697340"><ele>136.77</ele><time>1980-01-07T12:08:33.906Z</time></trkpt><trkpt lat="47.60863570" lon="19.14697340"><ele>136.77</ele><time>1980-01-07T12:08:34.105Z</time></trkpt><trkpt lat="47.60863570" lon="19.14697340"><ele>136.77</ele><time>1980-01-07T12:08:34.305Z</time></trkpt><trkpt lat="47.60863580" lon="19.14697340"><ele>136.77</ele><time>1980-01-07T12:08:34.505Z</time></trkpt><trkpt lat="47.60863580" lon="19.14697330"><ele>136.77</ele><time>1980-01-07T12:08:34.705Z</time></trkpt><trkpt lat="47.60863590" lon="19.14697340"><ele>136.76</ele><time>1980-01-07T12:08:34.905Z</time></trkpt><trkpt lat="47.60863590" lon="19.14697330"><ele>136.76</ele><time>1980-01-07T12:08:35.105Z</time></trkpt><trkpt lat="47.60863600" lon="19.14697330"><ele>136.77</ele><time>1980-01-07T12:08:35.305Z</time></trkpt><trkpt lat="47.60863600" lon="19.14697330"><ele>136.77</ele><time>1980-01-07T12:08:35.505Z</time></trkpt><trkpt lat="47.60863600" lon="19.14697330"><ele>136.77</ele><time>1980-01-07T12:08:35.705Z</time></trkpt><trkpt lat="47.60863610" lon="19.14697330"><ele>136.77</ele><time>1980-01-07T12:08:35.905Z</time></trkpt><trkpt lat="47.60863610" lon="19.14697330"><ele>136.78</ele><time>1980-01-07T12:08:36.105Z</time></trkpt><trkpt lat="47.60863610" lon="19.14697320"><ele>136.78</ele><time>1980-01-07T12:08:36.305Z</time></trkpt><trkpt lat="47.60863610" lon="19.14697320"><ele>136.78</ele><time>1980-01-07T12:08:36.505Z</time></trkpt><trkpt lat="47.60863610" lon="19.14697320"><ele>136.78</ele><time>1980-01-07T12:08:36.705Z</time></trkpt><trkpt lat="47.60863610" lon="19.14697320"><ele>136.78</ele><time>1980-01-07T12:08:36.905Z</time></trkpt><trkpt lat="47.60863610" lon="19.14697330"><ele>136.79</ele><time>1980-01-07T12:08:37.105Z</time></trkpt><trkpt lat="47.60863600" lon="19.14697320"><ele>136.79</ele><time>1980-01-07T12:08:37.305Z</time></trkpt><trkpt lat="47.60863600" lon="19.14697310"><ele>136.79</ele><time>1980-01-07T12:08:37.505Z</time></trkpt><trkpt lat="47.60863590" lon="19.14697280"><ele>136.93</ele><time>1980-01-07T12:08:37.713Z</time></trkpt><trkpt lat="47.60863580" lon="19.14697230"><ele>137.27</ele><time>1980-01-07T12:08:37.913Z</time></trkpt><trkpt lat="47.60863580" lon="19.14697150"><ele>137.70</ele><time>1980-01-07T12:08:38.116Z</time></trkpt><trkpt lat="47.60863610" lon="19.14697080"><ele>138.17</ele><time>1980-01-07T12:08:38.315Z</time></trkpt><trkpt lat="47.60863660" lon="19.14697010"><ele>138.70</ele><time>1980-01-07T12:08:38.515Z</time></trkpt><trkpt lat="47.60863730" lon="19.14696940"><ele>139.25</ele><time>1980-01-07T12:08:38.715Z</time></trkpt><trkpt lat="47.60863800" lon="19.14696890"><ele>139.75</ele><time>1980-01-07T12:08:38.915Z</time></trkpt><trkpt lat="47.60863850" lon="19.14696860"><ele>140.19</ele><time>1980-01-07T12:08:39.116Z</time></trkpt><trkpt lat="47.60863870" lon="19.14696860"><ele>140.64</ele><time>1980-01-07T12:08:39.313Z</time></trkpt><trkpt lat="47.60863860" lon="19.14696920"><ele>141.15</ele><time>1980-01-07T12:08:39.514Z</time></trkpt><trkpt lat="47.60863830" lon="19.14696980"><ele>141.59</ele><time>1980-01-07T12:08:39.715Z</time></trkpt><trkpt lat="47.60863790" lon="19.14697070"><ele>142.13</ele><time>1980-01-07T12:08:39.915Z</time></trkpt><trkpt lat="47.60863740" lon="19.14697160"><ele>142.61</ele><time>1980-01-07T12:08:40.115Z</time></trkpt><trkpt lat="47.60863700" lon="19.14697260"><ele>143.10</ele><time>1980-01-07T12:08:40.315Z</time></trkpt><trkpt lat="47.60863650" lon="19.14697340"><ele>143.57</ele><time>1980-01-07T12:08:40.525Z</time></trkpt><trkpt lat="47.60863610" lon="19.14697420"><ele>144.03</ele><time>1980-01-07T12:08:40.715Z</time></trkpt><trkpt lat="47.60863580" lon="19.14697500"><ele>144.49</ele><time>1980-01-07T12:08:40.925Z</time></trkpt><trkpt lat="47.60863550" lon="19.14697580"><ele>144.89</ele><time>1980-01-07T12:08:41.119Z</time></trkpt><trkpt lat="47.60863520" lon="19.14697650"><ele>145.34</ele><time>1980-01-07T12:08:41.325Z</time></trkpt><trkpt lat="47.60863490" lon="19.14697710"><ele>145.76</ele><time>1980-01-07T12:08:41.525Z</time></trkpt><trkpt lat="47.60863450" lon="19.14697760"><ele>146.17</ele><time>1980-01-07T12:08:41.715Z</time></trkpt><trkpt lat="47.60863400" lon="19.14697800"><ele>146.58</ele><time>1980-01-07T12:08:41.925Z</time></trkpt><trkpt lat="47.60863340" lon="19.14697840"><ele>147.00</ele><time>1980-01-07T12:08:42.125Z</time></trkpt><trkpt lat="47.60863280" lon="19.14697870"><ele>147.43</ele><time>1980-01-07T12:08:42.325Z</time></trkpt><trkpt lat="47.60863240" lon="19.14697900"><ele>147.86</ele><time>1980-01-07T12:08:42.525Z</time></trkpt><trkpt lat="47.60863200" lon="19.14697920"><ele>148.27</ele><time>1980-01-07T12:08:42.725Z</time></trkpt><trkpt lat="47.60863180" lon="19.14697930"><ele>148.67</ele><time>1980-01-07T12:08:42.935Z</time></trkpt><trkpt lat="47.60863180" lon="19.14697930"><ele>148.97</ele><time>1980-01-07T12:08:43.125Z</time></trkpt><trkpt lat="47.60863190" lon="19.14697920"><ele>149.51</ele><time>1980-01-07T12:08:43.325Z</time></trkpt><trkpt lat="47.60863210" lon="19.14697910"><ele>149.94</ele><time>1980-01-07T12:08:43.535Z</time></trkpt><trkpt lat="47.60863230" lon="19.14697880"><ele>150.36</ele><time>1980-01-07T12:08:43.745Z</time></trkpt><trkpt lat="47.60863250" lon="19.14697800"><ele>150.77</ele><time>1980-01-07T12:08:43.956Z</time></trkpt><trkpt lat="47.60863280" lon="19.14697680"><ele>151.17</ele><time>1980-01-07T12:08:44.146Z</time></trkpt><trkpt lat="47.60863290" lon="19.14697540"><ele>151.57</ele><time>1980-01-07T12:08:44.355Z</time></trkpt><trkpt lat="47.60863300" lon="19.14697400"><ele>151.98</ele><time>1980-01-07T12:08:44.555Z</time></trkpt><trkpt lat="47.60863310" lon="19.14697300"><ele>152.31</ele><time>1980-01-07T12:08:44.750Z</time></trkpt><trkpt lat="47.60863330" lon="19.14697170"><ele>152.78</ele><time>1980-01-07T12:08:44.950Z</time></trkpt><trkpt lat="47.60863350" lon="19.14697090"><ele>153.11</ele><time>1980-01-07T12:08:45.155Z</time></trkpt><trkpt lat="47.60863360" lon="19.14697010"><ele>153.57</ele><time>1980-01-07T12:08:45.355Z</time></trkpt><trkpt lat="47.60863370" lon="19.14696970"><ele>153.98</ele><time>1980-01-07T12:08:45.555Z</time></trkpt><trkpt lat="47.60863370" lon="19.14696940"><ele>154.39</ele><time>1980-01-07T12:08:45.755Z</time></trkpt><trkpt lat="47.60863390" lon="19.14696950"><ele>154.84</ele><time>1980-01-07T12:08:45.959Z</time></trkpt><trkpt lat="47.60863400" lon="19.14696980"><ele>155.24</ele><time>1980-01-07T12:08:46.155Z</time></trkpt><trkpt lat="47.60863420" lon="19.14697030"><ele>155.65</ele><time>1980-01-07T12:08:46.355Z</time></trkpt><trkpt lat="47.60863430" lon="19.14697080"><ele>156.03</ele><time>1980-01-07T12:08:46.560Z</time></trkpt><trkpt lat="47.60863460" lon="19.14697160"><ele>156.49</ele><time>1980-01-07T12:08:46.761Z</time></trkpt><trkpt lat="47.60863480" lon="19.14697210"><ele>156.90</ele><time>1980-01-07T12:08:46.962Z</time></trkpt><trkpt lat="47.60863520" lon="19.14697270"><ele>157.31</ele><time>1980-01-07T12:08:47.165Z</time></trkpt><trkpt lat="47.60863560" lon="19.14697320"><ele>157.71</ele><time>1980-01-07T12:08:47.365Z</time></trkpt><trkpt lat="47.60863590" lon="19.14697360"><ele>158.10</ele><time>1980-01-07T12:08:47.565Z</time></trkpt><trkpt lat="47.60863630" lon="19.14697400"><ele>158.50</ele><time>1980-01-07T12:08:47.765Z</time></trkpt><trkpt lat="47.60863670" lon="19.14697430"><ele>158.89</ele><time>1980-01-07T12:08:47.965Z</time></trkpt><trkpt lat="47.60863690" lon="19.14697460"><ele>159.31</ele><time>1980-01-07T12:08:48.174Z</time></trkpt><trkpt lat="47.60863710" lon="19.14697470"><ele>159.71</ele><time>1980-01-07T12:08:48.375Z</time></trkpt><trkpt lat="47.60863720" lon="19.14697480"><ele>160.10</ele><time>1980-01-07T12:08:48.576Z</time></trkpt><trkpt lat="47.60863720" lon="19.14697490"><ele>160.49</ele><time>1980-01-07T12:08:48.779Z</time></trkpt><trkpt lat="47.60863710" lon="19.14697500"><ele>160.89</ele><time>1980-01-07T12:08:48.979Z</time></trkpt><trkpt lat="47.60863690" lon="19.14697500"><ele>161.31</ele><time>1980-01-07T12:08:49.182Z</time></trkpt><trkpt lat="47.60863670" lon="19.14697520"><ele>161.72</ele><time>1980-01-07T12:08:49.385Z</time></trkpt><trkpt lat="47.60863650" lon="19.14697540"><ele>162.12</ele><time>1980-01-07T12:08:49.585Z</time></trkpt><trkpt lat="47.60863620" lon="19.14697580"><ele>162.52</ele><time>1980-01-07T12:08:49.785Z</time></trkpt><trkpt lat="47.60863590" lon="19.14697630"><ele>162.93</ele><time>1980-01-07T12:08:49.985Z</time></trkpt><trkpt lat="47.60863560" lon="19.14697670"><ele>163.29</ele><time>1980-01-07T12:08:50.185Z</time></trkpt><trkpt lat="47.60863530" lon="19.14697710"><ele>163.72</ele><time>1980-01-07T12:08:50.383Z</time></trkpt><trkpt lat="47.60863500" lon="19.14697740"><ele>164.12</ele><time>1980-01-07T12:08:50.584Z</time></trkpt><trkpt lat="47.60863470" lon="19.14697770"><ele>164.54</ele><time>1980-01-07T12:08:50.785Z</time></trkpt><trkpt lat="47.60863450" lon="19.14697800"><ele>164.96</ele><time>1980-01-07T12:08:50.985Z</time></trkpt><trkpt lat="47.60863450" lon="19.14697830"><ele>165.37</ele><time>1980-01-07T12:08:51.185Z</time></trkpt><trkpt lat="47.60863460" lon="19.14697850"><ele>165.72</ele><time>1980-01-07T12:08:51.379Z</time></trkpt><trkpt lat="47.60863460" lon="19.14697870"><ele>166.08</ele><time>1980-01-07T12:08:51.582Z</time></trkpt><trkpt lat="47.60863460" lon="19.14697880"><ele>166.53</ele><time>1980-01-07T12:08:51.784Z</time></trkpt><trkpt lat="47.60863460" lon="19.14697890"><ele>166.94</ele><time>1980-01-07T12:08:51.986Z</time></trkpt><trkpt lat="47.60863460" lon="19.14697880"><ele>167.34</ele><time>1980-01-07T12:08:52.185Z</time></trkpt><trkpt lat="47.60863440" lon="19.14697880"><ele>167.73</ele><time>1980-01-07T12:08:52.385Z</time></trkpt><trkpt lat="47.60863410" lon="19.14697860"><ele>168.11</ele><time>1980-01-07T12:08:52.585Z</time></trkpt><trkpt lat="47.60863370" lon="19.14697840"><ele>168.52</ele><time>1980-01-07T12:08:52.785Z</time></trkpt><trkpt lat="47.60863350" lon="19.14697810"><ele>168.93</ele><time>1980-01-07T12:08:52.985Z</time></trkpt><trkpt lat="47.60863340" lon="19.14697790"><ele>169.32</ele><time>1980-01-07T12:08:53.185Z</time></trkpt><trkpt lat="47.60863350" lon="19.14697760"><ele>169.72</ele><time>1980-01-07T12:08:53.381Z</time></trkpt><trkpt lat="47.60863370" lon="19.14697730"><ele>170.10</ele><time>1980-01-07T12:08:53.582Z</time></trkpt><trkpt lat="47.60863390" lon="19.14697670"><ele>170.47</ele><time>1980-01-07T12:08:53.784Z</time></trkpt><trkpt lat="47.60863410" lon="19.14697610"><ele>170.86</ele><time>1980-01-07T12:08:53.986Z</time></trkpt><trkpt lat="47.60863430" lon="19.14697540"><ele>171.28</ele><time>1980-01-07T12:08:54.185Z</time></trkpt><trkpt lat="47.60863450" lon="19.14697470"><ele>171.67</ele><time>1980-01-07T12:08:54.385Z</time></trkpt><trkpt lat="47.60863470" lon="19.14697410"><ele>172.07</ele><time>1980-01-07T12:08:54.595Z</time></trkpt><trkpt lat="47.60863490" lon="19.14697360"><ele>172.48</ele><time>1980-01-07T12:08:54.795Z</time></trkpt><trkpt lat="47.60863500" lon="19.14697310"><ele>172.88</ele><time>1980-01-07T12:08:54.995Z</time></trkpt><trkpt lat="47.60863520" lon="19.14697280"><ele>173.28</ele><time>1980-01-07T12:08:55.195Z</time></trkpt><trkpt lat="47.60863520" lon="19.14697250"><ele>173.61</ele><time>1980-01-07T12:08:55.395Z</time></trkpt><trkpt lat="47.60863540" lon="19.14697210"><ele>174.09</ele><time>1980-01-07T12:08:55.595Z</time></trkpt><trkpt lat="47.60863550" lon="19.14697180"><ele>174.47</ele><time>1980-01-07T12:08:55.795Z</time></trkpt><trkpt lat="47.60863560" lon="19.14697140"><ele>174.87</ele><time>1980-01-07T12:08:55.995Z</time></trkpt><trkpt lat="47.60863570" lon="19.14697100"><ele>175.27</ele><time>1980-01-07T12:08:56.195Z</time></trkpt><trkpt lat="47.60863560" lon="19.14697050"><ele>175.67</ele><time>1980-01-07T12:08:56.395Z</time></trkpt><trkpt lat="47.60863560" lon="19.14697010"><ele>175.95</ele><time>1980-01-07T12:08:56.599Z</time></trkpt><trkpt lat="47.60863540" lon="19.14696960"><ele>176.36</ele><time>1980-01-07T12:08:56.803Z</time></trkpt><trkpt lat="47.60863530" lon="19.14696920"><ele>176.81</ele><time>1980-01-07T12:08:57.000Z</time></trkpt><trkpt lat="47.60863530" lon="19.14696890"><ele>177.20</ele><time>1980-01-07T12:08:57.205Z</time></trkpt><trkpt lat="47.60863530" lon="19.14696870"><ele>177.60</ele><time>1980-01-07T12:08:57.405Z</time></trkpt><trkpt lat="47.60863540" lon="19.14696870"><ele>178.04</ele><time>1980-01-07T12:08:57.605Z</time></trkpt><trkpt lat="47.60863550" lon="19.14696860"><ele>178.44</ele><time>1980-01-07T12:08:57.805Z</time></trkpt><trkpt lat="47.60863560" lon="19.14696850"><ele>178.80</ele><time>1980-01-07T12:08:58.000Z</time></trkpt><trkpt lat="47.60863570" lon="19.14696820"><ele>179.23</ele><time>1980-01-07T12:08:58.201Z</time></trkpt><trkpt lat="47.60863590" lon="19.14696800"><ele>179.63</ele><time>1980-01-07T12:08:58.403Z</time></trkpt><trkpt lat="47.60863600" lon="19.14696780"><ele>179.99</ele><time>1980-01-07T12:08:58.604Z</time></trkpt><trkpt lat="47.60863610" lon="19.14696770"><ele>180.43</ele><time>1980-01-07T12:08:58.805Z</time></trkpt><trkpt lat="47.60863620" lon="19.14696760"><ele>180.84</ele><time>1980-01-07T12:08:59.002Z</time></trkpt><trkpt lat="47.60863630" lon="19.14696760"><ele>181.23</ele><time>1980-01-07T12:08:59.205Z</time></trkpt><trkpt lat="47.60863620" lon="19.14696760"><ele>181.63</ele><time>1980-01-07T12:08:59.405Z</time></trkpt><trkpt lat="47.60863610" lon="19.14696770"><ele>182.02</ele><time>1980-01-07T12:08:59.605Z</time></trkpt><trkpt lat="47.60863590" lon="19.14696780"><ele>182.41</ele><time>1980-01-07T12:08:59.805Z</time></trkpt><trkpt lat="47.60863550" lon="19.14696820"><ele>182.81</ele><time>1980-01-07T12:09:00.005Z</time></trkpt><trkpt lat="47.60863510" lon="19.14696870"><ele>183.19</ele><time>1980-01-07T12:09:00.205Z</time></trkpt><trkpt lat="47.60863470" lon="19.14696930"><ele>183.60</ele><time>1980-01-07T12:09:00.405Z</time></trkpt><trkpt lat="47.60863430" lon="19.14696990"><ele>184.02</ele><time>1980-01-07T12:09:00.605Z</time></trkpt><trkpt lat="47.60863390" lon="19.14697050"><ele>184.42</ele><time>1980-01-07T12:09:00.805Z</time></trkpt><trkpt lat="47.60863360" lon="19.14697090"><ele>184.79</ele><time>1980-01-07T12:09:01.003Z</time></trkpt><trkpt lat="47.60863350" lon="19.14697130"><ele>185.18</ele><time>1980-01-07T12:09:01.204Z</time></trkpt><trkpt lat="47.60863340" lon="19.14697170"><ele>185.58</ele><time>1980-01-07T12:09:01.405Z</time></trkpt><trkpt lat="47.60863340" lon="19.14697200"><ele>185.94</ele><time>1980-01-07T12:09:01.605Z</time></trkpt><trkpt lat="47.60863340" lon="19.14697220"><ele>186.34</ele><time>1980-01-07T12:09:01.805Z</time></trkpt><trkpt lat="47.60863360" lon="19.14697230"><ele>186.75</ele><time>1980-01-07T12:09:02.005Z</time></trkpt><trkpt lat="47.60863370" lon="19.14697220"><ele>187.19</ele><time>1980-01-07T12:09:02.205Z</time></trkpt><trkpt lat="47.60863370" lon="19.14697200"><ele>187.59</ele><time>1980-01-07T12:09:02.405Z</time></trkpt><trkpt lat="47.60863380" lon="19.14697180"><ele>188.00</ele><time>1980-01-07T12:09:02.605Z</time></trkpt><trkpt lat="47.60863380" lon="19.14697170"><ele>188.40</ele><time>1980-01-07T12:09:02.805Z</time></trkpt><trkpt lat="47.60863380" lon="19.14697160"><ele>188.77</ele><time>1980-01-07T12:09:03.003Z</time></trkpt><trkpt lat="47.60863380" lon="19.14697150"><ele>189.19</ele><time>1980-01-07T12:09:03.205Z</time></trkpt><trkpt lat="47.60863380" lon="19.14697140"><ele>189.60</ele><time>1980-01-07T12:09:03.405Z</time></trkpt><trkpt lat="47.60863380" lon="19.14697120"><ele>190.01</ele><time>1980-01-07T12:09:03.605Z</time></trkpt><trkpt lat="47.60863380" lon="19.14697110"><ele>190.40</ele><time>1980-01-07T12:09:03.805Z</time></trkpt><trkpt lat="47.60863380" lon="19.14697090"><ele>190.72</ele><time>1980-01-07T12:09:04.015Z</time></trkpt><trkpt lat="47.60863380" lon="19.14697070"><ele>191.21</ele><time>1980-01-07T12:09:04.225Z</time></trkpt><trkpt lat="47.60863390" lon="19.14697060"><ele>191.63</ele><time>1980-01-07T12:09:04.435Z</time></trkpt><trkpt lat="47.60863390" lon="19.14697050"><ele>192.04</ele><time>1980-01-07T12:09:04.635Z</time></trkpt><trkpt lat="47.60863400" lon="19.14697050"><ele>192.45</ele><time>1980-01-07T12:09:04.845Z</time></trkpt><trkpt lat="47.60863400" lon="19.14697050"><ele>192.85</ele><time>1980-01-07T12:09:05.039Z</time></trkpt><trkpt lat="47.60863410" lon="19.14697050"><ele>193.22</ele><time>1980-01-07T12:09:05.235Z</time></trkpt><trkpt lat="47.60863410" lon="19.14697040"><ele>193.53</ele><time>1980-01-07T12:09:05.435Z</time></trkpt><trkpt lat="47.60863420" lon="19.14697030"><ele>193.96</ele><time>1980-01-07T12:09:05.644Z</time></trkpt><trkpt lat="47.60863430" lon="19.14697020"><ele>194.34</ele><time>1980-01-07T12:09:05.845Z</time></trkpt><trkpt lat="47.60863450" lon="19.14697010"><ele>194.74</ele><time>1980-01-07T12:09:06.039Z</time></trkpt><trkpt lat="47.60863460" lon="19.14696990"><ele>195.15</ele><time>1980-01-07T12:09:06.239Z</time></trkpt><trkpt lat="47.60863480" lon="19.14696980"><ele>195.51</ele><time>1980-01-07T12:09:06.443Z</time></trkpt><trkpt lat="47.60863500" lon="19.14696950"><ele>195.95</ele><time>1980-01-07T12:09:06.644Z</time></trkpt><trkpt lat="47.60863520" lon="19.14696910"><ele>196.34</ele><time>1980-01-07T12:09:06.845Z</time></trkpt><trkpt lat="47.60863530" lon="19.14696880"><ele>196.70</ele><time>1980-01-07T12:09:07.045Z</time></trkpt><trkpt lat="47.60863540" lon="19.14696850"><ele>196.92</ele><time>1980-01-07T12:09:07.245Z</time></trkpt><trkpt lat="47.60863550" lon="19.14696820"><ele>197.08</ele><time>1980-01-07T12:09:07.445Z</time></trkpt><trkpt lat="47.60863560" lon="19.14696800"><ele>197.15</ele><time>1980-01-07T12:09:07.645Z</time></trkpt><trkpt lat="47.60863530" lon="19.14696780"><ele>197.11</ele><time>1980-01-07T12:09:07.845Z</time></trkpt><trkpt lat="47.60863450" lon="19.14696740"><ele>197.00</ele><time>1980-01-07T12:09:08.055Z</time></trkpt><trkpt lat="47.60863280" lon="19.14696680"><ele>196.89</ele><time>1980-01-07T12:09:08.255Z</time></trkpt><trkpt lat="47.60862970" lon="19.14696600"><ele>196.82</ele><time>1980-01-07T12:09:08.455Z</time></trkpt><trkpt lat="47.60862580" lon="19.14696520"><ele>196.77</ele><time>1980-01-07T12:09:08.665Z</time></trkpt><trkpt lat="47.60861950" lon="19.14696390"><ele>196.73</ele><time>1980-01-07T12:09:08.865Z</time></trkpt><trkpt lat="47.60861190" lon="19.14696260"><ele>196.70</ele><time>1980-01-07T12:09:09.065Z</time></trkpt><trkpt lat="47.60860430" lon="19.14696130"><ele>196.67</ele><time>1980-01-07T12:09:09.259Z</time></trkpt><trkpt lat="47.60859280" lon="19.14695930"><ele>196.66</ele><time>1980-01-07T12:09:09.461Z</time></trkpt><trkpt lat="47.60858140" lon="19.14695730"><ele>196.64</ele><time>1980-01-07T12:09:09.655Z</time></trkpt><trkpt lat="47.60856920" lon="19.14695520"><ele>196.63</ele><time>1980-01-07T12:09:09.855Z</time></trkpt><trkpt lat="47.60855670" lon="19.14695300"><ele>196.63</ele><time>1980-01-07T12:09:10.063Z</time></trkpt><trkpt lat="47.60854350" lon="19.14695050"><ele>196.63</ele><time>1980-01-07T12:09:10.265Z</time></trkpt><trkpt lat="47.60853170" lon="19.14694830"><ele>196.61</ele><time>1980-01-07T12:09:10.465Z</time></trkpt><trkpt lat="47.60851670" lon="19.14694520"><ele>196.60</ele><time>1980-01-07T12:09:10.665Z</time></trkpt><trkpt lat="47.60850430" lon="19.14694250"><ele>196.60</ele><time>1980-01-07T12:09:10.856Z</time></trkpt><trkpt lat="47.60849030" lon="19.14693930"><ele>196.59</ele><time>1980-01-07T12:09:11.055Z</time></trkpt><trkpt lat="47.60847640" lon="19.14693610"><ele>196.59</ele><time>1980-01-07T12:09:11.255Z</time></trkpt><trkpt lat="47.60846210" lon="19.14693280"><ele>196.59</ele><time>1980-01-07T12:09:11.455Z</time></trkpt><trkpt lat="47.60844800" lon="19.14692940"><ele>196.59</ele><time>1980-01-07T12:09:11.656Z</time></trkpt><trkpt lat="47.60843380" lon="19.14692600"><ele>196.59</ele><time>1980-01-07T12:09:11.856Z</time></trkpt><trkpt lat="47.60842100" lon="19.14692290"><ele>196.58</ele><time>1980-01-07T12:09:12.065Z</time></trkpt><trkpt lat="47.60840510" lon="19.14691900"><ele>196.57</ele><time>1980-01-07T12:09:12.265Z</time></trkpt><trkpt lat="47.60839070" lon="19.14691550"><ele>196.56</ele><time>1980-01-07T12:09:12.465Z</time></trkpt><trkpt lat="47.60837650" lon="19.14691200"><ele>196.55</ele><time>1980-01-07T12:09:12.665Z</time></trkpt><trkpt lat="47.60836370" lon="19.14690880"><ele>196.54</ele><time>1980-01-07T12:09:12.865Z</time></trkpt><trkpt lat="47.60835090" lon="19.14690560"><ele>196.54</ele><time>1980-01-07T12:09:13.057Z</time></trkpt><trkpt lat="47.60833450" lon="19.14690140"><ele>196.53</ele><time>1980-01-07T12:09:13.257Z</time></trkpt><trkpt lat="47.60832020" lon="19.14689760"><ele>196.51</ele><time>1980-01-07T12:09:13.465Z</time></trkpt><trkpt lat="47.60830590" lon="19.14689370"><ele>196.50</ele><time>1980-01-07T12:09:13.657Z</time></trkpt><trkpt lat="47.60829320" lon="19.14689020"><ele>196.49</ele><time>1980-01-07T12:09:13.858Z</time></trkpt><trkpt lat="47.60827980" lon="19.14688650"><ele>196.49</ele><time>1980-01-07T12:09:14.057Z</time></trkpt><trkpt lat="47.60826430" lon="19.14688230"><ele>196.49</ele><time>1980-01-07T12:09:14.265Z</time></trkpt><trkpt lat="47.60824980" lon="19.14687840"><ele>196.49</ele><time>1980-01-07T12:09:14.465Z</time></trkpt><trkpt lat="47.60823670" lon="19.14687500"><ele>196.48</ele><time>1980-01-07T12:09:14.660Z</time></trkpt><trkpt lat="47.60822240" lon="19.14687130"><ele>196.49</ele><time>1980-01-07T12:09:14.861Z</time></trkpt><trkpt lat="47.60820810" lon="19.14686770"><ele>196.49</ele><time>1980-01-07T12:09:15.060Z</time></trkpt><trkpt lat="47.60819310" lon="19.14686390"><ele>196.48</ele><time>1980-01-07T12:09:15.265Z</time></trkpt><trkpt lat="47.60817900" lon="19.14686040"><ele>196.47</ele><time>1980-01-07T12:09:15.457Z</time></trkpt><trkpt lat="47.60816630" lon="19.14685730"><ele>196.46</ele><time>1980-01-07T12:09:15.657Z</time></trkpt><trkpt lat="47.60815230" lon="19.14685380"><ele>196.45</ele><time>1980-01-07T12:09:15.857Z</time></trkpt><trkpt lat="47.60813820" lon="19.14685050"><ele>196.43</ele><time>1980-01-07T12:09:16.057Z</time></trkpt><trkpt lat="47.60812370" lon="19.14684690"><ele>196.42</ele><time>1980-01-07T12:09:16.265Z</time></trkpt><trkpt lat="47.60810950" lon="19.14684330"><ele>196.40</ele><time>1980-01-07T12:09:16.465Z</time></trkpt><trkpt lat="47.60809530" lon="19.14683980"><ele>196.39</ele><time>1980-01-07T12:09:16.665Z</time></trkpt><trkpt lat="47.60808130" lon="19.14683650"><ele>196.39</ele><time>1980-01-07T12:09:16.865Z</time></trkpt><trkpt lat="47.60806720" lon="19.14683330"><ele>196.39</ele><time>1980-01-07T12:09:17.065Z</time></trkpt><trkpt lat="47.60805260" lon="19.14683020"><ele>196.39</ele><time>1980-01-07T12:09:17.265Z</time></trkpt><trkpt lat="47.60803940" lon="19.14682760"><ele>196.39</ele><time>1980-01-07T12:09:17.465Z</time></trkpt><trkpt lat="47.60802370" lon="19.14682440"><ele>196.39</ele><time>1980-01-07T12:09:17.668Z</time></trkpt><trkpt lat="47.60801070" lon="19.14682180"><ele>196.37</ele><time>1980-01-07T12:09:17.869Z</time></trkpt><trkpt lat="47.60799630" lon="19.14681890"><ele>196.36</ele><time>1980-01-07T12:09:18.073Z</time></trkpt><trkpt lat="47.60798030" lon="19.14681560"><ele>196.34</ele><time>1980-01-07T12:09:18.275Z</time></trkpt><trkpt lat="47.60796730" lon="19.14681280"><ele>196.34</ele><time>1980-01-07T12:09:18.473Z</time></trkpt><trkpt lat="47.60795290" lon="19.14680970"><ele>196.33</ele><time>1980-01-07T12:09:18.673Z</time></trkpt><trkpt lat="47.60793840" lon="19.14680650"><ele>196.33</ele><time>1980-01-07T12:09:18.873Z</time></trkpt><trkpt lat="47.60792380" lon="19.14680320"><ele>196.35</ele><time>1980-01-07T12:09:19.073Z</time></trkpt><trkpt lat="47.60790940" lon="19.14679990"><ele>196.39</ele><time>1980-01-07T12:09:19.275Z</time></trkpt><trkpt lat="47.60789670" lon="19.14679700"><ele>196.44</ele><time>1980-01-07T12:09:19.475Z</time></trkpt><trkpt lat="47.60788490" lon="19.14679430"><ele>196.47</ele><time>1980-01-07T12:09:19.675Z</time></trkpt><trkpt lat="47.60787470" lon="19.14679200"><ele>196.50</ele><time>1980-01-07T12:09:19.875Z</time></trkpt><trkpt lat="47.60786620" lon="19.14679000"><ele>196.51</ele><time>1980-01-07T12:09:20.075Z</time></trkpt><trkpt lat="47.60785950" lon="19.14678830"><ele>196.48</ele><time>1980-01-07T12:09:20.275Z</time></trkpt><trkpt lat="47.60785450" lon="19.14678700"><ele>196.46</ele><time>1980-01-07T12:09:20.477Z</time></trkpt><trkpt lat="47.60785140" lon="19.14678600"><ele>196.42</ele><time>1980-01-07T12:09:20.685Z</time></trkpt><trkpt lat="47.60784950" lon="19.14678500"><ele>196.38</ele><time>1980-01-07T12:09:20.885Z</time></trkpt><trkpt lat="47.60784890" lon="19.14678390"><ele>196.34</ele><time>1980-01-07T12:09:21.085Z</time></trkpt><trkpt lat="47.60784930" lon="19.14678310"><ele>196.30</ele><time>1980-01-07T12:09:21.279Z</time></trkpt><trkpt lat="47.60785050" lon="19.14678240"><ele>196.27</ele><time>1980-01-07T12:09:21.485Z</time></trkpt><trkpt lat="47.60785260" lon="19.14678170"><ele>196.23</ele><time>1980-01-07T12:09:21.681Z</time></trkpt><trkpt lat="47.60785490" lon="19.14678130"><ele>196.22</ele><time>1980-01-07T12:09:21.881Z</time></trkpt><trkpt lat="47.60785760" lon="19.14678100"><ele>196.21</ele><time>1980-01-07T12:09:22.083Z</time></trkpt><trkpt lat="47.60786060" lon="19.14678090"><ele>196.20</ele><time>1980-01-07T12:09:22.284Z</time></trkpt><trkpt lat="47.60786360" lon="19.14678090"><ele>196.20</ele><time>1980-01-07T12:09:22.485Z</time></trkpt><trkpt lat="47.60786830" lon="19.14678110"><ele>196.18</ele><time>1980-01-07T12:09:22.685Z</time></trkpt><trkpt lat="47.60787280" lon="19.14678150"><ele>196.17</ele><time>1980-01-07T12:09:22.885Z</time></trkpt><trkpt lat="47.60787870" lon="19.14678230"><ele>196.16</ele><time>1980-01-07T12:09:23.085Z</time></trkpt><trkpt lat="47.60788570" lon="19.14678340"><ele>196.16</ele><time>1980-01-07T12:09:23.285Z</time></trkpt><trkpt lat="47.60789370" lon="19.14678470"><ele>196.16</ele><time>1980-01-07T12:09:23.485Z</time></trkpt><trkpt lat="47.60790240" lon="19.14678620"><ele>196.15</ele><time>1980-01-07T12:09:23.685Z</time></trkpt><trkpt lat="47.60791160" lon="19.14678790"><ele>196.15</ele><time>1980-01-07T12:09:23.885Z</time></trkpt><trkpt lat="47.60792120" lon="19.14678970"><ele>196.15</ele><time>1980-01-07T12:09:24.085Z</time></trkpt><trkpt lat="47.60793150" lon="19.14679190"><ele>196.16</ele><time>1980-01-07T12:09:24.285Z</time></trkpt><trkpt lat="47.60794140" lon="19.14679390"><ele>196.17</ele><time>1980-01-07T12:09:24.485Z</time></trkpt><trkpt lat="47.60795060" lon="19.14679610"><ele>196.18</ele><time>1980-01-07T12:09:24.685Z</time></trkpt><trkpt lat="47.60796050" lon="19.14679840"><ele>196.20</ele><time>1980-01-07T12:09:24.885Z</time></trkpt><trkpt lat="47.60797040" lon="19.14680070"><ele>196.21</ele><time>1980-01-07T12:09:25.085Z</time></trkpt><trkpt lat="47.60798010" lon="19.14680320"><ele>196.22</ele><time>1980-01-07T12:09:25.285Z</time></trkpt><trkpt lat="47.60798970" lon="19.14680570"><ele>196.23</ele><time>1980-01-07T12:09:25.485Z</time></trkpt><trkpt lat="47.60799900" lon="19.14680830"><ele>196.24</ele><time>1980-01-07T12:09:25.685Z</time></trkpt><trkpt lat="47.60800810" lon="19.14681080"><ele>196.24</ele><time>1980-01-07T12:09:25.885Z</time></trkpt><trkpt lat="47.60801690" lon="19.14681350"><ele>196.25</ele><time>1980-01-07T12:09:26.085Z</time></trkpt><trkpt lat="47.60802550" lon="19.14681620"><ele>196.26</ele><time>1980-01-07T12:09:26.285Z</time></trkpt><trkpt lat="47.60803370" lon="19.14681880"><ele>196.26</ele><time>1980-01-07T12:09:26.485Z</time></trkpt><trkpt lat="47.60804090" lon="19.14682110"><ele>196.26</ele><time>1980-01-07T12:09:26.685Z</time></trkpt><trkpt lat="47.60804860" lon="19.14682370"><ele>196.26</ele><time>1980-01-07T12:09:26.885Z</time></trkpt><trkpt lat="47.60805610" lon="19.14682620"><ele>196.28</ele><time>1980-01-07T12:09:27.085Z</time></trkpt><trkpt lat="47.60806370" lon="19.14682890"><ele>196.29</ele><time>1980-01-07T12:09:27.285Z</time></trkpt><trkpt lat="47.60807020" lon="19.14683130"><ele>196.30</ele><time>1980-01-07T12:09:27.485Z</time></trkpt><trkpt lat="47.60807770" lon="19.14683410"><ele>196.30</ele><time>1980-01-07T12:09:27.685Z</time></trkpt><trkpt lat="47.60808450" lon="19.14683670"><ele>196.30</ele><time>1980-01-07T12:09:27.885Z</time></trkpt><trkpt lat="47.60809110" lon="19.14683910"><ele>196.30</ele><time>1980-01-07T12:09:28.085Z</time></trkpt><trkpt lat="47.60809730" lon="19.14684140"><ele>196.30</ele><time>1980-01-07T12:09:28.285Z</time></trkpt><trkpt lat="47.60810390" lon="19.14684360"><ele>196.30</ele><time>1980-01-07T12:09:28.485Z</time></trkpt><trkpt lat="47.60811030" lon="19.14684580"><ele>196.30</ele><time>1980-01-07T12:09:28.685Z</time></trkpt><trkpt lat="47.60811700" lon="19.14684810"><ele>196.30</ele><time>1980-01-07T12:09:28.885Z</time></trkpt><trkpt lat="47.60812370" lon="19.14685020"><ele>196.31</ele><time>1980-01-07T12:09:29.085Z</time></trkpt><trkpt lat="47.60812960" lon="19.14685210"><ele>196.31</ele><time>1980-01-07T12:09:29.285Z</time></trkpt><trkpt lat="47.60813660" lon="19.14685410"><ele>196.31</ele><time>1980-01-07T12:09:29.485Z</time></trkpt><trkpt lat="47.60814260" lon="19.14685580"><ele>196.32</ele><time>1980-01-07T12:09:29.685Z</time></trkpt><trkpt lat="47.60815000" lon="19.14685770"><ele>196.32</ele><time>1980-01-07T12:09:29.885Z</time></trkpt><trkpt lat="47.60815610" lon="19.14685910"><ele>196.32</ele><time>1980-01-07T12:09:30.085Z</time></trkpt><trkpt lat="47.60816370" lon="19.14686090"><ele>196.33</ele><time>1980-01-07T12:09:30.285Z</time></trkpt><trkpt lat="47.60817060" lon="19.14686240"><ele>196.32</ele><time>1980-01-07T12:09:30.485Z</time></trkpt><trkpt lat="47.60817750" lon="19.14686380"><ele>196.31</ele><time>1980-01-07T12:09:30.685Z</time></trkpt><trkpt lat="47.60818460" lon="19.14686520"><ele>196.31</ele><time>1980-01-07T12:09:30.885Z</time></trkpt><trkpt lat="47.60819170" lon="19.14686640"><ele>196.31</ele><time>1980-01-07T12:09:31.085Z</time></trkpt><trkpt lat="47.60819890" lon="19.14686750"><ele>196.32</ele><time>1980-01-07T12:09:31.285Z</time></trkpt><trkpt lat="47.60820600" lon="19.14686860"><ele>196.32</ele><time>1980-01-07T12:09:31.485Z</time></trkpt><trkpt lat="47.60821240" lon="19.14686950"><ele>196.32</ele><time>1980-01-07T12:09:31.685Z</time></trkpt><trkpt lat="47.60821960" lon="19.14687070"><ele>196.33</ele><time>1980-01-07T12:09:31.884Z</time></trkpt><trkpt lat="47.60822600" lon="19.14687170"><ele>196.34</ele><time>1980-01-07T12:09:32.085Z</time></trkpt><trkpt lat="47.60823380" lon="19.14687300"><ele>196.34</ele><time>1980-01-07T12:09:32.285Z</time></trkpt><trkpt lat="47.60824100" lon="19.14687410"><ele>196.35</ele><time>1980-01-07T12:09:32.485Z</time></trkpt><trkpt lat="47.60824810" lon="19.14687530"><ele>196.35</ele><time>1980-01-07T12:09:32.685Z</time></trkpt><trkpt lat="47.60825510" lon="19.14687640"><ele>196.35</ele><time>1980-01-07T12:09:32.885Z</time></trkpt><trkpt lat="47.60826220" lon="19.14687750"><ele>196.35</ele><time>1980-01-07T12:09:33.085Z</time></trkpt><trkpt lat="47.60826910" lon="19.14687870"><ele>196.35</ele><time>1980-01-07T12:09:33.286Z</time></trkpt><trkpt lat="47.60827560" lon="19.14687990"><ele>196.36</ele><time>1980-01-07T12:09:33.485Z</time></trkpt><trkpt lat="47.60828360" lon="19.14688130"><ele>196.36</ele><time>1980-01-07T12:09:33.685Z</time></trkpt><trkpt lat="47.60829090" lon="19.14688260"><ele>196.36</ele><time>1980-01-07T12:09:33.885Z</time></trkpt><trkpt lat="47.60829830" lon="19.14688400"><ele>196.37</ele><time>1980-01-07T12:09:34.085Z</time></trkpt><trkpt lat="47.60830560" lon="19.14688550"><ele>196.38</ele><time>1980-01-07T12:09:34.285Z</time></trkpt><trkpt lat="47.60831220" lon="19.14688690"><ele>196.38</ele><time>1980-01-07T12:09:34.485Z</time></trkpt><trkpt lat="47.60832030" lon="19.14688870"><ele>196.38</ele><time>1980-01-07T12:09:34.686Z</time></trkpt><trkpt lat="47.60832690" lon="19.14689010"><ele>196.39</ele><time>1980-01-07T12:09:34.885Z</time></trkpt><trkpt lat="47.60833280" lon="19.14689150"><ele>196.39</ele><time>1980-01-07T12:09:35.085Z</time></trkpt><trkpt lat="47.60834100" lon="19.14689350"><ele>196.40</ele><time>1980-01-07T12:09:35.285Z</time></trkpt><trkpt lat="47.60834910" lon="19.14689540"><ele>196.40</ele><time>1980-01-07T12:09:35.485Z</time></trkpt><trkpt lat="47.60835630" lon="19.14689710"><ele>196.40</ele><time>1980-01-07T12:09:35.685Z</time></trkpt><trkpt lat="47.60836370" lon="19.14689890"><ele>196.41</ele><time>1980-01-07T12:09:35.885Z</time></trkpt><trkpt lat="47.60837080" lon="19.14690060"><ele>196.41</ele><time>1980-01-07T12:09:36.085Z</time></trkpt><trkpt lat="47.60837810" lon="19.14690230"><ele>196.41</ele><time>1980-01-07T12:09:36.285Z</time></trkpt><trkpt lat="47.60838520" lon="19.14690410"><ele>196.42</ele><time>1980-01-07T12:09:36.485Z</time></trkpt><trkpt lat="47.60839260" lon="19.14690580"><ele>196.41</ele><time>1980-01-07T12:09:36.685Z</time></trkpt><trkpt lat="47.60839910" lon="19.14690740"><ele>196.41</ele><time>1980-01-07T12:09:36.887Z</time></trkpt><trkpt lat="47.60840710" lon="19.14690930"><ele>196.42</ele><time>1980-01-07T12:09:37.093Z</time></trkpt><trkpt lat="47.60841290" lon="19.14691070"><ele>196.42</ele><time>1980-01-07T12:09:37.295Z</time></trkpt><trkpt lat="47.60842000" lon="19.14691240"><ele>196.42</ele><time>1980-01-07T12:09:37.495Z</time></trkpt><trkpt lat="47.60842710" lon="19.14691420"><ele>196.41</ele><time>1980-01-07T12:09:37.695Z</time></trkpt><trkpt lat="47.60843490" lon="19.14691610"><ele>196.40</ele><time>1980-01-07T12:09:37.895Z</time></trkpt><trkpt lat="47.60844190" lon="19.14691780"><ele>196.39</ele><time>1980-01-07T12:09:38.095Z</time></trkpt><trkpt lat="47.60844910" lon="19.14691950"><ele>196.39</ele><time>1980-01-07T12:09:38.295Z</time></trkpt><trkpt lat="47.60845550" lon="19.14692110"><ele>196.39</ele><time>1980-01-07T12:09:38.495Z</time></trkpt><trkpt lat="47.60846330" lon="19.14692300"><ele>196.37</ele><time>1980-01-07T12:09:38.695Z</time></trkpt><trkpt lat="47.60847010" lon="19.14692470"><ele>196.37</ele><time>1980-01-07T12:09:38.895Z</time></trkpt><trkpt lat="47.60847650" lon="19.14692630"><ele>196.36</ele><time>1980-01-07T12:09:39.095Z</time></trkpt><trkpt lat="47.60848470" lon="19.14692850"><ele>196.37</ele><time>1980-01-07T12:09:39.295Z</time></trkpt><trkpt lat="47.60849190" lon="19.14693030"><ele>196.37</ele><time>1980-01-07T12:09:39.496Z</time></trkpt><trkpt lat="47.60849910" lon="19.14693210"><ele>196.37</ele><time>1980-01-07T12:09:39.696Z</time></trkpt><trkpt lat="47.60850610" lon="19.14693390"><ele>196.37</ele><time>1980-01-07T12:09:39.896Z</time></trkpt><trkpt lat="47.60851190" lon="19.14693530"><ele>196.37</ele><time>1980-01-07T12:09:40.105Z</time></trkpt><trkpt lat="47.60851970" lon="19.14693710"><ele>196.37</ele><time>1980-01-07T12:09:40.299Z</time></trkpt><trkpt lat="47.60852740" lon="19.14693890"><ele>196.36</ele><time>1980-01-07T12:09:40.499Z</time></trkpt><trkpt lat="47.60853450" lon="19.14694050"><ele>196.36</ele><time>1980-01-07T12:09:40.700Z</time></trkpt><trkpt lat="47.60854160" lon="19.14694210"><ele>196.37</ele><time>1980-01-07T12:09:40.902Z</time></trkpt><trkpt lat="47.60854720" lon="19.14694340"><ele>196.36</ele><time>1980-01-07T12:09:41.096Z</time></trkpt><trkpt lat="47.60855420" lon="19.14694500"><ele>196.35</ele><time>1980-01-07T12:09:41.302Z</time></trkpt><trkpt lat="47.60856200" lon="19.14694690"><ele>196.35</ele><time>1980-01-07T12:09:41.505Z</time></trkpt><trkpt lat="47.60856900" lon="19.14694870"><ele>196.35</ele><time>1980-01-07T12:09:41.705Z</time></trkpt><trkpt lat="47.60857600" lon="19.14695040"><ele>196.35</ele><time>1980-01-07T12:09:41.905Z</time></trkpt><trkpt lat="47.60858290" lon="19.14695210"><ele>196.35</ele><time>1980-01-07T12:09:42.100Z</time></trkpt><trkpt lat="47.60859010" lon="19.14695400"><ele>196.36</ele><time>1980-01-07T12:09:42.300Z</time></trkpt><trkpt lat="47.60859740" lon="19.14695580"><ele>196.36</ele><time>1980-01-07T12:09:42.501Z</time></trkpt><trkpt lat="47.60860470" lon="19.14695750"><ele>196.36</ele><time>1980-01-07T12:09:42.701Z</time></trkpt><trkpt lat="47.60861140" lon="19.14695920"><ele>196.37</ele><time>1980-01-07T12:09:42.901Z</time></trkpt><trkpt lat="47.60861950" lon="19.14696120"><ele>196.39</ele><time>1980-01-07T12:09:43.105Z</time></trkpt><trkpt lat="47.60862660" lon="19.14696300"><ele>196.39</ele><time>1980-01-07T12:09:43.305Z</time></trkpt><trkpt lat="47.60863390" lon="19.14696480"><ele>196.39</ele><time>1980-01-07T12:09:43.505Z</time></trkpt><trkpt lat="47.60864100" lon="19.14696660"><ele>196.40</ele><time>1980-01-07T12:09:43.705Z</time></trkpt><trkpt lat="47.60864810" lon="19.14696830"><ele>196.41</ele><time>1980-01-07T12:09:43.905Z</time></trkpt><trkpt lat="47.60865510" lon="19.14697000"><ele>196.42</ele><time>1980-01-07T12:09:44.105Z</time></trkpt><trkpt lat="47.60866210" lon="19.14697150"><ele>196.42</ele><time>1980-01-07T12:09:44.296Z</time></trkpt><trkpt lat="47.60866850" lon="19.14697280"><ele>196.43</ele><time>1980-01-07T12:09:44.499Z</time></trkpt><trkpt lat="47.60867540" lon="19.14697410"><ele>196.43</ele><time>1980-01-07T12:09:44.702Z</time></trkpt><trkpt lat="47.60868180" lon="19.14697530"><ele>196.42</ele><time>1980-01-07T12:09:44.900Z</time></trkpt><trkpt lat="47.60868890" lon="19.14697670"><ele>196.42</ele><time>1980-01-07T12:09:45.101Z</time></trkpt><trkpt lat="47.60869700" lon="19.14697840"><ele>196.41</ele><time>1980-01-07T12:09:45.305Z</time></trkpt><trkpt lat="47.60870440" lon="19.14698000"><ele>196.41</ele><time>1980-01-07T12:09:45.515Z</time></trkpt><trkpt lat="47.60871180" lon="19.14698160"><ele>196.41</ele><time>1980-01-07T12:09:45.715Z</time></trkpt><trkpt lat="47.60871910" lon="19.14698330"><ele>196.41</ele><time>1980-01-07T12:09:45.915Z</time></trkpt><trkpt lat="47.60872650" lon="19.14698500"><ele>196.42</ele><time>1980-01-07T12:09:46.115Z</time></trkpt><trkpt lat="47.60873240" lon="19.14698640"><ele>196.42</ele><time>1980-01-07T12:09:46.305Z</time></trkpt><trkpt lat="47.60873960" lon="19.14698810"><ele>196.41</ele><time>1980-01-07T12:09:46.505Z</time></trkpt><trkpt lat="47.60874620" lon="19.14698970"><ele>196.41</ele><time>1980-01-07T12:09:46.705Z</time></trkpt><trkpt lat="47.60875430" lon="19.14699160"><ele>196.40</ele><time>1980-01-07T12:09:46.905Z</time></trkpt><trkpt lat="47.60876140" lon="19.14699340"><ele>196.40</ele><time>1980-01-07T12:09:47.105Z</time></trkpt><trkpt lat="47.60876940" lon="19.14699540"><ele>196.40</ele><time>1980-01-07T12:09:47.305Z</time></trkpt><trkpt lat="47.60877660" lon="19.14699720"><ele>196.40</ele><time>1980-01-07T12:09:47.515Z</time></trkpt><trkpt lat="47.60878300" lon="19.14699870"><ele>196.41</ele><time>1980-01-07T12:09:47.715Z</time></trkpt><trkpt lat="47.60879030" lon="19.14700030"><ele>196.41</ele><time>1980-01-07T12:09:47.915Z</time></trkpt><trkpt lat="47.60879750" lon="19.14700190"><ele>196.41</ele><time>1980-01-07T12:09:48.115Z</time></trkpt><trkpt lat="47.60880420" lon="19.14700340"><ele>196.42</ele><time>1980-01-07T12:09:48.324Z</time></trkpt><trkpt lat="47.60881210" lon="19.14700500"><ele>196.43</ele><time>1980-01-07T12:09:48.525Z</time></trkpt><trkpt lat="47.60881930" lon="19.14700650"><ele>196.43</ele><time>1980-01-07T12:09:48.725Z</time></trkpt><trkpt lat="47.60882650" lon="19.14700800"><ele>196.43</ele><time>1980-01-07T12:09:48.925Z</time></trkpt><trkpt lat="47.60883390" lon="19.14700960"><ele>196.42</ele><time>1980-01-07T12:09:49.118Z</time></trkpt><trkpt lat="47.60884140" lon="19.14701130"><ele>196.42</ele><time>1980-01-07T12:09:49.325Z</time></trkpt><trkpt lat="47.60884860" lon="19.14701290"><ele>196.43</ele><time>1980-01-07T12:09:49.525Z</time></trkpt><trkpt lat="47.60885570" lon="19.14701450"><ele>196.43</ele><time>1980-01-07T12:09:49.725Z</time></trkpt><trkpt lat="47.60886170" lon="19.14701570"><ele>196.43</ele><time>1980-01-07T12:09:49.917Z</time></trkpt><trkpt lat="47.60886950" lon="19.14701740"><ele>196.43</ele><time>1980-01-07T12:09:50.115Z</time></trkpt><trkpt lat="47.60887680" lon="19.14701900"><ele>196.43</ele><time>1980-01-07T12:09:50.315Z</time></trkpt><trkpt lat="47.60888410" lon="19.14702060"><ele>196.43</ele><time>1980-01-07T12:09:50.515Z</time></trkpt><trkpt lat="47.60889120" lon="19.14702210"><ele>196.43</ele><time>1980-01-07T12:09:50.715Z</time></trkpt><trkpt lat="47.60889750" lon="19.14702350"><ele>196.43</ele><time>1980-01-07T12:09:50.915Z</time></trkpt><trkpt lat="47.60890470" lon="19.14702500"><ele>196.42</ele><time>1980-01-07T12:09:51.119Z</time></trkpt><trkpt lat="47.60891220" lon="19.14702660"><ele>196.41</ele><time>1980-01-07T12:09:51.325Z</time></trkpt><trkpt lat="47.60891930" lon="19.14702800"><ele>196.41</ele><time>1980-01-07T12:09:51.525Z</time></trkpt><trkpt lat="47.60892630" lon="19.14702940"><ele>196.41</ele><time>1980-01-07T12:09:51.725Z</time></trkpt><trkpt lat="47.60893350" lon="19.14703090"><ele>196.40</ele><time>1980-01-07T12:09:51.925Z</time></trkpt><trkpt lat="47.60893990" lon="19.14703230"><ele>196.39</ele><time>1980-01-07T12:09:52.116Z</time></trkpt><trkpt lat="47.60894650" lon="19.14703390"><ele>196.39</ele><time>1980-01-07T12:09:52.318Z</time></trkpt><trkpt lat="47.60895440" lon="19.14703580"><ele>196.39</ele><time>1980-01-07T12:09:52.520Z</time></trkpt><trkpt lat="47.60896150" lon="19.14703750"><ele>196.38</ele><time>1980-01-07T12:09:52.721Z</time></trkpt><trkpt lat="47.60896800" lon="19.14703910"><ele>196.37</ele><time>1980-01-07T12:09:52.923Z</time></trkpt><trkpt lat="47.60897380" lon="19.14704040"><ele>196.36</ele><time>1980-01-07T12:09:53.119Z</time></trkpt><trkpt lat="47.60898230" lon="19.14704240"><ele>196.36</ele><time>1980-01-07T12:09:53.325Z</time></trkpt><trkpt lat="47.60899020" lon="19.14704410"><ele>196.35</ele><time>1980-01-07T12:09:53.525Z</time></trkpt><trkpt lat="47.60899730" lon="19.14704580"><ele>196.35</ele><time>1980-01-07T12:09:53.725Z</time></trkpt><trkpt lat="47.60900440" lon="19.14704740"><ele>196.34</ele><time>1980-01-07T12:09:53.925Z</time></trkpt><trkpt lat="47.60901090" lon="19.14704890"><ele>196.34</ele><time>1980-01-07T12:09:54.116Z</time></trkpt><trkpt lat="47.60901800" lon="19.14705050"><ele>196.33</ele><time>1980-01-07T12:09:54.316Z</time></trkpt><trkpt lat="47.60902500" lon="19.14705210"><ele>196.32</ele><time>1980-01-07T12:09:54.518Z</time></trkpt><trkpt lat="47.60903200" lon="19.14705360"><ele>196.31</ele><time>1980-01-07T12:09:54.720Z</time></trkpt><trkpt lat="47.60903840" lon="19.14705500"><ele>196.30</ele><time>1980-01-07T12:09:54.922Z</time></trkpt><trkpt lat="47.60904630" lon="19.14705680"><ele>196.30</ele><time>1980-01-07T12:09:55.125Z</time></trkpt><trkpt lat="47.60905300" lon="19.14705830"><ele>196.29</ele><time>1980-01-07T12:09:55.325Z</time></trkpt><trkpt lat="47.60906110" lon="19.14706020"><ele>196.29</ele><time>1980-01-07T12:09:55.525Z</time></trkpt><trkpt lat="47.60906830" lon="19.14706200"><ele>196.29</ele><time>1980-01-07T12:09:55.716Z</time></trkpt><trkpt lat="47.60907480" lon="19.14706360"><ele>196.29</ele><time>1980-01-07T12:09:55.916Z</time></trkpt><trkpt lat="47.60908200" lon="19.14706530"><ele>196.29</ele><time>1980-01-07T12:09:56.117Z</time></trkpt><trkpt lat="47.60908870" lon="19.14706680"><ele>196.29</ele><time>1980-01-07T12:09:56.322Z</time></trkpt><trkpt lat="47.60909640" lon="19.14706870"><ele>196.30</ele><time>1980-01-07T12:09:56.525Z</time></trkpt><trkpt lat="47.60910350" lon="19.14707030"><ele>196.30</ele><time>1980-01-07T12:09:56.725Z</time></trkpt><trkpt lat="47.60910990" lon="19.14707190"><ele>196.30</ele><time>1980-01-07T12:09:56.925Z</time></trkpt><trkpt lat="47.60911700" lon="19.14707360"><ele>196.29</ele><time>1980-01-07T12:09:57.125Z</time></trkpt><trkpt lat="47.60912430" lon="19.14707540"><ele>196.28</ele><time>1980-01-07T12:09:57.323Z</time></trkpt><trkpt lat="47.60913150" lon="19.14707710"><ele>196.27</ele><time>1980-01-07T12:09:57.524Z</time></trkpt><trkpt lat="47.60913860" lon="19.14707890"><ele>196.26</ele><time>1980-01-07T12:09:57.724Z</time></trkpt><trkpt lat="47.60914570" lon="19.14708070"><ele>196.26</ele><time>1980-01-07T12:09:57.925Z</time></trkpt><trkpt lat="47.60915280" lon="19.14708260"><ele>196.26</ele><time>1980-01-07T12:09:58.118Z</time></trkpt><trkpt lat="47.60915990" lon="19.14708450"><ele>196.26</ele><time>1980-01-07T12:09:58.325Z</time></trkpt><trkpt lat="47.60916640" lon="19.14708610"><ele>196.26</ele><time>1980-01-07T12:09:58.525Z</time></trkpt><trkpt lat="47.60917340" lon="19.14708800"><ele>196.27</ele><time>1980-01-07T12:09:58.716Z</time></trkpt><trkpt lat="47.60918060" lon="19.14708990"><ele>196.29</ele><time>1980-01-07T12:09:58.925Z</time></trkpt><trkpt lat="47.60918770" lon="19.14709170"><ele>196.30</ele><time>1980-01-07T12:09:59.116Z</time></trkpt><trkpt lat="47.60919560" lon="19.14709380"><ele>196.31</ele><time>1980-01-07T12:09:59.318Z</time></trkpt><trkpt lat="47.60920200" lon="19.14709540"><ele>196.33</ele><time>1980-01-07T12:09:59.516Z</time></trkpt><trkpt lat="47.60920920" lon="19.14709730"><ele>196.35</ele><time>1980-01-07T12:09:59.723Z</time></trkpt><trkpt lat="47.60921630" lon="19.14709900"><ele>196.36</ele><time>1980-01-07T12:09:59.924Z</time></trkpt><trkpt lat="47.60922340" lon="19.14710070"><ele>196.36</ele><time>1980-01-07T12:10:00.125Z</time></trkpt><trkpt lat="47.60923050" lon="19.14710240"><ele>196.37</ele><time>1980-01-07T12:10:00.325Z</time></trkpt><trkpt lat="47.60923760" lon="19.14710390"><ele>196.38</ele><time>1980-01-07T12:10:00.525Z</time></trkpt><trkpt lat="47.60924470" lon="19.14710550"><ele>196.39</ele><time>1980-01-07T12:10:00.725Z</time></trkpt><trkpt lat="47.60925190" lon="19.14710700"><ele>196.39</ele><time>1980-01-07T12:10:00.925Z</time></trkpt><trkpt lat="47.60925760" lon="19.14710830"><ele>196.38</ele><time>1980-01-07T12:10:01.116Z</time></trkpt><trkpt lat="47.60926560" lon="19.14711010"><ele>196.39</ele><time>1980-01-07T12:10:01.316Z</time></trkpt><trkpt lat="47.60927220" lon="19.14711170"><ele>196.39</ele><time>1980-01-07T12:10:01.516Z</time></trkpt><trkpt lat="47.60928010" lon="19.14711340"><ele>196.40</ele><time>1980-01-07T12:10:01.717Z</time></trkpt><trkpt lat="47.60928740" lon="19.14711500"><ele>196.39</ele><time>1980-01-07T12:10:01.919Z</time></trkpt><trkpt lat="47.60929530" lon="19.14711670"><ele>196.40</ele><time>1980-01-07T12:10:02.123Z</time></trkpt><trkpt lat="47.60930260" lon="19.14711840"><ele>196.41</ele><time>1980-01-07T12:10:02.325Z</time></trkpt><trkpt lat="47.60930830" lon="19.14711960"><ele>196.41</ele><time>1980-01-07T12:10:02.523Z</time></trkpt><trkpt lat="47.60931620" lon="19.14712140"><ele>196.42</ele><time>1980-01-07T12:10:02.725Z</time></trkpt><trkpt lat="47.60932270" lon="19.14712280"><ele>196.42</ele><time>1980-01-07T12:10:02.925Z</time></trkpt><trkpt lat="47.60932990" lon="19.14712440"><ele>196.43</ele><time>1980-01-07T12:10:03.125Z</time></trkpt><trkpt lat="47.60933760" lon="19.14712620"><ele>196.45</ele><time>1980-01-07T12:10:03.326Z</time></trkpt><trkpt lat="47.60934490" lon="19.14712770"><ele>196.46</ele><time>1980-01-07T12:10:03.525Z</time></trkpt><trkpt lat="47.60935200" lon="19.14712930"><ele>196.46</ele><time>1980-01-07T12:10:03.725Z</time></trkpt><trkpt lat="47.60935910" lon="19.14713090"><ele>196.47</ele><time>1980-01-07T12:10:03.925Z</time></trkpt><trkpt lat="47.60936470" lon="19.14713220"><ele>196.47</ele><time>1980-01-07T12:10:04.118Z</time></trkpt><trkpt lat="47.60937250" lon="19.14713410"><ele>196.47</ele><time>1980-01-07T12:10:04.316Z</time></trkpt><trkpt lat="47.60937950" lon="19.14713590"><ele>196.47</ele><time>1980-01-07T12:10:04.517Z</time></trkpt><trkpt lat="47.60938710" lon="19.14713790"><ele>196.48</ele><time>1980-01-07T12:10:04.721Z</time></trkpt><trkpt lat="47.60939300" lon="19.14713950"><ele>196.51</ele><time>1980-01-07T12:10:04.920Z</time></trkpt><trkpt lat="47.60939950" lon="19.14714140"><ele>196.54</ele><time>1980-01-07T12:10:05.121Z</time></trkpt><trkpt lat="47.60940400" lon="19.14714290"><ele>196.54</ele><time>1980-01-07T12:10:05.325Z</time></trkpt><trkpt lat="47.60940780" lon="19.14714430"><ele>196.53</ele><time>1980-01-07T12:10:05.525Z</time></trkpt><trkpt lat="47.60941050" lon="19.14714530"><ele>196.52</ele><time>1980-01-07T12:10:05.725Z</time></trkpt><trkpt lat="47.60941210" lon="19.14714610"><ele>196.48</ele><time>1980-01-07T12:10:05.925Z</time></trkpt><trkpt lat="47.60941260" lon="19.14714670"><ele>196.45</ele><time>1980-01-07T12:10:06.133Z</time></trkpt><trkpt lat="47.60941250" lon="19.14714740"><ele>196.40</ele><time>1980-01-07T12:10:06.335Z</time></trkpt><trkpt lat="47.60941180" lon="19.14714830"><ele>196.37</ele><time>1980-01-07T12:10:06.535Z</time></trkpt><trkpt lat="47.60941050" lon="19.14714930"><ele>196.35</ele><time>1980-01-07T12:10:06.730Z</time></trkpt><trkpt lat="47.60940870" lon="19.14715000"><ele>196.35</ele><time>1980-01-07T12:10:06.933Z</time></trkpt><trkpt lat="47.60940690" lon="19.14715060"><ele>196.36</ele><time>1980-01-07T12:10:07.135Z</time></trkpt><trkpt lat="47.60940490" lon="19.14715110"><ele>196.36</ele><time>1980-01-07T12:10:07.325Z</time></trkpt><trkpt lat="47.60940260" lon="19.14715140"><ele>196.36</ele><time>1980-01-07T12:10:07.525Z</time></trkpt><trkpt lat="47.60940030" lon="19.14715130"><ele>196.36</ele><time>1980-01-07T12:10:07.725Z</time></trkpt><trkpt lat="47.60939750" lon="19.14715090"><ele>196.36</ele><time>1980-01-07T12:10:07.925Z</time></trkpt><trkpt lat="47.60939400" lon="19.14715020"><ele>196.34</ele><time>1980-01-07T12:10:08.132Z</time></trkpt><trkpt lat="47.60939010" lon="19.14714920"><ele>196.32</ele><time>1980-01-07T12:10:08.335Z</time></trkpt><trkpt lat="47.60938450" lon="19.14714770"><ele>196.29</ele><time>1980-01-07T12:10:08.525Z</time></trkpt><trkpt lat="47.60937900" lon="19.14714620"><ele>196.27</ele><time>1980-01-07T12:10:08.725Z</time></trkpt><trkpt lat="47.60937270" lon="19.14714460"><ele>196.25</ele><time>1980-01-07T12:10:08.925Z</time></trkpt><trkpt lat="47.60936500" lon="19.14714270"><ele>196.24</ele><time>1980-01-07T12:10:09.135Z</time></trkpt><trkpt lat="47.60935580" lon="19.14714040"><ele>196.24</ele><time>1980-01-07T12:10:09.334Z</time></trkpt><trkpt lat="47.60934700" lon="19.14713830"><ele>196.24</ele><time>1980-01-07T12:10:09.535Z</time></trkpt><trkpt lat="47.60933800" lon="19.14713620"><ele>196.24</ele><time>1980-01-07T12:10:09.726Z</time></trkpt><trkpt lat="47.60932880" lon="19.14713420"><ele>196.25</ele><time>1980-01-07T12:10:09.935Z</time></trkpt><trkpt lat="47.60931920" lon="19.14713210"><ele>196.27</ele><time>1980-01-07T12:10:10.130Z</time></trkpt><trkpt lat="47.60931210" lon="19.14713070"><ele>196.28</ele><time>1980-01-07T12:10:10.328Z</time></trkpt><trkpt lat="47.60930130" lon="19.14712830"><ele>196.29</ele><time>1980-01-07T12:10:10.529Z</time></trkpt><trkpt lat="47.60929330" lon="19.14712620"><ele>196.30</ele><time>1980-01-07T12:10:10.733Z</time></trkpt><trkpt lat="47.60928450" lon="19.14712380"><ele>196.29</ele><time>1980-01-07T12:10:10.934Z</time></trkpt><trkpt lat="47.60927580" lon="19.14712110"><ele>196.28</ele><time>1980-01-07T12:10:11.135Z</time></trkpt><trkpt lat="47.60926730" lon="19.14711830"><ele>196.27</ele><time>1980-01-07T12:10:11.335Z</time></trkpt><trkpt lat="47.60925890" lon="19.14711530"><ele>196.27</ele><time>1980-01-07T12:10:11.535Z</time></trkpt><trkpt lat="47.60925060" lon="19.14711230"><ele>196.27</ele><time>1980-01-07T12:10:11.735Z</time></trkpt><trkpt lat="47.60924250" lon="19.14710920"><ele>196.26</ele><time>1980-01-07T12:10:11.935Z</time></trkpt><trkpt lat="47.60923540" lon="19.14710630"><ele>196.26</ele><time>1980-01-07T12:10:12.135Z</time></trkpt><trkpt lat="47.60922660" lon="19.14710270"><ele>196.27</ele><time>1980-01-07T12:10:12.335Z</time></trkpt><trkpt lat="47.60921880" lon="19.14709950"><ele>196.27</ele><time>1980-01-07T12:10:12.535Z</time></trkpt><trkpt lat="47.60921110" lon="19.14709650"><ele>196.26</ele><time>1980-01-07T12:10:12.735Z</time></trkpt><trkpt lat="47.60920350" lon="19.14709370"><ele>196.25</ele><time>1980-01-07T12:10:12.935Z</time></trkpt><trkpt lat="47.60919590" lon="19.14709100"><ele>196.24</ele><time>1980-01-07T12:10:13.135Z</time></trkpt><trkpt lat="47.60918870" lon="19.14708860"><ele>196.23</ele><time>1980-01-07T12:10:13.335Z</time></trkpt><trkpt lat="47.60918150" lon="19.14708630"><ele>196.21</ele><time>1980-01-07T12:10:13.535Z</time></trkpt><trkpt lat="47.60917580" lon="19.14708450"><ele>196.21</ele><time>1980-01-07T12:10:13.734Z</time></trkpt><trkpt lat="47.60916810" lon="19.14708210"><ele>196.20</ele><time>1980-01-07T12:10:13.936Z</time></trkpt><trkpt lat="47.60916070" lon="19.14708000"><ele>196.20</ele><time>1980-01-07T12:10:14.135Z</time></trkpt><trkpt lat="47.60915390" lon="19.14707800"><ele>196.19</ele><time>1980-01-07T12:10:14.335Z</time></trkpt><trkpt lat="47.60914710" lon="19.14707630"><ele>196.18</ele><time>1980-01-07T12:10:14.535Z</time></trkpt><trkpt lat="47.60914030" lon="19.14707460"><ele>196.18</ele><time>1980-01-07T12:10:14.735Z</time></trkpt><trkpt lat="47.60913360" lon="19.14707310"><ele>196.17</ele><time>1980-01-07T12:10:14.935Z</time></trkpt><trkpt lat="47.60912690" lon="19.14707160"><ele>196.16</ele><time>1980-01-07T12:10:15.143Z</time></trkpt><trkpt lat="47.60912020" lon="19.14707020"><ele>196.16</ele><time>1980-01-07T12:10:15.336Z</time></trkpt><trkpt lat="47.60911420" lon="19.14706890"><ele>196.15</ele><time>1980-01-07T12:10:15.536Z</time></trkpt><trkpt lat="47.60910880" lon="19.14706770"><ele>196.14</ele><time>1980-01-07T12:10:15.737Z</time></trkpt><trkpt lat="47.60910070" lon="19.14706600"><ele>196.14</ele><time>1980-01-07T12:10:15.937Z</time></trkpt><trkpt lat="47.60909440" lon="19.14706460"><ele>196.13</ele><time>1980-01-07T12:10:16.145Z</time></trkpt><trkpt lat="47.60908690" lon="19.14706310"><ele>196.14</ele><time>1980-01-07T12:10:16.345Z</time></trkpt><trkpt lat="47.60908020" lon="19.14706170"><ele>196.14</ele><time>1980-01-07T12:10:16.545Z</time></trkpt><trkpt lat="47.60907410" lon="19.14706040"><ele>196.13</ele><time>1980-01-07T12:10:16.745Z</time></trkpt><trkpt lat="47.60906660" lon="19.14705880"><ele>196.12</ele><time>1980-01-07T12:10:16.945Z</time></trkpt><trkpt lat="47.60906020" lon="19.14705750"><ele>196.12</ele><time>1980-01-07T12:10:17.145Z</time></trkpt><trkpt lat="47.60905310" lon="19.14705600"><ele>196.12</ele><time>1980-01-07T12:10:17.338Z</time></trkpt><trkpt lat="47.60904690" lon="19.14705460"><ele>196.12</ele><time>1980-01-07T12:10:17.538Z</time></trkpt><trkpt lat="47.60903980" lon="19.14705290"><ele>196.11</ele><time>1980-01-07T12:10:17.738Z</time></trkpt><trkpt lat="47.60903350" lon="19.14705130"><ele>196.11</ele><time>1980-01-07T12:10:17.940Z</time></trkpt><trkpt lat="47.60902510" lon="19.14704920"><ele>196.11</ele><time>1980-01-07T12:10:18.145Z</time></trkpt><trkpt lat="47.60901790" lon="19.14704750"><ele>196.12</ele><time>1980-01-07T12:10:18.345Z</time></trkpt><trkpt lat="47.60901080" lon="19.14704560"><ele>196.13</ele><time>1980-01-07T12:10:18.543Z</time></trkpt><trkpt lat="47.60900350" lon="19.14704380"><ele>196.13</ele><time>1980-01-07T12:10:18.745Z</time></trkpt><trkpt lat="47.60899720" lon="19.14704230"><ele>196.13</ele><time>1980-01-07T12:10:18.945Z</time></trkpt><trkpt lat="47.60898940" lon="19.14704050"><ele>196.13</ele><time>1980-01-07T12:10:19.145Z</time></trkpt><trkpt lat="47.60898200" lon="19.14703890"><ele>196.13</ele><time>1980-01-07T12:10:19.345Z</time></trkpt><trkpt lat="47.60897490" lon="19.14703720"><ele>196.14</ele><time>1980-01-07T12:10:19.545Z</time></trkpt><trkpt lat="47.60896840" lon="19.14703580"><ele>196.14</ele><time>1980-01-07T12:10:19.745Z</time></trkpt><trkpt lat="47.60896030" lon="19.14703410"><ele>196.14</ele><time>1980-01-07T12:10:19.945Z</time></trkpt><trkpt lat="47.60895340" lon="19.14703280"><ele>196.15</ele><time>1980-01-07T12:10:20.140Z</time></trkpt><trkpt lat="47.60894540" lon="19.14703130"><ele>196.17</ele><time>1980-01-07T12:10:20.345Z</time></trkpt><trkpt lat="47.60893810" lon="19.14703010"><ele>196.17</ele><time>1980-01-07T12:10:20.546Z</time></trkpt><trkpt lat="47.60893070" lon="19.14702880"><ele>196.17</ele><time>1980-01-07T12:10:20.745Z</time></trkpt><trkpt lat="47.60892330" lon="19.14702750"><ele>196.18</ele><time>1980-01-07T12:10:20.945Z</time></trkpt><trkpt lat="47.60891590" lon="19.14702610"><ele>196.18</ele><time>1980-01-07T12:10:21.156Z</time></trkpt><trkpt lat="47.60890850" lon="19.14702470"><ele>196.19</ele><time>1980-01-07T12:10:21.356Z</time></trkpt><trkpt lat="47.60890110" lon="19.14702330"><ele>196.19</ele><time>1980-01-07T12:10:21.555Z</time></trkpt><trkpt lat="47.60889440" lon="19.14702200"><ele>196.19</ele><time>1980-01-07T12:10:21.758Z</time></trkpt><trkpt lat="47.60888700" lon="19.14702060"><ele>196.20</ele><time>1980-01-07T12:10:21.955Z</time></trkpt><trkpt lat="47.60887970" lon="19.14701920"><ele>196.20</ele><time>1980-01-07T12:10:22.155Z</time></trkpt><trkpt lat="47.60887220" lon="19.14701770"><ele>196.20</ele><time>1980-01-07T12:10:22.356Z</time></trkpt><trkpt lat="47.60886490" lon="19.14701600"><ele>196.20</ele><time>1980-01-07T12:10:22.556Z</time></trkpt><trkpt lat="47.60885700" lon="19.14701410"><ele>196.20</ele><time>1980-01-07T12:10:22.757Z</time></trkpt><trkpt lat="47.60884980" lon="19.14701230"><ele>196.20</ele><time>1980-01-07T12:10:22.965Z</time></trkpt><trkpt lat="47.60884270" lon="19.14701050"><ele>196.19</ele><time>1980-01-07T12:10:23.156Z</time></trkpt><trkpt lat="47.60883560" lon="19.14700890"><ele>196.17</ele><time>1980-01-07T12:10:23.356Z</time></trkpt><trkpt lat="47.60882860" lon="19.14700710"><ele>196.16</ele><time>1980-01-07T12:10:23.565Z</time></trkpt><trkpt lat="47.60882190" lon="19.14700550"><ele>196.14</ele><time>1980-01-07T12:10:23.757Z</time></trkpt><trkpt lat="47.60881520" lon="19.14700400"><ele>196.13</ele><time>1980-01-07T12:10:23.959Z</time></trkpt><trkpt lat="47.60880860" lon="19.14700260"><ele>196.12</ele><time>1980-01-07T12:10:24.163Z</time></trkpt><trkpt lat="47.60880150" lon="19.14700110"><ele>196.10</ele><time>1980-01-07T12:10:24.364Z</time></trkpt><trkpt lat="47.60879500" lon="19.14699980"><ele>196.09</ele><time>1980-01-07T12:10:24.564Z</time></trkpt><trkpt lat="47.60878620" lon="19.14699810"><ele>196.09</ele><time>1980-01-07T12:10:24.765Z</time></trkpt><trkpt lat="47.60877880" lon="19.14699650"><ele>196.09</ele><time>1980-01-07T12:10:24.965Z</time></trkpt><trkpt lat="47.60877200" lon="19.14699500"><ele>196.08</ele><time>1980-01-07T12:10:25.159Z</time></trkpt><trkpt lat="47.60876440" lon="19.14699340"><ele>196.08</ele><time>1980-01-07T12:10:25.365Z</time></trkpt><trkpt lat="47.60875710" lon="19.14699190"><ele>196.08</ele><time>1980-01-07T12:10:25.565Z</time></trkpt><trkpt lat="47.60874980" lon="19.14699020"><ele>196.07</ele><time>1980-01-07T12:10:25.765Z</time></trkpt><trkpt lat="47.60874330" lon="19.14698880"><ele>196.06</ele><time>1980-01-07T12:10:25.956Z</time></trkpt><trkpt lat="47.60873580" lon="19.14698710"><ele>196.05</ele><time>1980-01-07T12:10:26.165Z</time></trkpt><trkpt lat="47.60872940" lon="19.14698560"><ele>196.05</ele><time>1980-01-07T12:10:26.365Z</time></trkpt><trkpt lat="47.60872170" lon="19.14698380"><ele>196.04</ele><time>1980-01-07T12:10:26.565Z</time></trkpt><trkpt lat="47.60871470" lon="19.14698210"><ele>196.03</ele><time>1980-01-07T12:10:26.765Z</time></trkpt><trkpt lat="47.60870760" lon="19.14698050"><ele>196.03</ele><time>1980-01-07T12:10:26.965Z</time></trkpt><trkpt lat="47.60870040" lon="19.14697880"><ele>196.03</ele><time>1980-01-07T12:10:27.165Z</time></trkpt><trkpt lat="47.60869330" lon="19.14697730"><ele>196.03</ele><time>1980-01-07T12:10:27.365Z</time></trkpt><trkpt lat="47.60868620" lon="19.14697560"><ele>196.02</ele><time>1980-01-07T12:10:27.565Z</time></trkpt><trkpt lat="47.60867910" lon="19.14697400"><ele>196.01</ele><time>1980-01-07T12:10:27.765Z</time></trkpt><trkpt lat="47.60867340" lon="19.14697260"><ele>196.00</ele><time>1980-01-07T12:10:27.965Z</time></trkpt><trkpt lat="47.60866620" lon="19.14697090"><ele>195.99</ele><time>1980-01-07T12:10:28.168Z</time></trkpt><trkpt lat="47.60865830" lon="19.14696910"><ele>195.99</ele><time>1980-01-07T12:10:28.369Z</time></trkpt><trkpt lat="47.60865120" lon="19.14696740"><ele>195.99</ele><time>1980-01-07T12:10:28.571Z</time></trkpt><trkpt lat="47.60864400" lon="19.14696570"><ele>195.99</ele><time>1980-01-07T12:10:28.772Z</time></trkpt><trkpt lat="47.60863680" lon="19.14696410"><ele>195.99</ele><time>1980-01-07T12:10:28.974Z</time></trkpt><trkpt lat="47.60862920" lon="19.14696250"><ele>195.98</ele><time>1980-01-07T12:10:29.175Z</time></trkpt><trkpt lat="47.60862190" lon="19.14696090"><ele>195.97</ele><time>1980-01-07T12:10:29.375Z</time></trkpt><trkpt lat="47.60861490" lon="19.14695910"><ele>195.95</ele><time>1980-01-07T12:10:29.575Z</time></trkpt><trkpt lat="47.60860770" lon="19.14695740"><ele>195.94</ele><time>1980-01-07T12:10:29.775Z</time></trkpt><trkpt lat="47.60860060" lon="19.14695550"><ele>195.95</ele><time>1980-01-07T12:10:29.975Z</time></trkpt><trkpt lat="47.60859350" lon="19.14695360"><ele>195.95</ele><time>1980-01-07T12:10:30.185Z</time></trkpt><trkpt lat="47.60858620" lon="19.14695170"><ele>195.95</ele><time>1980-01-07T12:10:30.385Z</time></trkpt><trkpt lat="47.60857900" lon="19.14694970"><ele>195.95</ele><time>1980-01-07T12:10:30.585Z</time></trkpt><trkpt lat="47.60857190" lon="19.14694780"><ele>195.94</ele><time>1980-01-07T12:10:30.785Z</time></trkpt><trkpt lat="47.60856470" lon="19.14694580"><ele>195.93</ele><time>1980-01-07T12:10:30.985Z</time></trkpt><trkpt lat="47.60855800" lon="19.14694410"><ele>195.93</ele><time>1980-01-07T12:10:31.185Z</time></trkpt><trkpt lat="47.60855090" lon="19.14694210"><ele>195.93</ele><time>1980-01-07T12:10:31.385Z</time></trkpt><trkpt lat="47.60854380" lon="19.14694030"><ele>195.94</ele><time>1980-01-07T12:10:31.585Z</time></trkpt><trkpt lat="47.60853670" lon="19.14693840"><ele>195.93</ele><time>1980-01-07T12:10:31.785Z</time></trkpt><trkpt lat="47.60852960" lon="19.14693660"><ele>195.93</ele><time>1980-01-07T12:10:31.985Z</time></trkpt><trkpt lat="47.60852230" lon="19.14693490"><ele>195.94</ele><time>1980-01-07T12:10:32.185Z</time></trkpt><trkpt lat="47.60851660" lon="19.14693360"><ele>195.95</ele><time>1980-01-07T12:10:32.385Z</time></trkpt><trkpt lat="47.60850870" lon="19.14693190"><ele>195.94</ele><time>1980-01-07T12:10:32.585Z</time></trkpt><trkpt lat="47.60850090" lon="19.14693020"><ele>195.93</ele><time>1980-01-07T12:10:32.785Z</time></trkpt><trkpt lat="47.60849390" lon="19.14692860"><ele>195.93</ele><time>1980-01-07T12:10:32.985Z</time></trkpt><trkpt lat="47.60848680" lon="19.14692710"><ele>195.93</ele><time>1980-01-07T12:10:33.185Z</time></trkpt><trkpt lat="47.60847970" lon="19.14692560"><ele>195.94</ele><time>1980-01-07T12:10:33.385Z</time></trkpt><trkpt lat="47.60847410" lon="19.14692440"><ele>195.96</ele><time>1980-01-07T12:10:33.586Z</time></trkpt><trkpt lat="47.60846630" lon="19.14692280"><ele>195.97</ele><time>1980-01-07T12:10:33.788Z</time></trkpt><trkpt lat="47.60845920" lon="19.14692130"><ele>195.98</ele><time>1980-01-07T12:10:33.991Z</time></trkpt><trkpt lat="47.60845270" lon="19.14692000"><ele>196.00</ele><time>1980-01-07T12:10:34.195Z</time></trkpt><trkpt lat="47.60844550" lon="19.14691860"><ele>196.02</ele><time>1980-01-07T12:10:34.395Z</time></trkpt><trkpt lat="47.60843850" lon="19.14691710"><ele>196.02</ele><time>1980-01-07T12:10:34.595Z</time></trkpt><trkpt lat="47.60843070" lon="19.14691520"><ele>196.03</ele><time>1980-01-07T12:10:34.795Z</time></trkpt><trkpt lat="47.60842580" lon="19.14691410"><ele>196.05</ele><time>1980-01-07T12:10:34.995Z</time></trkpt><trkpt lat="47.60841700" lon="19.14691200"><ele>196.06</ele><time>1980-01-07T12:10:35.195Z</time></trkpt><trkpt lat="47.60840990" lon="19.14691020"><ele>196.07</ele><time>1980-01-07T12:10:35.395Z</time></trkpt><trkpt lat="47.60840290" lon="19.14690830"><ele>196.08</ele><time>1980-01-07T12:10:35.595Z</time></trkpt><trkpt lat="47.60839590" lon="19.14690630"><ele>196.08</ele><time>1980-01-07T12:10:35.795Z</time></trkpt><trkpt lat="47.60838880" lon="19.14690420"><ele>196.08</ele><time>1980-01-07T12:10:35.995Z</time></trkpt><trkpt lat="47.60838230" lon="19.14690240"><ele>196.09</ele><time>1980-01-07T12:10:36.187Z</time></trkpt><trkpt lat="47.60837520" lon="19.14690040"><ele>196.09</ele><time>1980-01-07T12:10:36.389Z</time></trkpt><trkpt lat="47.60836870" lon="19.14689860"><ele>196.09</ele><time>1980-01-07T12:10:36.592Z</time></trkpt><trkpt lat="47.60836170" lon="19.14689660"><ele>196.09</ele><time>1980-01-07T12:10:36.792Z</time></trkpt><trkpt lat="47.60835380" lon="19.14689450"><ele>196.10</ele><time>1980-01-07T12:10:36.993Z</time></trkpt><trkpt lat="47.60834660" lon="19.14689260"><ele>196.10</ele><time>1980-01-07T12:10:37.194Z</time></trkpt><trkpt lat="47.60833920" lon="19.14689080"><ele>196.10</ele><time>1980-01-07T12:10:37.395Z</time></trkpt><trkpt lat="47.60833180" lon="19.14688920"><ele>196.12</ele><time>1980-01-07T12:10:37.595Z</time></trkpt><trkpt lat="47.60832440" lon="19.14688770"><ele>196.14</ele><time>1980-01-07T12:10:37.795Z</time></trkpt><trkpt lat="47.60831690" lon="19.14688630"><ele>196.16</ele><time>1980-01-07T12:10:37.995Z</time></trkpt><trkpt lat="47.60830950" lon="19.14688490"><ele>196.17</ele><time>1980-01-07T12:10:38.195Z</time></trkpt><trkpt lat="47.60830230" lon="19.14688350"><ele>196.18</ele><time>1980-01-07T12:10:38.403Z</time></trkpt><trkpt lat="47.60829500" lon="19.14688210"><ele>196.19</ele><time>1980-01-07T12:10:38.604Z</time></trkpt><trkpt lat="47.60828780" lon="19.14688040"><ele>196.20</ele><time>1980-01-07T12:10:38.805Z</time></trkpt><trkpt lat="47.60828060" lon="19.14687870"><ele>196.20</ele><time>1980-01-07T12:10:39.001Z</time></trkpt><trkpt lat="47.60827330" lon="19.14687690"><ele>196.19</ele><time>1980-01-07T12:10:39.205Z</time></trkpt><trkpt lat="47.60826610" lon="19.14687520"><ele>196.19</ele><time>1980-01-07T12:10:39.405Z</time></trkpt><trkpt lat="47.60825890" lon="19.14687340"><ele>196.20</ele><time>1980-01-07T12:10:39.605Z</time></trkpt><trkpt lat="47.60825170" lon="19.14687150"><ele>196.22</ele><time>1980-01-07T12:10:39.805Z</time></trkpt><trkpt lat="47.60824440" lon="19.14686960"><ele>196.21</ele><time>1980-01-07T12:10:40.001Z</time></trkpt><trkpt lat="47.60823710" lon="19.14686760"><ele>196.21</ele><time>1980-01-07T12:10:40.205Z</time></trkpt><trkpt lat="47.60822980" lon="19.14686570"><ele>196.20</ele><time>1980-01-07T12:10:40.405Z</time></trkpt><trkpt lat="47.60822220" lon="19.14686370"><ele>196.20</ele><time>1980-01-07T12:10:40.595Z</time></trkpt><trkpt lat="47.60821550" lon="19.14686210"><ele>196.20</ele><time>1980-01-07T12:10:40.798Z</time></trkpt><trkpt lat="47.60820820" lon="19.14686030"><ele>196.20</ele><time>1980-01-07T12:10:40.996Z</time></trkpt><trkpt lat="47.60820170" lon="19.14685870"><ele>196.20</ele><time>1980-01-07T12:10:41.199Z</time></trkpt><trkpt lat="47.60819350" lon="19.14685680"><ele>196.19</ele><time>1980-01-07T12:10:41.405Z</time></trkpt><trkpt lat="47.60818640" lon="19.14685520"><ele>196.19</ele><time>1980-01-07T12:10:41.605Z</time></trkpt><trkpt lat="47.60818140" lon="19.14685400"><ele>196.19</ele><time>1980-01-07T12:10:41.797Z</time></trkpt><trkpt lat="47.60817300" lon="19.14685210"><ele>196.19</ele><time>1980-01-07T12:10:41.998Z</time></trkpt><trkpt lat="47.60817020" lon="19.14685140"><ele>196.19</ele><time>1980-01-07T12:10:42.199Z</time></trkpt><trkpt lat="47.60815890" lon="19.14684890"><ele>196.20</ele><time>1980-01-07T12:10:42.401Z</time></trkpt><trkpt lat="47.60815190" lon="19.14684720"><ele>196.21</ele><time>1980-01-07T12:10:42.595Z</time></trkpt><trkpt lat="47.60814480" lon="19.14684540"><ele>196.21</ele><time>1980-01-07T12:10:42.805Z</time></trkpt><trkpt lat="47.60813920" lon="19.14684390"><ele>196.20</ele><time>1980-01-07T12:10:43.001Z</time></trkpt><trkpt lat="47.60813130" lon="19.14684180"><ele>196.20</ele><time>1980-01-07T12:10:43.205Z</time></trkpt><trkpt lat="47.60812350" lon="19.14683980"><ele>196.21</ele><time>1980-01-07T12:10:43.405Z</time></trkpt><trkpt lat="47.60811620" lon="19.14683790"><ele>196.21</ele><time>1980-01-07T12:10:43.605Z</time></trkpt><trkpt lat="47.60811030" lon="19.14683660"><ele>196.21</ele><time>1980-01-07T12:10:43.797Z</time></trkpt><trkpt lat="47.60810320" lon="19.14683510"><ele>196.21</ele><time>1980-01-07T12:10:43.998Z</time></trkpt><trkpt lat="47.60809600" lon="19.14683370"><ele>196.21</ele><time>1980-01-07T12:10:44.200Z</time></trkpt><trkpt lat="47.60808950" lon="19.14683250"><ele>196.22</ele><time>1980-01-07T12:10:44.395Z</time></trkpt><trkpt lat="47.60808170" lon="19.14683100"><ele>196.24</ele><time>1980-01-07T12:10:44.595Z</time></trkpt><trkpt lat="47.60807470" lon="19.14682950"><ele>196.23</ele><time>1980-01-07T12:10:44.805Z</time></trkpt><trkpt lat="47.60806690" lon="19.14682770"><ele>196.23</ele><time>1980-01-07T12:10:45.001Z</time></trkpt><trkpt lat="47.60805970" lon="19.14682610"><ele>196.22</ele><time>1980-01-07T12:10:45.205Z</time></trkpt><trkpt lat="47.60805410" lon="19.14682480"><ele>196.22</ele><time>1980-01-07T12:10:45.405Z</time></trkpt><trkpt lat="47.60804550" lon="19.14682260"><ele>196.20</ele><time>1980-01-07T12:10:45.605Z</time></trkpt><trkpt lat="47.60803830" lon="19.14682080"><ele>196.20</ele><time>1980-01-07T12:10:45.815Z</time></trkpt><trkpt lat="47.60803190" lon="19.14681920"><ele>196.19</ele><time>1980-01-07T12:10:46.025Z</time></trkpt><trkpt lat="47.60802550" lon="19.14681770"><ele>196.18</ele><time>1980-01-07T12:10:46.225Z</time></trkpt><trkpt lat="47.60801760" lon="19.14681590"><ele>196.17</ele><time>1980-01-07T12:10:46.425Z</time></trkpt><trkpt lat="47.60801060" lon="19.14681440"><ele>196.16</ele><time>1980-01-07T12:10:46.625Z</time></trkpt><trkpt lat="47.60800360" lon="19.14681280"><ele>196.14</ele><time>1980-01-07T12:10:46.833Z</time></trkpt><trkpt lat="47.60799680" lon="19.14681120"><ele>196.13</ele><time>1980-01-07T12:10:47.035Z</time></trkpt><trkpt lat="47.60798980" lon="19.14680940"><ele>196.11</ele><time>1980-01-07T12:10:47.226Z</time></trkpt><trkpt lat="47.60798330" lon="19.14680760"><ele>196.10</ele><time>1980-01-07T12:10:47.427Z</time></trkpt><trkpt lat="47.60797730" lon="19.14680610"><ele>196.11</ele><time>1980-01-07T12:10:47.630Z</time></trkpt><trkpt lat="47.60797070" lon="19.14680430"><ele>196.08</ele><time>1980-01-07T12:10:47.829Z</time></trkpt><trkpt lat="47.60796340" lon="19.14680230"><ele>196.07</ele><time>1980-01-07T12:10:48.030Z</time></trkpt><trkpt lat="47.60795650" lon="19.14680060"><ele>196.05</ele><time>1980-01-07T12:10:48.235Z</time></trkpt><trkpt lat="47.60794970" lon="19.14679890"><ele>196.03</ele><time>1980-01-07T12:10:48.435Z</time></trkpt><trkpt lat="47.60794270" lon="19.14679720"><ele>196.00</ele><time>1980-01-07T12:10:48.635Z</time></trkpt><trkpt lat="47.60793570" lon="19.14679540"><ele>195.99</ele><time>1980-01-07T12:10:48.835Z</time></trkpt><trkpt lat="47.60792860" lon="19.14679360"><ele>195.99</ele><time>1980-01-07T12:10:49.035Z</time></trkpt><trkpt lat="47.60792270" lon="19.14679230"><ele>195.99</ele><time>1980-01-07T12:10:49.228Z</time></trkpt><trkpt lat="47.60791550" lon="19.14679080"><ele>195.99</ele><time>1980-01-07T12:10:49.430Z</time></trkpt><trkpt lat="47.60790730" lon="19.14678940"><ele>195.98</ele><time>1980-01-07T12:10:49.633Z</time></trkpt><trkpt lat="47.60789980" lon="19.14678810"><ele>195.98</ele><time>1980-01-07T12:10:49.835Z</time></trkpt><trkpt lat="47.60789230" lon="19.14678700"><ele>195.99</ele><time>1980-01-07T12:10:50.035Z</time></trkpt><trkpt lat="47.60788580" lon="19.14678610"><ele>196.01</ele><time>1980-01-07T12:10:50.235Z</time></trkpt><trkpt lat="47.60787800" lon="19.14678500"><ele>196.04</ele><time>1980-01-07T12:10:50.435Z</time></trkpt><trkpt lat="47.60787180" lon="19.14678410"><ele>196.06</ele><time>1980-01-07T12:10:50.635Z</time></trkpt><trkpt lat="47.60786690" lon="19.14678330"><ele>196.06</ele><time>1980-01-07T12:10:50.835Z</time></trkpt><trkpt lat="47.60786290" lon="19.14678250"><ele>196.07</ele><time>1980-01-07T12:10:51.030Z</time></trkpt><trkpt lat="47.60786080" lon="19.14678220"><ele>196.09</ele><time>1980-01-07T12:10:51.227Z</time></trkpt><trkpt lat="47.60785870" lon="19.14678140"><ele>196.10</ele><time>1980-01-07T12:10:51.428Z</time></trkpt><trkpt lat="47.60785800" lon="19.14678090"><ele>196.11</ele><time>1980-01-07T12:10:51.629Z</time></trkpt><trkpt lat="47.60785820" lon="19.14678050"><ele>196.12</ele><time>1980-01-07T12:10:51.830Z</time></trkpt><trkpt lat="47.60785910" lon="19.14678020"><ele>196.14</ele><time>1980-01-07T12:10:52.031Z</time></trkpt><trkpt lat="47.60786060" lon="19.14678010"><ele>196.15</ele><time>1980-01-07T12:10:52.235Z</time></trkpt><trkpt lat="47.60786200" lon="19.14678010"><ele>196.16</ele><time>1980-01-07T12:10:52.435Z</time></trkpt><trkpt lat="47.60786420" lon="19.14678000"><ele>196.17</ele><time>1980-01-07T12:10:52.635Z</time></trkpt><trkpt lat="47.60786640" lon="19.14677980"><ele>196.17</ele><time>1980-01-07T12:10:52.835Z</time></trkpt><trkpt lat="47.60786860" lon="19.14677980"><ele>196.18</ele><time>1980-01-07T12:10:53.035Z</time></trkpt><trkpt lat="47.60786990" lon="19.14678000"><ele>196.19</ele><time>1980-01-07T12:10:53.235Z</time></trkpt><trkpt lat="47.60787320" lon="19.14678000"><ele>196.21</ele><time>1980-01-07T12:10:53.426Z</time></trkpt><trkpt lat="47.60787650" lon="19.14678030"><ele>196.22</ele><time>1980-01-07T12:10:53.626Z</time></trkpt><trkpt lat="47.60788090" lon="19.14678080"><ele>196.22</ele><time>1980-01-07T12:10:53.827Z</time></trkpt><trkpt lat="47.60788660" lon="19.14678160"><ele>196.21</ele><time>1980-01-07T12:10:54.033Z</time></trkpt><trkpt lat="47.60789330" lon="19.14678290"><ele>196.21</ele><time>1980-01-07T12:10:54.235Z</time></trkpt><trkpt lat="47.60790100" lon="19.14678410"><ele>196.20</ele><time>1980-01-07T12:10:54.435Z</time></trkpt><trkpt lat="47.60790930" lon="19.14678550"><ele>196.19</ele><time>1980-01-07T12:10:54.635Z</time></trkpt><trkpt lat="47.60791850" lon="19.14678700"><ele>196.18</ele><time>1980-01-07T12:10:54.835Z</time></trkpt><trkpt lat="47.60792800" lon="19.14678890"><ele>196.18</ele><time>1980-01-07T12:10:55.039Z</time></trkpt><trkpt lat="47.60793760" lon="19.14679080"><ele>196.20</ele><time>1980-01-07T12:10:55.240Z</time></trkpt><trkpt lat="47.60794670" lon="19.14679240"><ele>196.20</ele><time>1980-01-07T12:10:55.443Z</time></trkpt><trkpt lat="47.60795780" lon="19.14679460"><ele>196.21</ele><time>1980-01-07T12:10:55.645Z</time></trkpt><trkpt lat="47.60796790" lon="19.14679650"><ele>196.21</ele><time>1980-01-07T12:10:55.845Z</time></trkpt><trkpt lat="47.60797770" lon="19.14679840"><ele>196.22</ele><time>1980-01-07T12:10:56.045Z</time></trkpt><trkpt lat="47.60798750" lon="19.14680040"><ele>196.21</ele><time>1980-01-07T12:10:56.245Z</time></trkpt><trkpt lat="47.60799700" lon="19.14680260"><ele>196.21</ele><time>1980-01-07T12:10:56.445Z</time></trkpt><trkpt lat="47.60800610" lon="19.14680480"><ele>196.22</ele><time>1980-01-07T12:10:56.645Z</time></trkpt><trkpt lat="47.60801490" lon="19.14680700"><ele>196.21</ele><time>1980-01-07T12:10:56.845Z</time></trkpt><trkpt lat="47.60802340" lon="19.14680920"><ele>196.21</ele><time>1980-01-07T12:10:57.045Z</time></trkpt><trkpt lat="47.60803090" lon="19.14681140"><ele>196.21</ele><time>1980-01-07T12:10:57.245Z</time></trkpt><trkpt lat="47.60803970" lon="19.14681400"><ele>196.22</ele><time>1980-01-07T12:10:57.445Z</time></trkpt><trkpt lat="47.60804750" lon="19.14681660"><ele>196.22</ele><time>1980-01-07T12:10:57.655Z</time></trkpt><trkpt lat="47.60805500" lon="19.14681910"><ele>196.21</ele><time>1980-01-07T12:10:57.855Z</time></trkpt><trkpt lat="47.60806170" lon="19.14682150"><ele>196.21</ele><time>1980-01-07T12:10:58.046Z</time></trkpt><trkpt lat="47.60806930" lon="19.14682440"><ele>196.20</ele><time>1980-01-07T12:10:58.255Z</time></trkpt><trkpt lat="47.60807500" lon="19.14682660"><ele>196.21</ele><time>1980-01-07T12:10:58.459Z</time></trkpt><trkpt lat="47.60808260" lon="19.14682970"><ele>196.20</ele><time>1980-01-07T12:10:58.663Z</time></trkpt><trkpt lat="47.60809010" lon="19.14683270"><ele>196.20</ele><time>1980-01-07T12:10:58.857Z</time></trkpt><trkpt lat="47.60809680" lon="19.14683540"><ele>196.20</ele><time>1980-01-07T12:10:59.060Z</time></trkpt><trkpt lat="47.60810310" lon="19.14683790"><ele>196.20</ele><time>1980-01-07T12:10:59.260Z</time></trkpt><trkpt lat="47.60810980" lon="19.14684040"><ele>196.19</ele><time>1980-01-07T12:10:59.465Z</time></trkpt><trkpt lat="47.60811640" lon="19.14684280"><ele>196.19</ele><time>1980-01-07T12:10:59.665Z</time></trkpt><trkpt lat="47.60812290" lon="19.14684510"><ele>196.18</ele><time>1980-01-07T12:10:59.855Z</time></trkpt><trkpt lat="47.60812950" lon="19.14684720"><ele>196.17</ele><time>1980-01-07T12:11:00.055Z</time></trkpt><trkpt lat="47.60813500" lon="19.14684900"><ele>196.19</ele><time>1980-01-07T12:11:00.261Z</time></trkpt><trkpt lat="47.60814220" lon="19.14685100"><ele>196.20</ele><time>1980-01-07T12:11:00.456Z</time></trkpt><trkpt lat="47.60814760" lon="19.14685240"><ele>196.20</ele><time>1980-01-07T12:11:00.660Z</time></trkpt><trkpt lat="47.60815570" lon="19.14685430"><ele>196.20</ele><time>1980-01-07T12:11:00.863Z</time></trkpt><trkpt lat="47.60816120" lon="19.14685550"><ele>196.19</ele><time>1980-01-07T12:11:01.062Z</time></trkpt><trkpt lat="47.60816890" lon="19.14685710"><ele>196.19</ele><time>1980-01-07T12:11:01.260Z</time></trkpt><trkpt lat="47.60817520" lon="19.14685820"><ele>196.19</ele><time>1980-01-07T12:11:01.464Z</time></trkpt><trkpt lat="47.60818360" lon="19.14685970"><ele>196.18</ele><time>1980-01-07T12:11:01.665Z</time></trkpt><trkpt lat="47.60819070" lon="19.14686080"><ele>196.18</ele><time>1980-01-07T12:11:01.865Z</time></trkpt><trkpt lat="47.60819770" lon="19.14686190"><ele>196.18</ele><time>1980-01-07T12:11:02.065Z</time></trkpt><trkpt lat="47.60820450" lon="19.14686310"><ele>196.17</ele><time>1980-01-07T12:11:02.265Z</time></trkpt><trkpt lat="47.60821160" lon="19.14686450"><ele>196.17</ele><time>1980-01-07T12:11:02.465Z</time></trkpt><trkpt lat="47.60821870" lon="19.14686580"><ele>196.17</ele><time>1980-01-07T12:11:02.665Z</time></trkpt><trkpt lat="47.60822560" lon="19.14686710"><ele>196.17</ele><time>1980-01-07T12:11:02.865Z</time></trkpt><trkpt lat="47.60823140" lon="19.14686830"><ele>196.18</ele><time>1980-01-07T12:11:03.065Z</time></trkpt><trkpt lat="47.60823880" lon="19.14686990"><ele>196.19</ele><time>1980-01-07T12:11:03.265Z</time></trkpt><trkpt lat="47.60824670" lon="19.14687160"><ele>196.19</ele><time>1980-01-07T12:11:03.465Z</time></trkpt><trkpt lat="47.60825400" lon="19.14687330"><ele>196.19</ele><time>1980-01-07T12:11:03.665Z</time></trkpt><trkpt lat="47.60826060" lon="19.14687480"><ele>196.19</ele><time>1980-01-07T12:11:03.865Z</time></trkpt><trkpt lat="47.60826790" lon="19.14687660"><ele>196.20</ele><time>1980-01-07T12:11:04.065Z</time></trkpt><trkpt lat="47.60827590" lon="19.14687840"><ele>196.20</ele><time>1980-01-07T12:11:04.265Z</time></trkpt><trkpt lat="47.60828310" lon="19.14688000"><ele>196.21</ele><time>1980-01-07T12:11:04.465Z</time></trkpt><trkpt lat="47.60829030" lon="19.14688150"><ele>196.21</ele><time>1980-01-07T12:11:04.665Z</time></trkpt><trkpt lat="47.60829760" lon="19.14688290"><ele>196.23</ele><time>1980-01-07T12:11:04.875Z</time></trkpt><trkpt lat="47.60830340" lon="19.14688400"><ele>196.24</ele><time>1980-01-07T12:11:05.066Z</time></trkpt><trkpt lat="47.60831130" lon="19.14688550"><ele>196.25</ele><time>1980-01-07T12:11:05.265Z</time></trkpt><trkpt lat="47.60831840" lon="19.14688690"><ele>196.25</ele><time>1980-01-07T12:11:05.466Z</time></trkpt><trkpt lat="47.60832560" lon="19.14688820"><ele>196.25</ele><time>1980-01-07T12:11:05.666Z</time></trkpt><trkpt lat="47.60833280" lon="19.14688950"><ele>196.25</ele><time>1980-01-07T12:11:05.874Z</time></trkpt><trkpt lat="47.60834010" lon="19.14689090"><ele>196.25</ele><time>1980-01-07T12:11:06.075Z</time></trkpt><trkpt lat="47.60834720" lon="19.14689250"><ele>196.26</ele><time>1980-01-07T12:11:06.270Z</time></trkpt><trkpt lat="47.60835440" lon="19.14689400"><ele>196.27</ele><time>1980-01-07T12:11:06.475Z</time></trkpt><trkpt lat="47.60836160" lon="19.14689560"><ele>196.26</ele><time>1980-01-07T12:11:06.675Z</time></trkpt><trkpt lat="47.60836880" lon="19.14689740"><ele>196.27</ele><time>1980-01-07T12:11:06.875Z</time></trkpt><trkpt lat="47.60837590" lon="19.14689910"><ele>196.27</ele><time>1980-01-07T12:11:07.075Z</time></trkpt><trkpt lat="47.60838160" lon="19.14690040"><ele>196.28</ele><time>1980-01-07T12:11:07.269Z</time></trkpt><trkpt lat="47.60838910" lon="19.14690210"><ele>196.28</ele><time>1980-01-07T12:11:07.471Z</time></trkpt><trkpt lat="47.60839530" lon="19.14690360"><ele>196.30</ele><time>1980-01-07T12:11:07.672Z</time></trkpt><trkpt lat="47.60840210" lon="19.14690530"><ele>196.31</ele><time>1980-01-07T12:11:07.873Z</time></trkpt><trkpt lat="47.60840840" lon="19.14690680"><ele>196.30</ele><time>1980-01-07T12:11:08.075Z</time></trkpt><trkpt lat="47.60841700" lon="19.14690900"><ele>196.28</ele><time>1980-01-07T12:11:08.275Z</time></trkpt><trkpt lat="47.60842340" lon="19.14691070"><ele>196.28</ele><time>1980-01-07T12:11:08.485Z</time></trkpt><trkpt lat="47.60843040" lon="19.14691260"><ele>196.28</ele><time>1980-01-07T12:11:08.685Z</time></trkpt><trkpt lat="47.60843840" lon="19.14691490"><ele>196.27</ele><time>1980-01-07T12:11:08.885Z</time></trkpt><trkpt lat="47.60844570" lon="19.14691690"><ele>196.28</ele><time>1980-01-07T12:11:09.094Z</time></trkpt><trkpt lat="47.60845280" lon="19.14691890"><ele>196.29</ele><time>1980-01-07T12:11:09.295Z</time></trkpt><trkpt lat="47.60845990" lon="19.14692080"><ele>196.29</ele><time>1980-01-07T12:11:09.495Z</time></trkpt><trkpt lat="47.60846710" lon="19.14692280"><ele>196.29</ele><time>1980-01-07T12:11:09.695Z</time></trkpt><trkpt lat="47.60847280" lon="19.14692440"><ele>196.29</ele><time>1980-01-07T12:11:09.904Z</time></trkpt><trkpt lat="47.60848000" lon="19.14692640"><ele>196.30</ele><time>1980-01-07T12:11:10.105Z</time></trkpt><trkpt lat="47.60848720" lon="19.14692830"><ele>196.30</ele><time>1980-01-07T12:11:10.305Z</time></trkpt><trkpt lat="47.60849580" lon="19.14693070"><ele>196.31</ele><time>1980-01-07T12:11:10.505Z</time></trkpt><trkpt lat="47.60850300" lon="19.14693280"><ele>196.31</ele><time>1980-01-07T12:11:10.705Z</time></trkpt><trkpt lat="47.60851030" lon="19.14693480"><ele>196.30</ele><time>1980-01-07T12:11:10.905Z</time></trkpt><trkpt lat="47.60851700" lon="19.14693660"><ele>196.30</ele><time>1980-01-07T12:11:11.105Z</time></trkpt><trkpt lat="47.60852460" lon="19.14693880"><ele>196.31</ele><time>1980-01-07T12:11:11.304Z</time></trkpt><trkpt lat="47.60853210" lon="19.14694100"><ele>196.32</ele><time>1980-01-07T12:11:11.505Z</time></trkpt><trkpt lat="47.60853930" lon="19.14694300"><ele>196.32</ele><time>1980-01-07T12:11:11.705Z</time></trkpt><trkpt lat="47.60854680" lon="19.14694510"><ele>196.33</ele><time>1980-01-07T12:11:11.905Z</time></trkpt><trkpt lat="47.60855270" lon="19.14694660"><ele>196.33</ele><time>1980-01-07T12:11:12.105Z</time></trkpt><trkpt lat="47.60856170" lon="19.14694890"><ele>196.34</ele><time>1980-01-07T12:11:12.305Z</time></trkpt><trkpt lat="47.60856900" lon="19.14695060"><ele>196.35</ele><time>1980-01-07T12:11:12.515Z</time></trkpt><trkpt lat="47.60857630" lon="19.14695220"><ele>196.36</ele><time>1980-01-07T12:11:12.715Z</time></trkpt><trkpt lat="47.60858350" lon="19.14695370"><ele>196.36</ele><time>1980-01-07T12:11:12.915Z</time></trkpt><trkpt lat="47.60859070" lon="19.14695520"><ele>196.37</ele><time>1980-01-07T12:11:13.115Z</time></trkpt><trkpt lat="47.60859790" lon="19.14695680"><ele>196.39</ele><time>1980-01-07T12:11:13.315Z</time></trkpt><trkpt lat="47.60860430" lon="19.14695830"><ele>196.40</ele><time>1980-01-07T12:11:13.506Z</time></trkpt><trkpt lat="47.60861150" lon="19.14696000"><ele>196.42</ele><time>1980-01-07T12:11:13.706Z</time></trkpt><trkpt lat="47.60861780" lon="19.14696160"><ele>196.43</ele><time>1980-01-07T12:11:13.908Z</time></trkpt><trkpt lat="47.60862530" lon="19.14696360"><ele>196.43</ele><time>1980-01-07T12:11:14.109Z</time></trkpt><trkpt lat="47.60863240" lon="19.14696530"><ele>196.45</ele><time>1980-01-07T12:11:14.313Z</time></trkpt><trkpt lat="47.60863930" lon="19.14696700"><ele>196.46</ele><time>1980-01-07T12:11:14.515Z</time></trkpt><trkpt lat="47.60864620" lon="19.14696860"><ele>196.47</ele><time>1980-01-07T12:11:14.715Z</time></trkpt><trkpt lat="47.60865330" lon="19.14697010"><ele>196.46</ele><time>1980-01-07T12:11:14.915Z</time></trkpt><trkpt lat="47.60866050" lon="19.14697160"><ele>196.46</ele><time>1980-01-07T12:11:15.124Z</time></trkpt><trkpt lat="47.60866770" lon="19.14697320"><ele>196.45</ele><time>1980-01-07T12:11:15.325Z</time></trkpt><trkpt lat="47.60867480" lon="19.14697470"><ele>196.46</ele><time>1980-01-07T12:11:15.525Z</time></trkpt><trkpt lat="47.60868190" lon="19.14697620"><ele>196.46</ele><time>1980-01-07T12:11:15.725Z</time></trkpt><trkpt lat="47.60868910" lon="19.14697770"><ele>196.47</ele><time>1980-01-07T12:11:15.925Z</time></trkpt><trkpt lat="47.60869570" lon="19.14697920"><ele>196.47</ele><time>1980-01-07T12:11:16.116Z</time></trkpt><trkpt lat="47.60870360" lon="19.14698090"><ele>196.46</ele><time>1980-01-07T12:11:16.325Z</time></trkpt><trkpt lat="47.60871030" lon="19.14698230"><ele>196.47</ele><time>1980-01-07T12:11:16.525Z</time></trkpt><trkpt lat="47.60871750" lon="19.14698390"><ele>196.48</ele><time>1980-01-07T12:11:16.725Z</time></trkpt><trkpt lat="47.60872470" lon="19.14698550"><ele>196.48</ele><time>1980-01-07T12:11:16.925Z</time></trkpt><trkpt lat="47.60873190" lon="19.14698710"><ele>196.48</ele><time>1980-01-07T12:11:17.125Z</time></trkpt><trkpt lat="47.60873950" lon="19.14698870"><ele>196.48</ele><time>1980-01-07T12:11:17.322Z</time></trkpt><trkpt lat="47.60874560" lon="19.14699010"><ele>196.48</ele><time>1980-01-07T12:11:17.525Z</time></trkpt><trkpt lat="47.60875340" lon="19.14699170"><ele>196.48</ele><time>1980-01-07T12:11:17.725Z</time></trkpt><trkpt lat="47.60876060" lon="19.14699320"><ele>196.48</ele><time>1980-01-07T12:11:17.924Z</time></trkpt><trkpt lat="47.60876770" lon="19.14699470"><ele>196.47</ele><time>1980-01-07T12:11:18.126Z</time></trkpt><trkpt lat="47.60877490" lon="19.14699620"><ele>196.47</ele><time>1980-01-07T12:11:18.325Z</time></trkpt><trkpt lat="47.60878210" lon="19.14699780"><ele>196.46</ele><time>1980-01-07T12:11:18.525Z</time></trkpt><trkpt lat="47.60878940" lon="19.14699930"><ele>196.45</ele><time>1980-01-07T12:11:18.725Z</time></trkpt><trkpt lat="47.60879670" lon="19.14700080"><ele>196.45</ele><time>1980-01-07T12:11:18.925Z</time></trkpt><trkpt lat="47.60880400" lon="19.14700230"><ele>196.45</ele><time>1980-01-07T12:11:19.125Z</time></trkpt><trkpt lat="47.60880990" lon="19.14700350"><ele>196.45</ele><time>1980-01-07T12:11:19.326Z</time></trkpt><trkpt lat="47.60881710" lon="19.14700520"><ele>196.45</ele><time>1980-01-07T12:11:19.525Z</time></trkpt><trkpt lat="47.60882490" lon="19.14700700"><ele>196.45</ele><time>1980-01-07T12:11:19.725Z</time></trkpt><trkpt lat="47.60883210" lon="19.14700870"><ele>196.43</ele><time>1980-01-07T12:11:19.925Z</time></trkpt><trkpt lat="47.60883910" lon="19.14701040"><ele>196.43</ele><time>1980-01-07T12:11:20.125Z</time></trkpt><trkpt lat="47.60884620" lon="19.14701210"><ele>196.43</ele><time>1980-01-07T12:11:20.325Z</time></trkpt><trkpt lat="47.60885330" lon="19.14701390"><ele>196.44</ele><time>1980-01-07T12:11:20.525Z</time></trkpt><trkpt lat="47.60886030" lon="19.14701580"><ele>196.44</ele><time>1980-01-07T12:11:20.725Z</time></trkpt><trkpt lat="47.60886720" lon="19.14701780"><ele>196.45</ele><time>1980-01-07T12:11:20.925Z</time></trkpt><trkpt lat="47.60887280" lon="19.14701930"><ele>196.45</ele><time>1980-01-07T12:11:21.125Z</time></trkpt><trkpt lat="47.60888040" lon="19.14702140"><ele>196.45</ele><time>1980-01-07T12:11:21.325Z</time></trkpt><trkpt lat="47.60888820" lon="19.14702340"><ele>196.45</ele><time>1980-01-07T12:11:21.525Z</time></trkpt><trkpt lat="47.60889390" lon="19.14702490"><ele>196.45</ele><time>1980-01-07T12:11:21.727Z</time></trkpt><trkpt lat="47.60890160" lon="19.14702690"><ele>196.45</ele><time>1980-01-07T12:11:21.930Z</time></trkpt><trkpt lat="47.60890800" lon="19.14702850"><ele>196.45</ele><time>1980-01-07T12:11:22.128Z</time></trkpt><trkpt lat="47.60891590" lon="19.14703040"><ele>196.46</ele><time>1980-01-07T12:11:22.334Z</time></trkpt><trkpt lat="47.60892220" lon="19.14703200"><ele>196.45</ele><time>1980-01-07T12:11:22.535Z</time></trkpt><trkpt lat="47.60893010" lon="19.14703400"><ele>196.45</ele><time>1980-01-07T12:11:22.735Z</time></trkpt><trkpt lat="47.60893720" lon="19.14703570"><ele>196.45</ele><time>1980-01-07T12:11:22.929Z</time></trkpt><trkpt lat="47.60894420" lon="19.14703740"><ele>196.44</ele><time>1980-01-07T12:11:23.132Z</time></trkpt><trkpt lat="47.60895080" lon="19.14703910"><ele>196.44</ele><time>1980-01-07T12:11:23.334Z</time></trkpt><trkpt lat="47.60895810" lon="19.14704110"><ele>196.43</ele><time>1980-01-07T12:11:23.532Z</time></trkpt><trkpt lat="47.60896540" lon="19.14704300"><ele>196.42</ele><time>1980-01-07T12:11:23.735Z</time></trkpt><trkpt lat="47.60897350" lon="19.14704500"><ele>196.42</ele><time>1980-01-07T12:11:23.935Z</time></trkpt><trkpt lat="47.60898070" lon="19.14704680"><ele>196.41</ele><time>1980-01-07T12:11:24.136Z</time></trkpt><trkpt lat="47.60898740" lon="19.14704840"><ele>196.41</ele><time>1980-01-07T12:11:24.328Z</time></trkpt><trkpt lat="47.60899460" lon="19.14705020"><ele>196.41</ele><time>1980-01-07T12:11:24.535Z</time></trkpt><trkpt lat="47.60900170" lon="19.14705190"><ele>196.40</ele><time>1980-01-07T12:11:24.735Z</time></trkpt><trkpt lat="47.60900870" lon="19.14705350"><ele>196.40</ele><time>1980-01-07T12:11:24.945Z</time></trkpt><trkpt lat="47.60901600" lon="19.14705510"><ele>196.40</ele><time>1980-01-07T12:11:25.145Z</time></trkpt><trkpt lat="47.60902320" lon="19.14705670"><ele>196.41</ele><time>1980-01-07T12:11:25.341Z</time></trkpt><trkpt lat="47.60903020" lon="19.14705820"><ele>196.41</ele><time>1980-01-07T12:11:25.541Z</time></trkpt><trkpt lat="47.60903740" lon="19.14705980"><ele>196.42</ele><time>1980-01-07T12:11:25.739Z</time></trkpt><trkpt lat="47.60904450" lon="19.14706140"><ele>196.42</ele><time>1980-01-07T12:11:25.943Z</time></trkpt><trkpt lat="47.60905170" lon="19.14706310"><ele>196.42</ele><time>1980-01-07T12:11:26.146Z</time></trkpt><trkpt lat="47.60905870" lon="19.14706470"><ele>196.42</ele><time>1980-01-07T12:11:26.345Z</time></trkpt><trkpt lat="47.60906580" lon="19.14706620"><ele>196.41</ele><time>1980-01-07T12:11:26.556Z</time></trkpt><trkpt lat="47.60907280" lon="19.14706770"><ele>196.41</ele><time>1980-01-07T12:11:26.755Z</time></trkpt><trkpt lat="47.60908010" lon="19.14706920"><ele>196.41</ele><time>1980-01-07T12:11:26.955Z</time></trkpt><trkpt lat="47.60908660" lon="19.14707060"><ele>196.41</ele><time>1980-01-07T12:11:27.155Z</time></trkpt><trkpt lat="47.60909410" lon="19.14707220"><ele>196.41</ele><time>1980-01-07T12:11:27.346Z</time></trkpt><trkpt lat="47.60910140" lon="19.14707370"><ele>196.41</ele><time>1980-01-07T12:11:27.549Z</time></trkpt><trkpt lat="47.60910870" lon="19.14707530"><ele>196.41</ele><time>1980-01-07T12:11:27.751Z</time></trkpt><trkpt lat="47.60911610" lon="19.14707690"><ele>196.41</ele><time>1980-01-07T12:11:27.952Z</time></trkpt><trkpt lat="47.60912340" lon="19.14707860"><ele>196.41</ele><time>1980-01-07T12:11:28.154Z</time></trkpt><trkpt lat="47.60913010" lon="19.14708010"><ele>196.41</ele><time>1980-01-07T12:11:28.353Z</time></trkpt><trkpt lat="47.60913810" lon="19.14708190"><ele>196.41</ele><time>1980-01-07T12:11:28.554Z</time></trkpt><trkpt lat="47.60914540" lon="19.14708370"><ele>196.41</ele><time>1980-01-07T12:11:28.755Z</time></trkpt><trkpt lat="47.60915280" lon="19.14708550"><ele>196.41</ele><time>1980-01-07T12:11:28.955Z</time></trkpt><trkpt lat="47.60916000" lon="19.14708720"><ele>196.41</ele><time>1980-01-07T12:11:29.155Z</time></trkpt><trkpt lat="47.60916730" lon="19.14708910"><ele>196.42</ele><time>1980-01-07T12:11:29.349Z</time></trkpt><trkpt lat="47.60917390" lon="19.14709070"><ele>196.44</ele><time>1980-01-07T12:11:29.553Z</time></trkpt><trkpt lat="47.60917950" lon="19.14709220"><ele>196.45</ele><time>1980-01-07T12:11:29.754Z</time></trkpt><trkpt lat="47.60918810" lon="19.14709430"><ele>196.46</ele><time>1980-01-07T12:11:29.955Z</time></trkpt><trkpt lat="47.60919380" lon="19.14709570"><ele>196.47</ele><time>1980-01-07T12:11:30.155Z</time></trkpt><trkpt lat="47.60920210" lon="19.14709790"><ele>196.48</ele><time>1980-01-07T12:11:30.355Z</time></trkpt><trkpt lat="47.60920930" lon="19.14709960"><ele>196.48</ele><time>1980-01-07T12:11:30.555Z</time></trkpt><trkpt lat="47.60921650" lon="19.14710140"><ele>196.49</ele><time>1980-01-07T12:11:30.755Z</time></trkpt><trkpt lat="47.60922300" lon="19.14710280"><ele>196.49</ele><time>1980-01-07T12:11:30.951Z</time></trkpt><trkpt lat="47.60922940" lon="19.14710430"><ele>196.49</ele><time>1980-01-07T12:11:31.155Z</time></trkpt><trkpt lat="47.60923670" lon="19.14710610"><ele>196.50</ele><time>1980-01-07T12:11:31.355Z</time></trkpt><trkpt lat="47.60924390" lon="19.14710790"><ele>196.51</ele><time>1980-01-07T12:11:31.555Z</time></trkpt><trkpt lat="47.60925180" lon="19.14711000"><ele>196.51</ele><time>1980-01-07T12:11:31.755Z</time></trkpt><trkpt lat="47.60925810" lon="19.14711160"><ele>196.51</ele><time>1980-01-07T12:11:31.955Z</time></trkpt><trkpt lat="47.60926600" lon="19.14711380"><ele>196.52</ele><time>1980-01-07T12:11:32.165Z</time></trkpt><trkpt lat="47.60927320" lon="19.14711570"><ele>196.53</ele><time>1980-01-07T12:11:32.365Z</time></trkpt><trkpt lat="47.60927960" lon="19.14711730"><ele>196.53</ele><time>1980-01-07T12:11:32.565Z</time></trkpt><trkpt lat="47.60928750" lon="19.14711940"><ele>196.54</ele><time>1980-01-07T12:11:32.774Z</time></trkpt><trkpt lat="47.60929470" lon="19.14712120"><ele>196.55</ele><time>1980-01-07T12:11:32.975Z</time></trkpt><trkpt lat="47.60930120" lon="19.14712270"><ele>196.55</ele><time>1980-01-07T12:11:33.175Z</time></trkpt><trkpt lat="47.60930880" lon="19.14712450"><ele>196.55</ele><time>1980-01-07T12:11:33.375Z</time></trkpt><trkpt lat="47.60931680" lon="19.14712640"><ele>196.56</ele><time>1980-01-07T12:11:33.575Z</time></trkpt><trkpt lat="47.60932410" lon="19.14712800"><ele>196.57</ele><time>1980-01-07T12:11:33.775Z</time></trkpt><trkpt lat="47.60933140" lon="19.14712970"><ele>196.57</ele><time>1980-01-07T12:11:33.974Z</time></trkpt><trkpt lat="47.60933800" lon="19.14713120"><ele>196.57</ele><time>1980-01-07T12:11:34.175Z</time></trkpt><trkpt lat="47.60934450" lon="19.14713270"><ele>196.57</ele><time>1980-01-07T12:11:34.376Z</time></trkpt><trkpt lat="47.60935240" lon="19.14713450"><ele>196.57</ele><time>1980-01-07T12:11:34.576Z</time></trkpt><trkpt lat="47.60935950" lon="19.14713590"><ele>196.57</ele><time>1980-01-07T12:11:34.775Z</time></trkpt><trkpt lat="47.60936660" lon="19.14713740"><ele>196.57</ele><time>1980-01-07T12:11:34.975Z</time></trkpt><trkpt lat="47.60937370" lon="19.14713890"><ele>196.57</ele><time>1980-01-07T12:11:35.175Z</time></trkpt><trkpt lat="47.60938100" lon="19.14714040"><ele>196.57</ele><time>1980-01-07T12:11:35.375Z</time></trkpt><trkpt lat="47.60938790" lon="19.14714200"><ele>196.58</ele><time>1980-01-07T12:11:35.575Z</time></trkpt><trkpt lat="47.60939430" lon="19.14714350"><ele>196.59</ele><time>1980-01-07T12:11:35.775Z</time></trkpt><trkpt lat="47.60940000" lon="19.14714500"><ele>196.59</ele><time>1980-01-07T12:11:35.975Z</time></trkpt><trkpt lat="47.60940480" lon="19.14714630"><ele>196.58</ele><time>1980-01-07T12:11:36.175Z</time></trkpt><trkpt lat="47.60940810" lon="19.14714720"><ele>196.57</ele><time>1980-01-07T12:11:36.375Z</time></trkpt><trkpt lat="47.60941080" lon="19.14714800"><ele>196.56</ele><time>1980-01-07T12:11:36.575Z</time></trkpt><trkpt lat="47.60941200" lon="19.14714850"><ele>196.55</ele><time>1980-01-07T12:11:36.775Z</time></trkpt><trkpt lat="47.60941220" lon="19.14714890"><ele>196.55</ele><time>1980-01-07T12:11:36.985Z</time></trkpt><trkpt lat="47.60941170" lon="19.14714930"><ele>196.55</ele><time>1980-01-07T12:11:37.184Z</time></trkpt><trkpt lat="47.60941070" lon="19.14714970"><ele>196.55</ele><time>1980-01-07T12:11:37.377Z</time></trkpt><trkpt lat="47.60940920" lon="19.14715000"><ele>196.55</ele><time>1980-01-07T12:11:37.578Z</time></trkpt><trkpt lat="47.60940740" lon="19.14715040"><ele>196.55</ele><time>1980-01-07T12:11:37.779Z</time></trkpt><trkpt lat="47.60940540" lon="19.14715060"><ele>196.56</ele><time>1980-01-07T12:11:37.979Z</time></trkpt><trkpt lat="47.60940330" lon="19.14715070"><ele>196.57</ele><time>1980-01-07T12:11:38.181Z</time></trkpt><trkpt lat="47.60940090" lon="19.14715060"><ele>196.59</ele><time>1980-01-07T12:11:38.385Z</time></trkpt><trkpt lat="47.60939870" lon="19.14715040"><ele>196.59</ele><time>1980-01-07T12:11:38.586Z</time></trkpt><trkpt lat="47.60939650" lon="19.14715010"><ele>196.59</ele><time>1980-01-07T12:11:38.785Z</time></trkpt><trkpt lat="47.60939360" lon="19.14714960"><ele>196.58</ele><time>1980-01-07T12:11:38.980Z</time></trkpt><trkpt lat="47.60939020" lon="19.14714890"><ele>196.57</ele><time>1980-01-07T12:11:39.185Z</time></trkpt><trkpt lat="47.60938500" lon="19.14714780"><ele>196.55</ele><time>1980-01-07T12:11:39.385Z</time></trkpt><trkpt lat="47.60937900" lon="19.14714650"><ele>196.53</ele><time>1980-01-07T12:11:39.585Z</time></trkpt><trkpt lat="47.60937200" lon="19.14714490"><ele>196.51</ele><time>1980-01-07T12:11:39.785Z</time></trkpt><trkpt lat="47.60936400" lon="19.14714300"><ele>196.51</ele><time>1980-01-07T12:11:39.985Z</time></trkpt><trkpt lat="47.60935640" lon="19.14714110"><ele>196.52</ele><time>1980-01-07T12:11:40.185Z</time></trkpt><trkpt lat="47.60934670" lon="19.14713860"><ele>196.51</ele><time>1980-01-07T12:11:40.395Z</time></trkpt><trkpt lat="47.60933750" lon="19.14713620"><ele>196.51</ele><time>1980-01-07T12:11:40.595Z</time></trkpt><trkpt lat="47.60932800" lon="19.14713370"><ele>196.51</ele><time>1980-01-07T12:11:40.795Z</time></trkpt><trkpt lat="47.60931860" lon="19.14713120"><ele>196.51</ele><time>1980-01-07T12:11:41.001Z</time></trkpt><trkpt lat="47.60930970" lon="19.14712880"><ele>196.50</ele><time>1980-01-07T12:11:41.205Z</time></trkpt><trkpt lat="47.60930130" lon="19.14712650"><ele>196.49</ele><time>1980-01-07T12:11:41.398Z</time></trkpt><trkpt lat="47.60929130" lon="19.14712360"><ele>196.47</ele><time>1980-01-07T12:11:41.599Z</time></trkpt><trkpt lat="47.60928240" lon="19.14712100"><ele>196.47</ele><time>1980-01-07T12:11:41.795Z</time></trkpt><trkpt lat="47.60927360" lon="19.14711830"><ele>196.49</ele><time>1980-01-07T12:11:42.001Z</time></trkpt><trkpt lat="47.60926490" lon="19.14711570"><ele>196.49</ele><time>1980-01-07T12:11:42.195Z</time></trkpt><trkpt lat="47.60925660" lon="19.14711300"><ele>196.47</ele><time>1980-01-07T12:11:42.395Z</time></trkpt><trkpt lat="47.60924850" lon="19.14711020"><ele>196.44</ele><time>1980-01-07T12:11:42.605Z</time></trkpt><trkpt lat="47.60924210" lon="19.14710800"><ele>196.42</ele><time>1980-01-07T12:11:42.795Z</time></trkpt><trkpt lat="47.60923290" lon="19.14710460"><ele>196.39</ele><time>1980-01-07T12:11:43.001Z</time></trkpt><trkpt lat="47.60922520" lon="19.14710170"><ele>196.38</ele><time>1980-01-07T12:11:43.205Z</time></trkpt><trkpt lat="47.60921740" lon="19.14709890"><ele>196.37</ele><time>1980-01-07T12:11:43.415Z</time></trkpt><trkpt lat="47.60921010" lon="19.14709630"><ele>196.36</ele><time>1980-01-07T12:11:43.615Z</time></trkpt><trkpt lat="47.60920290" lon="19.14709380"><ele>196.33</ele><time>1980-01-07T12:11:43.815Z</time></trkpt><trkpt lat="47.60919570" lon="19.14709150"><ele>196.30</ele><time>1980-01-07T12:11:44.015Z</time></trkpt><trkpt lat="47.60918940" lon="19.14708960"><ele>196.29</ele><time>1980-01-07T12:11:44.215Z</time></trkpt><trkpt lat="47.60918180" lon="19.14708740"><ele>196.26</ele><time>1980-01-07T12:11:44.415Z</time></trkpt><trkpt lat="47.60917560" lon="19.14708580"><ele>196.25</ele><time>1980-01-07T12:11:44.615Z</time></trkpt><trkpt lat="47.60916880" lon="19.14708410"><ele>196.24</ele><time>1980-01-07T12:11:44.815Z</time></trkpt><trkpt lat="47.60916150" lon="19.14708230"><ele>196.23</ele><time>1980-01-07T12:11:45.025Z</time></trkpt><trkpt lat="47.60915550" lon="19.14708100"><ele>196.22</ele><time>1980-01-07T12:11:45.225Z</time></trkpt><trkpt lat="47.60914880" lon="19.14707950"><ele>196.22</ele><time>1980-01-07T12:11:45.425Z</time></trkpt><trkpt lat="47.60914210" lon="19.14707810"><ele>196.21</ele><time>1980-01-07T12:11:45.625Z</time></trkpt><trkpt lat="47.60913540" lon="19.14707660"><ele>196.19</ele><time>1980-01-07T12:11:45.825Z</time></trkpt><trkpt lat="47.60912800" lon="19.14707500"><ele>196.19</ele><time>1980-01-07T12:11:46.025Z</time></trkpt><trkpt lat="47.60912120" lon="19.14707370"><ele>196.20</ele><time>1980-01-07T12:11:46.225Z</time></trkpt><trkpt lat="47.60911430" lon="19.14707230"><ele>196.20</ele><time>1980-01-07T12:11:46.425Z</time></trkpt><trkpt lat="47.60910750" lon="19.14707090"><ele>196.21</ele><time>1980-01-07T12:11:46.620Z</time></trkpt><trkpt lat="47.60910120" lon="19.14706950"><ele>196.21</ele><time>1980-01-07T12:11:46.821Z</time></trkpt><trkpt lat="47.60909340" lon="19.14706770"><ele>196.22</ele><time>1980-01-07T12:11:47.025Z</time></trkpt><trkpt lat="47.60908690" lon="19.14706640"><ele>196.23</ele><time>1980-01-07T12:11:47.219Z</time></trkpt><trkpt lat="47.60907970" lon="19.14706480"><ele>196.23</ele><time>1980-01-07T12:11:47.425Z</time></trkpt><trkpt lat="47.60907270" lon="19.14706340"><ele>196.22</ele><time>1980-01-07T12:11:47.625Z</time></trkpt><trkpt lat="47.60906570" lon="19.14706200"><ele>196.22</ele><time>1980-01-07T12:11:47.825Z</time></trkpt><trkpt lat="47.60905860" lon="19.14706060"><ele>196.22</ele><time>1980-01-07T12:11:48.025Z</time></trkpt><trkpt lat="47.60905140" lon="19.14705940"><ele>196.23</ele><time>1980-01-07T12:11:48.222Z</time></trkpt><trkpt lat="47.60904430" lon="19.14705790"><ele>196.23</ele><time>1980-01-07T12:11:48.425Z</time></trkpt><trkpt lat="47.60903720" lon="19.14705660"><ele>196.23</ele><time>1980-01-07T12:11:48.625Z</time></trkpt><trkpt lat="47.60903000" lon="19.14705510"><ele>196.24</ele><time>1980-01-07T12:11:48.825Z</time></trkpt><trkpt lat="47.60902350" lon="19.14705380"><ele>196.24</ele><time>1980-01-07T12:11:49.025Z</time></trkpt><trkpt lat="47.60901560" lon="19.14705210"><ele>196.25</ele><time>1980-01-07T12:11:49.225Z</time></trkpt><trkpt lat="47.60900830" lon="19.14705060"><ele>196.25</ele><time>1980-01-07T12:11:49.424Z</time></trkpt><trkpt lat="47.60900170" lon="19.14704930"><ele>196.26</ele><time>1980-01-07T12:11:49.624Z</time></trkpt><trkpt lat="47.60899420" lon="19.14704760"><ele>196.27</ele><time>1980-01-07T12:11:49.822Z</time></trkpt><trkpt lat="47.60898680" lon="19.14704600"><ele>196.26</ele><time>1980-01-07T12:11:50.023Z</time></trkpt><trkpt lat="47.60897930" lon="19.14704430"><ele>196.26</ele><time>1980-01-07T12:11:50.225Z</time></trkpt><trkpt lat="47.60897160" lon="19.14704250"><ele>196.27</ele><time>1980-01-07T12:11:50.425Z</time></trkpt><trkpt lat="47.60896450" lon="19.14704090"><ele>196.27</ele><time>1980-01-07T12:11:50.625Z</time></trkpt><trkpt lat="47.60895700" lon="19.14703900"><ele>196.26</ele><time>1980-01-07T12:11:50.825Z</time></trkpt><trkpt lat="47.60895040" lon="19.14703730"><ele>196.26</ele><time>1980-01-07T12:11:51.034Z</time></trkpt><trkpt lat="47.60894220" lon="19.14703520"><ele>196.25</ele><time>1980-01-07T12:11:51.235Z</time></trkpt><trkpt lat="47.60893460" lon="19.14703320"><ele>196.26</ele><time>1980-01-07T12:11:51.435Z</time></trkpt><trkpt lat="47.60892760" lon="19.14703150"><ele>196.27</ele><time>1980-01-07T12:11:51.635Z</time></trkpt><trkpt lat="47.60892030" lon="19.14702970"><ele>196.27</ele><time>1980-01-07T12:11:51.835Z</time></trkpt><trkpt lat="47.60891300" lon="19.14702800"><ele>196.27</ele><time>1980-01-07T12:11:52.035Z</time></trkpt><trkpt lat="47.60890700" lon="19.14702660"><ele>196.28</ele><time>1980-01-07T12:11:52.235Z</time></trkpt><trkpt lat="47.60889880" lon="19.14702470"><ele>196.28</ele><time>1980-01-07T12:11:52.435Z</time></trkpt><trkpt lat="47.60889160" lon="19.14702300"><ele>196.28</ele><time>1980-01-07T12:11:52.635Z</time></trkpt><trkpt lat="47.60888430" lon="19.14702140"><ele>196.27</ele><time>1980-01-07T12:11:52.835Z</time></trkpt><trkpt lat="47.60887790" lon="19.14702000"><ele>196.28</ele><time>1980-01-07T12:11:53.035Z</time></trkpt><trkpt lat="47.60887130" lon="19.14701860"><ele>196.28</ele><time>1980-01-07T12:11:53.235Z</time></trkpt><trkpt lat="47.60886340" lon="19.14701690"><ele>196.28</ele><time>1980-01-07T12:11:53.435Z</time></trkpt><trkpt lat="47.60885620" lon="19.14701550"><ele>196.26</ele><time>1980-01-07T12:11:53.635Z</time></trkpt><trkpt lat="47.60884890" lon="19.14701400"><ele>196.26</ele><time>1980-01-07T12:11:53.835Z</time></trkpt><trkpt lat="47.60884170" lon="19.14701240"><ele>196.26</ele><time>1980-01-07T12:11:54.036Z</time></trkpt><trkpt lat="47.60883450" lon="19.14701090"><ele>196.27</ele><time>1980-01-07T12:11:54.239Z</time></trkpt><trkpt lat="47.60882730" lon="19.14700930"><ele>196.27</ele><time>1980-01-07T12:11:54.440Z</time></trkpt><trkpt lat="47.60882010" lon="19.14700770"><ele>196.26</ele><time>1980-01-07T12:11:54.642Z</time></trkpt><trkpt lat="47.60881360" lon="19.14700620"><ele>196.26</ele><time>1980-01-07T12:11:54.843Z</time></trkpt><trkpt lat="47.60880570" lon="19.14700450"><ele>196.25</ele><time>1980-01-07T12:11:55.045Z</time></trkpt><trkpt lat="47.60879830" lon="19.14700290"><ele>196.24</ele><time>1980-01-07T12:11:55.245Z</time></trkpt><trkpt lat="47.60879110" lon="19.14700140"><ele>196.23</ele><time>1980-01-07T12:11:55.445Z</time></trkpt><trkpt lat="47.60878450" lon="19.14700000"><ele>196.22</ele><time>1980-01-07T12:11:55.637Z</time></trkpt><trkpt lat="47.60877720" lon="19.14699840"><ele>196.21</ele><time>1980-01-07T12:11:55.838Z</time></trkpt><trkpt lat="47.60877010" lon="19.14699670"><ele>196.21</ele><time>1980-01-07T12:11:56.040Z</time></trkpt><trkpt lat="47.60876280" lon="19.14699510"><ele>196.20</ele><time>1980-01-07T12:11:56.245Z</time></trkpt><trkpt lat="47.60875570" lon="19.14699330"><ele>196.18</ele><time>1980-01-07T12:11:56.445Z</time></trkpt><trkpt lat="47.60874860" lon="19.14699150"><ele>196.17</ele><time>1980-01-07T12:11:56.645Z</time></trkpt><trkpt lat="47.60874160" lon="19.14698980"><ele>196.16</ele><time>1980-01-07T12:11:56.855Z</time></trkpt><trkpt lat="47.60873450" lon="19.14698790"><ele>196.15</ele><time>1980-01-07T12:11:57.052Z</time></trkpt><trkpt lat="47.60872790" lon="19.14698630"><ele>196.15</ele><time>1980-01-07T12:11:57.251Z</time></trkpt><trkpt lat="47.60872080" lon="19.14698460"><ele>196.14</ele><time>1980-01-07T12:11:57.451Z</time></trkpt><trkpt lat="47.60871380" lon="19.14698290"><ele>196.13</ele><time>1980-01-07T12:11:57.652Z</time></trkpt><trkpt lat="47.60870690" lon="19.14698130"><ele>196.12</ele><time>1980-01-07T12:11:57.853Z</time></trkpt><trkpt lat="47.60870060" lon="19.14697980"><ele>196.10</ele><time>1980-01-07T12:11:58.046Z</time></trkpt><trkpt lat="47.60869280" lon="19.14697810"><ele>196.10</ele><time>1980-01-07T12:11:58.253Z</time></trkpt><trkpt lat="47.60868560" lon="19.14697650"><ele>196.10</ele><time>1980-01-07T12:11:58.455Z</time></trkpt><trkpt lat="47.60867860" lon="19.14697500"><ele>196.11</ele><time>1980-01-07T12:11:58.655Z</time></trkpt><trkpt lat="47.60867150" lon="19.14697350"><ele>196.09</ele><time>1980-01-07T12:11:58.855Z</time></trkpt><trkpt lat="47.60866500" lon="19.14697220"><ele>196.08</ele><time>1980-01-07T12:11:59.055Z</time></trkpt><trkpt lat="47.60865710" lon="19.14697070"><ele>196.08</ele><time>1980-01-07T12:11:59.255Z</time></trkpt><trkpt lat="47.60865000" lon="19.14696940"><ele>196.07</ele><time>1980-01-07T12:11:59.455Z</time></trkpt><trkpt lat="47.60864280" lon="19.14696810"><ele>196.08</ele><time>1980-01-07T12:11:59.655Z</time></trkpt><trkpt lat="47.60863560" lon="19.14696660"><ele>196.08</ele><time>1980-01-07T12:11:59.855Z</time></trkpt><trkpt lat="47.60862850" lon="19.14696510"><ele>196.07</ele><time>1980-01-07T12:12:00.055Z</time></trkpt><trkpt lat="47.60862330" lon="19.14696420"><ele>196.08</ele><time>1980-01-07T12:12:00.255Z</time></trkpt><trkpt lat="47.60861480" lon="19.14696240"><ele>196.08</ele><time>1980-01-07T12:12:00.455Z</time></trkpt><trkpt lat="47.60860770" lon="19.14696080"><ele>196.08</ele><time>1980-01-07T12:12:00.655Z</time></trkpt><trkpt lat="47.60860060" lon="19.14695910"><ele>196.07</ele><time>1980-01-07T12:12:00.855Z</time></trkpt><trkpt lat="47.60859340" lon="19.14695730"><ele>196.08</ele><time>1980-01-07T12:12:01.055Z</time></trkpt><trkpt lat="47.60858610" lon="19.14695550"><ele>196.08</ele><time>1980-01-07T12:12:01.255Z</time></trkpt><trkpt lat="47.60857900" lon="19.14695360"><ele>196.08</ele><time>1980-01-07T12:12:01.455Z</time></trkpt><trkpt lat="47.60857180" lon="19.14695170"><ele>196.07</ele><time>1980-01-07T12:12:01.655Z</time></trkpt><trkpt lat="47.60856470" lon="19.14694980"><ele>196.08</ele><time>1980-01-07T12:12:01.855Z</time></trkpt><trkpt lat="47.60855750" lon="19.14694800"><ele>196.08</ele><time>1980-01-07T12:12:02.055Z</time></trkpt><trkpt lat="47.60855050" lon="19.14694610"><ele>196.08</ele><time>1980-01-07T12:12:02.265Z</time></trkpt><trkpt lat="47.60854400" lon="19.14694450"><ele>196.08</ele><time>1980-01-07T12:12:02.465Z</time></trkpt><trkpt lat="47.60853630" lon="19.14694250"><ele>196.07</ele><time>1980-01-07T12:12:02.675Z</time></trkpt><trkpt lat="47.60852910" lon="19.14694070"><ele>196.07</ele><time>1980-01-07T12:12:02.875Z</time></trkpt><trkpt lat="47.60852190" lon="19.14693890"><ele>196.06</ele><time>1980-01-07T12:12:03.075Z</time></trkpt><trkpt lat="47.60851470" lon="19.14693720"><ele>196.06</ele><time>1980-01-07T12:12:03.275Z</time></trkpt><trkpt lat="47.60850740" lon="19.14693550"><ele>196.05</ele><time>1980-01-07T12:12:03.475Z</time></trkpt><trkpt lat="47.60850020" lon="19.14693380"><ele>196.05</ele><time>1980-01-07T12:12:03.675Z</time></trkpt><trkpt lat="47.60849310" lon="19.14693190"><ele>196.05</ele><time>1980-01-07T12:12:03.875Z</time></trkpt><trkpt lat="47.60848600" lon="19.14693000"><ele>196.05</ele><time>1980-01-07T12:12:04.075Z</time></trkpt><trkpt lat="47.60847890" lon="19.14692820"><ele>196.06</ele><time>1980-01-07T12:12:04.275Z</time></trkpt><trkpt lat="47.60847320" lon="19.14692680"><ele>196.07</ele><time>1980-01-07T12:12:04.475Z</time></trkpt><trkpt lat="47.60846460" lon="19.14692460"><ele>196.08</ele><time>1980-01-07T12:12:04.675Z</time></trkpt><trkpt lat="47.60845740" lon="19.14692290"><ele>196.09</ele><time>1980-01-07T12:12:04.875Z</time></trkpt><trkpt lat="47.60845170" lon="19.14692170"><ele>196.10</ele><time>1980-01-07T12:12:05.066Z</time></trkpt><trkpt lat="47.60844440" lon="19.14692010"><ele>196.11</ele><time>1980-01-07T12:12:05.265Z</time></trkpt><trkpt lat="47.60843730" lon="19.14691860"><ele>196.12</ele><time>1980-01-07T12:12:05.465Z</time></trkpt><trkpt lat="47.60842950" lon="19.14691700"><ele>196.13</ele><time>1980-01-07T12:12:05.665Z</time></trkpt><trkpt lat="47.60842260" lon="19.14691560"><ele>196.14</ele><time>1980-01-07T12:12:05.865Z</time></trkpt><trkpt lat="47.60841690" lon="19.14691450"><ele>196.14</ele><time>1980-01-07T12:12:06.065Z</time></trkpt><trkpt lat="47.60840870" lon="19.14691280"><ele>196.16</ele><time>1980-01-07T12:12:06.275Z</time></trkpt><trkpt lat="47.60840190" lon="19.14691140"><ele>196.16</ele><time>1980-01-07T12:12:06.475Z</time></trkpt><trkpt lat="47.60839570" lon="19.14691020"><ele>196.16</ele><time>1980-01-07T12:12:06.675Z</time></trkpt><trkpt lat="47.60838800" lon="19.14690870"><ele>196.16</ele><time>1980-01-07T12:12:06.875Z</time></trkpt><trkpt lat="47.60838090" lon="19.14690720"><ele>196.16</ele><time>1980-01-07T12:12:07.066Z</time></trkpt><trkpt lat="47.60837420" lon="19.14690570"><ele>196.16</ele><time>1980-01-07T12:12:07.265Z</time></trkpt><trkpt lat="47.60836710" lon="19.14690410"><ele>196.18</ele><time>1980-01-07T12:12:07.465Z</time></trkpt><trkpt lat="47.60836000" lon="19.14690260"><ele>196.18</ele><time>1980-01-07T12:12:07.665Z</time></trkpt><trkpt lat="47.60835280" lon="19.14690100"><ele>196.20</ele><time>1980-01-07T12:12:07.865Z</time></trkpt><trkpt lat="47.60834550" lon="19.14689930"><ele>196.22</ele><time>1980-01-07T12:12:08.065Z</time></trkpt><trkpt lat="47.60833840" lon="19.14689760"><ele>196.23</ele><time>1980-01-07T12:12:08.265Z</time></trkpt><trkpt lat="47.60833120" lon="19.14689580"><ele>196.24</ele><time>1980-01-07T12:12:08.475Z</time></trkpt><trkpt lat="47.60832390" lon="19.14689390"><ele>196.25</ele><time>1980-01-07T12:12:08.672Z</time></trkpt><trkpt lat="47.60831650" lon="19.14689190"><ele>196.26</ele><time>1980-01-07T12:12:08.875Z</time></trkpt><trkpt lat="47.60830930" lon="19.14688990"><ele>196.27</ele><time>1980-01-07T12:12:09.075Z</time></trkpt><trkpt lat="47.60830210" lon="19.14688800"><ele>196.27</ele><time>1980-01-07T12:12:09.275Z</time></trkpt><trkpt lat="47.60829630" lon="19.14688640"><ele>196.27</ele><time>1980-01-07T12:12:09.472Z</time></trkpt><trkpt lat="47.60828840" lon="19.14688430"><ele>196.27</ele><time>1980-01-07T12:12:09.673Z</time></trkpt><trkpt lat="47.60828130" lon="19.14688230"><ele>196.28</ele><time>1980-01-07T12:12:09.876Z</time></trkpt><trkpt lat="47.60827400" lon="19.14688040"><ele>196.28</ele><time>1980-01-07T12:12:10.075Z</time></trkpt><trkpt lat="47.60826660" lon="19.14687840"><ele>196.29</ele><time>1980-01-07T12:12:10.275Z</time></trkpt><trkpt lat="47.60826000" lon="19.14687660"><ele>196.30</ele><time>1980-01-07T12:12:10.475Z</time></trkpt><trkpt lat="47.60825270" lon="19.14687470"><ele>196.30</ele><time>1980-01-07T12:12:10.675Z</time></trkpt><trkpt lat="47.60824450" lon="19.14687260"><ele>196.30</ele><time>1980-01-07T12:12:10.885Z</time></trkpt><trkpt lat="47.60823720" lon="19.14687070"><ele>196.31</ele><time>1980-01-07T12:12:11.085Z</time></trkpt><trkpt lat="47.60823000" lon="19.14686880"><ele>196.31</ele><time>1980-01-07T12:12:11.285Z</time></trkpt><trkpt lat="47.60822270" lon="19.14686690"><ele>196.31</ele><time>1980-01-07T12:12:11.485Z</time></trkpt><trkpt lat="47.60821540" lon="19.14686490"><ele>196.33</ele><time>1980-01-07T12:12:11.695Z</time></trkpt><trkpt lat="47.60820810" lon="19.14686290"><ele>196.33</ele><time>1980-01-07T12:12:11.895Z</time></trkpt><trkpt lat="47.60820060" lon="19.14686100"><ele>196.34</ele><time>1980-01-07T12:12:12.095Z</time></trkpt><trkpt lat="47.60819330" lon="19.14685940"><ele>196.35</ele><time>1980-01-07T12:12:12.295Z</time></trkpt><trkpt lat="47.60818610" lon="19.14685780"><ele>196.35</ele><time>1980-01-07T12:12:12.501Z</time></trkpt><trkpt lat="47.60817960" lon="19.14685640"><ele>196.35</ele><time>1980-01-07T12:12:12.703Z</time></trkpt><trkpt lat="47.60817260" lon="19.14685490"><ele>196.35</ele><time>1980-01-07T12:12:12.903Z</time></trkpt><trkpt lat="47.60816480" lon="19.14685320"><ele>196.35</ele><time>1980-01-07T12:12:13.105Z</time></trkpt><trkpt lat="47.60815760" lon="19.14685160"><ele>196.35</ele><time>1980-01-07T12:12:13.305Z</time></trkpt><trkpt lat="47.60815040" lon="19.14685000"><ele>196.35</ele><time>1980-01-07T12:12:13.504Z</time></trkpt><trkpt lat="47.60814330" lon="19.14684830"><ele>196.34</ele><time>1980-01-07T12:12:13.705Z</time></trkpt><trkpt lat="47.60813620" lon="19.14684660"><ele>196.32</ele><time>1980-01-07T12:12:13.905Z</time></trkpt><trkpt lat="47.60812920" lon="19.14684490"><ele>196.29</ele><time>1980-01-07T12:12:14.115Z</time></trkpt><trkpt lat="47.60812240" lon="19.14684300"><ele>196.27</ele><time>1980-01-07T12:12:14.315Z</time></trkpt><trkpt lat="47.60811620" lon="19.14684120"><ele>196.26</ele><time>1980-01-07T12:12:14.507Z</time></trkpt><trkpt lat="47.60810940" lon="19.14683930"><ele>196.24</ele><time>1980-01-07T12:12:14.708Z</time></trkpt><trkpt lat="47.60810240" lon="19.14683730"><ele>196.24</ele><time>1980-01-07T12:12:14.909Z</time></trkpt><trkpt lat="47.60809530" lon="19.14683550"><ele>196.25</ele><time>1980-01-07T12:12:15.105Z</time></trkpt><trkpt lat="47.60808880" lon="19.14683390"><ele>196.26</ele><time>1980-01-07T12:12:15.305Z</time></trkpt><trkpt lat="47.60808160" lon="19.14683210"><ele>196.27</ele><time>1980-01-07T12:12:15.505Z</time></trkpt><trkpt lat="47.60807370" lon="19.14683000"><ele>196.29</ele><time>1980-01-07T12:12:15.705Z</time></trkpt><trkpt lat="47.60806710" lon="19.14682810"><ele>196.30</ele><time>1980-01-07T12:12:15.908Z</time></trkpt><trkpt lat="47.60806060" lon="19.14682610"><ele>196.32</ele><time>1980-01-07T12:12:16.108Z</time></trkpt><trkpt lat="47.60805320" lon="19.14682400"><ele>196.33</ele><time>1980-01-07T12:12:16.315Z</time></trkpt><trkpt lat="47.60804460" lon="19.14682150"><ele>196.35</ele><time>1980-01-07T12:12:16.511Z</time></trkpt><trkpt lat="47.60803810" lon="19.14681970"><ele>196.37</ele><time>1980-01-07T12:12:16.711Z</time></trkpt><trkpt lat="47.60803130" lon="19.14681780"><ele>196.39</ele><time>1980-01-07T12:12:16.912Z</time></trkpt><trkpt lat="47.60802290" lon="19.14681570"><ele>196.40</ele><time>1980-01-07T12:12:17.112Z</time></trkpt><trkpt lat="47.60801440" lon="19.14681360"><ele>196.41</ele><time>1980-01-07T12:12:17.313Z</time></trkpt><trkpt lat="47.60800690" lon="19.14681190"><ele>196.42</ele><time>1980-01-07T12:12:17.512Z</time></trkpt><trkpt lat="47.60800020" lon="19.14681020"><ele>196.43</ele><time>1980-01-07T12:12:17.713Z</time></trkpt><trkpt lat="47.60799290" lon="19.14680850"><ele>196.43</ele><time>1980-01-07T12:12:17.913Z</time></trkpt><trkpt lat="47.60798500" lon="19.14680660"><ele>196.43</ele><time>1980-01-07T12:12:18.111Z</time></trkpt><trkpt lat="47.60797850" lon="19.14680520"><ele>196.43</ele><time>1980-01-07T12:12:18.315Z</time></trkpt><trkpt lat="47.60797070" lon="19.14680350"><ele>196.43</ele><time>1980-01-07T12:12:18.515Z</time></trkpt><trkpt lat="47.60796430" lon="19.14680240"><ele>196.43</ele><time>1980-01-07T12:12:18.715Z</time></trkpt><trkpt lat="47.60795710" lon="19.14680140"><ele>196.43</ele><time>1980-01-07T12:12:18.915Z</time></trkpt><trkpt lat="47.60795050" lon="19.14680050"><ele>196.43</ele><time>1980-01-07T12:12:19.111Z</time></trkpt><trkpt lat="47.60794250" lon="19.14679930"><ele>196.45</ele><time>1980-01-07T12:12:19.305Z</time></trkpt><trkpt lat="47.60793510" lon="19.14679800"><ele>196.47</ele><time>1980-01-07T12:12:19.509Z</time></trkpt><trkpt lat="47.60792780" lon="19.14679680"><ele>196.47</ele><time>1980-01-07T12:12:19.713Z</time></trkpt><trkpt lat="47.60792050" lon="19.14679560"><ele>196.48</ele><time>1980-01-07T12:12:19.914Z</time></trkpt><trkpt lat="47.60791340" lon="19.14679450"><ele>196.49</ele><time>1980-01-07T12:12:20.115Z</time></trkpt><trkpt lat="47.60790630" lon="19.14679320"><ele>196.50</ele><time>1980-01-07T12:12:20.315Z</time></trkpt><trkpt lat="47.60790000" lon="19.14679190"><ele>196.50</ele><time>1980-01-07T12:12:20.515Z</time></trkpt><trkpt lat="47.60789250" lon="19.14679040"><ele>196.51</ele><time>1980-01-07T12:12:20.715Z</time></trkpt><trkpt lat="47.60788570" lon="19.14678890"><ele>196.52</ele><time>1980-01-07T12:12:20.915Z</time></trkpt><trkpt lat="47.60787910" lon="19.14678750"><ele>196.52</ele><time>1980-01-07T12:12:21.115Z</time></trkpt><trkpt lat="47.60787360" lon="19.14678630"><ele>196.54</ele><time>1980-01-07T12:12:21.315Z</time></trkpt><trkpt lat="47.60786840" lon="19.14678520"><ele>196.56</ele><time>1980-01-07T12:12:21.515Z</time></trkpt><trkpt lat="47.60786430" lon="19.14678420"><ele>196.55</ele><time>1980-01-07T12:12:21.715Z</time></trkpt><trkpt lat="47.60786130" lon="19.14678350"><ele>196.52</ele><time>1980-01-07T12:12:21.915Z</time></trkpt><trkpt lat="47.60785980" lon="19.14678300"><ele>196.50</ele><time>1980-01-07T12:12:22.115Z</time></trkpt><trkpt lat="47.60785920" lon="19.14678290"><ele>196.47</ele><time>1980-01-07T12:12:22.315Z</time></trkpt><trkpt lat="47.60785970" lon="19.14678290"><ele>196.43</ele><time>1980-01-07T12:12:22.515Z</time></trkpt><trkpt lat="47.60786070" lon="19.14678300"><ele>196.41</ele><time>1980-01-07T12:12:22.715Z</time></trkpt><trkpt lat="47.60786240" lon="19.14678320"><ele>196.40</ele><time>1980-01-07T12:12:22.915Z</time></trkpt><trkpt lat="47.60786430" lon="19.14678360"><ele>196.39</ele><time>1980-01-07T12:12:23.125Z</time></trkpt><trkpt lat="47.60786630" lon="19.14678390"><ele>196.37</ele><time>1980-01-07T12:12:23.320Z</time></trkpt><trkpt lat="47.60786830" lon="19.14678420"><ele>196.37</ele><time>1980-01-07T12:12:23.525Z</time></trkpt><trkpt lat="47.60787040" lon="19.14678440"><ele>196.37</ele><time>1980-01-07T12:12:23.725Z</time></trkpt><trkpt lat="47.60787270" lon="19.14678450"><ele>196.38</ele><time>1980-01-07T12:12:23.925Z</time></trkpt><trkpt lat="47.60787450" lon="19.14678440"><ele>196.40</ele><time>1980-01-07T12:12:24.125Z</time></trkpt><trkpt lat="47.60787680" lon="19.14678430"><ele>196.41</ele><time>1980-01-07T12:12:24.316Z</time></trkpt><trkpt lat="47.60788010" lon="19.14678430"><ele>196.42</ele><time>1980-01-07T12:12:24.518Z</time></trkpt><trkpt lat="47.60788410" lon="19.14678450"><ele>196.43</ele><time>1980-01-07T12:12:24.719Z</time></trkpt><trkpt lat="47.60788920" lon="19.14678510"><ele>196.43</ele><time>1980-01-07T12:12:24.919Z</time></trkpt><trkpt lat="47.60789590" lon="19.14678610"><ele>196.43</ele><time>1980-01-07T12:12:25.125Z</time></trkpt><trkpt lat="47.60790300" lon="19.14678720"><ele>196.43</ele><time>1980-01-07T12:12:25.322Z</time></trkpt><trkpt lat="47.60791110" lon="19.14678850"><ele>196.42</ele><time>1980-01-07T12:12:25.522Z</time></trkpt><trkpt lat="47.60792250" lon="19.14679060"><ele>196.42</ele><time>1980-01-07T12:12:25.725Z</time></trkpt><trkpt lat="47.60793390" lon="19.14679270"><ele>196.42</ele><time>1980-01-07T12:12:25.925Z</time></trkpt><trkpt lat="47.60794510" lon="19.14679490"><ele>196.42</ele><time>1980-01-07T12:12:26.125Z</time></trkpt><trkpt lat="47.60795930" lon="19.14679750"><ele>196.44</ele><time>1980-01-07T12:12:26.325Z</time></trkpt><trkpt lat="47.60797140" lon="19.14679970"><ele>196.45</ele><time>1980-01-07T12:12:26.525Z</time></trkpt><trkpt lat="47.60798640" lon="19.14680260"><ele>196.46</ele><time>1980-01-07T12:12:26.726Z</time></trkpt><trkpt lat="47.60800060" lon="19.14680540"><ele>196.47</ele><time>1980-01-07T12:12:26.925Z</time></trkpt><trkpt lat="47.60801530" lon="19.14680850"><ele>196.49</ele><time>1980-01-07T12:12:27.125Z</time></trkpt><trkpt lat="47.60802910" lon="19.14681150"><ele>196.50</ele><time>1980-01-07T12:12:27.332Z</time></trkpt><trkpt lat="47.60804420" lon="19.14681490"><ele>196.52</ele><time>1980-01-07T12:12:27.535Z</time></trkpt><trkpt lat="47.60805760" lon="19.14681790"><ele>196.52</ele><time>1980-01-07T12:12:27.735Z</time></trkpt><trkpt lat="47.60807250" lon="19.14682150"><ele>196.54</ele><time>1980-01-07T12:12:27.935Z</time></trkpt><trkpt lat="47.60808790" lon="19.14682530"><ele>196.55</ele><time>1980-01-07T12:12:28.136Z</time></trkpt><trkpt lat="47.60810460" lon="19.14682960"><ele>196.55</ele><time>1980-01-07T12:12:28.335Z</time></trkpt><trkpt lat="47.60811980" lon="19.14683360"><ele>196.55</ele><time>1980-01-07T12:12:28.535Z</time></trkpt><trkpt lat="47.60813540" lon="19.14683790"><ele>196.56</ele><time>1980-01-07T12:12:28.745Z</time></trkpt><trkpt lat="47.60815080" lon="19.14684230"><ele>196.57</ele><time>1980-01-07T12:12:28.945Z</time></trkpt><trkpt lat="47.60816510" lon="19.14684650"><ele>196.56</ele><time>1980-01-07T12:12:29.137Z</time></trkpt><trkpt lat="47.60818060" lon="19.14685130"><ele>196.56</ele><time>1980-01-07T12:12:29.339Z</time></trkpt><trkpt lat="47.60819430" lon="19.14685540"><ele>196.55</ele><time>1980-01-07T12:12:29.540Z</time></trkpt><trkpt lat="47.60821110" lon="19.14686070"><ele>196.56</ele><time>1980-01-07T12:12:29.741Z</time></trkpt><trkpt lat="47.60822640" lon="19.14686570"><ele>196.58</ele><time>1980-01-07T12:12:29.944Z</time></trkpt><trkpt lat="47.60824200" lon="19.14687070"><ele>196.59</ele><time>1980-01-07T12:12:30.145Z</time></trkpt><trkpt lat="47.60825650" lon="19.14687530"><ele>196.60</ele><time>1980-01-07T12:12:30.344Z</time></trkpt><trkpt lat="47.60827020" lon="19.14687950"><ele>196.60</ele><time>1980-01-07T12:12:30.544Z</time></trkpt><trkpt lat="47.60828530" lon="19.14688420"><ele>196.60</ele><time>1980-01-07T12:12:30.745Z</time></trkpt><trkpt lat="47.60830040" lon="19.14688860"><ele>196.60</ele><time>1980-01-07T12:12:30.945Z</time></trkpt><trkpt lat="47.60831550" lon="19.14689290"><ele>196.59</ele><time>1980-01-07T12:12:31.145Z</time></trkpt><trkpt lat="47.60833260" lon="19.14689760"><ele>196.57</ele><time>1980-01-07T12:12:31.345Z</time></trkpt><trkpt lat="47.60834760" lon="19.14690160"><ele>196.56</ele><time>1980-01-07T12:12:31.555Z</time></trkpt><trkpt lat="47.60836220" lon="19.14690530"><ele>196.56</ele><time>1980-01-07T12:12:31.755Z</time></trkpt><trkpt lat="47.60837730" lon="19.14690910"><ele>196.56</ele><time>1980-01-07T12:12:31.964Z</time></trkpt><trkpt lat="47.60838920" lon="19.14691190"><ele>196.55</ele><time>1980-01-07T12:12:32.165Z</time></trkpt><trkpt lat="47.60840550" lon="19.14691580"><ele>196.55</ele><time>1980-01-07T12:12:32.365Z</time></trkpt><trkpt lat="47.60842010" lon="19.14691930"><ele>196.56</ele><time>1980-01-07T12:12:32.565Z</time></trkpt><trkpt lat="47.60843440" lon="19.14692270"><ele>196.59</ele><time>1980-01-07T12:12:32.765Z</time></trkpt><trkpt lat="47.60845020" lon="19.14692650"><ele>196.60</ele><time>1980-01-07T12:12:32.975Z</time></trkpt><trkpt lat="47.60846470" lon="19.14693010"><ele>196.60</ele><time>1980-01-07T12:12:33.175Z</time></trkpt><trkpt lat="47.60847700" lon="19.14693310"><ele>196.59</ele><time>1980-01-07T12:12:33.375Z</time></trkpt><trkpt lat="47.60849270" lon="19.14693690"><ele>196.60</ele><time>1980-01-07T12:12:33.575Z</time></trkpt><trkpt lat="47.60850700" lon="19.14694030"><ele>196.61</ele><time>1980-01-07T12:12:33.775Z</time></trkpt><trkpt lat="47.60852140" lon="19.14694360"><ele>196.63</ele><time>1980-01-07T12:12:33.975Z</time></trkpt><trkpt lat="47.60853610" lon="19.14694680"><ele>196.65</ele><time>1980-01-07T12:12:34.175Z</time></trkpt><trkpt lat="47.60854900" lon="19.14694970"><ele>196.65</ele><time>1980-01-07T12:12:34.366Z</time></trkpt><trkpt lat="47.60856350" lon="19.14695290"><ele>196.64</ele><time>1980-01-07T12:12:34.566Z</time></trkpt><trkpt lat="47.60857780" lon="19.14695620"><ele>196.63</ele><time>1980-01-07T12:12:34.767Z</time></trkpt><trkpt lat="47.60859210" lon="19.14695930"><ele>196.63</ele><time>1980-01-07T12:12:34.968Z</time></trkpt><trkpt lat="47.60860520" lon="19.14696220"><ele>196.64</ele><time>1980-01-07T12:12:35.174Z</time></trkpt><trkpt lat="47.60861980" lon="19.14696540"><ele>196.64</ele><time>1980-01-07T12:12:35.375Z</time></trkpt><trkpt lat="47.60863550" lon="19.14696890"><ele>196.65</ele><time>1980-01-07T12:12:35.575Z</time></trkpt><trkpt lat="47.60864970" lon="19.14697200"><ele>196.65</ele><time>1980-01-07T12:12:35.775Z</time></trkpt><trkpt lat="47.60866430" lon="19.14697520"><ele>196.65</ele><time>1980-01-07T12:12:35.975Z</time></trkpt><trkpt lat="47.60867810" lon="19.14697830"><ele>196.65</ele><time>1980-01-07T12:12:36.175Z</time></trkpt><trkpt lat="47.60869380" lon="19.14698170"><ele>196.65</ele><time>1980-01-07T12:12:36.370Z</time></trkpt><trkpt lat="47.60870750" lon="19.14698450"><ele>196.65</ele><time>1980-01-07T12:12:36.574Z</time></trkpt><trkpt lat="47.60872190" lon="19.14698760"><ele>196.64</ele><time>1980-01-07T12:12:36.775Z</time></trkpt><trkpt lat="47.60873650" lon="19.14699050"><ele>196.65</ele><time>1980-01-07T12:12:36.975Z</time></trkpt><trkpt lat="47.60875080" lon="19.14699350"><ele>196.65</ele><time>1980-01-07T12:12:37.175Z</time></trkpt><trkpt lat="47.60876380" lon="19.14699630"><ele>196.66</ele><time>1980-01-07T12:12:37.375Z</time></trkpt><trkpt lat="47.60877970" lon="19.14699970"><ele>196.67</ele><time>1980-01-07T12:12:37.575Z</time></trkpt><trkpt lat="47.60879400" lon="19.14700290"><ele>196.67</ele><time>1980-01-07T12:12:37.771Z</time></trkpt><trkpt lat="47.60880810" lon="19.14700620"><ele>196.68</ele><time>1980-01-07T12:12:37.975Z</time></trkpt><trkpt lat="47.60882240" lon="19.14700950"><ele>196.68</ele><time>1980-01-07T12:12:38.175Z</time></trkpt><trkpt lat="47.60883660" lon="19.14701290"><ele>196.68</ele><time>1980-01-07T12:12:38.375Z</time></trkpt><trkpt lat="47.60885090" lon="19.14701630"><ele>196.68</ele><time>1980-01-07T12:12:38.585Z</time></trkpt><trkpt lat="47.60886500" lon="19.14701970"><ele>196.68</ele><time>1980-01-07T12:12:38.785Z</time></trkpt><trkpt lat="47.60887940" lon="19.14702310"><ele>196.67</ele><time>1980-01-07T12:12:38.985Z</time></trkpt><trkpt lat="47.60889410" lon="19.14702670"><ele>196.68</ele><time>1980-01-07T12:12:39.195Z</time></trkpt><trkpt lat="47.60890870" lon="19.14703010"><ele>196.68</ele><time>1980-01-07T12:12:39.395Z</time></trkpt><trkpt lat="47.60892160" lon="19.14703310"><ele>196.69</ele><time>1980-01-07T12:12:39.595Z</time></trkpt><trkpt lat="47.60893790" lon="19.14703690"><ele>196.70</ele><time>1980-01-07T12:12:39.786Z</time></trkpt><trkpt lat="47.60895100" lon="19.14704000"><ele>196.71</ele><time>1980-01-07T12:12:39.986Z</time></trkpt><trkpt lat="47.60896580" lon="19.14704350"><ele>196.72</ele><time>1980-01-07T12:12:40.188Z</time></trkpt><trkpt lat="47.60898040" lon="19.14704690"><ele>196.72</ele><time>1980-01-07T12:12:40.390Z</time></trkpt><trkpt lat="47.60899500" lon="19.14705040"><ele>196.72</ele><time>1980-01-07T12:12:40.588Z</time></trkpt><trkpt lat="47.60900970" lon="19.14705400"><ele>196.72</ele><time>1980-01-07T12:12:40.789Z</time></trkpt><trkpt lat="47.60902140" lon="19.14705680"><ele>196.71</ele><time>1980-01-07T12:12:40.990Z</time></trkpt><trkpt lat="47.60903940" lon="19.14706130"><ele>196.71</ele><time>1980-01-07T12:12:41.195Z</time></trkpt><trkpt lat="47.60905450" lon="19.14706530"><ele>196.71</ele><time>1980-01-07T12:12:41.402Z</time></trkpt><trkpt lat="47.60906900" lon="19.14706910"><ele>196.70</ele><time>1980-01-07T12:12:41.595Z</time></trkpt><trkpt lat="47.60908380" lon="19.14707290"><ele>196.70</ele><time>1980-01-07T12:12:41.805Z</time></trkpt><trkpt lat="47.60909850" lon="19.14707660"><ele>196.69</ele><time>1980-01-07T12:12:41.995Z</time></trkpt><trkpt lat="47.60911070" lon="19.14707970"><ele>196.67</ele><time>1980-01-07T12:12:42.195Z</time></trkpt><trkpt lat="47.60912540" lon="19.14708320"><ele>196.65</ele><time>1980-01-07T12:12:42.395Z</time></trkpt><trkpt lat="47.60914020" lon="19.14708650"><ele>196.64</ele><time>1980-01-07T12:12:42.595Z</time></trkpt><trkpt lat="47.60915620" lon="19.14709000"><ele>196.63</ele><time>1980-01-07T12:12:42.801Z</time></trkpt><trkpt lat="47.60917090" lon="19.14709330"><ele>196.62</ele><time>1980-01-07T12:12:43.001Z</time></trkpt><trkpt lat="47.60918410" lon="19.14709610"><ele>196.61</ele><time>1980-01-07T12:12:43.205Z</time></trkpt><trkpt lat="47.60919860" lon="19.14709920"><ele>196.61</ele><time>1980-01-07T12:12:43.404Z</time></trkpt><trkpt lat="47.60921320" lon="19.14710230"><ele>196.61</ele><time>1980-01-07T12:12:43.605Z</time></trkpt><trkpt lat="47.60922890" lon="19.14710560"><ele>196.60</ele><time>1980-01-07T12:12:43.811Z</time></trkpt><trkpt lat="47.60924210" lon="19.14710820"><ele>196.59</ele><time>1980-01-07T12:12:44.014Z</time></trkpt><trkpt lat="47.60925490" lon="19.14711090"><ele>196.58</ele><time>1980-01-07T12:12:44.215Z</time></trkpt><trkpt lat="47.60927070" lon="19.14711400"><ele>196.57</ele><time>1980-01-07T12:12:44.406Z</time></trkpt><trkpt lat="47.60928500" lon="19.14711690"><ele>196.56</ele><time>1980-01-07T12:12:44.615Z</time></trkpt><trkpt lat="47.60930050" lon="19.14712000"><ele>196.56</ele><time>1980-01-07T12:12:44.807Z</time></trkpt><trkpt lat="47.60931350" lon="19.14712270"><ele>196.55</ele><time>1980-01-07T12:12:45.010Z</time></trkpt><trkpt lat="47.60932810" lon="19.14712570"><ele>196.54</ele><time>1980-01-07T12:12:45.212Z</time></trkpt><trkpt lat="47.60934240" lon="19.14712870"><ele>196.53</ele><time>1980-01-07T12:12:45.408Z</time></trkpt><trkpt lat="47.60935660" lon="19.14713170"><ele>196.53</ele><time>1980-01-07T12:12:45.615Z</time></trkpt><trkpt lat="47.60936890" lon="19.14713450"><ele>196.54</ele><time>1980-01-07T12:12:45.814Z</time></trkpt><trkpt lat="47.60938300" lon="19.14713780"><ele>196.55</ele><time>1980-01-07T12:12:46.015Z</time></trkpt><trkpt lat="47.60939340" lon="19.14714050"><ele>196.56</ele><time>1980-01-07T12:12:46.215Z</time></trkpt><trkpt lat="47.60940430" lon="19.14714360"><ele>196.56</ele><time>1980-01-07T12:12:46.409Z</time></trkpt><trkpt lat="47.60941220" lon="19.14714620"><ele>196.56</ele><time>1980-01-07T12:12:46.615Z</time></trkpt><trkpt lat="47.60941780" lon="19.14714830"><ele>196.55</ele><time>1980-01-07T12:12:46.815Z</time></trkpt><trkpt lat="47.60942250" lon="19.14715040"><ele>196.55</ele><time>1980-01-07T12:12:47.015Z</time></trkpt><trkpt lat="47.60942480" lon="19.14715200"><ele>196.55</ele><time>1980-01-07T12:12:47.212Z</time></trkpt><trkpt lat="47.60942570" lon="19.14715340"><ele>196.54</ele><time>1980-01-07T12:12:47.411Z</time></trkpt><trkpt lat="47.60942520" lon="19.14715440"><ele>196.54</ele><time>1980-01-07T12:12:47.615Z</time></trkpt><trkpt lat="47.60942370" lon="19.14715520"><ele>196.54</ele><time>1980-01-07T12:12:47.815Z</time></trkpt><trkpt lat="47.60942150" lon="19.14715570"><ele>196.55</ele><time>1980-01-07T12:12:48.015Z</time></trkpt><trkpt lat="47.60941890" lon="19.14715590"><ele>196.55</ele><time>1980-01-07T12:12:48.210Z</time></trkpt><trkpt lat="47.60941600" lon="19.14715600"><ele>196.56</ele><time>1980-01-07T12:12:48.410Z</time></trkpt><trkpt lat="47.60941230" lon="19.14715590"><ele>196.56</ele><time>1980-01-07T12:12:48.611Z</time></trkpt><trkpt lat="47.60940860" lon="19.14715570"><ele>196.57</ele><time>1980-01-07T12:12:48.812Z</time></trkpt><trkpt lat="47.60940500" lon="19.14715530"><ele>196.57</ele><time>1980-01-07T12:12:49.013Z</time></trkpt><trkpt lat="47.60940100" lon="19.14715470"><ele>196.57</ele><time>1980-01-07T12:12:49.216Z</time></trkpt><trkpt lat="47.60939760" lon="19.14715410"><ele>196.58</ele><time>1980-01-07T12:12:49.413Z</time></trkpt><trkpt lat="47.60939320" lon="19.14715330"><ele>196.58</ele><time>1980-01-07T12:12:49.615Z</time></trkpt><trkpt lat="47.60938820" lon="19.14715210"><ele>196.57</ele><time>1980-01-07T12:12:49.815Z</time></trkpt><trkpt lat="47.60938230" lon="19.14715060"><ele>196.56</ele><time>1980-01-07T12:12:50.015Z</time></trkpt><trkpt lat="47.60937590" lon="19.14714880"><ele>196.54</ele><time>1980-01-07T12:12:50.207Z</time></trkpt><trkpt lat="47.60936910" lon="19.14714680"><ele>196.53</ele><time>1980-01-07T12:12:50.407Z</time></trkpt><trkpt lat="47.60935790" lon="19.14714350"><ele>196.51</ele><time>1980-01-07T12:12:50.615Z</time></trkpt><trkpt lat="47.60934930" lon="19.14714100"><ele>196.50</ele><time>1980-01-07T12:12:50.815Z</time></trkpt><trkpt lat="47.60933490" lon="19.14713680"><ele>196.51</ele><time>1980-01-07T12:12:51.015Z</time></trkpt><trkpt lat="47.60932270" lon="19.14713340"><ele>196.52</ele><time>1980-01-07T12:12:51.209Z</time></trkpt><trkpt lat="47.60930950" lon="19.14713000"><ele>196.53</ele><time>1980-01-07T12:12:51.410Z</time></trkpt><trkpt lat="47.60929720" lon="19.14712710"><ele>196.55</ele><time>1980-01-07T12:12:51.615Z</time></trkpt><trkpt lat="47.60928190" lon="19.14712360"><ele>196.55</ele><time>1980-01-07T12:12:51.815Z</time></trkpt><trkpt lat="47.60926920" lon="19.14712070"><ele>196.55</ele><time>1980-01-07T12:12:52.015Z</time></trkpt><trkpt lat="47.60925350" lon="19.14711690"><ele>196.55</ele><time>1980-01-07T12:12:52.215Z</time></trkpt><trkpt lat="47.60924060" lon="19.14711370"><ele>196.55</ele><time>1980-01-07T12:12:52.409Z</time></trkpt><trkpt lat="47.60922650" lon="19.14711010"><ele>196.55</ele><time>1980-01-07T12:12:52.612Z</time></trkpt><trkpt lat="47.60921380" lon="19.14710670"><ele>196.55</ele><time>1980-01-07T12:12:52.813Z</time></trkpt><trkpt lat="47.60919850" lon="19.14710240"><ele>196.54</ele><time>1980-01-07T12:12:53.015Z</time></trkpt><trkpt lat="47.60918420" lon="19.14709860"><ele>196.53</ele><time>1980-01-07T12:12:53.215Z</time></trkpt><trkpt lat="47.60917070" lon="19.14709490"><ele>196.52</ele><time>1980-01-07T12:12:53.410Z</time></trkpt><trkpt lat="47.60915630" lon="19.14709110"><ele>196.53</ele><time>1980-01-07T12:12:53.611Z</time></trkpt><trkpt lat="47.60914190" lon="19.14708730"><ele>196.54</ele><time>1980-01-07T12:12:53.813Z</time></trkpt><trkpt lat="47.60912890" lon="19.14708400"><ele>196.53</ele><time>1980-01-07T12:12:54.014Z</time></trkpt><trkpt lat="47.60911230" lon="19.14707980"><ele>196.50</ele><time>1980-01-07T12:12:54.215Z</time></trkpt><trkpt lat="47.60909850" lon="19.14707640"><ele>196.50</ele><time>1980-01-07T12:12:54.415Z</time></trkpt><trkpt lat="47.60908210" lon="19.14707260"><ele>196.50</ele><time>1980-01-07T12:12:54.615Z</time></trkpt><trkpt lat="47.60906730" lon="19.14706920"><ele>196.52</ele><time>1980-01-07T12:12:54.815Z</time></trkpt><trkpt lat="47.60905230" lon="19.14706580"><ele>196.53</ele><time>1980-01-07T12:12:55.015Z</time></trkpt><trkpt lat="47.60903710" lon="19.14706240"><ele>196.54</ele><time>1980-01-07T12:12:55.215Z</time></trkpt><trkpt lat="47.60902200" lon="19.14705890"><ele>196.54</ele><time>1980-01-07T12:12:55.415Z</time></trkpt><trkpt lat="47.60900710" lon="19.14705530"><ele>196.55</ele><time>1980-01-07T12:12:55.615Z</time></trkpt><trkpt lat="47.60899220" lon="19.14705170"><ele>196.56</ele><time>1980-01-07T12:12:55.815Z</time></trkpt><trkpt lat="47.60897720" lon="19.14704800"><ele>196.55</ele><time>1980-01-07T12:12:56.015Z</time></trkpt><trkpt lat="47.60896290" lon="19.14704450"><ele>196.55</ele><time>1980-01-07T12:12:56.215Z</time></trkpt><trkpt lat="47.60894800" lon="19.14704090"><ele>196.56</ele><time>1980-01-07T12:12:56.415Z</time></trkpt><trkpt lat="47.60893330" lon="19.14703740"><ele>196.55</ele><time>1980-01-07T12:12:56.615Z</time></trkpt><trkpt lat="47.60892000" lon="19.14703440"><ele>196.55</ele><time>1980-01-07T12:12:56.816Z</time></trkpt><trkpt lat="47.60890380" lon="19.14703070"><ele>196.53</ele><time>1980-01-07T12:12:57.015Z</time></trkpt><trkpt lat="47.60889010" lon="19.14702760"><ele>196.51</ele><time>1980-01-07T12:12:57.215Z</time></trkpt><trkpt lat="47.60887530" lon="19.14702410"><ele>196.49</ele><time>1980-01-07T12:12:57.415Z</time></trkpt><trkpt lat="47.60886050" lon="19.14702050"><ele>196.45</ele><time>1980-01-07T12:12:57.615Z</time></trkpt><trkpt lat="47.60884710" lon="19.14701730"><ele>196.44</ele><time>1980-01-07T12:12:57.815Z</time></trkpt><trkpt lat="47.60883080" lon="19.14701340"><ele>196.44</ele><time>1980-01-07T12:12:58.015Z</time></trkpt><trkpt lat="47.60881550" lon="19.14700970"><ele>196.44</ele><time>1980-01-07T12:12:58.225Z</time></trkpt><trkpt lat="47.60880050" lon="19.14700590"><ele>196.42</ele><time>1980-01-07T12:12:58.435Z</time></trkpt><trkpt lat="47.60878580" lon="19.14700220"><ele>196.42</ele><time>1980-01-07T12:12:58.635Z</time></trkpt><trkpt lat="47.60877400" lon="19.14699920"><ele>196.43</ele><time>1980-01-07T12:12:58.835Z</time></trkpt><trkpt lat="47.60875800" lon="19.14699510"><ele>196.45</ele><time>1980-01-07T12:12:59.035Z</time></trkpt><trkpt lat="47.60874140" lon="19.14699090"><ele>196.46</ele><time>1980-01-07T12:12:59.235Z</time></trkpt><trkpt lat="47.60872660" lon="19.14698730"><ele>196.45</ele><time>1980-01-07T12:12:59.435Z</time></trkpt><trkpt lat="47.60871200" lon="19.14698360"><ele>196.46</ele><time>1980-01-07T12:12:59.635Z</time></trkpt><trkpt lat="47.60869750" lon="19.14697990"><ele>196.45</ele><time>1980-01-07T12:12:59.835Z</time></trkpt><trkpt lat="47.60868300" lon="19.14697620"><ele>196.45</ele><time>1980-01-07T12:13:00.035Z</time></trkpt><trkpt lat="47.60866820" lon="19.14697260"><ele>196.47</ele><time>1980-01-07T12:13:00.246Z</time></trkpt><trkpt lat="47.60865380" lon="19.14696910"><ele>196.49</ele><time>1980-01-07T12:13:00.455Z</time></trkpt><trkpt lat="47.60863980" lon="19.14696590"><ele>196.49</ele><time>1980-01-07T12:13:00.655Z</time></trkpt><trkpt lat="47.60862580" lon="19.14696270"><ele>196.49</ele><time>1980-01-07T12:13:00.855Z</time></trkpt><trkpt lat="47.60861440" lon="19.14696020"><ele>196.49</ele><time>1980-01-07T12:13:01.055Z</time></trkpt><trkpt lat="47.60859830" lon="19.14695650"><ele>196.50</ele><time>1980-01-07T12:13:01.255Z</time></trkpt><trkpt lat="47.60858510" lon="19.14695350"><ele>196.51</ele><time>1980-01-07T12:13:01.455Z</time></trkpt><trkpt lat="47.60857100" lon="19.14695020"><ele>196.52</ele><time>1980-01-07T12:13:01.655Z</time></trkpt><trkpt lat="47.60855630" lon="19.14694680"><ele>196.52</ele><time>1980-01-07T12:13:01.865Z</time></trkpt><trkpt lat="47.60854210" lon="19.14694350"><ele>196.52</ele><time>1980-01-07T12:13:02.062Z</time></trkpt><trkpt lat="47.60852680" lon="19.14694000"><ele>196.52</ele><time>1980-01-07T12:13:02.256Z</time></trkpt><trkpt lat="47.60851210" lon="19.14693670"><ele>196.53</ele><time>1980-01-07T12:13:02.456Z</time></trkpt><trkpt lat="47.60849780" lon="19.14693360"><ele>196.54</ele><time>1980-01-07T12:13:02.665Z</time></trkpt><trkpt lat="47.60848500" lon="19.14693070"><ele>196.55</ele><time>1980-01-07T12:13:02.874Z</time></trkpt><trkpt lat="47.60847050" lon="19.14692760"><ele>196.55</ele><time>1980-01-07T12:13:03.066Z</time></trkpt><trkpt lat="47.60845680" lon="19.14692460"><ele>196.56</ele><time>1980-01-07T12:13:03.269Z</time></trkpt><trkpt lat="47.60844100" lon="19.14692120"><ele>196.58</ele><time>1980-01-07T12:13:03.471Z</time></trkpt><trkpt lat="47.60842820" lon="19.14691850"><ele>196.60</ele><time>1980-01-07T12:13:03.675Z</time></trkpt><trkpt lat="47.60841090" lon="19.14691480"><ele>196.61</ele><time>1980-01-07T12:13:03.875Z</time></trkpt><trkpt lat="47.60839810" lon="19.14691210"><ele>196.62</ele><time>1980-01-07T12:13:04.075Z</time></trkpt><trkpt lat="47.60838440" lon="19.14690910"><ele>196.63</ele><time>1980-01-07T12:13:04.275Z</time></trkpt><trkpt lat="47.60837000" lon="19.14690590"><ele>196.64</ele><time>1980-01-07T12:13:04.475Z</time></trkpt><trkpt lat="47.60835490" lon="19.14690250"><ele>196.64</ele><time>1980-01-07T12:13:04.675Z</time></trkpt><trkpt lat="47.60834060" lon="19.14689940"><ele>196.64</ele><time>1980-01-07T12:13:04.875Z</time></trkpt><trkpt lat="47.60832620" lon="19.14689640"><ele>196.63</ele><time>1980-01-07T12:13:05.076Z</time></trkpt><trkpt lat="47.60831250" lon="19.14689340"><ele>196.64</ele><time>1980-01-07T12:13:05.275Z</time></trkpt><trkpt lat="47.60829790" lon="19.14689020"><ele>196.64</ele><time>1980-01-07T12:13:05.475Z</time></trkpt><trkpt lat="47.60828330" lon="19.14688700"><ele>196.64</ele><time>1980-01-07T12:13:05.675Z</time></trkpt><trkpt lat="47.60827190" lon="19.14688440"><ele>196.64</ele><time>1980-01-07T12:13:05.875Z</time></trkpt><trkpt lat="47.60825460" lon="19.14688040"><ele>196.64</ele><time>1980-01-07T12:13:06.075Z</time></trkpt><trkpt lat="47.60824010" lon="19.14687690"><ele>196.63</ele><time>1980-01-07T12:13:06.275Z</time></trkpt><trkpt lat="47.60822560" lon="19.14687330"><ele>196.64</ele><time>1980-01-07T12:13:06.475Z</time></trkpt><trkpt lat="47.60821130" lon="19.14686970"><ele>196.63</ele><time>1980-01-07T12:13:06.675Z</time></trkpt><trkpt lat="47.60819970" lon="19.14686670"><ele>196.65</ele><time>1980-01-07T12:13:06.875Z</time></trkpt><trkpt lat="47.60818390" lon="19.14686250"><ele>196.68</ele><time>1980-01-07T12:13:07.075Z</time></trkpt><trkpt lat="47.60817230" lon="19.14685940"><ele>196.69</ele><time>1980-01-07T12:13:07.275Z</time></trkpt><trkpt lat="47.60815530" lon="19.14685500"><ele>196.68</ele><time>1980-01-07T12:13:07.475Z</time></trkpt><trkpt lat="47.60814140" lon="19.14685140"><ele>196.68</ele><time>1980-01-07T12:13:07.675Z</time></trkpt><trkpt lat="47.60812880" lon="19.14684820"><ele>196.67</ele><time>1980-01-07T12:13:07.875Z</time></trkpt><trkpt lat="47.60811470" lon="19.14684460"><ele>196.66</ele><time>1980-01-07T12:13:08.076Z</time></trkpt><trkpt lat="47.60810040" lon="19.14684130"><ele>196.64</ele><time>1980-01-07T12:13:08.285Z</time></trkpt><trkpt lat="47.60808490" lon="19.14683780"><ele>196.62</ele><time>1980-01-07T12:13:08.495Z</time></trkpt><trkpt lat="47.60807210" lon="19.14683510"><ele>196.62</ele><time>1980-01-07T12:13:08.693Z</time></trkpt><trkpt lat="47.60805660" lon="19.14683170"><ele>196.59</ele><time>1980-01-07T12:13:08.894Z</time></trkpt><trkpt lat="47.60804370" lon="19.14682900"><ele>196.57</ele><time>1980-01-07T12:13:09.094Z</time></trkpt><trkpt lat="47.60802830" lon="19.14682560"><ele>196.55</ele><time>1980-01-07T12:13:09.295Z</time></trkpt><trkpt lat="47.60801570" lon="19.14682280"><ele>196.54</ele><time>1980-01-07T12:13:09.496Z</time></trkpt><trkpt lat="47.60800010" lon="19.14681940"><ele>196.54</ele><time>1980-01-07T12:13:09.695Z</time></trkpt><trkpt lat="47.60798720" lon="19.14681660"><ele>196.54</ele><time>1980-01-07T12:13:09.895Z</time></trkpt><trkpt lat="47.60797280" lon="19.14681350"><ele>196.53</ele><time>1980-01-07T12:13:10.095Z</time></trkpt><trkpt lat="47.60795830" lon="19.14681030"><ele>196.52</ele><time>1980-01-07T12:13:10.295Z</time></trkpt><trkpt lat="47.60794400" lon="19.14680700"><ele>196.51</ele><time>1980-01-07T12:13:10.495Z</time></trkpt><trkpt lat="47.60792950" lon="19.14680360"><ele>196.51</ele><time>1980-01-07T12:13:10.695Z</time></trkpt><trkpt lat="47.60791550" lon="19.14680010"><ele>196.56</ele><time>1980-01-07T12:13:10.895Z</time></trkpt><trkpt lat="47.60790200" lon="19.14679650"><ele>196.61</ele><time>1980-01-07T12:13:11.095Z</time></trkpt><trkpt lat="47.60788920" lon="19.14679310"><ele>196.67</ele><time>1980-01-07T12:13:11.300Z</time></trkpt><trkpt lat="47.60787740" lon="19.14679000"><ele>196.69</ele><time>1980-01-07T12:13:11.505Z</time></trkpt><trkpt lat="47.60786700" lon="19.14678710"><ele>196.69</ele><time>1980-01-07T12:13:11.702Z</time></trkpt><trkpt lat="47.60785810" lon="19.14678480"><ele>196.67</ele><time>1980-01-07T12:13:11.902Z</time></trkpt><trkpt lat="47.60785160" lon="19.14678320"><ele>196.64</ele><time>1980-01-07T12:13:12.105Z</time></trkpt><trkpt lat="47.60784580" lon="19.14678210"><ele>196.60</ele><time>1980-01-07T12:13:12.315Z</time></trkpt><trkpt lat="47.60784260" lon="19.14678140"><ele>196.54</ele><time>1980-01-07T12:13:12.515Z</time></trkpt><trkpt lat="47.60784140" lon="19.14678100"><ele>196.51</ele><time>1980-01-07T12:13:12.715Z</time></trkpt><trkpt lat="47.60784170" lon="19.14678080"><ele>196.48</ele><time>1980-01-07T12:13:12.915Z</time></trkpt><trkpt lat="47.60784320" lon="19.14678110"><ele>196.47</ele><time>1980-01-07T12:13:13.105Z</time></trkpt><trkpt lat="47.60784530" lon="19.14678180"><ele>196.46</ele><time>1980-01-07T12:13:13.305Z</time></trkpt><trkpt lat="47.60784820" lon="19.14678260"><ele>196.46</ele><time>1980-01-07T12:13:13.505Z</time></trkpt><trkpt lat="47.60785140" lon="19.14678360"><ele>196.46</ele><time>1980-01-07T12:13:13.705Z</time></trkpt><trkpt lat="47.60785490" lon="19.14678460"><ele>196.46</ele><time>1980-01-07T12:13:13.906Z</time></trkpt><trkpt lat="47.60785820" lon="19.14678540"><ele>196.47</ele><time>1980-01-07T12:13:14.113Z</time></trkpt><trkpt lat="47.60786230" lon="19.14678630"><ele>196.48</ele><time>1980-01-07T12:13:14.305Z</time></trkpt><trkpt lat="47.60786600" lon="19.14678720"><ele>196.49</ele><time>1980-01-07T12:13:14.515Z</time></trkpt><trkpt lat="47.60787010" lon="19.14678800"><ele>196.51</ele><time>1980-01-07T12:13:14.715Z</time></trkpt><trkpt lat="47.60787470" lon="19.14678900"><ele>196.51</ele><time>1980-01-07T12:13:14.915Z</time></trkpt><trkpt lat="47.60788020" lon="19.14679010"><ele>196.52</ele><time>1980-01-07T12:13:15.116Z</time></trkpt><trkpt lat="47.60788640" lon="19.14679140"><ele>196.53</ele><time>1980-01-07T12:13:15.315Z</time></trkpt><trkpt lat="47.60789390" lon="19.14679300"><ele>196.53</ele><time>1980-01-07T12:13:15.510Z</time></trkpt><trkpt lat="47.60790280" lon="19.14679490"><ele>196.53</ele><time>1980-01-07T12:13:15.712Z</time></trkpt><trkpt lat="47.60791190" lon="19.14679680"><ele>196.53</ele><time>1980-01-07T12:13:15.914Z</time></trkpt><trkpt lat="47.60792310" lon="19.14679920"><ele>196.53</ele><time>1980-01-07T12:13:16.115Z</time></trkpt><trkpt lat="47.60793670" lon="19.14680210"><ele>196.54</ele><time>1980-01-07T12:13:16.315Z</time></trkpt><trkpt lat="47.60794980" lon="19.14680480"><ele>196.55</ele><time>1980-01-07T12:13:16.515Z</time></trkpt><trkpt lat="47.60796340" lon="19.14680740"><ele>196.55</ele><time>1980-01-07T12:13:16.715Z</time></trkpt><trkpt lat="47.60797750" lon="19.14681000"><ele>196.55</ele><time>1980-01-07T12:13:16.915Z</time></trkpt><trkpt lat="47.60799210" lon="19.14681260"><ele>196.56</ele><time>1980-01-07T12:13:17.115Z</time></trkpt><trkpt lat="47.60800580" lon="19.14681510"><ele>196.58</ele><time>1980-01-07T12:13:17.315Z</time></trkpt><trkpt lat="47.60802090" lon="19.14681780"><ele>196.59</ele><time>1980-01-07T12:13:17.515Z</time></trkpt><trkpt lat="47.60803430" lon="19.14682040"><ele>196.60</ele><time>1980-01-07T12:13:17.715Z</time></trkpt><trkpt lat="47.60805080" lon="19.14682380"><ele>196.60</ele><time>1980-01-07T12:13:17.915Z</time></trkpt><trkpt lat="47.60806600" lon="19.14682700"><ele>196.60</ele><time>1980-01-07T12:13:18.115Z</time></trkpt><trkpt lat="47.60807940" lon="19.14683000"><ele>196.60</ele><time>1980-01-07T12:13:18.315Z</time></trkpt><trkpt lat="47.60809450" lon="19.14683340"><ele>196.61</ele><time>1980-01-07T12:13:18.515Z</time></trkpt><trkpt lat="47.60811100" lon="19.14683730"><ele>196.63</ele><time>1980-01-07T12:13:18.716Z</time></trkpt><trkpt lat="47.60812310" lon="19.14684020"><ele>196.65</ele><time>1980-01-07T12:13:18.916Z</time></trkpt><trkpt lat="47.60813970" lon="19.14684440"><ele>196.65</ele><time>1980-01-07T12:13:19.119Z</time></trkpt><trkpt lat="47.60815480" lon="19.14684820"><ele>196.65</ele><time>1980-01-07T12:13:19.321Z</time></trkpt><trkpt lat="47.60816990" lon="19.14685200"><ele>196.65</ele><time>1980-01-07T12:13:19.525Z</time></trkpt><trkpt lat="47.60818510" lon="19.14685590"><ele>196.65</ele><time>1980-01-07T12:13:19.725Z</time></trkpt><trkpt lat="47.60820040" lon="19.14685980"><ele>196.64</ele><time>1980-01-07T12:13:19.925Z</time></trkpt><trkpt lat="47.60821560" lon="19.14686370"><ele>196.63</ele><time>1980-01-07T12:13:20.125Z</time></trkpt><trkpt lat="47.60822790" lon="19.14686700"><ele>196.64</ele><time>1980-01-07T12:13:20.319Z</time></trkpt><trkpt lat="47.60824310" lon="19.14687110"><ele>196.65</ele><time>1980-01-07T12:13:20.521Z</time></trkpt><trkpt lat="47.60825960" lon="19.14687550"><ele>196.65</ele><time>1980-01-07T12:13:20.724Z</time></trkpt><trkpt lat="47.60827600" lon="19.14688000"><ele>196.66</ele><time>1980-01-07T12:13:20.926Z</time></trkpt><trkpt lat="47.60828940" lon="19.14688370"><ele>196.66</ele><time>1980-01-07T12:13:21.125Z</time></trkpt><trkpt lat="47.60830420" lon="19.14688770"><ele>196.67</ele><time>1980-01-07T12:13:21.325Z</time></trkpt><trkpt lat="47.60831900" lon="19.14689170"><ele>196.67</ele><time>1980-01-07T12:13:21.525Z</time></trkpt><trkpt lat="47.60833380" lon="19.14689580"><ele>196.68</ele><time>1980-01-07T12:13:21.725Z</time></trkpt><trkpt lat="47.60834840" lon="19.14689980"><ele>196.70</ele><time>1980-01-07T12:13:21.925Z</time></trkpt><trkpt lat="47.60836160" lon="19.14690330"><ele>196.71</ele><time>1980-01-07T12:13:22.125Z</time></trkpt><trkpt lat="47.60837760" lon="19.14690750"><ele>196.73</ele><time>1980-01-07T12:13:22.325Z</time></trkpt><trkpt lat="47.60839180" lon="19.14691120"><ele>196.76</ele><time>1980-01-07T12:13:22.525Z</time></trkpt><trkpt lat="47.60840600" lon="19.14691480"><ele>196.77</ele><time>1980-01-07T12:13:22.725Z</time></trkpt><trkpt lat="47.60842020" lon="19.14691820"><ele>196.78</ele><time>1980-01-07T12:13:22.925Z</time></trkpt><trkpt lat="47.60843430" lon="19.14692160"><ele>196.79</ele><time>1980-01-07T12:13:23.125Z</time></trkpt><trkpt lat="47.60844790" lon="19.14692500"><ele>196.80</ele><time>1980-01-07T12:13:23.325Z</time></trkpt><trkpt lat="47.60846180" lon="19.14692850"><ele>196.80</ele><time>1980-01-07T12:13:23.535Z</time></trkpt><trkpt lat="47.60847580" lon="19.14693210"><ele>196.81</ele><time>1980-01-07T12:13:23.735Z</time></trkpt><trkpt lat="47.60849020" lon="19.14693570"><ele>196.81</ele><time>1980-01-07T12:13:23.935Z</time></trkpt><trkpt lat="47.60850340" lon="19.14693890"><ele>196.83</ele><time>1980-01-07T12:13:24.128Z</time></trkpt><trkpt lat="47.60851770" lon="19.14694220"><ele>196.84</ele><time>1980-01-07T12:13:24.332Z</time></trkpt><trkpt lat="47.60853210" lon="19.14694560"><ele>196.86</ele><time>1980-01-07T12:13:24.534Z</time></trkpt><trkpt lat="47.60854370" lon="19.14694840"><ele>196.87</ele><time>1980-01-07T12:13:24.736Z</time></trkpt><trkpt lat="47.60856090" lon="19.14695260"><ele>196.89</ele><time>1980-01-07T12:13:24.935Z</time></trkpt><trkpt lat="47.60857250" lon="19.14695560"><ele>196.90</ele><time>1980-01-07T12:13:25.135Z</time></trkpt><trkpt lat="47.60859000" lon="19.14696020"><ele>196.91</ele><time>1980-01-07T12:13:25.345Z</time></trkpt><trkpt lat="47.60860440" lon="19.14696390"><ele>196.92</ele><time>1980-01-07T12:13:25.545Z</time></trkpt><trkpt lat="47.60861610" lon="19.14696710"><ele>196.93</ele><time>1980-01-07T12:13:25.745Z</time></trkpt><trkpt lat="47.60863320" lon="19.14697170"><ele>196.93</ele><time>1980-01-07T12:13:25.945Z</time></trkpt><trkpt lat="47.60864620" lon="19.14697510"><ele>196.94</ele><time>1980-01-07T12:13:26.145Z</time></trkpt><trkpt lat="47.60866060" lon="19.14697860"><ele>196.96</ele><time>1980-01-07T12:13:26.335Z</time></trkpt><trkpt lat="47.60867360" lon="19.14698160"><ele>196.98</ele><time>1980-01-07T12:13:26.535Z</time></trkpt><trkpt lat="47.60868810" lon="19.14698480"><ele>196.99</ele><time>1980-01-07T12:13:26.735Z</time></trkpt><trkpt lat="47.60870270" lon="19.14698790"><ele>197.01</ele><time>1980-01-07T12:13:26.936Z</time></trkpt><trkpt lat="47.60871730" lon="19.14699090"><ele>197.00</ele><time>1980-01-07T12:13:27.135Z</time></trkpt><trkpt lat="47.60873220" lon="19.14699410"><ele>197.00</ele><time>1980-01-07T12:13:27.345Z</time></trkpt><trkpt lat="47.60874840" lon="19.14699750"><ele>196.99</ele><time>1980-01-07T12:13:27.545Z</time></trkpt><trkpt lat="47.60876170" lon="19.14700020"><ele>196.98</ele><time>1980-01-07T12:13:27.745Z</time></trkpt><trkpt lat="47.60877950" lon="19.14700400"><ele>196.97</ele><time>1980-01-07T12:13:27.955Z</time></trkpt><trkpt lat="47.60879420" lon="19.14700720"><ele>196.98</ele><time>1980-01-07T12:13:28.155Z</time></trkpt><trkpt lat="47.60880500" lon="19.14700950"><ele>196.99</ele><time>1980-01-07T12:13:28.355Z</time></trkpt><trkpt lat="47.60882240" lon="19.14701320"><ele>196.99</ele><time>1980-01-07T12:13:28.557Z</time></trkpt><trkpt lat="47.60883680" lon="19.14701630"><ele>197.00</ele><time>1980-01-07T12:13:28.758Z</time></trkpt><trkpt lat="47.60885090" lon="19.14701930"><ele>197.00</ele><time>1980-01-07T12:13:28.958Z</time></trkpt><trkpt lat="47.60886510" lon="19.14702260"><ele>196.99</ele><time>1980-01-07T12:13:29.159Z</time></trkpt><trkpt lat="47.60887920" lon="19.14702590"><ele>196.99</ele><time>1980-01-07T12:13:29.365Z</time></trkpt><trkpt lat="47.60889200" lon="19.14702890"><ele>196.97</ele><time>1980-01-07T12:13:29.565Z</time></trkpt><trkpt lat="47.60890750" lon="19.14703260"><ele>196.96</ele><time>1980-01-07T12:13:29.771Z</time></trkpt><trkpt lat="47.60892180" lon="19.14703580"><ele>196.95</ele><time>1980-01-07T12:13:29.975Z</time></trkpt><trkpt lat="47.60893600" lon="19.14703890"><ele>196.93</ele><time>1980-01-07T12:13:30.175Z</time></trkpt><trkpt lat="47.60894920" lon="19.14704170"><ele>196.92</ele><time>1980-01-07T12:13:30.370Z</time></trkpt><trkpt lat="47.60896330" lon="19.14704480"><ele>196.93</ele><time>1980-01-07T12:13:30.570Z</time></trkpt><trkpt lat="47.60897610" lon="19.14704760"><ele>196.94</ele><time>1980-01-07T12:13:30.771Z</time></trkpt><trkpt lat="47.60899040" lon="19.14705080"><ele>196.94</ele><time>1980-01-07T12:13:30.972Z</time></trkpt><trkpt lat="47.60900620" lon="19.14705440"><ele>196.95</ele><time>1980-01-07T12:13:31.174Z</time></trkpt><trkpt lat="47.60902060" lon="19.14705770"><ele>196.96</ele><time>1980-01-07T12:13:31.366Z</time></trkpt><trkpt lat="47.60903490" lon="19.14706090"><ele>196.96</ele><time>1980-01-07T12:13:31.575Z</time></trkpt><trkpt lat="47.60904910" lon="19.14706410"><ele>196.96</ele><time>1980-01-07T12:13:31.775Z</time></trkpt><trkpt lat="47.60906340" lon="19.14706730"><ele>196.97</ele><time>1980-01-07T12:13:31.967Z</time></trkpt><trkpt lat="47.60907770" lon="19.14707060"><ele>196.97</ele><time>1980-01-07T12:13:32.175Z</time></trkpt><trkpt lat="47.60909060" lon="19.14707370"><ele>196.97</ele><time>1980-01-07T12:13:32.373Z</time></trkpt><trkpt lat="47.60910640" lon="19.14707750"><ele>196.98</ele><time>1980-01-07T12:13:32.575Z</time></trkpt><trkpt lat="47.60912070" lon="19.14708090"><ele>196.97</ele><time>1980-01-07T12:13:32.765Z</time></trkpt><trkpt lat="47.60913370" lon="19.14708420"><ele>196.96</ele><time>1980-01-07T12:13:32.966Z</time></trkpt><trkpt lat="47.60914840" lon="19.14708790"><ele>196.95</ele><time>1980-01-07T12:13:33.168Z</time></trkpt><trkpt lat="47.60916300" lon="19.14709150"><ele>196.94</ele><time>1980-01-07T12:13:33.368Z</time></trkpt><trkpt lat="47.60917760" lon="19.14709520"><ele>196.94</ele><time>1980-01-07T12:13:33.571Z</time></trkpt><trkpt lat="47.60918910" lon="19.14709790"><ele>196.95</ele><time>1980-01-07T12:13:33.770Z</time></trkpt><trkpt lat="47.60920500" lon="19.14710170"><ele>196.95</ele><time>1980-01-07T12:13:33.974Z</time></trkpt><trkpt lat="47.60921950" lon="19.14710510"><ele>196.95</ele><time>1980-01-07T12:13:34.175Z</time></trkpt><trkpt lat="47.60923540" lon="19.14710880"><ele>196.95</ele><time>1980-01-07T12:13:34.375Z</time></trkpt><trkpt lat="47.60924980" lon="19.14711220"><ele>196.95</ele><time>1980-01-07T12:13:34.575Z</time></trkpt><trkpt lat="47.60926460" lon="19.14711570"><ele>196.95</ele><time>1980-01-07T12:13:34.775Z</time></trkpt><trkpt lat="47.60927920" lon="19.14711920"><ele>196.94</ele><time>1980-01-07T12:13:34.975Z</time></trkpt><trkpt lat="47.60929220" lon="19.14712230"><ele>196.93</ele><time>1980-01-07T12:13:35.171Z</time></trkpt><trkpt lat="47.60930700" lon="19.14712580"><ele>196.93</ele><time>1980-01-07T12:13:35.375Z</time></trkpt><trkpt lat="47.60932150" lon="19.14712920"><ele>196.93</ele><time>1980-01-07T12:13:35.575Z</time></trkpt><trkpt lat="47.60933590" lon="19.14713260"><ele>196.93</ele><time>1980-01-07T12:13:35.775Z</time></trkpt><trkpt lat="47.60935020" lon="19.14713590"><ele>196.95</ele><time>1980-01-07T12:13:35.975Z</time></trkpt><trkpt lat="47.60935870" lon="19.14713780"><ele>196.96</ele><time>1980-01-07T12:13:36.175Z</time></trkpt><trkpt lat="47.60937580" lon="19.14714160"><ele>196.98</ele><time>1980-01-07T12:13:36.375Z</time></trkpt><trkpt lat="47.60938890" lon="19.14714450"><ele>196.99</ele><time>1980-01-07T12:13:36.575Z</time></trkpt><trkpt lat="47.60939950" lon="19.14714700"><ele>196.98</ele><time>1980-01-07T12:13:36.775Z</time></trkpt><trkpt lat="47.60940830" lon="19.14714920"><ele>196.99</ele><time>1980-01-07T12:13:36.986Z</time></trkpt><trkpt lat="47.60941550" lon="19.14715100"><ele>196.98</ele><time>1980-01-07T12:13:37.185Z</time></trkpt><trkpt lat="47.60941960" lon="19.14715210"><ele>196.96</ele><time>1980-01-07T12:13:37.376Z</time></trkpt><trkpt lat="47.60942320" lon="19.14715310"><ele>196.93</ele><time>1980-01-07T12:13:37.578Z</time></trkpt><trkpt lat="47.60942460" lon="19.14715370"><ele>196.91</ele><time>1980-01-07T12:13:37.781Z</time></trkpt><trkpt lat="47.60942430" lon="19.14715410"><ele>196.88</ele><time>1980-01-07T12:13:37.982Z</time></trkpt><trkpt lat="47.60942300" lon="19.14715450"><ele>196.86</ele><time>1980-01-07T12:13:38.185Z</time></trkpt><trkpt lat="47.60942090" lon="19.14715490"><ele>196.85</ele><time>1980-01-07T12:13:38.385Z</time></trkpt><trkpt lat="47.60941770" lon="19.14715540"><ele>196.84</ele><time>1980-01-07T12:13:38.585Z</time></trkpt><trkpt lat="47.60941440" lon="19.14715580"><ele>196.85</ele><time>1980-01-07T12:13:38.785Z</time></trkpt><trkpt lat="47.60941100" lon="19.14715600"><ele>196.86</ele><time>1980-01-07T12:13:38.985Z</time></trkpt><trkpt lat="47.60940730" lon="19.14715620"><ele>196.87</ele><time>1980-01-07T12:13:39.185Z</time></trkpt><trkpt lat="47.60940400" lon="19.14715620"><ele>196.88</ele><time>1980-01-07T12:13:39.385Z</time></trkpt><trkpt lat="47.60940110" lon="19.14715620"><ele>196.88</ele><time>1980-01-07T12:13:39.585Z</time></trkpt><trkpt lat="47.60939800" lon="19.14715600"><ele>196.88</ele><time>1980-01-07T12:13:39.785Z</time></trkpt><trkpt lat="47.60939450" lon="19.14715570"><ele>196.87</ele><time>1980-01-07T12:13:39.980Z</time></trkpt><trkpt lat="47.60939080" lon="19.14715520"><ele>196.86</ele><time>1980-01-07T12:13:40.182Z</time></trkpt><trkpt lat="47.60938520" lon="19.14715420"><ele>196.85</ele><time>1980-01-07T12:13:40.383Z</time></trkpt><trkpt lat="47.60937910" lon="19.14715290"><ele>196.84</ele><time>1980-01-07T12:13:40.585Z</time></trkpt><trkpt lat="47.60937170" lon="19.14715100"><ele>196.82</ele><time>1980-01-07T12:13:40.785Z</time></trkpt><trkpt lat="47.60936290" lon="19.14714860"><ele>196.81</ele><time>1980-01-07T12:13:40.985Z</time></trkpt><trkpt lat="47.60935370" lon="19.14714600"><ele>196.79</ele><time>1980-01-07T12:13:41.185Z</time></trkpt><trkpt lat="47.60934110" lon="19.14714230"><ele>196.78</ele><time>1980-01-07T12:13:41.385Z</time></trkpt><trkpt lat="47.60932860" lon="19.14713860"><ele>196.78</ele><time>1980-01-07T12:13:41.585Z</time></trkpt><trkpt lat="47.60931550" lon="19.14713490"><ele>196.78</ele><time>1980-01-07T12:13:41.785Z</time></trkpt><trkpt lat="47.60930190" lon="19.14713130"><ele>196.79</ele><time>1980-01-07T12:13:41.989Z</time></trkpt><trkpt lat="47.60928800" lon="19.14712760"><ele>196.80</ele><time>1980-01-07T12:13:42.195Z</time></trkpt><trkpt lat="47.60927370" lon="19.14712400"><ele>196.82</ele><time>1980-01-07T12:13:42.395Z</time></trkpt><trkpt lat="47.60925930" lon="19.14712030"><ele>196.84</ele><time>1980-01-07T12:13:42.595Z</time></trkpt><trkpt lat="47.60924490" lon="19.14711660"><ele>196.85</ele><time>1980-01-07T12:13:42.795Z</time></trkpt><trkpt lat="47.60923020" lon="19.14711270"><ele>196.85</ele><time>1980-01-07T12:13:42.995Z</time></trkpt><trkpt lat="47.60921690" lon="19.14710920"><ele>196.85</ele><time>1980-01-07T12:13:43.195Z</time></trkpt><trkpt lat="47.60920060" lon="19.14710480"><ele>196.84</ele><time>1980-01-07T12:13:43.395Z</time></trkpt><trkpt lat="47.60918570" lon="19.14710070"><ele>196.84</ele><time>1980-01-07T12:13:43.605Z</time></trkpt><trkpt lat="47.60917210" lon="19.14709690"><ele>196.84</ele><time>1980-01-07T12:13:43.795Z</time></trkpt><trkpt lat="47.60915570" lon="19.14709220"><ele>196.84</ele><time>1980-01-07T12:13:44.001Z</time></trkpt><trkpt lat="47.60914080" lon="19.14708790"><ele>196.84</ele><time>1980-01-07T12:13:44.204Z</time></trkpt><trkpt lat="47.60912600" lon="19.14708360"><ele>196.83</ele><time>1980-01-07T12:13:44.405Z</time></trkpt><trkpt lat="47.60911120" lon="19.14707970"><ele>196.82</ele><time>1980-01-07T12:13:44.605Z</time></trkpt><trkpt lat="47.60909650" lon="19.14707610"><ele>196.81</ele><time>1980-01-07T12:13:44.805Z</time></trkpt><trkpt lat="47.60908170" lon="19.14707260"><ele>196.80</ele><time>1980-01-07T12:13:45.007Z</time></trkpt><trkpt lat="47.60906840" lon="19.14706950"><ele>196.79</ele><time>1980-01-07T12:13:45.215Z</time></trkpt><trkpt lat="47.60905210" lon="19.14706600"><ele>196.80</ele><time>1980-01-07T12:13:45.410Z</time></trkpt><trkpt lat="47.60903740" lon="19.14706280"><ele>196.80</ele><time>1980-01-07T12:13:45.610Z</time></trkpt><trkpt lat="47.60902270" lon="19.14705960"><ele>196.80</ele><time>1980-01-07T12:13:45.815Z</time></trkpt><trkpt lat="47.60900950" lon="19.14705680"><ele>196.80</ele><time>1980-01-07T12:13:46.012Z</time></trkpt><trkpt lat="47.60899450" lon="19.14705370"><ele>196.79</ele><time>1980-01-07T12:13:46.206Z</time></trkpt><trkpt lat="47.60897960" lon="19.14705040"><ele>196.78</ele><time>1980-01-07T12:13:46.410Z</time></trkpt><trkpt lat="47.60896520" lon="19.14704690"><ele>196.77</ele><time>1980-01-07T12:13:46.613Z</time></trkpt><trkpt lat="47.60895220" lon="19.14704370"><ele>196.76</ele><time>1980-01-07T12:13:46.813Z</time></trkpt><trkpt lat="47.60893480" lon="19.14703920"><ele>196.75</ele><time>1980-01-07T12:13:47.015Z</time></trkpt><trkpt lat="47.60892170" lon="19.14703570"><ele>196.74</ele><time>1980-01-07T12:13:47.208Z</time></trkpt><trkpt lat="47.60890860" lon="19.14703240"><ele>196.73</ele><time>1980-01-07T12:13:47.409Z</time></trkpt><trkpt lat="47.60889260" lon="19.14702820"><ele>196.71</ele><time>1980-01-07T12:13:47.610Z</time></trkpt><trkpt lat="47.60887790" lon="19.14702430"><ele>196.69</ele><time>1980-01-07T12:13:47.811Z</time></trkpt><trkpt lat="47.60886310" lon="19.14702050"><ele>196.68</ele><time>1980-01-07T12:13:48.015Z</time></trkpt><trkpt lat="47.60884810" lon="19.14701700"><ele>196.69</ele><time>1980-01-07T12:13:48.206Z</time></trkpt><trkpt lat="47.60883330" lon="19.14701390"><ele>196.68</ele><time>1980-01-07T12:13:48.407Z</time></trkpt><trkpt lat="47.60881930" lon="19.14701100"><ele>196.68</ele><time>1980-01-07T12:13:48.614Z</time></trkpt><trkpt lat="47.60880520" lon="19.14700810"><ele>196.67</ele><time>1980-01-07T12:13:48.807Z</time></trkpt><trkpt lat="47.60879040" lon="19.14700490"><ele>196.66</ele><time>1980-01-07T12:13:49.008Z</time></trkpt><trkpt lat="47.60877550" lon="19.14700190"><ele>196.66</ele><time>1980-01-07T12:13:49.213Z</time></trkpt><trkpt lat="47.60876110" lon="19.14699890"><ele>196.67</ele><time>1980-01-07T12:13:49.414Z</time></trkpt><trkpt lat="47.60874660" lon="19.14699590"><ele>196.67</ele><time>1980-01-07T12:13:49.616Z</time></trkpt><trkpt lat="47.60873200" lon="19.14699300"><ele>196.67</ele><time>1980-01-07T12:13:49.815Z</time></trkpt><trkpt lat="47.60871730" lon="19.14699020"><ele>196.67</ele><time>1980-01-07T12:13:50.015Z</time></trkpt><trkpt lat="47.60870480" lon="19.14698770"><ele>196.67</ele><time>1980-01-07T12:13:50.207Z</time></trkpt><trkpt lat="47.60869030" lon="19.14698500"><ele>196.67</ele><time>1980-01-07T12:13:50.415Z</time></trkpt><trkpt lat="47.60867600" lon="19.14698230"><ele>196.67</ele><time>1980-01-07T12:13:50.608Z</time></trkpt><trkpt lat="47.60866160" lon="19.14697940"><ele>196.67</ele><time>1980-01-07T12:13:50.808Z</time></trkpt><trkpt lat="47.60864700" lon="19.14697630"><ele>196.68</ele><time>1980-01-07T12:13:51.009Z</time></trkpt><trkpt lat="47.60863100" lon="19.14697270"><ele>196.68</ele><time>1980-01-07T12:13:51.215Z</time></trkpt><trkpt lat="47.60861670" lon="19.14696930"><ele>196.67</ele><time>1980-01-07T12:13:51.415Z</time></trkpt><trkpt lat="47.60860380" lon="19.14696630"><ele>196.67</ele><time>1980-01-07T12:13:51.615Z</time></trkpt><trkpt lat="47.60858820" lon="19.14696250"><ele>196.68</ele><time>1980-01-07T12:13:51.815Z</time></trkpt><trkpt lat="47.60857680" lon="19.14695970"><ele>196.68</ele><time>1980-01-07T12:13:52.015Z</time></trkpt><trkpt lat="47.60856090" lon="19.14695580"><ele>196.67</ele><time>1980-01-07T12:13:52.215Z</time></trkpt><trkpt lat="47.60854680" lon="19.14695240"><ele>196.66</ele><time>1980-01-07T12:13:52.415Z</time></trkpt><trkpt lat="47.60853260" lon="19.14694910"><ele>196.67</ele><time>1980-01-07T12:13:52.615Z</time></trkpt><trkpt lat="47.60851710" lon="19.14694540"><ele>196.66</ele><time>1980-01-07T12:13:52.815Z</time></trkpt><trkpt lat="47.60850460" lon="19.14694250"><ele>196.66</ele><time>1980-01-07T12:13:53.015Z</time></trkpt><trkpt lat="47.60849040" lon="19.14693920"><ele>196.67</ele><time>1980-01-07T12:13:53.207Z</time></trkpt><trkpt lat="47.60847640" lon="19.14693590"><ele>196.68</ele><time>1980-01-07T12:13:53.408Z</time></trkpt><trkpt lat="47.60846390" lon="19.14693300"><ele>196.68</ele><time>1980-01-07T12:13:53.609Z</time></trkpt><trkpt lat="47.60844850" lon="19.14692950"><ele>196.69</ele><time>1980-01-07T12:13:53.810Z</time></trkpt><trkpt lat="47.60843440" lon="19.14692620"><ele>196.69</ele><time>1980-01-07T12:13:54.010Z</time></trkpt><trkpt lat="47.60842030" lon="19.14692280"><ele>196.70</ele><time>1980-01-07T12:13:54.215Z</time></trkpt><trkpt lat="47.60840630" lon="19.14691920"><ele>196.71</ele><time>1980-01-07T12:13:54.415Z</time></trkpt><trkpt lat="47.60839260" lon="19.14691560"><ele>196.70</ele><time>1980-01-07T12:13:54.615Z</time></trkpt><trkpt lat="47.60837890" lon="19.14691180"><ele>196.69</ele><time>1980-01-07T12:13:54.815Z</time></trkpt><trkpt lat="47.60836500" lon="19.14690790"><ele>196.69</ele><time>1980-01-07T12:13:55.015Z</time></trkpt><trkpt lat="47.60835190" lon="19.14690420"><ele>196.68</ele><time>1980-01-07T12:13:55.215Z</time></trkpt><trkpt lat="47.60833740" lon="19.14690010"><ele>196.67</ele><time>1980-01-07T12:13:55.415Z</time></trkpt><trkpt lat="47.60832330" lon="19.14689620"><ele>196.65</ele><time>1980-01-07T12:13:55.615Z</time></trkpt><trkpt lat="47.60830940" lon="19.14689240"><ele>196.64</ele><time>1980-01-07T12:13:55.815Z</time></trkpt><trkpt lat="47.60829550" lon="19.14688870"><ele>196.61</ele><time>1980-01-07T12:13:56.015Z</time></trkpt><trkpt lat="47.60828280" lon="19.14688540"><ele>196.59</ele><time>1980-01-07T12:13:56.216Z</time></trkpt><trkpt lat="47.60826750" lon="19.14688160"><ele>196.57</ele><time>1980-01-07T12:13:56.425Z</time></trkpt><trkpt lat="47.60825360" lon="19.14687820"><ele>196.56</ele><time>1980-01-07T12:13:56.615Z</time></trkpt><trkpt lat="47.60823960" lon="19.14687500"><ele>196.56</ele><time>1980-01-07T12:13:56.816Z</time></trkpt><trkpt lat="47.60822550" lon="19.14687190"><ele>196.57</ele><time>1980-01-07T12:13:57.017Z</time></trkpt><trkpt lat="47.60821150" lon="19.14686870"><ele>196.58</ele><time>1980-01-07T12:13:57.217Z</time></trkpt><trkpt lat="47.60819890" lon="19.14686580"><ele>196.59</ele><time>1980-01-07T12:13:57.418Z</time></trkpt><trkpt lat="47.60818570" lon="19.14686280"><ele>196.60</ele><time>1980-01-07T12:13:57.620Z</time></trkpt><trkpt lat="47.60817090" lon="19.14685930"><ele>196.60</ele><time>1980-01-07T12:13:57.821Z</time></trkpt><trkpt lat="47.60815680" lon="19.14685590"><ele>196.61</ele><time>1980-01-07T12:13:58.023Z</time></trkpt><trkpt lat="47.60814220" lon="19.14685220"><ele>196.62</ele><time>1980-01-07T12:13:58.225Z</time></trkpt><trkpt lat="47.60812780" lon="19.14684850"><ele>196.62</ele><time>1980-01-07T12:13:58.425Z</time></trkpt><trkpt lat="47.60811370" lon="19.14684500"><ele>196.63</ele><time>1980-01-07T12:13:58.625Z</time></trkpt><trkpt lat="47.60809960" lon="19.14684150"><ele>196.63</ele><time>1980-01-07T12:13:58.825Z</time></trkpt><trkpt lat="47.60808540" lon="19.14683810"><ele>196.64</ele><time>1980-01-07T12:13:59.035Z</time></trkpt><trkpt lat="47.60807260" lon="19.14683510"><ele>196.64</ele><time>1980-01-07T12:13:59.235Z</time></trkpt><trkpt lat="47.60805720" lon="19.14683140"><ele>196.61</ele><time>1980-01-07T12:13:59.427Z</time></trkpt><trkpt lat="47.60804340" lon="19.14682840"><ele>196.60</ele><time>1980-01-07T12:13:59.635Z</time></trkpt><trkpt lat="47.60802960" lon="19.14682540"><ele>196.59</ele><time>1980-01-07T12:13:59.835Z</time></trkpt><trkpt lat="47.60801580" lon="19.14682250"><ele>196.59</ele><time>1980-01-07T12:14:00.029Z</time></trkpt><trkpt lat="47.60800210" lon="19.14681960"><ele>196.61</ele><time>1980-01-07T12:14:00.233Z</time></trkpt><trkpt lat="47.60798830" lon="19.14681660"><ele>196.60</ele><time>1980-01-07T12:14:00.435Z</time></trkpt><trkpt lat="47.60797440" lon="19.14681340"><ele>196.60</ele><time>1980-01-07T12:14:00.634Z</time></trkpt><trkpt lat="47.60796050" lon="19.14681020"><ele>196.59</ele><time>1980-01-07T12:14:00.835Z</time></trkpt><trkpt lat="47.60794640" lon="19.14680670"><ele>196.58</ele><time>1980-01-07T12:14:01.035Z</time></trkpt><trkpt lat="47.60793290" lon="19.14680320"><ele>196.59</ele><time>1980-01-07T12:14:01.237Z</time></trkpt><trkpt lat="47.60791930" lon="19.14679970"><ele>196.63</ele><time>1980-01-07T12:14:01.437Z</time></trkpt><trkpt lat="47.60790470" lon="19.14679580"><ele>196.67</ele><time>1980-01-07T12:14:01.637Z</time></trkpt><trkpt lat="47.60789350" lon="19.14679290"><ele>196.68</ele><time>1980-01-07T12:14:01.839Z</time></trkpt><trkpt lat="47.60788230" lon="19.14679010"><ele>196.70</ele><time>1980-01-07T12:14:02.038Z</time></trkpt><trkpt lat="47.60787230" lon="19.14678760"><ele>196.70</ele><time>1980-01-07T12:14:02.242Z</time></trkpt><trkpt lat="47.60786420" lon="19.14678560"><ele>196.70</ele><time>1980-01-07T12:14:02.443Z</time></trkpt><trkpt lat="47.60785840" lon="19.14678410"><ele>196.70</ele><time>1980-01-07T12:14:02.645Z</time></trkpt><trkpt lat="47.60785350" lon="19.14678290"><ele>196.68</ele><time>1980-01-07T12:14:02.845Z</time></trkpt><trkpt lat="47.60785090" lon="19.14678240"><ele>196.66</ele><time>1980-01-07T12:14:03.045Z</time></trkpt><trkpt lat="47.60784970" lon="19.14678220"><ele>196.62</ele><time>1980-01-07T12:14:03.245Z</time></trkpt><trkpt lat="47.60784990" lon="19.14678230"><ele>196.60</ele><time>1980-01-07T12:14:03.445Z</time></trkpt><trkpt lat="47.60785120" lon="19.14678270"><ele>196.58</ele><time>1980-01-07T12:14:03.645Z</time></trkpt><trkpt lat="47.60785300" lon="19.14678320"><ele>196.57</ele><time>1980-01-07T12:14:03.845Z</time></trkpt><trkpt lat="47.60785530" lon="19.14678400"><ele>196.57</ele><time>1980-01-07T12:14:04.044Z</time></trkpt><trkpt lat="47.60785800" lon="19.14678490"><ele>196.58</ele><time>1980-01-07T12:14:04.245Z</time></trkpt><trkpt lat="47.60786070" lon="19.14678580"><ele>196.59</ele><time>1980-01-07T12:14:04.445Z</time></trkpt><trkpt lat="47.60786350" lon="19.14678670"><ele>196.60</ele><time>1980-01-07T12:14:04.655Z</time></trkpt><trkpt lat="47.60786540" lon="19.14678730"><ele>196.61</ele><time>1980-01-07T12:14:04.855Z</time></trkpt><trkpt lat="47.60786950" lon="19.14678840"><ele>196.62</ele><time>1980-01-07T12:14:05.047Z</time></trkpt><trkpt lat="47.60787280" lon="19.14678930"><ele>196.61</ele><time>1980-01-07T12:14:05.245Z</time></trkpt><trkpt lat="47.60787680" lon="19.14679030"><ele>196.61</ele><time>1980-01-07T12:14:05.445Z</time></trkpt><trkpt lat="47.60788230" lon="19.14679160"><ele>196.61</ele><time>1980-01-07T12:14:05.650Z</time></trkpt><trkpt lat="47.60788950" lon="19.14679320"><ele>196.61</ele><time>1980-01-07T12:14:05.851Z</time></trkpt><trkpt lat="47.60789710" lon="19.14679480"><ele>196.61</ele><time>1980-01-07T12:14:06.055Z</time></trkpt><trkpt lat="47.60790580" lon="19.14679660"><ele>196.62</ele><time>1980-01-07T12:14:06.254Z</time></trkpt><trkpt lat="47.60791290" lon="19.14679820"><ele>196.64</ele><time>1980-01-07T12:14:06.455Z</time></trkpt><trkpt lat="47.60792310" lon="19.14680030"><ele>196.65</ele><time>1980-01-07T12:14:06.655Z</time></trkpt><trkpt lat="47.60793380" lon="19.14680250"><ele>196.65</ele><time>1980-01-07T12:14:06.855Z</time></trkpt><trkpt lat="47.60794260" lon="19.14680420"><ele>196.66</ele><time>1980-01-07T12:14:07.055Z</time></trkpt><trkpt lat="47.60795380" lon="19.14680640"><ele>196.67</ele><time>1980-01-07T12:14:07.264Z</time></trkpt><trkpt lat="47.60796250" lon="19.14680820"><ele>196.68</ele><time>1980-01-07T12:14:07.455Z</time></trkpt><trkpt lat="47.60797210" lon="19.14681010"><ele>196.68</ele><time>1980-01-07T12:14:07.655Z</time></trkpt><trkpt lat="47.60798160" lon="19.14681210"><ele>196.69</ele><time>1980-01-07T12:14:07.855Z</time></trkpt><trkpt lat="47.60799110" lon="19.14681400"><ele>196.71</ele><time>1980-01-07T12:14:08.055Z</time></trkpt><trkpt lat="47.60800020" lon="19.14681600"><ele>196.72</ele><time>1980-01-07T12:14:08.255Z</time></trkpt><trkpt lat="47.60800900" lon="19.14681790"><ele>196.74</ele><time>1980-01-07T12:14:08.455Z</time></trkpt><trkpt lat="47.60801770" lon="19.14681950"><ele>196.75</ele><time>1980-01-07T12:14:08.655Z</time></trkpt><trkpt lat="47.60802610" lon="19.14682090"><ele>196.76</ele><time>1980-01-07T12:14:08.855Z</time></trkpt><trkpt lat="47.60803430" lon="19.14682210"><ele>196.77</ele><time>1980-01-07T12:14:09.055Z</time></trkpt><trkpt lat="47.60804220" lon="19.14682320"><ele>196.79</ele><time>1980-01-07T12:14:09.255Z</time></trkpt><trkpt lat="47.60804990" lon="19.14682430"><ele>196.80</ele><time>1980-01-07T12:14:09.455Z</time></trkpt><trkpt lat="47.60805650" lon="19.14682530"><ele>196.80</ele><time>1980-01-07T12:14:09.655Z</time></trkpt><trkpt lat="47.60806360" lon="19.14682670"><ele>196.81</ele><time>1980-01-07T12:14:09.855Z</time></trkpt><trkpt lat="47.60807070" lon="19.14682810"><ele>196.83</ele><time>1980-01-07T12:14:10.055Z</time></trkpt><trkpt lat="47.60807790" lon="19.14682980"><ele>196.84</ele><time>1980-01-07T12:14:10.255Z</time></trkpt><trkpt lat="47.60808470" lon="19.14683150"><ele>196.86</ele><time>1980-01-07T12:14:10.455Z</time></trkpt><trkpt lat="47.60809140" lon="19.14683330"><ele>196.87</ele><time>1980-01-07T12:14:10.655Z</time></trkpt><trkpt lat="47.60809800" lon="19.14683520"><ele>196.88</ele><time>1980-01-07T12:14:10.855Z</time></trkpt><trkpt lat="47.60810460" lon="19.14683730"><ele>196.88</ele><time>1980-01-07T12:14:11.055Z</time></trkpt><trkpt lat="47.60811120" lon="19.14683940"><ele>196.90</ele><time>1980-01-07T12:14:11.255Z</time></trkpt><trkpt lat="47.60811760" lon="19.14684170"><ele>196.90</ele><time>1980-01-07T12:14:11.455Z</time></trkpt><trkpt lat="47.60812410" lon="19.14684400"><ele>196.91</ele><time>1980-01-07T12:14:11.655Z</time></trkpt><trkpt lat="47.60813060" lon="19.14684650"><ele>196.92</ele><time>1980-01-07T12:14:11.855Z</time></trkpt><trkpt lat="47.60813720" lon="19.14684890"><ele>196.93</ele><time>1980-01-07T12:14:12.055Z</time></trkpt><trkpt lat="47.60814330" lon="19.14685100"><ele>196.94</ele><time>1980-01-07T12:14:12.255Z</time></trkpt><trkpt lat="47.60814990" lon="19.14685290"><ele>196.94</ele><time>1980-01-07T12:14:12.455Z</time></trkpt><trkpt lat="47.60815650" lon="19.14685470"><ele>196.94</ele><time>1980-01-07T12:14:12.655Z</time></trkpt><trkpt lat="47.60816330" lon="19.14685640"><ele>196.95</ele><time>1980-01-07T12:14:12.855Z</time></trkpt><trkpt lat="47.60817030" lon="19.14685810"><ele>196.94</ele><time>1980-01-07T12:14:13.055Z</time></trkpt><trkpt lat="47.60817680" lon="19.14685970"><ele>196.94</ele><time>1980-01-07T12:14:13.255Z</time></trkpt><trkpt lat="47.60818330" lon="19.14686140"><ele>196.94</ele><time>1980-01-07T12:14:13.455Z</time></trkpt><trkpt lat="47.60819090" lon="19.14686330"><ele>196.94</ele><time>1980-01-07T12:14:13.655Z</time></trkpt><trkpt lat="47.60819800" lon="19.14686500"><ele>196.93</ele><time>1980-01-07T12:14:13.855Z</time></trkpt><trkpt lat="47.60820510" lon="19.14686670"><ele>196.93</ele><time>1980-01-07T12:14:14.055Z</time></trkpt><trkpt lat="47.60821230" lon="19.14686840"><ele>196.93</ele><time>1980-01-07T12:14:14.255Z</time></trkpt><trkpt lat="47.60821950" lon="19.14687010"><ele>196.93</ele><time>1980-01-07T12:14:14.455Z</time></trkpt><trkpt lat="47.60822670" lon="19.14687190"><ele>196.93</ele><time>1980-01-07T12:14:14.656Z</time></trkpt><trkpt lat="47.60823260" lon="19.14687330"><ele>196.93</ele><time>1980-01-07T12:14:14.856Z</time></trkpt><trkpt lat="47.60824000" lon="19.14687510"><ele>196.93</ele><time>1980-01-07T12:14:15.058Z</time></trkpt><trkpt lat="47.60824730" lon="19.14687680"><ele>196.91</ele><time>1980-01-07T12:14:15.259Z</time></trkpt><trkpt lat="47.60825470" lon="19.14687860"><ele>196.90</ele><time>1980-01-07T12:14:15.460Z</time></trkpt><trkpt lat="47.60826210" lon="19.14688030"><ele>196.88</ele><time>1980-01-07T12:14:15.662Z</time></trkpt><trkpt lat="47.60826880" lon="19.14688180"><ele>196.87</ele><time>1980-01-07T12:14:15.863Z</time></trkpt><trkpt lat="47.60827710" lon="19.14688380"><ele>196.85</ele><time>1980-01-07T12:14:16.065Z</time></trkpt><trkpt lat="47.60828450" lon="19.14688560"><ele>196.84</ele><time>1980-01-07T12:14:16.265Z</time></trkpt><trkpt lat="47.60829190" lon="19.14688740"><ele>196.83</ele><time>1980-01-07T12:14:16.465Z</time></trkpt><trkpt lat="47.60829930" lon="19.14688930"><ele>196.82</ele><time>1980-01-07T12:14:16.665Z</time></trkpt><trkpt lat="47.60830680" lon="19.14689120"><ele>196.81</ele><time>1980-01-07T12:14:16.865Z</time></trkpt><trkpt lat="47.60831480" lon="19.14689310"><ele>196.80</ele><time>1980-01-07T12:14:17.061Z</time></trkpt><trkpt lat="47.60832170" lon="19.14689490"><ele>196.79</ele><time>1980-01-07T12:14:17.262Z</time></trkpt><trkpt lat="47.60832890" lon="19.14689670"><ele>196.79</ele><time>1980-01-07T12:14:17.463Z</time></trkpt><trkpt lat="47.60833610" lon="19.14689850"><ele>196.80</ele><time>1980-01-07T12:14:17.665Z</time></trkpt><trkpt lat="47.60834320" lon="19.14690020"><ele>196.81</ele><time>1980-01-07T12:14:17.865Z</time></trkpt><trkpt lat="47.60835030" lon="19.14690190"><ele>196.81</ele><time>1980-01-07T12:14:18.065Z</time></trkpt><trkpt lat="47.60835730" lon="19.14690350"><ele>196.81</ele><time>1980-01-07T12:14:18.261Z</time></trkpt><trkpt lat="47.60836420" lon="19.14690520"><ele>196.81</ele><time>1980-01-07T12:14:18.462Z</time></trkpt><trkpt lat="47.60837060" lon="19.14690670"><ele>196.81</ele><time>1980-01-07T12:14:18.665Z</time></trkpt><trkpt lat="47.60837830" lon="19.14690870"><ele>196.81</ele><time>1980-01-07T12:14:18.865Z</time></trkpt><trkpt lat="47.60838530" lon="19.14691060"><ele>196.80</ele><time>1980-01-07T12:14:19.065Z</time></trkpt><trkpt lat="47.60839190" lon="19.14691230"><ele>196.79</ele><time>1980-01-07T12:14:19.259Z</time></trkpt><trkpt lat="47.60839900" lon="19.14691410"><ele>196.78</ele><time>1980-01-07T12:14:19.460Z</time></trkpt><trkpt lat="47.60840680" lon="19.14691600"><ele>196.79</ele><time>1980-01-07T12:14:19.662Z</time></trkpt><trkpt lat="47.60841320" lon="19.14691750"><ele>196.78</ele><time>1980-01-07T12:14:19.863Z</time></trkpt><trkpt lat="47.60842040" lon="19.14691920"><ele>196.77</ele><time>1980-01-07T12:14:20.063Z</time></trkpt><trkpt lat="47.60842770" lon="19.14692090"><ele>196.77</ele><time>1980-01-07T12:14:20.265Z</time></trkpt><trkpt lat="47.60843490" lon="19.14692250"><ele>196.78</ele><time>1980-01-07T12:14:20.465Z</time></trkpt><trkpt lat="47.60844210" lon="19.14692420"><ele>196.78</ele><time>1980-01-07T12:14:20.665Z</time></trkpt><trkpt lat="47.60844950" lon="19.14692600"><ele>196.77</ele><time>1980-01-07T12:14:20.865Z</time></trkpt><trkpt lat="47.60845680" lon="19.14692780"><ele>196.77</ele><time>1980-01-07T12:14:21.059Z</time></trkpt><trkpt lat="47.60846430" lon="19.14692980"><ele>196.76</ele><time>1980-01-07T12:14:21.259Z</time></trkpt><trkpt lat="47.60847160" lon="19.14693170"><ele>196.76</ele><time>1980-01-07T12:14:21.462Z</time></trkpt><trkpt lat="47.60847810" lon="19.14693330"><ele>196.76</ele><time>1980-01-07T12:14:21.664Z</time></trkpt><trkpt lat="47.60848530" lon="19.14693490"><ele>196.76</ele><time>1980-01-07T12:14:21.866Z</time></trkpt><trkpt lat="47.60849250" lon="19.14693660"><ele>196.77</ele><time>1980-01-07T12:14:22.060Z</time></trkpt><trkpt lat="47.60849990" lon="19.14693820"><ele>196.77</ele><time>1980-01-07T12:14:22.260Z</time></trkpt><trkpt lat="47.60850700" lon="19.14693970"><ele>196.77</ele><time>1980-01-07T12:14:22.460Z</time></trkpt><trkpt lat="47.60851400" lon="19.14694110"><ele>196.78</ele><time>1980-01-07T12:14:22.665Z</time></trkpt><trkpt lat="47.60852100" lon="19.14694260"><ele>196.78</ele><time>1980-01-07T12:14:22.865Z</time></trkpt><trkpt lat="47.60852790" lon="19.14694400"><ele>196.78</ele><time>1980-01-07T12:14:23.065Z</time></trkpt><trkpt lat="47.60853490" lon="19.14694550"><ele>196.78</ele><time>1980-01-07T12:14:23.265Z</time></trkpt><trkpt lat="47.60854180" lon="19.14694700"><ele>196.78</ele><time>1980-01-07T12:14:23.465Z</time></trkpt><trkpt lat="47.60854880" lon="19.14694860"><ele>196.79</ele><time>1980-01-07T12:14:23.665Z</time></trkpt><trkpt lat="47.60855590" lon="19.14695020"><ele>196.78</ele><time>1980-01-07T12:14:23.865Z</time></trkpt><trkpt lat="47.60856290" lon="19.14695180"><ele>196.79</ele><time>1980-01-07T12:14:24.065Z</time></trkpt><trkpt lat="47.60857000" lon="19.14695350"><ele>196.79</ele><time>1980-01-07T12:14:24.275Z</time></trkpt><trkpt lat="47.60857700" lon="19.14695510"><ele>196.80</ele><time>1980-01-07T12:14:24.465Z</time></trkpt><trkpt lat="47.60858340" lon="19.14695660"><ele>196.81</ele><time>1980-01-07T12:14:24.665Z</time></trkpt><trkpt lat="47.60859030" lon="19.14695830"><ele>196.81</ele><time>1980-01-07T12:14:24.865Z</time></trkpt><trkpt lat="47.60859730" lon="19.14695990"><ele>196.82</ele><time>1980-01-07T12:14:25.068Z</time></trkpt><trkpt lat="47.60860440" lon="19.14696160"><ele>196.82</ele><time>1980-01-07T12:14:25.270Z</time></trkpt><trkpt lat="47.60861210" lon="19.14696340"><ele>196.82</ele><time>1980-01-07T12:14:25.475Z</time></trkpt><trkpt lat="47.60861900" lon="19.14696510"><ele>196.84</ele><time>1980-01-07T12:14:25.671Z</time></trkpt><trkpt lat="47.60862620" lon="19.14696700"><ele>196.85</ele><time>1980-01-07T12:14:25.872Z</time></trkpt><trkpt lat="47.60863340" lon="19.14696890"><ele>196.87</ele><time>1980-01-07T12:14:26.074Z</time></trkpt><trkpt lat="47.60864030" lon="19.14697080"><ele>196.88</ele><time>1980-01-07T12:14:26.275Z</time></trkpt><trkpt lat="47.60864580" lon="19.14697240"><ele>196.89</ele><time>1980-01-07T12:14:26.469Z</time></trkpt><trkpt lat="47.60865160" lon="19.14697420"><ele>196.89</ele><time>1980-01-07T12:14:26.670Z</time></trkpt><trkpt lat="47.60865480" lon="19.14697530"><ele>196.89</ele><time>1980-01-07T12:14:26.870Z</time></trkpt><trkpt lat="47.60865770" lon="19.14697640"><ele>196.83</ele><time>1980-01-07T12:14:27.070Z</time></trkpt><trkpt lat="47.60865970" lon="19.14697740"><ele>196.67</ele><time>1980-01-07T12:14:27.275Z</time></trkpt><trkpt lat="47.60866060" lon="19.14697790"><ele>196.43</ele><time>1980-01-07T12:14:27.475Z</time></trkpt><trkpt lat="47.60866080" lon="19.14697810"><ele>196.15</ele><time>1980-01-07T12:14:27.685Z</time></trkpt><trkpt lat="47.60866010" lon="19.14697810"><ele>195.92</ele><time>1980-01-07T12:14:27.895Z</time></trkpt><trkpt lat="47.60865860" lon="19.14697800"><ele>195.66</ele><time>1980-01-07T12:14:28.095Z</time></trkpt><trkpt lat="47.60865680" lon="19.14697800"><ele>195.45</ele><time>1980-01-07T12:14:28.295Z</time></trkpt><trkpt lat="47.60865430" lon="19.14697790"><ele>195.23</ele><time>1980-01-07T12:14:28.495Z</time></trkpt><trkpt lat="47.60865210" lon="19.14697780"><ele>195.05</ele><time>1980-01-07T12:14:28.695Z</time></trkpt><trkpt lat="47.60864960" lon="19.14697770"><ele>194.84</ele><time>1980-01-07T12:14:28.895Z</time></trkpt><trkpt lat="47.60864660" lon="19.14697770"><ele>194.60</ele><time>1980-01-07T12:14:29.101Z</time></trkpt><trkpt lat="47.60864440" lon="19.14697770"><ele>194.42</ele><time>1980-01-07T12:14:29.303Z</time></trkpt><trkpt lat="47.60864200" lon="19.14697760"><ele>194.23</ele><time>1980-01-07T12:14:29.505Z</time></trkpt><trkpt lat="47.60863980" lon="19.14697750"><ele>194.04</ele><time>1980-01-07T12:14:29.695Z</time></trkpt><trkpt lat="47.60863800" lon="19.14697730"><ele>193.87</ele><time>1980-01-07T12:14:29.905Z</time></trkpt><trkpt lat="47.60863610" lon="19.14697700"><ele>193.66</ele><time>1980-01-07T12:14:30.105Z</time></trkpt><trkpt lat="47.60863450" lon="19.14697650"><ele>193.47</ele><time>1980-01-07T12:14:30.305Z</time></trkpt><trkpt lat="47.60863320" lon="19.14697590"><ele>193.26</ele><time>1980-01-07T12:14:30.505Z</time></trkpt><trkpt lat="47.60863200" lon="19.14697510"><ele>193.05</ele><time>1980-01-07T12:14:30.705Z</time></trkpt><trkpt lat="47.60863110" lon="19.14697420"><ele>192.84</ele><time>1980-01-07T12:14:30.905Z</time></trkpt><trkpt lat="47.60863050" lon="19.14697330"><ele>192.63</ele><time>1980-01-07T12:14:31.105Z</time></trkpt><trkpt lat="47.60863000" lon="19.14697250"><ele>192.43</ele><time>1980-01-07T12:14:31.316Z</time></trkpt><trkpt lat="47.60862970" lon="19.14697160"><ele>192.22</ele><time>1980-01-07T12:14:31.516Z</time></trkpt><trkpt lat="47.60862960" lon="19.14697080"><ele>192.00</ele><time>1980-01-07T12:14:31.715Z</time></trkpt><trkpt lat="47.60862960" lon="19.14697000"><ele>191.79</ele><time>1980-01-07T12:14:31.915Z</time></trkpt><trkpt lat="47.60862970" lon="19.14696940"><ele>191.60</ele><time>1980-01-07T12:14:32.115Z</time></trkpt><trkpt lat="47.60863000" lon="19.14696890"><ele>191.36</ele><time>1980-01-07T12:14:32.315Z</time></trkpt><trkpt lat="47.60863030" lon="19.14696860"><ele>191.16</ele><time>1980-01-07T12:14:32.515Z</time></trkpt><trkpt lat="47.60863060" lon="19.14696850"><ele>190.95</ele><time>1980-01-07T12:14:32.715Z</time></trkpt><trkpt lat="47.60863100" lon="19.14696830"><ele>190.74</ele><time>1980-01-07T12:14:32.915Z</time></trkpt><trkpt lat="47.60863140" lon="19.14696810"><ele>190.53</ele><time>1980-01-07T12:14:33.115Z</time></trkpt><trkpt lat="47.60863190" lon="19.14696800"><ele>190.31</ele><time>1980-01-07T12:14:33.325Z</time></trkpt><trkpt lat="47.60863240" lon="19.14696800"><ele>190.11</ele><time>1980-01-07T12:14:33.525Z</time></trkpt><trkpt lat="47.60863290" lon="19.14696810"><ele>189.91</ele><time>1980-01-07T12:14:33.725Z</time></trkpt><trkpt lat="47.60863340" lon="19.14696820"><ele>189.74</ele><time>1980-01-07T12:14:33.925Z</time></trkpt><trkpt lat="47.60863390" lon="19.14696830"><ele>189.52</ele><time>1980-01-07T12:14:34.134Z</time></trkpt><trkpt lat="47.60863430" lon="19.14696840"><ele>189.31</ele><time>1980-01-07T12:14:34.335Z</time></trkpt><trkpt lat="47.60863460" lon="19.14696840"><ele>189.11</ele><time>1980-01-07T12:14:34.535Z</time></trkpt><trkpt lat="47.60863490" lon="19.14696850"><ele>188.92</ele><time>1980-01-07T12:14:34.735Z</time></trkpt><trkpt lat="47.60863510" lon="19.14696840"><ele>188.72</ele><time>1980-01-07T12:14:34.935Z</time></trkpt><trkpt lat="47.60863530" lon="19.14696830"><ele>188.51</ele><time>1980-01-07T12:14:35.135Z</time></trkpt><trkpt lat="47.60863550" lon="19.14696820"><ele>188.30</ele><time>1980-01-07T12:14:35.335Z</time></trkpt><trkpt lat="47.60863560" lon="19.14696820"><ele>188.09</ele><time>1980-01-07T12:14:35.535Z</time></trkpt><trkpt lat="47.60863570" lon="19.14696820"><ele>187.88</ele><time>1980-01-07T12:14:35.735Z</time></trkpt><trkpt lat="47.60863570" lon="19.14696810"><ele>187.67</ele><time>1980-01-07T12:14:35.935Z</time></trkpt><trkpt lat="47.60863580" lon="19.14696790"><ele>187.47</ele><time>1980-01-07T12:14:36.135Z</time></trkpt><trkpt lat="47.60863580" lon="19.14696780"><ele>187.25</ele><time>1980-01-07T12:14:36.326Z</time></trkpt><trkpt lat="47.60863570" lon="19.14696770"><ele>187.04</ele><time>1980-01-07T12:14:36.526Z</time></trkpt><trkpt lat="47.60863570" lon="19.14696760"><ele>186.86</ele><time>1980-01-07T12:14:36.726Z</time></trkpt><trkpt lat="47.60863580" lon="19.14696750"><ele>186.64</ele><time>1980-01-07T12:14:36.927Z</time></trkpt><trkpt lat="47.60863580" lon="19.14696750"><ele>186.46</ele><time>1980-01-07T12:14:37.129Z</time></trkpt><trkpt lat="47.60863580" lon="19.14696740"><ele>186.26</ele><time>1980-01-07T12:14:37.327Z</time></trkpt><trkpt lat="47.60863580" lon="19.14696730"><ele>186.07</ele><time>1980-01-07T12:14:37.528Z</time></trkpt><trkpt lat="47.60863570" lon="19.14696710"><ele>185.85</ele><time>1980-01-07T12:14:37.732Z</time></trkpt><trkpt lat="47.60863560" lon="19.14696700"><ele>185.65</ele><time>1980-01-07T12:14:37.931Z</time></trkpt><trkpt lat="47.60863550" lon="19.14696690"><ele>185.44</ele><time>1980-01-07T12:14:38.134Z</time></trkpt><trkpt lat="47.60863540" lon="19.14696670"><ele>185.24</ele><time>1980-01-07T12:14:38.335Z</time></trkpt><trkpt lat="47.60863520" lon="19.14696660"><ele>185.03</ele><time>1980-01-07T12:14:38.535Z</time></trkpt><trkpt lat="47.60863500" lon="19.14696650"><ele>184.83</ele><time>1980-01-07T12:14:38.735Z</time></trkpt><trkpt lat="47.60863480" lon="19.14696640"><ele>184.63</ele><time>1980-01-07T12:14:38.935Z</time></trkpt><trkpt lat="47.60863460" lon="19.14696640"><ele>184.43</ele><time>1980-01-07T12:14:39.145Z</time></trkpt><trkpt lat="47.60863430" lon="19.14696640"><ele>184.22</ele><time>1980-01-07T12:14:39.345Z</time></trkpt><trkpt lat="47.60863420" lon="19.14696640"><ele>184.01</ele><time>1980-01-07T12:14:39.545Z</time></trkpt><trkpt lat="47.60863410" lon="19.14696630"><ele>183.80</ele><time>1980-01-07T12:14:39.745Z</time></trkpt><trkpt lat="47.60863420" lon="19.14696630"><ele>183.59</ele><time>1980-01-07T12:14:39.945Z</time></trkpt><trkpt lat="47.60863440" lon="19.14696650"><ele>183.39</ele><time>1980-01-07T12:14:40.145Z</time></trkpt><trkpt lat="47.60863460" lon="19.14696670"><ele>183.21</ele><time>1980-01-07T12:14:40.345Z</time></trkpt><trkpt lat="47.60863470" lon="19.14696700"><ele>182.99</ele><time>1980-01-07T12:14:40.545Z</time></trkpt><trkpt lat="47.60863490" lon="19.14696720"><ele>182.76</ele><time>1980-01-07T12:14:40.745Z</time></trkpt><trkpt lat="47.60863510" lon="19.14696740"><ele>182.55</ele><time>1980-01-07T12:14:40.945Z</time></trkpt><trkpt lat="47.60863530" lon="19.14696760"><ele>182.37</ele><time>1980-01-07T12:14:41.145Z</time></trkpt><trkpt lat="47.60863550" lon="19.14696790"><ele>182.17</ele><time>1980-01-07T12:14:41.345Z</time></trkpt><trkpt lat="47.60863570" lon="19.14696810"><ele>181.97</ele><time>1980-01-07T12:14:41.545Z</time></trkpt><trkpt lat="47.60863590" lon="19.14696840"><ele>181.77</ele><time>1980-01-07T12:14:41.745Z</time></trkpt><trkpt lat="47.60863620" lon="19.14696870"><ele>181.58</ele><time>1980-01-07T12:14:41.945Z</time></trkpt><trkpt lat="47.60863660" lon="19.14696890"><ele>181.38</ele><time>1980-01-07T12:14:42.146Z</time></trkpt><trkpt lat="47.60863680" lon="19.14696900"><ele>181.19</ele><time>1980-01-07T12:14:42.347Z</time></trkpt><trkpt lat="47.60863690" lon="19.14696920"><ele>181.04</ele><time>1980-01-07T12:14:42.546Z</time></trkpt><trkpt lat="47.60863720" lon="19.14696950"><ele>180.80</ele><time>1980-01-07T12:14:42.748Z</time></trkpt><trkpt lat="47.60863720" lon="19.14696980"><ele>180.60</ele><time>1980-01-07T12:14:42.949Z</time></trkpt><trkpt lat="47.60863720" lon="19.14697010"><ele>180.40</ele><time>1980-01-07T12:14:43.151Z</time></trkpt><trkpt lat="47.60863710" lon="19.14697030"><ele>180.20</ele><time>1980-01-07T12:14:43.352Z</time></trkpt><trkpt lat="47.60863700" lon="19.14697040"><ele>180.00</ele><time>1980-01-07T12:14:43.552Z</time></trkpt><trkpt lat="47.60863690" lon="19.14697040"><ele>179.79</ele><time>1980-01-07T12:14:43.753Z</time></trkpt><trkpt lat="47.60863670" lon="19.14697040"><ele>179.58</ele><time>1980-01-07T12:14:43.954Z</time></trkpt><trkpt lat="47.60863650" lon="19.14697030"><ele>179.38</ele><time>1980-01-07T12:14:44.155Z</time></trkpt><trkpt lat="47.60863640" lon="19.14697030"><ele>179.23</ele><time>1980-01-07T12:14:44.355Z</time></trkpt><trkpt lat="47.60863630" lon="19.14697030"><ele>179.01</ele><time>1980-01-07T12:14:44.555Z</time></trkpt><trkpt lat="47.60863630" lon="19.14697030"><ele>178.83</ele><time>1980-01-07T12:14:44.755Z</time></trkpt><trkpt lat="47.60863640" lon="19.14697010"><ele>178.64</ele><time>1980-01-07T12:14:44.955Z</time></trkpt><trkpt lat="47.60863640" lon="19.14696990"><ele>178.44</ele><time>1980-01-07T12:14:45.155Z</time></trkpt><trkpt lat="47.60863640" lon="19.14696970"><ele>178.24</ele><time>1980-01-07T12:14:45.355Z</time></trkpt><trkpt lat="47.60863650" lon="19.14696960"><ele>178.06</ele><time>1980-01-07T12:14:45.555Z</time></trkpt><trkpt lat="47.60863660" lon="19.14696950"><ele>177.89</ele><time>1980-01-07T12:14:45.755Z</time></trkpt><trkpt lat="47.60863670" lon="19.14696970"><ele>177.65</ele><time>1980-01-07T12:14:45.965Z</time></trkpt><trkpt lat="47.60863680" lon="19.14696990"><ele>177.44</ele><time>1980-01-07T12:14:46.165Z</time></trkpt><trkpt lat="47.60863680" lon="19.14697030"><ele>177.23</ele><time>1980-01-07T12:14:46.365Z</time></trkpt><trkpt lat="47.60863680" lon="19.14697070"><ele>177.01</ele><time>1980-01-07T12:14:46.565Z</time></trkpt><trkpt lat="47.60863680" lon="19.14697100"><ele>176.82</ele><time>1980-01-07T12:14:46.765Z</time></trkpt><trkpt lat="47.60863680" lon="19.14697140"><ele>176.59</ele><time>1980-01-07T12:14:46.965Z</time></trkpt><trkpt lat="47.60863670" lon="19.14697160"><ele>176.40</ele><time>1980-01-07T12:14:47.165Z</time></trkpt><trkpt lat="47.60863640" lon="19.14697160"><ele>176.22</ele><time>1980-01-07T12:14:47.357Z</time></trkpt><trkpt lat="47.60863620" lon="19.14697150"><ele>176.04</ele><time>1980-01-07T12:14:47.557Z</time></trkpt><trkpt lat="47.60863600" lon="19.14697140"><ele>175.85</ele><time>1980-01-07T12:14:47.757Z</time></trkpt><trkpt lat="47.60863600" lon="19.14697140"><ele>175.62</ele><time>1980-01-07T12:14:47.955Z</time></trkpt><trkpt lat="47.60863610" lon="19.14697140"><ele>175.42</ele><time>1980-01-07T12:14:48.155Z</time></trkpt><trkpt lat="47.60863630" lon="19.14697150"><ele>175.21</ele><time>1980-01-07T12:14:48.355Z</time></trkpt><trkpt lat="47.60863660" lon="19.14697170"><ele>175.02</ele><time>1980-01-07T12:14:48.559Z</time></trkpt><trkpt lat="47.60863680" lon="19.14697190"><ele>174.82</ele><time>1980-01-07T12:14:48.762Z</time></trkpt><trkpt lat="47.60863700" lon="19.14697210"><ele>174.60</ele><time>1980-01-07T12:14:48.963Z</time></trkpt><trkpt lat="47.60863710" lon="19.14697240"><ele>174.37</ele><time>1980-01-07T12:14:49.165Z</time></trkpt><trkpt lat="47.60863710" lon="19.14697260"><ele>174.18</ele><time>1980-01-07T12:14:49.365Z</time></trkpt><trkpt lat="47.60863700" lon="19.14697260"><ele>173.99</ele><time>1980-01-07T12:14:49.565Z</time></trkpt><trkpt lat="47.60863700" lon="19.14697260"><ele>173.79</ele><time>1980-01-07T12:14:49.765Z</time></trkpt><trkpt lat="47.60863680" lon="19.14697250"><ele>173.59</ele><time>1980-01-07T12:14:49.965Z</time></trkpt><trkpt lat="47.60863660" lon="19.14697250"><ele>173.38</ele><time>1980-01-07T12:14:50.165Z</time></trkpt><trkpt lat="47.60863640" lon="19.14697250"><ele>173.18</ele><time>1980-01-07T12:14:50.375Z</time></trkpt><trkpt lat="47.60863610" lon="19.14697250"><ele>172.99</ele><time>1980-01-07T12:14:50.566Z</time></trkpt><trkpt lat="47.60863580" lon="19.14697240"><ele>172.78</ele><time>1980-01-07T12:14:50.766Z</time></trkpt><trkpt lat="47.60863560" lon="19.14697220"><ele>172.57</ele><time>1980-01-07T12:14:50.966Z</time></trkpt><trkpt lat="47.60863540" lon="19.14697220"><ele>172.35</ele><time>1980-01-07T12:14:51.166Z</time></trkpt><trkpt lat="47.60863530" lon="19.14697230"><ele>172.17</ele><time>1980-01-07T12:14:51.366Z</time></trkpt><trkpt lat="47.60863520" lon="19.14697240"><ele>171.95</ele><time>1980-01-07T12:14:51.566Z</time></trkpt><trkpt lat="47.60863520" lon="19.14697260"><ele>171.75</ele><time>1980-01-07T12:14:51.775Z</time></trkpt><trkpt lat="47.60863530" lon="19.14697260"><ele>171.55</ele><time>1980-01-07T12:14:51.975Z</time></trkpt><trkpt lat="47.60863530" lon="19.14697240"><ele>171.36</ele><time>1980-01-07T12:14:52.171Z</time></trkpt><trkpt lat="47.60863540" lon="19.14697210"><ele>171.14</ele><time>1980-01-07T12:14:52.376Z</time></trkpt><trkpt lat="47.60863540" lon="19.14697200"><ele>170.94</ele><time>1980-01-07T12:14:52.575Z</time></trkpt><trkpt lat="47.60863540" lon="19.14697190"><ele>170.77</ele><time>1980-01-07T12:14:52.766Z</time></trkpt><trkpt lat="47.60863550" lon="19.14697170"><ele>170.57</ele><time>1980-01-07T12:14:52.966Z</time></trkpt><trkpt lat="47.60863560" lon="19.14697140"><ele>170.36</ele><time>1980-01-07T12:14:53.169Z</time></trkpt><trkpt lat="47.60863580" lon="19.14697110"><ele>170.13</ele><time>1980-01-07T12:14:53.374Z</time></trkpt><trkpt lat="47.60863590" lon="19.14697090"><ele>169.93</ele><time>1980-01-07T12:14:53.575Z</time></trkpt><trkpt lat="47.60863600" lon="19.14697080"><ele>169.72</ele><time>1980-01-07T12:14:53.775Z</time></trkpt><trkpt lat="47.60863610" lon="19.14697100"><ele>169.53</ele><time>1980-01-07T12:14:53.966Z</time></trkpt><trkpt lat="47.60863620" lon="19.14697120"><ele>169.35</ele><time>1980-01-07T12:14:54.175Z</time></trkpt><trkpt lat="47.60863620" lon="19.14697130"><ele>169.17</ele><time>1980-01-07T12:14:54.375Z</time></trkpt><trkpt lat="47.60863630" lon="19.14697130"><ele>168.99</ele><time>1980-01-07T12:14:54.571Z</time></trkpt><trkpt lat="47.60863640" lon="19.14697120"><ele>168.79</ele><time>1980-01-07T12:14:54.775Z</time></trkpt><trkpt lat="47.60863640" lon="19.14697100"><ele>168.61</ele><time>1980-01-07T12:14:54.966Z</time></trkpt><trkpt lat="47.60863650" lon="19.14697070"><ele>168.41</ele><time>1980-01-07T12:14:55.167Z</time></trkpt><trkpt lat="47.60863650" lon="19.14697030"><ele>168.23</ele><time>1980-01-07T12:14:55.369Z</time></trkpt><trkpt lat="47.60863640" lon="19.14697000"><ele>168.03</ele><time>1980-01-07T12:14:55.569Z</time></trkpt><trkpt lat="47.60863610" lon="19.14696970"><ele>167.83</ele><time>1980-01-07T12:14:55.770Z</time></trkpt><trkpt lat="47.60863580" lon="19.14696940"><ele>167.59</ele><time>1980-01-07T12:14:55.972Z</time></trkpt><trkpt lat="47.60863560" lon="19.14696920"><ele>167.39</ele><time>1980-01-07T12:14:56.175Z</time></trkpt><trkpt lat="47.60863550" lon="19.14696910"><ele>167.21</ele><time>1980-01-07T12:14:56.375Z</time></trkpt><trkpt lat="47.60863540" lon="19.14696890"><ele>166.99</ele><time>1980-01-07T12:14:56.575Z</time></trkpt><trkpt lat="47.60863540" lon="19.14696880"><ele>166.79</ele><time>1980-01-07T12:14:56.784Z</time></trkpt><trkpt lat="47.60863530" lon="19.14696860"><ele>166.61</ele><time>1980-01-07T12:14:56.985Z</time></trkpt><trkpt lat="47.60863530" lon="19.14696850"><ele>166.41</ele><time>1980-01-07T12:14:57.175Z</time></trkpt><trkpt lat="47.60863530" lon="19.14696850"><ele>166.22</ele><time>1980-01-07T12:14:57.375Z</time></trkpt><trkpt lat="47.60863540" lon="19.14696850"><ele>166.01</ele><time>1980-01-07T12:14:57.575Z</time></trkpt><trkpt lat="47.60863540" lon="19.14696860"><ele>165.79</ele><time>1980-01-07T12:14:57.785Z</time></trkpt><trkpt lat="47.60863550" lon="19.14696870"><ele>165.59</ele><time>1980-01-07T12:14:57.985Z</time></trkpt><trkpt lat="47.60863550" lon="19.14696900"><ele>165.39</ele><time>1980-01-07T12:14:58.182Z</time></trkpt><trkpt lat="47.60863550" lon="19.14696930"><ele>165.20</ele><time>1980-01-07T12:14:58.385Z</time></trkpt><trkpt lat="47.60863560" lon="19.14696970"><ele>164.97</ele><time>1980-01-07T12:14:58.582Z</time></trkpt><trkpt lat="47.60863560" lon="19.14697010"><ele>164.77</ele><time>1980-01-07T12:14:58.785Z</time></trkpt><trkpt lat="47.60863570" lon="19.14697070"><ele>164.58</ele><time>1980-01-07T12:14:58.985Z</time></trkpt><trkpt lat="47.60863570" lon="19.14697120"><ele>164.39</ele><time>1980-01-07T12:14:59.182Z</time></trkpt><trkpt lat="47.60863580" lon="19.14697190"><ele>164.19</ele><time>1980-01-07T12:14:59.383Z</time></trkpt><trkpt lat="47.60863580" lon="19.14697250"><ele>163.98</ele><time>1980-01-07T12:14:59.584Z</time></trkpt><trkpt lat="47.60863580" lon="19.14697310"><ele>163.77</ele><time>1980-01-07T12:14:59.785Z</time></trkpt><trkpt lat="47.60863590" lon="19.14697350"><ele>163.59</ele><time>1980-01-07T12:14:59.985Z</time></trkpt><trkpt lat="47.60863600" lon="19.14697400"><ele>163.38</ele><time>1980-01-07T12:15:00.182Z</time></trkpt><trkpt lat="47.60863620" lon="19.14697440"><ele>163.20</ele><time>1980-01-07T12:15:00.385Z</time></trkpt><trkpt lat="47.60863650" lon="19.14697490"><ele>162.97</ele><time>1980-01-07T12:15:00.585Z</time></trkpt><trkpt lat="47.60863690" lon="19.14697530"><ele>162.77</ele><time>1980-01-07T12:15:00.785Z</time></trkpt><trkpt lat="47.60863710" lon="19.14697550"><ele>162.61</ele><time>1980-01-07T12:15:00.979Z</time></trkpt><trkpt lat="47.60863730" lon="19.14697570"><ele>162.41</ele><time>1980-01-07T12:15:01.183Z</time></trkpt><trkpt lat="47.60863750" lon="19.14697570"><ele>162.20</ele><time>1980-01-07T12:15:01.385Z</time></trkpt><trkpt lat="47.60863760" lon="19.14697570"><ele>162.00</ele><time>1980-01-07T12:15:01.585Z</time></trkpt><trkpt lat="47.60863770" lon="19.14697550"><ele>161.78</ele><time>1980-01-07T12:15:01.785Z</time></trkpt><trkpt lat="47.60863780" lon="19.14697520"><ele>161.58</ele><time>1980-01-07T12:15:01.984Z</time></trkpt><trkpt lat="47.60863790" lon="19.14697510"><ele>161.38</ele><time>1980-01-07T12:15:02.185Z</time></trkpt><trkpt lat="47.60863790" lon="19.14697500"><ele>161.17</ele><time>1980-01-07T12:15:02.385Z</time></trkpt><trkpt lat="47.60863790" lon="19.14697490"><ele>160.97</ele><time>1980-01-07T12:15:02.585Z</time></trkpt><trkpt lat="47.60863780" lon="19.14697470"><ele>160.79</ele><time>1980-01-07T12:15:02.790Z</time></trkpt><trkpt lat="47.60863760" lon="19.14697450"><ele>160.59</ele><time>1980-01-07T12:15:02.985Z</time></trkpt><trkpt lat="47.60863750" lon="19.14697430"><ele>160.40</ele><time>1980-01-07T12:15:03.185Z</time></trkpt><trkpt lat="47.60863730" lon="19.14697410"><ele>160.22</ele><time>1980-01-07T12:15:03.395Z</time></trkpt><trkpt lat="47.60863700" lon="19.14697380"><ele>160.02</ele><time>1980-01-07T12:15:03.589Z</time></trkpt><trkpt lat="47.60863660" lon="19.14697350"><ele>159.84</ele><time>1980-01-07T12:15:03.788Z</time></trkpt><trkpt lat="47.60863620" lon="19.14697310"><ele>159.65</ele><time>1980-01-07T12:15:03.991Z</time></trkpt><trkpt lat="47.60863590" lon="19.14697270"><ele>159.45</ele><time>1980-01-07T12:15:04.195Z</time></trkpt><trkpt lat="47.60863560" lon="19.14697220"><ele>159.27</ele><time>1980-01-07T12:15:04.395Z</time></trkpt><trkpt lat="47.60863530" lon="19.14697150"><ele>159.05</ele><time>1980-01-07T12:15:04.590Z</time></trkpt><trkpt lat="47.60863510" lon="19.14697080"><ele>158.85</ele><time>1980-01-07T12:15:04.795Z</time></trkpt><trkpt lat="47.60863490" lon="19.14697020"><ele>158.65</ele><time>1980-01-07T12:15:04.988Z</time></trkpt><trkpt lat="47.60863480" lon="19.14696970"><ele>158.46</ele><time>1980-01-07T12:15:05.189Z</time></trkpt><trkpt lat="47.60863470" lon="19.14696920"><ele>158.23</ele><time>1980-01-07T12:15:05.389Z</time></trkpt><trkpt lat="47.60863470" lon="19.14696900"><ele>158.05</ele><time>1980-01-07T12:15:05.590Z</time></trkpt><trkpt lat="47.60863460" lon="19.14696870"><ele>157.84</ele><time>1980-01-07T12:15:05.791Z</time></trkpt><trkpt lat="47.60863450" lon="19.14696830"><ele>157.63</ele><time>1980-01-07T12:15:05.993Z</time></trkpt><trkpt lat="47.60863440" lon="19.14696790"><ele>157.40</ele><time>1980-01-07T12:15:06.194Z</time></trkpt><trkpt lat="47.60863430" lon="19.14696760"><ele>157.20</ele><time>1980-01-07T12:15:06.395Z</time></trkpt><trkpt lat="47.60863420" lon="19.14696740"><ele>156.99</ele><time>1980-01-07T12:15:06.605Z</time></trkpt><trkpt lat="47.60863420" lon="19.14696720"><ele>156.79</ele><time>1980-01-07T12:15:06.799Z</time></trkpt><trkpt lat="47.60863420" lon="19.14696690"><ele>156.63</ele><time>1980-01-07T12:15:07.002Z</time></trkpt><trkpt lat="47.60863420" lon="19.14696660"><ele>156.42</ele><time>1980-01-07T12:15:07.203Z</time></trkpt><trkpt lat="47.60863430" lon="19.14696630"><ele>156.24</ele><time>1980-01-07T12:15:07.405Z</time></trkpt><trkpt lat="47.60863460" lon="19.14696620"><ele>156.02</ele><time>1980-01-07T12:15:07.605Z</time></trkpt><trkpt lat="47.60863480" lon="19.14696630"><ele>155.84</ele><time>1980-01-07T12:15:07.805Z</time></trkpt><trkpt lat="47.60863500" lon="19.14696630"><ele>155.61</ele><time>1980-01-07T12:15:08.005Z</time></trkpt><trkpt lat="47.60863520" lon="19.14696640"><ele>155.40</ele><time>1980-01-07T12:15:08.205Z</time></trkpt><trkpt lat="47.60863540" lon="19.14696660"><ele>155.21</ele><time>1980-01-07T12:15:08.407Z</time></trkpt><trkpt lat="47.60863550" lon="19.14696700"><ele>155.02</ele><time>1980-01-07T12:15:08.608Z</time></trkpt><trkpt lat="47.60863580" lon="19.14696780"><ele>154.80</ele><time>1980-01-07T12:15:08.812Z</time></trkpt><trkpt lat="47.60863600" lon="19.14696840"><ele>154.64</ele><time>1980-01-07T12:15:09.011Z</time></trkpt><trkpt lat="47.60863620" lon="19.14696940"><ele>154.42</ele><time>1980-01-07T12:15:09.215Z</time></trkpt><trkpt lat="47.60863640" lon="19.14697040"><ele>154.21</ele><time>1980-01-07T12:15:09.414Z</time></trkpt><trkpt lat="47.60863660" lon="19.14697120"><ele>154.00</ele><time>1980-01-07T12:15:09.615Z</time></trkpt><trkpt lat="47.60863670" lon="19.14697210"><ele>153.80</ele><time>1980-01-07T12:15:09.815Z</time></trkpt><trkpt lat="47.60863690" lon="19.14697280"><ele>153.59</ele><time>1980-01-07T12:15:10.015Z</time></trkpt><trkpt lat="47.60863690" lon="19.14697330"><ele>153.38</ele><time>1980-01-07T12:15:10.215Z</time></trkpt><trkpt lat="47.60863700" lon="19.14697350"><ele>153.19</ele><time>1980-01-07T12:15:10.415Z</time></trkpt><trkpt lat="47.60863690" lon="19.14697370"><ele>152.95</ele><time>1980-01-07T12:15:10.615Z</time></trkpt><trkpt lat="47.60863690" lon="19.14697370"><ele>152.73</ele><time>1980-01-07T12:15:10.815Z</time></trkpt><trkpt lat="47.60863680" lon="19.14697360"><ele>152.51</ele><time>1980-01-07T12:15:11.015Z</time></trkpt><trkpt lat="47.60863660" lon="19.14697330"><ele>152.28</ele><time>1980-01-07T12:15:11.215Z</time></trkpt><trkpt lat="47.60863650" lon="19.14697300"><ele>152.06</ele><time>1980-01-07T12:15:11.415Z</time></trkpt><trkpt lat="47.60863630" lon="19.14697260"><ele>151.88</ele><time>1980-01-07T12:15:11.615Z</time></trkpt><trkpt lat="47.60863610" lon="19.14697220"><ele>151.68</ele><time>1980-01-07T12:15:11.815Z</time></trkpt><trkpt lat="47.60863590" lon="19.14697190"><ele>151.47</ele><time>1980-01-07T12:15:12.015Z</time></trkpt><trkpt lat="47.60863560" lon="19.14697170"><ele>151.29</ele><time>1980-01-07T12:15:12.215Z</time></trkpt><trkpt lat="47.60863540" lon="19.14697160"><ele>151.08</ele><time>1980-01-07T12:15:12.415Z</time></trkpt><trkpt lat="47.60863520" lon="19.14697140"><ele>150.91</ele><time>1980-01-07T12:15:12.621Z</time></trkpt><trkpt lat="47.60863500" lon="19.14697110"><ele>150.71</ele><time>1980-01-07T12:15:12.825Z</time></trkpt><trkpt lat="47.60863470" lon="19.14697070"><ele>150.50</ele><time>1980-01-07T12:15:13.024Z</time></trkpt><trkpt lat="47.60863450" lon="19.14697040"><ele>150.29</ele><time>1980-01-07T12:15:13.225Z</time></trkpt><trkpt lat="47.60863420" lon="19.14697010"><ele>150.04</ele><time>1980-01-07T12:15:13.425Z</time></trkpt><trkpt lat="47.60863400" lon="19.14696990"><ele>149.85</ele><time>1980-01-07T12:15:13.625Z</time></trkpt><trkpt lat="47.60863400" lon="19.14696990"><ele>149.66</ele><time>1980-01-07T12:15:13.823Z</time></trkpt><trkpt lat="47.60863410" lon="19.14696980"><ele>149.46</ele><time>1980-01-07T12:15:14.025Z</time></trkpt><trkpt lat="47.60863430" lon="19.14696970"><ele>149.27</ele><time>1980-01-07T12:15:14.223Z</time></trkpt><trkpt lat="47.60863450" lon="19.14696970"><ele>149.10</ele><time>1980-01-07T12:15:14.425Z</time></trkpt><trkpt lat="47.60863480" lon="19.14696960"><ele>148.92</ele><time>1980-01-07T12:15:14.625Z</time></trkpt><trkpt lat="47.60863500" lon="19.14696950"><ele>148.72</ele><time>1980-01-07T12:15:14.825Z</time></trkpt><trkpt lat="47.60863520" lon="19.14696940"><ele>148.53</ele><time>1980-01-07T12:15:15.025Z</time></trkpt><trkpt lat="47.60863550" lon="19.14696940"><ele>148.32</ele><time>1980-01-07T12:15:15.223Z</time></trkpt><trkpt lat="47.60863570" lon="19.14696940"><ele>148.12</ele><time>1980-01-07T12:15:15.423Z</time></trkpt><trkpt lat="47.60863570" lon="19.14696930"><ele>147.92</ele><time>1980-01-07T12:15:15.624Z</time></trkpt><trkpt lat="47.60863580" lon="19.14696920"><ele>147.71</ele><time>1980-01-07T12:15:15.824Z</time></trkpt><trkpt lat="47.60863580" lon="19.14696910"><ele>147.50</ele><time>1980-01-07T12:15:16.025Z</time></trkpt><trkpt lat="47.60863580" lon="19.14696920"><ele>147.29</ele><time>1980-01-07T12:15:16.225Z</time></trkpt><trkpt lat="47.60863590" lon="19.14696950"><ele>147.08</ele><time>1980-01-07T12:15:16.425Z</time></trkpt><trkpt lat="47.60863600" lon="19.14696990"><ele>146.90</ele><time>1980-01-07T12:15:16.625Z</time></trkpt><trkpt lat="47.60863600" lon="19.14697050"><ele>146.69</ele><time>1980-01-07T12:15:16.825Z</time></trkpt><trkpt lat="47.60863600" lon="19.14697110"><ele>146.49</ele><time>1980-01-07T12:15:17.025Z</time></trkpt><trkpt lat="47.60863600" lon="19.14697180"><ele>146.30</ele><time>1980-01-07T12:15:17.224Z</time></trkpt><trkpt lat="47.60863600" lon="19.14697220"><ele>146.09</ele><time>1980-01-07T12:15:17.425Z</time></trkpt><trkpt lat="47.60863610" lon="19.14697270"><ele>145.89</ele><time>1980-01-07T12:15:17.625Z</time></trkpt><trkpt lat="47.60863620" lon="19.14697330"><ele>145.69</ele><time>1980-01-07T12:15:17.825Z</time></trkpt><trkpt lat="47.60863640" lon="19.14697390"><ele>145.49</ele><time>1980-01-07T12:15:18.025Z</time></trkpt><trkpt lat="47.60863660" lon="19.14697460"><ele>145.28</ele><time>1980-01-07T12:15:18.235Z</time></trkpt><trkpt lat="47.60863670" lon="19.14697510"><ele>145.07</ele><time>1980-01-07T12:15:18.435Z</time></trkpt><trkpt lat="47.60863680" lon="19.14697560"><ele>144.88</ele><time>1980-01-07T12:15:18.632Z</time></trkpt><trkpt lat="47.60863690" lon="19.14697610"><ele>144.72</ele><time>1980-01-07T12:15:18.832Z</time></trkpt><trkpt lat="47.60863700" lon="19.14697670"><ele>144.48</ele><time>1980-01-07T12:15:19.033Z</time></trkpt><trkpt lat="47.60863710" lon="19.14697700"><ele>144.28</ele><time>1980-01-07T12:15:19.227Z</time></trkpt><trkpt lat="47.60863710" lon="19.14697710"><ele>144.07</ele><time>1980-01-07T12:15:19.425Z</time></trkpt><trkpt lat="47.60863710" lon="19.14697710"><ele>143.87</ele><time>1980-01-07T12:15:19.625Z</time></trkpt><trkpt lat="47.60863710" lon="19.14697720"><ele>143.69</ele><time>1980-01-07T12:15:19.829Z</time></trkpt><trkpt lat="47.60863710" lon="19.14697740"><ele>143.51</ele><time>1980-01-07T12:15:20.031Z</time></trkpt><trkpt lat="47.60863700" lon="19.14697770"><ele>143.35</ele><time>1980-01-07T12:15:20.235Z</time></trkpt><trkpt lat="47.60863680" lon="19.14697820"><ele>143.15</ele><time>1980-01-07T12:15:20.435Z</time></trkpt><trkpt lat="47.60863660" lon="19.14697860"><ele>142.96</ele><time>1980-01-07T12:15:20.635Z</time></trkpt><trkpt lat="47.60863640" lon="19.14697890"><ele>142.76</ele><time>1980-01-07T12:15:20.835Z</time></trkpt><trkpt lat="47.60863610" lon="19.14697920"><ele>142.56</ele><time>1980-01-07T12:15:21.035Z</time></trkpt><trkpt lat="47.60863590" lon="19.14697920"><ele>142.36</ele><time>1980-01-07T12:15:21.235Z</time></trkpt><trkpt lat="47.60863580" lon="19.14697930"><ele>142.15</ele><time>1980-01-07T12:15:21.435Z</time></trkpt><trkpt lat="47.60863580" lon="19.14697930"><ele>141.95</ele><time>1980-01-07T12:15:21.635Z</time></trkpt><trkpt lat="47.60863580" lon="19.14697920"><ele>141.76</ele><time>1980-01-07T12:15:21.835Z</time></trkpt><trkpt lat="47.60863580" lon="19.14697890"><ele>141.57</ele><time>1980-01-07T12:15:22.035Z</time></trkpt><trkpt lat="47.60863590" lon="19.14697840"><ele>141.39</ele><time>1980-01-07T12:15:22.235Z</time></trkpt><trkpt lat="47.60863600" lon="19.14697770"><ele>141.20</ele><time>1980-01-07T12:15:22.435Z</time></trkpt><trkpt lat="47.60863620" lon="19.14697650"><ele>140.95</ele><time>1980-01-07T12:15:22.645Z</time></trkpt><trkpt lat="47.60863640" lon="19.14697510"><ele>140.73</ele><time>1980-01-07T12:15:22.845Z</time></trkpt><trkpt lat="47.60863650" lon="19.14697360"><ele>140.52</ele><time>1980-01-07T12:15:23.045Z</time></trkpt><trkpt lat="47.60863680" lon="19.14697230"><ele>140.32</ele><time>1980-01-07T12:15:23.236Z</time></trkpt><trkpt lat="47.60863700" lon="19.14697110"><ele>140.13</ele><time>1980-01-07T12:15:23.439Z</time></trkpt><trkpt lat="47.60863730" lon="19.14697010"><ele>139.91</ele><time>1980-01-07T12:15:23.642Z</time></trkpt><trkpt lat="47.60863760" lon="19.14696930"><ele>139.72</ele><time>1980-01-07T12:15:23.845Z</time></trkpt><trkpt lat="47.60863780" lon="19.14696860"><ele>139.53</ele><time>1980-01-07T12:15:24.043Z</time></trkpt><trkpt lat="47.60863800" lon="19.14696800"><ele>139.34</ele><time>1980-01-07T12:15:24.246Z</time></trkpt><trkpt lat="47.60863800" lon="19.14696750"><ele>139.12</ele><time>1980-01-07T12:15:24.445Z</time></trkpt><trkpt lat="47.60863800" lon="19.14696740"><ele>138.91</ele><time>1980-01-07T12:15:24.645Z</time></trkpt><trkpt lat="47.60863800" lon="19.14696730"><ele>138.69</ele><time>1980-01-07T12:15:24.845Z</time></trkpt><trkpt lat="47.60863800" lon="19.14696720"><ele>138.48</ele><time>1980-01-07T12:15:25.045Z</time></trkpt><trkpt lat="47.60863790" lon="19.14696730"><ele>138.31</ele><time>1980-01-07T12:15:25.236Z</time></trkpt><trkpt lat="47.60863780" lon="19.14696750"><ele>138.09</ele><time>1980-01-07T12:15:25.439Z</time></trkpt><trkpt lat="47.60863760" lon="19.14696770"><ele>137.90</ele><time>1980-01-07T12:15:25.640Z</time></trkpt><trkpt lat="47.60863740" lon="19.14696790"><ele>137.71</ele><time>1980-01-07T12:15:25.843Z</time></trkpt><trkpt lat="47.60863700" lon="19.14696820"><ele>137.52</ele><time>1980-01-07T12:15:26.041Z</time></trkpt><trkpt lat="47.60863650" lon="19.14696860"><ele>137.32</ele><time>1980-01-07T12:15:26.245Z</time></trkpt><trkpt lat="47.60863590" lon="19.14696910"><ele>137.13</ele><time>1980-01-07T12:15:26.436Z</time></trkpt><trkpt lat="47.60863520" lon="19.14696990"><ele>136.94</ele><time>1980-01-07T12:15:26.638Z</time></trkpt><trkpt lat="47.60863500" lon="19.14696970"><ele>136.98</ele><time>1980-01-07T12:15:26.839Z</time></trkpt><trkpt lat="47.60863470" lon="19.14696980"><ele>136.95</ele><time>1980-01-07T12:15:27.039Z</time></trkpt><trkpt lat="47.60863470" lon="19.14696990"><ele>136.94</ele><time>1980-01-07T12:15:27.244Z</time></trkpt><trkpt lat="47.60863470" lon="19.14696990"><ele>136.94</ele><time>1980-01-07T12:15:27.445Z</time></trkpt><trkpt lat="47.60863470" lon="19.14697000"><ele>136.95</ele><time>1980-01-07T12:15:27.645Z</time></trkpt><trkpt lat="47.60863480" lon="19.14696990"><ele>136.96</ele><time>1980-01-07T12:15:27.845Z</time></trkpt><trkpt lat="47.60863480" lon="19.14696990"><ele>136.96</ele><time>1980-01-07T12:15:28.045Z</time></trkpt><trkpt lat="47.60863480" lon="19.14696980"><ele>136.96</ele><time>1980-01-07T12:15:28.239Z</time></trkpt><trkpt lat="47.60863480" lon="19.14696980"><ele>136.97</ele><time>1980-01-07T12:15:28.444Z</time></trkpt><trkpt lat="47.60863490" lon="19.14696970"><ele>136.98</ele><time>1980-01-07T12:15:28.645Z</time></trkpt><trkpt lat="47.60863490" lon="19.14696970"><ele>136.99</ele><time>1980-01-07T12:15:28.845Z</time></trkpt><trkpt lat="47.60863490" lon="19.14696960"><ele>137.00</ele><time>1980-01-07T12:15:29.045Z</time></trkpt><trkpt lat="47.60863490" lon="19.14696960"><ele>137.00</ele><time>1980-01-07T12:15:29.245Z</time></trkpt><trkpt lat="47.60863500" lon="19.14696950"><ele>137.01</ele><time>1980-01-07T12:15:29.445Z</time></trkpt><trkpt lat="47.60863500" lon="19.14696950"><ele>137.01</ele><time>1980-01-07T12:15:29.645Z</time></trkpt><trkpt lat="47.60863500" lon="19.14696950"><ele>137.02</ele><time>1980-01-07T12:15:29.845Z</time></trkpt><trkpt lat="47.60863500" lon="19.14696950"><ele>137.02</ele><time>1980-01-07T12:15:30.041Z</time></trkpt><trkpt lat="47.60863500" lon="19.14696950"><ele>137.02</ele><time>1980-01-07T12:15:30.245Z</time></trkpt><trkpt lat="47.60863500" lon="19.14696950"><ele>137.02</ele><time>1980-01-07T12:15:30.445Z</time></trkpt><trkpt lat="47.60863500" lon="19.14696950"><ele>137.01</ele><time>1980-01-07T12:15:30.645Z</time></trkpt><trkpt lat="47.60863490" lon="19.14696940"><ele>137.01</ele><time>1980-01-07T12:15:30.846Z</time></trkpt><trkpt lat="47.60863490" lon="19.14696940"><ele>137.00</ele><time>1980-01-07T12:15:31.045Z</time></trkpt><trkpt lat="47.60863470" lon="19.14696930"><ele>136.99</ele><time>1980-01-07T12:15:31.245Z</time></trkpt><trkpt lat="47.60863460" lon="19.14696920"><ele>136.98</ele><time>1980-01-07T12:15:31.445Z</time></trkpt><trkpt lat="47.60863450" lon="19.14696910"><ele>136.97</ele><time>1980-01-07T12:15:31.645Z</time></trkpt><trkpt lat="47.60863450" lon="19.14696920"><ele>136.98</ele><time>1980-01-07T12:15:31.845Z</time></trkpt><trkpt lat="47.60863450" lon="19.14696940"><ele>136.99</ele><time>1980-01-07T12:15:32.040Z</time></trkpt><trkpt lat="47.60863450" lon="19.14696950"><ele>137.00</ele><time>1980-01-07T12:15:32.245Z</time></trkpt><trkpt lat="47.60863460" lon="19.14696960"><ele>137.01</ele><time>1980-01-07T12:15:32.445Z</time></trkpt><trkpt lat="47.60863470" lon="19.14696970"><ele>137.03</ele><time>1980-01-07T12:15:32.645Z</time></trkpt><trkpt lat="47.60863490" lon="19.14696970"><ele>137.04</ele><time>1980-01-07T12:15:32.845Z</time></trkpt><trkpt lat="47.60863500" lon="19.14696980"><ele>137.05</ele><time>1980-01-07T12:15:33.039Z</time></trkpt><trkpt lat="47.60863510" lon="19.14697000"><ele>137.07</ele><time>1980-01-07T12:15:33.245Z</time></trkpt><trkpt lat="47.60863520" lon="19.14697010"><ele>137.08</ele><time>1980-01-07T12:15:33.445Z</time></trkpt><trkpt lat="47.60863530" lon="19.14697010"><ele>137.09</ele><time>1980-01-07T12:15:33.655Z</time></trkpt><trkpt lat="47.60863530" lon="19.14697000"><ele>137.10</ele><time>1980-01-07T12:15:33.855Z</time></trkpt><trkpt lat="47.60863530" lon="19.14697010"><ele>137.11</ele><time>1980-01-07T12:15:34.055Z</time></trkpt><trkpt lat="47.60863530" lon="19.14697010"><ele>137.12</ele><time>1980-01-07T12:15:34.255Z</time></trkpt><trkpt lat="47.60863530" lon="19.14697010"><ele>137.13</ele><time>1980-01-07T12:15:34.455Z</time></trkpt><trkpt lat="47.60863530" lon="19.14697020"><ele>137.13</ele><time>1980-01-07T12:15:34.655Z</time></trkpt><trkpt lat="47.60863530" lon="19.14697010"><ele>137.13</ele><time>1980-01-07T12:15:34.855Z</time></trkpt><trkpt lat="47.60863540" lon="19.14697010"><ele>137.13</ele><time>1980-01-07T12:15:35.055Z</time></trkpt><trkpt lat="47.60863540" lon="19.14697000"><ele>137.13</ele><time>1980-01-07T12:15:35.255Z</time></trkpt><trkpt lat="47.60863540" lon="19.14697000"><ele>137.13</ele><time>1980-01-07T12:15:35.455Z</time></trkpt><trkpt lat="47.60863540" lon="19.14696990"><ele>137.13</ele><time>1980-01-07T12:15:35.655Z</time></trkpt><trkpt lat="47.60863540" lon="19.14696990"><ele>137.13</ele><time>1980-01-07T12:15:35.855Z</time></trkpt><trkpt lat="47.60863540" lon="19.14696990"><ele>137.13</ele><time>1980-01-07T12:15:36.065Z</time></trkpt><trkpt lat="47.60863550" lon="19.14696990"><ele>137.13</ele><time>1980-01-07T12:15:36.265Z</time></trkpt><trkpt lat="47.60863550" lon="19.14696990"><ele>137.13</ele><time>1980-01-07T12:15:36.465Z</time></trkpt><trkpt lat="47.60863550" lon="19.14696990"><ele>137.13</ele><time>1980-01-07T12:15:36.665Z</time></trkpt><trkpt lat="47.60863550" lon="19.14696990"><ele>137.13</ele><time>1980-01-07T12:15:36.865Z</time></trkpt><trkpt lat="47.60863560" lon="19.14697000"><ele>137.13</ele><time>1980-01-07T12:15:37.065Z</time></trkpt><trkpt lat="47.60863560" lon="19.14697000"><ele>137.13</ele><time>1980-01-07T12:15:37.265Z</time></trkpt><trkpt lat="47.60863560" lon="19.14696990"><ele>137.13</ele><time>1980-01-07T12:15:37.465Z</time></trkpt><trkpt lat="47.60863560" lon="19.14696990"><ele>137.12</ele><time>1980-01-07T12:15:37.665Z</time></trkpt><trkpt lat="47.60863560" lon="19.14696990"><ele>137.12</ele><time>1980-01-07T12:15:37.865Z</time></trkpt><trkpt lat="47.60863560" lon="19.14696990"><ele>137.12</ele><time>1980-01-07T12:15:38.065Z</time></trkpt><trkpt lat="47.60863560" lon="19.14696990"><ele>137.11</ele><time>1980-01-07T12:15:38.265Z</time></trkpt><trkpt lat="47.60863570" lon="19.14697000"><ele>137.11</ele><time>1980-01-07T12:15:38.465Z</time></trkpt><trkpt lat="47.60863570" lon="19.14697000"><ele>137.11</ele><time>1980-01-07T12:15:38.665Z</time></trkpt><trkpt lat="47.60863570" lon="19.14697000"><ele>137.10</ele><time>1980-01-07T12:15:38.865Z</time></trkpt><trkpt lat="47.60863570" lon="19.14697000"><ele>137.10</ele><time>1980-01-07T12:15:39.065Z</time></trkpt><trkpt lat="47.60863560" lon="19.14697000"><ele>137.11</ele><time>1980-01-07T12:15:39.265Z</time></trkpt><trkpt lat="47.60863560" lon="19.14697000"><ele>137.11</ele><time>1980-01-07T12:15:39.465Z</time></trkpt><trkpt lat="47.60863560" lon="19.14697000"><ele>137.11</ele><time>1980-01-07T12:15:39.665Z</time></trkpt><trkpt lat="47.60863560" lon="19.14697000"><ele>137.11</ele><time>1980-01-07T12:15:39.865Z</time></trkpt><trkpt lat="47.60863560" lon="19.14697000"><ele>137.11</ele><time>1980-01-07T12:15:40.057Z</time></trkpt><trkpt lat="47.60863560" lon="19.14697000"><ele>137.10</ele><time>1980-01-07T12:15:40.265Z</time></trkpt><trkpt lat="47.60863550" lon="19.14697000"><ele>137.10</ele><time>1980-01-07T12:15:40.465Z</time></trkpt><trkpt lat="47.60863550" lon="19.14697000"><ele>137.10</ele><time>1980-01-07T12:15:40.665Z</time></trkpt><trkpt lat="47.60863550" lon="19.14697000"><ele>137.10</ele><time>1980-01-07T12:15:40.865Z</time></trkpt><trkpt lat="47.60863550" lon="19.14697000"><ele>137.10</ele><time>1980-01-07T12:15:41.055Z</time></trkpt><trkpt lat="47.60863550" lon="19.14697000"><ele>137.10</ele><time>1980-01-07T12:15:41.255Z</time></trkpt><trkpt lat="47.60863550" lon="19.14697000"><ele>137.10</ele><time>1980-01-07T12:15:41.455Z</time></trkpt><trkpt lat="47.60863540" lon="19.14697000"><ele>137.11</ele><time>1980-01-07T12:15:41.655Z</time></trkpt><trkpt lat="47.60863540" lon="19.14697000"><ele>137.11</ele><time>1980-01-07T12:15:41.855Z</time></trkpt><trkpt lat="47.60863550" lon="19.14697000"><ele>137.11</ele><time>1980-01-07T12:15:42.055Z</time></trkpt><trkpt lat="47.60863550" lon="19.14697000"><ele>137.10</ele><time>1980-01-07T12:15:42.255Z</time></trkpt><trkpt lat="47.60863550" lon="19.14697000"><ele>137.10</ele><time>1980-01-07T12:15:42.455Z</time></trkpt><trkpt lat="47.60863550" lon="19.14697000"><ele>137.10</ele><time>1980-01-07T12:15:42.655Z</time></trkpt><trkpt lat="47.60863550" lon="19.14697000"><ele>137.09</ele><time>1980-01-07T12:15:42.855Z</time></trkpt><trkpt lat="47.60863550" lon="19.14697000"><ele>137.09</ele><time>1980-01-07T12:15:43.061Z</time></trkpt><trkpt lat="47.60863550" lon="19.14697010"><ele>137.09</ele><time>1980-01-07T12:15:43.265Z</time></trkpt><trkpt lat="47.60863550" lon="19.14697010"><ele>137.08</ele><time>1980-01-07T12:15:43.465Z</time></trkpt><trkpt lat="47.60863550" lon="19.14697010"><ele>137.08</ele><time>1980-01-07T12:15:43.665Z</time></trkpt><trkpt lat="47.60863550" lon="19.14697010"><ele>137.08</ele><time>1980-01-07T12:15:43.865Z</time></trkpt><trkpt lat="47.60863550" lon="19.14697010"><ele>137.08</ele><time>1980-01-07T12:15:44.063Z</time></trkpt><trkpt lat="47.60863550" lon="19.14697020"><ele>137.08</ele><time>1980-01-07T12:15:44.265Z</time></trkpt><trkpt lat="47.60863550" lon="19.14697020"><ele>137.08</ele><time>1980-01-07T12:15:44.465Z</time></trkpt><trkpt lat="47.60863540" lon="19.14697020"><ele>137.08</ele><time>1980-01-07T12:15:44.665Z</time></trkpt><trkpt lat="47.60863540" lon="19.14697020"><ele>137.08</ele><time>1980-01-07T12:15:44.865Z</time></trkpt><trkpt lat="47.60863550" lon="19.14697020"><ele>137.08</ele><time>1980-01-07T12:15:45.061Z</time></trkpt><trkpt lat="47.60863550" lon="19.14697020"><ele>137.08</ele><time>1980-01-07T12:15:45.255Z</time></trkpt><trkpt lat="47.60863550" lon="19.14697010"><ele>137.08</ele><time>1980-01-07T12:15:45.456Z</time></trkpt><trkpt lat="47.60863550" lon="19.14697010"><ele>137.08</ele><time>1980-01-07T12:15:45.656Z</time></trkpt><trkpt lat="47.60863560" lon="19.14697010"><ele>137.08</ele><time>1980-01-07T12:15:45.856Z</time></trkpt><trkpt lat="47.60863560" lon="19.14697000"><ele>137.08</ele><time>1980-01-07T12:15:46.056Z</time></trkpt><trkpt lat="47.60863560" lon="19.14697000"><ele>137.07</ele><time>1980-01-07T12:15:46.258Z</time></trkpt><trkpt lat="47.60863570" lon="19.14697000"><ele>137.07</ele><time>1980-01-07T12:15:46.460Z</time></trkpt><trkpt lat="47.60863570" lon="19.14697000"><ele>137.07</ele><time>1980-01-07T12:15:46.661Z</time></trkpt><trkpt lat="47.60863570" lon="19.14697000"><ele>137.08</ele><time>1980-01-07T12:15:46.860Z</time></trkpt><trkpt lat="47.60863560" lon="19.14697000"><ele>137.08</ele><time>1980-01-07T12:15:47.062Z</time></trkpt><trkpt lat="47.60863560" lon="19.14697000"><ele>137.08</ele><time>1980-01-07T12:15:47.265Z</time></trkpt><trkpt lat="47.60863560" lon="19.14696990"><ele>137.08</ele><time>1980-01-07T12:15:47.465Z</time></trkpt><trkpt lat="47.60863560" lon="19.14696990"><ele>137.08</ele><time>1980-01-07T12:15:47.665Z</time></trkpt><trkpt lat="47.60863560" lon="19.14696990"><ele>137.07</ele><time>1980-01-07T12:15:47.865Z</time></trkpt><trkpt lat="47.60863560" lon="19.14696990"><ele>137.07</ele><time>1980-01-07T12:15:48.061Z</time></trkpt><trkpt lat="47.60863560" lon="19.14696980"><ele>137.07</ele><time>1980-01-07T12:15:48.265Z</time></trkpt><trkpt lat="47.60863560" lon="19.14696980"><ele>137.07</ele><time>1980-01-07T12:15:48.465Z</time></trkpt><trkpt lat="47.60863560" lon="19.14696980"><ele>137.08</ele><time>1980-01-07T12:15:48.665Z</time></trkpt><trkpt lat="47.60863560" lon="19.14696980"><ele>137.08</ele><time>1980-01-07T12:15:48.865Z</time></trkpt><trkpt lat="47.60863560" lon="19.14696980"><ele>137.08</ele><time>1980-01-07T12:15:49.060Z</time></trkpt><trkpt lat="47.60863560" lon="19.14696980"><ele>137.07</ele><time>1980-01-07T12:15:49.265Z</time></trkpt><trkpt lat="47.60863550" lon="19.14696980"><ele>137.07</ele><time>1980-01-07T12:15:49.465Z</time></trkpt><trkpt lat="47.60863550" lon="19.14696990"><ele>137.07</ele><time>1980-01-07T12:15:49.675Z</time></trkpt><trkpt lat="47.60863550" lon="19.14696990"><ele>137.06</ele><time>1980-01-07T12:15:49.875Z</time></trkpt><trkpt lat="47.60863550" lon="19.14696990"><ele>137.06</ele><time>1980-01-07T12:15:50.066Z</time></trkpt><trkpt lat="47.60863550" lon="19.14696990"><ele>137.06</ele><time>1980-01-07T12:15:50.276Z</time></trkpt><trkpt lat="47.60863550" lon="19.14696990"><ele>137.06</ele><time>1980-01-07T12:15:50.475Z</time></trkpt><trkpt lat="47.60863550" lon="19.14696990"><ele>137.06</ele><time>1980-01-07T12:15:50.675Z</time></trkpt><trkpt lat="47.60863550" lon="19.14696990"><ele>137.06</ele><time>1980-01-07T12:15:50.884Z</time></trkpt><trkpt lat="47.60863550" lon="19.14696990"><ele>137.06</ele><time>1980-01-07T12:15:51.085Z</time></trkpt><trkpt lat="47.60863550" lon="19.14696990"><ele>137.06</ele><time>1980-01-07T12:15:51.285Z</time></trkpt><trkpt lat="47.60863550" lon="19.14696990"><ele>137.05</ele><time>1980-01-07T12:15:51.485Z</time></trkpt><trkpt lat="47.60863550" lon="19.14696990"><ele>137.05</ele><time>1980-01-07T12:15:51.685Z</time></trkpt><trkpt lat="47.60863550" lon="19.14696990"><ele>137.05</ele><time>1980-01-07T12:15:51.885Z</time></trkpt><trkpt lat="47.60863550" lon="19.14697000"><ele>137.05</ele><time>1980-01-07T12:15:52.091Z</time></trkpt><trkpt lat="47.60863550" lon="19.14696990"><ele>137.04</ele><time>1980-01-07T12:15:52.293Z</time></trkpt><trkpt lat="47.60863550" lon="19.14696990"><ele>137.04</ele><time>1980-01-07T12:15:52.494Z</time></trkpt><trkpt lat="47.60863550" lon="19.14696990"><ele>137.04</ele><time>1980-01-07T12:15:52.695Z</time></trkpt><trkpt lat="47.60863550" lon="19.14696980"><ele>137.04</ele><time>1980-01-07T12:15:52.895Z</time></trkpt><trkpt lat="47.60863550" lon="19.14696980"><ele>137.04</ele><time>1980-01-07T12:15:53.095Z</time></trkpt><trkpt lat="47.60863550" lon="19.14696980"><ele>137.04</ele><time>1980-01-07T12:15:53.295Z</time></trkpt><trkpt lat="47.60863550" lon="19.14696980"><ele>137.03</ele><time>1980-01-07T12:15:53.495Z</time></trkpt><trkpt lat="47.60863550" lon="19.14696980"><ele>137.03</ele><time>1980-01-07T12:15:53.695Z</time></trkpt><trkpt lat="47.60863550" lon="19.14696980"><ele>137.03</ele><time>1980-01-07T12:15:53.895Z</time></trkpt><trkpt lat="47.60863550" lon="19.14696980"><ele>137.03</ele><time>1980-01-07T12:15:54.095Z</time></trkpt><trkpt lat="47.60863550" lon="19.14696980"><ele>137.03</ele><time>1980-01-07T12:15:54.295Z</time></trkpt><trkpt lat="47.60863560" lon="19.14696980"><ele>137.03</ele><time>1980-01-07T12:15:54.495Z</time></trkpt><trkpt lat="47.60863560" lon="19.14696970"><ele>137.03</ele><time>1980-01-07T12:15:54.695Z</time></trkpt><trkpt lat="47.60863560" lon="19.14696970"><ele>137.03</ele><time>1980-01-07T12:15:54.895Z</time></trkpt><trkpt lat="47.60863560" lon="19.14696970"><ele>137.03</ele><time>1980-01-07T12:15:55.095Z</time></trkpt><trkpt lat="47.60863560" lon="19.14696970"><ele>137.02</ele><time>1980-01-07T12:15:55.295Z</time></trkpt><trkpt lat="47.60863560" lon="19.14696970"><ele>137.02</ele><time>1980-01-07T12:15:55.495Z</time></trkpt><trkpt lat="47.60863560" lon="19.14696970"><ele>137.01</ele><time>1980-01-07T12:15:55.695Z</time></trkpt><trkpt lat="47.60863560" lon="19.14696970"><ele>137.01</ele><time>1980-01-07T12:15:55.895Z</time></trkpt><trkpt lat="47.60863560" lon="19.14696970"><ele>137.01</ele><time>1980-01-07T12:15:56.095Z</time></trkpt><trkpt lat="47.60863570" lon="19.14696960"><ele>137.01</ele><time>1980-01-07T12:15:56.295Z</time></trkpt><trkpt lat="47.60863570" lon="19.14696960"><ele>137.00</ele><time>1980-01-07T12:15:56.495Z</time></trkpt><trkpt lat="47.60863570" lon="19.14696950"><ele>137.00</ele><time>1980-01-07T12:15:56.695Z</time></trkpt><trkpt lat="47.60863570" lon="19.14696950"><ele>137.00</ele><time>1980-01-07T12:15:56.895Z</time></trkpt><trkpt lat="47.60863570" lon="19.14696940"><ele>137.00</ele><time>1980-01-07T12:15:57.095Z</time></trkpt><trkpt lat="47.60863570" lon="19.14696940"><ele>137.00</ele><time>1980-01-07T12:15:57.303Z</time></trkpt><trkpt lat="47.60863570" lon="19.14696940"><ele>137.01</ele><time>1980-01-07T12:15:57.503Z</time></trkpt><trkpt lat="47.60863570" lon="19.14696940"><ele>137.01</ele><time>1980-01-07T12:15:57.703Z</time></trkpt><trkpt lat="47.60863570" lon="19.14696930"><ele>137.00</ele><time>1980-01-07T12:15:57.903Z</time></trkpt><trkpt lat="47.60863570" lon="19.14696930"><ele>137.00</ele><time>1980-01-07T12:15:58.103Z</time></trkpt><trkpt lat="47.60863570" lon="19.14696930"><ele>137.00</ele><time>1980-01-07T12:15:58.306Z</time></trkpt><trkpt lat="47.60863570" lon="19.14696930"><ele>137.00</ele><time>1980-01-07T12:15:58.505Z</time></trkpt><trkpt lat="47.60863570" lon="19.14696940"><ele>137.00</ele><time>1980-01-07T12:15:58.705Z</time></trkpt><trkpt lat="47.60863570" lon="19.14696950"><ele>137.00</ele><time>1980-01-07T12:15:58.905Z</time></trkpt><trkpt lat="47.60863570" lon="19.14696950"><ele>137.00</ele><time>1980-01-07T12:15:59.105Z</time></trkpt><trkpt lat="47.60863570" lon="19.14696960"><ele>137.00</ele><time>1980-01-07T12:15:59.305Z</time></trkpt><trkpt lat="47.60863570" lon="19.14696960"><ele>137.00</ele><time>1980-01-07T12:15:59.505Z</time></trkpt><trkpt lat="47.60863570" lon="19.14696970"><ele>137.00</ele><time>1980-01-07T12:15:59.705Z</time></trkpt><trkpt lat="47.60863570" lon="19.14696970"><ele>137.00</ele><time>1980-01-07T12:15:59.905Z</time></trkpt><trkpt lat="47.60863580" lon="19.14696970"><ele>137.00</ele><time>1980-01-07T12:16:00.105Z</time></trkpt><trkpt lat="47.60863580" lon="19.14696970"><ele>137.00</ele><time>1980-01-07T12:16:00.305Z</time></trkpt><trkpt lat="47.60863570" lon="19.14696970"><ele>137.00</ele><time>1980-01-07T12:16:00.505Z</time></trkpt><trkpt lat="47.60863570" lon="19.14696970"><ele>137.00</ele><time>1980-01-07T12:16:00.705Z</time></trkpt><trkpt lat="47.60863570" lon="19.14696970"><ele>137.00</ele><time>1980-01-07T12:16:00.905Z</time></trkpt><trkpt lat="47.60863570" lon="19.14696970"><ele>137.01</ele><time>1980-01-07T12:16:01.105Z</time></trkpt><trkpt lat="47.60863570" lon="19.14696970"><ele>137.00</ele><time>1980-01-07T12:16:01.313Z</time></trkpt><trkpt lat="47.60863570" lon="19.14696970"><ele>137.00</ele><time>1980-01-07T12:16:01.513Z</time></trkpt><trkpt lat="47.60863570" lon="19.14696970"><ele>137.00</ele><time>1980-01-07T12:16:01.713Z</time></trkpt><trkpt lat="47.60863570" lon="19.14696970"><ele>137.00</ele><time>1980-01-07T12:16:01.914Z</time></trkpt><trkpt lat="47.60863560" lon="19.14696970"><ele>137.00</ele><time>1980-01-07T12:16:02.115Z</time></trkpt><trkpt lat="47.60863560" lon="19.14696970"><ele>137.00</ele><time>1980-01-07T12:16:02.315Z</time></trkpt><trkpt lat="47.60863560" lon="19.14696970"><ele>137.01</ele><time>1980-01-07T12:16:02.515Z</time></trkpt><trkpt lat="47.60863560" lon="19.14696980"><ele>137.00</ele><time>1980-01-07T12:16:02.715Z</time></trkpt><trkpt lat="47.60863560" lon="19.14696980"><ele>137.00</ele><time>1980-01-07T12:16:02.915Z</time></trkpt><trkpt lat="47.60863560" lon="19.14696990"><ele>137.00</ele><time>1980-01-07T12:16:03.115Z</time></trkpt><trkpt lat="47.60863550" lon="19.14696990"><ele>137.00</ele><time>1980-01-07T12:16:03.315Z</time></trkpt><trkpt lat="47.60863550" lon="19.14697000"><ele>137.00</ele><time>1980-01-07T12:16:03.515Z</time></trkpt><trkpt lat="47.60863550" lon="19.14697010"><ele>137.00</ele><time>1980-01-07T12:16:03.715Z</time></trkpt><trkpt lat="47.60863550" lon="19.14697010"><ele>137.00</ele><time>1980-01-07T12:16:03.915Z</time></trkpt><trkpt lat="47.60863550" lon="19.14697010"><ele>136.99</ele><time>1980-01-07T12:16:04.115Z</time></trkpt><trkpt lat="47.60863550" lon="19.14697010"><ele>136.99</ele><time>1980-01-07T12:16:04.315Z</time></trkpt><trkpt lat="47.60863550" lon="19.14697020"><ele>136.99</ele><time>1980-01-07T12:16:04.515Z</time></trkpt><trkpt lat="47.60863550" lon="19.14697020"><ele>136.99</ele><time>1980-01-07T12:16:04.715Z</time></trkpt><trkpt lat="47.60863550" lon="19.14697020"><ele>136.99</ele><time>1980-01-07T12:16:04.915Z</time></trkpt><trkpt lat="47.60863550" lon="19.14697030"><ele>136.99</ele><time>1980-01-07T12:16:05.105Z</time></trkpt><trkpt lat="47.60863550" lon="19.14697020"><ele>136.98</ele><time>1980-01-07T12:16:05.306Z</time></trkpt><trkpt lat="47.60863550" lon="19.14697020"><ele>136.98</ele><time>1980-01-07T12:16:05.507Z</time></trkpt><trkpt lat="47.60863550" lon="19.14697020"><ele>136.99</ele><time>1980-01-07T12:16:05.707Z</time></trkpt><trkpt lat="47.60863550" lon="19.14697010"><ele>136.99</ele><time>1980-01-07T12:16:05.907Z</time></trkpt><trkpt lat="47.60863550" lon="19.14697010"><ele>136.99</ele><time>1980-01-07T12:16:06.109Z</time></trkpt><trkpt lat="47.60863550" lon="19.14697010"><ele>136.99</ele><time>1980-01-07T12:16:06.307Z</time></trkpt><trkpt lat="47.60863550" lon="19.14697010"><ele>136.99</ele><time>1980-01-07T12:16:06.507Z</time></trkpt><trkpt lat="47.60863560" lon="19.14697010"><ele>137.00</ele><time>1980-01-07T12:16:06.708Z</time></trkpt><trkpt lat="47.60863560" lon="19.14697000"><ele>137.00</ele><time>1980-01-07T12:16:06.908Z</time></trkpt><trkpt lat="47.60863560" lon="19.14697000"><ele>137.00</ele><time>1980-01-07T12:16:07.111Z</time></trkpt><trkpt lat="47.60863560" lon="19.14697000"><ele>137.00</ele><time>1980-01-07T12:16:07.311Z</time></trkpt><trkpt lat="47.60863560" lon="19.14696990"><ele>136.99</ele><time>1980-01-07T12:16:07.513Z</time></trkpt><trkpt lat="47.60863560" lon="19.14696990"><ele>136.99</ele><time>1980-01-07T12:16:07.712Z</time></trkpt><trkpt lat="47.60863560" lon="19.14696990"><ele>136.99</ele><time>1980-01-07T12:16:07.911Z</time></trkpt><trkpt lat="47.60863560" lon="19.14696990"><ele>137.00</ele><time>1980-01-07T12:16:08.115Z</time></trkpt><trkpt lat="47.60863560" lon="19.14696980"><ele>136.99</ele><time>1980-01-07T12:16:08.313Z</time></trkpt><trkpt lat="47.60863560" lon="19.14696980"><ele>136.99</ele><time>1980-01-07T12:16:08.513Z</time></trkpt><trkpt lat="47.60863560" lon="19.14696980"><ele>136.99</ele><time>1980-01-07T12:16:08.713Z</time></trkpt><trkpt lat="47.60863560" lon="19.14696980"><ele>136.99</ele><time>1980-01-07T12:16:08.913Z</time></trkpt><trkpt lat="47.60863560" lon="19.14696980"><ele>136.99</ele><time>1980-01-07T12:16:09.114Z</time></trkpt><trkpt lat="47.60863560" lon="19.14696980"><ele>136.99</ele><time>1980-01-07T12:16:09.313Z</time></trkpt><trkpt lat="47.60863560" lon="19.14696980"><ele>136.99</ele><time>1980-01-07T12:16:09.516Z</time></trkpt><trkpt lat="47.60863560" lon="19.14696980"><ele>136.99</ele><time>1980-01-07T12:16:09.714Z</time></trkpt><trkpt lat="47.60863560" lon="19.14696980"><ele>136.98</ele><time>1980-01-07T12:16:09.914Z</time></trkpt><trkpt lat="47.60863560" lon="19.14696990"><ele>136.98</ele><time>1980-01-07T12:16:10.115Z</time></trkpt><trkpt lat="47.60863550" lon="19.14696980"><ele>136.97</ele><time>1980-01-07T12:16:10.315Z</time></trkpt><trkpt lat="47.60863550" lon="19.14696980"><ele>136.97</ele><time>1980-01-07T12:16:10.515Z</time></trkpt><trkpt lat="47.60863550" lon="19.14696980"><ele>136.96</ele><time>1980-01-07T12:16:10.715Z</time></trkpt><trkpt lat="47.60863560" lon="19.14696980"><ele>136.96</ele><time>1980-01-07T12:16:10.915Z</time></trkpt><trkpt lat="47.60863560" lon="19.14696980"><ele>136.96</ele><time>1980-01-07T12:16:11.115Z</time></trkpt><trkpt lat="47.60863560" lon="19.14696980"><ele>136.96</ele><time>1980-01-07T12:16:11.315Z</time></trkpt><trkpt lat="47.60863560" lon="19.14696980"><ele>136.96</ele><time>1980-01-07T12:16:11.515Z</time></trkpt><trkpt lat="47.60863560" lon="19.14696990"><ele>136.95</ele><time>1980-01-07T12:16:11.715Z</time></trkpt><trkpt lat="47.60863570" lon="19.14696980"><ele>136.95</ele><time>1980-01-07T12:16:11.915Z</time></trkpt><trkpt lat="47.60863570" lon="19.14696980"><ele>136.94</ele><time>1980-01-07T12:16:12.115Z</time></trkpt><trkpt lat="47.60863580" lon="19.14696980"><ele>136.92</ele><time>1980-01-07T12:16:12.315Z</time></trkpt><trkpt lat="47.60863590" lon="19.14696980"><ele>136.91</ele><time>1980-01-07T12:16:12.515Z</time></trkpt><trkpt lat="47.60863590" lon="19.14696970"><ele>136.90</ele><time>1980-01-07T12:16:12.715Z</time></trkpt><trkpt lat="47.60863600" lon="19.14696970"><ele>136.88</ele><time>1980-01-07T12:16:12.915Z</time></trkpt><trkpt lat="47.60863610" lon="19.14696970"><ele>136.87</ele><time>1980-01-07T12:16:13.115Z</time></trkpt><trkpt lat="47.60863610" lon="19.14696980"><ele>136.86</ele><time>1980-01-07T12:16:13.315Z</time></trkpt><trkpt lat="47.60863620" lon="19.14696990"><ele>136.85</ele><time>1980-01-07T12:16:13.515Z</time></trkpt><trkpt lat="47.60863630" lon="19.14696990"><ele>136.84</ele><time>1980-01-07T12:16:13.715Z</time></trkpt><trkpt lat="47.60863630" lon="19.14696990"><ele>136.83</ele><time>1980-01-07T12:16:13.915Z</time></trkpt><trkpt lat="47.60863630" lon="19.14696990"><ele>136.82</ele><time>1980-01-07T12:16:14.115Z</time></trkpt><trkpt lat="47.60863630" lon="19.14696990"><ele>136.81</ele><time>1980-01-07T12:16:14.315Z</time></trkpt><trkpt lat="47.60863630" lon="19.14696990"><ele>136.81</ele><time>1980-01-07T12:16:14.515Z</time></trkpt><trkpt lat="47.60863630" lon="19.14696980"><ele>136.80</ele><time>1980-01-07T12:16:14.715Z</time></trkpt><trkpt lat="47.60863630" lon="19.14696980"><ele>136.79</ele><time>1980-01-07T12:16:14.915Z</time></trkpt><trkpt lat="47.60863630" lon="19.14696980"><ele>136.79</ele><time>1980-01-07T12:16:15.115Z</time></trkpt><trkpt lat="47.60863630" lon="19.14696970"><ele>136.78</ele><time>1980-01-07T12:16:15.315Z</time></trkpt><trkpt lat="47.60863630" lon="19.14696970"><ele>136.77</ele><time>1980-01-07T12:16:15.515Z</time></trkpt><trkpt lat="47.60863630" lon="19.14696960"><ele>136.76</ele><time>1980-01-07T12:16:15.715Z</time></trkpt><trkpt lat="47.60863630" lon="19.14696960"><ele>136.75</ele><time>1980-01-07T12:16:15.915Z</time></trkpt><trkpt lat="47.60863630" lon="19.14696950"><ele>136.74</ele><time>1980-01-07T12:16:16.115Z</time></trkpt><trkpt lat="47.60863630" lon="19.14696950"><ele>136.74</ele><time>1980-01-07T12:16:16.315Z</time></trkpt><trkpt lat="47.60863630" lon="19.14696950"><ele>136.74</ele><time>1980-01-07T12:16:16.515Z</time></trkpt><trkpt lat="47.60863630" lon="19.14696940"><ele>136.74</ele><time>1980-01-07T12:16:16.725Z</time></trkpt><trkpt lat="47.60863640" lon="19.14696940"><ele>136.74</ele><time>1980-01-07T12:16:16.928Z</time></trkpt><trkpt lat="47.60863640" lon="19.14696940"><ele>136.74</ele><time>1980-01-07T12:16:17.129Z</time></trkpt><trkpt lat="47.60863640" lon="19.14696940"><ele>136.74</ele><time>1980-01-07T12:16:17.329Z</time></trkpt><trkpt lat="47.60863640" lon="19.14696940"><ele>136.74</ele><time>1980-01-07T12:16:17.529Z</time></trkpt><trkpt lat="47.60863640" lon="19.14696950"><ele>136.73</ele><time>1980-01-07T12:16:17.730Z</time></trkpt><trkpt lat="47.60863640" lon="19.14696950"><ele>136.73</ele><time>1980-01-07T12:16:17.931Z</time></trkpt><trkpt lat="47.60863640" lon="19.14696950"><ele>136.73</ele><time>1980-01-07T12:16:18.125Z</time></trkpt><trkpt lat="47.60863630" lon="19.14696950"><ele>136.72</ele><time>1980-01-07T12:16:18.325Z</time></trkpt><trkpt lat="47.60863630" lon="19.14696950"><ele>136.72</ele><time>1980-01-07T12:16:18.525Z</time></trkpt><trkpt lat="47.60863630" lon="19.14696960"><ele>136.72</ele><time>1980-01-07T12:16:18.725Z</time></trkpt><trkpt lat="47.60863630" lon="19.14696960"><ele>136.73</ele><time>1980-01-07T12:16:18.925Z</time></trkpt><trkpt lat="47.60863640" lon="19.14696970"><ele>136.73</ele><time>1980-01-07T12:16:19.125Z</time></trkpt><trkpt lat="47.60863640" lon="19.14696970"><ele>136.73</ele><time>1980-01-07T12:16:19.325Z</time></trkpt><trkpt lat="47.60863640" lon="19.14696980"><ele>136.73</ele><time>1980-01-07T12:16:19.535Z</time></trkpt><trkpt lat="47.60863640" lon="19.14696990"><ele>136.73</ele><time>1980-01-07T12:16:19.735Z</time></trkpt><trkpt lat="47.60863640" lon="19.14696990"><ele>136.74</ele><time>1980-01-07T12:16:19.935Z</time></trkpt><trkpt lat="47.60863650" lon="19.14696990"><ele>136.74</ele><time>1980-01-07T12:16:20.125Z</time></trkpt><trkpt lat="47.60863650" lon="19.14696990"><ele>136.74</ele><time>1980-01-07T12:16:20.335Z</time></trkpt><trkpt lat="47.60863650" lon="19.14697000"><ele>136.75</ele><time>1980-01-07T12:16:20.535Z</time></trkpt><trkpt lat="47.60863660" lon="19.14697000"><ele>136.75</ele><time>1980-01-07T12:16:20.735Z</time></trkpt><trkpt lat="47.60863660" lon="19.14697000"><ele>136.75</ele><time>1980-01-07T12:16:20.935Z</time></trkpt><trkpt lat="47.60863660" lon="19.14697000"><ele>136.76</ele><time>1980-01-07T12:16:21.135Z</time></trkpt><trkpt lat="47.60863660" lon="19.14697000"><ele>136.76</ele><time>1980-01-07T12:16:21.335Z</time></trkpt><trkpt lat="47.60863660" lon="19.14697000"><ele>136.77</ele><time>1980-01-07T12:16:21.535Z</time></trkpt><trkpt lat="47.60863660" lon="19.14697000"><ele>136.77</ele><time>1980-01-07T12:16:21.735Z</time></trkpt><trkpt lat="47.60863660" lon="19.14697000"><ele>136.77</ele><time>1980-01-07T12:16:21.935Z</time></trkpt><trkpt lat="47.60863660" lon="19.14697000"><ele>136.78</ele><time>1980-01-07T12:16:22.135Z</time></trkpt><trkpt lat="47.60863660" lon="19.14697000"><ele>136.78</ele><time>1980-01-07T12:16:22.335Z</time></trkpt><trkpt lat="47.60863660" lon="19.14697010"><ele>136.79</ele><time>1980-01-07T12:16:22.535Z</time></trkpt><trkpt lat="47.60863650" lon="19.14697010"><ele>136.79</ele><time>1980-01-07T12:16:22.735Z</time></trkpt><trkpt lat="47.60863650" lon="19.14697010"><ele>136.79</ele><time>1980-01-07T12:16:22.945Z</time></trkpt><trkpt lat="47.60863650" lon="19.14697010"><ele>136.78</ele><time>1980-01-07T12:16:23.145Z</time></trkpt><trkpt lat="47.60863650" lon="19.14697010"><ele>136.78</ele><time>1980-01-07T12:16:23.336Z</time></trkpt><trkpt lat="47.60863650" lon="19.14697010"><ele>136.78</ele><time>1980-01-07T12:16:23.535Z</time></trkpt><trkpt lat="47.60863650" lon="19.14697010"><ele>136.78</ele><time>1980-01-07T12:16:23.737Z</time></trkpt><trkpt lat="47.60863660" lon="19.14697010"><ele>136.78</ele><time>1980-01-07T12:16:23.938Z</time></trkpt><trkpt lat="47.60863650" lon="19.14697000"><ele>136.78</ele><time>1980-01-07T12:16:24.142Z</time></trkpt><trkpt lat="47.60863650" lon="19.14697000"><ele>136.78</ele><time>1980-01-07T12:16:24.345Z</time></trkpt><trkpt lat="47.60863640" lon="19.14697000"><ele>136.77</ele><time>1980-01-07T12:16:24.545Z</time></trkpt><trkpt lat="47.60863640" lon="19.14697000"><ele>136.77</ele><time>1980-01-07T12:16:24.745Z</time></trkpt><trkpt lat="47.60863640" lon="19.14697000"><ele>136.77</ele><time>1980-01-07T12:16:24.945Z</time></trkpt><trkpt lat="47.60863640" lon="19.14697000"><ele>136.77</ele><time>1980-01-07T12:16:25.145Z</time></trkpt><trkpt lat="47.60863640" lon="19.14697000"><ele>136.77</ele><time>1980-01-07T12:16:25.341Z</time></trkpt><trkpt lat="47.60863640" lon="19.14697000"><ele>136.78</ele><time>1980-01-07T12:16:25.540Z</time></trkpt><trkpt lat="47.60863640" lon="19.14697000"><ele>136.78</ele><time>1980-01-07T12:16:25.742Z</time></trkpt><trkpt lat="47.60863640" lon="19.14697000"><ele>136.78</ele><time>1980-01-07T12:16:25.942Z</time></trkpt><trkpt lat="47.60863640" lon="19.14697000"><ele>136.78</ele><time>1980-01-07T12:16:26.149Z</time></trkpt><trkpt lat="47.60863650" lon="19.14697000"><ele>136.77</ele><time>1980-01-07T12:16:26.344Z</time></trkpt><trkpt lat="47.60863650" lon="19.14697000"><ele>136.77</ele><time>1980-01-07T12:16:26.545Z</time></trkpt><trkpt lat="47.60863650" lon="19.14697000"><ele>136.78</ele><time>1980-01-07T12:16:26.745Z</time></trkpt><trkpt lat="47.60863640" lon="19.14697010"><ele>136.78</ele><time>1980-01-07T12:16:26.945Z</time></trkpt><trkpt lat="47.60863640" lon="19.14697010"><ele>136.78</ele><time>1980-01-07T12:16:27.145Z</time></trkpt><trkpt lat="47.60863640" lon="19.14697010"><ele>136.79</ele><time>1980-01-07T12:16:27.345Z</time></trkpt><trkpt lat="47.60863640" lon="19.14697010"><ele>136.79</ele><time>1980-01-07T12:16:27.545Z</time></trkpt><trkpt lat="47.60863640" lon="19.14697010"><ele>136.79</ele><time>1980-01-07T12:16:27.745Z</time></trkpt><trkpt lat="47.60863640" lon="19.14697010"><ele>136.79</ele><time>1980-01-07T12:16:27.945Z</time></trkpt><trkpt lat="47.60863630" lon="19.14697000"><ele>136.79</ele><time>1980-01-07T12:16:28.145Z</time></trkpt><trkpt lat="47.60863630" lon="19.14697000"><ele>136.79</ele><time>1980-01-07T12:16:28.345Z</time></trkpt><trkpt lat="47.60863630" lon="19.14697000"><ele>136.78</ele><time>1980-01-07T12:16:28.545Z</time></trkpt><trkpt lat="47.60863630" lon="19.14696990"><ele>136.78</ele><time>1980-01-07T12:16:28.739Z</time></trkpt><trkpt lat="47.60863630" lon="19.14696990"><ele>136.78</ele><time>1980-01-07T12:16:28.945Z</time></trkpt><trkpt lat="47.60863620" lon="19.14696990"><ele>136.79</ele><time>1980-01-07T12:16:29.145Z</time></trkpt><trkpt lat="47.60863620" lon="19.14696980"><ele>136.79</ele><time>1980-01-07T12:16:29.355Z</time></trkpt><trkpt lat="47.60863620" lon="19.14696980"><ele>136.79</ele><time>1980-01-07T12:16:29.555Z</time></trkpt><trkpt lat="47.60863620" lon="19.14696980"><ele>136.79</ele><time>1980-01-07T12:16:29.755Z</time></trkpt><trkpt lat="47.60863630" lon="19.14696980"><ele>136.79</ele><time>1980-01-07T12:16:29.955Z</time></trkpt><trkpt lat="47.60863630" lon="19.14696980"><ele>136.79</ele><time>1980-01-07T12:16:30.155Z</time></trkpt><trkpt lat="47.60863630" lon="19.14696980"><ele>136.79</ele><time>1980-01-07T12:16:30.355Z</time></trkpt><trkpt lat="47.60863630" lon="19.14696980"><ele>136.79</ele><time>1980-01-07T12:16:30.555Z</time></trkpt><trkpt lat="47.60863630" lon="19.14696990"><ele>136.79</ele><time>1980-01-07T12:16:30.762Z</time></trkpt><trkpt lat="47.60863630" lon="19.14696990"><ele>136.79</ele><time>1980-01-07T12:16:30.960Z</time></trkpt><trkpt lat="47.60863620" lon="19.14697000"><ele>136.79</ele><time>1980-01-07T12:16:31.163Z</time></trkpt><trkpt lat="47.60863620" lon="19.14697000"><ele>136.79</ele><time>1980-01-07T12:16:31.362Z</time></trkpt><trkpt lat="47.60863620" lon="19.14697010"><ele>136.79</ele><time>1980-01-07T12:16:31.562Z</time></trkpt><trkpt lat="47.60863620" lon="19.14697010"><ele>136.79</ele><time>1980-01-07T12:16:31.763Z</time></trkpt><trkpt lat="47.60863630" lon="19.14697010"><ele>136.78</ele><time>1980-01-07T12:16:31.964Z</time></trkpt><trkpt lat="47.60863630" lon="19.14697020"><ele>136.78</ele><time>1980-01-07T12:16:32.165Z</time></trkpt><trkpt lat="47.60863630" lon="19.14697020"><ele>136.78</ele><time>1980-01-07T12:16:32.366Z</time></trkpt><trkpt lat="47.60863630" lon="19.14697020"><ele>136.78</ele><time>1980-01-07T12:16:32.565Z</time></trkpt><trkpt lat="47.60863630" lon="19.14697020"><ele>136.77</ele><time>1980-01-07T12:16:32.765Z</time></trkpt><trkpt lat="47.60863630" lon="19.14697020"><ele>136.77</ele><time>1980-01-07T12:16:32.965Z</time></trkpt><trkpt lat="47.60863640" lon="19.14697010"><ele>136.77</ele><time>1980-01-07T12:16:33.165Z</time></trkpt><trkpt lat="47.60863630" lon="19.14697010"><ele>136.77</ele><time>1980-01-07T12:16:33.365Z</time></trkpt><trkpt lat="47.60863630" lon="19.14697000"><ele>136.77</ele><time>1980-01-07T12:16:33.565Z</time></trkpt><trkpt lat="47.60863630" lon="19.14697000"><ele>136.77</ele><time>1980-01-07T12:16:33.765Z</time></trkpt><trkpt lat="47.60863630" lon="19.14697000"><ele>136.77</ele><time>1980-01-07T12:16:33.965Z</time></trkpt><trkpt lat="47.60863630" lon="19.14697000"><ele>136.76</ele><time>1980-01-07T12:16:34.165Z</time></trkpt><trkpt lat="47.60863630" lon="19.14697000"><ele>136.76</ele><time>1980-01-07T12:16:34.365Z</time></trkpt><trkpt lat="47.60863620" lon="19.14697010"><ele>136.76</ele><time>1980-01-07T12:16:34.565Z</time></trkpt><trkpt lat="47.60863620" lon="19.14697010"><ele>136.76</ele><time>1980-01-07T12:16:34.765Z</time></trkpt><trkpt lat="47.60863620" lon="19.14697010"><ele>136.77</ele><time>1980-01-07T12:16:34.965Z</time></trkpt><trkpt lat="47.60863620" lon="19.14697010"><ele>136.77</ele><time>1980-01-07T12:16:35.165Z</time></trkpt><trkpt lat="47.60863620" lon="19.14697010"><ele>136.76</ele><time>1980-01-07T12:16:35.365Z</time></trkpt><trkpt lat="47.60863620" lon="19.14697010"><ele>136.76</ele><time>1980-01-07T12:16:35.565Z</time></trkpt><trkpt lat="47.60863610" lon="19.14697000"><ele>136.75</ele><time>1980-01-07T12:16:35.765Z</time></trkpt><trkpt lat="47.60863610" lon="19.14697000"><ele>136.75</ele><time>1980-01-07T12:16:35.965Z</time></trkpt><trkpt lat="47.60863610" lon="19.14696990"><ele>136.75</ele><time>1980-01-07T12:16:36.165Z</time></trkpt><trkpt lat="47.60863610" lon="19.14696990"><ele>136.74</ele><time>1980-01-07T12:16:36.365Z</time></trkpt><trkpt lat="47.60863610" lon="19.14696990"><ele>136.74</ele><time>1980-01-07T12:16:36.565Z</time></trkpt><trkpt lat="47.60863610" lon="19.14696990"><ele>136.75</ele><time>1980-01-07T12:16:36.760Z</time></trkpt><trkpt lat="47.60863610" lon="19.14696990"><ele>136.75</ele><time>1980-01-07T12:16:36.965Z</time></trkpt><trkpt lat="47.60863610" lon="19.14696980"><ele>136.76</ele><time>1980-01-07T12:16:37.165Z</time></trkpt><trkpt lat="47.60863610" lon="19.14696980"><ele>136.76</ele><time>1980-01-07T12:16:37.365Z</time></trkpt><trkpt lat="47.60863620" lon="19.14696980"><ele>136.76</ele><time>1980-01-07T12:16:37.565Z</time></trkpt><trkpt lat="47.60863610" lon="19.14696990"><ele>136.76</ele><time>1980-01-07T12:16:37.765Z</time></trkpt><trkpt lat="47.60863620" lon="19.14696990"><ele>136.76</ele><time>1980-01-07T12:16:37.965Z</time></trkpt><trkpt lat="47.60863620" lon="19.14696990"><ele>136.76</ele><time>1980-01-07T12:16:38.165Z</time></trkpt><trkpt lat="47.60863620" lon="19.14696990"><ele>136.75</ele><time>1980-01-07T12:16:38.365Z</time></trkpt><trkpt lat="47.60863620" lon="19.14696990"><ele>136.75</ele><time>1980-01-07T12:16:38.565Z</time></trkpt><trkpt lat="47.60863620" lon="19.14696980"><ele>136.75</ele><time>1980-01-07T12:16:38.775Z</time></trkpt><trkpt lat="47.60863620" lon="19.14696980"><ele>136.76</ele><time>1980-01-07T12:16:38.975Z</time></trkpt><trkpt lat="47.60863620" lon="19.14696980"><ele>136.76</ele><time>1980-01-07T12:16:39.175Z</time></trkpt><trkpt lat="47.60863620" lon="19.14696980"><ele>136.76</ele><time>1980-01-07T12:16:39.375Z</time></trkpt><trkpt lat="47.60863630" lon="19.14696980"><ele>136.76</ele><time>1980-01-07T12:16:39.575Z</time></trkpt><trkpt lat="47.60863630" lon="19.14696980"><ele>136.76</ele><time>1980-01-07T12:16:39.775Z</time></trkpt><trkpt lat="47.60863630" lon="19.14696980"><ele>136.76</ele><time>1980-01-07T12:16:39.975Z</time></trkpt><trkpt lat="47.60863630" lon="19.14696980"><ele>136.77</ele><time>1980-01-07T12:16:40.183Z</time></trkpt><trkpt lat="47.60863630" lon="19.14696970"><ele>136.77</ele><time>1980-01-07T12:16:40.383Z</time></trkpt><trkpt lat="47.60863640" lon="19.14696970"><ele>136.77</ele><time>1980-01-07T12:16:40.583Z</time></trkpt><trkpt lat="47.60863640" lon="19.14696970"><ele>136.78</ele><time>1980-01-07T12:16:40.784Z</time></trkpt><trkpt lat="47.60863640" lon="19.14696960"><ele>136.78</ele><time>1980-01-07T12:16:40.984Z</time></trkpt><trkpt lat="47.60863640" lon="19.14696960"><ele>136.78</ele><time>1980-01-07T12:16:41.185Z</time></trkpt><trkpt lat="47.60863640" lon="19.14696960"><ele>136.78</ele><time>1980-01-07T12:16:41.385Z</time></trkpt><trkpt lat="47.60863640" lon="19.14696960"><ele>136.78</ele><time>1980-01-07T12:16:41.585Z</time></trkpt><trkpt lat="47.60863640" lon="19.14696970"><ele>136.78</ele><time>1980-01-07T12:16:41.785Z</time></trkpt><trkpt lat="47.60863640" lon="19.14696970"><ele>136.77</ele><time>1980-01-07T12:16:41.985Z</time></trkpt><trkpt lat="47.60863650" lon="19.14696970"><ele>136.77</ele><time>1980-01-07T12:16:42.185Z</time></trkpt><trkpt lat="47.60863650" lon="19.14696980"><ele>136.77</ele><time>1980-01-07T12:16:42.385Z</time></trkpt><trkpt lat="47.60863650" lon="19.14696980"><ele>136.77</ele><time>1980-01-07T12:16:42.585Z</time></trkpt><trkpt lat="47.60863650" lon="19.14696980"><ele>136.77</ele><time>1980-01-07T12:16:42.785Z</time></trkpt><trkpt lat="47.60863650" lon="19.14696970"><ele>136.76</ele><time>1980-01-07T12:16:42.985Z</time></trkpt><trkpt lat="47.60863650" lon="19.14696970"><ele>136.76</ele><time>1980-01-07T12:16:43.185Z</time></trkpt><trkpt lat="47.60863640" lon="19.14696960"><ele>136.76</ele><time>1980-01-07T12:16:43.385Z</time></trkpt><trkpt lat="47.60863640" lon="19.14696960"><ele>136.76</ele><time>1980-01-07T12:16:43.585Z</time></trkpt><trkpt lat="47.60863640" lon="19.14696960"><ele>136.76</ele><time>1980-01-07T12:16:43.785Z</time></trkpt><trkpt lat="47.60863640" lon="19.14696950"><ele>136.76</ele><time>1980-01-07T12:16:43.985Z</time></trkpt><trkpt lat="47.60863640" lon="19.14696950"><ele>136.76</ele><time>1980-01-07T12:16:44.185Z</time></trkpt><trkpt lat="47.60863640" lon="19.14696950"><ele>136.76</ele><time>1980-01-07T12:16:44.385Z</time></trkpt><trkpt lat="47.60863640" lon="19.14696950"><ele>136.76</ele><time>1980-01-07T12:16:44.585Z</time></trkpt><trkpt lat="47.60863640" lon="19.14696960"><ele>136.76</ele><time>1980-01-07T12:16:44.785Z</time></trkpt><trkpt lat="47.60863640" lon="19.14696960"><ele>136.76</ele><time>1980-01-07T12:16:44.985Z</time></trkpt><trkpt lat="47.60863640" lon="19.14696960"><ele>136.76</ele><time>1980-01-07T12:16:45.185Z</time></trkpt><trkpt lat="47.60863640" lon="19.14696960"><ele>136.76</ele><time>1980-01-07T12:16:45.385Z</time></trkpt><trkpt lat="47.60863640" lon="19.14696960"><ele>136.76</ele><time>1980-01-07T12:16:45.595Z</time></trkpt><trkpt lat="47.60863640" lon="19.14696950"><ele>136.76</ele><time>1980-01-07T12:16:45.795Z</time></trkpt><trkpt lat="47.60863630" lon="19.14696950"><ele>136.76</ele><time>1980-01-07T12:16:45.995Z</time></trkpt><trkpt lat="47.60863630" lon="19.14696950"><ele>136.76</ele><time>1980-01-07T12:16:46.195Z</time></trkpt><trkpt lat="47.60863630" lon="19.14696950"><ele>136.76</ele><time>1980-01-07T12:16:46.395Z</time></trkpt><trkpt lat="47.60863630" lon="19.14696940"><ele>136.76</ele><time>1980-01-07T12:16:46.595Z</time></trkpt><trkpt lat="47.60863630" lon="19.14696940"><ele>136.76</ele><time>1980-01-07T12:16:46.795Z</time></trkpt><trkpt lat="47.60863630" lon="19.14696930"><ele>136.76</ele><time>1980-01-07T12:16:46.995Z</time></trkpt><trkpt lat="47.60863630" lon="19.14696930"><ele>136.76</ele><time>1980-01-07T12:16:47.195Z</time></trkpt><trkpt lat="47.60863630" lon="19.14696930"><ele>136.76</ele><time>1980-01-07T12:16:47.395Z</time></trkpt><trkpt lat="47.60863630" lon="19.14696930"><ele>136.76</ele><time>1980-01-07T12:16:47.595Z</time></trkpt><trkpt lat="47.60863630" lon="19.14696930"><ele>136.75</ele><time>1980-01-07T12:16:47.795Z</time></trkpt><trkpt lat="47.60863630" lon="19.14696930"><ele>136.76</ele><time>1980-01-07T12:16:47.995Z</time></trkpt><trkpt lat="47.60863630" lon="19.14696930"><ele>136.76</ele><time>1980-01-07T12:16:48.195Z</time></trkpt><trkpt lat="47.60863620" lon="19.14696930"><ele>136.76</ele><time>1980-01-07T12:16:48.395Z</time></trkpt><trkpt lat="47.60863620" lon="19.14696930"><ele>136.76</ele><time>1980-01-07T12:16:48.595Z</time></trkpt><trkpt lat="47.60863620" lon="19.14696940"><ele>136.76</ele><time>1980-01-07T12:16:48.795Z</time></trkpt><trkpt lat="47.60863620" lon="19.14696940"><ele>136.76</ele><time>1980-01-07T12:16:48.995Z</time></trkpt><trkpt lat="47.60863630" lon="19.14696940"><ele>136.76</ele><time>1980-01-07T12:16:49.195Z</time></trkpt><trkpt lat="47.60863630" lon="19.14696950"><ele>136.76</ele><time>1980-01-07T12:16:49.405Z</time></trkpt><trkpt lat="47.60863630" lon="19.14696950"><ele>136.76</ele><time>1980-01-07T12:16:49.605Z</time></trkpt><trkpt lat="47.60863630" lon="19.14696950"><ele>136.76</ele><time>1980-01-07T12:16:49.805Z</time></trkpt><trkpt lat="47.60863630" lon="19.14696950"><ele>136.76</ele><time>1980-01-07T12:16:50.002Z</time></trkpt><trkpt lat="47.60863630" lon="19.14696960"><ele>136.76</ele><time>1980-01-07T12:16:50.205Z</time></trkpt><trkpt lat="47.60863630" lon="19.14696970"><ele>136.76</ele><time>1980-01-07T12:16:50.405Z</time></trkpt><trkpt lat="47.60863630" lon="19.14696970"><ele>136.76</ele><time>1980-01-07T12:16:50.605Z</time></trkpt><trkpt lat="47.60863630" lon="19.14696970"><ele>136.77</ele><time>1980-01-07T12:16:50.805Z</time></trkpt><trkpt lat="47.60863630" lon="19.14696970"><ele>136.77</ele><time>1980-01-07T12:16:51.015Z</time></trkpt><trkpt lat="47.60863630" lon="19.14696970"><ele>136.77</ele><time>1980-01-07T12:16:51.215Z</time></trkpt><trkpt lat="47.60863630" lon="19.14696970"><ele>136.77</ele><time>1980-01-07T12:16:51.415Z</time></trkpt><trkpt lat="47.60863630" lon="19.14696970"><ele>136.78</ele><time>1980-01-07T12:16:51.615Z</time></trkpt><trkpt lat="47.60863630" lon="19.14696970"><ele>136.78</ele><time>1980-01-07T12:16:51.815Z</time></trkpt><trkpt lat="47.60863630" lon="19.14696970"><ele>136.78</ele><time>1980-01-07T12:16:52.015Z</time></trkpt><trkpt lat="47.60863630" lon="19.14696970"><ele>136.78</ele><time>1980-01-07T12:16:52.210Z</time></trkpt><trkpt lat="47.60863630" lon="19.14696970"><ele>136.78</ele><time>1980-01-07T12:16:52.412Z</time></trkpt><trkpt lat="47.60863630" lon="19.14696970"><ele>136.79</ele><time>1980-01-07T12:16:52.613Z</time></trkpt><trkpt lat="47.60863630" lon="19.14696970"><ele>136.79</ele><time>1980-01-07T12:16:52.806Z</time></trkpt><trkpt lat="47.60863640" lon="19.14696970"><ele>136.79</ele><time>1980-01-07T12:16:53.014Z</time></trkpt><trkpt lat="47.60863640" lon="19.14696970"><ele>136.79</ele><time>1980-01-07T12:16:53.215Z</time></trkpt><trkpt lat="47.60863640" lon="19.14696960"><ele>136.79</ele><time>1980-01-07T12:16:53.415Z</time></trkpt><trkpt lat="47.60863640" lon="19.14696960"><ele>136.79</ele><time>1980-01-07T12:16:53.615Z</time></trkpt><trkpt lat="47.60863640" lon="19.14696960"><ele>136.80</ele><time>1980-01-07T12:16:53.808Z</time></trkpt><trkpt lat="47.60863640" lon="19.14696960"><ele>136.80</ele><time>1980-01-07T12:16:54.015Z</time></trkpt><trkpt lat="47.60863640" lon="19.14696960"><ele>136.80</ele><time>1980-01-07T12:16:54.215Z</time></trkpt><trkpt lat="47.60863640" lon="19.14696950"><ele>136.80</ele><time>1980-01-07T12:16:54.415Z</time></trkpt><trkpt lat="47.60863630" lon="19.14696950"><ele>136.79</ele><time>1980-01-07T12:16:54.615Z</time></trkpt><trkpt lat="47.60863630" lon="19.14696950"><ele>136.79</ele><time>1980-01-07T12:16:54.811Z</time></trkpt><trkpt lat="47.60863630" lon="19.14696950"><ele>136.78</ele><time>1980-01-07T12:16:55.015Z</time></trkpt><trkpt lat="47.60863630" lon="19.14696940"><ele>136.78</ele><time>1980-01-07T12:16:55.215Z</time></trkpt><trkpt lat="47.60863630" lon="19.14696940"><ele>136.78</ele><time>1980-01-07T12:16:55.415Z</time></trkpt><trkpt lat="47.60863630" lon="19.14696940"><ele>136.78</ele><time>1980-01-07T12:16:55.615Z</time></trkpt><trkpt lat="47.60863630" lon="19.14696940"><ele>136.78</ele><time>1980-01-07T12:16:55.813Z</time></trkpt><trkpt lat="47.60863630" lon="19.14696940"><ele>136.78</ele><time>1980-01-07T12:16:56.015Z</time></trkpt><trkpt lat="47.60863630" lon="19.14696950"><ele>136.77</ele><time>1980-01-07T12:16:56.215Z</time></trkpt><trkpt lat="47.60863630" lon="19.14696940"><ele>136.77</ele><time>1980-01-07T12:16:56.415Z</time></trkpt><trkpt lat="47.60863630" lon="19.14696950"><ele>136.77</ele><time>1980-01-07T12:16:56.605Z</time></trkpt><trkpt lat="47.60863630" lon="19.14696950"><ele>136.76</ele><time>1980-01-07T12:16:56.805Z</time></trkpt><trkpt lat="47.60863630" lon="19.14696950"><ele>136.76</ele><time>1980-01-07T12:16:57.006Z</time></trkpt><trkpt lat="47.60863630" lon="19.14696950"><ele>136.76</ele><time>1980-01-07T12:16:57.207Z</time></trkpt><trkpt lat="47.60863630" lon="19.14696950"><ele>136.75</ele><time>1980-01-07T12:16:57.406Z</time></trkpt><trkpt lat="47.60863630" lon="19.14696950"><ele>136.75</ele><time>1980-01-07T12:16:57.607Z</time></trkpt><trkpt lat="47.60863640" lon="19.14696960"><ele>136.75</ele><time>1980-01-07T12:16:57.807Z</time></trkpt><trkpt lat="47.60863640" lon="19.14696960"><ele>136.75</ele><time>1980-01-07T12:16:58.008Z</time></trkpt><trkpt lat="47.60863650" lon="19.14696960"><ele>136.75</ele><time>1980-01-07T12:16:58.210Z</time></trkpt><trkpt lat="47.60863650" lon="19.14696960"><ele>136.75</ele><time>1980-01-07T12:16:58.409Z</time></trkpt><trkpt lat="47.60863650" lon="19.14696970"><ele>136.75</ele><time>1980-01-07T12:16:58.609Z</time></trkpt><trkpt lat="47.60863660" lon="19.14696970"><ele>136.75</ele><time>1980-01-07T12:16:58.811Z</time></trkpt><trkpt lat="47.60863660" lon="19.14696970"><ele>136.75</ele><time>1980-01-07T12:16:59.010Z</time></trkpt><trkpt lat="47.60863660" lon="19.14696970"><ele>136.75</ele><time>1980-01-07T12:16:59.215Z</time></trkpt><trkpt lat="47.60863650" lon="19.14696970"><ele>136.75</ele><time>1980-01-07T12:16:59.415Z</time></trkpt><trkpt lat="47.60863650" lon="19.14696970"><ele>136.75</ele><time>1980-01-07T12:16:59.615Z</time></trkpt><trkpt lat="47.60863650" lon="19.14696970"><ele>136.76</ele><time>1980-01-07T12:16:59.815Z</time></trkpt><trkpt lat="47.60863650" lon="19.14696970"><ele>136.76</ele><time>1980-01-07T12:17:00.015Z</time></trkpt><trkpt lat="47.60863650" lon="19.14696960"><ele>136.76</ele><time>1980-01-07T12:17:00.215Z</time></trkpt><trkpt lat="47.60863640" lon="19.14696950"><ele>136.76</ele><time>1980-01-07T12:17:00.415Z</time></trkpt><trkpt lat="47.60863650" lon="19.14696940"><ele>136.76</ele><time>1980-01-07T12:17:00.615Z</time></trkpt><trkpt lat="47.60863650" lon="19.14696940"><ele>136.76</ele><time>1980-01-07T12:17:00.815Z</time></trkpt><trkpt lat="47.60863650" lon="19.14696940"><ele>136.75</ele><time>1980-01-07T12:17:01.015Z</time></trkpt><trkpt lat="47.60863650" lon="19.14696940"><ele>136.75</ele><time>1980-01-07T12:17:01.215Z</time></trkpt><trkpt lat="47.60863660" lon="19.14696940"><ele>136.75</ele><time>1980-01-07T12:17:01.415Z</time></trkpt><trkpt lat="47.60863660" lon="19.14696930"><ele>136.75</ele><time>1980-01-07T12:17:01.615Z</time></trkpt><trkpt lat="47.60863660" lon="19.14696930"><ele>136.75</ele><time>1980-01-07T12:17:01.815Z</time></trkpt><trkpt lat="47.60863660" lon="19.14696930"><ele>136.75</ele><time>1980-01-07T12:17:02.016Z</time></trkpt><trkpt lat="47.60863660" lon="19.14696920"><ele>136.75</ele><time>1980-01-07T12:17:02.207Z</time></trkpt><trkpt lat="47.60863650" lon="19.14696920"><ele>136.75</ele><time>1980-01-07T12:17:02.409Z</time></trkpt><trkpt lat="47.60863650" lon="19.14696920"><ele>136.74</ele><time>1980-01-07T12:17:02.608Z</time></trkpt><trkpt lat="47.60863650" lon="19.14696920"><ele>136.75</ele><time>1980-01-07T12:17:02.808Z</time></trkpt><trkpt lat="47.60863660" lon="19.14696920"><ele>136.75</ele><time>1980-01-07T12:17:03.008Z</time></trkpt><trkpt lat="47.60863660" lon="19.14696920"><ele>136.74</ele><time>1980-01-07T12:17:03.211Z</time></trkpt><trkpt lat="47.60863660" lon="19.14696930"><ele>136.75</ele><time>1980-01-07T12:17:03.412Z</time></trkpt><trkpt lat="47.60863670" lon="19.14696930"><ele>136.75</ele><time>1980-01-07T12:17:03.612Z</time></trkpt><trkpt lat="47.60863670" lon="19.14696930"><ele>136.75</ele><time>1980-01-07T12:17:03.813Z</time></trkpt><trkpt lat="47.60863670" lon="19.14696930"><ele>136.75</ele><time>1980-01-07T12:17:04.013Z</time></trkpt><trkpt lat="47.60863670" lon="19.14696930"><ele>136.75</ele><time>1980-01-07T12:17:04.214Z</time></trkpt><trkpt lat="47.60863660" lon="19.14696930"><ele>136.75</ele><time>1980-01-07T12:17:04.414Z</time></trkpt><trkpt lat="47.60863660" lon="19.14696930"><ele>136.75</ele><time>1980-01-07T12:17:04.615Z</time></trkpt><trkpt lat="47.60863660" lon="19.14696940"><ele>136.75</ele><time>1980-01-07T12:17:04.815Z</time></trkpt><trkpt lat="47.60863660" lon="19.14696940"><ele>136.75</ele><time>1980-01-07T12:17:05.015Z</time></trkpt><trkpt lat="47.60863660" lon="19.14696930"><ele>136.75</ele><time>1980-01-07T12:17:05.215Z</time></trkpt><trkpt lat="47.60863660" lon="19.14696930"><ele>136.75</ele><time>1980-01-07T12:17:05.415Z</time></trkpt><trkpt lat="47.60863660" lon="19.14696930"><ele>136.75</ele><time>1980-01-07T12:17:05.615Z</time></trkpt><trkpt lat="47.60863660" lon="19.14696940"><ele>136.75</ele><time>1980-01-07T12:17:05.815Z</time></trkpt><trkpt lat="47.60863660" lon="19.14696940"><ele>136.75</ele><time>1980-01-07T12:17:06.015Z</time></trkpt><trkpt lat="47.60863670" lon="19.14696940"><ele>136.74</ele><time>1980-01-07T12:17:06.215Z</time></trkpt><trkpt lat="47.60863670" lon="19.14696940"><ele>136.75</ele><time>1980-01-07T12:17:06.415Z</time></trkpt><trkpt lat="47.60863670" lon="19.14696940"><ele>136.75</ele><time>1980-01-07T12:17:06.615Z</time></trkpt><trkpt lat="47.60863670" lon="19.14696950"><ele>136.75</ele><time>1980-01-07T12:17:06.815Z</time></trkpt><trkpt lat="47.60863670" lon="19.14696950"><ele>136.76</ele><time>1980-01-07T12:17:07.015Z</time></trkpt><trkpt lat="47.60863670" lon="19.14696950"><ele>136.76</ele><time>1980-01-07T12:17:07.225Z</time></trkpt><trkpt lat="47.60863670" lon="19.14696950"><ele>136.76</ele><time>1980-01-07T12:17:07.425Z</time></trkpt><trkpt lat="47.60863680" lon="19.14696950"><ele>136.76</ele><time>1980-01-07T12:17:07.625Z</time></trkpt><trkpt lat="47.60863670" lon="19.14696960"><ele>136.76</ele><time>1980-01-07T12:17:07.825Z</time></trkpt><trkpt lat="47.60863680" lon="19.14696960"><ele>136.76</ele><time>1980-01-07T12:17:08.025Z</time></trkpt><trkpt lat="47.60863680" lon="19.14696950"><ele>136.77</ele><time>1980-01-07T12:17:08.235Z</time></trkpt><trkpt lat="47.60863680" lon="19.14696950"><ele>136.77</ele><time>1980-01-07T12:17:08.435Z</time></trkpt><trkpt lat="47.60863680" lon="19.14696950"><ele>136.78</ele><time>1980-01-07T12:17:08.635Z</time></trkpt><trkpt lat="47.60863680" lon="19.14696950"><ele>136.79</ele><time>1980-01-07T12:17:08.835Z</time></trkpt><trkpt lat="47.60863680" lon="19.14696950"><ele>136.79</ele><time>1980-01-07T12:17:09.035Z</time></trkpt><trkpt lat="47.60863680" lon="19.14696950"><ele>136.80</ele><time>1980-01-07T12:17:09.235Z</time></trkpt><trkpt lat="47.60863680" lon="19.14696950"><ele>136.80</ele><time>1980-01-07T12:17:09.435Z</time></trkpt><trkpt lat="47.60863680" lon="19.14696950"><ele>136.80</ele><time>1980-01-07T12:17:09.644Z</time></trkpt><trkpt lat="47.60863670" lon="19.14696940"><ele>136.81</ele><time>1980-01-07T12:17:09.845Z</time></trkpt><trkpt lat="47.60863670" lon="19.14696940"><ele>136.81</ele><time>1980-01-07T12:17:10.035Z</time></trkpt><trkpt lat="47.60863660" lon="19.14696930"><ele>136.80</ele><time>1980-01-07T12:17:10.245Z</time></trkpt><trkpt lat="47.60863660" lon="19.14696920"><ele>136.80</ele><time>1980-01-07T12:17:10.446Z</time></trkpt><trkpt lat="47.60863660" lon="19.14696920"><ele>136.80</ele><time>1980-01-07T12:17:10.645Z</time></trkpt><trkpt lat="47.60863660" lon="19.14696920"><ele>136.79</ele><time>1980-01-07T12:17:10.845Z</time></trkpt><trkpt lat="47.60863660" lon="19.14696910"><ele>136.79</ele><time>1980-01-07T12:17:11.035Z</time></trkpt><trkpt lat="47.60863660" lon="19.14696910"><ele>136.78</ele><time>1980-01-07T12:17:11.245Z</time></trkpt><trkpt lat="47.60863660" lon="19.14696910"><ele>136.78</ele><time>1980-01-07T12:17:11.445Z</time></trkpt><trkpt lat="47.60863660" lon="19.14696910"><ele>136.78</ele><time>1980-01-07T12:17:11.635Z</time></trkpt><trkpt lat="47.60863660" lon="19.14696910"><ele>136.78</ele><time>1980-01-07T12:17:11.845Z</time></trkpt><trkpt lat="47.60863650" lon="19.14696920"><ele>136.78</ele><time>1980-01-07T12:17:12.039Z</time></trkpt><trkpt lat="47.60863650" lon="19.14696920"><ele>136.77</ele><time>1980-01-07T12:17:12.245Z</time></trkpt><trkpt lat="47.60863650" lon="19.14696920"><ele>136.77</ele><time>1980-01-07T12:17:12.453Z</time></trkpt><trkpt lat="47.60863650" lon="19.14696930"><ele>136.77</ele><time>1980-01-07T12:17:12.655Z</time></trkpt><trkpt lat="47.60863650" lon="19.14696930"><ele>136.77</ele><time>1980-01-07T12:17:12.855Z</time></trkpt><trkpt lat="47.60863650" lon="19.14696930"><ele>136.77</ele><time>1980-01-07T12:17:13.055Z</time></trkpt><trkpt lat="47.60863650" lon="19.14696920"><ele>136.77</ele><time>1980-01-07T12:17:13.255Z</time></trkpt><trkpt lat="47.60863660" lon="19.14696910"><ele>136.78</ele><time>1980-01-07T12:17:13.455Z</time></trkpt><trkpt lat="47.60863660" lon="19.14696910"><ele>136.78</ele><time>1980-01-07T12:17:13.655Z</time></trkpt><trkpt lat="47.60863660" lon="19.14696900"><ele>136.78</ele><time>1980-01-07T12:17:13.855Z</time></trkpt><trkpt lat="47.60863660" lon="19.14696900"><ele>136.78</ele><time>1980-01-07T12:17:14.055Z</time></trkpt><trkpt lat="47.60863660" lon="19.14696900"><ele>136.77</ele><time>1980-01-07T12:17:14.255Z</time></trkpt><trkpt lat="47.60863660" lon="19.14696900"><ele>136.77</ele><time>1980-01-07T12:17:14.455Z</time></trkpt><trkpt lat="47.60863660" lon="19.14696910"><ele>136.77</ele><time>1980-01-07T12:17:14.665Z</time></trkpt><trkpt lat="47.60863650" lon="19.14696910"><ele>136.78</ele><time>1980-01-07T12:17:14.865Z</time></trkpt><trkpt lat="47.60863650" lon="19.14696900"><ele>136.78</ele><time>1980-01-07T12:17:15.061Z</time></trkpt><trkpt lat="47.60863650" lon="19.14696900"><ele>136.77</ele><time>1980-01-07T12:17:15.265Z</time></trkpt><trkpt lat="47.60863650" lon="19.14696900"><ele>136.76</ele><time>1980-01-07T12:17:15.461Z</time></trkpt><trkpt lat="47.60863650" lon="19.14696900"><ele>136.76</ele><time>1980-01-07T12:17:15.665Z</time></trkpt><trkpt lat="47.60863650" lon="19.14696900"><ele>136.76</ele><time>1980-01-07T12:17:15.875Z</time></trkpt><trkpt lat="47.60863650" lon="19.14696900"><ele>136.76</ele><time>1980-01-07T12:17:16.066Z</time></trkpt><trkpt lat="47.60863660" lon="19.14696890"><ele>136.76</ele><time>1980-01-07T12:17:16.267Z</time></trkpt><trkpt lat="47.60863660" lon="19.14696890"><ele>136.75</ele><time>1980-01-07T12:17:16.469Z</time></trkpt><trkpt lat="47.60863660" lon="19.14696890"><ele>136.75</ele><time>1980-01-07T12:17:16.669Z</time></trkpt><trkpt lat="47.60863670" lon="19.14696900"><ele>136.75</ele><time>1980-01-07T12:17:16.870Z</time></trkpt><trkpt lat="47.60863670" lon="19.14696900"><ele>136.75</ele><time>1980-01-07T12:17:17.066Z</time></trkpt><trkpt lat="47.60863670" lon="19.14696910"><ele>136.74</ele><time>1980-01-07T12:17:17.274Z</time></trkpt><trkpt lat="47.60863660" lon="19.14696900"><ele>136.74</ele><time>1980-01-07T12:17:17.475Z</time></trkpt><trkpt lat="47.60863660" lon="19.14696900"><ele>136.74</ele><time>1980-01-07T12:17:17.675Z</time></trkpt><trkpt lat="47.60863660" lon="19.14696900"><ele>136.74</ele><time>1980-01-07T12:17:17.875Z</time></trkpt><trkpt lat="47.60863650" lon="19.14696900"><ele>136.74</ele><time>1980-01-07T12:17:18.075Z</time></trkpt><trkpt lat="47.60863650" lon="19.14696890"><ele>136.74</ele><time>1980-01-07T12:17:18.275Z</time></trkpt><trkpt lat="47.60863650" lon="19.14696890"><ele>136.74</ele><time>1980-01-07T12:17:18.475Z</time></trkpt><trkpt lat="47.60863650" lon="19.14696900"><ele>136.74</ele><time>1980-01-07T12:17:18.675Z</time></trkpt><trkpt lat="47.60863650" lon="19.14696900"><ele>136.74</ele><time>1980-01-07T12:17:18.885Z</time></trkpt><trkpt lat="47.60863650" lon="19.14696900"><ele>136.74</ele><time>1980-01-07T12:17:19.085Z</time></trkpt><trkpt lat="47.60863650" lon="19.14696900"><ele>136.75</ele><time>1980-01-07T12:17:19.285Z</time></trkpt><trkpt lat="47.60863640" lon="19.14696900"><ele>136.75</ele><time>1980-01-07T12:17:19.485Z</time></trkpt><trkpt lat="47.60863640" lon="19.14696900"><ele>136.75</ele><time>1980-01-07T12:17:19.685Z</time></trkpt><trkpt lat="47.60863640" lon="19.14696900"><ele>136.75</ele><time>1980-01-07T12:17:19.885Z</time></trkpt><trkpt lat="47.60863640" lon="19.14696900"><ele>136.75</ele><time>1980-01-07T12:17:20.092Z</time></trkpt><trkpt lat="47.60863640" lon="19.14696900"><ele>136.75</ele><time>1980-01-07T12:17:20.294Z</time></trkpt><trkpt lat="47.60863640" lon="19.14696910"><ele>136.75</ele><time>1980-01-07T12:17:20.496Z</time></trkpt><trkpt lat="47.60863640" lon="19.14696910"><ele>136.75</ele><time>1980-01-07T12:17:20.695Z</time></trkpt><trkpt lat="47.60863640" lon="19.14696910"><ele>136.74</ele><time>1980-01-07T12:17:20.895Z</time></trkpt><trkpt lat="47.60863640" lon="19.14696910"><ele>136.74</ele><time>1980-01-07T12:17:21.095Z</time></trkpt><trkpt lat="47.60863640" lon="19.14696910"><ele>136.74</ele><time>1980-01-07T12:17:21.295Z</time></trkpt><trkpt lat="47.60863640" lon="19.14696910"><ele>136.74</ele><time>1980-01-07T12:17:21.495Z</time></trkpt><trkpt lat="47.60863640" lon="19.14696910"><ele>136.73</ele><time>1980-01-07T12:17:21.695Z</time></trkpt><trkpt lat="47.60863640" lon="19.14696910"><ele>136.73</ele><time>1980-01-07T12:17:21.895Z</time></trkpt><trkpt lat="47.60863640" lon="19.14696910"><ele>136.73</ele><time>1980-01-07T12:17:22.095Z</time></trkpt><trkpt lat="47.60863640" lon="19.14696910"><ele>136.74</ele><time>1980-01-07T12:17:22.295Z</time></trkpt><trkpt lat="47.60863630" lon="19.14696910"><ele>136.73</ele><time>1980-01-07T12:17:22.495Z</time></trkpt><trkpt lat="47.60863630" lon="19.14696920"><ele>136.73</ele><time>1980-01-07T12:17:22.695Z</time></trkpt><trkpt lat="47.60863630" lon="19.14696920"><ele>136.73</ele><time>1980-01-07T12:17:22.895Z</time></trkpt><trkpt lat="47.60863630" lon="19.14696930"><ele>136.73</ele><time>1980-01-07T12:17:23.095Z</time></trkpt><trkpt lat="47.60863630" lon="19.14696930"><ele>136.73</ele><time>1980-01-07T12:17:23.295Z</time></trkpt><trkpt lat="47.60863630" lon="19.14696930"><ele>136.73</ele><time>1980-01-07T12:17:23.503Z</time></trkpt><trkpt lat="47.60863630" lon="19.14696940"><ele>136.74</ele><time>1980-01-07T12:17:23.703Z</time></trkpt><trkpt lat="47.60863640" lon="19.14696940"><ele>136.74</ele><time>1980-01-07T12:17:23.904Z</time></trkpt><trkpt lat="47.60863640" lon="19.14696950"><ele>136.74</ele><time>1980-01-07T12:17:24.104Z</time></trkpt><trkpt lat="47.60863640" lon="19.14696950"><ele>136.74</ele><time>1980-01-07T12:17:24.305Z</time></trkpt><trkpt lat="47.60863640" lon="19.14696950"><ele>136.74</ele><time>1980-01-07T12:17:24.505Z</time></trkpt><trkpt lat="47.60863640" lon="19.14696950"><ele>136.74</ele><time>1980-01-07T12:17:24.705Z</time></trkpt><trkpt lat="47.60863640" lon="19.14696960"><ele>136.74</ele><time>1980-01-07T12:17:24.905Z</time></trkpt><trkpt lat="47.60863640" lon="19.14696950"><ele>136.73</ele><time>1980-01-07T12:17:25.105Z</time></trkpt><trkpt lat="47.60863640" lon="19.14696950"><ele>136.73</ele><time>1980-01-07T12:17:25.305Z</time></trkpt><trkpt lat="47.60863640" lon="19.14696950"><ele>136.73</ele><time>1980-01-07T12:17:25.505Z</time></trkpt><trkpt lat="47.60863640" lon="19.14696940"><ele>136.73</ele><time>1980-01-07T12:17:25.705Z</time></trkpt><trkpt lat="47.60863650" lon="19.14696940"><ele>136.72</ele><time>1980-01-07T12:17:25.905Z</time></trkpt><trkpt lat="47.60863650" lon="19.14696940"><ele>136.72</ele><time>1980-01-07T12:17:26.105Z</time></trkpt><trkpt lat="47.60863640" lon="19.14696940"><ele>136.72</ele><time>1980-01-07T12:17:26.314Z</time></trkpt><trkpt lat="47.60863640" lon="19.14696940"><ele>136.72</ele><time>1980-01-07T12:17:26.515Z</time></trkpt><trkpt lat="47.60863640" lon="19.14696940"><ele>136.72</ele><time>1980-01-07T12:17:26.715Z</time></trkpt><trkpt lat="47.60863650" lon="19.14696940"><ele>136.71</ele><time>1980-01-07T12:17:26.915Z</time></trkpt><trkpt lat="47.60863650" lon="19.14696940"><ele>136.71</ele><time>1980-01-07T12:17:27.115Z</time></trkpt><trkpt lat="47.60863650" lon="19.14696940"><ele>136.71</ele><time>1980-01-07T12:17:27.315Z</time></trkpt><trkpt lat="47.60863640" lon="19.14696940"><ele>136.71</ele><time>1980-01-07T12:17:27.515Z</time></trkpt><trkpt lat="47.60863640" lon="19.14696930"><ele>136.71</ele><time>1980-01-07T12:17:27.715Z</time></trkpt><trkpt lat="47.60863640" lon="19.14696930"><ele>136.72</ele><time>1980-01-07T12:17:27.915Z</time></trkpt><trkpt lat="47.60863640" lon="19.14696930"><ele>136.72</ele><time>1980-01-07T12:17:28.115Z</time></trkpt><trkpt lat="47.60863640" lon="19.14696930"><ele>136.71</ele><time>1980-01-07T12:17:28.315Z</time></trkpt><trkpt lat="47.60863640" lon="19.14696930"><ele>136.71</ele><time>1980-01-07T12:17:28.515Z</time></trkpt><trkpt lat="47.60863640" lon="19.14696930"><ele>136.71</ele><time>1980-01-07T12:17:28.715Z</time></trkpt><trkpt lat="47.60863640" lon="19.14696930"><ele>136.71</ele><time>1980-01-07T12:17:28.915Z</time></trkpt><trkpt lat="47.60863640" lon="19.14696940"><ele>136.71</ele><time>1980-01-07T12:17:29.123Z</time></trkpt><trkpt lat="47.60863640" lon="19.14696940"><ele>136.71</ele><time>1980-01-07T12:17:29.324Z</time></trkpt><trkpt lat="47.60863640" lon="19.14696940"><ele>136.71</ele><time>1980-01-07T12:17:29.525Z</time></trkpt><trkpt lat="47.60863640" lon="19.14696930"><ele>136.71</ele><time>1980-01-07T12:17:29.724Z</time></trkpt><trkpt lat="47.60863640" lon="19.14696930"><ele>136.72</ele><time>1980-01-07T12:17:29.925Z</time></trkpt><trkpt lat="47.60863640" lon="19.14696920"><ele>136.72</ele><time>1980-01-07T12:17:30.125Z</time></trkpt><trkpt lat="47.60863640" lon="19.14696910"><ele>136.73</ele><time>1980-01-07T12:17:30.325Z</time></trkpt><trkpt lat="47.60863640" lon="19.14696910"><ele>136.73</ele><time>1980-01-07T12:17:30.525Z</time></trkpt><trkpt lat="47.60863640" lon="19.14696900"><ele>136.73</ele><time>1980-01-07T12:17:30.725Z</time></trkpt><trkpt lat="47.60863650" lon="19.14696900"><ele>136.74</ele><time>1980-01-07T12:17:30.915Z</time></trkpt><trkpt lat="47.60863650" lon="19.14696890"><ele>136.74</ele><time>1980-01-07T12:17:31.116Z</time></trkpt><trkpt lat="47.60863650" lon="19.14696890"><ele>136.75</ele><time>1980-01-07T12:17:31.315Z</time></trkpt><trkpt lat="47.60863660" lon="19.14696880"><ele>136.75</ele><time>1980-01-07T12:17:31.515Z</time></trkpt><trkpt lat="47.60863660" lon="19.14696870"><ele>136.75</ele><time>1980-01-07T12:17:31.716Z</time></trkpt><trkpt lat="47.60863650" lon="19.14696860"><ele>136.76</ele><time>1980-01-07T12:17:31.917Z</time></trkpt><trkpt lat="47.60863650" lon="19.14696850"><ele>136.76</ele><time>1980-01-07T12:17:32.120Z</time></trkpt><trkpt lat="47.60863650" lon="19.14696850"><ele>136.76</ele><time>1980-01-07T12:17:32.325Z</time></trkpt><trkpt lat="47.60863650" lon="19.14696860"><ele>136.76</ele><time>1980-01-07T12:17:32.525Z</time></trkpt><trkpt lat="47.60863650" lon="19.14696860"><ele>136.75</ele><time>1980-01-07T12:17:32.725Z</time></trkpt><trkpt lat="47.60863650" lon="19.14696870"><ele>136.75</ele><time>1980-01-07T12:17:32.925Z</time></trkpt><trkpt lat="47.60863640" lon="19.14696870"><ele>136.74</ele><time>1980-01-07T12:17:33.125Z</time></trkpt><trkpt lat="47.60863640" lon="19.14696870"><ele>136.74</ele><time>1980-01-07T12:17:33.325Z</time></trkpt><trkpt lat="47.60863640" lon="19.14696880"><ele>136.73</ele><time>1980-01-07T12:17:33.525Z</time></trkpt><trkpt lat="47.60863640" lon="19.14696880"><ele>136.73</ele><time>1980-01-07T12:17:33.725Z</time></trkpt><trkpt lat="47.60863640" lon="19.14696880"><ele>136.73</ele><time>1980-01-07T12:17:33.925Z</time></trkpt><trkpt lat="47.60863640" lon="19.14696890"><ele>136.73</ele><time>1980-01-07T12:17:34.125Z</time></trkpt><trkpt lat="47.60863640" lon="19.14696890"><ele>136.73</ele><time>1980-01-07T12:17:34.335Z</time></trkpt><trkpt lat="47.60863640" lon="19.14696890"><ele>136.73</ele><time>1980-01-07T12:17:34.535Z</time></trkpt><trkpt lat="47.60863640" lon="19.14696890"><ele>136.72</ele><time>1980-01-07T12:17:34.735Z</time></trkpt><trkpt lat="47.60863640" lon="19.14696900"><ele>136.72</ele><time>1980-01-07T12:17:34.935Z</time></trkpt><trkpt lat="47.60863640" lon="19.14696900"><ele>136.72</ele><time>1980-01-07T12:17:35.135Z</time></trkpt><trkpt lat="47.60863650" lon="19.14696900"><ele>136.72</ele><time>1980-01-07T12:17:35.344Z</time></trkpt><trkpt lat="47.60863650" lon="19.14696900"><ele>136.72</ele><time>1980-01-07T12:17:35.544Z</time></trkpt><trkpt lat="47.60863650" lon="19.14696910"><ele>136.72</ele><time>1980-01-07T12:17:35.744Z</time></trkpt><trkpt lat="47.60863640" lon="19.14696900"><ele>136.72</ele><time>1980-01-07T12:17:35.944Z</time></trkpt><trkpt lat="47.60863640" lon="19.14696900"><ele>136.73</ele><time>1980-01-07T12:17:36.144Z</time></trkpt><trkpt lat="47.60863640" lon="19.14696900"><ele>136.73</ele><time>1980-01-07T12:17:36.345Z</time></trkpt><trkpt lat="47.60863640" lon="19.14696900"><ele>136.72</ele><time>1980-01-07T12:17:36.545Z</time></trkpt><trkpt lat="47.60863630" lon="19.14696900"><ele>136.72</ele><time>1980-01-07T12:17:36.745Z</time></trkpt><trkpt lat="47.60863630" lon="19.14696900"><ele>136.72</ele><time>1980-01-07T12:17:36.945Z</time></trkpt><trkpt lat="47.60863630" lon="19.14696890"><ele>136.72</ele><time>1980-01-07T12:17:37.145Z</time></trkpt><trkpt lat="47.60863640" lon="19.14696880"><ele>136.73</ele><time>1980-01-07T12:17:37.345Z</time></trkpt><trkpt lat="47.60863640" lon="19.14696880"><ele>136.73</ele><time>1980-01-07T12:17:37.545Z</time></trkpt><trkpt lat="47.60863640" lon="19.14696870"><ele>136.73</ele><time>1980-01-07T12:17:37.745Z</time></trkpt><trkpt lat="47.60863640" lon="19.14696870"><ele>136.73</ele><time>1980-01-07T12:17:37.945Z</time></trkpt><trkpt lat="47.60863640" lon="19.14696860"><ele>136.73</ele><time>1980-01-07T12:17:38.145Z</time></trkpt><trkpt lat="47.60863640" lon="19.14696860"><ele>136.73</ele><time>1980-01-07T12:17:38.345Z</time></trkpt><trkpt lat="47.60863640" lon="19.14696860"><ele>136.72</ele><time>1980-01-07T12:17:38.555Z</time></trkpt><trkpt lat="47.60863640" lon="19.14696850"><ele>136.73</ele><time>1980-01-07T12:17:38.755Z</time></trkpt><trkpt lat="47.60863630" lon="19.14696850"><ele>136.72</ele><time>1980-01-07T12:17:38.955Z</time></trkpt><trkpt lat="47.60863630" lon="19.14696850"><ele>136.72</ele><time>1980-01-07T12:17:39.155Z</time></trkpt><trkpt lat="47.60863640" lon="19.14696850"><ele>136.72</ele><time>1980-01-07T12:17:39.355Z</time></trkpt><trkpt lat="47.60863640" lon="19.14696850"><ele>136.71</ele><time>1980-01-07T12:17:39.555Z</time></trkpt><trkpt lat="47.60863630" lon="19.14696840"><ele>136.71</ele><time>1980-01-07T12:17:39.755Z</time></trkpt><trkpt lat="47.60863630" lon="19.14696840"><ele>136.71</ele><time>1980-01-07T12:17:39.955Z</time></trkpt><trkpt lat="47.60863630" lon="19.14696840"><ele>136.71</ele><time>1980-01-07T12:17:40.155Z</time></trkpt><trkpt lat="47.60863640" lon="19.14696850"><ele>136.71</ele><time>1980-01-07T12:17:40.364Z</time></trkpt><trkpt lat="47.60863640" lon="19.14696850"><ele>136.71</ele><time>1980-01-07T12:17:40.565Z</time></trkpt><trkpt lat="47.60863640" lon="19.14696840"><ele>136.71</ele><time>1980-01-07T12:17:40.765Z</time></trkpt><trkpt lat="47.60863640" lon="19.14696840"><ele>136.71</ele><time>1980-01-07T12:17:40.965Z</time></trkpt><trkpt lat="47.60863640" lon="19.14696840"><ele>136.71</ele><time>1980-01-07T12:17:41.165Z</time></trkpt><trkpt lat="47.60863640" lon="19.14696840"><ele>136.70</ele><time>1980-01-07T12:17:41.365Z</time></trkpt><trkpt lat="47.60863640" lon="19.14696840"><ele>136.70</ele><time>1980-01-07T12:17:41.565Z</time></trkpt><trkpt lat="47.60863640" lon="19.14696840"><ele>136.70</ele><time>1980-01-07T12:17:41.774Z</time></trkpt><trkpt lat="47.60863640" lon="19.14696840"><ele>136.70</ele><time>1980-01-07T12:17:41.976Z</time></trkpt><trkpt lat="47.60863640" lon="19.14696840"><ele>136.70</ele><time>1980-01-07T12:17:42.175Z</time></trkpt><trkpt lat="47.60863640" lon="19.14696840"><ele>136.70</ele><time>1980-01-07T12:17:42.375Z</time></trkpt><trkpt lat="47.60863640" lon="19.14696830"><ele>136.70</ele><time>1980-01-07T12:17:42.575Z</time></trkpt><trkpt lat="47.60863640" lon="19.14696830"><ele>136.70</ele><time>1980-01-07T12:17:42.781Z</time></trkpt><trkpt lat="47.60863640" lon="19.14696830"><ele>136.70</ele><time>1980-01-07T12:17:42.982Z</time></trkpt><trkpt lat="47.60863640" lon="19.14696820"><ele>136.71</ele><time>1980-01-07T12:17:43.184Z</time></trkpt><trkpt lat="47.60863640" lon="19.14696820"><ele>136.71</ele><time>1980-01-07T12:17:43.385Z</time></trkpt><trkpt lat="47.60863640" lon="19.14696820"><ele>136.71</ele><time>1980-01-07T12:17:43.585Z</time></trkpt><trkpt lat="47.60863640" lon="19.14696820"><ele>136.71</ele><time>1980-01-07T12:17:43.782Z</time></trkpt><trkpt lat="47.60863640" lon="19.14696820"><ele>136.71</ele><time>1980-01-07T12:17:43.985Z</time></trkpt><trkpt lat="47.60863640" lon="19.14696830"><ele>136.70</ele><time>1980-01-07T12:17:44.185Z</time></trkpt><trkpt lat="47.60863640" lon="19.14696830"><ele>136.70</ele><time>1980-01-07T12:17:44.385Z</time></trkpt><trkpt lat="47.60863650" lon="19.14696830"><ele>136.70</ele><time>1980-01-07T12:17:44.585Z</time></trkpt><trkpt lat="47.60863650" lon="19.14696840"><ele>136.71</ele><time>1980-01-07T12:17:44.783Z</time></trkpt><trkpt lat="47.60863650" lon="19.14696840"><ele>136.71</ele><time>1980-01-07T12:17:44.981Z</time></trkpt><trkpt lat="47.60863650" lon="19.14696840"><ele>136.71</ele><time>1980-01-07T12:17:45.184Z</time></trkpt><trkpt lat="47.60863650" lon="19.14696840"><ele>136.71</ele><time>1980-01-07T12:17:45.385Z</time></trkpt><trkpt lat="47.60863650" lon="19.14696840"><ele>136.70</ele><time>1980-01-07T12:17:45.585Z</time></trkpt><trkpt lat="47.60863650" lon="19.14696850"><ele>136.70</ele><time>1980-01-07T12:17:45.785Z</time></trkpt><trkpt lat="47.60863650" lon="19.14696850"><ele>136.69</ele><time>1980-01-07T12:17:45.986Z</time></trkpt><trkpt lat="47.60863650" lon="19.14696850"><ele>136.69</ele><time>1980-01-07T12:17:46.185Z</time></trkpt><trkpt lat="47.60863650" lon="19.14696840"><ele>136.68</ele><time>1980-01-07T12:17:46.385Z</time></trkpt><trkpt lat="47.60863650" lon="19.14696840"><ele>136.68</ele><time>1980-01-07T12:17:46.585Z</time></trkpt><trkpt lat="47.60863650" lon="19.14696840"><ele>136.68</ele><time>1980-01-07T12:17:46.785Z</time></trkpt><trkpt lat="47.60863650" lon="19.14696840"><ele>136.68</ele><time>1980-01-07T12:17:46.985Z</time></trkpt><trkpt lat="47.60863650" lon="19.14696840"><ele>136.68</ele><time>1980-01-07T12:17:47.185Z</time></trkpt><trkpt lat="47.60863650" lon="19.14696840"><ele>136.68</ele><time>1980-01-07T12:17:47.385Z</time></trkpt><trkpt lat="47.60863650" lon="19.14696840"><ele>136.68</ele><time>1980-01-07T12:17:47.585Z</time></trkpt><trkpt lat="47.60863650" lon="19.14696840"><ele>136.68</ele><time>1980-01-07T12:17:47.785Z</time></trkpt><trkpt lat="47.60863650" lon="19.14696840"><ele>136.68</ele><time>1980-01-07T12:17:47.985Z</time></trkpt><trkpt lat="47.60863650" lon="19.14696830"><ele>136.68</ele><time>1980-01-07T12:17:48.185Z</time></trkpt><trkpt lat="47.60863650" lon="19.14696840"><ele>136.68</ele><time>1980-01-07T12:17:48.385Z</time></trkpt><trkpt lat="47.60863650" lon="19.14696840"><ele>136.68</ele><time>1980-01-07T12:17:48.585Z</time></trkpt><trkpt lat="47.60863650" lon="19.14696840"><ele>136.68</ele><time>1980-01-07T12:17:48.785Z</time></trkpt><trkpt lat="47.60863650" lon="19.14696840"><ele>136.68</ele><time>1980-01-07T12:17:48.985Z</time></trkpt><trkpt lat="47.60863650" lon="19.14696840"><ele>136.67</ele><time>1980-01-07T12:17:49.185Z</time></trkpt><trkpt lat="47.60863650" lon="19.14696840"><ele>136.66</ele><time>1980-01-07T12:17:49.386Z</time></trkpt><trkpt lat="47.60863660" lon="19.14696830"><ele>136.66</ele><time>1980-01-07T12:17:49.585Z</time></trkpt><trkpt lat="47.60863660" lon="19.14696830"><ele>136.66</ele><time>1980-01-07T12:17:49.785Z</time></trkpt><trkpt lat="47.60863660" lon="19.14696830"><ele>136.66</ele><time>1980-01-07T12:17:49.985Z</time></trkpt><trkpt lat="47.60863660" lon="19.14696830"><ele>136.66</ele><time>1980-01-07T12:17:50.185Z</time></trkpt><trkpt lat="47.60863670" lon="19.14696830"><ele>136.65</ele><time>1980-01-07T12:17:50.385Z</time></trkpt><trkpt lat="47.60863670" lon="19.14696830"><ele>136.65</ele><time>1980-01-07T12:17:50.585Z</time></trkpt><trkpt lat="47.60863680" lon="19.14696840"><ele>136.65</ele><time>1980-01-07T12:17:50.785Z</time></trkpt><trkpt lat="47.60863680" lon="19.14696840"><ele>136.65</ele><time>1980-01-07T12:17:50.985Z</time></trkpt><trkpt lat="47.60863680" lon="19.14696830"><ele>136.65</ele><time>1980-01-07T12:17:51.185Z</time></trkpt><trkpt lat="47.60863680" lon="19.14696830"><ele>136.65</ele><time>1980-01-07T12:17:51.385Z</time></trkpt><trkpt lat="47.60863680" lon="19.14696830"><ele>136.65</ele><time>1980-01-07T12:17:51.585Z</time></trkpt><trkpt lat="47.60863680" lon="19.14696830"><ele>136.65</ele><time>1980-01-07T12:17:51.785Z</time></trkpt><trkpt lat="47.60863680" lon="19.14696830"><ele>136.64</ele><time>1980-01-07T12:17:51.985Z</time></trkpt><trkpt lat="47.60863680" lon="19.14696830"><ele>136.64</ele><time>1980-01-07T12:17:52.195Z</time></trkpt><trkpt lat="47.60863680" lon="19.14696830"><ele>136.64</ele><time>1980-01-07T12:17:52.395Z</time></trkpt><trkpt lat="47.60863670" lon="19.14696830"><ele>136.64</ele><time>1980-01-07T12:17:52.595Z</time></trkpt><trkpt lat="47.60863670" lon="19.14696830"><ele>136.65</ele><time>1980-01-07T12:17:52.793Z</time></trkpt><trkpt lat="47.60863670" lon="19.14696830"><ele>136.65</ele><time>1980-01-07T12:17:52.995Z</time></trkpt><trkpt lat="47.60863670" lon="19.14696830"><ele>136.64</ele><time>1980-01-07T12:17:53.195Z</time></trkpt><trkpt lat="47.60863670" lon="19.14696830"><ele>136.64</ele><time>1980-01-07T12:17:53.404Z</time></trkpt><trkpt lat="47.60863670" lon="19.14696820"><ele>136.64</ele><time>1980-01-07T12:17:53.605Z</time></trkpt><trkpt lat="47.60863680" lon="19.14696820"><ele>136.65</ele><time>1980-01-07T12:17:53.805Z</time></trkpt><trkpt lat="47.60863680" lon="19.14696830"><ele>136.65</ele><time>1980-01-07T12:17:54.005Z</time></trkpt><trkpt lat="47.60863680" lon="19.14696820"><ele>136.65</ele><time>1980-01-07T12:17:54.205Z</time></trkpt><trkpt lat="47.60863690" lon="19.14696820"><ele>136.65</ele><time>1980-01-07T12:17:54.405Z</time></trkpt><trkpt lat="47.60863690" lon="19.14696810"><ele>136.65</ele><time>1980-01-07T12:17:54.605Z</time></trkpt><trkpt lat="47.60863680" lon="19.14696800"><ele>136.65</ele><time>1980-01-07T12:17:54.805Z</time></trkpt><trkpt lat="47.60863680" lon="19.14696800"><ele>136.65</ele><time>1980-01-07T12:17:55.005Z</time></trkpt><trkpt lat="47.60863680" lon="19.14696800"><ele>136.66</ele><time>1980-01-07T12:17:55.215Z</time></trkpt><trkpt lat="47.60863680" lon="19.14696800"><ele>136.66</ele><time>1980-01-07T12:17:55.423Z</time></trkpt><trkpt lat="47.60863680" lon="19.14696790"><ele>136.66</ele><time>1980-01-07T12:17:55.623Z</time></trkpt><trkpt lat="47.60863670" lon="19.14696790"><ele>136.66</ele><time>1980-01-07T12:17:55.825Z</time></trkpt><trkpt lat="47.60863670" lon="19.14696790"><ele>136.66</ele><time>1980-01-07T12:17:56.025Z</time></trkpt><trkpt lat="47.60863670" lon="19.14696790"><ele>136.66</ele><time>1980-01-07T12:17:56.225Z</time></trkpt><trkpt lat="47.60863670" lon="19.14696780"><ele>136.66</ele><time>1980-01-07T12:17:56.425Z</time></trkpt><trkpt lat="47.60863670" lon="19.14696780"><ele>136.66</ele><time>1980-01-07T12:17:56.625Z</time></trkpt><trkpt lat="47.60863670" lon="19.14696790"><ele>136.66</ele><time>1980-01-07T12:17:56.825Z</time></trkpt><trkpt lat="47.60863680" lon="19.14696790"><ele>136.67</ele><time>1980-01-07T12:17:57.032Z</time></trkpt><trkpt lat="47.60863680" lon="19.14696780"><ele>136.67</ele><time>1980-01-07T12:17:57.235Z</time></trkpt><trkpt lat="47.60863680" lon="19.14696780"><ele>136.67</ele><time>1980-01-07T12:17:57.435Z</time></trkpt><trkpt lat="47.60863670" lon="19.14696780"><ele>136.68</ele><time>1980-01-07T12:17:57.633Z</time></trkpt><trkpt lat="47.60863670" lon="19.14696770"><ele>136.68</ele><time>1980-01-07T12:17:57.835Z</time></trkpt><trkpt lat="47.60863670" lon="19.14696770"><ele>136.69</ele><time>1980-01-07T12:17:58.035Z</time></trkpt><trkpt lat="47.60863670" lon="19.14696750"><ele>136.69</ele><time>1980-01-07T12:17:58.226Z</time></trkpt><trkpt lat="47.60863670" lon="19.14696750"><ele>136.70</ele><time>1980-01-07T12:17:58.425Z</time></trkpt><trkpt lat="47.60863670" lon="19.14696740"><ele>136.70</ele><time>1980-01-07T12:17:58.626Z</time></trkpt><trkpt lat="47.60863670" lon="19.14696730"><ele>136.70</ele><time>1980-01-07T12:17:58.826Z</time></trkpt><trkpt lat="47.60863670" lon="19.14696720"><ele>136.71</ele><time>1980-01-07T12:17:59.027Z</time></trkpt><trkpt lat="47.60863660" lon="19.14696710"><ele>136.71</ele><time>1980-01-07T12:17:59.229Z</time></trkpt><trkpt lat="47.60863660" lon="19.14696700"><ele>136.71</ele><time>1980-01-07T12:17:59.434Z</time></trkpt><trkpt lat="47.60863660" lon="19.14696690"><ele>136.72</ele><time>1980-01-07T12:17:59.635Z</time></trkpt><trkpt lat="47.60863660" lon="19.14696690"><ele>136.72</ele><time>1980-01-07T12:17:59.835Z</time></trkpt><trkpt lat="47.60863660" lon="19.14696680"><ele>136.72</ele><time>1980-01-07T12:18:00.035Z</time></trkpt><trkpt lat="47.60863660" lon="19.14696670"><ele>136.72</ele><time>1980-01-07T12:18:00.235Z</time></trkpt><trkpt lat="47.60863660" lon="19.14696670"><ele>136.71</ele><time>1980-01-07T12:18:00.435Z</time></trkpt><trkpt lat="47.60863670" lon="19.14696660"><ele>136.71</ele><time>1980-01-07T12:18:00.635Z</time></trkpt><trkpt lat="47.60863670" lon="19.14696650"><ele>136.71</ele><time>1980-01-07T12:18:00.835Z</time></trkpt><trkpt lat="47.60863670" lon="19.14696650"><ele>136.71</ele><time>1980-01-07T12:18:01.035Z</time></trkpt><trkpt lat="47.60863670" lon="19.14696650"><ele>136.71</ele><time>1980-01-07T12:18:01.235Z</time></trkpt><trkpt lat="47.60863670" lon="19.14696640"><ele>136.71</ele><time>1980-01-07T12:18:01.435Z</time></trkpt><trkpt lat="47.60863670" lon="19.14696630"><ele>136.71</ele><time>1980-01-07T12:18:01.635Z</time></trkpt><trkpt lat="47.60863670" lon="19.14696620"><ele>136.71</ele><time>1980-01-07T12:18:01.835Z</time></trkpt><trkpt lat="47.60863670" lon="19.14696610"><ele>136.71</ele><time>1980-01-07T12:18:02.035Z</time></trkpt><trkpt lat="47.60863670" lon="19.14696600"><ele>136.71</ele><time>1980-01-07T12:18:02.235Z</time></trkpt><trkpt lat="47.60863670" lon="19.14696590"><ele>136.71</ele><time>1980-01-07T12:18:02.435Z</time></trkpt><trkpt lat="47.60863670" lon="19.14696590"><ele>136.71</ele><time>1980-01-07T12:18:02.645Z</time></trkpt><trkpt lat="47.60863670" lon="19.14696580"><ele>136.71</ele><time>1980-01-07T12:18:02.853Z</time></trkpt><trkpt lat="47.60863670" lon="19.14696570"><ele>136.71</ele><time>1980-01-07T12:18:03.054Z</time></trkpt><trkpt lat="47.60863670" lon="19.14696570"><ele>136.70</ele><time>1980-01-07T12:18:03.255Z</time></trkpt><trkpt lat="47.60863680" lon="19.14696560"><ele>136.70</ele><time>1980-01-07T12:18:03.454Z</time></trkpt><trkpt lat="47.60863680" lon="19.14696550"><ele>136.69</ele><time>1980-01-07T12:18:03.654Z</time></trkpt><trkpt lat="47.60863680" lon="19.14696550"><ele>136.68</ele><time>1980-01-07T12:18:03.854Z</time></trkpt><trkpt lat="47.60863680" lon="19.14696540"><ele>136.68</ele><time>1980-01-07T12:18:04.049Z</time></trkpt><trkpt lat="47.60863680" lon="19.14696530"><ele>136.67</ele><time>1980-01-07T12:18:04.254Z</time></trkpt><trkpt lat="47.60863680" lon="19.14696520"><ele>136.67</ele><time>1980-01-07T12:18:04.454Z</time></trkpt><trkpt lat="47.60863680" lon="19.14696530"><ele>136.68</ele><time>1980-01-07T12:18:04.654Z</time></trkpt><trkpt lat="47.60863690" lon="19.14696520"><ele>136.67</ele><time>1980-01-07T12:18:04.854Z</time></trkpt><trkpt lat="47.60863690" lon="19.14696520"><ele>136.67</ele><time>1980-01-07T12:18:05.054Z</time></trkpt><trkpt lat="47.60863690" lon="19.14696510"><ele>136.68</ele><time>1980-01-07T12:18:05.254Z</time></trkpt><trkpt lat="47.60863690" lon="19.14696510"><ele>136.68</ele><time>1980-01-07T12:18:05.453Z</time></trkpt><trkpt lat="47.60863680" lon="19.14696500"><ele>136.68</ele><time>1980-01-07T12:18:05.653Z</time></trkpt><trkpt lat="47.60863680" lon="19.14696500"><ele>136.67</ele><time>1980-01-07T12:18:05.853Z</time></trkpt><trkpt lat="47.60863680" lon="19.14696510"><ele>136.67</ele><time>1980-01-07T12:18:06.053Z</time></trkpt><trkpt lat="47.60863680" lon="19.14696490"><ele>136.66</ele><time>1980-01-07T12:18:06.251Z</time></trkpt><trkpt lat="47.60863680" lon="19.14696500"><ele>136.67</ele><time>1980-01-07T12:18:06.449Z</time></trkpt><trkpt lat="47.60863680" lon="19.14696510"><ele>136.66</ele><time>1980-01-07T12:18:06.649Z</time></trkpt><trkpt lat="47.60863680" lon="19.14696510"><ele>136.66</ele><time>1980-01-07T12:18:06.850Z</time></trkpt><trkpt lat="47.60863680" lon="19.14696520"><ele>136.66</ele><time>1980-01-07T12:18:07.050Z</time></trkpt><trkpt lat="47.60863680" lon="19.14696520"><ele>136.66</ele><time>1980-01-07T12:18:07.252Z</time></trkpt><trkpt lat="47.60863680" lon="19.14696530"><ele>136.65</ele><time>1980-01-07T12:18:07.452Z</time></trkpt><trkpt lat="47.60863680" lon="19.14696520"><ele>136.65</ele><time>1980-01-07T12:18:07.652Z</time></trkpt><trkpt lat="47.60863680" lon="19.14696520"><ele>136.65</ele><time>1980-01-07T12:18:07.852Z</time></trkpt><trkpt lat="47.60863680" lon="19.14696520"><ele>136.65</ele><time>1980-01-07T12:18:08.051Z</time></trkpt><trkpt lat="47.60863680" lon="19.14696510"><ele>136.64</ele><time>1980-01-07T12:18:08.252Z</time></trkpt><trkpt lat="47.60863680" lon="19.14696500"><ele>136.64</ele><time>1980-01-07T12:18:08.452Z</time></trkpt><trkpt lat="47.60863670" lon="19.14696490"><ele>136.64</ele><time>1980-01-07T12:18:08.652Z</time></trkpt><trkpt lat="47.60863670" lon="19.14696490"><ele>136.64</ele><time>1980-01-07T12:18:08.852Z</time></trkpt><trkpt lat="47.60863670" lon="19.14696490"><ele>136.64</ele><time>1980-01-07T12:18:09.052Z</time></trkpt><trkpt lat="47.60863660" lon="19.14696490"><ele>136.64</ele><time>1980-01-07T12:18:09.252Z</time></trkpt><trkpt lat="47.60863660" lon="19.14696480"><ele>136.65</ele><time>1980-01-07T12:18:09.452Z</time></trkpt><trkpt lat="47.60863660" lon="19.14696480"><ele>136.65</ele><time>1980-01-07T12:18:09.652Z</time></trkpt><trkpt lat="47.60863660" lon="19.14696480"><ele>136.65</ele><time>1980-01-07T12:18:09.852Z</time></trkpt><trkpt lat="47.60863660" lon="19.14696480"><ele>136.65</ele><time>1980-01-07T12:18:10.052Z</time></trkpt><trkpt lat="47.60863660" lon="19.14696470"><ele>136.65</ele><time>1980-01-07T12:18:10.252Z</time></trkpt><trkpt lat="47.60863660" lon="19.14696470"><ele>136.65</ele><time>1980-01-07T12:18:10.452Z</time></trkpt><trkpt lat="47.60863660" lon="19.14696470"><ele>136.65</ele><time>1980-01-07T12:18:10.652Z</time></trkpt><trkpt lat="47.60863660" lon="19.14696470"><ele>136.65</ele><time>1980-01-07T12:18:10.852Z</time></trkpt><trkpt lat="47.60863660" lon="19.14696460"><ele>136.65</ele><time>1980-01-07T12:18:11.052Z</time></trkpt><trkpt lat="47.60863660" lon="19.14696460"><ele>136.66</ele><time>1980-01-07T12:18:11.252Z</time></trkpt><trkpt lat="47.60863660" lon="19.14696460"><ele>136.66</ele><time>1980-01-07T12:18:11.452Z</time></trkpt><trkpt lat="47.60863670" lon="19.14696460"><ele>136.66</ele><time>1980-01-07T12:18:11.652Z</time></trkpt><trkpt lat="47.60863670" lon="19.14696460"><ele>136.66</ele><time>1980-01-07T12:18:11.852Z</time></trkpt><trkpt lat="47.60863670" lon="19.14696460"><ele>136.66</ele><time>1980-01-07T12:18:12.052Z</time></trkpt><trkpt lat="47.60863670" lon="19.14696450"><ele>136.65</ele><time>1980-01-07T12:18:12.252Z</time></trkpt><trkpt lat="47.60863670" lon="19.14696450"><ele>136.65</ele><time>1980-01-07T12:18:12.452Z</time></trkpt><trkpt lat="47.60863670" lon="19.14696450"><ele>136.65</ele><time>1980-01-07T12:18:12.652Z</time></trkpt><trkpt lat="47.60863670" lon="19.14696460"><ele>136.64</ele><time>1980-01-07T12:18:12.852Z</time></trkpt><trkpt lat="47.60863680" lon="19.14696460"><ele>136.64</ele><time>1980-01-07T12:18:13.052Z</time></trkpt><trkpt lat="47.60863680" lon="19.14696470"><ele>136.64</ele><time>1980-01-07T12:18:13.252Z</time></trkpt><trkpt lat="47.60863680" lon="19.14696470"><ele>136.64</ele><time>1980-01-07T12:18:13.462Z</time></trkpt><trkpt lat="47.60863680" lon="19.14696480"><ele>136.64</ele><time>1980-01-07T12:18:13.662Z</time></trkpt><trkpt lat="47.60863680" lon="19.14696480"><ele>136.65</ele><time>1980-01-07T12:18:13.862Z</time></trkpt><trkpt lat="47.60863680" lon="19.14696490"><ele>136.65</ele><time>1980-01-07T12:18:14.057Z</time></trkpt><trkpt lat="47.60863680" lon="19.14696490"><ele>136.65</ele><time>1980-01-07T12:18:14.262Z</time></trkpt><trkpt lat="47.60863680" lon="19.14696500"><ele>136.65</ele><time>1980-01-07T12:18:14.462Z</time></trkpt><trkpt lat="47.60863680" lon="19.14696510"><ele>136.65</ele><time>1980-01-07T12:18:14.662Z</time></trkpt><trkpt lat="47.60863680" lon="19.14696520"><ele>136.65</ele><time>1980-01-07T12:18:14.862Z</time></trkpt><trkpt lat="47.60863680" lon="19.14696530"><ele>136.65</ele><time>1980-01-07T12:18:15.060Z</time></trkpt><trkpt lat="47.60863690" lon="19.14696530"><ele>136.64</ele><time>1980-01-07T12:18:15.262Z</time></trkpt><trkpt lat="47.60863690" lon="19.14696540"><ele>136.65</ele><time>1980-01-07T12:18:15.462Z</time></trkpt><trkpt lat="47.60863690" lon="19.14696540"><ele>136.65</ele><time>1980-01-07T12:18:15.662Z</time></trkpt><trkpt lat="47.60863690" lon="19.14696550"><ele>136.65</ele><time>1980-01-07T12:18:15.862Z</time></trkpt><trkpt lat="47.60863690" lon="19.14696550"><ele>136.65</ele><time>1980-01-07T12:18:16.061Z</time></trkpt><trkpt lat="47.60863690" lon="19.14696550"><ele>136.65</ele><time>1980-01-07T12:18:16.262Z</time></trkpt><trkpt lat="47.60863690" lon="19.14696550"><ele>136.65</ele><time>1980-01-07T12:18:16.462Z</time></trkpt><trkpt lat="47.60863680" lon="19.14696550"><ele>136.66</ele><time>1980-01-07T12:18:16.662Z</time></trkpt><trkpt lat="47.60863680" lon="19.14696560"><ele>136.66</ele><time>1980-01-07T12:18:16.862Z</time></trkpt><trkpt lat="47.60863680" lon="19.14696560"><ele>136.67</ele><time>1980-01-07T12:18:17.060Z</time></trkpt><trkpt lat="47.60863680" lon="19.14696560"><ele>136.67</ele><time>1980-01-07T12:18:17.257Z</time></trkpt><trkpt lat="47.60863680" lon="19.14696560"><ele>136.67</ele><time>1980-01-07T12:18:17.458Z</time></trkpt><trkpt lat="47.60863690" lon="19.14696560"><ele>136.68</ele><time>1980-01-07T12:18:17.658Z</time></trkpt><trkpt lat="47.60863690" lon="19.14696560"><ele>136.68</ele><time>1980-01-07T12:18:17.858Z</time></trkpt><trkpt lat="47.60863690" lon="19.14696560"><ele>136.68</ele><time>1980-01-07T12:18:18.058Z</time></trkpt><trkpt lat="47.60863700" lon="19.14696550"><ele>136.68</ele><time>1980-01-07T12:18:18.260Z</time></trkpt><trkpt lat="47.60863700" lon="19.14696560"><ele>136.68</ele><time>1980-01-07T12:18:18.460Z</time></trkpt><trkpt lat="47.60863700" lon="19.14696560"><ele>136.68</ele><time>1980-01-07T12:18:18.660Z</time></trkpt><trkpt lat="47.60863700" lon="19.14696570"><ele>136.68</ele><time>1980-01-07T12:18:18.861Z</time></trkpt><trkpt lat="47.60863700" lon="19.14696560"><ele>136.68</ele><time>1980-01-07T12:18:19.060Z</time></trkpt><trkpt lat="47.60863700" lon="19.14696560"><ele>136.68</ele><time>1980-01-07T12:18:19.261Z</time></trkpt><trkpt lat="47.60863700" lon="19.14696560"><ele>136.68</ele><time>1980-01-07T12:18:19.462Z</time></trkpt><trkpt lat="47.60863700" lon="19.14696560"><ele>136.68</ele><time>1980-01-07T12:18:19.662Z</time></trkpt><trkpt lat="47.60863700" lon="19.14696560"><ele>136.68</ele><time>1980-01-07T12:18:19.861Z</time></trkpt><trkpt lat="47.60863700" lon="19.14696560"><ele>136.69</ele><time>1980-01-07T12:18:20.062Z</time></trkpt><trkpt lat="47.60863690" lon="19.14696560"><ele>136.69</ele><time>1980-01-07T12:18:20.262Z</time></trkpt><trkpt lat="47.60863690" lon="19.14696560"><ele>136.69</ele><time>1980-01-07T12:18:20.462Z</time></trkpt><trkpt lat="47.60863690" lon="19.14696560"><ele>136.69</ele><time>1980-01-07T12:18:20.662Z</time></trkpt><trkpt lat="47.60863690" lon="19.14696570"><ele>136.69</ele><time>1980-01-07T12:18:20.862Z</time></trkpt><trkpt lat="47.60863690" lon="19.14696570"><ele>136.69</ele><time>1980-01-07T12:18:21.062Z</time></trkpt><trkpt lat="47.60863680" lon="19.14696560"><ele>136.69</ele><time>1980-01-07T12:18:21.262Z</time></trkpt><trkpt lat="47.60863680" lon="19.14696560"><ele>136.69</ele><time>1980-01-07T12:18:21.462Z</time></trkpt><trkpt lat="47.60863680" lon="19.14696550"><ele>136.69</ele><time>1980-01-07T12:18:21.662Z</time></trkpt><trkpt lat="47.60863680" lon="19.14696550"><ele>136.70</ele><time>1980-01-07T12:18:21.862Z</time></trkpt><trkpt lat="47.60863690" lon="19.14696550"><ele>136.70</ele><time>1980-01-07T12:18:22.062Z</time></trkpt><trkpt lat="47.60863690" lon="19.14696550"><ele>136.70</ele><time>1980-01-07T12:18:22.262Z</time></trkpt><trkpt lat="47.60863690" lon="19.14696560"><ele>136.70</ele><time>1980-01-07T12:18:22.462Z</time></trkpt><trkpt lat="47.60863690" lon="19.14696560"><ele>136.70</ele><time>1980-01-07T12:18:22.662Z</time></trkpt><trkpt lat="47.60863690" lon="19.14696570"><ele>136.70</ele><time>1980-01-07T12:18:22.862Z</time></trkpt><trkpt lat="47.60863680" lon="19.14696580"><ele>136.71</ele><time>1980-01-07T12:18:23.062Z</time></trkpt><trkpt lat="47.60863680" lon="19.14696590"><ele>136.71</ele><time>1980-01-07T12:18:23.262Z</time></trkpt><trkpt lat="47.60863680" lon="19.14696600"><ele>136.70</ele><time>1980-01-07T12:18:23.462Z</time></trkpt><trkpt lat="47.60863680" lon="19.14696620"><ele>136.70</ele><time>1980-01-07T12:18:23.662Z</time></trkpt><trkpt lat="47.60863680" lon="19.14696630"><ele>136.70</ele><time>1980-01-07T12:18:23.862Z</time></trkpt><trkpt lat="47.60863680" lon="19.14696650"><ele>136.70</ele><time>1980-01-07T12:18:24.062Z</time></trkpt><trkpt lat="47.60863670" lon="19.14696660"><ele>136.70</ele><time>1980-01-07T12:18:24.262Z</time></trkpt><trkpt lat="47.60863670" lon="19.14696680"><ele>136.70</ele><time>1980-01-07T12:18:24.472Z</time></trkpt><trkpt lat="47.60863670" lon="19.14696690"><ele>136.69</ele><time>1980-01-07T12:18:24.663Z</time></trkpt><trkpt lat="47.60863670" lon="19.14696710"><ele>136.70</ele><time>1980-01-07T12:18:24.862Z</time></trkpt><trkpt lat="47.60863660" lon="19.14696720"><ele>136.70</ele><time>1980-01-07T12:18:25.063Z</time></trkpt><trkpt lat="47.60863660" lon="19.14696730"><ele>136.70</ele><time>1980-01-07T12:18:25.266Z</time></trkpt><trkpt lat="47.60863660" lon="19.14696740"><ele>136.69</ele><time>1980-01-07T12:18:25.466Z</time></trkpt><trkpt lat="47.60863660" lon="19.14696750"><ele>136.69</ele><time>1980-01-07T12:18:25.669Z</time></trkpt><trkpt lat="47.60863660" lon="19.14696760"><ele>136.69</ele><time>1980-01-07T12:18:25.871Z</time></trkpt><trkpt lat="47.60863660" lon="19.14696770"><ele>136.69</ele><time>1980-01-07T12:18:26.064Z</time></trkpt><trkpt lat="47.60863660" lon="19.14696780"><ele>136.69</ele><time>1980-01-07T12:18:26.272Z</time></trkpt><trkpt lat="47.60863660" lon="19.14696790"><ele>136.68</ele><time>1980-01-07T12:18:26.472Z</time></trkpt><trkpt lat="47.60863660" lon="19.14696800"><ele>136.68</ele><time>1980-01-07T12:18:26.672Z</time></trkpt><trkpt lat="47.60863660" lon="19.14696810"><ele>136.67</ele><time>1980-01-07T12:18:26.872Z</time></trkpt><trkpt lat="47.60863660" lon="19.14696820"><ele>136.67</ele><time>1980-01-07T12:18:27.072Z</time></trkpt><trkpt lat="47.60863660" lon="19.14696830"><ele>136.66</ele><time>1980-01-07T12:18:27.280Z</time></trkpt><trkpt lat="47.60863660" lon="19.14696840"><ele>136.66</ele><time>1980-01-07T12:18:27.482Z</time></trkpt><trkpt lat="47.60863660" lon="19.14696850"><ele>136.66</ele><time>1980-01-07T12:18:27.682Z</time></trkpt><trkpt lat="47.60863660" lon="19.14696860"><ele>136.66</ele><time>1980-01-07T12:18:27.872Z</time></trkpt><trkpt lat="47.60863660" lon="19.14696870"><ele>136.66</ele><time>1980-01-07T12:18:28.072Z</time></trkpt><trkpt lat="47.60863660" lon="19.14696870"><ele>136.66</ele><time>1980-01-07T12:18:28.272Z</time></trkpt><trkpt lat="47.60863660" lon="19.14696880"><ele>136.67</ele><time>1980-01-07T12:18:28.472Z</time></trkpt><trkpt lat="47.60863660" lon="19.14696890"><ele>136.67</ele><time>1980-01-07T12:18:28.672Z</time></trkpt><trkpt lat="47.60863660" lon="19.14696890"><ele>136.67</ele><time>1980-01-07T12:18:28.882Z</time></trkpt><trkpt lat="47.60863660" lon="19.14696890"><ele>136.67</ele><time>1980-01-07T12:18:29.082Z</time></trkpt><trkpt lat="47.60863660" lon="19.14696890"><ele>136.67</ele><time>1980-01-07T12:18:29.286Z</time></trkpt><trkpt lat="47.60863660" lon="19.14696890"><ele>136.67</ele><time>1980-01-07T12:18:29.487Z</time></trkpt><trkpt lat="47.60863660" lon="19.14696890"><ele>136.67</ele><time>1980-01-07T12:18:29.687Z</time></trkpt><trkpt lat="47.60863670" lon="19.14696890"><ele>136.67</ele><time>1980-01-07T12:18:29.888Z</time></trkpt><trkpt lat="47.60863670" lon="19.14696890"><ele>136.66</ele><time>1980-01-07T12:18:30.082Z</time></trkpt><trkpt lat="47.60863670" lon="19.14696890"><ele>136.66</ele><time>1980-01-07T12:18:30.282Z</time></trkpt><trkpt lat="47.60863670" lon="19.14696890"><ele>136.66</ele><time>1980-01-07T12:18:30.482Z</time></trkpt><trkpt lat="47.60863670" lon="19.14696890"><ele>136.66</ele><time>1980-01-07T12:18:30.682Z</time></trkpt><trkpt lat="47.60863670" lon="19.14696900"><ele>136.66</ele><time>1980-01-07T12:18:30.882Z</time></trkpt><trkpt lat="47.60863670" lon="19.14696890"><ele>136.66</ele><time>1980-01-07T12:18:31.082Z</time></trkpt><trkpt lat="47.60863670" lon="19.14696880"><ele>136.66</ele><time>1980-01-07T12:18:31.282Z</time></trkpt><trkpt lat="47.60863670" lon="19.14696870"><ele>136.67</ele><time>1980-01-07T12:18:31.482Z</time></trkpt><trkpt lat="47.60863670" lon="19.14696860"><ele>136.67</ele><time>1980-01-07T12:18:31.682Z</time></trkpt><trkpt lat="47.60863670" lon="19.14696860"><ele>136.68</ele><time>1980-01-07T12:18:31.882Z</time></trkpt><trkpt lat="47.60863670" lon="19.14696860"><ele>136.68</ele><time>1980-01-07T12:18:32.082Z</time></trkpt><trkpt lat="47.60863670" lon="19.14696860"><ele>136.68</ele><time>1980-01-07T12:18:32.292Z</time></trkpt><trkpt lat="47.60863670" lon="19.14696870"><ele>136.68</ele><time>1980-01-07T12:18:32.492Z</time></trkpt><trkpt lat="47.60863670" lon="19.14696870"><ele>136.68</ele><time>1980-01-07T12:18:32.692Z</time></trkpt><trkpt lat="47.60863670" lon="19.14696870"><ele>136.68</ele><time>1980-01-07T12:18:32.892Z</time></trkpt><trkpt lat="47.60863660" lon="19.14696870"><ele>136.68</ele><time>1980-01-07T12:18:33.092Z</time></trkpt><trkpt lat="47.60863660" lon="19.14696870"><ele>136.68</ele><time>1980-01-07T12:18:33.299Z</time></trkpt><trkpt lat="47.60863670" lon="19.14696880"><ele>136.68</ele><time>1980-01-07T12:18:33.499Z</time></trkpt><trkpt lat="47.60863670" lon="19.14696880"><ele>136.68</ele><time>1980-01-07T12:18:33.699Z</time></trkpt><trkpt lat="47.60863670" lon="19.14696880"><ele>136.69</ele><time>1980-01-07T12:18:33.901Z</time></trkpt><trkpt lat="47.60863670" lon="19.14696880"><ele>136.69</ele><time>1980-01-07T12:18:34.101Z</time></trkpt><trkpt lat="47.60863670" lon="19.14696880"><ele>136.68</ele><time>1980-01-07T12:18:34.302Z</time></trkpt><trkpt lat="47.60863670" lon="19.14696880"><ele>136.68</ele><time>1980-01-07T12:18:34.502Z</time></trkpt><trkpt lat="47.60863670" lon="19.14696880"><ele>136.68</ele><time>1980-01-07T12:18:34.702Z</time></trkpt><trkpt lat="47.60863660" lon="19.14696880"><ele>136.68</ele><time>1980-01-07T12:18:34.902Z</time></trkpt><trkpt lat="47.60863660" lon="19.14696870"><ele>136.68</ele><time>1980-01-07T12:18:35.102Z</time></trkpt><trkpt lat="47.60863660" lon="19.14696870"><ele>136.68</ele><time>1980-01-07T12:18:35.310Z</time></trkpt><trkpt lat="47.60863660" lon="19.14696880"><ele>136.67</ele><time>1980-01-07T12:18:35.511Z</time></trkpt><trkpt lat="47.60863670" lon="19.14696880"><ele>136.67</ele><time>1980-01-07T12:18:35.712Z</time></trkpt><trkpt lat="47.60863670" lon="19.14696890"><ele>136.67</ele><time>1980-01-07T12:18:35.913Z</time></trkpt><trkpt lat="47.60863670" lon="19.14696890"><ele>136.67</ele><time>1980-01-07T12:18:36.112Z</time></trkpt><trkpt lat="47.60863670" lon="19.14696890"><ele>136.66</ele><time>1980-01-07T12:18:36.312Z</time></trkpt><trkpt lat="47.60863670" lon="19.14696900"><ele>136.66</ele><time>1980-01-07T12:18:36.512Z</time></trkpt><trkpt lat="47.60863670" lon="19.14696900"><ele>136.66</ele><time>1980-01-07T12:18:36.712Z</time></trkpt><trkpt lat="47.60863670" lon="19.14696900"><ele>136.66</ele><time>1980-01-07T12:18:36.912Z</time></trkpt><trkpt lat="47.60863670" lon="19.14696910"><ele>136.67</ele><time>1980-01-07T12:18:37.122Z</time></trkpt><trkpt lat="47.60863680" lon="19.14696920"><ele>136.67</ele><time>1980-01-07T12:18:37.322Z</time></trkpt><trkpt lat="47.60863680" lon="19.14696930"><ele>136.67</ele><time>1980-01-07T12:18:37.522Z</time></trkpt><trkpt lat="47.60863680" lon="19.14696930"><ele>136.67</ele><time>1980-01-07T12:18:37.722Z</time></trkpt><trkpt lat="47.60863690" lon="19.14696940"><ele>136.68</ele><time>1980-01-07T12:18:37.922Z</time></trkpt><trkpt lat="47.60863690" lon="19.14696940"><ele>136.68</ele><time>1980-01-07T12:18:38.131Z</time></trkpt><trkpt lat="47.60863690" lon="19.14696940"><ele>136.68</ele><time>1980-01-07T12:18:38.332Z</time></trkpt><trkpt lat="47.60863690" lon="19.14696950"><ele>136.68</ele><time>1980-01-07T12:18:38.532Z</time></trkpt><trkpt lat="47.60863680" lon="19.14696950"><ele>136.67</ele><time>1980-01-07T12:18:38.732Z</time></trkpt><trkpt lat="47.60863680" lon="19.14696960"><ele>136.68</ele><time>1980-01-07T12:18:38.932Z</time></trkpt><trkpt lat="47.60863680" lon="19.14696970"><ele>136.68</ele><time>1980-01-07T12:18:39.132Z</time></trkpt><trkpt lat="47.60863670" lon="19.14696980"><ele>136.68</ele><time>1980-01-07T12:18:39.332Z</time></trkpt><trkpt lat="47.60863670" lon="19.14696980"><ele>136.68</ele><time>1980-01-07T12:18:39.532Z</time></trkpt><trkpt lat="47.60863670" lon="19.14696980"><ele>136.68</ele><time>1980-01-07T12:18:39.732Z</time></trkpt><trkpt lat="47.60863670" lon="19.14696980"><ele>136.68</ele><time>1980-01-07T12:18:39.932Z</time></trkpt><trkpt lat="47.60863660" lon="19.14696970"><ele>136.69</ele><time>1980-01-07T12:18:40.132Z</time></trkpt><trkpt lat="47.60863660" lon="19.14696960"><ele>136.69</ele><time>1980-01-07T12:18:40.341Z</time></trkpt><trkpt lat="47.60863660" lon="19.14696950"><ele>136.70</ele><time>1980-01-07T12:18:40.540Z</time></trkpt><trkpt lat="47.60863660" lon="19.14696950"><ele>136.70</ele><time>1980-01-07T12:18:40.741Z</time></trkpt><trkpt lat="47.60863660" lon="19.14696950"><ele>136.71</ele><time>1980-01-07T12:18:40.932Z</time></trkpt><trkpt lat="47.60863650" lon="19.14696950"><ele>136.71</ele><time>1980-01-07T12:18:41.132Z</time></trkpt><trkpt lat="47.60863650" lon="19.14696940"><ele>136.72</ele><time>1980-01-07T12:18:41.332Z</time></trkpt><trkpt lat="47.60863650" lon="19.14696940"><ele>136.73</ele><time>1980-01-07T12:18:41.532Z</time></trkpt><trkpt lat="47.60863650" lon="19.14696940"><ele>136.73</ele><time>1980-01-07T12:18:41.732Z</time></trkpt><trkpt lat="47.60863650" lon="19.14696940"><ele>136.74</ele><time>1980-01-07T12:18:41.932Z</time></trkpt><trkpt lat="47.60863650" lon="19.14696940"><ele>136.74</ele><time>1980-01-07T12:18:42.132Z</time></trkpt><trkpt lat="47.60863650" lon="19.14696940"><ele>136.75</ele><time>1980-01-07T12:18:42.332Z</time></trkpt><trkpt lat="47.60863650" lon="19.14696930"><ele>136.75</ele><time>1980-01-07T12:18:42.532Z</time></trkpt><trkpt lat="47.60863640" lon="19.14696930"><ele>136.75</ele><time>1980-01-07T12:18:42.732Z</time></trkpt><trkpt lat="47.60863640" lon="19.14696930"><ele>136.76</ele><time>1980-01-07T12:18:42.932Z</time></trkpt><trkpt lat="47.60863640" lon="19.14696920"><ele>136.77</ele><time>1980-01-07T12:18:43.132Z</time></trkpt><trkpt lat="47.60863640" lon="19.14696920"><ele>136.77</ele><time>1980-01-07T12:18:43.340Z</time></trkpt><trkpt lat="47.60863640" lon="19.14696920"><ele>136.78</ele><time>1980-01-07T12:18:43.540Z</time></trkpt><trkpt lat="47.60863640" lon="19.14696920"><ele>136.78</ele><time>1980-01-07T12:18:43.741Z</time></trkpt><trkpt lat="47.60863640" lon="19.14696930"><ele>136.79</ele><time>1980-01-07T12:18:43.942Z</time></trkpt><trkpt lat="47.60863640" lon="19.14696930"><ele>136.79</ele><time>1980-01-07T12:18:44.142Z</time></trkpt><trkpt lat="47.60863640" lon="19.14696930"><ele>136.79</ele><time>1980-01-07T12:18:44.342Z</time></trkpt><trkpt lat="47.60863640" lon="19.14696930"><ele>136.79</ele><time>1980-01-07T12:18:44.542Z</time></trkpt><trkpt lat="47.60863640" lon="19.14696930"><ele>136.79</ele><time>1980-01-07T12:18:44.742Z</time></trkpt><trkpt lat="47.60863650" lon="19.14696930"><ele>136.79</ele><time>1980-01-07T12:18:44.942Z</time></trkpt><trkpt lat="47.60863650" lon="19.14696940"><ele>136.79</ele><time>1980-01-07T12:18:45.142Z</time></trkpt><trkpt lat="47.60863650" lon="19.14696940"><ele>136.79</ele><time>1980-01-07T12:18:45.342Z</time></trkpt><trkpt lat="47.60863650" lon="19.14696950"><ele>136.79</ele><time>1980-01-07T12:18:45.542Z</time></trkpt><trkpt lat="47.60863660" lon="19.14696950"><ele>136.79</ele><time>1980-01-07T12:18:45.754Z</time></trkpt><trkpt lat="47.60863660" lon="19.14696950"><ele>136.79</ele><time>1980-01-07T12:18:45.952Z</time></trkpt><trkpt lat="47.60863660" lon="19.14696940"><ele>136.79</ele><time>1980-01-07T12:18:46.152Z</time></trkpt><trkpt lat="47.60863660" lon="19.14696940"><ele>136.79</ele><time>1980-01-07T12:18:46.352Z</time></trkpt><trkpt lat="47.60863660" lon="19.14696940"><ele>136.79</ele><time>1980-01-07T12:18:46.552Z</time></trkpt><trkpt lat="47.60863660" lon="19.14696930"><ele>136.79</ele><time>1980-01-07T12:18:46.752Z</time></trkpt><trkpt lat="47.60863660" lon="19.14696930"><ele>136.79</ele><time>1980-01-07T12:18:46.952Z</time></trkpt><trkpt lat="47.60863660" lon="19.14696930"><ele>136.79</ele><time>1980-01-07T12:18:47.152Z</time></trkpt><trkpt lat="47.60863660" lon="19.14696930"><ele>136.79</ele><time>1980-01-07T12:18:47.352Z</time></trkpt><trkpt lat="47.60863650" lon="19.14696920"><ele>136.79</ele><time>1980-01-07T12:18:47.552Z</time></trkpt><trkpt lat="47.60863650" lon="19.14696920"><ele>136.79</ele><time>1980-01-07T12:18:47.752Z</time></trkpt><trkpt lat="47.60863650" lon="19.14696920"><ele>136.78</ele><time>1980-01-07T12:18:47.952Z</time></trkpt><trkpt lat="47.60863650" lon="19.14696920"><ele>136.78</ele><time>1980-01-07T12:18:48.152Z</time></trkpt><trkpt lat="47.60863650" lon="19.14696920"><ele>136.78</ele><time>1980-01-07T12:18:48.352Z</time></trkpt><trkpt lat="47.60863650" lon="19.14696920"><ele>136.78</ele><time>1980-01-07T12:18:48.562Z</time></trkpt><trkpt lat="47.60863650" lon="19.14696930"><ele>136.78</ele><time>1980-01-07T12:18:48.762Z</time></trkpt><trkpt lat="47.60863650" lon="19.14696940"><ele>136.79</ele><time>1980-01-07T12:18:48.962Z</time></trkpt><trkpt lat="47.60863650" lon="19.14696940"><ele>136.78</ele><time>1980-01-07T12:18:49.162Z</time></trkpt><trkpt lat="47.60863650" lon="19.14696940"><ele>136.78</ele><time>1980-01-07T12:18:49.372Z</time></trkpt><trkpt lat="47.60863650" lon="19.14696940"><ele>136.78</ele><time>1980-01-07T12:18:49.572Z</time></trkpt><trkpt lat="47.60863650" lon="19.14696940"><ele>136.78</ele><time>1980-01-07T12:18:49.772Z</time></trkpt><trkpt lat="47.60863650" lon="19.14696950"><ele>136.77</ele><time>1980-01-07T12:18:49.972Z</time></trkpt><trkpt lat="47.60863650" lon="19.14696950"><ele>136.77</ele><time>1980-01-07T12:18:50.172Z</time></trkpt><trkpt lat="47.60863650" lon="19.14696950"><ele>136.76</ele><time>1980-01-07T12:18:50.372Z</time></trkpt><trkpt lat="47.60863650" lon="19.14696950"><ele>136.76</ele><time>1980-01-07T12:18:50.582Z</time></trkpt><trkpt lat="47.60863650" lon="19.14696960"><ele>136.76</ele><time>1980-01-07T12:18:50.782Z</time></trkpt><trkpt lat="47.60863650" lon="19.14696960"><ele>136.76</ele><time>1980-01-07T12:18:50.982Z</time></trkpt><trkpt lat="47.60863650" lon="19.14696960"><ele>136.76</ele><time>1980-01-07T12:18:51.182Z</time></trkpt><trkpt lat="47.60863650" lon="19.14696970"><ele>136.76</ele><time>1980-01-07T12:18:51.391Z</time></trkpt><trkpt lat="47.60863650" lon="19.14696970"><ele>136.76</ele><time>1980-01-07T12:18:51.592Z</time></trkpt><trkpt lat="47.60863640" lon="19.14696980"><ele>136.76</ele><time>1980-01-07T12:18:51.792Z</time></trkpt><trkpt lat="47.60863640" lon="19.14696980"><ele>136.76</ele><time>1980-01-07T12:18:51.992Z</time></trkpt><trkpt lat="47.60863650" lon="19.14696990"><ele>136.75</ele><time>1980-01-07T12:18:52.192Z</time></trkpt><trkpt lat="47.60863650" lon="19.14696990"><ele>136.75</ele><time>1980-01-07T12:18:52.392Z</time></trkpt><trkpt lat="47.60863650" lon="19.14696990"><ele>136.75</ele><time>1980-01-07T12:18:52.592Z</time></trkpt><trkpt lat="47.60863640" lon="19.14696990"><ele>136.75</ele><time>1980-01-07T12:18:52.792Z</time></trkpt><trkpt lat="47.60863640" lon="19.14696990"><ele>136.75</ele><time>1980-01-07T12:18:52.999Z</time></trkpt><trkpt lat="47.60863640" lon="19.14696990"><ele>136.75</ele><time>1980-01-07T12:18:53.192Z</time></trkpt><trkpt lat="47.60863640" lon="19.14696980"><ele>136.75</ele><time>1980-01-07T12:18:53.401Z</time></trkpt><trkpt lat="47.60863640" lon="19.14696980"><ele>136.75</ele><time>1980-01-07T12:18:53.602Z</time></trkpt><trkpt lat="47.60863640" lon="19.14696970"><ele>136.75</ele><time>1980-01-07T12:18:53.802Z</time></trkpt><trkpt lat="47.60863640" lon="19.14696970"><ele>136.76</ele><time>1980-01-07T12:18:54.000Z</time></trkpt><trkpt lat="47.60863640" lon="19.14696970"><ele>136.76</ele><time>1980-01-07T12:18:54.202Z</time></trkpt><trkpt lat="47.60863640" lon="19.14696970"><ele>136.76</ele><time>1980-01-07T12:18:54.402Z</time></trkpt><trkpt lat="47.60863640" lon="19.14696970"><ele>136.76</ele><time>1980-01-07T12:18:54.602Z</time></trkpt><trkpt lat="47.60863640" lon="19.14696980"><ele>136.77</ele><time>1980-01-07T12:18:54.802Z</time></trkpt><trkpt lat="47.60863640" lon="19.14696980"><ele>136.77</ele><time>1980-01-07T12:18:55.012Z</time></trkpt><trkpt lat="47.60863640" lon="19.14696980"><ele>136.77</ele><time>1980-01-07T12:18:55.202Z</time></trkpt><trkpt lat="47.60863630" lon="19.14696970"><ele>136.77</ele><time>1980-01-07T12:18:55.402Z</time></trkpt><trkpt lat="47.60863630" lon="19.14696970"><ele>136.77</ele><time>1980-01-07T12:18:55.602Z</time></trkpt><trkpt lat="47.60863630" lon="19.14696970"><ele>136.77</ele><time>1980-01-07T12:18:55.802Z</time></trkpt><trkpt lat="47.60863630" lon="19.14696960"><ele>136.77</ele><time>1980-01-07T12:18:56.002Z</time></trkpt><trkpt lat="47.60863630" lon="19.14696960"><ele>136.77</ele><time>1980-01-07T12:18:56.202Z</time></trkpt><trkpt lat="47.60863630" lon="19.14696970"><ele>136.77</ele><time>1980-01-07T12:18:56.412Z</time></trkpt><trkpt lat="47.60863630" lon="19.14696970"><ele>136.76</ele><time>1980-01-07T12:18:56.612Z</time></trkpt><trkpt lat="47.60863630" lon="19.14696970"><ele>136.76</ele><time>1980-01-07T12:18:56.812Z</time></trkpt><trkpt lat="47.60863620" lon="19.14696970"><ele>136.76</ele><time>1980-01-07T12:18:57.020Z</time></trkpt><trkpt lat="47.60863620" lon="19.14696970"><ele>136.75</ele><time>1980-01-07T12:18:57.222Z</time></trkpt><trkpt lat="47.60863630" lon="19.14696970"><ele>136.75</ele><time>1980-01-07T12:18:57.423Z</time></trkpt><trkpt lat="47.60863630" lon="19.14696980"><ele>136.75</ele><time>1980-01-07T12:18:57.622Z</time></trkpt><trkpt lat="47.60863630" lon="19.14696980"><ele>136.75</ele><time>1980-01-07T12:18:57.822Z</time></trkpt><trkpt lat="47.60863630" lon="19.14696980"><ele>136.75</ele><time>1980-01-07T12:18:58.022Z</time></trkpt><trkpt lat="47.60863640" lon="19.14696980"><ele>136.75</ele><time>1980-01-07T12:18:58.222Z</time></trkpt><trkpt lat="47.60863640" lon="19.14696980"><ele>136.75</ele><time>1980-01-07T12:18:58.422Z</time></trkpt><trkpt lat="47.60863640" lon="19.14696970"><ele>136.74</ele><time>1980-01-07T12:18:58.622Z</time></trkpt><trkpt lat="47.60863650" lon="19.14696970"><ele>136.74</ele><time>1980-01-07T12:18:58.822Z</time></trkpt><trkpt lat="47.60863650" lon="19.14696970"><ele>136.74</ele><time>1980-01-07T12:18:59.029Z</time></trkpt><trkpt lat="47.60863650" lon="19.14696970"><ele>136.74</ele><time>1980-01-07T12:18:59.232Z</time></trkpt><trkpt lat="47.60863650" lon="19.14696970"><ele>136.75</ele><time>1980-01-07T12:18:59.431Z</time></trkpt><trkpt lat="47.60863660" lon="19.14696970"><ele>136.75</ele><time>1980-01-07T12:18:59.631Z</time></trkpt><trkpt lat="47.60863660" lon="19.14696960"><ele>136.76</ele><time>1980-01-07T12:18:59.831Z</time></trkpt><trkpt lat="47.60863660" lon="19.14696950"><ele>136.77</ele><time>1980-01-07T12:19:00.032Z</time></trkpt><trkpt lat="47.60863650" lon="19.14696940"><ele>136.77</ele><time>1980-01-07T12:19:00.232Z</time></trkpt><trkpt lat="47.60863650" lon="19.14696940"><ele>136.77</ele><time>1980-01-07T12:19:00.432Z</time></trkpt><trkpt lat="47.60863650" lon="19.14696940"><ele>136.77</ele><time>1980-01-07T12:19:00.632Z</time></trkpt><trkpt lat="47.60863650" lon="19.14696940"><ele>136.77</ele><time>1980-01-07T12:19:00.832Z</time></trkpt><trkpt lat="47.60863650" lon="19.14696930"><ele>136.78</ele><time>1980-01-07T12:19:01.032Z</time></trkpt><trkpt lat="47.60863640" lon="19.14696930"><ele>136.77</ele><time>1980-01-07T12:19:01.232Z</time></trkpt><trkpt lat="47.60863640" lon="19.14696920"><ele>136.77</ele><time>1980-01-07T12:19:01.432Z</time></trkpt><trkpt lat="47.60863640" lon="19.14696920"><ele>136.77</ele><time>1980-01-07T12:19:01.632Z</time></trkpt><trkpt lat="47.60863640" lon="19.14696920"><ele>136.77</ele><time>1980-01-07T12:19:01.832Z</time></trkpt><trkpt lat="47.60863640" lon="19.14696920"><ele>136.77</ele><time>1980-01-07T12:19:02.032Z</time></trkpt><trkpt lat="47.60863640" lon="19.14696910"><ele>136.77</ele><time>1980-01-07T12:19:02.232Z</time></trkpt><trkpt lat="47.60863640" lon="19.14696910"><ele>136.77</ele><time>1980-01-07T12:19:02.432Z</time></trkpt><trkpt lat="47.60863640" lon="19.14696900"><ele>136.77</ele><time>1980-01-07T12:19:02.632Z</time></trkpt><trkpt lat="47.60863640" lon="19.14696900"><ele>136.77</ele><time>1980-01-07T12:19:02.842Z</time></trkpt><trkpt lat="47.60863640" lon="19.14696890"><ele>136.77</ele><time>1980-01-07T12:19:03.043Z</time></trkpt><trkpt lat="47.60863640" lon="19.14696890"><ele>136.77</ele><time>1980-01-07T12:19:03.250Z</time></trkpt><trkpt lat="47.60863640" lon="19.14696880"><ele>136.77</ele><time>1980-01-07T12:19:03.450Z</time></trkpt><trkpt lat="47.60863640" lon="19.14696880"><ele>136.78</ele><time>1980-01-07T12:19:03.651Z</time></trkpt><trkpt lat="47.60863640" lon="19.14696890"><ele>136.78</ele><time>1980-01-07T12:19:03.852Z</time></trkpt><trkpt lat="47.60863640" lon="19.14696890"><ele>136.79</ele><time>1980-01-07T12:19:04.052Z</time></trkpt><trkpt lat="47.60863640" lon="19.14696900"><ele>136.79</ele><time>1980-01-07T12:19:04.252Z</time></trkpt><trkpt lat="47.60863640" lon="19.14696900"><ele>136.78</ele><time>1980-01-07T12:19:04.452Z</time></trkpt><trkpt lat="47.60863640" lon="19.14696900"><ele>136.78</ele><time>1980-01-07T12:19:04.652Z</time></trkpt><trkpt lat="47.60863650" lon="19.14696910"><ele>136.78</ele><time>1980-01-07T12:19:04.852Z</time></trkpt><trkpt lat="47.60863650" lon="19.14696910"><ele>136.77</ele><time>1980-01-07T12:19:05.052Z</time></trkpt><trkpt lat="47.60863650" lon="19.14696910"><ele>136.77</ele><time>1980-01-07T12:19:05.242Z</time></trkpt><trkpt lat="47.60863650" lon="19.14696920"><ele>136.77</ele><time>1980-01-07T12:19:05.442Z</time></trkpt><trkpt lat="47.60863660" lon="19.14696920"><ele>136.77</ele><time>1980-01-07T12:19:05.642Z</time></trkpt><trkpt lat="47.60863660" lon="19.14696920"><ele>136.77</ele><time>1980-01-07T12:19:05.842Z</time></trkpt><trkpt lat="47.60863660" lon="19.14696920"><ele>136.77</ele><time>1980-01-07T12:19:06.046Z</time></trkpt><trkpt lat="47.60863660" lon="19.14696920"><ele>136.77</ele><time>1980-01-07T12:19:06.249Z</time></trkpt><trkpt lat="47.60863660" lon="19.14696920"><ele>136.78</ele><time>1980-01-07T12:19:06.452Z</time></trkpt><trkpt lat="47.60863660" lon="19.14696910"><ele>136.78</ele><time>1980-01-07T12:19:06.652Z</time></trkpt><trkpt lat="47.60863660" lon="19.14696910"><ele>136.79</ele><time>1980-01-07T12:19:06.852Z</time></trkpt><trkpt lat="47.60863660" lon="19.14696900"><ele>136.79</ele><time>1980-01-07T12:19:07.052Z</time></trkpt><trkpt lat="47.60863660" lon="19.14696890"><ele>136.79</ele><time>1980-01-07T12:19:07.252Z</time></trkpt><trkpt lat="47.60863660" lon="19.14696890"><ele>136.79</ele><time>1980-01-07T12:19:07.452Z</time></trkpt><trkpt lat="47.60863660" lon="19.14696890"><ele>136.79</ele><time>1980-01-07T12:19:07.652Z</time></trkpt><trkpt lat="47.60863660" lon="19.14696890"><ele>136.79</ele><time>1980-01-07T12:19:07.852Z</time></trkpt><trkpt lat="47.60863670" lon="19.14696900"><ele>136.79</ele><time>1980-01-07T12:19:08.049Z</time></trkpt><trkpt lat="47.60863670" lon="19.14696900"><ele>136.78</ele><time>1980-01-07T12:19:08.252Z</time></trkpt><trkpt lat="47.60863670" lon="19.14696900"><ele>136.78</ele><time>1980-01-07T12:19:08.452Z</time></trkpt><trkpt lat="47.60863670" lon="19.14696900"><ele>136.78</ele><time>1980-01-07T12:19:08.652Z</time></trkpt><trkpt lat="47.60863670" lon="19.14696900"><ele>136.77</ele><time>1980-01-07T12:19:08.852Z</time></trkpt><trkpt lat="47.60863670" lon="19.14696900"><ele>136.77</ele><time>1980-01-07T12:19:09.052Z</time></trkpt><trkpt lat="47.60863660" lon="19.14696890"><ele>136.77</ele><time>1980-01-07T12:19:09.262Z</time></trkpt><trkpt lat="47.60863660" lon="19.14696890"><ele>136.77</ele><time>1980-01-07T12:19:09.462Z</time></trkpt><trkpt lat="47.60863660" lon="19.14696890"><ele>136.77</ele><time>1980-01-07T12:19:09.653Z</time></trkpt><trkpt lat="47.60863660" lon="19.14696880"><ele>136.77</ele><time>1980-01-07T12:19:09.853Z</time></trkpt><trkpt lat="47.60863660" lon="19.14696880"><ele>136.76</ele><time>1980-01-07T12:19:10.054Z</time></trkpt><trkpt lat="47.60863660" lon="19.14696880"><ele>136.76</ele><time>1980-01-07T12:19:10.253Z</time></trkpt><trkpt lat="47.60863660" lon="19.14696880"><ele>136.76</ele><time>1980-01-07T12:19:10.454Z</time></trkpt><trkpt lat="47.60863660" lon="19.14696880"><ele>136.75</ele><time>1980-01-07T12:19:10.654Z</time></trkpt><trkpt lat="47.60863660" lon="19.14696890"><ele>136.75</ele><time>1980-01-07T12:19:10.854Z</time></trkpt><trkpt lat="47.60863660" lon="19.14696890"><ele>136.75</ele><time>1980-01-07T12:19:11.055Z</time></trkpt><trkpt lat="47.60863660" lon="19.14696900"><ele>136.75</ele><time>1980-01-07T12:19:11.255Z</time></trkpt><trkpt lat="47.60863650" lon="19.14696900"><ele>136.75</ele><time>1980-01-07T12:19:11.456Z</time></trkpt><trkpt lat="47.60863650" lon="19.14696900"><ele>136.76</ele><time>1980-01-07T12:19:11.656Z</time></trkpt><trkpt lat="47.60863650" lon="19.14696910"><ele>136.76</ele><time>1980-01-07T12:19:11.856Z</time></trkpt><trkpt lat="47.60863650" lon="19.14696920"><ele>136.76</ele><time>1980-01-07T12:19:12.056Z</time></trkpt><trkpt lat="47.60863650" lon="19.14696930"><ele>136.76</ele><time>1980-01-07T12:19:12.257Z</time></trkpt><trkpt lat="47.60863640" lon="19.14696930"><ele>136.76</ele><time>1980-01-07T12:19:12.457Z</time></trkpt><trkpt lat="47.60863640" lon="19.14696940"><ele>136.76</ele><time>1980-01-07T12:19:12.658Z</time></trkpt><trkpt lat="47.60863640" lon="19.14696950"><ele>136.76</ele><time>1980-01-07T12:19:12.858Z</time></trkpt><trkpt lat="47.60863640" lon="19.14696960"><ele>136.76</ele><time>1980-01-07T12:19:13.053Z</time></trkpt><trkpt lat="47.60863640" lon="19.14696970"><ele>136.76</ele><time>1980-01-07T12:19:13.260Z</time></trkpt><trkpt lat="47.60863640" lon="19.14696980"><ele>136.76</ele><time>1980-01-07T12:19:13.460Z</time></trkpt><trkpt lat="47.60863640" lon="19.14696980"><ele>136.76</ele><time>1980-01-07T12:19:13.660Z</time></trkpt><trkpt lat="47.60863640" lon="19.14696980"><ele>136.76</ele><time>1980-01-07T12:19:13.860Z</time></trkpt><trkpt lat="47.60863630" lon="19.14696980"><ele>136.76</ele><time>1980-01-07T12:19:14.060Z</time></trkpt><trkpt lat="47.60863630" lon="19.14696970"><ele>136.76</ele><time>1980-01-07T12:19:14.261Z</time></trkpt><trkpt lat="47.60863630" lon="19.14696970"><ele>136.76</ele><time>1980-01-07T12:19:14.462Z</time></trkpt><trkpt lat="47.60863630" lon="19.14696970"><ele>136.75</ele><time>1980-01-07T12:19:14.662Z</time></trkpt><trkpt lat="47.60863630" lon="19.14696970"><ele>136.75</ele><time>1980-01-07T12:19:14.862Z</time></trkpt><trkpt lat="47.60863630" lon="19.14696980"><ele>136.76</ele><time>1980-01-07T12:19:15.061Z</time></trkpt><trkpt lat="47.60863630" lon="19.14696990"><ele>136.76</ele><time>1980-01-07T12:19:15.263Z</time></trkpt><trkpt lat="47.60863640" lon="19.14696990"><ele>136.76</ele><time>1980-01-07T12:19:15.462Z</time></trkpt><trkpt lat="47.60863640" lon="19.14696990"><ele>136.76</ele><time>1980-01-07T12:19:15.662Z</time></trkpt><trkpt lat="47.60863640" lon="19.14696990"><ele>136.76</ele><time>1980-01-07T12:19:15.862Z</time></trkpt><trkpt lat="47.60863640" lon="19.14696990"><ele>136.76</ele><time>1980-01-07T12:19:16.060Z</time></trkpt><trkpt lat="47.60863640" lon="19.14696990"><ele>136.76</ele><time>1980-01-07T12:19:16.262Z</time></trkpt><trkpt lat="47.60863650" lon="19.14697000"><ele>136.76</ele><time>1980-01-07T12:19:16.462Z</time></trkpt><trkpt lat="47.60863650" lon="19.14697000"><ele>136.76</ele><time>1980-01-07T12:19:16.662Z</time></trkpt><trkpt lat="47.60863650" lon="19.14697000"><ele>136.76</ele><time>1980-01-07T12:19:16.862Z</time></trkpt><trkpt lat="47.60863650" lon="19.14696990"><ele>136.77</ele><time>1980-01-07T12:19:17.054Z</time></trkpt><trkpt lat="47.60863650" lon="19.14696990"><ele>136.77</ele><time>1980-01-07T12:19:17.262Z</time></trkpt><trkpt lat="47.60863660" lon="19.14696980"><ele>136.77</ele><time>1980-01-07T12:19:17.462Z</time></trkpt><trkpt lat="47.60863660" lon="19.14696980"><ele>136.77</ele><time>1980-01-07T12:19:17.672Z</time></trkpt><trkpt lat="47.60863660" lon="19.14696980"><ele>136.78</ele><time>1980-01-07T12:19:17.872Z</time></trkpt><trkpt lat="47.60863670" lon="19.14696980"><ele>136.78</ele><time>1980-01-07T12:19:18.063Z</time></trkpt><trkpt lat="47.60863670" lon="19.14696980"><ele>136.78</ele><time>1980-01-07T12:19:18.272Z</time></trkpt><trkpt lat="47.60863670" lon="19.14696980"><ele>136.78</ele><time>1980-01-07T12:19:18.472Z</time></trkpt><trkpt lat="47.60863670" lon="19.14696980"><ele>136.78</ele><time>1980-01-07T12:19:18.672Z</time></trkpt><trkpt lat="47.60863660" lon="19.14696980"><ele>136.78</ele><time>1980-01-07T12:19:18.872Z</time></trkpt><trkpt lat="47.60863660" lon="19.14696980"><ele>136.78</ele><time>1980-01-07T12:19:19.072Z</time></trkpt><trkpt lat="47.60863660" lon="19.14696980"><ele>136.78</ele><time>1980-01-07T12:19:19.272Z</time></trkpt><trkpt lat="47.60863670" lon="19.14696980"><ele>136.78</ele><time>1980-01-07T12:19:19.472Z</time></trkpt><trkpt lat="47.60863660" lon="19.14696980"><ele>136.77</ele><time>1980-01-07T12:19:19.672Z</time></trkpt><trkpt lat="47.60863660" lon="19.14696990"><ele>136.76</ele><time>1980-01-07T12:19:19.872Z</time></trkpt><trkpt lat="47.60863660" lon="19.14696990"><ele>136.76</ele><time>1980-01-07T12:19:20.064Z</time></trkpt><trkpt lat="47.60863660" lon="19.14697000"><ele>136.75</ele><time>1980-01-07T12:19:20.262Z</time></trkpt><trkpt lat="47.60863650" lon="19.14697010"><ele>136.75</ele><time>1980-01-07T12:19:20.464Z</time></trkpt><trkpt lat="47.60863650" lon="19.14697010"><ele>136.75</ele><time>1980-01-07T12:19:20.664Z</time></trkpt><trkpt lat="47.60863650" lon="19.14697010"><ele>136.74</ele><time>1980-01-07T12:19:20.865Z</time></trkpt><trkpt lat="47.60863650" lon="19.14697010"><ele>136.74</ele><time>1980-01-07T12:19:21.064Z</time></trkpt><trkpt lat="47.60863650" lon="19.14697010"><ele>136.74</ele><time>1980-01-07T12:19:21.264Z</time></trkpt><trkpt lat="47.60863650" lon="19.14697010"><ele>136.74</ele><time>1980-01-07T12:19:21.465Z</time></trkpt><trkpt lat="47.60863650" lon="19.14697000"><ele>136.74</ele><time>1980-01-07T12:19:21.666Z</time></trkpt><trkpt lat="47.60863650" lon="19.14697000"><ele>136.74</ele><time>1980-01-07T12:19:21.867Z</time></trkpt><trkpt lat="47.60863650" lon="19.14696990"><ele>136.74</ele><time>1980-01-07T12:19:22.069Z</time></trkpt><trkpt lat="47.60863650" lon="19.14696990"><ele>136.75</ele><time>1980-01-07T12:19:22.269Z</time></trkpt><trkpt lat="47.60863650" lon="19.14696990"><ele>136.75</ele><time>1980-01-07T12:19:22.469Z</time></trkpt><trkpt lat="47.60863650" lon="19.14696980"><ele>136.76</ele><time>1980-01-07T12:19:22.670Z</time></trkpt><trkpt lat="47.60863650" lon="19.14696980"><ele>136.76</ele><time>1980-01-07T12:19:22.871Z</time></trkpt><trkpt lat="47.60863650" lon="19.14696980"><ele>136.76</ele><time>1980-01-07T12:19:23.071Z</time></trkpt><trkpt lat="47.60863650" lon="19.14696970"><ele>136.77</ele><time>1980-01-07T12:19:23.274Z</time></trkpt><trkpt lat="47.60863650" lon="19.14696960"><ele>136.78</ele><time>1980-01-07T12:19:23.472Z</time></trkpt><trkpt lat="47.60863650" lon="19.14696960"><ele>136.78</ele><time>1980-01-07T12:19:23.672Z</time></trkpt><trkpt lat="47.60863650" lon="19.14696950"><ele>136.78</ele><time>1980-01-07T12:19:23.872Z</time></trkpt><trkpt lat="47.60863650" lon="19.14696950"><ele>136.79</ele><time>1980-01-07T12:19:24.072Z</time></trkpt><trkpt lat="47.60863650" lon="19.14696950"><ele>136.79</ele><time>1980-01-07T12:19:24.272Z</time></trkpt><trkpt lat="47.60863640" lon="19.14696950"><ele>136.79</ele><time>1980-01-07T12:19:24.472Z</time></trkpt><trkpt lat="47.60863640" lon="19.14696960"><ele>136.79</ele><time>1980-01-07T12:19:24.672Z</time></trkpt><trkpt lat="47.60863640" lon="19.14696970"><ele>136.80</ele><time>1980-01-07T12:19:24.872Z</time></trkpt><trkpt lat="47.60863640" lon="19.14696970"><ele>136.80</ele><time>1980-01-07T12:19:25.072Z</time></trkpt><trkpt lat="47.60863640" lon="19.14696980"><ele>136.80</ele><time>1980-01-07T12:19:25.272Z</time></trkpt><trkpt lat="47.60863630" lon="19.14696980"><ele>136.80</ele><time>1980-01-07T12:19:25.472Z</time></trkpt><trkpt lat="47.60863630" lon="19.14696980"><ele>136.80</ele><time>1980-01-07T12:19:25.672Z</time></trkpt><trkpt lat="47.60863630" lon="19.14696980"><ele>136.80</ele><time>1980-01-07T12:19:25.872Z</time></trkpt><trkpt lat="47.60863630" lon="19.14696980"><ele>136.80</ele><time>1980-01-07T12:19:26.072Z</time></trkpt><trkpt lat="47.60863630" lon="19.14696980"><ele>136.80</ele><time>1980-01-07T12:19:26.282Z</time></trkpt><trkpt lat="47.60863640" lon="19.14696980"><ele>136.80</ele><time>1980-01-07T12:19:26.482Z</time></trkpt><trkpt lat="47.60863640" lon="19.14696980"><ele>136.80</ele><time>1980-01-07T12:19:26.682Z</time></trkpt><trkpt lat="47.60863640" lon="19.14696980"><ele>136.80</ele><time>1980-01-07T12:19:26.882Z</time></trkpt><trkpt lat="47.60863630" lon="19.14696970"><ele>136.80</ele><time>1980-01-07T12:19:27.082Z</time></trkpt><trkpt lat="47.60863630" lon="19.14696970"><ele>136.81</ele><time>1980-01-07T12:19:27.282Z</time></trkpt><trkpt lat="47.60863630" lon="19.14696980"><ele>136.81</ele><time>1980-01-07T12:19:27.482Z</time></trkpt><trkpt lat="47.60863630" lon="19.14696980"><ele>136.81</ele><time>1980-01-07T12:19:27.682Z</time></trkpt><trkpt lat="47.60863630" lon="19.14696980"><ele>136.81</ele><time>1980-01-07T12:19:27.882Z</time></trkpt><trkpt lat="47.60863630" lon="19.14696980"><ele>136.81</ele><time>1980-01-07T12:19:28.091Z</time></trkpt><trkpt lat="47.60863620" lon="19.14696980"><ele>136.81</ele><time>1980-01-07T12:19:28.292Z</time></trkpt><trkpt lat="47.60863620" lon="19.14696980"><ele>136.81</ele><time>1980-01-07T12:19:28.492Z</time></trkpt><trkpt lat="47.60863620" lon="19.14696990"><ele>136.81</ele><time>1980-01-07T12:19:28.692Z</time></trkpt><trkpt lat="47.60863620" lon="19.14696990"><ele>136.82</ele><time>1980-01-07T12:19:28.892Z</time></trkpt><trkpt lat="47.60863630" lon="19.14696990"><ele>136.82</ele><time>1980-01-07T12:19:29.092Z</time></trkpt><trkpt lat="47.60863630" lon="19.14696990"><ele>136.82</ele><time>1980-01-07T12:19:29.292Z</time></trkpt><trkpt lat="47.60863630" lon="19.14696990"><ele>136.82</ele><time>1980-01-07T12:19:29.492Z</time></trkpt><trkpt lat="47.60863630" lon="19.14696990"><ele>136.82</ele><time>1980-01-07T12:19:29.692Z</time></trkpt><trkpt lat="47.60863630" lon="19.14696990"><ele>136.82</ele><time>1980-01-07T12:19:29.892Z</time></trkpt><trkpt lat="47.60863630" lon="19.14696990"><ele>136.82</ele><time>1980-01-07T12:19:30.092Z</time></trkpt><trkpt lat="47.60863630" lon="19.14696980"><ele>136.82</ele><time>1980-01-07T12:19:30.292Z</time></trkpt><trkpt lat="47.60863630" lon="19.14696980"><ele>136.82</ele><time>1980-01-07T12:19:30.502Z</time></trkpt><trkpt lat="47.60863630" lon="19.14696980"><ele>136.82</ele><time>1980-01-07T12:19:30.702Z</time></trkpt><trkpt lat="47.60863630" lon="19.14696970"><ele>136.81</ele><time>1980-01-07T12:19:30.901Z</time></trkpt><trkpt lat="47.60863640" lon="19.14696960"><ele>136.81</ele><time>1980-01-07T12:19:31.102Z</time></trkpt><trkpt lat="47.60863640" lon="19.14696960"><ele>136.81</ele><time>1980-01-07T12:19:31.302Z</time></trkpt><trkpt lat="47.60863640" lon="19.14696950"><ele>136.82</ele><time>1980-01-07T12:19:31.502Z</time></trkpt><trkpt lat="47.60863640" lon="19.14696940"><ele>136.82</ele><time>1980-01-07T12:19:31.712Z</time></trkpt><trkpt lat="47.60863650" lon="19.14696930"><ele>136.82</ele><time>1980-01-07T12:19:31.903Z</time></trkpt><trkpt lat="47.60863650" lon="19.14696930"><ele>136.83</ele><time>1980-01-07T12:19:32.112Z</time></trkpt><trkpt lat="47.60863650" lon="19.14696920"><ele>136.83</ele><time>1980-01-07T12:19:32.312Z</time></trkpt><trkpt lat="47.60863650" lon="19.14696920"><ele>136.83</ele><time>1980-01-07T12:19:32.512Z</time></trkpt><trkpt lat="47.60863660" lon="19.14696920"><ele>136.83</ele><time>1980-01-07T12:19:32.712Z</time></trkpt><trkpt lat="47.60863660" lon="19.14696920"><ele>136.84</ele><time>1980-01-07T12:19:32.904Z</time></trkpt><trkpt lat="47.60863660" lon="19.14696920"><ele>136.84</ele><time>1980-01-07T12:19:33.112Z</time></trkpt><trkpt lat="47.60863650" lon="19.14696920"><ele>136.84</ele><time>1980-01-07T12:19:33.322Z</time></trkpt><trkpt lat="47.60863650" lon="19.14696910"><ele>136.84</ele><time>1980-01-07T12:19:33.522Z</time></trkpt><trkpt lat="47.60863650" lon="19.14696910"><ele>136.84</ele><time>1980-01-07T12:19:33.722Z</time></trkpt><trkpt lat="47.60863650" lon="19.14696910"><ele>136.84</ele><time>1980-01-07T12:19:33.922Z</time></trkpt><trkpt lat="47.60863650" lon="19.14696910"><ele>136.84</ele><time>1980-01-07T12:19:34.122Z</time></trkpt><trkpt lat="47.60863650" lon="19.14696920"><ele>136.84</ele><time>1980-01-07T12:19:34.322Z</time></trkpt><trkpt lat="47.60863650" lon="19.14696920"><ele>136.85</ele><time>1980-01-07T12:19:34.530Z</time></trkpt><trkpt lat="47.60863650" lon="19.14696910"><ele>136.85</ele><time>1980-01-07T12:19:34.731Z</time></trkpt><trkpt lat="47.60863650" lon="19.14696900"><ele>136.85</ele><time>1980-01-07T12:19:34.932Z</time></trkpt><trkpt lat="47.60863650" lon="19.14696900"><ele>136.85</ele><time>1980-01-07T12:19:35.132Z</time></trkpt><trkpt lat="47.60863650" lon="19.14696890"><ele>136.85</ele><time>1980-01-07T12:19:35.332Z</time></trkpt><trkpt lat="47.60863650" lon="19.14696890"><ele>136.85</ele><time>1980-01-07T12:19:35.532Z</time></trkpt><trkpt lat="47.60863660" lon="19.14696890"><ele>136.85</ele><time>1980-01-07T12:19:35.732Z</time></trkpt><trkpt lat="47.60863650" lon="19.14696900"><ele>136.85</ele><time>1980-01-07T12:19:35.932Z</time></trkpt><trkpt lat="47.60863650" lon="19.14696900"><ele>136.85</ele><time>1980-01-07T12:19:36.132Z</time></trkpt><trkpt lat="47.60863650" lon="19.14696900"><ele>136.85</ele><time>1980-01-07T12:19:36.332Z</time></trkpt><trkpt lat="47.60863650" lon="19.14696910"><ele>136.85</ele><time>1980-01-07T12:19:36.532Z</time></trkpt><trkpt lat="47.60863650" lon="19.14696910"><ele>136.86</ele><time>1980-01-07T12:19:36.732Z</time></trkpt><trkpt lat="47.60863640" lon="19.14696910"><ele>136.86</ele><time>1980-01-07T12:19:36.932Z</time></trkpt><trkpt lat="47.60863640" lon="19.14696910"><ele>136.86</ele><time>1980-01-07T12:19:37.132Z</time></trkpt><trkpt lat="47.60863640" lon="19.14696910"><ele>136.86</ele><time>1980-01-07T12:19:37.332Z</time></trkpt><trkpt lat="47.60863640" lon="19.14696920"><ele>136.86</ele><time>1980-01-07T12:19:37.532Z</time></trkpt><trkpt lat="47.60863640" lon="19.14696920"><ele>136.85</ele><time>1980-01-07T12:19:37.732Z</time></trkpt><trkpt lat="47.60863640" lon="19.14696930"><ele>136.85</ele><time>1980-01-07T12:19:37.932Z</time></trkpt><trkpt lat="47.60863640" lon="19.14696930"><ele>136.85</ele><time>1980-01-07T12:19:38.132Z</time></trkpt><trkpt lat="47.60863650" lon="19.14696940"><ele>136.84</ele><time>1980-01-07T12:19:38.332Z</time></trkpt><trkpt lat="47.60863650" lon="19.14696940"><ele>136.84</ele><time>1980-01-07T12:19:38.532Z</time></trkpt><trkpt lat="47.60863650" lon="19.14696940"><ele>136.84</ele><time>1980-01-07T12:19:38.732Z</time></trkpt><trkpt lat="47.60863650" lon="19.14696930"><ele>136.84</ele><time>1980-01-07T12:19:38.932Z</time></trkpt><trkpt lat="47.60863650" lon="19.14696930"><ele>136.84</ele><time>1980-01-07T12:19:39.132Z</time></trkpt><trkpt lat="47.60863650" lon="19.14696930"><ele>136.84</ele><time>1980-01-07T12:19:39.332Z</time></trkpt><trkpt lat="47.60863650" lon="19.14696920"><ele>136.84</ele><time>1980-01-07T12:19:39.541Z</time></trkpt><trkpt lat="47.60863650" lon="19.14696920"><ele>136.84</ele><time>1980-01-07T12:19:39.742Z</time></trkpt><trkpt lat="47.60863650" lon="19.14696920"><ele>136.84</ele><time>1980-01-07T12:19:39.942Z</time></trkpt><trkpt lat="47.60863640" lon="19.14696920"><ele>136.84</ele><time>1980-01-07T12:19:40.142Z</time></trkpt><trkpt lat="47.60863640" lon="19.14696910"><ele>136.84</ele><time>1980-01-07T12:19:40.342Z</time></trkpt><trkpt lat="47.60863640" lon="19.14696910"><ele>136.85</ele><time>1980-01-07T12:19:40.542Z</time></trkpt><trkpt lat="47.60863640" lon="19.14696910"><ele>136.85</ele><time>1980-01-07T12:19:40.742Z</time></trkpt><trkpt lat="47.60863640" lon="19.14696910"><ele>136.84</ele><time>1980-01-07T12:19:40.942Z</time></trkpt><trkpt lat="47.60863650" lon="19.14696910"><ele>136.84</ele><time>1980-01-07T12:19:41.142Z</time></trkpt><trkpt lat="47.60863650" lon="19.14696920"><ele>136.84</ele><time>1980-01-07T12:19:41.342Z</time></trkpt><trkpt lat="47.60863650" lon="19.14696920"><ele>136.84</ele><time>1980-01-07T12:19:41.542Z</time></trkpt><trkpt lat="47.60863650" lon="19.14696920"><ele>136.83</ele><time>1980-01-07T12:19:41.742Z</time></trkpt><trkpt lat="47.60863650" lon="19.14696930"><ele>136.83</ele><time>1980-01-07T12:19:41.932Z</time></trkpt><trkpt lat="47.60863650" lon="19.14696930"><ele>136.83</ele><time>1980-01-07T12:19:42.132Z</time></trkpt><trkpt lat="47.60863640" lon="19.14696930"><ele>136.82</ele><time>1980-01-07T12:19:42.332Z</time></trkpt><trkpt lat="47.60863640" lon="19.14696940"><ele>136.82</ele><time>1980-01-07T12:19:42.532Z</time></trkpt><trkpt lat="47.60863640" lon="19.14696940"><ele>136.82</ele><time>1980-01-07T12:19:42.735Z</time></trkpt><trkpt lat="47.60863640" lon="19.14696940"><ele>136.82</ele><time>1980-01-07T12:19:42.935Z</time></trkpt><trkpt lat="47.60863640" lon="19.14696950"><ele>136.82</ele><time>1980-01-07T12:19:43.136Z</time></trkpt><trkpt lat="47.60863650" lon="19.14696950"><ele>136.82</ele><time>1980-01-07T12:19:43.337Z</time></trkpt><trkpt lat="47.60863650" lon="19.14696950"><ele>136.82</ele><time>1980-01-07T12:19:43.537Z</time></trkpt><trkpt lat="47.60863650" lon="19.14696950"><ele>136.82</ele><time>1980-01-07T12:19:43.737Z</time></trkpt><trkpt lat="47.60863640" lon="19.14696950"><ele>136.83</ele><time>1980-01-07T12:19:43.937Z</time></trkpt><trkpt lat="47.60863640" lon="19.14696950"><ele>136.82</ele><time>1980-01-07T12:19:44.142Z</time></trkpt><trkpt lat="47.60863640" lon="19.14696960"><ele>136.82</ele><time>1980-01-07T12:19:44.342Z</time></trkpt><trkpt lat="47.60863640" lon="19.14696960"><ele>136.82</ele><time>1980-01-07T12:19:44.542Z</time></trkpt><trkpt lat="47.60863640" lon="19.14696960"><ele>136.81</ele><time>1980-01-07T12:19:44.742Z</time></trkpt><trkpt lat="47.60863640" lon="19.14696960"><ele>136.80</ele><time>1980-01-07T12:19:44.942Z</time></trkpt><trkpt lat="47.60863640" lon="19.14696960"><ele>136.80</ele><time>1980-01-07T12:19:45.142Z</time></trkpt><trkpt lat="47.60863640" lon="19.14696960"><ele>136.79</ele><time>1980-01-07T12:19:45.342Z</time></trkpt><trkpt lat="47.60863640" lon="19.14696960"><ele>136.79</ele><time>1980-01-07T12:19:45.542Z</time></trkpt><trkpt lat="47.60863650" lon="19.14696960"><ele>136.78</ele><time>1980-01-07T12:19:45.752Z</time></trkpt><trkpt lat="47.60863650" lon="19.14696960"><ele>136.79</ele><time>1980-01-07T12:19:45.952Z</time></trkpt><trkpt lat="47.60863650" lon="19.14696960"><ele>136.79</ele><time>1980-01-07T12:19:46.152Z</time></trkpt><trkpt lat="47.60863650" lon="19.14696960"><ele>136.79</ele><time>1980-01-07T12:19:46.352Z</time></trkpt><trkpt lat="47.60863650" lon="19.14696960"><ele>136.79</ele><time>1980-01-07T12:19:46.552Z</time></trkpt><trkpt lat="47.60863650" lon="19.14696950"><ele>136.79</ele><time>1980-01-07T12:19:46.752Z</time></trkpt><trkpt lat="47.60863650" lon="19.14696950"><ele>136.78</ele><time>1980-01-07T12:19:46.952Z</time></trkpt><trkpt lat="47.60863650" lon="19.14696960"><ele>136.78</ele><time>1980-01-07T12:19:47.152Z</time></trkpt><trkpt lat="47.60863650" lon="19.14696960"><ele>136.79</ele><time>1980-01-07T12:19:47.362Z</time></trkpt><trkpt lat="47.60863650" lon="19.14696960"><ele>136.79</ele><time>1980-01-07T12:19:47.562Z</time></trkpt><trkpt lat="47.60863650" lon="19.14696960"><ele>136.79</ele><time>1980-01-07T12:19:47.762Z</time></trkpt><trkpt lat="47.60863650" lon="19.14696960"><ele>136.80</ele><time>1980-01-07T12:19:47.962Z</time></trkpt><trkpt lat="47.60863650" lon="19.14696950"><ele>136.80</ele><time>1980-01-07T12:19:48.172Z</time></trkpt><trkpt lat="47.60863650" lon="19.14696950"><ele>136.79</ele><time>1980-01-07T12:19:48.372Z</time></trkpt><trkpt lat="47.60863650" lon="19.14696950"><ele>136.80</ele><time>1980-01-07T12:19:48.572Z</time></trkpt><trkpt lat="47.60863650" lon="19.14696940"><ele>136.80</ele><time>1980-01-07T12:19:48.772Z</time></trkpt><trkpt lat="47.60863650" lon="19.14696940"><ele>136.80</ele><time>1980-01-07T12:19:48.972Z</time></trkpt><trkpt lat="47.60863650" lon="19.14696940"><ele>136.80</ele><time>1980-01-07T12:19:49.172Z</time></trkpt><trkpt lat="47.60863640" lon="19.14696930"><ele>136.80</ele><time>1980-01-07T12:19:49.372Z</time></trkpt><trkpt lat="47.60863640" lon="19.14696930"><ele>136.80</ele><time>1980-01-07T12:19:49.572Z</time></trkpt><trkpt lat="47.60863640" lon="19.14696930"><ele>136.80</ele><time>1980-01-07T12:19:49.772Z</time></trkpt><trkpt lat="47.60863640" lon="19.14696930"><ele>136.80</ele><time>1980-01-07T12:19:49.972Z</time></trkpt><trkpt lat="47.60863640" lon="19.14696930"><ele>136.80</ele><time>1980-01-07T12:19:50.172Z</time></trkpt><trkpt lat="47.60863640" lon="19.14696930"><ele>136.80</ele><time>1980-01-07T12:19:50.372Z</time></trkpt><trkpt lat="47.60863640" lon="19.14696930"><ele>136.80</ele><time>1980-01-07T12:19:50.581Z</time></trkpt><trkpt lat="47.60863640" lon="19.14696940"><ele>136.80</ele><time>1980-01-07T12:19:50.782Z</time></trkpt><trkpt lat="47.60863640" lon="19.14696940"><ele>136.80</ele><time>1980-01-07T12:19:50.983Z</time></trkpt><trkpt lat="47.60863640" lon="19.14696940"><ele>136.80</ele><time>1980-01-07T12:19:51.182Z</time></trkpt><trkpt lat="47.60863640" lon="19.14696940"><ele>136.80</ele><time>1980-01-07T12:19:51.382Z</time></trkpt><trkpt lat="47.60863640" lon="19.14696930"><ele>136.79</ele><time>1980-01-07T12:19:51.582Z</time></trkpt><trkpt lat="47.60863640" lon="19.14696930"><ele>136.79</ele><time>1980-01-07T12:19:51.782Z</time></trkpt><trkpt lat="47.60863640" lon="19.14696930"><ele>136.79</ele><time>1980-01-07T12:19:51.982Z</time></trkpt><trkpt lat="47.60863640" lon="19.14696930"><ele>136.79</ele><time>1980-01-07T12:19:52.182Z</time></trkpt><trkpt lat="47.60863640" lon="19.14696930"><ele>136.79</ele><time>1980-01-07T12:19:52.382Z</time></trkpt><trkpt lat="47.60863640" lon="19.14696930"><ele>136.79</ele><time>1980-01-07T12:19:52.582Z</time></trkpt><trkpt lat="47.60863640" lon="19.14696930"><ele>136.79</ele><time>1980-01-07T12:19:52.782Z</time></trkpt><trkpt lat="47.60863640" lon="19.14696930"><ele>136.79</ele><time>1980-01-07T12:19:52.982Z</time></trkpt><trkpt lat="47.60863640" lon="19.14696920"><ele>136.80</ele><time>1980-01-07T12:19:53.182Z</time></trkpt><trkpt lat="47.60863640" lon="19.14696920"><ele>136.80</ele><time>1980-01-07T12:19:53.382Z</time></trkpt><trkpt lat="47.60863650" lon="19.14696920"><ele>136.79</ele><time>1980-01-07T12:19:53.582Z</time></trkpt><trkpt lat="47.60863650" lon="19.14696920"><ele>136.80</ele><time>1980-01-07T12:19:53.782Z</time></trkpt><trkpt lat="47.60863650" lon="19.14696920"><ele>136.80</ele><time>1980-01-07T12:19:53.982Z</time></trkpt><trkpt lat="47.60863650" lon="19.14696920"><ele>136.80</ele><time>1980-01-07T12:19:54.182Z</time></trkpt><trkpt lat="47.60863650" lon="19.14696920"><ele>136.80</ele><time>1980-01-07T12:19:54.382Z</time></trkpt><trkpt lat="47.60863650" lon="19.14696920"><ele>136.80</ele><time>1980-01-07T12:19:54.582Z</time></trkpt><trkpt lat="47.60863640" lon="19.14696920"><ele>136.80</ele><time>1980-01-07T12:19:54.782Z</time></trkpt><trkpt lat="47.60863640" lon="19.14696920"><ele>136.80</ele><time>1980-01-07T12:19:54.982Z</time></trkpt><trkpt lat="47.60863640" lon="19.14696920"><ele>136.80</ele><time>1980-01-07T12:19:55.182Z</time></trkpt><trkpt lat="47.60863640" lon="19.14696920"><ele>136.80</ele><time>1980-01-07T12:19:55.382Z</time></trkpt><trkpt lat="47.60863640" lon="19.14696910"><ele>136.80</ele><time>1980-01-07T12:19:55.582Z</time></trkpt><trkpt lat="47.60863640" lon="19.14696910"><ele>136.81</ele><time>1980-01-07T12:19:55.782Z</time></trkpt><trkpt lat="47.60863640" lon="19.14696910"><ele>136.81</ele><time>1980-01-07T12:19:55.982Z</time></trkpt><trkpt lat="47.60863640" lon="19.14696910"><ele>136.81</ele><time>1980-01-07T12:19:56.182Z</time></trkpt><trkpt lat="47.60863640" lon="19.14696910"><ele>136.82</ele><time>1980-01-07T12:19:56.382Z</time></trkpt><trkpt lat="47.60863640" lon="19.14696910"><ele>136.82</ele><time>1980-01-07T12:19:56.582Z</time></trkpt><trkpt lat="47.60863640" lon="19.14696910"><ele>136.82</ele><time>1980-01-07T12:19:56.782Z</time></trkpt><trkpt lat="47.60863640" lon="19.14696910"><ele>136.82</ele><time>1980-01-07T12:19:56.982Z</time></trkpt><trkpt lat="47.60863640" lon="19.14696910"><ele>136.82</ele><time>1980-01-07T12:19:57.183Z</time></trkpt><trkpt lat="47.60863640" lon="19.14696910"><ele>136.82</ele><time>1980-01-07T12:19:57.383Z</time></trkpt><trkpt lat="47.60863640" lon="19.14696910"><ele>136.82</ele><time>1980-01-07T12:19:57.584Z</time></trkpt><trkpt lat="47.60863640" lon="19.14696910"><ele>136.82</ele><time>1980-01-07T12:19:57.786Z</time></trkpt><trkpt lat="47.60863640" lon="19.14696920"><ele>136.82</ele><time>1980-01-07T12:19:57.987Z</time></trkpt><trkpt lat="47.60863640" lon="19.14696920"><ele>136.82</ele><time>1980-01-07T12:19:58.188Z</time></trkpt><trkpt lat="47.60863640" lon="19.14696920"><ele>136.82</ele><time>1980-01-07T12:19:58.390Z</time></trkpt><trkpt lat="47.60863640" lon="19.14696920"><ele>136.81</ele><time>1980-01-07T12:19:58.591Z</time></trkpt><trkpt lat="47.60863650" lon="19.14696930"><ele>136.81</ele><time>1980-01-07T12:19:58.792Z</time></trkpt><trkpt lat="47.60863650" lon="19.14696930"><ele>136.81</ele><time>1980-01-07T12:19:58.992Z</time></trkpt><trkpt lat="47.60863650" lon="19.14696930"><ele>136.81</ele><time>1980-01-07T12:19:59.192Z</time></trkpt><trkpt lat="47.60863660" lon="19.14696930"><ele>136.81</ele><time>1980-01-07T12:19:59.392Z</time></trkpt><trkpt lat="47.60863660" lon="19.14696940"><ele>136.81</ele><time>1980-01-07T12:19:59.592Z</time></trkpt><trkpt lat="47.60863660" lon="19.14696940"><ele>136.81</ele><time>1980-01-07T12:19:59.792Z</time></trkpt><trkpt lat="47.60863660" lon="19.14696940"><ele>136.81</ele><time>1980-01-07T12:19:59.992Z</time></trkpt><trkpt lat="47.60863670" lon="19.14696930"><ele>136.80</ele><time>1980-01-07T12:20:00.192Z</time></trkpt><trkpt lat="47.60863670" lon="19.14696930"><ele>136.80</ele><time>1980-01-07T12:20:00.392Z</time></trkpt><trkpt lat="47.60863670" lon="19.14696920"><ele>136.79</ele><time>1980-01-07T12:20:00.592Z</time></trkpt><trkpt lat="47.60863660" lon="19.14696920"><ele>136.79</ele><time>1980-01-07T12:20:00.792Z</time></trkpt><trkpt lat="47.60863660" lon="19.14696920"><ele>136.79</ele><time>1980-01-07T12:20:00.992Z</time></trkpt><trkpt lat="47.60863660" lon="19.14696910"><ele>136.79</ele><time>1980-01-07T12:20:01.192Z</time></trkpt><trkpt lat="47.60863660" lon="19.14696900"><ele>136.79</ele><time>1980-01-07T12:20:01.392Z</time></trkpt><trkpt lat="47.60863660" lon="19.14696900"><ele>136.78</ele><time>1980-01-07T12:20:01.585Z</time></trkpt><trkpt lat="47.60863660" lon="19.14696900"><ele>136.78</ele><time>1980-01-07T12:20:01.792Z</time></trkpt><trkpt lat="47.60863660" lon="19.14696900"><ele>136.78</ele><time>1980-01-07T12:20:01.992Z</time></trkpt><trkpt lat="47.60863660" lon="19.14696900"><ele>136.78</ele><time>1980-01-07T12:20:02.192Z</time></trkpt><trkpt lat="47.60863660" lon="19.14696900"><ele>136.78</ele><time>1980-01-07T12:20:02.392Z</time></trkpt><trkpt lat="47.60863670" lon="19.14696900"><ele>136.78</ele><time>1980-01-07T12:20:02.592Z</time></trkpt><trkpt lat="47.60863670" lon="19.14696900"><ele>136.78</ele><time>1980-01-07T12:20:02.792Z</time></trkpt><trkpt lat="47.60863660" lon="19.14696900"><ele>136.77</ele><time>1980-01-07T12:20:02.992Z</time></trkpt><trkpt lat="47.60863660" lon="19.14696890"><ele>136.77</ele><time>1980-01-07T12:20:03.192Z</time></trkpt><trkpt lat="47.60863660" lon="19.14696890"><ele>136.77</ele><time>1980-01-07T12:20:03.392Z</time></trkpt><trkpt lat="47.60863660" lon="19.14696890"><ele>136.77</ele><time>1980-01-07T12:20:03.592Z</time></trkpt><trkpt lat="47.60863660" lon="19.14696900"><ele>136.77</ele><time>1980-01-07T12:20:03.792Z</time></trkpt><trkpt lat="47.60863660" lon="19.14696900"><ele>136.77</ele><time>1980-01-07T12:20:03.992Z</time></trkpt><trkpt lat="47.60863660" lon="19.14696910"><ele>136.78</ele><time>1980-01-07T12:20:04.192Z</time></trkpt><trkpt lat="47.60863660" lon="19.14696910"><ele>136.79</ele><time>1980-01-07T12:20:04.392Z</time></trkpt><trkpt lat="47.60863660" lon="19.14696910"><ele>136.79</ele><time>1980-01-07T12:20:04.602Z</time></trkpt><trkpt lat="47.60863660" lon="19.14696900"><ele>136.80</ele><time>1980-01-07T12:20:04.802Z</time></trkpt><trkpt lat="47.60863660" lon="19.14696900"><ele>136.81</ele><time>1980-01-07T12:20:05.000Z</time></trkpt><trkpt lat="47.60863660" lon="19.14696890"><ele>136.81</ele><time>1980-01-07T12:20:05.202Z</time></trkpt><trkpt lat="47.60863660" lon="19.14696890"><ele>136.82</ele><time>1980-01-07T12:20:05.402Z</time></trkpt><trkpt lat="47.60863660" lon="19.14696880"><ele>136.82</ele><time>1980-01-07T12:20:05.602Z</time></trkpt><trkpt lat="47.60863650" lon="19.14696880"><ele>136.82</ele><time>1980-01-07T12:20:05.802Z</time></trkpt><trkpt lat="47.60863650" lon="19.14696880"><ele>136.82</ele><time>1980-01-07T12:20:06.000Z</time></trkpt><trkpt lat="47.60863650" lon="19.14696870"><ele>136.82</ele><time>1980-01-07T12:20:06.202Z</time></trkpt><trkpt lat="47.60863650" lon="19.14696870"><ele>136.83</ele><time>1980-01-07T12:20:06.402Z</time></trkpt><trkpt lat="47.60863650" lon="19.14696870"><ele>136.83</ele><time>1980-01-07T12:20:06.602Z</time></trkpt><trkpt lat="47.60863650" lon="19.14696870"><ele>136.83</ele><time>1980-01-07T12:20:06.802Z</time></trkpt><trkpt lat="47.60863650" lon="19.14696870"><ele>136.83</ele><time>1980-01-07T12:20:07.011Z</time></trkpt><trkpt lat="47.60863640" lon="19.14696860"><ele>136.83</ele><time>1980-01-07T12:20:07.202Z</time></trkpt><trkpt lat="47.60863640" lon="19.14696860"><ele>136.84</ele><time>1980-01-07T12:20:07.402Z</time></trkpt><trkpt lat="47.60863640" lon="19.14696860"><ele>136.84</ele><time>1980-01-07T12:20:07.602Z</time></trkpt><trkpt lat="47.60863640" lon="19.14696850"><ele>136.84</ele><time>1980-01-07T12:20:07.812Z</time></trkpt><trkpt lat="47.60863630" lon="19.14696850"><ele>136.84</ele><time>1980-01-07T12:20:08.012Z</time></trkpt><trkpt lat="47.60863630" lon="19.14696850"><ele>136.85</ele><time>1980-01-07T12:20:08.212Z</time></trkpt><trkpt lat="47.60863630" lon="19.14696840"><ele>136.85</ele><time>1980-01-07T12:20:08.412Z</time></trkpt><trkpt lat="47.60863630" lon="19.14696840"><ele>136.85</ele><time>1980-01-07T12:20:08.612Z</time></trkpt><trkpt lat="47.60863630" lon="19.14696840"><ele>136.85</ele><time>1980-01-07T12:20:08.812Z</time></trkpt><trkpt lat="47.60863630" lon="19.14696840"><ele>136.85</ele><time>1980-01-07T12:20:09.012Z</time></trkpt><trkpt lat="47.60863630" lon="19.14696840"><ele>136.85</ele><time>1980-01-07T12:20:09.212Z</time></trkpt><trkpt lat="47.60863630" lon="19.14696840"><ele>136.85</ele><time>1980-01-07T12:20:09.412Z</time></trkpt><trkpt lat="47.60863630" lon="19.14696840"><ele>136.85</ele><time>1980-01-07T12:20:09.612Z</time></trkpt><trkpt lat="47.60863630" lon="19.14696840"><ele>136.85</ele><time>1980-01-07T12:20:09.812Z</time></trkpt><trkpt lat="47.60863630" lon="19.14696830"><ele>136.86</ele><time>1980-01-07T12:20:10.012Z</time></trkpt><trkpt lat="47.60863630" lon="19.14696830"><ele>136.86</ele><time>1980-01-07T12:20:10.212Z</time></trkpt><trkpt lat="47.60863630" lon="19.14696820"><ele>136.86</ele><time>1980-01-07T12:20:10.422Z</time></trkpt><trkpt lat="47.60863630" lon="19.14696820"><ele>136.86</ele><time>1980-01-07T12:20:10.622Z</time></trkpt><trkpt lat="47.60863630" lon="19.14696820"><ele>136.86</ele><time>1980-01-07T12:20:10.822Z</time></trkpt><trkpt lat="47.60863630" lon="19.14696820"><ele>136.86</ele><time>1980-01-07T12:20:11.022Z</time></trkpt><trkpt lat="47.60863630" lon="19.14696820"><ele>136.85</ele><time>1980-01-07T12:20:11.222Z</time></trkpt><trkpt lat="47.60863640" lon="19.14696830"><ele>136.85</ele><time>1980-01-07T12:20:11.422Z</time></trkpt><trkpt lat="47.60863640" lon="19.14696830"><ele>136.84</ele><time>1980-01-07T12:20:11.635Z</time></trkpt><trkpt lat="47.60863640" lon="19.14696830"><ele>136.84</ele><time>1980-01-07T12:20:11.832Z</time></trkpt><trkpt lat="47.60863640" lon="19.14696840"><ele>136.84</ele><time>1980-01-07T12:20:12.032Z</time></trkpt><trkpt lat="47.60863650" lon="19.14696840"><ele>136.84</ele><time>1980-01-07T12:20:12.232Z</time></trkpt><trkpt lat="47.60863650" lon="19.14696840"><ele>136.84</ele><time>1980-01-07T12:20:12.432Z</time></trkpt><trkpt lat="47.60863650" lon="19.14696840"><ele>136.84</ele><time>1980-01-07T12:20:12.632Z</time></trkpt><trkpt lat="47.60863650" lon="19.14696840"><ele>136.85</ele><time>1980-01-07T12:20:12.832Z</time></trkpt><trkpt lat="47.60863650" lon="19.14696840"><ele>136.85</ele><time>1980-01-07T12:20:13.032Z</time></trkpt><trkpt lat="47.60863650" lon="19.14696830"><ele>136.85</ele><time>1980-01-07T12:20:13.223Z</time></trkpt><trkpt lat="47.60863650" lon="19.14696830"><ele>136.85</ele><time>1980-01-07T12:20:13.423Z</time></trkpt><trkpt lat="47.60863650" lon="19.14696820"><ele>136.85</ele><time>1980-01-07T12:20:13.623Z</time></trkpt><trkpt lat="47.60863660" lon="19.14696810"><ele>136.85</ele><time>1980-01-07T12:20:13.823Z</time></trkpt><trkpt lat="47.60863660" lon="19.14696810"><ele>136.85</ele><time>1980-01-07T12:20:14.023Z</time></trkpt><trkpt lat="47.60863660" lon="19.14696800"><ele>136.85</ele><time>1980-01-07T12:20:14.224Z</time></trkpt><trkpt lat="47.60863660" lon="19.14696800"><ele>136.85</ele><time>1980-01-07T12:20:14.423Z</time></trkpt><trkpt lat="47.60863660" lon="19.14696790"><ele>136.85</ele><time>1980-01-07T12:20:14.624Z</time></trkpt><trkpt lat="47.60863660" lon="19.14696790"><ele>136.85</ele><time>1980-01-07T12:20:14.824Z</time></trkpt><trkpt lat="47.60863670" lon="19.14696790"><ele>136.85</ele><time>1980-01-07T12:20:15.024Z</time></trkpt><trkpt lat="47.60863670" lon="19.14696790"><ele>136.85</ele><time>1980-01-07T12:20:15.227Z</time></trkpt><trkpt lat="47.60863670" lon="19.14696790"><ele>136.84</ele><time>1980-01-07T12:20:15.428Z</time></trkpt><trkpt lat="47.60863670" lon="19.14696800"><ele>136.84</ele><time>1980-01-07T12:20:15.629Z</time></trkpt><trkpt lat="47.60863670" lon="19.14696810"><ele>136.85</ele><time>1980-01-07T12:20:15.830Z</time></trkpt><trkpt lat="47.60863670" lon="19.14696810"><ele>136.85</ele><time>1980-01-07T12:20:16.031Z</time></trkpt><trkpt lat="47.60863670" lon="19.14696810"><ele>136.85</ele><time>1980-01-07T12:20:16.232Z</time></trkpt><trkpt lat="47.60863670" lon="19.14696800"><ele>136.85</ele><time>1980-01-07T12:20:16.432Z</time></trkpt><trkpt lat="47.60863670" lon="19.14696810"><ele>136.86</ele><time>1980-01-07T12:20:16.628Z</time></trkpt><trkpt lat="47.60863670" lon="19.14696810"><ele>136.86</ele><time>1980-01-07T12:20:16.832Z</time></trkpt><trkpt lat="47.60863670" lon="19.14696810"><ele>136.87</ele><time>1980-01-07T12:20:17.030Z</time></trkpt><trkpt lat="47.60863660" lon="19.14696810"><ele>136.87</ele><time>1980-01-07T12:20:17.232Z</time></trkpt><trkpt lat="47.60863660" lon="19.14696800"><ele>136.87</ele><time>1980-01-07T12:20:17.432Z</time></trkpt><trkpt lat="47.60863660" lon="19.14696810"><ele>136.87</ele><time>1980-01-07T12:20:17.630Z</time></trkpt><trkpt lat="47.60863660" lon="19.14696810"><ele>136.87</ele><time>1980-01-07T12:20:17.832Z</time></trkpt><trkpt lat="47.60863660" lon="19.14696820"><ele>136.87</ele><time>1980-01-07T12:20:18.032Z</time></trkpt><trkpt lat="47.60863660" lon="19.14696820"><ele>136.87</ele><time>1980-01-07T12:20:18.242Z</time></trkpt><trkpt lat="47.60863660" lon="19.14696820"><ele>136.87</ele><time>1980-01-07T12:20:18.442Z</time></trkpt><trkpt lat="47.60863660" lon="19.14696830"><ele>136.87</ele><time>1980-01-07T12:20:18.633Z</time></trkpt><trkpt lat="47.60863660" lon="19.14696840"><ele>136.87</ele><time>1980-01-07T12:20:18.842Z</time></trkpt><trkpt lat="47.60863660" lon="19.14696850"><ele>136.87</ele><time>1980-01-07T12:20:19.042Z</time></trkpt><trkpt lat="47.60863660" lon="19.14696850"><ele>136.87</ele><time>1980-01-07T12:20:19.251Z</time></trkpt><trkpt lat="47.60863650" lon="19.14696860"><ele>136.87</ele><time>1980-01-07T12:20:19.451Z</time></trkpt><trkpt lat="47.60863650" lon="19.14696860"><ele>136.88</ele><time>1980-01-07T12:20:19.652Z</time></trkpt><trkpt lat="47.60863650" lon="19.14696870"><ele>136.88</ele><time>1980-01-07T12:20:19.852Z</time></trkpt><trkpt lat="47.60863650" lon="19.14696880"><ele>136.88</ele><time>1980-01-07T12:20:20.045Z</time></trkpt><trkpt lat="47.60863650" lon="19.14696880"><ele>136.87</ele><time>1980-01-07T12:20:20.252Z</time></trkpt><trkpt lat="47.60863650" lon="19.14696890"><ele>136.87</ele><time>1980-01-07T12:20:20.452Z</time></trkpt><trkpt lat="47.60863650" lon="19.14696890"><ele>136.87</ele><time>1980-01-07T12:20:20.652Z</time></trkpt><trkpt lat="47.60863650" lon="19.14696890"><ele>136.88</ele><time>1980-01-07T12:20:20.852Z</time></trkpt><trkpt lat="47.60863650" lon="19.14696890"><ele>136.87</ele><time>1980-01-07T12:20:21.052Z</time></trkpt><trkpt lat="47.60863650" lon="19.14696900"><ele>136.87</ele><time>1980-01-07T12:20:21.252Z</time></trkpt><trkpt lat="47.60863650" lon="19.14696910"><ele>136.87</ele><time>1980-01-07T12:20:21.452Z</time></trkpt><trkpt lat="47.60863650" lon="19.14696910"><ele>136.86</ele><time>1980-01-07T12:20:21.652Z</time></trkpt><trkpt lat="47.60863640" lon="19.14696910"><ele>136.86</ele><time>1980-01-07T12:20:21.852Z</time></trkpt><trkpt lat="47.60863640" lon="19.14696910"><ele>136.86</ele><time>1980-01-07T12:20:22.052Z</time></trkpt><trkpt lat="47.60863640" lon="19.14696910"><ele>136.86</ele><time>1980-01-07T12:20:22.252Z</time></trkpt><trkpt lat="47.60863640" lon="19.14696910"><ele>136.86</ele><time>1980-01-07T12:20:22.452Z</time></trkpt><trkpt lat="47.60863640" lon="19.14696920"><ele>136.86</ele><time>1980-01-07T12:20:22.652Z</time></trkpt><trkpt lat="47.60863650" lon="19.14696920"><ele>136.86</ele><time>1980-01-07T12:20:22.852Z</time></trkpt><trkpt lat="47.60863650" lon="19.14696920"><ele>136.86</ele><time>1980-01-07T12:20:23.058Z</time></trkpt><trkpt lat="47.60863650" lon="19.14696920"><ele>136.86</ele><time>1980-01-07T12:20:23.252Z</time></trkpt><trkpt lat="47.60863650" lon="19.14696920"><ele>136.86</ele><time>1980-01-07T12:20:23.455Z</time></trkpt><trkpt lat="47.60863650" lon="19.14696920"><ele>136.86</ele><time>1980-01-07T12:20:23.656Z</time></trkpt><trkpt lat="47.60863650" lon="19.14696920"><ele>136.86</ele><time>1980-01-07T12:20:23.857Z</time></trkpt><trkpt lat="47.60863650" lon="19.14696930"><ele>136.86</ele><time>1980-01-07T12:20:24.058Z</time></trkpt><trkpt lat="47.60863650" lon="19.14696930"><ele>136.86</ele><time>1980-01-07T12:20:24.262Z</time></trkpt><trkpt lat="47.60863650" lon="19.14696930"><ele>136.86</ele><time>1980-01-07T12:20:24.462Z</time></trkpt><trkpt lat="47.60863650" lon="19.14696930"><ele>136.86</ele><time>1980-01-07T12:20:24.658Z</time></trkpt><trkpt lat="47.60863650" lon="19.14696930"><ele>136.86</ele><time>1980-01-07T12:20:24.862Z</time></trkpt><trkpt lat="47.60863650" lon="19.14696930"><ele>136.86</ele><time>1980-01-07T12:20:25.061Z</time></trkpt><trkpt lat="47.60863650" lon="19.14696930"><ele>136.86</ele><time>1980-01-07T12:20:25.262Z</time></trkpt><trkpt lat="47.60863650" lon="19.14696930"><ele>136.86</ele><time>1980-01-07T12:20:25.462Z</time></trkpt><trkpt lat="47.60863650" lon="19.14696940"><ele>136.86</ele><time>1980-01-07T12:20:25.662Z</time></trkpt><trkpt lat="47.60863650" lon="19.14696940"><ele>136.86</ele><time>1980-01-07T12:20:25.862Z</time></trkpt><trkpt lat="47.60863650" lon="19.14696940"><ele>136.87</ele><time>1980-01-07T12:20:26.062Z</time></trkpt><trkpt lat="47.60863650" lon="19.14696940"><ele>136.87</ele><time>1980-01-07T12:20:26.272Z</time></trkpt><trkpt lat="47.60863650" lon="19.14696940"><ele>136.87</ele><time>1980-01-07T12:20:26.472Z</time></trkpt><trkpt lat="47.60863650" lon="19.14696940"><ele>136.87</ele><time>1980-01-07T12:20:26.674Z</time></trkpt><trkpt lat="47.60863650" lon="19.14696940"><ele>136.87</ele><time>1980-01-07T12:20:26.882Z</time></trkpt><trkpt lat="47.60863650" lon="19.14696940"><ele>136.87</ele><time>1980-01-07T12:20:27.082Z</time></trkpt><trkpt lat="47.60863660" lon="19.14696940"><ele>136.87</ele><time>1980-01-07T12:20:27.282Z</time></trkpt></trkseg></trk></gpx>