<?xml version='1.0' encoding='utf-8'?>
<gpx version="1.1" creator="converttogpx.py" xmlns="http://www.topografix.com/GPX/1/1" xmlns:xsi="http://www.w3.org/2001/XMLSchema-instance" xsi:schemaLocation="http://www.topografix.com/GPX/1/1 http://www.topografix.com/GPX/1/1/gpx.xsd"><trk><name>drone65 20251020-003</name><trkseg><trkpt lat="47.60863490" lon="19.14689010"><ele>137.28</ele><time>2025-10-20T13:42:45.969Z</time></trkpt><trkpt lat="47.60863490" lon="19.14689000"><ele>137.29</ele><time>2025-10-20T13:42:46.170Z</time></trkpt><trkpt lat="47.60863490" lon="19.14689000"><ele>137.30</ele><time>2025-10-20T13:42:46.368Z</time></trkpt><trkpt lat="47.60863490" lon="19.14689000"><ele>137.32</ele><time>2025-10-20T13:42:46.553Z</time></trkpt><trkpt lat="47.60863490" lon="19.14689000"><ele>137.32</ele><time>2025-10-20T13:42:46.754Z</time></trkpt><trkpt lat="47.60863480" lon="19.14689000"><ele>137.32</ele><time>2025-10-20T13:42:46.954Z</time></trkpt><trkpt lat="47.60863480" lon="19.14689000"><ele>137.32</ele><time>2025-10-20T13:42:47.175Z</time></trkpt><trkpt lat="47.60863480" lon="19.14689000"><ele>137.33</ele><time>2025-10-20T13:42:47.376Z</time></trkpt><trkpt lat="47.60863480" lon="19.14688990"><ele>137.33</ele><time>2025-10-20T13:42:47.557Z</time></trkpt><trkpt lat="47.60863490" lon="19.14688990"><ele>137.33</ele><time>2025-10-20T13:42:47.776Z</time></trkpt><trkpt lat="47.60863490" lon="19.14688990"><ele>137.32</ele><time>2025-10-20T13:42:47.977Z</time></trkpt><trkpt lat="47.60863490" lon="19.14688990"><ele>137.32</ele><time>2025-10-20T13:42:48.138Z</time></trkpt><trkpt lat="47.60863490" lon="19.14688990"><ele>137.32</ele><time>2025-10-20T13:42:48.340Z</time></trkpt><trkpt lat="47.60863490" lon="19.14688980"><ele>137.31</ele><time>2025-10-20T13:42:48.560Z</time></trkpt><trkpt lat="47.60863490" lon="19.14688980"><ele>137.31</ele><time>2025-10-20T13:42:48.760Z</time></trkpt><trkpt lat="47.60863490" lon="19.14688980"><ele>137.30</ele><time>2025-10-20T13:42:48.960Z</time></trkpt><trkpt lat="47.60863490" lon="19.14688980"><ele>137.30</ele><time>2025-10-20T13:42:49.160Z</time></trkpt><trkpt lat="47.60863490" lon="19.14688970"><ele>137.30</ele><time>2025-10-20T13:42:49.361Z</time></trkpt><trkpt lat="47.60863490" lon="19.14688970"><ele>137.30</ele><time>2025-10-20T13:42:49.561Z</time></trkpt><trkpt lat="47.60863490" lon="19.14688970"><ele>137.29</ele><time>2025-10-20T13:42:49.762Z</time></trkpt><trkpt lat="47.60863490" lon="19.14688970"><ele>137.29</ele><time>2025-10-20T13:42:49.962Z</time></trkpt><trkpt lat="47.60863480" lon="19.14688980"><ele>137.28</ele><time>2025-10-20T13:42:50.143Z</time></trkpt><trkpt lat="47.60863480" lon="19.14688980"><ele>137.28</ele><time>2025-10-20T13:42:50.363Z</time></trkpt><trkpt lat="47.60863490" lon="19.14688980"><ele>137.27</ele><time>2025-10-20T13:42:50.564Z</time></trkpt><trkpt lat="47.60863490" lon="19.14688980"><ele>137.27</ele><time>2025-10-20T13:42:50.764Z</time></trkpt><trkpt lat="47.60863490" lon="19.14688980"><ele>137.26</ele><time>2025-10-20T13:42:50.964Z</time></trkpt><trkpt lat="47.60863480" lon="19.14688980"><ele>137.25</ele><time>2025-10-20T13:42:51.164Z</time></trkpt><trkpt lat="47.60863480" lon="19.14688980"><ele>137.25</ele><time>2025-10-20T13:42:51.365Z</time></trkpt><trkpt lat="47.60863480" lon="19.14688980"><ele>137.25</ele><time>2025-10-20T13:42:51.565Z</time></trkpt><trkpt lat="47.60863480" lon="19.14688980"><ele>137.24</ele><time>2025-10-20T13:42:51.766Z</time></trkpt><trkpt lat="47.60863480" lon="19.14688970"><ele>137.24</ele><time>2025-10-20T13:42:51.946Z</time></trkpt><trkpt lat="47.60863490" lon="19.14688970"><ele>137.23</ele><time>2025-10-20T13:42:52.166Z</time></trkpt><trkpt lat="47.60863500" lon="19.14688960"><ele>137.28</ele><time>2025-10-20T13:42:52.369Z</time></trkpt><trkpt lat="47.60863540" lon="19.14688920"><ele>137.55</ele><time>2025-10-20T13:42:52.570Z</time></trkpt><trkpt lat="47.60863590" lon="19.14688840"><ele>137.96</ele><time>2025-10-20T13:42:52.772Z</time></trkpt><trkpt lat="47.60863660" lon="19.14688750"><ele>138.42</ele><time>2025-10-20T13:42:52.972Z</time></trkpt><trkpt lat="47.60863740" lon="19.14688680"><ele>138.88</ele><time>2025-10-20T13:42:53.153Z</time></trkpt><trkpt lat="47.60863830" lon="19.14688600"><ele>139.48</ele><time>2025-10-20T13:42:53.374Z</time></trkpt><trkpt lat="47.60863880" lon="19.14688540"><ele>139.95</ele><time>2025-10-20T13:42:53.554Z</time></trkpt><trkpt lat="47.60863910" lon="19.14688480"><ele>140.41</ele><time>2025-10-20T13:42:53.756Z</time></trkpt><trkpt lat="47.60863920" lon="19.14688420"><ele>140.84</ele><time>2025-10-20T13:42:53.978Z</time></trkpt><trkpt lat="47.60863930" lon="19.14688380"><ele>141.32</ele><time>2025-10-20T13:42:54.161Z</time></trkpt><trkpt lat="47.60863930" lon="19.14688360"><ele>141.91</ele><time>2025-10-20T13:42:54.364Z</time></trkpt><trkpt lat="47.60863950" lon="19.14688360"><ele>142.47</ele><time>2025-10-20T13:42:54.570Z</time></trkpt><trkpt lat="47.60863960" lon="19.14688410"><ele>143.03</ele><time>2025-10-20T13:42:54.772Z</time></trkpt><trkpt lat="47.60863980" lon="19.14688500"><ele>143.59</ele><time>2025-10-20T13:42:54.972Z</time></trkpt><trkpt lat="47.60864000" lon="19.14688610"><ele>144.17</ele><time>2025-10-20T13:42:55.174Z</time></trkpt><trkpt lat="47.60864010" lon="19.14688740"><ele>144.75</ele><time>2025-10-20T13:42:55.380Z</time></trkpt><trkpt lat="47.60864030" lon="19.14688850"><ele>145.26</ele><time>2025-10-20T13:42:55.561Z</time></trkpt><trkpt lat="47.60864030" lon="19.14688950"><ele>145.71</ele><time>2025-10-20T13:42:55.723Z</time></trkpt><trkpt lat="47.60864040" lon="19.14689090"><ele>146.37</ele><time>2025-10-20T13:42:55.963Z</time></trkpt><trkpt lat="47.60864060" lon="19.14689190"><ele>146.92</ele><time>2025-10-20T13:42:56.165Z</time></trkpt><trkpt lat="47.60864070" lon="19.14689280"><ele>147.46</ele><time>2025-10-20T13:42:56.369Z</time></trkpt><trkpt lat="47.60864090" lon="19.14689350"><ele>147.98</ele><time>2025-10-20T13:42:56.569Z</time></trkpt><trkpt lat="47.60864110" lon="19.14689400"><ele>148.51</ele><time>2025-10-20T13:42:56.770Z</time></trkpt><trkpt lat="47.60864120" lon="19.14689430"><ele>149.02</ele><time>2025-10-20T13:42:56.969Z</time></trkpt><trkpt lat="47.60864140" lon="19.14689440"><ele>149.42</ele><time>2025-10-20T13:42:57.130Z</time></trkpt><trkpt lat="47.60864150" lon="19.14689460"><ele>150.02</ele><time>2025-10-20T13:42:57.362Z</time></trkpt><trkpt lat="47.60864170" lon="19.14689480"><ele>150.60</ele><time>2025-10-20T13:42:57.588Z</time></trkpt><trkpt lat="47.60864200" lon="19.14689490"><ele>151.00</ele><time>2025-10-20T13:42:57.749Z</time></trkpt><trkpt lat="47.60864250" lon="19.14689500"><ele>151.51</ele><time>2025-10-20T13:42:57.970Z</time></trkpt><trkpt lat="47.60864290" lon="19.14689490"><ele>151.94</ele><time>2025-10-20T13:42:58.151Z</time></trkpt><trkpt lat="47.60864350" lon="19.14689470"><ele>152.44</ele><time>2025-10-20T13:42:58.368Z</time></trkpt><trkpt lat="47.60864390" lon="19.14689440"><ele>152.88</ele><time>2025-10-20T13:42:58.550Z</time></trkpt><trkpt lat="47.60864440" lon="19.14689400"><ele>153.42</ele><time>2025-10-20T13:42:58.773Z</time></trkpt><trkpt lat="47.60864480" lon="19.14689370"><ele>153.92</ele><time>2025-10-20T13:42:58.977Z</time></trkpt><trkpt lat="47.60864500" lon="19.14689350"><ele>154.40</ele><time>2025-10-20T13:42:59.179Z</time></trkpt><trkpt lat="47.60864500" lon="19.14689350"><ele>154.83</ele><time>2025-10-20T13:42:59.368Z</time></trkpt><trkpt lat="47.60864480" lon="19.14689350"><ele>155.29</ele><time>2025-10-20T13:42:59.568Z</time></trkpt><trkpt lat="47.60864450" lon="19.14689390"><ele>155.77</ele><time>2025-10-20T13:42:59.769Z</time></trkpt><trkpt lat="47.60864420" lon="19.14689430"><ele>156.18</ele><time>2025-10-20T13:42:59.949Z</time></trkpt><trkpt lat="47.60864370" lon="19.14689480"><ele>156.57</ele><time>2025-10-20T13:43:00.171Z</time></trkpt><trkpt lat="47.60864340" lon="19.14689510"><ele>156.78</ele><time>2025-10-20T13:43:00.365Z</time></trkpt><trkpt lat="47.60864330" lon="19.14689540"><ele>156.85</ele><time>2025-10-20T13:43:00.569Z</time></trkpt><trkpt lat="47.60864360" lon="19.14689560"><ele>156.83</ele><time>2025-10-20T13:43:00.769Z</time></trkpt><trkpt lat="47.60864500" lon="19.14689570"><ele>156.78</ele><time>2025-10-20T13:43:00.969Z</time></trkpt><trkpt lat="47.60864790" lon="19.14689560"><ele>156.76</ele><time>2025-10-20T13:43:01.171Z</time></trkpt><trkpt lat="47.60865160" lon="19.14689540"><ele>156.76</ele><time>2025-10-20T13:43:01.353Z</time></trkpt><trkpt lat="47.60865680" lon="19.14689490"><ele>156.77</ele><time>2025-10-20T13:43:01.576Z</time></trkpt><trkpt lat="47.60866160" lon="19.14689420"><ele>156.78</ele><time>2025-10-20T13:43:01.777Z</time></trkpt><trkpt lat="47.60866640" lon="19.14689310"><ele>156.80</ele><time>2025-10-20T13:43:01.980Z</time></trkpt><trkpt lat="47.60867100" lon="19.14689190"><ele>156.83</ele><time>2025-10-20T13:43:02.181Z</time></trkpt><trkpt lat="47.60867550" lon="19.14689040"><ele>156.88</ele><time>2025-10-20T13:43:02.387Z</time></trkpt><trkpt lat="47.60867980" lon="19.14688880"><ele>156.93</ele><time>2025-10-20T13:43:02.586Z</time></trkpt><trkpt lat="47.60868360" lon="19.14688720"><ele>156.97</ele><time>2025-10-20T13:43:02.787Z</time></trkpt><trkpt lat="47.60868700" lon="19.14688590"><ele>156.99</ele><time>2025-10-20T13:43:02.988Z</time></trkpt><trkpt lat="47.60868980" lon="19.14688510"><ele>157.00</ele><time>2025-10-20T13:43:03.170Z</time></trkpt><trkpt lat="47.60869270" lon="19.14688460"><ele>157.01</ele><time>2025-10-20T13:43:03.374Z</time></trkpt><trkpt lat="47.60869560" lon="19.14688440"><ele>157.01</ele><time>2025-10-20T13:43:03.597Z</time></trkpt><trkpt lat="47.60869760" lon="19.14688450"><ele>157.02</ele><time>2025-10-20T13:43:03.778Z</time></trkpt><trkpt lat="47.60869980" lon="19.14688490"><ele>157.03</ele><time>2025-10-20T13:43:03.999Z</time></trkpt><trkpt lat="47.60870120" lon="19.14688530"><ele>157.02</ele><time>2025-10-20T13:43:04.180Z</time></trkpt><trkpt lat="47.60870250" lon="19.14688600"><ele>157.03</ele><time>2025-10-20T13:43:04.386Z</time></trkpt><trkpt lat="47.60870340" lon="19.14688660"><ele>157.05</ele><time>2025-10-20T13:43:04.589Z</time></trkpt><trkpt lat="47.60870370" lon="19.14688650"><ele>157.05</ele><time>2025-10-20T13:43:04.749Z</time></trkpt><trkpt lat="47.60870300" lon="19.14688480"><ele>157.04</ele><time>2025-10-20T13:43:04.990Z</time></trkpt><trkpt lat="47.60870110" lon="19.14688200"><ele>157.03</ele><time>2025-10-20T13:43:05.172Z</time></trkpt><trkpt lat="47.60869740" lon="19.14687740"><ele>157.02</ele><time>2025-10-20T13:43:05.387Z</time></trkpt><trkpt lat="47.60869280" lon="19.14687260"><ele>157.02</ele><time>2025-10-20T13:43:05.570Z</time></trkpt><trkpt lat="47.60868640" lon="19.14686680"><ele>157.03</ele><time>2025-10-20T13:43:05.772Z</time></trkpt><trkpt lat="47.60867880" lon="19.14686080"><ele>157.04</ele><time>2025-10-20T13:43:05.974Z</time></trkpt><trkpt lat="47.60867020" lon="19.14685460"><ele>157.08</ele><time>2025-10-20T13:43:06.195Z</time></trkpt><trkpt lat="47.60866190" lon="19.14684940"><ele>157.10</ele><time>2025-10-20T13:43:06.396Z</time></trkpt><trkpt lat="47.60865530" lon="19.14684580"><ele>157.13</ele><time>2025-10-20T13:43:06.558Z</time></trkpt><trkpt lat="47.60864620" lon="19.14684180"><ele>157.17</ele><time>2025-10-20T13:43:06.778Z</time></trkpt><trkpt lat="47.60863770" lon="19.14683960"><ele>157.18</ele><time>2025-10-20T13:43:06.978Z</time></trkpt><trkpt lat="47.60862810" lon="19.14683900"><ele>157.19</ele><time>2025-10-20T13:43:07.200Z</time></trkpt><trkpt lat="47.60861990" lon="19.14683980"><ele>157.19</ele><time>2025-10-20T13:43:07.384Z</time></trkpt><trkpt lat="47.60861090" lon="19.14684190"><ele>157.19</ele><time>2025-10-20T13:43:07.589Z</time></trkpt><trkpt lat="47.60860250" lon="19.14684510"><ele>157.20</ele><time>2025-10-20T13:43:07.791Z</time></trkpt><trkpt lat="47.60859450" lon="19.14684940"><ele>157.20</ele><time>2025-10-20T13:43:07.991Z</time></trkpt><trkpt lat="47.60858690" lon="19.14685500"><ele>157.20</ele><time>2025-10-20T13:43:08.195Z</time></trkpt><trkpt lat="47.60857980" lon="19.14686190"><ele>157.21</ele><time>2025-10-20T13:43:08.398Z</time></trkpt><trkpt lat="47.60857400" lon="19.14686910"><ele>157.23</ele><time>2025-10-20T13:43:08.580Z</time></trkpt><trkpt lat="47.60856820" lon="19.14687790"><ele>157.24</ele><time>2025-10-20T13:43:08.781Z</time></trkpt><trkpt lat="47.60856230" lon="19.14688870"><ele>157.23</ele><time>2025-10-20T13:43:09.003Z</time></trkpt><trkpt lat="47.60855760" lon="19.14689920"><ele>157.22</ele><time>2025-10-20T13:43:09.204Z</time></trkpt><trkpt lat="47.60855370" lon="19.14690950"><ele>157.22</ele><time>2025-10-20T13:43:09.391Z</time></trkpt><trkpt lat="47.60855030" lon="19.14692130"><ele>157.21</ele><time>2025-10-20T13:43:09.593Z</time></trkpt><trkpt lat="47.60854780" lon="19.14693280"><ele>157.19</ele><time>2025-10-20T13:43:09.795Z</time></trkpt><trkpt lat="47.60854610" lon="19.14694420"><ele>157.20</ele><time>2025-10-20T13:43:09.982Z</time></trkpt><trkpt lat="47.60854500" lon="19.14695700"><ele>157.22</ele><time>2025-10-20T13:43:10.185Z</time></trkpt><trkpt lat="47.60854470" lon="19.14697000"><ele>157.22</ele><time>2025-10-20T13:43:10.393Z</time></trkpt><trkpt lat="47.60854520" lon="19.14698300"><ele>157.21</ele><time>2025-10-20T13:43:10.594Z</time></trkpt><trkpt lat="47.60854640" lon="19.14699580"><ele>157.22</ele><time>2025-10-20T13:43:10.795Z</time></trkpt><trkpt lat="47.60854830" lon="19.14700800"><ele>157.21</ele><time>2025-10-20T13:43:10.997Z</time></trkpt><trkpt lat="47.60855110" lon="19.14702010"><ele>157.18</ele><time>2025-10-20T13:43:11.201Z</time></trkpt><trkpt lat="47.60855490" lon="19.14703190"><ele>157.18</ele><time>2025-10-20T13:43:11.404Z</time></trkpt><trkpt lat="47.60855960" lon="19.14704330"><ele>157.20</ele><time>2025-10-20T13:43:11.606Z</time></trkpt><trkpt lat="47.60856510" lon="19.14705390"><ele>157.21</ele><time>2025-10-20T13:43:11.808Z</time></trkpt><trkpt lat="47.60857070" lon="19.14706270"><ele>157.24</ele><time>2025-10-20T13:43:11.988Z</time></trkpt><trkpt lat="47.60857820" lon="19.14707240"><ele>157.27</ele><time>2025-10-20T13:43:12.213Z</time></trkpt><trkpt lat="47.60858540" lon="19.14708000"><ele>157.29</ele><time>2025-10-20T13:43:12.416Z</time></trkpt><trkpt lat="47.60859360" lon="19.14708700"><ele>157.29</ele><time>2025-10-20T13:43:12.619Z</time></trkpt><trkpt lat="47.60860220" lon="19.14709270"><ele>157.27</ele><time>2025-10-20T13:43:12.819Z</time></trkpt><trkpt lat="47.60861150" lon="19.14709700"><ele>157.26</ele><time>2025-10-20T13:43:13.020Z</time></trkpt><trkpt lat="47.60862100" lon="19.14709970"><ele>157.26</ele><time>2025-10-20T13:43:13.221Z</time></trkpt><trkpt lat="47.60863040" lon="19.14710070"><ele>157.26</ele><time>2025-10-20T13:43:13.423Z</time></trkpt><trkpt lat="47.60863940" lon="19.14710020"><ele>157.26</ele><time>2025-10-20T13:43:13.604Z</time></trkpt><trkpt lat="47.60864950" lon="19.14709840"><ele>157.26</ele><time>2025-10-20T13:43:13.806Z</time></trkpt><trkpt lat="47.60865920" lon="19.14709460"><ele>157.27</ele><time>2025-10-20T13:43:14.009Z</time></trkpt><trkpt lat="47.60866850" lon="19.14708920"><ele>157.28</ele><time>2025-10-20T13:43:14.213Z</time></trkpt><trkpt lat="47.60867740" lon="19.14708240"><ele>157.29</ele><time>2025-10-20T13:43:14.417Z</time></trkpt><trkpt lat="47.60868570" lon="19.14707480"><ele>157.29</ele><time>2025-10-20T13:43:14.618Z</time></trkpt><trkpt lat="47.60869350" lon="19.14706580"><ele>157.30</ele><time>2025-10-20T13:43:14.821Z</time></trkpt><trkpt lat="47.60870040" lon="19.14705600"><ele>157.30</ele><time>2025-10-20T13:43:15.023Z</time></trkpt><trkpt lat="47.60870600" lon="19.14704640"><ele>157.31</ele><time>2025-10-20T13:43:15.204Z</time></trkpt><trkpt lat="47.60871140" lon="19.14703540"><ele>157.30</ele><time>2025-10-20T13:43:15.399Z</time></trkpt><trkpt lat="47.60871650" lon="19.14702210"><ele>157.29</ele><time>2025-10-20T13:43:15.624Z</time></trkpt><trkpt lat="47.60871990" lon="19.14701100"><ele>157.28</ele><time>2025-10-20T13:43:15.805Z</time></trkpt><trkpt lat="47.60872300" lon="19.14699700"><ele>157.27</ele><time>2025-10-20T13:43:16.026Z</time></trkpt><trkpt lat="47.60872480" lon="19.14698560"><ele>157.25</ele><time>2025-10-20T13:43:16.206Z</time></trkpt><trkpt lat="47.60872590" lon="19.14697060"><ele>157.25</ele><time>2025-10-20T13:43:16.433Z</time></trkpt><trkpt lat="47.60872580" lon="19.14695750"><ele>157.25</ele><time>2025-10-20T13:43:16.634Z</time></trkpt><trkpt lat="47.60872480" lon="19.14694430"><ele>157.25</ele><time>2025-10-20T13:43:16.837Z</time></trkpt><trkpt lat="47.60872320" lon="19.14693250"><ele>157.26</ele><time>2025-10-20T13:43:17.021Z</time></trkpt><trkpt lat="47.60872050" lon="19.14691960"><ele>157.26</ele><time>2025-10-20T13:43:17.224Z</time></trkpt><trkpt lat="47.60871680" lon="19.14690730"><ele>157.27</ele><time>2025-10-20T13:43:17.430Z</time></trkpt><trkpt lat="47.60871230" lon="19.14689570"><ele>157.28</ele><time>2025-10-20T13:43:17.634Z</time></trkpt><trkpt lat="47.60870700" lon="19.14688490"><ele>157.28</ele><time>2025-10-20T13:43:17.836Z</time></trkpt><trkpt lat="47.60870160" lon="19.14687560"><ele>157.28</ele><time>2025-10-20T13:43:18.017Z</time></trkpt><trkpt lat="47.60869430" lon="19.14686510"><ele>157.28</ele><time>2025-10-20T13:43:18.242Z</time></trkpt><trkpt lat="47.60868710" lon="19.14685650"><ele>157.27</ele><time>2025-10-20T13:43:18.446Z</time></trkpt><trkpt lat="47.60868010" lon="19.14684970"><ele>157.26</ele><time>2025-10-20T13:43:18.628Z</time></trkpt><trkpt lat="47.60867180" lon="19.14684310"><ele>157.25</ele><time>2025-10-20T13:43:18.830Z</time></trkpt><trkpt lat="47.60866290" lon="19.14683770"><ele>157.26</ele><time>2025-10-20T13:43:19.034Z</time></trkpt><trkpt lat="47.60865380" lon="19.14683350"><ele>157.27</ele><time>2025-10-20T13:43:19.239Z</time></trkpt><trkpt lat="47.60864480" lon="19.14683070"><ele>157.28</ele><time>2025-10-20T13:43:19.439Z</time></trkpt><trkpt lat="47.60863600" lon="19.14682920"><ele>157.27</ele><time>2025-10-20T13:43:19.641Z</time></trkpt><trkpt lat="47.60862700" lon="19.14682910"><ele>157.27</ele><time>2025-10-20T13:43:19.843Z</time></trkpt><trkpt lat="47.60861770" lon="19.14683050"><ele>157.29</ele><time>2025-10-20T13:43:20.044Z</time></trkpt><trkpt lat="47.60860830" lon="19.14683320"><ele>157.30</ele><time>2025-10-20T13:43:20.248Z</time></trkpt><trkpt lat="47.60860020" lon="19.14683680"><ele>157.31</ele><time>2025-10-20T13:43:20.433Z</time></trkpt><trkpt lat="47.60859150" lon="19.14684220"><ele>157.32</ele><time>2025-10-20T13:43:20.634Z</time></trkpt><trkpt lat="47.60858330" lon="19.14684870"><ele>157.31</ele><time>2025-10-20T13:43:20.836Z</time></trkpt><trkpt lat="47.60857520" lon="19.14685660"><ele>157.31</ele><time>2025-10-20T13:43:21.036Z</time></trkpt><trkpt lat="47.60856750" lon="19.14686580"><ele>157.34</ele><time>2025-10-20T13:43:21.243Z</time></trkpt><trkpt lat="47.60856110" lon="19.14687510"><ele>157.35</ele><time>2025-10-20T13:43:21.431Z</time></trkpt><trkpt lat="47.60855480" lon="19.14688580"><ele>157.35</ele><time>2025-10-20T13:43:21.636Z</time></trkpt><trkpt lat="47.60854940" lon="19.14689720"><ele>157.35</ele><time>2025-10-20T13:43:21.838Z</time></trkpt><trkpt lat="47.60854570" lon="19.14690670"><ele>157.36</ele><time>2025-10-20T13:43:21.999Z</time></trkpt><trkpt lat="47.60854130" lon="19.14692180"><ele>157.36</ele><time>2025-10-20T13:43:22.240Z</time></trkpt><trkpt lat="47.60853830" lon="19.14693540"><ele>157.36</ele><time>2025-10-20T13:43:22.451Z</time></trkpt><trkpt lat="47.60853620" lon="19.14694900"><ele>157.36</ele><time>2025-10-20T13:43:22.652Z</time></trkpt><trkpt lat="47.60853490" lon="19.14696300"><ele>157.37</ele><time>2025-10-20T13:43:22.854Z</time></trkpt><trkpt lat="47.60853440" lon="19.14697720"><ele>157.36</ele><time>2025-10-20T13:43:23.058Z</time></trkpt><trkpt lat="47.60853480" lon="19.14699020"><ele>157.35</ele><time>2025-10-20T13:43:23.249Z</time></trkpt><trkpt lat="47.60853580" lon="19.14700140"><ele>157.32</ele><time>2025-10-20T13:43:23.412Z</time></trkpt><trkpt lat="47.60853830" lon="19.14701680"><ele>157.32</ele><time>2025-10-20T13:43:23.634Z</time></trkpt><trkpt lat="47.60854200" lon="19.14703160"><ele>157.32</ele><time>2025-10-20T13:43:23.854Z</time></trkpt><trkpt lat="47.60854650" lon="19.14704450"><ele>157.33</ele><time>2025-10-20T13:43:24.055Z</time></trkpt><trkpt lat="47.60855130" lon="19.14705520"><ele>157.35</ele><time>2025-10-20T13:43:24.235Z</time></trkpt><trkpt lat="47.60855780" lon="19.14706680"><ele>157.36</ele><time>2025-10-20T13:43:24.458Z</time></trkpt><trkpt lat="47.60856400" lon="19.14707550"><ele>157.37</ele><time>2025-10-20T13:43:24.638Z</time></trkpt><trkpt lat="47.60857180" lon="19.14708410"><ele>157.39</ele><time>2025-10-20T13:43:24.839Z</time></trkpt><trkpt lat="47.60858060" lon="19.14709200"><ele>157.42</ele><time>2025-10-20T13:43:25.050Z</time></trkpt><trkpt lat="47.60858970" lon="19.14709840"><ele>157.45</ele><time>2025-10-20T13:43:25.261Z</time></trkpt><trkpt lat="47.60859890" lon="19.14710360"><ele>157.47</ele><time>2025-10-20T13:43:25.465Z</time></trkpt><trkpt lat="47.60860740" lon="19.14710710"><ele>157.48</ele><time>2025-10-20T13:43:25.646Z</time></trkpt><trkpt lat="47.60861830" lon="19.14711000"><ele>157.49</ele><time>2025-10-20T13:43:25.869Z</time></trkpt><trkpt lat="47.60862730" lon="19.14711080"><ele>157.50</ele><time>2025-10-20T13:43:26.051Z</time></trkpt><trkpt lat="47.60863810" lon="19.14711020"><ele>157.50</ele><time>2025-10-20T13:43:26.275Z</time></trkpt><trkpt lat="47.60864700" lon="19.14710830"><ele>157.51</ele><time>2025-10-20T13:43:26.458Z</time></trkpt><trkpt lat="47.60865650" lon="19.14710500"><ele>157.50</ele><time>2025-10-20T13:43:26.658Z</time></trkpt><trkpt lat="47.60866580" lon="19.14710010"><ele>157.50</ele><time>2025-10-20T13:43:26.858Z</time></trkpt><trkpt lat="47.60867460" lon="19.14709410"><ele>157.50</ele><time>2025-10-20T13:43:27.058Z</time></trkpt><trkpt lat="47.60868340" lon="19.14708630"><ele>157.52</ele><time>2025-10-20T13:43:27.262Z</time></trkpt><trkpt lat="47.60869200" lon="19.14707680"><ele>157.54</ele><time>2025-10-20T13:43:27.473Z</time></trkpt><trkpt lat="47.60869950" lon="19.14706690"><ele>157.53</ele><time>2025-10-20T13:43:27.674Z</time></trkpt><trkpt lat="47.60870630" lon="19.14705600"><ele>157.54</ele><time>2025-10-20T13:43:27.875Z</time></trkpt><trkpt lat="47.60871180" lon="19.14704550"><ele>157.56</ele><time>2025-10-20T13:43:28.056Z</time></trkpt><trkpt lat="47.60871750" lon="19.14703180"><ele>157.60</ele><time>2025-10-20T13:43:28.278Z</time></trkpt><trkpt lat="47.60872170" lon="19.14701880"><ele>157.62</ele><time>2025-10-20T13:43:28.480Z</time></trkpt><trkpt lat="47.60872490" lon="19.14700550"><ele>157.62</ele><time>2025-10-20T13:43:28.683Z</time></trkpt><trkpt lat="47.60872690" lon="19.14699380"><ele>157.63</ele><time>2025-10-20T13:43:28.868Z</time></trkpt><trkpt lat="47.60872820" lon="19.14698110"><ele>157.64</ele><time>2025-10-20T13:43:29.072Z</time></trkpt><trkpt lat="47.60872850" lon="19.14696840"><ele>157.63</ele><time>2025-10-20T13:43:29.275Z</time></trkpt><trkpt lat="47.60872800" lon="19.14695620"><ele>157.59</ele><time>2025-10-20T13:43:29.469Z</time></trkpt><trkpt lat="47.60872680" lon="19.14694440"><ele>157.55</ele><time>2025-10-20T13:43:29.649Z</time></trkpt><trkpt lat="47.60872460" lon="19.14693140"><ele>157.54</ele><time>2025-10-20T13:43:29.851Z</time></trkpt><trkpt lat="47.60872170" lon="19.14691770"><ele>157.55</ele><time>2025-10-20T13:43:30.071Z</time></trkpt><trkpt lat="47.60871900" lon="19.14690690"><ele>157.56</ele><time>2025-10-20T13:43:30.273Z</time></trkpt><trkpt lat="47.60871650" lon="19.14689790"><ele>157.57</ele><time>2025-10-20T13:43:30.474Z</time></trkpt><trkpt lat="47.60871420" lon="19.14689050"><ele>157.57</ele><time>2025-10-20T13:43:30.676Z</time></trkpt><trkpt lat="47.60871200" lon="19.14688390"><ele>157.56</ele><time>2025-10-20T13:43:30.877Z</time></trkpt><trkpt lat="47.60871000" lon="19.14687880"><ele>157.54</ele><time>2025-10-20T13:43:31.080Z</time></trkpt><trkpt lat="47.60870810" lon="19.14687490"><ele>157.54</ele><time>2025-10-20T13:43:31.283Z</time></trkpt><trkpt lat="47.60870640" lon="19.14687220"><ele>157.54</ele><time>2025-10-20T13:43:31.468Z</time></trkpt><trkpt lat="47.60870470" lon="19.14687020"><ele>157.54</ele><time>2025-10-20T13:43:31.671Z</time></trkpt><trkpt lat="47.60870340" lon="19.14686900"><ele>157.54</ele><time>2025-10-20T13:43:31.873Z</time></trkpt><trkpt lat="47.60870310" lon="19.14686800"><ele>157.55</ele><time>2025-10-20T13:43:32.075Z</time></trkpt><trkpt lat="47.60870390" lon="19.14686680"><ele>157.55</ele><time>2025-10-20T13:43:32.287Z</time></trkpt><trkpt lat="47.60870550" lon="19.14686530"><ele>157.54</ele><time>2025-10-20T13:43:32.448Z</time></trkpt><trkpt lat="47.60870880" lon="19.14686260"><ele>157.53</ele><time>2025-10-20T13:43:32.650Z</time></trkpt><trkpt lat="47.60871290" lon="19.14685960"><ele>157.52</ele><time>2025-10-20T13:43:32.831Z</time></trkpt><trkpt lat="47.60871900" lon="19.14685500"><ele>157.51</ele><time>2025-10-20T13:43:33.054Z</time></trkpt><trkpt lat="47.60872610" lon="19.14684970"><ele>157.51</ele><time>2025-10-20T13:43:33.280Z</time></trkpt><trkpt lat="47.60873230" lon="19.14684500"><ele>157.52</ele><time>2025-10-20T13:43:33.461Z</time></trkpt><trkpt lat="47.60873960" lon="19.14683940"><ele>157.52</ele><time>2025-10-20T13:43:33.661Z</time></trkpt><trkpt lat="47.60874810" lon="19.14683270"><ele>157.53</ele><time>2025-10-20T13:43:33.882Z</time></trkpt><trkpt lat="47.60875610" lon="19.14682620"><ele>157.53</ele><time>2025-10-20T13:43:34.084Z</time></trkpt><trkpt lat="47.60876340" lon="19.14682030"><ele>157.54</ele><time>2025-10-20T13:43:34.265Z</time></trkpt><trkpt lat="47.60877110" lon="19.14681390"><ele>157.54</ele><time>2025-10-20T13:43:34.447Z</time></trkpt><trkpt lat="47.60878090" lon="19.14680560"><ele>157.55</ele><time>2025-10-20T13:43:34.668Z</time></trkpt><trkpt lat="47.60878970" lon="19.14679780"><ele>157.56</ele><time>2025-10-20T13:43:34.869Z</time></trkpt><trkpt lat="47.60879890" lon="19.14678960"><ele>157.56</ele><time>2025-10-20T13:43:35.070Z</time></trkpt><trkpt lat="47.60880820" lon="19.14678100"><ele>157.57</ele><time>2025-10-20T13:43:35.274Z</time></trkpt><trkpt lat="47.60881750" lon="19.14677220"><ele>157.57</ele><time>2025-10-20T13:43:35.478Z</time></trkpt><trkpt lat="47.60882650" lon="19.14676350"><ele>157.58</ele><time>2025-10-20T13:43:35.679Z</time></trkpt><trkpt lat="47.60883530" lon="19.14675490"><ele>157.59</ele><time>2025-10-20T13:43:35.882Z</time></trkpt><trkpt lat="47.60884360" lon="19.14674660"><ele>157.60</ele><time>2025-10-20T13:43:36.082Z</time></trkpt><trkpt lat="47.60885130" lon="19.14673880"><ele>157.60</ele><time>2025-10-20T13:43:36.283Z</time></trkpt><trkpt lat="47.60885780" lon="19.14673200"><ele>157.60</ele><time>2025-10-20T13:43:36.488Z</time></trkpt><trkpt lat="47.60886240" lon="19.14672720"><ele>157.61</ele><time>2025-10-20T13:43:36.669Z</time></trkpt><trkpt lat="47.60886660" lon="19.14672260"><ele>157.62</ele><time>2025-10-20T13:43:36.891Z</time></trkpt><trkpt lat="47.60886890" lon="19.14671990"><ele>157.63</ele><time>2025-10-20T13:43:37.073Z</time></trkpt><trkpt lat="47.60887060" lon="19.14671780"><ele>157.64</ele><time>2025-10-20T13:43:37.275Z</time></trkpt><trkpt lat="47.60887150" lon="19.14671640"><ele>157.64</ele><time>2025-10-20T13:43:37.475Z</time></trkpt><trkpt lat="47.60887180" lon="19.14671580"><ele>157.64</ele><time>2025-10-20T13:43:37.697Z</time></trkpt><trkpt lat="47.60887150" lon="19.14671580"><ele>157.64</ele><time>2025-10-20T13:43:37.878Z</time></trkpt><trkpt lat="47.60887080" lon="19.14671630"><ele>157.65</ele><time>2025-10-20T13:43:38.077Z</time></trkpt><trkpt lat="47.60886950" lon="19.14671720"><ele>157.66</ele><time>2025-10-20T13:43:38.283Z</time></trkpt><trkpt lat="47.60886800" lon="19.14671790"><ele>157.67</ele><time>2025-10-20T13:43:38.469Z</time></trkpt><trkpt lat="47.60886490" lon="19.14671720"><ele>157.68</ele><time>2025-10-20T13:43:38.692Z</time></trkpt><trkpt lat="47.60886130" lon="19.14671530"><ele>157.67</ele><time>2025-10-20T13:43:38.875Z</time></trkpt><trkpt lat="47.60885610" lon="19.14671130"><ele>157.67</ele><time>2025-10-20T13:43:39.078Z</time></trkpt><trkpt lat="47.60884970" lon="19.14670570"><ele>157.67</ele><time>2025-10-20T13:43:39.287Z</time></trkpt><trkpt lat="47.60884290" lon="19.14669950"><ele>157.66</ele><time>2025-10-20T13:43:39.492Z</time></trkpt><trkpt lat="47.60883540" lon="19.14669250"><ele>157.64</ele><time>2025-10-20T13:43:39.694Z</time></trkpt><trkpt lat="47.60882810" lon="19.14668550"><ele>157.64</ele><time>2025-10-20T13:43:39.874Z</time></trkpt><trkpt lat="47.60881860" lon="19.14667610"><ele>157.66</ele><time>2025-10-20T13:43:40.095Z</time></trkpt><trkpt lat="47.60880940" lon="19.14666700"><ele>157.65</ele><time>2025-10-20T13:43:40.299Z</time></trkpt><trkpt lat="47.60880000" lon="19.14665780"><ele>157.64</ele><time>2025-10-20T13:43:40.502Z</time></trkpt><trkpt lat="47.60879070" lon="19.14664880"><ele>157.64</ele><time>2025-10-20T13:43:40.703Z</time></trkpt><trkpt lat="47.60878100" lon="19.14663950"><ele>157.64</ele><time>2025-10-20T13:43:40.903Z</time></trkpt><trkpt lat="47.60877120" lon="19.14663070"><ele>157.66</ele><time>2025-10-20T13:43:41.104Z</time></trkpt><trkpt lat="47.60876110" lon="19.14662220"><ele>157.67</ele><time>2025-10-20T13:43:41.304Z</time></trkpt><trkpt lat="47.60875100" lon="19.14661410"><ele>157.67</ele><time>2025-10-20T13:43:41.505Z</time></trkpt><trkpt lat="47.60874170" lon="19.14660710"><ele>157.68</ele><time>2025-10-20T13:43:41.687Z</time></trkpt><trkpt lat="47.60873180" lon="19.14659990"><ele>157.66</ele><time>2025-10-20T13:43:41.887Z</time></trkpt><trkpt lat="47.60872080" lon="19.14659260"><ele>157.65</ele><time>2025-10-20T13:43:42.109Z</time></trkpt><trkpt lat="47.60871160" lon="19.14658710"><ele>157.64</ele><time>2025-10-20T13:43:42.296Z</time></trkpt><trkpt lat="47.60870140" lon="19.14658150"><ele>157.64</ele><time>2025-10-20T13:43:42.505Z</time></trkpt><trkpt lat="47.60869150" lon="19.14657670"><ele>157.64</ele><time>2025-10-20T13:43:42.711Z</time></trkpt><trkpt lat="47.60868290" lon="19.14657290"><ele>157.64</ele><time>2025-10-20T13:43:42.896Z</time></trkpt><trkpt lat="47.60867490" lon="19.14656980"><ele>157.64</ele><time>2025-10-20T13:43:43.075Z</time></trkpt><trkpt lat="47.60866470" lon="19.14656630"><ele>157.64</ele><time>2025-10-20T13:43:43.310Z</time></trkpt><trkpt lat="47.60865640" lon="19.14656390"><ele>157.64</ele><time>2025-10-20T13:43:43.500Z</time></trkpt><trkpt lat="47.60864860" lon="19.14656200"><ele>157.65</ele><time>2025-10-20T13:43:43.680Z</time></trkpt><trkpt lat="47.60863910" lon="19.14656040"><ele>157.65</ele><time>2025-10-20T13:43:43.901Z</time></trkpt><trkpt lat="47.60863120" lon="19.14655960"><ele>157.65</ele><time>2025-10-20T13:43:44.081Z</time></trkpt><trkpt lat="47.60862190" lon="19.14655930"><ele>157.65</ele><time>2025-10-20T13:43:44.305Z</time></trkpt><trkpt lat="47.60861400" lon="19.14655950"><ele>157.65</ele><time>2025-10-20T13:43:44.486Z</time></trkpt><trkpt lat="47.60860540" lon="19.14656020"><ele>157.67</ele><time>2025-10-20T13:43:44.687Z</time></trkpt><trkpt lat="47.60859680" lon="19.14656150"><ele>157.68</ele><time>2025-10-20T13:43:44.889Z</time></trkpt><trkpt lat="47.60858710" lon="19.14656350"><ele>157.70</ele><time>2025-10-20T13:43:45.110Z</time></trkpt><trkpt lat="47.60857880" lon="19.14656570"><ele>157.70</ele><time>2025-10-20T13:43:45.301Z</time></trkpt><trkpt lat="47.60857030" lon="19.14656840"><ele>157.70</ele><time>2025-10-20T13:43:45.503Z</time></trkpt><trkpt lat="47.60856190" lon="19.14657150"><ele>157.69</ele><time>2025-10-20T13:43:45.704Z</time></trkpt><trkpt lat="47.60855340" lon="19.14657520"><ele>157.69</ele><time>2025-10-20T13:43:45.908Z</time></trkpt><trkpt lat="47.60854510" lon="19.14657940"><ele>157.68</ele><time>2025-10-20T13:43:46.112Z</time></trkpt><trkpt lat="47.60853760" lon="19.14658350"><ele>157.68</ele><time>2025-10-20T13:43:46.296Z</time></trkpt><trkpt lat="47.60853010" lon="19.14658810"><ele>157.69</ele><time>2025-10-20T13:43:46.480Z</time></trkpt><trkpt lat="47.60852120" lon="19.14659410"><ele>157.70</ele><time>2025-10-20T13:43:46.703Z</time></trkpt><trkpt lat="47.60851360" lon="19.14659980"><ele>157.71</ele><time>2025-10-20T13:43:46.903Z</time></trkpt><trkpt lat="47.60850590" lon="19.14660590"><ele>157.73</ele><time>2025-10-20T13:43:47.104Z</time></trkpt><trkpt lat="47.60849820" lon="19.14661240"><ele>157.74</ele><time>2025-10-20T13:43:47.310Z</time></trkpt><trkpt lat="47.60849140" lon="19.14661870"><ele>157.73</ele><time>2025-10-20T13:43:47.497Z</time></trkpt><trkpt lat="47.60848390" lon="19.14662590"><ele>157.73</ele><time>2025-10-20T13:43:47.703Z</time></trkpt><trkpt lat="47.60847640" lon="19.14663340"><ele>157.74</ele><time>2025-10-20T13:43:47.908Z</time></trkpt><trkpt lat="47.60846940" lon="19.14664070"><ele>157.74</ele><time>2025-10-20T13:43:48.106Z</time></trkpt><trkpt lat="47.60846320" lon="19.14664750"><ele>157.73</ele><time>2025-10-20T13:43:48.279Z</time></trkpt><trkpt lat="47.60845640" lon="19.14665560"><ele>157.72</ele><time>2025-10-20T13:43:48.483Z</time></trkpt><trkpt lat="47.60844970" lon="19.14666400"><ele>157.74</ele><time>2025-10-20T13:43:48.684Z</time></trkpt><trkpt lat="47.60844230" lon="19.14667390"><ele>157.75</ele><time>2025-10-20T13:43:48.906Z</time></trkpt><trkpt lat="47.60843580" lon="19.14668310"><ele>157.74</ele><time>2025-10-20T13:43:49.109Z</time></trkpt><trkpt lat="47.60842910" lon="19.14669330"><ele>157.74</ele><time>2025-10-20T13:43:49.322Z</time></trkpt><trkpt lat="47.60842430" lon="19.14670120"><ele>157.73</ele><time>2025-10-20T13:43:49.484Z</time></trkpt><trkpt lat="47.60841760" lon="19.14671240"><ele>157.72</ele><time>2025-10-20T13:43:49.706Z</time></trkpt><trkpt lat="47.60841300" lon="19.14672080"><ele>157.71</ele><time>2025-10-20T13:43:49.868Z</time></trkpt><trkpt lat="47.60840660" lon="19.14673300"><ele>157.71</ele><time>2025-10-20T13:43:50.089Z</time></trkpt><trkpt lat="47.60840060" lon="19.14674600"><ele>157.70</ele><time>2025-10-20T13:43:50.313Z</time></trkpt><trkpt lat="47.60839560" lon="19.14675790"><ele>157.69</ele><time>2025-10-20T13:43:50.515Z</time></trkpt><trkpt lat="47.60839140" lon="19.14676890"><ele>157.68</ele><time>2025-10-20T13:43:50.696Z</time></trkpt><trkpt lat="47.60838690" lon="19.14678240"><ele>157.67</ele><time>2025-10-20T13:43:50.921Z</time></trkpt><trkpt lat="47.60838320" lon="19.14679480"><ele>157.66</ele><time>2025-10-20T13:43:51.121Z</time></trkpt><trkpt lat="47.60837990" lon="19.14680660"><ele>157.65</ele><time>2025-10-20T13:43:51.309Z</time></trkpt><trkpt lat="47.60837650" lon="19.14681930"><ele>157.65</ele><time>2025-10-20T13:43:51.512Z</time></trkpt><trkpt lat="47.60837340" lon="19.14683200"><ele>157.65</ele><time>2025-10-20T13:43:51.715Z</time></trkpt><trkpt lat="47.60837060" lon="19.14684450"><ele>157.64</ele><time>2025-10-20T13:43:51.916Z</time></trkpt><trkpt lat="47.60836820" lon="19.14685670"><ele>157.64</ele><time>2025-10-20T13:43:52.117Z</time></trkpt><trkpt lat="47.60836610" lon="19.14686870"><ele>157.66</ele><time>2025-10-20T13:43:52.319Z</time></trkpt><trkpt lat="47.60836440" lon="19.14688060"><ele>157.67</ele><time>2025-10-20T13:43:52.519Z</time></trkpt><trkpt lat="47.60836300" lon="19.14689260"><ele>157.67</ele><time>2025-10-20T13:43:52.720Z</time></trkpt><trkpt lat="47.60836170" lon="19.14690440"><ele>157.67</ele><time>2025-10-20T13:43:52.922Z</time></trkpt><trkpt lat="47.60836070" lon="19.14691650"><ele>157.67</ele><time>2025-10-20T13:43:53.124Z</time></trkpt><trkpt lat="47.60836000" lon="19.14692750"><ele>157.68</ele><time>2025-10-20T13:43:53.306Z</time></trkpt><trkpt lat="47.60835950" lon="19.14694110"><ele>157.69</ele><time>2025-10-20T13:43:53.527Z</time></trkpt><trkpt lat="47.60835930" lon="19.14695350"><ele>157.69</ele><time>2025-10-20T13:43:53.727Z</time></trkpt><trkpt lat="47.60835940" lon="19.14696600"><ele>157.69</ele><time>2025-10-20T13:43:53.930Z</time></trkpt><trkpt lat="47.60835970" lon="19.14697850"><ele>157.70</ele><time>2025-10-20T13:43:54.131Z</time></trkpt><trkpt lat="47.60836020" lon="19.14699050"><ele>157.72</ele><time>2025-10-20T13:43:54.321Z</time></trkpt><trkpt lat="47.60836080" lon="19.14700180"><ele>157.74</ele><time>2025-10-20T13:43:54.501Z</time></trkpt><trkpt lat="47.60836180" lon="19.14701430"><ele>157.76</ele><time>2025-10-20T13:43:54.701Z</time></trkpt><trkpt lat="47.60836320" lon="19.14702850"><ele>157.77</ele><time>2025-10-20T13:43:54.923Z</time></trkpt><trkpt lat="47.60836480" lon="19.14704110"><ele>157.78</ele><time>2025-10-20T13:43:55.124Z</time></trkpt><trkpt lat="47.60836640" lon="19.14705320"><ele>157.79</ele><time>2025-10-20T13:43:55.320Z</time></trkpt><trkpt lat="47.60836830" lon="19.14706530"><ele>157.80</ele><time>2025-10-20T13:43:55.518Z</time></trkpt><trkpt lat="47.60837030" lon="19.14707720"><ele>157.81</ele><time>2025-10-20T13:43:55.720Z</time></trkpt><trkpt lat="47.60837260" lon="19.14708900"><ele>157.83</ele><time>2025-10-20T13:43:55.921Z</time></trkpt><trkpt lat="47.60837510" lon="19.14710080"><ele>157.85</ele><time>2025-10-20T13:43:56.122Z</time></trkpt><trkpt lat="47.60837790" lon="19.14711240"><ele>157.87</ele><time>2025-10-20T13:43:56.327Z</time></trkpt><trkpt lat="47.60838100" lon="19.14712400"><ele>157.87</ele><time>2025-10-20T13:43:56.527Z</time></trkpt><trkpt lat="47.60838430" lon="19.14713530"><ele>157.88</ele><time>2025-10-20T13:43:56.728Z</time></trkpt><trkpt lat="47.60838790" lon="19.14714660"><ele>157.88</ele><time>2025-10-20T13:43:56.932Z</time></trkpt><trkpt lat="47.60839130" lon="19.14715660"><ele>157.88</ele><time>2025-10-20T13:43:57.113Z</time></trkpt><trkpt lat="47.60839530" lon="19.14716760"><ele>157.88</ele><time>2025-10-20T13:43:57.317Z</time></trkpt><trkpt lat="47.60839950" lon="19.14717840"><ele>157.89</ele><time>2025-10-20T13:43:57.520Z</time></trkpt><trkpt lat="47.60840360" lon="19.14718810"><ele>157.89</ele><time>2025-10-20T13:43:57.701Z</time></trkpt><trkpt lat="47.60840890" lon="19.14719970"><ele>157.91</ele><time>2025-10-20T13:43:57.923Z</time></trkpt><trkpt lat="47.60841410" lon="19.14721040"><ele>157.92</ele><time>2025-10-20T13:43:58.126Z</time></trkpt><trkpt lat="47.60841850" lon="19.14721880"><ele>157.91</ele><time>2025-10-20T13:43:58.288Z</time></trkpt><trkpt lat="47.60842410" lon="19.14722920"><ele>157.93</ele><time>2025-10-20T13:43:58.490Z</time></trkpt><trkpt lat="47.60842990" lon="19.14723940"><ele>157.94</ele><time>2025-10-20T13:43:58.692Z</time></trkpt><trkpt lat="47.60843600" lon="19.14724940"><ele>157.94</ele><time>2025-10-20T13:43:58.893Z</time></trkpt><trkpt lat="47.60844250" lon="19.14725940"><ele>157.96</ele><time>2025-10-20T13:43:59.095Z</time></trkpt><trkpt lat="47.60844860" lon="19.14726820"><ele>157.97</ele><time>2025-10-20T13:43:59.275Z</time></trkpt><trkpt lat="47.60845620" lon="19.14727840"><ele>157.97</ele><time>2025-10-20T13:43:59.497Z</time></trkpt><trkpt lat="47.60846400" lon="19.14728830"><ele>157.97</ele><time>2025-10-20T13:43:59.719Z</time></trkpt><trkpt lat="47.60847040" lon="19.14729590"><ele>157.99</ele><time>2025-10-20T13:43:59.901Z</time></trkpt><trkpt lat="47.60847860" lon="19.14730500"><ele>158.01</ele><time>2025-10-20T13:44:00.123Z</time></trkpt><trkpt lat="47.60848520" lon="19.14731210"><ele>158.03</ele><time>2025-10-20T13:44:00.306Z</time></trkpt><trkpt lat="47.60849230" lon="19.14731960"><ele>158.03</ele><time>2025-10-20T13:44:00.507Z</time></trkpt><trkpt lat="47.60849990" lon="19.14732710"><ele>158.02</ele><time>2025-10-20T13:44:00.708Z</time></trkpt><trkpt lat="47.60850750" lon="19.14733430"><ele>158.01</ele><time>2025-10-20T13:44:00.909Z</time></trkpt><trkpt lat="47.60851530" lon="19.14734110"><ele>158.01</ele><time>2025-10-20T13:44:01.110Z</time></trkpt><trkpt lat="47.60852360" lon="19.14734740"><ele>158.02</ele><time>2025-10-20T13:44:01.321Z</time></trkpt><trkpt lat="47.60853100" lon="19.14735220"><ele>158.01</ele><time>2025-10-20T13:44:01.522Z</time></trkpt><trkpt lat="47.60853930" lon="19.14735690"><ele>158.01</ele><time>2025-10-20T13:44:01.725Z</time></trkpt><trkpt lat="47.60854780" lon="19.14736100"><ele>158.01</ele><time>2025-10-20T13:44:01.926Z</time></trkpt><trkpt lat="47.60855640" lon="19.14736470"><ele>158.01</ele><time>2025-10-20T13:44:02.129Z</time></trkpt><trkpt lat="47.60856470" lon="19.14736790"><ele>158.00</ele><time>2025-10-20T13:44:02.324Z</time></trkpt><trkpt lat="47.60857340" lon="19.14737080"><ele>157.99</ele><time>2025-10-20T13:44:02.527Z</time></trkpt><trkpt lat="47.60858210" lon="19.14737340"><ele>158.00</ele><time>2025-10-20T13:44:02.731Z</time></trkpt><trkpt lat="47.60859040" lon="19.14737560"><ele>158.02</ele><time>2025-10-20T13:44:02.932Z</time></trkpt><trkpt lat="47.60859810" lon="19.14737740"><ele>158.03</ele><time>2025-10-20T13:44:03.114Z</time></trkpt><trkpt lat="47.60860670" lon="19.14737900"><ele>158.03</ele><time>2025-10-20T13:44:03.316Z</time></trkpt><trkpt lat="47.60861500" lon="19.14738030"><ele>158.04</ele><time>2025-10-20T13:44:03.516Z</time></trkpt><trkpt lat="47.60862340" lon="19.14738120"><ele>158.05</ele><time>2025-10-20T13:44:03.718Z</time></trkpt><trkpt lat="47.60863180" lon="19.14738160"><ele>158.05</ele><time>2025-10-20T13:44:03.919Z</time></trkpt><trkpt lat="47.60864030" lon="19.14738150"><ele>158.03</ele><time>2025-10-20T13:44:04.120Z</time></trkpt><trkpt lat="47.60864820" lon="19.14738100"><ele>158.01</ele><time>2025-10-20T13:44:04.309Z</time></trkpt><trkpt lat="47.60865660" lon="19.14737990"><ele>158.02</ele><time>2025-10-20T13:44:04.513Z</time></trkpt><trkpt lat="47.60866520" lon="19.14737830"><ele>158.03</ele><time>2025-10-20T13:44:04.715Z</time></trkpt><trkpt lat="47.60867380" lon="19.14737620"><ele>158.03</ele><time>2025-10-20T13:44:04.919Z</time></trkpt><trkpt lat="47.60868220" lon="19.14737380"><ele>158.02</ele><time>2025-10-20T13:44:05.120Z</time></trkpt><trkpt lat="47.60868910" lon="19.14737160"><ele>158.01</ele><time>2025-10-20T13:44:05.291Z</time></trkpt><trkpt lat="47.60869730" lon="19.14736860"><ele>158.00</ele><time>2025-10-20T13:44:05.495Z</time></trkpt><trkpt lat="47.60870570" lon="19.14736500"><ele>158.00</ele><time>2025-10-20T13:44:05.716Z</time></trkpt><trkpt lat="47.60871200" lon="19.14736200"><ele>158.00</ele><time>2025-10-20T13:44:05.877Z</time></trkpt><trkpt lat="47.60872070" lon="19.14735740"><ele>158.00</ele><time>2025-10-20T13:44:06.100Z</time></trkpt><trkpt lat="47.60872860" lon="19.14735290"><ele>158.00</ele><time>2025-10-20T13:44:06.306Z</time></trkpt><trkpt lat="47.60873710" lon="19.14734750"><ele>157.99</ele><time>2025-10-20T13:44:06.527Z</time></trkpt><trkpt lat="47.60874400" lon="19.14734280"><ele>157.99</ele><time>2025-10-20T13:44:06.708Z</time></trkpt><trkpt lat="47.60875240" lon="19.14733650"><ele>157.99</ele><time>2025-10-20T13:44:06.928Z</time></trkpt><trkpt lat="47.60875900" lon="19.14733130"><ele>157.99</ele><time>2025-10-20T13:44:07.109Z</time></trkpt><trkpt lat="47.60876670" lon="19.14732480"><ele>158.01</ele><time>2025-10-20T13:44:07.327Z</time></trkpt><trkpt lat="47.60877430" lon="19.14731790"><ele>158.02</ele><time>2025-10-20T13:44:07.532Z</time></trkpt><trkpt lat="47.60878110" lon="19.14731140"><ele>158.02</ele><time>2025-10-20T13:44:07.715Z</time></trkpt><trkpt lat="47.60878850" lon="19.14730380"><ele>158.02</ele><time>2025-10-20T13:44:07.919Z</time></trkpt><trkpt lat="47.60879540" lon="19.14729610"><ele>158.01</ele><time>2025-10-20T13:44:08.120Z</time></trkpt><trkpt lat="47.60880190" lon="19.14728860"><ele>158.00</ele><time>2025-10-20T13:44:08.310Z</time></trkpt><trkpt lat="47.60880820" lon="19.14728060"><ele>158.01</ele><time>2025-10-20T13:44:08.511Z</time></trkpt><trkpt lat="47.60881500" lon="19.14727130"><ele>158.00</ele><time>2025-10-20T13:44:08.731Z</time></trkpt><trkpt lat="47.60882130" lon="19.14726250"><ele>158.00</ele><time>2025-10-20T13:44:08.932Z</time></trkpt><trkpt lat="47.60882750" lon="19.14725340"><ele>158.00</ele><time>2025-10-20T13:44:09.133Z</time></trkpt><trkpt lat="47.60883360" lon="19.14724430"><ele>157.99</ele><time>2025-10-20T13:44:09.334Z</time></trkpt><trkpt lat="47.60883940" lon="19.14723510"><ele>157.99</ele><time>2025-10-20T13:44:09.527Z</time></trkpt><trkpt lat="47.60884530" lon="19.14722530"><ele>157.98</ele><time>2025-10-20T13:44:09.730Z</time></trkpt><trkpt lat="47.60885100" lon="19.14721510"><ele>157.99</ele><time>2025-10-20T13:44:09.932Z</time></trkpt><trkpt lat="47.60885640" lon="19.14720490"><ele>157.99</ele><time>2025-10-20T13:44:10.134Z</time></trkpt><trkpt lat="47.60886190" lon="19.14719430"><ele>157.99</ele><time>2025-10-20T13:44:10.336Z</time></trkpt><trkpt lat="47.60886720" lon="19.14718340"><ele>158.00</ele><time>2025-10-20T13:44:10.539Z</time></trkpt><trkpt lat="47.60887170" lon="19.14717350"><ele>158.00</ele><time>2025-10-20T13:44:10.721Z</time></trkpt><trkpt lat="47.60887660" lon="19.14716220"><ele>157.99</ele><time>2025-10-20T13:44:10.922Z</time></trkpt><trkpt lat="47.60888120" lon="19.14715060"><ele>157.99</ele><time>2025-10-20T13:44:11.126Z</time></trkpt><trkpt lat="47.60888550" lon="19.14713890"><ele>157.99</ele><time>2025-10-20T13:44:11.328Z</time></trkpt><trkpt lat="47.60888940" lon="19.14712710"><ele>158.00</ele><time>2025-10-20T13:44:11.530Z</time></trkpt><trkpt lat="47.60889220" lon="19.14711780"><ele>158.00</ele><time>2025-10-20T13:44:11.693Z</time></trkpt><trkpt lat="47.60889600" lon="19.14710330"><ele>158.02</ele><time>2025-10-20T13:44:11.936Z</time></trkpt><trkpt lat="47.60889830" lon="19.14709340"><ele>158.04</ele><time>2025-10-20T13:44:12.098Z</time></trkpt><trkpt lat="47.60890150" lon="19.14707840"><ele>158.05</ele><time>2025-10-20T13:44:12.343Z</time></trkpt><trkpt lat="47.60890340" lon="19.14706730"><ele>158.07</ele><time>2025-10-20T13:44:12.527Z</time></trkpt><trkpt lat="47.60890520" lon="19.14705580"><ele>158.07</ele><time>2025-10-20T13:44:12.708Z</time></trkpt><trkpt lat="47.60890680" lon="19.14704300"><ele>158.08</ele><time>2025-10-20T13:44:12.911Z</time></trkpt><trkpt lat="47.60890810" lon="19.14702990"><ele>158.09</ele><time>2025-10-20T13:44:13.115Z</time></trkpt><trkpt lat="47.60890920" lon="19.14701540"><ele>158.10</ele><time>2025-10-20T13:44:13.338Z</time></trkpt><trkpt lat="47.60890970" lon="19.14700330"><ele>158.11</ele><time>2025-10-20T13:44:13.521Z</time></trkpt><trkpt lat="47.60891000" lon="19.14698990"><ele>158.11</ele><time>2025-10-20T13:44:13.723Z</time></trkpt><trkpt lat="47.60890990" lon="19.14697550"><ele>158.10</ele><time>2025-10-20T13:44:13.943Z</time></trkpt><trkpt lat="47.60890950" lon="19.14696250"><ele>158.09</ele><time>2025-10-20T13:44:14.145Z</time></trkpt><trkpt lat="47.60890890" lon="19.14695060"><ele>158.09</ele><time>2025-10-20T13:44:14.326Z</time></trkpt><trkpt lat="47.60890790" lon="19.14693760"><ele>158.09</ele><time>2025-10-20T13:44:14.528Z</time></trkpt><trkpt lat="47.60890670" lon="19.14692460"><ele>158.08</ele><time>2025-10-20T13:44:14.729Z</time></trkpt><trkpt lat="47.60890530" lon="19.14691190"><ele>158.07</ele><time>2025-10-20T13:44:14.931Z</time></trkpt><trkpt lat="47.60890350" lon="19.14689950"><ele>158.07</ele><time>2025-10-20T13:44:15.132Z</time></trkpt><trkpt lat="47.60890140" lon="19.14688690"><ele>158.07</ele><time>2025-10-20T13:44:15.341Z</time></trkpt><trkpt lat="47.60889910" lon="19.14687470"><ele>158.08</ele><time>2025-10-20T13:44:15.542Z</time></trkpt><trkpt lat="47.60889660" lon="19.14686290"><ele>158.08</ele><time>2025-10-20T13:44:15.744Z</time></trkpt><trkpt lat="47.60889390" lon="19.14685090"><ele>158.08</ele><time>2025-10-20T13:44:15.944Z</time></trkpt><trkpt lat="47.60889110" lon="19.14683920"><ele>158.08</ele><time>2025-10-20T13:44:16.144Z</time></trkpt><trkpt lat="47.60888800" lon="19.14682750"><ele>158.09</ele><time>2025-10-20T13:44:16.346Z</time></trkpt><trkpt lat="47.60888480" lon="19.14681610"><ele>158.11</ele><time>2025-10-20T13:44:16.549Z</time></trkpt><trkpt lat="47.60888150" lon="19.14680520"><ele>158.11</ele><time>2025-10-20T13:44:16.750Z</time></trkpt><trkpt lat="47.60887800" lon="19.14679430"><ele>158.12</ele><time>2025-10-20T13:44:16.951Z</time></trkpt><trkpt lat="47.60887430" lon="19.14678350"><ele>158.12</ele><time>2025-10-20T13:44:17.152Z</time></trkpt><trkpt lat="47.60887020" lon="19.14677240"><ele>158.12</ele><time>2025-10-20T13:44:17.363Z</time></trkpt><trkpt lat="47.60886640" lon="19.14676290"><ele>158.12</ele><time>2025-10-20T13:44:17.545Z</time></trkpt><trkpt lat="47.60886210" lon="19.14675270"><ele>158.12</ele><time>2025-10-20T13:44:17.747Z</time></trkpt><trkpt lat="47.60885710" lon="19.14674180"><ele>158.12</ele><time>2025-10-20T13:44:17.969Z</time></trkpt><trkpt lat="47.60885270" lon="19.14673290"><ele>158.13</ele><time>2025-10-20T13:44:18.150Z</time></trkpt><trkpt lat="47.60884720" lon="19.14672200"><ele>158.12</ele><time>2025-10-20T13:44:18.373Z</time></trkpt><trkpt lat="47.60884250" lon="19.14671330"><ele>158.13</ele><time>2025-10-20T13:44:18.555Z</time></trkpt><trkpt lat="47.60883720" lon="19.14670380"><ele>158.13</ele><time>2025-10-20T13:44:18.758Z</time></trkpt><trkpt lat="47.60883170" lon="19.14669450"><ele>158.13</ele><time>2025-10-20T13:44:18.959Z</time></trkpt><trkpt lat="47.60882590" lon="19.14668540"><ele>158.13</ele><time>2025-10-20T13:44:19.160Z</time></trkpt><trkpt lat="47.60882120" lon="19.14667830"><ele>158.12</ele><time>2025-10-20T13:44:19.325Z</time></trkpt><trkpt lat="47.60881390" lon="19.14666800"><ele>158.12</ele><time>2025-10-20T13:44:19.566Z</time></trkpt><trkpt lat="47.60880840" lon="19.14666060"><ele>158.11</ele><time>2025-10-20T13:44:19.748Z</time></trkpt><trkpt lat="47.60880130" lon="19.14665170"><ele>158.10</ele><time>2025-10-20T13:44:19.969Z</time></trkpt><trkpt lat="47.60879510" lon="19.14664430"><ele>158.10</ele><time>2025-10-20T13:44:20.157Z</time></trkpt><trkpt lat="47.60878790" lon="19.14663640"><ele>158.10</ele><time>2025-10-20T13:44:20.362Z</time></trkpt><trkpt lat="47.60878070" lon="19.14662910"><ele>158.09</ele><time>2025-10-20T13:44:20.563Z</time></trkpt><trkpt lat="47.60877300" lon="19.14662190"><ele>158.09</ele><time>2025-10-20T13:44:20.765Z</time></trkpt><trkpt lat="47.60876500" lon="19.14661480"><ele>158.10</ele><time>2025-10-20T13:44:20.967Z</time></trkpt><trkpt lat="47.60875670" lon="19.14660810"><ele>158.10</ele><time>2025-10-20T13:44:21.168Z</time></trkpt><trkpt lat="47.60874910" lon="19.14660240"><ele>158.09</ele><time>2025-10-20T13:44:21.354Z</time></trkpt><trkpt lat="47.60874050" lon="19.14659660"><ele>158.10</ele><time>2025-10-20T13:44:21.557Z</time></trkpt><trkpt lat="47.60873190" lon="19.14659130"><ele>158.10</ele><time>2025-10-20T13:44:21.759Z</time></trkpt><trkpt lat="47.60872350" lon="19.14658680"><ele>158.10</ele><time>2025-10-20T13:44:21.959Z</time></trkpt><trkpt lat="47.60871390" lon="19.14658250"><ele>158.12</ele><time>2025-10-20T13:44:22.180Z</time></trkpt><trkpt lat="47.60870590" lon="19.14657950"><ele>158.12</ele><time>2025-10-20T13:44:22.365Z</time></trkpt><trkpt lat="47.60869730" lon="19.14657680"><ele>158.12</ele><time>2025-10-20T13:44:22.567Z</time></trkpt><trkpt lat="47.60869050" lon="19.14657490"><ele>158.11</ele><time>2025-10-20T13:44:22.728Z</time></trkpt><trkpt lat="47.60868000" lon="19.14657250"><ele>158.10</ele><time>2025-10-20T13:44:22.973Z</time></trkpt><trkpt lat="47.60867130" lon="19.14657080"><ele>158.09</ele><time>2025-10-20T13:44:23.174Z</time></trkpt><trkpt lat="47.60866430" lon="19.14656950"><ele>158.07</ele><time>2025-10-20T13:44:23.343Z</time></trkpt><trkpt lat="47.60865560" lon="19.14656800"><ele>158.04</ele><time>2025-10-20T13:44:23.553Z</time></trkpt><trkpt lat="47.60864630" lon="19.14656660"><ele>158.01</ele><time>2025-10-20T13:44:23.778Z</time></trkpt><trkpt lat="47.60863790" lon="19.14656560"><ele>158.00</ele><time>2025-10-20T13:44:23.979Z</time></trkpt><trkpt lat="47.60862960" lon="19.14656510"><ele>157.99</ele><time>2025-10-20T13:44:24.181Z</time></trkpt><trkpt lat="47.60862100" lon="19.14656510"><ele>157.98</ele><time>2025-10-20T13:44:24.387Z</time></trkpt><trkpt lat="47.60861420" lon="19.14656550"><ele>157.97</ele><time>2025-10-20T13:44:24.548Z</time></trkpt><trkpt lat="47.60860500" lon="19.14656650"><ele>157.96</ele><time>2025-10-20T13:44:24.770Z</time></trkpt><trkpt lat="47.60859650" lon="19.14656800"><ele>157.96</ele><time>2025-10-20T13:44:24.972Z</time></trkpt><trkpt lat="47.60858790" lon="19.14657000"><ele>157.95</ele><time>2025-10-20T13:44:25.173Z</time></trkpt><trkpt lat="47.60857840" lon="19.14657270"><ele>157.95</ele><time>2025-10-20T13:44:25.396Z</time></trkpt><trkpt lat="47.60857020" lon="19.14657520"><ele>157.95</ele><time>2025-10-20T13:44:25.581Z</time></trkpt><trkpt lat="47.60856120" lon="19.14657860"><ele>157.95</ele><time>2025-10-20T13:44:25.783Z</time></trkpt><trkpt lat="47.60855230" lon="19.14658240"><ele>157.95</ele><time>2025-10-20T13:44:25.985Z</time></trkpt><trkpt lat="47.60854440" lon="19.14658630"><ele>157.95</ele><time>2025-10-20T13:44:26.168Z</time></trkpt><trkpt lat="47.60853560" lon="19.14659110"><ele>157.95</ele><time>2025-10-20T13:44:26.377Z</time></trkpt><trkpt lat="47.60852670" lon="19.14659660"><ele>157.96</ele><time>2025-10-20T13:44:26.598Z</time></trkpt><trkpt lat="47.60851840" lon="19.14660230"><ele>157.98</ele><time>2025-10-20T13:44:26.799Z</time></trkpt><trkpt lat="47.60851010" lon="19.14660860"><ele>157.98</ele><time>2025-10-20T13:44:27.000Z</time></trkpt><trkpt lat="47.60850200" lon="19.14661550"><ele>157.98</ele><time>2025-10-20T13:44:27.202Z</time></trkpt><trkpt lat="47.60849450" lon="19.14662230"><ele>157.99</ele><time>2025-10-20T13:44:27.390Z</time></trkpt><trkpt lat="47.60848650" lon="19.14663010"><ele>158.01</ele><time>2025-10-20T13:44:27.595Z</time></trkpt><trkpt lat="47.60847880" lon="19.14663820"><ele>158.02</ele><time>2025-10-20T13:44:27.797Z</time></trkpt><trkpt lat="47.60847220" lon="19.14664540"><ele>158.01</ele><time>2025-10-20T13:44:27.978Z</time></trkpt><trkpt lat="47.60846410" lon="19.14665490"><ele>158.01</ele><time>2025-10-20T13:44:28.200Z</time></trkpt><trkpt lat="47.60845740" lon="19.14666320"><ele>158.01</ele><time>2025-10-20T13:44:28.389Z</time></trkpt><trkpt lat="47.60845040" lon="19.14667230"><ele>158.03</ele><time>2025-10-20T13:44:28.590Z</time></trkpt><trkpt lat="47.60844380" lon="19.14668150"><ele>158.04</ele><time>2025-10-20T13:44:28.790Z</time></trkpt><trkpt lat="47.60843750" lon="19.14669110"><ele>158.05</ele><time>2025-10-20T13:44:28.990Z</time></trkpt><trkpt lat="47.60843160" lon="19.14670070"><ele>158.05</ele><time>2025-10-20T13:44:29.192Z</time></trkpt><trkpt lat="47.60842600" lon="19.14671060"><ele>158.03</ele><time>2025-10-20T13:44:29.395Z</time></trkpt><trkpt lat="47.60842060" lon="19.14672070"><ele>158.03</ele><time>2025-10-20T13:44:29.596Z</time></trkpt><trkpt lat="47.60841540" lon="19.14673120"><ele>158.03</ele><time>2025-10-20T13:44:29.798Z</time></trkpt><trkpt lat="47.60841040" lon="19.14674170"><ele>158.04</ele><time>2025-10-20T13:44:29.999Z</time></trkpt><trkpt lat="47.60840610" lon="19.14675130"><ele>158.05</ele><time>2025-10-20T13:44:30.179Z</time></trkpt><trkpt lat="47.60840130" lon="19.14676260"><ele>158.05</ele><time>2025-10-20T13:44:30.394Z</time></trkpt><trkpt lat="47.60839690" lon="19.14677350"><ele>158.06</ele><time>2025-10-20T13:44:30.596Z</time></trkpt><trkpt lat="47.60839260" lon="19.14678470"><ele>158.09</ele><time>2025-10-20T13:44:30.802Z</time></trkpt><trkpt lat="47.60838850" lon="19.14679610"><ele>158.12</ele><time>2025-10-20T13:44:31.004Z</time></trkpt><trkpt lat="47.60838450" lon="19.14680770"><ele>158.14</ele><time>2025-10-20T13:44:31.204Z</time></trkpt><trkpt lat="47.60838060" lon="19.14681960"><ele>158.15</ele><time>2025-10-20T13:44:31.406Z</time></trkpt><trkpt lat="47.60837690" lon="19.14683170"><ele>158.17</ele><time>2025-10-20T13:44:31.609Z</time></trkpt><trkpt lat="47.60837360" lon="19.14684380"><ele>158.18</ele><time>2025-10-20T13:44:31.812Z</time></trkpt><trkpt lat="47.60837070" lon="19.14685620"><ele>158.18</ele><time>2025-10-20T13:44:32.013Z</time></trkpt><trkpt lat="47.60836820" lon="19.14686860"><ele>158.18</ele><time>2025-10-20T13:44:32.214Z</time></trkpt><trkpt lat="47.60836590" lon="19.14688090"><ele>158.19</ele><time>2025-10-20T13:44:32.419Z</time></trkpt><trkpt lat="47.60836430" lon="19.14689080"><ele>158.19</ele><time>2025-10-20T13:44:32.580Z</time></trkpt><trkpt lat="47.60836190" lon="19.14690570"><ele>158.20</ele><time>2025-10-20T13:44:32.823Z</time></trkpt><trkpt lat="47.60836010" lon="19.14691840"><ele>158.21</ele><time>2025-10-20T13:44:33.024Z</time></trkpt><trkpt lat="47.60835840" lon="19.14693100"><ele>158.23</ele><time>2025-10-20T13:44:33.225Z</time></trkpt><trkpt lat="47.60835690" lon="19.14694390"><ele>158.26</ele><time>2025-10-20T13:44:33.428Z</time></trkpt><trkpt lat="47.60835580" lon="19.14695700"><ele>158.29</ele><time>2025-10-20T13:44:33.630Z</time></trkpt><trkpt lat="47.60835490" lon="19.14697030"><ele>158.29</ele><time>2025-10-20T13:44:33.831Z</time></trkpt><trkpt lat="47.60835440" lon="19.14698360"><ele>158.30</ele><time>2025-10-20T13:44:34.033Z</time></trkpt><trkpt lat="47.60835400" lon="19.14699570"><ele>158.30</ele><time>2025-10-20T13:44:34.216Z</time></trkpt><trkpt lat="47.60835390" lon="19.14700760"><ele>158.30</ele><time>2025-10-20T13:44:34.402Z</time></trkpt><trkpt lat="47.60835400" lon="19.14701930"><ele>158.29</ele><time>2025-10-20T13:44:34.585Z</time></trkpt><trkpt lat="47.60835460" lon="19.14703270"><ele>158.28</ele><time>2025-10-20T13:44:34.808Z</time></trkpt><trkpt lat="47.60835560" lon="19.14704520"><ele>158.27</ele><time>2025-10-20T13:44:35.010Z</time></trkpt><trkpt lat="47.60835690" lon="19.14705700"><ele>158.26</ele><time>2025-10-20T13:44:35.212Z</time></trkpt><trkpt lat="47.60835890" lon="19.14707050"><ele>158.25</ele><time>2025-10-20T13:44:35.442Z</time></trkpt><trkpt lat="47.60836100" lon="19.14708200"><ele>158.25</ele><time>2025-10-20T13:44:35.644Z</time></trkpt><trkpt lat="47.60836340" lon="19.14709310"><ele>158.23</ele><time>2025-10-20T13:44:35.844Z</time></trkpt><trkpt lat="47.60836570" lon="19.14710270"><ele>158.22</ele><time>2025-10-20T13:44:36.027Z</time></trkpt><trkpt lat="47.60836880" lon="19.14711380"><ele>158.20</ele><time>2025-10-20T13:44:36.249Z</time></trkpt><trkpt lat="47.60837160" lon="19.14712250"><ele>158.19</ele><time>2025-10-20T13:44:36.437Z</time></trkpt><trkpt lat="47.60837510" lon="19.14713250"><ele>158.17</ele><time>2025-10-20T13:44:36.644Z</time></trkpt><trkpt lat="47.60837900" lon="19.14714230"><ele>158.14</ele><time>2025-10-20T13:44:36.845Z</time></trkpt><trkpt lat="47.60838310" lon="19.14715240"><ele>158.13</ele><time>2025-10-20T13:44:37.046Z</time></trkpt><trkpt lat="47.60838740" lon="19.14716260"><ele>158.12</ele><time>2025-10-20T13:44:37.249Z</time></trkpt><trkpt lat="47.60839180" lon="19.14717270"><ele>158.12</ele><time>2025-10-20T13:44:37.451Z</time></trkpt><trkpt lat="47.60839610" lon="19.14718260"><ele>158.13</ele><time>2025-10-20T13:44:37.653Z</time></trkpt><trkpt lat="47.60840000" lon="19.14719150"><ele>158.15</ele><time>2025-10-20T13:44:37.833Z</time></trkpt><trkpt lat="47.60840500" lon="19.14720220"><ele>158.16</ele><time>2025-10-20T13:44:38.034Z</time></trkpt><trkpt lat="47.60841080" lon="19.14721390"><ele>158.15</ele><time>2025-10-20T13:44:38.255Z</time></trkpt><trkpt lat="47.60841640" lon="19.14722450"><ele>158.14</ele><time>2025-10-20T13:44:38.458Z</time></trkpt><trkpt lat="47.60842240" lon="19.14723500"><ele>158.14</ele><time>2025-10-20T13:44:38.660Z</time></trkpt><trkpt lat="47.60842850" lon="19.14724530"><ele>158.12</ele><time>2025-10-20T13:44:38.860Z</time></trkpt><trkpt lat="47.60843470" lon="19.14725570"><ele>158.11</ele><time>2025-10-20T13:44:39.062Z</time></trkpt><trkpt lat="47.60844110" lon="19.14726600"><ele>158.11</ele><time>2025-10-20T13:44:39.263Z</time></trkpt><trkpt lat="47.60844700" lon="19.14727510"><ele>158.10</ele><time>2025-10-20T13:44:39.450Z</time></trkpt><trkpt lat="47.60845360" lon="19.14728470"><ele>158.10</ele><time>2025-10-20T13:44:39.650Z</time></trkpt><trkpt lat="47.60846020" lon="19.14729380"><ele>158.10</ele><time>2025-10-20T13:44:39.850Z</time></trkpt><trkpt lat="47.60846720" lon="19.14730260"><ele>158.10</ele><time>2025-10-20T13:44:40.053Z</time></trkpt><trkpt lat="47.60847440" lon="19.14731110"><ele>158.10</ele><time>2025-10-20T13:44:40.255Z</time></trkpt><trkpt lat="47.60848150" lon="19.14731900"><ele>158.10</ele><time>2025-10-20T13:44:40.456Z</time></trkpt><trkpt lat="47.60848870" lon="19.14732620"><ele>158.10</ele><time>2025-10-20T13:44:40.657Z</time></trkpt><trkpt lat="47.60849640" lon="19.14733310"><ele>158.10</ele><time>2025-10-20T13:44:40.857Z</time></trkpt><trkpt lat="47.60850420" lon="19.14733940"><ele>158.11</ele><time>2025-10-20T13:44:41.058Z</time></trkpt><trkpt lat="47.60851230" lon="19.14734500"><ele>158.12</ele><time>2025-10-20T13:44:41.260Z</time></trkpt><trkpt lat="47.60852070" lon="19.14735010"><ele>158.12</ele><time>2025-10-20T13:44:41.457Z</time></trkpt><trkpt lat="47.60852860" lon="19.14735440"><ele>158.14</ele><time>2025-10-20T13:44:41.639Z</time></trkpt><trkpt lat="47.60853840" lon="19.14735910"><ele>158.16</ele><time>2025-10-20T13:44:41.861Z</time></trkpt><trkpt lat="47.60854730" lon="19.14736300"><ele>158.18</ele><time>2025-10-20T13:44:42.063Z</time></trkpt><trkpt lat="47.60855630" lon="19.14736660"><ele>158.18</ele><time>2025-10-20T13:44:42.267Z</time></trkpt><trkpt lat="47.60856470" lon="19.14736960"><ele>158.17</ele><time>2025-10-20T13:44:42.452Z</time></trkpt><trkpt lat="47.60857360" lon="19.14737250"><ele>158.19</ele><time>2025-10-20T13:44:42.653Z</time></trkpt><trkpt lat="47.60858250" lon="19.14737490"><ele>158.19</ele><time>2025-10-20T13:44:42.855Z</time></trkpt><trkpt lat="47.60859140" lon="19.14737700"><ele>158.20</ele><time>2025-10-20T13:44:43.056Z</time></trkpt><trkpt lat="47.60860010" lon="19.14737850"><ele>158.20</ele><time>2025-10-20T13:44:43.258Z</time></trkpt><trkpt lat="47.60860850" lon="19.14737960"><ele>158.19</ele><time>2025-10-20T13:44:43.459Z</time></trkpt><trkpt lat="47.60861610" lon="19.14738040"><ele>158.19</ele><time>2025-10-20T13:44:43.639Z</time></trkpt><trkpt lat="47.60862460" lon="19.14738070"><ele>158.19</ele><time>2025-10-20T13:44:43.841Z</time></trkpt><trkpt lat="47.60863300" lon="19.14738070"><ele>158.21</ele><time>2025-10-20T13:44:44.044Z</time></trkpt><trkpt lat="47.60864180" lon="19.14738010"><ele>158.23</ele><time>2025-10-20T13:44:44.248Z</time></trkpt><trkpt lat="47.60865090" lon="19.14737890"><ele>158.23</ele><time>2025-10-20T13:44:44.464Z</time></trkpt><trkpt lat="47.60865940" lon="19.14737740"><ele>158.24</ele><time>2025-10-20T13:44:44.665Z</time></trkpt><trkpt lat="47.60866780" lon="19.14737540"><ele>158.25</ele><time>2025-10-20T13:44:44.867Z</time></trkpt><trkpt lat="47.60867590" lon="19.14737290"><ele>158.26</ele><time>2025-10-20T13:44:45.068Z</time></trkpt><trkpt lat="47.60868340" lon="19.14737020"><ele>158.27</ele><time>2025-10-20T13:44:45.250Z</time></trkpt><trkpt lat="47.60869240" lon="19.14736660"><ele>158.27</ele><time>2025-10-20T13:44:45.471Z</time></trkpt><trkpt lat="47.60870060" lon="19.14736290"><ele>158.27</ele><time>2025-10-20T13:44:45.672Z</time></trkpt><trkpt lat="47.60870800" lon="19.14735930"><ele>158.27</ele><time>2025-10-20T13:44:45.853Z</time></trkpt><trkpt lat="47.60871610" lon="19.14735500"><ele>158.27</ele><time>2025-10-20T13:44:46.055Z</time></trkpt><trkpt lat="47.60872390" lon="19.14735060"><ele>158.27</ele><time>2025-10-20T13:44:46.257Z</time></trkpt><trkpt lat="47.60873170" lon="19.14734580"><ele>158.27</ele><time>2025-10-20T13:44:46.460Z</time></trkpt><trkpt lat="47.60873940" lon="19.14734070"><ele>158.27</ele><time>2025-10-20T13:44:46.661Z</time></trkpt><trkpt lat="47.60874610" lon="19.14733590"><ele>158.27</ele><time>2025-10-20T13:44:46.842Z</time></trkpt><trkpt lat="47.60875450" lon="19.14732940"><ele>158.27</ele><time>2025-10-20T13:44:47.064Z</time></trkpt><trkpt lat="47.60876210" lon="19.14732310"><ele>158.26</ele><time>2025-10-20T13:44:47.268Z</time></trkpt><trkpt lat="47.60876950" lon="19.14731630"><ele>158.26</ele><time>2025-10-20T13:44:47.470Z</time></trkpt><trkpt lat="47.60877690" lon="19.14730930"><ele>158.26</ele><time>2025-10-20T13:44:47.671Z</time></trkpt><trkpt lat="47.60878390" lon="19.14730230"><ele>158.27</ele><time>2025-10-20T13:44:47.872Z</time></trkpt><trkpt lat="47.60879090" lon="19.14729470"><ele>158.29</ele><time>2025-10-20T13:44:48.072Z</time></trkpt><trkpt lat="47.60879800" lon="19.14728690"><ele>158.31</ele><time>2025-10-20T13:44:48.274Z</time></trkpt><trkpt lat="47.60880500" lon="19.14727870"><ele>158.32</ele><time>2025-10-20T13:44:48.480Z</time></trkpt><trkpt lat="47.60881190" lon="19.14727040"><ele>158.35</ele><time>2025-10-20T13:44:48.681Z</time></trkpt><trkpt lat="47.60881780" lon="19.14726280"><ele>158.36</ele><time>2025-10-20T13:44:48.861Z</time></trkpt><trkpt lat="47.60882470" lon="19.14725310"><ele>158.38</ele><time>2025-10-20T13:44:49.085Z</time></trkpt><trkpt lat="47.60883070" lon="19.14724440"><ele>158.39</ele><time>2025-10-20T13:44:49.287Z</time></trkpt><trkpt lat="47.60883610" lon="19.14723610"><ele>158.40</ele><time>2025-10-20T13:44:49.488Z</time></trkpt><trkpt lat="47.60884180" lon="19.14722660"><ele>158.39</ele><time>2025-10-20T13:44:49.690Z</time></trkpt><trkpt lat="47.60884750" lon="19.14721670"><ele>158.39</ele><time>2025-10-20T13:44:49.891Z</time></trkpt><trkpt lat="47.60885280" lon="19.14720670"><ele>158.38</ele><time>2025-10-20T13:44:50.092Z</time></trkpt><trkpt lat="47.60885820" lon="19.14719610"><ele>158.37</ele><time>2025-10-20T13:44:50.294Z</time></trkpt><trkpt lat="47.60886240" lon="19.14718720"><ele>158.37</ele><time>2025-10-20T13:44:50.458Z</time></trkpt><trkpt lat="47.60886720" lon="19.14717610"><ele>158.36</ele><time>2025-10-20T13:44:50.662Z</time></trkpt><trkpt lat="47.60887230" lon="19.14716350"><ele>158.38</ele><time>2025-10-20T13:44:50.884Z</time></trkpt><trkpt lat="47.60887670" lon="19.14715190"><ele>158.40</ele><time>2025-10-20T13:44:51.086Z</time></trkpt><trkpt lat="47.60888060" lon="19.14714080"><ele>158.40</ele><time>2025-10-20T13:44:51.275Z</time></trkpt><trkpt lat="47.60888470" lon="19.14712850"><ele>158.40</ele><time>2025-10-20T13:44:51.479Z</time></trkpt><trkpt lat="47.60888840" lon="19.14711610"><ele>158.39</ele><time>2025-10-20T13:44:51.679Z</time></trkpt><trkpt lat="47.60889190" lon="19.14710340"><ele>158.38</ele><time>2025-10-20T13:44:51.882Z</time></trkpt><trkpt lat="47.60889540" lon="19.14708900"><ele>158.38</ele><time>2025-10-20T13:44:52.103Z</time></trkpt><trkpt lat="47.60889780" lon="19.14707810"><ele>158.38</ele><time>2025-10-20T13:44:52.267Z</time></trkpt><trkpt lat="47.60890070" lon="19.14706410"><ele>158.37</ele><time>2025-10-20T13:44:52.489Z</time></trkpt><trkpt lat="47.60890250" lon="19.14705380"><ele>158.39</ele><time>2025-10-20T13:44:52.652Z</time></trkpt><trkpt lat="47.60890500" lon="19.14703890"><ele>158.39</ele><time>2025-10-20T13:44:52.875Z</time></trkpt><trkpt lat="47.60890690" lon="19.14702540"><ele>158.38</ele><time>2025-10-20T13:44:53.077Z</time></trkpt><trkpt lat="47.60890850" lon="19.14701160"><ele>158.38</ele><time>2025-10-20T13:44:53.285Z</time></trkpt><trkpt lat="47.60890980" lon="19.14699780"><ele>158.38</ele><time>2025-10-20T13:44:53.495Z</time></trkpt><trkpt lat="47.60891070" lon="19.14698580"><ele>158.39</ele><time>2025-10-20T13:44:53.678Z</time></trkpt><trkpt lat="47.60891130" lon="19.14697260"><ele>158.38</ele><time>2025-10-20T13:44:53.879Z</time></trkpt><trkpt lat="47.60891150" lon="19.14695950"><ele>158.37</ele><time>2025-10-20T13:44:54.083Z</time></trkpt><trkpt lat="47.60891140" lon="19.14694610"><ele>158.37</ele><time>2025-10-20T13:44:54.291Z</time></trkpt><trkpt lat="47.60891100" lon="19.14693430"><ele>158.36</ele><time>2025-10-20T13:44:54.474Z</time></trkpt><trkpt lat="47.60890990" lon="19.14691990"><ele>158.35</ele><time>2025-10-20T13:44:54.697Z</time></trkpt><trkpt lat="47.60890840" lon="19.14690700"><ele>158.34</ele><time>2025-10-20T13:44:54.899Z</time></trkpt><trkpt lat="47.60890670" lon="19.14689530"><ele>158.33</ele><time>2025-10-20T13:44:55.082Z</time></trkpt><trkpt lat="47.60890460" lon="19.14688250"><ele>158.32</ele><time>2025-10-20T13:44:55.285Z</time></trkpt><trkpt lat="47.60890170" lon="19.14686830"><ele>158.31</ele><time>2025-10-20T13:44:55.510Z</time></trkpt><trkpt lat="47.60889910" lon="19.14685660"><ele>158.30</ele><time>2025-10-20T13:44:55.690Z</time></trkpt><trkpt lat="47.60889550" lon="19.14684240"><ele>158.29</ele><time>2025-10-20T13:44:55.912Z</time></trkpt><trkpt lat="47.60889200" lon="19.14682970"><ele>158.28</ele><time>2025-10-20T13:44:56.113Z</time></trkpt><trkpt lat="47.60888850" lon="19.14681780"><ele>158.27</ele><time>2025-10-20T13:44:56.302Z</time></trkpt><trkpt lat="47.60888440" lon="19.14680510"><ele>158.27</ele><time>2025-10-20T13:44:56.505Z</time></trkpt><trkpt lat="47.60888050" lon="19.14679400"><ele>158.27</ele><time>2025-10-20T13:44:56.686Z</time></trkpt><trkpt lat="47.60887580" lon="19.14678160"><ele>158.27</ele><time>2025-10-20T13:44:56.889Z</time></trkpt><trkpt lat="47.60887060" lon="19.14676880"><ele>158.27</ele><time>2025-10-20T13:44:57.111Z</time></trkpt><trkpt lat="47.60886580" lon="19.14675780"><ele>158.25</ele><time>2025-10-20T13:44:57.296Z</time></trkpt><trkpt lat="47.60886020" lon="19.14674570"><ele>158.25</ele><time>2025-10-20T13:44:57.500Z</time></trkpt><trkpt lat="47.60885480" lon="19.14673440"><ele>158.25</ele><time>2025-10-20T13:44:57.701Z</time></trkpt><trkpt lat="47.60884970" lon="19.14672430"><ele>158.25</ele><time>2025-10-20T13:44:57.905Z</time></trkpt><trkpt lat="47.60884540" lon="19.14671640"><ele>158.24</ele><time>2025-10-20T13:44:58.106Z</time></trkpt><trkpt lat="47.60884200" lon="19.14671050"><ele>158.23</ele><time>2025-10-20T13:44:58.308Z</time></trkpt><trkpt lat="47.60883950" lon="19.14670680"><ele>158.23</ele><time>2025-10-20T13:44:58.489Z</time></trkpt><trkpt lat="47.60883710" lon="19.14670410"><ele>158.23</ele><time>2025-10-20T13:44:58.710Z</time></trkpt><trkpt lat="47.60883540" lon="19.14670280"><ele>158.23</ele><time>2025-10-20T13:44:58.911Z</time></trkpt><trkpt lat="47.60883430" lon="19.14670260"><ele>158.21</ele><time>2025-10-20T13:44:59.092Z</time></trkpt><trkpt lat="47.60883340" lon="19.14670330"><ele>158.22</ele><time>2025-10-20T13:44:59.313Z</time></trkpt><trkpt lat="47.60883310" lon="19.14670470"><ele>158.23</ele><time>2025-10-20T13:44:59.503Z</time></trkpt><trkpt lat="47.60883370" lon="19.14670680"><ele>158.24</ele><time>2025-10-20T13:44:59.723Z</time></trkpt><trkpt lat="47.60883490" lon="19.14670820"><ele>158.27</ele><time>2025-10-20T13:44:59.903Z</time></trkpt><trkpt lat="47.60883750" lon="19.14670900"><ele>158.29</ele><time>2025-10-20T13:45:00.102Z</time></trkpt><trkpt lat="47.60884120" lon="19.14670900"><ele>158.29</ele><time>2025-10-20T13:45:00.308Z</time></trkpt><trkpt lat="47.60884600" lon="19.14670800"><ele>158.29</ele><time>2025-10-20T13:45:00.509Z</time></trkpt><trkpt lat="47.60885190" lon="19.14670610"><ele>158.28</ele><time>2025-10-20T13:45:00.710Z</time></trkpt><trkpt lat="47.60885800" lon="19.14670340"><ele>158.29</ele><time>2025-10-20T13:45:00.892Z</time></trkpt><trkpt lat="47.60886570" lon="19.14669940"><ele>158.30</ele><time>2025-10-20T13:45:01.112Z</time></trkpt><trkpt lat="47.60887320" lon="19.14669490"><ele>158.30</ele><time>2025-10-20T13:45:01.301Z</time></trkpt><trkpt lat="47.60888160" lon="19.14668950"><ele>158.32</ele><time>2025-10-20T13:45:01.505Z</time></trkpt><trkpt lat="47.60889080" lon="19.14668320"><ele>158.32</ele><time>2025-10-20T13:45:01.705Z</time></trkpt><trkpt lat="47.60890020" lon="19.14667640"><ele>158.32</ele><time>2025-10-20T13:45:01.907Z</time></trkpt><trkpt lat="47.60891000" lon="19.14666900"><ele>158.31</ele><time>2025-10-20T13:45:02.109Z</time></trkpt><trkpt lat="47.60891980" lon="19.14666100"><ele>158.31</ele><time>2025-10-20T13:45:02.314Z</time></trkpt><trkpt lat="47.60892980" lon="19.14665260"><ele>158.31</ele><time>2025-10-20T13:45:02.523Z</time></trkpt><trkpt lat="47.60893840" lon="19.14664490"><ele>158.30</ele><time>2025-10-20T13:45:02.703Z</time></trkpt><trkpt lat="47.60894750" lon="19.14663660"><ele>158.33</ele><time>2025-10-20T13:45:02.905Z</time></trkpt><trkpt lat="47.60895600" lon="19.14662860"><ele>158.33</ele><time>2025-10-20T13:45:03.085Z</time></trkpt><trkpt lat="47.60896540" lon="19.14661950"><ele>158.33</ele><time>2025-10-20T13:45:03.288Z</time></trkpt><trkpt lat="47.60897560" lon="19.14660950"><ele>158.32</ele><time>2025-10-20T13:45:03.518Z</time></trkpt><trkpt lat="47.60898350" lon="19.14660170"><ele>158.29</ele><time>2025-10-20T13:45:03.697Z</time></trkpt><trkpt lat="47.60899230" lon="19.14659290"><ele>158.27</ele><time>2025-10-20T13:45:03.902Z</time></trkpt><trkpt lat="47.60900120" lon="19.14658360"><ele>158.26</ele><time>2025-10-20T13:45:04.125Z</time></trkpt><trkpt lat="47.60900890" lon="19.14657540"><ele>158.25</ele><time>2025-10-20T13:45:04.321Z</time></trkpt><trkpt lat="47.60901590" lon="19.14656760"><ele>158.23</ele><time>2025-10-20T13:45:04.504Z</time></trkpt><trkpt lat="47.60902430" lon="19.14655820"><ele>158.23</ele><time>2025-10-20T13:45:04.725Z</time></trkpt><trkpt lat="47.60903190" lon="19.14654940"><ele>158.23</ele><time>2025-10-20T13:45:04.926Z</time></trkpt><trkpt lat="47.60903960" lon="19.14654050"><ele>158.22</ele><time>2025-10-20T13:45:05.128Z</time></trkpt><trkpt lat="47.60904740" lon="19.14653150"><ele>158.19</ele><time>2025-10-20T13:45:05.335Z</time></trkpt><trkpt lat="47.60905380" lon="19.14652400"><ele>158.16</ele><time>2025-10-20T13:45:05.520Z</time></trkpt><trkpt lat="47.60906160" lon="19.14651500"><ele>158.14</ele><time>2025-10-20T13:45:05.744Z</time></trkpt><trkpt lat="47.60906820" lon="19.14650730"><ele>158.12</ele><time>2025-10-20T13:45:05.945Z</time></trkpt><trkpt lat="47.60907400" lon="19.14650020"><ele>158.10</ele><time>2025-10-20T13:45:06.146Z</time></trkpt><trkpt lat="47.60907860" lon="19.14649480"><ele>158.06</ele><time>2025-10-20T13:45:06.327Z</time></trkpt><trkpt lat="47.60908290" lon="19.14648940"><ele>158.03</ele><time>2025-10-20T13:45:06.547Z</time></trkpt><trkpt lat="47.60908590" lon="19.14648560"><ele>158.02</ele><time>2025-10-20T13:45:06.748Z</time></trkpt><trkpt lat="47.60908760" lon="19.14648300"><ele>158.02</ele><time>2025-10-20T13:45:06.950Z</time></trkpt><trkpt lat="47.60908840" lon="19.14648130"><ele>158.01</ele><time>2025-10-20T13:45:07.151Z</time></trkpt><trkpt lat="47.60908850" lon="19.14648060"><ele>158.01</ele><time>2025-10-20T13:45:07.353Z</time></trkpt><trkpt lat="47.60908810" lon="19.14648060"><ele>158.00</ele><time>2025-10-20T13:45:07.533Z</time></trkpt><trkpt lat="47.60908700" lon="19.14648120"><ele>157.99</ele><time>2025-10-20T13:45:07.753Z</time></trkpt><trkpt lat="47.60908550" lon="19.14648240"><ele>157.98</ele><time>2025-10-20T13:45:07.954Z</time></trkpt><trkpt lat="47.60908380" lon="19.14648400"><ele>157.97</ele><time>2025-10-20T13:45:08.134Z</time></trkpt><trkpt lat="47.60908170" lon="19.14648630"><ele>157.97</ele><time>2025-10-20T13:45:08.356Z</time></trkpt><trkpt lat="47.60907960" lon="19.14648830"><ele>158.00</ele><time>2025-10-20T13:45:08.556Z</time></trkpt><trkpt lat="47.60907710" lon="19.14648950"><ele>158.03</ele><time>2025-10-20T13:45:08.757Z</time></trkpt><trkpt lat="47.60907440" lon="19.14648930"><ele>158.05</ele><time>2025-10-20T13:45:08.937Z</time></trkpt><trkpt lat="47.60907000" lon="19.14648730"><ele>158.01</ele><time>2025-10-20T13:45:09.158Z</time></trkpt><trkpt lat="47.60906480" lon="19.14648330"><ele>157.95</ele><time>2025-10-20T13:45:09.361Z</time></trkpt><trkpt lat="47.60905940" lon="19.14647800"><ele>157.93</ele><time>2025-10-20T13:45:09.540Z</time></trkpt><trkpt lat="47.60905220" lon="19.14646970"><ele>157.91</ele><time>2025-10-20T13:45:09.762Z</time></trkpt><trkpt lat="47.60904510" lon="19.14646070"><ele>157.90</ele><time>2025-10-20T13:45:09.964Z</time></trkpt><trkpt lat="47.60903760" lon="19.14645080"><ele>157.89</ele><time>2025-10-20T13:45:10.167Z</time></trkpt><trkpt lat="47.60903090" lon="19.14644160"><ele>157.89</ele><time>2025-10-20T13:45:10.348Z</time></trkpt><trkpt lat="47.60902230" lon="19.14642950"><ele>157.89</ele><time>2025-10-20T13:45:10.570Z</time></trkpt><trkpt lat="47.60901420" lon="19.14641780"><ele>157.89</ele><time>2025-10-20T13:45:10.773Z</time></trkpt><trkpt lat="47.60900620" lon="19.14640600"><ele>157.88</ele><time>2025-10-20T13:45:10.975Z</time></trkpt><trkpt lat="47.60899880" lon="19.14639520"><ele>157.89</ele><time>2025-10-20T13:45:11.158Z</time></trkpt><trkpt lat="47.60899010" lon="19.14638250"><ele>157.88</ele><time>2025-10-20T13:45:11.379Z</time></trkpt><trkpt lat="47.60898220" lon="19.14637110"><ele>157.89</ele><time>2025-10-20T13:45:11.580Z</time></trkpt><trkpt lat="47.60897410" lon="19.14635960"><ele>157.89</ele><time>2025-10-20T13:45:11.780Z</time></trkpt><trkpt lat="47.60896610" lon="19.14634830"><ele>157.89</ele><time>2025-10-20T13:45:11.982Z</time></trkpt><trkpt lat="47.60895870" lon="19.14633830"><ele>157.90</ele><time>2025-10-20T13:45:12.167Z</time></trkpt><trkpt lat="47.60895070" lon="19.14632770"><ele>157.90</ele><time>2025-10-20T13:45:12.369Z</time></trkpt><trkpt lat="47.60894240" lon="19.14631730"><ele>157.91</ele><time>2025-10-20T13:45:12.577Z</time></trkpt><trkpt lat="47.60893440" lon="19.14630770"><ele>157.91</ele><time>2025-10-20T13:45:12.778Z</time></trkpt><trkpt lat="47.60892650" lon="19.14629850"><ele>157.92</ele><time>2025-10-20T13:45:12.978Z</time></trkpt><trkpt lat="47.60891890" lon="19.14629020"><ele>157.94</ele><time>2025-10-20T13:45:13.179Z</time></trkpt><trkpt lat="47.60891170" lon="19.14628260"><ele>157.95</ele><time>2025-10-20T13:45:13.367Z</time></trkpt><trkpt lat="47.60890490" lon="19.14627570"><ele>157.95</ele><time>2025-10-20T13:45:13.550Z</time></trkpt><trkpt lat="47.60889670" lon="19.14626790"><ele>157.95</ele><time>2025-10-20T13:45:13.774Z</time></trkpt><trkpt lat="47.60888930" lon="19.14626140"><ele>157.95</ele><time>2025-10-20T13:45:13.976Z</time></trkpt><trkpt lat="47.60888210" lon="19.14625540"><ele>157.96</ele><time>2025-10-20T13:45:14.177Z</time></trkpt><trkpt lat="47.60887480" lon="19.14624970"><ele>157.96</ele><time>2025-10-20T13:45:14.383Z</time></trkpt><trkpt lat="47.60886760" lon="19.14624430"><ele>157.96</ele><time>2025-10-20T13:45:14.585Z</time></trkpt><trkpt lat="47.60886030" lon="19.14623930"><ele>157.96</ele><time>2025-10-20T13:45:14.786Z</time></trkpt><trkpt lat="47.60885280" lon="19.14623450"><ele>157.96</ele><time>2025-10-20T13:45:14.987Z</time></trkpt><trkpt lat="47.60884520" lon="19.14623000"><ele>157.96</ele><time>2025-10-20T13:45:15.189Z</time></trkpt><trkpt lat="47.60883800" lon="19.14622600"><ele>157.96</ele><time>2025-10-20T13:45:15.378Z</time></trkpt><trkpt lat="47.60882990" lon="19.14622170"><ele>157.96</ele><time>2025-10-20T13:45:15.581Z</time></trkpt><trkpt lat="47.60882220" lon="19.14621780"><ele>157.96</ele><time>2025-10-20T13:45:15.782Z</time></trkpt><trkpt lat="47.60881430" lon="19.14621410"><ele>157.97</ele><time>2025-10-20T13:45:15.982Z</time></trkpt><trkpt lat="47.60880620" lon="19.14621060"><ele>157.98</ele><time>2025-10-20T13:45:16.183Z</time></trkpt><trkpt lat="47.60879850" lon="19.14620740"><ele>157.98</ele><time>2025-10-20T13:45:16.375Z</time></trkpt><trkpt lat="47.60879090" lon="19.14620460"><ele>157.99</ele><time>2025-10-20T13:45:16.556Z</time></trkpt><trkpt lat="47.60878320" lon="19.14620170"><ele>157.99</ele><time>2025-10-20T13:45:16.739Z</time></trkpt><trkpt lat="47.60877410" lon="19.14619850"><ele>158.00</ele><time>2025-10-20T13:45:16.957Z</time></trkpt><trkpt lat="47.60876580" lon="19.14619560"><ele>157.99</ele><time>2025-10-20T13:45:17.157Z</time></trkpt><trkpt lat="47.60875760" lon="19.14619280"><ele>158.00</ele><time>2025-10-20T13:45:17.359Z</time></trkpt><trkpt lat="47.60874830" lon="19.14619000"><ele>158.00</ele><time>2025-10-20T13:45:17.579Z</time></trkpt><trkpt lat="47.60873990" lon="19.14618780"><ele>157.99</ele><time>2025-10-20T13:45:17.780Z</time></trkpt><trkpt lat="47.60873150" lon="19.14618590"><ele>157.99</ele><time>2025-10-20T13:45:17.981Z</time></trkpt><trkpt lat="47.60872380" lon="19.14618440"><ele>157.99</ele><time>2025-10-20T13:45:18.161Z</time></trkpt><trkpt lat="47.60871420" lon="19.14618250"><ele>157.98</ele><time>2025-10-20T13:45:18.386Z</time></trkpt><trkpt lat="47.60870630" lon="19.14618120"><ele>157.98</ele><time>2025-10-20T13:45:18.567Z</time></trkpt><trkpt lat="47.60869710" lon="19.14617970"><ele>157.99</ele><time>2025-10-20T13:45:18.788Z</time></trkpt><trkpt lat="47.60868850" lon="19.14617860"><ele>158.01</ele><time>2025-10-20T13:45:18.989Z</time></trkpt><trkpt lat="47.60868060" lon="19.14617760"><ele>158.02</ele><time>2025-10-20T13:45:19.170Z</time></trkpt><trkpt lat="47.60867150" lon="19.14617680"><ele>158.04</ele><time>2025-10-20T13:45:19.372Z</time></trkpt><trkpt lat="47.60866240" lon="19.14617630"><ele>158.05</ele><time>2025-10-20T13:45:19.573Z</time></trkpt><trkpt lat="47.60865330" lon="19.14617600"><ele>158.06</ele><time>2025-10-20T13:45:19.774Z</time></trkpt><trkpt lat="47.60864420" lon="19.14617580"><ele>158.07</ele><time>2025-10-20T13:45:19.975Z</time></trkpt><trkpt lat="47.60863510" lon="19.14617580"><ele>158.07</ele><time>2025-10-20T13:45:20.178Z</time></trkpt><trkpt lat="47.60862720" lon="19.14617580"><ele>158.06</ele><time>2025-10-20T13:45:20.361Z</time></trkpt><trkpt lat="47.60861750" lon="19.14617580"><ele>158.06</ele><time>2025-10-20T13:45:20.584Z</time></trkpt><trkpt lat="47.60860890" lon="19.14617590"><ele>158.08</ele><time>2025-10-20T13:45:20.786Z</time></trkpt><trkpt lat="47.60860000" lon="19.14617620"><ele>158.09</ele><time>2025-10-20T13:45:20.986Z</time></trkpt><trkpt lat="47.60859110" lon="19.14617680"><ele>158.09</ele><time>2025-10-20T13:45:21.189Z</time></trkpt><trkpt lat="47.60858270" lon="19.14617750"><ele>158.10</ele><time>2025-10-20T13:45:21.379Z</time></trkpt><trkpt lat="47.60857410" lon="19.14617830"><ele>158.12</ele><time>2025-10-20T13:45:21.579Z</time></trkpt><trkpt lat="47.60856540" lon="19.14617930"><ele>158.13</ele><time>2025-10-20T13:45:21.790Z</time></trkpt><trkpt lat="47.60855760" lon="19.14618040"><ele>158.13</ele><time>2025-10-20T13:45:21.982Z</time></trkpt><trkpt lat="47.60854920" lon="19.14618180"><ele>158.12</ele><time>2025-10-20T13:45:22.183Z</time></trkpt><trkpt lat="47.60854070" lon="19.14618350"><ele>158.12</ele><time>2025-10-20T13:45:22.384Z</time></trkpt><trkpt lat="47.60853230" lon="19.14618540"><ele>158.12</ele><time>2025-10-20T13:45:22.585Z</time></trkpt><trkpt lat="47.60852380" lon="19.14618750"><ele>158.12</ele><time>2025-10-20T13:45:22.787Z</time></trkpt><trkpt lat="47.60851530" lon="19.14618970"><ele>158.13</ele><time>2025-10-20T13:45:22.988Z</time></trkpt><trkpt lat="47.60850930" lon="19.14619140"><ele>158.13</ele><time>2025-10-20T13:45:23.148Z</time></trkpt><trkpt lat="47.60849990" lon="19.14619450"><ele>158.14</ele><time>2025-10-20T13:45:23.389Z</time></trkpt><trkpt lat="47.60849200" lon="19.14619740"><ele>158.14</ele><time>2025-10-20T13:45:23.590Z</time></trkpt><trkpt lat="47.60848480" lon="19.14620030"><ele>158.15</ele><time>2025-10-20T13:45:23.771Z</time></trkpt><trkpt lat="47.60847610" lon="19.14620410"><ele>158.16</ele><time>2025-10-20T13:45:23.992Z</time></trkpt><trkpt lat="47.60846820" lon="19.14620790"><ele>158.16</ele><time>2025-10-20T13:45:24.195Z</time></trkpt><trkpt lat="47.60846100" lon="19.14621160"><ele>158.16</ele><time>2025-10-20T13:45:24.380Z</time></trkpt><trkpt lat="47.60845340" lon="19.14621580"><ele>158.15</ele><time>2025-10-20T13:45:24.584Z</time></trkpt><trkpt lat="47.60844640" lon="19.14621970"><ele>158.15</ele><time>2025-10-20T13:45:24.764Z</time></trkpt><trkpt lat="47.60843870" lon="19.14622440"><ele>158.16</ele><time>2025-10-20T13:45:24.967Z</time></trkpt><trkpt lat="47.60843010" lon="19.14622960"><ele>158.16</ele><time>2025-10-20T13:45:25.188Z</time></trkpt><trkpt lat="47.60842230" lon="19.14623450"><ele>158.17</ele><time>2025-10-20T13:45:25.390Z</time></trkpt><trkpt lat="47.60841470" lon="19.14623940"><ele>158.18</ele><time>2025-10-20T13:45:25.591Z</time></trkpt><trkpt lat="47.60840710" lon="19.14624440"><ele>158.18</ele><time>2025-10-20T13:45:25.794Z</time></trkpt><trkpt lat="47.60839970" lon="19.14624950"><ele>158.19</ele><time>2025-10-20T13:45:25.995Z</time></trkpt><trkpt lat="47.60839220" lon="19.14625460"><ele>158.20</ele><time>2025-10-20T13:45:26.195Z</time></trkpt><trkpt lat="47.60838460" lon="19.14626010"><ele>158.21</ele><time>2025-10-20T13:45:26.400Z</time></trkpt><trkpt lat="47.60837770" lon="19.14626510"><ele>158.21</ele><time>2025-10-20T13:45:26.583Z</time></trkpt><trkpt lat="47.60837030" lon="19.14627080"><ele>158.22</ele><time>2025-10-20T13:45:26.786Z</time></trkpt><trkpt lat="47.60836310" lon="19.14627670"><ele>158.20</ele><time>2025-10-20T13:45:26.987Z</time></trkpt><trkpt lat="47.60835740" lon="19.14628170"><ele>158.20</ele><time>2025-10-20T13:45:27.149Z</time></trkpt><trkpt lat="47.60834900" lon="19.14628920"><ele>158.20</ele><time>2025-10-20T13:45:27.397Z</time></trkpt><trkpt lat="47.60834210" lon="19.14629570"><ele>158.20</ele><time>2025-10-20T13:45:27.601Z</time></trkpt><trkpt lat="47.60833550" lon="19.14630210"><ele>158.20</ele><time>2025-10-20T13:45:27.803Z</time></trkpt><trkpt lat="47.60832880" lon="19.14630880"><ele>158.19</ele><time>2025-10-20T13:45:28.005Z</time></trkpt><trkpt lat="47.60832220" lon="19.14631540"><ele>158.20</ele><time>2025-10-20T13:45:28.211Z</time></trkpt><trkpt lat="47.60831660" lon="19.14632130"><ele>158.20</ele><time>2025-10-20T13:45:28.384Z</time></trkpt><trkpt lat="47.60831020" lon="19.14632840"><ele>158.20</ele><time>2025-10-20T13:45:28.585Z</time></trkpt><trkpt lat="47.60830380" lon="19.14633580"><ele>158.19</ele><time>2025-10-20T13:45:28.786Z</time></trkpt><trkpt lat="47.60829740" lon="19.14634330"><ele>158.18</ele><time>2025-10-20T13:45:28.990Z</time></trkpt><trkpt lat="47.60829030" lon="19.14635170"><ele>158.16</ele><time>2025-10-20T13:45:29.214Z</time></trkpt><trkpt lat="47.60828490" lon="19.14635830"><ele>158.14</ele><time>2025-10-20T13:45:29.391Z</time></trkpt><trkpt lat="47.60827860" lon="19.14636600"><ele>158.14</ele><time>2025-10-20T13:45:29.598Z</time></trkpt><trkpt lat="47.60827300" lon="19.14637300"><ele>158.14</ele><time>2025-10-20T13:45:29.779Z</time></trkpt><trkpt lat="47.60826630" lon="19.14638170"><ele>158.13</ele><time>2025-10-20T13:45:30.004Z</time></trkpt><trkpt lat="47.60826030" lon="19.14638980"><ele>158.13</ele><time>2025-10-20T13:45:30.207Z</time></trkpt><trkpt lat="47.60825450" lon="19.14639810"><ele>158.12</ele><time>2025-10-20T13:45:30.411Z</time></trkpt><trkpt lat="47.60824890" lon="19.14640610"><ele>158.10</ele><time>2025-10-20T13:45:30.612Z</time></trkpt><trkpt lat="47.60824330" lon="19.14641440"><ele>158.09</ele><time>2025-10-20T13:45:30.812Z</time></trkpt><trkpt lat="47.60823780" lon="19.14642290"><ele>158.08</ele><time>2025-10-20T13:45:31.015Z</time></trkpt><trkpt lat="47.60823220" lon="19.14643170"><ele>158.07</ele><time>2025-10-20T13:45:31.216Z</time></trkpt><trkpt lat="47.60822660" lon="19.14644060"><ele>158.07</ele><time>2025-10-20T13:45:31.420Z</time></trkpt><trkpt lat="47.60822100" lon="19.14644960"><ele>158.07</ele><time>2025-10-20T13:45:31.625Z</time></trkpt><trkpt lat="47.60821560" lon="19.14645840"><ele>158.07</ele><time>2025-10-20T13:45:31.826Z</time></trkpt><trkpt lat="47.60821100" lon="19.14646580"><ele>158.08</ele><time>2025-10-20T13:45:32.007Z</time></trkpt><trkpt lat="47.60820590" lon="19.14647450"><ele>158.08</ele><time>2025-10-20T13:45:32.209Z</time></trkpt><trkpt lat="47.60820130" lon="19.14648290"><ele>158.08</ele><time>2025-10-20T13:45:32.392Z</time></trkpt><trkpt lat="47.60819570" lon="19.14649400"><ele>158.09</ele><time>2025-10-20T13:45:32.632Z</time></trkpt><trkpt lat="47.60819160" lon="19.14650270"><ele>158.10</ele><time>2025-10-20T13:45:32.814Z</time></trkpt><trkpt lat="47.60818710" lon="19.14651270"><ele>158.11</ele><time>2025-10-20T13:45:33.014Z</time></trkpt><trkpt lat="47.60818280" lon="19.14652310"><ele>158.11</ele><time>2025-10-20T13:45:33.215Z</time></trkpt><trkpt lat="47.60817880" lon="19.14653350"><ele>158.11</ele><time>2025-10-20T13:45:33.416Z</time></trkpt><trkpt lat="47.60817470" lon="19.14654430"><ele>158.11</ele><time>2025-10-20T13:45:33.617Z</time></trkpt><trkpt lat="47.60817080" lon="19.14655500"><ele>158.11</ele><time>2025-10-20T13:45:33.819Z</time></trkpt><trkpt lat="47.60816690" lon="19.14656570"><ele>158.09</ele><time>2025-10-20T13:45:34.021Z</time></trkpt><trkpt lat="47.60816290" lon="19.14657690"><ele>158.08</ele><time>2025-10-20T13:45:34.225Z</time></trkpt><trkpt lat="47.60815940" lon="19.14658670"><ele>158.09</ele><time>2025-10-20T13:45:34.406Z</time></trkpt><trkpt lat="47.60815510" lon="19.14659890"><ele>158.10</ele><time>2025-10-20T13:45:34.630Z</time></trkpt><trkpt lat="47.60815130" lon="19.14661000"><ele>158.10</ele><time>2025-10-20T13:45:34.832Z</time></trkpt><trkpt lat="47.60814770" lon="19.14662090"><ele>158.11</ele><time>2025-10-20T13:45:35.034Z</time></trkpt><trkpt lat="47.60814460" lon="19.14663100"><ele>158.10</ele><time>2025-10-20T13:45:35.215Z</time></trkpt><trkpt lat="47.60814120" lon="19.14664270"><ele>158.10</ele><time>2025-10-20T13:45:35.421Z</time></trkpt><trkpt lat="47.60813770" lon="19.14665460"><ele>158.10</ele><time>2025-10-20T13:45:35.633Z</time></trkpt><trkpt lat="47.60813430" lon="19.14666670"><ele>158.11</ele><time>2025-10-20T13:45:35.840Z</time></trkpt><trkpt lat="47.60813180" lon="19.14667580"><ele>158.12</ele><time>2025-10-20T13:45:35.995Z</time></trkpt><trkpt lat="47.60812810" lon="19.14668950"><ele>158.12</ele><time>2025-10-20T13:45:36.236Z</time></trkpt><trkpt lat="47.60812500" lon="19.14670150"><ele>158.11</ele><time>2025-10-20T13:45:36.446Z</time></trkpt><trkpt lat="47.60812220" lon="19.14671300"><ele>158.12</ele><time>2025-10-20T13:45:36.647Z</time></trkpt><trkpt lat="47.60811990" lon="19.14672240"><ele>158.13</ele><time>2025-10-20T13:45:36.809Z</time></trkpt><trkpt lat="47.60811710" lon="19.14673430"><ele>158.14</ele><time>2025-10-20T13:45:37.010Z</time></trkpt><trkpt lat="47.60811460" lon="19.14674480"><ele>158.15</ele><time>2025-10-20T13:45:37.192Z</time></trkpt><trkpt lat="47.60811190" lon="19.14675700"><ele>158.15</ele><time>2025-10-20T13:45:37.404Z</time></trkpt><trkpt lat="47.60810930" lon="19.14676980"><ele>158.14</ele><time>2025-10-20T13:45:37.625Z</time></trkpt><trkpt lat="47.60810690" lon="19.14678270"><ele>158.14</ele><time>2025-10-20T13:45:37.847Z</time></trkpt><trkpt lat="47.60810500" lon="19.14679450"><ele>158.14</ele><time>2025-10-20T13:45:38.048Z</time></trkpt><trkpt lat="47.60810340" lon="19.14680490"><ele>158.15</ele><time>2025-10-20T13:45:38.228Z</time></trkpt><trkpt lat="47.60810140" lon="19.14681800"><ele>158.15</ele><time>2025-10-20T13:45:38.451Z</time></trkpt><trkpt lat="47.60809980" lon="19.14682880"><ele>158.15</ele><time>2025-10-20T13:45:38.632Z</time></trkpt><trkpt lat="47.60809810" lon="19.14684080"><ele>158.14</ele><time>2025-10-20T13:45:38.832Z</time></trkpt><trkpt lat="47.60809650" lon="19.14685310"><ele>158.14</ele><time>2025-10-20T13:45:39.037Z</time></trkpt><trkpt lat="47.60809510" lon="19.14686530"><ele>158.14</ele><time>2025-10-20T13:45:39.238Z</time></trkpt><trkpt lat="47.60809400" lon="19.14687690"><ele>158.15</ele><time>2025-10-20T13:45:39.439Z</time></trkpt><trkpt lat="47.60809310" lon="19.14688930"><ele>158.14</ele><time>2025-10-20T13:45:39.641Z</time></trkpt><trkpt lat="47.60809250" lon="19.14690190"><ele>158.14</ele><time>2025-10-20T13:45:39.846Z</time></trkpt><trkpt lat="47.60809210" lon="19.14691460"><ele>158.14</ele><time>2025-10-20T13:45:40.047Z</time></trkpt><trkpt lat="47.60809180" lon="19.14692720"><ele>158.14</ele><time>2025-10-20T13:45:40.248Z</time></trkpt><trkpt lat="47.60809120" lon="19.14694000"><ele>158.14</ele><time>2025-10-20T13:45:40.451Z</time></trkpt><trkpt lat="47.60809050" lon="19.14695280"><ele>158.13</ele><time>2025-10-20T13:45:40.655Z</time></trkpt><trkpt lat="47.60808980" lon="19.14696400"><ele>158.14</ele><time>2025-10-20T13:45:40.836Z</time></trkpt><trkpt lat="47.60808910" lon="19.14697680"><ele>158.15</ele><time>2025-10-20T13:45:41.038Z</time></trkpt><trkpt lat="47.60808860" lon="19.14698960"><ele>158.16</ele><time>2025-10-20T13:45:41.240Z</time></trkpt><trkpt lat="47.60808830" lon="19.14700250"><ele>158.17</ele><time>2025-10-20T13:45:41.449Z</time></trkpt><trkpt lat="47.60808830" lon="19.14701510"><ele>158.19</ele><time>2025-10-20T13:45:41.649Z</time></trkpt><trkpt lat="47.60808850" lon="19.14702810"><ele>158.19</ele><time>2025-10-20T13:45:41.851Z</time></trkpt><trkpt lat="47.60808900" lon="19.14703990"><ele>158.19</ele><time>2025-10-20T13:45:42.034Z</time></trkpt><trkpt lat="47.60808980" lon="19.14705410"><ele>158.19</ele><time>2025-10-20T13:45:42.257Z</time></trkpt><trkpt lat="47.60809070" lon="19.14706690"><ele>158.18</ele><time>2025-10-20T13:45:42.458Z</time></trkpt><trkpt lat="47.60809190" lon="19.14707940"><ele>158.18</ele><time>2025-10-20T13:45:42.659Z</time></trkpt><trkpt lat="47.60809340" lon="19.14709150"><ele>158.17</ele><time>2025-10-20T13:45:42.861Z</time></trkpt><trkpt lat="47.60809510" lon="19.14710390"><ele>158.16</ele><time>2025-10-20T13:45:43.065Z</time></trkpt><trkpt lat="47.60809690" lon="19.14711540"><ele>158.15</ele><time>2025-10-20T13:45:43.250Z</time></trkpt><trkpt lat="47.60809910" lon="19.14712840"><ele>158.15</ele><time>2025-10-20T13:45:43.459Z</time></trkpt><trkpt lat="47.60810130" lon="19.14714110"><ele>158.15</ele><time>2025-10-20T13:45:43.661Z</time></trkpt><trkpt lat="47.60810360" lon="19.14715340"><ele>158.14</ele><time>2025-10-20T13:45:43.861Z</time></trkpt><trkpt lat="47.60810610" lon="19.14716610"><ele>158.12</ele><time>2025-10-20T13:45:44.066Z</time></trkpt><trkpt lat="47.60810860" lon="19.14717860"><ele>158.12</ele><time>2025-10-20T13:45:44.275Z</time></trkpt><trkpt lat="47.60811110" lon="19.14719030"><ele>158.12</ele><time>2025-10-20T13:45:44.476Z</time></trkpt><trkpt lat="47.60811350" lon="19.14720150"><ele>158.13</ele><time>2025-10-20T13:45:44.669Z</time></trkpt><trkpt lat="47.60811630" lon="19.14721350"><ele>158.12</ele><time>2025-10-20T13:45:44.877Z</time></trkpt><trkpt lat="47.60811870" lon="19.14722390"><ele>158.12</ele><time>2025-10-20T13:45:45.058Z</time></trkpt><trkpt lat="47.60812140" lon="19.14723490"><ele>158.13</ele><time>2025-10-20T13:45:45.260Z</time></trkpt><trkpt lat="47.60812440" lon="19.14724660"><ele>158.13</ele><time>2025-10-20T13:45:45.472Z</time></trkpt><trkpt lat="47.60812700" lon="19.14725700"><ele>158.13</ele><time>2025-10-20T13:45:45.660Z</time></trkpt><trkpt lat="47.60812990" lon="19.14726760"><ele>158.12</ele><time>2025-10-20T13:45:45.860Z</time></trkpt><trkpt lat="47.60813280" lon="19.14727840"><ele>158.11</ele><time>2025-10-20T13:45:46.061Z</time></trkpt><trkpt lat="47.60813590" lon="19.14728920"><ele>158.09</ele><time>2025-10-20T13:45:46.263Z</time></trkpt><trkpt lat="47.60813890" lon="19.14729990"><ele>158.08</ele><time>2025-10-20T13:45:46.465Z</time></trkpt><trkpt lat="47.60814190" lon="19.14731040"><ele>158.06</ele><time>2025-10-20T13:45:46.668Z</time></trkpt><trkpt lat="47.60814510" lon="19.14732050"><ele>158.05</ele><time>2025-10-20T13:45:46.868Z</time></trkpt><trkpt lat="47.60814770" lon="19.14732880"><ele>158.04</ele><time>2025-10-20T13:45:47.029Z</time></trkpt><trkpt lat="47.60815190" lon="19.14734120"><ele>158.01</ele><time>2025-10-20T13:45:47.272Z</time></trkpt><trkpt lat="47.60815540" lon="19.14735190"><ele>157.98</ele><time>2025-10-20T13:45:47.474Z</time></trkpt><trkpt lat="47.60815830" lon="19.14736050"><ele>157.98</ele><time>2025-10-20T13:45:47.634Z</time></trkpt><trkpt lat="47.60816290" lon="19.14737320"><ele>157.98</ele><time>2025-10-20T13:45:47.875Z</time></trkpt><trkpt lat="47.60816690" lon="19.14738380"><ele>157.98</ele><time>2025-10-20T13:45:48.076Z</time></trkpt><trkpt lat="47.60817000" lon="19.14739200"><ele>157.99</ele><time>2025-10-20T13:45:48.239Z</time></trkpt><trkpt lat="47.60817430" lon="19.14740320"><ele>157.98</ele><time>2025-10-20T13:45:48.463Z</time></trkpt><trkpt lat="47.60817840" lon="19.14741350"><ele>157.98</ele><time>2025-10-20T13:45:48.667Z</time></trkpt><trkpt lat="47.60818280" lon="19.14742380"><ele>157.96</ele><time>2025-10-20T13:45:48.868Z</time></trkpt><trkpt lat="47.60818700" lon="19.14743300"><ele>157.96</ele><time>2025-10-20T13:45:49.047Z</time></trkpt><trkpt lat="47.60819190" lon="19.14744310"><ele>157.96</ele><time>2025-10-20T13:45:49.249Z</time></trkpt><trkpt lat="47.60819720" lon="19.14745320"><ele>157.93</ele><time>2025-10-20T13:45:49.451Z</time></trkpt><trkpt lat="47.60820340" lon="19.14746430"><ele>157.92</ele><time>2025-10-20T13:45:49.673Z</time></trkpt><trkpt lat="47.60820910" lon="19.14747430"><ele>157.91</ele><time>2025-10-20T13:45:49.873Z</time></trkpt><trkpt lat="47.60821520" lon="19.14748460"><ele>157.91</ele><time>2025-10-20T13:45:50.073Z</time></trkpt><trkpt lat="47.60822080" lon="19.14749370"><ele>157.93</ele><time>2025-10-20T13:45:50.254Z</time></trkpt><trkpt lat="47.60822800" lon="19.14750490"><ele>157.94</ele><time>2025-10-20T13:45:50.475Z</time></trkpt><trkpt lat="47.60823460" lon="19.14751500"><ele>157.94</ele><time>2025-10-20T13:45:50.678Z</time></trkpt><trkpt lat="47.60824130" lon="19.14752480"><ele>157.94</ele><time>2025-10-20T13:45:50.880Z</time></trkpt><trkpt lat="47.60824710" lon="19.14753330"><ele>157.93</ele><time>2025-10-20T13:45:51.062Z</time></trkpt><trkpt lat="47.60825370" lon="19.14754260"><ele>157.93</ele><time>2025-10-20T13:45:51.263Z</time></trkpt><trkpt lat="47.60826090" lon="19.14755240"><ele>157.92</ele><time>2025-10-20T13:45:51.483Z</time></trkpt><trkpt lat="47.60826730" lon="19.14756090"><ele>157.91</ele><time>2025-10-20T13:45:51.684Z</time></trkpt><trkpt lat="47.60827250" lon="19.14756780"><ele>157.91</ele><time>2025-10-20T13:45:51.846Z</time></trkpt><trkpt lat="47.60827960" lon="19.14757700"><ele>157.92</ele><time>2025-10-20T13:45:52.070Z</time></trkpt><trkpt lat="47.60828620" lon="19.14758550"><ele>157.91</ele><time>2025-10-20T13:45:52.284Z</time></trkpt><trkpt lat="47.60829240" lon="19.14759350"><ele>157.91</ele><time>2025-10-20T13:45:52.485Z</time></trkpt><trkpt lat="47.60829860" lon="19.14760130"><ele>157.92</ele><time>2025-10-20T13:45:52.685Z</time></trkpt><trkpt lat="47.60830500" lon="19.14760900"><ele>157.92</ele><time>2025-10-20T13:45:52.887Z</time></trkpt><trkpt lat="47.60831130" lon="19.14761630"><ele>157.92</ele><time>2025-10-20T13:45:53.088Z</time></trkpt><trkpt lat="47.60831770" lon="19.14762340"><ele>157.92</ele><time>2025-10-20T13:45:53.291Z</time></trkpt><trkpt lat="47.60832440" lon="19.14763030"><ele>157.90</ele><time>2025-10-20T13:45:53.495Z</time></trkpt><trkpt lat="47.60833100" lon="19.14763690"><ele>157.88</ele><time>2025-10-20T13:45:53.695Z</time></trkpt><trkpt lat="47.60833800" lon="19.14764330"><ele>157.86</ele><time>2025-10-20T13:45:53.897Z</time></trkpt><trkpt lat="47.60834460" lon="19.14764910"><ele>157.87</ele><time>2025-10-20T13:45:54.097Z</time></trkpt><trkpt lat="47.60835100" lon="19.14765430"><ele>157.87</ele><time>2025-10-20T13:45:54.278Z</time></trkpt><trkpt lat="47.60835920" lon="19.14766070"><ele>157.87</ele><time>2025-10-20T13:45:54.499Z</time></trkpt><trkpt lat="47.60836680" lon="19.14766650"><ele>157.87</ele><time>2025-10-20T13:45:54.699Z</time></trkpt><trkpt lat="47.60837440" lon="19.14767220"><ele>157.86</ele><time>2025-10-20T13:45:54.900Z</time></trkpt><trkpt lat="47.60838130" lon="19.14767730"><ele>157.86</ele><time>2025-10-20T13:45:55.080Z</time></trkpt><trkpt lat="47.60838980" lon="19.14768360"><ele>157.86</ele><time>2025-10-20T13:45:55.304Z</time></trkpt><trkpt lat="47.60839740" lon="19.14768910"><ele>157.87</ele><time>2025-10-20T13:45:55.504Z</time></trkpt><trkpt lat="47.60840460" lon="19.14769440"><ele>157.88</ele><time>2025-10-20T13:45:55.705Z</time></trkpt><trkpt lat="47.60841190" lon="19.14769950"><ele>157.89</ele><time>2025-10-20T13:45:55.906Z</time></trkpt><trkpt lat="47.60841950" lon="19.14770470"><ele>157.88</ele><time>2025-10-20T13:45:56.107Z</time></trkpt><trkpt lat="47.60842640" lon="19.14770920"><ele>157.87</ele><time>2025-10-20T13:45:56.291Z</time></trkpt><trkpt lat="47.60843320" lon="19.14771360"><ele>157.87</ele><time>2025-10-20T13:45:56.472Z</time></trkpt><trkpt lat="47.60844090" lon="19.14771830"><ele>157.86</ele><time>2025-10-20T13:45:56.675Z</time></trkpt><trkpt lat="47.60844940" lon="19.14772340"><ele>157.87</ele><time>2025-10-20T13:45:56.896Z</time></trkpt><trkpt lat="47.60845640" lon="19.14772730"><ele>157.86</ele><time>2025-10-20T13:45:57.077Z</time></trkpt><trkpt lat="47.60846540" lon="19.14773230"><ele>157.85</ele><time>2025-10-20T13:45:57.305Z</time></trkpt><trkpt lat="47.60847340" lon="19.14773630"><ele>157.86</ele><time>2025-10-20T13:45:57.506Z</time></trkpt><trkpt lat="47.60848140" lon="19.14774020"><ele>157.86</ele><time>2025-10-20T13:45:57.706Z</time></trkpt><trkpt lat="47.60848950" lon="19.14774380"><ele>157.86</ele><time>2025-10-20T13:45:57.907Z</time></trkpt><trkpt lat="47.60849770" lon="19.14774720"><ele>157.86</ele><time>2025-10-20T13:45:58.109Z</time></trkpt><trkpt lat="47.60850520" lon="19.14775010"><ele>157.85</ele><time>2025-10-20T13:45:58.289Z</time></trkpt><trkpt lat="47.60851350" lon="19.14775300"><ele>157.84</ele><time>2025-10-20T13:45:58.489Z</time></trkpt><trkpt lat="47.60852160" lon="19.14775570"><ele>157.83</ele><time>2025-10-20T13:45:58.690Z</time></trkpt><trkpt lat="47.60852950" lon="19.14775820"><ele>157.83</ele><time>2025-10-20T13:45:58.890Z</time></trkpt><trkpt lat="47.60853790" lon="19.14776060"><ele>157.82</ele><time>2025-10-20T13:45:59.092Z</time></trkpt><trkpt lat="47.60854640" lon="19.14776290"><ele>157.83</ele><time>2025-10-20T13:45:59.296Z</time></trkpt><trkpt lat="47.60855500" lon="19.14776490"><ele>157.84</ele><time>2025-10-20T13:45:59.499Z</time></trkpt><trkpt lat="47.60856360" lon="19.14776670"><ele>157.84</ele><time>2025-10-20T13:45:59.700Z</time></trkpt><trkpt lat="47.60857220" lon="19.14776830"><ele>157.85</ele><time>2025-10-20T13:45:59.903Z</time></trkpt><trkpt lat="47.60858050" lon="19.14776960"><ele>157.87</ele><time>2025-10-20T13:46:00.103Z</time></trkpt><trkpt lat="47.60858840" lon="19.14777050"><ele>157.88</ele><time>2025-10-20T13:46:00.292Z</time></trkpt><trkpt lat="47.60859720" lon="19.14777130"><ele>157.89</ele><time>2025-10-20T13:46:00.495Z</time></trkpt><trkpt lat="47.60860700" lon="19.14777200"><ele>157.89</ele><time>2025-10-20T13:46:00.718Z</time></trkpt><trkpt lat="47.60861500" lon="19.14777230"><ele>157.89</ele><time>2025-10-20T13:46:00.899Z</time></trkpt><trkpt lat="47.60862400" lon="19.14777250"><ele>157.88</ele><time>2025-10-20T13:46:01.100Z</time></trkpt><trkpt lat="47.60863280" lon="19.14777240"><ele>157.89</ele><time>2025-10-20T13:46:01.301Z</time></trkpt><trkpt lat="47.60864030" lon="19.14777220"><ele>157.88</ele><time>2025-10-20T13:46:01.471Z</time></trkpt><trkpt lat="47.60865030" lon="19.14777180"><ele>157.87</ele><time>2025-10-20T13:46:01.712Z</time></trkpt><trkpt lat="47.60865650" lon="19.14777140"><ele>157.87</ele><time>2025-10-20T13:46:01.854Z</time></trkpt><trkpt lat="47.60866640" lon="19.14777060"><ele>157.87</ele><time>2025-10-20T13:46:02.074Z</time></trkpt><trkpt lat="47.60867450" lon="19.14776970"><ele>157.87</ele><time>2025-10-20T13:46:02.259Z</time></trkpt><trkpt lat="47.60868340" lon="19.14776840"><ele>157.88</ele><time>2025-10-20T13:46:02.460Z</time></trkpt><trkpt lat="47.60869380" lon="19.14776670"><ele>157.89</ele><time>2025-10-20T13:46:02.701Z</time></trkpt><trkpt lat="47.60870130" lon="19.14776540"><ele>157.89</ele><time>2025-10-20T13:46:02.882Z</time></trkpt><trkpt lat="47.60871040" lon="19.14776380"><ele>157.89</ele><time>2025-10-20T13:46:03.104Z</time></trkpt><trkpt lat="47.60871700" lon="19.14776250"><ele>157.88</ele><time>2025-10-20T13:46:03.269Z</time></trkpt><trkpt lat="47.60872590" lon="19.14776060"><ele>157.87</ele><time>2025-10-20T13:46:03.490Z</time></trkpt><trkpt lat="47.60873410" lon="19.14775860"><ele>157.86</ele><time>2025-10-20T13:46:03.692Z</time></trkpt><trkpt lat="47.60874230" lon="19.14775650"><ele>157.85</ele><time>2025-10-20T13:46:03.894Z</time></trkpt><trkpt lat="47.60875030" lon="19.14775420"><ele>157.85</ele><time>2025-10-20T13:46:04.095Z</time></trkpt><trkpt lat="47.60875850" lon="19.14775180"><ele>157.84</ele><time>2025-10-20T13:46:04.298Z</time></trkpt><trkpt lat="47.60876620" lon="19.14774930"><ele>157.84</ele><time>2025-10-20T13:46:04.499Z</time></trkpt><trkpt lat="47.60877430" lon="19.14774650"><ele>157.85</ele><time>2025-10-20T13:46:04.700Z</time></trkpt><trkpt lat="47.60878230" lon="19.14774350"><ele>157.85</ele><time>2025-10-20T13:46:04.902Z</time></trkpt><trkpt lat="47.60879060" lon="19.14774010"><ele>157.86</ele><time>2025-10-20T13:46:05.103Z</time></trkpt><trkpt lat="47.60879900" lon="19.14773640"><ele>157.85</ele><time>2025-10-20T13:46:05.304Z</time></trkpt><trkpt lat="47.60880650" lon="19.14773280"><ele>157.85</ele><time>2025-10-20T13:46:05.485Z</time></trkpt><trkpt lat="47.60881500" lon="19.14772860"><ele>157.84</ele><time>2025-10-20T13:46:05.686Z</time></trkpt><trkpt lat="47.60882410" lon="19.14772370"><ele>157.84</ele><time>2025-10-20T13:46:05.907Z</time></trkpt><trkpt lat="47.60883250" lon="19.14771900"><ele>157.83</ele><time>2025-10-20T13:46:06.109Z</time></trkpt><trkpt lat="47.60884080" lon="19.14771410"><ele>157.83</ele><time>2025-10-20T13:46:06.310Z</time></trkpt><trkpt lat="47.60884910" lon="19.14770900"><ele>157.82</ele><time>2025-10-20T13:46:06.511Z</time></trkpt><trkpt lat="47.60885710" lon="19.14770370"><ele>157.82</ele><time>2025-10-20T13:46:06.710Z</time></trkpt><trkpt lat="47.60886530" lon="19.14769820"><ele>157.83</ele><time>2025-10-20T13:46:06.913Z</time></trkpt><trkpt lat="47.60887260" lon="19.14769300"><ele>157.83</ele><time>2025-10-20T13:46:07.095Z</time></trkpt><trkpt lat="47.60888070" lon="19.14768700"><ele>157.83</ele><time>2025-10-20T13:46:07.298Z</time></trkpt><trkpt lat="47.60888850" lon="19.14768100"><ele>157.84</ele><time>2025-10-20T13:46:07.500Z</time></trkpt><trkpt lat="47.60889550" lon="19.14767560"><ele>157.85</ele><time>2025-10-20T13:46:07.682Z</time></trkpt><trkpt lat="47.60890410" lon="19.14766840"><ele>157.86</ele><time>2025-10-20T13:46:07.914Z</time></trkpt><trkpt lat="47.60891050" lon="19.14766280"><ele>157.87</ele><time>2025-10-20T13:46:08.083Z</time></trkpt><trkpt lat="47.60891800" lon="19.14765610"><ele>157.86</ele><time>2025-10-20T13:46:08.286Z</time></trkpt><trkpt lat="47.60892630" lon="19.14764850"><ele>157.86</ele><time>2025-10-20T13:46:08.509Z</time></trkpt><trkpt lat="47.60893360" lon="19.14764130"><ele>157.86</ele><time>2025-10-20T13:46:08.712Z</time></trkpt><trkpt lat="47.60894010" lon="19.14763480"><ele>157.86</ele><time>2025-10-20T13:46:08.894Z</time></trkpt><trkpt lat="47.60894780" lon="19.14762670"><ele>157.87</ele><time>2025-10-20T13:46:09.115Z</time></trkpt><trkpt lat="47.60895520" lon="19.14761870"><ele>157.87</ele><time>2025-10-20T13:46:09.329Z</time></trkpt><trkpt lat="47.60896140" lon="19.14761170"><ele>157.87</ele><time>2025-10-20T13:46:09.512Z</time></trkpt><trkpt lat="47.60896800" lon="19.14760420"><ele>157.87</ele><time>2025-10-20T13:46:09.712Z</time></trkpt><trkpt lat="47.60897450" lon="19.14759640"><ele>157.88</ele><time>2025-10-20T13:46:09.915Z</time></trkpt><trkpt lat="47.60898090" lon="19.14758850"><ele>157.88</ele><time>2025-10-20T13:46:10.117Z</time></trkpt><trkpt lat="47.60898670" lon="19.14758100"><ele>157.88</ele><time>2025-10-20T13:46:10.302Z</time></trkpt><trkpt lat="47.60899290" lon="19.14757260"><ele>157.88</ele><time>2025-10-20T13:46:10.507Z</time></trkpt><trkpt lat="47.60899880" lon="19.14756470"><ele>157.88</ele><time>2025-10-20T13:46:10.710Z</time></trkpt><trkpt lat="47.60900490" lon="19.14755610"><ele>157.89</ele><time>2025-10-20T13:46:10.912Z</time></trkpt><trkpt lat="47.60901080" lon="19.14754760"><ele>157.89</ele><time>2025-10-20T13:46:11.112Z</time></trkpt><trkpt lat="47.60901650" lon="19.14753910"><ele>157.89</ele><time>2025-10-20T13:46:11.311Z</time></trkpt><trkpt lat="47.60902230" lon="19.14753030"><ele>157.89</ele><time>2025-10-20T13:46:11.515Z</time></trkpt><trkpt lat="47.60902730" lon="19.14752240"><ele>157.88</ele><time>2025-10-20T13:46:11.695Z</time></trkpt><trkpt lat="47.60903280" lon="19.14751360"><ele>157.88</ele><time>2025-10-20T13:46:11.896Z</time></trkpt><trkpt lat="47.60903860" lon="19.14750380"><ele>157.87</ele><time>2025-10-20T13:46:12.116Z</time></trkpt><trkpt lat="47.60904280" lon="19.14749630"><ele>157.86</ele><time>2025-10-20T13:46:12.281Z</time></trkpt><trkpt lat="47.60904860" lon="19.14748600"><ele>157.85</ele><time>2025-10-20T13:46:12.505Z</time></trkpt><trkpt lat="47.60905370" lon="19.14747680"><ele>157.85</ele><time>2025-10-20T13:46:12.707Z</time></trkpt><trkpt lat="47.60905870" lon="19.14746750"><ele>157.84</ele><time>2025-10-20T13:46:12.908Z</time></trkpt><trkpt lat="47.60906360" lon="19.14745800"><ele>157.85</ele><time>2025-10-20T13:46:13.110Z</time></trkpt><trkpt lat="47.60906840" lon="19.14744830"><ele>157.84</ele><time>2025-10-20T13:46:13.313Z</time></trkpt><trkpt lat="47.60907320" lon="19.14743830"><ele>157.84</ele><time>2025-10-20T13:46:13.519Z</time></trkpt><trkpt lat="47.60907780" lon="19.14742860"><ele>157.85</ele><time>2025-10-20T13:46:13.720Z</time></trkpt><trkpt lat="47.60908220" lon="19.14741860"><ele>157.85</ele><time>2025-10-20T13:46:13.923Z</time></trkpt><trkpt lat="47.60908660" lon="19.14740830"><ele>157.85</ele><time>2025-10-20T13:46:14.124Z</time></trkpt><trkpt lat="47.60909100" lon="19.14739790"><ele>157.83</ele><time>2025-10-20T13:46:14.327Z</time></trkpt><trkpt lat="47.60909400" lon="19.14739070"><ele>157.83</ele><time>2025-10-20T13:46:14.466Z</time></trkpt><trkpt lat="47.60909910" lon="19.14737790"><ele>157.82</ele><time>2025-10-20T13:46:14.708Z</time></trkpt><trkpt lat="47.60910320" lon="19.14736720"><ele>157.82</ele><time>2025-10-20T13:46:14.909Z</time></trkpt><trkpt lat="47.60910720" lon="19.14735620"><ele>157.82</ele><time>2025-10-20T13:46:15.110Z</time></trkpt><trkpt lat="47.60911120" lon="19.14734490"><ele>157.81</ele><time>2025-10-20T13:46:15.315Z</time></trkpt><trkpt lat="47.60911500" lon="19.14733400"><ele>157.81</ele><time>2025-10-20T13:46:15.515Z</time></trkpt><trkpt lat="47.60911880" lon="19.14732270"><ele>157.81</ele><time>2025-10-20T13:46:15.716Z</time></trkpt><trkpt lat="47.60912260" lon="19.14731120"><ele>157.81</ele><time>2025-10-20T13:46:15.918Z</time></trkpt><trkpt lat="47.60912620" lon="19.14729950"><ele>157.80</ele><time>2025-10-20T13:46:16.120Z</time></trkpt><trkpt lat="47.60912970" lon="19.14728780"><ele>157.79</ele><time>2025-10-20T13:46:16.323Z</time></trkpt><trkpt lat="47.60913280" lon="19.14727720"><ele>157.78</ele><time>2025-10-20T13:46:16.505Z</time></trkpt><trkpt lat="47.60913640" lon="19.14726400"><ele>157.77</ele><time>2025-10-20T13:46:16.729Z</time></trkpt><trkpt lat="47.60913970" lon="19.14725210"><ele>157.76</ele><time>2025-10-20T13:46:16.931Z</time></trkpt><trkpt lat="47.60914280" lon="19.14724020"><ele>157.75</ele><time>2025-10-20T13:46:17.132Z</time></trkpt><trkpt lat="47.60914580" lon="19.14722790"><ele>157.75</ele><time>2025-10-20T13:46:17.337Z</time></trkpt><trkpt lat="47.60914840" lon="19.14721660"><ele>157.76</ele><time>2025-10-20T13:46:17.527Z</time></trkpt><trkpt lat="47.60915120" lon="19.14720440"><ele>157.75</ele><time>2025-10-20T13:46:17.733Z</time></trkpt><trkpt lat="47.60915370" lon="19.14719210"><ele>157.76</ele><time>2025-10-20T13:46:17.936Z</time></trkpt><trkpt lat="47.60915600" lon="19.14717990"><ele>157.77</ele><time>2025-10-20T13:46:18.137Z</time></trkpt><trkpt lat="47.60915810" lon="19.14716760"><ele>157.76</ele><time>2025-10-20T13:46:18.342Z</time></trkpt><trkpt lat="47.60916000" lon="19.14715550"><ele>157.76</ele><time>2025-10-20T13:46:18.543Z</time></trkpt><trkpt lat="47.60916180" lon="19.14714280"><ele>157.75</ele><time>2025-10-20T13:46:18.746Z</time></trkpt><trkpt lat="47.60916340" lon="19.14713010"><ele>157.75</ele><time>2025-10-20T13:46:18.948Z</time></trkpt><trkpt lat="47.60916490" lon="19.14711740"><ele>157.74</ele><time>2025-10-20T13:46:19.148Z</time></trkpt><trkpt lat="47.60916640" lon="19.14710440"><ele>157.74</ele><time>2025-10-20T13:46:19.350Z</time></trkpt><trkpt lat="47.60916760" lon="19.14709180"><ele>157.73</ele><time>2025-10-20T13:46:19.551Z</time></trkpt><trkpt lat="47.60916880" lon="19.14707880"><ele>157.73</ele><time>2025-10-20T13:46:19.754Z</time></trkpt><trkpt lat="47.60916980" lon="19.14706630"><ele>157.73</ele><time>2025-10-20T13:46:19.955Z</time></trkpt><trkpt lat="47.60917070" lon="19.14705370"><ele>157.73</ele><time>2025-10-20T13:46:20.156Z</time></trkpt><trkpt lat="47.60917150" lon="19.14704210"><ele>157.73</ele><time>2025-10-20T13:46:20.342Z</time></trkpt><trkpt lat="47.60917230" lon="19.14702830"><ele>157.72</ele><time>2025-10-20T13:46:20.563Z</time></trkpt><trkpt lat="47.60917290" lon="19.14701600"><ele>157.71</ele><time>2025-10-20T13:46:20.765Z</time></trkpt><trkpt lat="47.60917340" lon="19.14700350"><ele>157.70</ele><time>2025-10-20T13:46:20.966Z</time></trkpt><trkpt lat="47.60917380" lon="19.14699150"><ele>157.70</ele><time>2025-10-20T13:46:21.168Z</time></trkpt><trkpt lat="47.60917410" lon="19.14697930"><ele>157.69</ele><time>2025-10-20T13:46:21.373Z</time></trkpt><trkpt lat="47.60917430" lon="19.14696710"><ele>157.69</ele><time>2025-10-20T13:46:21.575Z</time></trkpt><trkpt lat="47.60917430" lon="19.14695510"><ele>157.68</ele><time>2025-10-20T13:46:21.776Z</time></trkpt><trkpt lat="47.60917420" lon="19.14694270"><ele>157.67</ele><time>2025-10-20T13:46:21.978Z</time></trkpt><trkpt lat="47.60917400" lon="19.14693050"><ele>157.67</ele><time>2025-10-20T13:46:22.182Z</time></trkpt><trkpt lat="47.60917370" lon="19.14691850"><ele>157.65</ele><time>2025-10-20T13:46:22.384Z</time></trkpt><trkpt lat="47.60917320" lon="19.14690630"><ele>157.65</ele><time>2025-10-20T13:46:22.585Z</time></trkpt><trkpt lat="47.60917260" lon="19.14689530"><ele>157.64</ele><time>2025-10-20T13:46:22.766Z</time></trkpt><trkpt lat="47.60917170" lon="19.14688160"><ele>157.64</ele><time>2025-10-20T13:46:22.990Z</time></trkpt><trkpt lat="47.60917070" lon="19.14686910"><ele>157.64</ele><time>2025-10-20T13:46:23.193Z</time></trkpt><trkpt lat="47.60916950" lon="19.14685670"><ele>157.64</ele><time>2025-10-20T13:46:23.393Z</time></trkpt><trkpt lat="47.60916820" lon="19.14684510"><ele>157.64</ele><time>2025-10-20T13:46:23.583Z</time></trkpt><trkpt lat="47.60916670" lon="19.14683250"><ele>157.63</ele><time>2025-10-20T13:46:23.786Z</time></trkpt><trkpt lat="47.60916500" lon="19.14682000"><ele>157.62</ele><time>2025-10-20T13:46:23.987Z</time></trkpt><trkpt lat="47.60916380" lon="19.14681140"><ele>157.61</ele><time>2025-10-20T13:46:24.128Z</time></trkpt><trkpt lat="47.60916140" lon="19.14679520"><ele>157.61</ele><time>2025-10-20T13:46:24.391Z</time></trkpt><trkpt lat="47.60915940" lon="19.14678270"><ele>157.60</ele><time>2025-10-20T13:46:24.593Z</time></trkpt><trkpt lat="47.60915760" lon="19.14677210"><ele>157.59</ele><time>2025-10-20T13:46:24.761Z</time></trkpt><trkpt lat="47.60915510" lon="19.14675870"><ele>157.57</ele><time>2025-10-20T13:46:24.985Z</time></trkpt><trkpt lat="47.60915280" lon="19.14674730"><ele>157.57</ele><time>2025-10-20T13:46:25.166Z</time></trkpt><trkpt lat="47.60915030" lon="19.14673480"><ele>157.56</ele><time>2025-10-20T13:46:25.368Z</time></trkpt><trkpt lat="47.60914790" lon="19.14672370"><ele>157.55</ele><time>2025-10-20T13:46:25.549Z</time></trkpt><trkpt lat="47.60914470" lon="19.14671010"><ele>157.54</ele><time>2025-10-20T13:46:25.770Z</time></trkpt><trkpt lat="47.60914180" lon="19.14669790"><ele>157.54</ele><time>2025-10-20T13:46:25.970Z</time></trkpt><trkpt lat="47.60913870" lon="19.14668600"><ele>157.53</ele><time>2025-10-20T13:46:26.171Z</time></trkpt><trkpt lat="47.60913550" lon="19.14667390"><ele>157.52</ele><time>2025-10-20T13:46:26.379Z</time></trkpt><trkpt lat="47.60913230" lon="19.14666220"><ele>157.52</ele><time>2025-10-20T13:46:26.580Z</time></trkpt><trkpt lat="47.60912860" lon="19.14664940"><ele>157.51</ele><time>2025-10-20T13:46:26.806Z</time></trkpt><trkpt lat="47.60912550" lon="19.14663900"><ele>157.51</ele><time>2025-10-20T13:46:26.986Z</time></trkpt><trkpt lat="47.60912180" lon="19.14662750"><ele>157.50</ele><time>2025-10-20T13:46:27.187Z</time></trkpt><trkpt lat="47.60911780" lon="19.14661520"><ele>157.49</ele><time>2025-10-20T13:46:27.400Z</time></trkpt><trkpt lat="47.60911370" lon="19.14660320"><ele>157.49</ele><time>2025-10-20T13:46:27.612Z</time></trkpt><trkpt lat="47.60911000" lon="19.14659300"><ele>157.49</ele><time>2025-10-20T13:46:27.794Z</time></trkpt><trkpt lat="47.60910600" lon="19.14658200"><ele>157.49</ele><time>2025-10-20T13:46:27.996Z</time></trkpt><trkpt lat="47.60910230" lon="19.14657200"><ele>157.49</ele><time>2025-10-20T13:46:28.177Z</time></trkpt><trkpt lat="47.60909760" lon="19.14656010"><ele>157.49</ele><time>2025-10-20T13:46:28.406Z</time></trkpt><trkpt lat="47.60909320" lon="19.14654950"><ele>157.49</ele><time>2025-10-20T13:46:28.608Z</time></trkpt><trkpt lat="47.60908890" lon="19.14653900"><ele>157.49</ele><time>2025-10-20T13:46:28.812Z</time></trkpt><trkpt lat="47.60908430" lon="19.14652840"><ele>157.49</ele><time>2025-10-20T13:46:29.015Z</time></trkpt><trkpt lat="47.60907970" lon="19.14651800"><ele>157.48</ele><time>2025-10-20T13:46:29.218Z</time></trkpt><trkpt lat="47.60907560" lon="19.14650920"><ele>157.48</ele><time>2025-10-20T13:46:29.390Z</time></trkpt><trkpt lat="47.60907030" lon="19.14649810"><ele>157.47</ele><time>2025-10-20T13:46:29.611Z</time></trkpt><trkpt lat="47.60906530" lon="19.14648820"><ele>157.47</ele><time>2025-10-20T13:46:29.812Z</time></trkpt><trkpt lat="47.60906030" lon="19.14647850"><ele>157.47</ele><time>2025-10-20T13:46:30.013Z</time></trkpt><trkpt lat="47.60905520" lon="19.14646890"><ele>157.47</ele><time>2025-10-20T13:46:30.215Z</time></trkpt><trkpt lat="47.60905010" lon="19.14645960"><ele>157.47</ele><time>2025-10-20T13:46:30.419Z</time></trkpt><trkpt lat="47.60904490" lon="19.14645050"><ele>157.48</ele><time>2025-10-20T13:46:30.621Z</time></trkpt><trkpt lat="47.60903980" lon="19.14644160"><ele>157.48</ele><time>2025-10-20T13:46:30.821Z</time></trkpt><trkpt lat="47.60903560" lon="19.14643460"><ele>157.49</ele><time>2025-10-20T13:46:30.983Z</time></trkpt><trkpt lat="47.60902950" lon="19.14642470"><ele>157.49</ele><time>2025-10-20T13:46:31.208Z</time></trkpt><trkpt lat="47.60902360" lon="19.14641540"><ele>157.48</ele><time>2025-10-20T13:46:31.419Z</time></trkpt><trkpt lat="47.60901780" lon="19.14640670"><ele>157.47</ele><time>2025-10-20T13:46:31.620Z</time></trkpt><trkpt lat="47.60901190" lon="19.14639800"><ele>157.47</ele><time>2025-10-20T13:46:31.822Z</time></trkpt><trkpt lat="47.60900650" lon="19.14639040"><ele>157.46</ele><time>2025-10-20T13:46:32.003Z</time></trkpt><trkpt lat="47.60900110" lon="19.14638290"><ele>157.46</ele><time>2025-10-20T13:46:32.188Z</time></trkpt><trkpt lat="47.60899490" lon="19.14637460"><ele>157.46</ele><time>2025-10-20T13:46:32.397Z</time></trkpt><trkpt lat="47.60898820" lon="19.14636590"><ele>157.47</ele><time>2025-10-20T13:46:32.618Z</time></trkpt><trkpt lat="47.60898210" lon="19.14635790"><ele>157.46</ele><time>2025-10-20T13:46:32.819Z</time></trkpt><trkpt lat="47.60897630" lon="19.14635060"><ele>157.45</ele><time>2025-10-20T13:46:33.003Z</time></trkpt><trkpt lat="47.60897120" lon="19.14634430"><ele>157.44</ele><time>2025-10-20T13:46:33.163Z</time></trkpt><trkpt lat="47.60896340" lon="19.14633510"><ele>157.44</ele><time>2025-10-20T13:46:33.407Z</time></trkpt><trkpt lat="47.60895700" lon="19.14632780"><ele>157.43</ele><time>2025-10-20T13:46:33.607Z</time></trkpt><trkpt lat="47.60895050" lon="19.14632050"><ele>157.43</ele><time>2025-10-20T13:46:33.808Z</time></trkpt><trkpt lat="47.60894330" lon="19.14631270"><ele>157.43</ele><time>2025-10-20T13:46:34.029Z</time></trkpt><trkpt lat="47.60893660" lon="19.14630590"><ele>157.43</ele><time>2025-10-20T13:46:34.229Z</time></trkpt><trkpt lat="47.60892990" lon="19.14629910"><ele>157.42</ele><time>2025-10-20T13:46:34.430Z</time></trkpt><trkpt lat="47.60892290" lon="19.14629230"><ele>157.41</ele><time>2025-10-20T13:46:34.635Z</time></trkpt><trkpt lat="47.60891680" lon="19.14628650"><ele>157.41</ele><time>2025-10-20T13:46:34.820Z</time></trkpt><trkpt lat="47.60890990" lon="19.14628030"><ele>157.39</ele><time>2025-10-20T13:46:35.021Z</time></trkpt><trkpt lat="47.60890330" lon="19.14627450"><ele>157.40</ele><time>2025-10-20T13:46:35.224Z</time></trkpt><trkpt lat="47.60889630" lon="19.14626860"><ele>157.40</ele><time>2025-10-20T13:46:35.434Z</time></trkpt><trkpt lat="47.60889010" lon="19.14626360"><ele>157.40</ele><time>2025-10-20T13:46:35.614Z</time></trkpt><trkpt lat="47.60888230" lon="19.14625770"><ele>157.39</ele><time>2025-10-20T13:46:35.837Z</time></trkpt><trkpt lat="47.60887510" lon="19.14625240"><ele>157.39</ele><time>2025-10-20T13:46:36.039Z</time></trkpt><trkpt lat="47.60886780" lon="19.14624720"><ele>157.38</ele><time>2025-10-20T13:46:36.239Z</time></trkpt><trkpt lat="47.60886100" lon="19.14624250"><ele>157.37</ele><time>2025-10-20T13:46:36.441Z</time></trkpt><trkpt lat="47.60885450" lon="19.14623810"><ele>157.37</ele><time>2025-10-20T13:46:36.622Z</time></trkpt><trkpt lat="47.60884690" lon="19.14623330"><ele>157.37</ele><time>2025-10-20T13:46:36.826Z</time></trkpt><trkpt lat="47.60883990" lon="19.14622910"><ele>157.37</ele><time>2025-10-20T13:46:37.009Z</time></trkpt><trkpt lat="47.60883130" lon="19.14622410"><ele>157.38</ele><time>2025-10-20T13:46:37.233Z</time></trkpt><trkpt lat="47.60882480" lon="19.14622050"><ele>157.38</ele><time>2025-10-20T13:46:37.399Z</time></trkpt><trkpt lat="47.60881620" lon="19.14621600"><ele>157.39</ele><time>2025-10-20T13:46:37.621Z</time></trkpt><trkpt lat="47.60880830" lon="19.14621210"><ele>157.39</ele><time>2025-10-20T13:46:37.826Z</time></trkpt><trkpt lat="47.60880040" lon="19.14620850"><ele>157.39</ele><time>2025-10-20T13:46:38.027Z</time></trkpt><trkpt lat="47.60879280" lon="19.14620520"><ele>157.42</ele><time>2025-10-20T13:46:38.230Z</time></trkpt><trkpt lat="47.60878500" lon="19.14620190"><ele>157.44</ele><time>2025-10-20T13:46:38.432Z</time></trkpt><trkpt lat="47.60877710" lon="19.14619870"><ele>157.44</ele><time>2025-10-20T13:46:38.636Z</time></trkpt><trkpt lat="47.60876920" lon="19.14619550"><ele>157.43</ele><time>2025-10-20T13:46:38.837Z</time></trkpt><trkpt lat="47.60876120" lon="19.14619260"><ele>157.43</ele><time>2025-10-20T13:46:39.038Z</time></trkpt><trkpt lat="47.60875350" lon="19.14618990"><ele>157.42</ele><time>2025-10-20T13:46:39.240Z</time></trkpt><trkpt lat="47.60874580" lon="19.14618740"><ele>157.42</ele><time>2025-10-20T13:46:39.443Z</time></trkpt><trkpt lat="47.60873800" lon="19.14618500"><ele>157.42</ele><time>2025-10-20T13:46:39.644Z</time></trkpt><trkpt lat="47.60873000" lon="19.14618270"><ele>157.43</ele><time>2025-10-20T13:46:39.846Z</time></trkpt><trkpt lat="47.60872170" lon="19.14618040"><ele>157.44</ele><time>2025-10-20T13:46:40.048Z</time></trkpt><trkpt lat="47.60871350" lon="19.14617830"><ele>157.45</ele><time>2025-10-20T13:46:40.248Z</time></trkpt><trkpt lat="47.60870550" lon="19.14617660"><ele>157.46</ele><time>2025-10-20T13:46:40.440Z</time></trkpt><trkpt lat="47.60869700" lon="19.14617500"><ele>157.47</ele><time>2025-10-20T13:46:40.641Z</time></trkpt><trkpt lat="47.60868860" lon="19.14617380"><ele>157.47</ele><time>2025-10-20T13:46:40.841Z</time></trkpt><trkpt lat="47.60867990" lon="19.14617280"><ele>157.48</ele><time>2025-10-20T13:46:41.041Z</time></trkpt><trkpt lat="47.60867110" lon="19.14617210"><ele>157.49</ele><time>2025-10-20T13:46:41.243Z</time></trkpt><trkpt lat="47.60866220" lon="19.14617150"><ele>157.50</ele><time>2025-10-20T13:46:41.445Z</time></trkpt><trkpt lat="47.60865330" lon="19.14617110"><ele>157.51</ele><time>2025-10-20T13:46:41.649Z</time></trkpt><trkpt lat="47.60864460" lon="19.14617080"><ele>157.52</ele><time>2025-10-20T13:46:41.848Z</time></trkpt><trkpt lat="47.60863580" lon="19.14617070"><ele>157.53</ele><time>2025-10-20T13:46:42.052Z</time></trkpt><trkpt lat="47.60862720" lon="19.14617060"><ele>157.54</ele><time>2025-10-20T13:46:42.254Z</time></trkpt><trkpt lat="47.60861850" lon="19.14617070"><ele>157.54</ele><time>2025-10-20T13:46:42.455Z</time></trkpt><trkpt lat="47.60861010" lon="19.14617100"><ele>157.56</ele><time>2025-10-20T13:46:42.656Z</time></trkpt><trkpt lat="47.60860190" lon="19.14617150"><ele>157.57</ele><time>2025-10-20T13:46:42.859Z</time></trkpt><trkpt lat="47.60859430" lon="19.14617220"><ele>157.57</ele><time>2025-10-20T13:46:43.041Z</time></trkpt><trkpt lat="47.60858590" lon="19.14617310"><ele>157.57</ele><time>2025-10-20T13:46:43.243Z</time></trkpt><trkpt lat="47.60857670" lon="19.14617430"><ele>157.58</ele><time>2025-10-20T13:46:43.467Z</time></trkpt><trkpt lat="47.60856930" lon="19.14617550"><ele>157.58</ele><time>2025-10-20T13:46:43.648Z</time></trkpt><trkpt lat="47.60856190" lon="19.14617690"><ele>157.58</ele><time>2025-10-20T13:46:43.830Z</time></trkpt><trkpt lat="47.60855410" lon="19.14617860"><ele>157.58</ele><time>2025-10-20T13:46:44.031Z</time></trkpt><trkpt lat="47.60854600" lon="19.14618060"><ele>157.59</ele><time>2025-10-20T13:46:44.233Z</time></trkpt><trkpt lat="47.60853790" lon="19.14618270"><ele>157.60</ele><time>2025-10-20T13:46:44.438Z</time></trkpt><trkpt lat="47.60852910" lon="19.14618520"><ele>157.61</ele><time>2025-10-20T13:46:44.660Z</time></trkpt><trkpt lat="47.60852210" lon="19.14618740"><ele>157.62</ele><time>2025-10-20T13:46:44.839Z</time></trkpt><trkpt lat="47.60851430" lon="19.14619010"><ele>157.63</ele><time>2025-10-20T13:46:45.041Z</time></trkpt><trkpt lat="47.60850570" lon="19.14619330"><ele>157.66</ele><time>2025-10-20T13:46:45.261Z</time></trkpt><trkpt lat="47.60849790" lon="19.14619650"><ele>157.67</ele><time>2025-10-20T13:46:45.462Z</time></trkpt><trkpt lat="47.60849000" lon="19.14619990"><ele>157.67</ele><time>2025-10-20T13:46:45.663Z</time></trkpt><trkpt lat="47.60848220" lon="19.14620340"><ele>157.67</ele><time>2025-10-20T13:46:45.865Z</time></trkpt><trkpt lat="47.60847420" lon="19.14620720"><ele>157.67</ele><time>2025-10-20T13:46:46.068Z</time></trkpt><trkpt lat="47.60846710" lon="19.14621060"><ele>157.68</ele><time>2025-10-20T13:46:46.249Z</time></trkpt><trkpt lat="47.60845880" lon="19.14621490"><ele>157.68</ele><time>2025-10-20T13:46:46.471Z</time></trkpt><trkpt lat="47.60845150" lon="19.14621900"><ele>157.67</ele><time>2025-10-20T13:46:46.672Z</time></trkpt><trkpt lat="47.60844500" lon="19.14622280"><ele>157.66</ele><time>2025-10-20T13:46:46.851Z</time></trkpt><trkpt lat="47.60843710" lon="19.14622760"><ele>157.67</ele><time>2025-10-20T13:46:47.076Z</time></trkpt><trkpt lat="47.60842950" lon="19.14623230"><ele>157.69</ele><time>2025-10-20T13:46:47.280Z</time></trkpt><trkpt lat="47.60842210" lon="19.14623720"><ele>157.69</ele><time>2025-10-20T13:46:47.487Z</time></trkpt><trkpt lat="47.60841540" lon="19.14624180"><ele>157.69</ele><time>2025-10-20T13:46:47.669Z</time></trkpt><trkpt lat="47.60840810" lon="19.14624700"><ele>157.69</ele><time>2025-10-20T13:46:47.871Z</time></trkpt><trkpt lat="47.60840070" lon="19.14625250"><ele>157.70</ele><time>2025-10-20T13:46:48.076Z</time></trkpt><trkpt lat="47.60839340" lon="19.14625800"><ele>157.70</ele><time>2025-10-20T13:46:48.278Z</time></trkpt><trkpt lat="47.60838630" lon="19.14626350"><ele>157.70</ele><time>2025-10-20T13:46:48.479Z</time></trkpt><trkpt lat="47.60837890" lon="19.14626930"><ele>157.70</ele><time>2025-10-20T13:46:48.679Z</time></trkpt><trkpt lat="47.60837150" lon="19.14627540"><ele>157.72</ele><time>2025-10-20T13:46:48.880Z</time></trkpt><trkpt lat="47.60836480" lon="19.14628080"><ele>157.73</ele><time>2025-10-20T13:46:49.060Z</time></trkpt><trkpt lat="47.60835660" lon="19.14628750"><ele>157.74</ele><time>2025-10-20T13:46:49.282Z</time></trkpt><trkpt lat="47.60834910" lon="19.14629390"><ele>157.74</ele><time>2025-10-20T13:46:49.486Z</time></trkpt><trkpt lat="47.60834180" lon="19.14630010"><ele>157.74</ele><time>2025-10-20T13:46:49.688Z</time></trkpt><trkpt lat="47.60833460" lon="19.14630650"><ele>157.76</ele><time>2025-10-20T13:46:49.890Z</time></trkpt><trkpt lat="47.60832820" lon="19.14631240"><ele>157.76</ele><time>2025-10-20T13:46:50.071Z</time></trkpt><trkpt lat="47.60832030" lon="19.14632010"><ele>157.76</ele><time>2025-10-20T13:46:50.294Z</time></trkpt><trkpt lat="47.60831380" lon="19.14632670"><ele>157.75</ele><time>2025-10-20T13:46:50.479Z</time></trkpt><trkpt lat="47.60830670" lon="19.14633400"><ele>157.74</ele><time>2025-10-20T13:46:50.682Z</time></trkpt><trkpt lat="47.60829970" lon="19.14634140"><ele>157.74</ele><time>2025-10-20T13:46:50.883Z</time></trkpt><trkpt lat="47.60829290" lon="19.14634870"><ele>157.73</ele><time>2025-10-20T13:46:51.086Z</time></trkpt><trkpt lat="47.60828610" lon="19.14635640"><ele>157.74</ele><time>2025-10-20T13:46:51.299Z</time></trkpt><trkpt lat="47.60828030" lon="19.14636320"><ele>157.74</ele><time>2025-10-20T13:46:51.481Z</time></trkpt><trkpt lat="47.60827400" lon="19.14637100"><ele>157.75</ele><time>2025-10-20T13:46:51.684Z</time></trkpt><trkpt lat="47.60826790" lon="19.14637910"><ele>157.75</ele><time>2025-10-20T13:46:51.885Z</time></trkpt><trkpt lat="47.60826200" lon="19.14638730"><ele>157.76</ele><time>2025-10-20T13:46:52.086Z</time></trkpt><trkpt lat="47.60825620" lon="19.14639580"><ele>157.75</ele><time>2025-10-20T13:46:52.288Z</time></trkpt><trkpt lat="47.60825040" lon="19.14640430"><ele>157.74</ele><time>2025-10-20T13:46:52.493Z</time></trkpt><trkpt lat="47.60824460" lon="19.14641310"><ele>157.74</ele><time>2025-10-20T13:46:52.695Z</time></trkpt><trkpt lat="47.60823890" lon="19.14642210"><ele>157.74</ele><time>2025-10-20T13:46:52.895Z</time></trkpt><trkpt lat="47.60823320" lon="19.14643120"><ele>157.74</ele><time>2025-10-20T13:46:53.099Z</time></trkpt><trkpt lat="47.60822730" lon="19.14644070"><ele>157.74</ele><time>2025-10-20T13:46:53.301Z</time></trkpt><trkpt lat="47.60822160" lon="19.14645020"><ele>157.73</ele><time>2025-10-20T13:46:53.502Z</time></trkpt><trkpt lat="47.60821590" lon="19.14645990"><ele>157.73</ele><time>2025-10-20T13:46:53.704Z</time></trkpt><trkpt lat="47.60821020" lon="19.14646990"><ele>157.73</ele><time>2025-10-20T13:46:53.908Z</time></trkpt><trkpt lat="47.60820510" lon="19.14647870"><ele>157.73</ele><time>2025-10-20T13:46:54.090Z</time></trkpt><trkpt lat="47.60820020" lon="19.14648740"><ele>157.72</ele><time>2025-10-20T13:46:54.273Z</time></trkpt><trkpt lat="47.60819490" lon="19.14649700"><ele>157.72</ele><time>2025-10-20T13:46:54.476Z</time></trkpt><trkpt lat="47.60818920" lon="19.14650760"><ele>157.72</ele><time>2025-10-20T13:46:54.697Z</time></trkpt><trkpt lat="47.60818410" lon="19.14651730"><ele>157.72</ele><time>2025-10-20T13:46:54.898Z</time></trkpt><trkpt lat="47.60817930" lon="19.14652720"><ele>157.72</ele><time>2025-10-20T13:46:55.100Z</time></trkpt><trkpt lat="47.60817460" lon="19.14653740"><ele>157.72</ele><time>2025-10-20T13:46:55.305Z</time></trkpt><trkpt lat="47.60817010" lon="19.14654770"><ele>157.72</ele><time>2025-10-20T13:46:55.508Z</time></trkpt><trkpt lat="47.60816590" lon="19.14655840"><ele>157.69</ele><time>2025-10-20T13:46:55.712Z</time></trkpt><trkpt lat="47.60816180" lon="19.14656920"><ele>157.68</ele><time>2025-10-20T13:46:55.915Z</time></trkpt><trkpt lat="47.60815800" lon="19.14657940"><ele>157.67</ele><time>2025-10-20T13:46:56.104Z</time></trkpt><trkpt lat="47.60815430" lon="19.14658930"><ele>157.67</ele><time>2025-10-20T13:46:56.286Z</time></trkpt><trkpt lat="47.60815020" lon="19.14660070"><ele>157.68</ele><time>2025-10-20T13:46:56.488Z</time></trkpt><trkpt lat="47.60814590" lon="19.14661330"><ele>157.72</ele><time>2025-10-20T13:46:56.709Z</time></trkpt><trkpt lat="47.60814290" lon="19.14662250"><ele>157.73</ele><time>2025-10-20T13:46:56.870Z</time></trkpt><trkpt lat="47.60813920" lon="19.14663420"><ele>157.74</ele><time>2025-10-20T13:46:57.072Z</time></trkpt><trkpt lat="47.60813540" lon="19.14664600"><ele>157.75</ele><time>2025-10-20T13:46:57.275Z</time></trkpt><trkpt lat="47.60813140" lon="19.14665910"><ele>157.76</ele><time>2025-10-20T13:46:57.500Z</time></trkpt><trkpt lat="47.60812780" lon="19.14667120"><ele>157.77</ele><time>2025-10-20T13:46:57.702Z</time></trkpt><trkpt lat="47.60812430" lon="19.14668330"><ele>157.78</ele><time>2025-10-20T13:46:57.904Z</time></trkpt><trkpt lat="47.60812160" lon="19.14669320"><ele>157.79</ele><time>2025-10-20T13:46:58.065Z</time></trkpt><trkpt lat="47.60811790" lon="19.14670780"><ele>157.82</ele><time>2025-10-20T13:46:58.302Z</time></trkpt><trkpt lat="47.60811510" lon="19.14672020"><ele>157.85</ele><time>2025-10-20T13:46:58.509Z</time></trkpt><trkpt lat="47.60811260" lon="19.14673240"><ele>157.85</ele><time>2025-10-20T13:46:58.710Z</time></trkpt><trkpt lat="47.60811030" lon="19.14674470"><ele>157.85</ele><time>2025-10-20T13:46:58.911Z</time></trkpt><trkpt lat="47.60810830" lon="19.14675700"><ele>157.84</ele><time>2025-10-20T13:46:59.110Z</time></trkpt><trkpt lat="47.60810650" lon="19.14676910"><ele>157.83</ele><time>2025-10-20T13:46:59.312Z</time></trkpt><trkpt lat="47.60810470" lon="19.14678140"><ele>157.84</ele><time>2025-10-20T13:46:59.514Z</time></trkpt><trkpt lat="47.60810300" lon="19.14679340"><ele>157.84</ele><time>2025-10-20T13:46:59.715Z</time></trkpt><trkpt lat="47.60810130" lon="19.14680540"><ele>157.85</ele><time>2025-10-20T13:46:59.915Z</time></trkpt><trkpt lat="47.60809990" lon="19.14681630"><ele>157.85</ele><time>2025-10-20T13:47:00.097Z</time></trkpt><trkpt lat="47.60809830" lon="19.14682850"><ele>157.84</ele><time>2025-10-20T13:47:00.299Z</time></trkpt><trkpt lat="47.60809690" lon="19.14684030"><ele>157.86</ele><time>2025-10-20T13:47:00.501Z</time></trkpt><trkpt lat="47.60809560" lon="19.14685240"><ele>157.86</ele><time>2025-10-20T13:47:00.702Z</time></trkpt><trkpt lat="47.60809440" lon="19.14686490"><ele>157.89</ele><time>2025-10-20T13:47:00.903Z</time></trkpt><trkpt lat="47.60809330" lon="19.14687760"><ele>157.90</ele><time>2025-10-20T13:47:01.109Z</time></trkpt><trkpt lat="47.60809220" lon="19.14689000"><ele>157.90</ele><time>2025-10-20T13:47:01.312Z</time></trkpt><trkpt lat="47.60809120" lon="19.14690190"><ele>157.91</ele><time>2025-10-20T13:47:01.515Z</time></trkpt><trkpt lat="47.60809040" lon="19.14691380"><ele>157.93</ele><time>2025-10-20T13:47:01.718Z</time></trkpt><trkpt lat="47.60808980" lon="19.14692460"><ele>157.92</ele><time>2025-10-20T13:47:01.901Z</time></trkpt><trkpt lat="47.60808920" lon="19.14693700"><ele>157.91</ele><time>2025-10-20T13:47:02.103Z</time></trkpt><trkpt lat="47.60808880" lon="19.14694950"><ele>157.92</ele><time>2025-10-20T13:47:02.306Z</time></trkpt><trkpt lat="47.60808850" lon="19.14696200"><ele>157.92</ele><time>2025-10-20T13:47:02.511Z</time></trkpt><trkpt lat="47.60808830" lon="19.14697400"><ele>157.92</ele><time>2025-10-20T13:47:02.713Z</time></trkpt><trkpt lat="47.60808840" lon="19.14698600"><ele>157.92</ele><time>2025-10-20T13:47:02.914Z</time></trkpt><trkpt lat="47.60808870" lon="19.14699750"><ele>157.91</ele><time>2025-10-20T13:47:03.114Z</time></trkpt><trkpt lat="47.60808920" lon="19.14700830"><ele>157.91</ele><time>2025-10-20T13:47:03.299Z</time></trkpt><trkpt lat="47.60809000" lon="19.14701930"><ele>157.91</ele><time>2025-10-20T13:47:03.480Z</time></trkpt><trkpt lat="47.60809120" lon="19.14703280"><ele>157.93</ele><time>2025-10-20T13:47:03.703Z</time></trkpt><trkpt lat="47.60809230" lon="19.14704380"><ele>157.94</ele><time>2025-10-20T13:47:03.884Z</time></trkpt><trkpt lat="47.60809350" lon="19.14705470"><ele>157.95</ele><time>2025-10-20T13:47:04.064Z</time></trkpt><trkpt lat="47.60809490" lon="19.14706680"><ele>157.94</ele><time>2025-10-20T13:47:04.267Z</time></trkpt><trkpt lat="47.60809670" lon="19.14708000"><ele>157.94</ele><time>2025-10-20T13:47:04.489Z</time></trkpt><trkpt lat="47.60809840" lon="19.14709200"><ele>157.94</ele><time>2025-10-20T13:47:04.689Z</time></trkpt><trkpt lat="47.60810020" lon="19.14710450"><ele>157.95</ele><time>2025-10-20T13:47:04.891Z</time></trkpt><trkpt lat="47.60810200" lon="19.14711780"><ele>157.97</ele><time>2025-10-20T13:47:05.113Z</time></trkpt><trkpt lat="47.60810370" lon="19.14713020"><ele>157.98</ele><time>2025-10-20T13:47:05.316Z</time></trkpt><trkpt lat="47.60810520" lon="19.14714230"><ele>157.97</ele><time>2025-10-20T13:47:05.517Z</time></trkpt><trkpt lat="47.60810660" lon="19.14715340"><ele>157.95</ele><time>2025-10-20T13:47:05.699Z</time></trkpt><trkpt lat="47.60810800" lon="19.14716540"><ele>157.91</ele><time>2025-10-20T13:47:05.901Z</time></trkpt><trkpt lat="47.60810940" lon="19.14717720"><ele>157.90</ele><time>2025-10-20T13:47:06.102Z</time></trkpt><trkpt lat="47.60811100" lon="19.14718790"><ele>157.90</ele><time>2025-10-20T13:47:06.289Z</time></trkpt><trkpt lat="47.60811320" lon="19.14720090"><ele>157.88</ele><time>2025-10-20T13:47:06.514Z</time></trkpt><trkpt lat="47.60811550" lon="19.14721230"><ele>157.87</ele><time>2025-10-20T13:47:06.715Z</time></trkpt><trkpt lat="47.60811820" lon="19.14722400"><ele>157.86</ele><time>2025-10-20T13:47:06.917Z</time></trkpt><trkpt lat="47.60812110" lon="19.14723590"><ele>157.87</ele><time>2025-10-20T13:47:07.119Z</time></trkpt><trkpt lat="47.60812390" lon="19.14724710"><ele>157.88</ele><time>2025-10-20T13:47:07.314Z</time></trkpt><trkpt lat="47.60812700" lon="19.14725890"><ele>157.87</ele><time>2025-10-20T13:47:07.515Z</time></trkpt><trkpt lat="47.60813000" lon="19.14727040"><ele>157.88</ele><time>2025-10-20T13:47:07.715Z</time></trkpt><trkpt lat="47.60813310" lon="19.14728180"><ele>157.88</ele><time>2025-10-20T13:47:07.916Z</time></trkpt><trkpt lat="47.60813660" lon="19.14729370"><ele>157.86</ele><time>2025-10-20T13:47:08.120Z</time></trkpt><trkpt lat="47.60814010" lon="19.14730550"><ele>157.85</ele><time>2025-10-20T13:47:08.324Z</time></trkpt><trkpt lat="47.60814350" lon="19.14731590"><ele>157.86</ele><time>2025-10-20T13:47:08.506Z</time></trkpt><trkpt lat="47.60814740" lon="19.14732730"><ele>157.87</ele><time>2025-10-20T13:47:08.706Z</time></trkpt><trkpt lat="47.60815160" lon="19.14733920"><ele>157.88</ele><time>2025-10-20T13:47:08.916Z</time></trkpt><trkpt lat="47.60815540" lon="19.14734970"><ele>157.89</ele><time>2025-10-20T13:47:09.108Z</time></trkpt><trkpt lat="47.60815970" lon="19.14736110"><ele>157.90</ele><time>2025-10-20T13:47:09.315Z</time></trkpt><trkpt lat="47.60816380" lon="19.14737210"><ele>157.91</ele><time>2025-10-20T13:47:09.518Z</time></trkpt><trkpt lat="47.60816830" lon="19.14738340"><ele>157.93</ele><time>2025-10-20T13:47:09.721Z</time></trkpt><trkpt lat="47.60817280" lon="19.14739450"><ele>157.93</ele><time>2025-10-20T13:47:09.922Z</time></trkpt><trkpt lat="47.60817750" lon="19.14740550"><ele>157.93</ele><time>2025-10-20T13:47:10.122Z</time></trkpt><trkpt lat="47.60818240" lon="19.14741650"><ele>157.92</ele><time>2025-10-20T13:47:10.323Z</time></trkpt><trkpt lat="47.60818670" lon="19.14742590"><ele>157.92</ele><time>2025-10-20T13:47:10.504Z</time></trkpt><trkpt lat="47.60819110" lon="19.14743550"><ele>157.93</ele><time>2025-10-20T13:47:10.684Z</time></trkpt><trkpt lat="47.60819630" lon="19.14744620"><ele>157.92</ele><time>2025-10-20T13:47:10.885Z</time></trkpt><trkpt lat="47.60820260" lon="19.14745890"><ele>157.92</ele><time>2025-10-20T13:47:11.126Z</time></trkpt><trkpt lat="47.60820780" lon="19.14746890"><ele>157.90</ele><time>2025-10-20T13:47:11.313Z</time></trkpt><trkpt lat="47.60821330" lon="19.14747950"><ele>157.87</ele><time>2025-10-20T13:47:11.514Z</time></trkpt><trkpt lat="47.60821870" lon="19.14748980"><ele>157.85</ele><time>2025-10-20T13:47:11.715Z</time></trkpt><trkpt lat="47.60822430" lon="19.14749980"><ele>157.83</ele><time>2025-10-20T13:47:11.917Z</time></trkpt><trkpt lat="47.60822990" lon="19.14750970"><ele>157.82</ele><time>2025-10-20T13:47:12.118Z</time></trkpt><trkpt lat="47.60823550" lon="19.14751910"><ele>157.80</ele><time>2025-10-20T13:47:12.319Z</time></trkpt><trkpt lat="47.60824120" lon="19.14752840"><ele>157.78</ele><time>2025-10-20T13:47:12.520Z</time></trkpt><trkpt lat="47.60824700" lon="19.14753740"><ele>157.76</ele><time>2025-10-20T13:47:12.722Z</time></trkpt><trkpt lat="47.60825290" lon="19.14754610"><ele>157.75</ele><time>2025-10-20T13:47:12.924Z</time></trkpt><trkpt lat="47.60825880" lon="19.14755440"><ele>157.74</ele><time>2025-10-20T13:47:13.124Z</time></trkpt><trkpt lat="47.60826470" lon="19.14756230"><ele>157.72</ele><time>2025-10-20T13:47:13.325Z</time></trkpt><trkpt lat="47.60827070" lon="19.14757030"><ele>157.71</ele><time>2025-10-20T13:47:13.527Z</time></trkpt><trkpt lat="47.60827620" lon="19.14757720"><ele>157.69</ele><time>2025-10-20T13:47:13.708Z</time></trkpt><trkpt lat="47.60828290" lon="19.14758560"><ele>157.68</ele><time>2025-10-20T13:47:13.929Z</time></trkpt><trkpt lat="47.60828900" lon="19.14759320"><ele>157.67</ele><time>2025-10-20T13:47:14.130Z</time></trkpt><trkpt lat="47.60829530" lon="19.14760070"><ele>157.66</ele><time>2025-10-20T13:47:14.332Z</time></trkpt><trkpt lat="47.60830160" lon="19.14760790"><ele>157.65</ele><time>2025-10-20T13:47:14.532Z</time></trkpt><trkpt lat="47.60830790" lon="19.14761500"><ele>157.64</ele><time>2025-10-20T13:47:14.734Z</time></trkpt><trkpt lat="47.60831360" lon="19.14762130"><ele>157.62</ele><time>2025-10-20T13:47:14.917Z</time></trkpt><trkpt lat="47.60832010" lon="19.14762830"><ele>157.62</ele><time>2025-10-20T13:47:15.127Z</time></trkpt><trkpt lat="47.60832660" lon="19.14763500"><ele>157.61</ele><time>2025-10-20T13:47:15.331Z</time></trkpt><trkpt lat="47.60833310" lon="19.14764160"><ele>157.61</ele><time>2025-10-20T13:47:15.532Z</time></trkpt><trkpt lat="47.60833920" lon="19.14764740"><ele>157.61</ele><time>2025-10-20T13:47:15.714Z</time></trkpt><trkpt lat="47.60834600" lon="19.14765390"><ele>157.60</ele><time>2025-10-20T13:47:15.918Z</time></trkpt><trkpt lat="47.60835300" lon="19.14766030"><ele>157.60</ele><time>2025-10-20T13:47:16.123Z</time></trkpt><trkpt lat="47.60835990" lon="19.14766630"><ele>157.59</ele><time>2025-10-20T13:47:16.325Z</time></trkpt><trkpt lat="47.60836720" lon="19.14767250"><ele>157.58</ele><time>2025-10-20T13:47:16.528Z</time></trkpt><trkpt lat="47.60837430" lon="19.14767850"><ele>157.58</ele><time>2025-10-20T13:47:16.729Z</time></trkpt><trkpt lat="47.60838150" lon="19.14768450"><ele>157.58</ele><time>2025-10-20T13:47:16.930Z</time></trkpt><trkpt lat="47.60838880" lon="19.14769030"><ele>157.58</ele><time>2025-10-20T13:47:17.131Z</time></trkpt><trkpt lat="47.60839640" lon="19.14769600"><ele>157.58</ele><time>2025-10-20T13:47:17.337Z</time></trkpt><trkpt lat="47.60840320" lon="19.14770100"><ele>157.57</ele><time>2025-10-20T13:47:17.521Z</time></trkpt><trkpt lat="47.60841050" lon="19.14770620"><ele>157.57</ele><time>2025-10-20T13:47:17.724Z</time></trkpt><trkpt lat="47.60841790" lon="19.14771110"><ele>157.57</ele><time>2025-10-20T13:47:17.927Z</time></trkpt><trkpt lat="47.60842540" lon="19.14771600"><ele>157.56</ele><time>2025-10-20T13:47:18.127Z</time></trkpt><trkpt lat="47.60843220" lon="19.14772010"><ele>157.55</ele><time>2025-10-20T13:47:18.310Z</time></trkpt><trkpt lat="47.60843910" lon="19.14772410"><ele>157.53</ele><time>2025-10-20T13:47:18.491Z</time></trkpt><trkpt lat="47.60844750" lon="19.14772880"><ele>157.51</ele><time>2025-10-20T13:47:18.712Z</time></trkpt><trkpt lat="47.60845590" lon="19.14773330"><ele>157.50</ele><time>2025-10-20T13:47:18.933Z</time></trkpt><trkpt lat="47.60846360" lon="19.14773710"><ele>157.50</ele><time>2025-10-20T13:47:19.135Z</time></trkpt><trkpt lat="47.60847150" lon="19.14774060"><ele>157.49</ele><time>2025-10-20T13:47:19.336Z</time></trkpt><trkpt lat="47.60847890" lon="19.14774390"><ele>157.49</ele><time>2025-10-20T13:47:19.536Z</time></trkpt><trkpt lat="47.60848660" lon="19.14774710"><ele>157.49</ele><time>2025-10-20T13:47:19.737Z</time></trkpt><trkpt lat="47.60849450" lon="19.14775020"><ele>157.48</ele><time>2025-10-20T13:47:19.937Z</time></trkpt><trkpt lat="47.60850240" lon="19.14775310"><ele>157.47</ele><time>2025-10-20T13:47:20.139Z</time></trkpt><trkpt lat="47.60851060" lon="19.14775590"><ele>157.47</ele><time>2025-10-20T13:47:20.346Z</time></trkpt><trkpt lat="47.60851850" lon="19.14775850"><ele>157.47</ele><time>2025-10-20T13:47:20.549Z</time></trkpt><trkpt lat="47.60852630" lon="19.14776090"><ele>157.47</ele><time>2025-10-20T13:47:20.752Z</time></trkpt><trkpt lat="47.60853330" lon="19.14776290"><ele>157.47</ele><time>2025-10-20T13:47:20.936Z</time></trkpt><trkpt lat="47.60854120" lon="19.14776480"><ele>157.47</ele><time>2025-10-20T13:47:21.137Z</time></trkpt><trkpt lat="47.60854840" lon="19.14776640"><ele>157.47</ele><time>2025-10-20T13:47:21.319Z</time></trkpt><trkpt lat="47.60855720" lon="19.14776820"><ele>157.47</ele><time>2025-10-20T13:47:21.540Z</time></trkpt><trkpt lat="47.60856520" lon="19.14776950"><ele>157.47</ele><time>2025-10-20T13:47:21.743Z</time></trkpt><trkpt lat="47.60857320" lon="19.14777060"><ele>157.47</ele><time>2025-10-20T13:47:21.946Z</time></trkpt><trkpt lat="47.60858120" lon="19.14777150"><ele>157.47</ele><time>2025-10-20T13:47:22.147Z</time></trkpt><trkpt lat="47.60858920" lon="19.14777220"><ele>157.48</ele><time>2025-10-20T13:47:22.348Z</time></trkpt><trkpt lat="47.60859720" lon="19.14777280"><ele>157.47</ele><time>2025-10-20T13:47:22.549Z</time></trkpt><trkpt lat="47.60860490" lon="19.14777330"><ele>157.46</ele><time>2025-10-20T13:47:22.750Z</time></trkpt><trkpt lat="47.60861290" lon="19.14777360"><ele>157.45</ele><time>2025-10-20T13:47:22.951Z</time></trkpt><trkpt lat="47.60862030" lon="19.14777380"><ele>157.44</ele><time>2025-10-20T13:47:23.133Z</time></trkpt><trkpt lat="47.60862890" lon="19.14777370"><ele>157.45</ele><time>2025-10-20T13:47:23.339Z</time></trkpt><trkpt lat="47.60863730" lon="19.14777350"><ele>157.45</ele><time>2025-10-20T13:47:23.540Z</time></trkpt><trkpt lat="47.60864590" lon="19.14777300"><ele>157.45</ele><time>2025-10-20T13:47:23.741Z</time></trkpt><trkpt lat="47.60865530" lon="19.14777240"><ele>157.46</ele><time>2025-10-20T13:47:23.962Z</time></trkpt><trkpt lat="47.60866300" lon="19.14777160"><ele>157.46</ele><time>2025-10-20T13:47:24.142Z</time></trkpt><trkpt lat="47.60867180" lon="19.14777070"><ele>157.45</ele><time>2025-10-20T13:47:24.344Z</time></trkpt><trkpt lat="47.60868050" lon="19.14776960"><ele>157.45</ele><time>2025-10-20T13:47:24.545Z</time></trkpt><trkpt lat="47.60868910" lon="19.14776820"><ele>157.46</ele><time>2025-10-20T13:47:24.745Z</time></trkpt><trkpt lat="47.60869780" lon="19.14776670"><ele>157.47</ele><time>2025-10-20T13:47:24.946Z</time></trkpt><trkpt lat="47.60870630" lon="19.14776490"><ele>157.48</ele><time>2025-10-20T13:47:25.146Z</time></trkpt><trkpt lat="47.60871410" lon="19.14776310"><ele>157.49</ele><time>2025-10-20T13:47:25.341Z</time></trkpt><trkpt lat="47.60872080" lon="19.14776140"><ele>157.51</ele><time>2025-10-20T13:47:25.503Z</time></trkpt><trkpt lat="47.60873010" lon="19.14775880"><ele>157.52</ele><time>2025-10-20T13:47:25.727Z</time></trkpt><trkpt lat="47.60873940" lon="19.14775600"><ele>157.53</ele><time>2025-10-20T13:47:25.950Z</time></trkpt><trkpt lat="47.60874780" lon="19.14775330"><ele>157.55</ele><time>2025-10-20T13:47:26.153Z</time></trkpt><trkpt lat="47.60875570" lon="19.14775050"><ele>157.55</ele><time>2025-10-20T13:47:26.338Z</time></trkpt><trkpt lat="47.60876320" lon="19.14774770"><ele>157.55</ele><time>2025-10-20T13:47:26.519Z</time></trkpt><trkpt lat="47.60877230" lon="19.14774410"><ele>157.56</ele><time>2025-10-20T13:47:26.739Z</time></trkpt><trkpt lat="47.60878030" lon="19.14774080"><ele>157.56</ele><time>2025-10-20T13:47:26.940Z</time></trkpt><trkpt lat="47.60878890" lon="19.14773700"><ele>157.57</ele><time>2025-10-20T13:47:27.147Z</time></trkpt><trkpt lat="47.60879750" lon="19.14773290"><ele>157.58</ele><time>2025-10-20T13:47:27.352Z</time></trkpt><trkpt lat="47.60880600" lon="19.14772870"><ele>157.58</ele><time>2025-10-20T13:47:27.554Z</time></trkpt><trkpt lat="47.60881440" lon="19.14772450"><ele>157.59</ele><time>2025-10-20T13:47:27.755Z</time></trkpt><trkpt lat="47.60882280" lon="19.14772010"><ele>157.59</ele><time>2025-10-20T13:47:27.957Z</time></trkpt><trkpt lat="47.60883080" lon="19.14771570"><ele>157.59</ele><time>2025-10-20T13:47:28.156Z</time></trkpt><trkpt lat="47.60883900" lon="19.14771100"><ele>157.60</ele><time>2025-10-20T13:47:28.360Z</time></trkpt><trkpt lat="47.60884630" lon="19.14770670"><ele>157.60</ele><time>2025-10-20T13:47:28.541Z</time></trkpt><trkpt lat="47.60885420" lon="19.14770180"><ele>157.59</ele><time>2025-10-20T13:47:28.744Z</time></trkpt><trkpt lat="47.60886200" lon="19.14769690"><ele>157.60</ele><time>2025-10-20T13:47:28.944Z</time></trkpt><trkpt lat="47.60886990" lon="19.14769160"><ele>157.60</ele><time>2025-10-20T13:47:29.145Z</time></trkpt><trkpt lat="47.60887740" lon="19.14768650"><ele>157.60</ele><time>2025-10-20T13:47:29.335Z</time></trkpt><trkpt lat="47.60888610" lon="19.14768010"><ele>157.60</ele><time>2025-10-20T13:47:29.558Z</time></trkpt><trkpt lat="47.60889230" lon="19.14767530"><ele>157.60</ele><time>2025-10-20T13:47:29.721Z</time></trkpt><trkpt lat="47.60890060" lon="19.14766870"><ele>157.60</ele><time>2025-10-20T13:47:29.942Z</time></trkpt><trkpt lat="47.60890780" lon="19.14766260"><ele>157.60</ele><time>2025-10-20T13:47:30.143Z</time></trkpt><trkpt lat="47.60891610" lon="19.14765550"><ele>157.61</ele><time>2025-10-20T13:47:30.368Z</time></trkpt><trkpt lat="47.60892210" lon="19.14765010"><ele>157.61</ele><time>2025-10-20T13:47:30.530Z</time></trkpt><trkpt lat="47.60893080" lon="19.14764190"><ele>157.61</ele><time>2025-10-20T13:47:30.770Z</time></trkpt><trkpt lat="47.60893730" lon="19.14763550"><ele>157.61</ele><time>2025-10-20T13:47:30.952Z</time></trkpt><trkpt lat="47.60894430" lon="19.14762810"><ele>157.60</ele><time>2025-10-20T13:47:31.152Z</time></trkpt><trkpt lat="47.60895110" lon="19.14762080"><ele>157.61</ele><time>2025-10-20T13:47:31.353Z</time></trkpt><trkpt lat="47.60895800" lon="19.14761310"><ele>157.60</ele><time>2025-10-20T13:47:31.556Z</time></trkpt><trkpt lat="47.60896470" lon="19.14760550"><ele>157.61</ele><time>2025-10-20T13:47:31.758Z</time></trkpt><trkpt lat="47.60897130" lon="19.14759770"><ele>157.61</ele><time>2025-10-20T13:47:31.959Z</time></trkpt><trkpt lat="47.60897790" lon="19.14758970"><ele>157.61</ele><time>2025-10-20T13:47:32.160Z</time></trkpt><trkpt lat="47.60898400" lon="19.14758210"><ele>157.61</ele><time>2025-10-20T13:47:32.347Z</time></trkpt><trkpt lat="47.60899120" lon="19.14757270"><ele>157.61</ele><time>2025-10-20T13:47:32.570Z</time></trkpt><trkpt lat="47.60899560" lon="19.14756680"><ele>157.61</ele><time>2025-10-20T13:47:32.712Z</time></trkpt><trkpt lat="47.60900300" lon="19.14755670"><ele>157.61</ele><time>2025-10-20T13:47:32.954Z</time></trkpt><trkpt lat="47.60900920" lon="19.14754810"><ele>157.61</ele><time>2025-10-20T13:47:33.158Z</time></trkpt><trkpt lat="47.60901450" lon="19.14754040"><ele>157.61</ele><time>2025-10-20T13:47:33.338Z</time></trkpt><trkpt lat="47.60902170" lon="19.14752980"><ele>157.61</ele><time>2025-10-20T13:47:33.581Z</time></trkpt><trkpt lat="47.60902650" lon="19.14752260"><ele>157.61</ele><time>2025-10-20T13:47:33.742Z</time></trkpt><trkpt lat="47.60903280" lon="19.14751250"><ele>157.62</ele><time>2025-10-20T13:47:33.964Z</time></trkpt><trkpt lat="47.60903790" lon="19.14750420"><ele>157.63</ele><time>2025-10-20T13:47:34.144Z</time></trkpt><trkpt lat="47.60904400" lon="19.14749390"><ele>157.63</ele><time>2025-10-20T13:47:34.367Z</time></trkpt><trkpt lat="47.60904890" lon="19.14748550"><ele>157.63</ele><time>2025-10-20T13:47:34.548Z</time></trkpt><trkpt lat="47.60905400" lon="19.14747610"><ele>157.64</ele><time>2025-10-20T13:47:34.749Z</time></trkpt><trkpt lat="47.60905960" lon="19.14746570"><ele>157.65</ele><time>2025-10-20T13:47:34.969Z</time></trkpt><trkpt lat="47.60906460" lon="19.14745610"><ele>157.66</ele><time>2025-10-20T13:47:35.170Z</time></trkpt><trkpt lat="47.60906970" lon="19.14744580"><ele>157.67</ele><time>2025-10-20T13:47:35.381Z</time></trkpt><trkpt lat="47.60907400" lon="19.14743680"><ele>157.67</ele><time>2025-10-20T13:47:35.562Z</time></trkpt><trkpt lat="47.60907870" lon="19.14742690"><ele>157.67</ele><time>2025-10-20T13:47:35.763Z</time></trkpt><trkpt lat="47.60908320" lon="19.14741680"><ele>157.67</ele><time>2025-10-20T13:47:35.963Z</time></trkpt><trkpt lat="47.60908760" lon="19.14740650"><ele>157.68</ele><time>2025-10-20T13:47:36.165Z</time></trkpt><trkpt lat="47.60909200" lon="19.14739630"><ele>157.68</ele><time>2025-10-20T13:47:36.371Z</time></trkpt><trkpt lat="47.60909640" lon="19.14738560"><ele>157.69</ele><time>2025-10-20T13:47:36.573Z</time></trkpt><trkpt lat="47.60910070" lon="19.14737490"><ele>157.69</ele><time>2025-10-20T13:47:36.773Z</time></trkpt><trkpt lat="47.60910510" lon="19.14736380"><ele>157.69</ele><time>2025-10-20T13:47:36.976Z</time></trkpt><trkpt lat="47.60910940" lon="19.14735290"><ele>157.68</ele><time>2025-10-20T13:47:37.177Z</time></trkpt><trkpt lat="47.60911320" lon="19.14734270"><ele>157.68</ele><time>2025-10-20T13:47:37.362Z</time></trkpt><trkpt lat="47.60911750" lon="19.14733060"><ele>157.68</ele><time>2025-10-20T13:47:37.585Z</time></trkpt><trkpt lat="47.60912140" lon="19.14731930"><ele>157.67</ele><time>2025-10-20T13:47:37.786Z</time></trkpt><trkpt lat="47.60912490" lon="19.14730890"><ele>157.67</ele><time>2025-10-20T13:47:37.974Z</time></trkpt><trkpt lat="47.60912860" lon="19.14729720"><ele>157.67</ele><time>2025-10-20T13:47:38.178Z</time></trkpt><trkpt lat="47.60913210" lon="19.14728570"><ele>157.68</ele><time>2025-10-20T13:47:38.380Z</time></trkpt><trkpt lat="47.60913540" lon="19.14727420"><ele>157.68</ele><time>2025-10-20T13:47:38.581Z</time></trkpt><trkpt lat="47.60913800" lon="19.14726500"><ele>157.68</ele><time>2025-10-20T13:47:38.741Z</time></trkpt><trkpt lat="47.60914180" lon="19.14725120"><ele>157.69</ele><time>2025-10-20T13:47:38.984Z</time></trkpt><trkpt lat="47.60914470" lon="19.14724000"><ele>157.69</ele><time>2025-10-20T13:47:39.185Z</time></trkpt><trkpt lat="47.60914730" lon="19.14722940"><ele>157.69</ele><time>2025-10-20T13:47:39.377Z</time></trkpt><trkpt lat="47.60914990" lon="19.14721800"><ele>157.67</ele><time>2025-10-20T13:47:39.579Z</time></trkpt><trkpt lat="47.60915250" lon="19.14720650"><ele>157.67</ele><time>2025-10-20T13:47:39.781Z</time></trkpt><trkpt lat="47.60915480" lon="19.14719500"><ele>157.66</ele><time>2025-10-20T13:47:39.982Z</time></trkpt><trkpt lat="47.60915700" lon="19.14718380"><ele>157.66</ele><time>2025-10-20T13:47:40.182Z</time></trkpt><trkpt lat="47.60915900" lon="19.14717300"><ele>157.65</ele><time>2025-10-20T13:47:40.377Z</time></trkpt><trkpt lat="47.60916100" lon="19.14716100"><ele>157.65</ele><time>2025-10-20T13:47:40.589Z</time></trkpt><trkpt lat="47.60916280" lon="19.14714920"><ele>157.65</ele><time>2025-10-20T13:47:40.790Z</time></trkpt><trkpt lat="47.60916450" lon="19.14713780"><ele>157.64</ele><time>2025-10-20T13:47:40.992Z</time></trkpt><trkpt lat="47.60916600" lon="19.14712610"><ele>157.64</ele><time>2025-10-20T13:47:41.192Z</time></trkpt><trkpt lat="47.60916740" lon="19.14711430"><ele>157.63</ele><time>2025-10-20T13:47:41.395Z</time></trkpt><trkpt lat="47.60916860" lon="19.14710250"><ele>157.63</ele><time>2025-10-20T13:47:41.597Z</time></trkpt><trkpt lat="47.60916970" lon="19.14709050"><ele>157.62</ele><time>2025-10-20T13:47:41.800Z</time></trkpt><trkpt lat="47.60917070" lon="19.14707900"><ele>157.62</ele><time>2025-10-20T13:47:42.002Z</time></trkpt><trkpt lat="47.60917150" lon="19.14706820"><ele>157.61</ele><time>2025-10-20T13:47:42.185Z</time></trkpt><trkpt lat="47.60917220" lon="19.14705810"><ele>157.60</ele><time>2025-10-20T13:47:42.355Z</time></trkpt><trkpt lat="47.60917300" lon="19.14704490"><ele>157.60</ele><time>2025-10-20T13:47:42.579Z</time></trkpt><trkpt lat="47.60917370" lon="19.14703290"><ele>157.59</ele><time>2025-10-20T13:47:42.781Z</time></trkpt><trkpt lat="47.60917430" lon="19.14701970"><ele>157.58</ele><time>2025-10-20T13:47:43.001Z</time></trkpt><trkpt lat="47.60917480" lon="19.14700770"><ele>157.57</ele><time>2025-10-20T13:47:43.203Z</time></trkpt><trkpt lat="47.60917530" lon="19.14699570"><ele>157.56</ele><time>2025-10-20T13:47:43.409Z</time></trkpt><trkpt lat="47.60917560" lon="19.14698490"><ele>157.55</ele><time>2025-10-20T13:47:43.589Z</time></trkpt><trkpt lat="47.60917570" lon="19.14697290"><ele>157.54</ele><time>2025-10-20T13:47:43.790Z</time></trkpt><trkpt lat="47.60917580" lon="19.14695980"><ele>157.53</ele><time>2025-10-20T13:47:44.009Z</time></trkpt><trkpt lat="47.60917570" lon="19.14694860"><ele>157.52</ele><time>2025-10-20T13:47:44.198Z</time></trkpt><trkpt lat="47.60917560" lon="19.14693720"><ele>157.51</ele><time>2025-10-20T13:47:44.393Z</time></trkpt><trkpt lat="47.60917520" lon="19.14692560"><ele>157.50</ele><time>2025-10-20T13:47:44.594Z</time></trkpt><trkpt lat="47.60917490" lon="19.14691630"><ele>157.50</ele><time>2025-10-20T13:47:44.755Z</time></trkpt><trkpt lat="47.60917440" lon="19.14690360"><ele>157.49</ele><time>2025-10-20T13:47:44.977Z</time></trkpt><trkpt lat="47.60917370" lon="19.14689180"><ele>157.48</ele><time>2025-10-20T13:47:45.178Z</time></trkpt><trkpt lat="47.60917280" lon="19.14687950"><ele>157.46</ele><time>2025-10-20T13:47:45.386Z</time></trkpt><trkpt lat="47.60917180" lon="19.14686770"><ele>157.44</ele><time>2025-10-20T13:47:45.588Z</time></trkpt><trkpt lat="47.60917060" lon="19.14685560"><ele>157.43</ele><time>2025-10-20T13:47:45.791Z</time></trkpt><trkpt lat="47.60916940" lon="19.14684350"><ele>157.42</ele><time>2025-10-20T13:47:45.996Z</time></trkpt><trkpt lat="47.60916800" lon="19.14683210"><ele>157.41</ele><time>2025-10-20T13:47:46.196Z</time></trkpt><trkpt lat="47.60916660" lon="19.14682020"><ele>157.40</ele><time>2025-10-20T13:47:46.407Z</time></trkpt><trkpt lat="47.60916530" lon="19.14681060"><ele>157.39</ele><time>2025-10-20T13:47:46.567Z</time></trkpt><trkpt lat="47.60916330" lon="19.14679760"><ele>157.40</ele><time>2025-10-20T13:47:46.789Z</time></trkpt><trkpt lat="47.60916110" lon="19.14678450"><ele>157.40</ele><time>2025-10-20T13:47:47.011Z</time></trkpt><trkpt lat="47.60915920" lon="19.14677360"><ele>157.40</ele><time>2025-10-20T13:47:47.193Z</time></trkpt><trkpt lat="47.60915710" lon="19.14676140"><ele>157.39</ele><time>2025-10-20T13:47:47.401Z</time></trkpt><trkpt lat="47.60915470" lon="19.14674900"><ele>157.38</ele><time>2025-10-20T13:47:47.608Z</time></trkpt><trkpt lat="47.60915230" lon="19.14673780"><ele>157.37</ele><time>2025-10-20T13:47:47.794Z</time></trkpt><trkpt lat="47.60914960" lon="19.14672560"><ele>157.36</ele><time>2025-10-20T13:47:48.002Z</time></trkpt><trkpt lat="47.60914740" lon="19.14671610"><ele>157.37</ele><time>2025-10-20T13:47:48.164Z</time></trkpt><trkpt lat="47.60914430" lon="19.14670290"><ele>157.37</ele><time>2025-10-20T13:47:48.392Z</time></trkpt><trkpt lat="47.60914130" lon="19.14669110"><ele>157.36</ele><time>2025-10-20T13:47:48.593Z</time></trkpt><trkpt lat="47.60913830" lon="19.14667920"><ele>157.36</ele><time>2025-10-20T13:47:48.796Z</time></trkpt><trkpt lat="47.60913520" lon="19.14666760"><ele>157.35</ele><time>2025-10-20T13:47:48.998Z</time></trkpt><trkpt lat="47.60913180" lon="19.14665570"><ele>157.34</ele><time>2025-10-20T13:47:49.205Z</time></trkpt><trkpt lat="47.60912910" lon="19.14664620"><ele>157.33</ele><time>2025-10-20T13:47:49.371Z</time></trkpt><trkpt lat="47.60912570" lon="19.14663490"><ele>157.34</ele><time>2025-10-20T13:47:49.570Z</time></trkpt><trkpt lat="47.60912220" lon="19.14662370"><ele>157.34</ele><time>2025-10-20T13:47:49.771Z</time></trkpt><trkpt lat="47.60911820" lon="19.14661120"><ele>157.33</ele><time>2025-10-20T13:47:49.995Z</time></trkpt><trkpt lat="47.60911490" lon="19.14660130"><ele>157.34</ele><time>2025-10-20T13:47:50.175Z</time></trkpt><trkpt lat="47.60911090" lon="19.14659010"><ele>157.33</ele><time>2025-10-20T13:47:50.388Z</time></trkpt><trkpt lat="47.60910680" lon="19.14657930"><ele>157.32</ele><time>2025-10-20T13:47:50.591Z</time></trkpt><trkpt lat="47.60910270" lon="19.14656890"><ele>157.32</ele><time>2025-10-20T13:47:50.791Z</time></trkpt><trkpt lat="47.60909840" lon="19.14655830"><ele>157.31</ele><time>2025-10-20T13:47:50.992Z</time></trkpt><trkpt lat="47.60909390" lon="19.14654770"><ele>157.30</ele><time>2025-10-20T13:47:51.195Z</time></trkpt><trkpt lat="47.60908960" lon="19.14653800"><ele>157.30</ele><time>2025-10-20T13:47:51.376Z</time></trkpt><trkpt lat="47.60908420" lon="19.14652600"><ele>157.31</ele><time>2025-10-20T13:47:51.600Z</time></trkpt><trkpt lat="47.60907920" lon="19.14651530"><ele>157.30</ele><time>2025-10-20T13:47:51.800Z</time></trkpt><trkpt lat="47.60907420" lon="19.14650480"><ele>157.31</ele><time>2025-10-20T13:47:52.002Z</time></trkpt><trkpt lat="47.60906960" lon="19.14649530"><ele>157.32</ele><time>2025-10-20T13:47:52.203Z</time></trkpt><trkpt lat="47.60906560" lon="19.14648710"><ele>157.32</ele><time>2025-10-20T13:47:52.405Z</time></trkpt><trkpt lat="47.60906270" lon="19.14648140"><ele>157.31</ele><time>2025-10-20T13:47:52.586Z</time></trkpt><trkpt lat="47.60906050" lon="19.14647680"><ele>157.31</ele><time>2025-10-20T13:47:52.787Z</time></trkpt><trkpt lat="47.60905910" lon="19.14647390"><ele>157.30</ele><time>2025-10-20T13:47:52.989Z</time></trkpt><trkpt lat="47.60905820" lon="19.14647220"><ele>157.30</ele><time>2025-10-20T13:47:53.192Z</time></trkpt><trkpt lat="47.60905760" lon="19.14647150"><ele>157.30</ele><time>2025-10-20T13:47:53.416Z</time></trkpt><trkpt lat="47.60905730" lon="19.14647180"><ele>157.30</ele><time>2025-10-20T13:47:53.618Z</time></trkpt><trkpt lat="47.60905730" lon="19.14647270"><ele>157.30</ele><time>2025-10-20T13:47:53.818Z</time></trkpt><trkpt lat="47.60905740" lon="19.14647430"><ele>157.30</ele><time>2025-10-20T13:47:54.019Z</time></trkpt><trkpt lat="47.60905740" lon="19.14647690"><ele>157.30</ele><time>2025-10-20T13:47:54.220Z</time></trkpt><trkpt lat="47.60905680" lon="19.14648060"><ele>157.29</ele><time>2025-10-20T13:47:54.422Z</time></trkpt><trkpt lat="47.60905560" lon="19.14648530"><ele>157.28</ele><time>2025-10-20T13:47:54.623Z</time></trkpt><trkpt lat="47.60905340" lon="19.14649140"><ele>157.26</ele><time>2025-10-20T13:47:54.824Z</time></trkpt><trkpt lat="47.60905010" lon="19.14649900"><ele>157.26</ele><time>2025-10-20T13:47:55.024Z</time></trkpt><trkpt lat="47.60904600" lon="19.14650750"><ele>157.27</ele><time>2025-10-20T13:47:55.226Z</time></trkpt><trkpt lat="47.60904120" lon="19.14651680"><ele>157.29</ele><time>2025-10-20T13:47:55.428Z</time></trkpt><trkpt lat="47.60903630" lon="19.14652570"><ele>157.31</ele><time>2025-10-20T13:47:55.610Z</time></trkpt><trkpt lat="47.60902970" lon="19.14653700"><ele>157.33</ele><time>2025-10-20T13:47:55.835Z</time></trkpt><trkpt lat="47.60902340" lon="19.14654770"><ele>157.34</ele><time>2025-10-20T13:47:56.038Z</time></trkpt><trkpt lat="47.60901750" lon="19.14655720"><ele>157.35</ele><time>2025-10-20T13:47:56.220Z</time></trkpt><trkpt lat="47.60901010" lon="19.14656860"><ele>157.35</ele><time>2025-10-20T13:47:56.441Z</time></trkpt><trkpt lat="47.60900320" lon="19.14657890"><ele>157.35</ele><time>2025-10-20T13:47:56.642Z</time></trkpt><trkpt lat="47.60899620" lon="19.14658890"><ele>157.36</ele><time>2025-10-20T13:47:56.845Z</time></trkpt><trkpt lat="47.60898890" lon="19.14659880"><ele>157.36</ele><time>2025-10-20T13:47:57.049Z</time></trkpt><trkpt lat="47.60898280" lon="19.14660670"><ele>157.38</ele><time>2025-10-20T13:47:57.214Z</time></trkpt><trkpt lat="47.60897420" lon="19.14661710"><ele>157.37</ele><time>2025-10-20T13:47:57.444Z</time></trkpt><trkpt lat="47.60896670" lon="19.14662560"><ele>157.38</ele><time>2025-10-20T13:47:57.648Z</time></trkpt><trkpt lat="47.60895900" lon="19.14663360"><ele>157.40</ele><time>2025-10-20T13:47:57.847Z</time></trkpt><trkpt lat="47.60895130" lon="19.14664130"><ele>157.41</ele><time>2025-10-20T13:47:58.051Z</time></trkpt><trkpt lat="47.60894510" lon="19.14664710"><ele>157.41</ele><time>2025-10-20T13:47:58.214Z</time></trkpt><trkpt lat="47.60893740" lon="19.14665400"><ele>157.41</ele><time>2025-10-20T13:47:58.415Z</time></trkpt><trkpt lat="47.60892960" lon="19.14666080"><ele>157.40</ele><time>2025-10-20T13:47:58.620Z</time></trkpt><trkpt lat="47.60892130" lon="19.14666780"><ele>157.39</ele><time>2025-10-20T13:47:58.842Z</time></trkpt><trkpt lat="47.60891380" lon="19.14667400"><ele>157.39</ele><time>2025-10-20T13:47:59.044Z</time></trkpt><trkpt lat="47.60890630" lon="19.14668020"><ele>157.39</ele><time>2025-10-20T13:47:59.248Z</time></trkpt><trkpt lat="47.60889890" lon="19.14668650"><ele>157.40</ele><time>2025-10-20T13:47:59.450Z</time></trkpt><trkpt lat="47.60889210" lon="19.14669220"><ele>157.39</ele><time>2025-10-20T13:47:59.636Z</time></trkpt><trkpt lat="47.60888400" lon="19.14669890"><ele>157.38</ele><time>2025-10-20T13:47:59.859Z</time></trkpt><trkpt lat="47.60887770" lon="19.14670440"><ele>157.39</ele><time>2025-10-20T13:48:00.042Z</time></trkpt><trkpt lat="47.60887020" lon="19.14671110"><ele>157.37</ele><time>2025-10-20T13:48:00.262Z</time></trkpt><trkpt lat="47.60886410" lon="19.14671660"><ele>157.36</ele><time>2025-10-20T13:48:00.451Z</time></trkpt><trkpt lat="47.60885770" lon="19.14672240"><ele>157.35</ele><time>2025-10-20T13:48:00.653Z</time></trkpt><trkpt lat="47.60885130" lon="19.14672820"><ele>157.35</ele><time>2025-10-20T13:48:00.854Z</time></trkpt><trkpt lat="47.60884500" lon="19.14673370"><ele>157.35</ele><time>2025-10-20T13:48:01.055Z</time></trkpt><trkpt lat="47.60883870" lon="19.14673950"><ele>157.33</ele><time>2025-10-20T13:48:01.259Z</time></trkpt><trkpt lat="47.60883260" lon="19.14674520"><ele>157.31</ele><time>2025-10-20T13:48:01.459Z</time></trkpt><trkpt lat="47.60882770" lon="19.14674980"><ele>157.31</ele><time>2025-10-20T13:48:01.621Z</time></trkpt><trkpt lat="47.60882030" lon="19.14675670"><ele>157.31</ele><time>2025-10-20T13:48:01.862Z</time></trkpt><trkpt lat="47.60881410" lon="19.14676270"><ele>157.31</ele><time>2025-10-20T13:48:02.062Z</time></trkpt><trkpt lat="47.60880760" lon="19.14676890"><ele>157.31</ele><time>2025-10-20T13:48:02.266Z</time></trkpt><trkpt lat="47.60880150" lon="19.14677490"><ele>157.30</ele><time>2025-10-20T13:48:02.462Z</time></trkpt><trkpt lat="47.60879580" lon="19.14678070"><ele>157.31</ele><time>2025-10-20T13:48:02.642Z</time></trkpt><trkpt lat="47.60878870" lon="19.14678800"><ele>157.32</ele><time>2025-10-20T13:48:02.866Z</time></trkpt><trkpt lat="47.60878270" lon="19.14679410"><ele>157.32</ele><time>2025-10-20T13:48:03.047Z</time></trkpt><trkpt lat="47.60877710" lon="19.14679980"><ele>157.33</ele><time>2025-10-20T13:48:03.214Z</time></trkpt><trkpt lat="47.60876920" lon="19.14680790"><ele>157.35</ele><time>2025-10-20T13:48:03.454Z</time></trkpt><trkpt lat="47.60876290" lon="19.14681420"><ele>157.36</ele><time>2025-10-20T13:48:03.638Z</time></trkpt><trkpt lat="47.60875590" lon="19.14682130"><ele>157.37</ele><time>2025-10-20T13:48:03.838Z</time></trkpt><trkpt lat="47.60874810" lon="19.14682890"><ele>157.39</ele><time>2025-10-20T13:48:04.059Z</time></trkpt><trkpt lat="47.60874050" lon="19.14683640"><ele>157.40</ele><time>2025-10-20T13:48:04.274Z</time></trkpt><trkpt lat="47.60873410" lon="19.14684280"><ele>157.41</ele><time>2025-10-20T13:48:04.458Z</time></trkpt><trkpt lat="47.60872640" lon="19.14685040"><ele>157.41</ele><time>2025-10-20T13:48:04.680Z</time></trkpt><trkpt lat="47.60872010" lon="19.14685660"><ele>157.40</ele><time>2025-10-20T13:48:04.861Z</time></trkpt><trkpt lat="47.60871230" lon="19.14686420"><ele>157.40</ele><time>2025-10-20T13:48:05.081Z</time></trkpt><trkpt lat="47.60870660" lon="19.14686970"><ele>157.40</ele><time>2025-10-20T13:48:05.246Z</time></trkpt><trkpt lat="47.60869950" lon="19.14687660"><ele>157.41</ele><time>2025-10-20T13:48:05.451Z</time></trkpt><trkpt lat="47.60869190" lon="19.14688420"><ele>157.42</ele><time>2025-10-20T13:48:05.673Z</time></trkpt><trkpt lat="47.60868510" lon="19.14689150"><ele>157.45</ele><time>2025-10-20T13:48:05.875Z</time></trkpt><trkpt lat="47.60867880" lon="19.14689880"><ele>157.48</ele><time>2025-10-20T13:48:06.076Z</time></trkpt><trkpt lat="47.60867370" lon="19.14690500"><ele>157.51</ele><time>2025-10-20T13:48:06.259Z</time></trkpt><trkpt lat="47.60866850" lon="19.14691210"><ele>157.52</ele><time>2025-10-20T13:48:06.473Z</time></trkpt><trkpt lat="47.60866450" lon="19.14691790"><ele>157.52</ele><time>2025-10-20T13:48:06.654Z</time></trkpt><trkpt lat="47.60866010" lon="19.14692490"><ele>157.53</ele><time>2025-10-20T13:48:06.874Z</time></trkpt><trkpt lat="47.60865660" lon="19.14693100"><ele>157.55</ele><time>2025-10-20T13:48:07.075Z</time></trkpt><trkpt lat="47.60865350" lon="19.14693610"><ele>157.57</ele><time>2025-10-20T13:48:07.277Z</time></trkpt><trkpt lat="47.60865120" lon="19.14693980"><ele>157.61</ele><time>2025-10-20T13:48:07.460Z</time></trkpt><trkpt lat="47.60864910" lon="19.14694280"><ele>157.61</ele><time>2025-10-20T13:48:07.662Z</time></trkpt><trkpt lat="47.60864720" lon="19.14694510"><ele>157.53</ele><time>2025-10-20T13:48:07.864Z</time></trkpt><trkpt lat="47.60864540" lon="19.14694720"><ele>157.34</ele><time>2025-10-20T13:48:08.065Z</time></trkpt><trkpt lat="47.60864400" lon="19.14695000"><ele>157.11</ele><time>2025-10-20T13:48:08.267Z</time></trkpt><trkpt lat="47.60864290" lon="19.14695240"><ele>156.90</ele><time>2025-10-20T13:48:08.429Z</time></trkpt><trkpt lat="47.60864170" lon="19.14695610"><ele>156.62</ele><time>2025-10-20T13:48:08.660Z</time></trkpt><trkpt lat="47.60864090" lon="19.14695900"><ele>156.42</ele><time>2025-10-20T13:48:08.873Z</time></trkpt><trkpt lat="47.60864070" lon="19.14696040"><ele>156.25</ele><time>2025-10-20T13:48:09.074Z</time></trkpt><trkpt lat="47.60864110" lon="19.14696000"><ele>156.10</ele><time>2025-10-20T13:48:09.276Z</time></trkpt><trkpt lat="47.60864210" lon="19.14695810"><ele>155.96</ele><time>2025-10-20T13:48:09.476Z</time></trkpt><trkpt lat="47.60864340" lon="19.14695550"><ele>155.79</ele><time>2025-10-20T13:48:09.677Z</time></trkpt><trkpt lat="47.60864470" lon="19.14695280"><ele>155.55</ele><time>2025-10-20T13:48:09.877Z</time></trkpt><trkpt lat="47.60864570" lon="19.14695020"><ele>155.24</ele><time>2025-10-20T13:48:10.079Z</time></trkpt><trkpt lat="47.60864630" lon="19.14694790"><ele>154.92</ele><time>2025-10-20T13:48:10.286Z</time></trkpt><trkpt lat="47.60864650" lon="19.14694630"><ele>154.70</ele><time>2025-10-20T13:48:10.446Z</time></trkpt><trkpt lat="47.60864650" lon="19.14694420"><ele>154.36</ele><time>2025-10-20T13:48:10.690Z</time></trkpt><trkpt lat="47.60864620" lon="19.14694280"><ele>154.10</ele><time>2025-10-20T13:48:10.890Z</time></trkpt><trkpt lat="47.60864580" lon="19.14694180"><ele>153.85</ele><time>2025-10-20T13:48:11.091Z</time></trkpt><trkpt lat="47.60864520" lon="19.14694110"><ele>153.60</ele><time>2025-10-20T13:48:11.292Z</time></trkpt><trkpt lat="47.60864450" lon="19.14694070"><ele>153.37</ele><time>2025-10-20T13:48:11.478Z</time></trkpt><trkpt lat="47.60864380" lon="19.14694060"><ele>153.14</ele><time>2025-10-20T13:48:11.660Z</time></trkpt><trkpt lat="47.60864280" lon="19.14694060"><ele>152.85</ele><time>2025-10-20T13:48:11.881Z</time></trkpt><trkpt lat="47.60864200" lon="19.14694080"><ele>152.61</ele><time>2025-10-20T13:48:12.084Z</time></trkpt><trkpt lat="47.60864140" lon="19.14694100"><ele>152.40</ele><time>2025-10-20T13:48:12.251Z</time></trkpt><trkpt lat="47.60864080" lon="19.14694130"><ele>152.14</ele><time>2025-10-20T13:48:12.459Z</time></trkpt><trkpt lat="47.60864010" lon="19.14694160"><ele>151.86</ele><time>2025-10-20T13:48:12.680Z</time></trkpt><trkpt lat="47.60863950" lon="19.14694200"><ele>151.61</ele><time>2025-10-20T13:48:12.880Z</time></trkpt><trkpt lat="47.60863890" lon="19.14694240"><ele>151.37</ele><time>2025-10-20T13:48:13.085Z</time></trkpt><trkpt lat="47.60863840" lon="19.14694280"><ele>151.13</ele><time>2025-10-20T13:48:13.293Z</time></trkpt><trkpt lat="47.60863800" lon="19.14694310"><ele>150.89</ele><time>2025-10-20T13:48:13.495Z</time></trkpt><trkpt lat="47.60863760" lon="19.14694350"><ele>150.64</ele><time>2025-10-20T13:48:13.696Z</time></trkpt><trkpt lat="47.60863720" lon="19.14694380"><ele>150.40</ele><time>2025-10-20T13:48:13.897Z</time></trkpt><trkpt lat="47.60863690" lon="19.14694420"><ele>150.17</ele><time>2025-10-20T13:48:14.099Z</time></trkpt><trkpt lat="47.60863660" lon="19.14694440"><ele>149.95</ele><time>2025-10-20T13:48:14.293Z</time></trkpt><trkpt lat="47.60863610" lon="19.14694460"><ele>149.71</ele><time>2025-10-20T13:48:14.495Z</time></trkpt><trkpt lat="47.60863560" lon="19.14694480"><ele>149.46</ele><time>2025-10-20T13:48:14.699Z</time></trkpt><trkpt lat="47.60863510" lon="19.14694500"><ele>149.24</ele><time>2025-10-20T13:48:14.881Z</time></trkpt><trkpt lat="47.60863460" lon="19.14694520"><ele>149.00</ele><time>2025-10-20T13:48:15.102Z</time></trkpt><trkpt lat="47.60863420" lon="19.14694530"><ele>148.76</ele><time>2025-10-20T13:48:15.305Z</time></trkpt><trkpt lat="47.60863390" lon="19.14694550"><ele>148.52</ele><time>2025-10-20T13:48:15.505Z</time></trkpt><trkpt lat="47.60863360" lon="19.14694570"><ele>148.26</ele><time>2025-10-20T13:48:15.708Z</time></trkpt><trkpt lat="47.60863330" lon="19.14694580"><ele>148.00</ele><time>2025-10-20T13:48:15.909Z</time></trkpt><trkpt lat="47.60863310" lon="19.14694580"><ele>147.80</ele><time>2025-10-20T13:48:16.070Z</time></trkpt><trkpt lat="47.60863310" lon="19.14694570"><ele>147.46</ele><time>2025-10-20T13:48:16.316Z</time></trkpt><trkpt lat="47.60863320" lon="19.14694540"><ele>147.21</ele><time>2025-10-20T13:48:16.501Z</time></trkpt><trkpt lat="47.60863340" lon="19.14694520"><ele>146.97</ele><time>2025-10-20T13:48:16.703Z</time></trkpt><trkpt lat="47.60863370" lon="19.14694500"><ele>146.73</ele><time>2025-10-20T13:48:16.906Z</time></trkpt><trkpt lat="47.60863400" lon="19.14694470"><ele>146.49</ele><time>2025-10-20T13:48:17.107Z</time></trkpt><trkpt lat="47.60863430" lon="19.14694460"><ele>146.25</ele><time>2025-10-20T13:48:17.290Z</time></trkpt><trkpt lat="47.60863460" lon="19.14694450"><ele>145.98</ele><time>2025-10-20T13:48:17.513Z</time></trkpt><trkpt lat="47.60863490" lon="19.14694450"><ele>145.74</ele><time>2025-10-20T13:48:17.714Z</time></trkpt><trkpt lat="47.60863520" lon="19.14694450"><ele>145.52</ele><time>2025-10-20T13:48:17.899Z</time></trkpt><trkpt lat="47.60863540" lon="19.14694440"><ele>145.29</ele><time>2025-10-20T13:48:18.101Z</time></trkpt><trkpt lat="47.60863550" lon="19.14694440"><ele>145.04</ele><time>2025-10-20T13:48:18.310Z</time></trkpt><trkpt lat="47.60863560" lon="19.14694450"><ele>144.85</ele><time>2025-10-20T13:48:18.472Z</time></trkpt><trkpt lat="47.60863580" lon="19.14694480"><ele>144.58</ele><time>2025-10-20T13:48:18.714Z</time></trkpt><trkpt lat="47.60863590" lon="19.14694520"><ele>144.35</ele><time>2025-10-20T13:48:18.914Z</time></trkpt><trkpt lat="47.60863610" lon="19.14694550"><ele>144.14</ele><time>2025-10-20T13:48:19.114Z</time></trkpt><trkpt lat="47.60863630" lon="19.14694570"><ele>143.93</ele><time>2025-10-20T13:48:19.300Z</time></trkpt><trkpt lat="47.60863650" lon="19.14694590"><ele>143.69</ele><time>2025-10-20T13:48:19.483Z</time></trkpt><trkpt lat="47.60863660" lon="19.14694630"><ele>143.45</ele><time>2025-10-20T13:48:19.684Z</time></trkpt><trkpt lat="47.60863670" lon="19.14694660"><ele>143.22</ele><time>2025-10-20T13:48:19.886Z</time></trkpt><trkpt lat="47.60863680" lon="19.14694690"><ele>143.00</ele><time>2025-10-20T13:48:20.089Z</time></trkpt><trkpt lat="47.60863670" lon="19.14694720"><ele>142.77</ele><time>2025-10-20T13:48:20.292Z</time></trkpt><trkpt lat="47.60863650" lon="19.14694740"><ele>142.52</ele><time>2025-10-20T13:48:20.497Z</time></trkpt><trkpt lat="47.60863640" lon="19.14694760"><ele>142.28</ele><time>2025-10-20T13:48:20.699Z</time></trkpt><trkpt lat="47.60863650" lon="19.14694740"><ele>142.03</ele><time>2025-10-20T13:48:20.918Z</time></trkpt><trkpt lat="47.60863660" lon="19.14694710"><ele>141.86</ele><time>2025-10-20T13:48:21.080Z</time></trkpt><trkpt lat="47.60863680" lon="19.14694650"><ele>141.62</ele><time>2025-10-20T13:48:21.302Z</time></trkpt><trkpt lat="47.60863680" lon="19.14694600"><ele>141.39</ele><time>2025-10-20T13:48:21.511Z</time></trkpt><trkpt lat="47.60863680" lon="19.14694560"><ele>141.13</ele><time>2025-10-20T13:48:21.712Z</time></trkpt><trkpt lat="47.60863670" lon="19.14694530"><ele>140.88</ele><time>2025-10-20T13:48:21.913Z</time></trkpt><trkpt lat="47.60863660" lon="19.14694490"><ele>140.63</ele><time>2025-10-20T13:48:22.114Z</time></trkpt><trkpt lat="47.60863650" lon="19.14694460"><ele>140.39</ele><time>2025-10-20T13:48:22.309Z</time></trkpt><trkpt lat="47.60863650" lon="19.14694440"><ele>140.19</ele><time>2025-10-20T13:48:22.482Z</time></trkpt><trkpt lat="47.60863640" lon="19.14694440"><ele>139.95</ele><time>2025-10-20T13:48:22.702Z</time></trkpt><trkpt lat="47.60863640" lon="19.14694430"><ele>139.73</ele><time>2025-10-20T13:48:22.905Z</time></trkpt><trkpt lat="47.60863650" lon="19.14694410"><ele>139.51</ele><time>2025-10-20T13:48:23.107Z</time></trkpt><trkpt lat="47.60863670" lon="19.14694400"><ele>139.27</ele><time>2025-10-20T13:48:23.311Z</time></trkpt><trkpt lat="47.60863680" lon="19.14694390"><ele>139.02</ele><time>2025-10-20T13:48:23.511Z</time></trkpt><trkpt lat="47.60863690" lon="19.14694400"><ele>138.75</ele><time>2025-10-20T13:48:23.711Z</time></trkpt><trkpt lat="47.60863700" lon="19.14694420"><ele>138.51</ele><time>2025-10-20T13:48:23.913Z</time></trkpt><trkpt lat="47.60863710" lon="19.14694440"><ele>138.28</ele><time>2025-10-20T13:48:24.114Z</time></trkpt><trkpt lat="47.60863720" lon="19.14694460"><ele>138.08</ele><time>2025-10-20T13:48:24.297Z</time></trkpt><trkpt lat="47.60863720" lon="19.14694480"><ele>137.85</ele><time>2025-10-20T13:48:24.503Z</time></trkpt><trkpt lat="47.60863710" lon="19.14694510"><ele>137.65</ele><time>2025-10-20T13:48:24.705Z</time></trkpt><trkpt lat="47.60863700" lon="19.14694530"><ele>137.56</ele><time>2025-10-20T13:48:24.886Z</time></trkpt><trkpt lat="47.60863680" lon="19.14694530"><ele>137.47</ele><time>2025-10-20T13:48:25.109Z</time></trkpt><trkpt lat="47.60863650" lon="19.14694540"><ele>137.31</ele><time>2025-10-20T13:48:25.312Z</time></trkpt><trkpt lat="47.60863600" lon="19.14694560"><ele>137.13</ele><time>2025-10-20T13:48:25.516Z</time></trkpt><trkpt lat="47.60863560" lon="19.14694590"><ele>136.97</ele><time>2025-10-20T13:48:25.717Z</time></trkpt><trkpt lat="47.60863520" lon="19.14694630"><ele>136.81</ele><time>2025-10-20T13:48:25.919Z</time></trkpt><trkpt lat="47.60863490" lon="19.14694660"><ele>136.67</ele><time>2025-10-20T13:48:26.101Z</time></trkpt><trkpt lat="47.60863450" lon="19.14694710"><ele>136.56</ele><time>2025-10-20T13:48:26.305Z</time></trkpt><trkpt lat="47.60863440" lon="19.14694710"><ele>136.55</ele><time>2025-10-20T13:48:26.527Z</time></trkpt><trkpt lat="47.60863430" lon="19.14694670"><ele>136.57</ele><time>2025-10-20T13:48:26.710Z</time></trkpt><trkpt lat="47.60863440" lon="19.14694650"><ele>136.57</ele><time>2025-10-20T13:48:26.912Z</time></trkpt><trkpt lat="47.60863440" lon="19.14694640"><ele>136.58</ele><time>2025-10-20T13:48:27.114Z</time></trkpt><trkpt lat="47.60863440" lon="19.14694630"><ele>136.58</ele><time>2025-10-20T13:48:27.277Z</time></trkpt><trkpt lat="47.60863440" lon="19.14694620"><ele>136.58</ele><time>2025-10-20T13:48:27.521Z</time></trkpt><trkpt lat="47.60863440" lon="19.14694620"><ele>136.59</ele><time>2025-10-20T13:48:27.721Z</time></trkpt><trkpt lat="47.60863450" lon="19.14694620"><ele>136.59</ele><time>2025-10-20T13:48:27.922Z</time></trkpt><trkpt lat="47.60863450" lon="19.14694630"><ele>136.59</ele><time>2025-10-20T13:48:28.123Z</time></trkpt><trkpt lat="47.60863450" lon="19.14694630"><ele>136.60</ele><time>2025-10-20T13:48:28.324Z</time></trkpt><trkpt lat="47.60863460" lon="19.14694640"><ele>136.60</ele><time>2025-10-20T13:48:28.524Z</time></trkpt><trkpt lat="47.60863460" lon="19.14694640"><ele>136.60</ele><time>2025-10-20T13:48:28.725Z</time></trkpt><trkpt lat="47.60863470" lon="19.14694650"><ele>136.61</ele><time>2025-10-20T13:48:28.885Z</time></trkpt><trkpt lat="47.60863470" lon="19.14694650"><ele>136.61</ele><time>2025-10-20T13:48:28.885Z</time></trkpt><trkpt lat="47.60863470" lon="19.14694650"><ele>136.61</ele><time>2025-10-20T13:48:28.885Z</time></trkpt><trkpt lat="47.60863470" lon="19.14694650"><ele>136.61</ele><time>2025-10-20T13:48:28.885Z</time></trkpt><trkpt lat="47.60863470" lon="19.14694650"><ele>136.61</ele><time>2025-10-20T13:48:28.885Z</time></trkpt><trkpt lat="47.60863470" lon="19.14694650"><ele>136.61</ele><time>2025-10-20T13:48:28.885Z</time></trkpt><trkpt lat="47.60863470" lon="19.14694650"><ele>136.61</ele><time>2025-10-20T13:48:28.885Z</time></trkpt><trkpt lat="47.60863470" lon="19.14694650"><ele>136.61</ele><time>2025-10-20T13:48:28.885Z</time></trkpt><trkpt lat="47.60863470" lon="19.14694650"><ele>136.61</ele><time>2025-10-20T13:48:28.885Z</time></trkpt><trkpt lat="47.60863470" lon="19.14694660"><ele>136.61</ele><time>2025-10-20T13:48:30.752Z</time></trkpt><trkpt lat="47.60863470" lon="19.14694660"><ele>136.60</ele><time>2025-10-20T13:48:30.952Z</time></trkpt><trkpt lat="47.60863490" lon="19.14694670"><ele>136.59</ele><time>2025-10-20T13:48:31.152Z</time></trkpt><trkpt lat="47.60863510" lon="19.14694670"><ele>136.56</ele><time>2025-10-20T13:48:31.353Z</time></trkpt><trkpt lat="47.60863540" lon="19.14694670"><ele>136.53</ele><time>2025-10-20T13:48:31.553Z</time></trkpt><trkpt lat="47.60863550" lon="19.14694680"><ele>136.51</ele><time>2025-10-20T13:48:31.753Z</time></trkpt><trkpt lat="47.60863520" lon="19.14694690"><ele>136.51</ele><time>2025-10-20T13:48:31.954Z</time></trkpt><trkpt lat="47.60863490" lon="19.14694700"><ele>136.51</ele><time>2025-10-20T13:48:32.154Z</time></trkpt><trkpt lat="47.60863460" lon="19.14694710"><ele>136.52</ele><time>2025-10-20T13:48:32.357Z</time></trkpt><trkpt lat="47.60863440" lon="19.14694710"><ele>136.54</ele><time>2025-10-20T13:48:32.558Z</time></trkpt><trkpt lat="47.60863430" lon="19.14694710"><ele>136.56</ele><time>2025-10-20T13:48:32.759Z</time></trkpt><trkpt lat="47.60863420" lon="19.14694710"><ele>136.58</ele><time>2025-10-20T13:48:32.959Z</time></trkpt><trkpt lat="47.60863410" lon="19.14694710"><ele>136.60</ele><time>2025-10-20T13:48:33.159Z</time></trkpt><trkpt lat="47.60863410" lon="19.14694700"><ele>136.61</ele><time>2025-10-20T13:48:33.360Z</time></trkpt><trkpt lat="47.60863410" lon="19.14694700"><ele>136.63</ele><time>2025-10-20T13:48:33.560Z</time></trkpt><trkpt lat="47.60863400" lon="19.14694690"><ele>136.64</ele><time>2025-10-20T13:48:33.761Z</time></trkpt><trkpt lat="47.60863390" lon="19.14694690"><ele>136.66</ele><time>2025-10-20T13:48:33.960Z</time></trkpt><trkpt lat="47.60863390" lon="19.14694690"><ele>136.67</ele><time>2025-10-20T13:48:34.160Z</time></trkpt><trkpt lat="47.60863390" lon="19.14694690"><ele>136.69</ele><time>2025-10-20T13:48:34.365Z</time></trkpt><trkpt lat="47.60863390" lon="19.14694690"><ele>136.70</ele><time>2025-10-20T13:48:34.565Z</time></trkpt><trkpt lat="47.60863390" lon="19.14694690"><ele>136.72</ele><time>2025-10-20T13:48:34.765Z</time></trkpt><trkpt lat="47.60863380" lon="19.14694690"><ele>136.74</ele><time>2025-10-20T13:48:34.965Z</time></trkpt><trkpt lat="47.60863380" lon="19.14694690"><ele>136.75</ele><time>2025-10-20T13:48:35.165Z</time></trkpt><trkpt lat="47.60863380" lon="19.14694700"><ele>136.76</ele><time>2025-10-20T13:48:35.366Z</time></trkpt><trkpt lat="47.60863370" lon="19.14694690"><ele>136.78</ele><time>2025-10-20T13:48:35.566Z</time></trkpt><trkpt lat="47.60863370" lon="19.14694690"><ele>136.79</ele><time>2025-10-20T13:48:35.766Z</time></trkpt><trkpt lat="47.60863360" lon="19.14694690"><ele>136.80</ele><time>2025-10-20T13:48:35.966Z</time></trkpt><trkpt lat="47.60863360" lon="19.14694680"><ele>136.81</ele><time>2025-10-20T13:48:36.166Z</time></trkpt><trkpt lat="47.60863360" lon="19.14694680"><ele>136.81</ele><time>2025-10-20T13:48:36.366Z</time></trkpt><trkpt lat="47.60863360" lon="19.14694690"><ele>136.83</ele><time>2025-10-20T13:48:36.567Z</time></trkpt><trkpt lat="47.60863370" lon="19.14694690"><ele>136.83</ele><time>2025-10-20T13:48:36.767Z</time></trkpt><trkpt lat="47.60863370" lon="19.14694680"><ele>136.84</ele><time>2025-10-20T13:48:36.967Z</time></trkpt><trkpt lat="47.60863370" lon="19.14694680"><ele>136.84</ele><time>2025-10-20T13:48:37.166Z</time></trkpt><trkpt lat="47.60863370" lon="19.14694680"><ele>136.85</ele><time>2025-10-20T13:48:37.369Z</time></trkpt><trkpt lat="47.60863370" lon="19.14694670"><ele>136.85</ele><time>2025-10-20T13:48:37.569Z</time></trkpt><trkpt lat="47.60863360" lon="19.14694670"><ele>136.85</ele><time>2025-10-20T13:48:37.770Z</time></trkpt><trkpt lat="47.60863360" lon="19.14694670"><ele>136.86</ele><time>2025-10-20T13:48:37.971Z</time></trkpt><trkpt lat="47.60863350" lon="19.14694670"><ele>136.87</ele><time>2025-10-20T13:48:38.171Z</time></trkpt><trkpt lat="47.60863350" lon="19.14694670"><ele>136.87</ele><time>2025-10-20T13:48:38.373Z</time></trkpt><trkpt lat="47.60863350" lon="19.14694660"><ele>136.88</ele><time>2025-10-20T13:48:38.573Z</time></trkpt><trkpt lat="47.60863360" lon="19.14694670"><ele>136.89</ele><time>2025-10-20T13:48:38.794Z</time></trkpt><trkpt lat="47.60863360" lon="19.14694670"><ele>136.90</ele><time>2025-10-20T13:48:38.974Z</time></trkpt><trkpt lat="47.60863350" lon="19.14694670"><ele>136.91</ele><time>2025-10-20T13:48:39.176Z</time></trkpt><trkpt lat="47.60863350" lon="19.14694670"><ele>136.91</ele><time>2025-10-20T13:48:39.376Z</time></trkpt><trkpt lat="47.60863360" lon="19.14694680"><ele>136.92</ele><time>2025-10-20T13:48:39.576Z</time></trkpt><trkpt lat="47.60863360" lon="19.14694680"><ele>136.92</ele><time>2025-10-20T13:48:39.776Z</time></trkpt><trkpt lat="47.60863360" lon="19.14694680"><ele>136.93</ele><time>2025-10-20T13:48:39.978Z</time></trkpt><trkpt lat="47.60863360" lon="19.14694680"><ele>136.94</ele><time>2025-10-20T13:48:40.178Z</time></trkpt><trkpt lat="47.60863350" lon="19.14694690"><ele>136.94</ele><time>2025-10-20T13:48:40.345Z</time></trkpt><trkpt lat="47.60863350" lon="19.14694690"><ele>136.95</ele><time>2025-10-20T13:48:40.587Z</time></trkpt><trkpt lat="47.60863350" lon="19.14694680"><ele>136.95</ele><time>2025-10-20T13:48:40.769Z</time></trkpt><trkpt lat="47.60863350" lon="19.14694680"><ele>136.96</ele><time>2025-10-20T13:48:40.971Z</time></trkpt><trkpt lat="47.60863360" lon="19.14694680"><ele>136.96</ele><time>2025-10-20T13:48:41.172Z</time></trkpt><trkpt lat="47.60863360" lon="19.14694680"><ele>136.96</ele><time>2025-10-20T13:48:41.372Z</time></trkpt><trkpt lat="47.60863360" lon="19.14694680"><ele>136.97</ele><time>2025-10-20T13:48:41.573Z</time></trkpt><trkpt lat="47.60863360" lon="19.14694670"><ele>136.97</ele><time>2025-10-20T13:48:41.773Z</time></trkpt><trkpt lat="47.60863360" lon="19.14694670"><ele>136.97</ele><time>2025-10-20T13:48:41.973Z</time></trkpt><trkpt lat="47.60863360" lon="19.14694660"><ele>136.97</ele><time>2025-10-20T13:48:42.173Z</time></trkpt><trkpt lat="47.60863360" lon="19.14694660"><ele>136.98</ele><time>2025-10-20T13:48:42.373Z</time></trkpt><trkpt lat="47.60863360" lon="19.14694670"><ele>136.98</ele><time>2025-10-20T13:48:42.573Z</time></trkpt><trkpt lat="47.60863350" lon="19.14694670"><ele>136.98</ele><time>2025-10-20T13:48:42.794Z</time></trkpt><trkpt lat="47.60863350" lon="19.14694670"><ele>136.98</ele><time>2025-10-20T13:48:42.994Z</time></trkpt><trkpt lat="47.60863350" lon="19.14694680"><ele>136.99</ele><time>2025-10-20T13:48:43.175Z</time></trkpt><trkpt lat="47.60863350" lon="19.14694680"><ele>137.00</ele><time>2025-10-20T13:48:43.375Z</time></trkpt><trkpt lat="47.60863350" lon="19.14694690"><ele>137.00</ele><time>2025-10-20T13:48:43.576Z</time></trkpt><trkpt lat="47.60863350" lon="19.14694690"><ele>137.01</ele><time>2025-10-20T13:48:43.776Z</time></trkpt><trkpt lat="47.60863350" lon="19.14694690"><ele>137.01</ele><time>2025-10-20T13:48:43.978Z</time></trkpt><trkpt lat="47.60863350" lon="19.14694700"><ele>137.02</ele><time>2025-10-20T13:48:44.179Z</time></trkpt><trkpt lat="47.60863350" lon="19.14694700"><ele>137.02</ele><time>2025-10-20T13:48:44.380Z</time></trkpt><trkpt lat="47.60863350" lon="19.14694690"><ele>137.02</ele><time>2025-10-20T13:48:44.581Z</time></trkpt><trkpt lat="47.60863360" lon="19.14694690"><ele>137.02</ele><time>2025-10-20T13:48:44.782Z</time></trkpt><trkpt lat="47.60863360" lon="19.14694690"><ele>137.02</ele><time>2025-10-20T13:48:44.983Z</time></trkpt><trkpt lat="47.60863360" lon="19.14694690"><ele>137.03</ele><time>2025-10-20T13:48:45.183Z</time></trkpt><trkpt lat="47.60863360" lon="19.14694690"><ele>137.03</ele><time>2025-10-20T13:48:45.385Z</time></trkpt><trkpt lat="47.60863360" lon="19.14694680"><ele>137.03</ele><time>2025-10-20T13:48:45.586Z</time></trkpt><trkpt lat="47.60863360" lon="19.14694680"><ele>137.03</ele><time>2025-10-20T13:48:45.786Z</time></trkpt><trkpt lat="47.60863350" lon="19.14694680"><ele>137.03</ele><time>2025-10-20T13:48:45.989Z</time></trkpt><trkpt lat="47.60863350" lon="19.14694680"><ele>137.04</ele><time>2025-10-20T13:48:46.193Z</time></trkpt><trkpt lat="47.60863360" lon="19.14694680"><ele>137.04</ele><time>2025-10-20T13:48:46.376Z</time></trkpt><trkpt lat="47.60863360" lon="19.14694680"><ele>137.05</ele><time>2025-10-20T13:48:46.575Z</time></trkpt><trkpt lat="47.60863370" lon="19.14694680"><ele>137.05</ele><time>2025-10-20T13:48:46.775Z</time></trkpt><trkpt lat="47.60863370" lon="19.14694680"><ele>137.05</ele><time>2025-10-20T13:48:46.975Z</time></trkpt><trkpt lat="47.60863360" lon="19.14694670"><ele>137.06</ele><time>2025-10-20T13:48:47.176Z</time></trkpt><trkpt lat="47.60863360" lon="19.14694670"><ele>137.06</ele><time>2025-10-20T13:48:47.376Z</time></trkpt><trkpt lat="47.60863360" lon="19.14694680"><ele>137.06</ele><time>2025-10-20T13:48:47.596Z</time></trkpt><trkpt lat="47.60863360" lon="19.14694680"><ele>137.07</ele><time>2025-10-20T13:48:47.777Z</time></trkpt><trkpt lat="47.60863370" lon="19.14694690"><ele>137.07</ele><time>2025-10-20T13:48:47.996Z</time></trkpt><trkpt lat="47.60863370" lon="19.14694690"><ele>137.07</ele><time>2025-10-20T13:48:48.177Z</time></trkpt><trkpt lat="47.60863370" lon="19.14694690"><ele>137.08</ele><time>2025-10-20T13:48:48.404Z</time></trkpt><trkpt lat="47.60863370" lon="19.14694690"><ele>137.07</ele><time>2025-10-20T13:48:48.585Z</time></trkpt><trkpt lat="47.60863370" lon="19.14694690"><ele>137.08</ele><time>2025-10-20T13:48:48.788Z</time></trkpt><trkpt lat="47.60863370" lon="19.14694690"><ele>137.08</ele><time>2025-10-20T13:48:48.988Z</time></trkpt><trkpt lat="47.60863370" lon="19.14694690"><ele>137.08</ele><time>2025-10-20T13:48:49.188Z</time></trkpt><trkpt lat="47.60863370" lon="19.14694690"><ele>137.08</ele><time>2025-10-20T13:48:49.389Z</time></trkpt><trkpt lat="47.60863370" lon="19.14694690"><ele>137.08</ele><time>2025-10-20T13:48:49.589Z</time></trkpt><trkpt lat="47.60863370" lon="19.14694690"><ele>137.09</ele><time>2025-10-20T13:48:49.791Z</time></trkpt><trkpt lat="47.60863380" lon="19.14694690"><ele>137.09</ele><time>2025-10-20T13:48:49.991Z</time></trkpt><trkpt lat="47.60863380" lon="19.14694690"><ele>137.09</ele><time>2025-10-20T13:48:50.192Z</time></trkpt><trkpt lat="47.60863380" lon="19.14694680"><ele>137.09</ele><time>2025-10-20T13:48:50.396Z</time></trkpt><trkpt lat="47.60863380" lon="19.14694680"><ele>137.09</ele><time>2025-10-20T13:48:50.596Z</time></trkpt><trkpt lat="47.60863370" lon="19.14694670"><ele>137.09</ele><time>2025-10-20T13:48:50.799Z</time></trkpt><trkpt lat="47.60863370" lon="19.14694670"><ele>137.09</ele><time>2025-10-20T13:48:50.999Z</time></trkpt><trkpt lat="47.60863360" lon="19.14694670"><ele>137.09</ele><time>2025-10-20T13:48:51.199Z</time></trkpt><trkpt lat="47.60863360" lon="19.14694660"><ele>137.09</ele><time>2025-10-20T13:48:51.382Z</time></trkpt><trkpt lat="47.60863360" lon="19.14694660"><ele>137.09</ele><time>2025-10-20T13:48:51.582Z</time></trkpt><trkpt lat="47.60863350" lon="19.14694660"><ele>137.09</ele><time>2025-10-20T13:48:51.782Z</time></trkpt><trkpt lat="47.60863350" lon="19.14694660"><ele>137.08</ele><time>2025-10-20T13:48:51.982Z</time></trkpt><trkpt lat="47.60863350" lon="19.14694660"><ele>137.09</ele><time>2025-10-20T13:48:52.182Z</time></trkpt><trkpt lat="47.60863340" lon="19.14694670"><ele>137.09</ele><time>2025-10-20T13:48:52.386Z</time></trkpt><trkpt lat="47.60863340" lon="19.14694680"><ele>137.09</ele><time>2025-10-20T13:48:52.585Z</time></trkpt><trkpt lat="47.60863340" lon="19.14694680"><ele>137.09</ele><time>2025-10-20T13:48:52.786Z</time></trkpt><trkpt lat="47.60863340" lon="19.14694690"><ele>137.10</ele><time>2025-10-20T13:48:52.986Z</time></trkpt><trkpt lat="47.60863340" lon="19.14694690"><ele>137.10</ele><time>2025-10-20T13:48:53.187Z</time></trkpt><trkpt lat="47.60863340" lon="19.14694690"><ele>137.11</ele><time>2025-10-20T13:48:53.389Z</time></trkpt><trkpt lat="47.60863330" lon="19.14694690"><ele>137.11</ele><time>2025-10-20T13:48:53.591Z</time></trkpt><trkpt lat="47.60863340" lon="19.14694700"><ele>137.11</ele><time>2025-10-20T13:48:53.792Z</time></trkpt><trkpt lat="47.60863340" lon="19.14694700"><ele>137.11</ele><time>2025-10-20T13:48:53.993Z</time></trkpt><trkpt lat="47.60863340" lon="19.14694700"><ele>137.11</ele><time>2025-10-20T13:48:54.193Z</time></trkpt><trkpt lat="47.60863330" lon="19.14694700"><ele>137.12</ele><time>2025-10-20T13:48:54.394Z</time></trkpt><trkpt lat="47.60863330" lon="19.14694690"><ele>137.12</ele><time>2025-10-20T13:48:54.594Z</time></trkpt><trkpt lat="47.60863330" lon="19.14694690"><ele>137.12</ele><time>2025-10-20T13:48:54.795Z</time></trkpt><trkpt lat="47.60863330" lon="19.14694690"><ele>137.12</ele><time>2025-10-20T13:48:54.995Z</time></trkpt><trkpt lat="47.60863330" lon="19.14694690"><ele>137.12</ele><time>2025-10-20T13:48:55.196Z</time></trkpt><trkpt lat="47.60863330" lon="19.14694690"><ele>137.12</ele><time>2025-10-20T13:48:55.397Z</time></trkpt><trkpt lat="47.60863330" lon="19.14694690"><ele>137.12</ele><time>2025-10-20T13:48:55.597Z</time></trkpt><trkpt lat="47.60863330" lon="19.14694690"><ele>137.13</ele><time>2025-10-20T13:48:55.798Z</time></trkpt><trkpt lat="47.60863330" lon="19.14694690"><ele>137.13</ele><time>2025-10-20T13:48:55.999Z</time></trkpt><trkpt lat="47.60863330" lon="19.14694690"><ele>137.13</ele><time>2025-10-20T13:48:56.200Z</time></trkpt><trkpt lat="47.60863330" lon="19.14694680"><ele>137.13</ele><time>2025-10-20T13:48:56.401Z</time></trkpt><trkpt lat="47.60863330" lon="19.14694680"><ele>137.14</ele><time>2025-10-20T13:48:56.602Z</time></trkpt><trkpt lat="47.60863330" lon="19.14694680"><ele>137.14</ele><time>2025-10-20T13:48:56.803Z</time></trkpt><trkpt lat="47.60863340" lon="19.14694680"><ele>137.14</ele><time>2025-10-20T13:48:57.003Z</time></trkpt><trkpt lat="47.60863340" lon="19.14694680"><ele>137.15</ele><time>2025-10-20T13:48:57.183Z</time></trkpt><trkpt lat="47.60863340" lon="19.14694680"><ele>137.15</ele><time>2025-10-20T13:48:57.404Z</time></trkpt><trkpt lat="47.60863340" lon="19.14694670"><ele>137.15</ele><time>2025-10-20T13:48:57.604Z</time></trkpt><trkpt lat="47.60863330" lon="19.14694670"><ele>137.16</ele><time>2025-10-20T13:48:57.805Z</time></trkpt><trkpt lat="47.60863330" lon="19.14694670"><ele>137.16</ele><time>2025-10-20T13:48:58.005Z</time></trkpt><trkpt lat="47.60863330" lon="19.14694670"><ele>137.17</ele><time>2025-10-20T13:48:58.205Z</time></trkpt><trkpt lat="47.60863330" lon="19.14694670"><ele>137.17</ele><time>2025-10-20T13:48:58.406Z</time></trkpt><trkpt lat="47.60863330" lon="19.14694670"><ele>137.18</ele><time>2025-10-20T13:48:58.606Z</time></trkpt><trkpt lat="47.60863330" lon="19.14694670"><ele>137.18</ele><time>2025-10-20T13:48:58.806Z</time></trkpt><trkpt lat="47.60863330" lon="19.14694670"><ele>137.18</ele><time>2025-10-20T13:48:59.007Z</time></trkpt><trkpt lat="47.60863330" lon="19.14694660"><ele>137.19</ele><time>2025-10-20T13:48:59.207Z</time></trkpt><trkpt lat="47.60863330" lon="19.14694660"><ele>137.19</ele><time>2025-10-20T13:48:59.409Z</time></trkpt><trkpt lat="47.60863330" lon="19.14694660"><ele>137.19</ele><time>2025-10-20T13:48:59.609Z</time></trkpt><trkpt lat="47.60863340" lon="19.14694660"><ele>137.20</ele><time>2025-10-20T13:48:59.810Z</time></trkpt><trkpt lat="47.60863340" lon="19.14694660"><ele>137.20</ele><time>2025-10-20T13:49:00.011Z</time></trkpt><trkpt lat="47.60863350" lon="19.14694660"><ele>137.20</ele><time>2025-10-20T13:49:00.214Z</time></trkpt><trkpt lat="47.60863340" lon="19.14694670"><ele>137.20</ele><time>2025-10-20T13:49:00.415Z</time></trkpt><trkpt lat="47.60863340" lon="19.14694660"><ele>137.20</ele><time>2025-10-20T13:49:00.616Z</time></trkpt><trkpt lat="47.60863340" lon="19.14694660"><ele>137.20</ele><time>2025-10-20T13:49:00.817Z</time></trkpt><trkpt lat="47.60863330" lon="19.14694660"><ele>137.20</ele><time>2025-10-20T13:49:01.018Z</time></trkpt><trkpt lat="47.60863330" lon="19.14694660"><ele>137.20</ele><time>2025-10-20T13:49:01.219Z</time></trkpt><trkpt lat="47.60863330" lon="19.14694660"><ele>137.21</ele><time>2025-10-20T13:49:01.424Z</time></trkpt><trkpt lat="47.60863330" lon="19.14694660"><ele>137.21</ele><time>2025-10-20T13:49:01.626Z</time></trkpt><trkpt lat="47.60863330" lon="19.14694660"><ele>137.21</ele><time>2025-10-20T13:49:01.826Z</time></trkpt><trkpt lat="47.60863330" lon="19.14694670"><ele>137.22</ele><time>2025-10-20T13:49:02.026Z</time></trkpt><trkpt lat="47.60863330" lon="19.14694670"><ele>137.22</ele><time>2025-10-20T13:49:02.226Z</time></trkpt><trkpt lat="47.60863330" lon="19.14694670"><ele>137.23</ele><time>2025-10-20T13:49:02.429Z</time></trkpt><trkpt lat="47.60863330" lon="19.14694670"><ele>137.23</ele><time>2025-10-20T13:49:02.629Z</time></trkpt><trkpt lat="47.60863320" lon="19.14694670"><ele>137.23</ele><time>2025-10-20T13:49:02.829Z</time></trkpt><trkpt lat="47.60863320" lon="19.14694670"><ele>137.23</ele><time>2025-10-20T13:49:03.030Z</time></trkpt><trkpt lat="47.60863320" lon="19.14694670"><ele>137.22</ele><time>2025-10-20T13:49:03.230Z</time></trkpt><trkpt lat="47.60863320" lon="19.14694670"><ele>137.22</ele><time>2025-10-20T13:49:03.432Z</time></trkpt><trkpt lat="47.60863320" lon="19.14694660"><ele>137.22</ele><time>2025-10-20T13:49:03.634Z</time></trkpt><trkpt lat="47.60863320" lon="19.14694660"><ele>137.22</ele><time>2025-10-20T13:49:03.834Z</time></trkpt><trkpt lat="47.60863320" lon="19.14694660"><ele>137.22</ele><time>2025-10-20T13:49:04.036Z</time></trkpt><trkpt lat="47.60863320" lon="19.14694660"><ele>137.22</ele><time>2025-10-20T13:49:04.216Z</time></trkpt><trkpt lat="47.60863330" lon="19.14694660"><ele>137.23</ele><time>2025-10-20T13:49:04.439Z</time></trkpt><trkpt lat="47.60863330" lon="19.14694660"><ele>137.24</ele><time>2025-10-20T13:49:04.620Z</time></trkpt><trkpt lat="47.60863340" lon="19.14694660"><ele>137.24</ele><time>2025-10-20T13:49:04.821Z</time></trkpt><trkpt lat="47.60863330" lon="19.14694660"><ele>137.24</ele><time>2025-10-20T13:49:05.025Z</time></trkpt><trkpt lat="47.60863330" lon="19.14694660"><ele>137.25</ele><time>2025-10-20T13:49:05.225Z</time></trkpt><trkpt lat="47.60863340" lon="19.14694670"><ele>137.26</ele><time>2025-10-20T13:49:05.427Z</time></trkpt><trkpt lat="47.60863340" lon="19.14694670"><ele>137.26</ele><time>2025-10-20T13:49:05.628Z</time></trkpt><trkpt lat="47.60863340" lon="19.14694680"><ele>137.27</ele><time>2025-10-20T13:49:05.829Z</time></trkpt><trkpt lat="47.60863340" lon="19.14694690"><ele>137.27</ele><time>2025-10-20T13:49:06.029Z</time></trkpt><trkpt lat="47.60863340" lon="19.14694690"><ele>137.28</ele><time>2025-10-20T13:49:06.229Z</time></trkpt><trkpt lat="47.60863340" lon="19.14694700"><ele>137.28</ele><time>2025-10-20T13:49:06.432Z</time></trkpt><trkpt lat="47.60863350" lon="19.14694700"><ele>137.29</ele><time>2025-10-20T13:49:06.632Z</time></trkpt><trkpt lat="47.60863350" lon="19.14694700"><ele>137.29</ele><time>2025-10-20T13:49:06.833Z</time></trkpt><trkpt lat="47.60863350" lon="19.14694700"><ele>137.29</ele><time>2025-10-20T13:49:07.033Z</time></trkpt><trkpt lat="47.60863350" lon="19.14694700"><ele>137.29</ele><time>2025-10-20T13:49:07.233Z</time></trkpt><trkpt lat="47.60863350" lon="19.14694700"><ele>137.29</ele><time>2025-10-20T13:49:07.419Z</time></trkpt><trkpt lat="47.60863350" lon="19.14694700"><ele>137.30</ele><time>2025-10-20T13:49:07.620Z</time></trkpt><trkpt lat="47.60863350" lon="19.14694700"><ele>137.30</ele><time>2025-10-20T13:49:07.821Z</time></trkpt><trkpt lat="47.60863360" lon="19.14694690"><ele>137.30</ele><time>2025-10-20T13:49:08.022Z</time></trkpt><trkpt lat="47.60863360" lon="19.14694700"><ele>137.30</ele><time>2025-10-20T13:49:08.224Z</time></trkpt><trkpt lat="47.60863360" lon="19.14694690"><ele>137.31</ele><time>2025-10-20T13:49:08.431Z</time></trkpt><trkpt lat="47.60863360" lon="19.14694700"><ele>137.31</ele><time>2025-10-20T13:49:08.631Z</time></trkpt><trkpt lat="47.60863360" lon="19.14694700"><ele>137.32</ele><time>2025-10-20T13:49:08.833Z</time></trkpt><trkpt lat="47.60863360" lon="19.14694690"><ele>137.32</ele><time>2025-10-20T13:49:09.034Z</time></trkpt><trkpt lat="47.60863350" lon="19.14694690"><ele>137.32</ele><time>2025-10-20T13:49:09.235Z</time></trkpt><trkpt lat="47.60863350" lon="19.14694680"><ele>137.32</ele><time>2025-10-20T13:49:09.456Z</time></trkpt><trkpt lat="47.60863350" lon="19.14694680"><ele>137.32</ele><time>2025-10-20T13:49:09.635Z</time></trkpt><trkpt lat="47.60863350" lon="19.14694680"><ele>137.32</ele><time>2025-10-20T13:49:09.836Z</time></trkpt><trkpt lat="47.60863350" lon="19.14694680"><ele>137.33</ele><time>2025-10-20T13:49:10.037Z</time></trkpt><trkpt lat="47.60863340" lon="19.14694680"><ele>137.33</ele><time>2025-10-20T13:49:10.238Z</time></trkpt><trkpt lat="47.60863340" lon="19.14694680"><ele>137.33</ele><time>2025-10-20T13:49:10.440Z</time></trkpt><trkpt lat="47.60863340" lon="19.14694680"><ele>137.34</ele><time>2025-10-20T13:49:10.642Z</time></trkpt><trkpt lat="47.60863340" lon="19.14694680"><ele>137.34</ele><time>2025-10-20T13:49:10.843Z</time></trkpt><trkpt lat="47.60863340" lon="19.14694680"><ele>137.34</ele><time>2025-10-20T13:49:11.044Z</time></trkpt><trkpt lat="47.60863340" lon="19.14694680"><ele>137.34</ele><time>2025-10-20T13:49:11.244Z</time></trkpt><trkpt lat="47.60863340" lon="19.14694690"><ele>137.34</ele><time>2025-10-20T13:49:11.444Z</time></trkpt><trkpt lat="47.60863340" lon="19.14694690"><ele>137.34</ele><time>2025-10-20T13:49:11.645Z</time></trkpt><trkpt lat="47.60863330" lon="19.14694690"><ele>137.35</ele><time>2025-10-20T13:49:11.846Z</time></trkpt><trkpt lat="47.60863330" lon="19.14694690"><ele>137.35</ele><time>2025-10-20T13:49:12.066Z</time></trkpt><trkpt lat="47.60863320" lon="19.14694690"><ele>137.35</ele><time>2025-10-20T13:49:12.246Z</time></trkpt><trkpt lat="47.60863320" lon="19.14694700"><ele>137.36</ele><time>2025-10-20T13:49:12.448Z</time></trkpt><trkpt lat="47.60863320" lon="19.14694700"><ele>137.36</ele><time>2025-10-20T13:49:12.648Z</time></trkpt><trkpt lat="47.60863320" lon="19.14694700"><ele>137.37</ele><time>2025-10-20T13:49:12.850Z</time></trkpt><trkpt lat="47.60863330" lon="19.14694700"><ele>137.37</ele><time>2025-10-20T13:49:13.051Z</time></trkpt><trkpt lat="47.60863330" lon="19.14694700"><ele>137.36</ele><time>2025-10-20T13:49:13.254Z</time></trkpt><trkpt lat="47.60863330" lon="19.14694700"><ele>137.36</ele><time>2025-10-20T13:49:13.454Z</time></trkpt><trkpt lat="47.60863330" lon="19.14694700"><ele>137.37</ele><time>2025-10-20T13:49:13.655Z</time></trkpt><trkpt lat="47.60863330" lon="19.14694710"><ele>137.37</ele><time>2025-10-20T13:49:13.857Z</time></trkpt><trkpt lat="47.60863320" lon="19.14694710"><ele>137.37</ele><time>2025-10-20T13:49:14.058Z</time></trkpt><trkpt lat="47.60863320" lon="19.14694710"><ele>137.37</ele><time>2025-10-20T13:49:14.258Z</time></trkpt><trkpt lat="47.60863310" lon="19.14694710"><ele>137.38</ele><time>2025-10-20T13:49:14.460Z</time></trkpt><trkpt lat="47.60863310" lon="19.14694710"><ele>137.38</ele><time>2025-10-20T13:49:14.660Z</time></trkpt><trkpt lat="47.60863310" lon="19.14694710"><ele>137.38</ele><time>2025-10-20T13:49:14.861Z</time></trkpt><trkpt lat="47.60863310" lon="19.14694720"><ele>137.38</ele><time>2025-10-20T13:49:15.062Z</time></trkpt><trkpt lat="47.60863310" lon="19.14694720"><ele>137.38</ele><time>2025-10-20T13:49:15.264Z</time></trkpt><trkpt lat="47.60863310" lon="19.14694720"><ele>137.39</ele><time>2025-10-20T13:49:15.465Z</time></trkpt><trkpt lat="47.60863310" lon="19.14694710"><ele>137.38</ele><time>2025-10-20T13:49:15.666Z</time></trkpt><trkpt lat="47.60863310" lon="19.14694710"><ele>137.38</ele><time>2025-10-20T13:49:15.866Z</time></trkpt><trkpt lat="47.60863310" lon="19.14694700"><ele>137.38</ele><time>2025-10-20T13:49:16.067Z</time></trkpt><trkpt lat="47.60863320" lon="19.14694690"><ele>137.38</ele><time>2025-10-20T13:49:16.247Z</time></trkpt><trkpt lat="47.60863320" lon="19.14694690"><ele>137.38</ele><time>2025-10-20T13:49:16.469Z</time></trkpt><trkpt lat="47.60863320" lon="19.14694680"><ele>137.37</ele><time>2025-10-20T13:49:16.670Z</time></trkpt><trkpt lat="47.60863310" lon="19.14694680"><ele>137.37</ele><time>2025-10-20T13:49:16.870Z</time></trkpt><trkpt lat="47.60863310" lon="19.14694680"><ele>137.37</ele><time>2025-10-20T13:49:17.070Z</time></trkpt><trkpt lat="47.60863310" lon="19.14694680"><ele>137.37</ele><time>2025-10-20T13:49:17.274Z</time></trkpt><trkpt lat="47.60863320" lon="19.14694680"><ele>137.37</ele><time>2025-10-20T13:49:17.476Z</time></trkpt><trkpt lat="47.60863320" lon="19.14694680"><ele>137.38</ele><time>2025-10-20T13:49:17.675Z</time></trkpt><trkpt lat="47.60863330" lon="19.14694690"><ele>137.39</ele><time>2025-10-20T13:49:17.878Z</time></trkpt><trkpt lat="47.60863330" lon="19.14694690"><ele>137.39</ele><time>2025-10-20T13:49:18.080Z</time></trkpt><trkpt lat="47.60863330" lon="19.14694690"><ele>137.40</ele><time>2025-10-20T13:49:18.288Z</time></trkpt><trkpt lat="47.60863330" lon="19.14694690"><ele>137.40</ele><time>2025-10-20T13:49:18.489Z</time></trkpt><trkpt lat="47.60863330" lon="19.14694690"><ele>137.40</ele><time>2025-10-20T13:49:18.690Z</time></trkpt><trkpt lat="47.60863330" lon="19.14694690"><ele>137.40</ele><time>2025-10-20T13:49:18.891Z</time></trkpt><trkpt lat="47.60863330" lon="19.14694680"><ele>137.40</ele><time>2025-10-20T13:49:19.092Z</time></trkpt><trkpt lat="47.60863340" lon="19.14694680"><ele>137.40</ele><time>2025-10-20T13:49:19.295Z</time></trkpt><trkpt lat="47.60863340" lon="19.14694680"><ele>137.41</ele><time>2025-10-20T13:49:19.495Z</time></trkpt><trkpt lat="47.60863340" lon="19.14694690"><ele>137.41</ele><time>2025-10-20T13:49:19.694Z</time></trkpt><trkpt lat="47.60863340" lon="19.14694690"><ele>137.42</ele><time>2025-10-20T13:49:19.894Z</time></trkpt><trkpt lat="47.60863340" lon="19.14694690"><ele>137.43</ele><time>2025-10-20T13:49:20.095Z</time></trkpt><trkpt lat="47.60863340" lon="19.14694690"><ele>137.44</ele><time>2025-10-20T13:49:20.297Z</time></trkpt><trkpt lat="47.60863340" lon="19.14694690"><ele>137.44</ele><time>2025-10-20T13:49:20.497Z</time></trkpt><trkpt lat="47.60863340" lon="19.14694690"><ele>137.44</ele><time>2025-10-20T13:49:20.699Z</time></trkpt><trkpt lat="47.60863340" lon="19.14694690"><ele>137.44</ele><time>2025-10-20T13:49:20.899Z</time></trkpt><trkpt lat="47.60863340" lon="19.14694690"><ele>137.44</ele><time>2025-10-20T13:49:21.099Z</time></trkpt><trkpt lat="47.60863340" lon="19.14694690"><ele>137.45</ele><time>2025-10-20T13:49:21.283Z</time></trkpt><trkpt lat="47.60863350" lon="19.14694690"><ele>137.46</ele><time>2025-10-20T13:49:21.503Z</time></trkpt><trkpt lat="47.60863350" lon="19.14694690"><ele>137.46</ele><time>2025-10-20T13:49:21.704Z</time></trkpt><trkpt lat="47.60863360" lon="19.14694700"><ele>137.46</ele><time>2025-10-20T13:49:21.904Z</time></trkpt><trkpt lat="47.60863360" lon="19.14694700"><ele>137.46</ele><time>2025-10-20T13:49:22.104Z</time></trkpt><trkpt lat="47.60863360" lon="19.14694690"><ele>137.47</ele><time>2025-10-20T13:49:22.306Z</time></trkpt><trkpt lat="47.60863360" lon="19.14694690"><ele>137.47</ele><time>2025-10-20T13:49:22.507Z</time></trkpt><trkpt lat="47.60863360" lon="19.14694690"><ele>137.46</ele><time>2025-10-20T13:49:22.706Z</time></trkpt><trkpt lat="47.60863350" lon="19.14694690"><ele>137.46</ele><time>2025-10-20T13:49:22.906Z</time></trkpt><trkpt lat="47.60863350" lon="19.14694690"><ele>137.46</ele><time>2025-10-20T13:49:23.107Z</time></trkpt><trkpt lat="47.60863350" lon="19.14694690"><ele>137.46</ele><time>2025-10-20T13:49:23.308Z</time></trkpt><trkpt lat="47.60863350" lon="19.14694680"><ele>137.46</ele><time>2025-10-20T13:49:23.508Z</time></trkpt><trkpt lat="47.60863350" lon="19.14694680"><ele>137.46</ele><time>2025-10-20T13:49:23.710Z</time></trkpt><trkpt lat="47.60863350" lon="19.14694680"><ele>137.46</ele><time>2025-10-20T13:49:23.910Z</time></trkpt><trkpt lat="47.60863350" lon="19.14694680"><ele>137.46</ele><time>2025-10-20T13:49:24.111Z</time></trkpt><trkpt lat="47.60863340" lon="19.14694690"><ele>137.47</ele><time>2025-10-20T13:49:24.314Z</time></trkpt><trkpt lat="47.60863340" lon="19.14694690"><ele>137.47</ele><time>2025-10-20T13:49:24.514Z</time></trkpt><trkpt lat="47.60863340" lon="19.14694690"><ele>137.46</ele><time>2025-10-20T13:49:24.715Z</time></trkpt><trkpt lat="47.60863330" lon="19.14694690"><ele>137.46</ele><time>2025-10-20T13:49:24.916Z</time></trkpt><trkpt lat="47.60863330" lon="19.14694690"><ele>137.46</ele><time>2025-10-20T13:49:25.116Z</time></trkpt><trkpt lat="47.60863330" lon="19.14694690"><ele>137.47</ele><time>2025-10-20T13:49:25.322Z</time></trkpt><trkpt lat="47.60863330" lon="19.14694690"><ele>137.47</ele><time>2025-10-20T13:49:25.523Z</time></trkpt><trkpt lat="47.60863330" lon="19.14694690"><ele>137.47</ele><time>2025-10-20T13:49:25.724Z</time></trkpt><trkpt lat="47.60863330" lon="19.14694690"><ele>137.46</ele><time>2025-10-20T13:49:25.924Z</time></trkpt><trkpt lat="47.60863330" lon="19.14694690"><ele>137.46</ele><time>2025-10-20T13:49:26.124Z</time></trkpt><trkpt lat="47.60863320" lon="19.14694690"><ele>137.47</ele><time>2025-10-20T13:49:26.326Z</time></trkpt><trkpt lat="47.60863320" lon="19.14694690"><ele>137.47</ele><time>2025-10-20T13:49:26.526Z</time></trkpt><trkpt lat="47.60863320" lon="19.14694690"><ele>137.47</ele><time>2025-10-20T13:49:26.746Z</time></trkpt><trkpt lat="47.60863320" lon="19.14694680"><ele>137.47</ele><time>2025-10-20T13:49:26.926Z</time></trkpt><trkpt lat="47.60863320" lon="19.14694680"><ele>137.47</ele><time>2025-10-20T13:49:27.126Z</time></trkpt><trkpt lat="47.60863320" lon="19.14694680"><ele>137.48</ele><time>2025-10-20T13:49:27.327Z</time></trkpt><trkpt lat="47.60863320" lon="19.14694680"><ele>137.48</ele><time>2025-10-20T13:49:27.527Z</time></trkpt><trkpt lat="47.60863310" lon="19.14694680"><ele>137.48</ele><time>2025-10-20T13:49:27.727Z</time></trkpt><trkpt lat="47.60863310" lon="19.14694690"><ele>137.48</ele><time>2025-10-20T13:49:27.927Z</time></trkpt><trkpt lat="47.60863310" lon="19.14694690"><ele>137.49</ele><time>2025-10-20T13:49:28.128Z</time></trkpt><trkpt lat="47.60863320" lon="19.14694690"><ele>137.49</ele><time>2025-10-20T13:49:28.327Z</time></trkpt><trkpt lat="47.60863320" lon="19.14694690"><ele>137.49</ele><time>2025-10-20T13:49:28.528Z</time></trkpt><trkpt lat="47.60863320" lon="19.14694690"><ele>137.49</ele><time>2025-10-20T13:49:28.729Z</time></trkpt><trkpt lat="47.60863330" lon="19.14694700"><ele>137.50</ele><time>2025-10-20T13:49:28.929Z</time></trkpt><trkpt lat="47.60863330" lon="19.14694700"><ele>137.50</ele><time>2025-10-20T13:49:29.129Z</time></trkpt><trkpt lat="47.60863330" lon="19.14694710"><ele>137.51</ele><time>2025-10-20T13:49:29.330Z</time></trkpt><trkpt lat="47.60863330" lon="19.14694720"><ele>137.51</ele><time>2025-10-20T13:49:29.530Z</time></trkpt><trkpt lat="47.60863330" lon="19.14694720"><ele>137.52</ele><time>2025-10-20T13:49:29.731Z</time></trkpt><trkpt lat="47.60863330" lon="19.14694720"><ele>137.53</ele><time>2025-10-20T13:49:29.931Z</time></trkpt><trkpt lat="47.60863320" lon="19.14694720"><ele>137.53</ele><time>2025-10-20T13:49:30.132Z</time></trkpt><trkpt lat="47.60863320" lon="19.14694720"><ele>137.54</ele><time>2025-10-20T13:49:30.338Z</time></trkpt><trkpt lat="47.60863320" lon="19.14694720"><ele>137.54</ele><time>2025-10-20T13:49:30.538Z</time></trkpt><trkpt lat="47.60863320" lon="19.14694720"><ele>137.54</ele><time>2025-10-20T13:49:30.742Z</time></trkpt><trkpt lat="47.60863320" lon="19.14694710"><ele>137.53</ele><time>2025-10-20T13:49:30.942Z</time></trkpt><trkpt lat="47.60863320" lon="19.14694710"><ele>137.53</ele><time>2025-10-20T13:49:31.144Z</time></trkpt><trkpt lat="47.60863320" lon="19.14694710"><ele>137.54</ele><time>2025-10-20T13:49:31.345Z</time></trkpt><trkpt lat="47.60863320" lon="19.14694710"><ele>137.53</ele><time>2025-10-20T13:49:31.545Z</time></trkpt><trkpt lat="47.60863320" lon="19.14694710"><ele>137.53</ele><time>2025-10-20T13:49:31.747Z</time></trkpt><trkpt lat="47.60863320" lon="19.14694710"><ele>137.53</ele><time>2025-10-20T13:49:31.927Z</time></trkpt><trkpt lat="47.60863320" lon="19.14694700"><ele>137.53</ele><time>2025-10-20T13:49:32.129Z</time></trkpt><trkpt lat="47.60863310" lon="19.14694700"><ele>137.53</ele><time>2025-10-20T13:49:32.330Z</time></trkpt><trkpt lat="47.60863320" lon="19.14694700"><ele>137.53</ele><time>2025-10-20T13:49:32.551Z</time></trkpt><trkpt lat="47.60863310" lon="19.14694700"><ele>137.54</ele><time>2025-10-20T13:49:32.752Z</time></trkpt><trkpt lat="47.60863310" lon="19.14694690"><ele>137.53</ele><time>2025-10-20T13:49:32.931Z</time></trkpt><trkpt lat="47.60863310" lon="19.14694690"><ele>137.53</ele><time>2025-10-20T13:49:33.132Z</time></trkpt><trkpt lat="47.60863310" lon="19.14694690"><ele>137.54</ele><time>2025-10-20T13:49:33.337Z</time></trkpt><trkpt lat="47.60863320" lon="19.14694690"><ele>137.54</ele><time>2025-10-20T13:49:33.537Z</time></trkpt><trkpt lat="47.60863320" lon="19.14694690"><ele>137.54</ele><time>2025-10-20T13:49:33.738Z</time></trkpt><trkpt lat="47.60863320" lon="19.14694690"><ele>137.54</ele><time>2025-10-20T13:49:33.938Z</time></trkpt><trkpt lat="47.60863320" lon="19.14694690"><ele>137.54</ele><time>2025-10-20T13:49:34.139Z</time></trkpt><trkpt lat="47.60863320" lon="19.14694690"><ele>137.54</ele><time>2025-10-20T13:49:34.339Z</time></trkpt><trkpt lat="47.60863320" lon="19.14694680"><ele>137.54</ele><time>2025-10-20T13:49:34.539Z</time></trkpt><trkpt lat="47.60863330" lon="19.14694680"><ele>137.54</ele><time>2025-10-20T13:49:34.740Z</time></trkpt><trkpt lat="47.60863330" lon="19.14694680"><ele>137.54</ele><time>2025-10-20T13:49:34.941Z</time></trkpt><trkpt lat="47.60863330" lon="19.14694670"><ele>137.54</ele><time>2025-10-20T13:49:35.141Z</time></trkpt><trkpt lat="47.60863330" lon="19.14694670"><ele>137.54</ele><time>2025-10-20T13:49:35.345Z</time></trkpt><trkpt lat="47.60863330" lon="19.14694670"><ele>137.54</ele><time>2025-10-20T13:49:35.545Z</time></trkpt><trkpt lat="47.60863330" lon="19.14694670"><ele>137.54</ele><time>2025-10-20T13:49:35.744Z</time></trkpt><trkpt lat="47.60863330" lon="19.14694670"><ele>137.54</ele><time>2025-10-20T13:49:35.944Z</time></trkpt><trkpt lat="47.60863330" lon="19.14694670"><ele>137.55</ele><time>2025-10-20T13:49:36.145Z</time></trkpt><trkpt lat="47.60863330" lon="19.14694680"><ele>137.55</ele><time>2025-10-20T13:49:36.346Z</time></trkpt><trkpt lat="47.60863320" lon="19.14694680"><ele>137.55</ele><time>2025-10-20T13:49:36.546Z</time></trkpt><trkpt lat="47.60863320" lon="19.14694680"><ele>137.55</ele><time>2025-10-20T13:49:36.747Z</time></trkpt><trkpt lat="47.60863320" lon="19.14694680"><ele>137.55</ele><time>2025-10-20T13:49:36.948Z</time></trkpt><trkpt lat="47.60863320" lon="19.14694690"><ele>137.55</ele><time>2025-10-20T13:49:37.148Z</time></trkpt><trkpt lat="47.60863320" lon="19.14694700"><ele>137.55</ele><time>2025-10-20T13:49:37.350Z</time></trkpt><trkpt lat="47.60863320" lon="19.14694690"><ele>137.55</ele><time>2025-10-20T13:49:37.550Z</time></trkpt><trkpt lat="47.60863320" lon="19.14694690"><ele>137.55</ele><time>2025-10-20T13:49:37.750Z</time></trkpt><trkpt lat="47.60863320" lon="19.14694690"><ele>137.55</ele><time>2025-10-20T13:49:37.951Z</time></trkpt><trkpt lat="47.60863320" lon="19.14694690"><ele>137.55</ele><time>2025-10-20T13:49:38.152Z</time></trkpt><trkpt lat="47.60863320" lon="19.14694700"><ele>137.56</ele><time>2025-10-20T13:49:38.352Z</time></trkpt><trkpt lat="47.60863310" lon="19.14694700"><ele>137.56</ele><time>2025-10-20T13:49:38.552Z</time></trkpt><trkpt lat="47.60863310" lon="19.14694700"><ele>137.57</ele><time>2025-10-20T13:49:38.752Z</time></trkpt><trkpt lat="47.60863310" lon="19.14694690"><ele>137.57</ele><time>2025-10-20T13:49:38.952Z</time></trkpt><trkpt lat="47.60863320" lon="19.14694690"><ele>137.57</ele><time>2025-10-20T13:49:39.152Z</time></trkpt><trkpt lat="47.60863320" lon="19.14694690"><ele>137.57</ele><time>2025-10-20T13:49:39.338Z</time></trkpt><trkpt lat="47.60863320" lon="19.14694690"><ele>137.57</ele><time>2025-10-20T13:49:39.539Z</time></trkpt><trkpt lat="47.60863320" lon="19.14694690"><ele>137.57</ele><time>2025-10-20T13:49:39.760Z</time></trkpt><trkpt lat="47.60863310" lon="19.14694690"><ele>137.57</ele><time>2025-10-20T13:49:39.960Z</time></trkpt><trkpt lat="47.60863310" lon="19.14694690"><ele>137.57</ele><time>2025-10-20T13:49:40.160Z</time></trkpt><trkpt lat="47.60863310" lon="19.14694690"><ele>137.57</ele><time>2025-10-20T13:49:40.342Z</time></trkpt><trkpt lat="47.60863310" lon="19.14694690"><ele>137.58</ele><time>2025-10-20T13:49:40.542Z</time></trkpt><trkpt lat="47.60863320" lon="19.14694690"><ele>137.58</ele><time>2025-10-20T13:49:40.742Z</time></trkpt><trkpt lat="47.60863320" lon="19.14694690"><ele>137.58</ele><time>2025-10-20T13:49:40.961Z</time></trkpt><trkpt lat="47.60863320" lon="19.14694700"><ele>137.59</ele><time>2025-10-20T13:49:41.142Z</time></trkpt><trkpt lat="47.60863320" lon="19.14694700"><ele>137.59</ele><time>2025-10-20T13:49:41.346Z</time></trkpt><trkpt lat="47.60863320" lon="19.14694700"><ele>137.60</ele><time>2025-10-20T13:49:41.546Z</time></trkpt><trkpt lat="47.60863320" lon="19.14694700"><ele>137.60</ele><time>2025-10-20T13:49:41.750Z</time></trkpt><trkpt lat="47.60863310" lon="19.14694710"><ele>137.60</ele><time>2025-10-20T13:49:41.950Z</time></trkpt><trkpt lat="47.60863310" lon="19.14694710"><ele>137.60</ele><time>2025-10-20T13:49:42.151Z</time></trkpt><trkpt lat="47.60863310" lon="19.14694720"><ele>137.60</ele><time>2025-10-20T13:49:42.351Z</time></trkpt><trkpt lat="47.60863310" lon="19.14694720"><ele>137.60</ele><time>2025-10-20T13:49:42.554Z</time></trkpt><trkpt lat="47.60863300" lon="19.14694720"><ele>137.60</ele><time>2025-10-20T13:49:42.756Z</time></trkpt><trkpt lat="47.60863300" lon="19.14694720"><ele>137.60</ele><time>2025-10-20T13:49:42.957Z</time></trkpt><trkpt lat="47.60863300" lon="19.14694720"><ele>137.60</ele><time>2025-10-20T13:49:43.157Z</time></trkpt><trkpt lat="47.60863300" lon="19.14694730"><ele>137.60</ele><time>2025-10-20T13:49:43.360Z</time></trkpt><trkpt lat="47.60863300" lon="19.14694730"><ele>137.60</ele><time>2025-10-20T13:49:43.560Z</time></trkpt><trkpt lat="47.60863300" lon="19.14694730"><ele>137.60</ele><time>2025-10-20T13:49:43.762Z</time></trkpt><trkpt lat="47.60863300" lon="19.14694730"><ele>137.60</ele><time>2025-10-20T13:49:43.963Z</time></trkpt><trkpt lat="47.60863300" lon="19.14694720"><ele>137.59</ele><time>2025-10-20T13:49:44.163Z</time></trkpt><trkpt lat="47.60863300" lon="19.14694720"><ele>137.59</ele><time>2025-10-20T13:49:44.367Z</time></trkpt><trkpt lat="47.60863310" lon="19.14694720"><ele>137.59</ele><time>2025-10-20T13:49:44.568Z</time></trkpt><trkpt lat="47.60863310" lon="19.14694720"><ele>137.60</ele><time>2025-10-20T13:49:44.769Z</time></trkpt><trkpt lat="47.60863310" lon="19.14694720"><ele>137.59</ele><time>2025-10-20T13:49:44.969Z</time></trkpt><trkpt lat="47.60863310" lon="19.14694710"><ele>137.59</ele><time>2025-10-20T13:49:45.170Z</time></trkpt><trkpt lat="47.60863300" lon="19.14694710"><ele>137.59</ele><time>2025-10-20T13:49:45.373Z</time></trkpt><trkpt lat="47.60863300" lon="19.14694710"><ele>137.59</ele><time>2025-10-20T13:49:45.574Z</time></trkpt><trkpt lat="47.60863300" lon="19.14694710"><ele>137.59</ele><time>2025-10-20T13:49:45.776Z</time></trkpt><trkpt lat="47.60863300" lon="19.14694710"><ele>137.59</ele><time>2025-10-20T13:49:45.976Z</time></trkpt><trkpt lat="47.60863300" lon="19.14694710"><ele>137.59</ele><time>2025-10-20T13:49:46.177Z</time></trkpt><trkpt lat="47.60863300" lon="19.14694710"><ele>137.59</ele><time>2025-10-20T13:49:46.378Z</time></trkpt><trkpt lat="47.60863300" lon="19.14694710"><ele>137.59</ele><time>2025-10-20T13:49:46.581Z</time></trkpt><trkpt lat="47.60863300" lon="19.14694710"><ele>137.60</ele><time>2025-10-20T13:49:46.781Z</time></trkpt><trkpt lat="47.60863300" lon="19.14694700"><ele>137.60</ele><time>2025-10-20T13:49:46.982Z</time></trkpt><trkpt lat="47.60863310" lon="19.14694700"><ele>137.60</ele><time>2025-10-20T13:49:47.183Z</time></trkpt><trkpt lat="47.60863310" lon="19.14694690"><ele>137.60</ele><time>2025-10-20T13:49:47.386Z</time></trkpt><trkpt lat="47.60863310" lon="19.14694690"><ele>137.60</ele><time>2025-10-20T13:49:47.587Z</time></trkpt><trkpt lat="47.60863310" lon="19.14694690"><ele>137.60</ele><time>2025-10-20T13:49:47.786Z</time></trkpt><trkpt lat="47.60863310" lon="19.14694690"><ele>137.60</ele><time>2025-10-20T13:49:47.986Z</time></trkpt><trkpt lat="47.60863310" lon="19.14694690"><ele>137.60</ele><time>2025-10-20T13:49:48.187Z</time></trkpt><trkpt lat="47.60863310" lon="19.14694690"><ele>137.60</ele><time>2025-10-20T13:49:48.388Z</time></trkpt><trkpt lat="47.60863310" lon="19.14694690"><ele>137.60</ele><time>2025-10-20T13:49:48.588Z</time></trkpt><trkpt lat="47.60863310" lon="19.14694690"><ele>137.60</ele><time>2025-10-20T13:49:48.789Z</time></trkpt><trkpt lat="47.60863310" lon="19.14694690"><ele>137.60</ele><time>2025-10-20T13:49:48.990Z</time></trkpt><trkpt lat="47.60863310" lon="19.14694690"><ele>137.60</ele><time>2025-10-20T13:49:49.190Z</time></trkpt><trkpt lat="47.60863300" lon="19.14694690"><ele>137.61</ele><time>2025-10-20T13:49:49.393Z</time></trkpt><trkpt lat="47.60863300" lon="19.14694690"><ele>137.61</ele><time>2025-10-20T13:49:49.596Z</time></trkpt><trkpt lat="47.60863290" lon="19.14694680"><ele>137.60</ele><time>2025-10-20T13:49:49.797Z</time></trkpt><trkpt lat="47.60863290" lon="19.14694680"><ele>137.60</ele><time>2025-10-20T13:49:49.997Z</time></trkpt><trkpt lat="47.60863280" lon="19.14694680"><ele>137.60</ele><time>2025-10-20T13:49:50.198Z</time></trkpt><trkpt lat="47.60863280" lon="19.14694680"><ele>137.61</ele><time>2025-10-20T13:49:50.398Z</time></trkpt><trkpt lat="47.60863290" lon="19.14694680"><ele>137.61</ele><time>2025-10-20T13:49:50.598Z</time></trkpt><trkpt lat="47.60863290" lon="19.14694680"><ele>137.61</ele><time>2025-10-20T13:49:50.798Z</time></trkpt><trkpt lat="47.60863290" lon="19.14694680"><ele>137.61</ele><time>2025-10-20T13:49:50.998Z</time></trkpt><trkpt lat="47.60863300" lon="19.14694680"><ele>137.61</ele><time>2025-10-20T13:49:51.199Z</time></trkpt><trkpt lat="47.60863300" lon="19.14694690"><ele>137.62</ele><time>2025-10-20T13:49:51.401Z</time></trkpt><trkpt lat="47.60863310" lon="19.14694690"><ele>137.62</ele><time>2025-10-20T13:49:51.601Z</time></trkpt><trkpt lat="47.60863320" lon="19.14694690"><ele>137.63</ele><time>2025-10-20T13:49:51.802Z</time></trkpt><trkpt lat="47.60863320" lon="19.14694690"><ele>137.63</ele><time>2025-10-20T13:49:52.003Z</time></trkpt><trkpt lat="47.60863330" lon="19.14694690"><ele>137.63</ele><time>2025-10-20T13:49:52.203Z</time></trkpt><trkpt lat="47.60863330" lon="19.14694700"><ele>137.63</ele><time>2025-10-20T13:49:52.406Z</time></trkpt><trkpt lat="47.60863330" lon="19.14694700"><ele>137.64</ele><time>2025-10-20T13:49:52.606Z</time></trkpt><trkpt lat="47.60863320" lon="19.14694710"><ele>137.64</ele><time>2025-10-20T13:49:52.805Z</time></trkpt><trkpt lat="47.60863320" lon="19.14694720"><ele>137.64</ele><time>2025-10-20T13:49:53.005Z</time></trkpt><trkpt lat="47.60863320" lon="19.14694730"><ele>137.65</ele><time>2025-10-20T13:49:53.206Z</time></trkpt><trkpt lat="47.60863310" lon="19.14694740"><ele>137.65</ele><time>2025-10-20T13:49:53.408Z</time></trkpt><trkpt lat="47.60863310" lon="19.14694750"><ele>137.66</ele><time>2025-10-20T13:49:53.609Z</time></trkpt><trkpt lat="47.60863310" lon="19.14694750"><ele>137.66</ele><time>2025-10-20T13:49:53.810Z</time></trkpt><trkpt lat="47.60863310" lon="19.14694750"><ele>137.66</ele><time>2025-10-20T13:49:54.010Z</time></trkpt><trkpt lat="47.60863320" lon="19.14694750"><ele>137.66</ele><time>2025-10-20T13:49:54.210Z</time></trkpt><trkpt lat="47.60863320" lon="19.14694750"><ele>137.66</ele><time>2025-10-20T13:49:54.411Z</time></trkpt><trkpt lat="47.60863320" lon="19.14694740"><ele>137.66</ele><time>2025-10-20T13:49:54.612Z</time></trkpt><trkpt lat="47.60863330" lon="19.14694740"><ele>137.66</ele><time>2025-10-20T13:49:54.811Z</time></trkpt><trkpt lat="47.60863320" lon="19.14694730"><ele>137.66</ele><time>2025-10-20T13:49:55.011Z</time></trkpt><trkpt lat="47.60863320" lon="19.14694730"><ele>137.65</ele><time>2025-10-20T13:49:55.214Z</time></trkpt><trkpt lat="47.60863320" lon="19.14694730"><ele>137.66</ele><time>2025-10-20T13:49:55.414Z</time></trkpt><trkpt lat="47.60863310" lon="19.14694730"><ele>137.66</ele><time>2025-10-20T13:49:55.635Z</time></trkpt><trkpt lat="47.60863310" lon="19.14694730"><ele>137.66</ele><time>2025-10-20T13:49:55.836Z</time></trkpt><trkpt lat="47.60863310" lon="19.14694730"><ele>137.66</ele><time>2025-10-20T13:49:56.016Z</time></trkpt><trkpt lat="47.60863310" lon="19.14694730"><ele>137.66</ele><time>2025-10-20T13:49:56.217Z</time></trkpt><trkpt lat="47.60863310" lon="19.14694730"><ele>137.67</ele><time>2025-10-20T13:49:56.418Z</time></trkpt><trkpt lat="47.60863320" lon="19.14694730"><ele>137.67</ele><time>2025-10-20T13:49:56.618Z</time></trkpt><trkpt lat="47.60863320" lon="19.14694720"><ele>137.68</ele><time>2025-10-20T13:49:56.818Z</time></trkpt><trkpt lat="47.60863320" lon="19.14694720"><ele>137.68</ele><time>2025-10-20T13:49:57.018Z</time></trkpt><trkpt lat="47.60863320" lon="19.14694710"><ele>137.68</ele><time>2025-10-20T13:49:57.219Z</time></trkpt><trkpt lat="47.60863320" lon="19.14694710"><ele>137.68</ele><time>2025-10-20T13:49:57.421Z</time></trkpt><trkpt lat="47.60863320" lon="19.14694710"><ele>137.69</ele><time>2025-10-20T13:49:57.621Z</time></trkpt><trkpt lat="47.60863320" lon="19.14694710"><ele>137.69</ele><time>2025-10-20T13:49:57.821Z</time></trkpt><trkpt lat="47.60863320" lon="19.14694710"><ele>137.69</ele><time>2025-10-20T13:49:58.022Z</time></trkpt><trkpt lat="47.60863320" lon="19.14694720"><ele>137.69</ele><time>2025-10-20T13:49:58.223Z</time></trkpt><trkpt lat="47.60863320" lon="19.14694720"><ele>137.70</ele><time>2025-10-20T13:49:58.424Z</time></trkpt><trkpt lat="47.60863320" lon="19.14694720"><ele>137.70</ele><time>2025-10-20T13:49:58.625Z</time></trkpt><trkpt lat="47.60863320" lon="19.14694730"><ele>137.70</ele><time>2025-10-20T13:49:58.826Z</time></trkpt><trkpt lat="47.60863320" lon="19.14694730"><ele>137.70</ele><time>2025-10-20T13:49:59.027Z</time></trkpt><trkpt lat="47.60863310" lon="19.14694720"><ele>137.69</ele><time>2025-10-20T13:49:59.247Z</time></trkpt><trkpt lat="47.60863300" lon="19.14694720"><ele>137.69</ele><time>2025-10-20T13:49:59.428Z</time></trkpt><trkpt lat="47.60863300" lon="19.14694720"><ele>137.68</ele><time>2025-10-20T13:49:59.629Z</time></trkpt><trkpt lat="47.60863300" lon="19.14694720"><ele>137.68</ele><time>2025-10-20T13:49:59.830Z</time></trkpt><trkpt lat="47.60863300" lon="19.14694720"><ele>137.68</ele><time>2025-10-20T13:50:00.031Z</time></trkpt><trkpt lat="47.60863300" lon="19.14694720"><ele>137.68</ele><time>2025-10-20T13:50:00.231Z</time></trkpt><trkpt lat="47.60863300" lon="19.14694720"><ele>137.68</ele><time>2025-10-20T13:50:00.436Z</time></trkpt><trkpt lat="47.60863300" lon="19.14694720"><ele>137.68</ele><time>2025-10-20T13:50:00.638Z</time></trkpt><trkpt lat="47.60863300" lon="19.14694720"><ele>137.68</ele><time>2025-10-20T13:50:00.837Z</time></trkpt><trkpt lat="47.60863300" lon="19.14694720"><ele>137.68</ele><time>2025-10-20T13:50:01.038Z</time></trkpt><trkpt lat="47.60863300" lon="19.14694710"><ele>137.68</ele><time>2025-10-20T13:50:01.240Z</time></trkpt><trkpt lat="47.60863300" lon="19.14694710"><ele>137.67</ele><time>2025-10-20T13:50:01.425Z</time></trkpt><trkpt lat="47.60863310" lon="19.14694710"><ele>137.68</ele><time>2025-10-20T13:50:01.626Z</time></trkpt><trkpt lat="47.60863310" lon="19.14694710"><ele>137.68</ele><time>2025-10-20T13:50:01.828Z</time></trkpt><trkpt lat="47.60863310" lon="19.14694710"><ele>137.69</ele><time>2025-10-20T13:50:02.028Z</time></trkpt><trkpt lat="47.60863320" lon="19.14694710"><ele>137.69</ele><time>2025-10-20T13:50:02.228Z</time></trkpt><trkpt lat="47.60863320" lon="19.14694710"><ele>137.69</ele><time>2025-10-20T13:50:02.429Z</time></trkpt><trkpt lat="47.60863320" lon="19.14694710"><ele>137.69</ele><time>2025-10-20T13:50:02.629Z</time></trkpt><trkpt lat="47.60863320" lon="19.14694710"><ele>137.69</ele><time>2025-10-20T13:50:02.830Z</time></trkpt><trkpt lat="47.60863320" lon="19.14694700"><ele>137.69</ele><time>2025-10-20T13:50:03.030Z</time></trkpt><trkpt lat="47.60863320" lon="19.14694700"><ele>137.69</ele><time>2025-10-20T13:50:03.231Z</time></trkpt><trkpt lat="47.60863320" lon="19.14694700"><ele>137.69</ele><time>2025-10-20T13:50:03.431Z</time></trkpt><trkpt lat="47.60863320" lon="19.14694700"><ele>137.68</ele><time>2025-10-20T13:50:03.632Z</time></trkpt><trkpt lat="47.60863320" lon="19.14694700"><ele>137.68</ele><time>2025-10-20T13:50:03.831Z</time></trkpt><trkpt lat="47.60863320" lon="19.14694700"><ele>137.68</ele><time>2025-10-20T13:50:04.032Z</time></trkpt><trkpt lat="47.60863320" lon="19.14694700"><ele>137.68</ele><time>2025-10-20T13:50:04.233Z</time></trkpt><trkpt lat="47.60863310" lon="19.14694700"><ele>137.68</ele><time>2025-10-20T13:50:04.435Z</time></trkpt><trkpt lat="47.60863310" lon="19.14694700"><ele>137.68</ele><time>2025-10-20T13:50:04.636Z</time></trkpt><trkpt lat="47.60863310" lon="19.14694700"><ele>137.68</ele><time>2025-10-20T13:50:04.839Z</time></trkpt><trkpt lat="47.60863310" lon="19.14694690"><ele>137.68</ele><time>2025-10-20T13:50:05.040Z</time></trkpt><trkpt lat="47.60863320" lon="19.14694690"><ele>137.69</ele><time>2025-10-20T13:50:05.242Z</time></trkpt><trkpt lat="47.60863320" lon="19.14694690"><ele>137.69</ele><time>2025-10-20T13:50:05.443Z</time></trkpt><trkpt lat="47.60863310" lon="19.14694690"><ele>137.69</ele><time>2025-10-20T13:50:05.644Z</time></trkpt><trkpt lat="47.60863310" lon="19.14694700"><ele>137.69</ele><time>2025-10-20T13:50:05.846Z</time></trkpt><trkpt lat="47.60863310" lon="19.14694690"><ele>137.69</ele><time>2025-10-20T13:50:06.046Z</time></trkpt><trkpt lat="47.60863310" lon="19.14694690"><ele>137.69</ele><time>2025-10-20T13:50:06.248Z</time></trkpt><trkpt lat="47.60863310" lon="19.14694690"><ele>137.69</ele><time>2025-10-20T13:50:06.450Z</time></trkpt><trkpt lat="47.60863310" lon="19.14694690"><ele>137.69</ele><time>2025-10-20T13:50:06.651Z</time></trkpt><trkpt lat="47.60863310" lon="19.14694680"><ele>137.69</ele><time>2025-10-20T13:50:06.853Z</time></trkpt><trkpt lat="47.60863300" lon="19.14694680"><ele>137.68</ele><time>2025-10-20T13:50:07.054Z</time></trkpt><trkpt lat="47.60863290" lon="19.14694680"><ele>137.68</ele><time>2025-10-20T13:50:07.256Z</time></trkpt><trkpt lat="47.60863290" lon="19.14694680"><ele>137.68</ele><time>2025-10-20T13:50:07.456Z</time></trkpt><trkpt lat="47.60863290" lon="19.14694690"><ele>137.68</ele><time>2025-10-20T13:50:07.657Z</time></trkpt><trkpt lat="47.60863290" lon="19.14694680"><ele>137.68</ele><time>2025-10-20T13:50:07.859Z</time></trkpt><trkpt lat="47.60863280" lon="19.14694680"><ele>137.68</ele><time>2025-10-20T13:50:08.060Z</time></trkpt><trkpt lat="47.60863280" lon="19.14694680"><ele>137.68</ele><time>2025-10-20T13:50:08.262Z</time></trkpt><trkpt lat="47.60863280" lon="19.14694680"><ele>137.69</ele><time>2025-10-20T13:50:08.466Z</time></trkpt><trkpt lat="47.60863280" lon="19.14694690"><ele>137.69</ele><time>2025-10-20T13:50:08.667Z</time></trkpt><trkpt lat="47.60863280" lon="19.14694690"><ele>137.69</ele><time>2025-10-20T13:50:08.867Z</time></trkpt><trkpt lat="47.60863280" lon="19.14694690"><ele>137.69</ele><time>2025-10-20T13:50:09.069Z</time></trkpt><trkpt lat="47.60863280" lon="19.14694690"><ele>137.69</ele><time>2025-10-20T13:50:09.271Z</time></trkpt><trkpt lat="47.60863270" lon="19.14694690"><ele>137.68</ele><time>2025-10-20T13:50:09.474Z</time></trkpt><trkpt lat="47.60863270" lon="19.14694680"><ele>137.68</ele><time>2025-10-20T13:50:09.658Z</time></trkpt><trkpt lat="47.60863270" lon="19.14694680"><ele>137.68</ele><time>2025-10-20T13:50:09.860Z</time></trkpt><trkpt lat="47.60863270" lon="19.14694680"><ele>137.68</ele><time>2025-10-20T13:50:10.060Z</time></trkpt><trkpt lat="47.60863270" lon="19.14694680"><ele>137.68</ele><time>2025-10-20T13:50:10.261Z</time></trkpt><trkpt lat="47.60863280" lon="19.14694680"><ele>137.68</ele><time>2025-10-20T13:50:10.461Z</time></trkpt><trkpt lat="47.60863290" lon="19.14694690"><ele>137.69</ele><time>2025-10-20T13:50:10.661Z</time></trkpt><trkpt lat="47.60863290" lon="19.14694690"><ele>137.69</ele><time>2025-10-20T13:50:10.861Z</time></trkpt><trkpt lat="47.60863290" lon="19.14694700"><ele>137.70</ele><time>2025-10-20T13:50:11.063Z</time></trkpt><trkpt lat="47.60863290" lon="19.14694700"><ele>137.70</ele><time>2025-10-20T13:50:11.266Z</time></trkpt><trkpt lat="47.60863290" lon="19.14694710"><ele>137.70</ele><time>2025-10-20T13:50:11.467Z</time></trkpt><trkpt lat="47.60863290" lon="19.14694710"><ele>137.70</ele><time>2025-10-20T13:50:11.667Z</time></trkpt><trkpt lat="47.60863290" lon="19.14694710"><ele>137.70</ele><time>2025-10-20T13:50:11.867Z</time></trkpt><trkpt lat="47.60863290" lon="19.14694710"><ele>137.70</ele><time>2025-10-20T13:50:12.069Z</time></trkpt><trkpt lat="47.60863290" lon="19.14694710"><ele>137.70</ele><time>2025-10-20T13:50:12.270Z</time></trkpt><trkpt lat="47.60863290" lon="19.14694710"><ele>137.70</ele><time>2025-10-20T13:50:12.471Z</time></trkpt><trkpt lat="47.60863290" lon="19.14694710"><ele>137.70</ele><time>2025-10-20T13:50:12.670Z</time></trkpt><trkpt lat="47.60863280" lon="19.14694720"><ele>137.70</ele><time>2025-10-20T13:50:12.871Z</time></trkpt><trkpt lat="47.60863280" lon="19.14694720"><ele>137.70</ele><time>2025-10-20T13:50:13.072Z</time></trkpt><trkpt lat="47.60863280" lon="19.14694720"><ele>137.70</ele><time>2025-10-20T13:50:13.275Z</time></trkpt><trkpt lat="47.60863290" lon="19.14694730"><ele>137.71</ele><time>2025-10-20T13:50:13.475Z</time></trkpt><trkpt lat="47.60863280" lon="19.14694730"><ele>137.72</ele><time>2025-10-20T13:50:13.676Z</time></trkpt><trkpt lat="47.60863280" lon="19.14694720"><ele>137.71</ele><time>2025-10-20T13:50:13.897Z</time></trkpt><trkpt lat="47.60863280" lon="19.14694720"><ele>137.71</ele><time>2025-10-20T13:50:14.078Z</time></trkpt><trkpt lat="47.60863280" lon="19.14694720"><ele>137.71</ele><time>2025-10-20T13:50:14.279Z</time></trkpt><trkpt lat="47.60863280" lon="19.14694720"><ele>137.72</ele><time>2025-10-20T13:50:14.478Z</time></trkpt><trkpt lat="47.60863280" lon="19.14694720"><ele>137.72</ele><time>2025-10-20T13:50:14.679Z</time></trkpt><trkpt lat="47.60863270" lon="19.14694720"><ele>137.72</ele><time>2025-10-20T13:50:14.880Z</time></trkpt><trkpt lat="47.60863270" lon="19.14694720"><ele>137.71</ele><time>2025-10-20T13:50:15.080Z</time></trkpt><trkpt lat="47.60863270" lon="19.14694720"><ele>137.71</ele><time>2025-10-20T13:50:15.280Z</time></trkpt><trkpt lat="47.60863270" lon="19.14694720"><ele>137.72</ele><time>2025-10-20T13:50:15.500Z</time></trkpt><trkpt lat="47.60863270" lon="19.14694720"><ele>137.71</ele><time>2025-10-20T13:50:15.680Z</time></trkpt><trkpt lat="47.60863280" lon="19.14694720"><ele>137.71</ele><time>2025-10-20T13:50:15.898Z</time></trkpt><trkpt lat="47.60863290" lon="19.14694710"><ele>137.71</ele><time>2025-10-20T13:50:16.099Z</time></trkpt><trkpt lat="47.60863290" lon="19.14694710"><ele>137.71</ele><time>2025-10-20T13:50:16.299Z</time></trkpt><trkpt lat="47.60863290" lon="19.14694710"><ele>137.71</ele><time>2025-10-20T13:50:16.480Z</time></trkpt><trkpt lat="47.60863290" lon="19.14694700"><ele>137.71</ele><time>2025-10-20T13:50:16.680Z</time></trkpt><trkpt lat="47.60863300" lon="19.14694700"><ele>137.70</ele><time>2025-10-20T13:50:16.901Z</time></trkpt><trkpt lat="47.60863300" lon="19.14694700"><ele>137.71</ele><time>2025-10-20T13:50:17.081Z</time></trkpt><trkpt lat="47.60863300" lon="19.14694700"><ele>137.72</ele><time>2025-10-20T13:50:17.284Z</time></trkpt><trkpt lat="47.60863300" lon="19.14694700"><ele>137.73</ele><time>2025-10-20T13:50:17.484Z</time></trkpt><trkpt lat="47.60863290" lon="19.14694690"><ele>137.73</ele><time>2025-10-20T13:50:17.684Z</time></trkpt><trkpt lat="47.60863300" lon="19.14694690"><ele>137.72</ele><time>2025-10-20T13:50:17.906Z</time></trkpt><trkpt lat="47.60863290" lon="19.14694680"><ele>137.72</ele><time>2025-10-20T13:50:18.087Z</time></trkpt><trkpt lat="47.60863290" lon="19.14694680"><ele>137.72</ele><time>2025-10-20T13:50:18.287Z</time></trkpt><trkpt lat="47.60863290" lon="19.14694680"><ele>137.72</ele><time>2025-10-20T13:50:18.487Z</time></trkpt><trkpt lat="47.60863290" lon="19.14694680"><ele>137.72</ele><time>2025-10-20T13:50:18.687Z</time></trkpt><trkpt lat="47.60863280" lon="19.14694680"><ele>137.72</ele><time>2025-10-20T13:50:18.888Z</time></trkpt><trkpt lat="47.60863280" lon="19.14694690"><ele>137.72</ele><time>2025-10-20T13:50:19.089Z</time></trkpt><trkpt lat="47.60863280" lon="19.14694690"><ele>137.73</ele><time>2025-10-20T13:50:19.291Z</time></trkpt><trkpt lat="47.60863280" lon="19.14694690"><ele>137.73</ele><time>2025-10-20T13:50:19.492Z</time></trkpt><trkpt lat="47.60863280" lon="19.14694690"><ele>137.73</ele><time>2025-10-20T13:50:19.692Z</time></trkpt><trkpt lat="47.60863270" lon="19.14694690"><ele>137.72</ele><time>2025-10-20T13:50:19.894Z</time></trkpt><trkpt lat="47.60863270" lon="19.14694690"><ele>137.72</ele><time>2025-10-20T13:50:20.095Z</time></trkpt><trkpt lat="47.60863270" lon="19.14694690"><ele>137.72</ele><time>2025-10-20T13:50:20.295Z</time></trkpt><trkpt lat="47.60863270" lon="19.14694690"><ele>137.72</ele><time>2025-10-20T13:50:20.497Z</time></trkpt><trkpt lat="47.60863260" lon="19.14694690"><ele>137.72</ele><time>2025-10-20T13:50:20.697Z</time></trkpt><trkpt lat="47.60863260" lon="19.14694690"><ele>137.71</ele><time>2025-10-20T13:50:20.896Z</time></trkpt><trkpt lat="47.60863260" lon="19.14694690"><ele>137.70</ele><time>2025-10-20T13:50:21.096Z</time></trkpt><trkpt lat="47.60863260" lon="19.14694690"><ele>137.70</ele><time>2025-10-20T13:50:21.297Z</time></trkpt><trkpt lat="47.60863260" lon="19.14694700"><ele>137.70</ele><time>2025-10-20T13:50:21.498Z</time></trkpt><trkpt lat="47.60863260" lon="19.14694700"><ele>137.69</ele><time>2025-10-20T13:50:21.698Z</time></trkpt><trkpt lat="47.60863260" lon="19.14694700"><ele>137.69</ele><time>2025-10-20T13:50:21.898Z</time></trkpt><trkpt lat="47.60863260" lon="19.14694700"><ele>137.69</ele><time>2025-10-20T13:50:22.099Z</time></trkpt><trkpt lat="47.60863260" lon="19.14694700"><ele>137.69</ele><time>2025-10-20T13:50:22.299Z</time></trkpt><trkpt lat="47.60863260" lon="19.14694700"><ele>137.69</ele><time>2025-10-20T13:50:22.499Z</time></trkpt><trkpt lat="47.60863260" lon="19.14694710"><ele>137.69</ele><time>2025-10-20T13:50:22.698Z</time></trkpt><trkpt lat="47.60863260" lon="19.14694710"><ele>137.69</ele><time>2025-10-20T13:50:22.900Z</time></trkpt><trkpt lat="47.60863260" lon="19.14694710"><ele>137.69</ele><time>2025-10-20T13:50:23.100Z</time></trkpt><trkpt lat="47.60863260" lon="19.14694710"><ele>137.69</ele><time>2025-10-20T13:50:23.302Z</time></trkpt><trkpt lat="47.60863270" lon="19.14694720"><ele>137.70</ele><time>2025-10-20T13:50:23.502Z</time></trkpt><trkpt lat="47.60863270" lon="19.14694720"><ele>137.70</ele><time>2025-10-20T13:50:23.702Z</time></trkpt><trkpt lat="47.60863270" lon="19.14694720"><ele>137.70</ele><time>2025-10-20T13:50:23.902Z</time></trkpt><trkpt lat="47.60863270" lon="19.14694720"><ele>137.70</ele><time>2025-10-20T13:50:24.101Z</time></trkpt><trkpt lat="47.60863260" lon="19.14694720"><ele>137.71</ele><time>2025-10-20T13:50:24.288Z</time></trkpt><trkpt lat="47.60863260" lon="19.14694710"><ele>137.71</ele><time>2025-10-20T13:50:24.490Z</time></trkpt><trkpt lat="47.60863260" lon="19.14694710"><ele>137.71</ele><time>2025-10-20T13:50:24.711Z</time></trkpt><trkpt lat="47.60863270" lon="19.14694710"><ele>137.71</ele><time>2025-10-20T13:50:24.894Z</time></trkpt><trkpt lat="47.60863270" lon="19.14694700"><ele>137.70</ele><time>2025-10-20T13:50:25.113Z</time></trkpt><trkpt lat="47.60863280" lon="19.14694700"><ele>137.70</ele><time>2025-10-20T13:50:25.294Z</time></trkpt><trkpt lat="47.60863270" lon="19.14694700"><ele>137.70</ele><time>2025-10-20T13:50:25.496Z</time></trkpt><trkpt lat="47.60863270" lon="19.14694700"><ele>137.70</ele><time>2025-10-20T13:50:25.696Z</time></trkpt><trkpt lat="47.60863280" lon="19.14694710"><ele>137.69</ele><time>2025-10-20T13:50:25.898Z</time></trkpt><trkpt lat="47.60863270" lon="19.14694710"><ele>137.69</ele><time>2025-10-20T13:50:26.100Z</time></trkpt><trkpt lat="47.60863270" lon="19.14694710"><ele>137.69</ele><time>2025-10-20T13:50:26.301Z</time></trkpt><trkpt lat="47.60863260" lon="19.14694710"><ele>137.70</ele><time>2025-10-20T13:50:26.504Z</time></trkpt><trkpt lat="47.60863260" lon="19.14694710"><ele>137.69</ele><time>2025-10-20T13:50:26.704Z</time></trkpt><trkpt lat="47.60863260" lon="19.14694710"><ele>137.69</ele><time>2025-10-20T13:50:26.905Z</time></trkpt><trkpt lat="47.60863270" lon="19.14694710"><ele>137.69</ele><time>2025-10-20T13:50:27.105Z</time></trkpt><trkpt lat="47.60863270" lon="19.14694710"><ele>137.69</ele><time>2025-10-20T13:50:27.312Z</time></trkpt><trkpt lat="47.60863280" lon="19.14694710"><ele>137.70</ele><time>2025-10-20T13:50:27.512Z</time></trkpt><trkpt lat="47.60863280" lon="19.14694710"><ele>137.70</ele><time>2025-10-20T13:50:27.712Z</time></trkpt><trkpt lat="47.60863280" lon="19.14694710"><ele>137.70</ele><time>2025-10-20T13:50:27.914Z</time></trkpt><trkpt lat="47.60863280" lon="19.14694710"><ele>137.70</ele><time>2025-10-20T13:50:28.115Z</time></trkpt><trkpt lat="47.60863280" lon="19.14694710"><ele>137.71</ele><time>2025-10-20T13:50:28.317Z</time></trkpt><trkpt lat="47.60863280" lon="19.14694710"><ele>137.71</ele><time>2025-10-20T13:50:28.518Z</time></trkpt><trkpt lat="47.60863280" lon="19.14694710"><ele>137.71</ele><time>2025-10-20T13:50:28.719Z</time></trkpt><trkpt lat="47.60863270" lon="19.14694710"><ele>137.71</ele><time>2025-10-20T13:50:28.920Z</time></trkpt><trkpt lat="47.60863270" lon="19.14694710"><ele>137.71</ele><time>2025-10-20T13:50:29.121Z</time></trkpt><trkpt lat="47.60863270" lon="19.14694720"><ele>137.71</ele><time>2025-10-20T13:50:29.322Z</time></trkpt><trkpt lat="47.60863270" lon="19.14694720"><ele>137.71</ele><time>2025-10-20T13:50:29.522Z</time></trkpt><trkpt lat="47.60863270" lon="19.14694720"><ele>137.71</ele><time>2025-10-20T13:50:29.723Z</time></trkpt><trkpt lat="47.60863270" lon="19.14694730"><ele>137.71</ele><time>2025-10-20T13:50:29.925Z</time></trkpt><trkpt lat="47.60863270" lon="19.14694730"><ele>137.71</ele><time>2025-10-20T13:50:30.126Z</time></trkpt><trkpt lat="47.60863260" lon="19.14694730"><ele>137.72</ele><time>2025-10-20T13:50:30.328Z</time></trkpt><trkpt lat="47.60863270" lon="19.14694730"><ele>137.72</ele><time>2025-10-20T13:50:30.528Z</time></trkpt><trkpt lat="47.60863270" lon="19.14694730"><ele>137.72</ele><time>2025-10-20T13:50:30.729Z</time></trkpt><trkpt lat="47.60863270" lon="19.14694730"><ele>137.72</ele><time>2025-10-20T13:50:30.929Z</time></trkpt><trkpt lat="47.60863270" lon="19.14694730"><ele>137.72</ele><time>2025-10-20T13:50:31.129Z</time></trkpt><trkpt lat="47.60863270" lon="19.14694730"><ele>137.72</ele><time>2025-10-20T13:50:31.331Z</time></trkpt><trkpt lat="47.60863280" lon="19.14694730"><ele>137.72</ele><time>2025-10-20T13:50:31.532Z</time></trkpt><trkpt lat="47.60863280" lon="19.14694730"><ele>137.72</ele><time>2025-10-20T13:50:31.732Z</time></trkpt><trkpt lat="47.60863280" lon="19.14694730"><ele>137.72</ele><time>2025-10-20T13:50:31.934Z</time></trkpt><trkpt lat="47.60863280" lon="19.14694740"><ele>137.72</ele><time>2025-10-20T13:50:32.134Z</time></trkpt><trkpt lat="47.60863280" lon="19.14694740"><ele>137.73</ele><time>2025-10-20T13:50:32.337Z</time></trkpt><trkpt lat="47.60863280" lon="19.14694740"><ele>137.73</ele><time>2025-10-20T13:50:32.537Z</time></trkpt><trkpt lat="47.60863280" lon="19.14694740"><ele>137.72</ele><time>2025-10-20T13:50:32.737Z</time></trkpt><trkpt lat="47.60863280" lon="19.14694740"><ele>137.72</ele><time>2025-10-20T13:50:32.938Z</time></trkpt><trkpt lat="47.60863280" lon="19.14694740"><ele>137.72</ele><time>2025-10-20T13:50:33.138Z</time></trkpt><trkpt lat="47.60863270" lon="19.14694740"><ele>137.73</ele><time>2025-10-20T13:50:33.323Z</time></trkpt><trkpt lat="47.60863270" lon="19.14694740"><ele>137.73</ele><time>2025-10-20T13:50:33.523Z</time></trkpt><trkpt lat="47.60863270" lon="19.14694730"><ele>137.72</ele><time>2025-10-20T13:50:33.723Z</time></trkpt><trkpt lat="47.60863270" lon="19.14694730"><ele>137.71</ele><time>2025-10-20T13:50:33.923Z</time></trkpt><trkpt lat="47.60863270" lon="19.14694730"><ele>137.71</ele><time>2025-10-20T13:50:34.124Z</time></trkpt><trkpt lat="47.60863270" lon="19.14694720"><ele>137.71</ele><time>2025-10-20T13:50:34.330Z</time></trkpt><trkpt lat="47.60863270" lon="19.14694720"><ele>137.72</ele><time>2025-10-20T13:50:34.530Z</time></trkpt><trkpt lat="47.60863270" lon="19.14694720"><ele>137.71</ele><time>2025-10-20T13:50:34.732Z</time></trkpt><trkpt lat="47.60863260" lon="19.14694720"><ele>137.71</ele><time>2025-10-20T13:50:34.933Z</time></trkpt><trkpt lat="47.60863260" lon="19.14694720"><ele>137.71</ele><time>2025-10-20T13:50:35.134Z</time></trkpt><trkpt lat="47.60863260" lon="19.14694720"><ele>137.72</ele><time>2025-10-20T13:50:35.338Z</time></trkpt><trkpt lat="47.60863260" lon="19.14694720"><ele>137.72</ele><time>2025-10-20T13:50:35.519Z</time></trkpt><trkpt lat="47.60863260" lon="19.14694710"><ele>137.71</ele><time>2025-10-20T13:50:35.720Z</time></trkpt><trkpt lat="47.60863270" lon="19.14694710"><ele>137.71</ele><time>2025-10-20T13:50:35.920Z</time></trkpt><trkpt lat="47.60863270" lon="19.14694700"><ele>137.71</ele><time>2025-10-20T13:50:36.122Z</time></trkpt><trkpt lat="47.60863260" lon="19.14694700"><ele>137.72</ele><time>2025-10-20T13:50:36.322Z</time></trkpt><trkpt lat="47.60863270" lon="19.14694700"><ele>137.72</ele><time>2025-10-20T13:50:36.523Z</time></trkpt><trkpt lat="47.60863270" lon="19.14694700"><ele>137.72</ele><time>2025-10-20T13:50:36.723Z</time></trkpt><trkpt lat="47.60863270" lon="19.14694700"><ele>137.71</ele><time>2025-10-20T13:50:36.923Z</time></trkpt><trkpt lat="47.60863270" lon="19.14694700"><ele>137.71</ele><time>2025-10-20T13:50:37.123Z</time></trkpt><trkpt lat="47.60863260" lon="19.14694700"><ele>137.71</ele><time>2025-10-20T13:50:37.325Z</time></trkpt><trkpt lat="47.60863260" lon="19.14694700"><ele>137.70</ele><time>2025-10-20T13:50:37.524Z</time></trkpt><trkpt lat="47.60863250" lon="19.14694710"><ele>137.70</ele><time>2025-10-20T13:50:37.725Z</time></trkpt><trkpt lat="47.60863260" lon="19.14694710"><ele>137.70</ele><time>2025-10-20T13:50:37.925Z</time></trkpt><trkpt lat="47.60863250" lon="19.14694710"><ele>137.70</ele><time>2025-10-20T13:50:38.125Z</time></trkpt><trkpt lat="47.60863250" lon="19.14694710"><ele>137.71</ele><time>2025-10-20T13:50:38.326Z</time></trkpt><trkpt lat="47.60863260" lon="19.14694710"><ele>137.71</ele><time>2025-10-20T13:50:38.526Z</time></trkpt><trkpt lat="47.60863250" lon="19.14694710"><ele>137.71</ele><time>2025-10-20T13:50:38.726Z</time></trkpt><trkpt lat="47.60863260" lon="19.14694710"><ele>137.71</ele><time>2025-10-20T13:50:38.926Z</time></trkpt><trkpt lat="47.60863260" lon="19.14694710"><ele>137.72</ele><time>2025-10-20T13:50:39.125Z</time></trkpt><trkpt lat="47.60863260" lon="19.14694710"><ele>137.72</ele><time>2025-10-20T13:50:39.328Z</time></trkpt><trkpt lat="47.60863250" lon="19.14694710"><ele>137.73</ele><time>2025-10-20T13:50:39.529Z</time></trkpt><trkpt lat="47.60863250" lon="19.14694710"><ele>137.73</ele><time>2025-10-20T13:50:39.730Z</time></trkpt><trkpt lat="47.60863250" lon="19.14694720"><ele>137.74</ele><time>2025-10-20T13:50:39.931Z</time></trkpt><trkpt lat="47.60863260" lon="19.14694710"><ele>137.73</ele><time>2025-10-20T13:50:40.132Z</time></trkpt><trkpt lat="47.60863260" lon="19.14694710"><ele>137.74</ele><time>2025-10-20T13:50:40.333Z</time></trkpt><trkpt lat="47.60863260" lon="19.14694710"><ele>137.74</ele><time>2025-10-20T13:50:40.534Z</time></trkpt><trkpt lat="47.60863270" lon="19.14694700"><ele>137.74</ele><time>2025-10-20T13:50:40.734Z</time></trkpt><trkpt lat="47.60863270" lon="19.14694700"><ele>137.74</ele><time>2025-10-20T13:50:40.955Z</time></trkpt><trkpt lat="47.60863270" lon="19.14694700"><ele>137.74</ele><time>2025-10-20T13:50:41.135Z</time></trkpt><trkpt lat="47.60863270" lon="19.14694700"><ele>137.73</ele><time>2025-10-20T13:50:41.337Z</time></trkpt><trkpt lat="47.60863270" lon="19.14694700"><ele>137.74</ele><time>2025-10-20T13:50:41.537Z</time></trkpt><trkpt lat="47.60863270" lon="19.14694700"><ele>137.74</ele><time>2025-10-20T13:50:41.737Z</time></trkpt><trkpt lat="47.60863270" lon="19.14694700"><ele>137.74</ele><time>2025-10-20T13:50:41.938Z</time></trkpt><trkpt lat="47.60863270" lon="19.14694700"><ele>137.74</ele><time>2025-10-20T13:50:42.139Z</time></trkpt><trkpt lat="47.60863270" lon="19.14694710"><ele>137.74</ele><time>2025-10-20T13:50:42.339Z</time></trkpt><trkpt lat="47.60863280" lon="19.14694710"><ele>137.74</ele><time>2025-10-20T13:50:42.539Z</time></trkpt><trkpt lat="47.60863280" lon="19.14694710"><ele>137.75</ele><time>2025-10-20T13:50:42.739Z</time></trkpt><trkpt lat="47.60863280" lon="19.14694710"><ele>137.74</ele><time>2025-10-20T13:50:42.940Z</time></trkpt><trkpt lat="47.60863280" lon="19.14694710"><ele>137.74</ele><time>2025-10-20T13:50:43.140Z</time></trkpt><trkpt lat="47.60863280" lon="19.14694720"><ele>137.74</ele><time>2025-10-20T13:50:43.340Z</time></trkpt><trkpt lat="47.60863280" lon="19.14694720"><ele>137.75</ele><time>2025-10-20T13:50:43.540Z</time></trkpt><trkpt lat="47.60863280" lon="19.14694720"><ele>137.75</ele><time>2025-10-20T13:50:43.740Z</time></trkpt><trkpt lat="47.60863270" lon="19.14694720"><ele>137.75</ele><time>2025-10-20T13:50:43.940Z</time></trkpt><trkpt lat="47.60863260" lon="19.14694720"><ele>137.75</ele><time>2025-10-20T13:50:44.142Z</time></trkpt><trkpt lat="47.60863260" lon="19.14694720"><ele>137.75</ele><time>2025-10-20T13:50:44.344Z</time></trkpt><trkpt lat="47.60863260" lon="19.14694720"><ele>137.75</ele><time>2025-10-20T13:50:44.545Z</time></trkpt><trkpt lat="47.60863260" lon="19.14694710"><ele>137.75</ele><time>2025-10-20T13:50:44.744Z</time></trkpt><trkpt lat="47.60863260" lon="19.14694710"><ele>137.75</ele><time>2025-10-20T13:50:44.945Z</time></trkpt><trkpt lat="47.60863260" lon="19.14694710"><ele>137.75</ele><time>2025-10-20T13:50:45.145Z</time></trkpt><trkpt lat="47.60863270" lon="19.14694710"><ele>137.76</ele><time>2025-10-20T13:50:45.346Z</time></trkpt><trkpt lat="47.60863270" lon="19.14694710"><ele>137.76</ele><time>2025-10-20T13:50:45.547Z</time></trkpt><trkpt lat="47.60863270" lon="19.14694710"><ele>137.75</ele><time>2025-10-20T13:50:45.747Z</time></trkpt><trkpt lat="47.60863270" lon="19.14694710"><ele>137.76</ele><time>2025-10-20T13:50:45.966Z</time></trkpt><trkpt lat="47.60863270" lon="19.14694710"><ele>137.76</ele><time>2025-10-20T13:50:46.147Z</time></trkpt><trkpt lat="47.60863260" lon="19.14694710"><ele>137.76</ele><time>2025-10-20T13:50:46.353Z</time></trkpt><trkpt lat="47.60863260" lon="19.14694710"><ele>137.76</ele><time>2025-10-20T13:50:46.553Z</time></trkpt><trkpt lat="47.60863260" lon="19.14694710"><ele>137.76</ele><time>2025-10-20T13:50:46.754Z</time></trkpt><trkpt lat="47.60863260" lon="19.14694710"><ele>137.75</ele><time>2025-10-20T13:50:46.954Z</time></trkpt><trkpt lat="47.60863260" lon="19.14694710"><ele>137.75</ele><time>2025-10-20T13:50:47.155Z</time></trkpt><trkpt lat="47.60863260" lon="19.14694710"><ele>137.76</ele><time>2025-10-20T13:50:47.354Z</time></trkpt><trkpt lat="47.60863260" lon="19.14694710"><ele>137.76</ele><time>2025-10-20T13:50:47.555Z</time></trkpt><trkpt lat="47.60863260" lon="19.14694720"><ele>137.76</ele><time>2025-10-20T13:50:47.757Z</time></trkpt><trkpt lat="47.60863260" lon="19.14694720"><ele>137.76</ele><time>2025-10-20T13:50:47.957Z</time></trkpt><trkpt lat="47.60863260" lon="19.14694730"><ele>137.76</ele><time>2025-10-20T13:50:48.157Z</time></trkpt><trkpt lat="47.60863260" lon="19.14694730"><ele>137.76</ele><time>2025-10-20T13:50:48.359Z</time></trkpt><trkpt lat="47.60863270" lon="19.14694730"><ele>137.76</ele><time>2025-10-20T13:50:48.560Z</time></trkpt><trkpt lat="47.60863270" lon="19.14694720"><ele>137.76</ele><time>2025-10-20T13:50:48.779Z</time></trkpt><trkpt lat="47.60863270" lon="19.14694720"><ele>137.76</ele><time>2025-10-20T13:50:48.960Z</time></trkpt><trkpt lat="47.60863280" lon="19.14694720"><ele>137.76</ele><time>2025-10-20T13:50:49.164Z</time></trkpt><trkpt lat="47.60863280" lon="19.14694730"><ele>137.76</ele><time>2025-10-20T13:50:49.345Z</time></trkpt><trkpt lat="47.60863280" lon="19.14694730"><ele>137.77</ele><time>2025-10-20T13:50:49.549Z</time></trkpt><trkpt lat="47.60863280" lon="19.14694730"><ele>137.77</ele><time>2025-10-20T13:50:49.750Z</time></trkpt><trkpt lat="47.60863290" lon="19.14694730"><ele>137.77</ele><time>2025-10-20T13:50:49.950Z</time></trkpt><trkpt lat="47.60863290" lon="19.14694730"><ele>137.77</ele><time>2025-10-20T13:50:50.151Z</time></trkpt><trkpt lat="47.60863290" lon="19.14694730"><ele>137.77</ele><time>2025-10-20T13:50:50.353Z</time></trkpt><trkpt lat="47.60863290" lon="19.14694730"><ele>137.78</ele><time>2025-10-20T13:50:50.553Z</time></trkpt><trkpt lat="47.60863280" lon="19.14694730"><ele>137.77</ele><time>2025-10-20T13:50:50.755Z</time></trkpt><trkpt lat="47.60863280" lon="19.14694730"><ele>137.77</ele><time>2025-10-20T13:50:50.955Z</time></trkpt><trkpt lat="47.60863270" lon="19.14694730"><ele>137.76</ele><time>2025-10-20T13:50:51.156Z</time></trkpt><trkpt lat="47.60863270" lon="19.14694730"><ele>137.76</ele><time>2025-10-20T13:50:51.356Z</time></trkpt><trkpt lat="47.60863260" lon="19.14694730"><ele>137.76</ele><time>2025-10-20T13:50:51.557Z</time></trkpt><trkpt lat="47.60863260" lon="19.14694730"><ele>137.75</ele><time>2025-10-20T13:50:51.758Z</time></trkpt><trkpt lat="47.60863260" lon="19.14694730"><ele>137.75</ele><time>2025-10-20T13:50:51.960Z</time></trkpt><trkpt lat="47.60863260" lon="19.14694730"><ele>137.75</ele><time>2025-10-20T13:50:52.160Z</time></trkpt><trkpt lat="47.60863260" lon="19.14694740"><ele>137.76</ele><time>2025-10-20T13:50:52.362Z</time></trkpt><trkpt lat="47.60863260" lon="19.14694740"><ele>137.75</ele><time>2025-10-20T13:50:52.562Z</time></trkpt><trkpt lat="47.60863270" lon="19.14694740"><ele>137.75</ele><time>2025-10-20T13:50:52.764Z</time></trkpt><trkpt lat="47.60863270" lon="19.14694740"><ele>137.75</ele><time>2025-10-20T13:50:52.964Z</time></trkpt><trkpt lat="47.60863260" lon="19.14694740"><ele>137.75</ele><time>2025-10-20T13:50:53.166Z</time></trkpt><trkpt lat="47.60863260" lon="19.14694740"><ele>137.75</ele><time>2025-10-20T13:50:53.366Z</time></trkpt><trkpt lat="47.60863260" lon="19.14694740"><ele>137.75</ele><time>2025-10-20T13:50:53.568Z</time></trkpt><trkpt lat="47.60863260" lon="19.14694730"><ele>137.75</ele><time>2025-10-20T13:50:53.768Z</time></trkpt><trkpt lat="47.60863260" lon="19.14694730"><ele>137.74</ele><time>2025-10-20T13:50:53.968Z</time></trkpt><trkpt lat="47.60863260" lon="19.14694730"><ele>137.74</ele><time>2025-10-20T13:50:54.169Z</time></trkpt><trkpt lat="47.60863260" lon="19.14694720"><ele>137.74</ele><time>2025-10-20T13:50:54.370Z</time></trkpt><trkpt lat="47.60863260" lon="19.14694720"><ele>137.74</ele><time>2025-10-20T13:50:54.571Z</time></trkpt><trkpt lat="47.60863260" lon="19.14694720"><ele>137.73</ele><time>2025-10-20T13:50:54.771Z</time></trkpt><trkpt lat="47.60863260" lon="19.14694710"><ele>137.73</ele><time>2025-10-20T13:50:54.972Z</time></trkpt><trkpt lat="47.60863260" lon="19.14694710"><ele>137.72</ele><time>2025-10-20T13:50:55.174Z</time></trkpt><trkpt lat="47.60863260" lon="19.14694710"><ele>137.72</ele><time>2025-10-20T13:50:55.375Z</time></trkpt><trkpt lat="47.60863260" lon="19.14694720"><ele>137.73</ele><time>2025-10-20T13:50:55.576Z</time></trkpt><trkpt lat="47.60863250" lon="19.14694720"><ele>137.73</ele><time>2025-10-20T13:50:55.777Z</time></trkpt><trkpt lat="47.60863250" lon="19.14694720"><ele>137.73</ele><time>2025-10-20T13:50:55.977Z</time></trkpt><trkpt lat="47.60863250" lon="19.14694720"><ele>137.72</ele><time>2025-10-20T13:50:56.177Z</time></trkpt><trkpt lat="47.60863250" lon="19.14694720"><ele>137.72</ele><time>2025-10-20T13:50:56.378Z</time></trkpt><trkpt lat="47.60863250" lon="19.14694720"><ele>137.72</ele><time>2025-10-20T13:50:56.578Z</time></trkpt><trkpt lat="47.60863250" lon="19.14694720"><ele>137.72</ele><time>2025-10-20T13:50:56.779Z</time></trkpt><trkpt lat="47.60863250" lon="19.14694710"><ele>137.72</ele><time>2025-10-20T13:50:56.979Z</time></trkpt><trkpt lat="47.60863250" lon="19.14694710"><ele>137.72</ele><time>2025-10-20T13:50:57.180Z</time></trkpt><trkpt lat="47.60863250" lon="19.14694710"><ele>137.72</ele><time>2025-10-20T13:50:57.382Z</time></trkpt><trkpt lat="47.60863250" lon="19.14694710"><ele>137.72</ele><time>2025-10-20T13:50:57.582Z</time></trkpt><trkpt lat="47.60863240" lon="19.14694710"><ele>137.73</ele><time>2025-10-20T13:50:57.783Z</time></trkpt><trkpt lat="47.60863250" lon="19.14694720"><ele>137.72</ele><time>2025-10-20T13:50:57.984Z</time></trkpt><trkpt lat="47.60863250" lon="19.14694720"><ele>137.72</ele><time>2025-10-20T13:50:58.185Z</time></trkpt><trkpt lat="47.60863250" lon="19.14694710"><ele>137.73</ele><time>2025-10-20T13:50:58.386Z</time></trkpt><trkpt lat="47.60863250" lon="19.14694710"><ele>137.73</ele><time>2025-10-20T13:50:58.586Z</time></trkpt><trkpt lat="47.60863250" lon="19.14694700"><ele>137.73</ele><time>2025-10-20T13:50:58.786Z</time></trkpt><trkpt lat="47.60863250" lon="19.14694700"><ele>137.73</ele><time>2025-10-20T13:50:58.986Z</time></trkpt><trkpt lat="47.60863250" lon="19.14694700"><ele>137.73</ele><time>2025-10-20T13:50:59.186Z</time></trkpt><trkpt lat="47.60863250" lon="19.14694700"><ele>137.73</ele><time>2025-10-20T13:50:59.387Z</time></trkpt><trkpt lat="47.60863250" lon="19.14694700"><ele>137.74</ele><time>2025-10-20T13:50:59.587Z</time></trkpt><trkpt lat="47.60863250" lon="19.14694700"><ele>137.74</ele><time>2025-10-20T13:50:59.787Z</time></trkpt><trkpt lat="47.60863250" lon="19.14694700"><ele>137.74</ele><time>2025-10-20T13:50:59.988Z</time></trkpt><trkpt lat="47.60863250" lon="19.14694700"><ele>137.74</ele><time>2025-10-20T13:51:00.188Z</time></trkpt><trkpt lat="47.60863250" lon="19.14694700"><ele>137.75</ele><time>2025-10-20T13:51:00.389Z</time></trkpt><trkpt lat="47.60863260" lon="19.14694700"><ele>137.75</ele><time>2025-10-20T13:51:00.589Z</time></trkpt><trkpt lat="47.60863260" lon="19.14694690"><ele>137.74</ele><time>2025-10-20T13:51:00.790Z</time></trkpt><trkpt lat="47.60863270" lon="19.14694690"><ele>137.74</ele><time>2025-10-20T13:51:00.990Z</time></trkpt><trkpt lat="47.60863270" lon="19.14694690"><ele>137.74</ele><time>2025-10-20T13:51:01.189Z</time></trkpt><trkpt lat="47.60863270" lon="19.14694690"><ele>137.75</ele><time>2025-10-20T13:51:01.390Z</time></trkpt><trkpt lat="47.60863260" lon="19.14694700"><ele>137.75</ele><time>2025-10-20T13:51:01.590Z</time></trkpt><trkpt lat="47.60863260" lon="19.14694700"><ele>137.75</ele><time>2025-10-20T13:51:01.790Z</time></trkpt><trkpt lat="47.60863260" lon="19.14694710"><ele>137.75</ele><time>2025-10-20T13:51:01.990Z</time></trkpt><trkpt lat="47.60863260" lon="19.14694710"><ele>137.75</ele><time>2025-10-20T13:51:02.192Z</time></trkpt><trkpt lat="47.60863260" lon="19.14694720"><ele>137.76</ele><time>2025-10-20T13:51:02.394Z</time></trkpt><trkpt lat="47.60863260" lon="19.14694730"><ele>137.76</ele><time>2025-10-20T13:51:02.595Z</time></trkpt><trkpt lat="47.60863260" lon="19.14694730"><ele>137.76</ele><time>2025-10-20T13:51:02.795Z</time></trkpt><trkpt lat="47.60863260" lon="19.14694730"><ele>137.76</ele><time>2025-10-20T13:51:02.995Z</time></trkpt><trkpt lat="47.60863260" lon="19.14694730"><ele>137.76</ele><time>2025-10-20T13:51:03.196Z</time></trkpt><trkpt lat="47.60863260" lon="19.14694730"><ele>137.76</ele><time>2025-10-20T13:51:03.398Z</time></trkpt><trkpt lat="47.60863260" lon="19.14694730"><ele>137.76</ele><time>2025-10-20T13:51:03.599Z</time></trkpt><trkpt lat="47.60863260" lon="19.14694730"><ele>137.76</ele><time>2025-10-20T13:51:03.799Z</time></trkpt><trkpt lat="47.60863260" lon="19.14694720"><ele>137.75</ele><time>2025-10-20T13:51:04.000Z</time></trkpt><trkpt lat="47.60863250" lon="19.14694720"><ele>137.75</ele><time>2025-10-20T13:51:04.201Z</time></trkpt><trkpt lat="47.60863250" lon="19.14694720"><ele>137.76</ele><time>2025-10-20T13:51:04.401Z</time></trkpt><trkpt lat="47.60863250" lon="19.14694720"><ele>137.76</ele><time>2025-10-20T13:51:04.601Z</time></trkpt><trkpt lat="47.60863250" lon="19.14694720"><ele>137.75</ele><time>2025-10-20T13:51:04.802Z</time></trkpt><trkpt lat="47.60863250" lon="19.14694720"><ele>137.76</ele><time>2025-10-20T13:51:05.003Z</time></trkpt><trkpt lat="47.60863250" lon="19.14694720"><ele>137.76</ele><time>2025-10-20T13:51:05.204Z</time></trkpt><trkpt lat="47.60863250" lon="19.14694720"><ele>137.76</ele><time>2025-10-20T13:51:05.408Z</time></trkpt><trkpt lat="47.60863250" lon="19.14694710"><ele>137.76</ele><time>2025-10-20T13:51:05.609Z</time></trkpt><trkpt lat="47.60863260" lon="19.14694710"><ele>137.76</ele><time>2025-10-20T13:51:05.810Z</time></trkpt><trkpt lat="47.60863260" lon="19.14694710"><ele>137.76</ele><time>2025-10-20T13:51:06.010Z</time></trkpt><trkpt lat="47.60863260" lon="19.14694710"><ele>137.76</ele><time>2025-10-20T13:51:06.213Z</time></trkpt><trkpt lat="47.60863270" lon="19.14694710"><ele>137.76</ele><time>2025-10-20T13:51:06.415Z</time></trkpt><trkpt lat="47.60863270" lon="19.14694710"><ele>137.76</ele><time>2025-10-20T13:51:06.615Z</time></trkpt><trkpt lat="47.60863270" lon="19.14694710"><ele>137.76</ele><time>2025-10-20T13:51:06.817Z</time></trkpt><trkpt lat="47.60863270" lon="19.14694710"><ele>137.76</ele><time>2025-10-20T13:51:07.018Z</time></trkpt><trkpt lat="47.60863270" lon="19.14694710"><ele>137.76</ele><time>2025-10-20T13:51:07.221Z</time></trkpt><trkpt lat="47.60863260" lon="19.14694710"><ele>137.77</ele><time>2025-10-20T13:51:07.422Z</time></trkpt><trkpt lat="47.60863260" lon="19.14694710"><ele>137.76</ele><time>2025-10-20T13:51:07.623Z</time></trkpt><trkpt lat="47.60863250" lon="19.14694710"><ele>137.76</ele><time>2025-10-20T13:51:07.823Z</time></trkpt><trkpt lat="47.60863250" lon="19.14694720"><ele>137.77</ele><time>2025-10-20T13:51:08.023Z</time></trkpt><trkpt lat="47.60863250" lon="19.14694720"><ele>137.77</ele><time>2025-10-20T13:51:08.223Z</time></trkpt><trkpt lat="47.60863250" lon="19.14694720"><ele>137.78</ele><time>2025-10-20T13:51:08.424Z</time></trkpt><trkpt lat="47.60863250" lon="19.14694730"><ele>137.78</ele><time>2025-10-20T13:51:08.624Z</time></trkpt><trkpt lat="47.60863250" lon="19.14694730"><ele>137.78</ele><time>2025-10-20T13:51:08.825Z</time></trkpt><trkpt lat="47.60863250" lon="19.14694730"><ele>137.78</ele><time>2025-10-20T13:51:09.024Z</time></trkpt><trkpt lat="47.60863250" lon="19.14694730"><ele>137.78</ele><time>2025-10-20T13:51:09.224Z</time></trkpt><trkpt lat="47.60863250" lon="19.14694740"><ele>137.78</ele><time>2025-10-20T13:51:09.427Z</time></trkpt><trkpt lat="47.60863250" lon="19.14694740"><ele>137.78</ele><time>2025-10-20T13:51:09.627Z</time></trkpt><trkpt lat="47.60863260" lon="19.14694740"><ele>137.79</ele><time>2025-10-20T13:51:09.827Z</time></trkpt><trkpt lat="47.60863260" lon="19.14694740"><ele>137.79</ele><time>2025-10-20T13:51:10.027Z</time></trkpt><trkpt lat="47.60863260" lon="19.14694740"><ele>137.79</ele><time>2025-10-20T13:51:10.228Z</time></trkpt><trkpt lat="47.60863260" lon="19.14694740"><ele>137.79</ele><time>2025-10-20T13:51:10.430Z</time></trkpt><trkpt lat="47.60863260" lon="19.14694740"><ele>137.80</ele><time>2025-10-20T13:51:10.631Z</time></trkpt><trkpt lat="47.60863270" lon="19.14694740"><ele>137.80</ele><time>2025-10-20T13:51:10.831Z</time></trkpt><trkpt lat="47.60863270" lon="19.14694740"><ele>137.81</ele><time>2025-10-20T13:51:11.012Z</time></trkpt><trkpt lat="47.60863270" lon="19.14694740"><ele>137.81</ele><time>2025-10-20T13:51:11.212Z</time></trkpt><trkpt lat="47.60863260" lon="19.14694730"><ele>137.82</ele><time>2025-10-20T13:51:11.434Z</time></trkpt><trkpt lat="47.60863260" lon="19.14694730"><ele>137.82</ele><time>2025-10-20T13:51:11.614Z</time></trkpt><trkpt lat="47.60863250" lon="19.14694730"><ele>137.81</ele><time>2025-10-20T13:51:11.814Z</time></trkpt><trkpt lat="47.60863250" lon="19.14694730"><ele>137.81</ele><time>2025-10-20T13:51:12.014Z</time></trkpt><trkpt lat="47.60863250" lon="19.14694720"><ele>137.81</ele><time>2025-10-20T13:51:12.216Z</time></trkpt><trkpt lat="47.60863240" lon="19.14694720"><ele>137.82</ele><time>2025-10-20T13:51:12.418Z</time></trkpt><trkpt lat="47.60863240" lon="19.14694720"><ele>137.82</ele><time>2025-10-20T13:51:12.639Z</time></trkpt><trkpt lat="47.60863240" lon="19.14694720"><ele>137.81</ele><time>2025-10-20T13:51:12.819Z</time></trkpt><trkpt lat="47.60863240" lon="19.14694720"><ele>137.81</ele><time>2025-10-20T13:51:13.019Z</time></trkpt><trkpt lat="47.60863240" lon="19.14694720"><ele>137.81</ele><time>2025-10-20T13:51:13.220Z</time></trkpt><trkpt lat="47.60863250" lon="19.14694730"><ele>137.82</ele><time>2025-10-20T13:51:13.421Z</time></trkpt><trkpt lat="47.60863240" lon="19.14694730"><ele>137.82</ele><time>2025-10-20T13:51:13.622Z</time></trkpt><trkpt lat="47.60863240" lon="19.14694730"><ele>137.82</ele><time>2025-10-20T13:51:13.822Z</time></trkpt><trkpt lat="47.60863240" lon="19.14694730"><ele>137.82</ele><time>2025-10-20T13:51:14.022Z</time></trkpt><trkpt lat="47.60863230" lon="19.14694730"><ele>137.82</ele><time>2025-10-20T13:51:14.222Z</time></trkpt><trkpt lat="47.60863220" lon="19.14694720"><ele>137.82</ele><time>2025-10-20T13:51:14.423Z</time></trkpt><trkpt lat="47.60863220" lon="19.14694720"><ele>137.82</ele><time>2025-10-20T13:51:14.623Z</time></trkpt><trkpt lat="47.60863220" lon="19.14694720"><ele>137.83</ele><time>2025-10-20T13:51:14.823Z</time></trkpt><trkpt lat="47.60863220" lon="19.14694710"><ele>137.82</ele><time>2025-10-20T13:51:15.023Z</time></trkpt><trkpt lat="47.60863230" lon="19.14694710"><ele>137.82</ele><time>2025-10-20T13:51:15.224Z</time></trkpt><trkpt lat="47.60863230" lon="19.14694700"><ele>137.81</ele><time>2025-10-20T13:51:15.425Z</time></trkpt><trkpt lat="47.60863220" lon="19.14694700"><ele>137.81</ele><time>2025-10-20T13:51:15.625Z</time></trkpt><trkpt lat="47.60863220" lon="19.14694700"><ele>137.81</ele><time>2025-10-20T13:51:15.825Z</time></trkpt><trkpt lat="47.60863220" lon="19.14694700"><ele>137.81</ele><time>2025-10-20T13:51:16.026Z</time></trkpt><trkpt lat="47.60863220" lon="19.14694700"><ele>137.81</ele><time>2025-10-20T13:51:16.225Z</time></trkpt><trkpt lat="47.60863220" lon="19.14694700"><ele>137.81</ele><time>2025-10-20T13:51:16.427Z</time></trkpt><trkpt lat="47.60863220" lon="19.14694700"><ele>137.81</ele><time>2025-10-20T13:51:16.628Z</time></trkpt><trkpt lat="47.60863220" lon="19.14694710"><ele>137.81</ele><time>2025-10-20T13:51:16.828Z</time></trkpt><trkpt lat="47.60863230" lon="19.14694710"><ele>137.81</ele><time>2025-10-20T13:51:17.029Z</time></trkpt><trkpt lat="47.60863230" lon="19.14694700"><ele>137.81</ele><time>2025-10-20T13:51:17.230Z</time></trkpt><trkpt lat="47.60863230" lon="19.14694700"><ele>137.81</ele><time>2025-10-20T13:51:17.432Z</time></trkpt><trkpt lat="47.60863230" lon="19.14694700"><ele>137.81</ele><time>2025-10-20T13:51:17.632Z</time></trkpt><trkpt lat="47.60863230" lon="19.14694700"><ele>137.81</ele><time>2025-10-20T13:51:17.832Z</time></trkpt><trkpt lat="47.60863230" lon="19.14694690"><ele>137.80</ele><time>2025-10-20T13:51:18.033Z</time></trkpt><trkpt lat="47.60863230" lon="19.14694700"><ele>137.80</ele><time>2025-10-20T13:51:18.235Z</time></trkpt><trkpt lat="47.60863230" lon="19.14694700"><ele>137.80</ele><time>2025-10-20T13:51:18.436Z</time></trkpt><trkpt lat="47.60863240" lon="19.14694700"><ele>137.80</ele><time>2025-10-20T13:51:18.636Z</time></trkpt><trkpt lat="47.60863240" lon="19.14694710"><ele>137.80</ele><time>2025-10-20T13:51:18.837Z</time></trkpt><trkpt lat="47.60863240" lon="19.14694710"><ele>137.80</ele><time>2025-10-20T13:51:19.038Z</time></trkpt><trkpt lat="47.60863240" lon="19.14694710"><ele>137.80</ele><time>2025-10-20T13:51:19.239Z</time></trkpt><trkpt lat="47.60863240" lon="19.14694720"><ele>137.80</ele><time>2025-10-20T13:51:19.423Z</time></trkpt><trkpt lat="47.60863250" lon="19.14694720"><ele>137.80</ele><time>2025-10-20T13:51:19.625Z</time></trkpt><trkpt lat="47.60863250" lon="19.14694720"><ele>137.79</ele><time>2025-10-20T13:51:19.825Z</time></trkpt><trkpt lat="47.60863250" lon="19.14694720"><ele>137.79</ele><time>2025-10-20T13:51:20.026Z</time></trkpt><trkpt lat="47.60863250" lon="19.14694720"><ele>137.79</ele><time>2025-10-20T13:51:20.229Z</time></trkpt><trkpt lat="47.60863240" lon="19.14694720"><ele>137.79</ele><time>2025-10-20T13:51:20.430Z</time></trkpt><trkpt lat="47.60863240" lon="19.14694720"><ele>137.79</ele><time>2025-10-20T13:51:20.631Z</time></trkpt><trkpt lat="47.60863240" lon="19.14694720"><ele>137.79</ele><time>2025-10-20T13:51:20.832Z</time></trkpt><trkpt lat="47.60863240" lon="19.14694730"><ele>137.79</ele><time>2025-10-20T13:51:21.033Z</time></trkpt><trkpt lat="47.60863240" lon="19.14694730"><ele>137.79</ele><time>2025-10-20T13:51:21.234Z</time></trkpt><trkpt lat="47.60863240" lon="19.14694730"><ele>137.79</ele><time>2025-10-20T13:51:21.435Z</time></trkpt><trkpt lat="47.60863240" lon="19.14694740"><ele>137.80</ele><time>2025-10-20T13:51:21.636Z</time></trkpt><trkpt lat="47.60863240" lon="19.14694740"><ele>137.80</ele><time>2025-10-20T13:51:21.837Z</time></trkpt><trkpt lat="47.60863240" lon="19.14694750"><ele>137.80</ele><time>2025-10-20T13:51:22.037Z</time></trkpt><trkpt lat="47.60863240" lon="19.14694750"><ele>137.80</ele><time>2025-10-20T13:51:22.238Z</time></trkpt><trkpt lat="47.60863240" lon="19.14694750"><ele>137.80</ele><time>2025-10-20T13:51:22.459Z</time></trkpt><trkpt lat="47.60863240" lon="19.14694750"><ele>137.80</ele><time>2025-10-20T13:51:22.639Z</time></trkpt><trkpt lat="47.60863240" lon="19.14694750"><ele>137.80</ele><time>2025-10-20T13:51:22.839Z</time></trkpt><trkpt lat="47.60863240" lon="19.14694750"><ele>137.79</ele><time>2025-10-20T13:51:23.040Z</time></trkpt><trkpt lat="47.60863240" lon="19.14694750"><ele>137.79</ele><time>2025-10-20T13:51:23.242Z</time></trkpt><trkpt lat="47.60863230" lon="19.14694750"><ele>137.79</ele><time>2025-10-20T13:51:23.443Z</time></trkpt><trkpt lat="47.60863240" lon="19.14694740"><ele>137.79</ele><time>2025-10-20T13:51:23.644Z</time></trkpt><trkpt lat="47.60863240" lon="19.14694740"><ele>137.79</ele><time>2025-10-20T13:51:23.844Z</time></trkpt><trkpt lat="47.60863240" lon="19.14694740"><ele>137.79</ele><time>2025-10-20T13:51:24.044Z</time></trkpt><trkpt lat="47.60863240" lon="19.14694740"><ele>137.79</ele><time>2025-10-20T13:51:24.245Z</time></trkpt><trkpt lat="47.60863240" lon="19.14694750"><ele>137.80</ele><time>2025-10-20T13:51:24.450Z</time></trkpt><trkpt lat="47.60863250" lon="19.14694740"><ele>137.80</ele><time>2025-10-20T13:51:24.651Z</time></trkpt><trkpt lat="47.60863260" lon="19.14694740"><ele>137.80</ele><time>2025-10-20T13:51:24.853Z</time></trkpt><trkpt lat="47.60863260" lon="19.14694740"><ele>137.79</ele><time>2025-10-20T13:51:25.054Z</time></trkpt><trkpt lat="47.60863260" lon="19.14694730"><ele>137.79</ele><time>2025-10-20T13:51:25.255Z</time></trkpt><trkpt lat="47.60863260" lon="19.14694730"><ele>137.79</ele><time>2025-10-20T13:51:25.455Z</time></trkpt><trkpt lat="47.60863250" lon="19.14694730"><ele>137.79</ele><time>2025-10-20T13:51:25.656Z</time></trkpt><trkpt lat="47.60863250" lon="19.14694730"><ele>137.79</ele><time>2025-10-20T13:51:25.857Z</time></trkpt><trkpt lat="47.60863260" lon="19.14694730"><ele>137.79</ele><time>2025-10-20T13:51:26.058Z</time></trkpt><trkpt lat="47.60863260" lon="19.14694730"><ele>137.79</ele><time>2025-10-20T13:51:26.259Z</time></trkpt><trkpt lat="47.60863260" lon="19.14694730"><ele>137.79</ele><time>2025-10-20T13:51:26.460Z</time></trkpt><trkpt lat="47.60863270" lon="19.14694730"><ele>137.79</ele><time>2025-10-20T13:51:26.660Z</time></trkpt><trkpt lat="47.60863270" lon="19.14694740"><ele>137.80</ele><time>2025-10-20T13:51:26.881Z</time></trkpt><trkpt lat="47.60863270" lon="19.14694740"><ele>137.80</ele><time>2025-10-20T13:51:27.061Z</time></trkpt><trkpt lat="47.60863270" lon="19.14694740"><ele>137.80</ele><time>2025-10-20T13:51:27.262Z</time></trkpt><trkpt lat="47.60863260" lon="19.14694740"><ele>137.81</ele><time>2025-10-20T13:51:27.482Z</time></trkpt><trkpt lat="47.60863260" lon="19.14694740"><ele>137.81</ele><time>2025-10-20T13:51:27.663Z</time></trkpt><trkpt lat="47.60863260" lon="19.14694750"><ele>137.80</ele><time>2025-10-20T13:51:27.863Z</time></trkpt><trkpt lat="47.60863260" lon="19.14694750"><ele>137.80</ele><time>2025-10-20T13:51:28.063Z</time></trkpt><trkpt lat="47.60863250" lon="19.14694740"><ele>137.80</ele><time>2025-10-20T13:51:28.264Z</time></trkpt><trkpt lat="47.60863250" lon="19.14694740"><ele>137.81</ele><time>2025-10-20T13:51:28.464Z</time></trkpt><trkpt lat="47.60863250" lon="19.14694740"><ele>137.81</ele><time>2025-10-20T13:51:28.665Z</time></trkpt><trkpt lat="47.60863240" lon="19.14694740"><ele>137.80</ele><time>2025-10-20T13:51:28.865Z</time></trkpt><trkpt lat="47.60863240" lon="19.14694740"><ele>137.80</ele><time>2025-10-20T13:51:29.065Z</time></trkpt><trkpt lat="47.60863240" lon="19.14694740"><ele>137.80</ele><time>2025-10-20T13:51:29.267Z</time></trkpt><trkpt lat="47.60863240" lon="19.14694740"><ele>137.80</ele><time>2025-10-20T13:51:29.467Z</time></trkpt><trkpt lat="47.60863230" lon="19.14694740"><ele>137.80</ele><time>2025-10-20T13:51:29.667Z</time></trkpt><trkpt lat="47.60863230" lon="19.14694740"><ele>137.79</ele><time>2025-10-20T13:51:29.868Z</time></trkpt><trkpt lat="47.60863230" lon="19.14694730"><ele>137.78</ele><time>2025-10-20T13:51:30.069Z</time></trkpt><trkpt lat="47.60863230" lon="19.14694730"><ele>137.78</ele><time>2025-10-20T13:51:30.269Z</time></trkpt><trkpt lat="47.60863230" lon="19.14694730"><ele>137.79</ele><time>2025-10-20T13:51:30.472Z</time></trkpt><trkpt lat="47.60863230" lon="19.14694740"><ele>137.79</ele><time>2025-10-20T13:51:30.674Z</time></trkpt><trkpt lat="47.60863240" lon="19.14694730"><ele>137.79</ele><time>2025-10-20T13:51:30.874Z</time></trkpt><trkpt lat="47.60863240" lon="19.14694730"><ele>137.79</ele><time>2025-10-20T13:51:31.076Z</time></trkpt><trkpt lat="47.60863240" lon="19.14694730"><ele>137.80</ele><time>2025-10-20T13:51:31.262Z</time></trkpt><trkpt lat="47.60863250" lon="19.14694730"><ele>137.80</ele><time>2025-10-20T13:51:31.464Z</time></trkpt><trkpt lat="47.60863250" lon="19.14694730"><ele>137.80</ele><time>2025-10-20T13:51:31.664Z</time></trkpt><trkpt lat="47.60863260" lon="19.14694730"><ele>137.80</ele><time>2025-10-20T13:51:31.865Z</time></trkpt><trkpt lat="47.60863250" lon="19.14694730"><ele>137.79</ele><time>2025-10-20T13:51:32.085Z</time></trkpt><trkpt lat="47.60863250" lon="19.14694720"><ele>137.79</ele><time>2025-10-20T13:51:32.267Z</time></trkpt><trkpt lat="47.60863240" lon="19.14694720"><ele>137.79</ele><time>2025-10-20T13:51:32.490Z</time></trkpt><trkpt lat="47.60863240" lon="19.14694720"><ele>137.79</ele><time>2025-10-20T13:51:32.670Z</time></trkpt><trkpt lat="47.60863240" lon="19.14694710"><ele>137.79</ele><time>2025-10-20T13:51:32.870Z</time></trkpt><trkpt lat="47.60863250" lon="19.14694720"><ele>137.79</ele><time>2025-10-20T13:51:33.070Z</time></trkpt><trkpt lat="47.60863250" lon="19.14694720"><ele>137.78</ele><time>2025-10-20T13:51:33.275Z</time></trkpt><trkpt lat="47.60863250" lon="19.14694720"><ele>137.79</ele><time>2025-10-20T13:51:33.474Z</time></trkpt><trkpt lat="47.60863260" lon="19.14694730"><ele>137.80</ele><time>2025-10-20T13:51:33.674Z</time></trkpt><trkpt lat="47.60863260" lon="19.14694730"><ele>137.80</ele><time>2025-10-20T13:51:33.875Z</time></trkpt><trkpt lat="47.60863260" lon="19.14694730"><ele>137.79</ele><time>2025-10-20T13:51:34.075Z</time></trkpt><trkpt lat="47.60863270" lon="19.14694730"><ele>137.80</ele><time>2025-10-20T13:51:34.276Z</time></trkpt><trkpt lat="47.60863270" lon="19.14694720"><ele>137.80</ele><time>2025-10-20T13:51:34.476Z</time></trkpt><trkpt lat="47.60863270" lon="19.14694720"><ele>137.80</ele><time>2025-10-20T13:51:34.678Z</time></trkpt><trkpt lat="47.60863270" lon="19.14694720"><ele>137.79</ele><time>2025-10-20T13:51:34.878Z</time></trkpt><trkpt lat="47.60863260" lon="19.14694720"><ele>137.79</ele><time>2025-10-20T13:51:35.079Z</time></trkpt><trkpt lat="47.60863250" lon="19.14694720"><ele>137.79</ele><time>2025-10-20T13:51:35.280Z</time></trkpt></trkseg></trk></gpx>