<?xml version='1.0' encoding='utf-8'?>
<gpx version="1.1" creator="converttogpx.py" xmlns="http://www.topografix.com/GPX/1/1" xmlns:xsi="http://www.w3.org/2001/XMLSchema-instance" xsi:schemaLocation="http://www.topografix.com/GPX/1/1 http://www.topografix.com/GPX/1/1/gpx.xsd"><trk><name>drone130 20251020-004</name><trkseg><trkpt lat="47.60863500" lon="19.14699710"><ele>136.98</ele><time>2025-10-20T13:42:45.736Z</time></trkpt><trkpt lat="47.60863500" lon="19.14699710"><ele>136.99</ele><time>2025-10-20T13:42:45.956Z</time></trkpt><trkpt lat="47.60863500" lon="19.14699710"><ele>137.00</ele><time>2025-10-20T13:42:46.138Z</time></trkpt><trkpt lat="47.60863500" lon="19.14699710"><ele>137.01</ele><time>2025-10-20T13:42:46.329Z</time></trkpt><trkpt lat="47.60863500" lon="19.14699710"><ele>137.03</ele><time>2025-10-20T13:42:46.563Z</time></trkpt><trkpt lat="47.60863500" lon="19.14699720"><ele>137.04</ele><time>2025-10-20T13:42:46.763Z</time></trkpt><trkpt lat="47.60863500" lon="19.14699710"><ele>137.06</ele><time>2025-10-20T13:42:46.964Z</time></trkpt><trkpt lat="47.60863500" lon="19.14699710"><ele>137.07</ele><time>2025-10-20T13:42:47.164Z</time></trkpt><trkpt lat="47.60863500" lon="19.14699720"><ele>137.08</ele><time>2025-10-20T13:42:47.367Z</time></trkpt><trkpt lat="47.60863500" lon="19.14699720"><ele>137.09</ele><time>2025-10-20T13:42:47.567Z</time></trkpt><trkpt lat="47.60863500" lon="19.14699720"><ele>137.10</ele><time>2025-10-20T13:42:47.728Z</time></trkpt><trkpt lat="47.60863500" lon="19.14699710"><ele>137.11</ele><time>2025-10-20T13:42:47.969Z</time></trkpt><trkpt lat="47.60863500" lon="19.14699710"><ele>137.12</ele><time>2025-10-20T13:42:48.169Z</time></trkpt><trkpt lat="47.60863500" lon="19.14699720"><ele>137.12</ele><time>2025-10-20T13:42:48.390Z</time></trkpt><trkpt lat="47.60863510" lon="19.14699710"><ele>137.12</ele><time>2025-10-20T13:42:48.570Z</time></trkpt><trkpt lat="47.60863510" lon="19.14699710"><ele>137.12</ele><time>2025-10-20T13:42:48.770Z</time></trkpt><trkpt lat="47.60863510" lon="19.14699710"><ele>137.12</ele><time>2025-10-20T13:42:48.971Z</time></trkpt><trkpt lat="47.60863520" lon="19.14699710"><ele>137.12</ele><time>2025-10-20T13:42:49.171Z</time></trkpt><trkpt lat="47.60863520" lon="19.14699710"><ele>137.12</ele><time>2025-10-20T13:42:49.372Z</time></trkpt><trkpt lat="47.60863520" lon="19.14699710"><ele>137.12</ele><time>2025-10-20T13:42:49.571Z</time></trkpt><trkpt lat="47.60863520" lon="19.14699710"><ele>137.12</ele><time>2025-10-20T13:42:49.752Z</time></trkpt><trkpt lat="47.60863520" lon="19.14699720"><ele>137.12</ele><time>2025-10-20T13:42:49.971Z</time></trkpt><trkpt lat="47.60863530" lon="19.14699720"><ele>137.12</ele><time>2025-10-20T13:42:50.171Z</time></trkpt><trkpt lat="47.60863540" lon="19.14699720"><ele>137.12</ele><time>2025-10-20T13:42:50.373Z</time></trkpt><trkpt lat="47.60863540" lon="19.14699720"><ele>137.11</ele><time>2025-10-20T13:42:50.574Z</time></trkpt><trkpt lat="47.60863550" lon="19.14699710"><ele>137.10</ele><time>2025-10-20T13:42:50.775Z</time></trkpt><trkpt lat="47.60863560" lon="19.14699710"><ele>137.09</ele><time>2025-10-20T13:42:50.974Z</time></trkpt><trkpt lat="47.60863570" lon="19.14699710"><ele>137.09</ele><time>2025-10-20T13:42:51.175Z</time></trkpt><trkpt lat="47.60863580" lon="19.14699710"><ele>137.08</ele><time>2025-10-20T13:42:51.375Z</time></trkpt><trkpt lat="47.60863590" lon="19.14699710"><ele>137.07</ele><time>2025-10-20T13:42:51.535Z</time></trkpt><trkpt lat="47.60863600" lon="19.14699710"><ele>137.06</ele><time>2025-10-20T13:42:51.776Z</time></trkpt><trkpt lat="47.60863610" lon="19.14699710"><ele>137.05</ele><time>2025-10-20T13:42:51.976Z</time></trkpt><trkpt lat="47.60863610" lon="19.14699700"><ele>137.05</ele><time>2025-10-20T13:42:52.176Z</time></trkpt><trkpt lat="47.60863610" lon="19.14699690"><ele>137.20</ele><time>2025-10-20T13:42:52.378Z</time></trkpt><trkpt lat="47.60863610" lon="19.14699650"><ele>137.56</ele><time>2025-10-20T13:42:52.578Z</time></trkpt><trkpt lat="47.60863630" lon="19.14699610"><ele>137.99</ele><time>2025-10-20T13:42:52.779Z</time></trkpt><trkpt lat="47.60863660" lon="19.14699570"><ele>138.47</ele><time>2025-10-20T13:42:52.981Z</time></trkpt><trkpt lat="47.60863690" lon="19.14699520"><ele>138.99</ele><time>2025-10-20T13:42:53.182Z</time></trkpt><trkpt lat="47.60863710" lon="19.14699470"><ele>139.51</ele><time>2025-10-20T13:42:53.382Z</time></trkpt><trkpt lat="47.60863710" lon="19.14699420"><ele>139.95</ele><time>2025-10-20T13:42:53.562Z</time></trkpt><trkpt lat="47.60863700" lon="19.14699360"><ele>140.40</ele><time>2025-10-20T13:42:53.784Z</time></trkpt><trkpt lat="47.60863650" lon="19.14699310"><ele>140.92</ele><time>2025-10-20T13:42:53.989Z</time></trkpt><trkpt lat="47.60863570" lon="19.14699220"><ele>141.53</ele><time>2025-10-20T13:42:54.192Z</time></trkpt><trkpt lat="47.60863480" lon="19.14699130"><ele>142.12</ele><time>2025-10-20T13:42:54.396Z</time></trkpt><trkpt lat="47.60863380" lon="19.14699050"><ele>142.72</ele><time>2025-10-20T13:42:54.599Z</time></trkpt><trkpt lat="47.60863280" lon="19.14699010"><ele>143.31</ele><time>2025-10-20T13:42:54.801Z</time></trkpt><trkpt lat="47.60863170" lon="19.14699010"><ele>143.89</ele><time>2025-10-20T13:42:55.001Z</time></trkpt><trkpt lat="47.60863090" lon="19.14699060"><ele>144.37</ele><time>2025-10-20T13:42:55.165Z</time></trkpt><trkpt lat="47.60862990" lon="19.14699160"><ele>144.92</ele><time>2025-10-20T13:42:55.371Z</time></trkpt><trkpt lat="47.60862870" lon="19.14699310"><ele>145.49</ele><time>2025-10-20T13:42:55.594Z</time></trkpt><trkpt lat="47.60862770" lon="19.14699490"><ele>145.98</ele><time>2025-10-20T13:42:55.796Z</time></trkpt><trkpt lat="47.60862690" lon="19.14699640"><ele>146.42</ele><time>2025-10-20T13:42:55.977Z</time></trkpt><trkpt lat="47.60862610" lon="19.14699800"><ele>146.96</ele><time>2025-10-20T13:42:56.201Z</time></trkpt><trkpt lat="47.60862560" lon="19.14699890"><ele>147.40</ele><time>2025-10-20T13:42:56.384Z</time></trkpt><trkpt lat="47.60862510" lon="19.14699970"><ele>147.90</ele><time>2025-10-20T13:42:56.592Z</time></trkpt><trkpt lat="47.60862450" lon="19.14700000"><ele>148.40</ele><time>2025-10-20T13:42:56.795Z</time></trkpt><trkpt lat="47.60862370" lon="19.14700010"><ele>148.87</ele><time>2025-10-20T13:42:56.996Z</time></trkpt><trkpt lat="47.60862290" lon="19.14700010"><ele>149.37</ele><time>2025-10-20T13:42:57.197Z</time></trkpt><trkpt lat="47.60862220" lon="19.14700010"><ele>149.88</ele><time>2025-10-20T13:42:57.410Z</time></trkpt><trkpt lat="47.60862160" lon="19.14700020"><ele>150.29</ele><time>2025-10-20T13:42:57.591Z</time></trkpt><trkpt lat="47.60862090" lon="19.14700050"><ele>150.76</ele><time>2025-10-20T13:42:57.792Z</time></trkpt><trkpt lat="47.60862020" lon="19.14700100"><ele>151.23</ele><time>2025-10-20T13:42:57.994Z</time></trkpt><trkpt lat="47.60861940" lon="19.14700150"><ele>151.72</ele><time>2025-10-20T13:42:58.195Z</time></trkpt><trkpt lat="47.60861870" lon="19.14700200"><ele>152.21</ele><time>2025-10-20T13:42:58.395Z</time></trkpt><trkpt lat="47.60861800" lon="19.14700250"><ele>152.67</ele><time>2025-10-20T13:42:58.595Z</time></trkpt><trkpt lat="47.60861740" lon="19.14700310"><ele>153.15</ele><time>2025-10-20T13:42:58.796Z</time></trkpt><trkpt lat="47.60861670" lon="19.14700370"><ele>153.64</ele><time>2025-10-20T13:42:58.996Z</time></trkpt><trkpt lat="47.60861610" lon="19.14700440"><ele>154.11</ele><time>2025-10-20T13:42:59.198Z</time></trkpt><trkpt lat="47.60861570" lon="19.14700510"><ele>154.60</ele><time>2025-10-20T13:42:59.408Z</time></trkpt><trkpt lat="47.60861520" lon="19.14700570"><ele>155.08</ele><time>2025-10-20T13:42:59.613Z</time></trkpt><trkpt lat="47.60861480" lon="19.14700610"><ele>155.56</ele><time>2025-10-20T13:42:59.815Z</time></trkpt><trkpt lat="47.60861450" lon="19.14700660"><ele>155.94</ele><time>2025-10-20T13:42:59.995Z</time></trkpt><trkpt lat="47.60861410" lon="19.14700720"><ele>156.20</ele><time>2025-10-20T13:43:00.200Z</time></trkpt><trkpt lat="47.60861380" lon="19.14700770"><ele>156.34</ele><time>2025-10-20T13:43:00.411Z</time></trkpt><trkpt lat="47.60861360" lon="19.14700800"><ele>156.30</ele><time>2025-10-20T13:43:00.611Z</time></trkpt><trkpt lat="47.60861350" lon="19.14700770"><ele>156.18</ele><time>2025-10-20T13:43:00.813Z</time></trkpt><trkpt lat="47.60861380" lon="19.14700670"><ele>156.04</ele><time>2025-10-20T13:43:01.014Z</time></trkpt><trkpt lat="47.60861470" lon="19.14700510"><ele>155.85</ele><time>2025-10-20T13:43:01.216Z</time></trkpt><trkpt lat="47.60861630" lon="19.14700300"><ele>155.65</ele><time>2025-10-20T13:43:01.418Z</time></trkpt><trkpt lat="47.60861860" lon="19.14700060"><ele>155.51</ele><time>2025-10-20T13:43:01.619Z</time></trkpt><trkpt lat="47.60862090" lon="19.14699890"><ele>155.41</ele><time>2025-10-20T13:43:01.819Z</time></trkpt><trkpt lat="47.60862320" lon="19.14699880"><ele>155.38</ele><time>2025-10-20T13:43:02.020Z</time></trkpt><trkpt lat="47.60862560" lon="19.14700110"><ele>155.51</ele><time>2025-10-20T13:43:02.222Z</time></trkpt><trkpt lat="47.60862750" lon="19.14700550"><ele>155.64</ele><time>2025-10-20T13:43:02.427Z</time></trkpt><trkpt lat="47.60862860" lon="19.14701100"><ele>155.75</ele><time>2025-10-20T13:43:02.628Z</time></trkpt><trkpt lat="47.60862910" lon="19.14701630"><ele>155.89</ele><time>2025-10-20T13:43:02.829Z</time></trkpt><trkpt lat="47.60862970" lon="19.14702060"><ele>155.94</ele><time>2025-10-20T13:43:03.011Z</time></trkpt><trkpt lat="47.60863080" lon="19.14702560"><ele>155.97</ele><time>2025-10-20T13:43:03.214Z</time></trkpt><trkpt lat="47.60863250" lon="19.14703050"><ele>156.01</ele><time>2025-10-20T13:43:03.400Z</time></trkpt><trkpt lat="47.60863500" lon="19.14703680"><ele>156.03</ele><time>2025-10-20T13:43:03.623Z</time></trkpt><trkpt lat="47.60863730" lon="19.14704260"><ele>156.07</ele><time>2025-10-20T13:43:03.825Z</time></trkpt><trkpt lat="47.60863980" lon="19.14704820"><ele>156.10</ele><time>2025-10-20T13:43:04.026Z</time></trkpt><trkpt lat="47.60864260" lon="19.14705350"><ele>156.16</ele><time>2025-10-20T13:43:04.231Z</time></trkpt><trkpt lat="47.60864490" lon="19.14705750"><ele>156.21</ele><time>2025-10-20T13:43:04.396Z</time></trkpt><trkpt lat="47.60864760" lon="19.14706180"><ele>156.26</ele><time>2025-10-20T13:43:04.577Z</time></trkpt><trkpt lat="47.60865150" lon="19.14706590"><ele>156.32</ele><time>2025-10-20T13:43:04.798Z</time></trkpt><trkpt lat="47.60865660" lon="19.14706800"><ele>156.36</ele><time>2025-10-20T13:43:05.020Z</time></trkpt><trkpt lat="47.60866220" lon="19.14706740"><ele>156.41</ele><time>2025-10-20T13:43:05.224Z</time></trkpt><trkpt lat="47.60866830" lon="19.14706380"><ele>156.46</ele><time>2025-10-20T13:43:05.430Z</time></trkpt><trkpt lat="47.60867360" lon="19.14705860"><ele>156.51</ele><time>2025-10-20T13:43:05.613Z</time></trkpt><trkpt lat="47.60867880" lon="19.14705110"><ele>156.56</ele><time>2025-10-20T13:43:05.814Z</time></trkpt><trkpt lat="47.60868350" lon="19.14704160"><ele>156.64</ele><time>2025-10-20T13:43:06.015Z</time></trkpt><trkpt lat="47.60868750" lon="19.14703060"><ele>156.71</ele><time>2025-10-20T13:43:06.221Z</time></trkpt><trkpt lat="47.60869040" lon="19.14701930"><ele>156.80</ele><time>2025-10-20T13:43:06.429Z</time></trkpt><trkpt lat="47.60869150" lon="19.14700900"><ele>156.87</ele><time>2025-10-20T13:43:06.630Z</time></trkpt><trkpt lat="47.60869140" lon="19.14699890"><ele>156.93</ele><time>2025-10-20T13:43:06.832Z</time></trkpt><trkpt lat="47.60869040" lon="19.14698910"><ele>156.99</ele><time>2025-10-20T13:43:07.034Z</time></trkpt><trkpt lat="47.60868880" lon="19.14697900"><ele>157.01</ele><time>2025-10-20T13:43:07.240Z</time></trkpt><trkpt lat="47.60868700" lon="19.14696910"><ele>157.03</ele><time>2025-10-20T13:43:07.442Z</time></trkpt><trkpt lat="47.60868450" lon="19.14695960"><ele>157.05</ele><time>2025-10-20T13:43:07.645Z</time></trkpt><trkpt lat="47.60868190" lon="19.14695250"><ele>157.06</ele><time>2025-10-20T13:43:07.807Z</time></trkpt><trkpt lat="47.60867750" lon="19.14694300"><ele>157.07</ele><time>2025-10-20T13:43:08.031Z</time></trkpt><trkpt lat="47.60867300" lon="19.14693480"><ele>157.07</ele><time>2025-10-20T13:43:08.232Z</time></trkpt><trkpt lat="47.60866810" lon="19.14692650"><ele>157.07</ele><time>2025-10-20T13:43:08.439Z</time></trkpt><trkpt lat="47.60866260" lon="19.14691950"><ele>157.08</ele><time>2025-10-20T13:43:08.640Z</time></trkpt><trkpt lat="47.60865670" lon="19.14691320"><ele>157.08</ele><time>2025-10-20T13:43:08.842Z</time></trkpt><trkpt lat="47.60865050" lon="19.14690770"><ele>157.06</ele><time>2025-10-20T13:43:09.044Z</time></trkpt><trkpt lat="47.60864410" lon="19.14690330"><ele>157.04</ele><time>2025-10-20T13:43:09.237Z</time></trkpt><trkpt lat="47.60863740" lon="19.14689990"><ele>157.02</ele><time>2025-10-20T13:43:09.438Z</time></trkpt><trkpt lat="47.60863030" lon="19.14689730"><ele>156.99</ele><time>2025-10-20T13:43:09.642Z</time></trkpt><trkpt lat="47.60862320" lon="19.14689560"><ele>156.97</ele><time>2025-10-20T13:43:09.846Z</time></trkpt><trkpt lat="47.60861600" lon="19.14689510"><ele>156.93</ele><time>2025-10-20T13:43:10.049Z</time></trkpt><trkpt lat="47.60860860" lon="19.14689560"><ele>156.91</ele><time>2025-10-20T13:43:10.255Z</time></trkpt><trkpt lat="47.60860130" lon="19.14689700"><ele>156.89</ele><time>2025-10-20T13:43:10.459Z</time></trkpt><trkpt lat="47.60859390" lon="19.14689960"><ele>156.85</ele><time>2025-10-20T13:43:10.662Z</time></trkpt><trkpt lat="47.60858690" lon="19.14690320"><ele>156.81</ele><time>2025-10-20T13:43:10.862Z</time></trkpt><trkpt lat="47.60857990" lon="19.14690790"><ele>156.77</ele><time>2025-10-20T13:43:11.064Z</time></trkpt><trkpt lat="47.60857350" lon="19.14691370"><ele>156.75</ele><time>2025-10-20T13:43:11.266Z</time></trkpt><trkpt lat="47.60856860" lon="19.14691900"><ele>156.75</ele><time>2025-10-20T13:43:11.429Z</time></trkpt><trkpt lat="47.60856200" lon="19.14692790"><ele>156.77</ele><time>2025-10-20T13:43:11.669Z</time></trkpt><trkpt lat="47.60855690" lon="19.14693580"><ele>156.74</ele><time>2025-10-20T13:43:11.870Z</time></trkpt><trkpt lat="47.60855240" lon="19.14694440"><ele>156.71</ele><time>2025-10-20T13:43:12.071Z</time></trkpt><trkpt lat="47.60854880" lon="19.14695360"><ele>156.70</ele><time>2025-10-20T13:43:12.272Z</time></trkpt><trkpt lat="47.60854570" lon="19.14696320"><ele>156.67</ele><time>2025-10-20T13:43:12.474Z</time></trkpt><trkpt lat="47.60854320" lon="19.14697300"><ele>156.64</ele><time>2025-10-20T13:43:12.674Z</time></trkpt><trkpt lat="47.60854140" lon="19.14698330"><ele>156.60</ele><time>2025-10-20T13:43:12.876Z</time></trkpt><trkpt lat="47.60854040" lon="19.14699400"><ele>156.61</ele><time>2025-10-20T13:43:13.078Z</time></trkpt><trkpt lat="47.60854020" lon="19.14700510"><ele>156.62</ele><time>2025-10-20T13:43:13.283Z</time></trkpt><trkpt lat="47.60854080" lon="19.14701520"><ele>156.65</ele><time>2025-10-20T13:43:13.463Z</time></trkpt><trkpt lat="47.60854240" lon="19.14702770"><ele>156.70</ele><time>2025-10-20T13:43:13.685Z</time></trkpt><trkpt lat="47.60854490" lon="19.14703890"><ele>156.77</ele><time>2025-10-20T13:43:13.888Z</time></trkpt><trkpt lat="47.60854790" lon="19.14704940"><ele>156.80</ele><time>2025-10-20T13:43:14.090Z</time></trkpt><trkpt lat="47.60855150" lon="19.14705890"><ele>156.82</ele><time>2025-10-20T13:43:14.282Z</time></trkpt><trkpt lat="47.60855580" lon="19.14706790"><ele>156.84</ele><time>2025-10-20T13:43:14.484Z</time></trkpt><trkpt lat="47.60856080" lon="19.14707640"><ele>156.87</ele><time>2025-10-20T13:43:14.684Z</time></trkpt><trkpt lat="47.60856650" lon="19.14708390"><ele>156.89</ele><time>2025-10-20T13:43:14.885Z</time></trkpt><trkpt lat="47.60857290" lon="19.14709060"><ele>156.93</ele><time>2025-10-20T13:43:15.091Z</time></trkpt><trkpt lat="47.60857950" lon="19.14709640"><ele>156.96</ele><time>2025-10-20T13:43:15.292Z</time></trkpt><trkpt lat="47.60858490" lon="19.14710030"><ele>156.97</ele><time>2025-10-20T13:43:15.452Z</time></trkpt><trkpt lat="47.60859310" lon="19.14710510"><ele>156.98</ele><time>2025-10-20T13:43:15.695Z</time></trkpt><trkpt lat="47.60860030" lon="19.14710780"><ele>156.99</ele><time>2025-10-20T13:43:15.897Z</time></trkpt><trkpt lat="47.60860770" lon="19.14710960"><ele>156.99</ele><time>2025-10-20T13:43:16.100Z</time></trkpt><trkpt lat="47.60861350" lon="19.14711040"><ele>156.98</ele><time>2025-10-20T13:43:16.262Z</time></trkpt><trkpt lat="47.60862110" lon="19.14711070"><ele>156.98</ele><time>2025-10-20T13:43:16.483Z</time></trkpt><trkpt lat="47.60862790" lon="19.14711000"><ele>157.00</ele><time>2025-10-20T13:43:16.684Z</time></trkpt><trkpt lat="47.60863400" lon="19.14710860"><ele>157.01</ele><time>2025-10-20T13:43:16.865Z</time></trkpt><trkpt lat="47.60864110" lon="19.14710630"><ele>157.03</ele><time>2025-10-20T13:43:17.086Z</time></trkpt><trkpt lat="47.60864700" lon="19.14710350"><ele>157.05</ele><time>2025-10-20T13:43:17.272Z</time></trkpt><trkpt lat="47.60865330" lon="19.14709950"><ele>157.06</ele><time>2025-10-20T13:43:17.474Z</time></trkpt><trkpt lat="47.60865940" lon="19.14709460"><ele>157.09</ele><time>2025-10-20T13:43:17.677Z</time></trkpt><trkpt lat="47.60866520" lon="19.14708900"><ele>157.09</ele><time>2025-10-20T13:43:17.880Z</time></trkpt><trkpt lat="47.60867120" lon="19.14708190"><ele>157.07</ele><time>2025-10-20T13:43:18.102Z</time></trkpt><trkpt lat="47.60867620" lon="19.14707510"><ele>157.07</ele><time>2025-10-20T13:43:18.293Z</time></trkpt><trkpt lat="47.60868090" lon="19.14706710"><ele>157.06</ele><time>2025-10-20T13:43:18.497Z</time></trkpt><trkpt lat="47.60868500" lon="19.14705920"><ele>157.04</ele><time>2025-10-20T13:43:18.679Z</time></trkpt><trkpt lat="47.60868860" lon="19.14705010"><ele>157.01</ele><time>2025-10-20T13:43:18.880Z</time></trkpt><trkpt lat="47.60869170" lon="19.14704010"><ele>157.00</ele><time>2025-10-20T13:43:19.082Z</time></trkpt><trkpt lat="47.60869430" lon="19.14702840"><ele>156.97</ele><time>2025-10-20T13:43:19.310Z</time></trkpt><trkpt lat="47.60869620" lon="19.14701750"><ele>156.94</ele><time>2025-10-20T13:43:19.512Z</time></trkpt><trkpt lat="47.60869710" lon="19.14700790"><ele>156.93</ele><time>2025-10-20T13:43:19.695Z</time></trkpt><trkpt lat="47.60869740" lon="19.14699620"><ele>156.91</ele><time>2025-10-20T13:43:19.917Z</time></trkpt><trkpt lat="47.60869710" lon="19.14698620"><ele>156.90</ele><time>2025-10-20T13:43:20.100Z</time></trkpt><trkpt lat="47.60869630" lon="19.14697480"><ele>156.89</ele><time>2025-10-20T13:43:20.305Z</time></trkpt><trkpt lat="47.60869450" lon="19.14696440"><ele>156.87</ele><time>2025-10-20T13:43:20.508Z</time></trkpt><trkpt lat="47.60869200" lon="19.14695410"><ele>156.83</ele><time>2025-10-20T13:43:20.709Z</time></trkpt><trkpt lat="47.60868870" lon="19.14694390"><ele>156.79</ele><time>2025-10-20T13:43:20.911Z</time></trkpt><trkpt lat="47.60868450" lon="19.14693400"><ele>156.72</ele><time>2025-10-20T13:43:21.115Z</time></trkpt><trkpt lat="47.60868000" lon="19.14692510"><ele>156.68</ele><time>2025-10-20T13:43:21.302Z</time></trkpt><trkpt lat="47.60867440" lon="19.14691620"><ele>156.66</ele><time>2025-10-20T13:43:21.502Z</time></trkpt><trkpt lat="47.60866810" lon="19.14690810"><ele>156.58</ele><time>2025-10-20T13:43:21.703Z</time></trkpt><trkpt lat="47.60866120" lon="19.14690110"><ele>156.53</ele><time>2025-10-20T13:43:21.905Z</time></trkpt><trkpt lat="47.60865380" lon="19.14689520"><ele>156.46</ele><time>2025-10-20T13:43:22.107Z</time></trkpt><trkpt lat="47.60864610" lon="19.14689010"><ele>156.41</ele><time>2025-10-20T13:43:22.313Z</time></trkpt><trkpt lat="47.60863820" lon="19.14688660"><ele>156.36</ele><time>2025-10-20T13:43:22.514Z</time></trkpt><trkpt lat="47.60863100" lon="19.14688470"><ele>156.31</ele><time>2025-10-20T13:43:22.695Z</time></trkpt><trkpt lat="47.60862280" lon="19.14688380"><ele>156.25</ele><time>2025-10-20T13:43:22.896Z</time></trkpt><trkpt lat="47.60861390" lon="19.14688430"><ele>156.19</ele><time>2025-10-20T13:43:23.118Z</time></trkpt><trkpt lat="47.60860660" lon="19.14688570"><ele>156.12</ele><time>2025-10-20T13:43:23.304Z</time></trkpt><trkpt lat="47.60859880" lon="19.14688850"><ele>156.04</ele><time>2025-10-20T13:43:23.508Z</time></trkpt><trkpt lat="47.60859130" lon="19.14689210"><ele>155.99</ele><time>2025-10-20T13:43:23.710Z</time></trkpt><trkpt lat="47.60858390" lon="19.14689680"><ele>155.91</ele><time>2025-10-20T13:43:23.912Z</time></trkpt><trkpt lat="47.60857690" lon="19.14690260"><ele>155.85</ele><time>2025-10-20T13:43:24.114Z</time></trkpt><trkpt lat="47.60857060" lon="19.14690940"><ele>155.80</ele><time>2025-10-20T13:43:24.315Z</time></trkpt><trkpt lat="47.60856510" lon="19.14691630"><ele>155.77</ele><time>2025-10-20T13:43:24.497Z</time></trkpt><trkpt lat="47.60855860" lon="19.14692570"><ele>155.71</ele><time>2025-10-20T13:43:24.720Z</time></trkpt><trkpt lat="47.60855410" lon="19.14693340"><ele>155.70</ele><time>2025-10-20T13:43:24.886Z</time></trkpt><trkpt lat="47.60854930" lon="19.14694350"><ele>155.68</ele><time>2025-10-20T13:43:25.088Z</time></trkpt><trkpt lat="47.60854530" lon="19.14695470"><ele>155.68</ele><time>2025-10-20T13:43:25.297Z</time></trkpt><trkpt lat="47.60854240" lon="19.14696660"><ele>155.68</ele><time>2025-10-20T13:43:25.510Z</time></trkpt><trkpt lat="47.60854030" lon="19.14697850"><ele>155.67</ele><time>2025-10-20T13:43:25.712Z</time></trkpt><trkpt lat="47.60853900" lon="19.14699020"><ele>155.66</ele><time>2025-10-20T13:43:25.913Z</time></trkpt><trkpt lat="47.60853860" lon="19.14700100"><ele>155.66</ele><time>2025-10-20T13:43:26.095Z</time></trkpt><trkpt lat="47.60853930" lon="19.14701440"><ele>155.69</ele><time>2025-10-20T13:43:26.318Z</time></trkpt><trkpt lat="47.60854070" lon="19.14702630"><ele>155.75</ele><time>2025-10-20T13:43:26.522Z</time></trkpt><trkpt lat="47.60854290" lon="19.14703800"><ele>155.78</ele><time>2025-10-20T13:43:26.724Z</time></trkpt><trkpt lat="47.60854590" lon="19.14704960"><ele>155.79</ele><time>2025-10-20T13:43:26.927Z</time></trkpt><trkpt lat="47.60854990" lon="19.14706060"><ele>155.81</ele><time>2025-10-20T13:43:27.128Z</time></trkpt><trkpt lat="47.60855400" lon="19.14706920"><ele>155.85</ele><time>2025-10-20T13:43:27.294Z</time></trkpt><trkpt lat="47.60856010" lon="19.14707970"><ele>155.91</ele><time>2025-10-20T13:43:27.516Z</time></trkpt><trkpt lat="47.60856680" lon="19.14708900"><ele>155.98</ele><time>2025-10-20T13:43:27.737Z</time></trkpt><trkpt lat="47.60857260" lon="19.14709570"><ele>156.03</ele><time>2025-10-20T13:43:27.921Z</time></trkpt><trkpt lat="47.60857890" lon="19.14710180"><ele>156.10</ele><time>2025-10-20T13:43:28.103Z</time></trkpt><trkpt lat="47.60858620" lon="19.14710750"><ele>156.18</ele><time>2025-10-20T13:43:28.305Z</time></trkpt><trkpt lat="47.60859460" lon="19.14711250"><ele>156.26</ele><time>2025-10-20T13:43:28.527Z</time></trkpt><trkpt lat="47.60860240" lon="19.14711580"><ele>156.31</ele><time>2025-10-20T13:43:28.729Z</time></trkpt><trkpt lat="47.60861010" lon="19.14711800"><ele>156.37</ele><time>2025-10-20T13:43:28.929Z</time></trkpt><trkpt lat="47.60861810" lon="19.14711910"><ele>156.43</ele><time>2025-10-20T13:43:29.132Z</time></trkpt><trkpt lat="47.60862540" lon="19.14711890"><ele>156.48</ele><time>2025-10-20T13:43:29.313Z</time></trkpt><trkpt lat="47.60863310" lon="19.14711780"><ele>156.53</ele><time>2025-10-20T13:43:29.515Z</time></trkpt><trkpt lat="47.60864070" lon="19.14711580"><ele>156.57</ele><time>2025-10-20T13:43:29.716Z</time></trkpt><trkpt lat="47.60864710" lon="19.14711350"><ele>156.62</ele><time>2025-10-20T13:43:29.897Z</time></trkpt><trkpt lat="47.60865390" lon="19.14711070"><ele>156.67</ele><time>2025-10-20T13:43:30.119Z</time></trkpt><trkpt lat="47.60865910" lon="19.14710850"><ele>156.72</ele><time>2025-10-20T13:43:30.333Z</time></trkpt><trkpt lat="47.60866320" lon="19.14710650"><ele>156.76</ele><time>2025-10-20T13:43:30.536Z</time></trkpt><trkpt lat="47.60866680" lon="19.14710450"><ele>156.76</ele><time>2025-10-20T13:43:30.737Z</time></trkpt><trkpt lat="47.60866960" lon="19.14710280"><ele>156.77</ele><time>2025-10-20T13:43:30.918Z</time></trkpt><trkpt lat="47.60867230" lon="19.14710090"><ele>156.78</ele><time>2025-10-20T13:43:31.121Z</time></trkpt><trkpt lat="47.60867470" lon="19.14709910"><ele>156.78</ele><time>2025-10-20T13:43:31.305Z</time></trkpt><trkpt lat="47.60867700" lon="19.14709710"><ele>156.77</ele><time>2025-10-20T13:43:31.525Z</time></trkpt><trkpt lat="47.60867900" lon="19.14709540"><ele>156.79</ele><time>2025-10-20T13:43:31.727Z</time></trkpt><trkpt lat="47.60868080" lon="19.14709440"><ele>156.78</ele><time>2025-10-20T13:43:31.928Z</time></trkpt><trkpt lat="47.60868280" lon="19.14709480"><ele>156.75</ele><time>2025-10-20T13:43:32.128Z</time></trkpt><trkpt lat="47.60868550" lon="19.14709660"><ele>156.72</ele><time>2025-10-20T13:43:32.332Z</time></trkpt><trkpt lat="47.60868800" lon="19.14709950"><ele>156.70</ele><time>2025-10-20T13:43:32.498Z</time></trkpt><trkpt lat="47.60869160" lon="19.14710430"><ele>156.67</ele><time>2025-10-20T13:43:32.699Z</time></trkpt><trkpt lat="47.60869550" lon="19.14711050"><ele>156.63</ele><time>2025-10-20T13:43:32.900Z</time></trkpt><trkpt lat="47.60870020" lon="19.14711880"><ele>156.62</ele><time>2025-10-20T13:43:33.121Z</time></trkpt><trkpt lat="47.60870440" lon="19.14712660"><ele>156.62</ele><time>2025-10-20T13:43:33.304Z</time></trkpt><trkpt lat="47.60870910" lon="19.14713620"><ele>156.63</ele><time>2025-10-20T13:43:33.505Z</time></trkpt><trkpt lat="47.60871390" lon="19.14714650"><ele>156.63</ele><time>2025-10-20T13:43:33.705Z</time></trkpt><trkpt lat="47.60871890" lon="19.14715760"><ele>156.64</ele><time>2025-10-20T13:43:33.907Z</time></trkpt><trkpt lat="47.60872410" lon="19.14716910"><ele>156.66</ele><time>2025-10-20T13:43:34.110Z</time></trkpt><trkpt lat="47.60872930" lon="19.14718070"><ele>156.66</ele><time>2025-10-20T13:43:34.312Z</time></trkpt><trkpt lat="47.60873440" lon="19.14719240"><ele>156.66</ele><time>2025-10-20T13:43:34.513Z</time></trkpt><trkpt lat="47.60874000" lon="19.14720530"><ele>156.68</ele><time>2025-10-20T13:43:34.734Z</time></trkpt><trkpt lat="47.60874470" lon="19.14721620"><ele>156.68</ele><time>2025-10-20T13:43:34.917Z</time></trkpt><trkpt lat="47.60875060" lon="19.14722980"><ele>156.71</ele><time>2025-10-20T13:43:35.140Z</time></trkpt><trkpt lat="47.60875560" lon="19.14724110"><ele>156.71</ele><time>2025-10-20T13:43:35.324Z</time></trkpt><trkpt lat="47.60875990" lon="19.14725090"><ele>156.72</ele><time>2025-10-20T13:43:35.486Z</time></trkpt><trkpt lat="47.60876570" lon="19.14726460"><ele>156.71</ele><time>2025-10-20T13:43:35.708Z</time></trkpt><trkpt lat="47.60877080" lon="19.14727690"><ele>156.69</ele><time>2025-10-20T13:43:35.910Z</time></trkpt><trkpt lat="47.60877590" lon="19.14728950"><ele>156.68</ele><time>2025-10-20T13:43:36.131Z</time></trkpt><trkpt lat="47.60878000" lon="19.14729930"><ele>156.70</ele><time>2025-10-20T13:43:36.324Z</time></trkpt><trkpt lat="47.60878350" lon="19.14730790"><ele>156.76</ele><time>2025-10-20T13:43:36.526Z</time></trkpt><trkpt lat="47.60878640" lon="19.14731490"><ele>156.84</ele><time>2025-10-20T13:43:36.727Z</time></trkpt><trkpt lat="47.60878850" lon="19.14732040"><ele>156.88</ele><time>2025-10-20T13:43:36.927Z</time></trkpt><trkpt lat="47.60879020" lon="19.14732470"><ele>156.86</ele><time>2025-10-20T13:43:37.128Z</time></trkpt><trkpt lat="47.60879150" lon="19.14732800"><ele>156.78</ele><time>2025-10-20T13:43:37.340Z</time></trkpt><trkpt lat="47.60879230" lon="19.14733010"><ele>156.72</ele><time>2025-10-20T13:43:37.543Z</time></trkpt><trkpt lat="47.60879270" lon="19.14733110"><ele>156.67</ele><time>2025-10-20T13:43:37.744Z</time></trkpt><trkpt lat="47.60879290" lon="19.14733140"><ele>156.59</ele><time>2025-10-20T13:43:37.946Z</time></trkpt><trkpt lat="47.60879270" lon="19.14733090"><ele>156.51</ele><time>2025-10-20T13:43:38.148Z</time></trkpt><trkpt lat="47.60879240" lon="19.14732950"><ele>156.45</ele><time>2025-10-20T13:43:38.353Z</time></trkpt><trkpt lat="47.60879230" lon="19.14732690"><ele>156.39</ele><time>2025-10-20T13:43:38.555Z</time></trkpt><trkpt lat="47.60879300" lon="19.14732250"><ele>156.34</ele><time>2025-10-20T13:43:38.756Z</time></trkpt><trkpt lat="47.60879510" lon="19.14731650"><ele>156.27</ele><time>2025-10-20T13:43:38.959Z</time></trkpt><trkpt lat="47.60879820" lon="19.14730940"><ele>156.21</ele><time>2025-10-20T13:43:39.145Z</time></trkpt><trkpt lat="47.60880250" lon="19.14730000"><ele>156.18</ele><time>2025-10-20T13:43:39.348Z</time></trkpt><trkpt lat="47.60880760" lon="19.14728890"><ele>156.18</ele><time>2025-10-20T13:43:39.559Z</time></trkpt><trkpt lat="47.60881240" lon="19.14727790"><ele>156.17</ele><time>2025-10-20T13:43:39.749Z</time></trkpt><trkpt lat="47.60881780" lon="19.14726520"><ele>156.17</ele><time>2025-10-20T13:43:39.950Z</time></trkpt><trkpt lat="47.60882320" lon="19.14725190"><ele>156.19</ele><time>2025-10-20T13:43:40.151Z</time></trkpt><trkpt lat="47.60882890" lon="19.14723790"><ele>156.19</ele><time>2025-10-20T13:43:40.354Z</time></trkpt><trkpt lat="47.60883390" lon="19.14722480"><ele>156.20</ele><time>2025-10-20T13:43:40.540Z</time></trkpt><trkpt lat="47.60883940" lon="19.14721060"><ele>156.20</ele><time>2025-10-20T13:43:40.744Z</time></trkpt><trkpt lat="47.60884470" lon="19.14719630"><ele>156.18</ele><time>2025-10-20T13:43:40.946Z</time></trkpt><trkpt lat="47.60885020" lon="19.14718110"><ele>156.17</ele><time>2025-10-20T13:43:41.154Z</time></trkpt><trkpt lat="47.60885560" lon="19.14716640"><ele>156.16</ele><time>2025-10-20T13:43:41.356Z</time></trkpt><trkpt lat="47.60886090" lon="19.14715160"><ele>156.13</ele><time>2025-10-20T13:43:41.558Z</time></trkpt><trkpt lat="47.60886590" lon="19.14713700"><ele>156.10</ele><time>2025-10-20T13:43:41.759Z</time></trkpt><trkpt lat="47.60887060" lon="19.14712250"><ele>156.07</ele><time>2025-10-20T13:43:41.959Z</time></trkpt><trkpt lat="47.60887490" lon="19.14710790"><ele>156.01</ele><time>2025-10-20T13:43:42.159Z</time></trkpt><trkpt lat="47.60887920" lon="19.14709280"><ele>155.93</ele><time>2025-10-20T13:43:42.362Z</time></trkpt><trkpt lat="47.60888310" lon="19.14707810"><ele>155.86</ele><time>2025-10-20T13:43:42.563Z</time></trkpt><trkpt lat="47.60888580" lon="19.14706670"><ele>155.81</ele><time>2025-10-20T13:43:42.723Z</time></trkpt><trkpt lat="47.60888960" lon="19.14704970"><ele>155.75</ele><time>2025-10-20T13:43:42.963Z</time></trkpt><trkpt lat="47.60889250" lon="19.14703560"><ele>155.70</ele><time>2025-10-20T13:43:43.164Z</time></trkpt><trkpt lat="47.60889500" lon="19.14702150"><ele>155.66</ele><time>2025-10-20T13:43:43.365Z</time></trkpt><trkpt lat="47.60889720" lon="19.14700780"><ele>155.63</ele><time>2025-10-20T13:43:43.566Z</time></trkpt><trkpt lat="47.60889910" lon="19.14699410"><ele>155.60</ele><time>2025-10-20T13:43:43.767Z</time></trkpt><trkpt lat="47.60890050" lon="19.14698080"><ele>155.57</ele><time>2025-10-20T13:43:43.967Z</time></trkpt><trkpt lat="47.60890150" lon="19.14696760"><ele>155.58</ele><time>2025-10-20T13:43:44.170Z</time></trkpt><trkpt lat="47.60890210" lon="19.14695530"><ele>155.61</ele><time>2025-10-20T13:43:44.360Z</time></trkpt><trkpt lat="47.60890220" lon="19.14694520"><ele>155.60</ele><time>2025-10-20T13:43:44.522Z</time></trkpt><trkpt lat="47.60890210" lon="19.14693040"><ele>155.57</ele><time>2025-10-20T13:43:44.763Z</time></trkpt><trkpt lat="47.60890160" lon="19.14691930"><ele>155.58</ele><time>2025-10-20T13:43:44.944Z</time></trkpt><trkpt lat="47.60890070" lon="19.14690700"><ele>155.59</ele><time>2025-10-20T13:43:45.147Z</time></trkpt><trkpt lat="47.60889970" lon="19.14689440"><ele>155.62</ele><time>2025-10-20T13:43:45.352Z</time></trkpt><trkpt lat="47.60889840" lon="19.14688210"><ele>155.64</ele><time>2025-10-20T13:43:45.554Z</time></trkpt><trkpt lat="47.60889670" lon="19.14686990"><ele>155.65</ele><time>2025-10-20T13:43:45.756Z</time></trkpt><trkpt lat="47.60889480" lon="19.14685760"><ele>155.66</ele><time>2025-10-20T13:43:45.959Z</time></trkpt><trkpt lat="47.60889270" lon="19.14684530"><ele>155.66</ele><time>2025-10-20T13:43:46.161Z</time></trkpt><trkpt lat="47.60889030" lon="19.14683240"><ele>155.68</ele><time>2025-10-20T13:43:46.369Z</time></trkpt><trkpt lat="47.60888760" lon="19.14682010"><ele>155.70</ele><time>2025-10-20T13:43:46.572Z</time></trkpt><trkpt lat="47.60888460" lon="19.14680780"><ele>155.73</ele><time>2025-10-20T13:43:46.772Z</time></trkpt><trkpt lat="47.60888120" lon="19.14679570"><ele>155.74</ele><time>2025-10-20T13:43:46.973Z</time></trkpt><trkpt lat="47.60887740" lon="19.14678360"><ele>155.78</ele><time>2025-10-20T13:43:47.177Z</time></trkpt><trkpt lat="47.60887330" lon="19.14677180"><ele>155.82</ele><time>2025-10-20T13:43:47.381Z</time></trkpt><trkpt lat="47.60886900" lon="19.14676060"><ele>155.85</ele><time>2025-10-20T13:43:47.583Z</time></trkpt><trkpt lat="47.60886450" lon="19.14674980"><ele>155.88</ele><time>2025-10-20T13:43:47.784Z</time></trkpt><trkpt lat="47.60886020" lon="19.14674060"><ele>155.89</ele><time>2025-10-20T13:43:47.965Z</time></trkpt><trkpt lat="47.60885450" lon="19.14672950"><ele>155.88</ele><time>2025-10-20T13:43:48.191Z</time></trkpt><trkpt lat="47.60884930" lon="19.14672010"><ele>155.89</ele><time>2025-10-20T13:43:48.386Z</time></trkpt><trkpt lat="47.60884330" lon="19.14671060"><ele>155.91</ele><time>2025-10-20T13:43:48.596Z</time></trkpt><trkpt lat="47.60883720" lon="19.14670160"><ele>155.92</ele><time>2025-10-20T13:43:48.797Z</time></trkpt><trkpt lat="47.60883080" lon="19.14669280"><ele>155.93</ele><time>2025-10-20T13:43:48.999Z</time></trkpt><trkpt lat="47.60882550" lon="19.14668600"><ele>155.95</ele><time>2025-10-20T13:43:49.160Z</time></trkpt><trkpt lat="47.60881780" lon="19.14667650"><ele>155.99</ele><time>2025-10-20T13:43:49.386Z</time></trkpt><trkpt lat="47.60881070" lon="19.14666820"><ele>156.02</ele><time>2025-10-20T13:43:49.587Z</time></trkpt><trkpt lat="47.60880330" lon="19.14666000"><ele>156.06</ele><time>2025-10-20T13:43:49.790Z</time></trkpt><trkpt lat="47.60879550" lon="19.14665210"><ele>156.10</ele><time>2025-10-20T13:43:49.994Z</time></trkpt><trkpt lat="47.60878750" lon="19.14664430"><ele>156.16</ele><time>2025-10-20T13:43:50.198Z</time></trkpt><trkpt lat="47.60877990" lon="19.14663720"><ele>156.21</ele><time>2025-10-20T13:43:50.390Z</time></trkpt><trkpt lat="47.60877170" lon="19.14663000"><ele>156.25</ele><time>2025-10-20T13:43:50.593Z</time></trkpt><trkpt lat="47.60876360" lon="19.14662330"><ele>156.28</ele><time>2025-10-20T13:43:50.795Z</time></trkpt><trkpt lat="47.60875520" lon="19.14661680"><ele>156.35</ele><time>2025-10-20T13:43:50.997Z</time></trkpt><trkpt lat="47.60874670" lon="19.14661050"><ele>156.41</ele><time>2025-10-20T13:43:51.202Z</time></trkpt><trkpt lat="47.60874000" lon="19.14660580"><ele>156.44</ele><time>2025-10-20T13:43:51.364Z</time></trkpt><trkpt lat="47.60872980" lon="19.14659930"><ele>156.49</ele><time>2025-10-20T13:43:51.606Z</time></trkpt><trkpt lat="47.60872290" lon="19.14659530"><ele>156.52</ele><time>2025-10-20T13:43:51.769Z</time></trkpt><trkpt lat="47.60871270" lon="19.14658970"><ele>156.54</ele><time>2025-10-20T13:43:52.010Z</time></trkpt><trkpt lat="47.60870580" lon="19.14658630"><ele>156.57</ele><time>2025-10-20T13:43:52.171Z</time></trkpt><trkpt lat="47.60869810" lon="19.14658250"><ele>156.58</ele><time>2025-10-20T13:43:52.355Z</time></trkpt><trkpt lat="47.60868790" lon="19.14657800"><ele>156.58</ele><time>2025-10-20T13:43:52.598Z</time></trkpt><trkpt lat="47.60868020" lon="19.14657490"><ele>156.56</ele><time>2025-10-20T13:43:52.780Z</time></trkpt><trkpt lat="47.60867180" lon="19.14657180"><ele>156.57</ele><time>2025-10-20T13:43:52.982Z</time></trkpt><trkpt lat="47.60866330" lon="19.14656910"><ele>156.58</ele><time>2025-10-20T13:43:53.184Z</time></trkpt><trkpt lat="47.60865460" lon="19.14656680"><ele>156.58</ele><time>2025-10-20T13:43:53.393Z</time></trkpt><trkpt lat="47.60864590" lon="19.14656530"><ele>156.58</ele><time>2025-10-20T13:43:53.594Z</time></trkpt><trkpt lat="47.60863730" lon="19.14656430"><ele>156.58</ele><time>2025-10-20T13:43:53.795Z</time></trkpt><trkpt lat="47.60862780" lon="19.14656390"><ele>156.54</ele><time>2025-10-20T13:43:54.015Z</time></trkpt><trkpt lat="47.60861990" lon="19.14656400"><ele>156.51</ele><time>2025-10-20T13:43:54.198Z</time></trkpt><trkpt lat="47.60861100" lon="19.14656450"><ele>156.49</ele><time>2025-10-20T13:43:54.406Z</time></trkpt><trkpt lat="47.60860350" lon="19.14656530"><ele>156.46</ele><time>2025-10-20T13:43:54.589Z</time></trkpt><trkpt lat="47.60859510" lon="19.14656670"><ele>156.44</ele><time>2025-10-20T13:43:54.792Z</time></trkpt><trkpt lat="47.60858610" lon="19.14656890"><ele>156.41</ele><time>2025-10-20T13:43:55.013Z</time></trkpt><trkpt lat="47.60857790" lon="19.14657140"><ele>156.41</ele><time>2025-10-20T13:43:55.215Z</time></trkpt><trkpt lat="47.60856970" lon="19.14657440"><ele>156.43</ele><time>2025-10-20T13:43:55.416Z</time></trkpt><trkpt lat="47.60856160" lon="19.14657780"><ele>156.46</ele><time>2025-10-20T13:43:55.617Z</time></trkpt><trkpt lat="47.60855350" lon="19.14658150"><ele>156.47</ele><time>2025-10-20T13:43:55.818Z</time></trkpt><trkpt lat="47.60854520" lon="19.14658580"><ele>156.45</ele><time>2025-10-20T13:43:56.021Z</time></trkpt><trkpt lat="47.60853680" lon="19.14659070"><ele>156.45</ele><time>2025-10-20T13:43:56.229Z</time></trkpt><trkpt lat="47.60852920" lon="19.14659540"><ele>156.48</ele><time>2025-10-20T13:43:56.417Z</time></trkpt><trkpt lat="47.60852200" lon="19.14660010"><ele>156.47</ele><time>2025-10-20T13:43:56.598Z</time></trkpt><trkpt lat="47.60851310" lon="19.14660630"><ele>156.48</ele><time>2025-10-20T13:43:56.822Z</time></trkpt><trkpt lat="47.60850520" lon="19.14661230"><ele>156.45</ele><time>2025-10-20T13:43:57.023Z</time></trkpt><trkpt lat="47.60849740" lon="19.14661870"><ele>156.42</ele><time>2025-10-20T13:43:57.225Z</time></trkpt><trkpt lat="47.60848980" lon="19.14662510"><ele>156.42</ele><time>2025-10-20T13:43:57.427Z</time></trkpt><trkpt lat="47.60848220" lon="19.14663200"><ele>156.41</ele><time>2025-10-20T13:43:57.628Z</time></trkpt><trkpt lat="47.60847460" lon="19.14663900"><ele>156.37</ele><time>2025-10-20T13:43:57.829Z</time></trkpt><trkpt lat="47.60846720" lon="19.14664630"><ele>156.33</ele><time>2025-10-20T13:43:58.029Z</time></trkpt><trkpt lat="47.60846050" lon="19.14665340"><ele>156.34</ele><time>2025-10-20T13:43:58.211Z</time></trkpt><trkpt lat="47.60845260" lon="19.14666250"><ele>156.33</ele><time>2025-10-20T13:43:58.432Z</time></trkpt><trkpt lat="47.60844620" lon="19.14667050"><ele>156.33</ele><time>2025-10-20T13:43:58.615Z</time></trkpt><trkpt lat="47.60843920" lon="19.14667990"><ele>156.35</ele><time>2025-10-20T13:43:58.819Z</time></trkpt><trkpt lat="47.60843240" lon="19.14668970"><ele>156.32</ele><time>2025-10-20T13:43:59.022Z</time></trkpt><trkpt lat="47.60842590" lon="19.14669970"><ele>156.30</ele><time>2025-10-20T13:43:59.225Z</time></trkpt><trkpt lat="47.60842010" lon="19.14670890"><ele>156.28</ele><time>2025-10-20T13:43:59.406Z</time></trkpt><trkpt lat="47.60841360" lon="19.14672080"><ele>156.25</ele><time>2025-10-20T13:43:59.627Z</time></trkpt><trkpt lat="47.60840810" lon="19.14673200"><ele>156.25</ele><time>2025-10-20T13:43:59.829Z</time></trkpt><trkpt lat="47.60840330" lon="19.14674220"><ele>156.23</ele><time>2025-10-20T13:44:00.009Z</time></trkpt><trkpt lat="47.60839800" lon="19.14675440"><ele>156.22</ele><time>2025-10-20T13:44:00.224Z</time></trkpt><trkpt lat="47.60839320" lon="19.14676610"><ele>156.23</ele><time>2025-10-20T13:44:00.424Z</time></trkpt><trkpt lat="47.60838870" lon="19.14677770"><ele>156.20</ele><time>2025-10-20T13:44:00.624Z</time></trkpt><trkpt lat="47.60838440" lon="19.14678950"><ele>156.17</ele><time>2025-10-20T13:44:00.827Z</time></trkpt><trkpt lat="47.60838040" lon="19.14680100"><ele>156.17</ele><time>2025-10-20T13:44:01.029Z</time></trkpt><trkpt lat="47.60837660" lon="19.14681250"><ele>156.15</ele><time>2025-10-20T13:44:01.231Z</time></trkpt><trkpt lat="47.60837320" lon="19.14682370"><ele>156.14</ele><time>2025-10-20T13:44:01.431Z</time></trkpt><trkpt lat="47.60837000" lon="19.14683490"><ele>156.10</ele><time>2025-10-20T13:44:01.632Z</time></trkpt><trkpt lat="47.60836710" lon="19.14684620"><ele>156.08</ele><time>2025-10-20T13:44:01.833Z</time></trkpt><trkpt lat="47.60836510" lon="19.14685510"><ele>156.07</ele><time>2025-10-20T13:44:01.994Z</time></trkpt><trkpt lat="47.60836260" lon="19.14686750"><ele>156.04</ele><time>2025-10-20T13:44:02.215Z</time></trkpt><trkpt lat="47.60836070" lon="19.14687840"><ele>156.05</ele><time>2025-10-20T13:44:02.404Z</time></trkpt><trkpt lat="47.60835860" lon="19.14689130"><ele>156.05</ele><time>2025-10-20T13:44:02.624Z</time></trkpt><trkpt lat="47.60835730" lon="19.14690230"><ele>156.05</ele><time>2025-10-20T13:44:02.807Z</time></trkpt><trkpt lat="47.60835590" lon="19.14691600"><ele>156.07</ele><time>2025-10-20T13:44:03.029Z</time></trkpt><trkpt lat="47.60835510" lon="19.14692710"><ele>156.10</ele><time>2025-10-20T13:44:03.210Z</time></trkpt><trkpt lat="47.60835450" lon="19.14693960"><ele>156.12</ele><time>2025-10-20T13:44:03.411Z</time></trkpt><trkpt lat="47.60835400" lon="19.14695100"><ele>156.11</ele><time>2025-10-20T13:44:03.593Z</time></trkpt><trkpt lat="47.60835360" lon="19.14696510"><ele>156.11</ele><time>2025-10-20T13:44:03.816Z</time></trkpt><trkpt lat="47.60835340" lon="19.14697890"><ele>156.12</ele><time>2025-10-20T13:44:04.040Z</time></trkpt><trkpt lat="47.60835310" lon="19.14699040"><ele>156.11</ele><time>2025-10-20T13:44:04.227Z</time></trkpt><trkpt lat="47.60835290" lon="19.14700280"><ele>156.13</ele><time>2025-10-20T13:44:04.431Z</time></trkpt><trkpt lat="47.60835270" lon="19.14701520"><ele>156.12</ele><time>2025-10-20T13:44:04.633Z</time></trkpt><trkpt lat="47.60835280" lon="19.14702750"><ele>156.11</ele><time>2025-10-20T13:44:04.835Z</time></trkpt><trkpt lat="47.60835290" lon="19.14704000"><ele>156.05</ele><time>2025-10-20T13:44:05.037Z</time></trkpt><trkpt lat="47.60835330" lon="19.14705050"><ele>156.01</ele><time>2025-10-20T13:44:05.204Z</time></trkpt><trkpt lat="47.60835440" lon="19.14706500"><ele>155.99</ele><time>2025-10-20T13:44:05.433Z</time></trkpt><trkpt lat="47.60835580" lon="19.14707780"><ele>156.01</ele><time>2025-10-20T13:44:05.638Z</time></trkpt><trkpt lat="47.60835760" lon="19.14709050"><ele>156.00</ele><time>2025-10-20T13:44:05.840Z</time></trkpt><trkpt lat="47.60835970" lon="19.14710310"><ele>155.99</ele><time>2025-10-20T13:44:06.041Z</time></trkpt><trkpt lat="47.60836220" lon="19.14711540"><ele>156.02</ele><time>2025-10-20T13:44:06.233Z</time></trkpt><trkpt lat="47.60836530" lon="19.14712830"><ele>156.05</ele><time>2025-10-20T13:44:06.436Z</time></trkpt><trkpt lat="47.60836850" lon="19.14714100"><ele>156.08</ele><time>2025-10-20T13:44:06.637Z</time></trkpt><trkpt lat="47.60837220" lon="19.14715350"><ele>156.11</ele><time>2025-10-20T13:44:06.839Z</time></trkpt><trkpt lat="47.60837600" lon="19.14716540"><ele>156.11</ele><time>2025-10-20T13:44:07.041Z</time></trkpt><trkpt lat="47.60838020" lon="19.14717730"><ele>156.09</ele><time>2025-10-20T13:44:07.245Z</time></trkpt><trkpt lat="47.60838460" lon="19.14718900"><ele>156.08</ele><time>2025-10-20T13:44:07.447Z</time></trkpt><trkpt lat="47.60838910" lon="19.14720040"><ele>156.06</ele><time>2025-10-20T13:44:07.648Z</time></trkpt><trkpt lat="47.60839390" lon="19.14721160"><ele>156.05</ele><time>2025-10-20T13:44:07.849Z</time></trkpt><trkpt lat="47.60839890" lon="19.14722250"><ele>156.04</ele><time>2025-10-20T13:44:08.051Z</time></trkpt><trkpt lat="47.60840420" lon="19.14723320"><ele>156.02</ele><time>2025-10-20T13:44:08.254Z</time></trkpt><trkpt lat="47.60841000" lon="19.14724360"><ele>156.02</ele><time>2025-10-20T13:44:08.458Z</time></trkpt><trkpt lat="47.60841590" lon="19.14725360"><ele>156.01</ele><time>2025-10-20T13:44:08.658Z</time></trkpt><trkpt lat="47.60842210" lon="19.14726330"><ele>156.02</ele><time>2025-10-20T13:44:08.859Z</time></trkpt><trkpt lat="47.60842840" lon="19.14727270"><ele>156.04</ele><time>2025-10-20T13:44:09.061Z</time></trkpt><trkpt lat="47.60843430" lon="19.14728080"><ele>156.05</ele><time>2025-10-20T13:44:09.243Z</time></trkpt><trkpt lat="47.60844180" lon="19.14729020"><ele>156.07</ele><time>2025-10-20T13:44:09.467Z</time></trkpt><trkpt lat="47.60844870" lon="19.14729800"><ele>156.07</ele><time>2025-10-20T13:44:09.668Z</time></trkpt><trkpt lat="47.60845590" lon="19.14730550"><ele>156.07</ele><time>2025-10-20T13:44:09.870Z</time></trkpt><trkpt lat="47.60846330" lon="19.14731270"><ele>156.08</ele><time>2025-10-20T13:44:10.070Z</time></trkpt><trkpt lat="47.60847060" lon="19.14731930"><ele>156.09</ele><time>2025-10-20T13:44:10.263Z</time></trkpt><trkpt lat="47.60847840" lon="19.14732580"><ele>156.12</ele><time>2025-10-20T13:44:10.465Z</time></trkpt><trkpt lat="47.60848600" lon="19.14733190"><ele>156.14</ele><time>2025-10-20T13:44:10.666Z</time></trkpt><trkpt lat="47.60849380" lon="19.14733780"><ele>156.17</ele><time>2025-10-20T13:44:10.867Z</time></trkpt><trkpt lat="47.60850170" lon="19.14734360"><ele>156.19</ele><time>2025-10-20T13:44:11.070Z</time></trkpt><trkpt lat="47.60850980" lon="19.14734900"><ele>156.19</ele><time>2025-10-20T13:44:11.271Z</time></trkpt><trkpt lat="47.60851620" lon="19.14735320"><ele>156.20</ele><time>2025-10-20T13:44:11.431Z</time></trkpt><trkpt lat="47.60852610" lon="19.14735890"><ele>156.19</ele><time>2025-10-20T13:44:11.672Z</time></trkpt><trkpt lat="47.60853430" lon="19.14736330"><ele>156.17</ele><time>2025-10-20T13:44:11.874Z</time></trkpt><trkpt lat="47.60854240" lon="19.14736720"><ele>156.15</ele><time>2025-10-20T13:44:12.075Z</time></trkpt><trkpt lat="47.60855070" lon="19.14737070"><ele>156.15</ele><time>2025-10-20T13:44:12.277Z</time></trkpt><trkpt lat="47.60855840" lon="19.14737380"><ele>156.15</ele><time>2025-10-20T13:44:12.469Z</time></trkpt><trkpt lat="47.60856590" lon="19.14737640"><ele>156.17</ele><time>2025-10-20T13:44:12.649Z</time></trkpt><trkpt lat="47.60857420" lon="19.14737890"><ele>156.19</ele><time>2025-10-20T13:44:12.850Z</time></trkpt><trkpt lat="47.60858270" lon="19.14738090"><ele>156.20</ele><time>2025-10-20T13:44:13.052Z</time></trkpt><trkpt lat="47.60859210" lon="19.14738270"><ele>156.22</ele><time>2025-10-20T13:44:13.274Z</time></trkpt><trkpt lat="47.60859900" lon="19.14738360"><ele>156.25</ele><time>2025-10-20T13:44:13.437Z</time></trkpt><trkpt lat="47.60860840" lon="19.14738430"><ele>156.29</ele><time>2025-10-20T13:44:13.658Z</time></trkpt><trkpt lat="47.60861700" lon="19.14738460"><ele>156.32</ele><time>2025-10-20T13:44:13.859Z</time></trkpt><trkpt lat="47.60862640" lon="19.14738450"><ele>156.34</ele><time>2025-10-20T13:44:14.081Z</time></trkpt><trkpt lat="47.60863400" lon="19.14738410"><ele>156.36</ele><time>2025-10-20T13:44:14.261Z</time></trkpt><trkpt lat="47.60864270" lon="19.14738340"><ele>156.39</ele><time>2025-10-20T13:44:14.472Z</time></trkpt><trkpt lat="47.60865090" lon="19.14738250"><ele>156.42</ele><time>2025-10-20T13:44:14.673Z</time></trkpt><trkpt lat="47.60865900" lon="19.14738140"><ele>156.45</ele><time>2025-10-20T13:44:14.874Z</time></trkpt><trkpt lat="47.60866720" lon="19.14737990"><ele>156.46</ele><time>2025-10-20T13:44:15.076Z</time></trkpt><trkpt lat="47.60867570" lon="19.14737780"><ele>156.49</ele><time>2025-10-20T13:44:15.286Z</time></trkpt><trkpt lat="47.60868390" lon="19.14737540"><ele>156.52</ele><time>2025-10-20T13:44:15.490Z</time></trkpt><trkpt lat="47.60869180" lon="19.14737260"><ele>156.56</ele><time>2025-10-20T13:44:15.691Z</time></trkpt><trkpt lat="47.60869970" lon="19.14736960"><ele>156.60</ele><time>2025-10-20T13:44:15.891Z</time></trkpt><trkpt lat="47.60870700" lon="19.14736650"><ele>156.64</ele><time>2025-10-20T13:44:16.074Z</time></trkpt><trkpt lat="47.60871410" lon="19.14736320"><ele>156.67</ele><time>2025-10-20T13:44:16.258Z</time></trkpt><trkpt lat="47.60872300" lon="19.14735860"><ele>156.72</ele><time>2025-10-20T13:44:16.481Z</time></trkpt><trkpt lat="47.60873110" lon="19.14735400"><ele>156.77</ele><time>2025-10-20T13:44:16.682Z</time></trkpt><trkpt lat="47.60873920" lon="19.14734900"><ele>156.81</ele><time>2025-10-20T13:44:16.885Z</time></trkpt><trkpt lat="47.60874720" lon="19.14734360"><ele>156.85</ele><time>2025-10-20T13:44:17.088Z</time></trkpt><trkpt lat="47.60875470" lon="19.14733830"><ele>156.89</ele><time>2025-10-20T13:44:17.279Z</time></trkpt><trkpt lat="47.60876270" lon="19.14733230"><ele>156.92</ele><time>2025-10-20T13:44:17.482Z</time></trkpt><trkpt lat="47.60877050" lon="19.14732600"><ele>156.96</ele><time>2025-10-20T13:44:17.683Z</time></trkpt><trkpt lat="47.60877820" lon="19.14731930"><ele>157.00</ele><time>2025-10-20T13:44:17.883Z</time></trkpt><trkpt lat="47.60878580" lon="19.14731230"><ele>157.05</ele><time>2025-10-20T13:44:18.083Z</time></trkpt><trkpt lat="47.60879320" lon="19.14730490"><ele>157.07</ele><time>2025-10-20T13:44:18.286Z</time></trkpt><trkpt lat="47.60879960" lon="19.14729820"><ele>157.08</ele><time>2025-10-20T13:44:18.468Z</time></trkpt><trkpt lat="47.60880720" lon="19.14728950"><ele>157.08</ele><time>2025-10-20T13:44:18.692Z</time></trkpt><trkpt lat="47.60881380" lon="19.14728140"><ele>157.08</ele><time>2025-10-20T13:44:18.894Z</time></trkpt><trkpt lat="47.60882010" lon="19.14727270"><ele>157.09</ele><time>2025-10-20T13:44:19.094Z</time></trkpt><trkpt lat="47.60882560" lon="19.14726470"><ele>157.09</ele><time>2025-10-20T13:44:19.275Z</time></trkpt><trkpt lat="47.60883150" lon="19.14725550"><ele>157.09</ele><time>2025-10-20T13:44:19.479Z</time></trkpt><trkpt lat="47.60883710" lon="19.14724610"><ele>157.09</ele><time>2025-10-20T13:44:19.680Z</time></trkpt><trkpt lat="47.60884260" lon="19.14723650"><ele>157.09</ele><time>2025-10-20T13:44:19.880Z</time></trkpt><trkpt lat="47.60884700" lon="19.14722860"><ele>157.08</ele><time>2025-10-20T13:44:20.042Z</time></trkpt><trkpt lat="47.60885350" lon="19.14721600"><ele>157.08</ele><time>2025-10-20T13:44:20.286Z</time></trkpt><trkpt lat="47.60885870" lon="19.14720520"><ele>157.08</ele><time>2025-10-20T13:44:20.490Z</time></trkpt><trkpt lat="47.60886360" lon="19.14719420"><ele>157.07</ele><time>2025-10-20T13:44:20.692Z</time></trkpt><trkpt lat="47.60886740" lon="19.14718520"><ele>157.07</ele><time>2025-10-20T13:44:20.852Z</time></trkpt><trkpt lat="47.60887280" lon="19.14717130"><ele>157.05</ele><time>2025-10-20T13:44:21.094Z</time></trkpt><trkpt lat="47.60887710" lon="19.14715930"><ele>157.02</ele><time>2025-10-20T13:44:21.295Z</time></trkpt><trkpt lat="47.60888040" lon="19.14714960"><ele>156.99</ele><time>2025-10-20T13:44:21.456Z</time></trkpt><trkpt lat="47.60888440" lon="19.14713720"><ele>156.98</ele><time>2025-10-20T13:44:21.657Z</time></trkpt><trkpt lat="47.60888800" lon="19.14712450"><ele>156.94</ele><time>2025-10-20T13:44:21.860Z</time></trkpt><trkpt lat="47.60889150" lon="19.14711050"><ele>156.90</ele><time>2025-10-20T13:44:22.084Z</time></trkpt><trkpt lat="47.60889400" lon="19.14709990"><ele>156.89</ele><time>2025-10-20T13:44:22.248Z</time></trkpt><trkpt lat="47.60889690" lon="19.14708540"><ele>156.86</ele><time>2025-10-20T13:44:22.469Z</time></trkpt><trkpt lat="47.60889920" lon="19.14707230"><ele>156.83</ele><time>2025-10-20T13:44:22.670Z</time></trkpt><trkpt lat="47.60890120" lon="19.14705900"><ele>156.79</ele><time>2025-10-20T13:44:22.870Z</time></trkpt><trkpt lat="47.60890310" lon="19.14704420"><ele>156.75</ele><time>2025-10-20T13:44:23.091Z</time></trkpt><trkpt lat="47.60890480" lon="19.14703050"><ele>156.73</ele><time>2025-10-20T13:44:23.290Z</time></trkpt><trkpt lat="47.60890620" lon="19.14701680"><ele>156.70</ele><time>2025-10-20T13:44:23.492Z</time></trkpt><trkpt lat="47.60890710" lon="19.14700460"><ele>156.68</ele><time>2025-10-20T13:44:23.673Z</time></trkpt><trkpt lat="47.60890770" lon="19.14698970"><ele>156.66</ele><time>2025-10-20T13:44:23.895Z</time></trkpt><trkpt lat="47.60890780" lon="19.14697740"><ele>156.64</ele><time>2025-10-20T13:44:24.076Z</time></trkpt><trkpt lat="47.60890750" lon="19.14696320"><ele>156.64</ele><time>2025-10-20T13:44:24.284Z</time></trkpt><trkpt lat="47.60890690" lon="19.14694990"><ele>156.65</ele><time>2025-10-20T13:44:24.486Z</time></trkpt><trkpt lat="47.60890600" lon="19.14693650"><ele>156.66</ele><time>2025-10-20T13:44:24.687Z</time></trkpt><trkpt lat="47.60890500" lon="19.14692450"><ele>156.66</ele><time>2025-10-20T13:44:24.867Z</time></trkpt><trkpt lat="47.60890350" lon="19.14690950"><ele>156.66</ele><time>2025-10-20T13:44:25.091Z</time></trkpt><trkpt lat="47.60890200" lon="19.14689590"><ele>156.64</ele><time>2025-10-20T13:44:25.294Z</time></trkpt><trkpt lat="47.60890060" lon="19.14688390"><ele>156.63</ele><time>2025-10-20T13:44:25.476Z</time></trkpt><trkpt lat="47.60889890" lon="19.14687090"><ele>156.60</ele><time>2025-10-20T13:44:25.676Z</time></trkpt><trkpt lat="47.60889660" lon="19.14685670"><ele>156.59</ele><time>2025-10-20T13:44:25.897Z</time></trkpt><trkpt lat="47.60889440" lon="19.14684500"><ele>156.58</ele><time>2025-10-20T13:44:26.078Z</time></trkpt><trkpt lat="47.60889150" lon="19.14683190"><ele>156.58</ele><time>2025-10-20T13:44:26.280Z</time></trkpt><trkpt lat="47.60888880" lon="19.14682050"><ele>156.57</ele><time>2025-10-20T13:44:26.461Z</time></trkpt><trkpt lat="47.60888500" lon="19.14680690"><ele>156.58</ele><time>2025-10-20T13:44:26.683Z</time></trkpt><trkpt lat="47.60888120" lon="19.14679450"><ele>156.56</ele><time>2025-10-20T13:44:26.885Z</time></trkpt><trkpt lat="47.60887700" lon="19.14678280"><ele>156.54</ele><time>2025-10-20T13:44:27.085Z</time></trkpt><trkpt lat="47.60887220" lon="19.14677080"><ele>156.53</ele><time>2025-10-20T13:44:27.292Z</time></trkpt><trkpt lat="47.60886720" lon="19.14675930"><ele>156.53</ele><time>2025-10-20T13:44:27.495Z</time></trkpt><trkpt lat="47.60886200" lon="19.14674820"><ele>156.52</ele><time>2025-10-20T13:44:27.696Z</time></trkpt><trkpt lat="47.60885650" lon="19.14673760"><ele>156.50</ele><time>2025-10-20T13:44:27.898Z</time></trkpt><trkpt lat="47.60885080" lon="19.14672740"><ele>156.50</ele><time>2025-10-20T13:44:28.099Z</time></trkpt><trkpt lat="47.60884550" lon="19.14671830"><ele>156.51</ele><time>2025-10-20T13:44:28.284Z</time></trkpt><trkpt lat="47.60883900" lon="19.14670790"><ele>156.51</ele><time>2025-10-20T13:44:28.508Z</time></trkpt><trkpt lat="47.60883290" lon="19.14669890"><ele>156.49</ele><time>2025-10-20T13:44:28.710Z</time></trkpt><trkpt lat="47.60882670" lon="19.14669020"><ele>156.48</ele><time>2025-10-20T13:44:28.911Z</time></trkpt><trkpt lat="47.60882040" lon="19.14668160"><ele>156.45</ele><time>2025-10-20T13:44:29.113Z</time></trkpt><trkpt lat="47.60881450" lon="19.14667380"><ele>156.43</ele><time>2025-10-20T13:44:29.297Z</time></trkpt><trkpt lat="47.60880790" lon="19.14666540"><ele>156.41</ele><time>2025-10-20T13:44:29.498Z</time></trkpt><trkpt lat="47.60880110" lon="19.14665730"><ele>156.39</ele><time>2025-10-20T13:44:29.702Z</time></trkpt><trkpt lat="47.60879420" lon="19.14664930"><ele>156.37</ele><time>2025-10-20T13:44:29.903Z</time></trkpt><trkpt lat="47.60878790" lon="19.14664230"><ele>156.34</ele><time>2025-10-20T13:44:30.084Z</time></trkpt><trkpt lat="47.60877970" lon="19.14663330"><ele>156.32</ele><time>2025-10-20T13:44:30.316Z</time></trkpt><trkpt lat="47.60877250" lon="19.14662570"><ele>156.31</ele><time>2025-10-20T13:44:30.517Z</time></trkpt><trkpt lat="47.60876520" lon="19.14661810"><ele>156.32</ele><time>2025-10-20T13:44:30.718Z</time></trkpt><trkpt lat="47.60875760" lon="19.14661080"><ele>156.34</ele><time>2025-10-20T13:44:30.919Z</time></trkpt><trkpt lat="47.60874990" lon="19.14660390"><ele>156.33</ele><time>2025-10-20T13:44:31.121Z</time></trkpt><trkpt lat="47.60874210" lon="19.14659740"><ele>156.36</ele><time>2025-10-20T13:44:31.323Z</time></trkpt><trkpt lat="47.60873570" lon="19.14659250"><ele>156.36</ele><time>2025-10-20T13:44:31.483Z</time></trkpt><trkpt lat="47.60872580" lon="19.14658540"><ele>156.38</ele><time>2025-10-20T13:44:31.727Z</time></trkpt><trkpt lat="47.60871750" lon="19.14658000"><ele>156.38</ele><time>2025-10-20T13:44:31.927Z</time></trkpt><trkpt lat="47.60870910" lon="19.14657520"><ele>156.39</ele><time>2025-10-20T13:44:32.130Z</time></trkpt><trkpt lat="47.60870150" lon="19.14657140"><ele>156.40</ele><time>2025-10-20T13:44:32.314Z</time></trkpt><trkpt lat="47.60869330" lon="19.14656790"><ele>156.39</ele><time>2025-10-20T13:44:32.515Z</time></trkpt><trkpt lat="47.60868560" lon="19.14656520"><ele>156.39</ele><time>2025-10-20T13:44:32.697Z</time></trkpt><trkpt lat="47.60867630" lon="19.14656240"><ele>156.39</ele><time>2025-10-20T13:44:32.921Z</time></trkpt><trkpt lat="47.60866880" lon="19.14656060"><ele>156.39</ele><time>2025-10-20T13:44:33.102Z</time></trkpt><trkpt lat="47.60865950" lon="19.14655890"><ele>156.39</ele><time>2025-10-20T13:44:33.323Z</time></trkpt><trkpt lat="47.60865200" lon="19.14655780"><ele>156.38</ele><time>2025-10-20T13:44:33.508Z</time></trkpt><trkpt lat="47.60864290" lon="19.14655700"><ele>156.37</ele><time>2025-10-20T13:44:33.730Z</time></trkpt><trkpt lat="47.60863540" lon="19.14655680"><ele>156.35</ele><time>2025-10-20T13:44:33.911Z</time></trkpt><trkpt lat="47.60862720" lon="19.14655700"><ele>156.33</ele><time>2025-10-20T13:44:34.113Z</time></trkpt><trkpt lat="47.60861890" lon="19.14655770"><ele>156.32</ele><time>2025-10-20T13:44:34.315Z</time></trkpt><trkpt lat="47.60861070" lon="19.14655860"><ele>156.30</ele><time>2025-10-20T13:44:34.517Z</time></trkpt><trkpt lat="47.60860250" lon="19.14655970"><ele>156.28</ele><time>2025-10-20T13:44:34.719Z</time></trkpt><trkpt lat="47.60859360" lon="19.14656120"><ele>156.23</ele><time>2025-10-20T13:44:34.941Z</time></trkpt><trkpt lat="47.60858610" lon="19.14656300"><ele>156.22</ele><time>2025-10-20T13:44:35.125Z</time></trkpt><trkpt lat="47.60857780" lon="19.14656540"><ele>156.19</ele><time>2025-10-20T13:44:35.327Z</time></trkpt><trkpt lat="47.60856870" lon="19.14656840"><ele>156.19</ele><time>2025-10-20T13:44:35.550Z</time></trkpt><trkpt lat="47.60856130" lon="19.14657120"><ele>156.20</ele><time>2025-10-20T13:44:35.732Z</time></trkpt><trkpt lat="47.60855320" lon="19.14657440"><ele>156.19</ele><time>2025-10-20T13:44:35.931Z</time></trkpt><trkpt lat="47.60854400" lon="19.14657840"><ele>156.15</ele><time>2025-10-20T13:44:36.153Z</time></trkpt><trkpt lat="47.60853650" lon="19.14658190"><ele>156.11</ele><time>2025-10-20T13:44:36.333Z</time></trkpt><trkpt lat="47.60852720" lon="19.14658660"><ele>156.10</ele><time>2025-10-20T13:44:36.555Z</time></trkpt><trkpt lat="47.60851860" lon="19.14659150"><ele>156.09</ele><time>2025-10-20T13:44:36.759Z</time></trkpt><trkpt lat="47.60851110" lon="19.14659610"><ele>156.07</ele><time>2025-10-20T13:44:36.939Z</time></trkpt><trkpt lat="47.60850270" lon="19.14660190"><ele>156.03</ele><time>2025-10-20T13:44:37.141Z</time></trkpt><trkpt lat="47.60849470" lon="19.14660820"><ele>156.01</ele><time>2025-10-20T13:44:37.344Z</time></trkpt><trkpt lat="47.60848670" lon="19.14661520"><ele>156.01</ele><time>2025-10-20T13:44:37.547Z</time></trkpt><trkpt lat="47.60847890" lon="19.14662280"><ele>156.03</ele><time>2025-10-20T13:44:37.749Z</time></trkpt><trkpt lat="47.60847180" lon="19.14662990"><ele>156.02</ele><time>2025-10-20T13:44:37.930Z</time></trkpt><trkpt lat="47.60846310" lon="19.14663930"><ele>156.03</ele><time>2025-10-20T13:44:38.155Z</time></trkpt><trkpt lat="47.60845530" lon="19.14664830"><ele>156.05</ele><time>2025-10-20T13:44:38.361Z</time></trkpt><trkpt lat="47.60844760" lon="19.14665740"><ele>156.05</ele><time>2025-10-20T13:44:38.562Z</time></trkpt><trkpt lat="47.60844000" lon="19.14666660"><ele>156.04</ele><time>2025-10-20T13:44:38.763Z</time></trkpt><trkpt lat="47.60843330" lon="19.14667520"><ele>156.01</ele><time>2025-10-20T13:44:38.946Z</time></trkpt><trkpt lat="47.60842620" lon="19.14668500"><ele>156.00</ele><time>2025-10-20T13:44:39.147Z</time></trkpt><trkpt lat="47.60841900" lon="19.14669560"><ele>156.00</ele><time>2025-10-20T13:44:39.357Z</time></trkpt><trkpt lat="47.60841310" lon="19.14670480"><ele>156.01</ele><time>2025-10-20T13:44:39.540Z</time></trkpt><trkpt lat="47.60840610" lon="19.14671630"><ele>156.00</ele><time>2025-10-20T13:44:39.765Z</time></trkpt><trkpt lat="47.60840020" lon="19.14672650"><ele>155.99</ele><time>2025-10-20T13:44:39.966Z</time></trkpt><trkpt lat="47.60839480" lon="19.14673660"><ele>156.00</ele><time>2025-10-20T13:44:40.166Z</time></trkpt><trkpt lat="47.60838970" lon="19.14674690"><ele>155.99</ele><time>2025-10-20T13:44:40.372Z</time></trkpt><trkpt lat="47.60838500" lon="19.14675680"><ele>155.96</ele><time>2025-10-20T13:44:40.573Z</time></trkpt><trkpt lat="47.60838060" lon="19.14676650"><ele>155.93</ele><time>2025-10-20T13:44:40.774Z</time></trkpt><trkpt lat="47.60837680" lon="19.14677550"><ele>155.94</ele><time>2025-10-20T13:44:40.956Z</time></trkpt><trkpt lat="47.60837300" lon="19.14678560"><ele>155.95</ele><time>2025-10-20T13:44:41.157Z</time></trkpt><trkpt lat="47.60836950" lon="19.14679630"><ele>155.98</ele><time>2025-10-20T13:44:41.364Z</time></trkpt><trkpt lat="47.60836620" lon="19.14680710"><ele>155.97</ele><time>2025-10-20T13:44:41.570Z</time></trkpt><trkpt lat="47.60836340" lon="19.14681800"><ele>155.99</ele><time>2025-10-20T13:44:41.771Z</time></trkpt><trkpt lat="47.60836120" lon="19.14682810"><ele>156.00</ele><time>2025-10-20T13:44:41.951Z</time></trkpt><trkpt lat="47.60835880" lon="19.14684090"><ele>155.99</ele><time>2025-10-20T13:44:42.171Z</time></trkpt><trkpt lat="47.60835710" lon="19.14685310"><ele>156.02</ele><time>2025-10-20T13:44:42.372Z</time></trkpt><trkpt lat="47.60835580" lon="19.14686400"><ele>155.99</ele><time>2025-10-20T13:44:42.552Z</time></trkpt><trkpt lat="47.60835460" lon="19.14687640"><ele>155.95</ele><time>2025-10-20T13:44:42.753Z</time></trkpt><trkpt lat="47.60835360" lon="19.14689060"><ele>155.91</ele><time>2025-10-20T13:44:42.974Z</time></trkpt><trkpt lat="47.60835300" lon="19.14690350"><ele>155.87</ele><time>2025-10-20T13:44:43.176Z</time></trkpt><trkpt lat="47.60835270" lon="19.14691640"><ele>155.85</ele><time>2025-10-20T13:44:43.379Z</time></trkpt><trkpt lat="47.60835260" lon="19.14692880"><ele>155.85</ele><time>2025-10-20T13:44:43.579Z</time></trkpt><trkpt lat="47.60835260" lon="19.14694100"><ele>155.85</ele><time>2025-10-20T13:44:43.782Z</time></trkpt><trkpt lat="47.60835270" lon="19.14695280"><ele>155.84</ele><time>2025-10-20T13:44:43.984Z</time></trkpt><trkpt lat="47.60835300" lon="19.14696320"><ele>155.84</ele><time>2025-10-20T13:44:44.166Z</time></trkpt><trkpt lat="47.60835330" lon="19.14697250"><ele>155.84</ele><time>2025-10-20T13:44:44.327Z</time></trkpt><trkpt lat="47.60835390" lon="19.14698510"><ele>155.81</ele><time>2025-10-20T13:44:44.548Z</time></trkpt><trkpt lat="47.60835480" lon="19.14699790"><ele>155.85</ele><time>2025-10-20T13:44:44.769Z</time></trkpt><trkpt lat="47.60835610" lon="19.14700970"><ele>155.87</ele><time>2025-10-20T13:44:44.970Z</time></trkpt><trkpt lat="47.60835790" lon="19.14702220"><ele>155.89</ele><time>2025-10-20T13:44:45.173Z</time></trkpt><trkpt lat="47.60835960" lon="19.14703290"><ele>155.91</ele><time>2025-10-20T13:44:45.346Z</time></trkpt><trkpt lat="47.60836190" lon="19.14704690"><ele>155.94</ele><time>2025-10-20T13:44:45.568Z</time></trkpt><trkpt lat="47.60836410" lon="19.14705830"><ele>155.96</ele><time>2025-10-20T13:44:45.749Z</time></trkpt><trkpt lat="47.60836680" lon="19.14707110"><ele>155.98</ele><time>2025-10-20T13:44:45.951Z</time></trkpt><trkpt lat="47.60837020" lon="19.14708560"><ele>156.01</ele><time>2025-10-20T13:44:46.175Z</time></trkpt><trkpt lat="47.60837310" lon="19.14709750"><ele>156.04</ele><time>2025-10-20T13:44:46.358Z</time></trkpt><trkpt lat="47.60837630" lon="19.14711070"><ele>156.06</ele><time>2025-10-20T13:44:46.563Z</time></trkpt><trkpt lat="47.60838010" lon="19.14712470"><ele>156.09</ele><time>2025-10-20T13:44:46.784Z</time></trkpt><trkpt lat="47.60838320" lon="19.14713620"><ele>156.10</ele><time>2025-10-20T13:44:46.966Z</time></trkpt><trkpt lat="47.60838690" lon="19.14714870"><ele>156.12</ele><time>2025-10-20T13:44:47.167Z</time></trkpt><trkpt lat="47.60839080" lon="19.14716120"><ele>156.14</ele><time>2025-10-20T13:44:47.368Z</time></trkpt><trkpt lat="47.60839530" lon="19.14717450"><ele>156.15</ele><time>2025-10-20T13:44:47.589Z</time></trkpt><trkpt lat="47.60839950" lon="19.14718650"><ele>156.15</ele><time>2025-10-20T13:44:47.792Z</time></trkpt><trkpt lat="47.60840300" lon="19.14719570"><ele>156.14</ele><time>2025-10-20T13:44:47.952Z</time></trkpt><trkpt lat="47.60840740" lon="19.14720710"><ele>156.08</ele><time>2025-10-20T13:44:48.153Z</time></trkpt><trkpt lat="47.60841280" lon="19.14721940"><ele>156.09</ele><time>2025-10-20T13:44:48.377Z</time></trkpt><trkpt lat="47.60841780" lon="19.14723010"><ele>156.09</ele><time>2025-10-20T13:44:48.578Z</time></trkpt><trkpt lat="47.60842310" lon="19.14724060"><ele>156.12</ele><time>2025-10-20T13:44:48.779Z</time></trkpt><trkpt lat="47.60842870" lon="19.14725110"><ele>156.16</ele><time>2025-10-20T13:44:48.979Z</time></trkpt><trkpt lat="47.60843460" lon="19.14726140"><ele>156.19</ele><time>2025-10-20T13:44:49.181Z</time></trkpt><trkpt lat="47.60844090" lon="19.14727190"><ele>156.23</ele><time>2025-10-20T13:44:49.394Z</time></trkpt><trkpt lat="47.60844580" lon="19.14727970"><ele>156.26</ele><time>2025-10-20T13:44:49.559Z</time></trkpt><trkpt lat="47.60845260" lon="19.14728990"><ele>156.28</ele><time>2025-10-20T13:44:49.779Z</time></trkpt><trkpt lat="47.60845900" lon="19.14729900"><ele>156.29</ele><time>2025-10-20T13:44:49.983Z</time></trkpt><trkpt lat="47.60846550" lon="19.14730780"><ele>156.32</ele><time>2025-10-20T13:44:50.184Z</time></trkpt><trkpt lat="47.60847240" lon="19.14731630"><ele>156.36</ele><time>2025-10-20T13:44:50.390Z</time></trkpt><trkpt lat="47.60847920" lon="19.14732400"><ele>156.39</ele><time>2025-10-20T13:44:50.593Z</time></trkpt><trkpt lat="47.60848630" lon="19.14733130"><ele>156.39</ele><time>2025-10-20T13:44:50.794Z</time></trkpt><trkpt lat="47.60849400" lon="19.14733830"><ele>156.43</ele><time>2025-10-20T13:44:50.995Z</time></trkpt><trkpt lat="47.60850120" lon="19.14734400"><ele>156.47</ele><time>2025-10-20T13:44:51.175Z</time></trkpt><trkpt lat="47.60851040" lon="19.14735060"><ele>156.51</ele><time>2025-10-20T13:44:51.398Z</time></trkpt><trkpt lat="47.60851900" lon="19.14735600"><ele>156.52</ele><time>2025-10-20T13:44:51.601Z</time></trkpt><trkpt lat="47.60852770" lon="19.14736080"><ele>156.58</ele><time>2025-10-20T13:44:51.802Z</time></trkpt><trkpt lat="47.60853660" lon="19.14736510"><ele>156.63</ele><time>2025-10-20T13:44:52.003Z</time></trkpt><trkpt lat="47.60854510" lon="19.14736860"><ele>156.68</ele><time>2025-10-20T13:44:52.186Z</time></trkpt><trkpt lat="47.60855460" lon="19.14737220"><ele>156.72</ele><time>2025-10-20T13:44:52.390Z</time></trkpt><trkpt lat="47.60856400" lon="19.14737530"><ele>156.76</ele><time>2025-10-20T13:44:52.593Z</time></trkpt><trkpt lat="47.60857350" lon="19.14737810"><ele>156.80</ele><time>2025-10-20T13:44:52.794Z</time></trkpt><trkpt lat="47.60858300" lon="19.14738050"><ele>156.84</ele><time>2025-10-20T13:44:52.995Z</time></trkpt><trkpt lat="47.60859250" lon="19.14738240"><ele>156.88</ele><time>2025-10-20T13:44:53.197Z</time></trkpt><trkpt lat="47.60860220" lon="19.14738400"><ele>156.90</ele><time>2025-10-20T13:44:53.404Z</time></trkpt><trkpt lat="47.60861170" lon="19.14738510"><ele>156.88</ele><time>2025-10-20T13:44:53.610Z</time></trkpt><trkpt lat="47.60862090" lon="19.14738580"><ele>156.88</ele><time>2025-10-20T13:44:53.812Z</time></trkpt><trkpt lat="47.60863010" lon="19.14738610"><ele>156.88</ele><time>2025-10-20T13:44:54.013Z</time></trkpt><trkpt lat="47.60863930" lon="19.14738590"><ele>156.88</ele><time>2025-10-20T13:44:54.218Z</time></trkpt><trkpt lat="47.60864900" lon="19.14738530"><ele>156.90</ele><time>2025-10-20T13:44:54.430Z</time></trkpt><trkpt lat="47.60865810" lon="19.14738420"><ele>156.92</ele><time>2025-10-20T13:44:54.632Z</time></trkpt><trkpt lat="47.60866730" lon="19.14738280"><ele>156.93</ele><time>2025-10-20T13:44:54.833Z</time></trkpt><trkpt lat="47.60867640" lon="19.14738080"><ele>156.92</ele><time>2025-10-20T13:44:55.033Z</time></trkpt><trkpt lat="47.60868550" lon="19.14737830"><ele>156.90</ele><time>2025-10-20T13:44:55.234Z</time></trkpt><trkpt lat="47.60869270" lon="19.14737580"><ele>156.89</ele><time>2025-10-20T13:44:55.395Z</time></trkpt><trkpt lat="47.60870260" lon="19.14737170"><ele>156.85</ele><time>2025-10-20T13:44:55.616Z</time></trkpt><trkpt lat="47.60871150" lon="19.14736750"><ele>156.84</ele><time>2025-10-20T13:44:55.817Z</time></trkpt><trkpt lat="47.60872020" lon="19.14736280"><ele>156.80</ele><time>2025-10-20T13:44:56.018Z</time></trkpt><trkpt lat="47.60872890" lon="19.14735750"><ele>156.77</ele><time>2025-10-20T13:44:56.222Z</time></trkpt><trkpt lat="47.60873740" lon="19.14735200"><ele>156.75</ele><time>2025-10-20T13:44:56.421Z</time></trkpt><trkpt lat="47.60874600" lon="19.14734590"><ele>156.74</ele><time>2025-10-20T13:44:56.625Z</time></trkpt><trkpt lat="47.60875440" lon="19.14733960"><ele>156.73</ele><time>2025-10-20T13:44:56.826Z</time></trkpt><trkpt lat="47.60876260" lon="19.14733290"><ele>156.73</ele><time>2025-10-20T13:44:57.028Z</time></trkpt><trkpt lat="47.60877080" lon="19.14732560"><ele>156.74</ele><time>2025-10-20T13:44:57.231Z</time></trkpt><trkpt lat="47.60877710" lon="19.14731970"><ele>156.73</ele><time>2025-10-20T13:44:57.391Z</time></trkpt><trkpt lat="47.60878620" lon="19.14731060"><ele>156.72</ele><time>2025-10-20T13:44:57.632Z</time></trkpt><trkpt lat="47.60879320" lon="19.14730330"><ele>156.71</ele><time>2025-10-20T13:44:57.834Z</time></trkpt><trkpt lat="47.60879890" lon="19.14729700"><ele>156.70</ele><time>2025-10-20T13:44:58.035Z</time></trkpt><trkpt lat="47.60880320" lon="19.14729190"><ele>156.70</ele><time>2025-10-20T13:44:58.236Z</time></trkpt><trkpt lat="47.60880630" lon="19.14728810"><ele>156.71</ele><time>2025-10-20T13:44:58.437Z</time></trkpt><trkpt lat="47.60880860" lon="19.14728520"><ele>156.71</ele><time>2025-10-20T13:44:58.639Z</time></trkpt><trkpt lat="47.60881010" lon="19.14728330"><ele>156.70</ele><time>2025-10-20T13:44:58.840Z</time></trkpt><trkpt lat="47.60881120" lon="19.14728210"><ele>156.69</ele><time>2025-10-20T13:44:59.040Z</time></trkpt><trkpt lat="47.60881170" lon="19.14728170"><ele>156.70</ele><time>2025-10-20T13:44:59.241Z</time></trkpt><trkpt lat="47.60881200" lon="19.14728190"><ele>156.69</ele><time>2025-10-20T13:44:59.442Z</time></trkpt><trkpt lat="47.60881200" lon="19.14728310"><ele>156.67</ele><time>2025-10-20T13:44:59.643Z</time></trkpt><trkpt lat="47.60881220" lon="19.14728510"><ele>156.67</ele><time>2025-10-20T13:44:59.804Z</time></trkpt><trkpt lat="47.60881300" lon="19.14729020"><ele>156.67</ele><time>2025-10-20T13:45:00.049Z</time></trkpt><trkpt lat="47.60881430" lon="19.14729640"><ele>156.67</ele><time>2025-10-20T13:45:00.253Z</time></trkpt><trkpt lat="47.60881610" lon="19.14730340"><ele>156.67</ele><time>2025-10-20T13:45:00.438Z</time></trkpt><trkpt lat="47.60881870" lon="19.14731240"><ele>156.67</ele><time>2025-10-20T13:45:00.641Z</time></trkpt><trkpt lat="47.60882180" lon="19.14732230"><ele>156.67</ele><time>2025-10-20T13:45:00.842Z</time></trkpt><trkpt lat="47.60882510" lon="19.14733200"><ele>156.66</ele><time>2025-10-20T13:45:01.023Z</time></trkpt><trkpt lat="47.60882900" lon="19.14734320"><ele>156.65</ele><time>2025-10-20T13:45:01.226Z</time></trkpt><trkpt lat="47.60883280" lon="19.14735370"><ele>156.63</ele><time>2025-10-20T13:45:01.407Z</time></trkpt><trkpt lat="47.60883770" lon="19.14736680"><ele>156.64</ele><time>2025-10-20T13:45:01.629Z</time></trkpt><trkpt lat="47.60884290" lon="19.14738010"><ele>156.63</ele><time>2025-10-20T13:45:01.853Z</time></trkpt><trkpt lat="47.60884720" lon="19.14739070"><ele>156.60</ele><time>2025-10-20T13:45:02.033Z</time></trkpt><trkpt lat="47.60885200" lon="19.14740280"><ele>156.57</ele><time>2025-10-20T13:45:02.237Z</time></trkpt><trkpt lat="47.60885720" lon="19.14741530"><ele>156.57</ele><time>2025-10-20T13:45:02.445Z</time></trkpt><trkpt lat="47.60886220" lon="19.14742710"><ele>156.55</ele><time>2025-10-20T13:45:02.647Z</time></trkpt><trkpt lat="47.60886720" lon="19.14743890"><ele>156.53</ele><time>2025-10-20T13:45:02.848Z</time></trkpt><trkpt lat="47.60887220" lon="19.14745070"><ele>156.50</ele><time>2025-10-20T13:45:03.048Z</time></trkpt><trkpt lat="47.60887740" lon="19.14746310"><ele>156.50</ele><time>2025-10-20T13:45:03.260Z</time></trkpt><trkpt lat="47.60888260" lon="19.14747510"><ele>156.48</ele><time>2025-10-20T13:45:03.465Z</time></trkpt><trkpt lat="47.60888760" lon="19.14748660"><ele>156.45</ele><time>2025-10-20T13:45:03.666Z</time></trkpt><trkpt lat="47.60889260" lon="19.14749780"><ele>156.43</ele><time>2025-10-20T13:45:03.868Z</time></trkpt><trkpt lat="47.60889750" lon="19.14750920"><ele>156.40</ele><time>2025-10-20T13:45:04.068Z</time></trkpt><trkpt lat="47.60890240" lon="19.14752080"><ele>156.38</ele><time>2025-10-20T13:45:04.273Z</time></trkpt><trkpt lat="47.60890740" lon="19.14753200"><ele>156.37</ele><time>2025-10-20T13:45:04.475Z</time></trkpt><trkpt lat="47.60891220" lon="19.14754300"><ele>156.33</ele><time>2025-10-20T13:45:04.676Z</time></trkpt><trkpt lat="47.60891720" lon="19.14755410"><ele>156.29</ele><time>2025-10-20T13:45:04.879Z</time></trkpt><trkpt lat="47.60892160" lon="19.14756400"><ele>156.28</ele><time>2025-10-20T13:45:05.060Z</time></trkpt><trkpt lat="47.60892710" lon="19.14757610"><ele>156.24</ele><time>2025-10-20T13:45:05.283Z</time></trkpt><trkpt lat="47.60893200" lon="19.14758700"><ele>156.21</ele><time>2025-10-20T13:45:05.485Z</time></trkpt><trkpt lat="47.60893630" lon="19.14759650"><ele>156.19</ele><time>2025-10-20T13:45:05.665Z</time></trkpt><trkpt lat="47.60894090" lon="19.14760680"><ele>156.15</ele><time>2025-10-20T13:45:05.866Z</time></trkpt><trkpt lat="47.60894530" lon="19.14761630"><ele>156.11</ele><time>2025-10-20T13:45:06.066Z</time></trkpt><trkpt lat="47.60894930" lon="19.14762460"><ele>156.12</ele><time>2025-10-20T13:45:06.268Z</time></trkpt><trkpt lat="47.60895230" lon="19.14763130"><ele>156.15</ele><time>2025-10-20T13:45:06.469Z</time></trkpt><trkpt lat="47.60895450" lon="19.14763670"><ele>156.18</ele><time>2025-10-20T13:45:06.671Z</time></trkpt><trkpt lat="47.60895580" lon="19.14764050"><ele>156.15</ele><time>2025-10-20T13:45:06.851Z</time></trkpt><trkpt lat="47.60895670" lon="19.14764400"><ele>156.09</ele><time>2025-10-20T13:45:07.071Z</time></trkpt><trkpt lat="47.60895710" lon="19.14764600"><ele>156.05</ele><time>2025-10-20T13:45:07.280Z</time></trkpt><trkpt lat="47.60895730" lon="19.14764700"><ele>156.04</ele><time>2025-10-20T13:45:07.469Z</time></trkpt><trkpt lat="47.60895710" lon="19.14764750"><ele>156.03</ele><time>2025-10-20T13:45:07.692Z</time></trkpt><trkpt lat="47.60895680" lon="19.14764750"><ele>156.04</ele><time>2025-10-20T13:45:07.873Z</time></trkpt><trkpt lat="47.60895630" lon="19.14764710"><ele>156.02</ele><time>2025-10-20T13:45:08.073Z</time></trkpt><trkpt lat="47.60895570" lon="19.14764610"><ele>156.00</ele><time>2025-10-20T13:45:08.295Z</time></trkpt><trkpt lat="47.60895500" lon="19.14764520"><ele>155.99</ele><time>2025-10-20T13:45:08.481Z</time></trkpt><trkpt lat="47.60895480" lon="19.14764320"><ele>156.01</ele><time>2025-10-20T13:45:08.681Z</time></trkpt><trkpt lat="47.60895510" lon="19.14764000"><ele>155.99</ele><time>2025-10-20T13:45:08.883Z</time></trkpt><trkpt lat="47.60895680" lon="19.14763510"><ele>155.99</ele><time>2025-10-20T13:45:09.083Z</time></trkpt><trkpt lat="47.60895940" lon="19.14762880"><ele>155.97</ele><time>2025-10-20T13:45:09.270Z</time></trkpt><trkpt lat="47.60896330" lon="19.14762060"><ele>155.90</ele><time>2025-10-20T13:45:09.474Z</time></trkpt><trkpt lat="47.60896790" lon="19.14761130"><ele>155.87</ele><time>2025-10-20T13:45:09.675Z</time></trkpt><trkpt lat="47.60897330" lon="19.14760090"><ele>155.82</ele><time>2025-10-20T13:45:09.882Z</time></trkpt><trkpt lat="47.60897910" lon="19.14759010"><ele>155.75</ele><time>2025-10-20T13:45:10.085Z</time></trkpt><trkpt lat="47.60898430" lon="19.14758040"><ele>155.74</ele><time>2025-10-20T13:45:10.257Z</time></trkpt><trkpt lat="47.60899180" lon="19.14756710"><ele>155.73</ele><time>2025-10-20T13:45:10.487Z</time></trkpt><trkpt lat="47.60899800" lon="19.14755620"><ele>155.74</ele><time>2025-10-20T13:45:10.669Z</time></trkpt><trkpt lat="47.60900490" lon="19.14754400"><ele>155.71</ele><time>2025-10-20T13:45:10.872Z</time></trkpt><trkpt lat="47.60901210" lon="19.14753140"><ele>155.69</ele><time>2025-10-20T13:45:11.073Z</time></trkpt><trkpt lat="47.60901930" lon="19.14751870"><ele>155.69</ele><time>2025-10-20T13:45:11.277Z</time></trkpt><trkpt lat="47.60902650" lon="19.14750580"><ele>155.68</ele><time>2025-10-20T13:45:11.480Z</time></trkpt><trkpt lat="47.60903370" lon="19.14749300"><ele>155.67</ele><time>2025-10-20T13:45:11.683Z</time></trkpt><trkpt lat="47.60904080" lon="19.14748050"><ele>155.66</ele><time>2025-10-20T13:45:11.885Z</time></trkpt><trkpt lat="47.60904790" lon="19.14746800"><ele>155.66</ele><time>2025-10-20T13:45:12.087Z</time></trkpt><trkpt lat="47.60905510" lon="19.14745540"><ele>155.66</ele><time>2025-10-20T13:45:12.291Z</time></trkpt><trkpt lat="47.60906190" lon="19.14744330"><ele>155.66</ele><time>2025-10-20T13:45:12.491Z</time></trkpt><trkpt lat="47.60906860" lon="19.14743120"><ele>155.65</ele><time>2025-10-20T13:45:12.692Z</time></trkpt><trkpt lat="47.60907520" lon="19.14741920"><ele>155.66</ele><time>2025-10-20T13:45:12.892Z</time></trkpt><trkpt lat="47.60908150" lon="19.14740730"><ele>155.67</ele><time>2025-10-20T13:45:13.092Z</time></trkpt><trkpt lat="47.60908770" lon="19.14739540"><ele>155.69</ele><time>2025-10-20T13:45:13.295Z</time></trkpt><trkpt lat="47.60909310" lon="19.14738510"><ele>155.71</ele><time>2025-10-20T13:45:13.477Z</time></trkpt><trkpt lat="47.60909820" lon="19.14737500"><ele>155.72</ele><time>2025-10-20T13:45:13.658Z</time></trkpt><trkpt lat="47.60910420" lon="19.14736300"><ele>155.73</ele><time>2025-10-20T13:45:13.880Z</time></trkpt><trkpt lat="47.60910940" lon="19.14735220"><ele>155.75</ele><time>2025-10-20T13:45:14.081Z</time></trkpt><trkpt lat="47.60911440" lon="19.14734130"><ele>155.79</ele><time>2025-10-20T13:45:14.283Z</time></trkpt><trkpt lat="47.60911930" lon="19.14733030"><ele>155.81</ele><time>2025-10-20T13:45:14.487Z</time></trkpt><trkpt lat="47.60912400" lon="19.14731920"><ele>155.85</ele><time>2025-10-20T13:45:14.689Z</time></trkpt><trkpt lat="47.60912840" lon="19.14730830"><ele>155.86</ele><time>2025-10-20T13:45:14.890Z</time></trkpt><trkpt lat="47.60913230" lon="19.14729790"><ele>155.87</ele><time>2025-10-20T13:45:15.078Z</time></trkpt><trkpt lat="47.60913640" lon="19.14728630"><ele>155.89</ele><time>2025-10-20T13:45:15.282Z</time></trkpt><trkpt lat="47.60914000" lon="19.14727570"><ele>155.91</ele><time>2025-10-20T13:45:15.466Z</time></trkpt><trkpt lat="47.60914380" lon="19.14726270"><ele>155.92</ele><time>2025-10-20T13:45:15.687Z</time></trkpt><trkpt lat="47.60914720" lon="19.14725070"><ele>155.93</ele><time>2025-10-20T13:45:15.887Z</time></trkpt><trkpt lat="47.60915050" lon="19.14723840"><ele>155.95</ele><time>2025-10-20T13:45:16.086Z</time></trkpt><trkpt lat="47.60915370" lon="19.14722560"><ele>155.97</ele><time>2025-10-20T13:45:16.292Z</time></trkpt><trkpt lat="47.60915650" lon="19.14721290"><ele>155.99</ele><time>2025-10-20T13:45:16.492Z</time></trkpt><trkpt lat="47.60915910" lon="19.14720020"><ele>156.04</ele><time>2025-10-20T13:45:16.693Z</time></trkpt><trkpt lat="47.60916140" lon="19.14718730"><ele>156.08</ele><time>2025-10-20T13:45:16.893Z</time></trkpt><trkpt lat="47.60916350" lon="19.14717450"><ele>156.12</ele><time>2025-10-20T13:45:17.093Z</time></trkpt><trkpt lat="47.60916550" lon="19.14716170"><ele>156.17</ele><time>2025-10-20T13:45:17.294Z</time></trkpt><trkpt lat="47.60916740" lon="19.14714880"><ele>156.21</ele><time>2025-10-20T13:45:17.496Z</time></trkpt><trkpt lat="47.60916890" lon="19.14713720"><ele>156.24</ele><time>2025-10-20T13:45:17.676Z</time></trkpt><trkpt lat="47.60917050" lon="19.14712410"><ele>156.28</ele><time>2025-10-20T13:45:17.878Z</time></trkpt><trkpt lat="47.60917190" lon="19.14711080"><ele>156.33</ele><time>2025-10-20T13:45:18.078Z</time></trkpt><trkpt lat="47.60917320" lon="19.14709640"><ele>156.38</ele><time>2025-10-20T13:45:18.292Z</time></trkpt><trkpt lat="47.60917440" lon="19.14708300"><ele>156.42</ele><time>2025-10-20T13:45:18.495Z</time></trkpt><trkpt lat="47.60917530" lon="19.14707120"><ele>156.45</ele><time>2025-10-20T13:45:18.675Z</time></trkpt><trkpt lat="47.60917610" lon="19.14705790"><ele>156.47</ele><time>2025-10-20T13:45:18.876Z</time></trkpt><trkpt lat="47.60917670" lon="19.14704320"><ele>156.50</ele><time>2025-10-20T13:45:19.098Z</time></trkpt><trkpt lat="47.60917710" lon="19.14703140"><ele>156.53</ele><time>2025-10-20T13:45:19.279Z</time></trkpt><trkpt lat="47.60917740" lon="19.14701920"><ele>156.54</ele><time>2025-10-20T13:45:19.466Z</time></trkpt><trkpt lat="47.60917760" lon="19.14700620"><ele>156.56</ele><time>2025-10-20T13:45:19.671Z</time></trkpt><trkpt lat="47.60917760" lon="19.14699200"><ele>156.58</ele><time>2025-10-20T13:45:19.893Z</time></trkpt><trkpt lat="47.60917760" lon="19.14698030"><ele>156.59</ele><time>2025-10-20T13:45:20.073Z</time></trkpt><trkpt lat="47.60917740" lon="19.14696560"><ele>156.61</ele><time>2025-10-20T13:45:20.299Z</time></trkpt><trkpt lat="47.60917710" lon="19.14695280"><ele>156.61</ele><time>2025-10-20T13:45:20.500Z</time></trkpt><trkpt lat="47.60917670" lon="19.14694020"><ele>156.61</ele><time>2025-10-20T13:45:20.701Z</time></trkpt><trkpt lat="47.60917630" lon="19.14692890"><ele>156.62</ele><time>2025-10-20T13:45:20.882Z</time></trkpt><trkpt lat="47.60917580" lon="19.14691500"><ele>156.63</ele><time>2025-10-20T13:45:21.105Z</time></trkpt><trkpt lat="47.60917520" lon="19.14690440"><ele>156.63</ele><time>2025-10-20T13:45:21.276Z</time></trkpt><trkpt lat="47.60917440" lon="19.14689080"><ele>156.63</ele><time>2025-10-20T13:45:21.497Z</time></trkpt><trkpt lat="47.60917360" lon="19.14687840"><ele>156.64</ele><time>2025-10-20T13:45:21.697Z</time></trkpt><trkpt lat="47.60917260" lon="19.14686610"><ele>156.65</ele><time>2025-10-20T13:45:21.897Z</time></trkpt><trkpt lat="47.60917140" lon="19.14685370"><ele>156.66</ele><time>2025-10-20T13:45:22.098Z</time></trkpt><trkpt lat="47.60917010" lon="19.14684150"><ele>156.67</ele><time>2025-10-20T13:45:22.301Z</time></trkpt><trkpt lat="47.60916870" lon="19.14682930"><ele>156.68</ele><time>2025-10-20T13:45:22.503Z</time></trkpt><trkpt lat="47.60916720" lon="19.14681720"><ele>156.67</ele><time>2025-10-20T13:45:22.704Z</time></trkpt><trkpt lat="47.60916560" lon="19.14680510"><ele>156.67</ele><time>2025-10-20T13:45:22.904Z</time></trkpt><trkpt lat="47.60916400" lon="19.14679420"><ele>156.65</ele><time>2025-10-20T13:45:23.085Z</time></trkpt><trkpt lat="47.60916190" lon="19.14678050"><ele>156.64</ele><time>2025-10-20T13:45:23.311Z</time></trkpt><trkpt lat="47.60915990" lon="19.14676860"><ele>156.63</ele><time>2025-10-20T13:45:23.512Z</time></trkpt><trkpt lat="47.60915770" lon="19.14675650"><ele>156.62</ele><time>2025-10-20T13:45:23.713Z</time></trkpt><trkpt lat="47.60915540" lon="19.14674460"><ele>156.63</ele><time>2025-10-20T13:45:23.914Z</time></trkpt><trkpt lat="47.60915300" lon="19.14673270"><ele>156.64</ele><time>2025-10-20T13:45:24.115Z</time></trkpt><trkpt lat="47.60915070" lon="19.14672190"><ele>156.66</ele><time>2025-10-20T13:45:24.297Z</time></trkpt><trkpt lat="47.60914810" lon="19.14671000"><ele>156.67</ele><time>2025-10-20T13:45:24.502Z</time></trkpt><trkpt lat="47.60914530" lon="19.14669810"><ele>156.68</ele><time>2025-10-20T13:45:24.702Z</time></trkpt><trkpt lat="47.60914240" lon="19.14668630"><ele>156.70</ele><time>2025-10-20T13:45:24.903Z</time></trkpt><trkpt lat="47.60913930" lon="19.14667430"><ele>156.72</ele><time>2025-10-20T13:45:25.109Z</time></trkpt><trkpt lat="47.60913610" lon="19.14666260"><ele>156.72</ele><time>2025-10-20T13:45:25.311Z</time></trkpt><trkpt lat="47.60913280" lon="19.14665120"><ele>156.72</ele><time>2025-10-20T13:45:25.511Z</time></trkpt><trkpt lat="47.60912940" lon="19.14663990"><ele>156.70</ele><time>2025-10-20T13:45:25.712Z</time></trkpt><trkpt lat="47.60912630" lon="19.14662980"><ele>156.70</ele><time>2025-10-20T13:45:25.893Z</time></trkpt><trkpt lat="47.60912260" lon="19.14661740"><ele>156.68</ele><time>2025-10-20T13:45:26.114Z</time></trkpt><trkpt lat="47.60911910" lon="19.14660630"><ele>156.64</ele><time>2025-10-20T13:45:26.316Z</time></trkpt><trkpt lat="47.60911570" lon="19.14659530"><ele>156.59</ele><time>2025-10-20T13:45:26.521Z</time></trkpt><trkpt lat="47.60911210" lon="19.14658460"><ele>156.54</ele><time>2025-10-20T13:45:26.721Z</time></trkpt><trkpt lat="47.60910830" lon="19.14657380"><ele>156.47</ele><time>2025-10-20T13:45:26.921Z</time></trkpt><trkpt lat="47.60910440" lon="19.14656310"><ele>156.42</ele><time>2025-10-20T13:45:27.122Z</time></trkpt><trkpt lat="47.60910010" lon="19.14655210"><ele>156.39</ele><time>2025-10-20T13:45:27.335Z</time></trkpt><trkpt lat="47.60909590" lon="19.14654200"><ele>156.36</ele><time>2025-10-20T13:45:27.536Z</time></trkpt><trkpt lat="47.60909150" lon="19.14653210"><ele>156.32</ele><time>2025-10-20T13:45:27.736Z</time></trkpt><trkpt lat="47.60908750" lon="19.14652330"><ele>156.26</ele><time>2025-10-20T13:45:27.918Z</time></trkpt><trkpt lat="47.60908270" lon="19.14651330"><ele>156.22</ele><time>2025-10-20T13:45:28.130Z</time></trkpt><trkpt lat="47.60907790" lon="19.14650350"><ele>156.17</ele><time>2025-10-20T13:45:28.337Z</time></trkpt><trkpt lat="47.60907350" lon="19.14649480"><ele>156.11</ele><time>2025-10-20T13:45:28.524Z</time></trkpt><trkpt lat="47.60906810" lon="19.14648460"><ele>156.06</ele><time>2025-10-20T13:45:28.745Z</time></trkpt><trkpt lat="47.60906300" lon="19.14647560"><ele>156.01</ele><time>2025-10-20T13:45:28.947Z</time></trkpt><trkpt lat="47.60905780" lon="19.14646650"><ele>155.98</ele><time>2025-10-20T13:45:29.148Z</time></trkpt><trkpt lat="47.60905230" lon="19.14645750"><ele>155.97</ele><time>2025-10-20T13:45:29.354Z</time></trkpt><trkpt lat="47.60904740" lon="19.14644960"><ele>155.96</ele><time>2025-10-20T13:45:29.538Z</time></trkpt><trkpt lat="47.60904180" lon="19.14644100"><ele>155.93</ele><time>2025-10-20T13:45:29.740Z</time></trkpt><trkpt lat="47.60903600" lon="19.14643220"><ele>155.90</ele><time>2025-10-20T13:45:29.946Z</time></trkpt><trkpt lat="47.60903030" lon="19.14642360"><ele>155.89</ele><time>2025-10-20T13:45:30.148Z</time></trkpt><trkpt lat="47.60902450" lon="19.14641510"><ele>155.90</ele><time>2025-10-20T13:45:30.352Z</time></trkpt><trkpt lat="47.60901980" lon="19.14640850"><ele>155.91</ele><time>2025-10-20T13:45:30.512Z</time></trkpt><trkpt lat="47.60901260" lon="19.14639870"><ele>155.91</ele><time>2025-10-20T13:45:30.753Z</time></trkpt><trkpt lat="47.60900650" lon="19.14639060"><ele>155.90</ele><time>2025-10-20T13:45:30.955Z</time></trkpt><trkpt lat="47.60900040" lon="19.14638260"><ele>155.88</ele><time>2025-10-20T13:45:31.156Z</time></trkpt><trkpt lat="47.60899420" lon="19.14637480"><ele>155.88</ele><time>2025-10-20T13:45:31.358Z</time></trkpt><trkpt lat="47.60898800" lon="19.14636720"><ele>155.86</ele><time>2025-10-20T13:45:31.560Z</time></trkpt><trkpt lat="47.60898180" lon="19.14635960"><ele>155.85</ele><time>2025-10-20T13:45:31.761Z</time></trkpt><trkpt lat="47.60897560" lon="19.14635220"><ele>155.85</ele><time>2025-10-20T13:45:31.962Z</time></trkpt><trkpt lat="47.60896940" lon="19.14634500"><ele>155.85</ele><time>2025-10-20T13:45:32.163Z</time></trkpt><trkpt lat="47.60896310" lon="19.14633800"><ele>155.88</ele><time>2025-10-20T13:45:32.366Z</time></trkpt><trkpt lat="47.60895680" lon="19.14633110"><ele>155.88</ele><time>2025-10-20T13:45:32.568Z</time></trkpt><trkpt lat="47.60895050" lon="19.14632450"><ele>155.88</ele><time>2025-10-20T13:45:32.769Z</time></trkpt><trkpt lat="47.60894390" lon="19.14631780"><ele>155.89</ele><time>2025-10-20T13:45:32.972Z</time></trkpt><trkpt lat="47.60893860" lon="19.14631250"><ele>155.90</ele><time>2025-10-20T13:45:33.133Z</time></trkpt><trkpt lat="47.60893150" lon="19.14630570"><ele>155.91</ele><time>2025-10-20T13:45:33.342Z</time></trkpt><trkpt lat="47.60892390" lon="19.14629890"><ele>155.91</ele><time>2025-10-20T13:45:33.563Z</time></trkpt><trkpt lat="47.60891750" lon="19.14629350"><ele>155.89</ele><time>2025-10-20T13:45:33.744Z</time></trkpt><trkpt lat="47.60890890" lon="19.14628630"><ele>155.91</ele><time>2025-10-20T13:45:33.985Z</time></trkpt><trkpt lat="47.60890310" lon="19.14628170"><ele>155.93</ele><time>2025-10-20T13:45:34.146Z</time></trkpt><trkpt lat="47.60889580" lon="19.14627610"><ele>155.97</ele><time>2025-10-20T13:45:34.348Z</time></trkpt><trkpt lat="47.60888850" lon="19.14627070"><ele>156.00</ele><time>2025-10-20T13:45:34.549Z</time></trkpt><trkpt lat="47.60888110" lon="19.14626530"><ele>156.04</ele><time>2025-10-20T13:45:34.750Z</time></trkpt><trkpt lat="47.60887370" lon="19.14626000"><ele>156.09</ele><time>2025-10-20T13:45:34.952Z</time></trkpt><trkpt lat="47.60886540" lon="19.14625400"><ele>156.13</ele><time>2025-10-20T13:45:35.173Z</time></trkpt><trkpt lat="47.60885850" lon="19.14624910"><ele>156.16</ele><time>2025-10-20T13:45:35.354Z</time></trkpt><trkpt lat="47.60885080" lon="19.14624400"><ele>156.19</ele><time>2025-10-20T13:45:35.555Z</time></trkpt><trkpt lat="47.60884310" lon="19.14623910"><ele>156.21</ele><time>2025-10-20T13:45:35.757Z</time></trkpt><trkpt lat="47.60883530" lon="19.14623430"><ele>156.22</ele><time>2025-10-20T13:45:35.958Z</time></trkpt><trkpt lat="47.60882740" lon="19.14622980"><ele>156.23</ele><time>2025-10-20T13:45:36.158Z</time></trkpt><trkpt lat="47.60881900" lon="19.14622520"><ele>156.24</ele><time>2025-10-20T13:45:36.369Z</time></trkpt><trkpt lat="47.60881020" lon="19.14622070"><ele>156.25</ele><time>2025-10-20T13:45:36.591Z</time></trkpt><trkpt lat="47.60880270" lon="19.14621720"><ele>156.26</ele><time>2025-10-20T13:45:36.772Z</time></trkpt><trkpt lat="47.60879350" lon="19.14621320"><ele>156.25</ele><time>2025-10-20T13:45:36.995Z</time></trkpt><trkpt lat="47.60878580" lon="19.14621000"><ele>156.25</ele><time>2025-10-20T13:45:37.179Z</time></trkpt><trkpt lat="47.60877730" lon="19.14620650"><ele>156.26</ele><time>2025-10-20T13:45:37.382Z</time></trkpt><trkpt lat="47.60876890" lon="19.14620330"><ele>156.28</ele><time>2025-10-20T13:45:37.583Z</time></trkpt><trkpt lat="47.60876050" lon="19.14620010"><ele>156.28</ele><time>2025-10-20T13:45:37.783Z</time></trkpt><trkpt lat="47.60875210" lon="19.14619700"><ele>156.29</ele><time>2025-10-20T13:45:37.983Z</time></trkpt><trkpt lat="47.60874450" lon="19.14619430"><ele>156.31</ele><time>2025-10-20T13:45:38.163Z</time></trkpt><trkpt lat="47.60873540" lon="19.14619120"><ele>156.37</ele><time>2025-10-20T13:45:38.384Z</time></trkpt><trkpt lat="47.60872720" lon="19.14618850"><ele>156.39</ele><time>2025-10-20T13:45:38.584Z</time></trkpt><trkpt lat="47.60871910" lon="19.14618590"><ele>156.40</ele><time>2025-10-20T13:45:38.784Z</time></trkpt><trkpt lat="47.60871090" lon="19.14618340"><ele>156.39</ele><time>2025-10-20T13:45:38.985Z</time></trkpt><trkpt lat="47.60870270" lon="19.14618090"><ele>156.39</ele><time>2025-10-20T13:45:39.187Z</time></trkpt><trkpt lat="47.60869460" lon="19.14617840"><ele>156.39</ele><time>2025-10-20T13:45:39.388Z</time></trkpt><trkpt lat="47.60868660" lon="19.14617610"><ele>156.38</ele><time>2025-10-20T13:45:39.587Z</time></trkpt><trkpt lat="47.60867940" lon="19.14617430"><ele>156.37</ele><time>2025-10-20T13:45:39.768Z</time></trkpt><trkpt lat="47.60867090" lon="19.14617220"><ele>156.35</ele><time>2025-10-20T13:45:39.989Z</time></trkpt><trkpt lat="47.60866370" lon="19.14617080"><ele>156.36</ele><time>2025-10-20T13:45:40.177Z</time></trkpt><trkpt lat="47.60865600" lon="19.14616950"><ele>156.39</ele><time>2025-10-20T13:45:40.377Z</time></trkpt><trkpt lat="47.60864820" lon="19.14616840"><ele>156.39</ele><time>2025-10-20T13:45:40.579Z</time></trkpt><trkpt lat="47.60864040" lon="19.14616760"><ele>156.40</ele><time>2025-10-20T13:45:40.779Z</time></trkpt><trkpt lat="47.60863250" lon="19.14616710"><ele>156.39</ele><time>2025-10-20T13:45:40.980Z</time></trkpt><trkpt lat="47.60862450" lon="19.14616680"><ele>156.38</ele><time>2025-10-20T13:45:41.181Z</time></trkpt><trkpt lat="47.60861660" lon="19.14616680"><ele>156.34</ele><time>2025-10-20T13:45:41.383Z</time></trkpt><trkpt lat="47.60860860" lon="19.14616690"><ele>156.29</ele><time>2025-10-20T13:45:41.585Z</time></trkpt><trkpt lat="47.60860080" lon="19.14616700"><ele>156.24</ele><time>2025-10-20T13:45:41.786Z</time></trkpt><trkpt lat="47.60859380" lon="19.14616720"><ele>156.20</ele><time>2025-10-20T13:45:41.967Z</time></trkpt><trkpt lat="47.60858510" lon="19.14616790"><ele>156.16</ele><time>2025-10-20T13:45:42.189Z</time></trkpt><trkpt lat="47.60857710" lon="19.14616890"><ele>156.13</ele><time>2025-10-20T13:45:42.392Z</time></trkpt><trkpt lat="47.60856910" lon="19.14617030"><ele>156.08</ele><time>2025-10-20T13:45:42.593Z</time></trkpt><trkpt lat="47.60856120" lon="19.14617210"><ele>156.06</ele><time>2025-10-20T13:45:42.793Z</time></trkpt><trkpt lat="47.60855240" lon="19.14617450"><ele>156.05</ele><time>2025-10-20T13:45:43.015Z</time></trkpt><trkpt lat="47.60854490" lon="19.14617690"><ele>156.08</ele><time>2025-10-20T13:45:43.199Z</time></trkpt><trkpt lat="47.60853740" lon="19.14617960"><ele>156.08</ele><time>2025-10-20T13:45:43.390Z</time></trkpt><trkpt lat="47.60852920" lon="19.14618290"><ele>156.06</ele><time>2025-10-20T13:45:43.591Z</time></trkpt><trkpt lat="47.60852120" lon="19.14618630"><ele>156.06</ele><time>2025-10-20T13:45:43.791Z</time></trkpt><trkpt lat="47.60851320" lon="19.14618990"><ele>156.07</ele><time>2025-10-20T13:45:43.992Z</time></trkpt><trkpt lat="47.60850530" lon="19.14619350"><ele>156.07</ele><time>2025-10-20T13:45:44.195Z</time></trkpt><trkpt lat="47.60849680" lon="19.14619750"><ele>156.05</ele><time>2025-10-20T13:45:44.415Z</time></trkpt><trkpt lat="47.60848970" lon="19.14620100"><ele>156.04</ele><time>2025-10-20T13:45:44.598Z</time></trkpt><trkpt lat="47.60848180" lon="19.14620470"><ele>156.06</ele><time>2025-10-20T13:45:44.799Z</time></trkpt><trkpt lat="47.60847300" lon="19.14620880"><ele>156.05</ele><time>2025-10-20T13:45:45.021Z</time></trkpt><trkpt lat="47.60846530" lon="19.14621260"><ele>156.05</ele><time>2025-10-20T13:45:45.215Z</time></trkpt><trkpt lat="47.60845700" lon="19.14621700"><ele>156.06</ele><time>2025-10-20T13:45:45.426Z</time></trkpt><trkpt lat="47.60844920" lon="19.14622140"><ele>156.06</ele><time>2025-10-20T13:45:45.626Z</time></trkpt><trkpt lat="47.60844140" lon="19.14622620"><ele>156.04</ele><time>2025-10-20T13:45:45.825Z</time></trkpt><trkpt lat="47.60843430" lon="19.14623070"><ele>156.03</ele><time>2025-10-20T13:45:46.007Z</time></trkpt><trkpt lat="47.60842650" lon="19.14623580"><ele>156.03</ele><time>2025-10-20T13:45:46.209Z</time></trkpt><trkpt lat="47.60841850" lon="19.14624100"><ele>156.07</ele><time>2025-10-20T13:45:46.410Z</time></trkpt><trkpt lat="47.60841140" lon="19.14624570"><ele>156.11</ele><time>2025-10-20T13:45:46.592Z</time></trkpt><trkpt lat="47.60840280" lon="19.14625150"><ele>156.11</ele><time>2025-10-20T13:45:46.812Z</time></trkpt><trkpt lat="47.60839510" lon="19.14625690"><ele>156.10</ele><time>2025-10-20T13:45:47.012Z</time></trkpt><trkpt lat="47.60838740" lon="19.14626230"><ele>156.08</ele><time>2025-10-20T13:45:47.214Z</time></trkpt><trkpt lat="47.60837990" lon="19.14626810"><ele>156.07</ele><time>2025-10-20T13:45:47.415Z</time></trkpt><trkpt lat="47.60837250" lon="19.14627400"><ele>156.03</ele><time>2025-10-20T13:45:47.616Z</time></trkpt><trkpt lat="47.60836540" lon="19.14627990"><ele>156.04</ele><time>2025-10-20T13:45:47.817Z</time></trkpt><trkpt lat="47.60835920" lon="19.14628530"><ele>156.05</ele><time>2025-10-20T13:45:47.998Z</time></trkpt><trkpt lat="47.60835240" lon="19.14629140"><ele>156.06</ele><time>2025-10-20T13:45:48.200Z</time></trkpt><trkpt lat="47.60834580" lon="19.14629770"><ele>156.06</ele><time>2025-10-20T13:45:48.401Z</time></trkpt><trkpt lat="47.60833910" lon="19.14630430"><ele>156.08</ele><time>2025-10-20T13:45:48.602Z</time></trkpt><trkpt lat="47.60833320" lon="19.14631030"><ele>156.13</ele><time>2025-10-20T13:45:48.781Z</time></trkpt><trkpt lat="47.60832590" lon="19.14631820"><ele>156.15</ele><time>2025-10-20T13:45:49.005Z</time></trkpt><trkpt lat="47.60831930" lon="19.14632560"><ele>156.20</ele><time>2025-10-20T13:45:49.207Z</time></trkpt><trkpt lat="47.60831270" lon="19.14633330"><ele>156.23</ele><time>2025-10-20T13:45:49.409Z</time></trkpt><trkpt lat="47.60830610" lon="19.14634130"><ele>156.28</ele><time>2025-10-20T13:45:49.610Z</time></trkpt><trkpt lat="47.60829930" lon="19.14634970"><ele>156.32</ele><time>2025-10-20T13:45:49.812Z</time></trkpt><trkpt lat="47.60829260" lon="19.14635840"><ele>156.33</ele><time>2025-10-20T13:45:50.013Z</time></trkpt><trkpt lat="47.60828580" lon="19.14636730"><ele>156.34</ele><time>2025-10-20T13:45:50.214Z</time></trkpt><trkpt lat="47.60827890" lon="19.14637640"><ele>156.36</ele><time>2025-10-20T13:45:50.419Z</time></trkpt><trkpt lat="47.60827200" lon="19.14638560"><ele>156.38</ele><time>2025-10-20T13:45:50.621Z</time></trkpt><trkpt lat="47.60826520" lon="19.14639480"><ele>156.38</ele><time>2025-10-20T13:45:50.822Z</time></trkpt><trkpt lat="47.60825850" lon="19.14640430"><ele>156.37</ele><time>2025-10-20T13:45:51.023Z</time></trkpt><trkpt lat="47.60825300" lon="19.14641220"><ele>156.38</ele><time>2025-10-20T13:45:51.189Z</time></trkpt><trkpt lat="47.60824550" lon="19.14642330"><ele>156.39</ele><time>2025-10-20T13:45:51.418Z</time></trkpt><trkpt lat="47.60824040" lon="19.14643100"><ele>156.38</ele><time>2025-10-20T13:45:51.577Z</time></trkpt><trkpt lat="47.60823340" lon="19.14644160"><ele>156.37</ele><time>2025-10-20T13:45:51.798Z</time></trkpt><trkpt lat="47.60822710" lon="19.14645120"><ele>156.38</ele><time>2025-10-20T13:45:52.000Z</time></trkpt><trkpt lat="47.60822010" lon="19.14646190"><ele>156.41</ele><time>2025-10-20T13:45:52.230Z</time></trkpt><trkpt lat="47.60821470" lon="19.14647030"><ele>156.42</ele><time>2025-10-20T13:45:52.414Z</time></trkpt><trkpt lat="47.60820900" lon="19.14647940"><ele>156.42</ele><time>2025-10-20T13:45:52.614Z</time></trkpt><trkpt lat="47.60820340" lon="19.14648850"><ele>156.43</ele><time>2025-10-20T13:45:52.815Z</time></trkpt><trkpt lat="47.60819730" lon="19.14649860"><ele>156.44</ele><time>2025-10-20T13:45:53.037Z</time></trkpt><trkpt lat="47.60819190" lon="19.14650800"><ele>156.45</ele><time>2025-10-20T13:45:53.239Z</time></trkpt><trkpt lat="47.60818670" lon="19.14651740"><ele>156.49</ele><time>2025-10-20T13:45:53.441Z</time></trkpt><trkpt lat="47.60818270" lon="19.14652480"><ele>156.50</ele><time>2025-10-20T13:45:53.601Z</time></trkpt><trkpt lat="47.60817740" lon="19.14653510"><ele>156.53</ele><time>2025-10-20T13:45:53.822Z</time></trkpt><trkpt lat="47.60817290" lon="19.14654480"><ele>156.55</ele><time>2025-10-20T13:45:54.023Z</time></trkpt><trkpt lat="47.60816850" lon="19.14655480"><ele>156.55</ele><time>2025-10-20T13:45:54.225Z</time></trkpt><trkpt lat="47.60816390" lon="19.14656600"><ele>156.58</ele><time>2025-10-20T13:45:54.447Z</time></trkpt><trkpt lat="47.60816040" lon="19.14657530"><ele>156.61</ele><time>2025-10-20T13:45:54.629Z</time></trkpt><trkpt lat="47.60815610" lon="19.14658700"><ele>156.64</ele><time>2025-10-20T13:45:54.852Z</time></trkpt><trkpt lat="47.60815250" lon="19.14659750"><ele>156.66</ele><time>2025-10-20T13:45:55.052Z</time></trkpt><trkpt lat="47.60814940" lon="19.14660730"><ele>156.71</ele><time>2025-10-20T13:45:55.237Z</time></trkpt><trkpt lat="47.60814580" lon="19.14661900"><ele>156.76</ele><time>2025-10-20T13:45:55.447Z</time></trkpt><trkpt lat="47.60814240" lon="19.14663030"><ele>156.80</ele><time>2025-10-20T13:45:55.651Z</time></trkpt><trkpt lat="47.60813900" lon="19.14664160"><ele>156.81</ele><time>2025-10-20T13:45:55.854Z</time></trkpt><trkpt lat="47.60813590" lon="19.14665200"><ele>156.81</ele><time>2025-10-20T13:45:56.043Z</time></trkpt><trkpt lat="47.60813310" lon="19.14666200"><ele>156.81</ele><time>2025-10-20T13:45:56.226Z</time></trkpt><trkpt lat="47.60813010" lon="19.14667310"><ele>156.77</ele><time>2025-10-20T13:45:56.429Z</time></trkpt><trkpt lat="47.60812710" lon="19.14668540"><ele>156.73</ele><time>2025-10-20T13:45:56.652Z</time></trkpt><trkpt lat="47.60812450" lon="19.14669650"><ele>156.71</ele><time>2025-10-20T13:45:56.853Z</time></trkpt><trkpt lat="47.60812210" lon="19.14670750"><ele>156.67</ele><time>2025-10-20T13:45:57.054Z</time></trkpt><trkpt lat="47.60811970" lon="19.14671870"><ele>156.63</ele><time>2025-10-20T13:45:57.255Z</time></trkpt><trkpt lat="47.60811750" lon="19.14673010"><ele>156.58</ele><time>2025-10-20T13:45:57.456Z</time></trkpt><trkpt lat="47.60811550" lon="19.14674160"><ele>156.55</ele><time>2025-10-20T13:45:57.658Z</time></trkpt><trkpt lat="47.60811370" lon="19.14675220"><ele>156.53</ele><time>2025-10-20T13:45:57.840Z</time></trkpt><trkpt lat="47.60811170" lon="19.14676400"><ele>156.50</ele><time>2025-10-20T13:45:58.041Z</time></trkpt><trkpt lat="47.60810990" lon="19.14677590"><ele>156.47</ele><time>2025-10-20T13:45:58.242Z</time></trkpt><trkpt lat="47.60810830" lon="19.14678640"><ele>156.44</ele><time>2025-10-20T13:45:58.421Z</time></trkpt><trkpt lat="47.60810630" lon="19.14679960"><ele>156.42</ele><time>2025-10-20T13:45:58.643Z</time></trkpt><trkpt lat="47.60810470" lon="19.14681170"><ele>156.41</ele><time>2025-10-20T13:45:58.843Z</time></trkpt><trkpt lat="47.60810320" lon="19.14682400"><ele>156.36</ele><time>2025-10-20T13:45:59.044Z</time></trkpt><trkpt lat="47.60810190" lon="19.14683660"><ele>156.33</ele><time>2025-10-20T13:45:59.248Z</time></trkpt><trkpt lat="47.60810060" lon="19.14684880"><ele>156.30</ele><time>2025-10-20T13:45:59.448Z</time></trkpt><trkpt lat="47.60809930" lon="19.14686070"><ele>156.25</ele><time>2025-10-20T13:45:59.649Z</time></trkpt><trkpt lat="47.60809820" lon="19.14687260"><ele>156.22</ele><time>2025-10-20T13:45:59.849Z</time></trkpt><trkpt lat="47.60809700" lon="19.14688450"><ele>156.16</ele><time>2025-10-20T13:46:00.050Z</time></trkpt><trkpt lat="47.60809590" lon="19.14689720"><ele>156.15</ele><time>2025-10-20T13:46:00.257Z</time></trkpt><trkpt lat="47.60809500" lon="19.14691020"><ele>156.14</ele><time>2025-10-20T13:46:00.464Z</time></trkpt><trkpt lat="47.60809440" lon="19.14692290"><ele>156.11</ele><time>2025-10-20T13:46:00.666Z</time></trkpt><trkpt lat="47.60809380" lon="19.14693600"><ele>156.09</ele><time>2025-10-20T13:46:00.867Z</time></trkpt><trkpt lat="47.60809330" lon="19.14694940"><ele>156.08</ele><time>2025-10-20T13:46:01.071Z</time></trkpt><trkpt lat="47.60809280" lon="19.14696190"><ele>156.08</ele><time>2025-10-20T13:46:01.258Z</time></trkpt><trkpt lat="47.60809230" lon="19.14697560"><ele>156.08</ele><time>2025-10-20T13:46:01.463Z</time></trkpt><trkpt lat="47.60809160" lon="19.14698890"><ele>156.09</ele><time>2025-10-20T13:46:01.663Z</time></trkpt><trkpt lat="47.60809100" lon="19.14700210"><ele>156.10</ele><time>2025-10-20T13:46:01.863Z</time></trkpt><trkpt lat="47.60809050" lon="19.14701560"><ele>156.11</ele><time>2025-10-20T13:46:02.065Z</time></trkpt><trkpt lat="47.60809030" lon="19.14702930"><ele>156.11</ele><time>2025-10-20T13:46:02.268Z</time></trkpt><trkpt lat="47.60809030" lon="19.14704270"><ele>156.13</ele><time>2025-10-20T13:46:02.470Z</time></trkpt><trkpt lat="47.60809060" lon="19.14705600"><ele>156.14</ele><time>2025-10-20T13:46:02.670Z</time></trkpt><trkpt lat="47.60809110" lon="19.14706890"><ele>156.13</ele><time>2025-10-20T13:46:02.871Z</time></trkpt><trkpt lat="47.60809180" lon="19.14708040"><ele>156.13</ele><time>2025-10-20T13:46:03.053Z</time></trkpt><trkpt lat="47.60809240" lon="19.14709070"><ele>156.14</ele><time>2025-10-20T13:46:03.223Z</time></trkpt><trkpt lat="47.60809340" lon="19.14710530"><ele>156.14</ele><time>2025-10-20T13:46:03.466Z</time></trkpt><trkpt lat="47.60809430" lon="19.14711700"><ele>156.14</ele><time>2025-10-20T13:46:03.667Z</time></trkpt><trkpt lat="47.60809530" lon="19.14712750"><ele>156.12</ele><time>2025-10-20T13:46:03.848Z</time></trkpt><trkpt lat="47.60809660" lon="19.14713900"><ele>156.13</ele><time>2025-10-20T13:46:04.049Z</time></trkpt><trkpt lat="47.60809830" lon="19.14715160"><ele>156.13</ele><time>2025-10-20T13:46:04.271Z</time></trkpt><trkpt lat="47.60809990" lon="19.14716190"><ele>156.14</ele><time>2025-10-20T13:46:04.453Z</time></trkpt><trkpt lat="47.60810190" lon="19.14717330"><ele>156.16</ele><time>2025-10-20T13:46:04.654Z</time></trkpt><trkpt lat="47.60810430" lon="19.14718560"><ele>156.15</ele><time>2025-10-20T13:46:04.875Z</time></trkpt><trkpt lat="47.60810650" lon="19.14719560"><ele>156.11</ele><time>2025-10-20T13:46:05.057Z</time></trkpt><trkpt lat="47.60810920" lon="19.14720680"><ele>156.09</ele><time>2025-10-20T13:46:05.259Z</time></trkpt><trkpt lat="47.60811220" lon="19.14721800"><ele>156.10</ele><time>2025-10-20T13:46:05.462Z</time></trkpt><trkpt lat="47.60811550" lon="19.14722920"><ele>156.09</ele><time>2025-10-20T13:46:05.666Z</time></trkpt><trkpt lat="47.60811900" lon="19.14724040"><ele>156.10</ele><time>2025-10-20T13:46:05.867Z</time></trkpt><trkpt lat="47.60812270" lon="19.14725150"><ele>156.08</ele><time>2025-10-20T13:46:06.069Z</time></trkpt><trkpt lat="47.60812650" lon="19.14726270"><ele>156.09</ele><time>2025-10-20T13:46:06.270Z</time></trkpt><trkpt lat="47.60813050" lon="19.14727400"><ele>156.13</ele><time>2025-10-20T13:46:06.475Z</time></trkpt><trkpt lat="47.60813450" lon="19.14728520"><ele>156.13</ele><time>2025-10-20T13:46:06.677Z</time></trkpt><trkpt lat="47.60813860" lon="19.14729650"><ele>156.11</ele><time>2025-10-20T13:46:06.879Z</time></trkpt><trkpt lat="47.60814280" lon="19.14730800"><ele>156.12</ele><time>2025-10-20T13:46:07.079Z</time></trkpt><trkpt lat="47.60814710" lon="19.14731970"><ele>156.13</ele><time>2025-10-20T13:46:07.285Z</time></trkpt><trkpt lat="47.60815150" lon="19.14733120"><ele>156.11</ele><time>2025-10-20T13:46:07.487Z</time></trkpt><trkpt lat="47.60815570" lon="19.14734250"><ele>156.09</ele><time>2025-10-20T13:46:07.688Z</time></trkpt><trkpt lat="47.60816020" lon="19.14735390"><ele>156.08</ele><time>2025-10-20T13:46:07.889Z</time></trkpt><trkpt lat="47.60816480" lon="19.14736550"><ele>156.07</ele><time>2025-10-20T13:46:08.091Z</time></trkpt><trkpt lat="47.60816980" lon="19.14737760"><ele>156.08</ele><time>2025-10-20T13:46:08.303Z</time></trkpt><trkpt lat="47.60817460" lon="19.14738900"><ele>156.07</ele><time>2025-10-20T13:46:08.505Z</time></trkpt><trkpt lat="47.60817900" lon="19.14739920"><ele>156.08</ele><time>2025-10-20T13:46:08.685Z</time></trkpt><trkpt lat="47.60818450" lon="19.14741180"><ele>156.10</ele><time>2025-10-20T13:46:08.907Z</time></trkpt><trkpt lat="47.60818960" lon="19.14742310"><ele>156.13</ele><time>2025-10-20T13:46:09.108Z</time></trkpt><trkpt lat="47.60819480" lon="19.14743460"><ele>156.17</ele><time>2025-10-20T13:46:09.310Z</time></trkpt><trkpt lat="47.60820010" lon="19.14744610"><ele>156.21</ele><time>2025-10-20T13:46:09.511Z</time></trkpt><trkpt lat="47.60820530" lon="19.14745720"><ele>156.26</ele><time>2025-10-20T13:46:09.712Z</time></trkpt><trkpt lat="47.60821060" lon="19.14746820"><ele>156.30</ele><time>2025-10-20T13:46:09.912Z</time></trkpt><trkpt lat="47.60821570" lon="19.14747900"><ele>156.37</ele><time>2025-10-20T13:46:10.113Z</time></trkpt><trkpt lat="47.60822060" lon="19.14748870"><ele>156.43</ele><time>2025-10-20T13:46:10.299Z</time></trkpt><trkpt lat="47.60822570" lon="19.14749890"><ele>156.47</ele><time>2025-10-20T13:46:10.500Z</time></trkpt><trkpt lat="47.60823100" lon="19.14750920"><ele>156.51</ele><time>2025-10-20T13:46:10.702Z</time></trkpt><trkpt lat="47.60823630" lon="19.14751930"><ele>156.55</ele><time>2025-10-20T13:46:10.905Z</time></trkpt><trkpt lat="47.60824170" lon="19.14752910"><ele>156.57</ele><time>2025-10-20T13:46:11.106Z</time></trkpt><trkpt lat="47.60824710" lon="19.14753860"><ele>156.61</ele><time>2025-10-20T13:46:11.308Z</time></trkpt><trkpt lat="47.60825250" lon="19.14754780"><ele>156.61</ele><time>2025-10-20T13:46:11.508Z</time></trkpt><trkpt lat="47.60825800" lon="19.14755670"><ele>156.58</ele><time>2025-10-20T13:46:11.710Z</time></trkpt><trkpt lat="47.60826330" lon="19.14756460"><ele>156.56</ele><time>2025-10-20T13:46:11.892Z</time></trkpt><trkpt lat="47.60826970" lon="19.14757380"><ele>156.53</ele><time>2025-10-20T13:46:12.114Z</time></trkpt><trkpt lat="47.60827580" lon="19.14758190"><ele>156.51</ele><time>2025-10-20T13:46:12.317Z</time></trkpt><trkpt lat="47.60828200" lon="19.14758980"><ele>156.52</ele><time>2025-10-20T13:46:12.519Z</time></trkpt><trkpt lat="47.60828830" lon="19.14759750"><ele>156.52</ele><time>2025-10-20T13:46:12.720Z</time></trkpt><trkpt lat="47.60829470" lon="19.14760520"><ele>156.51</ele><time>2025-10-20T13:46:12.920Z</time></trkpt><trkpt lat="47.60830130" lon="19.14761280"><ele>156.48</ele><time>2025-10-20T13:46:13.122Z</time></trkpt><trkpt lat="47.60830810" lon="19.14762050"><ele>156.46</ele><time>2025-10-20T13:46:13.328Z</time></trkpt><trkpt lat="47.60831480" lon="19.14762790"><ele>156.45</ele><time>2025-10-20T13:46:13.529Z</time></trkpt><trkpt lat="47.60832080" lon="19.14763440"><ele>156.41</ele><time>2025-10-20T13:46:13.710Z</time></trkpt><trkpt lat="47.60832740" lon="19.14764160"><ele>156.37</ele><time>2025-10-20T13:46:13.912Z</time></trkpt><trkpt lat="47.60833410" lon="19.14764860"><ele>156.34</ele><time>2025-10-20T13:46:14.112Z</time></trkpt><trkpt lat="47.60834110" lon="19.14765560"><ele>156.30</ele><time>2025-10-20T13:46:14.321Z</time></trkpt><trkpt lat="47.60834690" lon="19.14766140"><ele>156.27</ele><time>2025-10-20T13:46:14.501Z</time></trkpt><trkpt lat="47.60835420" lon="19.14766850"><ele>156.25</ele><time>2025-10-20T13:46:14.724Z</time></trkpt><trkpt lat="47.60836100" lon="19.14767480"><ele>156.24</ele><time>2025-10-20T13:46:14.926Z</time></trkpt><trkpt lat="47.60836800" lon="19.14768110"><ele>156.23</ele><time>2025-10-20T13:46:15.127Z</time></trkpt><trkpt lat="47.60837510" lon="19.14768750"><ele>156.23</ele><time>2025-10-20T13:46:15.331Z</time></trkpt><trkpt lat="47.60838250" lon="19.14769370"><ele>156.24</ele><time>2025-10-20T13:46:15.533Z</time></trkpt><trkpt lat="47.60838990" lon="19.14769970"><ele>156.22</ele><time>2025-10-20T13:46:15.736Z</time></trkpt><trkpt lat="47.60839740" lon="19.14770560"><ele>156.21</ele><time>2025-10-20T13:46:15.938Z</time></trkpt><trkpt lat="47.60840500" lon="19.14771130"><ele>156.20</ele><time>2025-10-20T13:46:16.138Z</time></trkpt><trkpt lat="47.60841290" lon="19.14771680"><ele>156.21</ele><time>2025-10-20T13:46:16.341Z</time></trkpt><trkpt lat="47.60842080" lon="19.14772210"><ele>156.22</ele><time>2025-10-20T13:46:16.543Z</time></trkpt><trkpt lat="47.60842870" lon="19.14772720"><ele>156.23</ele><time>2025-10-20T13:46:16.744Z</time></trkpt><trkpt lat="47.60843660" lon="19.14773210"><ele>156.23</ele><time>2025-10-20T13:46:16.945Z</time></trkpt><trkpt lat="47.60844470" lon="19.14773680"><ele>156.23</ele><time>2025-10-20T13:46:17.146Z</time></trkpt><trkpt lat="47.60845050" lon="19.14773990"><ele>156.23</ele><time>2025-10-20T13:46:17.291Z</time></trkpt><trkpt lat="47.60845950" lon="19.14774430"><ele>156.20</ele><time>2025-10-20T13:46:17.512Z</time></trkpt><trkpt lat="47.60846890" lon="19.14774810"><ele>156.20</ele><time>2025-10-20T13:46:17.733Z</time></trkpt><trkpt lat="47.60847740" lon="19.14775140"><ele>156.20</ele><time>2025-10-20T13:46:17.934Z</time></trkpt><trkpt lat="47.60848600" lon="19.14775450"><ele>156.20</ele><time>2025-10-20T13:46:18.135Z</time></trkpt><trkpt lat="47.60849490" lon="19.14775730"><ele>156.20</ele><time>2025-10-20T13:46:18.335Z</time></trkpt><trkpt lat="47.60850370" lon="19.14775970"><ele>156.18</ele><time>2025-10-20T13:46:18.538Z</time></trkpt><trkpt lat="47.60851250" lon="19.14776200"><ele>156.17</ele><time>2025-10-20T13:46:18.738Z</time></trkpt><trkpt lat="47.60852140" lon="19.14776400"><ele>156.18</ele><time>2025-10-20T13:46:18.939Z</time></trkpt><trkpt lat="47.60853010" lon="19.14776580"><ele>156.20</ele><time>2025-10-20T13:46:19.137Z</time></trkpt><trkpt lat="47.60853900" lon="19.14776760"><ele>156.21</ele><time>2025-10-20T13:46:19.342Z</time></trkpt><trkpt lat="47.60854770" lon="19.14776930"><ele>156.21</ele><time>2025-10-20T13:46:19.544Z</time></trkpt><trkpt lat="47.60855630" lon="19.14777080"><ele>156.23</ele><time>2025-10-20T13:46:19.745Z</time></trkpt><trkpt lat="47.60856480" lon="19.14777220"><ele>156.26</ele><time>2025-10-20T13:46:19.945Z</time></trkpt><trkpt lat="47.60857330" lon="19.14777340"><ele>156.26</ele><time>2025-10-20T13:46:20.146Z</time></trkpt><trkpt lat="47.60858190" lon="19.14777440"><ele>156.29</ele><time>2025-10-20T13:46:20.347Z</time></trkpt><trkpt lat="47.60859040" lon="19.14777520"><ele>156.31</ele><time>2025-10-20T13:46:20.547Z</time></trkpt><trkpt lat="47.60859880" lon="19.14777600"><ele>156.34</ele><time>2025-10-20T13:46:20.747Z</time></trkpt><trkpt lat="47.60860730" lon="19.14777650"><ele>156.34</ele><time>2025-10-20T13:46:20.947Z</time></trkpt><trkpt lat="47.60861560" lon="19.14777680"><ele>156.35</ele><time>2025-10-20T13:46:21.148Z</time></trkpt><trkpt lat="47.60862410" lon="19.14777690"><ele>156.35</ele><time>2025-10-20T13:46:21.350Z</time></trkpt><trkpt lat="47.60863250" lon="19.14777700"><ele>156.35</ele><time>2025-10-20T13:46:21.552Z</time></trkpt><trkpt lat="47.60864090" lon="19.14777680"><ele>156.35</ele><time>2025-10-20T13:46:21.754Z</time></trkpt><trkpt lat="47.60864920" lon="19.14777630"><ele>156.35</ele><time>2025-10-20T13:46:21.954Z</time></trkpt><trkpt lat="47.60865750" lon="19.14777550"><ele>156.34</ele><time>2025-10-20T13:46:22.155Z</time></trkpt><trkpt lat="47.60866600" lon="19.14777440"><ele>156.35</ele><time>2025-10-20T13:46:22.358Z</time></trkpt><trkpt lat="47.60867450" lon="19.14777300"><ele>156.35</ele><time>2025-10-20T13:46:22.558Z</time></trkpt><trkpt lat="47.60868300" lon="19.14777120"><ele>156.35</ele><time>2025-10-20T13:46:22.759Z</time></trkpt><trkpt lat="47.60869150" lon="19.14776910"><ele>156.37</ele><time>2025-10-20T13:46:22.959Z</time></trkpt><trkpt lat="47.60870010" lon="19.14776690"><ele>156.39</ele><time>2025-10-20T13:46:23.160Z</time></trkpt><trkpt lat="47.60870950" lon="19.14776430"><ele>156.42</ele><time>2025-10-20T13:46:23.375Z</time></trkpt><trkpt lat="47.60871630" lon="19.14776230"><ele>156.44</ele><time>2025-10-20T13:46:23.536Z</time></trkpt><trkpt lat="47.60872650" lon="19.14775920"><ele>156.46</ele><time>2025-10-20T13:46:23.776Z</time></trkpt><trkpt lat="47.60873510" lon="19.14775630"><ele>156.46</ele><time>2025-10-20T13:46:23.977Z</time></trkpt><trkpt lat="47.60874370" lon="19.14775320"><ele>156.48</ele><time>2025-10-20T13:46:24.179Z</time></trkpt><trkpt lat="47.60875230" lon="19.14775010"><ele>156.50</ele><time>2025-10-20T13:46:24.378Z</time></trkpt><trkpt lat="47.60876090" lon="19.14774660"><ele>156.51</ele><time>2025-10-20T13:46:24.580Z</time></trkpt><trkpt lat="47.60876960" lon="19.14774280"><ele>156.52</ele><time>2025-10-20T13:46:24.782Z</time></trkpt><trkpt lat="47.60877820" lon="19.14773900"><ele>156.54</ele><time>2025-10-20T13:46:24.983Z</time></trkpt><trkpt lat="47.60878580" lon="19.14773550"><ele>156.55</ele><time>2025-10-20T13:46:25.168Z</time></trkpt><trkpt lat="47.60879350" lon="19.14773200"><ele>156.55</ele><time>2025-10-20T13:46:25.352Z</time></trkpt><trkpt lat="47.60880260" lon="19.14772750"><ele>156.55</ele><time>2025-10-20T13:46:25.572Z</time></trkpt><trkpt lat="47.60880990" lon="19.14772380"><ele>156.56</ele><time>2025-10-20T13:46:25.753Z</time></trkpt><trkpt lat="47.60881810" lon="19.14771940"><ele>156.58</ele><time>2025-10-20T13:46:25.954Z</time></trkpt><trkpt lat="47.60882700" lon="19.14771440"><ele>156.61</ele><time>2025-10-20T13:46:26.176Z</time></trkpt><trkpt lat="47.60883520" lon="19.14770980"><ele>156.65</ele><time>2025-10-20T13:46:26.383Z</time></trkpt><trkpt lat="47.60884230" lon="19.14770560"><ele>156.67</ele><time>2025-10-20T13:46:26.565Z</time></trkpt><trkpt lat="47.60885020" lon="19.14770090"><ele>156.68</ele><time>2025-10-20T13:46:26.766Z</time></trkpt><trkpt lat="47.60885720" lon="19.14769660"><ele>156.69</ele><time>2025-10-20T13:46:26.947Z</time></trkpt><trkpt lat="47.60886580" lon="19.14769110"><ele>156.71</ele><time>2025-10-20T13:46:27.169Z</time></trkpt><trkpt lat="47.60887360" lon="19.14768590"><ele>156.72</ele><time>2025-10-20T13:46:27.373Z</time></trkpt><trkpt lat="47.60888120" lon="19.14768060"><ele>156.72</ele><time>2025-10-20T13:46:27.576Z</time></trkpt><trkpt lat="47.60888890" lon="19.14767510"><ele>156.73</ele><time>2025-10-20T13:46:27.778Z</time></trkpt><trkpt lat="47.60889630" lon="19.14766970"><ele>156.74</ele><time>2025-10-20T13:46:27.979Z</time></trkpt><trkpt lat="47.60890380" lon="19.14766410"><ele>156.75</ele><time>2025-10-20T13:46:28.184Z</time></trkpt><trkpt lat="47.60891140" lon="19.14765830"><ele>156.77</ele><time>2025-10-20T13:46:28.390Z</time></trkpt><trkpt lat="47.60891780" lon="19.14765320"><ele>156.78</ele><time>2025-10-20T13:46:28.569Z</time></trkpt><trkpt lat="47.60892570" lon="19.14764650"><ele>156.80</ele><time>2025-10-20T13:46:28.792Z</time></trkpt><trkpt lat="47.60893270" lon="19.14764020"><ele>156.82</ele><time>2025-10-20T13:46:28.993Z</time></trkpt><trkpt lat="47.60893960" lon="19.14763370"><ele>156.86</ele><time>2025-10-20T13:46:29.195Z</time></trkpt><trkpt lat="47.60894630" lon="19.14762730"><ele>156.88</ele><time>2025-10-20T13:46:29.387Z</time></trkpt><trkpt lat="47.60895310" lon="19.14762060"><ele>156.91</ele><time>2025-10-20T13:46:29.588Z</time></trkpt><trkpt lat="47.60895970" lon="19.14761380"><ele>156.94</ele><time>2025-10-20T13:46:29.788Z</time></trkpt><trkpt lat="47.60896600" lon="19.14760700"><ele>156.98</ele><time>2025-10-20T13:46:29.988Z</time></trkpt><trkpt lat="47.60897230" lon="19.14759990"><ele>157.00</ele><time>2025-10-20T13:46:30.189Z</time></trkpt><trkpt lat="47.60897860" lon="19.14759260"><ele>157.01</ele><time>2025-10-20T13:46:30.390Z</time></trkpt><trkpt lat="47.60898470" lon="19.14758530"><ele>157.01</ele><time>2025-10-20T13:46:30.592Z</time></trkpt><trkpt lat="47.60899080" lon="19.14757770"><ele>157.02</ele><time>2025-10-20T13:46:30.794Z</time></trkpt><trkpt lat="47.60899610" lon="19.14757070"><ele>157.03</ele><time>2025-10-20T13:46:30.975Z</time></trkpt><trkpt lat="47.60900250" lon="19.14756200"><ele>157.05</ele><time>2025-10-20T13:46:31.195Z</time></trkpt><trkpt lat="47.60900840" lon="19.14755370"><ele>157.06</ele><time>2025-10-20T13:46:31.396Z</time></trkpt><trkpt lat="47.60901430" lon="19.14754510"><ele>157.08</ele><time>2025-10-20T13:46:31.597Z</time></trkpt><trkpt lat="47.60902000" lon="19.14753640"><ele>157.10</ele><time>2025-10-20T13:46:31.797Z</time></trkpt><trkpt lat="47.60902550" lon="19.14752750"><ele>157.10</ele><time>2025-10-20T13:46:31.998Z</time></trkpt><trkpt lat="47.60903100" lon="19.14751830"><ele>157.11</ele><time>2025-10-20T13:46:32.201Z</time></trkpt><trkpt lat="47.60903600" lon="19.14750950"><ele>157.12</ele><time>2025-10-20T13:46:32.390Z</time></trkpt><trkpt lat="47.60904120" lon="19.14750000"><ele>157.13</ele><time>2025-10-20T13:46:32.591Z</time></trkpt><trkpt lat="47.60904630" lon="19.14749050"><ele>157.14</ele><time>2025-10-20T13:46:32.790Z</time></trkpt><trkpt lat="47.60905130" lon="19.14748090"><ele>157.16</ele><time>2025-10-20T13:46:32.992Z</time></trkpt><trkpt lat="47.60905630" lon="19.14747110"><ele>157.16</ele><time>2025-10-20T13:46:33.192Z</time></trkpt><trkpt lat="47.60906160" lon="19.14746030"><ele>157.17</ele><time>2025-10-20T13:46:33.408Z</time></trkpt><trkpt lat="47.60906650" lon="19.14745010"><ele>157.17</ele><time>2025-10-20T13:46:33.609Z</time></trkpt><trkpt lat="47.60907120" lon="19.14744000"><ele>157.18</ele><time>2025-10-20T13:46:33.809Z</time></trkpt><trkpt lat="47.60907590" lon="19.14742990"><ele>157.18</ele><time>2025-10-20T13:46:34.010Z</time></trkpt><trkpt lat="47.60908050" lon="19.14741960"><ele>157.19</ele><time>2025-10-20T13:46:34.212Z</time></trkpt><trkpt lat="47.60908470" lon="19.14741010"><ele>157.19</ele><time>2025-10-20T13:46:34.399Z</time></trkpt><trkpt lat="47.60908820" lon="19.14740200"><ele>157.19</ele><time>2025-10-20T13:46:34.560Z</time></trkpt><trkpt lat="47.60909330" lon="19.14738960"><ele>157.20</ele><time>2025-10-20T13:46:34.800Z</time></trkpt><trkpt lat="47.60909740" lon="19.14737930"><ele>157.20</ele><time>2025-10-20T13:46:35.001Z</time></trkpt><trkpt lat="47.60910130" lon="19.14736910"><ele>157.20</ele><time>2025-10-20T13:46:35.201Z</time></trkpt><trkpt lat="47.60910520" lon="19.14735880"><ele>157.19</ele><time>2025-10-20T13:46:35.402Z</time></trkpt><trkpt lat="47.60910910" lon="19.14734840"><ele>157.19</ele><time>2025-10-20T13:46:35.606Z</time></trkpt><trkpt lat="47.60911290" lon="19.14733800"><ele>157.17</ele><time>2025-10-20T13:46:35.807Z</time></trkpt><trkpt lat="47.60911660" lon="19.14732760"><ele>157.16</ele><time>2025-10-20T13:46:36.008Z</time></trkpt><trkpt lat="47.60912020" lon="19.14731690"><ele>157.15</ele><time>2025-10-20T13:46:36.209Z</time></trkpt><trkpt lat="47.60912380" lon="19.14730610"><ele>157.13</ele><time>2025-10-20T13:46:36.410Z</time></trkpt><trkpt lat="47.60912730" lon="19.14729520"><ele>157.12</ele><time>2025-10-20T13:46:36.612Z</time></trkpt><trkpt lat="47.60913080" lon="19.14728410"><ele>157.10</ele><time>2025-10-20T13:46:36.812Z</time></trkpt><trkpt lat="47.60913420" lon="19.14727280"><ele>157.09</ele><time>2025-10-20T13:46:37.012Z</time></trkpt><trkpt lat="47.60913760" lon="19.14726140"><ele>157.08</ele><time>2025-10-20T13:46:37.216Z</time></trkpt><trkpt lat="47.60914080" lon="19.14724990"><ele>157.07</ele><time>2025-10-20T13:46:37.417Z</time></trkpt><trkpt lat="47.60914380" lon="19.14723840"><ele>157.07</ele><time>2025-10-20T13:46:37.617Z</time></trkpt><trkpt lat="47.60914670" lon="19.14722680"><ele>157.07</ele><time>2025-10-20T13:46:37.818Z</time></trkpt><trkpt lat="47.60914950" lon="19.14721510"><ele>157.07</ele><time>2025-10-20T13:46:38.019Z</time></trkpt><trkpt lat="47.60915170" lon="19.14720550"><ele>157.06</ele><time>2025-10-20T13:46:38.182Z</time></trkpt><trkpt lat="47.60915440" lon="19.14719330"><ele>157.06</ele><time>2025-10-20T13:46:38.392Z</time></trkpt><trkpt lat="47.60915680" lon="19.14718170"><ele>157.05</ele><time>2025-10-20T13:46:38.595Z</time></trkpt><trkpt lat="47.60915950" lon="19.14716880"><ele>157.03</ele><time>2025-10-20T13:46:38.818Z</time></trkpt><trkpt lat="47.60916190" lon="19.14715700"><ele>157.03</ele><time>2025-10-20T13:46:39.018Z</time></trkpt><trkpt lat="47.60916410" lon="19.14714490"><ele>157.03</ele><time>2025-10-20T13:46:39.224Z</time></trkpt><trkpt lat="47.60916620" lon="19.14713270"><ele>157.02</ele><time>2025-10-20T13:46:39.426Z</time></trkpt><trkpt lat="47.60916790" lon="19.14712170"><ele>157.02</ele><time>2025-10-20T13:46:39.611Z</time></trkpt><trkpt lat="47.60916970" lon="19.14710940"><ele>157.02</ele><time>2025-10-20T13:46:39.814Z</time></trkpt><trkpt lat="47.60917130" lon="19.14709710"><ele>157.02</ele><time>2025-10-20T13:46:40.016Z</time></trkpt><trkpt lat="47.60917280" lon="19.14708460"><ele>157.02</ele><time>2025-10-20T13:46:40.221Z</time></trkpt><trkpt lat="47.60917390" lon="19.14707350"><ele>157.03</ele><time>2025-10-20T13:46:40.403Z</time></trkpt><trkpt lat="47.60917510" lon="19.14706010"><ele>157.03</ele><time>2025-10-20T13:46:40.625Z</time></trkpt><trkpt lat="47.60917600" lon="19.14704780"><ele>157.03</ele><time>2025-10-20T13:46:40.826Z</time></trkpt><trkpt lat="47.60917670" lon="19.14703550"><ele>157.03</ele><time>2025-10-20T13:46:41.027Z</time></trkpt><trkpt lat="47.60917720" lon="19.14702420"><ele>157.03</ele><time>2025-10-20T13:46:41.210Z</time></trkpt><trkpt lat="47.60917760" lon="19.14701180"><ele>157.04</ele><time>2025-10-20T13:46:41.411Z</time></trkpt><trkpt lat="47.60917790" lon="19.14699930"><ele>157.04</ele><time>2025-10-20T13:46:41.616Z</time></trkpt><trkpt lat="47.60917810" lon="19.14698680"><ele>157.06</ele><time>2025-10-20T13:46:41.819Z</time></trkpt><trkpt lat="47.60917820" lon="19.14697420"><ele>157.09</ele><time>2025-10-20T13:46:42.022Z</time></trkpt><trkpt lat="47.60917800" lon="19.14696180"><ele>157.10</ele><time>2025-10-20T13:46:42.222Z</time></trkpt><trkpt lat="47.60917780" lon="19.14694940"><ele>157.10</ele><time>2025-10-20T13:46:42.424Z</time></trkpt><trkpt lat="47.60917750" lon="19.14693680"><ele>157.11</ele><time>2025-10-20T13:46:42.624Z</time></trkpt><trkpt lat="47.60917710" lon="19.14692440"><ele>157.10</ele><time>2025-10-20T13:46:42.824Z</time></trkpt><trkpt lat="47.60917650" lon="19.14691190"><ele>157.10</ele><time>2025-10-20T13:46:43.022Z</time></trkpt><trkpt lat="47.60917590" lon="19.14689930"><ele>157.09</ele><time>2025-10-20T13:46:43.223Z</time></trkpt><trkpt lat="47.60917520" lon="19.14688680"><ele>157.10</ele><time>2025-10-20T13:46:43.423Z</time></trkpt><trkpt lat="47.60917440" lon="19.14687580"><ele>157.09</ele><time>2025-10-20T13:46:43.604Z</time></trkpt><trkpt lat="47.60917340" lon="19.14686340"><ele>157.09</ele><time>2025-10-20T13:46:43.809Z</time></trkpt><trkpt lat="47.60917230" lon="19.14685120"><ele>157.08</ele><time>2025-10-20T13:46:44.011Z</time></trkpt><trkpt lat="47.60917120" lon="19.14683910"><ele>157.06</ele><time>2025-10-20T13:46:44.212Z</time></trkpt><trkpt lat="47.60916990" lon="19.14682700"><ele>157.03</ele><time>2025-10-20T13:46:44.414Z</time></trkpt><trkpt lat="47.60916860" lon="19.14681490"><ele>157.00</ele><time>2025-10-20T13:46:44.615Z</time></trkpt><trkpt lat="47.60916710" lon="19.14680300"><ele>156.97</ele><time>2025-10-20T13:46:44.816Z</time></trkpt><trkpt lat="47.60916550" lon="19.14679110"><ele>156.96</ele><time>2025-10-20T13:46:45.017Z</time></trkpt><trkpt lat="47.60916370" lon="19.14677920"><ele>156.95</ele><time>2025-10-20T13:46:45.219Z</time></trkpt><trkpt lat="47.60916180" lon="19.14676740"><ele>156.94</ele><time>2025-10-20T13:46:45.423Z</time></trkpt><trkpt lat="47.60916010" lon="19.14675700"><ele>156.93</ele><time>2025-10-20T13:46:45.605Z</time></trkpt><trkpt lat="47.60915780" lon="19.14674440"><ele>156.93</ele><time>2025-10-20T13:46:45.827Z</time></trkpt><trkpt lat="47.60915590" lon="19.14673420"><ele>156.91</ele><time>2025-10-20T13:46:46.009Z</time></trkpt><trkpt lat="47.60915350" lon="19.14672260"><ele>156.89</ele><time>2025-10-20T13:46:46.220Z</time></trkpt><trkpt lat="47.60915100" lon="19.14671160"><ele>156.88</ele><time>2025-10-20T13:46:46.424Z</time></trkpt><trkpt lat="47.60914840" lon="19.14670050"><ele>156.86</ele><time>2025-10-20T13:46:46.626Z</time></trkpt><trkpt lat="47.60914570" lon="19.14668950"><ele>156.85</ele><time>2025-10-20T13:46:46.828Z</time></trkpt><trkpt lat="47.60914280" lon="19.14667870"><ele>156.86</ele><time>2025-10-20T13:46:47.030Z</time></trkpt><trkpt lat="47.60913970" lon="19.14666790"><ele>156.88</ele><time>2025-10-20T13:46:47.231Z</time></trkpt><trkpt lat="47.60913640" lon="19.14665730"><ele>156.92</ele><time>2025-10-20T13:46:47.432Z</time></trkpt><trkpt lat="47.60913310" lon="19.14664680"><ele>156.96</ele><time>2025-10-20T13:46:47.633Z</time></trkpt><trkpt lat="47.60912960" lon="19.14663640"><ele>156.98</ele><time>2025-10-20T13:46:47.835Z</time></trkpt><trkpt lat="47.60912670" lon="19.14662790"><ele>156.99</ele><time>2025-10-20T13:46:47.998Z</time></trkpt><trkpt lat="47.60912290" lon="19.14661720"><ele>157.00</ele><time>2025-10-20T13:46:48.201Z</time></trkpt><trkpt lat="47.60911870" lon="19.14660550"><ele>157.00</ele><time>2025-10-20T13:46:48.424Z</time></trkpt><trkpt lat="47.60911460" lon="19.14659480"><ele>157.01</ele><time>2025-10-20T13:46:48.628Z</time></trkpt><trkpt lat="47.60911060" lon="19.14658410"><ele>157.01</ele><time>2025-10-20T13:46:48.829Z</time></trkpt><trkpt lat="47.60910680" lon="19.14657470"><ele>157.01</ele><time>2025-10-20T13:46:49.009Z</time></trkpt><trkpt lat="47.60910250" lon="19.14656410"><ele>157.02</ele><time>2025-10-20T13:46:49.211Z</time></trkpt><trkpt lat="47.60909750" lon="19.14655260"><ele>156.99</ele><time>2025-10-20T13:46:49.431Z</time></trkpt><trkpt lat="47.60909330" lon="19.14654300"><ele>156.98</ele><time>2025-10-20T13:46:49.611Z</time></trkpt><trkpt lat="47.60908860" lon="19.14653240"><ele>156.98</ele><time>2025-10-20T13:46:49.810Z</time></trkpt><trkpt lat="47.60908320" lon="19.14652080"><ele>157.00</ele><time>2025-10-20T13:46:50.032Z</time></trkpt><trkpt lat="47.60907800" lon="19.14651030"><ele>157.00</ele><time>2025-10-20T13:46:50.233Z</time></trkpt><trkpt lat="47.60907350" lon="19.14650140"><ele>157.01</ele><time>2025-10-20T13:46:50.406Z</time></trkpt><trkpt lat="47.60906750" lon="19.14649010"><ele>157.02</ele><time>2025-10-20T13:46:50.631Z</time></trkpt><trkpt lat="47.60906200" lon="19.14648010"><ele>157.02</ele><time>2025-10-20T13:46:50.833Z</time></trkpt><trkpt lat="47.60905650" lon="19.14647040"><ele>157.03</ele><time>2025-10-20T13:46:51.033Z</time></trkpt><trkpt lat="47.60905080" lon="19.14646050"><ele>157.01</ele><time>2025-10-20T13:46:51.234Z</time></trkpt><trkpt lat="47.60904510" lon="19.14645080"><ele>157.00</ele><time>2025-10-20T13:46:51.437Z</time></trkpt><trkpt lat="47.60903940" lon="19.14644130"><ele>156.98</ele><time>2025-10-20T13:46:51.639Z</time></trkpt><trkpt lat="47.60903350" lon="19.14643180"><ele>156.99</ele><time>2025-10-20T13:46:51.840Z</time></trkpt><trkpt lat="47.60902740" lon="19.14642230"><ele>156.97</ele><time>2025-10-20T13:46:52.043Z</time></trkpt><trkpt lat="47.60902110" lon="19.14641270"><ele>156.94</ele><time>2025-10-20T13:46:52.249Z</time></trkpt><trkpt lat="47.60901500" lon="19.14640340"><ele>156.91</ele><time>2025-10-20T13:46:52.450Z</time></trkpt><trkpt lat="47.60900870" lon="19.14639410"><ele>156.90</ele><time>2025-10-20T13:46:52.654Z</time></trkpt><trkpt lat="47.60900240" lon="19.14638480"><ele>156.88</ele><time>2025-10-20T13:46:52.857Z</time></trkpt><trkpt lat="47.60899650" lon="19.14637660"><ele>156.88</ele><time>2025-10-20T13:46:53.039Z</time></trkpt><trkpt lat="47.60898930" lon="19.14636670"><ele>156.89</ele><time>2025-10-20T13:46:53.264Z</time></trkpt><trkpt lat="47.60898260" lon="19.14635780"><ele>156.90</ele><time>2025-10-20T13:46:53.470Z</time></trkpt><trkpt lat="47.60897600" lon="19.14634960"><ele>156.90</ele><time>2025-10-20T13:46:53.672Z</time></trkpt><trkpt lat="47.60896940" lon="19.14634160"><ele>156.93</ele><time>2025-10-20T13:46:53.873Z</time></trkpt><trkpt lat="47.60896260" lon="19.14633370"><ele>156.93</ele><time>2025-10-20T13:46:54.073Z</time></trkpt><trkpt lat="47.60895650" lon="19.14632680"><ele>156.93</ele><time>2025-10-20T13:46:54.254Z</time></trkpt><trkpt lat="47.60894960" lon="19.14631920"><ele>156.91</ele><time>2025-10-20T13:46:54.459Z</time></trkpt><trkpt lat="47.60894280" lon="19.14631180"><ele>156.90</ele><time>2025-10-20T13:46:54.661Z</time></trkpt><trkpt lat="47.60893590" lon="19.14630460"><ele>156.91</ele><time>2025-10-20T13:46:54.864Z</time></trkpt><trkpt lat="47.60892910" lon="19.14629750"><ele>156.90</ele><time>2025-10-20T13:46:55.067Z</time></trkpt><trkpt lat="47.60892220" lon="19.14629050"><ele>156.89</ele><time>2025-10-20T13:46:55.273Z</time></trkpt><trkpt lat="47.60891530" lon="19.14628390"><ele>156.90</ele><time>2025-10-20T13:46:55.475Z</time></trkpt><trkpt lat="47.60890910" lon="19.14627810"><ele>156.88</ele><time>2025-10-20T13:46:55.656Z</time></trkpt><trkpt lat="47.60890210" lon="19.14627180"><ele>156.85</ele><time>2025-10-20T13:46:55.856Z</time></trkpt><trkpt lat="47.60889510" lon="19.14626570"><ele>156.83</ele><time>2025-10-20T13:46:56.059Z</time></trkpt><trkpt lat="47.60888790" lon="19.14625960"><ele>156.80</ele><time>2025-10-20T13:46:56.266Z</time></trkpt><trkpt lat="47.60888060" lon="19.14625380"><ele>156.79</ele><time>2025-10-20T13:46:56.473Z</time></trkpt><trkpt lat="47.60887410" lon="19.14624870"><ele>156.79</ele><time>2025-10-20T13:46:56.656Z</time></trkpt><trkpt lat="47.60886670" lon="19.14624330"><ele>156.77</ele><time>2025-10-20T13:46:56.857Z</time></trkpt><trkpt lat="47.60885920" lon="19.14623800"><ele>156.76</ele><time>2025-10-20T13:46:57.058Z</time></trkpt><trkpt lat="47.60885150" lon="19.14623290"><ele>156.76</ele><time>2025-10-20T13:46:57.258Z</time></trkpt><trkpt lat="47.60884380" lon="19.14622800"><ele>156.77</ele><time>2025-10-20T13:46:57.460Z</time></trkpt><trkpt lat="47.60883590" lon="19.14622340"><ele>156.76</ele><time>2025-10-20T13:46:57.660Z</time></trkpt><trkpt lat="47.60882800" lon="19.14621910"><ele>156.75</ele><time>2025-10-20T13:46:57.860Z</time></trkpt><trkpt lat="47.60882160" lon="19.14621580"><ele>156.74</ele><time>2025-10-20T13:46:58.020Z</time></trkpt><trkpt lat="47.60881200" lon="19.14621120"><ele>156.73</ele><time>2025-10-20T13:46:58.263Z</time></trkpt><trkpt lat="47.60880360" lon="19.14620750"><ele>156.72</ele><time>2025-10-20T13:46:58.472Z</time></trkpt><trkpt lat="47.60879570" lon="19.14620410"><ele>156.70</ele><time>2025-10-20T13:46:58.674Z</time></trkpt><trkpt lat="47.60878780" lon="19.14620100"><ele>156.71</ele><time>2025-10-20T13:46:58.875Z</time></trkpt><trkpt lat="47.60878000" lon="19.14619800"><ele>156.68</ele><time>2025-10-20T13:46:59.079Z</time></trkpt><trkpt lat="47.60877370" lon="19.14619560"><ele>156.67</ele><time>2025-10-20T13:46:59.242Z</time></trkpt><trkpt lat="47.60876490" lon="19.14619260"><ele>156.67</ele><time>2025-10-20T13:46:59.464Z</time></trkpt><trkpt lat="47.60875780" lon="19.14619020"><ele>156.64</ele><time>2025-10-20T13:46:59.645Z</time></trkpt><trkpt lat="47.60874970" lon="19.14618770"><ele>156.62</ele><time>2025-10-20T13:46:59.849Z</time></trkpt><trkpt lat="47.60874250" lon="19.14618560"><ele>156.59</ele><time>2025-10-20T13:47:00.030Z</time></trkpt><trkpt lat="47.60873360" lon="19.14618310"><ele>156.56</ele><time>2025-10-20T13:47:00.254Z</time></trkpt><trkpt lat="47.60872480" lon="19.14618090"><ele>156.54</ele><time>2025-10-20T13:47:00.476Z</time></trkpt><trkpt lat="47.60871620" lon="19.14617900"><ele>156.49</ele><time>2025-10-20T13:47:00.689Z</time></trkpt><trkpt lat="47.60870810" lon="19.14617730"><ele>156.44</ele><time>2025-10-20T13:47:00.891Z</time></trkpt><trkpt lat="47.60869980" lon="19.14617580"><ele>156.40</ele><time>2025-10-20T13:47:01.091Z</time></trkpt><trkpt lat="47.60869150" lon="19.14617460"><ele>156.34</ele><time>2025-10-20T13:47:01.292Z</time></trkpt><trkpt lat="47.60868320" lon="19.14617350"><ele>156.28</ele><time>2025-10-20T13:47:01.494Z</time></trkpt><trkpt lat="47.60867560" lon="19.14617280"><ele>156.24</ele><time>2025-10-20T13:47:01.678Z</time></trkpt><trkpt lat="47.60866710" lon="19.14617210"><ele>156.21</ele><time>2025-10-20T13:47:01.881Z</time></trkpt><trkpt lat="47.60865800" lon="19.14617160"><ele>156.16</ele><time>2025-10-20T13:47:02.103Z</time></trkpt><trkpt lat="47.60865050" lon="19.14617120"><ele>156.14</ele><time>2025-10-20T13:47:02.285Z</time></trkpt><trkpt lat="47.60864240" lon="19.14617100"><ele>156.13</ele><time>2025-10-20T13:47:02.486Z</time></trkpt><trkpt lat="47.60863370" lon="19.14617070"><ele>156.13</ele><time>2025-10-20T13:47:02.709Z</time></trkpt><trkpt lat="47.60862730" lon="19.14617070"><ele>156.13</ele><time>2025-10-20T13:47:02.871Z</time></trkpt><trkpt lat="47.60861930" lon="19.14617070"><ele>156.13</ele><time>2025-10-20T13:47:03.072Z</time></trkpt><trkpt lat="47.60861060" lon="19.14617090"><ele>156.14</ele><time>2025-10-20T13:47:03.294Z</time></trkpt><trkpt lat="47.60860260" lon="19.14617130"><ele>156.18</ele><time>2025-10-20T13:47:03.494Z</time></trkpt><trkpt lat="47.60859370" lon="19.14617200"><ele>156.21</ele><time>2025-10-20T13:47:03.718Z</time></trkpt><trkpt lat="47.60858650" lon="19.14617270"><ele>156.24</ele><time>2025-10-20T13:47:03.898Z</time></trkpt><trkpt lat="47.60857770" lon="19.14617380"><ele>156.26</ele><time>2025-10-20T13:47:04.119Z</time></trkpt><trkpt lat="47.60857010" lon="19.14617480"><ele>156.28</ele><time>2025-10-20T13:47:04.306Z</time></trkpt><trkpt lat="47.60856220" lon="19.14617590"><ele>156.27</ele><time>2025-10-20T13:47:04.508Z</time></trkpt><trkpt lat="47.60855410" lon="19.14617750"><ele>156.30</ele><time>2025-10-20T13:47:04.708Z</time></trkpt><trkpt lat="47.60854590" lon="19.14617960"><ele>156.36</ele><time>2025-10-20T13:47:04.909Z</time></trkpt><trkpt lat="47.60853770" lon="19.14618220"><ele>156.41</ele><time>2025-10-20T13:47:05.110Z</time></trkpt><trkpt lat="47.60852920" lon="19.14618510"><ele>156.43</ele><time>2025-10-20T13:47:05.317Z</time></trkpt><trkpt lat="47.60852160" lon="19.14618800"><ele>156.47</ele><time>2025-10-20T13:47:05.502Z</time></trkpt><trkpt lat="47.60851320" lon="19.14619110"><ele>156.49</ele><time>2025-10-20T13:47:05.704Z</time></trkpt><trkpt lat="47.60850560" lon="19.14619380"><ele>156.49</ele><time>2025-10-20T13:47:05.886Z</time></trkpt><trkpt lat="47.60849730" lon="19.14619680"><ele>156.51</ele><time>2025-10-20T13:47:06.089Z</time></trkpt><trkpt lat="47.60848890" lon="19.14619980"><ele>156.48</ele><time>2025-10-20T13:47:06.296Z</time></trkpt><trkpt lat="47.60848090" lon="19.14620290"><ele>156.49</ele><time>2025-10-20T13:47:06.498Z</time></trkpt><trkpt lat="47.60847200" lon="19.14620660"><ele>156.49</ele><time>2025-10-20T13:47:06.722Z</time></trkpt><trkpt lat="47.60846400" lon="19.14621010"><ele>156.47</ele><time>2025-10-20T13:47:06.923Z</time></trkpt><trkpt lat="47.60845600" lon="19.14621390"><ele>156.46</ele><time>2025-10-20T13:47:07.124Z</time></trkpt><trkpt lat="47.60844790" lon="19.14621800"><ele>156.46</ele><time>2025-10-20T13:47:07.326Z</time></trkpt><trkpt lat="47.60843980" lon="19.14622220"><ele>156.44</ele><time>2025-10-20T13:47:07.528Z</time></trkpt><trkpt lat="47.60843180" lon="19.14622670"><ele>156.43</ele><time>2025-10-20T13:47:07.730Z</time></trkpt><trkpt lat="47.60842450" lon="19.14623100"><ele>156.46</ele><time>2025-10-20T13:47:07.912Z</time></trkpt><trkpt lat="47.60841640" lon="19.14623580"><ele>156.52</ele><time>2025-10-20T13:47:08.113Z</time></trkpt><trkpt lat="47.60840920" lon="19.14624020"><ele>156.55</ele><time>2025-10-20T13:47:08.296Z</time></trkpt><trkpt lat="47.60840060" lon="19.14624590"><ele>156.59</ele><time>2025-10-20T13:47:08.517Z</time></trkpt><trkpt lat="47.60839280" lon="19.14625150"><ele>156.65</ele><time>2025-10-20T13:47:08.719Z</time></trkpt><trkpt lat="47.60838530" lon="19.14625730"><ele>156.69</ele><time>2025-10-20T13:47:08.923Z</time></trkpt><trkpt lat="47.60837780" lon="19.14626320"><ele>156.71</ele><time>2025-10-20T13:47:09.125Z</time></trkpt><trkpt lat="47.60837000" lon="19.14626960"><ele>156.74</ele><time>2025-10-20T13:47:09.337Z</time></trkpt><trkpt lat="47.60836340" lon="19.14627510"><ele>156.77</ele><time>2025-10-20T13:47:09.518Z</time></trkpt><trkpt lat="47.60835600" lon="19.14628150"><ele>156.80</ele><time>2025-10-20T13:47:09.721Z</time></trkpt><trkpt lat="47.60834860" lon="19.14628810"><ele>156.83</ele><time>2025-10-20T13:47:09.924Z</time></trkpt><trkpt lat="47.60834110" lon="19.14629530"><ele>156.86</ele><time>2025-10-20T13:47:10.130Z</time></trkpt><trkpt lat="47.60833440" lon="19.14630180"><ele>156.87</ele><time>2025-10-20T13:47:10.316Z</time></trkpt><trkpt lat="47.60832860" lon="19.14630780"><ele>156.88</ele><time>2025-10-20T13:47:10.477Z</time></trkpt><trkpt lat="47.60832070" lon="19.14631610"><ele>156.89</ele><time>2025-10-20T13:47:10.701Z</time></trkpt><trkpt lat="47.60831290" lon="19.14632460"><ele>156.87</ele><time>2025-10-20T13:47:10.924Z</time></trkpt><trkpt lat="47.60830660" lon="19.14633170"><ele>156.88</ele><time>2025-10-20T13:47:11.105Z</time></trkpt><trkpt lat="47.60829940" lon="19.14634030"><ele>156.92</ele><time>2025-10-20T13:47:11.314Z</time></trkpt><trkpt lat="47.60829240" lon="19.14634900"><ele>156.99</ele><time>2025-10-20T13:47:11.516Z</time></trkpt><trkpt lat="47.60828550" lon="19.14635780"><ele>157.05</ele><time>2025-10-20T13:47:11.718Z</time></trkpt><trkpt lat="47.60827930" lon="19.14636600"><ele>157.08</ele><time>2025-10-20T13:47:11.899Z</time></trkpt><trkpt lat="47.60827250" lon="19.14637520"><ele>157.12</ele><time>2025-10-20T13:47:12.100Z</time></trkpt><trkpt lat="47.60826470" lon="19.14638590"><ele>157.15</ele><time>2025-10-20T13:47:12.331Z</time></trkpt><trkpt lat="47.60825880" lon="19.14639390"><ele>157.11</ele><time>2025-10-20T13:47:12.513Z</time></trkpt><trkpt lat="47.60825240" lon="19.14640270"><ele>157.06</ele><time>2025-10-20T13:47:12.714Z</time></trkpt><trkpt lat="47.60824610" lon="19.14641150"><ele>156.99</ele><time>2025-10-20T13:47:12.916Z</time></trkpt><trkpt lat="47.60824000" lon="19.14642020"><ele>156.97</ele><time>2025-10-20T13:47:13.118Z</time></trkpt><trkpt lat="47.60823400" lon="19.14642890"><ele>156.99</ele><time>2025-10-20T13:47:13.317Z</time></trkpt><trkpt lat="47.60822820" lon="19.14643770"><ele>157.01</ele><time>2025-10-20T13:47:13.517Z</time></trkpt><trkpt lat="47.60822260" lon="19.14644650"><ele>157.02</ele><time>2025-10-20T13:47:13.718Z</time></trkpt><trkpt lat="47.60821770" lon="19.14645460"><ele>157.05</ele><time>2025-10-20T13:47:13.899Z</time></trkpt><trkpt lat="47.60821180" lon="19.14646460"><ele>157.08</ele><time>2025-10-20T13:47:14.119Z</time></trkpt><trkpt lat="47.60820650" lon="19.14647410"><ele>157.08</ele><time>2025-10-20T13:47:14.326Z</time></trkpt><trkpt lat="47.60820150" lon="19.14648340"><ele>157.08</ele><time>2025-10-20T13:47:14.526Z</time></trkpt><trkpt lat="47.60819680" lon="19.14649270"><ele>157.08</ele><time>2025-10-20T13:47:14.726Z</time></trkpt><trkpt lat="47.60819230" lon="19.14650180"><ele>157.08</ele><time>2025-10-20T13:47:14.926Z</time></trkpt><trkpt lat="47.60818790" lon="19.14651100"><ele>157.06</ele><time>2025-10-20T13:47:15.129Z</time></trkpt><trkpt lat="47.60818350" lon="19.14652010"><ele>157.02</ele><time>2025-10-20T13:47:15.332Z</time></trkpt><trkpt lat="47.60817920" lon="19.14652920"><ele>156.99</ele><time>2025-10-20T13:47:15.533Z</time></trkpt><trkpt lat="47.60817500" lon="19.14653820"><ele>156.97</ele><time>2025-10-20T13:47:15.734Z</time></trkpt><trkpt lat="47.60817080" lon="19.14654740"><ele>156.93</ele><time>2025-10-20T13:47:15.934Z</time></trkpt><trkpt lat="47.60816670" lon="19.14655730"><ele>156.94</ele><time>2025-10-20T13:47:16.135Z</time></trkpt><trkpt lat="47.60816270" lon="19.14656730"><ele>156.93</ele><time>2025-10-20T13:47:16.336Z</time></trkpt><trkpt lat="47.60815890" lon="19.14657780"><ele>156.91</ele><time>2025-10-20T13:47:16.538Z</time></trkpt><trkpt lat="47.60815530" lon="19.14658870"><ele>156.88</ele><time>2025-10-20T13:47:16.740Z</time></trkpt><trkpt lat="47.60815200" lon="19.14659960"><ele>156.87</ele><time>2025-10-20T13:47:16.940Z</time></trkpt><trkpt lat="47.60814880" lon="19.14661060"><ele>156.86</ele><time>2025-10-20T13:47:17.142Z</time></trkpt><trkpt lat="47.60814570" lon="19.14662200"><ele>156.85</ele><time>2025-10-20T13:47:17.343Z</time></trkpt><trkpt lat="47.60814270" lon="19.14663330"><ele>156.83</ele><time>2025-10-20T13:47:17.543Z</time></trkpt><trkpt lat="47.60813970" lon="19.14664460"><ele>156.81</ele><time>2025-10-20T13:47:17.744Z</time></trkpt><trkpt lat="47.60813660" lon="19.14665580"><ele>156.80</ele><time>2025-10-20T13:47:17.944Z</time></trkpt><trkpt lat="47.60813360" lon="19.14666730"><ele>156.76</ele><time>2025-10-20T13:47:18.149Z</time></trkpt><trkpt lat="47.60813120" lon="19.14667650"><ele>156.75</ele><time>2025-10-20T13:47:18.311Z</time></trkpt><trkpt lat="47.60812850" lon="19.14668760"><ele>156.71</ele><time>2025-10-20T13:47:18.512Z</time></trkpt><trkpt lat="47.60812570" lon="19.14669990"><ele>156.67</ele><time>2025-10-20T13:47:18.734Z</time></trkpt><trkpt lat="47.60812320" lon="19.14671110"><ele>156.66</ele><time>2025-10-20T13:47:18.935Z</time></trkpt><trkpt lat="47.60812050" lon="19.14672300"><ele>156.59</ele><time>2025-10-20T13:47:19.158Z</time></trkpt><trkpt lat="47.60811830" lon="19.14673260"><ele>156.55</ele><time>2025-10-20T13:47:19.340Z</time></trkpt><trkpt lat="47.60811600" lon="19.14674320"><ele>156.52</ele><time>2025-10-20T13:47:19.542Z</time></trkpt><trkpt lat="47.60811380" lon="19.14675420"><ele>156.51</ele><time>2025-10-20T13:47:19.750Z</time></trkpt><trkpt lat="47.60811200" lon="19.14676500"><ele>156.47</ele><time>2025-10-20T13:47:19.953Z</time></trkpt><trkpt lat="47.60811040" lon="19.14677490"><ele>156.42</ele><time>2025-10-20T13:47:20.137Z</time></trkpt><trkpt lat="47.60810880" lon="19.14678650"><ele>156.40</ele><time>2025-10-20T13:47:20.352Z</time></trkpt><trkpt lat="47.60810720" lon="19.14679740"><ele>156.39</ele><time>2025-10-20T13:47:20.555Z</time></trkpt><trkpt lat="47.60810570" lon="19.14680820"><ele>156.39</ele><time>2025-10-20T13:47:20.756Z</time></trkpt><trkpt lat="47.60810440" lon="19.14681920"><ele>156.41</ele><time>2025-10-20T13:47:20.958Z</time></trkpt><trkpt lat="47.60810330" lon="19.14683040"><ele>156.43</ele><time>2025-10-20T13:47:21.158Z</time></trkpt><trkpt lat="47.60810230" lon="19.14684160"><ele>156.43</ele><time>2025-10-20T13:47:21.359Z</time></trkpt><trkpt lat="47.60810140" lon="19.14685300"><ele>156.43</ele><time>2025-10-20T13:47:21.560Z</time></trkpt><trkpt lat="47.60810050" lon="19.14686440"><ele>156.43</ele><time>2025-10-20T13:47:21.760Z</time></trkpt><trkpt lat="47.60809970" lon="19.14687590"><ele>156.42</ele><time>2025-10-20T13:47:21.961Z</time></trkpt><trkpt lat="47.60809880" lon="19.14688770"><ele>156.42</ele><time>2025-10-20T13:47:22.162Z</time></trkpt><trkpt lat="47.60809810" lon="19.14689960"><ele>156.42</ele><time>2025-10-20T13:47:22.363Z</time></trkpt><trkpt lat="47.60809770" lon="19.14690930"><ele>156.41</ele><time>2025-10-20T13:47:22.526Z</time></trkpt><trkpt lat="47.60809710" lon="19.14692410"><ele>156.41</ele><time>2025-10-20T13:47:22.771Z</time></trkpt><trkpt lat="47.60809680" lon="19.14693630"><ele>156.38</ele><time>2025-10-20T13:47:22.973Z</time></trkpt><trkpt lat="47.60809660" lon="19.14694870"><ele>156.37</ele><time>2025-10-20T13:47:23.177Z</time></trkpt><trkpt lat="47.60809660" lon="19.14696100"><ele>156.36</ele><time>2025-10-20T13:47:23.375Z</time></trkpt><trkpt lat="47.60809680" lon="19.14697170"><ele>156.38</ele><time>2025-10-20T13:47:23.543Z</time></trkpt><trkpt lat="47.60809700" lon="19.14698430"><ele>156.37</ele><time>2025-10-20T13:47:23.743Z</time></trkpt><trkpt lat="47.60809730" lon="19.14699840"><ele>156.37</ele><time>2025-10-20T13:47:23.964Z</time></trkpt><trkpt lat="47.60809760" lon="19.14701050"><ele>156.35</ele><time>2025-10-20T13:47:24.148Z</time></trkpt><trkpt lat="47.60809820" lon="19.14702440"><ele>156.38</ele><time>2025-10-20T13:47:24.358Z</time></trkpt><trkpt lat="47.60809880" lon="19.14703760"><ele>156.40</ele><time>2025-10-20T13:47:24.559Z</time></trkpt><trkpt lat="47.60809950" lon="19.14705100"><ele>156.44</ele><time>2025-10-20T13:47:24.759Z</time></trkpt><trkpt lat="47.60810030" lon="19.14706440"><ele>156.47</ele><time>2025-10-20T13:47:24.960Z</time></trkpt><trkpt lat="47.60810120" lon="19.14707770"><ele>156.51</ele><time>2025-10-20T13:47:25.161Z</time></trkpt><trkpt lat="47.60810230" lon="19.14709110"><ele>156.52</ele><time>2025-10-20T13:47:25.363Z</time></trkpt><trkpt lat="47.60810340" lon="19.14710470"><ele>156.54</ele><time>2025-10-20T13:47:25.567Z</time></trkpt><trkpt lat="47.60810460" lon="19.14711820"><ele>156.55</ele><time>2025-10-20T13:47:25.771Z</time></trkpt><trkpt lat="47.60810580" lon="19.14713020"><ele>156.56</ele><time>2025-10-20T13:47:25.953Z</time></trkpt><trkpt lat="47.60810730" lon="19.14714460"><ele>156.57</ele><time>2025-10-20T13:47:26.175Z</time></trkpt><trkpt lat="47.60810880" lon="19.14715770"><ele>156.59</ele><time>2025-10-20T13:47:26.376Z</time></trkpt><trkpt lat="47.60811040" lon="19.14717080"><ele>156.61</ele><time>2025-10-20T13:47:26.579Z</time></trkpt><trkpt lat="47.60811210" lon="19.14718360"><ele>156.62</ele><time>2025-10-20T13:47:26.778Z</time></trkpt><trkpt lat="47.60811380" lon="19.14719630"><ele>156.62</ele><time>2025-10-20T13:47:26.981Z</time></trkpt><trkpt lat="47.60811560" lon="19.14720890"><ele>156.61</ele><time>2025-10-20T13:47:27.181Z</time></trkpt><trkpt lat="47.60811770" lon="19.14722140"><ele>156.58</ele><time>2025-10-20T13:47:27.383Z</time></trkpt><trkpt lat="47.60811990" lon="19.14723390"><ele>156.58</ele><time>2025-10-20T13:47:27.587Z</time></trkpt><trkpt lat="47.60812230" lon="19.14724590"><ele>156.56</ele><time>2025-10-20T13:47:27.788Z</time></trkpt><trkpt lat="47.60812490" lon="19.14725780"><ele>156.53</ele><time>2025-10-20T13:47:27.989Z</time></trkpt><trkpt lat="47.60812780" lon="19.14726960"><ele>156.51</ele><time>2025-10-20T13:47:28.191Z</time></trkpt><trkpt lat="47.60813060" lon="19.14728030"><ele>156.48</ele><time>2025-10-20T13:47:28.375Z</time></trkpt><trkpt lat="47.60813400" lon="19.14729290"><ele>156.46</ele><time>2025-10-20T13:47:28.595Z</time></trkpt><trkpt lat="47.60813730" lon="19.14730440"><ele>156.46</ele><time>2025-10-20T13:47:28.797Z</time></trkpt><trkpt lat="47.60814070" lon="19.14731570"><ele>156.47</ele><time>2025-10-20T13:47:28.999Z</time></trkpt><trkpt lat="47.60814410" lon="19.14732680"><ele>156.48</ele><time>2025-10-20T13:47:29.200Z</time></trkpt><trkpt lat="47.60814770" lon="19.14733800"><ele>156.47</ele><time>2025-10-20T13:47:29.409Z</time></trkpt><trkpt lat="47.60815130" lon="19.14734870"><ele>156.45</ele><time>2025-10-20T13:47:29.610Z</time></trkpt><trkpt lat="47.60815490" lon="19.14735910"><ele>156.43</ele><time>2025-10-20T13:47:29.811Z</time></trkpt><trkpt lat="47.60815860" lon="19.14736930"><ele>156.44</ele><time>2025-10-20T13:47:30.012Z</time></trkpt><trkpt lat="47.60816240" lon="19.14737960"><ele>156.47</ele><time>2025-10-20T13:47:30.212Z</time></trkpt><trkpt lat="47.60816600" lon="19.14738880"><ele>156.47</ele><time>2025-10-20T13:47:30.393Z</time></trkpt><trkpt lat="47.60817060" lon="19.14740000"><ele>156.49</ele><time>2025-10-20T13:47:30.613Z</time></trkpt><trkpt lat="47.60817480" lon="19.14741000"><ele>156.52</ele><time>2025-10-20T13:47:30.815Z</time></trkpt><trkpt lat="47.60817930" lon="19.14742010"><ele>156.55</ele><time>2025-10-20T13:47:31.018Z</time></trkpt><trkpt lat="47.60818380" lon="19.14742980"><ele>156.57</ele><time>2025-10-20T13:47:31.219Z</time></trkpt><trkpt lat="47.60818830" lon="19.14743890"><ele>156.58</ele><time>2025-10-20T13:47:31.409Z</time></trkpt><trkpt lat="47.60819320" lon="19.14744850"><ele>156.59</ele><time>2025-10-20T13:47:31.610Z</time></trkpt><trkpt lat="47.60819830" lon="19.14745820"><ele>156.59</ele><time>2025-10-20T13:47:31.813Z</time></trkpt><trkpt lat="47.60820250" lon="19.14746580"><ele>156.59</ele><time>2025-10-20T13:47:31.974Z</time></trkpt><trkpt lat="47.60820850" lon="19.14747640"><ele>156.57</ele><time>2025-10-20T13:47:32.195Z</time></trkpt><trkpt lat="47.60821400" lon="19.14748620"><ele>156.57</ele><time>2025-10-20T13:47:32.397Z</time></trkpt><trkpt lat="47.60821960" lon="19.14749590"><ele>156.56</ele><time>2025-10-20T13:47:32.599Z</time></trkpt><trkpt lat="47.60822520" lon="19.14750550"><ele>156.56</ele><time>2025-10-20T13:47:32.801Z</time></trkpt><trkpt lat="47.60823100" lon="19.14751510"><ele>156.55</ele><time>2025-10-20T13:47:33.002Z</time></trkpt><trkpt lat="47.60823640" lon="19.14752370"><ele>156.53</ele><time>2025-10-20T13:47:33.183Z</time></trkpt><trkpt lat="47.60824340" lon="19.14753420"><ele>156.54</ele><time>2025-10-20T13:47:33.404Z</time></trkpt><trkpt lat="47.60825010" lon="19.14754390"><ele>156.54</ele><time>2025-10-20T13:47:33.607Z</time></trkpt><trkpt lat="47.60825680" lon="19.14755330"><ele>156.54</ele><time>2025-10-20T13:47:33.808Z</time></trkpt><trkpt lat="47.60826380" lon="19.14756300"><ele>156.53</ele><time>2025-10-20T13:47:34.012Z</time></trkpt><trkpt lat="47.60827000" lon="19.14757140"><ele>156.54</ele><time>2025-10-20T13:47:34.193Z</time></trkpt><trkpt lat="47.60827690" lon="19.14758060"><ele>156.55</ele><time>2025-10-20T13:47:34.399Z</time></trkpt><trkpt lat="47.60828370" lon="19.14758950"><ele>156.55</ele><time>2025-10-20T13:47:34.600Z</time></trkpt><trkpt lat="47.60829050" lon="19.14759820"><ele>156.50</ele><time>2025-10-20T13:47:34.801Z</time></trkpt><trkpt lat="47.60829730" lon="19.14760670"><ele>156.48</ele><time>2025-10-20T13:47:35.004Z</time></trkpt><trkpt lat="47.60830430" lon="19.14761490"><ele>156.46</ele><time>2025-10-20T13:47:35.206Z</time></trkpt><trkpt lat="47.60831100" lon="19.14762250"><ele>156.45</ele><time>2025-10-20T13:47:35.400Z</time></trkpt><trkpt lat="47.60831680" lon="19.14762870"><ele>156.46</ele><time>2025-10-20T13:47:35.563Z</time></trkpt><trkpt lat="47.60832460" lon="19.14763720"><ele>156.46</ele><time>2025-10-20T13:47:35.787Z</time></trkpt><trkpt lat="47.60833150" lon="19.14764470"><ele>156.46</ele><time>2025-10-20T13:47:35.989Z</time></trkpt><trkpt lat="47.60833870" lon="19.14765210"><ele>156.46</ele><time>2025-10-20T13:47:36.190Z</time></trkpt><trkpt lat="47.60834590" lon="19.14765940"><ele>156.46</ele><time>2025-10-20T13:47:36.393Z</time></trkpt><trkpt lat="47.60835310" lon="19.14766640"><ele>156.47</ele><time>2025-10-20T13:47:36.593Z</time></trkpt><trkpt lat="47.60836120" lon="19.14767380"><ele>156.49</ele><time>2025-10-20T13:47:36.816Z</time></trkpt><trkpt lat="47.60836810" lon="19.14767970"><ele>156.52</ele><time>2025-10-20T13:47:37.001Z</time></trkpt><trkpt lat="47.60837560" lon="19.14768580"><ele>156.53</ele><time>2025-10-20T13:47:37.201Z</time></trkpt><trkpt lat="47.60838310" lon="19.14769200"><ele>156.54</ele><time>2025-10-20T13:47:37.402Z</time></trkpt><trkpt lat="47.60839070" lon="19.14769810"><ele>156.55</ele><time>2025-10-20T13:47:37.603Z</time></trkpt><trkpt lat="47.60839820" lon="19.14770400"><ele>156.57</ele><time>2025-10-20T13:47:37.803Z</time></trkpt><trkpt lat="47.60840600" lon="19.14771000"><ele>156.60</ele><time>2025-10-20T13:47:38.008Z</time></trkpt><trkpt lat="47.60841370" lon="19.14771570"><ele>156.60</ele><time>2025-10-20T13:47:38.210Z</time></trkpt><trkpt lat="47.60842140" lon="19.14772120"><ele>156.61</ele><time>2025-10-20T13:47:38.416Z</time></trkpt><trkpt lat="47.60842900" lon="19.14772630"><ele>156.61</ele><time>2025-10-20T13:47:38.617Z</time></trkpt><trkpt lat="47.60843650" lon="19.14773110"><ele>156.61</ele><time>2025-10-20T13:47:38.818Z</time></trkpt><trkpt lat="47.60844190" lon="19.14773440"><ele>156.60</ele><time>2025-10-20T13:47:38.960Z</time></trkpt><trkpt lat="47.60845050" lon="19.14773920"><ele>156.57</ele><time>2025-10-20T13:47:39.187Z</time></trkpt><trkpt lat="47.60845900" lon="19.14774330"><ele>156.54</ele><time>2025-10-20T13:47:39.410Z</time></trkpt><trkpt lat="47.60846680" lon="19.14774670"><ele>156.52</ele><time>2025-10-20T13:47:39.612Z</time></trkpt><trkpt lat="47.60847470" lon="19.14774970"><ele>156.51</ele><time>2025-10-20T13:47:39.813Z</time></trkpt><trkpt lat="47.60848180" lon="19.14775230"><ele>156.52</ele><time>2025-10-20T13:47:39.993Z</time></trkpt><trkpt lat="47.60849000" lon="19.14775510"><ele>156.53</ele><time>2025-10-20T13:47:40.195Z</time></trkpt><trkpt lat="47.60849840" lon="19.14775770"><ele>156.52</ele><time>2025-10-20T13:47:40.408Z</time></trkpt><trkpt lat="47.60850650" lon="19.14775990"><ele>156.50</ele><time>2025-10-20T13:47:40.610Z</time></trkpt><trkpt lat="47.60851460" lon="19.14776190"><ele>156.48</ele><time>2025-10-20T13:47:40.813Z</time></trkpt><trkpt lat="47.60852300" lon="19.14776380"><ele>156.48</ele><time>2025-10-20T13:47:41.015Z</time></trkpt><trkpt lat="47.60853070" lon="19.14776550"><ele>156.49</ele><time>2025-10-20T13:47:41.200Z</time></trkpt><trkpt lat="47.60853910" lon="19.14776720"><ele>156.48</ele><time>2025-10-20T13:47:41.401Z</time></trkpt><trkpt lat="47.60854770" lon="19.14776890"><ele>156.50</ele><time>2025-10-20T13:47:41.605Z</time></trkpt><trkpt lat="47.60855610" lon="19.14777040"><ele>156.52</ele><time>2025-10-20T13:47:41.808Z</time></trkpt><trkpt lat="47.60856450" lon="19.14777160"><ele>156.53</ele><time>2025-10-20T13:47:42.009Z</time></trkpt><trkpt lat="47.60857280" lon="19.14777270"><ele>156.53</ele><time>2025-10-20T13:47:42.212Z</time></trkpt><trkpt lat="47.60858110" lon="19.14777370"><ele>156.54</ele><time>2025-10-20T13:47:42.415Z</time></trkpt><trkpt lat="47.60858910" lon="19.14777470"><ele>156.54</ele><time>2025-10-20T13:47:42.619Z</time></trkpt><trkpt lat="47.60859720" lon="19.14777540"><ele>156.52</ele><time>2025-10-20T13:47:42.822Z</time></trkpt><trkpt lat="47.60860520" lon="19.14777600"><ele>156.51</ele><time>2025-10-20T13:47:43.024Z</time></trkpt><trkpt lat="47.60861230" lon="19.14777640"><ele>156.49</ele><time>2025-10-20T13:47:43.211Z</time></trkpt><trkpt lat="47.60862030" lon="19.14777670"><ele>156.49</ele><time>2025-10-20T13:47:43.418Z</time></trkpt><trkpt lat="47.60862730" lon="19.14777670"><ele>156.49</ele><time>2025-10-20T13:47:43.599Z</time></trkpt><trkpt lat="47.60863500" lon="19.14777660"><ele>156.50</ele><time>2025-10-20T13:47:43.799Z</time></trkpt><trkpt lat="47.60864270" lon="19.14777650"><ele>156.52</ele><time>2025-10-20T13:47:44.000Z</time></trkpt><trkpt lat="47.60865140" lon="19.14777630"><ele>156.55</ele><time>2025-10-20T13:47:44.222Z</time></trkpt><trkpt lat="47.60865850" lon="19.14777600"><ele>156.57</ele><time>2025-10-20T13:47:44.405Z</time></trkpt><trkpt lat="47.60866630" lon="19.14777550"><ele>156.59</ele><time>2025-10-20T13:47:44.606Z</time></trkpt><trkpt lat="47.60867510" lon="19.14777460"><ele>156.60</ele><time>2025-10-20T13:47:44.829Z</time></trkpt><trkpt lat="47.60868240" lon="19.14777360"><ele>156.61</ele><time>2025-10-20T13:47:45.012Z</time></trkpt><trkpt lat="47.60869060" lon="19.14777200"><ele>156.61</ele><time>2025-10-20T13:47:45.216Z</time></trkpt><trkpt lat="47.60869800" lon="19.14777040"><ele>156.62</ele><time>2025-10-20T13:47:45.402Z</time></trkpt><trkpt lat="47.60870700" lon="19.14776820"><ele>156.64</ele><time>2025-10-20T13:47:45.624Z</time></trkpt><trkpt lat="47.60871520" lon="19.14776590"><ele>156.65</ele><time>2025-10-20T13:47:45.830Z</time></trkpt><trkpt lat="47.60872260" lon="19.14776360"><ele>156.65</ele><time>2025-10-20T13:47:46.012Z</time></trkpt><trkpt lat="47.60873180" lon="19.14776060"><ele>156.65</ele><time>2025-10-20T13:47:46.236Z</time></trkpt><trkpt lat="47.60873920" lon="19.14775800"><ele>156.66</ele><time>2025-10-20T13:47:46.418Z</time></trkpt><trkpt lat="47.60874650" lon="19.14775530"><ele>156.68</ele><time>2025-10-20T13:47:46.599Z</time></trkpt><trkpt lat="47.60875560" lon="19.14775180"><ele>156.70</ele><time>2025-10-20T13:47:46.823Z</time></trkpt><trkpt lat="47.60876400" lon="19.14774850"><ele>156.72</ele><time>2025-10-20T13:47:47.025Z</time></trkpt><trkpt lat="47.60877140" lon="19.14774540"><ele>156.74</ele><time>2025-10-20T13:47:47.206Z</time></trkpt><trkpt lat="47.60878010" lon="19.14774160"><ele>156.78</ele><time>2025-10-20T13:47:47.418Z</time></trkpt><trkpt lat="47.60878860" lon="19.14773800"><ele>156.79</ele><time>2025-10-20T13:47:47.618Z</time></trkpt><trkpt lat="47.60879710" lon="19.14773410"><ele>156.81</ele><time>2025-10-20T13:47:47.819Z</time></trkpt><trkpt lat="47.60880450" lon="19.14773050"><ele>156.83</ele><time>2025-10-20T13:47:47.999Z</time></trkpt><trkpt lat="47.60881350" lon="19.14772580"><ele>156.84</ele><time>2025-10-20T13:47:48.219Z</time></trkpt><trkpt lat="47.60882160" lon="19.14772140"><ele>156.85</ele><time>2025-10-20T13:47:48.422Z</time></trkpt><trkpt lat="47.60882950" lon="19.14771680"><ele>156.86</ele><time>2025-10-20T13:47:48.622Z</time></trkpt><trkpt lat="47.60883650" lon="19.14771260"><ele>156.87</ele><time>2025-10-20T13:47:48.803Z</time></trkpt><trkpt lat="47.60884470" lon="19.14770760"><ele>156.88</ele><time>2025-10-20T13:47:49.023Z</time></trkpt><trkpt lat="47.60885200" lon="19.14770290"><ele>156.89</ele><time>2025-10-20T13:47:49.224Z</time></trkpt><trkpt lat="47.60885950" lon="19.14769800"><ele>156.89</ele><time>2025-10-20T13:47:49.431Z</time></trkpt><trkpt lat="47.60886650" lon="19.14769320"><ele>156.90</ele><time>2025-10-20T13:47:49.632Z</time></trkpt><trkpt lat="47.60887360" lon="19.14768810"><ele>156.90</ele><time>2025-10-20T13:47:49.835Z</time></trkpt><trkpt lat="47.60888000" lon="19.14768340"><ele>156.89</ele><time>2025-10-20T13:47:50.016Z</time></trkpt><trkpt lat="47.60888720" lon="19.14767800"><ele>156.90</ele><time>2025-10-20T13:47:50.224Z</time></trkpt><trkpt lat="47.60889440" lon="19.14767250"><ele>156.92</ele><time>2025-10-20T13:47:50.432Z</time></trkpt><trkpt lat="47.60890150" lon="19.14766700"><ele>156.93</ele><time>2025-10-20T13:47:50.635Z</time></trkpt><trkpt lat="47.60890850" lon="19.14766130"><ele>156.93</ele><time>2025-10-20T13:47:50.836Z</time></trkpt><trkpt lat="47.60891430" lon="19.14765640"><ele>156.94</ele><time>2025-10-20T13:47:50.999Z</time></trkpt><trkpt lat="47.60892240" lon="19.14764920"><ele>156.94</ele><time>2025-10-20T13:47:51.231Z</time></trkpt><trkpt lat="47.60892940" lon="19.14764270"><ele>156.95</ele><time>2025-10-20T13:47:51.430Z</time></trkpt><trkpt lat="47.60893570" lon="19.14763660"><ele>156.95</ele><time>2025-10-20T13:47:51.611Z</time></trkpt><trkpt lat="47.60894350" lon="19.14762890"><ele>156.95</ele><time>2025-10-20T13:47:51.833Z</time></trkpt><trkpt lat="47.60895040" lon="19.14762190"><ele>156.95</ele><time>2025-10-20T13:47:52.034Z</time></trkpt><trkpt lat="47.60895600" lon="19.14761610"><ele>156.93</ele><time>2025-10-20T13:47:52.216Z</time></trkpt><trkpt lat="47.60896130" lon="19.14761050"><ele>156.92</ele><time>2025-10-20T13:47:52.418Z</time></trkpt><trkpt lat="47.60896530" lon="19.14760630"><ele>156.92</ele><time>2025-10-20T13:47:52.619Z</time></trkpt><trkpt lat="47.60896810" lon="19.14760340"><ele>156.94</ele><time>2025-10-20T13:47:52.819Z</time></trkpt><trkpt lat="47.60897010" lon="19.14760150"><ele>156.95</ele><time>2025-10-20T13:47:53.021Z</time></trkpt><trkpt lat="47.60897140" lon="19.14760050"><ele>156.97</ele><time>2025-10-20T13:47:53.223Z</time></trkpt><trkpt lat="47.60897210" lon="19.14760000"><ele>156.98</ele><time>2025-10-20T13:47:53.404Z</time></trkpt><trkpt lat="47.60897250" lon="19.14760020"><ele>156.98</ele><time>2025-10-20T13:47:53.606Z</time></trkpt><trkpt lat="47.60897240" lon="19.14760090"><ele>157.00</ele><time>2025-10-20T13:47:53.828Z</time></trkpt><trkpt lat="47.60897190" lon="19.14760190"><ele>157.01</ele><time>2025-10-20T13:47:54.029Z</time></trkpt><trkpt lat="47.60897060" lon="19.14760250"><ele>157.00</ele><time>2025-10-20T13:47:54.232Z</time></trkpt><trkpt lat="47.60896840" lon="19.14760240"><ele>157.02</ele><time>2025-10-20T13:47:54.433Z</time></trkpt><trkpt lat="47.60896540" lon="19.14760120"><ele>157.00</ele><time>2025-10-20T13:47:54.634Z</time></trkpt><trkpt lat="47.60896130" lon="19.14759870"><ele>156.99</ele><time>2025-10-20T13:47:54.838Z</time></trkpt><trkpt lat="47.60895640" lon="19.14759490"><ele>156.96</ele><time>2025-10-20T13:47:55.039Z</time></trkpt><trkpt lat="47.60895110" lon="19.14759030"><ele>156.94</ele><time>2025-10-20T13:47:55.223Z</time></trkpt><trkpt lat="47.60894390" lon="19.14758340"><ele>156.93</ele><time>2025-10-20T13:47:55.448Z</time></trkpt><trkpt lat="47.60893770" lon="19.14757700"><ele>156.91</ele><time>2025-10-20T13:47:55.630Z</time></trkpt><trkpt lat="47.60893040" lon="19.14756910"><ele>156.89</ele><time>2025-10-20T13:47:55.831Z</time></trkpt><trkpt lat="47.60892300" lon="19.14756060"><ele>156.89</ele><time>2025-10-20T13:47:56.032Z</time></trkpt><trkpt lat="47.60891540" lon="19.14755160"><ele>156.90</ele><time>2025-10-20T13:47:56.234Z</time></trkpt><trkpt lat="47.60890780" lon="19.14754200"><ele>156.89</ele><time>2025-10-20T13:47:56.440Z</time></trkpt><trkpt lat="47.60890030" lon="19.14753210"><ele>156.87</ele><time>2025-10-20T13:47:56.643Z</time></trkpt><trkpt lat="47.60889300" lon="19.14752190"><ele>156.83</ele><time>2025-10-20T13:47:56.845Z</time></trkpt><trkpt lat="47.60888590" lon="19.14751140"><ele>156.77</ele><time>2025-10-20T13:47:57.046Z</time></trkpt><trkpt lat="47.60887960" lon="19.14750180"><ele>156.75</ele><time>2025-10-20T13:47:57.227Z</time></trkpt><trkpt lat="47.60887270" lon="19.14749030"><ele>156.72</ele><time>2025-10-20T13:47:57.435Z</time></trkpt><trkpt lat="47.60886610" lon="19.14747900"><ele>156.70</ele><time>2025-10-20T13:47:57.638Z</time></trkpt><trkpt lat="47.60885980" lon="19.14746750"><ele>156.70</ele><time>2025-10-20T13:47:57.843Z</time></trkpt><trkpt lat="47.60885390" lon="19.14745600"><ele>156.68</ele><time>2025-10-20T13:47:58.045Z</time></trkpt><trkpt lat="47.60884870" lon="19.14744560"><ele>156.65</ele><time>2025-10-20T13:47:58.226Z</time></trkpt><trkpt lat="47.60884310" lon="19.14743420"><ele>156.64</ele><time>2025-10-20T13:47:58.430Z</time></trkpt><trkpt lat="47.60883760" lon="19.14742290"><ele>156.62</ele><time>2025-10-20T13:47:58.632Z</time></trkpt><trkpt lat="47.60883220" lon="19.14741170"><ele>156.62</ele><time>2025-10-20T13:47:58.834Z</time></trkpt><trkpt lat="47.60882700" lon="19.14740060"><ele>156.60</ele><time>2025-10-20T13:47:59.035Z</time></trkpt><trkpt lat="47.60882170" lon="19.14738920"><ele>156.57</ele><time>2025-10-20T13:47:59.243Z</time></trkpt><trkpt lat="47.60881750" lon="19.14738030"><ele>156.56</ele><time>2025-10-20T13:47:59.409Z</time></trkpt><trkpt lat="47.60881260" lon="19.14736950"><ele>156.55</ele><time>2025-10-20T13:47:59.609Z</time></trkpt><trkpt lat="47.60880720" lon="19.14735780"><ele>156.53</ele><time>2025-10-20T13:47:59.832Z</time></trkpt><trkpt lat="47.60880280" lon="19.14734850"><ele>156.53</ele><time>2025-10-20T13:48:00.013Z</time></trkpt><trkpt lat="47.60879810" lon="19.14733840"><ele>156.53</ele><time>2025-10-20T13:48:00.214Z</time></trkpt><trkpt lat="47.60879290" lon="19.14732760"><ele>156.53</ele><time>2025-10-20T13:48:00.436Z</time></trkpt><trkpt lat="47.60878880" lon="19.14731900"><ele>156.53</ele><time>2025-10-20T13:48:00.615Z</time></trkpt><trkpt lat="47.60878380" lon="19.14730860"><ele>156.52</ele><time>2025-10-20T13:48:00.838Z</time></trkpt><trkpt lat="47.60877970" lon="19.14730000"><ele>156.52</ele><time>2025-10-20T13:48:01.018Z</time></trkpt><trkpt lat="47.60877460" lon="19.14728990"><ele>156.51</ele><time>2025-10-20T13:48:01.240Z</time></trkpt><trkpt lat="47.60877060" lon="19.14728160"><ele>156.50</ele><time>2025-10-20T13:48:01.422Z</time></trkpt><trkpt lat="47.60876570" lon="19.14727190"><ele>156.49</ele><time>2025-10-20T13:48:01.643Z</time></trkpt><trkpt lat="47.60876170" lon="19.14726400"><ele>156.49</ele><time>2025-10-20T13:48:01.826Z</time></trkpt><trkpt lat="47.60875720" lon="19.14725570"><ele>156.50</ele><time>2025-10-20T13:48:02.028Z</time></trkpt><trkpt lat="47.60875300" lon="19.14724810"><ele>156.50</ele><time>2025-10-20T13:48:02.216Z</time></trkpt><trkpt lat="47.60874770" lon="19.14723900"><ele>156.51</ele><time>2025-10-20T13:48:02.450Z</time></trkpt><trkpt lat="47.60874310" lon="19.14723130"><ele>156.51</ele><time>2025-10-20T13:48:02.652Z</time></trkpt><trkpt lat="47.60873850" lon="19.14722380"><ele>156.51</ele><time>2025-10-20T13:48:02.853Z</time></trkpt><trkpt lat="47.60873380" lon="19.14721630"><ele>156.52</ele><time>2025-10-20T13:48:03.055Z</time></trkpt><trkpt lat="47.60872900" lon="19.14720850"><ele>156.54</ele><time>2025-10-20T13:48:03.262Z</time></trkpt><trkpt lat="47.60872460" lon="19.14720160"><ele>156.56</ele><time>2025-10-20T13:48:03.448Z</time></trkpt><trkpt lat="47.60871940" lon="19.14719300"><ele>156.59</ele><time>2025-10-20T13:48:03.668Z</time></trkpt><trkpt lat="47.60871480" lon="19.14718570"><ele>156.61</ele><time>2025-10-20T13:48:03.856Z</time></trkpt><trkpt lat="47.60870990" lon="19.14717790"><ele>156.63</ele><time>2025-10-20T13:48:04.056Z</time></trkpt><trkpt lat="47.60870510" lon="19.14717010"><ele>156.62</ele><time>2025-10-20T13:48:04.257Z</time></trkpt><trkpt lat="47.60870000" lon="19.14716190"><ele>156.62</ele><time>2025-10-20T13:48:04.471Z</time></trkpt><trkpt lat="47.60869550" lon="19.14715480"><ele>156.62</ele><time>2025-10-20T13:48:04.659Z</time></trkpt><trkpt lat="47.60869060" lon="19.14714700"><ele>156.64</ele><time>2025-10-20T13:48:04.860Z</time></trkpt><trkpt lat="47.60868570" lon="19.14713910"><ele>156.65</ele><time>2025-10-20T13:48:05.060Z</time></trkpt><trkpt lat="47.60868120" lon="19.14713200"><ele>156.67</ele><time>2025-10-20T13:48:05.244Z</time></trkpt><trkpt lat="47.60867550" lon="19.14712330"><ele>156.66</ele><time>2025-10-20T13:48:05.468Z</time></trkpt><trkpt lat="47.60867040" lon="19.14711540"><ele>156.67</ele><time>2025-10-20T13:48:05.670Z</time></trkpt><trkpt lat="47.60866530" lon="19.14710740"><ele>156.68</ele><time>2025-10-20T13:48:05.870Z</time></trkpt><trkpt lat="47.60866040" lon="19.14709910"><ele>156.67</ele><time>2025-10-20T13:48:06.071Z</time></trkpt><trkpt lat="47.60865600" lon="19.14709070"><ele>156.69</ele><time>2025-10-20T13:48:06.272Z</time></trkpt><trkpt lat="47.60865200" lon="19.14708250"><ele>156.69</ele><time>2025-10-20T13:48:06.473Z</time></trkpt><trkpt lat="47.60864840" lon="19.14707420"><ele>156.68</ele><time>2025-10-20T13:48:06.673Z</time></trkpt><trkpt lat="47.60864530" lon="19.14706680"><ele>156.69</ele><time>2025-10-20T13:48:06.855Z</time></trkpt><trkpt lat="47.60864210" lon="19.14705850"><ele>156.67</ele><time>2025-10-20T13:48:07.056Z</time></trkpt><trkpt lat="47.60863910" lon="19.14705070"><ele>156.67</ele><time>2025-10-20T13:48:07.261Z</time></trkpt><trkpt lat="47.60863640" lon="19.14704400"><ele>156.68</ele><time>2025-10-20T13:48:07.464Z</time></trkpt><trkpt lat="47.60863420" lon="19.14703850"><ele>156.68</ele><time>2025-10-20T13:48:07.665Z</time></trkpt><trkpt lat="47.60863240" lon="19.14703430"><ele>156.63</ele><time>2025-10-20T13:48:07.847Z</time></trkpt><trkpt lat="47.60863100" lon="19.14703070"><ele>156.49</ele><time>2025-10-20T13:48:08.050Z</time></trkpt><trkpt lat="47.60863020" lon="19.14702820"><ele>156.20</ele><time>2025-10-20T13:48:08.253Z</time></trkpt><trkpt lat="47.60862980" lon="19.14702750"><ele>155.88</ele><time>2025-10-20T13:48:08.455Z</time></trkpt><trkpt lat="47.60862980" lon="19.14702860"><ele>155.58</ele><time>2025-10-20T13:48:08.659Z</time></trkpt><trkpt lat="47.60863030" lon="19.14703110"><ele>155.32</ele><time>2025-10-20T13:48:08.858Z</time></trkpt><trkpt lat="47.60863090" lon="19.14703450"><ele>155.09</ele><time>2025-10-20T13:48:09.059Z</time></trkpt><trkpt lat="47.60863140" lon="19.14703810"><ele>154.89</ele><time>2025-10-20T13:48:09.266Z</time></trkpt><trkpt lat="47.60863190" lon="19.14704150"><ele>154.70</ele><time>2025-10-20T13:48:09.473Z</time></trkpt><trkpt lat="47.60863220" lon="19.14704420"><ele>154.49</ele><time>2025-10-20T13:48:09.674Z</time></trkpt><trkpt lat="47.60863240" lon="19.14704670"><ele>154.27</ele><time>2025-10-20T13:48:09.876Z</time></trkpt><trkpt lat="47.60863250" lon="19.14704890"><ele>154.08</ele><time>2025-10-20T13:48:10.078Z</time></trkpt><trkpt lat="47.60863260" lon="19.14705040"><ele>153.91</ele><time>2025-10-20T13:48:10.239Z</time></trkpt><trkpt lat="47.60863260" lon="19.14705260"><ele>153.65</ele><time>2025-10-20T13:48:10.480Z</time></trkpt><trkpt lat="47.60863240" lon="19.14705410"><ele>153.44</ele><time>2025-10-20T13:48:10.681Z</time></trkpt><trkpt lat="47.60863220" lon="19.14705530"><ele>153.25</ele><time>2025-10-20T13:48:10.862Z</time></trkpt><trkpt lat="47.60863210" lon="19.14705630"><ele>153.05</ele><time>2025-10-20T13:48:11.053Z</time></trkpt><trkpt lat="47.60863190" lon="19.14705720"><ele>152.83</ele><time>2025-10-20T13:48:11.266Z</time></trkpt><trkpt lat="47.60863160" lon="19.14705780"><ele>152.65</ele><time>2025-10-20T13:48:11.447Z</time></trkpt><trkpt lat="47.60863130" lon="19.14705830"><ele>152.45</ele><time>2025-10-20T13:48:11.647Z</time></trkpt><trkpt lat="47.60863100" lon="19.14705860"><ele>152.24</ele><time>2025-10-20T13:48:11.849Z</time></trkpt><trkpt lat="47.60863060" lon="19.14705890"><ele>152.02</ele><time>2025-10-20T13:48:12.071Z</time></trkpt><trkpt lat="47.60863020" lon="19.14705900"><ele>151.83</ele><time>2025-10-20T13:48:12.253Z</time></trkpt><trkpt lat="47.60862990" lon="19.14705920"><ele>151.61</ele><time>2025-10-20T13:48:12.462Z</time></trkpt><trkpt lat="47.60862950" lon="19.14705950"><ele>151.39</ele><time>2025-10-20T13:48:12.663Z</time></trkpt><trkpt lat="47.60862900" lon="19.14705960"><ele>151.19</ele><time>2025-10-20T13:48:12.845Z</time></trkpt><trkpt lat="47.60862850" lon="19.14705970"><ele>150.95</ele><time>2025-10-20T13:48:13.045Z</time></trkpt><trkpt lat="47.60862800" lon="19.14705960"><ele>150.67</ele><time>2025-10-20T13:48:13.265Z</time></trkpt><trkpt lat="47.60862780" lon="19.14705950"><ele>150.42</ele><time>2025-10-20T13:48:13.467Z</time></trkpt><trkpt lat="47.60862770" lon="19.14705940"><ele>150.17</ele><time>2025-10-20T13:48:13.668Z</time></trkpt><trkpt lat="47.60862760" lon="19.14705920"><ele>149.94</ele><time>2025-10-20T13:48:13.869Z</time></trkpt><trkpt lat="47.60862770" lon="19.14705900"><ele>149.69</ele><time>2025-10-20T13:48:14.069Z</time></trkpt><trkpt lat="47.60862800" lon="19.14705870"><ele>149.44</ele><time>2025-10-20T13:48:14.273Z</time></trkpt><trkpt lat="47.60862820" lon="19.14705840"><ele>149.23</ele><time>2025-10-20T13:48:14.476Z</time></trkpt><trkpt lat="47.60862840" lon="19.14705800"><ele>149.01</ele><time>2025-10-20T13:48:14.679Z</time></trkpt><trkpt lat="47.60862860" lon="19.14705770"><ele>148.79</ele><time>2025-10-20T13:48:14.880Z</time></trkpt><trkpt lat="47.60862880" lon="19.14705750"><ele>148.60</ele><time>2025-10-20T13:48:15.061Z</time></trkpt><trkpt lat="47.60862890" lon="19.14705720"><ele>148.35</ele><time>2025-10-20T13:48:15.285Z</time></trkpt><trkpt lat="47.60862910" lon="19.14705690"><ele>148.16</ele><time>2025-10-20T13:48:15.487Z</time></trkpt><trkpt lat="47.60862910" lon="19.14705680"><ele>147.99</ele><time>2025-10-20T13:48:15.668Z</time></trkpt><trkpt lat="47.60862900" lon="19.14705650"><ele>147.73</ele><time>2025-10-20T13:48:15.890Z</time></trkpt><trkpt lat="47.60862900" lon="19.14705630"><ele>147.51</ele><time>2025-10-20T13:48:16.071Z</time></trkpt><trkpt lat="47.60862880" lon="19.14705620"><ele>147.25</ele><time>2025-10-20T13:48:16.293Z</time></trkpt><trkpt lat="47.60862850" lon="19.14705590"><ele>146.98</ele><time>2025-10-20T13:48:16.497Z</time></trkpt><trkpt lat="47.60862820" lon="19.14705560"><ele>146.73</ele><time>2025-10-20T13:48:16.696Z</time></trkpt><trkpt lat="47.60862780" lon="19.14705520"><ele>146.46</ele><time>2025-10-20T13:48:16.898Z</time></trkpt><trkpt lat="47.60862730" lon="19.14705470"><ele>146.14</ele><time>2025-10-20T13:48:17.099Z</time></trkpt><trkpt lat="47.60862670" lon="19.14705440"><ele>145.85</ele><time>2025-10-20T13:48:17.299Z</time></trkpt><trkpt lat="47.60862630" lon="19.14705410"><ele>145.59</ele><time>2025-10-20T13:48:17.481Z</time></trkpt><trkpt lat="47.60862570" lon="19.14705370"><ele>145.28</ele><time>2025-10-20T13:48:17.682Z</time></trkpt><trkpt lat="47.60862510" lon="19.14705350"><ele>144.97</ele><time>2025-10-20T13:48:17.905Z</time></trkpt><trkpt lat="47.60862460" lon="19.14705330"><ele>144.74</ele><time>2025-10-20T13:48:18.087Z</time></trkpt><trkpt lat="47.60862410" lon="19.14705290"><ele>144.45</ele><time>2025-10-20T13:48:18.309Z</time></trkpt><trkpt lat="47.60862360" lon="19.14705270"><ele>144.23</ele><time>2025-10-20T13:48:18.511Z</time></trkpt><trkpt lat="47.60862320" lon="19.14705240"><ele>143.98</ele><time>2025-10-20T13:48:18.712Z</time></trkpt><trkpt lat="47.60862280" lon="19.14705200"><ele>143.71</ele><time>2025-10-20T13:48:18.913Z</time></trkpt><trkpt lat="47.60862250" lon="19.14705170"><ele>143.47</ele><time>2025-10-20T13:48:19.094Z</time></trkpt><trkpt lat="47.60862210" lon="19.14705110"><ele>143.18</ele><time>2025-10-20T13:48:19.319Z</time></trkpt><trkpt lat="47.60862190" lon="19.14705050"><ele>142.96</ele><time>2025-10-20T13:48:19.500Z</time></trkpt><trkpt lat="47.60862180" lon="19.14705000"><ele>142.70</ele><time>2025-10-20T13:48:19.702Z</time></trkpt><trkpt lat="47.60862150" lon="19.14704970"><ele>142.44</ele><time>2025-10-20T13:48:19.903Z</time></trkpt><trkpt lat="47.60862120" lon="19.14704950"><ele>142.20</ele><time>2025-10-20T13:48:20.104Z</time></trkpt><trkpt lat="47.60862090" lon="19.14704930"><ele>141.89</ele><time>2025-10-20T13:48:20.328Z</time></trkpt><trkpt lat="47.60862070" lon="19.14704910"><ele>141.62</ele><time>2025-10-20T13:48:20.518Z</time></trkpt><trkpt lat="47.60862060" lon="19.14704880"><ele>141.33</ele><time>2025-10-20T13:48:20.740Z</time></trkpt><trkpt lat="47.60862060" lon="19.14704850"><ele>141.08</ele><time>2025-10-20T13:48:20.940Z</time></trkpt><trkpt lat="47.60862080" lon="19.14704850"><ele>140.83</ele><time>2025-10-20T13:48:21.142Z</time></trkpt><trkpt lat="47.60862120" lon="19.14704860"><ele>140.61</ele><time>2025-10-20T13:48:21.343Z</time></trkpt><trkpt lat="47.60862180" lon="19.14704890"><ele>140.37</ele><time>2025-10-20T13:48:21.543Z</time></trkpt><trkpt lat="47.60862240" lon="19.14704930"><ele>140.11</ele><time>2025-10-20T13:48:21.744Z</time></trkpt><trkpt lat="47.60862310" lon="19.14704980"><ele>139.87</ele><time>2025-10-20T13:48:21.945Z</time></trkpt><trkpt lat="47.60862370" lon="19.14705060"><ele>139.63</ele><time>2025-10-20T13:48:22.147Z</time></trkpt><trkpt lat="47.60862430" lon="19.14705150"><ele>139.37</ele><time>2025-10-20T13:48:22.351Z</time></trkpt><trkpt lat="47.60862500" lon="19.14705240"><ele>139.08</ele><time>2025-10-20T13:48:22.552Z</time></trkpt><trkpt lat="47.60862560" lon="19.14705320"><ele>138.84</ele><time>2025-10-20T13:48:22.733Z</time></trkpt><trkpt lat="47.60862620" lon="19.14705400"><ele>138.54</ele><time>2025-10-20T13:48:22.954Z</time></trkpt><trkpt lat="47.60862660" lon="19.14705460"><ele>138.27</ele><time>2025-10-20T13:48:23.135Z</time></trkpt><trkpt lat="47.60862670" lon="19.14705530"><ele>137.99</ele><time>2025-10-20T13:48:23.338Z</time></trkpt><trkpt lat="47.60862660" lon="19.14705590"><ele>137.80</ele><time>2025-10-20T13:48:23.560Z</time></trkpt><trkpt lat="47.60862640" lon="19.14705580"><ele>137.79</ele><time>2025-10-20T13:48:23.721Z</time></trkpt><trkpt lat="47.60862620" lon="19.14705540"><ele>137.76</ele><time>2025-10-20T13:48:23.942Z</time></trkpt><trkpt lat="47.60862600" lon="19.14705530"><ele>137.74</ele><time>2025-10-20T13:48:24.144Z</time></trkpt><trkpt lat="47.60862590" lon="19.14705520"><ele>137.72</ele><time>2025-10-20T13:48:24.345Z</time></trkpt><trkpt lat="47.60862580" lon="19.14705510"><ele>137.69</ele><time>2025-10-20T13:48:24.557Z</time></trkpt><trkpt lat="47.60862580" lon="19.14705500"><ele>137.67</ele><time>2025-10-20T13:48:24.745Z</time></trkpt><trkpt lat="47.60862570" lon="19.14705490"><ele>137.65</ele><time>2025-10-20T13:48:24.945Z</time></trkpt><trkpt lat="47.60862560" lon="19.14705490"><ele>137.63</ele><time>2025-10-20T13:48:25.147Z</time></trkpt><trkpt lat="47.60862550" lon="19.14705500"><ele>137.61</ele><time>2025-10-20T13:48:25.353Z</time></trkpt><trkpt lat="47.60862550" lon="19.14705500"><ele>137.59</ele><time>2025-10-20T13:48:25.554Z</time></trkpt><trkpt lat="47.60862540" lon="19.14705510"><ele>137.57</ele><time>2025-10-20T13:48:25.754Z</time></trkpt><trkpt lat="47.60862530" lon="19.14705510"><ele>137.55</ele><time>2025-10-20T13:48:25.955Z</time></trkpt><trkpt lat="47.60862520" lon="19.14705510"><ele>137.53</ele><time>2025-10-20T13:48:26.156Z</time></trkpt><trkpt lat="47.60862510" lon="19.14705510"><ele>137.51</ele><time>2025-10-20T13:48:26.359Z</time></trkpt><trkpt lat="47.60862500" lon="19.14705510"><ele>137.50</ele><time>2025-10-20T13:48:26.460Z</time></trkpt><trkpt lat="47.60862500" lon="19.14705510"><ele>137.50</ele><time>2025-10-20T13:48:26.460Z</time></trkpt><trkpt lat="47.60862500" lon="19.14705510"><ele>137.50</ele><time>2025-10-20T13:48:26.460Z</time></trkpt><trkpt lat="47.60862500" lon="19.14705510"><ele>137.50</ele><time>2025-10-20T13:48:26.460Z</time></trkpt><trkpt lat="47.60862500" lon="19.14705510"><ele>137.50</ele><time>2025-10-20T13:48:26.460Z</time></trkpt><trkpt lat="47.60862500" lon="19.14705510"><ele>137.50</ele><time>2025-10-20T13:48:26.460Z</time></trkpt><trkpt lat="47.60862500" lon="19.14705510"><ele>137.50</ele><time>2025-10-20T13:48:26.460Z</time></trkpt><trkpt lat="47.60862500" lon="19.14705510"><ele>137.50</ele><time>2025-10-20T13:48:26.460Z</time></trkpt><trkpt lat="47.60862500" lon="19.14705510"><ele>137.50</ele><time>2025-10-20T13:48:26.460Z</time></trkpt><trkpt lat="47.60862500" lon="19.14705510"><ele>137.50</ele><time>2025-10-20T13:48:26.460Z</time></trkpt><trkpt lat="47.60862500" lon="19.14705510"><ele>137.50</ele><time>2025-10-20T13:48:26.460Z</time></trkpt><trkpt lat="47.60862500" lon="19.14705510"><ele>137.50</ele><time>2025-10-20T13:48:26.460Z</time></trkpt><trkpt lat="47.60862500" lon="19.14705510"><ele>137.50</ele><time>2025-10-20T13:48:26.460Z</time></trkpt><trkpt lat="47.60862500" lon="19.14705510"><ele>137.50</ele><time>2025-10-20T13:48:26.460Z</time></trkpt><trkpt lat="47.60862500" lon="19.14705510"><ele>137.50</ele><time>2025-10-20T13:48:26.460Z</time></trkpt><trkpt lat="47.60862500" lon="19.14705520"><ele>137.50</ele><time>2025-10-20T13:48:29.553Z</time></trkpt><trkpt lat="47.60862490" lon="19.14705520"><ele>137.47</ele><time>2025-10-20T13:48:29.757Z</time></trkpt><trkpt lat="47.60862460" lon="19.14705530"><ele>137.45</ele><time>2025-10-20T13:48:29.957Z</time></trkpt><trkpt lat="47.60862430" lon="19.14705560"><ele>137.44</ele><time>2025-10-20T13:48:30.158Z</time></trkpt><trkpt lat="47.60862380" lon="19.14705590"><ele>137.43</ele><time>2025-10-20T13:48:30.360Z</time></trkpt><trkpt lat="47.60862350" lon="19.14705610"><ele>137.41</ele><time>2025-10-20T13:48:30.563Z</time></trkpt><trkpt lat="47.60862360" lon="19.14705600"><ele>137.38</ele><time>2025-10-20T13:48:30.764Z</time></trkpt><trkpt lat="47.60862380" lon="19.14705580"><ele>137.34</ele><time>2025-10-20T13:48:30.964Z</time></trkpt><trkpt lat="47.60862410" lon="19.14705570"><ele>137.31</ele><time>2025-10-20T13:48:31.166Z</time></trkpt><trkpt lat="47.60862430" lon="19.14705550"><ele>137.28</ele><time>2025-10-20T13:48:31.368Z</time></trkpt><trkpt lat="47.60862450" lon="19.14705540"><ele>137.24</ele><time>2025-10-20T13:48:31.567Z</time></trkpt><trkpt lat="47.60862470" lon="19.14705530"><ele>137.21</ele><time>2025-10-20T13:48:31.767Z</time></trkpt><trkpt lat="47.60862480" lon="19.14705520"><ele>137.18</ele><time>2025-10-20T13:48:31.968Z</time></trkpt><trkpt lat="47.60862500" lon="19.14705520"><ele>137.15</ele><time>2025-10-20T13:48:32.169Z</time></trkpt><trkpt lat="47.60862510" lon="19.14705530"><ele>137.12</ele><time>2025-10-20T13:48:32.372Z</time></trkpt><trkpt lat="47.60862520" lon="19.14705530"><ele>137.10</ele><time>2025-10-20T13:48:32.573Z</time></trkpt><trkpt lat="47.60862530" lon="19.14705540"><ele>137.07</ele><time>2025-10-20T13:48:32.773Z</time></trkpt><trkpt lat="47.60862540" lon="19.14705550"><ele>137.05</ele><time>2025-10-20T13:48:32.973Z</time></trkpt><trkpt lat="47.60862550" lon="19.14705550"><ele>137.02</ele><time>2025-10-20T13:48:33.174Z</time></trkpt><trkpt lat="47.60862550" lon="19.14705550"><ele>137.00</ele><time>2025-10-20T13:48:33.376Z</time></trkpt><trkpt lat="47.60862560" lon="19.14705560"><ele>136.98</ele><time>2025-10-20T13:48:33.577Z</time></trkpt><trkpt lat="47.60862570" lon="19.14705560"><ele>136.95</ele><time>2025-10-20T13:48:33.778Z</time></trkpt><trkpt lat="47.60862580" lon="19.14705560"><ele>136.93</ele><time>2025-10-20T13:48:33.979Z</time></trkpt><trkpt lat="47.60862580" lon="19.14705550"><ele>136.91</ele><time>2025-10-20T13:48:34.180Z</time></trkpt><trkpt lat="47.60862580" lon="19.14705550"><ele>136.89</ele><time>2025-10-20T13:48:34.380Z</time></trkpt><trkpt lat="47.60862590" lon="19.14705540"><ele>136.87</ele><time>2025-10-20T13:48:34.583Z</time></trkpt><trkpt lat="47.60862600" lon="19.14705540"><ele>136.85</ele><time>2025-10-20T13:48:34.783Z</time></trkpt><trkpt lat="47.60862600" lon="19.14705530"><ele>136.83</ele><time>2025-10-20T13:48:34.983Z</time></trkpt><trkpt lat="47.60862600" lon="19.14705520"><ele>136.82</ele><time>2025-10-20T13:48:35.184Z</time></trkpt><trkpt lat="47.60862600" lon="19.14705520"><ele>136.79</ele><time>2025-10-20T13:48:35.384Z</time></trkpt><trkpt lat="47.60862600" lon="19.14705510"><ele>136.77</ele><time>2025-10-20T13:48:35.583Z</time></trkpt><trkpt lat="47.60862600" lon="19.14705500"><ele>136.76</ele><time>2025-10-20T13:48:35.783Z</time></trkpt><trkpt lat="47.60862610" lon="19.14705490"><ele>136.74</ele><time>2025-10-20T13:48:35.984Z</time></trkpt><trkpt lat="47.60862620" lon="19.14705480"><ele>136.73</ele><time>2025-10-20T13:48:36.183Z</time></trkpt><trkpt lat="47.60862620" lon="19.14705470"><ele>136.71</ele><time>2025-10-20T13:48:36.384Z</time></trkpt><trkpt lat="47.60862630" lon="19.14705460"><ele>136.69</ele><time>2025-10-20T13:48:36.586Z</time></trkpt><trkpt lat="47.60862630" lon="19.14705450"><ele>136.68</ele><time>2025-10-20T13:48:36.786Z</time></trkpt><trkpt lat="47.60862640" lon="19.14705450"><ele>136.66</ele><time>2025-10-20T13:48:36.987Z</time></trkpt><trkpt lat="47.60862650" lon="19.14705440"><ele>136.65</ele><time>2025-10-20T13:48:37.187Z</time></trkpt><trkpt lat="47.60862650" lon="19.14705430"><ele>136.64</ele><time>2025-10-20T13:48:37.387Z</time></trkpt><trkpt lat="47.60862660" lon="19.14705420"><ele>136.62</ele><time>2025-10-20T13:48:37.586Z</time></trkpt><trkpt lat="47.60862660" lon="19.14705420"><ele>136.61</ele><time>2025-10-20T13:48:37.786Z</time></trkpt><trkpt lat="47.60862660" lon="19.14705410"><ele>136.60</ele><time>2025-10-20T13:48:37.986Z</time></trkpt><trkpt lat="47.60862660" lon="19.14705400"><ele>136.59</ele><time>2025-10-20T13:48:38.187Z</time></trkpt><trkpt lat="47.60862660" lon="19.14705400"><ele>136.58</ele><time>2025-10-20T13:48:38.388Z</time></trkpt><trkpt lat="47.60862670" lon="19.14705380"><ele>136.57</ele><time>2025-10-20T13:48:38.590Z</time></trkpt><trkpt lat="47.60862680" lon="19.14705370"><ele>136.56</ele><time>2025-10-20T13:48:38.790Z</time></trkpt><trkpt lat="47.60862690" lon="19.14705370"><ele>136.56</ele><time>2025-10-20T13:48:38.990Z</time></trkpt><trkpt lat="47.60862690" lon="19.14705360"><ele>136.55</ele><time>2025-10-20T13:48:39.191Z</time></trkpt><trkpt lat="47.60862700" lon="19.14705350"><ele>136.55</ele><time>2025-10-20T13:48:39.392Z</time></trkpt><trkpt lat="47.60862710" lon="19.14705350"><ele>136.54</ele><time>2025-10-20T13:48:39.592Z</time></trkpt><trkpt lat="47.60862710" lon="19.14705350"><ele>136.54</ele><time>2025-10-20T13:48:39.792Z</time></trkpt><trkpt lat="47.60862720" lon="19.14705340"><ele>136.54</ele><time>2025-10-20T13:48:39.992Z</time></trkpt><trkpt lat="47.60862720" lon="19.14705340"><ele>136.54</ele><time>2025-10-20T13:48:40.192Z</time></trkpt><trkpt lat="47.60862720" lon="19.14705330"><ele>136.54</ele><time>2025-10-20T13:48:40.392Z</time></trkpt><trkpt lat="47.60862730" lon="19.14705330"><ele>136.53</ele><time>2025-10-20T13:48:40.593Z</time></trkpt><trkpt lat="47.60862730" lon="19.14705330"><ele>136.53</ele><time>2025-10-20T13:48:40.794Z</time></trkpt><trkpt lat="47.60862730" lon="19.14705330"><ele>136.54</ele><time>2025-10-20T13:48:40.994Z</time></trkpt><trkpt lat="47.60862720" lon="19.14705330"><ele>136.54</ele><time>2025-10-20T13:48:41.195Z</time></trkpt><trkpt lat="47.60862720" lon="19.14705320"><ele>136.54</ele><time>2025-10-20T13:48:41.395Z</time></trkpt><trkpt lat="47.60862720" lon="19.14705320"><ele>136.54</ele><time>2025-10-20T13:48:41.595Z</time></trkpt><trkpt lat="47.60862720" lon="19.14705310"><ele>136.54</ele><time>2025-10-20T13:48:41.795Z</time></trkpt><trkpt lat="47.60862720" lon="19.14705300"><ele>136.53</ele><time>2025-10-20T13:48:41.995Z</time></trkpt><trkpt lat="47.60862720" lon="19.14705300"><ele>136.53</ele><time>2025-10-20T13:48:42.195Z</time></trkpt><trkpt lat="47.60862720" lon="19.14705300"><ele>136.53</ele><time>2025-10-20T13:48:42.396Z</time></trkpt><trkpt lat="47.60862720" lon="19.14705310"><ele>136.52</ele><time>2025-10-20T13:48:42.597Z</time></trkpt><trkpt lat="47.60862730" lon="19.14705310"><ele>136.53</ele><time>2025-10-20T13:48:42.797Z</time></trkpt><trkpt lat="47.60862730" lon="19.14705310"><ele>136.53</ele><time>2025-10-20T13:48:42.997Z</time></trkpt><trkpt lat="47.60862730" lon="19.14705320"><ele>136.54</ele><time>2025-10-20T13:48:43.199Z</time></trkpt><trkpt lat="47.60862730" lon="19.14705320"><ele>136.53</ele><time>2025-10-20T13:48:43.397Z</time></trkpt><trkpt lat="47.60862730" lon="19.14705320"><ele>136.54</ele><time>2025-10-20T13:48:43.599Z</time></trkpt><trkpt lat="47.60862740" lon="19.14705310"><ele>136.54</ele><time>2025-10-20T13:48:43.800Z</time></trkpt><trkpt lat="47.60862730" lon="19.14705320"><ele>136.54</ele><time>2025-10-20T13:48:44.000Z</time></trkpt><trkpt lat="47.60862730" lon="19.14705320"><ele>136.54</ele><time>2025-10-20T13:48:44.203Z</time></trkpt><trkpt lat="47.60862730" lon="19.14705320"><ele>136.54</ele><time>2025-10-20T13:48:44.385Z</time></trkpt><trkpt lat="47.60862730" lon="19.14705320"><ele>136.54</ele><time>2025-10-20T13:48:44.585Z</time></trkpt><trkpt lat="47.60862720" lon="19.14705330"><ele>136.54</ele><time>2025-10-20T13:48:44.786Z</time></trkpt><trkpt lat="47.60862720" lon="19.14705330"><ele>136.54</ele><time>2025-10-20T13:48:44.987Z</time></trkpt><trkpt lat="47.60862720" lon="19.14705330"><ele>136.55</ele><time>2025-10-20T13:48:45.188Z</time></trkpt><trkpt lat="47.60862720" lon="19.14705330"><ele>136.55</ele><time>2025-10-20T13:48:45.391Z</time></trkpt><trkpt lat="47.60862720" lon="19.14705340"><ele>136.55</ele><time>2025-10-20T13:48:45.592Z</time></trkpt><trkpt lat="47.60862720" lon="19.14705340"><ele>136.54</ele><time>2025-10-20T13:48:45.793Z</time></trkpt><trkpt lat="47.60862720" lon="19.14705350"><ele>136.54</ele><time>2025-10-20T13:48:45.994Z</time></trkpt><trkpt lat="47.60862720" lon="19.14705350"><ele>136.54</ele><time>2025-10-20T13:48:46.194Z</time></trkpt><trkpt lat="47.60862730" lon="19.14705360"><ele>136.53</ele><time>2025-10-20T13:48:46.396Z</time></trkpt><trkpt lat="47.60862730" lon="19.14705360"><ele>136.53</ele><time>2025-10-20T13:48:46.600Z</time></trkpt><trkpt lat="47.60862730" lon="19.14705360"><ele>136.53</ele><time>2025-10-20T13:48:46.803Z</time></trkpt><trkpt lat="47.60862740" lon="19.14705360"><ele>136.53</ele><time>2025-10-20T13:48:46.984Z</time></trkpt><trkpt lat="47.60862740" lon="19.14705360"><ele>136.53</ele><time>2025-10-20T13:48:47.185Z</time></trkpt><trkpt lat="47.60862740" lon="19.14705370"><ele>136.53</ele><time>2025-10-20T13:48:47.388Z</time></trkpt><trkpt lat="47.60862750" lon="19.14705370"><ele>136.53</ele><time>2025-10-20T13:48:47.590Z</time></trkpt><trkpt lat="47.60862750" lon="19.14705370"><ele>136.52</ele><time>2025-10-20T13:48:47.791Z</time></trkpt><trkpt lat="47.60862750" lon="19.14705370"><ele>136.52</ele><time>2025-10-20T13:48:47.992Z</time></trkpt><trkpt lat="47.60862760" lon="19.14705360"><ele>136.52</ele><time>2025-10-20T13:48:48.194Z</time></trkpt><trkpt lat="47.60862760" lon="19.14705360"><ele>136.51</ele><time>2025-10-20T13:48:48.395Z</time></trkpt><trkpt lat="47.60862760" lon="19.14705360"><ele>136.51</ele><time>2025-10-20T13:48:48.595Z</time></trkpt><trkpt lat="47.60862760" lon="19.14705360"><ele>136.51</ele><time>2025-10-20T13:48:48.795Z</time></trkpt><trkpt lat="47.60862760" lon="19.14705360"><ele>136.51</ele><time>2025-10-20T13:48:48.996Z</time></trkpt><trkpt lat="47.60862760" lon="19.14705370"><ele>136.51</ele><time>2025-10-20T13:48:49.198Z</time></trkpt><trkpt lat="47.60862750" lon="19.14705370"><ele>136.51</ele><time>2025-10-20T13:48:49.400Z</time></trkpt><trkpt lat="47.60862750" lon="19.14705380"><ele>136.50</ele><time>2025-10-20T13:48:49.601Z</time></trkpt><trkpt lat="47.60862750" lon="19.14705380"><ele>136.50</ele><time>2025-10-20T13:48:49.802Z</time></trkpt><trkpt lat="47.60862740" lon="19.14705380"><ele>136.50</ele><time>2025-10-20T13:48:49.984Z</time></trkpt><trkpt lat="47.60862740" lon="19.14705380"><ele>136.51</ele><time>2025-10-20T13:48:50.185Z</time></trkpt><trkpt lat="47.60862740" lon="19.14705380"><ele>136.50</ele><time>2025-10-20T13:48:50.386Z</time></trkpt><trkpt lat="47.60862740" lon="19.14705370"><ele>136.50</ele><time>2025-10-20T13:48:50.587Z</time></trkpt><trkpt lat="47.60862740" lon="19.14705370"><ele>136.50</ele><time>2025-10-20T13:48:50.787Z</time></trkpt><trkpt lat="47.60862740" lon="19.14705380"><ele>136.50</ele><time>2025-10-20T13:48:50.987Z</time></trkpt><trkpt lat="47.60862730" lon="19.14705380"><ele>136.51</ele><time>2025-10-20T13:48:51.187Z</time></trkpt><trkpt lat="47.60862730" lon="19.14705380"><ele>136.51</ele><time>2025-10-20T13:48:51.388Z</time></trkpt><trkpt lat="47.60862720" lon="19.14705380"><ele>136.51</ele><time>2025-10-20T13:48:51.589Z</time></trkpt><trkpt lat="47.60862720" lon="19.14705380"><ele>136.51</ele><time>2025-10-20T13:48:51.789Z</time></trkpt><trkpt lat="47.60862710" lon="19.14705370"><ele>136.51</ele><time>2025-10-20T13:48:51.990Z</time></trkpt><trkpt lat="47.60862710" lon="19.14705370"><ele>136.52</ele><time>2025-10-20T13:48:52.190Z</time></trkpt><trkpt lat="47.60862710" lon="19.14705370"><ele>136.52</ele><time>2025-10-20T13:48:52.391Z</time></trkpt><trkpt lat="47.60862710" lon="19.14705360"><ele>136.52</ele><time>2025-10-20T13:48:52.592Z</time></trkpt><trkpt lat="47.60862720" lon="19.14705360"><ele>136.52</ele><time>2025-10-20T13:48:52.792Z</time></trkpt><trkpt lat="47.60862710" lon="19.14705360"><ele>136.53</ele><time>2025-10-20T13:48:52.992Z</time></trkpt><trkpt lat="47.60862710" lon="19.14705350"><ele>136.53</ele><time>2025-10-20T13:48:53.192Z</time></trkpt><trkpt lat="47.60862710" lon="19.14705350"><ele>136.52</ele><time>2025-10-20T13:48:53.393Z</time></trkpt><trkpt lat="47.60862710" lon="19.14705340"><ele>136.53</ele><time>2025-10-20T13:48:53.594Z</time></trkpt><trkpt lat="47.60862710" lon="19.14705340"><ele>136.53</ele><time>2025-10-20T13:48:53.795Z</time></trkpt><trkpt lat="47.60862710" lon="19.14705330"><ele>136.53</ele><time>2025-10-20T13:48:53.995Z</time></trkpt><trkpt lat="47.60862720" lon="19.14705320"><ele>136.53</ele><time>2025-10-20T13:48:54.196Z</time></trkpt><trkpt lat="47.60862720" lon="19.14705310"><ele>136.53</ele><time>2025-10-20T13:48:54.395Z</time></trkpt><trkpt lat="47.60862720" lon="19.14705310"><ele>136.53</ele><time>2025-10-20T13:48:54.597Z</time></trkpt><trkpt lat="47.60862720" lon="19.14705310"><ele>136.52</ele><time>2025-10-20T13:48:54.797Z</time></trkpt><trkpt lat="47.60862720" lon="19.14705320"><ele>136.52</ele><time>2025-10-20T13:48:54.998Z</time></trkpt><trkpt lat="47.60862720" lon="19.14705320"><ele>136.52</ele><time>2025-10-20T13:48:55.198Z</time></trkpt><trkpt lat="47.60862710" lon="19.14705320"><ele>136.53</ele><time>2025-10-20T13:48:55.400Z</time></trkpt><trkpt lat="47.60862710" lon="19.14705320"><ele>136.53</ele><time>2025-10-20T13:48:55.600Z</time></trkpt><trkpt lat="47.60862710" lon="19.14705330"><ele>136.53</ele><time>2025-10-20T13:48:55.802Z</time></trkpt><trkpt lat="47.60862710" lon="19.14705330"><ele>136.54</ele><time>2025-10-20T13:48:56.003Z</time></trkpt><trkpt lat="47.60862710" lon="19.14705330"><ele>136.54</ele><time>2025-10-20T13:48:56.204Z</time></trkpt><trkpt lat="47.60862700" lon="19.14705330"><ele>136.54</ele><time>2025-10-20T13:48:56.404Z</time></trkpt><trkpt lat="47.60862700" lon="19.14705330"><ele>136.54</ele><time>2025-10-20T13:48:56.585Z</time></trkpt><trkpt lat="47.60862700" lon="19.14705330"><ele>136.53</ele><time>2025-10-20T13:48:56.806Z</time></trkpt><trkpt lat="47.60862700" lon="19.14705330"><ele>136.53</ele><time>2025-10-20T13:48:57.006Z</time></trkpt><trkpt lat="47.60862700" lon="19.14705330"><ele>136.53</ele><time>2025-10-20T13:48:57.187Z</time></trkpt><trkpt lat="47.60862700" lon="19.14705330"><ele>136.53</ele><time>2025-10-20T13:48:57.387Z</time></trkpt><trkpt lat="47.60862700" lon="19.14705330"><ele>136.53</ele><time>2025-10-20T13:48:57.588Z</time></trkpt><trkpt lat="47.60862710" lon="19.14705330"><ele>136.52</ele><time>2025-10-20T13:48:57.789Z</time></trkpt><trkpt lat="47.60862710" lon="19.14705340"><ele>136.52</ele><time>2025-10-20T13:48:57.989Z</time></trkpt><trkpt lat="47.60862710" lon="19.14705340"><ele>136.52</ele><time>2025-10-20T13:48:58.190Z</time></trkpt><trkpt lat="47.60862720" lon="19.14705340"><ele>136.52</ele><time>2025-10-20T13:48:58.390Z</time></trkpt><trkpt lat="47.60862720" lon="19.14705350"><ele>136.52</ele><time>2025-10-20T13:48:58.592Z</time></trkpt><trkpt lat="47.60862720" lon="19.14705350"><ele>136.53</ele><time>2025-10-20T13:48:58.792Z</time></trkpt><trkpt lat="47.60862730" lon="19.14705350"><ele>136.53</ele><time>2025-10-20T13:48:58.992Z</time></trkpt><trkpt lat="47.60862730" lon="19.14705350"><ele>136.53</ele><time>2025-10-20T13:48:59.193Z</time></trkpt><trkpt lat="47.60862730" lon="19.14705350"><ele>136.53</ele><time>2025-10-20T13:48:59.399Z</time></trkpt><trkpt lat="47.60862730" lon="19.14705350"><ele>136.54</ele><time>2025-10-20T13:48:59.600Z</time></trkpt><trkpt lat="47.60862730" lon="19.14705350"><ele>136.54</ele><time>2025-10-20T13:48:59.803Z</time></trkpt><trkpt lat="47.60862730" lon="19.14705350"><ele>136.54</ele><time>2025-10-20T13:49:00.023Z</time></trkpt><trkpt lat="47.60862730" lon="19.14705360"><ele>136.54</ele><time>2025-10-20T13:49:00.204Z</time></trkpt><trkpt lat="47.60862740" lon="19.14705360"><ele>136.54</ele><time>2025-10-20T13:49:00.408Z</time></trkpt><trkpt lat="47.60862740" lon="19.14705360"><ele>136.54</ele><time>2025-10-20T13:49:00.588Z</time></trkpt><trkpt lat="47.60862740" lon="19.14705370"><ele>136.54</ele><time>2025-10-20T13:49:00.794Z</time></trkpt><trkpt lat="47.60862740" lon="19.14705370"><ele>136.54</ele><time>2025-10-20T13:49:00.994Z</time></trkpt><trkpt lat="47.60862740" lon="19.14705370"><ele>136.54</ele><time>2025-10-20T13:49:01.194Z</time></trkpt><trkpt lat="47.60862740" lon="19.14705370"><ele>136.53</ele><time>2025-10-20T13:49:01.395Z</time></trkpt><trkpt lat="47.60862740" lon="19.14705370"><ele>136.53</ele><time>2025-10-20T13:49:01.597Z</time></trkpt><trkpt lat="47.60862740" lon="19.14705370"><ele>136.53</ele><time>2025-10-20T13:49:01.797Z</time></trkpt><trkpt lat="47.60862740" lon="19.14705370"><ele>136.53</ele><time>2025-10-20T13:49:01.998Z</time></trkpt><trkpt lat="47.60862740" lon="19.14705370"><ele>136.53</ele><time>2025-10-20T13:49:02.198Z</time></trkpt><trkpt lat="47.60862740" lon="19.14705380"><ele>136.52</ele><time>2025-10-20T13:49:02.418Z</time></trkpt><trkpt lat="47.60862740" lon="19.14705380"><ele>136.52</ele><time>2025-10-20T13:49:02.599Z</time></trkpt><trkpt lat="47.60862740" lon="19.14705380"><ele>136.52</ele><time>2025-10-20T13:49:02.801Z</time></trkpt><trkpt lat="47.60862740" lon="19.14705380"><ele>136.52</ele><time>2025-10-20T13:49:03.001Z</time></trkpt><trkpt lat="47.60862750" lon="19.14705390"><ele>136.51</ele><time>2025-10-20T13:49:03.201Z</time></trkpt><trkpt lat="47.60862750" lon="19.14705390"><ele>136.51</ele><time>2025-10-20T13:49:03.405Z</time></trkpt><trkpt lat="47.60862750" lon="19.14705390"><ele>136.51</ele><time>2025-10-20T13:49:03.604Z</time></trkpt><trkpt lat="47.60862750" lon="19.14705390"><ele>136.51</ele><time>2025-10-20T13:49:03.805Z</time></trkpt><trkpt lat="47.60862740" lon="19.14705400"><ele>136.51</ele><time>2025-10-20T13:49:04.005Z</time></trkpt><trkpt lat="47.60862740" lon="19.14705400"><ele>136.52</ele><time>2025-10-20T13:49:04.205Z</time></trkpt><trkpt lat="47.60862750" lon="19.14705400"><ele>136.52</ele><time>2025-10-20T13:49:04.406Z</time></trkpt><trkpt lat="47.60862750" lon="19.14705400"><ele>136.53</ele><time>2025-10-20T13:49:04.608Z</time></trkpt><trkpt lat="47.60862750" lon="19.14705400"><ele>136.53</ele><time>2025-10-20T13:49:04.807Z</time></trkpt><trkpt lat="47.60862750" lon="19.14705400"><ele>136.53</ele><time>2025-10-20T13:49:05.008Z</time></trkpt><trkpt lat="47.60862750" lon="19.14705400"><ele>136.53</ele><time>2025-10-20T13:49:05.208Z</time></trkpt><trkpt lat="47.60862750" lon="19.14705400"><ele>136.53</ele><time>2025-10-20T13:49:05.409Z</time></trkpt><trkpt lat="47.60862740" lon="19.14705400"><ele>136.53</ele><time>2025-10-20T13:49:05.609Z</time></trkpt><trkpt lat="47.60862740" lon="19.14705400"><ele>136.53</ele><time>2025-10-20T13:49:05.809Z</time></trkpt><trkpt lat="47.60862740" lon="19.14705390"><ele>136.53</ele><time>2025-10-20T13:49:06.010Z</time></trkpt><trkpt lat="47.60862740" lon="19.14705390"><ele>136.53</ele><time>2025-10-20T13:49:06.210Z</time></trkpt><trkpt lat="47.60862740" lon="19.14705390"><ele>136.53</ele><time>2025-10-20T13:49:06.412Z</time></trkpt><trkpt lat="47.60862740" lon="19.14705390"><ele>136.53</ele><time>2025-10-20T13:49:06.612Z</time></trkpt><trkpt lat="47.60862740" lon="19.14705390"><ele>136.53</ele><time>2025-10-20T13:49:06.814Z</time></trkpt><trkpt lat="47.60862740" lon="19.14705390"><ele>136.53</ele><time>2025-10-20T13:49:07.014Z</time></trkpt><trkpt lat="47.60862740" lon="19.14705390"><ele>136.53</ele><time>2025-10-20T13:49:07.215Z</time></trkpt><trkpt lat="47.60862740" lon="19.14705400"><ele>136.53</ele><time>2025-10-20T13:49:07.416Z</time></trkpt><trkpt lat="47.60862740" lon="19.14705400"><ele>136.53</ele><time>2025-10-20T13:49:07.616Z</time></trkpt><trkpt lat="47.60862740" lon="19.14705400"><ele>136.53</ele><time>2025-10-20T13:49:07.818Z</time></trkpt><trkpt lat="47.60862740" lon="19.14705390"><ele>136.53</ele><time>2025-10-20T13:49:08.018Z</time></trkpt><trkpt lat="47.60862740" lon="19.14705390"><ele>136.53</ele><time>2025-10-20T13:49:08.219Z</time></trkpt><trkpt lat="47.60862750" lon="19.14705380"><ele>136.52</ele><time>2025-10-20T13:49:08.420Z</time></trkpt><trkpt lat="47.60862750" lon="19.14705380"><ele>136.52</ele><time>2025-10-20T13:49:08.621Z</time></trkpt><trkpt lat="47.60862750" lon="19.14705370"><ele>136.51</ele><time>2025-10-20T13:49:08.823Z</time></trkpt><trkpt lat="47.60862750" lon="19.14705360"><ele>136.51</ele><time>2025-10-20T13:49:09.023Z</time></trkpt><trkpt lat="47.60862750" lon="19.14705360"><ele>136.51</ele><time>2025-10-20T13:49:09.223Z</time></trkpt><trkpt lat="47.60862740" lon="19.14705360"><ele>136.51</ele><time>2025-10-20T13:49:09.424Z</time></trkpt><trkpt lat="47.60862740" lon="19.14705360"><ele>136.50</ele><time>2025-10-20T13:49:09.623Z</time></trkpt><trkpt lat="47.60862740" lon="19.14705360"><ele>136.50</ele><time>2025-10-20T13:49:09.823Z</time></trkpt><trkpt lat="47.60862740" lon="19.14705350"><ele>136.50</ele><time>2025-10-20T13:49:10.024Z</time></trkpt><trkpt lat="47.60862740" lon="19.14705360"><ele>136.50</ele><time>2025-10-20T13:49:10.224Z</time></trkpt><trkpt lat="47.60862740" lon="19.14705360"><ele>136.50</ele><time>2025-10-20T13:49:10.426Z</time></trkpt><trkpt lat="47.60862740" lon="19.14705360"><ele>136.49</ele><time>2025-10-20T13:49:10.627Z</time></trkpt><trkpt lat="47.60862740" lon="19.14705360"><ele>136.49</ele><time>2025-10-20T13:49:10.827Z</time></trkpt><trkpt lat="47.60862740" lon="19.14705370"><ele>136.49</ele><time>2025-10-20T13:49:11.027Z</time></trkpt><trkpt lat="47.60862730" lon="19.14705370"><ele>136.49</ele><time>2025-10-20T13:49:11.228Z</time></trkpt><trkpt lat="47.60862730" lon="19.14705370"><ele>136.49</ele><time>2025-10-20T13:49:11.428Z</time></trkpt><trkpt lat="47.60862730" lon="19.14705370"><ele>136.49</ele><time>2025-10-20T13:49:11.628Z</time></trkpt><trkpt lat="47.60862730" lon="19.14705370"><ele>136.49</ele><time>2025-10-20T13:49:11.828Z</time></trkpt><trkpt lat="47.60862730" lon="19.14705370"><ele>136.49</ele><time>2025-10-20T13:49:12.028Z</time></trkpt><trkpt lat="47.60862730" lon="19.14705380"><ele>136.49</ele><time>2025-10-20T13:49:12.228Z</time></trkpt><trkpt lat="47.60862740" lon="19.14705380"><ele>136.49</ele><time>2025-10-20T13:49:12.428Z</time></trkpt><trkpt lat="47.60862740" lon="19.14705380"><ele>136.49</ele><time>2025-10-20T13:49:12.628Z</time></trkpt><trkpt lat="47.60862740" lon="19.14705380"><ele>136.49</ele><time>2025-10-20T13:49:12.829Z</time></trkpt><trkpt lat="47.60862730" lon="19.14705380"><ele>136.50</ele><time>2025-10-20T13:49:13.029Z</time></trkpt><trkpt lat="47.60862730" lon="19.14705380"><ele>136.50</ele><time>2025-10-20T13:49:13.231Z</time></trkpt><trkpt lat="47.60862730" lon="19.14705380"><ele>136.50</ele><time>2025-10-20T13:49:13.433Z</time></trkpt><trkpt lat="47.60862720" lon="19.14705370"><ele>136.50</ele><time>2025-10-20T13:49:13.634Z</time></trkpt><trkpt lat="47.60862720" lon="19.14705370"><ele>136.50</ele><time>2025-10-20T13:49:13.835Z</time></trkpt><trkpt lat="47.60862710" lon="19.14705360"><ele>136.50</ele><time>2025-10-20T13:49:14.035Z</time></trkpt><trkpt lat="47.60862710" lon="19.14705360"><ele>136.50</ele><time>2025-10-20T13:49:14.236Z</time></trkpt><trkpt lat="47.60862710" lon="19.14705360"><ele>136.50</ele><time>2025-10-20T13:49:14.436Z</time></trkpt><trkpt lat="47.60862710" lon="19.14705360"><ele>136.50</ele><time>2025-10-20T13:49:14.637Z</time></trkpt><trkpt lat="47.60862710" lon="19.14705360"><ele>136.50</ele><time>2025-10-20T13:49:14.838Z</time></trkpt><trkpt lat="47.60862720" lon="19.14705350"><ele>136.51</ele><time>2025-10-20T13:49:15.038Z</time></trkpt><trkpt lat="47.60862720" lon="19.14705360"><ele>136.51</ele><time>2025-10-20T13:49:15.239Z</time></trkpt><trkpt lat="47.60862730" lon="19.14705360"><ele>136.51</ele><time>2025-10-20T13:49:15.441Z</time></trkpt><trkpt lat="47.60862730" lon="19.14705360"><ele>136.52</ele><time>2025-10-20T13:49:15.641Z</time></trkpt><trkpt lat="47.60862730" lon="19.14705360"><ele>136.52</ele><time>2025-10-20T13:49:15.842Z</time></trkpt><trkpt lat="47.60862730" lon="19.14705370"><ele>136.52</ele><time>2025-10-20T13:49:16.042Z</time></trkpt><trkpt lat="47.60862720" lon="19.14705370"><ele>136.52</ele><time>2025-10-20T13:49:16.242Z</time></trkpt><trkpt lat="47.60862720" lon="19.14705370"><ele>136.52</ele><time>2025-10-20T13:49:16.443Z</time></trkpt><trkpt lat="47.60862720" lon="19.14705370"><ele>136.52</ele><time>2025-10-20T13:49:16.643Z</time></trkpt><trkpt lat="47.60862720" lon="19.14705370"><ele>136.52</ele><time>2025-10-20T13:49:16.843Z</time></trkpt><trkpt lat="47.60862720" lon="19.14705370"><ele>136.52</ele><time>2025-10-20T13:49:17.044Z</time></trkpt><trkpt lat="47.60862720" lon="19.14705380"><ele>136.52</ele><time>2025-10-20T13:49:17.244Z</time></trkpt><trkpt lat="47.60862720" lon="19.14705380"><ele>136.52</ele><time>2025-10-20T13:49:17.446Z</time></trkpt><trkpt lat="47.60862720" lon="19.14705380"><ele>136.52</ele><time>2025-10-20T13:49:17.646Z</time></trkpt><trkpt lat="47.60862720" lon="19.14705380"><ele>136.51</ele><time>2025-10-20T13:49:17.846Z</time></trkpt><trkpt lat="47.60862720" lon="19.14705380"><ele>136.51</ele><time>2025-10-20T13:49:18.046Z</time></trkpt><trkpt lat="47.60862720" lon="19.14705390"><ele>136.51</ele><time>2025-10-20T13:49:18.246Z</time></trkpt><trkpt lat="47.60862710" lon="19.14705390"><ele>136.51</ele><time>2025-10-20T13:49:18.446Z</time></trkpt><trkpt lat="47.60862710" lon="19.14705400"><ele>136.51</ele><time>2025-10-20T13:49:18.645Z</time></trkpt><trkpt lat="47.60862700" lon="19.14705400"><ele>136.51</ele><time>2025-10-20T13:49:18.846Z</time></trkpt><trkpt lat="47.60862690" lon="19.14705400"><ele>136.51</ele><time>2025-10-20T13:49:19.046Z</time></trkpt><trkpt lat="47.60862690" lon="19.14705400"><ele>136.51</ele><time>2025-10-20T13:49:19.247Z</time></trkpt><trkpt lat="47.60862680" lon="19.14705400"><ele>136.51</ele><time>2025-10-20T13:49:19.448Z</time></trkpt><trkpt lat="47.60862670" lon="19.14705400"><ele>136.51</ele><time>2025-10-20T13:49:19.648Z</time></trkpt><trkpt lat="47.60862670" lon="19.14705400"><ele>136.50</ele><time>2025-10-20T13:49:19.849Z</time></trkpt><trkpt lat="47.60862670" lon="19.14705400"><ele>136.50</ele><time>2025-10-20T13:49:20.049Z</time></trkpt><trkpt lat="47.60862660" lon="19.14705400"><ele>136.50</ele><time>2025-10-20T13:49:20.249Z</time></trkpt><trkpt lat="47.60862660" lon="19.14705400"><ele>136.50</ele><time>2025-10-20T13:49:20.450Z</time></trkpt><trkpt lat="47.60862660" lon="19.14705390"><ele>136.50</ele><time>2025-10-20T13:49:20.651Z</time></trkpt><trkpt lat="47.60862660" lon="19.14705390"><ele>136.50</ele><time>2025-10-20T13:49:20.851Z</time></trkpt><trkpt lat="47.60862660" lon="19.14705390"><ele>136.50</ele><time>2025-10-20T13:49:21.051Z</time></trkpt><trkpt lat="47.60862660" lon="19.14705390"><ele>136.50</ele><time>2025-10-20T13:49:21.252Z</time></trkpt><trkpt lat="47.60862660" lon="19.14705400"><ele>136.50</ele><time>2025-10-20T13:49:21.451Z</time></trkpt><trkpt lat="47.60862660" lon="19.14705400"><ele>136.50</ele><time>2025-10-20T13:49:21.651Z</time></trkpt><trkpt lat="47.60862660" lon="19.14705400"><ele>136.50</ele><time>2025-10-20T13:49:21.852Z</time></trkpt><trkpt lat="47.60862660" lon="19.14705400"><ele>136.50</ele><time>2025-10-20T13:49:22.052Z</time></trkpt><trkpt lat="47.60862660" lon="19.14705400"><ele>136.50</ele><time>2025-10-20T13:49:22.253Z</time></trkpt><trkpt lat="47.60862660" lon="19.14705400"><ele>136.49</ele><time>2025-10-20T13:49:22.453Z</time></trkpt><trkpt lat="47.60862660" lon="19.14705400"><ele>136.50</ele><time>2025-10-20T13:49:22.654Z</time></trkpt><trkpt lat="47.60862660" lon="19.14705400"><ele>136.51</ele><time>2025-10-20T13:49:22.854Z</time></trkpt><trkpt lat="47.60862670" lon="19.14705400"><ele>136.51</ele><time>2025-10-20T13:49:23.054Z</time></trkpt><trkpt lat="47.60862670" lon="19.14705400"><ele>136.52</ele><time>2025-10-20T13:49:23.256Z</time></trkpt><trkpt lat="47.60862670" lon="19.14705400"><ele>136.52</ele><time>2025-10-20T13:49:23.456Z</time></trkpt><trkpt lat="47.60862680" lon="19.14705390"><ele>136.52</ele><time>2025-10-20T13:49:23.657Z</time></trkpt><trkpt lat="47.60862680" lon="19.14705390"><ele>136.52</ele><time>2025-10-20T13:49:23.858Z</time></trkpt><trkpt lat="47.60862690" lon="19.14705390"><ele>136.52</ele><time>2025-10-20T13:49:24.058Z</time></trkpt><trkpt lat="47.60862690" lon="19.14705390"><ele>136.52</ele><time>2025-10-20T13:49:24.258Z</time></trkpt><trkpt lat="47.60862700" lon="19.14705380"><ele>136.52</ele><time>2025-10-20T13:49:24.458Z</time></trkpt><trkpt lat="47.60862710" lon="19.14705380"><ele>136.52</ele><time>2025-10-20T13:49:24.658Z</time></trkpt><trkpt lat="47.60862710" lon="19.14705380"><ele>136.52</ele><time>2025-10-20T13:49:24.861Z</time></trkpt><trkpt lat="47.60862700" lon="19.14705370"><ele>136.52</ele><time>2025-10-20T13:49:25.061Z</time></trkpt><trkpt lat="47.60862700" lon="19.14705370"><ele>136.52</ele><time>2025-10-20T13:49:25.261Z</time></trkpt><trkpt lat="47.60862700" lon="19.14705370"><ele>136.51</ele><time>2025-10-20T13:49:25.463Z</time></trkpt><trkpt lat="47.60862710" lon="19.14705370"><ele>136.51</ele><time>2025-10-20T13:49:25.664Z</time></trkpt><trkpt lat="47.60862710" lon="19.14705370"><ele>136.51</ele><time>2025-10-20T13:49:25.865Z</time></trkpt><trkpt lat="47.60862710" lon="19.14705370"><ele>136.51</ele><time>2025-10-20T13:49:26.065Z</time></trkpt><trkpt lat="47.60862720" lon="19.14705370"><ele>136.51</ele><time>2025-10-20T13:49:26.266Z</time></trkpt><trkpt lat="47.60862720" lon="19.14705370"><ele>136.51</ele><time>2025-10-20T13:49:26.466Z</time></trkpt><trkpt lat="47.60862720" lon="19.14705380"><ele>136.51</ele><time>2025-10-20T13:49:26.666Z</time></trkpt><trkpt lat="47.60862720" lon="19.14705380"><ele>136.51</ele><time>2025-10-20T13:49:26.866Z</time></trkpt><trkpt lat="47.60862720" lon="19.14705380"><ele>136.51</ele><time>2025-10-20T13:49:27.066Z</time></trkpt><trkpt lat="47.60862720" lon="19.14705380"><ele>136.52</ele><time>2025-10-20T13:49:27.267Z</time></trkpt><trkpt lat="47.60862720" lon="19.14705390"><ele>136.52</ele><time>2025-10-20T13:49:27.467Z</time></trkpt><trkpt lat="47.60862720" lon="19.14705380"><ele>136.51</ele><time>2025-10-20T13:49:27.666Z</time></trkpt><trkpt lat="47.60862720" lon="19.14705390"><ele>136.52</ele><time>2025-10-20T13:49:27.867Z</time></trkpt><trkpt lat="47.60862720" lon="19.14705390"><ele>136.51</ele><time>2025-10-20T13:49:28.067Z</time></trkpt><trkpt lat="47.60862720" lon="19.14705380"><ele>136.51</ele><time>2025-10-20T13:49:28.268Z</time></trkpt><trkpt lat="47.60862730" lon="19.14705380"><ele>136.51</ele><time>2025-10-20T13:49:28.468Z</time></trkpt><trkpt lat="47.60862720" lon="19.14705380"><ele>136.51</ele><time>2025-10-20T13:49:28.668Z</time></trkpt><trkpt lat="47.60862720" lon="19.14705380"><ele>136.50</ele><time>2025-10-20T13:49:28.868Z</time></trkpt><trkpt lat="47.60862730" lon="19.14705370"><ele>136.50</ele><time>2025-10-20T13:49:29.068Z</time></trkpt><trkpt lat="47.60862730" lon="19.14705370"><ele>136.50</ele><time>2025-10-20T13:49:29.269Z</time></trkpt><trkpt lat="47.60862730" lon="19.14705370"><ele>136.50</ele><time>2025-10-20T13:49:29.469Z</time></trkpt><trkpt lat="47.60862730" lon="19.14705370"><ele>136.50</ele><time>2025-10-20T13:49:29.669Z</time></trkpt><trkpt lat="47.60862730" lon="19.14705380"><ele>136.50</ele><time>2025-10-20T13:49:29.870Z</time></trkpt><trkpt lat="47.60862730" lon="19.14705380"><ele>136.49</ele><time>2025-10-20T13:49:30.070Z</time></trkpt><trkpt lat="47.60862730" lon="19.14705380"><ele>136.49</ele><time>2025-10-20T13:49:30.270Z</time></trkpt><trkpt lat="47.60862720" lon="19.14705380"><ele>136.48</ele><time>2025-10-20T13:49:30.471Z</time></trkpt><trkpt lat="47.60862720" lon="19.14705370"><ele>136.48</ele><time>2025-10-20T13:49:30.673Z</time></trkpt><trkpt lat="47.60862720" lon="19.14705370"><ele>136.49</ele><time>2025-10-20T13:49:30.873Z</time></trkpt><trkpt lat="47.60862720" lon="19.14705370"><ele>136.48</ele><time>2025-10-20T13:49:31.074Z</time></trkpt><trkpt lat="47.60862720" lon="19.14705370"><ele>136.48</ele><time>2025-10-20T13:49:31.275Z</time></trkpt><trkpt lat="47.60862710" lon="19.14705370"><ele>136.48</ele><time>2025-10-20T13:49:31.475Z</time></trkpt><trkpt lat="47.60862710" lon="19.14705370"><ele>136.48</ele><time>2025-10-20T13:49:31.675Z</time></trkpt><trkpt lat="47.60862710" lon="19.14705370"><ele>136.48</ele><time>2025-10-20T13:49:31.876Z</time></trkpt><trkpt lat="47.60862720" lon="19.14705370"><ele>136.48</ele><time>2025-10-20T13:49:32.077Z</time></trkpt><trkpt lat="47.60862720" lon="19.14705370"><ele>136.48</ele><time>2025-10-20T13:49:32.277Z</time></trkpt><trkpt lat="47.60862720" lon="19.14705370"><ele>136.47</ele><time>2025-10-20T13:49:32.478Z</time></trkpt><trkpt lat="47.60862730" lon="19.14705370"><ele>136.48</ele><time>2025-10-20T13:49:32.681Z</time></trkpt><trkpt lat="47.60862730" lon="19.14705360"><ele>136.48</ele><time>2025-10-20T13:49:32.883Z</time></trkpt><trkpt lat="47.60862730" lon="19.14705360"><ele>136.48</ele><time>2025-10-20T13:49:33.084Z</time></trkpt><trkpt lat="47.60862740" lon="19.14705360"><ele>136.48</ele><time>2025-10-20T13:49:33.285Z</time></trkpt><trkpt lat="47.60862740" lon="19.14705350"><ele>136.48</ele><time>2025-10-20T13:49:33.486Z</time></trkpt><trkpt lat="47.60862740" lon="19.14705350"><ele>136.47</ele><time>2025-10-20T13:49:33.685Z</time></trkpt><trkpt lat="47.60862740" lon="19.14705350"><ele>136.47</ele><time>2025-10-20T13:49:33.886Z</time></trkpt><trkpt lat="47.60862740" lon="19.14705360"><ele>136.47</ele><time>2025-10-20T13:49:34.087Z</time></trkpt><trkpt lat="47.60862750" lon="19.14705360"><ele>136.46</ele><time>2025-10-20T13:49:34.287Z</time></trkpt><trkpt lat="47.60862750" lon="19.14705360"><ele>136.46</ele><time>2025-10-20T13:49:34.488Z</time></trkpt><trkpt lat="47.60862750" lon="19.14705360"><ele>136.46</ele><time>2025-10-20T13:49:34.689Z</time></trkpt><trkpt lat="47.60862750" lon="19.14705360"><ele>136.47</ele><time>2025-10-20T13:49:34.890Z</time></trkpt><trkpt lat="47.60862750" lon="19.14705370"><ele>136.47</ele><time>2025-10-20T13:49:35.090Z</time></trkpt><trkpt lat="47.60862740" lon="19.14705370"><ele>136.48</ele><time>2025-10-20T13:49:35.291Z</time></trkpt><trkpt lat="47.60862740" lon="19.14705370"><ele>136.48</ele><time>2025-10-20T13:49:35.494Z</time></trkpt><trkpt lat="47.60862730" lon="19.14705370"><ele>136.48</ele><time>2025-10-20T13:49:35.695Z</time></trkpt><trkpt lat="47.60862730" lon="19.14705370"><ele>136.48</ele><time>2025-10-20T13:49:35.896Z</time></trkpt><trkpt lat="47.60862730" lon="19.14705380"><ele>136.48</ele><time>2025-10-20T13:49:36.097Z</time></trkpt><trkpt lat="47.60862740" lon="19.14705380"><ele>136.47</ele><time>2025-10-20T13:49:36.297Z</time></trkpt><trkpt lat="47.60862730" lon="19.14705380"><ele>136.48</ele><time>2025-10-20T13:49:36.498Z</time></trkpt><trkpt lat="47.60862730" lon="19.14705380"><ele>136.48</ele><time>2025-10-20T13:49:36.700Z</time></trkpt><trkpt lat="47.60862730" lon="19.14705380"><ele>136.48</ele><time>2025-10-20T13:49:36.902Z</time></trkpt><trkpt lat="47.60862730" lon="19.14705380"><ele>136.48</ele><time>2025-10-20T13:49:37.103Z</time></trkpt><trkpt lat="47.60862730" lon="19.14705380"><ele>136.48</ele><time>2025-10-20T13:49:37.305Z</time></trkpt><trkpt lat="47.60862720" lon="19.14705390"><ele>136.48</ele><time>2025-10-20T13:49:37.506Z</time></trkpt><trkpt lat="47.60862720" lon="19.14705380"><ele>136.47</ele><time>2025-10-20T13:49:37.708Z</time></trkpt><trkpt lat="47.60862710" lon="19.14705380"><ele>136.47</ele><time>2025-10-20T13:49:37.908Z</time></trkpt><trkpt lat="47.60862710" lon="19.14705380"><ele>136.47</ele><time>2025-10-20T13:49:38.108Z</time></trkpt><trkpt lat="47.60862700" lon="19.14705370"><ele>136.47</ele><time>2025-10-20T13:49:38.311Z</time></trkpt><trkpt lat="47.60862700" lon="19.14705370"><ele>136.48</ele><time>2025-10-20T13:49:38.512Z</time></trkpt><trkpt lat="47.60862700" lon="19.14705370"><ele>136.48</ele><time>2025-10-20T13:49:38.713Z</time></trkpt><trkpt lat="47.60862690" lon="19.14705370"><ele>136.47</ele><time>2025-10-20T13:49:38.914Z</time></trkpt><trkpt lat="47.60862690" lon="19.14705380"><ele>136.47</ele><time>2025-10-20T13:49:39.115Z</time></trkpt><trkpt lat="47.60862690" lon="19.14705380"><ele>136.47</ele><time>2025-10-20T13:49:39.295Z</time></trkpt><trkpt lat="47.60862700" lon="19.14705370"><ele>136.47</ele><time>2025-10-20T13:49:39.515Z</time></trkpt><trkpt lat="47.60862700" lon="19.14705370"><ele>136.46</ele><time>2025-10-20T13:49:39.697Z</time></trkpt><trkpt lat="47.60862700" lon="19.14705370"><ele>136.46</ele><time>2025-10-20T13:49:39.898Z</time></trkpt><trkpt lat="47.60862700" lon="19.14705370"><ele>136.47</ele><time>2025-10-20T13:49:40.098Z</time></trkpt><trkpt lat="47.60862700" lon="19.14705370"><ele>136.47</ele><time>2025-10-20T13:49:40.300Z</time></trkpt><trkpt lat="47.60862700" lon="19.14705370"><ele>136.46</ele><time>2025-10-20T13:49:40.501Z</time></trkpt><trkpt lat="47.60862700" lon="19.14705360"><ele>136.46</ele><time>2025-10-20T13:49:40.702Z</time></trkpt><trkpt lat="47.60862700" lon="19.14705360"><ele>136.47</ele><time>2025-10-20T13:49:40.902Z</time></trkpt><trkpt lat="47.60862690" lon="19.14705360"><ele>136.47</ele><time>2025-10-20T13:49:41.103Z</time></trkpt><trkpt lat="47.60862690" lon="19.14705360"><ele>136.47</ele><time>2025-10-20T13:49:41.303Z</time></trkpt><trkpt lat="47.60862690" lon="19.14705360"><ele>136.48</ele><time>2025-10-20T13:49:41.523Z</time></trkpt><trkpt lat="47.60862700" lon="19.14705350"><ele>136.47</ele><time>2025-10-20T13:49:41.704Z</time></trkpt><trkpt lat="47.60862700" lon="19.14705350"><ele>136.48</ele><time>2025-10-20T13:49:41.907Z</time></trkpt><trkpt lat="47.60862700" lon="19.14705350"><ele>136.48</ele><time>2025-10-20T13:49:42.107Z</time></trkpt><trkpt lat="47.60862700" lon="19.14705350"><ele>136.47</ele><time>2025-10-20T13:49:42.310Z</time></trkpt><trkpt lat="47.60862700" lon="19.14705350"><ele>136.48</ele><time>2025-10-20T13:49:42.510Z</time></trkpt><trkpt lat="47.60862710" lon="19.14705360"><ele>136.48</ele><time>2025-10-20T13:49:42.713Z</time></trkpt><trkpt lat="47.60862710" lon="19.14705360"><ele>136.49</ele><time>2025-10-20T13:49:42.917Z</time></trkpt><trkpt lat="47.60862710" lon="19.14705370"><ele>136.50</ele><time>2025-10-20T13:49:43.117Z</time></trkpt><trkpt lat="47.60862710" lon="19.14705370"><ele>136.50</ele><time>2025-10-20T13:49:43.320Z</time></trkpt><trkpt lat="47.60862710" lon="19.14705380"><ele>136.51</ele><time>2025-10-20T13:49:43.520Z</time></trkpt><trkpt lat="47.60862720" lon="19.14705380"><ele>136.51</ele><time>2025-10-20T13:49:43.722Z</time></trkpt><trkpt lat="47.60862720" lon="19.14705390"><ele>136.51</ele><time>2025-10-20T13:49:43.923Z</time></trkpt><trkpt lat="47.60862720" lon="19.14705390"><ele>136.52</ele><time>2025-10-20T13:49:44.123Z</time></trkpt><trkpt lat="47.60862720" lon="19.14705400"><ele>136.52</ele><time>2025-10-20T13:49:44.310Z</time></trkpt><trkpt lat="47.60862720" lon="19.14705400"><ele>136.52</ele><time>2025-10-20T13:49:44.511Z</time></trkpt><trkpt lat="47.60862720" lon="19.14705390"><ele>136.52</ele><time>2025-10-20T13:49:44.711Z</time></trkpt><trkpt lat="47.60862720" lon="19.14705390"><ele>136.53</ele><time>2025-10-20T13:49:44.913Z</time></trkpt><trkpt lat="47.60862720" lon="19.14705390"><ele>136.53</ele><time>2025-10-20T13:49:45.114Z</time></trkpt><trkpt lat="47.60862730" lon="19.14705390"><ele>136.53</ele><time>2025-10-20T13:49:45.317Z</time></trkpt><trkpt lat="47.60862730" lon="19.14705390"><ele>136.54</ele><time>2025-10-20T13:49:45.517Z</time></trkpt><trkpt lat="47.60862730" lon="19.14705390"><ele>136.54</ele><time>2025-10-20T13:49:45.717Z</time></trkpt><trkpt lat="47.60862740" lon="19.14705390"><ele>136.55</ele><time>2025-10-20T13:49:45.918Z</time></trkpt><trkpt lat="47.60862740" lon="19.14705390"><ele>136.55</ele><time>2025-10-20T13:49:46.119Z</time></trkpt><trkpt lat="47.60862740" lon="19.14705390"><ele>136.55</ele><time>2025-10-20T13:49:46.320Z</time></trkpt><trkpt lat="47.60862750" lon="19.14705380"><ele>136.56</ele><time>2025-10-20T13:49:46.520Z</time></trkpt><trkpt lat="47.60862750" lon="19.14705380"><ele>136.56</ele><time>2025-10-20T13:49:46.719Z</time></trkpt><trkpt lat="47.60862750" lon="19.14705380"><ele>136.57</ele><time>2025-10-20T13:49:46.920Z</time></trkpt><trkpt lat="47.60862750" lon="19.14705380"><ele>136.57</ele><time>2025-10-20T13:49:47.120Z</time></trkpt><trkpt lat="47.60862750" lon="19.14705380"><ele>136.57</ele><time>2025-10-20T13:49:47.321Z</time></trkpt><trkpt lat="47.60862740" lon="19.14705390"><ele>136.57</ele><time>2025-10-20T13:49:47.520Z</time></trkpt><trkpt lat="47.60862740" lon="19.14705390"><ele>136.57</ele><time>2025-10-20T13:49:47.720Z</time></trkpt><trkpt lat="47.60862740" lon="19.14705390"><ele>136.57</ele><time>2025-10-20T13:49:47.922Z</time></trkpt><trkpt lat="47.60862740" lon="19.14705390"><ele>136.57</ele><time>2025-10-20T13:49:48.122Z</time></trkpt><trkpt lat="47.60862740" lon="19.14705390"><ele>136.57</ele><time>2025-10-20T13:49:48.324Z</time></trkpt><trkpt lat="47.60862750" lon="19.14705390"><ele>136.57</ele><time>2025-10-20T13:49:48.524Z</time></trkpt><trkpt lat="47.60862750" lon="19.14705380"><ele>136.57</ele><time>2025-10-20T13:49:48.726Z</time></trkpt><trkpt lat="47.60862750" lon="19.14705380"><ele>136.56</ele><time>2025-10-20T13:49:48.927Z</time></trkpt><trkpt lat="47.60862750" lon="19.14705380"><ele>136.56</ele><time>2025-10-20T13:49:49.146Z</time></trkpt><trkpt lat="47.60862740" lon="19.14705380"><ele>136.56</ele><time>2025-10-20T13:49:49.327Z</time></trkpt><trkpt lat="47.60862740" lon="19.14705390"><ele>136.56</ele><time>2025-10-20T13:49:49.527Z</time></trkpt><trkpt lat="47.60862750" lon="19.14705390"><ele>136.56</ele><time>2025-10-20T13:49:49.727Z</time></trkpt><trkpt lat="47.60862750" lon="19.14705390"><ele>136.55</ele><time>2025-10-20T13:49:49.928Z</time></trkpt><trkpt lat="47.60862750" lon="19.14705380"><ele>136.55</ele><time>2025-10-20T13:49:50.129Z</time></trkpt><trkpt lat="47.60862750" lon="19.14705380"><ele>136.54</ele><time>2025-10-20T13:49:50.330Z</time></trkpt><trkpt lat="47.60862750" lon="19.14705380"><ele>136.54</ele><time>2025-10-20T13:49:50.530Z</time></trkpt><trkpt lat="47.60862750" lon="19.14705380"><ele>136.53</ele><time>2025-10-20T13:49:50.730Z</time></trkpt><trkpt lat="47.60862750" lon="19.14705380"><ele>136.53</ele><time>2025-10-20T13:49:50.930Z</time></trkpt><trkpt lat="47.60862750" lon="19.14705380"><ele>136.53</ele><time>2025-10-20T13:49:51.131Z</time></trkpt><trkpt lat="47.60862750" lon="19.14705380"><ele>136.53</ele><time>2025-10-20T13:49:51.334Z</time></trkpt><trkpt lat="47.60862750" lon="19.14705380"><ele>136.52</ele><time>2025-10-20T13:49:51.513Z</time></trkpt><trkpt lat="47.60862750" lon="19.14705380"><ele>136.52</ele><time>2025-10-20T13:49:51.736Z</time></trkpt><trkpt lat="47.60862750" lon="19.14705380"><ele>136.52</ele><time>2025-10-20T13:49:51.936Z</time></trkpt><trkpt lat="47.60862750" lon="19.14705370"><ele>136.52</ele><time>2025-10-20T13:49:52.137Z</time></trkpt><trkpt lat="47.60862750" lon="19.14705370"><ele>136.52</ele><time>2025-10-20T13:49:52.317Z</time></trkpt><trkpt lat="47.60862740" lon="19.14705370"><ele>136.52</ele><time>2025-10-20T13:49:52.517Z</time></trkpt><trkpt lat="47.60862750" lon="19.14705370"><ele>136.52</ele><time>2025-10-20T13:49:52.717Z</time></trkpt><trkpt lat="47.60862740" lon="19.14705370"><ele>136.52</ele><time>2025-10-20T13:49:52.918Z</time></trkpt><trkpt lat="47.60862740" lon="19.14705370"><ele>136.52</ele><time>2025-10-20T13:49:53.118Z</time></trkpt><trkpt lat="47.60862740" lon="19.14705370"><ele>136.52</ele><time>2025-10-20T13:49:53.323Z</time></trkpt><trkpt lat="47.60862740" lon="19.14705370"><ele>136.52</ele><time>2025-10-20T13:49:53.523Z</time></trkpt><trkpt lat="47.60862740" lon="19.14705370"><ele>136.52</ele><time>2025-10-20T13:49:53.724Z</time></trkpt><trkpt lat="47.60862740" lon="19.14705360"><ele>136.52</ele><time>2025-10-20T13:49:53.926Z</time></trkpt><trkpt lat="47.60862740" lon="19.14705360"><ele>136.52</ele><time>2025-10-20T13:49:54.127Z</time></trkpt><trkpt lat="47.60862740" lon="19.14705360"><ele>136.52</ele><time>2025-10-20T13:49:54.329Z</time></trkpt><trkpt lat="47.60862750" lon="19.14705370"><ele>136.52</ele><time>2025-10-20T13:49:54.529Z</time></trkpt><trkpt lat="47.60862750" lon="19.14705370"><ele>136.53</ele><time>2025-10-20T13:49:54.728Z</time></trkpt><trkpt lat="47.60862740" lon="19.14705370"><ele>136.53</ele><time>2025-10-20T13:49:54.929Z</time></trkpt><trkpt lat="47.60862740" lon="19.14705360"><ele>136.53</ele><time>2025-10-20T13:49:55.129Z</time></trkpt><trkpt lat="47.60862740" lon="19.14705360"><ele>136.53</ele><time>2025-10-20T13:49:55.333Z</time></trkpt><trkpt lat="47.60862740" lon="19.14705360"><ele>136.53</ele><time>2025-10-20T13:49:55.532Z</time></trkpt><trkpt lat="47.60862750" lon="19.14705360"><ele>136.53</ele><time>2025-10-20T13:49:55.734Z</time></trkpt><trkpt lat="47.60862750" lon="19.14705350"><ele>136.53</ele><time>2025-10-20T13:49:55.935Z</time></trkpt><trkpt lat="47.60862750" lon="19.14705360"><ele>136.54</ele><time>2025-10-20T13:49:56.136Z</time></trkpt><trkpt lat="47.60862750" lon="19.14705360"><ele>136.54</ele><time>2025-10-20T13:49:56.337Z</time></trkpt><trkpt lat="47.60862750" lon="19.14705360"><ele>136.55</ele><time>2025-10-20T13:49:56.538Z</time></trkpt><trkpt lat="47.60862750" lon="19.14705370"><ele>136.55</ele><time>2025-10-20T13:49:56.738Z</time></trkpt><trkpt lat="47.60862750" lon="19.14705370"><ele>136.56</ele><time>2025-10-20T13:49:56.940Z</time></trkpt><trkpt lat="47.60862760" lon="19.14705370"><ele>136.56</ele><time>2025-10-20T13:49:57.141Z</time></trkpt><trkpt lat="47.60862760" lon="19.14705370"><ele>136.57</ele><time>2025-10-20T13:49:57.344Z</time></trkpt><trkpt lat="47.60862750" lon="19.14705370"><ele>136.57</ele><time>2025-10-20T13:49:57.545Z</time></trkpt><trkpt lat="47.60862750" lon="19.14705370"><ele>136.57</ele><time>2025-10-20T13:49:57.745Z</time></trkpt><trkpt lat="47.60862750" lon="19.14705360"><ele>136.57</ele><time>2025-10-20T13:49:57.950Z</time></trkpt><trkpt lat="47.60862750" lon="19.14705370"><ele>136.56</ele><time>2025-10-20T13:49:58.153Z</time></trkpt><trkpt lat="47.60862750" lon="19.14705370"><ele>136.56</ele><time>2025-10-20T13:49:58.354Z</time></trkpt><trkpt lat="47.60862740" lon="19.14705370"><ele>136.55</ele><time>2025-10-20T13:49:58.555Z</time></trkpt><trkpt lat="47.60862740" lon="19.14705370"><ele>136.55</ele><time>2025-10-20T13:49:58.737Z</time></trkpt><trkpt lat="47.60862740" lon="19.14705370"><ele>136.55</ele><time>2025-10-20T13:49:58.939Z</time></trkpt><trkpt lat="47.60862740" lon="19.14705370"><ele>136.55</ele><time>2025-10-20T13:49:59.140Z</time></trkpt><trkpt lat="47.60862730" lon="19.14705370"><ele>136.54</ele><time>2025-10-20T13:49:59.343Z</time></trkpt><trkpt lat="47.60862730" lon="19.14705370"><ele>136.54</ele><time>2025-10-20T13:49:59.545Z</time></trkpt><trkpt lat="47.60862730" lon="19.14705370"><ele>136.53</ele><time>2025-10-20T13:49:59.746Z</time></trkpt><trkpt lat="47.60862730" lon="19.14705370"><ele>136.53</ele><time>2025-10-20T13:49:59.947Z</time></trkpt><trkpt lat="47.60862730" lon="19.14705370"><ele>136.53</ele><time>2025-10-20T13:50:00.147Z</time></trkpt><trkpt lat="47.60862730" lon="19.14705370"><ele>136.52</ele><time>2025-10-20T13:50:00.348Z</time></trkpt><trkpt lat="47.60862730" lon="19.14705370"><ele>136.53</ele><time>2025-10-20T13:50:00.548Z</time></trkpt><trkpt lat="47.60862730" lon="19.14705370"><ele>136.52</ele><time>2025-10-20T13:50:00.749Z</time></trkpt><trkpt lat="47.60862730" lon="19.14705370"><ele>136.52</ele><time>2025-10-20T13:50:00.949Z</time></trkpt><trkpt lat="47.60862730" lon="19.14705380"><ele>136.52</ele><time>2025-10-20T13:50:01.150Z</time></trkpt><trkpt lat="47.60862730" lon="19.14705380"><ele>136.53</ele><time>2025-10-20T13:50:01.357Z</time></trkpt><trkpt lat="47.60862730" lon="19.14705380"><ele>136.53</ele><time>2025-10-20T13:50:01.556Z</time></trkpt><trkpt lat="47.60862730" lon="19.14705380"><ele>136.52</ele><time>2025-10-20T13:50:01.757Z</time></trkpt><trkpt lat="47.60862730" lon="19.14705380"><ele>136.52</ele><time>2025-10-20T13:50:01.958Z</time></trkpt><trkpt lat="47.60862730" lon="19.14705380"><ele>136.52</ele><time>2025-10-20T13:50:02.159Z</time></trkpt><trkpt lat="47.60862730" lon="19.14705380"><ele>136.52</ele><time>2025-10-20T13:50:02.361Z</time></trkpt><trkpt lat="47.60862740" lon="19.14705370"><ele>136.52</ele><time>2025-10-20T13:50:02.562Z</time></trkpt><trkpt lat="47.60862740" lon="19.14705370"><ele>136.52</ele><time>2025-10-20T13:50:02.764Z</time></trkpt><trkpt lat="47.60862740" lon="19.14705370"><ele>136.52</ele><time>2025-10-20T13:50:02.967Z</time></trkpt><trkpt lat="47.60862750" lon="19.14705370"><ele>136.52</ele><time>2025-10-20T13:50:03.150Z</time></trkpt><trkpt lat="47.60862740" lon="19.14705370"><ele>136.52</ele><time>2025-10-20T13:50:03.352Z</time></trkpt><trkpt lat="47.60862740" lon="19.14705370"><ele>136.52</ele><time>2025-10-20T13:50:03.552Z</time></trkpt><trkpt lat="47.60862750" lon="19.14705370"><ele>136.52</ele><time>2025-10-20T13:50:03.752Z</time></trkpt><trkpt lat="47.60862750" lon="19.14705360"><ele>136.52</ele><time>2025-10-20T13:50:03.953Z</time></trkpt><trkpt lat="47.60862750" lon="19.14705360"><ele>136.52</ele><time>2025-10-20T13:50:04.154Z</time></trkpt><trkpt lat="47.60862750" lon="19.14705360"><ele>136.52</ele><time>2025-10-20T13:50:04.356Z</time></trkpt><trkpt lat="47.60862750" lon="19.14705370"><ele>136.53</ele><time>2025-10-20T13:50:04.556Z</time></trkpt><trkpt lat="47.60862750" lon="19.14705370"><ele>136.53</ele><time>2025-10-20T13:50:04.776Z</time></trkpt><trkpt lat="47.60862760" lon="19.14705370"><ele>136.53</ele><time>2025-10-20T13:50:04.956Z</time></trkpt><trkpt lat="47.60862760" lon="19.14705370"><ele>136.53</ele><time>2025-10-20T13:50:05.156Z</time></trkpt><trkpt lat="47.60862760" lon="19.14705380"><ele>136.53</ele><time>2025-10-20T13:50:05.359Z</time></trkpt><trkpt lat="47.60862760" lon="19.14705380"><ele>136.53</ele><time>2025-10-20T13:50:05.560Z</time></trkpt><trkpt lat="47.60862760" lon="19.14705390"><ele>136.53</ele><time>2025-10-20T13:50:05.760Z</time></trkpt><trkpt lat="47.60862750" lon="19.14705390"><ele>136.53</ele><time>2025-10-20T13:50:05.960Z</time></trkpt><trkpt lat="47.60862750" lon="19.14705390"><ele>136.54</ele><time>2025-10-20T13:50:06.160Z</time></trkpt><trkpt lat="47.60862750" lon="19.14705380"><ele>136.53</ele><time>2025-10-20T13:50:06.361Z</time></trkpt><trkpt lat="47.60862750" lon="19.14705380"><ele>136.53</ele><time>2025-10-20T13:50:06.562Z</time></trkpt><trkpt lat="47.60862750" lon="19.14705370"><ele>136.53</ele><time>2025-10-20T13:50:06.763Z</time></trkpt><trkpt lat="47.60862750" lon="19.14705370"><ele>136.53</ele><time>2025-10-20T13:50:06.966Z</time></trkpt><trkpt lat="47.60862750" lon="19.14705370"><ele>136.53</ele><time>2025-10-20T13:50:07.166Z</time></trkpt><trkpt lat="47.60862750" lon="19.14705370"><ele>136.54</ele><time>2025-10-20T13:50:07.367Z</time></trkpt><trkpt lat="47.60862760" lon="19.14705370"><ele>136.54</ele><time>2025-10-20T13:50:07.566Z</time></trkpt><trkpt lat="47.60862760" lon="19.14705370"><ele>136.54</ele><time>2025-10-20T13:50:07.767Z</time></trkpt><trkpt lat="47.60862760" lon="19.14705370"><ele>136.54</ele><time>2025-10-20T13:50:07.968Z</time></trkpt><trkpt lat="47.60862760" lon="19.14705370"><ele>136.55</ele><time>2025-10-20T13:50:08.169Z</time></trkpt><trkpt lat="47.60862760" lon="19.14705370"><ele>136.55</ele><time>2025-10-20T13:50:08.372Z</time></trkpt><trkpt lat="47.60862760" lon="19.14705370"><ele>136.56</ele><time>2025-10-20T13:50:08.572Z</time></trkpt><trkpt lat="47.60862760" lon="19.14705370"><ele>136.56</ele><time>2025-10-20T13:50:08.772Z</time></trkpt><trkpt lat="47.60862760" lon="19.14705370"><ele>136.56</ele><time>2025-10-20T13:50:08.973Z</time></trkpt><trkpt lat="47.60862760" lon="19.14705370"><ele>136.57</ele><time>2025-10-20T13:50:09.174Z</time></trkpt><trkpt lat="47.60862760" lon="19.14705380"><ele>136.58</ele><time>2025-10-20T13:50:09.374Z</time></trkpt><trkpt lat="47.60862750" lon="19.14705380"><ele>136.58</ele><time>2025-10-20T13:50:09.575Z</time></trkpt><trkpt lat="47.60862750" lon="19.14705380"><ele>136.58</ele><time>2025-10-20T13:50:09.775Z</time></trkpt><trkpt lat="47.60862750" lon="19.14705390"><ele>136.59</ele><time>2025-10-20T13:50:09.977Z</time></trkpt><trkpt lat="47.60862750" lon="19.14705390"><ele>136.59</ele><time>2025-10-20T13:50:10.177Z</time></trkpt><trkpt lat="47.60862750" lon="19.14705390"><ele>136.60</ele><time>2025-10-20T13:50:10.378Z</time></trkpt><trkpt lat="47.60862750" lon="19.14705390"><ele>136.60</ele><time>2025-10-20T13:50:10.578Z</time></trkpt><trkpt lat="47.60862750" lon="19.14705390"><ele>136.60</ele><time>2025-10-20T13:50:10.778Z</time></trkpt><trkpt lat="47.60862740" lon="19.14705400"><ele>136.60</ele><time>2025-10-20T13:50:10.979Z</time></trkpt><trkpt lat="47.60862740" lon="19.14705400"><ele>136.61</ele><time>2025-10-20T13:50:11.179Z</time></trkpt><trkpt lat="47.60862740" lon="19.14705400"><ele>136.61</ele><time>2025-10-20T13:50:11.379Z</time></trkpt><trkpt lat="47.60862740" lon="19.14705400"><ele>136.61</ele><time>2025-10-20T13:50:11.579Z</time></trkpt><trkpt lat="47.60862750" lon="19.14705400"><ele>136.61</ele><time>2025-10-20T13:50:11.779Z</time></trkpt><trkpt lat="47.60862750" lon="19.14705400"><ele>136.62</ele><time>2025-10-20T13:50:11.980Z</time></trkpt><trkpt lat="47.60862750" lon="19.14705400"><ele>136.62</ele><time>2025-10-20T13:50:12.180Z</time></trkpt><trkpt lat="47.60862750" lon="19.14705410"><ele>136.62</ele><time>2025-10-20T13:50:12.381Z</time></trkpt><trkpt lat="47.60862750" lon="19.14705410"><ele>136.62</ele><time>2025-10-20T13:50:12.581Z</time></trkpt><trkpt lat="47.60862750" lon="19.14705420"><ele>136.62</ele><time>2025-10-20T13:50:12.781Z</time></trkpt><trkpt lat="47.60862750" lon="19.14705420"><ele>136.62</ele><time>2025-10-20T13:50:12.983Z</time></trkpt><trkpt lat="47.60862750" lon="19.14705420"><ele>136.62</ele><time>2025-10-20T13:50:13.182Z</time></trkpt><trkpt lat="47.60862750" lon="19.14705420"><ele>136.61</ele><time>2025-10-20T13:50:13.386Z</time></trkpt><trkpt lat="47.60862750" lon="19.14705420"><ele>136.61</ele><time>2025-10-20T13:50:13.587Z</time></trkpt><trkpt lat="47.60862750" lon="19.14705420"><ele>136.61</ele><time>2025-10-20T13:50:13.787Z</time></trkpt><trkpt lat="47.60862750" lon="19.14705420"><ele>136.61</ele><time>2025-10-20T13:50:13.987Z</time></trkpt><trkpt lat="47.60862750" lon="19.14705410"><ele>136.61</ele><time>2025-10-20T13:50:14.188Z</time></trkpt><trkpt lat="47.60862750" lon="19.14705410"><ele>136.61</ele><time>2025-10-20T13:50:14.391Z</time></trkpt><trkpt lat="47.60862750" lon="19.14705410"><ele>136.61</ele><time>2025-10-20T13:50:14.592Z</time></trkpt><trkpt lat="47.60862750" lon="19.14705410"><ele>136.61</ele><time>2025-10-20T13:50:14.793Z</time></trkpt><trkpt lat="47.60862740" lon="19.14705400"><ele>136.61</ele><time>2025-10-20T13:50:14.995Z</time></trkpt><trkpt lat="47.60862740" lon="19.14705400"><ele>136.62</ele><time>2025-10-20T13:50:15.195Z</time></trkpt><trkpt lat="47.60862740" lon="19.14705400"><ele>136.61</ele><time>2025-10-20T13:50:15.396Z</time></trkpt><trkpt lat="47.60862750" lon="19.14705390"><ele>136.62</ele><time>2025-10-20T13:50:15.595Z</time></trkpt><trkpt lat="47.60862750" lon="19.14705390"><ele>136.61</ele><time>2025-10-20T13:50:15.795Z</time></trkpt><trkpt lat="47.60862750" lon="19.14705390"><ele>136.62</ele><time>2025-10-20T13:50:15.997Z</time></trkpt><trkpt lat="47.60862750" lon="19.14705390"><ele>136.62</ele><time>2025-10-20T13:50:16.198Z</time></trkpt><trkpt lat="47.60862750" lon="19.14705390"><ele>136.62</ele><time>2025-10-20T13:50:16.399Z</time></trkpt><trkpt lat="47.60862750" lon="19.14705390"><ele>136.62</ele><time>2025-10-20T13:50:16.599Z</time></trkpt><trkpt lat="47.60862740" lon="19.14705390"><ele>136.62</ele><time>2025-10-20T13:50:16.799Z</time></trkpt><trkpt lat="47.60862740" lon="19.14705390"><ele>136.63</ele><time>2025-10-20T13:50:17.001Z</time></trkpt><trkpt lat="47.60862740" lon="19.14705390"><ele>136.63</ele><time>2025-10-20T13:50:17.202Z</time></trkpt><trkpt lat="47.60862740" lon="19.14705390"><ele>136.63</ele><time>2025-10-20T13:50:17.403Z</time></trkpt><trkpt lat="47.60862740" lon="19.14705380"><ele>136.62</ele><time>2025-10-20T13:50:17.603Z</time></trkpt><trkpt lat="47.60862740" lon="19.14705380"><ele>136.62</ele><time>2025-10-20T13:50:17.803Z</time></trkpt><trkpt lat="47.60862730" lon="19.14705380"><ele>136.61</ele><time>2025-10-20T13:50:18.005Z</time></trkpt><trkpt lat="47.60862730" lon="19.14705380"><ele>136.61</ele><time>2025-10-20T13:50:18.205Z</time></trkpt><trkpt lat="47.60862730" lon="19.14705370"><ele>136.61</ele><time>2025-10-20T13:50:18.406Z</time></trkpt><trkpt lat="47.60862730" lon="19.14705370"><ele>136.61</ele><time>2025-10-20T13:50:18.606Z</time></trkpt><trkpt lat="47.60862730" lon="19.14705370"><ele>136.61</ele><time>2025-10-20T13:50:18.806Z</time></trkpt><trkpt lat="47.60862730" lon="19.14705370"><ele>136.61</ele><time>2025-10-20T13:50:19.008Z</time></trkpt><trkpt lat="47.60862720" lon="19.14705380"><ele>136.61</ele><time>2025-10-20T13:50:19.209Z</time></trkpt><trkpt lat="47.60862720" lon="19.14705380"><ele>136.61</ele><time>2025-10-20T13:50:19.410Z</time></trkpt><trkpt lat="47.60862720" lon="19.14705380"><ele>136.61</ele><time>2025-10-20T13:50:19.610Z</time></trkpt><trkpt lat="47.60862720" lon="19.14705380"><ele>136.61</ele><time>2025-10-20T13:50:19.810Z</time></trkpt><trkpt lat="47.60862720" lon="19.14705380"><ele>136.60</ele><time>2025-10-20T13:50:20.011Z</time></trkpt><trkpt lat="47.60862720" lon="19.14705380"><ele>136.60</ele><time>2025-10-20T13:50:20.215Z</time></trkpt><trkpt lat="47.60862720" lon="19.14705380"><ele>136.59</ele><time>2025-10-20T13:50:20.416Z</time></trkpt><trkpt lat="47.60862720" lon="19.14705380"><ele>136.59</ele><time>2025-10-20T13:50:20.617Z</time></trkpt><trkpt lat="47.60862720" lon="19.14705380"><ele>136.58</ele><time>2025-10-20T13:50:20.818Z</time></trkpt><trkpt lat="47.60862720" lon="19.14705380"><ele>136.58</ele><time>2025-10-20T13:50:21.023Z</time></trkpt><trkpt lat="47.60862720" lon="19.14705380"><ele>136.59</ele><time>2025-10-20T13:50:21.228Z</time></trkpt><trkpt lat="47.60862720" lon="19.14705380"><ele>136.59</ele><time>2025-10-20T13:50:21.428Z</time></trkpt><trkpt lat="47.60862720" lon="19.14705380"><ele>136.59</ele><time>2025-10-20T13:50:21.628Z</time></trkpt><trkpt lat="47.60862720" lon="19.14705380"><ele>136.59</ele><time>2025-10-20T13:50:21.828Z</time></trkpt><trkpt lat="47.60862720" lon="19.14705390"><ele>136.59</ele><time>2025-10-20T13:50:22.029Z</time></trkpt><trkpt lat="47.60862720" lon="19.14705390"><ele>136.59</ele><time>2025-10-20T13:50:22.229Z</time></trkpt><trkpt lat="47.60862720" lon="19.14705390"><ele>136.59</ele><time>2025-10-20T13:50:22.430Z</time></trkpt><trkpt lat="47.60862720" lon="19.14705390"><ele>136.59</ele><time>2025-10-20T13:50:22.630Z</time></trkpt><trkpt lat="47.60862720" lon="19.14705390"><ele>136.59</ele><time>2025-10-20T13:50:22.830Z</time></trkpt><trkpt lat="47.60862730" lon="19.14705390"><ele>136.60</ele><time>2025-10-20T13:50:23.031Z</time></trkpt><trkpt lat="47.60862730" lon="19.14705390"><ele>136.60</ele><time>2025-10-20T13:50:23.231Z</time></trkpt><trkpt lat="47.60862740" lon="19.14705400"><ele>136.60</ele><time>2025-10-20T13:50:23.431Z</time></trkpt><trkpt lat="47.60862740" lon="19.14705400"><ele>136.60</ele><time>2025-10-20T13:50:23.632Z</time></trkpt><trkpt lat="47.60862740" lon="19.14705400"><ele>136.59</ele><time>2025-10-20T13:50:23.832Z</time></trkpt><trkpt lat="47.60862740" lon="19.14705400"><ele>136.59</ele><time>2025-10-20T13:50:24.032Z</time></trkpt><trkpt lat="47.60862740" lon="19.14705410"><ele>136.60</ele><time>2025-10-20T13:50:24.214Z</time></trkpt><trkpt lat="47.60862740" lon="19.14705410"><ele>136.60</ele><time>2025-10-20T13:50:24.436Z</time></trkpt><trkpt lat="47.60862740" lon="19.14705410"><ele>136.60</ele><time>2025-10-20T13:50:24.637Z</time></trkpt><trkpt lat="47.60862740" lon="19.14705410"><ele>136.60</ele><time>2025-10-20T13:50:24.837Z</time></trkpt><trkpt lat="47.60862740" lon="19.14705410"><ele>136.60</ele><time>2025-10-20T13:50:25.038Z</time></trkpt><trkpt lat="47.60862740" lon="19.14705410"><ele>136.60</ele><time>2025-10-20T13:50:25.238Z</time></trkpt><trkpt lat="47.60862740" lon="19.14705400"><ele>136.60</ele><time>2025-10-20T13:50:25.439Z</time></trkpt><trkpt lat="47.60862740" lon="19.14705400"><ele>136.60</ele><time>2025-10-20T13:50:25.639Z</time></trkpt><trkpt lat="47.60862740" lon="19.14705400"><ele>136.60</ele><time>2025-10-20T13:50:25.839Z</time></trkpt><trkpt lat="47.60862750" lon="19.14705390"><ele>136.60</ele><time>2025-10-20T13:50:26.040Z</time></trkpt><trkpt lat="47.60862750" lon="19.14705390"><ele>136.60</ele><time>2025-10-20T13:50:26.241Z</time></trkpt><trkpt lat="47.60862750" lon="19.14705390"><ele>136.60</ele><time>2025-10-20T13:50:26.442Z</time></trkpt><trkpt lat="47.60862760" lon="19.14705390"><ele>136.61</ele><time>2025-10-20T13:50:26.644Z</time></trkpt><trkpt lat="47.60862760" lon="19.14705390"><ele>136.61</ele><time>2025-10-20T13:50:26.845Z</time></trkpt><trkpt lat="47.60862760" lon="19.14705390"><ele>136.61</ele><time>2025-10-20T13:50:27.046Z</time></trkpt><trkpt lat="47.60862760" lon="19.14705400"><ele>136.61</ele><time>2025-10-20T13:50:27.247Z</time></trkpt><trkpt lat="47.60862770" lon="19.14705400"><ele>136.61</ele><time>2025-10-20T13:50:27.447Z</time></trkpt><trkpt lat="47.60862770" lon="19.14705400"><ele>136.61</ele><time>2025-10-20T13:50:27.647Z</time></trkpt><trkpt lat="47.60862770" lon="19.14705390"><ele>136.60</ele><time>2025-10-20T13:50:27.848Z</time></trkpt><trkpt lat="47.60862770" lon="19.14705390"><ele>136.60</ele><time>2025-10-20T13:50:28.049Z</time></trkpt><trkpt lat="47.60862770" lon="19.14705390"><ele>136.60</ele><time>2025-10-20T13:50:28.249Z</time></trkpt><trkpt lat="47.60862770" lon="19.14705380"><ele>136.60</ele><time>2025-10-20T13:50:28.449Z</time></trkpt><trkpt lat="47.60862770" lon="19.14705370"><ele>136.59</ele><time>2025-10-20T13:50:28.649Z</time></trkpt><trkpt lat="47.60862770" lon="19.14705370"><ele>136.59</ele><time>2025-10-20T13:50:28.851Z</time></trkpt><trkpt lat="47.60862770" lon="19.14705370"><ele>136.59</ele><time>2025-10-20T13:50:29.051Z</time></trkpt><trkpt lat="47.60862770" lon="19.14705370"><ele>136.59</ele><time>2025-10-20T13:50:29.252Z</time></trkpt><trkpt lat="47.60862770" lon="19.14705370"><ele>136.59</ele><time>2025-10-20T13:50:29.452Z</time></trkpt><trkpt lat="47.60862770" lon="19.14705370"><ele>136.59</ele><time>2025-10-20T13:50:29.653Z</time></trkpt><trkpt lat="47.60862770" lon="19.14705370"><ele>136.59</ele><time>2025-10-20T13:50:29.853Z</time></trkpt><trkpt lat="47.60862770" lon="19.14705360"><ele>136.59</ele><time>2025-10-20T13:50:30.052Z</time></trkpt><trkpt lat="47.60862770" lon="19.14705360"><ele>136.59</ele><time>2025-10-20T13:50:30.273Z</time></trkpt><trkpt lat="47.60862770" lon="19.14705360"><ele>136.59</ele><time>2025-10-20T13:50:30.453Z</time></trkpt><trkpt lat="47.60862770" lon="19.14705360"><ele>136.58</ele><time>2025-10-20T13:50:30.653Z</time></trkpt><trkpt lat="47.60862770" lon="19.14705360"><ele>136.58</ele><time>2025-10-20T13:50:30.854Z</time></trkpt><trkpt lat="47.60862770" lon="19.14705360"><ele>136.58</ele><time>2025-10-20T13:50:31.054Z</time></trkpt><trkpt lat="47.60862780" lon="19.14705360"><ele>136.58</ele><time>2025-10-20T13:50:31.255Z</time></trkpt><trkpt lat="47.60862780" lon="19.14705360"><ele>136.58</ele><time>2025-10-20T13:50:31.456Z</time></trkpt><trkpt lat="47.60862780" lon="19.14705360"><ele>136.57</ele><time>2025-10-20T13:50:31.656Z</time></trkpt><trkpt lat="47.60862780" lon="19.14705370"><ele>136.57</ele><time>2025-10-20T13:50:31.856Z</time></trkpt><trkpt lat="47.60862780" lon="19.14705370"><ele>136.57</ele><time>2025-10-20T13:50:32.057Z</time></trkpt><trkpt lat="47.60862780" lon="19.14705370"><ele>136.57</ele><time>2025-10-20T13:50:32.257Z</time></trkpt><trkpt lat="47.60862780" lon="19.14705370"><ele>136.56</ele><time>2025-10-20T13:50:32.458Z</time></trkpt><trkpt lat="47.60862780" lon="19.14705370"><ele>136.56</ele><time>2025-10-20T13:50:32.659Z</time></trkpt><trkpt lat="47.60862770" lon="19.14705380"><ele>136.56</ele><time>2025-10-20T13:50:32.859Z</time></trkpt><trkpt lat="47.60862770" lon="19.14705380"><ele>136.56</ele><time>2025-10-20T13:50:33.059Z</time></trkpt><trkpt lat="47.60862770" lon="19.14705380"><ele>136.56</ele><time>2025-10-20T13:50:33.262Z</time></trkpt><trkpt lat="47.60862760" lon="19.14705380"><ele>136.56</ele><time>2025-10-20T13:50:33.463Z</time></trkpt><trkpt lat="47.60862760" lon="19.14705380"><ele>136.55</ele><time>2025-10-20T13:50:33.663Z</time></trkpt><trkpt lat="47.60862760" lon="19.14705370"><ele>136.55</ele><time>2025-10-20T13:50:33.864Z</time></trkpt><trkpt lat="47.60862750" lon="19.14705370"><ele>136.56</ele><time>2025-10-20T13:50:34.065Z</time></trkpt><trkpt lat="47.60862750" lon="19.14705370"><ele>136.56</ele><time>2025-10-20T13:50:34.266Z</time></trkpt><trkpt lat="47.60862750" lon="19.14705370"><ele>136.56</ele><time>2025-10-20T13:50:34.466Z</time></trkpt><trkpt lat="47.60862750" lon="19.14705370"><ele>136.56</ele><time>2025-10-20T13:50:34.667Z</time></trkpt><trkpt lat="47.60862750" lon="19.14705370"><ele>136.56</ele><time>2025-10-20T13:50:34.868Z</time></trkpt><trkpt lat="47.60862740" lon="19.14705370"><ele>136.56</ele><time>2025-10-20T13:50:35.069Z</time></trkpt><trkpt lat="47.60862740" lon="19.14705370"><ele>136.56</ele><time>2025-10-20T13:50:35.270Z</time></trkpt><trkpt lat="47.60862740" lon="19.14705370"><ele>136.56</ele><time>2025-10-20T13:50:35.470Z</time></trkpt><trkpt lat="47.60862740" lon="19.14705370"><ele>136.55</ele><time>2025-10-20T13:50:35.670Z</time></trkpt><trkpt lat="47.60862740" lon="19.14705370"><ele>136.56</ele><time>2025-10-20T13:50:35.870Z</time></trkpt><trkpt lat="47.60862740" lon="19.14705360"><ele>136.56</ele><time>2025-10-20T13:50:36.071Z</time></trkpt><trkpt lat="47.60862740" lon="19.14705360"><ele>136.56</ele><time>2025-10-20T13:50:36.273Z</time></trkpt><trkpt lat="47.60862740" lon="19.14705360"><ele>136.56</ele><time>2025-10-20T13:50:36.472Z</time></trkpt><trkpt lat="47.60862750" lon="19.14705350"><ele>136.56</ele><time>2025-10-20T13:50:36.673Z</time></trkpt><trkpt lat="47.60862750" lon="19.14705350"><ele>136.57</ele><time>2025-10-20T13:50:36.874Z</time></trkpt><trkpt lat="47.60862750" lon="19.14705350"><ele>136.57</ele><time>2025-10-20T13:50:37.075Z</time></trkpt><trkpt lat="47.60862750" lon="19.14705360"><ele>136.57</ele><time>2025-10-20T13:50:37.278Z</time></trkpt><trkpt lat="47.60862760" lon="19.14705360"><ele>136.57</ele><time>2025-10-20T13:50:37.481Z</time></trkpt><trkpt lat="47.60862760" lon="19.14705350"><ele>136.57</ele><time>2025-10-20T13:50:37.682Z</time></trkpt><trkpt lat="47.60862760" lon="19.14705350"><ele>136.57</ele><time>2025-10-20T13:50:37.883Z</time></trkpt><trkpt lat="47.60862760" lon="19.14705350"><ele>136.58</ele><time>2025-10-20T13:50:38.083Z</time></trkpt><trkpt lat="47.60862760" lon="19.14705350"><ele>136.57</ele><time>2025-10-20T13:50:38.268Z</time></trkpt><trkpt lat="47.60862760" lon="19.14705350"><ele>136.57</ele><time>2025-10-20T13:50:38.469Z</time></trkpt><trkpt lat="47.60862760" lon="19.14705350"><ele>136.58</ele><time>2025-10-20T13:50:38.669Z</time></trkpt><trkpt lat="47.60862750" lon="19.14705360"><ele>136.58</ele><time>2025-10-20T13:50:38.869Z</time></trkpt><trkpt lat="47.60862760" lon="19.14705360"><ele>136.57</ele><time>2025-10-20T13:50:39.070Z</time></trkpt><trkpt lat="47.60862760" lon="19.14705370"><ele>136.57</ele><time>2025-10-20T13:50:39.270Z</time></trkpt><trkpt lat="47.60862760" lon="19.14705370"><ele>136.57</ele><time>2025-10-20T13:50:39.470Z</time></trkpt><trkpt lat="47.60862760" lon="19.14705360"><ele>136.56</ele><time>2025-10-20T13:50:39.670Z</time></trkpt><trkpt lat="47.60862760" lon="19.14705360"><ele>136.56</ele><time>2025-10-20T13:50:39.870Z</time></trkpt><trkpt lat="47.60862760" lon="19.14705360"><ele>136.55</ele><time>2025-10-20T13:50:40.070Z</time></trkpt><trkpt lat="47.60862760" lon="19.14705360"><ele>136.55</ele><time>2025-10-20T13:50:40.272Z</time></trkpt><trkpt lat="47.60862770" lon="19.14705370"><ele>136.56</ele><time>2025-10-20T13:50:40.472Z</time></trkpt><trkpt lat="47.60862770" lon="19.14705370"><ele>136.56</ele><time>2025-10-20T13:50:40.673Z</time></trkpt><trkpt lat="47.60862770" lon="19.14705370"><ele>136.57</ele><time>2025-10-20T13:50:40.873Z</time></trkpt><trkpt lat="47.60862770" lon="19.14705370"><ele>136.57</ele><time>2025-10-20T13:50:41.076Z</time></trkpt><trkpt lat="47.60862780" lon="19.14705380"><ele>136.56</ele><time>2025-10-20T13:50:41.277Z</time></trkpt><trkpt lat="47.60862780" lon="19.14705370"><ele>136.56</ele><time>2025-10-20T13:50:41.478Z</time></trkpt><trkpt lat="47.60862770" lon="19.14705370"><ele>136.56</ele><time>2025-10-20T13:50:41.678Z</time></trkpt><trkpt lat="47.60862770" lon="19.14705370"><ele>136.56</ele><time>2025-10-20T13:50:41.878Z</time></trkpt><trkpt lat="47.60862770" lon="19.14705370"><ele>136.56</ele><time>2025-10-20T13:50:42.077Z</time></trkpt><trkpt lat="47.60862770" lon="19.14705380"><ele>136.56</ele><time>2025-10-20T13:50:42.277Z</time></trkpt><trkpt lat="47.60862780" lon="19.14705380"><ele>136.56</ele><time>2025-10-20T13:50:42.477Z</time></trkpt><trkpt lat="47.60862780" lon="19.14705380"><ele>136.57</ele><time>2025-10-20T13:50:42.677Z</time></trkpt><trkpt lat="47.60862780" lon="19.14705380"><ele>136.57</ele><time>2025-10-20T13:50:42.877Z</time></trkpt><trkpt lat="47.60862780" lon="19.14705390"><ele>136.57</ele><time>2025-10-20T13:50:43.079Z</time></trkpt><trkpt lat="47.60862780" lon="19.14705390"><ele>136.58</ele><time>2025-10-20T13:50:43.280Z</time></trkpt><trkpt lat="47.60862780" lon="19.14705390"><ele>136.58</ele><time>2025-10-20T13:50:43.480Z</time></trkpt><trkpt lat="47.60862780" lon="19.14705390"><ele>136.58</ele><time>2025-10-20T13:50:43.680Z</time></trkpt><trkpt lat="47.60862780" lon="19.14705390"><ele>136.58</ele><time>2025-10-20T13:50:43.880Z</time></trkpt><trkpt lat="47.60862780" lon="19.14705390"><ele>136.58</ele><time>2025-10-20T13:50:44.079Z</time></trkpt><trkpt lat="47.60862780" lon="19.14705390"><ele>136.58</ele><time>2025-10-20T13:50:44.280Z</time></trkpt><trkpt lat="47.60862780" lon="19.14705390"><ele>136.58</ele><time>2025-10-20T13:50:44.481Z</time></trkpt><trkpt lat="47.60862780" lon="19.14705390"><ele>136.58</ele><time>2025-10-20T13:50:44.681Z</time></trkpt><trkpt lat="47.60862780" lon="19.14705380"><ele>136.58</ele><time>2025-10-20T13:50:44.881Z</time></trkpt><trkpt lat="47.60862780" lon="19.14705380"><ele>136.58</ele><time>2025-10-20T13:50:45.084Z</time></trkpt><trkpt lat="47.60862780" lon="19.14705380"><ele>136.58</ele><time>2025-10-20T13:50:45.284Z</time></trkpt><trkpt lat="47.60862780" lon="19.14705380"><ele>136.57</ele><time>2025-10-20T13:50:45.484Z</time></trkpt><trkpt lat="47.60862780" lon="19.14705380"><ele>136.57</ele><time>2025-10-20T13:50:45.684Z</time></trkpt><trkpt lat="47.60862770" lon="19.14705380"><ele>136.57</ele><time>2025-10-20T13:50:45.884Z</time></trkpt><trkpt lat="47.60862770" lon="19.14705380"><ele>136.57</ele><time>2025-10-20T13:50:46.084Z</time></trkpt><trkpt lat="47.60862770" lon="19.14705380"><ele>136.57</ele><time>2025-10-20T13:50:46.284Z</time></trkpt><trkpt lat="47.60862770" lon="19.14705380"><ele>136.57</ele><time>2025-10-20T13:50:46.485Z</time></trkpt><trkpt lat="47.60862770" lon="19.14705390"><ele>136.57</ele><time>2025-10-20T13:50:46.686Z</time></trkpt><trkpt lat="47.60862770" lon="19.14705390"><ele>136.57</ele><time>2025-10-20T13:50:46.885Z</time></trkpt><trkpt lat="47.60862770" lon="19.14705390"><ele>136.57</ele><time>2025-10-20T13:50:47.087Z</time></trkpt><trkpt lat="47.60862760" lon="19.14705390"><ele>136.56</ele><time>2025-10-20T13:50:47.290Z</time></trkpt><trkpt lat="47.60862760" lon="19.14705380"><ele>136.56</ele><time>2025-10-20T13:50:47.490Z</time></trkpt><trkpt lat="47.60862760" lon="19.14705380"><ele>136.56</ele><time>2025-10-20T13:50:47.690Z</time></trkpt><trkpt lat="47.60862750" lon="19.14705380"><ele>136.56</ele><time>2025-10-20T13:50:47.890Z</time></trkpt><trkpt lat="47.60862750" lon="19.14705390"><ele>136.56</ele><time>2025-10-20T13:50:48.073Z</time></trkpt><trkpt lat="47.60862750" lon="19.14705380"><ele>136.56</ele><time>2025-10-20T13:50:48.276Z</time></trkpt><trkpt lat="47.60862750" lon="19.14705380"><ele>136.55</ele><time>2025-10-20T13:50:48.477Z</time></trkpt><trkpt lat="47.60862740" lon="19.14705380"><ele>136.55</ele><time>2025-10-20T13:50:48.678Z</time></trkpt><trkpt lat="47.60862750" lon="19.14705370"><ele>136.55</ele><time>2025-10-20T13:50:48.879Z</time></trkpt><trkpt lat="47.60862750" lon="19.14705370"><ele>136.55</ele><time>2025-10-20T13:50:49.079Z</time></trkpt><trkpt lat="47.60862740" lon="19.14705370"><ele>136.55</ele><time>2025-10-20T13:50:49.282Z</time></trkpt><trkpt lat="47.60862740" lon="19.14705370"><ele>136.55</ele><time>2025-10-20T13:50:49.483Z</time></trkpt><trkpt lat="47.60862740" lon="19.14705370"><ele>136.55</ele><time>2025-10-20T13:50:49.684Z</time></trkpt><trkpt lat="47.60862740" lon="19.14705370"><ele>136.55</ele><time>2025-10-20T13:50:49.884Z</time></trkpt><trkpt lat="47.60862740" lon="19.14705370"><ele>136.55</ele><time>2025-10-20T13:50:50.085Z</time></trkpt><trkpt lat="47.60862750" lon="19.14705370"><ele>136.55</ele><time>2025-10-20T13:50:50.289Z</time></trkpt><trkpt lat="47.60862740" lon="19.14705370"><ele>136.55</ele><time>2025-10-20T13:50:50.490Z</time></trkpt><trkpt lat="47.60862750" lon="19.14705370"><ele>136.55</ele><time>2025-10-20T13:50:50.689Z</time></trkpt><trkpt lat="47.60862750" lon="19.14705370"><ele>136.55</ele><time>2025-10-20T13:50:50.891Z</time></trkpt><trkpt lat="47.60862750" lon="19.14705380"><ele>136.55</ele><time>2025-10-20T13:50:51.091Z</time></trkpt><trkpt lat="47.60862750" lon="19.14705370"><ele>136.55</ele><time>2025-10-20T13:50:51.281Z</time></trkpt><trkpt lat="47.60862750" lon="19.14705370"><ele>136.55</ele><time>2025-10-20T13:50:51.482Z</time></trkpt><trkpt lat="47.60862760" lon="19.14705370"><ele>136.55</ele><time>2025-10-20T13:50:51.682Z</time></trkpt><trkpt lat="47.60862750" lon="19.14705370"><ele>136.55</ele><time>2025-10-20T13:50:51.882Z</time></trkpt><trkpt lat="47.60862760" lon="19.14705380"><ele>136.56</ele><time>2025-10-20T13:50:52.086Z</time></trkpt><trkpt lat="47.60862760" lon="19.14705380"><ele>136.56</ele><time>2025-10-20T13:50:52.289Z</time></trkpt><trkpt lat="47.60862760" lon="19.14705380"><ele>136.56</ele><time>2025-10-20T13:50:52.489Z</time></trkpt><trkpt lat="47.60862760" lon="19.14705380"><ele>136.56</ele><time>2025-10-20T13:50:52.691Z</time></trkpt><trkpt lat="47.60862760" lon="19.14705380"><ele>136.56</ele><time>2025-10-20T13:50:52.891Z</time></trkpt><trkpt lat="47.60862760" lon="19.14705380"><ele>136.56</ele><time>2025-10-20T13:50:53.094Z</time></trkpt><trkpt lat="47.60862760" lon="19.14705380"><ele>136.57</ele><time>2025-10-20T13:50:53.299Z</time></trkpt><trkpt lat="47.60862760" lon="19.14705380"><ele>136.57</ele><time>2025-10-20T13:50:53.499Z</time></trkpt><trkpt lat="47.60862760" lon="19.14705380"><ele>136.57</ele><time>2025-10-20T13:50:53.699Z</time></trkpt><trkpt lat="47.60862770" lon="19.14705380"><ele>136.57</ele><time>2025-10-20T13:50:53.900Z</time></trkpt><trkpt lat="47.60862770" lon="19.14705380"><ele>136.58</ele><time>2025-10-20T13:50:54.104Z</time></trkpt><trkpt lat="47.60862780" lon="19.14705380"><ele>136.58</ele><time>2025-10-20T13:50:54.309Z</time></trkpt><trkpt lat="47.60862780" lon="19.14705380"><ele>136.58</ele><time>2025-10-20T13:50:54.509Z</time></trkpt><trkpt lat="47.60862780" lon="19.14705390"><ele>136.58</ele><time>2025-10-20T13:50:54.709Z</time></trkpt><trkpt lat="47.60862780" lon="19.14705390"><ele>136.59</ele><time>2025-10-20T13:50:54.910Z</time></trkpt><trkpt lat="47.60862790" lon="19.14705390"><ele>136.59</ele><time>2025-10-20T13:50:55.111Z</time></trkpt><trkpt lat="47.60862800" lon="19.14705390"><ele>136.59</ele><time>2025-10-20T13:50:55.315Z</time></trkpt><trkpt lat="47.60862810" lon="19.14705390"><ele>136.59</ele><time>2025-10-20T13:50:55.500Z</time></trkpt><trkpt lat="47.60862810" lon="19.14705400"><ele>136.59</ele><time>2025-10-20T13:50:55.703Z</time></trkpt><trkpt lat="47.60862810" lon="19.14705390"><ele>136.59</ele><time>2025-10-20T13:50:55.904Z</time></trkpt><trkpt lat="47.60862800" lon="19.14705390"><ele>136.60</ele><time>2025-10-20T13:50:56.105Z</time></trkpt><trkpt lat="47.60862800" lon="19.14705390"><ele>136.60</ele><time>2025-10-20T13:50:56.305Z</time></trkpt><trkpt lat="47.60862800" lon="19.14705390"><ele>136.61</ele><time>2025-10-20T13:50:56.506Z</time></trkpt><trkpt lat="47.60862800" lon="19.14705390"><ele>136.61</ele><time>2025-10-20T13:50:56.707Z</time></trkpt><trkpt lat="47.60862790" lon="19.14705390"><ele>136.61</ele><time>2025-10-20T13:50:56.907Z</time></trkpt><trkpt lat="47.60862780" lon="19.14705390"><ele>136.61</ele><time>2025-10-20T13:50:57.108Z</time></trkpt><trkpt lat="47.60862780" lon="19.14705390"><ele>136.61</ele><time>2025-10-20T13:50:57.309Z</time></trkpt><trkpt lat="47.60862770" lon="19.14705390"><ele>136.61</ele><time>2025-10-20T13:50:57.510Z</time></trkpt><trkpt lat="47.60862760" lon="19.14705390"><ele>136.60</ele><time>2025-10-20T13:50:57.709Z</time></trkpt><trkpt lat="47.60862760" lon="19.14705390"><ele>136.60</ele><time>2025-10-20T13:50:57.909Z</time></trkpt><trkpt lat="47.60862760" lon="19.14705390"><ele>136.60</ele><time>2025-10-20T13:50:58.112Z</time></trkpt><trkpt lat="47.60862760" lon="19.14705380"><ele>136.60</ele><time>2025-10-20T13:50:58.312Z</time></trkpt><trkpt lat="47.60862760" lon="19.14705380"><ele>136.60</ele><time>2025-10-20T13:50:58.513Z</time></trkpt><trkpt lat="47.60862770" lon="19.14705380"><ele>136.60</ele><time>2025-10-20T13:50:58.712Z</time></trkpt><trkpt lat="47.60862770" lon="19.14705380"><ele>136.61</ele><time>2025-10-20T13:50:58.912Z</time></trkpt><trkpt lat="47.60862770" lon="19.14705380"><ele>136.61</ele><time>2025-10-20T13:50:59.112Z</time></trkpt><trkpt lat="47.60862770" lon="19.14705370"><ele>136.61</ele><time>2025-10-20T13:50:59.314Z</time></trkpt><trkpt lat="47.60862770" lon="19.14705380"><ele>136.60</ele><time>2025-10-20T13:50:59.514Z</time></trkpt><trkpt lat="47.60862770" lon="19.14705380"><ele>136.60</ele><time>2025-10-20T13:50:59.715Z</time></trkpt><trkpt lat="47.60862760" lon="19.14705380"><ele>136.60</ele><time>2025-10-20T13:50:59.914Z</time></trkpt><trkpt lat="47.60862760" lon="19.14705380"><ele>136.60</ele><time>2025-10-20T13:51:00.116Z</time></trkpt><trkpt lat="47.60862760" lon="19.14705370"><ele>136.60</ele><time>2025-10-20T13:51:00.319Z</time></trkpt><trkpt lat="47.60862760" lon="19.14705370"><ele>136.59</ele><time>2025-10-20T13:51:00.519Z</time></trkpt><trkpt lat="47.60862760" lon="19.14705370"><ele>136.58</ele><time>2025-10-20T13:51:00.719Z</time></trkpt><trkpt lat="47.60862750" lon="19.14705370"><ele>136.58</ele><time>2025-10-20T13:51:00.920Z</time></trkpt><trkpt lat="47.60862750" lon="19.14705370"><ele>136.58</ele><time>2025-10-20T13:51:01.121Z</time></trkpt><trkpt lat="47.60862750" lon="19.14705370"><ele>136.57</ele><time>2025-10-20T13:51:01.326Z</time></trkpt><trkpt lat="47.60862750" lon="19.14705370"><ele>136.57</ele><time>2025-10-20T13:51:01.527Z</time></trkpt><trkpt lat="47.60862750" lon="19.14705370"><ele>136.56</ele><time>2025-10-20T13:51:01.708Z</time></trkpt><trkpt lat="47.60862750" lon="19.14705370"><ele>136.56</ele><time>2025-10-20T13:51:01.909Z</time></trkpt><trkpt lat="47.60862760" lon="19.14705370"><ele>136.56</ele><time>2025-10-20T13:51:02.112Z</time></trkpt><trkpt lat="47.60862760" lon="19.14705370"><ele>136.56</ele><time>2025-10-20T13:51:02.322Z</time></trkpt><trkpt lat="47.60862760" lon="19.14705380"><ele>136.56</ele><time>2025-10-20T13:51:02.525Z</time></trkpt><trkpt lat="47.60862760" lon="19.14705380"><ele>136.56</ele><time>2025-10-20T13:51:02.726Z</time></trkpt><trkpt lat="47.60862760" lon="19.14705380"><ele>136.57</ele><time>2025-10-20T13:51:02.925Z</time></trkpt><trkpt lat="47.60862760" lon="19.14705380"><ele>136.57</ele><time>2025-10-20T13:51:03.131Z</time></trkpt><trkpt lat="47.60862770" lon="19.14705380"><ele>136.57</ele><time>2025-10-20T13:51:03.333Z</time></trkpt><trkpt lat="47.60862770" lon="19.14705380"><ele>136.57</ele><time>2025-10-20T13:51:03.534Z</time></trkpt><trkpt lat="47.60862770" lon="19.14705390"><ele>136.57</ele><time>2025-10-20T13:51:03.714Z</time></trkpt><trkpt lat="47.60862760" lon="19.14705390"><ele>136.57</ele><time>2025-10-20T13:51:03.936Z</time></trkpt><trkpt lat="47.60862760" lon="19.14705400"><ele>136.57</ele><time>2025-10-20T13:51:04.115Z</time></trkpt><trkpt lat="47.60862760" lon="19.14705400"><ele>136.57</ele><time>2025-10-20T13:51:04.321Z</time></trkpt><trkpt lat="47.60862760" lon="19.14705410"><ele>136.57</ele><time>2025-10-20T13:51:04.521Z</time></trkpt><trkpt lat="47.60862760" lon="19.14705410"><ele>136.58</ele><time>2025-10-20T13:51:04.721Z</time></trkpt><trkpt lat="47.60862760" lon="19.14705410"><ele>136.58</ele><time>2025-10-20T13:51:04.921Z</time></trkpt><trkpt lat="47.60862760" lon="19.14705410"><ele>136.58</ele><time>2025-10-20T13:51:05.123Z</time></trkpt><trkpt lat="47.60862760" lon="19.14705410"><ele>136.58</ele><time>2025-10-20T13:51:05.324Z</time></trkpt><trkpt lat="47.60862760" lon="19.14705410"><ele>136.58</ele><time>2025-10-20T13:51:05.524Z</time></trkpt><trkpt lat="47.60862760" lon="19.14705410"><ele>136.58</ele><time>2025-10-20T13:51:05.724Z</time></trkpt><trkpt lat="47.60862760" lon="19.14705420"><ele>136.58</ele><time>2025-10-20T13:51:05.924Z</time></trkpt><trkpt lat="47.60862760" lon="19.14705420"><ele>136.58</ele><time>2025-10-20T13:51:06.125Z</time></trkpt><trkpt lat="47.60862760" lon="19.14705420"><ele>136.57</ele><time>2025-10-20T13:51:06.329Z</time></trkpt><trkpt lat="47.60862760" lon="19.14705420"><ele>136.56</ele><time>2025-10-20T13:51:06.530Z</time></trkpt><trkpt lat="47.60862770" lon="19.14705410"><ele>136.57</ele><time>2025-10-20T13:51:06.730Z</time></trkpt><trkpt lat="47.60862770" lon="19.14705410"><ele>136.57</ele><time>2025-10-20T13:51:06.931Z</time></trkpt><trkpt lat="47.60862770" lon="19.14705410"><ele>136.56</ele><time>2025-10-20T13:51:07.131Z</time></trkpt><trkpt lat="47.60862770" lon="19.14705400"><ele>136.56</ele><time>2025-10-20T13:51:07.333Z</time></trkpt><trkpt lat="47.60862770" lon="19.14705400"><ele>136.56</ele><time>2025-10-20T13:51:07.533Z</time></trkpt><trkpt lat="47.60862770" lon="19.14705400"><ele>136.57</ele><time>2025-10-20T13:51:07.733Z</time></trkpt><trkpt lat="47.60862770" lon="19.14705390"><ele>136.57</ele><time>2025-10-20T13:51:07.933Z</time></trkpt><trkpt lat="47.60862770" lon="19.14705390"><ele>136.57</ele><time>2025-10-20T13:51:08.133Z</time></trkpt><trkpt lat="47.60862770" lon="19.14705390"><ele>136.56</ele><time>2025-10-20T13:51:08.337Z</time></trkpt><trkpt lat="47.60862770" lon="19.14705390"><ele>136.57</ele><time>2025-10-20T13:51:08.538Z</time></trkpt><trkpt lat="47.60862770" lon="19.14705390"><ele>136.57</ele><time>2025-10-20T13:51:08.739Z</time></trkpt><trkpt lat="47.60862770" lon="19.14705390"><ele>136.58</ele><time>2025-10-20T13:51:08.942Z</time></trkpt><trkpt lat="47.60862780" lon="19.14705390"><ele>136.58</ele><time>2025-10-20T13:51:09.143Z</time></trkpt><trkpt lat="47.60862780" lon="19.14705380"><ele>136.59</ele><time>2025-10-20T13:51:09.332Z</time></trkpt><trkpt lat="47.60862790" lon="19.14705380"><ele>136.58</ele><time>2025-10-20T13:51:09.551Z</time></trkpt><trkpt lat="47.60862790" lon="19.14705380"><ele>136.58</ele><time>2025-10-20T13:51:09.732Z</time></trkpt><trkpt lat="47.60862780" lon="19.14705380"><ele>136.59</ele><time>2025-10-20T13:51:09.951Z</time></trkpt><trkpt lat="47.60862780" lon="19.14705380"><ele>136.59</ele><time>2025-10-20T13:51:10.135Z</time></trkpt><trkpt lat="47.60862780" lon="19.14705380"><ele>136.59</ele><time>2025-10-20T13:51:10.336Z</time></trkpt><trkpt lat="47.60862780" lon="19.14705380"><ele>136.60</ele><time>2025-10-20T13:51:10.536Z</time></trkpt><trkpt lat="47.60862780" lon="19.14705380"><ele>136.60</ele><time>2025-10-20T13:51:10.736Z</time></trkpt><trkpt lat="47.60862780" lon="19.14705380"><ele>136.61</ele><time>2025-10-20T13:51:10.937Z</time></trkpt><trkpt lat="47.60862780" lon="19.14705380"><ele>136.61</ele><time>2025-10-20T13:51:11.138Z</time></trkpt><trkpt lat="47.60862780" lon="19.14705380"><ele>136.62</ele><time>2025-10-20T13:51:11.339Z</time></trkpt><trkpt lat="47.60862780" lon="19.14705380"><ele>136.62</ele><time>2025-10-20T13:51:11.539Z</time></trkpt><trkpt lat="47.60862780" lon="19.14705380"><ele>136.63</ele><time>2025-10-20T13:51:11.759Z</time></trkpt><trkpt lat="47.60862780" lon="19.14705370"><ele>136.63</ele><time>2025-10-20T13:51:11.939Z</time></trkpt><trkpt lat="47.60862780" lon="19.14705370"><ele>136.63</ele><time>2025-10-20T13:51:12.140Z</time></trkpt><trkpt lat="47.60862780" lon="19.14705360"><ele>136.63</ele><time>2025-10-20T13:51:12.340Z</time></trkpt><trkpt lat="47.60862780" lon="19.14705360"><ele>136.62</ele><time>2025-10-20T13:51:12.542Z</time></trkpt><trkpt lat="47.60862780" lon="19.14705350"><ele>136.63</ele><time>2025-10-20T13:51:12.742Z</time></trkpt><trkpt lat="47.60862780" lon="19.14705350"><ele>136.63</ele><time>2025-10-20T13:51:12.943Z</time></trkpt><trkpt lat="47.60862780" lon="19.14705350"><ele>136.63</ele><time>2025-10-20T13:51:13.145Z</time></trkpt><trkpt lat="47.60862780" lon="19.14705350"><ele>136.62</ele><time>2025-10-20T13:51:13.329Z</time></trkpt><trkpt lat="47.60862770" lon="19.14705340"><ele>136.62</ele><time>2025-10-20T13:51:13.529Z</time></trkpt><trkpt lat="47.60862770" lon="19.14705340"><ele>136.62</ele><time>2025-10-20T13:51:13.729Z</time></trkpt><trkpt lat="47.60862770" lon="19.14705340"><ele>136.63</ele><time>2025-10-20T13:51:13.929Z</time></trkpt><trkpt lat="47.60862760" lon="19.14705330"><ele>136.63</ele><time>2025-10-20T13:51:14.130Z</time></trkpt><trkpt lat="47.60862760" lon="19.14705330"><ele>136.63</ele><time>2025-10-20T13:51:14.331Z</time></trkpt><trkpt lat="47.60862760" lon="19.14705320"><ele>136.63</ele><time>2025-10-20T13:51:14.532Z</time></trkpt><trkpt lat="47.60862750" lon="19.14705320"><ele>136.63</ele><time>2025-10-20T13:51:14.732Z</time></trkpt><trkpt lat="47.60862760" lon="19.14705320"><ele>136.63</ele><time>2025-10-20T13:51:14.932Z</time></trkpt><trkpt lat="47.60862760" lon="19.14705310"><ele>136.64</ele><time>2025-10-20T13:51:15.133Z</time></trkpt><trkpt lat="47.60862770" lon="19.14705310"><ele>136.64</ele><time>2025-10-20T13:51:15.340Z</time></trkpt><trkpt lat="47.60862770" lon="19.14705310"><ele>136.64</ele><time>2025-10-20T13:51:15.541Z</time></trkpt><trkpt lat="47.60862770" lon="19.14705310"><ele>136.64</ele><time>2025-10-20T13:51:15.742Z</time></trkpt><trkpt lat="47.60862770" lon="19.14705320"><ele>136.65</ele><time>2025-10-20T13:51:15.942Z</time></trkpt><trkpt lat="47.60862760" lon="19.14705320"><ele>136.65</ele><time>2025-10-20T13:51:16.143Z</time></trkpt><trkpt lat="47.60862760" lon="19.14705320"><ele>136.65</ele><time>2025-10-20T13:51:16.346Z</time></trkpt><trkpt lat="47.60862770" lon="19.14705320"><ele>136.65</ele><time>2025-10-20T13:51:16.546Z</time></trkpt><trkpt lat="47.60862770" lon="19.14705320"><ele>136.65</ele><time>2025-10-20T13:51:16.747Z</time></trkpt><trkpt lat="47.60862770" lon="19.14705320"><ele>136.65</ele><time>2025-10-20T13:51:16.949Z</time></trkpt><trkpt lat="47.60862770" lon="19.14705320"><ele>136.65</ele><time>2025-10-20T13:51:17.152Z</time></trkpt><trkpt lat="47.60862770" lon="19.14705320"><ele>136.65</ele><time>2025-10-20T13:51:17.353Z</time></trkpt><trkpt lat="47.60862770" lon="19.14705320"><ele>136.65</ele><time>2025-10-20T13:51:17.555Z</time></trkpt><trkpt lat="47.60862770" lon="19.14705320"><ele>136.65</ele><time>2025-10-20T13:51:17.755Z</time></trkpt><trkpt lat="47.60862780" lon="19.14705320"><ele>136.65</ele><time>2025-10-20T13:51:17.955Z</time></trkpt><trkpt lat="47.60862780" lon="19.14705320"><ele>136.65</ele><time>2025-10-20T13:51:18.155Z</time></trkpt><trkpt lat="47.60862780" lon="19.14705320"><ele>136.65</ele><time>2025-10-20T13:51:18.340Z</time></trkpt><trkpt lat="47.60862780" lon="19.14705320"><ele>136.65</ele><time>2025-10-20T13:51:18.541Z</time></trkpt><trkpt lat="47.60862780" lon="19.14705320"><ele>136.65</ele><time>2025-10-20T13:51:18.744Z</time></trkpt><trkpt lat="47.60862780" lon="19.14705330"><ele>136.65</ele><time>2025-10-20T13:51:18.965Z</time></trkpt><trkpt lat="47.60862780" lon="19.14705330"><ele>136.66</ele><time>2025-10-20T13:51:19.152Z</time></trkpt><trkpt lat="47.60862790" lon="19.14705330"><ele>136.65</ele><time>2025-10-20T13:51:19.339Z</time></trkpt><trkpt lat="47.60862790" lon="19.14705340"><ele>136.65</ele><time>2025-10-20T13:51:19.539Z</time></trkpt><trkpt lat="47.60862800" lon="19.14705340"><ele>136.65</ele><time>2025-10-20T13:51:19.741Z</time></trkpt><trkpt lat="47.60862800" lon="19.14705340"><ele>136.65</ele><time>2025-10-20T13:51:19.941Z</time></trkpt><trkpt lat="47.60862800" lon="19.14705340"><ele>136.65</ele><time>2025-10-20T13:51:20.142Z</time></trkpt><trkpt lat="47.60862810" lon="19.14705340"><ele>136.65</ele><time>2025-10-20T13:51:20.348Z</time></trkpt><trkpt lat="47.60862810" lon="19.14705340"><ele>136.65</ele><time>2025-10-20T13:51:20.548Z</time></trkpt><trkpt lat="47.60862820" lon="19.14705340"><ele>136.65</ele><time>2025-10-20T13:51:20.749Z</time></trkpt><trkpt lat="47.60862810" lon="19.14705340"><ele>136.65</ele><time>2025-10-20T13:51:20.949Z</time></trkpt><trkpt lat="47.60862810" lon="19.14705350"><ele>136.65</ele><time>2025-10-20T13:51:21.150Z</time></trkpt><trkpt lat="47.60862810" lon="19.14705350"><ele>136.65</ele><time>2025-10-20T13:51:21.352Z</time></trkpt><trkpt lat="47.60862810" lon="19.14705360"><ele>136.65</ele><time>2025-10-20T13:51:21.552Z</time></trkpt><trkpt lat="47.60862810" lon="19.14705360"><ele>136.65</ele><time>2025-10-20T13:51:21.752Z</time></trkpt><trkpt lat="47.60862800" lon="19.14705360"><ele>136.66</ele><time>2025-10-20T13:51:21.952Z</time></trkpt><trkpt lat="47.60862800" lon="19.14705360"><ele>136.66</ele><time>2025-10-20T13:51:22.153Z</time></trkpt><trkpt lat="47.60862800" lon="19.14705370"><ele>136.66</ele><time>2025-10-20T13:51:22.353Z</time></trkpt><trkpt lat="47.60862790" lon="19.14705370"><ele>136.65</ele><time>2025-10-20T13:51:22.554Z</time></trkpt><trkpt lat="47.60862790" lon="19.14705370"><ele>136.65</ele><time>2025-10-20T13:51:22.754Z</time></trkpt><trkpt lat="47.60862780" lon="19.14705360"><ele>136.65</ele><time>2025-10-20T13:51:22.953Z</time></trkpt><trkpt lat="47.60862780" lon="19.14705360"><ele>136.65</ele><time>2025-10-20T13:51:23.154Z</time></trkpt><trkpt lat="47.60862770" lon="19.14705360"><ele>136.65</ele><time>2025-10-20T13:51:23.354Z</time></trkpt><trkpt lat="47.60862770" lon="19.14705350"><ele>136.65</ele><time>2025-10-20T13:51:23.554Z</time></trkpt><trkpt lat="47.60862770" lon="19.14705360"><ele>136.65</ele><time>2025-10-20T13:51:23.754Z</time></trkpt><trkpt lat="47.60862770" lon="19.14705360"><ele>136.65</ele><time>2025-10-20T13:51:23.954Z</time></trkpt><trkpt lat="47.60862770" lon="19.14705360"><ele>136.65</ele><time>2025-10-20T13:51:24.157Z</time></trkpt><trkpt lat="47.60862770" lon="19.14705360"><ele>136.65</ele><time>2025-10-20T13:51:24.356Z</time></trkpt><trkpt lat="47.60862760" lon="19.14705360"><ele>136.64</ele><time>2025-10-20T13:51:24.557Z</time></trkpt><trkpt lat="47.60862760" lon="19.14705350"><ele>136.64</ele><time>2025-10-20T13:51:24.757Z</time></trkpt><trkpt lat="47.60862770" lon="19.14705350"><ele>136.64</ele><time>2025-10-20T13:51:24.957Z</time></trkpt><trkpt lat="47.60862760" lon="19.14705350"><ele>136.64</ele><time>2025-10-20T13:51:25.158Z</time></trkpt><trkpt lat="47.60862760" lon="19.14705340"><ele>136.63</ele><time>2025-10-20T13:51:25.361Z</time></trkpt><trkpt lat="47.60862770" lon="19.14705340"><ele>136.63</ele><time>2025-10-20T13:51:25.561Z</time></trkpt><trkpt lat="47.60862770" lon="19.14705340"><ele>136.62</ele><time>2025-10-20T13:51:25.761Z</time></trkpt><trkpt lat="47.60862770" lon="19.14705340"><ele>136.62</ele><time>2025-10-20T13:51:25.962Z</time></trkpt><trkpt lat="47.60862760" lon="19.14705340"><ele>136.62</ele><time>2025-10-20T13:51:26.163Z</time></trkpt><trkpt lat="47.60862760" lon="19.14705340"><ele>136.62</ele><time>2025-10-20T13:51:26.367Z</time></trkpt><trkpt lat="47.60862760" lon="19.14705340"><ele>136.62</ele><time>2025-10-20T13:51:26.569Z</time></trkpt><trkpt lat="47.60862760" lon="19.14705340"><ele>136.62</ele><time>2025-10-20T13:51:26.769Z</time></trkpt><trkpt lat="47.60862750" lon="19.14705340"><ele>136.62</ele><time>2025-10-20T13:51:26.970Z</time></trkpt><trkpt lat="47.60862750" lon="19.14705340"><ele>136.62</ele><time>2025-10-20T13:51:27.172Z</time></trkpt><trkpt lat="47.60862750" lon="19.14705350"><ele>136.62</ele><time>2025-10-20T13:51:27.373Z</time></trkpt><trkpt lat="47.60862750" lon="19.14705350"><ele>136.62</ele><time>2025-10-20T13:51:27.574Z</time></trkpt><trkpt lat="47.60862750" lon="19.14705350"><ele>136.62</ele><time>2025-10-20T13:51:27.774Z</time></trkpt><trkpt lat="47.60862750" lon="19.14705340"><ele>136.62</ele><time>2025-10-20T13:51:27.974Z</time></trkpt><trkpt lat="47.60862750" lon="19.14705330"><ele>136.62</ele><time>2025-10-20T13:51:28.174Z</time></trkpt><trkpt lat="47.60862750" lon="19.14705330"><ele>136.62</ele><time>2025-10-20T13:51:28.376Z</time></trkpt><trkpt lat="47.60862750" lon="19.14705330"><ele>136.62</ele><time>2025-10-20T13:51:28.577Z</time></trkpt><trkpt lat="47.60862750" lon="19.14705330"><ele>136.62</ele><time>2025-10-20T13:51:28.777Z</time></trkpt><trkpt lat="47.60862750" lon="19.14705330"><ele>136.63</ele><time>2025-10-20T13:51:28.978Z</time></trkpt><trkpt lat="47.60862750" lon="19.14705320"><ele>136.63</ele><time>2025-10-20T13:51:29.179Z</time></trkpt><trkpt lat="47.60862750" lon="19.14705320"><ele>136.63</ele><time>2025-10-20T13:51:29.379Z</time></trkpt><trkpt lat="47.60862750" lon="19.14705320"><ele>136.63</ele><time>2025-10-20T13:51:29.581Z</time></trkpt><trkpt lat="47.60862740" lon="19.14705330"><ele>136.63</ele><time>2025-10-20T13:51:29.782Z</time></trkpt><trkpt lat="47.60862740" lon="19.14705330"><ele>136.64</ele><time>2025-10-20T13:51:29.982Z</time></trkpt><trkpt lat="47.60862740" lon="19.14705340"><ele>136.64</ele><time>2025-10-20T13:51:30.184Z</time></trkpt><trkpt lat="47.60862740" lon="19.14705340"><ele>136.64</ele><time>2025-10-20T13:51:30.372Z</time></trkpt><trkpt lat="47.60862740" lon="19.14705350"><ele>136.65</ele><time>2025-10-20T13:51:30.575Z</time></trkpt><trkpt lat="47.60862740" lon="19.14705350"><ele>136.65</ele><time>2025-10-20T13:51:30.775Z</time></trkpt><trkpt lat="47.60862740" lon="19.14705350"><ele>136.65</ele><time>2025-10-20T13:51:30.976Z</time></trkpt><trkpt lat="47.60862740" lon="19.14705350"><ele>136.65</ele><time>2025-10-20T13:51:31.178Z</time></trkpt><trkpt lat="47.60862740" lon="19.14705350"><ele>136.65</ele><time>2025-10-20T13:51:31.382Z</time></trkpt><trkpt lat="47.60862740" lon="19.14705350"><ele>136.65</ele><time>2025-10-20T13:51:31.582Z</time></trkpt><trkpt lat="47.60862740" lon="19.14705350"><ele>136.66</ele><time>2025-10-20T13:51:31.782Z</time></trkpt><trkpt lat="47.60862740" lon="19.14705350"><ele>136.67</ele><time>2025-10-20T13:51:31.983Z</time></trkpt><trkpt lat="47.60862750" lon="19.14705350"><ele>136.67</ele><time>2025-10-20T13:51:32.184Z</time></trkpt><trkpt lat="47.60862750" lon="19.14705350"><ele>136.67</ele><time>2025-10-20T13:51:32.387Z</time></trkpt><trkpt lat="47.60862750" lon="19.14705350"><ele>136.67</ele><time>2025-10-20T13:51:32.587Z</time></trkpt><trkpt lat="47.60862740" lon="19.14705350"><ele>136.67</ele><time>2025-10-20T13:51:32.787Z</time></trkpt><trkpt lat="47.60862750" lon="19.14705350"><ele>136.67</ele><time>2025-10-20T13:51:32.987Z</time></trkpt><trkpt lat="47.60862750" lon="19.14705350"><ele>136.66</ele><time>2025-10-20T13:51:33.188Z</time></trkpt><trkpt lat="47.60862750" lon="19.14705350"><ele>136.66</ele><time>2025-10-20T13:51:33.371Z</time></trkpt><trkpt lat="47.60862760" lon="19.14705350"><ele>136.66</ele><time>2025-10-20T13:51:33.573Z</time></trkpt><trkpt lat="47.60862760" lon="19.14705350"><ele>136.66</ele><time>2025-10-20T13:51:33.775Z</time></trkpt><trkpt lat="47.60862760" lon="19.14705350"><ele>136.66</ele><time>2025-10-20T13:51:33.975Z</time></trkpt><trkpt lat="47.60862770" lon="19.14705350"><ele>136.66</ele><time>2025-10-20T13:51:34.177Z</time></trkpt><trkpt lat="47.60862770" lon="19.14705340"><ele>136.66</ele><time>2025-10-20T13:51:34.379Z</time></trkpt><trkpt lat="47.60862770" lon="19.14705340"><ele>136.65</ele><time>2025-10-20T13:51:34.580Z</time></trkpt><trkpt lat="47.60862780" lon="19.14705340"><ele>136.65</ele><time>2025-10-20T13:51:34.782Z</time></trkpt><trkpt lat="47.60862770" lon="19.14705340"><ele>136.66</ele><time>2025-10-20T13:51:34.983Z</time></trkpt><trkpt lat="47.60862770" lon="19.14705350"><ele>136.66</ele><time>2025-10-20T13:51:35.185Z</time></trkpt><trkpt lat="47.60862770" lon="19.14705350"><ele>136.66</ele><time>2025-10-20T13:51:35.388Z</time></trkpt></trkseg></trk></gpx>