<?xml version='1.0' encoding='utf-8'?>
<gpx version="1.1" creator="converttogpx.py" xmlns="http://www.topografix.com/GPX/1/1" xmlns:xsi="http://www.w3.org/2001/XMLSchema-instance" xsi:schemaLocation="http://www.topografix.com/GPX/1/1 http://www.topografix.com/GPX/1/1/gpx.xsd"><trk><name>drone132 20251020-002</name><trkseg><trkpt lat="47.60863640" lon="19.14694270"><ele>137.02</ele><time>2025-10-20T13:42:46.724Z</time></trkpt><trkpt lat="47.60863640" lon="19.14694270"><ele>137.03</ele><time>2025-10-20T13:42:46.927Z</time></trkpt><trkpt lat="47.60863640" lon="19.14694270"><ele>137.04</ele><time>2025-10-20T13:42:47.126Z</time></trkpt><trkpt lat="47.60863640" lon="19.14694270"><ele>137.04</ele><time>2025-10-20T13:42:47.327Z</time></trkpt><trkpt lat="47.60863650" lon="19.14694270"><ele>137.05</ele><time>2025-10-20T13:42:47.527Z</time></trkpt><trkpt lat="47.60863650" lon="19.14694270"><ele>137.05</ele><time>2025-10-20T13:42:47.727Z</time></trkpt><trkpt lat="47.60863650" lon="19.14694260"><ele>137.06</ele><time>2025-10-20T13:42:47.927Z</time></trkpt><trkpt lat="47.60863650" lon="19.14694260"><ele>137.06</ele><time>2025-10-20T13:42:48.128Z</time></trkpt><trkpt lat="47.60863650" lon="19.14694260"><ele>137.06</ele><time>2025-10-20T13:42:48.330Z</time></trkpt><trkpt lat="47.60863650" lon="19.14694260"><ele>137.06</ele><time>2025-10-20T13:42:48.530Z</time></trkpt><trkpt lat="47.60863660" lon="19.14694260"><ele>137.07</ele><time>2025-10-20T13:42:48.731Z</time></trkpt><trkpt lat="47.60863650" lon="19.14694260"><ele>137.07</ele><time>2025-10-20T13:42:48.931Z</time></trkpt><trkpt lat="47.60863650" lon="19.14694260"><ele>137.07</ele><time>2025-10-20T13:42:49.131Z</time></trkpt><trkpt lat="47.60863650" lon="19.14694260"><ele>137.08</ele><time>2025-10-20T13:42:49.335Z</time></trkpt><trkpt lat="47.60863650" lon="19.14694270"><ele>137.08</ele><time>2025-10-20T13:42:49.538Z</time></trkpt><trkpt lat="47.60863650" lon="19.14694270"><ele>137.08</ele><time>2025-10-20T13:42:49.739Z</time></trkpt><trkpt lat="47.60863650" lon="19.14694270"><ele>137.08</ele><time>2025-10-20T13:42:49.939Z</time></trkpt><trkpt lat="47.60863650" lon="19.14694280"><ele>137.08</ele><time>2025-10-20T13:42:50.119Z</time></trkpt><trkpt lat="47.60863640" lon="19.14694280"><ele>137.08</ele><time>2025-10-20T13:42:50.342Z</time></trkpt><trkpt lat="47.60863640" lon="19.14694280"><ele>137.07</ele><time>2025-10-20T13:42:50.542Z</time></trkpt><trkpt lat="47.60863640" lon="19.14694280"><ele>137.07</ele><time>2025-10-20T13:42:50.743Z</time></trkpt><trkpt lat="47.60863640" lon="19.14694280"><ele>137.07</ele><time>2025-10-20T13:42:50.942Z</time></trkpt><trkpt lat="47.60863640" lon="19.14694280"><ele>137.06</ele><time>2025-10-20T13:42:51.142Z</time></trkpt><trkpt lat="47.60863640" lon="19.14694280"><ele>137.06</ele><time>2025-10-20T13:42:51.345Z</time></trkpt><trkpt lat="47.60863630" lon="19.14694270"><ele>137.05</ele><time>2025-10-20T13:42:51.545Z</time></trkpt><trkpt lat="47.60863630" lon="19.14694260"><ele>137.05</ele><time>2025-10-20T13:42:51.745Z</time></trkpt><trkpt lat="47.60863630" lon="19.14694250"><ele>137.04</ele><time>2025-10-20T13:42:51.946Z</time></trkpt><trkpt lat="47.60863630" lon="19.14694240"><ele>137.05</ele><time>2025-10-20T13:42:52.127Z</time></trkpt><trkpt lat="47.60863620" lon="19.14694180"><ele>137.20</ele><time>2025-10-20T13:42:52.327Z</time></trkpt><trkpt lat="47.60863610" lon="19.14694070"><ele>137.53</ele><time>2025-10-20T13:42:52.528Z</time></trkpt><trkpt lat="47.60863650" lon="19.14693920"><ele>137.99</ele><time>2025-10-20T13:42:52.748Z</time></trkpt><trkpt lat="47.60863700" lon="19.14693800"><ele>138.44</ele><time>2025-10-20T13:42:52.929Z</time></trkpt><trkpt lat="47.60863740" lon="19.14693690"><ele>138.97</ele><time>2025-10-20T13:42:53.129Z</time></trkpt><trkpt lat="47.60863770" lon="19.14693600"><ele>139.52</ele><time>2025-10-20T13:42:53.331Z</time></trkpt><trkpt lat="47.60863810" lon="19.14693520"><ele>140.01</ele><time>2025-10-20T13:42:53.532Z</time></trkpt><trkpt lat="47.60863850" lon="19.14693460"><ele>140.39</ele><time>2025-10-20T13:42:53.734Z</time></trkpt><trkpt lat="47.60863890" lon="19.14693450"><ele>140.88</ele><time>2025-10-20T13:42:53.935Z</time></trkpt><trkpt lat="47.60863920" lon="19.14693540"><ele>141.48</ele><time>2025-10-20T13:42:54.137Z</time></trkpt><trkpt lat="47.60863950" lon="19.14693690"><ele>142.06</ele><time>2025-10-20T13:42:54.343Z</time></trkpt><trkpt lat="47.60863980" lon="19.14693850"><ele>142.63</ele><time>2025-10-20T13:42:54.544Z</time></trkpt><trkpt lat="47.60864000" lon="19.14694000"><ele>143.08</ele><time>2025-10-20T13:42:54.706Z</time></trkpt><trkpt lat="47.60864020" lon="19.14694220"><ele>143.73</ele><time>2025-10-20T13:42:54.948Z</time></trkpt><trkpt lat="47.60864020" lon="19.14694330"><ele>144.12</ele><time>2025-10-20T13:42:55.091Z</time></trkpt><trkpt lat="47.60864040" lon="19.14694480"><ele>144.73</ele><time>2025-10-20T13:42:55.316Z</time></trkpt><trkpt lat="47.60864060" lon="19.14694560"><ele>145.26</ele><time>2025-10-20T13:42:55.519Z</time></trkpt><trkpt lat="47.60864100" lon="19.14694610"><ele>145.83</ele><time>2025-10-20T13:42:55.740Z</time></trkpt><trkpt lat="47.60864150" lon="19.14694630"><ele>146.35</ele><time>2025-10-20T13:42:55.944Z</time></trkpt><trkpt lat="47.60864200" lon="19.14694650"><ele>146.80</ele><time>2025-10-20T13:42:56.127Z</time></trkpt><trkpt lat="47.60864270" lon="19.14694700"><ele>147.31</ele><time>2025-10-20T13:42:56.333Z</time></trkpt><trkpt lat="47.60864340" lon="19.14694750"><ele>147.81</ele><time>2025-10-20T13:42:56.536Z</time></trkpt><trkpt lat="47.60864410" lon="19.14694780"><ele>148.29</ele><time>2025-10-20T13:42:56.737Z</time></trkpt><trkpt lat="47.60864480" lon="19.14694820"><ele>148.77</ele><time>2025-10-20T13:42:56.938Z</time></trkpt><trkpt lat="47.60864530" lon="19.14694850"><ele>149.25</ele><time>2025-10-20T13:42:57.139Z</time></trkpt><trkpt lat="47.60864580" lon="19.14694890"><ele>149.75</ele><time>2025-10-20T13:42:57.343Z</time></trkpt><trkpt lat="47.60864630" lon="19.14694920"><ele>150.22</ele><time>2025-10-20T13:42:57.544Z</time></trkpt><trkpt lat="47.60864680" lon="19.14694970"><ele>150.69</ele><time>2025-10-20T13:42:57.745Z</time></trkpt><trkpt lat="47.60864730" lon="19.14695020"><ele>151.14</ele><time>2025-10-20T13:42:57.945Z</time></trkpt><trkpt lat="47.60864780" lon="19.14695080"><ele>151.60</ele><time>2025-10-20T13:42:58.145Z</time></trkpt><trkpt lat="47.60864820" lon="19.14695120"><ele>152.05</ele><time>2025-10-20T13:42:58.345Z</time></trkpt><trkpt lat="47.60864850" lon="19.14695150"><ele>152.50</ele><time>2025-10-20T13:42:58.546Z</time></trkpt><trkpt lat="47.60864870" lon="19.14695170"><ele>152.97</ele><time>2025-10-20T13:42:58.747Z</time></trkpt><trkpt lat="47.60864880" lon="19.14695200"><ele>153.44</ele><time>2025-10-20T13:42:58.948Z</time></trkpt><trkpt lat="47.60864870" lon="19.14695230"><ele>153.93</ele><time>2025-10-20T13:42:59.149Z</time></trkpt><trkpt lat="47.60864830" lon="19.14695250"><ele>154.35</ele><time>2025-10-20T13:42:59.322Z</time></trkpt><trkpt lat="47.60864790" lon="19.14695280"><ele>154.88</ele><time>2025-10-20T13:42:59.546Z</time></trkpt><trkpt lat="47.60864730" lon="19.14695310"><ele>155.36</ele><time>2025-10-20T13:42:59.746Z</time></trkpt><trkpt lat="47.60864680" lon="19.14695360"><ele>155.80</ele><time>2025-10-20T13:42:59.946Z</time></trkpt><trkpt lat="47.60864640" lon="19.14695410"><ele>156.10</ele><time>2025-10-20T13:43:00.147Z</time></trkpt><trkpt lat="47.60864600" lon="19.14695460"><ele>156.31</ele><time>2025-10-20T13:43:00.354Z</time></trkpt><trkpt lat="47.60864570" lon="19.14695480"><ele>156.39</ele><time>2025-10-20T13:43:00.535Z</time></trkpt><trkpt lat="47.60864510" lon="19.14695450"><ele>156.36</ele><time>2025-10-20T13:43:00.755Z</time></trkpt><trkpt lat="47.60864400" lon="19.14695350"><ele>156.33</ele><time>2025-10-20T13:43:00.916Z</time></trkpt><trkpt lat="47.60864140" lon="19.14695050"><ele>156.27</ele><time>2025-10-20T13:43:01.139Z</time></trkpt><trkpt lat="47.60863780" lon="19.14694700"><ele>156.22</ele><time>2025-10-20T13:43:01.348Z</time></trkpt><trkpt lat="47.60863340" lon="19.14694400"><ele>156.20</ele><time>2025-10-20T13:43:01.549Z</time></trkpt><trkpt lat="47.60862880" lon="19.14694110"><ele>156.20</ele><time>2025-10-20T13:43:01.750Z</time></trkpt><trkpt lat="47.60862460" lon="19.14693750"><ele>156.21</ele><time>2025-10-20T13:43:01.951Z</time></trkpt><trkpt lat="47.60862120" lon="19.14693250"><ele>156.23</ele><time>2025-10-20T13:43:02.153Z</time></trkpt><trkpt lat="47.60861890" lon="19.14692720"><ele>156.29</ele><time>2025-10-20T13:43:02.341Z</time></trkpt><trkpt lat="47.60861730" lon="19.14692170"><ele>156.41</ele><time>2025-10-20T13:43:02.542Z</time></trkpt><trkpt lat="47.60861620" lon="19.14691690"><ele>156.47</ele><time>2025-10-20T13:43:02.744Z</time></trkpt><trkpt lat="47.60861520" lon="19.14691340"><ele>156.52</ele><time>2025-10-20T13:43:02.945Z</time></trkpt><trkpt lat="47.60861390" lon="19.14691030"><ele>156.53</ele><time>2025-10-20T13:43:03.145Z</time></trkpt><trkpt lat="47.60861220" lon="19.14690700"><ele>156.54</ele><time>2025-10-20T13:43:03.346Z</time></trkpt><trkpt lat="47.60861010" lon="19.14690340"><ele>156.55</ele><time>2025-10-20T13:43:03.547Z</time></trkpt><trkpt lat="47.60860790" lon="19.14689980"><ele>156.57</ele><time>2025-10-20T13:43:03.748Z</time></trkpt><trkpt lat="47.60860560" lon="19.14689640"><ele>156.59</ele><time>2025-10-20T13:43:03.950Z</time></trkpt><trkpt lat="47.60860330" lon="19.14689310"><ele>156.61</ele><time>2025-10-20T13:43:04.151Z</time></trkpt><trkpt lat="47.60860140" lon="19.14689040"><ele>156.63</ele><time>2025-10-20T13:43:04.325Z</time></trkpt><trkpt lat="47.60859930" lon="19.14688780"><ele>156.64</ele><time>2025-10-20T13:43:04.525Z</time></trkpt><trkpt lat="47.60859680" lon="19.14688600"><ele>156.66</ele><time>2025-10-20T13:43:04.727Z</time></trkpt><trkpt lat="47.60859370" lon="19.14688560"><ele>156.66</ele><time>2025-10-20T13:43:04.928Z</time></trkpt><trkpt lat="47.60858980" lon="19.14688710"><ele>156.67</ele><time>2025-10-20T13:43:05.128Z</time></trkpt><trkpt lat="47.60858500" lon="19.14689100"><ele>156.68</ele><time>2025-10-20T13:43:05.332Z</time></trkpt><trkpt lat="47.60858000" lon="19.14689710"><ele>156.67</ele><time>2025-10-20T13:43:05.533Z</time></trkpt><trkpt lat="47.60857490" lon="19.14690520"><ele>156.67</ele><time>2025-10-20T13:43:05.734Z</time></trkpt><trkpt lat="47.60857020" lon="19.14691500"><ele>156.69</ele><time>2025-10-20T13:43:05.935Z</time></trkpt><trkpt lat="47.60856670" lon="19.14692440"><ele>156.71</ele><time>2025-10-20T13:43:06.118Z</time></trkpt><trkpt lat="47.60856350" lon="19.14693660"><ele>156.75</ele><time>2025-10-20T13:43:06.342Z</time></trkpt><trkpt lat="47.60856190" lon="19.14694740"><ele>156.74</ele><time>2025-10-20T13:43:06.543Z</time></trkpt><trkpt lat="47.60856130" lon="19.14695880"><ele>156.75</ele><time>2025-10-20T13:43:06.747Z</time></trkpt><trkpt lat="47.60856160" lon="19.14697040"><ele>156.74</ele><time>2025-10-20T13:43:06.950Z</time></trkpt><trkpt lat="47.60856270" lon="19.14698230"><ele>156.74</ele><time>2025-10-20T13:43:07.152Z</time></trkpt><trkpt lat="47.60856440" lon="19.14699440"><ele>156.74</ele><time>2025-10-20T13:43:07.356Z</time></trkpt><trkpt lat="47.60856650" lon="19.14700470"><ele>156.72</ele><time>2025-10-20T13:43:07.538Z</time></trkpt><trkpt lat="47.60856940" lon="19.14701570"><ele>156.71</ele><time>2025-10-20T13:43:07.740Z</time></trkpt><trkpt lat="47.60857280" lon="19.14702530"><ele>156.70</ele><time>2025-10-20T13:43:07.924Z</time></trkpt><trkpt lat="47.60857780" lon="19.14703660"><ele>156.72</ele><time>2025-10-20T13:43:08.147Z</time></trkpt><trkpt lat="47.60858300" lon="19.14704630"><ele>156.74</ele><time>2025-10-20T13:43:08.360Z</time></trkpt><trkpt lat="47.60858850" lon="19.14705470"><ele>156.74</ele><time>2025-10-20T13:43:08.561Z</time></trkpt><trkpt lat="47.60859440" lon="19.14706240"><ele>156.73</ele><time>2025-10-20T13:43:08.762Z</time></trkpt><trkpt lat="47.60860070" lon="19.14706940"><ele>156.73</ele><time>2025-10-20T13:43:08.964Z</time></trkpt><trkpt lat="47.60860750" lon="19.14707570"><ele>156.71</ele><time>2025-10-20T13:43:09.165Z</time></trkpt><trkpt lat="47.60861430" lon="19.14708090"><ele>156.71</ele><time>2025-10-20T13:43:09.358Z</time></trkpt><trkpt lat="47.60862190" lon="19.14708550"><ele>156.70</ele><time>2025-10-20T13:43:09.559Z</time></trkpt><trkpt lat="47.60862910" lon="19.14708880"><ele>156.71</ele><time>2025-10-20T13:43:09.739Z</time></trkpt><trkpt lat="47.60863800" lon="19.14709180"><ele>156.70</ele><time>2025-10-20T13:43:09.960Z</time></trkpt><trkpt lat="47.60864630" lon="19.14709350"><ele>156.69</ele><time>2025-10-20T13:43:10.161Z</time></trkpt><trkpt lat="47.60865430" lon="19.14709390"><ele>156.69</ele><time>2025-10-20T13:43:10.354Z</time></trkpt><trkpt lat="47.60866260" lon="19.14709360"><ele>156.69</ele><time>2025-10-20T13:43:10.550Z</time></trkpt><trkpt lat="47.60867130" lon="19.14709210"><ele>156.69</ele><time>2025-10-20T13:43:10.753Z</time></trkpt><trkpt lat="47.60867970" lon="19.14708940"><ele>156.70</ele><time>2025-10-20T13:43:10.954Z</time></trkpt><trkpt lat="47.60868820" lon="19.14708530"><ele>156.71</ele><time>2025-10-20T13:43:11.157Z</time></trkpt><trkpt lat="47.60869640" lon="19.14707980"><ele>156.74</ele><time>2025-10-20T13:43:11.358Z</time></trkpt><trkpt lat="47.60870270" lon="19.14707460"><ele>156.76</ele><time>2025-10-20T13:43:11.519Z</time></trkpt><trkpt lat="47.60871150" lon="19.14706540"><ele>156.79</ele><time>2025-10-20T13:43:11.761Z</time></trkpt><trkpt lat="47.60871810" lon="19.14705630"><ele>156.80</ele><time>2025-10-20T13:43:11.963Z</time></trkpt><trkpt lat="47.60872400" lon="19.14704610"><ele>156.83</ele><time>2025-10-20T13:43:12.164Z</time></trkpt><trkpt lat="47.60872890" lon="19.14703510"><ele>156.85</ele><time>2025-10-20T13:43:12.360Z</time></trkpt><trkpt lat="47.60873310" lon="19.14702320"><ele>156.89</ele><time>2025-10-20T13:43:12.561Z</time></trkpt><trkpt lat="47.60873630" lon="19.14701160"><ele>156.91</ele><time>2025-10-20T13:43:12.744Z</time></trkpt><trkpt lat="47.60873920" lon="19.14699840"><ele>156.95</ele><time>2025-10-20T13:43:12.947Z</time></trkpt><trkpt lat="47.60874100" lon="19.14698460"><ele>156.97</ele><time>2025-10-20T13:43:13.150Z</time></trkpt><trkpt lat="47.60874180" lon="19.14697030"><ele>156.98</ele><time>2025-10-20T13:43:13.352Z</time></trkpt><trkpt lat="47.60874140" lon="19.14695510"><ele>156.99</ele><time>2025-10-20T13:43:13.565Z</time></trkpt><trkpt lat="47.60874010" lon="19.14694090"><ele>157.01</ele><time>2025-10-20T13:43:13.765Z</time></trkpt><trkpt lat="47.60873770" lon="19.14692750"><ele>157.04</ele><time>2025-10-20T13:43:13.967Z</time></trkpt><trkpt lat="47.60873500" lon="19.14691590"><ele>157.05</ele><time>2025-10-20T13:43:14.149Z</time></trkpt><trkpt lat="47.60873080" lon="19.14690290"><ele>157.06</ele><time>2025-10-20T13:43:14.361Z</time></trkpt><trkpt lat="47.60872590" lon="19.14689110"><ele>157.07</ele><time>2025-10-20T13:43:14.561Z</time></trkpt><trkpt lat="47.60872020" lon="19.14687980"><ele>157.08</ele><time>2025-10-20T13:43:14.764Z</time></trkpt><trkpt lat="47.60871380" lon="19.14686970"><ele>157.09</ele><time>2025-10-20T13:43:14.965Z</time></trkpt><trkpt lat="47.60870610" lon="19.14686010"><ele>157.10</ele><time>2025-10-20T13:43:15.184Z</time></trkpt><trkpt lat="47.60869890" lon="19.14685310"><ele>157.12</ele><time>2025-10-20T13:43:15.374Z</time></trkpt><trkpt lat="47.60869110" lon="19.14684700"><ele>157.12</ele><time>2025-10-20T13:43:15.576Z</time></trkpt><trkpt lat="47.60868290" lon="19.14684170"><ele>157.11</ele><time>2025-10-20T13:43:15.776Z</time></trkpt><trkpt lat="47.60867530" lon="19.14683810"><ele>157.12</ele><time>2025-10-20T13:43:15.956Z</time></trkpt><trkpt lat="47.60866650" lon="19.14683500"><ele>157.12</ele><time>2025-10-20T13:43:16.156Z</time></trkpt><trkpt lat="47.60865700" lon="19.14683280"><ele>157.11</ele><time>2025-10-20T13:43:16.371Z</time></trkpt><trkpt lat="47.60864800" lon="19.14683190"><ele>157.07</ele><time>2025-10-20T13:43:16.573Z</time></trkpt><trkpt lat="47.60863920" lon="19.14683220"><ele>157.05</ele><time>2025-10-20T13:43:16.773Z</time></trkpt><trkpt lat="47.60863020" lon="19.14683400"><ele>157.02</ele><time>2025-10-20T13:43:16.974Z</time></trkpt><trkpt lat="47.60862140" lon="19.14683700"><ele>156.98</ele><time>2025-10-20T13:43:17.175Z</time></trkpt><trkpt lat="47.60861260" lon="19.14684140"><ele>156.97</ele><time>2025-10-20T13:43:17.376Z</time></trkpt><trkpt lat="47.60860510" lon="19.14684600"><ele>156.97</ele><time>2025-10-20T13:43:17.556Z</time></trkpt><trkpt lat="47.60859660" lon="19.14685260"><ele>156.94</ele><time>2025-10-20T13:43:17.777Z</time></trkpt><trkpt lat="47.60858920" lon="19.14686000"><ele>156.94</ele><time>2025-10-20T13:43:17.978Z</time></trkpt><trkpt lat="47.60858240" lon="19.14686850"><ele>156.94</ele><time>2025-10-20T13:43:18.179Z</time></trkpt><trkpt lat="47.60857620" lon="19.14687790"><ele>156.95</ele><time>2025-10-20T13:43:18.380Z</time></trkpt><trkpt lat="47.60857090" lon="19.14688790"><ele>156.94</ele><time>2025-10-20T13:43:18.581Z</time></trkpt><trkpt lat="47.60856640" lon="19.14689870"><ele>156.91</ele><time>2025-10-20T13:43:18.782Z</time></trkpt><trkpt lat="47.60856260" lon="19.14691000"><ele>156.88</ele><time>2025-10-20T13:43:18.982Z</time></trkpt><trkpt lat="47.60855960" lon="19.14692160"><ele>156.84</ele><time>2025-10-20T13:43:19.183Z</time></trkpt><trkpt lat="47.60855720" lon="19.14693360"><ele>156.79</ele><time>2025-10-20T13:43:19.384Z</time></trkpt><trkpt lat="47.60855600" lon="19.14694200"><ele>156.77</ele><time>2025-10-20T13:43:19.525Z</time></trkpt><trkpt lat="47.60855480" lon="19.14695690"><ele>156.71</ele><time>2025-10-20T13:43:19.765Z</time></trkpt><trkpt lat="47.60855490" lon="19.14696960"><ele>156.68</ele><time>2025-10-20T13:43:19.966Z</time></trkpt><trkpt lat="47.60855570" lon="19.14698220"><ele>156.66</ele><time>2025-10-20T13:43:20.167Z</time></trkpt><trkpt lat="47.60855710" lon="19.14699480"><ele>156.65</ele><time>2025-10-20T13:43:20.369Z</time></trkpt><trkpt lat="47.60855940" lon="19.14700700"><ele>156.64</ele><time>2025-10-20T13:43:20.570Z</time></trkpt><trkpt lat="47.60856240" lon="19.14701870"><ele>156.61</ele><time>2025-10-20T13:43:20.770Z</time></trkpt><trkpt lat="47.60856620" lon="19.14703000"><ele>156.58</ele><time>2025-10-20T13:43:20.970Z</time></trkpt><trkpt lat="47.60857080" lon="19.14704050"><ele>156.58</ele><time>2025-10-20T13:43:21.172Z</time></trkpt><trkpt lat="47.60857630" lon="19.14705060"><ele>156.57</ele><time>2025-10-20T13:43:21.383Z</time></trkpt><trkpt lat="47.60858190" lon="19.14705910"><ele>156.56</ele><time>2025-10-20T13:43:21.574Z</time></trkpt><trkpt lat="47.60858840" lon="19.14706720"><ele>156.55</ele><time>2025-10-20T13:43:21.776Z</time></trkpt><trkpt lat="47.60859530" lon="19.14707420"><ele>156.55</ele><time>2025-10-20T13:43:21.976Z</time></trkpt><trkpt lat="47.60860280" lon="19.14708020"><ele>156.55</ele><time>2025-10-20T13:43:22.177Z</time></trkpt><trkpt lat="47.60861080" lon="19.14708490"><ele>156.55</ele><time>2025-10-20T13:43:22.380Z</time></trkpt><trkpt lat="47.60861880" lon="19.14708850"><ele>156.55</ele><time>2025-10-20T13:43:22.581Z</time></trkpt><trkpt lat="47.60862670" lon="19.14709080"><ele>156.56</ele><time>2025-10-20T13:43:22.765Z</time></trkpt><trkpt lat="47.60863560" lon="19.14709230"><ele>156.58</ele><time>2025-10-20T13:43:22.967Z</time></trkpt><trkpt lat="47.60864380" lon="19.14709260"><ele>156.58</ele><time>2025-10-20T13:43:23.149Z</time></trkpt><trkpt lat="47.60865260" lon="19.14709160"><ele>156.59</ele><time>2025-10-20T13:43:23.345Z</time></trkpt><trkpt lat="47.60866260" lon="19.14708890"><ele>156.60</ele><time>2025-10-20T13:43:23.565Z</time></trkpt><trkpt lat="47.60867130" lon="19.14708500"><ele>156.63</ele><time>2025-10-20T13:43:23.765Z</time></trkpt><trkpt lat="47.60867980" lon="19.14707990"><ele>156.65</ele><time>2025-10-20T13:43:23.967Z</time></trkpt><trkpt lat="47.60868790" lon="19.14707360"><ele>156.68</ele><time>2025-10-20T13:43:24.171Z</time></trkpt><trkpt lat="47.60869550" lon="19.14706600"><ele>156.72</ele><time>2025-10-20T13:43:24.377Z</time></trkpt><trkpt lat="47.60870230" lon="19.14705770"><ele>156.74</ele><time>2025-10-20T13:43:24.578Z</time></trkpt><trkpt lat="47.60870840" lon="19.14704840"><ele>156.75</ele><time>2025-10-20T13:43:24.780Z</time></trkpt><trkpt lat="47.60871410" lon="19.14703810"><ele>156.76</ele><time>2025-10-20T13:43:24.980Z</time></trkpt><trkpt lat="47.60871890" lon="19.14702690"><ele>156.77</ele><time>2025-10-20T13:43:25.181Z</time></trkpt><trkpt lat="47.60872300" lon="19.14701480"><ele>156.81</ele><time>2025-10-20T13:43:25.382Z</time></trkpt><trkpt lat="47.60872610" lon="19.14700350"><ele>156.83</ele><time>2025-10-20T13:43:25.562Z</time></trkpt><trkpt lat="47.60872900" lon="19.14698910"><ele>156.85</ele><time>2025-10-20T13:43:25.782Z</time></trkpt><trkpt lat="47.60873060" lon="19.14697550"><ele>156.88</ele><time>2025-10-20T13:43:25.983Z</time></trkpt><trkpt lat="47.60873130" lon="19.14696160"><ele>156.90</ele><time>2025-10-20T13:43:26.185Z</time></trkpt><trkpt lat="47.60873110" lon="19.14694870"><ele>156.91</ele><time>2025-10-20T13:43:26.369Z</time></trkpt><trkpt lat="47.60873000" lon="19.14693510"><ele>156.92</ele><time>2025-10-20T13:43:26.571Z</time></trkpt><trkpt lat="47.60872800" lon="19.14692140"><ele>156.93</ele><time>2025-10-20T13:43:26.773Z</time></trkpt><trkpt lat="47.60872510" lon="19.14690860"><ele>156.96</ele><time>2025-10-20T13:43:26.974Z</time></trkpt><trkpt lat="47.60872130" lon="19.14689620"><ele>156.98</ele><time>2025-10-20T13:43:27.175Z</time></trkpt><trkpt lat="47.60871630" lon="19.14688400"><ele>157.00</ele><time>2025-10-20T13:43:27.385Z</time></trkpt><trkpt lat="47.60871070" lon="19.14687290"><ele>157.00</ele><time>2025-10-20T13:43:27.589Z</time></trkpt><trkpt lat="47.60870450" lon="19.14686310"><ele>157.00</ele><time>2025-10-20T13:43:27.789Z</time></trkpt><trkpt lat="47.60869760" lon="19.14685440"><ele>157.00</ele><time>2025-10-20T13:43:27.989Z</time></trkpt><trkpt lat="47.60869010" lon="19.14684660"><ele>157.00</ele><time>2025-10-20T13:43:28.190Z</time></trkpt><trkpt lat="47.60868250" lon="19.14684020"><ele>156.99</ele><time>2025-10-20T13:43:28.381Z</time></trkpt><trkpt lat="47.60867440" lon="19.14683480"><ele>156.98</ele><time>2025-10-20T13:43:28.580Z</time></trkpt><trkpt lat="47.60866560" lon="19.14683070"><ele>156.99</ele><time>2025-10-20T13:43:28.783Z</time></trkpt><trkpt lat="47.60865740" lon="19.14682830"><ele>156.99</ele><time>2025-10-20T13:43:28.962Z</time></trkpt><trkpt lat="47.60864710" lon="19.14682700"><ele>157.00</ele><time>2025-10-20T13:43:29.183Z</time></trkpt><trkpt lat="47.60863790" lon="19.14682730"><ele>157.02</ele><time>2025-10-20T13:43:29.377Z</time></trkpt><trkpt lat="47.60862760" lon="19.14682950"><ele>157.02</ele><time>2025-10-20T13:43:29.597Z</time></trkpt><trkpt lat="47.60861840" lon="19.14683290"><ele>157.03</ele><time>2025-10-20T13:43:29.798Z</time></trkpt><trkpt lat="47.60861070" lon="19.14683630"><ele>157.04</ele><time>2025-10-20T13:43:29.979Z</time></trkpt><trkpt lat="47.60860300" lon="19.14684030"><ele>157.08</ele><time>2025-10-20T13:43:30.181Z</time></trkpt><trkpt lat="47.60859660" lon="19.14684400"><ele>157.09</ele><time>2025-10-20T13:43:30.383Z</time></trkpt><trkpt lat="47.60859110" lon="19.14684750"><ele>157.07</ele><time>2025-10-20T13:43:30.587Z</time></trkpt><trkpt lat="47.60858660" lon="19.14685080"><ele>157.04</ele><time>2025-10-20T13:43:30.792Z</time></trkpt><trkpt lat="47.60858280" lon="19.14685390"><ele>157.02</ele><time>2025-10-20T13:43:30.995Z</time></trkpt><trkpt lat="47.60858030" lon="19.14685620"><ele>157.02</ele><time>2025-10-20T13:43:31.157Z</time></trkpt><trkpt lat="47.60857740" lon="19.14685960"><ele>157.02</ele><time>2025-10-20T13:43:31.383Z</time></trkpt><trkpt lat="47.60857550" lon="19.14686270"><ele>156.99</ele><time>2025-10-20T13:43:31.584Z</time></trkpt><trkpt lat="47.60857420" lon="19.14686530"><ele>156.97</ele><time>2025-10-20T13:43:31.766Z</time></trkpt><trkpt lat="47.60857310" lon="19.14686740"><ele>156.93</ele><time>2025-10-20T13:43:31.987Z</time></trkpt><trkpt lat="47.60857230" lon="19.14686790"><ele>156.89</ele><time>2025-10-20T13:43:32.149Z</time></trkpt><trkpt lat="47.60857080" lon="19.14686660"><ele>156.84</ele><time>2025-10-20T13:43:32.372Z</time></trkpt><trkpt lat="47.60856900" lon="19.14686320"><ele>156.79</ele><time>2025-10-20T13:43:32.575Z</time></trkpt><trkpt lat="47.60856670" lon="19.14685800"><ele>156.75</ele><time>2025-10-20T13:43:32.777Z</time></trkpt><trkpt lat="47.60856380" lon="19.14685110"><ele>156.71</ele><time>2025-10-20T13:43:32.979Z</time></trkpt><trkpt lat="47.60856030" lon="19.14684270"><ele>156.69</ele><time>2025-10-20T13:43:33.185Z</time></trkpt><trkpt lat="47.60855640" lon="19.14683310"><ele>156.68</ele><time>2025-10-20T13:43:33.387Z</time></trkpt><trkpt lat="47.60855220" lon="19.14682280"><ele>156.68</ele><time>2025-10-20T13:43:33.591Z</time></trkpt><trkpt lat="47.60854760" lon="19.14681160"><ele>156.68</ele><time>2025-10-20T13:43:33.795Z</time></trkpt><trkpt lat="47.60854330" lon="19.14680110"><ele>156.68</ele><time>2025-10-20T13:43:33.977Z</time></trkpt><trkpt lat="47.60853830" lon="19.14678900"><ele>156.68</ele><time>2025-10-20T13:43:34.179Z</time></trkpt><trkpt lat="47.60853290" lon="19.14677610"><ele>156.67</ele><time>2025-10-20T13:43:34.390Z</time></trkpt><trkpt lat="47.60852750" lon="19.14676330"><ele>156.68</ele><time>2025-10-20T13:43:34.595Z</time></trkpt><trkpt lat="47.60852220" lon="19.14675060"><ele>156.68</ele><time>2025-10-20T13:43:34.795Z</time></trkpt><trkpt lat="47.60851670" lon="19.14673750"><ele>156.68</ele><time>2025-10-20T13:43:34.996Z</time></trkpt><trkpt lat="47.60851110" lon="19.14672400"><ele>156.68</ele><time>2025-10-20T13:43:35.196Z</time></trkpt><trkpt lat="47.60850600" lon="19.14671160"><ele>156.69</ele><time>2025-10-20T13:43:35.381Z</time></trkpt><trkpt lat="47.60850040" lon="19.14669810"><ele>156.70</ele><time>2025-10-20T13:43:35.582Z</time></trkpt><trkpt lat="47.60849470" lon="19.14668460"><ele>156.70</ele><time>2025-10-20T13:43:35.786Z</time></trkpt><trkpt lat="47.60849000" lon="19.14667310"><ele>156.70</ele><time>2025-10-20T13:43:35.967Z</time></trkpt><trkpt lat="47.60848470" lon="19.14666000"><ele>156.72</ele><time>2025-10-20T13:43:36.188Z</time></trkpt><trkpt lat="47.60848060" lon="19.14665030"><ele>156.73</ele><time>2025-10-20T13:43:36.372Z</time></trkpt><trkpt lat="47.60847670" lon="19.14664060"><ele>156.73</ele><time>2025-10-20T13:43:36.596Z</time></trkpt><trkpt lat="47.60847420" lon="19.14663410"><ele>156.74</ele><time>2025-10-20T13:43:36.797Z</time></trkpt><trkpt lat="47.60847270" lon="19.14662970"><ele>156.74</ele><time>2025-10-20T13:43:36.978Z</time></trkpt><trkpt lat="47.60847170" lon="19.14662600"><ele>156.73</ele><time>2025-10-20T13:43:37.200Z</time></trkpt><trkpt lat="47.60847120" lon="19.14662400"><ele>156.74</ele><time>2025-10-20T13:43:37.402Z</time></trkpt><trkpt lat="47.60847110" lon="19.14662300"><ele>156.74</ele><time>2025-10-20T13:43:37.602Z</time></trkpt><trkpt lat="47.60847120" lon="19.14662270"><ele>156.74</ele><time>2025-10-20T13:43:37.803Z</time></trkpt><trkpt lat="47.60847140" lon="19.14662300"><ele>156.74</ele><time>2025-10-20T13:43:38.004Z</time></trkpt><trkpt lat="47.60847170" lon="19.14662370"><ele>156.74</ele><time>2025-10-20T13:43:38.205Z</time></trkpt><trkpt lat="47.60847180" lon="19.14662490"><ele>156.73</ele><time>2025-10-20T13:43:38.408Z</time></trkpt><trkpt lat="47.60847140" lon="19.14662740"><ele>156.72</ele><time>2025-10-20T13:43:38.610Z</time></trkpt><trkpt lat="47.60847010" lon="19.14663110"><ele>156.71</ele><time>2025-10-20T13:43:38.794Z</time></trkpt><trkpt lat="47.60846810" lon="19.14663560"><ele>156.70</ele><time>2025-10-20T13:43:38.954Z</time></trkpt><trkpt lat="47.60846380" lon="19.14664450"><ele>156.71</ele><time>2025-10-20T13:43:39.195Z</time></trkpt><trkpt lat="47.60845920" lon="19.14665360"><ele>156.72</ele><time>2025-10-20T13:43:39.397Z</time></trkpt><trkpt lat="47.60845410" lon="19.14666380"><ele>156.72</ele><time>2025-10-20T13:43:39.598Z</time></trkpt><trkpt lat="47.60844860" lon="19.14667500"><ele>156.73</ele><time>2025-10-20T13:43:39.800Z</time></trkpt><trkpt lat="47.60844270" lon="19.14668700"><ele>156.74</ele><time>2025-10-20T13:43:40.002Z</time></trkpt><trkpt lat="47.60843640" lon="19.14670010"><ele>156.77</ele><time>2025-10-20T13:43:40.210Z</time></trkpt><trkpt lat="47.60843010" lon="19.14671350"><ele>156.80</ele><time>2025-10-20T13:43:40.414Z</time></trkpt><trkpt lat="47.60842400" lon="19.14672710"><ele>156.84</ele><time>2025-10-20T13:43:40.616Z</time></trkpt><trkpt lat="47.60841790" lon="19.14674050"><ele>156.85</ele><time>2025-10-20T13:43:40.816Z</time></trkpt><trkpt lat="47.60841190" lon="19.14675430"><ele>156.87</ele><time>2025-10-20T13:43:41.017Z</time></trkpt><trkpt lat="47.60840600" lon="19.14676830"><ele>156.87</ele><time>2025-10-20T13:43:41.219Z</time></trkpt><trkpt lat="47.60840090" lon="19.14678100"><ele>156.89</ele><time>2025-10-20T13:43:41.401Z</time></trkpt><trkpt lat="47.60839600" lon="19.14679380"><ele>156.89</ele><time>2025-10-20T13:43:41.583Z</time></trkpt><trkpt lat="47.60839080" lon="19.14680800"><ele>156.91</ele><time>2025-10-20T13:43:41.784Z</time></trkpt><trkpt lat="47.60838560" lon="19.14682360"><ele>156.91</ele><time>2025-10-20T13:43:42.006Z</time></trkpt><trkpt lat="47.60838170" lon="19.14683630"><ele>156.89</ele><time>2025-10-20T13:43:42.187Z</time></trkpt><trkpt lat="47.60837750" lon="19.14685110"><ele>156.89</ele><time>2025-10-20T13:43:42.397Z</time></trkpt><trkpt lat="47.60837400" lon="19.14686510"><ele>156.91</ele><time>2025-10-20T13:43:42.597Z</time></trkpt><trkpt lat="47.60837090" lon="19.14687910"><ele>156.87</ele><time>2025-10-20T13:43:42.798Z</time></trkpt><trkpt lat="47.60836810" lon="19.14689290"><ele>156.82</ele><time>2025-10-20T13:43:42.998Z</time></trkpt><trkpt lat="47.60836560" lon="19.14690680"><ele>156.80</ele><time>2025-10-20T13:43:43.198Z</time></trkpt><trkpt lat="47.60836350" lon="19.14692050"><ele>156.75</ele><time>2025-10-20T13:43:43.400Z</time></trkpt><trkpt lat="47.60836190" lon="19.14693260"><ele>156.70</ele><time>2025-10-20T13:43:43.581Z</time></trkpt><trkpt lat="47.60836030" lon="19.14694720"><ele>156.65</ele><time>2025-10-20T13:43:43.801Z</time></trkpt><trkpt lat="47.60835910" lon="19.14696060"><ele>156.63</ele><time>2025-10-20T13:43:44.001Z</time></trkpt><trkpt lat="47.60835840" lon="19.14697390"><ele>156.60</ele><time>2025-10-20T13:43:44.203Z</time></trkpt><trkpt lat="47.60835820" lon="19.14698690"><ele>156.58</ele><time>2025-10-20T13:43:44.406Z</time></trkpt><trkpt lat="47.60835840" lon="19.14699930"><ele>156.56</ele><time>2025-10-20T13:43:44.607Z</time></trkpt><trkpt lat="47.60835910" lon="19.14701180"><ele>156.54</ele><time>2025-10-20T13:43:44.810Z</time></trkpt><trkpt lat="47.60836000" lon="19.14702290"><ele>156.51</ele><time>2025-10-20T13:43:44.992Z</time></trkpt><trkpt lat="47.60836170" lon="19.14703640"><ele>156.49</ele><time>2025-10-20T13:43:45.216Z</time></trkpt><trkpt lat="47.60836350" lon="19.14704770"><ele>156.48</ele><time>2025-10-20T13:43:45.403Z</time></trkpt><trkpt lat="47.60836580" lon="19.14705990"><ele>156.45</ele><time>2025-10-20T13:43:45.605Z</time></trkpt><trkpt lat="47.60836840" lon="19.14707220"><ele>156.46</ele><time>2025-10-20T13:43:45.807Z</time></trkpt><trkpt lat="47.60837120" lon="19.14708430"><ele>156.45</ele><time>2025-10-20T13:43:46.009Z</time></trkpt><trkpt lat="47.60837420" lon="19.14709640"><ele>156.44</ele><time>2025-10-20T13:43:46.211Z</time></trkpt><trkpt lat="47.60837730" lon="19.14710860"><ele>156.44</ele><time>2025-10-20T13:43:46.413Z</time></trkpt><trkpt lat="47.60838040" lon="19.14711950"><ele>156.43</ele><time>2025-10-20T13:43:46.596Z</time></trkpt><trkpt lat="47.60838430" lon="19.14713290"><ele>156.44</ele><time>2025-10-20T13:43:46.817Z</time></trkpt><trkpt lat="47.60838820" lon="19.14714510"><ele>156.44</ele><time>2025-10-20T13:43:47.019Z</time></trkpt><trkpt lat="47.60839250" lon="19.14715720"><ele>156.43</ele><time>2025-10-20T13:43:47.221Z</time></trkpt><trkpt lat="47.60839720" lon="19.14716890"><ele>156.43</ele><time>2025-10-20T13:43:47.425Z</time></trkpt><trkpt lat="47.60840200" lon="19.14718010"><ele>156.42</ele><time>2025-10-20T13:43:47.627Z</time></trkpt><trkpt lat="47.60840700" lon="19.14719100"><ele>156.43</ele><time>2025-10-20T13:43:47.829Z</time></trkpt><trkpt lat="47.60841230" lon="19.14720170"><ele>156.44</ele><time>2025-10-20T13:43:48.030Z</time></trkpt><trkpt lat="47.60841770" lon="19.14721220"><ele>156.44</ele><time>2025-10-20T13:43:48.231Z</time></trkpt><trkpt lat="47.60842330" lon="19.14722260"><ele>156.45</ele><time>2025-10-20T13:43:48.434Z</time></trkpt><trkpt lat="47.60842850" lon="19.14723170"><ele>156.46</ele><time>2025-10-20T13:43:48.615Z</time></trkpt><trkpt lat="47.60843510" lon="19.14724250"><ele>156.47</ele><time>2025-10-20T13:43:48.838Z</time></trkpt><trkpt lat="47.60844130" lon="19.14725210"><ele>156.47</ele><time>2025-10-20T13:43:49.039Z</time></trkpt><trkpt lat="47.60844720" lon="19.14726070"><ele>156.46</ele><time>2025-10-20T13:43:49.227Z</time></trkpt><trkpt lat="47.60845470" lon="19.14727110"><ele>156.48</ele><time>2025-10-20T13:43:49.454Z</time></trkpt><trkpt lat="47.60846090" lon="19.14727900"><ele>156.48</ele><time>2025-10-20T13:43:49.634Z</time></trkpt><trkpt lat="47.60846790" lon="19.14728750"><ele>156.47</ele><time>2025-10-20T13:43:49.833Z</time></trkpt><trkpt lat="47.60847490" lon="19.14729580"><ele>156.46</ele><time>2025-10-20T13:43:50.034Z</time></trkpt><trkpt lat="47.60848170" lon="19.14730320"><ele>156.46</ele><time>2025-10-20T13:43:50.222Z</time></trkpt><trkpt lat="47.60848990" lon="19.14731170"><ele>156.48</ele><time>2025-10-20T13:43:50.443Z</time></trkpt><trkpt lat="47.60849750" lon="19.14731920"><ele>156.47</ele><time>2025-10-20T13:43:50.647Z</time></trkpt><trkpt lat="47.60850530" lon="19.14732630"><ele>156.46</ele><time>2025-10-20T13:43:50.850Z</time></trkpt><trkpt lat="47.60851150" lon="19.14733160"><ele>156.46</ele><time>2025-10-20T13:43:51.012Z</time></trkpt><trkpt lat="47.60852100" lon="19.14733930"><ele>156.45</ele><time>2025-10-20T13:43:51.259Z</time></trkpt><trkpt lat="47.60852850" lon="19.14734470"><ele>156.43</ele><time>2025-10-20T13:43:51.444Z</time></trkpt><trkpt lat="47.60853670" lon="19.14735030"><ele>156.42</ele><time>2025-10-20T13:43:51.648Z</time></trkpt><trkpt lat="47.60854480" lon="19.14735560"><ele>156.42</ele><time>2025-10-20T13:43:51.849Z</time></trkpt><trkpt lat="47.60855140" lon="19.14735960"><ele>156.43</ele><time>2025-10-20T13:43:52.015Z</time></trkpt><trkpt lat="47.60855890" lon="19.14736380"><ele>156.43</ele><time>2025-10-20T13:43:52.198Z</time></trkpt><trkpt lat="47.60856810" lon="19.14736840"><ele>156.44</ele><time>2025-10-20T13:43:52.422Z</time></trkpt><trkpt lat="47.60857620" lon="19.14737210"><ele>156.44</ele><time>2025-10-20T13:43:52.623Z</time></trkpt><trkpt lat="47.60858440" lon="19.14737540"><ele>156.45</ele><time>2025-10-20T13:43:52.824Z</time></trkpt><trkpt lat="47.60859270" lon="19.14737830"><ele>156.45</ele><time>2025-10-20T13:43:53.025Z</time></trkpt><trkpt lat="47.60860100" lon="19.14738070"><ele>156.46</ele><time>2025-10-20T13:43:53.227Z</time></trkpt><trkpt lat="47.60860960" lon="19.14738290"><ele>156.48</ele><time>2025-10-20T13:43:53.433Z</time></trkpt><trkpt lat="47.60861890" lon="19.14738470"><ele>156.49</ele><time>2025-10-20T13:43:53.653Z</time></trkpt><trkpt lat="47.60862760" lon="19.14738590"><ele>156.49</ele><time>2025-10-20T13:43:53.855Z</time></trkpt><trkpt lat="47.60863570" lon="19.14738650"><ele>156.50</ele><time>2025-10-20T13:43:54.037Z</time></trkpt><trkpt lat="47.60864470" lon="19.14738690"><ele>156.52</ele><time>2025-10-20T13:43:54.241Z</time></trkpt><trkpt lat="47.60865350" lon="19.14738680"><ele>156.53</ele><time>2025-10-20T13:43:54.446Z</time></trkpt><trkpt lat="47.60866220" lon="19.14738630"><ele>156.54</ele><time>2025-10-20T13:43:54.648Z</time></trkpt><trkpt lat="47.60867100" lon="19.14738530"><ele>156.54</ele><time>2025-10-20T13:43:54.850Z</time></trkpt><trkpt lat="47.60867980" lon="19.14738380"><ele>156.53</ele><time>2025-10-20T13:43:55.051Z</time></trkpt><trkpt lat="47.60868750" lon="19.14738200"><ele>156.53</ele><time>2025-10-20T13:43:55.232Z</time></trkpt><trkpt lat="47.60869670" lon="19.14737940"><ele>156.53</ele><time>2025-10-20T13:43:55.453Z</time></trkpt><trkpt lat="47.60870520" lon="19.14737650"><ele>156.53</ele><time>2025-10-20T13:43:55.657Z</time></trkpt><trkpt lat="47.60871350" lon="19.14737300"><ele>156.53</ele><time>2025-10-20T13:43:55.858Z</time></trkpt><trkpt lat="47.60872170" lon="19.14736910"><ele>156.54</ele><time>2025-10-20T13:43:56.060Z</time></trkpt><trkpt lat="47.60873000" lon="19.14736450"><ele>156.54</ele><time>2025-10-20T13:43:56.263Z</time></trkpt><trkpt lat="47.60873730" lon="19.14736010"><ele>156.55</ele><time>2025-10-20T13:43:56.443Z</time></trkpt><trkpt lat="47.60874620" lon="19.14735420"><ele>156.55</ele><time>2025-10-20T13:43:56.666Z</time></trkpt><trkpt lat="47.60875420" lon="19.14734840"><ele>156.56</ele><time>2025-10-20T13:43:56.867Z</time></trkpt><trkpt lat="47.60876200" lon="19.14734230"><ele>156.57</ele><time>2025-10-20T13:43:57.068Z</time></trkpt><trkpt lat="47.60876980" lon="19.14733560"><ele>156.58</ele><time>2025-10-20T13:43:57.270Z</time></trkpt><trkpt lat="47.60877750" lon="19.14732850"><ele>156.60</ele><time>2025-10-20T13:43:57.474Z</time></trkpt><trkpt lat="47.60878520" lon="19.14732100"><ele>156.61</ele><time>2025-10-20T13:43:57.676Z</time></trkpt><trkpt lat="47.60879270" lon="19.14731310"><ele>156.62</ele><time>2025-10-20T13:43:57.879Z</time></trkpt><trkpt lat="47.60879930" lon="19.14730570"><ele>156.63</ele><time>2025-10-20T13:43:58.061Z</time></trkpt><trkpt lat="47.60880650" lon="19.14729710"><ele>156.63</ele><time>2025-10-20T13:43:58.263Z</time></trkpt><trkpt lat="47.60881420" lon="19.14728720"><ele>156.64</ele><time>2025-10-20T13:43:58.486Z</time></trkpt><trkpt lat="47.60882100" lon="19.14727790"><ele>156.65</ele><time>2025-10-20T13:43:58.688Z</time></trkpt><trkpt lat="47.60882760" lon="19.14726830"><ele>156.66</ele><time>2025-10-20T13:43:58.890Z</time></trkpt><trkpt lat="47.60883400" lon="19.14725850"><ele>156.68</ele><time>2025-10-20T13:43:59.091Z</time></trkpt><trkpt lat="47.60884020" lon="19.14724840"><ele>156.69</ele><time>2025-10-20T13:43:59.292Z</time></trkpt><trkpt lat="47.60884640" lon="19.14723780"><ele>156.71</ele><time>2025-10-20T13:43:59.495Z</time></trkpt><trkpt lat="47.60885230" lon="19.14722690"><ele>156.71</ele><time>2025-10-20T13:43:59.695Z</time></trkpt><trkpt lat="47.60885810" lon="19.14721570"><ele>156.72</ele><time>2025-10-20T13:43:59.896Z</time></trkpt><trkpt lat="47.60886320" lon="19.14720510"><ele>156.74</ele><time>2025-10-20T13:44:00.077Z</time></trkpt><trkpt lat="47.60886860" lon="19.14719320"><ele>156.75</ele><time>2025-10-20T13:44:00.280Z</time></trkpt><trkpt lat="47.60887420" lon="19.14718010"><ele>156.77</ele><time>2025-10-20T13:44:00.501Z</time></trkpt><trkpt lat="47.60887910" lon="19.14716790"><ele>156.77</ele><time>2025-10-20T13:44:00.701Z</time></trkpt><trkpt lat="47.60888370" lon="19.14715570"><ele>156.78</ele><time>2025-10-20T13:44:00.902Z</time></trkpt><trkpt lat="47.60888790" lon="19.14714340"><ele>156.77</ele><time>2025-10-20T13:44:01.103Z</time></trkpt><trkpt lat="47.60889190" lon="19.14713080"><ele>156.77</ele><time>2025-10-20T13:44:01.305Z</time></trkpt><trkpt lat="47.60889540" lon="19.14711830"><ele>156.78</ele><time>2025-10-20T13:44:01.507Z</time></trkpt><trkpt lat="47.60889870" lon="19.14710600"><ele>156.79</ele><time>2025-10-20T13:44:01.707Z</time></trkpt><trkpt lat="47.60890180" lon="19.14709350"><ele>156.79</ele><time>2025-10-20T13:44:01.908Z</time></trkpt><trkpt lat="47.60890460" lon="19.14708100"><ele>156.80</ele><time>2025-10-20T13:44:02.109Z</time></trkpt><trkpt lat="47.60890690" lon="19.14706890"><ele>156.80</ele><time>2025-10-20T13:44:02.304Z</time></trkpt><trkpt lat="47.60890920" lon="19.14705630"><ele>156.81</ele><time>2025-10-20T13:44:02.508Z</time></trkpt><trkpt lat="47.60891110" lon="19.14704400"><ele>156.81</ele><time>2025-10-20T13:44:02.710Z</time></trkpt><trkpt lat="47.60891280" lon="19.14703150"><ele>156.82</ele><time>2025-10-20T13:44:02.914Z</time></trkpt><trkpt lat="47.60891410" lon="19.14702020"><ele>156.83</ele><time>2025-10-20T13:44:03.103Z</time></trkpt><trkpt lat="47.60891520" lon="19.14700800"><ele>156.83</ele><time>2025-10-20T13:44:03.305Z</time></trkpt><trkpt lat="47.60891590" lon="19.14699580"><ele>156.84</ele><time>2025-10-20T13:44:03.506Z</time></trkpt><trkpt lat="47.60891640" lon="19.14698490"><ele>156.86</ele><time>2025-10-20T13:44:03.687Z</time></trkpt><trkpt lat="47.60891660" lon="19.14697260"><ele>156.88</ele><time>2025-10-20T13:44:03.887Z</time></trkpt><trkpt lat="47.60891660" lon="19.14695870"><ele>156.90</ele><time>2025-10-20T13:44:04.109Z</time></trkpt><trkpt lat="47.60891620" lon="19.14694580"><ele>156.90</ele><time>2025-10-20T13:44:04.313Z</time></trkpt><trkpt lat="47.60891550" lon="19.14693330"><ele>156.90</ele><time>2025-10-20T13:44:04.515Z</time></trkpt><trkpt lat="47.60891470" lon="19.14692060"><ele>156.92</ele><time>2025-10-20T13:44:04.718Z</time></trkpt><trkpt lat="47.60891350" lon="19.14690810"><ele>156.93</ele><time>2025-10-20T13:44:04.920Z</time></trkpt><trkpt lat="47.60891200" lon="19.14689560"><ele>156.95</ele><time>2025-10-20T13:44:05.122Z</time></trkpt><trkpt lat="47.60891050" lon="19.14688450"><ele>156.96</ele><time>2025-10-20T13:44:05.305Z</time></trkpt><trkpt lat="47.60890840" lon="19.14687170"><ele>156.97</ele><time>2025-10-20T13:44:05.518Z</time></trkpt><trkpt lat="47.60890620" lon="19.14685980"><ele>156.97</ele><time>2025-10-20T13:44:05.719Z</time></trkpt><trkpt lat="47.60890380" lon="19.14684790"><ele>156.96</ele><time>2025-10-20T13:44:05.921Z</time></trkpt><trkpt lat="47.60890100" lon="19.14683630"><ele>156.96</ele><time>2025-10-20T13:44:06.121Z</time></trkpt><trkpt lat="47.60889780" lon="19.14682480"><ele>156.96</ele><time>2025-10-20T13:44:06.323Z</time></trkpt><trkpt lat="47.60889440" lon="19.14681340"><ele>156.95</ele><time>2025-10-20T13:44:06.525Z</time></trkpt><trkpt lat="47.60889080" lon="19.14680230"><ele>156.95</ele><time>2025-10-20T13:44:06.726Z</time></trkpt><trkpt lat="47.60888690" lon="19.14679120"><ele>156.96</ele><time>2025-10-20T13:44:06.927Z</time></trkpt><trkpt lat="47.60888290" lon="19.14678030"><ele>156.98</ele><time>2025-10-20T13:44:07.129Z</time></trkpt><trkpt lat="47.60887930" lon="19.14677100"><ele>156.99</ele><time>2025-10-20T13:44:07.301Z</time></trkpt><trkpt lat="47.60887430" lon="19.14675890"><ele>157.00</ele><time>2025-10-20T13:44:07.525Z</time></trkpt><trkpt lat="47.60886970" lon="19.14674820"><ele>156.99</ele><time>2025-10-20T13:44:07.728Z</time></trkpt><trkpt lat="47.60886530" lon="19.14673860"><ele>157.00</ele><time>2025-10-20T13:44:07.910Z</time></trkpt><trkpt lat="47.60886030" lon="19.14672790"><ele>156.98</ele><time>2025-10-20T13:44:08.112Z</time></trkpt><trkpt lat="47.60885450" lon="19.14671620"><ele>156.98</ele><time>2025-10-20T13:44:08.335Z</time></trkpt><trkpt lat="47.60885020" lon="19.14670790"><ele>156.98</ele><time>2025-10-20T13:44:08.497Z</time></trkpt><trkpt lat="47.60884340" lon="19.14669570"><ele>157.01</ele><time>2025-10-20T13:44:08.739Z</time></trkpt><trkpt lat="47.60883810" lon="19.14668680"><ele>157.01</ele><time>2025-10-20T13:44:08.921Z</time></trkpt><trkpt lat="47.60883200" lon="19.14667730"><ele>157.02</ele><time>2025-10-20T13:44:09.123Z</time></trkpt><trkpt lat="47.60882570" lon="19.14666810"><ele>157.04</ele><time>2025-10-20T13:44:09.327Z</time></trkpt><trkpt lat="47.60881920" lon="19.14665950"><ele>157.05</ele><time>2025-10-20T13:44:09.529Z</time></trkpt><trkpt lat="47.60881250" lon="19.14665120"><ele>157.06</ele><time>2025-10-20T13:44:09.731Z</time></trkpt><trkpt lat="47.60880570" lon="19.14664320"><ele>157.06</ele><time>2025-10-20T13:44:09.932Z</time></trkpt><trkpt lat="47.60879940" lon="19.14663650"><ele>157.08</ele><time>2025-10-20T13:44:10.114Z</time></trkpt><trkpt lat="47.60879170" lon="19.14662860"><ele>157.09</ele><time>2025-10-20T13:44:10.331Z</time></trkpt><trkpt lat="47.60878430" lon="19.14662160"><ele>157.11</ele><time>2025-10-20T13:44:10.534Z</time></trkpt><trkpt lat="47.60877760" lon="19.14661560"><ele>157.12</ele><time>2025-10-20T13:44:10.715Z</time></trkpt><trkpt lat="47.60876910" lon="19.14660850"><ele>157.13</ele><time>2025-10-20T13:44:10.940Z</time></trkpt><trkpt lat="47.60876140" lon="19.14660250"><ele>157.14</ele><time>2025-10-20T13:44:11.142Z</time></trkpt><trkpt lat="47.60875320" lon="19.14659640"><ele>157.13</ele><time>2025-10-20T13:44:11.354Z</time></trkpt><trkpt lat="47.60874590" lon="19.14659160"><ele>157.14</ele><time>2025-10-20T13:44:11.537Z</time></trkpt><trkpt lat="47.60873760" lon="19.14658650"><ele>157.14</ele><time>2025-10-20T13:44:11.740Z</time></trkpt><trkpt lat="47.60872860" lon="19.14658150"><ele>157.14</ele><time>2025-10-20T13:44:11.960Z</time></trkpt><trkpt lat="47.60872090" lon="19.14657790"><ele>157.14</ele><time>2025-10-20T13:44:12.141Z</time></trkpt><trkpt lat="47.60871230" lon="19.14657450"><ele>157.16</ele><time>2025-10-20T13:44:12.342Z</time></trkpt><trkpt lat="47.60870360" lon="19.14657130"><ele>157.18</ele><time>2025-10-20T13:44:12.543Z</time></trkpt><trkpt lat="47.60869490" lon="19.14656850"><ele>157.20</ele><time>2025-10-20T13:44:12.748Z</time></trkpt><trkpt lat="47.60868630" lon="19.14656590"><ele>157.21</ele><time>2025-10-20T13:44:12.952Z</time></trkpt><trkpt lat="47.60867750" lon="19.14656390"><ele>157.22</ele><time>2025-10-20T13:44:13.160Z</time></trkpt><trkpt lat="47.60866950" lon="19.14656240"><ele>157.22</ele><time>2025-10-20T13:44:13.348Z</time></trkpt><trkpt lat="47.60866090" lon="19.14656140"><ele>157.22</ele><time>2025-10-20T13:44:13.548Z</time></trkpt><trkpt lat="47.60865400" lon="19.14656100"><ele>157.23</ele><time>2025-10-20T13:44:13.710Z</time></trkpt><trkpt lat="47.60864370" lon="19.14656070"><ele>157.23</ele><time>2025-10-20T13:44:13.952Z</time></trkpt><trkpt lat="47.60863510" lon="19.14656090"><ele>157.24</ele><time>2025-10-20T13:44:14.154Z</time></trkpt><trkpt lat="47.60862620" lon="19.14656140"><ele>157.23</ele><time>2025-10-20T13:44:14.357Z</time></trkpt><trkpt lat="47.60861760" lon="19.14656220"><ele>157.21</ele><time>2025-10-20T13:44:14.560Z</time></trkpt><trkpt lat="47.60861070" lon="19.14656300"><ele>157.19</ele><time>2025-10-20T13:44:14.721Z</time></trkpt><trkpt lat="47.60860020" lon="19.14656480"><ele>157.18</ele><time>2025-10-20T13:44:14.964Z</time></trkpt><trkpt lat="47.60859250" lon="19.14656660"><ele>157.15</ele><time>2025-10-20T13:44:15.145Z</time></trkpt><trkpt lat="47.60858270" lon="19.14656930"><ele>157.13</ele><time>2025-10-20T13:44:15.375Z</time></trkpt><trkpt lat="47.60857430" lon="19.14657200"><ele>157.12</ele><time>2025-10-20T13:44:15.579Z</time></trkpt><trkpt lat="47.60856700" lon="19.14657460"><ele>157.11</ele><time>2025-10-20T13:44:15.760Z</time></trkpt><trkpt lat="47.60855920" lon="19.14657770"><ele>157.08</ele><time>2025-10-20T13:44:15.960Z</time></trkpt><trkpt lat="47.60855230" lon="19.14658100"><ele>157.07</ele><time>2025-10-20T13:44:16.141Z</time></trkpt><trkpt lat="47.60854380" lon="19.14658550"><ele>157.05</ele><time>2025-10-20T13:44:16.366Z</time></trkpt><trkpt lat="47.60853630" lon="19.14659000"><ele>157.04</ele><time>2025-10-20T13:44:16.570Z</time></trkpt><trkpt lat="47.60852970" lon="19.14659450"><ele>157.03</ele><time>2025-10-20T13:44:16.752Z</time></trkpt><trkpt lat="47.60852300" lon="19.14659930"><ele>157.01</ele><time>2025-10-20T13:44:16.934Z</time></trkpt><trkpt lat="47.60851560" lon="19.14660510"><ele>156.99</ele><time>2025-10-20T13:44:17.137Z</time></trkpt><trkpt lat="47.60850750" lon="19.14661180"><ele>156.99</ele><time>2025-10-20T13:44:17.359Z</time></trkpt><trkpt lat="47.60850020" lon="19.14661830"><ele>156.97</ele><time>2025-10-20T13:44:17.560Z</time></trkpt><trkpt lat="47.60849300" lon="19.14662520"><ele>156.94</ele><time>2025-10-20T13:44:17.761Z</time></trkpt><trkpt lat="47.60848530" lon="19.14663320"><ele>156.92</ele><time>2025-10-20T13:44:17.981Z</time></trkpt><trkpt lat="47.60847900" lon="19.14664000"><ele>156.93</ele><time>2025-10-20T13:44:18.162Z</time></trkpt><trkpt lat="47.60847210" lon="19.14664770"><ele>156.92</ele><time>2025-10-20T13:44:18.365Z</time></trkpt><trkpt lat="47.60846560" lon="19.14665530"><ele>156.93</ele><time>2025-10-20T13:44:18.567Z</time></trkpt><trkpt lat="47.60845850" lon="19.14666380"><ele>156.95</ele><time>2025-10-20T13:44:18.787Z</time></trkpt><trkpt lat="47.60845350" lon="19.14667050"><ele>156.95</ele><time>2025-10-20T13:44:18.948Z</time></trkpt><trkpt lat="47.60844670" lon="19.14667990"><ele>156.96</ele><time>2025-10-20T13:44:19.168Z</time></trkpt><trkpt lat="47.60844040" lon="19.14668910"><ele>156.96</ele><time>2025-10-20T13:44:19.378Z</time></trkpt><trkpt lat="47.60843430" lon="19.14669850"><ele>156.97</ele><time>2025-10-20T13:44:19.585Z</time></trkpt><trkpt lat="47.60842870" lon="19.14670780"><ele>156.96</ele><time>2025-10-20T13:44:19.786Z</time></trkpt><trkpt lat="47.60842330" lon="19.14671730"><ele>156.94</ele><time>2025-10-20T13:44:19.988Z</time></trkpt><trkpt lat="47.60841800" lon="19.14672720"><ele>156.92</ele><time>2025-10-20T13:44:20.191Z</time></trkpt><trkpt lat="47.60841260" lon="19.14673780"><ele>156.94</ele><time>2025-10-20T13:44:20.398Z</time></trkpt><trkpt lat="47.60840770" lon="19.14674810"><ele>156.92</ele><time>2025-10-20T13:44:20.599Z</time></trkpt><trkpt lat="47.60840290" lon="19.14675890"><ele>156.90</ele><time>2025-10-20T13:44:20.800Z</time></trkpt><trkpt lat="47.60839830" lon="19.14676990"><ele>156.90</ele><time>2025-10-20T13:44:21.001Z</time></trkpt><trkpt lat="47.60839400" lon="19.14678130"><ele>156.89</ele><time>2025-10-20T13:44:21.201Z</time></trkpt><trkpt lat="47.60838980" lon="19.14679340"><ele>156.89</ele><time>2025-10-20T13:44:21.403Z</time></trkpt><trkpt lat="47.60838590" lon="19.14680580"><ele>156.88</ele><time>2025-10-20T13:44:21.605Z</time></trkpt><trkpt lat="47.60838240" lon="19.14681840"><ele>156.86</ele><time>2025-10-20T13:44:21.809Z</time></trkpt><trkpt lat="47.60837910" lon="19.14683130"><ele>156.85</ele><time>2025-10-20T13:44:22.009Z</time></trkpt><trkpt lat="47.60837640" lon="19.14684340"><ele>156.83</ele><time>2025-10-20T13:44:22.195Z</time></trkpt><trkpt lat="47.60837340" lon="19.14685810"><ele>156.83</ele><time>2025-10-20T13:44:22.419Z</time></trkpt><trkpt lat="47.60837090" lon="19.14687160"><ele>156.85</ele><time>2025-10-20T13:44:22.621Z</time></trkpt><trkpt lat="47.60836890" lon="19.14688350"><ele>156.84</ele><time>2025-10-20T13:44:22.801Z</time></trkpt><trkpt lat="47.60836700" lon="19.14689690"><ele>156.82</ele><time>2025-10-20T13:44:23.002Z</time></trkpt><trkpt lat="47.60836530" lon="19.14691060"><ele>156.80</ele><time>2025-10-20T13:44:23.206Z</time></trkpt><trkpt lat="47.60836380" lon="19.14692450"><ele>156.76</ele><time>2025-10-20T13:44:23.415Z</time></trkpt><trkpt lat="47.60836280" lon="19.14693670"><ele>156.75</ele><time>2025-10-20T13:44:23.599Z</time></trkpt><trkpt lat="47.60836210" lon="19.14694980"><ele>156.72</ele><time>2025-10-20T13:44:23.799Z</time></trkpt><trkpt lat="47.60836170" lon="19.14696440"><ele>156.69</ele><time>2025-10-20T13:44:24.019Z</time></trkpt><trkpt lat="47.60836160" lon="19.14697520"><ele>156.69</ele><time>2025-10-20T13:44:24.183Z</time></trkpt><trkpt lat="47.60836190" lon="19.14698990"><ele>156.68</ele><time>2025-10-20T13:44:24.404Z</time></trkpt><trkpt lat="47.60836240" lon="19.14700300"><ele>156.68</ele><time>2025-10-20T13:44:24.603Z</time></trkpt><trkpt lat="47.60836330" lon="19.14701650"><ele>156.68</ele><time>2025-10-20T13:44:24.808Z</time></trkpt><trkpt lat="47.60836450" lon="19.14702990"><ele>156.69</ele><time>2025-10-20T13:44:25.014Z</time></trkpt><trkpt lat="47.60836590" lon="19.14704300"><ele>156.71</ele><time>2025-10-20T13:44:25.216Z</time></trkpt><trkpt lat="47.60836760" lon="19.14705490"><ele>156.72</ele><time>2025-10-20T13:44:25.398Z</time></trkpt><trkpt lat="47.60836980" lon="19.14706920"><ele>156.74</ele><time>2025-10-20T13:44:25.619Z</time></trkpt><trkpt lat="47.60837210" lon="19.14708230"><ele>156.75</ele><time>2025-10-20T13:44:25.819Z</time></trkpt><trkpt lat="47.60837470" lon="19.14709540"><ele>156.76</ele><time>2025-10-20T13:44:26.020Z</time></trkpt><trkpt lat="47.60837740" lon="19.14710840"><ele>156.78</ele><time>2025-10-20T13:44:26.221Z</time></trkpt><trkpt lat="47.60838030" lon="19.14712120"><ele>156.79</ele><time>2025-10-20T13:44:26.421Z</time></trkpt><trkpt lat="47.60838340" lon="19.14713370"><ele>156.80</ele><time>2025-10-20T13:44:26.622Z</time></trkpt><trkpt lat="47.60838680" lon="19.14714610"><ele>156.80</ele><time>2025-10-20T13:44:26.822Z</time></trkpt><trkpt lat="47.60839010" lon="19.14715690"><ele>156.81</ele><time>2025-10-20T13:44:27.002Z</time></trkpt><trkpt lat="47.60839410" lon="19.14716890"><ele>156.82</ele><time>2025-10-20T13:44:27.203Z</time></trkpt><trkpt lat="47.60839880" lon="19.14718160"><ele>156.84</ele><time>2025-10-20T13:44:27.425Z</time></trkpt><trkpt lat="47.60840340" lon="19.14719280"><ele>156.85</ele><time>2025-10-20T13:44:27.625Z</time></trkpt><trkpt lat="47.60840810" lon="19.14720370"><ele>156.87</ele><time>2025-10-20T13:44:27.825Z</time></trkpt><trkpt lat="47.60841300" lon="19.14721430"><ele>156.88</ele><time>2025-10-20T13:44:28.025Z</time></trkpt><trkpt lat="47.60841820" lon="19.14722460"><ele>156.90</ele><time>2025-10-20T13:44:28.226Z</time></trkpt><trkpt lat="47.60842350" lon="19.14723470"><ele>156.91</ele><time>2025-10-20T13:44:28.429Z</time></trkpt><trkpt lat="47.60842890" lon="19.14724430"><ele>156.91</ele><time>2025-10-20T13:44:28.630Z</time></trkpt><trkpt lat="47.60843450" lon="19.14725370"><ele>156.91</ele><time>2025-10-20T13:44:28.833Z</time></trkpt><trkpt lat="47.60844030" lon="19.14726280"><ele>156.91</ele><time>2025-10-20T13:44:29.035Z</time></trkpt><trkpt lat="47.60844640" lon="19.14727160"><ele>156.91</ele><time>2025-10-20T13:44:29.238Z</time></trkpt><trkpt lat="47.60845280" lon="19.14728020"><ele>156.90</ele><time>2025-10-20T13:44:29.440Z</time></trkpt><trkpt lat="47.60845950" lon="19.14728860"><ele>156.90</ele><time>2025-10-20T13:44:29.641Z</time></trkpt><trkpt lat="47.60846650" lon="19.14729670"><ele>156.91</ele><time>2025-10-20T13:44:29.844Z</time></trkpt><trkpt lat="47.60847370" lon="19.14730460"><ele>156.91</ele><time>2025-10-20T13:44:30.047Z</time></trkpt><trkpt lat="47.60848050" lon="19.14731140"><ele>156.90</ele><time>2025-10-20T13:44:30.229Z</time></trkpt><trkpt lat="47.60848800" lon="19.14731840"><ele>156.90</ele><time>2025-10-20T13:44:30.432Z</time></trkpt><trkpt lat="47.60849660" lon="19.14732550"><ele>156.90</ele><time>2025-10-20T13:44:30.653Z</time></trkpt><trkpt lat="47.60850450" lon="19.14733160"><ele>156.90</ele><time>2025-10-20T13:44:30.855Z</time></trkpt><trkpt lat="47.60851230" lon="19.14733730"><ele>156.88</ele><time>2025-10-20T13:44:31.055Z</time></trkpt><trkpt lat="47.60851950" lon="19.14734210"><ele>156.87</ele><time>2025-10-20T13:44:31.235Z</time></trkpt><trkpt lat="47.60852730" lon="19.14734700"><ele>156.84</ele><time>2025-10-20T13:44:31.426Z</time></trkpt><trkpt lat="47.60853640" lon="19.14735250"><ele>156.81</ele><time>2025-10-20T13:44:31.649Z</time></trkpt><trkpt lat="47.60854440" lon="19.14735720"><ele>156.79</ele><time>2025-10-20T13:44:31.850Z</time></trkpt><trkpt lat="47.60855250" lon="19.14736190"><ele>156.77</ele><time>2025-10-20T13:44:32.052Z</time></trkpt><trkpt lat="47.60855890" lon="19.14736540"><ele>156.75</ele><time>2025-10-20T13:44:32.212Z</time></trkpt><trkpt lat="47.60856880" lon="19.14737020"><ele>156.73</ele><time>2025-10-20T13:44:32.456Z</time></trkpt><trkpt lat="47.60857690" lon="19.14737370"><ele>156.70</ele><time>2025-10-20T13:44:32.656Z</time></trkpt><trkpt lat="47.60858530" lon="19.14737680"><ele>156.67</ele><time>2025-10-20T13:44:32.858Z</time></trkpt><trkpt lat="47.60859380" lon="19.14737940"><ele>156.64</ele><time>2025-10-20T13:44:33.058Z</time></trkpt><trkpt lat="47.60860240" lon="19.14738140"><ele>156.62</ele><time>2025-10-20T13:44:33.259Z</time></trkpt><trkpt lat="47.60861110" lon="19.14738300"><ele>156.59</ele><time>2025-10-20T13:44:33.460Z</time></trkpt><trkpt lat="47.60861980" lon="19.14738400"><ele>156.57</ele><time>2025-10-20T13:44:33.660Z</time></trkpt><trkpt lat="47.60862870" lon="19.14738460"><ele>156.56</ele><time>2025-10-20T13:44:33.861Z</time></trkpt><trkpt lat="47.60863770" lon="19.14738480"><ele>156.55</ele><time>2025-10-20T13:44:34.061Z</time></trkpt><trkpt lat="47.60864680" lon="19.14738440"><ele>156.56</ele><time>2025-10-20T13:44:34.263Z</time></trkpt><trkpt lat="47.60865420" lon="19.14738370"><ele>156.56</ele><time>2025-10-20T13:44:34.424Z</time></trkpt><trkpt lat="47.60866540" lon="19.14738200"><ele>156.57</ele><time>2025-10-20T13:44:34.668Z</time></trkpt><trkpt lat="47.60867370" lon="19.14738010"><ele>156.57</ele><time>2025-10-20T13:44:34.852Z</time></trkpt><trkpt lat="47.60868280" lon="19.14737760"><ele>156.55</ele><time>2025-10-20T13:44:35.054Z</time></trkpt><trkpt lat="47.60869280" lon="19.14737420"><ele>156.53</ele><time>2025-10-20T13:44:35.280Z</time></trkpt><trkpt lat="47.60870000" lon="19.14737140"><ele>156.52</ele><time>2025-10-20T13:44:35.445Z</time></trkpt><trkpt lat="47.60870960" lon="19.14736720"><ele>156.53</ele><time>2025-10-20T13:44:35.669Z</time></trkpt><trkpt lat="47.60871740" lon="19.14736360"><ele>156.55</ele><time>2025-10-20T13:44:35.850Z</time></trkpt><trkpt lat="47.60872660" lon="19.14735880"><ele>156.57</ele><time>2025-10-20T13:44:36.071Z</time></trkpt><trkpt lat="47.60873410" lon="19.14735460"><ele>156.59</ele><time>2025-10-20T13:44:36.251Z</time></trkpt><trkpt lat="47.60874240" lon="19.14734970"><ele>156.60</ele><time>2025-10-20T13:44:36.453Z</time></trkpt><trkpt lat="47.60875040" lon="19.14734450"><ele>156.61</ele><time>2025-10-20T13:44:36.653Z</time></trkpt><trkpt lat="47.60875860" lon="19.14733880"><ele>156.63</ele><time>2025-10-20T13:44:36.859Z</time></trkpt><trkpt lat="47.60876640" lon="19.14733270"><ele>156.64</ele><time>2025-10-20T13:44:37.061Z</time></trkpt><trkpt lat="47.60877410" lon="19.14732630"><ele>156.65</ele><time>2025-10-20T13:44:37.263Z</time></trkpt><trkpt lat="47.60878170" lon="19.14731940"><ele>156.67</ele><time>2025-10-20T13:44:37.464Z</time></trkpt><trkpt lat="47.60878900" lon="19.14731250"><ele>156.69</ele><time>2025-10-20T13:44:37.664Z</time></trkpt><trkpt lat="47.60879610" lon="19.14730560"><ele>156.70</ele><time>2025-10-20T13:44:37.864Z</time></trkpt><trkpt lat="47.60880300" lon="19.14729870"><ele>156.71</ele><time>2025-10-20T13:44:38.066Z</time></trkpt><trkpt lat="47.60880910" lon="19.14729210"><ele>156.71</ele><time>2025-10-20T13:44:38.249Z</time></trkpt><trkpt lat="47.60881640" lon="19.14728380"><ele>156.72</ele><time>2025-10-20T13:44:38.472Z</time></trkpt><trkpt lat="47.60882260" lon="19.14727590"><ele>156.72</ele><time>2025-10-20T13:44:38.673Z</time></trkpt><trkpt lat="47.60882860" lon="19.14726770"><ele>156.73</ele><time>2025-10-20T13:44:38.875Z</time></trkpt><trkpt lat="47.60883440" lon="19.14725890"><ele>156.74</ele><time>2025-10-20T13:44:39.077Z</time></trkpt><trkpt lat="47.60884000" lon="19.14724970"><ele>156.76</ele><time>2025-10-20T13:44:39.279Z</time></trkpt><trkpt lat="47.60884530" lon="19.14724010"><ele>156.77</ele><time>2025-10-20T13:44:39.482Z</time></trkpt><trkpt lat="47.60885030" lon="19.14723040"><ele>156.77</ele><time>2025-10-20T13:44:39.680Z</time></trkpt><trkpt lat="47.60885480" lon="19.14722090"><ele>156.79</ele><time>2025-10-20T13:44:39.866Z</time></trkpt><trkpt lat="47.60885950" lon="19.14721030"><ele>156.81</ele><time>2025-10-20T13:44:40.069Z</time></trkpt><trkpt lat="47.60886400" lon="19.14719990"><ele>156.82</ele><time>2025-10-20T13:44:40.263Z</time></trkpt><trkpt lat="47.60886850" lon="19.14718900"><ele>156.83</ele><time>2025-10-20T13:44:40.464Z</time></trkpt><trkpt lat="47.60887290" lon="19.14717790"><ele>156.84</ele><time>2025-10-20T13:44:40.665Z</time></trkpt><trkpt lat="47.60887700" lon="19.14716670"><ele>156.85</ele><time>2025-10-20T13:44:40.865Z</time></trkpt><trkpt lat="47.60888120" lon="19.14715520"><ele>156.85</ele><time>2025-10-20T13:44:41.066Z</time></trkpt><trkpt lat="47.60888500" lon="19.14714400"><ele>156.86</ele><time>2025-10-20T13:44:41.256Z</time></trkpt><trkpt lat="47.60888930" lon="19.14713100"><ele>156.86</ele><time>2025-10-20T13:44:41.477Z</time></trkpt><trkpt lat="47.60889200" lon="19.14712270"><ele>156.88</ele><time>2025-10-20T13:44:41.618Z</time></trkpt><trkpt lat="47.60889600" lon="19.14710950"><ele>156.89</ele><time>2025-10-20T13:44:41.839Z</time></trkpt><trkpt lat="47.60889940" lon="19.14709720"><ele>156.91</ele><time>2025-10-20T13:44:42.039Z</time></trkpt><trkpt lat="47.60890290" lon="19.14708330"><ele>156.93</ele><time>2025-10-20T13:44:42.262Z</time></trkpt><trkpt lat="47.60890580" lon="19.14707070"><ele>156.94</ele><time>2025-10-20T13:44:42.464Z</time></trkpt><trkpt lat="47.60890830" lon="19.14705780"><ele>156.95</ele><time>2025-10-20T13:44:42.666Z</time></trkpt><trkpt lat="47.60891040" lon="19.14704510"><ele>156.96</ele><time>2025-10-20T13:44:42.866Z</time></trkpt><trkpt lat="47.60891220" lon="19.14703170"><ele>156.99</ele><time>2025-10-20T13:44:43.072Z</time></trkpt><trkpt lat="47.60891330" lon="19.14702090"><ele>157.00</ele><time>2025-10-20T13:44:43.233Z</time></trkpt><trkpt lat="47.60891440" lon="19.14700730"><ele>157.02</ele><time>2025-10-20T13:44:43.436Z</time></trkpt><trkpt lat="47.60891540" lon="19.14699230"><ele>157.04</ele><time>2025-10-20T13:44:43.659Z</time></trkpt><trkpt lat="47.60891600" lon="19.14697890"><ele>157.05</ele><time>2025-10-20T13:44:43.863Z</time></trkpt><trkpt lat="47.60891630" lon="19.14696560"><ele>157.05</ele><time>2025-10-20T13:44:44.064Z</time></trkpt><trkpt lat="47.60891640" lon="19.14695400"><ele>157.06</ele><time>2025-10-20T13:44:44.245Z</time></trkpt><trkpt lat="47.60891600" lon="19.14693960"><ele>157.07</ele><time>2025-10-20T13:44:44.466Z</time></trkpt><trkpt lat="47.60891550" lon="19.14692810"><ele>157.08</ele><time>2025-10-20T13:44:44.646Z</time></trkpt><trkpt lat="47.60891460" lon="19.14691490"><ele>157.11</ele><time>2025-10-20T13:44:44.851Z</time></trkpt><trkpt lat="47.60891350" lon="19.14690210"><ele>157.13</ele><time>2025-10-20T13:44:45.052Z</time></trkpt><trkpt lat="47.60891200" lon="19.14688830"><ele>157.13</ele><time>2025-10-20T13:44:45.273Z</time></trkpt><trkpt lat="47.60891060" lon="19.14687770"><ele>157.16</ele><time>2025-10-20T13:44:45.443Z</time></trkpt><trkpt lat="47.60890860" lon="19.14686540"><ele>157.17</ele><time>2025-10-20T13:44:45.644Z</time></trkpt><trkpt lat="47.60890620" lon="19.14685220"><ele>157.17</ele><time>2025-10-20T13:44:45.866Z</time></trkpt><trkpt lat="47.60890360" lon="19.14684030"><ele>157.17</ele><time>2025-10-20T13:44:46.069Z</time></trkpt><trkpt lat="47.60890080" lon="19.14682850"><ele>157.15</ele><time>2025-10-20T13:44:46.275Z</time></trkpt><trkpt lat="47.60889760" lon="19.14681710"><ele>157.14</ele><time>2025-10-20T13:44:46.478Z</time></trkpt><trkpt lat="47.60889420" lon="19.14680590"><ele>157.13</ele><time>2025-10-20T13:44:46.679Z</time></trkpt><trkpt lat="47.60889050" lon="19.14679470"><ele>157.12</ele><time>2025-10-20T13:44:46.880Z</time></trkpt><trkpt lat="47.60888640" lon="19.14678370"><ele>157.11</ele><time>2025-10-20T13:44:47.081Z</time></trkpt><trkpt lat="47.60888250" lon="19.14677360"><ele>157.10</ele><time>2025-10-20T13:44:47.264Z</time></trkpt><trkpt lat="47.60887780" lon="19.14676260"><ele>157.08</ele><time>2025-10-20T13:44:47.466Z</time></trkpt><trkpt lat="47.60887300" lon="19.14675170"><ele>157.07</ele><time>2025-10-20T13:44:47.667Z</time></trkpt><trkpt lat="47.60886800" lon="19.14674070"><ele>157.05</ele><time>2025-10-20T13:44:47.868Z</time></trkpt><trkpt lat="47.60886280" lon="19.14672960"><ele>157.05</ele><time>2025-10-20T13:44:48.069Z</time></trkpt><trkpt lat="47.60885780" lon="19.14671950"><ele>157.05</ele><time>2025-10-20T13:44:48.250Z</time></trkpt><trkpt lat="47.60885150" lon="19.14670730"><ele>157.04</ele><time>2025-10-20T13:44:48.470Z</time></trkpt><trkpt lat="47.60884560" lon="19.14669650"><ele>157.04</ele><time>2025-10-20T13:44:48.671Z</time></trkpt><trkpt lat="47.60883950" lon="19.14668590"><ele>157.02</ele><time>2025-10-20T13:44:48.871Z</time></trkpt><trkpt lat="47.60883230" lon="19.14667490"><ele>157.02</ele><time>2025-10-20T13:44:49.092Z</time></trkpt><trkpt lat="47.60882580" lon="19.14666590"><ele>157.02</ele><time>2025-10-20T13:44:49.283Z</time></trkpt><trkpt lat="47.60881870" lon="19.14665670"><ele>157.02</ele><time>2025-10-20T13:44:49.487Z</time></trkpt><trkpt lat="47.60881160" lon="19.14664820"><ele>157.01</ele><time>2025-10-20T13:44:49.688Z</time></trkpt><trkpt lat="47.60880510" lon="19.14664080"><ele>156.99</ele><time>2025-10-20T13:44:49.870Z</time></trkpt><trkpt lat="47.60879860" lon="19.14663380"><ele>156.99</ele><time>2025-10-20T13:44:50.050Z</time></trkpt><trkpt lat="47.60879050" lon="19.14662550"><ele>156.99</ele><time>2025-10-20T13:44:50.274Z</time></trkpt><trkpt lat="47.60878290" lon="19.14661840"><ele>156.99</ele><time>2025-10-20T13:44:50.478Z</time></trkpt><trkpt lat="47.60877530" lon="19.14661170"><ele>156.98</ele><time>2025-10-20T13:44:50.679Z</time></trkpt><trkpt lat="47.60876750" lon="19.14660500"><ele>156.98</ele><time>2025-10-20T13:44:50.879Z</time></trkpt><trkpt lat="47.60875950" lon="19.14659860"><ele>157.00</ele><time>2025-10-20T13:44:51.080Z</time></trkpt><trkpt lat="47.60875120" lon="19.14659220"><ele>156.99</ele><time>2025-10-20T13:44:51.283Z</time></trkpt><trkpt lat="47.60874290" lon="19.14658620"><ele>156.99</ele><time>2025-10-20T13:44:51.486Z</time></trkpt><trkpt lat="47.60873440" lon="19.14658070"><ele>156.98</ele><time>2025-10-20T13:44:51.690Z</time></trkpt><trkpt lat="47.60872590" lon="19.14657580"><ele>156.98</ele><time>2025-10-20T13:44:51.895Z</time></trkpt><trkpt lat="47.60871730" lon="19.14657140"><ele>156.97</ele><time>2025-10-20T13:44:52.098Z</time></trkpt><trkpt lat="47.60870850" lon="19.14656760"><ele>156.96</ele><time>2025-10-20T13:44:52.302Z</time></trkpt><trkpt lat="47.60869970" lon="19.14656440"><ele>156.95</ele><time>2025-10-20T13:44:52.506Z</time></trkpt><trkpt lat="47.60869190" lon="19.14656220"><ele>156.96</ele><time>2025-10-20T13:44:52.686Z</time></trkpt><trkpt lat="47.60868320" lon="19.14656010"><ele>156.97</ele><time>2025-10-20T13:44:52.889Z</time></trkpt><trkpt lat="47.60867440" lon="19.14655880"><ele>156.99</ele><time>2025-10-20T13:44:53.091Z</time></trkpt><trkpt lat="47.60866500" lon="19.14655800"><ele>157.01</ele><time>2025-10-20T13:44:53.303Z</time></trkpt><trkpt lat="47.60865620" lon="19.14655760"><ele>157.03</ele><time>2025-10-20T13:44:53.504Z</time></trkpt><trkpt lat="47.60864760" lon="19.14655750"><ele>157.04</ele><time>2025-10-20T13:44:53.706Z</time></trkpt><trkpt lat="47.60863900" lon="19.14655750"><ele>157.04</ele><time>2025-10-20T13:44:53.908Z</time></trkpt><trkpt lat="47.60863030" lon="19.14655810"><ele>157.01</ele><time>2025-10-20T13:44:54.111Z</time></trkpt><trkpt lat="47.60862160" lon="19.14655900"><ele>156.99</ele><time>2025-10-20T13:44:54.313Z</time></trkpt><trkpt lat="47.60861390" lon="19.14655990"><ele>156.99</ele><time>2025-10-20T13:44:54.495Z</time></trkpt><trkpt lat="47.60860630" lon="19.14656100"><ele>156.99</ele><time>2025-10-20T13:44:54.675Z</time></trkpt><trkpt lat="47.60859790" lon="19.14656260"><ele>156.98</ele><time>2025-10-20T13:44:54.877Z</time></trkpt><trkpt lat="47.60858940" lon="19.14656460"><ele>156.96</ele><time>2025-10-20T13:44:55.079Z</time></trkpt><trkpt lat="47.60858100" lon="19.14656730"><ele>156.97</ele><time>2025-10-20T13:44:55.284Z</time></trkpt><trkpt lat="47.60857180" lon="19.14657110"><ele>156.99</ele><time>2025-10-20T13:44:55.510Z</time></trkpt><trkpt lat="47.60856380" lon="19.14657500"><ele>156.99</ele><time>2025-10-20T13:44:55.711Z</time></trkpt><trkpt lat="47.60855580" lon="19.14657960"><ele>156.98</ele><time>2025-10-20T13:44:55.912Z</time></trkpt><trkpt lat="47.60854780" lon="19.14658490"><ele>157.00</ele><time>2025-10-20T13:44:56.114Z</time></trkpt><trkpt lat="47.60854000" lon="19.14659050"><ele>156.99</ele><time>2025-10-20T13:44:56.315Z</time></trkpt><trkpt lat="47.60853220" lon="19.14659650"><ele>156.98</ele><time>2025-10-20T13:44:56.515Z</time></trkpt><trkpt lat="47.60852530" lon="19.14660220"><ele>156.98</ele><time>2025-10-20T13:44:56.696Z</time></trkpt><trkpt lat="47.60851750" lon="19.14660890"><ele>156.95</ele><time>2025-10-20T13:44:56.896Z</time></trkpt><trkpt lat="47.60850980" lon="19.14661590"><ele>156.93</ele><time>2025-10-20T13:44:57.097Z</time></trkpt><trkpt lat="47.60850150" lon="19.14662340"><ele>156.89</ele><time>2025-10-20T13:44:57.309Z</time></trkpt><trkpt lat="47.60849360" lon="19.14663080"><ele>156.87</ele><time>2025-10-20T13:44:57.511Z</time></trkpt><trkpt lat="47.60848580" lon="19.14663840"><ele>156.88</ele><time>2025-10-20T13:44:57.711Z</time></trkpt><trkpt lat="47.60847860" lon="19.14664560"><ele>156.90</ele><time>2025-10-20T13:44:57.913Z</time></trkpt><trkpt lat="47.60847230" lon="19.14665180"><ele>156.91</ele><time>2025-10-20T13:44:58.114Z</time></trkpt><trkpt lat="47.60846740" lon="19.14665660"><ele>156.90</ele><time>2025-10-20T13:44:58.299Z</time></trkpt><trkpt lat="47.60846330" lon="19.14666060"><ele>156.88</ele><time>2025-10-20T13:44:58.501Z</time></trkpt><trkpt lat="47.60845990" lon="19.14666370"><ele>156.84</ele><time>2025-10-20T13:44:58.702Z</time></trkpt><trkpt lat="47.60845750" lon="19.14666580"><ele>156.82</ele><time>2025-10-20T13:44:58.904Z</time></trkpt><trkpt lat="47.60845580" lon="19.14666700"><ele>156.80</ele><time>2025-10-20T13:44:59.106Z</time></trkpt><trkpt lat="47.60845480" lon="19.14666760"><ele>156.76</ele><time>2025-10-20T13:44:59.317Z</time></trkpt><trkpt lat="47.60845450" lon="19.14666760"><ele>156.74</ele><time>2025-10-20T13:44:59.479Z</time></trkpt><trkpt lat="47.60845450" lon="19.14666640"><ele>156.71</ele><time>2025-10-20T13:44:59.703Z</time></trkpt><trkpt lat="47.60845450" lon="19.14666400"><ele>156.70</ele><time>2025-10-20T13:44:59.906Z</time></trkpt><trkpt lat="47.60845410" lon="19.14665960"><ele>156.68</ele><time>2025-10-20T13:45:00.109Z</time></trkpt><trkpt lat="47.60845320" lon="19.14665410"><ele>156.66</ele><time>2025-10-20T13:45:00.291Z</time></trkpt><trkpt lat="47.60845120" lon="19.14664530"><ele>156.66</ele><time>2025-10-20T13:45:00.521Z</time></trkpt><trkpt lat="47.60844900" lon="19.14663700"><ele>156.67</ele><time>2025-10-20T13:45:00.704Z</time></trkpt><trkpt lat="47.60844610" lon="19.14662690"><ele>156.68</ele><time>2025-10-20T13:45:00.905Z</time></trkpt><trkpt lat="47.60844340" lon="19.14661820"><ele>156.68</ele><time>2025-10-20T13:45:01.066Z</time></trkpt><trkpt lat="47.60843940" lon="19.14660580"><ele>156.71</ele><time>2025-10-20T13:45:01.287Z</time></trkpt><trkpt lat="47.60843490" lon="19.14659300"><ele>156.73</ele><time>2025-10-20T13:45:01.508Z</time></trkpt><trkpt lat="47.60843070" lon="19.14658130"><ele>156.75</ele><time>2025-10-20T13:45:01.709Z</time></trkpt><trkpt lat="47.60842630" lon="19.14656940"><ele>156.78</ele><time>2025-10-20T13:45:01.909Z</time></trkpt><trkpt lat="47.60842190" lon="19.14655740"><ele>156.80</ele><time>2025-10-20T13:45:02.111Z</time></trkpt><trkpt lat="47.60841720" lon="19.14654480"><ele>156.81</ele><time>2025-10-20T13:45:02.319Z</time></trkpt><trkpt lat="47.60841200" lon="19.14653120"><ele>156.82</ele><time>2025-10-20T13:45:02.542Z</time></trkpt><trkpt lat="47.60840770" lon="19.14651980"><ele>156.83</ele><time>2025-10-20T13:45:02.727Z</time></trkpt><trkpt lat="47.60840310" lon="19.14650750"><ele>156.82</ele><time>2025-10-20T13:45:02.927Z</time></trkpt><trkpt lat="47.60839840" lon="19.14649510"><ele>156.82</ele><time>2025-10-20T13:45:03.129Z</time></trkpt><trkpt lat="47.60839380" lon="19.14648280"><ele>156.82</ele><time>2025-10-20T13:45:03.329Z</time></trkpt><trkpt lat="47.60839010" lon="19.14647310"><ele>156.80</ele><time>2025-10-20T13:45:03.489Z</time></trkpt><trkpt lat="47.60838420" lon="19.14645840"><ele>156.80</ele><time>2025-10-20T13:45:03.733Z</time></trkpt><trkpt lat="47.60837940" lon="19.14644640"><ele>156.80</ele><time>2025-10-20T13:45:03.934Z</time></trkpt><trkpt lat="47.60837440" lon="19.14643430"><ele>156.80</ele><time>2025-10-20T13:45:04.136Z</time></trkpt><trkpt lat="47.60836970" lon="19.14642300"><ele>156.80</ele><time>2025-10-20T13:45:04.328Z</time></trkpt><trkpt lat="47.60836420" lon="19.14641000"><ele>156.80</ele><time>2025-10-20T13:45:04.552Z</time></trkpt><trkpt lat="47.60836020" lon="19.14640060"><ele>156.80</ele><time>2025-10-20T13:45:04.712Z</time></trkpt><trkpt lat="47.60835480" lon="19.14638800"><ele>156.79</ele><time>2025-10-20T13:45:04.934Z</time></trkpt><trkpt lat="47.60834970" lon="19.14637650"><ele>156.78</ele><time>2025-10-20T13:45:05.135Z</time></trkpt><trkpt lat="47.60834440" lon="19.14636480"><ele>156.76</ele><time>2025-10-20T13:45:05.339Z</time></trkpt><trkpt lat="47.60833920" lon="19.14635330"><ele>156.74</ele><time>2025-10-20T13:45:05.541Z</time></trkpt><trkpt lat="47.60833390" lon="19.14634210"><ele>156.74</ele><time>2025-10-20T13:45:05.741Z</time></trkpt><trkpt lat="47.60832930" lon="19.14633250"><ele>156.75</ele><time>2025-10-20T13:45:05.921Z</time></trkpt><trkpt lat="47.60832430" lon="19.14632140"><ele>156.77</ele><time>2025-10-20T13:45:06.143Z</time></trkpt><trkpt lat="47.60832070" lon="19.14631390"><ele>156.78</ele><time>2025-10-20T13:45:06.315Z</time></trkpt><trkpt lat="47.60831720" lon="19.14630610"><ele>156.78</ele><time>2025-10-20T13:45:06.535Z</time></trkpt><trkpt lat="47.60831480" lon="19.14630070"><ele>156.78</ele><time>2025-10-20T13:45:06.736Z</time></trkpt><trkpt lat="47.60831320" lon="19.14629700"><ele>156.78</ele><time>2025-10-20T13:45:06.940Z</time></trkpt><trkpt lat="47.60831220" lon="19.14629480"><ele>156.78</ele><time>2025-10-20T13:45:07.142Z</time></trkpt><trkpt lat="47.60831170" lon="19.14629380"><ele>156.80</ele><time>2025-10-20T13:45:07.343Z</time></trkpt><trkpt lat="47.60831160" lon="19.14629370"><ele>156.81</ele><time>2025-10-20T13:45:07.544Z</time></trkpt><trkpt lat="47.60831170" lon="19.14629400"><ele>156.81</ele><time>2025-10-20T13:45:07.726Z</time></trkpt><trkpt lat="47.60831200" lon="19.14629490"><ele>156.83</ele><time>2025-10-20T13:45:07.925Z</time></trkpt><trkpt lat="47.60831240" lon="19.14629630"><ele>156.85</ele><time>2025-10-20T13:45:08.129Z</time></trkpt><trkpt lat="47.60831300" lon="19.14629800"><ele>156.87</ele><time>2025-10-20T13:45:08.331Z</time></trkpt><trkpt lat="47.60831350" lon="19.14630020"><ele>156.87</ele><time>2025-10-20T13:45:08.552Z</time></trkpt><trkpt lat="47.60831340" lon="19.14630280"><ele>156.86</ele><time>2025-10-20T13:45:08.734Z</time></trkpt><trkpt lat="47.60831220" lon="19.14630710"><ele>156.87</ele><time>2025-10-20T13:45:08.936Z</time></trkpt><trkpt lat="47.60830970" lon="19.14631300"><ele>156.87</ele><time>2025-10-20T13:45:09.138Z</time></trkpt><trkpt lat="47.60830600" lon="19.14632040"><ele>156.87</ele><time>2025-10-20T13:45:09.342Z</time></trkpt><trkpt lat="47.60830120" lon="19.14632890"><ele>156.87</ele><time>2025-10-20T13:45:09.544Z</time></trkpt><trkpt lat="47.60829570" lon="19.14633840"><ele>156.87</ele><time>2025-10-20T13:45:09.745Z</time></trkpt><trkpt lat="47.60829040" lon="19.14634750"><ele>156.88</ele><time>2025-10-20T13:45:09.925Z</time></trkpt><trkpt lat="47.60828460" lon="19.14635700"><ele>156.90</ele><time>2025-10-20T13:45:10.107Z</time></trkpt><trkpt lat="47.60827780" lon="19.14636820"><ele>156.94</ele><time>2025-10-20T13:45:10.309Z</time></trkpt><trkpt lat="47.60827090" lon="19.14637960"><ele>156.96</ele><time>2025-10-20T13:45:10.511Z</time></trkpt><trkpt lat="47.60826380" lon="19.14639140"><ele>156.97</ele><time>2025-10-20T13:45:10.713Z</time></trkpt><trkpt lat="47.60825660" lon="19.14640290"><ele>156.99</ele><time>2025-10-20T13:45:10.914Z</time></trkpt><trkpt lat="47.60824850" lon="19.14641550"><ele>157.00</ele><time>2025-10-20T13:45:11.135Z</time></trkpt><trkpt lat="47.60824090" lon="19.14642700"><ele>157.00</ele><time>2025-10-20T13:45:11.336Z</time></trkpt><trkpt lat="47.60823340" lon="19.14643830"><ele>157.00</ele><time>2025-10-20T13:45:11.537Z</time></trkpt><trkpt lat="47.60822590" lon="19.14644930"><ele>156.97</ele><time>2025-10-20T13:45:11.739Z</time></trkpt><trkpt lat="47.60821850" lon="19.14646060"><ele>156.95</ele><time>2025-10-20T13:45:11.941Z</time></trkpt><trkpt lat="47.60821210" lon="19.14647080"><ele>156.95</ele><time>2025-10-20T13:45:12.124Z</time></trkpt><trkpt lat="47.60820520" lon="19.14648190"><ele>156.94</ele><time>2025-10-20T13:45:12.326Z</time></trkpt><trkpt lat="47.60819800" lon="19.14649410"><ele>156.93</ele><time>2025-10-20T13:45:12.548Z</time></trkpt><trkpt lat="47.60819290" lon="19.14650310"><ele>156.92</ele><time>2025-10-20T13:45:12.709Z</time></trkpt><trkpt lat="47.60818620" lon="19.14651550"><ele>156.90</ele><time>2025-10-20T13:45:12.929Z</time></trkpt><trkpt lat="47.60818030" lon="19.14652730"><ele>156.89</ele><time>2025-10-20T13:45:13.132Z</time></trkpt><trkpt lat="47.60817470" lon="19.14653920"><ele>156.87</ele><time>2025-10-20T13:45:13.335Z</time></trkpt><trkpt lat="47.60816950" lon="19.14655100"><ele>156.86</ele><time>2025-10-20T13:45:13.538Z</time></trkpt><trkpt lat="47.60816450" lon="19.14656270"><ele>156.86</ele><time>2025-10-20T13:45:13.740Z</time></trkpt><trkpt lat="47.60815990" lon="19.14657410"><ele>156.84</ele><time>2025-10-20T13:45:13.941Z</time></trkpt><trkpt lat="47.60815550" lon="19.14658570"><ele>156.83</ele><time>2025-10-20T13:45:14.143Z</time></trkpt><trkpt lat="47.60815120" lon="19.14659750"><ele>156.83</ele><time>2025-10-20T13:45:14.348Z</time></trkpt><trkpt lat="47.60814720" lon="19.14660910"><ele>156.81</ele><time>2025-10-20T13:45:14.549Z</time></trkpt><trkpt lat="47.60814340" lon="19.14662080"><ele>156.80</ele><time>2025-10-20T13:45:14.750Z</time></trkpt><trkpt lat="47.60813970" lon="19.14663320"><ele>156.77</ele><time>2025-10-20T13:45:14.952Z</time></trkpt><trkpt lat="47.60813700" lon="19.14664330"><ele>156.75</ele><time>2025-10-20T13:45:15.115Z</time></trkpt><trkpt lat="47.60813340" lon="19.14665750"><ele>156.72</ele><time>2025-10-20T13:45:15.343Z</time></trkpt><trkpt lat="47.60813060" lon="19.14666880"><ele>156.72</ele><time>2025-10-20T13:45:15.526Z</time></trkpt><trkpt lat="47.60812750" lon="19.14668150"><ele>156.73</ele><time>2025-10-20T13:45:15.729Z</time></trkpt><trkpt lat="47.60812450" lon="19.14669440"><ele>156.74</ele><time>2025-10-20T13:45:15.931Z</time></trkpt><trkpt lat="47.60812180" lon="19.14670640"><ele>156.76</ele><time>2025-10-20T13:45:16.113Z</time></trkpt><trkpt lat="47.60811860" lon="19.14672120"><ele>156.75</ele><time>2025-10-20T13:45:16.337Z</time></trkpt><trkpt lat="47.60811580" lon="19.14673440"><ele>156.75</ele><time>2025-10-20T13:45:16.539Z</time></trkpt><trkpt lat="47.60811320" lon="19.14674750"><ele>156.73</ele><time>2025-10-20T13:45:16.740Z</time></trkpt><trkpt lat="47.60811080" lon="19.14676050"><ele>156.74</ele><time>2025-10-20T13:45:16.942Z</time></trkpt><trkpt lat="47.60810880" lon="19.14677370"><ele>156.74</ele><time>2025-10-20T13:45:17.145Z</time></trkpt><trkpt lat="47.60810680" lon="19.14678730"><ele>156.74</ele><time>2025-10-20T13:45:17.356Z</time></trkpt><trkpt lat="47.60810510" lon="19.14680020"><ele>156.75</ele><time>2025-10-20T13:45:17.556Z</time></trkpt><trkpt lat="47.60810360" lon="19.14681300"><ele>156.76</ele><time>2025-10-20T13:45:17.756Z</time></trkpt><trkpt lat="47.60810220" lon="19.14682600"><ele>156.78</ele><time>2025-10-20T13:45:17.956Z</time></trkpt><trkpt lat="47.60810090" lon="19.14683880"><ele>156.77</ele><time>2025-10-20T13:45:18.156Z</time></trkpt><trkpt lat="47.60809960" lon="19.14685150"><ele>156.76</ele><time>2025-10-20T13:45:18.357Z</time></trkpt><trkpt lat="47.60809840" lon="19.14686410"><ele>156.75</ele><time>2025-10-20T13:45:18.557Z</time></trkpt><trkpt lat="47.60809740" lon="19.14687650"><ele>156.76</ele><time>2025-10-20T13:45:18.759Z</time></trkpt><trkpt lat="47.60809640" lon="19.14688870"><ele>156.78</ele><time>2025-10-20T13:45:18.959Z</time></trkpt><trkpt lat="47.60809560" lon="19.14690080"><ele>156.77</ele><time>2025-10-20T13:45:19.159Z</time></trkpt><trkpt lat="47.60809490" lon="19.14691230"><ele>156.77</ele><time>2025-10-20T13:45:19.347Z</time></trkpt><trkpt lat="47.60809430" lon="19.14692440"><ele>156.77</ele><time>2025-10-20T13:45:19.551Z</time></trkpt><trkpt lat="47.60809380" lon="19.14693650"><ele>156.75</ele><time>2025-10-20T13:45:19.754Z</time></trkpt><trkpt lat="47.60809330" lon="19.14694860"><ele>156.75</ele><time>2025-10-20T13:45:19.958Z</time></trkpt><trkpt lat="47.60809290" lon="19.14696090"><ele>156.75</ele><time>2025-10-20T13:45:20.160Z</time></trkpt><trkpt lat="47.60809260" lon="19.14697280"><ele>156.75</ele><time>2025-10-20T13:45:20.354Z</time></trkpt><trkpt lat="47.60809240" lon="19.14698370"><ele>156.76</ele><time>2025-10-20T13:45:20.534Z</time></trkpt><trkpt lat="47.60809230" lon="19.14699720"><ele>156.76</ele><time>2025-10-20T13:45:20.757Z</time></trkpt><trkpt lat="47.60809240" lon="19.14700950"><ele>156.77</ele><time>2025-10-20T13:45:20.957Z</time></trkpt><trkpt lat="47.60809260" lon="19.14702200"><ele>156.76</ele><time>2025-10-20T13:45:21.157Z</time></trkpt><trkpt lat="47.60809310" lon="19.14703470"><ele>156.77</ele><time>2025-10-20T13:45:21.360Z</time></trkpt><trkpt lat="47.60809370" lon="19.14704340"><ele>156.76</ele><time>2025-10-20T13:45:21.500Z</time></trkpt><trkpt lat="47.60809500" lon="19.14706000"><ele>156.75</ele><time>2025-10-20T13:45:21.763Z</time></trkpt><trkpt lat="47.60809600" lon="19.14707280"><ele>156.74</ele><time>2025-10-20T13:45:21.964Z</time></trkpt><trkpt lat="47.60809720" lon="19.14708570"><ele>156.74</ele><time>2025-10-20T13:45:22.166Z</time></trkpt><trkpt lat="47.60809870" lon="19.14709850"><ele>156.74</ele><time>2025-10-20T13:45:22.368Z</time></trkpt><trkpt lat="47.60810030" lon="19.14711100"><ele>156.75</ele><time>2025-10-20T13:45:22.570Z</time></trkpt><trkpt lat="47.60810220" lon="19.14712310"><ele>156.73</ele><time>2025-10-20T13:45:22.770Z</time></trkpt><trkpt lat="47.60810390" lon="19.14713390"><ele>156.72</ele><time>2025-10-20T13:45:22.950Z</time></trkpt><trkpt lat="47.60810610" lon="19.14714570"><ele>156.73</ele><time>2025-10-20T13:45:23.150Z</time></trkpt><trkpt lat="47.60810840" lon="19.14715850"><ele>156.71</ele><time>2025-10-20T13:45:23.372Z</time></trkpt><trkpt lat="47.60810990" lon="19.14716660"><ele>156.71</ele><time>2025-10-20T13:45:23.512Z</time></trkpt><trkpt lat="47.60811240" lon="19.14718000"><ele>156.69</ele><time>2025-10-20T13:45:23.753Z</time></trkpt><trkpt lat="47.60811450" lon="19.14719110"><ele>156.68</ele><time>2025-10-20T13:45:23.954Z</time></trkpt><trkpt lat="47.60811670" lon="19.14720230"><ele>156.67</ele><time>2025-10-20T13:45:24.155Z</time></trkpt><trkpt lat="47.60811920" lon="19.14721360"><ele>156.67</ele><time>2025-10-20T13:45:24.359Z</time></trkpt><trkpt lat="47.60812190" lon="19.14722470"><ele>156.67</ele><time>2025-10-20T13:45:24.561Z</time></trkpt><trkpt lat="47.60812480" lon="19.14723590"><ele>156.67</ele><time>2025-10-20T13:45:24.761Z</time></trkpt><trkpt lat="47.60812790" lon="19.14724730"><ele>156.66</ele><time>2025-10-20T13:45:24.962Z</time></trkpt><trkpt lat="47.60813120" lon="19.14725910"><ele>156.66</ele><time>2025-10-20T13:45:25.166Z</time></trkpt><trkpt lat="47.60813400" lon="19.14726840"><ele>156.66</ele><time>2025-10-20T13:45:25.327Z</time></trkpt><trkpt lat="47.60813730" lon="19.14727900"><ele>156.66</ele><time>2025-10-20T13:45:25.510Z</time></trkpt><trkpt lat="47.60814140" lon="19.14729200"><ele>156.66</ele><time>2025-10-20T13:45:25.731Z</time></trkpt><trkpt lat="47.60814510" lon="19.14730370"><ele>156.67</ele><time>2025-10-20T13:45:25.932Z</time></trkpt><trkpt lat="47.60814960" lon="19.14731780"><ele>156.67</ele><time>2025-10-20T13:45:26.172Z</time></trkpt><trkpt lat="47.60815300" lon="19.14732860"><ele>156.69</ele><time>2025-10-20T13:45:26.356Z</time></trkpt><trkpt lat="47.60815650" lon="19.14733930"><ele>156.70</ele><time>2025-10-20T13:45:26.537Z</time></trkpt><trkpt lat="47.60816080" lon="19.14735210"><ele>156.70</ele><time>2025-10-20T13:45:26.758Z</time></trkpt><trkpt lat="47.60816470" lon="19.14736360"><ele>156.71</ele><time>2025-10-20T13:45:26.959Z</time></trkpt><trkpt lat="47.60816870" lon="19.14737460"><ele>156.70</ele><time>2025-10-20T13:45:27.160Z</time></trkpt><trkpt lat="47.60817230" lon="19.14738460"><ele>156.71</ele><time>2025-10-20T13:45:27.343Z</time></trkpt><trkpt lat="47.60817710" lon="19.14739670"><ele>156.72</ele><time>2025-10-20T13:45:27.574Z</time></trkpt><trkpt lat="47.60818080" lon="19.14740550"><ele>156.73</ele><time>2025-10-20T13:45:27.746Z</time></trkpt><trkpt lat="47.60818570" lon="19.14741670"><ele>156.74</ele><time>2025-10-20T13:45:27.967Z</time></trkpt><trkpt lat="47.60819030" lon="19.14742690"><ele>156.75</ele><time>2025-10-20T13:45:28.167Z</time></trkpt><trkpt lat="47.60819460" lon="19.14743610"><ele>156.76</ele><time>2025-10-20T13:45:28.350Z</time></trkpt><trkpt lat="47.60820000" lon="19.14744720"><ele>156.80</ele><time>2025-10-20T13:45:28.571Z</time></trkpt><trkpt lat="47.60820500" lon="19.14745720"><ele>156.81</ele><time>2025-10-20T13:45:28.771Z</time></trkpt><trkpt lat="47.60820900" lon="19.14746500"><ele>156.82</ele><time>2025-10-20T13:45:28.931Z</time></trkpt><trkpt lat="47.60821460" lon="19.14747550"><ele>156.81</ele><time>2025-10-20T13:45:29.153Z</time></trkpt><trkpt lat="47.60821960" lon="19.14748490"><ele>156.81</ele><time>2025-10-20T13:45:29.353Z</time></trkpt><trkpt lat="47.60822460" lon="19.14749410"><ele>156.83</ele><time>2025-10-20T13:45:29.555Z</time></trkpt><trkpt lat="47.60822990" lon="19.14750330"><ele>156.85</ele><time>2025-10-20T13:45:29.758Z</time></trkpt><trkpt lat="47.60823590" lon="19.14751350"><ele>156.85</ele><time>2025-10-20T13:45:29.989Z</time></trkpt><trkpt lat="47.60824050" lon="19.14752100"><ele>156.85</ele><time>2025-10-20T13:45:30.161Z</time></trkpt><trkpt lat="47.60824640" lon="19.14753070"><ele>156.86</ele><time>2025-10-20T13:45:30.382Z</time></trkpt><trkpt lat="47.60825130" lon="19.14753860"><ele>156.86</ele><time>2025-10-20T13:45:30.563Z</time></trkpt><trkpt lat="47.60825690" lon="19.14754740"><ele>156.85</ele><time>2025-10-20T13:45:30.765Z</time></trkpt><trkpt lat="47.60826270" lon="19.14755610"><ele>156.86</ele><time>2025-10-20T13:45:30.965Z</time></trkpt><trkpt lat="47.60826840" lon="19.14756450"><ele>156.87</ele><time>2025-10-20T13:45:31.165Z</time></trkpt><trkpt lat="47.60827440" lon="19.14757290"><ele>156.88</ele><time>2025-10-20T13:45:31.367Z</time></trkpt><trkpt lat="47.60828000" lon="19.14758020"><ele>156.89</ele><time>2025-10-20T13:45:31.549Z</time></trkpt><trkpt lat="47.60828680" lon="19.14758860"><ele>156.88</ele><time>2025-10-20T13:45:31.769Z</time></trkpt><trkpt lat="47.60829330" lon="19.14759590"><ele>156.86</ele><time>2025-10-20T13:45:31.971Z</time></trkpt><trkpt lat="47.60829970" lon="19.14760280"><ele>156.86</ele><time>2025-10-20T13:45:32.172Z</time></trkpt><trkpt lat="47.60830640" lon="19.14760960"><ele>156.86</ele><time>2025-10-20T13:45:32.376Z</time></trkpt><trkpt lat="47.60831300" lon="19.14761600"><ele>156.85</ele><time>2025-10-20T13:45:32.576Z</time></trkpt><trkpt lat="47.60831970" lon="19.14762220"><ele>156.84</ele><time>2025-10-20T13:45:32.777Z</time></trkpt><trkpt lat="47.60832650" lon="19.14762830"><ele>156.84</ele><time>2025-10-20T13:45:32.979Z</time></trkpt><trkpt lat="47.60833340" lon="19.14763430"><ele>156.86</ele><time>2025-10-20T13:45:33.179Z</time></trkpt><trkpt lat="47.60833990" lon="19.14763970"><ele>156.85</ele><time>2025-10-20T13:45:33.370Z</time></trkpt><trkpt lat="47.60834680" lon="19.14764530"><ele>156.82</ele><time>2025-10-20T13:45:33.572Z</time></trkpt><trkpt lat="47.60835380" lon="19.14765090"><ele>156.81</ele><time>2025-10-20T13:45:33.773Z</time></trkpt><trkpt lat="47.60836100" lon="19.14765650"><ele>156.81</ele><time>2025-10-20T13:45:33.975Z</time></trkpt><trkpt lat="47.60836750" lon="19.14766180"><ele>156.80</ele><time>2025-10-20T13:45:34.161Z</time></trkpt><trkpt lat="47.60837540" lon="19.14766820"><ele>156.80</ele><time>2025-10-20T13:45:34.385Z</time></trkpt><trkpt lat="47.60838240" lon="19.14767380"><ele>156.81</ele><time>2025-10-20T13:45:34.585Z</time></trkpt><trkpt lat="47.60838950" lon="19.14767950"><ele>156.81</ele><time>2025-10-20T13:45:34.785Z</time></trkpt><trkpt lat="47.60839700" lon="19.14768510"><ele>156.82</ele><time>2025-10-20T13:45:34.986Z</time></trkpt><trkpt lat="47.60840450" lon="19.14769050"><ele>156.80</ele><time>2025-10-20T13:45:35.183Z</time></trkpt><trkpt lat="47.60841200" lon="19.14769580"><ele>156.80</ele><time>2025-10-20T13:45:35.380Z</time></trkpt><trkpt lat="47.60841990" lon="19.14770110"><ele>156.78</ele><time>2025-10-20T13:45:35.583Z</time></trkpt><trkpt lat="47.60842780" lon="19.14770600"><ele>156.76</ele><time>2025-10-20T13:45:35.784Z</time></trkpt><trkpt lat="47.60843590" lon="19.14771090"><ele>156.74</ele><time>2025-10-20T13:45:35.986Z</time></trkpt><trkpt lat="47.60844390" lon="19.14771560"><ele>156.73</ele><time>2025-10-20T13:45:36.187Z</time></trkpt><trkpt lat="47.60845190" lon="19.14772030"><ele>156.73</ele><time>2025-10-20T13:45:36.388Z</time></trkpt><trkpt lat="47.60845980" lon="19.14772480"><ele>156.70</ele><time>2025-10-20T13:45:36.589Z</time></trkpt><trkpt lat="47.60846790" lon="19.14772920"><ele>156.68</ele><time>2025-10-20T13:45:36.790Z</time></trkpt><trkpt lat="47.60847590" lon="19.14773330"><ele>156.66</ele><time>2025-10-20T13:45:36.991Z</time></trkpt><trkpt lat="47.60848350" lon="19.14773670"><ele>156.64</ele><time>2025-10-20T13:45:37.178Z</time></trkpt><trkpt lat="47.60849180" lon="19.14774020"><ele>156.62</ele><time>2025-10-20T13:45:37.385Z</time></trkpt><trkpt lat="47.60850000" lon="19.14774340"><ele>156.61</ele><time>2025-10-20T13:45:37.588Z</time></trkpt><trkpt lat="47.60850800" lon="19.14774640"><ele>156.59</ele><time>2025-10-20T13:45:37.791Z</time></trkpt><trkpt lat="47.60851610" lon="19.14774930"><ele>156.57</ele><time>2025-10-20T13:45:37.993Z</time></trkpt><trkpt lat="47.60852270" lon="19.14775140"><ele>156.55</ele><time>2025-10-20T13:45:38.153Z</time></trkpt><trkpt lat="47.60853240" lon="19.14775450"><ele>156.51</ele><time>2025-10-20T13:45:38.395Z</time></trkpt><trkpt lat="47.60854070" lon="19.14775680"><ele>156.48</ele><time>2025-10-20T13:45:38.596Z</time></trkpt><trkpt lat="47.60854890" lon="19.14775900"><ele>156.46</ele><time>2025-10-20T13:45:38.798Z</time></trkpt><trkpt lat="47.60855700" lon="19.14776120"><ele>156.42</ele><time>2025-10-20T13:45:39.001Z</time></trkpt><trkpt lat="47.60856510" lon="19.14776350"><ele>156.38</ele><time>2025-10-20T13:45:39.204Z</time></trkpt><trkpt lat="47.60857150" lon="19.14776530"><ele>156.36</ele><time>2025-10-20T13:45:39.366Z</time></trkpt><trkpt lat="47.60858110" lon="19.14776780"><ele>156.34</ele><time>2025-10-20T13:45:39.606Z</time></trkpt><trkpt lat="47.60858670" lon="19.14776910"><ele>156.32</ele><time>2025-10-20T13:45:39.748Z</time></trkpt><trkpt lat="47.60859550" lon="19.14777110"><ele>156.30</ele><time>2025-10-20T13:45:39.968Z</time></trkpt><trkpt lat="47.60860350" lon="19.14777270"><ele>156.28</ele><time>2025-10-20T13:45:40.172Z</time></trkpt><trkpt lat="47.60861250" lon="19.14777420"><ele>156.26</ele><time>2025-10-20T13:45:40.404Z</time></trkpt><trkpt lat="47.60862030" lon="19.14777530"><ele>156.24</ele><time>2025-10-20T13:45:40.605Z</time></trkpt><trkpt lat="47.60862810" lon="19.14777630"><ele>156.22</ele><time>2025-10-20T13:45:40.807Z</time></trkpt><trkpt lat="47.60863500" lon="19.14777690"><ele>156.21</ele><time>2025-10-20T13:45:40.989Z</time></trkpt><trkpt lat="47.60864290" lon="19.14777740"><ele>156.19</ele><time>2025-10-20T13:45:41.190Z</time></trkpt><trkpt lat="47.60865120" lon="19.14777750"><ele>156.17</ele><time>2025-10-20T13:45:41.400Z</time></trkpt><trkpt lat="47.60865840" lon="19.14777740"><ele>156.17</ele><time>2025-10-20T13:45:41.582Z</time></trkpt><trkpt lat="47.60866720" lon="19.14777730"><ele>156.18</ele><time>2025-10-20T13:45:41.801Z</time></trkpt><trkpt lat="47.60867540" lon="19.14777690"><ele>156.17</ele><time>2025-10-20T13:45:42.003Z</time></trkpt><trkpt lat="47.60868360" lon="19.14777640"><ele>156.17</ele><time>2025-10-20T13:45:42.203Z</time></trkpt><trkpt lat="47.60869130" lon="19.14777560"><ele>156.16</ele><time>2025-10-20T13:45:42.387Z</time></trkpt><trkpt lat="47.60870080" lon="19.14777430"><ele>156.16</ele><time>2025-10-20T13:45:42.608Z</time></trkpt><trkpt lat="47.60870960" lon="19.14777260"><ele>156.15</ele><time>2025-10-20T13:45:42.809Z</time></trkpt><trkpt lat="47.60871850" lon="19.14777070"><ele>156.14</ele><time>2025-10-20T13:45:43.010Z</time></trkpt><trkpt lat="47.60872760" lon="19.14776840"><ele>156.14</ele><time>2025-10-20T13:45:43.211Z</time></trkpt><trkpt lat="47.60873690" lon="19.14776580"><ele>156.14</ele><time>2025-10-20T13:45:43.421Z</time></trkpt><trkpt lat="47.60874570" lon="19.14776310"><ele>156.13</ele><time>2025-10-20T13:45:43.623Z</time></trkpt><trkpt lat="47.60875370" lon="19.14776050"><ele>156.11</ele><time>2025-10-20T13:45:43.805Z</time></trkpt><trkpt lat="47.60876240" lon="19.14775750"><ele>156.11</ele><time>2025-10-20T13:45:44.007Z</time></trkpt><trkpt lat="47.60877090" lon="19.14775430"><ele>156.09</ele><time>2025-10-20T13:45:44.209Z</time></trkpt><trkpt lat="47.60877930" lon="19.14775100"><ele>156.09</ele><time>2025-10-20T13:45:44.411Z</time></trkpt><trkpt lat="47.60878740" lon="19.14774750"><ele>156.09</ele><time>2025-10-20T13:45:44.613Z</time></trkpt><trkpt lat="47.60879530" lon="19.14774400"><ele>156.08</ele><time>2025-10-20T13:45:44.813Z</time></trkpt><trkpt lat="47.60880320" lon="19.14774020"><ele>156.08</ele><time>2025-10-20T13:45:45.014Z</time></trkpt><trkpt lat="47.60881110" lon="19.14773630"><ele>156.09</ele><time>2025-10-20T13:45:45.217Z</time></trkpt><trkpt lat="47.60881820" lon="19.14773260"><ele>156.09</ele><time>2025-10-20T13:45:45.400Z</time></trkpt><trkpt lat="47.60882680" lon="19.14772790"><ele>156.10</ele><time>2025-10-20T13:45:45.620Z</time></trkpt><trkpt lat="47.60883460" lon="19.14772340"><ele>156.09</ele><time>2025-10-20T13:45:45.822Z</time></trkpt><trkpt lat="47.60884240" lon="19.14771860"><ele>156.09</ele><time>2025-10-20T13:45:46.024Z</time></trkpt><trkpt lat="47.60885010" lon="19.14771340"><ele>156.09</ele><time>2025-10-20T13:45:46.225Z</time></trkpt><trkpt lat="47.60885710" lon="19.14770840"><ele>156.10</ele><time>2025-10-20T13:45:46.409Z</time></trkpt><trkpt lat="47.60886460" lon="19.14770280"><ele>156.12</ele><time>2025-10-20T13:45:46.609Z</time></trkpt><trkpt lat="47.60887120" lon="19.14769760"><ele>156.13</ele><time>2025-10-20T13:45:46.790Z</time></trkpt><trkpt lat="47.60887930" lon="19.14769100"><ele>156.13</ele><time>2025-10-20T13:45:47.011Z</time></trkpt><trkpt lat="47.60888660" lon="19.14768480"><ele>156.14</ele><time>2025-10-20T13:45:47.212Z</time></trkpt><trkpt lat="47.60889390" lon="19.14767830"><ele>156.14</ele><time>2025-10-20T13:45:47.413Z</time></trkpt><trkpt lat="47.60890110" lon="19.14767180"><ele>156.15</ele><time>2025-10-20T13:45:47.615Z</time></trkpt><trkpt lat="47.60890830" lon="19.14766520"><ele>156.17</ele><time>2025-10-20T13:45:47.815Z</time></trkpt><trkpt lat="47.60891560" lon="19.14765840"><ele>156.18</ele><time>2025-10-20T13:45:48.016Z</time></trkpt><trkpt lat="47.60892290" lon="19.14765140"><ele>156.19</ele><time>2025-10-20T13:45:48.217Z</time></trkpt><trkpt lat="47.60893020" lon="19.14764420"><ele>156.20</ele><time>2025-10-20T13:45:48.420Z</time></trkpt><trkpt lat="47.60893750" lon="19.14763670"><ele>156.21</ele><time>2025-10-20T13:45:48.622Z</time></trkpt><trkpt lat="47.60894410" lon="19.14762990"><ele>156.21</ele><time>2025-10-20T13:45:48.803Z</time></trkpt><trkpt lat="47.60895210" lon="19.14762140"><ele>156.22</ele><time>2025-10-20T13:45:49.025Z</time></trkpt><trkpt lat="47.60895930" lon="19.14761350"><ele>156.23</ele><time>2025-10-20T13:45:49.227Z</time></trkpt><trkpt lat="47.60896680" lon="19.14760520"><ele>156.24</ele><time>2025-10-20T13:45:49.435Z</time></trkpt><trkpt lat="47.60897320" lon="19.14759790"><ele>156.25</ele><time>2025-10-20T13:45:49.617Z</time></trkpt><trkpt lat="47.60898010" lon="19.14758970"><ele>156.26</ele><time>2025-10-20T13:45:49.818Z</time></trkpt><trkpt lat="47.60898710" lon="19.14758110"><ele>156.28</ele><time>2025-10-20T13:45:50.021Z</time></trkpt><trkpt lat="47.60899420" lon="19.14757210"><ele>156.29</ele><time>2025-10-20T13:45:50.229Z</time></trkpt><trkpt lat="47.60900070" lon="19.14756360"><ele>156.30</ele><time>2025-10-20T13:45:50.427Z</time></trkpt><trkpt lat="47.60900740" lon="19.14755460"><ele>156.32</ele><time>2025-10-20T13:45:50.628Z</time></trkpt><trkpt lat="47.60901270" lon="19.14754740"><ele>156.34</ele><time>2025-10-20T13:45:50.790Z</time></trkpt><trkpt lat="47.60902050" lon="19.14753640"><ele>156.37</ele><time>2025-10-20T13:45:51.032Z</time></trkpt><trkpt lat="47.60902620" lon="19.14752800"><ele>156.39</ele><time>2025-10-20T13:45:51.215Z</time></trkpt><trkpt lat="47.60903280" lon="19.14751810"><ele>156.41</ele><time>2025-10-20T13:45:51.431Z</time></trkpt><trkpt lat="47.60903850" lon="19.14750920"><ele>156.43</ele><time>2025-10-20T13:45:51.622Z</time></trkpt><trkpt lat="47.60904380" lon="19.14750090"><ele>156.44</ele><time>2025-10-20T13:45:51.804Z</time></trkpt><trkpt lat="47.60905000" lon="19.14749080"><ele>156.46</ele><time>2025-10-20T13:45:52.025Z</time></trkpt><trkpt lat="47.60905500" lon="19.14748250"><ele>156.48</ele><time>2025-10-20T13:45:52.206Z</time></trkpt><trkpt lat="47.60906040" lon="19.14747320"><ele>156.50</ele><time>2025-10-20T13:45:52.408Z</time></trkpt><trkpt lat="47.60906560" lon="19.14746390"><ele>156.52</ele><time>2025-10-20T13:45:52.609Z</time></trkpt><trkpt lat="47.60907120" lon="19.14745370"><ele>156.54</ele><time>2025-10-20T13:45:52.830Z</time></trkpt><trkpt lat="47.60907610" lon="19.14744440"><ele>156.56</ele><time>2025-10-20T13:45:53.030Z</time></trkpt><trkpt lat="47.60908070" lon="19.14743520"><ele>156.58</ele><time>2025-10-20T13:45:53.231Z</time></trkpt><trkpt lat="47.60908490" lon="19.14742670"><ele>156.60</ele><time>2025-10-20T13:45:53.413Z</time></trkpt><trkpt lat="47.60908960" lon="19.14741620"><ele>156.62</ele><time>2025-10-20T13:45:53.634Z</time></trkpt><trkpt lat="47.60909370" lon="19.14740670"><ele>156.64</ele><time>2025-10-20T13:45:53.827Z</time></trkpt><trkpt lat="47.60909750" lon="19.14739740"><ele>156.66</ele><time>2025-10-20T13:45:54.015Z</time></trkpt><trkpt lat="47.60910140" lon="19.14738740"><ele>156.69</ele><time>2025-10-20T13:45:54.216Z</time></trkpt><trkpt lat="47.60910530" lon="19.14737700"><ele>156.71</ele><time>2025-10-20T13:45:54.422Z</time></trkpt><trkpt lat="47.60910910" lon="19.14736680"><ele>156.72</ele><time>2025-10-20T13:45:54.624Z</time></trkpt><trkpt lat="47.60911310" lon="19.14735550"><ele>156.74</ele><time>2025-10-20T13:45:54.844Z</time></trkpt><trkpt lat="47.60911630" lon="19.14734620"><ele>156.76</ele><time>2025-10-20T13:45:55.026Z</time></trkpt><trkpt lat="47.60911970" lon="19.14733590"><ele>156.79</ele><time>2025-10-20T13:45:55.227Z</time></trkpt><trkpt lat="47.60912310" lon="19.14732520"><ele>156.81</ele><time>2025-10-20T13:45:55.430Z</time></trkpt><trkpt lat="47.60912680" lon="19.14731330"><ele>156.83</ele><time>2025-10-20T13:45:55.651Z</time></trkpt><trkpt lat="47.60912970" lon="19.14730350"><ele>156.85</ele><time>2025-10-20T13:45:55.832Z</time></trkpt><trkpt lat="47.60913300" lon="19.14729240"><ele>156.87</ele><time>2025-10-20T13:45:56.034Z</time></trkpt><trkpt lat="47.60913590" lon="19.14728180"><ele>156.89</ele><time>2025-10-20T13:45:56.225Z</time></trkpt><trkpt lat="47.60913910" lon="19.14726930"><ele>156.90</ele><time>2025-10-20T13:45:56.452Z</time></trkpt><trkpt lat="47.60914210" lon="19.14725780"><ele>156.91</ele><time>2025-10-20T13:45:56.652Z</time></trkpt><trkpt lat="47.60914500" lon="19.14724600"><ele>156.92</ele><time>2025-10-20T13:45:56.853Z</time></trkpt><trkpt lat="47.60914790" lon="19.14723410"><ele>156.94</ele><time>2025-10-20T13:45:57.053Z</time></trkpt><trkpt lat="47.60915070" lon="19.14722190"><ele>156.94</ele><time>2025-10-20T13:45:57.254Z</time></trkpt><trkpt lat="47.60915340" lon="19.14720960"><ele>156.95</ele><time>2025-10-20T13:45:57.456Z</time></trkpt><trkpt lat="47.60915600" lon="19.14719710"><ele>156.96</ele><time>2025-10-20T13:45:57.658Z</time></trkpt><trkpt lat="47.60915850" lon="19.14718470"><ele>156.97</ele><time>2025-10-20T13:45:57.858Z</time></trkpt><trkpt lat="47.60916090" lon="19.14717210"><ele>156.99</ele><time>2025-10-20T13:45:58.061Z</time></trkpt><trkpt lat="47.60916300" lon="19.14716050"><ele>157.01</ele><time>2025-10-20T13:45:58.247Z</time></trkpt><trkpt lat="47.60916500" lon="19.14714780"><ele>157.02</ele><time>2025-10-20T13:45:58.451Z</time></trkpt><trkpt lat="47.60916720" lon="19.14713400"><ele>157.03</ele><time>2025-10-20T13:45:58.673Z</time></trkpt><trkpt lat="47.60916870" lon="19.14712400"><ele>157.04</ele><time>2025-10-20T13:45:58.836Z</time></trkpt><trkpt lat="47.60917050" lon="19.14711060"><ele>157.06</ele><time>2025-10-20T13:45:59.055Z</time></trkpt><trkpt lat="47.60917200" lon="19.14709820"><ele>157.07</ele><time>2025-10-20T13:45:59.255Z</time></trkpt><trkpt lat="47.60917350" lon="19.14708460"><ele>157.09</ele><time>2025-10-20T13:45:59.476Z</time></trkpt><trkpt lat="47.60917450" lon="19.14707340"><ele>157.10</ele><time>2025-10-20T13:45:59.657Z</time></trkpt><trkpt lat="47.60917560" lon="19.14706100"><ele>157.11</ele><time>2025-10-20T13:45:59.858Z</time></trkpt><trkpt lat="47.60917650" lon="19.14704850"><ele>157.12</ele><time>2025-10-20T13:46:00.058Z</time></trkpt><trkpt lat="47.60917740" lon="19.14703580"><ele>157.13</ele><time>2025-10-20T13:46:00.260Z</time></trkpt><trkpt lat="47.60917810" lon="19.14702330"><ele>157.13</ele><time>2025-10-20T13:46:00.462Z</time></trkpt><trkpt lat="47.60917880" lon="19.14701080"><ele>157.15</ele><time>2025-10-20T13:46:00.662Z</time></trkpt><trkpt lat="47.60917920" lon="19.14699820"><ele>157.16</ele><time>2025-10-20T13:46:00.863Z</time></trkpt><trkpt lat="47.60917950" lon="19.14698560"><ele>157.16</ele><time>2025-10-20T13:46:01.063Z</time></trkpt><trkpt lat="47.60917980" lon="19.14697310"><ele>157.17</ele><time>2025-10-20T13:46:01.263Z</time></trkpt><trkpt lat="47.60917990" lon="19.14696050"><ele>157.17</ele><time>2025-10-20T13:46:01.466Z</time></trkpt><trkpt lat="47.60917980" lon="19.14694800"><ele>157.18</ele><time>2025-10-20T13:46:01.666Z</time></trkpt><trkpt lat="47.60917960" lon="19.14693550"><ele>157.19</ele><time>2025-10-20T13:46:01.868Z</time></trkpt><trkpt lat="47.60917920" lon="19.14692330"><ele>157.18</ele><time>2025-10-20T13:46:02.067Z</time></trkpt><trkpt lat="47.60917870" lon="19.14691130"><ele>157.18</ele><time>2025-10-20T13:46:02.260Z</time></trkpt><trkpt lat="47.60917790" lon="19.14689820"><ele>157.18</ele><time>2025-10-20T13:46:02.471Z</time></trkpt><trkpt lat="47.60917700" lon="19.14688640"><ele>157.19</ele><time>2025-10-20T13:46:02.661Z</time></trkpt><trkpt lat="47.60917600" lon="19.14687390"><ele>157.19</ele><time>2025-10-20T13:46:02.861Z</time></trkpt><trkpt lat="47.60917470" lon="19.14686140"><ele>157.18</ele><time>2025-10-20T13:46:03.062Z</time></trkpt><trkpt lat="47.60917320" lon="19.14684870"><ele>157.17</ele><time>2025-10-20T13:46:03.264Z</time></trkpt><trkpt lat="47.60917170" lon="19.14683610"><ele>157.17</ele><time>2025-10-20T13:46:03.467Z</time></trkpt><trkpt lat="47.60917030" lon="19.14682480"><ele>157.18</ele><time>2025-10-20T13:46:03.648Z</time></trkpt><trkpt lat="47.60916840" lon="19.14681100"><ele>157.18</ele><time>2025-10-20T13:46:03.870Z</time></trkpt><trkpt lat="47.60916670" lon="19.14679870"><ele>157.18</ele><time>2025-10-20T13:46:04.071Z</time></trkpt><trkpt lat="47.60916480" lon="19.14678630"><ele>157.17</ele><time>2025-10-20T13:46:04.271Z</time></trkpt><trkpt lat="47.60916260" lon="19.14677410"><ele>157.15</ele><time>2025-10-20T13:46:04.472Z</time></trkpt><trkpt lat="47.60916030" lon="19.14676160"><ele>157.14</ele><time>2025-10-20T13:46:04.673Z</time></trkpt><trkpt lat="47.60915810" lon="19.14675050"><ele>157.13</ele><time>2025-10-20T13:46:04.854Z</time></trkpt><trkpt lat="47.60915530" lon="19.14673700"><ele>157.11</ele><time>2025-10-20T13:46:05.076Z</time></trkpt><trkpt lat="47.60915320" lon="19.14672710"><ele>157.10</ele><time>2025-10-20T13:46:05.238Z</time></trkpt><trkpt lat="47.60915020" lon="19.14671350"><ele>157.09</ele><time>2025-10-20T13:46:05.460Z</time></trkpt><trkpt lat="47.60914760" lon="19.14670140"><ele>157.09</ele><time>2025-10-20T13:46:05.661Z</time></trkpt><trkpt lat="47.60914480" lon="19.14668920"><ele>157.08</ele><time>2025-10-20T13:46:05.865Z</time></trkpt><trkpt lat="47.60914170" lon="19.14667610"><ele>157.06</ele><time>2025-10-20T13:46:06.087Z</time></trkpt><trkpt lat="47.60913890" lon="19.14666520"><ele>157.05</ele><time>2025-10-20T13:46:06.269Z</time></trkpt><trkpt lat="47.60913570" lon="19.14665330"><ele>157.03</ele><time>2025-10-20T13:46:06.472Z</time></trkpt><trkpt lat="47.60913240" lon="19.14664160"><ele>157.00</ele><time>2025-10-20T13:46:06.672Z</time></trkpt><trkpt lat="47.60912970" lon="19.14663240"><ele>156.99</ele><time>2025-10-20T13:46:06.832Z</time></trkpt><trkpt lat="47.60912550" lon="19.14661880"><ele>156.96</ele><time>2025-10-20T13:46:07.073Z</time></trkpt><trkpt lat="47.60912180" lon="19.14660770"><ele>156.94</ele><time>2025-10-20T13:46:07.274Z</time></trkpt><trkpt lat="47.60911800" lon="19.14659670"><ele>156.90</ele><time>2025-10-20T13:46:07.475Z</time></trkpt><trkpt lat="47.60911410" lon="19.14658570"><ele>156.88</ele><time>2025-10-20T13:46:07.675Z</time></trkpt><trkpt lat="47.60911010" lon="19.14657470"><ele>156.86</ele><time>2025-10-20T13:46:07.876Z</time></trkpt><trkpt lat="47.60910630" lon="19.14656470"><ele>156.86</ele><time>2025-10-20T13:46:08.056Z</time></trkpt><trkpt lat="47.60910210" lon="19.14655430"><ele>156.85</ele><time>2025-10-20T13:46:08.247Z</time></trkpt><trkpt lat="47.60909720" lon="19.14654230"><ele>156.83</ele><time>2025-10-20T13:46:08.471Z</time></trkpt><trkpt lat="47.60909350" lon="19.14653370"><ele>156.83</ele><time>2025-10-20T13:46:08.632Z</time></trkpt><trkpt lat="47.60908830" lon="19.14652210"><ele>156.83</ele><time>2025-10-20T13:46:08.855Z</time></trkpt><trkpt lat="47.60908360" lon="19.14651150"><ele>156.83</ele><time>2025-10-20T13:46:09.056Z</time></trkpt><trkpt lat="47.60907870" lon="19.14650110"><ele>156.83</ele><time>2025-10-20T13:46:09.257Z</time></trkpt><trkpt lat="47.60907370" lon="19.14649060"><ele>156.83</ele><time>2025-10-20T13:46:09.458Z</time></trkpt><trkpt lat="47.60906860" lon="19.14648040"><ele>156.83</ele><time>2025-10-20T13:46:09.659Z</time></trkpt><trkpt lat="47.60906340" lon="19.14647020"><ele>156.82</ele><time>2025-10-20T13:46:09.860Z</time></trkpt><trkpt lat="47.60905810" lon="19.14646020"><ele>156.82</ele><time>2025-10-20T13:46:10.062Z</time></trkpt><trkpt lat="47.60905240" lon="19.14644970"><ele>156.83</ele><time>2025-10-20T13:46:10.277Z</time></trkpt><trkpt lat="47.60904730" lon="19.14644050"><ele>156.84</ele><time>2025-10-20T13:46:10.464Z</time></trkpt><trkpt lat="47.60904180" lon="19.14643100"><ele>156.87</ele><time>2025-10-20T13:46:10.664Z</time></trkpt><trkpt lat="47.60903680" lon="19.14642270"><ele>156.88</ele><time>2025-10-20T13:46:10.845Z</time></trkpt><trkpt lat="47.60903040" lon="19.14641260"><ele>156.89</ele><time>2025-10-20T13:46:11.069Z</time></trkpt><trkpt lat="47.60902490" lon="19.14640410"><ele>156.90</ele><time>2025-10-20T13:46:11.262Z</time></trkpt><trkpt lat="47.60901950" lon="19.14639630"><ele>156.91</ele><time>2025-10-20T13:46:11.446Z</time></trkpt><trkpt lat="47.60901280" lon="19.14638680"><ele>156.92</ele><time>2025-10-20T13:46:11.672Z</time></trkpt><trkpt lat="47.60900670" lon="19.14637860"><ele>156.91</ele><time>2025-10-20T13:46:11.875Z</time></trkpt><trkpt lat="47.60900070" lon="19.14637060"><ele>156.93</ele><time>2025-10-20T13:46:12.076Z</time></trkpt><trkpt lat="47.60899510" lon="19.14636350"><ele>156.93</ele><time>2025-10-20T13:46:12.262Z</time></trkpt><trkpt lat="47.60898890" lon="19.14635620"><ele>156.91</ele><time>2025-10-20T13:46:12.467Z</time></trkpt><trkpt lat="47.60898270" lon="19.14634920"><ele>156.92</ele><time>2025-10-20T13:46:12.669Z</time></trkpt><trkpt lat="47.60897720" lon="19.14634300"><ele>156.95</ele><time>2025-10-20T13:46:12.851Z</time></trkpt><trkpt lat="47.60897050" lon="19.14633580"><ele>156.97</ele><time>2025-10-20T13:46:13.071Z</time></trkpt><trkpt lat="47.60896410" lon="19.14632930"><ele>156.95</ele><time>2025-10-20T13:46:13.276Z</time></trkpt><trkpt lat="47.60895740" lon="19.14632300"><ele>156.93</ele><time>2025-10-20T13:46:13.479Z</time></trkpt><trkpt lat="47.60895060" lon="19.14631680"><ele>156.93</ele><time>2025-10-20T13:46:13.680Z</time></trkpt><trkpt lat="47.60894360" lon="19.14631060"><ele>156.92</ele><time>2025-10-20T13:46:13.880Z</time></trkpt><trkpt lat="47.60893650" lon="19.14630430"><ele>156.90</ele><time>2025-10-20T13:46:14.082Z</time></trkpt><trkpt lat="47.60893030" lon="19.14629880"><ele>156.90</ele><time>2025-10-20T13:46:14.255Z</time></trkpt><trkpt lat="47.60892180" lon="19.14629170"><ele>156.90</ele><time>2025-10-20T13:46:14.485Z</time></trkpt><trkpt lat="47.60891450" lon="19.14628570"><ele>156.90</ele><time>2025-10-20T13:46:14.683Z</time></trkpt><trkpt lat="47.60890710" lon="19.14627980"><ele>156.90</ele><time>2025-10-20T13:46:14.883Z</time></trkpt><trkpt lat="47.60889950" lon="19.14627380"><ele>156.89</ele><time>2025-10-20T13:46:15.084Z</time></trkpt><trkpt lat="47.60889260" lon="19.14626850"><ele>156.86</ele><time>2025-10-20T13:46:15.265Z</time></trkpt><trkpt lat="47.60888490" lon="19.14626270"><ele>156.85</ele><time>2025-10-20T13:46:15.467Z</time></trkpt><trkpt lat="47.60887720" lon="19.14625700"><ele>156.84</ele><time>2025-10-20T13:46:15.669Z</time></trkpt><trkpt lat="47.60886870" lon="19.14625080"><ele>156.83</ele><time>2025-10-20T13:46:15.889Z</time></trkpt><trkpt lat="47.60886070" lon="19.14624520"><ele>156.82</ele><time>2025-10-20T13:46:16.090Z</time></trkpt><trkpt lat="47.60885280" lon="19.14623970"><ele>156.80</ele><time>2025-10-20T13:46:16.291Z</time></trkpt><trkpt lat="47.60884550" lon="19.14623480"><ele>156.79</ele><time>2025-10-20T13:46:16.475Z</time></trkpt><trkpt lat="47.60883740" lon="19.14622960"><ele>156.78</ele><time>2025-10-20T13:46:16.675Z</time></trkpt><trkpt lat="47.60882840" lon="19.14622420"><ele>156.80</ele><time>2025-10-20T13:46:16.894Z</time></trkpt><trkpt lat="47.60882000" lon="19.14621950"><ele>156.80</ele><time>2025-10-20T13:46:17.098Z</time></trkpt><trkpt lat="47.60881200" lon="19.14621520"><ele>156.80</ele><time>2025-10-20T13:46:17.291Z</time></trkpt><trkpt lat="47.60880370" lon="19.14621100"><ele>156.80</ele><time>2025-10-20T13:46:17.491Z</time></trkpt><trkpt lat="47.60879610" lon="19.14620740"><ele>156.80</ele><time>2025-10-20T13:46:17.673Z</time></trkpt><trkpt lat="47.60878770" lon="19.14620370"><ele>156.83</ele><time>2025-10-20T13:46:17.873Z</time></trkpt><trkpt lat="47.60877840" lon="19.14619990"><ele>156.85</ele><time>2025-10-20T13:46:18.096Z</time></trkpt><trkpt lat="47.60876980" lon="19.14619650"><ele>156.88</ele><time>2025-10-20T13:46:18.296Z</time></trkpt><trkpt lat="47.60876120" lon="19.14619350"><ele>156.90</ele><time>2025-10-20T13:46:18.497Z</time></trkpt><trkpt lat="47.60875250" lon="19.14619070"><ele>156.92</ele><time>2025-10-20T13:46:18.698Z</time></trkpt><trkpt lat="47.60874380" lon="19.14618800"><ele>156.95</ele><time>2025-10-20T13:46:18.900Z</time></trkpt><trkpt lat="47.60873500" lon="19.14618560"><ele>156.97</ele><time>2025-10-20T13:46:19.102Z</time></trkpt><trkpt lat="47.60872690" lon="19.14618350"><ele>156.98</ele><time>2025-10-20T13:46:19.286Z</time></trkpt><trkpt lat="47.60871830" lon="19.14618130"><ele>156.99</ele><time>2025-10-20T13:46:19.489Z</time></trkpt><trkpt lat="47.60870950" lon="19.14617910"><ele>157.00</ele><time>2025-10-20T13:46:19.690Z</time></trkpt><trkpt lat="47.60870060" lon="19.14617710"><ele>156.99</ele><time>2025-10-20T13:46:19.892Z</time></trkpt><trkpt lat="47.60869280" lon="19.14617530"><ele>156.97</ele><time>2025-10-20T13:46:20.072Z</time></trkpt><trkpt lat="47.60868300" lon="19.14617320"><ele>156.94</ele><time>2025-10-20T13:46:20.293Z</time></trkpt><trkpt lat="47.60867440" lon="19.14617160"><ele>156.93</ele><time>2025-10-20T13:46:20.494Z</time></trkpt><trkpt lat="47.60866580" lon="19.14617000"><ele>156.94</ele><time>2025-10-20T13:46:20.696Z</time></trkpt><trkpt lat="47.60865730" lon="19.14616850"><ele>156.96</ele><time>2025-10-20T13:46:20.896Z</time></trkpt><trkpt lat="47.60864890" lon="19.14616730"><ele>156.96</ele><time>2025-10-20T13:46:21.097Z</time></trkpt><trkpt lat="47.60864060" lon="19.14616630"><ele>156.96</ele><time>2025-10-20T13:46:21.300Z</time></trkpt><trkpt lat="47.60863230" lon="19.14616570"><ele>156.96</ele><time>2025-10-20T13:46:21.503Z</time></trkpt><trkpt lat="47.60862410" lon="19.14616530"><ele>156.97</ele><time>2025-10-20T13:46:21.705Z</time></trkpt><trkpt lat="47.60861610" lon="19.14616530"><ele>156.97</ele><time>2025-10-20T13:46:21.906Z</time></trkpt><trkpt lat="47.60860910" lon="19.14616540"><ele>156.96</ele><time>2025-10-20T13:46:22.088Z</time></trkpt><trkpt lat="47.60860020" lon="19.14616580"><ele>156.95</ele><time>2025-10-20T13:46:22.311Z</time></trkpt><trkpt lat="47.60859230" lon="19.14616620"><ele>156.94</ele><time>2025-10-20T13:46:22.513Z</time></trkpt><trkpt lat="47.60858440" lon="19.14616680"><ele>156.94</ele><time>2025-10-20T13:46:22.714Z</time></trkpt><trkpt lat="47.60857660" lon="19.14616750"><ele>156.94</ele><time>2025-10-20T13:46:22.914Z</time></trkpt><trkpt lat="47.60856880" lon="19.14616850"><ele>156.93</ele><time>2025-10-20T13:46:23.114Z</time></trkpt><trkpt lat="47.60856160" lon="19.14616970"><ele>156.94</ele><time>2025-10-20T13:46:23.298Z</time></trkpt><trkpt lat="47.60855290" lon="19.14617140"><ele>156.96</ele><time>2025-10-20T13:46:23.519Z</time></trkpt><trkpt lat="47.60854680" lon="19.14617280"><ele>156.96</ele><time>2025-10-20T13:46:23.680Z</time></trkpt><trkpt lat="47.60853890" lon="19.14617490"><ele>156.97</ele><time>2025-10-20T13:46:23.882Z</time></trkpt><trkpt lat="47.60853020" lon="19.14617750"><ele>156.99</ele><time>2025-10-20T13:46:24.104Z</time></trkpt><trkpt lat="47.60852200" lon="19.14618010"><ele>157.00</ele><time>2025-10-20T13:46:24.308Z</time></trkpt><trkpt lat="47.60851380" lon="19.14618310"><ele>157.01</ele><time>2025-10-20T13:46:24.515Z</time></trkpt><trkpt lat="47.60850570" lon="19.14618620"><ele>157.02</ele><time>2025-10-20T13:46:24.716Z</time></trkpt><trkpt lat="47.60849740" lon="19.14618970"><ele>157.03</ele><time>2025-10-20T13:46:24.918Z</time></trkpt><trkpt lat="47.60848880" lon="19.14619360"><ele>157.03</ele><time>2025-10-20T13:46:25.122Z</time></trkpt><trkpt lat="47.60848030" lon="19.14619770"><ele>157.03</ele><time>2025-10-20T13:46:25.326Z</time></trkpt><trkpt lat="47.60847190" lon="19.14620210"><ele>157.04</ele><time>2025-10-20T13:46:25.529Z</time></trkpt><trkpt lat="47.60846380" lon="19.14620680"><ele>157.03</ele><time>2025-10-20T13:46:25.730Z</time></trkpt><trkpt lat="47.60845580" lon="19.14621190"><ele>157.00</ele><time>2025-10-20T13:46:25.930Z</time></trkpt><trkpt lat="47.60844790" lon="19.14621760"><ele>156.98</ele><time>2025-10-20T13:46:26.130Z</time></trkpt><trkpt lat="47.60843930" lon="19.14622420"><ele>156.96</ele><time>2025-10-20T13:46:26.352Z</time></trkpt><trkpt lat="47.60843240" lon="19.14622960"><ele>156.95</ele><time>2025-10-20T13:46:26.533Z</time></trkpt><trkpt lat="47.60842470" lon="19.14623550"><ele>156.92</ele><time>2025-10-20T13:46:26.734Z</time></trkpt><trkpt lat="47.60841680" lon="19.14624150"><ele>156.89</ele><time>2025-10-20T13:46:26.936Z</time></trkpt><trkpt lat="47.60840890" lon="19.14624740"><ele>156.87</ele><time>2025-10-20T13:46:27.136Z</time></trkpt><trkpt lat="47.60840090" lon="19.14625340"><ele>156.82</ele><time>2025-10-20T13:46:27.342Z</time></trkpt><trkpt lat="47.60839330" lon="19.14625920"><ele>156.79</ele><time>2025-10-20T13:46:27.543Z</time></trkpt><trkpt lat="47.60838640" lon="19.14626460"><ele>156.77</ele><time>2025-10-20T13:46:27.726Z</time></trkpt><trkpt lat="47.60837900" lon="19.14627060"><ele>156.77</ele><time>2025-10-20T13:46:27.926Z</time></trkpt><trkpt lat="47.60837080" lon="19.14627710"><ele>156.76</ele><time>2025-10-20T13:46:28.147Z</time></trkpt><trkpt lat="47.60836420" lon="19.14628250"><ele>156.74</ele><time>2025-10-20T13:46:28.328Z</time></trkpt><trkpt lat="47.60835620" lon="19.14628880"><ele>156.73</ele><time>2025-10-20T13:46:28.548Z</time></trkpt><trkpt lat="47.60834900" lon="19.14629480"><ele>156.70</ele><time>2025-10-20T13:46:28.749Z</time></trkpt><trkpt lat="47.60834190" lon="19.14630080"><ele>156.69</ele><time>2025-10-20T13:46:28.951Z</time></trkpt><trkpt lat="47.60833480" lon="19.14630700"><ele>156.67</ele><time>2025-10-20T13:46:29.151Z</time></trkpt><trkpt lat="47.60832800" lon="19.14631320"><ele>156.67</ele><time>2025-10-20T13:46:29.348Z</time></trkpt><trkpt lat="47.60832090" lon="19.14631980"><ele>156.68</ele><time>2025-10-20T13:46:29.553Z</time></trkpt><trkpt lat="47.60831460" lon="19.14632610"><ele>156.71</ele><time>2025-10-20T13:46:29.736Z</time></trkpt><trkpt lat="47.60830790" lon="19.14633320"><ele>156.72</ele><time>2025-10-20T13:46:29.937Z</time></trkpt><trkpt lat="47.60830130" lon="19.14634090"><ele>156.73</ele><time>2025-10-20T13:46:30.139Z</time></trkpt><trkpt lat="47.60829530" lon="19.14634810"><ele>156.73</ele><time>2025-10-20T13:46:30.320Z</time></trkpt><trkpt lat="47.60828890" lon="19.14635610"><ele>156.73</ele><time>2025-10-20T13:46:30.522Z</time></trkpt><trkpt lat="47.60828170" lon="19.14636510"><ele>156.73</ele><time>2025-10-20T13:46:30.742Z</time></trkpt><trkpt lat="47.60827600" lon="19.14637270"><ele>156.74</ele><time>2025-10-20T13:46:30.923Z</time></trkpt><trkpt lat="47.60826910" lon="19.14638210"><ele>156.72</ele><time>2025-10-20T13:46:31.144Z</time></trkpt><trkpt lat="47.60826290" lon="19.14639090"><ele>156.74</ele><time>2025-10-20T13:46:31.344Z</time></trkpt><trkpt lat="47.60825750" lon="19.14639900"><ele>156.74</ele><time>2025-10-20T13:46:31.525Z</time></trkpt><trkpt lat="47.60825210" lon="19.14640710"><ele>156.75</ele><time>2025-10-20T13:46:31.706Z</time></trkpt><trkpt lat="47.60824560" lon="19.14641720"><ele>156.79</ele><time>2025-10-20T13:46:31.927Z</time></trkpt><trkpt lat="47.60823910" lon="19.14642730"><ele>156.81</ele><time>2025-10-20T13:46:32.149Z</time></trkpt><trkpt lat="47.60823330" lon="19.14643660"><ele>156.81</ele><time>2025-10-20T13:46:32.350Z</time></trkpt><trkpt lat="47.60822820" lon="19.14644490"><ele>156.83</ele><time>2025-10-20T13:46:32.530Z</time></trkpt><trkpt lat="47.60822180" lon="19.14645540"><ele>156.84</ele><time>2025-10-20T13:46:32.755Z</time></trkpt><trkpt lat="47.60821670" lon="19.14646390"><ele>156.84</ele><time>2025-10-20T13:46:32.936Z</time></trkpt><trkpt lat="47.60821070" lon="19.14647420"><ele>156.86</ele><time>2025-10-20T13:46:33.157Z</time></trkpt><trkpt lat="47.60820560" lon="19.14648290"><ele>156.85</ele><time>2025-10-20T13:46:33.344Z</time></trkpt><trkpt lat="47.60820090" lon="19.14649140"><ele>156.85</ele><time>2025-10-20T13:46:33.526Z</time></trkpt><trkpt lat="47.60819520" lon="19.14650180"><ele>156.85</ele><time>2025-10-20T13:46:33.747Z</time></trkpt><trkpt lat="47.60819030" lon="19.14651120"><ele>156.82</ele><time>2025-10-20T13:46:33.948Z</time></trkpt><trkpt lat="47.60818570" lon="19.14652060"><ele>156.81</ele><time>2025-10-20T13:46:34.149Z</time></trkpt><trkpt lat="47.60818120" lon="19.14653030"><ele>156.80</ele><time>2025-10-20T13:46:34.350Z</time></trkpt><trkpt lat="47.60817700" lon="19.14654000"><ele>156.80</ele><time>2025-10-20T13:46:34.554Z</time></trkpt><trkpt lat="47.60817310" lon="19.14654970"><ele>156.82</ele><time>2025-10-20T13:46:34.755Z</time></trkpt><trkpt lat="47.60816940" lon="19.14655940"><ele>156.83</ele><time>2025-10-20T13:46:34.955Z</time></trkpt><trkpt lat="47.60816600" lon="19.14656930"><ele>156.83</ele><time>2025-10-20T13:46:35.156Z</time></trkpt><trkpt lat="47.60816300" lon="19.14657840"><ele>156.85</ele><time>2025-10-20T13:46:35.341Z</time></trkpt><trkpt lat="47.60815970" lon="19.14658860"><ele>156.88</ele><time>2025-10-20T13:46:35.546Z</time></trkpt><trkpt lat="47.60815650" lon="19.14659860"><ele>156.89</ele><time>2025-10-20T13:46:35.747Z</time></trkpt><trkpt lat="47.60815340" lon="19.14660870"><ele>156.89</ele><time>2025-10-20T13:46:35.948Z</time></trkpt><trkpt lat="47.60815020" lon="19.14661900"><ele>156.88</ele><time>2025-10-20T13:46:36.150Z</time></trkpt><trkpt lat="47.60814700" lon="19.14662940"><ele>156.89</ele><time>2025-10-20T13:46:36.352Z</time></trkpt><trkpt lat="47.60814380" lon="19.14663980"><ele>156.89</ele><time>2025-10-20T13:46:36.552Z</time></trkpt><trkpt lat="47.60814060" lon="19.14665010"><ele>156.87</ele><time>2025-10-20T13:46:36.753Z</time></trkpt><trkpt lat="47.60813740" lon="19.14666070"><ele>156.85</ele><time>2025-10-20T13:46:36.955Z</time></trkpt><trkpt lat="47.60813450" lon="19.14667030"><ele>156.85</ele><time>2025-10-20T13:46:37.137Z</time></trkpt><trkpt lat="47.60813110" lon="19.14668220"><ele>156.85</ele><time>2025-10-20T13:46:37.359Z</time></trkpt><trkpt lat="47.60812800" lon="19.14669310"><ele>156.85</ele><time>2025-10-20T13:46:37.560Z</time></trkpt><trkpt lat="47.60812500" lon="19.14670420"><ele>156.85</ele><time>2025-10-20T13:46:37.760Z</time></trkpt><trkpt lat="47.60812220" lon="19.14671530"><ele>156.84</ele><time>2025-10-20T13:46:37.961Z</time></trkpt><trkpt lat="47.60811960" lon="19.14672640"><ele>156.84</ele><time>2025-10-20T13:46:38.162Z</time></trkpt><trkpt lat="47.60811720" lon="19.14673750"><ele>156.85</ele><time>2025-10-20T13:46:38.360Z</time></trkpt><trkpt lat="47.60811510" lon="19.14674830"><ele>156.86</ele><time>2025-10-20T13:46:38.552Z</time></trkpt><trkpt lat="47.60811290" lon="19.14675980"><ele>156.86</ele><time>2025-10-20T13:46:38.754Z</time></trkpt><trkpt lat="47.60811080" lon="19.14677130"><ele>156.86</ele><time>2025-10-20T13:46:38.954Z</time></trkpt><trkpt lat="47.60810880" lon="19.14678300"><ele>156.87</ele><time>2025-10-20T13:46:39.155Z</time></trkpt><trkpt lat="47.60810710" lon="19.14679370"><ele>156.88</ele><time>2025-10-20T13:46:39.338Z</time></trkpt><trkpt lat="47.60810530" lon="19.14680690"><ele>156.87</ele><time>2025-10-20T13:46:39.559Z</time></trkpt><trkpt lat="47.60810380" lon="19.14681940"><ele>156.85</ele><time>2025-10-20T13:46:39.760Z</time></trkpt><trkpt lat="47.60810240" lon="19.14683200"><ele>156.83</ele><time>2025-10-20T13:46:39.962Z</time></trkpt><trkpt lat="47.60810120" lon="19.14684480"><ele>156.82</ele><time>2025-10-20T13:46:40.164Z</time></trkpt><trkpt lat="47.60810010" lon="19.14685630"><ele>156.82</ele><time>2025-10-20T13:46:40.348Z</time></trkpt><trkpt lat="47.60809920" lon="19.14686860"><ele>156.82</ele><time>2025-10-20T13:46:40.549Z</time></trkpt><trkpt lat="47.60809830" lon="19.14688090"><ele>156.81</ele><time>2025-10-20T13:46:40.751Z</time></trkpt><trkpt lat="47.60809760" lon="19.14689290"><ele>156.81</ele><time>2025-10-20T13:46:40.953Z</time></trkpt><trkpt lat="47.60809700" lon="19.14690510"><ele>156.82</ele><time>2025-10-20T13:46:41.161Z</time></trkpt><trkpt lat="47.60809660" lon="19.14691730"><ele>156.83</ele><time>2025-10-20T13:46:41.364Z</time></trkpt><trkpt lat="47.60809640" lon="19.14692950"><ele>156.83</ele><time>2025-10-20T13:46:41.565Z</time></trkpt><trkpt lat="47.60809620" lon="19.14694170"><ele>156.84</ele><time>2025-10-20T13:46:41.767Z</time></trkpt><trkpt lat="47.60809620" lon="19.14695170"><ele>156.85</ele><time>2025-10-20T13:46:41.929Z</time></trkpt><trkpt lat="47.60809620" lon="19.14696560"><ele>156.86</ele><time>2025-10-20T13:46:42.150Z</time></trkpt><trkpt lat="47.60809630" lon="19.14697710"><ele>156.86</ele><time>2025-10-20T13:46:42.332Z</time></trkpt><trkpt lat="47.60809660" lon="19.14698850"><ele>156.85</ele><time>2025-10-20T13:46:42.513Z</time></trkpt><trkpt lat="47.60809710" lon="19.14700230"><ele>156.85</ele><time>2025-10-20T13:46:42.735Z</time></trkpt><trkpt lat="47.60809780" lon="19.14701630"><ele>156.85</ele><time>2025-10-20T13:46:42.959Z</time></trkpt><trkpt lat="47.60809840" lon="19.14702760"><ele>156.84</ele><time>2025-10-20T13:46:43.138Z</time></trkpt><trkpt lat="47.60809920" lon="19.14704090"><ele>156.82</ele><time>2025-10-20T13:46:43.352Z</time></trkpt><trkpt lat="47.60810000" lon="19.14705350"><ele>156.82</ele><time>2025-10-20T13:46:43.552Z</time></trkpt><trkpt lat="47.60810080" lon="19.14706610"><ele>156.82</ele><time>2025-10-20T13:46:43.753Z</time></trkpt><trkpt lat="47.60810170" lon="19.14707860"><ele>156.83</ele><time>2025-10-20T13:46:43.954Z</time></trkpt><trkpt lat="47.60810270" lon="19.14709100"><ele>156.83</ele><time>2025-10-20T13:46:44.154Z</time></trkpt><trkpt lat="47.60810380" lon="19.14710340"><ele>156.82</ele><time>2025-10-20T13:46:44.358Z</time></trkpt><trkpt lat="47.60810500" lon="19.14711440"><ele>156.82</ele><time>2025-10-20T13:46:44.539Z</time></trkpt><trkpt lat="47.60810630" lon="19.14712770"><ele>156.81</ele><time>2025-10-20T13:46:44.760Z</time></trkpt><trkpt lat="47.60810770" lon="19.14713970"><ele>156.80</ele><time>2025-10-20T13:46:44.962Z</time></trkpt><trkpt lat="47.60810930" lon="19.14715140"><ele>156.79</ele><time>2025-10-20T13:46:45.163Z</time></trkpt><trkpt lat="47.60811090" lon="19.14716290"><ele>156.76</ele><time>2025-10-20T13:46:45.364Z</time></trkpt><trkpt lat="47.60811270" lon="19.14717400"><ele>156.73</ele><time>2025-10-20T13:46:45.564Z</time></trkpt><trkpt lat="47.60811460" lon="19.14718500"><ele>156.70</ele><time>2025-10-20T13:46:45.766Z</time></trkpt><trkpt lat="47.60811670" lon="19.14719600"><ele>156.67</ele><time>2025-10-20T13:46:45.967Z</time></trkpt><trkpt lat="47.60811880" lon="19.14720690"><ele>156.66</ele><time>2025-10-20T13:46:46.168Z</time></trkpt><trkpt lat="47.60812120" lon="19.14721790"><ele>156.66</ele><time>2025-10-20T13:46:46.369Z</time></trkpt><trkpt lat="47.60812370" lon="19.14722890"><ele>156.68</ele><time>2025-10-20T13:46:46.569Z</time></trkpt><trkpt lat="47.60812640" lon="19.14723980"><ele>156.69</ele><time>2025-10-20T13:46:46.770Z</time></trkpt><trkpt lat="47.60812890" lon="19.14724970"><ele>156.68</ele><time>2025-10-20T13:46:46.951Z</time></trkpt><trkpt lat="47.60813230" lon="19.14726170"><ele>156.69</ele><time>2025-10-20T13:46:47.172Z</time></trkpt><trkpt lat="47.60813560" lon="19.14727260"><ele>156.68</ele><time>2025-10-20T13:46:47.375Z</time></trkpt><trkpt lat="47.60813890" lon="19.14728310"><ele>156.67</ele><time>2025-10-20T13:46:47.576Z</time></trkpt><trkpt lat="47.60814230" lon="19.14729370"><ele>156.66</ele><time>2025-10-20T13:46:47.776Z</time></trkpt><trkpt lat="47.60814550" lon="19.14730320"><ele>156.65</ele><time>2025-10-20T13:46:47.958Z</time></trkpt><trkpt lat="47.60814950" lon="19.14731490"><ele>156.65</ele><time>2025-10-20T13:46:48.181Z</time></trkpt><trkpt lat="47.60815320" lon="19.14732560"><ele>156.65</ele><time>2025-10-20T13:46:48.382Z</time></trkpt><trkpt lat="47.60815660" lon="19.14733520"><ele>156.64</ele><time>2025-10-20T13:46:48.564Z</time></trkpt><trkpt lat="47.60816000" lon="19.14734500"><ele>156.63</ele><time>2025-10-20T13:46:48.745Z</time></trkpt><trkpt lat="47.60816440" lon="19.14735680"><ele>156.64</ele><time>2025-10-20T13:46:48.967Z</time></trkpt><trkpt lat="47.60816850" lon="19.14736750"><ele>156.64</ele><time>2025-10-20T13:46:49.168Z</time></trkpt><trkpt lat="47.60817280" lon="19.14737820"><ele>156.63</ele><time>2025-10-20T13:46:49.371Z</time></trkpt><trkpt lat="47.60817740" lon="19.14738910"><ele>156.62</ele><time>2025-10-20T13:46:49.577Z</time></trkpt><trkpt lat="47.60818190" lon="19.14739970"><ele>156.60</ele><time>2025-10-20T13:46:49.776Z</time></trkpt><trkpt lat="47.60818650" lon="19.14741040"><ele>156.58</ele><time>2025-10-20T13:46:49.977Z</time></trkpt><trkpt lat="47.60819120" lon="19.14742100"><ele>156.56</ele><time>2025-10-20T13:46:50.178Z</time></trkpt><trkpt lat="47.60819620" lon="19.14743190"><ele>156.55</ele><time>2025-10-20T13:46:50.383Z</time></trkpt><trkpt lat="47.60820020" lon="19.14744040"><ele>156.55</ele><time>2025-10-20T13:46:50.544Z</time></trkpt><trkpt lat="47.60820530" lon="19.14745100"><ele>156.55</ele><time>2025-10-20T13:46:50.746Z</time></trkpt><trkpt lat="47.60821090" lon="19.14746240"><ele>156.54</ele><time>2025-10-20T13:46:50.965Z</time></trkpt><trkpt lat="47.60821620" lon="19.14747280"><ele>156.55</ele><time>2025-10-20T13:46:51.166Z</time></trkpt><trkpt lat="47.60822170" lon="19.14748310"><ele>156.56</ele><time>2025-10-20T13:46:51.370Z</time></trkpt><trkpt lat="47.60822730" lon="19.14749330"><ele>156.55</ele><time>2025-10-20T13:46:51.571Z</time></trkpt><trkpt lat="47.60823310" lon="19.14750340"><ele>156.54</ele><time>2025-10-20T13:46:51.773Z</time></trkpt><trkpt lat="47.60823890" lon="19.14751350"><ele>156.54</ele><time>2025-10-20T13:46:51.974Z</time></trkpt><trkpt lat="47.60824490" lon="19.14752360"><ele>156.54</ele><time>2025-10-20T13:46:52.176Z</time></trkpt><trkpt lat="47.60825120" lon="19.14753380"><ele>156.54</ele><time>2025-10-20T13:46:52.384Z</time></trkpt><trkpt lat="47.60825760" lon="19.14754360"><ele>156.55</ele><time>2025-10-20T13:46:52.587Z</time></trkpt><trkpt lat="47.60826340" lon="19.14755240"><ele>156.56</ele><time>2025-10-20T13:46:52.769Z</time></trkpt><trkpt lat="47.60826920" lon="19.14756100"><ele>156.57</ele><time>2025-10-20T13:46:52.952Z</time></trkpt><trkpt lat="47.60827570" lon="19.14757000"><ele>156.57</ele><time>2025-10-20T13:46:53.153Z</time></trkpt><trkpt lat="47.60828280" lon="19.14757950"><ele>156.58</ele><time>2025-10-20T13:46:53.376Z</time></trkpt><trkpt lat="47.60828870" lon="19.14758710"><ele>156.57</ele><time>2025-10-20T13:46:53.558Z</time></trkpt><trkpt lat="47.60829590" lon="19.14759610"><ele>156.57</ele><time>2025-10-20T13:46:53.781Z</time></trkpt><trkpt lat="47.60830250" lon="19.14760410"><ele>156.57</ele><time>2025-10-20T13:46:53.984Z</time></trkpt><trkpt lat="47.60830900" lon="19.14761180"><ele>156.57</ele><time>2025-10-20T13:46:54.185Z</time></trkpt><trkpt lat="47.60831490" lon="19.14761870"><ele>156.58</ele><time>2025-10-20T13:46:54.366Z</time></trkpt><trkpt lat="47.60832160" lon="19.14762630"><ele>156.59</ele><time>2025-10-20T13:46:54.568Z</time></trkpt><trkpt lat="47.60832840" lon="19.14763370"><ele>156.59</ele><time>2025-10-20T13:46:54.767Z</time></trkpt><trkpt lat="47.60833530" lon="19.14764100"><ele>156.59</ele><time>2025-10-20T13:46:54.969Z</time></trkpt><trkpt lat="47.60834290" lon="19.14764860"><ele>156.58</ele><time>2025-10-20T13:46:55.192Z</time></trkpt><trkpt lat="47.60834920" lon="19.14765460"><ele>156.57</ele><time>2025-10-20T13:46:55.373Z</time></trkpt><trkpt lat="47.60835630" lon="19.14766120"><ele>156.57</ele><time>2025-10-20T13:46:55.576Z</time></trkpt><trkpt lat="47.60836340" lon="19.14766770"><ele>156.58</ele><time>2025-10-20T13:46:55.777Z</time></trkpt><trkpt lat="47.60837080" lon="19.14767400"><ele>156.60</ele><time>2025-10-20T13:46:55.978Z</time></trkpt><trkpt lat="47.60837940" lon="19.14768090"><ele>156.63</ele><time>2025-10-20T13:46:56.207Z</time></trkpt><trkpt lat="47.60838640" lon="19.14768640"><ele>156.63</ele><time>2025-10-20T13:46:56.393Z</time></trkpt><trkpt lat="47.60839400" lon="19.14769210"><ele>156.61</ele><time>2025-10-20T13:46:56.595Z</time></trkpt><trkpt lat="47.60840170" lon="19.14769750"><ele>156.61</ele><time>2025-10-20T13:46:56.796Z</time></trkpt><trkpt lat="47.60840940" lon="19.14770290"><ele>156.61</ele><time>2025-10-20T13:46:56.998Z</time></trkpt><trkpt lat="47.60841710" lon="19.14770810"><ele>156.63</ele><time>2025-10-20T13:46:57.200Z</time></trkpt><trkpt lat="47.60842490" lon="19.14771320"><ele>156.63</ele><time>2025-10-20T13:46:57.405Z</time></trkpt><trkpt lat="47.60843250" lon="19.14771790"><ele>156.63</ele><time>2025-10-20T13:46:57.606Z</time></trkpt><trkpt lat="47.60844020" lon="19.14772250"><ele>156.64</ele><time>2025-10-20T13:46:57.809Z</time></trkpt><trkpt lat="47.60844790" lon="19.14772670"><ele>156.64</ele><time>2025-10-20T13:46:58.010Z</time></trkpt><trkpt lat="47.60845600" lon="19.14773080"><ele>156.66</ele><time>2025-10-20T13:46:58.217Z</time></trkpt><trkpt lat="47.60846310" lon="19.14773440"><ele>156.67</ele><time>2025-10-20T13:46:58.400Z</time></trkpt><trkpt lat="47.60847200" lon="19.14773840"><ele>156.67</ele><time>2025-10-20T13:46:58.622Z</time></trkpt><trkpt lat="47.60848010" lon="19.14774190"><ele>156.69</ele><time>2025-10-20T13:46:58.823Z</time></trkpt><trkpt lat="47.60848810" lon="19.14774500"><ele>156.70</ele><time>2025-10-20T13:46:59.025Z</time></trkpt><trkpt lat="47.60849630" lon="19.14774810"><ele>156.71</ele><time>2025-10-20T13:46:59.229Z</time></trkpt><trkpt lat="47.60850440" lon="19.14775090"><ele>156.71</ele><time>2025-10-20T13:46:59.430Z</time></trkpt><trkpt lat="47.60851180" lon="19.14775330"><ele>156.70</ele><time>2025-10-20T13:46:59.612Z</time></trkpt><trkpt lat="47.60852000" lon="19.14775590"><ele>156.70</ele><time>2025-10-20T13:46:59.814Z</time></trkpt><trkpt lat="47.60852810" lon="19.14775850"><ele>156.70</ele><time>2025-10-20T13:47:00.013Z</time></trkpt><trkpt lat="47.60853540" lon="19.14776080"><ele>156.71</ele><time>2025-10-20T13:47:00.196Z</time></trkpt><trkpt lat="47.60854420" lon="19.14776350"><ele>156.72</ele><time>2025-10-20T13:47:00.421Z</time></trkpt><trkpt lat="47.60855200" lon="19.14776560"><ele>156.73</ele><time>2025-10-20T13:47:00.622Z</time></trkpt><trkpt lat="47.60855990" lon="19.14776750"><ele>156.73</ele><time>2025-10-20T13:47:00.823Z</time></trkpt><trkpt lat="47.60856790" lon="19.14776920"><ele>156.74</ele><time>2025-10-20T13:47:01.026Z</time></trkpt><trkpt lat="47.60857570" lon="19.14777080"><ele>156.75</ele><time>2025-10-20T13:47:01.227Z</time></trkpt><trkpt lat="47.60858350" lon="19.14777210"><ele>156.77</ele><time>2025-10-20T13:47:01.428Z</time></trkpt><trkpt lat="47.60859140" lon="19.14777310"><ele>156.78</ele><time>2025-10-20T13:47:01.629Z</time></trkpt><trkpt lat="47.60859940" lon="19.14777380"><ele>156.81</ele><time>2025-10-20T13:47:01.831Z</time></trkpt><trkpt lat="47.60860740" lon="19.14777430"><ele>156.83</ele><time>2025-10-20T13:47:02.031Z</time></trkpt><trkpt lat="47.60861480" lon="19.14777470"><ele>156.84</ele><time>2025-10-20T13:47:02.222Z</time></trkpt><trkpt lat="47.60862280" lon="19.14777510"><ele>156.86</ele><time>2025-10-20T13:47:02.424Z</time></trkpt><trkpt lat="47.60862970" lon="19.14777520"><ele>156.86</ele><time>2025-10-20T13:47:02.605Z</time></trkpt><trkpt lat="47.60863730" lon="19.14777510"><ele>156.87</ele><time>2025-10-20T13:47:02.806Z</time></trkpt><trkpt lat="47.60864500" lon="19.14777490"><ele>156.86</ele><time>2025-10-20T13:47:03.008Z</time></trkpt><trkpt lat="47.60865410" lon="19.14777440"><ele>156.86</ele><time>2025-10-20T13:47:03.241Z</time></trkpt><trkpt lat="47.60866160" lon="19.14777370"><ele>156.86</ele><time>2025-10-20T13:47:03.432Z</time></trkpt><trkpt lat="47.60866970" lon="19.14777290"><ele>156.87</ele><time>2025-10-20T13:47:03.634Z</time></trkpt><trkpt lat="47.60867790" lon="19.14777200"><ele>156.88</ele><time>2025-10-20T13:47:03.835Z</time></trkpt><trkpt lat="47.60868620" lon="19.14777090"><ele>156.88</ele><time>2025-10-20T13:47:04.036Z</time></trkpt><trkpt lat="47.60869480" lon="19.14776960"><ele>156.89</ele><time>2025-10-20T13:47:04.241Z</time></trkpt><trkpt lat="47.60870360" lon="19.14776810"><ele>156.92</ele><time>2025-10-20T13:47:04.449Z</time></trkpt><trkpt lat="47.60871230" lon="19.14776640"><ele>156.94</ele><time>2025-10-20T13:47:04.651Z</time></trkpt><trkpt lat="47.60872100" lon="19.14776430"><ele>156.95</ele><time>2025-10-20T13:47:04.851Z</time></trkpt><trkpt lat="47.60873000" lon="19.14776200"><ele>156.95</ele><time>2025-10-20T13:47:05.052Z</time></trkpt><trkpt lat="47.60873870" lon="19.14775940"><ele>156.97</ele><time>2025-10-20T13:47:05.248Z</time></trkpt><trkpt lat="47.60874800" lon="19.14775650"><ele>156.98</ele><time>2025-10-20T13:47:05.456Z</time></trkpt><trkpt lat="47.60875600" lon="19.14775390"><ele>156.98</ele><time>2025-10-20T13:47:05.638Z</time></trkpt><trkpt lat="47.60876490" lon="19.14775080"><ele>156.99</ele><time>2025-10-20T13:47:05.841Z</time></trkpt><trkpt lat="47.60877360" lon="19.14774760"><ele>157.00</ele><time>2025-10-20T13:47:06.042Z</time></trkpt><trkpt lat="47.60878260" lon="19.14774410"><ele>157.01</ele><time>2025-10-20T13:47:06.252Z</time></trkpt><trkpt lat="47.60879060" lon="19.14774090"><ele>157.02</ele><time>2025-10-20T13:47:06.440Z</time></trkpt><trkpt lat="47.60879830" lon="19.14773760"><ele>157.03</ele><time>2025-10-20T13:47:06.623Z</time></trkpt><trkpt lat="47.60880760" lon="19.14773340"><ele>157.03</ele><time>2025-10-20T13:47:06.849Z</time></trkpt><trkpt lat="47.60881580" lon="19.14772940"><ele>157.04</ele><time>2025-10-20T13:47:07.049Z</time></trkpt><trkpt lat="47.60882330" lon="19.14772550"><ele>157.05</ele><time>2025-10-20T13:47:07.232Z</time></trkpt><trkpt lat="47.60883150" lon="19.14772100"><ele>157.05</ele><time>2025-10-20T13:47:07.437Z</time></trkpt><trkpt lat="47.60883940" lon="19.14771640"><ele>157.04</ele><time>2025-10-20T13:47:07.639Z</time></trkpt><trkpt lat="47.60884660" lon="19.14771210"><ele>157.03</ele><time>2025-10-20T13:47:07.822Z</time></trkpt><trkpt lat="47.60885540" lon="19.14770650"><ele>157.02</ele><time>2025-10-20T13:47:08.053Z</time></trkpt><trkpt lat="47.60886250" lon="19.14770180"><ele>157.02</ele><time>2025-10-20T13:47:08.239Z</time></trkpt><trkpt lat="47.60887040" lon="19.14769620"><ele>157.02</ele><time>2025-10-20T13:47:08.447Z</time></trkpt><trkpt lat="47.60887810" lon="19.14769050"><ele>157.03</ele><time>2025-10-20T13:47:08.649Z</time></trkpt><trkpt lat="47.60888560" lon="19.14768460"><ele>157.03</ele><time>2025-10-20T13:47:08.851Z</time></trkpt><trkpt lat="47.60889290" lon="19.14767850"><ele>157.03</ele><time>2025-10-20T13:47:09.051Z</time></trkpt><trkpt lat="47.60889960" lon="19.14767270"><ele>157.04</ele><time>2025-10-20T13:47:09.232Z</time></trkpt><trkpt lat="47.60890700" lon="19.14766610"><ele>157.04</ele><time>2025-10-20T13:47:09.435Z</time></trkpt><trkpt lat="47.60891420" lon="19.14765930"><ele>157.04</ele><time>2025-10-20T13:47:09.636Z</time></trkpt><trkpt lat="47.60892130" lon="19.14765250"><ele>157.04</ele><time>2025-10-20T13:47:09.836Z</time></trkpt><trkpt lat="47.60892840" lon="19.14764560"><ele>157.03</ele><time>2025-10-20T13:47:10.037Z</time></trkpt><trkpt lat="47.60893560" lon="19.14763830"><ele>157.03</ele><time>2025-10-20T13:47:10.241Z</time></trkpt><trkpt lat="47.60894220" lon="19.14763150"><ele>157.03</ele><time>2025-10-20T13:47:10.430Z</time></trkpt><trkpt lat="47.60894990" lon="19.14762330"><ele>157.03</ele><time>2025-10-20T13:47:10.652Z</time></trkpt><trkpt lat="47.60895670" lon="19.14761570"><ele>157.03</ele><time>2025-10-20T13:47:10.853Z</time></trkpt><trkpt lat="47.60896350" lon="19.14760800"><ele>157.04</ele><time>2025-10-20T13:47:11.053Z</time></trkpt><trkpt lat="47.60896990" lon="19.14760060"><ele>157.04</ele><time>2025-10-20T13:47:11.241Z</time></trkpt><trkpt lat="47.60897680" lon="19.14759230"><ele>157.04</ele><time>2025-10-20T13:47:11.449Z</time></trkpt><trkpt lat="47.60898350" lon="19.14758410"><ele>157.05</ele><time>2025-10-20T13:47:11.650Z</time></trkpt><trkpt lat="47.60899000" lon="19.14757580"><ele>157.05</ele><time>2025-10-20T13:47:11.852Z</time></trkpt><trkpt lat="47.60899630" lon="19.14756740"><ele>157.06</ele><time>2025-10-20T13:47:12.053Z</time></trkpt><trkpt lat="47.60900270" lon="19.14755890"><ele>157.05</ele><time>2025-10-20T13:47:12.255Z</time></trkpt><trkpt lat="47.60900770" lon="19.14755190"><ele>157.06</ele><time>2025-10-20T13:47:12.418Z</time></trkpt><trkpt lat="47.60901450" lon="19.14754240"><ele>157.07</ele><time>2025-10-20T13:47:12.639Z</time></trkpt><trkpt lat="47.60902120" lon="19.14753260"><ele>157.08</ele><time>2025-10-20T13:47:12.861Z</time></trkpt><trkpt lat="47.60902710" lon="19.14752370"><ele>157.09</ele><time>2025-10-20T13:47:13.062Z</time></trkpt><trkpt lat="47.60903300" lon="19.14751450"><ele>157.09</ele><time>2025-10-20T13:47:13.268Z</time></trkpt><trkpt lat="47.60903820" lon="19.14750610"><ele>157.10</ele><time>2025-10-20T13:47:13.453Z</time></trkpt><trkpt lat="47.60904320" lon="19.14749780"><ele>157.10</ele><time>2025-10-20T13:47:13.637Z</time></trkpt><trkpt lat="47.60904850" lon="19.14748880"><ele>157.11</ele><time>2025-10-20T13:47:13.838Z</time></trkpt><trkpt lat="47.60905360" lon="19.14747950"><ele>157.11</ele><time>2025-10-20T13:47:14.039Z</time></trkpt><trkpt lat="47.60905850" lon="19.14747020"><ele>157.12</ele><time>2025-10-20T13:47:14.241Z</time></trkpt><trkpt lat="47.60906400" lon="19.14745950"><ele>157.13</ele><time>2025-10-20T13:47:14.471Z</time></trkpt><trkpt lat="47.60906880" lon="19.14744990"><ele>157.14</ele><time>2025-10-20T13:47:14.674Z</time></trkpt><trkpt lat="47.60907310" lon="19.14744120"><ele>157.15</ele><time>2025-10-20T13:47:14.858Z</time></trkpt><trkpt lat="47.60907770" lon="19.14743120"><ele>157.16</ele><time>2025-10-20T13:47:15.065Z</time></trkpt><trkpt lat="47.60908220" lon="19.14742140"><ele>157.17</ele><time>2025-10-20T13:47:15.268Z</time></trkpt><trkpt lat="47.60908670" lon="19.14741140"><ele>157.18</ele><time>2025-10-20T13:47:15.470Z</time></trkpt><trkpt lat="47.60909100" lon="19.14740150"><ele>157.20</ele><time>2025-10-20T13:47:15.671Z</time></trkpt><trkpt lat="47.60909490" lon="19.14739260"><ele>157.21</ele><time>2025-10-20T13:47:15.851Z</time></trkpt><trkpt lat="47.60909900" lon="19.14738270"><ele>157.22</ele><time>2025-10-20T13:47:16.052Z</time></trkpt><trkpt lat="47.60910310" lon="19.14737280"><ele>157.22</ele><time>2025-10-20T13:47:16.253Z</time></trkpt><trkpt lat="47.60910710" lon="19.14736290"><ele>157.22</ele><time>2025-10-20T13:47:16.458Z</time></trkpt><trkpt lat="47.60911130" lon="19.14735220"><ele>157.23</ele><time>2025-10-20T13:47:16.678Z</time></trkpt><trkpt lat="47.60911500" lon="19.14734230"><ele>157.24</ele><time>2025-10-20T13:47:16.878Z</time></trkpt><trkpt lat="47.60911870" lon="19.14733230"><ele>157.25</ele><time>2025-10-20T13:47:17.079Z</time></trkpt><trkpt lat="47.60912240" lon="19.14732190"><ele>157.24</ele><time>2025-10-20T13:47:17.281Z</time></trkpt><trkpt lat="47.60912550" lon="19.14731270"><ele>157.24</ele><time>2025-10-20T13:47:17.463Z</time></trkpt><trkpt lat="47.60912900" lon="19.14730140"><ele>157.24</ele><time>2025-10-20T13:47:17.683Z</time></trkpt><trkpt lat="47.60913210" lon="19.14729100"><ele>157.25</ele><time>2025-10-20T13:47:17.883Z</time></trkpt><trkpt lat="47.60913520" lon="19.14728040"><ele>157.26</ele><time>2025-10-20T13:47:18.085Z</time></trkpt><trkpt lat="47.60913830" lon="19.14726980"><ele>157.26</ele><time>2025-10-20T13:47:18.287Z</time></trkpt><trkpt lat="47.60914120" lon="19.14725900"><ele>157.25</ele><time>2025-10-20T13:47:18.490Z</time></trkpt><trkpt lat="47.60914380" lon="19.14724920"><ele>157.26</ele><time>2025-10-20T13:47:18.671Z</time></trkpt><trkpt lat="47.60914680" lon="19.14723710"><ele>157.26</ele><time>2025-10-20T13:47:18.892Z</time></trkpt><trkpt lat="47.60914930" lon="19.14722600"><ele>157.27</ele><time>2025-10-20T13:47:19.093Z</time></trkpt><trkpt lat="47.60915180" lon="19.14721460"><ele>157.27</ele><time>2025-10-20T13:47:19.297Z</time></trkpt><trkpt lat="47.60915420" lon="19.14720330"><ele>157.27</ele><time>2025-10-20T13:47:19.498Z</time></trkpt><trkpt lat="47.60915650" lon="19.14719180"><ele>157.26</ele><time>2025-10-20T13:47:19.699Z</time></trkpt><trkpt lat="47.60915870" lon="19.14718000"><ele>157.26</ele><time>2025-10-20T13:47:19.899Z</time></trkpt><trkpt lat="47.60916070" lon="19.14716920"><ele>157.26</ele><time>2025-10-20T13:47:20.081Z</time></trkpt><trkpt lat="47.60916270" lon="19.14715720"><ele>157.26</ele><time>2025-10-20T13:47:20.282Z</time></trkpt><trkpt lat="47.60916480" lon="19.14714430"><ele>157.24</ele><time>2025-10-20T13:47:20.498Z</time></trkpt><trkpt lat="47.60916650" lon="19.14713320"><ele>157.23</ele><time>2025-10-20T13:47:20.682Z</time></trkpt><trkpt lat="47.60916830" lon="19.14712100"><ele>157.22</ele><time>2025-10-20T13:47:20.887Z</time></trkpt><trkpt lat="47.60916990" lon="19.14710870"><ele>157.22</ele><time>2025-10-20T13:47:21.088Z</time></trkpt><trkpt lat="47.60917150" lon="19.14709560"><ele>157.23</ele><time>2025-10-20T13:47:21.302Z</time></trkpt><trkpt lat="47.60917270" lon="19.14708440"><ele>157.23</ele><time>2025-10-20T13:47:21.485Z</time></trkpt><trkpt lat="47.60917400" lon="19.14707200"><ele>157.22</ele><time>2025-10-20T13:47:21.689Z</time></trkpt><trkpt lat="47.60917510" lon="19.14705980"><ele>157.21</ele><time>2025-10-20T13:47:21.892Z</time></trkpt><trkpt lat="47.60917610" lon="19.14704760"><ele>157.20</ele><time>2025-10-20T13:47:22.093Z</time></trkpt><trkpt lat="47.60917700" lon="19.14703520"><ele>157.20</ele><time>2025-10-20T13:47:22.298Z</time></trkpt><trkpt lat="47.60917780" lon="19.14702290"><ele>157.21</ele><time>2025-10-20T13:47:22.504Z</time></trkpt><trkpt lat="47.60917820" lon="19.14701320"><ele>157.22</ele><time>2025-10-20T13:47:22.665Z</time></trkpt><trkpt lat="47.60917870" lon="19.14699910"><ele>157.22</ele><time>2025-10-20T13:47:22.904Z</time></trkpt><trkpt lat="47.60917890" lon="19.14698700"><ele>157.22</ele><time>2025-10-20T13:47:23.104Z</time></trkpt><trkpt lat="47.60917890" lon="19.14697470"><ele>157.22</ele><time>2025-10-20T13:47:23.309Z</time></trkpt><trkpt lat="47.60917880" lon="19.14696240"><ele>157.20</ele><time>2025-10-20T13:47:23.509Z</time></trkpt><trkpt lat="47.60917840" lon="19.14695000"><ele>157.18</ele><time>2025-10-20T13:47:23.711Z</time></trkpt><trkpt lat="47.60917780" lon="19.14693760"><ele>157.16</ele><time>2025-10-20T13:47:23.915Z</time></trkpt><trkpt lat="47.60917700" lon="19.14692490"><ele>157.15</ele><time>2025-10-20T13:47:24.115Z</time></trkpt><trkpt lat="47.60917620" lon="19.14691220"><ele>157.13</ele><time>2025-10-20T13:47:24.317Z</time></trkpt><trkpt lat="47.60917550" lon="19.14690220"><ele>157.12</ele><time>2025-10-20T13:47:24.478Z</time></trkpt><trkpt lat="47.60917420" lon="19.14688700"><ele>157.10</ele><time>2025-10-20T13:47:24.719Z</time></trkpt><trkpt lat="47.60917310" lon="19.14687430"><ele>157.08</ele><time>2025-10-20T13:47:24.920Z</time></trkpt><trkpt lat="47.60917220" lon="19.14686430"><ele>157.07</ele><time>2025-10-20T13:47:25.080Z</time></trkpt><trkpt lat="47.60917050" lon="19.14684900"><ele>157.07</ele><time>2025-10-20T13:47:25.324Z</time></trkpt><trkpt lat="47.60916920" lon="19.14683710"><ele>157.07</ele><time>2025-10-20T13:47:25.513Z</time></trkpt><trkpt lat="47.60916750" lon="19.14682380"><ele>157.07</ele><time>2025-10-20T13:47:25.726Z</time></trkpt><trkpt lat="47.60916590" lon="19.14681180"><ele>157.08</ele><time>2025-10-20T13:47:25.918Z</time></trkpt><trkpt lat="47.60916440" lon="19.14680050"><ele>157.09</ele><time>2025-10-20T13:47:26.098Z</time></trkpt><trkpt lat="47.60916230" lon="19.14678640"><ele>157.11</ele><time>2025-10-20T13:47:26.328Z</time></trkpt><trkpt lat="47.60916060" lon="19.14677520"><ele>157.12</ele><time>2025-10-20T13:47:26.508Z</time></trkpt><trkpt lat="47.60915860" lon="19.14676270"><ele>157.13</ele><time>2025-10-20T13:47:26.709Z</time></trkpt><trkpt lat="47.60915640" lon="19.14675020"><ele>157.14</ele><time>2025-10-20T13:47:26.910Z</time></trkpt><trkpt lat="47.60915370" lon="19.14673650"><ele>157.15</ele><time>2025-10-20T13:47:27.132Z</time></trkpt><trkpt lat="47.60915140" lon="19.14672540"><ele>157.15</ele><time>2025-10-20T13:47:27.314Z</time></trkpt><trkpt lat="47.60914850" lon="19.14671220"><ele>157.15</ele><time>2025-10-20T13:47:27.534Z</time></trkpt><trkpt lat="47.60914590" lon="19.14670160"><ele>157.15</ele><time>2025-10-20T13:47:27.714Z</time></trkpt><trkpt lat="47.60914270" lon="19.14668850"><ele>157.15</ele><time>2025-10-20T13:47:27.935Z</time></trkpt><trkpt lat="47.60913990" lon="19.14667760"><ele>157.14</ele><time>2025-10-20T13:47:28.117Z</time></trkpt><trkpt lat="47.60913660" lon="19.14666530"><ele>157.11</ele><time>2025-10-20T13:47:28.324Z</time></trkpt><trkpt lat="47.60913320" lon="19.14665350"><ele>157.10</ele><time>2025-10-20T13:47:28.526Z</time></trkpt><trkpt lat="47.60912950" lon="19.14664110"><ele>157.10</ele><time>2025-10-20T13:47:28.736Z</time></trkpt><trkpt lat="47.60912600" lon="19.14663010"><ele>157.11</ele><time>2025-10-20T13:47:28.926Z</time></trkpt><trkpt lat="47.60912240" lon="19.14661860"><ele>157.11</ele><time>2025-10-20T13:47:29.127Z</time></trkpt><trkpt lat="47.60911890" lon="19.14660840"><ele>157.12</ele><time>2025-10-20T13:47:29.309Z</time></trkpt><trkpt lat="47.60911460" lon="19.14659590"><ele>157.13</ele><time>2025-10-20T13:47:29.530Z</time></trkpt><trkpt lat="47.60911060" lon="19.14658480"><ele>157.15</ele><time>2025-10-20T13:47:29.731Z</time></trkpt><trkpt lat="47.60910640" lon="19.14657370"><ele>157.17</ele><time>2025-10-20T13:47:29.931Z</time></trkpt><trkpt lat="47.60910220" lon="19.14656290"><ele>157.19</ele><time>2025-10-20T13:47:30.131Z</time></trkpt><trkpt lat="47.60909770" lon="19.14655210"><ele>157.20</ele><time>2025-10-20T13:47:30.333Z</time></trkpt><trkpt lat="47.60909320" lon="19.14654150"><ele>157.21</ele><time>2025-10-20T13:47:30.535Z</time></trkpt><trkpt lat="47.60908860" lon="19.14653100"><ele>157.23</ele><time>2025-10-20T13:47:30.735Z</time></trkpt><trkpt lat="47.60908390" lon="19.14652040"><ele>157.25</ele><time>2025-10-20T13:47:30.935Z</time></trkpt><trkpt lat="47.60907910" lon="19.14651000"><ele>157.26</ele><time>2025-10-20T13:47:31.136Z</time></trkpt><trkpt lat="47.60907420" lon="19.14649960"><ele>157.26</ele><time>2025-10-20T13:47:31.339Z</time></trkpt><trkpt lat="47.60906970" lon="19.14649040"><ele>157.26</ele><time>2025-10-20T13:47:31.521Z</time></trkpt><trkpt lat="47.60906530" lon="19.14648160"><ele>157.26</ele><time>2025-10-20T13:47:31.702Z</time></trkpt><trkpt lat="47.60905970" lon="19.14647080"><ele>157.28</ele><time>2025-10-20T13:47:31.922Z</time></trkpt><trkpt lat="47.60905460" lon="19.14646120"><ele>157.27</ele><time>2025-10-20T13:47:32.122Z</time></trkpt><trkpt lat="47.60904930" lon="19.14645160"><ele>157.26</ele><time>2025-10-20T13:47:32.325Z</time></trkpt><trkpt lat="47.60904410" lon="19.14644230"><ele>157.26</ele><time>2025-10-20T13:47:32.525Z</time></trkpt><trkpt lat="47.60903870" lon="19.14643310"><ele>157.24</ele><time>2025-10-20T13:47:32.727Z</time></trkpt><trkpt lat="47.60903320" lon="19.14642390"><ele>157.22</ele><time>2025-10-20T13:47:32.927Z</time></trkpt><trkpt lat="47.60902760" lon="19.14641490"><ele>157.21</ele><time>2025-10-20T13:47:33.128Z</time></trkpt><trkpt lat="47.60902150" lon="19.14640550"><ele>157.22</ele><time>2025-10-20T13:47:33.338Z</time></trkpt><trkpt lat="47.60901670" lon="19.14639840"><ele>157.22</ele><time>2025-10-20T13:47:33.502Z</time></trkpt><trkpt lat="47.60901030" lon="19.14638880"><ele>157.19</ele><time>2025-10-20T13:47:33.724Z</time></trkpt><trkpt lat="47.60900370" lon="19.14637940"><ele>157.18</ele><time>2025-10-20T13:47:33.947Z</time></trkpt><trkpt lat="47.60899760" lon="19.14637110"><ele>157.15</ele><time>2025-10-20T13:47:34.149Z</time></trkpt><trkpt lat="47.60899120" lon="19.14636290"><ele>157.14</ele><time>2025-10-20T13:47:34.354Z</time></trkpt><trkpt lat="47.60898540" lon="19.14635570"><ele>157.12</ele><time>2025-10-20T13:47:34.543Z</time></trkpt><trkpt lat="47.60897910" lon="19.14634820"><ele>157.11</ele><time>2025-10-20T13:47:34.744Z</time></trkpt><trkpt lat="47.60897270" lon="19.14634080"><ele>157.09</ele><time>2025-10-20T13:47:34.944Z</time></trkpt><trkpt lat="47.60896680" lon="19.14633440"><ele>157.08</ele><time>2025-10-20T13:47:35.123Z</time></trkpt><trkpt lat="47.60895980" lon="19.14632700"><ele>157.04</ele><time>2025-10-20T13:47:35.336Z</time></trkpt><trkpt lat="47.60895290" lon="19.14632000"><ele>157.03</ele><time>2025-10-20T13:47:35.538Z</time></trkpt><trkpt lat="47.60894600" lon="19.14631310"><ele>157.02</ele><time>2025-10-20T13:47:35.740Z</time></trkpt><trkpt lat="47.60893910" lon="19.14630620"><ele>157.01</ele><time>2025-10-20T13:47:35.941Z</time></trkpt><trkpt lat="47.60893210" lon="19.14629930"><ele>157.02</ele><time>2025-10-20T13:47:36.143Z</time></trkpt><trkpt lat="47.60892470" lon="19.14629180"><ele>157.03</ele><time>2025-10-20T13:47:36.354Z</time></trkpt><trkpt lat="47.60891760" lon="19.14628480"><ele>157.06</ele><time>2025-10-20T13:47:36.555Z</time></trkpt><trkpt lat="47.60891200" lon="19.14627920"><ele>157.07</ele><time>2025-10-20T13:47:36.716Z</time></trkpt><trkpt lat="47.60890360" lon="19.14627080"><ele>157.07</ele><time>2025-10-20T13:47:36.957Z</time></trkpt><trkpt lat="47.60889650" lon="19.14626410"><ele>157.03</ele><time>2025-10-20T13:47:37.157Z</time></trkpt><trkpt lat="47.60888920" lon="19.14625740"><ele>157.00</ele><time>2025-10-20T13:47:37.360Z</time></trkpt><trkpt lat="47.60888190" lon="19.14625110"><ele>156.98</ele><time>2025-10-20T13:47:37.561Z</time></trkpt><trkpt lat="47.60887440" lon="19.14624500"><ele>156.97</ele><time>2025-10-20T13:47:37.761Z</time></trkpt><trkpt lat="47.60886690" lon="19.14623930"><ele>156.98</ele><time>2025-10-20T13:47:37.961Z</time></trkpt><trkpt lat="47.60885930" lon="19.14623390"><ele>156.97</ele><time>2025-10-20T13:47:38.162Z</time></trkpt><trkpt lat="47.60885170" lon="19.14622890"><ele>156.97</ele><time>2025-10-20T13:47:38.362Z</time></trkpt><trkpt lat="47.60884490" lon="19.14622460"><ele>156.96</ele><time>2025-10-20T13:47:38.542Z</time></trkpt><trkpt lat="47.60883650" lon="19.14621960"><ele>156.95</ele><time>2025-10-20T13:47:38.764Z</time></trkpt><trkpt lat="47.60882900" lon="19.14621550"><ele>156.94</ele><time>2025-10-20T13:47:38.964Z</time></trkpt><trkpt lat="47.60882140" lon="19.14621150"><ele>156.93</ele><time>2025-10-20T13:47:39.165Z</time></trkpt><trkpt lat="47.60881370" lon="19.14620770"><ele>156.91</ele><time>2025-10-20T13:47:39.369Z</time></trkpt><trkpt lat="47.60880620" lon="19.14620410"><ele>156.88</ele><time>2025-10-20T13:47:39.570Z</time></trkpt><trkpt lat="47.60879940" lon="19.14620110"><ele>156.87</ele><time>2025-10-20T13:47:39.752Z</time></trkpt><trkpt lat="47.60879260" lon="19.14619820"><ele>156.85</ele><time>2025-10-20T13:47:39.932Z</time></trkpt><trkpt lat="47.60878370" lon="19.14619450"><ele>156.81</ele><time>2025-10-20T13:47:40.174Z</time></trkpt><trkpt lat="47.60877820" lon="19.14619240"><ele>156.80</ele><time>2025-10-20T13:47:40.323Z</time></trkpt><trkpt lat="47.60877010" lon="19.14618940"><ele>156.79</ele><time>2025-10-20T13:47:40.548Z</time></trkpt><trkpt lat="47.60876230" lon="19.14618640"><ele>156.75</ele><time>2025-10-20T13:47:40.771Z</time></trkpt><trkpt lat="47.60875510" lon="19.14618400"><ele>156.72</ele><time>2025-10-20T13:47:40.976Z</time></trkpt><trkpt lat="47.60874790" lon="19.14618180"><ele>156.70</ele><time>2025-10-20T13:47:41.178Z</time></trkpt><trkpt lat="47.60874190" lon="19.14618000"><ele>156.68</ele><time>2025-10-20T13:47:41.347Z</time></trkpt><trkpt lat="47.60873370" lon="19.14617760"><ele>156.65</ele><time>2025-10-20T13:47:41.569Z</time></trkpt><trkpt lat="47.60872600" lon="19.14617560"><ele>156.64</ele><time>2025-10-20T13:47:41.771Z</time></trkpt><trkpt lat="47.60871800" lon="19.14617390"><ele>156.66</ele><time>2025-10-20T13:47:41.972Z</time></trkpt><trkpt lat="47.60871010" lon="19.14617240"><ele>156.68</ele><time>2025-10-20T13:47:42.173Z</time></trkpt><trkpt lat="47.60870270" lon="19.14617120"><ele>156.67</ele><time>2025-10-20T13:47:42.356Z</time></trkpt><trkpt lat="47.60869380" lon="19.14617000"><ele>156.66</ele><time>2025-10-20T13:47:42.577Z</time></trkpt><trkpt lat="47.60868550" lon="19.14616890"><ele>156.65</ele><time>2025-10-20T13:47:42.780Z</time></trkpt><trkpt lat="47.60867720" lon="19.14616820"><ele>156.64</ele><time>2025-10-20T13:47:42.981Z</time></trkpt><trkpt lat="47.60866960" lon="19.14616770"><ele>156.64</ele><time>2025-10-20T13:47:43.164Z</time></trkpt><trkpt lat="47.60866130" lon="19.14616740"><ele>156.64</ele><time>2025-10-20T13:47:43.355Z</time></trkpt><trkpt lat="47.60865280" lon="19.14616720"><ele>156.64</ele><time>2025-10-20T13:47:43.557Z</time></trkpt><trkpt lat="47.60864310" lon="19.14616720"><ele>156.65</ele><time>2025-10-20T13:47:43.781Z</time></trkpt><trkpt lat="47.60863460" lon="19.14616740"><ele>156.65</ele><time>2025-10-20T13:47:43.983Z</time></trkpt><trkpt lat="47.60862700" lon="19.14616770"><ele>156.66</ele><time>2025-10-20T13:47:44.164Z</time></trkpt><trkpt lat="47.60861830" lon="19.14616830"><ele>156.69</ele><time>2025-10-20T13:47:44.370Z</time></trkpt><trkpt lat="47.60861010" lon="19.14616910"><ele>156.70</ele><time>2025-10-20T13:47:44.571Z</time></trkpt><trkpt lat="47.60860190" lon="19.14616990"><ele>156.69</ele><time>2025-10-20T13:47:44.776Z</time></trkpt><trkpt lat="47.60859350" lon="19.14617110"><ele>156.69</ele><time>2025-10-20T13:47:44.984Z</time></trkpt><trkpt lat="47.60858590" lon="19.14617230"><ele>156.70</ele><time>2025-10-20T13:47:45.168Z</time></trkpt><trkpt lat="47.60857670" lon="19.14617390"><ele>156.71</ele><time>2025-10-20T13:47:45.391Z</time></trkpt><trkpt lat="47.60856820" lon="19.14617550"><ele>156.72</ele><time>2025-10-20T13:47:45.595Z</time></trkpt><trkpt lat="47.60855970" lon="19.14617710"><ele>156.72</ele><time>2025-10-20T13:47:45.795Z</time></trkpt><trkpt lat="47.60855120" lon="19.14617870"><ele>156.73</ele><time>2025-10-20T13:47:45.997Z</time></trkpt><trkpt lat="47.60854280" lon="19.14618060"><ele>156.73</ele><time>2025-10-20T13:47:46.197Z</time></trkpt><trkpt lat="47.60853450" lon="19.14618260"><ele>156.73</ele><time>2025-10-20T13:47:46.399Z</time></trkpt><trkpt lat="47.60852630" lon="19.14618510"><ele>156.74</ele><time>2025-10-20T13:47:46.599Z</time></trkpt><trkpt lat="47.60851800" lon="19.14618770"><ele>156.74</ele><time>2025-10-20T13:47:46.801Z</time></trkpt><trkpt lat="47.60850990" lon="19.14619040"><ele>156.74</ele><time>2025-10-20T13:47:47.001Z</time></trkpt><trkpt lat="47.60850170" lon="19.14619340"><ele>156.74</ele><time>2025-10-20T13:47:47.202Z</time></trkpt><trkpt lat="47.60849440" lon="19.14619630"><ele>156.74</ele><time>2025-10-20T13:47:47.385Z</time></trkpt><trkpt lat="47.60848550" lon="19.14620010"><ele>156.73</ele><time>2025-10-20T13:47:47.606Z</time></trkpt><trkpt lat="47.60847750" lon="19.14620380"><ele>156.72</ele><time>2025-10-20T13:47:47.806Z</time></trkpt><trkpt lat="47.60846960" lon="19.14620770"><ele>156.71</ele><time>2025-10-20T13:47:48.007Z</time></trkpt><trkpt lat="47.60846160" lon="19.14621180"><ele>156.72</ele><time>2025-10-20T13:47:48.212Z</time></trkpt><trkpt lat="47.60845370" lon="19.14621610"><ele>156.73</ele><time>2025-10-20T13:47:48.415Z</time></trkpt><trkpt lat="47.60844580" lon="19.14622070"><ele>156.73</ele><time>2025-10-20T13:47:48.616Z</time></trkpt><trkpt lat="47.60843780" lon="19.14622550"><ele>156.71</ele><time>2025-10-20T13:47:48.817Z</time></trkpt><trkpt lat="47.60842980" lon="19.14623070"><ele>156.69</ele><time>2025-10-20T13:47:49.018Z</time></trkpt><trkpt lat="47.60842180" lon="19.14623580"><ele>156.68</ele><time>2025-10-20T13:47:49.219Z</time></trkpt><trkpt lat="47.60841450" lon="19.14624060"><ele>156.68</ele><time>2025-10-20T13:47:49.407Z</time></trkpt><trkpt lat="47.60840580" lon="19.14624650"><ele>156.66</ele><time>2025-10-20T13:47:49.631Z</time></trkpt><trkpt lat="47.60839880" lon="19.14625140"><ele>156.66</ele><time>2025-10-20T13:47:49.811Z</time></trkpt><trkpt lat="47.60839110" lon="19.14625690"><ele>156.66</ele><time>2025-10-20T13:47:50.012Z</time></trkpt><trkpt lat="47.60838360" lon="19.14626270"><ele>156.67</ele><time>2025-10-20T13:47:50.213Z</time></trkpt><trkpt lat="47.60837610" lon="19.14626850"><ele>156.67</ele><time>2025-10-20T13:47:50.414Z</time></trkpt><trkpt lat="47.60836890" lon="19.14627430"><ele>156.65</ele><time>2025-10-20T13:47:50.615Z</time></trkpt><trkpt lat="47.60836180" lon="19.14628020"><ele>156.63</ele><time>2025-10-20T13:47:50.815Z</time></trkpt><trkpt lat="47.60835470" lon="19.14628640"><ele>156.65</ele><time>2025-10-20T13:47:51.016Z</time></trkpt><trkpt lat="47.60834760" lon="19.14629290"><ele>156.67</ele><time>2025-10-20T13:47:51.219Z</time></trkpt><trkpt lat="47.60833990" lon="19.14630050"><ele>156.68</ele><time>2025-10-20T13:47:51.440Z</time></trkpt><trkpt lat="47.60833370" lon="19.14630700"><ele>156.68</ele><time>2025-10-20T13:47:51.621Z</time></trkpt><trkpt lat="47.60832670" lon="19.14631450"><ele>156.68</ele><time>2025-10-20T13:47:51.823Z</time></trkpt><trkpt lat="47.60832110" lon="19.14632060"><ele>156.69</ele><time>2025-10-20T13:47:51.985Z</time></trkpt><trkpt lat="47.60831320" lon="19.14632930"><ele>156.75</ele><time>2025-10-20T13:47:52.230Z</time></trkpt><trkpt lat="47.60830800" lon="19.14633540"><ele>156.79</ele><time>2025-10-20T13:47:52.420Z</time></trkpt><trkpt lat="47.60830390" lon="19.14634030"><ele>156.81</ele><time>2025-10-20T13:47:52.603Z</time></trkpt><trkpt lat="47.60830040" lon="19.14634450"><ele>156.81</ele><time>2025-10-20T13:47:52.806Z</time></trkpt><trkpt lat="47.60829780" lon="19.14634780"><ele>156.81</ele><time>2025-10-20T13:47:53.007Z</time></trkpt><trkpt lat="47.60829600" lon="19.14635030"><ele>156.80</ele><time>2025-10-20T13:47:53.236Z</time></trkpt><trkpt lat="47.60829520" lon="19.14635160"><ele>156.78</ele><time>2025-10-20T13:47:53.441Z</time></trkpt><trkpt lat="47.60829520" lon="19.14635220"><ele>156.77</ele><time>2025-10-20T13:47:53.603Z</time></trkpt><trkpt lat="47.60829580" lon="19.14635230"><ele>156.75</ele><time>2025-10-20T13:47:53.829Z</time></trkpt><trkpt lat="47.60829700" lon="19.14635190"><ele>156.73</ele><time>2025-10-20T13:47:54.028Z</time></trkpt><trkpt lat="47.60829890" lon="19.14635140"><ele>156.71</ele><time>2025-10-20T13:47:54.228Z</time></trkpt><trkpt lat="47.60830160" lon="19.14635120"><ele>156.71</ele><time>2025-10-20T13:47:54.431Z</time></trkpt><trkpt lat="47.60830520" lon="19.14635180"><ele>156.71</ele><time>2025-10-20T13:47:54.636Z</time></trkpt><trkpt lat="47.60830950" lon="19.14635380"><ele>156.72</ele><time>2025-10-20T13:47:54.838Z</time></trkpt><trkpt lat="47.60831460" lon="19.14635700"><ele>156.75</ele><time>2025-10-20T13:47:55.040Z</time></trkpt><trkpt lat="47.60831960" lon="19.14636080"><ele>156.76</ele><time>2025-10-20T13:47:55.222Z</time></trkpt><trkpt lat="47.60832560" lon="19.14636600"><ele>156.77</ele><time>2025-10-20T13:47:55.424Z</time></trkpt><trkpt lat="47.60833190" lon="19.14637210"><ele>156.80</ele><time>2025-10-20T13:47:55.626Z</time></trkpt><trkpt lat="47.60833860" lon="19.14637900"><ele>156.83</ele><time>2025-10-20T13:47:55.828Z</time></trkpt><trkpt lat="47.60834560" lon="19.14638660"><ele>156.86</ele><time>2025-10-20T13:47:56.031Z</time></trkpt><trkpt lat="47.60835290" lon="19.14639450"><ele>156.88</ele><time>2025-10-20T13:47:56.235Z</time></trkpt><trkpt lat="47.60836000" lon="19.14640260"><ele>156.90</ele><time>2025-10-20T13:47:56.439Z</time></trkpt><trkpt lat="47.60836620" lon="19.14641010"><ele>156.92</ele><time>2025-10-20T13:47:56.618Z</time></trkpt><trkpt lat="47.60837360" lon="19.14641960"><ele>156.96</ele><time>2025-10-20T13:47:56.840Z</time></trkpt><trkpt lat="47.60838020" lon="19.14642840"><ele>156.98</ele><time>2025-10-20T13:47:57.042Z</time></trkpt><trkpt lat="47.60838690" lon="19.14643740"><ele>156.99</ele><time>2025-10-20T13:47:57.245Z</time></trkpt><trkpt lat="47.60839300" lon="19.14644580"><ele>157.01</ele><time>2025-10-20T13:47:57.430Z</time></trkpt><trkpt lat="47.60839950" lon="19.14645500"><ele>156.99</ele><time>2025-10-20T13:47:57.632Z</time></trkpt><trkpt lat="47.60840580" lon="19.14646410"><ele>156.99</ele><time>2025-10-20T13:47:57.834Z</time></trkpt><trkpt lat="47.60841220" lon="19.14647340"><ele>156.99</ele><time>2025-10-20T13:47:58.035Z</time></trkpt><trkpt lat="47.60841840" lon="19.14648270"><ele>156.98</ele><time>2025-10-20T13:47:58.236Z</time></trkpt><trkpt lat="47.60842450" lon="19.14649200"><ele>156.98</ele><time>2025-10-20T13:47:58.436Z</time></trkpt><trkpt lat="47.60843060" lon="19.14650120"><ele>156.97</ele><time>2025-10-20T13:47:58.636Z</time></trkpt><trkpt lat="47.60843660" lon="19.14651040"><ele>156.97</ele><time>2025-10-20T13:47:58.837Z</time></trkpt><trkpt lat="47.60844240" lon="19.14651970"><ele>156.97</ele><time>2025-10-20T13:47:59.039Z</time></trkpt><trkpt lat="47.60844820" lon="19.14652900"><ele>156.96</ele><time>2025-10-20T13:47:59.242Z</time></trkpt><trkpt lat="47.60845370" lon="19.14653830"><ele>156.95</ele><time>2025-10-20T13:47:59.443Z</time></trkpt><trkpt lat="47.60845900" lon="19.14654770"><ele>156.94</ele><time>2025-10-20T13:47:59.644Z</time></trkpt><trkpt lat="47.60846370" lon="19.14655610"><ele>156.94</ele><time>2025-10-20T13:47:59.824Z</time></trkpt><trkpt lat="47.60846880" lon="19.14656540"><ele>156.93</ele><time>2025-10-20T13:48:00.026Z</time></trkpt><trkpt lat="47.60847390" lon="19.14657460"><ele>156.92</ele><time>2025-10-20T13:48:00.228Z</time></trkpt><trkpt lat="47.60847890" lon="19.14658380"><ele>156.91</ele><time>2025-10-20T13:48:00.430Z</time></trkpt><trkpt lat="47.60848400" lon="19.14659290"><ele>156.91</ele><time>2025-10-20T13:48:00.632Z</time></trkpt><trkpt lat="47.60848890" lon="19.14660190"><ele>156.92</ele><time>2025-10-20T13:48:00.832Z</time></trkpt><trkpt lat="47.60849360" lon="19.14661070"><ele>156.92</ele><time>2025-10-20T13:48:01.032Z</time></trkpt><trkpt lat="47.60849840" lon="19.14661990"><ele>156.91</ele><time>2025-10-20T13:48:01.233Z</time></trkpt><trkpt lat="47.60850290" lon="19.14662870"><ele>156.91</ele><time>2025-10-20T13:48:01.424Z</time></trkpt><trkpt lat="47.60850800" lon="19.14663880"><ele>156.90</ele><time>2025-10-20T13:48:01.645Z</time></trkpt><trkpt lat="47.60851260" lon="19.14664820"><ele>156.90</ele><time>2025-10-20T13:48:01.848Z</time></trkpt><trkpt lat="47.60851730" lon="19.14665760"><ele>156.90</ele><time>2025-10-20T13:48:02.048Z</time></trkpt><trkpt lat="47.60852110" lon="19.14666530"><ele>156.89</ele><time>2025-10-20T13:48:02.210Z</time></trkpt><trkpt lat="47.60852630" lon="19.14667580"><ele>156.90</ele><time>2025-10-20T13:48:02.434Z</time></trkpt><trkpt lat="47.60853050" lon="19.14668420"><ele>156.90</ele><time>2025-10-20T13:48:02.615Z</time></trkpt><trkpt lat="47.60853530" lon="19.14669320"><ele>156.90</ele><time>2025-10-20T13:48:02.817Z</time></trkpt><trkpt lat="47.60854040" lon="19.14670300"><ele>156.90</ele><time>2025-10-20T13:48:03.038Z</time></trkpt><trkpt lat="47.60854470" lon="19.14671120"><ele>156.90</ele><time>2025-10-20T13:48:03.222Z</time></trkpt><trkpt lat="47.60855000" lon="19.14672110"><ele>156.91</ele><time>2025-10-20T13:48:03.448Z</time></trkpt><trkpt lat="47.60855430" lon="19.14672910"><ele>156.92</ele><time>2025-10-20T13:48:03.627Z</time></trkpt><trkpt lat="47.60855970" lon="19.14673900"><ele>156.93</ele><time>2025-10-20T13:48:03.849Z</time></trkpt><trkpt lat="47.60856460" lon="19.14674790"><ele>156.94</ele><time>2025-10-20T13:48:04.050Z</time></trkpt><trkpt lat="47.60856900" lon="19.14675610"><ele>156.95</ele><time>2025-10-20T13:48:04.232Z</time></trkpt><trkpt lat="47.60857390" lon="19.14676500"><ele>156.96</ele><time>2025-10-20T13:48:04.433Z</time></trkpt><trkpt lat="47.60857870" lon="19.14677390"><ele>156.97</ele><time>2025-10-20T13:48:04.635Z</time></trkpt><trkpt lat="47.60858360" lon="19.14678290"><ele>156.98</ele><time>2025-10-20T13:48:04.836Z</time></trkpt><trkpt lat="47.60858860" lon="19.14679190"><ele>156.97</ele><time>2025-10-20T13:48:05.040Z</time></trkpt><trkpt lat="47.60859360" lon="19.14680100"><ele>156.97</ele><time>2025-10-20T13:48:05.244Z</time></trkpt><trkpt lat="47.60859800" lon="19.14680920"><ele>156.97</ele><time>2025-10-20T13:48:05.426Z</time></trkpt><trkpt lat="47.60860340" lon="19.14681900"><ele>156.98</ele><time>2025-10-20T13:48:05.647Z</time></trkpt><trkpt lat="47.60860840" lon="19.14682790"><ele>156.98</ele><time>2025-10-20T13:48:05.849Z</time></trkpt><trkpt lat="47.60861310" lon="19.14683680"><ele>156.97</ele><time>2025-10-20T13:48:06.050Z</time></trkpt><trkpt lat="47.60861740" lon="19.14684580"><ele>156.98</ele><time>2025-10-20T13:48:06.250Z</time></trkpt><trkpt lat="47.60862100" lon="19.14685390"><ele>156.98</ele><time>2025-10-20T13:48:06.433Z</time></trkpt><trkpt lat="47.60862470" lon="19.14686270"><ele>156.98</ele><time>2025-10-20T13:48:06.633Z</time></trkpt><trkpt lat="47.60862850" lon="19.14687230"><ele>156.98</ele><time>2025-10-20T13:48:06.854Z</time></trkpt><trkpt lat="47.60863140" lon="19.14688000"><ele>156.99</ele><time>2025-10-20T13:48:07.034Z</time></trkpt><trkpt lat="47.60863440" lon="19.14688830"><ele>157.00</ele><time>2025-10-20T13:48:07.235Z</time></trkpt><trkpt lat="47.60863730" lon="19.14689610"><ele>157.01</ele><time>2025-10-20T13:48:07.448Z</time></trkpt><trkpt lat="47.60863960" lon="19.14690200"><ele>157.02</ele><time>2025-10-20T13:48:07.650Z</time></trkpt><trkpt lat="47.60864150" lon="19.14690600"><ele>156.97</ele><time>2025-10-20T13:48:07.830Z</time></trkpt><trkpt lat="47.60864350" lon="19.14690940"><ele>156.79</ele><time>2025-10-20T13:48:08.052Z</time></trkpt><trkpt lat="47.60864490" lon="19.14691110"><ele>156.50</ele><time>2025-10-20T13:48:08.255Z</time></trkpt><trkpt lat="47.60864590" lon="19.14691120"><ele>156.20</ele><time>2025-10-20T13:48:08.457Z</time></trkpt><trkpt lat="47.60864650" lon="19.14690970"><ele>155.92</ele><time>2025-10-20T13:48:08.658Z</time></trkpt><trkpt lat="47.60864690" lon="19.14690720"><ele>155.66</ele><time>2025-10-20T13:48:08.859Z</time></trkpt><trkpt lat="47.60864730" lon="19.14690440"><ele>155.42</ele><time>2025-10-20T13:48:09.060Z</time></trkpt><trkpt lat="47.60864740" lon="19.14690190"><ele>155.18</ele><time>2025-10-20T13:48:09.264Z</time></trkpt><trkpt lat="47.60864750" lon="19.14689970"><ele>154.95</ele><time>2025-10-20T13:48:09.466Z</time></trkpt><trkpt lat="47.60864740" lon="19.14689780"><ele>154.71</ele><time>2025-10-20T13:48:09.670Z</time></trkpt><trkpt lat="47.60864720" lon="19.14689610"><ele>154.47</ele><time>2025-10-20T13:48:09.872Z</time></trkpt><trkpt lat="47.60864670" lon="19.14689500"><ele>154.26</ele><time>2025-10-20T13:48:10.055Z</time></trkpt><trkpt lat="47.60864610" lon="19.14689380"><ele>154.01</ele><time>2025-10-20T13:48:10.257Z</time></trkpt><trkpt lat="47.60864550" lon="19.14689290"><ele>153.79</ele><time>2025-10-20T13:48:10.441Z</time></trkpt><trkpt lat="47.60864470" lon="19.14689200"><ele>153.52</ele><time>2025-10-20T13:48:10.663Z</time></trkpt><trkpt lat="47.60864410" lon="19.14689130"><ele>153.27</ele><time>2025-10-20T13:48:10.870Z</time></trkpt><trkpt lat="47.60864330" lon="19.14689080"><ele>153.01</ele><time>2025-10-20T13:48:11.073Z</time></trkpt><trkpt lat="47.60864280" lon="19.14689040"><ele>152.78</ele><time>2025-10-20T13:48:11.256Z</time></trkpt><trkpt lat="47.60864210" lon="19.14689000"><ele>152.49</ele><time>2025-10-20T13:48:11.479Z</time></trkpt><trkpt lat="47.60864150" lon="19.14688950"><ele>152.23</ele><time>2025-10-20T13:48:11.680Z</time></trkpt><trkpt lat="47.60864110" lon="19.14688900"><ele>151.97</ele><time>2025-10-20T13:48:11.880Z</time></trkpt><trkpt lat="47.60864090" lon="19.14688850"><ele>151.75</ele><time>2025-10-20T13:48:12.060Z</time></trkpt><trkpt lat="47.60864080" lon="19.14688790"><ele>151.51</ele><time>2025-10-20T13:48:12.262Z</time></trkpt><trkpt lat="47.60864070" lon="19.14688760"><ele>151.27</ele><time>2025-10-20T13:48:12.464Z</time></trkpt><trkpt lat="47.60864070" lon="19.14688740"><ele>151.02</ele><time>2025-10-20T13:48:12.666Z</time></trkpt><trkpt lat="47.60864080" lon="19.14688730"><ele>150.77</ele><time>2025-10-20T13:48:12.867Z</time></trkpt><trkpt lat="47.60864090" lon="19.14688720"><ele>150.52</ele><time>2025-10-20T13:48:13.071Z</time></trkpt><trkpt lat="47.60864100" lon="19.14688730"><ele>150.26</ele><time>2025-10-20T13:48:13.276Z</time></trkpt><trkpt lat="47.60864110" lon="19.14688740"><ele>150.02</ele><time>2025-10-20T13:48:13.479Z</time></trkpt><trkpt lat="47.60864110" lon="19.14688750"><ele>149.77</ele><time>2025-10-20T13:48:13.681Z</time></trkpt><trkpt lat="47.60864120" lon="19.14688760"><ele>149.53</ele><time>2025-10-20T13:48:13.882Z</time></trkpt><trkpt lat="47.60864120" lon="19.14688770"><ele>149.27</ele><time>2025-10-20T13:48:14.084Z</time></trkpt><trkpt lat="47.60864120" lon="19.14688770"><ele>149.04</ele><time>2025-10-20T13:48:14.264Z</time></trkpt><trkpt lat="47.60864120" lon="19.14688770"><ele>148.79</ele><time>2025-10-20T13:48:14.488Z</time></trkpt><trkpt lat="47.60864130" lon="19.14688770"><ele>148.57</ele><time>2025-10-20T13:48:14.672Z</time></trkpt><trkpt lat="47.60864130" lon="19.14688800"><ele>148.31</ele><time>2025-10-20T13:48:14.874Z</time></trkpt><trkpt lat="47.60864140" lon="19.14688850"><ele>148.06</ele><time>2025-10-20T13:48:15.097Z</time></trkpt><trkpt lat="47.60864150" lon="19.14688900"><ele>147.81</ele><time>2025-10-20T13:48:15.308Z</time></trkpt><trkpt lat="47.60864150" lon="19.14688930"><ele>147.61</ele><time>2025-10-20T13:48:15.472Z</time></trkpt><trkpt lat="47.60864160" lon="19.14688960"><ele>147.37</ele><time>2025-10-20T13:48:15.673Z</time></trkpt><trkpt lat="47.60864160" lon="19.14688980"><ele>147.13</ele><time>2025-10-20T13:48:15.876Z</time></trkpt><trkpt lat="47.60864170" lon="19.14689000"><ele>146.87</ele><time>2025-10-20T13:48:16.080Z</time></trkpt><trkpt lat="47.60864160" lon="19.14689020"><ele>146.56</ele><time>2025-10-20T13:48:16.308Z</time></trkpt><trkpt lat="47.60864160" lon="19.14689030"><ele>146.30</ele><time>2025-10-20T13:48:16.491Z</time></trkpt><trkpt lat="47.60864160" lon="19.14689030"><ele>146.03</ele><time>2025-10-20T13:48:16.693Z</time></trkpt><trkpt lat="47.60864170" lon="19.14689040"><ele>145.75</ele><time>2025-10-20T13:48:16.896Z</time></trkpt><trkpt lat="47.60864190" lon="19.14689050"><ele>145.49</ele><time>2025-10-20T13:48:17.098Z</time></trkpt><trkpt lat="47.60864200" lon="19.14689070"><ele>145.25</ele><time>2025-10-20T13:48:17.286Z</time></trkpt><trkpt lat="47.60864230" lon="19.14689110"><ele>144.97</ele><time>2025-10-20T13:48:17.511Z</time></trkpt><trkpt lat="47.60864270" lon="19.14689150"><ele>144.73</ele><time>2025-10-20T13:48:17.712Z</time></trkpt><trkpt lat="47.60864300" lon="19.14689170"><ele>144.51</ele><time>2025-10-20T13:48:17.893Z</time></trkpt><trkpt lat="47.60864320" lon="19.14689170"><ele>144.24</ele><time>2025-10-20T13:48:18.094Z</time></trkpt><trkpt lat="47.60864340" lon="19.14689160"><ele>143.98</ele><time>2025-10-20T13:48:18.303Z</time></trkpt><trkpt lat="47.60864370" lon="19.14689140"><ele>143.73</ele><time>2025-10-20T13:48:18.506Z</time></trkpt><trkpt lat="47.60864400" lon="19.14689120"><ele>143.51</ele><time>2025-10-20T13:48:18.686Z</time></trkpt><trkpt lat="47.60864420" lon="19.14689090"><ele>143.24</ele><time>2025-10-20T13:48:18.907Z</time></trkpt><trkpt lat="47.60864440" lon="19.14689080"><ele>143.00</ele><time>2025-10-20T13:48:19.110Z</time></trkpt><trkpt lat="47.60864440" lon="19.14689080"><ele>142.79</ele><time>2025-10-20T13:48:19.299Z</time></trkpt><trkpt lat="47.60864440" lon="19.14689070"><ele>142.56</ele><time>2025-10-20T13:48:19.502Z</time></trkpt><trkpt lat="47.60864440" lon="19.14689080"><ele>142.32</ele><time>2025-10-20T13:48:19.702Z</time></trkpt><trkpt lat="47.60864450" lon="19.14689090"><ele>142.09</ele><time>2025-10-20T13:48:19.902Z</time></trkpt><trkpt lat="47.60864460" lon="19.14689100"><ele>141.86</ele><time>2025-10-20T13:48:20.103Z</time></trkpt><trkpt lat="47.60864470" lon="19.14689100"><ele>141.61</ele><time>2025-10-20T13:48:20.304Z</time></trkpt><trkpt lat="47.60864480" lon="19.14689120"><ele>141.39</ele><time>2025-10-20T13:48:20.488Z</time></trkpt><trkpt lat="47.60864490" lon="19.14689140"><ele>141.15</ele><time>2025-10-20T13:48:20.708Z</time></trkpt><trkpt lat="47.60864500" lon="19.14689170"><ele>140.93</ele><time>2025-10-20T13:48:20.909Z</time></trkpt><trkpt lat="47.60864510" lon="19.14689220"><ele>140.71</ele><time>2025-10-20T13:48:21.112Z</time></trkpt><trkpt lat="47.60864510" lon="19.14689270"><ele>140.49</ele><time>2025-10-20T13:48:21.321Z</time></trkpt><trkpt lat="47.60864500" lon="19.14689300"><ele>140.27</ele><time>2025-10-20T13:48:21.522Z</time></trkpt><trkpt lat="47.60864460" lon="19.14689320"><ele>140.03</ele><time>2025-10-20T13:48:21.724Z</time></trkpt><trkpt lat="47.60864420" lon="19.14689330"><ele>139.79</ele><time>2025-10-20T13:48:21.925Z</time></trkpt><trkpt lat="47.60864390" lon="19.14689330"><ele>139.58</ele><time>2025-10-20T13:48:22.130Z</time></trkpt><trkpt lat="47.60864370" lon="19.14689300"><ele>139.36</ele><time>2025-10-20T13:48:22.339Z</time></trkpt><trkpt lat="47.60864360" lon="19.14689270"><ele>139.15</ele><time>2025-10-20T13:48:22.540Z</time></trkpt><trkpt lat="47.60864340" lon="19.14689230"><ele>138.93</ele><time>2025-10-20T13:48:22.743Z</time></trkpt><trkpt lat="47.60864320" lon="19.14689180"><ele>138.72</ele><time>2025-10-20T13:48:22.945Z</time></trkpt><trkpt lat="47.60864310" lon="19.14689140"><ele>138.52</ele><time>2025-10-20T13:48:23.149Z</time></trkpt><trkpt lat="47.60864310" lon="19.14689110"><ele>138.33</ele><time>2025-10-20T13:48:23.351Z</time></trkpt><trkpt lat="47.60864320" lon="19.14689110"><ele>138.14</ele><time>2025-10-20T13:48:23.552Z</time></trkpt><trkpt lat="47.60864350" lon="19.14689100"><ele>137.93</ele><time>2025-10-20T13:48:23.752Z</time></trkpt><trkpt lat="47.60864380" lon="19.14689090"><ele>137.74</ele><time>2025-10-20T13:48:23.935Z</time></trkpt><trkpt lat="47.60864410" lon="19.14689090"><ele>137.52</ele><time>2025-10-20T13:48:24.137Z</time></trkpt><trkpt lat="47.60864430" lon="19.14689090"><ele>137.30</ele><time>2025-10-20T13:48:24.340Z</time></trkpt><trkpt lat="47.60864450" lon="19.14689100"><ele>137.10</ele><time>2025-10-20T13:48:24.522Z</time></trkpt><trkpt lat="47.60864460" lon="19.14689120"><ele>136.97</ele><time>2025-10-20T13:48:24.725Z</time></trkpt><trkpt lat="47.60864450" lon="19.14689180"><ele>136.89</ele><time>2025-10-20T13:48:24.926Z</time></trkpt><trkpt lat="47.60864440" lon="19.14689200"><ele>136.82</ele><time>2025-10-20T13:48:25.150Z</time></trkpt><trkpt lat="47.60864450" lon="19.14689180"><ele>136.81</ele><time>2025-10-20T13:48:25.316Z</time></trkpt><trkpt lat="47.60864460" lon="19.14689140"><ele>136.81</ele><time>2025-10-20T13:48:25.530Z</time></trkpt><trkpt lat="47.60864470" lon="19.14689120"><ele>136.79</ele><time>2025-10-20T13:48:25.751Z</time></trkpt><trkpt lat="47.60864480" lon="19.14689110"><ele>136.78</ele><time>2025-10-20T13:48:25.932Z</time></trkpt><trkpt lat="47.60864500" lon="19.14689100"><ele>136.77</ele><time>2025-10-20T13:48:26.160Z</time></trkpt><trkpt lat="47.60864510" lon="19.14689100"><ele>136.75</ele><time>2025-10-20T13:48:26.371Z</time></trkpt><trkpt lat="47.60864520" lon="19.14689090"><ele>136.74</ele><time>2025-10-20T13:48:26.563Z</time></trkpt><trkpt lat="47.60864530" lon="19.14689090"><ele>136.73</ele><time>2025-10-20T13:48:26.751Z</time></trkpt><trkpt lat="47.60864530" lon="19.14689100"><ele>136.71</ele><time>2025-10-20T13:48:26.952Z</time></trkpt><trkpt lat="47.60864540" lon="19.14689100"><ele>136.70</ele><time>2025-10-20T13:48:27.173Z</time></trkpt><trkpt lat="47.60864540" lon="19.14689100"><ele>136.70</ele><time>2025-10-20T13:48:27.173Z</time></trkpt><trkpt lat="47.60864540" lon="19.14689100"><ele>136.70</ele><time>2025-10-20T13:48:27.173Z</time></trkpt><trkpt lat="47.60864540" lon="19.14689100"><ele>136.70</ele><time>2025-10-20T13:48:27.173Z</time></trkpt><trkpt lat="47.60864540" lon="19.14689100"><ele>136.70</ele><time>2025-10-20T13:48:27.173Z</time></trkpt><trkpt lat="47.60864550" lon="19.14689110"><ele>136.68</ele><time>2025-10-20T13:48:28.228Z</time></trkpt><trkpt lat="47.60864560" lon="19.14689110"><ele>136.65</ele><time>2025-10-20T13:48:28.430Z</time></trkpt><trkpt lat="47.60864570" lon="19.14689120"><ele>136.62</ele><time>2025-10-20T13:48:28.630Z</time></trkpt><trkpt lat="47.60864580" lon="19.14689130"><ele>136.58</ele><time>2025-10-20T13:48:28.830Z</time></trkpt><trkpt lat="47.60864600" lon="19.14689140"><ele>136.54</ele><time>2025-10-20T13:48:29.031Z</time></trkpt><trkpt lat="47.60864620" lon="19.14689150"><ele>136.50</ele><time>2025-10-20T13:48:29.231Z</time></trkpt><trkpt lat="47.60864610" lon="19.14689150"><ele>136.48</ele><time>2025-10-20T13:48:29.432Z</time></trkpt><trkpt lat="47.60864590" lon="19.14689150"><ele>136.47</ele><time>2025-10-20T13:48:29.634Z</time></trkpt><trkpt lat="47.60864570" lon="19.14689140"><ele>136.49</ele><time>2025-10-20T13:48:29.835Z</time></trkpt><trkpt lat="47.60864570" lon="19.14689130"><ele>136.49</ele><time>2025-10-20T13:48:30.035Z</time></trkpt><trkpt lat="47.60864570" lon="19.14689120"><ele>136.50</ele><time>2025-10-20T13:48:30.239Z</time></trkpt><trkpt lat="47.60864560" lon="19.14689120"><ele>136.50</ele><time>2025-10-20T13:48:30.440Z</time></trkpt><trkpt lat="47.60864550" lon="19.14689110"><ele>136.50</ele><time>2025-10-20T13:48:30.640Z</time></trkpt><trkpt lat="47.60864530" lon="19.14689100"><ele>136.51</ele><time>2025-10-20T13:48:30.841Z</time></trkpt><trkpt lat="47.60864520" lon="19.14689090"><ele>136.51</ele><time>2025-10-20T13:48:31.041Z</time></trkpt><trkpt lat="47.60864520" lon="19.14689090"><ele>136.51</ele><time>2025-10-20T13:48:31.243Z</time></trkpt><trkpt lat="47.60864520" lon="19.14689100"><ele>136.51</ele><time>2025-10-20T13:48:31.444Z</time></trkpt><trkpt lat="47.60864520" lon="19.14689100"><ele>136.51</ele><time>2025-10-20T13:48:31.644Z</time></trkpt><trkpt lat="47.60864520" lon="19.14689100"><ele>136.51</ele><time>2025-10-20T13:48:31.844Z</time></trkpt><trkpt lat="47.60864510" lon="19.14689090"><ele>136.50</ele><time>2025-10-20T13:48:32.045Z</time></trkpt><trkpt lat="47.60864510" lon="19.14689090"><ele>136.49</ele><time>2025-10-20T13:48:32.227Z</time></trkpt><trkpt lat="47.60864510" lon="19.14689090"><ele>136.49</ele><time>2025-10-20T13:48:32.449Z</time></trkpt><trkpt lat="47.60864510" lon="19.14689090"><ele>136.48</ele><time>2025-10-20T13:48:32.651Z</time></trkpt><trkpt lat="47.60864520" lon="19.14689090"><ele>136.48</ele><time>2025-10-20T13:48:32.851Z</time></trkpt><trkpt lat="47.60864520" lon="19.14689090"><ele>136.48</ele><time>2025-10-20T13:48:33.052Z</time></trkpt><trkpt lat="47.60864520" lon="19.14689100"><ele>136.47</ele><time>2025-10-20T13:48:33.253Z</time></trkpt><trkpt lat="47.60864520" lon="19.14689100"><ele>136.46</ele><time>2025-10-20T13:48:33.453Z</time></trkpt><trkpt lat="47.60864520" lon="19.14689100"><ele>136.45</ele><time>2025-10-20T13:48:33.655Z</time></trkpt><trkpt lat="47.60864520" lon="19.14689100"><ele>136.45</ele><time>2025-10-20T13:48:33.855Z</time></trkpt><trkpt lat="47.60864520" lon="19.14689100"><ele>136.44</ele><time>2025-10-20T13:48:34.056Z</time></trkpt><trkpt lat="47.60864530" lon="19.14689100"><ele>136.43</ele><time>2025-10-20T13:48:34.258Z</time></trkpt><trkpt lat="47.60864530" lon="19.14689110"><ele>136.43</ele><time>2025-10-20T13:48:34.460Z</time></trkpt><trkpt lat="47.60864530" lon="19.14689110"><ele>136.42</ele><time>2025-10-20T13:48:34.660Z</time></trkpt><trkpt lat="47.60864520" lon="19.14689110"><ele>136.42</ele><time>2025-10-20T13:48:34.861Z</time></trkpt><trkpt lat="47.60864520" lon="19.14689110"><ele>136.41</ele><time>2025-10-20T13:48:35.062Z</time></trkpt><trkpt lat="47.60864520" lon="19.14689100"><ele>136.40</ele><time>2025-10-20T13:48:35.263Z</time></trkpt><trkpt lat="47.60864520" lon="19.14689100"><ele>136.40</ele><time>2025-10-20T13:48:35.464Z</time></trkpt><trkpt lat="47.60864520" lon="19.14689100"><ele>136.40</ele><time>2025-10-20T13:48:35.664Z</time></trkpt><trkpt lat="47.60864520" lon="19.14689100"><ele>136.40</ele><time>2025-10-20T13:48:35.864Z</time></trkpt><trkpt lat="47.60864520" lon="19.14689100"><ele>136.39</ele><time>2025-10-20T13:48:36.065Z</time></trkpt><trkpt lat="47.60864520" lon="19.14689090"><ele>136.39</ele><time>2025-10-20T13:48:36.266Z</time></trkpt><trkpt lat="47.60864520" lon="19.14689100"><ele>136.39</ele><time>2025-10-20T13:48:36.469Z</time></trkpt><trkpt lat="47.60864520" lon="19.14689090"><ele>136.39</ele><time>2025-10-20T13:48:36.668Z</time></trkpt><trkpt lat="47.60864520" lon="19.14689090"><ele>136.39</ele><time>2025-10-20T13:48:36.869Z</time></trkpt><trkpt lat="47.60864520" lon="19.14689090"><ele>136.39</ele><time>2025-10-20T13:48:37.070Z</time></trkpt><trkpt lat="47.60864520" lon="19.14689090"><ele>136.39</ele><time>2025-10-20T13:48:37.273Z</time></trkpt><trkpt lat="47.60864520" lon="19.14689090"><ele>136.39</ele><time>2025-10-20T13:48:37.474Z</time></trkpt><trkpt lat="47.60864530" lon="19.14689090"><ele>136.39</ele><time>2025-10-20T13:48:37.676Z</time></trkpt><trkpt lat="47.60864530" lon="19.14689090"><ele>136.39</ele><time>2025-10-20T13:48:37.876Z</time></trkpt><trkpt lat="47.60864530" lon="19.14689080"><ele>136.39</ele><time>2025-10-20T13:48:38.080Z</time></trkpt><trkpt lat="47.60864530" lon="19.14689080"><ele>136.39</ele><time>2025-10-20T13:48:38.262Z</time></trkpt><trkpt lat="47.60864530" lon="19.14689080"><ele>136.38</ele><time>2025-10-20T13:48:38.464Z</time></trkpt><trkpt lat="47.60864530" lon="19.14689070"><ele>136.38</ele><time>2025-10-20T13:48:38.665Z</time></trkpt><trkpt lat="47.60864530" lon="19.14689070"><ele>136.39</ele><time>2025-10-20T13:48:38.866Z</time></trkpt><trkpt lat="47.60864530" lon="19.14689070"><ele>136.39</ele><time>2025-10-20T13:48:39.067Z</time></trkpt><trkpt lat="47.60864530" lon="19.14689080"><ele>136.39</ele><time>2025-10-20T13:48:39.268Z</time></trkpt><trkpt lat="47.60864530" lon="19.14689080"><ele>136.40</ele><time>2025-10-20T13:48:39.469Z</time></trkpt><trkpt lat="47.60864530" lon="19.14689080"><ele>136.40</ele><time>2025-10-20T13:48:39.671Z</time></trkpt><trkpt lat="47.60864530" lon="19.14689070"><ele>136.41</ele><time>2025-10-20T13:48:39.873Z</time></trkpt><trkpt lat="47.60864530" lon="19.14689080"><ele>136.41</ele><time>2025-10-20T13:48:40.073Z</time></trkpt><trkpt lat="47.60864530" lon="19.14689080"><ele>136.41</ele><time>2025-10-20T13:48:40.275Z</time></trkpt><trkpt lat="47.60864530" lon="19.14689070"><ele>136.42</ele><time>2025-10-20T13:48:40.478Z</time></trkpt><trkpt lat="47.60864540" lon="19.14689070"><ele>136.42</ele><time>2025-10-20T13:48:40.679Z</time></trkpt><trkpt lat="47.60864530" lon="19.14689060"><ele>136.42</ele><time>2025-10-20T13:48:40.881Z</time></trkpt><trkpt lat="47.60864530" lon="19.14689060"><ele>136.43</ele><time>2025-10-20T13:48:41.083Z</time></trkpt><trkpt lat="47.60864540" lon="19.14689070"><ele>136.43</ele><time>2025-10-20T13:48:41.285Z</time></trkpt><trkpt lat="47.60864540" lon="19.14689070"><ele>136.42</ele><time>2025-10-20T13:48:41.486Z</time></trkpt><trkpt lat="47.60864540" lon="19.14689070"><ele>136.42</ele><time>2025-10-20T13:48:41.688Z</time></trkpt><trkpt lat="47.60864540" lon="19.14689070"><ele>136.42</ele><time>2025-10-20T13:48:41.889Z</time></trkpt><trkpt lat="47.60864540" lon="19.14689060"><ele>136.43</ele><time>2025-10-20T13:48:42.090Z</time></trkpt><trkpt lat="47.60864540" lon="19.14689060"><ele>136.43</ele><time>2025-10-20T13:48:42.293Z</time></trkpt><trkpt lat="47.60864540" lon="19.14689060"><ele>136.43</ele><time>2025-10-20T13:48:42.493Z</time></trkpt><trkpt lat="47.60864530" lon="19.14689060"><ele>136.42</ele><time>2025-10-20T13:48:42.674Z</time></trkpt><trkpt lat="47.60864530" lon="19.14689060"><ele>136.42</ele><time>2025-10-20T13:48:42.875Z</time></trkpt><trkpt lat="47.60864520" lon="19.14689060"><ele>136.42</ele><time>2025-10-20T13:48:43.076Z</time></trkpt><trkpt lat="47.60864510" lon="19.14689070"><ele>136.42</ele><time>2025-10-20T13:48:43.285Z</time></trkpt><trkpt lat="47.60864510" lon="19.14689070"><ele>136.42</ele><time>2025-10-20T13:48:43.486Z</time></trkpt><trkpt lat="47.60864510" lon="19.14689070"><ele>136.43</ele><time>2025-10-20T13:48:43.688Z</time></trkpt><trkpt lat="47.60864510" lon="19.14689070"><ele>136.43</ele><time>2025-10-20T13:48:43.888Z</time></trkpt><trkpt lat="47.60864510" lon="19.14689070"><ele>136.43</ele><time>2025-10-20T13:48:44.090Z</time></trkpt><trkpt lat="47.60864510" lon="19.14689070"><ele>136.42</ele><time>2025-10-20T13:48:44.292Z</time></trkpt><trkpt lat="47.60864500" lon="19.14689070"><ele>136.42</ele><time>2025-10-20T13:48:44.493Z</time></trkpt><trkpt lat="47.60864500" lon="19.14689070"><ele>136.42</ele><time>2025-10-20T13:48:44.693Z</time></trkpt><trkpt lat="47.60864500" lon="19.14689070"><ele>136.42</ele><time>2025-10-20T13:48:44.894Z</time></trkpt><trkpt lat="47.60864500" lon="19.14689070"><ele>136.42</ele><time>2025-10-20T13:48:45.074Z</time></trkpt><trkpt lat="47.60864500" lon="19.14689060"><ele>136.42</ele><time>2025-10-20T13:48:45.279Z</time></trkpt><trkpt lat="47.60864500" lon="19.14689060"><ele>136.42</ele><time>2025-10-20T13:48:45.484Z</time></trkpt><trkpt lat="47.60864500" lon="19.14689060"><ele>136.42</ele><time>2025-10-20T13:48:45.685Z</time></trkpt><trkpt lat="47.60864500" lon="19.14689070"><ele>136.42</ele><time>2025-10-20T13:48:45.885Z</time></trkpt><trkpt lat="47.60864500" lon="19.14689070"><ele>136.42</ele><time>2025-10-20T13:48:46.085Z</time></trkpt><trkpt lat="47.60864500" lon="19.14689070"><ele>136.42</ele><time>2025-10-20T13:48:46.289Z</time></trkpt><trkpt lat="47.60864500" lon="19.14689080"><ele>136.41</ele><time>2025-10-20T13:48:46.490Z</time></trkpt><trkpt lat="47.60864500" lon="19.14689080"><ele>136.41</ele><time>2025-10-20T13:48:46.690Z</time></trkpt><trkpt lat="47.60864500" lon="19.14689090"><ele>136.41</ele><time>2025-10-20T13:48:46.889Z</time></trkpt><trkpt lat="47.60864500" lon="19.14689090"><ele>136.41</ele><time>2025-10-20T13:48:47.089Z</time></trkpt><trkpt lat="47.60864500" lon="19.14689090"><ele>136.42</ele><time>2025-10-20T13:48:47.291Z</time></trkpt><trkpt lat="47.60864500" lon="19.14689100"><ele>136.42</ele><time>2025-10-20T13:48:47.492Z</time></trkpt><trkpt lat="47.60864500" lon="19.14689100"><ele>136.43</ele><time>2025-10-20T13:48:47.694Z</time></trkpt><trkpt lat="47.60864500" lon="19.14689100"><ele>136.43</ele><time>2025-10-20T13:48:47.894Z</time></trkpt><trkpt lat="47.60864500" lon="19.14689100"><ele>136.44</ele><time>2025-10-20T13:48:48.094Z</time></trkpt><trkpt lat="47.60864500" lon="19.14689090"><ele>136.44</ele><time>2025-10-20T13:48:48.297Z</time></trkpt><trkpt lat="47.60864490" lon="19.14689090"><ele>136.44</ele><time>2025-10-20T13:48:48.498Z</time></trkpt><trkpt lat="47.60864490" lon="19.14689090"><ele>136.44</ele><time>2025-10-20T13:48:48.699Z</time></trkpt><trkpt lat="47.60864490" lon="19.14689090"><ele>136.44</ele><time>2025-10-20T13:48:48.899Z</time></trkpt><trkpt lat="47.60864490" lon="19.14689090"><ele>136.45</ele><time>2025-10-20T13:48:49.099Z</time></trkpt><trkpt lat="47.60864500" lon="19.14689090"><ele>136.45</ele><time>2025-10-20T13:48:49.304Z</time></trkpt><trkpt lat="47.60864500" lon="19.14689090"><ele>136.44</ele><time>2025-10-20T13:48:49.485Z</time></trkpt><trkpt lat="47.60864500" lon="19.14689090"><ele>136.44</ele><time>2025-10-20T13:48:49.685Z</time></trkpt><trkpt lat="47.60864500" lon="19.14689080"><ele>136.44</ele><time>2025-10-20T13:48:49.885Z</time></trkpt><trkpt lat="47.60864500" lon="19.14689080"><ele>136.44</ele><time>2025-10-20T13:48:50.085Z</time></trkpt><trkpt lat="47.60864500" lon="19.14689080"><ele>136.44</ele><time>2025-10-20T13:48:50.289Z</time></trkpt><trkpt lat="47.60864500" lon="19.14689070"><ele>136.43</ele><time>2025-10-20T13:48:50.490Z</time></trkpt><trkpt lat="47.60864490" lon="19.14689070"><ele>136.43</ele><time>2025-10-20T13:48:50.692Z</time></trkpt><trkpt lat="47.60864500" lon="19.14689070"><ele>136.44</ele><time>2025-10-20T13:48:50.893Z</time></trkpt><trkpt lat="47.60864500" lon="19.14689060"><ele>136.44</ele><time>2025-10-20T13:48:51.093Z</time></trkpt><trkpt lat="47.60864500" lon="19.14689060"><ele>136.44</ele><time>2025-10-20T13:48:51.294Z</time></trkpt><trkpt lat="47.60864500" lon="19.14689060"><ele>136.44</ele><time>2025-10-20T13:48:51.494Z</time></trkpt><trkpt lat="47.60864510" lon="19.14689060"><ele>136.45</ele><time>2025-10-20T13:48:51.696Z</time></trkpt><trkpt lat="47.60864510" lon="19.14689060"><ele>136.45</ele><time>2025-10-20T13:48:51.897Z</time></trkpt><trkpt lat="47.60864510" lon="19.14689050"><ele>136.45</ele><time>2025-10-20T13:48:52.099Z</time></trkpt><trkpt lat="47.60864520" lon="19.14689050"><ele>136.45</ele><time>2025-10-20T13:48:52.301Z</time></trkpt><trkpt lat="47.60864520" lon="19.14689050"><ele>136.46</ele><time>2025-10-20T13:48:52.502Z</time></trkpt><trkpt lat="47.60864520" lon="19.14689060"><ele>136.45</ele><time>2025-10-20T13:48:52.704Z</time></trkpt><trkpt lat="47.60864520" lon="19.14689060"><ele>136.46</ele><time>2025-10-20T13:48:52.905Z</time></trkpt><trkpt lat="47.60864520" lon="19.14689060"><ele>136.46</ele><time>2025-10-20T13:48:53.105Z</time></trkpt><trkpt lat="47.60864520" lon="19.14689060"><ele>136.46</ele><time>2025-10-20T13:48:53.308Z</time></trkpt><trkpt lat="47.60864520" lon="19.14689060"><ele>136.46</ele><time>2025-10-20T13:48:53.509Z</time></trkpt><trkpt lat="47.60864520" lon="19.14689060"><ele>136.46</ele><time>2025-10-20T13:48:53.710Z</time></trkpt><trkpt lat="47.60864520" lon="19.14689060"><ele>136.46</ele><time>2025-10-20T13:48:53.910Z</time></trkpt><trkpt lat="47.60864520" lon="19.14689050"><ele>136.45</ele><time>2025-10-20T13:48:54.110Z</time></trkpt><trkpt lat="47.60864520" lon="19.14689050"><ele>136.45</ele><time>2025-10-20T13:48:54.313Z</time></trkpt><trkpt lat="47.60864520" lon="19.14689050"><ele>136.45</ele><time>2025-10-20T13:48:54.494Z</time></trkpt><trkpt lat="47.60864520" lon="19.14689050"><ele>136.45</ele><time>2025-10-20T13:48:54.698Z</time></trkpt><trkpt lat="47.60864510" lon="19.14689050"><ele>136.45</ele><time>2025-10-20T13:48:54.900Z</time></trkpt><trkpt lat="47.60864510" lon="19.14689040"><ele>136.45</ele><time>2025-10-20T13:48:55.101Z</time></trkpt><trkpt lat="47.60864510" lon="19.14689040"><ele>136.45</ele><time>2025-10-20T13:48:55.303Z</time></trkpt><trkpt lat="47.60864510" lon="19.14689040"><ele>136.45</ele><time>2025-10-20T13:48:55.524Z</time></trkpt><trkpt lat="47.60864510" lon="19.14689040"><ele>136.45</ele><time>2025-10-20T13:48:55.704Z</time></trkpt><trkpt lat="47.60864510" lon="19.14689040"><ele>136.45</ele><time>2025-10-20T13:48:55.906Z</time></trkpt><trkpt lat="47.60864510" lon="19.14689040"><ele>136.45</ele><time>2025-10-20T13:48:56.107Z</time></trkpt><trkpt lat="47.60864510" lon="19.14689040"><ele>136.46</ele><time>2025-10-20T13:48:56.308Z</time></trkpt><trkpt lat="47.60864510" lon="19.14689030"><ele>136.46</ele><time>2025-10-20T13:48:56.509Z</time></trkpt><trkpt lat="47.60864520" lon="19.14689030"><ele>136.46</ele><time>2025-10-20T13:48:56.709Z</time></trkpt><trkpt lat="47.60864530" lon="19.14689030"><ele>136.46</ele><time>2025-10-20T13:48:56.909Z</time></trkpt><trkpt lat="47.60864530" lon="19.14689020"><ele>136.47</ele><time>2025-10-20T13:48:57.129Z</time></trkpt><trkpt lat="47.60864530" lon="19.14689020"><ele>136.47</ele><time>2025-10-20T13:48:57.334Z</time></trkpt><trkpt lat="47.60864530" lon="19.14689020"><ele>136.47</ele><time>2025-10-20T13:48:57.534Z</time></trkpt><trkpt lat="47.60864540" lon="19.14689020"><ele>136.47</ele><time>2025-10-20T13:48:57.735Z</time></trkpt><trkpt lat="47.60864540" lon="19.14689010"><ele>136.47</ele><time>2025-10-20T13:48:57.917Z</time></trkpt><trkpt lat="47.60864550" lon="19.14689010"><ele>136.48</ele><time>2025-10-20T13:48:58.118Z</time></trkpt><trkpt lat="47.60864550" lon="19.14689010"><ele>136.48</ele><time>2025-10-20T13:48:58.318Z</time></trkpt><trkpt lat="47.60864560" lon="19.14689010"><ele>136.48</ele><time>2025-10-20T13:48:58.519Z</time></trkpt><trkpt lat="47.60864560" lon="19.14689010"><ele>136.48</ele><time>2025-10-20T13:48:58.719Z</time></trkpt><trkpt lat="47.60864560" lon="19.14689010"><ele>136.48</ele><time>2025-10-20T13:48:58.920Z</time></trkpt><trkpt lat="47.60864560" lon="19.14689020"><ele>136.49</ele><time>2025-10-20T13:48:59.120Z</time></trkpt><trkpt lat="47.60864560" lon="19.14689020"><ele>136.49</ele><time>2025-10-20T13:48:59.345Z</time></trkpt><trkpt lat="47.60864560" lon="19.14689020"><ele>136.49</ele><time>2025-10-20T13:48:59.545Z</time></trkpt><trkpt lat="47.60864550" lon="19.14689020"><ele>136.49</ele><time>2025-10-20T13:48:59.727Z</time></trkpt><trkpt lat="47.60864550" lon="19.14689020"><ele>136.49</ele><time>2025-10-20T13:48:59.927Z</time></trkpt><trkpt lat="47.60864550" lon="19.14689020"><ele>136.49</ele><time>2025-10-20T13:49:00.127Z</time></trkpt><trkpt lat="47.60864550" lon="19.14689010"><ele>136.49</ele><time>2025-10-20T13:49:00.348Z</time></trkpt><trkpt lat="47.60864540" lon="19.14689010"><ele>136.49</ele><time>2025-10-20T13:49:00.548Z</time></trkpt><trkpt lat="47.60864540" lon="19.14689010"><ele>136.50</ele><time>2025-10-20T13:49:00.748Z</time></trkpt><trkpt lat="47.60864530" lon="19.14689010"><ele>136.50</ele><time>2025-10-20T13:49:00.948Z</time></trkpt><trkpt lat="47.60864530" lon="19.14689000"><ele>136.51</ele><time>2025-10-20T13:49:01.148Z</time></trkpt><trkpt lat="47.60864520" lon="19.14689000"><ele>136.51</ele><time>2025-10-20T13:49:01.350Z</time></trkpt><trkpt lat="47.60864520" lon="19.14688990"><ele>136.52</ele><time>2025-10-20T13:49:01.550Z</time></trkpt><trkpt lat="47.60864520" lon="19.14688990"><ele>136.52</ele><time>2025-10-20T13:49:01.751Z</time></trkpt><trkpt lat="47.60864510" lon="19.14688990"><ele>136.52</ele><time>2025-10-20T13:49:01.951Z</time></trkpt><trkpt lat="47.60864510" lon="19.14688990"><ele>136.52</ele><time>2025-10-20T13:49:02.132Z</time></trkpt><trkpt lat="47.60864510" lon="19.14688980"><ele>136.53</ele><time>2025-10-20T13:49:02.352Z</time></trkpt><trkpt lat="47.60864510" lon="19.14688980"><ele>136.53</ele><time>2025-10-20T13:49:02.533Z</time></trkpt><trkpt lat="47.60864510" lon="19.14688980"><ele>136.53</ele><time>2025-10-20T13:49:02.733Z</time></trkpt><trkpt lat="47.60864510" lon="19.14688980"><ele>136.53</ele><time>2025-10-20T13:49:02.933Z</time></trkpt><trkpt lat="47.60864510" lon="19.14688980"><ele>136.53</ele><time>2025-10-20T13:49:03.134Z</time></trkpt><trkpt lat="47.60864510" lon="19.14688970"><ele>136.53</ele><time>2025-10-20T13:49:03.338Z</time></trkpt><trkpt lat="47.60864510" lon="19.14688970"><ele>136.53</ele><time>2025-10-20T13:49:03.538Z</time></trkpt><trkpt lat="47.60864510" lon="19.14688970"><ele>136.53</ele><time>2025-10-20T13:49:03.739Z</time></trkpt><trkpt lat="47.60864510" lon="19.14688980"><ele>136.52</ele><time>2025-10-20T13:49:03.940Z</time></trkpt><trkpt lat="47.60864520" lon="19.14688980"><ele>136.52</ele><time>2025-10-20T13:49:04.141Z</time></trkpt><trkpt lat="47.60864520" lon="19.14688980"><ele>136.51</ele><time>2025-10-20T13:49:04.343Z</time></trkpt><trkpt lat="47.60864520" lon="19.14688980"><ele>136.51</ele><time>2025-10-20T13:49:04.544Z</time></trkpt><trkpt lat="47.60864520" lon="19.14688990"><ele>136.51</ele><time>2025-10-20T13:49:04.745Z</time></trkpt><trkpt lat="47.60864520" lon="19.14688990"><ele>136.51</ele><time>2025-10-20T13:49:04.945Z</time></trkpt><trkpt lat="47.60864510" lon="19.14688990"><ele>136.51</ele><time>2025-10-20T13:49:05.146Z</time></trkpt><trkpt lat="47.60864510" lon="19.14688980"><ele>136.50</ele><time>2025-10-20T13:49:05.346Z</time></trkpt><trkpt lat="47.60864510" lon="19.14688980"><ele>136.50</ele><time>2025-10-20T13:49:05.548Z</time></trkpt><trkpt lat="47.60864500" lon="19.14688980"><ele>136.50</ele><time>2025-10-20T13:49:05.747Z</time></trkpt><trkpt lat="47.60864500" lon="19.14688980"><ele>136.51</ele><time>2025-10-20T13:49:05.947Z</time></trkpt><trkpt lat="47.60864510" lon="19.14688990"><ele>136.51</ele><time>2025-10-20T13:49:06.147Z</time></trkpt><trkpt lat="47.60864510" lon="19.14688990"><ele>136.51</ele><time>2025-10-20T13:49:06.350Z</time></trkpt><trkpt lat="47.60864510" lon="19.14688990"><ele>136.51</ele><time>2025-10-20T13:49:06.570Z</time></trkpt><trkpt lat="47.60864510" lon="19.14688990"><ele>136.51</ele><time>2025-10-20T13:49:06.772Z</time></trkpt><trkpt lat="47.60864510" lon="19.14688990"><ele>136.50</ele><time>2025-10-20T13:49:06.972Z</time></trkpt><trkpt lat="47.60864510" lon="19.14688990"><ele>136.51</ele><time>2025-10-20T13:49:07.154Z</time></trkpt><trkpt lat="47.60864520" lon="19.14688990"><ele>136.51</ele><time>2025-10-20T13:49:07.375Z</time></trkpt><trkpt lat="47.60864520" lon="19.14688990"><ele>136.51</ele><time>2025-10-20T13:49:07.576Z</time></trkpt><trkpt lat="47.60864530" lon="19.14688990"><ele>136.51</ele><time>2025-10-20T13:49:07.756Z</time></trkpt><trkpt lat="47.60864530" lon="19.14688990"><ele>136.51</ele><time>2025-10-20T13:49:07.958Z</time></trkpt><trkpt lat="47.60864530" lon="19.14688990"><ele>136.51</ele><time>2025-10-20T13:49:08.159Z</time></trkpt><trkpt lat="47.60864530" lon="19.14688990"><ele>136.51</ele><time>2025-10-20T13:49:08.360Z</time></trkpt><trkpt lat="47.60864530" lon="19.14689000"><ele>136.51</ele><time>2025-10-20T13:49:08.561Z</time></trkpt><trkpt lat="47.60864530" lon="19.14689000"><ele>136.51</ele><time>2025-10-20T13:49:08.761Z</time></trkpt><trkpt lat="47.60864540" lon="19.14689000"><ele>136.51</ele><time>2025-10-20T13:49:08.962Z</time></trkpt><trkpt lat="47.60864540" lon="19.14689000"><ele>136.51</ele><time>2025-10-20T13:49:09.164Z</time></trkpt><trkpt lat="47.60864540" lon="19.14689000"><ele>136.51</ele><time>2025-10-20T13:49:09.385Z</time></trkpt><trkpt lat="47.60864540" lon="19.14689010"><ele>136.51</ele><time>2025-10-20T13:49:09.567Z</time></trkpt><trkpt lat="47.60864540" lon="19.14689010"><ele>136.51</ele><time>2025-10-20T13:49:09.768Z</time></trkpt><trkpt lat="47.60864540" lon="19.14689010"><ele>136.51</ele><time>2025-10-20T13:49:09.969Z</time></trkpt><trkpt lat="47.60864540" lon="19.14689010"><ele>136.51</ele><time>2025-10-20T13:49:10.169Z</time></trkpt><trkpt lat="47.60864540" lon="19.14689000"><ele>136.51</ele><time>2025-10-20T13:49:10.371Z</time></trkpt><trkpt lat="47.60864540" lon="19.14689000"><ele>136.51</ele><time>2025-10-20T13:49:10.572Z</time></trkpt><trkpt lat="47.60864530" lon="19.14689000"><ele>136.51</ele><time>2025-10-20T13:49:10.771Z</time></trkpt><trkpt lat="47.60864530" lon="19.14689000"><ele>136.51</ele><time>2025-10-20T13:49:10.971Z</time></trkpt><trkpt lat="47.60864540" lon="19.14689010"><ele>136.52</ele><time>2025-10-20T13:49:11.191Z</time></trkpt><trkpt lat="47.60864540" lon="19.14689010"><ele>136.53</ele><time>2025-10-20T13:49:11.375Z</time></trkpt><trkpt lat="47.60864530" lon="19.14689010"><ele>136.53</ele><time>2025-10-20T13:49:11.575Z</time></trkpt><trkpt lat="47.60864530" lon="19.14689010"><ele>136.53</ele><time>2025-10-20T13:49:11.777Z</time></trkpt><trkpt lat="47.60864530" lon="19.14689010"><ele>136.53</ele><time>2025-10-20T13:49:11.977Z</time></trkpt><trkpt lat="47.60864520" lon="19.14689010"><ele>136.53</ele><time>2025-10-20T13:49:12.178Z</time></trkpt><trkpt lat="47.60864520" lon="19.14689010"><ele>136.53</ele><time>2025-10-20T13:49:12.379Z</time></trkpt><trkpt lat="47.60864520" lon="19.14689010"><ele>136.53</ele><time>2025-10-20T13:49:12.579Z</time></trkpt><trkpt lat="47.60864520" lon="19.14689020"><ele>136.53</ele><time>2025-10-20T13:49:12.780Z</time></trkpt><trkpt lat="47.60864520" lon="19.14689020"><ele>136.53</ele><time>2025-10-20T13:49:12.981Z</time></trkpt><trkpt lat="47.60864520" lon="19.14689020"><ele>136.53</ele><time>2025-10-20T13:49:13.182Z</time></trkpt><trkpt lat="47.60864520" lon="19.14689020"><ele>136.53</ele><time>2025-10-20T13:49:13.383Z</time></trkpt><trkpt lat="47.60864520" lon="19.14689020"><ele>136.53</ele><time>2025-10-20T13:49:13.583Z</time></trkpt><trkpt lat="47.60864520" lon="19.14689020"><ele>136.53</ele><time>2025-10-20T13:49:13.784Z</time></trkpt><trkpt lat="47.60864510" lon="19.14689020"><ele>136.53</ele><time>2025-10-20T13:49:13.986Z</time></trkpt><trkpt lat="47.60864510" lon="19.14689020"><ele>136.53</ele><time>2025-10-20T13:49:14.187Z</time></trkpt><trkpt lat="47.60864510" lon="19.14689010"><ele>136.53</ele><time>2025-10-20T13:49:14.388Z</time></trkpt><trkpt lat="47.60864510" lon="19.14689010"><ele>136.53</ele><time>2025-10-20T13:49:14.588Z</time></trkpt><trkpt lat="47.60864510" lon="19.14689010"><ele>136.52</ele><time>2025-10-20T13:49:14.789Z</time></trkpt><trkpt lat="47.60864510" lon="19.14689010"><ele>136.52</ele><time>2025-10-20T13:49:14.989Z</time></trkpt><trkpt lat="47.60864510" lon="19.14689010"><ele>136.52</ele><time>2025-10-20T13:49:15.191Z</time></trkpt><trkpt lat="47.60864510" lon="19.14689010"><ele>136.52</ele><time>2025-10-20T13:49:15.393Z</time></trkpt><trkpt lat="47.60864510" lon="19.14689000"><ele>136.52</ele><time>2025-10-20T13:49:15.596Z</time></trkpt><trkpt lat="47.60864510" lon="19.14689010"><ele>136.52</ele><time>2025-10-20T13:49:15.796Z</time></trkpt><trkpt lat="47.60864510" lon="19.14689010"><ele>136.53</ele><time>2025-10-20T13:49:15.997Z</time></trkpt><trkpt lat="47.60864510" lon="19.14689010"><ele>136.53</ele><time>2025-10-20T13:49:16.199Z</time></trkpt><trkpt lat="47.60864510" lon="19.14689010"><ele>136.53</ele><time>2025-10-20T13:49:16.403Z</time></trkpt><trkpt lat="47.60864510" lon="19.14689010"><ele>136.53</ele><time>2025-10-20T13:49:16.606Z</time></trkpt><trkpt lat="47.60864510" lon="19.14689010"><ele>136.53</ele><time>2025-10-20T13:49:16.806Z</time></trkpt><trkpt lat="47.60864510" lon="19.14689010"><ele>136.53</ele><time>2025-10-20T13:49:17.006Z</time></trkpt><trkpt lat="47.60864510" lon="19.14689020"><ele>136.53</ele><time>2025-10-20T13:49:17.207Z</time></trkpt><trkpt lat="47.60864510" lon="19.14689020"><ele>136.53</ele><time>2025-10-20T13:49:17.409Z</time></trkpt><trkpt lat="47.60864510" lon="19.14689020"><ele>136.53</ele><time>2025-10-20T13:49:17.609Z</time></trkpt><trkpt lat="47.60864500" lon="19.14689020"><ele>136.53</ele><time>2025-10-20T13:49:17.810Z</time></trkpt><trkpt lat="47.60864500" lon="19.14689020"><ele>136.53</ele><time>2025-10-20T13:49:18.011Z</time></trkpt><trkpt lat="47.60864500" lon="19.14689020"><ele>136.53</ele><time>2025-10-20T13:49:18.211Z</time></trkpt><trkpt lat="47.60864500" lon="19.14689030"><ele>136.53</ele><time>2025-10-20T13:49:18.413Z</time></trkpt><trkpt lat="47.60864500" lon="19.14689030"><ele>136.52</ele><time>2025-10-20T13:49:18.612Z</time></trkpt><trkpt lat="47.60864500" lon="19.14689030"><ele>136.52</ele><time>2025-10-20T13:49:18.813Z</time></trkpt><trkpt lat="47.60864500" lon="19.14689030"><ele>136.52</ele><time>2025-10-20T13:49:19.013Z</time></trkpt><trkpt lat="47.60864500" lon="19.14689030"><ele>136.52</ele><time>2025-10-20T13:49:19.213Z</time></trkpt><trkpt lat="47.60864500" lon="19.14689030"><ele>136.52</ele><time>2025-10-20T13:49:19.414Z</time></trkpt><trkpt lat="47.60864510" lon="19.14689030"><ele>136.52</ele><time>2025-10-20T13:49:19.615Z</time></trkpt><trkpt lat="47.60864510" lon="19.14689030"><ele>136.52</ele><time>2025-10-20T13:49:19.816Z</time></trkpt><trkpt lat="47.60864510" lon="19.14689020"><ele>136.52</ele><time>2025-10-20T13:49:20.016Z</time></trkpt><trkpt lat="47.60864510" lon="19.14689030"><ele>136.52</ele><time>2025-10-20T13:49:20.216Z</time></trkpt><trkpt lat="47.60864520" lon="19.14689030"><ele>136.52</ele><time>2025-10-20T13:49:20.420Z</time></trkpt><trkpt lat="47.60864520" lon="19.14689020"><ele>136.52</ele><time>2025-10-20T13:49:20.621Z</time></trkpt><trkpt lat="47.60864510" lon="19.14689020"><ele>136.53</ele><time>2025-10-20T13:49:20.822Z</time></trkpt><trkpt lat="47.60864520" lon="19.14689020"><ele>136.53</ele><time>2025-10-20T13:49:21.022Z</time></trkpt><trkpt lat="47.60864520" lon="19.14689020"><ele>136.53</ele><time>2025-10-20T13:49:21.222Z</time></trkpt><trkpt lat="47.60864520" lon="19.14689020"><ele>136.54</ele><time>2025-10-20T13:49:21.405Z</time></trkpt><trkpt lat="47.60864510" lon="19.14689020"><ele>136.54</ele><time>2025-10-20T13:49:21.605Z</time></trkpt><trkpt lat="47.60864510" lon="19.14689020"><ele>136.54</ele><time>2025-10-20T13:49:21.805Z</time></trkpt><trkpt lat="47.60864510" lon="19.14689030"><ele>136.54</ele><time>2025-10-20T13:49:22.006Z</time></trkpt><trkpt lat="47.60864510" lon="19.14689030"><ele>136.55</ele><time>2025-10-20T13:49:22.206Z</time></trkpt><trkpt lat="47.60864510" lon="19.14689040"><ele>136.55</ele><time>2025-10-20T13:49:22.408Z</time></trkpt><trkpt lat="47.60864500" lon="19.14689040"><ele>136.55</ele><time>2025-10-20T13:49:22.608Z</time></trkpt><trkpt lat="47.60864500" lon="19.14689040"><ele>136.55</ele><time>2025-10-20T13:49:22.809Z</time></trkpt><trkpt lat="47.60864500" lon="19.14689040"><ele>136.55</ele><time>2025-10-20T13:49:23.010Z</time></trkpt><trkpt lat="47.60864500" lon="19.14689040"><ele>136.56</ele><time>2025-10-20T13:49:23.213Z</time></trkpt><trkpt lat="47.60864510" lon="19.14689040"><ele>136.57</ele><time>2025-10-20T13:49:23.414Z</time></trkpt><trkpt lat="47.60864510" lon="19.14689040"><ele>136.57</ele><time>2025-10-20T13:49:23.614Z</time></trkpt><trkpt lat="47.60864510" lon="19.14689050"><ele>136.57</ele><time>2025-10-20T13:49:23.814Z</time></trkpt><trkpt lat="47.60864510" lon="19.14689050"><ele>136.57</ele><time>2025-10-20T13:49:24.014Z</time></trkpt><trkpt lat="47.60864510" lon="19.14689050"><ele>136.57</ele><time>2025-10-20T13:49:24.214Z</time></trkpt><trkpt lat="47.60864510" lon="19.14689050"><ele>136.58</ele><time>2025-10-20T13:49:24.416Z</time></trkpt><trkpt lat="47.60864510" lon="19.14689050"><ele>136.58</ele><time>2025-10-20T13:49:24.617Z</time></trkpt><trkpt lat="47.60864510" lon="19.14689050"><ele>136.58</ele><time>2025-10-20T13:49:24.816Z</time></trkpt><trkpt lat="47.60864510" lon="19.14689060"><ele>136.58</ele><time>2025-10-20T13:49:25.017Z</time></trkpt><trkpt lat="47.60864510" lon="19.14689060"><ele>136.58</ele><time>2025-10-20T13:49:25.217Z</time></trkpt><trkpt lat="47.60864500" lon="19.14689060"><ele>136.58</ele><time>2025-10-20T13:49:25.419Z</time></trkpt><trkpt lat="47.60864500" lon="19.14689060"><ele>136.58</ele><time>2025-10-20T13:49:25.619Z</time></trkpt><trkpt lat="47.60864500" lon="19.14689060"><ele>136.58</ele><time>2025-10-20T13:49:25.820Z</time></trkpt><trkpt lat="47.60864500" lon="19.14689060"><ele>136.59</ele><time>2025-10-20T13:49:26.020Z</time></trkpt><trkpt lat="47.60864500" lon="19.14689060"><ele>136.58</ele><time>2025-10-20T13:49:26.222Z</time></trkpt><trkpt lat="47.60864500" lon="19.14689060"><ele>136.58</ele><time>2025-10-20T13:49:26.423Z</time></trkpt><trkpt lat="47.60864500" lon="19.14689060"><ele>136.58</ele><time>2025-10-20T13:49:26.625Z</time></trkpt><trkpt lat="47.60864500" lon="19.14689050"><ele>136.58</ele><time>2025-10-20T13:49:26.825Z</time></trkpt><trkpt lat="47.60864500" lon="19.14689050"><ele>136.58</ele><time>2025-10-20T13:49:27.025Z</time></trkpt><trkpt lat="47.60864490" lon="19.14689050"><ele>136.57</ele><time>2025-10-20T13:49:27.225Z</time></trkpt><trkpt lat="47.60864490" lon="19.14689040"><ele>136.57</ele><time>2025-10-20T13:49:27.426Z</time></trkpt><trkpt lat="47.60864490" lon="19.14689040"><ele>136.58</ele><time>2025-10-20T13:49:27.627Z</time></trkpt><trkpt lat="47.60864490" lon="19.14689030"><ele>136.58</ele><time>2025-10-20T13:49:27.827Z</time></trkpt><trkpt lat="47.60864490" lon="19.14689030"><ele>136.58</ele><time>2025-10-20T13:49:28.028Z</time></trkpt><trkpt lat="47.60864490" lon="19.14689030"><ele>136.58</ele><time>2025-10-20T13:49:28.229Z</time></trkpt><trkpt lat="47.60864490" lon="19.14689030"><ele>136.57</ele><time>2025-10-20T13:49:28.434Z</time></trkpt><trkpt lat="47.60864490" lon="19.14689030"><ele>136.57</ele><time>2025-10-20T13:49:28.635Z</time></trkpt><trkpt lat="47.60864490" lon="19.14689030"><ele>136.57</ele><time>2025-10-20T13:49:28.836Z</time></trkpt><trkpt lat="47.60864490" lon="19.14689030"><ele>136.57</ele><time>2025-10-20T13:49:29.036Z</time></trkpt><trkpt lat="47.60864490" lon="19.14689030"><ele>136.57</ele><time>2025-10-20T13:49:29.217Z</time></trkpt><trkpt lat="47.60864490" lon="19.14689030"><ele>136.57</ele><time>2025-10-20T13:49:29.421Z</time></trkpt><trkpt lat="47.60864490" lon="19.14689030"><ele>136.57</ele><time>2025-10-20T13:49:29.623Z</time></trkpt><trkpt lat="47.60864490" lon="19.14689020"><ele>136.57</ele><time>2025-10-20T13:49:29.823Z</time></trkpt><trkpt lat="47.60864500" lon="19.14689020"><ele>136.57</ele><time>2025-10-20T13:49:30.023Z</time></trkpt><trkpt lat="47.60864500" lon="19.14689020"><ele>136.57</ele><time>2025-10-20T13:49:30.226Z</time></trkpt><trkpt lat="47.60864510" lon="19.14689020"><ele>136.57</ele><time>2025-10-20T13:49:30.429Z</time></trkpt><trkpt lat="47.60864510" lon="19.14689020"><ele>136.57</ele><time>2025-10-20T13:49:30.630Z</time></trkpt><trkpt lat="47.60864520" lon="19.14689010"><ele>136.57</ele><time>2025-10-20T13:49:30.830Z</time></trkpt><trkpt lat="47.60864520" lon="19.14689010"><ele>136.58</ele><time>2025-10-20T13:49:31.032Z</time></trkpt><trkpt lat="47.60864530" lon="19.14689010"><ele>136.58</ele><time>2025-10-20T13:49:31.233Z</time></trkpt><trkpt lat="47.60864530" lon="19.14689010"><ele>136.58</ele><time>2025-10-20T13:49:31.434Z</time></trkpt><trkpt lat="47.60864530" lon="19.14689010"><ele>136.58</ele><time>2025-10-20T13:49:31.635Z</time></trkpt><trkpt lat="47.60864530" lon="19.14689010"><ele>136.58</ele><time>2025-10-20T13:49:31.835Z</time></trkpt><trkpt lat="47.60864520" lon="19.14689010"><ele>136.58</ele><time>2025-10-20T13:49:32.035Z</time></trkpt><trkpt lat="47.60864520" lon="19.14689010"><ele>136.59</ele><time>2025-10-20T13:49:32.216Z</time></trkpt><trkpt lat="47.60864520" lon="19.14689010"><ele>136.59</ele><time>2025-10-20T13:49:32.419Z</time></trkpt><trkpt lat="47.60864520" lon="19.14689010"><ele>136.59</ele><time>2025-10-20T13:49:32.621Z</time></trkpt><trkpt lat="47.60864520" lon="19.14689010"><ele>136.59</ele><time>2025-10-20T13:49:32.821Z</time></trkpt><trkpt lat="47.60864520" lon="19.14689000"><ele>136.59</ele><time>2025-10-20T13:49:33.021Z</time></trkpt><trkpt lat="47.60864510" lon="19.14689000"><ele>136.59</ele><time>2025-10-20T13:49:33.222Z</time></trkpt><trkpt lat="47.60864510" lon="19.14688990"><ele>136.59</ele><time>2025-10-20T13:49:33.424Z</time></trkpt><trkpt lat="47.60864510" lon="19.14688990"><ele>136.59</ele><time>2025-10-20T13:49:33.623Z</time></trkpt><trkpt lat="47.60864510" lon="19.14688990"><ele>136.59</ele><time>2025-10-20T13:49:33.825Z</time></trkpt><trkpt lat="47.60864500" lon="19.14688990"><ele>136.59</ele><time>2025-10-20T13:49:34.026Z</time></trkpt><trkpt lat="47.60864500" lon="19.14688990"><ele>136.59</ele><time>2025-10-20T13:49:34.226Z</time></trkpt><trkpt lat="47.60864500" lon="19.14688990"><ele>136.59</ele><time>2025-10-20T13:49:34.426Z</time></trkpt><trkpt lat="47.60864500" lon="19.14689000"><ele>136.59</ele><time>2025-10-20T13:49:34.627Z</time></trkpt><trkpt lat="47.60864500" lon="19.14689000"><ele>136.59</ele><time>2025-10-20T13:49:34.827Z</time></trkpt><trkpt lat="47.60864500" lon="19.14689000"><ele>136.59</ele><time>2025-10-20T13:49:35.026Z</time></trkpt><trkpt lat="47.60864500" lon="19.14689010"><ele>136.59</ele><time>2025-10-20T13:49:35.226Z</time></trkpt><trkpt lat="47.60864500" lon="19.14689010"><ele>136.60</ele><time>2025-10-20T13:49:35.427Z</time></trkpt><trkpt lat="47.60864490" lon="19.14689010"><ele>136.60</ele><time>2025-10-20T13:49:35.628Z</time></trkpt><trkpt lat="47.60864490" lon="19.14689010"><ele>136.60</ele><time>2025-10-20T13:49:35.828Z</time></trkpt><trkpt lat="47.60864490" lon="19.14689010"><ele>136.60</ele><time>2025-10-20T13:49:36.030Z</time></trkpt><trkpt lat="47.60864490" lon="19.14689010"><ele>136.61</ele><time>2025-10-20T13:49:36.232Z</time></trkpt><trkpt lat="47.60864490" lon="19.14689010"><ele>136.60</ele><time>2025-10-20T13:49:36.434Z</time></trkpt><trkpt lat="47.60864500" lon="19.14689000"><ele>136.60</ele><time>2025-10-20T13:49:36.635Z</time></trkpt><trkpt lat="47.60864500" lon="19.14689000"><ele>136.60</ele><time>2025-10-20T13:49:36.835Z</time></trkpt><trkpt lat="47.60864500" lon="19.14689000"><ele>136.60</ele><time>2025-10-20T13:49:37.035Z</time></trkpt><trkpt lat="47.60864500" lon="19.14688990"><ele>136.59</ele><time>2025-10-20T13:49:37.235Z</time></trkpt><trkpt lat="47.60864500" lon="19.14688990"><ele>136.58</ele><time>2025-10-20T13:49:37.437Z</time></trkpt><trkpt lat="47.60864500" lon="19.14688990"><ele>136.58</ele><time>2025-10-20T13:49:37.637Z</time></trkpt><trkpt lat="47.60864500" lon="19.14688990"><ele>136.57</ele><time>2025-10-20T13:49:37.837Z</time></trkpt><trkpt lat="47.60864500" lon="19.14688990"><ele>136.57</ele><time>2025-10-20T13:49:38.038Z</time></trkpt><trkpt lat="47.60864500" lon="19.14688990"><ele>136.57</ele><time>2025-10-20T13:49:38.239Z</time></trkpt><trkpt lat="47.60864500" lon="19.14689000"><ele>136.57</ele><time>2025-10-20T13:49:38.441Z</time></trkpt><trkpt lat="47.60864510" lon="19.14689000"><ele>136.57</ele><time>2025-10-20T13:49:38.641Z</time></trkpt><trkpt lat="47.60864510" lon="19.14688990"><ele>136.57</ele><time>2025-10-20T13:49:38.843Z</time></trkpt><trkpt lat="47.60864510" lon="19.14688990"><ele>136.57</ele><time>2025-10-20T13:49:39.043Z</time></trkpt><trkpt lat="47.60864520" lon="19.14688990"><ele>136.57</ele><time>2025-10-20T13:49:39.243Z</time></trkpt><trkpt lat="47.60864520" lon="19.14688990"><ele>136.57</ele><time>2025-10-20T13:49:39.446Z</time></trkpt><trkpt lat="47.60864510" lon="19.14688990"><ele>136.57</ele><time>2025-10-20T13:49:39.646Z</time></trkpt><trkpt lat="47.60864510" lon="19.14688990"><ele>136.57</ele><time>2025-10-20T13:49:39.847Z</time></trkpt><trkpt lat="47.60864510" lon="19.14688990"><ele>136.57</ele><time>2025-10-20T13:49:40.047Z</time></trkpt><trkpt lat="47.60864510" lon="19.14688980"><ele>136.58</ele><time>2025-10-20T13:49:40.247Z</time></trkpt><trkpt lat="47.60864520" lon="19.14688980"><ele>136.58</ele><time>2025-10-20T13:49:40.452Z</time></trkpt><trkpt lat="47.60864520" lon="19.14688980"><ele>136.58</ele><time>2025-10-20T13:49:40.652Z</time></trkpt><trkpt lat="47.60864520" lon="19.14688990"><ele>136.59</ele><time>2025-10-20T13:49:40.853Z</time></trkpt><trkpt lat="47.60864520" lon="19.14688990"><ele>136.59</ele><time>2025-10-20T13:49:41.053Z</time></trkpt><trkpt lat="47.60864520" lon="19.14688990"><ele>136.59</ele><time>2025-10-20T13:49:41.254Z</time></trkpt><trkpt lat="47.60864520" lon="19.14688990"><ele>136.59</ele><time>2025-10-20T13:49:41.474Z</time></trkpt><trkpt lat="47.60864530" lon="19.14688990"><ele>136.59</ele><time>2025-10-20T13:49:41.654Z</time></trkpt><trkpt lat="47.60864530" lon="19.14688990"><ele>136.59</ele><time>2025-10-20T13:49:41.854Z</time></trkpt><trkpt lat="47.60864530" lon="19.14688990"><ele>136.59</ele><time>2025-10-20T13:49:42.056Z</time></trkpt><trkpt lat="47.60864530" lon="19.14688990"><ele>136.60</ele><time>2025-10-20T13:49:42.256Z</time></trkpt><trkpt lat="47.60864530" lon="19.14688990"><ele>136.60</ele><time>2025-10-20T13:49:42.459Z</time></trkpt><trkpt lat="47.60864530" lon="19.14688990"><ele>136.60</ele><time>2025-10-20T13:49:42.659Z</time></trkpt><trkpt lat="47.60864530" lon="19.14688990"><ele>136.60</ele><time>2025-10-20T13:49:42.860Z</time></trkpt><trkpt lat="47.60864520" lon="19.14688990"><ele>136.61</ele><time>2025-10-20T13:49:43.059Z</time></trkpt><trkpt lat="47.60864520" lon="19.14688980"><ele>136.61</ele><time>2025-10-20T13:49:43.261Z</time></trkpt><trkpt lat="47.60864520" lon="19.14688980"><ele>136.61</ele><time>2025-10-20T13:49:43.463Z</time></trkpt><trkpt lat="47.60864520" lon="19.14688980"><ele>136.61</ele><time>2025-10-20T13:49:43.664Z</time></trkpt><trkpt lat="47.60864520" lon="19.14688980"><ele>136.61</ele><time>2025-10-20T13:49:43.844Z</time></trkpt><trkpt lat="47.60864520" lon="19.14688990"><ele>136.60</ele><time>2025-10-20T13:49:44.064Z</time></trkpt><trkpt lat="47.60864530" lon="19.14688990"><ele>136.60</ele><time>2025-10-20T13:49:44.267Z</time></trkpt><trkpt lat="47.60864530" lon="19.14688990"><ele>136.60</ele><time>2025-10-20T13:49:44.468Z</time></trkpt><trkpt lat="47.60864530" lon="19.14688990"><ele>136.60</ele><time>2025-10-20T13:49:44.668Z</time></trkpt><trkpt lat="47.60864540" lon="19.14688980"><ele>136.60</ele><time>2025-10-20T13:49:44.869Z</time></trkpt><trkpt lat="47.60864550" lon="19.14688980"><ele>136.60</ele><time>2025-10-20T13:49:45.071Z</time></trkpt><trkpt lat="47.60864550" lon="19.14688980"><ele>136.60</ele><time>2025-10-20T13:49:45.272Z</time></trkpt><trkpt lat="47.60864550" lon="19.14688980"><ele>136.60</ele><time>2025-10-20T13:49:45.474Z</time></trkpt><trkpt lat="47.60864550" lon="19.14688980"><ele>136.60</ele><time>2025-10-20T13:49:45.675Z</time></trkpt><trkpt lat="47.60864550" lon="19.14688980"><ele>136.61</ele><time>2025-10-20T13:49:45.875Z</time></trkpt><trkpt lat="47.60864550" lon="19.14688980"><ele>136.61</ele><time>2025-10-20T13:49:46.076Z</time></trkpt><trkpt lat="47.60864550" lon="19.14688980"><ele>136.61</ele><time>2025-10-20T13:49:46.276Z</time></trkpt><trkpt lat="47.60864550" lon="19.14688980"><ele>136.61</ele><time>2025-10-20T13:49:46.478Z</time></trkpt><trkpt lat="47.60864550" lon="19.14688980"><ele>136.60</ele><time>2025-10-20T13:49:46.679Z</time></trkpt><trkpt lat="47.60864550" lon="19.14688980"><ele>136.61</ele><time>2025-10-20T13:49:46.879Z</time></trkpt><trkpt lat="47.60864540" lon="19.14688980"><ele>136.61</ele><time>2025-10-20T13:49:47.079Z</time></trkpt><trkpt lat="47.60864540" lon="19.14688980"><ele>136.61</ele><time>2025-10-20T13:49:47.281Z</time></trkpt><trkpt lat="47.60864540" lon="19.14688980"><ele>136.61</ele><time>2025-10-20T13:49:47.482Z</time></trkpt><trkpt lat="47.60864540" lon="19.14688980"><ele>136.61</ele><time>2025-10-20T13:49:47.682Z</time></trkpt><trkpt lat="47.60864540" lon="19.14688980"><ele>136.62</ele><time>2025-10-20T13:49:47.883Z</time></trkpt><trkpt lat="47.60864540" lon="19.14688980"><ele>136.61</ele><time>2025-10-20T13:49:48.083Z</time></trkpt><trkpt lat="47.60864540" lon="19.14688980"><ele>136.61</ele><time>2025-10-20T13:49:48.285Z</time></trkpt><trkpt lat="47.60864540" lon="19.14688980"><ele>136.61</ele><time>2025-10-20T13:49:48.486Z</time></trkpt><trkpt lat="47.60864540" lon="19.14688970"><ele>136.61</ele><time>2025-10-20T13:49:48.667Z</time></trkpt><trkpt lat="47.60864540" lon="19.14688970"><ele>136.60</ele><time>2025-10-20T13:49:48.867Z</time></trkpt><trkpt lat="47.60864540" lon="19.14688960"><ele>136.60</ele><time>2025-10-20T13:49:49.067Z</time></trkpt><trkpt lat="47.60864530" lon="19.14688960"><ele>136.60</ele><time>2025-10-20T13:49:49.267Z</time></trkpt><trkpt lat="47.60864530" lon="19.14688970"><ele>136.61</ele><time>2025-10-20T13:49:49.468Z</time></trkpt><trkpt lat="47.60864530" lon="19.14688960"><ele>136.61</ele><time>2025-10-20T13:49:49.669Z</time></trkpt><trkpt lat="47.60864530" lon="19.14688960"><ele>136.61</ele><time>2025-10-20T13:49:49.869Z</time></trkpt><trkpt lat="47.60864530" lon="19.14688960"><ele>136.62</ele><time>2025-10-20T13:49:50.069Z</time></trkpt><trkpt lat="47.60864530" lon="19.14688960"><ele>136.62</ele><time>2025-10-20T13:49:50.270Z</time></trkpt><trkpt lat="47.60864530" lon="19.14688960"><ele>136.62</ele><time>2025-10-20T13:49:50.473Z</time></trkpt><trkpt lat="47.60864530" lon="19.14688950"><ele>136.62</ele><time>2025-10-20T13:49:50.674Z</time></trkpt><trkpt lat="47.60864540" lon="19.14688950"><ele>136.63</ele><time>2025-10-20T13:49:50.875Z</time></trkpt><trkpt lat="47.60864540" lon="19.14688940"><ele>136.63</ele><time>2025-10-20T13:49:51.075Z</time></trkpt><trkpt lat="47.60864540" lon="19.14688940"><ele>136.63</ele><time>2025-10-20T13:49:51.275Z</time></trkpt><trkpt lat="47.60864540" lon="19.14688940"><ele>136.63</ele><time>2025-10-20T13:49:51.478Z</time></trkpt><trkpt lat="47.60864540" lon="19.14688940"><ele>136.63</ele><time>2025-10-20T13:49:51.679Z</time></trkpt><trkpt lat="47.60864540" lon="19.14688940"><ele>136.64</ele><time>2025-10-20T13:49:51.879Z</time></trkpt><trkpt lat="47.60864540" lon="19.14688940"><ele>136.64</ele><time>2025-10-20T13:49:52.080Z</time></trkpt><trkpt lat="47.60864540" lon="19.14688940"><ele>136.64</ele><time>2025-10-20T13:49:52.281Z</time></trkpt><trkpt lat="47.60864540" lon="19.14688940"><ele>136.64</ele><time>2025-10-20T13:49:52.482Z</time></trkpt><trkpt lat="47.60864540" lon="19.14688940"><ele>136.64</ele><time>2025-10-20T13:49:52.682Z</time></trkpt><trkpt lat="47.60864540" lon="19.14688940"><ele>136.64</ele><time>2025-10-20T13:49:52.883Z</time></trkpt><trkpt lat="47.60864540" lon="19.14688940"><ele>136.64</ele><time>2025-10-20T13:49:53.083Z</time></trkpt><trkpt lat="47.60864540" lon="19.14688950"><ele>136.64</ele><time>2025-10-20T13:49:53.284Z</time></trkpt><trkpt lat="47.60864530" lon="19.14688950"><ele>136.64</ele><time>2025-10-20T13:49:53.485Z</time></trkpt><trkpt lat="47.60864530" lon="19.14688950"><ele>136.64</ele><time>2025-10-20T13:49:53.686Z</time></trkpt><trkpt lat="47.60864530" lon="19.14688960"><ele>136.64</ele><time>2025-10-20T13:49:53.886Z</time></trkpt><trkpt lat="47.60864530" lon="19.14688960"><ele>136.65</ele><time>2025-10-20T13:49:54.086Z</time></trkpt><trkpt lat="47.60864540" lon="19.14688970"><ele>136.65</ele><time>2025-10-20T13:49:54.287Z</time></trkpt><trkpt lat="47.60864540" lon="19.14688970"><ele>136.65</ele><time>2025-10-20T13:49:54.487Z</time></trkpt><trkpt lat="47.60864540" lon="19.14688970"><ele>136.65</ele><time>2025-10-20T13:49:54.687Z</time></trkpt><trkpt lat="47.60864540" lon="19.14688970"><ele>136.65</ele><time>2025-10-20T13:49:54.888Z</time></trkpt><trkpt lat="47.60864540" lon="19.14688970"><ele>136.65</ele><time>2025-10-20T13:49:55.088Z</time></trkpt><trkpt lat="47.60864540" lon="19.14688970"><ele>136.65</ele><time>2025-10-20T13:49:55.290Z</time></trkpt><trkpt lat="47.60864540" lon="19.14688960"><ele>136.65</ele><time>2025-10-20T13:49:55.491Z</time></trkpt><trkpt lat="47.60864540" lon="19.14688960"><ele>136.64</ele><time>2025-10-20T13:49:55.691Z</time></trkpt><trkpt lat="47.60864540" lon="19.14688950"><ele>136.64</ele><time>2025-10-20T13:49:55.892Z</time></trkpt><trkpt lat="47.60864540" lon="19.14688950"><ele>136.64</ele><time>2025-10-20T13:49:56.092Z</time></trkpt><trkpt lat="47.60864540" lon="19.14688950"><ele>136.64</ele><time>2025-10-20T13:49:56.294Z</time></trkpt><trkpt lat="47.60864540" lon="19.14688950"><ele>136.64</ele><time>2025-10-20T13:49:56.479Z</time></trkpt><trkpt lat="47.60864550" lon="19.14688950"><ele>136.65</ele><time>2025-10-20T13:49:56.679Z</time></trkpt><trkpt lat="47.60864550" lon="19.14688950"><ele>136.65</ele><time>2025-10-20T13:49:56.879Z</time></trkpt><trkpt lat="47.60864550" lon="19.14688950"><ele>136.65</ele><time>2025-10-20T13:49:57.078Z</time></trkpt><trkpt lat="47.60864540" lon="19.14688950"><ele>136.65</ele><time>2025-10-20T13:49:57.283Z</time></trkpt><trkpt lat="47.60864540" lon="19.14688950"><ele>136.65</ele><time>2025-10-20T13:49:57.483Z</time></trkpt><trkpt lat="47.60864530" lon="19.14688950"><ele>136.65</ele><time>2025-10-20T13:49:57.684Z</time></trkpt><trkpt lat="47.60864530" lon="19.14688950"><ele>136.66</ele><time>2025-10-20T13:49:57.885Z</time></trkpt><trkpt lat="47.60864530" lon="19.14688940"><ele>136.65</ele><time>2025-10-20T13:49:58.106Z</time></trkpt><trkpt lat="47.60864530" lon="19.14688940"><ele>136.65</ele><time>2025-10-20T13:49:58.287Z</time></trkpt><trkpt lat="47.60864530" lon="19.14688940"><ele>136.65</ele><time>2025-10-20T13:49:58.489Z</time></trkpt><trkpt lat="47.60864530" lon="19.14688940"><ele>136.65</ele><time>2025-10-20T13:49:58.690Z</time></trkpt><trkpt lat="47.60864530" lon="19.14688940"><ele>136.65</ele><time>2025-10-20T13:49:58.890Z</time></trkpt><trkpt lat="47.60864530" lon="19.14688940"><ele>136.66</ele><time>2025-10-20T13:49:59.091Z</time></trkpt><trkpt lat="47.60864530" lon="19.14688940"><ele>136.66</ele><time>2025-10-20T13:49:59.293Z</time></trkpt><trkpt lat="47.60864530" lon="19.14688940"><ele>136.66</ele><time>2025-10-20T13:49:59.494Z</time></trkpt><trkpt lat="47.60864540" lon="19.14688940"><ele>136.66</ele><time>2025-10-20T13:49:59.694Z</time></trkpt><trkpt lat="47.60864540" lon="19.14688930"><ele>136.66</ele><time>2025-10-20T13:49:59.895Z</time></trkpt><trkpt lat="47.60864540" lon="19.14688930"><ele>136.66</ele><time>2025-10-20T13:50:00.095Z</time></trkpt><trkpt lat="47.60864550" lon="19.14688920"><ele>136.65</ele><time>2025-10-20T13:50:00.296Z</time></trkpt><trkpt lat="47.60864550" lon="19.14688920"><ele>136.65</ele><time>2025-10-20T13:50:00.499Z</time></trkpt><trkpt lat="47.60864550" lon="19.14688920"><ele>136.64</ele><time>2025-10-20T13:50:00.699Z</time></trkpt><trkpt lat="47.60864550" lon="19.14688920"><ele>136.64</ele><time>2025-10-20T13:50:00.900Z</time></trkpt><trkpt lat="47.60864550" lon="19.14688920"><ele>136.64</ele><time>2025-10-20T13:50:01.100Z</time></trkpt><trkpt lat="47.60864550" lon="19.14688920"><ele>136.64</ele><time>2025-10-20T13:50:01.301Z</time></trkpt><trkpt lat="47.60864550" lon="19.14688920"><ele>136.63</ele><time>2025-10-20T13:50:01.482Z</time></trkpt><trkpt lat="47.60864550" lon="19.14688920"><ele>136.63</ele><time>2025-10-20T13:50:01.682Z</time></trkpt><trkpt lat="47.60864550" lon="19.14688930"><ele>136.63</ele><time>2025-10-20T13:50:01.882Z</time></trkpt><trkpt lat="47.60864550" lon="19.14688930"><ele>136.62</ele><time>2025-10-20T13:50:02.081Z</time></trkpt><trkpt lat="47.60864540" lon="19.14688930"><ele>136.62</ele><time>2025-10-20T13:50:02.282Z</time></trkpt><trkpt lat="47.60864550" lon="19.14688930"><ele>136.62</ele><time>2025-10-20T13:50:02.484Z</time></trkpt><trkpt lat="47.60864550" lon="19.14688930"><ele>136.62</ele><time>2025-10-20T13:50:02.685Z</time></trkpt><trkpt lat="47.60864550" lon="19.14688930"><ele>136.63</ele><time>2025-10-20T13:50:02.885Z</time></trkpt><trkpt lat="47.60864550" lon="19.14688920"><ele>136.63</ele><time>2025-10-20T13:50:03.087Z</time></trkpt><trkpt lat="47.60864550" lon="19.14688930"><ele>136.64</ele><time>2025-10-20T13:50:03.288Z</time></trkpt><trkpt lat="47.60864550" lon="19.14688930"><ele>136.64</ele><time>2025-10-20T13:50:03.489Z</time></trkpt><trkpt lat="47.60864550" lon="19.14688930"><ele>136.64</ele><time>2025-10-20T13:50:03.689Z</time></trkpt><trkpt lat="47.60864550" lon="19.14688930"><ele>136.64</ele><time>2025-10-20T13:50:03.889Z</time></trkpt><trkpt lat="47.60864550" lon="19.14688930"><ele>136.65</ele><time>2025-10-20T13:50:04.089Z</time></trkpt><trkpt lat="47.60864540" lon="19.14688930"><ele>136.65</ele><time>2025-10-20T13:50:04.291Z</time></trkpt><trkpt lat="47.60864540" lon="19.14688940"><ele>136.65</ele><time>2025-10-20T13:50:04.494Z</time></trkpt><trkpt lat="47.60864540" lon="19.14688930"><ele>136.65</ele><time>2025-10-20T13:50:04.694Z</time></trkpt><trkpt lat="47.60864530" lon="19.14688930"><ele>136.65</ele><time>2025-10-20T13:50:04.894Z</time></trkpt><trkpt lat="47.60864530" lon="19.14688930"><ele>136.65</ele><time>2025-10-20T13:50:05.094Z</time></trkpt><trkpt lat="47.60864530" lon="19.14688930"><ele>136.65</ele><time>2025-10-20T13:50:05.296Z</time></trkpt><trkpt lat="47.60864530" lon="19.14688930"><ele>136.65</ele><time>2025-10-20T13:50:05.497Z</time></trkpt><trkpt lat="47.60864530" lon="19.14688920"><ele>136.65</ele><time>2025-10-20T13:50:05.697Z</time></trkpt><trkpt lat="47.60864530" lon="19.14688920"><ele>136.65</ele><time>2025-10-20T13:50:05.898Z</time></trkpt><trkpt lat="47.60864530" lon="19.14688920"><ele>136.64</ele><time>2025-10-20T13:50:06.099Z</time></trkpt><trkpt lat="47.60864530" lon="19.14688910"><ele>136.64</ele><time>2025-10-20T13:50:06.300Z</time></trkpt><trkpt lat="47.60864520" lon="19.14688910"><ele>136.64</ele><time>2025-10-20T13:50:06.502Z</time></trkpt><trkpt lat="47.60864520" lon="19.14688900"><ele>136.64</ele><time>2025-10-20T13:50:06.703Z</time></trkpt><trkpt lat="47.60864520" lon="19.14688900"><ele>136.64</ele><time>2025-10-20T13:50:06.903Z</time></trkpt><trkpt lat="47.60864520" lon="19.14688900"><ele>136.64</ele><time>2025-10-20T13:50:07.104Z</time></trkpt><trkpt lat="47.60864520" lon="19.14688900"><ele>136.64</ele><time>2025-10-20T13:50:07.308Z</time></trkpt><trkpt lat="47.60864520" lon="19.14688900"><ele>136.64</ele><time>2025-10-20T13:50:07.510Z</time></trkpt><trkpt lat="47.60864530" lon="19.14688900"><ele>136.64</ele><time>2025-10-20T13:50:07.711Z</time></trkpt><trkpt lat="47.60864530" lon="19.14688910"><ele>136.65</ele><time>2025-10-20T13:50:07.914Z</time></trkpt><trkpt lat="47.60864540" lon="19.14688920"><ele>136.65</ele><time>2025-10-20T13:50:08.115Z</time></trkpt><trkpt lat="47.60864540" lon="19.14688920"><ele>136.65</ele><time>2025-10-20T13:50:08.298Z</time></trkpt><trkpt lat="47.60864550" lon="19.14688920"><ele>136.65</ele><time>2025-10-20T13:50:08.500Z</time></trkpt><trkpt lat="47.60864550" lon="19.14688920"><ele>136.65</ele><time>2025-10-20T13:50:08.701Z</time></trkpt><trkpt lat="47.60864550" lon="19.14688920"><ele>136.66</ele><time>2025-10-20T13:50:08.923Z</time></trkpt><trkpt lat="47.60864550" lon="19.14688930"><ele>136.66</ele><time>2025-10-20T13:50:09.126Z</time></trkpt><trkpt lat="47.60864550" lon="19.14688930"><ele>136.66</ele><time>2025-10-20T13:50:09.306Z</time></trkpt><trkpt lat="47.60864550" lon="19.14688920"><ele>136.66</ele><time>2025-10-20T13:50:09.509Z</time></trkpt><trkpt lat="47.60864560" lon="19.14688920"><ele>136.65</ele><time>2025-10-20T13:50:09.729Z</time></trkpt><trkpt lat="47.60864560" lon="19.14688920"><ele>136.65</ele><time>2025-10-20T13:50:09.909Z</time></trkpt><trkpt lat="47.60864560" lon="19.14688920"><ele>136.65</ele><time>2025-10-20T13:50:10.111Z</time></trkpt><trkpt lat="47.60864560" lon="19.14688910"><ele>136.65</ele><time>2025-10-20T13:50:10.316Z</time></trkpt><trkpt lat="47.60864560" lon="19.14688910"><ele>136.65</ele><time>2025-10-20T13:50:10.519Z</time></trkpt><trkpt lat="47.60864560" lon="19.14688910"><ele>136.65</ele><time>2025-10-20T13:50:10.722Z</time></trkpt><trkpt lat="47.60864560" lon="19.14688910"><ele>136.65</ele><time>2025-10-20T13:50:10.923Z</time></trkpt><trkpt lat="47.60864560" lon="19.14688910"><ele>136.66</ele><time>2025-10-20T13:50:11.126Z</time></trkpt><trkpt lat="47.60864560" lon="19.14688910"><ele>136.66</ele><time>2025-10-20T13:50:11.327Z</time></trkpt><trkpt lat="47.60864560" lon="19.14688910"><ele>136.66</ele><time>2025-10-20T13:50:11.511Z</time></trkpt><trkpt lat="47.60864560" lon="19.14688910"><ele>136.66</ele><time>2025-10-20T13:50:11.711Z</time></trkpt><trkpt lat="47.60864570" lon="19.14688920"><ele>136.66</ele><time>2025-10-20T13:50:11.912Z</time></trkpt><trkpt lat="47.60864570" lon="19.14688920"><ele>136.66</ele><time>2025-10-20T13:50:12.114Z</time></trkpt><trkpt lat="47.60864570" lon="19.14688920"><ele>136.66</ele><time>2025-10-20T13:50:12.318Z</time></trkpt><trkpt lat="47.60864570" lon="19.14688930"><ele>136.66</ele><time>2025-10-20T13:50:12.519Z</time></trkpt><trkpt lat="47.60864570" lon="19.14688930"><ele>136.67</ele><time>2025-10-20T13:50:12.720Z</time></trkpt><trkpt lat="47.60864570" lon="19.14688940"><ele>136.67</ele><time>2025-10-20T13:50:12.921Z</time></trkpt><trkpt lat="47.60864560" lon="19.14688940"><ele>136.67</ele><time>2025-10-20T13:50:13.121Z</time></trkpt><trkpt lat="47.60864570" lon="19.14688950"><ele>136.67</ele><time>2025-10-20T13:50:13.322Z</time></trkpt><trkpt lat="47.60864570" lon="19.14688950"><ele>136.67</ele><time>2025-10-20T13:50:13.523Z</time></trkpt><trkpt lat="47.60864580" lon="19.14688950"><ele>136.67</ele><time>2025-10-20T13:50:13.723Z</time></trkpt><trkpt lat="47.60864570" lon="19.14688950"><ele>136.68</ele><time>2025-10-20T13:50:13.924Z</time></trkpt><trkpt lat="47.60864570" lon="19.14688960"><ele>136.68</ele><time>2025-10-20T13:50:14.125Z</time></trkpt><trkpt lat="47.60864570" lon="19.14688960"><ele>136.68</ele><time>2025-10-20T13:50:14.327Z</time></trkpt><trkpt lat="47.60864560" lon="19.14688970"><ele>136.68</ele><time>2025-10-20T13:50:14.528Z</time></trkpt><trkpt lat="47.60864560" lon="19.14688970"><ele>136.68</ele><time>2025-10-20T13:50:14.728Z</time></trkpt><trkpt lat="47.60864560" lon="19.14688970"><ele>136.68</ele><time>2025-10-20T13:50:14.929Z</time></trkpt><trkpt lat="47.60864560" lon="19.14688970"><ele>136.68</ele><time>2025-10-20T13:50:15.129Z</time></trkpt><trkpt lat="47.60864560" lon="19.14688970"><ele>136.68</ele><time>2025-10-20T13:50:15.329Z</time></trkpt><trkpt lat="47.60864560" lon="19.14688970"><ele>136.68</ele><time>2025-10-20T13:50:15.531Z</time></trkpt><trkpt lat="47.60864560" lon="19.14688980"><ele>136.68</ele><time>2025-10-20T13:50:15.732Z</time></trkpt><trkpt lat="47.60864560" lon="19.14688980"><ele>136.68</ele><time>2025-10-20T13:50:15.931Z</time></trkpt><trkpt lat="47.60864550" lon="19.14688980"><ele>136.67</ele><time>2025-10-20T13:50:16.130Z</time></trkpt><trkpt lat="47.60864550" lon="19.14688980"><ele>136.67</ele><time>2025-10-20T13:50:16.331Z</time></trkpt><trkpt lat="47.60864540" lon="19.14688970"><ele>136.67</ele><time>2025-10-20T13:50:16.532Z</time></trkpt><trkpt lat="47.60864540" lon="19.14688980"><ele>136.67</ele><time>2025-10-20T13:50:16.733Z</time></trkpt><trkpt lat="47.60864540" lon="19.14688980"><ele>136.67</ele><time>2025-10-20T13:50:16.932Z</time></trkpt><trkpt lat="47.60864540" lon="19.14688980"><ele>136.68</ele><time>2025-10-20T13:50:17.134Z</time></trkpt><trkpt lat="47.60864530" lon="19.14688980"><ele>136.68</ele><time>2025-10-20T13:50:17.336Z</time></trkpt><trkpt lat="47.60864530" lon="19.14688980"><ele>136.68</ele><time>2025-10-20T13:50:17.519Z</time></trkpt><trkpt lat="47.60864530" lon="19.14688980"><ele>136.68</ele><time>2025-10-20T13:50:17.718Z</time></trkpt><trkpt lat="47.60864520" lon="19.14688980"><ele>136.68</ele><time>2025-10-20T13:50:17.919Z</time></trkpt><trkpt lat="47.60864520" lon="19.14688970"><ele>136.68</ele><time>2025-10-20T13:50:18.118Z</time></trkpt><trkpt lat="47.60864520" lon="19.14688970"><ele>136.68</ele><time>2025-10-20T13:50:18.318Z</time></trkpt><trkpt lat="47.60864520" lon="19.14688970"><ele>136.68</ele><time>2025-10-20T13:50:18.520Z</time></trkpt><trkpt lat="47.60864530" lon="19.14688970"><ele>136.68</ele><time>2025-10-20T13:50:18.720Z</time></trkpt><trkpt lat="47.60864530" lon="19.14688960"><ele>136.68</ele><time>2025-10-20T13:50:18.921Z</time></trkpt><trkpt lat="47.60864530" lon="19.14688960"><ele>136.68</ele><time>2025-10-20T13:50:19.122Z</time></trkpt><trkpt lat="47.60864530" lon="19.14688960"><ele>136.68</ele><time>2025-10-20T13:50:19.323Z</time></trkpt><trkpt lat="47.60864530" lon="19.14688960"><ele>136.68</ele><time>2025-10-20T13:50:19.524Z</time></trkpt><trkpt lat="47.60864530" lon="19.14688960"><ele>136.68</ele><time>2025-10-20T13:50:19.724Z</time></trkpt><trkpt lat="47.60864530" lon="19.14688960"><ele>136.68</ele><time>2025-10-20T13:50:19.924Z</time></trkpt><trkpt lat="47.60864530" lon="19.14688950"><ele>136.68</ele><time>2025-10-20T13:50:20.125Z</time></trkpt><trkpt lat="47.60864520" lon="19.14688950"><ele>136.68</ele><time>2025-10-20T13:50:20.327Z</time></trkpt><trkpt lat="47.60864520" lon="19.14688950"><ele>136.68</ele><time>2025-10-20T13:50:20.527Z</time></trkpt><trkpt lat="47.60864520" lon="19.14688950"><ele>136.68</ele><time>2025-10-20T13:50:20.728Z</time></trkpt><trkpt lat="47.60864530" lon="19.14688950"><ele>136.68</ele><time>2025-10-20T13:50:20.928Z</time></trkpt><trkpt lat="47.60864530" lon="19.14688950"><ele>136.68</ele><time>2025-10-20T13:50:21.128Z</time></trkpt><trkpt lat="47.60864530" lon="19.14688940"><ele>136.68</ele><time>2025-10-20T13:50:21.331Z</time></trkpt><trkpt lat="47.60864530" lon="19.14688940"><ele>136.68</ele><time>2025-10-20T13:50:21.531Z</time></trkpt><trkpt lat="47.60864530" lon="19.14688940"><ele>136.68</ele><time>2025-10-20T13:50:21.732Z</time></trkpt><trkpt lat="47.60864520" lon="19.14688940"><ele>136.68</ele><time>2025-10-20T13:50:21.932Z</time></trkpt><trkpt lat="47.60864520" lon="19.14688930"><ele>136.67</ele><time>2025-10-20T13:50:22.132Z</time></trkpt><trkpt lat="47.60864520" lon="19.14688930"><ele>136.67</ele><time>2025-10-20T13:50:22.335Z</time></trkpt><trkpt lat="47.60864520" lon="19.14688930"><ele>136.67</ele><time>2025-10-20T13:50:22.536Z</time></trkpt><trkpt lat="47.60864510" lon="19.14688930"><ele>136.67</ele><time>2025-10-20T13:50:22.735Z</time></trkpt><trkpt lat="47.60864510" lon="19.14688930"><ele>136.67</ele><time>2025-10-20T13:50:22.935Z</time></trkpt><trkpt lat="47.60864510" lon="19.14688930"><ele>136.67</ele><time>2025-10-20T13:50:23.136Z</time></trkpt><trkpt lat="47.60864500" lon="19.14688930"><ele>136.67</ele><time>2025-10-20T13:50:23.336Z</time></trkpt><trkpt lat="47.60864500" lon="19.14688930"><ele>136.68</ele><time>2025-10-20T13:50:23.537Z</time></trkpt><trkpt lat="47.60864500" lon="19.14688930"><ele>136.68</ele><time>2025-10-20T13:50:23.737Z</time></trkpt><trkpt lat="47.60864500" lon="19.14688930"><ele>136.68</ele><time>2025-10-20T13:50:23.937Z</time></trkpt><trkpt lat="47.60864500" lon="19.14688930"><ele>136.68</ele><time>2025-10-20T13:50:24.137Z</time></trkpt><trkpt lat="47.60864500" lon="19.14688920"><ele>136.68</ele><time>2025-10-20T13:50:24.340Z</time></trkpt><trkpt lat="47.60864500" lon="19.14688920"><ele>136.68</ele><time>2025-10-20T13:50:24.541Z</time></trkpt><trkpt lat="47.60864500" lon="19.14688930"><ele>136.68</ele><time>2025-10-20T13:50:24.724Z</time></trkpt><trkpt lat="47.60864500" lon="19.14688930"><ele>136.69</ele><time>2025-10-20T13:50:24.925Z</time></trkpt><trkpt lat="47.60864500" lon="19.14688930"><ele>136.69</ele><time>2025-10-20T13:50:25.126Z</time></trkpt><trkpt lat="47.60864500" lon="19.14688930"><ele>136.69</ele><time>2025-10-20T13:50:25.332Z</time></trkpt><trkpt lat="47.60864510" lon="19.14688920"><ele>136.69</ele><time>2025-10-20T13:50:25.534Z</time></trkpt><trkpt lat="47.60864510" lon="19.14688930"><ele>136.69</ele><time>2025-10-20T13:50:25.735Z</time></trkpt><trkpt lat="47.60864510" lon="19.14688930"><ele>136.70</ele><time>2025-10-20T13:50:25.935Z</time></trkpt><trkpt lat="47.60864510" lon="19.14688930"><ele>136.70</ele><time>2025-10-20T13:50:26.137Z</time></trkpt><trkpt lat="47.60864510" lon="19.14688940"><ele>136.70</ele><time>2025-10-20T13:50:26.341Z</time></trkpt><trkpt lat="47.60864520" lon="19.14688940"><ele>136.70</ele><time>2025-10-20T13:50:26.542Z</time></trkpt><trkpt lat="47.60864520" lon="19.14688950"><ele>136.71</ele><time>2025-10-20T13:50:26.742Z</time></trkpt><trkpt lat="47.60864510" lon="19.14688960"><ele>136.72</ele><time>2025-10-20T13:50:26.943Z</time></trkpt><trkpt lat="47.60864510" lon="19.14688960"><ele>136.72</ele><time>2025-10-20T13:50:27.143Z</time></trkpt><trkpt lat="47.60864520" lon="19.14688970"><ele>136.73</ele><time>2025-10-20T13:50:27.328Z</time></trkpt><trkpt lat="47.60864520" lon="19.14688970"><ele>136.73</ele><time>2025-10-20T13:50:27.529Z</time></trkpt><trkpt lat="47.60864520" lon="19.14688960"><ele>136.74</ele><time>2025-10-20T13:50:27.730Z</time></trkpt><trkpt lat="47.60864530" lon="19.14688960"><ele>136.74</ele><time>2025-10-20T13:50:27.930Z</time></trkpt><trkpt lat="47.60864530" lon="19.14688960"><ele>136.75</ele><time>2025-10-20T13:50:28.130Z</time></trkpt><trkpt lat="47.60864530" lon="19.14688960"><ele>136.75</ele><time>2025-10-20T13:50:28.332Z</time></trkpt><trkpt lat="47.60864530" lon="19.14688960"><ele>136.75</ele><time>2025-10-20T13:50:28.533Z</time></trkpt><trkpt lat="47.60864530" lon="19.14688960"><ele>136.76</ele><time>2025-10-20T13:50:28.733Z</time></trkpt><trkpt lat="47.60864530" lon="19.14688950"><ele>136.76</ele><time>2025-10-20T13:50:28.934Z</time></trkpt><trkpt lat="47.60864530" lon="19.14688950"><ele>136.76</ele><time>2025-10-20T13:50:29.134Z</time></trkpt><trkpt lat="47.60864530" lon="19.14688950"><ele>136.76</ele><time>2025-10-20T13:50:29.335Z</time></trkpt><trkpt lat="47.60864530" lon="19.14688950"><ele>136.76</ele><time>2025-10-20T13:50:29.536Z</time></trkpt><trkpt lat="47.60864540" lon="19.14688960"><ele>136.76</ele><time>2025-10-20T13:50:29.736Z</time></trkpt><trkpt lat="47.60864540" lon="19.14688960"><ele>136.77</ele><time>2025-10-20T13:50:29.936Z</time></trkpt><trkpt lat="47.60864540" lon="19.14688960"><ele>136.77</ele><time>2025-10-20T13:50:30.136Z</time></trkpt><trkpt lat="47.60864540" lon="19.14688960"><ele>136.77</ele><time>2025-10-20T13:50:30.336Z</time></trkpt><trkpt lat="47.60864550" lon="19.14688960"><ele>136.77</ele><time>2025-10-20T13:50:30.538Z</time></trkpt><trkpt lat="47.60864550" lon="19.14688960"><ele>136.77</ele><time>2025-10-20T13:50:30.739Z</time></trkpt><trkpt lat="47.60864540" lon="19.14688960"><ele>136.78</ele><time>2025-10-20T13:50:30.939Z</time></trkpt><trkpt lat="47.60864540" lon="19.14688960"><ele>136.78</ele><time>2025-10-20T13:50:31.139Z</time></trkpt><trkpt lat="47.60864540" lon="19.14688960"><ele>136.78</ele><time>2025-10-20T13:50:31.341Z</time></trkpt><trkpt lat="47.60864540" lon="19.14688960"><ele>136.78</ele><time>2025-10-20T13:50:31.541Z</time></trkpt><trkpt lat="47.60864540" lon="19.14688960"><ele>136.78</ele><time>2025-10-20T13:50:31.742Z</time></trkpt><trkpt lat="47.60864540" lon="19.14688960"><ele>136.78</ele><time>2025-10-20T13:50:31.943Z</time></trkpt><trkpt lat="47.60864540" lon="19.14688960"><ele>136.78</ele><time>2025-10-20T13:50:32.144Z</time></trkpt><trkpt lat="47.60864540" lon="19.14688960"><ele>136.78</ele><time>2025-10-20T13:50:32.344Z</time></trkpt><trkpt lat="47.60864540" lon="19.14688960"><ele>136.78</ele><time>2025-10-20T13:50:32.546Z</time></trkpt><trkpt lat="47.60864540" lon="19.14688950"><ele>136.77</ele><time>2025-10-20T13:50:32.727Z</time></trkpt><trkpt lat="47.60864540" lon="19.14688950"><ele>136.77</ele><time>2025-10-20T13:50:32.928Z</time></trkpt><trkpt lat="47.60864540" lon="19.14688950"><ele>136.77</ele><time>2025-10-20T13:50:33.128Z</time></trkpt><trkpt lat="47.60864540" lon="19.14688950"><ele>136.76</ele><time>2025-10-20T13:50:33.330Z</time></trkpt><trkpt lat="47.60864540" lon="19.14688950"><ele>136.76</ele><time>2025-10-20T13:50:33.530Z</time></trkpt><trkpt lat="47.60864540" lon="19.14688950"><ele>136.76</ele><time>2025-10-20T13:50:33.731Z</time></trkpt><trkpt lat="47.60864540" lon="19.14688950"><ele>136.76</ele><time>2025-10-20T13:50:33.931Z</time></trkpt><trkpt lat="47.60864540" lon="19.14688950"><ele>136.76</ele><time>2025-10-20T13:50:34.131Z</time></trkpt><trkpt lat="47.60864530" lon="19.14688950"><ele>136.75</ele><time>2025-10-20T13:50:34.332Z</time></trkpt><trkpt lat="47.60864530" lon="19.14688940"><ele>136.75</ele><time>2025-10-20T13:50:34.533Z</time></trkpt><trkpt lat="47.60864530" lon="19.14688950"><ele>136.75</ele><time>2025-10-20T13:50:34.734Z</time></trkpt><trkpt lat="47.60864510" lon="19.14688990"><ele>136.74</ele><time>2025-10-20T13:50:34.934Z</time></trkpt><trkpt lat="47.60864460" lon="19.14689090"><ele>136.74</ele><time>2025-10-20T13:50:35.134Z</time></trkpt><trkpt lat="47.60864400" lon="19.14689240"><ele>136.72</ele><time>2025-10-20T13:50:35.338Z</time></trkpt><trkpt lat="47.60864310" lon="19.14689460"><ele>136.70</ele><time>2025-10-20T13:50:35.539Z</time></trkpt><trkpt lat="47.60864200" lon="19.14689750"><ele>136.67</ele><time>2025-10-20T13:50:35.740Z</time></trkpt><trkpt lat="47.60864060" lon="19.14690100"><ele>136.61</ele><time>2025-10-20T13:50:35.940Z</time></trkpt><trkpt lat="47.60863910" lon="19.14690500"><ele>136.55</ele><time>2025-10-20T13:50:36.141Z</time></trkpt><trkpt lat="47.60863720" lon="19.14691020"><ele>136.44</ele><time>2025-10-20T13:50:36.343Z</time></trkpt><trkpt lat="47.60863540" lon="19.14691530"><ele>136.33</ele><time>2025-10-20T13:50:36.544Z</time></trkpt><trkpt lat="47.60863340" lon="19.14692100"><ele>136.17</ele><time>2025-10-20T13:50:36.747Z</time></trkpt><trkpt lat="47.60863160" lon="19.14692660"><ele>136.01</ele><time>2025-10-20T13:50:36.947Z</time></trkpt><trkpt lat="47.60862960" lon="19.14693270"><ele>135.81</ele><time>2025-10-20T13:50:37.147Z</time></trkpt><trkpt lat="47.60862660" lon="19.14694190"><ele>135.54</ele><time>2025-10-20T13:50:37.352Z</time></trkpt><trkpt lat="47.60862220" lon="19.14695510"><ele>135.18</ele><time>2025-10-20T13:50:37.552Z</time></trkpt><trkpt lat="47.60864540" lon="19.14689070"><ele>137.34</ele><time>2025-10-20T13:50:37.754Z</time></trkpt><trkpt lat="47.60864530" lon="19.14689070"><ele>137.33</ele><time>2025-10-20T13:50:37.954Z</time></trkpt><trkpt lat="47.60864530" lon="19.14689070"><ele>137.34</ele><time>2025-10-20T13:50:38.156Z</time></trkpt><trkpt lat="47.60864530" lon="19.14689080"><ele>137.34</ele><time>2025-10-20T13:50:38.358Z</time></trkpt><trkpt lat="47.60864530" lon="19.14689080"><ele>137.34</ele><time>2025-10-20T13:50:38.557Z</time></trkpt><trkpt lat="47.60864530" lon="19.14689080"><ele>137.34</ele><time>2025-10-20T13:50:38.758Z</time></trkpt><trkpt lat="47.60864530" lon="19.14689090"><ele>137.34</ele><time>2025-10-20T13:50:38.958Z</time></trkpt><trkpt lat="47.60864520" lon="19.14689090"><ele>137.34</ele><time>2025-10-20T13:50:39.158Z</time></trkpt><trkpt lat="47.60864520" lon="19.14689090"><ele>137.35</ele><time>2025-10-20T13:50:39.360Z</time></trkpt><trkpt lat="47.60864520" lon="19.14689090"><ele>137.34</ele><time>2025-10-20T13:50:39.560Z</time></trkpt><trkpt lat="47.60864510" lon="19.14689090"><ele>137.34</ele><time>2025-10-20T13:50:39.760Z</time></trkpt><trkpt lat="47.60864510" lon="19.14689080"><ele>137.34</ele><time>2025-10-20T13:50:39.960Z</time></trkpt><trkpt lat="47.60864510" lon="19.14689080"><ele>137.34</ele><time>2025-10-20T13:50:40.160Z</time></trkpt><trkpt lat="47.60864510" lon="19.14689080"><ele>137.34</ele><time>2025-10-20T13:50:40.361Z</time></trkpt><trkpt lat="47.60864520" lon="19.14689080"><ele>137.34</ele><time>2025-10-20T13:50:40.561Z</time></trkpt><trkpt lat="47.60864520" lon="19.14689080"><ele>137.34</ele><time>2025-10-20T13:50:40.762Z</time></trkpt><trkpt lat="47.60864520" lon="19.14689080"><ele>137.34</ele><time>2025-10-20T13:50:40.962Z</time></trkpt><trkpt lat="47.60864520" lon="19.14689080"><ele>137.34</ele><time>2025-10-20T13:50:41.162Z</time></trkpt><trkpt lat="47.60864520" lon="19.14689080"><ele>137.34</ele><time>2025-10-20T13:50:41.362Z</time></trkpt><trkpt lat="47.60864520" lon="19.14689080"><ele>137.34</ele><time>2025-10-20T13:50:41.562Z</time></trkpt><trkpt lat="47.60864520" lon="19.14689080"><ele>137.34</ele><time>2025-10-20T13:50:41.762Z</time></trkpt><trkpt lat="47.60864520" lon="19.14689090"><ele>137.34</ele><time>2025-10-20T13:50:41.962Z</time></trkpt><trkpt lat="47.60864520" lon="19.14689090"><ele>137.35</ele><time>2025-10-20T13:50:42.162Z</time></trkpt><trkpt lat="47.60864520" lon="19.14689090"><ele>137.35</ele><time>2025-10-20T13:50:42.363Z</time></trkpt><trkpt lat="47.60864520" lon="19.14689090"><ele>137.35</ele><time>2025-10-20T13:50:42.563Z</time></trkpt><trkpt lat="47.60864520" lon="19.14689090"><ele>137.35</ele><time>2025-10-20T13:50:42.764Z</time></trkpt><trkpt lat="47.60864520" lon="19.14689090"><ele>137.35</ele><time>2025-10-20T13:50:42.964Z</time></trkpt><trkpt lat="47.60864530" lon="19.14689090"><ele>137.34</ele><time>2025-10-20T13:50:43.165Z</time></trkpt><trkpt lat="47.60864530" lon="19.14689090"><ele>137.35</ele><time>2025-10-20T13:50:43.365Z</time></trkpt><trkpt lat="47.60864530" lon="19.14689090"><ele>137.35</ele><time>2025-10-20T13:50:43.566Z</time></trkpt><trkpt lat="47.60864530" lon="19.14689080"><ele>137.35</ele><time>2025-10-20T13:50:43.767Z</time></trkpt><trkpt lat="47.60864530" lon="19.14689080"><ele>137.34</ele><time>2025-10-20T13:50:43.967Z</time></trkpt><trkpt lat="47.60864530" lon="19.14689080"><ele>137.34</ele><time>2025-10-20T13:50:44.168Z</time></trkpt><trkpt lat="47.60864530" lon="19.14689080"><ele>137.35</ele><time>2025-10-20T13:50:44.370Z</time></trkpt><trkpt lat="47.60864520" lon="19.14689070"><ele>137.35</ele><time>2025-10-20T13:50:44.570Z</time></trkpt><trkpt lat="47.60864520" lon="19.14689070"><ele>137.35</ele><time>2025-10-20T13:50:44.772Z</time></trkpt><trkpt lat="47.60864520" lon="19.14689070"><ele>137.35</ele><time>2025-10-20T13:50:44.973Z</time></trkpt><trkpt lat="47.60864520" lon="19.14689070"><ele>137.35</ele><time>2025-10-20T13:50:45.172Z</time></trkpt><trkpt lat="47.60864520" lon="19.14689070"><ele>137.35</ele><time>2025-10-20T13:50:45.379Z</time></trkpt><trkpt lat="47.60864520" lon="19.14689070"><ele>137.35</ele><time>2025-10-20T13:50:45.579Z</time></trkpt><trkpt lat="47.60864520" lon="19.14689070"><ele>137.35</ele><time>2025-10-20T13:50:45.780Z</time></trkpt><trkpt lat="47.60864520" lon="19.14689060"><ele>137.35</ele><time>2025-10-20T13:50:45.980Z</time></trkpt><trkpt lat="47.60864520" lon="19.14689060"><ele>137.34</ele><time>2025-10-20T13:50:46.180Z</time></trkpt><trkpt lat="47.60864520" lon="19.14689060"><ele>137.34</ele><time>2025-10-20T13:50:46.362Z</time></trkpt><trkpt lat="47.60864520" lon="19.14689060"><ele>137.34</ele><time>2025-10-20T13:50:46.563Z</time></trkpt><trkpt lat="47.60864520" lon="19.14689060"><ele>137.33</ele><time>2025-10-20T13:50:46.764Z</time></trkpt><trkpt lat="47.60864520" lon="19.14689060"><ele>137.33</ele><time>2025-10-20T13:50:46.964Z</time></trkpt><trkpt lat="47.60864520" lon="19.14689060"><ele>137.33</ele><time>2025-10-20T13:50:47.165Z</time></trkpt><trkpt lat="47.60864520" lon="19.14689060"><ele>137.33</ele><time>2025-10-20T13:50:47.368Z</time></trkpt><trkpt lat="47.60864520" lon="19.14689070"><ele>137.33</ele><time>2025-10-20T13:50:47.568Z</time></trkpt><trkpt lat="47.60864530" lon="19.14689070"><ele>137.33</ele><time>2025-10-20T13:50:47.770Z</time></trkpt><trkpt lat="47.60864530" lon="19.14689070"><ele>137.32</ele><time>2025-10-20T13:50:47.971Z</time></trkpt><trkpt lat="47.60864530" lon="19.14689070"><ele>137.32</ele><time>2025-10-20T13:50:48.173Z</time></trkpt><trkpt lat="47.60864530" lon="19.14689070"><ele>137.33</ele><time>2025-10-20T13:50:48.375Z</time></trkpt><trkpt lat="47.60864530" lon="19.14689070"><ele>137.33</ele><time>2025-10-20T13:50:48.577Z</time></trkpt><trkpt lat="47.60864530" lon="19.14689070"><ele>137.33</ele><time>2025-10-20T13:50:48.778Z</time></trkpt><trkpt lat="47.60864530" lon="19.14689060"><ele>137.33</ele><time>2025-10-20T13:50:48.980Z</time></trkpt><trkpt lat="47.60864530" lon="19.14689060"><ele>137.33</ele><time>2025-10-20T13:50:49.182Z</time></trkpt><trkpt lat="47.60864530" lon="19.14689060"><ele>137.33</ele><time>2025-10-20T13:50:49.369Z</time></trkpt><trkpt lat="47.60864530" lon="19.14689060"><ele>137.33</ele><time>2025-10-20T13:50:49.572Z</time></trkpt><trkpt lat="47.60864540" lon="19.14689070"><ele>137.34</ele><time>2025-10-20T13:50:49.773Z</time></trkpt><trkpt lat="47.60864530" lon="19.14689070"><ele>137.34</ele><time>2025-10-20T13:50:49.973Z</time></trkpt><trkpt lat="47.60864530" lon="19.14689070"><ele>137.34</ele><time>2025-10-20T13:50:50.173Z</time></trkpt><trkpt lat="47.60864520" lon="19.14689080"><ele>137.35</ele><time>2025-10-20T13:50:50.373Z</time></trkpt><trkpt lat="47.60864520" lon="19.14689080"><ele>137.35</ele><time>2025-10-20T13:50:50.574Z</time></trkpt><trkpt lat="47.60864520" lon="19.14689080"><ele>137.35</ele><time>2025-10-20T13:50:50.775Z</time></trkpt><trkpt lat="47.60864520" lon="19.14689080"><ele>137.35</ele><time>2025-10-20T13:50:50.975Z</time></trkpt><trkpt lat="47.60864520" lon="19.14689090"><ele>137.35</ele><time>2025-10-20T13:50:51.175Z</time></trkpt><trkpt lat="47.60864520" lon="19.14689090"><ele>137.35</ele><time>2025-10-20T13:50:51.384Z</time></trkpt><trkpt lat="47.60864520" lon="19.14689090"><ele>137.35</ele><time>2025-10-20T13:50:51.584Z</time></trkpt><trkpt lat="47.60864520" lon="19.14689090"><ele>137.35</ele><time>2025-10-20T13:50:51.785Z</time></trkpt><trkpt lat="47.60864520" lon="19.14689090"><ele>137.34</ele><time>2025-10-20T13:50:51.986Z</time></trkpt><trkpt lat="47.60864520" lon="19.14689090"><ele>137.34</ele><time>2025-10-20T13:50:52.186Z</time></trkpt><trkpt lat="47.60864520" lon="19.14689100"><ele>137.34</ele><time>2025-10-20T13:50:52.370Z</time></trkpt><trkpt lat="47.60864530" lon="19.14689100"><ele>137.34</ele><time>2025-10-20T13:50:52.571Z</time></trkpt><trkpt lat="47.60864530" lon="19.14689090"><ele>137.34</ele><time>2025-10-20T13:50:52.773Z</time></trkpt><trkpt lat="47.60864530" lon="19.14689090"><ele>137.34</ele><time>2025-10-20T13:50:52.974Z</time></trkpt><trkpt lat="47.60864530" lon="19.14689090"><ele>137.34</ele><time>2025-10-20T13:50:53.174Z</time></trkpt><trkpt lat="47.60864530" lon="19.14689090"><ele>137.34</ele><time>2025-10-20T13:50:53.376Z</time></trkpt><trkpt lat="47.60864530" lon="19.14689090"><ele>137.34</ele><time>2025-10-20T13:50:53.575Z</time></trkpt><trkpt lat="47.60864530" lon="19.14689090"><ele>137.34</ele><time>2025-10-20T13:50:53.776Z</time></trkpt><trkpt lat="47.60864530" lon="19.14689090"><ele>137.34</ele><time>2025-10-20T13:50:53.976Z</time></trkpt><trkpt lat="47.60864530" lon="19.14689090"><ele>137.34</ele><time>2025-10-20T13:50:54.179Z</time></trkpt><trkpt lat="47.60864530" lon="19.14689090"><ele>137.34</ele><time>2025-10-20T13:50:54.379Z</time></trkpt><trkpt lat="47.60864520" lon="19.14689080"><ele>137.34</ele><time>2025-10-20T13:50:54.580Z</time></trkpt><trkpt lat="47.60864520" lon="19.14689080"><ele>137.35</ele><time>2025-10-20T13:50:54.782Z</time></trkpt><trkpt lat="47.60864520" lon="19.14689080"><ele>137.35</ele><time>2025-10-20T13:50:54.983Z</time></trkpt><trkpt lat="47.60864520" lon="19.14689080"><ele>137.35</ele><time>2025-10-20T13:50:55.184Z</time></trkpt><trkpt lat="47.60864520" lon="19.14689080"><ele>137.35</ele><time>2025-10-20T13:50:55.384Z</time></trkpt><trkpt lat="47.60864520" lon="19.14689080"><ele>137.35</ele><time>2025-10-20T13:50:55.585Z</time></trkpt><trkpt lat="47.60864510" lon="19.14689080"><ele>137.35</ele><time>2025-10-20T13:50:55.787Z</time></trkpt><trkpt lat="47.60864510" lon="19.14689080"><ele>137.35</ele><time>2025-10-20T13:50:55.988Z</time></trkpt><trkpt lat="47.60864520" lon="19.14689080"><ele>137.35</ele><time>2025-10-20T13:50:56.189Z</time></trkpt><trkpt lat="47.60864520" lon="19.14689080"><ele>137.35</ele><time>2025-10-20T13:50:56.372Z</time></trkpt><trkpt lat="47.60864520" lon="19.14689080"><ele>137.35</ele><time>2025-10-20T13:50:56.572Z</time></trkpt><trkpt lat="47.60864520" lon="19.14689080"><ele>137.35</ele><time>2025-10-20T13:50:56.772Z</time></trkpt><trkpt lat="47.60864520" lon="19.14689080"><ele>137.36</ele><time>2025-10-20T13:50:56.973Z</time></trkpt><trkpt lat="47.60864520" lon="19.14689080"><ele>137.36</ele><time>2025-10-20T13:50:57.173Z</time></trkpt><trkpt lat="47.60864520" lon="19.14689080"><ele>137.36</ele><time>2025-10-20T13:50:57.375Z</time></trkpt><trkpt lat="47.60864520" lon="19.14689080"><ele>137.36</ele><time>2025-10-20T13:50:57.576Z</time></trkpt><trkpt lat="47.60864520" lon="19.14689070"><ele>137.35</ele><time>2025-10-20T13:50:57.777Z</time></trkpt><trkpt lat="47.60864520" lon="19.14689070"><ele>137.35</ele><time>2025-10-20T13:50:57.998Z</time></trkpt><trkpt lat="47.60864530" lon="19.14689070"><ele>137.34</ele><time>2025-10-20T13:50:58.179Z</time></trkpt><trkpt lat="47.60864530" lon="19.14689070"><ele>137.34</ele><time>2025-10-20T13:50:58.384Z</time></trkpt><trkpt lat="47.60864530" lon="19.14689070"><ele>137.34</ele><time>2025-10-20T13:50:58.584Z</time></trkpt><trkpt lat="47.60864540" lon="19.14689060"><ele>137.33</ele><time>2025-10-20T13:50:58.785Z</time></trkpt><trkpt lat="47.60864540" lon="19.14689070"><ele>137.33</ele><time>2025-10-20T13:50:58.985Z</time></trkpt><trkpt lat="47.60864540" lon="19.14689070"><ele>137.33</ele><time>2025-10-20T13:50:59.185Z</time></trkpt><trkpt lat="47.60864540" lon="19.14689070"><ele>137.33</ele><time>2025-10-20T13:50:59.386Z</time></trkpt><trkpt lat="47.60864540" lon="19.14689070"><ele>137.34</ele><time>2025-10-20T13:50:59.586Z</time></trkpt><trkpt lat="47.60864540" lon="19.14689070"><ele>137.33</ele><time>2025-10-20T13:50:59.788Z</time></trkpt><trkpt lat="47.60864540" lon="19.14689070"><ele>137.33</ele><time>2025-10-20T13:50:59.989Z</time></trkpt><trkpt lat="47.60864540" lon="19.14689070"><ele>137.33</ele><time>2025-10-20T13:51:00.188Z</time></trkpt><trkpt lat="47.60864540" lon="19.14689070"><ele>137.34</ele><time>2025-10-20T13:51:00.393Z</time></trkpt><trkpt lat="47.60864540" lon="19.14689070"><ele>137.34</ele><time>2025-10-20T13:51:00.595Z</time></trkpt><trkpt lat="47.60864540" lon="19.14689080"><ele>137.35</ele><time>2025-10-20T13:51:00.798Z</time></trkpt><trkpt lat="47.60864540" lon="19.14689080"><ele>137.34</ele><time>2025-10-20T13:51:00.998Z</time></trkpt><trkpt lat="47.60864540" lon="19.14689080"><ele>137.34</ele><time>2025-10-20T13:51:01.198Z</time></trkpt><trkpt lat="47.60864540" lon="19.14689080"><ele>137.34</ele><time>2025-10-20T13:51:01.399Z</time></trkpt><trkpt lat="47.60864540" lon="19.14689080"><ele>137.34</ele><time>2025-10-20T13:51:01.600Z</time></trkpt><trkpt lat="47.60864540" lon="19.14689080"><ele>137.34</ele><time>2025-10-20T13:51:01.801Z</time></trkpt><trkpt lat="47.60864540" lon="19.14689080"><ele>137.34</ele><time>2025-10-20T13:51:02.002Z</time></trkpt><trkpt lat="47.60864540" lon="19.14689080"><ele>137.34</ele><time>2025-10-20T13:51:02.203Z</time></trkpt><trkpt lat="47.60864540" lon="19.14689080"><ele>137.34</ele><time>2025-10-20T13:51:02.406Z</time></trkpt><trkpt lat="47.60864540" lon="19.14689080"><ele>137.34</ele><time>2025-10-20T13:51:02.607Z</time></trkpt><trkpt lat="47.60864540" lon="19.14689080"><ele>137.34</ele><time>2025-10-20T13:51:02.808Z</time></trkpt><trkpt lat="47.60864540" lon="19.14689080"><ele>137.34</ele><time>2025-10-20T13:51:03.008Z</time></trkpt><trkpt lat="47.60864540" lon="19.14689080"><ele>137.34</ele><time>2025-10-20T13:51:03.209Z</time></trkpt><trkpt lat="47.60864540" lon="19.14689080"><ele>137.34</ele><time>2025-10-20T13:51:03.410Z</time></trkpt><trkpt lat="47.60864530" lon="19.14689080"><ele>137.34</ele><time>2025-10-20T13:51:03.611Z</time></trkpt><trkpt lat="47.60864530" lon="19.14689080"><ele>137.33</ele><time>2025-10-20T13:51:03.812Z</time></trkpt><trkpt lat="47.60864520" lon="19.14689080"><ele>137.33</ele><time>2025-10-20T13:51:04.013Z</time></trkpt><trkpt lat="47.60864520" lon="19.14689080"><ele>137.33</ele><time>2025-10-20T13:51:04.213Z</time></trkpt><trkpt lat="47.60864520" lon="19.14689080"><ele>137.33</ele><time>2025-10-20T13:51:04.415Z</time></trkpt><trkpt lat="47.60864520" lon="19.14689080"><ele>137.33</ele><time>2025-10-20T13:51:04.616Z</time></trkpt><trkpt lat="47.60864520" lon="19.14689070"><ele>137.33</ele><time>2025-10-20T13:51:04.816Z</time></trkpt><trkpt lat="47.60864510" lon="19.14689070"><ele>137.33</ele><time>2025-10-20T13:51:05.016Z</time></trkpt><trkpt lat="47.60864510" lon="19.14689070"><ele>137.33</ele><time>2025-10-20T13:51:05.217Z</time></trkpt><trkpt lat="47.60864510" lon="19.14689070"><ele>137.33</ele><time>2025-10-20T13:51:05.421Z</time></trkpt><trkpt lat="47.60864510" lon="19.14689070"><ele>137.33</ele><time>2025-10-20T13:51:05.622Z</time></trkpt><trkpt lat="47.60864510" lon="19.14689070"><ele>137.33</ele><time>2025-10-20T13:51:05.823Z</time></trkpt><trkpt lat="47.60864510" lon="19.14689070"><ele>137.33</ele><time>2025-10-20T13:51:06.023Z</time></trkpt><trkpt lat="47.60864520" lon="19.14689070"><ele>137.34</ele><time>2025-10-20T13:51:06.225Z</time></trkpt><trkpt lat="47.60864520" lon="19.14689060"><ele>137.34</ele><time>2025-10-20T13:51:06.426Z</time></trkpt><trkpt lat="47.60864520" lon="19.14689060"><ele>137.34</ele><time>2025-10-20T13:51:06.626Z</time></trkpt><trkpt lat="47.60864520" lon="19.14689060"><ele>137.34</ele><time>2025-10-20T13:51:06.827Z</time></trkpt><trkpt lat="47.60864520" lon="19.14689070"><ele>137.34</ele><time>2025-10-20T13:51:07.027Z</time></trkpt><trkpt lat="47.60864520" lon="19.14689070"><ele>137.34</ele><time>2025-10-20T13:51:07.231Z</time></trkpt><trkpt lat="47.60864530" lon="19.14689070"><ele>137.34</ele><time>2025-10-20T13:51:07.417Z</time></trkpt><trkpt lat="47.60864530" lon="19.14689060"><ele>137.35</ele><time>2025-10-20T13:51:07.618Z</time></trkpt><trkpt lat="47.60864520" lon="19.14689060"><ele>137.35</ele><time>2025-10-20T13:51:07.820Z</time></trkpt><trkpt lat="47.60864520" lon="19.14689060"><ele>137.35</ele><time>2025-10-20T13:51:08.020Z</time></trkpt><trkpt lat="47.60864520" lon="19.14689060"><ele>137.34</ele><time>2025-10-20T13:51:08.221Z</time></trkpt><trkpt lat="47.60864520" lon="19.14689060"><ele>137.35</ele><time>2025-10-20T13:51:08.425Z</time></trkpt><trkpt lat="47.60864520" lon="19.14689060"><ele>137.35</ele><time>2025-10-20T13:51:08.625Z</time></trkpt><trkpt lat="47.60864520" lon="19.14689060"><ele>137.35</ele><time>2025-10-20T13:51:08.826Z</time></trkpt><trkpt lat="47.60864520" lon="19.14689060"><ele>137.36</ele><time>2025-10-20T13:51:09.026Z</time></trkpt><trkpt lat="47.60864520" lon="19.14689060"><ele>137.36</ele><time>2025-10-20T13:51:09.226Z</time></trkpt><trkpt lat="47.60864520" lon="19.14689060"><ele>137.36</ele><time>2025-10-20T13:51:09.430Z</time></trkpt><trkpt lat="47.60864530" lon="19.14689060"><ele>137.36</ele><time>2025-10-20T13:51:09.631Z</time></trkpt><trkpt lat="47.60864530" lon="19.14689060"><ele>137.36</ele><time>2025-10-20T13:51:09.833Z</time></trkpt><trkpt lat="47.60864530" lon="19.14689060"><ele>137.36</ele><time>2025-10-20T13:51:10.033Z</time></trkpt><trkpt lat="47.60864530" lon="19.14689060"><ele>137.37</ele><time>2025-10-20T13:51:10.235Z</time></trkpt><trkpt lat="47.60864530" lon="19.14689050"><ele>137.36</ele><time>2025-10-20T13:51:10.436Z</time></trkpt><trkpt lat="47.60864530" lon="19.14689050"><ele>137.37</ele><time>2025-10-20T13:51:10.636Z</time></trkpt><trkpt lat="47.60864530" lon="19.14689050"><ele>137.37</ele><time>2025-10-20T13:51:10.837Z</time></trkpt><trkpt lat="47.60864520" lon="19.14689050"><ele>137.37</ele><time>2025-10-20T13:51:11.038Z</time></trkpt><trkpt lat="47.60864520" lon="19.14689050"><ele>137.37</ele><time>2025-10-20T13:51:11.240Z</time></trkpt><trkpt lat="47.60864520" lon="19.14689060"><ele>137.37</ele><time>2025-10-20T13:51:11.424Z</time></trkpt><trkpt lat="47.60864520" lon="19.14689060"><ele>137.37</ele><time>2025-10-20T13:51:11.644Z</time></trkpt><trkpt lat="47.60864520" lon="19.14689060"><ele>137.36</ele><time>2025-10-20T13:51:11.826Z</time></trkpt><trkpt lat="47.60864510" lon="19.14689060"><ele>137.36</ele><time>2025-10-20T13:51:12.026Z</time></trkpt><trkpt lat="47.60864510" lon="19.14689060"><ele>137.36</ele><time>2025-10-20T13:51:12.230Z</time></trkpt><trkpt lat="47.60864510" lon="19.14689060"><ele>137.36</ele><time>2025-10-20T13:51:12.434Z</time></trkpt><trkpt lat="47.60864510" lon="19.14689060"><ele>137.36</ele><time>2025-10-20T13:51:12.634Z</time></trkpt><trkpt lat="47.60864510" lon="19.14689060"><ele>137.35</ele><time>2025-10-20T13:51:12.836Z</time></trkpt><trkpt lat="47.60864510" lon="19.14689060"><ele>137.35</ele><time>2025-10-20T13:51:13.037Z</time></trkpt><trkpt lat="47.60864510" lon="19.14689060"><ele>137.35</ele><time>2025-10-20T13:51:13.238Z</time></trkpt><trkpt lat="47.60864510" lon="19.14689070"><ele>137.35</ele><time>2025-10-20T13:51:13.439Z</time></trkpt><trkpt lat="47.60864510" lon="19.14689070"><ele>137.36</ele><time>2025-10-20T13:51:13.661Z</time></trkpt><trkpt lat="47.60864510" lon="19.14689070"><ele>137.36</ele><time>2025-10-20T13:51:13.843Z</time></trkpt><trkpt lat="47.60864510" lon="19.14689070"><ele>137.36</ele><time>2025-10-20T13:51:14.043Z</time></trkpt><trkpt lat="47.60864510" lon="19.14689070"><ele>137.36</ele><time>2025-10-20T13:51:14.243Z</time></trkpt><trkpt lat="47.60864520" lon="19.14689070"><ele>137.36</ele><time>2025-10-20T13:51:14.444Z</time></trkpt><trkpt lat="47.60864520" lon="19.14689070"><ele>137.36</ele><time>2025-10-20T13:51:14.645Z</time></trkpt><trkpt lat="47.60864520" lon="19.14689070"><ele>137.35</ele><time>2025-10-20T13:51:14.847Z</time></trkpt><trkpt lat="47.60864530" lon="19.14689070"><ele>137.35</ele><time>2025-10-20T13:51:15.047Z</time></trkpt><trkpt lat="47.60864530" lon="19.14689070"><ele>137.34</ele><time>2025-10-20T13:51:15.250Z</time></trkpt><trkpt lat="47.60864530" lon="19.14689070"><ele>137.34</ele><time>2025-10-20T13:51:15.453Z</time></trkpt><trkpt lat="47.60864530" lon="19.14689070"><ele>137.34</ele><time>2025-10-20T13:51:15.655Z</time></trkpt><trkpt lat="47.60864530" lon="19.14689070"><ele>137.34</ele><time>2025-10-20T13:51:15.857Z</time></trkpt><trkpt lat="47.60864540" lon="19.14689070"><ele>137.34</ele><time>2025-10-20T13:51:16.057Z</time></trkpt><trkpt lat="47.60864540" lon="19.14689070"><ele>137.34</ele><time>2025-10-20T13:51:16.263Z</time></trkpt><trkpt lat="47.60864540" lon="19.14689080"><ele>137.34</ele><time>2025-10-20T13:51:16.464Z</time></trkpt><trkpt lat="47.60864530" lon="19.14689080"><ele>137.34</ele><time>2025-10-20T13:51:16.664Z</time></trkpt><trkpt lat="47.60864530" lon="19.14689080"><ele>137.34</ele><time>2025-10-20T13:51:16.864Z</time></trkpt><trkpt lat="47.60864530" lon="19.14689080"><ele>137.34</ele><time>2025-10-20T13:51:17.065Z</time></trkpt><trkpt lat="47.60864520" lon="19.14689080"><ele>137.34</ele><time>2025-10-20T13:51:17.269Z</time></trkpt><trkpt lat="47.60864520" lon="19.14689090"><ele>137.34</ele><time>2025-10-20T13:51:17.472Z</time></trkpt><trkpt lat="47.60864530" lon="19.14689090"><ele>137.33</ele><time>2025-10-20T13:51:17.673Z</time></trkpt><trkpt lat="47.60864530" lon="19.14689090"><ele>137.34</ele><time>2025-10-20T13:51:17.873Z</time></trkpt><trkpt lat="47.60864530" lon="19.14689090"><ele>137.34</ele><time>2025-10-20T13:51:18.073Z</time></trkpt><trkpt lat="47.60864530" lon="19.14689090"><ele>137.34</ele><time>2025-10-20T13:51:18.274Z</time></trkpt><trkpt lat="47.60864540" lon="19.14689100"><ele>137.34</ele><time>2025-10-20T13:51:18.476Z</time></trkpt><trkpt lat="47.60864540" lon="19.14689100"><ele>137.34</ele><time>2025-10-20T13:51:18.677Z</time></trkpt><trkpt lat="47.60864540" lon="19.14689100"><ele>137.34</ele><time>2025-10-20T13:51:18.876Z</time></trkpt><trkpt lat="47.60864540" lon="19.14689100"><ele>137.34</ele><time>2025-10-20T13:51:19.077Z</time></trkpt><trkpt lat="47.60864540" lon="19.14689100"><ele>137.35</ele><time>2025-10-20T13:51:19.281Z</time></trkpt><trkpt lat="47.60864540" lon="19.14689100"><ele>137.35</ele><time>2025-10-20T13:51:19.481Z</time></trkpt><trkpt lat="47.60864540" lon="19.14689100"><ele>137.36</ele><time>2025-10-20T13:51:19.680Z</time></trkpt><trkpt lat="47.60864540" lon="19.14689100"><ele>137.36</ele><time>2025-10-20T13:51:19.881Z</time></trkpt><trkpt lat="47.60864540" lon="19.14689100"><ele>137.36</ele><time>2025-10-20T13:51:20.081Z</time></trkpt><trkpt lat="47.60864540" lon="19.14689100"><ele>137.36</ele><time>2025-10-20T13:51:20.284Z</time></trkpt><trkpt lat="47.60864540" lon="19.14689100"><ele>137.36</ele><time>2025-10-20T13:51:20.485Z</time></trkpt><trkpt lat="47.60864540" lon="19.14689090"><ele>137.37</ele><time>2025-10-20T13:51:20.685Z</time></trkpt><trkpt lat="47.60864540" lon="19.14689090"><ele>137.36</ele><time>2025-10-20T13:51:20.885Z</time></trkpt><trkpt lat="47.60864540" lon="19.14689080"><ele>137.36</ele><time>2025-10-20T13:51:21.085Z</time></trkpt><trkpt lat="47.60864540" lon="19.14689080"><ele>137.37</ele><time>2025-10-20T13:51:21.285Z</time></trkpt><trkpt lat="47.60864540" lon="19.14689080"><ele>137.37</ele><time>2025-10-20T13:51:21.487Z</time></trkpt><trkpt lat="47.60864540" lon="19.14689080"><ele>137.37</ele><time>2025-10-20T13:51:21.687Z</time></trkpt><trkpt lat="47.60864540" lon="19.14689080"><ele>137.37</ele><time>2025-10-20T13:51:21.888Z</time></trkpt><trkpt lat="47.60864540" lon="19.14689080"><ele>137.36</ele><time>2025-10-20T13:51:22.089Z</time></trkpt><trkpt lat="47.60864540" lon="19.14689080"><ele>137.36</ele><time>2025-10-20T13:51:22.293Z</time></trkpt><trkpt lat="47.60864540" lon="19.14689080"><ele>137.36</ele><time>2025-10-20T13:51:22.493Z</time></trkpt><trkpt lat="47.60864540" lon="19.14689080"><ele>137.36</ele><time>2025-10-20T13:51:22.693Z</time></trkpt><trkpt lat="47.60864540" lon="19.14689080"><ele>137.36</ele><time>2025-10-20T13:51:22.894Z</time></trkpt><trkpt lat="47.60864540" lon="19.14689070"><ele>137.35</ele><time>2025-10-20T13:51:23.094Z</time></trkpt><trkpt lat="47.60864540" lon="19.14689070"><ele>137.35</ele><time>2025-10-20T13:51:23.294Z</time></trkpt><trkpt lat="47.60864540" lon="19.14689080"><ele>137.36</ele><time>2025-10-20T13:51:23.495Z</time></trkpt><trkpt lat="47.60864540" lon="19.14689080"><ele>137.36</ele><time>2025-10-20T13:51:23.695Z</time></trkpt><trkpt lat="47.60864530" lon="19.14689080"><ele>137.36</ele><time>2025-10-20T13:51:23.896Z</time></trkpt><trkpt lat="47.60864530" lon="19.14689080"><ele>137.36</ele><time>2025-10-20T13:51:24.096Z</time></trkpt><trkpt lat="47.60864530" lon="19.14689080"><ele>137.36</ele><time>2025-10-20T13:51:24.280Z</time></trkpt><trkpt lat="47.60864530" lon="19.14689070"><ele>137.36</ele><time>2025-10-20T13:51:24.485Z</time></trkpt><trkpt lat="47.60864530" lon="19.14689070"><ele>137.36</ele><time>2025-10-20T13:51:24.686Z</time></trkpt><trkpt lat="47.60864540" lon="19.14689070"><ele>137.36</ele><time>2025-10-20T13:51:24.888Z</time></trkpt><trkpt lat="47.60864540" lon="19.14689070"><ele>137.36</ele><time>2025-10-20T13:51:25.089Z</time></trkpt><trkpt lat="47.60864540" lon="19.14689070"><ele>137.36</ele><time>2025-10-20T13:51:25.293Z</time></trkpt><trkpt lat="47.60864540" lon="19.14689070"><ele>137.36</ele><time>2025-10-20T13:51:25.496Z</time></trkpt><trkpt lat="47.60864540" lon="19.14689070"><ele>137.36</ele><time>2025-10-20T13:51:25.696Z</time></trkpt><trkpt lat="47.60864540" lon="19.14689070"><ele>137.36</ele><time>2025-10-20T13:51:25.900Z</time></trkpt><trkpt lat="47.60864550" lon="19.14689070"><ele>137.36</ele><time>2025-10-20T13:51:26.103Z</time></trkpt><trkpt lat="47.60864550" lon="19.14689070"><ele>137.37</ele><time>2025-10-20T13:51:26.303Z</time></trkpt><trkpt lat="47.60864550" lon="19.14689070"><ele>137.37</ele><time>2025-10-20T13:51:26.504Z</time></trkpt><trkpt lat="47.60864560" lon="19.14689070"><ele>137.37</ele><time>2025-10-20T13:51:26.705Z</time></trkpt><trkpt lat="47.60864550" lon="19.14689070"><ele>137.36</ele><time>2025-10-20T13:51:26.906Z</time></trkpt><trkpt lat="47.60864550" lon="19.14689070"><ele>137.36</ele><time>2025-10-20T13:51:27.107Z</time></trkpt><trkpt lat="47.60864550" lon="19.14689070"><ele>137.36</ele><time>2025-10-20T13:51:27.292Z</time></trkpt><trkpt lat="47.60864550" lon="19.14689070"><ele>137.36</ele><time>2025-10-20T13:51:27.493Z</time></trkpt><trkpt lat="47.60864550" lon="19.14689070"><ele>137.36</ele><time>2025-10-20T13:51:27.693Z</time></trkpt><trkpt lat="47.60864550" lon="19.14689070"><ele>137.36</ele><time>2025-10-20T13:51:27.894Z</time></trkpt><trkpt lat="47.60864550" lon="19.14689070"><ele>137.35</ele><time>2025-10-20T13:51:28.094Z</time></trkpt><trkpt lat="47.60864550" lon="19.14689070"><ele>137.35</ele><time>2025-10-20T13:51:28.293Z</time></trkpt><trkpt lat="47.60864540" lon="19.14689070"><ele>137.35</ele><time>2025-10-20T13:51:28.497Z</time></trkpt><trkpt lat="47.60864530" lon="19.14689070"><ele>137.35</ele><time>2025-10-20T13:51:28.698Z</time></trkpt><trkpt lat="47.60864530" lon="19.14689070"><ele>137.35</ele><time>2025-10-20T13:51:28.899Z</time></trkpt><trkpt lat="47.60864530" lon="19.14689070"><ele>137.35</ele><time>2025-10-20T13:51:29.099Z</time></trkpt><trkpt lat="47.60864530" lon="19.14689070"><ele>137.35</ele><time>2025-10-20T13:51:29.303Z</time></trkpt><trkpt lat="47.60864530" lon="19.14689070"><ele>137.35</ele><time>2025-10-20T13:51:29.503Z</time></trkpt><trkpt lat="47.60864530" lon="19.14689070"><ele>137.35</ele><time>2025-10-20T13:51:29.703Z</time></trkpt><trkpt lat="47.60864530" lon="19.14689080"><ele>137.35</ele><time>2025-10-20T13:51:29.904Z</time></trkpt><trkpt lat="47.60864530" lon="19.14689080"><ele>137.35</ele><time>2025-10-20T13:51:30.104Z</time></trkpt><trkpt lat="47.60864530" lon="19.14689080"><ele>137.35</ele><time>2025-10-20T13:51:30.306Z</time></trkpt><trkpt lat="47.60864530" lon="19.14689080"><ele>137.35</ele><time>2025-10-20T13:51:30.506Z</time></trkpt><trkpt lat="47.60864530" lon="19.14689080"><ele>137.34</ele><time>2025-10-20T13:51:30.706Z</time></trkpt><trkpt lat="47.60864530" lon="19.14689090"><ele>137.34</ele><time>2025-10-20T13:51:30.887Z</time></trkpt><trkpt lat="47.60864530" lon="19.14689090"><ele>137.33</ele><time>2025-10-20T13:51:31.088Z</time></trkpt><trkpt lat="47.60864530" lon="19.14689090"><ele>137.34</ele><time>2025-10-20T13:51:31.288Z</time></trkpt><trkpt lat="47.60864540" lon="19.14689090"><ele>137.34</ele><time>2025-10-20T13:51:31.490Z</time></trkpt><trkpt lat="47.60864540" lon="19.14689090"><ele>137.34</ele><time>2025-10-20T13:51:31.689Z</time></trkpt><trkpt lat="47.60864540" lon="19.14689080"><ele>137.34</ele><time>2025-10-20T13:51:31.891Z</time></trkpt><trkpt lat="47.60864540" lon="19.14689080"><ele>137.34</ele><time>2025-10-20T13:51:32.091Z</time></trkpt><trkpt lat="47.60864540" lon="19.14689080"><ele>137.34</ele><time>2025-10-20T13:51:32.291Z</time></trkpt><trkpt lat="47.60864540" lon="19.14689080"><ele>137.34</ele><time>2025-10-20T13:51:32.494Z</time></trkpt><trkpt lat="47.60864540" lon="19.14689080"><ele>137.34</ele><time>2025-10-20T13:51:32.695Z</time></trkpt><trkpt lat="47.60864550" lon="19.14689080"><ele>137.35</ele><time>2025-10-20T13:51:32.896Z</time></trkpt><trkpt lat="47.60864550" lon="19.14689070"><ele>137.35</ele><time>2025-10-20T13:51:33.096Z</time></trkpt><trkpt lat="47.60864550" lon="19.14689070"><ele>137.35</ele><time>2025-10-20T13:51:33.297Z</time></trkpt><trkpt lat="47.60864550" lon="19.14689070"><ele>137.36</ele><time>2025-10-20T13:51:33.499Z</time></trkpt><trkpt lat="47.60864550" lon="19.14689070"><ele>137.36</ele><time>2025-10-20T13:51:33.700Z</time></trkpt><trkpt lat="47.60864550" lon="19.14689070"><ele>137.36</ele><time>2025-10-20T13:51:33.901Z</time></trkpt><trkpt lat="47.60864550" lon="19.14689070"><ele>137.36</ele><time>2025-10-20T13:51:34.102Z</time></trkpt><trkpt lat="47.60864550" lon="19.14689060"><ele>137.36</ele><time>2025-10-20T13:51:34.302Z</time></trkpt><trkpt lat="47.60864550" lon="19.14689060"><ele>137.36</ele><time>2025-10-20T13:51:34.505Z</time></trkpt><trkpt lat="47.60864550" lon="19.14689070"><ele>137.37</ele><time>2025-10-20T13:51:34.707Z</time></trkpt><trkpt lat="47.60864550" lon="19.14689070"><ele>137.36</ele><time>2025-10-20T13:51:34.908Z</time></trkpt><trkpt lat="47.60864550" lon="19.14689060"><ele>137.36</ele><time>2025-10-20T13:51:35.109Z</time></trkpt><trkpt lat="47.60864550" lon="19.14689060"><ele>137.36</ele><time>2025-10-20T13:51:35.313Z</time></trkpt></trkseg></trk></gpx>