background,background_group,kind,output_v3,snr_db,source_clean,source_group,split
,,clean,output_v4/train/drone/clean_DJI_drones_noise_comparson_seg_002_0008149_0011899_0001200_0003749_seg_001_0000000_0002669.wav,,output_v4/clean_drone_segments/DJI_drones_noise_comparson_seg_002_0008149_0011899_0001200_0003749_seg_001_0000000_0002669.wav,dji_drones_noise_comparson_seg_002_0008149_0011899_0001200_0003749,train
output_v4/background_pool/air_conditioner_fold9_165454_8.wav,air_conditioner_air,augmented,output_v4/train/drone/aug_DJI_drones_noise_comparson_seg_002_0008149_0011899_0001200_0003749_seg_001_0000000_0002669_00_air_conditioner_fold9_165454_8.wav,14.956,output_v4/clean_drone_segments/DJI_drones_noise_comparson_seg_002_0008149_0011899_0001200_0003749_seg_001_0000000_0002669.wav,dji_drones_noise_comparson_seg_002_0008149_0011899_0001200_0003749,train
output_v4/background_pool/drilling_fold2_76086_36.wav,drilling_drilling,augmented,output_v4/train/drone/aug_DJI_drones_noise_comparson_seg_002_0008149_0011899_0001200_0003749_seg_001_0000000_0002669_01_drilling_fold2_76086_36.wav,13.648,output_v4/clean_drone_segments/DJI_drones_noise_comparson_seg_002_0008149_0011899_0001200_0003749_seg_001_0000000_0002669.wav,dji_drones_noise_comparson_seg_002_0008149_0011899_0001200_0003749,train
output_v4/background_pool/engine_idling_fold10_39847_0.wav,engine_idling_engine,augmented,output_v4/train/drone/aug_DJI_drones_noise_comparson_seg_002_0008149_0011899_0001200_0003749_seg_001_0000000_0002669_02_engine_idling_fold10_39847_0.wav,-4.808,output_v4/clean_drone_segments/DJI_drones_noise_comparson_seg_002_0008149_0011899_0001200_0003749_seg_001_0000000_0002669.wav,dji_drones_noise_comparson_seg_002_0008149_0011899_0001200_0003749,train
output_v4/background_pool/drilling_fold2_59594_4.wav,drilling_drilling,augmented,output_v4/train/drone/aug_DJI_drones_noise_comparson_seg_002_0008149_0011899_0001200_0003749_seg_001_0000000_0002669_03_drilling_fold2_59594_4.wav,-0.896,output_v4/clean_drone_segments/DJI_drones_noise_comparson_seg_002_0008149_0011899_0001200_0003749_seg_001_0000000_0002669.wav,dji_drones_noise_comparson_seg_002_0008149_0011899_0001200_0003749,train
,,clean,output_v4/train/drone/clean_DJI_drones_noise_comparson_seg_003_0016229_0020229_0001000_0004000_seg_001_0000000_0003120.wav,,output_v4/clean_drone_segments/DJI_drones_noise_comparson_seg_003_0016229_0020229_0001000_0004000_seg_001_0000000_0003120.wav,dji_drones_noise_comparson_seg_003_0016229_0020229_0001000_0004000,train
output_v4/background_pool/air_conditioner_fold8_162103_5.wav,air_conditioner_air,augmented,output_v4/train/drone/aug_DJI_drones_noise_comparson_seg_003_0016229_0020229_0001000_0004000_seg_001_0000000_0003120_00_air_conditioner_fold8_162103_5.wav,-2.153,output_v4/clean_drone_segments/DJI_drones_noise_comparson_seg_003_0016229_0020229_0001000_0004000_seg_001_0000000_0003120.wav,dji_drones_noise_comparson_seg_003_0016229_0020229_0001000_0004000,train
output_v4/background_pool/siren_fold6_124389_1.wav,siren_siren,augmented,output_v4/train/drone/aug_DJI_drones_noise_comparson_seg_003_0016229_0020229_0001000_0004000_seg_001_0000000_0003120_01_siren_fold6_124389_1.wav,9.017,output_v4/clean_drone_segments/DJI_drones_noise_comparson_seg_003_0016229_0020229_0001000_0004000_seg_001_0000000_0003120.wav,dji_drones_noise_comparson_seg_003_0016229_0020229_0001000_0004000,train
output_v4/background_pool/air_conditioner_fold4_195969_22.wav,air_conditioner_air,augmented,output_v4/train/drone/aug_DJI_drones_noise_comparson_seg_003_0016229_0020229_0001000_0004000_seg_001_0000000_0003120_02_air_conditioner_fold4_195969_22.wav,11.399,output_v4/clean_drone_segments/DJI_drones_noise_comparson_seg_003_0016229_0020229_0001000_0004000_seg_001_0000000_0003120.wav,dji_drones_noise_comparson_seg_003_0016229_0020229_0001000_0004000,train
output_v4/background_pool/siren_fold2_159750_5.wav,siren_siren,augmented,output_v4/train/drone/aug_DJI_drones_noise_comparson_seg_003_0016229_0020229_0001000_0004000_seg_001_0000000_0003120_03_siren_fold2_159750_5.wav,-0.265,output_v4/clean_drone_segments/DJI_drones_noise_comparson_seg_003_0016229_0020229_0001000_0004000_seg_001_0000000_0003120.wav,dji_drones_noise_comparson_seg_003_0016229_0020229_0001000_0004000,train
,,clean,output_v4/train/drone/clean_DJI_drones_noise_comparson_seg_004_0015849_0019849_0001200_0004000_seg_001_0000000_0002920.wav,,output_v4/clean_drone_segments/DJI_drones_noise_comparson_seg_004_0015849_0019849_0001200_0004000_seg_001_0000000_0002920.wav,dji_drones_noise_comparson_seg_004_0015849_0019849_0001200_0004000,train
output_v4/background_pool/drilling_fold10_187863_5.wav,drilling_drilling,augmented,output_v4/train/drone/aug_DJI_drones_noise_comparson_seg_004_0015849_0019849_0001200_0004000_seg_001_0000000_0002920_00_drilling_fold10_187863_5.wav,1.525,output_v4/clean_drone_segments/DJI_drones_noise_comparson_seg_004_0015849_0019849_0001200_0004000_seg_001_0000000_0002920.wav,dji_drones_noise_comparson_seg_004_0015849_0019849_0001200_0004000,train
output_v4/background_pool/engine_idling_fold7_194962_1.wav,engine_idling_engine,augmented,output_v4/train/drone/aug_DJI_drones_noise_comparson_seg_004_0015849_0019849_0001200_0004000_seg_001_0000000_0002920_01_engine_idling_fold7_194962_1.wav,10.403,output_v4/clean_drone_segments/DJI_drones_noise_comparson_seg_004_0015849_0019849_0001200_0004000_seg_001_0000000_0002920.wav,dji_drones_noise_comparson_seg_004_0015849_0019849_0001200_0004000,train
output_v4/background_pool/air_conditioner_fold7_177729_83.wav,air_conditioner_air,augmented,output_v4/train/drone/aug_DJI_drones_noise_comparson_seg_004_0015849_0019849_0001200_0004000_seg_001_0000000_0002920_02_air_conditioner_fold7_177729_83.wav,-2.585,output_v4/clean_drone_segments/DJI_drones_noise_comparson_seg_004_0015849_0019849_0001200_0004000_seg_001_0000000_0002920.wav,dji_drones_noise_comparson_seg_004_0015849_0019849_0001200_0004000,train
output_v4/background_pool/engine_idling_fold1_44736_1.wav,engine_idling_engine,augmented,output_v4/train/drone/aug_DJI_drones_noise_comparson_seg_004_0015849_0019849_0001200_0004000_seg_001_0000000_0002920_03_engine_idling_fold1_44736_1.wav,-2.602,output_v4/clean_drone_segments/DJI_drones_noise_comparson_seg_004_0015849_0019849_0001200_0004000_seg_001_0000000_0002920.wav,dji_drones_noise_comparson_seg_004_0015849_0019849_0001200_0004000,train
,,clean,output_v4/train/drone/clean_DJI_drones_noise_comparson_seg_010_0037798_0041798_0001000_0003088_seg_001_0000000_0002208.wav,,output_v4/clean_drone_segments/DJI_drones_noise_comparson_seg_010_0037798_0041798_0001000_0003088_seg_001_0000000_0002208.wav,dji_drones_noise_comparson_seg_010_0037798_0041798_0001000_0003088,train
output_v4/background_pool/siren_fold3_22601_16.wav,siren_siren,augmented,output_v4/train/drone/aug_DJI_drones_noise_comparson_seg_010_0037798_0041798_0001000_0003088_seg_001_0000000_0002208_00_siren_fold3_22601_16.wav,1.556,output_v4/clean_drone_segments/DJI_drones_noise_comparson_seg_010_0037798_0041798_0001000_0003088_seg_001_0000000_0002208.wav,dji_drones_noise_comparson_seg_010_0037798_0041798_0001000_0003088,train
output_v4/background_pool/siren_fold3_22601_47.wav,siren_siren,augmented,output_v4/train/drone/aug_DJI_drones_noise_comparson_seg_010_0037798_0041798_0001000_0003088_seg_001_0000000_0002208_01_siren_fold3_22601_47.wav,0.977,output_v4/clean_drone_segments/DJI_drones_noise_comparson_seg_010_0037798_0041798_0001000_0003088_seg_001_0000000_0002208.wav,dji_drones_noise_comparson_seg_010_0037798_0041798_0001000_0003088,train
output_v4/background_pool/air_conditioner_fold3_177742_203.wav,air_conditioner_air,augmented,output_v4/train/drone/aug_DJI_drones_noise_comparson_seg_010_0037798_0041798_0001000_0003088_seg_001_0000000_0002208_02_air_conditioner_fold3_177742_203.wav,6.119,output_v4/clean_drone_segments/DJI_drones_noise_comparson_seg_010_0037798_0041798_0001000_0003088_seg_001_0000000_0002208.wav,dji_drones_noise_comparson_seg_010_0037798_0041798_0001000_0003088,train
output_v4/background_pool/jackhammer_fold8_24728_0.wav,jackhammer_jackhammer,augmented,output_v4/train/drone/aug_DJI_drones_noise_comparson_seg_010_0037798_0041798_0001000_0003088_seg_001_0000000_0002208_03_jackhammer_fold8_24728_0.wav,-2.204,output_v4/clean_drone_segments/DJI_drones_noise_comparson_seg_010_0037798_0041798_0001000_0003088_seg_001_0000000_0002208.wav,dji_drones_noise_comparson_seg_010_0037798_0041798_0001000_0003088,train
,,clean,output_v4/train/drone/clean_DJI_drones_noise_comparson_seg_017_0061997_0065997_0001000_0004000_seg_001_0000000_0003120.wav,,output_v4/clean_drone_segments/DJI_drones_noise_comparson_seg_017_0061997_0065997_0001000_0004000_seg_001_0000000_0003120.wav,dji_drones_noise_comparson_seg_017_0061997_0065997_0001000_0004000,train
output_v4/background_pool/jackhammer_fold1_180937_30.wav,jackhammer_jackhammer,augmented,output_v4/train/drone/aug_DJI_drones_noise_comparson_seg_017_0061997_0065997_0001000_0004000_seg_001_0000000_0003120_00_jackhammer_fold1_180937_30.wav,8.726,output_v4/clean_drone_segments/DJI_drones_noise_comparson_seg_017_0061997_0065997_0001000_0004000_seg_001_0000000_0003120.wav,dji_drones_noise_comparson_seg_017_0061997_0065997_0001000_0004000,train
output_v4/background_pool/air_conditioner_fold4_195969_22.wav,air_conditioner_air,augmented,output_v4/train/drone/aug_DJI_drones_noise_comparson_seg_017_0061997_0065997_0001000_0004000_seg_001_0000000_0003120_01_air_conditioner_fold4_195969_22.wav,-3.5,output_v4/clean_drone_segments/DJI_drones_noise_comparson_seg_017_0061997_0065997_0001000_0004000_seg_001_0000000_0003120.wav,dji_drones_noise_comparson_seg_017_0061997_0065997_0001000_0004000,train
output_v4/background_pool/jackhammer_fold3_62837_64.wav,jackhammer_jackhammer,augmented,output_v4/train/drone/aug_DJI_drones_noise_comparson_seg_017_0061997_0065997_0001000_0004000_seg_001_0000000_0003120_02_jackhammer_fold3_62837_64.wav,13.102,output_v4/clean_drone_segments/DJI_drones_noise_comparson_seg_017_0061997_0065997_0001000_0004000_seg_001_0000000_0003120.wav,dji_drones_noise_comparson_seg_017_0061997_0065997_0001000_0004000,train
output_v4/background_pool/engine_idling_fold9_39856_0.wav,engine_idling_engine,augmented,output_v4/train/drone/aug_DJI_drones_noise_comparson_seg_017_0061997_0065997_0001000_0004000_seg_001_0000000_0003120_03_engine_idling_fold9_39856_0.wav,-1.64,output_v4/clean_drone_segments/DJI_drones_noise_comparson_seg_017_0061997_0065997_0001000_0004000_seg_001_0000000_0003120.wav,dji_drones_noise_comparson_seg_017_0061997_0065997_0001000_0004000,train
,,clean,output_v4/val/drone/clean_DJI_drones_noise_comparson_seg_018_0065747_0069747_0001000_0004000_seg_001_0000000_0003120.wav,,output_v4/clean_drone_segments/DJI_drones_noise_comparson_seg_018_0065747_0069747_0001000_0004000_seg_001_0000000_0003120.wav,dji_drones_noise_comparson_seg_018_0065747_0069747_0001000_0004000,val
output_v4/background_pool/air_conditioner_fold9_101729_23.wav,air_conditioner_air,augmented,output_v4/val/drone/aug_DJI_drones_noise_comparson_seg_018_0065747_0069747_0001000_0004000_seg_001_0000000_0003120_00_air_conditioner_fold9_101729_23.wav,-1.544,output_v4/clean_drone_segments/DJI_drones_noise_comparson_seg_018_0065747_0069747_0001000_0004000_seg_001_0000000_0003120.wav,dji_drones_noise_comparson_seg_018_0065747_0069747_0001000_0004000,val
output_v4/background_pool/jackhammer_fold10_188813_0.wav,jackhammer_jackhammer,augmented,output_v4/val/drone/aug_DJI_drones_noise_comparson_seg_018_0065747_0069747_0001000_0004000_seg_001_0000000_0003120_01_jackhammer_fold10_188813_0.wav,-2.027,output_v4/clean_drone_segments/DJI_drones_noise_comparson_seg_018_0065747_0069747_0001000_0004000_seg_001_0000000_0003120.wav,dji_drones_noise_comparson_seg_018_0065747_0069747_0001000_0004000,val
output_v4/background_pool/air_conditioner_fold9_165454_8.wav,air_conditioner_air,augmented,output_v4/val/drone/aug_DJI_drones_noise_comparson_seg_018_0065747_0069747_0001000_0004000_seg_001_0000000_0003120_02_air_conditioner_fold9_165454_8.wav,6.014,output_v4/clean_drone_segments/DJI_drones_noise_comparson_seg_018_0065747_0069747_0001000_0004000_seg_001_0000000_0003120.wav,dji_drones_noise_comparson_seg_018_0065747_0069747_0001000_0004000,val
output_v4/background_pool/siren_fold2_102871_5.wav,siren_siren,augmented,output_v4/val/drone/aug_DJI_drones_noise_comparson_seg_018_0065747_0069747_0001000_0004000_seg_001_0000000_0003120_03_siren_fold2_102871_5.wav,12.693,output_v4/clean_drone_segments/DJI_drones_noise_comparson_seg_018_0065747_0069747_0001000_0004000_seg_001_0000000_0003120.wav,dji_drones_noise_comparson_seg_018_0065747_0069747_0001000_0004000,val
,,clean,output_v4/val/drone/clean_DJI_drones_noise_comparson_seg_019_0069497_0073497_0001000_0004000_seg_001_0000000_0003120.wav,,output_v4/clean_drone_segments/DJI_drones_noise_comparson_seg_019_0069497_0073497_0001000_0004000_seg_001_0000000_0003120.wav,dji_drones_noise_comparson_seg_019_0069497_0073497_0001000_0004000,val
output_v4/background_pool/drilling_fold2_76086_36.wav,drilling_drilling,augmented,output_v4/val/drone/aug_DJI_drones_noise_comparson_seg_019_0069497_0073497_0001000_0004000_seg_001_0000000_0003120_00_drilling_fold2_76086_36.wav,2.182,output_v4/clean_drone_segments/DJI_drones_noise_comparson_seg_019_0069497_0073497_0001000_0004000_seg_001_0000000_0003120.wav,dji_drones_noise_comparson_seg_019_0069497_0073497_0001000_0004000,val
output_v4/background_pool/engine_idling_fold2_177592_2.wav,engine_idling_engine,augmented,output_v4/val/drone/aug_DJI_drones_noise_comparson_seg_019_0069497_0073497_0001000_0004000_seg_001_0000000_0003120_01_engine_idling_fold2_177592_2.wav,2.768,output_v4/clean_drone_segments/DJI_drones_noise_comparson_seg_019_0069497_0073497_0001000_0004000_seg_001_0000000_0003120.wav,dji_drones_noise_comparson_seg_019_0069497_0073497_0001000_0004000,val
output_v4/background_pool/siren_fold10_159742_13.wav,siren_siren,augmented,output_v4/val/drone/aug_DJI_drones_noise_comparson_seg_019_0069497_0073497_0001000_0004000_seg_001_0000000_0003120_02_siren_fold10_159742_13.wav,10.571,output_v4/clean_drone_segments/DJI_drones_noise_comparson_seg_019_0069497_0073497_0001000_0004000_seg_001_0000000_0003120.wav,dji_drones_noise_comparson_seg_019_0069497_0073497_0001000_0004000,val
output_v4/background_pool/drilling_fold2_76086_17.wav,drilling_drilling,augmented,output_v4/val/drone/aug_DJI_drones_noise_comparson_seg_019_0069497_0073497_0001000_0004000_seg_001_0000000_0003120_03_drilling_fold2_76086_17.wav,-0.345,output_v4/clean_drone_segments/DJI_drones_noise_comparson_seg_019_0069497_0073497_0001000_0004000_seg_001_0000000_0003120.wav,dji_drones_noise_comparson_seg_019_0069497_0073497_0001000_0004000,val
,,clean,output_v4/train/drone/clean_DJI_drones_noise_comparson_seg_020_0073247_0077247_0001000_0004000_seg_001_0000000_0003120.wav,,output_v4/clean_drone_segments/DJI_drones_noise_comparson_seg_020_0073247_0077247_0001000_0004000_seg_001_0000000_0003120.wav,dji_drones_noise_comparson_seg_020_0073247_0077247_0001000_0004000,train
output_v4/background_pool/siren_fold3_22601_47.wav,siren_siren,augmented,output_v4/train/drone/aug_DJI_drones_noise_comparson_seg_020_0073247_0077247_0001000_0004000_seg_001_0000000_0003120_00_siren_fold3_22601_47.wav,10.825,output_v4/clean_drone_segments/DJI_drones_noise_comparson_seg_020_0073247_0077247_0001000_0004000_seg_001_0000000_0003120.wav,dji_drones_noise_comparson_seg_020_0073247_0077247_0001000_0004000,train
output_v4/background_pool/jackhammer_fold1_180937_30.wav,jackhammer_jackhammer,augmented,output_v4/train/drone/aug_DJI_drones_noise_comparson_seg_020_0073247_0077247_0001000_0004000_seg_001_0000000_0003120_01_jackhammer_fold1_180937_30.wav,2.096,output_v4/clean_drone_segments/DJI_drones_noise_comparson_seg_020_0073247_0077247_0001000_0004000_seg_001_0000000_0003120.wav,dji_drones_noise_comparson_seg_020_0073247_0077247_0001000_0004000,train
output_v4/background_pool/air_conditioner_fold3_177742_203.wav,air_conditioner_air,augmented,output_v4/train/drone/aug_DJI_drones_noise_comparson_seg_020_0073247_0077247_0001000_0004000_seg_001_0000000_0003120_02_air_conditioner_fold3_177742_203.wav,9.762,output_v4/clean_drone_segments/DJI_drones_noise_comparson_seg_020_0073247_0077247_0001000_0004000_seg_001_0000000_0003120.wav,dji_drones_noise_comparson_seg_020_0073247_0077247_0001000_0004000,train
output_v4/background_pool/siren_fold6_75490_1.wav,siren_siren,augmented,output_v4/train/drone/aug_DJI_drones_noise_comparson_seg_020_0073247_0077247_0001000_0004000_seg_001_0000000_0003120_03_siren_fold6_75490_1.wav,6.262,output_v4/clean_drone_segments/DJI_drones_noise_comparson_seg_020_0073247_0077247_0001000_0004000_seg_001_0000000_0003120.wav,dji_drones_noise_comparson_seg_020_0073247_0077247_0001000_0004000,train
,,clean,output_v4/train/drone/clean_DJI_drones_noise_comparson_seg_037_0142191_0146191_0001000_0004000_seg_001_0000000_0003120.wav,,output_v4/clean_drone_segments/DJI_drones_noise_comparson_seg_037_0142191_0146191_0001000_0004000_seg_001_0000000_0003120.wav,dji_drones_noise_comparson_seg_037_0142191_0146191_0001000_0004000,train
output_v4/background_pool/engine_idling_fold5_23219_9.wav,engine_idling_engine,augmented,output_v4/train/drone/aug_DJI_drones_noise_comparson_seg_037_0142191_0146191_0001000_0004000_seg_001_0000000_0003120_00_engine_idling_fold5_23219_9.wav,-3.195,output_v4/clean_drone_segments/DJI_drones_noise_comparson_seg_037_0142191_0146191_0001000_0004000_seg_001_0000000_0003120.wav,dji_drones_noise_comparson_seg_037_0142191_0146191_0001000_0004000,train
output_v4/background_pool/jackhammer_fold1_180937_30.wav,jackhammer_jackhammer,augmented,output_v4/train/drone/aug_DJI_drones_noise_comparson_seg_037_0142191_0146191_0001000_0004000_seg_001_0000000_0003120_01_jackhammer_fold1_180937_30.wav,13.358,output_v4/clean_drone_segments/DJI_drones_noise_comparson_seg_037_0142191_0146191_0001000_0004000_seg_001_0000000_0003120.wav,dji_drones_noise_comparson_seg_037_0142191_0146191_0001000_0004000,train
output_v4/background_pool/us8k_engine_idling_engine_idling_fold7_123685_4.wav,us8k_engine,augmented,output_v4/train/drone/aug_DJI_drones_noise_comparson_seg_037_0142191_0146191_0001000_0004000_seg_001_0000000_0003120_02_us8k_engine_idling_engine_idling_fold7_123685_4.wav,11.886,output_v4/clean_drone_segments/DJI_drones_noise_comparson_seg_037_0142191_0146191_0001000_0004000_seg_001_0000000_0003120.wav,dji_drones_noise_comparson_seg_037_0142191_0146191_0001000_0004000,train
output_v4/background_pool/air_conditioner_fold5_100852_24.wav,air_conditioner_air,augmented,output_v4/train/drone/aug_DJI_drones_noise_comparson_seg_037_0142191_0146191_0001000_0004000_seg_001_0000000_0003120_03_air_conditioner_fold5_100852_24.wav,10.487,output_v4/clean_drone_segments/DJI_drones_noise_comparson_seg_037_0142191_0146191_0001000_0004000_seg_001_0000000_0003120.wav,dji_drones_noise_comparson_seg_037_0142191_0146191_0001000_0004000,train
,,clean,output_v4/train/drone/clean_DJI_drones_noise_comparson_seg_038_0145941_0149941_0001000_0004000_seg_001_0000000_0003120.wav,,output_v4/clean_drone_segments/DJI_drones_noise_comparson_seg_038_0145941_0149941_0001000_0004000_seg_001_0000000_0003120.wav,dji_drones_noise_comparson_seg_038_0145941_0149941_0001000_0004000,train
output_v4/background_pool/drilling_fold4_169466_10.wav,drilling_drilling,augmented,output_v4/train/drone/aug_DJI_drones_noise_comparson_seg_038_0145941_0149941_0001000_0004000_seg_001_0000000_0003120_00_drilling_fold4_169466_10.wav,2.912,output_v4/clean_drone_segments/DJI_drones_noise_comparson_seg_038_0145941_0149941_0001000_0004000_seg_001_0000000_0003120.wav,dji_drones_noise_comparson_seg_038_0145941_0149941_0001000_0004000,train
output_v4/background_pool/siren_fold3_22601_16.wav,siren_siren,augmented,output_v4/train/drone/aug_DJI_drones_noise_comparson_seg_038_0145941_0149941_0001000_0004000_seg_001_0000000_0003120_01_siren_fold3_22601_16.wav,13.974,output_v4/clean_drone_segments/DJI_drones_noise_comparson_seg_038_0145941_0149941_0001000_0004000_seg_001_0000000_0003120.wav,dji_drones_noise_comparson_seg_038_0145941_0149941_0001000_0004000,train
output_v4/background_pool/engine_idling_fold2_177592_2.wav,engine_idling_engine,augmented,output_v4/train/drone/aug_DJI_drones_noise_comparson_seg_038_0145941_0149941_0001000_0004000_seg_001_0000000_0003120_02_engine_idling_fold2_177592_2.wav,6.24,output_v4/clean_drone_segments/DJI_drones_noise_comparson_seg_038_0145941_0149941_0001000_0004000_seg_001_0000000_0003120.wav,dji_drones_noise_comparson_seg_038_0145941_0149941_0001000_0004000,train
output_v4/background_pool/jackhammer_fold6_30206_12.wav,jackhammer_jackhammer,augmented,output_v4/train/drone/aug_DJI_drones_noise_comparson_seg_038_0145941_0149941_0001000_0004000_seg_001_0000000_0003120_03_jackhammer_fold6_30206_12.wav,2.568,output_v4/clean_drone_segments/DJI_drones_noise_comparson_seg_038_0145941_0149941_0001000_0004000_seg_001_0000000_0003120.wav,dji_drones_noise_comparson_seg_038_0145941_0149941_0001000_0004000,train
,,clean,output_v4/test/drone/clean_Drone_Noise_Test_-_DJI_Avata_vs_DJI_FPV_vs_DJI_Mavic_3_vs_DJI_Air_2S_compared_seg_003_0008399_0012399_0001000_0004000_seg_001_0000000_0003120.wav,,output_v4/clean_drone_segments/Drone_Noise_Test_-_DJI_Avata_vs_DJI_FPV_vs_DJI_Mavic_3_vs_DJI_Air_2S_compared_seg_003_0008399_0012399_0001000_0004000_seg_001_0000000_0003120.wav,drone_noise_test_-_dji_avata_vs_dji_fpv_vs_dji_mavic_3_vs_dji_air_2s_compared_seg_003_0008399_0012399_0001000_0004000,test
output_v4/background_pool/siren_fold2_159747_14.wav,siren_siren,augmented,output_v4/test/drone/aug_Drone_Noise_Test_-_DJI_Avata_vs_DJI_FPV_vs_DJI_Mavic_3_vs_DJI_Air_2S_compared_seg_003_0008399_0012399_0001000_0004000_seg_001_0000000_0003120_00_siren_fold2_159747_14.wav,9.04,output_v4/clean_drone_segments/Drone_Noise_Test_-_DJI_Avata_vs_DJI_FPV_vs_DJI_Mavic_3_vs_DJI_Air_2S_compared_seg_003_0008399_0012399_0001000_0004000_seg_001_0000000_0003120.wav,drone_noise_test_-_dji_avata_vs_dji_fpv_vs_dji_mavic_3_vs_dji_air_2s_compared_seg_003_0008399_0012399_0001000_0004000,test
output_v4/background_pool/siren_fold2_159750_5.wav,siren_siren,augmented,output_v4/test/drone/aug_Drone_Noise_Test_-_DJI_Avata_vs_DJI_FPV_vs_DJI_Mavic_3_vs_DJI_Air_2S_compared_seg_003_0008399_0012399_0001000_0004000_seg_001_0000000_0003120_01_siren_fold2_159750_5.wav,11.176,output_v4/clean_drone_segments/Drone_Noise_Test_-_DJI_Avata_vs_DJI_FPV_vs_DJI_Mavic_3_vs_DJI_Air_2S_compared_seg_003_0008399_0012399_0001000_0004000_seg_001_0000000_0003120.wav,drone_noise_test_-_dji_avata_vs_dji_fpv_vs_dji_mavic_3_vs_dji_air_2s_compared_seg_003_0008399_0012399_0001000_0004000,test
output_v4/background_pool/drilling_fold6_58005_24.wav,drilling_drilling,augmented,output_v4/test/drone/aug_Drone_Noise_Test_-_DJI_Avata_vs_DJI_FPV_vs_DJI_Mavic_3_vs_DJI_Air_2S_compared_seg_003_0008399_0012399_0001000_0004000_seg_001_0000000_0003120_02_drilling_fold6_58005_24.wav,9.907,output_v4/clean_drone_segments/Drone_Noise_Test_-_DJI_Avata_vs_DJI_FPV_vs_DJI_Mavic_3_vs_DJI_Air_2S_compared_seg_003_0008399_0012399_0001000_0004000_seg_001_0000000_0003120.wav,drone_noise_test_-_dji_avata_vs_dji_fpv_vs_dji_mavic_3_vs_dji_air_2s_compared_seg_003_0008399_0012399_0001000_0004000,test
output_v4/background_pool/siren_fold10_159742_13.wav,siren_siren,augmented,output_v4/test/drone/aug_Drone_Noise_Test_-_DJI_Avata_vs_DJI_FPV_vs_DJI_Mavic_3_vs_DJI_Air_2S_compared_seg_003_0008399_0012399_0001000_0004000_seg_001_0000000_0003120_03_siren_fold10_159742_13.wav,11.433,output_v4/clean_drone_segments/Drone_Noise_Test_-_DJI_Avata_vs_DJI_FPV_vs_DJI_Mavic_3_vs_DJI_Air_2S_compared_seg_003_0008399_0012399_0001000_0004000_seg_001_0000000_0003120.wav,drone_noise_test_-_dji_avata_vs_dji_fpv_vs_dji_mavic_3_vs_dji_air_2s_compared_seg_003_0008399_0012399_0001000_0004000,test
,,clean,output_v4/train/drone/clean_Drone_Noise_Test_-_DJI_Avata_vs_DJI_FPV_vs_DJI_Mavic_3_vs_DJI_Air_2S_compared_seg_003_0008429_0012429_0001000_0004000_seg_001_0000000_0003120.wav,,output_v4/clean_drone_segments/Drone_Noise_Test_-_DJI_Avata_vs_DJI_FPV_vs_DJI_Mavic_3_vs_DJI_Air_2S_compared_seg_003_0008429_0012429_0001000_0004000_seg_001_0000000_0003120.wav,drone_noise_test_-_dji_avata_vs_dji_fpv_vs_dji_mavic_3_vs_dji_air_2s_compared_seg_003_0008429_0012429_0001000_0004000,train
output_v4/background_pool/engine_idling_fold1_103258_2.wav,engine_idling_engine,augmented,output_v4/train/drone/aug_Drone_Noise_Test_-_DJI_Avata_vs_DJI_FPV_vs_DJI_Mavic_3_vs_DJI_Air_2S_compared_seg_003_0008429_0012429_0001000_0004000_seg_001_0000000_0003120_00_engine_idling_fold1_103258_2.wav,8.864,output_v4/clean_drone_segments/Drone_Noise_Test_-_DJI_Avata_vs_DJI_FPV_vs_DJI_Mavic_3_vs_DJI_Air_2S_compared_seg_003_0008429_0012429_0001000_0004000_seg_001_0000000_0003120.wav,drone_noise_test_-_dji_avata_vs_dji_fpv_vs_dji_mavic_3_vs_dji_air_2s_compared_seg_003_0008429_0012429_0001000_0004000,train
output_v4/background_pool/air_conditioner_fold7_177729_83.wav,air_conditioner_air,augmented,output_v4/train/drone/aug_Drone_Noise_Test_-_DJI_Avata_vs_DJI_FPV_vs_DJI_Mavic_3_vs_DJI_Air_2S_compared_seg_003_0008429_0012429_0001000_0004000_seg_001_0000000_0003120_01_air_conditioner_fold7_177729_83.wav,3.393,output_v4/clean_drone_segments/Drone_Noise_Test_-_DJI_Avata_vs_DJI_FPV_vs_DJI_Mavic_3_vs_DJI_Air_2S_compared_seg_003_0008429_0012429_0001000_0004000_seg_001_0000000_0003120.wav,drone_noise_test_-_dji_avata_vs_dji_fpv_vs_dji_mavic_3_vs_dji_air_2s_compared_seg_003_0008429_0012429_0001000_0004000,train
output_v4/background_pool/engine_idling_fold7_149193_5.wav,engine_idling_engine,augmented,output_v4/train/drone/aug_Drone_Noise_Test_-_DJI_Avata_vs_DJI_FPV_vs_DJI_Mavic_3_vs_DJI_Air_2S_compared_seg_003_0008429_0012429_0001000_0004000_seg_001_0000000_0003120_02_engine_idling_fold7_149193_5.wav,2.507,output_v4/clean_drone_segments/Drone_Noise_Test_-_DJI_Avata_vs_DJI_FPV_vs_DJI_Mavic_3_vs_DJI_Air_2S_compared_seg_003_0008429_0012429_0001000_0004000_seg_001_0000000_0003120.wav,drone_noise_test_-_dji_avata_vs_dji_fpv_vs_dji_mavic_3_vs_dji_air_2s_compared_seg_003_0008429_0012429_0001000_0004000,train
output_v4/background_pool/engine_idling_fold5_17578_7.wav,engine_idling_engine,augmented,output_v4/train/drone/aug_Drone_Noise_Test_-_DJI_Avata_vs_DJI_FPV_vs_DJI_Mavic_3_vs_DJI_Air_2S_compared_seg_003_0008429_0012429_0001000_0004000_seg_001_0000000_0003120_03_engine_idling_fold5_17578_7.wav,4.026,output_v4/clean_drone_segments/Drone_Noise_Test_-_DJI_Avata_vs_DJI_FPV_vs_DJI_Mavic_3_vs_DJI_Air_2S_compared_seg_003_0008429_0012429_0001000_0004000_seg_001_0000000_0003120.wav,drone_noise_test_-_dji_avata_vs_dji_fpv_vs_dji_mavic_3_vs_dji_air_2s_compared_seg_003_0008429_0012429_0001000_0004000,train
,,clean,output_v4/val/drone/clean_Drone_Noise_Test_-_DJI_Avata_vs_DJI_FPV_vs_DJI_Mavic_3_vs_DJI_Air_2S_compared_seg_004_0012149_0016149_0001000_0004000_seg_001_0000000_0003120.wav,,output_v4/clean_drone_segments/Drone_Noise_Test_-_DJI_Avata_vs_DJI_FPV_vs_DJI_Mavic_3_vs_DJI_Air_2S_compared_seg_004_0012149_0016149_0001000_0004000_seg_001_0000000_0003120.wav,drone_noise_test_-_dji_avata_vs_dji_fpv_vs_dji_mavic_3_vs_dji_air_2s_compared_seg_004_0012149_0016149_0001000_0004000,val
output_v4/background_pool/jackhammer_fold1_103074_5.wav,jackhammer_jackhammer,augmented,output_v4/val/drone/aug_Drone_Noise_Test_-_DJI_Avata_vs_DJI_FPV_vs_DJI_Mavic_3_vs_DJI_Air_2S_compared_seg_004_0012149_0016149_0001000_0004000_seg_001_0000000_0003120_00_jackhammer_fold1_103074_5.wav,-2.905,output_v4/clean_drone_segments/Drone_Noise_Test_-_DJI_Avata_vs_DJI_FPV_vs_DJI_Mavic_3_vs_DJI_Air_2S_compared_seg_004_0012149_0016149_0001000_0004000_seg_001_0000000_0003120.wav,drone_noise_test_-_dji_avata_vs_dji_fpv_vs_dji_mavic_3_vs_dji_air_2s_compared_seg_004_0012149_0016149_0001000_0004000,val
output_v4/background_pool/drilling_fold2_59594_4.wav,drilling_drilling,augmented,output_v4/val/drone/aug_Drone_Noise_Test_-_DJI_Avata_vs_DJI_FPV_vs_DJI_Mavic_3_vs_DJI_Air_2S_compared_seg_004_0012149_0016149_0001000_0004000_seg_001_0000000_0003120_01_drilling_fold2_59594_4.wav,12.962,output_v4/clean_drone_segments/Drone_Noise_Test_-_DJI_Avata_vs_DJI_FPV_vs_DJI_Mavic_3_vs_DJI_Air_2S_compared_seg_004_0012149_0016149_0001000_0004000_seg_001_0000000_0003120.wav,drone_noise_test_-_dji_avata_vs_dji_fpv_vs_dji_mavic_3_vs_dji_air_2s_compared_seg_004_0012149_0016149_0001000_0004000,val
output_v4/background_pool/drilling_fold7_71529_2.wav,drilling_drilling,augmented,output_v4/val/drone/aug_Drone_Noise_Test_-_DJI_Avata_vs_DJI_FPV_vs_DJI_Mavic_3_vs_DJI_Air_2S_compared_seg_004_0012149_0016149_0001000_0004000_seg_001_0000000_0003120_02_drilling_fold7_71529_2.wav,7.146,output_v4/clean_drone_segments/Drone_Noise_Test_-_DJI_Avata_vs_DJI_FPV_vs_DJI_Mavic_3_vs_DJI_Air_2S_compared_seg_004_0012149_0016149_0001000_0004000_seg_001_0000000_0003120.wav,drone_noise_test_-_dji_avata_vs_dji_fpv_vs_dji_mavic_3_vs_dji_air_2s_compared_seg_004_0012149_0016149_0001000_0004000,val
output_v4/background_pool/engine_idling_fold10_39847_5.wav,engine_idling_engine,augmented,output_v4/val/drone/aug_Drone_Noise_Test_-_DJI_Avata_vs_DJI_FPV_vs_DJI_Mavic_3_vs_DJI_Air_2S_compared_seg_004_0012149_0016149_0001000_0004000_seg_001_0000000_0003120_03_engine_idling_fold10_39847_5.wav,3.186,output_v4/clean_drone_segments/Drone_Noise_Test_-_DJI_Avata_vs_DJI_FPV_vs_DJI_Mavic_3_vs_DJI_Air_2S_compared_seg_004_0012149_0016149_0001000_0004000_seg_001_0000000_0003120.wav,drone_noise_test_-_dji_avata_vs_dji_fpv_vs_dji_mavic_3_vs_dji_air_2s_compared_seg_004_0012149_0016149_0001000_0004000,val
,,clean,output_v4/train/drone/clean_Drone_Noise_Test_-_DJI_Avata_vs_DJI_FPV_vs_DJI_Mavic_3_vs_DJI_Air_2S_compared_seg_004_0012179_0016179_0001000_0004000_seg_001_0000000_0003120.wav,,output_v4/clean_drone_segments/Drone_Noise_Test_-_DJI_Avata_vs_DJI_FPV_vs_DJI_Mavic_3_vs_DJI_Air_2S_compared_seg_004_0012179_0016179_0001000_0004000_seg_001_0000000_0003120.wav,drone_noise_test_-_dji_avata_vs_dji_fpv_vs_dji_mavic_3_vs_dji_air_2s_compared_seg_004_0012179_0016179_0001000_0004000,train
output_v4/background_pool/engine_idling_fold10_39847_0.wav,engine_idling_engine,augmented,output_v4/train/drone/aug_Drone_Noise_Test_-_DJI_Avata_vs_DJI_FPV_vs_DJI_Mavic_3_vs_DJI_Air_2S_compared_seg_004_0012179_0016179_0001000_0004000_seg_001_0000000_0003120_00_engine_idling_fold10_39847_0.wav,-3.082,output_v4/clean_drone_segments/Drone_Noise_Test_-_DJI_Avata_vs_DJI_FPV_vs_DJI_Mavic_3_vs_DJI_Air_2S_compared_seg_004_0012179_0016179_0001000_0004000_seg_001_0000000_0003120.wav,drone_noise_test_-_dji_avata_vs_dji_fpv_vs_dji_mavic_3_vs_dji_air_2s_compared_seg_004_0012179_0016179_0001000_0004000,train
output_v4/background_pool/jackhammer_fold8_125678_2.wav,jackhammer_jackhammer,augmented,output_v4/train/drone/aug_Drone_Noise_Test_-_DJI_Avata_vs_DJI_FPV_vs_DJI_Mavic_3_vs_DJI_Air_2S_compared_seg_004_0012179_0016179_0001000_0004000_seg_001_0000000_0003120_01_jackhammer_fold8_125678_2.wav,3.552,output_v4/clean_drone_segments/Drone_Noise_Test_-_DJI_Avata_vs_DJI_FPV_vs_DJI_Mavic_3_vs_DJI_Air_2S_compared_seg_004_0012179_0016179_0001000_0004000_seg_001_0000000_0003120.wav,drone_noise_test_-_dji_avata_vs_dji_fpv_vs_dji_mavic_3_vs_dji_air_2s_compared_seg_004_0012179_0016179_0001000_0004000,train
output_v4/background_pool/drilling_fold10_99192_28.wav,drilling_drilling,augmented,output_v4/train/drone/aug_Drone_Noise_Test_-_DJI_Avata_vs_DJI_FPV_vs_DJI_Mavic_3_vs_DJI_Air_2S_compared_seg_004_0012179_0016179_0001000_0004000_seg_001_0000000_0003120_02_drilling_fold10_99192_28.wav,7.764,output_v4/clean_drone_segments/Drone_Noise_Test_-_DJI_Avata_vs_DJI_FPV_vs_DJI_Mavic_3_vs_DJI_Air_2S_compared_seg_004_0012179_0016179_0001000_0004000_seg_001_0000000_0003120.wav,drone_noise_test_-_dji_avata_vs_dji_fpv_vs_dji_mavic_3_vs_dji_air_2s_compared_seg_004_0012179_0016179_0001000_0004000,train
output_v4/background_pool/siren_fold8_117181_6.wav,siren_siren,augmented,output_v4/train/drone/aug_Drone_Noise_Test_-_DJI_Avata_vs_DJI_FPV_vs_DJI_Mavic_3_vs_DJI_Air_2S_compared_seg_004_0012179_0016179_0001000_0004000_seg_001_0000000_0003120_03_siren_fold8_117181_6.wav,4.782,output_v4/clean_drone_segments/Drone_Noise_Test_-_DJI_Avata_vs_DJI_FPV_vs_DJI_Mavic_3_vs_DJI_Air_2S_compared_seg_004_0012179_0016179_0001000_0004000_seg_001_0000000_0003120.wav,drone_noise_test_-_dji_avata_vs_dji_fpv_vs_dji_mavic_3_vs_dji_air_2s_compared_seg_004_0012179_0016179_0001000_0004000,train
,,clean,output_v4/test/drone/clean_Drone_Noise_Test_-_DJI_Avata_vs_DJI_FPV_vs_DJI_Mavic_3_vs_DJI_Air_2S_compared_seg_007_0021798_0025798_0002000_0003976_seg_001_0000000_0002096.wav,,output_v4/clean_drone_segments/Drone_Noise_Test_-_DJI_Avata_vs_DJI_FPV_vs_DJI_Mavic_3_vs_DJI_Air_2S_compared_seg_007_0021798_0025798_0002000_0003976_seg_001_0000000_0002096.wav,drone_noise_test_-_dji_avata_vs_dji_fpv_vs_dji_mavic_3_vs_dji_air_2s_compared_seg_007_0021798_0025798_0002000_0003976,test
output_v4/background_pool/siren_fold8_157868_12.wav,siren_siren,augmented,output_v4/test/drone/aug_Drone_Noise_Test_-_DJI_Avata_vs_DJI_FPV_vs_DJI_Mavic_3_vs_DJI_Air_2S_compared_seg_007_0021798_0025798_0002000_0003976_seg_001_0000000_0002096_00_siren_fold8_157868_12.wav,12.71,output_v4/clean_drone_segments/Drone_Noise_Test_-_DJI_Avata_vs_DJI_FPV_vs_DJI_Mavic_3_vs_DJI_Air_2S_compared_seg_007_0021798_0025798_0002000_0003976_seg_001_0000000_0002096.wav,drone_noise_test_-_dji_avata_vs_dji_fpv_vs_dji_mavic_3_vs_dji_air_2s_compared_seg_007_0021798_0025798_0002000_0003976,test
output_v4/background_pool/siren_fold5_156869_6.wav,siren_siren,augmented,output_v4/test/drone/aug_Drone_Noise_Test_-_DJI_Avata_vs_DJI_FPV_vs_DJI_Mavic_3_vs_DJI_Air_2S_compared_seg_007_0021798_0025798_0002000_0003976_seg_001_0000000_0002096_01_siren_fold5_156869_6.wav,-0.475,output_v4/clean_drone_segments/Drone_Noise_Test_-_DJI_Avata_vs_DJI_FPV_vs_DJI_Mavic_3_vs_DJI_Air_2S_compared_seg_007_0021798_0025798_0002000_0003976_seg_001_0000000_0002096.wav,drone_noise_test_-_dji_avata_vs_dji_fpv_vs_dji_mavic_3_vs_dji_air_2s_compared_seg_007_0021798_0025798_0002000_0003976,test
output_v4/background_pool/air_conditioner_fold1_177621_47.wav,air_conditioner_air,augmented,output_v4/test/drone/aug_Drone_Noise_Test_-_DJI_Avata_vs_DJI_FPV_vs_DJI_Mavic_3_vs_DJI_Air_2S_compared_seg_007_0021798_0025798_0002000_0003976_seg_001_0000000_0002096_02_air_conditioner_fold1_177621_47.wav,-3.286,output_v4/clean_drone_segments/Drone_Noise_Test_-_DJI_Avata_vs_DJI_FPV_vs_DJI_Mavic_3_vs_DJI_Air_2S_compared_seg_007_0021798_0025798_0002000_0003976_seg_001_0000000_0002096.wav,drone_noise_test_-_dji_avata_vs_dji_fpv_vs_dji_mavic_3_vs_dji_air_2s_compared_seg_007_0021798_0025798_0002000_0003976,test
output_v4/background_pool/engine_idling_fold10_39847_0.wav,engine_idling_engine,augmented,output_v4/test/drone/aug_Drone_Noise_Test_-_DJI_Avata_vs_DJI_FPV_vs_DJI_Mavic_3_vs_DJI_Air_2S_compared_seg_007_0021798_0025798_0002000_0003976_seg_001_0000000_0002096_03_engine_idling_fold10_39847_0.wav,6.072,output_v4/clean_drone_segments/Drone_Noise_Test_-_DJI_Avata_vs_DJI_FPV_vs_DJI_Mavic_3_vs_DJI_Air_2S_compared_seg_007_0021798_0025798_0002000_0003976_seg_001_0000000_0002096.wav,drone_noise_test_-_dji_avata_vs_dji_fpv_vs_dji_mavic_3_vs_dji_air_2s_compared_seg_007_0021798_0025798_0002000_0003976,test
,,clean,output_v4/train/drone/clean_Drone_Noise_Test_-_DJI_Avata_vs_DJI_FPV_vs_DJI_Mavic_3_vs_DJI_Air_2S_compared_seg_007_0021828_0025828_0002000_0004000_seg_001_0000000_0002120.wav,,output_v4/clean_drone_segments/Drone_Noise_Test_-_DJI_Avata_vs_DJI_FPV_vs_DJI_Mavic_3_vs_DJI_Air_2S_compared_seg_007_0021828_0025828_0002000_0004000_seg_001_0000000_0002120.wav,drone_noise_test_-_dji_avata_vs_dji_fpv_vs_dji_mavic_3_vs_dji_air_2s_compared_seg_007_0021828_0025828_0002000_0004000,train
output_v4/background_pool/siren_fold8_96657_2.wav,siren_siren,augmented,output_v4/train/drone/aug_Drone_Noise_Test_-_DJI_Avata_vs_DJI_FPV_vs_DJI_Mavic_3_vs_DJI_Air_2S_compared_seg_007_0021828_0025828_0002000_0004000_seg_001_0000000_0002120_00_siren_fold8_96657_2.wav,13.727,output_v4/clean_drone_segments/Drone_Noise_Test_-_DJI_Avata_vs_DJI_FPV_vs_DJI_Mavic_3_vs_DJI_Air_2S_compared_seg_007_0021828_0025828_0002000_0004000_seg_001_0000000_0002120.wav,drone_noise_test_-_dji_avata_vs_dji_fpv_vs_dji_mavic_3_vs_dji_air_2s_compared_seg_007_0021828_0025828_0002000_0004000,train
output_v4/background_pool/drilling_fold4_144351_3.wav,drilling_drilling,augmented,output_v4/train/drone/aug_Drone_Noise_Test_-_DJI_Avata_vs_DJI_FPV_vs_DJI_Mavic_3_vs_DJI_Air_2S_compared_seg_007_0021828_0025828_0002000_0004000_seg_001_0000000_0002120_01_drilling_fold4_144351_3.wav,12.079,output_v4/clean_drone_segments/Drone_Noise_Test_-_DJI_Avata_vs_DJI_FPV_vs_DJI_Mavic_3_vs_DJI_Air_2S_compared_seg_007_0021828_0025828_0002000_0004000_seg_001_0000000_0002120.wav,drone_noise_test_-_dji_avata_vs_dji_fpv_vs_dji_mavic_3_vs_dji_air_2s_compared_seg_007_0021828_0025828_0002000_0004000,train
output_v4/background_pool/air_conditioner_fold5_85569_0.wav,air_conditioner_air,augmented,output_v4/train/drone/aug_Drone_Noise_Test_-_DJI_Avata_vs_DJI_FPV_vs_DJI_Mavic_3_vs_DJI_Air_2S_compared_seg_007_0021828_0025828_0002000_0004000_seg_001_0000000_0002120_02_air_conditioner_fold5_85569_0.wav,7.405,output_v4/clean_drone_segments/Drone_Noise_Test_-_DJI_Avata_vs_DJI_FPV_vs_DJI_Mavic_3_vs_DJI_Air_2S_compared_seg_007_0021828_0025828_0002000_0004000_seg_001_0000000_0002120.wav,drone_noise_test_-_dji_avata_vs_dji_fpv_vs_dji_mavic_3_vs_dji_air_2s_compared_seg_007_0021828_0025828_0002000_0004000,train
output_v4/background_pool/siren_fold5_156869_6.wav,siren_siren,augmented,output_v4/train/drone/aug_Drone_Noise_Test_-_DJI_Avata_vs_DJI_FPV_vs_DJI_Mavic_3_vs_DJI_Air_2S_compared_seg_007_0021828_0025828_0002000_0004000_seg_001_0000000_0002120_03_siren_fold5_156869_6.wav,-0.762,output_v4/clean_drone_segments/Drone_Noise_Test_-_DJI_Avata_vs_DJI_FPV_vs_DJI_Mavic_3_vs_DJI_Air_2S_compared_seg_007_0021828_0025828_0002000_0004000_seg_001_0000000_0002120.wav,drone_noise_test_-_dji_avata_vs_dji_fpv_vs_dji_mavic_3_vs_dji_air_2s_compared_seg_007_0021828_0025828_0002000_0004000,train
,,clean,output_v4/train/drone/clean_Drone_Noise_Test_-_DJI_Avata_vs_DJI_FPV_vs_DJI_Mavic_3_vs_DJI_Air_2S_compared_seg_009_0029298_0033298_0001000_0003200_seg_001_0000000_0002069.wav,,output_v4/clean_drone_segments/Drone_Noise_Test_-_DJI_Avata_vs_DJI_FPV_vs_DJI_Mavic_3_vs_DJI_Air_2S_compared_seg_009_0029298_0033298_0001000_0003200_seg_001_0000000_0002069.wav,drone_noise_test_-_dji_avata_vs_dji_fpv_vs_dji_mavic_3_vs_dji_air_2s_compared_seg_009_0029298_0033298_0001000_0003200,train
output_v4/background_pool/drilling_fold1_55020_13.wav,drilling_drilling,augmented,output_v4/train/drone/aug_Drone_Noise_Test_-_DJI_Avata_vs_DJI_FPV_vs_DJI_Mavic_3_vs_DJI_Air_2S_compared_seg_009_0029298_0033298_0001000_0003200_seg_001_0000000_0002069_00_drilling_fold1_55020_13.wav,-0.962,output_v4/clean_drone_segments/Drone_Noise_Test_-_DJI_Avata_vs_DJI_FPV_vs_DJI_Mavic_3_vs_DJI_Air_2S_compared_seg_009_0029298_0033298_0001000_0003200_seg_001_0000000_0002069.wav,drone_noise_test_-_dji_avata_vs_dji_fpv_vs_dji_mavic_3_vs_dji_air_2s_compared_seg_009_0029298_0033298_0001000_0003200,train
output_v4/background_pool/air_conditioner_fold7_177729_91.wav,air_conditioner_air,augmented,output_v4/train/drone/aug_Drone_Noise_Test_-_DJI_Avata_vs_DJI_FPV_vs_DJI_Mavic_3_vs_DJI_Air_2S_compared_seg_009_0029298_0033298_0001000_0003200_seg_001_0000000_0002069_01_air_conditioner_fold7_177729_91.wav,13.283,output_v4/clean_drone_segments/Drone_Noise_Test_-_DJI_Avata_vs_DJI_FPV_vs_DJI_Mavic_3_vs_DJI_Air_2S_compared_seg_009_0029298_0033298_0001000_0003200_seg_001_0000000_0002069.wav,drone_noise_test_-_dji_avata_vs_dji_fpv_vs_dji_mavic_3_vs_dji_air_2s_compared_seg_009_0029298_0033298_0001000_0003200,train
output_v4/background_pool/engine_idling_fold9_119449_5.wav,engine_idling_engine,augmented,output_v4/train/drone/aug_Drone_Noise_Test_-_DJI_Avata_vs_DJI_FPV_vs_DJI_Mavic_3_vs_DJI_Air_2S_compared_seg_009_0029298_0033298_0001000_0003200_seg_001_0000000_0002069_02_engine_idling_fold9_119449_5.wav,0.524,output_v4/clean_drone_segments/Drone_Noise_Test_-_DJI_Avata_vs_DJI_FPV_vs_DJI_Mavic_3_vs_DJI_Air_2S_compared_seg_009_0029298_0033298_0001000_0003200_seg_001_0000000_0002069.wav,drone_noise_test_-_dji_avata_vs_dji_fpv_vs_dji_mavic_3_vs_dji_air_2s_compared_seg_009_0029298_0033298_0001000_0003200,train
output_v4/background_pool/drilling_fold7_135849_0.wav,drilling_drilling,augmented,output_v4/train/drone/aug_Drone_Noise_Test_-_DJI_Avata_vs_DJI_FPV_vs_DJI_Mavic_3_vs_DJI_Air_2S_compared_seg_009_0029298_0033298_0001000_0003200_seg_001_0000000_0002069_03_drilling_fold7_135849_0.wav,5.451,output_v4/clean_drone_segments/Drone_Noise_Test_-_DJI_Avata_vs_DJI_FPV_vs_DJI_Mavic_3_vs_DJI_Air_2S_compared_seg_009_0029298_0033298_0001000_0003200_seg_001_0000000_0002069.wav,drone_noise_test_-_dji_avata_vs_dji_fpv_vs_dji_mavic_3_vs_dji_air_2s_compared_seg_009_0029298_0033298_0001000_0003200,train
,,clean,output_v4/train/drone/clean_Drone_Noise_Test_-_DJI_Avata_vs_DJI_FPV_vs_DJI_Mavic_3_vs_DJI_Air_2S_compared_seg_010_0033048_0037048_0001200_0004000_seg_001_0000000_0002920.wav,,output_v4/clean_drone_segments/Drone_Noise_Test_-_DJI_Avata_vs_DJI_FPV_vs_DJI_Mavic_3_vs_DJI_Air_2S_compared_seg_010_0033048_0037048_0001200_0004000_seg_001_0000000_0002920.wav,drone_noise_test_-_dji_avata_vs_dji_fpv_vs_dji_mavic_3_vs_dji_air_2s_compared_seg_010_0033048_0037048_0001200_0004000,train
output_v4/background_pool/air_conditioner_fold6_204240_10.wav,air_conditioner_air,augmented,output_v4/train/drone/aug_Drone_Noise_Test_-_DJI_Avata_vs_DJI_FPV_vs_DJI_Mavic_3_vs_DJI_Air_2S_compared_seg_010_0033048_0037048_0001200_0004000_seg_001_0000000_0002920_00_air_conditioner_fold6_204240_10.wav,10.168,output_v4/clean_drone_segments/Drone_Noise_Test_-_DJI_Avata_vs_DJI_FPV_vs_DJI_Mavic_3_vs_DJI_Air_2S_compared_seg_010_0033048_0037048_0001200_0004000_seg_001_0000000_0002920.wav,drone_noise_test_-_dji_avata_vs_dji_fpv_vs_dji_mavic_3_vs_dji_air_2s_compared_seg_010_0033048_0037048_0001200_0004000,train
output_v4/background_pool/air_conditioner_fold7_177729_83.wav,air_conditioner_air,augmented,output_v4/train/drone/aug_Drone_Noise_Test_-_DJI_Avata_vs_DJI_FPV_vs_DJI_Mavic_3_vs_DJI_Air_2S_compared_seg_010_0033048_0037048_0001200_0004000_seg_001_0000000_0002920_01_air_conditioner_fold7_177729_83.wav,12.35,output_v4/clean_drone_segments/Drone_Noise_Test_-_DJI_Avata_vs_DJI_FPV_vs_DJI_Mavic_3_vs_DJI_Air_2S_compared_seg_010_0033048_0037048_0001200_0004000_seg_001_0000000_0002920.wav,drone_noise_test_-_dji_avata_vs_dji_fpv_vs_dji_mavic_3_vs_dji_air_2s_compared_seg_010_0033048_0037048_0001200_0004000,train
output_v4/background_pool/engine_idling_fold7_149193_5.wav,engine_idling_engine,augmented,output_v4/train/drone/aug_Drone_Noise_Test_-_DJI_Avata_vs_DJI_FPV_vs_DJI_Mavic_3_vs_DJI_Air_2S_compared_seg_010_0033048_0037048_0001200_0004000_seg_001_0000000_0002920_02_engine_idling_fold7_149193_5.wav,7.179,output_v4/clean_drone_segments/Drone_Noise_Test_-_DJI_Avata_vs_DJI_FPV_vs_DJI_Mavic_3_vs_DJI_Air_2S_compared_seg_010_0033048_0037048_0001200_0004000_seg_001_0000000_0002920.wav,drone_noise_test_-_dji_avata_vs_dji_fpv_vs_dji_mavic_3_vs_dji_air_2s_compared_seg_010_0033048_0037048_0001200_0004000,train
output_v4/background_pool/drilling_fold3_63095_19.wav,drilling_drilling,augmented,output_v4/train/drone/aug_Drone_Noise_Test_-_DJI_Avata_vs_DJI_FPV_vs_DJI_Mavic_3_vs_DJI_Air_2S_compared_seg_010_0033048_0037048_0001200_0004000_seg_001_0000000_0002920_03_drilling_fold3_63095_19.wav,8.873,output_v4/clean_drone_segments/Drone_Noise_Test_-_DJI_Avata_vs_DJI_FPV_vs_DJI_Mavic_3_vs_DJI_Air_2S_compared_seg_010_0033048_0037048_0001200_0004000_seg_001_0000000_0002920.wav,drone_noise_test_-_dji_avata_vs_dji_fpv_vs_dji_mavic_3_vs_dji_air_2s_compared_seg_010_0033048_0037048_0001200_0004000,train
,,clean,output_v4/train/drone/clean_Drone_Noise_Test_-_DJI_Avata_vs_DJI_FPV_vs_DJI_Mavic_3_vs_DJI_Air_2S_compared_seg_011_0036798_0040798_0001000_0004000_seg_001_0000000_0003120.wav,,output_v4/clean_drone_segments/Drone_Noise_Test_-_DJI_Avata_vs_DJI_FPV_vs_DJI_Mavic_3_vs_DJI_Air_2S_compared_seg_011_0036798_0040798_0001000_0004000_seg_001_0000000_0003120.wav,drone_noise_test_-_dji_avata_vs_dji_fpv_vs_dji_mavic_3_vs_dji_air_2s_compared_seg_011_0036798_0040798_0001000_0004000,train
output_v4/background_pool/engine_idling_fold9_39856_0.wav,engine_idling_engine,augmented,output_v4/train/drone/aug_Drone_Noise_Test_-_DJI_Avata_vs_DJI_FPV_vs_DJI_Mavic_3_vs_DJI_Air_2S_compared_seg_011_0036798_0040798_0001000_0004000_seg_001_0000000_0003120_00_engine_idling_fold9_39856_0.wav,0.372,output_v4/clean_drone_segments/Drone_Noise_Test_-_DJI_Avata_vs_DJI_FPV_vs_DJI_Mavic_3_vs_DJI_Air_2S_compared_seg_011_0036798_0040798_0001000_0004000_seg_001_0000000_0003120.wav,drone_noise_test_-_dji_avata_vs_dji_fpv_vs_dji_mavic_3_vs_dji_air_2s_compared_seg_011_0036798_0040798_0001000_0004000,train
output_v4/background_pool/jackhammer_fold9_188823_4.wav,jackhammer_jackhammer,augmented,output_v4/train/drone/aug_Drone_Noise_Test_-_DJI_Avata_vs_DJI_FPV_vs_DJI_Mavic_3_vs_DJI_Air_2S_compared_seg_011_0036798_0040798_0001000_0004000_seg_001_0000000_0003120_01_jackhammer_fold9_188823_4.wav,12.165,output_v4/clean_drone_segments/Drone_Noise_Test_-_DJI_Avata_vs_DJI_FPV_vs_DJI_Mavic_3_vs_DJI_Air_2S_compared_seg_011_0036798_0040798_0001000_0004000_seg_001_0000000_0003120.wav,drone_noise_test_-_dji_avata_vs_dji_fpv_vs_dji_mavic_3_vs_dji_air_2s_compared_seg_011_0036798_0040798_0001000_0004000,train
output_v4/background_pool/engine_idling_fold3_17853_2.wav,engine_idling_engine,augmented,output_v4/train/drone/aug_Drone_Noise_Test_-_DJI_Avata_vs_DJI_FPV_vs_DJI_Mavic_3_vs_DJI_Air_2S_compared_seg_011_0036798_0040798_0001000_0004000_seg_001_0000000_0003120_02_engine_idling_fold3_17853_2.wav,10.481,output_v4/clean_drone_segments/Drone_Noise_Test_-_DJI_Avata_vs_DJI_FPV_vs_DJI_Mavic_3_vs_DJI_Air_2S_compared_seg_011_0036798_0040798_0001000_0004000_seg_001_0000000_0003120.wav,drone_noise_test_-_dji_avata_vs_dji_fpv_vs_dji_mavic_3_vs_dji_air_2s_compared_seg_011_0036798_0040798_0001000_0004000,train
output_v4/background_pool/air_conditioner_fold6_204240_10.wav,air_conditioner_air,augmented,output_v4/train/drone/aug_Drone_Noise_Test_-_DJI_Avata_vs_DJI_FPV_vs_DJI_Mavic_3_vs_DJI_Air_2S_compared_seg_011_0036798_0040798_0001000_0004000_seg_001_0000000_0003120_03_air_conditioner_fold6_204240_10.wav,-0.772,output_v4/clean_drone_segments/Drone_Noise_Test_-_DJI_Avata_vs_DJI_FPV_vs_DJI_Mavic_3_vs_DJI_Air_2S_compared_seg_011_0036798_0040798_0001000_0004000_seg_001_0000000_0003120.wav,drone_noise_test_-_dji_avata_vs_dji_fpv_vs_dji_mavic_3_vs_dji_air_2s_compared_seg_011_0036798_0040798_0001000_0004000,train
,,clean,output_v4/test/drone/clean_Drone_Noise_Test_-_DJI_Avata_vs_DJI_FPV_vs_DJI_Mavic_3_vs_DJI_Air_2S_compared_seg_011_0036828_0040828_0001000_0004000_seg_001_0000000_0003120.wav,,output_v4/clean_drone_segments/Drone_Noise_Test_-_DJI_Avata_vs_DJI_FPV_vs_DJI_Mavic_3_vs_DJI_Air_2S_compared_seg_011_0036828_0040828_0001000_0004000_seg_001_0000000_0003120.wav,drone_noise_test_-_dji_avata_vs_dji_fpv_vs_dji_mavic_3_vs_dji_air_2s_compared_seg_011_0036828_0040828_0001000_0004000,test
output_v4/background_pool/engine_idling_fold2_177592_2.wav,engine_idling_engine,augmented,output_v4/test/drone/aug_Drone_Noise_Test_-_DJI_Avata_vs_DJI_FPV_vs_DJI_Mavic_3_vs_DJI_Air_2S_compared_seg_011_0036828_0040828_0001000_0004000_seg_001_0000000_0003120_00_engine_idling_fold2_177592_2.wav,5.305,output_v4/clean_drone_segments/Drone_Noise_Test_-_DJI_Avata_vs_DJI_FPV_vs_DJI_Mavic_3_vs_DJI_Air_2S_compared_seg_011_0036828_0040828_0001000_0004000_seg_001_0000000_0003120.wav,drone_noise_test_-_dji_avata_vs_dji_fpv_vs_dji_mavic_3_vs_dji_air_2s_compared_seg_011_0036828_0040828_0001000_0004000,test
output_v4/background_pool/siren_fold4_159751_0.wav,siren_siren,augmented,output_v4/test/drone/aug_Drone_Noise_Test_-_DJI_Avata_vs_DJI_FPV_vs_DJI_Mavic_3_vs_DJI_Air_2S_compared_seg_011_0036828_0040828_0001000_0004000_seg_001_0000000_0003120_01_siren_fold4_159751_0.wav,5.486,output_v4/clean_drone_segments/Drone_Noise_Test_-_DJI_Avata_vs_DJI_FPV_vs_DJI_Mavic_3_vs_DJI_Air_2S_compared_seg_011_0036828_0040828_0001000_0004000_seg_001_0000000_0003120.wav,drone_noise_test_-_dji_avata_vs_dji_fpv_vs_dji_mavic_3_vs_dji_air_2s_compared_seg_011_0036828_0040828_0001000_0004000,test
output_v4/background_pool/air_conditioner_fold3_177742_203.wav,air_conditioner_air,augmented,output_v4/test/drone/aug_Drone_Noise_Test_-_DJI_Avata_vs_DJI_FPV_vs_DJI_Mavic_3_vs_DJI_Air_2S_compared_seg_011_0036828_0040828_0001000_0004000_seg_001_0000000_0003120_02_air_conditioner_fold3_177742_203.wav,-3.847,output_v4/clean_drone_segments/Drone_Noise_Test_-_DJI_Avata_vs_DJI_FPV_vs_DJI_Mavic_3_vs_DJI_Air_2S_compared_seg_011_0036828_0040828_0001000_0004000_seg_001_0000000_0003120.wav,drone_noise_test_-_dji_avata_vs_dji_fpv_vs_dji_mavic_3_vs_dji_air_2s_compared_seg_011_0036828_0040828_0001000_0004000,test
output_v4/background_pool/engine_idling_fold4_144007_13.wav,engine_idling_engine,augmented,output_v4/test/drone/aug_Drone_Noise_Test_-_DJI_Avata_vs_DJI_FPV_vs_DJI_Mavic_3_vs_DJI_Air_2S_compared_seg_011_0036828_0040828_0001000_0004000_seg_001_0000000_0003120_03_engine_idling_fold4_144007_13.wav,11.47,output_v4/clean_drone_segments/Drone_Noise_Test_-_DJI_Avata_vs_DJI_FPV_vs_DJI_Mavic_3_vs_DJI_Air_2S_compared_seg_011_0036828_0040828_0001000_0004000_seg_001_0000000_0003120.wav,drone_noise_test_-_dji_avata_vs_dji_fpv_vs_dji_mavic_3_vs_dji_air_2s_compared_seg_011_0036828_0040828_0001000_0004000,test
,,clean,output_v4/train/drone/clean_Drone_Noise_Test_-_DJI_Avata_vs_DJI_FPV_vs_DJI_Mavic_3_vs_DJI_Air_2S_compared_seg_012_0040548_0044548_0001000_0004000_seg_001_0000000_0003120.wav,,output_v4/clean_drone_segments/Drone_Noise_Test_-_DJI_Avata_vs_DJI_FPV_vs_DJI_Mavic_3_vs_DJI_Air_2S_compared_seg_012_0040548_0044548_0001000_0004000_seg_001_0000000_0003120.wav,drone_noise_test_-_dji_avata_vs_dji_fpv_vs_dji_mavic_3_vs_dji_air_2s_compared_seg_012_0040548_0044548_0001000_0004000,train
output_v4/background_pool/engine_idling_fold9_103249_10.wav,engine_idling_engine,augmented,output_v4/train/drone/aug_Drone_Noise_Test_-_DJI_Avata_vs_DJI_FPV_vs_DJI_Mavic_3_vs_DJI_Air_2S_compared_seg_012_0040548_0044548_0001000_0004000_seg_001_0000000_0003120_00_engine_idling_fold9_103249_10.wav,3.922,output_v4/clean_drone_segments/Drone_Noise_Test_-_DJI_Avata_vs_DJI_FPV_vs_DJI_Mavic_3_vs_DJI_Air_2S_compared_seg_012_0040548_0044548_0001000_0004000_seg_001_0000000_0003120.wav,drone_noise_test_-_dji_avata_vs_dji_fpv_vs_dji_mavic_3_vs_dji_air_2s_compared_seg_012_0040548_0044548_0001000_0004000,train
output_v4/background_pool/siren_fold8_117181_6.wav,siren_siren,augmented,output_v4/train/drone/aug_Drone_Noise_Test_-_DJI_Avata_vs_DJI_FPV_vs_DJI_Mavic_3_vs_DJI_Air_2S_compared_seg_012_0040548_0044548_0001000_0004000_seg_001_0000000_0003120_01_siren_fold8_117181_6.wav,11.753,output_v4/clean_drone_segments/Drone_Noise_Test_-_DJI_Avata_vs_DJI_FPV_vs_DJI_Mavic_3_vs_DJI_Air_2S_compared_seg_012_0040548_0044548_0001000_0004000_seg_001_0000000_0003120.wav,drone_noise_test_-_dji_avata_vs_dji_fpv_vs_dji_mavic_3_vs_dji_air_2s_compared_seg_012_0040548_0044548_0001000_0004000,train
output_v4/background_pool/siren_fold8_157868_12.wav,siren_siren,augmented,output_v4/train/drone/aug_Drone_Noise_Test_-_DJI_Avata_vs_DJI_FPV_vs_DJI_Mavic_3_vs_DJI_Air_2S_compared_seg_012_0040548_0044548_0001000_0004000_seg_001_0000000_0003120_02_siren_fold8_157868_12.wav,12.076,output_v4/clean_drone_segments/Drone_Noise_Test_-_DJI_Avata_vs_DJI_FPV_vs_DJI_Mavic_3_vs_DJI_Air_2S_compared_seg_012_0040548_0044548_0001000_0004000_seg_001_0000000_0003120.wav,drone_noise_test_-_dji_avata_vs_dji_fpv_vs_dji_mavic_3_vs_dji_air_2s_compared_seg_012_0040548_0044548_0001000_0004000,train
output_v4/background_pool/drilling_fold2_59594_2.wav,drilling_drilling,augmented,output_v4/train/drone/aug_Drone_Noise_Test_-_DJI_Avata_vs_DJI_FPV_vs_DJI_Mavic_3_vs_DJI_Air_2S_compared_seg_012_0040548_0044548_0001000_0004000_seg_001_0000000_0003120_03_drilling_fold2_59594_2.wav,0.382,output_v4/clean_drone_segments/Drone_Noise_Test_-_DJI_Avata_vs_DJI_FPV_vs_DJI_Mavic_3_vs_DJI_Air_2S_compared_seg_012_0040548_0044548_0001000_0004000_seg_001_0000000_0003120.wav,drone_noise_test_-_dji_avata_vs_dji_fpv_vs_dji_mavic_3_vs_dji_air_2s_compared_seg_012_0040548_0044548_0001000_0004000,train
,,clean,output_v4/train/drone/clean_Drone_Noise_Test_-_DJI_Avata_vs_DJI_FPV_vs_DJI_Mavic_3_vs_DJI_Air_2S_compared_seg_012_0040578_0044578_0001000_0004000_seg_001_0000000_0003120.wav,,output_v4/clean_drone_segments/Drone_Noise_Test_-_DJI_Avata_vs_DJI_FPV_vs_DJI_Mavic_3_vs_DJI_Air_2S_compared_seg_012_0040578_0044578_0001000_0004000_seg_001_0000000_0003120.wav,drone_noise_test_-_dji_avata_vs_dji_fpv_vs_dji_mavic_3_vs_dji_air_2s_compared_seg_012_0040578_0044578_0001000_0004000,train
output_v4/background_pool/air_conditioner_fold5_100852_24.wav,air_conditioner_air,augmented,output_v4/train/drone/aug_Drone_Noise_Test_-_DJI_Avata_vs_DJI_FPV_vs_DJI_Mavic_3_vs_DJI_Air_2S_compared_seg_012_0040578_0044578_0001000_0004000_seg_001_0000000_0003120_00_air_conditioner_fold5_100852_24.wav,-1.536,output_v4/clean_drone_segments/Drone_Noise_Test_-_DJI_Avata_vs_DJI_FPV_vs_DJI_Mavic_3_vs_DJI_Air_2S_compared_seg_012_0040578_0044578_0001000_0004000_seg_001_0000000_0003120.wav,drone_noise_test_-_dji_avata_vs_dji_fpv_vs_dji_mavic_3_vs_dji_air_2s_compared_seg_012_0040578_0044578_0001000_0004000,train
output_v4/background_pool/jackhammer_fold3_31884_2.wav,jackhammer_jackhammer,augmented,output_v4/train/drone/aug_Drone_Noise_Test_-_DJI_Avata_vs_DJI_FPV_vs_DJI_Mavic_3_vs_DJI_Air_2S_compared_seg_012_0040578_0044578_0001000_0004000_seg_001_0000000_0003120_01_jackhammer_fold3_31884_2.wav,9.255,output_v4/clean_drone_segments/Drone_Noise_Test_-_DJI_Avata_vs_DJI_FPV_vs_DJI_Mavic_3_vs_DJI_Air_2S_compared_seg_012_0040578_0044578_0001000_0004000_seg_001_0000000_0003120.wav,drone_noise_test_-_dji_avata_vs_dji_fpv_vs_dji_mavic_3_vs_dji_air_2s_compared_seg_012_0040578_0044578_0001000_0004000,train
output_v4/background_pool/drilling_fold3_63095_19.wav,drilling_drilling,augmented,output_v4/train/drone/aug_Drone_Noise_Test_-_DJI_Avata_vs_DJI_FPV_vs_DJI_Mavic_3_vs_DJI_Air_2S_compared_seg_012_0040578_0044578_0001000_0004000_seg_001_0000000_0003120_02_drilling_fold3_63095_19.wav,4.18,output_v4/clean_drone_segments/Drone_Noise_Test_-_DJI_Avata_vs_DJI_FPV_vs_DJI_Mavic_3_vs_DJI_Air_2S_compared_seg_012_0040578_0044578_0001000_0004000_seg_001_0000000_0003120.wav,drone_noise_test_-_dji_avata_vs_dji_fpv_vs_dji_mavic_3_vs_dji_air_2s_compared_seg_012_0040578_0044578_0001000_0004000,train
output_v4/background_pool/siren_fold3_22601_16.wav,siren_siren,augmented,output_v4/train/drone/aug_Drone_Noise_Test_-_DJI_Avata_vs_DJI_FPV_vs_DJI_Mavic_3_vs_DJI_Air_2S_compared_seg_012_0040578_0044578_0001000_0004000_seg_001_0000000_0003120_03_siren_fold3_22601_16.wav,-2.954,output_v4/clean_drone_segments/Drone_Noise_Test_-_DJI_Avata_vs_DJI_FPV_vs_DJI_Mavic_3_vs_DJI_Air_2S_compared_seg_012_0040578_0044578_0001000_0004000_seg_001_0000000_0003120.wav,drone_noise_test_-_dji_avata_vs_dji_fpv_vs_dji_mavic_3_vs_dji_air_2s_compared_seg_012_0040578_0044578_0001000_0004000,train
,,clean,output_v4/train/drone/clean_Drone_Noise_Test_-_DJI_Avata_vs_DJI_FPV_vs_DJI_Mavic_3_vs_DJI_Air_2S_compared_seg_013_0044298_0048298_0001700_0004000_seg_001_0000229_0002420.wav,,output_v4/clean_drone_segments/Drone_Noise_Test_-_DJI_Avata_vs_DJI_FPV_vs_DJI_Mavic_3_vs_DJI_Air_2S_compared_seg_013_0044298_0048298_0001700_0004000_seg_001_0000229_0002420.wav,drone_noise_test_-_dji_avata_vs_dji_fpv_vs_dji_mavic_3_vs_dji_air_2s_compared_seg_013_0044298_0048298_0001700_0004000,train
output_v4/background_pool/air_conditioner_fold5_100852_15.wav,air_conditioner_air,augmented,output_v4/train/drone/aug_Drone_Noise_Test_-_DJI_Avata_vs_DJI_FPV_vs_DJI_Mavic_3_vs_DJI_Air_2S_compared_seg_013_0044298_0048298_0001700_0004000_seg_001_0000229_0002420_00_air_conditioner_fold5_100852_15.wav,0.97,output_v4/clean_drone_segments/Drone_Noise_Test_-_DJI_Avata_vs_DJI_FPV_vs_DJI_Mavic_3_vs_DJI_Air_2S_compared_seg_013_0044298_0048298_0001700_0004000_seg_001_0000229_0002420.wav,drone_noise_test_-_dji_avata_vs_dji_fpv_vs_dji_mavic_3_vs_dji_air_2s_compared_seg_013_0044298_0048298_0001700_0004000,train
output_v4/background_pool/air_conditioner_fold6_204240_25.wav,air_conditioner_air,augmented,output_v4/train/drone/aug_Drone_Noise_Test_-_DJI_Avata_vs_DJI_FPV_vs_DJI_Mavic_3_vs_DJI_Air_2S_compared_seg_013_0044298_0048298_0001700_0004000_seg_001_0000229_0002420_01_air_conditioner_fold6_204240_25.wav,12.23,output_v4/clean_drone_segments/Drone_Noise_Test_-_DJI_Avata_vs_DJI_FPV_vs_DJI_Mavic_3_vs_DJI_Air_2S_compared_seg_013_0044298_0048298_0001700_0004000_seg_001_0000229_0002420.wav,drone_noise_test_-_dji_avata_vs_dji_fpv_vs_dji_mavic_3_vs_dji_air_2s_compared_seg_013_0044298_0048298_0001700_0004000,train
output_v4/background_pool/air_conditioner_fold5_100852_5.wav,air_conditioner_air,augmented,output_v4/train/drone/aug_Drone_Noise_Test_-_DJI_Avata_vs_DJI_FPV_vs_DJI_Mavic_3_vs_DJI_Air_2S_compared_seg_013_0044298_0048298_0001700_0004000_seg_001_0000229_0002420_02_air_conditioner_fold5_100852_5.wav,12.994,output_v4/clean_drone_segments/Drone_Noise_Test_-_DJI_Avata_vs_DJI_FPV_vs_DJI_Mavic_3_vs_DJI_Air_2S_compared_seg_013_0044298_0048298_0001700_0004000_seg_001_0000229_0002420.wav,drone_noise_test_-_dji_avata_vs_dji_fpv_vs_dji_mavic_3_vs_dji_air_2s_compared_seg_013_0044298_0048298_0001700_0004000,train
output_v4/background_pool/jackhammer_fold9_188823_3.wav,jackhammer_jackhammer,augmented,output_v4/train/drone/aug_Drone_Noise_Test_-_DJI_Avata_vs_DJI_FPV_vs_DJI_Mavic_3_vs_DJI_Air_2S_compared_seg_013_0044298_0048298_0001700_0004000_seg_001_0000229_0002420_03_jackhammer_fold9_188823_3.wav,8.108,output_v4/clean_drone_segments/Drone_Noise_Test_-_DJI_Avata_vs_DJI_FPV_vs_DJI_Mavic_3_vs_DJI_Air_2S_compared_seg_013_0044298_0048298_0001700_0004000_seg_001_0000229_0002420.wav,drone_noise_test_-_dji_avata_vs_dji_fpv_vs_dji_mavic_3_vs_dji_air_2s_compared_seg_013_0044298_0048298_0001700_0004000,train
,,clean,output_v4/train/drone/clean_Drone_Noise_Test_-_DJI_Avata_vs_DJI_FPV_vs_DJI_Mavic_3_vs_DJI_Air_2S_compared_seg_013_0044328_0048328_0001600_0004000_seg_001_0000229_0002520.wav,,output_v4/clean_drone_segments/Drone_Noise_Test_-_DJI_Avata_vs_DJI_FPV_vs_DJI_Mavic_3_vs_DJI_Air_2S_compared_seg_013_0044328_0048328_0001600_0004000_seg_001_0000229_0002520.wav,drone_noise_test_-_dji_avata_vs_dji_fpv_vs_dji_mavic_3_vs_dji_air_2s_compared_seg_013_0044328_0048328_0001600_0004000,train
output_v4/background_pool/siren_fold1_159738_7.wav,siren_siren,augmented,output_v4/train/drone/aug_Drone_Noise_Test_-_DJI_Avata_vs_DJI_FPV_vs_DJI_Mavic_3_vs_DJI_Air_2S_compared_seg_013_0044328_0048328_0001600_0004000_seg_001_0000229_0002520_00_siren_fold1_159738_7.wav,6.66,output_v4/clean_drone_segments/Drone_Noise_Test_-_DJI_Avata_vs_DJI_FPV_vs_DJI_Mavic_3_vs_DJI_Air_2S_compared_seg_013_0044328_0048328_0001600_0004000_seg_001_0000229_0002520.wav,drone_noise_test_-_dji_avata_vs_dji_fpv_vs_dji_mavic_3_vs_dji_air_2s_compared_seg_013_0044328_0048328_0001600_0004000,train
output_v4/background_pool/drilling_fold6_71079_0.wav,drilling_drilling,augmented,output_v4/train/drone/aug_Drone_Noise_Test_-_DJI_Avata_vs_DJI_FPV_vs_DJI_Mavic_3_vs_DJI_Air_2S_compared_seg_013_0044328_0048328_0001600_0004000_seg_001_0000229_0002520_01_drilling_fold6_71079_0.wav,8.726,output_v4/clean_drone_segments/Drone_Noise_Test_-_DJI_Avata_vs_DJI_FPV_vs_DJI_Mavic_3_vs_DJI_Air_2S_compared_seg_013_0044328_0048328_0001600_0004000_seg_001_0000229_0002520.wav,drone_noise_test_-_dji_avata_vs_dji_fpv_vs_dji_mavic_3_vs_dji_air_2s_compared_seg_013_0044328_0048328_0001600_0004000,train
output_v4/background_pool/siren_fold8_117181_6.wav,siren_siren,augmented,output_v4/train/drone/aug_Drone_Noise_Test_-_DJI_Avata_vs_DJI_FPV_vs_DJI_Mavic_3_vs_DJI_Air_2S_compared_seg_013_0044328_0048328_0001600_0004000_seg_001_0000229_0002520_02_siren_fold8_117181_6.wav,11.813,output_v4/clean_drone_segments/Drone_Noise_Test_-_DJI_Avata_vs_DJI_FPV_vs_DJI_Mavic_3_vs_DJI_Air_2S_compared_seg_013_0044328_0048328_0001600_0004000_seg_001_0000229_0002520.wav,drone_noise_test_-_dji_avata_vs_dji_fpv_vs_dji_mavic_3_vs_dji_air_2s_compared_seg_013_0044328_0048328_0001600_0004000,train
output_v4/background_pool/siren_fold10_74364_8.wav,siren_siren,augmented,output_v4/train/drone/aug_Drone_Noise_Test_-_DJI_Avata_vs_DJI_FPV_vs_DJI_Mavic_3_vs_DJI_Air_2S_compared_seg_013_0044328_0048328_0001600_0004000_seg_001_0000229_0002520_03_siren_fold10_74364_8.wav,0.173,output_v4/clean_drone_segments/Drone_Noise_Test_-_DJI_Avata_vs_DJI_FPV_vs_DJI_Mavic_3_vs_DJI_Air_2S_compared_seg_013_0044328_0048328_0001600_0004000_seg_001_0000229_0002520.wav,drone_noise_test_-_dji_avata_vs_dji_fpv_vs_dji_mavic_3_vs_dji_air_2s_compared_seg_013_0044328_0048328_0001600_0004000,train
,,clean,output_v4/val/drone/clean_Drone_Noise_Test_-_DJI_Avata_vs_DJI_FPV_vs_DJI_Mavic_3_vs_DJI_Air_2S_compared_seg_014_0048048_0052048_0001000_0004000_seg_001_0000000_0003120.wav,,output_v4/clean_drone_segments/Drone_Noise_Test_-_DJI_Avata_vs_DJI_FPV_vs_DJI_Mavic_3_vs_DJI_Air_2S_compared_seg_014_0048048_0052048_0001000_0004000_seg_001_0000000_0003120.wav,drone_noise_test_-_dji_avata_vs_dji_fpv_vs_dji_mavic_3_vs_dji_air_2s_compared_seg_014_0048048_0052048_0001000_0004000,val
output_v4/background_pool/siren_fold10_74364_8.wav,siren_siren,augmented,output_v4/val/drone/aug_Drone_Noise_Test_-_DJI_Avata_vs_DJI_FPV_vs_DJI_Mavic_3_vs_DJI_Air_2S_compared_seg_014_0048048_0052048_0001000_0004000_seg_001_0000000_0003120_00_siren_fold10_74364_8.wav,-0.533,output_v4/clean_drone_segments/Drone_Noise_Test_-_DJI_Avata_vs_DJI_FPV_vs_DJI_Mavic_3_vs_DJI_Air_2S_compared_seg_014_0048048_0052048_0001000_0004000_seg_001_0000000_0003120.wav,drone_noise_test_-_dji_avata_vs_dji_fpv_vs_dji_mavic_3_vs_dji_air_2s_compared_seg_014_0048048_0052048_0001000_0004000,val
output_v4/background_pool/air_conditioner_fold8_162103_5.wav,air_conditioner_air,augmented,output_v4/val/drone/aug_Drone_Noise_Test_-_DJI_Avata_vs_DJI_FPV_vs_DJI_Mavic_3_vs_DJI_Air_2S_compared_seg_014_0048048_0052048_0001000_0004000_seg_001_0000000_0003120_01_air_conditioner_fold8_162103_5.wav,4.275,output_v4/clean_drone_segments/Drone_Noise_Test_-_DJI_Avata_vs_DJI_FPV_vs_DJI_Mavic_3_vs_DJI_Air_2S_compared_seg_014_0048048_0052048_0001000_0004000_seg_001_0000000_0003120.wav,drone_noise_test_-_dji_avata_vs_dji_fpv_vs_dji_mavic_3_vs_dji_air_2s_compared_seg_014_0048048_0052048_0001000_0004000,val
output_v4/background_pool/engine_idling_fold10_39847_5.wav,engine_idling_engine,augmented,output_v4/val/drone/aug_Drone_Noise_Test_-_DJI_Avata_vs_DJI_FPV_vs_DJI_Mavic_3_vs_DJI_Air_2S_compared_seg_014_0048048_0052048_0001000_0004000_seg_001_0000000_0003120_02_engine_idling_fold10_39847_5.wav,-3.576,output_v4/clean_drone_segments/Drone_Noise_Test_-_DJI_Avata_vs_DJI_FPV_vs_DJI_Mavic_3_vs_DJI_Air_2S_compared_seg_014_0048048_0052048_0001000_0004000_seg_001_0000000_0003120.wav,drone_noise_test_-_dji_avata_vs_dji_fpv_vs_dji_mavic_3_vs_dji_air_2s_compared_seg_014_0048048_0052048_0001000_0004000,val
output_v4/background_pool/jackhammer_fold1_180937_21.wav,jackhammer_jackhammer,augmented,output_v4/val/drone/aug_Drone_Noise_Test_-_DJI_Avata_vs_DJI_FPV_vs_DJI_Mavic_3_vs_DJI_Air_2S_compared_seg_014_0048048_0052048_0001000_0004000_seg_001_0000000_0003120_03_jackhammer_fold1_180937_21.wav,0.967,output_v4/clean_drone_segments/Drone_Noise_Test_-_DJI_Avata_vs_DJI_FPV_vs_DJI_Mavic_3_vs_DJI_Air_2S_compared_seg_014_0048048_0052048_0001000_0004000_seg_001_0000000_0003120.wav,drone_noise_test_-_dji_avata_vs_dji_fpv_vs_dji_mavic_3_vs_dji_air_2s_compared_seg_014_0048048_0052048_0001000_0004000,val
,,clean,output_v4/train/drone/clean_Drone_Noise_Test_-_DJI_Avata_vs_DJI_FPV_vs_DJI_Mavic_3_vs_DJI_Air_2S_compared_seg_014_0048078_0052078_0001000_0004000_seg_001_0000000_0003120.wav,,output_v4/clean_drone_segments/Drone_Noise_Test_-_DJI_Avata_vs_DJI_FPV_vs_DJI_Mavic_3_vs_DJI_Air_2S_compared_seg_014_0048078_0052078_0001000_0004000_seg_001_0000000_0003120.wav,drone_noise_test_-_dji_avata_vs_dji_fpv_vs_dji_mavic_3_vs_dji_air_2s_compared_seg_014_0048078_0052078_0001000_0004000,train
output_v4/background_pool/air_conditioner_fold5_178686_38.wav,air_conditioner_air,augmented,output_v4/train/drone/aug_Drone_Noise_Test_-_DJI_Avata_vs_DJI_FPV_vs_DJI_Mavic_3_vs_DJI_Air_2S_compared_seg_014_0048078_0052078_0001000_0004000_seg_001_0000000_0003120_00_air_conditioner_fold5_178686_38.wav,14.744,output_v4/clean_drone_segments/Drone_Noise_Test_-_DJI_Avata_vs_DJI_FPV_vs_DJI_Mavic_3_vs_DJI_Air_2S_compared_seg_014_0048078_0052078_0001000_0004000_seg_001_0000000_0003120.wav,drone_noise_test_-_dji_avata_vs_dji_fpv_vs_dji_mavic_3_vs_dji_air_2s_compared_seg_014_0048078_0052078_0001000_0004000,train
output_v4/background_pool/drilling_fold1_22962_1.wav,drilling_drilling,augmented,output_v4/train/drone/aug_Drone_Noise_Test_-_DJI_Avata_vs_DJI_FPV_vs_DJI_Mavic_3_vs_DJI_Air_2S_compared_seg_014_0048078_0052078_0001000_0004000_seg_001_0000000_0003120_01_drilling_fold1_22962_1.wav,10.579,output_v4/clean_drone_segments/Drone_Noise_Test_-_DJI_Avata_vs_DJI_FPV_vs_DJI_Mavic_3_vs_DJI_Air_2S_compared_seg_014_0048078_0052078_0001000_0004000_seg_001_0000000_0003120.wav,drone_noise_test_-_dji_avata_vs_dji_fpv_vs_dji_mavic_3_vs_dji_air_2s_compared_seg_014_0048078_0052078_0001000_0004000,train
output_v4/background_pool/engine_idling_fold2_201652_4.wav,engine_idling_engine,augmented,output_v4/train/drone/aug_Drone_Noise_Test_-_DJI_Avata_vs_DJI_FPV_vs_DJI_Mavic_3_vs_DJI_Air_2S_compared_seg_014_0048078_0052078_0001000_0004000_seg_001_0000000_0003120_02_engine_idling_fold2_201652_4.wav,0.471,output_v4/clean_drone_segments/Drone_Noise_Test_-_DJI_Avata_vs_DJI_FPV_vs_DJI_Mavic_3_vs_DJI_Air_2S_compared_seg_014_0048078_0052078_0001000_0004000_seg_001_0000000_0003120.wav,drone_noise_test_-_dji_avata_vs_dji_fpv_vs_dji_mavic_3_vs_dji_air_2s_compared_seg_014_0048078_0052078_0001000_0004000,train
output_v4/background_pool/drilling_fold1_22962_0.wav,drilling_drilling,augmented,output_v4/train/drone/aug_Drone_Noise_Test_-_DJI_Avata_vs_DJI_FPV_vs_DJI_Mavic_3_vs_DJI_Air_2S_compared_seg_014_0048078_0052078_0001000_0004000_seg_001_0000000_0003120_03_drilling_fold1_22962_0.wav,10.271,output_v4/clean_drone_segments/Drone_Noise_Test_-_DJI_Avata_vs_DJI_FPV_vs_DJI_Mavic_3_vs_DJI_Air_2S_compared_seg_014_0048078_0052078_0001000_0004000_seg_001_0000000_0003120.wav,drone_noise_test_-_dji_avata_vs_dji_fpv_vs_dji_mavic_3_vs_dji_air_2s_compared_seg_014_0048078_0052078_0001000_0004000,train
,,clean,output_v4/train/drone/clean_Drone_Noise_Test_-_DJI_Avata_vs_DJI_FPV_vs_DJI_Mavic_3_vs_DJI_Air_2S_compared_seg_015_0051798_0055798_0001000_0004000_seg_001_0000000_0003120.wav,,output_v4/clean_drone_segments/Drone_Noise_Test_-_DJI_Avata_vs_DJI_FPV_vs_DJI_Mavic_3_vs_DJI_Air_2S_compared_seg_015_0051798_0055798_0001000_0004000_seg_001_0000000_0003120.wav,drone_noise_test_-_dji_avata_vs_dji_fpv_vs_dji_mavic_3_vs_dji_air_2s_compared_seg_015_0051798_0055798_0001000_0004000,train
output_v4/background_pool/siren_fold9_157866_20.wav,siren_siren,augmented,output_v4/train/drone/aug_Drone_Noise_Test_-_DJI_Avata_vs_DJI_FPV_vs_DJI_Mavic_3_vs_DJI_Air_2S_compared_seg_015_0051798_0055798_0001000_0004000_seg_001_0000000_0003120_00_siren_fold9_157866_20.wav,4.548,output_v4/clean_drone_segments/Drone_Noise_Test_-_DJI_Avata_vs_DJI_FPV_vs_DJI_Mavic_3_vs_DJI_Air_2S_compared_seg_015_0051798_0055798_0001000_0004000_seg_001_0000000_0003120.wav,drone_noise_test_-_dji_avata_vs_dji_fpv_vs_dji_mavic_3_vs_dji_air_2s_compared_seg_015_0051798_0055798_0001000_0004000,train
output_v4/background_pool/siren_fold1_118279_6.wav,siren_siren,augmented,output_v4/train/drone/aug_Drone_Noise_Test_-_DJI_Avata_vs_DJI_FPV_vs_DJI_Mavic_3_vs_DJI_Air_2S_compared_seg_015_0051798_0055798_0001000_0004000_seg_001_0000000_0003120_01_siren_fold1_118279_6.wav,12.84,output_v4/clean_drone_segments/Drone_Noise_Test_-_DJI_Avata_vs_DJI_FPV_vs_DJI_Mavic_3_vs_DJI_Air_2S_compared_seg_015_0051798_0055798_0001000_0004000_seg_001_0000000_0003120.wav,drone_noise_test_-_dji_avata_vs_dji_fpv_vs_dji_mavic_3_vs_dji_air_2s_compared_seg_015_0051798_0055798_0001000_0004000,train
output_v4/background_pool/siren_fold3_94636_12.wav,siren_siren,augmented,output_v4/train/drone/aug_Drone_Noise_Test_-_DJI_Avata_vs_DJI_FPV_vs_DJI_Mavic_3_vs_DJI_Air_2S_compared_seg_015_0051798_0055798_0001000_0004000_seg_001_0000000_0003120_02_siren_fold3_94636_12.wav,9.672,output_v4/clean_drone_segments/Drone_Noise_Test_-_DJI_Avata_vs_DJI_FPV_vs_DJI_Mavic_3_vs_DJI_Air_2S_compared_seg_015_0051798_0055798_0001000_0004000_seg_001_0000000_0003120.wav,drone_noise_test_-_dji_avata_vs_dji_fpv_vs_dji_mavic_3_vs_dji_air_2s_compared_seg_015_0051798_0055798_0001000_0004000,train
output_v4/background_pool/air_conditioner_fold7_177729_63.wav,air_conditioner_air,augmented,output_v4/train/drone/aug_Drone_Noise_Test_-_DJI_Avata_vs_DJI_FPV_vs_DJI_Mavic_3_vs_DJI_Air_2S_compared_seg_015_0051798_0055798_0001000_0004000_seg_001_0000000_0003120_03_air_conditioner_fold7_177729_63.wav,6.773,output_v4/clean_drone_segments/Drone_Noise_Test_-_DJI_Avata_vs_DJI_FPV_vs_DJI_Mavic_3_vs_DJI_Air_2S_compared_seg_015_0051798_0055798_0001000_0004000_seg_001_0000000_0003120.wav,drone_noise_test_-_dji_avata_vs_dji_fpv_vs_dji_mavic_3_vs_dji_air_2s_compared_seg_015_0051798_0055798_0001000_0004000,train
,,clean,output_v4/val/drone/clean_Drone_Noise_Test_-_DJI_Avata_vs_DJI_FPV_vs_DJI_Mavic_3_vs_DJI_Air_2S_compared_seg_015_0051828_0055828_0001000_0004000_seg_001_0000000_0003120.wav,,output_v4/clean_drone_segments/Drone_Noise_Test_-_DJI_Avata_vs_DJI_FPV_vs_DJI_Mavic_3_vs_DJI_Air_2S_compared_seg_015_0051828_0055828_0001000_0004000_seg_001_0000000_0003120.wav,drone_noise_test_-_dji_avata_vs_dji_fpv_vs_dji_mavic_3_vs_dji_air_2s_compared_seg_015_0051828_0055828_0001000_0004000,val
output_v4/background_pool/siren_fold6_124389_1.wav,siren_siren,augmented,output_v4/val/drone/aug_Drone_Noise_Test_-_DJI_Avata_vs_DJI_FPV_vs_DJI_Mavic_3_vs_DJI_Air_2S_compared_seg_015_0051828_0055828_0001000_0004000_seg_001_0000000_0003120_00_siren_fold6_124389_1.wav,5.406,output_v4/clean_drone_segments/Drone_Noise_Test_-_DJI_Avata_vs_DJI_FPV_vs_DJI_Mavic_3_vs_DJI_Air_2S_compared_seg_015_0051828_0055828_0001000_0004000_seg_001_0000000_0003120.wav,drone_noise_test_-_dji_avata_vs_dji_fpv_vs_dji_mavic_3_vs_dji_air_2s_compared_seg_015_0051828_0055828_0001000_0004000,val
output_v4/background_pool/siren_fold9_157866_20.wav,siren_siren,augmented,output_v4/val/drone/aug_Drone_Noise_Test_-_DJI_Avata_vs_DJI_FPV_vs_DJI_Mavic_3_vs_DJI_Air_2S_compared_seg_015_0051828_0055828_0001000_0004000_seg_001_0000000_0003120_01_siren_fold9_157866_20.wav,2.185,output_v4/clean_drone_segments/Drone_Noise_Test_-_DJI_Avata_vs_DJI_FPV_vs_DJI_Mavic_3_vs_DJI_Air_2S_compared_seg_015_0051828_0055828_0001000_0004000_seg_001_0000000_0003120.wav,drone_noise_test_-_dji_avata_vs_dji_fpv_vs_dji_mavic_3_vs_dji_air_2s_compared_seg_015_0051828_0055828_0001000_0004000,val
output_v4/background_pool/jackhammer_fold9_188823_3.wav,jackhammer_jackhammer,augmented,output_v4/val/drone/aug_Drone_Noise_Test_-_DJI_Avata_vs_DJI_FPV_vs_DJI_Mavic_3_vs_DJI_Air_2S_compared_seg_015_0051828_0055828_0001000_0004000_seg_001_0000000_0003120_02_jackhammer_fold9_188823_3.wav,-2.376,output_v4/clean_drone_segments/Drone_Noise_Test_-_DJI_Avata_vs_DJI_FPV_vs_DJI_Mavic_3_vs_DJI_Air_2S_compared_seg_015_0051828_0055828_0001000_0004000_seg_001_0000000_0003120.wav,drone_noise_test_-_dji_avata_vs_dji_fpv_vs_dji_mavic_3_vs_dji_air_2s_compared_seg_015_0051828_0055828_0001000_0004000,val
output_v4/background_pool/drilling_fold8_161129_6.wav,drilling_drilling,augmented,output_v4/val/drone/aug_Drone_Noise_Test_-_DJI_Avata_vs_DJI_FPV_vs_DJI_Mavic_3_vs_DJI_Air_2S_compared_seg_015_0051828_0055828_0001000_0004000_seg_001_0000000_0003120_03_drilling_fold8_161129_6.wav,10.843,output_v4/clean_drone_segments/Drone_Noise_Test_-_DJI_Avata_vs_DJI_FPV_vs_DJI_Mavic_3_vs_DJI_Air_2S_compared_seg_015_0051828_0055828_0001000_0004000_seg_001_0000000_0003120.wav,drone_noise_test_-_dji_avata_vs_dji_fpv_vs_dji_mavic_3_vs_dji_air_2s_compared_seg_015_0051828_0055828_0001000_0004000,val
,,clean,output_v4/train/drone/clean_Drone_Noise_Test_-_DJI_Avata_vs_DJI_FPV_vs_DJI_Mavic_3_vs_DJI_Air_2S_compared_seg_016_0055548_0059548_0001000_0003500_seg_001_0000000_0002620.wav,,output_v4/clean_drone_segments/Drone_Noise_Test_-_DJI_Avata_vs_DJI_FPV_vs_DJI_Mavic_3_vs_DJI_Air_2S_compared_seg_016_0055548_0059548_0001000_0003500_seg_001_0000000_0002620.wav,drone_noise_test_-_dji_avata_vs_dji_fpv_vs_dji_mavic_3_vs_dji_air_2s_compared_seg_016_0055548_0059548_0001000_0003500,train
output_v4/background_pool/siren_fold4_159751_4.wav,siren_siren,augmented,output_v4/train/drone/aug_Drone_Noise_Test_-_DJI_Avata_vs_DJI_FPV_vs_DJI_Mavic_3_vs_DJI_Air_2S_compared_seg_016_0055548_0059548_0001000_0003500_seg_001_0000000_0002620_00_siren_fold4_159751_4.wav,-2.838,output_v4/clean_drone_segments/Drone_Noise_Test_-_DJI_Avata_vs_DJI_FPV_vs_DJI_Mavic_3_vs_DJI_Air_2S_compared_seg_016_0055548_0059548_0001000_0003500_seg_001_0000000_0002620.wav,drone_noise_test_-_dji_avata_vs_dji_fpv_vs_dji_mavic_3_vs_dji_air_2s_compared_seg_016_0055548_0059548_0001000_0003500,train
output_v4/background_pool/engine_idling_fold4_144007_13.wav,engine_idling_engine,augmented,output_v4/train/drone/aug_Drone_Noise_Test_-_DJI_Avata_vs_DJI_FPV_vs_DJI_Mavic_3_vs_DJI_Air_2S_compared_seg_016_0055548_0059548_0001000_0003500_seg_001_0000000_0002620_01_engine_idling_fold4_144007_13.wav,5.946,output_v4/clean_drone_segments/Drone_Noise_Test_-_DJI_Avata_vs_DJI_FPV_vs_DJI_Mavic_3_vs_DJI_Air_2S_compared_seg_016_0055548_0059548_0001000_0003500_seg_001_0000000_0002620.wav,drone_noise_test_-_dji_avata_vs_dji_fpv_vs_dji_mavic_3_vs_dji_air_2s_compared_seg_016_0055548_0059548_0001000_0003500,train
output_v4/background_pool/jackhammer_fold1_180937_14.wav,jackhammer_jackhammer,augmented,output_v4/train/drone/aug_Drone_Noise_Test_-_DJI_Avata_vs_DJI_FPV_vs_DJI_Mavic_3_vs_DJI_Air_2S_compared_seg_016_0055548_0059548_0001000_0003500_seg_001_0000000_0002620_02_jackhammer_fold1_180937_14.wav,1.022,output_v4/clean_drone_segments/Drone_Noise_Test_-_DJI_Avata_vs_DJI_FPV_vs_DJI_Mavic_3_vs_DJI_Air_2S_compared_seg_016_0055548_0059548_0001000_0003500_seg_001_0000000_0002620.wav,drone_noise_test_-_dji_avata_vs_dji_fpv_vs_dji_mavic_3_vs_dji_air_2s_compared_seg_016_0055548_0059548_0001000_0003500,train
output_v4/background_pool/siren_fold8_96657_2.wav,siren_siren,augmented,output_v4/train/drone/aug_Drone_Noise_Test_-_DJI_Avata_vs_DJI_FPV_vs_DJI_Mavic_3_vs_DJI_Air_2S_compared_seg_016_0055548_0059548_0001000_0003500_seg_001_0000000_0002620_03_siren_fold8_96657_2.wav,3.377,output_v4/clean_drone_segments/Drone_Noise_Test_-_DJI_Avata_vs_DJI_FPV_vs_DJI_Mavic_3_vs_DJI_Air_2S_compared_seg_016_0055548_0059548_0001000_0003500_seg_001_0000000_0002620.wav,drone_noise_test_-_dji_avata_vs_dji_fpv_vs_dji_mavic_3_vs_dji_air_2s_compared_seg_016_0055548_0059548_0001000_0003500,train
,,clean,output_v4/train/drone/clean_Drone_Noise_Test_-_DJI_Avata_vs_DJI_FPV_vs_DJI_Mavic_3_vs_DJI_Air_2S_compared_seg_016_0055578_0059466_0001000_0003529_seg_001_0000000_0002649.wav,,output_v4/clean_drone_segments/Drone_Noise_Test_-_DJI_Avata_vs_DJI_FPV_vs_DJI_Mavic_3_vs_DJI_Air_2S_compared_seg_016_0055578_0059466_0001000_0003529_seg_001_0000000_0002649.wav,drone_noise_test_-_dji_avata_vs_dji_fpv_vs_dji_mavic_3_vs_dji_air_2s_compared_seg_016_0055578_0059466_0001000_0003529,train
output_v4/background_pool/air_conditioner_fold9_75743_13.wav,air_conditioner_air,augmented,output_v4/train/drone/aug_Drone_Noise_Test_-_DJI_Avata_vs_DJI_FPV_vs_DJI_Mavic_3_vs_DJI_Air_2S_compared_seg_016_0055578_0059466_0001000_0003529_seg_001_0000000_0002649_00_air_conditioner_fold9_75743_13.wav,10.695,output_v4/clean_drone_segments/Drone_Noise_Test_-_DJI_Avata_vs_DJI_FPV_vs_DJI_Mavic_3_vs_DJI_Air_2S_compared_seg_016_0055578_0059466_0001000_0003529_seg_001_0000000_0002649.wav,drone_noise_test_-_dji_avata_vs_dji_fpv_vs_dji_mavic_3_vs_dji_air_2s_compared_seg_016_0055578_0059466_0001000_0003529,train
output_v4/background_pool/engine_idling_fold1_146186_6.wav,engine_idling_engine,augmented,output_v4/train/drone/aug_Drone_Noise_Test_-_DJI_Avata_vs_DJI_FPV_vs_DJI_Mavic_3_vs_DJI_Air_2S_compared_seg_016_0055578_0059466_0001000_0003529_seg_001_0000000_0002649_01_engine_idling_fold1_146186_6.wav,-0.967,output_v4/clean_drone_segments/Drone_Noise_Test_-_DJI_Avata_vs_DJI_FPV_vs_DJI_Mavic_3_vs_DJI_Air_2S_compared_seg_016_0055578_0059466_0001000_0003529_seg_001_0000000_0002649.wav,drone_noise_test_-_dji_avata_vs_dji_fpv_vs_dji_mavic_3_vs_dji_air_2s_compared_seg_016_0055578_0059466_0001000_0003529,train
output_v4/background_pool/siren_fold2_159747_14.wav,siren_siren,augmented,output_v4/train/drone/aug_Drone_Noise_Test_-_DJI_Avata_vs_DJI_FPV_vs_DJI_Mavic_3_vs_DJI_Air_2S_compared_seg_016_0055578_0059466_0001000_0003529_seg_001_0000000_0002649_02_siren_fold2_159747_14.wav,-0.846,output_v4/clean_drone_segments/Drone_Noise_Test_-_DJI_Avata_vs_DJI_FPV_vs_DJI_Mavic_3_vs_DJI_Air_2S_compared_seg_016_0055578_0059466_0001000_0003529_seg_001_0000000_0002649.wav,drone_noise_test_-_dji_avata_vs_dji_fpv_vs_dji_mavic_3_vs_dji_air_2s_compared_seg_016_0055578_0059466_0001000_0003529,train
output_v4/background_pool/engine_idling_fold9_39856_0.wav,engine_idling_engine,augmented,output_v4/train/drone/aug_Drone_Noise_Test_-_DJI_Avata_vs_DJI_FPV_vs_DJI_Mavic_3_vs_DJI_Air_2S_compared_seg_016_0055578_0059466_0001000_0003529_seg_001_0000000_0002649_03_engine_idling_fold9_39856_0.wav,13.138,output_v4/clean_drone_segments/Drone_Noise_Test_-_DJI_Avata_vs_DJI_FPV_vs_DJI_Mavic_3_vs_DJI_Air_2S_compared_seg_016_0055578_0059466_0001000_0003529_seg_001_0000000_0002649.wav,drone_noise_test_-_dji_avata_vs_dji_fpv_vs_dji_mavic_3_vs_dji_air_2s_compared_seg_016_0055578_0059466_0001000_0003529,train
,,clean,output_v4/train/drone/clean_klemenflerin-drone-fly-397287_0010000_0247920_seg_001_0000000_0004000.wav,,output_v4/clean_drone_segments/klemenflerin-drone-fly-397287_0010000_0247920_seg_001_0000000_0004000.wav,klemenflerin-drone-fly-397287_0010000_0247920,train
output_v4/background_pool/engine_idling_fold5_23219_9.wav,engine_idling_engine,augmented,output_v4/train/drone/aug_klemenflerin-drone-fly-397287_0010000_0247920_seg_001_0000000_0004000_00_engine_idling_fold5_23219_9.wav,5.234,output_v4/clean_drone_segments/klemenflerin-drone-fly-397287_0010000_0247920_seg_001_0000000_0004000.wav,klemenflerin-drone-fly-397287_0010000_0247920,train
output_v4/background_pool/engine_idling_fold10_15544_14.wav,engine_idling_engine,augmented,output_v4/train/drone/aug_klemenflerin-drone-fly-397287_0010000_0247920_seg_001_0000000_0004000_01_engine_idling_fold10_15544_14.wav,4.135,output_v4/clean_drone_segments/klemenflerin-drone-fly-397287_0010000_0247920_seg_001_0000000_0004000.wav,klemenflerin-drone-fly-397287_0010000_0247920,train
output_v4/background_pool/air_conditioner_fold9_79089_115.wav,air_conditioner_air,augmented,output_v4/train/drone/aug_klemenflerin-drone-fly-397287_0010000_0247920_seg_001_0000000_0004000_02_air_conditioner_fold9_79089_115.wav,-1.506,output_v4/clean_drone_segments/klemenflerin-drone-fly-397287_0010000_0247920_seg_001_0000000_0004000.wav,klemenflerin-drone-fly-397287_0010000_0247920,train
output_v4/background_pool/drilling_fold3_103199_9.wav,drilling_drilling,augmented,output_v4/train/drone/aug_klemenflerin-drone-fly-397287_0010000_0247920_seg_001_0000000_0004000_03_drilling_fold3_103199_9.wav,3.52,output_v4/clean_drone_segments/klemenflerin-drone-fly-397287_0010000_0247920_seg_001_0000000_0004000.wav,klemenflerin-drone-fly-397287_0010000_0247920,train
,,clean,output_v4/train/drone/clean_klemenflerin-drone-fly-397287_0010000_0247920_seg_002_0003750_0007750.wav,,output_v4/clean_drone_segments/klemenflerin-drone-fly-397287_0010000_0247920_seg_002_0003750_0007750.wav,klemenflerin-drone-fly-397287_0010000_0247920,train
output_v4/background_pool/siren_fold6_124389_1.wav,siren_siren,augmented,output_v4/train/drone/aug_klemenflerin-drone-fly-397287_0010000_0247920_seg_002_0003750_0007750_00_siren_fold6_124389_1.wav,7.944,output_v4/clean_drone_segments/klemenflerin-drone-fly-397287_0010000_0247920_seg_002_0003750_0007750.wav,klemenflerin-drone-fly-397287_0010000_0247920,train
output_v4/background_pool/siren_fold4_159752_2.wav,siren_siren,augmented,output_v4/train/drone/aug_klemenflerin-drone-fly-397287_0010000_0247920_seg_002_0003750_0007750_01_siren_fold4_159752_2.wav,9.661,output_v4/clean_drone_segments/klemenflerin-drone-fly-397287_0010000_0247920_seg_002_0003750_0007750.wav,klemenflerin-drone-fly-397287_0010000_0247920,train
output_v4/background_pool/siren_fold8_133473_5.wav,siren_siren,augmented,output_v4/train/drone/aug_klemenflerin-drone-fly-397287_0010000_0247920_seg_002_0003750_0007750_02_siren_fold8_133473_5.wav,14.246,output_v4/clean_drone_segments/klemenflerin-drone-fly-397287_0010000_0247920_seg_002_0003750_0007750.wav,klemenflerin-drone-fly-397287_0010000_0247920,train
output_v4/background_pool/siren_fold3_94636_10.wav,siren_siren,augmented,output_v4/train/drone/aug_klemenflerin-drone-fly-397287_0010000_0247920_seg_002_0003750_0007750_03_siren_fold3_94636_10.wav,3.435,output_v4/clean_drone_segments/klemenflerin-drone-fly-397287_0010000_0247920_seg_002_0003750_0007750.wav,klemenflerin-drone-fly-397287_0010000_0247920,train
,,clean,output_v4/train/drone/clean_klemenflerin-drone-fly-397287_0010000_0247920_seg_003_0007500_0011500.wav,,output_v4/clean_drone_segments/klemenflerin-drone-fly-397287_0010000_0247920_seg_003_0007500_0011500.wav,klemenflerin-drone-fly-397287_0010000_0247920,train
output_v4/background_pool/jackhammer_fold9_105029_14.wav,jackhammer_jackhammer,augmented,output_v4/train/drone/aug_klemenflerin-drone-fly-397287_0010000_0247920_seg_003_0007500_0011500_00_jackhammer_fold9_105029_14.wav,-3.827,output_v4/clean_drone_segments/klemenflerin-drone-fly-397287_0010000_0247920_seg_003_0007500_0011500.wav,klemenflerin-drone-fly-397287_0010000_0247920,train
output_v4/background_pool/air_conditioner_fold5_178686_68.wav,air_conditioner_air,augmented,output_v4/train/drone/aug_klemenflerin-drone-fly-397287_0010000_0247920_seg_003_0007500_0011500_01_air_conditioner_fold5_178686_68.wav,4.653,output_v4/clean_drone_segments/klemenflerin-drone-fly-397287_0010000_0247920_seg_003_0007500_0011500.wav,klemenflerin-drone-fly-397287_0010000_0247920,train
output_v4/background_pool/siren_fold4_159752_2.wav,siren_siren,augmented,output_v4/train/drone/aug_klemenflerin-drone-fly-397287_0010000_0247920_seg_003_0007500_0011500_02_siren_fold4_159752_2.wav,2.172,output_v4/clean_drone_segments/klemenflerin-drone-fly-397287_0010000_0247920_seg_003_0007500_0011500.wav,klemenflerin-drone-fly-397287_0010000_0247920,train
output_v4/background_pool/us8k_engine_idling_engine_idling_fold7_123685_4.wav,us8k_engine,augmented,output_v4/train/drone/aug_klemenflerin-drone-fly-397287_0010000_0247920_seg_003_0007500_0011500_03_us8k_engine_idling_engine_idling_fold7_123685_4.wav,12.752,output_v4/clean_drone_segments/klemenflerin-drone-fly-397287_0010000_0247920_seg_003_0007500_0011500.wav,klemenflerin-drone-fly-397287_0010000_0247920,train
,,clean,output_v4/train/drone/clean_klemenflerin-drone-fly-397287_0010000_0247920_seg_004_0011250_0015250.wav,,output_v4/clean_drone_segments/klemenflerin-drone-fly-397287_0010000_0247920_seg_004_0011250_0015250.wav,klemenflerin-drone-fly-397287_0010000_0247920,train
output_v4/background_pool/air_conditioner_fold6_204240_25.wav,air_conditioner_air,augmented,output_v4/train/drone/aug_klemenflerin-drone-fly-397287_0010000_0247920_seg_004_0011250_0015250_00_air_conditioner_fold6_204240_25.wav,9.091,output_v4/clean_drone_segments/klemenflerin-drone-fly-397287_0010000_0247920_seg_004_0011250_0015250.wav,klemenflerin-drone-fly-397287_0010000_0247920,train
output_v4/background_pool/engine_idling_fold5_17578_7.wav,engine_idling_engine,augmented,output_v4/train/drone/aug_klemenflerin-drone-fly-397287_0010000_0247920_seg_004_0011250_0015250_01_engine_idling_fold5_17578_7.wav,14.115,output_v4/clean_drone_segments/klemenflerin-drone-fly-397287_0010000_0247920_seg_004_0011250_0015250.wav,klemenflerin-drone-fly-397287_0010000_0247920,train
output_v4/background_pool/air_conditioner_fold4_146709_44.wav,air_conditioner_air,augmented,output_v4/train/drone/aug_klemenflerin-drone-fly-397287_0010000_0247920_seg_004_0011250_0015250_02_air_conditioner_fold4_146709_44.wav,-3.095,output_v4/clean_drone_segments/klemenflerin-drone-fly-397287_0010000_0247920_seg_004_0011250_0015250.wav,klemenflerin-drone-fly-397287_0010000_0247920,train
output_v4/background_pool/siren_fold3_22601_47.wav,siren_siren,augmented,output_v4/train/drone/aug_klemenflerin-drone-fly-397287_0010000_0247920_seg_004_0011250_0015250_03_siren_fold3_22601_47.wav,7.828,output_v4/clean_drone_segments/klemenflerin-drone-fly-397287_0010000_0247920_seg_004_0011250_0015250.wav,klemenflerin-drone-fly-397287_0010000_0247920,train
,,clean,output_v4/train/drone/clean_klemenflerin-drone-fly-397287_0010000_0247920_seg_005_0015000_0019000.wav,,output_v4/clean_drone_segments/klemenflerin-drone-fly-397287_0010000_0247920_seg_005_0015000_0019000.wav,klemenflerin-drone-fly-397287_0010000_0247920,train
output_v4/background_pool/siren_fold1_157867_26.wav,siren_siren,augmented,output_v4/train/drone/aug_klemenflerin-drone-fly-397287_0010000_0247920_seg_005_0015000_0019000_00_siren_fold1_157867_26.wav,-4.767,output_v4/clean_drone_segments/klemenflerin-drone-fly-397287_0010000_0247920_seg_005_0015000_0019000.wav,klemenflerin-drone-fly-397287_0010000_0247920,train
output_v4/background_pool/drilling_fold8_161129_6.wav,drilling_drilling,augmented,output_v4/train/drone/aug_klemenflerin-drone-fly-397287_0010000_0247920_seg_005_0015000_0019000_01_drilling_fold8_161129_6.wav,12.388,output_v4/clean_drone_segments/klemenflerin-drone-fly-397287_0010000_0247920_seg_005_0015000_0019000.wav,klemenflerin-drone-fly-397287_0010000_0247920,train
output_v4/background_pool/engine_idling_fold4_128160_1.wav,engine_idling_engine,augmented,output_v4/train/drone/aug_klemenflerin-drone-fly-397287_0010000_0247920_seg_005_0015000_0019000_02_engine_idling_fold4_128160_1.wav,0.563,output_v4/clean_drone_segments/klemenflerin-drone-fly-397287_0010000_0247920_seg_005_0015000_0019000.wav,klemenflerin-drone-fly-397287_0010000_0247920,train
output_v4/background_pool/jackhammer_fold8_125678_2.wav,jackhammer_jackhammer,augmented,output_v4/train/drone/aug_klemenflerin-drone-fly-397287_0010000_0247920_seg_005_0015000_0019000_03_jackhammer_fold8_125678_2.wav,-0.3,output_v4/clean_drone_segments/klemenflerin-drone-fly-397287_0010000_0247920_seg_005_0015000_0019000.wav,klemenflerin-drone-fly-397287_0010000_0247920,train
,,clean,output_v4/train/drone/clean_klemenflerin-drone-fly-397287_0010000_0247920_seg_006_0018750_0022750.wav,,output_v4/clean_drone_segments/klemenflerin-drone-fly-397287_0010000_0247920_seg_006_0018750_0022750.wav,klemenflerin-drone-fly-397287_0010000_0247920,train
output_v4/background_pool/air_conditioner_fold5_85569_0.wav,air_conditioner_air,augmented,output_v4/train/drone/aug_klemenflerin-drone-fly-397287_0010000_0247920_seg_006_0018750_0022750_00_air_conditioner_fold5_85569_0.wav,3.941,output_v4/clean_drone_segments/klemenflerin-drone-fly-397287_0010000_0247920_seg_006_0018750_0022750.wav,klemenflerin-drone-fly-397287_0010000_0247920,train
output_v4/background_pool/drilling_fold2_34621_0.wav,drilling_drilling,augmented,output_v4/train/drone/aug_klemenflerin-drone-fly-397287_0010000_0247920_seg_006_0018750_0022750_01_drilling_fold2_34621_0.wav,3.069,output_v4/clean_drone_segments/klemenflerin-drone-fly-397287_0010000_0247920_seg_006_0018750_0022750.wav,klemenflerin-drone-fly-397287_0010000_0247920,train
output_v4/background_pool/jackhammer_fold8_125678_2.wav,jackhammer_jackhammer,augmented,output_v4/train/drone/aug_klemenflerin-drone-fly-397287_0010000_0247920_seg_006_0018750_0022750_02_jackhammer_fold8_125678_2.wav,7.084,output_v4/clean_drone_segments/klemenflerin-drone-fly-397287_0010000_0247920_seg_006_0018750_0022750.wav,klemenflerin-drone-fly-397287_0010000_0247920,train
output_v4/background_pool/siren_fold3_22601_16.wav,siren_siren,augmented,output_v4/train/drone/aug_klemenflerin-drone-fly-397287_0010000_0247920_seg_006_0018750_0022750_03_siren_fold3_22601_16.wav,8.092,output_v4/clean_drone_segments/klemenflerin-drone-fly-397287_0010000_0247920_seg_006_0018750_0022750.wav,klemenflerin-drone-fly-397287_0010000_0247920,train
,,clean,output_v4/train/drone/clean_klemenflerin-drone-fly-397287_0010000_0247920_seg_007_0022500_0026500.wav,,output_v4/clean_drone_segments/klemenflerin-drone-fly-397287_0010000_0247920_seg_007_0022500_0026500.wav,klemenflerin-drone-fly-397287_0010000_0247920,train
output_v4/background_pool/siren_fold8_133473_5.wav,siren_siren,augmented,output_v4/train/drone/aug_klemenflerin-drone-fly-397287_0010000_0247920_seg_007_0022500_0026500_00_siren_fold8_133473_5.wav,-0.542,output_v4/clean_drone_segments/klemenflerin-drone-fly-397287_0010000_0247920_seg_007_0022500_0026500.wav,klemenflerin-drone-fly-397287_0010000_0247920,train
output_v4/background_pool/air_conditioner_fold1_57320_13.wav,air_conditioner_air,augmented,output_v4/train/drone/aug_klemenflerin-drone-fly-397287_0010000_0247920_seg_007_0022500_0026500_01_air_conditioner_fold1_57320_13.wav,9.333,output_v4/clean_drone_segments/klemenflerin-drone-fly-397287_0010000_0247920_seg_007_0022500_0026500.wav,klemenflerin-drone-fly-397287_0010000_0247920,train
output_v4/background_pool/engine_idling_fold9_187075_5.wav,engine_idling_engine,augmented,output_v4/train/drone/aug_klemenflerin-drone-fly-397287_0010000_0247920_seg_007_0022500_0026500_02_engine_idling_fold9_187075_5.wav,-0.565,output_v4/clean_drone_segments/klemenflerin-drone-fly-397287_0010000_0247920_seg_007_0022500_0026500.wav,klemenflerin-drone-fly-397287_0010000_0247920,train
output_v4/background_pool/drilling_fold3_103199_9.wav,drilling_drilling,augmented,output_v4/train/drone/aug_klemenflerin-drone-fly-397287_0010000_0247920_seg_007_0022500_0026500_03_drilling_fold3_103199_9.wav,-2.874,output_v4/clean_drone_segments/klemenflerin-drone-fly-397287_0010000_0247920_seg_007_0022500_0026500.wav,klemenflerin-drone-fly-397287_0010000_0247920,train
,,clean,output_v4/train/drone/clean_klemenflerin-drone-fly-397287_0010000_0247920_seg_008_0026250_0030250.wav,,output_v4/clean_drone_segments/klemenflerin-drone-fly-397287_0010000_0247920_seg_008_0026250_0030250.wav,klemenflerin-drone-fly-397287_0010000_0247920,train
output_v4/background_pool/engine_idling_fold5_23219_9.wav,engine_idling_engine,augmented,output_v4/train/drone/aug_klemenflerin-drone-fly-397287_0010000_0247920_seg_008_0026250_0030250_00_engine_idling_fold5_23219_9.wav,9.431,output_v4/clean_drone_segments/klemenflerin-drone-fly-397287_0010000_0247920_seg_008_0026250_0030250.wav,klemenflerin-drone-fly-397287_0010000_0247920,train
output_v4/background_pool/jackhammer_fold3_62837_64.wav,jackhammer_jackhammer,augmented,output_v4/train/drone/aug_klemenflerin-drone-fly-397287_0010000_0247920_seg_008_0026250_0030250_01_jackhammer_fold3_62837_64.wav,2.858,output_v4/clean_drone_segments/klemenflerin-drone-fly-397287_0010000_0247920_seg_008_0026250_0030250.wav,klemenflerin-drone-fly-397287_0010000_0247920,train
output_v4/background_pool/drilling_fold6_71079_0.wav,drilling_drilling,augmented,output_v4/train/drone/aug_klemenflerin-drone-fly-397287_0010000_0247920_seg_008_0026250_0030250_02_drilling_fold6_71079_0.wav,3.289,output_v4/clean_drone_segments/klemenflerin-drone-fly-397287_0010000_0247920_seg_008_0026250_0030250.wav,klemenflerin-drone-fly-397287_0010000_0247920,train
output_v4/background_pool/engine_idling_fold9_103249_10.wav,engine_idling_engine,augmented,output_v4/train/drone/aug_klemenflerin-drone-fly-397287_0010000_0247920_seg_008_0026250_0030250_03_engine_idling_fold9_103249_10.wav,8.169,output_v4/clean_drone_segments/klemenflerin-drone-fly-397287_0010000_0247920_seg_008_0026250_0030250.wav,klemenflerin-drone-fly-397287_0010000_0247920,train
,,clean,output_v4/train/drone/clean_klemenflerin-drone-fly-397287_0010000_0247920_seg_009_0030000_0034000.wav,,output_v4/clean_drone_segments/klemenflerin-drone-fly-397287_0010000_0247920_seg_009_0030000_0034000.wav,klemenflerin-drone-fly-397287_0010000_0247920,train
output_v4/background_pool/us8k_siren_siren_fold5_164782_1.wav,us8k_siren,augmented,output_v4/train/drone/aug_klemenflerin-drone-fly-397287_0010000_0247920_seg_009_0030000_0034000_00_us8k_siren_siren_fold5_164782_1.wav,9.724,output_v4/clean_drone_segments/klemenflerin-drone-fly-397287_0010000_0247920_seg_009_0030000_0034000.wav,klemenflerin-drone-fly-397287_0010000_0247920,train
output_v4/background_pool/engine_idling_fold6_94632_8.wav,engine_idling_engine,augmented,output_v4/train/drone/aug_klemenflerin-drone-fly-397287_0010000_0247920_seg_009_0030000_0034000_01_engine_idling_fold6_94632_8.wav,5.167,output_v4/clean_drone_segments/klemenflerin-drone-fly-397287_0010000_0247920_seg_009_0030000_0034000.wav,klemenflerin-drone-fly-397287_0010000_0247920,train
output_v4/background_pool/engine_idling_fold2_201652_4.wav,engine_idling_engine,augmented,output_v4/train/drone/aug_klemenflerin-drone-fly-397287_0010000_0247920_seg_009_0030000_0034000_02_engine_idling_fold2_201652_4.wav,11.305,output_v4/clean_drone_segments/klemenflerin-drone-fly-397287_0010000_0247920_seg_009_0030000_0034000.wav,klemenflerin-drone-fly-397287_0010000_0247920,train
output_v4/background_pool/air_conditioner_fold8_177726_33.wav,air_conditioner_air,augmented,output_v4/train/drone/aug_klemenflerin-drone-fly-397287_0010000_0247920_seg_009_0030000_0034000_03_air_conditioner_fold8_177726_33.wav,14.59,output_v4/clean_drone_segments/klemenflerin-drone-fly-397287_0010000_0247920_seg_009_0030000_0034000.wav,klemenflerin-drone-fly-397287_0010000_0247920,train
,,clean,output_v4/train/drone/clean_klemenflerin-drone-fly-397287_0010000_0247920_seg_010_0033750_0037750.wav,,output_v4/clean_drone_segments/klemenflerin-drone-fly-397287_0010000_0247920_seg_010_0033750_0037750.wav,klemenflerin-drone-fly-397287_0010000_0247920,train
output_v4/background_pool/siren_fold3_22601_47.wav,siren_siren,augmented,output_v4/train/drone/aug_klemenflerin-drone-fly-397287_0010000_0247920_seg_010_0033750_0037750_00_siren_fold3_22601_47.wav,14.41,output_v4/clean_drone_segments/klemenflerin-drone-fly-397287_0010000_0247920_seg_010_0033750_0037750.wav,klemenflerin-drone-fly-397287_0010000_0247920,train
output_v4/background_pool/us8k_siren_siren_fold5_164782_1.wav,us8k_siren,augmented,output_v4/train/drone/aug_klemenflerin-drone-fly-397287_0010000_0247920_seg_010_0033750_0037750_01_us8k_siren_siren_fold5_164782_1.wav,12.729,output_v4/clean_drone_segments/klemenflerin-drone-fly-397287_0010000_0247920_seg_010_0033750_0037750.wav,klemenflerin-drone-fly-397287_0010000_0247920,train
output_v4/background_pool/jackhammer_fold8_125678_2.wav,jackhammer_jackhammer,augmented,output_v4/train/drone/aug_klemenflerin-drone-fly-397287_0010000_0247920_seg_010_0033750_0037750_02_jackhammer_fold8_125678_2.wav,13.71,output_v4/clean_drone_segments/klemenflerin-drone-fly-397287_0010000_0247920_seg_010_0033750_0037750.wav,klemenflerin-drone-fly-397287_0010000_0247920,train
output_v4/background_pool/engine_idling_fold1_146186_6.wav,engine_idling_engine,augmented,output_v4/train/drone/aug_klemenflerin-drone-fly-397287_0010000_0247920_seg_010_0033750_0037750_03_engine_idling_fold1_146186_6.wav,8.732,output_v4/clean_drone_segments/klemenflerin-drone-fly-397287_0010000_0247920_seg_010_0033750_0037750.wav,klemenflerin-drone-fly-397287_0010000_0247920,train
,,clean,output_v4/train/drone/clean_klemenflerin-drone-fly-397287_0010000_0247920_seg_011_0037500_0041500.wav,,output_v4/clean_drone_segments/klemenflerin-drone-fly-397287_0010000_0247920_seg_011_0037500_0041500.wav,klemenflerin-drone-fly-397287_0010000_0247920,train
output_v4/background_pool/us8k_engine_idling_engine_idling_fold7_123685_4.wav,us8k_engine,augmented,output_v4/train/drone/aug_klemenflerin-drone-fly-397287_0010000_0247920_seg_011_0037500_0041500_00_us8k_engine_idling_engine_idling_fold7_123685_4.wav,14.167,output_v4/clean_drone_segments/klemenflerin-drone-fly-397287_0010000_0247920_seg_011_0037500_0041500.wav,klemenflerin-drone-fly-397287_0010000_0247920,train
output_v4/background_pool/air_conditioner_fold8_177726_33.wav,air_conditioner_air,augmented,output_v4/train/drone/aug_klemenflerin-drone-fly-397287_0010000_0247920_seg_011_0037500_0041500_01_air_conditioner_fold8_177726_33.wav,6.246,output_v4/clean_drone_segments/klemenflerin-drone-fly-397287_0010000_0247920_seg_011_0037500_0041500.wav,klemenflerin-drone-fly-397287_0010000_0247920,train
output_v4/background_pool/air_conditioner_fold6_204240_10.wav,air_conditioner_air,augmented,output_v4/train/drone/aug_klemenflerin-drone-fly-397287_0010000_0247920_seg_011_0037500_0041500_02_air_conditioner_fold6_204240_10.wav,5.678,output_v4/clean_drone_segments/klemenflerin-drone-fly-397287_0010000_0247920_seg_011_0037500_0041500.wav,klemenflerin-drone-fly-397287_0010000_0247920,train
output_v4/background_pool/siren_fold6_124389_17.wav,siren_siren,augmented,output_v4/train/drone/aug_klemenflerin-drone-fly-397287_0010000_0247920_seg_011_0037500_0041500_03_siren_fold6_124389_17.wav,-4.495,output_v4/clean_drone_segments/klemenflerin-drone-fly-397287_0010000_0247920_seg_011_0037500_0041500.wav,klemenflerin-drone-fly-397287_0010000_0247920,train
,,clean,output_v4/train/drone/clean_klemenflerin-drone-fly-397287_0010000_0247920_seg_012_0041250_0045250.wav,,output_v4/clean_drone_segments/klemenflerin-drone-fly-397287_0010000_0247920_seg_012_0041250_0045250.wav,klemenflerin-drone-fly-397287_0010000_0247920,train
output_v4/background_pool/siren_fold9_157866_8.wav,siren_siren,augmented,output_v4/train/drone/aug_klemenflerin-drone-fly-397287_0010000_0247920_seg_012_0041250_0045250_00_siren_fold9_157866_8.wav,-1.781,output_v4/clean_drone_segments/klemenflerin-drone-fly-397287_0010000_0247920_seg_012_0041250_0045250.wav,klemenflerin-drone-fly-397287_0010000_0247920,train
output_v4/background_pool/drilling_fold4_144351_6.wav,drilling_drilling,augmented,output_v4/train/drone/aug_klemenflerin-drone-fly-397287_0010000_0247920_seg_012_0041250_0045250_01_drilling_fold4_144351_6.wav,10.687,output_v4/clean_drone_segments/klemenflerin-drone-fly-397287_0010000_0247920_seg_012_0041250_0045250.wav,klemenflerin-drone-fly-397287_0010000_0247920,train
output_v4/background_pool/engine_idling_fold10_39847_0.wav,engine_idling_engine,augmented,output_v4/train/drone/aug_klemenflerin-drone-fly-397287_0010000_0247920_seg_012_0041250_0045250_02_engine_idling_fold10_39847_0.wav,-2.95,output_v4/clean_drone_segments/klemenflerin-drone-fly-397287_0010000_0247920_seg_012_0041250_0045250.wav,klemenflerin-drone-fly-397287_0010000_0247920,train
output_v4/background_pool/air_conditioner_fold1_57320_13.wav,air_conditioner_air,augmented,output_v4/train/drone/aug_klemenflerin-drone-fly-397287_0010000_0247920_seg_012_0041250_0045250_03_air_conditioner_fold1_57320_13.wav,6.225,output_v4/clean_drone_segments/klemenflerin-drone-fly-397287_0010000_0247920_seg_012_0041250_0045250.wav,klemenflerin-drone-fly-397287_0010000_0247920,train
,,clean,output_v4/train/drone/clean_klemenflerin-drone-fly-397287_0010000_0247920_seg_013_0045000_0049000.wav,,output_v4/clean_drone_segments/klemenflerin-drone-fly-397287_0010000_0247920_seg_013_0045000_0049000.wav,klemenflerin-drone-fly-397287_0010000_0247920,train
output_v4/background_pool/jackhammer_fold1_180937_28.wav,jackhammer_jackhammer,augmented,output_v4/train/drone/aug_klemenflerin-drone-fly-397287_0010000_0247920_seg_013_0045000_0049000_00_jackhammer_fold1_180937_28.wav,2.632,output_v4/clean_drone_segments/klemenflerin-drone-fly-397287_0010000_0247920_seg_013_0045000_0049000.wav,klemenflerin-drone-fly-397287_0010000_0247920,train
output_v4/background_pool/drilling_fold10_187863_5.wav,drilling_drilling,augmented,output_v4/train/drone/aug_klemenflerin-drone-fly-397287_0010000_0247920_seg_013_0045000_0049000_01_drilling_fold10_187863_5.wav,9.873,output_v4/clean_drone_segments/klemenflerin-drone-fly-397287_0010000_0247920_seg_013_0045000_0049000.wav,klemenflerin-drone-fly-397287_0010000_0247920,train
output_v4/background_pool/engine_idling_fold9_103249_12.wav,engine_idling_engine,augmented,output_v4/train/drone/aug_klemenflerin-drone-fly-397287_0010000_0247920_seg_013_0045000_0049000_02_engine_idling_fold9_103249_12.wav,9.093,output_v4/clean_drone_segments/klemenflerin-drone-fly-397287_0010000_0247920_seg_013_0045000_0049000.wav,klemenflerin-drone-fly-397287_0010000_0247920,train
output_v4/background_pool/drilling_fold2_76086_36.wav,drilling_drilling,augmented,output_v4/train/drone/aug_klemenflerin-drone-fly-397287_0010000_0247920_seg_013_0045000_0049000_03_drilling_fold2_76086_36.wav,9.498,output_v4/clean_drone_segments/klemenflerin-drone-fly-397287_0010000_0247920_seg_013_0045000_0049000.wav,klemenflerin-drone-fly-397287_0010000_0247920,train
,,clean,output_v4/train/drone/clean_klemenflerin-drone-fly-397287_0010000_0247920_seg_014_0048750_0052750.wav,,output_v4/clean_drone_segments/klemenflerin-drone-fly-397287_0010000_0247920_seg_014_0048750_0052750.wav,klemenflerin-drone-fly-397287_0010000_0247920,train
output_v4/background_pool/siren_fold5_156869_6.wav,siren_siren,augmented,output_v4/train/drone/aug_klemenflerin-drone-fly-397287_0010000_0247920_seg_014_0048750_0052750_00_siren_fold5_156869_6.wav,-1.26,output_v4/clean_drone_segments/klemenflerin-drone-fly-397287_0010000_0247920_seg_014_0048750_0052750.wav,klemenflerin-drone-fly-397287_0010000_0247920,train
output_v4/background_pool/engine_idling_fold2_94710_1.wav,engine_idling_engine,augmented,output_v4/train/drone/aug_klemenflerin-drone-fly-397287_0010000_0247920_seg_014_0048750_0052750_01_engine_idling_fold2_94710_1.wav,0.582,output_v4/clean_drone_segments/klemenflerin-drone-fly-397287_0010000_0247920_seg_014_0048750_0052750.wav,klemenflerin-drone-fly-397287_0010000_0247920,train
output_v4/background_pool/engine_idling_fold6_39884_7.wav,engine_idling_engine,augmented,output_v4/train/drone/aug_klemenflerin-drone-fly-397287_0010000_0247920_seg_014_0048750_0052750_02_engine_idling_fold6_39884_7.wav,1.611,output_v4/clean_drone_segments/klemenflerin-drone-fly-397287_0010000_0247920_seg_014_0048750_0052750.wav,klemenflerin-drone-fly-397287_0010000_0247920,train
output_v4/background_pool/jackhammer_fold1_180937_14.wav,jackhammer_jackhammer,augmented,output_v4/train/drone/aug_klemenflerin-drone-fly-397287_0010000_0247920_seg_014_0048750_0052750_03_jackhammer_fold1_180937_14.wav,6.938,output_v4/clean_drone_segments/klemenflerin-drone-fly-397287_0010000_0247920_seg_014_0048750_0052750.wav,klemenflerin-drone-fly-397287_0010000_0247920,train
,,clean,output_v4/train/drone/clean_klemenflerin-drone-fly-397287_0010000_0247920_seg_015_0052500_0056500.wav,,output_v4/clean_drone_segments/klemenflerin-drone-fly-397287_0010000_0247920_seg_015_0052500_0056500.wav,klemenflerin-drone-fly-397287_0010000_0247920,train
output_v4/background_pool/siren_fold3_22601_16.wav,siren_siren,augmented,output_v4/train/drone/aug_klemenflerin-drone-fly-397287_0010000_0247920_seg_015_0052500_0056500_00_siren_fold3_22601_16.wav,2.162,output_v4/clean_drone_segments/klemenflerin-drone-fly-397287_0010000_0247920_seg_015_0052500_0056500.wav,klemenflerin-drone-fly-397287_0010000_0247920,train
output_v4/background_pool/siren_fold10_159742_13.wav,siren_siren,augmented,output_v4/train/drone/aug_klemenflerin-drone-fly-397287_0010000_0247920_seg_015_0052500_0056500_01_siren_fold10_159742_13.wav,5.412,output_v4/clean_drone_segments/klemenflerin-drone-fly-397287_0010000_0247920_seg_015_0052500_0056500.wav,klemenflerin-drone-fly-397287_0010000_0247920,train
output_v4/background_pool/air_conditioner_fold5_178686_68.wav,air_conditioner_air,augmented,output_v4/train/drone/aug_klemenflerin-drone-fly-397287_0010000_0247920_seg_015_0052500_0056500_02_air_conditioner_fold5_178686_68.wav,-3.161,output_v4/clean_drone_segments/klemenflerin-drone-fly-397287_0010000_0247920_seg_015_0052500_0056500.wav,klemenflerin-drone-fly-397287_0010000_0247920,train
output_v4/background_pool/drilling_fold2_59594_2.wav,drilling_drilling,augmented,output_v4/train/drone/aug_klemenflerin-drone-fly-397287_0010000_0247920_seg_015_0052500_0056500_03_drilling_fold2_59594_2.wav,0.871,output_v4/clean_drone_segments/klemenflerin-drone-fly-397287_0010000_0247920_seg_015_0052500_0056500.wav,klemenflerin-drone-fly-397287_0010000_0247920,train
,,clean,output_v4/train/drone/clean_klemenflerin-drone-fly-397287_0010000_0247920_seg_016_0056250_0060250.wav,,output_v4/clean_drone_segments/klemenflerin-drone-fly-397287_0010000_0247920_seg_016_0056250_0060250.wav,klemenflerin-drone-fly-397287_0010000_0247920,train
output_v4/background_pool/siren_fold3_94636_12.wav,siren_siren,augmented,output_v4/train/drone/aug_klemenflerin-drone-fly-397287_0010000_0247920_seg_016_0056250_0060250_00_siren_fold3_94636_12.wav,10.043,output_v4/clean_drone_segments/klemenflerin-drone-fly-397287_0010000_0247920_seg_016_0056250_0060250.wav,klemenflerin-drone-fly-397287_0010000_0247920,train
output_v4/background_pool/drilling_fold8_180134_13.wav,drilling_drilling,augmented,output_v4/train/drone/aug_klemenflerin-drone-fly-397287_0010000_0247920_seg_016_0056250_0060250_01_drilling_fold8_180134_13.wav,13.09,output_v4/clean_drone_segments/klemenflerin-drone-fly-397287_0010000_0247920_seg_016_0056250_0060250.wav,klemenflerin-drone-fly-397287_0010000_0247920,train
output_v4/background_pool/air_conditioner_fold9_165454_8.wav,air_conditioner_air,augmented,output_v4/train/drone/aug_klemenflerin-drone-fly-397287_0010000_0247920_seg_016_0056250_0060250_02_air_conditioner_fold9_165454_8.wav,1.419,output_v4/clean_drone_segments/klemenflerin-drone-fly-397287_0010000_0247920_seg_016_0056250_0060250.wav,klemenflerin-drone-fly-397287_0010000_0247920,train
output_v4/background_pool/drilling_fold8_180134_13.wav,drilling_drilling,augmented,output_v4/train/drone/aug_klemenflerin-drone-fly-397287_0010000_0247920_seg_016_0056250_0060250_03_drilling_fold8_180134_13.wav,0.657,output_v4/clean_drone_segments/klemenflerin-drone-fly-397287_0010000_0247920_seg_016_0056250_0060250.wav,klemenflerin-drone-fly-397287_0010000_0247920,train
,,clean,output_v4/train/drone/clean_klemenflerin-drone-fly-397287_0010000_0247920_seg_017_0060000_0064000.wav,,output_v4/clean_drone_segments/klemenflerin-drone-fly-397287_0010000_0247920_seg_017_0060000_0064000.wav,klemenflerin-drone-fly-397287_0010000_0247920,train
output_v4/background_pool/air_conditioner_fold5_100852_15.wav,air_conditioner_air,augmented,output_v4/train/drone/aug_klemenflerin-drone-fly-397287_0010000_0247920_seg_017_0060000_0064000_00_air_conditioner_fold5_100852_15.wav,4.736,output_v4/clean_drone_segments/klemenflerin-drone-fly-397287_0010000_0247920_seg_017_0060000_0064000.wav,klemenflerin-drone-fly-397287_0010000_0247920,train
output_v4/background_pool/air_conditioner_fold1_134717_25.wav,air_conditioner_air,augmented,output_v4/train/drone/aug_klemenflerin-drone-fly-397287_0010000_0247920_seg_017_0060000_0064000_01_air_conditioner_fold1_134717_25.wav,-3.081,output_v4/clean_drone_segments/klemenflerin-drone-fly-397287_0010000_0247920_seg_017_0060000_0064000.wav,klemenflerin-drone-fly-397287_0010000_0247920,train
output_v4/background_pool/engine_idling_fold5_23219_5.wav,engine_idling_engine,augmented,output_v4/train/drone/aug_klemenflerin-drone-fly-397287_0010000_0247920_seg_017_0060000_0064000_02_engine_idling_fold5_23219_5.wav,-0.784,output_v4/clean_drone_segments/klemenflerin-drone-fly-397287_0010000_0247920_seg_017_0060000_0064000.wav,klemenflerin-drone-fly-397287_0010000_0247920,train
output_v4/background_pool/drilling_fold2_59594_2.wav,drilling_drilling,augmented,output_v4/train/drone/aug_klemenflerin-drone-fly-397287_0010000_0247920_seg_017_0060000_0064000_03_drilling_fold2_59594_2.wav,-2.921,output_v4/clean_drone_segments/klemenflerin-drone-fly-397287_0010000_0247920_seg_017_0060000_0064000.wav,klemenflerin-drone-fly-397287_0010000_0247920,train
,,clean,output_v4/train/drone/clean_klemenflerin-drone-fly-397287_0010000_0247920_seg_018_0063750_0067750.wav,,output_v4/clean_drone_segments/klemenflerin-drone-fly-397287_0010000_0247920_seg_018_0063750_0067750.wav,klemenflerin-drone-fly-397287_0010000_0247920,train
output_v4/background_pool/siren_fold9_157866_20.wav,siren_siren,augmented,output_v4/train/drone/aug_klemenflerin-drone-fly-397287_0010000_0247920_seg_018_0063750_0067750_00_siren_fold9_157866_20.wav,9.938,output_v4/clean_drone_segments/klemenflerin-drone-fly-397287_0010000_0247920_seg_018_0063750_0067750.wav,klemenflerin-drone-fly-397287_0010000_0247920,train
output_v4/background_pool/drilling_fold1_22962_1.wav,drilling_drilling,augmented,output_v4/train/drone/aug_klemenflerin-drone-fly-397287_0010000_0247920_seg_018_0063750_0067750_01_drilling_fold1_22962_1.wav,-3.535,output_v4/clean_drone_segments/klemenflerin-drone-fly-397287_0010000_0247920_seg_018_0063750_0067750.wav,klemenflerin-drone-fly-397287_0010000_0247920,train
output_v4/background_pool/drilling_fold4_144351_6.wav,drilling_drilling,augmented,output_v4/train/drone/aug_klemenflerin-drone-fly-397287_0010000_0247920_seg_018_0063750_0067750_02_drilling_fold4_144351_6.wav,-0.447,output_v4/clean_drone_segments/klemenflerin-drone-fly-397287_0010000_0247920_seg_018_0063750_0067750.wav,klemenflerin-drone-fly-397287_0010000_0247920,train
output_v4/background_pool/engine_idling_fold9_119449_5.wav,engine_idling_engine,augmented,output_v4/train/drone/aug_klemenflerin-drone-fly-397287_0010000_0247920_seg_018_0063750_0067750_03_engine_idling_fold9_119449_5.wav,1.328,output_v4/clean_drone_segments/klemenflerin-drone-fly-397287_0010000_0247920_seg_018_0063750_0067750.wav,klemenflerin-drone-fly-397287_0010000_0247920,train
,,clean,output_v4/train/drone/clean_klemenflerin-drone-fly-397287_0010000_0247920_seg_019_0067500_0071500.wav,,output_v4/clean_drone_segments/klemenflerin-drone-fly-397287_0010000_0247920_seg_019_0067500_0071500.wav,klemenflerin-drone-fly-397287_0010000_0247920,train
output_v4/background_pool/air_conditioner_fold9_101729_11.wav,air_conditioner_air,augmented,output_v4/train/drone/aug_klemenflerin-drone-fly-397287_0010000_0247920_seg_019_0067500_0071500_00_air_conditioner_fold9_101729_11.wav,7.367,output_v4/clean_drone_segments/klemenflerin-drone-fly-397287_0010000_0247920_seg_019_0067500_0071500.wav,klemenflerin-drone-fly-397287_0010000_0247920,train
output_v4/background_pool/drilling_fold6_66623_6.wav,drilling_drilling,augmented,output_v4/train/drone/aug_klemenflerin-drone-fly-397287_0010000_0247920_seg_019_0067500_0071500_01_drilling_fold6_66623_6.wav,2.154,output_v4/clean_drone_segments/klemenflerin-drone-fly-397287_0010000_0247920_seg_019_0067500_0071500.wav,klemenflerin-drone-fly-397287_0010000_0247920,train
output_v4/background_pool/drilling_fold3_103199_9.wav,drilling_drilling,augmented,output_v4/train/drone/aug_klemenflerin-drone-fly-397287_0010000_0247920_seg_019_0067500_0071500_02_drilling_fold3_103199_9.wav,-3.27,output_v4/clean_drone_segments/klemenflerin-drone-fly-397287_0010000_0247920_seg_019_0067500_0071500.wav,klemenflerin-drone-fly-397287_0010000_0247920,train
output_v4/background_pool/siren_fold4_159752_2.wav,siren_siren,augmented,output_v4/train/drone/aug_klemenflerin-drone-fly-397287_0010000_0247920_seg_019_0067500_0071500_03_siren_fold4_159752_2.wav,-4.384,output_v4/clean_drone_segments/klemenflerin-drone-fly-397287_0010000_0247920_seg_019_0067500_0071500.wav,klemenflerin-drone-fly-397287_0010000_0247920,train
,,clean,output_v4/train/drone/clean_klemenflerin-drone-fly-397287_0010000_0247920_seg_020_0071250_0075250.wav,,output_v4/clean_drone_segments/klemenflerin-drone-fly-397287_0010000_0247920_seg_020_0071250_0075250.wav,klemenflerin-drone-fly-397287_0010000_0247920,train
output_v4/background_pool/jackhammer_fold1_180937_30.wav,jackhammer_jackhammer,augmented,output_v4/train/drone/aug_klemenflerin-drone-fly-397287_0010000_0247920_seg_020_0071250_0075250_00_jackhammer_fold1_180937_30.wav,10.95,output_v4/clean_drone_segments/klemenflerin-drone-fly-397287_0010000_0247920_seg_020_0071250_0075250.wav,klemenflerin-drone-fly-397287_0010000_0247920,train
output_v4/background_pool/air_conditioner_fold1_134717_18.wav,air_conditioner_air,augmented,output_v4/train/drone/aug_klemenflerin-drone-fly-397287_0010000_0247920_seg_020_0071250_0075250_01_air_conditioner_fold1_134717_18.wav,14.307,output_v4/clean_drone_segments/klemenflerin-drone-fly-397287_0010000_0247920_seg_020_0071250_0075250.wav,klemenflerin-drone-fly-397287_0010000_0247920,train
output_v4/background_pool/air_conditioner_fold5_100852_15.wav,air_conditioner_air,augmented,output_v4/train/drone/aug_klemenflerin-drone-fly-397287_0010000_0247920_seg_020_0071250_0075250_02_air_conditioner_fold5_100852_15.wav,12.495,output_v4/clean_drone_segments/klemenflerin-drone-fly-397287_0010000_0247920_seg_020_0071250_0075250.wav,klemenflerin-drone-fly-397287_0010000_0247920,train
output_v4/background_pool/drilling_fold1_55020_13.wav,drilling_drilling,augmented,output_v4/train/drone/aug_klemenflerin-drone-fly-397287_0010000_0247920_seg_020_0071250_0075250_03_drilling_fold1_55020_13.wav,5.743,output_v4/clean_drone_segments/klemenflerin-drone-fly-397287_0010000_0247920_seg_020_0071250_0075250.wav,klemenflerin-drone-fly-397287_0010000_0247920,train
,,clean,output_v4/train/drone/clean_klemenflerin-drone-fly-397287_0010000_0247920_seg_021_0075000_0079000.wav,,output_v4/clean_drone_segments/klemenflerin-drone-fly-397287_0010000_0247920_seg_021_0075000_0079000.wav,klemenflerin-drone-fly-397287_0010000_0247920,train
output_v4/background_pool/siren_fold1_40722_8.wav,siren_siren,augmented,output_v4/train/drone/aug_klemenflerin-drone-fly-397287_0010000_0247920_seg_021_0075000_0079000_00_siren_fold1_40722_8.wav,9.519,output_v4/clean_drone_segments/klemenflerin-drone-fly-397287_0010000_0247920_seg_021_0075000_0079000.wav,klemenflerin-drone-fly-397287_0010000_0247920,train
output_v4/background_pool/engine_idling_fold2_94710_1.wav,engine_idling_engine,augmented,output_v4/train/drone/aug_klemenflerin-drone-fly-397287_0010000_0247920_seg_021_0075000_0079000_01_engine_idling_fold2_94710_1.wav,7.338,output_v4/clean_drone_segments/klemenflerin-drone-fly-397287_0010000_0247920_seg_021_0075000_0079000.wav,klemenflerin-drone-fly-397287_0010000_0247920,train
output_v4/background_pool/drilling_fold8_180134_13.wav,drilling_drilling,augmented,output_v4/train/drone/aug_klemenflerin-drone-fly-397287_0010000_0247920_seg_021_0075000_0079000_02_drilling_fold8_180134_13.wav,12.045,output_v4/clean_drone_segments/klemenflerin-drone-fly-397287_0010000_0247920_seg_021_0075000_0079000.wav,klemenflerin-drone-fly-397287_0010000_0247920,train
output_v4/background_pool/jackhammer_fold8_125678_2.wav,jackhammer_jackhammer,augmented,output_v4/train/drone/aug_klemenflerin-drone-fly-397287_0010000_0247920_seg_021_0075000_0079000_03_jackhammer_fold8_125678_2.wav,0.813,output_v4/clean_drone_segments/klemenflerin-drone-fly-397287_0010000_0247920_seg_021_0075000_0079000.wav,klemenflerin-drone-fly-397287_0010000_0247920,train
,,clean,output_v4/train/drone/clean_klemenflerin-drone-fly-397287_0010000_0247920_seg_022_0078750_0082750.wav,,output_v4/clean_drone_segments/klemenflerin-drone-fly-397287_0010000_0247920_seg_022_0078750_0082750.wav,klemenflerin-drone-fly-397287_0010000_0247920,train
output_v4/background_pool/engine_idling_fold10_15544_14.wav,engine_idling_engine,augmented,output_v4/train/drone/aug_klemenflerin-drone-fly-397287_0010000_0247920_seg_022_0078750_0082750_00_engine_idling_fold10_15544_14.wav,14.031,output_v4/clean_drone_segments/klemenflerin-drone-fly-397287_0010000_0247920_seg_022_0078750_0082750.wav,klemenflerin-drone-fly-397287_0010000_0247920,train
output_v4/background_pool/drilling_fold4_144351_3.wav,drilling_drilling,augmented,output_v4/train/drone/aug_klemenflerin-drone-fly-397287_0010000_0247920_seg_022_0078750_0082750_01_drilling_fold4_144351_3.wav,13.002,output_v4/clean_drone_segments/klemenflerin-drone-fly-397287_0010000_0247920_seg_022_0078750_0082750.wav,klemenflerin-drone-fly-397287_0010000_0247920,train
output_v4/background_pool/engine_idling_fold9_187075_5.wav,engine_idling_engine,augmented,output_v4/train/drone/aug_klemenflerin-drone-fly-397287_0010000_0247920_seg_022_0078750_0082750_02_engine_idling_fold9_187075_5.wav,8.869,output_v4/clean_drone_segments/klemenflerin-drone-fly-397287_0010000_0247920_seg_022_0078750_0082750.wav,klemenflerin-drone-fly-397287_0010000_0247920,train
output_v4/background_pool/siren_fold2_159750_5.wav,siren_siren,augmented,output_v4/train/drone/aug_klemenflerin-drone-fly-397287_0010000_0247920_seg_022_0078750_0082750_03_siren_fold2_159750_5.wav,3.566,output_v4/clean_drone_segments/klemenflerin-drone-fly-397287_0010000_0247920_seg_022_0078750_0082750.wav,klemenflerin-drone-fly-397287_0010000_0247920,train
,,clean,output_v4/train/drone/clean_klemenflerin-drone-fly-397287_0010000_0247920_seg_023_0082500_0086500.wav,,output_v4/clean_drone_segments/klemenflerin-drone-fly-397287_0010000_0247920_seg_023_0082500_0086500.wav,klemenflerin-drone-fly-397287_0010000_0247920,train
output_v4/background_pool/siren_fold3_22601_47.wav,siren_siren,augmented,output_v4/train/drone/aug_klemenflerin-drone-fly-397287_0010000_0247920_seg_023_0082500_0086500_00_siren_fold3_22601_47.wav,7.817,output_v4/clean_drone_segments/klemenflerin-drone-fly-397287_0010000_0247920_seg_023_0082500_0086500.wav,klemenflerin-drone-fly-397287_0010000_0247920,train
output_v4/background_pool/air_conditioner_fold8_177726_29.wav,air_conditioner_air,augmented,output_v4/train/drone/aug_klemenflerin-drone-fly-397287_0010000_0247920_seg_023_0082500_0086500_01_air_conditioner_fold8_177726_29.wav,12.558,output_v4/clean_drone_segments/klemenflerin-drone-fly-397287_0010000_0247920_seg_023_0082500_0086500.wav,klemenflerin-drone-fly-397287_0010000_0247920,train
output_v4/background_pool/jackhammer_fold6_30206_12.wav,jackhammer_jackhammer,augmented,output_v4/train/drone/aug_klemenflerin-drone-fly-397287_0010000_0247920_seg_023_0082500_0086500_02_jackhammer_fold6_30206_12.wav,-2.823,output_v4/clean_drone_segments/klemenflerin-drone-fly-397287_0010000_0247920_seg_023_0082500_0086500.wav,klemenflerin-drone-fly-397287_0010000_0247920,train
output_v4/background_pool/engine_idling_fold1_113205_4.wav,engine_idling_engine,augmented,output_v4/train/drone/aug_klemenflerin-drone-fly-397287_0010000_0247920_seg_023_0082500_0086500_03_engine_idling_fold1_113205_4.wav,-2.2,output_v4/clean_drone_segments/klemenflerin-drone-fly-397287_0010000_0247920_seg_023_0082500_0086500.wav,klemenflerin-drone-fly-397287_0010000_0247920,train
,,clean,output_v4/train/drone/clean_klemenflerin-drone-fly-397287_0010000_0247920_seg_024_0086250_0090250.wav,,output_v4/clean_drone_segments/klemenflerin-drone-fly-397287_0010000_0247920_seg_024_0086250_0090250.wav,klemenflerin-drone-fly-397287_0010000_0247920,train
output_v4/background_pool/air_conditioner_fold9_79089_115.wav,air_conditioner_air,augmented,output_v4/train/drone/aug_klemenflerin-drone-fly-397287_0010000_0247920_seg_024_0086250_0090250_00_air_conditioner_fold9_79089_115.wav,9.549,output_v4/clean_drone_segments/klemenflerin-drone-fly-397287_0010000_0247920_seg_024_0086250_0090250.wav,klemenflerin-drone-fly-397287_0010000_0247920,train
output_v4/background_pool/drilling_fold8_161129_6.wav,drilling_drilling,augmented,output_v4/train/drone/aug_klemenflerin-drone-fly-397287_0010000_0247920_seg_024_0086250_0090250_01_drilling_fold8_161129_6.wav,6.578,output_v4/clean_drone_segments/klemenflerin-drone-fly-397287_0010000_0247920_seg_024_0086250_0090250.wav,klemenflerin-drone-fly-397287_0010000_0247920,train
output_v4/background_pool/drilling_fold2_59594_2.wav,drilling_drilling,augmented,output_v4/train/drone/aug_klemenflerin-drone-fly-397287_0010000_0247920_seg_024_0086250_0090250_02_drilling_fold2_59594_2.wav,5.869,output_v4/clean_drone_segments/klemenflerin-drone-fly-397287_0010000_0247920_seg_024_0086250_0090250.wav,klemenflerin-drone-fly-397287_0010000_0247920,train
output_v4/background_pool/drilling_fold2_76086_17.wav,drilling_drilling,augmented,output_v4/train/drone/aug_klemenflerin-drone-fly-397287_0010000_0247920_seg_024_0086250_0090250_03_drilling_fold2_76086_17.wav,2.85,output_v4/clean_drone_segments/klemenflerin-drone-fly-397287_0010000_0247920_seg_024_0086250_0090250.wav,klemenflerin-drone-fly-397287_0010000_0247920,train
,,clean,output_v4/train/drone/clean_klemenflerin-drone-fly-397287_0010000_0247920_seg_025_0090000_0094000.wav,,output_v4/clean_drone_segments/klemenflerin-drone-fly-397287_0010000_0247920_seg_025_0090000_0094000.wav,klemenflerin-drone-fly-397287_0010000_0247920,train
output_v4/background_pool/drilling_fold3_103199_9.wav,drilling_drilling,augmented,output_v4/train/drone/aug_klemenflerin-drone-fly-397287_0010000_0247920_seg_025_0090000_0094000_00_drilling_fold3_103199_9.wav,-3.189,output_v4/clean_drone_segments/klemenflerin-drone-fly-397287_0010000_0247920_seg_025_0090000_0094000.wav,klemenflerin-drone-fly-397287_0010000_0247920,train
output_v4/background_pool/engine_idling_fold2_201652_3.wav,engine_idling_engine,augmented,output_v4/train/drone/aug_klemenflerin-drone-fly-397287_0010000_0247920_seg_025_0090000_0094000_01_engine_idling_fold2_201652_3.wav,11.131,output_v4/clean_drone_segments/klemenflerin-drone-fly-397287_0010000_0247920_seg_025_0090000_0094000.wav,klemenflerin-drone-fly-397287_0010000_0247920,train
output_v4/background_pool/jackhammer_fold9_105029_14.wav,jackhammer_jackhammer,augmented,output_v4/train/drone/aug_klemenflerin-drone-fly-397287_0010000_0247920_seg_025_0090000_0094000_02_jackhammer_fold9_105029_14.wav,-1.816,output_v4/clean_drone_segments/klemenflerin-drone-fly-397287_0010000_0247920_seg_025_0090000_0094000.wav,klemenflerin-drone-fly-397287_0010000_0247920,train
output_v4/background_pool/drilling_fold6_58005_24.wav,drilling_drilling,augmented,output_v4/train/drone/aug_klemenflerin-drone-fly-397287_0010000_0247920_seg_025_0090000_0094000_03_drilling_fold6_58005_24.wav,9.718,output_v4/clean_drone_segments/klemenflerin-drone-fly-397287_0010000_0247920_seg_025_0090000_0094000.wav,klemenflerin-drone-fly-397287_0010000_0247920,train
,,clean,output_v4/train/drone/clean_klemenflerin-drone-fly-397287_0010000_0247920_seg_026_0093750_0097750.wav,,output_v4/clean_drone_segments/klemenflerin-drone-fly-397287_0010000_0247920_seg_026_0093750_0097750.wav,klemenflerin-drone-fly-397287_0010000_0247920,train
output_v4/background_pool/jackhammer_fold6_30206_12.wav,jackhammer_jackhammer,augmented,output_v4/train/drone/aug_klemenflerin-drone-fly-397287_0010000_0247920_seg_026_0093750_0097750_00_jackhammer_fold6_30206_12.wav,-0.365,output_v4/clean_drone_segments/klemenflerin-drone-fly-397287_0010000_0247920_seg_026_0093750_0097750.wav,klemenflerin-drone-fly-397287_0010000_0247920,train
output_v4/background_pool/engine_idling_fold7_194962_1.wav,engine_idling_engine,augmented,output_v4/train/drone/aug_klemenflerin-drone-fly-397287_0010000_0247920_seg_026_0093750_0097750_01_engine_idling_fold7_194962_1.wav,13.155,output_v4/clean_drone_segments/klemenflerin-drone-fly-397287_0010000_0247920_seg_026_0093750_0097750.wav,klemenflerin-drone-fly-397287_0010000_0247920,train
output_v4/background_pool/drilling_fold2_76086_17.wav,drilling_drilling,augmented,output_v4/train/drone/aug_klemenflerin-drone-fly-397287_0010000_0247920_seg_026_0093750_0097750_02_drilling_fold2_76086_17.wav,-4.202,output_v4/clean_drone_segments/klemenflerin-drone-fly-397287_0010000_0247920_seg_026_0093750_0097750.wav,klemenflerin-drone-fly-397287_0010000_0247920,train
output_v4/background_pool/drilling_fold5_180125_0.wav,drilling_drilling,augmented,output_v4/train/drone/aug_klemenflerin-drone-fly-397287_0010000_0247920_seg_026_0093750_0097750_03_drilling_fold5_180125_0.wav,11.593,output_v4/clean_drone_segments/klemenflerin-drone-fly-397287_0010000_0247920_seg_026_0093750_0097750.wav,klemenflerin-drone-fly-397287_0010000_0247920,train
,,clean,output_v4/train/drone/clean_klemenflerin-drone-fly-397287_0010000_0247920_seg_027_0097500_0101500.wav,,output_v4/clean_drone_segments/klemenflerin-drone-fly-397287_0010000_0247920_seg_027_0097500_0101500.wav,klemenflerin-drone-fly-397287_0010000_0247920,train
output_v4/background_pool/air_conditioner_fold9_79089_115.wav,air_conditioner_air,augmented,output_v4/train/drone/aug_klemenflerin-drone-fly-397287_0010000_0247920_seg_027_0097500_0101500_00_air_conditioner_fold9_79089_115.wav,2.533,output_v4/clean_drone_segments/klemenflerin-drone-fly-397287_0010000_0247920_seg_027_0097500_0101500.wav,klemenflerin-drone-fly-397287_0010000_0247920,train
output_v4/background_pool/siren_fold3_94636_3.wav,siren_siren,augmented,output_v4/train/drone/aug_klemenflerin-drone-fly-397287_0010000_0247920_seg_027_0097500_0101500_01_siren_fold3_94636_3.wav,13.145,output_v4/clean_drone_segments/klemenflerin-drone-fly-397287_0010000_0247920_seg_027_0097500_0101500.wav,klemenflerin-drone-fly-397287_0010000_0247920,train
output_v4/background_pool/drilling_fold5_205878_0.wav,drilling_drilling,augmented,output_v4/train/drone/aug_klemenflerin-drone-fly-397287_0010000_0247920_seg_027_0097500_0101500_02_drilling_fold5_205878_0.wav,10.853,output_v4/clean_drone_segments/klemenflerin-drone-fly-397287_0010000_0247920_seg_027_0097500_0101500.wav,klemenflerin-drone-fly-397287_0010000_0247920,train
output_v4/background_pool/air_conditioner_fold5_178686_2.wav,air_conditioner_air,augmented,output_v4/train/drone/aug_klemenflerin-drone-fly-397287_0010000_0247920_seg_027_0097500_0101500_03_air_conditioner_fold5_178686_2.wav,-1.688,output_v4/clean_drone_segments/klemenflerin-drone-fly-397287_0010000_0247920_seg_027_0097500_0101500.wav,klemenflerin-drone-fly-397287_0010000_0247920,train
,,clean,output_v4/train/drone/clean_klemenflerin-drone-fly-397287_0010000_0247920_seg_028_0101250_0105250.wav,,output_v4/clean_drone_segments/klemenflerin-drone-fly-397287_0010000_0247920_seg_028_0101250_0105250.wav,klemenflerin-drone-fly-397287_0010000_0247920,train
output_v4/background_pool/siren_fold2_102871_5.wav,siren_siren,augmented,output_v4/train/drone/aug_klemenflerin-drone-fly-397287_0010000_0247920_seg_028_0101250_0105250_00_siren_fold2_102871_5.wav,2.244,output_v4/clean_drone_segments/klemenflerin-drone-fly-397287_0010000_0247920_seg_028_0101250_0105250.wav,klemenflerin-drone-fly-397287_0010000_0247920,train
output_v4/background_pool/air_conditioner_fold9_101729_11.wav,air_conditioner_air,augmented,output_v4/train/drone/aug_klemenflerin-drone-fly-397287_0010000_0247920_seg_028_0101250_0105250_01_air_conditioner_fold9_101729_11.wav,1.604,output_v4/clean_drone_segments/klemenflerin-drone-fly-397287_0010000_0247920_seg_028_0101250_0105250.wav,klemenflerin-drone-fly-397287_0010000_0247920,train
output_v4/background_pool/drilling_fold10_99192_28.wav,drilling_drilling,augmented,output_v4/train/drone/aug_klemenflerin-drone-fly-397287_0010000_0247920_seg_028_0101250_0105250_02_drilling_fold10_99192_28.wav,7.945,output_v4/clean_drone_segments/klemenflerin-drone-fly-397287_0010000_0247920_seg_028_0101250_0105250.wav,klemenflerin-drone-fly-397287_0010000_0247920,train
output_v4/background_pool/air_conditioner_fold9_165454_8.wav,air_conditioner_air,augmented,output_v4/train/drone/aug_klemenflerin-drone-fly-397287_0010000_0247920_seg_028_0101250_0105250_03_air_conditioner_fold9_165454_8.wav,-1.777,output_v4/clean_drone_segments/klemenflerin-drone-fly-397287_0010000_0247920_seg_028_0101250_0105250.wav,klemenflerin-drone-fly-397287_0010000_0247920,train
,,clean,output_v4/train/drone/clean_klemenflerin-drone-fly-397287_0010000_0247920_seg_029_0105000_0109000.wav,,output_v4/clean_drone_segments/klemenflerin-drone-fly-397287_0010000_0247920_seg_029_0105000_0109000.wav,klemenflerin-drone-fly-397287_0010000_0247920,train
output_v4/background_pool/drilling_fold1_55020_13.wav,drilling_drilling,augmented,output_v4/train/drone/aug_klemenflerin-drone-fly-397287_0010000_0247920_seg_029_0105000_0109000_00_drilling_fold1_55020_13.wav,-1.673,output_v4/clean_drone_segments/klemenflerin-drone-fly-397287_0010000_0247920_seg_029_0105000_0109000.wav,klemenflerin-drone-fly-397287_0010000_0247920,train
output_v4/background_pool/air_conditioner_fold4_146709_44.wav,air_conditioner_air,augmented,output_v4/train/drone/aug_klemenflerin-drone-fly-397287_0010000_0247920_seg_029_0105000_0109000_01_air_conditioner_fold4_146709_44.wav,6.272,output_v4/clean_drone_segments/klemenflerin-drone-fly-397287_0010000_0247920_seg_029_0105000_0109000.wav,klemenflerin-drone-fly-397287_0010000_0247920,train
output_v4/background_pool/engine_idling_fold2_106015_20.wav,engine_idling_engine,augmented,output_v4/train/drone/aug_klemenflerin-drone-fly-397287_0010000_0247920_seg_029_0105000_0109000_02_engine_idling_fold2_106015_20.wav,7.131,output_v4/clean_drone_segments/klemenflerin-drone-fly-397287_0010000_0247920_seg_029_0105000_0109000.wav,klemenflerin-drone-fly-397287_0010000_0247920,train
output_v4/background_pool/drilling_fold7_71529_2.wav,drilling_drilling,augmented,output_v4/train/drone/aug_klemenflerin-drone-fly-397287_0010000_0247920_seg_029_0105000_0109000_03_drilling_fold7_71529_2.wav,7.017,output_v4/clean_drone_segments/klemenflerin-drone-fly-397287_0010000_0247920_seg_029_0105000_0109000.wav,klemenflerin-drone-fly-397287_0010000_0247920,train
,,clean,output_v4/train/drone/clean_klemenflerin-drone-fly-397287_0010000_0247920_seg_030_0108750_0112750.wav,,output_v4/clean_drone_segments/klemenflerin-drone-fly-397287_0010000_0247920_seg_030_0108750_0112750.wav,klemenflerin-drone-fly-397287_0010000_0247920,train
output_v4/background_pool/siren_fold10_74364_8.wav,siren_siren,augmented,output_v4/train/drone/aug_klemenflerin-drone-fly-397287_0010000_0247920_seg_030_0108750_0112750_00_siren_fold10_74364_8.wav,-1.646,output_v4/clean_drone_segments/klemenflerin-drone-fly-397287_0010000_0247920_seg_030_0108750_0112750.wav,klemenflerin-drone-fly-397287_0010000_0247920,train
output_v4/background_pool/air_conditioner_fold1_177621_35.wav,air_conditioner_air,augmented,output_v4/train/drone/aug_klemenflerin-drone-fly-397287_0010000_0247920_seg_030_0108750_0112750_01_air_conditioner_fold1_177621_35.wav,2.564,output_v4/clean_drone_segments/klemenflerin-drone-fly-397287_0010000_0247920_seg_030_0108750_0112750.wav,klemenflerin-drone-fly-397287_0010000_0247920,train
output_v4/background_pool/drilling_fold8_205610_0.wav,drilling_drilling,augmented,output_v4/train/drone/aug_klemenflerin-drone-fly-397287_0010000_0247920_seg_030_0108750_0112750_02_drilling_fold8_205610_0.wav,5.087,output_v4/clean_drone_segments/klemenflerin-drone-fly-397287_0010000_0247920_seg_030_0108750_0112750.wav,klemenflerin-drone-fly-397287_0010000_0247920,train
output_v4/background_pool/air_conditioner_fold5_178686_38.wav,air_conditioner_air,augmented,output_v4/train/drone/aug_klemenflerin-drone-fly-397287_0010000_0247920_seg_030_0108750_0112750_03_air_conditioner_fold5_178686_38.wav,13.032,output_v4/clean_drone_segments/klemenflerin-drone-fly-397287_0010000_0247920_seg_030_0108750_0112750.wav,klemenflerin-drone-fly-397287_0010000_0247920,train
,,clean,output_v4/train/drone/clean_klemenflerin-drone-fly-397287_0010000_0247920_seg_031_0112500_0116500.wav,,output_v4/clean_drone_segments/klemenflerin-drone-fly-397287_0010000_0247920_seg_031_0112500_0116500.wav,klemenflerin-drone-fly-397287_0010000_0247920,train
output_v4/background_pool/siren_fold1_118279_6.wav,siren_siren,augmented,output_v4/train/drone/aug_klemenflerin-drone-fly-397287_0010000_0247920_seg_031_0112500_0116500_00_siren_fold1_118279_6.wav,4.645,output_v4/clean_drone_segments/klemenflerin-drone-fly-397287_0010000_0247920_seg_031_0112500_0116500.wav,klemenflerin-drone-fly-397287_0010000_0247920,train
output_v4/background_pool/engine_idling_fold10_39847_0.wav,engine_idling_engine,augmented,output_v4/train/drone/aug_klemenflerin-drone-fly-397287_0010000_0247920_seg_031_0112500_0116500_01_engine_idling_fold10_39847_0.wav,10.497,output_v4/clean_drone_segments/klemenflerin-drone-fly-397287_0010000_0247920_seg_031_0112500_0116500.wav,klemenflerin-drone-fly-397287_0010000_0247920,train
output_v4/background_pool/siren_fold8_96657_2.wav,siren_siren,augmented,output_v4/train/drone/aug_klemenflerin-drone-fly-397287_0010000_0247920_seg_031_0112500_0116500_02_siren_fold8_96657_2.wav,8.953,output_v4/clean_drone_segments/klemenflerin-drone-fly-397287_0010000_0247920_seg_031_0112500_0116500.wav,klemenflerin-drone-fly-397287_0010000_0247920,train
output_v4/background_pool/drilling_fold7_71529_2.wav,drilling_drilling,augmented,output_v4/train/drone/aug_klemenflerin-drone-fly-397287_0010000_0247920_seg_031_0112500_0116500_03_drilling_fold7_71529_2.wav,6.781,output_v4/clean_drone_segments/klemenflerin-drone-fly-397287_0010000_0247920_seg_031_0112500_0116500.wav,klemenflerin-drone-fly-397287_0010000_0247920,train
,,clean,output_v4/train/drone/clean_klemenflerin-drone-fly-397287_0010000_0247920_seg_032_0116250_0120250.wav,,output_v4/clean_drone_segments/klemenflerin-drone-fly-397287_0010000_0247920_seg_032_0116250_0120250.wav,klemenflerin-drone-fly-397287_0010000_0247920,train
output_v4/background_pool/engine_idling_fold5_17578_7.wav,engine_idling_engine,augmented,output_v4/train/drone/aug_klemenflerin-drone-fly-397287_0010000_0247920_seg_032_0116250_0120250_00_engine_idling_fold5_17578_7.wav,4.543,output_v4/clean_drone_segments/klemenflerin-drone-fly-397287_0010000_0247920_seg_032_0116250_0120250.wav,klemenflerin-drone-fly-397287_0010000_0247920,train
output_v4/background_pool/air_conditioner_fold4_195969_22.wav,air_conditioner_air,augmented,output_v4/train/drone/aug_klemenflerin-drone-fly-397287_0010000_0247920_seg_032_0116250_0120250_01_air_conditioner_fold4_195969_22.wav,3.173,output_v4/clean_drone_segments/klemenflerin-drone-fly-397287_0010000_0247920_seg_032_0116250_0120250.wav,klemenflerin-drone-fly-397287_0010000_0247920,train
output_v4/background_pool/air_conditioner_fold5_178686_2.wav,air_conditioner_air,augmented,output_v4/train/drone/aug_klemenflerin-drone-fly-397287_0010000_0247920_seg_032_0116250_0120250_02_air_conditioner_fold5_178686_2.wav,-4.856,output_v4/clean_drone_segments/klemenflerin-drone-fly-397287_0010000_0247920_seg_032_0116250_0120250.wav,klemenflerin-drone-fly-397287_0010000_0247920,train
output_v4/background_pool/drilling_fold10_187863_5.wav,drilling_drilling,augmented,output_v4/train/drone/aug_klemenflerin-drone-fly-397287_0010000_0247920_seg_032_0116250_0120250_03_drilling_fold10_187863_5.wav,3.521,output_v4/clean_drone_segments/klemenflerin-drone-fly-397287_0010000_0247920_seg_032_0116250_0120250.wav,klemenflerin-drone-fly-397287_0010000_0247920,train
,,clean,output_v4/train/drone/clean_klemenflerin-drone-fly-397287_0010000_0247920_seg_033_0120000_0124000.wav,,output_v4/clean_drone_segments/klemenflerin-drone-fly-397287_0010000_0247920_seg_033_0120000_0124000.wav,klemenflerin-drone-fly-397287_0010000_0247920,train
output_v4/background_pool/siren_fold1_159738_7.wav,siren_siren,augmented,output_v4/train/drone/aug_klemenflerin-drone-fly-397287_0010000_0247920_seg_033_0120000_0124000_00_siren_fold1_159738_7.wav,2.313,output_v4/clean_drone_segments/klemenflerin-drone-fly-397287_0010000_0247920_seg_033_0120000_0124000.wav,klemenflerin-drone-fly-397287_0010000_0247920,train
output_v4/background_pool/air_conditioner_fold9_101729_23.wav,air_conditioner_air,augmented,output_v4/train/drone/aug_klemenflerin-drone-fly-397287_0010000_0247920_seg_033_0120000_0124000_01_air_conditioner_fold9_101729_23.wav,10.676,output_v4/clean_drone_segments/klemenflerin-drone-fly-397287_0010000_0247920_seg_033_0120000_0124000.wav,klemenflerin-drone-fly-397287_0010000_0247920,train
output_v4/background_pool/siren_fold4_24347_82.wav,siren_siren,augmented,output_v4/train/drone/aug_klemenflerin-drone-fly-397287_0010000_0247920_seg_033_0120000_0124000_02_siren_fold4_24347_82.wav,14.77,output_v4/clean_drone_segments/klemenflerin-drone-fly-397287_0010000_0247920_seg_033_0120000_0124000.wav,klemenflerin-drone-fly-397287_0010000_0247920,train
output_v4/background_pool/air_conditioner_fold9_101729_23.wav,air_conditioner_air,augmented,output_v4/train/drone/aug_klemenflerin-drone-fly-397287_0010000_0247920_seg_033_0120000_0124000_03_air_conditioner_fold9_101729_23.wav,8.186,output_v4/clean_drone_segments/klemenflerin-drone-fly-397287_0010000_0247920_seg_033_0120000_0124000.wav,klemenflerin-drone-fly-397287_0010000_0247920,train
,,clean,output_v4/train/drone/clean_klemenflerin-drone-fly-397287_0010000_0247920_seg_034_0123750_0127750.wav,,output_v4/clean_drone_segments/klemenflerin-drone-fly-397287_0010000_0247920_seg_034_0123750_0127750.wav,klemenflerin-drone-fly-397287_0010000_0247920,train
output_v4/background_pool/siren_fold5_156869_6.wav,siren_siren,augmented,output_v4/train/drone/aug_klemenflerin-drone-fly-397287_0010000_0247920_seg_034_0123750_0127750_00_siren_fold5_156869_6.wav,-2.994,output_v4/clean_drone_segments/klemenflerin-drone-fly-397287_0010000_0247920_seg_034_0123750_0127750.wav,klemenflerin-drone-fly-397287_0010000_0247920,train
output_v4/background_pool/jackhammer_fold9_188823_4.wav,jackhammer_jackhammer,augmented,output_v4/train/drone/aug_klemenflerin-drone-fly-397287_0010000_0247920_seg_034_0123750_0127750_01_jackhammer_fold9_188823_4.wav,8.691,output_v4/clean_drone_segments/klemenflerin-drone-fly-397287_0010000_0247920_seg_034_0123750_0127750.wav,klemenflerin-drone-fly-397287_0010000_0247920,train
output_v4/background_pool/engine_idling_fold9_119449_5.wav,engine_idling_engine,augmented,output_v4/train/drone/aug_klemenflerin-drone-fly-397287_0010000_0247920_seg_034_0123750_0127750_02_engine_idling_fold9_119449_5.wav,-3.178,output_v4/clean_drone_segments/klemenflerin-drone-fly-397287_0010000_0247920_seg_034_0123750_0127750.wav,klemenflerin-drone-fly-397287_0010000_0247920,train
output_v4/background_pool/siren_fold9_157866_20.wav,siren_siren,augmented,output_v4/train/drone/aug_klemenflerin-drone-fly-397287_0010000_0247920_seg_034_0123750_0127750_03_siren_fold9_157866_20.wav,2.417,output_v4/clean_drone_segments/klemenflerin-drone-fly-397287_0010000_0247920_seg_034_0123750_0127750.wav,klemenflerin-drone-fly-397287_0010000_0247920,train
,,clean,output_v4/train/drone/clean_klemenflerin-drone-fly-397287_0010000_0247920_seg_035_0127500_0131500.wav,,output_v4/clean_drone_segments/klemenflerin-drone-fly-397287_0010000_0247920_seg_035_0127500_0131500.wav,klemenflerin-drone-fly-397287_0010000_0247920,train
output_v4/background_pool/siren_fold3_94636_10.wav,siren_siren,augmented,output_v4/train/drone/aug_klemenflerin-drone-fly-397287_0010000_0247920_seg_035_0127500_0131500_00_siren_fold3_94636_10.wav,8.124,output_v4/clean_drone_segments/klemenflerin-drone-fly-397287_0010000_0247920_seg_035_0127500_0131500.wav,klemenflerin-drone-fly-397287_0010000_0247920,train
output_v4/background_pool/siren_fold9_157866_8.wav,siren_siren,augmented,output_v4/train/drone/aug_klemenflerin-drone-fly-397287_0010000_0247920_seg_035_0127500_0131500_01_siren_fold9_157866_8.wav,7.806,output_v4/clean_drone_segments/klemenflerin-drone-fly-397287_0010000_0247920_seg_035_0127500_0131500.wav,klemenflerin-drone-fly-397287_0010000_0247920,train
output_v4/background_pool/engine_idling_fold1_146186_6.wav,engine_idling_engine,augmented,output_v4/train/drone/aug_klemenflerin-drone-fly-397287_0010000_0247920_seg_035_0127500_0131500_02_engine_idling_fold1_146186_6.wav,5.363,output_v4/clean_drone_segments/klemenflerin-drone-fly-397287_0010000_0247920_seg_035_0127500_0131500.wav,klemenflerin-drone-fly-397287_0010000_0247920,train
output_v4/background_pool/air_conditioner_fold9_75743_13.wav,air_conditioner_air,augmented,output_v4/train/drone/aug_klemenflerin-drone-fly-397287_0010000_0247920_seg_035_0127500_0131500_03_air_conditioner_fold9_75743_13.wav,-1.61,output_v4/clean_drone_segments/klemenflerin-drone-fly-397287_0010000_0247920_seg_035_0127500_0131500.wav,klemenflerin-drone-fly-397287_0010000_0247920,train
,,clean,output_v4/train/drone/clean_klemenflerin-drone-fly-397287_0010000_0247920_seg_036_0131250_0135250.wav,,output_v4/clean_drone_segments/klemenflerin-drone-fly-397287_0010000_0247920_seg_036_0131250_0135250.wav,klemenflerin-drone-fly-397287_0010000_0247920,train
output_v4/background_pool/engine_idling_fold4_154758_0.wav,engine_idling_engine,augmented,output_v4/train/drone/aug_klemenflerin-drone-fly-397287_0010000_0247920_seg_036_0131250_0135250_00_engine_idling_fold4_154758_0.wav,-3.263,output_v4/clean_drone_segments/klemenflerin-drone-fly-397287_0010000_0247920_seg_036_0131250_0135250.wav,klemenflerin-drone-fly-397287_0010000_0247920,train
output_v4/background_pool/jackhammer_fold5_187920_2.wav,jackhammer_jackhammer,augmented,output_v4/train/drone/aug_klemenflerin-drone-fly-397287_0010000_0247920_seg_036_0131250_0135250_01_jackhammer_fold5_187920_2.wav,6.722,output_v4/clean_drone_segments/klemenflerin-drone-fly-397287_0010000_0247920_seg_036_0131250_0135250.wav,klemenflerin-drone-fly-397287_0010000_0247920,train
output_v4/background_pool/drilling_fold2_76086_43.wav,drilling_drilling,augmented,output_v4/train/drone/aug_klemenflerin-drone-fly-397287_0010000_0247920_seg_036_0131250_0135250_02_drilling_fold2_76086_43.wav,9.523,output_v4/clean_drone_segments/klemenflerin-drone-fly-397287_0010000_0247920_seg_036_0131250_0135250.wav,klemenflerin-drone-fly-397287_0010000_0247920,train
output_v4/background_pool/drilling_fold6_66623_6.wav,drilling_drilling,augmented,output_v4/train/drone/aug_klemenflerin-drone-fly-397287_0010000_0247920_seg_036_0131250_0135250_03_drilling_fold6_66623_6.wav,0.53,output_v4/clean_drone_segments/klemenflerin-drone-fly-397287_0010000_0247920_seg_036_0131250_0135250.wav,klemenflerin-drone-fly-397287_0010000_0247920,train
,,clean,output_v4/train/drone/clean_klemenflerin-drone-fly-397287_0010000_0247920_seg_037_0135000_0139000.wav,,output_v4/clean_drone_segments/klemenflerin-drone-fly-397287_0010000_0247920_seg_037_0135000_0139000.wav,klemenflerin-drone-fly-397287_0010000_0247920,train
output_v4/background_pool/air_conditioner_fold1_134717_25.wav,air_conditioner_air,augmented,output_v4/train/drone/aug_klemenflerin-drone-fly-397287_0010000_0247920_seg_037_0135000_0139000_00_air_conditioner_fold1_134717_25.wav,-4.907,output_v4/clean_drone_segments/klemenflerin-drone-fly-397287_0010000_0247920_seg_037_0135000_0139000.wav,klemenflerin-drone-fly-397287_0010000_0247920,train
output_v4/background_pool/drilling_fold8_161129_6.wav,drilling_drilling,augmented,output_v4/train/drone/aug_klemenflerin-drone-fly-397287_0010000_0247920_seg_037_0135000_0139000_01_drilling_fold8_161129_6.wav,0.885,output_v4/clean_drone_segments/klemenflerin-drone-fly-397287_0010000_0247920_seg_037_0135000_0139000.wav,klemenflerin-drone-fly-397287_0010000_0247920,train
output_v4/background_pool/engine_idling_fold2_94710_1.wav,engine_idling_engine,augmented,output_v4/train/drone/aug_klemenflerin-drone-fly-397287_0010000_0247920_seg_037_0135000_0139000_02_engine_idling_fold2_94710_1.wav,11.263,output_v4/clean_drone_segments/klemenflerin-drone-fly-397287_0010000_0247920_seg_037_0135000_0139000.wav,klemenflerin-drone-fly-397287_0010000_0247920,train
output_v4/background_pool/engine_idling_fold9_103249_12.wav,engine_idling_engine,augmented,output_v4/train/drone/aug_klemenflerin-drone-fly-397287_0010000_0247920_seg_037_0135000_0139000_03_engine_idling_fold9_103249_12.wav,10.399,output_v4/clean_drone_segments/klemenflerin-drone-fly-397287_0010000_0247920_seg_037_0135000_0139000.wav,klemenflerin-drone-fly-397287_0010000_0247920,train
,,clean,output_v4/train/drone/clean_klemenflerin-drone-fly-397287_0010000_0247920_seg_038_0138750_0142750.wav,,output_v4/clean_drone_segments/klemenflerin-drone-fly-397287_0010000_0247920_seg_038_0138750_0142750.wav,klemenflerin-drone-fly-397287_0010000_0247920,train
output_v4/background_pool/drilling_fold1_22962_1.wav,drilling_drilling,augmented,output_v4/train/drone/aug_klemenflerin-drone-fly-397287_0010000_0247920_seg_038_0138750_0142750_00_drilling_fold1_22962_1.wav,12.24,output_v4/clean_drone_segments/klemenflerin-drone-fly-397287_0010000_0247920_seg_038_0138750_0142750.wav,klemenflerin-drone-fly-397287_0010000_0247920,train
output_v4/background_pool/siren_fold1_159738_7.wav,siren_siren,augmented,output_v4/train/drone/aug_klemenflerin-drone-fly-397287_0010000_0247920_seg_038_0138750_0142750_01_siren_fold1_159738_7.wav,14.884,output_v4/clean_drone_segments/klemenflerin-drone-fly-397287_0010000_0247920_seg_038_0138750_0142750.wav,klemenflerin-drone-fly-397287_0010000_0247920,train
output_v4/background_pool/engine_idling_fold3_17853_2.wav,engine_idling_engine,augmented,output_v4/train/drone/aug_klemenflerin-drone-fly-397287_0010000_0247920_seg_038_0138750_0142750_02_engine_idling_fold3_17853_2.wav,2.062,output_v4/clean_drone_segments/klemenflerin-drone-fly-397287_0010000_0247920_seg_038_0138750_0142750.wav,klemenflerin-drone-fly-397287_0010000_0247920,train
output_v4/background_pool/air_conditioner_fold9_79089_115.wav,air_conditioner_air,augmented,output_v4/train/drone/aug_klemenflerin-drone-fly-397287_0010000_0247920_seg_038_0138750_0142750_03_air_conditioner_fold9_79089_115.wav,8.474,output_v4/clean_drone_segments/klemenflerin-drone-fly-397287_0010000_0247920_seg_038_0138750_0142750.wav,klemenflerin-drone-fly-397287_0010000_0247920,train
,,clean,output_v4/train/drone/clean_klemenflerin-drone-fly-397287_0010000_0247920_seg_039_0142500_0146500.wav,,output_v4/clean_drone_segments/klemenflerin-drone-fly-397287_0010000_0247920_seg_039_0142500_0146500.wav,klemenflerin-drone-fly-397287_0010000_0247920,train
output_v4/background_pool/siren_fold3_94636_3.wav,siren_siren,augmented,output_v4/train/drone/aug_klemenflerin-drone-fly-397287_0010000_0247920_seg_039_0142500_0146500_00_siren_fold3_94636_3.wav,1.277,output_v4/clean_drone_segments/klemenflerin-drone-fly-397287_0010000_0247920_seg_039_0142500_0146500.wav,klemenflerin-drone-fly-397287_0010000_0247920,train
output_v4/background_pool/air_conditioner_fold5_85569_0.wav,air_conditioner_air,augmented,output_v4/train/drone/aug_klemenflerin-drone-fly-397287_0010000_0247920_seg_039_0142500_0146500_01_air_conditioner_fold5_85569_0.wav,8.662,output_v4/clean_drone_segments/klemenflerin-drone-fly-397287_0010000_0247920_seg_039_0142500_0146500.wav,klemenflerin-drone-fly-397287_0010000_0247920,train
output_v4/background_pool/drilling_fold2_34621_0.wav,drilling_drilling,augmented,output_v4/train/drone/aug_klemenflerin-drone-fly-397287_0010000_0247920_seg_039_0142500_0146500_02_drilling_fold2_34621_0.wav,-0.159,output_v4/clean_drone_segments/klemenflerin-drone-fly-397287_0010000_0247920_seg_039_0142500_0146500.wav,klemenflerin-drone-fly-397287_0010000_0247920,train
output_v4/background_pool/engine_idling_fold3_17853_2.wav,engine_idling_engine,augmented,output_v4/train/drone/aug_klemenflerin-drone-fly-397287_0010000_0247920_seg_039_0142500_0146500_03_engine_idling_fold3_17853_2.wav,7.372,output_v4/clean_drone_segments/klemenflerin-drone-fly-397287_0010000_0247920_seg_039_0142500_0146500.wav,klemenflerin-drone-fly-397287_0010000_0247920,train
,,clean,output_v4/train/drone/clean_klemenflerin-drone-fly-397287_0010000_0247920_seg_040_0146250_0150250.wav,,output_v4/clean_drone_segments/klemenflerin-drone-fly-397287_0010000_0247920_seg_040_0146250_0150250.wav,klemenflerin-drone-fly-397287_0010000_0247920,train
output_v4/background_pool/air_conditioner_fold7_177729_83.wav,air_conditioner_air,augmented,output_v4/train/drone/aug_klemenflerin-drone-fly-397287_0010000_0247920_seg_040_0146250_0150250_00_air_conditioner_fold7_177729_83.wav,14.116,output_v4/clean_drone_segments/klemenflerin-drone-fly-397287_0010000_0247920_seg_040_0146250_0150250.wav,klemenflerin-drone-fly-397287_0010000_0247920,train
output_v4/background_pool/air_conditioner_fold5_178686_2.wav,air_conditioner_air,augmented,output_v4/train/drone/aug_klemenflerin-drone-fly-397287_0010000_0247920_seg_040_0146250_0150250_01_air_conditioner_fold5_178686_2.wav,-4.155,output_v4/clean_drone_segments/klemenflerin-drone-fly-397287_0010000_0247920_seg_040_0146250_0150250.wav,klemenflerin-drone-fly-397287_0010000_0247920,train
output_v4/background_pool/drilling_fold10_187863_5.wav,drilling_drilling,augmented,output_v4/train/drone/aug_klemenflerin-drone-fly-397287_0010000_0247920_seg_040_0146250_0150250_02_drilling_fold10_187863_5.wav,12.94,output_v4/clean_drone_segments/klemenflerin-drone-fly-397287_0010000_0247920_seg_040_0146250_0150250.wav,klemenflerin-drone-fly-397287_0010000_0247920,train
output_v4/background_pool/engine_idling_fold4_128160_1.wav,engine_idling_engine,augmented,output_v4/train/drone/aug_klemenflerin-drone-fly-397287_0010000_0247920_seg_040_0146250_0150250_03_engine_idling_fold4_128160_1.wav,5.223,output_v4/clean_drone_segments/klemenflerin-drone-fly-397287_0010000_0247920_seg_040_0146250_0150250.wav,klemenflerin-drone-fly-397287_0010000_0247920,train
,,clean,output_v4/train/drone/clean_klemenflerin-drone-fly-397287_0010000_0247920_seg_041_0150000_0154000.wav,,output_v4/clean_drone_segments/klemenflerin-drone-fly-397287_0010000_0247920_seg_041_0150000_0154000.wav,klemenflerin-drone-fly-397287_0010000_0247920,train
output_v4/background_pool/engine_idling_fold5_17578_7.wav,engine_idling_engine,augmented,output_v4/train/drone/aug_klemenflerin-drone-fly-397287_0010000_0247920_seg_041_0150000_0154000_00_engine_idling_fold5_17578_7.wav,3.464,output_v4/clean_drone_segments/klemenflerin-drone-fly-397287_0010000_0247920_seg_041_0150000_0154000.wav,klemenflerin-drone-fly-397287_0010000_0247920,train
output_v4/background_pool/jackhammer_fold1_103074_5.wav,jackhammer_jackhammer,augmented,output_v4/train/drone/aug_klemenflerin-drone-fly-397287_0010000_0247920_seg_041_0150000_0154000_01_jackhammer_fold1_103074_5.wav,8.727,output_v4/clean_drone_segments/klemenflerin-drone-fly-397287_0010000_0247920_seg_041_0150000_0154000.wav,klemenflerin-drone-fly-397287_0010000_0247920,train
output_v4/background_pool/air_conditioner_fold9_101729_11.wav,air_conditioner_air,augmented,output_v4/train/drone/aug_klemenflerin-drone-fly-397287_0010000_0247920_seg_041_0150000_0154000_02_air_conditioner_fold9_101729_11.wav,8.784,output_v4/clean_drone_segments/klemenflerin-drone-fly-397287_0010000_0247920_seg_041_0150000_0154000.wav,klemenflerin-drone-fly-397287_0010000_0247920,train
output_v4/background_pool/engine_idling_fold1_44736_1.wav,engine_idling_engine,augmented,output_v4/train/drone/aug_klemenflerin-drone-fly-397287_0010000_0247920_seg_041_0150000_0154000_03_engine_idling_fold1_44736_1.wav,2.232,output_v4/clean_drone_segments/klemenflerin-drone-fly-397287_0010000_0247920_seg_041_0150000_0154000.wav,klemenflerin-drone-fly-397287_0010000_0247920,train
,,clean,output_v4/train/drone/clean_klemenflerin-drone-fly-397287_0010000_0247920_seg_042_0153750_0157750.wav,,output_v4/clean_drone_segments/klemenflerin-drone-fly-397287_0010000_0247920_seg_042_0153750_0157750.wav,klemenflerin-drone-fly-397287_0010000_0247920,train
output_v4/background_pool/jackhammer_fold10_188813_0.wav,jackhammer_jackhammer,augmented,output_v4/train/drone/aug_klemenflerin-drone-fly-397287_0010000_0247920_seg_042_0153750_0157750_00_jackhammer_fold10_188813_0.wav,4.427,output_v4/clean_drone_segments/klemenflerin-drone-fly-397287_0010000_0247920_seg_042_0153750_0157750.wav,klemenflerin-drone-fly-397287_0010000_0247920,train
output_v4/background_pool/drilling_fold4_169466_10.wav,drilling_drilling,augmented,output_v4/train/drone/aug_klemenflerin-drone-fly-397287_0010000_0247920_seg_042_0153750_0157750_01_drilling_fold4_169466_10.wav,3.382,output_v4/clean_drone_segments/klemenflerin-drone-fly-397287_0010000_0247920_seg_042_0153750_0157750.wav,klemenflerin-drone-fly-397287_0010000_0247920,train
output_v4/background_pool/drilling_fold4_169466_10.wav,drilling_drilling,augmented,output_v4/train/drone/aug_klemenflerin-drone-fly-397287_0010000_0247920_seg_042_0153750_0157750_02_drilling_fold4_169466_10.wav,-1.402,output_v4/clean_drone_segments/klemenflerin-drone-fly-397287_0010000_0247920_seg_042_0153750_0157750.wav,klemenflerin-drone-fly-397287_0010000_0247920,train
output_v4/background_pool/engine_idling_fold5_17578_7.wav,engine_idling_engine,augmented,output_v4/train/drone/aug_klemenflerin-drone-fly-397287_0010000_0247920_seg_042_0153750_0157750_03_engine_idling_fold5_17578_7.wav,9.416,output_v4/clean_drone_segments/klemenflerin-drone-fly-397287_0010000_0247920_seg_042_0153750_0157750.wav,klemenflerin-drone-fly-397287_0010000_0247920,train
,,clean,output_v4/train/drone/clean_klemenflerin-drone-fly-397287_0010000_0247920_seg_043_0157500_0161500.wav,,output_v4/clean_drone_segments/klemenflerin-drone-fly-397287_0010000_0247920_seg_043_0157500_0161500.wav,klemenflerin-drone-fly-397287_0010000_0247920,train
output_v4/background_pool/siren_fold1_157867_26.wav,siren_siren,augmented,output_v4/train/drone/aug_klemenflerin-drone-fly-397287_0010000_0247920_seg_043_0157500_0161500_00_siren_fold1_157867_26.wav,-2.083,output_v4/clean_drone_segments/klemenflerin-drone-fly-397287_0010000_0247920_seg_043_0157500_0161500.wav,klemenflerin-drone-fly-397287_0010000_0247920,train
output_v4/background_pool/air_conditioner_fold5_178686_38.wav,air_conditioner_air,augmented,output_v4/train/drone/aug_klemenflerin-drone-fly-397287_0010000_0247920_seg_043_0157500_0161500_01_air_conditioner_fold5_178686_38.wav,3.43,output_v4/clean_drone_segments/klemenflerin-drone-fly-397287_0010000_0247920_seg_043_0157500_0161500.wav,klemenflerin-drone-fly-397287_0010000_0247920,train
output_v4/background_pool/air_conditioner_fold4_146709_44.wav,air_conditioner_air,augmented,output_v4/train/drone/aug_klemenflerin-drone-fly-397287_0010000_0247920_seg_043_0157500_0161500_02_air_conditioner_fold4_146709_44.wav,4.732,output_v4/clean_drone_segments/klemenflerin-drone-fly-397287_0010000_0247920_seg_043_0157500_0161500.wav,klemenflerin-drone-fly-397287_0010000_0247920,train
output_v4/background_pool/siren_fold2_159750_5.wav,siren_siren,augmented,output_v4/train/drone/aug_klemenflerin-drone-fly-397287_0010000_0247920_seg_043_0157500_0161500_03_siren_fold2_159750_5.wav,-1.733,output_v4/clean_drone_segments/klemenflerin-drone-fly-397287_0010000_0247920_seg_043_0157500_0161500.wav,klemenflerin-drone-fly-397287_0010000_0247920,train
,,clean,output_v4/train/drone/clean_klemenflerin-drone-fly-397287_0010000_0247920_seg_044_0161250_0165250.wav,,output_v4/clean_drone_segments/klemenflerin-drone-fly-397287_0010000_0247920_seg_044_0161250_0165250.wav,klemenflerin-drone-fly-397287_0010000_0247920,train
output_v4/background_pool/siren_fold4_159751_4.wav,siren_siren,augmented,output_v4/train/drone/aug_klemenflerin-drone-fly-397287_0010000_0247920_seg_044_0161250_0165250_00_siren_fold4_159751_4.wav,3.997,output_v4/clean_drone_segments/klemenflerin-drone-fly-397287_0010000_0247920_seg_044_0161250_0165250.wav,klemenflerin-drone-fly-397287_0010000_0247920,train
output_v4/background_pool/air_conditioner_fold8_177726_29.wav,air_conditioner_air,augmented,output_v4/train/drone/aug_klemenflerin-drone-fly-397287_0010000_0247920_seg_044_0161250_0165250_01_air_conditioner_fold8_177726_29.wav,11.2,output_v4/clean_drone_segments/klemenflerin-drone-fly-397287_0010000_0247920_seg_044_0161250_0165250.wav,klemenflerin-drone-fly-397287_0010000_0247920,train
output_v4/background_pool/engine_idling_fold7_149193_5.wav,engine_idling_engine,augmented,output_v4/train/drone/aug_klemenflerin-drone-fly-397287_0010000_0247920_seg_044_0161250_0165250_02_engine_idling_fold7_149193_5.wav,14.262,output_v4/clean_drone_segments/klemenflerin-drone-fly-397287_0010000_0247920_seg_044_0161250_0165250.wav,klemenflerin-drone-fly-397287_0010000_0247920,train
output_v4/background_pool/engine_idling_fold5_17578_7.wav,engine_idling_engine,augmented,output_v4/train/drone/aug_klemenflerin-drone-fly-397287_0010000_0247920_seg_044_0161250_0165250_03_engine_idling_fold5_17578_7.wav,14.587,output_v4/clean_drone_segments/klemenflerin-drone-fly-397287_0010000_0247920_seg_044_0161250_0165250.wav,klemenflerin-drone-fly-397287_0010000_0247920,train
,,clean,output_v4/train/drone/clean_klemenflerin-drone-fly-397287_0010000_0247920_seg_045_0165000_0169000.wav,,output_v4/clean_drone_segments/klemenflerin-drone-fly-397287_0010000_0247920_seg_045_0165000_0169000.wav,klemenflerin-drone-fly-397287_0010000_0247920,train
output_v4/background_pool/engine_idling_fold6_78651_12.wav,engine_idling_engine,augmented,output_v4/train/drone/aug_klemenflerin-drone-fly-397287_0010000_0247920_seg_045_0165000_0169000_00_engine_idling_fold6_78651_12.wav,9.731,output_v4/clean_drone_segments/klemenflerin-drone-fly-397287_0010000_0247920_seg_045_0165000_0169000.wav,klemenflerin-drone-fly-397287_0010000_0247920,train
output_v4/background_pool/siren_fold2_91396_1.wav,siren_siren,augmented,output_v4/train/drone/aug_klemenflerin-drone-fly-397287_0010000_0247920_seg_045_0165000_0169000_01_siren_fold2_91396_1.wav,14.132,output_v4/clean_drone_segments/klemenflerin-drone-fly-397287_0010000_0247920_seg_045_0165000_0169000.wav,klemenflerin-drone-fly-397287_0010000_0247920,train
output_v4/background_pool/jackhammer_fold9_188823_4.wav,jackhammer_jackhammer,augmented,output_v4/train/drone/aug_klemenflerin-drone-fly-397287_0010000_0247920_seg_045_0165000_0169000_02_jackhammer_fold9_188823_4.wav,3.095,output_v4/clean_drone_segments/klemenflerin-drone-fly-397287_0010000_0247920_seg_045_0165000_0169000.wav,klemenflerin-drone-fly-397287_0010000_0247920,train
output_v4/background_pool/engine_idling_fold1_113205_4.wav,engine_idling_engine,augmented,output_v4/train/drone/aug_klemenflerin-drone-fly-397287_0010000_0247920_seg_045_0165000_0169000_03_engine_idling_fold1_113205_4.wav,1.338,output_v4/clean_drone_segments/klemenflerin-drone-fly-397287_0010000_0247920_seg_045_0165000_0169000.wav,klemenflerin-drone-fly-397287_0010000_0247920,train
,,clean,output_v4/train/drone/clean_klemenflerin-drone-fly-397287_0010000_0247920_seg_046_0168750_0172750.wav,,output_v4/clean_drone_segments/klemenflerin-drone-fly-397287_0010000_0247920_seg_046_0168750_0172750.wav,klemenflerin-drone-fly-397287_0010000_0247920,train
output_v4/background_pool/drilling_fold10_180127_17.wav,drilling_drilling,augmented,output_v4/train/drone/aug_klemenflerin-drone-fly-397287_0010000_0247920_seg_046_0168750_0172750_00_drilling_fold10_180127_17.wav,12.754,output_v4/clean_drone_segments/klemenflerin-drone-fly-397287_0010000_0247920_seg_046_0168750_0172750.wav,klemenflerin-drone-fly-397287_0010000_0247920,train
output_v4/background_pool/air_conditioner_fold8_177726_29.wav,air_conditioner_air,augmented,output_v4/train/drone/aug_klemenflerin-drone-fly-397287_0010000_0247920_seg_046_0168750_0172750_01_air_conditioner_fold8_177726_29.wav,4.006,output_v4/clean_drone_segments/klemenflerin-drone-fly-397287_0010000_0247920_seg_046_0168750_0172750.wav,klemenflerin-drone-fly-397287_0010000_0247920,train
output_v4/background_pool/air_conditioner_fold5_100852_24.wav,air_conditioner_air,augmented,output_v4/train/drone/aug_klemenflerin-drone-fly-397287_0010000_0247920_seg_046_0168750_0172750_02_air_conditioner_fold5_100852_24.wav,0.033,output_v4/clean_drone_segments/klemenflerin-drone-fly-397287_0010000_0247920_seg_046_0168750_0172750.wav,klemenflerin-drone-fly-397287_0010000_0247920,train
output_v4/background_pool/engine_idling_fold1_113205_4.wav,engine_idling_engine,augmented,output_v4/train/drone/aug_klemenflerin-drone-fly-397287_0010000_0247920_seg_046_0168750_0172750_03_engine_idling_fold1_113205_4.wav,-3.089,output_v4/clean_drone_segments/klemenflerin-drone-fly-397287_0010000_0247920_seg_046_0168750_0172750.wav,klemenflerin-drone-fly-397287_0010000_0247920,train
,,clean,output_v4/train/drone/clean_klemenflerin-drone-fly-397287_0010000_0247920_seg_047_0172500_0176500.wav,,output_v4/clean_drone_segments/klemenflerin-drone-fly-397287_0010000_0247920_seg_047_0172500_0176500.wav,klemenflerin-drone-fly-397287_0010000_0247920,train
output_v4/background_pool/siren_fold8_117181_6.wav,siren_siren,augmented,output_v4/train/drone/aug_klemenflerin-drone-fly-397287_0010000_0247920_seg_047_0172500_0176500_00_siren_fold8_117181_6.wav,2.94,output_v4/clean_drone_segments/klemenflerin-drone-fly-397287_0010000_0247920_seg_047_0172500_0176500.wav,klemenflerin-drone-fly-397287_0010000_0247920,train
output_v4/background_pool/air_conditioner_fold4_195969_22.wav,air_conditioner_air,augmented,output_v4/train/drone/aug_klemenflerin-drone-fly-397287_0010000_0247920_seg_047_0172500_0176500_01_air_conditioner_fold4_195969_22.wav,-3.314,output_v4/clean_drone_segments/klemenflerin-drone-fly-397287_0010000_0247920_seg_047_0172500_0176500.wav,klemenflerin-drone-fly-397287_0010000_0247920,train
output_v4/background_pool/engine_idling_fold9_119449_5.wav,engine_idling_engine,augmented,output_v4/train/drone/aug_klemenflerin-drone-fly-397287_0010000_0247920_seg_047_0172500_0176500_02_engine_idling_fold9_119449_5.wav,0.684,output_v4/clean_drone_segments/klemenflerin-drone-fly-397287_0010000_0247920_seg_047_0172500_0176500.wav,klemenflerin-drone-fly-397287_0010000_0247920,train
output_v4/background_pool/us8k_engine_idling_engine_idling_fold7_123685_4.wav,us8k_engine,augmented,output_v4/train/drone/aug_klemenflerin-drone-fly-397287_0010000_0247920_seg_047_0172500_0176500_03_us8k_engine_idling_engine_idling_fold7_123685_4.wav,-4.297,output_v4/clean_drone_segments/klemenflerin-drone-fly-397287_0010000_0247920_seg_047_0172500_0176500.wav,klemenflerin-drone-fly-397287_0010000_0247920,train
,,clean,output_v4/train/drone/clean_klemenflerin-drone-fly-397287_0010000_0247920_seg_048_0176250_0180250.wav,,output_v4/clean_drone_segments/klemenflerin-drone-fly-397287_0010000_0247920_seg_048_0176250_0180250.wav,klemenflerin-drone-fly-397287_0010000_0247920,train
output_v4/background_pool/engine_idling_fold6_78651_12.wav,engine_idling_engine,augmented,output_v4/train/drone/aug_klemenflerin-drone-fly-397287_0010000_0247920_seg_048_0176250_0180250_00_engine_idling_fold6_78651_12.wav,12.418,output_v4/clean_drone_segments/klemenflerin-drone-fly-397287_0010000_0247920_seg_048_0176250_0180250.wav,klemenflerin-drone-fly-397287_0010000_0247920,train
output_v4/background_pool/jackhammer_fold8_125678_2.wav,jackhammer_jackhammer,augmented,output_v4/train/drone/aug_klemenflerin-drone-fly-397287_0010000_0247920_seg_048_0176250_0180250_01_jackhammer_fold8_125678_2.wav,8.952,output_v4/clean_drone_segments/klemenflerin-drone-fly-397287_0010000_0247920_seg_048_0176250_0180250.wav,klemenflerin-drone-fly-397287_0010000_0247920,train
output_v4/background_pool/air_conditioner_fold1_177621_35.wav,air_conditioner_air,augmented,output_v4/train/drone/aug_klemenflerin-drone-fly-397287_0010000_0247920_seg_048_0176250_0180250_02_air_conditioner_fold1_177621_35.wav,6.28,output_v4/clean_drone_segments/klemenflerin-drone-fly-397287_0010000_0247920_seg_048_0176250_0180250.wav,klemenflerin-drone-fly-397287_0010000_0247920,train
output_v4/background_pool/siren_fold1_118279_6.wav,siren_siren,augmented,output_v4/train/drone/aug_klemenflerin-drone-fly-397287_0010000_0247920_seg_048_0176250_0180250_03_siren_fold1_118279_6.wav,5.793,output_v4/clean_drone_segments/klemenflerin-drone-fly-397287_0010000_0247920_seg_048_0176250_0180250.wav,klemenflerin-drone-fly-397287_0010000_0247920,train
,,clean,output_v4/train/drone/clean_klemenflerin-drone-fly-397287_0010000_0247920_seg_049_0180000_0184000.wav,,output_v4/clean_drone_segments/klemenflerin-drone-fly-397287_0010000_0247920_seg_049_0180000_0184000.wav,klemenflerin-drone-fly-397287_0010000_0247920,train
output_v4/background_pool/engine_idling_fold9_103249_12.wav,engine_idling_engine,augmented,output_v4/train/drone/aug_klemenflerin-drone-fly-397287_0010000_0247920_seg_049_0180000_0184000_00_engine_idling_fold9_103249_12.wav,-1.886,output_v4/clean_drone_segments/klemenflerin-drone-fly-397287_0010000_0247920_seg_049_0180000_0184000.wav,klemenflerin-drone-fly-397287_0010000_0247920,train
output_v4/background_pool/siren_fold8_96657_2.wav,siren_siren,augmented,output_v4/train/drone/aug_klemenflerin-drone-fly-397287_0010000_0247920_seg_049_0180000_0184000_01_siren_fold8_96657_2.wav,1.878,output_v4/clean_drone_segments/klemenflerin-drone-fly-397287_0010000_0247920_seg_049_0180000_0184000.wav,klemenflerin-drone-fly-397287_0010000_0247920,train
output_v4/background_pool/engine_idling_fold2_201652_3.wav,engine_idling_engine,augmented,output_v4/train/drone/aug_klemenflerin-drone-fly-397287_0010000_0247920_seg_049_0180000_0184000_02_engine_idling_fold2_201652_3.wav,10.109,output_v4/clean_drone_segments/klemenflerin-drone-fly-397287_0010000_0247920_seg_049_0180000_0184000.wav,klemenflerin-drone-fly-397287_0010000_0247920,train
output_v4/background_pool/engine_idling_fold6_94632_8.wav,engine_idling_engine,augmented,output_v4/train/drone/aug_klemenflerin-drone-fly-397287_0010000_0247920_seg_049_0180000_0184000_03_engine_idling_fold6_94632_8.wav,10.935,output_v4/clean_drone_segments/klemenflerin-drone-fly-397287_0010000_0247920_seg_049_0180000_0184000.wav,klemenflerin-drone-fly-397287_0010000_0247920,train
,,clean,output_v4/train/drone/clean_klemenflerin-drone-fly-397287_0010000_0247920_seg_050_0183750_0187750.wav,,output_v4/clean_drone_segments/klemenflerin-drone-fly-397287_0010000_0247920_seg_050_0183750_0187750.wav,klemenflerin-drone-fly-397287_0010000_0247920,train
output_v4/background_pool/drilling_fold6_71079_0.wav,drilling_drilling,augmented,output_v4/train/drone/aug_klemenflerin-drone-fly-397287_0010000_0247920_seg_050_0183750_0187750_00_drilling_fold6_71079_0.wav,2.895,output_v4/clean_drone_segments/klemenflerin-drone-fly-397287_0010000_0247920_seg_050_0183750_0187750.wav,klemenflerin-drone-fly-397287_0010000_0247920,train
output_v4/background_pool/engine_idling_fold9_119449_5.wav,engine_idling_engine,augmented,output_v4/train/drone/aug_klemenflerin-drone-fly-397287_0010000_0247920_seg_050_0183750_0187750_01_engine_idling_fold9_119449_5.wav,-3.416,output_v4/clean_drone_segments/klemenflerin-drone-fly-397287_0010000_0247920_seg_050_0183750_0187750.wav,klemenflerin-drone-fly-397287_0010000_0247920,train
output_v4/background_pool/air_conditioner_fold4_146709_44.wav,air_conditioner_air,augmented,output_v4/train/drone/aug_klemenflerin-drone-fly-397287_0010000_0247920_seg_050_0183750_0187750_02_air_conditioner_fold4_146709_44.wav,11.151,output_v4/clean_drone_segments/klemenflerin-drone-fly-397287_0010000_0247920_seg_050_0183750_0187750.wav,klemenflerin-drone-fly-397287_0010000_0247920,train
output_v4/background_pool/engine_idling_fold2_106015_20.wav,engine_idling_engine,augmented,output_v4/train/drone/aug_klemenflerin-drone-fly-397287_0010000_0247920_seg_050_0183750_0187750_03_engine_idling_fold2_106015_20.wav,0.376,output_v4/clean_drone_segments/klemenflerin-drone-fly-397287_0010000_0247920_seg_050_0183750_0187750.wav,klemenflerin-drone-fly-397287_0010000_0247920,train
,,clean,output_v4/train/drone/clean_klemenflerin-drone-fly-397287_0010000_0247920_seg_051_0187500_0191500.wav,,output_v4/clean_drone_segments/klemenflerin-drone-fly-397287_0010000_0247920_seg_051_0187500_0191500.wav,klemenflerin-drone-fly-397287_0010000_0247920,train
output_v4/background_pool/drilling_fold2_76086_43.wav,drilling_drilling,augmented,output_v4/train/drone/aug_klemenflerin-drone-fly-397287_0010000_0247920_seg_051_0187500_0191500_00_drilling_fold2_76086_43.wav,7.738,output_v4/clean_drone_segments/klemenflerin-drone-fly-397287_0010000_0247920_seg_051_0187500_0191500.wav,klemenflerin-drone-fly-397287_0010000_0247920,train
output_v4/background_pool/engine_idling_fold9_62567_6.wav,engine_idling_engine,augmented,output_v4/train/drone/aug_klemenflerin-drone-fly-397287_0010000_0247920_seg_051_0187500_0191500_01_engine_idling_fold9_62567_6.wav,1.413,output_v4/clean_drone_segments/klemenflerin-drone-fly-397287_0010000_0247920_seg_051_0187500_0191500.wav,klemenflerin-drone-fly-397287_0010000_0247920,train
output_v4/background_pool/siren_fold1_118279_6.wav,siren_siren,augmented,output_v4/train/drone/aug_klemenflerin-drone-fly-397287_0010000_0247920_seg_051_0187500_0191500_02_siren_fold1_118279_6.wav,0.642,output_v4/clean_drone_segments/klemenflerin-drone-fly-397287_0010000_0247920_seg_051_0187500_0191500.wav,klemenflerin-drone-fly-397287_0010000_0247920,train
output_v4/background_pool/siren_fold4_159752_2.wav,siren_siren,augmented,output_v4/train/drone/aug_klemenflerin-drone-fly-397287_0010000_0247920_seg_051_0187500_0191500_03_siren_fold4_159752_2.wav,-1.986,output_v4/clean_drone_segments/klemenflerin-drone-fly-397287_0010000_0247920_seg_051_0187500_0191500.wav,klemenflerin-drone-fly-397287_0010000_0247920,train
,,clean,output_v4/train/drone/clean_klemenflerin-drone-fly-397287_0010000_0247920_seg_052_0191250_0195250.wav,,output_v4/clean_drone_segments/klemenflerin-drone-fly-397287_0010000_0247920_seg_052_0191250_0195250.wav,klemenflerin-drone-fly-397287_0010000_0247920,train
output_v4/background_pool/siren_fold8_133473_5.wav,siren_siren,augmented,output_v4/train/drone/aug_klemenflerin-drone-fly-397287_0010000_0247920_seg_052_0191250_0195250_00_siren_fold8_133473_5.wav,4.968,output_v4/clean_drone_segments/klemenflerin-drone-fly-397287_0010000_0247920_seg_052_0191250_0195250.wav,klemenflerin-drone-fly-397287_0010000_0247920,train
output_v4/background_pool/jackhammer_fold1_103074_5.wav,jackhammer_jackhammer,augmented,output_v4/train/drone/aug_klemenflerin-drone-fly-397287_0010000_0247920_seg_052_0191250_0195250_01_jackhammer_fold1_103074_5.wav,14.033,output_v4/clean_drone_segments/klemenflerin-drone-fly-397287_0010000_0247920_seg_052_0191250_0195250.wav,klemenflerin-drone-fly-397287_0010000_0247920,train
output_v4/background_pool/siren_fold5_203913_4.wav,siren_siren,augmented,output_v4/train/drone/aug_klemenflerin-drone-fly-397287_0010000_0247920_seg_052_0191250_0195250_02_siren_fold5_203913_4.wav,-1.156,output_v4/clean_drone_segments/klemenflerin-drone-fly-397287_0010000_0247920_seg_052_0191250_0195250.wav,klemenflerin-drone-fly-397287_0010000_0247920,train
output_v4/background_pool/siren_fold2_91396_1.wav,siren_siren,augmented,output_v4/train/drone/aug_klemenflerin-drone-fly-397287_0010000_0247920_seg_052_0191250_0195250_03_siren_fold2_91396_1.wav,10.363,output_v4/clean_drone_segments/klemenflerin-drone-fly-397287_0010000_0247920_seg_052_0191250_0195250.wav,klemenflerin-drone-fly-397287_0010000_0247920,train
,,clean,output_v4/train/drone/clean_klemenflerin-drone-fly-397287_0010000_0247920_seg_053_0195000_0199000.wav,,output_v4/clean_drone_segments/klemenflerin-drone-fly-397287_0010000_0247920_seg_053_0195000_0199000.wav,klemenflerin-drone-fly-397287_0010000_0247920,train
output_v4/background_pool/engine_idling_fold9_103249_12.wav,engine_idling_engine,augmented,output_v4/train/drone/aug_klemenflerin-drone-fly-397287_0010000_0247920_seg_053_0195000_0199000_00_engine_idling_fold9_103249_12.wav,-1.016,output_v4/clean_drone_segments/klemenflerin-drone-fly-397287_0010000_0247920_seg_053_0195000_0199000.wav,klemenflerin-drone-fly-397287_0010000_0247920,train
output_v4/background_pool/jackhammer_fold8_24728_0.wav,jackhammer_jackhammer,augmented,output_v4/train/drone/aug_klemenflerin-drone-fly-397287_0010000_0247920_seg_053_0195000_0199000_01_jackhammer_fold8_24728_0.wav,4.457,output_v4/clean_drone_segments/klemenflerin-drone-fly-397287_0010000_0247920_seg_053_0195000_0199000.wav,klemenflerin-drone-fly-397287_0010000_0247920,train
output_v4/background_pool/siren_fold4_159751_0.wav,siren_siren,augmented,output_v4/train/drone/aug_klemenflerin-drone-fly-397287_0010000_0247920_seg_053_0195000_0199000_02_siren_fold4_159751_0.wav,9.565,output_v4/clean_drone_segments/klemenflerin-drone-fly-397287_0010000_0247920_seg_053_0195000_0199000.wav,klemenflerin-drone-fly-397287_0010000_0247920,train
output_v4/background_pool/jackhammer_fold8_125678_2.wav,jackhammer_jackhammer,augmented,output_v4/train/drone/aug_klemenflerin-drone-fly-397287_0010000_0247920_seg_053_0195000_0199000_03_jackhammer_fold8_125678_2.wav,7.77,output_v4/clean_drone_segments/klemenflerin-drone-fly-397287_0010000_0247920_seg_053_0195000_0199000.wav,klemenflerin-drone-fly-397287_0010000_0247920,train
,,clean,output_v4/train/drone/clean_klemenflerin-drone-fly-397287_0010000_0247920_seg_054_0198750_0202750.wav,,output_v4/clean_drone_segments/klemenflerin-drone-fly-397287_0010000_0247920_seg_054_0198750_0202750.wav,klemenflerin-drone-fly-397287_0010000_0247920,train
output_v4/background_pool/engine_idling_fold10_39847_5.wav,engine_idling_engine,augmented,output_v4/train/drone/aug_klemenflerin-drone-fly-397287_0010000_0247920_seg_054_0198750_0202750_00_engine_idling_fold10_39847_5.wav,-2.741,output_v4/clean_drone_segments/klemenflerin-drone-fly-397287_0010000_0247920_seg_054_0198750_0202750.wav,klemenflerin-drone-fly-397287_0010000_0247920,train
output_v4/background_pool/engine_idling_fold6_78651_12.wav,engine_idling_engine,augmented,output_v4/train/drone/aug_klemenflerin-drone-fly-397287_0010000_0247920_seg_054_0198750_0202750_01_engine_idling_fold6_78651_12.wav,6.694,output_v4/clean_drone_segments/klemenflerin-drone-fly-397287_0010000_0247920_seg_054_0198750_0202750.wav,klemenflerin-drone-fly-397287_0010000_0247920,train
output_v4/background_pool/air_conditioner_fold9_165454_8.wav,air_conditioner_air,augmented,output_v4/train/drone/aug_klemenflerin-drone-fly-397287_0010000_0247920_seg_054_0198750_0202750_02_air_conditioner_fold9_165454_8.wav,10.67,output_v4/clean_drone_segments/klemenflerin-drone-fly-397287_0010000_0247920_seg_054_0198750_0202750.wav,klemenflerin-drone-fly-397287_0010000_0247920,train
output_v4/background_pool/jackhammer_fold1_180937_14.wav,jackhammer_jackhammer,augmented,output_v4/train/drone/aug_klemenflerin-drone-fly-397287_0010000_0247920_seg_054_0198750_0202750_03_jackhammer_fold1_180937_14.wav,-1.846,output_v4/clean_drone_segments/klemenflerin-drone-fly-397287_0010000_0247920_seg_054_0198750_0202750.wav,klemenflerin-drone-fly-397287_0010000_0247920,train
,,clean,output_v4/train/drone/clean_klemenflerin-drone-fly-397287_0010000_0247920_seg_055_0202500_0206500.wav,,output_v4/clean_drone_segments/klemenflerin-drone-fly-397287_0010000_0247920_seg_055_0202500_0206500.wav,klemenflerin-drone-fly-397287_0010000_0247920,train
output_v4/background_pool/jackhammer_fold9_188823_4.wav,jackhammer_jackhammer,augmented,output_v4/train/drone/aug_klemenflerin-drone-fly-397287_0010000_0247920_seg_055_0202500_0206500_00_jackhammer_fold9_188823_4.wav,7.503,output_v4/clean_drone_segments/klemenflerin-drone-fly-397287_0010000_0247920_seg_055_0202500_0206500.wav,klemenflerin-drone-fly-397287_0010000_0247920,train
output_v4/background_pool/jackhammer_fold1_180937_14.wav,jackhammer_jackhammer,augmented,output_v4/train/drone/aug_klemenflerin-drone-fly-397287_0010000_0247920_seg_055_0202500_0206500_01_jackhammer_fold1_180937_14.wav,-2.483,output_v4/clean_drone_segments/klemenflerin-drone-fly-397287_0010000_0247920_seg_055_0202500_0206500.wav,klemenflerin-drone-fly-397287_0010000_0247920,train
output_v4/background_pool/siren_fold1_157867_26.wav,siren_siren,augmented,output_v4/train/drone/aug_klemenflerin-drone-fly-397287_0010000_0247920_seg_055_0202500_0206500_02_siren_fold1_157867_26.wav,11.111,output_v4/clean_drone_segments/klemenflerin-drone-fly-397287_0010000_0247920_seg_055_0202500_0206500.wav,klemenflerin-drone-fly-397287_0010000_0247920,train
output_v4/background_pool/air_conditioner_fold1_134717_25.wav,air_conditioner_air,augmented,output_v4/train/drone/aug_klemenflerin-drone-fly-397287_0010000_0247920_seg_055_0202500_0206500_03_air_conditioner_fold1_134717_25.wav,9.488,output_v4/clean_drone_segments/klemenflerin-drone-fly-397287_0010000_0247920_seg_055_0202500_0206500.wav,klemenflerin-drone-fly-397287_0010000_0247920,train
,,clean,output_v4/train/drone/clean_klemenflerin-drone-fly-397287_0010000_0247920_seg_056_0206250_0210250.wav,,output_v4/clean_drone_segments/klemenflerin-drone-fly-397287_0010000_0247920_seg_056_0206250_0210250.wav,klemenflerin-drone-fly-397287_0010000_0247920,train
output_v4/background_pool/drilling_fold1_55020_13.wav,drilling_drilling,augmented,output_v4/train/drone/aug_klemenflerin-drone-fly-397287_0010000_0247920_seg_056_0206250_0210250_00_drilling_fold1_55020_13.wav,0.894,output_v4/clean_drone_segments/klemenflerin-drone-fly-397287_0010000_0247920_seg_056_0206250_0210250.wav,klemenflerin-drone-fly-397287_0010000_0247920,train
output_v4/background_pool/drilling_fold6_71079_0.wav,drilling_drilling,augmented,output_v4/train/drone/aug_klemenflerin-drone-fly-397287_0010000_0247920_seg_056_0206250_0210250_01_drilling_fold6_71079_0.wav,1.474,output_v4/clean_drone_segments/klemenflerin-drone-fly-397287_0010000_0247920_seg_056_0206250_0210250.wav,klemenflerin-drone-fly-397287_0010000_0247920,train
output_v4/background_pool/us8k_siren_siren_fold2_102871_0.wav,us8k_siren,augmented,output_v4/train/drone/aug_klemenflerin-drone-fly-397287_0010000_0247920_seg_056_0206250_0210250_02_us8k_siren_siren_fold2_102871_0.wav,3.988,output_v4/clean_drone_segments/klemenflerin-drone-fly-397287_0010000_0247920_seg_056_0206250_0210250.wav,klemenflerin-drone-fly-397287_0010000_0247920,train
output_v4/background_pool/engine_idling_fold10_39847_0.wav,engine_idling_engine,augmented,output_v4/train/drone/aug_klemenflerin-drone-fly-397287_0010000_0247920_seg_056_0206250_0210250_03_engine_idling_fold10_39847_0.wav,7.761,output_v4/clean_drone_segments/klemenflerin-drone-fly-397287_0010000_0247920_seg_056_0206250_0210250.wav,klemenflerin-drone-fly-397287_0010000_0247920,train
,,clean,output_v4/train/drone/clean_klemenflerin-drone-fly-397287_0010000_0247920_seg_057_0210000_0214000.wav,,output_v4/clean_drone_segments/klemenflerin-drone-fly-397287_0010000_0247920_seg_057_0210000_0214000.wav,klemenflerin-drone-fly-397287_0010000_0247920,train
output_v4/background_pool/jackhammer_fold10_188813_0.wav,jackhammer_jackhammer,augmented,output_v4/train/drone/aug_klemenflerin-drone-fly-397287_0010000_0247920_seg_057_0210000_0214000_00_jackhammer_fold10_188813_0.wav,2.282,output_v4/clean_drone_segments/klemenflerin-drone-fly-397287_0010000_0247920_seg_057_0210000_0214000.wav,klemenflerin-drone-fly-397287_0010000_0247920,train
output_v4/background_pool/air_conditioner_fold8_177726_33.wav,air_conditioner_air,augmented,output_v4/train/drone/aug_klemenflerin-drone-fly-397287_0010000_0247920_seg_057_0210000_0214000_01_air_conditioner_fold8_177726_33.wav,5.779,output_v4/clean_drone_segments/klemenflerin-drone-fly-397287_0010000_0247920_seg_057_0210000_0214000.wav,klemenflerin-drone-fly-397287_0010000_0247920,train
output_v4/background_pool/siren_fold10_159742_12.wav,siren_siren,augmented,output_v4/train/drone/aug_klemenflerin-drone-fly-397287_0010000_0247920_seg_057_0210000_0214000_02_siren_fold10_159742_12.wav,-1.917,output_v4/clean_drone_segments/klemenflerin-drone-fly-397287_0010000_0247920_seg_057_0210000_0214000.wav,klemenflerin-drone-fly-397287_0010000_0247920,train
output_v4/background_pool/jackhammer_fold3_62837_9.wav,jackhammer_jackhammer,augmented,output_v4/train/drone/aug_klemenflerin-drone-fly-397287_0010000_0247920_seg_057_0210000_0214000_03_jackhammer_fold3_62837_9.wav,5.464,output_v4/clean_drone_segments/klemenflerin-drone-fly-397287_0010000_0247920_seg_057_0210000_0214000.wav,klemenflerin-drone-fly-397287_0010000_0247920,train
,,clean,output_v4/train/drone/clean_klemenflerin-drone-fly-397287_0010000_0247920_seg_058_0213750_0217750.wav,,output_v4/clean_drone_segments/klemenflerin-drone-fly-397287_0010000_0247920_seg_058_0213750_0217750.wav,klemenflerin-drone-fly-397287_0010000_0247920,train
output_v4/background_pool/us8k_engine_idling_engine_idling_fold7_123685_4.wav,us8k_engine,augmented,output_v4/train/drone/aug_klemenflerin-drone-fly-397287_0010000_0247920_seg_058_0213750_0217750_00_us8k_engine_idling_engine_idling_fold7_123685_4.wav,-2.859,output_v4/clean_drone_segments/klemenflerin-drone-fly-397287_0010000_0247920_seg_058_0213750_0217750.wav,klemenflerin-drone-fly-397287_0010000_0247920,train
output_v4/background_pool/jackhammer_fold1_103074_5.wav,jackhammer_jackhammer,augmented,output_v4/train/drone/aug_klemenflerin-drone-fly-397287_0010000_0247920_seg_058_0213750_0217750_01_jackhammer_fold1_103074_5.wav,8.158,output_v4/clean_drone_segments/klemenflerin-drone-fly-397287_0010000_0247920_seg_058_0213750_0217750.wav,klemenflerin-drone-fly-397287_0010000_0247920,train
output_v4/background_pool/siren_fold4_159751_4.wav,siren_siren,augmented,output_v4/train/drone/aug_klemenflerin-drone-fly-397287_0010000_0247920_seg_058_0213750_0217750_02_siren_fold4_159751_4.wav,9.357,output_v4/clean_drone_segments/klemenflerin-drone-fly-397287_0010000_0247920_seg_058_0213750_0217750.wav,klemenflerin-drone-fly-397287_0010000_0247920,train
output_v4/background_pool/engine_idling_fold1_44736_1.wav,engine_idling_engine,augmented,output_v4/train/drone/aug_klemenflerin-drone-fly-397287_0010000_0247920_seg_058_0213750_0217750_03_engine_idling_fold1_44736_1.wav,11.642,output_v4/clean_drone_segments/klemenflerin-drone-fly-397287_0010000_0247920_seg_058_0213750_0217750.wav,klemenflerin-drone-fly-397287_0010000_0247920,train
,,clean,output_v4/train/drone/clean_klemenflerin-drone-fly-397287_0010000_0247920_seg_059_0217500_0221500.wav,,output_v4/clean_drone_segments/klemenflerin-drone-fly-397287_0010000_0247920_seg_059_0217500_0221500.wav,klemenflerin-drone-fly-397287_0010000_0247920,train
output_v4/background_pool/air_conditioner_fold1_177621_47.wav,air_conditioner_air,augmented,output_v4/train/drone/aug_klemenflerin-drone-fly-397287_0010000_0247920_seg_059_0217500_0221500_00_air_conditioner_fold1_177621_47.wav,12.809,output_v4/clean_drone_segments/klemenflerin-drone-fly-397287_0010000_0247920_seg_059_0217500_0221500.wav,klemenflerin-drone-fly-397287_0010000_0247920,train
output_v4/background_pool/siren_fold9_157866_8.wav,siren_siren,augmented,output_v4/train/drone/aug_klemenflerin-drone-fly-397287_0010000_0247920_seg_059_0217500_0221500_01_siren_fold9_157866_8.wav,-4.187,output_v4/clean_drone_segments/klemenflerin-drone-fly-397287_0010000_0247920_seg_059_0217500_0221500.wav,klemenflerin-drone-fly-397287_0010000_0247920,train
output_v4/background_pool/siren_fold3_22601_16.wav,siren_siren,augmented,output_v4/train/drone/aug_klemenflerin-drone-fly-397287_0010000_0247920_seg_059_0217500_0221500_02_siren_fold3_22601_16.wav,5.39,output_v4/clean_drone_segments/klemenflerin-drone-fly-397287_0010000_0247920_seg_059_0217500_0221500.wav,klemenflerin-drone-fly-397287_0010000_0247920,train
output_v4/background_pool/engine_idling_fold7_194962_1.wav,engine_idling_engine,augmented,output_v4/train/drone/aug_klemenflerin-drone-fly-397287_0010000_0247920_seg_059_0217500_0221500_03_engine_idling_fold7_194962_1.wav,5.524,output_v4/clean_drone_segments/klemenflerin-drone-fly-397287_0010000_0247920_seg_059_0217500_0221500.wav,klemenflerin-drone-fly-397287_0010000_0247920,train
,,clean,output_v4/train/drone/clean_klemenflerin-drone-fly-397287_0010000_0247920_seg_060_0221250_0225250.wav,,output_v4/clean_drone_segments/klemenflerin-drone-fly-397287_0010000_0247920_seg_060_0221250_0225250.wav,klemenflerin-drone-fly-397287_0010000_0247920,train
output_v4/background_pool/engine_idling_fold2_201652_4.wav,engine_idling_engine,augmented,output_v4/train/drone/aug_klemenflerin-drone-fly-397287_0010000_0247920_seg_060_0221250_0225250_00_engine_idling_fold2_201652_4.wav,9.922,output_v4/clean_drone_segments/klemenflerin-drone-fly-397287_0010000_0247920_seg_060_0221250_0225250.wav,klemenflerin-drone-fly-397287_0010000_0247920,train
output_v4/background_pool/engine_idling_fold5_17578_7.wav,engine_idling_engine,augmented,output_v4/train/drone/aug_klemenflerin-drone-fly-397287_0010000_0247920_seg_060_0221250_0225250_01_engine_idling_fold5_17578_7.wav,8.305,output_v4/clean_drone_segments/klemenflerin-drone-fly-397287_0010000_0247920_seg_060_0221250_0225250.wav,klemenflerin-drone-fly-397287_0010000_0247920,train
output_v4/background_pool/jackhammer_fold9_105029_14.wav,jackhammer_jackhammer,augmented,output_v4/train/drone/aug_klemenflerin-drone-fly-397287_0010000_0247920_seg_060_0221250_0225250_02_jackhammer_fold9_105029_14.wav,5.094,output_v4/clean_drone_segments/klemenflerin-drone-fly-397287_0010000_0247920_seg_060_0221250_0225250.wav,klemenflerin-drone-fly-397287_0010000_0247920,train
output_v4/background_pool/siren_fold1_118279_6.wav,siren_siren,augmented,output_v4/train/drone/aug_klemenflerin-drone-fly-397287_0010000_0247920_seg_060_0221250_0225250_03_siren_fold1_118279_6.wav,2.046,output_v4/clean_drone_segments/klemenflerin-drone-fly-397287_0010000_0247920_seg_060_0221250_0225250.wav,klemenflerin-drone-fly-397287_0010000_0247920,train
,,clean,output_v4/train/drone/clean_klemenflerin-drone-fly-397287_0010000_0247920_seg_061_0225000_0229000.wav,,output_v4/clean_drone_segments/klemenflerin-drone-fly-397287_0010000_0247920_seg_061_0225000_0229000.wav,klemenflerin-drone-fly-397287_0010000_0247920,train
output_v4/background_pool/engine_idling_fold6_78651_12.wav,engine_idling_engine,augmented,output_v4/train/drone/aug_klemenflerin-drone-fly-397287_0010000_0247920_seg_061_0225000_0229000_00_engine_idling_fold6_78651_12.wav,7.665,output_v4/clean_drone_segments/klemenflerin-drone-fly-397287_0010000_0247920_seg_061_0225000_0229000.wav,klemenflerin-drone-fly-397287_0010000_0247920,train
output_v4/background_pool/air_conditioner_fold8_177726_33.wav,air_conditioner_air,augmented,output_v4/train/drone/aug_klemenflerin-drone-fly-397287_0010000_0247920_seg_061_0225000_0229000_01_air_conditioner_fold8_177726_33.wav,-0.721,output_v4/clean_drone_segments/klemenflerin-drone-fly-397287_0010000_0247920_seg_061_0225000_0229000.wav,klemenflerin-drone-fly-397287_0010000_0247920,train
output_v4/background_pool/siren_fold4_159751_4.wav,siren_siren,augmented,output_v4/train/drone/aug_klemenflerin-drone-fly-397287_0010000_0247920_seg_061_0225000_0229000_02_siren_fold4_159751_4.wav,14.196,output_v4/clean_drone_segments/klemenflerin-drone-fly-397287_0010000_0247920_seg_061_0225000_0229000.wav,klemenflerin-drone-fly-397287_0010000_0247920,train
output_v4/background_pool/jackhammer_fold1_103074_5.wav,jackhammer_jackhammer,augmented,output_v4/train/drone/aug_klemenflerin-drone-fly-397287_0010000_0247920_seg_061_0225000_0229000_03_jackhammer_fold1_103074_5.wav,5.352,output_v4/clean_drone_segments/klemenflerin-drone-fly-397287_0010000_0247920_seg_061_0225000_0229000.wav,klemenflerin-drone-fly-397287_0010000_0247920,train
,,clean,output_v4/train/drone/clean_klemenflerin-drone-fly-397287_0010000_0247920_seg_062_0228750_0232750.wav,,output_v4/clean_drone_segments/klemenflerin-drone-fly-397287_0010000_0247920_seg_062_0228750_0232750.wav,klemenflerin-drone-fly-397287_0010000_0247920,train
output_v4/background_pool/siren_fold3_22601_16.wav,siren_siren,augmented,output_v4/train/drone/aug_klemenflerin-drone-fly-397287_0010000_0247920_seg_062_0228750_0232750_00_siren_fold3_22601_16.wav,-0.704,output_v4/clean_drone_segments/klemenflerin-drone-fly-397287_0010000_0247920_seg_062_0228750_0232750.wav,klemenflerin-drone-fly-397287_0010000_0247920,train
output_v4/background_pool/drilling_fold3_63095_19.wav,drilling_drilling,augmented,output_v4/train/drone/aug_klemenflerin-drone-fly-397287_0010000_0247920_seg_062_0228750_0232750_01_drilling_fold3_63095_19.wav,6.413,output_v4/clean_drone_segments/klemenflerin-drone-fly-397287_0010000_0247920_seg_062_0228750_0232750.wav,klemenflerin-drone-fly-397287_0010000_0247920,train
output_v4/background_pool/jackhammer_fold8_24728_0.wav,jackhammer_jackhammer,augmented,output_v4/train/drone/aug_klemenflerin-drone-fly-397287_0010000_0247920_seg_062_0228750_0232750_02_jackhammer_fold8_24728_0.wav,-2.232,output_v4/clean_drone_segments/klemenflerin-drone-fly-397287_0010000_0247920_seg_062_0228750_0232750.wav,klemenflerin-drone-fly-397287_0010000_0247920,train
output_v4/background_pool/drilling_fold6_66623_6.wav,drilling_drilling,augmented,output_v4/train/drone/aug_klemenflerin-drone-fly-397287_0010000_0247920_seg_062_0228750_0232750_03_drilling_fold6_66623_6.wav,1.006,output_v4/clean_drone_segments/klemenflerin-drone-fly-397287_0010000_0247920_seg_062_0228750_0232750.wav,klemenflerin-drone-fly-397287_0010000_0247920,train
,,clean,output_v4/train/drone/clean_klemenflerin-drone-fly-397287_0010000_0247920_seg_063_0232500_0235154.wav,,output_v4/clean_drone_segments/klemenflerin-drone-fly-397287_0010000_0247920_seg_063_0232500_0235154.wav,klemenflerin-drone-fly-397287_0010000_0247920,train
output_v4/background_pool/siren_fold2_159750_5.wav,siren_siren,augmented,output_v4/train/drone/aug_klemenflerin-drone-fly-397287_0010000_0247920_seg_063_0232500_0235154_00_siren_fold2_159750_5.wav,10.858,output_v4/clean_drone_segments/klemenflerin-drone-fly-397287_0010000_0247920_seg_063_0232500_0235154.wav,klemenflerin-drone-fly-397287_0010000_0247920,train
output_v4/background_pool/engine_idling_fold5_17578_7.wav,engine_idling_engine,augmented,output_v4/train/drone/aug_klemenflerin-drone-fly-397287_0010000_0247920_seg_063_0232500_0235154_01_engine_idling_fold5_17578_7.wav,9.616,output_v4/clean_drone_segments/klemenflerin-drone-fly-397287_0010000_0247920_seg_063_0232500_0235154.wav,klemenflerin-drone-fly-397287_0010000_0247920,train
output_v4/background_pool/engine_idling_fold1_113205_4.wav,engine_idling_engine,augmented,output_v4/train/drone/aug_klemenflerin-drone-fly-397287_0010000_0247920_seg_063_0232500_0235154_02_engine_idling_fold1_113205_4.wav,12.596,output_v4/clean_drone_segments/klemenflerin-drone-fly-397287_0010000_0247920_seg_063_0232500_0235154.wav,klemenflerin-drone-fly-397287_0010000_0247920,train
output_v4/background_pool/air_conditioner_fold9_101729_11.wav,air_conditioner_air,augmented,output_v4/train/drone/aug_klemenflerin-drone-fly-397287_0010000_0247920_seg_063_0232500_0235154_03_air_conditioner_fold9_101729_11.wav,7.046,output_v4/clean_drone_segments/klemenflerin-drone-fly-397287_0010000_0247920_seg_063_0232500_0235154.wav,klemenflerin-drone-fly-397287_0010000_0247920,train
